GAME_ID,TEAM_ID,TEAM_NAME,TEAM_ABBREVIATION,TEAM_CITY,STARTERS_BENCH,MIN,FGM,FGA,FG_PCT,FG3M,FG3A,FG3_PCT,FTM,FTA,FT_PCT,OREB,DREB,REB,AST,STL,BLK,TO,PF,PTS
22201154,1610612739,Cavaliers,CLE,Cleveland,Starters,180:20,36,68,0.529,12,23,0.522,9,11,0.818,1,24,25,27,2,7,9,13,93
22201154,1610612752,Knicks,NYK,New York,Starters,144:22,37,70,0.529,14,29,0.483,10,14,0.714,13,16,29,14,3,2,5,8,98
22201154,1610612739,CLE,Cleveland,cavaliers,Bench,59:40,8,18,0.444,5,14,0.357,2,2,1.0,2,6,8,6,0,2,1,8,23
22201154,1610612752,NYK,New York,knicks,Bench,95:38,12,23,0.522,3,7,0.429,5,10,0.5,3,16,19,10,3,3,2,4,32
22201148,1610612741,Bulls,CHI,Chicago,Starters,136:16,30,57,0.526,6,17,0.353,15,18,0.833,4,19,23,12,5,2,2,5,81
22201148,1610612766,Hornets,CHA,Charlotte,Starters,137:59,20,44,0.455,5,17,0.294,2,5,0.4,1,20,21,18,2,2,11,11,47
22201148,1610612741,CHI,Chicago,bulls,Bench,103:44,15,31,0.484,7,14,0.5,3,4,0.75,5,14,19,13,7,2,5,8,40
22201148,1610612766,CHA,Charlotte,hornets,Bench,102:01,15,33,0.455,9,20,0.45,5,5,1.0,3,12,15,9,1,3,10,10,44
22201160,1610612743,Nuggets,DEN,Denver,Starters,158:40,29,66,0.439,4,17,0.235,9,18,0.5,11,20,31,14,10,2,6,8,71
22201160,1610612756,Suns,PHX,Phoenix,Starters,158:30,31,63,0.492,9,21,0.429,13,17,0.765,3,24,27,22,5,2,15,12,84
22201160,1610612743,DEN,Denver,nuggets,Bench,81:20,9,29,0.31,2,9,0.222,2,2,1.0,4,16,20,5,1,3,5,8,22
22201160,1610612756,PHX,Phoenix,suns,Bench,81:30,6,25,0.24,1,6,0.167,3,4,0.75,10,14,24,6,3,5,1,4,16
22201153,1610612737,Hawks,ATL,Atlanta,Starters,145:47,23,57,0.404,3,21,0.143,9,11,0.818,8,12,20,14,5,0,6,6,58
22201153,1610612751,Nets,BKN,Brooklyn,Starters,156:33,39,63,0.619,11,22,0.5,11,13,0.846,9,25,34,25,7,3,8,10,100
22201153,1610612737,ATL,Atlanta,hawks,Bench,94:14,16,34,0.471,5,16,0.313,12,12,1.0,8,18,26,9,1,3,5,8,49
22201153,1610612751,BKN,Brooklyn,nets,Bench,83:29,10,25,0.4,4,11,0.364,0,0,0.0,0,7,7,8,2,0,4,7,24
22201157,1610612747,Lakers,LAL,Los Angeles,Starters,161:55,36,74,0.486,6,14,0.429,17,22,0.773,13,26,39,20,6,4,12,8,95
22201157,1610612750,Timberwolves,MIN,Minnesota,Starters,174:06,31,68,0.456,11,26,0.423,15,17,0.882,10,21,31,16,7,1,12,19,88
22201157,1610612747,LAL,Los Angeles,lakers,Bench,78:05,9,16,0.563,3,8,0.375,7,8,0.875,2,12,14,8,4,1,4,9,28
22201157,1610612750,MIN,Minnesota,timberwolves,Bench,65:54,10,27,0.37,2,13,0.154,1,2,0.5,2,6,8,9,3,3,4,3,23
22201152,1610612738,Celtics,BOS,Boston,Starters,151:14,29,72,0.403,11,37,0.297,19,20,0.95,8,21,29,16,7,1,8,11,88
22201152,1610612762,Jazz,UTA,Utah,Starters,156:10,31,68,0.456,5,20,0.25,13,13,1.0,11,26,37,15,1,4,11,8,80
22201152,1610612738,BOS,Boston,celtics,Bench,88:46,13,24,0.542,6,14,0.429,2,2,1.0,2,11,13,11,1,3,3,3,34
22201152,1610612762,UTA,Utah,jazz,Bench,83:50,15,28,0.536,4,9,0.444,0,1,0.0,2,13,15,8,2,3,7,9,34
22201159,1610612757,Trail Blazers,POR,Portland,Starters,140:44,27,51,0.529,9,21,0.429,12,18,0.667,7,14,21,15,6,5,13,7,75
22201159,1610612758,Kings,SAC,Sacramento,Starters,139:47,32,54,0.593,10,22,0.455,11,15,0.733,7,20,27,24,6,4,9,12,85
22201159,1610612757,POR,Portland,blazers,Bench,99:16,13,34,0.382,10,17,0.588,3,5,0.6,2,10,12,14,3,1,5,8,39
22201159,1610612758,SAC,Sacramento,kings,Bench,100:15,22,34,0.647,9,17,0.529,0,0,0.0,1,13,14,14,5,3,4,9,53
22201150,1610612755,76ers,PHI,Philadelphia,Starters,165:30,29,51,0.569,8,21,0.381,17,19,0.895,5,20,25,22,5,3,13,11,83
22201150,1610612761,Raptors,TOR,Toronto,Starters,198:04,35,71,0.493,7,22,0.318,16,21,0.762,12,19,31,26,6,2,13,17,93
22201150,1610612755,PHI,Philadelphia,sixers,Bench,74:30,12,22,0.545,4,10,0.4,6,6,1.0,4,8,12,6,2,3,3,9,34
22201150,1610612761,TOR,Toronto,raptors,Bench,41:56,7,13,0.538,1,4,0.25,2,2,1.0,2,1,3,0,0,1,0,2,17
22201151,1610612753,Magic,ORL,Orlando,Starters,146:04,32,63,0.508,6,16,0.375,16,20,0.8,5,27,32,15,0,9,7,10,86
22201151,1610612764,Wizards,WAS,Washington,Starters,152:05,28,62,0.452,12,29,0.414,8,10,0.8,11,23,34,14,3,2,4,14,76
22201151,1610612753,ORL,Orlando,magic,Bench,93:56,12,25,0.48,2,8,0.25,4,6,0.667,1,15,16,11,2,5,3,6,30
22201151,1610612764,WAS,Washington,wizards,Bench,87:55,13,43,0.302,5,21,0.238,2,2,1.0,4,13,17,10,2,3,8,10,33
22201155,1610612745,Rockets,HOU,Houston,Starters,181:32,34,65,0.523,10,26,0.385,30,41,0.732,8,26,34,15,4,4,10,21,108
22201155,1610612765,Pistons,DET,Detroit,Starters,149:50,27,59,0.458,6,22,0.273,9,11,0.818,6,13,19,17,2,5,8,20,69
22201155,1610612745,HOU,Houston,rockets,Bench,58:29,4,18,0.222,1,5,0.2,4,4,1.0,6,6,12,3,5,1,2,3,13
22201155,1610612765,DET,Detroit,pistons,Bench,90:10,16,30,0.533,5,13,0.385,9,16,0.563,7,14,21,7,5,2,4,8,46
22201158,1610612744,Warriors,GSW,Golden State,Starters,144:07,31,58,0.534,14,31,0.452,10,13,0.769,5,14,19,25,2,1,11,8,86
22201158,1610612759,Spurs,SAS,San Antonio,Starters,147:13,29,64,0.453,8,21,0.381,12,16,0.75,9,19,28,17,5,2,9,10,78
22201158,1610612744,GSW,Golden State,warriors,Bench,95:54,16,35,0.457,7,18,0.389,5,8,0.625,9,17,26,12,3,3,3,10,44
22201158,1610612759,SAS,San Antonio,spurs,Bench,92:47,13,27,0.481,7,17,0.412,4,7,0.571,5,13,18,10,3,2,4,10,37
22201149,1610612754,Pacers,IND,Indiana,Starters,150:10,26,59,0.441,8,26,0.308,7,11,0.636,14,20,34,15,1,2,7,12,67
22201149,1610612760,Thunder,OKC,Oklahoma City,Starters,152:43,30,60,0.5,1,11,0.091,25,29,0.862,7,28,35,15,6,1,8,16,86
22201149,1610612754,IND,Indiana,pacers,Bench,89:50,19,39,0.487,4,15,0.267,12,17,0.706,6,16,22,15,4,2,8,9,54
22201149,1610612760,OKC,Oklahoma City,thunder,Bench,87:17,12,28,0.429,3,19,0.158,4,5,0.8,4,6,10,6,4,2,2,8,31
22201156,1610612746,Clippers,LAC,LA,Starters,108:31,17,41,0.415,4,15,0.267,6,8,0.75,5,21,26,14,5,5,10,5,44
22201156,1610612763,Grizzlies,MEM,Memphis,Starters,147:42,28,61,0.459,3,16,0.188,8,12,0.667,6,22,28,16,9,5,8,9,67
22201156,1610612746,LAC,LA,clippers,Bench,131:29,17,49,0.347,7,20,0.35,9,10,0.9,7,17,24,12,0,3,7,9,50
22201156,1610612763,MEM,Memphis,grizzlies,Bench,92:18,15,35,0.429,6,17,0.353,5,5,1.0,6,17,23,9,2,2,6,7,41
22201146,1610612738,Celtics,BOS,Boston,Starters,137:06,36,62,0.581,19,31,0.613,11,12,0.917,2,24,26,17,2,1,3,7,102
22201146,1610612749,Bucks,MIL,Milwaukee,Starters,110:32,22,58,0.379,4,17,0.235,6,7,0.857,8,16,24,10,2,1,6,5,54
22201146,1610612738,BOS,Boston,celtics,Bench,102:55,15,29,0.517,3,12,0.25,5,8,0.625,5,16,21,11,6,4,5,11,38
22201146,1610612749,MIL,Milwaukee,bucks,Bench,129:28,16,43,0.372,10,26,0.385,3,6,0.5,7,14,21,12,2,0,7,11,45
22201145,1610612757,Trail Blazers,POR,Portland,Starters,186:29,24,78,0.308,8,32,0.25,9,10,0.9,8,29,37,16,3,5,14,9,65
22201145,1610612758,Kings,SAC,Sacramento,Starters,124:01,25,50,0.5,8,23,0.348,12,16,0.75,7,21,28,18,3,1,5,5,70
22201145,1610612757,POR,Portland,blazers,Bench,53:31,6,15,0.4,1,7,0.143,2,2,1.0,0,8,8,2,2,1,0,6,15
22201145,1610612758,SAC,Sacramento,kings,Bench,115:59,17,42,0.405,10,25,0.4,6,8,0.75,3,28,31,12,6,3,3,6,50
22201138,1610612748,Heat,MIA,Miami,Starters,152:55,25,55,0.455,7,22,0.318,6,8,0.75,2,21,23,16,4,0,5,5,63
22201138,1610612752,Knicks,NYK,New York,Starters,133:37,19,46,0.413,8,21,0.381,6,10,0.6,6,20,26,9,1,2,10,9,52
22201138,1610612748,MIA,Miami,heat,Bench,87:05,10,24,0.417,6,17,0.353,3,6,0.5,4,8,12,4,1,0,6,13,29
22201138,1610612752,NYK,New York,knicks,Bench,106:23,19,30,0.633,5,10,0.5,6,13,0.462,3,18,21,13,7,1,5,5,49
22201136,1610612749,Bucks,MIL,Milwaukee,Starters,149:25,47,71,0.662,5,14,0.357,22,28,0.786,11,26,37,26,4,4,12,9,121
22201136,1610612754,Pacers,IND,Indiana,Starters,156:02,35,69,0.507,10,20,0.5,13,18,0.722,3,15,18,23,6,4,4,14,93
22201136,1610612749,MIL,Milwaukee,bucks,Bench,90:34,11,22,0.5,5,11,0.455,1,2,0.5,3,12,15,2,1,1,6,9,28
22201136,1610612754,IND,Indiana,pacers,Bench,83:58,18,32,0.563,4,10,0.4,3,4,0.75,7,4,11,13,3,0,4,11,43
22201144,1610612750,Timberwolves,MIN,Minnesota,Starters,165:14,31,65,0.477,9,28,0.321,5,7,0.714,12,23,35,14,4,1,14,18,76
22201144,1610612756,Suns,PHX,Phoenix,Starters,161:21,29,70,0.414,5,16,0.313,21,26,0.808,6,20,26,15,9,4,6,11,84
22201144,1610612750,MIN,Minnesota,timberwolves,Bench,74:46,9,25,0.36,3,7,0.429,3,5,0.6,4,15,19,10,0,3,7,6,24
22201144,1610612756,PHX,Phoenix,suns,Bench,78:39,11,26,0.423,1,4,0.25,0,1,0.0,9,13,22,8,2,4,2,5,23
22201139,1610612742,Mavericks,DAL,Dallas,Starters,157:33,29,63,0.46,13,34,0.382,7,10,0.7,3,23,26,17,2,1,10,15,78
22201139,1610612755,76ers,PHI,Philadelphia,Starters,157:36,24,54,0.444,7,21,0.333,22,25,0.88,4,23,27,21,7,1,7,12,77
22201139,1610612742,DAL,Dallas,mavericks,Bench,82:27,9,20,0.45,5,12,0.417,7,8,0.875,5,9,14,7,1,2,4,7,30
22201139,1610612755,PHI,Philadelphia,sixers,Bench,82:24,13,26,0.5,10,15,0.667,3,5,0.6,7,9,16,5,2,3,3,7,39
22201141,1610612746,Clippers,LAC,LA,Starters,140:28,24,42,0.571,9,18,0.5,18,25,0.72,2,16,18,16,2,3,7,10,75
22201141,1610612763,Grizzlies,MEM,Memphis,Starters,165:34,41,76,0.539,7,23,0.304,22,26,0.846,10,21,31,21,6,4,11,14,111
22201141,1610612746,LAC,LA,clippers,Bench,99:33,24,36,0.667,13,19,0.684,5,6,0.833,1,13,14,12,6,1,8,11,66
22201141,1610612763,MEM,Memphis,grizzlies,Bench,74:26,8,19,0.421,4,9,0.444,1,2,0.5,4,10,14,5,2,0,2,6,21
22201142,1610612760,Thunder,OKC,Oklahoma City,Starters,175:17,30,68,0.441,6,19,0.316,18,23,0.783,8,21,29,16,6,1,8,12,84
22201142,1610612765,Pistons,DET,Detroit,Starters,135:17,23,49,0.469,7,16,0.438,4,4,1.0,2,24,26,18,1,2,10,14,57
22201142,1610612760,OKC,Oklahoma City,thunder,Bench,64:43,9,19,0.474,4,10,0.4,1,2,0.5,2,7,9,3,1,2,1,6,23
22201142,1610612765,DET,Detroit,pistons,Bench,104:43,17,31,0.548,9,17,0.529,6,10,0.6,8,8,16,9,0,1,7,8,49
22201143,1610612759,Spurs,SAS,San Antonio,Starters,137:34,27,56,0.482,4,18,0.222,9,12,0.75,4,12,16,16,8,3,7,10,67
22201143,1610612762,Jazz,UTA,Utah,Starters,116:36,26,51,0.51,8,21,0.381,10,11,0.909,6,13,19,15,1,5,8,6,70
22201143,1610612759,SAS,San Antonio,spurs,Bench,102:26,18,39,0.462,6,17,0.353,8,9,0.889,5,18,23,15,2,1,8,6,50
22201143,1610612762,UTA,Utah,jazz,Bench,123:24,23,39,0.59,4,10,0.4,8,9,0.889,2,24,26,13,4,1,8,11,58
22201134,1610612760,Thunder,OKC,Oklahoma City,Starters,150:20,41,70,0.586,9,22,0.409,23,29,0.793,4,24,28,20,5,1,8,11,114
22201134,1610612766,Hornets,CHA,Charlotte,Starters,162:40,39,70,0.557,12,25,0.48,15,23,0.652,9,19,28,24,6,6,10,18,105
22201134,1610612760,OKC,Oklahoma City,thunder,Bench,89:40,9,26,0.346,2,8,0.25,0,0,0.0,3,8,11,5,6,2,3,10,20
22201134,1610612766,CHA,Charlotte,hornets,Bench,77:20,13,24,0.542,2,10,0.2,4,7,0.571,6,18,24,10,0,1,8,6,32
22201133,1610612753,Magic,ORL,Orlando,Starters,144:44,28,63,0.444,11,31,0.355,10,13,0.769,4,21,25,17,5,4,6,8,77
22201133,1610612763,Grizzlies,MEM,Memphis,Starters,162:38,33,68,0.485,7,25,0.28,14,19,0.737,4,28,32,17,7,3,13,12,87
22201133,1610612753,ORL,Orlando,magic,Bench,95:16,13,37,0.351,3,18,0.167,2,2,1.0,4,18,22,7,4,4,10,7,31
22201133,1610612763,MEM,Memphis,grizzlies,Bench,77:22,9,20,0.45,5,9,0.556,3,4,0.75,3,14,17,9,4,3,3,5,26
22201135,1610612740,Pelicans,NOP,New Orleans,Starters,171:27,31,67,0.463,11,20,0.55,13,14,0.929,7,20,27,22,3,3,14,12,86
22201135,1610612744,Warriors,GSW,Golden State,Starters,158:04,33,59,0.559,15,31,0.484,9,12,0.75,4,23,27,25,8,2,12,12,90
22201135,1610612740,NOP,New Orleans,pelicans,Bench,68:33,11,23,0.478,1,7,0.143,0,0,0.0,4,10,14,8,3,1,3,6,23
22201135,1610612744,GSW,Golden State,warriors,Bench,81:56,10,23,0.435,3,9,0.333,7,10,0.7,7,7,14,7,3,2,6,6,30
22201131,1610612737,Hawks,ATL,Atlanta,Starters,167:26,28,68,0.412,8,16,0.5,12,18,0.667,8,20,28,19,3,0,9,8,76
22201131,1610612739,Cavaliers,CLE,Cleveland,Starters,196:06,41,80,0.513,7,20,0.35,15,22,0.682,10,25,35,19,4,6,6,17,104
22201131,1610612737,ATL,Atlanta,hawks,Bench,72:34,13,21,0.619,4,11,0.364,14,15,0.933,6,17,23,6,2,3,3,8,44
22201131,1610612739,CLE,Cleveland,cavaliers,Bench,43:54,6,13,0.462,2,5,0.4,0,0,0.0,0,5,5,1,1,0,2,7,14
22201130,1610612738,Celtics,BOS,Boston,Starters,138:27,29,61,0.475,8,28,0.286,6,6,1.0,1,18,19,18,3,5,9,9,72
22201130,1610612764,Wizards,WAS,Washington,Starters,162:45,41,68,0.603,10,24,0.417,7,11,0.636,3,30,33,24,5,3,5,6,99
22201130,1610612738,BOS,Boston,celtics,Bench,101:33,16,32,0.5,3,16,0.188,4,5,0.8,6,13,19,11,2,3,3,5,39
22201130,1610612764,WAS,Washington,wizards,Bench,77:15,13,31,0.419,3,13,0.231,2,2,1.0,3,7,10,9,2,0,4,7,31
22201132,1610612748,Heat,MIA,Miami,Starters,134:03,24,56,0.429,8,19,0.421,10,11,0.909,6,18,24,14,3,2,6,6,66
22201132,1610612761,Raptors,TOR,Toronto,Starters,174:49,35,68,0.515,6,26,0.231,8,8,1.0,11,21,32,29,6,3,6,10,84
22201132,1610612748,MIA,Miami,heat,Bench,105:58,8,24,0.333,2,14,0.143,8,8,1.0,6,13,19,4,3,1,9,4,26
22201132,1610612761,TOR,Toronto,raptors,Bench,65:11,10,25,0.4,2,10,0.2,0,1,0.0,4,11,15,3,2,4,3,3,22
22201128,1610612750,Timberwolves,MIN,Minnesota,Starters,176:56,30,57,0.526,5,12,0.417,19,28,0.679,9,21,30,27,5,2,4,20,84
22201128,1610612758,Kings,SAC,Sacramento,Starters,164:52,31,61,0.508,5,20,0.25,21,26,0.808,7,21,28,12,2,1,5,17,88
22201128,1610612750,MIN,Minnesota,timberwolves,Bench,63:04,14,29,0.483,4,12,0.333,3,6,0.5,2,8,10,6,1,1,2,7,35
22201128,1610612758,SAC,Sacramento,kings,Bench,75:09,8,23,0.348,0,7,0.0,11,14,0.786,5,9,14,4,2,3,5,6,27
22201119,1610612761,Raptors,TOR,Toronto,Starters,164:24,39,82,0.476,10,24,0.417,13,14,0.929,12,28,40,17,9,5,9,14,101
22201119,1610612764,Wizards,WAS,Washington,Starters,171:06,27,64,0.422,11,26,0.423,10,15,0.667,9,24,33,20,5,1,12,8,75
22201119,1610612761,TOR,Toronto,raptors,Bench,75:36,6,16,0.375,1,7,0.143,0,2,0.0,6,7,13,5,4,1,2,5,13
22201119,1610612764,WAS,Washington,wizards,Bench,68:54,11,22,0.5,5,10,0.5,2,5,0.4,3,9,12,5,1,1,4,4,29
22201121,1610612744,Warriors,GSW,Golden State,Starters,157:24,20,54,0.37,10,27,0.37,2,4,0.5,2,25,27,20,5,1,13,15,52
22201121,1610612750,Timberwolves,MIN,Minnesota,Starters,142:23,15,46,0.326,10,27,0.37,10,20,0.5,6,24,30,10,5,1,13,16,50
22201121,1610612744,GSW,Golden State,warriors,Bench,82:36,14,28,0.5,5,13,0.385,11,13,0.846,4,6,10,5,4,1,3,4,44
22201121,1610612750,MIN,Minnesota,timberwolves,Bench,97:37,19,34,0.559,7,13,0.538,4,5,0.8,3,16,19,15,5,1,4,4,49
22201115,1610612737,Hawks,ATL,Atlanta,Starters,163:32,30,67,0.448,5,19,0.263,20,24,0.833,9,26,35,23,3,4,9,10,85
22201115,1610612763,Grizzlies,MEM,Memphis,Starters,151:02,35,59,0.593,6,14,0.429,12,15,0.8,3,21,24,19,7,7,9,15,88
22201115,1610612737,ATL,Atlanta,hawks,Bench,76:28,15,31,0.484,2,12,0.167,2,2,1.0,5,8,13,4,1,1,1,5,34
22201115,1610612763,MEM,Memphis,grizzlies,Bench,88:58,13,30,0.433,7,19,0.368,2,4,0.5,3,12,15,9,1,0,2,7,35
22201114,1610612741,Bulls,CHI,Chicago,Starters,137:25,28,49,0.571,6,14,0.429,8,10,0.8,3,16,19,21,3,1,5,10,70
22201114,1610612747,Lakers,LAL,Los Angeles,Starters,160:51,25,46,0.543,7,19,0.368,10,15,0.667,5,20,25,18,5,3,11,13,67
22201114,1610612741,CHI,Chicago,bulls,Bench,102:35,19,38,0.5,8,17,0.471,2,3,0.667,5,18,23,11,5,1,4,13,48
22201114,1610612747,LAL,Los Angeles,lakers,Bench,79:09,13,29,0.448,6,17,0.353,9,13,0.692,3,10,13,6,0,1,7,5,41
22201117,1610612739,Cavaliers,CLE,Cleveland,Starters,157:57,31,56,0.554,5,14,0.357,19,22,0.864,12,19,31,16,3,7,6,9,86
22201117,1610612745,Rockets,HOU,Houston,Starters,167:45,29,62,0.468,6,20,0.3,11,14,0.786,7,13,20,15,4,1,9,14,75
22201117,1610612739,CLE,Cleveland,cavaliers,Bench,82:03,8,27,0.296,4,16,0.25,2,2,1.0,1,9,10,4,2,0,3,7,22
22201117,1610612745,HOU,Houston,rockets,Bench,72:15,6,18,0.333,0,5,0.0,4,4,1.0,5,11,16,5,2,0,7,8,16
22201111,1610612758,Kings,SAC,Sacramento,Starters,176:55,36,73,0.493,11,31,0.355,11,15,0.733,11,18,29,23,8,0,5,7,94
22201111,1610612762,Jazz,UTA,Utah,Starters,158:58,34,63,0.54,5,17,0.294,9,13,0.692,5,22,27,21,2,5,10,11,82
22201111,1610612758,SAC,Sacramento,kings,Bench,63:05,8,22,0.364,5,12,0.417,6,6,1.0,3,10,13,7,3,1,3,6,27
22201111,1610612762,UTA,Utah,jazz,Bench,81:02,13,28,0.464,4,11,0.364,1,3,0.333,6,12,18,9,1,2,6,3,31
22201112,1610612740,Pelicans,NOP,New Orleans,Starters,161:03,41,71,0.577,17,25,0.68,7,7,1.0,8,25,33,28,7,3,8,15,106
22201112,1610612746,Clippers,LAC,LA,Starters,117:01,20,43,0.465,4,15,0.267,12,15,0.8,1,18,19,13,3,2,8,6,56
22201112,1610612740,NOP,New Orleans,pelicans,Bench,78:57,10,25,0.4,4,9,0.444,1,2,0.5,4,8,12,8,4,0,7,6,25
22201112,1610612746,LAC,LA,clippers,Bench,122:59,19,32,0.594,11,18,0.611,5,6,0.833,1,11,12,16,6,4,11,8,54
22201107,1610612737,Hawks,ATL,Atlanta,Starters,147:53,32,56,0.571,3,9,0.333,14,16,0.875,7,21,28,23,5,4,7,7,81
22201107,1610612754,Pacers,IND,Indiana,Starters,128:57,26,45,0.578,5,15,0.333,3,3,1.0,5,8,13,21,5,3,7,9,60
22201107,1610612737,ATL,Atlanta,hawks,Bench,92:07,21,40,0.525,12,21,0.571,8,9,0.889,8,6,14,10,5,4,4,7,62
22201107,1610612754,IND,Indiana,pacers,Bench,111:03,26,51,0.51,9,22,0.409,9,9,1.0,5,14,19,12,2,4,10,9,70
22201110,1610612755,76ers,PHI,Philadelphia,Starters,154:41,30,58,0.517,13,25,0.52,15,18,0.833,4,21,25,13,2,3,7,8,88
22201110,1610612756,Suns,PHX,Phoenix,Starters,129:51,25,51,0.49,8,14,0.571,14,16,0.875,11,14,25,21,1,7,5,11,72
22201110,1610612755,PHI,Philadelphia,sixers,Bench,85:20,4,20,0.2,0,6,0.0,9,9,1.0,4,7,11,8,1,4,5,8,17
22201110,1610612756,PHX,Phoenix,suns,Bench,110:09,22,42,0.524,7,18,0.389,2,3,0.667,2,18,20,14,3,2,2,11,53
22201109,1610612743,Nuggets,DEN,Denver,Starters,146:02,34,68,0.5,10,27,0.37,18,23,0.783,6,28,34,22,3,2,8,9,96
22201109,1610612749,Bucks,MIL,Milwaukee,Starters,134:46,30,63,0.476,6,23,0.261,13,15,0.867,2,23,25,18,7,2,6,10,79
22201109,1610612743,DEN,Denver,nuggets,Bench,93:58,13,21,0.619,5,9,0.556,2,5,0.4,1,13,14,6,1,1,2,9,33
22201109,1610612749,MIL,Milwaukee,bucks,Bench,105:14,9,25,0.36,3,13,0.231,6,6,1.0,2,13,15,8,0,0,4,9,27
22201108,1610612748,Heat,MIA,Miami,Starters,141:38,26,53,0.491,6,15,0.4,9,11,0.818,6,10,16,12,4,1,8,8,67
22201108,1610612751,Nets,BKN,Brooklyn,Starters,157:56,31,62,0.5,12,27,0.444,17,19,0.895,8,21,29,25,4,3,4,13,91
22201108,1610612748,MIA,Miami,heat,Bench,98:22,12,27,0.444,6,15,0.4,3,3,1.0,2,14,16,10,1,3,4,11,33
22201108,1610612751,BKN,Brooklyn,nets,Bench,82:04,13,27,0.481,6,13,0.462,6,6,1.0,9,7,16,5,2,3,2,5,38
22201104,1610612741,Bulls,CHI,Chicago,Starters,127:44,28,52,0.538,10,17,0.588,10,12,0.833,5,23,28,17,3,5,10,8,76
22201104,1610612757,Trail Blazers,POR,Portland,Starters,126:39,21,45,0.467,5,17,0.294,9,11,0.818,3,14,17,13,5,3,9,4,56
22201104,1610612741,CHI,Chicago,bulls,Bench,112:17,20,32,0.625,7,11,0.636,1,2,0.5,6,13,19,16,3,3,6,11,48
22201104,1610612757,POR,Portland,blazers,Bench,113:21,16,41,0.39,1,14,0.071,7,7,1.0,5,9,14,10,5,2,3,10,40
22201102,1610612749,Bucks,MIL,Milwaukee,Starters,127:22,40,62,0.645,17,29,0.586,9,12,0.75,7,25,32,25,5,9,9,9,106
22201102,1610612762,Jazz,UTA,Utah,Starters,115:30,23,57,0.404,6,18,0.333,16,22,0.727,11,13,24,15,4,2,8,10,68
22201102,1610612749,MIL,Milwaukee,bucks,Bench,112:38,15,37,0.405,5,21,0.238,3,4,0.75,2,16,18,17,1,2,3,11,38
22201102,1610612762,UTA,Utah,jazz,Bench,124:30,17,47,0.362,5,22,0.227,9,12,0.75,9,18,27,13,2,3,3,5,48
22201098,1610612759,Spurs,SAS,San Antonio,Starters,143:54,36,62,0.581,8,19,0.421,5,11,0.455,9,20,29,19,2,0,2,8,85
22201098,1610612764,Wizards,WAS,Washington,Starters,147:47,34,52,0.654,11,19,0.579,10,15,0.667,2,28,30,18,1,7,6,9,89
22201098,1610612759,SAS,San Antonio,spurs,Bench,96:06,15,39,0.385,5,19,0.263,4,4,1.0,2,10,12,16,2,4,3,13,39
22201098,1610612764,WAS,Washington,wizards,Bench,92:13,17,33,0.515,4,11,0.364,9,11,0.818,4,9,13,11,2,1,1,7,47
22201106,1610612747,Lakers,LAL,Los Angeles,Starters,166:21,28,63,0.444,5,18,0.278,15,21,0.714,13,23,36,18,3,4,8,9,76
22201106,1610612760,Thunder,OKC,Oklahoma City,Starters,170:26,31,75,0.413,9,24,0.375,12,13,0.923,10,26,36,19,4,5,6,15,83
22201106,1610612747,LAL,Los Angeles,lakers,Bench,73:39,14,28,0.5,7,16,0.438,5,7,0.714,3,14,17,2,6,0,3,5,40
22201106,1610612760,OKC,Oklahoma City,thunder,Bench,69:34,9,17,0.529,5,12,0.417,5,6,0.833,2,7,9,2,2,0,4,4,28
22201099,1610612761,Raptors,TOR,Toronto,Starters,144:48,28,58,0.483,9,24,0.375,15,19,0.789,6,19,25,18,6,2,8,12,80
22201099,1610612765,Pistons,DET,Detroit,Starters,152:50,24,50,0.48,4,15,0.267,14,16,0.875,5,20,25,18,5,1,17,10,66
22201099,1610612761,TOR,Toronto,raptors,Bench,95:12,13,34,0.382,4,13,0.308,8,10,0.8,9,12,21,7,6,7,3,12,38
22201099,1610612765,DET,Detroit,pistons,Bench,87:10,10,23,0.435,2,10,0.2,9,14,0.643,3,11,14,5,3,3,5,8,31
22201101,1610612742,Mavericks,DAL,Dallas,Starters,150:03,29,55,0.527,5,24,0.208,13,17,0.765,6,26,32,17,2,2,7,6,76
22201101,1610612766,Hornets,CHA,Charlotte,Starters,155:05,32,62,0.516,8,19,0.421,17,22,0.773,3,25,28,25,3,1,6,11,89
22201101,1610612742,DAL,Dallas,mavericks,Bench,89:57,12,29,0.414,4,12,0.333,5,7,0.714,1,12,13,8,1,2,3,13,33
22201101,1610612766,CHA,Charlotte,hornets,Bench,84:55,11,27,0.407,3,9,0.333,3,5,0.6,3,12,15,7,4,3,2,6,28
22201097,1610612738,Celtics,BOS,Boston,Starters,159:01,34,74,0.459,13,31,0.419,14,17,0.824,2,26,28,24,7,2,11,9,95
22201097,1610612754,Pacers,IND,Indiana,Starters,121:26,21,40,0.525,2,13,0.154,7,11,0.636,0,17,17,16,3,1,12,9,51
22201097,1610612738,BOS,Boston,celtics,Bench,80:59,10,19,0.526,5,11,0.455,0,2,0.0,7,14,21,4,4,4,3,6,25
22201097,1610612754,IND,Indiana,pacers,Bench,118:34,18,44,0.409,2,13,0.154,6,11,0.545,6,21,27,8,6,3,5,7,44
22201100,1610612745,Rockets,HOU,Houston,Starters,144:30,29,55,0.527,3,11,0.273,9,14,0.643,5,19,24,16,4,2,7,9,70
22201100,1610612763,Grizzlies,MEM,Memphis,Starters,107:59,27,45,0.6,10,18,0.556,9,11,0.818,4,15,19,13,7,4,5,14,73
22201100,1610612745,HOU,Houston,rockets,Bench,95:30,18,32,0.563,4,12,0.333,4,7,0.571,5,9,14,9,3,1,8,5,44
22201100,1610612763,MEM,Memphis,grizzlies,Bench,132:01,30,48,0.625,15,24,0.625,3,3,1.0,1,15,16,23,5,3,5,5,78
22201103,1610612744,Warriors,GSW,Golden State,Starters,158:31,25,51,0.49,8,27,0.296,8,10,0.8,5,29,34,22,2,0,10,14,66
22201103,1610612755,76ers,PHI,Philadelphia,Starters,176:14,33,65,0.508,6,23,0.261,26,30,0.867,2,25,27,19,8,1,6,13,98
22201103,1610612744,GSW,Golden State,warriors,Bench,81:29,17,37,0.459,10,23,0.435,10,14,0.714,5,10,15,5,1,0,1,7,54
22201103,1610612755,PHI,Philadelphia,sixers,Bench,63:46,5,13,0.385,2,6,0.333,2,4,0.5,2,9,11,4,0,0,4,7,14
22201096,1610612746,Clippers,LAC,LA,Starters,134:55,29,50,0.58,7,17,0.412,11,15,0.733,6,19,25,19,5,3,10,8,76
22201096,1610612760,Thunder,OKC,Oklahoma City,Starters,140:44,29,60,0.483,7,18,0.389,10,11,0.909,6,19,25,17,5,3,10,13,75
22201096,1610612746,LAC,LA,clippers,Bench,105:05,18,34,0.529,11,20,0.55,4,5,0.8,2,15,17,15,4,2,3,1,51
22201096,1610612760,OKC,Oklahoma City,thunder,Bench,99:16,12,33,0.364,6,21,0.286,0,0,0.0,7,8,15,7,1,0,4,7,30
22201093,1610612752,Knicks,NYK,New York,Starters,176:13,28,68,0.412,9,29,0.31,20,26,0.769,10,23,33,20,6,6,11,8,85
22201093,1610612753,Magic,ORL,Orlando,Starters,157:55,28,60,0.467,7,18,0.389,9,11,0.818,2,18,20,19,7,4,8,14,72
22201093,1610612752,NYK,New York,knicks,Bench,63:47,9,20,0.45,3,11,0.273,0,0,0.0,3,8,11,6,2,2,2,7,21
22201093,1610612753,ORL,Orlando,magic,Bench,82:05,12,27,0.444,6,14,0.429,9,10,0.9,6,17,23,6,1,3,6,5,39
22201095,1610612740,Pelicans,NOP,New Orleans,Starters,166:13,36,77,0.468,8,24,0.333,11,11,1.0,10,27,37,19,8,0,5,8,91
22201095,1610612766,Hornets,CHA,Charlotte,Starters,116:33,21,50,0.42,4,21,0.19,6,9,0.667,3,23,26,13,5,0,8,10,52
22201095,1610612740,NOP,New Orleans,pelicans,Bench,73:47,9,21,0.429,3,10,0.3,3,4,0.75,1,14,15,7,3,0,6,6,24
22201095,1610612766,CHA,Charlotte,hornets,Bench,123:27,17,33,0.515,5,16,0.313,5,7,0.714,1,11,12,11,3,4,9,7,44
22201094,1610612739,Cavaliers,CLE,Cleveland,Starters,172:15,35,72,0.486,8,20,0.4,15,20,0.75,12,22,34,15,5,6,6,12,93
22201094,1610612751,Nets,BKN,Brooklyn,Starters,153:47,25,56,0.446,5,19,0.263,22,24,0.917,8,19,27,17,4,5,9,10,77
22201094,1610612739,CLE,Cleveland,cavaliers,Bench,67:45,7,17,0.412,4,12,0.333,5,6,0.833,1,5,6,9,2,1,3,9,23
22201094,1610612751,BKN,Brooklyn,nets,Bench,86:14,14,25,0.56,7,15,0.467,2,3,0.667,1,14,15,7,3,2,6,11,37
22201091,1610612757,Trail Blazers,POR,Portland,Starters,166:42,35,71,0.493,10,29,0.345,21,27,0.778,5,28,33,26,8,4,5,16,101
22201091,1610612762,Jazz,UTA,Utah,Starters,145:02,26,53,0.491,7,25,0.28,19,25,0.76,5,29,34,16,3,3,12,13,78
22201091,1610612757,POR,Portland,blazers,Bench,73:18,10,22,0.455,3,12,0.25,3,3,1.0,2,8,10,2,1,1,3,8,26
22201091,1610612762,UTA,Utah,jazz,Bench,94:58,13,29,0.448,4,10,0.4,7,11,0.636,2,11,13,8,1,2,5,8,37
22201086,1610612742,Mavericks,DAL,Dallas,Starters,163:45,27,55,0.491,10,23,0.435,10,15,0.667,8,12,20,21,5,0,8,10,74
22201086,1610612744,Warriors,GSW,Golden State,Starters,146:22,27,52,0.519,8,26,0.308,7,9,0.778,7,22,29,25,5,5,10,11,69
22201086,1610612742,DAL,Dallas,mavericks,Bench,76:14,17,34,0.5,7,17,0.412,10,13,0.769,0,11,11,6,2,2,2,7,51
22201086,1610612744,GSW,Golden State,warriors,Bench,93:38,23,38,0.605,4,13,0.308,8,9,0.889,4,11,15,8,2,0,3,9,58
22201088,1610612745,Rockets,HOU,Houston,Starters,173:37,45,79,0.57,11,27,0.407,17,23,0.739,11,21,32,19,4,2,10,13,118
22201088,1610612763,Grizzlies,MEM,Memphis,Starters,141:17,31,57,0.544,8,24,0.333,18,21,0.857,8,13,21,18,2,3,6,11,88
22201088,1610612745,HOU,Houston,rockets,Bench,66:23,3,14,0.214,1,6,0.167,0,0,0.0,9,7,16,8,2,1,6,12,7
22201088,1610612763,MEM,Memphis,grizzlies,Bench,98:43,14,30,0.467,4,12,0.333,10,12,0.833,4,11,15,9,6,1,4,10,42
22201083,1610612743,Nuggets,DEN,Denver,Starters,157:39,32,60,0.533,13,25,0.52,10,11,0.909,8,21,29,22,7,0,6,5,87
22201083,1610612764,Wizards,WAS,Washington,Starters,136:50,28,52,0.538,3,15,0.2,5,6,0.833,4,17,21,15,2,1,6,9,64
22201083,1610612743,DEN,Denver,nuggets,Bench,82:21,10,23,0.435,2,7,0.286,9,10,0.9,3,9,12,6,0,2,4,13,31
22201083,1610612764,WAS,Washington,wizards,Bench,103:10,16,35,0.457,1,11,0.091,7,10,0.7,6,10,16,5,2,3,1,6,40
22201084,1610612748,Heat,MIA,Miami,Starters,156:39,34,61,0.557,11,20,0.55,18,22,0.818,2,16,18,23,6,1,6,11,97
22201084,1610612752,Knicks,NYK,New York,Starters,159:49,36,61,0.59,12,27,0.444,14,19,0.737,8,20,28,22,2,3,12,18,98
22201084,1610612748,MIA,Miami,heat,Bench,83:21,11,18,0.611,5,8,0.625,3,4,0.75,0,11,11,5,3,0,4,7,30
22201084,1610612752,NYK,New York,knicks,Bench,80:11,6,21,0.286,4,13,0.308,6,6,1.0,1,13,14,7,5,2,4,7,22
22201090,1610612737,Hawks,ATL,Atlanta,Starters,156:11,30,54,0.556,7,15,0.467,16,18,0.889,6,16,22,16,2,2,11,14,83
22201090,1610612750,Timberwolves,MIN,Minnesota,Starters,160:55,29,62,0.468,6,14,0.429,17,22,0.773,10,18,28,22,3,3,5,12,81
22201090,1610612737,ATL,Atlanta,hawks,Bench,83:48,15,31,0.484,5,11,0.455,6,7,0.857,3,16,19,12,4,4,5,11,41
22201090,1610612750,MIN,Minnesota,timberwolves,Bench,79:05,16,30,0.533,5,12,0.417,7,7,1.0,1,13,14,5,4,0,6,8,44
22201085,1610612754,Pacers,IND,Indiana,Starters,146:44,29,47,0.617,8,12,0.667,12,15,0.8,5,18,23,17,1,3,13,19,78
22201085,1610612761,Raptors,TOR,Toronto,Starters,177:47,32,72,0.444,4,26,0.154,25,34,0.735,10,19,29,20,9,3,8,16,93
22201085,1610612754,IND,Indiana,pacers,Bench,93:17,14,30,0.467,3,9,0.333,9,10,0.9,3,13,16,10,3,2,5,10,40
22201085,1610612761,TOR,Toronto,raptors,Bench,62:14,7,17,0.412,3,8,0.375,4,5,0.8,3,8,11,1,2,4,2,6,21
22201089,1610612749,Bucks,MIL,Milwaukee,Starters,119:13,31,56,0.554,5,19,0.263,9,12,0.75,4,20,24,20,6,4,12,9,76
22201089,1610612759,Spurs,SAS,San Antonio,Starters,126:39,22,55,0.4,5,25,0.2,10,15,0.667,3,21,24,14,6,2,12,9,59
22201089,1610612749,MIL,Milwaukee,bucks,Bench,120:47,20,42,0.476,10,24,0.417,4,12,0.333,6,24,30,4,4,0,3,5,54
22201089,1610612759,SAS,San Antonio,spurs,Bench,113:21,14,38,0.368,4,14,0.286,3,5,0.6,5,17,22,12,1,4,7,12,35
22201092,1610612747,Lakers,LAL,Los Angeles,Starters,162:22,32,52,0.615,5,10,0.5,28,35,0.8,3,21,24,24,5,2,8,14,97
22201092,1610612756,Suns,PHX,Phoenix,Starters,143:03,27,52,0.519,7,17,0.412,15,20,0.75,6,17,23,14,2,4,12,19,76
22201092,1610612747,LAL,Los Angeles,lakers,Bench,77:38,7,18,0.389,3,7,0.429,8,11,0.727,2,10,12,3,2,0,5,6,25
22201092,1610612756,PHX,Phoenix,suns,Bench,96:57,15,38,0.395,5,14,0.357,0,0,0.0,6,10,16,9,5,2,5,12,35
22201087,1610612741,Bulls,CHI,Chicago,Starters,119:50,12,43,0.279,1,11,0.091,10,12,0.833,6,12,18,10,4,0,12,6,35
22201087,1610612755,76ers,PHI,Philadelphia,Starters,144:38,28,54,0.519,12,26,0.462,15,17,0.882,4,24,28,24,6,2,9,12,83
22201087,1610612741,CHI,Chicago,bulls,Bench,120:10,22,40,0.55,5,14,0.357,7,10,0.7,9,15,24,8,3,4,7,10,56
22201087,1610612755,PHI,Philadelphia,sixers,Bench,95:22,11,28,0.393,4,11,0.364,7,9,0.778,7,9,16,6,3,2,6,10,33
22201077,1610612753,Magic,ORL,Orlando,Starters,166:08,31,55,0.564,10,20,0.5,19,20,0.95,4,25,29,21,6,4,10,12,91
22201077,1610612764,Wizards,WAS,Washington,Starters,160:59,31,63,0.492,6,21,0.286,13,15,0.867,3,17,20,21,2,4,8,17,81
22201077,1610612753,ORL,Orlando,magic,Bench,73:52,12,25,0.48,2,7,0.286,5,5,1.0,3,10,13,6,1,1,5,9,31
22201077,1610612764,WAS,Washington,wizards,Bench,79:01,11,20,0.55,4,11,0.364,5,8,0.625,1,12,13,9,5,0,6,6,31
22201082,1610612746,Clippers,LAC,LA,Starters,148:55,30,58,0.517,3,19,0.158,11,18,0.611,5,24,29,16,7,2,8,13,74
22201082,1610612760,Thunder,OKC,Oklahoma City,Starters,153:29,30,67,0.448,6,22,0.273,11,12,0.917,5,24,29,15,1,1,8,14,77
22201082,1610612746,LAC,LA,clippers,Bench,91:05,11,28,0.393,3,12,0.25,1,3,0.333,7,10,17,5,2,0,5,8,26
22201082,1610612760,OKC,Oklahoma City,thunder,Bench,86:31,9,26,0.346,4,15,0.267,2,2,1.0,7,11,18,4,1,3,3,7,24
22201081,1610612738,Celtics,BOS,Boston,Starters,166:52,40,73,0.548,17,38,0.447,14,21,0.667,7,20,27,27,5,2,4,8,111
22201081,1610612758,Kings,SAC,Sacramento,Starters,149:24,25,49,0.51,9,24,0.375,9,15,0.6,8,19,27,19,2,1,10,12,68
22201081,1610612738,BOS,Boston,celtics,Bench,73:08,9,19,0.474,1,6,0.167,2,2,1.0,4,12,16,6,4,1,1,7,21
22201081,1610612758,SAC,Sacramento,kings,Bench,90:37,14,32,0.438,8,20,0.4,5,6,0.833,2,13,15,6,1,3,4,7,41
22201079,1610612739,Cavaliers,CLE,Cleveland,Starters,160:31,30,62,0.484,7,16,0.438,10,13,0.769,8,19,27,15,3,2,12,14,77
22201079,1610612751,Nets,BKN,Brooklyn,Starters,155:21,27,63,0.429,4,20,0.2,13,15,0.867,7,15,22,19,3,1,9,9,71
22201079,1610612739,CLE,Cleveland,cavaliers,Bench,79:29,12,21,0.571,7,13,0.538,7,8,0.875,0,7,7,8,3,1,2,6,38
22201079,1610612751,BKN,Brooklyn,nets,Bench,84:39,14,29,0.483,5,13,0.385,5,8,0.625,12,15,27,6,3,4,7,10,38
22201078,1610612737,Hawks,ATL,Atlanta,Starters,137:47,27,58,0.466,11,28,0.393,22,28,0.786,9,25,34,18,4,3,6,11,87
22201078,1610612765,Pistons,DET,Detroit,Starters,151:49,29,68,0.426,9,26,0.346,15,16,0.938,7,16,23,12,5,2,5,17,82
22201078,1610612737,ATL,Atlanta,hawks,Bench,102:13,17,37,0.459,3,10,0.3,5,8,0.625,12,15,27,8,1,3,3,9,42
22201078,1610612765,DET,Detroit,pistons,Bench,88:11,8,23,0.348,4,14,0.286,5,8,0.625,2,10,12,8,3,0,4,9,25
22201080,1610612740,Pelicans,NOP,New Orleans,Starters,145:07,32,56,0.571,7,17,0.412,16,18,0.889,2,30,32,20,3,2,13,12,87
22201080,1610612759,Spurs,SAS,San Antonio,Starters,123:31,19,47,0.404,7,20,0.35,7,10,0.7,6,13,19,15,5,0,6,6,52
22201080,1610612740,NOP,New Orleans,pelicans,Bench,94:53,13,25,0.52,3,7,0.429,3,5,0.6,3,14,17,11,5,0,3,7,32
22201080,1610612759,SAS,San Antonio,spurs,Bench,116:29,11,40,0.275,6,21,0.286,4,9,0.444,4,14,18,7,3,3,8,13,32
22201072,1610612741,Bulls,CHI,Chicago,Starters,211:27,29,70,0.414,5,24,0.208,21,24,0.875,4,26,30,15,11,4,8,13,84
22201072,1610612755,76ers,PHI,Philadelphia,Starters,206:48,29,68,0.426,5,21,0.238,19,22,0.864,6,34,40,23,4,6,17,14,82
22201072,1610612741,CHI,Chicago,bulls,Bench,78:32,10,24,0.417,2,9,0.222,3,5,0.6,0,12,12,5,1,3,2,5,25
22201072,1610612755,PHI,Philadelphia,sixers,Bench,83:11,9,22,0.409,5,15,0.333,0,0,0.0,3,11,14,5,4,2,2,11,23
22201073,1610612750,Timberwolves,MIN,Minnesota,Starters,161:21,35,53,0.66,14,18,0.778,19,25,0.76,7,22,29,21,4,2,11,14,103
22201073,1610612752,Knicks,NYK,New York,Starters,149:05,33,57,0.579,12,21,0.571,18,22,0.818,3,16,19,16,4,2,12,15,96
22201073,1610612750,MIN,Minnesota,timberwolves,Bench,78:39,16,30,0.533,0,6,0.0,5,7,0.714,0,5,5,13,5,2,4,10,37
22201073,1610612752,NYK,New York,knicks,Bench,90:55,15,28,0.536,2,7,0.286,6,6,1.0,4,11,15,10,3,1,4,7,38
22201075,1610612742,Mavericks,DAL,Dallas,Starters,144:27,21,45,0.467,3,16,0.188,10,10,1.0,3,16,19,9,2,4,7,9,55
22201075,1610612763,Grizzlies,MEM,Memphis,Starters,148:55,28,56,0.5,5,17,0.294,12,17,0.706,6,13,19,16,4,2,9,12,73
22201075,1610612742,DAL,Dallas,mavericks,Bench,95:33,18,39,0.462,8,20,0.4,9,10,0.9,5,13,18,13,3,0,5,10,53
22201075,1610612763,MEM,Memphis,grizzlies,Bench,91:05,13,33,0.394,5,18,0.278,8,9,0.889,11,20,31,5,1,1,2,6,39
22201064,1610612756,Suns,PHX,Phoenix,Starters,141:19,31,61,0.508,7,17,0.412,13,16,0.813,6,19,25,20,4,8,7,18,82
22201064,1610612760,Thunder,OKC,Oklahoma City,Starters,149:40,29,57,0.509,7,13,0.538,26,33,0.788,3,27,30,16,3,2,11,12,91
22201064,1610612756,PHX,Phoenix,suns,Bench,98:40,13,31,0.419,8,19,0.421,4,8,0.5,3,12,15,11,3,1,7,13,38
22201064,1610612760,OKC,Oklahoma City,thunder,Bench,90:19,13,27,0.481,4,15,0.267,3,3,1.0,3,11,14,4,5,1,4,8,33
22201065,1610612737,Hawks,ATL,Atlanta,Starters,157:22,32,73,0.438,2,14,0.143,6,8,0.75,12,21,33,19,2,1,8,9,72
22201065,1610612759,Spurs,SAS,San Antonio,Starters,151:29,40,71,0.563,9,18,0.5,6,10,0.6,5,23,28,19,8,4,8,10,95
22201065,1610612737,ATL,Atlanta,hawks,Bench,82:38,16,28,0.571,3,8,0.375,11,12,0.917,8,10,18,2,2,3,4,4,46
22201065,1610612759,SAS,San Antonio,spurs,Bench,88:31,11,23,0.478,5,10,0.5,4,6,0.667,5,8,13,7,1,1,4,8,31
22201066,1610612748,Heat,MIA,Miami,Starters,154:40,28,57,0.491,7,23,0.304,22,24,0.917,6,22,28,22,2,3,8,9,85
22201066,1610612765,Pistons,DET,Detroit,Starters,175:39,30,58,0.517,6,18,0.333,9,11,0.818,9,24,33,23,4,1,10,14,75
22201066,1610612748,MIA,Miami,heat,Bench,85:20,10,22,0.455,6,16,0.375,1,1,1.0,2,12,14,11,2,1,2,8,27
22201066,1610612765,DET,Detroit,pistons,Bench,64:21,8,24,0.333,4,14,0.286,5,6,0.833,0,6,6,3,0,1,1,6,25
22201063,1610612743,Nuggets,DEN,Denver,Starters,168:36,35,65,0.538,11,20,0.55,12,13,0.923,6,26,32,25,3,1,9,7,93
22201063,1610612751,Nets,BKN,Brooklyn,Starters,149:59,26,54,0.481,5,19,0.263,9,10,0.9,6,14,20,17,6,2,8,9,66
22201063,1610612743,DEN,Denver,nuggets,Bench,71:25,7,15,0.467,1,3,0.333,0,0,0.0,0,8,8,6,2,2,7,10,15
22201063,1610612751,BKN,Brooklyn,nets,Bench,90:01,12,28,0.429,7,16,0.438,5,6,0.833,3,10,13,9,4,1,3,7,36
22201067,1610612740,Pelicans,NOP,New Orleans,Starters,182:15,36,74,0.486,11,25,0.44,17,21,0.81,8,20,28,20,4,4,10,12,100
22201067,1610612745,Rockets,HOU,Houston,Starters,176:47,26,60,0.433,9,28,0.321,29,30,0.967,6,19,25,11,2,1,5,14,90
22201067,1610612740,NOP,New Orleans,pelicans,Bench,57:45,6,11,0.545,2,6,0.333,3,3,1.0,2,9,11,8,3,0,0,11,17
22201067,1610612745,HOU,Houston,rockets,Bench,63:13,5,16,0.313,0,5,0.0,7,8,0.875,2,9,11,4,2,1,7,8,17
22201070,1610612747,Lakers,LAL,Los Angeles,Starters,145:53,18,43,0.419,9,21,0.429,5,8,0.625,4,26,30,12,2,7,11,8,50
22201070,1610612753,Magic,ORL,Orlando,Starters,162:08,32,73,0.438,7,25,0.28,8,11,0.727,6,23,29,20,5,0,6,18,79
22201070,1610612747,LAL,Los Angeles,lakers,Bench,94:07,18,35,0.514,4,11,0.364,21,24,0.875,5,17,22,13,0,2,4,11,61
22201070,1610612753,ORL,Orlando,magic,Bench,77:52,9,29,0.31,3,13,0.231,5,6,0.833,7,8,15,4,3,3,2,10,26
22201069,1610612746,Clippers,LAC,LA,Starters,165:56,31,73,0.425,7,19,0.368,14,18,0.778,13,27,40,18,8,1,7,9,83
22201069,1610612757,Trail Blazers,POR,Portland,Starters,140:00,22,55,0.4,4,22,0.182,18,20,0.9,8,19,27,20,2,6,8,6,66
22201069,1610612746,LAC,LA,clippers,Bench,74:04,12,21,0.571,5,9,0.556,5,5,1.0,5,4,9,8,3,2,2,9,34
22201069,1610612757,POR,Portland,blazers,Bench,100:00,15,27,0.556,2,7,0.286,4,4,1.0,3,10,13,4,5,3,5,8,36
22201068,1610612749,Bucks,MIL,Milwaukee,Starters,155:35,29,52,0.558,8,24,0.333,15,20,0.75,5,23,28,24,2,7,11,8,81
22201068,1610612761,Raptors,TOR,Toronto,Starters,157:41,34,68,0.5,9,20,0.45,6,7,0.857,3,25,28,20,5,3,6,13,83
22201068,1610612749,MIL,Milwaukee,bucks,Bench,84:25,14,30,0.467,8,21,0.381,1,1,1.0,2,15,17,11,1,1,1,5,37
22201068,1610612761,TOR,Toronto,raptors,Bench,82:19,10,31,0.323,5,14,0.357,3,5,0.6,6,7,13,5,1,1,1,2,28
22201059,1610612758,Kings,SAC,Sacramento,Starters,141:00,29,49,0.592,9,18,0.5,14,22,0.636,4,17,21,22,4,3,3,9,81
22201059,1610612764,Wizards,WAS,Washington,Starters,128:17,29,61,0.475,10,25,0.4,12,13,0.923,5,14,19,14,2,1,6,9,80
22201059,1610612758,SAC,Sacramento,kings,Bench,99:00,19,37,0.514,13,19,0.684,0,1,0.0,3,20,23,12,3,4,5,13,51
22201059,1610612764,WAS,Washington,wizards,Bench,111:43,12,30,0.4,3,11,0.273,11,14,0.786,7,20,27,13,4,4,3,9,38
22201056,1610612746,Clippers,LAC,LA,Starters,163:40,32,71,0.451,4,15,0.267,12,16,0.75,10,19,29,15,5,3,15,15,80
22201056,1610612753,Magic,ORL,Orlando,Starters,166:39,34,65,0.523,9,24,0.375,16,22,0.727,5,24,29,17,9,5,14,9,93
22201056,1610612746,LAC,LA,clippers,Bench,76:21,10,19,0.526,2,7,0.286,6,8,0.75,3,11,14,8,4,0,0,9,28
22201056,1610612753,ORL,Orlando,magic,Bench,73:21,8,19,0.421,1,7,0.143,3,3,1.0,4,12,16,6,5,0,3,13,20
22201055,1610612743,Nuggets,DEN,Denver,Starters,170:16,32,61,0.525,9,26,0.346,5,7,0.714,4,21,25,22,2,1,10,12,78
22201055,1610612752,Knicks,NYK,New York,Starters,146:48,29,59,0.492,6,19,0.316,18,19,0.947,8,15,23,15,3,2,6,8,82
22201055,1610612743,DEN,Denver,nuggets,Bench,69:44,11,23,0.478,3,7,0.429,7,8,0.875,2,6,8,8,1,1,3,9,32
22201055,1610612752,NYK,New York,knicks,Bench,93:12,12,24,0.5,3,13,0.231,7,9,0.778,7,13,20,8,6,2,6,8,34
22201061,1610612744,Warriors,GSW,Golden State,Starters,135:31,20,51,0.392,6,20,0.3,8,10,0.8,8,16,24,18,2,4,7,9,54
22201061,1610612763,Grizzlies,MEM,Memphis,Starters,154:59,41,70,0.586,11,21,0.524,9,13,0.692,7,19,26,27,3,4,5,11,102
22201061,1610612744,GSW,Golden State,warriors,Bench,104:29,19,40,0.475,7,15,0.467,20,24,0.833,7,11,18,9,1,4,6,12,65
22201061,1610612763,MEM,Memphis,grizzlies,Bench,85:01,11,25,0.44,7,17,0.412,2,4,0.5,4,9,13,8,2,1,1,13,31
22201057,1610612754,Pacers,IND,Indiana,Starters,157:36,35,65,0.538,12,25,0.48,11,11,1.0,8,16,24,14,3,1,8,12,93
22201057,1610612755,76ers,PHI,Philadelphia,Starters,150:12,38,57,0.667,13,25,0.52,14,17,0.824,4,16,20,23,7,5,5,9,103
22201057,1610612754,IND,Indiana,pacers,Bench,82:24,10,22,0.455,0,6,0.0,8,9,0.889,4,13,17,14,2,4,6,5,28
22201057,1610612755,PHI,Philadelphia,sixers,Bench,89:48,16,31,0.516,2,10,0.2,4,5,0.8,2,8,10,8,4,1,2,8,38
22201060,1610612741,Bulls,CHI,Chicago,Starters,152:55,31,50,0.62,11,22,0.5,4,4,1.0,3,19,22,25,4,3,4,12,77
22201060,1610612748,Heat,MIA,Miami,Starters,149:01,25,53,0.472,5,18,0.278,16,21,0.762,7,18,25,14,2,1,12,8,71
22201060,1610612741,CHI,Chicago,bulls,Bench,87:05,14,30,0.467,6,12,0.5,2,2,1.0,2,8,10,9,4,2,6,6,36
22201060,1610612748,MIA,Miami,heat,Bench,90:59,10,29,0.345,5,19,0.263,3,3,1.0,7,7,14,9,2,1,1,2,28
22201062,1610612738,Celtics,BOS,Boston,Starters,148:36,27,59,0.458,16,36,0.444,9,13,0.692,2,18,20,19,1,2,3,12,79
22201062,1610612762,Jazz,UTA,Utah,Starters,162:08,33,71,0.465,9,27,0.333,13,18,0.722,16,29,45,18,1,3,4,11,88
22201062,1610612738,BOS,Boston,celtics,Bench,91:24,15,29,0.517,6,15,0.4,2,3,0.667,3,17,20,11,1,0,3,5,38
22201062,1610612762,UTA,Utah,jazz,Bench,77:52,9,26,0.346,8,14,0.571,4,4,1.0,1,10,11,11,2,2,3,3,30
22201058,1610612750,Timberwolves,MIN,Minnesota,Starters,149:33,21,51,0.412,4,16,0.25,14,15,0.933,7,22,29,14,1,2,6,16,60
22201058,1610612761,Raptors,TOR,Toronto,Starters,160:07,37,67,0.552,6,17,0.353,14,18,0.778,8,22,30,18,3,0,12,18,94
22201058,1610612750,MIN,Minnesota,timberwolves,Bench,90:27,18,34,0.529,1,7,0.143,10,13,0.769,2,11,13,13,4,0,8,7,47
22201058,1610612761,TOR,Toronto,raptors,Bench,79:53,11,23,0.478,3,10,0.3,3,3,1.0,1,14,15,5,8,3,3,7,28
22201054,1610612742,Mavericks,DAL,Dallas,Starters,142:44,25,43,0.581,9,20,0.45,12,16,0.75,5,15,20,14,1,0,5,18,71
22201054,1610612747,Lakers,LAL,Los Angeles,Starters,138:16,24,49,0.49,2,15,0.133,10,16,0.625,5,17,22,14,3,1,6,13,60
22201054,1610612742,DAL,Dallas,mavericks,Bench,97:18,15,36,0.417,7,14,0.5,3,3,1.0,2,13,15,13,7,4,8,8,40
22201054,1610612747,LAL,Los Angeles,lakers,Bench,101:45,19,35,0.543,3,5,0.6,9,15,0.6,8,12,20,9,5,2,6,5,50
22201053,1610612738,Celtics,BOS,Boston,Starters,171:52,31,62,0.5,11,30,0.367,28,34,0.824,5,24,29,27,10,1,16,14,101
22201053,1610612757,Trail Blazers,POR,Portland,Starters,156:39,27,60,0.45,12,33,0.364,20,27,0.741,6,16,22,17,8,2,11,13,86
22201053,1610612738,BOS,Boston,celtics,Bench,68:09,10,25,0.4,4,12,0.333,1,1,1.0,13,10,23,2,2,1,0,5,25
22201053,1610612757,POR,Portland,blazers,Bench,83:21,11,19,0.579,2,5,0.4,2,4,0.5,2,13,15,3,4,2,7,13,26
22201051,1610612740,Pelicans,NOP,New Orleans,Starters,177:00,31,63,0.492,10,23,0.435,17,20,0.85,6,25,31,15,6,5,5,13,89
22201051,1610612745,Rockets,HOU,Houston,Starters,175:01,33,66,0.5,9,25,0.36,12,17,0.706,9,27,36,14,6,1,8,13,87
22201051,1610612740,NOP,New Orleans,pelicans,Bench,63:01,8,19,0.421,2,5,0.4,5,5,1.0,2,2,4,7,2,0,4,4,23
22201051,1610612745,HOU,Houston,rockets,Bench,64:58,10,22,0.455,2,7,0.286,5,7,0.714,6,10,16,6,3,2,4,6,27
22201047,1610612755,76ers,PHI,Philadelphia,Starters,134:04,31,58,0.534,6,18,0.333,12,15,0.8,6,30,36,18,6,4,8,9,80
22201047,1610612766,Hornets,CHA,Charlotte,Starters,127:02,15,50,0.3,3,22,0.136,12,16,0.75,4,13,17,8,7,2,7,9,45
22201047,1610612755,PHI,Philadelphia,sixers,Bench,105:56,15,34,0.441,4,14,0.286,7,10,0.7,8,18,26,6,3,5,5,10,41
22201047,1610612766,CHA,Charlotte,hornets,Bench,112:58,14,36,0.389,2,13,0.154,7,10,0.7,3,15,18,12,3,4,6,7,37
22201048,1610612737,Hawks,ATL,Atlanta,Starters,147:22,28,63,0.444,9,21,0.429,12,19,0.632,7,23,30,24,3,4,7,10,77
22201048,1610612744,Warriors,GSW,Golden State,Starters,168:24,37,76,0.487,9,30,0.3,9,14,0.643,12,30,42,22,4,7,13,10,92
22201048,1610612737,ATL,Atlanta,hawks,Bench,92:38,19,37,0.514,7,20,0.35,5,6,0.833,6,9,15,3,4,4,3,5,50
22201048,1610612744,GSW,Golden State,warriors,Bench,71:37,10,22,0.455,2,10,0.2,5,6,0.833,4,8,12,6,2,2,4,10,27
22201050,1610612741,Bulls,CHI,Chicago,Starters,207:46,44,78,0.564,9,19,0.474,23,24,0.958,5,29,34,20,7,5,9,18,120
22201050,1610612750,Timberwolves,MIN,Minnesota,Starters,183:59,31,61,0.508,14,24,0.583,17,25,0.68,13,27,40,24,5,7,10,14,93
22201050,1610612741,CHI,Chicago,bulls,Bench,82:15,7,16,0.438,2,5,0.4,3,6,0.5,1,12,13,3,2,1,2,3,19
22201050,1610612750,MIN,Minnesota,timberwolves,Bench,106:01,15,39,0.385,4,18,0.222,4,6,0.667,1,9,10,9,1,1,5,10,38
22201052,1610612759,Spurs,SAS,San Antonio,Starters,156:06,31,75,0.413,18,44,0.409,11,12,0.917,6,21,27,12,5,1,12,13,91
22201052,1610612763,Grizzlies,MEM,Memphis,Starters,185:29,39,76,0.513,8,23,0.348,11,15,0.733,9,25,34,22,9,6,11,15,97
22201052,1610612759,SAS,San Antonio,spurs,Bench,108:54,8,23,0.348,2,8,0.25,11,17,0.647,10,17,27,19,6,3,7,6,29
22201052,1610612763,MEM,Memphis,grizzlies,Bench,79:31,10,25,0.4,6,15,0.4,3,6,0.5,6,12,18,5,4,3,6,9,29
22201045,1610612749,Bucks,MIL,Milwaukee,Starters,155:18,34,65,0.523,3,18,0.167,15,22,0.682,9,23,32,24,5,4,7,11,86
22201045,1610612754,Pacers,IND,Indiana,Starters,151:12,35,65,0.538,17,33,0.515,2,5,0.4,6,21,27,18,3,2,5,12,89
22201045,1610612749,MIL,Milwaukee,bucks,Bench,84:42,13,24,0.542,8,14,0.571,3,4,0.75,0,12,12,2,0,0,5,5,37
22201045,1610612754,IND,Indiana,pacers,Bench,88:48,19,32,0.594,5,13,0.385,7,10,0.7,2,13,15,18,2,1,3,8,50
22201044,1610612760,Thunder,OKC,Oklahoma City,Starters,136:28,26,59,0.441,5,15,0.333,15,17,0.882,8,20,28,12,5,1,8,9,72
22201044,1610612761,Raptors,TOR,Toronto,Starters,160:33,35,71,0.493,9,19,0.474,17,24,0.708,15,28,43,25,7,4,7,10,96
22201044,1610612760,OKC,Oklahoma City,thunder,Bench,103:32,14,35,0.4,8,16,0.5,3,3,1.0,3,8,11,6,0,3,5,8,39
22201044,1610612761,TOR,Toronto,raptors,Bench,79:27,12,26,0.462,5,13,0.385,3,4,0.75,4,12,16,4,3,2,3,10,32
22201046,1610612753,Magic,ORL,Orlando,Starters,161:57,34,65,0.523,6,20,0.3,7,8,0.875,5,25,30,18,6,1,14,14,81
22201046,1610612756,Suns,PHX,Phoenix,Starters,157:57,27,60,0.45,7,23,0.304,14,14,1.0,5,18,23,15,6,5,9,9,75
22201046,1610612753,ORL,Orlando,magic,Bench,78:03,9,21,0.429,2,8,0.25,12,15,0.8,6,11,17,7,1,2,3,6,32
22201046,1610612756,PHX,Phoenix,suns,Bench,82:03,16,30,0.533,6,12,0.5,3,3,1.0,2,10,12,11,1,0,5,13,41
22201043,1610612751,Nets,BKN,Brooklyn,Starters,165:39,24,58,0.414,8,24,0.333,14,20,0.7,2,27,29,15,5,4,3,16,70
22201043,1610612758,Kings,SAC,Sacramento,Starters,142:00,19,48,0.396,6,21,0.286,20,26,0.769,9,30,39,13,1,4,6,8,64
22201043,1610612751,BKN,Brooklyn,nets,Bench,74:21,9,22,0.409,6,15,0.4,2,3,0.667,1,11,12,5,3,0,3,6,26
22201043,1610612758,SAC,Sacramento,kings,Bench,98:00,13,34,0.382,7,20,0.35,4,6,0.667,4,14,18,9,1,1,6,9,37
22201042,1610612743,Nuggets,DEN,Denver,Starters,158:45,40,71,0.563,7,20,0.35,12,18,0.667,10,20,30,24,4,4,6,6,99
22201042,1610612765,Pistons,DET,Detroit,Starters,159:57,28,65,0.431,9,21,0.429,4,8,0.5,8,15,23,18,5,3,11,16,69
22201042,1610612743,DEN,Denver,nuggets,Bench,81:15,7,18,0.389,1,4,0.25,5,7,0.714,3,14,17,5,5,3,3,9,20
22201042,1610612765,DET,Detroit,pistons,Bench,80:03,11,20,0.55,3,6,0.5,6,10,0.6,5,9,14,6,3,0,6,4,31
22201038,1610612745,Rockets,HOU,Houston,Starters,177:30,34,67,0.507,6,20,0.3,11,18,0.611,12,26,38,17,4,3,14,19,85
22201038,1610612747,Lakers,LAL,Los Angeles,Starters,143:31,22,57,0.386,10,32,0.313,6,8,0.75,3,13,16,13,4,2,6,10,60
22201038,1610612745,HOU,Houston,rockets,Bench,62:30,13,22,0.591,2,9,0.222,1,1,1.0,4,9,13,5,1,0,3,10,29
22201038,1610612747,LAL,Los Angeles,lakers,Bench,96:29,12,33,0.364,1,12,0.083,25,29,0.862,8,12,20,8,3,1,2,7,50
22201037,1610612741,Bulls,CHI,Chicago,Starters,167:37,27,76,0.355,8,30,0.267,22,25,0.88,9,25,34,19,5,2,7,15,84
22201037,1610612758,Kings,SAC,Sacramento,Starters,166:03,28,54,0.519,12,26,0.462,19,23,0.826,4,32,36,18,3,2,11,14,87
22201037,1610612741,CHI,Chicago,bulls,Bench,72:24,11,21,0.524,8,12,0.667,0,0,0.0,4,10,14,9,8,2,7,9,30
22201037,1610612758,SAC,Sacramento,kings,Bench,73:57,10,24,0.417,6,16,0.375,4,6,0.667,1,8,9,8,3,1,8,5,30
22201039,1610612738,Celtics,BOS,Boston,Starters,165:03,27,68,0.397,11,34,0.324,21,26,0.808,6,24,30,17,7,5,7,14,86
22201039,1610612750,Timberwolves,MIN,Minnesota,Starters,166:46,30,61,0.492,9,22,0.409,10,16,0.625,8,25,33,19,2,2,8,13,79
22201039,1610612738,BOS,Boston,celtics,Bench,74:58,7,16,0.438,1,6,0.167,3,4,0.75,2,12,14,3,0,0,2,8,18
22201039,1610612750,MIN,Minnesota,timberwolves,Bench,73:14,7,23,0.304,3,14,0.214,6,6,1.0,0,13,13,8,1,0,5,10,23
22201035,1610612739,Cavaliers,CLE,Cleveland,Starters,151:14,25,56,0.446,6,21,0.286,8,14,0.571,7,17,24,14,5,2,7,9,64
22201035,1610612755,76ers,PHI,Philadelphia,Starters,179:20,32,63,0.508,12,28,0.429,23,27,0.852,11,28,39,22,6,5,17,16,99
22201035,1610612739,CLE,Cleveland,cavaliers,Bench,88:46,15,29,0.517,8,20,0.4,7,8,0.875,5,4,9,6,1,0,3,9,45
22201035,1610612755,PHI,Philadelphia,sixers,Bench,60:40,7,12,0.583,5,8,0.625,0,0,0.0,2,5,7,2,2,1,1,5,19
22201041,1610612744,Warriors,GSW,Golden State,Starters,169:07,36,69,0.522,14,30,0.467,3,5,0.6,7,25,32,17,5,1,9,12,89
22201041,1610612746,Clippers,LAC,LA,Starters,148:35,31,68,0.456,9,21,0.429,19,23,0.826,11,24,35,23,5,1,5,12,90
22201041,1610612744,GSW,Golden State,warriors,Bench,70:53,13,19,0.684,3,6,0.5,8,10,0.8,0,4,4,11,0,0,7,13,37
22201041,1610612746,LAC,LA,clippers,Bench,91:25,15,28,0.536,7,13,0.538,7,9,0.778,5,4,9,7,6,0,2,6,44
22201040,1610612742,Mavericks,DAL,Dallas,Starters,186:01,29,58,0.5,12,23,0.522,18,21,0.857,7,25,32,17,3,0,8,13,88
22201040,1610612759,Spurs,SAS,San Antonio,Starters,155:01,30,67,0.448,10,24,0.417,10,17,0.588,9,14,23,14,2,1,2,16,80
22201040,1610612742,DAL,Dallas,mavericks,Bench,78:59,15,28,0.536,5,10,0.5,14,16,0.875,3,17,20,6,1,4,10,12,49
22201040,1610612759,SAS,San Antonio,spurs,Bench,109:59,19,40,0.475,5,10,0.5,5,9,0.556,7,17,24,12,5,3,8,14,48
22201036,1610612748,Heat,MIA,Miami,Starters,134:46,32,52,0.615,7,15,0.467,22,26,0.846,5,22,27,19,5,4,10,8,93
22201036,1610612763,Grizzlies,MEM,Memphis,Starters,127:42,26,49,0.531,8,22,0.364,2,5,0.4,4,18,22,13,3,1,12,11,62
22201036,1610612748,MIA,Miami,heat,Bench,105:14,17,30,0.567,6,14,0.429,5,7,0.714,3,11,14,14,3,1,3,8,45
22201036,1610612763,MEM,Memphis,grizzlies,Bench,112:19,20,42,0.476,10,24,0.417,7,9,0.778,8,9,17,16,3,0,4,9,57
22201031,1610612751,Nets,BKN,Brooklyn,Starters,189:27,29,67,0.433,7,27,0.259,25,34,0.735,10,28,38,20,3,5,14,15,90
22201031,1610612760,Thunder,OKC,Oklahoma City,Starters,162:12,38,74,0.514,10,19,0.526,18,21,0.857,12,34,46,20,8,0,5,16,104
22201031,1610612751,BKN,Brooklyn,nets,Bench,50:33,6,15,0.4,5,14,0.357,0,0,0.0,1,7,8,5,0,0,3,5,17
22201031,1610612760,OKC,Oklahoma City,thunder,Bench,77:48,7,25,0.28,1,14,0.071,2,2,1.0,2,3,5,2,1,0,4,9,17
22201028,1610612764,Wizards,WAS,Washington,Starters,147:26,32,58,0.552,6,23,0.261,17,17,1.0,5,24,29,19,8,8,7,6,87
22201028,1610612765,Pistons,DET,Detroit,Starters,152:08,26,70,0.371,5,20,0.25,4,5,0.8,10,16,26,11,5,1,6,12,61
22201028,1610612764,WAS,Washington,wizards,Bench,92:34,12,27,0.444,1,9,0.111,5,5,1.0,5,14,19,5,1,1,6,6,30
22201028,1610612765,DET,Detroit,pistons,Bench,87:52,12,29,0.414,5,14,0.357,7,7,1.0,9,9,18,7,3,2,5,7,36
22201033,1610612749,Bucks,MIL,Milwaukee,Starters,153:20,30,63,0.476,6,24,0.25,20,32,0.625,9,23,32,16,6,6,10,10,86
22201033,1610612756,Suns,PHX,Phoenix,Starters,158:14,29,67,0.433,3,11,0.273,10,12,0.833,5,21,26,17,6,1,10,18,71
22201033,1610612749,MIL,Milwaukee,bucks,Bench,86:40,10,22,0.455,6,15,0.4,4,5,0.8,4,10,14,8,2,0,2,5,30
22201033,1610612756,PHX,Phoenix,suns,Bench,81:46,12,28,0.429,5,12,0.417,4,4,1.0,3,12,15,6,1,2,1,8,33
22201021,1610612737,Hawks,ATL,Atlanta,Starters,151:33,33,70,0.471,3,13,0.231,14,17,0.824,9,19,28,13,4,3,10,10,83
22201021,1610612750,Timberwolves,MIN,Minnesota,Starters,155:13,39,64,0.609,7,18,0.389,15,21,0.714,2,26,28,27,6,9,6,12,100
22201021,1610612737,ATL,Atlanta,hawks,Bench,88:27,11,27,0.407,1,9,0.111,9,11,0.818,9,14,23,4,2,1,5,9,32
22201021,1610612750,MIN,Minnesota,timberwolves,Bench,84:47,15,28,0.536,5,10,0.5,1,2,0.5,3,6,9,12,6,1,4,10,36
22201023,1610612742,Mavericks,DAL,Dallas,Starters,146:12,24,59,0.407,10,32,0.313,5,6,0.833,4,21,25,16,1,1,9,11,63
22201023,1610612763,Grizzlies,MEM,Memphis,Starters,142:29,25,56,0.446,9,26,0.346,11,13,0.846,2,24,26,17,6,1,9,8,70
22201023,1610612742,DAL,Dallas,mavericks,Bench,93:48,11,31,0.355,2,14,0.143,1,2,0.5,4,12,16,7,2,2,4,5,25
22201023,1610612763,MEM,Memphis,grizzlies,Bench,97:31,13,27,0.481,3,11,0.273,5,6,0.833,5,16,21,6,3,2,5,9,34
22201022,1610612748,Heat,MIA,Miami,Starters,154:44,25,57,0.439,9,23,0.391,28,33,0.848,8,21,29,12,9,3,8,6,87
22201022,1610612762,Jazz,UTA,Utah,Starters,147:27,27,57,0.474,9,23,0.391,8,12,0.667,13,19,32,18,5,3,12,12,71
22201022,1610612748,MIA,Miami,heat,Bench,85:16,12,22,0.545,5,11,0.455,3,3,1.0,1,7,8,8,3,1,5,7,32
22201022,1610612762,UTA,Utah,jazz,Bench,92:33,16,33,0.485,7,15,0.467,5,6,0.833,3,13,16,13,2,1,6,13,44
22201024,1610612738,Celtics,BOS,Boston,Starters,166:21,31,65,0.477,8,30,0.267,12,14,0.857,5,20,25,16,5,3,11,14,82
22201024,1610612745,Rockets,HOU,Houston,Starters,188:58,33,73,0.452,9,27,0.333,17,23,0.739,13,28,41,22,7,2,7,12,92
22201024,1610612738,BOS,Boston,celtics,Bench,73:39,8,22,0.364,4,12,0.333,7,7,1.0,5,8,13,3,2,2,2,8,27
22201024,1610612745,HOU,Houston,rockets,Bench,51:03,7,17,0.412,2,8,0.25,3,4,0.75,2,5,7,5,2,0,3,9,19
22201026,1610612749,Bucks,MIL,Milwaukee,Starters,167:06,44,72,0.611,14,25,0.56,17,20,0.85,3,29,32,26,2,4,10,12,119
22201026,1610612758,Kings,SAC,Sacramento,Starters,156:01,40,79,0.506,18,37,0.486,9,11,0.818,13,19,32,21,2,1,6,13,107
22201026,1610612749,MIL,Milwaukee,bucks,Bench,72:54,6,14,0.429,1,8,0.125,1,2,0.5,2,9,11,3,0,0,2,6,14
22201026,1610612758,SAC,Sacramento,kings,Bench,84:00,6,25,0.24,3,13,0.231,2,4,0.5,2,11,13,10,2,1,3,8,17
22201025,1610612744,Warriors,GSW,Golden State,Starters,154:41,31,54,0.574,14,26,0.538,8,15,0.533,8,20,28,17,4,5,9,12,84
22201025,1610612756,Suns,PHX,Phoenix,Starters,161:13,34,65,0.523,2,14,0.143,13,19,0.684,11,18,29,16,5,2,10,11,83
22201025,1610612744,GSW,Golden State,warriors,Bench,85:20,14,29,0.483,5,13,0.385,6,9,0.667,1,12,13,11,4,1,5,9,39
22201025,1610612756,PHX,Phoenix,suns,Bench,78:47,12,30,0.4,2,7,0.286,3,3,1.0,6,12,18,9,3,2,4,12,29
22201020,1610612754,Pacers,IND,Indiana,Starters,140:11,23,53,0.434,6,20,0.3,8,11,0.727,7,18,25,15,4,3,9,8,60
22201020,1610612765,Pistons,DET,Detroit,Starters,136:36,28,60,0.467,5,18,0.278,4,7,0.571,11,19,30,16,6,3,8,15,65
22201020,1610612754,IND,Indiana,pacers,Bench,99:49,13,33,0.394,4,14,0.286,7,13,0.538,6,11,17,8,3,2,5,7,37
22201020,1610612765,DET,Detroit,pistons,Bench,103:25,20,40,0.5,9,18,0.5,3,3,1.0,8,14,22,12,4,2,6,6,52
22201018,1610612759,Spurs,SAS,San Antonio,Starters,126:00,22,50,0.44,9,24,0.375,8,9,0.889,6,23,29,13,2,2,13,9,61
22201018,1610612760,Thunder,OKC,Oklahoma City,Starters,151:42,21,58,0.362,5,19,0.263,15,16,0.938,7,25,32,21,6,3,7,10,62
22201018,1610612759,SAS,San Antonio,spurs,Bench,114:00,11,38,0.289,1,12,0.083,6,10,0.6,4,17,21,11,1,5,5,9,29
22201018,1610612760,OKC,Oklahoma City,thunder,Bench,88:18,15,37,0.405,5,20,0.25,5,7,0.714,5,18,23,5,2,0,2,9,40
22201014,1610612743,Nuggets,DEN,Denver,Starters,156:46,36,68,0.529,9,22,0.409,14,19,0.737,12,21,33,19,3,4,10,10,95
22201014,1610612751,Nets,BKN,Brooklyn,Starters,171:23,30,59,0.508,10,28,0.357,19,21,0.905,3,16,19,26,9,2,6,13,89
22201014,1610612743,DEN,Denver,nuggets,Bench,83:14,9,22,0.409,3,9,0.333,4,5,0.8,3,13,16,8,1,4,5,9,25
22201014,1610612751,BKN,Brooklyn,nets,Bench,68:37,12,25,0.48,7,16,0.438,2,3,0.667,1,8,9,6,2,0,2,8,33
22201017,1610612740,Pelicans,NOP,New Orleans,Starters,139:25,35,57,0.614,15,27,0.556,9,11,0.818,5,26,31,26,4,3,10,7,94
22201017,1610612757,Trail Blazers,POR,Portland,Starters,105:05,17,41,0.415,4,19,0.211,7,9,0.778,1,9,10,11,5,0,8,8,45
22201017,1610612740,NOP,New Orleans,pelicans,Bench,100:35,8,29,0.276,4,13,0.308,13,18,0.722,3,9,12,9,7,4,5,12,33
22201017,1610612757,POR,Portland,blazers,Bench,134:55,26,47,0.553,6,14,0.429,7,11,0.636,9,27,36,15,5,2,9,13,65
22201019,1610612747,Lakers,LAL,Los Angeles,Starters,150:34,26,60,0.433,8,28,0.286,5,10,0.5,10,20,30,18,5,2,5,10,65
22201019,1610612752,Knicks,NYK,New York,Starters,155:05,33,71,0.465,6,26,0.231,15,19,0.789,5,19,24,11,3,2,8,12,87
22201019,1610612747,LAL,Los Angeles,lakers,Bench,89:26,17,29,0.586,4,8,0.5,5,7,0.714,0,7,7,6,1,0,6,7,43
22201019,1610612752,NYK,New York,knicks,Bench,84:55,9,17,0.529,5,11,0.455,2,2,1.0,7,15,22,7,5,1,3,6,25
22201016,1610612755,76ers,PHI,Philadelphia,Starters,138:35,25,52,0.481,6,17,0.353,15,18,0.833,4,16,20,21,4,7,5,8,71
22201016,1610612764,Wizards,WAS,Washington,Starters,131:01,20,52,0.385,2,12,0.167,10,13,0.769,3,22,25,10,3,4,7,11,52
22201016,1610612755,PHI,Philadelphia,sixers,Bench,101:26,16,28,0.571,5,12,0.417,4,5,0.8,5,17,22,8,2,3,3,11,41
22201016,1610612764,WAS,Washington,wizards,Bench,109:00,14,32,0.438,4,14,0.286,9,10,0.9,3,7,10,9,1,1,2,9,41
22201015,1610612739,Cavaliers,CLE,Cleveland,Starters,169:12,30,63,0.476,4,21,0.19,19,27,0.704,6,20,26,13,6,1,6,19,83
22201015,1610612766,Hornets,CHA,Charlotte,Starters,173:33,34,67,0.507,8,18,0.444,15,20,0.75,4,29,33,24,8,4,14,16,91
22201015,1610612739,CLE,Cleveland,cavaliers,Bench,70:48,11,24,0.458,3,6,0.5,6,7,0.857,5,9,14,5,2,2,4,3,31
22201015,1610612766,CHA,Charlotte,hornets,Bench,66:27,7,13,0.538,2,3,0.667,1,2,0.5,3,7,10,1,0,1,5,10,17
22201007,1610612748,Heat,MIA,Miami,Starters,161:58,32,66,0.485,5,18,0.278,14,14,1.0,3,20,23,11,3,0,12,10,83
22201007,1610612753,Magic,ORL,Orlando,Starters,177:57,34,69,0.493,7,24,0.292,9,12,0.75,10,24,34,27,6,5,11,10,84
22201007,1610612748,MIA,Miami,heat,Bench,103:02,10,28,0.357,6,19,0.316,5,6,0.833,2,10,12,8,5,2,5,7,31
22201007,1610612753,ORL,Orlando,magic,Bench,87:03,14,30,0.467,6,13,0.462,8,8,1.0,5,15,20,7,4,5,7,10,42
22201009,1610612741,Bulls,CHI,Chicago,Starters,177:59,38,74,0.514,13,25,0.52,13,18,0.722,11,28,39,21,6,5,12,10,102
22201009,1610612745,Rockets,HOU,Houston,Starters,168:27,30,61,0.492,9,23,0.391,10,14,0.714,5,17,22,19,7,3,9,9,79
22201009,1610612741,CHI,Chicago,bulls,Bench,62:01,6,12,0.5,2,7,0.286,3,4,0.75,2,3,5,4,1,4,2,7,17
22201009,1610612745,HOU,Houston,rockets,Bench,71:33,11,24,0.458,7,11,0.636,3,3,1.0,1,10,11,9,3,0,7,10,32
22200998,1610612755,76ers,PHI,Philadelphia,Starters,157:45,28,55,0.509,3,16,0.188,22,27,0.815,7,23,30,16,4,3,7,9,81
22200998,1610612757,Trail Blazers,POR,Portland,Starters,155:23,34,62,0.548,14,31,0.452,14,22,0.636,2,22,24,21,3,1,3,10,96
22200998,1610612755,PHI,Philadelphia,sixers,Bench,82:15,15,28,0.536,8,14,0.571,1,2,0.5,5,7,12,9,3,1,2,15,39
22200998,1610612757,POR,Portland,blazers,Bench,84:37,8,18,0.444,1,5,0.2,6,8,0.75,3,9,12,3,3,2,6,7,23
22200999,1610612737,Hawks,ATL,Atlanta,Starters,160:35,29,66,0.439,8,19,0.421,11,13,0.846,10,20,30,19,6,3,11,9,77
22200999,1610612764,Wizards,WAS,Washington,Starters,163:38,34,67,0.507,5,17,0.294,12,16,0.75,6,27,33,18,5,5,12,12,85
22200999,1610612737,ATL,Atlanta,hawks,Bench,79:25,13,29,0.448,7,12,0.583,4,6,0.667,3,13,16,6,3,1,3,8,37
22200999,1610612764,WAS,Washington,wizards,Bench,76:21,9,21,0.429,2,10,0.2,2,2,1.0,1,9,10,9,3,1,2,5,22
22201000,1610612739,Cavaliers,CLE,Cleveland,Starters,177:27,33,67,0.493,14,29,0.483,12,15,0.8,6,19,25,17,5,6,7,12,92
22201000,1610612748,Heat,MIA,Miami,Starters,153:59,32,58,0.552,7,16,0.438,19,21,0.905,7,21,28,15,4,2,12,11,90
22201000,1610612739,CLE,Cleveland,cavaliers,Bench,62:34,7,19,0.368,4,14,0.286,5,6,0.833,2,7,9,8,0,0,4,8,23
22201000,1610612748,MIA,Miami,heat,Bench,86:00,10,24,0.417,7,13,0.538,2,2,1.0,4,14,18,7,3,2,4,9,29
22201003,1610612747,Lakers,LAL,Los Angeles,Starters,138:44,22,41,0.537,9,20,0.45,8,8,1.0,5,20,25,13,4,4,11,6,61
22201003,1610612761,Raptors,TOR,Toronto,Starters,182:18,41,72,0.569,9,21,0.429,9,11,0.818,7,22,29,24,12,2,11,12,100
22201003,1610612747,LAL,Los Angeles,lakers,Bench,101:17,23,39,0.59,4,10,0.4,11,11,1.0,0,10,10,15,4,4,9,4,61
22201003,1610612761,TOR,Toronto,raptors,Bench,57:42,5,20,0.25,1,7,0.143,1,2,0.5,3,5,8,5,2,1,2,4,12
22200993,1610612745,Rockets,HOU,Houston,Starters,182:54,37,78,0.474,5,14,0.357,18,25,0.72,11,22,33,13,5,4,12,12,97
22200993,1610612754,Pacers,IND,Indiana,Starters,161:37,33,65,0.508,11,29,0.379,14,15,0.933,1,21,22,23,6,10,5,13,91
22200993,1610612745,HOU,Houston,rockets,Bench,82:06,12,29,0.414,1,3,0.333,3,4,0.75,9,16,25,5,1,2,4,10,28
22200993,1610612754,IND,Indiana,pacers,Bench,103:24,15,35,0.429,7,16,0.438,6,6,1.0,7,13,20,11,6,5,6,8,43
22200994,1610612753,Magic,ORL,Orlando,Starters,153:12,34,68,0.5,13,26,0.5,17,23,0.739,7,14,21,12,4,1,5,9,98
22200994,1610612762,Jazz,UTA,Utah,Starters,156:30,35,62,0.565,10,25,0.4,11,11,1.0,6,17,23,20,1,6,11,13,91
22200994,1610612753,ORL,Orlando,magic,Bench,86:48,10,26,0.385,3,8,0.375,3,8,0.375,5,10,15,9,5,3,5,7,26
22200994,1610612762,UTA,Utah,jazz,Bench,83:30,14,26,0.538,3,9,0.333,9,10,0.9,5,14,19,7,6,2,6,13,40
22200992,1610612765,Pistons,DET,Detroit,Starters,131:22,25,53,0.472,4,15,0.267,6,6,1.0,6,20,26,9,1,3,11,12,60
22200992,1610612766,Hornets,CHA,Charlotte,Starters,145:19,26,63,0.413,6,21,0.286,14,23,0.609,7,17,24,19,5,6,7,11,72
22200992,1610612765,DET,Detroit,pistons,Bench,108:38,15,36,0.417,3,6,0.5,10,14,0.714,11,11,22,11,4,1,8,10,43
22200992,1610612766,CHA,Charlotte,hornets,Bench,94:41,17,23,0.739,2,3,0.667,5,9,0.556,6,14,20,5,6,3,5,7,41
22200995,1610612749,Bucks,MIL,Milwaukee,Starters,160:57,35,76,0.461,12,30,0.4,11,14,0.786,14,26,40,21,5,10,12,11,93
22200995,1610612751,Nets,BKN,Brooklyn,Starters,62:03,5,25,0.2,2,6,0.333,3,3,1.0,6,8,14,4,4,1,2,1,15
22200995,1610612749,MIL,Milwaukee,bucks,Bench,79:03,9,28,0.321,7,20,0.35,0,0,0.0,6,15,21,12,3,2,4,3,25
22200995,1610612751,BKN,Brooklyn,nets,Bench,177:57,36,79,0.456,12,30,0.4,14,14,1.0,9,24,33,16,6,3,11,11,98
22200996,1610612744,Warriors,GSW,Golden State,Starters,147:58,27,57,0.474,8,25,0.32,21,22,0.955,7,14,21,17,6,0,15,9,83
22200996,1610612763,Grizzlies,MEM,Memphis,Starters,154:03,34,68,0.5,9,25,0.36,11,14,0.786,4,23,27,28,6,2,7,14,88
22200996,1610612744,GSW,Golden State,warriors,Bench,92:04,9,25,0.36,7,20,0.35,2,2,1.0,1,10,11,8,3,3,2,8,27
22200996,1610612763,MEM,Memphis,grizzlies,Bench,85:57,16,25,0.64,9,15,0.6,2,4,0.5,5,10,15,8,0,1,5,4,43
22200997,1610612752,Knicks,NYK,New York,Starters,137:12,34,76,0.447,10,35,0.286,17,27,0.63,8,20,28,12,3,1,8,14,95
22200997,1610612758,Kings,SAC,Sacramento,Starters,163:27,32,60,0.533,5,19,0.263,13,20,0.65,6,22,28,22,9,2,7,13,82
22200997,1610612752,NYK,New York,knicks,Bench,102:49,8,25,0.32,3,15,0.2,3,4,0.75,15,15,30,15,5,0,5,11,22
22200997,1610612758,SAC,Sacramento,kings,Bench,76:34,12,24,0.5,5,13,0.385,11,12,0.917,0,14,14,6,1,1,5,8,40
22200985,1610612737,Hawks,ATL,Atlanta,Starters,155:40,31,58,0.534,8,18,0.444,17,19,0.895,4,13,17,17,8,3,10,12,87
22200985,1610612764,Wizards,WAS,Washington,Starters,163:53,40,63,0.635,9,19,0.474,14,17,0.824,3,21,24,26,9,1,14,11,103
22200985,1610612737,ATL,Atlanta,hawks,Bench,84:20,14,27,0.519,4,11,0.364,3,7,0.429,4,15,19,9,3,2,1,5,35
22200985,1610612764,WAS,Washington,wizards,Bench,76:08,7,20,0.35,3,10,0.3,0,0,0.0,3,12,15,8,0,0,3,5,17
22200991,1610612746,Clippers,LAC,LA,Starters,152:34,28,53,0.528,4,12,0.333,15,18,0.833,5,21,26,16,6,3,13,12,75
22200991,1610612761,Raptors,TOR,Toronto,Starters,184:02,30,73,0.411,10,22,0.455,9,10,0.9,12,17,29,20,10,2,11,15,79
22200991,1610612746,LAC,LA,clippers,Bench,87:26,11,18,0.611,2,8,0.25,9,13,0.692,4,14,18,7,3,1,4,6,33
22200991,1610612761,TOR,Toronto,raptors,Bench,55:58,7,23,0.304,3,10,0.3,4,4,1.0,3,9,12,1,2,0,1,8,21
22200988,1610612740,Pelicans,NOP,New Orleans,Starters,134:00,28,54,0.519,9,17,0.529,9,10,0.9,6,22,28,16,3,4,9,8,74
22200988,1610612742,Mavericks,DAL,Dallas,Starters,151:17,26,62,0.419,11,31,0.355,11,15,0.733,1,15,16,17,6,0,6,10,74
22200988,1610612740,NOP,New Orleans,pelicans,Bench,106:00,14,29,0.483,4,10,0.4,7,8,0.875,3,18,21,16,1,2,6,11,39
22200988,1610612742,DAL,Dallas,mavericks,Bench,88:43,12,26,0.462,5,15,0.333,3,4,0.75,4,14,18,7,1,0,3,8,32
22200989,1610612741,Bulls,CHI,Chicago,Starters,148:19,31,63,0.492,6,16,0.375,12,13,0.923,5,30,35,21,6,1,6,11,80
22200989,1610612743,Nuggets,DEN,Denver,Starters,154:03,24,65,0.369,8,30,0.267,7,15,0.467,8,22,30,19,3,2,8,6,63
22200989,1610612741,CHI,Chicago,bulls,Bench,91:41,15,26,0.577,2,8,0.25,5,5,1.0,4,11,15,5,3,1,2,5,37
22200989,1610612743,DEN,Denver,nuggets,Bench,85:57,13,23,0.565,7,10,0.7,0,0,0.0,3,11,14,7,2,0,3,10,33
22200990,1610612756,Suns,PHX,Phoenix,Starters,118:05,31,49,0.633,12,20,0.6,8,9,0.889,4,19,23,20,4,5,6,7,82
22200990,1610612760,Thunder,OKC,Oklahoma City,Starters,96:57,9,39,0.231,3,15,0.2,10,10,1.0,4,8,12,9,4,0,9,6,31
22200990,1610612756,PHX,Phoenix,suns,Bench,121:55,18,45,0.4,8,23,0.348,6,7,0.857,10,21,31,11,6,2,8,10,50
22200990,1610612760,OKC,Oklahoma City,thunder,Bench,143:02,24,49,0.49,12,28,0.429,10,11,0.909,3,22,25,14,5,2,7,7,70
22200986,1610612738,Celtics,BOS,Boston,Starters,137:11,33,54,0.611,12,25,0.48,11,15,0.733,2,19,21,18,4,0,9,10,89
22200986,1610612757,Trail Blazers,POR,Portland,Starters,134:10,18,48,0.375,6,25,0.24,15,18,0.833,2,22,24,13,3,0,11,9,57
22200986,1610612738,BOS,Boston,celtics,Bench,102:49,9,34,0.265,6,24,0.25,2,5,0.4,3,21,24,8,5,2,1,10,26
22200986,1610612757,POR,Portland,blazers,Bench,105:50,12,34,0.353,5,14,0.357,7,9,0.778,4,19,23,5,2,2,4,10,36
22200987,1610612739,Cavaliers,CLE,Cleveland,Starters,166:13,32,60,0.533,7,19,0.368,15,17,0.882,5,17,22,21,8,3,11,17,86
22200987,1610612748,Heat,MIA,Miami,Starters,138:14,27,48,0.563,4,12,0.333,17,22,0.773,7,12,19,15,6,3,13,9,75
22200987,1610612739,CLE,Cleveland,cavaliers,Bench,73:48,7,20,0.35,2,9,0.222,2,2,1.0,2,8,10,5,5,0,4,6,18
22200987,1610612748,MIA,Miami,heat,Bench,101:46,8,22,0.364,4,17,0.235,5,7,0.714,3,15,18,7,1,1,9,10,25
22200983,1610612742,Mavericks,DAL,Dallas,Starters,127:03,25,54,0.463,8,24,0.333,15,18,0.833,1,23,24,17,5,1,13,8,73
22200983,1610612762,Jazz,UTA,Utah,Starters,154:49,26,61,0.426,9,28,0.321,17,23,0.739,4,19,23,12,6,2,13,13,78
22200983,1610612742,DAL,Dallas,mavericks,Bench,112:57,17,35,0.486,11,21,0.524,2,4,0.5,2,17,19,7,5,5,3,12,47
22200983,1610612762,UTA,Utah,jazz,Bench,85:11,15,31,0.484,6,16,0.375,2,2,1.0,2,22,24,11,4,2,3,10,38
22200982,1610612744,Warriors,GSW,Golden State,Starters,168:49,38,66,0.576,18,39,0.462,8,8,1.0,5,15,20,29,7,1,14,14,102
22200982,1610612760,Thunder,OKC,Oklahoma City,Starters,170:11,35,68,0.515,9,22,0.409,17,18,0.944,11,21,32,26,6,1,13,16,96
22200982,1610612744,GSW,Golden State,warriors,Bench,71:11,9,23,0.391,2,12,0.167,6,8,0.75,3,10,13,7,1,2,7,7,26
22200982,1610612760,OKC,Oklahoma City,thunder,Bench,69:49,15,26,0.577,8,15,0.533,3,6,0.5,2,10,12,2,4,1,2,1,41
22200769,1610612764,Wizards,WAS,Washington,Starters,161:01,36,65,0.554,7,18,0.389,11,15,0.733,8,19,27,18,9,4,10,11,90
22200769,1610612765,Pistons,DET,Detroit,Starters,163:01,31,59,0.525,9,21,0.429,9,11,0.818,6,14,20,21,4,3,9,13,80
22200769,1610612764,WAS,Washington,wizards,Bench,78:58,11,16,0.688,5,7,0.714,2,2,1.0,1,9,10,9,0,1,4,9,29
22200769,1610612765,DET,Detroit,pistons,Bench,76:59,12,25,0.48,4,9,0.444,9,11,0.818,4,6,10,8,2,0,2,3,37
22200979,1610612752,Knicks,NYK,New York,Starters,166:09,30,73,0.411,8,33,0.242,15,20,0.75,7,22,29,14,1,1,7,12,83
22200979,1610612766,Hornets,CHA,Charlotte,Starters,168:17,37,70,0.529,10,24,0.417,11,16,0.688,9,20,29,19,2,5,7,16,95
22200979,1610612752,NYK,New York,knicks,Bench,73:51,8,16,0.5,3,7,0.429,3,4,0.75,3,7,10,4,2,3,1,6,22
22200979,1610612766,CHA,Charlotte,hornets,Bench,71:43,5,15,0.333,2,8,0.25,5,5,1.0,1,12,13,8,0,0,3,4,17
22200980,1610612750,Timberwolves,MIN,Minnesota,Starters,137:17,19,49,0.388,7,18,0.389,9,13,0.692,4,20,24,9,5,5,8,7,54
22200980,1610612755,76ers,PHI,Philadelphia,Starters,145:59,28,57,0.491,11,18,0.611,20,20,1.0,5,28,33,14,6,5,8,8,87
22200980,1610612750,MIN,Minnesota,timberwolves,Bench,102:43,15,37,0.405,4,18,0.222,6,8,0.75,2,8,10,10,4,2,3,9,40
22200980,1610612755,PHI,Philadelphia,sixers,Bench,94:01,12,24,0.5,4,7,0.571,2,3,0.667,3,18,21,7,2,1,7,9,30
22200975,1610612743,Nuggets,DEN,Denver,Starters,166:38,31,55,0.564,10,23,0.435,14,17,0.824,8,19,27,23,7,2,7,6,86
22200975,1610612761,Raptors,TOR,Toronto,Starters,171:42,30,62,0.484,7,19,0.368,15,18,0.833,10,17,27,25,4,3,14,13,82
22200975,1610612743,DEN,Denver,nuggets,Bench,73:22,12,31,0.387,3,10,0.3,5,6,0.833,4,10,14,7,2,0,6,6,32
22200975,1610612761,TOR,Toronto,raptors,Bench,68:18,13,24,0.542,3,8,0.375,2,2,1.0,1,13,14,4,2,1,1,7,31
22200977,1610612757,Trail Blazers,POR,Portland,Starters,175:19,26,63,0.413,14,30,0.467,17,23,0.739,5,26,31,25,6,6,8,12,83
22200977,1610612765,Pistons,DET,Detroit,Starters,152:35,24,57,0.421,6,24,0.25,11,12,0.917,8,23,31,20,2,6,11,15,65
22200977,1610612757,POR,Portland,blazers,Bench,64:41,12,15,0.8,1,3,0.333,2,2,1.0,0,7,7,3,1,0,3,5,27
22200977,1610612765,DET,Detroit,pistons,Bench,87:25,16,29,0.552,4,8,0.5,3,8,0.375,8,13,21,10,7,0,5,6,39
22200971,1610612738,Celtics,BOS,Boston,Starters,171:14,25,67,0.373,7,30,0.233,7,10,0.7,6,23,29,18,4,3,9,14,64
22200971,1610612739,Cavaliers,CLE,Cleveland,Starters,179:30,35,78,0.449,8,26,0.308,17,21,0.81,9,32,41,22,2,4,9,13,95
22200971,1610612738,BOS,Boston,celtics,Bench,93:47,17,34,0.5,9,18,0.5,7,11,0.636,9,14,23,7,1,2,3,7,50
22200971,1610612739,CLE,Cleveland,cavaliers,Bench,85:32,8,18,0.444,4,8,0.5,3,4,0.75,7,10,17,5,2,3,6,7,23
22200974,1610612737,Hawks,ATL,Atlanta,Starters,160:55,38,66,0.576,4,19,0.211,11,16,0.688,5,15,20,22,4,0,8,12,91
22200974,1610612748,Heat,MIA,Miami,Starters,151:28,24,47,0.511,7,16,0.438,16,18,0.889,4,18,22,19,5,1,8,11,71
22200974,1610612737,ATL,Atlanta,hawks,Bench,79:05,13,26,0.5,5,10,0.5,6,7,0.857,7,10,17,6,1,0,2,13,37
22200974,1610612748,MIA,Miami,heat,Bench,88:31,17,30,0.567,9,13,0.692,16,19,0.842,4,6,10,8,1,3,3,6,59
22200972,1610612754,Pacers,IND,Indiana,Starters,121:06,31,53,0.585,12,27,0.444,13,18,0.722,2,15,17,20,4,1,6,15,87
22200972,1610612755,76ers,PHI,Philadelphia,Starters,170:29,33,60,0.55,9,23,0.391,34,36,0.944,5,23,28,27,5,2,9,16,109
22200972,1610612754,IND,Indiana,pacers,Bench,118:54,22,37,0.595,3,10,0.3,9,13,0.692,3,10,13,8,4,3,3,9,56
22200972,1610612755,PHI,Philadelphia,sixers,Bench,69:31,15,22,0.682,7,11,0.636,1,2,0.5,0,8,8,10,1,3,2,10,38
22200976,1610612740,Pelicans,NOP,New Orleans,Starters,175:04,35,60,0.583,11,22,0.5,6,8,0.75,6,26,32,25,4,4,13,14,87
22200976,1610612758,Kings,SAC,Sacramento,Starters,171:02,33,60,0.55,13,28,0.464,7,11,0.636,6,17,23,30,7,3,7,8,86
22200976,1610612740,NOP,New Orleans,pelicans,Bench,64:56,8,20,0.4,0,7,0.0,5,6,0.833,1,7,8,4,2,0,3,5,21
22200976,1610612758,SAC,Sacramento,kings,Bench,69:00,14,23,0.609,3,10,0.3,6,9,0.667,0,10,10,9,0,0,3,4,37
22200969,1610612738,Celtics,BOS,Boston,Starters,213:34,39,95,0.411,18,47,0.383,18,21,0.857,14,28,42,21,7,4,11,17,114
22200969,1610612752,Knicks,NYK,New York,Starters,220:51,42,82,0.512,14,36,0.389,17,25,0.68,11,31,42,15,7,4,14,15,115
22200969,1610612738,BOS,Boston,celtics,Bench,76:26,4,14,0.286,3,12,0.25,4,4,1.0,3,9,12,6,1,1,5,11,15
22200969,1610612752,NYK,New York,knicks,Bench,69:10,5,13,0.385,1,5,0.2,5,7,0.714,0,12,12,3,0,0,5,12,16
22200966,1610612753,Magic,ORL,Orlando,Starters,169:42,32,62,0.516,7,21,0.333,24,31,0.774,4,19,23,19,10,1,10,17,95
22200966,1610612757,Trail Blazers,POR,Portland,Starters,170:36,29,65,0.446,10,34,0.294,28,32,0.875,9,25,34,21,7,3,12,16,96
22200966,1610612753,ORL,Orlando,magic,Bench,70:18,10,22,0.455,4,10,0.4,0,0,0.0,2,13,15,10,1,1,1,8,24
22200966,1610612757,POR,Portland,blazers,Bench,69:24,10,18,0.556,6,13,0.462,0,0,0.0,0,12,12,6,2,2,5,6,26
22200967,1610612745,Rockets,HOU,Houston,Starters,139:12,32,52,0.615,9,16,0.563,16,18,0.889,4,23,27,23,5,1,9,12,89
22200967,1610612759,Spurs,SAS,San Antonio,Starters,132:50,26,53,0.491,5,16,0.313,8,13,0.615,5,14,19,14,2,3,8,8,65
22200967,1610612745,HOU,Houston,rockets,Bench,100:48,20,33,0.606,4,8,0.5,9,11,0.818,2,15,17,6,5,2,3,8,53
22200967,1610612759,SAS,San Antonio,spurs,Bench,107:10,17,40,0.425,6,18,0.333,5,8,0.625,8,8,16,9,3,1,7,12,45
22200968,1610612760,Thunder,OKC,Oklahoma City,Starters,153:45,34,61,0.557,9,22,0.409,23,27,0.852,8,20,28,20,7,3,10,16,100
22200968,1610612762,Jazz,UTA,Utah,Starters,152:00,26,55,0.473,4,21,0.19,19,24,0.792,8,20,28,22,4,5,10,11,75
22200968,1610612760,OKC,Oklahoma City,thunder,Bench,86:15,10,26,0.385,5,15,0.333,4,6,0.667,3,11,14,4,2,1,2,4,29
22200968,1610612762,UTA,Utah,jazz,Bench,88:00,17,33,0.515,7,16,0.438,3,3,1.0,4,7,11,8,1,3,6,14,44
22200973,1610612749,Bucks,MIL,Milwaukee,Starters,152:51,25,50,0.5,11,24,0.458,15,20,0.75,6,21,27,24,3,6,6,6,76
22200973,1610612764,Wizards,WAS,Washington,Starters,143:33,35,80,0.438,2,16,0.125,5,5,1.0,14,23,37,13,3,2,6,14,77
22200973,1610612749,MIL,Milwaukee,bucks,Bench,87:09,14,33,0.424,11,25,0.44,2,2,1.0,1,17,18,6,2,0,6,9,41
22200973,1610612764,WAS,Washington,wizards,Bench,96:27,11,28,0.393,6,15,0.4,6,7,0.857,6,13,19,8,5,0,3,5,34
22200962,1610612742,Mavericks,DAL,Dallas,Starters,163:51,24,57,0.421,6,26,0.231,24,26,0.923,4,19,23,12,2,0,8,15,78
22200962,1610612756,Suns,PHX,Phoenix,Starters,168:59,38,70,0.543,6,22,0.273,20,25,0.8,5,30,35,20,5,2,6,16,102
22200962,1610612742,DAL,Dallas,mavericks,Bench,76:09,14,20,0.7,9,12,0.75,11,12,0.917,1,7,8,3,3,0,2,7,48
22200962,1610612756,PHX,Phoenix,suns,Bench,71:01,11,19,0.579,6,12,0.5,0,0,0.0,4,2,6,7,0,0,3,12,28
22200965,1610612751,Nets,BKN,Brooklyn,Starters,175:04,29,66,0.439,7,26,0.269,16,20,0.8,8,37,45,17,1,8,3,9,81
22200965,1610612766,Hornets,CHA,Charlotte,Starters,166:58,24,64,0.375,5,18,0.278,10,12,0.833,2,35,37,10,1,2,7,12,63
22200965,1610612751,BKN,Brooklyn,nets,Bench,64:56,7,26,0.269,5,17,0.294,2,2,1.0,0,7,7,4,4,1,2,3,21
22200965,1610612766,CHA,Charlotte,hornets,Bench,73:02,9,24,0.375,3,12,0.25,2,3,0.667,3,9,12,7,1,1,3,7,23
22200970,1610612746,Clippers,LAC,LA,Starters,150:16,30,63,0.476,8,20,0.4,28,29,0.966,10,27,37,18,3,2,12,11,96
22200970,1610612763,Grizzlies,MEM,Memphis,Starters,166:00,39,75,0.52,11,25,0.44,11,14,0.786,2,18,20,26,11,3,7,15,100
22200970,1610612746,LAC,LA,clippers,Bench,89:44,15,22,0.682,4,9,0.444,5,6,0.833,3,13,16,7,3,0,5,6,39
22200970,1610612763,MEM,Memphis,grizzlies,Bench,74:00,11,17,0.647,7,9,0.778,0,1,0.0,0,6,6,6,2,0,1,8,29
22200963,1610612741,Bulls,CHI,Chicago,Starters,170:44,33,56,0.589,7,16,0.438,19,21,0.905,3,23,26,15,5,2,9,12,92
22200963,1610612754,Pacers,IND,Indiana,Starters,128:20,27,51,0.529,9,26,0.346,5,8,0.625,4,13,17,17,3,5,5,8,68
22200963,1610612741,CHI,Chicago,bulls,Bench,69:16,12,18,0.667,3,6,0.5,3,4,0.75,1,6,7,3,1,1,5,8,30
22200963,1610612754,IND,Indiana,pacers,Bench,111:40,21,43,0.488,7,18,0.389,8,8,1.0,9,9,18,10,2,1,4,10,57
22200957,1610612739,Cavaliers,CLE,Cleveland,Starters,123:01,31,56,0.554,7,15,0.467,8,14,0.571,5,17,22,17,9,5,8,10,77
22200957,1610612765,Pistons,DET,Detroit,Starters,130:27,18,45,0.4,3,12,0.25,6,13,0.462,7,25,32,12,4,5,12,9,45
22200957,1610612739,CLE,Cleveland,cavaliers,Bench,116:59,14,35,0.4,7,19,0.368,2,4,0.5,3,14,17,12,5,3,3,8,37
22200957,1610612765,DET,Detroit,pistons,Bench,109:33,15,36,0.417,3,12,0.25,12,12,1.0,5,12,17,7,1,2,11,6,45
22200956,1610612761,Raptors,TOR,Toronto,Starters,176:39,28,56,0.5,6,18,0.333,10,12,0.833,6,13,19,25,9,3,9,14,72
22200956,1610612764,Wizards,WAS,Washington,Starters,187:15,31,63,0.492,10,16,0.625,14,17,0.824,6,25,31,23,9,5,17,8,86
22200956,1610612761,TOR,Toronto,raptors,Bench,88:22,19,34,0.559,6,12,0.5,0,2,0.0,4,11,15,5,5,1,5,7,44
22200956,1610612764,WAS,Washington,wizards,Bench,77:45,7,12,0.583,4,8,0.5,5,5,1.0,3,9,12,3,0,0,7,8,23
22200959,1610612745,Rockets,HOU,Houston,Starters,150:54,27,51,0.529,3,13,0.231,8,11,0.727,8,23,31,15,4,1,11,15,65
22200959,1610612759,Spurs,SAS,San Antonio,Starters,142:37,26,60,0.433,11,26,0.423,16,16,1.0,7,15,22,18,7,2,5,10,79
22200959,1610612745,HOU,Houston,rockets,Bench,89:06,22,36,0.611,5,10,0.5,8,11,0.727,6,8,14,11,5,4,3,9,57
22200959,1610612759,SAS,San Antonio,spurs,Bench,97:23,12,26,0.462,4,11,0.364,3,4,0.75,6,14,20,6,2,1,9,10,31
22200960,1610612749,Bucks,MIL,Milwaukee,Starters,151:58,35,62,0.565,14,25,0.56,23,26,0.885,7,21,28,24,1,2,9,13,107
22200960,1610612755,76ers,PHI,Philadelphia,Starters,149:39,32,66,0.485,11,24,0.458,25,29,0.862,5,17,22,21,3,0,4,10,100
22200960,1610612749,MIL,Milwaukee,bucks,Bench,88:02,9,21,0.429,3,9,0.333,2,2,1.0,4,11,15,6,2,1,4,10,23
22200960,1610612755,PHI,Philadelphia,sixers,Bench,90:21,10,18,0.556,7,13,0.538,6,8,0.75,4,6,10,3,2,1,1,11,33
22200958,1610612737,Hawks,ATL,Atlanta,Starters,139:46,20,51,0.392,1,16,0.063,13,16,0.813,8,18,26,15,9,1,9,11,54
22200958,1610612748,Heat,MIA,Miami,Starters,157:45,28,58,0.483,9,24,0.375,15,17,0.882,9,26,35,21,4,2,11,10,80
22200958,1610612737,ATL,Atlanta,hawks,Bench,100:14,17,28,0.607,8,14,0.571,13,14,0.929,2,9,11,7,3,0,7,12,55
22200958,1610612748,MIA,Miami,heat,Bench,82:15,14,25,0.56,4,11,0.364,5,6,0.833,3,5,8,10,1,1,8,9,37
22200961,1610612750,Timberwolves,MIN,Minnesota,Starters,166:53,37,60,0.617,12,24,0.5,15,21,0.714,6,26,32,22,2,5,8,12,101
22200961,1610612758,Kings,SAC,Sacramento,Starters,159:32,38,70,0.543,10,19,0.526,12,17,0.706,8,15,23,17,3,0,6,14,98
22200961,1610612750,MIN,Minnesota,timberwolves,Bench,73:07,11,20,0.55,8,15,0.533,7,10,0.7,0,8,8,9,2,1,3,9,37
22200961,1610612758,SAC,Sacramento,kings,Bench,80:29,11,19,0.579,4,8,0.5,10,13,0.769,3,13,16,8,2,1,0,7,36
22200949,1610612748,Heat,MIA,Miami,Starters,160:43,29,61,0.475,8,17,0.471,26,28,0.929,8,22,30,19,6,2,8,11,92
22200949,1610612752,Knicks,NYK,New York,Starters,157:25,35,60,0.583,12,29,0.414,8,11,0.727,2,18,20,14,5,2,6,12,90
22200949,1610612748,MIA,Miami,heat,Bench,79:17,10,20,0.5,4,8,0.5,4,4,1.0,3,6,9,4,1,0,4,6,28
22200949,1610612752,NYK,New York,knicks,Bench,82:35,12,21,0.571,5,12,0.417,3,6,0.5,4,10,14,9,3,2,5,11,32
22200948,1610612738,Celtics,BOS,Boston,Starters,163:46,33,67,0.493,7,21,0.333,9,14,0.643,5,28,33,20,7,6,11,11,82
22200948,1610612751,Nets,BKN,Brooklyn,Starters,176:52,31,71,0.437,12,31,0.387,20,25,0.8,8,31,39,20,5,6,10,14,94
22200948,1610612738,BOS,Boston,celtics,Bench,76:14,8,17,0.471,2,8,0.25,5,6,0.833,4,11,15,6,1,2,8,8,23
22200948,1610612751,BKN,Brooklyn,nets,Bench,63:07,9,24,0.375,2,13,0.154,1,1,1.0,5,3,8,5,4,0,2,6,21
22200947,1610612737,Hawks,ATL,Atlanta,Starters,143:24,38,61,0.623,10,15,0.667,12,14,0.857,6,25,31,21,4,2,12,7,98
22200947,1610612757,Trail Blazers,POR,Portland,Starters,163:25,31,68,0.456,12,31,0.387,14,17,0.824,5,19,24,16,9,7,10,9,88
22200947,1610612737,ATL,Atlanta,hawks,Bench,96:36,14,30,0.467,2,11,0.182,1,2,0.5,4,8,12,9,6,3,5,12,31
22200947,1610612757,POR,Portland,blazers,Bench,76:35,10,19,0.526,1,8,0.125,2,3,0.667,4,6,10,6,2,0,7,6,23
22200955,1610612747,Lakers,LAL,Los Angeles,Starters,155:21,26,56,0.464,8,20,0.4,15,19,0.789,7,18,25,18,8,2,10,13,75
22200955,1610612750,Timberwolves,MIN,Minnesota,Starters,161:13,28,55,0.509,8,17,0.471,8,12,0.667,8,24,32,14,6,6,9,14,72
22200955,1610612747,LAL,Los Angeles,lakers,Bench,84:39,10,31,0.323,2,11,0.182,5,5,1.0,4,12,16,5,0,0,5,6,27
22200955,1610612750,MIN,Minnesota,timberwolves,Bench,78:47,14,34,0.412,6,17,0.353,4,4,1.0,2,12,14,15,4,0,4,7,38
22200953,1610612740,Pelicans,NOP,New Orleans,Starters,166:40,24,59,0.407,6,22,0.273,16,20,0.8,6,16,22,17,8,2,9,17,70
22200953,1610612744,Warriors,GSW,Golden State,Starters,147:25,21,43,0.488,5,18,0.278,15,16,0.938,4,22,26,21,3,1,12,15,62
22200953,1610612740,NOP,New Orleans,pelicans,Bench,73:19,10,18,0.556,4,7,0.571,5,7,0.714,1,6,7,3,1,2,4,5,29
22200953,1610612744,GSW,Golden State,warriors,Bench,92:35,19,35,0.543,5,13,0.385,3,4,0.75,5,12,17,7,4,3,6,7,46
22200954,1610612746,Clippers,LAC,LA,Starters,162:04,37,58,0.638,9,22,0.409,17,23,0.739,5,19,24,24,4,3,7,13,100
22200954,1610612758,Kings,SAC,Sacramento,Starters,160:37,39,65,0.6,8,21,0.381,22,22,1.0,8,21,29,14,3,1,7,15,108
22200954,1610612746,LAC,LA,clippers,Bench,77:56,10,29,0.345,5,19,0.263,2,4,0.5,1,7,8,7,3,0,0,11,27
22200954,1610612758,SAC,Sacramento,kings,Bench,79:24,7,22,0.318,2,12,0.167,4,4,1.0,1,15,16,12,0,1,4,7,20
22200950,1610612741,Bulls,CHI,Chicago,Starters,161:27,32,64,0.5,4,14,0.286,14,20,0.7,7,11,18,14,4,1,4,11,82
22200950,1610612756,Suns,PHX,Phoenix,Starters,155:39,32,61,0.525,16,31,0.516,18,21,0.857,7,20,27,22,5,2,5,11,98
22200950,1610612741,CHI,Chicago,bulls,Bench,78:34,7,19,0.368,3,9,0.333,5,5,1.0,2,14,16,10,3,0,4,4,22
22200950,1610612756,PHX,Phoenix,suns,Bench,84:21,10,23,0.435,4,16,0.25,3,4,0.75,6,8,14,7,1,5,4,9,27
22200951,1610612760,Thunder,OKC,Oklahoma City,Starters,157:23,30,66,0.455,11,31,0.355,6,8,0.75,6,19,25,24,10,5,4,12,77
22200951,1610612762,Jazz,UTA,Utah,Starters,130:51,21,39,0.538,3,16,0.188,14,17,0.824,7,24,31,12,1,8,19,11,59
22200951,1610612760,OKC,Oklahoma City,thunder,Bench,82:37,22,38,0.579,6,12,0.5,3,6,0.5,5,10,15,7,2,0,3,10,53
22200951,1610612762,UTA,Utah,jazz,Bench,109:09,17,39,0.436,6,13,0.462,4,6,0.667,3,14,17,12,4,6,6,7,44
22200946,1610612753,Magic,ORL,Orlando,Starters,140:19,28,53,0.528,6,16,0.375,8,10,0.8,6,18,24,12,5,2,12,11,70
22200946,1610612766,Hornets,CHA,Charlotte,Starters,154:22,30,57,0.526,9,19,0.474,14,14,1.0,5,16,21,17,8,1,17,13,83
22200946,1610612753,ORL,Orlando,magic,Bench,99:41,18,33,0.545,4,10,0.4,7,9,0.778,7,11,18,9,4,2,6,13,47
22200946,1610612766,CHA,Charlotte,hornets,Bench,85:38,8,21,0.381,0,5,0.0,7,11,0.636,3,10,13,8,3,3,4,7,23
22200952,1610612743,Nuggets,DEN,Denver,Starters,161:27,30,59,0.508,7,20,0.35,20,25,0.8,11,25,36,25,4,1,5,16,87
22200952,1610612763,Grizzlies,MEM,Memphis,Starters,156:28,26,64,0.406,7,19,0.368,21,26,0.808,7,20,27,17,3,3,8,14,80
22200952,1610612743,DEN,Denver,nuggets,Bench,78:33,10,28,0.357,1,11,0.091,5,6,0.833,2,15,17,3,2,4,3,5,26
22200952,1610612763,MEM,Memphis,grizzlies,Bench,83:32,5,20,0.25,4,13,0.308,3,5,0.6,3,10,13,7,3,3,2,10,17
22200945,1610612744,Warriors,GSW,Golden State,Starters,146:31,27,60,0.45,9,28,0.321,17,20,0.85,11,32,43,17,6,3,9,12,80
22200945,1610612746,Clippers,LAC,LA,Starters,148:47,23,60,0.383,5,26,0.192,17,20,0.85,3,29,32,13,3,3,11,14,68
22200945,1610612744,GSW,Golden State,warriors,Bench,93:29,12,33,0.364,5,18,0.278,6,7,0.857,4,13,17,8,3,3,2,8,35
22200945,1610612746,LAC,LA,clippers,Bench,91:14,9,29,0.31,4,17,0.235,1,1,1.0,6,9,15,6,2,2,5,10,23
22200943,1610612742,Mavericks,DAL,Dallas,Starters,174:36,36,61,0.59,19,33,0.576,15,19,0.789,4,16,20,22,8,1,12,12,106
22200943,1610612755,76ers,PHI,Philadelphia,Starters,167:18,38,62,0.613,10,17,0.588,18,22,0.818,4,15,19,19,3,0,11,14,104
22200943,1610612742,DAL,Dallas,mavericks,Bench,65:24,9,21,0.429,6,15,0.4,3,8,0.375,1,10,11,4,0,0,0,10,27
22200943,1610612755,PHI,Philadelphia,sixers,Bench,72:42,7,16,0.438,2,10,0.2,6,7,0.857,1,17,18,9,6,1,3,10,22
22200944,1610612754,Pacers,IND,Indiana,Starters,116:45,20,45,0.444,4,14,0.286,8,9,0.889,1,11,12,10,6,4,7,9,52
22200944,1610612759,Spurs,SAS,San Antonio,Starters,150:46,30,64,0.469,7,21,0.333,9,10,0.9,8,27,35,19,5,3,9,8,76
22200944,1610612754,IND,Indiana,pacers,Bench,123:15,21,45,0.467,4,9,0.444,1,2,0.5,5,23,28,13,5,4,7,9,47
22200944,1610612759,SAS,San Antonio,spurs,Bench,89:14,15,34,0.441,3,11,0.273,1,3,0.333,5,10,15,12,0,3,6,6,34
22200942,1610612761,Raptors,TOR,Toronto,Starters,184:17,34,73,0.466,7,28,0.25,15,15,1.0,11,22,33,25,7,4,13,19,90
22200942,1610612764,Wizards,WAS,Washington,Starters,170:53,34,67,0.507,10,20,0.5,17,21,0.81,6,20,26,25,5,3,11,9,95
22200942,1610612761,TOR,Toronto,raptors,Bench,55:43,7,19,0.368,2,5,0.4,2,2,1.0,2,8,10,3,1,3,1,2,18
22200942,1610612764,WAS,Washington,wizards,Bench,69:07,9,17,0.529,4,10,0.4,2,3,0.667,3,14,17,5,0,1,3,3,24
22200934,1610612741,Bulls,CHI,Chicago,Starters,162:20,30,60,0.5,8,20,0.4,19,26,0.731,8,20,28,21,6,2,9,12,87
22200934,1610612765,Pistons,DET,Detroit,Starters,141:43,26,48,0.542,11,23,0.478,11,15,0.733,5,17,22,15,6,1,12,16,74
22200934,1610612741,CHI,Chicago,bulls,Bench,77:40,11,25,0.44,4,7,0.571,4,5,0.8,2,10,12,6,3,2,6,10,30
22200934,1610612765,DET,Detroit,pistons,Bench,98:17,13,30,0.433,3,12,0.25,12,13,0.923,2,16,18,8,2,1,4,7,41
22200935,1610612738,Celtics,BOS,Boston,Starters,172:46,34,61,0.557,14,22,0.636,23,28,0.821,6,30,36,20,4,3,9,10,105
22200935,1610612739,Cavaliers,CLE,Cleveland,Starters,178:47,39,78,0.5,9,26,0.346,12,19,0.632,6,23,29,16,8,3,6,14,99
22200935,1610612738,BOS,Boston,celtics,Bench,67:15,5,17,0.294,2,10,0.2,0,0,0.0,1,6,7,7,1,1,3,8,12
22200935,1610612739,CLE,Cleveland,cavaliers,Bench,61:14,6,14,0.429,1,6,0.167,1,2,0.5,4,5,9,5,0,0,0,4,14
22200938,1610612745,Rockets,HOU,Houston,Starters,141:30,25,54,0.463,8,20,0.4,7,13,0.538,8,20,28,11,1,1,8,10,65
22200938,1610612763,Grizzlies,MEM,Memphis,Starters,138:24,30,54,0.556,13,27,0.481,14,17,0.824,5,23,28,18,3,8,4,15,87
22200938,1610612745,HOU,Houston,rockets,Bench,98:30,11,36,0.306,3,14,0.214,9,12,0.75,9,12,21,6,3,4,4,8,34
22200938,1610612763,MEM,Memphis,grizzlies,Bench,101:36,10,29,0.345,4,14,0.286,2,2,1.0,3,13,16,9,3,1,3,6,26
22200933,1610612756,Suns,PHX,Phoenix,Starters,159:35,33,63,0.524,5,17,0.294,11,13,0.846,3,30,33,25,4,6,9,9,82
22200933,1610612766,Hornets,CHA,Charlotte,Starters,166:03,26,74,0.351,9,29,0.31,13,20,0.65,10,25,35,13,2,3,10,11,74
22200933,1610612756,PHX,Phoenix,suns,Bench,80:25,9,26,0.346,4,8,0.5,1,2,0.5,2,13,15,5,4,3,3,13,23
22200933,1610612766,CHA,Charlotte,hornets,Bench,73:57,6,14,0.429,0,4,0.0,5,8,0.625,2,11,13,7,1,4,3,6,17
22200940,1610612747,Lakers,LAL,Los Angeles,Starters,142:41,25,53,0.472,13,30,0.433,12,15,0.8,3,17,20,15,5,5,10,13,75
22200940,1610612760,Thunder,OKC,Oklahoma City,Starters,145:11,27,59,0.458,5,20,0.25,10,15,0.667,11,20,31,23,3,2,9,12,69
22200940,1610612747,LAL,Los Angeles,lakers,Bench,97:19,13,27,0.481,3,5,0.6,19,24,0.792,7,14,21,7,3,3,3,6,48
22200940,1610612760,OKC,Oklahoma City,thunder,Bench,94:48,17,32,0.531,6,20,0.3,8,9,0.889,1,10,11,6,5,2,2,15,48
22201147,1610612740,Pelicans,NOP,New Orleans,Starters,172:37,33,68,0.485,11,22,0.5,13,15,0.867,7,25,32,21,2,1,7,16,90
22201147,1610612743,Nuggets,DEN,Denver,Starters,136:49,18,50,0.36,4,22,0.182,11,16,0.688,6,14,20,14,4,2,4,10,51
22201147,1610612740,NOP,New Orleans,pelicans,Bench,67:23,5,12,0.417,2,5,0.4,5,7,0.714,1,13,14,1,4,0,3,8,17
22201147,1610612743,DEN,Denver,nuggets,Bench,103:11,14,30,0.467,0,6,0.0,9,16,0.563,5,15,20,7,0,3,5,11,37
22201140,1610612741,Bulls,CHI,Chicago,Starters,154:08,31,54,0.574,4,16,0.25,6,8,0.75,4,18,22,21,7,3,11,10,72
22201140,1610612747,Lakers,LAL,Los Angeles,Starters,159:17,40,64,0.625,7,13,0.538,20,25,0.8,10,20,30,19,7,2,8,7,107
22201140,1610612741,CHI,Chicago,bulls,Bench,85:52,14,34,0.412,5,17,0.294,5,5,1.0,2,8,10,10,3,1,3,12,38
22201140,1610612747,LAL,Los Angeles,lakers,Bench,80:43,5,22,0.227,0,7,0.0,4,5,0.8,3,12,15,3,3,1,7,7,14
22201137,1610612745,Rockets,HOU,Houston,Starters,178:52,37,78,0.474,8,24,0.333,11,19,0.579,16,27,43,16,7,1,6,14,93
22201137,1610612751,Nets,BKN,Brooklyn,Starters,177:11,37,64,0.578,14,26,0.538,14,20,0.7,5,27,32,26,4,7,8,13,102
22201137,1610612745,HOU,Houston,rockets,Bench,61:08,9,20,0.45,1,6,0.167,2,2,1.0,4,5,9,5,2,1,4,4,21
22201137,1610612751,BKN,Brooklyn,nets,Bench,62:49,7,18,0.389,3,9,0.333,4,7,0.571,3,6,9,7,0,2,4,5,21
22201125,1610612756,Suns,PHX,Phoenix,Starters,128:57,21,53,0.396,4,15,0.267,14,16,0.875,9,14,23,17,6,4,5,7,60
22201125,1610612762,Jazz,UTA,Utah,Starters,154:05,27,64,0.422,7,27,0.259,17,25,0.68,7,29,36,19,2,7,11,11,78
22201125,1610612756,PHX,Phoenix,suns,Bench,111:04,22,48,0.458,7,21,0.333,6,6,1.0,9,17,26,14,1,3,1,13,57
22201125,1610612762,UTA,Utah,jazz,Bench,85:56,11,22,0.5,2,9,0.222,1,2,0.5,3,8,11,6,0,0,2,8,25
22201127,1610612740,Pelicans,NOP,New Orleans,Starters,140:01,31,55,0.564,5,16,0.313,12,15,0.8,6,26,32,17,4,4,13,9,79
22201127,1610612757,Trail Blazers,POR,Portland,Starters,108:56,14,39,0.359,3,14,0.214,6,7,0.857,4,12,16,6,4,2,6,9,37
22201127,1610612740,NOP,New Orleans,pelicans,Bench,99:59,18,31,0.581,7,12,0.583,2,2,1.0,2,19,21,14,1,2,3,7,45
22201127,1610612757,POR,Portland,blazers,Bench,131:04,21,51,0.412,4,19,0.211,7,8,0.875,2,11,13,9,2,0,6,7,53
22201129,1610612741,Bulls,CHI,Chicago,Starters,155:21,35,57,0.614,9,17,0.529,10,12,0.833,2,18,20,18,5,2,11,8,89
22201129,1610612746,Clippers,LAC,LA,Starters,149:54,34,52,0.654,16,27,0.593,7,14,0.5,3,19,22,25,6,1,7,11,91
22201129,1610612741,CHI,Chicago,bulls,Bench,84:39,9,25,0.36,0,6,0.0,5,9,0.556,6,8,14,8,4,1,3,3,23
22201129,1610612746,LAC,LA,clippers,Bench,90:06,14,29,0.483,4,13,0.308,1,2,0.5,3,12,15,16,4,3,8,6,33
22201124,1610612745,Rockets,HOU,Houston,Starters,160:19,30,58,0.517,6,17,0.353,22,27,0.815,6,19,25,17,3,3,10,8,88
22201124,1610612752,Knicks,NYK,New York,Starters,145:25,36,62,0.581,13,27,0.481,17,23,0.739,2,22,24,23,5,4,6,8,102
22201124,1610612745,HOU,Houston,rockets,Bench,79:41,12,29,0.414,1,9,0.111,2,2,1.0,7,8,15,7,3,1,4,10,27
22201124,1610612752,NYK,New York,knicks,Bench,94:35,14,24,0.583,4,12,0.333,3,5,0.6,5,10,15,12,6,4,4,12,35
22201126,1610612743,Nuggets,DEN,Denver,Starters,157:40,30,61,0.492,7,20,0.35,9,11,0.818,8,25,33,23,5,4,9,9,76
22201126,1610612755,76ers,PHI,Philadelphia,Starters,120:44,21,49,0.429,4,17,0.235,6,8,0.75,2,11,13,10,4,2,6,10,52
22201126,1610612743,DEN,Denver,nuggets,Bench,82:20,13,24,0.542,4,12,0.333,10,11,0.909,2,7,9,11,3,0,3,7,40
22201126,1610612755,PHI,Philadelphia,sixers,Bench,119:16,22,40,0.55,4,13,0.308,11,14,0.786,9,18,27,8,6,1,5,10,59
22201123,1610612742,Mavericks,DAL,Dallas,Starters,115:41,25,46,0.543,10,22,0.455,9,10,0.9,4,12,16,14,3,4,2,6,69
22201123,1610612754,Pacers,IND,Indiana,Starters,163:22,27,64,0.422,7,24,0.292,10,14,0.714,4,21,25,11,2,2,9,12,71
22201123,1610612742,DAL,Dallas,mavericks,Bench,124:19,22,37,0.595,8,15,0.533,6,7,0.857,0,17,17,15,4,4,11,17,58
22201123,1610612754,IND,Indiana,pacers,Bench,76:38,12,29,0.414,1,4,0.25,8,9,0.889,10,8,18,9,4,1,4,7,33
22201122,1610612749,Bucks,MIL,Milwaukee,Starters,162:45,38,72,0.528,12,30,0.4,20,24,0.833,12,27,39,18,2,3,6,12,108
22201122,1610612765,Pistons,DET,Detroit,Starters,159:33,30,64,0.469,5,13,0.385,20,25,0.8,7,25,32,18,4,0,5,11,85
22201122,1610612749,MIL,Milwaukee,bucks,Bench,77:15,7,23,0.304,2,15,0.133,2,2,1.0,3,8,11,10,3,1,2,11,18
22201122,1610612765,DET,Detroit,pistons,Bench,80:27,11,28,0.393,2,11,0.182,8,11,0.727,7,8,15,4,1,0,5,9,32
22201113,1610612742,Mavericks,DAL,Dallas,Starters,127:01,19,52,0.365,10,28,0.357,15,16,0.938,1,21,22,11,5,3,6,11,63
22201113,1610612766,Hornets,CHA,Charlotte,Starters,157:25,28,63,0.444,6,17,0.353,17,20,0.85,11,31,42,18,4,1,9,9,79
22201113,1610612742,DAL,Dallas,mavericks,Bench,112:59,13,32,0.406,9,21,0.429,6,6,1.0,2,13,15,7,3,4,2,13,41
22201113,1610612766,CHA,Charlotte,hornets,Bench,82:35,11,25,0.44,6,12,0.5,3,4,0.75,3,13,16,9,2,1,5,9,31
22201118,1610612751,Nets,BKN,Brooklyn,Starters,143:54,22,57,0.386,7,24,0.292,16,18,0.889,9,19,28,10,4,7,10,10,67
22201118,1610612753,Magic,ORL,Orlando,Starters,133:44,26,51,0.51,4,12,0.333,12,17,0.706,6,25,31,24,5,0,6,10,68
22201118,1610612751,BKN,Brooklyn,nets,Bench,96:07,15,34,0.441,1,11,0.091,8,10,0.8,6,10,16,7,3,1,5,10,39
22201118,1610612753,ORL,Orlando,magic,Bench,106:16,19,34,0.559,3,10,0.3,10,11,0.909,3,13,16,6,2,3,5,11,51
22201120,1610612757,Trail Blazers,POR,Portland,Starters,138:22,19,37,0.514,6,15,0.4,9,14,0.643,2,21,23,13,3,6,12,10,53
22201120,1610612760,Thunder,OKC,Oklahoma City,Starters,163:03,30,65,0.462,5,17,0.294,19,23,0.826,9,21,30,16,9,2,9,9,84
22201120,1610612757,POR,Portland,blazers,Bench,101:38,20,45,0.444,8,17,0.471,11,13,0.846,6,8,14,5,2,1,6,12,59
22201120,1610612760,OKC,Oklahoma City,thunder,Bench,76:57,11,29,0.379,7,18,0.389,5,5,1.0,4,8,12,7,4,0,2,10,34
22201116,1610612738,Celtics,BOS,Boston,Starters,146:47,33,62,0.532,12,34,0.353,7,11,0.636,4,33,37,15,3,7,11,9,85
22201116,1610612759,Spurs,SAS,San Antonio,Starters,126:45,24,58,0.414,5,16,0.313,5,8,0.625,2,23,25,14,3,0,6,6,58
22201116,1610612738,BOS,Boston,celtics,Bench,93:13,19,29,0.655,6,10,0.6,8,10,0.8,5,19,24,14,1,4,3,9,52
22201116,1610612759,SAS,San Antonio,spurs,Bench,113:15,12,39,0.308,3,20,0.15,8,10,0.8,1,12,13,8,4,0,4,10,35
22201105,1610612756,Suns,PHX,Phoenix,Starters,128:22,20,40,0.5,1,10,0.1,18,23,0.783,8,17,25,23,0,7,7,12,59
22201105,1610612758,Kings,SAC,Sacramento,Starters,153:16,39,67,0.582,12,28,0.429,21,25,0.84,4,20,24,19,3,2,4,14,111
22201105,1610612756,PHX,Phoenix,suns,Bench,111:39,28,49,0.571,8,19,0.421,4,6,0.667,4,14,18,10,2,0,5,13,68
22201105,1610612758,SAC,Sacramento,kings,Bench,86:45,8,22,0.364,1,11,0.091,7,7,1.0,1,8,9,10,3,1,0,9,24
22201074,1610612744,Warriors,GSW,Golden State,Starters,150:04,30,61,0.492,11,33,0.333,12,15,0.8,10,24,34,17,8,3,13,10,83
22201074,1610612745,Rockets,HOU,Houston,Starters,181:40,32,77,0.416,8,30,0.267,16,20,0.8,10,24,34,11,11,2,12,10,88
22201074,1610612744,GSW,Golden State,warriors,Bench,89:56,14,27,0.519,6,15,0.4,4,4,1.0,6,8,14,14,4,3,5,4,38
22201074,1610612745,HOU,Houston,rockets,Bench,58:20,7,16,0.438,2,6,0.333,4,4,1.0,3,4,7,3,3,0,5,4,20
22201071,1610612754,Pacers,IND,Indiana,Starters,135:58,22,47,0.468,5,17,0.294,15,18,0.833,2,16,18,16,2,1,14,14,64
22201071,1610612766,Hornets,CHA,Charlotte,Starters,165:57,34,70,0.486,7,23,0.304,22,30,0.733,6,20,26,18,9,3,7,10,97
22201071,1610612754,IND,Indiana,pacers,Bench,104:03,15,35,0.429,4,9,0.444,11,16,0.688,11,19,30,11,3,5,7,12,45
22201071,1610612766,CHA,Charlotte,hornets,Bench,74:03,7,20,0.35,3,8,0.375,1,2,0.5,4,7,11,8,3,3,4,12,18
22201049,1610612739,Cavaliers,CLE,Cleveland,Starters,146:04,32,61,0.525,1,13,0.077,12,15,0.8,7,19,26,15,3,5,6,8,77
22201049,1610612764,Wizards,WAS,Washington,Starters,139:58,23,55,0.418,5,15,0.333,14,16,0.875,3,23,26,16,5,5,14,12,65
22201049,1610612739,CLE,Cleveland,cavaliers,Bench,93:56,16,26,0.615,3,6,0.5,5,7,0.714,2,13,15,16,6,2,4,11,40
22201049,1610612764,WAS,Washington,wizards,Bench,100:02,12,21,0.571,3,8,0.375,2,4,0.5,3,9,12,6,0,1,2,7,29
22201027,1610612739,Cavaliers,CLE,Cleveland,Starters,147:18,30,54,0.556,8,11,0.727,13,16,0.813,7,13,20,18,7,3,2,9,81
22201027,1610612766,Hornets,CHA,Charlotte,Starters,156:14,32,55,0.582,4,17,0.235,8,11,0.727,3,22,25,19,0,3,13,9,76
22201027,1610612739,CLE,Cleveland,cavaliers,Bench,92:43,15,34,0.441,6,19,0.316,3,3,1.0,1,9,10,11,1,3,6,10,39
22201027,1610612766,CHA,Charlotte,hornets,Bench,83:46,11,21,0.524,2,6,0.333,4,4,1.0,3,12,15,9,3,5,6,9,28
22201034,1610612752,Knicks,NYK,New York,Starters,137:23,26,52,0.5,6,19,0.316,20,28,0.714,5,25,30,7,3,5,8,8,78
22201034,1610612757,Trail Blazers,POR,Portland,Starters,179:52,33,80,0.413,15,37,0.405,14,18,0.778,9,23,32,18,6,2,8,15,95
22201034,1610612752,NYK,New York,knicks,Bench,102:37,16,29,0.552,9,16,0.563,4,6,0.667,4,18,22,16,5,3,4,5,45
22201034,1610612757,POR,Portland,blazers,Bench,60:08,5,19,0.263,2,8,0.25,0,0,0.0,2,4,6,4,2,1,2,4,12
22201029,1610612743,Nuggets,DEN,Denver,Starters,171:15,32,59,0.542,6,20,0.3,16,21,0.762,2,17,19,25,9,3,11,11,86
22201029,1610612761,Raptors,TOR,Toronto,Starters,176:29,42,74,0.568,12,24,0.5,6,8,0.75,9,23,32,24,7,2,11,16,102
22201029,1610612743,DEN,Denver,nuggets,Bench,68:45,10,17,0.588,0,5,0.0,4,4,1.0,2,11,13,4,0,1,3,6,24
22201029,1610612761,TOR,Toronto,raptors,Bench,63:31,7,19,0.368,0,6,0.0,9,9,1.0,5,7,12,1,3,0,0,2,23
22201030,1610612740,Pelicans,NOP,New Orleans,Starters,161:34,33,74,0.446,8,32,0.25,11,17,0.647,9,16,25,17,7,3,11,16,85
22201030,1610612747,Lakers,LAL,Los Angeles,Starters,153:23,28,58,0.483,13,28,0.464,19,20,0.95,9,27,36,15,7,2,9,9,88
22201030,1610612740,NOP,New Orleans,pelicans,Bench,78:26,9,24,0.375,3,11,0.273,2,3,0.667,6,10,16,6,2,0,1,8,23
22201030,1610612747,LAL,Los Angeles,lakers,Bench,86:37,12,24,0.5,5,11,0.455,6,8,0.75,6,10,16,9,1,0,8,7,35
22201032,1610612753,Magic,ORL,Orlando,Starters,144:23,29,64,0.453,5,15,0.333,7,10,0.7,7,16,23,15,3,2,7,9,70
22201032,1610612759,Spurs,SAS,San Antonio,Starters,144:23,34,58,0.586,12,22,0.545,13,16,0.813,4,28,32,24,4,5,7,7,93
22201032,1610612753,ORL,Orlando,magic,Bench,95:37,15,33,0.455,5,14,0.357,9,11,0.818,6,13,19,9,4,0,2,7,44
22201032,1610612759,SAS,San Antonio,spurs,Bench,95:37,14,27,0.519,10,19,0.526,1,2,0.5,3,12,15,15,2,2,7,10,39
22201008,1610612737,Hawks,ATL,Atlanta,Starters,162:25,37,76,0.487,6,23,0.261,8,8,1.0,6,22,28,20,3,2,10,11,88
22201008,1610612738,Celtics,BOS,Boston,Starters,178:12,36,72,0.5,14,34,0.412,10,12,0.833,2,27,29,29,4,5,4,16,96
22201008,1610612737,ATL,Atlanta,hawks,Bench,77:35,13,24,0.542,4,11,0.364,7,8,0.875,7,13,20,4,1,2,0,6,37
22201008,1610612738,BOS,Boston,celtics,Bench,61:48,16,23,0.696,6,8,0.75,0,0,0.0,3,8,11,6,2,1,4,5,38
22201006,1610612754,Pacers,IND,Indiana,Starters,139:20,23,56,0.411,6,23,0.261,15,20,0.75,10,21,31,13,5,2,8,12,67
22201006,1610612765,Pistons,DET,Detroit,Starters,145:56,26,63,0.413,7,24,0.292,9,13,0.692,6,21,27,17,6,4,9,13,68
22201006,1610612754,IND,Indiana,pacers,Bench,100:40,20,37,0.541,3,12,0.25,11,14,0.786,8,19,27,11,2,4,6,8,54
22201006,1610612765,DET,Detroit,pistons,Bench,94:04,17,31,0.548,4,10,0.4,9,14,0.643,6,9,15,8,1,3,3,11,47
22201005,1610612762,Jazz,UTA,Utah,Starters,164:14,35,75,0.467,7,24,0.292,17,19,0.895,15,31,46,15,2,3,7,7,94
22201005,1610612766,Hornets,CHA,Charlotte,Starters,166:39,32,76,0.421,13,33,0.394,7,7,1.0,4,25,29,17,3,9,5,11,84
22201005,1610612762,UTA,Utah,jazz,Bench,75:46,11,28,0.393,2,8,0.25,1,1,1.0,5,9,14,7,2,1,4,10,25
22201005,1610612766,CHA,Charlotte,hornets,Bench,73:21,8,22,0.364,4,7,0.571,7,8,0.875,7,7,14,7,2,5,2,4,27
22201013,1610612756,Suns,PHX,Phoenix,Starters,177:07,31,62,0.5,7,25,0.28,16,20,0.8,4,26,30,25,9,3,10,12,85
22201013,1610612758,Kings,SAC,Sacramento,Starters,139:39,21,52,0.404,4,16,0.25,17,22,0.773,5,15,20,11,4,1,8,10,63
22201013,1610612756,PHX,Phoenix,suns,Bench,62:53,13,27,0.481,6,19,0.316,2,2,1.0,3,7,10,5,2,0,4,14,34
22201013,1610612758,SAC,Sacramento,kings,Bench,100:21,20,33,0.606,11,19,0.579,14,15,0.933,3,16,19,8,6,1,7,9,65
22201004,1610612746,Clippers,LAC,LA,Starters,157:48,35,64,0.547,8,20,0.4,8,10,0.8,4,24,28,14,3,2,5,12,86
22201004,1610612752,Knicks,NYK,New York,Starters,169:11,23,70,0.329,7,25,0.28,16,19,0.842,14,22,36,13,3,2,6,11,69
22201004,1610612746,LAC,LA,clippers,Bench,82:12,7,23,0.304,2,10,0.2,4,6,0.667,3,8,11,8,0,2,3,8,20
22201004,1610612752,NYK,New York,knicks,Bench,70:49,9,20,0.45,0,6,0.0,8,8,1.0,6,12,18,8,2,1,3,6,26
22201011,1610612740,Pelicans,NOP,New Orleans,Starters,149:46,25,53,0.472,10,22,0.455,13,15,0.867,5,20,25,14,0,1,18,19,73
22201011,1610612760,Thunder,OKC,Oklahoma City,Starters,163:37,31,58,0.534,4,9,0.444,22,26,0.846,3,19,22,13,9,2,8,11,88
22201011,1610612740,NOP,New Orleans,pelicans,Bench,90:14,9,28,0.321,2,12,0.167,3,4,0.75,3,15,18,9,3,3,4,6,23
22201011,1610612760,OKC,Oklahoma City,thunder,Bench,76:23,6,22,0.273,5,19,0.263,5,6,0.833,1,15,16,4,2,0,3,6,22
22201010,1610612742,Mavericks,DAL,Dallas,Starters,158:05,30,63,0.476,11,29,0.379,6,13,0.462,9,19,28,13,2,2,10,11,77
22201010,1610612763,Grizzlies,MEM,Memphis,Starters,162:27,23,56,0.411,4,21,0.19,20,23,0.87,8,23,31,23,3,3,8,10,70
22201010,1610612742,DAL,Dallas,mavericks,Bench,81:55,9,22,0.409,4,14,0.286,9,10,0.9,1,14,15,12,2,1,1,6,31
22201010,1610612763,MEM,Memphis,grizzlies,Bench,77:33,18,30,0.6,6,17,0.353,0,1,0.0,3,11,14,2,4,2,3,6,42
22201012,1610612744,Warriors,GSW,Golden State,Starters,185:24,33,80,0.413,17,40,0.425,7,8,0.875,13,34,47,23,10,2,10,10,90
22201012,1610612749,Bucks,MIL,Milwaukee,Starters,173:58,32,76,0.421,12,32,0.375,7,9,0.778,6,29,35,18,6,7,14,9,83
22201012,1610612744,GSW,Golden State,warriors,Bench,79:37,13,32,0.406,6,15,0.4,3,3,1.0,5,13,18,10,2,2,5,5,35
22201012,1610612749,MIL,Milwaukee,bucks,Bench,91:02,11,24,0.458,9,19,0.474,2,2,1.0,1,12,13,10,3,0,3,5,33
22201001,1610612750,Timberwolves,MIN,Minnesota,Starters,201:31,40,76,0.526,5,19,0.263,14,24,0.583,10,25,35,27,9,6,9,13,99
22201001,1610612751,Nets,BKN,Brooklyn,Starters,198:16,35,71,0.493,11,24,0.458,19,27,0.704,9,22,31,17,4,5,11,18,100
22201001,1610612750,MIN,Minnesota,timberwolves,Bench,63:29,8,22,0.364,4,11,0.364,4,5,0.8,2,10,12,2,1,0,5,8,24
22201001,1610612751,BKN,Brooklyn,nets,Bench,66:44,7,20,0.35,5,10,0.5,5,6,0.833,3,14,17,3,3,0,3,8,24
22201002,1610612743,Nuggets,DEN,Denver,Starters,166:45,35,66,0.53,12,28,0.429,13,14,0.929,6,20,26,27,11,4,12,8,95
22201002,1610612759,Spurs,SAS,San Antonio,Starters,146:02,29,64,0.453,6,22,0.273,6,7,0.857,5,26,31,19,5,0,13,11,70
22201002,1610612743,DEN,Denver,nuggets,Bench,73:15,9,24,0.375,1,7,0.143,6,6,1.0,2,5,7,5,3,0,2,6,25
22201002,1610612759,SAS,San Antonio,spurs,Bench,93:58,22,30,0.733,7,11,0.636,7,10,0.7,8,11,19,12,5,0,5,9,58
22200981,1610612745,Rockets,HOU,Houston,Starters,158:42,27,64,0.422,5,20,0.25,13,20,0.65,11,23,34,11,1,1,11,11,72
22200981,1610612751,Nets,BKN,Brooklyn,Starters,144:32,28,60,0.467,9,28,0.321,16,21,0.762,3,15,18,16,6,7,7,11,81
22200981,1610612745,HOU,Houston,rockets,Bench,81:18,9,19,0.474,2,6,0.333,4,4,1.0,4,10,14,3,5,0,8,11,24
22200981,1610612751,BKN,Brooklyn,nets,Bench,95:28,12,21,0.571,6,12,0.5,7,8,0.875,2,16,18,7,6,0,5,10,37
22200978,1610612749,Bucks,MIL,Milwaukee,Starters,160:07,34,57,0.596,5,15,0.333,25,27,0.926,2,21,23,19,2,4,12,11,98
22200978,1610612753,Magic,ORL,Orlando,Starters,147:04,31,62,0.5,6,19,0.316,10,14,0.714,3,15,18,18,4,0,10,14,78
22200978,1610612749,MIL,Milwaukee,bucks,Bench,79:53,12,21,0.571,5,13,0.385,7,7,1.0,1,14,15,9,3,1,4,7,36
22200978,1610612753,ORL,Orlando,magic,Bench,92:56,19,38,0.5,3,11,0.273,4,5,0.8,7,13,20,6,3,0,3,8,45
22200984,1610612747,Lakers,LAL,Los Angeles,Starters,149:47,24,56,0.429,5,18,0.278,17,21,0.81,5,40,45,19,3,2,11,10,70
22200984,1610612763,Grizzlies,MEM,Memphis,Starters,158:27,27,69,0.391,6,24,0.25,13,18,0.722,5,22,27,10,5,5,3,15,73
22200984,1610612747,LAL,Los Angeles,lakers,Bench,90:13,17,34,0.5,2,10,0.2,6,8,0.75,2,10,12,8,1,0,2,8,42
22200984,1610612763,MEM,Memphis,grizzlies,Bench,81:35,9,24,0.375,3,13,0.231,9,11,0.818,1,17,18,8,1,1,4,10,30
22200964,1610612744,Warriors,GSW,Golden State,Starters,152:38,28,61,0.459,11,30,0.367,14,16,0.875,4,23,27,18,2,3,8,15,81
22200964,1610612747,Lakers,LAL,Los Angeles,Starters,166:32,32,68,0.471,7,20,0.35,15,18,0.833,7,26,33,19,2,2,3,10,86
22200964,1610612744,GSW,Golden State,warriors,Bench,87:22,8,30,0.267,7,22,0.318,1,2,0.5,3,12,15,9,0,3,4,6,24
22200964,1610612747,LAL,Los Angeles,lakers,Bench,73:28,10,27,0.37,4,13,0.308,3,4,0.75,3,10,13,10,1,1,4,7,27
22200941,1610612740,Pelicans,NOP,New Orleans,Starters,143:36,34,64,0.531,5,12,0.417,10,11,0.909,7,20,27,16,3,1,6,11,83
22200941,1610612757,Trail Blazers,POR,Portland,Starters,152:45,27,56,0.482,9,25,0.36,24,26,0.923,6,21,27,9,2,7,7,9,87
22200941,1610612740,NOP,New Orleans,pelicans,Bench,96:24,12,25,0.48,4,13,0.308,10,12,0.833,4,10,14,7,6,3,0,9,38
22200941,1610612757,POR,Portland,blazers,Bench,87:15,9,25,0.36,2,13,0.154,3,3,1.0,6,8,14,9,3,1,7,9,23
22200939,1610612749,Bucks,MIL,Milwaukee,Starters,133:54,33,57,0.579,15,32,0.469,13,17,0.765,5,20,25,23,3,1,6,8,94
22200939,1610612753,Magic,ORL,Orlando,Starters,139:48,25,55,0.455,4,14,0.286,16,21,0.762,6,22,28,13,0,3,10,9,70
22200939,1610612749,MIL,Milwaukee,bucks,Bench,106:06,16,37,0.432,11,24,0.458,2,2,1.0,3,18,21,6,1,0,2,15,45
22200939,1610612753,ORL,Orlando,magic,Bench,100:12,18,39,0.462,5,19,0.263,6,8,0.75,6,16,22,9,3,2,3,9,47
22200937,1610612751,Nets,BKN,Brooklyn,Starters,128:09,27,53,0.509,9,19,0.474,16,17,0.941,3,14,17,18,3,2,7,11,79
22200937,1610612752,Knicks,NYK,New York,Starters,150:39,41,62,0.661,17,25,0.68,11,17,0.647,4,24,28,17,1,1,10,13,110
22200937,1610612751,BKN,Brooklyn,nets,Bench,111:51,15,37,0.405,6,20,0.3,3,3,1.0,2,12,14,8,3,3,5,10,39
22200937,1610612752,NYK,New York,knicks,Bench,89:21,13,27,0.481,3,10,0.3,3,4,0.75,3,15,18,11,4,2,6,8,32
22200936,1610612748,Heat,MIA,Miami,Starters,139:24,23,52,0.442,1,14,0.071,13,14,0.929,4,14,18,13,3,0,7,6,60
22200936,1610612755,76ers,PHI,Philadelphia,Starters,160:05,27,54,0.5,13,30,0.433,14,14,1.0,3,20,23,20,4,3,5,14,81
22200936,1610612748,MIA,Miami,heat,Bench,100:36,11,26,0.423,6,15,0.4,8,9,0.889,1,14,15,5,0,2,5,11,36
22200936,1610612755,PHI,Philadelphia,sixers,Bench,79:55,14,29,0.483,2,9,0.222,8,8,1.0,6,12,18,5,2,2,3,6,38
22201076,1610612758,Kings,SAC,Sacramento,Starters,154:12,33,63,0.524,14,29,0.483,12,15,0.8,7,22,29,21,3,2,3,12,92
22201076,1610612762,Jazz,UTA,Utah,Starters,147:07,25,54,0.463,14,29,0.483,14,16,0.875,3,27,30,20,1,6,10,15,78
22201076,1610612758,SAC,Sacramento,kings,Bench,85:48,8,34,0.235,5,23,0.217,7,10,0.7,1,13,14,7,2,1,3,8,28
22201076,1610612762,UTA,Utah,jazz,Bench,92:53,21,34,0.618,2,7,0.286,6,7,0.857,3,15,18,13,2,2,2,8,50
