GAME_ID,TEAM_ID,TEAM_ABBREVIATION,TEAM_CITY,PLAYER_ID,PLAYER_NAME,NICKNAME,START_POSITION,COMMENT,MIN,FGM,FGA,FG_PCT,FG3M,FG3A,FG3_PCT,FTM,FTA,FT_PCT,OREB,DREB,REB,AST,STL,BLK,TO,PF,PTS,PLUS_MINUS
22200101,1610612763,MEM,Memphis,1628415,Dillon Brooks,Dillon,F,,29:50,6.0,16.0,0.375,3.0,7.0,0.429,4.0,8.0,0.5,1.0,3.0,4.0,1.0,0.0,0.0,1.0,2.0,19.0,-2.0
22200101,1610612763,MEM,Memphis,1630583,Santi Aldama,Santi,F,,23:41,1.0,7.0,0.143,0.0,1.0,0.0,1.0,2.0,0.5,4.0,4.0,8.0,1.0,0.0,1.0,0.0,3.0,3.0,3.0
22200101,1610612763,MEM,Memphis,203500,Steven Adams,Steven,C,,18:31,1.0,4.0,0.25,0.0,0.0,0.0,0.0,1.0,0.0,2.0,7.0,9.0,1.0,1.0,1.0,4.0,1.0,2.0,-11.0
22200101,1610612763,MEM,Memphis,1629723,John Konchar,John,G,,25:47,2.0,8.0,0.25,0.0,4.0,0.0,0.0,0.0,0.0,1.0,2.0,3.0,0.0,3.0,1.0,1.0,4.0,4.0,-12.0
22200101,1610612763,MEM,Memphis,1629630,Ja Morant,Ja,G,,31:30,12.0,18.0,0.667,1.0,2.0,0.5,12.0,15.0,0.8,1.0,4.0,5.0,4.0,0.0,0.0,3.0,2.0,37.0,-19.0
22200101,1610612763,MEM,Memphis,1631223,David Roddy,David,,,28:46,0.0,8.0,0.0,0.0,4.0,0.0,2.0,2.0,1.0,2.0,4.0,6.0,0.0,2.0,1.0,0.0,1.0,2.0,-20.0
22200101,1610612763,MEM,Memphis,1626145,Tyus Jones,Tyus,,,27:18,5.0,9.0,0.556,2.0,5.0,0.4,0.0,0.0,0.0,0.0,2.0,2.0,2.0,1.0,0.0,5.0,1.0,12.0,-18.0
22200101,1610612763,MEM,Memphis,1629634,Brandon Clarke,Brandon,,,15:59,4.0,7.0,0.571,0.0,0.0,0.0,0.0,2.0,0.0,2.0,3.0,5.0,1.0,0.0,0.0,0.0,1.0,8.0,-9.0
22200101,1610612763,MEM,Memphis,1630214,Xavier Tillman,Xavier,,,17:07,3.0,4.0,0.75,0.0,0.0,0.0,2.0,7.0,0.286,3.0,2.0,5.0,0.0,0.0,0.0,1.0,1.0,8.0,-2.0
22200101,1610612763,MEM,Memphis,1631113,Kennedy Chandler,Kennedy,,,12:11,1.0,3.0,0.333,0.0,1.0,0.0,1.0,3.0,0.333,0.0,1.0,1.0,3.0,0.0,0.0,1.0,1.0,3.0,2.0
22200101,1610612763,MEM,Memphis,1631246,Vince Williams Jr.,Vince,,,4:40,1.0,3.0,0.333,0.0,2.0,0.0,0.0,0.0,0.0,1.0,2.0,3.0,1.0,1.0,0.0,0.0,0.0,2.0,4.0
22200101,1610612763,MEM,Memphis,1631254,Kenneth Lofton Jr.,Kenneth,,,4:40,2.0,5.0,0.4,0.0,0.0,0.0,1.0,2.0,0.5,1.0,0.0,1.0,0.0,0.0,0.0,0.0,0.0,5.0,4.0
22200101,1610612762,UTA,Utah,1628374,Lauri Markkanen,Lauri,F,,31:34,11.0,15.0,0.733,4.0,6.0,0.667,5.0,6.0,0.833,4.0,7.0,11.0,2.0,1.0,4.0,2.0,2.0,31.0,15.0
22200101,1610612762,UTA,Utah,203482,Kelly Olynyk,Kelly,F,,21:12,2.0,7.0,0.286,0.0,3.0,0.0,3.0,4.0,0.75,1.0,2.0,3.0,1.0,4.0,1.0,2.0,6.0,7.0,5.0
22200101,1610612762,UTA,Utah,1629020,Jarred Vanderbilt,Jarred,C,,22:20,3.0,5.0,0.6,1.0,2.0,0.5,0.0,0.0,0.0,2.0,5.0,7.0,5.0,1.0,1.0,2.0,4.0,7.0,-4.0
22200101,1610612762,UTA,Utah,203903,Jordan Clarkson,Jordan,G,,33:20,3.0,14.0,0.214,2.0,8.0,0.25,3.0,5.0,0.6,1.0,6.0,7.0,7.0,0.0,0.0,1.0,4.0,11.0,14.0
22200101,1610612762,UTA,Utah,201144,Mike Conley,Mike,G,,30:15,5.0,9.0,0.556,5.0,7.0,0.714,0.0,0.0,0.0,0.0,2.0,2.0,5.0,1.0,0.0,0.0,2.0,15.0,15.0
22200101,1610612762,UTA,Utah,1627736,Malik Beasley,Malik,,,26:21,7.0,12.0,0.583,4.0,9.0,0.444,0.0,0.0,0.0,0.0,4.0,4.0,4.0,0.0,0.0,2.0,1.0,18.0,14.0
22200101,1610612762,UTA,Utah,1629012,Collin Sexton,Collin,,,24:15,4.0,9.0,0.444,2.0,4.0,0.5,5.0,5.0,1.0,1.0,1.0,2.0,0.0,2.0,0.0,2.0,4.0,15.0,19.0
22200101,1610612762,UTA,Utah,1630534,Ochai Agbaji,Ochai,,,21:10,2.0,6.0,0.333,0.0,1.0,0.0,0.0,0.0,0.0,1.0,2.0,3.0,0.0,0.0,0.0,0.0,3.0,4.0,6.0
22200101,1610612762,UTA,Utah,1629659,Talen Horton-Tucker,Talen,,,19:42,5.0,11.0,0.455,1.0,6.0,0.167,2.0,2.0,1.0,1.0,4.0,5.0,2.0,0.0,0.0,3.0,1.0,13.0,-1.0
22200101,1610612762,UTA,Utah,1628962,Udoka Azubuike,Udoka,,,3:17,0.0,0.0,0.0,0.0,0.0,0.0,0.0,0.0,0.0,0.0,3.0,3.0,0.0,0.0,0.0,0.0,1.0,0.0,-1.0
22200101,1610612762,UTA,Utah,1629638,Nickeil Alexander-Walker,Nickeil,,,3:17,0.0,1.0,0.0,0.0,1.0,0.0,0.0,0.0,0.0,0.0,1.0,1.0,0.0,1.0,0.0,1.0,1.0,0.0,-1.0
22200101,1610612762,UTA,Utah,1630695,Micah Potter,Micah,,,3:17,0.0,0.0,0.0,0.0,0.0,0.0,0.0,0.0,0.0,0.0,0.0,0.0,0.0,0.0,0.0,0.0,1.0,0.0,-1.0
22200100,1610612765,DET,Detroit,1630180,Saddiq Bey,Saddiq,F,,26:51,4.0,9.0,0.444,1.0,4.0,0.25,1.0,1.0,1.0,0.0,1.0,1.0,2.0,2.0,0.0,0.0,5.0,10.0,-12.0
22200100,1610612765,DET,Detroit,202711,Bojan Bogdanović,Bojan,F,,35:05,9.0,16.0,0.563,3.0,6.0,0.5,2.0,2.0,1.0,1.0,3.0,4.0,2.0,2.0,0.0,1.0,2.0,23.0,-5.0
22200100,1610612765,DET,Detroit,1630191,Isaiah Stewart,Isaiah,C,,29:30,4.0,9.0,0.444,0.0,2.0,0.0,3.0,4.0,0.75,5.0,6.0,11.0,2.0,0.0,1.0,2.0,5.0,11.0,-3.0
22200100,1610612765,DET,Detroit,1630595,Cade Cunningham,Cade,G,,36:24,11.0,23.0,0.478,3.0,9.0,0.333,2.0,2.0,1.0,1.0,5.0,6.0,7.0,1.0,1.0,5.0,2.0,27.0,-7.0
22200100,1610612765,DET,Detroit,1631093,Jaden Ivey,Jaden,G,,40:16,8.0,17.0,0.471,0.0,4.0,0.0,3.0,4.0,0.75,2.0,5.0,7.0,1.0,2.0,0.0,3.0,3.0,19.0,-9.0
22200100,1610612765,DET,Detroit,1628977,Hamidou Diallo,Hamidou,,,20:08,4.0,9.0,0.444,0.0,1.0,0.0,5.0,6.0,0.833,2.0,3.0,5.0,0.0,1.0,0.0,0.0,3.0,13.0,6.0
22200100,1610612765,DET,Detroit,203457,Nerlens Noel,Nerlens,,,18:30,0.0,3.0,0.0,0.0,0.0,0.0,2.0,2.0,1.0,2.0,2.0,4.0,2.0,1.0,1.0,0.0,1.0,2.0,1.0
22200100,1610612765,DET,Detroit,1630165,Killian Hayes,Killian,,,16:33,0.0,4.0,0.0,0.0,1.0,0.0,0.0,0.0,0.0,0.0,4.0,4.0,3.0,0.0,0.0,1.0,2.0,0.0,7.0
22200100,1610612765,DET,Detroit,1630587,Isaiah Livers,Isaiah,,,16:43,1.0,2.0,0.5,1.0,2.0,0.5,0.0,0.0,0.0,0.0,1.0,1.0,0.0,0.0,0.0,0.0,1.0,3.0,12.0
22200100,1610612765,DET,Detroit,202709,Cory Joseph,Cory,,DNP - Coach's Decision,,,,,,,,,,,,,,,,,,,,
22200100,1610612765,DET,Detroit,1630296,Braxton Key,Braxton,,DNP - Coach's Decision,,,,,,,,,,,,,,,,,,,,
22200100,1610612765,DET,Detroit,1628995,Kevin Knox II,Kevin,,DNP - Coach's Decision,,,,,,,,,,,,,,,,,,,,
22200100,1610612765,DET,Detroit,203585,Rodney McGruder,Rodney,,DNP - Coach's Decision,,,,,,,,,,,,,,,,,,,,
22200100,1610612749,MIL,Milwaukee,1628960,Grayson Allen,Grayson,F,,19:53,2.0,4.0,0.5,1.0,3.0,0.333,4.0,4.0,1.0,0.0,2.0,2.0,2.0,1.0,0.0,4.0,1.0,9.0,11.0
22200100,1610612749,MIL,Milwaukee,203507,Giannis Antetokounmpo,Giannis,F,,31:43,12.0,23.0,0.522,0.0,4.0,0.0,7.0,9.0,0.778,2.0,5.0,7.0,2.0,0.0,2.0,4.0,5.0,31.0,-1.0
22200100,1610612749,MIL,Milwaukee,201572,Brook Lopez,Brook,C,,34:25,10.0,16.0,0.625,2.0,5.0,0.4,2.0,2.0,1.0,4.0,5.0,9.0,0.0,0.0,2.0,1.0,4.0,24.0,12.0
22200100,1610612749,MIL,Milwaukee,1628975,Jevon Carter,Jevon,G,,24:08,0.0,5.0,0.0,0.0,3.0,0.0,0.0,0.0,0.0,3.0,3.0,6.0,1.0,2.0,0.0,0.0,3.0,0.0,1.0
22200100,1610612749,MIL,Milwaukee,201950,Jrue Holiday,Jrue,G,,37:19,7.0,15.0,0.467,5.0,11.0,0.455,6.0,7.0,0.857,1.0,6.0,7.0,10.0,1.0,0.0,4.0,1.0,25.0,10.0
22200100,1610612749,MIL,Milwaukee,1626171,Bobby Portis,Bobby,,,27:47,6.0,11.0,0.545,2.0,4.0,0.5,1.0,3.0,0.333,3.0,9.0,12.0,2.0,0.0,0.0,1.0,1.0,15.0,-1.0
22200100,1610612749,MIL,Milwaukee,202083,Wesley Matthews,Wesley,,,20:57,1.0,3.0,0.333,1.0,3.0,0.333,0.0,0.0,0.0,1.0,2.0,3.0,0.0,0.0,0.0,0.0,3.0,3.0,-3.0
22200100,1610612749,MIL,Milwaukee,1629670,Jordan Nwora,Jordan,,,13:12,0.0,4.0,0.0,0.0,3.0,0.0,0.0,0.0,0.0,0.0,2.0,2.0,1.0,1.0,0.0,0.0,1.0,0.0,-3.0
22200100,1610612749,MIL,Milwaukee,201586,Serge Ibaka,Serge,,,9:30,0.0,1.0,0.0,0.0,0.0,0.0,0.0,0.0,0.0,0.0,0.0,0.0,0.0,0.0,0.0,2.0,1.0,0.0,-3.0
22200100,1610612749,MIL,Milwaukee,201588,George Hill,George,,,17:27,0.0,3.0,0.0,0.0,3.0,0.0,3.0,4.0,0.75,0.0,1.0,1.0,2.0,0.0,0.0,0.0,1.0,3.0,-10.0
22200100,1610612749,MIL,Milwaukee,1630699,MarJon Beauchamp,MarJon,,,3:40,0.0,2.0,0.0,0.0,1.0,0.0,0.0,0.0,0.0,0.0,1.0,1.0,0.0,0.0,1.0,0.0,0.0,0.0,-3.0
22200100,1610612749,MIL,Milwaukee,203648,Thanasis Antetokounmpo,Thanasis,,DNP - Coach's Decision,,,,,,,,,,,,,,,,,,,,
22200100,1610612749,MIL,Milwaukee,1630572,Sandro Mamukelashvili,Sandro,,DNP - Coach's Decision,,,,,,,,,,,,,,,,,,,,
22200099,1610612737,ATL,Atlanta,1629631,De'Andre Hunter,De'Andre,F,,22:20,4.0,10.0,0.4,3.0,4.0,0.75,0.0,0.0,0.0,0.0,1.0,1.0,1.0,0.0,0.0,1.0,5.0,11.0,-21.0
22200099,1610612737,ATL,Atlanta,1628381,John Collins,John,F,,29:37,5.0,12.0,0.417,1.0,6.0,0.167,1.0,1.0,1.0,3.0,9.0,12.0,1.0,0.0,0.0,0.0,6.0,12.0,-24.0
22200099,1610612737,ATL,Atlanta,203991,Clint Capela,Clint,C,,25:25,6.0,7.0,0.857,0.0,0.0,0.0,1.0,4.0,0.25,2.0,3.0,5.0,0.0,0.0,1.0,1.0,2.0,13.0,-24.0
22200099,1610612737,ATL,Atlanta,1627749,Dejounte Murray,Dejounte,G,,30:31,7.0,15.0,0.467,2.0,4.0,0.5,4.0,4.0,1.0,0.0,4.0,4.0,9.0,0.0,0.0,4.0,3.0,20.0,-12.0
22200099,1610612737,ATL,Atlanta,1629027,Trae Young,Trae,G,,32:27,3.0,13.0,0.231,1.0,5.0,0.2,7.0,8.0,0.875,0.0,0.0,0.0,10.0,1.0,0.0,10.0,0.0,14.0,-29.0
22200099,1610612737,ATL,Atlanta,1630168,Onyeka Okongwu,Onyeka,,,16:15,3.0,4.0,0.75,0.0,0.0,0.0,2.0,2.0,1.0,1.0,4.0,5.0,1.0,0.0,2.0,1.0,3.0,8.0,0.0
22200099,1610612737,ATL,Atlanta,203200,Justin Holiday,Justin,,,23:44,5.0,8.0,0.625,2.0,4.0,0.5,0.0,0.0,0.0,0.0,0.0,0.0,1.0,0.0,1.0,0.0,2.0,12.0,-13.0
22200099,1610612737,ATL,Atlanta,1630552,Jalen Johnson,Jalen,,,10:40,2.0,3.0,0.667,0.0,0.0,0.0,1.0,2.0,0.5,1.0,3.0,4.0,1.0,0.0,0.0,0.0,3.0,5.0,3.0
22200099,1610612737,ATL,Atlanta,1631100,AJ Griffin,AJ,,,14:28,1.0,3.0,0.333,0.0,2.0,0.0,0.0,0.0,0.0,0.0,2.0,2.0,1.0,0.0,0.0,0.0,1.0,2.0,-11.0
22200099,1610612737,ATL,Atlanta,1628988,Aaron Holiday,Aaron,,,9:13,0.0,1.0,0.0,0.0,0.0,0.0,0.0,0.0,0.0,0.0,0.0,0.0,1.0,0.0,0.0,0.0,0.0,0.0,5.0
22200099,1610612737,ATL,Atlanta,1626163,Frank Kaminsky,Frank,,,6:20,0.0,1.0,0.0,0.0,1.0,0.0,4.0,4.0,1.0,0.0,1.0,1.0,1.0,0.0,0.0,1.0,1.0,4.0,-6.0
22200099,1610612737,ATL,Atlanta,1630249,Vít Krejčí,Vít,,,6:20,2.0,3.0,0.667,1.0,2.0,0.5,0.0,0.0,0.0,0.0,1.0,1.0,0.0,0.0,0.0,0.0,1.0,5.0,-6.0
22200099,1610612737,ATL,Atlanta,1630235,Trent Forrest,Trent,,,6:20,0.0,2.0,0.0,0.0,0.0,0.0,0.0,0.0,0.0,0.0,2.0,2.0,1.0,0.0,0.0,0.0,0.0,0.0,-6.0
22200099,1610612737,ATL,Atlanta,1631213,Tyrese Martin,Tyrese,,,6:20,1.0,2.0,0.5,1.0,1.0,1.0,0.0,0.0,0.0,0.0,0.0,0.0,0.0,0.0,0.0,0.0,0.0,3.0,-6.0
22200099,1610612761,TOR,Toronto,1628384,OG Anunoby,OG,F,,31:36,5.0,10.0,0.5,2.0,7.0,0.286,2.0,2.0,1.0,1.0,5.0,6.0,3.0,6.0,2.0,1.0,5.0,14.0,12.0
22200099,1610612761,TOR,Toronto,1627783,Pascal Siakam,Pascal,F,,35:09,8.0,21.0,0.381,2.0,3.0,0.667,13.0,16.0,0.813,3.0,9.0,12.0,6.0,0.0,2.0,0.0,3.0,31.0,30.0
22200099,1610612761,TOR,Toronto,1631132,Christian Koloko,Christian,C,,21:27,4.0,7.0,0.571,0.0,0.0,0.0,1.0,3.0,0.333,2.0,3.0,5.0,0.0,0.0,3.0,2.0,4.0,9.0,23.0
22200099,1610612761,TOR,Toronto,1629018,Gary Trent Jr.,Gary,G,,36:49,7.0,16.0,0.438,2.0,6.0,0.333,5.0,6.0,0.833,1.0,1.0,2.0,2.0,1.0,0.0,0.0,0.0,21.0,28.0
22200099,1610612761,TOR,Toronto,1630567,Scottie Barnes,Scottie,G,,33:23,7.0,14.0,0.5,5.0,9.0,0.556,2.0,3.0,0.667,0.0,7.0,7.0,8.0,1.0,0.0,2.0,3.0,21.0,31.0
22200099,1610612761,TOR,Toronto,203920,Khem Birch,Khem,,,9:07,1.0,1.0,1.0,1.0,1.0,1.0,2.0,2.0,1.0,2.0,0.0,2.0,0.0,2.0,0.0,0.0,1.0,5.0,7.0
22200099,1610612761,TOR,Toronto,1630173,Precious Achiuwa,Precious,,,17:45,2.0,3.0,0.667,0.0,1.0,0.0,6.0,6.0,1.0,0.0,3.0,3.0,1.0,0.0,0.0,1.0,1.0,10.0,11.0
22200099,1610612761,TOR,Toronto,1628449,Chris Boucher,Chris,,,20:54,4.0,6.0,0.667,1.0,3.0,0.333,2.0,2.0,1.0,2.0,1.0,3.0,1.0,2.0,1.0,0.0,1.0,11.0,9.0
22200099,1610612761,TOR,Toronto,1630201,Malachi Flynn,Malachi,,,9:23,2.0,6.0,0.333,0.0,2.0,0.0,0.0,0.0,0.0,1.0,0.0,1.0,1.0,1.0,0.0,0.0,2.0,4.0,-6.0
22200099,1610612761,TOR,Toronto,1630551,Justin Champagnie,Justin,,,5:22,2.0,2.0,1.0,0.0,0.0,0.0,0.0,0.0,0.0,0.0,2.0,2.0,0.0,0.0,0.0,0.0,1.0,4.0,1.0
22200099,1610612761,TOR,Toronto,1630288,Jeff Dowtin Jr.,Jeff,,,5:22,2.0,2.0,1.0,0.0,0.0,0.0,0.0,0.0,0.0,0.0,1.0,1.0,1.0,0.0,0.0,0.0,0.0,4.0,1.0
22200099,1610612761,TOR,Toronto,1630625,Dalano Banton,Dalano,,,5:22,2.0,3.0,0.667,1.0,1.0,1.0,0.0,0.0,0.0,0.0,0.0,0.0,1.0,0.0,0.0,0.0,0.0,5.0,1.0
22200099,1610612761,TOR,Toronto,1627823,Juancho Hernangomez,Juancho,,,5:12,0.0,0.0,0.0,0.0,0.0,0.0,0.0,0.0,0.0,0.0,0.0,0.0,1.0,0.0,1.0,0.0,1.0,0.0,3.0
22200099,1610612761,TOR,Toronto,1631199,Ron Harper Jr.,Ron,,,3:09,0.0,1.0,0.0,0.0,1.0,0.0,0.0,0.0,0.0,0.0,0.0,0.0,0.0,0.0,0.0,0.0,0.0,0.0,-1.0
22200099,1610612761,TOR,Toronto,201152,Thaddeus Young,Thaddeus,,DNP - Coach's Decision,,,,,,,,,,,,,,,,,,,,
22200098,1610612754,IND,Indiana,1630537,Chris Duarte,Chris,F,,37:50,10.0,15.0,0.667,5.0,10.0,0.5,5.0,6.0,0.833,0.0,3.0,3.0,1.0,0.0,1.0,2.0,2.0,30.0,4.0
22200098,1610612754,IND,Indiana,1630188,Jalen Smith,Jalen,F,,26:03,1.0,4.0,0.25,0.0,2.0,0.0,1.0,2.0,0.5,0.0,4.0,4.0,1.0,1.0,1.0,2.0,4.0,3.0,-5.0
22200098,1610612754,IND,Indiana,1626167,Myles Turner,Myles,C,,20:13,2.0,8.0,0.25,0.0,3.0,0.0,3.0,6.0,0.5,0.0,5.0,5.0,2.0,0.0,2.0,4.0,3.0,7.0,-21.0
22200098,1610612754,IND,Indiana,1627741,Buddy Hield,Buddy,G,,35:39,8.0,16.0,0.5,3.0,10.0,0.3,3.0,3.0,1.0,1.0,2.0,3.0,7.0,2.0,0.0,3.0,2.0,22.0,-4.0
22200098,1610612754,IND,Indiana,1630169,Tyrese Haliburton,Tyrese,G,,33:19,4.0,11.0,0.364,1.0,4.0,0.25,2.0,2.0,1.0,1.0,7.0,8.0,5.0,2.0,0.0,7.0,1.0,11.0,-3.0
22200098,1610612754,IND,Indiana,1630543,Isaiah Jackson,Isaiah,,,12:41,4.0,6.0,0.667,0.0,0.0,0.0,0.0,1.0,0.0,3.0,2.0,5.0,1.0,1.0,0.0,0.0,0.0,8.0,3.0
22200098,1610612754,IND,Indiana,1631097,Bennedict Mathurin,Bennedict,,,22:11,6.0,12.0,0.5,2.0,5.0,0.4,2.0,3.0,0.667,2.0,0.0,2.0,1.0,0.0,0.0,4.0,1.0,16.0,-5.0
22200098,1610612754,IND,Indiana,201949,James Johnson,James,,,18:14,2.0,4.0,0.5,0.0,2.0,0.0,0.0,0.0,0.0,0.0,3.0,3.0,1.0,1.0,0.0,0.0,6.0,4.0,14.0
22200098,1610612754,IND,Indiana,204456,T.J. McConnell,T.J.,,,15:37,3.0,6.0,0.5,0.0,1.0,0.0,0.0,0.0,0.0,1.0,0.0,1.0,2.0,2.0,0.0,1.0,2.0,6.0,-6.0
22200098,1610612754,IND,Indiana,1629614,Andrew Nembhard,Andrew,,,6:46,0.0,1.0,0.0,0.0,1.0,0.0,0.0,0.0,0.0,1.0,0.0,1.0,0.0,1.0,1.0,1.0,1.0,0.0,-13.0
22200098,1610612754,IND,Indiana,1629052,Oshae Brissett,Oshae,,,3:39,0.0,1.0,0.0,0.0,1.0,0.0,0.0,0.0,0.0,0.0,0.0,0.0,0.0,0.0,0.0,0.0,1.0,0.0,-9.0
22200098,1610612754,IND,Indiana,1629048,Goga Bitadze,Goga,,,7:48,1.0,3.0,0.333,0.0,0.0,0.0,0.0,0.0,0.0,1.0,2.0,3.0,2.0,1.0,0.0,0.0,1.0,2.0,10.0
22200098,1610612754,IND,Indiana,1630174,Aaron Nesmith,Aaron,,DND - Injury/Illness,,,,,,,,,,,,,,,,,,,,
22200098,1610612754,IND,Indiana,1630678,Terry Taylor,Terry,,DNP - Coach's Decision,,,,,,,,,,,,,,,,,,,,
22200098,1610612751,BKN,Brooklyn,201142,Kevin Durant,Kevin,F,,39:04,13.0,22.0,0.591,2.0,5.0,0.4,8.0,8.0,1.0,0.0,9.0,9.0,7.0,1.0,1.0,3.0,2.0,36.0,8.0
22200098,1610612751,BKN,Brooklyn,1626220,Royce O'Neale,Royce,F,,36:50,3.0,9.0,0.333,2.0,6.0,0.333,0.0,0.0,0.0,2.0,6.0,8.0,5.0,1.0,1.0,2.0,4.0,8.0,12.0
22200098,1610612751,BKN,Brooklyn,1629651,Nic Claxton,Nic,C,,31:02,9.0,11.0,0.818,0.0,0.0,0.0,1.0,2.0,0.5,3.0,6.0,9.0,4.0,1.0,4.0,4.0,4.0,19.0,17.0
22200098,1610612751,BKN,Brooklyn,203925,Joe Harris,Joe,G,,29:05,3.0,6.0,0.5,1.0,2.0,0.5,0.0,0.0,0.0,0.0,0.0,0.0,2.0,3.0,1.0,1.0,3.0,7.0,13.0
22200098,1610612751,BKN,Brooklyn,202681,Kyrie Irving,Kyrie,G,,42:42,9.0,19.0,0.474,4.0,11.0,0.364,6.0,6.0,1.0,0.0,6.0,6.0,6.0,3.0,1.0,3.0,1.0,28.0,14.0
22200098,1610612751,BKN,Brooklyn,1629139,Yuta Watanabe,Yuta,,,22:28,2.0,4.0,0.5,1.0,2.0,0.5,0.0,0.0,0.0,0.0,2.0,2.0,0.0,0.0,0.0,1.0,1.0,5.0,-16.0
22200098,1610612751,BKN,Brooklyn,1628410,Edmond Sumner,Edmond,,,11:52,1.0,4.0,0.25,0.0,1.0,0.0,4.0,4.0,1.0,0.0,0.0,0.0,1.0,0.0,0.0,0.0,0.0,6.0,-1.0
22200098,1610612751,BKN,Brooklyn,1630549,Day'Ron Sharpe,Day'Ron,,,11:04,2.0,2.0,1.0,0.0,0.0,0.0,0.0,0.0,0.0,1.0,2.0,3.0,0.0,0.0,1.0,2.0,2.0,4.0,-9.0
22200098,1610612751,BKN,Brooklyn,202693,Markieff Morris,Markieff,,,10:17,1.0,2.0,0.5,1.0,2.0,0.5,0.0,0.0,0.0,0.0,2.0,2.0,1.0,1.0,0.0,3.0,1.0,3.0,-5.0
22200098,1610612751,BKN,Brooklyn,201988,Patty Mills,Patty,,,5:36,0.0,1.0,0.0,0.0,1.0,0.0,0.0,0.0,0.0,0.0,0.0,0.0,0.0,1.0,0.0,0.0,0.0,0.0,2.0
22200098,1610612751,BKN,Brooklyn,1630556,Kessler Edwards,Kessler,,DNP - Coach's Decision,,,,,,,,,,,,,,,,,,,,
22200098,1610612751,BKN,Brooklyn,1630560,Cam Thomas,Cam,,DNP - Coach's Decision,,,,,,,,,,,,,,,,,,,,
22200089,1610612764,WAS,Washington,1630166,Deni Avdija,Deni,F,,11:01,2.0,4.0,0.5,1.0,1.0,1.0,1.0,2.0,0.5,0.0,1.0,1.0,1.0,0.0,0.0,0.0,2.0,6.0,-9.0
22200089,1610612764,WAS,Washington,1628398,Kyle Kuzma,Kyle,F,,28:27,3.0,13.0,0.231,1.0,5.0,0.2,2.0,2.0,1.0,1.0,7.0,8.0,1.0,1.0,0.0,0.0,3.0,9.0,-20.0
22200089,1610612764,WAS,Washington,204001,Kristaps Porziņģis,Kristaps,C,,27:55,8.0,16.0,0.5,0.0,4.0,0.0,1.0,2.0,0.5,7.0,6.0,13.0,1.0,0.0,2.0,3.0,3.0,17.0,-4.0
22200089,1610612764,WAS,Washington,203078,Bradley Beal,Bradley,G,,37:22,4.0,16.0,0.25,2.0,7.0,0.286,2.0,2.0,1.0,0.0,1.0,1.0,8.0,1.0,1.0,1.0,0.0,12.0,-13.0
22200089,1610612764,WAS,Washington,1628420,Monté Morris,Monté,G,,27:18,1.0,7.0,0.143,0.0,2.0,0.0,1.0,1.0,1.0,0.0,7.0,7.0,2.0,0.0,0.0,0.0,1.0,3.0,-26.0
22200089,1610612764,WAS,Washington,1629060,Rui Hachimura,Rui,,,22:28,5.0,12.0,0.417,1.0,4.0,0.25,2.0,4.0,0.5,3.0,6.0,9.0,3.0,0.0,1.0,1.0,1.0,13.0,-17.0
22200089,1610612764,WAS,Washington,1631098,Johnny Davis,Johnny,,,8:17,1.0,3.0,0.333,0.0,0.0,0.0,0.0,0.0,0.0,0.0,1.0,1.0,0.0,0.0,0.0,0.0,4.0,2.0,3.0
22200089,1610612764,WAS,Washington,203115,Will Barton,Will,,,14:29,2.0,8.0,0.25,0.0,3.0,0.0,0.0,1.0,0.0,0.0,2.0,2.0,1.0,0.0,0.0,0.0,1.0,4.0,-16.0
22200089,1610612764,WAS,Washington,1629655,Daniel Gafford,Daniel,,,10:03,0.0,1.0,0.0,0.0,0.0,0.0,0.0,0.0,0.0,1.0,0.0,1.0,0.0,0.0,1.0,2.0,1.0,0.0,-16.0
22200089,1610612764,WAS,Washington,1630264,Anthony Gill,Anthony,,,18:41,4.0,6.0,0.667,0.0,1.0,0.0,2.0,2.0,1.0,3.0,2.0,5.0,2.0,1.0,0.0,0.0,2.0,10.0,8.0
22200089,1610612764,WAS,Washington,1630692,Jordan Goodwin,Jordan,,,18:20,3.0,4.0,0.75,0.0,1.0,0.0,0.0,0.0,0.0,0.0,2.0,2.0,2.0,1.0,1.0,1.0,1.0,6.0,8.0
22200089,1610612764,WAS,Washington,1630648,Jordan Schakel,Jordan,,,5:13,1.0,2.0,0.5,1.0,1.0,1.0,0.0,0.0,0.0,0.0,0.0,0.0,1.0,1.0,0.0,0.0,1.0,3.0,4.0
22200089,1610612764,WAS,Washington,201959,Taj Gibson,Taj,,,5:13,3.0,4.0,0.75,1.0,2.0,0.5,0.0,0.0,0.0,0.0,1.0,1.0,0.0,0.0,0.0,0.0,0.0,7.0,4.0
22200089,1610612764,WAS,Washington,1630225,Isaiah Todd,Isaiah,,,5:13,1.0,2.0,0.5,0.0,1.0,0.0,0.0,0.0,0.0,0.0,0.0,0.0,0.0,0.0,0.0,0.0,0.0,2.0,4.0
22200089,1610612764,WAS,Washington,1630176,Vernon Carey Jr.,Vernon,,DNP - Coach's Decision,,,,,,,,,,,,,,,,,,,,
22200089,1610612738,BOS,Boston,1627759,Jaylen Brown,Jaylen,F,,29:58,7.0,18.0,0.389,4.0,9.0,0.444,6.0,6.0,1.0,0.0,10.0,10.0,2.0,0.0,0.0,2.0,1.0,24.0,13.0
22200089,1610612738,BOS,Boston,1628369,Jayson Tatum,Jayson,F,,27:25,8.0,15.0,0.533,5.0,10.0,0.5,2.0,2.0,1.0,0.0,4.0,4.0,3.0,1.0,0.0,4.0,0.0,23.0,10.0
22200089,1610612738,BOS,Boston,201143,Al Horford,Al,C,,23:32,2.0,7.0,0.286,1.0,5.0,0.2,0.0,0.0,0.0,2.0,6.0,8.0,1.0,0.0,1.0,1.0,2.0,5.0,9.0
22200089,1610612738,BOS,Boston,1628401,Derrick White,Derrick,G,,23:36,2.0,6.0,0.333,1.0,2.0,0.5,0.0,0.0,0.0,1.0,4.0,5.0,2.0,0.0,0.0,0.0,3.0,5.0,15.0
22200089,1610612738,BOS,Boston,203935,Marcus Smart,Marcus,G,,29:01,2.0,6.0,0.333,1.0,5.0,0.2,2.0,2.0,1.0,0.0,3.0,3.0,6.0,2.0,0.0,0.0,2.0,7.0,11.0
22200089,1610612738,BOS,Boston,1629684,Grant Williams,Grant,,,24:45,4.0,6.0,0.667,2.0,3.0,0.667,0.0,0.0,0.0,0.0,3.0,3.0,3.0,0.0,1.0,0.0,1.0,10.0,8.0
22200089,1610612738,BOS,Boston,1627763,Malcolm Brogdon,Malcolm,,,23:19,6.0,12.0,0.5,3.0,5.0,0.6,8.0,8.0,1.0,0.0,2.0,2.0,4.0,0.0,0.0,0.0,0.0,23.0,9.0
22200089,1610612738,BOS,Boston,1628436,Luke Kornet,Luke,,,19:15,1.0,1.0,1.0,1.0,1.0,1.0,0.0,0.0,0.0,1.0,3.0,4.0,3.0,0.0,2.0,3.0,3.0,3.0,13.0
22200089,1610612738,BOS,Boston,1630573,Sam Hauser,Sam,,,22:51,3.0,5.0,0.6,3.0,5.0,0.6,0.0,0.0,0.0,0.0,5.0,5.0,2.0,1.0,1.0,0.0,1.0,9.0,11.0
22200089,1610612738,BOS,Boston,1630202,Payton Pritchard,Payton,,,7:24,0.0,1.0,0.0,0.0,1.0,0.0,1.0,2.0,0.5,0.0,0.0,0.0,2.0,0.0,0.0,2.0,1.0,1.0,1.0
22200089,1610612738,BOS,Boston,203943,Noah Vonleh,Noah,,,5:13,1.0,1.0,1.0,0.0,0.0,0.0,0.0,0.0,0.0,0.0,3.0,3.0,1.0,0.0,0.0,1.0,0.0,2.0,-4.0
22200089,1610612738,BOS,Boston,1628382,Justin Jackson,Justin,,,3:41,0.0,1.0,0.0,0.0,1.0,0.0,0.0,0.0,0.0,0.0,0.0,0.0,0.0,0.0,0.0,0.0,1.0,0.0,-6.0
22200089,1610612738,BOS,Boston,201933,Blake Griffin,Blake,,DNP - Coach's Decision,,,,,,,,,,,,,,,,,,,,
22200093,1610612753,ORL,Orlando,1631094,Paolo Banchero,Paolo,F,,32:23,6.0,20.0,0.3,1.0,6.0,0.167,5.0,8.0,0.625,0.0,3.0,3.0,4.0,0.0,0.0,2.0,5.0,18.0,6.0
22200093,1610612753,ORL,Orlando,1629626,Bol Bol,Bol,F,,29:44,7.0,10.0,0.7,0.0,1.0,0.0,2.0,2.0,1.0,3.0,8.0,11.0,0.0,0.0,3.0,2.0,4.0,16.0,-5.0
22200093,1610612753,ORL,Orlando,1628976,Wendell Carter Jr.,Wendell,C,,32:35,5.0,10.0,0.5,1.0,3.0,0.333,4.0,6.0,0.667,3.0,6.0,9.0,4.0,0.0,0.0,2.0,1.0,15.0,-6.0
22200093,1610612753,ORL,Orlando,203082,Terrence Ross,Terrence,G,,25:27,3.0,7.0,0.429,2.0,4.0,0.5,0.0,0.0,0.0,0.0,3.0,3.0,2.0,0.0,0.0,1.0,2.0,8.0,1.0
22200093,1610612753,ORL,Orlando,1630532,Franz Wagner,Franz,G,,35:05,3.0,12.0,0.25,0.0,3.0,0.0,5.0,6.0,0.833,0.0,2.0,2.0,4.0,0.0,1.0,3.0,2.0,11.0,-8.0
22200093,1610612753,ORL,Orlando,1629643,Chuma Okeke,Chuma,,,24:57,2.0,5.0,0.4,1.0,4.0,0.25,0.0,0.0,0.0,2.0,6.0,8.0,3.0,0.0,0.0,0.0,2.0,5.0,-14.0
22200093,1610612753,ORL,Orlando,1630284,Kevon Harris,Kevon,,,17:05,3.0,4.0,0.75,2.0,3.0,0.667,4.0,5.0,0.8,1.0,2.0,3.0,1.0,0.0,0.0,2.0,3.0,12.0,-9.0
22200093,1610612753,ORL,Orlando,1630181,R.J. Hampton,R.J.,,,21:20,6.0,9.0,0.667,3.0,4.0,0.75,0.0,0.0,0.0,2.0,2.0,4.0,1.0,2.0,0.0,0.0,1.0,15.0,-6.0
22200093,1610612753,ORL,Orlando,1628964,Mo Bamba,Mo,,,17:19,2.0,4.0,0.5,1.0,1.0,1.0,0.0,0.0,0.0,0.0,4.0,4.0,1.0,0.0,1.0,0.0,2.0,5.0,0.0
22200093,1610612753,ORL,Orlando,1629678,Admiral Schofield,Admiral,,,4:05,0.0,0.0,0.0,0.0,0.0,0.0,0.0,0.0,0.0,0.0,0.0,0.0,0.0,0.0,0.0,0.0,1.0,0.0,-4.0
22200093,1610612753,ORL,Orlando,1631216,Caleb Houstan,Caleb,,DNP - Coach's Decision,,,,,,,,,,,,,,,,,,,,
22200093,1610612742,DAL,Dallas,203493,Reggie Bullock Jr.,Reggie,F,,28:51,2.0,5.0,0.4,2.0,3.0,0.667,0.0,0.0,0.0,0.0,0.0,0.0,0.0,1.0,0.0,0.0,3.0,6.0,10.0
22200093,1610612742,DAL,Dallas,1627827,Dorian Finney-Smith,Dorian,F,,29:10,5.0,7.0,0.714,3.0,5.0,0.6,0.0,0.0,0.0,1.0,7.0,8.0,0.0,2.0,0.0,0.0,3.0,13.0,-1.0
22200093,1610612742,DAL,Dallas,201580,JaVale McGee,JaVale,C,,8:52,0.0,2.0,0.0,0.0,0.0,0.0,0.0,0.0,0.0,0.0,3.0,3.0,0.0,0.0,0.0,0.0,1.0,0.0,-12.0
22200093,1610612742,DAL,Dallas,203915,Spencer Dinwiddie,Spencer,G,,31:31,5.0,13.0,0.385,0.0,4.0,0.0,2.0,2.0,1.0,0.0,4.0,4.0,5.0,3.0,0.0,1.0,3.0,12.0,-9.0
22200093,1610612742,DAL,Dallas,1629029,Luka Dončić,Luka,G,,36:55,17.0,26.0,0.654,2.0,9.0,0.222,8.0,14.0,0.571,0.0,3.0,3.0,5.0,1.0,0.0,0.0,3.0,44.0,13.0
22200093,1610612742,DAL,Dallas,1626174,Christian Wood,Christian,,,23:30,2.0,6.0,0.333,0.0,1.0,0.0,1.0,1.0,1.0,1.0,9.0,10.0,0.0,0.0,0.0,2.0,2.0,5.0,7.0
22200093,1610612742,DAL,Dallas,203501,Tim Hardaway Jr.,Tim,,,27:07,5.0,15.0,0.333,3.0,9.0,0.333,8.0,8.0,1.0,0.0,1.0,1.0,3.0,1.0,0.0,0.0,2.0,21.0,9.0
22200093,1610612742,DAL,Dallas,1628467,Maxi Kleber,Maxi,,,24:58,1.0,3.0,0.333,0.0,2.0,0.0,0.0,0.0,0.0,0.0,2.0,2.0,2.0,1.0,0.0,0.0,2.0,2.0,17.0
22200093,1610612742,DAL,Dallas,1630182,Josh Green,Josh,,,17:08,2.0,3.0,0.667,1.0,2.0,0.5,1.0,2.0,0.5,1.0,1.0,2.0,0.0,1.0,0.0,1.0,1.0,6.0,1.0
22200093,1610612742,DAL,Dallas,203939,Dwight Powell,Dwight,,,11:58,2.0,3.0,0.667,0.0,0.0,0.0,1.0,1.0,1.0,2.0,2.0,4.0,0.0,0.0,1.0,0.0,2.0,5.0,10.0
22200093,1610612742,DAL,Dallas,1630267,Facundo Campazzo,Facundo,,DNP - Coach's Decision,,,,,,,,,,,,,,,,,,,,
22200093,1610612742,DAL,Dallas,1628416,Tyler Dorsey,Tyler,,DNP - Coach's Decision,,,,,,,,,,,,,,,,,,,,
22200093,1610612742,DAL,Dallas,1630702,Jaden Hardy,Jaden,,DNP - Coach's Decision,,,,,,,,,,,,,,,,,,,,
22200093,1610612742,DAL,Dallas,1629033,Theo Pinson,Theo,,DNP - Coach's Decision,,,,,,,,,,,,,,,,,,,,
22200093,1610612742,DAL,Dallas,1630593,McKinley Wright IV,McKinley,,DNP - Coach's Decision,,,,,,,,,,,,,,,,,,,,
22200088,1610612740,NOP,New Orleans,1630530,Trey Murphy III,Trey,F,,37:17,6.0,16.0,0.375,3.0,9.0,0.333,0.0,0.0,0.0,4.0,1.0,5.0,1.0,1.0,0.0,1.0,0.0,15.0,21.0
22200088,1610612740,NOP,New Orleans,1629627,Zion Williamson,Zion,F,,30:32,9.0,17.0,0.529,0.0,0.0,0.0,3.0,4.0,0.75,3.0,9.0,12.0,7.0,1.0,0.0,1.0,1.0,21.0,19.0
22200088,1610612740,NOP,New Orleans,202685,Jonas Valančiūnas,Jonas,C,,23:55,4.0,6.0,0.667,1.0,2.0,0.5,2.0,4.0,0.5,1.0,6.0,7.0,5.0,1.0,0.0,3.0,2.0,11.0,1.0
22200088,1610612740,NOP,New Orleans,1630230,Naji Marshall,Naji,G,,38:44,7.0,13.0,0.538,3.0,5.0,0.6,0.0,0.0,0.0,1.0,5.0,6.0,4.0,2.0,0.0,2.0,3.0,17.0,17.0
22200088,1610612740,NOP,New Orleans,203468,CJ McCollum,CJ,G,,31:41,9.0,19.0,0.474,4.0,8.0,0.5,0.0,0.0,0.0,0.0,5.0,5.0,3.0,1.0,0.0,0.0,2.0,22.0,13.0
22200088,1610612740,NOP,New Orleans,1630631,Jose Alvarado,Jose,,,18:32,0.0,5.0,0.0,0.0,4.0,0.0,0.0,0.0,0.0,1.0,0.0,1.0,2.0,0.0,0.0,0.0,1.0,0.0,3.0
22200088,1610612740,NOP,New Orleans,1626204,Larry Nance Jr.,Larry,,,23:14,7.0,9.0,0.778,1.0,1.0,1.0,0.0,0.0,0.0,1.0,8.0,9.0,3.0,1.0,0.0,3.0,2.0,15.0,19.0
22200088,1610612740,NOP,New Orleans,202066,Garrett Temple,Garrett,,,3:34,0.0,1.0,0.0,0.0,1.0,0.0,0.0,0.0,0.0,0.0,0.0,0.0,0.0,0.0,0.0,0.0,1.0,0.0,-3.0
22200088,1610612740,NOP,New Orleans,1628984,Devonte' Graham,Devonte',,,23:33,3.0,6.0,0.5,3.0,6.0,0.5,0.0,0.0,0.0,1.0,3.0,4.0,6.0,1.0,0.0,0.0,1.0,9.0,14.0
22200088,1610612740,NOP,New Orleans,1629637,Jaxson Hayes,Jaxson,,,8:26,1.0,1.0,1.0,0.0,0.0,0.0,0.0,0.0,0.0,0.0,1.0,1.0,1.0,1.0,1.0,0.0,2.0,2.0,3.0
22200088,1610612740,NOP,New Orleans,1631220,Dereon Seabron,Dereon,,,0:32,0.0,0.0,0.0,0.0,0.0,0.0,0.0,0.0,0.0,0.0,0.0,0.0,0.0,0.0,0.0,0.0,0.0,0.0,-2.0
22200088,1610612740,NOP,New Orleans,1626195,Willy Hernangomez,Willy,,DNP - Coach's Decision,,,,,,,,,,,,,,,,,,,,
22200088,1610612746,LAC,LA,202331,Paul George,Paul,F,,27:46,5.0,19.0,0.263,2.0,8.0,0.25,2.0,2.0,1.0,1.0,2.0,3.0,3.0,1.0,0.0,4.0,3.0,14.0,-10.0
22200088,1610612746,LAC,LA,202694,Marcus Morris Sr.,Marcus,F,,27:16,5.0,12.0,0.417,2.0,5.0,0.4,0.0,0.0,0.0,0.0,8.0,8.0,4.0,1.0,0.0,1.0,4.0,12.0,-5.0
22200088,1610612746,LAC,LA,1627826,Ivica Zubac,Ivica,C,,23:26,2.0,3.0,0.667,0.0,0.0,0.0,0.0,2.0,0.0,0.0,6.0,6.0,1.0,0.0,2.0,1.0,3.0,4.0,-10.0
22200088,1610612746,LAC,LA,1629611,Terance Mann,Terance,G,,21:50,3.0,5.0,0.6,0.0,2.0,0.0,0.0,1.0,0.0,2.0,3.0,5.0,2.0,0.0,0.0,0.0,0.0,6.0,-9.0
22200088,1610612746,LAC,LA,202704,Reggie Jackson,Reggie,G,,27:21,4.0,12.0,0.333,1.0,7.0,0.143,0.0,0.0,0.0,2.0,3.0,5.0,3.0,1.0,0.0,4.0,1.0,9.0,-8.0
22200088,1610612746,LAC,LA,201587,Nicolas Batum,Nicolas,,,15:46,1.0,5.0,0.2,0.0,4.0,0.0,1.0,2.0,0.5,0.0,2.0,2.0,0.0,0.0,1.0,0.0,1.0,3.0,-11.0
22200088,1610612746,LAC,LA,1626181,Norman Powell,Norman,,,25:07,7.0,14.0,0.5,3.0,7.0,0.429,1.0,2.0,0.5,2.0,1.0,3.0,3.0,0.0,1.0,2.0,1.0,18.0,-7.0
22200088,1610612746,LAC,LA,202322,John Wall,John,,,21:15,2.0,5.0,0.4,0.0,1.0,0.0,4.0,4.0,1.0,0.0,0.0,0.0,6.0,0.0,2.0,1.0,1.0,8.0,-19.0
22200088,1610612746,LAC,LA,1628379,Luke Kennard,Luke,,,22:44,3.0,5.0,0.6,1.0,3.0,0.333,0.0,0.0,0.0,1.0,5.0,6.0,0.0,0.0,0.0,0.0,1.0,7.0,-15.0
22200088,1610612746,LAC,LA,1629599,Amir Coffey,Amir,,,13:56,2.0,2.0,1.0,0.0,0.0,0.0,0.0,0.0,0.0,0.0,1.0,1.0,2.0,0.0,0.0,1.0,0.0,4.0,-2.0
22200088,1610612746,LAC,LA,1629650,Moses Brown,Moses,,,4:31,0.0,0.0,0.0,0.0,0.0,0.0,0.0,0.0,0.0,0.0,0.0,0.0,0.0,0.0,0.0,0.0,0.0,0.0,-3.0
22200088,1610612746,LAC,LA,1631217,Moussa Diabaté,Moussa,,,4:31,0.0,0.0,0.0,0.0,0.0,0.0,0.0,0.0,0.0,0.0,0.0,0.0,0.0,0.0,0.0,0.0,0.0,0.0,-3.0
22200088,1610612746,LAC,LA,1630527,Brandon Boston,Brandon,,,4:31,2.0,4.0,0.5,2.0,2.0,1.0,0.0,0.0,0.0,0.0,0.0,0.0,0.0,0.0,0.0,0.0,0.0,6.0,-3.0
22200091,1610612744,GSW,Golden State,203952,Andrew Wiggins,Andrew,F,,25:07,4.0,15.0,0.267,1.0,3.0,0.333,1.0,1.0,1.0,2.0,1.0,3.0,1.0,1.0,1.0,1.0,2.0,10.0,-25.0
22200091,1610612744,GSW,Golden State,203110,Draymond Green,Draymond,F,,25:60,2.0,5.0,0.4,1.0,2.0,0.5,2.0,2.0,1.0,0.0,7.0,7.0,7.0,0.0,1.0,4.0,4.0,7.0,-11.0
22200091,1610612744,GSW,Golden State,1626172,Kevon Looney,Kevon,C,,21:32,1.0,4.0,0.25,0.0,0.0,0.0,0.0,0.0,0.0,6.0,3.0,9.0,2.0,0.0,0.0,0.0,2.0,2.0,-17.0
22200091,1610612744,GSW,Golden State,1629673,Jordan Poole,Jordan,G,,36:01,10.0,21.0,0.476,5.0,13.0,0.385,5.0,5.0,1.0,1.0,2.0,3.0,4.0,2.0,0.0,3.0,4.0,30.0,-1.0
22200091,1610612744,GSW,Golden State,201939,Stephen Curry,Stephen,G,,34:59,10.0,24.0,0.417,4.0,14.0,0.286,8.0,9.0,0.889,0.0,6.0,6.0,3.0,2.0,0.0,1.0,1.0,32.0,-12.0
22200091,1610612744,GSW,Golden State,1629660,Ty Jerome,Ty,,,14:18,2.0,2.0,1.0,0.0,0.0,0.0,4.0,4.0,1.0,0.0,0.0,0.0,1.0,0.0,0.0,0.0,1.0,8.0,-3.0
22200091,1610612744,GSW,Golden State,1630164,James Wiseman,James,,,13:03,2.0,4.0,0.5,0.0,0.0,0.0,2.0,2.0,1.0,1.0,3.0,4.0,1.0,0.0,0.0,0.0,2.0,6.0,9.0
22200091,1610612744,GSW,Golden State,203210,JaMychal Green,JaMychal,,,15:52,3.0,6.0,0.5,0.0,2.0,0.0,0.0,0.0,0.0,0.0,2.0,2.0,0.0,2.0,1.0,1.0,3.0,6.0,2.0
22200091,1610612744,GSW,Golden State,1630228,Jonathan Kuminga,Jonathan,,,19:11,1.0,3.0,0.333,0.0,1.0,0.0,2.0,2.0,1.0,1.0,1.0,2.0,3.0,0.0,0.0,1.0,2.0,4.0,-2.0
22200091,1610612744,GSW,Golden State,1630541,Moses Moody,Moses,,,23:50,3.0,7.0,0.429,1.0,4.0,0.25,0.0,0.0,0.0,2.0,2.0,4.0,0.0,1.0,1.0,2.0,1.0,7.0,-2.0
22200091,1610612744,GSW,Golden State,1630237,Anthony Lamb,Anthony,,,8:35,1.0,1.0,1.0,0.0,0.0,0.0,0.0,0.0,0.0,0.0,2.0,2.0,1.0,0.0,0.0,0.0,2.0,2.0,-8.0
22200091,1610612744,GSW,Golden State,1631116,Patrick Baldwin Jr.,Patrick,,,0:46,0.0,0.0,0.0,0.0,0.0,0.0,0.0,0.0,0.0,0.0,0.0,0.0,0.0,0.0,0.0,0.0,0.0,0.0,0.0
22200091,1610612744,GSW,Golden State,1631157,Ryan Rollins,Ryan,,,0:46,0.0,0.0,0.0,0.0,0.0,0.0,0.0,0.0,0.0,0.0,0.0,0.0,0.0,0.0,0.0,1.0,0.0,0.0,0.0
22200091,1610612744,GSW,Golden State,202691,Klay Thompson,Klay,,DNP - Injury/Illness,,,,,,,,,,,,,,,,,,,,
22200091,1610612765,DET,Detroit,1630180,Saddiq Bey,Saddiq,F,,34:32,9.0,17.0,0.529,4.0,9.0,0.444,6.0,6.0,1.0,0.0,6.0,6.0,3.0,0.0,0.0,3.0,2.0,28.0,20.0
22200091,1610612765,DET,Detroit,202711,Bojan Bogdanović,Bojan,F,,34:48,5.0,8.0,0.625,3.0,6.0,0.5,8.0,8.0,1.0,0.0,3.0,3.0,3.0,0.0,0.0,1.0,1.0,21.0,4.0
22200091,1610612765,DET,Detroit,1630191,Isaiah Stewart,Isaiah,C,,32:56,6.0,10.0,0.6,2.0,5.0,0.4,10.0,11.0,0.909,5.0,8.0,13.0,0.0,0.0,0.0,0.0,3.0,24.0,12.0
22200091,1610612765,DET,Detroit,1630595,Cade Cunningham,Cade,G,,39:14,9.0,20.0,0.45,1.0,3.0,0.333,4.0,4.0,1.0,1.0,9.0,10.0,9.0,0.0,1.0,4.0,4.0,23.0,16.0
22200091,1610612765,DET,Detroit,1631093,Jaden Ivey,Jaden,G,,31:29,5.0,11.0,0.455,2.0,5.0,0.4,3.0,5.0,0.6,1.0,3.0,4.0,3.0,1.0,1.0,2.0,4.0,15.0,16.0
22200091,1610612765,DET,Detroit,1628977,Hamidou Diallo,Hamidou,,,12:12,1.0,3.0,0.333,0.0,0.0,0.0,2.0,2.0,1.0,1.0,1.0,2.0,1.0,2.0,0.0,2.0,2.0,4.0,-6.0
22200091,1610612765,DET,Detroit,1631105,Jalen Duren,Jalen,,,15:04,1.0,3.0,0.333,0.0,0.0,0.0,1.0,2.0,0.5,3.0,1.0,4.0,0.0,0.0,1.0,1.0,2.0,3.0,2.0
22200091,1610612765,DET,Detroit,1630165,Killian Hayes,Killian,,,17:53,2.0,7.0,0.286,0.0,1.0,0.0,0.0,0.0,0.0,0.0,2.0,2.0,5.0,1.0,0.0,2.0,4.0,4.0,-1.0
22200091,1610612765,DET,Detroit,202709,Cory Joseph,Cory,,,4:56,0.0,0.0,0.0,0.0,0.0,0.0,0.0,0.0,0.0,0.0,0.0,0.0,0.0,0.0,0.0,0.0,0.0,0.0,-4.0
22200091,1610612765,DET,Detroit,1630587,Isaiah Livers,Isaiah,,,16:56,2.0,4.0,0.5,2.0,4.0,0.5,0.0,0.0,0.0,1.0,2.0,3.0,0.0,0.0,0.0,0.0,3.0,6.0,11.0
22200091,1610612765,DET,Detroit,1630296,Braxton Key,Braxton,,DNP - Coach's Decision,,,,,,,,,,,,,,,,,,,,
22200091,1610612765,DET,Detroit,1628995,Kevin Knox II,Kevin,,DNP - Coach's Decision,,,,,,,,,,,,,,,,,,,,
22200091,1610612765,DET,Detroit,203585,Rodney McGruder,Rodney,,DNP - Coach's Decision,,,,,,,,,,,,,,,,,,,,
22200091,1610612765,DET,Detroit,203457,Nerlens Noel,Nerlens,,DNP - Coach's Decision,,,,,,,,,,,,,,,,,,,,
22200092,1610612750,MIN,Minnesota,1630183,Jaden McDaniels,Jaden,F,,35:23,3.0,7.0,0.429,0.0,2.0,0.0,1.0,2.0,0.5,1.0,2.0,3.0,1.0,3.0,1.0,2.0,3.0,7.0,-6.0
22200092,1610612750,MIN,Minnesota,1626157,Karl-Anthony Towns,Karl-Anthony,F,,34:18,10.0,19.0,0.526,1.0,7.0,0.143,5.0,8.0,0.625,3.0,8.0,11.0,4.0,1.0,2.0,3.0,3.0,26.0,-22.0
22200092,1610612750,MIN,Minnesota,203497,Rudy Gobert,Rudy,C,,27:21,4.0,11.0,0.364,0.0,0.0,0.0,1.0,3.0,0.333,6.0,6.0,12.0,0.0,1.0,2.0,1.0,2.0,9.0,-10.0
22200092,1610612750,MIN,Minnesota,1630162,Anthony Edwards,Anthony,G,,36:18,7.0,18.0,0.389,1.0,4.0,0.25,3.0,3.0,1.0,0.0,2.0,2.0,6.0,2.0,1.0,1.0,4.0,18.0,-3.0
22200092,1610612750,MIN,Minnesota,1626156,D'Angelo Russell,D'Angelo,G,,27:50,5.0,17.0,0.294,0.0,7.0,0.0,0.0,0.0,0.0,2.0,3.0,5.0,4.0,0.0,1.0,2.0,4.0,10.0,0.0
22200092,1610612750,MIN,Minnesota,203937,Kyle Anderson,Kyle,,,12:30,0.0,0.0,0.0,0.0,0.0,0.0,2.0,2.0,1.0,1.0,3.0,4.0,4.0,0.0,0.0,0.0,3.0,2.0,-3.0
22200092,1610612750,MIN,Minnesota,1629669,Jaylen Nowell,Jaylen,,,10:19,1.0,8.0,0.125,0.0,3.0,0.0,0.0,0.0,0.0,0.0,0.0,0.0,0.0,0.0,0.0,0.0,1.0,2.0,-8.0
22200092,1610612750,MIN,Minnesota,203085,Austin Rivers,Austin,,,4:44,0.0,1.0,0.0,0.0,0.0,0.0,0.0,0.0,0.0,0.0,1.0,1.0,0.0,0.0,0.0,0.0,0.0,0.0,-5.0
22200092,1610612750,MIN,Minnesota,1627752,Taurean Prince,Taurean,,,23:24,4.0,5.0,0.8,1.0,2.0,0.5,0.0,0.0,0.0,0.0,2.0,2.0,1.0,1.0,0.0,1.0,3.0,9.0,6.0
22200092,1610612750,MIN,Minnesota,1627854,Bryn Forbes,Bryn,,,19:20,1.0,6.0,0.167,0.0,2.0,0.0,2.0,2.0,1.0,2.0,1.0,3.0,1.0,2.0,0.0,1.0,0.0,4.0,-6.0
22200092,1610612750,MIN,Minnesota,1629675,Naz Reid,Naz,,,8:33,5.0,7.0,0.714,1.0,2.0,0.5,0.0,0.0,0.0,1.0,1.0,2.0,0.0,1.0,0.0,0.0,0.0,11.0,12.0
22200092,1610612750,MIN,Minnesota,1630233,Nathan Knight,Nathan,,DNP - Coach's Decision,,,,,,,,,,,,,,,,,,,,
22200092,1610612759,SAS,San Antonio,1629640,Keldon Johnson,Keldon,F,,38:03,8.0,15.0,0.533,5.0,10.0,0.5,4.0,4.0,1.0,0.0,6.0,6.0,8.0,1.0,1.0,5.0,1.0,25.0,20.0
22200092,1610612759,SAS,San Antonio,1628966,Keita Bates-Diop,Keita,F,,22:58,6.0,15.0,0.4,1.0,5.0,0.2,5.0,5.0,1.0,2.0,4.0,6.0,1.0,0.0,0.0,4.0,4.0,18.0,-1.0
22200092,1610612759,SAS,San Antonio,1627751,Jakob Poeltl,Jakob,C,,33:30,2.0,2.0,1.0,0.0,0.0,0.0,0.0,0.0,0.0,1.0,13.0,14.0,4.0,2.0,3.0,3.0,3.0,4.0,-4.0
22200092,1610612759,SAS,San Antonio,1629641,Romeo Langford,Romeo,G,,34:18,3.0,7.0,0.429,0.0,2.0,0.0,1.0,2.0,0.5,4.0,3.0,7.0,1.0,2.0,1.0,1.0,1.0,7.0,-9.0
22200092,1610612759,SAS,San Antonio,1630200,Tre Jones,Tre,G,,31:30,2.0,12.0,0.167,1.0,2.0,0.5,5.0,7.0,0.714,1.0,1.0,2.0,8.0,0.0,0.0,2.0,3.0,10.0,6.0
22200092,1610612759,SAS,San Antonio,1628380,Zach Collins,Zach,,,22:43,4.0,8.0,0.5,1.0,2.0,0.5,0.0,1.0,0.0,2.0,4.0,6.0,2.0,1.0,1.0,2.0,5.0,9.0,21.0
22200092,1610612759,SAS,San Antonio,1631104,Blake Wesley,Blake,,,8:14,2.0,3.0,0.667,0.0,0.0,0.0,2.0,4.0,0.5,1.0,1.0,2.0,0.0,0.0,0.0,1.0,0.0,6.0,8.0
22200092,1610612759,SAS,San Antonio,203926,Doug McDermott,Doug,,,25:25,8.0,16.0,0.5,7.0,14.0,0.5,0.0,0.0,0.0,0.0,3.0,3.0,1.0,0.0,1.0,1.0,3.0,23.0,3.0
22200092,1610612759,SAS,San Antonio,1631103,Malaki Branham,Malaki,,,19:00,1.0,7.0,0.143,1.0,4.0,0.25,2.0,2.0,1.0,1.0,1.0,2.0,2.0,0.0,0.0,0.0,1.0,5.0,2.0
22200092,1610612759,SAS,San Antonio,203476,Gorgui Dieng,Gorgui,,,4:19,0.0,1.0,0.0,0.0,1.0,0.0,0.0,0.0,0.0,2.0,2.0,4.0,0.0,0.0,0.0,0.0,0.0,0.0,-1.0
22200092,1610612759,SAS,San Antonio,1629676,Isaiah Roby,Isaiah,,DNP - Injury/Illness,,,,,,,,,,,,,,,,,,,,
22200095,1610612743,DEN,Denver,1629008,Michael Porter Jr.,Michael,F,,27:50,5.0,15.0,0.333,3.0,10.0,0.3,4.0,5.0,0.8,3.0,6.0,9.0,1.0,1.0,0.0,0.0,4.0,17.0,10.0
22200095,1610612743,DEN,Denver,203932,Aaron Gordon,Aaron,F,,30:41,7.0,11.0,0.636,3.0,4.0,0.75,1.0,2.0,0.5,1.0,5.0,6.0,0.0,0.0,2.0,1.0,3.0,18.0,17.0
22200095,1610612743,DEN,Denver,203999,Nikola Jokić,Nikola,C,,35:52,8.0,16.0,0.5,1.0,5.0,0.2,6.0,7.0,0.857,4.0,10.0,14.0,6.0,0.0,2.0,2.0,0.0,23.0,0.0
22200095,1610612743,DEN,Denver,203484,Kentavious Caldwell-Pope,Kentavious,G,,33:29,3.0,8.0,0.375,3.0,4.0,0.75,0.0,0.0,0.0,0.0,5.0,5.0,5.0,1.0,2.0,1.0,1.0,9.0,5.0
22200095,1610612743,DEN,Denver,1627750,Jamal Murray,Jamal,G,,31:31,9.0,21.0,0.429,3.0,7.0,0.429,0.0,0.0,0.0,0.0,4.0,4.0,5.0,0.0,0.0,1.0,1.0,21.0,13.0
22200095,1610612743,DEN,Denver,1631128,Christian Braun,Christian,,,12:57,0.0,3.0,0.0,0.0,2.0,0.0,0.0,0.0,0.0,0.0,0.0,0.0,2.0,0.0,0.0,0.0,1.0,0.0,-20.0
22200095,1610612743,DEN,Denver,202397,Ish Smith,Ish,,,8:11,1.0,3.0,0.333,0.0,1.0,0.0,0.0,0.0,0.0,0.0,0.0,0.0,0.0,0.0,0.0,1.0,1.0,2.0,-4.0
22200095,1610612743,DEN,Denver,201145,Jeff Green,Jeff,,,16:55,2.0,7.0,0.286,0.0,2.0,0.0,1.0,2.0,0.5,1.0,1.0,2.0,1.0,0.0,0.0,0.0,2.0,5.0,-26.0
22200095,1610612743,DEN,Denver,1628971,Bruce Brown,Bruce,,,27:51,4.0,10.0,0.4,2.0,5.0,0.4,0.0,0.0,0.0,2.0,0.0,2.0,4.0,0.0,0.0,3.0,0.0,10.0,-28.0
22200095,1610612743,DEN,Denver,201599,DeAndre Jordan,DeAndre,,,12:08,2.0,2.0,1.0,0.0,0.0,0.0,1.0,2.0,0.5,2.0,4.0,6.0,0.0,1.0,2.0,0.0,2.0,5.0,-11.0
22200095,1610612743,DEN,Denver,1628432,Davon Reed,Davon,,,2:35,0.0,0.0,0.0,0.0,0.0,0.0,0.0,0.0,0.0,0.0,0.0,0.0,0.0,0.0,0.0,0.0,0.0,0.0,-11.0
22200095,1610612743,DEN,Denver,1628427,Vlatko Čančar,Vlatko,,DNP - Coach's Decision,,,,,,,,,,,,,,,,,,,,
22200095,1610612743,DEN,Denver,1630538,Bones Hyland,Bones,,DNP - Coach's Decision,,,,,,,,,,,,,,,,,,,,
22200095,1610612743,DEN,Denver,1630192,Zeke Nnaji,Zeke,,DNP - Coach's Decision,,,,,,,,,,,,,,,,,,,,
22200095,1610612743,DEN,Denver,1631212,Peyton Watson,Peyton,,DNP - Coach's Decision,,,,,,,,,,,,,,,,,,,,
22200095,1610612747,LAL,Los Angeles,1628972,Troy Brown Jr.,Troy,F,,26:16,4.0,8.0,0.5,0.0,3.0,0.0,0.0,0.0,0.0,1.0,5.0,6.0,0.0,1.0,0.0,0.0,2.0,8.0,-7.0
22200095,1610612747,LAL,Los Angeles,2544,LeBron James,LeBron,F,,34:42,10.0,22.0,0.455,2.0,5.0,0.4,4.0,5.0,0.8,0.0,6.0,6.0,8.0,1.0,0.0,3.0,1.0,26.0,-1.0
22200095,1610612747,LAL,Los Angeles,203076,Anthony Davis,Anthony,C,,36:48,10.0,18.0,0.556,0.0,0.0,0.0,3.0,4.0,0.75,6.0,9.0,15.0,2.0,1.0,1.0,2.0,3.0,23.0,15.0
22200095,1610612747,LAL,Los Angeles,1629022,Lonnie Walker IV,Lonnie,G,,35:16,6.0,14.0,0.429,3.0,5.0,0.6,3.0,4.0,0.75,0.0,5.0,5.0,2.0,1.0,2.0,0.0,1.0,18.0,15.0
22200095,1610612747,LAL,Los Angeles,201976,Patrick Beverley,Patrick,G,,21:11,2.0,5.0,0.4,1.0,4.0,0.25,0.0,0.0,0.0,1.0,4.0,5.0,2.0,0.0,0.0,0.0,3.0,5.0,-9.0
22200095,1610612747,LAL,Los Angeles,1630559,Austin Reaves,Austin,,,27:36,3.0,6.0,0.5,2.0,4.0,0.5,2.0,3.0,0.667,0.0,4.0,4.0,2.0,1.0,1.0,0.0,1.0,10.0,15.0
22200095,1610612747,LAL,Los Angeles,1627745,Damian Jones,Damian,,,2:13,0.0,1.0,0.0,0.0,0.0,0.0,0.0,0.0,0.0,0.0,0.0,0.0,0.0,0.0,1.0,0.0,1.0,0.0,-6.0
22200095,1610612747,LAL,Los Angeles,201566,Russell Westbrook,Russell,,,31:38,6.0,12.0,0.5,2.0,4.0,0.5,4.0,4.0,1.0,4.0,4.0,8.0,8.0,0.0,0.0,3.0,3.0,18.0,18.0
22200095,1610612747,LAL,Los Angeles,1629134,Kendrick Nunn,Kendrick,,,3:23,1.0,2.0,0.5,1.0,1.0,1.0,0.0,0.0,0.0,0.0,0.0,0.0,0.0,0.0,0.0,0.0,0.0,3.0,4.0
22200095,1610612747,LAL,Los Angeles,1629117,Wenyen Gabriel,Wenyen,,,8:37,2.0,4.0,0.5,0.0,1.0,0.0,0.0,0.0,0.0,1.0,1.0,2.0,0.0,0.0,0.0,0.0,1.0,4.0,0.0
22200095,1610612747,LAL,Los Angeles,1630346,Matt Ryan,Matt,,,12:20,2.0,4.0,0.5,2.0,3.0,0.667,0.0,0.0,0.0,0.0,0.0,0.0,0.0,0.0,0.0,0.0,1.0,6.0,11.0
22200095,1610612747,LAL,Los Angeles,1631108,Max Christie,Max,,DNP - Coach's Decision,,,,,,,,,,,,,,,,,,,,
22200095,1610612747,LAL,Los Angeles,1630590,Scotty Pippen Jr.,Scotty,,DNP - Coach's Decision,,,,,,,,,,,,,,,,,,,,
22200094,1610612745,HOU,Houston,1630256,Jae'Sean Tate,Jae'Sean,F,,30:00,4.0,7.0,0.571,1.0,1.0,1.0,0.0,0.0,0.0,4.0,1.0,5.0,3.0,1.0,0.0,2.0,4.0,9.0,-11.0
22200094,1610612745,HOU,Houston,1631095,Jabari Smith Jr.,Jabari,F,,25:03,2.0,8.0,0.25,2.0,6.0,0.333,2.0,2.0,1.0,0.0,7.0,7.0,0.0,0.0,1.0,2.0,3.0,8.0,-13.0
22200094,1610612745,HOU,Houston,1630578,Alperen Sengun,Alperen,C,,29:11,6.0,10.0,0.6,0.0,2.0,0.0,4.0,4.0,1.0,3.0,6.0,9.0,2.0,1.0,0.0,1.0,3.0,16.0,-1.0
22200094,1610612745,HOU,Houston,1630224,Jalen Green,Jalen,G,,31:06,5.0,18.0,0.278,2.0,7.0,0.286,3.0,4.0,0.75,0.0,1.0,1.0,2.0,1.0,0.0,1.0,0.0,15.0,-7.0
22200094,1610612745,HOU,Houston,1629645,Kevin Porter Jr.,Kevin,G,,34:29,7.0,17.0,0.412,1.0,4.0,0.25,11.0,14.0,0.786,1.0,7.0,8.0,6.0,1.0,0.0,1.0,3.0,26.0,-7.0
22200094,1610612745,HOU,Houston,1630231,KJ Martin,KJ,,,24:05,4.0,6.0,0.667,0.0,1.0,0.0,0.0,0.0,0.0,2.0,1.0,3.0,1.0,0.0,0.0,1.0,1.0,8.0,-2.0
22200094,1610612745,HOU,Houston,1630227,Daishen Nix,Daishen,,,12:07,0.0,2.0,0.0,0.0,1.0,0.0,0.0,0.0,0.0,1.0,0.0,1.0,2.0,0.0,0.0,3.0,1.0,0.0,-6.0
22200094,1610612745,HOU,Houston,1631106,Tari Eason,Tari,,,11:50,4.0,4.0,1.0,1.0,1.0,1.0,0.0,0.0,0.0,2.0,0.0,2.0,1.0,1.0,0.0,1.0,4.0,9.0,-4.0
22200094,1610612745,HOU,Houston,1629726,Garrison Mathews,Garrison,,,16:54,2.0,7.0,0.286,2.0,7.0,0.286,2.0,2.0,1.0,0.0,1.0,1.0,0.0,1.0,0.0,1.0,3.0,8.0,-8.0
22200094,1610612745,HOU,Houston,1630528,Josh Christopher,Josh,,,12:48,3.0,7.0,0.429,1.0,3.0,0.333,0.0,0.0,0.0,1.0,4.0,5.0,0.0,0.0,0.0,2.0,2.0,7.0,-12.0
22200094,1610612745,HOU,Houston,1630586,Usman Garuba,Usman,,,12:27,1.0,1.0,1.0,1.0,1.0,1.0,0.0,0.0,0.0,3.0,4.0,7.0,1.0,1.0,0.0,0.0,1.0,3.0,-4.0
22200094,1610612745,HOU,Houston,1631309,Trevor Hudgins,Trevor,,DNP - Coach's Decision,,,,,,,,,,,,,,,,,,,,
22200094,1610612745,HOU,Houston,1626246,Boban Marjanović,Boban,,DNP - Coach's Decision,,,,,,,,,,,,,,,,,,,,
22200094,1610612756,PHX,Phoenix,1628969,Mikal Bridges,Mikal,F,,32:48,5.0,7.0,0.714,2.0,3.0,0.667,3.0,4.0,0.75,1.0,4.0,5.0,1.0,0.0,1.0,1.0,3.0,15.0,12.0
22200094,1610612756,PHX,Phoenix,1629661,Cameron Johnson,Cameron,F,,31:14,7.0,15.0,0.467,5.0,11.0,0.455,0.0,0.0,0.0,0.0,7.0,7.0,1.0,1.0,0.0,0.0,3.0,19.0,19.0
22200094,1610612756,PHX,Phoenix,202687,Bismack Biyombo,Bismack,C,,21:59,1.0,1.0,1.0,0.0,0.0,0.0,3.0,5.0,0.6,0.0,5.0,5.0,0.0,0.0,5.0,2.0,3.0,5.0,12.0
22200094,1610612756,PHX,Phoenix,1626164,Devin Booker,Devin,G,,35:23,14.0,24.0,0.583,1.0,7.0,0.143,1.0,3.0,0.333,1.0,2.0,3.0,6.0,1.0,0.0,1.0,2.0,30.0,11.0
22200094,1610612756,PHX,Phoenix,101108,Chris Paul,Chris,G,,31:14,3.0,7.0,0.429,0.0,4.0,0.0,4.0,5.0,0.8,0.0,1.0,1.0,15.0,0.0,0.0,0.0,1.0,10.0,19.0
22200094,1610612756,PHX,Phoenix,1629111,Jock Landale,Jock,,,23:27,6.0,9.0,0.667,0.0,1.0,0.0,4.0,4.0,1.0,5.0,2.0,7.0,0.0,1.0,1.0,2.0,5.0,16.0,0.0
22200094,1610612756,PHX,Phoenix,1626166,Cameron Payne,Cameron,,,16:46,5.0,12.0,0.417,2.0,7.0,0.286,0.0,0.0,0.0,0.0,2.0,2.0,4.0,4.0,0.0,3.0,0.0,12.0,-4.0
22200094,1610612756,PHX,Phoenix,1628470,Torrey Craig,Torrey,,,18:19,0.0,1.0,0.0,0.0,1.0,0.0,0.0,0.0,0.0,2.0,0.0,2.0,1.0,0.0,1.0,1.0,3.0,0.0,-1.0
22200094,1610612756,PHX,Phoenix,1629013,Landry Shamet,Landry,,,15:12,3.0,6.0,0.5,2.0,5.0,0.4,2.0,4.0,0.5,0.0,1.0,1.0,1.0,2.0,0.0,1.0,1.0,10.0,3.0
22200094,1610612756,PHX,Phoenix,1627814,Damion Lee,Damion,,,11:36,0.0,1.0,0.0,0.0,1.0,0.0,5.0,5.0,1.0,1.0,2.0,3.0,0.0,0.0,0.0,0.0,1.0,5.0,4.0
22200094,1610612756,PHX,Phoenix,1629006,Josh Okogie,Josh,,,1:01,1.0,1.0,1.0,0.0,0.0,0.0,0.0,0.0,0.0,0.0,0.0,0.0,0.0,0.0,0.0,0.0,0.0,2.0,0.0
22200094,1610612756,PHX,Phoenix,1630613,Duane Washington Jr.,Duane,,,1:01,0.0,0.0,0.0,0.0,0.0,0.0,0.0,0.0,0.0,0.0,0.0,0.0,0.0,0.0,0.0,0.0,0.0,0.0,0.0
22200094,1610612756,PHX,Phoenix,203967,Dario Šarić,Dario,,DNP - Coach's Decision,,,,,,,,,,,,,,,,,,,,
22200090,1610612752,NYK,New York,1629628,RJ Barrett,RJ,F,,32:31,6.0,10.0,0.6,3.0,4.0,0.75,0.0,0.0,0.0,1.0,4.0,5.0,2.0,0.0,0.0,1.0,3.0,15.0,-9.0
22200090,1610612752,NYK,New York,203944,Julius Randle,Julius,F,,32:47,5.0,13.0,0.385,0.0,3.0,0.0,5.0,10.0,0.5,0.0,9.0,9.0,7.0,2.0,0.0,4.0,5.0,15.0,-8.0
22200090,1610612752,NYK,New York,1629011,Mitchell Robinson,Mitchell,C,,20:46,2.0,6.0,0.333,0.0,0.0,0.0,0.0,0.0,0.0,6.0,1.0,7.0,2.0,1.0,0.0,2.0,5.0,4.0,-7.0
22200090,1610612752,NYK,New York,203095,Evan Fournier,Evan,G,,28:02,6.0,9.0,0.667,3.0,5.0,0.6,1.0,2.0,0.5,0.0,3.0,3.0,1.0,1.0,0.0,0.0,2.0,16.0,-3.0
22200090,1610612752,NYK,New York,1628973,Jalen Brunson,Jalen,G,,33:56,8.0,19.0,0.421,0.0,3.0,0.0,0.0,1.0,0.0,0.0,4.0,4.0,7.0,3.0,0.0,1.0,2.0,16.0,2.0
22200090,1610612752,NYK,New York,1628392,Isaiah Hartenstein,Isaiah,,,27:14,6.0,10.0,0.6,0.0,1.0,0.0,0.0,0.0,0.0,5.0,4.0,9.0,1.0,1.0,1.0,1.0,3.0,12.0,-6.0
22200090,1610612752,NYK,New York,1630193,Immanuel Quickley,Immanuel,,,19:07,2.0,7.0,0.286,1.0,4.0,0.25,2.0,3.0,0.667,0.0,3.0,3.0,3.0,0.0,0.0,1.0,1.0,7.0,-6.0
22200090,1610612752,NYK,New York,1630167,Obi Toppin,Obi,,,15:13,4.0,7.0,0.571,1.0,3.0,0.333,0.0,0.0,0.0,0.0,4.0,4.0,0.0,0.0,0.0,3.0,2.0,9.0,-5.0
22200090,1610612752,NYK,New York,1629629,Cam Reddish,Cam,,,16:20,3.0,6.0,0.5,1.0,2.0,0.5,0.0,0.0,0.0,0.0,0.0,0.0,1.0,0.0,1.0,0.0,1.0,7.0,-8.0
22200090,1610612752,NYK,New York,201565,Derrick Rose,Derrick,,,14:04,3.0,5.0,0.6,1.0,2.0,0.5,0.0,0.0,0.0,0.0,1.0,1.0,2.0,1.0,0.0,1.0,1.0,7.0,-15.0
22200090,1610612752,NYK,New York,1627853,Ryan Arcidiacono,Ryan,,DNP - Coach's Decision,,,,,,,,,,,,,,,,,,,,
22200090,1610612752,NYK,New York,1630540,Miles McBride,Miles,,DNP - Coach's Decision,,,,,,,,,,,,,,,,,,,,
22200090,1610612752,NYK,New York,1629004,Svi Mykhailiuk,Svi,,DNP - Coach's Decision,,,,,,,,,,,,,,,,,,,,
22200090,1610612752,NYK,New York,1630579,Jericho Sims,Jericho,,DNP - Coach's Decision,,,,,,,,,,,,,,,,,,,,
22200090,1610612739,CLE,Cleveland,1629731,Dean Wade,Dean,F,,33:30,8.0,11.0,0.727,6.0,8.0,0.75,0.0,0.0,0.0,1.0,3.0,4.0,3.0,0.0,0.0,0.0,4.0,22.0,20.0
22200090,1610612739,CLE,Cleveland,1630596,Evan Mobley,Evan,F,,34:15,6.0,13.0,0.462,0.0,2.0,0.0,4.0,4.0,1.0,2.0,5.0,7.0,3.0,1.0,1.0,2.0,5.0,16.0,18.0
22200090,1610612739,CLE,Cleveland,1628386,Jarrett Allen,Jarrett,C,,25:48,3.0,8.0,0.375,0.0,1.0,0.0,0.0,0.0,0.0,3.0,10.0,13.0,1.0,0.0,0.0,2.0,0.0,6.0,5.0
22200090,1610612739,CLE,Cleveland,1627747,Caris LeVert,Caris,G,,29:16,0.0,9.0,0.0,0.0,4.0,0.0,1.0,1.0,1.0,1.0,2.0,3.0,8.0,0.0,0.0,3.0,2.0,1.0,-12.0
22200090,1610612739,CLE,Cleveland,1628378,Donovan Mitchell,Donovan,G,,37:10,12.0,20.0,0.6,8.0,13.0,0.615,6.0,8.0,0.75,0.0,3.0,3.0,12.0,1.0,2.0,4.0,4.0,38.0,18.0
22200090,1610612739,CLE,Cleveland,201577,Robin Lopez,Robin,,,9:21,1.0,1.0,1.0,0.0,0.0,0.0,0.0,1.0,0.0,0.0,0.0,0.0,0.0,0.0,1.0,0.0,0.0,2.0,-11.0
22200090,1610612739,CLE,Cleveland,1626224,Cedi Osman,Cedi,,,15:12,1.0,7.0,0.143,1.0,6.0,0.167,0.0,0.0,0.0,0.0,0.0,0.0,0.0,0.0,0.0,1.0,2.0,3.0,-4.0
22200090,1610612739,CLE,Cleveland,201567,Kevin Love,Kevin,,,22:28,9.0,14.0,0.643,8.0,13.0,0.615,3.0,3.0,1.0,2.0,6.0,8.0,1.0,0.0,0.0,1.0,1.0,29.0,16.0
22200090,1610612739,CLE,Cleveland,203526,Raul Neto,Raul,,,10:50,1.0,3.0,0.333,0.0,1.0,0.0,0.0,0.0,0.0,1.0,0.0,1.0,3.0,0.0,0.0,0.0,3.0,2.0,-5.0
22200090,1610612739,CLE,Cleveland,1630171,Isaac Okoro,Isaac,,,21:32,0.0,3.0,0.0,0.0,2.0,0.0,2.0,2.0,1.0,0.0,4.0,4.0,2.0,1.0,1.0,1.0,1.0,2.0,24.0
22200090,1610612739,CLE,Cleveland,1630205,Lamar Stevens,Lamar,,,0:19,0.0,0.0,0.0,0.0,0.0,0.0,0.0,0.0,0.0,0.0,0.0,0.0,0.0,0.0,0.0,0.0,0.0,0.0,-2.0
22200090,1610612739,CLE,Cleveland,1629603,Mamadi Diakite,Mamadi,,,0:19,0.0,0.0,0.0,0.0,0.0,0.0,0.0,0.0,0.0,0.0,0.0,0.0,0.0,0.0,0.0,0.0,0.0,0.0,-2.0
22200087,1610612763,MEM,Memphis,1628415,Dillon Brooks,Dillon,F,,29:10,12.0,20.0,0.6,4.0,7.0,0.571,2.0,2.0,1.0,0.0,2.0,2.0,4.0,3.0,0.0,2.0,5.0,30.0,9.0
22200087,1610612763,MEM,Memphis,1630583,Santi Aldama,Santi,F,,29:34,4.0,8.0,0.5,0.0,1.0,0.0,2.0,3.0,0.667,0.0,3.0,3.0,1.0,0.0,0.0,2.0,5.0,10.0,-10.0
22200087,1610612763,MEM,Memphis,203500,Steven Adams,Steven,C,,19:13,1.0,2.0,0.5,0.0,0.0,0.0,0.0,0.0,0.0,5.0,5.0,10.0,1.0,1.0,1.0,4.0,4.0,2.0,11.0
22200087,1610612763,MEM,Memphis,1630217,Desmond Bane,Desmond,G,,34:28,11.0,23.0,0.478,3.0,9.0,0.333,7.0,8.0,0.875,0.0,6.0,6.0,2.0,1.0,1.0,5.0,2.0,32.0,-8.0
22200087,1610612763,MEM,Memphis,1626145,Tyus Jones,Tyus,G,,32:56,10.0,15.0,0.667,3.0,5.0,0.6,0.0,2.0,0.0,0.0,1.0,1.0,10.0,2.0,0.0,1.0,0.0,23.0,-9.0
22200087,1610612763,MEM,Memphis,1629723,John Konchar,John,,,27:59,0.0,2.0,0.0,0.0,1.0,0.0,0.0,0.0,0.0,0.0,6.0,6.0,1.0,1.0,0.0,0.0,2.0,0.0,4.0
22200087,1610612763,MEM,Memphis,1631223,David Roddy,David,,,27:09,4.0,5.0,0.8,2.0,3.0,0.667,0.0,0.0,0.0,2.0,5.0,7.0,2.0,2.0,2.0,2.0,3.0,10.0,7.0
22200087,1610612763,MEM,Memphis,1629634,Brandon Clarke,Brandon,,,14:57,4.0,6.0,0.667,0.0,0.0,0.0,0.0,0.0,0.0,2.0,1.0,3.0,1.0,1.0,1.0,2.0,4.0,8.0,-6.0
22200087,1610612763,MEM,Memphis,1630214,Xavier Tillman,Xavier,,,10:49,2.0,3.0,0.667,0.0,0.0,0.0,0.0,0.0,0.0,1.0,1.0,2.0,1.0,0.0,0.0,1.0,0.0,4.0,-9.0
22200087,1610612763,MEM,Memphis,1631113,Kennedy Chandler,Kennedy,,,13:46,2.0,4.0,0.5,0.0,1.0,0.0,0.0,0.0,0.0,0.0,0.0,0.0,1.0,0.0,0.0,1.0,1.0,4.0,6.0
22200087,1610612763,MEM,Memphis,1631254,Kenneth Lofton Jr.,Kenneth,,DNP - Coach's Decision,,,,,,,,,,,,,,,,,,,,
22200087,1610612763,MEM,Memphis,1631246,Vince Williams Jr.,Vince,,DNP - Coach's Decision,,,,,,,,,,,,,,,,,,,,
22200087,1610612762,UTA,Utah,1628374,Lauri Markkanen,Lauri,F,,37:56,9.0,21.0,0.429,2.0,9.0,0.222,3.0,3.0,1.0,2.0,7.0,9.0,5.0,1.0,1.0,2.0,1.0,23.0,9.0
22200087,1610612762,UTA,Utah,203482,Kelly Olynyk,Kelly,F,,34:14,8.0,10.0,0.8,4.0,6.0,0.667,3.0,3.0,1.0,0.0,3.0,3.0,4.0,2.0,3.0,4.0,4.0,23.0,6.0
22200087,1610612762,UTA,Utah,1629020,Jarred Vanderbilt,Jarred,C,,22:44,2.0,4.0,0.5,1.0,2.0,0.5,2.0,2.0,1.0,0.0,7.0,7.0,7.0,2.0,0.0,4.0,3.0,7.0,-4.0
22200087,1610612762,UTA,Utah,203903,Jordan Clarkson,Jordan,G,,32:45,9.0,17.0,0.529,3.0,7.0,0.429,0.0,1.0,0.0,3.0,0.0,3.0,6.0,0.0,0.0,3.0,0.0,21.0,7.0
22200087,1610612762,UTA,Utah,1629012,Collin Sexton,Collin,G,,31:52,7.0,12.0,0.583,3.0,6.0,0.5,2.0,2.0,1.0,1.0,1.0,2.0,4.0,0.0,1.0,3.0,2.0,19.0,7.0
22200087,1610612762,UTA,Utah,1627736,Malik Beasley,Malik,,,31:34,4.0,7.0,0.571,4.0,6.0,0.667,0.0,0.0,0.0,0.0,3.0,3.0,0.0,1.0,0.0,0.0,1.0,12.0,-4.0
22200087,1610612762,UTA,Utah,1630534,Ochai Agbaji,Ochai,,,17:45,2.0,6.0,0.333,0.0,2.0,0.0,3.0,5.0,0.6,3.0,1.0,4.0,1.0,0.0,0.0,0.0,0.0,7.0,-12.0
22200087,1610612762,UTA,Utah,1629659,Talen Horton-Tucker,Talen,,,10:21,0.0,2.0,0.0,0.0,1.0,0.0,1.0,2.0,0.5,1.0,0.0,1.0,0.0,0.0,0.0,2.0,2.0,1.0,-7.0
22200087,1610612762,UTA,Utah,1629638,Nickeil Alexander-Walker,Nickeil,,,20:50,4.0,8.0,0.5,2.0,5.0,0.4,1.0,2.0,0.5,0.0,2.0,2.0,3.0,2.0,1.0,1.0,4.0,11.0,3.0
22200087,1610612762,UTA,Utah,1628962,Udoka Azubuike,Udoka,,DNP - Coach's Decision,,,,,,,,,,,,,,,,,,,,
22200087,1610612762,UTA,Utah,1630195,Leandro Bolmaro,Leandro,,DNP - Coach's Decision,,,,,,,,,,,,,,,,,,,,
22200087,1610612762,UTA,Utah,1630548,Johnny Juzang,Johnny,,DNP - Coach's Decision,,,,,,,,,,,,,,,,,,,,
22200087,1610612762,UTA,Utah,1630695,Micah Potter,Micah,,DNP - Coach's Decision,,,,,,,,,,,,,,,,,,,,
22200081,1610612748,MIA,Miami,1628997,Caleb Martin,Caleb,F,,25:58,3.0,9.0,0.333,1.0,2.0,0.5,2.0,2.0,1.0,1.0,3.0,4.0,1.0,2.0,0.0,0.0,3.0,9.0,-4.0
22200081,1610612748,MIA,Miami,202710,Jimmy Butler III,Jimmy,F,,37:07,4.0,11.0,0.364,0.0,1.0,0.0,5.0,7.0,0.714,1.0,6.0,7.0,6.0,2.0,0.0,2.0,0.0,13.0,-1.0
22200081,1610612748,MIA,Miami,1628389,Bam Adebayo,Bam,C,,37:42,9.0,16.0,0.563,0.0,0.0,0.0,5.0,6.0,0.833,2.0,4.0,6.0,4.0,0.0,2.0,1.0,6.0,23.0,6.0
22200081,1610612748,MIA,Miami,1629639,Tyler Herro,Tyler,G,,34:52,13.0,22.0,0.591,5.0,8.0,0.625,3.0,4.0,0.75,1.0,2.0,3.0,0.0,0.0,0.0,3.0,1.0,34.0,11.0
22200081,1610612748,MIA,Miami,200768,Kyle Lowry,Kyle,G,,36:46,3.0,8.0,0.375,1.0,4.0,0.25,8.0,8.0,1.0,1.0,4.0,5.0,5.0,2.0,1.0,2.0,4.0,15.0,-1.0
22200081,1610612748,MIA,Miami,2617,Udonis Haslem,Udonis,,,7:57,1.0,2.0,0.5,0.0,0.0,0.0,1.0,2.0,0.5,0.0,1.0,1.0,0.0,0.0,0.0,0.0,1.0,3.0,-3.0
22200081,1610612748,MIA,Miami,1629622,Max Strus,Max,,,34:26,4.0,15.0,0.267,3.0,11.0,0.273,0.0,0.0,0.0,2.0,3.0,5.0,1.0,1.0,0.0,0.0,4.0,11.0,-11.0
22200081,1610612748,MIA,Miami,1629216,Gabe Vincent,Gabe,,,19:44,1.0,4.0,0.25,1.0,2.0,0.5,0.0,0.0,0.0,0.0,1.0,1.0,1.0,0.0,0.0,0.0,4.0,3.0,-14.0
22200081,1610612748,MIA,Miami,1629130,Duncan Robinson,Duncan,,,4:38,0.0,2.0,0.0,0.0,0.0,0.0,2.0,2.0,1.0,1.0,1.0,2.0,0.0,0.0,0.0,0.0,2.0,2.0,-8.0
22200081,1610612748,MIA,Miami,1631107,Nikola Jović,Nikola,,,0:51,0.0,0.0,0.0,0.0,0.0,0.0,0.0,0.0,0.0,0.0,0.0,0.0,0.0,0.0,0.0,0.0,0.0,0.0,-5.0
22200081,1610612748,MIA,Miami,1629312,Haywood Highsmith,Haywood,,DNP - Coach's Decision,,,,,,,,,,,,,,,,,,,,
22200081,1610612748,MIA,Miami,1630696,Dru Smith,Dru,,DNP - Coach's Decision,,,,,,,,,,,,,,,,,,,,
22200081,1610612758,SAC,Sacramento,203084,Harrison Barnes,Harrison,F,,33:40,3.0,7.0,0.429,1.0,4.0,0.25,4.0,4.0,1.0,1.0,3.0,4.0,6.0,0.0,0.0,2.0,5.0,11.0,12.0
22200081,1610612758,SAC,Sacramento,1631099,Keegan Murray,Keegan,F,,35:48,8.0,13.0,0.615,3.0,7.0,0.429,3.0,4.0,0.75,0.0,1.0,1.0,3.0,0.0,2.0,5.0,4.0,22.0,2.0
22200081,1610612758,SAC,Sacramento,1627734,Domantas Sabonis,Domantas,C,,22:45,8.0,9.0,0.889,0.0,0.0,0.0,2.0,2.0,1.0,2.0,5.0,7.0,3.0,0.0,1.0,2.0,6.0,18.0,6.0
22200081,1610612758,SAC,Sacramento,1628989,Kevin Huerter,Kevin,G,,38:11,8.0,11.0,0.727,7.0,8.0,0.875,4.0,6.0,0.667,0.0,3.0,3.0,7.0,0.0,0.0,0.0,2.0,27.0,5.0
22200081,1610612758,SAC,Sacramento,1628368,De'Aaron Fox,De'Aaron,G,,36:15,6.0,17.0,0.353,0.0,2.0,0.0,5.0,5.0,1.0,2.0,11.0,13.0,5.0,0.0,2.0,3.0,4.0,17.0,4.0
22200081,1610612758,SAC,Sacramento,1626168,Trey Lyles,Trey,,,18:22,4.0,7.0,0.571,2.0,4.0,0.5,0.0,2.0,0.0,1.0,4.0,5.0,0.0,1.0,1.0,1.0,1.0,10.0,3.0
22200081,1610612758,SAC,Sacramento,1630558,Davion Mitchell,Davion,,,11:48,1.0,2.0,0.5,0.0,1.0,0.0,0.0,1.0,0.0,0.0,3.0,3.0,1.0,0.0,0.0,4.0,2.0,2.0,2.0
22200081,1610612758,SAC,Sacramento,1628370,Malik Monk,Malik,,,13:31,2.0,5.0,0.4,1.0,4.0,0.25,1.0,1.0,1.0,0.0,2.0,2.0,2.0,0.0,0.0,2.0,2.0,6.0,0.0
22200081,1610612758,SAC,Sacramento,1626158,Richaun Holmes,Richaun,,,21:10,2.0,4.0,0.5,0.0,0.0,0.0,1.0,2.0,0.5,0.0,4.0,4.0,0.0,0.0,0.0,1.0,2.0,5.0,1.0
22200081,1610612758,SAC,Sacramento,1629644,KZ Okpala,KZ,,,0:04,0.0,0.0,0.0,0.0,0.0,0.0,0.0,0.0,0.0,0.0,0.0,0.0,0.0,0.0,0.0,0.0,0.0,0.0,0.0
22200081,1610612758,SAC,Sacramento,1629056,Terence Davis,Terence,,,5:19,0.0,1.0,0.0,0.0,1.0,0.0,0.0,0.0,0.0,0.0,0.0,0.0,0.0,0.0,0.0,0.0,0.0,0.0,-4.0
22200081,1610612758,SAC,Sacramento,203458,Alex Len,Alex,,,3:09,0.0,0.0,0.0,0.0,0.0,0.0,1.0,2.0,0.5,0.0,1.0,1.0,0.0,0.0,0.0,0.0,1.0,1.0,-1.0
22200081,1610612758,SAC,Sacramento,203521,Matthew Dellavedova,Matthew,,DNP - Coach's Decision,,,,,,,,,,,,,,,,,,,,
22200081,1610612758,SAC,Sacramento,1629002,Chimezie Metu,Chimezie,,DNP - Coach's Decision,,,,,,,,,,,,,,,,,,,,
22200081,1610612758,SAC,Sacramento,1631320,Chima Moneke,Chima,,DNP - Coach's Decision,,,,,,,,,,,,,,,,,,,,
22200086,1610612760,OKC,Oklahoma City,1630598,Aaron Wiggins,Aaron,F,,27:40,2.0,5.0,0.4,0.0,1.0,0.0,1.0,2.0,0.5,2.0,3.0,5.0,4.0,0.0,0.0,0.0,0.0,5.0,18.0
22200086,1610612760,OKC,Oklahoma City,1629652,Luguentz Dort,Luguentz,F,,40:17,6.0,12.0,0.5,1.0,4.0,0.25,3.0,6.0,0.5,1.0,5.0,6.0,2.0,2.0,0.0,1.0,5.0,16.0,23.0
22200086,1610612760,OKC,Oklahoma City,1630197,Aleksej Pokusevski,Aleksej,C,,24:14,2.0,6.0,0.333,0.0,2.0,0.0,0.0,0.0,0.0,0.0,4.0,4.0,3.0,0.0,2.0,2.0,4.0,4.0,-21.0
22200086,1610612760,OKC,Oklahoma City,1630544,Tre Mann,Tre,G,,26:11,2.0,9.0,0.222,0.0,4.0,0.0,0.0,0.0,0.0,0.0,3.0,3.0,3.0,1.0,0.0,0.0,4.0,4.0,-14.0
22200086,1610612760,OKC,Oklahoma City,1628983,Shai Gilgeous-Alexander,Shai,G,,41:20,15.0,27.0,0.556,0.0,2.0,0.0,8.0,8.0,1.0,2.0,4.0,6.0,9.0,2.0,1.0,3.0,2.0,38.0,20.0
22200086,1610612760,OKC,Oklahoma City,1631114,Jalen Williams,Jalen,,,26:49,5.0,8.0,0.625,0.0,2.0,0.0,3.0,3.0,1.0,0.0,3.0,3.0,3.0,4.0,1.0,3.0,3.0,13.0,-9.0
22200086,1610612760,OKC,Oklahoma City,1629647,Darius Bazley,Darius,,,26:04,7.0,11.0,0.636,0.0,2.0,0.0,1.0,2.0,0.5,1.0,7.0,8.0,0.0,0.0,1.0,1.0,3.0,15.0,19.0
22200086,1610612760,OKC,Oklahoma City,1629026,Kenrich Williams,Kenrich,,,17:33,1.0,2.0,0.5,1.0,1.0,1.0,0.0,0.0,0.0,2.0,4.0,6.0,0.0,0.0,1.0,2.0,2.0,3.0,-25.0
22200086,1610612760,OKC,Oklahoma City,203488,Mike Muscala,Mike,,,11:34,0.0,3.0,0.0,0.0,2.0,0.0,2.0,2.0,1.0,0.0,2.0,2.0,0.0,0.0,0.0,2.0,2.0,2.0,10.0
22200086,1610612760,OKC,Oklahoma City,1630647,Eugene Omoruyi,Eugene,,,9:14,0.0,1.0,0.0,0.0,1.0,0.0,2.0,4.0,0.5,1.0,1.0,2.0,0.0,0.0,0.0,1.0,3.0,2.0,-8.0
22200086,1610612760,OKC,Oklahoma City,1630526,Jeremiah Robinson-Earl,Jeremiah,,,5:01,0.0,1.0,0.0,0.0,1.0,0.0,0.0,0.0,0.0,0.0,0.0,0.0,0.0,0.0,0.0,0.0,0.0,0.0,-7.0
22200086,1610612760,OKC,Oklahoma City,1630198,Isaiah Joe,Isaiah,,,9:03,4.0,4.0,1.0,3.0,3.0,1.0,4.0,4.0,1.0,0.0,2.0,2.0,1.0,0.0,0.0,0.0,1.0,15.0,24.0
22200086,1610612760,OKC,Oklahoma City,1631172,Ousmane Dieng,Ousmane,,DNP - Coach's Decision,,,,,,,,,,,,,,,,,,,,
22200086,1610612760,OKC,Oklahoma City,1631119,Jaylin Williams,Jaylin,,DNP - Coach's Decision,,,,,,,,,,,,,,,,,,,,
22200086,1610612742,DAL,Dallas,203493,Reggie Bullock Jr.,Reggie,F,,37:49,2.0,5.0,0.4,2.0,5.0,0.4,1.0,1.0,1.0,2.0,2.0,4.0,1.0,0.0,0.0,2.0,4.0,7.0,-20.0
22200086,1610612742,DAL,Dallas,1627827,Dorian Finney-Smith,Dorian,F,,35:00,5.0,15.0,0.333,3.0,9.0,0.333,0.0,0.0,0.0,4.0,1.0,5.0,1.0,0.0,2.0,1.0,4.0,13.0,-7.0
22200086,1610612742,DAL,Dallas,203939,Dwight Powell,Dwight,C,,18:28,5.0,7.0,0.714,0.0,1.0,0.0,3.0,3.0,1.0,0.0,2.0,2.0,0.0,0.0,0.0,0.0,1.0,13.0,7.0
22200086,1610612742,DAL,Dallas,203915,Spencer Dinwiddie,Spencer,G,,35:27,8.0,13.0,0.615,2.0,6.0,0.333,2.0,3.0,0.667,0.0,2.0,2.0,2.0,1.0,0.0,2.0,3.0,20.0,2.0
22200086,1610612742,DAL,Dallas,1629029,Luka Dončić,Luka,G,,40:00,8.0,23.0,0.348,0.0,6.0,0.0,15.0,19.0,0.789,2.0,14.0,16.0,10.0,1.0,0.0,3.0,6.0,31.0,-25.0
22200086,1610612742,DAL,Dallas,203501,Tim Hardaway Jr.,Tim,,,22:11,2.0,7.0,0.286,1.0,3.0,0.333,3.0,4.0,0.75,0.0,2.0,2.0,1.0,1.0,0.0,2.0,3.0,8.0,3.0
22200086,1610612742,DAL,Dallas,1626174,Christian Wood,Christian,,,28:45,5.0,10.0,0.5,0.0,2.0,0.0,1.0,2.0,0.5,1.0,6.0,7.0,0.0,0.0,1.0,3.0,5.0,11.0,-7.0
22200086,1610612742,DAL,Dallas,1628467,Maxi Kleber,Maxi,,,28:28,1.0,8.0,0.125,0.0,6.0,0.0,0.0,0.0,0.0,1.0,4.0,5.0,0.0,1.0,2.0,1.0,2.0,2.0,-8.0
22200086,1610612742,DAL,Dallas,1630182,Josh Green,Josh,,,15:09,2.0,5.0,0.4,0.0,2.0,0.0,2.0,2.0,1.0,2.0,3.0,5.0,1.0,4.0,0.0,2.0,0.0,6.0,24.0
22200086,1610612742,DAL,Dallas,1630702,Jaden Hardy,Jaden,,,3:43,0.0,2.0,0.0,0.0,0.0,0.0,0.0,0.0,0.0,0.0,1.0,1.0,1.0,0.0,0.0,0.0,2.0,0.0,1.0
22200086,1610612742,DAL,Dallas,1630267,Facundo Campazzo,Facundo,,DNP - Coach's Decision,,,,,,,,,,,,,,,,,,,,
22200086,1610612742,DAL,Dallas,1628416,Tyler Dorsey,Tyler,,DNP - Coach's Decision,,,,,,,,,,,,,,,,,,,,
22200086,1610612742,DAL,Dallas,1629033,Theo Pinson,Theo,,DNP - Coach's Decision,,,,,,,,,,,,,,,,,,,,
22200086,1610612742,DAL,Dallas,1630593,McKinley Wright IV,McKinley,,DNP - Coach's Decision,,,,,,,,,,,,,,,,,,,,
22200083,1610612754,IND,Indiana,1630537,Chris Duarte,Chris,F,,22:51,3.0,8.0,0.375,3.0,7.0,0.429,0.0,0.0,0.0,0.0,3.0,3.0,0.0,0.0,0.0,2.0,3.0,9.0,9.0
22200083,1610612754,IND,Indiana,1630188,Jalen Smith,Jalen,F,,33:41,3.0,14.0,0.214,1.0,4.0,0.25,1.0,2.0,0.5,7.0,7.0,14.0,1.0,0.0,0.0,2.0,3.0,8.0,8.0
22200083,1610612754,IND,Indiana,1630543,Isaiah Jackson,Isaiah,C,,31:46,8.0,13.0,0.615,0.0,0.0,0.0,2.0,2.0,1.0,4.0,6.0,10.0,4.0,2.0,1.0,0.0,4.0,18.0,25.0
22200083,1610612754,IND,Indiana,1627741,Buddy Hield,Buddy,G,,38:09,6.0,14.0,0.429,5.0,11.0,0.455,0.0,0.0,0.0,1.0,8.0,9.0,8.0,1.0,0.0,1.0,3.0,17.0,7.0
22200083,1610612754,IND,Indiana,1630169,Tyrese Haliburton,Tyrese,G,,33:15,7.0,16.0,0.438,6.0,10.0,0.6,6.0,6.0,1.0,2.0,4.0,6.0,8.0,3.0,0.0,3.0,1.0,26.0,6.0
22200083,1610612754,IND,Indiana,1629048,Goga Bitadze,Goga,,,13:25,2.0,2.0,1.0,0.0,0.0,0.0,1.0,4.0,0.25,1.0,1.0,2.0,1.0,1.0,0.0,0.0,1.0,5.0,-10.0
22200083,1610612754,IND,Indiana,1631097,Bennedict Mathurin,Bennedict,,,33:06,8.0,16.0,0.5,6.0,9.0,0.667,10.0,10.0,1.0,2.0,3.0,5.0,2.0,0.0,0.0,2.0,4.0,32.0,9.0
22200083,1610612754,IND,Indiana,1629614,Andrew Nembhard,Andrew,,,16:33,1.0,6.0,0.167,1.0,3.0,0.333,2.0,2.0,1.0,0.0,2.0,2.0,5.0,0.0,0.0,0.0,3.0,5.0,-2.0
22200083,1610612754,IND,Indiana,201949,James Johnson,James,,,14:19,2.0,5.0,0.4,1.0,2.0,0.5,0.0,0.0,0.0,0.0,2.0,2.0,2.0,0.0,0.0,0.0,3.0,5.0,1.0
22200083,1610612754,IND,Indiana,1630678,Terry Taylor,Terry,,,0:14,0.0,0.0,0.0,0.0,0.0,0.0,0.0,0.0,0.0,0.0,0.0,0.0,0.0,0.0,0.0,0.0,0.0,0.0,0.0
22200083,1610612754,IND,Indiana,1629052,Oshae Brissett,Oshae,,,2:42,0.0,0.0,0.0,0.0,0.0,0.0,0.0,0.0,0.0,0.0,0.0,0.0,0.0,0.0,0.0,0.0,0.0,0.0,-8.0
22200083,1610612754,IND,Indiana,204456,T.J. McConnell,T.J.,,DND - Injury/Illness,,,,,,,,,,,,,,,,,,,,
22200083,1610612754,IND,Indiana,1630174,Aaron Nesmith,Aaron,,DND - Injury/Illness,,,,,,,,,,,,,,,,,,,,
22200083,1610612754,IND,Indiana,1626167,Myles Turner,Myles,,DND - Injury/Illness,,,,,,,,,,,,,,,,,,,,
22200083,1610612751,BKN,Brooklyn,201142,Kevin Durant,Kevin,F,,38:48,8.0,20.0,0.4,1.0,5.0,0.2,9.0,9.0,1.0,1.0,4.0,5.0,2.0,3.0,4.0,3.0,0.0,26.0,-3.0
22200083,1610612751,BKN,Brooklyn,1626220,Royce O'Neale,Royce,F,,37:47,4.0,7.0,0.571,3.0,6.0,0.5,0.0,0.0,0.0,0.0,1.0,1.0,5.0,0.0,0.0,0.0,4.0,11.0,-12.0
22200083,1610612751,BKN,Brooklyn,1629651,Nic Claxton,Nic,C,,22:05,4.0,6.0,0.667,0.0,0.0,0.0,0.0,3.0,0.0,2.0,7.0,9.0,0.0,1.0,2.0,0.0,2.0,8.0,-6.0
22200083,1610612751,BKN,Brooklyn,202681,Kyrie Irving,Kyrie,G,,39:32,13.0,22.0,0.591,5.0,12.0,0.417,4.0,5.0,0.8,1.0,1.0,2.0,6.0,0.0,0.0,2.0,2.0,35.0,0.0
22200083,1610612751,BKN,Brooklyn,1627732,Ben Simmons,Ben,G,,35:42,3.0,7.0,0.429,0.0,0.0,0.0,3.0,5.0,0.6,2.0,6.0,8.0,9.0,1.0,1.0,2.0,4.0,9.0,-11.0
22200083,1610612751,BKN,Brooklyn,203552,Seth Curry,Seth,,,17:30,0.0,5.0,0.0,0.0,5.0,0.0,0.0,0.0,0.0,0.0,2.0,2.0,6.0,1.0,1.0,0.0,3.0,0.0,-13.0
22200083,1610612751,BKN,Brooklyn,203925,Joe Harris,Joe,,,24:04,4.0,7.0,0.571,2.0,5.0,0.4,1.0,1.0,1.0,0.0,3.0,3.0,1.0,0.0,1.0,1.0,2.0,11.0,-1.0
22200083,1610612751,BKN,Brooklyn,1629139,Yuta Watanabe,Yuta,,,12:54,2.0,3.0,0.667,1.0,2.0,0.5,0.0,0.0,0.0,0.0,2.0,2.0,0.0,0.0,0.0,1.0,1.0,5.0,-3.0
22200083,1610612751,BKN,Brooklyn,201988,Patty Mills,Patty,,,6:32,2.0,3.0,0.667,1.0,2.0,0.5,3.0,3.0,1.0,0.0,0.0,0.0,0.0,0.0,0.0,0.0,1.0,8.0,0.0
22200083,1610612751,BKN,Brooklyn,202693,Markieff Morris,Markieff,,,5:08,1.0,2.0,0.5,1.0,2.0,0.5,0.0,0.0,0.0,0.0,2.0,2.0,0.0,0.0,0.0,0.0,1.0,3.0,4.0
22200083,1610612751,BKN,Brooklyn,1630556,Kessler Edwards,Kessler,,DNP - Coach's Decision,,,,,,,,,,,,,,,,,,,,
22200083,1610612751,BKN,Brooklyn,1630549,Day'Ron Sharpe,Day'Ron,,DNP - Coach's Decision,,,,,,,,,,,,,,,,,,,,
22200083,1610612751,BKN,Brooklyn,1628410,Edmond Sumner,Edmond,,DNP - Coach's Decision,,,,,,,,,,,,,,,,,,,,
22200083,1610612751,BKN,Brooklyn,1630560,Cam Thomas,Cam,,DNP - Coach's Decision,,,,,,,,,,,,,,,,,,,,
22200084,1610612755,PHI,Philadelphia,202699,Tobias Harris,Tobias,F,,31:10,4.0,6.0,0.667,3.0,4.0,0.75,2.0,2.0,1.0,2.0,3.0,5.0,3.0,1.0,2.0,1.0,1.0,13.0,-2.0
22200084,1610612755,PHI,Philadelphia,200782,P.J. Tucker,P.J.,F,,22:35,3.0,3.0,1.0,2.0,2.0,1.0,0.0,0.0,0.0,0.0,6.0,6.0,0.0,0.0,2.0,4.0,4.0,8.0,1.0
22200084,1610612755,PHI,Philadelphia,203954,Joel Embiid,Joel,C,,31:39,9.0,15.0,0.6,1.0,2.0,0.5,6.0,9.0,0.667,2.0,5.0,7.0,4.0,1.0,0.0,5.0,4.0,25.0,5.0
22200084,1610612755,PHI,Philadelphia,1630178,Tyrese Maxey,Tyrese,G,,29:17,5.0,14.0,0.357,2.0,6.0,0.333,2.0,3.0,0.667,0.0,5.0,5.0,3.0,1.0,0.0,2.0,4.0,14.0,5.0
22200084,1610612755,PHI,Philadelphia,201935,James Harden,James,G,,35:60,2.0,13.0,0.154,0.0,5.0,0.0,11.0,11.0,1.0,0.0,6.0,6.0,11.0,2.0,0.0,3.0,0.0,15.0,-3.0
22200084,1610612755,PHI,Philadelphia,1629680,Matisse Thybulle,Matisse,,,20:34,1.0,2.0,0.5,0.0,0.0,0.0,0.0,0.0,0.0,0.0,0.0,0.0,0.0,1.0,0.0,0.0,3.0,2.0,2.0
22200084,1610612755,PHI,Philadelphia,1629001,De'Anthony Melton,De'Anthony,,,21:46,4.0,8.0,0.5,2.0,4.0,0.5,0.0,0.0,0.0,0.0,3.0,3.0,4.0,1.0,1.0,1.0,0.0,10.0,-2.0
22200084,1610612755,PHI,Philadelphia,1627777,Georges Niang,Georges,,,18:23,6.0,8.0,0.75,3.0,4.0,0.75,0.0,0.0,0.0,1.0,2.0,3.0,0.0,0.0,0.0,0.0,3.0,15.0,6.0
22200084,1610612755,PHI,Philadelphia,1629003,Shake Milton,Shake,,,6:55,3.0,5.0,0.6,0.0,1.0,0.0,0.0,0.0,0.0,1.0,1.0,2.0,1.0,0.0,1.0,0.0,0.0,6.0,5.0
22200084,1610612755,PHI,Philadelphia,1626149,Montrezl Harrell,Montrezl,,,11:59,1.0,4.0,0.25,0.0,0.0,0.0,1.0,2.0,0.5,2.0,2.0,4.0,2.0,1.0,0.0,0.0,2.0,3.0,10.0
22200084,1610612755,PHI,Philadelphia,1627863,Danuel House Jr.,Danuel,,,9:42,1.0,1.0,1.0,1.0,1.0,1.0,0.0,0.0,0.0,0.0,0.0,0.0,0.0,0.0,0.0,1.0,1.0,3.0,-2.0
22200084,1610612755,PHI,Philadelphia,1627788,Furkan Korkmaz,Furkan,,DNP - Coach's Decision,,,,,,,,,,,,,,,,,,,,
22200084,1610612755,PHI,Philadelphia,1630194,Paul Reed,Paul,,DNP - Coach's Decision,,,,,,,,,,,,,,,,,,,,
22200084,1610612755,PHI,Philadelphia,1630531,Jaden Springer,Jaden,,DNP - Coach's Decision,,,,,,,,,,,,,,,,,,,,
22200084,1610612741,CHI,Chicago,201942,DeMar DeRozan,DeMar,F,,34:15,7.0,12.0,0.583,1.0,2.0,0.5,9.0,10.0,0.9,0.0,3.0,3.0,4.0,0.0,0.0,4.0,2.0,24.0,2.0
22200084,1610612741,CHI,Chicago,1630172,Patrick Williams,Patrick,F,,32:19,2.0,5.0,0.4,1.0,3.0,0.333,4.0,4.0,1.0,0.0,3.0,3.0,0.0,1.0,1.0,3.0,3.0,9.0,-1.0
22200084,1610612741,CHI,Chicago,202696,Nikola Vučević,Nikola,C,,36:22,8.0,14.0,0.571,5.0,7.0,0.714,2.0,2.0,1.0,3.0,16.0,19.0,3.0,1.0,0.0,4.0,4.0,23.0,-2.0
22200084,1610612741,CHI,Chicago,203897,Zach LaVine,Zach,G,,33:45,8.0,19.0,0.421,2.0,9.0,0.222,2.0,2.0,1.0,0.0,2.0,2.0,3.0,0.0,0.0,2.0,4.0,20.0,-10.0
22200084,1610612741,CHI,Chicago,1627936,Alex Caruso,Alex,G,,35:10,2.0,5.0,0.4,1.0,2.0,0.5,4.0,4.0,1.0,0.0,3.0,3.0,6.0,3.0,1.0,1.0,1.0,9.0,7.0
22200084,1610612741,CHI,Chicago,1629632,Coby White,Coby,,,21:34,3.0,9.0,0.333,1.0,4.0,0.25,0.0,0.0,0.0,0.0,0.0,0.0,2.0,1.0,0.0,3.0,0.0,7.0,-2.0
22200084,1610612741,CHI,Chicago,1629750,Javonte Green,Javonte,,,18:37,3.0,4.0,0.75,0.0,0.0,0.0,3.0,4.0,0.75,5.0,1.0,6.0,1.0,1.0,0.0,1.0,3.0,9.0,-3.0
22200084,1610612741,CHI,Chicago,1631207,Dalen Terry,Dalen,,,2:55,0.0,2.0,0.0,0.0,1.0,0.0,0.0,0.0,0.0,0.0,0.0,0.0,1.0,0.0,0.0,0.0,0.0,0.0,-1.0
22200084,1610612741,CHI,Chicago,201609,Goran Dragic,Goran,,,13:25,1.0,6.0,0.167,0.0,2.0,0.0,0.0,0.0,0.0,0.0,1.0,1.0,1.0,0.0,0.0,0.0,2.0,2.0,-12.0
22200084,1610612741,CHI,Chicago,1627884,Derrick Jones Jr.,Derrick,,,11:38,2.0,4.0,0.5,0.0,1.0,0.0,2.0,3.0,0.667,1.0,2.0,3.0,1.0,0.0,1.0,0.0,1.0,6.0,-3.0
22200084,1610612741,CHI,Chicago,1628396,Tony Bradley,Tony,,DNP - Coach's Decision,,,,,,,,,,,,,,,,,,,,
22200084,1610612741,CHI,Chicago,1630792,Malcolm Hill,Malcolm,,DNP - Coach's Decision,,,,,,,,,,,,,,,,,,,,
22200084,1610612741,CHI,Chicago,1630250,Marko Simonovic,Marko,,DNP - Coach's Decision,,,,,,,,,,,,,,,,,,,,
22200085,1610612737,ATL,Atlanta,1629631,De'Andre Hunter,De'Andre,F,,31:25,4.0,10.0,0.4,2.0,4.0,0.5,4.0,4.0,1.0,0.0,5.0,5.0,0.0,0.0,0.0,2.0,3.0,14.0,-2.0
22200085,1610612737,ATL,Atlanta,1628381,John Collins,John,F,,31:25,2.0,4.0,0.5,0.0,2.0,0.0,0.0,2.0,0.0,2.0,3.0,5.0,2.0,0.0,0.0,2.0,3.0,4.0,-2.0
22200085,1610612737,ATL,Atlanta,203991,Clint Capela,Clint,C,,28:47,5.0,8.0,0.625,0.0,0.0,0.0,1.0,2.0,0.5,5.0,5.0,10.0,1.0,2.0,1.0,2.0,1.0,11.0,-11.0
22200085,1610612737,ATL,Atlanta,1627749,Dejounte Murray,Dejounte,G,,34:16,9.0,19.0,0.474,3.0,5.0,0.6,0.0,0.0,0.0,0.0,5.0,5.0,6.0,2.0,0.0,1.0,3.0,21.0,0.0
22200085,1610612737,ATL,Atlanta,1629027,Trae Young,Trae,G,,36:26,15.0,32.0,0.469,5.0,10.0,0.5,7.0,7.0,1.0,1.0,5.0,6.0,5.0,0.0,0.0,2.0,1.0,42.0,-10.0
22200085,1610612737,ATL,Atlanta,1630168,Onyeka Okongwu,Onyeka,,,19:13,3.0,5.0,0.6,0.0,0.0,0.0,0.0,0.0,0.0,2.0,4.0,6.0,1.0,0.0,1.0,2.0,4.0,6.0,6.0
22200085,1610612737,ATL,Atlanta,1628988,Aaron Holiday,Aaron,,,24:03,1.0,2.0,0.5,1.0,1.0,1.0,0.0,0.0,0.0,0.0,1.0,1.0,2.0,0.0,0.0,1.0,0.0,3.0,-1.0
22200085,1610612737,ATL,Atlanta,203200,Justin Holiday,Justin,,,12:45,4.0,5.0,0.8,2.0,3.0,0.667,0.0,0.0,0.0,0.0,0.0,0.0,0.0,0.0,0.0,0.0,4.0,10.0,-1.0
22200085,1610612737,ATL,Atlanta,1630552,Jalen Johnson,Jalen,,,16:35,2.0,7.0,0.286,0.0,4.0,0.0,0.0,0.0,0.0,0.0,2.0,2.0,2.0,1.0,0.0,0.0,4.0,4.0,-3.0
22200085,1610612737,ATL,Atlanta,1631100,AJ Griffin,AJ,,,5:05,0.0,2.0,0.0,0.0,0.0,0.0,0.0,0.0,0.0,2.0,0.0,2.0,0.0,0.0,0.0,0.0,0.0,0.0,-1.0
22200085,1610612737,ATL,Atlanta,1629633,Jarrett Culver,Jarrett,,DNP - Coach's Decision,,,,,,,,,,,,,,,,,,,,
22200085,1610612737,ATL,Atlanta,1626163,Frank Kaminsky,Frank,,DNP - Coach's Decision,,,,,,,,,,,,,,,,,,,,
22200085,1610612737,ATL,Atlanta,1630249,Vít Krejčí,Vít,,DNP - Coach's Decision,,,,,,,,,,,,,,,,,,,,
22200085,1610612737,ATL,Atlanta,1631213,Tyrese Martin,Tyrese,,DNP - Coach's Decision,,,,,,,,,,,,,,,,,,,,
22200085,1610612749,MIL,Milwaukee,1628960,Grayson Allen,Grayson,F,,20:06,1.0,5.0,0.2,0.0,3.0,0.0,0.0,0.0,0.0,1.0,1.0,2.0,0.0,1.0,0.0,0.0,0.0,2.0,-4.0
22200085,1610612749,MIL,Milwaukee,203507,Giannis Antetokounmpo,Giannis,F,,32:37,11.0,22.0,0.5,1.0,1.0,1.0,11.0,19.0,0.579,5.0,12.0,17.0,4.0,0.0,1.0,2.0,4.0,34.0,-10.0
22200085,1610612749,MIL,Milwaukee,201572,Brook Lopez,Brook,C,,34:00,8.0,12.0,0.667,5.0,8.0,0.625,0.0,0.0,0.0,1.0,5.0,6.0,0.0,1.0,2.0,1.0,2.0,21.0,16.0
22200085,1610612749,MIL,Milwaukee,1628975,Jevon Carter,Jevon,G,,25:46,1.0,4.0,0.25,0.0,2.0,0.0,0.0,0.0,0.0,0.0,0.0,0.0,1.0,1.0,0.0,0.0,2.0,2.0,-8.0
22200085,1610612749,MIL,Milwaukee,201950,Jrue Holiday,Jrue,G,,36:40,13.0,22.0,0.591,3.0,7.0,0.429,5.0,7.0,0.714,0.0,2.0,2.0,12.0,4.0,1.0,3.0,3.0,34.0,12.0
22200085,1610612749,MIL,Milwaukee,1626171,Bobby Portis,Bobby,,,24:15,4.0,12.0,0.333,1.0,5.0,0.2,0.0,0.0,0.0,1.0,9.0,10.0,4.0,0.0,0.0,0.0,1.0,9.0,15.0
22200085,1610612749,MIL,Milwaukee,202083,Wesley Matthews,Wesley,,,17:32,2.0,5.0,0.4,1.0,3.0,0.333,0.0,0.0,0.0,4.0,3.0,7.0,1.0,1.0,1.0,2.0,1.0,5.0,14.0
22200085,1610612749,MIL,Milwaukee,1629670,Jordan Nwora,Jordan,,,15:00,3.0,6.0,0.5,2.0,4.0,0.5,3.0,3.0,1.0,1.0,2.0,3.0,0.0,0.0,0.0,1.0,1.0,11.0,1.0
22200085,1610612749,MIL,Milwaukee,201586,Serge Ibaka,Serge,,,10:39,1.0,2.0,0.5,0.0,1.0,0.0,0.0,0.0,0.0,1.0,1.0,2.0,0.0,0.0,0.0,0.0,1.0,2.0,-6.0
22200085,1610612749,MIL,Milwaukee,1630699,MarJon Beauchamp,MarJon,,,6:48,1.0,1.0,1.0,1.0,1.0,1.0,0.0,0.0,0.0,0.0,0.0,0.0,0.0,0.0,0.0,2.0,1.0,3.0,1.0
22200085,1610612749,MIL,Milwaukee,201588,George Hill,George,,,16:37,0.0,1.0,0.0,0.0,1.0,0.0,0.0,0.0,0.0,0.0,0.0,0.0,2.0,0.0,0.0,0.0,2.0,0.0,9.0
22200085,1610612749,MIL,Milwaukee,203648,Thanasis Antetokounmpo,Thanasis,,DNP - Coach's Decision,,,,,,,,,,,,,,,,,,,,
22200085,1610612749,MIL,Milwaukee,1630572,Sandro Mamukelashvili,Sandro,,DNP - Coach's Decision,,,,,,,,,,,,,,,,,,,,
22200082,1610612744,GSW,Golden State,203952,Andrew Wiggins,Andrew,F,,40:52,4.0,13.0,0.308,2.0,6.0,0.333,0.0,0.0,0.0,2.0,4.0,6.0,4.0,1.0,0.0,0.0,2.0,10.0,-3.0
22200082,1610612744,GSW,Golden State,203110,Draymond Green,Draymond,F,,34:55,6.0,9.0,0.667,0.0,1.0,0.0,0.0,2.0,0.0,2.0,6.0,8.0,6.0,1.0,3.0,3.0,6.0,12.0,-13.0
22200082,1610612744,GSW,Golden State,1626172,Kevon Looney,Kevon,C,,27:46,3.0,6.0,0.5,0.0,0.0,0.0,4.0,6.0,0.667,4.0,5.0,9.0,4.0,0.0,1.0,0.0,2.0,10.0,-3.0
22200082,1610612744,GSW,Golden State,202691,Klay Thompson,Klay,G,,31:49,5.0,14.0,0.357,1.0,7.0,0.143,0.0,0.0,0.0,0.0,4.0,4.0,3.0,0.0,0.0,0.0,1.0,11.0,-16.0
22200082,1610612744,GSW,Golden State,201939,Stephen Curry,Stephen,G,,38:54,10.0,22.0,0.455,3.0,13.0,0.231,8.0,8.0,1.0,0.0,11.0,11.0,6.0,1.0,0.0,2.0,5.0,31.0,-6.0
22200082,1610612744,GSW,Golden State,1630164,James Wiseman,James,,,4:43,0.0,2.0,0.0,0.0,0.0,0.0,0.0,0.0,0.0,0.0,0.0,0.0,1.0,0.0,0.0,0.0,3.0,0.0,-5.0
22200082,1610612744,GSW,Golden State,1629673,Jordan Poole,Jordan,,,36:29,10.0,20.0,0.5,4.0,11.0,0.364,0.0,0.0,0.0,0.0,2.0,2.0,4.0,2.0,1.0,3.0,4.0,24.0,2.0
22200082,1610612744,GSW,Golden State,1630541,Moses Moody,Moses,,,14:06,3.0,6.0,0.5,2.0,4.0,0.5,0.0,0.0,0.0,0.0,3.0,3.0,0.0,0.0,0.0,0.0,4.0,8.0,0.0
22200082,1610612744,GSW,Golden State,203210,JaMychal Green,JaMychal,,,16:53,0.0,2.0,0.0,0.0,1.0,0.0,0.0,0.0,0.0,1.0,4.0,5.0,1.0,1.0,0.0,1.0,2.0,0.0,5.0
22200082,1610612744,GSW,Golden State,1629660,Ty Jerome,Ty,,,15:42,3.0,5.0,0.6,1.0,1.0,1.0,0.0,0.0,0.0,0.0,0.0,0.0,2.0,1.0,1.0,1.0,1.0,7.0,4.0
22200082,1610612744,GSW,Golden State,1630228,Jonathan Kuminga,Jonathan,,,2:50,0.0,1.0,0.0,0.0,0.0,0.0,0.0,0.0,0.0,1.0,0.0,1.0,0.0,1.0,0.0,0.0,1.0,0.0,0.0
22200082,1610612744,GSW,Golden State,1631116,Patrick Baldwin Jr.,Patrick,,DNP - Coach's Decision,,,,,,,,,,,,,,,,,,,,
22200082,1610612744,GSW,Golden State,1631157,Ryan Rollins,Ryan,,DNP - Coach's Decision,,,,,,,,,,,,,,,,,,,,
22200082,1610612766,CHA,Charlotte,202330,Gordon Hayward,Gordon,F,,34:35,8.0,16.0,0.5,1.0,3.0,0.333,6.0,7.0,0.857,0.0,2.0,2.0,4.0,0.0,1.0,1.0,0.0,23.0,9.0
22200082,1610612766,CHA,Charlotte,1629023,P.J. Washington,P.J.,F,,40:07,13.0,23.0,0.565,1.0,6.0,0.167,4.0,4.0,1.0,1.0,6.0,7.0,1.0,1.0,0.0,1.0,4.0,31.0,2.0
22200082,1610612766,CHA,Charlotte,203486,Mason Plumlee,Mason,C,,23:13,2.0,4.0,0.5,0.0,0.0,0.0,2.0,6.0,0.333,4.0,5.0,9.0,7.0,1.0,0.0,2.0,4.0,6.0,6.0
22200082,1610612766,CHA,Charlotte,1626162,Kelly Oubre Jr.,Kelly,G,,38:16,7.0,18.0,0.389,3.0,7.0,0.429,1.0,2.0,0.5,1.0,4.0,5.0,5.0,0.0,1.0,0.0,0.0,18.0,10.0
22200082,1610612766,CHA,Charlotte,1628372,Dennis Smith Jr.,Dennis,G,,37:05,4.0,10.0,0.4,2.0,2.0,1.0,3.0,4.0,0.75,2.0,7.0,9.0,8.0,0.0,0.0,2.0,2.0,13.0,12.0
22200082,1610612766,CHA,Charlotte,1630547,James Bouknight,James,,,14:44,0.0,5.0,0.0,0.0,4.0,0.0,0.0,0.0,0.0,0.0,1.0,1.0,1.0,0.0,0.0,0.0,1.0,0.0,-3.0
22200082,1610612766,CHA,Charlotte,1629667,Jalen McDaniels,Jalen,,,32:29,4.0,10.0,0.4,2.0,5.0,0.4,2.0,2.0,1.0,2.0,9.0,11.0,2.0,0.0,0.0,2.0,1.0,12.0,-1.0
22200082,1610612766,CHA,Charlotte,1630177,Theo Maledon,Theo,,,15:55,2.0,8.0,0.25,1.0,4.0,0.25,0.0,0.0,0.0,0.0,0.0,0.0,2.0,0.0,0.0,1.0,0.0,5.0,-5.0
22200082,1610612766,CHA,Charlotte,1630208,Nick Richards,Nick,,,19:51,3.0,8.0,0.375,0.0,0.0,0.0,3.0,3.0,1.0,5.0,3.0,8.0,2.0,0.0,0.0,1.0,2.0,9.0,-3.0
22200082,1610612766,CHA,Charlotte,1630550,JT Thor,JT,,,8:45,0.0,0.0,0.0,0.0,0.0,0.0,3.0,3.0,1.0,0.0,3.0,3.0,0.0,0.0,0.0,0.0,0.0,3.0,8.0
22200082,1610612766,CHA,Charlotte,1630539,Kai Jones,Kai,,DNP - Coach's Decision,,,,,,,,,,,,,,,,,,,,
22200082,1610612766,CHA,Charlotte,1631121,Bryce McGowens,Bryce,,DNP - Coach's Decision,,,,,,,,,,,,,,,,,,,,
22200082,1610612766,CHA,Charlotte,1631109,Mark Williams,Mark,,DNP - Coach's Decision,,,,,,,,,,,,,,,,,,,,
22200077,1610612741,CHI,Chicago,201942,DeMar DeRozan,DeMar,F,,35:32,11.0,20.0,0.55,0.0,1.0,0.0,11.0,12.0,0.917,0.0,1.0,1.0,1.0,1.0,0.0,0.0,1.0,33.0,-15.0
22200077,1610612741,CHI,Chicago,1630172,Patrick Williams,Patrick,F,,20:11,4.0,7.0,0.571,1.0,2.0,0.5,1.0,1.0,1.0,0.0,2.0,2.0,1.0,3.0,0.0,1.0,2.0,10.0,-7.0
22200077,1610612741,CHI,Chicago,202696,Nikola Vučević,Nikola,C,,24:31,4.0,13.0,0.308,1.0,5.0,0.2,0.0,0.0,0.0,3.0,2.0,5.0,2.0,0.0,1.0,2.0,3.0,9.0,-15.0
22200077,1610612741,CHI,Chicago,1630245,Ayo Dosunmu,Ayo,G,,20:19,5.0,10.0,0.5,2.0,4.0,0.5,0.0,0.0,0.0,0.0,3.0,3.0,1.0,0.0,0.0,2.0,1.0,12.0,-22.0
22200077,1610612741,CHI,Chicago,1627936,Alex Caruso,Alex,G,,23:33,1.0,5.0,0.2,1.0,3.0,0.333,0.0,0.0,0.0,3.0,0.0,3.0,4.0,1.0,0.0,1.0,1.0,3.0,-11.0
22200077,1610612741,CHI,Chicago,1629632,Coby White,Coby,,,30:52,7.0,14.0,0.5,3.0,7.0,0.429,2.0,4.0,0.5,0.0,4.0,4.0,4.0,1.0,0.0,1.0,5.0,19.0,18.0
22200077,1610612741,CHI,Chicago,1629750,Javonte Green,Javonte,,,24:21,3.0,7.0,0.429,0.0,2.0,0.0,0.0,0.0,0.0,1.0,3.0,4.0,0.0,3.0,1.0,2.0,2.0,6.0,7.0
22200077,1610612741,CHI,Chicago,203083,Andre Drummond,Andre,,,22:29,8.0,12.0,0.667,0.0,0.0,0.0,1.0,3.0,0.333,7.0,7.0,14.0,2.0,3.0,0.0,1.0,3.0,17.0,13.0
22200077,1610612741,CHI,Chicago,201609,Goran Dragic,Goran,,,21:48,3.0,8.0,0.375,1.0,3.0,0.333,2.0,2.0,1.0,0.0,3.0,3.0,5.0,0.0,0.0,2.0,1.0,9.0,6.0
22200077,1610612741,CHI,Chicago,1627884,Derrick Jones Jr.,Derrick,,,16:24,1.0,3.0,0.333,0.0,0.0,0.0,4.0,4.0,1.0,1.0,2.0,3.0,0.0,1.0,1.0,0.0,0.0,6.0,1.0
22200077,1610612741,CHI,Chicago,1628396,Tony Bradley,Tony,,DNP - Coach's Decision,,,,,,,,,,,,,,,,,,,,
22200077,1610612741,CHI,Chicago,1630792,Malcolm Hill,Malcolm,,DNP - Coach's Decision,,,,,,,,,,,,,,,,,,,,
22200077,1610612741,CHI,Chicago,1631207,Dalen Terry,Dalen,,DNP - Coach's Decision,,,,,,,,,,,,,,,,,,,,
22200077,1610612759,SAS,San Antonio,1629640,Keldon Johnson,Keldon,F,,34:40,8.0,19.0,0.421,6.0,12.0,0.5,11.0,12.0,0.917,0.0,3.0,3.0,4.0,2.0,0.0,4.0,2.0,33.0,10.0
22200077,1610612759,SAS,San Antonio,1631110,Jeremy Sochan,Jeremy,F,,31:16,5.0,8.0,0.625,2.0,4.0,0.5,1.0,2.0,0.5,0.0,6.0,6.0,5.0,1.0,1.0,3.0,3.0,13.0,4.0
22200077,1610612759,SAS,San Antonio,1627751,Jakob Poeltl,Jakob,C,,30:11,10.0,12.0,0.833,0.0,0.0,0.0,1.0,2.0,0.5,3.0,10.0,13.0,4.0,1.0,1.0,2.0,1.0,21.0,9.0
22200077,1610612759,SAS,San Antonio,1626196,Josh Richardson,Josh,G,,30:31,4.0,10.0,0.4,2.0,6.0,0.333,2.0,2.0,1.0,1.0,4.0,5.0,6.0,1.0,0.0,2.0,2.0,12.0,-1.0
22200077,1610612759,SAS,San Antonio,1630200,Tre Jones,Tre,G,,32:45,3.0,8.0,0.375,1.0,2.0,0.5,4.0,4.0,1.0,2.0,2.0,4.0,8.0,1.0,0.0,5.0,0.0,11.0,23.0
22200077,1610612759,SAS,San Antonio,1631104,Blake Wesley,Blake,,,15:15,4.0,6.0,0.667,2.0,3.0,0.667,0.0,0.0,0.0,0.0,0.0,0.0,4.0,0.0,0.0,1.0,3.0,10.0,-18.0
22200077,1610612759,SAS,San Antonio,1628966,Keita Bates-Diop,Keita,,,14:50,2.0,4.0,0.5,0.0,1.0,0.0,0.0,0.0,0.0,0.0,0.0,0.0,1.0,0.0,0.0,1.0,0.0,4.0,2.0
22200077,1610612759,SAS,San Antonio,203926,Doug McDermott,Doug,,,26:44,3.0,9.0,0.333,1.0,6.0,0.167,2.0,3.0,0.667,0.0,4.0,4.0,2.0,0.0,0.0,0.0,3.0,9.0,5.0
22200077,1610612759,SAS,San Antonio,1628380,Zach Collins,Zach,,,17:49,7.0,9.0,0.778,2.0,3.0,0.667,0.0,1.0,0.0,2.0,4.0,6.0,3.0,0.0,1.0,2.0,3.0,16.0,-4.0
22200077,1610612759,SAS,San Antonio,1629676,Isaiah Roby,Isaiah,,,5:59,0.0,1.0,0.0,0.0,1.0,0.0,0.0,0.0,0.0,0.0,1.0,1.0,0.0,1.0,0.0,0.0,0.0,0.0,-5.0
22200077,1610612759,SAS,San Antonio,1631103,Malaki Branham,Malaki,,DNP - Coach's Decision,,,,,,,,,,,,,,,,,,,,
22200077,1610612759,SAS,San Antonio,203476,Gorgui Dieng,Gorgui,,DNP - Coach's Decision,,,,,,,,,,,,,,,,,,,,
22200077,1610612759,SAS,San Antonio,1629641,Romeo Langford,Romeo,,DNP - Coach's Decision,,,,,,,,,,,,,,,,,,,,
22200078,1610612762,UTA,Utah,1628374,Lauri Markkanen,Lauri,F,,25:56,7.0,14.0,0.5,3.0,6.0,0.5,0.0,0.0,0.0,2.0,8.0,10.0,1.0,0.0,0.0,3.0,3.0,17.0,-10.0
22200078,1610612762,UTA,Utah,203482,Kelly Olynyk,Kelly,F,,20:28,3.0,6.0,0.5,1.0,3.0,0.333,0.0,0.0,0.0,1.0,2.0,3.0,3.0,1.0,1.0,1.0,4.0,7.0,-5.0
22200078,1610612762,UTA,Utah,1629020,Jarred Vanderbilt,Jarred,C,,28:19,3.0,7.0,0.429,0.0,0.0,0.0,1.0,2.0,0.5,0.0,7.0,7.0,2.0,0.0,1.0,1.0,2.0,7.0,-16.0
22200078,1610612762,UTA,Utah,203903,Jordan Clarkson,Jordan,G,,22:23,1.0,10.0,0.1,0.0,7.0,0.0,4.0,5.0,0.8,0.0,5.0,5.0,3.0,1.0,2.0,1.0,3.0,6.0,-3.0
22200078,1610612762,UTA,Utah,201144,Mike Conley,Mike,G,,23:28,4.0,7.0,0.571,4.0,5.0,0.8,2.0,2.0,1.0,1.0,1.0,2.0,5.0,0.0,0.0,0.0,2.0,14.0,-4.0
22200078,1610612762,UTA,Utah,1629012,Collin Sexton,Collin,,,16:30,5.0,9.0,0.556,1.0,4.0,0.25,2.0,3.0,0.667,0.0,0.0,0.0,1.0,1.0,0.0,1.0,5.0,13.0,-32.0
22200078,1610612762,UTA,Utah,1627736,Malik Beasley,Malik,,,22:05,1.0,7.0,0.143,0.0,2.0,0.0,3.0,3.0,1.0,0.0,0.0,0.0,0.0,0.0,0.0,0.0,1.0,5.0,-32.0
22200078,1610612762,UTA,Utah,1630534,Ochai Agbaji,Ochai,,,19:01,4.0,7.0,0.571,0.0,3.0,0.0,1.0,2.0,0.5,0.0,1.0,1.0,0.0,0.0,0.0,0.0,2.0,9.0,-6.0
22200078,1610612762,UTA,Utah,1629659,Talen Horton-Tucker,Talen,,,21:05,3.0,11.0,0.273,0.0,5.0,0.0,0.0,0.0,0.0,2.0,2.0,4.0,2.0,1.0,1.0,0.0,4.0,6.0,-15.0
22200078,1610612762,UTA,Utah,1630195,Leandro Bolmaro,Leandro,,,15:18,1.0,3.0,0.333,0.0,1.0,0.0,0.0,0.0,0.0,1.0,0.0,1.0,2.0,0.0,1.0,1.0,3.0,2.0,16.0
22200078,1610612762,UTA,Utah,1630695,Micah Potter,Micah,,,8:29,2.0,2.0,1.0,0.0,0.0,0.0,0.0,0.0,0.0,1.0,2.0,3.0,1.0,0.0,0.0,0.0,1.0,4.0,9.0
22200078,1610612762,UTA,Utah,1628962,Udoka Azubuike,Udoka,,,8:29,2.0,3.0,0.667,0.0,0.0,0.0,0.0,0.0,0.0,0.0,2.0,2.0,0.0,2.0,1.0,1.0,0.0,4.0,9.0
22200078,1610612762,UTA,Utah,1629638,Nickeil Alexander-Walker,Nickeil,,,8:29,2.0,5.0,0.4,1.0,3.0,0.333,2.0,2.0,1.0,0.0,0.0,0.0,4.0,1.0,1.0,0.0,0.0,7.0,9.0
22200078,1610612743,DEN,Denver,1629008,Michael Porter Jr.,Michael,F,,30:03,7.0,15.0,0.467,4.0,5.0,0.8,4.0,5.0,0.8,4.0,9.0,13.0,1.0,0.0,0.0,0.0,2.0,22.0,22.0
22200078,1610612743,DEN,Denver,203932,Aaron Gordon,Aaron,F,,21:19,1.0,4.0,0.25,1.0,3.0,0.333,0.0,2.0,0.0,0.0,1.0,1.0,0.0,0.0,2.0,2.0,0.0,3.0,0.0
22200078,1610612743,DEN,Denver,203999,Nikola Jokić,Nikola,C,,25:28,3.0,10.0,0.3,0.0,4.0,0.0,6.0,8.0,0.75,3.0,7.0,10.0,6.0,1.0,1.0,1.0,1.0,12.0,8.0
22200078,1610612743,DEN,Denver,1628971,Bruce Brown,Bruce,G,,30:23,3.0,7.0,0.429,1.0,3.0,0.333,0.0,0.0,0.0,1.0,4.0,5.0,3.0,0.0,0.0,1.0,2.0,7.0,-3.0
22200078,1610612743,DEN,Denver,1627750,Jamal Murray,Jamal,G,,20:33,5.0,9.0,0.556,2.0,4.0,0.5,1.0,2.0,0.5,0.0,1.0,1.0,1.0,0.0,0.0,0.0,0.0,13.0,0.0
22200078,1610612743,DEN,Denver,1631128,Christian Braun,Christian,,,32:25,4.0,7.0,0.571,1.0,3.0,0.333,1.0,2.0,0.5,2.0,4.0,6.0,1.0,0.0,1.0,1.0,1.0,10.0,16.0
22200078,1610612743,DEN,Denver,1630538,Bones Hyland,Bones,,,24:02,8.0,18.0,0.444,7.0,12.0,0.583,3.0,4.0,0.75,0.0,1.0,1.0,3.0,1.0,0.0,2.0,3.0,26.0,18.0
22200078,1610612743,DEN,Denver,201145,Jeff Green,Jeff,,,24:41,3.0,5.0,0.6,0.0,1.0,0.0,4.0,5.0,0.8,2.0,4.0,6.0,2.0,0.0,0.0,0.0,2.0,10.0,19.0
22200078,1610612743,DEN,Denver,201599,DeAndre Jordan,DeAndre,,,20:32,4.0,6.0,0.667,1.0,1.0,1.0,3.0,6.0,0.5,4.0,9.0,13.0,1.0,0.0,0.0,4.0,5.0,12.0,11.0
22200078,1610612743,DEN,Denver,202397,Ish Smith,Ish,,,3:25,1.0,2.0,0.5,0.0,0.0,0.0,0.0,0.0,0.0,0.0,0.0,0.0,0.0,0.0,0.0,1.0,1.0,2.0,-2.0
22200078,1610612743,DEN,Denver,1630192,Zeke Nnaji,Zeke,,,2:00,0.0,1.0,0.0,0.0,1.0,0.0,0.0,0.0,0.0,0.0,0.0,0.0,0.0,0.0,0.0,0.0,1.0,0.0,-3.0
22200078,1610612743,DEN,Denver,1628427,Vlatko Čančar,Vlatko,,,2:00,0.0,0.0,0.0,0.0,0.0,0.0,0.0,0.0,0.0,0.0,0.0,0.0,0.0,0.0,0.0,0.0,0.0,0.0,-3.0
22200078,1610612743,DEN,Denver,1631212,Peyton Watson,Peyton,,,1:49,0.0,1.0,0.0,0.0,0.0,0.0,0.0,0.0,0.0,1.0,0.0,1.0,0.0,0.0,0.0,0.0,0.0,0.0,-1.0
22200078,1610612743,DEN,Denver,1631298,Jack White,Jack,,,1:20,0.0,0.0,0.0,0.0,0.0,0.0,0.0,0.0,0.0,0.0,1.0,1.0,0.0,0.0,0.0,0.0,0.0,0.0,-2.0
22200072,1610612739,CLE,Cleveland,1629731,Dean Wade,Dean,F,,38:56,1.0,3.0,0.333,1.0,2.0,0.5,1.0,2.0,0.5,0.0,6.0,6.0,1.0,0.0,0.0,1.0,4.0,4.0,20.0
22200072,1610612739,CLE,Cleveland,1630596,Evan Mobley,Evan,F,,41:59,7.0,12.0,0.583,1.0,3.0,0.333,4.0,6.0,0.667,3.0,7.0,10.0,3.0,1.0,2.0,2.0,4.0,19.0,2.0
22200072,1610612739,CLE,Cleveland,1628386,Jarrett Allen,Jarrett,C,,39:39,5.0,9.0,0.556,0.0,1.0,0.0,2.0,4.0,0.5,3.0,8.0,11.0,2.0,0.0,0.0,0.0,2.0,12.0,25.0
22200072,1610612739,CLE,Cleveland,1627747,Caris LeVert,Caris,G,,42:48,12.0,21.0,0.571,6.0,8.0,0.75,11.0,12.0,0.917,2.0,2.0,4.0,7.0,3.0,0.0,2.0,4.0,41.0,21.0
22200072,1610612739,CLE,Cleveland,1628378,Donovan Mitchell,Donovan,G,,45:42,15.0,25.0,0.6,5.0,9.0,0.556,6.0,6.0,1.0,0.0,4.0,4.0,3.0,1.0,0.0,7.0,4.0,41.0,18.0
22200072,1610612739,CLE,Cleveland,201567,Kevin Love,Kevin,,,20:53,3.0,7.0,0.429,2.0,4.0,0.5,1.0,2.0,0.5,0.0,5.0,5.0,0.0,0.0,0.0,1.0,2.0,9.0,-10.0
22200072,1610612739,CLE,Cleveland,203526,Raul Neto,Raul,,,7:18,0.0,1.0,0.0,0.0,1.0,0.0,0.0,0.0,0.0,0.0,0.0,0.0,1.0,0.0,0.0,0.0,1.0,0.0,-9.0
22200072,1610612739,CLE,Cleveland,1626224,Cedi Osman,Cedi,,,22:24,1.0,6.0,0.167,1.0,5.0,0.2,1.0,2.0,0.5,1.0,1.0,2.0,1.0,0.0,0.0,1.0,4.0,4.0,-10.0
22200072,1610612739,CLE,Cleveland,1630171,Isaac Okoro,Isaac,,,5:22,1.0,3.0,0.333,0.0,2.0,0.0,0.0,0.0,0.0,0.0,0.0,0.0,0.0,0.0,0.0,1.0,3.0,2.0,-12.0
22200072,1610612739,CLE,Cleveland,201577,Robin Lopez,Robin,,DNP - Coach's Decision,,,,,,,,,,,,,,,,,,,,
22200072,1610612739,CLE,Cleveland,1630205,Lamar Stevens,Lamar,,DNP - Coach's Decision,,,,,,,,,,,,,,,,,,,,
22200072,1610612738,BOS,Boston,1627759,Jaylen Brown,Jaylen,F,,42:48,11.0,22.0,0.5,2.0,7.0,0.286,8.0,12.0,0.667,0.0,8.0,8.0,4.0,2.0,0.0,6.0,3.0,32.0,-21.0
22200072,1610612738,BOS,Boston,1628369,Jayson Tatum,Jayson,F,,42:11,11.0,19.0,0.579,3.0,7.0,0.429,7.0,8.0,0.875,1.0,6.0,7.0,4.0,1.0,1.0,4.0,4.0,32.0,-10.0
22200072,1610612738,BOS,Boston,201143,Al Horford,Al,C,,41:25,5.0,7.0,0.714,2.0,4.0,0.5,0.0,0.0,0.0,1.0,1.0,2.0,4.0,0.0,1.0,1.0,3.0,12.0,-20.0
22200072,1610612738,BOS,Boston,1628401,Derrick White,Derrick,G,,22:12,3.0,5.0,0.6,1.0,2.0,0.5,2.0,2.0,1.0,0.0,1.0,1.0,1.0,2.0,0.0,2.0,4.0,9.0,-1.0
22200072,1610612738,BOS,Boston,203935,Marcus Smart,Marcus,G,,37:51,3.0,15.0,0.2,2.0,9.0,0.222,3.0,4.0,0.75,0.0,5.0,5.0,7.0,2.0,0.0,2.0,4.0,11.0,-26.0
22200072,1610612738,BOS,Boston,201933,Blake Griffin,Blake,,,11:41,1.0,1.0,1.0,1.0,1.0,1.0,4.0,4.0,1.0,0.0,2.0,2.0,0.0,1.0,0.0,2.0,4.0,7.0,-1.0
22200072,1610612738,BOS,Boston,1627763,Malcolm Brogdon,Malcolm,,,22:16,3.0,5.0,0.6,1.0,1.0,1.0,2.0,2.0,1.0,0.0,2.0,2.0,5.0,1.0,0.0,1.0,3.0,9.0,-1.0
22200072,1610612738,BOS,Boston,1628436,Luke Kornet,Luke,,,25:34,2.0,3.0,0.667,0.0,0.0,0.0,0.0,0.0,0.0,2.0,3.0,5.0,3.0,0.0,0.0,0.0,1.0,4.0,7.0
22200072,1610612738,BOS,Boston,1630573,Sam Hauser,Sam,,,11:43,2.0,3.0,0.667,1.0,2.0,0.5,0.0,0.0,0.0,0.0,1.0,1.0,0.0,0.0,0.0,1.0,1.0,5.0,23.0
22200072,1610612738,BOS,Boston,203943,Noah Vonleh,Noah,,,7:19,1.0,2.0,0.5,0.0,0.0,0.0,0.0,0.0,0.0,1.0,0.0,1.0,0.0,0.0,0.0,0.0,0.0,2.0,5.0
22200072,1610612738,BOS,Boston,1628382,Justin Jackson,Justin,,DNP - Coach's Decision,,,,,,,,,,,,,,,,,,,,
22200072,1610612738,BOS,Boston,1630202,Payton Pritchard,Payton,,DNP - Coach's Decision,,,,,,,,,,,,,,,,,,,,
22200072,1610612738,BOS,Boston,1629684,Grant Williams,Grant,,NWT - League Suspension,,,,,,,,,,,,,,,,,,,,
22200079,1610612740,NOP,New Orleans,1630230,Naji Marshall,Naji,F,,35:00,7.0,13.0,0.538,3.0,7.0,0.429,4.0,5.0,0.8,4.0,2.0,6.0,5.0,1.0,0.0,2.0,2.0,21.0,2.0
22200079,1610612740,NOP,New Orleans,1630530,Trey Murphy III,Trey,F,,32:36,4.0,9.0,0.444,3.0,7.0,0.429,2.0,2.0,1.0,0.0,5.0,5.0,1.0,2.0,0.0,1.0,3.0,13.0,3.0
22200079,1610612740,NOP,New Orleans,202685,Jonas Valančiūnas,Jonas,C,,31:17,11.0,16.0,0.688,0.0,0.0,0.0,3.0,3.0,1.0,3.0,7.0,10.0,2.0,1.0,0.0,2.0,3.0,25.0,0.0
22200079,1610612740,NOP,New Orleans,203468,CJ McCollum,CJ,G,,34:31,6.0,19.0,0.316,0.0,5.0,0.0,5.0,6.0,0.833,0.0,2.0,2.0,9.0,1.0,0.0,1.0,2.0,17.0,0.0
22200079,1610612740,NOP,New Orleans,1630631,Jose Alvarado,Jose,G,,29:19,4.0,12.0,0.333,4.0,7.0,0.571,2.0,2.0,1.0,0.0,1.0,1.0,3.0,1.0,0.0,3.0,4.0,14.0,-7.0
22200079,1610612740,NOP,New Orleans,1628984,Devonte' Graham,Devonte',,,28:03,3.0,7.0,0.429,3.0,6.0,0.5,2.0,2.0,1.0,0.0,3.0,3.0,2.0,2.0,0.0,1.0,2.0,11.0,-21.0
22200079,1610612740,NOP,New Orleans,1626204,Larry Nance Jr.,Larry,,,14:11,1.0,5.0,0.2,0.0,1.0,0.0,0.0,0.0,0.0,0.0,0.0,0.0,0.0,1.0,1.0,2.0,3.0,2.0,-19.0
22200079,1610612740,NOP,New Orleans,202066,Garrett Temple,Garrett,,,17:04,2.0,3.0,0.667,2.0,3.0,0.667,0.0,0.0,0.0,0.0,1.0,1.0,1.0,1.0,0.0,0.0,1.0,6.0,-17.0
22200079,1610612740,NOP,New Orleans,1629637,Jaxson Hayes,Jaxson,,,7:56,0.0,0.0,0.0,0.0,0.0,0.0,0.0,0.0,0.0,0.0,1.0,1.0,1.0,0.0,0.0,0.0,0.0,0.0,-5.0
22200079,1610612740,NOP,New Orleans,1626195,Willy Hernangomez,Willy,,,8:05,0.0,2.0,0.0,0.0,1.0,0.0,2.0,2.0,1.0,2.0,2.0,4.0,1.0,0.0,0.0,1.0,1.0,2.0,-2.0
22200079,1610612740,NOP,New Orleans,1631220,Dereon Seabron,Dereon,,,1:58,0.0,0.0,0.0,0.0,0.0,0.0,0.0,0.0,0.0,0.0,0.0,0.0,0.0,0.0,0.0,0.0,0.0,0.0,1.0
22200079,1610612756,PHX,Phoenix,1628969,Mikal Bridges,Mikal,F,,31:08,10.0,13.0,0.769,3.0,5.0,0.6,4.0,4.0,1.0,0.0,2.0,2.0,4.0,1.0,3.0,1.0,1.0,27.0,-1.0
22200079,1610612756,PHX,Phoenix,1629661,Cameron Johnson,Cameron,F,,26:54,5.0,10.0,0.5,2.0,6.0,0.333,4.0,4.0,1.0,0.0,2.0,2.0,3.0,2.0,0.0,0.0,2.0,16.0,-2.0
22200079,1610612756,PHX,Phoenix,1629028,Deandre Ayton,Deandre,C,,7:42,2.0,4.0,0.5,0.0,0.0,0.0,0.0,0.0,0.0,1.0,2.0,3.0,0.0,0.0,0.0,0.0,0.0,4.0,-5.0
22200079,1610612756,PHX,Phoenix,1626164,Devin Booker,Devin,G,,32:36,6.0,14.0,0.429,0.0,4.0,0.0,4.0,4.0,1.0,0.0,5.0,5.0,4.0,0.0,0.0,5.0,1.0,16.0,4.0
22200079,1610612756,PHX,Phoenix,101108,Chris Paul,Chris,G,,30:38,1.0,7.0,0.143,0.0,1.0,0.0,5.0,6.0,0.833,1.0,4.0,5.0,9.0,1.0,0.0,3.0,1.0,7.0,-3.0
22200079,1610612756,PHX,Phoenix,1626166,Cameron Payne,Cameron,,,17:22,5.0,10.0,0.5,2.0,3.0,0.667,0.0,0.0,0.0,1.0,1.0,2.0,5.0,1.0,1.0,1.0,0.0,12.0,16.0
22200079,1610612756,PHX,Phoenix,1628470,Torrey Craig,Torrey,,,17:18,6.0,6.0,1.0,1.0,1.0,1.0,0.0,0.0,0.0,4.0,2.0,6.0,2.0,0.0,0.0,1.0,1.0,13.0,7.0
22200079,1610612756,PHX,Phoenix,1629111,Jock Landale,Jock,,,17:00,4.0,9.0,0.444,0.0,4.0,0.0,0.0,0.0,0.0,0.0,2.0,2.0,2.0,0.0,1.0,0.0,2.0,8.0,18.0
22200079,1610612756,PHX,Phoenix,1629013,Landry Shamet,Landry,,,17:17,2.0,4.0,0.5,1.0,3.0,0.333,0.0,0.0,0.0,1.0,0.0,1.0,2.0,1.0,0.0,0.0,4.0,5.0,13.0
22200079,1610612756,PHX,Phoenix,1627814,Damion Lee,Damion,,,15:31,1.0,5.0,0.2,1.0,4.0,0.25,0.0,0.0,0.0,0.0,3.0,3.0,0.0,1.0,0.0,1.0,1.0,3.0,20.0
22200079,1610612756,PHX,Phoenix,202687,Bismack Biyombo,Bismack,,,23:18,5.0,7.0,0.714,0.0,0.0,0.0,1.0,2.0,0.5,4.0,9.0,13.0,2.0,0.0,2.0,0.0,5.0,11.0,0.0
22200079,1610612756,PHX,Phoenix,1629006,Josh Okogie,Josh,,,1:38,0.0,0.0,0.0,0.0,0.0,0.0,0.0,0.0,0.0,2.0,1.0,3.0,0.0,0.0,0.0,0.0,0.0,0.0,-1.0
22200079,1610612756,PHX,Phoenix,1630613,Duane Washington Jr.,Duane,,,1:38,1.0,3.0,0.333,0.0,2.0,0.0,0.0,0.0,0.0,0.0,0.0,0.0,0.0,0.0,0.0,0.0,0.0,2.0,-1.0
22200079,1610612756,PHX,Phoenix,203967,Dario Šarić,Dario,,DNP - Coach's Decision,,,,,,,,,,,,,,,,,,,,
22200074,1610612754,IND,Indiana,1630174,Aaron Nesmith,Aaron,F,,29:45,4.0,6.0,0.667,2.0,4.0,0.5,5.0,7.0,0.714,1.0,6.0,7.0,3.0,1.0,0.0,1.0,2.0,15.0,9.0
22200074,1610612754,IND,Indiana,1630188,Jalen Smith,Jalen,F,,31:05,4.0,6.0,0.667,0.0,0.0,0.0,7.0,8.0,0.875,0.0,7.0,7.0,0.0,0.0,0.0,1.0,2.0,15.0,14.0
22200074,1610612754,IND,Indiana,1626167,Myles Turner,Myles,C,,32:21,7.0,14.0,0.5,3.0,4.0,0.75,10.0,10.0,1.0,1.0,9.0,10.0,2.0,0.0,5.0,2.0,4.0,27.0,20.0
22200074,1610612754,IND,Indiana,1627741,Buddy Hield,Buddy,G,,33:22,10.0,17.0,0.588,5.0,9.0,0.556,0.0,0.0,0.0,0.0,5.0,5.0,2.0,0.0,0.0,1.0,1.0,25.0,10.0
22200074,1610612754,IND,Indiana,1630169,Tyrese Haliburton,Tyrese,G,,36:00,9.0,16.0,0.563,3.0,6.0,0.5,4.0,4.0,1.0,0.0,2.0,2.0,12.0,1.0,0.0,1.0,1.0,25.0,12.0
22200074,1610612754,IND,Indiana,1631097,Bennedict Mathurin,Bennedict,,,23:03,4.0,11.0,0.364,1.0,4.0,0.25,2.0,2.0,1.0,1.0,1.0,2.0,2.0,0.0,0.0,1.0,1.0,11.0,5.0
22200074,1610612754,IND,Indiana,1630543,Isaiah Jackson,Isaiah,,,12:18,0.0,3.0,0.0,0.0,0.0,0.0,0.0,0.0,0.0,1.0,3.0,4.0,2.0,0.0,2.0,3.0,4.0,0.0,-4.0
22200074,1610612754,IND,Indiana,1630537,Chris Duarte,Chris,,,11:37,1.0,3.0,0.333,0.0,1.0,0.0,0.0,0.0,0.0,1.0,1.0,2.0,1.0,0.0,0.0,0.0,1.0,2.0,-1.0
22200074,1610612754,IND,Indiana,1629614,Andrew Nembhard,Andrew,,,16:02,1.0,2.0,0.5,1.0,1.0,1.0,0.0,0.0,0.0,0.0,1.0,1.0,2.0,0.0,0.0,1.0,2.0,3.0,-12.0
22200074,1610612754,IND,Indiana,204456,T.J. McConnell,T.J.,,,12:00,1.0,3.0,0.333,0.0,0.0,0.0,0.0,0.0,0.0,0.0,1.0,1.0,3.0,2.0,0.0,2.0,0.0,2.0,-2.0
22200074,1610612754,IND,Indiana,1629048,Goga Bitadze,Goga,,,2:27,0.0,0.0,0.0,0.0,0.0,0.0,2.0,2.0,1.0,0.0,0.0,0.0,1.0,0.0,0.0,0.0,1.0,2.0,-1.0
22200074,1610612754,IND,Indiana,1629052,Oshae Brissett,Oshae,,DNP - Coach's Decision,,,,,,,,,,,,,,,,,,,,
22200074,1610612754,IND,Indiana,201949,James Johnson,James,,DNP - Coach's Decision,,,,,,,,,,,,,,,,,,,,
22200074,1610612754,IND,Indiana,1630678,Terry Taylor,Terry,,DNP - Coach's Decision,,,,,,,,,,,,,,,,,,,,
22200074,1610612764,WAS,Washington,1630166,Deni Avdija,Deni,F,,19:58,3.0,7.0,0.429,1.0,3.0,0.333,0.0,0.0,0.0,1.0,1.0,2.0,0.0,0.0,0.0,2.0,2.0,7.0,-6.0
22200074,1610612764,WAS,Washington,1628398,Kyle Kuzma,Kyle,F,,37:18,7.0,19.0,0.368,3.0,7.0,0.429,1.0,1.0,1.0,0.0,9.0,9.0,3.0,1.0,0.0,3.0,4.0,18.0,2.0
22200074,1610612764,WAS,Washington,204001,Kristaps Porziņģis,Kristaps,C,,30:56,7.0,13.0,0.538,2.0,4.0,0.5,6.0,7.0,0.857,2.0,4.0,6.0,1.0,1.0,0.0,2.0,4.0,22.0,-13.0
22200074,1610612764,WAS,Washington,203078,Bradley Beal,Bradley,G,,37:13,11.0,18.0,0.611,2.0,5.0,0.4,7.0,7.0,1.0,2.0,5.0,7.0,4.0,3.0,1.0,2.0,3.0,31.0,-10.0
22200074,1610612764,WAS,Washington,1628420,Monté Morris,Monté,G,,31:09,2.0,8.0,0.25,0.0,3.0,0.0,1.0,2.0,0.5,0.0,2.0,2.0,12.0,0.0,1.0,1.0,1.0,5.0,6.0
22200074,1610612764,WAS,Washington,1631098,Johnny Davis,Johnny,,,7:17,1.0,2.0,0.5,0.0,0.0,0.0,0.0,0.0,0.0,0.0,0.0,0.0,1.0,0.0,0.0,0.0,2.0,2.0,-13.0
22200074,1610612764,WAS,Washington,1629060,Rui Hachimura,Rui,,,24:59,3.0,7.0,0.429,0.0,1.0,0.0,4.0,6.0,0.667,1.0,4.0,5.0,0.0,0.0,1.0,1.0,2.0,10.0,-19.0
22200074,1610612764,WAS,Washington,203115,Will Barton,Will,,,29:04,3.0,6.0,0.5,3.0,5.0,0.6,0.0,0.0,0.0,0.0,2.0,2.0,3.0,0.0,0.0,1.0,2.0,9.0,-7.0
22200074,1610612764,WAS,Washington,1629655,Daniel Gafford,Daniel,,,14:56,3.0,4.0,0.75,0.0,0.0,0.0,4.0,5.0,0.8,2.0,2.0,4.0,0.0,0.0,0.0,1.0,2.0,10.0,1.0
22200074,1610612764,WAS,Washington,1630264,Anthony Gill,Anthony,,,4:07,1.0,1.0,1.0,1.0,1.0,1.0,0.0,0.0,0.0,1.0,0.0,1.0,1.0,0.0,0.0,0.0,1.0,3.0,3.0
22200074,1610612764,WAS,Washington,1630225,Isaiah Todd,Isaiah,,,1:01,0.0,1.0,0.0,0.0,1.0,0.0,0.0,0.0,0.0,0.0,0.0,0.0,0.0,0.0,0.0,0.0,0.0,0.0,2.0
22200074,1610612764,WAS,Washington,1630648,Jordan Schakel,Jordan,,,1:01,0.0,0.0,0.0,0.0,0.0,0.0,0.0,0.0,0.0,0.0,0.0,0.0,0.0,0.0,0.0,0.0,0.0,0.0,2.0
22200074,1610612764,WAS,Washington,1630176,Vernon Carey Jr.,Vernon,,,1:01,0.0,0.0,0.0,0.0,0.0,0.0,0.0,0.0,0.0,0.0,0.0,0.0,0.0,0.0,0.0,0.0,0.0,0.0,2.0
22200074,1610612764,WAS,Washington,201959,Taj Gibson,Taj,,DNP - Coach's Decision,,,,,,,,,,,,,,,,,,,,
22200074,1610612764,WAS,Washington,1630692,Jordan Goodwin,Jordan,,DNP - Coach's Decision,,,,,,,,,,,,,,,,,,,,
22200071,1610612766,CHA,Charlotte,202330,Gordon Hayward,Gordon,F,,26:27,6.0,11.0,0.545,3.0,6.0,0.5,3.0,4.0,0.75,0.0,6.0,6.0,3.0,0.0,0.0,2.0,0.0,18.0,-18.0
22200071,1610612766,CHA,Charlotte,1629023,P.J. Washington,P.J.,F,,22:29,2.0,9.0,0.222,1.0,6.0,0.167,0.0,0.0,0.0,0.0,1.0,1.0,0.0,0.0,3.0,1.0,3.0,5.0,-19.0
22200071,1610612766,CHA,Charlotte,203486,Mason Plumlee,Mason,C,,20:32,1.0,2.0,0.5,0.0,0.0,0.0,0.0,0.0,0.0,1.0,3.0,4.0,4.0,0.0,0.0,2.0,3.0,2.0,-19.0
22200071,1610612766,CHA,Charlotte,1626162,Kelly Oubre Jr.,Kelly,G,,21:51,4.0,16.0,0.25,2.0,10.0,0.2,2.0,4.0,0.5,2.0,2.0,4.0,1.0,0.0,0.0,1.0,1.0,12.0,-13.0
22200071,1610612766,CHA,Charlotte,1628372,Dennis Smith Jr.,Dennis,G,,27:25,2.0,7.0,0.286,0.0,1.0,0.0,0.0,0.0,0.0,1.0,3.0,4.0,4.0,1.0,0.0,2.0,2.0,4.0,-14.0
22200071,1610612766,CHA,Charlotte,1630547,James Bouknight,James,,,26:09,4.0,11.0,0.364,3.0,7.0,0.429,0.0,2.0,0.0,0.0,3.0,3.0,0.0,0.0,0.0,3.0,2.0,11.0,-7.0
22200071,1610612766,CHA,Charlotte,1629667,Jalen McDaniels,Jalen,,,22:05,1.0,7.0,0.143,0.0,2.0,0.0,4.0,4.0,1.0,1.0,6.0,7.0,2.0,1.0,0.0,1.0,3.0,6.0,-8.0
22200071,1610612766,CHA,Charlotte,1630208,Nick Richards,Nick,,,20:22,5.0,7.0,0.714,0.0,0.0,0.0,4.0,5.0,0.8,2.0,4.0,6.0,0.0,0.0,0.0,0.0,3.0,14.0,-13.0
22200071,1610612766,CHA,Charlotte,1630177,Theo Maledon,Theo,,,20:35,3.0,5.0,0.6,2.0,3.0,0.667,0.0,0.0,0.0,1.0,4.0,5.0,3.0,0.0,0.0,1.0,0.0,8.0,-6.0
22200071,1610612766,CHA,Charlotte,1630550,JT Thor,JT,,,14:09,0.0,3.0,0.0,0.0,3.0,0.0,0.0,0.0,0.0,0.0,2.0,2.0,1.0,0.0,0.0,1.0,1.0,0.0,-13.0
22200071,1610612766,CHA,Charlotte,1631109,Mark Williams,Mark,,,7:06,3.0,5.0,0.6,0.0,0.0,0.0,1.0,1.0,1.0,2.0,2.0,4.0,0.0,0.0,0.0,0.0,0.0,7.0,12.0
22200071,1610612766,CHA,Charlotte,1630539,Kai Jones,Kai,,,5:31,1.0,1.0,1.0,0.0,0.0,0.0,2.0,4.0,0.5,0.0,0.0,0.0,2.0,0.0,1.0,0.0,0.0,4.0,9.0
22200071,1610612766,CHA,Charlotte,1631121,Bryce McGowens,Bryce,,,5:19,1.0,2.0,0.5,0.0,0.0,0.0,0.0,0.0,0.0,0.0,1.0,1.0,1.0,1.0,0.0,0.0,0.0,2.0,9.0
22200071,1610612753,ORL,Orlando,1631094,Paolo Banchero,Paolo,F,,27:11,8.0,14.0,0.571,2.0,4.0,0.5,3.0,7.0,0.429,2.0,10.0,12.0,7.0,0.0,0.0,2.0,0.0,21.0,27.0
22200071,1610612753,ORL,Orlando,1629626,Bol Bol,Bol,F,,26:33,4.0,6.0,0.667,0.0,2.0,0.0,3.0,4.0,0.75,0.0,7.0,7.0,1.0,1.0,1.0,2.0,1.0,11.0,18.0
22200071,1610612753,ORL,Orlando,1628976,Wendell Carter Jr.,Wendell,C,,25:36,6.0,13.0,0.462,0.0,3.0,0.0,3.0,4.0,0.75,0.0,5.0,5.0,4.0,2.0,0.0,1.0,1.0,15.0,20.0
22200071,1610612753,ORL,Orlando,203082,Terrence Ross,Terrence,G,,23:58,2.0,7.0,0.286,1.0,5.0,0.2,0.0,1.0,0.0,0.0,2.0,2.0,1.0,1.0,1.0,0.0,3.0,5.0,18.0
22200071,1610612753,ORL,Orlando,1630532,Franz Wagner,Franz,G,,23:23,5.0,8.0,0.625,1.0,3.0,0.333,2.0,2.0,1.0,0.0,1.0,1.0,4.0,1.0,0.0,2.0,0.0,13.0,23.0
22200071,1610612753,ORL,Orlando,1629643,Chuma Okeke,Chuma,,,28:57,3.0,7.0,0.429,2.0,5.0,0.4,2.0,2.0,1.0,1.0,5.0,6.0,2.0,1.0,0.0,0.0,4.0,10.0,0.0
22200071,1610612753,ORL,Orlando,1630181,R.J. Hampton,R.J.,,,24:37,2.0,7.0,0.286,0.0,1.0,0.0,5.0,5.0,1.0,1.0,3.0,4.0,4.0,2.0,0.0,1.0,1.0,9.0,-3.0
22200071,1610612753,ORL,Orlando,1631216,Caleb Houstan,Caleb,,,24:02,1.0,6.0,0.167,1.0,6.0,0.167,0.0,0.0,0.0,0.0,3.0,3.0,2.0,0.0,0.0,2.0,4.0,3.0,2.0
22200071,1610612753,ORL,Orlando,1628964,Mo Bamba,Mo,,,16:53,8.0,12.0,0.667,2.0,5.0,0.4,1.0,1.0,1.0,1.0,5.0,6.0,1.0,0.0,3.0,1.0,5.0,19.0,9.0
22200071,1610612753,ORL,Orlando,1629678,Admiral Schofield,Admiral,,,13:19,2.0,3.0,0.667,1.0,2.0,0.5,0.0,0.0,0.0,0.0,2.0,2.0,0.0,0.0,0.0,0.0,3.0,5.0,-5.0
22200071,1610612753,ORL,Orlando,1630284,Kevon Harris,Kevon,,,5:31,1.0,2.0,0.5,0.0,1.0,0.0,0.0,0.0,0.0,0.0,0.0,0.0,2.0,0.0,0.0,1.0,0.0,2.0,-9.0
22200076,1610612747,LAL,Los Angeles,1628972,Troy Brown Jr.,Troy,F,,32:02,4.0,10.0,0.4,4.0,6.0,0.667,0.0,0.0,0.0,1.0,7.0,8.0,0.0,0.0,0.0,4.0,4.0,12.0,-9.0
22200076,1610612747,LAL,Los Angeles,2544,LeBron James,LeBron,F,,37:26,10.0,24.0,0.417,1.0,6.0,0.167,7.0,8.0,0.875,3.0,4.0,7.0,5.0,4.0,0.0,3.0,2.0,28.0,-13.0
22200076,1610612747,LAL,Los Angeles,1627745,Damian Jones,Damian,C,,23:33,1.0,4.0,0.25,0.0,0.0,0.0,1.0,2.0,0.5,4.0,4.0,8.0,1.0,0.0,1.0,3.0,3.0,3.0,-19.0
22200076,1610612747,LAL,Los Angeles,1629022,Lonnie Walker IV,Lonnie,G,,24:09,3.0,10.0,0.3,0.0,4.0,0.0,0.0,0.0,0.0,1.0,2.0,3.0,3.0,0.0,1.0,2.0,3.0,6.0,-3.0
22200076,1610612747,LAL,Los Angeles,201976,Patrick Beverley,Patrick,G,,29:41,2.0,4.0,0.5,0.0,1.0,0.0,2.0,2.0,1.0,1.0,5.0,6.0,4.0,0.0,0.0,1.0,3.0,6.0,-23.0
22200076,1610612747,LAL,Los Angeles,201566,Russell Westbrook,Russell,,,32:38,6.0,17.0,0.353,1.0,4.0,0.25,5.0,10.0,0.5,1.0,7.0,8.0,3.0,1.0,1.0,5.0,4.0,18.0,0.0
22200076,1610612747,LAL,Los Angeles,1630559,Austin Reaves,Austin,,,26:35,4.0,5.0,0.8,2.0,3.0,0.667,2.0,2.0,1.0,1.0,6.0,7.0,3.0,0.0,0.0,2.0,0.0,12.0,8.0
22200076,1610612747,LAL,Los Angeles,1629117,Wenyen Gabriel,Wenyen,,,21:29,3.0,6.0,0.5,0.0,1.0,0.0,2.0,2.0,1.0,0.0,6.0,6.0,1.0,3.0,2.0,1.0,2.0,8.0,10.0
22200076,1610612747,LAL,Los Angeles,1629134,Kendrick Nunn,Kendrick,,,12:27,4.0,9.0,0.444,1.0,4.0,0.25,0.0,1.0,0.0,0.0,2.0,2.0,0.0,0.0,0.0,1.0,0.0,9.0,4.0
22200076,1610612747,LAL,Los Angeles,1631108,Max Christie,Max,,DNP - Coach's Decision,,,,,,,,,,,,,,,,,,,,
22200076,1610612747,LAL,Los Angeles,203076,Anthony Davis,Anthony,,DND - Injury/Illness,,,,,,,,,,,,,,,,,,,,
22200076,1610612747,LAL,Los Angeles,1630346,Matt Ryan,Matt,,DNP - Coach's Decision,,,,,,,,,,,,,,,,,,,,
22200076,1610612750,MIN,Minnesota,1630183,Jaden McDaniels,Jaden,F,,29:05,2.0,7.0,0.286,2.0,6.0,0.333,0.0,0.0,0.0,0.0,1.0,1.0,2.0,0.0,4.0,2.0,6.0,6.0,17.0
22200076,1610612750,MIN,Minnesota,1626157,Karl-Anthony Towns,Karl-Anthony,F,,36:54,8.0,17.0,0.471,3.0,7.0,0.429,2.0,2.0,1.0,2.0,6.0,8.0,7.0,1.0,0.0,2.0,1.0,21.0,11.0
22200076,1610612750,MIN,Minnesota,203497,Rudy Gobert,Rudy,C,,37:09,7.0,11.0,0.636,0.0,0.0,0.0,8.0,12.0,0.667,8.0,13.0,21.0,2.0,0.0,2.0,1.0,3.0,22.0,8.0
22200076,1610612750,MIN,Minnesota,1630162,Anthony Edwards,Anthony,G,,38:11,11.0,22.0,0.5,3.0,8.0,0.375,4.0,6.0,0.667,0.0,4.0,4.0,2.0,1.0,0.0,2.0,4.0,29.0,4.0
22200076,1610612750,MIN,Minnesota,1626156,D'Angelo Russell,D'Angelo,G,,30:49,4.0,15.0,0.267,2.0,7.0,0.286,1.0,2.0,0.5,0.0,4.0,4.0,7.0,7.0,1.0,2.0,1.0,11.0,12.0
22200076,1610612750,MIN,Minnesota,203085,Austin Rivers,Austin,,,13:20,0.0,2.0,0.0,0.0,1.0,0.0,0.0,0.0,0.0,0.0,0.0,0.0,1.0,0.0,0.0,0.0,0.0,0.0,-5.0
22200076,1610612750,MIN,Minnesota,1627752,Taurean Prince,Taurean,,,25:56,5.0,10.0,0.5,2.0,6.0,0.333,1.0,2.0,0.5,0.0,5.0,5.0,0.0,3.0,0.0,1.0,2.0,13.0,-1.0
22200076,1610612750,MIN,Minnesota,1629669,Jaylen Nowell,Jaylen,,,19:54,3.0,12.0,0.25,0.0,3.0,0.0,0.0,0.0,0.0,3.0,2.0,5.0,5.0,1.0,1.0,0.0,2.0,6.0,-3.0
22200076,1610612750,MIN,Minnesota,1627854,Bryn Forbes,Bryn,,,8:42,1.0,3.0,0.333,1.0,2.0,0.5,0.0,0.0,0.0,1.0,0.0,1.0,1.0,0.0,0.0,0.0,2.0,3.0,2.0
22200076,1610612750,MIN,Minnesota,1630233,Nathan Knight,Nathan,,DNP - Coach's Decision,,,,,,,,,,,,,,,,,,,,
22200076,1610612750,MIN,Minnesota,1629162,Jordan McLaughlin,Jordan,,DND - Injury/Illness,,,,,,,,,,,,,,,,,,,,
22200076,1610612750,MIN,Minnesota,1629675,Naz Reid,Naz,,DNP - Coach's Decision,,,,,,,,,,,,,,,,,,,,
22200080,1610612745,HOU,Houston,201569,Eric Gordon,Eric,F,,33:15,6.0,10.0,0.6,4.0,7.0,0.571,2.0,2.0,1.0,0.0,3.0,3.0,5.0,1.0,1.0,5.0,1.0,18.0,1.0
22200080,1610612745,HOU,Houston,1631095,Jabari Smith Jr.,Jabari,F,,32:12,4.0,13.0,0.308,2.0,5.0,0.4,2.0,2.0,1.0,0.0,2.0,2.0,1.0,1.0,1.0,1.0,4.0,12.0,-10.0
22200080,1610612745,HOU,Houston,1630578,Alperen Sengun,Alperen,C,,25:29,6.0,12.0,0.5,1.0,1.0,1.0,1.0,1.0,1.0,6.0,5.0,11.0,1.0,0.0,3.0,1.0,4.0,14.0,-8.0
22200080,1610612745,HOU,Houston,1630224,Jalen Green,Jalen,G,,31:30,4.0,19.0,0.211,2.0,10.0,0.2,1.0,2.0,0.5,0.0,6.0,6.0,2.0,1.0,0.0,1.0,1.0,11.0,-19.0
22200080,1610612745,HOU,Houston,1629645,Kevin Porter Jr.,Kevin,G,,34:31,6.0,14.0,0.429,1.0,5.0,0.2,3.0,5.0,0.6,3.0,3.0,6.0,4.0,3.0,1.0,5.0,0.0,16.0,-10.0
22200080,1610612745,HOU,Houston,1630256,Jae'Sean Tate,Jae'Sean,,,17:47,3.0,8.0,0.375,0.0,3.0,0.0,3.0,4.0,0.75,2.0,1.0,3.0,6.0,2.0,0.0,1.0,6.0,9.0,-4.0
22200080,1610612745,HOU,Houston,1630231,KJ Martin,KJ,,,16:38,4.0,6.0,0.667,1.0,1.0,1.0,2.0,2.0,1.0,1.0,3.0,4.0,0.0,0.0,0.0,0.0,0.0,11.0,-11.0
22200080,1610612745,HOU,Houston,1630227,Daishen Nix,Daishen,,,13:29,3.0,4.0,0.75,3.0,4.0,0.75,0.0,0.0,0.0,0.0,0.0,0.0,2.0,1.0,0.0,0.0,0.0,9.0,-4.0
22200080,1610612745,HOU,Houston,1631106,Tari Eason,Tari,,,15:19,2.0,4.0,0.5,0.0,0.0,0.0,0.0,0.0,0.0,1.0,2.0,3.0,0.0,1.0,0.0,0.0,1.0,4.0,-1.0
22200080,1610612745,HOU,Houston,1630586,Usman Garuba,Usman,,,5:06,1.0,1.0,1.0,0.0,0.0,0.0,0.0,0.0,0.0,0.0,0.0,0.0,0.0,0.0,0.0,0.0,0.0,2.0,0.0
22200080,1610612745,HOU,Houston,1629726,Garrison Mathews,Garrison,,,13:45,0.0,2.0,0.0,0.0,2.0,0.0,3.0,3.0,1.0,0.0,1.0,1.0,2.0,0.0,0.0,0.0,1.0,3.0,-4.0
22200080,1610612745,HOU,Houston,1630528,Josh Christopher,Josh,,,0:59,1.0,1.0,1.0,0.0,0.0,0.0,0.0,0.0,0.0,0.0,0.0,0.0,0.0,0.0,0.0,1.0,0.0,2.0,0.0
22200080,1610612745,HOU,Houston,1631309,Trevor Hudgins,Trevor,,DNP - Coach's Decision,,,,,,,,,,,,,,,,,,,,
22200080,1610612745,HOU,Houston,1626246,Boban Marjanović,Boban,,DNP - Coach's Decision,,,,,,,,,,,,,,,,,,,,
22200080,1610612757,POR,Portland,1628404,Josh Hart,Josh,F,,33:47,3.0,8.0,0.375,0.0,2.0,0.0,3.0,3.0,1.0,2.0,6.0,8.0,4.0,0.0,0.0,1.0,1.0,9.0,10.0
22200080,1610612757,POR,Portland,203924,Jerami Grant,Jerami,F,,35:00,5.0,11.0,0.455,2.0,6.0,0.333,3.0,4.0,0.75,1.0,4.0,5.0,4.0,2.0,1.0,3.0,2.0,15.0,22.0
22200080,1610612757,POR,Portland,203994,Jusuf Nurkić,Jusuf,C,,32:11,12.0,17.0,0.706,1.0,1.0,1.0,2.0,2.0,1.0,3.0,12.0,15.0,1.0,1.0,3.0,4.0,3.0,27.0,10.0
22200080,1610612757,POR,Portland,1631101,Shaedon Sharpe,Shaedon,G,,29:26,7.0,12.0,0.583,0.0,2.0,0.0,0.0,0.0,0.0,1.0,0.0,1.0,2.0,0.0,0.0,0.0,4.0,14.0,-1.0
22200080,1610612757,POR,Portland,1629014,Anfernee Simons,Anfernee,G,,37:51,10.0,20.0,0.5,7.0,15.0,0.467,3.0,3.0,1.0,1.0,4.0,5.0,7.0,1.0,1.0,3.0,3.0,30.0,18.0
22200080,1610612757,POR,Portland,1626159,Justise Winslow,Justise,,,24:10,2.0,6.0,0.333,1.0,2.0,0.5,2.0,4.0,0.5,2.0,4.0,6.0,7.0,3.0,1.0,3.0,0.0,7.0,13.0
22200080,1610612757,POR,Portland,1629234,Drew Eubanks,Drew,,,13:38,4.0,4.0,1.0,0.0,0.0,0.0,2.0,2.0,1.0,1.0,0.0,1.0,1.0,0.0,0.0,0.0,4.0,10.0,4.0
22200080,1610612757,POR,Portland,1629642,Nassir Little,Nassir,,,15:10,1.0,3.0,0.333,1.0,2.0,0.5,0.0,0.0,0.0,0.0,3.0,3.0,3.0,0.0,0.0,1.0,1.0,3.0,-1.0
22200080,1610612757,POR,Portland,1630553,Keon Johnson,Keon,,,16:48,3.0,7.0,0.429,1.0,4.0,0.25,1.0,2.0,0.5,0.0,1.0,1.0,1.0,2.0,0.0,0.0,1.0,8.0,-5.0
22200080,1610612757,POR,Portland,1631133,Jabari Walker,Jabari,,,0:59,0.0,1.0,0.0,0.0,1.0,0.0,0.0,0.0,0.0,0.0,0.0,0.0,0.0,0.0,0.0,0.0,0.0,0.0,0.0
22200080,1610612757,POR,Portland,1630535,Greg Brown III,Greg,,,0:59,1.0,1.0,1.0,0.0,0.0,0.0,0.0,0.0,0.0,0.0,0.0,0.0,0.0,0.0,0.0,0.0,0.0,2.0,0.0
22200080,1610612757,POR,Portland,203081,Damian Lillard,Damian,,DND - Injury/Illness,,,,,,,,,,,,,,,,,,,,
22200070,1610612737,ATL,Atlanta,1629631,De'Andre Hunter,De'Andre,F,,17:32,5.0,10.0,0.5,2.0,5.0,0.4,0.0,0.0,0.0,0.0,2.0,2.0,1.0,0.0,0.0,1.0,4.0,12.0,8.0
22200070,1610612737,ATL,Atlanta,1628381,John Collins,John,F,,25:11,2.0,4.0,0.5,0.0,1.0,0.0,0.0,0.0,0.0,0.0,10.0,10.0,1.0,1.0,3.0,2.0,3.0,4.0,9.0
22200070,1610612737,ATL,Atlanta,203991,Clint Capela,Clint,C,,23:26,2.0,6.0,0.333,0.0,0.0,0.0,1.0,3.0,0.333,3.0,8.0,11.0,1.0,0.0,2.0,1.0,2.0,5.0,14.0
22200070,1610612737,ATL,Atlanta,1627749,Dejounte Murray,Dejounte,G,,32:23,12.0,21.0,0.571,2.0,6.0,0.333,0.0,0.0,0.0,0.0,4.0,4.0,5.0,0.0,0.0,0.0,0.0,26.0,21.0
22200070,1610612737,ATL,Atlanta,1629027,Trae Young,Trae,G,,30:07,12.0,20.0,0.6,4.0,6.0,0.667,8.0,10.0,0.8,1.0,1.0,2.0,12.0,0.0,0.0,1.0,1.0,36.0,12.0
22200070,1610612737,ATL,Atlanta,1630168,Onyeka Okongwu,Onyeka,,,21:31,7.0,10.0,0.7,0.0,0.0,0.0,2.0,2.0,1.0,5.0,2.0,7.0,2.0,1.0,1.0,0.0,2.0,16.0,10.0
22200070,1610612737,ATL,Atlanta,1628988,Aaron Holiday,Aaron,,,27:52,5.0,6.0,0.833,1.0,1.0,1.0,3.0,3.0,1.0,1.0,1.0,2.0,3.0,2.0,1.0,1.0,4.0,14.0,17.0
22200070,1610612737,ATL,Atlanta,203200,Justin Holiday,Justin,,,25:49,2.0,8.0,0.25,0.0,6.0,0.0,0.0,0.0,0.0,0.0,0.0,0.0,3.0,0.0,0.0,0.0,5.0,4.0,14.0
22200070,1610612737,ATL,Atlanta,1630552,Jalen Johnson,Jalen,,,21:09,3.0,5.0,0.6,1.0,1.0,1.0,0.0,0.0,0.0,0.0,5.0,5.0,2.0,0.0,1.0,0.0,1.0,7.0,15.0
22200070,1610612737,ATL,Atlanta,1631100,AJ Griffin,AJ,,,5:43,4.0,6.0,0.667,2.0,3.0,0.667,0.0,0.0,0.0,0.0,0.0,0.0,0.0,0.0,0.0,0.0,2.0,10.0,-2.0
22200070,1610612737,ATL,Atlanta,1631213,Tyrese Martin,Tyrese,,,2:54,1.0,1.0,1.0,0.0,0.0,0.0,0.0,0.0,0.0,0.0,0.0,0.0,0.0,1.0,0.0,0.0,0.0,2.0,2.0
22200070,1610612737,ATL,Atlanta,1626163,Frank Kaminsky,Frank,,,3:03,0.0,0.0,0.0,0.0,0.0,0.0,0.0,0.0,0.0,0.0,2.0,2.0,1.0,0.0,0.0,0.0,1.0,0.0,0.0
22200070,1610612737,ATL,Atlanta,1630249,Vít Krejčí,Vít,,,1:40,0.0,0.0,0.0,0.0,0.0,0.0,0.0,0.0,0.0,0.0,0.0,0.0,0.0,0.0,0.0,0.0,1.0,0.0,0.0
22200070,1610612737,ATL,Atlanta,1630235,Trent Forrest,Trent,,,1:40,0.0,0.0,0.0,0.0,0.0,0.0,0.0,0.0,0.0,0.0,0.0,0.0,0.0,0.0,0.0,0.0,0.0,0.0,0.0
22200070,1610612765,DET,Detroit,1630180,Saddiq Bey,Saddiq,F,,29:53,2.0,8.0,0.25,0.0,4.0,0.0,3.0,4.0,0.75,0.0,4.0,4.0,0.0,0.0,0.0,1.0,2.0,7.0,-21.0
22200070,1610612765,DET,Detroit,202711,Bojan Bogdanović,Bojan,F,,30:23,5.0,12.0,0.417,3.0,6.0,0.5,9.0,9.0,1.0,1.0,3.0,4.0,0.0,1.0,0.0,1.0,2.0,22.0,-21.0
22200070,1610612765,DET,Detroit,1630191,Isaiah Stewart,Isaiah,C,,29:24,6.0,11.0,0.545,2.0,5.0,0.4,3.0,5.0,0.6,4.0,4.0,8.0,1.0,0.0,1.0,0.0,2.0,17.0,-11.0
22200070,1610612765,DET,Detroit,1630595,Cade Cunningham,Cade,G,,33:09,14.0,23.0,0.609,0.0,3.0,0.0,7.0,8.0,0.875,1.0,8.0,9.0,8.0,1.0,0.0,1.0,5.0,35.0,-13.0
22200070,1610612765,DET,Detroit,1631093,Jaden Ivey,Jaden,G,,23:23,4.0,11.0,0.364,2.0,6.0,0.333,2.0,2.0,1.0,1.0,1.0,2.0,0.0,0.0,0.0,0.0,2.0,12.0,-12.0
22200070,1610612765,DET,Detroit,1630165,Killian Hayes,Killian,,,18:36,1.0,6.0,0.167,0.0,1.0,0.0,0.0,0.0,0.0,2.0,3.0,5.0,4.0,0.0,0.0,2.0,2.0,2.0,-10.0
22200070,1610612765,DET,Detroit,1630587,Isaiah Livers,Isaiah,,,15:11,0.0,3.0,0.0,0.0,3.0,0.0,0.0,0.0,0.0,2.0,0.0,2.0,0.0,0.0,0.0,0.0,2.0,0.0,-5.0
22200070,1610612765,DET,Detroit,1631105,Jalen Duren,Jalen,,,23:16,2.0,4.0,0.5,0.0,0.0,0.0,4.0,6.0,0.667,2.0,1.0,3.0,0.0,0.0,2.0,3.0,4.0,8.0,-19.0
22200070,1610612765,DET,Detroit,1628977,Hamidou Diallo,Hamidou,,,14:34,3.0,4.0,0.75,0.0,1.0,0.0,2.0,2.0,1.0,1.0,4.0,5.0,3.0,0.0,0.0,1.0,1.0,8.0,-3.0
22200070,1610612765,DET,Detroit,202709,Cory Joseph,Cory,,,16:05,0.0,3.0,0.0,0.0,2.0,0.0,1.0,2.0,0.5,0.0,0.0,0.0,2.0,0.0,1.0,1.0,0.0,1.0,-5.0
22200070,1610612765,DET,Detroit,1628995,Kevin Knox II,Kevin,,,3:03,0.0,1.0,0.0,0.0,1.0,0.0,0.0,0.0,0.0,0.0,0.0,0.0,0.0,0.0,0.0,0.0,0.0,0.0,0.0
22200070,1610612765,DET,Detroit,203585,Rodney McGruder,Rodney,,,3:03,0.0,0.0,0.0,0.0,0.0,0.0,0.0,0.0,0.0,0.0,0.0,0.0,0.0,0.0,0.0,0.0,0.0,0.0,0.0
22200070,1610612765,DET,Detroit,203457,Nerlens Noel,Nerlens,,DNP - Coach's Decision,,,,,,,,,,,,,,,,,,,,
22200073,1610612755,PHI,Philadelphia,1629001,De'Anthony Melton,De'Anthony,F,,30:45,6.0,15.0,0.4,1.0,5.0,0.2,0.0,0.0,0.0,2.0,3.0,5.0,6.0,5.0,0.0,1.0,1.0,13.0,9.0
22200073,1610612755,PHI,Philadelphia,202699,Tobias Harris,Tobias,F,,28:00,5.0,14.0,0.357,2.0,8.0,0.25,1.0,1.0,1.0,1.0,4.0,5.0,3.0,2.0,0.0,1.0,2.0,13.0,12.0
22200073,1610612755,PHI,Philadelphia,200782,P.J. Tucker,P.J.,C,,22:33,2.0,3.0,0.667,1.0,1.0,1.0,0.0,0.0,0.0,2.0,3.0,5.0,1.0,1.0,0.0,0.0,4.0,5.0,15.0
22200073,1610612755,PHI,Philadelphia,1630178,Tyrese Maxey,Tyrese,G,,39:49,15.0,20.0,0.75,9.0,12.0,0.75,5.0,6.0,0.833,0.0,8.0,8.0,4.0,1.0,0.0,2.0,3.0,44.0,29.0
22200073,1610612755,PHI,Philadelphia,201935,James Harden,James,G,,33:43,4.0,9.0,0.444,0.0,3.0,0.0,3.0,3.0,1.0,1.0,3.0,4.0,4.0,0.0,2.0,5.0,2.0,11.0,3.0
22200073,1610612755,PHI,Philadelphia,1629680,Matisse Thybulle,Matisse,,,21:48,2.0,6.0,0.333,2.0,5.0,0.4,0.0,0.0,0.0,1.0,2.0,3.0,3.0,1.0,2.0,0.0,0.0,6.0,1.0
22200073,1610612755,PHI,Philadelphia,1627863,Danuel House Jr.,Danuel,,,10:30,0.0,1.0,0.0,0.0,1.0,0.0,0.0,0.0,0.0,0.0,2.0,2.0,0.0,0.0,0.0,1.0,1.0,0.0,3.0
22200073,1610612755,PHI,Philadelphia,1627777,Georges Niang,Georges,,,19:55,2.0,4.0,0.5,1.0,3.0,0.333,0.0,0.0,0.0,0.0,5.0,5.0,0.0,0.0,1.0,2.0,4.0,5.0,10.0
22200073,1610612755,PHI,Philadelphia,1626149,Montrezl Harrell,Montrezl,,,17:22,4.0,4.0,1.0,0.0,0.0,0.0,1.0,1.0,1.0,0.0,2.0,2.0,2.0,0.0,1.0,2.0,1.0,9.0,12.0
22200073,1610612755,PHI,Philadelphia,1629003,Shake Milton,Shake,,,8:50,1.0,4.0,0.25,0.0,0.0,0.0,0.0,0.0,0.0,0.0,0.0,0.0,1.0,0.0,0.0,0.0,1.0,2.0,7.0
22200073,1610612755,PHI,Philadelphia,1627788,Furkan Korkmaz,Furkan,,,2:15,0.0,0.0,0.0,0.0,0.0,0.0,0.0,0.0,0.0,0.0,1.0,1.0,1.0,0.0,0.0,0.0,0.0,0.0,3.0
22200073,1610612755,PHI,Philadelphia,1630531,Jaden Springer,Jaden,,,2:15,2.0,2.0,1.0,0.0,0.0,0.0,0.0,0.0,0.0,0.0,0.0,0.0,0.0,0.0,0.0,0.0,1.0,4.0,3.0
22200073,1610612755,PHI,Philadelphia,1630194,Paul Reed,Paul,,,2:15,0.0,0.0,0.0,0.0,0.0,0.0,0.0,0.0,0.0,0.0,1.0,1.0,0.0,1.0,0.0,0.0,0.0,0.0,3.0
22200073,1610612755,PHI,Philadelphia,203954,Joel Embiid,Joel,,DNP - Injury/Illness,,,,,,,,,,,,,,,,,,,,
22200073,1610612761,TOR,Toronto,1628384,OG Anunoby,OG,F,,35:49,7.0,16.0,0.438,2.0,7.0,0.286,3.0,5.0,0.6,3.0,6.0,9.0,2.0,2.0,1.0,2.0,2.0,19.0,-12.0
22200073,1610612761,TOR,Toronto,1630567,Scottie Barnes,Scottie,F,,28:54,4.0,7.0,0.571,3.0,4.0,0.75,2.0,2.0,1.0,2.0,4.0,6.0,1.0,1.0,0.0,2.0,1.0,13.0,-21.0
22200073,1610612761,TOR,Toronto,1627783,Pascal Siakam,Pascal,C,,35:47,9.0,15.0,0.6,1.0,3.0,0.333,7.0,9.0,0.778,2.0,8.0,10.0,6.0,0.0,0.0,5.0,3.0,26.0,-7.0
22200073,1610612761,TOR,Toronto,1629018,Gary Trent Jr.,Gary,G,,32:57,6.0,15.0,0.4,2.0,7.0,0.286,0.0,0.0,0.0,1.0,3.0,4.0,3.0,1.0,0.0,2.0,0.0,14.0,-25.0
22200073,1610612761,TOR,Toronto,1627832,Fred VanVleet,Fred,G,,34:13,0.0,11.0,0.0,0.0,8.0,0.0,1.0,3.0,0.333,1.0,2.0,3.0,5.0,1.0,0.0,1.0,3.0,1.0,-19.0
22200073,1610612761,TOR,Toronto,1628449,Chris Boucher,Chris,,,22:06,3.0,6.0,0.5,1.0,2.0,0.5,1.0,3.0,0.333,0.0,3.0,3.0,1.0,1.0,3.0,1.0,3.0,8.0,-8.0
22200073,1610612761,TOR,Toronto,1630173,Precious Achiuwa,Precious,,,14:57,0.0,6.0,0.0,0.0,3.0,0.0,0.0,0.0,0.0,2.0,1.0,3.0,1.0,0.0,1.0,2.0,1.0,0.0,-10.0
22200073,1610612761,TOR,Toronto,1630625,Dalano Banton,Dalano,,,8:45,2.0,5.0,0.4,0.0,2.0,0.0,0.0,0.0,0.0,1.0,1.0,2.0,0.0,1.0,0.0,1.0,0.0,4.0,-1.0
22200073,1610612761,TOR,Toronto,201152,Thaddeus Young,Thaddeus,,,4:55,0.0,1.0,0.0,0.0,1.0,0.0,0.0,0.0,0.0,0.0,2.0,2.0,0.0,0.0,0.0,0.0,0.0,0.0,-3.0
22200073,1610612761,TOR,Toronto,1631132,Christian Koloko,Christian,,,10:02,1.0,1.0,1.0,0.0,0.0,0.0,1.0,2.0,0.5,2.0,0.0,2.0,1.0,2.0,0.0,0.0,1.0,3.0,3.0
22200073,1610612761,TOR,Toronto,1630201,Malachi Flynn,Malachi,,,5:07,0.0,0.0,0.0,0.0,0.0,0.0,0.0,0.0,0.0,0.0,0.0,0.0,0.0,0.0,0.0,0.0,1.0,0.0,-5.0
22200073,1610612761,TOR,Toronto,1627823,Juancho Hernangomez,Juancho,,,3:14,0.0,2.0,0.0,0.0,2.0,0.0,0.0,0.0,0.0,0.0,0.0,0.0,0.0,0.0,0.0,1.0,0.0,0.0,-1.0
22200073,1610612761,TOR,Toronto,1630551,Justin Champagnie,Justin,,,3:14,1.0,1.0,1.0,0.0,0.0,0.0,0.0,0.0,0.0,1.0,0.0,1.0,0.0,0.0,0.0,0.0,0.0,2.0,-1.0
22200073,1610612761,TOR,Toronto,203920,Khem Birch,Khem,,DNP - Coach's Decision,,,,,,,,,,,,,,,,,,,,
22200068,1610612748,MIA,Miami,1628997,Caleb Martin,Caleb,F,,29:29,3.0,10.0,0.3,2.0,4.0,0.5,0.0,0.0,0.0,1.0,0.0,1.0,1.0,1.0,0.0,1.0,1.0,8.0,-1.0
22200068,1610612748,MIA,Miami,202710,Jimmy Butler III,Jimmy,F,,37:03,8.0,13.0,0.615,4.0,7.0,0.571,7.0,7.0,1.0,1.0,5.0,6.0,8.0,6.0,0.0,2.0,2.0,27.0,-8.0
22200068,1610612748,MIA,Miami,1628389,Bam Adebayo,Bam,C,,37:44,10.0,13.0,0.769,0.0,0.0,0.0,6.0,8.0,0.75,4.0,4.0,8.0,1.0,4.0,3.0,5.0,2.0,26.0,-12.0
22200068,1610612748,MIA,Miami,1629639,Tyler Herro,Tyler,G,,31:45,3.0,12.0,0.25,1.0,5.0,0.2,0.0,0.0,0.0,0.0,4.0,4.0,2.0,0.0,0.0,2.0,1.0,7.0,-10.0
22200068,1610612748,MIA,Miami,200768,Kyle Lowry,Kyle,G,,33:08,4.0,10.0,0.4,2.0,8.0,0.25,2.0,2.0,1.0,1.0,4.0,5.0,8.0,3.0,0.0,2.0,4.0,12.0,-9.0
22200068,1610612748,MIA,Miami,1629622,Max Strus,Max,,,32:08,5.0,11.0,0.455,3.0,8.0,0.375,1.0,2.0,0.5,1.0,4.0,5.0,0.0,0.0,2.0,0.0,1.0,14.0,-16.0
22200068,1610612748,MIA,Miami,1631107,Nikola Jović,Nikola,,,7:36,2.0,4.0,0.5,0.0,2.0,0.0,0.0,0.0,0.0,0.0,0.0,0.0,1.0,1.0,0.0,0.0,0.0,4.0,-2.0
22200068,1610612748,MIA,Miami,1629130,Duncan Robinson,Duncan,,,13:10,1.0,7.0,0.143,1.0,5.0,0.2,0.0,0.0,0.0,0.0,1.0,1.0,1.0,0.0,0.0,0.0,1.0,3.0,-4.0
22200068,1610612748,MIA,Miami,1629216,Gabe Vincent,Gabe,,,17:57,3.0,8.0,0.375,1.0,4.0,0.25,2.0,3.0,0.667,0.0,1.0,1.0,3.0,1.0,0.0,0.0,3.0,9.0,-3.0
22200068,1610612748,MIA,Miami,1631288,Jamal Cain,Jamal,,DNP - Coach's Decision,,,,,,,,,,,,,,,,,,,,
22200068,1610612748,MIA,Miami,203473,Dewayne Dedmon,Dewayne,,DNP - Injury/Illness,,,,,,,,,,,,,,,,,,,,
22200068,1610612748,MIA,Miami,2617,Udonis Haslem,Udonis,,DNP - Coach's Decision,,,,,,,,,,,,,,,,,,,,
22200068,1610612748,MIA,Miami,1629312,Haywood Highsmith,Haywood,,DNP - Coach's Decision,,,,,,,,,,,,,,,,,,,,
22200068,1610612748,MIA,Miami,1630696,Dru Smith,Dru,,DNP - Coach's Decision,,,,,,,,,,,,,,,,,,,,
22200068,1610612744,GSW,Golden State,203952,Andrew Wiggins,Andrew,F,,36:41,5.0,10.0,0.5,2.0,5.0,0.4,6.0,6.0,1.0,3.0,7.0,10.0,2.0,1.0,1.0,2.0,4.0,18.0,17.0
22200068,1610612744,GSW,Golden State,203110,Draymond Green,Draymond,F,,30:05,5.0,10.0,0.5,0.0,1.0,0.0,0.0,1.0,0.0,2.0,5.0,7.0,4.0,0.0,0.0,5.0,1.0,10.0,9.0
22200068,1610612744,GSW,Golden State,1626172,Kevon Looney,Kevon,C,,29:12,3.0,5.0,0.6,0.0,0.0,0.0,1.0,2.0,0.5,2.0,6.0,8.0,4.0,0.0,0.0,1.0,2.0,7.0,12.0
22200068,1610612744,GSW,Golden State,202691,Klay Thompson,Klay,G,,29:02,6.0,19.0,0.316,5.0,14.0,0.357,2.0,2.0,1.0,0.0,2.0,2.0,1.0,0.0,0.0,1.0,1.0,19.0,7.0
22200068,1610612744,GSW,Golden State,201939,Stephen Curry,Stephen,G,,36:56,13.0,22.0,0.591,7.0,14.0,0.5,0.0,0.0,0.0,1.0,6.0,7.0,9.0,1.0,0.0,3.0,0.0,33.0,13.0
22200068,1610612744,GSW,Golden State,1630164,James Wiseman,James,,,13:52,5.0,8.0,0.625,0.0,0.0,0.0,0.0,0.0,0.0,3.0,3.0,6.0,0.0,0.0,0.0,2.0,2.0,10.0,2.0
22200068,1610612744,GSW,Golden State,1629673,Jordan Poole,Jordan,,,21:21,4.0,7.0,0.571,1.0,4.0,0.25,2.0,2.0,1.0,0.0,1.0,1.0,7.0,1.0,0.0,2.0,2.0,11.0,-1.0
22200068,1610612744,GSW,Golden State,1630541,Moses Moody,Moses,,,17:22,2.0,6.0,0.333,2.0,5.0,0.4,0.0,0.0,0.0,1.0,3.0,4.0,1.0,0.0,0.0,2.0,0.0,6.0,0.0
22200068,1610612744,GSW,Golden State,203210,JaMychal Green,JaMychal,,,17:55,2.0,3.0,0.667,0.0,1.0,0.0,2.0,2.0,1.0,4.0,1.0,5.0,2.0,1.0,1.0,1.0,1.0,6.0,4.0
22200068,1610612744,GSW,Golden State,1629660,Ty Jerome,Ty,,,7:34,1.0,2.0,0.5,1.0,2.0,0.5,0.0,0.0,0.0,0.0,0.0,0.0,0.0,0.0,0.0,0.0,0.0,3.0,2.0
22200068,1610612744,GSW,Golden State,1631116,Patrick Baldwin Jr.,Patrick,,DNP - Coach's Decision,,,,,,,,,,,,,,,,,,,,
22200068,1610612744,GSW,Golden State,1630228,Jonathan Kuminga,Jonathan,,DNP - Coach's Decision,,,,,,,,,,,,,,,,,,,,
22200068,1610612744,GSW,Golden State,1631157,Ryan Rollins,Ryan,,DNP - Coach's Decision,,,,,,,,,,,,,,,,,,,,
22200066,1610612742,DAL,Dallas,203493,Reggie Bullock Jr.,Reggie,F,,41:36,3.0,7.0,0.429,2.0,6.0,0.333,1.0,2.0,0.5,0.0,4.0,4.0,1.0,2.0,1.0,0.0,3.0,9.0,7.0
22200066,1610612742,DAL,Dallas,1627827,Dorian Finney-Smith,Dorian,F,,39:37,2.0,7.0,0.286,1.0,6.0,0.167,1.0,2.0,0.5,1.0,2.0,3.0,1.0,0.0,0.0,1.0,4.0,6.0,0.0
22200066,1610612742,DAL,Dallas,201580,JaVale McGee,JaVale,C,,11:56,2.0,5.0,0.4,0.0,0.0,0.0,4.0,4.0,1.0,3.0,0.0,3.0,0.0,0.0,0.0,3.0,0.0,8.0,-8.0
22200066,1610612742,DAL,Dallas,203915,Spencer Dinwiddie,Spencer,G,,27:39,4.0,8.0,0.5,3.0,5.0,0.6,0.0,0.0,0.0,0.0,3.0,3.0,5.0,1.0,0.0,2.0,3.0,11.0,-20.0
22200066,1610612742,DAL,Dallas,1629029,Luka Dončić,Luka,G,,40:30,14.0,28.0,0.5,2.0,6.0,0.333,11.0,13.0,0.846,1.0,10.0,11.0,14.0,3.0,0.0,5.0,2.0,41.0,20.0
22200066,1610612742,DAL,Dallas,203501,Tim Hardaway Jr.,Tim,,,30:17,6.0,13.0,0.462,4.0,8.0,0.5,2.0,2.0,1.0,0.0,2.0,2.0,1.0,0.0,2.0,1.0,1.0,18.0,-1.0
22200066,1610612742,DAL,Dallas,1626174,Christian Wood,Christian,,,24:23,3.0,5.0,0.6,2.0,2.0,1.0,3.0,4.0,0.75,0.0,6.0,6.0,0.0,0.0,1.0,3.0,5.0,11.0,2.0
22200066,1610612742,DAL,Dallas,1628467,Maxi Kleber,Maxi,,,32:54,4.0,5.0,0.8,3.0,4.0,0.75,4.0,6.0,0.667,1.0,0.0,1.0,1.0,0.0,0.0,1.0,2.0,15.0,15.0
22200066,1610612742,DAL,Dallas,1630182,Josh Green,Josh,,,13:21,3.0,3.0,1.0,3.0,3.0,1.0,1.0,2.0,0.5,1.0,3.0,4.0,1.0,1.0,0.0,1.0,2.0,10.0,3.0
22200066,1610612742,DAL,Dallas,1630267,Facundo Campazzo,Facundo,,,2:47,0.0,0.0,0.0,0.0,0.0,0.0,0.0,0.0,0.0,0.0,0.0,0.0,1.0,1.0,0.0,0.0,1.0,0.0,2.0
22200066,1610612742,DAL,Dallas,1628416,Tyler Dorsey,Tyler,,DNP - Coach's Decision,,,,,,,,,,,,,,,,,,,,
22200066,1610612742,DAL,Dallas,1630702,Jaden Hardy,Jaden,,DNP - Coach's Decision,,,,,,,,,,,,,,,,,,,,
22200066,1610612742,DAL,Dallas,1629033,Theo Pinson,Theo,,DNP - Coach's Decision,,,,,,,,,,,,,,,,,,,,
22200066,1610612742,DAL,Dallas,203939,Dwight Powell,Dwight,,DNP - Coach's Decision,,,,,,,,,,,,,,,,,,,,
22200066,1610612742,DAL,Dallas,1630593,McKinley Wright IV,McKinley,,DNP - Coach's Decision,,,,,,,,,,,,,,,,,,,,
22200066,1610612751,BKN,Brooklyn,201142,Kevin Durant,Kevin,F,,41:14,12.0,21.0,0.571,2.0,5.0,0.4,11.0,11.0,1.0,1.0,2.0,3.0,5.0,2.0,1.0,3.0,2.0,37.0,-6.0
22200066,1610612751,BKN,Brooklyn,1626220,Royce O'Neale,Royce,F,,40:45,4.0,11.0,0.364,2.0,8.0,0.25,0.0,0.0,0.0,1.0,6.0,7.0,1.0,1.0,0.0,2.0,5.0,10.0,11.0
22200066,1610612751,BKN,Brooklyn,1629651,Nic Claxton,Nic,C,,28:41,3.0,7.0,0.429,0.0,1.0,0.0,1.0,4.0,0.25,3.0,3.0,6.0,1.0,0.0,0.0,1.0,1.0,7.0,3.0
22200066,1610612751,BKN,Brooklyn,202681,Kyrie Irving,Kyrie,G,,42:04,14.0,31.0,0.452,5.0,14.0,0.357,6.0,6.0,1.0,2.0,5.0,7.0,4.0,3.0,4.0,3.0,3.0,39.0,-3.0
22200066,1610612751,BKN,Brooklyn,1627732,Ben Simmons,Ben,G,,37:06,3.0,7.0,0.429,0.0,0.0,0.0,1.0,1.0,1.0,3.0,5.0,8.0,5.0,3.0,0.0,1.0,4.0,7.0,1.0
22200066,1610612751,BKN,Brooklyn,201988,Patty Mills,Patty,,,16:44,1.0,3.0,0.333,1.0,2.0,0.5,0.0,0.0,0.0,1.0,1.0,2.0,1.0,0.0,0.0,1.0,1.0,3.0,0.0
22200066,1610612751,BKN,Brooklyn,1628410,Edmond Sumner,Edmond,,,15:16,0.0,4.0,0.0,0.0,2.0,0.0,6.0,6.0,1.0,0.0,3.0,3.0,0.0,1.0,0.0,1.0,1.0,6.0,-7.0
22200066,1610612751,BKN,Brooklyn,1630561,David Duke Jr.,David,,,20:42,4.0,6.0,0.667,0.0,1.0,0.0,2.0,2.0,1.0,2.0,3.0,5.0,1.0,0.0,0.0,1.0,6.0,10.0,-23.0
22200066,1610612751,BKN,Brooklyn,1629139,Yuta Watanabe,Yuta,,,22:28,2.0,3.0,0.667,2.0,2.0,1.0,0.0,0.0,0.0,0.0,4.0,4.0,2.0,0.0,1.0,0.0,5.0,6.0,4.0
22200066,1610612751,BKN,Brooklyn,1630556,Kessler Edwards,Kessler,,DNP - Coach's Decision,,,,,,,,,,,,,,,,,,,,
22200066,1610612751,BKN,Brooklyn,1630549,Day'Ron Sharpe,Day'Ron,,DNP - Coach's Decision,,,,,,,,,,,,,,,,,,,,
22200066,1610612751,BKN,Brooklyn,1630560,Cam Thomas,Cam,,DNP - Coach's Decision,,,,,,,,,,,,,,,,,,,,
22200067,1610612746,LAC,LA,202331,Paul George,Paul,F,,30:59,4.0,12.0,0.333,0.0,4.0,0.0,2.0,2.0,1.0,0.0,7.0,7.0,3.0,0.0,0.0,3.0,1.0,10.0,-25.0
22200067,1610612746,LAC,LA,1629611,Terance Mann,Terance,F,,20:51,3.0,5.0,0.6,0.0,2.0,0.0,0.0,0.0,0.0,1.0,0.0,1.0,0.0,1.0,1.0,3.0,4.0,6.0,8.0
22200067,1610612746,LAC,LA,1627826,Ivica Zubac,Ivica,C,,34:21,4.0,9.0,0.444,0.0,0.0,0.0,4.0,6.0,0.667,5.0,13.0,18.0,2.0,0.0,1.0,1.0,2.0,12.0,-14.0
22200067,1610612746,LAC,LA,1626181,Norman Powell,Norman,G,,31:23,9.0,15.0,0.6,2.0,7.0,0.286,1.0,2.0,0.5,1.0,2.0,3.0,2.0,0.0,1.0,3.0,2.0,21.0,-16.0
22200067,1610612746,LAC,LA,202704,Reggie Jackson,Reggie,G,,37:14,8.0,13.0,0.615,2.0,4.0,0.5,0.0,0.0,0.0,0.0,2.0,2.0,4.0,1.0,0.0,0.0,1.0,18.0,-17.0
22200067,1610612746,LAC,LA,1628379,Luke Kennard,Luke,,,17:03,4.0,5.0,0.8,2.0,3.0,0.667,0.0,0.0,0.0,1.0,0.0,1.0,0.0,1.0,0.0,4.0,1.0,10.0,-2.0
22200067,1610612746,LAC,LA,201587,Nicolas Batum,Nicolas,,,21:06,3.0,4.0,0.75,1.0,2.0,0.5,0.0,0.0,0.0,1.0,1.0,2.0,2.0,2.0,1.0,3.0,2.0,7.0,-14.0
22200067,1610612746,LAC,LA,203496,Robert Covington,Robert,,,15:00,1.0,2.0,0.5,1.0,2.0,0.5,0.0,0.0,0.0,0.0,4.0,4.0,1.0,0.0,0.0,1.0,2.0,3.0,6.0
22200067,1610612746,LAC,LA,202322,John Wall,John,,,20:57,6.0,12.0,0.5,1.0,3.0,0.333,4.0,5.0,0.8,1.0,3.0,4.0,6.0,0.0,0.0,1.0,1.0,17.0,7.0
22200067,1610612746,LAC,LA,1629599,Amir Coffey,Amir,,,5:45,0.0,3.0,0.0,0.0,1.0,0.0,0.0,0.0,0.0,0.0,0.0,0.0,0.0,0.0,0.0,0.0,1.0,0.0,9.0
22200067,1610612746,LAC,LA,1629650,Moses Brown,Moses,,,1:47,1.0,1.0,1.0,0.0,0.0,0.0,1.0,2.0,0.5,0.0,0.0,0.0,0.0,0.0,1.0,0.0,0.0,3.0,6.0
22200067,1610612746,LAC,LA,1630527,Brandon Boston,Brandon,,,1:47,0.0,0.0,0.0,0.0,0.0,0.0,0.0,0.0,0.0,0.0,0.0,0.0,0.0,0.0,0.0,0.0,0.0,0.0,6.0
22200067,1610612746,LAC,LA,1631217,Moussa Diabaté,Moussa,,,1:47,1.0,1.0,1.0,0.0,0.0,0.0,1.0,1.0,1.0,0.0,2.0,2.0,1.0,1.0,0.0,0.0,0.0,3.0,6.0
22200067,1610612760,OKC,Oklahoma City,1629652,Luguentz Dort,Luguentz,F,,34:11,9.0,15.0,0.6,1.0,5.0,0.2,2.0,2.0,1.0,1.0,2.0,3.0,4.0,2.0,0.0,1.0,4.0,21.0,18.0
22200067,1610612760,OKC,Oklahoma City,1630598,Aaron Wiggins,Aaron,F,,34:50,4.0,7.0,0.571,3.0,6.0,0.5,0.0,0.0,0.0,1.0,5.0,6.0,3.0,1.0,0.0,1.0,3.0,11.0,16.0
22200067,1610612760,OKC,Oklahoma City,1630526,Jeremiah Robinson-Earl,Jeremiah,C,,14:31,2.0,4.0,0.5,1.0,2.0,0.5,0.0,0.0,0.0,1.0,1.0,2.0,2.0,0.0,0.0,0.0,2.0,5.0,7.0
22200067,1610612760,OKC,Oklahoma City,1630544,Tre Mann,Tre,G,,22:13,5.0,12.0,0.417,4.0,7.0,0.571,0.0,0.0,0.0,1.0,2.0,3.0,3.0,2.0,0.0,1.0,2.0,14.0,14.0
22200067,1610612760,OKC,Oklahoma City,1628983,Shai Gilgeous-Alexander,Shai,G,,34:00,10.0,23.0,0.435,2.0,4.0,0.5,2.0,2.0,1.0,1.0,4.0,5.0,6.0,3.0,0.0,3.0,4.0,24.0,12.0
22200067,1610612760,OKC,Oklahoma City,203488,Mike Muscala,Mike,,,11:40,1.0,3.0,0.333,0.0,1.0,0.0,3.0,4.0,0.75,0.0,1.0,1.0,1.0,0.0,0.0,0.0,0.0,5.0,-6.0
22200067,1610612760,OKC,Oklahoma City,1630197,Aleksej Pokusevski,Aleksej,,,26:24,6.0,11.0,0.545,3.0,5.0,0.6,0.0,0.0,0.0,4.0,2.0,6.0,3.0,0.0,1.0,4.0,3.0,15.0,2.0
22200067,1610612760,OKC,Oklahoma City,1629647,Darius Bazley,Darius,,,22:21,4.0,9.0,0.444,1.0,2.0,0.5,0.0,0.0,0.0,3.0,6.0,9.0,1.0,0.0,3.0,1.0,0.0,9.0,-2.0
22200067,1610612760,OKC,Oklahoma City,1631172,Ousmane Dieng,Ousmane,,,12:43,1.0,3.0,0.333,0.0,2.0,0.0,0.0,0.0,0.0,0.0,0.0,0.0,1.0,0.0,0.0,0.0,1.0,2.0,-10.0
22200067,1610612760,OKC,Oklahoma City,1629026,Kenrich Williams,Kenrich,,,25:57,5.0,8.0,0.625,2.0,4.0,0.5,0.0,0.0,0.0,1.0,0.0,1.0,3.0,2.0,0.0,0.0,1.0,12.0,-9.0
22200067,1610612760,OKC,Oklahoma City,1630198,Isaiah Joe,Isaiah,,,1:10,0.0,0.0,0.0,0.0,0.0,0.0,0.0,0.0,0.0,0.0,0.0,0.0,0.0,0.0,0.0,0.0,1.0,0.0,-2.0
22200067,1610612760,OKC,Oklahoma City,1630322,Lindy Waters III,Lindy,,DNP - Coach's Decision,,,,,,,,,,,,,,,,,,,,
22200067,1610612760,OKC,Oklahoma City,1631119,Jaylin Williams,Jaylin,,DNP - Coach's Decision,,,,,,,,,,,,,,,,,,,,
22200069,1610612763,MEM,Memphis,1628415,Dillon Brooks,Dillon,F,,26:14,4.0,12.0,0.333,3.0,6.0,0.5,0.0,0.0,0.0,0.0,2.0,2.0,2.0,0.0,0.0,2.0,1.0,11.0,-7.0
22200069,1610612763,MEM,Memphis,1630583,Santi Aldama,Santi,F,,29:54,2.0,6.0,0.333,0.0,4.0,0.0,0.0,0.0,0.0,0.0,2.0,2.0,1.0,2.0,2.0,0.0,4.0,4.0,1.0
22200069,1610612763,MEM,Memphis,203500,Steven Adams,Steven,C,,23:53,6.0,9.0,0.667,0.0,0.0,0.0,0.0,3.0,0.0,7.0,4.0,11.0,4.0,0.0,0.0,4.0,4.0,12.0,2.0
22200069,1610612763,MEM,Memphis,1630217,Desmond Bane,Desmond,G,,33:18,11.0,18.0,0.611,6.0,8.0,0.75,3.0,4.0,0.75,1.0,5.0,6.0,4.0,0.0,0.0,1.0,2.0,31.0,13.0
22200069,1610612763,MEM,Memphis,1629630,Ja Morant,Ja,G,,31:29,8.0,18.0,0.444,1.0,3.0,0.333,5.0,5.0,1.0,1.0,4.0,5.0,6.0,0.0,0.0,3.0,1.0,22.0,2.0
22200069,1610612763,MEM,Memphis,1631223,David Roddy,David,,,18:16,1.0,4.0,0.25,0.0,3.0,0.0,0.0,0.0,0.0,0.0,3.0,3.0,1.0,0.0,0.0,0.0,0.0,2.0,11.0
22200069,1610612763,MEM,Memphis,1631222,Jake LaRavia,Jake,,,29:50,5.0,6.0,0.833,3.0,4.0,0.75,0.0,0.0,0.0,2.0,7.0,9.0,1.0,1.0,0.0,0.0,5.0,13.0,24.0
22200069,1610612763,MEM,Memphis,1626145,Tyus Jones,Tyus,,,23:33,6.0,11.0,0.545,1.0,4.0,0.25,1.0,1.0,1.0,0.0,2.0,2.0,5.0,0.0,0.0,1.0,1.0,14.0,18.0
22200069,1610612763,MEM,Memphis,1629634,Brandon Clarke,Brandon,,,22:33,6.0,8.0,0.75,0.0,1.0,0.0,4.0,5.0,0.8,0.0,3.0,3.0,3.0,2.0,1.0,1.0,0.0,16.0,11.0
22200069,1610612763,MEM,Memphis,1631113,Kennedy Chandler,Kennedy,,,0:35,0.0,0.0,0.0,0.0,0.0,0.0,0.0,0.0,0.0,0.0,0.0,0.0,0.0,0.0,0.0,0.0,0.0,0.0,0.0
22200069,1610612763,MEM,Memphis,1631254,Kenneth Lofton Jr.,Kenneth,,,0:25,0.0,0.0,0.0,0.0,0.0,0.0,0.0,0.0,0.0,0.0,0.0,0.0,0.0,0.0,0.0,0.0,0.0,0.0,0.0
22200069,1610612763,MEM,Memphis,1630214,Xavier Tillman,Xavier,,DNP - Coach's Decision,,,,,,,,,,,,,,,,,,,,
22200069,1610612763,MEM,Memphis,1631246,Vince Williams Jr.,Vince,,DNP - Coach's Decision,,,,,,,,,,,,,,,,,,,,
22200069,1610612758,SAC,Sacramento,203084,Harrison Barnes,Harrison,F,,37:27,6.0,12.0,0.5,1.0,4.0,0.25,7.0,8.0,0.875,0.0,3.0,3.0,3.0,1.0,0.0,2.0,0.0,20.0,-12.0
22200069,1610612758,SAC,Sacramento,1631099,Keegan Murray,Keegan,F,,39:12,7.0,15.0,0.467,3.0,8.0,0.375,1.0,1.0,1.0,3.0,3.0,6.0,0.0,0.0,0.0,2.0,1.0,18.0,-10.0
22200069,1610612758,SAC,Sacramento,1627734,Domantas Sabonis,Domantas,C,,30:51,4.0,6.0,0.667,0.0,1.0,0.0,3.0,4.0,0.75,3.0,8.0,11.0,9.0,1.0,0.0,4.0,4.0,11.0,7.0
22200069,1610612758,SAC,Sacramento,1628989,Kevin Huerter,Kevin,G,,19:09,3.0,8.0,0.375,1.0,4.0,0.25,0.0,0.0,0.0,0.0,2.0,2.0,2.0,0.0,0.0,0.0,1.0,7.0,7.0
22200069,1610612758,SAC,Sacramento,1628368,De'Aaron Fox,De'Aaron,G,,35:24,11.0,19.0,0.579,2.0,6.0,0.333,3.0,3.0,1.0,1.0,5.0,6.0,2.0,1.0,1.0,3.0,5.0,27.0,-2.0
22200069,1610612758,SAC,Sacramento,1629002,Chimezie Metu,Chimezie,,,13:57,1.0,4.0,0.25,0.0,2.0,0.0,0.0,0.0,0.0,0.0,3.0,3.0,2.0,0.0,0.0,0.0,1.0,2.0,-6.0
22200069,1610612758,SAC,Sacramento,1626158,Richaun Holmes,Richaun,,,8:24,0.0,0.0,0.0,0.0,0.0,0.0,0.0,0.0,0.0,0.0,1.0,1.0,0.0,0.0,0.0,0.0,3.0,0.0,-12.0
22200069,1610612758,SAC,Sacramento,1628370,Malik Monk,Malik,,,22:01,5.0,9.0,0.556,3.0,7.0,0.429,2.0,2.0,1.0,0.0,2.0,2.0,7.0,0.0,1.0,1.0,2.0,15.0,-11.0
22200069,1610612758,SAC,Sacramento,1630558,Davion Mitchell,Davion,,,12:01,2.0,4.0,0.5,1.0,2.0,0.5,2.0,2.0,1.0,0.0,1.0,1.0,1.0,1.0,0.0,0.0,0.0,7.0,-13.0
22200069,1610612758,SAC,Sacramento,1629056,Terence Davis,Terence,,,10:52,1.0,5.0,0.2,1.0,4.0,0.25,0.0,0.0,0.0,0.0,2.0,2.0,1.0,1.0,0.0,1.0,1.0,3.0,-14.0
22200069,1610612758,SAC,Sacramento,1631320,Chima Moneke,Chima,,,6:19,0.0,1.0,0.0,0.0,0.0,0.0,0.0,2.0,0.0,2.0,0.0,2.0,1.0,0.0,0.0,0.0,2.0,0.0,-9.0
22200069,1610612758,SAC,Sacramento,203458,Alex Len,Alex,,,3:13,0.0,0.0,0.0,0.0,0.0,0.0,0.0,0.0,0.0,0.0,1.0,1.0,0.0,0.0,0.0,0.0,0.0,0.0,0.0
22200069,1610612758,SAC,Sacramento,203521,Matthew Dellavedova,Matthew,,,0:35,0.0,0.0,0.0,0.0,0.0,0.0,0.0,0.0,0.0,0.0,0.0,0.0,0.0,0.0,0.0,0.0,0.0,0.0,0.0
22200069,1610612758,SAC,Sacramento,1629644,KZ Okpala,KZ,,,0:35,0.0,0.0,0.0,0.0,0.0,0.0,0.0,0.0,0.0,0.0,0.0,0.0,0.0,0.0,0.0,0.0,0.0,0.0,0.0
22200069,1610612758,SAC,Sacramento,1626168,Trey Lyles,Trey,,DNP - Coach's Decision,,,,,,,,,,,,,,,,,,,,
22200064,1610612747,LAL,Los Angeles,1629022,Lonnie Walker IV,Lonnie,F,,30:29,6.0,14.0,0.429,1.0,6.0,0.167,2.0,3.0,0.667,0.0,2.0,2.0,1.0,2.0,1.0,1.0,1.0,15.0,-27.0
22200064,1610612747,LAL,Los Angeles,2544,LeBron James,LeBron,F,,35:19,8.0,21.0,0.381,2.0,8.0,0.25,1.0,2.0,0.5,2.0,5.0,7.0,9.0,1.0,0.0,8.0,1.0,19.0,-7.0
22200064,1610612747,LAL,Los Angeles,203076,Anthony Davis,Anthony,C,,36:26,11.0,19.0,0.579,0.0,1.0,0.0,0.0,1.0,0.0,1.0,13.0,14.0,5.0,3.0,2.0,0.0,1.0,22.0,-22.0
22200064,1610612747,LAL,Los Angeles,1630559,Austin Reaves,Austin,G,,26:29,3.0,5.0,0.6,2.0,3.0,0.667,0.0,0.0,0.0,0.0,2.0,2.0,1.0,0.0,0.0,1.0,0.0,8.0,-23.0
22200064,1610612747,LAL,Los Angeles,201976,Patrick Beverley,Patrick,G,,28:59,1.0,4.0,0.25,0.0,2.0,0.0,4.0,4.0,1.0,1.0,3.0,4.0,3.0,1.0,0.0,0.0,3.0,6.0,-9.0
22200064,1610612747,LAL,Los Angeles,1629134,Kendrick Nunn,Kendrick,,,19:05,4.0,12.0,0.333,1.0,4.0,0.25,0.0,0.0,0.0,0.0,4.0,4.0,1.0,0.0,0.0,3.0,1.0,9.0,9.0
22200064,1610612747,LAL,Los Angeles,1628972,Troy Brown Jr.,Troy,,,27:42,3.0,8.0,0.375,0.0,3.0,0.0,0.0,0.0,0.0,2.0,3.0,5.0,4.0,1.0,0.0,1.0,2.0,6.0,3.0
22200064,1610612747,LAL,Los Angeles,1629308,Juan Toscano-Anderson,Juan,,,9:55,1.0,2.0,0.5,0.0,0.0,0.0,0.0,0.0,0.0,0.0,3.0,3.0,0.0,0.0,0.0,0.0,3.0,2.0,-11.0
22200064,1610612747,LAL,Los Angeles,1627745,Damian Jones,Damian,,,11:34,1.0,2.0,0.5,0.0,0.0,0.0,2.0,4.0,0.5,1.0,3.0,4.0,0.0,0.0,1.0,0.0,1.0,4.0,11.0
22200064,1610612747,LAL,Los Angeles,1630346,Matt Ryan,Matt,,,8:30,2.0,3.0,0.667,2.0,3.0,0.667,0.0,0.0,0.0,0.0,1.0,1.0,0.0,0.0,0.0,0.0,3.0,6.0,7.0
22200064,1610612747,LAL,Los Angeles,1631108,Max Christie,Max,,,2:46,0.0,0.0,0.0,0.0,0.0,0.0,2.0,2.0,1.0,0.0,1.0,1.0,1.0,0.0,0.0,0.0,0.0,2.0,7.0
22200064,1610612747,LAL,Los Angeles,1629117,Wenyen Gabriel,Wenyen,,,2:46,0.0,0.0,0.0,0.0,0.0,0.0,0.0,0.0,0.0,0.0,0.0,0.0,0.0,0.0,0.0,0.0,0.0,0.0,7.0
22200064,1610612743,DEN,Denver,1628971,Bruce Brown,Bruce,F,,33:01,7.0,12.0,0.583,4.0,6.0,0.667,0.0,0.0,0.0,2.0,3.0,5.0,4.0,2.0,0.0,0.0,3.0,18.0,24.0
22200064,1610612743,DEN,Denver,203932,Aaron Gordon,Aaron,F,,28:30,2.0,8.0,0.25,0.0,3.0,0.0,2.0,4.0,0.5,3.0,6.0,9.0,5.0,0.0,2.0,0.0,1.0,6.0,19.0
22200064,1610612743,DEN,Denver,203999,Nikola Jokić,Nikola,C,,34:48,12.0,17.0,0.706,0.0,4.0,0.0,7.0,7.0,1.0,1.0,12.0,13.0,9.0,4.0,0.0,3.0,3.0,31.0,28.0
22200064,1610612743,DEN,Denver,203484,Kentavious Caldwell-Pope,Kentavious,G,,25:15,4.0,7.0,0.571,3.0,5.0,0.6,2.0,2.0,1.0,0.0,4.0,4.0,1.0,1.0,0.0,0.0,1.0,13.0,12.0
22200064,1610612743,DEN,Denver,1627750,Jamal Murray,Jamal,G,,27:43,6.0,15.0,0.4,1.0,7.0,0.143,0.0,0.0,0.0,0.0,4.0,4.0,6.0,2.0,0.0,4.0,1.0,13.0,17.0
22200064,1610612743,DEN,Denver,1631128,Christian Braun,Christian,,,25:05,4.0,6.0,0.667,0.0,1.0,0.0,1.0,2.0,0.5,2.0,3.0,5.0,0.0,0.0,0.0,1.0,1.0,9.0,2.0
22200064,1610612743,DEN,Denver,1630538,Bones Hyland,Bones,,,16:44,2.0,12.0,0.167,1.0,5.0,0.2,1.0,2.0,0.5,0.0,3.0,3.0,5.0,0.0,1.0,1.0,0.0,6.0,-1.0
22200064,1610612743,DEN,Denver,201145,Jeff Green,Jeff,,,21:56,3.0,8.0,0.375,0.0,2.0,0.0,4.0,4.0,1.0,1.0,3.0,4.0,3.0,2.0,0.0,0.0,3.0,10.0,7.0
22200064,1610612743,DEN,Denver,201599,DeAndre Jordan,DeAndre,,,10:26,1.0,1.0,1.0,0.0,0.0,0.0,0.0,0.0,0.0,0.0,5.0,5.0,0.0,0.0,1.0,1.0,1.0,2.0,-10.0
22200064,1610612743,DEN,Denver,1628432,Davon Reed,Davon,,,2:43,0.0,2.0,0.0,0.0,1.0,0.0,0.0,0.0,0.0,0.0,1.0,1.0,0.0,0.0,0.0,0.0,2.0,0.0,-8.0
22200064,1610612743,DEN,Denver,1630192,Zeke Nnaji,Zeke,,,2:46,0.0,0.0,0.0,0.0,0.0,0.0,0.0,0.0,0.0,0.0,0.0,0.0,0.0,0.0,0.0,0.0,0.0,0.0,-7.0
22200064,1610612743,DEN,Denver,1628427,Vlatko Čančar,Vlatko,,,2:46,0.0,0.0,0.0,0.0,0.0,0.0,0.0,0.0,0.0,0.0,0.0,0.0,0.0,0.0,0.0,1.0,0.0,0.0,-7.0
22200064,1610612743,DEN,Denver,1631212,Peyton Watson,Peyton,,,2:46,1.0,2.0,0.5,0.0,0.0,0.0,0.0,0.0,0.0,0.0,0.0,0.0,0.0,0.0,0.0,0.0,1.0,2.0,-7.0
22200064,1610612743,DEN,Denver,1631298,Jack White,Jack,,,2:46,0.0,0.0,0.0,0.0,0.0,0.0,0.0,0.0,0.0,0.0,0.0,0.0,0.0,1.0,0.0,0.0,0.0,0.0,-7.0
22200064,1610612743,DEN,Denver,202397,Ish Smith,Ish,,,2:46,0.0,2.0,0.0,0.0,0.0,0.0,0.0,0.0,0.0,0.0,1.0,1.0,1.0,0.0,1.0,0.0,0.0,0.0,-7.0
22200065,1610612748,MIA,Miami,1628997,Caleb Martin,Caleb,F,,29:22,7.0,8.0,0.875,2.0,2.0,1.0,0.0,0.0,0.0,4.0,4.0,8.0,3.0,4.0,0.0,2.0,3.0,16.0,19.0
22200065,1610612748,MIA,Miami,202710,Jimmy Butler III,Jimmy,F,,27:58,7.0,15.0,0.467,0.0,3.0,0.0,3.0,4.0,0.75,3.0,2.0,5.0,5.0,2.0,0.0,1.0,1.0,17.0,11.0
22200065,1610612748,MIA,Miami,1628389,Bam Adebayo,Bam,C,,28:21,6.0,11.0,0.545,0.0,1.0,0.0,6.0,7.0,0.857,3.0,5.0,8.0,3.0,1.0,0.0,3.0,3.0,18.0,17.0
22200065,1610612748,MIA,Miami,1629639,Tyler Herro,Tyler,G,,28:23,5.0,13.0,0.385,3.0,8.0,0.375,1.0,1.0,1.0,0.0,4.0,4.0,4.0,0.0,0.0,1.0,2.0,14.0,10.0
22200065,1610612748,MIA,Miami,200768,Kyle Lowry,Kyle,G,,26:27,5.0,8.0,0.625,5.0,7.0,0.714,2.0,3.0,0.667,0.0,2.0,2.0,6.0,1.0,1.0,3.0,2.0,17.0,8.0
22200065,1610612748,MIA,Miami,203473,Dewayne Dedmon,Dewayne,,,5:15,1.0,1.0,1.0,0.0,0.0,0.0,0.0,0.0,0.0,0.0,1.0,1.0,0.0,0.0,0.0,0.0,2.0,2.0,1.0
22200065,1610612748,MIA,Miami,1629622,Max Strus,Max,,,27:39,6.0,11.0,0.545,4.0,7.0,0.571,0.0,0.0,0.0,3.0,6.0,9.0,3.0,2.0,0.0,3.0,1.0,16.0,24.0
22200065,1610612748,MIA,Miami,1629216,Gabe Vincent,Gabe,,,20:16,2.0,5.0,0.4,0.0,2.0,0.0,4.0,4.0,1.0,1.0,0.0,1.0,7.0,0.0,0.0,1.0,0.0,8.0,11.0
22200065,1610612748,MIA,Miami,1629130,Duncan Robinson,Duncan,,,19:06,2.0,7.0,0.286,1.0,5.0,0.2,0.0,0.0,0.0,0.0,3.0,3.0,3.0,0.0,0.0,1.0,2.0,5.0,12.0
22200065,1610612748,MIA,Miami,1631107,Nikola Jović,Nikola,,,13:43,1.0,3.0,0.333,0.0,1.0,0.0,0.0,0.0,0.0,1.0,1.0,2.0,0.0,1.0,0.0,1.0,5.0,2.0,3.0
22200065,1610612748,MIA,Miami,1630696,Dru Smith,Dru,,,5:37,1.0,3.0,0.333,0.0,2.0,0.0,0.0,0.0,0.0,0.0,1.0,1.0,0.0,1.0,0.0,0.0,1.0,2.0,-5.0
22200065,1610612748,MIA,Miami,1629312,Haywood Highsmith,Haywood,,,5:37,1.0,1.0,1.0,0.0,0.0,0.0,0.0,0.0,0.0,0.0,1.0,1.0,0.0,1.0,0.0,0.0,0.0,2.0,-5.0
22200065,1610612748,MIA,Miami,2617,Udonis Haslem,Udonis,,,2:16,0.0,1.0,0.0,0.0,0.0,0.0,0.0,0.0,0.0,0.0,1.0,1.0,0.0,0.0,1.0,0.0,0.0,0.0,-1.0
22200065,1610612757,POR,Portland,1628404,Josh Hart,Josh,F,,31:29,3.0,4.0,0.75,1.0,1.0,1.0,3.0,3.0,1.0,2.0,4.0,6.0,6.0,3.0,1.0,2.0,2.0,10.0,-15.0
22200065,1610612757,POR,Portland,203924,Jerami Grant,Jerami,F,,28:11,4.0,10.0,0.4,1.0,5.0,0.2,2.0,5.0,0.4,0.0,3.0,3.0,4.0,0.0,0.0,3.0,0.0,11.0,-11.0
22200065,1610612757,POR,Portland,203994,Jusuf Nurkić,Jusuf,C,,25:45,2.0,7.0,0.286,0.0,1.0,0.0,3.0,4.0,0.75,4.0,5.0,9.0,1.0,1.0,1.0,1.0,2.0,7.0,-8.0
22200065,1610612757,POR,Portland,1629014,Anfernee Simons,Anfernee,G,,29:39,5.0,12.0,0.417,3.0,8.0,0.375,1.0,1.0,1.0,0.0,2.0,2.0,0.0,0.0,0.0,3.0,4.0,14.0,-15.0
22200065,1610612757,POR,Portland,203081,Damian Lillard,Damian,G,,26:29,6.0,13.0,0.462,4.0,11.0,0.364,6.0,6.0,1.0,0.0,2.0,2.0,2.0,1.0,0.0,4.0,0.0,22.0,-10.0
22200065,1610612757,POR,Portland,1626159,Justise Winslow,Justise,,,24:45,4.0,9.0,0.444,1.0,3.0,0.333,0.0,0.0,0.0,0.0,1.0,1.0,3.0,1.0,1.0,0.0,4.0,9.0,-19.0
22200065,1610612757,POR,Portland,1629234,Drew Eubanks,Drew,,,10:47,1.0,3.0,0.333,0.0,0.0,0.0,0.0,0.0,0.0,0.0,0.0,0.0,1.0,0.0,0.0,0.0,1.0,2.0,-11.0
22200065,1610612757,POR,Portland,1631101,Shaedon Sharpe,Shaedon,,,21:24,5.0,12.0,0.417,2.0,5.0,0.4,3.0,5.0,0.6,3.0,5.0,8.0,0.0,1.0,0.0,2.0,2.0,15.0,-9.0
22200065,1610612757,POR,Portland,1629642,Nassir Little,Nassir,,,17:38,1.0,3.0,0.333,0.0,2.0,0.0,0.0,0.0,0.0,1.0,0.0,1.0,0.0,1.0,0.0,1.0,1.0,2.0,-5.0
22200065,1610612757,POR,Portland,1630553,Keon Johnson,Keon,,,8:17,1.0,2.0,0.5,0.0,1.0,0.0,0.0,0.0,0.0,0.0,3.0,3.0,1.0,0.0,0.0,2.0,1.0,2.0,-2.0
22200065,1610612757,POR,Portland,1631133,Jabari Walker,Jabari,,,7:48,1.0,1.0,1.0,0.0,0.0,0.0,0.0,0.0,0.0,1.0,2.0,3.0,2.0,0.0,0.0,0.0,0.0,2.0,0.0
22200065,1610612757,POR,Portland,1630535,Greg Brown III,Greg,,,7:48,1.0,2.0,0.5,0.0,0.0,0.0,0.0,2.0,0.0,0.0,0.0,0.0,0.0,1.0,1.0,1.0,0.0,2.0,0.0
22200063,1610612745,HOU,Houston,201569,Eric Gordon,Eric,F,,30:02,6.0,12.0,0.5,2.0,7.0,0.286,2.0,3.0,0.667,0.0,2.0,2.0,3.0,2.0,0.0,1.0,0.0,16.0,-6.0
22200063,1610612745,HOU,Houston,1630256,Jae'Sean Tate,Jae'Sean,F,,20:18,3.0,5.0,0.6,1.0,1.0,1.0,0.0,0.0,0.0,2.0,3.0,5.0,1.0,0.0,0.0,2.0,5.0,7.0,5.0
22200063,1610612745,HOU,Houston,1631095,Jabari Smith Jr.,Jabari,C,,32:13,3.0,10.0,0.3,2.0,6.0,0.333,2.0,4.0,0.5,1.0,8.0,9.0,0.0,1.0,0.0,2.0,4.0,10.0,-3.0
22200063,1610612745,HOU,Houston,1630224,Jalen Green,Jalen,G,,36:04,6.0,20.0,0.3,2.0,9.0,0.222,3.0,4.0,0.75,2.0,5.0,7.0,2.0,1.0,1.0,2.0,2.0,17.0,-19.0
22200063,1610612745,HOU,Houston,1629645,Kevin Porter Jr.,Kevin,G,,35:23,10.0,22.0,0.455,0.0,4.0,0.0,4.0,4.0,1.0,2.0,3.0,5.0,5.0,1.0,1.0,5.0,5.0,24.0,-3.0
22200063,1610612745,HOU,Houston,1631106,Tari Eason,Tari,,,23:10,1.0,7.0,0.143,1.0,4.0,0.25,0.0,0.0,0.0,3.0,3.0,6.0,1.0,1.0,0.0,0.0,4.0,3.0,-11.0
22200063,1610612745,HOU,Houston,1630231,KJ Martin,KJ,,,24:54,3.0,9.0,0.333,0.0,2.0,0.0,5.0,7.0,0.714,2.0,8.0,10.0,3.0,0.0,0.0,1.0,4.0,11.0,4.0
22200063,1610612745,HOU,Houston,1626246,Boban Marjanović,Boban,,,1:49,0.0,0.0,0.0,0.0,0.0,0.0,0.0,0.0,0.0,0.0,0.0,0.0,0.0,0.0,0.0,0.0,0.0,0.0,-1.0
22200063,1610612745,HOU,Houston,1630227,Daishen Nix,Daishen,,,11:31,0.0,3.0,0.0,0.0,2.0,0.0,0.0,0.0,0.0,0.0,0.0,0.0,3.0,0.0,0.0,4.0,0.0,0.0,-1.0
22200063,1610612745,HOU,Houston,1630586,Usman Garuba,Usman,,,8:29,1.0,1.0,1.0,0.0,0.0,0.0,0.0,0.0,0.0,2.0,3.0,5.0,0.0,0.0,0.0,2.0,3.0,2.0,-5.0
22200063,1610612745,HOU,Houston,1629726,Garrison Mathews,Garrison,,,16:07,3.0,5.0,0.6,3.0,5.0,0.6,2.0,2.0,1.0,0.0,0.0,0.0,1.0,1.0,0.0,0.0,3.0,11.0,0.0
22200063,1610612745,HOU,Houston,1630528,Josh Christopher,Josh,,DNP - Coach's Decision,,,,,,,,,,,,,,,,,,,,
22200063,1610612745,HOU,Houston,1631309,Trevor Hudgins,Trevor,,DNP - Coach's Decision,,,,,,,,,,,,,,,,,,,,
22200063,1610612762,UTA,Utah,1628374,Lauri Markkanen,Lauri,F,,34:00,10.0,15.0,0.667,1.0,4.0,0.25,3.0,4.0,0.75,1.0,8.0,9.0,3.0,0.0,1.0,4.0,1.0,24.0,10.0
22200063,1610612762,UTA,Utah,203482,Kelly Olynyk,Kelly,F,,29:14,1.0,8.0,0.125,0.0,2.0,0.0,2.0,6.0,0.333,3.0,5.0,8.0,6.0,1.0,0.0,4.0,6.0,4.0,8.0
22200063,1610612762,UTA,Utah,1629020,Jarred Vanderbilt,Jarred,C,,19:05,3.0,7.0,0.429,0.0,1.0,0.0,0.0,0.0,0.0,2.0,6.0,8.0,2.0,0.0,0.0,1.0,6.0,6.0,7.0
22200063,1610612762,UTA,Utah,203903,Jordan Clarkson,Jordan,G,,28:55,6.0,14.0,0.429,5.0,10.0,0.5,3.0,4.0,0.75,3.0,3.0,6.0,5.0,2.0,1.0,0.0,4.0,20.0,8.0
22200063,1610612762,UTA,Utah,201144,Mike Conley,Mike,G,,27:46,4.0,11.0,0.364,3.0,8.0,0.375,2.0,4.0,0.5,0.0,3.0,3.0,5.0,1.0,0.0,3.0,5.0,13.0,6.0
22200063,1610612762,UTA,Utah,1629012,Collin Sexton,Collin,,,10:22,2.0,3.0,0.667,0.0,1.0,0.0,0.0,1.0,0.0,0.0,0.0,0.0,0.0,1.0,0.0,1.0,1.0,4.0,10.0
22200063,1610612762,UTA,Utah,1631117,Walker Kessler,Walker,,,11:03,0.0,1.0,0.0,0.0,0.0,0.0,4.0,4.0,1.0,0.0,1.0,1.0,1.0,0.0,1.0,1.0,2.0,4.0,-4.0
22200063,1610612762,UTA,Utah,1627736,Malik Beasley,Malik,,,29:39,5.0,12.0,0.417,2.0,7.0,0.286,2.0,2.0,1.0,2.0,2.0,4.0,1.0,4.0,1.0,1.0,0.0,14.0,-4.0
22200063,1610612762,UTA,Utah,200752,Rudy Gay,Rudy,,,15:43,2.0,6.0,0.333,0.0,3.0,0.0,2.0,2.0,1.0,0.0,6.0,6.0,1.0,0.0,1.0,0.0,0.0,6.0,-3.0
22200063,1610612762,UTA,Utah,1629659,Talen Horton-Tucker,Talen,,,28:12,5.0,11.0,0.455,2.0,7.0,0.286,2.0,3.0,0.667,0.0,7.0,7.0,4.0,2.0,0.0,0.0,3.0,14.0,8.0
22200063,1610612762,UTA,Utah,1631323,Simone Fontecchio,Simone,,,6:01,0.0,2.0,0.0,0.0,2.0,0.0,0.0,0.0,0.0,0.0,1.0,1.0,0.0,0.0,0.0,0.0,0.0,0.0,-6.0
22200063,1610612762,UTA,Utah,1630534,Ochai Agbaji,Ochai,,DNP - Coach's Decision,,,,,,,,,,,,,,,,,,,,
22200063,1610612762,UTA,Utah,1629638,Nickeil Alexander-Walker,Nickeil,,DNP - Coach's Decision,,,,,,,,,,,,,,,,,,,,
22200063,1610612762,UTA,Utah,1630195,Leandro Bolmaro,Leandro,,DNP - Coach's Decision,,,,,,,,,,,,,,,,,,,,
22200059,1610612755,PHI,Philadelphia,202699,Tobias Harris,Tobias,F,,34:15,1.0,5.0,0.2,1.0,3.0,0.333,0.0,0.0,0.0,2.0,6.0,8.0,6.0,1.0,0.0,1.0,3.0,3.0,0.0
22200059,1610612755,PHI,Philadelphia,200782,P.J. Tucker,P.J.,F,,31:27,3.0,10.0,0.3,2.0,5.0,0.4,0.0,0.0,0.0,1.0,3.0,4.0,0.0,0.0,0.0,1.0,1.0,8.0,1.0
22200059,1610612755,PHI,Philadelphia,203954,Joel Embiid,Joel,C,,37:31,12.0,17.0,0.706,2.0,4.0,0.5,5.0,7.0,0.714,0.0,5.0,5.0,3.0,0.0,0.0,2.0,2.0,31.0,-5.0
22200059,1610612755,PHI,Philadelphia,1630178,Tyrese Maxey,Tyrese,G,,43:14,12.0,21.0,0.571,4.0,8.0,0.5,3.0,4.0,0.75,1.0,4.0,5.0,6.0,2.0,1.0,4.0,0.0,31.0,-1.0
22200059,1610612755,PHI,Philadelphia,201935,James Harden,James,G,,35:39,5.0,12.0,0.417,3.0,6.0,0.5,5.0,6.0,0.833,0.0,7.0,7.0,9.0,0.0,1.0,3.0,2.0,18.0,-6.0
22200059,1610612755,PHI,Philadelphia,1626149,Montrezl Harrell,Montrezl,,,4:15,0.0,0.0,0.0,0.0,0.0,0.0,0.0,2.0,0.0,0.0,1.0,1.0,0.0,0.0,0.0,0.0,0.0,0.0,-4.0
22200059,1610612755,PHI,Philadelphia,1629001,De'Anthony Melton,De'Anthony,,,21:41,5.0,7.0,0.714,2.0,4.0,0.5,0.0,0.0,0.0,0.0,3.0,3.0,5.0,3.0,0.0,0.0,2.0,12.0,-13.0
22200059,1610612755,PHI,Philadelphia,1627863,Danuel House Jr.,Danuel,,,14:43,1.0,3.0,0.333,1.0,2.0,0.5,0.0,0.0,0.0,0.0,0.0,0.0,0.0,0.0,0.0,0.0,1.0,3.0,-10.0
22200059,1610612755,PHI,Philadelphia,1627777,Georges Niang,Georges,,,14:19,1.0,4.0,0.25,1.0,4.0,0.25,0.0,0.0,0.0,0.0,1.0,1.0,0.0,0.0,0.0,1.0,0.0,3.0,-8.0
22200059,1610612755,PHI,Philadelphia,1630194,Paul Reed,Paul,,,2:56,0.0,0.0,0.0,0.0,0.0,0.0,0.0,0.0,0.0,0.0,0.0,0.0,0.0,0.0,0.0,0.0,1.0,0.0,-4.0
22200059,1610612755,PHI,Philadelphia,1627788,Furkan Korkmaz,Furkan,,DNP - Coach's Decision,,,,,,,,,,,,,,,,,,,,
22200059,1610612755,PHI,Philadelphia,1629003,Shake Milton,Shake,,DNP - Coach's Decision,,,,,,,,,,,,,,,,,,,,
22200059,1610612755,PHI,Philadelphia,1630531,Jaden Springer,Jaden,,DNP - Coach's Decision,,,,,,,,,,,,,,,,,,,,
22200059,1610612755,PHI,Philadelphia,1629680,Matisse Thybulle,Matisse,,DNP - Coach's Decision,,,,,,,,,,,,,,,,,,,,
22200059,1610612761,TOR,Toronto,1628384,OG Anunoby,OG,F,,34:25,6.0,10.0,0.6,1.0,3.0,0.333,2.0,2.0,1.0,0.0,2.0,2.0,1.0,3.0,0.0,1.0,4.0,15.0,3.0
22200059,1610612761,TOR,Toronto,1630567,Scottie Barnes,Scottie,F,,32:40,6.0,11.0,0.545,1.0,4.0,0.25,3.0,3.0,1.0,1.0,9.0,10.0,5.0,1.0,0.0,0.0,0.0,16.0,3.0
22200059,1610612761,TOR,Toronto,1627783,Pascal Siakam,Pascal,C,,38:00,7.0,16.0,0.438,4.0,8.0,0.5,2.0,4.0,0.5,0.0,5.0,5.0,13.0,0.0,0.0,1.0,1.0,20.0,7.0
22200059,1610612761,TOR,Toronto,1629018,Gary Trent Jr.,Gary,G,,35:27,11.0,16.0,0.688,5.0,10.0,0.5,0.0,0.0,0.0,0.0,0.0,0.0,0.0,2.0,0.0,2.0,1.0,27.0,2.0
22200059,1610612761,TOR,Toronto,1627832,Fred VanVleet,Fred,G,,38:50,5.0,12.0,0.417,2.0,5.0,0.4,3.0,3.0,1.0,0.0,6.0,6.0,8.0,2.0,3.0,2.0,1.0,15.0,8.0
22200059,1610612761,TOR,Toronto,1631132,Christian Koloko,Christian,,,11:17,2.0,2.0,1.0,0.0,0.0,0.0,0.0,0.0,0.0,1.0,3.0,4.0,0.0,1.0,1.0,0.0,4.0,4.0,4.0
22200059,1610612761,TOR,Toronto,1630173,Precious Achiuwa,Precious,,,21:18,3.0,7.0,0.429,1.0,3.0,0.333,0.0,0.0,0.0,3.0,3.0,6.0,4.0,0.0,0.0,2.0,3.0,7.0,14.0
22200059,1610612761,TOR,Toronto,1628449,Chris Boucher,Chris,,,17:15,5.0,9.0,0.556,2.0,4.0,0.5,1.0,2.0,0.5,1.0,3.0,4.0,0.0,0.0,0.0,1.0,3.0,13.0,11.0
22200059,1610612761,TOR,Toronto,1630625,Dalano Banton,Dalano,,,4:28,1.0,1.0,1.0,0.0,0.0,0.0,0.0,0.0,0.0,0.0,1.0,1.0,1.0,0.0,0.0,0.0,0.0,2.0,-1.0
22200059,1610612761,TOR,Toronto,203920,Khem Birch,Khem,,,6:20,0.0,0.0,0.0,0.0,0.0,0.0,0.0,0.0,0.0,0.0,1.0,1.0,0.0,0.0,1.0,0.0,4.0,0.0,-1.0
22200059,1610612761,TOR,Toronto,1630551,Justin Champagnie,Justin,,DNP - Coach's Decision,,,,,,,,,,,,,,,,,,,,
22200059,1610612761,TOR,Toronto,1630201,Malachi Flynn,Malachi,,DNP - Coach's Decision,,,,,,,,,,,,,,,,,,,,
22200059,1610612761,TOR,Toronto,1627823,Juancho Hernangomez,Juancho,,DNP - Coach's Decision,,,,,,,,,,,,,,,,,,,,
22200059,1610612761,TOR,Toronto,201152,Thaddeus Young,Thaddeus,,DNP - Coach's Decision,,,,,,,,,,,,,,,,,,,,
22200062,1610612759,SAS,San Antonio,1629640,Keldon Johnson,Keldon,F,,33:17,9.0,20.0,0.45,5.0,10.0,0.5,4.0,4.0,1.0,0.0,4.0,4.0,3.0,0.0,0.0,3.0,2.0,27.0,-2.0
22200062,1610612759,SAS,San Antonio,1631110,Jeremy Sochan,Jeremy,F,,27:38,5.0,13.0,0.385,2.0,6.0,0.333,0.0,0.0,0.0,1.0,0.0,1.0,2.0,1.0,1.0,1.0,3.0,12.0,2.0
22200062,1610612759,SAS,San Antonio,1627751,Jakob Poeltl,Jakob,C,,29:06,5.0,8.0,0.625,0.0,0.0,0.0,2.0,4.0,0.5,5.0,5.0,10.0,4.0,0.0,0.0,2.0,1.0,12.0,0.0
22200062,1610612759,SAS,San Antonio,1626196,Josh Richardson,Josh,G,,32:33,4.0,8.0,0.5,3.0,6.0,0.5,0.0,0.0,0.0,0.0,3.0,3.0,10.0,2.0,1.0,0.0,2.0,11.0,-2.0
22200062,1610612759,SAS,San Antonio,1630200,Tre Jones,Tre,G,,32:49,3.0,12.0,0.25,1.0,3.0,0.333,6.0,6.0,1.0,2.0,5.0,7.0,3.0,1.0,0.0,1.0,2.0,13.0,-11.0
22200062,1610612759,SAS,San Antonio,1629641,Romeo Langford,Romeo,,,16:09,2.0,4.0,0.5,0.0,0.0,0.0,0.0,0.0,0.0,1.0,0.0,1.0,1.0,0.0,0.0,1.0,1.0,4.0,-16.0
22200062,1610612759,SAS,San Antonio,1628380,Zach Collins,Zach,,,16:59,2.0,4.0,0.5,1.0,2.0,0.5,2.0,2.0,1.0,2.0,2.0,4.0,5.0,1.0,0.0,3.0,3.0,7.0,-14.0
22200062,1610612759,SAS,San Antonio,1629676,Isaiah Roby,Isaiah,,,10:27,1.0,3.0,0.333,0.0,1.0,0.0,0.0,0.0,0.0,0.0,3.0,3.0,0.0,0.0,0.0,1.0,0.0,2.0,-9.0
22200062,1610612759,SAS,San Antonio,203926,Doug McDermott,Doug,,,24:21,6.0,14.0,0.429,4.0,8.0,0.5,3.0,3.0,1.0,1.0,2.0,3.0,3.0,0.0,0.0,1.0,3.0,19.0,-10.0
22200062,1610612759,SAS,San Antonio,1628966,Keita Bates-Diop,Keita,,,14:46,6.0,9.0,0.667,0.0,0.0,0.0,3.0,3.0,1.0,1.0,3.0,4.0,1.0,1.0,0.0,3.0,0.0,15.0,0.0
22200062,1610612759,SAS,San Antonio,203476,Gorgui Dieng,Gorgui,,,1:55,0.0,0.0,0.0,0.0,0.0,0.0,0.0,0.0,0.0,1.0,0.0,1.0,2.0,0.0,0.0,0.0,1.0,0.0,2.0
22200062,1610612750,MIN,Minnesota,1630183,Jaden McDaniels,Jaden,F,,34:49,8.0,9.0,0.889,4.0,5.0,0.8,0.0,0.0,0.0,0.0,3.0,3.0,1.0,2.0,3.0,1.0,3.0,20.0,-2.0
22200062,1610612750,MIN,Minnesota,1626157,Karl-Anthony Towns,Karl-Anthony,F,,37:43,9.0,14.0,0.643,3.0,5.0,0.6,0.0,0.0,0.0,0.0,4.0,4.0,7.0,2.0,1.0,3.0,3.0,21.0,5.0
22200062,1610612750,MIN,Minnesota,203497,Rudy Gobert,Rudy,C,,34:38,4.0,6.0,0.667,0.0,0.0,0.0,2.0,4.0,0.5,0.0,9.0,9.0,1.0,1.0,1.0,2.0,4.0,10.0,9.0
22200062,1610612750,MIN,Minnesota,1630162,Anthony Edwards,Anthony,G,,38:26,12.0,21.0,0.571,7.0,12.0,0.583,3.0,4.0,0.75,0.0,3.0,3.0,9.0,2.0,0.0,5.0,3.0,34.0,16.0
22200062,1610612750,MIN,Minnesota,1626156,D'Angelo Russell,D'Angelo,G,,28:59,5.0,10.0,0.5,1.0,4.0,0.25,1.0,4.0,0.25,0.0,2.0,2.0,9.0,0.0,1.0,4.0,1.0,12.0,0.0
22200062,1610612750,MIN,Minnesota,1629162,Jordan McLaughlin,Jordan,,,19:01,2.0,4.0,0.5,0.0,1.0,0.0,2.0,2.0,1.0,0.0,1.0,1.0,5.0,1.0,0.0,0.0,0.0,6.0,12.0
22200062,1610612750,MIN,Minnesota,1627752,Taurean Prince,Taurean,,,19:23,2.0,2.0,1.0,2.0,2.0,1.0,0.0,0.0,0.0,0.0,2.0,2.0,2.0,0.0,0.0,1.0,5.0,6.0,5.0
22200062,1610612750,MIN,Minnesota,1629669,Jaylen Nowell,Jaylen,,,21:48,9.0,13.0,0.692,3.0,5.0,0.6,2.0,2.0,1.0,0.0,4.0,4.0,2.0,0.0,0.0,0.0,0.0,23.0,12.0
22200062,1610612750,MIN,Minnesota,1629675,Naz Reid,Naz,,,5:13,1.0,1.0,1.0,0.0,0.0,0.0,0.0,0.0,0.0,0.0,2.0,2.0,1.0,1.0,0.0,0.0,0.0,2.0,3.0
22200062,1610612750,MIN,Minnesota,1627854,Bryn Forbes,Bryn,,DNP - Coach's Decision,,,,,,,,,,,,,,,,,,,,
22200062,1610612750,MIN,Minnesota,1630233,Nathan Knight,Nathan,,DNP - Coach's Decision,,,,,,,,,,,,,,,,,,,,
22200062,1610612750,MIN,Minnesota,1631111,Wendell Moore Jr.,Wendell,,DNP - Coach's Decision,,,,,,,,,,,,,,,,,,,,
22200062,1610612750,MIN,Minnesota,203085,Austin Rivers,Austin,,DNP - Coach's Decision,,,,,,,,,,,,,,,,,,,,
22200056,1610612753,ORL,Orlando,1630532,Franz Wagner,Franz,F,,34:42,10.0,20.0,0.5,0.0,4.0,0.0,2.0,3.0,0.667,2.0,3.0,5.0,5.0,1.0,1.0,5.0,3.0,22.0,2.0
22200056,1610612753,ORL,Orlando,1631094,Paolo Banchero,Paolo,F,,36:59,10.0,19.0,0.526,3.0,5.0,0.6,6.0,8.0,0.75,1.0,7.0,8.0,4.0,1.0,2.0,3.0,2.0,29.0,-7.0
22200056,1610612753,ORL,Orlando,1628976,Wendell Carter Jr.,Wendell,C,,32:48,4.0,9.0,0.444,0.0,3.0,0.0,4.0,4.0,1.0,3.0,5.0,8.0,1.0,0.0,0.0,3.0,6.0,12.0,-13.0
22200056,1610612753,ORL,Orlando,203082,Terrence Ross,Terrence,G,,31:54,3.0,10.0,0.3,1.0,3.0,0.333,0.0,0.0,0.0,1.0,1.0,2.0,2.0,2.0,0.0,0.0,3.0,7.0,-17.0
22200056,1610612753,ORL,Orlando,1630175,Cole Anthony,Cole,G,,32:03,2.0,10.0,0.2,1.0,5.0,0.2,4.0,4.0,1.0,0.0,6.0,6.0,5.0,0.0,1.0,3.0,5.0,9.0,-18.0
22200056,1610612753,ORL,Orlando,1630284,Kevon Harris,Kevon,,,22:14,0.0,3.0,0.0,0.0,1.0,0.0,0.0,0.0,0.0,0.0,3.0,3.0,0.0,1.0,0.0,2.0,3.0,0.0,-4.0
22200056,1610612753,ORL,Orlando,1629626,Bol Bol,Bol,,,21:47,4.0,7.0,0.571,1.0,2.0,0.5,0.0,2.0,0.0,3.0,7.0,10.0,1.0,0.0,2.0,0.0,2.0,9.0,-2.0
22200056,1610612753,ORL,Orlando,1631216,Caleb Houstan,Caleb,,,15:05,1.0,1.0,1.0,0.0,0.0,0.0,0.0,0.0,0.0,0.0,0.0,0.0,0.0,1.0,0.0,0.0,4.0,2.0,2.0
22200056,1610612753,ORL,Orlando,1628964,Mo Bamba,Mo,,,7:01,1.0,1.0,1.0,0.0,0.0,0.0,0.0,0.0,0.0,0.0,1.0,1.0,0.0,0.0,0.0,0.0,1.0,2.0,-2.0
22200056,1610612753,ORL,Orlando,1629643,Chuma Okeke,Chuma,,,5:28,0.0,1.0,0.0,0.0,1.0,0.0,0.0,0.0,0.0,0.0,0.0,0.0,1.0,0.0,0.0,0.0,0.0,0.0,4.0
22200056,1610612753,ORL,Orlando,1630181,R.J. Hampton,R.J.,,DNP - Coach's Decision,,,,,,,,,,,,,,,,,,,,
22200056,1610612753,ORL,Orlando,1629678,Admiral Schofield,Admiral,,DNP - Coach's Decision,,,,,,,,,,,,,,,,,,,,
22200056,1610612739,CLE,Cleveland,1629731,Dean Wade,Dean,F,,29:44,4.0,7.0,0.571,4.0,7.0,0.571,0.0,0.0,0.0,0.0,3.0,3.0,0.0,1.0,0.0,0.0,2.0,12.0,9.0
22200056,1610612739,CLE,Cleveland,1630596,Evan Mobley,Evan,F,,34:26,9.0,15.0,0.6,0.0,0.0,0.0,2.0,4.0,0.5,0.0,3.0,3.0,3.0,1.0,1.0,3.0,4.0,20.0,3.0
22200056,1610612739,CLE,Cleveland,1628386,Jarrett Allen,Jarrett,C,,29:39,7.0,11.0,0.636,0.0,0.0,0.0,4.0,5.0,0.8,7.0,9.0,16.0,1.0,1.0,1.0,1.0,5.0,18.0,14.0
22200056,1610612739,CLE,Cleveland,1627747,Caris LeVert,Caris,G,,33:26,3.0,12.0,0.25,3.0,7.0,0.429,3.0,6.0,0.5,0.0,2.0,2.0,6.0,1.0,0.0,5.0,3.0,12.0,20.0
22200056,1610612739,CLE,Cleveland,1628378,Donovan Mitchell,Donovan,G,,37:11,5.0,19.0,0.263,1.0,7.0,0.143,3.0,4.0,0.75,2.0,2.0,4.0,8.0,2.0,0.0,1.0,3.0,14.0,9.0
22200056,1610612739,CLE,Cleveland,1626224,Cedi Osman,Cedi,,,31:13,5.0,12.0,0.417,1.0,5.0,0.2,3.0,5.0,0.6,2.0,5.0,7.0,3.0,0.0,1.0,1.0,2.0,14.0,5.0
22200056,1610612739,CLE,Cleveland,201567,Kevin Love,Kevin,,,18:59,1.0,7.0,0.143,0.0,5.0,0.0,2.0,2.0,1.0,0.0,7.0,7.0,4.0,0.0,0.0,1.0,1.0,4.0,2.0
22200056,1610612739,CLE,Cleveland,203526,Raul Neto,Raul,,,13:54,1.0,2.0,0.5,1.0,1.0,1.0,4.0,4.0,1.0,0.0,0.0,0.0,0.0,0.0,0.0,0.0,1.0,7.0,3.0
22200056,1610612739,CLE,Cleveland,1630171,Isaac Okoro,Isaac,,,11:29,1.0,2.0,0.5,0.0,1.0,0.0,0.0,0.0,0.0,1.0,0.0,1.0,0.0,0.0,0.0,0.0,1.0,2.0,-10.0
22200056,1610612739,CLE,Cleveland,1629603,Mamadi Diakite,Mamadi,,DNP - Coach's Decision,,,,,,,,,,,,,,,,,,,,
22200056,1610612739,CLE,Cleveland,201577,Robin Lopez,Robin,,DNP - Coach's Decision,,,,,,,,,,,,,,,,,,,,
22200056,1610612739,CLE,Cleveland,1630205,Lamar Stevens,Lamar,,DNP - Coach's Decision,,,,,,,,,,,,,,,,,,,,
22200060,1610612751,BKN,Brooklyn,201142,Kevin Durant,Kevin,F,,38:51,10.0,23.0,0.435,1.0,4.0,0.25,12.0,13.0,0.923,0.0,6.0,6.0,3.0,0.0,2.0,5.0,3.0,33.0,-17.0
22200060,1610612751,BKN,Brooklyn,1626220,Royce O'Neale,Royce,F,,37:03,4.0,13.0,0.308,4.0,9.0,0.444,0.0,0.0,0.0,0.0,0.0,0.0,0.0,2.0,0.0,2.0,4.0,12.0,-2.0
22200060,1610612751,BKN,Brooklyn,1629651,Nic Claxton,Nic,C,,23:26,1.0,4.0,0.25,0.0,0.0,0.0,1.0,2.0,0.5,4.0,4.0,8.0,1.0,0.0,2.0,1.0,3.0,3.0,-10.0
22200060,1610612751,BKN,Brooklyn,202681,Kyrie Irving,Kyrie,G,,38:59,9.0,21.0,0.429,0.0,7.0,0.0,9.0,10.0,0.9,0.0,9.0,9.0,1.0,1.0,0.0,1.0,4.0,27.0,-9.0
22200060,1610612751,BKN,Brooklyn,1627732,Ben Simmons,Ben,G,,34:28,2.0,7.0,0.286,0.0,0.0,0.0,0.0,2.0,0.0,1.0,4.0,5.0,9.0,2.0,1.0,2.0,4.0,4.0,2.0
22200060,1610612751,BKN,Brooklyn,201988,Patty Mills,Patty,,,17:43,0.0,2.0,0.0,0.0,2.0,0.0,0.0,0.0,0.0,0.0,1.0,1.0,3.0,0.0,0.0,1.0,0.0,0.0,-7.0
22200060,1610612751,BKN,Brooklyn,203925,Joe Harris,Joe,,,20:35,1.0,5.0,0.2,1.0,3.0,0.333,0.0,0.0,0.0,1.0,3.0,4.0,2.0,0.0,0.0,0.0,2.0,3.0,-12.0
22200060,1610612751,BKN,Brooklyn,1630549,Day'Ron Sharpe,Day'Ron,,,13:10,1.0,3.0,0.333,0.0,0.0,0.0,1.0,2.0,0.5,1.0,2.0,3.0,3.0,1.0,1.0,2.0,4.0,3.0,-6.0
22200060,1610612751,BKN,Brooklyn,1628410,Edmond Sumner,Edmond,,,6:12,4.0,6.0,0.667,0.0,1.0,0.0,1.0,1.0,1.0,0.0,0.0,0.0,1.0,1.0,0.0,0.0,0.0,9.0,-8.0
22200060,1610612751,BKN,Brooklyn,1629139,Yuta Watanabe,Yuta,,,7:37,2.0,2.0,1.0,1.0,1.0,1.0,0.0,0.0,0.0,0.0,1.0,1.0,0.0,0.0,0.0,0.0,0.0,5.0,12.0
22200060,1610612751,BKN,Brooklyn,1630556,Kessler Edwards,Kessler,,,0:59,0.0,0.0,0.0,0.0,0.0,0.0,0.0,0.0,0.0,0.0,0.0,0.0,0.0,0.0,0.0,0.0,0.0,0.0,1.0
22200060,1610612751,BKN,Brooklyn,1630560,Cam Thomas,Cam,,,0:59,0.0,0.0,0.0,0.0,0.0,0.0,0.0,0.0,0.0,0.0,0.0,0.0,0.0,0.0,0.0,0.0,0.0,0.0,1.0
22200060,1610612749,MIL,Milwaukee,1628960,Grayson Allen,Grayson,F,,28:10,1.0,8.0,0.125,1.0,6.0,0.167,2.0,2.0,1.0,0.0,5.0,5.0,4.0,0.0,0.0,1.0,0.0,5.0,17.0
22200060,1610612749,MIL,Milwaukee,203507,Giannis Antetokounmpo,Giannis,F,,37:52,16.0,25.0,0.64,1.0,4.0,0.25,10.0,14.0,0.714,2.0,12.0,14.0,5.0,1.0,3.0,7.0,4.0,43.0,5.0
22200060,1610612749,MIL,Milwaukee,201572,Brook Lopez,Brook,C,,27:51,3.0,10.0,0.3,1.0,5.0,0.2,0.0,0.0,0.0,3.0,3.0,6.0,1.0,0.0,6.0,2.0,2.0,7.0,21.0
22200060,1610612749,MIL,Milwaukee,1628975,Jevon Carter,Jevon,G,,15:43,1.0,1.0,1.0,0.0,0.0,0.0,0.0,0.0,0.0,1.0,1.0,2.0,1.0,2.0,0.0,1.0,4.0,2.0,-9.0
22200060,1610612749,MIL,Milwaukee,201950,Jrue Holiday,Jrue,G,,35:56,5.0,18.0,0.278,1.0,6.0,0.167,4.0,5.0,0.8,3.0,4.0,7.0,4.0,2.0,1.0,5.0,4.0,15.0,10.0
22200060,1610612749,MIL,Milwaukee,1626171,Bobby Portis,Bobby,,,26:09,8.0,14.0,0.571,3.0,6.0,0.5,1.0,2.0,0.5,3.0,8.0,11.0,0.0,2.0,2.0,0.0,0.0,20.0,-4.0
22200060,1610612749,MIL,Milwaukee,202083,Wesley Matthews,Wesley,,,21:53,2.0,7.0,0.286,2.0,7.0,0.286,1.0,2.0,0.5,0.0,0.0,0.0,1.0,0.0,0.0,1.0,5.0,7.0,-3.0
22200060,1610612749,MIL,Milwaukee,201588,George Hill,George,,,29:48,2.0,3.0,0.667,0.0,1.0,0.0,4.0,4.0,1.0,1.0,2.0,3.0,4.0,1.0,0.0,1.0,3.0,8.0,12.0
22200060,1610612749,MIL,Milwaukee,1629670,Jordan Nwora,Jordan,,,16:39,1.0,2.0,0.5,1.0,1.0,1.0,0.0,0.0,0.0,1.0,5.0,6.0,1.0,0.0,0.0,0.0,0.0,3.0,6.0
22200060,1610612749,MIL,Milwaukee,203648,Thanasis Antetokounmpo,Thanasis,,DNP - Coach's Decision,,,,,,,,,,,,,,,,,,,,
22200060,1610612749,MIL,Milwaukee,1630699,MarJon Beauchamp,MarJon,,DNP - Coach's Decision,,,,,,,,,,,,,,,,,,,,
22200060,1610612749,MIL,Milwaukee,201586,Serge Ibaka,Serge,,DNP - Coach's Decision,,,,,,,,,,,,,,,,,,,,
22200060,1610612749,MIL,Milwaukee,1630572,Sandro Mamukelashvili,Sandro,,DNP - Coach's Decision,,,,,,,,,,,,,,,,,,,,
22200057,1610612737,ATL,Atlanta,1629631,De'Andre Hunter,De'Andre,F,,27:04,7.0,10.0,0.7,2.0,3.0,0.667,1.0,3.0,0.333,0.0,3.0,3.0,1.0,0.0,0.0,2.0,6.0,17.0,3.0
22200057,1610612737,ATL,Atlanta,1628381,John Collins,John,F,,35:54,9.0,14.0,0.643,0.0,1.0,0.0,1.0,1.0,1.0,1.0,10.0,11.0,0.0,1.0,4.0,4.0,4.0,19.0,5.0
22200057,1610612737,ATL,Atlanta,203991,Clint Capela,Clint,C,,26:25,3.0,8.0,0.375,0.0,0.0,0.0,0.0,0.0,0.0,5.0,5.0,10.0,2.0,1.0,4.0,1.0,0.0,6.0,22.0
22200057,1610612737,ATL,Atlanta,1627749,Dejounte Murray,Dejounte,G,,39:19,5.0,18.0,0.278,2.0,6.0,0.333,2.0,4.0,0.5,2.0,6.0,8.0,8.0,2.0,2.0,2.0,2.0,14.0,4.0
22200057,1610612737,ATL,Atlanta,1629027,Trae Young,Trae,G,,37:44,9.0,21.0,0.429,1.0,7.0,0.143,16.0,17.0,0.941,0.0,3.0,3.0,6.0,1.0,0.0,1.0,2.0,35.0,10.0
22200057,1610612737,ATL,Atlanta,203200,Justin Holiday,Justin,,,22:22,1.0,3.0,0.333,0.0,1.0,0.0,0.0,0.0,0.0,0.0,3.0,3.0,3.0,0.0,0.0,1.0,1.0,2.0,-3.0
22200057,1610612737,ATL,Atlanta,1630168,Onyeka Okongwu,Onyeka,,,21:18,5.0,5.0,1.0,0.0,0.0,0.0,0.0,0.0,0.0,0.0,3.0,3.0,0.0,1.0,1.0,0.0,2.0,10.0,-19.0
22200057,1610612737,ATL,Atlanta,1630552,Jalen Johnson,Jalen,,,12:06,2.0,4.0,0.5,1.0,2.0,0.5,0.0,0.0,0.0,0.0,3.0,3.0,0.0,0.0,0.0,0.0,2.0,5.0,0.0
22200057,1610612737,ATL,Atlanta,1628988,Aaron Holiday,Aaron,,,17:48,4.0,8.0,0.5,2.0,2.0,1.0,0.0,0.0,0.0,2.0,0.0,2.0,2.0,0.0,1.0,1.0,1.0,10.0,3.0
22200057,1610612737,ATL,Atlanta,1629633,Jarrett Culver,Jarrett,,DNP - Coach's Decision,,,,,,,,,,,,,,,,,,,,
22200057,1610612737,ATL,Atlanta,1631100,AJ Griffin,AJ,,DNP - Coach's Decision,,,,,,,,,,,,,,,,,,,,
22200057,1610612737,ATL,Atlanta,1626163,Frank Kaminsky,Frank,,DNP - Coach's Decision,,,,,,,,,,,,,,,,,,,,
22200057,1610612737,ATL,Atlanta,1630249,Vít Krejčí,Vít,,DNP - Coach's Decision,,,,,,,,,,,,,,,,,,,,
22200057,1610612737,ATL,Atlanta,1631213,Tyrese Martin,Tyrese,,DNP - Coach's Decision,,,,,,,,,,,,,,,,,,,,
22200057,1610612765,DET,Detroit,202711,Bojan Bogdanović,Bojan,F,,33:41,12.0,21.0,0.571,6.0,12.0,0.5,3.0,4.0,0.75,0.0,2.0,2.0,3.0,0.0,0.0,2.0,5.0,33.0,-3.0
22200057,1610612765,DET,Detroit,1630180,Saddiq Bey,Saddiq,F,,29:55,6.0,11.0,0.545,2.0,4.0,0.5,3.0,6.0,0.5,1.0,3.0,4.0,0.0,0.0,0.0,2.0,0.0,17.0,-11.0
22200057,1610612765,DET,Detroit,1630191,Isaiah Stewart,Isaiah,C,,27:05,2.0,6.0,0.333,0.0,4.0,0.0,3.0,4.0,0.75,3.0,6.0,9.0,0.0,0.0,1.0,0.0,0.0,7.0,-3.0
22200057,1610612765,DET,Detroit,1630595,Cade Cunningham,Cade,G,,36:32,11.0,25.0,0.44,1.0,3.0,0.333,3.0,4.0,0.75,0.0,8.0,8.0,6.0,1.0,2.0,7.0,2.0,26.0,-8.0
22200057,1610612765,DET,Detroit,202709,Cory Joseph,Cory,G,,31:38,0.0,3.0,0.0,0.0,1.0,0.0,2.0,2.0,1.0,0.0,3.0,3.0,6.0,0.0,0.0,0.0,4.0,2.0,2.0
22200057,1610612765,DET,Detroit,1630165,Killian Hayes,Killian,,,15:42,2.0,6.0,0.333,1.0,2.0,0.5,0.0,0.0,0.0,1.0,0.0,1.0,4.0,1.0,1.0,0.0,4.0,5.0,-8.0
22200057,1610612765,DET,Detroit,1631105,Jalen Duren,Jalen,,,20:55,3.0,4.0,0.75,0.0,0.0,0.0,1.0,2.0,0.5,3.0,6.0,9.0,0.0,0.0,1.0,1.0,2.0,7.0,-2.0
22200057,1610612765,DET,Detroit,1630587,Isaiah Livers,Isaiah,,,23:44,4.0,7.0,0.571,4.0,6.0,0.667,0.0,0.0,0.0,1.0,1.0,2.0,3.0,1.0,1.0,0.0,4.0,12.0,-1.0
22200057,1610612765,DET,Detroit,1628977,Hamidou Diallo,Hamidou,,,15:22,2.0,8.0,0.25,0.0,0.0,0.0,0.0,0.0,0.0,1.0,0.0,1.0,1.0,1.0,0.0,1.0,2.0,4.0,6.0
22200057,1610612765,DET,Detroit,1628995,Kevin Knox II,Kevin,,,5:26,0.0,0.0,0.0,0.0,0.0,0.0,0.0,0.0,0.0,0.0,1.0,1.0,0.0,0.0,0.0,0.0,2.0,0.0,3.0
22200057,1610612765,DET,Detroit,203585,Rodney McGruder,Rodney,,DNP - Coach's Decision,,,,,,,,,,,,,,,,,,,,
22200057,1610612765,DET,Detroit,203457,Nerlens Noel,Nerlens,,DNP - Coach's Decision,,,,,,,,,,,,,,,,,,,,
22200061,1610612754,IND,Indiana,1630174,Aaron Nesmith,Aaron,F,,17:31,4.0,6.0,0.667,1.0,3.0,0.333,0.0,0.0,0.0,0.0,3.0,3.0,2.0,0.0,1.0,2.0,4.0,9.0,-10.0
22200061,1610612754,IND,Indiana,1630188,Jalen Smith,Jalen,F,,29:09,6.0,10.0,0.6,3.0,5.0,0.6,0.0,0.0,0.0,2.0,7.0,9.0,2.0,0.0,2.0,2.0,2.0,15.0,5.0
22200061,1610612754,IND,Indiana,1626167,Myles Turner,Myles,C,,24:18,1.0,7.0,0.143,0.0,4.0,0.0,3.0,3.0,1.0,2.0,4.0,6.0,2.0,1.0,4.0,2.0,2.0,5.0,-8.0
22200061,1610612754,IND,Indiana,1627741,Buddy Hield,Buddy,G,,32:05,8.0,16.0,0.5,7.0,12.0,0.583,2.0,3.0,0.667,1.0,2.0,3.0,4.0,0.0,0.0,2.0,0.0,25.0,-3.0
22200061,1610612754,IND,Indiana,1630169,Tyrese Haliburton,Tyrese,G,,38:12,6.0,15.0,0.4,2.0,6.0,0.333,3.0,4.0,0.75,0.0,4.0,4.0,11.0,1.0,1.0,6.0,0.0,17.0,-2.0
22200061,1610612754,IND,Indiana,1630543,Isaiah Jackson,Isaiah,,,19:44,4.0,4.0,1.0,0.0,0.0,0.0,0.0,2.0,0.0,0.0,7.0,7.0,1.0,0.0,1.0,0.0,3.0,8.0,-4.0
22200061,1610612754,IND,Indiana,1631097,Bennedict Mathurin,Bennedict,,,26:32,3.0,11.0,0.273,0.0,3.0,0.0,9.0,10.0,0.9,1.0,1.0,2.0,4.0,2.0,0.0,2.0,2.0,15.0,-18.0
22200061,1610612754,IND,Indiana,1630537,Chris Duarte,Chris,,,25:46,4.0,11.0,0.364,2.0,6.0,0.333,2.0,2.0,1.0,0.0,3.0,3.0,1.0,0.0,1.0,0.0,3.0,12.0,-2.0
22200061,1610612754,IND,Indiana,1629614,Andrew Nembhard,Andrew,,,8:40,1.0,1.0,1.0,1.0,1.0,1.0,0.0,0.0,0.0,0.0,1.0,1.0,2.0,1.0,0.0,0.0,1.0,3.0,-5.0
22200061,1610612754,IND,Indiana,204456,T.J. McConnell,T.J.,,,11:38,0.0,5.0,0.0,0.0,0.0,0.0,0.0,0.0,0.0,0.0,0.0,0.0,2.0,0.0,1.0,0.0,0.0,0.0,-14.0
22200061,1610612754,IND,Indiana,1630678,Terry Taylor,Terry,,,6:25,0.0,0.0,0.0,0.0,0.0,0.0,0.0,0.0,0.0,0.0,0.0,0.0,0.0,0.0,1.0,0.0,1.0,0.0,-14.0
22200061,1610612754,IND,Indiana,1629048,Goga Bitadze,Goga,,DNP - Coach's Decision,,,,,,,,,,,,,,,,,,,,
22200061,1610612754,IND,Indiana,1629052,Oshae Brissett,Oshae,,DNP - Coach's Decision,,,,,,,,,,,,,,,,,,,,
22200061,1610612754,IND,Indiana,201949,James Johnson,James,,DNP - Coach's Decision,,,,,,,,,,,,,,,,,,,,
22200061,1610612741,CHI,Chicago,201942,DeMar DeRozan,DeMar,F,,32:16,6.0,14.0,0.429,0.0,1.0,0.0,5.0,5.0,1.0,0.0,1.0,1.0,6.0,0.0,0.0,3.0,5.0,17.0,-3.0
22200061,1610612741,CHI,Chicago,1630172,Patrick Williams,Patrick,F,,14:56,4.0,5.0,0.8,2.0,2.0,1.0,0.0,0.0,0.0,0.0,0.0,0.0,2.0,2.0,0.0,2.0,0.0,10.0,-3.0
22200061,1610612741,CHI,Chicago,202696,Nikola Vučević,Nikola,C,,31:15,5.0,10.0,0.5,1.0,3.0,0.333,3.0,3.0,1.0,1.0,6.0,7.0,4.0,0.0,0.0,2.0,4.0,14.0,-1.0
22200061,1610612741,CHI,Chicago,203897,Zach LaVine,Zach,G,,34:37,6.0,13.0,0.462,6.0,8.0,0.75,10.0,12.0,0.833,0.0,6.0,6.0,5.0,1.0,0.0,5.0,1.0,28.0,12.0
22200061,1610612741,CHI,Chicago,1630245,Ayo Dosunmu,Ayo,G,,30:48,4.0,9.0,0.444,0.0,2.0,0.0,4.0,4.0,1.0,1.0,3.0,4.0,7.0,2.0,1.0,1.0,2.0,12.0,-1.0
22200061,1610612741,CHI,Chicago,1629632,Coby White,Coby,,,11:56,2.0,6.0,0.333,2.0,6.0,0.333,0.0,0.0,0.0,0.0,3.0,3.0,0.0,1.0,0.0,0.0,1.0,6.0,3.0
22200061,1610612741,CHI,Chicago,1629750,Javonte Green,Javonte,,,16:48,4.0,6.0,0.667,0.0,1.0,0.0,0.0,0.0,0.0,2.0,2.0,4.0,1.0,1.0,0.0,0.0,2.0,8.0,0.0
22200061,1610612741,CHI,Chicago,1627936,Alex Caruso,Alex,,,23:16,3.0,4.0,0.75,2.0,3.0,0.667,0.0,0.0,0.0,0.0,2.0,2.0,3.0,3.0,2.0,1.0,3.0,8.0,18.0
22200061,1610612741,CHI,Chicago,203083,Andre Drummond,Andre,,,16:45,4.0,8.0,0.5,0.0,0.0,0.0,0.0,0.0,0.0,4.0,9.0,13.0,1.0,0.0,1.0,0.0,4.0,8.0,16.0
22200061,1610612741,CHI,Chicago,201609,Goran Dragic,Goran,,,15:46,5.0,9.0,0.556,3.0,3.0,1.0,0.0,0.0,0.0,0.0,2.0,2.0,5.0,0.0,0.0,2.0,1.0,13.0,19.0
22200061,1610612741,CHI,Chicago,1627884,Derrick Jones Jr.,Derrick,,,9:58,0.0,3.0,0.0,0.0,1.0,0.0,0.0,0.0,0.0,1.0,1.0,2.0,0.0,0.0,0.0,0.0,1.0,0.0,16.0
22200061,1610612741,CHI,Chicago,1631207,Dalen Terry,Dalen,,,0:60,0.0,0.0,0.0,0.0,0.0,0.0,0.0,0.0,0.0,0.0,0.0,0.0,0.0,0.0,1.0,1.0,1.0,0.0,1.0
22200061,1610612741,CHI,Chicago,1630792,Malcolm Hill,Malcolm,,,0:39,0.0,0.0,0.0,0.0,0.0,0.0,0.0,0.0,0.0,0.0,0.0,0.0,0.0,0.0,0.0,0.0,0.0,0.0,-2.0
22200061,1610612741,CHI,Chicago,1628396,Tony Bradley,Tony,,DNP - Coach's Decision,,,,,,,,,,,,,,,,,,,,
22200061,1610612741,CHI,Chicago,1630250,Marko Simonovic,Marko,,DNP - Coach's Decision,,,,,,,,,,,,,,,,,,,,
22200053,1610612742,DAL,Dallas,203493,Reggie Bullock Jr.,Reggie,F,,35:03,1.0,8.0,0.125,1.0,6.0,0.167,0.0,0.0,0.0,1.0,4.0,5.0,2.0,2.0,0.0,0.0,4.0,3.0,-2.0
22200053,1610612742,DAL,Dallas,1627827,Dorian Finney-Smith,Dorian,F,,34:43,2.0,5.0,0.4,0.0,2.0,0.0,0.0,0.0,0.0,2.0,2.0,4.0,2.0,0.0,1.0,1.0,2.0,4.0,-4.0
22200053,1610612742,DAL,Dallas,201580,JaVale McGee,JaVale,C,,12:16,3.0,5.0,0.6,0.0,0.0,0.0,2.0,4.0,0.5,1.0,1.0,2.0,0.0,1.0,1.0,0.0,1.0,8.0,0.0
22200053,1610612742,DAL,Dallas,203915,Spencer Dinwiddie,Spencer,G,,37:59,8.0,15.0,0.533,4.0,8.0,0.5,4.0,5.0,0.8,0.0,2.0,2.0,5.0,0.0,0.0,2.0,2.0,24.0,-15.0
22200053,1610612742,DAL,Dallas,1629029,Luka Dončić,Luka,G,,36:20,16.0,30.0,0.533,2.0,13.0,0.154,3.0,5.0,0.6,3.0,8.0,11.0,7.0,2.0,1.0,3.0,3.0,37.0,6.0
22200053,1610612742,DAL,Dallas,1626174,Christian Wood,Christian,,,29:28,8.0,10.0,0.8,3.0,3.0,1.0,4.0,6.0,0.667,2.0,4.0,6.0,0.0,1.0,0.0,3.0,1.0,23.0,8.0
22200053,1610612742,DAL,Dallas,1628467,Maxi Kleber,Maxi,,,27:37,1.0,3.0,0.333,1.0,3.0,0.333,4.0,4.0,1.0,2.0,3.0,5.0,0.0,0.0,2.0,2.0,2.0,7.0,-7.0
22200053,1610612742,DAL,Dallas,1630182,Josh Green,Josh,,,13:37,1.0,2.0,0.5,0.0,1.0,0.0,0.0,0.0,0.0,0.0,2.0,2.0,0.0,0.0,0.0,0.0,1.0,2.0,4.0
22200053,1610612742,DAL,Dallas,1630267,Facundo Campazzo,Facundo,,,12:57,1.0,4.0,0.25,1.0,3.0,0.333,0.0,0.0,0.0,0.0,0.0,0.0,2.0,2.0,0.0,0.0,0.0,3.0,0.0
22200053,1610612742,DAL,Dallas,1628416,Tyler Dorsey,Tyler,,DNP - Coach's Decision,,,,,,,,,,,,,,,,,,,,
22200053,1610612742,DAL,Dallas,1630702,Jaden Hardy,Jaden,,DNP - Coach's Decision,,,,,,,,,,,,,,,,,,,,
22200053,1610612742,DAL,Dallas,1629033,Theo Pinson,Theo,,DNP - Coach's Decision,,,,,,,,,,,,,,,,,,,,
22200053,1610612742,DAL,Dallas,203939,Dwight Powell,Dwight,,DNP - Coach's Decision,,,,,,,,,,,,,,,,,,,,
22200053,1610612742,DAL,Dallas,1630593,McKinley Wright IV,McKinley,,DNP - Coach's Decision,,,,,,,,,,,,,,,,,,,,
22200053,1610612740,NOP,New Orleans,1630230,Naji Marshall,Naji,F,,33:23,6.0,9.0,0.667,0.0,2.0,0.0,3.0,4.0,0.75,2.0,1.0,3.0,1.0,0.0,0.0,3.0,3.0,15.0,14.0
22200053,1610612740,NOP,New Orleans,1630530,Trey Murphy III,Trey,F,,36:29,8.0,8.0,1.0,4.0,4.0,1.0,2.0,2.0,1.0,1.0,4.0,5.0,1.0,1.0,0.0,2.0,3.0,22.0,1.0
22200053,1610612740,NOP,New Orleans,202685,Jonas Valančiūnas,Jonas,C,,22:18,5.0,9.0,0.556,0.0,2.0,0.0,3.0,3.0,1.0,0.0,7.0,7.0,2.0,0.0,1.0,1.0,3.0,13.0,2.0
22200053,1610612740,NOP,New Orleans,203468,CJ McCollum,CJ,G,,35:31,6.0,20.0,0.3,1.0,5.0,0.2,1.0,1.0,1.0,0.0,0.0,0.0,11.0,1.0,1.0,3.0,1.0,14.0,10.0
22200053,1610612740,NOP,New Orleans,1630631,Jose Alvarado,Jose,G,,25:59,6.0,8.0,0.75,1.0,3.0,0.333,0.0,0.0,0.0,0.0,3.0,3.0,3.0,2.0,0.0,2.0,1.0,13.0,12.0
22200053,1610612740,NOP,New Orleans,1626204,Larry Nance Jr.,Larry,,,23:47,5.0,6.0,0.833,1.0,1.0,1.0,0.0,0.0,0.0,0.0,2.0,2.0,1.0,0.0,0.0,1.0,4.0,11.0,-2.0
22200053,1610612740,NOP,New Orleans,1628984,Devonte' Graham,Devonte',,,27:01,4.0,10.0,0.4,4.0,8.0,0.5,2.0,4.0,0.5,0.0,1.0,1.0,3.0,0.0,0.0,0.0,2.0,14.0,-1.0
22200053,1610612740,NOP,New Orleans,1630700,Dyson Daniels,Dyson,,,22:07,4.0,5.0,0.8,1.0,1.0,1.0,2.0,2.0,1.0,1.0,2.0,3.0,2.0,3.0,1.0,1.0,3.0,11.0,-18.0
22200053,1610612740,NOP,New Orleans,1629637,Jaxson Hayes,Jaxson,,,13:25,0.0,1.0,0.0,0.0,1.0,0.0,0.0,2.0,0.0,0.0,2.0,2.0,1.0,0.0,0.0,1.0,1.0,0.0,-8.0
22200053,1610612740,NOP,New Orleans,1626195,Willy Hernangomez,Willy,,DNP - Coach's Decision,,,,,,,,,,,,,,,,,,,,
22200053,1610612740,NOP,New Orleans,1631220,Dereon Seabron,Dereon,,DNP - Coach's Decision,,,,,,,,,,,,,,,,,,,,
22200053,1610612740,NOP,New Orleans,202066,Garrett Temple,Garrett,,DNP - Coach's Decision,,,,,,,,,,,,,,,,,,,,
22200054,1610612746,LAC,LA,1629611,Terance Mann,Terance,F,,25:45,3.0,5.0,0.6,1.0,1.0,1.0,2.0,4.0,0.5,1.0,8.0,9.0,0.0,1.0,1.0,4.0,1.0,9.0,-14.0
22200054,1610612746,LAC,LA,201587,Nicolas Batum,Nicolas,F,,18:04,2.0,4.0,0.5,2.0,3.0,0.667,2.0,2.0,1.0,1.0,3.0,4.0,1.0,0.0,1.0,0.0,2.0,8.0,-19.0
22200054,1610612746,LAC,LA,1627826,Ivica Zubac,Ivica,C,,34:42,5.0,9.0,0.556,0.0,1.0,0.0,0.0,0.0,0.0,4.0,10.0,14.0,2.0,0.0,7.0,1.0,2.0,10.0,-17.0
22200054,1610612746,LAC,LA,1626181,Norman Powell,Norman,G,,30:24,3.0,10.0,0.3,0.0,5.0,0.0,1.0,2.0,0.5,0.0,2.0,2.0,2.0,0.0,0.0,4.0,2.0,7.0,-20.0
22200054,1610612746,LAC,LA,202704,Reggie Jackson,Reggie,G,,30:00,4.0,17.0,0.235,1.0,6.0,0.167,0.0,0.0,0.0,0.0,3.0,3.0,6.0,0.0,0.0,3.0,2.0,9.0,-19.0
22200054,1610612746,LAC,LA,202322,John Wall,John,,,19:30,4.0,9.0,0.444,1.0,3.0,0.333,3.0,4.0,0.75,1.0,2.0,3.0,4.0,2.0,0.0,4.0,2.0,12.0,2.0
22200054,1610612746,LAC,LA,203496,Robert Covington,Robert,,,20:53,4.0,6.0,0.667,2.0,4.0,0.5,0.0,0.0,0.0,0.0,4.0,4.0,2.0,1.0,3.0,1.0,4.0,10.0,-2.0
22200054,1610612746,LAC,LA,1628379,Luke Kennard,Luke,,,28:58,6.0,13.0,0.462,3.0,7.0,0.429,0.0,0.0,0.0,0.0,4.0,4.0,2.0,1.0,0.0,1.0,1.0,15.0,2.0
22200054,1610612746,LAC,LA,1629599,Amir Coffey,Amir,,,26:26,1.0,5.0,0.2,0.0,1.0,0.0,6.0,6.0,1.0,0.0,2.0,2.0,2.0,0.0,1.0,0.0,2.0,8.0,13.0
22200054,1610612746,LAC,LA,1630527,Brandon Boston,Brandon,,,2:39,3.0,4.0,0.75,0.0,0.0,0.0,0.0,0.0,0.0,0.0,0.0,0.0,0.0,0.0,0.0,0.0,0.0,6.0,2.0
22200054,1610612746,LAC,LA,1629650,Moses Brown,Moses,,,2:39,0.0,1.0,0.0,0.0,0.0,0.0,0.0,0.0,0.0,0.0,2.0,2.0,0.0,0.0,1.0,0.0,0.0,0.0,2.0
22200054,1610612760,OKC,Oklahoma City,1629652,Luguentz Dort,Luguentz,F,,25:55,1.0,11.0,0.091,0.0,6.0,0.0,2.0,2.0,1.0,0.0,2.0,2.0,0.0,0.0,0.0,0.0,2.0,4.0,25.0
22200054,1610612760,OKC,Oklahoma City,1630598,Aaron Wiggins,Aaron,F,,28:21,5.0,14.0,0.357,0.0,1.0,0.0,1.0,1.0,1.0,3.0,7.0,10.0,0.0,3.0,1.0,1.0,2.0,11.0,18.0
22200054,1610612760,OKC,Oklahoma City,1630526,Jeremiah Robinson-Earl,Jeremiah,C,,22:46,0.0,7.0,0.0,0.0,3.0,0.0,2.0,2.0,1.0,3.0,6.0,9.0,0.0,3.0,1.0,0.0,1.0,2.0,8.0
22200054,1610612760,OKC,Oklahoma City,1630544,Tre Mann,Tre,G,,36:21,10.0,24.0,0.417,2.0,8.0,0.25,3.0,3.0,1.0,2.0,2.0,4.0,4.0,2.0,0.0,1.0,0.0,25.0,14.0
22200054,1610612760,OKC,Oklahoma City,1628983,Shai Gilgeous-Alexander,Shai,G,,36:44,11.0,22.0,0.5,2.0,2.0,1.0,9.0,9.0,1.0,1.0,4.0,5.0,8.0,3.0,3.0,2.0,0.0,33.0,23.0
22200054,1610612760,OKC,Oklahoma City,1629647,Darius Bazley,Darius,,,19:30,3.0,8.0,0.375,0.0,2.0,0.0,1.0,2.0,0.5,3.0,5.0,8.0,0.0,0.0,1.0,1.0,2.0,7.0,-1.0
22200054,1610612760,OKC,Oklahoma City,1630197,Aleksej Pokusevski,Aleksej,,,16:37,2.0,7.0,0.286,0.0,3.0,0.0,2.0,6.0,0.333,0.0,4.0,4.0,2.0,1.0,0.0,0.0,2.0,6.0,-7.0
22200054,1610612760,OKC,Oklahoma City,1631172,Ousmane Dieng,Ousmane,,,10:19,1.0,4.0,0.25,0.0,3.0,0.0,0.0,0.0,0.0,0.0,1.0,1.0,1.0,0.0,0.0,0.0,0.0,2.0,-9.0
22200054,1610612760,OKC,Oklahoma City,1629026,Kenrich Williams,Kenrich,,,25:25,5.0,8.0,0.625,0.0,2.0,0.0,0.0,0.0,0.0,4.0,3.0,7.0,2.0,0.0,1.0,0.0,2.0,10.0,-9.0
22200054,1610612760,OKC,Oklahoma City,203488,Mike Muscala,Mike,,,17:59,4.0,5.0,0.8,0.0,0.0,0.0,0.0,0.0,0.0,5.0,5.0,10.0,2.0,0.0,1.0,0.0,2.0,8.0,8.0
22200054,1610612760,OKC,Oklahoma City,1630198,Isaiah Joe,Isaiah,,,0:03,0.0,0.0,0.0,0.0,0.0,0.0,0.0,0.0,0.0,0.0,0.0,0.0,0.0,0.0,0.0,0.0,0.0,0.0,0.0
22200054,1610612760,OKC,Oklahoma City,1631119,Jaylin Williams,Jaylin,,DNP - Coach's Decision,,,,,,,,,,,,,,,,,,,,
22200052,1610612765,DET,Detroit,202711,Bojan Bogdanović,Bojan,F,,29:18,8.0,13.0,0.615,4.0,7.0,0.571,5.0,5.0,1.0,1.0,2.0,3.0,1.0,0.0,0.0,2.0,2.0,25.0,-11.0
22200052,1610612765,DET,Detroit,1630180,Saddiq Bey,Saddiq,F,,27:03,2.0,5.0,0.4,1.0,3.0,0.333,1.0,1.0,1.0,2.0,0.0,2.0,1.0,0.0,1.0,1.0,2.0,6.0,-24.0
22200052,1610612765,DET,Detroit,1630191,Isaiah Stewart,Isaiah,C,,27:15,5.0,11.0,0.455,1.0,4.0,0.25,2.0,2.0,1.0,1.0,9.0,10.0,1.0,0.0,0.0,0.0,2.0,13.0,-13.0
22200052,1610612765,DET,Detroit,1630595,Cade Cunningham,Cade,G,,32:01,7.0,19.0,0.368,0.0,2.0,0.0,5.0,6.0,0.833,0.0,3.0,3.0,3.0,1.0,0.0,3.0,3.0,19.0,-18.0
22200052,1610612765,DET,Detroit,1631093,Jaden Ivey,Jaden,G,,28:50,4.0,10.0,0.4,1.0,3.0,0.333,2.0,4.0,0.5,0.0,2.0,2.0,4.0,2.0,0.0,0.0,5.0,11.0,-18.0
22200052,1610612765,DET,Detroit,1630165,Killian Hayes,Killian,,,16:57,0.0,6.0,0.0,0.0,1.0,0.0,0.0,0.0,0.0,0.0,2.0,2.0,0.0,0.0,0.0,4.0,1.0,0.0,-3.0
22200052,1610612765,DET,Detroit,1631105,Jalen Duren,Jalen,,,23:03,3.0,6.0,0.5,0.0,0.0,0.0,0.0,1.0,0.0,4.0,4.0,8.0,0.0,0.0,0.0,0.0,2.0,6.0,-9.0
22200052,1610612765,DET,Detroit,1630587,Isaiah Livers,Isaiah,,,20:28,1.0,6.0,0.167,0.0,5.0,0.0,3.0,3.0,1.0,1.0,2.0,3.0,1.0,0.0,0.0,1.0,3.0,5.0,-4.0
22200052,1610612765,DET,Detroit,202709,Cory Joseph,Cory,,,14:20,2.0,5.0,0.4,1.0,2.0,0.5,0.0,0.0,0.0,0.0,1.0,1.0,1.0,2.0,0.0,2.0,0.0,5.0,0.0
22200052,1610612765,DET,Detroit,1628977,Hamidou Diallo,Hamidou,,,17:26,3.0,5.0,0.6,0.0,0.0,0.0,1.0,3.0,0.333,2.0,5.0,7.0,0.0,0.0,0.0,0.0,3.0,7.0,0.0
22200052,1610612765,DET,Detroit,1628995,Kevin Knox II,Kevin,,,3:19,1.0,2.0,0.5,0.0,1.0,0.0,0.0,0.0,0.0,0.0,0.0,0.0,0.0,1.0,0.0,0.0,3.0,2.0,-5.0
22200052,1610612765,DET,Detroit,203585,Rodney McGruder,Rodney,,DNP - Coach's Decision,,,,,,,,,,,,,,,,,,,,
22200052,1610612765,DET,Detroit,203457,Nerlens Noel,Nerlens,,DNP - Coach's Decision,,,,,,,,,,,,,,,,,,,,
22200052,1610612764,WAS,Washington,1630166,Deni Avdija,Deni,F,,26:50,3.0,6.0,0.5,1.0,3.0,0.333,2.0,2.0,1.0,0.0,7.0,7.0,2.0,1.0,2.0,0.0,3.0,9.0,12.0
22200052,1610612764,WAS,Washington,1628398,Kyle Kuzma,Kyle,F,,27:24,9.0,17.0,0.529,0.0,5.0,0.0,7.0,8.0,0.875,0.0,6.0,6.0,1.0,0.0,1.0,3.0,4.0,25.0,23.0
22200052,1610612764,WAS,Washington,204001,Kristaps Porziņģis,Kristaps,C,,25:18,8.0,13.0,0.615,2.0,4.0,0.5,2.0,2.0,1.0,4.0,3.0,7.0,2.0,0.0,0.0,3.0,5.0,20.0,1.0
22200052,1610612764,WAS,Washington,203078,Bradley Beal,Bradley,G,,21:49,4.0,9.0,0.444,1.0,4.0,0.25,4.0,4.0,1.0,1.0,3.0,4.0,6.0,0.0,0.0,2.0,2.0,13.0,5.0
22200052,1610612764,WAS,Washington,1628420,Monté Morris,Monté,G,,29:38,3.0,8.0,0.375,1.0,4.0,0.25,2.0,4.0,0.5,1.0,5.0,6.0,6.0,0.0,0.0,0.0,3.0,9.0,19.0
22200052,1610612764,WAS,Washington,1629060,Rui Hachimura,Rui,,,26:48,4.0,8.0,0.5,0.0,1.0,0.0,2.0,2.0,1.0,0.0,4.0,4.0,1.0,0.0,0.0,1.0,0.0,10.0,-5.0
22200052,1610612764,WAS,Washington,1626153,Delon Wright,Delon,,,16:04,2.0,4.0,0.5,1.0,3.0,0.333,0.0,0.0,0.0,1.0,1.0,2.0,3.0,4.0,1.0,0.0,0.0,5.0,2.0
22200052,1610612764,WAS,Washington,203115,Will Barton,Will,,,29:10,6.0,9.0,0.667,4.0,6.0,0.667,0.0,0.0,0.0,0.0,2.0,2.0,4.0,2.0,1.0,1.0,2.0,16.0,18.0
22200052,1610612764,WAS,Washington,1629655,Daniel Gafford,Daniel,,,19:48,4.0,6.0,0.667,0.0,0.0,0.0,1.0,2.0,0.5,1.0,4.0,5.0,1.0,0.0,2.0,0.0,2.0,9.0,19.0
22200052,1610612764,WAS,Washington,1630264,Anthony Gill,Anthony,,,6:31,0.0,1.0,0.0,0.0,1.0,0.0,2.0,2.0,1.0,0.0,0.0,0.0,0.0,0.0,0.0,0.0,0.0,2.0,7.0
22200052,1610612764,WAS,Washington,1631098,Johnny Davis,Johnny,,,2:54,0.0,2.0,0.0,0.0,1.0,0.0,0.0,0.0,0.0,0.0,1.0,1.0,0.0,0.0,0.0,0.0,0.0,0.0,1.0
22200052,1610612764,WAS,Washington,201959,Taj Gibson,Taj,,,2:54,0.0,1.0,0.0,0.0,1.0,0.0,0.0,0.0,0.0,0.0,0.0,0.0,0.0,0.0,0.0,0.0,0.0,0.0,1.0
22200052,1610612764,WAS,Washington,1630225,Isaiah Todd,Isaiah,,,2:34,0.0,0.0,0.0,0.0,0.0,0.0,0.0,0.0,0.0,0.0,0.0,0.0,0.0,0.0,0.0,0.0,0.0,0.0,2.0
22200052,1610612764,WAS,Washington,1630692,Jordan Goodwin,Jordan,,,2:18,1.0,1.0,1.0,0.0,0.0,0.0,0.0,0.0,0.0,1.0,2.0,3.0,0.0,0.0,0.0,1.0,0.0,2.0,0.0
22200052,1610612764,WAS,Washington,1630176,Vernon Carey Jr.,Vernon,,DNP - Coach's Decision,,,,,,,,,,,,,,,,,,,,
22200055,1610612744,GSW,Golden State,203952,Andrew Wiggins,Andrew,F,,31:19,7.0,17.0,0.412,2.0,7.0,0.286,0.0,0.0,0.0,2.0,4.0,6.0,3.0,1.0,1.0,0.0,4.0,16.0,-25.0
22200055,1610612744,GSW,Golden State,203110,Draymond Green,Draymond,F,,29:11,7.0,10.0,0.7,0.0,1.0,0.0,0.0,0.0,0.0,2.0,6.0,8.0,5.0,3.0,0.0,5.0,4.0,14.0,-17.0
22200055,1610612744,GSW,Golden State,1626172,Kevon Looney,Kevon,C,,17:08,3.0,3.0,1.0,0.0,0.0,0.0,0.0,0.0,0.0,2.0,2.0,4.0,3.0,0.0,0.0,1.0,4.0,6.0,-4.0
22200055,1610612744,GSW,Golden State,202691,Klay Thompson,Klay,G,,18:32,1.0,8.0,0.125,0.0,5.0,0.0,0.0,0.0,0.0,0.0,0.0,0.0,2.0,0.0,1.0,0.0,3.0,2.0,-12.0
22200055,1610612744,GSW,Golden State,201939,Stephen Curry,Stephen,G,,29:55,7.0,17.0,0.412,4.0,9.0,0.444,3.0,5.0,0.6,0.0,7.0,7.0,8.0,1.0,0.0,1.0,1.0,21.0,-17.0
22200055,1610612744,GSW,Golden State,1630164,James Wiseman,James,,,18:04,5.0,8.0,0.625,0.0,0.0,0.0,2.0,2.0,1.0,2.0,1.0,3.0,0.0,0.0,2.0,0.0,1.0,12.0,-19.0
22200055,1610612744,GSW,Golden State,1629673,Jordan Poole,Jordan,,,27:05,6.0,12.0,0.5,2.0,5.0,0.4,3.0,4.0,0.75,0.0,2.0,2.0,5.0,0.0,0.0,1.0,5.0,17.0,-15.0
22200055,1610612744,GSW,Golden State,1630541,Moses Moody,Moses,,,24:30,4.0,9.0,0.444,2.0,4.0,0.5,3.0,4.0,0.75,1.0,2.0,3.0,0.0,1.0,3.0,2.0,1.0,13.0,-5.0
22200055,1610612744,GSW,Golden State,203210,JaMychal Green,JaMychal,,,16:39,0.0,2.0,0.0,0.0,2.0,0.0,0.0,0.0,0.0,0.0,3.0,3.0,0.0,1.0,0.0,2.0,1.0,0.0,-10.0
22200055,1610612744,GSW,Golden State,1629660,Ty Jerome,Ty,,,12:28,0.0,1.0,0.0,0.0,1.0,0.0,0.0,0.0,0.0,0.0,1.0,1.0,2.0,0.0,0.0,0.0,2.0,0.0,-8.0
22200055,1610612744,GSW,Golden State,1630228,Jonathan Kuminga,Jonathan,,,15:09,1.0,4.0,0.25,0.0,1.0,0.0,2.0,2.0,1.0,1.0,2.0,3.0,0.0,0.0,0.0,1.0,2.0,4.0,-13.0
22200055,1610612756,PHX,Phoenix,1628969,Mikal Bridges,Mikal,F,,32:54,7.0,8.0,0.875,0.0,0.0,0.0,3.0,3.0,1.0,3.0,3.0,6.0,2.0,1.0,2.0,1.0,3.0,17.0,21.0
22200055,1610612756,PHX,Phoenix,1629661,Cameron Johnson,Cameron,F,,33:23,3.0,11.0,0.273,1.0,6.0,0.167,2.0,4.0,0.5,3.0,2.0,5.0,2.0,0.0,0.0,0.0,0.0,9.0,26.0
22200055,1610612756,PHX,Phoenix,1629028,Deandre Ayton,Deandre,C,,25:04,6.0,14.0,0.429,0.0,1.0,0.0,4.0,4.0,1.0,5.0,9.0,14.0,4.0,1.0,0.0,4.0,5.0,16.0,2.0
22200055,1610612756,PHX,Phoenix,1626164,Devin Booker,Devin,G,,35:19,10.0,19.0,0.526,3.0,8.0,0.375,11.0,14.0,0.786,1.0,1.0,2.0,7.0,3.0,0.0,3.0,3.0,34.0,32.0
22200055,1610612756,PHX,Phoenix,101108,Chris Paul,Chris,G,,35:13,5.0,10.0,0.5,4.0,5.0,0.8,2.0,2.0,1.0,0.0,7.0,7.0,9.0,1.0,0.0,2.0,4.0,16.0,21.0
22200055,1610612756,PHX,Phoenix,1628470,Torrey Craig,Torrey,,,10:29,3.0,4.0,0.75,2.0,3.0,0.667,0.0,0.0,0.0,0.0,2.0,2.0,0.0,1.0,0.0,0.0,0.0,8.0,0.0
22200055,1610612756,PHX,Phoenix,1626166,Cameron Payne,Cameron,,,13:30,3.0,6.0,0.5,0.0,0.0,0.0,2.0,2.0,1.0,0.0,4.0,4.0,5.0,0.0,0.0,1.0,1.0,8.0,8.0
22200055,1610612756,PHX,Phoenix,1629111,Jock Landale,Jock,,,22:09,6.0,12.0,0.5,1.0,4.0,0.25,4.0,5.0,0.8,2.0,5.0,7.0,0.0,0.0,2.0,1.0,1.0,17.0,27.0
22200055,1610612756,PHX,Phoenix,1629013,Landry Shamet,Landry,,,15:08,1.0,2.0,0.5,0.0,0.0,0.0,0.0,0.0,0.0,0.0,0.0,0.0,1.0,1.0,0.0,1.0,2.0,2.0,8.0
22200055,1610612756,PHX,Phoenix,1627814,Damion Lee,Damion,,,15:20,2.0,5.0,0.4,1.0,2.0,0.5,0.0,0.0,0.0,0.0,1.0,1.0,1.0,0.0,0.0,0.0,0.0,5.0,-5.0
22200055,1610612756,PHX,Phoenix,1629006,Josh Okogie,Josh,,,1:31,1.0,1.0,1.0,0.0,0.0,0.0,0.0,0.0,0.0,0.0,0.0,0.0,0.0,0.0,0.0,0.0,0.0,2.0,5.0
22200055,1610612756,PHX,Phoenix,202687,Bismack Biyombo,Bismack,,DNP - Coach's Decision,,,,,,,,,,,,,,,,,,,,
22200055,1610612756,PHX,Phoenix,203967,Dario Šarić,Dario,,DNP - Coach's Decision,,,,,,,,,,,,,,,,,,,,
22200055,1610612756,PHX,Phoenix,1630613,Duane Washington Jr.,Duane,,DNP - Coach's Decision,,,,,,,,,,,,,,,,,,,,
22200044,1610612754,IND,Indiana,1630174,Aaron Nesmith,Aaron,F,,17:20,4.0,9.0,0.444,1.0,4.0,0.25,0.0,0.0,0.0,0.0,2.0,2.0,1.0,0.0,0.0,1.0,3.0,9.0,6.0
22200044,1610612754,IND,Indiana,1630188,Jalen Smith,Jalen,F,,25:22,6.0,12.0,0.5,2.0,5.0,0.4,3.0,4.0,0.75,4.0,6.0,10.0,1.0,1.0,1.0,1.0,2.0,17.0,-5.0
22200044,1610612754,IND,Indiana,1630543,Isaiah Jackson,Isaiah,C,,17:36,1.0,2.0,0.5,0.0,0.0,0.0,3.0,6.0,0.5,0.0,1.0,1.0,0.0,1.0,0.0,0.0,5.0,5.0,0.0
22200044,1610612754,IND,Indiana,1627741,Buddy Hield,Buddy,G,,27:46,6.0,14.0,0.429,3.0,10.0,0.3,3.0,3.0,1.0,0.0,6.0,6.0,6.0,0.0,0.0,1.0,3.0,18.0,-4.0
22200044,1610612754,IND,Indiana,1630169,Tyrese Haliburton,Tyrese,G,,31:26,7.0,11.0,0.636,3.0,6.0,0.5,2.0,2.0,1.0,2.0,4.0,6.0,10.0,0.0,0.0,4.0,0.0,19.0,-8.0
22200044,1610612754,IND,Indiana,1630537,Chris Duarte,Chris,,,16:21,4.0,9.0,0.444,1.0,3.0,0.333,0.0,0.0,0.0,3.0,1.0,4.0,0.0,0.0,0.0,1.0,2.0,9.0,-7.0
22200044,1610612754,IND,Indiana,1630678,Terry Taylor,Terry,,,15:04,1.0,4.0,0.25,0.0,1.0,0.0,0.0,0.0,0.0,2.0,2.0,4.0,0.0,0.0,1.0,0.0,2.0,2.0,-11.0
22200044,1610612754,IND,Indiana,1629048,Goga Bitadze,Goga,,,20:45,0.0,2.0,0.0,0.0,1.0,0.0,3.0,4.0,0.75,0.0,3.0,3.0,1.0,0.0,2.0,0.0,3.0,3.0,-8.0
22200044,1610612754,IND,Indiana,1631097,Bennedict Mathurin,Bennedict,,,24:44,6.0,16.0,0.375,1.0,7.0,0.143,4.0,4.0,1.0,2.0,2.0,4.0,2.0,0.0,0.0,3.0,3.0,17.0,-18.0
22200044,1610612754,IND,Indiana,204456,T.J. McConnell,T.J.,,,14:58,1.0,3.0,0.333,0.0,0.0,0.0,0.0,0.0,0.0,0.0,1.0,1.0,2.0,1.0,0.0,1.0,0.0,2.0,-10.0
22200044,1610612754,IND,Indiana,1629052,Oshae Brissett,Oshae,,,6:45,0.0,2.0,0.0,0.0,2.0,0.0,0.0,0.0,0.0,1.0,2.0,3.0,0.0,0.0,0.0,1.0,0.0,0.0,-3.0
22200044,1610612754,IND,Indiana,1629614,Andrew Nembhard,Andrew,,,21:53,2.0,6.0,0.333,1.0,5.0,0.2,0.0,0.0,0.0,0.0,3.0,3.0,4.0,0.0,0.0,0.0,0.0,5.0,-2.0
22200044,1610612754,IND,Indiana,201949,James Johnson,James,,DNP - Coach's Decision,,,,,,,,,,,,,,,,,,,,
22200044,1610612754,IND,Indiana,1626167,Myles Turner,Myles,,DND - Injury/Illness,,,,,,,,,,,,,,,,,,,,
22200044,1610612755,PHI,Philadelphia,202699,Tobias Harris,Tobias,F,,28:33,7.0,14.0,0.5,4.0,10.0,0.4,0.0,0.0,0.0,2.0,6.0,8.0,2.0,1.0,1.0,0.0,3.0,18.0,14.0
22200044,1610612755,PHI,Philadelphia,200782,P.J. Tucker,P.J.,F,,20:27,1.0,1.0,1.0,1.0,1.0,1.0,0.0,0.0,0.0,1.0,2.0,3.0,1.0,0.0,0.0,0.0,2.0,3.0,-7.0
22200044,1610612755,PHI,Philadelphia,203954,Joel Embiid,Joel,C,,28:17,8.0,13.0,0.615,1.0,3.0,0.333,9.0,9.0,1.0,1.0,4.0,5.0,2.0,1.0,3.0,3.0,5.0,26.0,8.0
22200044,1610612755,PHI,Philadelphia,1630178,Tyrese Maxey,Tyrese,G,,37:47,3.0,11.0,0.273,2.0,5.0,0.4,0.0,0.0,0.0,1.0,1.0,2.0,3.0,1.0,0.0,2.0,0.0,8.0,4.0
22200044,1610612755,PHI,Philadelphia,201935,James Harden,James,G,,34:39,10.0,18.0,0.556,5.0,10.0,0.5,4.0,4.0,1.0,0.0,9.0,9.0,11.0,2.0,0.0,1.0,2.0,29.0,16.0
22200044,1610612755,PHI,Philadelphia,1626149,Montrezl Harrell,Montrezl,,,10:37,0.0,2.0,0.0,0.0,0.0,0.0,5.0,6.0,0.833,0.0,0.0,0.0,0.0,0.0,1.0,0.0,1.0,5.0,7.0
22200044,1610612755,PHI,Philadelphia,1629001,De'Anthony Melton,De'Anthony,,,17:00,3.0,6.0,0.5,2.0,4.0,0.5,3.0,3.0,1.0,0.0,5.0,5.0,1.0,1.0,0.0,0.0,1.0,11.0,11.0
22200044,1610612755,PHI,Philadelphia,1627863,Danuel House Jr.,Danuel,,,20:00,2.0,4.0,0.5,1.0,3.0,0.333,1.0,2.0,0.5,1.0,1.0,2.0,2.0,0.0,0.0,0.0,2.0,6.0,15.0
22200044,1610612755,PHI,Philadelphia,1627777,Georges Niang,Georges,,,21:29,4.0,7.0,0.571,3.0,6.0,0.5,2.0,2.0,1.0,0.0,1.0,1.0,2.0,1.0,0.0,0.0,2.0,13.0,13.0
22200044,1610612755,PHI,Philadelphia,1629003,Shake Milton,Shake,,,6:13,0.0,0.0,0.0,0.0,0.0,0.0,0.0,0.0,0.0,0.0,1.0,1.0,1.0,0.0,0.0,0.0,1.0,0.0,4.0
22200044,1610612755,PHI,Philadelphia,1630194,Paul Reed,Paul,,,8:58,0.0,2.0,0.0,0.0,0.0,0.0,0.0,0.0,0.0,0.0,1.0,1.0,0.0,1.0,1.0,1.0,1.0,0.0,-3.0
22200044,1610612755,PHI,Philadelphia,1627788,Furkan Korkmaz,Furkan,,,2:00,0.0,1.0,0.0,0.0,1.0,0.0,0.0,0.0,0.0,0.0,0.0,0.0,0.0,0.0,0.0,0.0,0.0,0.0,-4.0
22200044,1610612755,PHI,Philadelphia,1629680,Matisse Thybulle,Matisse,,,2:00,0.0,0.0,0.0,0.0,0.0,0.0,0.0,0.0,0.0,0.0,0.0,0.0,0.0,0.0,0.0,0.0,0.0,0.0,-4.0
22200044,1610612755,PHI,Philadelphia,1630531,Jaden Springer,Jaden,,,2:00,0.0,1.0,0.0,0.0,0.0,0.0,1.0,2.0,0.5,1.0,1.0,2.0,0.0,0.0,1.0,0.0,0.0,1.0,-4.0
22200047,1610612738,BOS,Boston,1627759,Jaylen Brown,Jaylen,F,,35:23,8.0,23.0,0.348,2.0,7.0,0.286,3.0,4.0,0.75,3.0,3.0,6.0,2.0,0.0,2.0,1.0,4.0,21.0,-10.0
22200047,1610612738,BOS,Boston,1628369,Jayson Tatum,Jayson,F,,35:26,8.0,18.0,0.444,4.0,8.0,0.5,6.0,6.0,1.0,0.0,8.0,8.0,5.0,0.0,0.0,1.0,2.0,26.0,-8.0
22200047,1610612738,BOS,Boston,201143,Al Horford,Al,C,,25:26,3.0,7.0,0.429,2.0,6.0,0.333,0.0,0.0,0.0,1.0,4.0,5.0,2.0,0.0,1.0,0.0,1.0,8.0,-1.0
22200047,1610612738,BOS,Boston,1628401,Derrick White,Derrick,G,,25:38,2.0,8.0,0.25,1.0,5.0,0.2,0.0,0.0,0.0,0.0,1.0,1.0,4.0,0.0,0.0,1.0,4.0,5.0,5.0
22200047,1610612738,BOS,Boston,203935,Marcus Smart,Marcus,G,,32:37,4.0,6.0,0.667,3.0,5.0,0.6,0.0,0.0,0.0,0.0,1.0,1.0,6.0,2.0,2.0,1.0,3.0,11.0,-11.0
22200047,1610612738,BOS,Boston,1627763,Malcolm Brogdon,Malcolm,,,22:10,5.0,13.0,0.385,2.0,6.0,0.333,0.0,0.0,0.0,1.0,5.0,6.0,2.0,1.0,0.0,3.0,2.0,12.0,-24.0
22200047,1610612738,BOS,Boston,203943,Noah Vonleh,Noah,,,12:08,1.0,4.0,0.25,0.0,0.0,0.0,0.0,0.0,0.0,3.0,2.0,5.0,0.0,1.0,2.0,2.0,5.0,2.0,-16.0
22200047,1610612738,BOS,Boston,1629684,Grant Williams,Grant,,,18:17,0.0,3.0,0.0,0.0,2.0,0.0,0.0,0.0,0.0,1.0,2.0,3.0,1.0,1.0,0.0,1.0,3.0,0.0,-26.0
22200047,1610612738,BOS,Boston,1630573,Sam Hauser,Sam,,,11:07,1.0,4.0,0.25,1.0,4.0,0.25,1.0,2.0,0.5,1.0,1.0,2.0,1.0,0.0,0.0,0.0,0.0,4.0,-11.0
22200047,1610612738,BOS,Boston,1628436,Luke Kornet,Luke,,,5:27,1.0,3.0,0.333,0.0,1.0,0.0,0.0,0.0,0.0,1.0,2.0,3.0,0.0,0.0,0.0,0.0,0.0,2.0,3.0
22200047,1610612738,BOS,Boston,1628382,Justin Jackson,Justin,,,5:27,2.0,3.0,0.667,2.0,2.0,1.0,0.0,0.0,0.0,0.0,0.0,0.0,0.0,0.0,0.0,0.0,0.0,6.0,3.0
22200047,1610612738,BOS,Boston,1630202,Payton Pritchard,Payton,,,5:27,1.0,4.0,0.25,1.0,2.0,0.5,0.0,0.0,0.0,0.0,1.0,1.0,2.0,0.0,0.0,0.0,0.0,3.0,3.0
22200047,1610612738,BOS,Boston,201933,Blake Griffin,Blake,,,5:27,1.0,4.0,0.25,0.0,0.0,0.0,0.0,0.0,0.0,3.0,1.0,4.0,1.0,0.0,0.0,0.0,0.0,2.0,3.0
22200047,1610612741,CHI,Chicago,201942,DeMar DeRozan,DeMar,F,,32:45,10.0,17.0,0.588,0.0,0.0,0.0,5.0,5.0,1.0,0.0,5.0,5.0,5.0,1.0,0.0,3.0,1.0,25.0,1.0
22200047,1610612741,CHI,Chicago,1630172,Patrick Williams,Patrick,F,,14:39,2.0,7.0,0.286,0.0,2.0,0.0,0.0,0.0,0.0,1.0,2.0,3.0,0.0,0.0,1.0,0.0,1.0,4.0,-9.0
22200047,1610612741,CHI,Chicago,202696,Nikola Vučević,Nikola,C,,30:37,7.0,19.0,0.368,0.0,3.0,0.0,4.0,5.0,0.8,10.0,13.0,23.0,5.0,0.0,0.0,2.0,3.0,18.0,1.0
22200047,1610612741,CHI,Chicago,203897,Zach LaVine,Zach,G,,32:19,5.0,15.0,0.333,3.0,5.0,0.6,6.0,7.0,0.857,0.0,2.0,2.0,2.0,1.0,1.0,3.0,0.0,19.0,4.0
22200047,1610612741,CHI,Chicago,1630245,Ayo Dosunmu,Ayo,G,,33:36,9.0,10.0,0.9,4.0,4.0,1.0,0.0,0.0,0.0,0.0,6.0,6.0,2.0,1.0,0.0,2.0,3.0,22.0,2.0
22200047,1610612741,CHI,Chicago,1629750,Javonte Green,Javonte,,,16:36,2.0,2.0,1.0,2.0,2.0,1.0,0.0,0.0,0.0,0.0,2.0,2.0,0.0,1.0,2.0,0.0,2.0,6.0,2.0
22200047,1610612741,CHI,Chicago,1629632,Coby White,Coby,,,9:24,0.0,1.0,0.0,0.0,1.0,0.0,0.0,0.0,0.0,0.0,0.0,0.0,4.0,0.0,0.0,0.0,1.0,0.0,5.0
22200047,1610612741,CHI,Chicago,203083,Andre Drummond,Andre,,,15:17,1.0,2.0,0.5,0.0,0.0,0.0,0.0,0.0,0.0,2.0,10.0,12.0,0.0,0.0,0.0,1.0,2.0,2.0,16.0
22200047,1610612741,CHI,Chicago,1627936,Alex Caruso,Alex,,,18:21,2.0,2.0,1.0,1.0,1.0,1.0,2.0,2.0,1.0,0.0,3.0,3.0,4.0,0.0,2.0,2.0,2.0,7.0,29.0
22200047,1610612741,CHI,Chicago,201609,Goran Dragic,Goran,,,17:12,2.0,7.0,0.286,0.0,1.0,0.0,3.0,4.0,0.75,0.0,0.0,0.0,6.0,0.0,0.0,0.0,1.0,7.0,21.0
22200047,1610612741,CHI,Chicago,1627884,Derrick Jones Jr.,Derrick,,,14:45,2.0,4.0,0.5,0.0,1.0,0.0,6.0,6.0,1.0,1.0,1.0,2.0,1.0,0.0,0.0,0.0,2.0,10.0,16.0
22200047,1610612741,CHI,Chicago,1631207,Dalen Terry,Dalen,,,2:06,0.0,1.0,0.0,0.0,1.0,0.0,0.0,0.0,0.0,0.0,0.0,0.0,0.0,0.0,0.0,0.0,0.0,0.0,1.0
22200047,1610612741,CHI,Chicago,1628396,Tony Bradley,Tony,,,2:06,0.0,0.0,0.0,0.0,0.0,0.0,0.0,0.0,0.0,0.0,1.0,1.0,0.0,0.0,0.0,0.0,0.0,0.0,1.0
22200047,1610612741,CHI,Chicago,1630792,Malcolm Hill,Malcolm,,,0:17,0.0,0.0,0.0,0.0,0.0,0.0,0.0,0.0,0.0,0.0,1.0,1.0,0.0,0.0,0.0,0.0,0.0,0.0,0.0
22200047,1610612741,CHI,Chicago,1630250,Marko Simonovic,Marko,,DNP - Coach's Decision,,,,,,,,,,,,,,,,,,,,
22200049,1610612751,BKN,Brooklyn,201142,Kevin Durant,Kevin,F,,39:01,14.0,20.0,0.7,1.0,3.0,0.333,8.0,9.0,0.889,1.0,4.0,5.0,4.0,0.0,0.0,1.0,4.0,37.0,-11.0
22200049,1610612751,BKN,Brooklyn,1626220,Royce O'Neale,Royce,F,,35:43,3.0,12.0,0.25,2.0,7.0,0.286,0.0,0.0,0.0,1.0,2.0,3.0,4.0,1.0,2.0,0.0,3.0,8.0,-9.0
22200049,1610612751,BKN,Brooklyn,1629651,Nic Claxton,Nic,C,,33:06,7.0,10.0,0.7,0.0,0.0,0.0,2.0,2.0,1.0,2.0,5.0,7.0,0.0,0.0,2.0,0.0,4.0,16.0,-2.0
22200049,1610612751,BKN,Brooklyn,202681,Kyrie Irving,Kyrie,G,,38:43,14.0,24.0,0.583,2.0,6.0,0.333,7.0,8.0,0.875,2.0,6.0,8.0,5.0,2.0,2.0,3.0,3.0,37.0,-7.0
22200049,1610612751,BKN,Brooklyn,1627732,Ben Simmons,Ben,G,,28:07,2.0,5.0,0.4,0.0,1.0,0.0,3.0,5.0,0.6,0.0,3.0,3.0,8.0,1.0,0.0,5.0,6.0,7.0,-17.0
22200049,1610612751,BKN,Brooklyn,201988,Patty Mills,Patty,,,19:14,2.0,4.0,0.5,2.0,4.0,0.5,0.0,0.0,0.0,1.0,0.0,1.0,2.0,0.0,0.0,0.0,0.0,6.0,-8.0
22200049,1610612751,BKN,Brooklyn,1630549,Day'Ron Sharpe,Day'Ron,,,14:31,2.0,2.0,1.0,0.0,0.0,0.0,1.0,2.0,0.5,0.0,3.0,3.0,1.0,0.0,0.0,1.0,5.0,5.0,-8.0
22200049,1610612751,BKN,Brooklyn,203925,Joe Harris,Joe,,,22:32,3.0,9.0,0.333,2.0,7.0,0.286,0.0,0.0,0.0,2.0,3.0,5.0,2.0,0.0,1.0,0.0,4.0,8.0,12.0
22200049,1610612751,BKN,Brooklyn,1629139,Yuta Watanabe,Yuta,,,6:06,0.0,1.0,0.0,0.0,1.0,0.0,0.0,0.0,0.0,0.0,0.0,0.0,0.0,0.0,0.0,0.0,1.0,0.0,1.0
22200049,1610612751,BKN,Brooklyn,1628410,Edmond Sumner,Edmond,,,2:57,0.0,0.0,0.0,0.0,0.0,0.0,0.0,0.0,0.0,0.0,0.0,0.0,1.0,0.0,0.0,1.0,0.0,0.0,-1.0
22200049,1610612751,BKN,Brooklyn,1630556,Kessler Edwards,Kessler,,DNP - Coach's Decision,,,,,,,,,,,,,,,,,,,,
22200049,1610612751,BKN,Brooklyn,1630560,Cam Thomas,Cam,,DNP - Coach's Decision,,,,,,,,,,,,,,,,,,,,
22200049,1610612763,MEM,Memphis,1628415,Dillon Brooks,Dillon,F,,24:10,2.0,13.0,0.154,0.0,5.0,0.0,0.0,0.0,0.0,0.0,0.0,0.0,1.0,0.0,0.0,2.0,3.0,4.0,7.0
22200049,1610612763,MEM,Memphis,1630583,Santi Aldama,Santi,F,,32:24,6.0,8.0,0.75,2.0,4.0,0.5,3.0,3.0,1.0,2.0,2.0,4.0,0.0,1.0,1.0,0.0,1.0,17.0,17.0
22200049,1610612763,MEM,Memphis,203500,Steven Adams,Steven,C,,31:16,3.0,5.0,0.6,0.0,0.0,0.0,3.0,6.0,0.5,4.0,9.0,13.0,2.0,1.0,1.0,0.0,2.0,9.0,20.0
22200049,1610612763,MEM,Memphis,1630217,Desmond Bane,Desmond,G,,32:04,14.0,21.0,0.667,8.0,11.0,0.727,2.0,3.0,0.667,0.0,1.0,1.0,7.0,1.0,1.0,1.0,5.0,38.0,17.0
22200049,1610612763,MEM,Memphis,1629630,Ja Morant,Ja,G,,34:10,12.0,22.0,0.545,4.0,6.0,0.667,10.0,11.0,0.909,2.0,6.0,8.0,7.0,2.0,0.0,2.0,1.0,38.0,20.0
22200049,1610612763,MEM,Memphis,1629723,John Konchar,John,,,26:12,2.0,3.0,0.667,2.0,3.0,0.667,1.0,2.0,0.5,1.0,3.0,4.0,0.0,2.0,0.0,0.0,1.0,7.0,-4.0
22200049,1610612763,MEM,Memphis,1626145,Tyus Jones,Tyus,,,24:17,4.0,10.0,0.4,0.0,1.0,0.0,0.0,0.0,0.0,2.0,1.0,3.0,1.0,0.0,0.0,2.0,2.0,8.0,-11.0
22200049,1610612763,MEM,Memphis,1631223,David Roddy,David,,,7:40,0.0,5.0,0.0,0.0,4.0,0.0,0.0,0.0,0.0,0.0,1.0,1.0,1.0,0.0,0.0,0.0,1.0,0.0,-2.0
22200049,1610612763,MEM,Memphis,1629634,Brandon Clarke,Brandon,,,16:44,4.0,5.0,0.8,0.0,0.0,0.0,5.0,6.0,0.833,0.0,2.0,2.0,2.0,0.0,0.0,1.0,4.0,13.0,-10.0
22200049,1610612763,MEM,Memphis,1631222,Jake LaRavia,Jake,,,11:03,0.0,2.0,0.0,0.0,0.0,0.0,0.0,0.0,0.0,1.0,1.0,2.0,0.0,0.0,0.0,0.0,2.0,0.0,-4.0
22200049,1610612763,MEM,Memphis,1631113,Kennedy Chandler,Kennedy,,DNP - Coach's Decision,,,,,,,,,,,,,,,,,,,,
22200049,1610612763,MEM,Memphis,1631254,Kenneth Lofton Jr.,Kenneth,,DNP - Coach's Decision,,,,,,,,,,,,,,,,,,,,
22200049,1610612763,MEM,Memphis,1630214,Xavier Tillman,Xavier,,DNP - Coach's Decision,,,,,,,,,,,,,,,,,,,,
22200049,1610612763,MEM,Memphis,1631246,Vince Williams Jr.,Vince,,DNP - Coach's Decision,,,,,,,,,,,,,,,,,,,,
22200048,1610612762,UTA,Utah,1628374,Lauri Markkanen,Lauri,F,,30:54,7.0,19.0,0.368,0.0,6.0,0.0,0.0,3.0,0.0,3.0,3.0,6.0,1.0,0.0,0.0,1.0,0.0,14.0,1.0
22200048,1610612762,UTA,Utah,203482,Kelly Olynyk,Kelly,F,,26:44,4.0,5.0,0.8,2.0,2.0,1.0,3.0,4.0,0.75,3.0,6.0,9.0,4.0,0.0,0.0,5.0,2.0,13.0,8.0
22200048,1610612762,UTA,Utah,1629020,Jarred Vanderbilt,Jarred,C,,32:01,6.0,10.0,0.6,0.0,1.0,0.0,1.0,2.0,0.5,4.0,7.0,11.0,2.0,1.0,1.0,2.0,4.0,13.0,-9.0
22200048,1610612762,UTA,Utah,203903,Jordan Clarkson,Jordan,G,,28:11,7.0,14.0,0.5,2.0,6.0,0.333,1.0,1.0,1.0,2.0,2.0,4.0,4.0,0.0,1.0,3.0,3.0,17.0,1.0
22200048,1610612762,UTA,Utah,201144,Mike Conley,Mike,G,,27:18,3.0,6.0,0.5,0.0,3.0,0.0,1.0,3.0,0.333,0.0,2.0,2.0,7.0,3.0,2.0,2.0,0.0,7.0,1.0
22200048,1610612762,UTA,Utah,1631117,Walker Kessler,Walker,,,8:28,0.0,1.0,0.0,0.0,0.0,0.0,0.0,0.0,0.0,0.0,1.0,1.0,0.0,1.0,1.0,2.0,4.0,0.0,0.0
22200048,1610612762,UTA,Utah,1629012,Collin Sexton,Collin,,,15:29,4.0,7.0,0.571,1.0,2.0,0.5,1.0,1.0,1.0,1.0,4.0,5.0,1.0,0.0,0.0,1.0,3.0,10.0,-5.0
22200048,1610612762,UTA,Utah,1627736,Malik Beasley,Malik,,,19:49,5.0,9.0,0.556,2.0,4.0,0.5,0.0,0.0,0.0,0.0,0.0,0.0,0.0,2.0,1.0,0.0,1.0,12.0,-7.0
22200048,1610612762,UTA,Utah,200752,Rudy Gay,Rudy,,,13:03,0.0,5.0,0.0,0.0,0.0,0.0,0.0,0.0,0.0,2.0,1.0,3.0,0.0,0.0,2.0,0.0,2.0,0.0,-7.0
22200048,1610612762,UTA,Utah,1629659,Talen Horton-Tucker,Talen,,,17:06,3.0,7.0,0.429,1.0,3.0,0.333,2.0,2.0,1.0,1.0,4.0,5.0,3.0,1.0,2.0,2.0,3.0,9.0,-7.0
22200048,1610612762,UTA,Utah,1631323,Simone Fontecchio,Simone,,,15:44,5.0,9.0,0.556,3.0,5.0,0.6,0.0,0.0,0.0,2.0,1.0,3.0,0.0,0.0,0.0,2.0,4.0,13.0,-4.0
22200048,1610612762,UTA,Utah,1629638,Nickeil Alexander-Walker,Nickeil,,,5:13,0.0,1.0,0.0,0.0,0.0,0.0,0.0,0.0,0.0,0.0,0.0,0.0,1.0,0.0,0.0,0.0,1.0,0.0,-2.0
22200048,1610612762,UTA,Utah,1630534,Ochai Agbaji,Ochai,,DNP - Coach's Decision,,,,,,,,,,,,,,,,,,,,
22200048,1610612762,UTA,Utah,1630195,Leandro Bolmaro,Leandro,,DNP - Coach's Decision,,,,,,,,,,,,,,,,,,,,
22200048,1610612745,HOU,Houston,201569,Eric Gordon,Eric,F,,31:01,5.0,11.0,0.455,1.0,4.0,0.25,2.0,2.0,1.0,0.0,2.0,2.0,2.0,1.0,0.0,2.0,0.0,13.0,8.0
22200048,1610612745,HOU,Houston,1630231,KJ Martin,KJ,F,,34:16,1.0,9.0,0.111,1.0,6.0,0.167,0.0,0.0,0.0,1.0,3.0,4.0,3.0,1.0,1.0,1.0,4.0,3.0,-4.0
22200048,1610612745,HOU,Houston,1631095,Jabari Smith Jr.,Jabari,C,,33:51,6.0,10.0,0.6,3.0,5.0,0.6,6.0,6.0,1.0,3.0,6.0,9.0,2.0,0.0,3.0,1.0,5.0,21.0,2.0
22200048,1610612745,HOU,Houston,1630224,Jalen Green,Jalen,G,,35:45,9.0,16.0,0.563,4.0,8.0,0.5,3.0,3.0,1.0,2.0,1.0,3.0,3.0,0.0,0.0,3.0,1.0,25.0,-1.0
22200048,1610612745,HOU,Houston,1629645,Kevin Porter Jr.,Kevin,G,,34:43,8.0,19.0,0.421,1.0,4.0,0.25,9.0,9.0,1.0,1.0,9.0,10.0,4.0,2.0,1.0,4.0,1.0,26.0,3.0
22200048,1610612745,HOU,Houston,1631106,Tari Eason,Tari,,,18:45,4.0,12.0,0.333,0.0,2.0,0.0,3.0,4.0,0.75,5.0,4.0,9.0,0.0,3.0,0.0,1.0,3.0,11.0,7.0
22200048,1610612745,HOU,Houston,1626246,Boban Marjanović,Boban,,,3:32,0.0,0.0,0.0,0.0,0.0,0.0,1.0,2.0,0.5,1.0,2.0,3.0,0.0,0.0,0.0,1.0,0.0,1.0,-1.0
22200048,1610612745,HOU,Houston,1630227,Daishen Nix,Daishen,,,21:35,2.0,3.0,0.667,0.0,0.0,0.0,3.0,4.0,0.75,1.0,0.0,1.0,2.0,0.0,1.0,0.0,1.0,7.0,5.0
22200048,1610612745,HOU,Houston,1629726,Garrison Mathews,Garrison,,,11:32,1.0,5.0,0.2,1.0,5.0,0.2,0.0,0.0,0.0,0.0,2.0,2.0,0.0,0.0,1.0,0.0,2.0,3.0,10.0
22200048,1610612745,HOU,Houston,1630586,Usman Garuba,Usman,,,10:37,1.0,3.0,0.333,0.0,0.0,0.0,0.0,2.0,0.0,3.0,1.0,4.0,1.0,0.0,0.0,2.0,2.0,2.0,5.0
22200048,1610612745,HOU,Houston,1630528,Josh Christopher,Josh,,,4:23,1.0,2.0,0.5,0.0,1.0,0.0,0.0,0.0,0.0,0.0,0.0,0.0,0.0,0.0,0.0,0.0,1.0,2.0,-4.0
22200048,1610612745,HOU,Houston,1631309,Trevor Hudgins,Trevor,,DNP - Coach's Decision,,,,,,,,,,,,,,,,,,,,
22200051,1610612743,DEN,Denver,1629008,Michael Porter Jr.,Michael,F,,25:31,7.0,14.0,0.5,4.0,8.0,0.5,0.0,0.0,0.0,1.0,3.0,4.0,2.0,0.0,0.0,1.0,5.0,18.0,-3.0
22200051,1610612743,DEN,Denver,203932,Aaron Gordon,Aaron,F,,27:37,12.0,16.0,0.75,0.0,2.0,0.0,2.0,2.0,1.0,2.0,4.0,6.0,1.0,0.0,0.0,1.0,4.0,26.0,-16.0
22200051,1610612743,DEN,Denver,203999,Nikola Jokić,Nikola,C,,26:58,3.0,4.0,0.75,0.0,0.0,0.0,3.0,3.0,1.0,1.0,8.0,9.0,9.0,0.0,0.0,1.0,5.0,9.0,-10.0
22200051,1610612743,DEN,Denver,203484,Kentavious Caldwell-Pope,Kentavious,G,,30:25,2.0,6.0,0.333,1.0,3.0,0.333,1.0,1.0,1.0,1.0,1.0,2.0,5.0,1.0,0.0,1.0,2.0,6.0,-15.0
22200051,1610612743,DEN,Denver,1627750,Jamal Murray,Jamal,G,,26:37,3.0,12.0,0.25,2.0,4.0,0.5,0.0,2.0,0.0,0.0,2.0,2.0,1.0,0.0,0.0,0.0,2.0,8.0,-15.0
22200051,1610612743,DEN,Denver,1628971,Bruce Brown,Bruce,,,24:25,3.0,6.0,0.5,0.0,1.0,0.0,0.0,0.0,0.0,2.0,3.0,5.0,4.0,1.0,1.0,1.0,1.0,6.0,-16.0
22200051,1610612743,DEN,Denver,1631128,Christian Braun,Christian,,,12:39,0.0,2.0,0.0,0.0,1.0,0.0,0.0,0.0,0.0,1.0,2.0,3.0,0.0,0.0,0.0,0.0,1.0,0.0,-6.0
22200051,1610612743,DEN,Denver,201145,Jeff Green,Jeff,,,19:44,3.0,8.0,0.375,0.0,1.0,0.0,1.0,2.0,0.5,1.0,1.0,2.0,1.0,1.0,0.0,0.0,2.0,7.0,-15.0
22200051,1610612743,DEN,Denver,201599,DeAndre Jordan,DeAndre,,,10:00,2.0,3.0,0.667,0.0,0.0,0.0,0.0,2.0,0.0,0.0,2.0,2.0,1.0,0.0,0.0,0.0,1.0,4.0,-3.0
22200051,1610612743,DEN,Denver,1630538,Bones Hyland,Bones,,,18:09,5.0,10.0,0.5,4.0,7.0,0.571,1.0,2.0,0.5,0.0,1.0,1.0,3.0,0.0,0.0,1.0,1.0,15.0,-18.0
22200051,1610612743,DEN,Denver,1628432,Davon Reed,Davon,,,7:34,1.0,4.0,0.25,1.0,3.0,0.333,0.0,0.0,0.0,0.0,0.0,0.0,0.0,0.0,0.0,1.0,1.0,3.0,-3.0
22200051,1610612743,DEN,Denver,1630192,Zeke Nnaji,Zeke,,,4:07,2.0,3.0,0.667,0.0,1.0,0.0,0.0,0.0,0.0,0.0,0.0,0.0,0.0,1.0,0.0,0.0,3.0,4.0,-3.0
22200051,1610612743,DEN,Denver,202397,Ish Smith,Ish,,,3:34,0.0,0.0,0.0,0.0,0.0,0.0,0.0,0.0,0.0,0.0,0.0,0.0,1.0,0.0,0.0,1.0,0.0,0.0,-3.0
22200051,1610612743,DEN,Denver,1631212,Peyton Watson,Peyton,,,2:40,2.0,3.0,0.667,0.0,0.0,0.0,0.0,0.0,0.0,1.0,1.0,2.0,0.0,0.0,0.0,0.0,0.0,4.0,1.0
22200051,1610612743,DEN,Denver,1628427,Vlatko Čančar,Vlatko,,DNP - Coach's Decision,,,,,,,,,,,,,,,,,,,,
22200051,1610612757,POR,Portland,1628404,Josh Hart,Josh,F,,34:30,3.0,7.0,0.429,0.0,2.0,0.0,0.0,1.0,0.0,4.0,7.0,11.0,1.0,0.0,0.0,1.0,1.0,6.0,20.0
22200051,1610612757,POR,Portland,203924,Jerami Grant,Jerami,F,,35:30,7.0,13.0,0.538,1.0,6.0,0.167,6.0,7.0,0.857,0.0,2.0,2.0,1.0,0.0,1.0,1.0,1.0,21.0,19.0
22200051,1610612757,POR,Portland,203994,Jusuf Nurkić,Jusuf,C,,35:27,4.0,12.0,0.333,0.0,1.0,0.0,5.0,7.0,0.714,2.0,10.0,12.0,6.0,0.0,1.0,0.0,5.0,13.0,26.0
22200051,1610612757,POR,Portland,1629014,Anfernee Simons,Anfernee,G,,35:35,11.0,17.0,0.647,7.0,12.0,0.583,0.0,0.0,0.0,0.0,3.0,3.0,5.0,1.0,1.0,1.0,0.0,29.0,14.0
22200051,1610612757,POR,Portland,203081,Damian Lillard,Damian,G,,34:41,10.0,16.0,0.625,4.0,7.0,0.571,7.0,8.0,0.875,1.0,5.0,6.0,8.0,1.0,0.0,1.0,2.0,31.0,24.0
22200051,1610612757,POR,Portland,1631101,Shaedon Sharpe,Shaedon,,,16:07,4.0,6.0,0.667,1.0,2.0,0.5,2.0,2.0,1.0,1.0,0.0,1.0,0.0,0.0,0.0,1.0,2.0,11.0,7.0
22200051,1610612757,POR,Portland,1629642,Nassir Little,Nassir,,,18:14,4.0,6.0,0.667,2.0,3.0,0.667,1.0,3.0,0.333,0.0,4.0,4.0,0.0,0.0,0.0,0.0,0.0,11.0,7.0
22200051,1610612757,POR,Portland,1629234,Drew Eubanks,Drew,,,12:03,1.0,1.0,1.0,0.0,0.0,0.0,2.0,2.0,1.0,1.0,1.0,2.0,0.0,1.0,1.0,0.0,3.0,4.0,-2.0
22200051,1610612757,POR,Portland,1630553,Keon Johnson,Keon,,,9:39,1.0,2.0,0.5,1.0,2.0,0.5,0.0,0.0,0.0,0.0,2.0,2.0,1.0,0.0,2.0,3.0,1.0,3.0,4.0
22200051,1610612757,POR,Portland,1631133,Jabari Walker,Jabari,,,4:07,1.0,1.0,1.0,0.0,0.0,0.0,0.0,0.0,0.0,0.0,2.0,2.0,1.0,0.0,0.0,0.0,0.0,2.0,3.0
22200051,1610612757,POR,Portland,1630535,Greg Brown III,Greg,,,4:07,2.0,2.0,1.0,0.0,0.0,0.0,0.0,1.0,0.0,0.0,0.0,0.0,0.0,0.0,0.0,0.0,0.0,4.0,3.0
22200051,1610612757,POR,Portland,1626159,Justise Winslow,Justise,,DND - Injury/Illness,,,,,,,,,,,,,,,,,,,,
22200050,1610612759,SAS,San Antonio,1629640,Keldon Johnson,Keldon,F,,33:47,8.0,20.0,0.4,1.0,6.0,0.167,1.0,4.0,0.25,0.0,3.0,3.0,4.0,2.0,0.0,1.0,0.0,18.0,5.0
22200050,1610612759,SAS,San Antonio,1631110,Jeremy Sochan,Jeremy,F,,23:23,7.0,9.0,0.778,0.0,2.0,0.0,0.0,0.0,0.0,2.0,2.0,4.0,1.0,1.0,0.0,1.0,5.0,14.0,13.0
22200050,1610612759,SAS,San Antonio,1627751,Jakob Poeltl,Jakob,C,,30:30,7.0,12.0,0.583,0.0,0.0,0.0,0.0,0.0,0.0,8.0,6.0,14.0,4.0,1.0,0.0,2.0,1.0,14.0,0.0
22200050,1610612759,SAS,San Antonio,1630170,Devin Vassell,Devin,G,,33:14,8.0,22.0,0.364,5.0,10.0,0.5,2.0,2.0,1.0,0.0,9.0,9.0,7.0,1.0,0.0,1.0,2.0,23.0,16.0
22200050,1610612759,SAS,San Antonio,1630200,Tre Jones,Tre,G,,29:44,3.0,10.0,0.3,1.0,4.0,0.25,1.0,1.0,1.0,0.0,7.0,7.0,8.0,3.0,0.0,1.0,3.0,8.0,10.0
22200050,1610612759,SAS,San Antonio,1630563,Joshua Primo,Joshua,,,24:36,3.0,5.0,0.6,2.0,4.0,0.5,2.0,3.0,0.667,2.0,1.0,3.0,2.0,0.0,0.0,4.0,2.0,10.0,-4.0
22200050,1610612759,SAS,San Antonio,1629676,Isaiah Roby,Isaiah,,,12:48,2.0,6.0,0.333,2.0,4.0,0.5,0.0,2.0,0.0,1.0,1.0,2.0,4.0,2.0,0.0,1.0,2.0,6.0,7.0
22200050,1610612759,SAS,San Antonio,1626196,Josh Richardson,Josh,,,16:54,4.0,7.0,0.571,1.0,2.0,0.5,0.0,0.0,0.0,0.0,3.0,3.0,1.0,1.0,0.0,0.0,1.0,9.0,3.0
22200050,1610612759,SAS,San Antonio,1628380,Zach Collins,Zach,,,17:03,5.0,9.0,0.556,0.0,2.0,0.0,1.0,1.0,1.0,1.0,3.0,4.0,5.0,0.0,0.0,1.0,4.0,11.0,11.0
22200050,1610612759,SAS,San Antonio,203926,Doug McDermott,Doug,,,17:07,1.0,5.0,0.2,0.0,3.0,0.0,0.0,0.0,0.0,0.0,1.0,1.0,1.0,0.0,0.0,1.0,1.0,2.0,-12.0
22200050,1610612759,SAS,San Antonio,1628966,Keita Bates-Diop,Keita,,,0:27,0.0,0.0,0.0,0.0,0.0,0.0,0.0,0.0,0.0,0.0,0.0,0.0,0.0,0.0,0.0,0.0,0.0,0.0,-2.0
22200050,1610612759,SAS,San Antonio,1629641,Romeo Langford,Romeo,,,0:27,0.0,0.0,0.0,0.0,0.0,0.0,0.0,0.0,0.0,0.0,0.0,0.0,0.0,0.0,0.0,0.0,0.0,0.0,-2.0
22200050,1610612759,SAS,San Antonio,203476,Gorgui Dieng,Gorgui,,DNP - Coach's Decision,,,,,,,,,,,,,,,,,,,,
22200050,1610612750,MIN,Minnesota,1630183,Jaden McDaniels,Jaden,F,,23:59,1.0,4.0,0.25,0.0,1.0,0.0,2.0,2.0,1.0,2.0,1.0,3.0,1.0,0.0,0.0,1.0,3.0,4.0,-9.0
22200050,1610612750,MIN,Minnesota,1626157,Karl-Anthony Towns,Karl-Anthony,F,,39:19,9.0,17.0,0.529,2.0,6.0,0.333,7.0,7.0,1.0,1.0,10.0,11.0,5.0,0.0,0.0,4.0,5.0,27.0,-4.0
22200050,1610612750,MIN,Minnesota,203497,Rudy Gobert,Rudy,C,,31:29,4.0,4.0,1.0,0.0,0.0,0.0,3.0,4.0,0.75,1.0,6.0,7.0,1.0,0.0,3.0,2.0,2.0,11.0,-9.0
22200050,1610612750,MIN,Minnesota,1630162,Anthony Edwards,Anthony,G,,35:22,3.0,15.0,0.2,1.0,8.0,0.125,2.0,3.0,0.667,0.0,10.0,10.0,2.0,0.0,0.0,3.0,1.0,9.0,-14.0
22200050,1610612750,MIN,Minnesota,1626156,D'Angelo Russell,D'Angelo,G,,31:23,8.0,16.0,0.5,3.0,6.0,0.5,6.0,6.0,1.0,2.0,3.0,5.0,7.0,2.0,1.0,3.0,2.0,25.0,-12.0
22200050,1610612750,MIN,Minnesota,1629162,Jordan McLaughlin,Jordan,,,16:37,1.0,2.0,0.5,0.0,1.0,0.0,0.0,0.0,0.0,0.0,1.0,1.0,4.0,3.0,0.0,2.0,2.0,2.0,3.0
22200050,1610612750,MIN,Minnesota,1627752,Taurean Prince,Taurean,,,8:47,1.0,1.0,1.0,1.0,1.0,1.0,0.0,0.0,0.0,0.0,0.0,0.0,0.0,0.0,0.0,1.0,1.0,3.0,-11.0
22200050,1610612750,MIN,Minnesota,1629669,Jaylen Nowell,Jaylen,,,25:46,6.0,16.0,0.375,1.0,7.0,0.143,0.0,0.0,0.0,3.0,6.0,9.0,2.0,1.0,0.0,0.0,2.0,13.0,8.0
22200050,1610612750,MIN,Minnesota,1629675,Naz Reid,Naz,,,12:43,3.0,7.0,0.429,0.0,1.0,0.0,0.0,0.0,0.0,1.0,2.0,3.0,0.0,0.0,1.0,0.0,0.0,6.0,-1.0
22200050,1610612750,MIN,Minnesota,1627854,Bryn Forbes,Bryn,,,13:28,2.0,4.0,0.5,0.0,0.0,0.0,2.0,2.0,1.0,0.0,1.0,1.0,2.0,1.0,0.0,0.0,0.0,6.0,2.0
22200050,1610612750,MIN,Minnesota,1630233,Nathan Knight,Nathan,,,1:07,0.0,0.0,0.0,0.0,0.0,0.0,0.0,0.0,0.0,0.0,0.0,0.0,0.0,0.0,0.0,0.0,0.0,0.0,2.0
22200050,1610612750,MIN,Minnesota,1631111,Wendell Moore Jr.,Wendell,,DNP - Coach's Decision,,,,,,,,,,,,,,,,,,,,
22200046,1610612753,ORL,Orlando,1631094,Paolo Banchero,Paolo,F,,33:35,6.0,13.0,0.462,0.0,3.0,0.0,9.0,11.0,0.818,0.0,4.0,4.0,2.0,2.0,0.0,1.0,3.0,21.0,-2.0
22200046,1610612753,ORL,Orlando,1630532,Franz Wagner,Franz,F,,35:58,5.0,15.0,0.333,1.0,6.0,0.167,3.0,4.0,0.75,3.0,3.0,6.0,5.0,0.0,0.0,2.0,3.0,14.0,4.0
22200046,1610612753,ORL,Orlando,1628976,Wendell Carter Jr.,Wendell,C,,33:36,5.0,10.0,0.5,2.0,5.0,0.4,5.0,6.0,0.833,4.0,7.0,11.0,1.0,1.0,0.0,1.0,3.0,17.0,-11.0
22200046,1610612753,ORL,Orlando,1630175,Cole Anthony,Cole,G,,29:27,6.0,18.0,0.333,0.0,5.0,0.0,2.0,2.0,1.0,2.0,2.0,4.0,4.0,1.0,0.0,1.0,4.0,14.0,-7.0
22200046,1610612753,ORL,Orlando,203082,Terrence Ross,Terrence,G,,32:35,3.0,7.0,0.429,2.0,5.0,0.4,0.0,0.0,0.0,0.0,3.0,3.0,0.0,1.0,0.0,1.0,1.0,8.0,-7.0
22200046,1610612753,ORL,Orlando,1628964,Mo Bamba,Mo,,,14:00,1.0,3.0,0.333,0.0,2.0,0.0,0.0,0.0,0.0,0.0,3.0,3.0,0.0,1.0,0.0,2.0,4.0,2.0,-18.0
22200046,1610612753,ORL,Orlando,1631216,Caleb Houstan,Caleb,,,21:05,2.0,4.0,0.5,1.0,2.0,0.5,2.0,2.0,1.0,0.0,3.0,3.0,0.0,0.0,0.0,1.0,0.0,7.0,-17.0
22200046,1610612753,ORL,Orlando,1629643,Chuma Okeke,Chuma,,,12:23,0.0,5.0,0.0,0.0,5.0,0.0,0.0,0.0,0.0,1.0,1.0,2.0,2.0,0.0,0.0,1.0,2.0,0.0,-4.0
22200046,1610612753,ORL,Orlando,1629626,Bol Bol,Bol,,,20:16,8.0,10.0,0.8,1.0,2.0,0.5,2.0,2.0,1.0,3.0,2.0,5.0,0.0,0.0,4.0,2.0,2.0,19.0,0.0
22200046,1610612753,ORL,Orlando,1630181,R.J. Hampton,R.J.,,,7:05,0.0,1.0,0.0,0.0,0.0,0.0,0.0,0.0,0.0,0.0,0.0,0.0,0.0,0.0,0.0,0.0,1.0,0.0,-3.0
22200046,1610612753,ORL,Orlando,1630284,Kevon Harris,Kevon,,DNP - Coach's Decision,,,,,,,,,,,,,,,,,,,,
22200046,1610612753,ORL,Orlando,1629678,Admiral Schofield,Admiral,,DNP - Coach's Decision,,,,,,,,,,,,,,,,,,,,
22200046,1610612752,NYK,New York,1629628,RJ Barrett,RJ,F,,37:48,7.0,19.0,0.368,3.0,7.0,0.429,3.0,4.0,0.75,1.0,5.0,6.0,1.0,0.0,0.0,3.0,2.0,20.0,22.0
22200046,1610612752,NYK,New York,203944,Julius Randle,Julius,F,,34:07,10.0,19.0,0.526,2.0,9.0,0.222,3.0,5.0,0.6,4.0,8.0,12.0,4.0,1.0,0.0,2.0,5.0,25.0,4.0
22200046,1610612752,NYK,New York,1629011,Mitchell Robinson,Mitchell,C,,29:41,6.0,7.0,0.857,0.0,0.0,0.0,2.0,5.0,0.4,5.0,1.0,6.0,0.0,1.0,3.0,0.0,3.0,14.0,7.0
22200046,1610612752,NYK,New York,1628973,Jalen Brunson,Jalen,G,,33:02,8.0,16.0,0.5,2.0,4.0,0.5,3.0,3.0,1.0,0.0,3.0,3.0,6.0,2.0,0.0,3.0,5.0,21.0,17.0
22200046,1610612752,NYK,New York,203095,Evan Fournier,Evan,G,,26:50,2.0,8.0,0.25,2.0,8.0,0.25,2.0,2.0,1.0,0.0,2.0,2.0,2.0,0.0,0.0,0.0,2.0,8.0,8.0
22200046,1610612752,NYK,New York,1628392,Isaiah Hartenstein,Isaiah,,,18:19,2.0,5.0,0.4,0.0,0.0,0.0,3.0,4.0,0.75,4.0,5.0,9.0,0.0,1.0,0.0,1.0,1.0,7.0,6.0
22200046,1610612752,NYK,New York,1630193,Immanuel Quickley,Immanuel,,,23:13,0.0,5.0,0.0,0.0,4.0,0.0,0.0,0.0,0.0,1.0,5.0,6.0,8.0,1.0,0.0,2.0,2.0,0.0,0.0
22200046,1610612752,NYK,New York,1629629,Cam Reddish,Cam,,,14:24,3.0,4.0,0.75,1.0,1.0,1.0,0.0,0.0,0.0,1.0,1.0,2.0,2.0,0.0,0.0,1.0,3.0,7.0,2.0
22200046,1610612752,NYK,New York,1630167,Obi Toppin,Obi,,,13:53,4.0,6.0,0.667,0.0,1.0,0.0,2.0,2.0,1.0,2.0,2.0,4.0,1.0,1.0,0.0,1.0,0.0,10.0,9.0
22200046,1610612752,NYK,New York,201565,Derrick Rose,Derrick,,,8:43,1.0,4.0,0.25,1.0,3.0,0.333,0.0,0.0,0.0,0.0,0.0,0.0,0.0,0.0,0.0,0.0,1.0,3.0,-10.0
22200046,1610612752,NYK,New York,1627853,Ryan Arcidiacono,Ryan,,DNP - Coach's Decision,,,,,,,,,,,,,,,,,,,,
22200046,1610612752,NYK,New York,1630540,Miles McBride,Miles,,DNP - Coach's Decision,,,,,,,,,,,,,,,,,,,,
22200046,1610612752,NYK,New York,1629004,Svi Mykhailiuk,Svi,,DNP - Coach's Decision,,,,,,,,,,,,,,,,,,,,
22200046,1610612752,NYK,New York,1630579,Jericho Sims,Jericho,,DNP - Coach's Decision,,,,,,,,,,,,,,,,,,,,
22200045,1610612761,TOR,Toronto,1628384,OG Anunoby,OG,F,,33:31,2.0,4.0,0.5,1.0,3.0,0.333,1.0,2.0,0.5,0.0,7.0,7.0,0.0,2.0,1.0,3.0,5.0,6.0,16.0
22200045,1610612761,TOR,Toronto,1627783,Pascal Siakam,Pascal,F,,41:47,7.0,22.0,0.318,2.0,6.0,0.333,7.0,8.0,0.875,0.0,9.0,9.0,6.0,2.0,2.0,5.0,1.0,23.0,10.0
22200045,1610612761,TOR,Toronto,1631132,Christian Koloko,Christian,C,,17:37,1.0,2.0,0.5,0.0,0.0,0.0,0.0,0.0,0.0,0.0,2.0,2.0,2.0,0.0,1.0,0.0,5.0,2.0,-10.0
22200045,1610612761,TOR,Toronto,1629018,Gary Trent Jr.,Gary,G,,42:13,7.0,19.0,0.368,4.0,12.0,0.333,0.0,0.0,0.0,1.0,0.0,1.0,2.0,1.0,0.0,1.0,1.0,18.0,5.0
22200045,1610612761,TOR,Toronto,1627832,Fred VanVleet,Fred,G,,39:13,6.0,16.0,0.375,4.0,6.0,0.667,8.0,9.0,0.889,2.0,2.0,4.0,9.0,1.0,0.0,2.0,1.0,24.0,13.0
22200045,1610612761,TOR,Toronto,1630173,Precious Achiuwa,Precious,,,33:43,5.0,12.0,0.417,0.0,1.0,0.0,0.0,1.0,0.0,4.0,18.0,22.0,2.0,0.0,1.0,0.0,2.0,10.0,10.0
22200045,1610612761,TOR,Toronto,1628449,Chris Boucher,Chris,,,11:42,4.0,5.0,0.8,2.0,2.0,1.0,0.0,0.0,0.0,1.0,1.0,2.0,0.0,0.0,1.0,1.0,5.0,10.0,1.0
22200045,1610612761,TOR,Toronto,1630625,Dalano Banton,Dalano,,,7:41,0.0,2.0,0.0,0.0,1.0,0.0,0.0,0.0,0.0,1.0,2.0,3.0,1.0,0.0,0.0,0.0,1.0,0.0,-5.0
22200045,1610612761,TOR,Toronto,203920,Khem Birch,Khem,,,6:34,1.0,2.0,0.5,0.0,0.0,0.0,0.0,0.0,0.0,1.0,1.0,2.0,0.0,0.0,0.0,0.0,1.0,2.0,4.0
22200045,1610612761,TOR,Toronto,1630201,Malachi Flynn,Malachi,,,5:59,1.0,2.0,0.5,1.0,1.0,1.0,0.0,0.0,0.0,0.0,0.0,0.0,0.0,0.0,0.0,0.0,0.0,3.0,-4.0
22200045,1610612761,TOR,Toronto,1630551,Justin Champagnie,Justin,,DNP - Coach's Decision,,,,,,,,,,,,,,,,,,,,
22200045,1610612761,TOR,Toronto,1630288,Jeff Dowtin Jr.,Jeff,,DNP - Coach's Decision,,,,,,,,,,,,,,,,,,,,
22200045,1610612761,TOR,Toronto,1631199,Ron Harper Jr.,Ron,,DNP - Coach's Decision,,,,,,,,,,,,,,,,,,,,
22200045,1610612761,TOR,Toronto,1627823,Juancho Hernangomez,Juancho,,DNP - Coach's Decision,,,,,,,,,,,,,,,,,,,,
22200045,1610612761,TOR,Toronto,201152,Thaddeus Young,Thaddeus,,DNP - Coach's Decision,,,,,,,,,,,,,,,,,,,,
22200045,1610612748,MIA,Miami,1629622,Max Strus,Max,F,,30:12,3.0,14.0,0.214,0.0,8.0,0.0,0.0,0.0,0.0,1.0,5.0,6.0,2.0,0.0,0.0,0.0,3.0,6.0,10.0
22200045,1610612748,MIA,Miami,202710,Jimmy Butler III,Jimmy,F,,33:48,8.0,15.0,0.533,2.0,3.0,0.667,8.0,9.0,0.889,2.0,6.0,8.0,4.0,0.0,0.0,1.0,1.0,26.0,-2.0
22200045,1610612748,MIA,Miami,1628389,Bam Adebayo,Bam,C,,37:41,4.0,14.0,0.286,0.0,0.0,0.0,6.0,6.0,1.0,4.0,6.0,10.0,3.0,1.0,2.0,3.0,1.0,14.0,5.0
22200045,1610612748,MIA,Miami,1629639,Tyler Herro,Tyler,G,,39:59,8.0,18.0,0.444,2.0,9.0,0.222,4.0,5.0,0.8,1.0,14.0,15.0,4.0,1.0,0.0,4.0,1.0,22.0,-12.0
22200045,1610612748,MIA,Miami,200768,Kyle Lowry,Kyle,G,,36:06,1.0,8.0,0.125,1.0,6.0,0.167,4.0,4.0,1.0,0.0,3.0,3.0,2.0,0.0,0.0,0.0,2.0,7.0,0.0
22200045,1610612748,MIA,Miami,203473,Dewayne Dedmon,Dewayne,,,10:19,0.0,1.0,0.0,0.0,0.0,0.0,0.0,0.0,0.0,0.0,1.0,1.0,0.0,0.0,0.0,0.0,1.0,0.0,-13.0
22200045,1610612748,MIA,Miami,1629130,Duncan Robinson,Duncan,,,15:34,4.0,8.0,0.5,3.0,6.0,0.5,1.0,1.0,1.0,0.0,1.0,1.0,0.0,0.0,0.0,0.0,4.0,12.0,-6.0
22200045,1610612748,MIA,Miami,1629216,Gabe Vincent,Gabe,,,25:52,1.0,3.0,0.333,0.0,1.0,0.0,1.0,2.0,0.5,0.0,1.0,1.0,4.0,1.0,1.0,2.0,1.0,3.0,-18.0
22200045,1610612748,MIA,Miami,1629312,Haywood Highsmith,Haywood,,,10:29,0.0,2.0,0.0,0.0,1.0,0.0,0.0,0.0,0.0,0.0,1.0,1.0,0.0,2.0,0.0,2.0,1.0,0.0,-4.0
22200045,1610612748,MIA,Miami,1631288,Jamal Cain,Jamal,,DNP - Coach's Decision,,,,,,,,,,,,,,,,,,,,
22200045,1610612748,MIA,Miami,2617,Udonis Haslem,Udonis,,DNP - Coach's Decision,,,,,,,,,,,,,,,,,,,,
22200045,1610612748,MIA,Miami,1631107,Nikola Jović,Nikola,,NWT - League Suspension,,,,,,,,,,,,,,,,,,,,
22200045,1610612748,MIA,Miami,1628997,Caleb Martin,Caleb,,NWT - League Suspension,,,,,,,,,,,,,,,,,,,,
22200045,1610612748,MIA,Miami,1630696,Dru Smith,Dru,,DNP - Coach's Decision,,,,,,,,,,,,,,,,,,,,
22200042,1610612758,SAC,Sacramento,203084,Harrison Barnes,Harrison,F,,21:26,1.0,1.0,1.0,0.0,0.0,0.0,2.0,4.0,0.5,0.0,2.0,2.0,0.0,1.0,0.0,2.0,1.0,4.0,-18.0
22200042,1610612758,SAC,Sacramento,1629644,KZ Okpala,KZ,F,,3:35,0.0,1.0,0.0,0.0,1.0,0.0,0.0,0.0,0.0,1.0,0.0,1.0,0.0,0.0,0.0,0.0,0.0,0.0,-10.0
22200042,1610612758,SAC,Sacramento,1627734,Domantas Sabonis,Domantas,C,,22:21,6.0,10.0,0.6,0.0,1.0,0.0,7.0,8.0,0.875,3.0,11.0,14.0,4.0,0.0,1.0,1.0,2.0,19.0,-25.0
22200042,1610612758,SAC,Sacramento,1628989,Kevin Huerter,Kevin,G,,30:56,3.0,14.0,0.214,1.0,8.0,0.125,2.0,2.0,1.0,0.0,5.0,5.0,4.0,0.0,0.0,2.0,3.0,9.0,5.0
22200042,1610612758,SAC,Sacramento,1628368,De'Aaron Fox,De'Aaron,G,,36:22,11.0,20.0,0.55,1.0,6.0,0.167,3.0,3.0,1.0,1.0,4.0,5.0,10.0,1.0,0.0,3.0,4.0,26.0,-7.0
22200042,1610612758,SAC,Sacramento,1631099,Keegan Murray,Keegan,,,38:26,6.0,14.0,0.429,4.0,10.0,0.4,0.0,0.0,0.0,1.0,3.0,4.0,0.0,1.0,0.0,2.0,2.0,16.0,2.0
22200042,1610612758,SAC,Sacramento,1628370,Malik Monk,Malik,,,28:32,6.0,15.0,0.4,4.0,10.0,0.4,0.0,0.0,0.0,3.0,4.0,7.0,8.0,3.0,0.0,1.0,0.0,16.0,2.0
22200042,1610612758,SAC,Sacramento,1626158,Richaun Holmes,Richaun,,,16:15,6.0,8.0,0.75,0.0,0.0,0.0,3.0,4.0,0.75,3.0,2.0,5.0,0.0,1.0,0.0,3.0,3.0,15.0,8.0
22200042,1610612758,SAC,Sacramento,1630558,Davion Mitchell,Davion,,,11:46,3.0,5.0,0.6,1.0,2.0,0.5,0.0,0.0,0.0,0.0,1.0,1.0,3.0,0.0,0.0,1.0,4.0,7.0,2.0
22200042,1610612758,SAC,Sacramento,1629056,Terence Davis,Terence,,,15:52,3.0,6.0,0.5,0.0,2.0,0.0,1.0,2.0,0.5,1.0,1.0,2.0,0.0,1.0,0.0,0.0,6.0,7.0,-3.0
22200042,1610612758,SAC,Sacramento,1626168,Trey Lyles,Trey,,,3:56,1.0,3.0,0.333,0.0,2.0,0.0,0.0,0.0,0.0,0.0,1.0,1.0,1.0,1.0,0.0,1.0,2.0,2.0,4.0
22200042,1610612758,SAC,Sacramento,1629002,Chimezie Metu,Chimezie,,,10:33,1.0,3.0,0.333,0.0,1.0,0.0,2.0,2.0,1.0,0.0,4.0,4.0,1.0,1.0,1.0,0.0,2.0,4.0,15.0
22200042,1610612758,SAC,Sacramento,203521,Matthew Dellavedova,Matthew,,DNP - Coach's Decision,,,,,,,,,,,,,,,,,,,,
22200042,1610612758,SAC,Sacramento,203458,Alex Len,Alex,,DNP - Coach's Decision,,,,,,,,,,,,,,,,,,,,
22200042,1610612758,SAC,Sacramento,1631320,Chima Moneke,Chima,,DNP - Coach's Decision,,,,,,,,,,,,,,,,,,,,
22200042,1610612744,GSW,Golden State,203952,Andrew Wiggins,Andrew,F,,31:30,10.0,19.0,0.526,2.0,6.0,0.333,2.0,3.0,0.667,1.0,4.0,5.0,1.0,3.0,2.0,0.0,2.0,24.0,14.0
22200042,1610612744,GSW,Golden State,203110,Draymond Green,Draymond,F,,28:21,3.0,4.0,0.75,0.0,0.0,0.0,1.0,2.0,0.5,1.0,3.0,4.0,4.0,0.0,0.0,2.0,2.0,7.0,17.0
22200042,1610612744,GSW,Golden State,1626172,Kevon Looney,Kevon,C,,24:46,3.0,4.0,0.75,0.0,0.0,0.0,0.0,2.0,0.0,2.0,6.0,8.0,6.0,0.0,1.0,0.0,3.0,6.0,18.0
22200042,1610612744,GSW,Golden State,202691,Klay Thompson,Klay,G,,27:03,3.0,10.0,0.3,2.0,7.0,0.286,0.0,0.0,0.0,0.0,4.0,4.0,3.0,0.0,0.0,1.0,1.0,8.0,15.0
22200042,1610612744,GSW,Golden State,201939,Stephen Curry,Stephen,G,,31:21,11.0,22.0,0.5,7.0,12.0,0.583,4.0,4.0,1.0,0.0,5.0,5.0,2.0,1.0,0.0,2.0,3.0,33.0,19.0
22200042,1610612744,GSW,Golden State,1629673,Jordan Poole,Jordan,,,27:03,7.0,14.0,0.5,3.0,5.0,0.6,7.0,9.0,0.778,0.0,0.0,0.0,4.0,1.0,0.0,1.0,2.0,24.0,-18.0
22200042,1610612744,GSW,Golden State,1630164,James Wiseman,James,,,19:47,5.0,7.0,0.714,0.0,0.0,0.0,4.0,6.0,0.667,0.0,6.0,6.0,3.0,0.0,0.0,2.0,3.0,14.0,-10.0
22200042,1610612744,GSW,Golden State,203210,JaMychal Green,JaMychal,,,12:57,1.0,2.0,0.5,0.0,1.0,0.0,1.0,2.0,0.5,2.0,2.0,4.0,0.0,2.0,1.0,0.0,2.0,3.0,-5.0
22200042,1610612744,GSW,Golden State,1628978,Donte DiVincenzo,Donte,,,10:42,1.0,2.0,0.5,0.0,1.0,0.0,2.0,2.0,1.0,0.0,0.0,0.0,1.0,0.0,0.0,2.0,0.0,4.0,-1.0
22200042,1610612744,GSW,Golden State,1630541,Moses Moody,Moses,,,18:09,0.0,1.0,0.0,0.0,1.0,0.0,3.0,4.0,0.75,0.0,1.0,1.0,0.0,0.0,1.0,2.0,1.0,3.0,-8.0
22200042,1610612744,GSW,Golden State,1630228,Jonathan Kuminga,Jonathan,,,7:22,1.0,2.0,0.5,0.0,0.0,0.0,2.0,2.0,1.0,0.0,0.0,0.0,0.0,0.0,0.0,1.0,2.0,4.0,-11.0
22200042,1610612744,GSW,Golden State,1631157,Ryan Rollins,Ryan,,,0:59,0.0,0.0,0.0,0.0,0.0,0.0,0.0,0.0,0.0,0.0,0.0,0.0,0.0,0.0,0.0,0.0,0.0,0.0,-5.0
22200042,1610612744,GSW,Golden State,1631116,Patrick Baldwin Jr.,Patrick,,DNP - Coach's Decision,,,,,,,,,,,,,,,,,,,,
22200040,1610612762,UTA,Utah,1628374,Lauri Markkanen,Lauri,F,,39:15,9.0,17.0,0.529,2.0,6.0,0.333,11.0,11.0,1.0,3.0,9.0,12.0,2.0,2.0,1.0,2.0,3.0,31.0,6.0
22200040,1610612762,UTA,Utah,203482,Kelly Olynyk,Kelly,F,,37:17,7.0,12.0,0.583,2.0,3.0,0.667,4.0,5.0,0.8,1.0,2.0,3.0,5.0,1.0,0.0,1.0,4.0,20.0,-5.0
22200040,1610612762,UTA,Utah,1629020,Jarred Vanderbilt,Jarred,C,,27:59,5.0,7.0,0.714,2.0,3.0,0.667,3.0,3.0,1.0,0.0,4.0,4.0,1.0,4.0,1.0,1.0,5.0,15.0,-4.0
22200040,1610612762,UTA,Utah,203903,Jordan Clarkson,Jordan,G,,36:45,7.0,19.0,0.368,3.0,10.0,0.3,1.0,2.0,0.5,0.0,1.0,1.0,6.0,0.0,1.0,3.0,0.0,18.0,7.0
22200040,1610612762,UTA,Utah,201144,Mike Conley,Mike,G,,36:18,3.0,12.0,0.25,1.0,6.0,0.167,0.0,0.0,0.0,0.0,2.0,2.0,8.0,0.0,1.0,1.0,1.0,7.0,-10.0
22200040,1610612762,UTA,Utah,1629012,Collin Sexton,Collin,,,18:51,2.0,10.0,0.2,1.0,3.0,0.333,3.0,4.0,0.75,3.0,2.0,5.0,1.0,2.0,0.0,2.0,1.0,8.0,11.0
22200040,1610612762,UTA,Utah,1631117,Walker Kessler,Walker,,,22:16,3.0,6.0,0.5,0.0,0.0,0.0,1.0,2.0,0.5,6.0,3.0,9.0,2.0,0.0,2.0,0.0,2.0,7.0,9.0
22200040,1610612762,UTA,Utah,1627736,Malik Beasley,Malik,,,20:59,2.0,5.0,0.4,0.0,2.0,0.0,0.0,1.0,0.0,0.0,1.0,1.0,2.0,1.0,0.0,2.0,1.0,4.0,5.0
22200040,1610612762,UTA,Utah,200752,Rudy Gay,Rudy,,,15:59,2.0,5.0,0.4,1.0,3.0,0.333,0.0,0.0,0.0,2.0,2.0,4.0,2.0,2.0,0.0,2.0,3.0,5.0,9.0
22200040,1610612762,UTA,Utah,1629659,Talen Horton-Tucker,Talen,,,9:11,3.0,5.0,0.6,1.0,2.0,0.5,0.0,0.0,0.0,0.0,3.0,3.0,0.0,1.0,0.0,2.0,0.0,7.0,-8.0
22200040,1610612762,UTA,Utah,1631323,Simone Fontecchio,Simone,,,0:10,0.0,0.0,0.0,0.0,0.0,0.0,0.0,0.0,0.0,0.0,0.0,0.0,0.0,0.0,0.0,0.0,0.0,0.0,0.0
22200040,1610612762,UTA,Utah,1630534,Ochai Agbaji,Ochai,,DNP - Coach's Decision,,,,,,,,,,,,,,,,,,,,
22200040,1610612762,UTA,Utah,1629638,Nickeil Alexander-Walker,Nickeil,,DNP - Coach's Decision,,,,,,,,,,,,,,,,,,,,
22200040,1610612762,UTA,Utah,1630195,Leandro Bolmaro,Leandro,,DNP - Coach's Decision,,,,,,,,,,,,,,,,,,,,
22200040,1610612740,NOP,New Orleans,1627742,Brandon Ingram,Brandon,F,,10:49,4.0,5.0,0.8,1.0,2.0,0.5,1.0,2.0,0.5,0.0,1.0,1.0,0.0,1.0,0.0,1.0,0.0,10.0,0.0
22200040,1610612740,NOP,New Orleans,1629627,Zion Williamson,Zion,F,,29:52,10.0,16.0,0.625,0.0,0.0,0.0,5.0,6.0,0.833,2.0,4.0,6.0,1.0,1.0,2.0,4.0,3.0,25.0,-7.0
22200040,1610612740,NOP,New Orleans,202685,Jonas Valančiūnas,Jonas,C,,24:27,2.0,11.0,0.182,0.0,1.0,0.0,2.0,2.0,1.0,8.0,1.0,9.0,3.0,1.0,0.0,1.0,3.0,6.0,-10.0
22200040,1610612740,NOP,New Orleans,1630529,Herbert Jones,Herbert,G,,35:27,3.0,9.0,0.333,0.0,3.0,0.0,3.0,5.0,0.6,1.0,3.0,4.0,1.0,0.0,1.0,3.0,6.0,9.0,-4.0
22200040,1610612740,NOP,New Orleans,203468,CJ McCollum,CJ,G,,40:42,12.0,25.0,0.48,2.0,8.0,0.25,2.0,2.0,1.0,0.0,4.0,4.0,12.0,1.0,0.0,2.0,2.0,28.0,6.0
22200040,1610612740,NOP,New Orleans,1626204,Larry Nance Jr.,Larry,,,28:33,5.0,10.0,0.5,0.0,2.0,0.0,0.0,0.0,0.0,2.0,5.0,7.0,6.0,0.0,0.0,0.0,0.0,10.0,6.0
22200040,1610612740,NOP,New Orleans,1630530,Trey Murphy III,Trey,,,39:43,6.0,11.0,0.545,3.0,4.0,0.75,1.0,1.0,1.0,1.0,8.0,9.0,1.0,0.0,0.0,2.0,4.0,16.0,11.0
22200040,1610612740,NOP,New Orleans,1630230,Naji Marshall,Naji,,,13:31,2.0,6.0,0.333,0.0,2.0,0.0,3.0,4.0,0.75,0.0,1.0,1.0,0.0,2.0,1.0,0.0,1.0,7.0,-7.0
22200040,1610612740,NOP,New Orleans,1630631,Jose Alvarado,Jose,,,24:10,3.0,6.0,0.5,1.0,3.0,0.333,0.0,0.0,0.0,0.0,3.0,3.0,4.0,1.0,1.0,3.0,1.0,7.0,-5.0
22200040,1610612740,NOP,New Orleans,1628984,Devonte' Graham,Devonte',,,14:55,1.0,2.0,0.5,1.0,1.0,1.0,0.0,0.0,0.0,0.0,1.0,1.0,2.0,1.0,1.0,1.0,1.0,3.0,-2.0
22200040,1610612740,NOP,New Orleans,1629637,Jaxson Hayes,Jaxson,,,2:51,0.0,1.0,0.0,0.0,1.0,0.0,0.0,0.0,0.0,0.0,0.0,0.0,0.0,0.0,0.0,0.0,1.0,0.0,-8.0
22200040,1610612740,NOP,New Orleans,1630700,Dyson Daniels,Dyson,,DNP - Coach's Decision,,,,,,,,,,,,,,,,,,,,
22200040,1610612740,NOP,New Orleans,1626195,Willy Hernangomez,Willy,,DNP - Coach's Decision,,,,,,,,,,,,,,,,,,,,
22200040,1610612740,NOP,New Orleans,1631220,Dereon Seabron,Dereon,,DNP - Coach's Decision,,,,,,,,,,,,,,,,,,,,
22200040,1610612740,NOP,New Orleans,202066,Garrett Temple,Garrett,,DNP - Coach's Decision,,,,,,,,,,,,,,,,,,,,
22200038,1610612766,CHA,Charlotte,202330,Gordon Hayward,Gordon,F,,31:18,4.0,10.0,0.4,1.0,4.0,0.25,3.0,5.0,0.6,0.0,3.0,3.0,5.0,1.0,0.0,4.0,0.0,12.0,0.0
22200038,1610612766,CHA,Charlotte,1629023,P.J. Washington,P.J.,F,,21:53,4.0,8.0,0.5,2.0,4.0,0.5,2.0,2.0,1.0,1.0,2.0,3.0,1.0,0.0,0.0,2.0,4.0,12.0,0.0
22200038,1610612766,CHA,Charlotte,203486,Mason Plumlee,Mason,C,,26:25,2.0,4.0,0.5,0.0,0.0,0.0,4.0,9.0,0.444,1.0,7.0,8.0,6.0,0.0,1.0,2.0,2.0,8.0,-7.0
22200038,1610612766,CHA,Charlotte,1626162,Kelly Oubre Jr.,Kelly,G,,32:30,9.0,20.0,0.45,3.0,6.0,0.5,3.0,3.0,1.0,2.0,8.0,10.0,0.0,1.0,0.0,1.0,4.0,24.0,12.0
22200038,1610612766,CHA,Charlotte,1628372,Dennis Smith Jr.,Dennis,G,,33:30,8.0,16.0,0.5,1.0,2.0,0.5,1.0,1.0,1.0,1.0,1.0,2.0,6.0,3.0,1.0,2.0,3.0,18.0,9.0
22200038,1610612766,CHA,Charlotte,1630547,James Bouknight,James,,,17:40,3.0,9.0,0.333,2.0,4.0,0.5,2.0,2.0,1.0,0.0,1.0,1.0,2.0,1.0,0.0,0.0,4.0,10.0,20.0
22200038,1610612766,CHA,Charlotte,1629667,Jalen McDaniels,Jalen,,,20:21,3.0,6.0,0.5,1.0,3.0,0.333,2.0,2.0,1.0,1.0,4.0,5.0,3.0,0.0,1.0,1.0,3.0,9.0,13.0
22200038,1610612766,CHA,Charlotte,1630177,Theo Maledon,Theo,,,14:30,1.0,1.0,1.0,0.0,0.0,0.0,2.0,3.0,0.667,0.0,0.0,0.0,4.0,1.0,0.0,0.0,1.0,4.0,8.0
22200038,1610612766,CHA,Charlotte,1630208,Nick Richards,Nick,,,20:09,9.0,9.0,1.0,0.0,0.0,0.0,2.0,3.0,0.667,5.0,6.0,11.0,1.0,0.0,2.0,0.0,1.0,20.0,25.0
22200038,1610612766,CHA,Charlotte,1630550,JT Thor,JT,,,16:14,2.0,4.0,0.5,1.0,3.0,0.333,0.0,0.0,0.0,1.0,5.0,6.0,0.0,0.0,1.0,1.0,2.0,5.0,12.0
22200038,1610612766,CHA,Charlotte,1631121,Bryce McGowens,Bryce,,,2:38,1.0,1.0,1.0,0.0,0.0,0.0,0.0,0.0,0.0,0.0,0.0,0.0,0.0,0.0,0.0,0.0,0.0,2.0,-5.0
22200038,1610612766,CHA,Charlotte,1631109,Mark Williams,Mark,,,1:26,1.0,2.0,0.5,0.0,0.0,0.0,0.0,0.0,0.0,2.0,1.0,3.0,0.0,0.0,0.0,0.0,0.0,2.0,-1.0
22200038,1610612766,CHA,Charlotte,1630539,Kai Jones,Kai,,,1:26,0.0,0.0,0.0,0.0,0.0,0.0,0.0,0.0,0.0,0.0,0.0,0.0,0.0,0.0,0.0,0.0,0.0,0.0,-1.0
22200038,1610612737,ATL,Atlanta,1629631,De'Andre Hunter,De'Andre,F,,31:13,4.0,11.0,0.364,1.0,5.0,0.2,1.0,2.0,0.5,2.0,3.0,5.0,4.0,1.0,0.0,1.0,3.0,10.0,-2.0
22200038,1610612737,ATL,Atlanta,1628381,John Collins,John,F,,38:29,3.0,12.0,0.25,0.0,7.0,0.0,4.0,4.0,1.0,2.0,8.0,10.0,1.0,1.0,4.0,1.0,2.0,10.0,-11.0
22200038,1610612737,ATL,Atlanta,203991,Clint Capela,Clint,C,,22:57,6.0,8.0,0.75,0.0,0.0,0.0,2.0,2.0,1.0,5.0,5.0,10.0,1.0,1.0,1.0,1.0,4.0,14.0,-19.0
22200038,1610612737,ATL,Atlanta,1627749,Dejounte Murray,Dejounte,G,,38:48,7.0,15.0,0.467,2.0,4.0,0.5,3.0,3.0,1.0,1.0,7.0,8.0,5.0,1.0,1.0,4.0,2.0,19.0,-11.0
22200038,1610612737,ATL,Atlanta,1629027,Trae Young,Trae,G,,33:16,9.0,25.0,0.36,2.0,8.0,0.25,8.0,9.0,0.889,2.0,3.0,5.0,9.0,0.0,0.0,1.0,4.0,28.0,-6.0
22200038,1610612737,ATL,Atlanta,1630168,Onyeka Okongwu,Onyeka,,,23:23,4.0,6.0,0.667,0.0,0.0,0.0,2.0,4.0,0.5,3.0,2.0,5.0,1.0,1.0,2.0,2.0,4.0,10.0,1.0
22200038,1610612737,ATL,Atlanta,1628988,Aaron Holiday,Aaron,,,13:42,0.0,4.0,0.0,0.0,2.0,0.0,2.0,2.0,1.0,0.0,0.0,0.0,0.0,1.0,0.0,1.0,1.0,2.0,-22.0
22200038,1610612737,ATL,Atlanta,1630552,Jalen Johnson,Jalen,,,9:31,1.0,2.0,0.5,0.0,1.0,0.0,1.0,2.0,0.5,1.0,1.0,2.0,0.0,0.0,0.0,1.0,0.0,3.0,-6.0
22200038,1610612737,ATL,Atlanta,203200,Justin Holiday,Justin,,,17:14,1.0,7.0,0.143,1.0,5.0,0.2,0.0,0.0,0.0,0.0,0.0,0.0,0.0,0.0,1.0,0.0,1.0,3.0,-18.0
22200038,1610612737,ATL,Atlanta,1631100,AJ Griffin,AJ,,,6:27,3.0,4.0,0.75,2.0,3.0,0.667,0.0,0.0,0.0,0.0,0.0,0.0,0.0,2.0,0.0,0.0,0.0,8.0,6.0
22200038,1610612737,ATL,Atlanta,1631213,Tyrese Martin,Tyrese,,,1:40,1.0,1.0,1.0,0.0,0.0,0.0,0.0,0.0,0.0,0.0,0.0,0.0,0.0,0.0,0.0,0.0,0.0,2.0,1.0
22200038,1610612737,ATL,Atlanta,1630249,Vít Krejčí,Vít,,,1:40,0.0,0.0,0.0,0.0,0.0,0.0,0.0,0.0,0.0,0.0,0.0,0.0,1.0,0.0,0.0,0.0,0.0,0.0,1.0
22200038,1610612737,ATL,Atlanta,1630235,Trent Forrest,Trent,,,1:40,0.0,0.0,0.0,0.0,0.0,0.0,0.0,0.0,0.0,0.0,0.0,0.0,1.0,0.0,0.0,0.0,0.0,0.0,1.0
22200038,1610612737,ATL,Atlanta,1626163,Frank Kaminsky,Frank,,DNP - Coach's Decision,,,,,,,,,,,,,,,,,,,,
22200037,1610612757,POR,Portland,1628404,Josh Hart,Josh,F,,36:26,3.0,5.0,0.6,1.0,1.0,1.0,2.0,2.0,1.0,2.0,14.0,16.0,5.0,2.0,0.0,3.0,2.0,9.0,-4.0
22200037,1610612757,POR,Portland,203924,Jerami Grant,Jerami,F,,34:42,5.0,11.0,0.455,2.0,3.0,0.667,4.0,4.0,1.0,0.0,2.0,2.0,1.0,0.0,0.0,1.0,3.0,16.0,0.0
22200037,1610612757,POR,Portland,203994,Jusuf Nurkić,Jusuf,C,,30:00,2.0,5.0,0.4,0.0,0.0,0.0,2.0,2.0,1.0,3.0,10.0,13.0,4.0,0.0,1.0,2.0,3.0,6.0,3.0
22200037,1610612757,POR,Portland,1629014,Anfernee Simons,Anfernee,G,,35:47,5.0,17.0,0.294,0.0,6.0,0.0,2.0,2.0,1.0,0.0,1.0,1.0,2.0,1.0,0.0,5.0,5.0,12.0,2.0
22200037,1610612757,POR,Portland,203081,Damian Lillard,Damian,G,,34:11,15.0,25.0,0.6,6.0,13.0,0.462,5.0,7.0,0.714,1.0,4.0,5.0,2.0,0.0,1.0,6.0,3.0,41.0,2.0
22200037,1610612757,POR,Portland,1626159,Justise Winslow,Justise,,,25:06,2.0,8.0,0.25,0.0,0.0,0.0,3.0,4.0,0.75,2.0,3.0,5.0,3.0,2.0,1.0,1.0,2.0,7.0,2.0
22200037,1610612757,POR,Portland,1629234,Drew Eubanks,Drew,,,13:29,0.0,1.0,0.0,0.0,0.0,0.0,4.0,6.0,0.667,2.0,1.0,3.0,0.0,0.0,1.0,0.0,0.0,4.0,-3.0
22200037,1610612757,POR,Portland,1631101,Shaedon Sharpe,Shaedon,,,16:16,2.0,6.0,0.333,0.0,1.0,0.0,0.0,0.0,0.0,3.0,1.0,4.0,1.0,1.0,1.0,1.0,2.0,4.0,8.0
22200037,1610612757,POR,Portland,1629642,Nassir Little,Nassir,,,14:02,3.0,6.0,0.5,1.0,3.0,0.333,0.0,0.0,0.0,0.0,3.0,3.0,1.0,0.0,0.0,0.0,0.0,7.0,0.0
22200037,1610612757,POR,Portland,1630535,Greg Brown III,Greg,,DNP - Coach's Decision,,,,,,,,,,,,,,,,,,,,
22200037,1610612757,POR,Portland,1630553,Keon Johnson,Keon,,DNP - Coach's Decision,,,,,,,,,,,,,,,,,,,,
22200037,1610612757,POR,Portland,1631133,Jabari Walker,Jabari,,DNP - Coach's Decision,,,,,,,,,,,,,,,,,,,,
22200037,1610612747,LAL,Los Angeles,1629022,Lonnie Walker IV,Lonnie,F,,32:25,7.0,13.0,0.538,1.0,5.0,0.2,0.0,1.0,0.0,2.0,2.0,4.0,1.0,1.0,1.0,2.0,3.0,15.0,5.0
22200037,1610612747,LAL,Los Angeles,2544,LeBron James,LeBron,F,,37:43,12.0,22.0,0.545,2.0,9.0,0.222,5.0,7.0,0.714,1.0,7.0,8.0,8.0,2.0,2.0,4.0,3.0,31.0,2.0
22200037,1610612747,LAL,Los Angeles,203076,Anthony Davis,Anthony,C,,36:15,9.0,17.0,0.529,0.0,3.0,0.0,4.0,4.0,1.0,5.0,5.0,10.0,3.0,2.0,6.0,1.0,5.0,22.0,3.0
22200037,1610612747,LAL,Los Angeles,201976,Patrick Beverley,Patrick,G,,29:31,1.0,3.0,0.333,1.0,3.0,0.333,4.0,4.0,1.0,1.0,3.0,4.0,5.0,1.0,0.0,2.0,3.0,7.0,7.0
22200037,1610612747,LAL,Los Angeles,201566,Russell Westbrook,Russell,G,,27:31,4.0,15.0,0.267,0.0,3.0,0.0,2.0,3.0,0.667,0.0,6.0,6.0,6.0,0.0,0.0,0.0,1.0,10.0,-4.0
22200037,1610612747,LAL,Los Angeles,1630559,Austin Reaves,Austin,,,18:58,2.0,5.0,0.4,2.0,4.0,0.5,1.0,1.0,1.0,0.0,0.0,0.0,1.0,1.0,0.0,2.0,1.0,7.0,-6.0
22200037,1610612747,LAL,Los Angeles,1628972,Troy Brown Jr.,Troy,,,22:09,2.0,7.0,0.286,0.0,2.0,0.0,0.0,0.0,0.0,0.0,4.0,4.0,1.0,1.0,0.0,0.0,2.0,4.0,0.0
22200037,1610612747,LAL,Los Angeles,1629308,Juan Toscano-Anderson,Juan,,,19:39,2.0,3.0,0.667,0.0,1.0,0.0,0.0,0.0,0.0,0.0,2.0,2.0,0.0,1.0,0.0,0.0,1.0,4.0,-5.0
22200037,1610612747,LAL,Los Angeles,1629134,Kendrick Nunn,Kendrick,,,9:42,0.0,3.0,0.0,0.0,3.0,0.0,0.0,0.0,0.0,0.0,0.0,0.0,1.0,0.0,0.0,2.0,3.0,0.0,-7.0
22200037,1610612747,LAL,Los Angeles,1627745,Damian Jones,Damian,,,6:08,2.0,4.0,0.5,0.0,0.0,0.0,0.0,0.0,0.0,1.0,1.0,2.0,0.0,0.0,0.0,0.0,2.0,4.0,-5.0
22200037,1610612747,LAL,Los Angeles,1631108,Max Christie,Max,,DNP - Coach's Decision,,,,,,,,,,,,,,,,,,,,
22200037,1610612747,LAL,Los Angeles,1629117,Wenyen Gabriel,Wenyen,,DNP - Coach's Decision,,,,,,,,,,,,,,,,,,,,
22200037,1610612747,LAL,Los Angeles,1630590,Scotty Pippen Jr.,Scotty,,DNP - Coach's Decision,,,,,,,,,,,,,,,,,,,,
22200037,1610612747,LAL,Los Angeles,1630346,Matt Ryan,Matt,,DNP - Coach's Decision,,,,,,,,,,,,,,,,,,,,
22200043,1610612756,PHX,Phoenix,1628969,Mikal Bridges,Mikal,F,,36:29,3.0,9.0,0.333,1.0,3.0,0.333,0.0,0.0,0.0,1.0,3.0,4.0,4.0,0.0,1.0,1.0,3.0,7.0,9.0
22200043,1610612756,PHX,Phoenix,1629661,Cameron Johnson,Cameron,F,,22:36,4.0,6.0,0.667,3.0,4.0,0.75,0.0,0.0,0.0,1.0,4.0,5.0,2.0,1.0,0.0,0.0,4.0,11.0,13.0
22200043,1610612756,PHX,Phoenix,1629028,Deandre Ayton,Deandre,C,,28:45,6.0,11.0,0.545,0.0,1.0,0.0,1.0,1.0,1.0,2.0,6.0,8.0,1.0,0.0,1.0,4.0,5.0,13.0,7.0
22200043,1610612756,PHX,Phoenix,1626164,Devin Booker,Devin,G,,34:49,13.0,21.0,0.619,5.0,9.0,0.556,4.0,4.0,1.0,1.0,0.0,1.0,4.0,1.0,0.0,3.0,1.0,35.0,13.0
22200043,1610612756,PHX,Phoenix,101108,Chris Paul,Chris,G,,32:37,3.0,11.0,0.273,1.0,8.0,0.125,0.0,0.0,0.0,3.0,5.0,8.0,11.0,1.0,1.0,2.0,2.0,7.0,15.0
22200043,1610612756,PHX,Phoenix,1626166,Cameron Payne,Cameron,,,14:34,4.0,11.0,0.364,1.0,3.0,0.333,1.0,2.0,0.5,0.0,1.0,1.0,2.0,1.0,0.0,2.0,0.0,10.0,0.0
22200043,1610612756,PHX,Phoenix,1628470,Torrey Craig,Torrey,,,24:49,3.0,7.0,0.429,2.0,5.0,0.4,0.0,0.0,0.0,3.0,6.0,9.0,2.0,0.0,0.0,0.0,1.0,8.0,1.0
22200043,1610612756,PHX,Phoenix,1629111,Jock Landale,Jock,,,17:19,4.0,8.0,0.5,0.0,2.0,0.0,1.0,1.0,1.0,2.0,8.0,10.0,1.0,0.0,0.0,0.0,0.0,9.0,13.0
22200043,1610612756,PHX,Phoenix,1627814,Damion Lee,Damion,,,12:13,1.0,3.0,0.333,0.0,2.0,0.0,0.0,0.0,0.0,0.0,1.0,1.0,1.0,0.0,0.0,0.0,1.0,2.0,6.0
22200043,1610612756,PHX,Phoenix,1629013,Landry Shamet,Landry,,,13:21,2.0,5.0,0.4,2.0,5.0,0.4,2.0,2.0,1.0,0.0,1.0,1.0,1.0,1.0,0.0,0.0,1.0,8.0,4.0
22200043,1610612756,PHX,Phoenix,1630613,Duane Washington Jr.,Duane,,,1:14,0.0,1.0,0.0,0.0,0.0,0.0,0.0,0.0,0.0,0.0,0.0,0.0,0.0,0.0,0.0,0.0,0.0,0.0,2.0
22200043,1610612756,PHX,Phoenix,1629006,Josh Okogie,Josh,,,1:14,0.0,0.0,0.0,0.0,0.0,0.0,2.0,2.0,1.0,0.0,1.0,1.0,0.0,0.0,0.0,0.0,0.0,2.0,2.0
22200043,1610612756,PHX,Phoenix,202687,Bismack Biyombo,Bismack,,DNP - Coach's Decision,,,,,,,,,,,,,,,,,,,,
22200043,1610612756,PHX,Phoenix,203967,Dario Šarić,Dario,,DNP - Coach's Decision,,,,,,,,,,,,,,,,,,,,
22200043,1610612746,LAC,LA,202331,Paul George,Paul,F,,33:40,4.0,11.0,0.364,2.0,6.0,0.333,6.0,6.0,1.0,0.0,7.0,7.0,4.0,2.0,0.0,2.0,2.0,16.0,-7.0
22200043,1610612746,LAC,LA,202694,Marcus Morris Sr.,Marcus,F,,31:25,10.0,14.0,0.714,2.0,5.0,0.4,0.0,0.0,0.0,1.0,4.0,5.0,1.0,1.0,0.0,1.0,1.0,22.0,-10.0
22200043,1610612746,LAC,LA,1627826,Ivica Zubac,Ivica,C,,21:20,1.0,4.0,0.25,0.0,0.0,0.0,0.0,0.0,0.0,3.0,5.0,8.0,2.0,0.0,0.0,3.0,1.0,2.0,-8.0
22200043,1610612746,LAC,LA,1626181,Norman Powell,Norman,G,,20:46,4.0,9.0,0.444,0.0,2.0,0.0,0.0,0.0,0.0,0.0,3.0,3.0,0.0,2.0,0.0,3.0,2.0,8.0,-17.0
22200043,1610612746,LAC,LA,202704,Reggie Jackson,Reggie,G,,23:45,0.0,5.0,0.0,0.0,2.0,0.0,0.0,0.0,0.0,0.0,2.0,2.0,2.0,1.0,0.0,0.0,0.0,0.0,-14.0
22200043,1610612746,LAC,LA,201587,Nicolas Batum,Nicolas,,,14:03,1.0,3.0,0.333,1.0,2.0,0.5,0.0,0.0,0.0,0.0,3.0,3.0,0.0,0.0,0.0,0.0,1.0,3.0,-4.0
22200043,1610612746,LAC,LA,202322,John Wall,John,,,21:22,7.0,12.0,0.583,2.0,4.0,0.5,1.0,5.0,0.2,0.0,0.0,0.0,4.0,1.0,0.0,0.0,1.0,17.0,-1.0
22200043,1610612746,LAC,LA,1628379,Luke Kennard,Luke,,,17:48,1.0,4.0,0.25,0.0,1.0,0.0,0.0,0.0,0.0,0.0,3.0,3.0,0.0,0.0,0.0,3.0,3.0,2.0,-4.0
22200043,1610612746,LAC,LA,203496,Robert Covington,Robert,,,14:15,1.0,5.0,0.2,1.0,4.0,0.25,0.0,0.0,0.0,1.0,3.0,4.0,0.0,0.0,0.0,0.0,2.0,3.0,-5.0
22200043,1610612746,LAC,LA,1629611,Terance Mann,Terance,,,9:22,4.0,5.0,0.8,1.0,2.0,0.5,0.0,0.0,0.0,1.0,1.0,2.0,0.0,0.0,0.0,0.0,2.0,9.0,-8.0
22200043,1610612746,LAC,LA,202695,Kawhi Leonard,Kawhi,,,20:42,2.0,6.0,0.333,0.0,2.0,0.0,7.0,7.0,1.0,3.0,3.0,6.0,2.0,2.0,0.0,2.0,2.0,11.0,1.0
22200043,1610612746,LAC,LA,1630554,Jason Preston,Jason,,,2:53,0.0,1.0,0.0,0.0,1.0,0.0,0.0,2.0,0.0,0.0,0.0,0.0,0.0,0.0,0.0,0.0,0.0,0.0,-2.0
22200043,1610612746,LAC,LA,1629599,Amir Coffey,Amir,,,2:53,0.0,1.0,0.0,0.0,0.0,0.0,0.0,0.0,0.0,0.0,0.0,0.0,1.0,1.0,0.0,0.0,0.0,0.0,-2.0
22200043,1610612746,LAC,LA,1630527,Brandon Boston,Brandon,,,2:53,0.0,1.0,0.0,0.0,1.0,0.0,0.0,0.0,0.0,0.0,0.0,0.0,0.0,0.0,0.0,0.0,0.0,0.0,-2.0
22200043,1610612746,LAC,LA,1629650,Moses Brown,Moses,,,2:53,1.0,1.0,1.0,0.0,0.0,0.0,0.0,0.0,0.0,0.0,0.0,0.0,0.0,0.0,0.0,0.0,1.0,2.0,-2.0
22200041,1610612750,MIN,Minnesota,1630183,Jaden McDaniels,Jaden,F,,27:18,5.0,9.0,0.556,0.0,2.0,0.0,1.0,2.0,0.5,1.0,0.0,1.0,0.0,4.0,1.0,1.0,3.0,11.0,5.0
22200041,1610612750,MIN,Minnesota,1626157,Karl-Anthony Towns,Karl-Anthony,F,,30:20,5.0,9.0,0.556,1.0,3.0,0.333,4.0,4.0,1.0,1.0,7.0,8.0,5.0,1.0,0.0,3.0,2.0,15.0,14.0
22200041,1610612750,MIN,Minnesota,203497,Rudy Gobert,Rudy,C,,24:37,7.0,9.0,0.778,0.0,1.0,0.0,1.0,3.0,0.333,2.0,13.0,15.0,1.0,0.0,1.0,1.0,2.0,15.0,-1.0
22200041,1610612750,MIN,Minnesota,1630162,Anthony Edwards,Anthony,G,,33:32,13.0,19.0,0.684,3.0,7.0,0.429,1.0,3.0,0.333,2.0,9.0,11.0,3.0,1.0,0.0,4.0,4.0,30.0,22.0
22200041,1610612750,MIN,Minnesota,1626156,D'Angelo Russell,D'Angelo,G,,25:48,2.0,5.0,0.4,0.0,2.0,0.0,2.0,2.0,1.0,1.0,2.0,3.0,6.0,1.0,0.0,3.0,0.0,6.0,0.0
22200041,1610612750,MIN,Minnesota,1627752,Taurean Prince,Taurean,,,23:17,4.0,8.0,0.5,3.0,5.0,0.6,0.0,0.0,0.0,1.0,2.0,3.0,3.0,0.0,0.0,1.0,1.0,11.0,18.0
22200041,1610612750,MIN,Minnesota,1629162,Jordan McLaughlin,Jordan,,,21:22,0.0,2.0,0.0,0.0,1.0,0.0,0.0,0.0,0.0,2.0,1.0,3.0,4.0,0.0,0.0,0.0,0.0,0.0,23.0
22200041,1610612750,MIN,Minnesota,1629669,Jaylen Nowell,Jaylen,,,23:46,5.0,16.0,0.313,1.0,6.0,0.167,3.0,4.0,0.75,1.0,5.0,6.0,1.0,2.0,0.0,1.0,0.0,14.0,4.0
22200041,1610612750,MIN,Minnesota,1627854,Bryn Forbes,Bryn,,,11:58,0.0,3.0,0.0,0.0,2.0,0.0,0.0,0.0,0.0,0.0,0.0,0.0,0.0,0.0,0.0,0.0,0.0,0.0,-13.0
22200041,1610612750,MIN,Minnesota,1629675,Naz Reid,Naz,,,13:04,5.0,7.0,0.714,2.0,4.0,0.5,2.0,4.0,0.5,1.0,1.0,2.0,1.0,0.0,1.0,0.0,4.0,14.0,2.0
22200041,1610612750,MIN,Minnesota,1631111,Wendell Moore Jr.,Wendell,,,2:29,0.0,1.0,0.0,0.0,1.0,0.0,0.0,0.0,0.0,0.0,0.0,0.0,0.0,0.0,0.0,1.0,0.0,0.0,-12.0
22200041,1610612750,MIN,Minnesota,1630233,Nathan Knight,Nathan,,,2:29,0.0,0.0,0.0,0.0,0.0,0.0,0.0,0.0,0.0,0.0,2.0,2.0,0.0,0.0,0.0,0.0,1.0,0.0,-12.0
22200041,1610612750,MIN,Minnesota,203085,Austin Rivers,Austin,,DNP - Coach's Decision,,,,,,,,,,,,,,,,,,,,
22200041,1610612760,OKC,Oklahoma City,1629652,Luguentz Dort,Luguentz,F,,29:54,6.0,15.0,0.4,2.0,7.0,0.286,6.0,6.0,1.0,1.0,2.0,3.0,2.0,2.0,0.0,2.0,1.0,20.0,-29.0
22200041,1610612760,OKC,Oklahoma City,1629026,Kenrich Williams,Kenrich,F,,18:23,3.0,8.0,0.375,0.0,2.0,0.0,0.0,2.0,0.0,0.0,2.0,2.0,1.0,1.0,0.0,1.0,0.0,6.0,-9.0
22200041,1610612760,OKC,Oklahoma City,1630526,Jeremiah Robinson-Earl,Jeremiah,C,,25:34,5.0,6.0,0.833,3.0,4.0,0.75,2.0,2.0,1.0,0.0,2.0,2.0,3.0,1.0,0.0,0.0,2.0,15.0,-9.0
22200041,1610612760,OKC,Oklahoma City,1630544,Tre Mann,Tre,G,,27:32,5.0,12.0,0.417,0.0,6.0,0.0,0.0,1.0,0.0,2.0,1.0,3.0,3.0,1.0,0.0,2.0,3.0,10.0,-3.0
22200041,1610612760,OKC,Oklahoma City,1630581,Josh Giddey,Josh,G,,21:42,5.0,11.0,0.455,0.0,2.0,0.0,0.0,0.0,0.0,0.0,2.0,2.0,5.0,0.0,0.0,4.0,2.0,10.0,-15.0
22200041,1610612760,OKC,Oklahoma City,1630197,Aleksej Pokusevski,Aleksej,,,13:11,1.0,6.0,0.167,0.0,2.0,0.0,0.0,0.0,0.0,1.0,1.0,2.0,0.0,0.0,0.0,1.0,0.0,2.0,-22.0
22200041,1610612760,OKC,Oklahoma City,1630598,Aaron Wiggins,Aaron,,,25:20,1.0,3.0,0.333,0.0,2.0,0.0,3.0,4.0,0.75,0.0,2.0,2.0,1.0,0.0,1.0,0.0,0.0,5.0,-7.0
22200041,1610612760,OKC,Oklahoma City,1629647,Darius Bazley,Darius,,,4:27,0.0,1.0,0.0,0.0,0.0,0.0,0.0,0.0,0.0,0.0,0.0,0.0,0.0,0.0,0.0,0.0,0.0,0.0,-12.0
22200041,1610612760,OKC,Oklahoma City,1631119,Jaylin Williams,Jaylin,,,7:37,2.0,4.0,0.5,0.0,0.0,0.0,0.0,1.0,0.0,3.0,3.0,6.0,2.0,0.0,0.0,0.0,2.0,4.0,13.0
22200041,1610612760,OKC,Oklahoma City,1630647,Eugene Omoruyi,Eugene,,,11:53,5.0,7.0,0.714,1.0,2.0,0.5,2.0,3.0,0.667,1.0,2.0,3.0,1.0,0.0,0.0,0.0,2.0,13.0,5.0
22200041,1610612760,OKC,Oklahoma City,1631172,Ousmane Dieng,Ousmane,,,23:27,2.0,6.0,0.333,1.0,3.0,0.333,0.0,0.0,0.0,1.0,5.0,6.0,3.0,1.0,2.0,1.0,2.0,5.0,15.0
22200041,1610612760,OKC,Oklahoma City,1630322,Lindy Waters III,Lindy,,,13:42,1.0,6.0,0.167,1.0,6.0,0.167,0.0,0.0,0.0,1.0,0.0,1.0,0.0,0.0,0.0,0.0,0.0,3.0,3.0
22200041,1610612760,OKC,Oklahoma City,203488,Mike Muscala,Mike,,,11:16,4.0,6.0,0.667,1.0,3.0,0.333,2.0,2.0,1.0,1.0,8.0,9.0,0.0,0.0,1.0,0.0,1.0,11.0,10.0
22200041,1610612760,OKC,Oklahoma City,1630198,Isaiah Joe,Isaiah,,,6:02,1.0,3.0,0.333,0.0,2.0,0.0,0.0,0.0,0.0,0.0,1.0,1.0,3.0,1.0,0.0,0.0,0.0,2.0,10.0
22200041,1610612760,OKC,Oklahoma City,1628983,Shai Gilgeous-Alexander,Shai,,DND - Injury/Illness,,,,,,,,,,,,,,,,,,,,
22200039,1610612764,WAS,Washington,1630166,Deni Avdija,Deni,F,,14:27,1.0,6.0,0.167,0.0,3.0,0.0,0.0,0.0,0.0,0.0,2.0,2.0,0.0,2.0,0.0,1.0,4.0,2.0,1.0
22200039,1610612764,WAS,Washington,1628398,Kyle Kuzma,Kyle,F,,37:26,4.0,8.0,0.5,1.0,2.0,0.5,2.0,4.0,0.5,0.0,2.0,2.0,3.0,0.0,2.0,0.0,4.0,11.0,-5.0
22200039,1610612764,WAS,Washington,204001,Kristaps Porziņģis,Kristaps,C,,37:56,7.0,16.0,0.438,4.0,8.0,0.5,0.0,1.0,0.0,1.0,10.0,11.0,3.0,1.0,1.0,2.0,4.0,18.0,1.0
22200039,1610612764,WAS,Washington,203078,Bradley Beal,Bradley,G,,41:35,11.0,16.0,0.688,0.0,1.0,0.0,5.0,7.0,0.714,1.0,3.0,4.0,5.0,2.0,0.0,6.0,3.0,27.0,-5.0
22200039,1610612764,WAS,Washington,1628420,Monté Morris,Monté,G,,26:30,5.0,8.0,0.625,3.0,3.0,1.0,0.0,0.0,0.0,0.0,3.0,3.0,6.0,0.0,0.0,1.0,3.0,13.0,6.0
22200039,1610612764,WAS,Washington,1629060,Rui Hachimura,Rui,,,20:19,7.0,12.0,0.583,2.0,3.0,0.667,0.0,0.0,0.0,1.0,2.0,3.0,1.0,0.0,0.0,1.0,1.0,16.0,-5.0
22200039,1610612764,WAS,Washington,203115,Will Barton,Will,,,35:26,4.0,11.0,0.364,1.0,3.0,0.333,0.0,0.0,0.0,0.0,4.0,4.0,2.0,2.0,0.0,5.0,2.0,9.0,-7.0
22200039,1610612764,WAS,Washington,1626153,Delon Wright,Delon,,,26:30,2.0,5.0,0.4,1.0,3.0,0.333,2.0,3.0,0.667,0.0,2.0,2.0,5.0,2.0,0.0,1.0,0.0,7.0,-16.0
22200039,1610612764,WAS,Washington,1629655,Daniel Gafford,Daniel,,,14:48,1.0,2.0,0.5,0.0,0.0,0.0,0.0,0.0,0.0,1.0,1.0,2.0,0.0,0.0,1.0,1.0,2.0,2.0,-11.0
22200039,1610612764,WAS,Washington,1630264,Anthony Gill,Anthony,,,10:03,1.0,3.0,0.333,0.0,2.0,0.0,0.0,0.0,0.0,0.0,2.0,2.0,0.0,0.0,0.0,0.0,1.0,2.0,-9.0
22200039,1610612764,WAS,Washington,1630176,Vernon Carey Jr.,Vernon,,DNP - Coach's Decision,,,,,,,,,,,,,,,,,,,,
22200039,1610612764,WAS,Washington,1631098,Johnny Davis,Johnny,,DNP - Coach's Decision,,,,,,,,,,,,,,,,,,,,
22200039,1610612764,WAS,Washington,201959,Taj Gibson,Taj,,DNP - Coach's Decision,,,,,,,,,,,,,,,,,,,,
22200039,1610612764,WAS,Washington,1630692,Jordan Goodwin,Jordan,,DNP - Coach's Decision,,,,,,,,,,,,,,,,,,,,
22200039,1610612764,WAS,Washington,1630225,Isaiah Todd,Isaiah,,DNP - Coach's Decision,,,,,,,,,,,,,,,,,,,,
22200039,1610612739,CLE,Cleveland,1627747,Caris LeVert,Caris,F,,35:54,4.0,14.0,0.286,2.0,6.0,0.333,0.0,0.0,0.0,0.0,3.0,3.0,4.0,2.0,0.0,2.0,4.0,10.0,15.0
22200039,1610612739,CLE,Cleveland,1630596,Evan Mobley,Evan,F,,36:35,2.0,7.0,0.286,0.0,0.0,0.0,6.0,6.0,1.0,2.0,5.0,7.0,2.0,2.0,1.0,2.0,3.0,10.0,-3.0
22200039,1610612739,CLE,Cleveland,1628386,Jarrett Allen,Jarrett,C,,37:30,6.0,13.0,0.462,0.0,0.0,0.0,3.0,4.0,0.75,6.0,8.0,14.0,3.0,0.0,2.0,0.0,2.0,15.0,-1.0
22200039,1610612739,CLE,Cleveland,1630171,Isaac Okoro,Isaac,G,,20:19,1.0,4.0,0.25,0.0,2.0,0.0,0.0,0.0,0.0,0.0,2.0,2.0,0.0,1.0,0.0,0.0,2.0,2.0,-5.0
22200039,1610612739,CLE,Cleveland,1628378,Donovan Mitchell,Donovan,G,,44:34,12.0,29.0,0.414,5.0,12.0,0.417,8.0,9.0,0.889,2.0,3.0,5.0,4.0,3.0,1.0,6.0,2.0,37.0,4.0
22200039,1610612739,CLE,Cleveland,1626224,Cedi Osman,Cedi,,,31:40,6.0,10.0,0.6,3.0,5.0,0.6,1.0,1.0,1.0,0.0,0.0,0.0,3.0,1.0,0.0,0.0,3.0,16.0,3.0
22200039,1610612739,CLE,Cleveland,201567,Kevin Love,Kevin,,,14:22,2.0,6.0,0.333,1.0,4.0,0.25,0.0,0.0,0.0,0.0,7.0,7.0,0.0,0.0,0.0,1.0,1.0,5.0,2.0
22200039,1610612739,CLE,Cleveland,1629731,Dean Wade,Dean,,,21:19,3.0,4.0,0.75,2.0,3.0,0.667,4.0,5.0,0.8,1.0,2.0,3.0,2.0,0.0,1.0,0.0,1.0,12.0,19.0
22200039,1610612739,CLE,Cleveland,201577,Robin Lopez,Robin,,,14:41,3.0,4.0,0.75,0.0,0.0,0.0,0.0,0.0,0.0,4.0,2.0,6.0,1.0,0.0,0.0,2.0,2.0,6.0,8.0
22200039,1610612739,CLE,Cleveland,203526,Raul Neto,Raul,,,8:06,2.0,5.0,0.4,0.0,1.0,0.0,0.0,0.0,0.0,1.0,0.0,1.0,0.0,1.0,0.0,0.0,0.0,4.0,8.0
22200039,1610612739,CLE,Cleveland,1630600,Isaiah Mobley,Isaiah,,DNP - Coach's Decision,,,,,,,,,,,,,,,,,,,,
22200039,1610612739,CLE,Cleveland,1630205,Lamar Stevens,Lamar,,DNP - Coach's Decision,,,,,,,,,,,,,,,,,,,,
22200029,1610612765,DET,Detroit,1630180,Saddiq Bey,Saddiq,F,,36:23,5.0,16.0,0.313,2.0,8.0,0.25,8.0,8.0,1.0,4.0,7.0,11.0,3.0,1.0,0.0,1.0,1.0,20.0,5.0
22200029,1610612765,DET,Detroit,202711,Bojan Bogdanović,Bojan,F,,32:29,5.0,16.0,0.313,4.0,10.0,0.4,2.0,2.0,1.0,1.0,2.0,3.0,5.0,0.0,0.0,0.0,1.0,16.0,-4.0
22200029,1610612765,DET,Detroit,1630191,Isaiah Stewart,Isaiah,C,,29:33,2.0,10.0,0.2,1.0,4.0,0.25,6.0,10.0,0.6,6.0,11.0,17.0,2.0,0.0,0.0,2.0,5.0,11.0,-1.0
22200029,1610612765,DET,Detroit,1631093,Jaden Ivey,Jaden,G,,34:28,6.0,13.0,0.462,2.0,3.0,0.667,3.0,6.0,0.5,2.0,8.0,10.0,5.0,1.0,0.0,5.0,3.0,17.0,-4.0
22200029,1610612765,DET,Detroit,1630595,Cade Cunningham,Cade,G,,33:03,8.0,19.0,0.421,4.0,8.0,0.5,2.0,2.0,1.0,2.0,2.0,4.0,4.0,1.0,0.0,2.0,3.0,22.0,4.0
22200029,1610612765,DET,Detroit,1630165,Killian Hayes,Killian,,,17:29,2.0,4.0,0.5,1.0,3.0,0.333,0.0,0.0,0.0,0.0,0.0,0.0,2.0,0.0,1.0,0.0,2.0,5.0,-12.0
22200029,1610612765,DET,Detroit,1631105,Jalen Duren,Jalen,,,18:27,3.0,3.0,1.0,0.0,0.0,0.0,0.0,0.0,0.0,2.0,1.0,3.0,0.0,0.0,2.0,0.0,0.0,6.0,-8.0
22200029,1610612765,DET,Detroit,202709,Cory Joseph,Cory,,,16:03,3.0,6.0,0.5,2.0,3.0,0.667,2.0,2.0,1.0,0.0,1.0,1.0,3.0,0.0,0.0,0.0,2.0,10.0,-5.0
22200029,1610612765,DET,Detroit,1630587,Isaiah Livers,Isaiah,,,15:56,3.0,6.0,0.5,2.0,3.0,0.667,0.0,0.0,0.0,0.0,2.0,2.0,0.0,2.0,0.0,3.0,3.0,8.0,-12.0
22200029,1610612765,DET,Detroit,1628977,Hamidou Diallo,Hamidou,,,6:09,0.0,2.0,0.0,0.0,0.0,0.0,0.0,0.0,0.0,0.0,2.0,2.0,2.0,0.0,0.0,0.0,0.0,0.0,-8.0
22200029,1610612765,DET,Detroit,1631205,Buddy Boeheim,Buddy,,DNP - Coach's Decision,,,,,,,,,,,,,,,,,,,,
22200029,1610612765,DET,Detroit,1630296,Braxton Key,Braxton,,DNP - Coach's Decision,,,,,,,,,,,,,,,,,,,,
22200029,1610612765,DET,Detroit,1628995,Kevin Knox II,Kevin,,DNP - Coach's Decision,,,,,,,,,,,,,,,,,,,,
22200029,1610612765,DET,Detroit,203585,Rodney McGruder,Rodney,,DNP - Coach's Decision,,,,,,,,,,,,,,,,,,,,
22200029,1610612765,DET,Detroit,203457,Nerlens Noel,Nerlens,,DNP - Coach's Decision,,,,,,,,,,,,,,,,,,,,
22200029,1610612754,IND,Indiana,1630174,Aaron Nesmith,Aaron,F,,23:15,2.0,5.0,0.4,1.0,3.0,0.333,2.0,2.0,1.0,0.0,1.0,1.0,0.0,0.0,3.0,1.0,3.0,7.0,-3.0
22200029,1610612754,IND,Indiana,1630188,Jalen Smith,Jalen,F,,27:31,9.0,16.0,0.563,1.0,5.0,0.2,0.0,1.0,0.0,3.0,12.0,15.0,1.0,0.0,3.0,1.0,2.0,19.0,-1.0
22200029,1610612754,IND,Indiana,1630543,Isaiah Jackson,Isaiah,C,,21:34,2.0,6.0,0.333,0.0,0.0,0.0,4.0,5.0,0.8,2.0,3.0,5.0,1.0,0.0,5.0,0.0,3.0,8.0,3.0
22200029,1610612754,IND,Indiana,1627741,Buddy Hield,Buddy,G,,15:32,2.0,8.0,0.25,2.0,6.0,0.333,0.0,0.0,0.0,1.0,1.0,2.0,1.0,0.0,1.0,2.0,1.0,6.0,0.0
22200029,1610612754,IND,Indiana,1630169,Tyrese Haliburton,Tyrese,G,,32:03,7.0,16.0,0.438,3.0,6.0,0.5,7.0,8.0,0.875,2.0,2.0,4.0,10.0,5.0,0.0,1.0,2.0,24.0,1.0
22200029,1610612754,IND,Indiana,1629048,Goga Bitadze,Goga,,,25:23,6.0,8.0,0.75,1.0,3.0,0.333,1.0,4.0,0.25,8.0,7.0,15.0,4.0,1.0,1.0,1.0,3.0,14.0,8.0
22200029,1610612754,IND,Indiana,1631097,Bennedict Mathurin,Bennedict,,,30:39,10.0,18.0,0.556,5.0,8.0,0.625,2.0,2.0,1.0,1.0,6.0,7.0,2.0,0.0,0.0,2.0,3.0,27.0,0.0
22200029,1610612754,IND,Indiana,1630537,Chris Duarte,Chris,,,21:15,3.0,14.0,0.214,1.0,7.0,0.143,2.0,2.0,1.0,0.0,2.0,2.0,2.0,0.0,1.0,1.0,3.0,9.0,13.0
22200029,1610612754,IND,Indiana,1630678,Terry Taylor,Terry,,,20:29,0.0,3.0,0.0,0.0,1.0,0.0,0.0,0.0,0.0,1.0,1.0,2.0,2.0,0.0,1.0,0.0,0.0,0.0,10.0
22200029,1610612754,IND,Indiana,204456,T.J. McConnell,T.J.,,,13:03,1.0,3.0,0.333,0.0,0.0,0.0,0.0,0.0,0.0,1.0,3.0,4.0,2.0,1.0,0.0,1.0,0.0,2.0,6.0
22200029,1610612754,IND,Indiana,1629614,Andrew Nembhard,Andrew,,,9:16,3.0,6.0,0.5,2.0,3.0,0.667,0.0,0.0,0.0,1.0,1.0,2.0,3.0,0.0,0.0,1.0,1.0,8.0,8.0
22200029,1610612754,IND,Indiana,1629052,Oshae Brissett,Oshae,,DNP - Coach's Decision,,,,,,,,,,,,,,,,,,,,
22200029,1610612754,IND,Indiana,201949,James Johnson,James,,DNP - Coach's Decision,,,,,,,,,,,,,,,,,,,,
22200032,1610612739,CLE,Cleveland,1627747,Caris LeVert,Caris,F,,33:27,4.0,12.0,0.333,3.0,6.0,0.5,3.0,4.0,0.75,0.0,4.0,4.0,8.0,1.0,1.0,2.0,1.0,14.0,17.0
22200032,1610612739,CLE,Cleveland,1630596,Evan Mobley,Evan,F,,24:46,7.0,9.0,0.778,0.0,0.0,0.0,2.0,2.0,1.0,1.0,2.0,3.0,1.0,1.0,1.0,3.0,1.0,16.0,7.0
22200032,1610612739,CLE,Cleveland,1628386,Jarrett Allen,Jarrett,C,,28:36,4.0,6.0,0.667,0.0,0.0,0.0,0.0,0.0,0.0,3.0,3.0,6.0,2.0,0.0,1.0,2.0,2.0,8.0,5.0
22200032,1610612739,CLE,Cleveland,1630171,Isaac Okoro,Isaac,G,,26:57,1.0,5.0,0.2,0.0,2.0,0.0,0.0,0.0,0.0,0.0,1.0,1.0,0.0,0.0,0.0,3.0,1.0,2.0,-4.0
22200032,1610612739,CLE,Cleveland,1628378,Donovan Mitchell,Donovan,G,,34:31,10.0,19.0,0.526,4.0,6.0,0.667,8.0,9.0,0.889,3.0,6.0,9.0,8.0,1.0,0.0,4.0,3.0,32.0,19.0
22200032,1610612739,CLE,Cleveland,1626224,Cedi Osman,Cedi,,,25:43,5.0,8.0,0.625,2.0,3.0,0.667,3.0,3.0,1.0,0.0,2.0,2.0,4.0,0.0,0.0,1.0,5.0,15.0,41.0
22200032,1610612739,CLE,Cleveland,201567,Kevin Love,Kevin,,,22:50,5.0,9.0,0.556,5.0,6.0,0.833,0.0,0.0,0.0,0.0,12.0,12.0,4.0,0.0,1.0,0.0,1.0,15.0,27.0
22200032,1610612739,CLE,Cleveland,203526,Raul Neto,Raul,,,15:12,3.0,5.0,0.6,0.0,1.0,0.0,0.0,0.0,0.0,0.0,4.0,4.0,4.0,1.0,0.0,1.0,1.0,6.0,11.0
22200032,1610612739,CLE,Cleveland,201577,Robin Lopez,Robin,,,15:37,6.0,7.0,0.857,0.0,0.0,0.0,0.0,0.0,0.0,1.0,2.0,3.0,0.0,0.0,1.0,0.0,1.0,12.0,19.0
22200032,1610612739,CLE,Cleveland,1630600,Isaiah Mobley,Isaiah,,,4:07,1.0,1.0,1.0,1.0,1.0,1.0,0.0,0.0,0.0,0.0,1.0,1.0,0.0,0.0,0.0,0.0,1.0,3.0,6.0
22200032,1610612739,CLE,Cleveland,1630205,Lamar Stevens,Lamar,,,4:07,0.0,1.0,0.0,0.0,0.0,0.0,0.0,0.0,0.0,0.0,1.0,1.0,0.0,0.0,0.0,0.0,0.0,0.0,6.0
22200032,1610612739,CLE,Cleveland,1629731,Dean Wade,Dean,,,4:07,2.0,3.0,0.667,1.0,2.0,0.5,0.0,0.0,0.0,0.0,2.0,2.0,1.0,0.0,0.0,1.0,0.0,5.0,6.0
22200032,1610612741,CHI,Chicago,201942,DeMar DeRozan,DeMar,F,,32:31,3.0,9.0,0.333,0.0,0.0,0.0,7.0,7.0,1.0,0.0,2.0,2.0,1.0,2.0,0.0,0.0,2.0,13.0,-6.0
22200032,1610612741,CHI,Chicago,1630172,Patrick Williams,Patrick,F,,15:31,2.0,7.0,0.286,1.0,3.0,0.333,1.0,2.0,0.5,1.0,2.0,3.0,0.0,1.0,0.0,1.0,1.0,6.0,0.0
22200032,1610612741,CHI,Chicago,202696,Nikola Vučević,Nikola,C,,30:47,7.0,12.0,0.583,2.0,3.0,0.667,0.0,0.0,0.0,1.0,3.0,4.0,3.0,0.0,3.0,2.0,3.0,16.0,-10.0
22200032,1610612741,CHI,Chicago,203897,Zach LaVine,Zach,G,,28:20,9.0,17.0,0.529,2.0,6.0,0.333,3.0,4.0,0.75,0.0,3.0,3.0,4.0,2.0,0.0,0.0,2.0,23.0,-19.0
22200032,1610612741,CHI,Chicago,1630245,Ayo Dosunmu,Ayo,G,,27:30,2.0,7.0,0.286,1.0,4.0,0.25,0.0,0.0,0.0,1.0,3.0,4.0,3.0,0.0,0.0,0.0,3.0,5.0,-5.0
22200032,1610612741,CHI,Chicago,1629750,Javonte Green,Javonte,,,13:44,2.0,5.0,0.4,0.0,2.0,0.0,2.0,3.0,0.667,1.0,2.0,3.0,2.0,2.0,2.0,0.0,0.0,6.0,-11.0
22200032,1610612741,CHI,Chicago,1629632,Coby White,Coby,,,23:36,2.0,8.0,0.25,0.0,5.0,0.0,1.0,1.0,1.0,1.0,0.0,1.0,1.0,0.0,0.0,0.0,3.0,5.0,-30.0
22200032,1610612741,CHI,Chicago,203083,Andre Drummond,Andre,,,13:06,3.0,8.0,0.375,0.0,1.0,0.0,2.0,2.0,1.0,3.0,4.0,7.0,0.0,2.0,0.0,3.0,2.0,8.0,-16.0
22200032,1610612741,CHI,Chicago,201609,Goran Dragic,Goran,,,11:25,2.0,4.0,0.5,0.0,1.0,0.0,0.0,0.0,0.0,0.0,2.0,2.0,3.0,0.0,0.0,1.0,1.0,4.0,-16.0
22200032,1610612741,CHI,Chicago,1627936,Alex Caruso,Alex,,,16:36,0.0,1.0,0.0,0.0,1.0,0.0,2.0,2.0,1.0,0.0,2.0,2.0,2.0,1.0,1.0,1.0,1.0,2.0,-15.0
22200032,1610612741,CHI,Chicago,1627884,Derrick Jones Jr.,Derrick,,,16:56,2.0,3.0,0.667,1.0,1.0,1.0,3.0,4.0,0.75,1.0,1.0,2.0,0.0,2.0,1.0,1.0,1.0,8.0,-12.0
22200032,1610612741,CHI,Chicago,1631207,Dalen Terry,Dalen,,,4:07,0.0,1.0,0.0,0.0,0.0,0.0,0.0,0.0,0.0,0.0,0.0,0.0,0.0,0.0,0.0,1.0,0.0,0.0,-6.0
22200032,1610612741,CHI,Chicago,1628396,Tony Bradley,Tony,,,4:07,0.0,1.0,0.0,0.0,1.0,0.0,0.0,0.0,0.0,1.0,1.0,2.0,0.0,0.0,0.0,0.0,0.0,0.0,-6.0
22200032,1610612741,CHI,Chicago,1630250,Marko Simonovic,Marko,,,1:44,0.0,1.0,0.0,0.0,1.0,0.0,0.0,0.0,0.0,0.0,0.0,0.0,0.0,0.0,0.0,0.0,0.0,0.0,-8.0
22200032,1610612741,CHI,Chicago,1630792,Malcolm Hill,Malcolm,,DNP - Coach's Decision,,,,,,,,,,,,,,,,,,,,
22200034,1610612763,MEM,Memphis,1630217,Desmond Bane,Desmond,F,,27:15,4.0,11.0,0.364,2.0,5.0,0.4,4.0,4.0,1.0,0.0,5.0,5.0,4.0,1.0,0.0,1.0,2.0,14.0,-10.0
22200034,1610612763,MEM,Memphis,1630583,Santi Aldama,Santi,F,,20:47,2.0,4.0,0.5,1.0,3.0,0.333,3.0,3.0,1.0,2.0,4.0,6.0,0.0,0.0,0.0,2.0,5.0,8.0,-12.0
22200034,1610612763,MEM,Memphis,203500,Steven Adams,Steven,C,,22:19,1.0,3.0,0.333,0.0,0.0,0.0,0.0,2.0,0.0,1.0,3.0,4.0,1.0,1.0,4.0,3.0,1.0,2.0,-30.0
22200034,1610612763,MEM,Memphis,1629723,John Konchar,John,G,,20:26,2.0,4.0,0.5,1.0,3.0,0.333,0.0,0.0,0.0,1.0,1.0,2.0,0.0,0.0,0.0,1.0,2.0,5.0,-27.0
22200034,1610612763,MEM,Memphis,1629630,Ja Morant,Ja,G,,29:31,6.0,12.0,0.5,0.0,2.0,0.0,8.0,8.0,1.0,0.0,1.0,1.0,4.0,1.0,0.0,3.0,3.0,20.0,-31.0
22200034,1610612763,MEM,Memphis,1631223,David Roddy,David,,,23:26,5.0,12.0,0.417,0.0,4.0,0.0,2.0,2.0,1.0,1.0,2.0,3.0,1.0,0.0,0.0,1.0,4.0,12.0,-36.0
22200034,1610612763,MEM,Memphis,1626145,Tyus Jones,Tyus,,,24:05,3.0,8.0,0.375,2.0,6.0,0.333,2.0,3.0,0.667,0.0,0.0,0.0,5.0,1.0,1.0,1.0,0.0,10.0,-19.0
22200034,1610612763,MEM,Memphis,1629634,Brandon Clarke,Brandon,,,16:47,4.0,7.0,0.571,0.0,0.0,0.0,0.0,0.0,0.0,0.0,3.0,3.0,1.0,0.0,1.0,1.0,2.0,8.0,-2.0
22200034,1610612763,MEM,Memphis,1631222,Jake LaRavia,Jake,,,22:26,2.0,6.0,0.333,2.0,5.0,0.4,0.0,0.0,0.0,0.0,2.0,2.0,0.0,0.0,0.0,1.0,5.0,6.0,-8.0
22200034,1610612763,MEM,Memphis,1631113,Kennedy Chandler,Kennedy,,,8:54,0.0,2.0,0.0,0.0,0.0,0.0,0.0,1.0,0.0,0.0,0.0,0.0,2.0,0.0,2.0,2.0,0.0,0.0,-9.0
22200034,1610612763,MEM,Memphis,1630214,Xavier Tillman,Xavier,,,8:54,3.0,4.0,0.75,1.0,2.0,0.5,0.0,0.0,0.0,1.0,1.0,2.0,1.0,0.0,0.0,1.0,0.0,7.0,-9.0
22200034,1610612763,MEM,Memphis,1631254,Kenneth Lofton Jr.,Kenneth,,,8:54,2.0,4.0,0.5,0.0,1.0,0.0,0.0,1.0,0.0,0.0,1.0,1.0,1.0,0.0,0.0,0.0,3.0,4.0,-9.0
22200034,1610612763,MEM,Memphis,1631246,Vince Williams Jr.,Vince,,,6:16,0.0,2.0,0.0,0.0,2.0,0.0,0.0,0.0,0.0,0.0,0.0,0.0,0.0,0.0,0.0,0.0,2.0,0.0,-3.0
22200034,1610612742,DAL,Dallas,203493,Reggie Bullock Jr.,Reggie,F,,24:04,3.0,5.0,0.6,2.0,4.0,0.5,0.0,0.0,0.0,0.0,3.0,3.0,0.0,1.0,0.0,0.0,2.0,8.0,28.0
22200034,1610612742,DAL,Dallas,1627827,Dorian Finney-Smith,Dorian,F,,27:07,3.0,6.0,0.5,1.0,4.0,0.25,0.0,1.0,0.0,3.0,2.0,5.0,1.0,1.0,1.0,1.0,2.0,7.0,28.0
22200034,1610612742,DAL,Dallas,201580,JaVale McGee,JaVale,C,,13:01,3.0,4.0,0.75,0.0,0.0,0.0,0.0,0.0,0.0,2.0,4.0,6.0,1.0,0.0,2.0,1.0,3.0,6.0,2.0
22200034,1610612742,DAL,Dallas,203915,Spencer Dinwiddie,Spencer,G,,28:22,6.0,13.0,0.462,3.0,5.0,0.6,0.0,0.0,0.0,0.0,2.0,2.0,2.0,0.0,0.0,3.0,2.0,15.0,25.0
22200034,1610612742,DAL,Dallas,1629029,Luka Dončić,Luka,G,,29:58,12.0,23.0,0.522,4.0,9.0,0.444,4.0,5.0,0.8,2.0,5.0,7.0,10.0,2.0,2.0,3.0,2.0,32.0,31.0
22200034,1610612742,DAL,Dallas,1626174,Christian Wood,Christian,,,25:06,6.0,12.0,0.5,1.0,3.0,0.333,12.0,14.0,0.857,4.0,8.0,12.0,3.0,0.0,1.0,2.0,4.0,25.0,22.0
22200034,1610612742,DAL,Dallas,203501,Tim Hardaway Jr.,Tim,,,25:53,3.0,10.0,0.3,2.0,6.0,0.333,8.0,8.0,1.0,0.0,2.0,2.0,2.0,0.0,0.0,0.0,1.0,16.0,21.0
22200034,1610612742,DAL,Dallas,1628467,Maxi Kleber,Maxi,,,21:25,3.0,5.0,0.6,2.0,3.0,0.667,1.0,2.0,0.5,2.0,6.0,8.0,0.0,2.0,0.0,1.0,1.0,9.0,14.0
22200034,1610612742,DAL,Dallas,1630182,Josh Green,Josh,,,15:27,1.0,1.0,1.0,1.0,1.0,1.0,2.0,2.0,1.0,0.0,0.0,0.0,1.0,0.0,0.0,1.0,5.0,5.0,10.0
22200034,1610612742,DAL,Dallas,203939,Dwight Powell,Dwight,,,7:06,0.0,0.0,0.0,0.0,0.0,0.0,1.0,2.0,0.5,0.0,0.0,0.0,0.0,0.0,1.0,1.0,2.0,1.0,8.0
22200034,1610612742,DAL,Dallas,1629033,Theo Pinson,Theo,,,7:00,0.0,0.0,0.0,0.0,0.0,0.0,2.0,2.0,1.0,0.0,2.0,2.0,1.0,0.0,0.0,0.0,0.0,2.0,8.0
22200034,1610612742,DAL,Dallas,1630702,Jaden Hardy,Jaden,,,6:16,0.0,3.0,0.0,0.0,2.0,0.0,0.0,0.0,0.0,0.0,1.0,1.0,0.0,0.0,0.0,2.0,0.0,0.0,3.0
22200034,1610612742,DAL,Dallas,1630593,McKinley Wright IV,McKinley,,,4:58,1.0,4.0,0.25,0.0,1.0,0.0,0.0,0.0,0.0,1.0,1.0,2.0,2.0,1.0,0.0,0.0,0.0,2.0,3.0
22200034,1610612742,DAL,Dallas,1628416,Tyler Dorsey,Tyler,,,4:17,4.0,4.0,1.0,1.0,1.0,1.0,0.0,0.0,0.0,1.0,1.0,2.0,0.0,0.0,0.0,0.0,0.0,9.0,2.0
22200035,1610612760,OKC,Oklahoma City,1629652,Luguentz Dort,Luguentz,F,,30:01,3.0,13.0,0.231,1.0,7.0,0.143,6.0,8.0,0.75,3.0,4.0,7.0,4.0,3.0,0.0,2.0,5.0,13.0,-6.0
22200035,1610612760,OKC,Oklahoma City,1630197,Aleksej Pokusevski,Aleksej,F,,12:05,0.0,1.0,0.0,0.0,0.0,0.0,0.0,0.0,0.0,0.0,1.0,1.0,0.0,2.0,1.0,0.0,1.0,0.0,-12.0
22200035,1610612760,OKC,Oklahoma City,1630526,Jeremiah Robinson-Earl,Jeremiah,C,,18:21,4.0,6.0,0.667,2.0,4.0,0.5,0.0,0.0,0.0,0.0,2.0,2.0,0.0,1.0,0.0,2.0,0.0,10.0,-17.0
22200035,1610612760,OKC,Oklahoma City,1630581,Josh Giddey,Josh,G,,32:44,8.0,17.0,0.471,2.0,4.0,0.5,1.0,2.0,0.5,4.0,8.0,12.0,6.0,1.0,1.0,1.0,2.0,19.0,-17.0
22200035,1610612760,OKC,Oklahoma City,1628983,Shai Gilgeous-Alexander,Shai,G,,33:56,11.0,24.0,0.458,1.0,5.0,0.2,5.0,5.0,1.0,0.0,3.0,3.0,7.0,1.0,0.0,5.0,4.0,28.0,-6.0
22200035,1610612760,OKC,Oklahoma City,203488,Mike Muscala,Mike,,,18:49,6.0,10.0,0.6,4.0,7.0,0.571,2.0,2.0,1.0,0.0,6.0,6.0,1.0,0.0,0.0,0.0,3.0,18.0,7.0
22200035,1610612760,OKC,Oklahoma City,1630544,Tre Mann,Tre,,,28:26,5.0,11.0,0.455,2.0,5.0,0.4,1.0,3.0,0.333,1.0,3.0,4.0,4.0,0.0,0.0,1.0,4.0,13.0,13.0
22200035,1610612760,OKC,Oklahoma City,1629647,Darius Bazley,Darius,,,21:02,2.0,4.0,0.5,2.0,4.0,0.5,0.0,0.0,0.0,0.0,2.0,2.0,3.0,2.0,3.0,1.0,2.0,6.0,0.0
22200035,1610612760,OKC,Oklahoma City,1630598,Aaron Wiggins,Aaron,,,15:46,1.0,3.0,0.333,1.0,2.0,0.5,2.0,2.0,1.0,0.0,6.0,6.0,1.0,0.0,0.0,0.0,1.0,5.0,7.0
22200035,1610612760,OKC,Oklahoma City,1631172,Ousmane Dieng,Ousmane,,,7:03,0.0,2.0,0.0,0.0,0.0,0.0,0.0,0.0,0.0,0.0,0.0,0.0,0.0,0.0,0.0,0.0,0.0,0.0,1.0
22200035,1610612760,OKC,Oklahoma City,1629026,Kenrich Williams,Kenrich,,,16:03,1.0,2.0,0.5,0.0,0.0,0.0,1.0,1.0,1.0,2.0,1.0,3.0,3.0,0.0,0.0,0.0,3.0,3.0,2.0
22200035,1610612760,OKC,Oklahoma City,1630322,Lindy Waters III,Lindy,,,2:19,0.0,0.0,0.0,0.0,0.0,0.0,0.0,0.0,0.0,0.0,1.0,1.0,0.0,0.0,0.0,0.0,0.0,0.0,-1.0
22200035,1610612760,OKC,Oklahoma City,1630647,Eugene Omoruyi,Eugene,,,3:23,1.0,1.0,1.0,0.0,0.0,0.0,0.0,0.0,0.0,0.0,0.0,0.0,0.0,0.0,0.0,0.0,2.0,2.0,4.0
22200035,1610612760,OKC,Oklahoma City,1630198,Isaiah Joe,Isaiah,,DNP - Coach's Decision,,,,,,,,,,,,,,,,,,,,
22200035,1610612760,OKC,Oklahoma City,1631119,Jaylin Williams,Jaylin,,DNP - Coach's Decision,,,,,,,,,,,,,,,,,,,,
22200035,1610612743,DEN,Denver,1629008,Michael Porter Jr.,Michael,F,,27:39,8.0,15.0,0.533,5.0,10.0,0.5,1.0,1.0,1.0,2.0,4.0,6.0,1.0,1.0,1.0,3.0,4.0,22.0,20.0
22200035,1610612743,DEN,Denver,203932,Aaron Gordon,Aaron,F,,28:22,3.0,9.0,0.333,1.0,3.0,0.333,4.0,8.0,0.5,5.0,5.0,10.0,2.0,0.0,2.0,2.0,0.0,11.0,19.0
22200035,1610612743,DEN,Denver,203999,Nikola Jokić,Nikola,C,,38:41,6.0,10.0,0.6,1.0,1.0,1.0,6.0,9.0,0.667,1.0,15.0,16.0,13.0,1.0,1.0,3.0,2.0,19.0,18.0
22200035,1610612743,DEN,Denver,203484,Kentavious Caldwell-Pope,Kentavious,G,,31:56,7.0,13.0,0.538,6.0,10.0,0.6,1.0,1.0,1.0,0.0,5.0,5.0,2.0,0.0,0.0,2.0,5.0,21.0,16.0
22200035,1610612743,DEN,Denver,1627750,Jamal Murray,Jamal,G,,27:30,6.0,12.0,0.5,1.0,4.0,0.25,3.0,4.0,0.75,0.0,4.0,4.0,5.0,2.0,0.0,5.0,0.0,16.0,10.0
22200035,1610612743,DEN,Denver,1631128,Christian Braun,Christian,,,16:30,3.0,5.0,0.6,3.0,4.0,0.75,0.0,0.0,0.0,0.0,1.0,1.0,2.0,1.0,1.0,1.0,1.0,9.0,-14.0
22200035,1610612743,DEN,Denver,1628971,Bruce Brown,Bruce,,,26:16,2.0,8.0,0.25,1.0,3.0,0.333,0.0,2.0,0.0,1.0,1.0,2.0,3.0,0.0,1.0,0.0,1.0,5.0,-5.0
22200035,1610612743,DEN,Denver,201145,Jeff Green,Jeff,,,19:38,5.0,5.0,1.0,2.0,2.0,1.0,2.0,4.0,0.5,0.0,1.0,1.0,2.0,0.0,0.0,0.0,2.0,14.0,-14.0
22200035,1610612743,DEN,Denver,1630538,Bones Hyland,Bones,,,14:16,0.0,5.0,0.0,0.0,1.0,0.0,1.0,2.0,0.5,0.0,1.0,1.0,3.0,0.0,0.0,1.0,2.0,1.0,-15.0
22200035,1610612743,DEN,Denver,1630192,Zeke Nnaji,Zeke,,,9:14,2.0,3.0,0.667,0.0,0.0,0.0,0.0,0.0,0.0,0.0,0.0,0.0,0.0,0.0,0.0,1.0,4.0,4.0,-10.0
22200035,1610612743,DEN,Denver,1628427,Vlatko Čančar,Vlatko,,DNP - Coach's Decision,,,,,,,,,,,,,,,,,,,,
22200035,1610612743,DEN,Denver,201599,DeAndre Jordan,DeAndre,,DNP - Coach's Decision,,,,,,,,,,,,,,,,,,,,
22200035,1610612743,DEN,Denver,1628432,Davon Reed,Davon,,DNP - Coach's Decision,,,,,,,,,,,,,,,,,,,,
22200035,1610612743,DEN,Denver,202397,Ish Smith,Ish,,DNP - Coach's Decision,,,,,,,,,,,,,,,,,,,,
22200035,1610612743,DEN,Denver,1631212,Peyton Watson,Peyton,,DNP - Coach's Decision,,,,,,,,,,,,,,,,,,,,
22200033,1610612745,HOU,Houston,1630231,KJ Martin,KJ,F,,29:53,6.0,11.0,0.545,2.0,5.0,0.4,0.0,1.0,0.0,2.0,3.0,5.0,2.0,0.0,0.0,1.0,1.0,14.0,-5.0
22200033,1610612745,HOU,Houston,1631095,Jabari Smith Jr.,Jabari,F,,27:36,5.0,15.0,0.333,3.0,7.0,0.429,0.0,0.0,0.0,2.0,9.0,11.0,1.0,0.0,2.0,0.0,3.0,13.0,-11.0
22200033,1610612745,HOU,Houston,1630586,Usman Garuba,Usman,C,,25:02,2.0,3.0,0.667,1.0,1.0,1.0,1.0,2.0,0.5,4.0,4.0,8.0,2.0,4.0,0.0,2.0,2.0,6.0,-12.0
22200033,1610612745,HOU,Houston,1630224,Jalen Green,Jalen,G,,31:39,6.0,19.0,0.316,4.0,7.0,0.571,6.0,6.0,1.0,1.0,3.0,4.0,2.0,1.0,0.0,2.0,3.0,22.0,-5.0
22200033,1610612745,HOU,Houston,1629645,Kevin Porter Jr.,Kevin,G,,33:44,5.0,15.0,0.333,2.0,4.0,0.5,6.0,7.0,0.857,2.0,3.0,5.0,7.0,2.0,0.0,2.0,4.0,18.0,-9.0
22200033,1610612745,HOU,Houston,1630227,Daishen Nix,Daishen,,,14:16,1.0,3.0,0.333,0.0,2.0,0.0,0.0,0.0,0.0,0.0,1.0,1.0,1.0,0.0,0.0,1.0,2.0,2.0,-11.0
22200033,1610612745,HOU,Houston,1631106,Tari Eason,Tari,,,18:49,4.0,9.0,0.444,3.0,4.0,0.75,0.0,0.0,0.0,0.0,2.0,2.0,1.0,1.0,3.0,1.0,3.0,11.0,-7.0
22200033,1610612745,HOU,Houston,1630578,Alperen Sengun,Alperen,,,22:58,4.0,9.0,0.444,0.0,3.0,0.0,1.0,2.0,0.5,3.0,6.0,9.0,2.0,1.0,1.0,1.0,2.0,9.0,-8.0
22200033,1610612745,HOU,Houston,1629726,Garrison Mathews,Garrison,,,12:34,0.0,1.0,0.0,0.0,1.0,0.0,1.0,1.0,1.0,0.0,0.0,0.0,0.0,0.0,0.0,1.0,1.0,1.0,-13.0
22200033,1610612745,HOU,Houston,1630528,Josh Christopher,Josh,,,15:55,1.0,5.0,0.2,0.0,2.0,0.0,1.0,2.0,0.5,1.0,1.0,2.0,1.0,0.0,0.0,1.0,1.0,3.0,-15.0
22200033,1610612745,HOU,Houston,1631309,Trevor Hudgins,Trevor,,,3:47,1.0,1.0,1.0,1.0,1.0,1.0,0.0,0.0,0.0,0.0,0.0,0.0,0.0,0.0,0.0,0.0,0.0,3.0,-2.0
22200033,1610612745,HOU,Houston,1626246,Boban Marjanović,Boban,,,3:47,1.0,2.0,0.5,0.0,0.0,0.0,1.0,1.0,1.0,0.0,0.0,0.0,1.0,0.0,0.0,0.0,0.0,3.0,-2.0
22200033,1610612749,MIL,Milwaukee,1628960,Grayson Allen,Grayson,F,,27:52,3.0,11.0,0.273,2.0,7.0,0.286,3.0,4.0,0.75,2.0,3.0,5.0,2.0,1.0,0.0,0.0,2.0,11.0,4.0
22200033,1610612749,MIL,Milwaukee,203507,Giannis Antetokounmpo,Giannis,F,,27:38,17.0,21.0,0.81,2.0,3.0,0.667,8.0,13.0,0.615,2.0,10.0,12.0,3.0,0.0,0.0,4.0,2.0,44.0,23.0
22200033,1610612749,MIL,Milwaukee,201572,Brook Lopez,Brook,C,,28:47,3.0,7.0,0.429,3.0,6.0,0.5,0.0,0.0,0.0,0.0,5.0,5.0,2.0,2.0,5.0,1.0,3.0,9.0,4.0
22200033,1610612749,MIL,Milwaukee,1628975,Jevon Carter,Jevon,G,,25:15,0.0,4.0,0.0,0.0,3.0,0.0,0.0,0.0,0.0,0.0,1.0,1.0,4.0,2.0,0.0,3.0,4.0,0.0,7.0
22200033,1610612749,MIL,Milwaukee,201950,Jrue Holiday,Jrue,G,,32:09,8.0,15.0,0.533,3.0,4.0,0.75,0.0,0.0,0.0,0.0,5.0,5.0,10.0,0.0,3.0,2.0,2.0,19.0,8.0
22200033,1610612749,MIL,Milwaukee,201588,George Hill,George,,,23:39,3.0,4.0,0.75,2.0,3.0,0.667,1.0,2.0,0.5,0.0,2.0,2.0,6.0,0.0,0.0,0.0,2.0,9.0,20.0
22200033,1610612749,MIL,Milwaukee,1629670,Jordan Nwora,Jordan,,,17:40,4.0,6.0,0.667,1.0,1.0,1.0,0.0,0.0,0.0,0.0,3.0,3.0,0.0,0.0,0.0,3.0,1.0,9.0,15.0
22200033,1610612749,MIL,Milwaukee,1626171,Bobby Portis,Bobby,,,22:30,6.0,10.0,0.6,1.0,1.0,1.0,0.0,0.0,0.0,3.0,5.0,8.0,1.0,1.0,1.0,2.0,2.0,13.0,8.0
22200033,1610612749,MIL,Milwaukee,202083,Wesley Matthews,Wesley,,,12:04,0.0,1.0,0.0,0.0,1.0,0.0,0.0,0.0,0.0,0.0,1.0,1.0,0.0,0.0,0.0,0.0,1.0,0.0,10.0
22200033,1610612749,MIL,Milwaukee,201586,Serge Ibaka,Serge,,,14:51,3.0,5.0,0.6,2.0,2.0,1.0,1.0,2.0,0.5,1.0,4.0,5.0,0.0,0.0,1.0,0.0,3.0,9.0,7.0
22200033,1610612749,MIL,Milwaukee,1630699,MarJon Beauchamp,MarJon,,,2:14,1.0,1.0,1.0,0.0,0.0,0.0,0.0,0.0,0.0,0.0,0.0,0.0,0.0,0.0,0.0,0.0,0.0,2.0,-2.0
22200033,1610612749,MIL,Milwaukee,1631260,AJ Green,AJ,,,2:14,0.0,0.0,0.0,0.0,0.0,0.0,0.0,0.0,0.0,0.0,0.0,0.0,1.0,0.0,0.0,0.0,0.0,0.0,-2.0
22200033,1610612749,MIL,Milwaukee,1630572,Sandro Mamukelashvili,Sandro,,,2:14,0.0,0.0,0.0,0.0,0.0,0.0,0.0,0.0,0.0,0.0,0.0,0.0,0.0,0.0,0.0,1.0,0.0,0.0,-2.0
22200033,1610612749,MIL,Milwaukee,203648,Thanasis Antetokounmpo,Thanasis,,,0:53,0.0,0.0,0.0,0.0,0.0,0.0,0.0,0.0,0.0,0.0,0.0,0.0,0.0,0.0,0.0,0.0,0.0,0.0,0.0
22200028,1610612759,SAS,San Antonio,1629640,Keldon Johnson,Keldon,F,,31:45,7.0,17.0,0.412,3.0,8.0,0.375,4.0,5.0,0.8,2.0,6.0,8.0,0.0,1.0,0.0,3.0,1.0,21.0,13.0
22200028,1610612759,SAS,San Antonio,1631110,Jeremy Sochan,Jeremy,F,,10:17,0.0,3.0,0.0,0.0,2.0,0.0,1.0,2.0,0.5,0.0,3.0,3.0,1.0,0.0,1.0,1.0,1.0,1.0,-9.0
22200028,1610612759,SAS,San Antonio,1627751,Jakob Poeltl,Jakob,C,,27:01,6.0,9.0,0.667,0.0,0.0,0.0,1.0,2.0,0.5,7.0,5.0,12.0,3.0,0.0,1.0,1.0,5.0,13.0,0.0
22200028,1610612759,SAS,San Antonio,1630170,Devin Vassell,Devin,G,,34:13,9.0,14.0,0.643,4.0,8.0,0.5,0.0,0.0,0.0,0.0,4.0,4.0,3.0,1.0,0.0,1.0,1.0,22.0,0.0
22200028,1610612759,SAS,San Antonio,1630200,Tre Jones,Tre,G,,30:26,6.0,12.0,0.5,0.0,0.0,0.0,5.0,5.0,1.0,0.0,1.0,1.0,4.0,1.0,0.0,4.0,1.0,17.0,-1.0
22200028,1610612759,SAS,San Antonio,1630563,Joshua Primo,Joshua,,,22:06,2.0,8.0,0.25,1.0,4.0,0.25,0.0,0.0,0.0,0.0,3.0,3.0,4.0,0.0,1.0,1.0,2.0,5.0,6.0
22200028,1610612759,SAS,San Antonio,1626196,Josh Richardson,Josh,,,20:59,4.0,9.0,0.444,2.0,6.0,0.333,1.0,1.0,1.0,0.0,1.0,1.0,3.0,1.0,0.0,1.0,2.0,11.0,1.0
22200028,1610612759,SAS,San Antonio,1629676,Isaiah Roby,Isaiah,,,13:48,1.0,2.0,0.5,0.0,0.0,0.0,0.0,0.0,0.0,2.0,2.0,4.0,2.0,1.0,1.0,0.0,2.0,2.0,7.0
22200028,1610612759,SAS,San Antonio,203926,Doug McDermott,Doug,,,24:24,5.0,9.0,0.556,4.0,5.0,0.8,0.0,0.0,0.0,0.0,3.0,3.0,1.0,0.0,1.0,1.0,1.0,14.0,19.0
22200028,1610612759,SAS,San Antonio,1628380,Zach Collins,Zach,,,8:16,1.0,1.0,1.0,1.0,1.0,1.0,0.0,0.0,0.0,1.0,2.0,3.0,1.0,0.0,0.0,1.0,1.0,3.0,-6.0
22200028,1610612759,SAS,San Antonio,203476,Gorgui Dieng,Gorgui,,,12:42,1.0,4.0,0.25,0.0,3.0,0.0,0.0,0.0,0.0,0.0,1.0,1.0,5.0,0.0,2.0,0.0,3.0,2.0,15.0
22200028,1610612759,SAS,San Antonio,1628966,Keita Bates-Diop,Keita,,,4:02,1.0,1.0,1.0,1.0,1.0,1.0,0.0,0.0,0.0,0.0,0.0,0.0,0.0,0.0,0.0,0.0,0.0,3.0,0.0
22200028,1610612759,SAS,San Antonio,1631103,Malaki Branham,Malaki,,DNP - Coach's Decision,,,,,,,,,,,,,,,,,,,,
22200028,1610612759,SAS,San Antonio,1631160,Jordan Hall,Jordan,,DNP - Coach's Decision,,,,,,,,,,,,,,,,,,,,
22200028,1610612759,SAS,San Antonio,1629641,Romeo Langford,Romeo,,DNP - Coach's Decision,,,,,,,,,,,,,,,,,,,,
22200028,1610612755,PHI,Philadelphia,202699,Tobias Harris,Tobias,F,,35:40,6.0,11.0,0.545,3.0,6.0,0.5,0.0,0.0,0.0,0.0,4.0,4.0,2.0,0.0,0.0,1.0,2.0,15.0,-6.0
22200028,1610612755,PHI,Philadelphia,200782,P.J. Tucker,P.J.,F,,28:36,1.0,2.0,0.5,1.0,2.0,0.5,0.0,0.0,0.0,0.0,4.0,4.0,1.0,1.0,0.0,1.0,1.0,3.0,4.0
22200028,1610612755,PHI,Philadelphia,203954,Joel Embiid,Joel,C,,35:57,14.0,25.0,0.56,0.0,2.0,0.0,12.0,15.0,0.8,3.0,10.0,13.0,3.0,1.0,2.0,2.0,2.0,40.0,6.0
22200028,1610612755,PHI,Philadelphia,1630178,Tyrese Maxey,Tyrese,G,,39:37,8.0,18.0,0.444,3.0,8.0,0.375,6.0,9.0,0.667,1.0,2.0,3.0,6.0,1.0,0.0,3.0,3.0,25.0,-11.0
22200028,1610612755,PHI,Philadelphia,201935,James Harden,James,G,,40:18,4.0,18.0,0.222,1.0,6.0,0.167,3.0,4.0,0.75,4.0,5.0,9.0,12.0,1.0,2.0,2.0,3.0,12.0,0.0
22200028,1610612755,PHI,Philadelphia,1626149,Montrezl Harrell,Montrezl,,,9:14,0.0,0.0,0.0,0.0,0.0,0.0,0.0,0.0,0.0,2.0,0.0,2.0,0.0,0.0,0.0,0.0,0.0,0.0,-12.0
22200028,1610612755,PHI,Philadelphia,1629001,De'Anthony Melton,De'Anthony,,,15:36,0.0,3.0,0.0,0.0,2.0,0.0,0.0,0.0,0.0,0.0,3.0,3.0,1.0,2.0,0.0,0.0,2.0,0.0,-7.0
22200028,1610612755,PHI,Philadelphia,1627863,Danuel House Jr.,Danuel,,,16:46,1.0,2.0,0.5,0.0,1.0,0.0,0.0,0.0,0.0,2.0,0.0,2.0,1.0,0.0,1.0,2.0,1.0,2.0,-8.0
22200028,1610612755,PHI,Philadelphia,1627777,Georges Niang,Georges,,,15:02,3.0,4.0,0.75,2.0,3.0,0.667,0.0,0.0,0.0,0.0,0.0,0.0,0.0,0.0,0.0,1.0,1.0,8.0,-8.0
22200028,1610612755,PHI,Philadelphia,1629680,Matisse Thybulle,Matisse,,,3:14,0.0,1.0,0.0,0.0,1.0,0.0,0.0,0.0,0.0,0.0,0.0,0.0,0.0,0.0,0.0,0.0,0.0,0.0,-3.0
22200028,1610612755,PHI,Philadelphia,1627788,Furkan Korkmaz,Furkan,,DNP - Coach's Decision,,,,,,,,,,,,,,,,,,,,
22200028,1610612755,PHI,Philadelphia,1629003,Shake Milton,Shake,,DNP - Coach's Decision,,,,,,,,,,,,,,,,,,,,
22200028,1610612755,PHI,Philadelphia,1630194,Paul Reed,Paul,,DNP - Coach's Decision,,,,,,,,,,,,,,,,,,,,
22200028,1610612755,PHI,Philadelphia,1630531,Jaden Springer,Jaden,,DNP - Coach's Decision,,,,,,,,,,,,,,,,,,,,
22200031,1610612761,TOR,Toronto,1628384,OG Anunoby,OG,F,,38:21,5.0,14.0,0.357,3.0,6.0,0.5,0.0,0.0,0.0,1.0,8.0,9.0,0.0,1.0,1.0,0.0,3.0,13.0,4.0
22200031,1610612761,TOR,Toronto,1630567,Scottie Barnes,Scottie,F,,13:14,5.0,9.0,0.556,0.0,1.0,0.0,1.0,3.0,0.333,1.0,1.0,2.0,2.0,0.0,1.0,1.0,1.0,11.0,-8.0
22200031,1610612761,TOR,Toronto,1627783,Pascal Siakam,Pascal,C,,40:11,8.0,19.0,0.421,0.0,2.0,0.0,7.0,8.0,0.875,1.0,7.0,8.0,9.0,1.0,1.0,1.0,4.0,23.0,-5.0
22200031,1610612761,TOR,Toronto,1629018,Gary Trent Jr.,Gary,G,,38:55,7.0,18.0,0.389,5.0,12.0,0.417,4.0,6.0,0.667,0.0,1.0,1.0,2.0,2.0,1.0,1.0,3.0,23.0,-6.0
22200031,1610612761,TOR,Toronto,1627832,Fred VanVleet,Fred,G,,38:49,2.0,9.0,0.222,1.0,6.0,0.167,2.0,2.0,1.0,1.0,1.0,2.0,10.0,3.0,0.0,1.0,5.0,7.0,6.0
22200031,1610612761,TOR,Toronto,1630173,Precious Achiuwa,Precious,,,33:32,5.0,9.0,0.556,2.0,5.0,0.4,6.0,7.0,0.857,3.0,8.0,11.0,1.0,0.0,0.0,1.0,1.0,18.0,16.0
22200031,1610612761,TOR,Toronto,1631132,Christian Koloko,Christian,,,12:18,0.0,0.0,0.0,0.0,0.0,0.0,1.0,2.0,0.5,0.0,2.0,2.0,0.0,0.0,0.0,0.0,0.0,1.0,-5.0
22200031,1610612761,TOR,Toronto,1630625,Dalano Banton,Dalano,,,5:33,1.0,2.0,0.5,1.0,2.0,0.5,0.0,0.0,0.0,0.0,0.0,0.0,0.0,0.0,1.0,0.0,1.0,3.0,-3.0
22200031,1610612761,TOR,Toronto,201152,Thaddeus Young,Thaddeus,,,10:35,2.0,3.0,0.667,0.0,1.0,0.0,0.0,0.0,0.0,1.0,1.0,2.0,0.0,2.0,0.0,1.0,4.0,4.0,-15.0
22200031,1610612761,TOR,Toronto,1630201,Malachi Flynn,Malachi,,,8:32,2.0,4.0,0.5,2.0,4.0,0.5,0.0,0.0,0.0,0.0,0.0,0.0,0.0,0.0,0.0,0.0,3.0,6.0,1.0
22200031,1610612761,TOR,Toronto,203920,Khem Birch,Khem,,DNP - Coach's Decision,,,,,,,,,,,,,,,,,,,,
22200031,1610612761,TOR,Toronto,1630551,Justin Champagnie,Justin,,DNP - Coach's Decision,,,,,,,,,,,,,,,,,,,,
22200031,1610612761,TOR,Toronto,1630288,Jeff Dowtin Jr.,Jeff,,DNP - Coach's Decision,,,,,,,,,,,,,,,,,,,,
22200031,1610612761,TOR,Toronto,1631199,Ron Harper Jr.,Ron,,DNP - Coach's Decision,,,,,,,,,,,,,,,,,,,,
22200031,1610612761,TOR,Toronto,1627823,Juancho Hernangomez,Juancho,,DNP - Coach's Decision,,,,,,,,,,,,,,,,,,,,
22200031,1610612748,MIA,Miami,202710,Jimmy Butler III,Jimmy,F,,34:50,7.0,16.0,0.438,1.0,1.0,1.0,9.0,11.0,0.818,1.0,3.0,4.0,5.0,0.0,0.0,2.0,2.0,24.0,6.0
22200031,1610612748,MIA,Miami,1628997,Caleb Martin,Caleb,F,,22:07,3.0,8.0,0.375,0.0,2.0,0.0,2.0,2.0,1.0,2.0,3.0,5.0,2.0,1.0,0.0,1.0,4.0,8.0,17.0
22200031,1610612748,MIA,Miami,1628389,Bam Adebayo,Bam,C,,35:42,4.0,6.0,0.667,0.0,1.0,0.0,2.0,2.0,1.0,0.0,7.0,7.0,1.0,0.0,0.0,3.0,3.0,10.0,5.0
22200031,1610612748,MIA,Miami,1629639,Tyler Herro,Tyler,G,,22:17,4.0,8.0,0.5,1.0,4.0,0.25,5.0,5.0,1.0,2.0,6.0,8.0,6.0,0.0,0.0,2.0,5.0,14.0,0.0
22200031,1610612748,MIA,Miami,200768,Kyle Lowry,Kyle,G,,37:15,5.0,11.0,0.455,3.0,7.0,0.429,4.0,4.0,1.0,0.0,2.0,2.0,6.0,1.0,0.0,3.0,4.0,17.0,-7.0
22200031,1610612748,MIA,Miami,1629216,Gabe Vincent,Gabe,,,23:44,3.0,7.0,0.429,1.0,5.0,0.2,2.0,2.0,1.0,0.0,7.0,7.0,4.0,0.0,0.0,3.0,2.0,9.0,0.0
22200031,1610612748,MIA,Miami,203473,Dewayne Dedmon,Dewayne,,,12:21,1.0,1.0,1.0,0.0,0.0,0.0,0.0,0.0,0.0,1.0,2.0,3.0,1.0,0.0,0.0,1.0,2.0,2.0,-2.0
22200031,1610612748,MIA,Miami,1629622,Max Strus,Max,,,37:06,8.0,14.0,0.571,3.0,7.0,0.429,1.0,1.0,1.0,0.0,5.0,5.0,3.0,0.0,2.0,0.0,1.0,20.0,-2.0
22200031,1610612748,MIA,Miami,1629130,Duncan Robinson,Duncan,,,14:38,3.0,5.0,0.6,2.0,3.0,0.667,0.0,0.0,0.0,0.0,3.0,3.0,0.0,0.0,0.0,0.0,3.0,8.0,-2.0
22200031,1610612748,MIA,Miami,2617,Udonis Haslem,Udonis,,DNP - Coach's Decision,,,,,,,,,,,,,,,,,,,,
22200031,1610612748,MIA,Miami,1629312,Haywood Highsmith,Haywood,,DNP - Coach's Decision,,,,,,,,,,,,,,,,,,,,
22200031,1610612748,MIA,Miami,1631107,Nikola Jović,Nikola,,DNP - Coach's Decision,,,,,,,,,,,,,,,,,,,,
22200031,1610612748,MIA,Miami,1630696,Dru Smith,Dru,,DNP - Coach's Decision,,,,,,,,,,,,,,,,,,,,
22200025,1610612762,UTA,Utah,1628374,Lauri Markkanen,Lauri,F,,39:08,10.0,23.0,0.435,2.0,10.0,0.2,2.0,2.0,1.0,5.0,8.0,13.0,5.0,0.0,1.0,1.0,1.0,24.0,7.0
22200025,1610612762,UTA,Utah,203482,Kelly Olynyk,Kelly,F,,34:35,8.0,14.0,0.571,5.0,6.0,0.833,0.0,0.0,0.0,1.0,2.0,3.0,3.0,4.0,1.0,4.0,6.0,21.0,7.0
22200025,1610612762,UTA,Utah,1629020,Jarred Vanderbilt,Jarred,C,,24:52,2.0,5.0,0.4,0.0,0.0,0.0,0.0,2.0,0.0,4.0,10.0,14.0,4.0,4.0,0.0,3.0,5.0,4.0,12.0
22200025,1610612762,UTA,Utah,203903,Jordan Clarkson,Jordan,G,,34:53,10.0,17.0,0.588,7.0,12.0,0.583,2.0,2.0,1.0,2.0,3.0,5.0,6.0,0.0,1.0,2.0,1.0,29.0,8.0
22200025,1610612762,UTA,Utah,201144,Mike Conley,Mike,G,,36:13,4.0,15.0,0.267,3.0,9.0,0.333,1.0,2.0,0.5,1.0,2.0,3.0,11.0,2.0,0.0,1.0,5.0,12.0,13.0
22200025,1610612762,UTA,Utah,1631117,Walker Kessler,Walker,,,17:42,2.0,3.0,0.667,0.0,0.0,0.0,2.0,3.0,0.667,3.0,2.0,5.0,2.0,0.0,4.0,1.0,1.0,6.0,-3.0
22200025,1610612762,UTA,Utah,1629012,Collin Sexton,Collin,,,19:19,2.0,6.0,0.333,0.0,0.0,0.0,7.0,8.0,0.875,2.0,1.0,3.0,4.0,0.0,0.0,0.0,1.0,11.0,-7.0
22200025,1610612762,UTA,Utah,200752,Rudy Gay,Rudy,,,13:56,1.0,4.0,0.25,0.0,2.0,0.0,0.0,2.0,0.0,0.0,3.0,3.0,1.0,0.0,1.0,1.0,1.0,2.0,-3.0
22200025,1610612762,UTA,Utah,1627736,Malik Beasley,Malik,,,29:57,6.0,16.0,0.375,3.0,9.0,0.333,0.0,0.0,0.0,0.0,3.0,3.0,1.0,0.0,0.0,0.0,0.0,15.0,-1.0
22200025,1610612762,UTA,Utah,1629659,Talen Horton-Tucker,Talen,,,14:25,4.0,8.0,0.5,0.0,2.0,0.0,0.0,0.0,0.0,1.0,1.0,2.0,2.0,1.0,0.0,0.0,2.0,8.0,-3.0
22200025,1610612762,UTA,Utah,1630534,Ochai Agbaji,Ochai,,DNP - Coach's Decision,,,,,,,,,,,,,,,,,,,,
22200025,1610612762,UTA,Utah,1629638,Nickeil Alexander-Walker,Nickeil,,DNP - Coach's Decision,,,,,,,,,,,,,,,,,,,,
22200025,1610612762,UTA,Utah,1630195,Leandro Bolmaro,Leandro,,DNP - Coach's Decision,,,,,,,,,,,,,,,,,,,,
22200025,1610612762,UTA,Utah,1631323,Simone Fontecchio,Simone,,DNP - Coach's Decision,,,,,,,,,,,,,,,,,,,,
22200025,1610612762,UTA,Utah,1630548,Johnny Juzang,Johnny,,DNP - Coach's Decision,,,,,,,,,,,,,,,,,,,,
22200025,1610612750,MIN,Minnesota,1630183,Jaden McDaniels,Jaden,F,,38:45,4.0,7.0,0.571,0.0,1.0,0.0,2.0,2.0,1.0,1.0,3.0,4.0,0.0,0.0,1.0,0.0,3.0,10.0,-19.0
22200025,1610612750,MIN,Minnesota,1626157,Karl-Anthony Towns,Karl-Anthony,F,,33:20,9.0,25.0,0.36,2.0,6.0,0.333,7.0,8.0,0.875,4.0,4.0,8.0,2.0,0.0,0.0,5.0,5.0,27.0,-3.0
22200025,1610612750,MIN,Minnesota,203497,Rudy Gobert,Rudy,C,,37:48,4.0,10.0,0.4,0.0,0.0,0.0,1.0,3.0,0.333,10.0,13.0,23.0,0.0,1.0,2.0,4.0,3.0,9.0,-9.0
22200025,1610612750,MIN,Minnesota,1630162,Anthony Edwards,Anthony,G,,41:16,12.0,23.0,0.522,3.0,9.0,0.333,3.0,5.0,0.6,1.0,4.0,5.0,2.0,0.0,1.0,5.0,0.0,30.0,-6.0
22200025,1610612750,MIN,Minnesota,1626156,D'Angelo Russell,D'Angelo,G,,39:25,8.0,17.0,0.471,3.0,8.0,0.375,4.0,4.0,1.0,1.0,4.0,5.0,7.0,2.0,1.0,3.0,0.0,23.0,-7.0
22200025,1610612750,MIN,Minnesota,203937,Kyle Anderson,Kyle,,,0:38,0.0,0.0,0.0,0.0,0.0,0.0,0.0,0.0,0.0,0.0,0.0,0.0,0.0,0.0,0.0,0.0,0.0,0.0,3.0
22200025,1610612750,MIN,Minnesota,1629162,Jordan McLaughlin,Jordan,,,15:02,2.0,3.0,0.667,1.0,2.0,0.5,0.0,0.0,0.0,0.0,4.0,4.0,4.0,0.0,0.0,1.0,1.0,5.0,4.0
22200025,1610612750,MIN,Minnesota,1627752,Taurean Prince,Taurean,,,18:24,2.0,4.0,0.5,0.0,1.0,0.0,0.0,0.0,0.0,2.0,4.0,6.0,1.0,0.0,0.0,0.0,3.0,4.0,5.0
22200025,1610612750,MIN,Minnesota,1629669,Jaylen Nowell,Jaylen,,,19:38,8.0,14.0,0.571,2.0,5.0,0.4,0.0,1.0,0.0,1.0,1.0,2.0,3.0,1.0,0.0,0.0,4.0,18.0,7.0
22200025,1610612750,MIN,Minnesota,203085,Austin Rivers,Austin,,,8:28,0.0,1.0,0.0,0.0,0.0,0.0,0.0,0.0,0.0,0.0,1.0,1.0,0.0,0.0,0.0,0.0,0.0,0.0,-5.0
22200025,1610612750,MIN,Minnesota,1629675,Naz Reid,Naz,,,9:19,0.0,3.0,0.0,0.0,1.0,0.0,0.0,0.0,0.0,1.0,1.0,2.0,1.0,1.0,2.0,1.0,2.0,0.0,-1.0
22200025,1610612750,MIN,Minnesota,1627854,Bryn Forbes,Bryn,,,2:57,0.0,0.0,0.0,0.0,0.0,0.0,0.0,0.0,0.0,0.0,0.0,0.0,0.0,0.0,0.0,1.0,1.0,0.0,1.0
22200025,1610612750,MIN,Minnesota,1630233,Nathan Knight,Nathan,,DNP - Coach's Decision,,,,,,,,,,,,,,,,,,,,
22200025,1610612750,MIN,Minnesota,1631169,Josh Minott,Josh,,DNP - Coach's Decision,,,,,,,,,,,,,,,,,,,,
22200025,1610612750,MIN,Minnesota,1631111,Wendell Moore Jr.,Wendell,,DNP - Coach's Decision,,,,,,,,,,,,,,,,,,,,
22200027,1610612756,PHX,Phoenix,1628969,Mikal Bridges,Mikal,F,,37:42,6.0,10.0,0.6,0.0,0.0,0.0,1.0,2.0,0.5,2.0,5.0,7.0,6.0,1.0,0.0,3.0,4.0,13.0,6.0
22200027,1610612756,PHX,Phoenix,1629661,Cameron Johnson,Cameron,F,,22:31,2.0,9.0,0.222,1.0,6.0,0.167,0.0,0.0,0.0,1.0,2.0,3.0,2.0,2.0,0.0,2.0,1.0,5.0,-5.0
22200027,1610612756,PHX,Phoenix,1629028,Deandre Ayton,Deandre,C,,38:29,12.0,22.0,0.545,1.0,1.0,1.0,1.0,3.0,0.333,1.0,5.0,6.0,3.0,1.0,1.0,4.0,5.0,26.0,1.0
22200027,1610612756,PHX,Phoenix,1626164,Devin Booker,Devin,G,,43:55,11.0,23.0,0.478,3.0,7.0,0.429,8.0,9.0,0.889,0.0,5.0,5.0,3.0,1.0,0.0,2.0,1.0,33.0,-2.0
22200027,1610612756,PHX,Phoenix,101108,Chris Paul,Chris,G,,36:09,5.0,11.0,0.455,0.0,1.0,0.0,0.0,0.0,0.0,0.0,4.0,4.0,12.0,5.0,0.0,1.0,5.0,10.0,0.0
22200027,1610612756,PHX,Phoenix,1626166,Cameron Payne,Cameron,,,16:50,1.0,3.0,0.333,1.0,3.0,0.333,2.0,2.0,1.0,0.0,2.0,2.0,1.0,0.0,0.0,2.0,2.0,5.0,-2.0
22200027,1610612756,PHX,Phoenix,1628470,Torrey Craig,Torrey,,,10:30,1.0,3.0,0.333,1.0,3.0,0.333,0.0,0.0,0.0,0.0,1.0,1.0,1.0,1.0,0.0,1.0,0.0,3.0,-3.0
22200027,1610612756,PHX,Phoenix,1629111,Jock Landale,Jock,,,14:28,2.0,5.0,0.4,1.0,2.0,0.5,1.0,2.0,0.5,2.0,2.0,4.0,0.0,0.0,0.0,1.0,4.0,6.0,-3.0
22200027,1610612756,PHX,Phoenix,1627814,Damion Lee,Damion,,,30:50,2.0,6.0,0.333,2.0,4.0,0.5,2.0,3.0,0.667,2.0,4.0,6.0,3.0,2.0,0.0,0.0,5.0,8.0,3.0
22200027,1610612756,PHX,Phoenix,1629006,Josh Okogie,Josh,,,13:36,1.0,2.0,0.5,0.0,0.0,0.0,0.0,0.0,0.0,1.0,2.0,3.0,0.0,1.0,0.0,0.0,2.0,2.0,-5.0
22200027,1610612756,PHX,Phoenix,202687,Bismack Biyombo,Bismack,,,0:01,0.0,0.0,0.0,0.0,0.0,0.0,0.0,0.0,0.0,0.0,0.0,0.0,0.0,0.0,0.0,0.0,0.0,0.0,0.0
22200027,1610612756,PHX,Phoenix,203967,Dario Šarić,Dario,,DNP - Coach's Decision,,,,,,,,,,,,,,,,,,,,
22200027,1610612756,PHX,Phoenix,1630688,Ish Wainright,Ish,,DNP - Coach's Decision,,,,,,,,,,,,,,,,,,,,
22200027,1610612756,PHX,Phoenix,1630613,Duane Washington Jr.,Duane,,DNP - Coach's Decision,,,,,,,,,,,,,,,,,,,,
22200027,1610612757,POR,Portland,1628404,Josh Hart,Josh,F,,40:59,3.0,9.0,0.333,1.0,2.0,0.5,3.0,4.0,0.75,3.0,4.0,7.0,3.0,2.0,0.0,1.0,3.0,10.0,-3.0
22200027,1610612757,POR,Portland,203924,Jerami Grant,Jerami,F,,40:06,3.0,7.0,0.429,1.0,2.0,0.5,1.0,4.0,0.25,0.0,4.0,4.0,2.0,0.0,2.0,1.0,1.0,8.0,-4.0
22200027,1610612757,POR,Portland,203994,Jusuf Nurkić,Jusuf,C,,35:09,6.0,10.0,0.6,0.0,1.0,0.0,8.0,9.0,0.889,4.0,13.0,17.0,2.0,1.0,1.0,3.0,4.0,20.0,0.0
22200027,1610612757,POR,Portland,1629014,Anfernee Simons,Anfernee,G,,42:01,5.0,17.0,0.294,2.0,8.0,0.25,4.0,4.0,1.0,2.0,1.0,3.0,3.0,1.0,0.0,4.0,2.0,16.0,2.0
22200027,1610612757,POR,Portland,203081,Damian Lillard,Damian,G,,42:37,12.0,25.0,0.48,5.0,12.0,0.417,12.0,12.0,1.0,1.0,6.0,7.0,3.0,0.0,1.0,4.0,2.0,41.0,-2.0
22200027,1610612757,POR,Portland,1626159,Justise Winslow,Justise,,,23:54,1.0,4.0,0.25,0.0,2.0,0.0,2.0,2.0,1.0,1.0,1.0,2.0,1.0,2.0,1.0,2.0,2.0,4.0,1.0
22200027,1610612757,POR,Portland,1629234,Drew Eubanks,Drew,,,15:30,2.0,3.0,0.667,0.0,0.0,0.0,1.0,1.0,1.0,1.0,4.0,5.0,0.0,1.0,0.0,2.0,0.0,5.0,5.0
22200027,1610612757,POR,Portland,1631101,Shaedon Sharpe,Shaedon,,,11:57,0.0,2.0,0.0,0.0,1.0,0.0,0.0,0.0,0.0,0.0,2.0,2.0,0.0,0.0,0.0,1.0,4.0,0.0,7.0
22200027,1610612757,POR,Portland,1629642,Nassir Little,Nassir,,,12:47,4.0,5.0,0.8,1.0,1.0,1.0,0.0,0.0,0.0,1.0,0.0,1.0,0.0,1.0,0.0,0.0,1.0,9.0,4.0
22200027,1610612757,POR,Portland,1630535,Greg Brown III,Greg,,DNP - Coach's Decision,,,,,,,,,,,,,,,,,,,,
22200027,1610612757,POR,Portland,1630553,Keon Johnson,Keon,,DNP - Coach's Decision,,,,,,,,,,,,,,,,,,,,
22200027,1610612757,POR,Portland,1631133,Jabari Walker,Jabari,,DNP - Coach's Decision,,,,,,,,,,,,,,,,,,,,
22200023,1610612765,DET,Detroit,1630180,Saddiq Bey,Saddiq,F,,32:59,9.0,15.0,0.6,4.0,8.0,0.5,4.0,4.0,1.0,1.0,6.0,7.0,0.0,1.0,1.0,2.0,1.0,26.0,-3.0
22200023,1610612765,DET,Detroit,202711,Bojan Bogdanović,Bojan,F,,26:02,7.0,9.0,0.778,1.0,2.0,0.5,3.0,4.0,0.75,0.0,4.0,4.0,1.0,0.0,0.0,1.0,0.0,18.0,-6.0
22200023,1610612765,DET,Detroit,1630191,Isaiah Stewart,Isaiah,C,,30:20,3.0,9.0,0.333,1.0,6.0,0.167,1.0,4.0,0.25,2.0,8.0,10.0,1.0,1.0,1.0,1.0,3.0,8.0,-7.0
22200023,1610612765,DET,Detroit,1630595,Cade Cunningham,Cade,G,,32:27,6.0,16.0,0.375,1.0,6.0,0.167,2.0,4.0,0.5,4.0,4.0,8.0,7.0,2.0,0.0,4.0,3.0,15.0,0.0
22200023,1610612765,DET,Detroit,1631093,Jaden Ivey,Jaden,G,,29:04,6.0,12.0,0.5,1.0,4.0,0.25,4.0,4.0,1.0,1.0,1.0,2.0,9.0,0.0,0.0,4.0,4.0,17.0,-5.0
22200023,1610612765,DET,Detroit,1631105,Jalen Duren,Jalen,,,22:40,4.0,8.0,0.5,0.0,1.0,0.0,0.0,1.0,0.0,3.0,7.0,10.0,0.0,1.0,0.0,1.0,4.0,8.0,-12.0
22200023,1610612765,DET,Detroit,1630165,Killian Hayes,Killian,,,17:31,0.0,5.0,0.0,0.0,3.0,0.0,1.0,2.0,0.5,0.0,1.0,1.0,5.0,0.0,0.0,1.0,4.0,1.0,-14.0
22200023,1610612765,DET,Detroit,1628995,Kevin Knox II,Kevin,,,11:22,1.0,6.0,0.167,0.0,3.0,0.0,0.0,0.0,0.0,1.0,1.0,2.0,0.0,0.0,0.0,0.0,0.0,2.0,-22.0
22200023,1610612765,DET,Detroit,202709,Cory Joseph,Cory,,,12:19,0.0,1.0,0.0,0.0,0.0,0.0,0.0,0.0,0.0,1.0,1.0,2.0,3.0,0.0,0.0,1.0,1.0,0.0,-26.0
22200023,1610612765,DET,Detroit,1628977,Hamidou Diallo,Hamidou,,,15:01,1.0,5.0,0.2,0.0,0.0,0.0,2.0,7.0,0.286,0.0,2.0,2.0,0.0,1.0,0.0,0.0,1.0,4.0,-21.0
22200023,1610612765,DET,Detroit,1630296,Braxton Key,Braxton,,,4:39,1.0,1.0,1.0,0.0,0.0,0.0,2.0,2.0,1.0,0.0,0.0,0.0,0.0,0.0,0.0,0.0,0.0,4.0,-3.0
22200023,1610612765,DET,Detroit,203585,Rodney McGruder,Rodney,,,4:39,1.0,3.0,0.333,1.0,3.0,0.333,0.0,0.0,0.0,0.0,1.0,1.0,0.0,0.0,0.0,0.0,0.0,3.0,-3.0
22200023,1610612765,DET,Detroit,1631205,Buddy Boeheim,Buddy,,,0:57,0.0,0.0,0.0,0.0,0.0,0.0,0.0,0.0,0.0,0.0,0.0,0.0,0.0,0.0,0.0,0.0,0.0,0.0,2.0
22200023,1610612765,DET,Detroit,203457,Nerlens Noel,Nerlens,,DNP - Coach's Decision,,,,,,,,,,,,,,,,,,,,
22200023,1610612752,NYK,New York,1629628,RJ Barrett,RJ,F,,27:36,8.0,15.0,0.533,0.0,3.0,0.0,2.0,2.0,1.0,0.0,3.0,3.0,4.0,0.0,1.0,1.0,2.0,18.0,12.0
22200023,1610612752,NYK,New York,203944,Julius Randle,Julius,F,,25:27,5.0,12.0,0.417,2.0,3.0,0.667,3.0,4.0,0.75,1.0,5.0,6.0,0.0,0.0,0.0,0.0,2.0,15.0,-1.0
22200023,1610612752,NYK,New York,1629011,Mitchell Robinson,Mitchell,C,,23:25,3.0,3.0,1.0,0.0,0.0,0.0,2.0,4.0,0.5,4.0,1.0,5.0,1.0,0.0,2.0,2.0,2.0,8.0,5.0
22200023,1610612752,NYK,New York,1628973,Jalen Brunson,Jalen,G,,28:22,6.0,11.0,0.545,2.0,4.0,0.5,3.0,5.0,0.6,0.0,2.0,2.0,6.0,1.0,0.0,0.0,2.0,17.0,3.0
22200023,1610612752,NYK,New York,203095,Evan Fournier,Evan,G,,19:57,3.0,8.0,0.375,2.0,5.0,0.4,0.0,0.0,0.0,0.0,1.0,1.0,2.0,1.0,1.0,1.0,4.0,8.0,-1.0
22200023,1610612752,NYK,New York,1628392,Isaiah Hartenstein,Isaiah,,,21:10,2.0,4.0,0.5,1.0,2.0,0.5,1.0,2.0,0.5,4.0,7.0,11.0,0.0,2.0,1.0,1.0,4.0,6.0,21.0
22200023,1610612752,NYK,New York,1629629,Cam Reddish,Cam,,,18:35,3.0,8.0,0.375,0.0,2.0,0.0,0.0,0.0,0.0,0.0,4.0,4.0,0.0,0.0,0.0,2.0,3.0,6.0,12.0
22200023,1610612752,NYK,New York,1630193,Immanuel Quickley,Immanuel,,,27:06,8.0,14.0,0.571,3.0,8.0,0.375,1.0,1.0,1.0,1.0,6.0,7.0,7.0,0.0,0.0,3.0,2.0,20.0,27.0
22200023,1610612752,NYK,New York,1630167,Obi Toppin,Obi,,,20:44,7.0,12.0,0.583,2.0,5.0,0.4,0.0,0.0,0.0,1.0,3.0,4.0,3.0,0.0,1.0,0.0,1.0,16.0,25.0
22200023,1610612752,NYK,New York,201565,Derrick Rose,Derrick,,,16:13,4.0,6.0,0.667,3.0,4.0,0.75,2.0,2.0,1.0,0.0,3.0,3.0,6.0,0.0,0.0,2.0,2.0,13.0,23.0
22200023,1610612752,NYK,New York,1630540,Miles McBride,Miles,,,3:25,0.0,0.0,0.0,0.0,0.0,0.0,0.0,2.0,0.0,0.0,0.0,0.0,0.0,0.0,0.0,0.0,1.0,0.0,-2.0
22200023,1610612752,NYK,New York,1630579,Jericho Sims,Jericho,,,3:25,0.0,0.0,0.0,0.0,0.0,0.0,0.0,0.0,0.0,0.0,1.0,1.0,0.0,0.0,0.0,0.0,0.0,0.0,-2.0
22200023,1610612752,NYK,New York,1627853,Ryan Arcidiacono,Ryan,,,1:49,0.0,0.0,0.0,0.0,0.0,0.0,0.0,0.0,0.0,0.0,0.0,0.0,0.0,0.0,0.0,0.0,1.0,0.0,0.0
22200023,1610612752,NYK,New York,1629004,Svi Mykhailiuk,Svi,,,1:49,1.0,1.0,1.0,1.0,1.0,1.0,0.0,0.0,0.0,0.0,2.0,2.0,0.0,0.0,0.0,0.0,0.0,3.0,0.0
22200023,1610612752,NYK,New York,1631211,Trevor Keels,Trevor,,,0:57,0.0,1.0,0.0,0.0,1.0,0.0,0.0,0.0,0.0,0.0,1.0,1.0,0.0,0.0,0.0,0.0,0.0,0.0,-2.0
22200019,1610612741,CHI,Chicago,201942,DeMar DeRozan,DeMar,F,,36:47,11.0,23.0,0.478,0.0,2.0,0.0,10.0,11.0,0.909,1.0,5.0,6.0,6.0,1.0,0.0,3.0,1.0,32.0,1.0
22200019,1610612741,CHI,Chicago,1630172,Patrick Williams,Patrick,F,,23:57,2.0,5.0,0.4,1.0,3.0,0.333,2.0,2.0,1.0,1.0,0.0,1.0,0.0,0.0,1.0,1.0,1.0,7.0,-23.0
22200019,1610612741,CHI,Chicago,202696,Nikola Vučević,Nikola,C,,29:59,5.0,14.0,0.357,2.0,7.0,0.286,12.0,12.0,1.0,2.0,6.0,8.0,1.0,0.0,0.0,1.0,0.0,24.0,-10.0
22200019,1610612741,CHI,Chicago,1627936,Alex Caruso,Alex,G,,30:45,1.0,4.0,0.25,0.0,2.0,0.0,1.0,2.0,0.5,0.0,3.0,3.0,1.0,3.0,1.0,4.0,1.0,3.0,-8.0
22200019,1610612741,CHI,Chicago,1630245,Ayo Dosunmu,Ayo,G,,31:00,3.0,9.0,0.333,1.0,4.0,0.25,0.0,0.0,0.0,1.0,4.0,5.0,2.0,1.0,0.0,0.0,3.0,7.0,-19.0
22200019,1610612741,CHI,Chicago,1629632,Coby White,Coby,,,31:03,3.0,6.0,0.5,2.0,4.0,0.5,2.0,4.0,0.5,0.0,2.0,2.0,1.0,1.0,0.0,1.0,1.0,10.0,17.0
22200019,1610612741,CHI,Chicago,1629750,Javonte Green,Javonte,,,15:10,0.0,4.0,0.0,0.0,2.0,0.0,0.0,0.0,0.0,0.0,1.0,1.0,2.0,2.0,0.0,0.0,2.0,0.0,2.0
22200019,1610612741,CHI,Chicago,203083,Andre Drummond,Andre,,,18:01,5.0,6.0,0.833,0.0,0.0,0.0,0.0,2.0,0.0,3.0,7.0,10.0,1.0,0.0,1.0,3.0,2.0,10.0,8.0
22200019,1610612741,CHI,Chicago,201609,Goran Dragic,Goran,,,23:18,3.0,8.0,0.375,1.0,3.0,0.333,0.0,0.0,0.0,2.0,0.0,2.0,5.0,0.0,0.0,0.0,4.0,7.0,22.0
22200019,1610612741,CHI,Chicago,1628396,Tony Bradley,Tony,,DNP - Coach's Decision,,,,,,,,,,,,,,,,,,,,
22200019,1610612741,CHI,Chicago,1630792,Malcolm Hill,Malcolm,,DNP - Coach's Decision,,,,,,,,,,,,,,,,,,,,
22200019,1610612741,CHI,Chicago,1627884,Derrick Jones Jr.,Derrick,,DNP - Coach's Decision,,,,,,,,,,,,,,,,,,,,
22200019,1610612741,CHI,Chicago,1630250,Marko Simonovic,Marko,,DNP - Coach's Decision,,,,,,,,,,,,,,,,,,,,
22200019,1610612741,CHI,Chicago,1631207,Dalen Terry,Dalen,,DNP - Coach's Decision,,,,,,,,,,,,,,,,,,,,
22200019,1610612764,WAS,Washington,1630166,Deni Avdija,Deni,F,,23:01,2.0,4.0,0.5,2.0,2.0,1.0,0.0,0.0,0.0,0.0,10.0,10.0,4.0,1.0,1.0,1.0,5.0,6.0,16.0
22200019,1610612764,WAS,Washington,1628398,Kyle Kuzma,Kyle,F,,33:54,8.0,16.0,0.5,4.0,8.0,0.5,6.0,7.0,0.857,1.0,5.0,6.0,2.0,0.0,0.0,1.0,1.0,26.0,6.0
22200019,1610612764,WAS,Washington,204001,Kristaps Porziņģis,Kristaps,C,,28:47,6.0,13.0,0.462,2.0,5.0,0.4,0.0,0.0,0.0,0.0,3.0,3.0,2.0,1.0,2.0,1.0,6.0,14.0,17.0
22200019,1610612764,WAS,Washington,203078,Bradley Beal,Bradley,G,,36:39,9.0,14.0,0.643,1.0,2.0,0.5,0.0,0.0,0.0,0.0,1.0,1.0,8.0,0.0,2.0,5.0,2.0,19.0,4.0
22200019,1610612764,WAS,Washington,1628420,Monté Morris,Monté,G,,26:26,4.0,8.0,0.5,1.0,3.0,0.333,0.0,0.0,0.0,0.0,4.0,4.0,3.0,1.0,1.0,0.0,0.0,9.0,5.0
22200019,1610612764,WAS,Washington,1629060,Rui Hachimura,Rui,,,23:60,4.0,9.0,0.444,0.0,2.0,0.0,4.0,4.0,1.0,1.0,3.0,4.0,1.0,0.0,0.0,2.0,0.0,12.0,-17.0
22200019,1610612764,WAS,Washington,1626153,Delon Wright,Delon,,,21:34,3.0,8.0,0.375,0.0,3.0,0.0,0.0,0.0,0.0,2.0,1.0,3.0,4.0,3.0,1.0,2.0,1.0,6.0,-3.0
22200019,1610612764,WAS,Washington,203115,Will Barton,Will,,,17:17,3.0,6.0,0.5,0.0,1.0,0.0,0.0,0.0,0.0,1.0,4.0,5.0,1.0,1.0,0.0,1.0,1.0,6.0,-5.0
22200019,1610612764,WAS,Washington,1629655,Daniel Gafford,Daniel,,,17:45,1.0,1.0,1.0,0.0,0.0,0.0,0.0,0.0,0.0,0.0,2.0,2.0,0.0,1.0,1.0,3.0,4.0,2.0,-15.0
22200019,1610612764,WAS,Washington,1630264,Anthony Gill,Anthony,,,10:37,1.0,1.0,1.0,0.0,0.0,0.0,0.0,0.0,0.0,0.0,1.0,1.0,1.0,0.0,0.0,0.0,2.0,2.0,2.0
22200019,1610612764,WAS,Washington,1631098,Johnny Davis,Johnny,,DNP - Coach's Decision,,,,,,,,,,,,,,,,,,,,
22200019,1610612764,WAS,Washington,201959,Taj Gibson,Taj,,DNP - Coach's Decision,,,,,,,,,,,,,,,,,,,,
22200019,1610612764,WAS,Washington,1630692,Jordan Goodwin,Jordan,,DNP - Coach's Decision,,,,,,,,,,,,,,,,,,,,
22200019,1610612764,WAS,Washington,1630648,Jordan Schakel,Jordan,,DNP - Coach's Decision,,,,,,,,,,,,,,,,,,,,
22200019,1610612764,WAS,Washington,1630225,Isaiah Todd,Isaiah,,DNP - Coach's Decision,,,,,,,,,,,,,,,,,,,,
22200017,1610612740,NOP,New Orleans,1627742,Brandon Ingram,Brandon,F,,37:29,8.0,16.0,0.5,1.0,1.0,1.0,11.0,11.0,1.0,0.0,9.0,9.0,7.0,2.0,1.0,5.0,0.0,28.0,23.0
22200017,1610612740,NOP,New Orleans,1629627,Zion Williamson,Zion,F,,30:43,7.0,19.0,0.368,0.0,0.0,0.0,2.0,4.0,0.5,2.0,3.0,5.0,3.0,1.0,0.0,3.0,0.0,16.0,13.0
22200017,1610612740,NOP,New Orleans,202685,Jonas Valančiūnas,Jonas,C,,29:27,8.0,11.0,0.727,1.0,3.0,0.333,13.0,14.0,0.929,4.0,13.0,17.0,4.0,1.0,1.0,1.0,1.0,30.0,19.0
22200017,1610612740,NOP,New Orleans,1630529,Herbert Jones,Herbert,G,,31:59,2.0,3.0,0.667,0.0,0.0,0.0,3.0,3.0,1.0,1.0,1.0,2.0,2.0,0.0,2.0,0.0,4.0,7.0,16.0
22200017,1610612740,NOP,New Orleans,203468,CJ McCollum,CJ,G,,31:34,9.0,17.0,0.529,2.0,6.0,0.333,1.0,1.0,1.0,2.0,4.0,6.0,2.0,1.0,0.0,3.0,3.0,21.0,15.0
22200017,1610612740,NOP,New Orleans,1630631,Jose Alvarado,Jose,,,14:37,2.0,4.0,0.5,1.0,3.0,0.333,1.0,2.0,0.5,0.0,2.0,2.0,1.0,1.0,0.0,2.0,0.0,6.0,-4.0
22200017,1610612740,NOP,New Orleans,1626204,Larry Nance Jr.,Larry,,,15:10,1.0,2.0,0.5,0.0,0.0,0.0,0.0,0.0,0.0,2.0,0.0,2.0,2.0,0.0,2.0,0.0,2.0,2.0,-6.0
22200017,1610612740,NOP,New Orleans,1630530,Trey Murphy III,Trey,,,19:49,3.0,9.0,0.333,2.0,5.0,0.4,0.0,0.0,0.0,1.0,2.0,3.0,0.0,3.0,0.0,0.0,2.0,8.0,-11.0
22200017,1610612740,NOP,New Orleans,1630230,Naji Marshall,Naji,,,11:55,0.0,1.0,0.0,0.0,0.0,0.0,0.0,0.0,0.0,1.0,0.0,1.0,1.0,0.0,1.0,1.0,1.0,0.0,4.0
22200017,1610612740,NOP,New Orleans,1628984,Devonte' Graham,Devonte',,,11:24,1.0,4.0,0.25,1.0,4.0,0.25,1.0,2.0,0.5,0.0,1.0,1.0,1.0,0.0,0.0,0.0,0.0,4.0,-6.0
22200017,1610612740,NOP,New Orleans,1626195,Willy Hernangomez,Willy,,,5:53,1.0,3.0,0.333,0.0,0.0,0.0,0.0,0.0,0.0,2.0,3.0,5.0,0.0,0.0,0.0,0.0,1.0,2.0,-3.0
22200017,1610612740,NOP,New Orleans,1630700,Dyson Daniels,Dyson,,DNP - Coach's Decision,,,,,,,,,,,,,,,,,,,,
22200017,1610612740,NOP,New Orleans,1629637,Jaxson Hayes,Jaxson,,DNP - Injury/Illness,,,,,,,,,,,,,,,,,,,,
22200017,1610612740,NOP,New Orleans,1631220,Dereon Seabron,Dereon,,DNP - Coach's Decision,,,,,,,,,,,,,,,,,,,,
22200017,1610612740,NOP,New Orleans,202066,Garrett Temple,Garrett,,DNP - Coach's Decision,,,,,,,,,,,,,,,,,,,,
22200017,1610612766,CHA,Charlotte,202330,Gordon Hayward,Gordon,F,,37:11,12.0,19.0,0.632,1.0,2.0,0.5,1.0,2.0,0.5,1.0,1.0,2.0,7.0,2.0,0.0,2.0,2.0,26.0,-6.0
22200017,1610612766,CHA,Charlotte,1629023,P.J. Washington,P.J.,F,,29:21,4.0,13.0,0.308,2.0,8.0,0.25,0.0,0.0,0.0,2.0,1.0,3.0,2.0,1.0,1.0,3.0,5.0,10.0,-24.0
22200017,1610612766,CHA,Charlotte,203486,Mason Plumlee,Mason,C,,18:52,4.0,5.0,0.8,0.0,0.0,0.0,0.0,0.0,0.0,2.0,3.0,5.0,4.0,0.0,0.0,1.0,5.0,8.0,-1.0
22200017,1610612766,CHA,Charlotte,1626162,Kelly Oubre Jr.,Kelly,G,,30:12,6.0,13.0,0.462,2.0,6.0,0.333,1.0,2.0,0.5,1.0,3.0,4.0,0.0,3.0,0.0,2.0,4.0,15.0,-24.0
22200017,1610612766,CHA,Charlotte,1626179,Terry Rozier,Terry,G,,36:08,7.0,24.0,0.292,2.0,8.0,0.25,7.0,8.0,0.875,4.0,4.0,8.0,11.0,1.0,2.0,2.0,1.0,23.0,-5.0
22200017,1610612766,CHA,Charlotte,1630208,Nick Richards,Nick,,,26:13,2.0,4.0,0.5,0.0,0.0,0.0,2.0,2.0,1.0,1.0,5.0,6.0,0.0,0.0,0.0,0.0,2.0,6.0,-8.0
22200017,1610612766,CHA,Charlotte,1629667,Jalen McDaniels,Jalen,,,26:30,5.0,7.0,0.714,4.0,4.0,1.0,0.0,0.0,0.0,0.0,5.0,5.0,2.0,0.0,1.0,1.0,4.0,14.0,7.0
22200017,1610612766,CHA,Charlotte,1628372,Dennis Smith Jr.,Dennis,,,22:24,4.0,7.0,0.571,2.0,3.0,0.667,0.0,0.0,0.0,0.0,2.0,2.0,4.0,2.0,0.0,1.0,1.0,10.0,2.0
22200017,1610612766,CHA,Charlotte,1630547,James Bouknight,James,,,13:09,0.0,5.0,0.0,0.0,3.0,0.0,0.0,0.0,0.0,0.0,2.0,2.0,0.0,0.0,0.0,1.0,0.0,0.0,-1.0
22200017,1610612766,CHA,Charlotte,1630539,Kai Jones,Kai,,DNP - Coach's Decision,,,,,,,,,,,,,,,,,,,,
22200017,1610612766,CHA,Charlotte,1630177,Theo Maledon,Theo,,DNP - Coach's Decision,,,,,,,,,,,,,,,,,,,,
22200017,1610612766,CHA,Charlotte,1631121,Bryce McGowens,Bryce,,DNP - Coach's Decision,,,,,,,,,,,,,,,,,,,,
22200017,1610612766,CHA,Charlotte,1630550,JT Thor,JT,,DNP - Coach's Decision,,,,,,,,,,,,,,,,,,,,
22200017,1610612766,CHA,Charlotte,1631109,Mark Williams,Mark,,DNP - Coach's Decision,,,,,,,,,,,,,,,,,,,,
22200022,1610612738,BOS,Boston,1627759,Jaylen Brown,Jaylen,F,,34:01,12.0,18.0,0.667,2.0,3.0,0.667,2.0,2.0,1.0,1.0,3.0,4.0,3.0,2.0,2.0,3.0,5.0,28.0,-4.0
22200022,1610612738,BOS,Boston,1628369,Jayson Tatum,Jayson,F,,36:47,10.0,22.0,0.455,2.0,7.0,0.286,7.0,7.0,1.0,2.0,3.0,5.0,4.0,1.0,2.0,2.0,1.0,29.0,-1.0
22200022,1610612738,BOS,Boston,201143,Al Horford,Al,C,,33:30,3.0,5.0,0.6,3.0,5.0,0.6,0.0,0.0,0.0,1.0,4.0,5.0,1.0,0.0,0.0,3.0,2.0,9.0,-3.0
22200022,1610612738,BOS,Boston,1628401,Derrick White,Derrick,G,,24:39,2.0,5.0,0.4,2.0,4.0,0.5,4.0,4.0,1.0,0.0,7.0,7.0,1.0,0.0,3.0,1.0,4.0,10.0,1.0
22200022,1610612738,BOS,Boston,203935,Marcus Smart,Marcus,G,,33:23,4.0,9.0,0.444,0.0,4.0,0.0,0.0,0.0,0.0,1.0,4.0,5.0,3.0,0.0,0.0,5.0,2.0,8.0,-2.0
22200022,1610612738,BOS,Boston,1629684,Grant Williams,Grant,,,25:24,4.0,6.0,0.667,2.0,4.0,0.5,0.0,0.0,0.0,1.0,6.0,7.0,2.0,0.0,2.0,1.0,1.0,10.0,15.0
22200022,1610612738,BOS,Boston,203943,Noah Vonleh,Noah,,,14:30,2.0,2.0,1.0,0.0,0.0,0.0,0.0,0.0,0.0,3.0,2.0,5.0,0.0,0.0,2.0,2.0,4.0,4.0,10.0
22200022,1610612738,BOS,Boston,1630573,Sam Hauser,Sam,,,12:55,2.0,3.0,0.667,2.0,3.0,0.667,0.0,0.0,0.0,0.0,0.0,0.0,0.0,1.0,0.0,0.0,2.0,6.0,12.0
22200022,1610612738,BOS,Boston,1627763,Malcolm Brogdon,Malcolm,,,24:51,2.0,9.0,0.222,1.0,3.0,0.333,2.0,2.0,1.0,3.0,2.0,5.0,3.0,0.0,0.0,2.0,2.0,7.0,7.0
22200022,1610612738,BOS,Boston,1631120,JD Davison,JD,,DNP - Coach's Decision,,,,,,,,,,,,,,,,,,,,
22200022,1610612738,BOS,Boston,201933,Blake Griffin,Blake,,DNP - Coach's Decision,,,,,,,,,,,,,,,,,,,,
22200022,1610612738,BOS,Boston,1628382,Justin Jackson,Justin,,DNP - Coach's Decision,,,,,,,,,,,,,,,,,,,,
22200022,1610612738,BOS,Boston,1629662,Mfiondu Kabengele,Mfiondu,,DNP - Coach's Decision,,,,,,,,,,,,,,,,,,,,
22200022,1610612738,BOS,Boston,1628436,Luke Kornet,Luke,,DNP - Coach's Decision,,,,,,,,,,,,,,,,,,,,
22200022,1610612738,BOS,Boston,1630202,Payton Pritchard,Payton,,DNP - Coach's Decision,,,,,,,,,,,,,,,,,,,,
22200022,1610612748,MIA,Miami,202710,Jimmy Butler III,Jimmy,F,,40:08,9.0,17.0,0.529,0.0,1.0,0.0,0.0,0.0,0.0,3.0,4.0,7.0,5.0,1.0,0.0,0.0,0.0,18.0,7.0
22200022,1610612748,MIA,Miami,1628997,Caleb Martin,Caleb,F,,28:46,2.0,7.0,0.286,0.0,1.0,0.0,0.0,0.0,0.0,3.0,4.0,7.0,0.0,1.0,0.0,0.0,2.0,4.0,0.0
22200022,1610612748,MIA,Miami,1628389,Bam Adebayo,Bam,C,,34:52,8.0,11.0,0.727,0.0,0.0,0.0,3.0,4.0,0.75,3.0,5.0,8.0,5.0,2.0,0.0,5.0,4.0,19.0,20.0
22200022,1610612748,MIA,Miami,1629639,Tyler Herro,Tyler,G,,36:06,10.0,21.0,0.476,2.0,6.0,0.333,3.0,3.0,1.0,0.0,6.0,6.0,3.0,0.0,2.0,1.0,3.0,25.0,-1.0
22200022,1610612748,MIA,Miami,200768,Kyle Lowry,Kyle,G,,33:23,4.0,13.0,0.308,3.0,7.0,0.429,6.0,8.0,0.75,1.0,3.0,4.0,6.0,3.0,1.0,0.0,3.0,17.0,2.0
22200022,1610612748,MIA,Miami,203473,Dewayne Dedmon,Dewayne,,,8:43,1.0,3.0,0.333,0.0,1.0,0.0,0.0,0.0,0.0,0.0,0.0,0.0,0.0,0.0,0.0,0.0,2.0,2.0,-18.0
22200022,1610612748,MIA,Miami,1629622,Max Strus,Max,,,23:24,1.0,5.0,0.2,0.0,3.0,0.0,0.0,0.0,0.0,0.0,1.0,1.0,1.0,0.0,0.0,1.0,1.0,2.0,-25.0
22200022,1610612748,MIA,Miami,1629216,Gabe Vincent,Gabe,,,24:06,7.0,13.0,0.538,3.0,5.0,0.6,0.0,0.0,0.0,0.0,0.0,0.0,2.0,1.0,0.0,2.0,3.0,17.0,-6.0
22200022,1610612748,MIA,Miami,1629130,Duncan Robinson,Duncan,,,6:07,0.0,0.0,0.0,0.0,0.0,0.0,0.0,0.0,0.0,1.0,0.0,1.0,1.0,0.0,0.0,0.0,0.0,0.0,-5.0
22200022,1610612748,MIA,Miami,1629312,Haywood Highsmith,Haywood,,,4:25,0.0,2.0,0.0,0.0,2.0,0.0,0.0,0.0,0.0,0.0,2.0,2.0,0.0,0.0,0.0,0.0,0.0,0.0,-9.0
22200022,1610612748,MIA,Miami,2617,Udonis Haslem,Udonis,,DNP - Coach's Decision,,,,,,,,,,,,,,,,,,,,
22200022,1610612748,MIA,Miami,1631107,Nikola Jović,Nikola,,DNP - Coach's Decision,,,,,,,,,,,,,,,,,,,,
22200022,1610612748,MIA,Miami,1630696,Dru Smith,Dru,,DNP - Coach's Decision,,,,,,,,,,,,,,,,,,,,
22200018,1610612759,SAS,San Antonio,1629640,Keldon Johnson,Keldon,F,,33:24,8.0,15.0,0.533,4.0,9.0,0.444,3.0,4.0,0.75,0.0,3.0,3.0,6.0,1.0,0.0,2.0,4.0,23.0,16.0
22200018,1610612759,SAS,San Antonio,1631110,Jeremy Sochan,Jeremy,F,,21:04,2.0,4.0,0.5,0.0,1.0,0.0,0.0,0.0,0.0,1.0,4.0,5.0,1.0,0.0,0.0,1.0,3.0,4.0,2.0
22200018,1610612759,SAS,San Antonio,1627751,Jakob Poeltl,Jakob,C,,28:36,4.0,6.0,0.667,0.0,0.0,0.0,13.0,21.0,0.619,2.0,6.0,8.0,5.0,1.0,1.0,2.0,1.0,21.0,12.0
22200018,1610612759,SAS,San Antonio,1630170,Devin Vassell,Devin,G,,33:45,7.0,15.0,0.467,4.0,7.0,0.571,5.0,6.0,0.833,0.0,5.0,5.0,4.0,2.0,0.0,0.0,1.0,23.0,-9.0
22200018,1610612759,SAS,San Antonio,1630200,Tre Jones,Tre,G,,35:02,6.0,12.0,0.5,1.0,3.0,0.333,5.0,6.0,0.833,1.0,3.0,4.0,4.0,2.0,0.0,3.0,4.0,18.0,-10.0
22200018,1610612759,SAS,San Antonio,1626196,Josh Richardson,Josh,,,28:12,8.0,13.0,0.615,6.0,8.0,0.75,5.0,5.0,1.0,0.0,2.0,2.0,1.0,1.0,0.0,3.0,3.0,27.0,3.0
22200018,1610612759,SAS,San Antonio,1630563,Joshua Primo,Joshua,,,20:49,1.0,2.0,0.5,0.0,1.0,0.0,1.0,2.0,0.5,0.0,4.0,4.0,7.0,1.0,0.0,3.0,2.0,3.0,14.0
22200018,1610612759,SAS,San Antonio,1628380,Zach Collins,Zach,,,18:27,5.0,8.0,0.625,1.0,1.0,1.0,0.0,0.0,0.0,2.0,2.0,4.0,3.0,1.0,3.0,2.0,3.0,11.0,-4.0
22200018,1610612759,SAS,San Antonio,203926,Doug McDermott,Doug,,,12:08,1.0,3.0,0.333,1.0,1.0,1.0,0.0,0.0,0.0,0.0,1.0,1.0,3.0,0.0,0.0,1.0,1.0,3.0,-10.0
22200018,1610612759,SAS,San Antonio,1628966,Keita Bates-Diop,Keita,,,8:33,2.0,3.0,0.667,0.0,0.0,0.0,0.0,0.0,0.0,1.0,0.0,1.0,0.0,0.0,0.0,0.0,0.0,4.0,1.0
22200018,1610612759,SAS,San Antonio,1631103,Malaki Branham,Malaki,,DNP - Coach's Decision,,,,,,,,,,,,,,,,,,,,
22200018,1610612759,SAS,San Antonio,203476,Gorgui Dieng,Gorgui,,DNP - Coach's Decision,,,,,,,,,,,,,,,,,,,,
22200018,1610612759,SAS,San Antonio,1629641,Romeo Langford,Romeo,,DNP - Coach's Decision,,,,,,,,,,,,,,,,,,,,
22200018,1610612759,SAS,San Antonio,1629676,Isaiah Roby,Isaiah,,DNP - Coach's Decision,,,,,,,,,,,,,,,,,,,,
22200018,1610612759,SAS,San Antonio,1631104,Blake Wesley,Blake,,DNP - Coach's Decision,,,,,,,,,,,,,,,,,,,,
22200018,1610612754,IND,Indiana,1630537,Chris Duarte,Chris,F,,16:37,2.0,6.0,0.333,0.0,1.0,0.0,0.0,0.0,0.0,0.0,1.0,1.0,2.0,0.0,1.0,1.0,1.0,4.0,-6.0
22200018,1610612754,IND,Indiana,1630678,Terry Taylor,Terry,F,,22:10,4.0,7.0,0.571,1.0,2.0,0.5,0.0,0.0,0.0,2.0,5.0,7.0,2.0,0.0,0.0,0.0,5.0,9.0,-7.0
22200018,1610612754,IND,Indiana,1630188,Jalen Smith,Jalen,C,,6:47,1.0,3.0,0.333,0.0,1.0,0.0,0.0,0.0,0.0,0.0,2.0,2.0,0.0,0.0,0.0,1.0,1.0,2.0,-11.0
22200018,1610612754,IND,Indiana,1627741,Buddy Hield,Buddy,G,,24:29,5.0,9.0,0.556,3.0,6.0,0.5,0.0,0.0,0.0,2.0,3.0,5.0,2.0,2.0,1.0,3.0,5.0,13.0,-8.0
22200018,1610612754,IND,Indiana,1630169,Tyrese Haliburton,Tyrese,G,,27:09,9.0,18.0,0.5,1.0,5.0,0.2,8.0,8.0,1.0,1.0,2.0,3.0,12.0,1.0,0.0,4.0,4.0,27.0,-10.0
22200018,1610612754,IND,Indiana,1630543,Isaiah Jackson,Isaiah,,,16:25,6.0,9.0,0.667,0.0,1.0,0.0,4.0,4.0,1.0,2.0,4.0,6.0,2.0,1.0,1.0,2.0,3.0,16.0,6.0
22200018,1610612754,IND,Indiana,1631097,Bennedict Mathurin,Bennedict,,,28:00,8.0,15.0,0.533,3.0,6.0,0.5,7.0,8.0,0.875,1.0,4.0,5.0,2.0,0.0,0.0,0.0,3.0,26.0,9.0
22200018,1610612754,IND,Indiana,1629614,Andrew Nembhard,Andrew,,,30:20,5.0,12.0,0.417,2.0,7.0,0.286,2.0,2.0,1.0,1.0,2.0,3.0,3.0,2.0,0.0,0.0,4.0,14.0,11.0
22200018,1610612754,IND,Indiana,204456,T.J. McConnell,T.J.,,,16:55,2.0,6.0,0.333,0.0,0.0,0.0,0.0,0.0,0.0,2.0,1.0,3.0,4.0,2.0,0.0,3.0,1.0,4.0,7.0
22200018,1610612754,IND,Indiana,1630174,Aaron Nesmith,Aaron,,,21:07,4.0,9.0,0.444,1.0,3.0,0.333,0.0,0.0,0.0,2.0,2.0,4.0,2.0,0.0,1.0,1.0,2.0,9.0,0.0
22200018,1610612754,IND,Indiana,1629048,Goga Bitadze,Goga,,,18:06,4.0,7.0,0.571,0.0,2.0,0.0,0.0,0.0,0.0,1.0,0.0,1.0,0.0,0.0,0.0,1.0,4.0,8.0,-7.0
22200018,1610612754,IND,Indiana,201949,James Johnson,James,,,11:55,1.0,3.0,0.333,0.0,1.0,0.0,0.0,0.0,0.0,0.0,2.0,2.0,1.0,0.0,2.0,0.0,1.0,2.0,1.0
22200018,1610612754,IND,Indiana,1629052,Oshae Brissett,Oshae,,DNP - Coach's Decision,,,,,,,,,,,,,,,,,,,,
22200018,1610612754,IND,Indiana,1626167,Myles Turner,Myles,,DNP - Injury/Illness,,,,,,,,,,,,,,,,,,,,
22200021,1610612761,TOR,Toronto,1628384,OG Anunoby,OG,F,,37:15,3.0,9.0,0.333,2.0,4.0,0.5,2.0,2.0,1.0,1.0,4.0,5.0,1.0,1.0,1.0,3.0,4.0,10.0,4.0
22200021,1610612761,TOR,Toronto,1630567,Scottie Barnes,Scottie,F,,35:53,7.0,14.0,0.5,1.0,2.0,0.5,2.0,2.0,1.0,2.0,5.0,7.0,3.0,2.0,1.0,3.0,2.0,17.0,2.0
22200021,1610612761,TOR,Toronto,1627783,Pascal Siakam,Pascal,C,,36:48,15.0,21.0,0.714,2.0,6.0,0.333,5.0,9.0,0.556,2.0,10.0,12.0,11.0,0.0,0.0,3.0,4.0,37.0,2.0
22200021,1610612761,TOR,Toronto,1629018,Gary Trent Jr.,Gary,G,,35:58,6.0,16.0,0.375,2.0,7.0,0.286,0.0,0.0,0.0,0.0,1.0,1.0,0.0,1.0,0.0,0.0,0.0,14.0,-9.0
22200021,1610612761,TOR,Toronto,1627832,Fred VanVleet,Fred,G,,37:56,7.0,11.0,0.636,4.0,6.0,0.667,0.0,0.0,0.0,1.0,6.0,7.0,9.0,4.0,1.0,0.0,3.0,18.0,3.0
22200021,1610612761,TOR,Toronto,1630173,Precious Achiuwa,Precious,,,17:29,1.0,6.0,0.167,0.0,1.0,0.0,2.0,3.0,0.667,0.0,6.0,6.0,0.0,0.0,0.0,3.0,2.0,4.0,-8.0
22200021,1610612761,TOR,Toronto,1631132,Christian Koloko,Christian,,,19:45,0.0,2.0,0.0,0.0,0.0,0.0,1.0,2.0,0.5,2.0,0.0,2.0,0.0,0.0,1.0,0.0,5.0,1.0,-3.0
22200021,1610612761,TOR,Toronto,1630625,Dalano Banton,Dalano,,,12:57,2.0,4.0,0.5,0.0,1.0,0.0,0.0,0.0,0.0,0.0,0.0,0.0,0.0,1.0,0.0,1.0,1.0,4.0,-15.0
22200021,1610612761,TOR,Toronto,201152,Thaddeus Young,Thaddeus,,,5:59,0.0,1.0,0.0,0.0,1.0,0.0,0.0,0.0,0.0,0.0,1.0,1.0,1.0,0.0,0.0,0.0,0.0,0.0,4.0
22200021,1610612761,TOR,Toronto,203920,Khem Birch,Khem,,DNP - Coach's Decision,,,,,,,,,,,,,,,,,,,,
22200021,1610612761,TOR,Toronto,1630551,Justin Champagnie,Justin,,DNP - Coach's Decision,,,,,,,,,,,,,,,,,,,,
22200021,1610612761,TOR,Toronto,1630288,Jeff Dowtin Jr.,Jeff,,DNP - Coach's Decision,,,,,,,,,,,,,,,,,,,,
22200021,1610612761,TOR,Toronto,1630201,Malachi Flynn,Malachi,,DNP - Coach's Decision,,,,,,,,,,,,,,,,,,,,
22200021,1610612761,TOR,Toronto,1631199,Ron Harper Jr.,Ron,,DNP - Coach's Decision,,,,,,,,,,,,,,,,,,,,
22200021,1610612761,TOR,Toronto,1627823,Juancho Hernangomez,Juancho,,DNP - Coach's Decision,,,,,,,,,,,,,,,,,,,,
22200021,1610612751,BKN,Brooklyn,201142,Kevin Durant,Kevin,F,,35:27,8.0,18.0,0.444,3.0,9.0,0.333,8.0,10.0,0.8,1.0,4.0,5.0,6.0,0.0,2.0,5.0,2.0,27.0,-8.0
22200021,1610612751,BKN,Brooklyn,1626220,Royce O'Neale,Royce,F,,39:19,2.0,7.0,0.286,1.0,4.0,0.25,2.0,2.0,1.0,0.0,4.0,4.0,3.0,2.0,2.0,2.0,2.0,7.0,-5.0
22200021,1610612751,BKN,Brooklyn,1629651,Nic Claxton,Nic,C,,33:50,8.0,11.0,0.727,0.0,0.0,0.0,3.0,8.0,0.375,7.0,4.0,11.0,0.0,1.0,4.0,0.0,2.0,19.0,9.0
22200021,1610612751,BKN,Brooklyn,202681,Kyrie Irving,Kyrie,G,,40:34,11.0,24.0,0.458,5.0,13.0,0.385,3.0,3.0,1.0,1.0,0.0,1.0,7.0,0.0,1.0,2.0,4.0,30.0,22.0
22200021,1610612751,BKN,Brooklyn,1627732,Ben Simmons,Ben,G,,32:29,3.0,5.0,0.6,0.0,0.0,0.0,0.0,0.0,0.0,0.0,10.0,10.0,8.0,0.0,2.0,3.0,2.0,6.0,-3.0
22200021,1610612751,BKN,Brooklyn,203925,Joe Harris,Joe,,,17:51,1.0,3.0,0.333,1.0,2.0,0.5,0.0,0.0,0.0,1.0,1.0,2.0,2.0,0.0,0.0,0.0,1.0,3.0,-10.0
22200021,1610612751,BKN,Brooklyn,1630549,Day'Ron Sharpe,Day'Ron,,,10:11,2.0,3.0,0.667,0.0,0.0,0.0,0.0,2.0,0.0,2.0,5.0,7.0,0.0,0.0,1.0,0.0,3.0,4.0,-11.0
22200021,1610612751,BKN,Brooklyn,201988,Patty Mills,Patty,,,11:03,2.0,5.0,0.4,2.0,4.0,0.5,4.0,4.0,1.0,0.0,0.0,0.0,0.0,0.0,0.0,0.0,0.0,10.0,15.0
22200021,1610612751,BKN,Brooklyn,202693,Markieff Morris,Markieff,,,19:16,1.0,4.0,0.25,1.0,3.0,0.333,0.0,0.0,0.0,1.0,3.0,4.0,0.0,0.0,1.0,1.0,3.0,3.0,11.0
22200021,1610612751,BKN,Brooklyn,1630561,David Duke Jr.,David,,DNP - Coach's Decision,,,,,,,,,,,,,,,,,,,,
22200021,1610612751,BKN,Brooklyn,1630556,Kessler Edwards,Kessler,,DNP - Coach's Decision,,,,,,,,,,,,,,,,,,,,
22200021,1610612751,BKN,Brooklyn,1628410,Edmond Sumner,Edmond,,DNP - Coach's Decision,,,,,,,,,,,,,,,,,,,,
22200021,1610612751,BKN,Brooklyn,1630560,Cam Thomas,Cam,,DNP - Coach's Decision,,,,,,,,,,,,,,,,,,,,
22200021,1610612751,BKN,Brooklyn,1629139,Yuta Watanabe,Yuta,,DNP - Coach's Decision,,,,,,,,,,,,,,,,,,,,
22200021,1610612751,BKN,Brooklyn,1631214,Alondes Williams,Alondes,,DNP - Coach's Decision,,,,,,,,,,,,,,,,,,,,
22200026,1610612743,DEN,Denver,1629008,Michael Porter Jr.,Michael,F,,27:53,6.0,12.0,0.5,5.0,10.0,0.5,0.0,0.0,0.0,0.0,6.0,6.0,1.0,1.0,1.0,0.0,5.0,17.0,-7.0
22200026,1610612743,DEN,Denver,203932,Aaron Gordon,Aaron,F,,28:47,5.0,12.0,0.417,0.0,6.0,0.0,0.0,0.0,0.0,1.0,2.0,3.0,3.0,0.0,0.0,3.0,1.0,10.0,-10.0
22200026,1610612743,DEN,Denver,203999,Nikola Jokić,Nikola,C,,34:24,7.0,13.0,0.538,1.0,2.0,0.5,11.0,11.0,1.0,3.0,9.0,12.0,10.0,0.0,0.0,5.0,4.0,26.0,-3.0
22200026,1610612743,DEN,Denver,1628971,Bruce Brown,Bruce,G,,30:30,8.0,10.0,0.8,3.0,4.0,0.75,1.0,2.0,0.5,0.0,1.0,1.0,5.0,1.0,0.0,3.0,2.0,20.0,-8.0
22200026,1610612743,DEN,Denver,203484,Kentavious Caldwell-Pope,Kentavious,G,,32:47,7.0,14.0,0.5,3.0,6.0,0.5,0.0,0.0,0.0,2.0,2.0,4.0,1.0,2.0,0.0,2.0,3.0,17.0,-10.0
22200026,1610612743,DEN,Denver,1631128,Christian Braun,Christian,,,22:46,2.0,5.0,0.4,0.0,1.0,0.0,0.0,0.0,0.0,2.0,3.0,5.0,3.0,3.0,0.0,1.0,1.0,4.0,14.0
22200026,1610612743,DEN,Denver,201145,Jeff Green,Jeff,,,19:04,3.0,5.0,0.6,2.0,2.0,1.0,2.0,2.0,1.0,1.0,2.0,3.0,1.0,0.0,0.0,0.0,1.0,10.0,14.0
22200026,1610612743,DEN,Denver,1630538,Bones Hyland,Bones,,,19:16,4.0,10.0,0.4,1.0,3.0,0.333,5.0,6.0,0.833,0.0,0.0,0.0,5.0,0.0,0.0,3.0,3.0,14.0,13.0
22200026,1610612743,DEN,Denver,1628432,Davon Reed,Davon,,,10:57,0.0,1.0,0.0,0.0,0.0,0.0,1.0,2.0,0.5,0.0,2.0,2.0,1.0,3.0,0.0,1.0,1.0,1.0,14.0
22200026,1610612743,DEN,Denver,201599,DeAndre Jordan,DeAndre,,,13:36,4.0,4.0,1.0,0.0,0.0,0.0,1.0,2.0,0.5,3.0,2.0,5.0,0.0,0.0,1.0,2.0,1.0,9.0,8.0
22200026,1610612743,DEN,Denver,1628427,Vlatko Čančar,Vlatko,,DNP - Coach's Decision,,,,,,,,,,,,,,,,,,,,
22200026,1610612743,DEN,Denver,1630192,Zeke Nnaji,Zeke,,DNP - Coach's Decision,,,,,,,,,,,,,,,,,,,,
22200026,1610612743,DEN,Denver,202397,Ish Smith,Ish,,DNP - Coach's Decision,,,,,,,,,,,,,,,,,,,,
22200026,1610612743,DEN,Denver,1631212,Peyton Watson,Peyton,,DNP - Coach's Decision,,,,,,,,,,,,,,,,,,,,
22200026,1610612743,DEN,Denver,1631298,Jack White,Jack,,DNP - Coach's Decision,,,,,,,,,,,,,,,,,,,,
22200026,1610612744,GSW,Golden State,203952,Andrew Wiggins,Andrew,F,,37:25,8.0,17.0,0.471,2.0,8.0,0.25,5.0,7.0,0.714,3.0,5.0,8.0,3.0,3.0,1.0,0.0,2.0,23.0,7.0
22200026,1610612744,GSW,Golden State,203110,Draymond Green,Draymond,F,,26:37,4.0,6.0,0.667,1.0,3.0,0.333,4.0,4.0,1.0,0.0,3.0,3.0,9.0,2.0,2.0,1.0,6.0,13.0,11.0
22200026,1610612744,GSW,Golden State,1626172,Kevon Looney,Kevon,C,,18:45,2.0,4.0,0.5,0.0,0.0,0.0,0.0,0.0,0.0,0.0,1.0,1.0,4.0,0.0,0.0,0.0,3.0,4.0,3.0
22200026,1610612744,GSW,Golden State,202691,Klay Thompson,Klay,G,,23:34,6.0,14.0,0.429,4.0,10.0,0.4,0.0,0.0,0.0,1.0,3.0,4.0,3.0,0.0,0.0,4.0,0.0,16.0,9.0
22200026,1610612744,GSW,Golden State,201939,Stephen Curry,Stephen,G,,35:55,10.0,22.0,0.455,5.0,11.0,0.455,9.0,9.0,1.0,1.0,4.0,5.0,4.0,0.0,0.0,3.0,2.0,34.0,9.0
22200026,1610612744,GSW,Golden State,1629673,Jordan Poole,Jordan,,,27:20,2.0,5.0,0.4,0.0,2.0,0.0,3.0,4.0,0.75,0.0,1.0,1.0,7.0,3.0,0.0,4.0,0.0,7.0,-20.0
22200026,1610612744,GSW,Golden State,203210,JaMychal Green,JaMychal,,,23:58,2.0,5.0,0.4,1.0,3.0,0.333,0.0,0.0,0.0,1.0,4.0,5.0,2.0,1.0,0.0,2.0,3.0,5.0,-10.0
22200026,1610612744,GSW,Golden State,1630228,Jonathan Kuminga,Jonathan,,,7:34,2.0,2.0,1.0,0.0,0.0,0.0,0.0,0.0,0.0,0.0,2.0,2.0,0.0,0.0,0.0,2.0,1.0,4.0,-10.0
22200026,1610612744,GSW,Golden State,1630164,James Wiseman,James,,,16:12,4.0,5.0,0.8,0.0,0.0,0.0,3.0,3.0,1.0,1.0,4.0,5.0,1.0,0.0,0.0,1.0,4.0,11.0,-14.0
22200026,1610612744,GSW,Golden State,1628978,Donte DiVincenzo,Donte,,,9:40,1.0,3.0,0.333,1.0,3.0,0.333,0.0,0.0,0.0,0.0,0.0,0.0,0.0,0.0,0.0,0.0,2.0,3.0,-13.0
22200026,1610612744,GSW,Golden State,1630541,Moses Moody,Moses,,,13:00,1.0,5.0,0.2,1.0,4.0,0.25,0.0,0.0,0.0,0.0,1.0,1.0,1.0,1.0,0.0,1.0,0.0,3.0,3.0
22200026,1610612744,GSW,Golden State,1631116,Patrick Baldwin Jr.,Patrick,,DND - Injury/Illness,,,,,,,,,,,,,,,,,,,,
22200026,1610612744,GSW,Golden State,1631157,Ryan Rollins,Ryan,,DNP - Coach's Decision,,,,,,,,,,,,,,,,,,,,
22200024,1610612763,MEM,Memphis,1630217,Desmond Bane,Desmond,F,,33:15,3.0,16.0,0.188,3.0,10.0,0.3,5.0,5.0,1.0,2.0,4.0,6.0,7.0,2.0,0.0,3.0,2.0,14.0,2.0
22200024,1610612763,MEM,Memphis,1630583,Santi Aldama,Santi,F,,31:01,3.0,11.0,0.273,0.0,3.0,0.0,2.0,4.0,0.5,4.0,5.0,9.0,3.0,1.0,3.0,1.0,1.0,8.0,22.0
22200024,1610612763,MEM,Memphis,203500,Steven Adams,Steven,C,,33:14,3.0,4.0,0.75,0.0,0.0,0.0,0.0,2.0,0.0,2.0,7.0,9.0,2.0,0.0,2.0,0.0,5.0,6.0,23.0
22200024,1610612763,MEM,Memphis,1629723,John Konchar,John,G,,30:15,7.0,11.0,0.636,3.0,6.0,0.5,0.0,0.0,0.0,2.0,3.0,5.0,0.0,3.0,1.0,0.0,1.0,17.0,13.0
22200024,1610612763,MEM,Memphis,1629630,Ja Morant,Ja,G,,31:14,17.0,26.0,0.654,5.0,6.0,0.833,10.0,13.0,0.769,3.0,1.0,4.0,8.0,1.0,2.0,3.0,2.0,49.0,23.0
22200024,1610612763,MEM,Memphis,1626145,Tyus Jones,Tyus,,,21:52,4.0,13.0,0.308,3.0,7.0,0.429,0.0,0.0,0.0,0.0,4.0,4.0,4.0,0.0,0.0,0.0,0.0,11.0,-11.0
22200024,1610612763,MEM,Memphis,1630214,Xavier Tillman,Xavier,,,6:39,0.0,2.0,0.0,0.0,1.0,0.0,0.0,0.0,0.0,1.0,1.0,2.0,0.0,0.0,0.0,0.0,1.0,0.0,-17.0
22200024,1610612763,MEM,Memphis,1629634,Brandon Clarke,Brandon,,,14:46,1.0,2.0,0.5,0.0,0.0,0.0,2.0,4.0,0.5,1.0,3.0,4.0,2.0,0.0,1.0,2.0,2.0,4.0,-16.0
22200024,1610612763,MEM,Memphis,1631223,David Roddy,David,,,22:33,3.0,6.0,0.5,2.0,5.0,0.4,0.0,0.0,0.0,0.0,2.0,2.0,0.0,1.0,0.0,2.0,4.0,8.0,0.0
22200024,1610612763,MEM,Memphis,1631222,Jake LaRavia,Jake,,,15:10,4.0,7.0,0.571,3.0,4.0,0.75,1.0,1.0,1.0,2.0,3.0,5.0,0.0,0.0,1.0,1.0,3.0,12.0,-4.0
22200024,1610612763,MEM,Memphis,1631113,Kennedy Chandler,Kennedy,,DNP - Coach's Decision,,,,,,,,,,,,,,,,,,,,
22200024,1610612763,MEM,Memphis,1631254,Kenneth Lofton Jr.,Kenneth,,DNP - Coach's Decision,,,,,,,,,,,,,,,,,,,,
22200024,1610612763,MEM,Memphis,1631246,Vince Williams Jr.,Vince,,DNP - Coach's Decision,,,,,,,,,,,,,,,,,,,,
22200024,1610612745,HOU,Houston,201569,Eric Gordon,Eric,F,,35:45,5.0,12.0,0.417,2.0,5.0,0.4,5.0,7.0,0.714,1.0,3.0,4.0,4.0,0.0,0.0,4.0,2.0,17.0,-6.0
22200024,1610612745,HOU,Houston,1631095,Jabari Smith Jr.,Jabari,F,,34:35,3.0,14.0,0.214,2.0,8.0,0.25,2.0,2.0,1.0,1.0,0.0,1.0,1.0,0.0,2.0,0.0,5.0,10.0,-31.0
22200024,1610612745,HOU,Houston,1628981,Bruno Fernando,Bruno,C,,11:46,2.0,3.0,0.667,0.0,0.0,0.0,0.0,0.0,0.0,2.0,2.0,4.0,2.0,1.0,0.0,1.0,3.0,4.0,-8.0
22200024,1610612745,HOU,Houston,1630224,Jalen Green,Jalen,G,,35:10,13.0,21.0,0.619,4.0,5.0,0.8,3.0,4.0,0.75,0.0,5.0,5.0,2.0,1.0,0.0,2.0,1.0,33.0,-12.0
22200024,1610612745,HOU,Houston,1629645,Kevin Porter Jr.,Kevin,G,,35:10,6.0,16.0,0.375,4.0,8.0,0.5,2.0,4.0,0.5,2.0,3.0,5.0,4.0,0.0,0.0,3.0,4.0,18.0,-12.0
22200024,1610612745,HOU,Houston,1631106,Tari Eason,Tari,,,19:31,2.0,6.0,0.333,1.0,2.0,0.5,1.0,1.0,1.0,1.0,6.0,7.0,1.0,0.0,1.0,0.0,1.0,6.0,11.0
22200024,1610612745,HOU,Houston,1630231,KJ Martin,KJ,,,24:47,3.0,5.0,0.6,1.0,2.0,0.5,1.0,2.0,0.5,1.0,4.0,5.0,3.0,1.0,1.0,3.0,2.0,8.0,12.0
22200024,1610612745,HOU,Houston,1630578,Alperen Sengun,Alperen,,,27:00,9.0,13.0,0.692,1.0,2.0,0.5,4.0,10.0,0.4,5.0,7.0,12.0,1.0,1.0,2.0,1.0,3.0,23.0,13.0
22200024,1610612745,HOU,Houston,1629726,Garrison Mathews,Garrison,,,12:50,1.0,2.0,0.5,1.0,2.0,0.5,0.0,0.0,0.0,0.0,1.0,1.0,0.0,0.0,0.0,0.0,1.0,3.0,5.0
22200024,1610612745,HOU,Houston,1630528,Josh Christopher,Josh,,,3:26,0.0,1.0,0.0,0.0,1.0,0.0,0.0,0.0,0.0,0.0,1.0,1.0,0.0,0.0,0.0,0.0,0.0,0.0,-7.0
22200024,1610612745,HOU,Houston,1630586,Usman Garuba,Usman,,DNP - Coach's Decision,,,,,,,,,,,,,,,,,,,,
22200024,1610612745,HOU,Houston,1631309,Trevor Hudgins,Trevor,,DNP - Coach's Decision,,,,,,,,,,,,,,,,,,,,
22200024,1610612745,HOU,Houston,1626246,Boban Marjanović,Boban,,DNP - Coach's Decision,,,,,,,,,,,,,,,,,,,,
22200024,1610612745,HOU,Houston,1630227,Daishen Nix,Daishen,,DNP - Coach's Decision,,,,,,,,,,,,,,,,,,,,
22200020,1610612753,ORL,Orlando,1630532,Franz Wagner,Franz,F,,35:37,4.0,10.0,0.4,0.0,3.0,0.0,0.0,0.0,0.0,3.0,4.0,7.0,3.0,4.0,0.0,3.0,3.0,8.0,-8.0
22200020,1610612753,ORL,Orlando,1631094,Paolo Banchero,Paolo,F,,33:38,6.0,18.0,0.333,1.0,6.0,0.167,7.0,8.0,0.875,2.0,10.0,12.0,2.0,1.0,3.0,4.0,1.0,20.0,-10.0
22200020,1610612753,ORL,Orlando,1628976,Wendell Carter Jr.,Wendell,C,,32:57,4.0,13.0,0.308,0.0,7.0,0.0,6.0,7.0,0.857,1.0,7.0,8.0,2.0,0.0,0.0,2.0,4.0,14.0,-12.0
22200020,1610612753,ORL,Orlando,203082,Terrence Ross,Terrence,G,,35:18,4.0,8.0,0.5,1.0,4.0,0.25,2.0,2.0,1.0,1.0,3.0,4.0,2.0,0.0,1.0,1.0,4.0,11.0,-8.0
22200020,1610612753,ORL,Orlando,1630591,Jalen Suggs,Jalen,G,,15:50,1.0,5.0,0.2,0.0,3.0,0.0,1.0,3.0,0.333,1.0,1.0,2.0,1.0,3.0,0.0,3.0,3.0,3.0,-6.0
22200020,1610612753,ORL,Orlando,1630175,Cole Anthony,Cole,,,28:29,8.0,12.0,0.667,4.0,5.0,0.8,5.0,7.0,0.714,0.0,0.0,0.0,2.0,1.0,1.0,2.0,1.0,25.0,-1.0
22200020,1610612753,ORL,Orlando,1629643,Chuma Okeke,Chuma,,,14:22,1.0,2.0,0.5,1.0,2.0,0.5,0.0,0.0,0.0,0.0,1.0,1.0,0.0,0.0,0.0,0.0,0.0,3.0,0.0
22200020,1610612753,ORL,Orlando,1628964,Mo Bamba,Mo,,,15:03,2.0,6.0,0.333,1.0,3.0,0.333,2.0,2.0,1.0,1.0,5.0,6.0,2.0,0.0,0.0,1.0,1.0,7.0,2.0
22200020,1610612753,ORL,Orlando,1629626,Bol Bol,Bol,,,11:45,2.0,3.0,0.667,0.0,0.0,0.0,1.0,1.0,1.0,1.0,2.0,3.0,0.0,0.0,2.0,1.0,0.0,5.0,-4.0
22200020,1610612753,ORL,Orlando,1630181,R.J. Hampton,R.J.,,,16:23,1.0,3.0,0.333,0.0,1.0,0.0,0.0,0.0,0.0,0.0,0.0,0.0,2.0,0.0,0.0,2.0,2.0,2.0,-5.0
22200020,1610612753,ORL,Orlando,1630284,Kevon Harris,Kevon,,,0:38,0.0,0.0,0.0,0.0,0.0,0.0,0.0,0.0,0.0,0.0,1.0,1.0,0.0,0.0,0.0,0.0,0.0,0.0,2.0
22200020,1610612753,ORL,Orlando,1631216,Caleb Houstan,Caleb,,DNP - Coach's Decision,,,,,,,,,,,,,,,,,,,,
22200020,1610612753,ORL,Orlando,1629678,Admiral Schofield,Admiral,,DNP - Coach's Decision,,,,,,,,,,,,,,,,,,,,
22200020,1610612737,ATL,Atlanta,1629631,De'Andre Hunter,De'Andre,F,,32:32,5.0,12.0,0.417,1.0,3.0,0.333,1.0,1.0,1.0,0.0,6.0,6.0,1.0,0.0,0.0,1.0,3.0,12.0,6.0
22200020,1610612737,ATL,Atlanta,1628381,John Collins,John,F,,36:14,9.0,14.0,0.643,3.0,4.0,0.75,2.0,2.0,1.0,3.0,10.0,13.0,0.0,3.0,1.0,2.0,4.0,23.0,26.0
22200020,1610612737,ATL,Atlanta,203991,Clint Capela,Clint,C,,31:37,4.0,6.0,0.667,0.0,0.0,0.0,0.0,0.0,0.0,0.0,7.0,7.0,0.0,2.0,1.0,0.0,1.0,8.0,6.0
22200020,1610612737,ATL,Atlanta,1627749,Dejounte Murray,Dejounte,G,,39:37,8.0,16.0,0.5,2.0,5.0,0.4,2.0,2.0,1.0,1.0,8.0,9.0,9.0,4.0,0.0,7.0,2.0,20.0,17.0
22200020,1610612737,ATL,Atlanta,1629027,Trae Young,Trae,G,,37:22,7.0,24.0,0.292,4.0,11.0,0.364,7.0,7.0,1.0,2.0,2.0,4.0,13.0,0.0,0.0,6.0,3.0,25.0,5.0
22200020,1610612737,ATL,Atlanta,1630168,Onyeka Okongwu,Onyeka,,,16:23,1.0,2.0,0.5,0.0,0.0,0.0,1.0,2.0,0.5,2.0,1.0,3.0,0.0,0.0,0.0,1.0,4.0,3.0,4.0
22200020,1610612737,ATL,Atlanta,203200,Justin Holiday,Justin,,,20:07,3.0,8.0,0.375,3.0,6.0,0.5,0.0,0.0,0.0,0.0,1.0,1.0,2.0,1.0,0.0,0.0,2.0,9.0,2.0
22200020,1610612737,ATL,Atlanta,1630552,Jalen Johnson,Jalen,,,11:46,1.0,4.0,0.25,0.0,2.0,0.0,2.0,2.0,1.0,1.0,0.0,1.0,0.0,0.0,0.0,0.0,1.0,4.0,-16.0
22200020,1610612737,ATL,Atlanta,1628988,Aaron Holiday,Aaron,,,14:22,2.0,3.0,0.667,0.0,0.0,0.0,0.0,0.0,0.0,0.0,2.0,2.0,1.0,0.0,0.0,0.0,2.0,4.0,0.0
22200020,1610612737,ATL,Atlanta,1629633,Jarrett Culver,Jarrett,,DNP - Coach's Decision,,,,,,,,,,,,,,,,,,,,
22200020,1610612737,ATL,Atlanta,1630235,Trent Forrest,Trent,,DNP - Coach's Decision,,,,,,,,,,,,,,,,,,,,
22200020,1610612737,ATL,Atlanta,1631100,AJ Griffin,AJ,,DNP - Coach's Decision,,,,,,,,,,,,,,,,,,,,
22200020,1610612737,ATL,Atlanta,1626163,Frank Kaminsky,Frank,,DNP - Coach's Decision,,,,,,,,,,,,,,,,,,,,
22200020,1610612737,ATL,Atlanta,1630249,Vít Krejčí,Vít,,DNP - Coach's Decision,,,,,,,,,,,,,,,,,,,,
22200020,1610612737,ATL,Atlanta,1631213,Tyrese Martin,Tyrese,,DNP - Coach's Decision,,,,,,,,,,,,,,,,,,,,
22200016,1610612746,LAC,LA,202331,Paul George,Paul,F,,36:11,4.0,12.0,0.333,2.0,7.0,0.286,5.0,6.0,0.833,1.0,9.0,10.0,4.0,2.0,0.0,5.0,5.0,15.0,16.0
22200016,1610612746,LAC,LA,202694,Marcus Morris Sr.,Marcus,F,,22:58,5.0,9.0,0.556,1.0,3.0,0.333,3.0,3.0,1.0,1.0,3.0,4.0,1.0,1.0,0.0,1.0,2.0,14.0,11.0
22200016,1610612746,LAC,LA,1627826,Ivica Zubac,Ivica,C,,35:22,6.0,6.0,1.0,0.0,0.0,0.0,2.0,4.0,0.5,6.0,11.0,17.0,1.0,0.0,5.0,5.0,2.0,14.0,13.0
22200016,1610612746,LAC,LA,1626181,Norman Powell,Norman,G,,21:45,2.0,8.0,0.25,1.0,3.0,0.333,4.0,7.0,0.571,0.0,4.0,4.0,0.0,1.0,0.0,4.0,3.0,9.0,-12.0
22200016,1610612746,LAC,LA,202704,Reggie Jackson,Reggie,G,,23:28,3.0,9.0,0.333,1.0,3.0,0.333,1.0,2.0,0.5,0.0,1.0,1.0,4.0,1.0,0.0,2.0,0.0,8.0,9.0
22200016,1610612746,LAC,LA,202322,John Wall,John,,,24:32,7.0,15.0,0.467,0.0,4.0,0.0,1.0,3.0,0.333,0.0,4.0,4.0,3.0,1.0,0.0,3.0,3.0,15.0,-3.0
22200016,1610612746,LAC,LA,201587,Nicolas Batum,Nicolas,,,10:19,0.0,0.0,0.0,0.0,0.0,0.0,1.0,2.0,0.5,1.0,4.0,5.0,0.0,0.0,0.0,0.0,1.0,1.0,-5.0
22200016,1610612746,LAC,LA,203496,Robert Covington,Robert,,,14:29,0.0,3.0,0.0,0.0,2.0,0.0,2.0,2.0,1.0,0.0,4.0,4.0,2.0,0.0,2.0,0.0,2.0,2.0,-3.0
22200016,1610612746,LAC,LA,1628379,Luke Kennard,Luke,,,24:04,4.0,6.0,0.667,3.0,3.0,1.0,0.0,0.0,0.0,0.0,1.0,1.0,1.0,0.0,0.0,0.0,3.0,11.0,-1.0
22200016,1610612746,LAC,LA,1629611,Terance Mann,Terance,,,5:35,0.0,0.0,0.0,0.0,0.0,0.0,0.0,0.0,0.0,0.0,1.0,1.0,0.0,0.0,0.0,0.0,0.0,0.0,0.0
22200016,1610612746,LAC,LA,202695,Kawhi Leonard,Kawhi,,,21:17,6.0,12.0,0.5,1.0,4.0,0.25,1.0,2.0,0.5,1.0,6.0,7.0,2.0,1.0,0.0,2.0,3.0,14.0,5.0
22200016,1610612746,LAC,LA,1630527,Brandon Boston,Brandon,,DNP - Coach's Decision,,,,,,,,,,,,,,,,,,,,
22200016,1610612746,LAC,LA,1629650,Moses Brown,Moses,,DNP - Coach's Decision,,,,,,,,,,,,,,,,,,,,
22200016,1610612746,LAC,LA,1629599,Amir Coffey,Amir,,DNP - Coach's Decision,,,,,,,,,,,,,,,,,,,,
22200016,1610612746,LAC,LA,1630554,Jason Preston,Jason,,DNP - Coach's Decision,,,,,,,,,,,,,,,,,,,,
22200016,1610612747,LAL,Los Angeles,1629022,Lonnie Walker IV,Lonnie,F,,36:35,9.0,21.0,0.429,2.0,9.0,0.222,6.0,6.0,1.0,1.0,2.0,3.0,3.0,2.0,0.0,1.0,3.0,26.0,-4.0
22200016,1610612747,LAL,Los Angeles,2544,LeBron James,LeBron,F,,36:40,7.0,17.0,0.412,2.0,8.0,0.25,4.0,6.0,0.667,2.0,8.0,10.0,6.0,1.0,2.0,2.0,3.0,20.0,-1.0
22200016,1610612747,LAL,Los Angeles,203076,Anthony Davis,Anthony,C,,31:56,9.0,16.0,0.563,2.0,4.0,0.5,5.0,7.0,0.714,2.0,6.0,8.0,0.0,2.0,0.0,2.0,2.0,25.0,5.0
22200016,1610612747,LAL,Los Angeles,201976,Patrick Beverley,Patrick,G,,33:02,1.0,7.0,0.143,1.0,6.0,0.167,2.0,2.0,1.0,1.0,1.0,2.0,1.0,2.0,2.0,2.0,4.0,5.0,7.0
22200016,1610612747,LAL,Los Angeles,201566,Russell Westbrook,Russell,G,,27:22,0.0,11.0,0.0,0.0,6.0,0.0,2.0,2.0,1.0,0.0,3.0,3.0,4.0,5.0,0.0,1.0,3.0,2.0,-6.0
22200016,1610612747,LAL,Los Angeles,1630559,Austin Reaves,Austin,,,21:55,1.0,2.0,0.5,0.0,1.0,0.0,2.0,2.0,1.0,2.0,2.0,4.0,2.0,0.0,0.0,0.0,5.0,4.0,0.0
22200016,1610612747,LAL,Los Angeles,1629308,Juan Toscano-Anderson,Juan,,,21:38,3.0,7.0,0.429,1.0,4.0,0.25,1.0,1.0,1.0,0.0,4.0,4.0,3.0,1.0,0.0,1.0,2.0,8.0,-2.0
22200016,1610612747,LAL,Los Angeles,1630346,Matt Ryan,Matt,,,12:36,2.0,4.0,0.5,1.0,2.0,0.5,0.0,0.0,0.0,0.0,1.0,1.0,0.0,0.0,0.0,0.0,1.0,5.0,-2.0
22200016,1610612747,LAL,Los Angeles,1629134,Kendrick Nunn,Kendrick,,,11:01,0.0,7.0,0.0,0.0,4.0,0.0,0.0,0.0,0.0,0.0,2.0,2.0,2.0,0.0,1.0,1.0,1.0,0.0,-18.0
22200016,1610612747,LAL,Los Angeles,1627745,Damian Jones,Damian,,,7:15,1.0,2.0,0.5,0.0,1.0,0.0,0.0,0.0,0.0,0.0,1.0,1.0,2.0,0.0,0.0,0.0,0.0,2.0,-9.0
22200016,1610612747,LAL,Los Angeles,1631108,Max Christie,Max,,DNP - Coach's Decision,,,,,,,,,,,,,,,,,,,,
22200016,1610612747,LAL,Los Angeles,1629117,Wenyen Gabriel,Wenyen,,DNP - Coach's Decision,,,,,,,,,,,,,,,,,,,,
22200016,1610612747,LAL,Los Angeles,1630590,Scotty Pippen Jr.,Scotty,,DNP - Coach's Decision,,,,,,,,,,,,,,,,,,,,
22200015,1610612749,MIL,Milwaukee,1628960,Grayson Allen,Grayson,F,,32:05,3.0,10.0,0.3,2.0,6.0,0.333,4.0,5.0,0.8,0.0,3.0,3.0,4.0,0.0,0.0,3.0,1.0,12.0,-1.0
22200015,1610612749,MIL,Milwaukee,203507,Giannis Antetokounmpo,Giannis,F,,36:04,9.0,16.0,0.563,1.0,3.0,0.333,2.0,5.0,0.4,0.0,13.0,13.0,8.0,1.0,3.0,1.0,4.0,21.0,13.0
22200015,1610612749,MIL,Milwaukee,201572,Brook Lopez,Brook,C,,30:56,6.0,16.0,0.375,4.0,12.0,0.333,1.0,2.0,0.5,1.0,3.0,4.0,1.0,0.0,2.0,0.0,2.0,17.0,0.0
22200015,1610612749,MIL,Milwaukee,1628975,Jevon Carter,Jevon,G,,22:00,2.0,3.0,0.667,1.0,2.0,0.5,0.0,0.0,0.0,1.0,3.0,4.0,1.0,1.0,0.0,3.0,2.0,5.0,3.0
22200015,1610612749,MIL,Milwaukee,201950,Jrue Holiday,Jrue,G,,35:48,2.0,15.0,0.133,0.0,6.0,0.0,2.0,2.0,1.0,1.0,3.0,4.0,8.0,2.0,0.0,1.0,1.0,6.0,-6.0
22200015,1610612749,MIL,Milwaukee,1626171,Bobby Portis,Bobby,,,22:42,5.0,10.0,0.5,1.0,4.0,0.25,0.0,0.0,0.0,1.0,9.0,10.0,0.0,0.0,0.0,1.0,1.0,11.0,-2.0
22200015,1610612749,MIL,Milwaukee,201588,George Hill,George,,,20:33,2.0,2.0,1.0,0.0,0.0,0.0,0.0,0.0,0.0,0.0,1.0,1.0,0.0,0.0,0.0,2.0,2.0,4.0,3.0
22200015,1610612749,MIL,Milwaukee,1629670,Jordan Nwora,Jordan,,,15:51,2.0,5.0,0.4,2.0,4.0,0.5,0.0,0.0,0.0,0.0,3.0,3.0,0.0,0.0,0.0,0.0,1.0,6.0,-1.0
22200015,1610612749,MIL,Milwaukee,202083,Wesley Matthews,Wesley,,,20:23,3.0,6.0,0.5,2.0,4.0,0.5,0.0,0.0,0.0,3.0,2.0,5.0,2.0,0.0,1.0,0.0,1.0,8.0,2.0
22200015,1610612749,MIL,Milwaukee,201586,Serge Ibaka,Serge,,,3:39,0.0,1.0,0.0,0.0,1.0,0.0,0.0,0.0,0.0,0.0,1.0,1.0,0.0,0.0,0.0,1.0,1.0,0.0,-1.0
22200015,1610612749,MIL,Milwaukee,203648,Thanasis Antetokounmpo,Thanasis,,DNP - Coach's Decision,,,,,,,,,,,,,,,,,,,,
22200015,1610612749,MIL,Milwaukee,1630699,MarJon Beauchamp,MarJon,,DNP - Coach's Decision,,,,,,,,,,,,,,,,,,,,
22200015,1610612749,MIL,Milwaukee,1631260,AJ Green,AJ,,DNP - Coach's Decision,,,,,,,,,,,,,,,,,,,,
22200015,1610612749,MIL,Milwaukee,1630572,Sandro Mamukelashvili,Sandro,,DNP - Coach's Decision,,,,,,,,,,,,,,,,,,,,
22200015,1610612755,PHI,Philadelphia,202699,Tobias Harris,Tobias,F,,33:23,4.0,10.0,0.4,1.0,4.0,0.25,0.0,0.0,0.0,1.0,9.0,10.0,2.0,1.0,2.0,1.0,2.0,9.0,2.0
22200015,1610612755,PHI,Philadelphia,200782,P.J. Tucker,P.J.,F,,39:10,1.0,3.0,0.333,1.0,2.0,0.5,2.0,2.0,1.0,4.0,1.0,5.0,1.0,2.0,1.0,1.0,4.0,5.0,-4.0
22200015,1610612755,PHI,Philadelphia,203954,Joel Embiid,Joel,C,,36:08,6.0,21.0,0.286,1.0,3.0,0.333,2.0,3.0,0.667,1.0,11.0,12.0,3.0,0.0,1.0,4.0,2.0,15.0,-10.0
22200015,1610612755,PHI,Philadelphia,1630178,Tyrese Maxey,Tyrese,G,,34:10,6.0,13.0,0.462,0.0,3.0,0.0,3.0,4.0,0.75,0.0,2.0,2.0,0.0,0.0,0.0,1.0,3.0,15.0,-7.0
22200015,1610612755,PHI,Philadelphia,201935,James Harden,James,G,,40:20,13.0,24.0,0.542,1.0,7.0,0.143,4.0,4.0,1.0,0.0,8.0,8.0,9.0,2.0,1.0,2.0,2.0,31.0,5.0
22200015,1610612755,PHI,Philadelphia,1627777,Georges Niang,Georges,,,8:09,0.0,1.0,0.0,0.0,1.0,0.0,0.0,0.0,0.0,0.0,1.0,1.0,0.0,0.0,0.0,0.0,0.0,0.0,0.0
22200015,1610612755,PHI,Philadelphia,1629001,De'Anthony Melton,De'Anthony,,,19:34,4.0,7.0,0.571,1.0,2.0,0.5,0.0,0.0,0.0,0.0,2.0,2.0,0.0,1.0,0.0,0.0,0.0,9.0,5.0
22200015,1610612755,PHI,Philadelphia,1627863,Danuel House Jr.,Danuel,,,21:16,2.0,4.0,0.5,0.0,2.0,0.0,0.0,0.0,0.0,0.0,3.0,3.0,2.0,0.0,0.0,1.0,0.0,4.0,3.0
22200015,1610612755,PHI,Philadelphia,1630194,Paul Reed,Paul,,,4:55,0.0,0.0,0.0,0.0,0.0,0.0,0.0,0.0,0.0,0.0,1.0,1.0,0.0,0.0,0.0,0.0,1.0,0.0,1.0
22200015,1610612755,PHI,Philadelphia,1626149,Montrezl Harrell,Montrezl,,,2:37,0.0,0.0,0.0,0.0,0.0,0.0,0.0,0.0,0.0,0.0,0.0,0.0,0.0,0.0,0.0,0.0,0.0,0.0,-2.0
22200015,1610612755,PHI,Philadelphia,1629680,Matisse Thybulle,Matisse,,,0:18,0.0,0.0,0.0,0.0,0.0,0.0,0.0,0.0,0.0,0.0,0.0,0.0,0.0,0.0,0.0,0.0,0.0,0.0,-3.0
22200015,1610612755,PHI,Philadelphia,1627788,Furkan Korkmaz,Furkan,,DNP - Coach's Decision,,,,,,,,,,,,,,,,,,,,
22200015,1610612755,PHI,Philadelphia,1629003,Shake Milton,Shake,,DNP - Coach's Decision,,,,,,,,,,,,,,,,,,,,
22200015,1610612755,PHI,Philadelphia,1630531,Jaden Springer,Jaden,,DNP - Coach's Decision,,,,,,,,,,,,,,,,,,,,
22200006,1610612740,NOP,New Orleans,1627742,Brandon Ingram,Brandon,F,,31:00,10.0,17.0,0.588,2.0,4.0,0.5,6.0,9.0,0.667,0.0,7.0,7.0,5.0,1.0,0.0,4.0,3.0,28.0,24.0
22200006,1610612740,NOP,New Orleans,1629627,Zion Williamson,Zion,F,,30:02,11.0,22.0,0.5,0.0,0.0,0.0,3.0,4.0,0.75,3.0,6.0,9.0,3.0,4.0,0.0,2.0,3.0,25.0,13.0
22200006,1610612740,NOP,New Orleans,202685,Jonas Valančiūnas,Jonas,C,,26:36,6.0,13.0,0.462,1.0,1.0,1.0,2.0,2.0,1.0,6.0,7.0,13.0,2.0,0.0,1.0,1.0,1.0,15.0,28.0
22200006,1610612740,NOP,New Orleans,1630529,Herbert Jones,Herbert,G,,27:58,2.0,7.0,0.286,1.0,3.0,0.333,1.0,1.0,1.0,3.0,1.0,4.0,3.0,0.0,1.0,0.0,3.0,6.0,34.0
22200006,1610612740,NOP,New Orleans,203468,CJ McCollum,CJ,G,,31:02,7.0,16.0,0.438,3.0,9.0,0.333,4.0,5.0,0.8,1.0,3.0,4.0,6.0,3.0,0.0,1.0,2.0,21.0,23.0
22200006,1610612740,NOP,New Orleans,1630631,Jose Alvarado,Jose,,,15:44,3.0,6.0,0.5,1.0,2.0,0.5,0.0,0.0,0.0,0.0,2.0,2.0,2.0,0.0,0.0,0.0,2.0,7.0,3.0
22200006,1610612740,NOP,New Orleans,1630530,Trey Murphy III,Trey,,,23:57,5.0,7.0,0.714,4.0,6.0,0.667,2.0,3.0,0.667,4.0,5.0,9.0,2.0,0.0,1.0,1.0,4.0,16.0,4.0
22200006,1610612740,NOP,New Orleans,1626204,Larry Nance Jr.,Larry,,,21:24,4.0,6.0,0.667,0.0,0.0,0.0,0.0,1.0,0.0,3.0,6.0,9.0,2.0,1.0,1.0,3.0,1.0,8.0,-6.0
22200006,1610612740,NOP,New Orleans,1628984,Devonte' Graham,Devonte',,,15:02,0.0,3.0,0.0,0.0,1.0,0.0,0.0,0.0,0.0,0.0,0.0,0.0,2.0,0.0,0.0,0.0,0.0,0.0,-4.0
22200006,1610612740,NOP,New Orleans,1630230,Naji Marshall,Naji,,,14:03,2.0,4.0,0.5,0.0,0.0,0.0,0.0,0.0,0.0,1.0,3.0,4.0,2.0,0.0,0.0,0.0,1.0,4.0,-7.0
22200006,1610612740,NOP,New Orleans,1630700,Dyson Daniels,Dyson,,,3:12,0.0,1.0,0.0,0.0,0.0,0.0,0.0,0.0,0.0,0.0,0.0,0.0,2.0,0.0,0.0,0.0,1.0,0.0,-2.0
22200006,1610612740,NOP,New Orleans,1629637,Jaxson Hayes,Jaxson,,DND - Injury/Illness,,,,,,,,,,,,,,,,,,,,
22200006,1610612740,NOP,New Orleans,1626195,Willy Hernangomez,Willy,,DNP - Coach's Decision,,,,,,,,,,,,,,,,,,,,
22200006,1610612740,NOP,New Orleans,1631220,Dereon Seabron,Dereon,,DNP - Coach's Decision,,,,,,,,,,,,,,,,,,,,
22200006,1610612740,NOP,New Orleans,202066,Garrett Temple,Garrett,,DNP - Coach's Decision,,,,,,,,,,,,,,,,,,,,
22200006,1610612751,BKN,Brooklyn,201142,Kevin Durant,Kevin,F,,31:47,11.0,21.0,0.524,2.0,6.0,0.333,8.0,9.0,0.889,0.0,3.0,3.0,2.0,1.0,4.0,4.0,4.0,32.0,-23.0
22200006,1610612751,BKN,Brooklyn,1626220,Royce O'Neale,Royce,F,,34:09,4.0,7.0,0.571,2.0,3.0,0.667,0.0,0.0,0.0,1.0,6.0,7.0,3.0,3.0,2.0,0.0,4.0,10.0,-27.0
22200006,1610612751,BKN,Brooklyn,1629651,Nic Claxton,Nic,C,,24:46,6.0,7.0,0.857,0.0,0.0,0.0,1.0,2.0,0.5,3.0,7.0,10.0,0.0,1.0,2.0,4.0,3.0,13.0,-15.0
22200006,1610612751,BKN,Brooklyn,202681,Kyrie Irving,Kyrie,G,,34:10,6.0,19.0,0.316,0.0,6.0,0.0,3.0,3.0,1.0,0.0,2.0,2.0,5.0,2.0,0.0,2.0,3.0,15.0,-18.0
22200006,1610612751,BKN,Brooklyn,1627732,Ben Simmons,Ben,G,,23:10,2.0,3.0,0.667,0.0,0.0,0.0,0.0,2.0,0.0,0.0,5.0,5.0,5.0,0.0,0.0,3.0,6.0,4.0,-26.0
22200006,1610612751,BKN,Brooklyn,1630549,Day'Ron Sharpe,Day'Ron,,,22:31,1.0,8.0,0.125,0.0,1.0,0.0,2.0,2.0,1.0,5.0,3.0,8.0,1.0,2.0,2.0,0.0,4.0,4.0,-10.0
22200006,1610612751,BKN,Brooklyn,201988,Patty Mills,Patty,,,22:41,5.0,10.0,0.5,4.0,9.0,0.444,2.0,2.0,1.0,0.0,1.0,1.0,0.0,0.0,0.0,0.0,0.0,16.0,-2.0
22200006,1610612751,BKN,Brooklyn,1628410,Edmond Sumner,Edmond,,,18:53,2.0,5.0,0.4,0.0,3.0,0.0,2.0,2.0,1.0,0.0,1.0,1.0,3.0,0.0,0.0,3.0,1.0,6.0,2.0
22200006,1610612751,BKN,Brooklyn,202693,Markieff Morris,Markieff,,,2:44,1.0,1.0,1.0,1.0,1.0,1.0,0.0,0.0,0.0,0.0,0.0,0.0,0.0,0.0,0.0,0.0,0.0,3.0,5.0
22200006,1610612751,BKN,Brooklyn,1630560,Cam Thomas,Cam,,,12:43,1.0,4.0,0.25,0.0,1.0,0.0,0.0,0.0,0.0,0.0,0.0,0.0,1.0,0.0,0.0,0.0,0.0,2.0,3.0
22200006,1610612751,BKN,Brooklyn,1629139,Yuta Watanabe,Yuta,,,8:34,0.0,1.0,0.0,0.0,1.0,0.0,0.0,2.0,0.0,0.0,0.0,0.0,0.0,0.0,0.0,0.0,0.0,0.0,2.0
22200006,1610612751,BKN,Brooklyn,1630556,Kessler Edwards,Kessler,,,3:52,1.0,3.0,0.333,1.0,2.0,0.5,0.0,0.0,0.0,0.0,2.0,2.0,2.0,1.0,0.0,0.0,0.0,3.0,-1.0
22200006,1610612751,BKN,Brooklyn,1630561,David Duke Jr.,David,,DNP - Coach's Decision,,,,,,,,,,,,,,,,,,,,
22200006,1610612751,BKN,Brooklyn,1631214,Alondes Williams,Alondes,,DNP - Coach's Decision,,,,,,,,,,,,,,,,,,,,
22200007,1610612741,CHI,Chicago,201942,DeMar DeRozan,DeMar,F,,36:08,14.0,22.0,0.636,2.0,3.0,0.667,7.0,11.0,0.636,1.0,5.0,6.0,9.0,2.0,1.0,1.0,3.0,37.0,13.0
22200007,1610612741,CHI,Chicago,1630172,Patrick Williams,Patrick,F,,28:08,2.0,6.0,0.333,0.0,2.0,0.0,0.0,0.0,0.0,0.0,2.0,2.0,0.0,1.0,0.0,1.0,1.0,4.0,-4.0
22200007,1610612741,CHI,Chicago,202696,Nikola Vučević,Nikola,C,,33:07,5.0,13.0,0.385,1.0,5.0,0.2,4.0,4.0,1.0,5.0,12.0,17.0,2.0,0.0,3.0,1.0,1.0,15.0,16.0
22200007,1610612741,CHI,Chicago,1627936,Alex Caruso,Alex,G,,29:39,2.0,10.0,0.2,1.0,6.0,0.167,1.0,2.0,0.5,2.0,3.0,5.0,4.0,2.0,0.0,4.0,4.0,6.0,9.0
22200007,1610612741,CHI,Chicago,1630245,Ayo Dosunmu,Ayo,G,,36:25,7.0,14.0,0.5,3.0,6.0,0.5,0.0,0.0,0.0,1.0,5.0,6.0,4.0,2.0,1.0,2.0,2.0,17.0,15.0
22200007,1610612741,CHI,Chicago,1629750,Javonte Green,Javonte,,,18:17,1.0,2.0,0.5,0.0,1.0,0.0,4.0,4.0,1.0,0.0,3.0,3.0,1.0,1.0,0.0,0.0,6.0,6.0,8.0
22200007,1610612741,CHI,Chicago,1629632,Coby White,Coby,,,24:33,4.0,11.0,0.364,2.0,7.0,0.286,0.0,0.0,0.0,0.0,2.0,2.0,0.0,1.0,0.0,1.0,3.0,10.0,0.0
22200007,1610612741,CHI,Chicago,203083,Andre Drummond,Andre,,,14:53,2.0,7.0,0.286,0.0,1.0,0.0,5.0,5.0,1.0,3.0,2.0,5.0,1.0,1.0,1.0,3.0,4.0,9.0,-8.0
22200007,1610612741,CHI,Chicago,201609,Goran Dragic,Goran,,,18:51,4.0,8.0,0.5,4.0,5.0,0.8,0.0,2.0,0.0,0.0,0.0,0.0,2.0,2.0,0.0,1.0,2.0,12.0,-9.0
22200007,1610612741,CHI,Chicago,1628396,Tony Bradley,Tony,,DNP - Coach's Decision,,,,,,,,,,,,,,,,,,,,
22200007,1610612741,CHI,Chicago,1630792,Malcolm Hill,Malcolm,,DNP - Coach's Decision,,,,,,,,,,,,,,,,,,,,
22200007,1610612741,CHI,Chicago,1627884,Derrick Jones Jr.,Derrick,,DNP - Coach's Decision,,,,,,,,,,,,,,,,,,,,
22200007,1610612741,CHI,Chicago,1630250,Marko Simonovic,Marko,,DNP - Coach's Decision,,,,,,,,,,,,,,,,,,,,
22200007,1610612741,CHI,Chicago,1631207,Dalen Terry,Dalen,,DNP - Coach's Decision,,,,,,,,,,,,,,,,,,,,
22200007,1610612748,MIA,Miami,202710,Jimmy Butler III,Jimmy,F,,36:34,5.0,11.0,0.455,0.0,0.0,0.0,14.0,16.0,0.875,3.0,5.0,8.0,3.0,1.0,1.0,2.0,2.0,24.0,-12.0
22200007,1610612748,MIA,Miami,1628997,Caleb Martin,Caleb,F,,28:37,3.0,9.0,0.333,1.0,3.0,0.333,0.0,0.0,0.0,1.0,3.0,4.0,3.0,2.0,0.0,0.0,2.0,7.0,-7.0
22200007,1610612748,MIA,Miami,1628389,Bam Adebayo,Bam,C,,33:60,5.0,15.0,0.333,0.0,0.0,0.0,2.0,3.0,0.667,1.0,8.0,9.0,2.0,0.0,1.0,5.0,4.0,12.0,-15.0
22200007,1610612748,MIA,Miami,1629639,Tyler Herro,Tyler,G,,34:28,8.0,15.0,0.533,4.0,8.0,0.5,3.0,4.0,0.75,0.0,6.0,6.0,1.0,2.0,0.0,1.0,2.0,23.0,-18.0
22200007,1610612748,MIA,Miami,200768,Kyle Lowry,Kyle,G,,34:39,1.0,7.0,0.143,0.0,5.0,0.0,0.0,0.0,0.0,0.0,5.0,5.0,4.0,1.0,0.0,3.0,4.0,2.0,-13.0
22200007,1610612748,MIA,Miami,1629622,Max Strus,Max,,,30:49,7.0,9.0,0.778,5.0,7.0,0.714,3.0,5.0,0.6,1.0,6.0,7.0,1.0,0.0,0.0,2.0,3.0,22.0,3.0
22200007,1610612748,MIA,Miami,1629216,Gabe Vincent,Gabe,,,16:03,1.0,4.0,0.25,0.0,1.0,0.0,0.0,0.0,0.0,0.0,0.0,0.0,3.0,0.0,0.0,4.0,1.0,2.0,7.0
22200007,1610612748,MIA,Miami,203473,Dewayne Dedmon,Dewayne,,,13:28,5.0,6.0,0.833,1.0,1.0,1.0,0.0,0.0,0.0,1.0,2.0,3.0,1.0,0.0,0.0,2.0,5.0,11.0,5.0
22200007,1610612748,MIA,Miami,1629130,Duncan Robinson,Duncan,,,10:54,2.0,4.0,0.5,1.0,3.0,0.333,0.0,0.0,0.0,1.0,3.0,4.0,3.0,0.0,0.0,0.0,1.0,5.0,8.0
22200007,1610612748,MIA,Miami,1629312,Haywood Highsmith,Haywood,,,0:29,0.0,0.0,0.0,0.0,0.0,0.0,0.0,0.0,0.0,0.0,0.0,0.0,0.0,0.0,0.0,0.0,0.0,0.0,2.0
22200007,1610612748,MIA,Miami,2617,Udonis Haslem,Udonis,,DNP - Coach's Decision,,,,,,,,,,,,,,,,,,,,
22200007,1610612748,MIA,Miami,1631107,Nikola Jović,Nikola,,DNP - Coach's Decision,,,,,,,,,,,,,,,,,,,,
22200007,1610612748,MIA,Miami,1630696,Dru Smith,Dru,,DNP - Coach's Decision,,,,,,,,,,,,,,,,,,,,
22200003,1610612753,ORL,Orlando,1631094,Paolo Banchero,Paolo,F,,35:20,11.0,18.0,0.611,0.0,0.0,0.0,5.0,7.0,0.714,2.0,7.0,9.0,5.0,0.0,2.0,4.0,5.0,27.0,2.0
22200003,1610612753,ORL,Orlando,1630532,Franz Wagner,Franz,F,,34:07,8.0,18.0,0.444,2.0,6.0,0.333,2.0,2.0,1.0,1.0,3.0,4.0,5.0,0.0,0.0,5.0,2.0,20.0,-2.0
22200003,1610612753,ORL,Orlando,1628976,Wendell Carter Jr.,Wendell,C,,32:39,5.0,8.0,0.625,1.0,2.0,0.5,0.0,0.0,0.0,0.0,11.0,11.0,3.0,1.0,1.0,3.0,4.0,11.0,0.0
22200003,1610612753,ORL,Orlando,203082,Terrence Ross,Terrence,G,,31:49,5.0,12.0,0.417,3.0,8.0,0.375,0.0,1.0,0.0,1.0,3.0,4.0,1.0,1.0,0.0,0.0,2.0,13.0,5.0
22200003,1610612753,ORL,Orlando,1630591,Jalen Suggs,Jalen,G,,25:14,8.0,11.0,0.727,4.0,6.0,0.667,1.0,1.0,1.0,1.0,0.0,1.0,3.0,2.0,0.0,4.0,6.0,21.0,3.0
22200003,1610612753,ORL,Orlando,1631216,Caleb Houstan,Caleb,,,21:55,0.0,3.0,0.0,0.0,2.0,0.0,0.0,0.0,0.0,0.0,3.0,3.0,0.0,0.0,1.0,0.0,3.0,0.0,-14.0
22200003,1610612753,ORL,Orlando,1629626,Bol Bol,Bol,,,17:32,4.0,6.0,0.667,0.0,0.0,0.0,2.0,2.0,1.0,2.0,4.0,6.0,0.0,0.0,1.0,2.0,0.0,10.0,-4.0
22200003,1610612753,ORL,Orlando,1628964,Mo Bamba,Mo,,,12:00,0.0,5.0,0.0,0.0,4.0,0.0,0.0,2.0,0.0,1.0,1.0,2.0,1.0,0.0,0.0,0.0,0.0,0.0,-10.0
22200003,1610612753,ORL,Orlando,1629643,Chuma Okeke,Chuma,,,17:55,0.0,3.0,0.0,0.0,1.0,0.0,2.0,2.0,1.0,1.0,3.0,4.0,1.0,0.0,0.0,0.0,2.0,2.0,-7.0
22200003,1610612753,ORL,Orlando,1630181,R.J. Hampton,R.J.,,,11:29,1.0,2.0,0.5,1.0,1.0,1.0,2.0,2.0,1.0,1.0,3.0,4.0,2.0,1.0,0.0,0.0,0.0,5.0,7.0
22200003,1610612753,ORL,Orlando,1630175,Cole Anthony,Cole,,DNP - Injury/Illness,,,,,,,,,,,,,,,,,,,,
22200003,1610612753,ORL,Orlando,1630284,Kevon Harris,Kevon,,DNP - Coach's Decision,,,,,,,,,,,,,,,,,,,,
22200003,1610612753,ORL,Orlando,1629678,Admiral Schofield,Admiral,,DNP - Coach's Decision,,,,,,,,,,,,,,,,,,,,
22200003,1610612765,DET,Detroit,1630180,Saddiq Bey,Saddiq,F,,31:23,2.0,5.0,0.4,0.0,2.0,0.0,4.0,4.0,1.0,3.0,3.0,6.0,3.0,1.0,0.0,1.0,2.0,8.0,6.0
22200003,1610612765,DET,Detroit,202711,Bojan Bogdanović,Bojan,F,,34:50,8.0,16.0,0.5,6.0,10.0,0.6,2.0,2.0,1.0,1.0,4.0,5.0,2.0,1.0,0.0,1.0,3.0,24.0,6.0
22200003,1610612765,DET,Detroit,1630191,Isaiah Stewart,Isaiah,C,,26:18,3.0,6.0,0.5,1.0,4.0,0.25,7.0,8.0,0.875,0.0,5.0,5.0,3.0,2.0,0.0,0.0,2.0,14.0,-1.0
22200003,1610612765,DET,Detroit,1630595,Cade Cunningham,Cade,G,,35:06,6.0,16.0,0.375,2.0,6.0,0.333,4.0,4.0,1.0,0.0,1.0,1.0,10.0,1.0,0.0,3.0,2.0,18.0,3.0
22200003,1610612765,DET,Detroit,1631093,Jaden Ivey,Jaden,G,,31:44,8.0,15.0,0.533,2.0,4.0,0.5,1.0,1.0,1.0,1.0,2.0,3.0,4.0,3.0,0.0,2.0,3.0,19.0,-4.0
22200003,1610612765,DET,Detroit,1630165,Killian Hayes,Killian,,,16:11,1.0,9.0,0.111,0.0,3.0,0.0,1.0,1.0,1.0,0.0,5.0,5.0,5.0,3.0,1.0,0.0,1.0,3.0,6.0
22200003,1610612765,DET,Detroit,1631105,Jalen Duren,Jalen,,,21:43,7.0,13.0,0.538,0.0,0.0,0.0,0.0,4.0,0.0,5.0,5.0,10.0,1.0,0.0,3.0,3.0,0.0,14.0,7.0
22200003,1610612765,DET,Detroit,1628995,Kevin Knox II,Kevin,,,13:10,1.0,8.0,0.125,1.0,6.0,0.167,0.0,0.0,0.0,0.0,3.0,3.0,0.0,0.0,0.0,2.0,2.0,3.0,-2.0
22200003,1610612765,DET,Detroit,202709,Cory Joseph,Cory,,,15:08,3.0,3.0,1.0,2.0,2.0,1.0,0.0,0.0,0.0,0.0,1.0,1.0,2.0,0.0,0.0,0.0,3.0,8.0,-1.0
22200003,1610612765,DET,Detroit,1628977,Hamidou Diallo,Hamidou,,,14:28,1.0,3.0,0.333,0.0,1.0,0.0,0.0,0.0,0.0,2.0,0.0,2.0,1.0,0.0,0.0,0.0,3.0,2.0,0.0
22200003,1610612765,DET,Detroit,1631205,Buddy Boeheim,Buddy,,DNP - Coach's Decision,,,,,,,,,,,,,,,,,,,,
22200003,1610612765,DET,Detroit,1630296,Braxton Key,Braxton,,DNP - Coach's Decision,,,,,,,,,,,,,,,,,,,,
22200003,1610612765,DET,Detroit,203585,Rodney McGruder,Rodney,,DNP - Coach's Decision,,,,,,,,,,,,,,,,,,,,
22200003,1610612765,DET,Detroit,203457,Nerlens Noel,Nerlens,,DNP - Coach's Decision,,,,,,,,,,,,,,,,,,,,
22200004,1610612764,WAS,Washington,1630166,Deni Avdija,Deni,F,,7:40,1.0,1.0,1.0,0.0,0.0,0.0,2.0,2.0,1.0,0.0,0.0,0.0,0.0,0.0,0.0,0.0,0.0,4.0,14.0
22200004,1610612764,WAS,Washington,1628398,Kyle Kuzma,Kyle,F,,34:30,8.0,19.0,0.421,3.0,10.0,0.3,3.0,5.0,0.6,1.0,12.0,13.0,2.0,0.0,2.0,2.0,4.0,22.0,7.0
22200004,1610612764,WAS,Washington,204001,Kristaps Porziņģis,Kristaps,C,,31:46,5.0,14.0,0.357,1.0,5.0,0.2,4.0,6.0,0.667,2.0,8.0,10.0,3.0,0.0,2.0,2.0,2.0,15.0,7.0
22200004,1610612764,WAS,Washington,203078,Bradley Beal,Bradley,G,,37:31,9.0,17.0,0.529,2.0,7.0,0.286,3.0,3.0,1.0,2.0,3.0,5.0,6.0,0.0,1.0,3.0,2.0,23.0,8.0
22200004,1610612764,WAS,Washington,1628420,Monté Morris,Monté,G,,21:23,2.0,6.0,0.333,1.0,1.0,1.0,2.0,2.0,1.0,2.0,4.0,6.0,6.0,2.0,0.0,1.0,1.0,7.0,17.0
22200004,1610612764,WAS,Washington,1629060,Rui Hachimura,Rui,,,24:00,3.0,7.0,0.429,1.0,1.0,1.0,0.0,0.0,0.0,1.0,4.0,5.0,0.0,0.0,1.0,3.0,2.0,7.0,-6.0
22200004,1610612764,WAS,Washington,1626153,Delon Wright,Delon,,,26:37,3.0,7.0,0.429,1.0,3.0,0.333,1.0,2.0,0.5,1.0,2.0,3.0,1.0,2.0,2.0,1.0,4.0,8.0,-10.0
22200004,1610612764,WAS,Washington,1630264,Anthony Gill,Anthony,,,15:27,1.0,3.0,0.333,0.0,1.0,0.0,0.0,0.0,0.0,0.0,2.0,2.0,0.0,0.0,1.0,0.0,3.0,2.0,0.0
22200004,1610612764,WAS,Washington,203115,Will Barton,Will,,,25:07,4.0,10.0,0.4,2.0,3.0,0.667,4.0,4.0,1.0,1.0,1.0,2.0,3.0,0.0,0.0,2.0,1.0,14.0,0.0
22200004,1610612764,WAS,Washington,1629655,Daniel Gafford,Daniel,,,15:59,6.0,8.0,0.75,0.0,0.0,0.0,0.0,0.0,0.0,4.0,3.0,7.0,0.0,1.0,1.0,2.0,0.0,12.0,-2.0
22200004,1610612764,WAS,Washington,1631098,Johnny Davis,Johnny,,DNP - Coach's Decision,,,,,,,,,,,,,,,,,,,,
22200004,1610612764,WAS,Washington,201959,Taj Gibson,Taj,,DNP - Coach's Decision,,,,,,,,,,,,,,,,,,,,
22200004,1610612764,WAS,Washington,1630692,Jordan Goodwin,Jordan,,DNP - Coach's Decision,,,,,,,,,,,,,,,,,,,,
22200004,1610612764,WAS,Washington,1630648,Jordan Schakel,Jordan,,DNP - Coach's Decision,,,,,,,,,,,,,,,,,,,,
22200004,1610612764,WAS,Washington,1630225,Isaiah Todd,Isaiah,,DNP - Coach's Decision,,,,,,,,,,,,,,,,,,,,
22200004,1610612754,IND,Indiana,1627741,Buddy Hield,Buddy,F,,31:33,6.0,16.0,0.375,4.0,11.0,0.364,0.0,0.0,0.0,4.0,6.0,10.0,3.0,0.0,0.0,1.0,2.0,16.0,0.0
22200004,1610612754,IND,Indiana,1630678,Terry Taylor,Terry,F,,24:03,2.0,6.0,0.333,1.0,3.0,0.333,3.0,4.0,0.75,1.0,1.0,2.0,1.0,2.0,1.0,1.0,1.0,8.0,-8.0
22200004,1610612754,IND,Indiana,1630188,Jalen Smith,Jalen,C,,22:03,6.0,14.0,0.429,1.0,6.0,0.167,3.0,5.0,0.6,1.0,7.0,8.0,1.0,0.0,1.0,0.0,2.0,16.0,0.0
22200004,1610612754,IND,Indiana,1630537,Chris Duarte,Chris,G,,19:25,1.0,3.0,0.333,1.0,2.0,0.5,2.0,2.0,1.0,0.0,1.0,1.0,0.0,1.0,0.0,1.0,0.0,5.0,-13.0
22200004,1610612754,IND,Indiana,1630169,Tyrese Haliburton,Tyrese,G,,35:40,10.0,18.0,0.556,3.0,6.0,0.5,3.0,3.0,1.0,2.0,2.0,4.0,7.0,0.0,0.0,3.0,1.0,26.0,-5.0
22200004,1610612754,IND,Indiana,1630543,Isaiah Jackson,Isaiah,,,15:51,1.0,3.0,0.333,0.0,0.0,0.0,1.0,2.0,0.5,1.0,2.0,3.0,0.0,0.0,1.0,1.0,0.0,3.0,-13.0
22200004,1610612754,IND,Indiana,1631097,Bennedict Mathurin,Bennedict,,,27:50,7.0,15.0,0.467,3.0,7.0,0.429,2.0,5.0,0.4,2.0,5.0,7.0,2.0,2.0,0.0,3.0,3.0,19.0,9.0
22200004,1610612754,IND,Indiana,204456,T.J. McConnell,T.J.,,,16:38,4.0,9.0,0.444,0.0,0.0,0.0,0.0,0.0,0.0,0.0,1.0,1.0,4.0,1.0,1.0,2.0,3.0,8.0,-8.0
22200004,1610612754,IND,Indiana,1629052,Oshae Brissett,Oshae,,,14:21,1.0,4.0,0.25,1.0,2.0,0.5,0.0,0.0,0.0,0.0,0.0,0.0,0.0,0.0,0.0,1.0,1.0,3.0,-8.0
22200004,1610612754,IND,Indiana,1630174,Aaron Nesmith,Aaron,,,22:30,1.0,8.0,0.125,1.0,5.0,0.2,0.0,0.0,0.0,0.0,4.0,4.0,1.0,0.0,0.0,0.0,4.0,3.0,5.0
22200004,1610612754,IND,Indiana,1629048,Goga Bitadze,Goga,,,10:06,0.0,1.0,0.0,0.0,0.0,0.0,0.0,0.0,0.0,1.0,1.0,2.0,2.0,1.0,1.0,2.0,3.0,0.0,6.0
22200004,1610612754,IND,Indiana,1631112,Kendall Brown,Kendall,,DNP - Coach's Decision,,,,,,,,,,,,,,,,,,,,
22200004,1610612754,IND,Indiana,201949,James Johnson,James,,DNP - Coach's Decision,,,,,,,,,,,,,,,,,,,,
22200004,1610612754,IND,Indiana,1629614,Andrew Nembhard,Andrew,,DNP - Coach's Decision,,,,,,,,,,,,,,,,,,,,
22200004,1610612754,IND,Indiana,1626167,Myles Turner,Myles,,DNP - Injury/Illness,,,,,,,,,,,,,,,,,,,,
22200005,1610612745,HOU,Houston,201569,Eric Gordon,Eric,F,,29:19,4.0,9.0,0.444,1.0,4.0,0.25,2.0,2.0,1.0,0.0,1.0,1.0,4.0,0.0,0.0,1.0,2.0,11.0,8.0
22200005,1610612745,HOU,Houston,1631095,Jabari Smith Jr.,Jabari,F,,32:54,6.0,17.0,0.353,3.0,11.0,0.273,2.0,2.0,1.0,1.0,6.0,7.0,1.0,0.0,0.0,0.0,4.0,17.0,-9.0
22200005,1610612745,HOU,Houston,1628981,Bruno Fernando,Bruno,C,,25:02,3.0,3.0,1.0,0.0,0.0,0.0,1.0,2.0,0.5,3.0,6.0,9.0,7.0,0.0,2.0,0.0,0.0,7.0,-1.0
22200005,1610612745,HOU,Houston,1630224,Jalen Green,Jalen,G,,32:13,7.0,20.0,0.35,1.0,7.0,0.143,1.0,1.0,1.0,1.0,4.0,5.0,3.0,1.0,1.0,3.0,3.0,16.0,-16.0
22200005,1610612745,HOU,Houston,1629645,Kevin Porter Jr.,Kevin,G,,33:57,9.0,19.0,0.474,3.0,5.0,0.6,0.0,0.0,0.0,3.0,4.0,7.0,7.0,2.0,0.0,4.0,2.0,21.0,-13.0
22200005,1610612745,HOU,Houston,1630231,KJ Martin,KJ,,,22:42,1.0,7.0,0.143,0.0,2.0,0.0,4.0,4.0,1.0,0.0,5.0,5.0,0.0,1.0,0.0,1.0,4.0,6.0,-10.0
22200005,1610612745,HOU,Houston,1631106,Tari Eason,Tari,,,15:06,4.0,6.0,0.667,0.0,0.0,0.0,0.0,0.0,0.0,3.0,4.0,7.0,0.0,0.0,0.0,0.0,1.0,8.0,-1.0
22200005,1610612745,HOU,Houston,1630578,Alperen Sengun,Alperen,,,22:05,5.0,9.0,0.556,1.0,2.0,0.5,4.0,4.0,1.0,4.0,5.0,9.0,0.0,0.0,0.0,6.0,3.0,15.0,-6.0
22200005,1610612745,HOU,Houston,1629726,Garrison Mathews,Garrison,,,14:03,0.0,2.0,0.0,0.0,2.0,0.0,0.0,0.0,0.0,0.0,1.0,1.0,1.0,0.0,0.0,0.0,1.0,0.0,3.0
22200005,1610612745,HOU,Houston,1630528,Josh Christopher,Josh,,,12:39,3.0,6.0,0.5,0.0,2.0,0.0,0.0,0.0,0.0,0.0,3.0,3.0,2.0,0.0,0.0,0.0,0.0,6.0,-5.0
22200005,1610612745,HOU,Houston,1630586,Usman Garuba,Usman,,DNP - Coach's Decision,,,,,,,,,,,,,,,,,,,,
22200005,1610612745,HOU,Houston,1631309,Trevor Hudgins,Trevor,,DNP - Coach's Decision,,,,,,,,,,,,,,,,,,,,
22200005,1610612745,HOU,Houston,1626246,Boban Marjanović,Boban,,DNP - Coach's Decision,,,,,,,,,,,,,,,,,,,,
22200005,1610612737,ATL,Atlanta,1629631,De'Andre Hunter,De'Andre,F,,32:08,10.0,15.0,0.667,1.0,3.0,0.333,1.0,2.0,0.5,1.0,2.0,3.0,1.0,1.0,0.0,0.0,3.0,22.0,12.0
22200005,1610612737,ATL,Atlanta,1628381,John Collins,John,F,,33:39,9.0,12.0,0.75,2.0,2.0,1.0,4.0,4.0,1.0,0.0,8.0,8.0,1.0,1.0,0.0,2.0,3.0,24.0,11.0
22200005,1610612737,ATL,Atlanta,203991,Clint Capela,Clint,C,,26:02,1.0,3.0,0.333,0.0,0.0,0.0,0.0,0.0,0.0,2.0,6.0,8.0,0.0,0.0,2.0,1.0,2.0,2.0,-1.0
22200005,1610612737,ATL,Atlanta,1627749,Dejounte Murray,Dejounte,G,,38:14,8.0,19.0,0.421,1.0,5.0,0.2,3.0,3.0,1.0,0.0,5.0,5.0,11.0,5.0,1.0,0.0,0.0,20.0,8.0
22200005,1610612737,ATL,Atlanta,1629027,Trae Young,Trae,G,,37:54,7.0,22.0,0.318,1.0,9.0,0.111,8.0,8.0,1.0,0.0,3.0,3.0,13.0,1.0,1.0,3.0,1.0,23.0,16.0
22200005,1610612737,ATL,Atlanta,1630552,Jalen Johnson,Jalen,,,14:21,1.0,1.0,1.0,0.0,0.0,0.0,3.0,4.0,0.75,0.0,1.0,1.0,0.0,0.0,0.0,1.0,2.0,5.0,-1.0
22200005,1610612737,ATL,Atlanta,1628988,Aaron Holiday,Aaron,,,18:02,2.0,5.0,0.4,1.0,2.0,0.5,0.0,0.0,0.0,0.0,0.0,0.0,1.0,3.0,0.0,2.0,1.0,5.0,-6.0
22200005,1610612737,ATL,Atlanta,1630168,Onyeka Okongwu,Onyeka,,,21:07,6.0,8.0,0.75,0.0,0.0,0.0,1.0,3.0,0.333,1.0,8.0,9.0,0.0,0.0,0.0,0.0,4.0,13.0,8.0
22200005,1610612737,ATL,Atlanta,203200,Justin Holiday,Justin,,,18:33,1.0,5.0,0.2,1.0,4.0,0.25,0.0,0.0,0.0,0.0,1.0,1.0,3.0,1.0,1.0,0.0,2.0,3.0,3.0
22200005,1610612737,ATL,Atlanta,1629633,Jarrett Culver,Jarrett,,DNP - Coach's Decision,,,,,,,,,,,,,,,,,,,,
22200005,1610612737,ATL,Atlanta,1630235,Trent Forrest,Trent,,DNP - Coach's Decision,,,,,,,,,,,,,,,,,,,,
22200005,1610612737,ATL,Atlanta,1631100,AJ Griffin,AJ,,DNP - Coach's Decision,,,,,,,,,,,,,,,,,,,,
22200005,1610612737,ATL,Atlanta,1626163,Frank Kaminsky,Frank,,DNP - Coach's Decision,,,,,,,,,,,,,,,,,,,,
22200005,1610612737,ATL,Atlanta,1630249,Vít Krejčí,Vít,,DNP - Coach's Decision,,,,,,,,,,,,,,,,,,,,
22200005,1610612737,ATL,Atlanta,1631213,Tyrese Martin,Tyrese,,DNP - Coach's Decision,,,,,,,,,,,,,,,,,,,,
22200014,1610612757,POR,Portland,1628404,Josh Hart,Josh,F,,38:19,8.0,11.0,0.727,0.0,0.0,0.0,3.0,3.0,1.0,0.0,7.0,7.0,5.0,1.0,0.0,2.0,3.0,19.0,-1.0
22200014,1610612757,POR,Portland,203924,Jerami Grant,Jerami,F,,35:20,5.0,11.0,0.455,3.0,3.0,1.0,10.0,13.0,0.769,2.0,6.0,8.0,1.0,2.0,0.0,1.0,4.0,23.0,7.0
22200014,1610612757,POR,Portland,203994,Jusuf Nurkić,Jusuf,C,,25:11,3.0,9.0,0.333,0.0,0.0,0.0,2.0,2.0,1.0,2.0,5.0,7.0,1.0,2.0,0.0,4.0,1.0,8.0,-7.0
22200014,1610612757,POR,Portland,1629014,Anfernee Simons,Anfernee,G,,35:51,9.0,22.0,0.409,3.0,10.0,0.3,1.0,2.0,0.5,0.0,3.0,3.0,2.0,2.0,0.0,0.0,2.0,22.0,-1.0
22200014,1610612757,POR,Portland,203081,Damian Lillard,Damian,G,,36:45,5.0,18.0,0.278,1.0,8.0,0.125,9.0,9.0,1.0,3.0,1.0,4.0,8.0,2.0,0.0,4.0,0.0,20.0,-1.0
22200014,1610612757,POR,Portland,1626159,Justise Winslow,Justise,,,26:18,5.0,9.0,0.556,1.0,2.0,0.5,0.0,0.0,0.0,3.0,5.0,8.0,0.0,1.0,0.0,0.0,3.0,11.0,21.0
22200014,1610612757,POR,Portland,1629234,Drew Eubanks,Drew,,,15:34,0.0,0.0,0.0,0.0,0.0,0.0,0.0,0.0,0.0,1.0,2.0,3.0,1.0,0.0,2.0,0.0,2.0,0.0,4.0
22200014,1610612757,POR,Portland,1631101,Shaedon Sharpe,Shaedon,,,16:18,4.0,6.0,0.667,3.0,3.0,1.0,1.0,2.0,0.5,0.0,2.0,2.0,1.0,0.0,0.0,0.0,2.0,12.0,8.0
22200014,1610612757,POR,Portland,1629642,Nassir Little,Nassir,,,10:24,0.0,2.0,0.0,0.0,2.0,0.0,0.0,2.0,0.0,0.0,2.0,2.0,1.0,1.0,0.0,0.0,0.0,0.0,5.0
22200014,1610612757,POR,Portland,1630535,Greg Brown III,Greg,,DNP - Coach's Decision,,,,,,,,,,,,,,,,,,,,
22200014,1610612757,POR,Portland,1630553,Keon Johnson,Keon,,DNP - Coach's Decision,,,,,,,,,,,,,,,,,,,,
22200014,1610612757,POR,Portland,1631133,Jabari Walker,Jabari,,DNP - Coach's Decision,,,,,,,,,,,,,,,,,,,,
22200014,1610612758,SAC,Sacramento,203084,Harrison Barnes,Harrison,F,,31:20,4.0,8.0,0.5,0.0,2.0,0.0,1.0,2.0,0.5,1.0,7.0,8.0,4.0,0.0,1.0,1.0,2.0,9.0,-6.0
22200014,1610612758,SAC,Sacramento,1629644,KZ Okpala,KZ,F,,15:58,0.0,1.0,0.0,0.0,1.0,0.0,0.0,0.0,0.0,0.0,2.0,2.0,1.0,0.0,0.0,0.0,3.0,0.0,-4.0
22200014,1610612758,SAC,Sacramento,1627734,Domantas Sabonis,Domantas,C,,33:07,5.0,10.0,0.5,0.0,1.0,0.0,3.0,6.0,0.5,1.0,3.0,4.0,5.0,1.0,1.0,3.0,6.0,13.0,7.0
22200014,1610612758,SAC,Sacramento,1628989,Kevin Huerter,Kevin,G,,28:48,8.0,12.0,0.667,6.0,9.0,0.667,1.0,2.0,0.5,0.0,3.0,3.0,2.0,1.0,0.0,1.0,2.0,23.0,16.0
22200014,1610612758,SAC,Sacramento,1628368,De'Aaron Fox,De'Aaron,G,,35:08,12.0,21.0,0.571,5.0,9.0,0.556,4.0,5.0,0.8,0.0,7.0,7.0,7.0,2.0,0.0,8.0,5.0,33.0,1.0
22200014,1610612758,SAC,Sacramento,1628370,Malik Monk,Malik,,,15:42,2.0,7.0,0.286,2.0,5.0,0.4,0.0,0.0,0.0,1.0,1.0,2.0,3.0,0.0,1.0,2.0,1.0,6.0,-18.0
22200014,1610612758,SAC,Sacramento,1629056,Terence Davis,Terence,,,25:04,4.0,9.0,0.444,2.0,5.0,0.4,4.0,4.0,1.0,1.0,4.0,5.0,1.0,2.0,1.0,0.0,3.0,14.0,-8.0
22200014,1610612758,SAC,Sacramento,1630558,Davion Mitchell,Davion,,,25:51,1.0,8.0,0.125,0.0,5.0,0.0,0.0,0.0,0.0,0.0,3.0,3.0,4.0,0.0,0.0,0.0,1.0,2.0,-7.0
22200014,1610612758,SAC,Sacramento,1626168,Trey Lyles,Trey,,,14:32,2.0,8.0,0.25,2.0,7.0,0.286,0.0,0.0,0.0,0.0,4.0,4.0,0.0,1.0,0.0,0.0,0.0,6.0,-4.0
22200014,1610612758,SAC,Sacramento,1626158,Richaun Holmes,Richaun,,,14:31,1.0,1.0,1.0,0.0,0.0,0.0,0.0,0.0,0.0,0.0,3.0,3.0,0.0,1.0,1.0,0.0,2.0,2.0,-12.0
22200014,1610612758,SAC,Sacramento,203521,Matthew Dellavedova,Matthew,,DNP - Coach's Decision,,,,,,,,,,,,,,,,,,,,
22200014,1610612758,SAC,Sacramento,203458,Alex Len,Alex,,DNP - Coach's Decision,,,,,,,,,,,,,,,,,,,,
22200014,1610612758,SAC,Sacramento,1629002,Chimezie Metu,Chimezie,,DNP - Coach's Decision,,,,,,,,,,,,,,,,,,,,
22200014,1610612758,SAC,Sacramento,1631320,Chima Moneke,Chima,,DNP - Coach's Decision,,,,,,,,,,,,,,,,,,,,
22200011,1610612766,CHA,Charlotte,202330,Gordon Hayward,Gordon,F,,28:54,6.0,11.0,0.545,1.0,4.0,0.25,7.0,7.0,1.0,0.0,5.0,5.0,2.0,1.0,0.0,5.0,3.0,20.0,7.0
22200011,1610612766,CHA,Charlotte,1629023,P.J. Washington,P.J.,F,,29:51,7.0,12.0,0.583,3.0,4.0,0.75,0.0,0.0,0.0,2.0,5.0,7.0,4.0,0.0,3.0,1.0,2.0,17.0,29.0
22200011,1610612766,CHA,Charlotte,203486,Mason Plumlee,Mason,C,,22:14,5.0,9.0,0.556,0.0,0.0,0.0,2.0,2.0,1.0,4.0,3.0,7.0,4.0,0.0,1.0,1.0,2.0,12.0,6.0
22200011,1610612766,CHA,Charlotte,1626162,Kelly Oubre Jr.,Kelly,G,,22:38,5.0,10.0,0.5,1.0,3.0,0.333,2.0,3.0,0.667,0.0,4.0,4.0,2.0,3.0,0.0,0.0,4.0,13.0,36.0
22200011,1610612766,CHA,Charlotte,1626179,Terry Rozier,Terry,G,,29:43,10.0,19.0,0.526,4.0,7.0,0.571,0.0,0.0,0.0,0.0,6.0,6.0,6.0,0.0,1.0,4.0,1.0,24.0,18.0
22200011,1610612766,CHA,Charlotte,1629667,Jalen McDaniels,Jalen,,,23:20,2.0,5.0,0.4,1.0,2.0,0.5,0.0,0.0,0.0,0.0,5.0,5.0,2.0,1.0,1.0,0.0,0.0,5.0,13.0
22200011,1610612766,CHA,Charlotte,1628372,Dennis Smith Jr.,Dennis,,,21:11,5.0,7.0,0.714,2.0,2.0,1.0,0.0,0.0,0.0,0.0,2.0,2.0,4.0,2.0,2.0,1.0,2.0,12.0,28.0
22200011,1610612766,CHA,Charlotte,1628998,Cody Martin,Cody,,,0:56,0.0,0.0,0.0,0.0,0.0,0.0,0.0,0.0,0.0,0.0,0.0,0.0,0.0,0.0,0.0,0.0,0.0,0.0,-6.0
22200011,1610612766,CHA,Charlotte,1630208,Nick Richards,Nick,,,21:26,7.0,13.0,0.538,0.0,0.0,0.0,5.0,7.0,0.714,8.0,2.0,10.0,0.0,0.0,0.0,0.0,2.0,19.0,28.0
22200011,1610612766,CHA,Charlotte,1630550,JT Thor,JT,,,8:01,0.0,1.0,0.0,0.0,1.0,0.0,0.0,0.0,0.0,0.0,1.0,1.0,0.0,0.0,1.0,0.0,0.0,0.0,6.0
22200011,1610612766,CHA,Charlotte,1630547,James Bouknight,James,,,14:26,0.0,5.0,0.0,0.0,4.0,0.0,0.0,0.0,0.0,0.0,2.0,2.0,1.0,0.0,0.0,0.0,1.0,0.0,-2.0
22200011,1610612766,CHA,Charlotte,1631121,Bryce McGowens,Bryce,,,4:20,0.0,1.0,0.0,0.0,1.0,0.0,0.0,0.0,0.0,0.0,0.0,0.0,0.0,0.0,1.0,0.0,0.0,0.0,-7.0
22200011,1610612766,CHA,Charlotte,1631109,Mark Williams,Mark,,,4:20,0.0,0.0,0.0,0.0,0.0,0.0,2.0,2.0,1.0,0.0,1.0,1.0,0.0,0.0,0.0,2.0,3.0,2.0,-7.0
22200011,1610612766,CHA,Charlotte,1630539,Kai Jones,Kai,,,4:20,1.0,1.0,1.0,1.0,1.0,1.0,0.0,0.0,0.0,0.0,0.0,0.0,0.0,0.0,0.0,0.0,0.0,3.0,-7.0
22200011,1610612766,CHA,Charlotte,1630177,Theo Maledon,Theo,,,4:20,0.0,0.0,0.0,0.0,0.0,0.0,2.0,2.0,1.0,0.0,1.0,1.0,1.0,0.0,0.0,1.0,0.0,2.0,-7.0
22200011,1610612759,SAS,San Antonio,1629640,Keldon Johnson,Keldon,F,,29:39,8.0,17.0,0.471,3.0,7.0,0.429,1.0,2.0,0.5,2.0,9.0,11.0,4.0,2.0,0.0,2.0,2.0,20.0,-11.0
22200011,1610612759,SAS,San Antonio,1631110,Jeremy Sochan,Jeremy,F,,27:26,2.0,8.0,0.25,0.0,2.0,0.0,0.0,1.0,0.0,2.0,5.0,7.0,2.0,2.0,0.0,0.0,2.0,4.0,-2.0
22200011,1610612759,SAS,San Antonio,1627751,Jakob Poeltl,Jakob,C,,26:59,7.0,13.0,0.538,0.0,0.0,0.0,0.0,0.0,0.0,4.0,5.0,9.0,2.0,0.0,0.0,3.0,2.0,14.0,-10.0
22200011,1610612759,SAS,San Antonio,1630170,Devin Vassell,Devin,G,,28:35,3.0,15.0,0.2,0.0,8.0,0.0,5.0,8.0,0.625,1.0,1.0,2.0,4.0,1.0,0.0,2.0,1.0,11.0,-22.0
22200011,1610612759,SAS,San Antonio,1630200,Tre Jones,Tre,G,,24:22,5.0,8.0,0.625,1.0,2.0,0.5,3.0,3.0,1.0,2.0,1.0,3.0,2.0,1.0,2.0,0.0,3.0,14.0,-11.0
22200011,1610612759,SAS,San Antonio,1630563,Joshua Primo,Joshua,,,25:51,3.0,11.0,0.273,0.0,3.0,0.0,4.0,4.0,1.0,0.0,3.0,3.0,5.0,0.0,1.0,3.0,2.0,10.0,-18.0
22200011,1610612759,SAS,San Antonio,203926,Doug McDermott,Doug,,,16:25,5.0,10.0,0.5,2.0,5.0,0.4,0.0,0.0,0.0,2.0,0.0,2.0,0.0,0.0,0.0,0.0,2.0,12.0,-18.0
22200011,1610612759,SAS,San Antonio,1628380,Zach Collins,Zach,,,12:13,0.0,3.0,0.0,0.0,2.0,0.0,1.0,2.0,0.5,0.0,0.0,0.0,1.0,1.0,4.0,2.0,3.0,1.0,-20.0
22200011,1610612759,SAS,San Antonio,1626196,Josh Richardson,Josh,,,17:10,0.0,3.0,0.0,0.0,3.0,0.0,0.0,0.0,0.0,0.0,2.0,2.0,1.0,0.0,0.0,2.0,1.0,0.0,-18.0
22200011,1610612759,SAS,San Antonio,1628966,Keita Bates-Diop,Keita,,,4:56,1.0,1.0,1.0,0.0,0.0,0.0,0.0,0.0,0.0,0.0,0.0,0.0,0.0,0.0,0.0,1.0,0.0,2.0,-14.0
22200011,1610612759,SAS,San Antonio,1629641,Romeo Langford,Romeo,,,8:48,2.0,5.0,0.4,0.0,0.0,0.0,0.0,0.0,0.0,0.0,0.0,0.0,0.0,0.0,0.0,0.0,0.0,4.0,3.0
22200011,1610612759,SAS,San Antonio,1629676,Isaiah Roby,Isaiah,,,8:48,2.0,2.0,1.0,0.0,0.0,0.0,1.0,1.0,1.0,0.0,2.0,2.0,0.0,1.0,1.0,0.0,0.0,5.0,3.0
22200011,1610612759,SAS,San Antonio,203476,Gorgui Dieng,Gorgui,,,8:48,2.0,3.0,0.667,1.0,2.0,0.5,0.0,0.0,0.0,1.0,2.0,3.0,1.0,0.0,0.0,0.0,1.0,5.0,3.0
22200011,1610612759,SAS,San Antonio,1631103,Malaki Branham,Malaki,,DNP - Coach's Decision,,,,,,,,,,,,,,,,,,,,
22200011,1610612759,SAS,San Antonio,1631104,Blake Wesley,Blake,,DNP - Coach's Decision,,,,,,,,,,,,,,,,,,,,
22200009,1610612752,NYK,New York,1629628,RJ Barrett,RJ,F,,37:36,3.0,18.0,0.167,0.0,6.0,0.0,5.0,6.0,0.833,2.0,6.0,8.0,3.0,0.0,0.0,2.0,2.0,11.0,0.0
22200009,1610612752,NYK,New York,203944,Julius Randle,Julius,F,,34:55,9.0,16.0,0.563,2.0,6.0,0.333,4.0,5.0,0.8,2.0,9.0,11.0,6.0,2.0,0.0,3.0,6.0,24.0,7.0
22200009,1610612752,NYK,New York,1629011,Mitchell Robinson,Mitchell,C,,12:41,2.0,3.0,0.667,0.0,0.0,0.0,0.0,1.0,0.0,2.0,0.0,2.0,0.0,0.0,2.0,0.0,5.0,4.0,-7.0
22200009,1610612752,NYK,New York,203095,Evan Fournier,Evan,G,,32:60,4.0,11.0,0.364,3.0,6.0,0.5,3.0,3.0,1.0,1.0,3.0,4.0,3.0,2.0,0.0,0.0,2.0,14.0,-1.0
22200009,1610612752,NYK,New York,1628973,Jalen Brunson,Jalen,G,,36:05,7.0,18.0,0.389,1.0,4.0,0.25,0.0,0.0,0.0,2.0,4.0,6.0,9.0,0.0,0.0,0.0,3.0,15.0,3.0
22200009,1610612752,NYK,New York,1630193,Immanuel Quickley,Immanuel,,,16:55,0.0,6.0,0.0,0.0,3.0,0.0,0.0,0.0,0.0,0.0,3.0,3.0,0.0,0.0,0.0,0.0,0.0,0.0,-6.0
22200009,1610612752,NYK,New York,1628392,Isaiah Hartenstein,Isaiah,,,40:15,7.0,11.0,0.636,0.0,3.0,0.0,2.0,2.0,1.0,7.0,1.0,8.0,4.0,0.0,1.0,3.0,5.0,16.0,1.0
22200009,1610612752,NYK,New York,1629629,Cam Reddish,Cam,,,28:02,9.0,15.0,0.6,3.0,6.0,0.5,1.0,1.0,1.0,1.0,4.0,5.0,0.0,3.0,1.0,2.0,2.0,22.0,-1.0
22200009,1610612752,NYK,New York,1630167,Obi Toppin,Obi,,,13:29,1.0,3.0,0.333,0.0,0.0,0.0,0.0,0.0,0.0,0.0,3.0,3.0,1.0,0.0,0.0,1.0,1.0,2.0,-7.0
22200009,1610612752,NYK,New York,201565,Derrick Rose,Derrick,,,12:03,2.0,8.0,0.25,0.0,3.0,0.0,0.0,0.0,0.0,1.0,3.0,4.0,2.0,0.0,1.0,1.0,0.0,4.0,-4.0
22200009,1610612752,NYK,New York,1627853,Ryan Arcidiacono,Ryan,,DNP - Coach's Decision,,,,,,,,,,,,,,,,,,,,
22200009,1610612752,NYK,New York,1630624,Feron Hunt,Feron,,DNP - Coach's Decision,,,,,,,,,,,,,,,,,,,,
22200009,1610612752,NYK,New York,1630540,Miles McBride,Miles,,DNP - Coach's Decision,,,,,,,,,,,,,,,,,,,,
22200009,1610612752,NYK,New York,1629004,Svi Mykhailiuk,Svi,,DNP - Coach's Decision,,,,,,,,,,,,,,,,,,,,
22200009,1610612752,NYK,New York,1630579,Jericho Sims,Jericho,,DNP - Coach's Decision,,,,,,,,,,,,,,,,,,,,
22200009,1610612763,MEM,Memphis,1630217,Desmond Bane,Desmond,F,,37:28,6.0,22.0,0.273,3.0,13.0,0.231,1.0,2.0,0.5,0.0,4.0,4.0,6.0,0.0,1.0,2.0,3.0,16.0,13.0
22200009,1610612763,MEM,Memphis,1630583,Santi Aldama,Santi,F,,38:59,7.0,14.0,0.5,3.0,8.0,0.375,1.0,2.0,0.5,2.0,9.0,11.0,1.0,1.0,1.0,0.0,1.0,18.0,18.0
22200009,1610612763,MEM,Memphis,203500,Steven Adams,Steven,C,,32:32,1.0,2.0,0.5,0.0,0.0,0.0,1.0,4.0,0.25,6.0,8.0,14.0,3.0,1.0,1.0,1.0,1.0,3.0,-1.0
22200009,1610612763,MEM,Memphis,1629723,John Konchar,John,G,,33:22,4.0,11.0,0.364,4.0,9.0,0.444,0.0,0.0,0.0,3.0,8.0,11.0,2.0,2.0,0.0,1.0,0.0,12.0,6.0
22200009,1610612763,MEM,Memphis,1629630,Ja Morant,Ja,G,,37:53,11.0,24.0,0.458,3.0,6.0,0.5,9.0,11.0,0.818,1.0,3.0,4.0,9.0,0.0,1.0,6.0,4.0,34.0,1.0
22200009,1610612763,MEM,Memphis,1629634,Brandon Clarke,Brandon,,,18:40,4.0,6.0,0.667,0.0,2.0,0.0,0.0,0.0,0.0,2.0,4.0,6.0,0.0,0.0,0.0,1.0,4.0,8.0,-12.0
22200009,1610612763,MEM,Memphis,1626145,Tyus Jones,Tyus,,,24:59,6.0,16.0,0.375,3.0,8.0,0.375,0.0,2.0,0.0,1.0,3.0,4.0,3.0,1.0,0.0,1.0,0.0,15.0,-4.0
22200009,1610612763,MEM,Memphis,1631223,David Roddy,David,,,12:46,0.0,6.0,0.0,0.0,2.0,0.0,0.0,0.0,0.0,2.0,0.0,2.0,1.0,0.0,0.0,0.0,1.0,0.0,-5.0
22200009,1610612763,MEM,Memphis,1630214,Xavier Tillman,Xavier,,,15:49,2.0,5.0,0.4,0.0,0.0,0.0,0.0,0.0,0.0,2.0,4.0,6.0,1.0,0.0,2.0,1.0,1.0,4.0,1.0
22200009,1610612763,MEM,Memphis,1631222,Jake LaRavia,Jake,,,12:32,1.0,2.0,0.5,1.0,2.0,0.5,2.0,2.0,1.0,1.0,1.0,2.0,1.0,1.0,1.0,0.0,2.0,5.0,-2.0
22200009,1610612763,MEM,Memphis,1631113,Kennedy Chandler,Kennedy,,DNP - Coach's Decision,,,,,,,,,,,,,,,,,,,,
22200009,1610612763,MEM,Memphis,1631254,Kenneth Lofton Jr.,Kenneth,,DNP - Coach's Decision,,,,,,,,,,,,,,,,,,,,
22200009,1610612763,MEM,Memphis,1631246,Vince Williams Jr.,Vince,,DNP - Coach's Decision,,,,,,,,,,,,,,,,,,,,
22200010,1610612760,OKC,Oklahoma City,1629652,Luguentz Dort,Luguentz,F,,32:34,3.0,12.0,0.25,1.0,6.0,0.167,3.0,4.0,0.75,3.0,3.0,6.0,2.0,1.0,0.0,1.0,3.0,10.0,1.0
22200010,1610612760,OKC,Oklahoma City,1629026,Kenrich Williams,Kenrich,F,,22:00,2.0,7.0,0.286,1.0,3.0,0.333,0.0,0.0,0.0,2.0,4.0,6.0,1.0,0.0,0.0,0.0,3.0,5.0,-13.0
22200010,1610612760,OKC,Oklahoma City,1630197,Aleksej Pokusevski,Aleksej,C,,24:48,3.0,10.0,0.3,2.0,5.0,0.4,3.0,4.0,0.75,3.0,4.0,7.0,3.0,0.0,1.0,2.0,1.0,11.0,5.0
22200010,1610612760,OKC,Oklahoma City,1630581,Josh Giddey,Josh,G,,33:51,6.0,14.0,0.429,2.0,7.0,0.286,0.0,0.0,0.0,1.0,10.0,11.0,4.0,0.0,2.0,4.0,4.0,14.0,3.0
22200010,1610612760,OKC,Oklahoma City,1628983,Shai Gilgeous-Alexander,Shai,G,,36:47,12.0,23.0,0.522,2.0,6.0,0.333,6.0,6.0,1.0,2.0,4.0,6.0,5.0,3.0,2.0,2.0,1.0,32.0,-1.0
22200010,1610612760,OKC,Oklahoma City,1630544,Tre Mann,Tre,,,23:30,4.0,11.0,0.364,2.0,6.0,0.333,2.0,2.0,1.0,0.0,2.0,2.0,2.0,1.0,0.0,0.0,1.0,12.0,-5.0
22200010,1610612760,OKC,Oklahoma City,1630526,Jeremiah Robinson-Earl,Jeremiah,,,12:24,2.0,3.0,0.667,2.0,3.0,0.667,0.0,0.0,0.0,1.0,4.0,5.0,0.0,1.0,0.0,0.0,5.0,6.0,-9.0
22200010,1610612760,OKC,Oklahoma City,1631114,Jalen Williams,Jalen,,,5:54,2.0,2.0,1.0,1.0,1.0,1.0,0.0,0.0,0.0,0.0,0.0,0.0,1.0,0.0,0.0,2.0,3.0,5.0,-6.0
22200010,1610612760,OKC,Oklahoma City,1629647,Darius Bazley,Darius,,,16:52,2.0,5.0,0.4,1.0,1.0,1.0,2.0,4.0,0.5,1.0,5.0,6.0,3.0,0.0,1.0,0.0,0.0,7.0,-5.0
22200010,1610612760,OKC,Oklahoma City,1631172,Ousmane Dieng,Ousmane,,,9:05,0.0,3.0,0.0,0.0,2.0,0.0,0.0,0.0,0.0,0.0,1.0,1.0,0.0,0.0,0.0,0.0,0.0,0.0,-14.0
22200010,1610612760,OKC,Oklahoma City,203488,Mike Muscala,Mike,,,7:31,1.0,4.0,0.25,0.0,3.0,0.0,0.0,0.0,0.0,0.0,3.0,3.0,1.0,0.0,0.0,1.0,0.0,2.0,-2.0
22200010,1610612760,OKC,Oklahoma City,1630647,Eugene Omoruyi,Eugene,,,14:33,1.0,5.0,0.2,0.0,2.0,0.0,2.0,2.0,1.0,3.0,1.0,4.0,0.0,0.0,0.0,1.0,5.0,4.0,13.0
22200010,1610612760,OKC,Oklahoma City,1630198,Isaiah Joe,Isaiah,,,0:11,0.0,0.0,0.0,0.0,0.0,0.0,0.0,0.0,0.0,0.0,0.0,0.0,0.0,0.0,0.0,0.0,0.0,0.0,-2.0
22200010,1610612760,OKC,Oklahoma City,1630598,Aaron Wiggins,Aaron,,DNP - Coach's Decision,,,,,,,,,,,,,,,,,,,,
22200010,1610612760,OKC,Oklahoma City,1631119,Jaylin Williams,Jaylin,,DNP - Coach's Decision,,,,,,,,,,,,,,,,,,,,
22200010,1610612750,MIN,Minnesota,1630183,Jaden McDaniels,Jaden,F,,35:35,5.0,10.0,0.5,0.0,3.0,0.0,9.0,10.0,0.9,4.0,2.0,6.0,3.0,3.0,2.0,1.0,1.0,19.0,14.0
22200010,1610612750,MIN,Minnesota,1626157,Karl-Anthony Towns,Karl-Anthony,F,,35:30,2.0,10.0,0.2,2.0,7.0,0.286,6.0,6.0,1.0,0.0,6.0,6.0,7.0,0.0,0.0,3.0,4.0,12.0,-4.0
22200010,1610612750,MIN,Minnesota,203497,Rudy Gobert,Rudy,C,,34:22,10.0,15.0,0.667,0.0,0.0,0.0,3.0,5.0,0.6,7.0,9.0,16.0,2.0,1.0,1.0,0.0,1.0,23.0,13.0
22200010,1610612750,MIN,Minnesota,1630162,Anthony Edwards,Anthony,G,,31:44,4.0,17.0,0.235,1.0,7.0,0.143,2.0,4.0,0.5,1.0,7.0,8.0,7.0,0.0,0.0,2.0,5.0,11.0,8.0
22200010,1610612750,MIN,Minnesota,1626156,D'Angelo Russell,D'Angelo,G,,34:34,7.0,16.0,0.438,2.0,6.0,0.333,4.0,5.0,0.8,0.0,5.0,5.0,2.0,1.0,1.0,4.0,5.0,20.0,-8.0
22200010,1610612750,MIN,Minnesota,203937,Kyle Anderson,Kyle,,,22:15,0.0,2.0,0.0,0.0,1.0,0.0,2.0,2.0,1.0,2.0,4.0,6.0,1.0,1.0,1.0,2.0,0.0,2.0,4.0
22200010,1610612750,MIN,Minnesota,1629162,Jordan McLaughlin,Jordan,,,10:56,2.0,6.0,0.333,0.0,3.0,0.0,0.0,0.0,0.0,0.0,2.0,2.0,0.0,0.0,0.0,1.0,0.0,4.0,7.0
22200010,1610612750,MIN,Minnesota,1629669,Jaylen Nowell,Jaylen,,,18:15,5.0,11.0,0.455,2.0,5.0,0.4,1.0,1.0,1.0,0.0,3.0,3.0,2.0,0.0,0.0,0.0,1.0,13.0,-1.0
22200010,1610612750,MIN,Minnesota,1627752,Taurean Prince,Taurean,,,12:26,4.0,5.0,0.8,3.0,4.0,0.75,0.0,0.0,0.0,0.0,3.0,3.0,1.0,0.0,0.0,1.0,3.0,11.0,-8.0
22200010,1610612750,MIN,Minnesota,1627854,Bryn Forbes,Bryn,,,3:35,0.0,2.0,0.0,0.0,2.0,0.0,0.0,0.0,0.0,0.0,0.0,0.0,0.0,0.0,0.0,0.0,1.0,0.0,7.0
22200010,1610612750,MIN,Minnesota,203085,Austin Rivers,Austin,,,0:46,0.0,0.0,0.0,0.0,0.0,0.0,0.0,0.0,0.0,0.0,0.0,0.0,0.0,0.0,0.0,0.0,0.0,0.0,3.0
22200010,1610612750,MIN,Minnesota,1630233,Nathan Knight,Nathan,,DNP - Coach's Decision,,,,,,,,,,,,,,,,,,,,
22200010,1610612750,MIN,Minnesota,1631169,Josh Minott,Josh,,DNP - Coach's Decision,,,,,,,,,,,,,,,,,,,,
22200010,1610612750,MIN,Minnesota,1631111,Wendell Moore Jr.,Wendell,,DNP - Coach's Decision,,,,,,,,,,,,,,,,,,,,
22200010,1610612750,MIN,Minnesota,1629675,Naz Reid,Naz,,DNP - Coach's Decision,,,,,,,,,,,,,,,,,,,,
22200013,1610612742,DAL,Dallas,203493,Reggie Bullock Jr.,Reggie,F,,29:53,3.0,6.0,0.5,3.0,5.0,0.6,1.0,1.0,1.0,0.0,2.0,2.0,1.0,0.0,0.0,2.0,3.0,10.0,-11.0
22200013,1610612742,DAL,Dallas,1627827,Dorian Finney-Smith,Dorian,F,,38:12,2.0,4.0,0.5,1.0,2.0,0.5,0.0,0.0,0.0,0.0,3.0,3.0,0.0,2.0,0.0,0.0,4.0,5.0,-10.0
22200013,1610612742,DAL,Dallas,201580,JaVale McGee,JaVale,C,,14:08,1.0,3.0,0.333,0.0,0.0,0.0,1.0,4.0,0.25,1.0,3.0,4.0,1.0,1.0,1.0,2.0,1.0,3.0,-5.0
22200013,1610612742,DAL,Dallas,203915,Spencer Dinwiddie,Spencer,G,,27:31,6.0,11.0,0.545,3.0,5.0,0.6,0.0,2.0,0.0,0.0,3.0,3.0,3.0,0.0,0.0,0.0,4.0,15.0,2.0
22200013,1610612742,DAL,Dallas,1629029,Luka Dončić,Luka,G,,36:40,10.0,23.0,0.435,2.0,10.0,0.2,13.0,13.0,1.0,0.0,9.0,9.0,6.0,1.0,0.0,4.0,3.0,35.0,-16.0
22200013,1610612742,DAL,Dallas,203501,Tim Hardaway Jr.,Tim,,,25:01,3.0,10.0,0.3,1.0,5.0,0.2,2.0,2.0,1.0,0.0,2.0,2.0,1.0,1.0,0.0,2.0,1.0,9.0,-2.0
22200013,1610612742,DAL,Dallas,1626174,Christian Wood,Christian,,,24:17,9.0,15.0,0.6,4.0,7.0,0.571,3.0,10.0,0.3,1.0,7.0,8.0,2.0,0.0,1.0,1.0,2.0,25.0,9.0
22200013,1610612742,DAL,Dallas,1628467,Maxi Kleber,Maxi,,,26:21,1.0,3.0,0.333,0.0,1.0,0.0,0.0,0.0,0.0,1.0,4.0,5.0,1.0,0.0,1.0,0.0,2.0,2.0,5.0
22200013,1610612742,DAL,Dallas,1630182,Josh Green,Josh,,,17:57,0.0,0.0,0.0,0.0,0.0,0.0,1.0,2.0,0.5,2.0,2.0,4.0,2.0,1.0,1.0,1.0,2.0,1.0,18.0
22200013,1610612742,DAL,Dallas,1630702,Jaden Hardy,Jaden,,DNP - Coach's Decision,,,,,,,,,,,,,,,,,,,,
22200013,1610612742,DAL,Dallas,1629033,Theo Pinson,Theo,,DNP - Coach's Decision,,,,,,,,,,,,,,,,,,,,
22200013,1610612742,DAL,Dallas,203939,Dwight Powell,Dwight,,DNP - Coach's Decision,,,,,,,,,,,,,,,,,,,,
22200013,1610612742,DAL,Dallas,1630593,McKinley Wright IV,McKinley,,DNP - Coach's Decision,,,,,,,,,,,,,,,,,,,,
22200013,1610612756,PHX,Phoenix,1628969,Mikal Bridges,Mikal,F,,41:05,5.0,10.0,0.5,0.0,2.0,0.0,3.0,4.0,0.75,3.0,8.0,11.0,1.0,0.0,1.0,2.0,4.0,13.0,15.0
22200013,1610612756,PHX,Phoenix,1629661,Cameron Johnson,Cameron,F,,27:10,6.0,13.0,0.462,3.0,6.0,0.5,0.0,0.0,0.0,0.0,3.0,3.0,0.0,0.0,2.0,0.0,2.0,15.0,-3.0
22200013,1610612756,PHX,Phoenix,1629028,Deandre Ayton,Deandre,C,,30:25,8.0,11.0,0.727,0.0,0.0,0.0,2.0,3.0,0.667,1.0,9.0,10.0,2.0,1.0,0.0,1.0,4.0,18.0,15.0
22200013,1610612756,PHX,Phoenix,1626164,Devin Booker,Devin,G,,40:37,10.0,20.0,0.5,1.0,1.0,1.0,7.0,7.0,1.0,1.0,3.0,4.0,9.0,0.0,1.0,2.0,3.0,28.0,20.0
22200013,1610612756,PHX,Phoenix,101108,Chris Paul,Chris,G,,30:17,1.0,6.0,0.167,0.0,2.0,0.0,4.0,4.0,1.0,0.0,3.0,3.0,9.0,2.0,0.0,3.0,3.0,6.0,-9.0
22200013,1610612756,PHX,Phoenix,1628470,Torrey Craig,Torrey,,,8:38,1.0,1.0,1.0,0.0,0.0,0.0,0.0,0.0,0.0,1.0,0.0,1.0,0.0,0.0,0.0,0.0,1.0,2.0,-7.0
22200013,1610612756,PHX,Phoenix,1629111,Jock Landale,Jock,,,10:09,2.0,5.0,0.4,0.0,2.0,0.0,3.0,4.0,0.75,1.0,1.0,2.0,0.0,0.0,1.0,1.0,4.0,7.0,-6.0
22200013,1610612756,PHX,Phoenix,1626166,Cameron Payne,Cameron,,,18:49,3.0,7.0,0.429,1.0,2.0,0.5,0.0,0.0,0.0,1.0,0.0,1.0,1.0,1.0,0.0,2.0,3.0,7.0,15.0
22200013,1610612756,PHX,Phoenix,1627814,Damion Lee,Damion,,,19:46,4.0,8.0,0.5,3.0,5.0,0.6,0.0,0.0,0.0,0.0,2.0,2.0,2.0,0.0,0.0,0.0,2.0,11.0,-7.0
22200013,1610612756,PHX,Phoenix,1629006,Josh Okogie,Josh,,,3:57,0.0,2.0,0.0,0.0,2.0,0.0,0.0,0.0,0.0,0.0,1.0,1.0,0.0,0.0,0.0,0.0,1.0,0.0,-8.0
22200013,1610612756,PHX,Phoenix,203967,Dario Šarić,Dario,,,1:41,0.0,1.0,0.0,0.0,0.0,0.0,0.0,0.0,0.0,0.0,0.0,0.0,0.0,0.0,0.0,0.0,0.0,0.0,-8.0
22200013,1610612756,PHX,Phoenix,202687,Bismack Biyombo,Bismack,,,7:26,0.0,1.0,0.0,0.0,0.0,0.0,0.0,0.0,0.0,0.0,2.0,2.0,1.0,0.0,0.0,1.0,2.0,0.0,-7.0
22200013,1610612756,PHX,Phoenix,1630688,Ish Wainright,Ish,,DNP - Coach's Decision,,,,,,,,,,,,,,,,,,,,
22200013,1610612756,PHX,Phoenix,1630613,Duane Washington Jr.,Duane,,DNP - Coach's Decision,,,,,,,,,,,,,,,,,,,,
22200012,1610612743,DEN,Denver,1629008,Michael Porter Jr.,Michael,F,,35:22,5.0,10.0,0.5,2.0,4.0,0.5,3.0,4.0,0.75,2.0,5.0,7.0,1.0,1.0,0.0,4.0,4.0,15.0,1.0
22200012,1610612743,DEN,Denver,203932,Aaron Gordon,Aaron,F,,32:58,10.0,17.0,0.588,0.0,2.0,0.0,2.0,2.0,1.0,4.0,6.0,10.0,2.0,1.0,1.0,1.0,1.0,22.0,-7.0
22200012,1610612743,DEN,Denver,203999,Nikola Jokić,Nikola,C,,33:25,12.0,17.0,0.706,1.0,3.0,0.333,2.0,2.0,1.0,2.0,2.0,4.0,6.0,3.0,0.0,3.0,4.0,27.0,-5.0
22200012,1610612743,DEN,Denver,203484,Kentavious Caldwell-Pope,Kentavious,G,,35:00,0.0,3.0,0.0,0.0,2.0,0.0,2.0,2.0,1.0,0.0,4.0,4.0,6.0,2.0,1.0,1.0,2.0,2.0,3.0
22200012,1610612743,DEN,Denver,1627750,Jamal Murray,Jamal,G,,25:55,5.0,13.0,0.385,1.0,4.0,0.25,1.0,1.0,1.0,1.0,1.0,2.0,1.0,2.0,0.0,3.0,0.0,12.0,-19.0
22200012,1610612743,DEN,Denver,1628971,Bruce Brown,Bruce,,,21:19,3.0,7.0,0.429,0.0,2.0,0.0,2.0,2.0,1.0,0.0,1.0,1.0,1.0,0.0,0.0,2.0,2.0,8.0,-10.0
22200012,1610612743,DEN,Denver,1628432,Davon Reed,Davon,,,7:51,0.0,0.0,0.0,0.0,0.0,0.0,0.0,0.0,0.0,0.0,0.0,0.0,0.0,0.0,0.0,2.0,0.0,0.0,-12.0
22200012,1610612743,DEN,Denver,1630538,Bones Hyland,Bones,,,16:12,3.0,8.0,0.375,1.0,4.0,0.25,3.0,3.0,1.0,0.0,0.0,0.0,3.0,0.0,1.0,2.0,3.0,10.0,-9.0
22200012,1610612743,DEN,Denver,201145,Jeff Green,Jeff,,,14:37,2.0,5.0,0.4,0.0,1.0,0.0,2.0,2.0,1.0,1.0,3.0,4.0,0.0,1.0,0.0,2.0,3.0,6.0,-14.0
22200012,1610612743,DEN,Denver,201599,DeAndre Jordan,DeAndre,,,6:28,0.0,0.0,0.0,0.0,0.0,0.0,0.0,0.0,0.0,0.0,2.0,2.0,1.0,0.0,0.0,0.0,1.0,0.0,-13.0
22200012,1610612743,DEN,Denver,202397,Ish Smith,Ish,,,4:43,0.0,1.0,0.0,0.0,0.0,0.0,0.0,0.0,0.0,0.0,1.0,1.0,0.0,0.0,0.0,1.0,2.0,0.0,-2.0
22200012,1610612743,DEN,Denver,1631128,Christian Braun,Christian,,,1:46,0.0,0.0,0.0,0.0,0.0,0.0,0.0,0.0,0.0,0.0,0.0,0.0,0.0,0.0,0.0,0.0,1.0,0.0,-6.0
22200012,1610612743,DEN,Denver,1631212,Peyton Watson,Peyton,,,1:28,0.0,1.0,0.0,0.0,0.0,0.0,0.0,0.0,0.0,0.0,0.0,0.0,0.0,0.0,0.0,0.0,0.0,0.0,-4.0
22200012,1610612743,DEN,Denver,1628427,Vlatko Čančar,Vlatko,,,1:28,0.0,1.0,0.0,0.0,0.0,0.0,0.0,0.0,0.0,0.0,0.0,0.0,0.0,0.0,0.0,0.0,0.0,0.0,-4.0
22200012,1610612743,DEN,Denver,1630192,Zeke Nnaji,Zeke,,,1:28,0.0,0.0,0.0,0.0,0.0,0.0,0.0,0.0,0.0,0.0,0.0,0.0,0.0,0.0,0.0,0.0,0.0,0.0,-4.0
22200012,1610612762,UTA,Utah,1628374,Lauri Markkanen,Lauri,F,,33:02,6.0,12.0,0.5,3.0,7.0,0.429,2.0,2.0,1.0,0.0,4.0,4.0,4.0,2.0,0.0,1.0,3.0,17.0,4.0
22200012,1610612762,UTA,Utah,203482,Kelly Olynyk,Kelly,F,,14:56,3.0,5.0,0.6,2.0,3.0,0.667,0.0,0.0,0.0,0.0,0.0,0.0,1.0,0.0,0.0,3.0,5.0,8.0,-8.0
22200012,1610612762,UTA,Utah,1629020,Jarred Vanderbilt,Jarred,C,,18:06,3.0,4.0,0.75,0.0,0.0,0.0,1.0,2.0,0.5,5.0,7.0,12.0,1.0,1.0,0.0,2.0,6.0,7.0,10.0
22200012,1610612762,UTA,Utah,203903,Jordan Clarkson,Jordan,G,,29:33,3.0,9.0,0.333,1.0,4.0,0.25,3.0,4.0,0.75,1.0,4.0,5.0,5.0,0.0,0.0,6.0,0.0,10.0,-4.0
22200012,1610612762,UTA,Utah,201144,Mike Conley,Mike,G,,32:02,3.0,8.0,0.375,2.0,4.0,0.5,5.0,5.0,1.0,0.0,2.0,2.0,8.0,2.0,1.0,3.0,0.0,13.0,16.0
22200012,1610612762,UTA,Utah,1629012,Collin Sexton,Collin,,,20:47,6.0,12.0,0.5,1.0,4.0,0.25,7.0,8.0,0.875,1.0,4.0,5.0,2.0,0.0,0.0,2.0,2.0,20.0,8.0
22200012,1610612762,UTA,Utah,1631117,Walker Kessler,Walker,,,23:41,5.0,5.0,1.0,0.0,0.0,0.0,2.0,6.0,0.333,2.0,8.0,10.0,1.0,1.0,0.0,1.0,2.0,12.0,12.0
22200012,1610612762,UTA,Utah,200752,Rudy Gay,Rudy,,,25:35,6.0,8.0,0.75,4.0,6.0,0.667,0.0,0.0,0.0,0.0,0.0,0.0,2.0,1.0,0.0,1.0,2.0,16.0,24.0
22200012,1610612762,UTA,Utah,1627736,Malik Beasley,Malik,,,24:56,5.0,13.0,0.385,3.0,9.0,0.333,2.0,2.0,1.0,2.0,3.0,5.0,1.0,1.0,0.0,0.0,0.0,15.0,20.0
22200012,1610612762,UTA,Utah,1629659,Talen Horton-Tucker,Talen,,,13:42,1.0,6.0,0.167,0.0,1.0,0.0,1.0,2.0,0.5,0.0,0.0,0.0,1.0,2.0,0.0,0.0,1.0,3.0,7.0
22200012,1610612762,UTA,Utah,1631323,Simone Fontecchio,Simone,,,0:56,0.0,0.0,0.0,0.0,0.0,0.0,0.0,0.0,0.0,0.0,0.0,0.0,0.0,0.0,0.0,0.0,0.0,0.0,4.0
22200012,1610612762,UTA,Utah,1630534,Ochai Agbaji,Ochai,,,0:56,0.0,0.0,0.0,0.0,0.0,0.0,0.0,0.0,0.0,0.0,0.0,0.0,0.0,0.0,0.0,0.0,0.0,0.0,4.0
22200012,1610612762,UTA,Utah,1629638,Nickeil Alexander-Walker,Nickeil,,,0:56,1.0,1.0,1.0,0.0,0.0,0.0,0.0,0.0,0.0,0.0,0.0,0.0,1.0,0.0,0.0,0.0,0.0,2.0,4.0
22200012,1610612762,UTA,Utah,1630195,Leandro Bolmaro,Leandro,,,0:56,0.0,0.0,0.0,0.0,0.0,0.0,0.0,0.0,0.0,0.0,0.0,0.0,0.0,0.0,0.0,0.0,0.0,0.0,4.0
22200012,1610612762,UTA,Utah,1630695,Micah Potter,Micah,,DNP - Coach's Decision,,,,,,,,,,,,,,,,,,,,
22200001,1610612755,PHI,Philadelphia,202699,Tobias Harris,Tobias,F,,34:14,7.0,14.0,0.5,3.0,6.0,0.5,1.0,2.0,0.5,1.0,1.0,2.0,0.0,3.0,0.0,0.0,3.0,18.0,-1.0
22200001,1610612755,PHI,Philadelphia,200782,P.J. Tucker,P.J.,F,,33:01,3.0,5.0,0.6,0.0,2.0,0.0,0.0,0.0,0.0,2.0,2.0,4.0,0.0,0.0,1.0,2.0,2.0,6.0,-6.0
22200001,1610612755,PHI,Philadelphia,203954,Joel Embiid,Joel,C,,37:16,9.0,18.0,0.5,1.0,6.0,0.167,7.0,9.0,0.778,1.0,14.0,15.0,5.0,0.0,1.0,6.0,4.0,26.0,-13.0
22200001,1610612755,PHI,Philadelphia,1630178,Tyrese Maxey,Tyrese,G,,38:12,8.0,16.0,0.5,2.0,5.0,0.4,3.0,3.0,1.0,0.0,1.0,1.0,2.0,2.0,0.0,1.0,5.0,21.0,-6.0
22200001,1610612755,PHI,Philadelphia,201935,James Harden,James,G,,37:16,9.0,14.0,0.643,5.0,9.0,0.556,12.0,12.0,1.0,0.0,8.0,8.0,7.0,0.0,0.0,3.0,3.0,35.0,1.0
22200001,1610612755,PHI,Philadelphia,1626149,Montrezl Harrell,Montrezl,,,10:44,1.0,3.0,0.333,0.0,0.0,0.0,0.0,0.0,0.0,0.0,0.0,0.0,0.0,0.0,1.0,1.0,3.0,2.0,4.0
22200001,1610612755,PHI,Philadelphia,1629001,De'Anthony Melton,De'Anthony,,,20:33,2.0,4.0,0.5,1.0,2.0,0.5,0.0,0.0,0.0,0.0,0.0,0.0,0.0,1.0,0.0,0.0,2.0,5.0,-13.0
22200001,1610612755,PHI,Philadelphia,1627863,Danuel House Jr.,Danuel,,,16:12,0.0,2.0,0.0,0.0,1.0,0.0,1.0,2.0,0.5,0.0,1.0,1.0,1.0,2.0,0.0,1.0,2.0,1.0,-5.0
22200001,1610612755,PHI,Philadelphia,1627777,Georges Niang,Georges,,,12:08,1.0,4.0,0.25,1.0,3.0,0.333,0.0,0.0,0.0,0.0,0.0,0.0,1.0,0.0,0.0,0.0,1.0,3.0,-5.0
22200001,1610612755,PHI,Philadelphia,1629680,Matisse Thybulle,Matisse,,,0:24,0.0,0.0,0.0,0.0,0.0,0.0,0.0,0.0,0.0,0.0,0.0,0.0,0.0,0.0,0.0,0.0,0.0,0.0,-1.0
22200001,1610612755,PHI,Philadelphia,1627788,Furkan Korkmaz,Furkan,,DNP - Coach's Decision,,,,,,,,,,,,,,,,,,,,
22200001,1610612755,PHI,Philadelphia,1629003,Shake Milton,Shake,,DNP - Coach's Decision,,,,,,,,,,,,,,,,,,,,
22200001,1610612755,PHI,Philadelphia,1630194,Paul Reed,Paul,,DNP - Coach's Decision,,,,,,,,,,,,,,,,,,,,
22200001,1610612755,PHI,Philadelphia,1630531,Jaden Springer,Jaden,,DNP - Coach's Decision,,,,,,,,,,,,,,,,,,,,
22200001,1610612738,BOS,Boston,1627759,Jaylen Brown,Jaylen,F,,38:34,14.0,24.0,0.583,4.0,12.0,0.333,3.0,3.0,1.0,0.0,3.0,3.0,2.0,2.0,1.0,4.0,1.0,35.0,7.0
22200001,1610612738,BOS,Boston,1628369,Jayson Tatum,Jayson,F,,38:37,13.0,20.0,0.65,2.0,7.0,0.286,7.0,9.0,0.778,0.0,12.0,12.0,4.0,1.0,1.0,3.0,1.0,35.0,10.0
22200001,1610612738,BOS,Boston,201143,Al Horford,Al,C,,23:06,2.0,7.0,0.286,2.0,5.0,0.4,0.0,0.0,0.0,1.0,4.0,5.0,1.0,0.0,0.0,0.0,4.0,6.0,8.0
22200001,1610612738,BOS,Boston,1628401,Derrick White,Derrick,G,,24:02,1.0,3.0,0.333,0.0,1.0,0.0,0.0,1.0,0.0,1.0,2.0,3.0,4.0,1.0,0.0,1.0,2.0,2.0,9.0
22200001,1610612738,BOS,Boston,203935,Marcus Smart,Marcus,G,,36:05,3.0,8.0,0.375,1.0,4.0,0.25,7.0,8.0,0.875,1.0,2.0,3.0,7.0,1.0,0.0,1.0,3.0,14.0,0.0
22200001,1610612738,BOS,Boston,203943,Noah Vonleh,Noah,,,20:10,1.0,2.0,0.5,0.0,0.0,0.0,0.0,0.0,0.0,0.0,2.0,2.0,0.0,1.0,1.0,0.0,4.0,2.0,7.0
22200001,1610612738,BOS,Boston,1629684,Grant Williams,Grant,,,23:57,5.0,5.0,1.0,3.0,3.0,1.0,2.0,3.0,0.667,0.0,1.0,1.0,1.0,0.0,0.0,0.0,3.0,15.0,-3.0
22200001,1610612738,BOS,Boston,1627763,Malcolm Brogdon,Malcolm,,,23:52,7.0,11.0,0.636,0.0,2.0,0.0,2.0,2.0,1.0,1.0,1.0,2.0,4.0,2.0,0.0,1.0,2.0,16.0,9.0
22200001,1610612738,BOS,Boston,201933,Blake Griffin,Blake,,,8:17,0.0,2.0,0.0,0.0,1.0,0.0,1.0,2.0,0.5,2.0,3.0,5.0,1.0,0.0,0.0,0.0,3.0,1.0,-5.0
22200001,1610612738,BOS,Boston,1630573,Sam Hauser,Sam,,,3:19,0.0,0.0,0.0,0.0,0.0,0.0,0.0,0.0,0.0,0.0,0.0,0.0,0.0,0.0,0.0,0.0,1.0,0.0,3.0
22200001,1610612738,BOS,Boston,1631120,JD Davison,JD,,DNP - Coach's Decision,,,,,,,,,,,,,,,,,,,,
22200001,1610612738,BOS,Boston,1628382,Justin Jackson,Justin,,DNP - Coach's Decision,,,,,,,,,,,,,,,,,,,,
22200001,1610612738,BOS,Boston,1629662,Mfiondu Kabengele,Mfiondu,,DNP - Coach's Decision,,,,,,,,,,,,,,,,,,,,
22200001,1610612738,BOS,Boston,1628436,Luke Kornet,Luke,,DNP - Coach's Decision,,,,,,,,,,,,,,,,,,,,
22200001,1610612738,BOS,Boston,1630202,Payton Pritchard,Payton,,DNP - Coach's Decision,,,,,,,,,,,,,,,,,,,,
22200096,1610612758,SAC,Sacramento,203084,Harrison Barnes,Harrison,F,,37:20,4.0,12.0,0.333,0.0,5.0,0.0,8.0,8.0,1.0,2.0,7.0,9.0,2.0,0.0,0.0,0.0,0.0,16.0,-1.0
22200096,1610612758,SAC,Sacramento,1631099,Keegan Murray,Keegan,F,,31:56,5.0,15.0,0.333,2.0,7.0,0.286,0.0,0.0,0.0,1.0,3.0,4.0,2.0,1.0,1.0,1.0,1.0,12.0,15.0
22200096,1610612758,SAC,Sacramento,1627734,Domantas Sabonis,Domantas,C,,31:14,3.0,9.0,0.333,0.0,1.0,0.0,3.0,5.0,0.6,4.0,12.0,16.0,7.0,1.0,0.0,3.0,6.0,9.0,12.0
22200096,1610612758,SAC,Sacramento,1628989,Kevin Huerter,Kevin,G,,35:47,8.0,16.0,0.5,5.0,10.0,0.5,5.0,5.0,1.0,0.0,2.0,2.0,5.0,2.0,1.0,2.0,1.0,26.0,10.0
22200096,1610612758,SAC,Sacramento,1628368,De'Aaron Fox,De'Aaron,G,,9:00,2.0,4.0,0.5,1.0,3.0,0.333,3.0,3.0,1.0,0.0,0.0,0.0,1.0,0.0,0.0,3.0,1.0,8.0,-8.0
22200096,1610612758,SAC,Sacramento,1626168,Trey Lyles,Trey,,,21:09,1.0,4.0,0.25,1.0,3.0,0.333,3.0,4.0,0.75,2.0,2.0,4.0,3.0,1.0,2.0,2.0,4.0,6.0,11.0
22200096,1610612758,SAC,Sacramento,1630558,Davion Mitchell,Davion,,,31:18,9.0,11.0,0.818,5.0,6.0,0.833,0.0,0.0,0.0,0.0,4.0,4.0,0.0,3.0,0.0,5.0,2.0,23.0,5.0
22200096,1610612758,SAC,Sacramento,1628370,Malik Monk,Malik,,,15:07,2.0,9.0,0.222,2.0,7.0,0.286,1.0,1.0,1.0,0.0,1.0,1.0,2.0,0.0,0.0,1.0,0.0,7.0,-7.0
22200096,1610612758,SAC,Sacramento,1626158,Richaun Holmes,Richaun,,,12:25,1.0,1.0,1.0,0.0,0.0,0.0,0.0,0.0,0.0,0.0,0.0,0.0,0.0,0.0,0.0,1.0,1.0,2.0,-7.0
22200096,1610612758,SAC,Sacramento,1629644,KZ Okpala,KZ,,,0:04,0.0,0.0,0.0,0.0,0.0,0.0,0.0,0.0,0.0,0.0,0.0,0.0,0.0,0.0,0.0,0.0,0.0,0.0,0.0
22200096,1610612758,SAC,Sacramento,1629056,Terence Davis,Terence,,,4:29,1.0,1.0,1.0,0.0,0.0,0.0,1.0,2.0,0.5,1.0,1.0,2.0,1.0,0.0,0.0,1.0,1.0,3.0,-1.0
22200096,1610612758,SAC,Sacramento,203458,Alex Len,Alex,,,1:57,0.0,1.0,0.0,0.0,0.0,0.0,0.0,0.0,0.0,0.0,0.0,0.0,0.0,0.0,0.0,0.0,1.0,0.0,-4.0
22200096,1610612758,SAC,Sacramento,203521,Matthew Dellavedova,Matthew,,,8:14,1.0,2.0,0.5,1.0,2.0,0.5,0.0,0.0,0.0,0.0,0.0,0.0,3.0,0.0,0.0,0.0,1.0,3.0,10.0
22200096,1610612758,SAC,Sacramento,1629002,Chimezie Metu,Chimezie,,DNP - Coach's Decision,,,,,,,,,,,,,,,,,,,,
22200096,1610612766,CHA,Charlotte,202330,Gordon Hayward,Gordon,F,,34:02,3.0,10.0,0.3,1.0,3.0,0.333,5.0,5.0,1.0,0.0,4.0,4.0,6.0,1.0,0.0,1.0,1.0,12.0,-9.0
22200096,1610612766,CHA,Charlotte,1629023,P.J. Washington,P.J.,F,,36:32,12.0,21.0,0.571,3.0,4.0,0.75,1.0,2.0,0.5,1.0,4.0,5.0,3.0,0.0,2.0,2.0,3.0,28.0,-8.0
22200096,1610612766,CHA,Charlotte,203486,Mason Plumlee,Mason,C,,28:10,5.0,6.0,0.833,0.0,0.0,0.0,2.0,5.0,0.4,2.0,8.0,10.0,2.0,0.0,1.0,2.0,4.0,12.0,-4.0
22200096,1610612766,CHA,Charlotte,1626162,Kelly Oubre Jr.,Kelly,G,,25:01,6.0,13.0,0.462,4.0,8.0,0.5,0.0,0.0,0.0,0.0,4.0,4.0,2.0,1.0,0.0,2.0,2.0,16.0,-10.0
22200096,1610612766,CHA,Charlotte,1628372,Dennis Smith Jr.,Dennis,G,,36:38,7.0,13.0,0.538,1.0,5.0,0.2,0.0,0.0,0.0,2.0,5.0,7.0,8.0,6.0,1.0,4.0,4.0,15.0,-1.0
22200096,1610612766,CHA,Charlotte,1629667,Jalen McDaniels,Jalen,,,27:02,5.0,11.0,0.455,3.0,4.0,0.75,0.0,0.0,0.0,1.0,0.0,1.0,4.0,2.0,0.0,2.0,5.0,13.0,-6.0
22200096,1610612766,CHA,Charlotte,1630547,James Bouknight,James,,,16:26,2.0,4.0,0.5,2.0,3.0,0.667,0.0,0.0,0.0,0.0,2.0,2.0,1.0,0.0,0.0,2.0,2.0,6.0,12.0
22200096,1610612766,CHA,Charlotte,1630177,Theo Maledon,Theo,,,11:22,1.0,3.0,0.333,0.0,2.0,0.0,0.0,0.0,0.0,0.0,1.0,1.0,3.0,1.0,1.0,2.0,1.0,2.0,-6.0
22200096,1610612766,CHA,Charlotte,1630208,Nick Richards,Nick,,,19:26,2.0,3.0,0.667,0.0,0.0,0.0,0.0,2.0,0.0,0.0,4.0,4.0,2.0,0.0,1.0,2.0,3.0,4.0,-1.0
22200096,1610612766,CHA,Charlotte,1630550,JT Thor,JT,,,5:21,0.0,0.0,0.0,0.0,0.0,0.0,0.0,0.0,0.0,0.0,0.0,0.0,0.0,0.0,0.0,1.0,1.0,0.0,-2.0
22200096,1610612766,CHA,Charlotte,1630539,Kai Jones,Kai,,DNP - Coach's Decision,,,,,,,,,,,,,,,,,,,,
22200096,1610612766,CHA,Charlotte,1631121,Bryce McGowens,Bryce,,DNP - Coach's Decision,,,,,,,,,,,,,,,,,,,,
22200096,1610612766,CHA,Charlotte,1631109,Mark Williams,Mark,,DNP - Coach's Decision,,,,,,,,,,,,,,,,,,,,
22200102,1610612745,HOU,Houston,201569,Eric Gordon,Eric,F,,30:07,5.0,11.0,0.455,2.0,4.0,0.5,0.0,0.0,0.0,0.0,2.0,2.0,2.0,2.0,2.0,2.0,1.0,12.0,-10.0
22200102,1610612745,HOU,Houston,1631095,Jabari Smith Jr.,Jabari,F,,30:19,2.0,8.0,0.25,0.0,3.0,0.0,0.0,0.0,0.0,1.0,4.0,5.0,1.0,0.0,1.0,2.0,2.0,4.0,-2.0
22200102,1610612745,HOU,Houston,1630578,Alperen Sengun,Alperen,C,,29:47,4.0,8.0,0.5,0.0,0.0,0.0,6.0,6.0,1.0,2.0,7.0,9.0,3.0,0.0,1.0,2.0,3.0,14.0,-8.0
22200102,1610612745,HOU,Houston,1629645,Kevin Porter Jr.,Kevin,G,,33:53,5.0,13.0,0.385,1.0,3.0,0.333,2.0,2.0,1.0,0.0,5.0,5.0,5.0,2.0,0.0,2.0,3.0,13.0,-14.0
22200102,1610612745,HOU,Houston,1630224,Jalen Green,Jalen,G,,36:10,4.0,17.0,0.235,1.0,5.0,0.2,4.0,7.0,0.571,0.0,4.0,4.0,1.0,1.0,1.0,1.0,2.0,13.0,1.0
22200102,1610612745,HOU,Houston,1630231,KJ Martin,KJ,,,28:45,9.0,17.0,0.529,2.0,8.0,0.25,3.0,6.0,0.5,0.0,6.0,6.0,1.0,1.0,2.0,1.0,3.0,23.0,3.0
22200102,1610612745,HOU,Houston,1631106,Tari Eason,Tari,,,11:50,2.0,7.0,0.286,0.0,1.0,0.0,2.0,2.0,1.0,1.0,0.0,1.0,0.0,1.0,0.0,1.0,1.0,6.0,-3.0
22200102,1610612745,HOU,Houston,1629726,Garrison Mathews,Garrison,,,15:08,1.0,2.0,0.5,1.0,2.0,0.5,0.0,0.0,0.0,0.0,2.0,2.0,0.0,1.0,0.0,1.0,1.0,3.0,-2.0
22200102,1610612745,HOU,Houston,1630586,Usman Garuba,Usman,,,10:26,1.0,2.0,0.5,0.0,0.0,0.0,0.0,0.0,0.0,2.0,6.0,8.0,1.0,0.0,1.0,1.0,0.0,2.0,4.0
22200102,1610612745,HOU,Houston,1630227,Daishen Nix,Daishen,,,9:17,1.0,3.0,0.333,1.0,2.0,0.5,0.0,0.0,0.0,1.0,1.0,2.0,2.0,1.0,0.0,0.0,0.0,3.0,14.0
22200102,1610612745,HOU,Houston,1630528,Josh Christopher,Josh,,,4:18,0.0,0.0,0.0,0.0,0.0,0.0,0.0,0.0,0.0,0.0,0.0,0.0,1.0,0.0,0.0,0.0,0.0,0.0,7.0
22200102,1610612745,HOU,Houston,1631309,Trevor Hudgins,Trevor,,DNP - Coach's Decision,,,,,,,,,,,,,,,,,,,,
22200102,1610612745,HOU,Houston,1626246,Boban Marjanović,Boban,,DNP - Coach's Decision,,,,,,,,,,,,,,,,,,,,
22200102,1610612746,LAC,LA,1628379,Luke Kennard,Luke,F,,34:13,3.0,8.0,0.375,2.0,6.0,0.333,0.0,0.0,0.0,1.0,9.0,10.0,2.0,0.0,0.0,2.0,3.0,8.0,3.0
22200102,1610612746,LAC,LA,202694,Marcus Morris Sr.,Marcus,F,,37:08,5.0,14.0,0.357,1.0,7.0,0.143,0.0,0.0,0.0,1.0,2.0,3.0,3.0,0.0,1.0,1.0,0.0,11.0,7.0
22200102,1610612746,LAC,LA,1627826,Ivica Zubac,Ivica,C,,31:40,6.0,8.0,0.75,0.0,0.0,0.0,4.0,6.0,0.667,1.0,11.0,12.0,0.0,1.0,4.0,3.0,5.0,16.0,-2.0
22200102,1610612746,LAC,LA,202331,Paul George,Paul,G,,37:58,15.0,26.0,0.577,5.0,10.0,0.5,0.0,1.0,0.0,0.0,9.0,9.0,8.0,6.0,2.0,3.0,3.0,35.0,16.0
22200102,1610612746,LAC,LA,202704,Reggie Jackson,Reggie,G,,30:02,2.0,11.0,0.182,0.0,6.0,0.0,2.0,2.0,1.0,1.0,1.0,2.0,6.0,0.0,0.0,1.0,1.0,6.0,0.0
22200102,1610612746,LAC,LA,1626181,Norman Powell,Norman,,,20:55,3.0,11.0,0.273,1.0,5.0,0.2,2.0,2.0,1.0,0.0,1.0,1.0,0.0,0.0,1.0,0.0,1.0,9.0,6.0
22200102,1610612746,LAC,LA,201587,Nicolas Batum,Nicolas,,,15:55,1.0,3.0,0.333,0.0,2.0,0.0,0.0,0.0,0.0,1.0,2.0,3.0,3.0,0.0,2.0,2.0,2.0,2.0,-1.0
22200102,1610612746,LAC,LA,1629611,Terance Mann,Terance,,,15:20,2.0,4.0,0.5,0.0,0.0,0.0,0.0,0.0,0.0,0.0,1.0,1.0,1.0,0.0,0.0,1.0,0.0,4.0,-10.0
22200102,1610612746,LAC,LA,1629599,Amir Coffey,Amir,,,12:16,0.0,1.0,0.0,0.0,0.0,0.0,3.0,4.0,0.75,2.0,1.0,3.0,0.0,0.0,0.0,0.0,2.0,3.0,-8.0
22200102,1610612746,LAC,LA,1630527,Brandon Boston,Brandon,,,4:33,0.0,1.0,0.0,0.0,0.0,0.0,1.0,2.0,0.5,1.0,1.0,2.0,0.0,0.0,0.0,0.0,1.0,1.0,-1.0
22200102,1610612746,LAC,LA,1629650,Moses Brown,Moses,,DNP - Coach's Decision,,,,,,,,,,,,,,,,,,,,
22200102,1610612746,LAC,LA,1631217,Moussa Diabaté,Moussa,,DNP - Coach's Decision,,,,,,,,,,,,,,,,,,,,
22200102,1610612746,LAC,LA,1630554,Jason Preston,Jason,,DNP - Coach's Decision,,,,,,,,,,,,,,,,,,,,
22200097,1610612755,PHI,Philadelphia,201935,James Harden,James,F,,37:37,8.0,17.0,0.471,2.0,6.0,0.333,5.0,6.0,0.833,0.0,7.0,7.0,17.0,2.0,0.0,4.0,2.0,23.0,8.0
22200097,1610612755,PHI,Philadelphia,202699,Tobias Harris,Tobias,F,,34:17,6.0,10.0,0.6,1.0,3.0,0.333,3.0,7.0,0.429,0.0,5.0,5.0,1.0,4.0,1.0,0.0,3.0,16.0,0.0
22200097,1610612755,PHI,Philadelphia,200782,P.J. Tucker,P.J.,C,,31:59,6.0,8.0,0.75,1.0,3.0,0.333,0.0,0.0,0.0,2.0,3.0,5.0,1.0,1.0,0.0,1.0,3.0,13.0,-5.0
22200097,1610612755,PHI,Philadelphia,1629001,De'Anthony Melton,De'Anthony,G,,32:41,7.0,10.0,0.7,2.0,4.0,0.5,0.0,0.0,0.0,0.0,2.0,2.0,1.0,2.0,0.0,1.0,3.0,16.0,-3.0
22200097,1610612755,PHI,Philadelphia,1630178,Tyrese Maxey,Tyrese,G,,34:25,12.0,22.0,0.545,2.0,6.0,0.333,2.0,2.0,1.0,0.0,3.0,3.0,3.0,1.0,0.0,3.0,3.0,28.0,-4.0
22200097,1610612755,PHI,Philadelphia,1629680,Matisse Thybulle,Matisse,,,16:29,0.0,1.0,0.0,0.0,1.0,0.0,1.0,2.0,0.5,0.0,5.0,5.0,0.0,2.0,0.0,1.0,2.0,1.0,5.0
22200097,1610612755,PHI,Philadelphia,1627777,Georges Niang,Georges,,,13:43,4.0,8.0,0.5,4.0,7.0,0.571,0.0,0.0,0.0,0.0,2.0,2.0,1.0,0.0,0.0,1.0,1.0,12.0,7.0
22200097,1610612755,PHI,Philadelphia,1627863,Danuel House Jr.,Danuel,,,15:19,0.0,0.0,0.0,0.0,0.0,0.0,2.0,2.0,1.0,0.0,2.0,2.0,1.0,0.0,0.0,0.0,0.0,2.0,10.0
22200097,1610612755,PHI,Philadelphia,1626149,Montrezl Harrell,Montrezl,,,13:34,3.0,6.0,0.5,0.0,0.0,0.0,1.0,1.0,1.0,1.0,3.0,4.0,0.0,1.0,2.0,0.0,2.0,7.0,8.0
22200097,1610612755,PHI,Philadelphia,1629003,Shake Milton,Shake,,,7:29,0.0,1.0,0.0,0.0,0.0,0.0,0.0,0.0,0.0,1.0,1.0,2.0,1.0,0.0,0.0,2.0,1.0,0.0,5.0
22200097,1610612755,PHI,Philadelphia,1630194,Paul Reed,Paul,,,2:27,0.0,0.0,0.0,0.0,0.0,0.0,0.0,0.0,0.0,0.0,0.0,0.0,0.0,1.0,0.0,0.0,0.0,0.0,4.0
22200097,1610612755,PHI,Philadelphia,1627788,Furkan Korkmaz,Furkan,,DNP - Coach's Decision,,,,,,,,,,,,,,,,,,,,
22200097,1610612755,PHI,Philadelphia,1630531,Jaden Springer,Jaden,,DNP - Coach's Decision,,,,,,,,,,,,,,,,,,,,
22200097,1610612764,WAS,Washington,1630264,Anthony Gill,Anthony,F,,25:59,5.0,10.0,0.5,1.0,3.0,0.333,0.0,0.0,0.0,2.0,2.0,4.0,2.0,0.0,0.0,2.0,0.0,11.0,7.0
22200097,1610612764,WAS,Washington,1628398,Kyle Kuzma,Kyle,F,,32:42,3.0,5.0,0.6,1.0,1.0,1.0,2.0,2.0,1.0,1.0,6.0,7.0,2.0,0.0,1.0,1.0,3.0,9.0,6.0
22200097,1610612764,WAS,Washington,204001,Kristaps Porziņģis,Kristaps,C,,34:40,10.0,17.0,0.588,3.0,7.0,0.429,9.0,9.0,1.0,4.0,5.0,9.0,3.0,2.0,0.0,0.0,3.0,32.0,8.0
22200097,1610612764,WAS,Washington,203078,Bradley Beal,Bradley,G,,37:51,7.0,18.0,0.389,2.0,6.0,0.333,4.0,4.0,1.0,0.0,5.0,5.0,6.0,0.0,1.0,4.0,3.0,20.0,0.0
22200097,1610612764,WAS,Washington,1628420,Monté Morris,Monté,G,,35:08,7.0,13.0,0.538,2.0,3.0,0.667,3.0,3.0,1.0,0.0,3.0,3.0,4.0,3.0,0.0,3.0,1.0,19.0,6.0
22200097,1610612764,WAS,Washington,203115,Will Barton,Will,,,21:28,2.0,6.0,0.333,1.0,3.0,0.333,2.0,2.0,1.0,1.0,3.0,4.0,1.0,0.0,0.0,0.0,2.0,7.0,-17.0
22200097,1610612764,WAS,Washington,1630166,Deni Avdija,Deni,,,16:42,0.0,1.0,0.0,0.0,0.0,0.0,0.0,0.0,0.0,0.0,1.0,1.0,2.0,0.0,1.0,0.0,3.0,0.0,-12.0
22200097,1610612764,WAS,Washington,1629060,Rui Hachimura,Rui,,,17:55,4.0,9.0,0.444,0.0,2.0,0.0,2.0,2.0,1.0,1.0,5.0,6.0,0.0,2.0,1.0,2.0,0.0,10.0,-18.0
22200097,1610612764,WAS,Washington,1629655,Daniel Gafford,Daniel,,,10:39,0.0,2.0,0.0,0.0,0.0,0.0,1.0,2.0,0.5,0.0,2.0,2.0,1.0,1.0,0.0,3.0,2.0,1.0,-12.0
22200097,1610612764,WAS,Washington,1631098,Johnny Davis,Johnny,,,4:15,0.0,0.0,0.0,0.0,0.0,0.0,0.0,0.0,0.0,0.0,0.0,0.0,1.0,0.0,0.0,0.0,0.0,0.0,0.0
22200097,1610612764,WAS,Washington,201959,Taj Gibson,Taj,,,2:41,0.0,0.0,0.0,0.0,0.0,0.0,2.0,2.0,1.0,0.0,0.0,0.0,0.0,0.0,0.0,0.0,1.0,2.0,-3.0
22200097,1610612764,WAS,Washington,1630176,Vernon Carey Jr.,Vernon,,DNP - Coach's Decision,,,,,,,,,,,,,,,,,,,,
22200097,1610612764,WAS,Washington,1630692,Jordan Goodwin,Jordan,,DNP - Coach's Decision,,,,,,,,,,,,,,,,,,,,
22200097,1610612764,WAS,Washington,1630648,Jordan Schakel,Jordan,,DNP - Coach's Decision,,,,,,,,,,,,,,,,,,,,
22200097,1610612764,WAS,Washington,1630225,Isaiah Todd,Isaiah,,DNP - Coach's Decision,,,,,,,,,,,,,,,,,,,,
22200075,1610612752,NYK,New York,1629628,RJ Barrett,RJ,F,,36:27,7.0,17.0,0.412,1.0,7.0,0.143,5.0,8.0,0.625,0.0,5.0,5.0,2.0,0.0,0.0,1.0,2.0,20.0,-8.0
22200075,1610612752,NYK,New York,203944,Julius Randle,Julius,F,,31:14,3.0,10.0,0.3,0.0,2.0,0.0,8.0,9.0,0.889,4.0,8.0,12.0,2.0,1.0,0.0,3.0,4.0,14.0,-14.0
22200075,1610612752,NYK,New York,1629011,Mitchell Robinson,Mitchell,C,,20:24,2.0,5.0,0.4,0.0,0.0,0.0,1.0,2.0,0.5,5.0,4.0,9.0,1.0,0.0,2.0,0.0,5.0,5.0,-7.0
22200075,1610612752,NYK,New York,203095,Evan Fournier,Evan,G,,20:05,4.0,12.0,0.333,3.0,7.0,0.429,0.0,0.0,0.0,0.0,4.0,4.0,0.0,0.0,0.0,2.0,1.0,11.0,-22.0
22200075,1610612752,NYK,New York,1628973,Jalen Brunson,Jalen,G,,33:08,3.0,10.0,0.3,1.0,4.0,0.25,6.0,9.0,0.667,0.0,3.0,3.0,2.0,1.0,0.0,3.0,3.0,13.0,-19.0
22200075,1610612752,NYK,New York,1628392,Isaiah Hartenstein,Isaiah,,,27:34,3.0,8.0,0.375,0.0,1.0,0.0,0.0,0.0,0.0,2.0,6.0,8.0,2.0,1.0,2.0,1.0,3.0,6.0,-5.0
22200075,1610612752,NYK,New York,1630193,Immanuel Quickley,Immanuel,,,27:54,5.0,11.0,0.455,2.0,4.0,0.5,2.0,4.0,0.5,1.0,3.0,4.0,3.0,3.0,1.0,1.0,1.0,14.0,11.0
22200075,1610612752,NYK,New York,1629629,Cam Reddish,Cam,,,11:33,1.0,5.0,0.2,0.0,2.0,0.0,0.0,0.0,0.0,0.0,2.0,2.0,1.0,0.0,0.0,0.0,0.0,2.0,-3.0
22200075,1610612752,NYK,New York,1630167,Obi Toppin,Obi,,,16:46,4.0,7.0,0.571,3.0,5.0,0.6,0.0,0.0,0.0,0.0,3.0,3.0,2.0,0.0,0.0,0.0,0.0,11.0,3.0
22200075,1610612752,NYK,New York,201565,Derrick Rose,Derrick,,,14:52,5.0,8.0,0.625,2.0,3.0,0.667,0.0,0.0,0.0,1.0,3.0,4.0,4.0,0.0,0.0,1.0,0.0,12.0,8.0
22200075,1610612752,NYK,New York,1630579,Jericho Sims,Jericho,,,0:02,0.0,0.0,0.0,0.0,0.0,0.0,0.0,0.0,0.0,0.0,0.0,0.0,0.0,0.0,0.0,0.0,0.0,0.0,1.0
22200075,1610612752,NYK,New York,1630540,Miles McBride,Miles,,,0:01,0.0,0.0,0.0,0.0,0.0,0.0,0.0,0.0,0.0,0.0,0.0,0.0,0.0,0.0,0.0,0.0,0.0,0.0,0.0
22200075,1610612752,NYK,New York,1627853,Ryan Arcidiacono,Ryan,,DNP - Coach's Decision,,,,,,,,,,,,,,,,,,,,
22200075,1610612752,NYK,New York,1629004,Svi Mykhailiuk,Svi,,DNP - Coach's Decision,,,,,,,,,,,,,,,,,,,,
22200075,1610612749,MIL,Milwaukee,1628960,Grayson Allen,Grayson,F,,28:48,6.0,10.0,0.6,4.0,6.0,0.667,1.0,1.0,1.0,1.0,3.0,4.0,2.0,1.0,0.0,1.0,2.0,17.0,23.0
22200075,1610612749,MIL,Milwaukee,203507,Giannis Antetokounmpo,Giannis,F,,38:56,11.0,22.0,0.5,1.0,6.0,0.167,7.0,11.0,0.636,0.0,14.0,14.0,9.0,1.0,1.0,2.0,0.0,30.0,27.0
22200075,1610612749,MIL,Milwaukee,201572,Brook Lopez,Brook,C,,33:24,5.0,13.0,0.385,0.0,6.0,0.0,4.0,4.0,1.0,4.0,7.0,11.0,2.0,1.0,3.0,0.0,4.0,14.0,1.0
22200075,1610612749,MIL,Milwaukee,1628975,Jevon Carter,Jevon,G,,33:29,5.0,13.0,0.385,4.0,11.0,0.364,0.0,0.0,0.0,1.0,2.0,3.0,1.0,1.0,2.0,0.0,3.0,14.0,-2.0
22200075,1610612749,MIL,Milwaukee,201950,Jrue Holiday,Jrue,G,,31:58,6.0,19.0,0.316,2.0,6.0,0.333,2.0,2.0,1.0,0.0,5.0,5.0,6.0,2.0,1.0,1.0,3.0,16.0,17.0
22200075,1610612749,MIL,Milwaukee,1626171,Bobby Portis,Bobby,,,25:14,4.0,13.0,0.308,0.0,2.0,0.0,4.0,4.0,1.0,8.0,4.0,12.0,1.0,0.0,0.0,0.0,4.0,12.0,-4.0
22200075,1610612749,MIL,Milwaukee,201588,George Hill,George,,,26:37,4.0,10.0,0.4,2.0,6.0,0.333,2.0,3.0,0.667,2.0,2.0,4.0,2.0,0.0,0.0,0.0,2.0,12.0,6.0
22200075,1610612749,MIL,Milwaukee,1629670,Jordan Nwora,Jordan,,,11:52,0.0,6.0,0.0,0.0,2.0,0.0,0.0,0.0,0.0,2.0,2.0,4.0,0.0,0.0,0.0,1.0,3.0,0.0,-14.0
22200075,1610612749,MIL,Milwaukee,202083,Wesley Matthews,Wesley,,,4:14,0.0,1.0,0.0,0.0,0.0,0.0,2.0,2.0,1.0,0.0,1.0,1.0,0.0,2.0,0.0,0.0,0.0,2.0,-1.0
22200075,1610612749,MIL,Milwaukee,201586,Serge Ibaka,Serge,,,5:30,1.0,2.0,0.5,0.0,0.0,0.0,0.0,0.0,0.0,1.0,1.0,2.0,0.0,0.0,1.0,1.0,2.0,2.0,2.0
22200075,1610612749,MIL,Milwaukee,203648,Thanasis Antetokounmpo,Thanasis,,DNP - Coach's Decision,,,,,,,,,,,,,,,,,,,,
22200075,1610612749,MIL,Milwaukee,1630699,MarJon Beauchamp,MarJon,,DNP - Coach's Decision,,,,,,,,,,,,,,,,,,,,
22200075,1610612749,MIL,Milwaukee,1630572,Sandro Mamukelashvili,Sandro,,DNP - Coach's Decision,,,,,,,,,,,,,,,,,,,,
22200058,1610612766,CHA,Charlotte,202330,Gordon Hayward,Gordon,F,,39:10,8.0,18.0,0.444,1.0,3.0,0.333,4.0,6.0,0.667,2.0,7.0,9.0,4.0,0.0,1.0,5.0,0.0,21.0,-13.0
22200058,1610612766,CHA,Charlotte,1629023,P.J. Washington,P.J.,F,,37:50,5.0,14.0,0.357,4.0,8.0,0.5,3.0,4.0,0.75,0.0,5.0,5.0,1.0,1.0,0.0,2.0,1.0,17.0,-1.0
22200058,1610612766,CHA,Charlotte,203486,Mason Plumlee,Mason,C,,31:10,2.0,3.0,0.667,0.0,0.0,0.0,4.0,6.0,0.667,2.0,5.0,7.0,4.0,1.0,1.0,2.0,5.0,8.0,-15.0
22200058,1610612766,CHA,Charlotte,1626162,Kelly Oubre Jr.,Kelly,G,,35:12,7.0,18.0,0.389,1.0,6.0,0.167,2.0,3.0,0.667,1.0,4.0,5.0,0.0,2.0,1.0,2.0,5.0,17.0,-10.0
22200058,1610612766,CHA,Charlotte,1628372,Dennis Smith Jr.,Dennis,G,,36:37,7.0,16.0,0.438,0.0,3.0,0.0,0.0,2.0,0.0,0.0,3.0,3.0,11.0,2.0,0.0,1.0,5.0,14.0,-5.0
22200058,1610612766,CHA,Charlotte,1629667,Jalen McDaniels,Jalen,,,22:48,6.0,10.0,0.6,3.0,3.0,1.0,2.0,2.0,1.0,1.0,5.0,6.0,2.0,1.0,1.0,1.0,4.0,17.0,14.0
22200058,1610612766,CHA,Charlotte,1630177,Theo Maledon,Theo,,,16:23,6.0,7.0,0.857,2.0,2.0,1.0,1.0,1.0,1.0,0.0,0.0,0.0,4.0,1.0,0.0,1.0,1.0,15.0,2.0
22200058,1610612766,CHA,Charlotte,1630208,Nick Richards,Nick,,,19:05,2.0,2.0,1.0,0.0,0.0,0.0,3.0,4.0,0.75,2.0,2.0,4.0,2.0,0.0,0.0,0.0,0.0,7.0,12.0
22200058,1610612766,CHA,Charlotte,1630547,James Bouknight,James,,,17:09,5.0,9.0,0.556,2.0,5.0,0.4,1.0,2.0,0.5,0.0,2.0,2.0,3.0,1.0,0.0,1.0,2.0,13.0,9.0
22200058,1610612766,CHA,Charlotte,1630550,JT Thor,JT,,,8:57,1.0,2.0,0.5,0.0,1.0,0.0,0.0,0.0,0.0,1.0,0.0,1.0,0.0,0.0,1.0,0.0,1.0,2.0,-6.0
22200058,1610612766,CHA,Charlotte,1631121,Bryce McGowens,Bryce,,,0:39,0.0,0.0,0.0,0.0,0.0,0.0,0.0,0.0,0.0,0.0,0.0,0.0,0.0,0.0,0.0,0.0,0.0,0.0,-2.0
22200058,1610612766,CHA,Charlotte,1630539,Kai Jones,Kai,,DNP - Coach's Decision,,,,,,,,,,,,,,,,,,,,
22200058,1610612766,CHA,Charlotte,1631109,Mark Williams,Mark,,DNP - Coach's Decision,,,,,,,,,,,,,,,,,,,,
22200058,1610612752,NYK,New York,1629628,RJ Barrett,RJ,F,,38:31,9.0,21.0,0.429,0.0,5.0,0.0,4.0,4.0,1.0,4.0,4.0,8.0,1.0,0.0,1.0,4.0,1.0,22.0,8.0
22200058,1610612752,NYK,New York,203944,Julius Randle,Julius,F,,39:50,7.0,19.0,0.368,0.0,2.0,0.0,3.0,4.0,0.75,2.0,4.0,6.0,2.0,2.0,1.0,1.0,5.0,17.0,6.0
22200058,1610612752,NYK,New York,1629011,Mitchell Robinson,Mitchell,C,,37:01,4.0,4.0,1.0,0.0,0.0,0.0,1.0,2.0,0.5,2.0,6.0,8.0,1.0,0.0,6.0,0.0,2.0,9.0,8.0
22200058,1610612752,NYK,New York,1628973,Jalen Brunson,Jalen,G,,40:35,10.0,15.0,0.667,2.0,5.0,0.4,5.0,5.0,1.0,0.0,7.0,7.0,13.0,1.0,1.0,3.0,2.0,27.0,7.0
22200058,1610612752,NYK,New York,203095,Evan Fournier,Evan,G,,24:05,6.0,11.0,0.545,2.0,6.0,0.333,0.0,0.0,0.0,0.0,3.0,3.0,2.0,1.0,0.0,2.0,6.0,14.0,4.0
22200058,1610612752,NYK,New York,1628392,Isaiah Hartenstein,Isaiah,,,15:56,4.0,5.0,0.8,0.0,1.0,0.0,0.0,0.0,0.0,2.0,1.0,3.0,0.0,1.0,1.0,0.0,2.0,8.0,-7.0
22200058,1610612752,NYK,New York,1630193,Immanuel Quickley,Immanuel,,,18:57,3.0,6.0,0.5,2.0,3.0,0.667,3.0,4.0,0.75,1.0,2.0,3.0,3.0,0.0,0.0,3.0,1.0,11.0,-5.0
22200058,1610612752,NYK,New York,1629629,Cam Reddish,Cam,,,24:30,1.0,3.0,0.333,1.0,2.0,0.5,2.0,2.0,1.0,0.0,3.0,3.0,0.0,0.0,1.0,2.0,4.0,5.0,1.0
22200058,1610612752,NYK,New York,1630167,Obi Toppin,Obi,,,13:10,3.0,6.0,0.5,3.0,4.0,0.75,0.0,0.0,0.0,1.0,2.0,3.0,2.0,0.0,0.0,0.0,1.0,9.0,-3.0
22200058,1610612752,NYK,New York,201565,Derrick Rose,Derrick,,,12:25,5.0,7.0,0.714,1.0,2.0,0.5,1.0,1.0,1.0,0.0,2.0,2.0,2.0,0.0,0.0,1.0,0.0,12.0,-4.0
22200058,1610612752,NYK,New York,1627853,Ryan Arcidiacono,Ryan,,DNP - Coach's Decision,,,,,,,,,,,,,,,,,,,,
22200058,1610612752,NYK,New York,1630540,Miles McBride,Miles,,DNP - Coach's Decision,,,,,,,,,,,,,,,,,,,,
22200058,1610612752,NYK,New York,1629004,Svi Mykhailiuk,Svi,,DNP - Coach's Decision,,,,,,,,,,,,,,,,,,,,
22200058,1610612752,NYK,New York,1630579,Jericho Sims,Jericho,,DNP - Coach's Decision,,,,,,,,,,,,,,,,,,,,
22200036,1610612746,LAC,LA,202331,Paul George,Paul,F,,38:35,16.0,31.0,0.516,3.0,10.0,0.3,5.0,5.0,1.0,2.0,4.0,6.0,6.0,2.0,1.0,4.0,2.0,40.0,-4.0
22200036,1610612746,LAC,LA,202694,Marcus Morris Sr.,Marcus,F,,21:02,4.0,7.0,0.571,1.0,1.0,1.0,0.0,0.0,0.0,0.0,5.0,5.0,2.0,1.0,0.0,0.0,5.0,9.0,2.0
22200036,1610612746,LAC,LA,1627826,Ivica Zubac,Ivica,C,,24:10,4.0,7.0,0.571,0.0,0.0,0.0,2.0,2.0,1.0,1.0,7.0,8.0,1.0,0.0,1.0,1.0,3.0,10.0,4.0
22200036,1610612746,LAC,LA,1626181,Norman Powell,Norman,G,,32:02,1.0,10.0,0.1,0.0,2.0,0.0,2.0,2.0,1.0,0.0,3.0,3.0,4.0,0.0,0.0,2.0,0.0,4.0,-1.0
22200036,1610612746,LAC,LA,202704,Reggie Jackson,Reggie,G,,26:46,4.0,5.0,0.8,3.0,3.0,1.0,3.0,3.0,1.0,0.0,2.0,2.0,5.0,1.0,0.0,3.0,2.0,14.0,0.0
22200036,1610612746,LAC,LA,1628379,Luke Kennard,Luke,,,27:54,4.0,11.0,0.364,1.0,4.0,0.25,2.0,2.0,1.0,0.0,1.0,1.0,0.0,0.0,0.0,0.0,0.0,11.0,15.0
22200036,1610612746,LAC,LA,201587,Nicolas Batum,Nicolas,,,28:01,3.0,3.0,1.0,1.0,1.0,1.0,0.0,0.0,0.0,1.0,4.0,5.0,3.0,2.0,1.0,1.0,5.0,7.0,-3.0
22200036,1610612746,LAC,LA,1629611,Terance Mann,Terance,,,14:53,2.0,3.0,0.667,0.0,0.0,0.0,1.0,2.0,0.5,1.0,1.0,2.0,1.0,0.0,0.0,0.0,2.0,5.0,0.0
22200036,1610612746,LAC,LA,203496,Robert Covington,Robert,,,22:05,2.0,3.0,0.667,0.0,1.0,0.0,4.0,4.0,1.0,0.0,7.0,7.0,2.0,2.0,0.0,1.0,2.0,8.0,-3.0
22200036,1610612746,LAC,LA,1629599,Amir Coffey,Amir,,,4:35,1.0,1.0,1.0,0.0,0.0,0.0,1.0,2.0,0.5,0.0,1.0,1.0,0.0,0.0,0.0,1.0,0.0,3.0,0.0
22200036,1610612746,LAC,LA,1630527,Brandon Boston,Brandon,,DNP - Coach's Decision,,,,,,,,,,,,,,,,,,,,
22200036,1610612746,LAC,LA,1629650,Moses Brown,Moses,,DNP - Coach's Decision,,,,,,,,,,,,,,,,,,,,
22200036,1610612746,LAC,LA,1631217,Moussa Diabaté,Moussa,,DNP - Coach's Decision,,,,,,,,,,,,,,,,,,,,
22200036,1610612746,LAC,LA,1630554,Jason Preston,Jason,,DNP - Coach's Decision,,,,,,,,,,,,,,,,,,,,
22200036,1610612758,SAC,Sacramento,203084,Harrison Barnes,Harrison,F,,34:29,2.0,10.0,0.2,0.0,3.0,0.0,4.0,7.0,0.571,1.0,6.0,7.0,0.0,1.0,0.0,1.0,2.0,8.0,4.0
22200036,1610612758,SAC,Sacramento,1629644,KZ Okpala,KZ,F,,18:20,1.0,3.0,0.333,1.0,2.0,0.5,0.0,0.0,0.0,1.0,2.0,3.0,1.0,0.0,0.0,0.0,1.0,3.0,2.0
22200036,1610612758,SAC,Sacramento,1627734,Domantas Sabonis,Domantas,C,,34:39,4.0,12.0,0.333,0.0,3.0,0.0,3.0,6.0,0.5,3.0,7.0,10.0,7.0,2.0,2.0,1.0,4.0,11.0,7.0
22200036,1610612758,SAC,Sacramento,1628989,Kevin Huerter,Kevin,G,,32:26,5.0,9.0,0.556,5.0,8.0,0.625,3.0,4.0,0.75,0.0,3.0,3.0,5.0,0.0,0.0,1.0,4.0,18.0,5.0
22200036,1610612758,SAC,Sacramento,1628368,De'Aaron Fox,De'Aaron,G,,32:26,15.0,23.0,0.652,3.0,5.0,0.6,3.0,6.0,0.5,1.0,4.0,5.0,4.0,1.0,1.0,3.0,1.0,36.0,5.0
22200036,1610612758,SAC,Sacramento,1631099,Keegan Murray,Keegan,,,32:48,7.0,10.0,0.7,3.0,6.0,0.5,2.0,2.0,1.0,1.0,4.0,5.0,2.0,0.0,2.0,2.0,3.0,19.0,-4.0
22200036,1610612758,SAC,Sacramento,1626158,Richaun Holmes,Richaun,,,12:49,1.0,2.0,0.5,0.0,0.0,0.0,0.0,0.0,0.0,2.0,1.0,3.0,0.0,0.0,0.0,0.0,2.0,2.0,-6.0
22200036,1610612758,SAC,Sacramento,1628370,Malik Monk,Malik,,,13:03,0.0,4.0,0.0,0.0,2.0,0.0,0.0,1.0,0.0,0.0,2.0,2.0,1.0,1.0,0.0,2.0,1.0,0.0,-13.0
22200036,1610612758,SAC,Sacramento,1630558,Davion Mitchell,Davion,,,16:06,2.0,7.0,0.286,0.0,2.0,0.0,0.0,0.0,0.0,0.0,0.0,0.0,2.0,0.0,0.0,1.0,2.0,4.0,-10.0
22200036,1610612758,SAC,Sacramento,1629056,Terence Davis,Terence,,,12:24,3.0,5.0,0.6,2.0,4.0,0.5,0.0,0.0,0.0,0.0,1.0,1.0,2.0,0.0,0.0,1.0,1.0,8.0,1.0
22200036,1610612758,SAC,Sacramento,1629002,Chimezie Metu,Chimezie,,,0:30,0.0,0.0,0.0,0.0,0.0,0.0,0.0,0.0,0.0,0.0,0.0,0.0,0.0,0.0,0.0,0.0,0.0,0.0,-1.0
22200036,1610612758,SAC,Sacramento,203521,Matthew Dellavedova,Matthew,,DNP - Coach's Decision,,,,,,,,,,,,,,,,,,,,
22200036,1610612758,SAC,Sacramento,203458,Alex Len,Alex,,DNP - Coach's Decision,,,,,,,,,,,,,,,,,,,,
22200036,1610612758,SAC,Sacramento,1626168,Trey Lyles,Trey,,DNP - Coach's Decision,,,,,,,,,,,,,,,,,,,,
22200036,1610612758,SAC,Sacramento,1631320,Chima Moneke,Chima,,DNP - Coach's Decision,,,,,,,,,,,,,,,,,,,,
22200030,1610612738,BOS,Boston,1627759,Jaylen Brown,Jaylen,F,,37:30,4.0,16.0,0.25,1.0,6.0,0.167,3.0,4.0,0.75,1.0,8.0,9.0,4.0,1.0,1.0,2.0,1.0,12.0,14.0
22200030,1610612738,BOS,Boston,1628369,Jayson Tatum,Jayson,F,,37:39,14.0,21.0,0.667,4.0,10.0,0.4,8.0,9.0,0.889,0.0,8.0,8.0,1.0,1.0,2.0,1.0,2.0,40.0,6.0
22200030,1610612738,BOS,Boston,203943,Noah Vonleh,Noah,C,,13:49,1.0,2.0,0.5,0.0,0.0,0.0,0.0,0.0,0.0,2.0,1.0,3.0,0.0,0.0,1.0,0.0,4.0,2.0,5.0
22200030,1610612738,BOS,Boston,1628401,Derrick White,Derrick,G,,36:57,10.0,17.0,0.588,5.0,9.0,0.556,2.0,3.0,0.667,2.0,2.0,4.0,4.0,1.0,0.0,0.0,2.0,27.0,7.0
22200030,1610612738,BOS,Boston,203935,Marcus Smart,Marcus,G,,36:31,2.0,11.0,0.182,1.0,9.0,0.111,1.0,1.0,1.0,0.0,2.0,2.0,8.0,1.0,0.0,2.0,3.0,6.0,0.0
22200030,1610612738,BOS,Boston,1629684,Grant Williams,Grant,,,31:03,3.0,3.0,1.0,3.0,3.0,1.0,4.0,4.0,1.0,0.0,6.0,6.0,2.0,0.0,2.0,0.0,5.0,13.0,7.0
22200030,1610612738,BOS,Boston,201933,Blake Griffin,Blake,,,9:33,0.0,1.0,0.0,0.0,1.0,0.0,0.0,0.0,0.0,0.0,0.0,0.0,1.0,1.0,0.0,0.0,1.0,0.0,-4.0
22200030,1610612738,BOS,Boston,1627763,Malcolm Brogdon,Malcolm,,,20:40,4.0,10.0,0.4,1.0,4.0,0.25,4.0,5.0,0.8,1.0,1.0,2.0,4.0,0.0,0.0,2.0,1.0,13.0,-2.0
22200030,1610612738,BOS,Boston,1630573,Sam Hauser,Sam,,,6:46,3.0,4.0,0.75,3.0,4.0,0.75,0.0,0.0,0.0,0.0,2.0,2.0,0.0,0.0,0.0,0.0,0.0,9.0,2.0
22200030,1610612738,BOS,Boston,1630202,Payton Pritchard,Payton,,,3:41,1.0,2.0,0.5,1.0,1.0,1.0,0.0,0.0,0.0,0.0,0.0,0.0,0.0,0.0,0.0,0.0,1.0,3.0,-2.0
22200030,1610612738,BOS,Boston,1628436,Luke Kornet,Luke,,,5:51,0.0,0.0,0.0,0.0,0.0,0.0,1.0,2.0,0.5,1.0,0.0,1.0,0.0,0.0,0.0,1.0,1.0,1.0,-3.0
22200030,1610612738,BOS,Boston,1631120,JD Davison,JD,,DNP - Coach's Decision,,,,,,,,,,,,,,,,,,,,
22200030,1610612738,BOS,Boston,1628382,Justin Jackson,Justin,,DNP - Coach's Decision,,,,,,,,,,,,,,,,,,,,
22200030,1610612738,BOS,Boston,1629662,Mfiondu Kabengele,Mfiondu,,DNP - Coach's Decision,,,,,,,,,,,,,,,,,,,,
22200030,1610612753,ORL,Orlando,1630532,Franz Wagner,Franz,F,,34:31,8.0,17.0,0.471,2.0,6.0,0.333,0.0,0.0,0.0,2.0,4.0,6.0,2.0,1.0,0.0,1.0,1.0,18.0,-17.0
22200030,1610612753,ORL,Orlando,1631094,Paolo Banchero,Paolo,F,,33:13,6.0,19.0,0.316,2.0,7.0,0.286,9.0,11.0,0.818,1.0,4.0,5.0,3.0,0.0,1.0,2.0,1.0,23.0,-16.0
22200030,1610612753,ORL,Orlando,1628976,Wendell Carter Jr.,Wendell,C,,34:56,6.0,13.0,0.462,1.0,1.0,1.0,2.0,4.0,0.5,5.0,7.0,12.0,5.0,0.0,1.0,3.0,5.0,15.0,-4.0
22200030,1610612753,ORL,Orlando,203082,Terrence Ross,Terrence,G,,35:09,11.0,16.0,0.688,5.0,8.0,0.625,2.0,2.0,1.0,1.0,3.0,4.0,1.0,1.0,0.0,0.0,3.0,29.0,-3.0
22200030,1610612753,ORL,Orlando,1630175,Cole Anthony,Cole,G,,31:43,6.0,13.0,0.462,2.0,5.0,0.4,0.0,2.0,0.0,1.0,8.0,9.0,6.0,1.0,1.0,2.0,4.0,14.0,0.0
22200030,1610612753,ORL,Orlando,1628964,Mo Bamba,Mo,,,11:42,1.0,3.0,0.333,1.0,3.0,0.333,0.0,0.0,0.0,0.0,0.0,0.0,1.0,0.0,0.0,0.0,2.0,3.0,2.0
22200030,1610612753,ORL,Orlando,1630284,Kevon Harris,Kevon,,,18:45,1.0,4.0,0.25,0.0,1.0,0.0,1.0,2.0,0.5,0.0,3.0,3.0,1.0,1.0,0.0,1.0,2.0,3.0,2.0
22200030,1610612753,ORL,Orlando,1629643,Chuma Okeke,Chuma,,,16:08,3.0,3.0,1.0,2.0,2.0,1.0,0.0,0.0,0.0,2.0,2.0,4.0,2.0,0.0,0.0,0.0,3.0,8.0,-1.0
22200030,1610612753,ORL,Orlando,1629626,Bol Bol,Bol,,,14:52,3.0,7.0,0.429,0.0,1.0,0.0,0.0,0.0,0.0,0.0,5.0,5.0,0.0,0.0,4.0,0.0,2.0,6.0,9.0
22200030,1610612753,ORL,Orlando,1630181,R.J. Hampton,R.J.,,,9:01,0.0,0.0,0.0,0.0,0.0,0.0,1.0,2.0,0.5,0.0,0.0,0.0,0.0,1.0,0.0,0.0,1.0,1.0,-2.0
22200030,1610612753,ORL,Orlando,1631216,Caleb Houstan,Caleb,,DNP - Coach's Decision,,,,,,,,,,,,,,,,,,,,
22200030,1610612753,ORL,Orlando,1629678,Admiral Schofield,Admiral,,DNP - Coach's Decision,,,,,,,,,,,,,,,,,,,,
22200008,1610612739,CLE,Cleveland,1628378,Donovan Mitchell,Donovan,F,,34:31,12.0,21.0,0.571,2.0,8.0,0.25,5.0,6.0,0.833,0.0,2.0,2.0,9.0,2.0,0.0,3.0,4.0,31.0,10.0
22200008,1610612739,CLE,Cleveland,1630596,Evan Mobley,Evan,F,,35:35,5.0,9.0,0.556,1.0,3.0,0.333,3.0,4.0,0.75,0.0,6.0,6.0,1.0,1.0,1.0,3.0,1.0,14.0,-14.0
22200008,1610612739,CLE,Cleveland,1628386,Jarrett Allen,Jarrett,C,,33:53,5.0,8.0,0.625,0.0,0.0,0.0,3.0,4.0,0.75,5.0,5.0,10.0,0.0,0.0,2.0,1.0,2.0,13.0,2.0
22200008,1610612739,CLE,Cleveland,1627747,Caris LeVert,Caris,G,,34:41,2.0,7.0,0.286,2.0,2.0,1.0,4.0,4.0,1.0,0.0,5.0,5.0,7.0,0.0,0.0,1.0,3.0,10.0,5.0
22200008,1610612739,CLE,Cleveland,1629636,Darius Garland,Darius,G,,13:18,2.0,8.0,0.25,0.0,1.0,0.0,0.0,0.0,0.0,0.0,1.0,1.0,3.0,2.0,1.0,5.0,1.0,4.0,-10.0
22200008,1610612739,CLE,Cleveland,1630171,Isaac Okoro,Isaac,,,11:46,0.0,1.0,0.0,0.0,1.0,0.0,0.0,0.0,0.0,0.0,0.0,0.0,0.0,0.0,0.0,1.0,4.0,0.0,0.0
22200008,1610612739,CLE,Cleveland,201567,Kevin Love,Kevin,,,20:54,3.0,6.0,0.5,1.0,4.0,0.25,1.0,1.0,1.0,0.0,7.0,7.0,2.0,0.0,0.0,1.0,2.0,8.0,4.0
22200008,1610612739,CLE,Cleveland,1629731,Dean Wade,Dean,,,21:42,3.0,4.0,0.75,1.0,2.0,0.5,1.0,2.0,0.5,1.0,2.0,3.0,2.0,0.0,1.0,0.0,1.0,8.0,-11.0
22200008,1610612739,CLE,Cleveland,1626224,Cedi Osman,Cedi,,,27:39,6.0,12.0,0.5,3.0,6.0,0.5,2.0,2.0,1.0,0.0,3.0,3.0,1.0,0.0,0.0,1.0,3.0,17.0,7.0
22200008,1610612739,CLE,Cleveland,203526,Raul Neto,Raul,,,6:02,0.0,1.0,0.0,0.0,1.0,0.0,0.0,0.0,0.0,0.0,1.0,1.0,0.0,0.0,0.0,1.0,0.0,0.0,-8.0
22200008,1610612739,CLE,Cleveland,201577,Robin Lopez,Robin,,DNP - Coach's Decision,,,,,,,,,,,,,,,,,,,,
22200008,1610612739,CLE,Cleveland,1630600,Isaiah Mobley,Isaiah,,DNP - Coach's Decision,,,,,,,,,,,,,,,,,,,,
22200008,1610612739,CLE,Cleveland,1630205,Lamar Stevens,Lamar,,DNP - Coach's Decision,,,,,,,,,,,,,,,,,,,,
22200008,1610612761,TOR,Toronto,1628384,OG Anunoby,OG,F,,37:33,5.0,12.0,0.417,2.0,5.0,0.4,6.0,7.0,0.857,1.0,6.0,7.0,5.0,3.0,1.0,3.0,4.0,18.0,9.0
22200008,1610612761,TOR,Toronto,1630567,Scottie Barnes,Scottie,F,,32:20,7.0,14.0,0.5,1.0,1.0,1.0,0.0,0.0,0.0,1.0,2.0,3.0,7.0,2.0,1.0,3.0,4.0,15.0,20.0
22200008,1610612761,TOR,Toronto,1627783,Pascal Siakam,Pascal,C,,34:04,9.0,20.0,0.45,1.0,3.0,0.333,4.0,8.0,0.5,3.0,8.0,11.0,1.0,3.0,0.0,4.0,6.0,23.0,-1.0
22200008,1610612761,TOR,Toronto,1629018,Gary Trent Jr.,Gary,G,,36:59,5.0,12.0,0.417,4.0,8.0,0.5,5.0,7.0,0.714,3.0,2.0,5.0,0.0,1.0,0.0,1.0,1.0,19.0,3.0
22200008,1610612761,TOR,Toronto,1627832,Fred VanVleet,Fred,G,,38:41,4.0,9.0,0.444,3.0,6.0,0.5,4.0,4.0,1.0,1.0,1.0,2.0,5.0,4.0,0.0,1.0,3.0,15.0,7.0
22200008,1610612761,TOR,Toronto,1630173,Precious Achiuwa,Precious,,,17:57,4.0,11.0,0.364,1.0,4.0,0.25,1.0,2.0,0.5,1.0,4.0,5.0,0.0,0.0,0.0,0.0,1.0,10.0,-4.0
22200008,1610612761,TOR,Toronto,1631132,Christian Koloko,Christian,,,15:22,1.0,4.0,0.25,0.0,0.0,0.0,1.0,2.0,0.5,2.0,4.0,6.0,0.0,0.0,1.0,1.0,2.0,3.0,3.0
22200008,1610612761,TOR,Toronto,1630625,Dalano Banton,Dalano,,,9:13,0.0,1.0,0.0,0.0,1.0,0.0,2.0,2.0,1.0,0.0,1.0,1.0,1.0,0.0,1.0,0.0,1.0,2.0,0.0
22200008,1610612761,TOR,Toronto,201152,Thaddeus Young,Thaddeus,,,10:47,1.0,3.0,0.333,1.0,2.0,0.5,0.0,0.0,0.0,0.0,0.0,0.0,0.0,1.0,0.0,0.0,0.0,3.0,-14.0
22200008,1610612761,TOR,Toronto,1627823,Juancho Hernangomez,Juancho,,,7:05,0.0,0.0,0.0,0.0,0.0,0.0,0.0,0.0,0.0,0.0,1.0,1.0,0.0,1.0,0.0,0.0,1.0,0.0,-8.0
22200008,1610612761,TOR,Toronto,1630551,Justin Champagnie,Justin,,DNP - Coach's Decision,,,,,,,,,,,,,,,,,,,,
22200008,1610612761,TOR,Toronto,1630288,Jeff Dowtin Jr.,Jeff,,DNP - Coach's Decision,,,,,,,,,,,,,,,,,,,,
22200008,1610612761,TOR,Toronto,1630201,Malachi Flynn,Malachi,,DNP - Coach's Decision,,,,,,,,,,,,,,,,,,,,
22200008,1610612761,TOR,Toronto,1631199,Ron Harper Jr.,Ron,,DNP - Coach's Decision,,,,,,,,,,,,,,,,,,,,
22200002,1610612747,LAL,Los Angeles,1629022,Lonnie Walker IV,Lonnie,F,,29:17,2.0,7.0,0.286,0.0,3.0,0.0,1.0,2.0,0.5,1.0,2.0,3.0,5.0,1.0,1.0,2.0,0.0,5.0,-13.0
22200002,1610612747,LAL,Los Angeles,2544,LeBron James,LeBron,F,,35:12,12.0,26.0,0.462,3.0,10.0,0.3,4.0,4.0,1.0,5.0,10.0,15.0,8.0,0.0,0.0,5.0,2.0,31.0,-10.0
22200002,1610612747,LAL,Los Angeles,203076,Anthony Davis,Anthony,C,,35:36,10.0,22.0,0.455,0.0,3.0,0.0,7.0,9.0,0.778,0.0,6.0,6.0,0.0,4.0,1.0,3.0,2.0,27.0,-21.0
22200002,1610612747,LAL,Los Angeles,201566,Russell Westbrook,Russell,G,,30:41,7.0,12.0,0.583,1.0,3.0,0.333,4.0,5.0,0.8,1.0,10.0,11.0,3.0,1.0,0.0,4.0,1.0,19.0,-6.0
22200002,1610612747,LAL,Los Angeles,201976,Patrick Beverley,Patrick,G,,24:40,1.0,5.0,0.2,1.0,5.0,0.2,0.0,0.0,0.0,1.0,1.0,2.0,2.0,4.0,2.0,1.0,5.0,3.0,-5.0
22200002,1610612747,LAL,Los Angeles,1630559,Austin Reaves,Austin,,,16:00,1.0,3.0,0.333,0.0,2.0,0.0,1.0,1.0,1.0,0.0,0.0,0.0,1.0,0.0,0.0,0.0,1.0,3.0,-6.0
22200002,1610612747,LAL,Los Angeles,1629134,Kendrick Nunn,Kendrick,,,23:03,5.0,9.0,0.556,3.0,6.0,0.5,0.0,0.0,0.0,0.0,3.0,3.0,2.0,1.0,0.0,3.0,2.0,13.0,-19.0
22200002,1610612747,LAL,Los Angeles,1629308,Juan Toscano-Anderson,Juan,,,14:18,0.0,3.0,0.0,0.0,3.0,0.0,0.0,0.0,0.0,0.0,4.0,4.0,0.0,0.0,0.0,2.0,1.0,0.0,0.0
22200002,1610612747,LAL,Los Angeles,1629117,Wenyen Gabriel,Wenyen,,,7:48,0.0,1.0,0.0,0.0,0.0,0.0,0.0,2.0,0.0,1.0,0.0,1.0,1.0,0.0,0.0,0.0,2.0,0.0,0.0
22200002,1610612747,LAL,Los Angeles,1630346,Matt Ryan,Matt,,,17:49,1.0,4.0,0.25,1.0,3.0,0.333,0.0,0.0,0.0,0.0,1.0,1.0,0.0,1.0,0.0,1.0,2.0,3.0,1.0
22200002,1610612747,LAL,Los Angeles,1631306,Cole Swider,Cole,,,1:52,0.0,1.0,0.0,0.0,1.0,0.0,0.0,0.0,0.0,0.0,1.0,1.0,1.0,0.0,0.0,0.0,0.0,0.0,3.0
22200002,1610612747,LAL,Los Angeles,1630590,Scotty Pippen Jr.,Scotty,,,1:52,0.0,0.0,0.0,0.0,0.0,0.0,2.0,2.0,1.0,0.0,0.0,0.0,0.0,0.0,0.0,0.0,0.0,2.0,3.0
22200002,1610612747,LAL,Los Angeles,1631108,Max Christie,Max,,,1:52,1.0,1.0,1.0,1.0,1.0,1.0,0.0,0.0,0.0,0.0,1.0,1.0,0.0,0.0,0.0,0.0,0.0,3.0,3.0
22200002,1610612747,LAL,Los Angeles,1627745,Damian Jones,Damian,,DNP - Coach's Decision,,,,,,,,,,,,,,,,,,,,
22200002,1610612744,GSW,Golden State,203952,Andrew Wiggins,Andrew,F,,29:28,8.0,14.0,0.571,4.0,7.0,0.571,0.0,0.0,0.0,1.0,5.0,6.0,4.0,1.0,1.0,1.0,5.0,20.0,25.0
22200002,1610612744,GSW,Golden State,203110,Draymond Green,Draymond,F,,24:41,2.0,5.0,0.4,0.0,0.0,0.0,0.0,0.0,0.0,0.0,5.0,5.0,5.0,0.0,0.0,1.0,1.0,4.0,12.0
22200002,1610612744,GSW,Golden State,1626172,Kevon Looney,Kevon,C,,21:08,3.0,4.0,0.75,0.0,0.0,0.0,1.0,1.0,1.0,2.0,4.0,6.0,2.0,1.0,0.0,0.0,2.0,7.0,30.0
22200002,1610612744,GSW,Golden State,202691,Klay Thompson,Klay,G,,19:39,6.0,13.0,0.462,2.0,6.0,0.333,4.0,5.0,0.8,0.0,2.0,2.0,3.0,1.0,0.0,2.0,3.0,18.0,11.0
22200002,1610612744,GSW,Golden State,201939,Stephen Curry,Stephen,G,,32:48,10.0,22.0,0.455,4.0,13.0,0.308,9.0,9.0,1.0,1.0,5.0,6.0,7.0,4.0,1.0,4.0,1.0,33.0,20.0
22200002,1610612744,GSW,Golden State,1629673,Jordan Poole,Jordan,,,28:11,4.0,15.0,0.267,2.0,9.0,0.222,2.0,2.0,1.0,0.0,2.0,2.0,7.0,2.0,0.0,4.0,2.0,12.0,1.0
22200002,1610612744,GSW,Golden State,1630164,James Wiseman,James,,,16:31,4.0,6.0,0.667,0.0,0.0,0.0,0.0,4.0,0.0,1.0,6.0,7.0,0.0,0.0,1.0,0.0,2.0,8.0,-11.0
22200002,1610612744,GSW,Golden State,203210,JaMychal Green,JaMychal,,,23:26,3.0,6.0,0.5,2.0,3.0,0.667,0.0,0.0,0.0,5.0,2.0,7.0,0.0,1.0,0.0,0.0,1.0,8.0,-3.0
22200002,1610612744,GSW,Golden State,1630228,Jonathan Kuminga,Jonathan,,,13:04,0.0,3.0,0.0,0.0,2.0,0.0,0.0,0.0,0.0,1.0,2.0,3.0,0.0,0.0,1.0,2.0,2.0,0.0,-8.0
22200002,1610612744,GSW,Golden State,1628978,Donte DiVincenzo,Donte,,,21:37,3.0,6.0,0.5,1.0,2.0,0.5,1.0,2.0,0.5,0.0,2.0,2.0,2.0,1.0,0.0,4.0,2.0,8.0,-5.0
22200002,1610612744,GSW,Golden State,1630541,Moses Moody,Moses,,,7:35,2.0,4.0,0.5,1.0,3.0,0.333,0.0,0.0,0.0,0.0,1.0,1.0,0.0,0.0,0.0,0.0,0.0,5.0,1.0
22200002,1610612744,GSW,Golden State,1631157,Ryan Rollins,Ryan,,,1:52,0.0,1.0,0.0,0.0,0.0,0.0,0.0,0.0,0.0,0.0,1.0,1.0,1.0,0.0,0.0,0.0,2.0,0.0,-3.0
22200002,1610612744,GSW,Golden State,1631116,Patrick Baldwin Jr.,Patrick,,DNP - Coach's Decision,,,,,,,,,,,,,,,,,,,,
