GAME_ID,TEAM_ID,TEAM_ABBREVIATION,TEAM_CITY,PLAYER_ID,PLAYER_NAME,NICKNAME,START_POSITION,COMMENT,MIN,FGM,FGA,FG_PCT,FG3M,FG3A,FG3_PCT,FTM,FTA,FT_PCT,OREB,DREB,REB,AST,STL,BLK,TO,PF,PTS,PLUS_MINUS
22201230,1610612744,GSW,Golden State,1628978,Donte DiVincenzo,Donte,F,,21:17,3.0,7.0,0.429,2.0,5.0,0.4,2.0,2.0,1.0,1.0,5.0,6.0,8.0,5.0,0.0,2.0,0.0,10.0,21.0
22201230,1610612744,GSW,Golden State,203110,Draymond Green,Draymond,F,,19:41,4.0,7.0,0.571,1.0,2.0,0.5,0.0,0.0,0.0,0.0,3.0,3.0,4.0,2.0,2.0,3.0,0.0,9.0,23.0
22201230,1610612744,GSW,Golden State,1626172,Kevon Looney,Kevon,C,,21:10,2.0,4.0,0.5,0.0,0.0,0.0,0.0,0.0,0.0,3.0,5.0,8.0,4.0,0.0,0.0,0.0,1.0,4.0,26.0
22201230,1610612744,GSW,Golden State,202691,Klay Thompson,Klay,G,,21:40,7.0,14.0,0.5,6.0,11.0,0.545,0.0,0.0,0.0,0.0,5.0,5.0,1.0,0.0,0.0,3.0,2.0,20.0,24.0
22201230,1610612744,GSW,Golden State,201939,Stephen Curry,Stephen,G,,22:27,9.0,15.0,0.6,5.0,10.0,0.5,3.0,3.0,1.0,0.0,5.0,5.0,7.0,0.0,0.0,1.0,0.0,26.0,26.0
22201230,1610612744,GSW,Golden State,1627780,Gary Payton II,Gary,,,20:20,2.0,4.0,0.5,0.0,0.0,0.0,0.0,0.0,0.0,2.0,6.0,8.0,4.0,4.0,0.0,0.0,3.0,4.0,17.0
22201230,1610612744,GSW,Golden State,1629673,Jordan Poole,Jordan,,,17:16,7.0,9.0,0.778,4.0,5.0,0.8,3.0,4.0,0.75,0.0,4.0,4.0,2.0,0.0,0.0,2.0,3.0,21.0,31.0
22201230,1610612744,GSW,Golden State,1630541,Moses Moody,Moses,,,29:07,10.0,14.0,0.714,4.0,7.0,0.571,1.0,1.0,1.0,0.0,4.0,4.0,4.0,0.0,0.0,0.0,4.0,25.0,39.0
22201230,1610612744,GSW,Golden State,1630228,Jonathan Kuminga,Jonathan,,,24:00,6.0,9.0,0.667,1.0,1.0,1.0,2.0,2.0,1.0,2.0,5.0,7.0,6.0,1.0,2.0,3.0,2.0,15.0,35.0
22201230,1610612744,GSW,Golden State,203210,JaMychal Green,JaMychal,,,11:58,1.0,2.0,0.5,0.0,1.0,0.0,0.0,0.0,0.0,0.0,1.0,1.0,1.0,0.0,1.0,0.0,1.0,2.0,10.0
22201230,1610612744,GSW,Golden State,1630237,Anthony Lamb,Anthony,,,10:41,2.0,2.0,1.0,0.0,0.0,0.0,0.0,0.0,0.0,0.0,3.0,3.0,3.0,0.0,1.0,0.0,2.0,4.0,11.0
22201230,1610612744,GSW,Golden State,1631311,Lester Quinones,Lester,,,10:41,2.0,2.0,1.0,2.0,2.0,1.0,3.0,4.0,0.75,1.0,0.0,1.0,1.0,1.0,0.0,1.0,0.0,9.0,11.0
22201230,1610612744,GSW,Golden State,1631116,Patrick Baldwin Jr.,Patrick,,,9:42,3.0,7.0,0.429,2.0,5.0,0.4,0.0,0.0,0.0,0.0,3.0,3.0,2.0,0.0,0.0,0.0,0.0,8.0,6.0
22201230,1610612757,POR,Portland,1631466,Nate Williams,Nate,F,,31:01,7.0,12.0,0.583,1.0,2.0,0.5,2.0,2.0,1.0,3.0,1.0,4.0,3.0,0.0,0.0,1.0,1.0,17.0,-25.0
22201230,1610612757,POR,Portland,1628995,Kevin Knox II,Kevin,F,,33:03,4.0,16.0,0.25,2.0,9.0,0.222,3.0,4.0,0.75,0.0,0.0,0.0,1.0,1.0,0.0,0.0,2.0,13.0,-34.0
22201230,1610612757,POR,Portland,1630570,Trendon Watford,Trendon,C,,19:38,4.0,8.0,0.5,1.0,1.0,1.0,2.0,4.0,0.5,0.0,4.0,4.0,4.0,0.0,1.0,3.0,1.0,11.0,-16.0
22201230,1610612757,POR,Portland,1631101,Shaedon Sharpe,Shaedon,G,,28:16,7.0,18.0,0.389,2.0,8.0,0.25,2.0,2.0,1.0,1.0,6.0,7.0,4.0,1.0,0.0,5.0,0.0,18.0,-35.0
22201230,1610612757,POR,Portland,1630219,Skylar Mays,Skylar,G,,40:43,7.0,17.0,0.412,2.0,7.0,0.286,5.0,5.0,1.0,0.0,4.0,4.0,12.0,3.0,0.0,2.0,2.0,21.0,-44.0
22201230,1610612757,POR,Portland,1631219,John Butler Jr.,John,,,22:01,1.0,5.0,0.2,1.0,3.0,0.333,0.0,0.0,0.0,0.0,1.0,1.0,0.0,0.0,0.0,0.0,2.0,3.0,-37.0
22201230,1610612757,POR,Portland,1631133,Jabari Walker,Jabari,,,20:44,4.0,6.0,0.667,0.0,2.0,0.0,1.0,2.0,0.5,0.0,3.0,3.0,0.0,0.0,0.0,2.0,0.0,9.0,-29.0
22201230,1610612757,POR,Portland,1628435,Chance Comanche,Chance,,,20:47,3.0,5.0,0.6,0.0,0.0,0.0,1.0,4.0,0.25,2.0,1.0,3.0,0.0,0.0,1.0,0.0,0.0,7.0,-29.0
22201230,1610612757,POR,Portland,1631303,Justin Minaya,Justin,,,23:47,1.0,8.0,0.125,0.0,3.0,0.0,0.0,1.0,0.0,0.0,4.0,4.0,1.0,0.0,1.0,1.0,1.0,2.0,-31.0
22201230,1610612757,POR,Portland,1629234,Drew Eubanks,Drew,,DND - Injury/Illness,,,,,,,,,,,,,,,,,,,,
22201230,1610612757,POR,Portland,1629629,Cam Reddish,Cam,,DND - Injury/Illness,,,,,,,,,,,,,,,,,,,,
22201222,1610612745,HOU,Houston,1630231,KJ Martin,KJ,F,,21:02,5.0,12.0,0.417,0.0,2.0,0.0,2.0,2.0,1.0,0.0,3.0,3.0,1.0,0.0,0.0,0.0,1.0,12.0,-4.0
22201222,1610612745,HOU,Houston,1631095,Jabari Smith Jr.,Jabari,F,,31:01,6.0,11.0,0.545,1.0,3.0,0.333,7.0,8.0,0.875,1.0,4.0,5.0,0.0,0.0,1.0,1.0,3.0,20.0,1.0
22201222,1610612745,HOU,Houston,1630578,Alperen Sengun,Alperen,C,,23:32,4.0,9.0,0.444,0.0,0.0,0.0,4.0,5.0,0.8,3.0,9.0,12.0,6.0,2.0,2.0,4.0,3.0,12.0,-4.0
22201222,1610612745,HOU,Houston,1630224,Jalen Green,Jalen,G,,27:09,5.0,11.0,0.455,1.0,3.0,0.333,3.0,4.0,0.75,0.0,2.0,2.0,4.0,1.0,0.0,0.0,0.0,14.0,3.0
22201222,1610612745,HOU,Houston,1630528,Josh Christopher,Josh,G,,30:15,6.0,10.0,0.6,0.0,1.0,0.0,1.0,2.0,0.5,1.0,1.0,2.0,4.0,0.0,0.0,4.0,1.0,13.0,6.0
22201222,1610612745,HOU,Houston,1631106,Tari Eason,Tari,,,26:58,6.0,11.0,0.545,1.0,3.0,0.333,3.0,4.0,0.75,2.0,6.0,8.0,4.0,0.0,1.0,2.0,2.0,16.0,9.0
22201222,1610612745,HOU,Houston,1630227,Daishen Nix,Daishen,,,17:45,1.0,4.0,0.25,0.0,2.0,0.0,0.0,0.0,0.0,0.0,1.0,1.0,1.0,1.0,0.0,1.0,1.0,2.0,-1.0
22201222,1610612745,HOU,Houston,1626163,Frank Kaminsky,Frank,,,16:59,3.0,7.0,0.429,1.0,3.0,0.333,0.0,0.0,0.0,2.0,4.0,6.0,3.0,0.0,1.0,0.0,0.0,7.0,4.0
22201222,1610612745,HOU,Houston,1630586,Usman Garuba,Usman,,,11:50,0.0,3.0,0.0,0.0,2.0,0.0,0.0,0.0,0.0,1.0,2.0,3.0,0.0,1.0,0.0,2.0,2.0,0.0,-1.0
22201222,1610612745,HOU,Houston,1631102,TyTy Washington Jr.,TyTy,,,20:51,3.0,5.0,0.6,2.0,2.0,1.0,0.0,2.0,0.0,0.0,3.0,3.0,0.0,2.0,0.0,0.0,2.0,8.0,2.0
22201222,1610612745,HOU,Houston,1626246,Boban Marjanović,Boban,,,12:38,5.0,7.0,0.714,0.0,0.0,0.0,0.0,1.0,0.0,3.0,3.0,6.0,1.0,1.0,1.0,1.0,0.0,10.0,10.0
22201222,1610612745,HOU,Houston,201571,D.J. Augustin,D.J.,,DNP - Coach's Decision,,,,,,,,,,,,,,,,,,,,
22201222,1610612745,HOU,Houston,1626161,Willie Cauley-Stein,Willie,,DNP - Coach's Decision,,,,,,,,,,,,,,,,,,,,
22201222,1610612745,HOU,Houston,1630620,Darius Days,Darius,,DNP - Coach's Decision,,,,,,,,,,,,,,,,,,,,
22201222,1610612745,HOU,Houston,1631309,Trevor Hudgins,Trevor,,DNP - Coach's Decision,,,,,,,,,,,,,,,,,,,,
22201222,1610612764,WAS,Washington,1630557,Corey Kispert,Corey,F,,12:18,6.0,8.0,0.75,5.0,7.0,0.714,1.0,1.0,1.0,1.0,2.0,3.0,1.0,0.0,0.0,0.0,0.0,18.0,4.0
22201222,1610612764,WAS,Washington,1630225,Isaiah Todd,Isaiah,F,,45:26,2.0,14.0,0.143,1.0,7.0,0.143,2.0,2.0,1.0,2.0,10.0,12.0,4.0,1.0,0.0,1.0,4.0,7.0,-6.0
22201222,1610612764,WAS,Washington,1641645,Xavier Cooks,Xavier,C,,38:08,5.0,11.0,0.455,0.0,0.0,0.0,0.0,2.0,0.0,7.0,7.0,14.0,0.0,2.0,2.0,1.0,2.0,10.0,3.0
22201222,1610612764,WAS,Washington,1630692,Jordan Goodwin,Jordan,G,,29:33,8.0,14.0,0.571,3.0,8.0,0.375,3.0,4.0,0.75,0.0,5.0,5.0,5.0,2.0,1.0,4.0,3.0,22.0,2.0
22201222,1610612764,WAS,Washington,1631098,Johnny Davis,Johnny,G,,39:47,4.0,20.0,0.2,3.0,15.0,0.2,2.0,4.0,0.5,3.0,5.0,8.0,8.0,2.0,0.0,2.0,4.0,13.0,-13.0
22201222,1610612764,WAS,Washington,1630264,Anthony Gill,Anthony,,,20:41,3.0,8.0,0.375,0.0,2.0,0.0,2.0,4.0,0.5,0.0,2.0,2.0,2.0,1.0,0.0,0.0,3.0,8.0,-1.0
22201222,1610612764,WAS,Washington,1631245,Quenton Jackson,Quenton,,,32:19,9.0,13.0,0.692,0.0,2.0,0.0,1.0,2.0,0.5,0.0,2.0,2.0,5.0,2.0,0.0,0.0,3.0,19.0,-6.0
22201222,1610612764,WAS,Washington,1629134,Kendrick Nunn,Kendrick,,,21:48,4.0,9.0,0.444,2.0,4.0,0.5,2.0,2.0,1.0,1.0,4.0,5.0,3.0,1.0,2.0,4.0,2.0,12.0,-8.0
22201222,1610612764,WAS,Washington,1629655,Daniel Gafford,Daniel,,DNP - Coach's Decision,,,,,,,,,,,,,,,,,,,,
22201222,1610612764,WAS,Washington,201959,Taj Gibson,Taj,,DNP - Coach's Decision,,,,,,,,,,,,,,,,,,,,
22201222,1610612764,WAS,Washington,1626153,Delon Wright,Delon,,DNP - Coach's Decision,,,,,,,,,,,,,,,,,,,,
22201227,1610612758,SAC,Sacramento,203084,Harrison Barnes,Harrison,F,,17:34,5.0,7.0,0.714,5.0,7.0,0.714,2.0,2.0,1.0,0.0,0.0,0.0,0.0,0.0,0.0,1.0,1.0,17.0,17.0
22201227,1610612758,SAC,Sacramento,1631099,Keegan Murray,Keegan,F,,25:48,6.0,12.0,0.5,2.0,8.0,0.25,0.0,0.0,0.0,0.0,5.0,5.0,2.0,1.0,0.0,0.0,2.0,14.0,-2.0
22201227,1610612758,SAC,Sacramento,1627734,Domantas Sabonis,Domantas,C,,18:41,6.0,9.0,0.667,0.0,0.0,0.0,2.0,3.0,0.667,5.0,4.0,9.0,5.0,0.0,2.0,2.0,2.0,14.0,6.0
22201227,1610612758,SAC,Sacramento,1628989,Kevin Huerter,Kevin,G,,21:17,5.0,9.0,0.556,2.0,4.0,0.5,0.0,0.0,0.0,0.0,1.0,1.0,3.0,1.0,1.0,2.0,4.0,12.0,5.0
22201227,1610612758,SAC,Sacramento,1628368,De'Aaron Fox,De'Aaron,G,,17:34,6.0,10.0,0.6,1.0,3.0,0.333,0.0,0.0,0.0,1.0,1.0,2.0,3.0,0.0,0.0,1.0,0.0,13.0,17.0
22201227,1610612758,SAC,Sacramento,1628408,PJ Dozier,PJ,,,24:21,2.0,8.0,0.25,0.0,3.0,0.0,0.0,0.0,0.0,1.0,3.0,4.0,6.0,3.0,0.0,2.0,2.0,4.0,-25.0
22201227,1610612758,SAC,Sacramento,1630556,Kessler Edwards,Kessler,,,9:46,0.0,2.0,0.0,0.0,1.0,0.0,0.0,0.0,0.0,1.0,0.0,1.0,0.0,0.0,0.0,0.0,4.0,0.0,-8.0
22201227,1610612758,SAC,Sacramento,1628370,Malik Monk,Malik,,,17:42,2.0,5.0,0.4,0.0,2.0,0.0,0.0,0.0,0.0,0.0,0.0,0.0,3.0,0.0,0.0,5.0,0.0,4.0,-15.0
22201227,1610612758,SAC,Sacramento,1626168,Trey Lyles,Trey,,,19:41,1.0,4.0,0.25,0.0,3.0,0.0,0.0,0.0,0.0,0.0,2.0,2.0,0.0,0.0,0.0,2.0,1.0,2.0,-21.0
22201227,1610612758,SAC,Sacramento,203458,Alex Len,Alex,,,12:17,0.0,0.0,0.0,0.0,0.0,0.0,0.0,0.0,0.0,1.0,4.0,5.0,1.0,1.0,2.0,0.0,1.0,0.0,-5.0
22201227,1610612758,SAC,Sacramento,1629056,Terence Davis,Terence,,,18:05,2.0,9.0,0.222,1.0,8.0,0.125,0.0,2.0,0.0,0.0,1.0,1.0,0.0,0.0,0.0,0.0,1.0,5.0,-18.0
22201227,1610612758,SAC,Sacramento,1631165,Keon Ellis,Keon,,,13:23,0.0,3.0,0.0,0.0,2.0,0.0,1.0,2.0,0.5,0.0,0.0,0.0,1.0,0.0,0.0,0.0,0.0,1.0,-6.0
22201227,1610612758,SAC,Sacramento,1629002,Chimezie Metu,Chimezie,,,11:51,2.0,4.0,0.5,0.0,1.0,0.0,5.0,6.0,0.833,0.0,0.0,0.0,0.0,1.0,0.0,0.0,0.0,9.0,-3.0
22201227,1610612758,SAC,Sacramento,1626158,Richaun Holmes,Richaun,,,7:49,0.0,2.0,0.0,0.0,1.0,0.0,0.0,0.0,0.0,0.0,2.0,2.0,0.0,0.0,0.0,0.0,0.0,0.0,-13.0
22201227,1610612758,SAC,Sacramento,1629674,Neemias Queta,Neemias,,,4:11,0.0,1.0,0.0,0.0,0.0,0.0,0.0,0.0,0.0,1.0,1.0,2.0,0.0,0.0,1.0,0.0,0.0,0.0,1.0
22201227,1610612743,DEN,Denver,1631212,Peyton Watson,Peyton,F,,26:19,4.0,10.0,0.4,0.0,2.0,0.0,5.0,7.0,0.714,2.0,2.0,4.0,0.0,1.0,1.0,2.0,1.0,13.0,-9.0
22201227,1610612743,DEN,Denver,1628427,Vlatko Čančar,Vlatko,F,,21:33,2.0,4.0,0.5,1.0,1.0,1.0,6.0,7.0,0.857,1.0,2.0,3.0,2.0,2.0,0.0,1.0,1.0,11.0,-2.0
22201227,1610612743,DEN,Denver,201599,DeAndre Jordan,DeAndre,C,,26:47,2.0,3.0,0.667,0.0,0.0,0.0,2.0,2.0,1.0,3.0,5.0,8.0,2.0,1.0,0.0,3.0,3.0,6.0,2.0
22201227,1610612743,DEN,Denver,1631128,Christian Braun,Christian,G,,22:49,4.0,9.0,0.444,0.0,2.0,0.0,2.0,2.0,1.0,2.0,0.0,2.0,0.0,0.0,0.0,2.0,1.0,10.0,-7.0
22201227,1610612743,DEN,Denver,1628971,Bruce Brown,Bruce,G,,31:45,9.0,17.0,0.529,0.0,1.0,0.0,3.0,5.0,0.6,0.0,6.0,6.0,6.0,3.0,0.0,0.0,2.0,21.0,10.0
22201227,1610612743,DEN,Denver,202704,Reggie Jackson,Reggie,,,25:11,7.0,11.0,0.636,2.0,6.0,0.333,0.0,0.0,0.0,0.0,3.0,3.0,4.0,1.0,0.0,1.0,1.0,16.0,21.0
22201227,1610612743,DEN,Denver,1628418,Thomas Bryant,Thomas,,,21:13,5.0,8.0,0.625,2.0,3.0,0.667,0.0,0.0,0.0,1.0,7.0,8.0,0.0,0.0,1.0,0.0,1.0,12.0,12.0
22201227,1610612743,DEN,Denver,1630192,Zeke Nnaji,Zeke,,,25:54,8.0,16.0,0.5,2.0,9.0,0.222,0.0,2.0,0.0,3.0,4.0,7.0,1.0,1.0,0.0,4.0,3.0,18.0,19.0
22201227,1610612743,DEN,Denver,202397,Ish Smith,Ish,,,23:29,0.0,3.0,0.0,0.0,3.0,0.0,0.0,0.0,0.0,0.0,2.0,2.0,9.0,1.0,0.0,2.0,1.0,0.0,11.0
22201227,1610612743,DEN,Denver,1631298,Jack White,Jack,,,15:00,1.0,3.0,0.333,0.0,1.0,0.0,0.0,0.0,0.0,3.0,5.0,8.0,1.0,1.0,0.0,1.0,1.0,2.0,13.0
22201227,1610612743,DEN,Denver,1629008,Michael Porter Jr.,Michael,,DND - Injury/Illness,,,,,,,,,,,,,,,,,,,,
22201228,1610612762,UTA,Utah,1629677,Luka Samanic,Luka,F,,29:44,4.0,14.0,0.286,0.0,8.0,0.0,1.0,1.0,1.0,0.0,2.0,2.0,3.0,1.0,0.0,2.0,2.0,9.0,-21.0
22201228,1610612762,UTA,Utah,203482,Kelly Olynyk,Kelly,F,,29:16,9.0,13.0,0.692,3.0,4.0,0.75,2.0,2.0,1.0,0.0,5.0,5.0,4.0,0.0,2.0,4.0,1.0,23.0,-11.0
22201228,1610612762,UTA,Utah,1628962,Udoka Azubuike,Udoka,C,,26:32,6.0,6.0,1.0,0.0,0.0,0.0,0.0,1.0,0.0,2.0,4.0,6.0,1.0,0.0,1.0,0.0,2.0,12.0,-20.0
22201228,1610612762,UTA,Utah,1630534,Ochai Agbaji,Ochai,G,,26:41,4.0,13.0,0.308,0.0,3.0,0.0,0.0,0.0,0.0,0.0,1.0,1.0,8.0,1.0,0.0,2.0,2.0,8.0,-7.0
22201228,1610612762,UTA,Utah,1627739,Kris Dunn,Kris,G,,40:16,11.0,18.0,0.611,2.0,3.0,0.667,2.0,2.0,1.0,0.0,10.0,10.0,8.0,1.0,0.0,3.0,2.0,26.0,-12.0
22201228,1610612762,UTA,Utah,1631323,Simone Fontecchio,Simone,,,31:15,8.0,18.0,0.444,4.0,11.0,0.364,0.0,0.0,0.0,2.0,7.0,9.0,2.0,0.0,0.0,0.0,2.0,20.0,-2.0
22201228,1610612762,UTA,Utah,1627745,Damian Jones,Damian,,,21:28,4.0,5.0,0.8,0.0,1.0,0.0,0.0,0.0,0.0,1.0,4.0,5.0,1.0,0.0,0.0,0.0,4.0,8.0,9.0
22201228,1610612762,UTA,Utah,1630548,Johnny Juzang,Johnny,,,16:04,4.0,9.0,0.444,0.0,2.0,0.0,0.0,0.0,0.0,2.0,2.0,4.0,0.0,0.0,0.0,0.0,0.0,8.0,9.0
22201228,1610612762,UTA,Utah,1629308,Juan Toscano-Anderson,Juan,,,18:44,1.0,5.0,0.2,1.0,3.0,0.333,0.0,0.0,0.0,0.0,3.0,3.0,4.0,1.0,1.0,0.0,1.0,3.0,0.0
22201228,1610612762,UTA,Utah,1630695,Micah Potter,Micah,,DNP - Coach's Decision,,,,,,,,,,,,,,,,,,,,
22201228,1610612762,UTA,Utah,1629012,Collin Sexton,Collin,,DND - Injury/Illness,,,,,,,,,,,,,,,,,,,,
22201228,1610612747,LAL,Los Angeles,1629020,Jarred Vanderbilt,Jarred,F,,19:16,5.0,7.0,0.714,0.0,1.0,0.0,2.0,2.0,1.0,2.0,2.0,4.0,1.0,0.0,0.0,1.0,2.0,12.0,6.0
22201228,1610612747,LAL,Los Angeles,2544,LeBron James,LeBron,F,,33:13,13.0,25.0,0.52,8.0,14.0,0.571,2.0,2.0,1.0,1.0,5.0,6.0,6.0,1.0,1.0,2.0,0.0,36.0,20.0
22201228,1610612747,LAL,Los Angeles,203076,Anthony Davis,Anthony,C,,33:57,7.0,15.0,0.467,0.0,0.0,0.0,2.0,2.0,1.0,3.0,10.0,13.0,3.0,3.0,4.0,4.0,2.0,16.0,10.0
22201228,1610612747,LAL,Los Angeles,1630559,Austin Reaves,Austin,G,,33:59,3.0,5.0,0.6,3.0,4.0,0.75,3.0,3.0,1.0,0.0,4.0,4.0,6.0,0.0,0.0,0.0,2.0,12.0,20.0
22201228,1610612747,LAL,Los Angeles,1626156,D'Angelo Russell,D'Angelo,G,,33:25,6.0,13.0,0.462,3.0,8.0,0.375,2.0,3.0,0.667,0.0,2.0,2.0,5.0,0.0,1.0,2.0,1.0,17.0,10.0
22201228,1610612747,LAL,Los Angeles,1627736,Malik Beasley,Malik,,,26:57,4.0,10.0,0.4,3.0,9.0,0.333,2.0,4.0,0.5,2.0,4.0,6.0,3.0,0.0,0.0,0.0,1.0,13.0,-6.0
22201228,1610612747,LAL,Los Angeles,1628972,Troy Brown Jr.,Troy,,,17:36,2.0,5.0,0.4,1.0,3.0,0.333,1.0,2.0,0.5,0.0,4.0,4.0,1.0,0.0,0.0,0.0,0.0,6.0,-5.0
22201228,1610612747,LAL,Los Angeles,1629060,Rui Hachimura,Rui,,,23:22,5.0,14.0,0.357,0.0,6.0,0.0,2.0,3.0,0.667,2.0,3.0,5.0,2.0,0.0,1.0,0.0,0.0,12.0,-4.0
22201228,1610612747,LAL,Los Angeles,1629117,Wenyen Gabriel,Wenyen,,,16:15,2.0,3.0,0.667,0.0,0.0,0.0,0.0,0.0,0.0,0.0,4.0,4.0,1.0,0.0,0.0,1.0,1.0,4.0,4.0
22201228,1610612747,LAL,Los Angeles,1631306,Cole Swider,Cole,,,0:40,0.0,0.0,0.0,0.0,0.0,0.0,0.0,0.0,0.0,0.0,0.0,0.0,0.0,0.0,0.0,0.0,0.0,0.0,0.0
22201228,1610612747,LAL,Los Angeles,1631108,Max Christie,Max,,,0:40,0.0,0.0,0.0,0.0,0.0,0.0,0.0,0.0,0.0,0.0,0.0,0.0,0.0,0.0,0.0,0.0,0.0,0.0,0.0
22201228,1610612747,LAL,Los Angeles,1628964,Mo Bamba,Mo,,,0:40,0.0,0.0,0.0,0.0,0.0,0.0,0.0,0.0,0.0,0.0,1.0,1.0,0.0,0.0,0.0,0.0,0.0,0.0,0.0
22201228,1610612747,LAL,Los Angeles,203471,Dennis Schröder,Dennis,,DND - Injury/Illness,,,,,,,,,,,,,,,,,,,,
22201228,1610612747,LAL,Los Angeles,1629022,Lonnie Walker IV,Lonnie,,DNP - Coach's Decision,,,,,,,,,,,,,,,,,,,,
22201223,1610612765,DET,Detroit,1630181,R.J. Hampton,R.J.,F,,3:20,0.0,0.0,0.0,0.0,0.0,0.0,0.0,0.0,0.0,0.0,0.0,0.0,0.0,0.0,0.0,0.0,0.0,0.0,-9.0
22201223,1610612765,DET,Detroit,1630164,James Wiseman,James,F,,24:50,4.0,9.0,0.444,0.0,0.0,0.0,3.0,4.0,0.75,6.0,6.0,12.0,0.0,0.0,1.0,4.0,2.0,11.0,-31.0
22201223,1610612765,DET,Detroit,1631105,Jalen Duren,Jalen,C,,34:40,2.0,5.0,0.4,0.0,0.0,0.0,0.0,0.0,0.0,3.0,15.0,18.0,0.0,0.0,1.0,6.0,2.0,4.0,3.0
22201223,1610612765,DET,Detroit,1631093,Jaden Ivey,Jaden,G,,36:31,7.0,20.0,0.35,2.0,7.0,0.286,0.0,0.0,0.0,1.0,2.0,3.0,3.0,0.0,0.0,5.0,6.0,16.0,-30.0
22201223,1610612765,DET,Detroit,1630165,Killian Hayes,Killian,G,,39:16,8.0,18.0,0.444,3.0,8.0,0.375,7.0,8.0,0.875,2.0,6.0,8.0,7.0,0.0,1.0,5.0,0.0,26.0,-4.0
22201223,1610612765,DET,Detroit,202709,Cory Joseph,Cory,,,37:07,2.0,10.0,0.2,1.0,7.0,0.143,0.0,1.0,0.0,2.0,2.0,4.0,9.0,0.0,0.0,2.0,1.0,5.0,-14.0
22201223,1610612765,DET,Detroit,1628963,Marvin Bagley III,Marvin,,,19:01,5.0,12.0,0.417,2.0,4.0,0.5,0.0,0.0,0.0,0.0,7.0,7.0,0.0,1.0,0.0,2.0,2.0,12.0,-4.0
22201223,1610612765,DET,Detroit,1631197,Jared Rhoden,Jared,,,35:04,3.0,8.0,0.375,1.0,4.0,0.25,0.0,0.0,0.0,1.0,5.0,6.0,0.0,0.0,0.0,0.0,3.0,7.0,-7.0
22201223,1610612765,DET,Detroit,1631205,Buddy Boeheim,Buddy,,,10:11,0.0,3.0,0.0,0.0,3.0,0.0,0.0,0.0,0.0,0.0,1.0,1.0,1.0,0.0,0.0,0.0,0.0,0.0,-14.0
22201223,1610612765,DET,Detroit,1630587,Isaiah Livers,Isaiah,,DND - Injury/Illness,,,,,,,,,,,,,,,,,,,,
22201223,1610612765,DET,Detroit,203585,Rodney McGruder,Rodney,,DND - Injury/Illness,,,,,,,,,,,,,,,,,,,,
22201223,1610612765,DET,Detroit,1630647,Eugene Omoruyi,Eugene,,DND - Injury/Illness,,,,,,,,,,,,,,,,,,,,
22201223,1610612741,CHI,Chicago,201942,DeMar DeRozan,DeMar,F,,23:45,7.0,15.0,0.467,1.0,4.0,0.25,1.0,1.0,1.0,0.0,2.0,2.0,5.0,1.0,0.0,0.0,1.0,16.0,-4.0
22201223,1610612741,CHI,Chicago,1627936,Alex Caruso,Alex,F,,15:12,1.0,3.0,0.333,0.0,2.0,0.0,0.0,0.0,0.0,0.0,1.0,1.0,2.0,0.0,2.0,0.0,1.0,2.0,10.0
22201223,1610612741,CHI,Chicago,202696,Nikola Vučević,Nikola,C,,17:27,4.0,9.0,0.444,0.0,0.0,0.0,0.0,0.0,0.0,0.0,7.0,7.0,0.0,3.0,0.0,0.0,1.0,8.0,9.0
22201223,1610612741,CHI,Chicago,203897,Zach LaVine,Zach,G,,26:24,6.0,15.0,0.4,1.0,5.0,0.2,4.0,4.0,1.0,0.0,3.0,3.0,2.0,0.0,0.0,1.0,1.0,17.0,8.0
22201223,1610612741,CHI,Chicago,201976,Patrick Beverley,Patrick,G,,23:55,1.0,3.0,0.333,0.0,2.0,0.0,0.0,0.0,0.0,0.0,2.0,2.0,4.0,3.0,1.0,0.0,4.0,2.0,2.0
22201223,1610612741,CHI,Chicago,1629632,Coby White,Coby,,,14:41,2.0,4.0,0.5,1.0,2.0,0.5,0.0,0.0,0.0,0.0,3.0,3.0,1.0,0.0,0.0,1.0,0.0,5.0,-4.0
22201223,1610612741,CHI,Chicago,1630172,Patrick Williams,Patrick,,,21:52,1.0,5.0,0.2,0.0,1.0,0.0,0.0,0.0,0.0,1.0,1.0,2.0,1.0,1.0,1.0,0.0,1.0,2.0,-3.0
22201223,1610612741,CHI,Chicago,1630245,Ayo Dosunmu,Ayo,,,24:05,4.0,10.0,0.4,1.0,4.0,0.25,0.0,1.0,0.0,0.0,2.0,2.0,2.0,1.0,0.0,0.0,0.0,9.0,20.0
22201223,1610612741,CHI,Chicago,203083,Andre Drummond,Andre,,,12:40,3.0,7.0,0.429,0.0,0.0,0.0,2.0,4.0,0.5,5.0,5.0,10.0,0.0,1.0,0.0,1.0,1.0,8.0,-9.0
22201223,1610612741,CHI,Chicago,1627884,Derrick Jones Jr.,Derrick,,,9:39,2.0,6.0,0.333,0.0,3.0,0.0,0.0,0.0,0.0,3.0,4.0,7.0,0.0,1.0,1.0,0.0,0.0,4.0,7.0
22201223,1610612741,CHI,Chicago,1630678,Terry Taylor,Terry,,,15:03,2.0,3.0,0.667,0.0,0.0,0.0,1.0,2.0,0.5,2.0,2.0,4.0,0.0,0.0,1.0,0.0,1.0,5.0,20.0
22201223,1610612741,CHI,Chicago,1631207,Dalen Terry,Dalen,,,15:03,3.0,6.0,0.5,0.0,2.0,0.0,4.0,4.0,1.0,0.0,3.0,3.0,1.0,3.0,1.0,0.0,2.0,10.0,20.0
22201223,1610612741,CHI,Chicago,1630637,Carlik Jones,Carlik,,,12:00,3.0,6.0,0.5,1.0,3.0,0.333,4.0,4.0,1.0,0.0,1.0,1.0,3.0,1.0,0.0,0.0,0.0,11.0,19.0
22201223,1610612741,CHI,Chicago,1630250,Marko Simonovic,Marko,,,8:14,1.0,3.0,0.333,1.0,2.0,0.5,1.0,2.0,0.5,0.0,1.0,1.0,0.0,0.0,0.0,0.0,3.0,4.0,15.0
22201223,1610612741,CHI,Chicago,1629750,Javonte Green,Javonte,,DNP - Coach's Decision,,,,,,,,,,,,,,,,,,,,
22201221,1610612749,MIL,Milwaukee,203109,Jae Crowder,Jae,F,,24:44,5.0,12.0,0.417,3.0,6.0,0.5,0.0,0.0,0.0,0.0,4.0,4.0,6.0,2.0,0.0,0.0,1.0,13.0,-8.0
22201221,1610612749,MIL,Milwaukee,1626171,Bobby Portis,Bobby,F,,17:57,7.0,14.0,0.5,2.0,4.0,0.5,0.0,0.0,0.0,0.0,4.0,4.0,0.0,1.0,0.0,2.0,1.0,16.0,-14.0
22201221,1610612749,MIL,Milwaukee,203086,Meyers Leonard,Meyers,C,,30:35,3.0,4.0,0.75,1.0,2.0,0.5,3.0,3.0,1.0,5.0,7.0,12.0,1.0,1.0,0.0,1.0,3.0,10.0,-10.0
22201221,1610612749,MIL,Milwaukee,1630699,MarJon Beauchamp,MarJon,G,,30:14,4.0,10.0,0.4,2.0,5.0,0.4,0.0,0.0,0.0,0.0,6.0,6.0,4.0,0.0,0.0,2.0,2.0,10.0,6.0
22201221,1610612749,MIL,Milwaukee,1628975,Jevon Carter,Jevon,G,,19:50,2.0,6.0,0.333,2.0,4.0,0.5,0.0,0.0,0.0,0.0,1.0,1.0,5.0,1.0,1.0,2.0,2.0,6.0,-8.0
22201221,1610612749,MIL,Milwaukee,204060,Joe Ingles,Joe,,,18:23,1.0,3.0,0.333,0.0,2.0,0.0,0.0,0.0,0.0,0.0,1.0,1.0,6.0,0.0,0.0,1.0,0.0,2.0,-21.0
22201221,1610612749,MIL,Milwaukee,202083,Wesley Matthews,Wesley,,,22:25,0.0,5.0,0.0,0.0,4.0,0.0,3.0,4.0,0.75,0.0,1.0,1.0,1.0,0.0,0.0,0.0,0.0,3.0,-11.0
22201221,1610612749,MIL,Milwaukee,203648,Thanasis Antetokounmpo,Thanasis,,,27:43,4.0,8.0,0.5,0.0,1.0,0.0,6.0,8.0,0.75,2.0,3.0,5.0,3.0,0.0,0.0,0.0,2.0,14.0,-2.0
22201221,1610612749,MIL,Milwaukee,201609,Goran Dragic,Goran,,,20:47,7.0,12.0,0.583,0.0,2.0,0.0,0.0,0.0,0.0,0.0,3.0,3.0,1.0,0.0,0.0,1.0,0.0,14.0,-2.0
22201221,1610612749,MIL,Milwaukee,1629623,Lindell Wigginton,Lindell,,,27:22,5.0,8.0,0.625,2.0,4.0,0.5,5.0,6.0,0.833,0.0,1.0,1.0,1.0,0.0,1.0,5.0,2.0,17.0,-10.0
22201221,1610612749,MIL,Milwaukee,1626192,Pat Connaughton,Pat,,NWT - Not With Team,,,,,,,,,,,,,,,,,,,,
22201221,1610612761,TOR,Toronto,1630567,Scottie Barnes,Scottie,F,,21:43,4.0,9.0,0.444,0.0,2.0,0.0,0.0,0.0,0.0,0.0,2.0,2.0,5.0,0.0,0.0,1.0,0.0,8.0,8.0
22201221,1610612761,TOR,Toronto,1630173,Precious Achiuwa,Precious,F,,28:25,6.0,11.0,0.545,2.0,5.0,0.4,0.0,0.0,0.0,1.0,12.0,13.0,1.0,2.0,0.0,2.0,2.0,14.0,9.0
22201221,1610612761,TOR,Toronto,1627751,Jakob Poeltl,Jakob,C,,11:15,3.0,6.0,0.5,0.0,0.0,0.0,0.0,0.0,0.0,1.0,3.0,4.0,1.0,0.0,0.0,0.0,1.0,6.0,4.0
22201221,1610612761,TOR,Toronto,1629018,Gary Trent Jr.,Gary,G,,27:04,7.0,13.0,0.538,4.0,7.0,0.571,5.0,5.0,1.0,0.0,1.0,1.0,3.0,0.0,0.0,0.0,0.0,23.0,14.0
22201221,1610612761,TOR,Toronto,1630201,Malachi Flynn,Malachi,G,,36:00,7.0,14.0,0.5,2.0,4.0,0.5,4.0,4.0,1.0,0.0,4.0,4.0,4.0,1.0,0.0,2.0,4.0,20.0,11.0
22201221,1610612761,TOR,Toronto,1631132,Christian Koloko,Christian,,,24:42,3.0,4.0,0.75,0.0,1.0,0.0,1.0,2.0,0.5,0.0,4.0,4.0,3.0,2.0,0.0,0.0,2.0,7.0,10.0
22201221,1610612761,TOR,Toronto,1628449,Chris Boucher,Chris,,,19:38,4.0,5.0,0.8,0.0,0.0,0.0,2.0,2.0,1.0,1.0,4.0,5.0,1.0,2.0,1.0,2.0,3.0,10.0,9.0
22201221,1610612761,TOR,Toronto,203115,Will Barton,Will,,,14:05,5.0,9.0,0.556,2.0,3.0,0.667,0.0,0.0,0.0,1.0,1.0,2.0,1.0,1.0,0.0,0.0,1.0,12.0,3.0
22201221,1610612761,TOR,Toronto,1631199,Ron Harper Jr.,Ron,,,22:23,4.0,6.0,0.667,1.0,3.0,0.333,1.0,1.0,1.0,1.0,3.0,4.0,1.0,0.0,0.0,0.0,2.0,10.0,6.0
22201221,1610612761,TOR,Toronto,1630625,Dalano Banton,Dalano,,,19:24,5.0,12.0,0.417,0.0,3.0,0.0,1.0,2.0,0.5,2.0,3.0,5.0,7.0,0.0,1.0,2.0,3.0,11.0,7.0
22201221,1610612761,TOR,Toronto,1630580,Joe Wieskamp,Joe,,,15:21,0.0,6.0,0.0,0.0,5.0,0.0,0.0,0.0,0.0,0.0,1.0,1.0,2.0,0.0,0.0,0.0,1.0,0.0,-1.0
22201221,1610612761,TOR,Toronto,201152,Thaddeus Young,Thaddeus,,DNP - Coach's Decision,,,,,,,,,,,,,,,,,,,,
22201226,1610612763,MEM,Memphis,1631223,David Roddy,David,F,,42:34,6.0,19.0,0.316,2.0,8.0,0.25,0.0,0.0,0.0,0.0,4.0,4.0,5.0,0.0,0.0,2.0,1.0,14.0,-8.0
22201226,1610612763,MEM,Memphis,1631246,Vince Williams Jr.,Vince,F,,48:00,6.0,21.0,0.286,1.0,14.0,0.071,2.0,2.0,1.0,2.0,6.0,8.0,1.0,2.0,1.0,4.0,5.0,15.0,-15.0
22201226,1610612763,MEM,Memphis,1631254,Kenneth Lofton Jr.,Kenneth,C,,40:21,17.0,25.0,0.68,0.0,2.0,0.0,8.0,12.0,0.667,6.0,8.0,14.0,0.0,1.0,0.0,2.0,3.0,42.0,-17.0
22201226,1610612763,MEM,Memphis,1630533,Ziaire Williams,Ziaire,G,,32:39,9.0,19.0,0.474,3.0,8.0,0.375,3.0,4.0,0.75,1.0,3.0,4.0,9.0,0.0,1.0,1.0,1.0,24.0,-7.0
22201226,1610612763,MEM,Memphis,1629723,John Konchar,John,G,,35:39,1.0,5.0,0.2,0.0,2.0,0.0,0.0,0.0,0.0,2.0,7.0,9.0,3.0,2.0,2.0,1.0,3.0,2.0,-15.0
22201226,1610612763,MEM,Memphis,1631367,Jacob Gilyard,Jacob,,,40:47,1.0,3.0,0.333,1.0,3.0,0.333,0.0,0.0,0.0,0.0,4.0,4.0,7.0,3.0,0.0,2.0,3.0,3.0,-13.0
22201226,1610612763,MEM,Memphis,1630217,Desmond Bane,Desmond,,DNP - Injury/Illness,,,,,,,,,,,,,,,,,,,,
22201226,1610612763,MEM,Memphis,1626145,Tyus Jones,Tyus,,DNP - Injury/Illness,,,,,,,,,,,,,,,,,,,,
22201226,1610612763,MEM,Memphis,1628379,Luke Kennard,Luke,,DNP - Coach's Decision,,,,,,,,,,,,,,,,,,,,
22201226,1610612763,MEM,Memphis,1631222,Jake LaRavia,Jake,,DNP - Injury/Illness,,,,,,,,,,,,,,,,,,,,
22201226,1610612763,MEM,Memphis,1630214,Xavier Tillman,Xavier,,DNP - Coach's Decision,,,,,,,,,,,,,,,,,,,,
22201226,1610612760,OKC,Oklahoma City,1631172,Ousmane Dieng,Ousmane,F,,45:11,8.0,15.0,0.533,2.0,8.0,0.25,4.0,5.0,0.8,1.0,7.0,8.0,9.0,1.0,1.0,4.0,2.0,22.0,11.0
22201226,1610612760,OKC,Oklahoma City,1630526,Jeremiah Robinson-Earl,Jeremiah,F,,39:46,3.0,13.0,0.231,2.0,6.0,0.333,2.0,2.0,1.0,1.0,7.0,8.0,3.0,0.0,0.0,0.0,6.0,10.0,13.0
22201226,1610612760,OKC,Oklahoma City,1630846,Olivier Sarr,Olivier,C,,42:13,10.0,15.0,0.667,0.0,2.0,0.0,2.0,4.0,0.5,2.0,13.0,15.0,1.0,1.0,0.0,1.0,6.0,22.0,14.0
22201226,1610612760,OKC,Oklahoma City,1630544,Tre Mann,Tre,G,,46:44,9.0,16.0,0.563,1.0,4.0,0.25,5.0,5.0,1.0,1.0,11.0,12.0,12.0,2.0,0.0,5.0,2.0,24.0,13.0
22201226,1610612760,OKC,Oklahoma City,1630215,Jared Butler,Jared,G,,45:37,10.0,21.0,0.476,5.0,9.0,0.556,0.0,0.0,0.0,1.0,2.0,3.0,4.0,1.0,0.0,3.0,0.0,25.0,16.0
22201226,1610612760,OKC,Oklahoma City,1630598,Aaron Wiggins,Aaron,,,8:00,3.0,4.0,0.75,0.0,1.0,0.0,0.0,0.0,0.0,2.0,0.0,2.0,0.0,0.0,0.0,1.0,0.0,6.0,1.0
22201226,1610612760,OKC,Oklahoma City,1630322,Lindy Waters III,Lindy,,,12:29,2.0,6.0,0.333,2.0,6.0,0.333,0.0,0.0,0.0,0.0,1.0,1.0,1.0,0.0,1.0,0.0,1.0,6.0,7.0
22201226,1610612760,OKC,Oklahoma City,1629652,Luguentz Dort,Luguentz,,DNP - Injury/Illness,,,,,,,,,,,,,,,,,,,,
22201226,1610612760,OKC,Oklahoma City,1630198,Isaiah Joe,Isaiah,,DNP - Coach's Decision,,,,,,,,,,,,,,,,,,,,
22201226,1610612760,OKC,Oklahoma City,203967,Dario Šarić,Dario,,DNP - Coach's Decision,,,,,,,,,,,,,,,,,,,,
22201226,1610612760,OKC,Oklahoma City,1631114,Jalen Williams,Jalen,,DNP - Injury/Illness,,,,,,,,,,,,,,,,,,,,
22201225,1610612740,NOP,New Orleans,1630530,Trey Murphy III,Trey,F,,40:05,6.0,10.0,0.6,1.0,4.0,0.25,7.0,8.0,0.875,0.0,4.0,4.0,0.0,2.0,0.0,1.0,2.0,20.0,-10.0
22201225,1610612740,NOP,New Orleans,1627742,Brandon Ingram,Brandon,F,,42:13,16.0,28.0,0.571,1.0,3.0,0.333,9.0,9.0,1.0,3.0,9.0,12.0,7.0,2.0,1.0,4.0,2.0,42.0,7.0
22201225,1610612740,NOP,New Orleans,202685,Jonas Valančiūnas,Jonas,C,,21:40,5.0,14.0,0.357,1.0,3.0,0.333,0.0,0.0,0.0,4.0,14.0,18.0,1.0,0.0,1.0,2.0,3.0,11.0,7.0
22201225,1610612740,NOP,New Orleans,1630529,Herbert Jones,Herbert,G,,38:49,1.0,4.0,0.25,0.0,2.0,0.0,2.0,2.0,1.0,1.0,2.0,3.0,4.0,5.0,1.0,3.0,5.0,4.0,10.0
22201225,1610612740,NOP,New Orleans,203468,CJ McCollum,CJ,G,,38:49,9.0,24.0,0.375,0.0,5.0,0.0,5.0,8.0,0.625,0.0,5.0,5.0,3.0,2.0,0.0,2.0,5.0,23.0,-15.0
22201225,1610612740,NOP,New Orleans,1626196,Josh Richardson,Josh,,,29:05,1.0,5.0,0.2,0.0,2.0,0.0,0.0,0.0,0.0,2.0,3.0,5.0,1.0,1.0,0.0,2.0,3.0,2.0,-5.0
22201225,1610612740,NOP,New Orleans,1630230,Naji Marshall,Naji,,,12:14,1.0,3.0,0.333,0.0,2.0,0.0,2.0,2.0,1.0,1.0,0.0,1.0,0.0,0.0,0.0,1.0,3.0,4.0,-9.0
22201225,1610612740,NOP,New Orleans,1626204,Larry Nance Jr.,Larry,,,17:05,1.0,2.0,0.5,0.0,0.0,0.0,0.0,0.0,0.0,0.0,1.0,1.0,2.0,1.0,0.0,0.0,1.0,2.0,-10.0
22201225,1610612740,NOP,New Orleans,1630700,Dyson Daniels,Dyson,,DNP - Coach's Decision,,,,,,,,,,,,,,,,,,,,
22201225,1610612740,NOP,New Orleans,1629637,Jaxson Hayes,Jaxson,,DNP - Coach's Decision,,,,,,,,,,,,,,,,,,,,
22201225,1610612740,NOP,New Orleans,1626195,Willy Hernangomez,Willy,,DNP - Coach's Decision,,,,,,,,,,,,,,,,,,,,
22201225,1610612740,NOP,New Orleans,1630184,Kira Lewis Jr.,Kira,,DNP - Coach's Decision,,,,,,,,,,,,,,,,,,,,
22201225,1610612740,NOP,New Orleans,1631220,Dereon Seabron,Dereon,,DNP - Coach's Decision,,,,,,,,,,,,,,,,,,,,
22201225,1610612740,NOP,New Orleans,202066,Garrett Temple,Garrett,,DNP - Coach's Decision,,,,,,,,,,,,,,,,,,,,
22201225,1610612750,MIN,Minnesota,1630183,Jaden McDaniels,Jaden,F,,9:06,0.0,1.0,0.0,0.0,1.0,0.0,0.0,0.0,0.0,0.0,1.0,1.0,0.0,1.0,0.0,1.0,2.0,0.0,-2.0
22201225,1610612750,MIN,Minnesota,1626157,Karl-Anthony Towns,Karl-Anthony,F,,36:07,10.0,19.0,0.526,5.0,8.0,0.625,5.0,6.0,0.833,2.0,6.0,8.0,2.0,0.0,1.0,2.0,5.0,30.0,4.0
22201225,1610612750,MIN,Minnesota,203497,Rudy Gobert,Rudy,C,,13:04,1.0,1.0,1.0,0.0,0.0,0.0,0.0,0.0,0.0,0.0,3.0,3.0,0.0,0.0,0.0,0.0,0.0,2.0,-14.0
22201225,1610612750,MIN,Minnesota,1630162,Anthony Edwards,Anthony,G,,39:05,8.0,21.0,0.381,3.0,9.0,0.333,7.0,13.0,0.538,3.0,10.0,13.0,4.0,4.0,4.0,8.0,3.0,26.0,-4.0
22201225,1610612750,MIN,Minnesota,201144,Mike Conley,Mike,G,,34:27,5.0,11.0,0.455,1.0,6.0,0.167,6.0,7.0,0.857,0.0,2.0,2.0,7.0,1.0,0.0,1.0,3.0,17.0,5.0
22201225,1610612750,MIN,Minnesota,203937,Kyle Anderson,Kyle,,,36:51,4.0,7.0,0.571,0.0,1.0,0.0,0.0,0.0,0.0,1.0,8.0,9.0,4.0,1.0,2.0,2.0,0.0,8.0,2.0
22201225,1610612750,MIN,Minnesota,1627752,Taurean Prince,Taurean,,,35:23,7.0,14.0,0.5,2.0,6.0,0.333,2.0,3.0,0.667,1.0,2.0,3.0,0.0,0.0,0.0,0.0,3.0,18.0,14.0
22201225,1610612750,MIN,Minnesota,1629162,Jordan McLaughlin,Jordan,,,17:33,1.0,1.0,1.0,1.0,1.0,1.0,2.0,2.0,1.0,0.0,2.0,2.0,5.0,0.0,0.0,0.0,0.0,5.0,3.0
22201225,1610612750,MIN,Minnesota,1629638,Nickeil Alexander-Walker,Nickeil,,,16:20,1.0,4.0,0.25,1.0,4.0,0.25,0.0,0.0,0.0,0.0,0.0,0.0,3.0,0.0,1.0,2.0,3.0,3.0,16.0
22201225,1610612750,MIN,Minnesota,1630233,Nathan Knight,Nathan,,,1:60,1.0,2.0,0.5,0.0,0.0,0.0,0.0,0.0,0.0,0.0,0.0,0.0,0.0,0.0,0.0,1.0,3.0,2.0,-1.0
22201225,1610612750,MIN,Minnesota,1631111,Wendell Moore Jr.,Wendell,,,0:04,1.0,1.0,1.0,0.0,0.0,0.0,0.0,0.0,0.0,1.0,0.0,1.0,0.0,0.0,0.0,0.0,0.0,2.0,2.0
22201225,1610612750,MIN,Minnesota,1630568,Luka Garza,Luka,,DNP - Coach's Decision,,,,,,,,,,,,,,,,,,,,
22201225,1610612750,MIN,Minnesota,1631169,Josh Minott,Josh,,DNP - Coach's Decision,,,,,,,,,,,,,,,,,,,,
22201225,1610612750,MIN,Minnesota,1629669,Jaylen Nowell,Jaylen,,DND - Injury/Illness,,,,,,,,,,,,,,,,,,,,
22201225,1610612750,MIN,Minnesota,203085,Austin Rivers,Austin,,DNP - Coach's Decision,,,,,,,,,,,,,,,,,,,,
22201219,1610612753,ORL,Orlando,1630591,Jalen Suggs,Jalen,F,,15:17,3.0,6.0,0.5,2.0,3.0,0.667,0.0,0.0,0.0,3.0,4.0,7.0,2.0,0.0,1.0,1.0,1.0,8.0,1.0
22201219,1610612753,ORL,Orlando,1630532,Franz Wagner,Franz,F,,15:06,2.0,5.0,0.4,0.0,1.0,0.0,6.0,6.0,1.0,0.0,4.0,4.0,3.0,2.0,0.0,3.0,0.0,10.0,1.0
22201219,1610612753,ORL,Orlando,1628976,Wendell Carter Jr.,Wendell,C,,16:19,0.0,3.0,0.0,0.0,3.0,0.0,0.0,0.0,0.0,0.0,4.0,4.0,1.0,1.0,0.0,0.0,1.0,0.0,-1.0
22201219,1610612753,ORL,Orlando,1628365,Markelle Fultz,Markelle,G,,11:10,3.0,6.0,0.5,1.0,3.0,0.333,0.0,0.0,0.0,0.0,1.0,1.0,2.0,0.0,0.0,0.0,0.0,7.0,5.0
22201219,1610612753,ORL,Orlando,1631216,Caleb Houstan,Caleb,G,,33:55,6.0,15.0,0.4,5.0,11.0,0.455,4.0,5.0,0.8,0.0,0.0,0.0,1.0,2.0,0.0,0.0,2.0,21.0,-9.0
22201219,1610612753,ORL,Orlando,1630284,Kevon Harris,Kevon,,,26:46,7.0,12.0,0.583,4.0,7.0,0.571,4.0,7.0,0.571,3.0,5.0,8.0,2.0,0.0,0.0,0.0,3.0,22.0,-7.0
22201219,1610612753,ORL,Orlando,1629048,Goga Bitadze,Goga,,,20:19,2.0,4.0,0.5,0.0,0.0,0.0,0.0,0.0,0.0,4.0,4.0,8.0,1.0,1.0,0.0,1.0,2.0,4.0,-6.0
22201219,1610612753,ORL,Orlando,1629643,Chuma Okeke,Chuma,,,32:54,5.0,11.0,0.455,4.0,8.0,0.5,0.0,0.0,0.0,1.0,3.0,4.0,5.0,3.0,0.0,2.0,1.0,14.0,-14.0
22201219,1610612753,ORL,Orlando,203487,Michael Carter-Williams,Michael,,,16:34,3.0,6.0,0.5,1.0,2.0,0.5,1.0,3.0,0.333,0.0,0.0,0.0,3.0,1.0,0.0,3.0,4.0,8.0,-10.0
22201219,1610612753,ORL,Orlando,1629626,Bol Bol,Bol,,,27:07,4.0,12.0,0.333,0.0,3.0,0.0,0.0,1.0,0.0,2.0,4.0,6.0,5.0,2.0,0.0,1.0,3.0,8.0,-8.0
22201219,1610612753,ORL,Orlando,1629678,Admiral Schofield,Admiral,,,24:33,3.0,10.0,0.3,0.0,6.0,0.0,2.0,2.0,1.0,0.0,1.0,1.0,4.0,1.0,0.0,3.0,0.0,8.0,-17.0
22201219,1610612753,ORL,Orlando,1630175,Cole Anthony,Cole,,DNP - Coach's Decision,,,,,,,,,,,,,,,,,,,,
22201219,1610612753,ORL,Orlando,203914,Gary Harris,Gary,,DNP - Coach's Decision,,,,,,,,,,,,,,,,,,,,
22201219,1610612748,MIA,Miami,1629622,Max Strus,Max,F,,10:38,0.0,2.0,0.0,0.0,1.0,0.0,0.0,0.0,0.0,0.0,1.0,1.0,2.0,0.0,1.0,0.0,1.0,0.0,2.0
22201219,1610612748,MIA,Miami,1629312,Haywood Highsmith,Haywood,F,,27:18,1.0,3.0,0.333,0.0,1.0,0.0,0.0,0.0,0.0,1.0,4.0,5.0,3.0,1.0,0.0,3.0,3.0,2.0,-5.0
22201219,1610612748,MIA,Miami,1628389,Bam Adebayo,Bam,C,,7:55,2.0,3.0,0.667,0.0,0.0,0.0,0.0,0.0,0.0,2.0,1.0,3.0,1.0,1.0,0.0,0.0,0.0,4.0,1.0
22201219,1610612748,MIA,Miami,1629639,Tyler Herro,Tyler,G,,8:40,2.0,3.0,0.667,0.0,1.0,0.0,0.0,0.0,0.0,0.0,1.0,1.0,3.0,0.0,0.0,2.0,0.0,4.0,3.0
22201219,1610612748,MIA,Miami,1629216,Gabe Vincent,Gabe,G,,7:19,1.0,2.0,0.5,0.0,1.0,0.0,0.0,1.0,0.0,0.0,1.0,1.0,0.0,0.0,0.0,0.0,0.0,2.0,-1.0
22201219,1610612748,MIA,Miami,2617,Udonis Haslem,Udonis,,,24:55,9.0,17.0,0.529,3.0,7.0,0.429,3.0,3.0,1.0,0.0,3.0,3.0,0.0,0.0,1.0,1.0,3.0,24.0,1.0
22201219,1610612748,MIA,Miami,200768,Kyle Lowry,Kyle,,,9:33,0.0,1.0,0.0,0.0,1.0,0.0,0.0,0.0,0.0,0.0,1.0,1.0,3.0,0.0,0.0,1.0,0.0,0.0,3.0
22201219,1610612748,MIA,Miami,201567,Kevin Love,Kevin,,,8:57,3.0,5.0,0.6,2.0,4.0,0.5,0.0,0.0,0.0,0.0,5.0,5.0,0.0,0.0,0.0,0.0,0.0,8.0,1.0
22201219,1610612748,MIA,Miami,1629130,Duncan Robinson,Duncan,,,35:13,6.0,14.0,0.429,3.0,11.0,0.273,5.0,6.0,0.833,0.0,2.0,2.0,4.0,1.0,0.0,1.0,4.0,20.0,9.0
22201219,1610612748,MIA,Miami,1628997,Caleb Martin,Caleb,,,9:58,1.0,2.0,0.5,0.0,1.0,0.0,0.0,0.0,0.0,0.0,1.0,1.0,1.0,2.0,0.0,1.0,0.0,2.0,2.0
22201219,1610612748,MIA,Miami,203469,Cody Zeller,Cody,,,12:00,2.0,2.0,1.0,0.0,0.0,0.0,2.0,4.0,0.5,1.0,3.0,4.0,2.0,0.0,0.0,0.0,2.0,6.0,3.0
22201219,1610612748,MIA,Miami,203506,Victor Oladipo,Victor,,,23:29,7.0,12.0,0.583,5.0,8.0,0.625,0.0,0.0,0.0,0.0,2.0,2.0,8.0,2.0,0.0,6.0,2.0,19.0,10.0
22201219,1610612748,MIA,Miami,1630209,Omer Yurtseven,Omer,,,24:00,5.0,9.0,0.556,1.0,3.0,0.333,3.0,3.0,1.0,2.0,5.0,7.0,0.0,1.0,1.0,1.0,4.0,14.0,11.0
22201219,1610612748,MIA,Miami,1631288,Jamal Cain,Jamal,,,18:31,6.0,7.0,0.857,4.0,4.0,1.0,2.0,3.0,0.667,0.0,5.0,5.0,1.0,2.0,0.0,2.0,1.0,18.0,13.0
22201219,1610612748,MIA,Miami,1631115,Orlando Robinson,Orlando,,,11:34,0.0,1.0,0.0,0.0,1.0,0.0,0.0,0.0,0.0,1.0,2.0,3.0,2.0,0.0,0.0,0.0,0.0,0.0,12.0
22201217,1610612755,PHI,Philadelphia,1627863,Danuel House Jr.,Danuel,F,,23:28,3.0,11.0,0.273,0.0,3.0,0.0,3.0,3.0,1.0,0.0,4.0,4.0,3.0,0.0,0.0,1.0,1.0,9.0,5.0
22201217,1610612755,PHI,Philadelphia,1629667,Jalen McDaniels,Jalen,F,,17:56,4.0,7.0,0.571,0.0,0.0,0.0,0.0,0.0,0.0,2.0,1.0,3.0,2.0,2.0,0.0,0.0,1.0,8.0,8.0
22201217,1610612755,PHI,Philadelphia,1630194,Paul Reed,Paul,C,,27:43,8.0,15.0,0.533,1.0,2.0,0.5,0.0,0.0,0.0,4.0,6.0,10.0,1.0,2.0,5.0,1.0,2.0,17.0,16.0
22201217,1610612755,PHI,Philadelphia,1630531,Jaden Springer,Jaden,G,,2:07,0.0,0.0,0.0,0.0,0.0,0.0,0.0,0.0,0.0,0.0,0.0,0.0,0.0,0.0,0.0,0.0,0.0,0.0,1.0
22201217,1610612755,PHI,Philadelphia,1629003,Shake Milton,Shake,G,,36:16,8.0,13.0,0.615,2.0,3.0,0.667,2.0,2.0,1.0,1.0,2.0,3.0,8.0,2.0,0.0,2.0,4.0,20.0,23.0
22201217,1610612755,PHI,Philadelphia,1630644,Mac McClung,Mac,,,33:15,8.0,17.0,0.471,3.0,9.0,0.333,1.0,3.0,0.333,3.0,6.0,9.0,9.0,0.0,0.0,1.0,3.0,20.0,29.0
22201217,1610612755,PHI,Philadelphia,1629663,Louis King,Louis,,,28:48,8.0,13.0,0.615,4.0,8.0,0.5,0.0,1.0,0.0,2.0,2.0,4.0,2.0,1.0,0.0,2.0,4.0,20.0,2.0
22201217,1610612755,PHI,Philadelphia,1627788,Furkan Korkmaz,Furkan,,,29:53,3.0,7.0,0.429,3.0,4.0,0.75,2.0,2.0,1.0,0.0,4.0,4.0,0.0,2.0,0.0,3.0,3.0,11.0,21.0
22201217,1610612755,PHI,Philadelphia,203473,Dewayne Dedmon,Dewayne,,,19:07,6.0,8.0,0.75,1.0,1.0,1.0,1.0,1.0,1.0,0.0,7.0,7.0,4.0,1.0,0.0,2.0,5.0,14.0,17.0
22201217,1610612755,PHI,Philadelphia,1626149,Montrezl Harrell,Montrezl,,,21:27,5.0,10.0,0.5,0.0,2.0,0.0,5.0,7.0,0.714,1.0,5.0,6.0,2.0,0.0,0.0,1.0,0.0,15.0,23.0
22201217,1610612755,PHI,Philadelphia,1627777,Georges Niang,Georges,,DND - Injury/Illness,,,,,,,,,,,,,,,,,,,,
22201217,1610612751,BKN,Brooklyn,1630560,Cam Thomas,Cam,F,,42:45,16.0,29.0,0.552,6.0,8.0,0.75,8.0,8.0,1.0,0.0,2.0,2.0,1.0,1.0,1.0,4.0,1.0,46.0,-20.0
22201217,1610612751,BKN,Brooklyn,1629139,Yuta Watanabe,Yuta,F,,33:15,3.0,8.0,0.375,2.0,6.0,0.333,1.0,2.0,0.5,1.0,6.0,7.0,1.0,0.0,2.0,2.0,1.0,9.0,-14.0
22201217,1610612751,BKN,Brooklyn,1630549,Day'Ron Sharpe,Day'Ron,C,,25:04,2.0,6.0,0.333,0.0,0.0,0.0,1.0,1.0,1.0,3.0,7.0,10.0,4.0,0.0,2.0,0.0,3.0,5.0,-23.0
22201217,1610612751,BKN,Brooklyn,1628969,Mikal Bridges,Mikal,G,,0:04,0.0,0.0,0.0,0.0,0.0,0.0,0.0,0.0,0.0,0.0,0.0,0.0,0.0,0.0,0.0,0.0,1.0,0.0,0.0
22201217,1610612751,BKN,Brooklyn,201988,Patty Mills,Patty,G,,35:14,3.0,11.0,0.273,2.0,9.0,0.222,4.0,7.0,0.571,0.0,2.0,2.0,2.0,1.0,0.0,4.0,3.0,12.0,-27.0
22201217,1610612751,BKN,Brooklyn,1630561,David Duke Jr.,David,,,44:49,5.0,13.0,0.385,0.0,4.0,0.0,5.0,6.0,0.833,3.0,5.0,8.0,4.0,3.0,0.0,3.0,4.0,15.0,-25.0
22201217,1610612751,BKN,Brooklyn,1630564,RaiQuan Gray,RaiQuan,,,35:05,6.0,12.0,0.5,2.0,5.0,0.4,2.0,2.0,1.0,3.0,6.0,9.0,7.0,0.0,1.0,4.0,5.0,16.0,-14.0
22201217,1610612751,BKN,Brooklyn,1630696,Dru Smith,Dru,,,23:44,0.0,4.0,0.0,0.0,0.0,0.0,2.0,2.0,1.0,0.0,4.0,4.0,3.0,1.0,0.0,1.0,4.0,2.0,-22.0
22201217,1610612751,BKN,Brooklyn,1629651,Nic Claxton,Nic,,DND - Rest,,,,,,,,,,,,,,,,,,,,
22201217,1610612751,BKN,Brooklyn,203915,Spencer Dinwiddie,Spencer,,DND - Rest,,,,,,,,,,,,,,,,,,,,
22201217,1610612751,BKN,Brooklyn,203925,Joe Harris,Joe,,DND - Rest,,,,,,,,,,,,,,,,,,,,
22201229,1610612746,LAC,LA,202695,Kawhi Leonard,Kawhi,F,,35:55,11.0,21.0,0.524,0.0,3.0,0.0,3.0,5.0,0.6,0.0,15.0,15.0,6.0,0.0,0.0,4.0,4.0,25.0,-7.0
22201229,1610612746,LAC,LA,201587,Nicolas Batum,Nicolas,F,,21:29,0.0,2.0,0.0,0.0,2.0,0.0,0.0,0.0,0.0,1.0,3.0,4.0,1.0,0.0,1.0,0.0,3.0,0.0,-4.0
22201229,1610612746,LAC,LA,1627826,Ivica Zubac,Ivica,C,,25:02,5.0,7.0,0.714,0.0,0.0,0.0,0.0,0.0,0.0,2.0,6.0,8.0,0.0,0.0,2.0,1.0,3.0,10.0,-6.0
22201229,1610612746,LAC,LA,201569,Eric Gordon,Eric,G,,21:11,2.0,7.0,0.286,2.0,7.0,0.286,0.0,0.0,0.0,0.0,2.0,2.0,0.0,0.0,0.0,0.0,0.0,6.0,-5.0
22201229,1610612746,LAC,LA,201566,Russell Westbrook,Russell,G,,39:47,8.0,19.0,0.421,2.0,4.0,0.5,7.0,10.0,0.7,6.0,1.0,7.0,9.0,1.0,0.0,2.0,1.0,25.0,8.0
22201229,1610612746,LAC,LA,1626181,Norman Powell,Norman,,,31:33,12.0,22.0,0.545,0.0,3.0,0.0,5.0,7.0,0.714,2.0,3.0,5.0,0.0,1.0,0.0,1.0,1.0,29.0,8.0
22201229,1610612746,LAC,LA,203486,Mason Plumlee,Mason,,,22:18,4.0,6.0,0.667,0.0,0.0,0.0,1.0,2.0,0.5,3.0,1.0,4.0,3.0,1.0,0.0,0.0,3.0,9.0,12.0
22201229,1610612746,LAC,LA,1629611,Terance Mann,Terance,,,19:48,2.0,5.0,0.4,0.0,0.0,0.0,0.0,0.0,0.0,0.0,1.0,1.0,0.0,0.0,1.0,0.0,2.0,4.0,8.0
22201229,1610612746,LAC,LA,1630538,Bones Hyland,Bones,,,17:50,5.0,11.0,0.455,1.0,4.0,0.25,0.0,0.0,0.0,0.0,5.0,5.0,2.0,0.0,0.0,2.0,1.0,11.0,6.0
22201229,1610612746,LAC,LA,203496,Robert Covington,Robert,,,5:07,0.0,0.0,0.0,0.0,0.0,0.0,0.0,0.0,0.0,0.0,2.0,2.0,1.0,0.0,1.0,0.0,0.0,0.0,5.0
22201229,1610612746,LAC,LA,1630527,Brandon Boston,Brandon,,DNP - Coach's Decision,,,,,,,,,,,,,,,,,,,,
22201229,1610612746,LAC,LA,1629599,Amir Coffey,Amir,,DNP - Coach's Decision,,,,,,,,,,,,,,,,,,,,
22201229,1610612746,LAC,LA,1631217,Moussa Diabaté,Moussa,,DNP - Coach's Decision,,,,,,,,,,,,,,,,,,,,
22201229,1610612746,LAC,LA,1629875,Xavier Moon,Xavier,,DNP - Coach's Decision,,,,,,,,,,,,,,,,,,,,
22201229,1610612746,LAC,LA,1630554,Jason Preston,Jason,,DNP - Coach's Decision,,,,,,,,,,,,,,,,,,,,
22201229,1610612756,PHX,Phoenix,1629006,Josh Okogie,Josh,F,,30:26,4.0,13.0,0.308,2.0,5.0,0.4,3.0,4.0,0.75,3.0,4.0,7.0,3.0,2.0,0.0,1.0,1.0,13.0,4.0
22201229,1610612756,PHX,Phoenix,1630688,Ish Wainright,Ish,F,,31:44,2.0,6.0,0.333,2.0,5.0,0.4,1.0,2.0,0.5,0.0,7.0,7.0,1.0,0.0,1.0,1.0,4.0,7.0,6.0
22201229,1610612756,PHX,Phoenix,1629111,Jock Landale,Jock,C,,21:20,7.0,13.0,0.538,1.0,1.0,1.0,0.0,0.0,0.0,4.0,4.0,8.0,2.0,0.0,0.0,1.0,2.0,15.0,7.0
22201229,1610612756,PHX,Phoenix,1629013,Landry Shamet,Landry,G,,17:40,5.0,10.0,0.5,3.0,6.0,0.5,1.0,1.0,1.0,0.0,3.0,3.0,6.0,0.0,0.0,0.0,1.0,14.0,6.0
22201229,1610612756,PHX,Phoenix,1630240,Saben Lee,Saben,G,,44:13,8.0,21.0,0.381,3.0,8.0,0.375,6.0,8.0,0.75,1.0,2.0,3.0,10.0,2.0,0.0,1.0,3.0,25.0,-9.0
22201229,1610612756,PHX,Phoenix,203082,Terrence Ross,Terrence,,,31:12,5.0,15.0,0.333,1.0,5.0,0.2,2.0,2.0,1.0,0.0,4.0,4.0,4.0,0.0,0.0,0.0,4.0,13.0,-9.0
22201229,1610612756,PHX,Phoenix,1627814,Damion Lee,Damion,,,31:13,3.0,7.0,0.429,0.0,3.0,0.0,2.0,2.0,1.0,0.0,4.0,4.0,1.0,0.0,0.0,2.0,4.0,8.0,-15.0
22201229,1610612756,PHX,Phoenix,1628470,Torrey Craig,Torrey,,,5:32,1.0,1.0,1.0,1.0,1.0,1.0,0.0,0.0,0.0,0.0,2.0,2.0,0.0,0.0,0.0,0.0,0.0,3.0,-3.0
22201229,1610612756,PHX,Phoenix,1629647,Darius Bazley,Darius,,,26:40,7.0,13.0,0.538,1.0,3.0,0.333,1.0,3.0,0.333,4.0,5.0,9.0,2.0,0.0,2.0,1.0,2.0,16.0,-12.0
22201229,1610612756,PHX,Phoenix,202687,Bismack Biyombo,Bismack,,DND - Injury/Illness,,,,,,,,,,,,,,,,,,,,
22201229,1610612756,PHX,Phoenix,1626166,Cameron Payne,Cameron,,DND - Injury/Illness,,,,,,,,,,,,,,,,,,,,
22201218,1610612766,CHA,Charlotte,1631121,Bryce McGowens,Bryce,F,,32:32,6.0,11.0,0.545,1.0,4.0,0.25,9.0,10.0,0.9,0.0,4.0,4.0,4.0,2.0,0.0,4.0,1.0,22.0,14.0
22201218,1610612766,CHA,Charlotte,1630550,JT Thor,JT,F,,31:15,2.0,11.0,0.182,1.0,6.0,0.167,0.0,0.0,0.0,0.0,6.0,6.0,3.0,0.0,0.0,2.0,0.0,5.0,3.0
22201218,1610612766,CHA,Charlotte,1631109,Mark Williams,Mark,C,,30:26,9.0,10.0,0.9,0.0,0.0,0.0,4.0,6.0,0.667,1.0,9.0,10.0,0.0,1.0,2.0,2.0,3.0,22.0,3.0
22201218,1610612766,CHA,Charlotte,1629004,Svi Mykhailiuk,Svi,G,,35:02,6.0,18.0,0.333,2.0,10.0,0.2,2.0,2.0,1.0,4.0,3.0,7.0,6.0,2.0,0.0,3.0,2.0,16.0,5.0
22201218,1610612766,CHA,Charlotte,1630177,Theo Maledon,Theo,G,,41:45,7.0,13.0,0.538,0.0,2.0,0.0,4.0,4.0,1.0,1.0,7.0,8.0,6.0,1.0,0.0,3.0,3.0,18.0,17.0
22201218,1610612766,CHA,Charlotte,1630547,James Bouknight,James,,,26:33,4.0,12.0,0.333,2.0,8.0,0.25,2.0,3.0,0.667,1.0,1.0,2.0,0.0,0.0,0.0,1.0,3.0,12.0,-3.0
22201218,1610612766,CHA,Charlotte,1630208,Nick Richards,Nick,,,17:34,3.0,4.0,0.75,0.0,0.0,0.0,5.0,5.0,1.0,2.0,6.0,8.0,1.0,1.0,3.0,3.0,0.0,11.0,8.0
22201218,1610612766,CHA,Charlotte,1628424,Kobi Simmons,Kobi,,,8:08,0.0,1.0,0.0,0.0,1.0,0.0,0.0,0.0,0.0,1.0,1.0,2.0,3.0,0.0,0.0,0.0,0.0,0.0,0.0
22201218,1610612766,CHA,Charlotte,1630539,Kai Jones,Kai,,,16:45,0.0,1.0,0.0,0.0,1.0,0.0,0.0,0.0,0.0,0.0,2.0,2.0,0.0,1.0,0.0,0.0,2.0,0.0,8.0
22201218,1610612766,CHA,Charlotte,1628998,Cody Martin,Cody,,DND - Injury/Illness,,,,,,,,,,,,,,,,,,,,
22201218,1610612766,CHA,Charlotte,1628372,Dennis Smith Jr.,Dennis,,DND - Injury/Illness,,,,,,,,,,,,,,,,,,,,
22201218,1610612739,CLE,Cleveland,1629731,Dean Wade,Dean,F,,23:46,3.0,6.0,0.5,3.0,4.0,0.75,0.0,0.0,0.0,0.0,3.0,3.0,1.0,3.0,1.0,1.0,1.0,9.0,-5.0
22201218,1610612739,CLE,Cleveland,1630596,Evan Mobley,Evan,F,,12:00,3.0,7.0,0.429,0.0,0.0,0.0,0.0,0.0,0.0,2.0,3.0,5.0,0.0,0.0,0.0,1.0,0.0,6.0,8.0
22201218,1610612739,CLE,Cleveland,1628386,Jarrett Allen,Jarrett,C,,12:00,2.0,4.0,0.5,0.0,1.0,0.0,0.0,0.0,0.0,2.0,4.0,6.0,1.0,0.0,1.0,1.0,0.0,4.0,8.0
22201218,1610612739,CLE,Cleveland,1626224,Cedi Osman,Cedi,G,,16:04,1.0,3.0,0.333,0.0,1.0,0.0,2.0,3.0,0.667,1.0,1.0,2.0,2.0,1.0,0.0,2.0,3.0,4.0,6.0
22201218,1610612739,CLE,Cleveland,201937,Ricky Rubio,Ricky,G,,26:24,2.0,11.0,0.182,0.0,4.0,0.0,2.0,2.0,1.0,1.0,4.0,5.0,7.0,0.0,0.0,3.0,1.0,6.0,1.0
22201218,1610612739,CLE,Cleveland,201980,Danny Green,Danny,,,24:39,5.0,12.0,0.417,3.0,10.0,0.3,0.0,0.0,0.0,1.0,3.0,4.0,1.0,0.0,1.0,3.0,5.0,13.0,-12.0
22201218,1610612739,CLE,Cleveland,203526,Raul Neto,Raul,,,21:36,4.0,9.0,0.444,0.0,3.0,0.0,5.0,5.0,1.0,1.0,0.0,1.0,6.0,1.0,0.0,2.0,4.0,13.0,-12.0
22201218,1610612739,CLE,Cleveland,201577,Robin Lopez,Robin,,,18:43,4.0,10.0,0.4,0.0,1.0,0.0,2.0,2.0,1.0,1.0,2.0,3.0,2.0,0.0,1.0,2.0,3.0,10.0,-15.0
22201218,1610612739,CLE,Cleveland,1630205,Lamar Stevens,Lamar,,,18:43,1.0,3.0,0.333,0.0,0.0,0.0,0.0,0.0,0.0,1.0,4.0,5.0,1.0,0.0,0.0,0.0,1.0,2.0,-12.0
22201218,1610612739,CLE,Cleveland,1630600,Isaiah Mobley,Isaiah,,,22:58,0.0,6.0,0.0,0.0,2.0,0.0,2.0,2.0,1.0,1.0,3.0,4.0,2.0,0.0,0.0,0.0,3.0,2.0,-7.0
22201218,1610612739,CLE,Cleveland,1630241,Sam Merrill,Sam,,,25:59,6.0,12.0,0.5,3.0,9.0,0.333,2.0,2.0,1.0,0.0,4.0,4.0,1.0,3.0,0.0,0.0,1.0,17.0,-11.0
22201218,1610612739,CLE,Cleveland,1629603,Mamadi Diakite,Mamadi,,,17:08,4.0,6.0,0.667,1.0,2.0,0.5,0.0,0.0,0.0,0.0,2.0,2.0,3.0,1.0,1.0,1.0,2.0,9.0,-4.0
22201216,1610612737,ATL,Atlanta,1629631,De'Andre Hunter,De'Andre,F,,16:43,5.0,9.0,0.556,1.0,3.0,0.333,3.0,3.0,1.0,0.0,3.0,3.0,1.0,0.0,0.0,2.0,1.0,14.0,1.0
22201216,1610612737,ATL,Atlanta,1630180,Saddiq Bey,Saddiq,F,,15:00,4.0,8.0,0.5,1.0,3.0,0.333,0.0,0.0,0.0,2.0,2.0,4.0,3.0,3.0,0.0,0.0,0.0,9.0,6.0
22201216,1610612737,ATL,Atlanta,1630168,Onyeka Okongwu,Onyeka,C,,26:21,4.0,7.0,0.571,1.0,2.0,0.5,1.0,2.0,0.5,4.0,5.0,9.0,2.0,1.0,0.0,1.0,0.0,10.0,-7.0
22201216,1610612737,ATL,Atlanta,1631100,AJ Griffin,AJ,G,,29:20,5.0,13.0,0.385,1.0,5.0,0.2,2.0,3.0,0.667,1.0,2.0,3.0,2.0,2.0,0.0,0.0,0.0,13.0,-3.0
22201216,1610612737,ATL,Atlanta,1628988,Aaron Holiday,Aaron,G,,31:19,3.0,12.0,0.25,1.0,5.0,0.2,0.0,0.0,0.0,1.0,1.0,2.0,6.0,2.0,0.0,2.0,2.0,7.0,-7.0
22201216,1610612737,ATL,Atlanta,1630552,Jalen Johnson,Jalen,,,18:30,6.0,10.0,0.6,2.0,4.0,0.5,1.0,2.0,0.5,0.0,3.0,3.0,3.0,1.0,3.0,0.0,2.0,15.0,-5.0
22201216,1610612737,ATL,Atlanta,1630235,Trent Forrest,Trent,,,16:41,0.0,4.0,0.0,0.0,0.0,0.0,0.0,0.0,0.0,0.0,2.0,2.0,5.0,1.0,0.0,0.0,0.0,0.0,1.0
22201216,1610612737,ATL,Atlanta,1629726,Garrison Mathews,Garrison,,,25:36,5.0,12.0,0.417,4.0,11.0,0.364,5.0,5.0,1.0,1.0,2.0,3.0,1.0,0.0,1.0,0.0,2.0,19.0,-16.0
22201216,1610612737,ATL,Atlanta,1628981,Bruno Fernando,Bruno,,,21:39,8.0,11.0,0.727,0.0,2.0,0.0,3.0,4.0,0.75,3.0,7.0,10.0,0.0,0.0,1.0,2.0,3.0,19.0,1.0
22201216,1610612737,ATL,Atlanta,1630249,Vít Krejčí,Vít,,,20:16,0.0,1.0,0.0,0.0,1.0,0.0,0.0,0.0,0.0,1.0,3.0,4.0,3.0,1.0,0.0,1.0,2.0,0.0,-6.0
22201216,1610612737,ATL,Atlanta,1631213,Tyrese Martin,Tyrese,,,16:01,2.0,6.0,0.333,0.0,2.0,0.0,0.0,0.0,0.0,3.0,3.0,6.0,1.0,0.0,0.0,1.0,0.0,4.0,-1.0
22201216,1610612737,ATL,Atlanta,1631495,Donovan Williams,Donovan,,,2:34,2.0,4.0,0.5,0.0,1.0,0.0,0.0,0.0,0.0,0.0,1.0,1.0,0.0,0.0,0.0,0.0,0.0,4.0,6.0
22201216,1610612738,BOS,Boston,1630573,Sam Hauser,Sam,F,,38:16,9.0,16.0,0.563,8.0,14.0,0.571,0.0,0.0,0.0,1.0,4.0,5.0,6.0,1.0,1.0,1.0,2.0,26.0,6.0
22201216,1610612738,BOS,Boston,203488,Mike Muscala,Mike,F,,33:25,9.0,13.0,0.692,4.0,7.0,0.571,5.0,7.0,0.714,4.0,4.0,8.0,2.0,0.0,0.0,2.0,3.0,27.0,13.0
22201216,1610612738,BOS,Boston,201933,Blake Griffin,Blake,C,,5:08,1.0,3.0,0.333,1.0,3.0,0.333,0.0,0.0,0.0,0.0,2.0,2.0,1.0,0.0,0.0,1.0,1.0,3.0,5.0
22201216,1610612738,BOS,Boston,1628401,Derrick White,Derrick,G,,5:08,1.0,2.0,0.5,1.0,2.0,0.5,0.0,0.0,0.0,0.0,0.0,0.0,1.0,0.0,0.0,1.0,0.0,3.0,5.0
22201216,1610612738,BOS,Boston,1630202,Payton Pritchard,Payton,G,,45:53,10.0,21.0,0.476,9.0,16.0,0.563,1.0,1.0,1.0,1.0,13.0,14.0,11.0,0.0,0.0,7.0,1.0,30.0,11.0
22201216,1610612738,BOS,Boston,1631120,JD Davison,JD,,,34:53,3.0,6.0,0.5,1.0,3.0,0.333,1.0,2.0,0.5,1.0,2.0,3.0,3.0,0.0,2.0,2.0,1.0,8.0,-7.0
22201216,1610612738,BOS,Boston,1628436,Luke Kornet,Luke,,,32:39,5.0,10.0,0.5,0.0,2.0,0.0,2.0,2.0,1.0,1.0,6.0,7.0,6.0,1.0,0.0,1.0,5.0,12.0,-2.0
22201216,1610612738,BOS,Boston,1629684,Grant Williams,Grant,,,5:54,1.0,2.0,0.5,0.0,0.0,0.0,0.0,0.0,0.0,0.0,0.0,0.0,0.0,0.0,0.0,0.0,0.0,2.0,-6.0
22201216,1610612738,BOS,Boston,1630551,Justin Champagnie,Justin,,,19:50,2.0,12.0,0.167,1.0,5.0,0.2,0.0,0.0,0.0,2.0,2.0,4.0,3.0,1.0,0.0,0.0,0.0,5.0,3.0
22201216,1610612738,BOS,Boston,1629662,Mfiondu Kabengele,Mfiondu,,,18:54,1.0,4.0,0.25,0.0,2.0,0.0,2.0,2.0,1.0,2.0,2.0,4.0,0.0,2.0,0.0,0.0,0.0,4.0,2.0
22201216,1610612738,BOS,Boston,1627763,Malcolm Brogdon,Malcolm,,DND - Injury/Illness,,,,,,,,,,,,,,,,,,,,
22201224,1610612759,SAS,San Antonio,1630577,Julian Champagnie,Julian,F,,33:08,5.0,16.0,0.313,3.0,10.0,0.3,3.0,4.0,0.75,1.0,9.0,10.0,3.0,0.0,0.0,0.0,0.0,16.0,22.0
22201224,1610612759,SAS,San Antonio,1628966,Keita Bates-Diop,Keita,F,,24:10,7.0,14.0,0.5,1.0,2.0,0.5,2.0,4.0,0.5,0.0,6.0,6.0,2.0,1.0,0.0,1.0,0.0,17.0,16.0
22201224,1610612759,SAS,San Antonio,1630572,Sandro Mamukelashvili,Sandro,C,,31:27,8.0,17.0,0.471,4.0,7.0,0.571,3.0,6.0,0.5,3.0,8.0,11.0,4.0,0.0,1.0,2.0,0.0,23.0,27.0
22201224,1610612759,SAS,San Antonio,1631103,Malaki Branham,Malaki,G,,23:57,8.0,15.0,0.533,2.0,7.0,0.286,2.0,2.0,1.0,1.0,2.0,3.0,0.0,0.0,0.0,2.0,1.0,20.0,5.0
22201224,1610612759,SAS,San Antonio,1630200,Tre Jones,Tre,G,,22:47,6.0,9.0,0.667,1.0,2.0,0.5,0.0,0.0,0.0,0.0,3.0,3.0,8.0,0.0,0.0,1.0,1.0,13.0,1.0
22201224,1610612759,SAS,San Antonio,1631104,Blake Wesley,Blake,,,32:38,4.0,11.0,0.364,2.0,3.0,0.667,0.0,0.0,0.0,0.0,6.0,6.0,9.0,0.0,0.0,3.0,4.0,10.0,8.0
22201224,1610612759,SAS,San Antonio,1631230,Dominick Barlow,Dominick,,,34:00,8.0,11.0,0.727,0.0,0.0,0.0,5.0,7.0,0.714,6.0,13.0,19.0,1.0,1.0,1.0,0.0,5.0,21.0,6.0
22201224,1610612759,SAS,San Antonio,203476,Gorgui Dieng,Gorgui,,,23:14,4.0,8.0,0.5,2.0,6.0,0.333,3.0,4.0,0.75,1.0,9.0,10.0,4.0,0.0,1.0,3.0,2.0,13.0,11.0
22201224,1610612759,SAS,San Antonio,1629641,Romeo Langford,Romeo,,,14:39,1.0,3.0,0.333,0.0,1.0,0.0,3.0,3.0,1.0,1.0,0.0,1.0,0.0,0.0,0.0,0.0,0.0,5.0,9.0
22201224,1610612759,SAS,San Antonio,1629640,Keldon Johnson,Keldon,,DND - Injury/Illness,,,,,,,,,,,,,,,,,,,,
22201224,1610612759,SAS,San Antonio,1631110,Jeremy Sochan,Jeremy,,DND - Injury/Illness,,,,,,,,,,,,,,,,,,,,
22201224,1610612759,SAS,San Antonio,1630170,Devin Vassell,Devin,,DND - Injury/Illness,,,,,,,,,,,,,,,,,,,,
22201224,1610612742,DAL,Dallas,1629033,Theo Pinson,Theo,F,,40:25,8.0,16.0,0.5,5.0,10.0,0.5,2.0,2.0,1.0,2.0,11.0,13.0,12.0,1.0,0.0,0.0,3.0,23.0,-11.0
22201224,1610612742,DAL,Dallas,202722,Dāvis Bertāns,Dāvis,F,,28:25,7.0,13.0,0.538,5.0,11.0,0.455,0.0,0.0,0.0,2.0,5.0,7.0,1.0,0.0,2.0,0.0,1.0,19.0,-7.0
22201224,1610612742,DAL,Dallas,202693,Markieff Morris,Markieff,C,,26:48,4.0,17.0,0.235,2.0,11.0,0.182,0.0,0.0,0.0,0.0,7.0,7.0,2.0,0.0,0.0,0.0,4.0,10.0,-21.0
22201224,1610612742,DAL,Dallas,1628373,Frank Ntilikina,Frank,G,,41:38,5.0,11.0,0.455,1.0,4.0,0.25,1.0,4.0,0.25,0.0,2.0,2.0,3.0,1.0,1.0,2.0,3.0,12.0,-21.0
22201224,1610612742,DAL,Dallas,1630702,Jaden Hardy,Jaden,G,,28:10,11.0,23.0,0.478,1.0,7.0,0.143,2.0,2.0,1.0,2.0,3.0,5.0,5.0,0.0,0.0,0.0,1.0,25.0,-5.0
22201224,1610612742,DAL,Dallas,1630593,McKinley Wright IV,McKinley,,,28:13,5.0,10.0,0.5,1.0,2.0,0.5,2.0,3.0,0.667,1.0,4.0,5.0,4.0,0.0,0.0,0.0,3.0,13.0,-12.0
22201224,1610612742,DAL,Dallas,203200,Justin Holiday,Justin,,,23:18,2.0,9.0,0.222,1.0,5.0,0.2,0.0,0.0,0.0,0.0,2.0,2.0,0.0,1.0,0.0,0.0,3.0,5.0,-15.0
22201224,1610612742,DAL,Dallas,1630639,A.J. Lawson,A.J.,,,23:03,4.0,9.0,0.444,1.0,3.0,0.333,1.0,5.0,0.2,1.0,4.0,5.0,1.0,1.0,0.0,0.0,3.0,10.0,-13.0
22201224,1610612742,DAL,Dallas,201580,JaVale McGee,JaVale,,DNP - Coach's Decision,,,,,,,,,,,,,,,,,,,,
22201224,1610612742,DAL,Dallas,203939,Dwight Powell,Dwight,,DNP - Coach's Decision,,,,,,,,,,,,,,,,,,,,
22201224,1610612742,DAL,Dallas,1626174,Christian Wood,Christian,,DNP - Coach's Decision,,,,,,,,,,,,,,,,,,,,
22201220,1610612754,IND,Indiana,1630174,Aaron Nesmith,Aaron,F,,24:30,5.0,7.0,0.714,1.0,2.0,0.5,3.0,3.0,1.0,0.0,5.0,5.0,1.0,1.0,3.0,0.0,3.0,14.0,-19.0
22201220,1610612754,IND,Indiana,1629670,Jordan Nwora,Jordan,F,,23:20,7.0,10.0,0.7,4.0,6.0,0.667,1.0,1.0,1.0,0.0,4.0,4.0,0.0,0.0,1.0,3.0,4.0,19.0,-13.0
22201220,1610612754,IND,Indiana,1630543,Isaiah Jackson,Isaiah,C,,25:40,1.0,6.0,0.167,0.0,0.0,0.0,4.0,6.0,0.667,4.0,5.0,9.0,3.0,1.0,2.0,3.0,3.0,6.0,-11.0
22201220,1610612754,IND,Indiana,1631097,Bennedict Mathurin,Bennedict,G,,36:49,6.0,13.0,0.462,2.0,3.0,0.667,12.0,13.0,0.923,0.0,3.0,3.0,6.0,0.0,1.0,3.0,2.0,26.0,3.0
22201220,1610612754,IND,Indiana,1629614,Andrew Nembhard,Andrew,G,,37:34,7.0,13.0,0.538,1.0,3.0,0.333,4.0,5.0,0.8,0.0,3.0,3.0,9.0,3.0,0.0,2.0,1.0,19.0,-3.0
22201220,1610612754,IND,Indiana,1628221,Gabe York,Gabe,,,12:21,3.0,7.0,0.429,1.0,5.0,0.2,0.0,0.0,0.0,0.0,0.0,0.0,1.0,1.0,0.0,0.0,3.0,7.0,8.0
22201220,1610612754,IND,Indiana,1629052,Oshae Brissett,Oshae,,,27:49,4.0,15.0,0.267,0.0,3.0,0.0,4.0,7.0,0.571,2.0,7.0,9.0,3.0,0.0,2.0,2.0,4.0,12.0,14.0
22201220,1610612754,IND,Indiana,1627741,Buddy Hield,Buddy,,,23:29,5.0,6.0,0.833,5.0,6.0,0.833,0.0,0.0,0.0,1.0,5.0,6.0,4.0,0.0,0.0,1.0,0.0,15.0,18.0
22201220,1610612754,IND,Indiana,201949,James Johnson,James,,,6:32,3.0,5.0,0.6,0.0,0.0,0.0,0.0,0.0,0.0,1.0,1.0,2.0,3.0,1.0,0.0,0.0,1.0,6.0,-1.0
22201220,1610612754,IND,Indiana,201588,George Hill,George,,,21:56,5.0,7.0,0.714,5.0,6.0,0.833,2.0,3.0,0.667,0.0,3.0,3.0,3.0,1.0,0.0,1.0,3.0,17.0,29.0
22201220,1610612754,IND,Indiana,1628464,Daniel Theis,Daniel,,DNP - Coach's Decision,,,,,,,,,,,,,,,,,,,,
22201220,1610612752,NYK,New York,1629628,RJ Barrett,RJ,F,,37:17,7.0,16.0,0.438,1.0,3.0,0.333,3.0,5.0,0.6,1.0,1.0,2.0,3.0,1.0,0.0,3.0,6.0,18.0,7.0
22201220,1610612752,NYK,New York,1630167,Obi Toppin,Obi,F,,36:33,13.0,23.0,0.565,5.0,10.0,0.5,3.0,3.0,1.0,1.0,6.0,7.0,5.0,2.0,0.0,1.0,2.0,34.0,7.0
22201220,1610612752,NYK,New York,1629011,Mitchell Robinson,Mitchell,C,,27:11,4.0,10.0,0.4,0.0,0.0,0.0,1.0,4.0,0.25,14.0,6.0,20.0,2.0,1.0,7.0,3.0,2.0,9.0,18.0
22201220,1610612752,NYK,New York,1629656,Quentin Grimes,Quentin,G,,31:54,8.0,13.0,0.615,5.0,10.0,0.5,1.0,1.0,1.0,0.0,1.0,1.0,3.0,0.0,0.0,0.0,4.0,22.0,14.0
22201220,1610612752,NYK,New York,1630193,Immanuel Quickley,Immanuel,G,,36:47,9.0,22.0,0.409,3.0,11.0,0.273,9.0,9.0,1.0,0.0,9.0,9.0,7.0,2.0,0.0,5.0,3.0,30.0,9.0
22201220,1610612752,NYK,New York,1628392,Isaiah Hartenstein,Isaiah,,,20:49,4.0,7.0,0.571,0.0,0.0,0.0,0.0,0.0,0.0,0.0,2.0,2.0,5.0,1.0,0.0,0.0,2.0,8.0,-23.0
22201220,1610612752,NYK,New York,1628404,Josh Hart,Josh,,,25:30,5.0,9.0,0.556,0.0,1.0,0.0,0.0,0.0,0.0,3.0,8.0,11.0,4.0,1.0,1.0,2.0,2.0,10.0,-29.0
22201220,1610612752,NYK,New York,1630540,Miles McBride,Miles,,,12:16,2.0,4.0,0.5,1.0,2.0,0.5,0.0,0.0,0.0,0.0,0.0,0.0,0.0,0.0,0.0,0.0,2.0,5.0,-12.0
22201220,1610612752,NYK,New York,203095,Evan Fournier,Evan,,,11:43,0.0,4.0,0.0,0.0,3.0,0.0,0.0,0.0,0.0,0.0,1.0,1.0,0.0,0.0,0.0,1.0,1.0,0.0,-16.0
22201220,1610612752,NYK,New York,1629610,DaQuan Jeffries,DaQuan,,DNP - Coach's Decision,,,,,,,,,,,,,,,,,,,,
22201220,1610612752,NYK,New York,201565,Derrick Rose,Derrick,,DNP - Coach's Decision,,,,,,,,,,,,,,,,,,,,
22201220,1610612752,NYK,New York,1630579,Jericho Sims,Jericho,,DNP - Coach's Decision,,,,,,,,,,,,,,,,,,,,
22201213,1610612743,DEN,Denver,1629008,Michael Porter Jr.,Michael,F,,20:07,6.0,14.0,0.429,3.0,9.0,0.333,0.0,0.0,0.0,1.0,3.0,4.0,2.0,0.0,0.0,1.0,1.0,15.0,-12.0
22201213,1610612743,DEN,Denver,203932,Aaron Gordon,Aaron,F,,28:28,6.0,10.0,0.6,1.0,2.0,0.5,2.0,3.0,0.667,1.0,3.0,4.0,2.0,0.0,0.0,0.0,2.0,15.0,1.0
22201213,1610612743,DEN,Denver,203999,Nikola Jokić,Nikola,C,,26:38,2.0,5.0,0.4,0.0,1.0,0.0,2.0,2.0,1.0,0.0,10.0,10.0,10.0,2.0,0.0,4.0,2.0,6.0,-5.0
22201213,1610612743,DEN,Denver,203484,Kentavious Caldwell-Pope,Kentavious,G,,28:46,7.0,12.0,0.583,6.0,8.0,0.75,1.0,1.0,1.0,0.0,0.0,0.0,3.0,1.0,2.0,1.0,3.0,21.0,-1.0
22201213,1610612743,DEN,Denver,1627750,Jamal Murray,Jamal,G,,28:28,7.0,13.0,0.538,4.0,10.0,0.4,2.0,2.0,1.0,1.0,3.0,4.0,5.0,1.0,1.0,3.0,4.0,20.0,1.0
22201213,1610612743,DEN,Denver,201145,Jeff Green,Jeff,,,11:46,1.0,3.0,0.333,0.0,1.0,0.0,1.0,2.0,0.5,1.0,0.0,1.0,1.0,0.0,1.0,1.0,1.0,3.0,5.0
22201213,1610612743,DEN,Denver,202704,Reggie Jackson,Reggie,,,22:22,3.0,12.0,0.25,1.0,8.0,0.125,0.0,0.0,0.0,0.0,4.0,4.0,3.0,0.0,0.0,1.0,0.0,7.0,12.0
22201213,1610612743,DEN,Denver,1631128,Christian Braun,Christian,,,25:45,5.0,8.0,0.625,0.0,2.0,0.0,4.0,5.0,0.8,0.0,6.0,6.0,1.0,3.0,1.0,0.0,2.0,14.0,4.0
22201213,1610612743,DEN,Denver,1631212,Peyton Watson,Peyton,,,17:08,1.0,1.0,1.0,0.0,0.0,0.0,4.0,7.0,0.571,0.0,3.0,3.0,4.0,0.0,3.0,0.0,1.0,6.0,1.0
22201213,1610612743,DEN,Denver,1628427,Vlatko Čančar,Vlatko,,,12:00,1.0,5.0,0.2,0.0,3.0,0.0,0.0,0.0,0.0,0.0,1.0,1.0,1.0,0.0,0.0,1.0,1.0,2.0,-10.0
22201213,1610612743,DEN,Denver,1630192,Zeke Nnaji,Zeke,,,12:00,0.0,3.0,0.0,0.0,2.0,0.0,1.0,2.0,0.5,0.0,3.0,3.0,0.0,0.0,1.0,1.0,2.0,1.0,-10.0
22201213,1610612743,DEN,Denver,202397,Ish Smith,Ish,,,6:32,2.0,4.0,0.5,0.0,0.0,0.0,0.0,0.0,0.0,1.0,0.0,1.0,0.0,0.0,0.0,1.0,1.0,4.0,-6.0
22201213,1610612743,DEN,Denver,1628418,Thomas Bryant,Thomas,,DNP - Coach's Decision,,,,,,,,,,,,,,,,,,,,
22201213,1610612743,DEN,Denver,201599,DeAndre Jordan,DeAndre,,DNP - Coach's Decision,,,,,,,,,,,,,,,,,,,,
22201213,1610612743,DEN,Denver,1631298,Jack White,Jack,,DNP - Coach's Decision,,,,,,,,,,,,,,,,,,,,
22201213,1610612762,UTA,Utah,1629308,Juan Toscano-Anderson,Juan,F,,30:24,2.0,9.0,0.222,0.0,2.0,0.0,3.0,3.0,1.0,5.0,1.0,6.0,5.0,1.0,0.0,1.0,3.0,7.0,15.0
22201213,1610612762,UTA,Utah,1629677,Luka Samanic,Luka,F,,30:33,9.0,14.0,0.643,3.0,6.0,0.5,2.0,4.0,0.5,0.0,8.0,8.0,1.0,2.0,0.0,3.0,2.0,23.0,10.0
22201213,1610612762,UTA,Utah,1628962,Udoka Azubuike,Udoka,C,,30:24,3.0,4.0,0.75,0.0,0.0,0.0,2.0,3.0,0.667,2.0,9.0,11.0,1.0,0.0,1.0,1.0,2.0,8.0,12.0
22201213,1610612762,UTA,Utah,1630534,Ochai Agbaji,Ochai,G,,35:08,10.0,25.0,0.4,3.0,11.0,0.273,5.0,5.0,1.0,1.0,2.0,3.0,3.0,1.0,0.0,4.0,1.0,28.0,-1.0
22201213,1610612762,UTA,Utah,1627739,Kris Dunn,Kris,G,,36:56,6.0,13.0,0.462,0.0,0.0,0.0,7.0,8.0,0.875,1.0,7.0,8.0,14.0,3.0,1.0,3.0,2.0,19.0,20.0
22201213,1610612762,UTA,Utah,1627745,Damian Jones,Damian,,,17:31,3.0,4.0,0.75,0.0,0.0,0.0,0.0,0.0,0.0,4.0,1.0,5.0,1.0,0.0,0.0,0.0,1.0,6.0,-10.0
22201213,1610612762,UTA,Utah,1631323,Simone Fontecchio,Simone,,,22:33,6.0,15.0,0.4,3.0,8.0,0.375,0.0,0.0,0.0,1.0,5.0,6.0,4.0,1.0,0.0,3.0,5.0,15.0,1.0
22201213,1610612762,UTA,Utah,1630695,Micah Potter,Micah,,,21:06,4.0,7.0,0.571,2.0,4.0,0.5,0.0,0.0,0.0,2.0,8.0,10.0,1.0,1.0,0.0,1.0,2.0,10.0,-9.0
22201213,1610612762,UTA,Utah,1630548,Johnny Juzang,Johnny,,,15:24,1.0,9.0,0.111,0.0,4.0,0.0,0.0,0.0,0.0,1.0,1.0,2.0,0.0,0.0,0.0,0.0,0.0,2.0,-18.0
22201213,1610612762,UTA,Utah,1629659,Talen Horton-Tucker,Talen,,DNP - Injury/Illness,,,,,,,,,,,,,,,,,,,,
22201213,1610612762,UTA,Utah,1629012,Collin Sexton,Collin,,DNP - Injury/Illness,,,,,,,,,,,,,,,,,,,,
22201215,1610612757,POR,Portland,1631466,Nate Williams,Nate,F,,21:18,4.0,5.0,0.8,1.0,1.0,1.0,0.0,1.0,0.0,1.0,0.0,1.0,0.0,0.0,0.0,1.0,2.0,9.0,-5.0
22201215,1610612757,POR,Portland,1628995,Kevin Knox II,Kevin,F,,36:01,10.0,15.0,0.667,5.0,8.0,0.625,5.0,6.0,0.833,1.0,10.0,11.0,2.0,1.0,0.0,2.0,2.0,30.0,-4.0
22201215,1610612757,POR,Portland,1630570,Trendon Watford,Trendon,C,,26:07,10.0,15.0,0.667,2.0,3.0,0.667,2.0,2.0,1.0,0.0,2.0,2.0,3.0,0.0,1.0,0.0,3.0,24.0,-4.0
22201215,1610612757,POR,Portland,1631101,Shaedon Sharpe,Shaedon,G,,37:06,10.0,20.0,0.5,3.0,9.0,0.333,3.0,4.0,0.75,3.0,1.0,4.0,4.0,2.0,0.0,3.0,0.0,26.0,-12.0
22201215,1610612757,POR,Portland,1630219,Skylar Mays,Skylar,G,,29:36,3.0,11.0,0.273,1.0,2.0,0.5,2.0,3.0,0.667,0.0,0.0,0.0,9.0,0.0,0.0,1.0,1.0,9.0,-11.0
22201215,1610612757,POR,Portland,1627885,Shaquille Harrison,Shaquille,,,26:18,5.0,11.0,0.455,1.0,3.0,0.333,2.0,2.0,1.0,0.0,6.0,6.0,10.0,4.0,1.0,1.0,2.0,13.0,0.0
22201215,1610612757,POR,Portland,1631219,John Butler Jr.,John,,,21:32,3.0,5.0,0.6,1.0,3.0,0.333,0.0,1.0,0.0,0.0,1.0,1.0,3.0,0.0,1.0,0.0,4.0,7.0,-10.0
22201215,1610612757,POR,Portland,1631133,Jabari Walker,Jabari,,,21:53,2.0,6.0,0.333,0.0,2.0,0.0,3.0,4.0,0.75,2.0,3.0,5.0,1.0,0.0,0.0,1.0,3.0,7.0,-7.0
22201215,1610612757,POR,Portland,1631303,Justin Minaya,Justin,,,20:09,0.0,1.0,0.0,0.0,1.0,0.0,0.0,0.0,0.0,0.0,4.0,4.0,0.0,1.0,1.0,1.0,3.0,0.0,-2.0
22201215,1610612757,POR,Portland,1629234,Drew Eubanks,Drew,,DNP - Injury/Illness,,,,,,,,,,,,,,,,,,,,
22201215,1610612757,POR,Portland,1629629,Cam Reddish,Cam,,DND - Injury/Illness,,,,,,,,,,,,,,,,,,,,
22201215,1610612746,LAC,LA,201587,Nicolas Batum,Nicolas,F,,23:39,3.0,5.0,0.6,3.0,5.0,0.6,0.0,0.0,0.0,1.0,3.0,4.0,3.0,1.0,1.0,0.0,0.0,9.0,9.0
22201215,1610612746,LAC,LA,202695,Kawhi Leonard,Kawhi,F,,28:47,7.0,17.0,0.412,3.0,8.0,0.375,10.0,10.0,1.0,1.0,7.0,8.0,4.0,0.0,1.0,2.0,0.0,27.0,11.0
22201215,1610612746,LAC,LA,1627826,Ivica Zubac,Ivica,C,,22:34,6.0,8.0,0.75,0.0,0.0,0.0,2.0,2.0,1.0,1.0,9.0,10.0,1.0,0.0,1.0,0.0,2.0,14.0,7.0
22201215,1610612746,LAC,LA,201569,Eric Gordon,Eric,G,,18:28,2.0,8.0,0.25,1.0,6.0,0.167,0.0,0.0,0.0,0.0,0.0,0.0,2.0,1.0,0.0,2.0,3.0,5.0,4.0
22201215,1610612746,LAC,LA,201566,Russell Westbrook,Russell,G,,24:39,9.0,14.0,0.643,2.0,3.0,0.667,0.0,0.0,0.0,4.0,2.0,6.0,6.0,0.0,0.0,3.0,0.0,20.0,7.0
22201215,1610612746,LAC,LA,1629611,Terance Mann,Terance,,,23:45,3.0,5.0,0.6,0.0,2.0,0.0,0.0,2.0,0.0,1.0,0.0,1.0,2.0,1.0,0.0,3.0,2.0,6.0,6.0
22201215,1610612746,LAC,LA,1626181,Norman Powell,Norman,,,26:46,7.0,14.0,0.5,0.0,2.0,0.0,9.0,11.0,0.818,0.0,3.0,3.0,5.0,2.0,0.0,0.0,3.0,23.0,7.0
22201215,1610612746,LAC,LA,203486,Mason Plumlee,Mason,,,19:48,4.0,4.0,1.0,0.0,0.0,0.0,3.0,3.0,1.0,1.0,3.0,4.0,2.0,0.0,1.0,0.0,4.0,11.0,-1.0
22201215,1610612746,LAC,LA,1630538,Bones Hyland,Bones,,,21:40,3.0,11.0,0.273,1.0,7.0,0.143,2.0,2.0,1.0,1.0,5.0,6.0,3.0,1.0,0.0,0.0,1.0,9.0,6.0
22201215,1610612746,LAC,LA,203496,Robert Covington,Robert,,,21:29,3.0,4.0,0.75,2.0,2.0,1.0,0.0,0.0,0.0,3.0,4.0,7.0,1.0,1.0,1.0,2.0,1.0,8.0,9.0
22201215,1610612746,LAC,LA,1630527,Brandon Boston,Brandon,,,1:41,0.0,1.0,0.0,0.0,0.0,0.0,0.0,0.0,0.0,0.0,1.0,1.0,1.0,0.0,0.0,0.0,0.0,0.0,-2.0
22201215,1610612746,LAC,LA,1629599,Amir Coffey,Amir,,,1:41,0.0,0.0,0.0,0.0,0.0,0.0,0.0,0.0,0.0,0.0,0.0,0.0,0.0,0.0,0.0,0.0,0.0,0.0,-2.0
22201215,1610612746,LAC,LA,1630554,Jason Preston,Jason,,,1:41,0.0,0.0,0.0,0.0,0.0,0.0,0.0,0.0,0.0,0.0,0.0,0.0,0.0,0.0,0.0,0.0,0.0,0.0,-2.0
22201215,1610612746,LAC,LA,1629875,Xavier Moon,Xavier,,,1:41,1.0,1.0,1.0,0.0,0.0,0.0,0.0,0.0,0.0,0.0,0.0,0.0,0.0,0.0,0.0,0.0,1.0,2.0,-2.0
22201215,1610612746,LAC,LA,1631217,Moussa Diabaté,Moussa,,,1:41,1.0,1.0,1.0,0.0,0.0,0.0,0.0,0.0,0.0,0.0,1.0,1.0,0.0,0.0,0.0,0.0,0.0,2.0,-2.0
22201214,1610612750,MIN,Minnesota,1630183,Jaden McDaniels,Jaden,F,,25:48,6.0,8.0,0.75,4.0,5.0,0.8,0.0,0.0,0.0,1.0,3.0,4.0,2.0,1.0,0.0,0.0,3.0,16.0,31.0
22201214,1610612750,MIN,Minnesota,1626157,Karl-Anthony Towns,Karl-Anthony,F,,28:24,10.0,19.0,0.526,2.0,6.0,0.333,0.0,0.0,0.0,0.0,8.0,8.0,8.0,0.0,2.0,2.0,2.0,22.0,30.0
22201214,1610612750,MIN,Minnesota,203497,Rudy Gobert,Rudy,C,,28:33,4.0,5.0,0.8,0.0,0.0,0.0,2.0,5.0,0.4,2.0,11.0,13.0,5.0,1.0,4.0,1.0,2.0,10.0,6.0
22201214,1610612750,MIN,Minnesota,1630162,Anthony Edwards,Anthony,G,,24:38,13.0,25.0,0.52,4.0,9.0,0.444,3.0,4.0,0.75,2.0,3.0,5.0,3.0,2.0,0.0,0.0,1.0,33.0,15.0
22201214,1610612750,MIN,Minnesota,201144,Mike Conley,Mike,G,,24:05,6.0,9.0,0.667,5.0,7.0,0.714,3.0,4.0,0.75,0.0,1.0,1.0,5.0,0.0,0.0,2.0,2.0,20.0,15.0
22201214,1610612750,MIN,Minnesota,203937,Kyle Anderson,Kyle,,,24:07,3.0,7.0,0.429,1.0,3.0,0.333,0.0,0.0,0.0,1.0,1.0,2.0,4.0,0.0,1.0,1.0,1.0,7.0,1.0
22201214,1610612750,MIN,Minnesota,1627752,Taurean Prince,Taurean,,,25:17,4.0,9.0,0.444,3.0,5.0,0.6,4.0,4.0,1.0,1.0,3.0,4.0,2.0,1.0,0.0,0.0,2.0,15.0,19.0
22201214,1610612750,MIN,Minnesota,1629162,Jordan McLaughlin,Jordan,,,20:09,1.0,2.0,0.5,1.0,1.0,1.0,2.0,2.0,1.0,0.0,2.0,2.0,9.0,1.0,1.0,0.0,2.0,5.0,9.0
22201214,1610612750,MIN,Minnesota,1629638,Nickeil Alexander-Walker,Nickeil,,,16:05,6.0,8.0,0.75,4.0,5.0,0.8,0.0,0.0,0.0,1.0,0.0,1.0,2.0,1.0,0.0,0.0,1.0,16.0,2.0
22201214,1610612750,MIN,Minnesota,1630568,Luka Garza,Luka,,,6:03,2.0,5.0,0.4,0.0,1.0,0.0,0.0,0.0,0.0,2.0,1.0,3.0,0.0,0.0,0.0,0.0,1.0,4.0,-6.0
22201214,1610612750,MIN,Minnesota,1630233,Nathan Knight,Nathan,,,4:33,1.0,1.0,1.0,0.0,0.0,0.0,1.0,2.0,0.5,1.0,1.0,2.0,0.0,1.0,0.0,1.0,1.0,3.0,-6.0
22201214,1610612750,MIN,Minnesota,1631169,Josh Minott,Josh,,,4:33,0.0,2.0,0.0,0.0,0.0,0.0,0.0,0.0,0.0,0.0,0.0,0.0,1.0,0.0,0.0,0.0,0.0,0.0,-6.0
22201214,1610612750,MIN,Minnesota,1630346,Matt Ryan,Matt,,,3:59,0.0,1.0,0.0,0.0,1.0,0.0,0.0,0.0,0.0,0.0,0.0,0.0,1.0,0.0,0.0,0.0,0.0,0.0,-6.0
22201214,1610612750,MIN,Minnesota,1631111,Wendell Moore Jr.,Wendell,,,3:46,0.0,0.0,0.0,0.0,0.0,0.0,0.0,0.0,0.0,0.0,0.0,0.0,0.0,0.0,0.0,0.0,0.0,0.0,-4.0
22201214,1610612759,SAS,San Antonio,1630577,Julian Champagnie,Julian,F,,31:51,8.0,16.0,0.5,5.0,9.0,0.556,3.0,3.0,1.0,0.0,4.0,4.0,1.0,0.0,0.0,2.0,3.0,24.0,-13.0
22201214,1610612759,SAS,San Antonio,1628966,Keita Bates-Diop,Keita,F,,25:11,8.0,15.0,0.533,2.0,5.0,0.4,4.0,5.0,0.8,2.0,1.0,3.0,5.0,0.0,1.0,2.0,0.0,22.0,-15.0
22201214,1610612759,SAS,San Antonio,1630572,Sandro Mamukelashvili,Sandro,C,,25:31,7.0,13.0,0.538,2.0,4.0,0.5,0.0,0.0,0.0,3.0,3.0,6.0,4.0,1.0,0.0,1.0,2.0,16.0,-9.0
22201214,1610612759,SAS,San Antonio,1631103,Malaki Branham,Malaki,G,,25:37,6.0,10.0,0.6,0.0,2.0,0.0,5.0,5.0,1.0,0.0,4.0,4.0,1.0,0.0,0.0,0.0,2.0,17.0,-21.0
22201214,1610612759,SAS,San Antonio,1630200,Tre Jones,Tre,G,,31:35,9.0,14.0,0.643,1.0,3.0,0.333,2.0,4.0,0.5,1.0,9.0,10.0,12.0,0.0,0.0,1.0,1.0,21.0,-17.0
22201214,1610612759,SAS,San Antonio,1631230,Dominick Barlow,Dominick,,,27:54,2.0,6.0,0.333,0.0,0.0,0.0,0.0,0.0,0.0,2.0,3.0,5.0,3.0,1.0,1.0,1.0,2.0,4.0,-3.0
22201214,1610612759,SAS,San Antonio,1631104,Blake Wesley,Blake,,,34:08,6.0,9.0,0.667,2.0,2.0,1.0,0.0,2.0,0.0,0.0,5.0,5.0,4.0,2.0,1.0,3.0,1.0,14.0,5.0
22201214,1610612759,SAS,San Antonio,203476,Gorgui Dieng,Gorgui,,,19:43,3.0,8.0,0.375,1.0,3.0,0.333,1.0,1.0,1.0,2.0,6.0,8.0,4.0,0.0,1.0,2.0,5.0,8.0,-10.0
22201214,1610612759,SAS,San Antonio,1629641,Romeo Langford,Romeo,,,18:30,1.0,4.0,0.25,0.0,1.0,0.0,3.0,4.0,0.75,0.0,0.0,0.0,0.0,1.0,0.0,1.0,0.0,5.0,-17.0
22201214,1610612759,SAS,San Antonio,1628380,Zach Collins,Zach,,DND - Injury/Illness,,,,,,,,,,,,,,,,,,,,
22201214,1610612759,SAS,San Antonio,1629640,Keldon Johnson,Keldon,,DND - Injury/Illness,,,,,,,,,,,,,,,,,,,,
22201214,1610612759,SAS,San Antonio,203926,Doug McDermott,Doug,,DND - Injury/Illness,,,,,,,,,,,,,,,,,,,,
22201211,1610612744,GSW,Golden State,1628978,Donte DiVincenzo,Donte,F,,29:25,7.0,10.0,0.7,4.0,6.0,0.667,0.0,0.0,0.0,1.0,5.0,6.0,9.0,1.0,0.0,2.0,1.0,18.0,33.0
22201211,1610612744,GSW,Golden State,203110,Draymond Green,Draymond,F,,33:17,2.0,5.0,0.4,0.0,2.0,0.0,0.0,0.0,0.0,0.0,5.0,5.0,5.0,1.0,2.0,5.0,5.0,4.0,30.0
22201211,1610612744,GSW,Golden State,1626172,Kevon Looney,Kevon,C,,29:24,3.0,4.0,0.75,0.0,0.0,0.0,0.0,0.0,0.0,5.0,11.0,16.0,7.0,2.0,0.0,1.0,3.0,6.0,17.0
22201211,1610612744,GSW,Golden State,202691,Klay Thompson,Klay,G,,34:30,11.0,19.0,0.579,5.0,8.0,0.625,2.0,2.0,1.0,0.0,2.0,2.0,2.0,0.0,2.0,2.0,1.0,29.0,28.0
22201211,1610612744,GSW,Golden State,201939,Stephen Curry,Stephen,G,,32:41,8.0,14.0,0.571,3.0,7.0,0.429,6.0,7.0,0.857,1.0,6.0,7.0,6.0,2.0,1.0,5.0,1.0,25.0,33.0
22201211,1610612744,GSW,Golden State,1629673,Jordan Poole,Jordan,,,19:27,0.0,10.0,0.0,0.0,6.0,0.0,8.0,9.0,0.889,0.0,3.0,3.0,5.0,0.0,0.0,2.0,4.0,8.0,-9.0
22201211,1610612744,GSW,Golden State,1627780,Gary Payton II,Gary,,,21:18,4.0,5.0,0.8,2.0,3.0,0.667,0.0,0.0,0.0,2.0,3.0,5.0,0.0,0.0,2.0,3.0,5.0,10.0,11.0
22201211,1610612744,GSW,Golden State,1630228,Jonathan Kuminga,Jonathan,,,19:09,4.0,5.0,0.8,2.0,2.0,1.0,5.0,6.0,0.833,0.0,1.0,1.0,1.0,0.0,0.0,1.0,1.0,15.0,-15.0
22201211,1610612744,GSW,Golden State,1630541,Moses Moody,Moses,,,9:57,1.0,3.0,0.333,0.0,0.0,0.0,0.0,0.0,0.0,1.0,0.0,1.0,0.0,0.0,0.0,0.0,0.0,2.0,-14.0
22201211,1610612744,GSW,Golden State,1630237,Anthony Lamb,Anthony,,,4:22,1.0,1.0,1.0,0.0,0.0,0.0,0.0,0.0,0.0,0.0,0.0,0.0,0.0,0.0,0.0,1.0,1.0,2.0,-2.0
22201211,1610612744,GSW,Golden State,1631311,Lester Quinones,Lester,,,4:22,0.0,1.0,0.0,0.0,1.0,0.0,0.0,0.0,0.0,0.0,1.0,1.0,1.0,0.0,0.0,2.0,0.0,0.0,-2.0
22201211,1610612744,GSW,Golden State,1631116,Patrick Baldwin Jr.,Patrick,,,2:08,0.0,1.0,0.0,0.0,1.0,0.0,0.0,0.0,0.0,0.0,0.0,0.0,0.0,0.0,0.0,0.0,0.0,0.0,0.0
22201211,1610612744,GSW,Golden State,203210,JaMychal Green,JaMychal,,DNP - Coach's Decision,,,,,,,,,,,,,,,,,,,,
22201211,1610612758,SAC,Sacramento,203084,Harrison Barnes,Harrison,F,,29:23,5.0,9.0,0.556,1.0,3.0,0.333,2.0,3.0,0.667,2.0,1.0,3.0,2.0,2.0,0.0,1.0,0.0,13.0,-25.0
22201211,1610612758,SAC,Sacramento,1631099,Keegan Murray,Keegan,F,,33:33,4.0,13.0,0.308,1.0,5.0,0.2,0.0,0.0,0.0,2.0,2.0,4.0,3.0,0.0,1.0,0.0,0.0,9.0,-31.0
22201211,1610612758,SAC,Sacramento,203458,Alex Len,Alex,C,,16:27,2.0,3.0,0.667,0.0,0.0,0.0,1.0,2.0,0.5,5.0,1.0,6.0,2.0,0.0,1.0,2.0,2.0,5.0,-20.0
22201211,1610612758,SAC,Sacramento,1629056,Terence Davis,Terence,G,,31:57,4.0,16.0,0.25,2.0,10.0,0.2,0.0,0.0,0.0,0.0,1.0,1.0,3.0,1.0,0.0,4.0,3.0,10.0,-15.0
22201211,1610612758,SAC,Sacramento,1630558,Davion Mitchell,Davion,G,,27:41,2.0,13.0,0.154,1.0,6.0,0.167,0.0,0.0,0.0,1.0,1.0,2.0,5.0,3.0,0.0,2.0,2.0,5.0,-32.0
22201211,1610612758,SAC,Sacramento,1629002,Chimezie Metu,Chimezie,,,16:47,5.0,8.0,0.625,0.0,0.0,0.0,5.0,9.0,0.556,1.0,8.0,9.0,0.0,0.0,0.0,2.0,1.0,15.0,-4.0
22201211,1610612758,SAC,Sacramento,1630556,Kessler Edwards,Kessler,,,22:35,2.0,3.0,0.667,1.0,1.0,1.0,1.0,2.0,0.5,1.0,1.0,2.0,2.0,2.0,0.0,0.0,0.0,6.0,5.0
22201211,1610612758,SAC,Sacramento,1628408,PJ Dozier,PJ,,,20:19,3.0,10.0,0.3,1.0,6.0,0.167,0.0,0.0,0.0,0.0,2.0,2.0,3.0,0.0,0.0,1.0,3.0,7.0,10.0
22201211,1610612758,SAC,Sacramento,1626168,Trey Lyles,Trey,,,22:10,6.0,12.0,0.5,3.0,7.0,0.429,0.0,0.0,0.0,3.0,5.0,8.0,1.0,0.0,1.0,0.0,3.0,15.0,-2.0
22201211,1610612758,SAC,Sacramento,1626158,Richaun Holmes,Richaun,,,14:46,5.0,11.0,0.455,1.0,1.0,1.0,0.0,0.0,0.0,3.0,0.0,3.0,3.0,0.0,0.0,0.0,2.0,11.0,2.0
22201211,1610612758,SAC,Sacramento,1631165,Keon Ellis,Keon,,,4:22,0.0,0.0,0.0,0.0,0.0,0.0,1.0,2.0,0.5,0.0,0.0,0.0,0.0,2.0,0.0,0.0,0.0,1.0,2.0
22201211,1610612758,SAC,Sacramento,1628370,Malik Monk,Malik,,DND - Injury/Illness,,,,,,,,,,,,,,,,,,,,
22201211,1610612758,SAC,Sacramento,1629674,Neemias Queta,Neemias,,DNP - Coach's Decision,,,,,,,,,,,,,,,,,,,,
22201206,1610612761,TOR,Toronto,1628384,OG Anunoby,OG,F,,30:41,3.0,10.0,0.3,1.0,4.0,0.25,0.0,0.0,0.0,1.0,1.0,2.0,1.0,1.0,0.0,0.0,0.0,7.0,-18.0
22201206,1610612761,TOR,Toronto,1627783,Pascal Siakam,Pascal,F,,29:43,8.0,15.0,0.533,1.0,3.0,0.333,2.0,2.0,1.0,1.0,2.0,3.0,2.0,4.0,0.0,1.0,3.0,19.0,-17.0
22201206,1610612761,TOR,Toronto,1627751,Jakob Poeltl,Jakob,C,,21:23,1.0,3.0,0.333,0.0,0.0,0.0,1.0,2.0,0.5,2.0,5.0,7.0,0.0,1.0,0.0,0.0,3.0,3.0,-12.0
22201206,1610612761,TOR,Toronto,1630567,Scottie Barnes,Scottie,G,,29:48,3.0,10.0,0.3,0.0,2.0,0.0,2.0,3.0,0.667,0.0,2.0,2.0,3.0,0.0,1.0,2.0,2.0,8.0,-15.0
22201206,1610612761,TOR,Toronto,1627832,Fred VanVleet,Fred,G,,31:06,3.0,11.0,0.273,2.0,6.0,0.333,4.0,4.0,1.0,0.0,0.0,0.0,8.0,2.0,0.0,2.0,3.0,12.0,-12.0
22201206,1610612761,TOR,Toronto,1630173,Precious Achiuwa,Precious,,,23:32,6.0,10.0,0.6,1.0,3.0,0.333,3.0,3.0,1.0,2.0,5.0,7.0,0.0,1.0,0.0,0.0,3.0,16.0,-9.0
22201206,1610612761,TOR,Toronto,1628449,Chris Boucher,Chris,,,15:43,2.0,7.0,0.286,1.0,2.0,0.5,0.0,0.0,0.0,3.0,1.0,4.0,0.0,0.0,1.0,1.0,0.0,5.0,-13.0
22201206,1610612761,TOR,Toronto,1629018,Gary Trent Jr.,Gary,,,21:22,4.0,10.0,0.4,0.0,4.0,0.0,1.0,2.0,0.5,1.0,2.0,3.0,3.0,1.0,0.0,1.0,1.0,9.0,-13.0
22201206,1610612761,TOR,Toronto,203115,Will Barton,Will,,,15:56,3.0,9.0,0.333,1.0,4.0,0.25,0.0,0.0,0.0,1.0,3.0,4.0,0.0,2.0,0.0,0.0,1.0,7.0,-13.0
22201206,1610612761,TOR,Toronto,1630201,Malachi Flynn,Malachi,,,6:23,2.0,2.0,1.0,0.0,0.0,0.0,0.0,0.0,0.0,0.0,0.0,0.0,1.0,0.0,0.0,0.0,1.0,4.0,6.0
22201206,1610612761,TOR,Toronto,1631132,Christian Koloko,Christian,,,6:23,1.0,1.0,1.0,0.0,0.0,0.0,0.0,0.0,0.0,1.0,0.0,1.0,2.0,0.0,0.0,0.0,0.0,2.0,6.0
22201206,1610612761,TOR,Toronto,1631199,Ron Harper Jr.,Ron,,,3:32,0.0,1.0,0.0,0.0,1.0,0.0,0.0,0.0,0.0,0.0,0.0,0.0,1.0,0.0,0.0,0.0,0.0,0.0,5.0
22201206,1610612761,TOR,Toronto,1630625,Dalano Banton,Dalano,,,3:32,4.0,4.0,1.0,2.0,2.0,1.0,0.0,1.0,0.0,0.0,2.0,2.0,0.0,0.0,0.0,0.0,0.0,10.0,5.0
22201206,1610612761,TOR,Toronto,1630580,Joe Wieskamp,Joe,,,0:56,0.0,0.0,0.0,0.0,0.0,0.0,0.0,0.0,0.0,0.0,0.0,0.0,0.0,0.0,0.0,0.0,0.0,0.0,5.0
22201206,1610612761,TOR,Toronto,201152,Thaddeus Young,Thaddeus,,DNP - Coach's Decision,,,,,,,,,,,,,,,,,,,,
22201206,1610612738,BOS,Boston,1628369,Jayson Tatum,Jayson,F,,19:56,7.0,12.0,0.583,0.0,5.0,0.0,7.0,9.0,0.778,1.0,2.0,3.0,4.0,0.0,0.0,3.0,2.0,21.0,23.0
22201206,1610612738,BOS,Boston,201143,Al Horford,Al,F,,27:33,4.0,8.0,0.5,3.0,7.0,0.429,0.0,0.0,0.0,0.0,5.0,5.0,3.0,0.0,3.0,1.0,2.0,11.0,16.0
22201206,1610612738,BOS,Boston,1629057,Robert Williams III,Robert,C,,25:01,4.0,5.0,0.8,0.0,0.0,0.0,0.0,1.0,0.0,2.0,7.0,9.0,2.0,2.0,3.0,2.0,2.0,8.0,15.0
22201206,1610612738,BOS,Boston,1630573,Sam Hauser,Sam,G,,36:47,10.0,16.0,0.625,6.0,12.0,0.5,0.0,0.0,0.0,0.0,5.0,5.0,2.0,0.0,0.0,3.0,0.0,26.0,12.0
22201206,1610612738,BOS,Boston,1628401,Derrick White,Derrick,G,,27:56,4.0,7.0,0.571,0.0,2.0,0.0,4.0,5.0,0.8,1.0,5.0,6.0,10.0,1.0,0.0,6.0,1.0,12.0,11.0
22201206,1610612738,BOS,Boston,201933,Blake Griffin,Blake,,,19:21,1.0,2.0,0.5,1.0,2.0,0.5,0.0,0.0,0.0,1.0,2.0,3.0,5.0,1.0,1.0,0.0,4.0,3.0,9.0
22201206,1610612738,BOS,Boston,1630202,Payton Pritchard,Payton,,,24:08,9.0,14.0,0.643,4.0,8.0,0.5,0.0,0.0,0.0,2.0,2.0,4.0,5.0,0.0,0.0,1.0,1.0,22.0,13.0
22201206,1610612738,BOS,Boston,1629684,Grant Williams,Grant,,,17:45,0.0,4.0,0.0,0.0,3.0,0.0,3.0,4.0,0.75,2.0,5.0,7.0,2.0,0.0,0.0,3.0,0.0,3.0,13.0
22201206,1610612738,BOS,Boston,203488,Mike Muscala,Mike,,,22:12,4.0,8.0,0.5,1.0,5.0,0.2,2.0,2.0,1.0,3.0,4.0,7.0,1.0,0.0,0.0,0.0,0.0,11.0,4.0
22201206,1610612738,BOS,Boston,1628436,Luke Kornet,Luke,,,8:45,2.0,4.0,0.5,0.0,0.0,0.0,0.0,0.0,0.0,1.0,2.0,3.0,1.0,0.0,0.0,0.0,1.0,4.0,-6.0
22201206,1610612738,BOS,Boston,1631120,JD Davison,JD,,,3:32,0.0,0.0,0.0,0.0,0.0,0.0,0.0,0.0,0.0,0.0,0.0,0.0,2.0,0.0,0.0,0.0,0.0,0.0,-5.0
22201206,1610612738,BOS,Boston,1629662,Mfiondu Kabengele,Mfiondu,,,3:32,0.0,1.0,0.0,0.0,0.0,0.0,0.0,0.0,0.0,0.0,1.0,1.0,0.0,0.0,0.0,0.0,0.0,0.0,-5.0
22201206,1610612738,BOS,Boston,1630551,Justin Champagnie,Justin,,,3:32,0.0,0.0,0.0,0.0,0.0,0.0,0.0,0.0,0.0,0.0,0.0,0.0,0.0,0.0,0.0,0.0,1.0,0.0,-5.0
22201208,1610612763,MEM,Memphis,1628379,Luke Kennard,Luke,F,,32:14,7.0,9.0,0.778,5.0,7.0,0.714,0.0,0.0,0.0,0.0,4.0,4.0,5.0,0.0,0.0,0.0,2.0,19.0,21.0
22201208,1610612763,MEM,Memphis,1628415,Dillon Brooks,Dillon,F,,31:08,4.0,13.0,0.308,1.0,8.0,0.125,2.0,2.0,1.0,1.0,3.0,4.0,2.0,0.0,1.0,0.0,3.0,11.0,19.0
22201208,1610612763,MEM,Memphis,1628991,Jaren Jackson Jr.,Jaren,C,,27:02,12.0,18.0,0.667,5.0,6.0,0.833,7.0,8.0,0.875,2.0,2.0,4.0,2.0,1.0,3.0,3.0,3.0,36.0,8.0
22201208,1610612763,MEM,Memphis,1630217,Desmond Bane,Desmond,G,,31:21,6.0,12.0,0.5,4.0,9.0,0.444,0.0,0.0,0.0,0.0,8.0,8.0,6.0,0.0,0.0,2.0,3.0,16.0,11.0
22201208,1610612763,MEM,Memphis,1629630,Ja Morant,Ja,G,,24:12,5.0,8.0,0.625,0.0,1.0,0.0,2.0,5.0,0.4,0.0,6.0,6.0,8.0,0.0,0.0,4.0,1.0,12.0,11.0
22201208,1610612763,MEM,Memphis,1630214,Xavier Tillman,Xavier,,,17:54,4.0,7.0,0.571,0.0,0.0,0.0,0.0,0.0,0.0,2.0,5.0,7.0,2.0,2.0,1.0,0.0,1.0,8.0,13.0
22201208,1610612763,MEM,Memphis,1629723,John Konchar,John,,,29:47,6.0,8.0,0.75,1.0,3.0,0.333,0.0,0.0,0.0,3.0,4.0,7.0,3.0,5.0,0.0,0.0,2.0,13.0,10.0
22201208,1610612763,MEM,Memphis,1626145,Tyus Jones,Tyus,,,22:16,4.0,9.0,0.444,2.0,4.0,0.5,0.0,0.0,0.0,0.0,0.0,0.0,9.0,1.0,0.0,0.0,1.0,10.0,10.0
22201208,1610612763,MEM,Memphis,1631223,David Roddy,David,,,15:46,2.0,4.0,0.5,0.0,1.0,0.0,0.0,0.0,0.0,1.0,0.0,1.0,2.0,0.0,1.0,1.0,1.0,4.0,2.0
22201208,1610612763,MEM,Memphis,1631254,Kenneth Lofton Jr.,Kenneth,,,3:04,1.0,1.0,1.0,1.0,1.0,1.0,0.0,0.0,0.0,0.0,1.0,1.0,0.0,0.0,0.0,1.0,2.0,3.0,2.0
22201208,1610612763,MEM,Memphis,1631246,Vince Williams Jr.,Vince,,,2:38,1.0,2.0,0.5,1.0,2.0,0.5,0.0,0.0,0.0,0.0,0.0,0.0,0.0,0.0,0.0,0.0,1.0,3.0,4.0
22201208,1610612763,MEM,Memphis,1631113,Kennedy Chandler,Kennedy,,,2:38,1.0,2.0,0.5,0.0,0.0,0.0,0.0,0.0,0.0,2.0,0.0,2.0,0.0,0.0,0.0,1.0,0.0,2.0,4.0
22201208,1610612749,MIL,Milwaukee,1630699,MarJon Beauchamp,MarJon,F,,43:04,3.0,12.0,0.25,3.0,8.0,0.375,4.0,4.0,1.0,1.0,5.0,6.0,4.0,2.0,2.0,3.0,2.0,13.0,-18.0
22201208,1610612749,MIL,Milwaukee,203109,Jae Crowder,Jae,F,,24:04,10.0,12.0,0.833,4.0,5.0,0.8,0.0,0.0,0.0,1.0,0.0,1.0,0.0,2.0,0.0,1.0,2.0,24.0,-15.0
22201208,1610612749,MIL,Milwaukee,203086,Meyers Leonard,Meyers,C,,25:53,3.0,9.0,0.333,1.0,5.0,0.2,2.0,2.0,1.0,3.0,4.0,7.0,0.0,0.0,0.0,3.0,4.0,9.0,-4.0
22201208,1610612749,MIL,Milwaukee,1631260,AJ Green,AJ,G,,14:36,2.0,6.0,0.333,2.0,5.0,0.4,0.0,0.0,0.0,0.0,2.0,2.0,2.0,0.0,0.0,0.0,1.0,6.0,3.0
22201208,1610612749,MIL,Milwaukee,1629623,Lindell Wigginton,Lindell,G,,41:03,10.0,20.0,0.5,4.0,10.0,0.4,1.0,1.0,1.0,0.0,5.0,5.0,11.0,0.0,1.0,5.0,3.0,25.0,-27.0
22201208,1610612749,MIL,Milwaukee,203648,Thanasis Antetokounmpo,Thanasis,,,38:04,6.0,11.0,0.545,0.0,2.0,0.0,0.0,2.0,0.0,3.0,5.0,8.0,4.0,0.0,0.0,1.0,3.0,12.0,-31.0
22201208,1610612749,MIL,Milwaukee,1628975,Jevon Carter,Jevon,,,21:30,3.0,10.0,0.3,3.0,6.0,0.5,0.0,0.0,0.0,0.0,2.0,2.0,4.0,1.0,0.0,0.0,0.0,9.0,-13.0
22201208,1610612749,MIL,Milwaukee,201609,Goran Dragic,Goran,,,25:33,4.0,11.0,0.364,4.0,8.0,0.5,2.0,2.0,1.0,3.0,3.0,6.0,4.0,0.0,0.0,3.0,0.0,14.0,-6.0
22201208,1610612749,MIL,Milwaukee,202083,Wesley Matthews,Wesley,,,6:13,1.0,1.0,1.0,0.0,0.0,0.0,0.0,0.0,0.0,0.0,1.0,1.0,1.0,0.0,0.0,1.0,0.0,2.0,-4.0
22201208,1610612749,MIL,Milwaukee,204060,Joe Ingles,Joe,,DNP - Coach's Decision,,,,,,,,,,,,,,,,,,,,
22201208,1610612749,MIL,Milwaukee,1626171,Bobby Portis,Bobby,,DNP - Coach's Decision,,,,,,,,,,,,,,,,,,,,
22201202,1610612745,HOU,Houston,1630231,KJ Martin,KJ,F,,39:03,7.0,10.0,0.7,0.0,0.0,0.0,0.0,2.0,0.0,2.0,4.0,6.0,3.0,2.0,0.0,1.0,1.0,14.0,3.0
22201202,1610612745,HOU,Houston,1631095,Jabari Smith Jr.,Jabari,F,,33:07,6.0,11.0,0.545,1.0,2.0,0.5,0.0,0.0,0.0,0.0,2.0,2.0,1.0,1.0,3.0,3.0,3.0,13.0,6.0
22201202,1610612745,HOU,Houston,1630578,Alperen Sengun,Alperen,C,,31:33,4.0,9.0,0.444,1.0,1.0,1.0,5.0,6.0,0.833,5.0,16.0,21.0,3.0,2.0,1.0,4.0,4.0,14.0,5.0
22201202,1610612745,HOU,Houston,1630224,Jalen Green,Jalen,G,,38:49,9.0,22.0,0.409,3.0,8.0,0.375,5.0,7.0,0.714,1.0,2.0,3.0,6.0,1.0,0.0,3.0,1.0,26.0,-1.0
22201202,1610612745,HOU,Houston,1629645,Kevin Porter Jr.,Kevin,G,,37:37,7.0,13.0,0.538,2.0,5.0,0.4,10.0,12.0,0.833,0.0,3.0,3.0,5.0,2.0,0.0,3.0,5.0,26.0,6.0
22201202,1610612745,HOU,Houston,1631106,Tari Eason,Tari,,,24:08,3.0,9.0,0.333,0.0,1.0,0.0,1.0,1.0,1.0,2.0,5.0,7.0,2.0,3.0,2.0,2.0,4.0,7.0,-3.0
22201202,1610612745,HOU,Houston,1630586,Usman Garuba,Usman,,,9:21,1.0,3.0,0.333,0.0,2.0,0.0,0.0,0.0,0.0,2.0,0.0,2.0,0.0,0.0,1.0,0.0,3.0,2.0,-6.0
22201202,1610612745,HOU,Houston,1630528,Josh Christopher,Josh,,,19:34,3.0,10.0,0.3,0.0,2.0,0.0,0.0,0.0,0.0,1.0,1.0,2.0,1.0,0.0,2.0,2.0,0.0,6.0,1.0
22201202,1610612745,HOU,Houston,1626246,Boban Marjanović,Boban,,,6:48,2.0,2.0,1.0,0.0,0.0,0.0,0.0,0.0,0.0,1.0,1.0,2.0,0.0,0.0,0.0,0.0,2.0,4.0,4.0
22201202,1610612745,HOU,Houston,201571,D.J. Augustin,D.J.,,DNP - Coach's Decision,,,,,,,,,,,,,,,,,,,,
22201202,1610612745,HOU,Houston,1626163,Frank Kaminsky,Frank,,DNP - Coach's Decision,,,,,,,,,,,,,,,,,,,,
22201202,1610612745,HOU,Houston,1630227,Daishen Nix,Daishen,,DNP - Coach's Decision,,,,,,,,,,,,,,,,,,,,
22201202,1610612766,CHA,Charlotte,1631121,Bryce McGowens,Bryce,F,,35:05,6.0,15.0,0.4,1.0,5.0,0.2,3.0,4.0,0.75,1.0,4.0,5.0,2.0,1.0,0.0,1.0,1.0,16.0,4.0
22201202,1610612766,CHA,Charlotte,1630550,JT Thor,JT,F,,28:00,2.0,6.0,0.333,2.0,4.0,0.5,4.0,4.0,1.0,0.0,5.0,5.0,1.0,0.0,1.0,1.0,0.0,10.0,-4.0
22201202,1610612766,CHA,Charlotte,1631109,Mark Williams,Mark,C,,26:29,5.0,7.0,0.714,0.0,0.0,0.0,2.0,2.0,1.0,3.0,10.0,13.0,0.0,1.0,1.0,0.0,3.0,12.0,-6.0
22201202,1610612766,CHA,Charlotte,1629004,Svi Mykhailiuk,Svi,G,,31:07,8.0,21.0,0.381,5.0,14.0,0.357,4.0,6.0,0.667,2.0,3.0,5.0,5.0,1.0,0.0,5.0,3.0,25.0,-2.0
22201202,1610612766,CHA,Charlotte,1630177,Theo Maledon,Theo,G,,38:13,8.0,15.0,0.533,4.0,8.0,0.5,2.0,3.0,0.667,0.0,1.0,1.0,8.0,5.0,1.0,4.0,4.0,22.0,1.0
22201202,1610612766,CHA,Charlotte,1630547,James Bouknight,James,,,25:56,3.0,10.0,0.3,0.0,5.0,0.0,0.0,1.0,0.0,0.0,3.0,3.0,3.0,0.0,0.0,4.0,5.0,6.0,-8.0
22201202,1610612766,CHA,Charlotte,1630208,Nick Richards,Nick,,,21:31,1.0,2.0,0.5,0.0,0.0,0.0,4.0,6.0,0.667,1.0,6.0,7.0,1.0,0.0,2.0,0.0,2.0,6.0,3.0
22201202,1610612766,CHA,Charlotte,1630539,Kai Jones,Kai,,,20:00,4.0,9.0,0.444,1.0,4.0,0.25,1.0,1.0,1.0,0.0,0.0,0.0,1.0,2.0,3.0,2.0,1.0,10.0,1.0
22201202,1610612766,CHA,Charlotte,1630270,Xavier Sneed,Xavier,,,11:17,1.0,3.0,0.333,0.0,1.0,0.0,0.0,0.0,0.0,0.0,1.0,1.0,1.0,0.0,0.0,0.0,2.0,2.0,-5.0
22201202,1610612766,CHA,Charlotte,1628424,Kobi Simmons,Kobi,,,2:22,0.0,0.0,0.0,0.0,0.0,0.0,0.0,0.0,0.0,0.0,1.0,1.0,0.0,0.0,1.0,0.0,0.0,0.0,1.0
22201202,1610612766,CHA,Charlotte,1628998,Cody Martin,Cody,,DND - Injury/Illness,,,,,,,,,,,,,,,,,,,,
22201202,1610612766,CHA,Charlotte,1626162,Kelly Oubre Jr.,Kelly,,DND - Injury/Illness,,,,,,,,,,,,,,,,,,,,
22201205,1610612755,PHI,Philadelphia,1627777,Georges Niang,Georges,F,,31:22,9.0,13.0,0.692,5.0,7.0,0.714,1.0,1.0,1.0,0.0,6.0,6.0,2.0,1.0,0.0,4.0,0.0,24.0,1.0
22201205,1610612755,PHI,Philadelphia,1629667,Jalen McDaniels,Jalen,F,,43:31,8.0,17.0,0.471,2.0,3.0,0.667,6.0,6.0,1.0,2.0,9.0,11.0,3.0,3.0,1.0,1.0,2.0,24.0,15.0
22201205,1610612755,PHI,Philadelphia,1630194,Paul Reed,Paul,C,,24:36,4.0,6.0,0.667,0.0,0.0,0.0,2.0,2.0,1.0,3.0,5.0,8.0,1.0,2.0,0.0,2.0,3.0,10.0,16.0
22201205,1610612755,PHI,Philadelphia,1630531,Jaden Springer,Jaden,G,,34:08,8.0,13.0,0.615,2.0,3.0,0.667,1.0,2.0,0.5,1.0,1.0,2.0,3.0,1.0,1.0,2.0,6.0,19.0,6.0
22201205,1610612755,PHI,Philadelphia,1629003,Shake Milton,Shake,G,,42:39,7.0,22.0,0.318,0.0,3.0,0.0,1.0,1.0,1.0,1.0,3.0,4.0,16.0,0.0,0.0,4.0,4.0,15.0,12.0
22201205,1610612755,PHI,Philadelphia,1627863,Danuel House Jr.,Danuel,,,36:20,6.0,11.0,0.545,1.0,3.0,0.333,9.0,10.0,0.9,0.0,3.0,3.0,3.0,1.0,0.0,2.0,4.0,22.0,3.0
22201205,1610612755,PHI,Philadelphia,1627788,Furkan Korkmaz,Furkan,,,16:47,1.0,6.0,0.167,0.0,1.0,0.0,0.0,0.0,0.0,0.0,2.0,2.0,2.0,1.0,0.0,0.0,1.0,2.0,-4.0
22201205,1610612755,PHI,Philadelphia,203473,Dewayne Dedmon,Dewayne,,,13:58,2.0,4.0,0.5,0.0,0.0,0.0,0.0,2.0,0.0,2.0,3.0,5.0,3.0,0.0,0.0,1.0,2.0,4.0,-9.0
22201205,1610612755,PHI,Philadelphia,1630644,Mac McClung,Mac,,,7:49,1.0,3.0,0.333,1.0,2.0,0.5,2.0,2.0,1.0,0.0,1.0,1.0,0.0,0.0,0.0,2.0,0.0,5.0,-11.0
22201205,1610612755,PHI,Philadelphia,1626149,Montrezl Harrell,Montrezl,,,13:49,5.0,7.0,0.714,0.0,0.0,0.0,1.0,3.0,0.333,4.0,6.0,10.0,0.0,1.0,0.0,2.0,0.0,11.0,-4.0
22201205,1610612755,PHI,Philadelphia,1629663,Louis King,Louis,,DNP - Coach's Decision,,,,,,,,,,,,,,,,,,,,
22201205,1610612737,ATL,Atlanta,1629631,De'Andre Hunter,De'Andre,F,,27:26,6.0,11.0,0.545,1.0,4.0,0.25,1.0,1.0,1.0,1.0,3.0,4.0,1.0,1.0,0.0,0.0,3.0,14.0,-9.0
22201205,1610612737,ATL,Atlanta,1628381,John Collins,John,F,,32:15,7.0,12.0,0.583,3.0,7.0,0.429,2.0,3.0,0.667,0.0,8.0,8.0,0.0,0.0,1.0,2.0,4.0,19.0,-14.0
22201205,1610612737,ATL,Atlanta,203991,Clint Capela,Clint,C,,32:28,5.0,6.0,0.833,0.0,0.0,0.0,2.0,6.0,0.333,0.0,4.0,4.0,1.0,1.0,2.0,0.0,1.0,12.0,-13.0
22201205,1610612737,ATL,Atlanta,1627749,Dejounte Murray,Dejounte,G,,40:21,9.0,16.0,0.563,0.0,2.0,0.0,1.0,1.0,1.0,0.0,1.0,1.0,4.0,1.0,0.0,2.0,2.0,19.0,-23.0
22201205,1610612737,ATL,Atlanta,1629027,Trae Young,Trae,G,,42:42,7.0,14.0,0.5,1.0,6.0,0.167,12.0,14.0,0.857,0.0,3.0,3.0,20.0,4.0,0.0,9.0,0.0,27.0,10.0
22201205,1610612737,ATL,Atlanta,203992,Bogdan Bogdanović,Bogdan,,,18:12,3.0,6.0,0.5,2.0,4.0,0.5,1.0,1.0,1.0,0.0,2.0,2.0,1.0,1.0,0.0,2.0,0.0,9.0,9.0
22201205,1610612737,ATL,Atlanta,1630180,Saddiq Bey,Saddiq,,,27:27,6.0,11.0,0.545,3.0,7.0,0.429,0.0,0.0,0.0,1.0,2.0,3.0,1.0,0.0,0.0,0.0,2.0,15.0,0.0
22201205,1610612737,ATL,Atlanta,1630168,Onyeka Okongwu,Onyeka,,,20:30,5.0,8.0,0.625,0.0,1.0,0.0,0.0,0.0,0.0,2.0,6.0,8.0,0.0,0.0,2.0,2.0,3.0,10.0,8.0
22201205,1610612737,ATL,Atlanta,1630552,Jalen Johnson,Jalen,,,19:37,3.0,8.0,0.375,0.0,2.0,0.0,0.0,2.0,0.0,0.0,5.0,5.0,4.0,3.0,2.0,2.0,4.0,6.0,6.0
22201205,1610612737,ATL,Atlanta,1628988,Aaron Holiday,Aaron,,,4:02,0.0,0.0,0.0,0.0,0.0,0.0,0.0,0.0,0.0,0.0,0.0,0.0,0.0,0.0,0.0,1.0,0.0,0.0,1.0
22201205,1610612737,ATL,Atlanta,1628981,Bruno Fernando,Bruno,,DNP - Coach's Decision,,,,,,,,,,,,,,,,,,,,
22201205,1610612737,ATL,Atlanta,1631100,AJ Griffin,AJ,,DNP - Coach's Decision,,,,,,,,,,,,,,,,,,,,
22201205,1610612737,ATL,Atlanta,1630249,Vít Krejčí,Vít,,DNP - Coach's Decision,,,,,,,,,,,,,,,,,,,,
22201205,1610612737,ATL,Atlanta,1631213,Tyrese Martin,Tyrese,,DNP - Coach's Decision,,,,,,,,,,,,,,,,,,,,
22201205,1610612737,ATL,Atlanta,1629726,Garrison Mathews,Garrison,,DNP - Coach's Decision,,,,,,,,,,,,,,,,,,,,
22201204,1610612748,MIA,Miami,1629312,Haywood Highsmith,Haywood,F,,32:42,4.0,11.0,0.364,1.0,4.0,0.25,1.0,2.0,0.5,4.0,5.0,9.0,3.0,1.0,2.0,3.0,3.0,10.0,-12.0
22201204,1610612748,MIA,Miami,1629130,Duncan Robinson,Duncan,F,,27:36,2.0,8.0,0.25,1.0,6.0,0.167,0.0,0.0,0.0,0.0,5.0,5.0,1.0,1.0,0.0,3.0,6.0,5.0,-12.0
22201204,1610612748,MIA,Miami,203469,Cody Zeller,Cody,C,,21:51,8.0,10.0,0.8,0.0,0.0,0.0,1.0,1.0,1.0,1.0,4.0,5.0,1.0,0.0,0.0,3.0,3.0,17.0,-24.0
22201204,1610612748,MIA,Miami,1629622,Max Strus,Max,G,,25:52,4.0,10.0,0.4,3.0,7.0,0.429,0.0,0.0,0.0,1.0,2.0,3.0,2.0,0.0,0.0,1.0,2.0,11.0,-24.0
22201204,1610612748,MIA,Miami,1629216,Gabe Vincent,Gabe,G,,22:01,3.0,10.0,0.3,0.0,5.0,0.0,0.0,0.0,0.0,0.0,2.0,2.0,8.0,1.0,0.0,0.0,1.0,6.0,-24.0
22201204,1610612748,MIA,Miami,1628997,Caleb Martin,Caleb,,,19:58,2.0,8.0,0.25,0.0,2.0,0.0,0.0,0.0,0.0,0.0,4.0,4.0,2.0,1.0,0.0,1.0,0.0,4.0,0.0
22201204,1610612748,MIA,Miami,203506,Victor Oladipo,Victor,,,25:59,11.0,24.0,0.458,7.0,16.0,0.438,1.0,4.0,0.25,0.0,1.0,1.0,4.0,2.0,1.0,3.0,4.0,30.0,18.0
22201204,1610612748,MIA,Miami,1630209,Omer Yurtseven,Omer,,,17:12,4.0,7.0,0.571,2.0,3.0,0.667,0.0,0.0,0.0,2.0,4.0,6.0,2.0,0.0,0.0,1.0,5.0,10.0,16.0
22201204,1610612748,MIA,Miami,1631288,Jamal Cain,Jamal,,,30:36,4.0,8.0,0.5,1.0,4.0,0.25,3.0,3.0,1.0,3.0,4.0,7.0,1.0,1.0,1.0,0.0,4.0,12.0,18.0
22201204,1610612748,MIA,Miami,1631115,Orlando Robinson,Orlando,,,16:13,1.0,2.0,0.5,0.0,0.0,0.0,1.0,2.0,0.5,3.0,2.0,5.0,2.0,0.0,0.0,1.0,1.0,3.0,14.0
22201204,1610612748,MIA,Miami,2617,Udonis Haslem,Udonis,,DNP - Coach's Decision,,,,,,,,,,,,,,,,,,,,
22201204,1610612764,WAS,Washington,1630557,Corey Kispert,Corey,F,,34:02,5.0,12.0,0.417,3.0,9.0,0.333,6.0,6.0,1.0,0.0,3.0,3.0,1.0,0.0,1.0,2.0,0.0,19.0,4.0
22201204,1610612764,WAS,Washington,1630264,Anthony Gill,Anthony,F,,19:18,2.0,5.0,0.4,0.0,2.0,0.0,0.0,0.0,0.0,0.0,3.0,3.0,2.0,0.0,0.0,1.0,1.0,4.0,25.0
22201204,1610612764,WAS,Washington,1629655,Daniel Gafford,Daniel,C,,24:37,9.0,10.0,0.9,0.0,0.0,0.0,4.0,4.0,1.0,3.0,5.0,8.0,4.0,0.0,1.0,2.0,3.0,22.0,24.0
22201204,1610612764,WAS,Washington,1631098,Johnny Davis,Johnny,G,,37:47,7.0,20.0,0.35,2.0,8.0,0.25,0.0,0.0,0.0,0.0,4.0,4.0,1.0,1.0,0.0,2.0,3.0,16.0,12.0
22201204,1610612764,WAS,Washington,1626153,Delon Wright,Delon,G,,20:34,4.0,7.0,0.571,0.0,2.0,0.0,3.0,3.0,1.0,0.0,7.0,7.0,4.0,0.0,0.0,0.0,0.0,11.0,18.0
22201204,1610612764,WAS,Washington,1630692,Jordan Goodwin,Jordan,,,19:45,3.0,9.0,0.333,0.0,3.0,0.0,0.0,0.0,0.0,2.0,7.0,9.0,4.0,0.0,0.0,1.0,0.0,6.0,7.0
22201204,1610612764,WAS,Washington,1629134,Kendrick Nunn,Kendrick,,,16:24,1.0,6.0,0.167,1.0,5.0,0.2,4.0,4.0,1.0,1.0,1.0,2.0,3.0,0.0,0.0,2.0,1.0,7.0,-9.0
22201204,1610612764,WAS,Washington,1630643,Jay Huff,Jay,,,23:23,4.0,7.0,0.571,1.0,2.0,0.5,4.0,4.0,1.0,2.0,2.0,4.0,2.0,0.0,1.0,2.0,5.0,13.0,-18.0
22201204,1610612764,WAS,Washington,1641645,Xavier Cooks,Xavier,,,22:02,4.0,5.0,0.8,0.0,1.0,0.0,2.0,6.0,0.333,4.0,5.0,9.0,0.0,3.0,0.0,1.0,3.0,10.0,-22.0
22201204,1610612764,WAS,Washington,1631245,Quenton Jackson,Quenton,,,22:08,0.0,3.0,0.0,0.0,1.0,0.0,6.0,10.0,0.6,0.0,1.0,1.0,2.0,0.0,0.0,3.0,2.0,6.0,-11.0
22201204,1610612764,WAS,Washington,201959,Taj Gibson,Taj,,DNP - Coach's Decision,,,,,,,,,,,,,,,,,,,,
22201204,1610612764,WAS,Washington,1630225,Isaiah Todd,Isaiah,,DNP - Coach's Decision,,,,,,,,,,,,,,,,,,,,
22201212,1610612756,PHX,Phoenix,1629006,Josh Okogie,Josh,F,,29:25,3.0,10.0,0.3,2.0,6.0,0.333,8.0,8.0,1.0,2.0,4.0,6.0,2.0,0.0,0.0,0.0,0.0,16.0,-2.0
22201212,1610612756,PHX,Phoenix,1628470,Torrey Craig,Torrey,F,,28:54,8.0,12.0,0.667,2.0,5.0,0.4,0.0,0.0,0.0,3.0,3.0,6.0,1.0,1.0,4.0,0.0,1.0,18.0,-7.0
22201212,1610612756,PHX,Phoenix,202687,Bismack Biyombo,Bismack,C,,11:31,2.0,3.0,0.667,0.0,0.0,0.0,0.0,0.0,0.0,1.0,4.0,5.0,1.0,0.0,3.0,0.0,1.0,4.0,2.0
22201212,1610612756,PHX,Phoenix,1629013,Landry Shamet,Landry,G,,22:13,2.0,9.0,0.222,2.0,5.0,0.4,1.0,1.0,1.0,0.0,4.0,4.0,5.0,3.0,0.0,1.0,2.0,7.0,9.0
22201212,1610612756,PHX,Phoenix,1626166,Cameron Payne,Cameron,G,,15:26,5.0,13.0,0.385,1.0,4.0,0.25,2.0,2.0,1.0,0.0,1.0,1.0,4.0,0.0,0.0,2.0,1.0,13.0,6.0
22201212,1610612756,PHX,Phoenix,203082,Terrence Ross,Terrence,,,28:34,5.0,11.0,0.455,0.0,3.0,0.0,0.0,0.0,0.0,1.0,2.0,3.0,6.0,1.0,1.0,1.0,1.0,10.0,-18.0
22201212,1610612756,PHX,Phoenix,1629111,Jock Landale,Jock,,,29:32,8.0,13.0,0.615,0.0,1.0,0.0,1.0,3.0,0.333,2.0,8.0,10.0,2.0,0.0,0.0,2.0,2.0,17.0,-13.0
22201212,1610612756,PHX,Phoenix,1630240,Saben Lee,Saben,,,24:24,4.0,12.0,0.333,1.0,2.0,0.5,0.0,0.0,0.0,1.0,3.0,4.0,2.0,1.0,0.0,0.0,2.0,9.0,-19.0
22201212,1610612756,PHX,Phoenix,1630688,Ish Wainright,Ish,,,25:00,1.0,8.0,0.125,0.0,7.0,0.0,0.0,0.0,0.0,0.0,3.0,3.0,0.0,0.0,1.0,0.0,0.0,2.0,-16.0
22201212,1610612756,PHX,Phoenix,1627814,Damion Lee,Damion,,,18:04,3.0,9.0,0.333,1.0,2.0,0.5,0.0,0.0,0.0,3.0,1.0,4.0,0.0,0.0,0.0,2.0,0.0,7.0,-9.0
22201212,1610612756,PHX,Phoenix,1629647,Darius Bazley,Darius,,,6:57,2.0,4.0,0.5,0.0,1.0,0.0,0.0,0.0,0.0,0.0,1.0,1.0,0.0,1.0,1.0,1.0,2.0,4.0,-3.0
22201212,1610612747,LAL,Los Angeles,1629020,Jarred Vanderbilt,Jarred,F,,16:45,0.0,2.0,0.0,0.0,0.0,0.0,0.0,0.0,0.0,0.0,4.0,4.0,0.0,0.0,0.0,0.0,1.0,0.0,-7.0
22201212,1610612747,LAL,Los Angeles,2544,LeBron James,LeBron,F,,29:21,6.0,19.0,0.316,3.0,7.0,0.429,1.0,2.0,0.5,0.0,6.0,6.0,6.0,0.0,0.0,5.0,1.0,16.0,11.0
22201212,1610612747,LAL,Los Angeles,203076,Anthony Davis,Anthony,C,,33:58,4.0,12.0,0.333,0.0,1.0,0.0,6.0,7.0,0.857,4.0,17.0,21.0,4.0,0.0,3.0,1.0,1.0,14.0,17.0
22201212,1610612747,LAL,Los Angeles,1630559,Austin Reaves,Austin,G,,31:15,9.0,13.0,0.692,1.0,4.0,0.25,3.0,5.0,0.6,0.0,0.0,0.0,5.0,1.0,0.0,2.0,1.0,22.0,18.0
22201212,1610612747,LAL,Los Angeles,1626156,D'Angelo Russell,D'Angelo,G,,33:23,9.0,14.0,0.643,6.0,9.0,0.667,0.0,0.0,0.0,0.0,3.0,3.0,3.0,0.0,0.0,6.0,2.0,24.0,9.0
22201212,1610612747,LAL,Los Angeles,1627736,Malik Beasley,Malik,,,25:24,7.0,14.0,0.5,4.0,10.0,0.4,3.0,3.0,1.0,0.0,2.0,2.0,2.0,2.0,0.0,0.0,3.0,21.0,13.0
22201212,1610612747,LAL,Los Angeles,1628972,Troy Brown Jr.,Troy,,,24:04,3.0,6.0,0.5,2.0,2.0,1.0,0.0,0.0,0.0,2.0,4.0,6.0,3.0,2.0,0.0,0.0,1.0,8.0,3.0
22201212,1610612747,LAL,Los Angeles,1629060,Rui Hachimura,Rui,,,22:47,5.0,8.0,0.625,1.0,1.0,1.0,0.0,0.0,0.0,2.0,3.0,5.0,2.0,0.0,0.0,0.0,0.0,11.0,17.0
22201212,1610612747,LAL,Los Angeles,1629117,Wenyen Gabriel,Wenyen,,,8:29,0.0,0.0,0.0,0.0,0.0,0.0,0.0,0.0,0.0,0.0,3.0,3.0,0.0,1.0,1.0,1.0,0.0,0.0,-3.0
22201212,1610612747,LAL,Los Angeles,1628964,Mo Bamba,Mo,,,6:25,1.0,3.0,0.333,0.0,1.0,0.0,0.0,0.0,0.0,2.0,1.0,3.0,0.0,0.0,1.0,0.0,2.0,2.0,-2.0
22201212,1610612747,LAL,Los Angeles,1629022,Lonnie Walker IV,Lonnie,,,6:25,1.0,1.0,1.0,1.0,1.0,1.0,0.0,0.0,0.0,0.0,1.0,1.0,0.0,0.0,1.0,0.0,0.0,3.0,-2.0
22201212,1610612747,LAL,Los Angeles,1631108,Max Christie,Max,,,0:52,0.0,0.0,0.0,0.0,0.0,0.0,0.0,0.0,0.0,0.0,0.0,0.0,0.0,0.0,0.0,0.0,0.0,0.0,-2.0
22201212,1610612747,LAL,Los Angeles,1628432,Davon Reed,Davon,,,0:52,0.0,0.0,0.0,0.0,0.0,0.0,0.0,0.0,0.0,0.0,0.0,0.0,0.0,0.0,0.0,0.0,0.0,0.0,-2.0
22201212,1610612747,LAL,Los Angeles,203471,Dennis Schröder,Dennis,,DND - Injury/Illness,,,,,,,,,,,,,,,,,,,,
22201207,1610612753,ORL,Orlando,1630591,Jalen Suggs,Jalen,F,,18:40,2.0,9.0,0.222,1.0,6.0,0.167,2.0,2.0,1.0,1.0,4.0,5.0,0.0,0.0,0.0,1.0,1.0,7.0,-7.0
22201207,1610612753,ORL,Orlando,1630532,Franz Wagner,Franz,F,,24:03,4.0,11.0,0.364,0.0,2.0,0.0,4.0,4.0,1.0,0.0,5.0,5.0,0.0,1.0,0.0,2.0,1.0,12.0,-1.0
22201207,1610612753,ORL,Orlando,1629048,Goga Bitadze,Goga,C,,25:23,5.0,7.0,0.714,0.0,1.0,0.0,2.0,2.0,1.0,5.0,10.0,15.0,1.0,1.0,1.0,3.0,3.0,12.0,-1.0
22201207,1610612753,ORL,Orlando,1628365,Markelle Fultz,Markelle,G,,17:45,3.0,7.0,0.429,0.0,1.0,0.0,1.0,1.0,1.0,0.0,1.0,1.0,5.0,1.0,0.0,1.0,1.0,7.0,-8.0
22201207,1610612753,ORL,Orlando,1630175,Cole Anthony,Cole,G,,29:51,6.0,16.0,0.375,2.0,6.0,0.333,0.0,0.0,0.0,2.0,7.0,9.0,6.0,0.0,0.0,3.0,1.0,14.0,1.0
22201207,1610612753,ORL,Orlando,1630284,Kevon Harris,Kevon,,,23:19,3.0,6.0,0.5,1.0,3.0,0.333,3.0,4.0,0.75,0.0,3.0,3.0,0.0,0.0,1.0,2.0,4.0,10.0,-4.0
22201207,1610612753,ORL,Orlando,1631216,Caleb Houstan,Caleb,,,25:56,1.0,3.0,0.333,1.0,3.0,0.333,0.0,0.0,0.0,2.0,0.0,2.0,1.0,1.0,1.0,1.0,0.0,3.0,-15.0
22201207,1610612753,ORL,Orlando,1629643,Chuma Okeke,Chuma,,,25:23,2.0,9.0,0.222,1.0,8.0,0.125,0.0,0.0,0.0,2.0,4.0,6.0,3.0,1.0,0.0,3.0,1.0,5.0,-15.0
22201207,1610612753,ORL,Orlando,203487,Michael Carter-Williams,Michael,,,13:58,2.0,6.0,0.333,0.0,1.0,0.0,2.0,2.0,1.0,1.0,4.0,5.0,1.0,0.0,0.0,1.0,1.0,6.0,-4.0
22201207,1610612753,ORL,Orlando,1629678,Admiral Schofield,Admiral,,,18:08,2.0,4.0,0.5,1.0,3.0,0.333,0.0,0.0,0.0,2.0,0.0,2.0,0.0,0.0,0.0,3.0,4.0,5.0,-16.0
22201207,1610612753,ORL,Orlando,1629626,Bol Bol,Bol,,,17:34,1.0,9.0,0.111,0.0,4.0,0.0,1.0,2.0,0.5,0.0,4.0,4.0,0.0,1.0,3.0,1.0,2.0,3.0,-15.0
22201207,1610612753,ORL,Orlando,203914,Gary Harris,Gary,,DNP - Injury/Illness,,,,,,,,,,,,,,,,,,,,
22201207,1610612751,BKN,Brooklyn,1629661,Cameron Johnson,Cameron,F,,32:04,7.0,15.0,0.467,1.0,4.0,0.25,3.0,3.0,1.0,3.0,2.0,5.0,1.0,4.0,0.0,1.0,0.0,18.0,12.0
22201207,1610612751,BKN,Brooklyn,1627827,Dorian Finney-Smith,Dorian,F,,22:22,2.0,5.0,0.4,1.0,3.0,0.333,0.0,0.0,0.0,1.0,1.0,2.0,0.0,1.0,1.0,1.0,1.0,5.0,4.0
22201207,1610612751,BKN,Brooklyn,1629651,Nic Claxton,Nic,C,,34:18,6.0,9.0,0.667,0.0,0.0,0.0,2.0,2.0,1.0,4.0,11.0,15.0,2.0,2.0,1.0,1.0,0.0,14.0,20.0
22201207,1610612751,BKN,Brooklyn,1628969,Mikal Bridges,Mikal,G,,36:50,7.0,24.0,0.292,1.0,12.0,0.083,7.0,9.0,0.778,0.0,5.0,5.0,2.0,2.0,0.0,3.0,1.0,22.0,14.0
22201207,1610612751,BKN,Brooklyn,203915,Spencer Dinwiddie,Spencer,G,,35:31,2.0,11.0,0.182,0.0,6.0,0.0,2.0,2.0,1.0,1.0,6.0,7.0,14.0,1.0,0.0,1.0,3.0,6.0,8.0
22201207,1610612751,BKN,Brooklyn,203925,Joe Harris,Joe,,,13:20,1.0,4.0,0.25,1.0,4.0,0.25,3.0,3.0,1.0,0.0,1.0,1.0,1.0,1.0,0.0,0.0,0.0,6.0,4.0
22201207,1610612751,BKN,Brooklyn,1626220,Royce O'Neale,Royce,,,27:08,2.0,9.0,0.222,2.0,8.0,0.25,0.0,0.0,0.0,0.0,5.0,5.0,3.0,2.0,0.0,1.0,2.0,6.0,15.0
22201207,1610612751,BKN,Brooklyn,1630549,Day'Ron Sharpe,Day'Ron,,,10:00,2.0,2.0,1.0,0.0,0.0,0.0,2.0,2.0,1.0,0.0,0.0,0.0,0.0,0.0,1.0,0.0,1.0,6.0,0.0
22201207,1610612751,BKN,Brooklyn,1628410,Edmond Sumner,Edmond,,,5:34,0.0,0.0,0.0,0.0,0.0,0.0,1.0,2.0,0.5,1.0,1.0,2.0,0.0,0.0,0.0,0.0,1.0,1.0,2.0
22201207,1610612751,BKN,Brooklyn,203552,Seth Curry,Seth,,,15:05,4.0,6.0,0.667,3.0,4.0,0.75,2.0,2.0,1.0,0.0,1.0,1.0,1.0,1.0,0.0,1.0,1.0,13.0,3.0
22201207,1610612751,BKN,Brooklyn,1629139,Yuta Watanabe,Yuta,,,2:36,0.0,1.0,0.0,0.0,1.0,0.0,0.0,0.0,0.0,0.0,1.0,1.0,0.0,0.0,0.0,0.0,0.0,0.0,1.0
22201207,1610612751,BKN,Brooklyn,1630696,Dru Smith,Dru,,,2:36,0.0,1.0,0.0,0.0,0.0,0.0,0.0,0.0,0.0,0.0,1.0,1.0,3.0,0.0,0.0,0.0,2.0,0.0,1.0
22201207,1610612751,BKN,Brooklyn,1630561,David Duke Jr.,David,,,2:36,2.0,2.0,1.0,0.0,0.0,0.0,0.0,0.0,0.0,0.0,0.0,0.0,0.0,0.0,0.0,0.0,0.0,4.0,1.0
22201207,1610612751,BKN,Brooklyn,201988,Patty Mills,Patty,,DNP - Coach's Decision,,,,,,,,,,,,,,,,,,,,
22201207,1610612751,BKN,Brooklyn,1630560,Cam Thomas,Cam,,DNP - Coach's Decision,,,,,,,,,,,,,,,,,,,,
22201203,1610612765,DET,Detroit,1630181,R.J. Hampton,R.J.,F,,31:59,5.0,11.0,0.455,0.0,3.0,0.0,0.0,0.0,0.0,1.0,5.0,6.0,2.0,1.0,1.0,1.0,2.0,10.0,2.0
22201203,1610612765,DET,Detroit,1630164,James Wiseman,James,F,,7:31,1.0,2.0,0.5,0.0,0.0,0.0,1.0,2.0,0.5,0.0,3.0,3.0,0.0,0.0,0.0,0.0,1.0,3.0,-14.0
22201203,1610612765,DET,Detroit,1631105,Jalen Duren,Jalen,C,,22:57,5.0,6.0,0.833,0.0,0.0,0.0,0.0,0.0,0.0,3.0,7.0,10.0,0.0,1.0,2.0,4.0,5.0,10.0,4.0
22201203,1610612765,DET,Detroit,1630165,Killian Hayes,Killian,G,,39:52,9.0,19.0,0.474,3.0,7.0,0.429,7.0,7.0,1.0,2.0,2.0,4.0,6.0,4.0,1.0,1.0,4.0,28.0,6.0
22201203,1610612765,DET,Detroit,1631093,Jaden Ivey,Jaden,G,,42:05,9.0,20.0,0.45,3.0,8.0,0.375,8.0,10.0,0.8,1.0,4.0,5.0,9.0,2.0,0.0,4.0,3.0,29.0,-6.0
22201203,1610612765,DET,Detroit,1628963,Marvin Bagley III,Marvin,,,22:50,4.0,9.0,0.444,1.0,1.0,1.0,5.0,7.0,0.714,1.0,4.0,5.0,1.0,0.0,1.0,2.0,0.0,14.0,6.0
22201203,1610612765,DET,Detroit,202709,Cory Joseph,Cory,,,32:32,7.0,14.0,0.5,4.0,9.0,0.444,0.0,0.0,0.0,1.0,2.0,3.0,5.0,2.0,0.0,1.0,5.0,18.0,14.0
22201203,1610612765,DET,Detroit,1631197,Jared Rhoden,Jared,,,34:08,4.0,9.0,0.444,2.0,3.0,0.667,0.0,0.0,0.0,1.0,5.0,6.0,1.0,2.0,1.0,0.0,3.0,10.0,18.0
22201203,1610612765,DET,Detroit,1631205,Buddy Boeheim,Buddy,,,6:06,0.0,0.0,0.0,0.0,0.0,0.0,0.0,0.0,0.0,0.0,0.0,0.0,0.0,0.0,0.0,0.0,1.0,0.0,5.0
22201203,1610612765,DET,Detroit,1630587,Isaiah Livers,Isaiah,,DNP - Injury/Illness,,,,,,,,,,,,,,,,,,,,
22201203,1610612765,DET,Detroit,203585,Rodney McGruder,Rodney,,DNP - Injury/Illness,,,,,,,,,,,,,,,,,,,,
22201203,1610612765,DET,Detroit,1630647,Eugene Omoruyi,Eugene,,DNP - Injury/Illness,,,,,,,,,,,,,,,,,,,,
22201203,1610612754,IND,Indiana,1629670,Jordan Nwora,Jordan,F,,24:57,6.0,13.0,0.462,1.0,4.0,0.25,0.0,0.0,0.0,2.0,4.0,6.0,3.0,0.0,0.0,0.0,3.0,13.0,15.0
22201203,1610612754,IND,Indiana,1630174,Aaron Nesmith,Aaron,F,,17:25,4.0,9.0,0.444,2.0,4.0,0.5,0.0,1.0,0.0,0.0,2.0,2.0,1.0,0.0,0.0,0.0,4.0,10.0,3.0
22201203,1610612754,IND,Indiana,1630543,Isaiah Jackson,Isaiah,C,,29:22,7.0,10.0,0.7,0.0,0.0,0.0,1.0,1.0,1.0,3.0,4.0,7.0,0.0,1.0,3.0,2.0,3.0,15.0,8.0
22201203,1610612754,IND,Indiana,1631097,Bennedict Mathurin,Bennedict,G,,38:35,4.0,10.0,0.4,0.0,1.0,0.0,8.0,10.0,0.8,1.0,3.0,4.0,3.0,2.0,0.0,5.0,5.0,16.0,4.0
22201203,1610612754,IND,Indiana,1629614,Andrew Nembhard,Andrew,G,,30:05,5.0,8.0,0.625,0.0,0.0,0.0,2.0,2.0,1.0,1.0,3.0,4.0,10.0,0.0,0.0,4.0,1.0,12.0,10.0
22201203,1610612754,IND,Indiana,201949,James Johnson,James,,,18:38,3.0,6.0,0.5,0.0,2.0,0.0,0.0,0.0,0.0,1.0,5.0,6.0,1.0,1.0,0.0,3.0,2.0,6.0,-15.0
22201203,1610612754,IND,Indiana,1627741,Buddy Hield,Buddy,,,21:48,7.0,14.0,0.5,5.0,11.0,0.455,3.0,4.0,0.75,0.0,6.0,6.0,2.0,1.0,0.0,2.0,1.0,22.0,-18.0
22201203,1610612754,IND,Indiana,201588,George Hill,George,,,17:55,3.0,5.0,0.6,1.0,2.0,0.5,2.0,2.0,1.0,1.0,0.0,1.0,5.0,0.0,0.0,1.0,1.0,9.0,-17.0
22201203,1610612754,IND,Indiana,1629052,Oshae Brissett,Oshae,,,11:47,0.0,1.0,0.0,0.0,0.0,0.0,4.0,6.0,0.667,0.0,1.0,1.0,1.0,1.0,0.0,2.0,0.0,4.0,-19.0
22201203,1610612754,IND,Indiana,1628221,Gabe York,Gabe,,,29:28,2.0,7.0,0.286,2.0,7.0,0.286,2.0,2.0,1.0,0.0,5.0,5.0,3.0,1.0,0.0,0.0,2.0,8.0,-6.0
22201203,1610612754,IND,Indiana,1628464,Daniel Theis,Daniel,,DNP - Coach's Decision,,,,,,,,,,,,,,,,,,,,
22201210,1610612741,CHI,Chicago,1627936,Alex Caruso,Alex,F,,17:53,3.0,4.0,0.75,1.0,1.0,1.0,0.0,0.0,0.0,1.0,0.0,1.0,1.0,0.0,1.0,2.0,2.0,7.0,-2.0
22201210,1610612741,CHI,Chicago,1630172,Patrick Williams,Patrick,F,,36:41,9.0,18.0,0.5,3.0,5.0,0.6,2.0,3.0,0.667,1.0,7.0,8.0,2.0,2.0,2.0,2.0,2.0,23.0,11.0
22201210,1610612741,CHI,Chicago,202696,Nikola Vučević,Nikola,C,,27:44,7.0,11.0,0.636,1.0,3.0,0.333,5.0,5.0,1.0,1.0,9.0,10.0,4.0,0.0,0.0,1.0,1.0,20.0,-5.0
22201210,1610612741,CHI,Chicago,1629632,Coby White,Coby,G,,42:05,10.0,17.0,0.588,2.0,6.0,0.333,2.0,2.0,1.0,0.0,7.0,7.0,11.0,0.0,0.0,3.0,2.0,24.0,16.0
22201210,1610612741,CHI,Chicago,1630245,Ayo Dosunmu,Ayo,G,,37:36,6.0,14.0,0.429,0.0,5.0,0.0,0.0,0.0,0.0,1.0,8.0,9.0,5.0,1.0,0.0,2.0,1.0,12.0,8.0
22201210,1610612741,CHI,Chicago,1630637,Carlik Jones,Carlik,,,15:13,2.0,2.0,1.0,2.0,2.0,1.0,0.0,0.0,0.0,0.0,1.0,1.0,1.0,1.0,0.0,1.0,0.0,6.0,-1.0
22201210,1610612741,CHI,Chicago,1631207,Dalen Terry,Dalen,,,16:19,3.0,10.0,0.3,0.0,4.0,0.0,2.0,2.0,1.0,1.0,2.0,3.0,0.0,1.0,0.0,1.0,3.0,8.0,-18.0
22201210,1610612741,CHI,Chicago,1627884,Derrick Jones Jr.,Derrick,,,20:53,2.0,6.0,0.333,2.0,4.0,0.5,0.0,2.0,0.0,1.0,4.0,5.0,0.0,0.0,1.0,0.0,4.0,6.0,4.0
22201210,1610612741,CHI,Chicago,1629750,Javonte Green,Javonte,,,13:36,0.0,2.0,0.0,0.0,1.0,0.0,1.0,2.0,0.5,0.0,3.0,3.0,0.0,1.0,0.0,0.0,0.0,1.0,-7.0
22201210,1610612741,CHI,Chicago,1630678,Terry Taylor,Terry,,,12:00,4.0,4.0,1.0,0.0,0.0,0.0,0.0,2.0,0.0,2.0,1.0,3.0,0.0,0.0,0.0,0.0,0.0,8.0,9.0
22201210,1610612741,CHI,Chicago,203083,Andre Drummond,Andre,,DNP - Coach's Decision,,,,,,,,,,,,,,,,,,,,
22201210,1610612741,CHI,Chicago,1630250,Marko Simonovic,Marko,,DNP - Coach's Decision,,,,,,,,,,,,,,,,,,,,
22201210,1610612742,DAL,Dallas,1628373,Frank Ntilikina,Frank,F,,33:00,2.0,7.0,0.286,1.0,3.0,0.333,2.0,2.0,1.0,1.0,2.0,3.0,3.0,3.0,1.0,2.0,3.0,7.0,-1.0
22201210,1610612742,DAL,Dallas,203493,Reggie Bullock Jr.,Reggie,F,,33:37,2.0,5.0,0.4,2.0,5.0,0.4,0.0,0.0,0.0,0.0,1.0,1.0,5.0,0.0,0.0,0.0,1.0,6.0,-27.0
22201210,1610612742,DAL,Dallas,203939,Dwight Powell,Dwight,C,,10:28,0.0,0.0,0.0,0.0,0.0,0.0,0.0,0.0,0.0,2.0,1.0,3.0,1.0,0.0,0.0,0.0,0.0,0.0,-1.0
22201210,1610612742,DAL,Dallas,1630702,Jaden Hardy,Jaden,G,,16:23,3.0,9.0,0.333,3.0,7.0,0.429,0.0,0.0,0.0,0.0,4.0,4.0,1.0,0.0,0.0,1.0,0.0,9.0,-2.0
22201210,1610612742,DAL,Dallas,1629029,Luka Dončić,Luka,G,,12:35,4.0,11.0,0.364,0.0,5.0,0.0,5.0,7.0,0.714,0.0,5.0,5.0,3.0,0.0,0.0,0.0,1.0,13.0,5.0
22201210,1610612742,DAL,Dallas,202722,Dāvis Bertāns,Dāvis,,,15:16,3.0,7.0,0.429,2.0,6.0,0.333,3.0,3.0,1.0,0.0,2.0,2.0,0.0,1.0,0.0,0.0,1.0,11.0,12.0
22201210,1610612742,DAL,Dallas,203200,Justin Holiday,Justin,,,26:27,5.0,11.0,0.455,1.0,6.0,0.167,0.0,1.0,0.0,1.0,5.0,6.0,3.0,2.0,1.0,1.0,2.0,11.0,12.0
22201210,1610612742,DAL,Dallas,201580,JaVale McGee,JaVale,,,7:18,4.0,4.0,1.0,1.0,1.0,1.0,0.0,0.0,0.0,0.0,2.0,2.0,0.0,0.0,1.0,0.0,1.0,9.0,13.0
22201210,1610612742,DAL,Dallas,1629033,Theo Pinson,Theo,,,30:45,3.0,10.0,0.3,2.0,8.0,0.25,0.0,0.0,0.0,0.0,7.0,7.0,3.0,1.0,0.0,2.0,4.0,8.0,4.0
22201210,1610612742,DAL,Dallas,202693,Markieff Morris,Markieff,,,8:07,5.0,6.0,0.833,3.0,4.0,0.75,0.0,0.0,0.0,0.0,2.0,2.0,1.0,0.0,0.0,0.0,2.0,13.0,6.0
22201210,1610612742,DAL,Dallas,1630593,McKinley Wright IV,McKinley,,,23:31,6.0,14.0,0.429,1.0,4.0,0.25,0.0,0.0,0.0,0.0,2.0,2.0,3.0,0.0,0.0,1.0,0.0,13.0,-17.0
22201210,1610612742,DAL,Dallas,1630639,A.J. Lawson,A.J.,,,22:33,5.0,9.0,0.556,2.0,6.0,0.333,0.0,0.0,0.0,3.0,3.0,6.0,0.0,0.0,0.0,2.0,0.0,12.0,-19.0
22201197,1610612739,CLE,Cleveland,1630205,Lamar Stevens,Lamar,F,,31:22,5.0,14.0,0.357,2.0,5.0,0.4,1.0,2.0,0.5,1.0,5.0,6.0,1.0,2.0,1.0,1.0,1.0,13.0,13.0
22201197,1610612739,CLE,Cleveland,1629731,Dean Wade,Dean,F,,22:34,3.0,7.0,0.429,1.0,4.0,0.25,0.0,0.0,0.0,2.0,4.0,6.0,2.0,1.0,0.0,2.0,1.0,7.0,11.0
22201197,1610612739,CLE,Cleveland,201577,Robin Lopez,Robin,C,,18:56,4.0,4.0,1.0,0.0,0.0,0.0,0.0,0.0,0.0,1.0,1.0,2.0,3.0,1.0,1.0,1.0,4.0,8.0,3.0
22201197,1610612739,CLE,Cleveland,1626224,Cedi Osman,Cedi,G,,22:07,7.0,11.0,0.636,4.0,6.0,0.667,1.0,1.0,1.0,0.0,5.0,5.0,4.0,0.0,0.0,1.0,0.0,19.0,15.0
22201197,1610612739,CLE,Cleveland,201937,Ricky Rubio,Ricky,G,,20:28,2.0,7.0,0.286,1.0,2.0,0.5,0.0,0.0,0.0,0.0,2.0,2.0,5.0,1.0,0.0,0.0,2.0,5.0,15.0
22201197,1610612739,CLE,Cleveland,203526,Raul Neto,Raul,,,24:22,3.0,6.0,0.5,0.0,1.0,0.0,2.0,2.0,1.0,1.0,1.0,2.0,8.0,0.0,1.0,6.0,4.0,8.0,3.0
22201197,1610612739,CLE,Cleveland,201980,Danny Green,Danny,,,26:02,8.0,14.0,0.571,5.0,9.0,0.556,0.0,0.0,0.0,0.0,3.0,3.0,3.0,3.0,1.0,1.0,1.0,21.0,19.0
22201197,1610612739,CLE,Cleveland,1629603,Mamadi Diakite,Mamadi,,,23:37,5.0,7.0,0.714,1.0,2.0,0.5,2.0,2.0,1.0,2.0,6.0,8.0,1.0,1.0,1.0,3.0,5.0,13.0,9.0
22201197,1610612739,CLE,Cleveland,1630600,Isaiah Mobley,Isaiah,,,28:45,7.0,12.0,0.583,2.0,3.0,0.667,2.0,2.0,1.0,2.0,2.0,4.0,1.0,3.0,2.0,1.0,3.0,18.0,17.0
22201197,1610612739,CLE,Cleveland,1630241,Sam Merrill,Sam,,,21:47,2.0,6.0,0.333,2.0,6.0,0.333,0.0,0.0,0.0,0.0,4.0,4.0,3.0,1.0,0.0,0.0,0.0,6.0,15.0
22201197,1610612739,CLE,Cleveland,1627747,Caris LeVert,Caris,,DND - Injury/Illness,,,,,,,,,,,,,,,,,,,,
22201197,1610612753,ORL,Orlando,1629643,Chuma Okeke,Chuma,F,,31:41,1.0,6.0,0.167,0.0,3.0,0.0,0.0,0.0,0.0,1.0,4.0,5.0,3.0,3.0,2.0,1.0,3.0,2.0,-10.0
22201197,1610612753,ORL,Orlando,1629626,Bol Bol,Bol,F,,29:55,6.0,15.0,0.4,1.0,7.0,0.143,5.0,5.0,1.0,1.0,7.0,8.0,3.0,0.0,0.0,4.0,0.0,18.0,-10.0
22201197,1610612753,ORL,Orlando,1629021,Moritz Wagner,Moritz,C,,20:53,3.0,11.0,0.273,2.0,5.0,0.4,1.0,2.0,0.5,1.0,3.0,4.0,2.0,0.0,1.0,3.0,3.0,9.0,-12.0
22201197,1610612753,ORL,Orlando,1631216,Caleb Houstan,Caleb,G,,30:13,3.0,9.0,0.333,2.0,7.0,0.286,0.0,0.0,0.0,1.0,1.0,2.0,2.0,1.0,0.0,1.0,0.0,8.0,-16.0
22201197,1610612753,ORL,Orlando,1630591,Jalen Suggs,Jalen,G,,23:49,7.0,15.0,0.467,5.0,9.0,0.556,3.0,3.0,1.0,2.0,3.0,5.0,4.0,0.0,1.0,2.0,1.0,22.0,-8.0
22201197,1610612753,ORL,Orlando,1629048,Goga Bitadze,Goga,,,20:51,3.0,7.0,0.429,0.0,1.0,0.0,1.0,2.0,0.5,2.0,5.0,7.0,1.0,0.0,2.0,1.0,0.0,7.0,-17.0
22201197,1610612753,ORL,Orlando,1630206,Jay Scrubb,Jay,,,27:35,4.0,6.0,0.667,2.0,2.0,1.0,1.0,2.0,0.5,0.0,5.0,5.0,1.0,2.0,0.0,3.0,1.0,11.0,-18.0
22201197,1610612753,ORL,Orlando,1630284,Kevon Harris,Kevon,,,24:21,3.0,6.0,0.5,0.0,3.0,0.0,2.0,3.0,0.667,0.0,0.0,0.0,1.0,1.0,0.0,3.0,2.0,8.0,-3.0
22201197,1610612753,ORL,Orlando,1629678,Admiral Schofield,Admiral,,,18:32,2.0,6.0,0.333,1.0,2.0,0.5,2.0,2.0,1.0,1.0,2.0,3.0,1.0,1.0,1.0,3.0,1.0,7.0,-14.0
22201197,1610612753,ORL,Orlando,203487,Michael Carter-Williams,Michael,,,12:10,1.0,2.0,0.5,0.0,0.0,0.0,0.0,0.0,0.0,0.0,0.0,0.0,3.0,0.0,1.0,0.0,0.0,2.0,-12.0
22201197,1610612753,ORL,Orlando,1630175,Cole Anthony,Cole,,DNP - Coach's Decision,,,,,,,,,,,,,,,,,,,,
22201198,1610612748,MIA,Miami,202710,Jimmy Butler III,Jimmy,F,,29:10,9.0,12.0,0.75,1.0,3.0,0.333,5.0,6.0,0.833,0.0,3.0,3.0,6.0,0.0,0.0,0.0,1.0,24.0,11.0
22201198,1610612748,MIA,Miami,1629622,Max Strus,Max,F,,24:18,5.0,9.0,0.556,4.0,8.0,0.5,0.0,0.0,0.0,0.0,1.0,1.0,4.0,0.0,0.0,1.0,2.0,14.0,16.0
22201198,1610612748,MIA,Miami,1628389,Bam Adebayo,Bam,C,,23:57,7.0,11.0,0.636,0.0,0.0,0.0,0.0,0.0,0.0,4.0,4.0,8.0,1.0,0.0,0.0,0.0,0.0,14.0,7.0
22201198,1610612748,MIA,Miami,1629639,Tyler Herro,Tyler,G,,31:33,7.0,17.0,0.412,5.0,8.0,0.625,5.0,5.0,1.0,0.0,4.0,4.0,5.0,1.0,0.0,1.0,0.0,24.0,19.0
22201198,1610612748,MIA,Miami,1629216,Gabe Vincent,Gabe,G,,21:07,2.0,7.0,0.286,1.0,3.0,0.333,0.0,0.0,0.0,0.0,2.0,2.0,3.0,1.0,0.0,1.0,2.0,5.0,2.0
22201198,1610612748,MIA,Miami,200768,Kyle Lowry,Kyle,,,22:08,4.0,5.0,0.8,3.0,4.0,0.75,0.0,0.0,0.0,1.0,4.0,5.0,7.0,1.0,0.0,0.0,1.0,11.0,27.0
22201198,1610612748,MIA,Miami,1628997,Caleb Martin,Caleb,,,35:24,5.0,10.0,0.5,1.0,4.0,0.25,2.0,2.0,1.0,2.0,5.0,7.0,5.0,0.0,0.0,1.0,2.0,13.0,22.0
22201198,1610612748,MIA,Miami,201567,Kevin Love,Kevin,,,19:18,2.0,7.0,0.286,2.0,6.0,0.333,1.0,2.0,0.5,1.0,5.0,6.0,4.0,0.0,0.0,3.0,1.0,7.0,22.0
22201198,1610612748,MIA,Miami,1629312,Haywood Highsmith,Haywood,,,18:21,3.0,4.0,0.75,0.0,1.0,0.0,0.0,0.0,0.0,2.0,2.0,4.0,2.0,0.0,0.0,2.0,2.0,6.0,17.0
22201198,1610612748,MIA,Miami,1629130,Duncan Robinson,Duncan,,,5:14,2.0,3.0,0.667,1.0,2.0,0.5,0.0,0.0,0.0,0.0,0.0,0.0,1.0,0.0,0.0,0.0,0.0,5.0,-1.0
22201198,1610612748,MIA,Miami,1631288,Jamal Cain,Jamal,,,4:45,1.0,1.0,1.0,0.0,0.0,0.0,0.0,0.0,0.0,0.0,1.0,1.0,1.0,0.0,0.0,0.0,1.0,2.0,-1.0
22201198,1610612748,MIA,Miami,1630209,Omer Yurtseven,Omer,,,4:45,2.0,2.0,1.0,0.0,0.0,0.0,0.0,0.0,0.0,0.0,1.0,1.0,0.0,0.0,0.0,1.0,1.0,4.0,-1.0
22201198,1610612748,MIA,Miami,2617,Udonis Haslem,Udonis,,DNP - Coach's Decision,,,,,,,,,,,,,,,,,,,,
22201198,1610612748,MIA,Miami,203506,Victor Oladipo,Victor,,DNP - Coach's Decision,,,,,,,,,,,,,,,,,,,,
22201198,1610612748,MIA,Miami,203469,Cody Zeller,Cody,,DNP - Coach's Decision,,,,,,,,,,,,,,,,,,,,
22201198,1610612755,PHI,Philadelphia,202699,Tobias Harris,Tobias,F,,23:30,4.0,8.0,0.5,1.0,3.0,0.333,2.0,2.0,1.0,2.0,3.0,5.0,2.0,1.0,0.0,1.0,2.0,11.0,-4.0
22201198,1610612755,PHI,Philadelphia,200782,P.J. Tucker,P.J.,F,,21:53,1.0,2.0,0.5,0.0,1.0,0.0,0.0,0.0,0.0,1.0,2.0,3.0,1.0,0.0,0.0,0.0,1.0,2.0,-4.0
22201198,1610612755,PHI,Philadelphia,203954,Joel Embiid,Joel,C,,30:26,9.0,13.0,0.692,1.0,2.0,0.5,2.0,4.0,0.5,0.0,6.0,6.0,2.0,0.0,2.0,2.0,1.0,21.0,-11.0
22201198,1610612755,PHI,Philadelphia,1629001,De'Anthony Melton,De'Anthony,G,,21:15,1.0,5.0,0.2,1.0,5.0,0.2,0.0,0.0,0.0,0.0,4.0,4.0,2.0,0.0,1.0,0.0,1.0,3.0,-6.0
22201198,1610612755,PHI,Philadelphia,201935,James Harden,James,G,,27:35,5.0,12.0,0.417,2.0,6.0,0.333,2.0,2.0,1.0,0.0,4.0,4.0,4.0,0.0,0.0,3.0,1.0,14.0,-14.0
22201198,1610612755,PHI,Philadelphia,1629667,Jalen McDaniels,Jalen,,,25:27,4.0,8.0,0.5,2.0,5.0,0.4,0.0,0.0,0.0,0.0,0.0,0.0,1.0,4.0,0.0,2.0,4.0,10.0,-22.0
22201198,1610612755,PHI,Philadelphia,1627863,Danuel House Jr.,Danuel,,,20:16,2.0,5.0,0.4,0.0,3.0,0.0,0.0,0.0,0.0,0.0,3.0,3.0,1.0,0.0,0.0,0.0,3.0,4.0,-13.0
22201198,1610612755,PHI,Philadelphia,1629003,Shake Milton,Shake,,,26:47,4.0,7.0,0.571,0.0,3.0,0.0,3.0,3.0,1.0,0.0,2.0,2.0,10.0,0.0,1.0,3.0,1.0,11.0,-22.0
22201198,1610612755,PHI,Philadelphia,1627777,Georges Niang,Georges,,,15:17,3.0,7.0,0.429,1.0,4.0,0.25,0.0,0.0,0.0,0.0,1.0,1.0,0.0,1.0,0.0,1.0,1.0,7.0,-20.0
22201198,1610612755,PHI,Philadelphia,1630194,Paul Reed,Paul,,,10:19,1.0,1.0,1.0,0.0,0.0,0.0,0.0,0.0,0.0,0.0,1.0,1.0,0.0,1.0,0.0,2.0,1.0,2.0,-12.0
22201198,1610612755,PHI,Philadelphia,1627788,Furkan Korkmaz,Furkan,,,10:00,3.0,6.0,0.5,2.0,4.0,0.5,0.0,0.0,0.0,0.0,3.0,3.0,0.0,0.0,0.0,1.0,2.0,8.0,-7.0
22201198,1610612755,PHI,Philadelphia,1626149,Montrezl Harrell,Montrezl,,,7:15,2.0,2.0,1.0,0.0,0.0,0.0,4.0,4.0,1.0,0.0,0.0,0.0,0.0,0.0,0.0,0.0,0.0,8.0,-5.0
22201198,1610612755,PHI,Philadelphia,203473,Dewayne Dedmon,Dewayne,,DNP - Coach's Decision,,,,,,,,,,,,,,,,,,,,
22201199,1610612757,POR,Portland,1630570,Trendon Watford,Trendon,F,,19:44,7.0,12.0,0.583,0.0,1.0,0.0,2.0,2.0,1.0,1.0,5.0,6.0,3.0,0.0,1.0,1.0,2.0,16.0,-2.0
22201199,1610612757,POR,Portland,1631219,John Butler Jr.,John,F,,36:32,4.0,11.0,0.364,2.0,6.0,0.333,2.0,2.0,1.0,0.0,2.0,2.0,4.0,2.0,2.0,1.0,2.0,12.0,-6.0
22201199,1610612757,POR,Portland,1629234,Drew Eubanks,Drew,C,,27:47,9.0,13.0,0.692,3.0,4.0,0.75,2.0,3.0,0.667,0.0,9.0,9.0,2.0,0.0,5.0,0.0,2.0,23.0,-1.0
22201199,1610612757,POR,Portland,1631466,Nate Williams,Nate,G,,31:56,8.0,10.0,0.8,0.0,1.0,0.0,0.0,0.0,0.0,2.0,2.0,4.0,4.0,0.0,0.0,1.0,6.0,16.0,-4.0
22201199,1610612757,POR,Portland,1630219,Skylar Mays,Skylar,G,,22:30,4.0,7.0,0.571,1.0,3.0,0.333,2.0,2.0,1.0,0.0,2.0,2.0,7.0,1.0,1.0,3.0,0.0,11.0,0.0
22201199,1610612757,POR,Portland,1627885,Shaquille Harrison,Shaquille,,,24:17,3.0,8.0,0.375,0.0,2.0,0.0,4.0,5.0,0.8,1.0,3.0,4.0,9.0,2.0,1.0,2.0,3.0,10.0,6.0
22201199,1610612757,POR,Portland,1628995,Kevin Knox II,Kevin,,,23:32,9.0,15.0,0.6,3.0,6.0,0.5,3.0,4.0,0.75,1.0,2.0,3.0,2.0,0.0,0.0,4.0,0.0,24.0,-2.0
22201199,1610612757,POR,Portland,1631133,Jabari Walker,Jabari,,,25:58,4.0,12.0,0.333,0.0,2.0,0.0,0.0,0.0,0.0,2.0,1.0,3.0,2.0,1.0,1.0,2.0,5.0,8.0,-10.0
22201199,1610612757,POR,Portland,1631303,Justin Minaya,Justin,,,27:44,3.0,8.0,0.375,1.0,3.0,0.333,0.0,0.0,0.0,1.0,2.0,3.0,1.0,1.0,3.0,1.0,2.0,7.0,9.0
22201199,1610612757,POR,Portland,1629629,Cam Reddish,Cam,,DND - Injury/Illness,,,,,,,,,,,,,,,,,,,,
22201199,1610612757,POR,Portland,1631101,Shaedon Sharpe,Shaedon,,DND - Injury/Illness,,,,,,,,,,,,,,,,,,,,
22201199,1610612759,SAS,San Antonio,1629640,Keldon Johnson,Keldon,F,,32:15,10.0,24.0,0.417,1.0,8.0,0.125,3.0,3.0,1.0,1.0,4.0,5.0,4.0,1.0,0.0,2.0,2.0,24.0,1.0
22201199,1610612759,SAS,San Antonio,1628966,Keita Bates-Diop,Keita,F,,26:16,7.0,11.0,0.636,2.0,4.0,0.5,9.0,10.0,0.9,1.0,5.0,6.0,4.0,1.0,0.0,0.0,1.0,25.0,4.0
22201199,1610612759,SAS,San Antonio,1628380,Zach Collins,Zach,C,,30:11,9.0,14.0,0.643,1.0,3.0,0.333,2.0,3.0,0.667,4.0,6.0,10.0,4.0,0.0,3.0,2.0,5.0,21.0,3.0
22201199,1610612759,SAS,San Antonio,1631103,Malaki Branham,Malaki,G,,23:19,1.0,12.0,0.083,0.0,5.0,0.0,0.0,0.0,0.0,0.0,3.0,3.0,0.0,0.0,0.0,0.0,0.0,2.0,-14.0
22201199,1610612759,SAS,San Antonio,1630200,Tre Jones,Tre,G,,31:18,5.0,11.0,0.455,1.0,3.0,0.333,7.0,7.0,1.0,3.0,1.0,4.0,10.0,1.0,0.0,2.0,0.0,18.0,8.0
22201199,1610612759,SAS,San Antonio,1630577,Julian Champagnie,Julian,,,25:29,8.0,14.0,0.571,5.0,9.0,0.556,3.0,4.0,0.75,2.0,3.0,5.0,1.0,2.0,0.0,2.0,2.0,24.0,11.0
22201199,1610612759,SAS,San Antonio,1630572,Sandro Mamukelashvili,Sandro,,,21:03,2.0,8.0,0.25,0.0,2.0,0.0,0.0,0.0,0.0,4.0,3.0,7.0,1.0,2.0,1.0,1.0,0.0,4.0,1.0
22201199,1610612759,SAS,San Antonio,1629641,Romeo Langford,Romeo,,,18:06,2.0,5.0,0.4,0.0,1.0,0.0,0.0,0.0,0.0,2.0,1.0,3.0,3.0,1.0,0.0,3.0,1.0,4.0,2.0
22201199,1610612759,SAS,San Antonio,1631230,Dominick Barlow,Dominick,,,15:21,2.0,4.0,0.5,0.0,0.0,0.0,1.0,1.0,1.0,1.0,1.0,2.0,1.0,0.0,0.0,0.0,1.0,5.0,0.0
22201199,1610612759,SAS,San Antonio,1631104,Blake Wesley,Blake,,,16:42,1.0,3.0,0.333,0.0,0.0,0.0,0.0,0.0,0.0,0.0,2.0,2.0,1.0,1.0,0.0,2.0,0.0,2.0,-6.0
22201199,1610612759,SAS,San Antonio,203476,Gorgui Dieng,Gorgui,,DNP - Coach's Decision,,,,,,,,,,,,,,,,,,,,
22201199,1610612759,SAS,San Antonio,1630170,Devin Vassell,Devin,,DNP - Injury/Illness,,,,,,,,,,,,,,,,,,,,
22201200,1610612760,OKC,Oklahoma City,1629652,Luguentz Dort,Luguentz,F,,19:03,1.0,7.0,0.143,0.0,3.0,0.0,3.0,4.0,0.75,6.0,2.0,8.0,0.0,0.0,0.0,2.0,1.0,5.0,-4.0
22201200,1610612760,OKC,Oklahoma City,1631114,Jalen Williams,Jalen,F,,28:03,4.0,10.0,0.4,1.0,4.0,0.25,0.0,0.0,0.0,0.0,1.0,1.0,5.0,0.0,0.0,2.0,3.0,9.0,11.0
22201200,1610612760,OKC,Oklahoma City,1631119,Jaylin Williams,Jaylin,C,,22:39,4.0,8.0,0.5,3.0,5.0,0.6,0.0,0.0,0.0,2.0,4.0,6.0,2.0,1.0,0.0,1.0,2.0,11.0,-2.0
22201200,1610612760,OKC,Oklahoma City,1630581,Josh Giddey,Josh,G,,35:42,6.0,14.0,0.429,2.0,5.0,0.4,3.0,4.0,0.75,1.0,7.0,8.0,8.0,3.0,0.0,4.0,3.0,17.0,14.0
22201200,1610612760,OKC,Oklahoma City,1628983,Shai Gilgeous-Alexander,Shai,G,,37:43,7.0,19.0,0.368,1.0,5.0,0.2,7.0,10.0,0.7,2.0,5.0,7.0,7.0,1.0,0.0,1.0,3.0,22.0,7.0
22201200,1610612760,OKC,Oklahoma City,1630598,Aaron Wiggins,Aaron,,,28:24,5.0,9.0,0.556,1.0,4.0,0.25,4.0,4.0,1.0,0.0,4.0,4.0,3.0,3.0,0.0,0.0,2.0,15.0,19.0
22201200,1610612760,OKC,Oklahoma City,1630198,Isaiah Joe,Isaiah,,,21:16,3.0,11.0,0.273,3.0,9.0,0.333,2.0,2.0,1.0,0.0,3.0,3.0,3.0,2.0,0.0,2.0,1.0,11.0,9.0
22201200,1610612760,OKC,Oklahoma City,203967,Dario Šarić,Dario,,,23:16,5.0,10.0,0.5,2.0,4.0,0.5,2.0,2.0,1.0,3.0,7.0,10.0,1.0,1.0,2.0,0.0,1.0,14.0,20.0
22201200,1610612760,OKC,Oklahoma City,1630322,Lindy Waters III,Lindy,,,15:54,4.0,7.0,0.571,2.0,5.0,0.4,0.0,0.0,0.0,3.0,0.0,3.0,0.0,1.0,0.0,0.0,1.0,10.0,16.0
22201200,1610612760,OKC,Oklahoma City,1630544,Tre Mann,Tre,,,1:36,0.0,0.0,0.0,0.0,0.0,0.0,0.0,0.0,0.0,0.0,0.0,0.0,0.0,0.0,0.0,0.0,0.0,0.0,-2.0
22201200,1610612760,OKC,Oklahoma City,1630215,Jared Butler,Jared,,,1:36,0.0,0.0,0.0,0.0,0.0,0.0,0.0,0.0,0.0,0.0,0.0,0.0,0.0,0.0,0.0,0.0,0.0,0.0,-2.0
22201200,1610612760,OKC,Oklahoma City,1630526,Jeremiah Robinson-Earl,Jeremiah,,,1:36,0.0,0.0,0.0,0.0,0.0,0.0,0.0,0.0,0.0,0.0,0.0,0.0,0.0,0.0,0.0,0.0,0.0,0.0,-2.0
22201200,1610612760,OKC,Oklahoma City,1631172,Ousmane Dieng,Ousmane,,,1:36,0.0,2.0,0.0,0.0,1.0,0.0,0.0,0.0,0.0,0.0,0.0,0.0,0.0,0.0,0.0,0.0,0.0,0.0,-2.0
22201200,1610612760,OKC,Oklahoma City,1630846,Olivier Sarr,Olivier,,,1:36,0.0,0.0,0.0,0.0,0.0,0.0,0.0,0.0,0.0,0.0,0.0,0.0,0.0,0.0,0.0,0.0,0.0,0.0,-2.0
22201200,1610612762,UTA,Utah,1629677,Luka Samanic,Luka,F,,30:33,3.0,8.0,0.375,1.0,5.0,0.2,1.0,2.0,0.5,0.0,3.0,3.0,4.0,0.0,0.0,0.0,4.0,8.0,4.0
22201200,1610612762,UTA,Utah,203482,Kelly Olynyk,Kelly,F,,32:24,6.0,10.0,0.6,0.0,2.0,0.0,4.0,6.0,0.667,2.0,12.0,14.0,8.0,1.0,0.0,7.0,2.0,16.0,-9.0
22201200,1610612762,UTA,Utah,1628962,Udoka Azubuike,Udoka,C,,25:07,6.0,8.0,0.75,0.0,0.0,0.0,0.0,0.0,0.0,2.0,5.0,7.0,0.0,0.0,1.0,1.0,1.0,12.0,-14.0
22201200,1610612762,UTA,Utah,1630534,Ochai Agbaji,Ochai,G,,30:39,6.0,18.0,0.333,0.0,8.0,0.0,1.0,2.0,0.5,0.0,1.0,1.0,0.0,0.0,0.0,1.0,5.0,13.0,-7.0
22201200,1610612762,UTA,Utah,1627739,Kris Dunn,Kris,G,,34:40,9.0,10.0,0.9,2.0,2.0,1.0,2.0,2.0,1.0,0.0,7.0,7.0,8.0,1.0,0.0,3.0,4.0,22.0,1.0
22201200,1610612762,UTA,Utah,1631323,Simone Fontecchio,Simone,,,25:15,4.0,11.0,0.364,1.0,6.0,0.167,2.0,2.0,1.0,2.0,1.0,3.0,0.0,1.0,0.0,3.0,1.0,11.0,-13.0
22201200,1610612762,UTA,Utah,1627745,Damian Jones,Damian,,,21:17,2.0,3.0,0.667,0.0,0.0,0.0,0.0,0.0,0.0,0.0,2.0,2.0,0.0,1.0,1.0,2.0,3.0,4.0,-4.0
22201200,1610612762,UTA,Utah,1630548,Johnny Juzang,Johnny,,,15:31,3.0,6.0,0.5,1.0,3.0,0.333,0.0,0.0,0.0,1.0,2.0,3.0,1.0,1.0,0.0,1.0,1.0,7.0,-21.0
22201200,1610612762,UTA,Utah,1629308,Juan Toscano-Anderson,Juan,,,20:09,2.0,9.0,0.222,0.0,5.0,0.0,1.0,2.0,0.5,0.0,2.0,2.0,3.0,0.0,0.0,1.0,2.0,5.0,-19.0
22201200,1610612762,UTA,Utah,1630695,Micah Potter,Micah,,,4:25,0.0,0.0,0.0,0.0,0.0,0.0,0.0,0.0,0.0,0.0,3.0,3.0,0.0,0.0,0.0,0.0,0.0,0.0,2.0
22201200,1610612762,UTA,Utah,1629012,Collin Sexton,Collin,,DND - Injury/Illness,,,,,,,,,,,,,,,,,,,,
22201201,1610612743,DEN,Denver,1631128,Christian Braun,Christian,F,,33:24,6.0,11.0,0.545,2.0,5.0,0.4,1.0,2.0,0.5,2.0,2.0,4.0,3.0,2.0,0.0,2.0,3.0,15.0,-9.0
22201201,1610612743,DEN,Denver,1631212,Peyton Watson,Peyton,F,,25:41,1.0,6.0,0.167,0.0,1.0,0.0,1.0,2.0,0.5,0.0,5.0,5.0,2.0,0.0,0.0,2.0,4.0,3.0,-6.0
22201201,1610612743,DEN,Denver,201599,DeAndre Jordan,DeAndre,C,,30:03,6.0,6.0,1.0,0.0,0.0,0.0,0.0,0.0,0.0,3.0,8.0,11.0,1.0,0.0,0.0,1.0,1.0,12.0,-7.0
22201201,1610612743,DEN,Denver,1628971,Bruce Brown,Bruce,G,,38:17,11.0,18.0,0.611,0.0,1.0,0.0,9.0,9.0,1.0,3.0,3.0,6.0,4.0,0.0,0.0,2.0,1.0,31.0,5.0
22201201,1610612743,DEN,Denver,202704,Reggie Jackson,Reggie,G,,30:07,7.0,15.0,0.467,2.0,5.0,0.4,4.0,4.0,1.0,0.0,3.0,3.0,6.0,2.0,0.0,2.0,3.0,20.0,0.0
22201201,1610612743,DEN,Denver,1628427,Vlatko Čančar,Vlatko,,,20:24,1.0,3.0,0.333,0.0,2.0,0.0,0.0,0.0,0.0,0.0,3.0,3.0,0.0,2.0,2.0,0.0,2.0,2.0,-2.0
22201201,1610612743,DEN,Denver,1630192,Zeke Nnaji,Zeke,,,17:04,3.0,5.0,0.6,1.0,2.0,0.5,0.0,0.0,0.0,1.0,1.0,2.0,1.0,0.0,0.0,2.0,4.0,7.0,0.0
22201201,1610612743,DEN,Denver,201145,Jeff Green,Jeff,,,22:19,4.0,7.0,0.571,3.0,6.0,0.5,3.0,4.0,0.75,0.0,1.0,1.0,1.0,0.0,0.0,0.0,0.0,14.0,2.0
22201201,1610612743,DEN,Denver,202397,Ish Smith,Ish,,,22:41,5.0,12.0,0.417,0.0,1.0,0.0,1.0,2.0,0.5,0.0,3.0,3.0,6.0,1.0,0.0,1.0,1.0,11.0,-3.0
22201201,1610612743,DEN,Denver,1628418,Thomas Bryant,Thomas,,DNP - Coach's Decision,,,,,,,,,,,,,,,,,,,,
22201201,1610612743,DEN,Denver,1631298,Jack White,Jack,,DNP - Coach's Decision,,,,,,,,,,,,,,,,,,,,
22201201,1610612756,PHX,Phoenix,1629006,Josh Okogie,Josh,F,,21:49,1.0,4.0,0.25,0.0,2.0,0.0,3.0,6.0,0.5,1.0,2.0,3.0,2.0,2.0,1.0,1.0,1.0,5.0,3.0
22201201,1610612756,PHX,Phoenix,201142,Kevin Durant,Kevin,F,,40:38,9.0,18.0,0.5,6.0,10.0,0.6,5.0,7.0,0.714,0.0,7.0,7.0,4.0,0.0,1.0,4.0,0.0,29.0,-3.0
22201201,1610612756,PHX,Phoenix,1629028,Deandre Ayton,Deandre,C,,31:48,7.0,9.0,0.778,0.0,0.0,0.0,2.0,2.0,1.0,2.0,3.0,5.0,2.0,0.0,2.0,1.0,4.0,16.0,3.0
22201201,1610612756,PHX,Phoenix,1626164,Devin Booker,Devin,G,,37:28,3.0,12.0,0.25,1.0,5.0,0.2,8.0,8.0,1.0,0.0,1.0,1.0,8.0,0.0,0.0,2.0,3.0,15.0,10.0
22201201,1610612756,PHX,Phoenix,101108,Chris Paul,Chris,G,,37:08,9.0,15.0,0.6,7.0,12.0,0.583,0.0,0.0,0.0,1.0,5.0,6.0,2.0,1.0,1.0,1.0,0.0,25.0,-8.0
22201201,1610612756,PHX,Phoenix,1626166,Cameron Payne,Cameron,,,7:22,1.0,2.0,0.5,0.0,1.0,0.0,0.0,0.0,0.0,0.0,1.0,1.0,3.0,1.0,0.0,0.0,2.0,2.0,3.0
22201201,1610612756,PHX,Phoenix,1628470,Torrey Craig,Torrey,,,22:04,5.0,8.0,0.625,1.0,2.0,0.5,0.0,0.0,0.0,0.0,3.0,3.0,2.0,0.0,1.0,0.0,3.0,11.0,8.0
22201201,1610612756,PHX,Phoenix,202687,Bismack Biyombo,Bismack,,,11:03,1.0,3.0,0.333,0.0,0.0,0.0,2.0,2.0,1.0,2.0,1.0,3.0,0.0,0.0,0.0,1.0,1.0,4.0,0.0
22201201,1610612756,PHX,Phoenix,1629013,Landry Shamet,Landry,,,7:09,1.0,3.0,0.333,0.0,1.0,0.0,0.0,0.0,0.0,0.0,0.0,0.0,2.0,0.0,0.0,0.0,0.0,2.0,7.0
22201201,1610612756,PHX,Phoenix,1629111,Jock Landale,Jock,,,5:09,1.0,1.0,1.0,0.0,0.0,0.0,0.0,0.0,0.0,1.0,0.0,1.0,1.0,0.0,0.0,0.0,0.0,2.0,1.0
22201201,1610612756,PHX,Phoenix,203082,Terrence Ross,Terrence,,,15:02,3.0,4.0,0.75,2.0,3.0,0.667,0.0,0.0,0.0,0.0,3.0,3.0,0.0,0.0,0.0,0.0,0.0,8.0,-2.0
22201201,1610612756,PHX,Phoenix,1630688,Ish Wainright,Ish,,,3:20,0.0,0.0,0.0,0.0,0.0,0.0,0.0,0.0,0.0,0.0,0.0,0.0,0.0,0.0,0.0,0.0,2.0,0.0,-2.0
22201201,1610612756,PHX,Phoenix,1629647,Darius Bazley,Darius,,DNP - Coach's Decision,,,,,,,,,,,,,,,,,,,,
22201201,1610612756,PHX,Phoenix,1627814,Damion Lee,Damion,,DNP - Coach's Decision,,,,,,,,,,,,,,,,,,,,
22201201,1610612756,PHX,Phoenix,1630240,Saben Lee,Saben,,DNP - Coach's Decision,,,,,,,,,,,,,,,,,,,,
22201194,1610612763,MEM,Memphis,1628415,Dillon Brooks,Dillon,F,,37:50,9.0,15.0,0.6,5.0,8.0,0.625,2.0,4.0,0.5,2.0,4.0,6.0,2.0,2.0,0.0,4.0,6.0,25.0,-24.0
22201194,1610612763,MEM,Memphis,1628991,Jaren Jackson Jr.,Jaren,F,,40:39,13.0,28.0,0.464,3.0,9.0,0.333,11.0,12.0,0.917,4.0,5.0,9.0,3.0,1.0,4.0,3.0,4.0,40.0,-17.0
22201194,1610612763,MEM,Memphis,1630583,Santi Aldama,Santi,C,,6:57,1.0,4.0,0.25,0.0,1.0,0.0,0.0,0.0,0.0,0.0,1.0,1.0,1.0,0.0,0.0,0.0,1.0,2.0,-4.0
22201194,1610612763,MEM,Memphis,1630217,Desmond Bane,Desmond,G,,42:33,9.0,21.0,0.429,2.0,8.0,0.25,4.0,5.0,0.8,2.0,2.0,4.0,5.0,1.0,0.0,1.0,6.0,24.0,-2.0
22201194,1610612763,MEM,Memphis,1626145,Tyus Jones,Tyus,G,,42:48,5.0,9.0,0.556,1.0,4.0,0.25,2.0,2.0,1.0,0.0,8.0,8.0,12.0,4.0,1.0,3.0,1.0,13.0,-25.0
22201194,1610612763,MEM,Memphis,1631254,Kenneth Lofton Jr.,Kenneth,,,22:50,3.0,9.0,0.333,0.0,1.0,0.0,0.0,1.0,0.0,3.0,2.0,5.0,3.0,1.0,0.0,1.0,3.0,6.0,8.0
22201194,1610612763,MEM,Memphis,1629723,John Konchar,John,,,22:30,5.0,7.0,0.714,0.0,0.0,0.0,0.0,1.0,0.0,4.0,5.0,9.0,4.0,1.0,1.0,0.0,1.0,10.0,8.0
22201194,1610612763,MEM,Memphis,1631113,Kennedy Chandler,Kennedy,,,10:10,1.0,2.0,0.5,0.0,0.0,0.0,0.0,0.0,0.0,0.0,1.0,1.0,1.0,0.0,0.0,0.0,0.0,2.0,16.0
22201194,1610612763,MEM,Memphis,1631223,David Roddy,David,,,38:06,3.0,7.0,0.429,1.0,4.0,0.25,0.0,0.0,0.0,0.0,6.0,6.0,2.0,0.0,0.0,1.0,3.0,7.0,3.0
22201194,1610612763,MEM,Memphis,1631246,Vince Williams Jr.,Vince,,,0:37,1.0,2.0,0.5,0.0,1.0,0.0,0.0,0.0,0.0,0.0,0.0,0.0,0.0,0.0,0.0,0.0,0.0,2.0,2.0
22201194,1610612763,MEM,Memphis,1631222,Jake LaRavia,Jake,,DNP - Injury/Illness,,,,,,,,,,,,,,,,,,,,
22201194,1610612740,NOP,New Orleans,1630530,Trey Murphy III,Trey,F,,46:18,9.0,18.0,0.5,7.0,13.0,0.538,5.0,6.0,0.833,0.0,2.0,2.0,4.0,3.0,0.0,0.0,3.0,30.0,3.0
22201194,1610612740,NOP,New Orleans,1627742,Brandon Ingram,Brandon,F,,46:18,7.0,18.0,0.389,1.0,4.0,0.25,9.0,12.0,0.75,0.0,6.0,6.0,13.0,2.0,1.0,4.0,3.0,24.0,22.0
22201194,1610612740,NOP,New Orleans,202685,Jonas Valančiūnas,Jonas,C,,19:03,1.0,2.0,0.5,0.0,0.0,0.0,2.0,2.0,1.0,1.0,5.0,6.0,1.0,1.0,3.0,0.0,5.0,4.0,-5.0
22201194,1610612740,NOP,New Orleans,1630529,Herbert Jones,Herbert,G,,43:37,11.0,21.0,0.524,5.0,8.0,0.625,8.0,9.0,0.889,3.0,4.0,7.0,3.0,0.0,3.0,2.0,3.0,35.0,20.0
22201194,1610612740,NOP,New Orleans,203468,CJ McCollum,CJ,G,,44:24,10.0,16.0,0.625,6.0,9.0,0.667,5.0,10.0,0.5,1.0,9.0,10.0,6.0,1.0,0.0,4.0,0.0,31.0,11.0
22201194,1610612740,NOP,New Orleans,1626204,Larry Nance Jr.,Larry,,,33:59,2.0,3.0,0.667,0.0,0.0,0.0,0.0,0.0,0.0,3.0,6.0,9.0,5.0,1.0,0.0,2.0,3.0,4.0,10.0
22201194,1610612740,NOP,New Orleans,1630700,Dyson Daniels,Dyson,,,8:25,0.0,2.0,0.0,0.0,2.0,0.0,0.0,0.0,0.0,0.0,3.0,3.0,2.0,1.0,0.0,2.0,1.0,0.0,2.0
22201194,1610612740,NOP,New Orleans,1626196,Josh Richardson,Josh,,,15:18,3.0,4.0,0.75,2.0,3.0,0.667,0.0,0.0,0.0,0.0,0.0,0.0,1.0,0.0,0.0,1.0,3.0,8.0,-11.0
22201194,1610612740,NOP,New Orleans,1630230,Naji Marshall,Naji,,,7:38,1.0,4.0,0.25,0.0,0.0,0.0,0.0,0.0,0.0,0.0,1.0,1.0,0.0,0.0,1.0,1.0,1.0,2.0,-17.0
22201194,1610612740,NOP,New Orleans,1629637,Jaxson Hayes,Jaxson,,DNP - Coach's Decision,,,,,,,,,,,,,,,,,,,,
22201194,1610612740,NOP,New Orleans,1626195,Willy Hernangomez,Willy,,DNP - Coach's Decision,,,,,,,,,,,,,,,,,,,,
22201194,1610612740,NOP,New Orleans,1630184,Kira Lewis Jr.,Kira,,DNP - Coach's Decision,,,,,,,,,,,,,,,,,,,,
22201194,1610612740,NOP,New Orleans,1630604,E.J. Liddell,E.J.,,DNP - Injury/Illness,,,,,,,,,,,,,,,,,,,,
22201194,1610612740,NOP,New Orleans,1631220,Dereon Seabron,Dereon,,DNP - Coach's Decision,,,,,,,,,,,,,,,,,,,,
22201194,1610612740,NOP,New Orleans,202066,Garrett Temple,Garrett,,DNP - Coach's Decision,,,,,,,,,,,,,,,,,,,,
22201196,1610612747,LAL,Los Angeles,1629020,Jarred Vanderbilt,Jarred,F,,24:34,3.0,5.0,0.6,0.0,1.0,0.0,2.0,4.0,0.5,3.0,3.0,6.0,1.0,1.0,0.0,2.0,2.0,8.0,12.0
22201196,1610612747,LAL,Los Angeles,2544,LeBron James,LeBron,F,,35:06,13.0,20.0,0.65,4.0,6.0,0.667,3.0,5.0,0.6,0.0,8.0,8.0,7.0,1.0,1.0,6.0,0.0,33.0,-10.0
22201196,1610612747,LAL,Los Angeles,203076,Anthony Davis,Anthony,C,,32:20,7.0,14.0,0.5,0.0,1.0,0.0,3.0,4.0,0.75,4.0,7.0,11.0,3.0,1.0,2.0,1.0,2.0,17.0,9.0
22201196,1610612747,LAL,Los Angeles,1630559,Austin Reaves,Austin,G,,30:42,6.0,11.0,0.545,3.0,6.0,0.5,5.0,5.0,1.0,0.0,4.0,4.0,2.0,0.0,0.0,2.0,5.0,20.0,9.0
22201196,1610612747,LAL,Los Angeles,1626156,D'Angelo Russell,D'Angelo,G,,39:39,6.0,13.0,0.462,2.0,6.0,0.333,1.0,2.0,0.5,1.0,2.0,3.0,7.0,0.0,0.0,1.0,1.0,15.0,8.0
22201196,1610612747,LAL,Los Angeles,1628972,Troy Brown Jr.,Troy,,,18:31,2.0,5.0,0.4,2.0,4.0,0.5,0.0,0.0,0.0,0.0,3.0,3.0,1.0,0.0,0.0,1.0,1.0,6.0,0.0
22201196,1610612747,LAL,Los Angeles,1629060,Rui Hachimura,Rui,,,17:14,1.0,5.0,0.2,0.0,1.0,0.0,2.0,2.0,1.0,1.0,2.0,3.0,0.0,0.0,0.0,0.0,2.0,4.0,-14.0
22201196,1610612747,LAL,Los Angeles,203471,Dennis Schröder,Dennis,,,13:27,1.0,6.0,0.167,0.0,1.0,0.0,0.0,2.0,0.0,0.0,1.0,1.0,4.0,0.0,0.0,0.0,1.0,2.0,-13.0
22201196,1610612747,LAL,Los Angeles,1629117,Wenyen Gabriel,Wenyen,,,15:40,3.0,6.0,0.5,0.0,2.0,0.0,0.0,0.0,0.0,1.0,3.0,4.0,2.0,1.0,0.0,1.0,3.0,6.0,-16.0
22201196,1610612747,LAL,Los Angeles,1627736,Malik Beasley,Malik,,,12:47,3.0,4.0,0.75,1.0,1.0,1.0,0.0,0.0,0.0,0.0,1.0,1.0,0.0,0.0,0.0,0.0,0.0,7.0,-20.0
22201196,1610612747,LAL,Los Angeles,1628964,Mo Bamba,Mo,,DNP - Coach's Decision,,,,,,,,,,,,,,,,,,,,
22201196,1610612747,LAL,Los Angeles,1631108,Max Christie,Max,,DNP - Coach's Decision,,,,,,,,,,,,,,,,,,,,
22201196,1610612747,LAL,Los Angeles,1628432,Davon Reed,Davon,,DNP - Coach's Decision,,,,,,,,,,,,,,,,,,,,
22201196,1610612747,LAL,Los Angeles,1629022,Lonnie Walker IV,Lonnie,,DNP - Coach's Decision,,,,,,,,,,,,,,,,,,,,
22201196,1610612746,LAC,LA,201587,Nicolas Batum,Nicolas,F,,29:57,1.0,7.0,0.143,1.0,7.0,0.143,2.0,2.0,1.0,0.0,2.0,2.0,1.0,2.0,1.0,0.0,2.0,5.0,13.0
22201196,1610612746,LAC,LA,202695,Kawhi Leonard,Kawhi,F,,42:56,9.0,17.0,0.529,4.0,7.0,0.571,3.0,4.0,0.75,1.0,6.0,7.0,4.0,0.0,0.0,1.0,2.0,25.0,-1.0
22201196,1610612746,LAC,LA,1627826,Ivica Zubac,Ivica,C,,32:60,6.0,10.0,0.6,0.0,0.0,0.0,5.0,6.0,0.833,4.0,9.0,13.0,1.0,2.0,1.0,2.0,2.0,17.0,9.0
22201196,1610612746,LAC,LA,201569,Eric Gordon,Eric,G,,23:29,3.0,7.0,0.429,3.0,6.0,0.5,0.0,0.0,0.0,0.0,3.0,3.0,3.0,1.0,0.0,2.0,0.0,9.0,1.0
22201196,1610612746,LAC,LA,201566,Russell Westbrook,Russell,G,,20:55,6.0,12.0,0.5,2.0,4.0,0.5,0.0,1.0,0.0,0.0,3.0,3.0,4.0,1.0,1.0,3.0,0.0,14.0,-1.0
22201196,1610612746,LAC,LA,203486,Mason Plumlee,Mason,,,14:20,2.0,2.0,1.0,0.0,0.0,0.0,0.0,0.0,0.0,0.0,3.0,3.0,0.0,0.0,0.0,1.0,3.0,4.0,0.0
22201196,1610612746,LAC,LA,1626181,Norman Powell,Norman,,,35:27,8.0,15.0,0.533,1.0,4.0,0.25,10.0,10.0,1.0,0.0,2.0,2.0,4.0,2.0,1.0,1.0,5.0,27.0,-4.0
22201196,1610612746,LAC,LA,1630538,Bones Hyland,Bones,,,20:51,4.0,7.0,0.571,3.0,6.0,0.5,3.0,4.0,0.75,0.0,2.0,2.0,4.0,1.0,0.0,1.0,3.0,14.0,6.0
22201196,1610612746,LAC,LA,1629611,Terance Mann,Terance,,,19:05,4.0,5.0,0.8,2.0,2.0,1.0,0.0,0.0,0.0,0.0,3.0,3.0,2.0,0.0,0.0,1.0,1.0,10.0,12.0
22201196,1610612746,LAC,LA,1630527,Brandon Boston,Brandon,,DNP - Coach's Decision,,,,,,,,,,,,,,,,,,,,
22201196,1610612746,LAC,LA,1629599,Amir Coffey,Amir,,DNP - Coach's Decision,,,,,,,,,,,,,,,,,,,,
22201196,1610612746,LAC,LA,203496,Robert Covington,Robert,,DNP - Coach's Decision,,,,,,,,,,,,,,,,,,,,
22201196,1610612746,LAC,LA,1631217,Moussa Diabaté,Moussa,,DNP - Coach's Decision,,,,,,,,,,,,,,,,,,,,
22201196,1610612746,LAC,LA,1629875,Xavier Moon,Xavier,,DNP - Coach's Decision,,,,,,,,,,,,,,,,,,,,
22201192,1610612761,TOR,Toronto,1628384,OG Anunoby,OG,F,,39:58,5.0,16.0,0.313,2.0,8.0,0.25,0.0,0.0,0.0,2.0,2.0,4.0,2.0,4.0,3.0,0.0,2.0,12.0,0.0
22201192,1610612761,TOR,Toronto,1627783,Pascal Siakam,Pascal,F,,34:51,10.0,17.0,0.588,0.0,1.0,0.0,8.0,8.0,1.0,2.0,9.0,11.0,4.0,2.0,0.0,1.0,3.0,28.0,1.0
22201192,1610612761,TOR,Toronto,1627751,Jakob Poeltl,Jakob,C,,22:39,5.0,8.0,0.625,0.0,0.0,0.0,0.0,2.0,0.0,3.0,4.0,7.0,2.0,1.0,0.0,2.0,2.0,10.0,10.0
22201192,1610612761,TOR,Toronto,1630567,Scottie Barnes,Scottie,G,,39:12,7.0,13.0,0.538,2.0,5.0,0.4,2.0,4.0,0.5,1.0,7.0,8.0,5.0,2.0,1.0,4.0,3.0,18.0,1.0
22201192,1610612761,TOR,Toronto,1627832,Fred VanVleet,Fred,G,,37:14,2.0,14.0,0.143,1.0,12.0,0.083,2.0,2.0,1.0,1.0,3.0,4.0,5.0,1.0,1.0,1.0,3.0,7.0,4.0
22201192,1610612761,TOR,Toronto,1628449,Chris Boucher,Chris,,,10:52,1.0,4.0,0.25,0.0,2.0,0.0,0.0,0.0,0.0,0.0,3.0,3.0,0.0,0.0,0.0,0.0,1.0,2.0,-13.0
22201192,1610612761,TOR,Toronto,1629018,Gary Trent Jr.,Gary,,,15:40,0.0,5.0,0.0,0.0,2.0,0.0,0.0,0.0,0.0,0.0,2.0,2.0,0.0,0.0,0.0,1.0,1.0,0.0,-5.0
22201192,1610612761,TOR,Toronto,1631132,Christian Koloko,Christian,,,5:36,0.0,0.0,0.0,0.0,0.0,0.0,0.0,0.0,0.0,0.0,1.0,1.0,0.0,0.0,0.0,1.0,0.0,0.0,-10.0
22201192,1610612761,TOR,Toronto,1630173,Precious Achiuwa,Precious,,,19:45,7.0,11.0,0.636,1.0,2.0,0.5,1.0,1.0,1.0,4.0,5.0,9.0,0.0,0.0,1.0,1.0,2.0,16.0,-4.0
22201192,1610612761,TOR,Toronto,203115,Will Barton,Will,,,14:13,0.0,2.0,0.0,0.0,1.0,0.0,0.0,0.0,0.0,0.0,1.0,1.0,2.0,0.0,1.0,0.0,2.0,0.0,-4.0
22201192,1610612761,TOR,Toronto,1630625,Dalano Banton,Dalano,,DNP - Coach's Decision,,,,,,,,,,,,,,,,,,,,
22201192,1610612761,TOR,Toronto,1630201,Malachi Flynn,Malachi,,DNP - Coach's Decision,,,,,,,,,,,,,,,,,,,,
22201192,1610612761,TOR,Toronto,1631199,Ron Harper Jr.,Ron,,DNP - Coach's Decision,,,,,,,,,,,,,,,,,,,,
22201192,1610612761,TOR,Toronto,1630580,Joe Wieskamp,Joe,,DNP - Coach's Decision,,,,,,,,,,,,,,,,,,,,
22201192,1610612761,TOR,Toronto,201152,Thaddeus Young,Thaddeus,,DNP - Coach's Decision,,,,,,,,,,,,,,,,,,,,
22201192,1610612738,BOS,Boston,1630573,Sam Hauser,Sam,F,,27:36,1.0,8.0,0.125,1.0,8.0,0.125,0.0,0.0,0.0,1.0,5.0,6.0,4.0,2.0,1.0,0.0,2.0,3.0,11.0
22201192,1610612738,BOS,Boston,203488,Mike Muscala,Mike,F,,31:52,4.0,6.0,0.667,3.0,5.0,0.6,1.0,2.0,0.5,0.0,6.0,6.0,2.0,0.0,1.0,1.0,3.0,12.0,-5.0
22201192,1610612738,BOS,Boston,1629057,Robert Williams III,Robert,C,,31:18,3.0,4.0,0.75,0.0,0.0,0.0,1.0,2.0,0.5,3.0,5.0,8.0,2.0,1.0,1.0,2.0,2.0,7.0,6.0
22201192,1610612738,BOS,Boston,1627759,Jaylen Brown,Jaylen,G,,38:55,12.0,29.0,0.414,1.0,9.0,0.111,0.0,2.0,0.0,1.0,10.0,11.0,5.0,0.0,0.0,4.0,0.0,25.0,4.0
22201192,1610612738,BOS,Boston,1628401,Derrick White,Derrick,G,,40:15,6.0,15.0,0.4,2.0,7.0,0.286,3.0,4.0,0.75,0.0,4.0,4.0,2.0,2.0,1.0,3.0,4.0,17.0,-2.0
22201192,1610612738,BOS,Boston,1627763,Malcolm Brogdon,Malcolm,,,34:35,10.0,19.0,0.526,4.0,6.0,0.667,5.0,6.0,0.833,2.0,3.0,5.0,3.0,0.0,0.0,3.0,2.0,29.0,7.0
22201192,1610612738,BOS,Boston,1629684,Grant Williams,Grant,,,18:47,1.0,5.0,0.2,0.0,3.0,0.0,0.0,2.0,0.0,1.0,0.0,1.0,0.0,0.0,2.0,1.0,1.0,2.0,1.0
22201192,1610612738,BOS,Boston,201933,Blake Griffin,Blake,,,12:49,1.0,1.0,1.0,0.0,0.0,0.0,0.0,0.0,0.0,2.0,3.0,5.0,2.0,0.0,1.0,1.0,0.0,2.0,2.0
22201192,1610612738,BOS,Boston,1628436,Luke Kornet,Luke,,,3:53,0.0,2.0,0.0,0.0,0.0,0.0,0.0,0.0,0.0,1.0,1.0,2.0,0.0,0.0,0.0,0.0,0.0,0.0,-4.0
22201192,1610612738,BOS,Boston,1631120,JD Davison,JD,,DNP - Coach's Decision,,,,,,,,,,,,,,,,,,,,
22201192,1610612738,BOS,Boston,1629662,Mfiondu Kabengele,Mfiondu,,DNP - Coach's Decision,,,,,,,,,,,,,,,,,,,,
22201191,1610612764,WAS,Washington,1630557,Corey Kispert,Corey,F,,28:03,5.0,12.0,0.417,2.0,8.0,0.25,0.0,2.0,0.0,0.0,2.0,2.0,1.0,1.0,0.0,1.0,3.0,12.0,-9.0
22201191,1610612764,WAS,Washington,1630264,Anthony Gill,Anthony,F,,19:52,2.0,4.0,0.5,0.0,1.0,0.0,0.0,2.0,0.0,3.0,2.0,5.0,0.0,0.0,0.0,0.0,3.0,4.0,-14.0
22201191,1610612764,WAS,Washington,1629655,Daniel Gafford,Daniel,C,,22:47,8.0,10.0,0.8,0.0,0.0,0.0,9.0,9.0,1.0,4.0,6.0,10.0,1.0,1.0,2.0,3.0,3.0,25.0,-11.0
22201191,1610612764,WAS,Washington,1631098,Johnny Davis,Johnny,G,,35:36,8.0,18.0,0.444,1.0,4.0,0.25,3.0,5.0,0.6,0.0,7.0,7.0,3.0,2.0,2.0,4.0,4.0,20.0,-7.0
22201191,1610612764,WAS,Washington,1630692,Jordan Goodwin,Jordan,G,,29:29,4.0,10.0,0.4,0.0,3.0,0.0,2.0,2.0,1.0,0.0,2.0,2.0,6.0,4.0,1.0,1.0,2.0,10.0,-10.0
22201191,1610612764,WAS,Washington,1629134,Kendrick Nunn,Kendrick,,,26:06,7.0,17.0,0.412,1.0,6.0,0.167,0.0,0.0,0.0,0.0,1.0,1.0,4.0,0.0,0.0,1.0,2.0,15.0,-13.0
22201191,1610612764,WAS,Washington,1630643,Jay Huff,Jay,,,29:34,5.0,6.0,0.833,2.0,3.0,0.667,2.0,2.0,1.0,2.0,2.0,4.0,3.0,1.0,3.0,1.0,4.0,14.0,-16.0
22201191,1610612764,WAS,Washington,1641645,Xavier Cooks,Xavier,,,17:13,2.0,5.0,0.4,0.0,0.0,0.0,2.0,2.0,1.0,2.0,4.0,6.0,3.0,1.0,1.0,1.0,3.0,6.0,2.0
22201191,1610612764,WAS,Washington,1631245,Quenton Jackson,Quenton,,,27:57,4.0,11.0,0.364,0.0,3.0,0.0,2.0,2.0,1.0,1.0,1.0,2.0,2.0,0.0,0.0,1.0,2.0,10.0,-14.0
22201191,1610612764,WAS,Washington,1630225,Isaiah Todd,Isaiah,,,3:23,0.0,1.0,0.0,0.0,0.0,0.0,0.0,0.0,0.0,0.0,0.0,0.0,0.0,0.0,0.0,1.0,0.0,0.0,2.0
22201191,1610612764,WAS,Washington,201959,Taj Gibson,Taj,,DNP - Coach's Decision,,,,,,,,,,,,,,,,,,,,
22201191,1610612737,ATL,Atlanta,1630180,Saddiq Bey,Saddiq,F,,25:15,4.0,9.0,0.444,2.0,5.0,0.4,0.0,0.0,0.0,2.0,2.0,4.0,1.0,1.0,0.0,2.0,3.0,10.0,9.0
22201191,1610612737,ATL,Atlanta,1628381,John Collins,John,F,,25:35,6.0,8.0,0.75,3.0,4.0,0.75,8.0,8.0,1.0,0.0,3.0,3.0,0.0,0.0,0.0,0.0,4.0,23.0,12.0
22201191,1610612737,ATL,Atlanta,203991,Clint Capela,Clint,C,,15:06,3.0,5.0,0.6,0.0,0.0,0.0,3.0,4.0,0.75,4.0,4.0,8.0,0.0,1.0,3.0,1.0,4.0,9.0,16.0
22201191,1610612737,ATL,Atlanta,1627749,Dejounte Murray,Dejounte,G,,30:15,8.0,13.0,0.615,1.0,3.0,0.333,2.0,2.0,1.0,0.0,7.0,7.0,2.0,2.0,0.0,4.0,0.0,19.0,19.0
22201191,1610612737,ATL,Atlanta,1629027,Trae Young,Trae,G,,38:32,4.0,10.0,0.4,1.0,4.0,0.25,16.0,18.0,0.889,0.0,2.0,2.0,16.0,0.0,0.0,4.0,2.0,25.0,13.0
22201191,1610612737,ATL,Atlanta,1628988,Aaron Holiday,Aaron,,,21:28,2.0,3.0,0.667,2.0,2.0,1.0,2.0,2.0,1.0,1.0,0.0,1.0,4.0,3.0,1.0,1.0,2.0,8.0,11.0
22201191,1610612737,ATL,Atlanta,1631100,AJ Griffin,AJ,,,22:38,6.0,9.0,0.667,4.0,6.0,0.667,0.0,0.0,0.0,1.0,2.0,3.0,1.0,0.0,0.0,0.0,0.0,16.0,5.0
22201191,1610612737,ATL,Atlanta,1630168,Onyeka Okongwu,Onyeka,,,23:51,2.0,8.0,0.25,0.0,1.0,0.0,2.0,2.0,1.0,2.0,4.0,6.0,3.0,2.0,1.0,1.0,5.0,6.0,6.0
22201191,1610612737,ATL,Atlanta,1630552,Jalen Johnson,Jalen,,,23:23,7.0,11.0,0.636,0.0,2.0,0.0,2.0,4.0,0.5,0.0,8.0,8.0,2.0,0.0,0.0,2.0,1.0,16.0,12.0
22201191,1610612737,ATL,Atlanta,1630249,Vít Krejčí,Vít,,,3:01,0.0,2.0,0.0,0.0,1.0,0.0,0.0,0.0,0.0,1.0,2.0,3.0,0.0,1.0,0.0,0.0,0.0,0.0,-3.0
22201191,1610612737,ATL,Atlanta,1628981,Bruno Fernando,Bruno,,,3:01,0.0,2.0,0.0,0.0,1.0,0.0,0.0,0.0,0.0,1.0,0.0,1.0,0.0,0.0,0.0,0.0,2.0,0.0,-3.0
22201191,1610612737,ATL,Atlanta,1630235,Trent Forrest,Trent,,,3:01,0.0,2.0,0.0,0.0,0.0,0.0,0.0,0.0,0.0,0.0,1.0,1.0,1.0,0.0,0.0,1.0,0.0,0.0,-3.0
22201191,1610612737,ATL,Atlanta,1629726,Garrison Mathews,Garrison,,,2:27,0.0,1.0,0.0,0.0,1.0,0.0,0.0,0.0,0.0,0.0,1.0,1.0,0.0,0.0,0.0,0.0,0.0,0.0,-2.0
22201191,1610612737,ATL,Atlanta,1631213,Tyrese Martin,Tyrese,,,2:27,1.0,1.0,1.0,0.0,0.0,0.0,0.0,0.0,0.0,0.0,0.0,0.0,0.0,0.0,0.0,0.0,0.0,2.0,-2.0
22201191,1610612737,ATL,Atlanta,1631495,Donovan Williams,Donovan,,DNP - Coach's Decision,,,,,,,,,,,,,,,,,,,,
22201189,1610612751,BKN,Brooklyn,1629661,Cameron Johnson,Cameron,F,,28:42,6.0,8.0,0.75,3.0,5.0,0.6,0.0,0.0,0.0,1.0,4.0,5.0,2.0,1.0,0.0,4.0,0.0,15.0,-5.0
22201189,1610612751,BKN,Brooklyn,1626220,Royce O'Neale,Royce,F,,37:03,5.0,10.0,0.5,4.0,9.0,0.444,1.0,2.0,0.5,1.0,6.0,7.0,8.0,0.0,2.0,1.0,3.0,15.0,19.0
22201189,1610612751,BKN,Brooklyn,1629651,Nic Claxton,Nic,C,,35:56,8.0,9.0,0.889,0.0,0.0,0.0,3.0,3.0,1.0,2.0,5.0,7.0,2.0,2.0,3.0,1.0,5.0,19.0,5.0
22201189,1610612751,BKN,Brooklyn,1628969,Mikal Bridges,Mikal,G,,37:34,10.0,26.0,0.385,2.0,11.0,0.182,4.0,5.0,0.8,1.0,2.0,3.0,6.0,0.0,1.0,1.0,0.0,26.0,25.0
22201189,1610612751,BKN,Brooklyn,203915,Spencer Dinwiddie,Spencer,G,,32:52,1.0,10.0,0.1,0.0,4.0,0.0,4.0,4.0,1.0,0.0,3.0,3.0,16.0,1.0,1.0,2.0,1.0,6.0,15.0
22201189,1610612751,BKN,Brooklyn,203925,Joe Harris,Joe,,,20:14,6.0,9.0,0.667,6.0,9.0,0.667,0.0,1.0,0.0,0.0,2.0,2.0,0.0,0.0,0.0,0.0,1.0,18.0,16.0
22201189,1610612751,BKN,Brooklyn,1630549,Day'Ron Sharpe,Day'Ron,,,11:57,4.0,6.0,0.667,0.0,0.0,0.0,2.0,6.0,0.333,5.0,2.0,7.0,0.0,2.0,0.0,0.0,0.0,10.0,8.0
22201189,1610612751,BKN,Brooklyn,1628410,Edmond Sumner,Edmond,,,18:17,3.0,4.0,0.75,0.0,1.0,0.0,2.0,2.0,1.0,0.0,1.0,1.0,0.0,0.0,0.0,2.0,0.0,8.0,-2.0
22201189,1610612751,BKN,Brooklyn,1629139,Yuta Watanabe,Yuta,,,7:03,2.0,3.0,0.667,2.0,3.0,0.667,0.0,0.0,0.0,1.0,0.0,1.0,0.0,0.0,0.0,0.0,2.0,6.0,-4.0
22201189,1610612751,BKN,Brooklyn,203552,Seth Curry,Seth,,,8:12,0.0,1.0,0.0,0.0,1.0,0.0,0.0,0.0,0.0,0.0,2.0,2.0,1.0,0.0,0.0,0.0,0.0,0.0,-2.0
22201189,1610612751,BKN,Brooklyn,1630561,David Duke Jr.,David,,,1:05,0.0,0.0,0.0,0.0,0.0,0.0,0.0,0.0,0.0,0.0,0.0,0.0,1.0,0.0,0.0,0.0,0.0,0.0,0.0
22201189,1610612751,BKN,Brooklyn,1630696,Dru Smith,Dru,,,1:05,0.0,0.0,0.0,0.0,0.0,0.0,0.0,0.0,0.0,0.0,0.0,0.0,0.0,0.0,0.0,0.0,0.0,0.0,0.0
22201189,1610612751,BKN,Brooklyn,1629650,Moses Brown,Moses,,DNP - Coach's Decision,,,,,,,,,,,,,,,,,,,,
22201189,1610612751,BKN,Brooklyn,201988,Patty Mills,Patty,,DNP - Coach's Decision,,,,,,,,,,,,,,,,,,,,
22201189,1610612751,BKN,Brooklyn,1630560,Cam Thomas,Cam,,DNP - Coach's Decision,,,,,,,,,,,,,,,,,,,,
22201189,1610612765,DET,Detroit,1630647,Eugene Omoruyi,Eugene,F,,14:21,2.0,6.0,0.333,2.0,4.0,0.5,0.0,0.0,0.0,1.0,1.0,2.0,1.0,1.0,0.0,3.0,1.0,6.0,-15.0
22201189,1610612765,DET,Detroit,1631105,Jalen Duren,Jalen,F,,34:54,9.0,11.0,0.818,0.0,0.0,0.0,0.0,0.0,0.0,3.0,5.0,8.0,2.0,1.0,0.0,2.0,3.0,18.0,-19.0
22201189,1610612765,DET,Detroit,1630164,James Wiseman,James,C,,29:02,5.0,10.0,0.5,0.0,1.0,0.0,6.0,7.0,0.857,0.0,3.0,3.0,2.0,0.0,1.0,0.0,1.0,16.0,6.0
22201189,1610612765,DET,Detroit,1630165,Killian Hayes,Killian,G,,35:23,2.0,8.0,0.25,0.0,2.0,0.0,0.0,0.0,0.0,0.0,4.0,4.0,6.0,2.0,1.0,3.0,3.0,4.0,-17.0
22201189,1610612765,DET,Detroit,1631093,Jaden Ivey,Jaden,G,,42:34,9.0,22.0,0.409,2.0,6.0,0.333,3.0,3.0,1.0,2.0,3.0,5.0,10.0,0.0,0.0,5.0,2.0,23.0,-20.0
22201189,1610612765,DET,Detroit,1630181,R.J. Hampton,R.J.,,,34:08,9.0,15.0,0.6,5.0,8.0,0.625,4.0,4.0,1.0,1.0,4.0,5.0,2.0,0.0,1.0,1.0,4.0,27.0,-5.0
22201189,1610612765,DET,Detroit,202709,Cory Joseph,Cory,,,30:04,4.0,7.0,0.571,4.0,5.0,0.8,0.0,0.0,0.0,1.0,2.0,3.0,4.0,1.0,0.0,0.0,0.0,12.0,-11.0
22201189,1610612765,DET,Detroit,1631197,Jared Rhoden,Jared,,,19:34,1.0,5.0,0.2,0.0,2.0,0.0,0.0,0.0,0.0,1.0,3.0,4.0,0.0,0.0,0.0,0.0,4.0,2.0,6.0
22201189,1610612765,DET,Detroit,1628963,Marvin Bagley III,Marvin,,DND - Concussion Protocol,,,,,,,,,,,,,,,,,,,,
22201189,1610612765,DET,Detroit,1631205,Buddy Boeheim,Buddy,,DNP - Coach's Decision,,,,,,,,,,,,,,,,,,,,
22201189,1610612765,DET,Detroit,1630587,Isaiah Livers,Isaiah,,DND - Injury/Illness,,,,,,,,,,,,,,,,,,,,
22201189,1610612765,DET,Detroit,203585,Rodney McGruder,Rodney,,DND - Injury/Illness,,,,,,,,,,,,,,,,,,,,
22201195,1610612758,SAC,Sacramento,1631099,Keegan Murray,Keegan,F,,30:02,4.0,8.0,0.5,2.0,5.0,0.4,1.0,1.0,1.0,0.0,9.0,9.0,2.0,0.0,0.0,0.0,3.0,11.0,-8.0
22201195,1610612758,SAC,Sacramento,203084,Harrison Barnes,Harrison,F,,29:38,7.0,14.0,0.5,0.0,2.0,0.0,2.0,2.0,1.0,4.0,1.0,5.0,0.0,0.0,0.0,0.0,2.0,16.0,-2.0
22201195,1610612758,SAC,Sacramento,1627734,Domantas Sabonis,Domantas,C,,34:41,8.0,11.0,0.727,1.0,1.0,1.0,2.0,6.0,0.333,3.0,8.0,11.0,11.0,1.0,0.0,3.0,4.0,19.0,-14.0
22201195,1610612758,SAC,Sacramento,1628989,Kevin Huerter,Kevin,G,,31:47,6.0,15.0,0.4,2.0,7.0,0.286,0.0,0.0,0.0,2.0,4.0,6.0,3.0,3.0,0.0,1.0,2.0,14.0,-3.0
22201195,1610612758,SAC,Sacramento,1628368,De'Aaron Fox,De'Aaron,G,,32:29,10.0,26.0,0.385,1.0,6.0,0.167,7.0,7.0,1.0,2.0,3.0,5.0,8.0,1.0,1.0,1.0,2.0,28.0,4.0
22201195,1610612758,SAC,Sacramento,1630558,Davion Mitchell,Davion,,,15:58,3.0,6.0,0.5,2.0,5.0,0.4,0.0,0.0,0.0,0.0,0.0,0.0,1.0,0.0,0.0,1.0,3.0,8.0,-8.0
22201195,1610612758,SAC,Sacramento,1630556,Kessler Edwards,Kessler,,,9:48,0.0,2.0,0.0,0.0,1.0,0.0,0.0,0.0,0.0,2.0,0.0,2.0,1.0,1.0,0.0,0.0,0.0,0.0,-10.0
22201195,1610612758,SAC,Sacramento,1628370,Malik Monk,Malik,,,23:48,5.0,15.0,0.333,2.0,6.0,0.333,1.0,1.0,1.0,0.0,5.0,5.0,4.0,1.0,0.0,2.0,2.0,13.0,5.0
22201195,1610612758,SAC,Sacramento,1626168,Trey Lyles,Trey,,,18:58,3.0,7.0,0.429,2.0,4.0,0.5,0.0,0.0,0.0,2.0,3.0,5.0,1.0,0.0,0.0,0.0,0.0,8.0,6.0
22201195,1610612758,SAC,Sacramento,203458,Alex Len,Alex,,,12:53,0.0,2.0,0.0,0.0,0.0,0.0,2.0,2.0,1.0,7.0,2.0,9.0,0.0,0.0,0.0,1.0,1.0,2.0,10.0
22201195,1610612758,SAC,Sacramento,1629056,Terence Davis,Terence,,DNP - Coach's Decision,,,,,,,,,,,,,,,,,,,,
22201195,1610612758,SAC,Sacramento,1628408,PJ Dozier,PJ,,DNP - Coach's Decision,,,,,,,,,,,,,,,,,,,,
22201195,1610612758,SAC,Sacramento,1631165,Keon Ellis,Keon,,DNP - Coach's Decision,,,,,,,,,,,,,,,,,,,,
22201195,1610612758,SAC,Sacramento,1626158,Richaun Holmes,Richaun,,DNP - Coach's Decision,,,,,,,,,,,,,,,,,,,,
22201195,1610612758,SAC,Sacramento,1629002,Chimezie Metu,Chimezie,,DNP - Coach's Decision,,,,,,,,,,,,,,,,,,,,
22201195,1610612742,DAL,Dallas,203501,Tim Hardaway Jr.,Tim,F,,36:30,8.0,14.0,0.571,5.0,8.0,0.625,3.0,3.0,1.0,0.0,4.0,4.0,4.0,0.0,0.0,0.0,3.0,24.0,10.0
22201195,1610612742,DAL,Dallas,203493,Reggie Bullock Jr.,Reggie,F,,17:20,1.0,3.0,0.333,1.0,2.0,0.5,0.0,0.0,0.0,0.0,2.0,2.0,1.0,0.0,0.0,0.0,1.0,3.0,5.0
22201195,1610612742,DAL,Dallas,203939,Dwight Powell,Dwight,C,,11:47,1.0,1.0,1.0,0.0,0.0,0.0,0.0,0.0,0.0,3.0,1.0,4.0,1.0,0.0,0.0,0.0,4.0,2.0,11.0
22201195,1610612742,DAL,Dallas,202681,Kyrie Irving,Kyrie,G,,43:23,12.0,23.0,0.522,6.0,10.0,0.6,1.0,1.0,1.0,0.0,4.0,4.0,8.0,2.0,0.0,3.0,3.0,31.0,8.0
22201195,1610612742,DAL,Dallas,1629029,Luka Dončić,Luka,G,,38:44,9.0,19.0,0.474,3.0,11.0,0.273,8.0,10.0,0.8,1.0,9.0,10.0,6.0,1.0,0.0,1.0,3.0,29.0,12.0
22201195,1610612742,DAL,Dallas,1630182,Josh Green,Josh,,,30:40,4.0,5.0,0.8,2.0,3.0,0.667,0.0,0.0,0.0,1.0,8.0,9.0,1.0,0.0,1.0,3.0,2.0,10.0,-1.0
22201195,1610612742,DAL,Dallas,1628467,Maxi Kleber,Maxi,,,14:32,1.0,3.0,0.333,0.0,2.0,0.0,1.0,1.0,1.0,0.0,2.0,2.0,3.0,0.0,0.0,1.0,1.0,3.0,-3.0
22201195,1610612742,DAL,Dallas,1626174,Christian Wood,Christian,,,24:32,5.0,15.0,0.333,3.0,7.0,0.429,1.0,1.0,1.0,2.0,2.0,4.0,0.0,1.0,3.0,1.0,1.0,14.0,-5.0
22201195,1610612742,DAL,Dallas,1630702,Jaden Hardy,Jaden,,,13:53,2.0,4.0,0.5,0.0,1.0,0.0,0.0,0.0,0.0,0.0,0.0,0.0,0.0,0.0,1.0,0.0,0.0,4.0,-12.0
22201195,1610612742,DAL,Dallas,201580,JaVale McGee,JaVale,,,8:39,1.0,2.0,0.5,0.0,0.0,0.0,1.0,2.0,0.5,0.0,0.0,0.0,0.0,0.0,2.0,1.0,0.0,3.0,-5.0
22201195,1610612742,DAL,Dallas,202722,Dāvis Bertāns,Dāvis,,DNP - Coach's Decision,,,,,,,,,,,,,,,,,,,,
22201195,1610612742,DAL,Dallas,203200,Justin Holiday,Justin,,DNP - Coach's Decision,,,,,,,,,,,,,,,,,,,,
22201195,1610612742,DAL,Dallas,202693,Markieff Morris,Markieff,,DNP - Coach's Decision,,,,,,,,,,,,,,,,,,,,
22201195,1610612742,DAL,Dallas,1628373,Frank Ntilikina,Frank,,DNP - Coach's Decision,,,,,,,,,,,,,,,,,,,,
22201195,1610612742,DAL,Dallas,1629033,Theo Pinson,Theo,,DNP - Coach's Decision,,,,,,,,,,,,,,,,,,,,
22201190,1610612752,NYK,New York,1628404,Josh Hart,Josh,F,,37:02,2.0,5.0,0.4,1.0,2.0,0.5,1.0,2.0,0.5,5.0,7.0,12.0,7.0,4.0,1.0,3.0,2.0,6.0,31.0
22201190,1610612752,NYK,New York,1630167,Obi Toppin,Obi,F,,42:47,11.0,18.0,0.611,5.0,12.0,0.417,5.0,5.0,1.0,0.0,3.0,3.0,6.0,1.0,0.0,4.0,3.0,32.0,18.0
22201190,1610612752,NYK,New York,1629011,Mitchell Robinson,Mitchell,C,,30:27,6.0,13.0,0.462,0.0,0.0,0.0,2.0,7.0,0.286,7.0,9.0,16.0,1.0,2.0,7.0,2.0,5.0,14.0,27.0
22201190,1610612752,NYK,New York,1629656,Quentin Grimes,Quentin,G,,43:28,14.0,23.0,0.609,5.0,13.0,0.385,3.0,4.0,0.75,2.0,4.0,6.0,5.0,3.0,0.0,1.0,2.0,36.0,14.0
22201190,1610612752,NYK,New York,1630193,Immanuel Quickley,Immanuel,G,,39:51,14.0,26.0,0.538,7.0,13.0,0.538,4.0,5.0,0.8,2.0,4.0,6.0,9.0,2.0,0.0,2.0,2.0,39.0,27.0
22201190,1610612752,NYK,New York,1630540,Miles McBride,Miles,,,12:41,1.0,6.0,0.167,0.0,3.0,0.0,1.0,2.0,0.5,0.0,0.0,0.0,3.0,0.0,0.0,1.0,3.0,3.0,-23.0
22201190,1610612752,NYK,New York,1628392,Isaiah Hartenstein,Isaiah,,,17:33,4.0,6.0,0.667,0.0,0.0,0.0,0.0,0.0,0.0,2.0,5.0,7.0,2.0,0.0,0.0,1.0,2.0,8.0,-18.0
22201190,1610612752,NYK,New York,203095,Evan Fournier,Evan,,,10:58,0.0,3.0,0.0,0.0,3.0,0.0,0.0,0.0,0.0,0.0,0.0,0.0,1.0,1.0,0.0,0.0,1.0,0.0,-22.0
22201190,1610612752,NYK,New York,1630579,Jericho Sims,Jericho,,,5:13,0.0,0.0,0.0,0.0,0.0,0.0,0.0,0.0,0.0,2.0,0.0,2.0,0.0,0.0,0.0,0.0,1.0,0.0,-9.0
22201190,1610612752,NYK,New York,1629628,RJ Barrett,RJ,,DNP - Injury/Illness,,,,,,,,,,,,,,,,,,,,
22201190,1610612752,NYK,New York,1631211,Trevor Keels,Trevor,,DNP - Coach's Decision,,,,,,,,,,,,,,,,,,,,
22201190,1610612752,NYK,New York,201565,Derrick Rose,Derrick,,DNP - Coach's Decision,,,,,,,,,,,,,,,,,,,,
22201190,1610612754,IND,Indiana,1629670,Jordan Nwora,Jordan,F,,25:41,3.0,9.0,0.333,2.0,6.0,0.333,3.0,4.0,0.75,0.0,1.0,1.0,1.0,0.0,0.0,2.0,1.0,11.0,-31.0
22201190,1610612754,IND,Indiana,1630174,Aaron Nesmith,Aaron,F,,26:22,2.0,5.0,0.4,2.0,4.0,0.5,6.0,6.0,1.0,1.0,3.0,4.0,0.0,1.0,0.0,1.0,0.0,12.0,-27.0
22201190,1610612754,IND,Indiana,1630188,Jalen Smith,Jalen,C,,26:24,8.0,11.0,0.727,2.0,2.0,1.0,1.0,1.0,1.0,3.0,0.0,3.0,0.0,2.0,3.0,2.0,4.0,19.0,-15.0
22201190,1610612754,IND,Indiana,1631097,Bennedict Mathurin,Bennedict,G,,32:26,6.0,17.0,0.353,1.0,3.0,0.333,4.0,6.0,0.667,3.0,5.0,8.0,4.0,0.0,0.0,6.0,3.0,17.0,-31.0
22201190,1610612754,IND,Indiana,1629614,Andrew Nembhard,Andrew,G,,31:40,5.0,13.0,0.385,1.0,2.0,0.5,1.0,2.0,0.5,1.0,2.0,3.0,9.0,1.0,0.0,4.0,3.0,12.0,-28.0
22201190,1610612754,IND,Indiana,1630543,Isaiah Jackson,Isaiah,,,21:36,3.0,3.0,1.0,0.0,0.0,0.0,4.0,6.0,0.667,1.0,7.0,8.0,0.0,0.0,1.0,0.0,4.0,10.0,6.0
22201190,1610612754,IND,Indiana,204456,T.J. McConnell,T.J.,,,22:08,7.0,11.0,0.636,1.0,1.0,1.0,3.0,3.0,1.0,1.0,4.0,5.0,12.0,2.0,0.0,2.0,1.0,18.0,13.0
22201190,1610612754,IND,Indiana,1627741,Buddy Hield,Buddy,,,21:38,5.0,7.0,0.714,3.0,5.0,0.6,0.0,0.0,0.0,0.0,2.0,2.0,6.0,0.0,1.0,0.0,1.0,13.0,18.0
22201190,1610612754,IND,Indiana,1629052,Oshae Brissett,Oshae,,,18:04,3.0,4.0,0.75,0.0,1.0,0.0,2.0,2.0,1.0,0.0,2.0,2.0,0.0,0.0,0.0,0.0,0.0,8.0,28.0
22201190,1610612754,IND,Indiana,1628221,Gabe York,Gabe,,,14:01,3.0,7.0,0.429,3.0,6.0,0.5,0.0,0.0,0.0,0.0,1.0,1.0,1.0,0.0,0.0,0.0,0.0,9.0,22.0
22201190,1610612754,IND,Indiana,201588,George Hill,George,,DNP - Coach's Decision,,,,,,,,,,,,,,,,,,,,
22201190,1610612754,IND,Indiana,201949,James Johnson,James,,DNP - Coach's Decision,,,,,,,,,,,,,,,,,,,,
22201190,1610612754,IND,Indiana,1628464,Daniel Theis,Daniel,,DNP - Coach's Decision,,,,,,,,,,,,,,,,,,,,
22201193,1610612741,CHI,Chicago,201942,DeMar DeRozan,DeMar,F,,36:20,3.0,12.0,0.25,0.0,1.0,0.0,2.0,2.0,1.0,0.0,3.0,3.0,6.0,2.0,0.0,3.0,4.0,8.0,-21.0
22201193,1610612741,CHI,Chicago,1630172,Patrick Williams,Patrick,F,,28:50,2.0,8.0,0.25,2.0,5.0,0.4,0.0,0.0,0.0,3.0,3.0,6.0,1.0,0.0,0.0,2.0,0.0,6.0,-8.0
22201193,1610612741,CHI,Chicago,202696,Nikola Vučević,Nikola,C,,33:55,9.0,21.0,0.429,1.0,6.0,0.167,2.0,2.0,1.0,2.0,9.0,11.0,4.0,0.0,0.0,3.0,2.0,21.0,-11.0
22201193,1610612741,CHI,Chicago,203897,Zach LaVine,Zach,G,,36:42,5.0,17.0,0.294,1.0,8.0,0.125,2.0,3.0,0.667,0.0,5.0,5.0,7.0,0.0,1.0,0.0,1.0,13.0,-9.0
22201193,1610612741,CHI,Chicago,201976,Patrick Beverley,Patrick,G,,28:03,3.0,5.0,0.6,2.0,4.0,0.5,0.0,0.0,0.0,0.0,5.0,5.0,7.0,4.0,1.0,1.0,1.0,8.0,-13.0
22201193,1610612741,CHI,Chicago,1627884,Derrick Jones Jr.,Derrick,,,19:02,3.0,5.0,0.6,2.0,4.0,0.5,0.0,0.0,0.0,0.0,0.0,0.0,0.0,2.0,1.0,1.0,2.0,8.0,-4.0
22201193,1610612741,CHI,Chicago,1629632,Coby White,Coby,,,24:47,6.0,10.0,0.6,2.0,4.0,0.5,0.0,0.0,0.0,0.0,6.0,6.0,1.0,0.0,0.0,4.0,0.0,14.0,-2.0
22201193,1610612741,CHI,Chicago,1630245,Ayo Dosunmu,Ayo,,,16:56,3.0,3.0,1.0,0.0,0.0,0.0,2.0,2.0,1.0,0.0,0.0,0.0,2.0,2.0,0.0,1.0,0.0,8.0,-1.0
22201193,1610612741,CHI,Chicago,203083,Andre Drummond,Andre,,,13:25,1.0,1.0,1.0,0.0,0.0,0.0,1.0,2.0,0.5,0.0,2.0,2.0,0.0,0.0,0.0,0.0,1.0,3.0,-5.0
22201193,1610612741,CHI,Chicago,1630250,Marko Simonovic,Marko,,,0:40,0.0,0.0,0.0,0.0,0.0,0.0,0.0,0.0,0.0,0.0,0.0,0.0,0.0,0.0,0.0,0.0,0.0,0.0,3.0
22201193,1610612741,CHI,Chicago,1631207,Dalen Terry,Dalen,,,0:40,1.0,1.0,1.0,1.0,1.0,1.0,0.0,0.0,0.0,0.0,0.0,0.0,0.0,0.0,0.0,0.0,0.0,3.0,3.0
22201193,1610612741,CHI,Chicago,1630637,Carlik Jones,Carlik,,,0:40,0.0,0.0,0.0,0.0,0.0,0.0,0.0,0.0,0.0,0.0,0.0,0.0,0.0,0.0,0.0,0.0,0.0,0.0,3.0
22201193,1610612741,CHI,Chicago,1629750,Javonte Green,Javonte,,DNP - Coach's Decision,,,,,,,,,,,,,,,,,,,,
22201193,1610612741,CHI,Chicago,1630678,Terry Taylor,Terry,,DNP - Coach's Decision,,,,,,,,,,,,,,,,,,,,
22201193,1610612749,MIL,Milwaukee,203114,Khris Middleton,Khris,F,,8:24,0.0,3.0,0.0,0.0,1.0,0.0,0.0,0.0,0.0,0.0,1.0,1.0,0.0,0.0,0.0,1.0,0.0,0.0,9.0
22201193,1610612749,MIL,Milwaukee,1626171,Bobby Portis,Bobby,F,,36:57,9.0,18.0,0.5,6.0,9.0,0.667,3.0,3.0,1.0,2.0,11.0,13.0,1.0,1.0,0.0,0.0,1.0,27.0,10.0
22201193,1610612749,MIL,Milwaukee,201572,Brook Lopez,Brook,C,,36:32,10.0,19.0,0.526,0.0,2.0,0.0,6.0,8.0,0.75,3.0,4.0,7.0,1.0,0.0,1.0,1.0,2.0,26.0,23.0
22201193,1610612749,MIL,Milwaukee,1628975,Jevon Carter,Jevon,G,,32:25,6.0,11.0,0.545,4.0,8.0,0.5,0.0,0.0,0.0,1.0,3.0,4.0,2.0,0.0,0.0,1.0,3.0,16.0,5.0
22201193,1610612749,MIL,Milwaukee,201950,Jrue Holiday,Jrue,G,,36:16,8.0,17.0,0.471,4.0,8.0,0.5,0.0,0.0,0.0,1.0,7.0,8.0,15.0,2.0,0.0,7.0,0.0,20.0,23.0
22201193,1610612749,MIL,Milwaukee,204060,Joe Ingles,Joe,,,24:17,3.0,7.0,0.429,3.0,7.0,0.429,0.0,0.0,0.0,0.0,1.0,1.0,3.0,2.0,0.0,2.0,1.0,9.0,10.0
22201193,1610612749,MIL,Milwaukee,203109,Jae Crowder,Jae,,,16:42,0.0,5.0,0.0,0.0,3.0,0.0,0.0,0.0,0.0,1.0,4.0,5.0,2.0,1.0,1.0,0.0,1.0,0.0,-5.0
22201193,1610612749,MIL,Milwaukee,202083,Wesley Matthews,Wesley,,,30:21,3.0,7.0,0.429,1.0,4.0,0.25,0.0,0.0,0.0,2.0,6.0,8.0,2.0,1.0,1.0,0.0,3.0,7.0,5.0
22201193,1610612749,MIL,Milwaukee,1631260,AJ Green,AJ,,,10:14,0.0,3.0,0.0,0.0,3.0,0.0,0.0,0.0,0.0,1.0,3.0,4.0,0.0,0.0,0.0,0.0,0.0,0.0,0.0
22201193,1610612749,MIL,Milwaukee,203086,Meyers Leonard,Meyers,,,6:32,0.0,2.0,0.0,0.0,1.0,0.0,0.0,0.0,0.0,2.0,0.0,2.0,0.0,0.0,0.0,0.0,2.0,0.0,-9.0
22201193,1610612749,MIL,Milwaukee,1630699,MarJon Beauchamp,MarJon,,,0:40,0.0,0.0,0.0,0.0,0.0,0.0,0.0,0.0,0.0,0.0,0.0,0.0,0.0,0.0,0.0,0.0,0.0,0.0,-3.0
22201193,1610612749,MIL,Milwaukee,203648,Thanasis Antetokounmpo,Thanasis,,,0:40,0.0,0.0,0.0,0.0,0.0,0.0,0.0,0.0,0.0,0.0,0.0,0.0,0.0,0.0,0.0,0.0,0.0,0.0,-3.0
22201193,1610612749,MIL,Milwaukee,201609,Goran Dragic,Goran,,DNP - Coach's Decision,,,,,,,,,,,,,,,,,,,,
22201181,1610612738,BOS,Boston,1628369,Jayson Tatum,Jayson,F,,37:48,7.0,20.0,0.35,2.0,8.0,0.25,3.0,5.0,0.6,1.0,5.0,6.0,6.0,3.0,0.0,2.0,2.0,19.0,-13.0
22201181,1610612738,BOS,Boston,1629684,Grant Williams,Grant,F,,28:44,4.0,7.0,0.571,2.0,4.0,0.5,0.0,0.0,0.0,1.0,1.0,2.0,3.0,0.0,0.0,0.0,3.0,10.0,-2.0
22201181,1610612738,BOS,Boston,201143,Al Horford,Al,C,,34:38,4.0,12.0,0.333,3.0,10.0,0.3,0.0,0.0,0.0,3.0,5.0,8.0,6.0,0.0,0.0,0.0,4.0,11.0,-8.0
22201181,1610612738,BOS,Boston,203935,Marcus Smart,Marcus,G,,30:13,7.0,15.0,0.467,2.0,7.0,0.286,1.0,3.0,0.333,2.0,2.0,4.0,4.0,1.0,0.0,3.0,4.0,17.0,-1.0
22201181,1610612738,BOS,Boston,1628401,Derrick White,Derrick,G,,40:23,9.0,18.0,0.5,4.0,10.0,0.4,4.0,4.0,1.0,1.0,6.0,7.0,4.0,0.0,2.0,2.0,3.0,26.0,4.0
22201181,1610612738,BOS,Boston,1627763,Malcolm Brogdon,Malcolm,,,27:43,7.0,16.0,0.438,2.0,4.0,0.5,2.0,4.0,0.5,1.0,3.0,4.0,3.0,0.0,0.0,1.0,0.0,18.0,3.0
22201181,1610612738,BOS,Boston,1630573,Sam Hauser,Sam,,,3:15,0.0,1.0,0.0,0.0,1.0,0.0,0.0,0.0,0.0,0.0,0.0,0.0,0.0,0.0,0.0,0.0,0.0,0.0,-1.0
22201181,1610612738,BOS,Boston,1628436,Luke Kornet,Luke,,,15:35,0.0,1.0,0.0,0.0,0.0,0.0,0.0,0.0,0.0,2.0,1.0,3.0,1.0,0.0,1.0,0.0,0.0,0.0,-2.0
22201181,1610612738,BOS,Boston,203488,Mike Muscala,Mike,,,13:22,0.0,1.0,0.0,0.0,1.0,0.0,0.0,0.0,0.0,0.0,4.0,4.0,0.0,0.0,0.0,0.0,0.0,0.0,6.0
22201181,1610612738,BOS,Boston,201933,Blake Griffin,Blake,,,8:20,0.0,0.0,0.0,0.0,0.0,0.0,0.0,0.0,0.0,2.0,3.0,5.0,1.0,0.0,1.0,0.0,1.0,0.0,4.0
22201181,1610612738,BOS,Boston,1631120,JD Davison,JD,,DNP - Coach's Decision,,,,,,,,,,,,,,,,,,,,
22201181,1610612738,BOS,Boston,1629662,Mfiondu Kabengele,Mfiondu,,DNP - Coach's Decision,,,,,,,,,,,,,,,,,,,,
22201181,1610612755,PHI,Philadelphia,202699,Tobias Harris,Tobias,F,,34:26,2.0,8.0,0.25,1.0,4.0,0.25,0.0,0.0,0.0,0.0,6.0,6.0,2.0,0.0,0.0,1.0,4.0,5.0,9.0
22201181,1610612755,PHI,Philadelphia,200782,P.J. Tucker,P.J.,F,,27:27,4.0,5.0,0.8,3.0,3.0,1.0,0.0,0.0,0.0,1.0,1.0,2.0,0.0,0.0,0.0,2.0,4.0,11.0,14.0
22201181,1610612755,PHI,Philadelphia,203954,Joel Embiid,Joel,C,,38:36,20.0,25.0,0.8,0.0,1.0,0.0,12.0,13.0,0.923,2.0,11.0,13.0,6.0,0.0,2.0,3.0,3.0,52.0,17.0
22201181,1610612755,PHI,Philadelphia,1630178,Tyrese Maxey,Tyrese,G,,39:38,2.0,8.0,0.25,1.0,4.0,0.25,0.0,0.0,0.0,0.0,4.0,4.0,1.0,0.0,1.0,4.0,5.0,5.0,17.0
22201181,1610612755,PHI,Philadelphia,201935,James Harden,James,G,,40:01,7.0,17.0,0.412,4.0,9.0,0.444,2.0,2.0,1.0,0.0,5.0,5.0,10.0,1.0,2.0,0.0,1.0,20.0,-4.0
22201181,1610612755,PHI,Philadelphia,1629001,De'Anthony Melton,De'Anthony,,,19:10,0.0,4.0,0.0,0.0,3.0,0.0,0.0,0.0,0.0,0.0,0.0,0.0,1.0,1.0,0.0,0.0,2.0,0.0,-12.0
22201181,1610612755,PHI,Philadelphia,1627777,Georges Niang,Georges,,,15:31,0.0,3.0,0.0,0.0,2.0,0.0,0.0,0.0,0.0,1.0,1.0,2.0,0.0,0.0,0.0,0.0,0.0,0.0,-8.0
22201181,1610612755,PHI,Philadelphia,1629667,Jalen McDaniels,Jalen,,,15:06,3.0,5.0,0.6,2.0,3.0,0.667,0.0,0.0,0.0,0.0,2.0,2.0,0.0,0.0,1.0,0.0,1.0,8.0,-6.0
22201181,1610612755,PHI,Philadelphia,1627863,Danuel House Jr.,Danuel,,,0:50,0.0,0.0,0.0,0.0,0.0,0.0,0.0,0.0,0.0,0.0,0.0,0.0,0.0,0.0,0.0,0.0,0.0,0.0,-4.0
22201181,1610612755,PHI,Philadelphia,1630194,Paul Reed,Paul,,,9:15,1.0,3.0,0.333,0.0,0.0,0.0,0.0,1.0,0.0,2.0,1.0,3.0,1.0,1.0,1.0,0.0,1.0,2.0,-13.0
22201181,1610612755,PHI,Philadelphia,203473,Dewayne Dedmon,Dewayne,,DNP - Coach's Decision,,,,,,,,,,,,,,,,,,,,
22201181,1610612755,PHI,Philadelphia,1626149,Montrezl Harrell,Montrezl,,DNP - Coach's Decision,,,,,,,,,,,,,,,,,,,,
22201181,1610612755,PHI,Philadelphia,1627788,Furkan Korkmaz,Furkan,,DNP - Coach's Decision,,,,,,,,,,,,,,,,,,,,
22201181,1610612755,PHI,Philadelphia,1629003,Shake Milton,Shake,,DNP - Coach's Decision,,,,,,,,,,,,,,,,,,,,
22201185,1610612758,SAC,Sacramento,203084,Harrison Barnes,Harrison,F,,31:29,5.0,9.0,0.556,1.0,3.0,0.333,5.0,5.0,1.0,0.0,0.0,0.0,1.0,3.0,0.0,0.0,0.0,16.0,17.0
22201185,1610612758,SAC,Sacramento,1631099,Keegan Murray,Keegan,F,,34:44,7.0,12.0,0.583,7.0,10.0,0.7,0.0,0.0,0.0,3.0,3.0,6.0,1.0,0.0,1.0,1.0,2.0,21.0,8.0
22201185,1610612758,SAC,Sacramento,1627734,Domantas Sabonis,Domantas,C,,32:05,7.0,12.0,0.583,1.0,2.0,0.5,1.0,2.0,0.5,3.0,9.0,12.0,11.0,0.0,0.0,2.0,3.0,16.0,6.0
22201185,1610612758,SAC,Sacramento,1628989,Kevin Huerter,Kevin,G,,21:56,5.0,10.0,0.5,1.0,5.0,0.2,0.0,0.0,0.0,1.0,2.0,3.0,4.0,2.0,1.0,1.0,3.0,11.0,-2.0
22201185,1610612758,SAC,Sacramento,1628368,De'Aaron Fox,De'Aaron,G,,29:39,10.0,23.0,0.435,2.0,6.0,0.333,1.0,2.0,0.5,2.0,3.0,5.0,9.0,1.0,0.0,3.0,0.0,23.0,18.0
22201185,1610612758,SAC,Sacramento,1630558,Davion Mitchell,Davion,,,15:20,3.0,5.0,0.6,2.0,3.0,0.667,0.0,0.0,0.0,1.0,0.0,1.0,2.0,0.0,0.0,1.0,1.0,8.0,3.0
22201185,1610612758,SAC,Sacramento,1630556,Kessler Edwards,Kessler,,,11:07,0.0,2.0,0.0,0.0,2.0,0.0,0.0,0.0,0.0,0.0,5.0,5.0,1.0,0.0,0.0,1.0,2.0,0.0,3.0
22201185,1610612758,SAC,Sacramento,1626168,Trey Lyles,Trey,,,12:38,0.0,4.0,0.0,0.0,4.0,0.0,0.0,0.0,0.0,0.0,3.0,3.0,0.0,0.0,0.0,0.0,3.0,0.0,14.0
22201185,1610612758,SAC,Sacramento,1628370,Malik Monk,Malik,,,23:03,6.0,9.0,0.667,2.0,5.0,0.4,3.0,4.0,0.75,0.0,2.0,2.0,3.0,2.0,0.0,0.0,2.0,17.0,23.0
22201185,1610612758,SAC,Sacramento,203458,Alex Len,Alex,,,12:54,1.0,1.0,1.0,0.0,0.0,0.0,2.0,2.0,1.0,1.0,3.0,4.0,1.0,0.0,2.0,1.0,4.0,4.0,15.0
22201185,1610612758,SAC,Sacramento,1626158,Richaun Holmes,Richaun,,,3:01,0.0,0.0,0.0,0.0,0.0,0.0,0.0,0.0,0.0,0.0,1.0,1.0,0.0,0.0,0.0,0.0,0.0,0.0,-3.0
22201185,1610612758,SAC,Sacramento,1631165,Keon Ellis,Keon,,,3:01,0.0,0.0,0.0,0.0,0.0,0.0,0.0,0.0,0.0,0.0,0.0,0.0,1.0,0.0,0.0,0.0,1.0,0.0,-3.0
22201185,1610612758,SAC,Sacramento,1628408,PJ Dozier,PJ,,,3:01,1.0,1.0,1.0,0.0,0.0,0.0,0.0,0.0,0.0,0.0,1.0,1.0,0.0,0.0,0.0,0.0,0.0,2.0,-3.0
22201185,1610612758,SAC,Sacramento,1629002,Chimezie Metu,Chimezie,,,3:01,0.0,0.0,0.0,0.0,0.0,0.0,0.0,0.0,0.0,0.0,0.0,0.0,0.0,0.0,0.0,1.0,0.0,0.0,-3.0
22201185,1610612758,SAC,Sacramento,1629056,Terence Davis,Terence,,,3:01,1.0,3.0,0.333,1.0,2.0,0.5,0.0,0.0,0.0,0.0,0.0,0.0,1.0,0.0,0.0,0.0,1.0,3.0,-3.0
22201185,1610612740,NOP,New Orleans,1630530,Trey Murphy III,Trey,F,,35:35,6.0,12.0,0.5,3.0,8.0,0.375,2.0,3.0,0.667,0.0,2.0,2.0,2.0,1.0,0.0,0.0,2.0,17.0,-9.0
22201185,1610612740,NOP,New Orleans,1627742,Brandon Ingram,Brandon,F,,37:25,7.0,15.0,0.467,1.0,2.0,0.5,7.0,8.0,0.875,2.0,5.0,7.0,6.0,2.0,1.0,7.0,2.0,22.0,-18.0
22201185,1610612740,NOP,New Orleans,202685,Jonas Valančiūnas,Jonas,C,,27:19,5.0,10.0,0.5,0.0,0.0,0.0,3.0,4.0,0.75,3.0,5.0,8.0,4.0,0.0,0.0,1.0,3.0,13.0,-1.0
22201185,1610612740,NOP,New Orleans,1630529,Herbert Jones,Herbert,G,,30:54,5.0,10.0,0.5,1.0,1.0,1.0,0.0,0.0,0.0,1.0,3.0,4.0,3.0,1.0,0.0,2.0,1.0,11.0,-2.0
22201185,1610612740,NOP,New Orleans,203468,CJ McCollum,CJ,G,,35:10,6.0,19.0,0.316,0.0,4.0,0.0,0.0,0.0,0.0,0.0,5.0,5.0,3.0,0.0,1.0,1.0,2.0,12.0,-22.0
22201185,1610612740,NOP,New Orleans,1630700,Dyson Daniels,Dyson,,,12:51,4.0,4.0,1.0,1.0,1.0,1.0,3.0,3.0,1.0,1.0,3.0,4.0,1.0,0.0,0.0,0.0,0.0,12.0,4.0
22201185,1610612740,NOP,New Orleans,1626196,Josh Richardson,Josh,,,19:41,1.0,4.0,0.25,1.0,2.0,0.5,0.0,0.0,0.0,0.0,0.0,0.0,0.0,1.0,0.0,1.0,1.0,3.0,-20.0
22201185,1610612740,NOP,New Orleans,1626204,Larry Nance Jr.,Larry,,,17:40,2.0,3.0,0.667,0.0,0.0,0.0,3.0,4.0,0.75,1.0,2.0,3.0,0.0,0.0,2.0,0.0,2.0,7.0,-20.0
22201185,1610612740,NOP,New Orleans,1630230,Naji Marshall,Naji,,,14:24,1.0,5.0,0.2,0.0,1.0,0.0,2.0,3.0,0.667,0.0,2.0,2.0,1.0,1.0,0.0,1.0,1.0,4.0,-11.0
22201185,1610612740,NOP,New Orleans,1630184,Kira Lewis Jr.,Kira,,,3:01,0.0,0.0,0.0,0.0,0.0,0.0,2.0,2.0,1.0,0.0,0.0,0.0,0.0,0.0,0.0,0.0,0.0,2.0,3.0
22201185,1610612740,NOP,New Orleans,1629637,Jaxson Hayes,Jaxson,,,3:01,0.0,1.0,0.0,0.0,0.0,0.0,0.0,0.0,0.0,0.0,1.0,1.0,0.0,0.0,0.0,0.0,0.0,0.0,3.0
22201185,1610612740,NOP,New Orleans,202066,Garrett Temple,Garrett,,,3:01,0.0,1.0,0.0,0.0,1.0,0.0,0.0,0.0,0.0,1.0,0.0,1.0,0.0,0.0,0.0,0.0,0.0,0.0,3.0
22201185,1610612740,NOP,New Orleans,1626195,Willy Hernangomez,Willy,,DNP - Coach's Decision,,,,,,,,,,,,,,,,,,,,
22201185,1610612740,NOP,New Orleans,1631220,Dereon Seabron,Dereon,,DNP - Coach's Decision,,,,,,,,,,,,,,,,,,,,
22201176,1610612761,TOR,Toronto,1628384,OG Anunoby,OG,F,,29:02,8.0,15.0,0.533,1.0,6.0,0.167,0.0,0.0,0.0,0.0,2.0,2.0,5.0,2.0,1.0,1.0,4.0,17.0,13.0
22201176,1610612761,TOR,Toronto,1627783,Pascal Siakam,Pascal,F,,34:52,8.0,16.0,0.5,0.0,2.0,0.0,6.0,7.0,0.857,3.0,11.0,14.0,4.0,2.0,2.0,2.0,4.0,22.0,5.0
22201176,1610612761,TOR,Toronto,1627751,Jakob Poeltl,Jakob,C,,21:46,5.0,9.0,0.556,0.0,0.0,0.0,0.0,0.0,0.0,4.0,5.0,9.0,3.0,0.0,0.0,1.0,1.0,10.0,3.0
22201176,1610612761,TOR,Toronto,1630567,Scottie Barnes,Scottie,G,,29:08,0.0,7.0,0.0,0.0,3.0,0.0,0.0,0.0,0.0,0.0,3.0,3.0,3.0,1.0,0.0,1.0,1.0,0.0,-3.0
22201176,1610612761,TOR,Toronto,1627832,Fred VanVleet,Fred,G,,26:52,4.0,9.0,0.444,3.0,5.0,0.6,5.0,6.0,0.833,0.0,1.0,1.0,6.0,4.0,1.0,0.0,2.0,16.0,12.0
22201176,1610612761,TOR,Toronto,1628449,Chris Boucher,Chris,,,26:40,6.0,8.0,0.75,3.0,4.0,0.75,6.0,7.0,0.857,0.0,2.0,2.0,0.0,0.0,0.0,0.0,2.0,21.0,20.0
22201176,1610612761,TOR,Toronto,1630288,Jeff Dowtin Jr.,Jeff,,,12:24,0.0,1.0,0.0,0.0,0.0,0.0,1.0,2.0,0.5,0.0,0.0,0.0,1.0,1.0,1.0,0.0,0.0,1.0,-2.0
22201176,1610612761,TOR,Toronto,1631132,Christian Koloko,Christian,,,11:19,0.0,0.0,0.0,0.0,0.0,0.0,0.0,2.0,0.0,2.0,1.0,3.0,0.0,0.0,1.0,1.0,1.0,0.0,8.0
22201176,1610612761,TOR,Toronto,203115,Will Barton,Will,,,20:18,7.0,12.0,0.583,6.0,9.0,0.667,0.0,0.0,0.0,0.0,1.0,1.0,2.0,1.0,0.0,0.0,1.0,20.0,26.0
22201176,1610612761,TOR,Toronto,1630173,Precious Achiuwa,Precious,,,14:55,4.0,8.0,0.5,2.0,4.0,0.5,2.0,2.0,1.0,1.0,3.0,4.0,1.0,1.0,0.0,0.0,1.0,12.0,9.0
22201176,1610612761,TOR,Toronto,1630201,Malachi Flynn,Malachi,,,3:42,0.0,1.0,0.0,0.0,0.0,0.0,0.0,0.0,0.0,0.0,1.0,1.0,0.0,1.0,0.0,0.0,0.0,0.0,3.0
22201176,1610612761,TOR,Toronto,1631199,Ron Harper Jr.,Ron,,,3:42,0.0,1.0,0.0,0.0,0.0,0.0,0.0,0.0,0.0,0.0,0.0,0.0,2.0,0.0,1.0,0.0,1.0,0.0,3.0
22201176,1610612761,TOR,Toronto,1630625,Dalano Banton,Dalano,,,3:15,0.0,1.0,0.0,0.0,0.0,0.0,1.0,2.0,0.5,0.0,1.0,1.0,0.0,0.0,0.0,0.0,0.0,1.0,0.0
22201176,1610612761,TOR,Toronto,1630580,Joe Wieskamp,Joe,,,2:05,0.0,0.0,0.0,0.0,0.0,0.0,0.0,0.0,0.0,0.0,0.0,0.0,0.0,0.0,0.0,0.0,0.0,0.0,3.0
22201176,1610612761,TOR,Toronto,201152,Thaddeus Young,Thaddeus,,DNP - Coach's Decision,,,,,,,,,,,,,,,,,,,,
22201176,1610612766,CHA,Charlotte,1631121,Bryce McGowens,Bryce,F,,35:35,7.0,12.0,0.583,2.0,5.0,0.4,4.0,6.0,0.667,2.0,4.0,6.0,3.0,0.0,0.0,4.0,4.0,20.0,-20.0
22201176,1610612766,CHA,Charlotte,1630550,JT Thor,JT,F,,34:23,4.0,9.0,0.444,3.0,6.0,0.5,2.0,2.0,1.0,0.0,7.0,7.0,1.0,0.0,2.0,2.0,2.0,13.0,-12.0
22201176,1610612766,CHA,Charlotte,1630208,Nick Richards,Nick,C,,27:21,7.0,9.0,0.778,0.0,0.0,0.0,4.0,5.0,0.8,2.0,9.0,11.0,1.0,0.0,0.0,0.0,2.0,18.0,-2.0
22201176,1610612766,CHA,Charlotte,1629004,Svi Mykhailiuk,Svi,G,,33:32,7.0,14.0,0.5,3.0,8.0,0.375,0.0,0.0,0.0,0.0,5.0,5.0,7.0,1.0,0.0,2.0,2.0,17.0,10.0
22201176,1610612766,CHA,Charlotte,1630177,Theo Maledon,Theo,G,,39:04,5.0,14.0,0.357,1.0,2.0,0.5,2.0,2.0,1.0,1.0,5.0,6.0,11.0,2.0,0.0,6.0,3.0,13.0,-8.0
22201176,1610612766,CHA,Charlotte,1630547,James Bouknight,James,,,22:21,3.0,9.0,0.333,2.0,6.0,0.333,0.0,0.0,0.0,0.0,1.0,1.0,0.0,0.0,0.0,1.0,4.0,8.0,-12.0
22201176,1610612766,CHA,Charlotte,1630539,Kai Jones,Kai,,,22:51,2.0,4.0,0.5,0.0,0.0,0.0,0.0,0.0,0.0,1.0,3.0,4.0,2.0,0.0,1.0,1.0,2.0,4.0,-16.0
22201176,1610612766,CHA,Charlotte,1630270,Xavier Sneed,Xavier,,,13:14,0.0,2.0,0.0,0.0,1.0,0.0,2.0,2.0,1.0,0.0,1.0,1.0,1.0,0.0,1.0,0.0,3.0,2.0,-21.0
22201176,1610612766,CHA,Charlotte,1628424,Kobi Simmons,Kobi,,,11:40,1.0,4.0,0.25,1.0,3.0,0.333,2.0,2.0,1.0,0.0,1.0,1.0,1.0,0.0,0.0,1.0,0.0,5.0,-19.0
22201176,1610612766,CHA,Charlotte,1626162,Kelly Oubre Jr.,Kelly,,DND - Injury/Illness,,,,,,,,,,,,,,,,,,,,
22201176,1610612766,CHA,Charlotte,1631109,Mark Williams,Mark,,DND - Injury/Illness,,,,,,,,,,,,,,,,,,,,
22201182,1610612737,ATL,Atlanta,1630180,Saddiq Bey,Saddiq,F,,33:56,8.0,13.0,0.615,2.0,6.0,0.333,0.0,0.0,0.0,1.0,3.0,4.0,4.0,1.0,0.0,0.0,1.0,18.0,19.0
22201182,1610612737,ATL,Atlanta,1628381,John Collins,John,F,,23:46,3.0,9.0,0.333,0.0,2.0,0.0,3.0,3.0,1.0,1.0,5.0,6.0,2.0,0.0,2.0,0.0,2.0,9.0,11.0
22201182,1610612737,ATL,Atlanta,203991,Clint Capela,Clint,C,,25:56,5.0,6.0,0.833,0.0,0.0,0.0,3.0,4.0,0.75,1.0,13.0,14.0,0.0,0.0,0.0,2.0,2.0,13.0,15.0
22201182,1610612737,ATL,Atlanta,203992,Bogdan Bogdanović,Bogdan,G,,33:29,9.0,15.0,0.6,5.0,10.0,0.5,3.0,3.0,1.0,0.0,4.0,4.0,5.0,0.0,0.0,1.0,2.0,26.0,16.0
22201182,1610612737,ATL,Atlanta,1627749,Dejounte Murray,Dejounte,G,,34:43,7.0,13.0,0.538,0.0,3.0,0.0,3.0,3.0,1.0,1.0,2.0,3.0,9.0,1.0,0.0,1.0,1.0,17.0,21.0
22201182,1610612737,ATL,Atlanta,1631100,AJ Griffin,AJ,,,24:48,2.0,7.0,0.286,1.0,2.0,0.5,2.0,2.0,1.0,0.0,2.0,2.0,1.0,0.0,0.0,3.0,5.0,7.0,1.0
22201182,1610612737,ATL,Atlanta,1630168,Onyeka Okongwu,Onyeka,,,19:58,4.0,7.0,0.571,1.0,1.0,1.0,2.0,2.0,1.0,1.0,5.0,6.0,1.0,0.0,3.0,1.0,2.0,11.0,3.0
22201182,1610612737,ATL,Atlanta,1630552,Jalen Johnson,Jalen,,,22:08,7.0,10.0,0.7,1.0,3.0,0.333,1.0,2.0,0.5,1.0,3.0,4.0,2.0,3.0,1.0,4.0,2.0,16.0,7.0
22201182,1610612737,ATL,Atlanta,1630235,Trent Forrest,Trent,,,11:36,1.0,3.0,0.333,0.0,0.0,0.0,0.0,0.0,0.0,0.0,3.0,3.0,1.0,0.0,0.0,3.0,1.0,2.0,-3.0
22201182,1610612737,ATL,Atlanta,1628988,Aaron Holiday,Aaron,,,2:06,0.0,0.0,0.0,0.0,0.0,0.0,0.0,0.0,0.0,0.0,0.0,0.0,0.0,0.0,0.0,0.0,0.0,0.0,0.0
22201182,1610612737,ATL,Atlanta,1628981,Bruno Fernando,Bruno,,,2:06,1.0,1.0,1.0,0.0,0.0,0.0,0.0,0.0,0.0,0.0,0.0,0.0,0.0,0.0,1.0,1.0,0.0,2.0,0.0
22201182,1610612737,ATL,Atlanta,1630249,Vít Krejčí,Vít,,,2:06,1.0,1.0,1.0,0.0,0.0,0.0,0.0,0.0,0.0,1.0,0.0,1.0,0.0,0.0,0.0,0.0,0.0,2.0,0.0
22201182,1610612737,ATL,Atlanta,1631495,Donovan Williams,Donovan,,,1:41,0.0,1.0,0.0,0.0,1.0,0.0,0.0,0.0,0.0,0.0,1.0,1.0,0.0,0.0,0.0,0.0,0.0,0.0,0.0
22201182,1610612737,ATL,Atlanta,1631213,Tyrese Martin,Tyrese,,,1:41,0.0,0.0,0.0,0.0,0.0,0.0,0.0,0.0,0.0,0.0,0.0,0.0,1.0,0.0,0.0,0.0,0.0,0.0,0.0
22201182,1610612737,ATL,Atlanta,1629726,Garrison Mathews,Garrison,,DNP - Coach's Decision,,,,,,,,,,,,,,,,,,,,
22201182,1610612741,CHI,Chicago,201942,DeMar DeRozan,DeMar,F,,36:41,7.0,17.0,0.412,1.0,4.0,0.25,6.0,6.0,1.0,0.0,4.0,4.0,2.0,1.0,0.0,1.0,2.0,21.0,-14.0
22201182,1610612741,CHI,Chicago,1627936,Alex Caruso,Alex,F,,19:13,0.0,2.0,0.0,0.0,1.0,0.0,0.0,0.0,0.0,1.0,4.0,5.0,1.0,0.0,1.0,1.0,3.0,0.0,-12.0
22201182,1610612741,CHI,Chicago,202696,Nikola Vučević,Nikola,C,,34:04,8.0,15.0,0.533,0.0,2.0,0.0,3.0,3.0,1.0,2.0,8.0,10.0,3.0,0.0,0.0,1.0,1.0,19.0,-19.0
22201182,1610612741,CHI,Chicago,203897,Zach LaVine,Zach,G,,33:27,11.0,21.0,0.524,1.0,7.0,0.143,3.0,4.0,0.75,0.0,3.0,3.0,6.0,1.0,0.0,2.0,2.0,26.0,-21.0
22201182,1610612741,CHI,Chicago,201976,Patrick Beverley,Patrick,G,,31:40,4.0,9.0,0.444,3.0,7.0,0.429,0.0,0.0,0.0,0.0,2.0,2.0,0.0,1.0,1.0,0.0,3.0,11.0,-18.0
22201182,1610612741,CHI,Chicago,1630172,Patrick Williams,Patrick,,,26:41,6.0,9.0,0.667,2.0,5.0,0.4,1.0,2.0,0.5,1.0,1.0,2.0,1.0,2.0,2.0,0.0,3.0,15.0,-6.0
22201182,1610612741,CHI,Chicago,1629632,Coby White,Coby,,,22:24,3.0,10.0,0.3,0.0,4.0,0.0,1.0,1.0,1.0,0.0,1.0,1.0,3.0,1.0,0.0,2.0,2.0,7.0,5.0
22201182,1610612741,CHI,Chicago,1630245,Ayo Dosunmu,Ayo,,,17:42,0.0,2.0,0.0,0.0,0.0,0.0,0.0,0.0,0.0,0.0,0.0,0.0,0.0,1.0,0.0,1.0,2.0,0.0,-6.0
22201182,1610612741,CHI,Chicago,203083,Andre Drummond,Andre,,,7:30,0.0,0.0,0.0,0.0,0.0,0.0,2.0,4.0,0.5,1.0,3.0,4.0,0.0,0.0,2.0,0.0,0.0,2.0,0.0
22201182,1610612741,CHI,Chicago,1627884,Derrick Jones Jr.,Derrick,,,6:26,0.0,0.0,0.0,0.0,0.0,0.0,0.0,0.0,0.0,0.0,0.0,0.0,0.0,0.0,0.0,0.0,0.0,0.0,1.0
22201182,1610612741,CHI,Chicago,1631207,Dalen Terry,Dalen,,,2:06,1.0,2.0,0.5,0.0,0.0,0.0,0.0,0.0,0.0,1.0,0.0,1.0,0.0,1.0,0.0,0.0,0.0,2.0,0.0
22201182,1610612741,CHI,Chicago,1630250,Marko Simonovic,Marko,,,2:06,1.0,2.0,0.5,0.0,1.0,0.0,0.0,0.0,0.0,0.0,0.0,0.0,0.0,0.0,0.0,0.0,0.0,2.0,0.0
22201182,1610612741,CHI,Chicago,1629750,Javonte Green,Javonte,,DNP - Coach's Decision,,,,,,,,,,,,,,,,,,,,
22201182,1610612741,CHI,Chicago,1630637,Carlik Jones,Carlik,,DNP - Coach's Decision,,,,,,,,,,,,,,,,,,,,
22201182,1610612741,CHI,Chicago,1630678,Terry Taylor,Terry,,DNP - Coach's Decision,,,,,,,,,,,,,,,,,,,,
22201180,1610612750,MIN,Minnesota,1630183,Jaden McDaniels,Jaden,F,,41:07,7.0,13.0,0.538,1.0,3.0,0.333,0.0,1.0,0.0,0.0,6.0,6.0,0.0,3.0,1.0,1.0,0.0,15.0,-11.0
22201180,1610612750,MIN,Minnesota,1626157,Karl-Anthony Towns,Karl-Anthony,F,,30:53,8.0,15.0,0.533,1.0,3.0,0.333,5.0,6.0,0.833,1.0,13.0,14.0,5.0,0.0,0.0,1.0,3.0,22.0,4.0
22201180,1610612750,MIN,Minnesota,203497,Rudy Gobert,Rudy,C,,33:47,5.0,8.0,0.625,0.0,0.0,0.0,2.0,3.0,0.667,4.0,8.0,12.0,2.0,0.0,1.0,2.0,3.0,12.0,-5.0
22201180,1610612750,MIN,Minnesota,1630162,Anthony Edwards,Anthony,G,,31:01,7.0,18.0,0.389,2.0,5.0,0.4,7.0,7.0,1.0,1.0,4.0,5.0,3.0,1.0,2.0,2.0,1.0,23.0,13.0
22201180,1610612750,MIN,Minnesota,201144,Mike Conley,Mike,G,,33:02,6.0,9.0,0.667,3.0,5.0,0.6,3.0,4.0,0.75,0.0,1.0,1.0,1.0,1.0,1.0,1.0,1.0,18.0,2.0
22201180,1610612750,MIN,Minnesota,203937,Kyle Anderson,Kyle,,,32:08,4.0,9.0,0.444,0.0,1.0,0.0,0.0,0.0,0.0,1.0,0.0,1.0,10.0,1.0,0.0,0.0,3.0,8.0,11.0
22201180,1610612750,MIN,Minnesota,1629638,Nickeil Alexander-Walker,Nickeil,,,14:58,1.0,5.0,0.2,0.0,3.0,0.0,0.0,0.0,0.0,0.0,2.0,2.0,0.0,1.0,1.0,0.0,1.0,2.0,3.0
22201180,1610612750,MIN,Minnesota,1627752,Taurean Prince,Taurean,,,23:04,3.0,8.0,0.375,1.0,4.0,0.25,0.0,1.0,0.0,0.0,3.0,3.0,0.0,0.0,0.0,1.0,1.0,7.0,8.0
22201180,1610612750,MIN,Minnesota,1630233,Nathan Knight,Nathan,,DNP - Coach's Decision,,,,,,,,,,,,,,,,,,,,
22201180,1610612750,MIN,Minnesota,1629162,Jordan McLaughlin,Jordan,,DNP - Coach's Decision,,,,,,,,,,,,,,,,,,,,
22201180,1610612750,MIN,Minnesota,1631169,Josh Minott,Josh,,DNP - Coach's Decision,,,,,,,,,,,,,,,,,,,,
22201180,1610612750,MIN,Minnesota,1631111,Wendell Moore Jr.,Wendell,,DNP - Coach's Decision,,,,,,,,,,,,,,,,,,,,
22201180,1610612751,BKN,Brooklyn,1629661,Cameron Johnson,Cameron,F,,34:10,5.0,9.0,0.556,2.0,3.0,0.667,2.0,2.0,1.0,0.0,4.0,4.0,3.0,1.0,1.0,0.0,2.0,14.0,7.0
22201180,1610612751,BKN,Brooklyn,1627827,Dorian Finney-Smith,Dorian,F,,34:00,5.0,10.0,0.5,4.0,6.0,0.667,0.0,0.0,0.0,2.0,8.0,10.0,3.0,0.0,0.0,1.0,5.0,14.0,2.0
22201180,1610612751,BKN,Brooklyn,1629651,Nic Claxton,Nic,C,,32:03,2.0,6.0,0.333,0.0,0.0,0.0,2.0,2.0,1.0,4.0,5.0,9.0,3.0,1.0,4.0,1.0,2.0,6.0,-6.0
22201180,1610612751,BKN,Brooklyn,1628969,Mikal Bridges,Mikal,G,,39:58,9.0,24.0,0.375,1.0,5.0,0.2,5.0,6.0,0.833,0.0,5.0,5.0,2.0,2.0,1.0,3.0,2.0,24.0,-9.0
22201180,1610612751,BKN,Brooklyn,203915,Spencer Dinwiddie,Spencer,G,,38:16,13.0,24.0,0.542,3.0,9.0,0.333,1.0,2.0,0.5,0.0,3.0,3.0,6.0,0.0,1.0,0.0,2.0,30.0,-3.0
22201180,1610612751,BKN,Brooklyn,1626220,Royce O'Neale,Royce,,,35:07,3.0,10.0,0.3,2.0,8.0,0.25,0.0,0.0,0.0,0.0,6.0,6.0,3.0,2.0,1.0,2.0,4.0,8.0,-4.0
22201180,1610612751,BKN,Brooklyn,1630549,Day'Ron Sharpe,Day'Ron,,,2:36,0.0,0.0,0.0,0.0,0.0,0.0,0.0,0.0,0.0,1.0,0.0,1.0,0.0,0.0,0.0,0.0,0.0,0.0,3.0
22201180,1610612751,BKN,Brooklyn,203925,Joe Harris,Joe,,,15:26,2.0,4.0,0.5,1.0,3.0,0.333,0.0,0.0,0.0,0.0,2.0,2.0,1.0,0.0,0.0,1.0,0.0,5.0,-11.0
22201180,1610612751,BKN,Brooklyn,203552,Seth Curry,Seth,,,3:29,0.0,1.0,0.0,0.0,0.0,0.0,1.0,2.0,0.5,0.0,0.0,0.0,0.0,0.0,0.0,0.0,1.0,1.0,-8.0
22201180,1610612751,BKN,Brooklyn,1630560,Cam Thomas,Cam,,,4:56,0.0,2.0,0.0,0.0,1.0,0.0,0.0,0.0,0.0,0.0,0.0,0.0,0.0,0.0,0.0,1.0,0.0,0.0,4.0
22201180,1610612751,BKN,Brooklyn,1629650,Moses Brown,Moses,,DNP - Coach's Decision,,,,,,,,,,,,,,,,,,,,
22201180,1610612751,BKN,Brooklyn,1630561,David Duke Jr.,David,,DNP - Coach's Decision,,,,,,,,,,,,,,,,,,,,
22201180,1610612751,BKN,Brooklyn,201988,Patty Mills,Patty,,DNP - Coach's Decision,,,,,,,,,,,,,,,,,,,,
22201180,1610612751,BKN,Brooklyn,1628410,Edmond Sumner,Edmond,,DNP - Coach's Decision,,,,,,,,,,,,,,,,,,,,
22201180,1610612751,BKN,Brooklyn,1629139,Yuta Watanabe,Yuta,,DNP - Coach's Decision,,,,,,,,,,,,,,,,,,,,
22201177,1610612748,MIA,Miami,202710,Jimmy Butler III,Jimmy,F,,35:29,9.0,12.0,0.75,0.0,0.0,0.0,9.0,11.0,0.818,0.0,8.0,8.0,8.0,4.0,0.0,2.0,0.0,27.0,4.0
22201177,1610612748,MIA,Miami,1629622,Max Strus,Max,F,,29:21,3.0,10.0,0.3,2.0,8.0,0.25,1.0,2.0,0.5,0.0,3.0,3.0,2.0,0.0,0.0,0.0,2.0,9.0,-10.0
22201177,1610612748,MIA,Miami,1628389,Bam Adebayo,Bam,C,,31:02,6.0,10.0,0.6,0.0,0.0,0.0,6.0,6.0,1.0,2.0,2.0,4.0,2.0,2.0,0.0,1.0,3.0,18.0,6.0
22201177,1610612748,MIA,Miami,1629639,Tyler Herro,Tyler,G,,37:46,7.0,16.0,0.438,2.0,7.0,0.286,2.0,2.0,1.0,0.0,5.0,5.0,2.0,1.0,0.0,1.0,2.0,18.0,18.0
22201177,1610612748,MIA,Miami,1629216,Gabe Vincent,Gabe,G,,36:08,8.0,14.0,0.571,6.0,11.0,0.545,0.0,0.0,0.0,0.0,3.0,3.0,2.0,1.0,0.0,0.0,2.0,22.0,19.0
22201177,1610612748,MIA,Miami,200768,Kyle Lowry,Kyle,,,23:28,3.0,6.0,0.5,2.0,5.0,0.4,3.0,3.0,1.0,0.0,2.0,2.0,5.0,1.0,1.0,3.0,5.0,11.0,5.0
22201177,1610612748,MIA,Miami,201567,Kevin Love,Kevin,,,16:58,3.0,7.0,0.429,1.0,4.0,0.25,0.0,0.0,0.0,1.0,3.0,4.0,2.0,0.0,1.0,0.0,2.0,7.0,7.0
22201177,1610612748,MIA,Miami,1628997,Caleb Martin,Caleb,,,29:48,2.0,5.0,0.4,0.0,1.0,0.0,2.0,2.0,1.0,2.0,2.0,4.0,3.0,3.0,0.0,0.0,2.0,6.0,16.0
22201177,1610612748,MIA,Miami,1631288,Jamal Cain,Jamal,,DNP - Coach's Decision,,,,,,,,,,,,,,,,,,,,
22201177,1610612748,MIA,Miami,2617,Udonis Haslem,Udonis,,DNP - Coach's Decision,,,,,,,,,,,,,,,,,,,,
22201177,1610612748,MIA,Miami,1629312,Haywood Highsmith,Haywood,,DNP - Coach's Decision,,,,,,,,,,,,,,,,,,,,
22201177,1610612748,MIA,Miami,203506,Victor Oladipo,Victor,,DNP - Coach's Decision,,,,,,,,,,,,,,,,,,,,
22201177,1610612748,MIA,Miami,1629130,Duncan Robinson,Duncan,,DNP - Coach's Decision,,,,,,,,,,,,,,,,,,,,
22201177,1610612748,MIA,Miami,1630209,Omer Yurtseven,Omer,,DNP - Coach's Decision,,,,,,,,,,,,,,,,,,,,
22201177,1610612748,MIA,Miami,203469,Cody Zeller,Cody,,DNP - Coach's Decision,,,,,,,,,,,,,,,,,,,,
22201177,1610612765,DET,Detroit,1630587,Isaiah Livers,Isaiah,F,,23:37,4.0,9.0,0.444,4.0,6.0,0.667,3.0,3.0,1.0,0.0,3.0,3.0,1.0,0.0,0.0,1.0,3.0,15.0,8.0
22201177,1610612765,DET,Detroit,1630164,James Wiseman,James,F,,29:41,6.0,14.0,0.429,0.0,0.0,0.0,2.0,4.0,0.5,2.0,4.0,6.0,1.0,0.0,0.0,1.0,5.0,14.0,-10.0
22201177,1610612765,DET,Detroit,1631105,Jalen Duren,Jalen,C,,35:54,7.0,8.0,0.875,0.0,0.0,0.0,6.0,7.0,0.857,3.0,11.0,14.0,1.0,1.0,1.0,2.0,3.0,20.0,-12.0
22201177,1610612765,DET,Detroit,1631093,Jaden Ivey,Jaden,G,,37:05,11.0,15.0,0.733,4.0,6.0,0.667,4.0,5.0,0.8,0.0,4.0,4.0,7.0,1.0,0.0,5.0,3.0,30.0,-6.0
22201177,1610612765,DET,Detroit,1630165,Killian Hayes,Killian,G,,42:07,3.0,8.0,0.375,0.0,3.0,0.0,1.0,1.0,1.0,0.0,1.0,1.0,8.0,0.0,0.0,4.0,3.0,7.0,2.0
22201177,1610612765,DET,Detroit,1630647,Eugene Omoruyi,Eugene,,,25:53,2.0,6.0,0.333,1.0,3.0,0.333,6.0,7.0,0.857,1.0,3.0,4.0,2.0,2.0,0.0,0.0,2.0,11.0,-6.0
22201177,1610612765,DET,Detroit,1630181,R.J. Hampton,R.J.,,,15:23,1.0,5.0,0.2,0.0,3.0,0.0,0.0,0.0,0.0,0.0,3.0,3.0,0.0,0.0,1.0,0.0,1.0,2.0,-12.0
22201177,1610612765,DET,Detroit,202709,Cory Joseph,Cory,,,27:35,2.0,7.0,0.286,2.0,6.0,0.333,0.0,0.0,0.0,0.0,0.0,0.0,1.0,1.0,0.0,0.0,1.0,6.0,-18.0
22201177,1610612765,DET,Detroit,1631197,Jared Rhoden,Jared,,,2:45,0.0,1.0,0.0,0.0,1.0,0.0,0.0,0.0,0.0,0.0,0.0,0.0,0.0,0.0,0.0,1.0,1.0,0.0,-11.0
22201177,1610612765,DET,Detroit,1628963,Marvin Bagley III,Marvin,,DNP - Concussion Protocol,,,,,,,,,,,,,,,,,,,,
22201177,1610612765,DET,Detroit,1631205,Buddy Boeheim,Buddy,,DNP - Coach's Decision,,,,,,,,,,,,,,,,,,,,
22201177,1610612765,DET,Detroit,203585,Rodney McGruder,Rodney,,DNP - Injury/Illness,,,,,,,,,,,,,,,,,,,,
22201186,1610612747,LAL,Los Angeles,1629020,Jarred Vanderbilt,Jarred,F,,18:20,2.0,4.0,0.5,2.0,4.0,0.5,0.0,0.0,0.0,1.0,1.0,2.0,1.0,1.0,1.0,0.0,4.0,6.0,4.0
22201186,1610612747,LAL,Los Angeles,2544,LeBron James,LeBron,F,,38:28,14.0,27.0,0.519,3.0,10.0,0.3,6.0,6.0,1.0,0.0,5.0,5.0,6.0,1.0,1.0,5.0,2.0,37.0,-7.0
22201186,1610612747,LAL,Los Angeles,203076,Anthony Davis,Anthony,C,,42:05,7.0,16.0,0.438,0.0,0.0,0.0,7.0,12.0,0.583,4.0,10.0,14.0,6.0,2.0,2.0,1.0,3.0,21.0,4.0
22201186,1610612747,LAL,Los Angeles,1630559,Austin Reaves,Austin,G,,41:32,8.0,13.0,0.615,4.0,7.0,0.571,8.0,8.0,1.0,0.0,3.0,3.0,6.0,0.0,0.0,2.0,1.0,28.0,10.0
22201186,1610612747,LAL,Los Angeles,203471,Dennis Schröder,Dennis,G,,41:53,7.0,17.0,0.412,1.0,5.0,0.2,3.0,4.0,0.75,3.0,0.0,3.0,4.0,1.0,1.0,2.0,5.0,18.0,4.0
22201186,1610612747,LAL,Los Angeles,1628972,Troy Brown Jr.,Troy,,,25:31,1.0,4.0,0.25,1.0,2.0,0.5,0.0,0.0,0.0,0.0,4.0,4.0,2.0,1.0,0.0,0.0,0.0,3.0,2.0
22201186,1610612747,LAL,Los Angeles,1627736,Malik Beasley,Malik,,,21:45,1.0,3.0,0.333,0.0,2.0,0.0,1.0,2.0,0.5,1.0,1.0,2.0,1.0,0.0,1.0,0.0,2.0,3.0,-7.0
22201186,1610612747,LAL,Los Angeles,1629060,Rui Hachimura,Rui,,,25:15,7.0,11.0,0.636,1.0,4.0,0.25,2.0,3.0,0.667,1.0,5.0,6.0,1.0,0.0,0.0,1.0,2.0,17.0,4.0
22201186,1610612747,LAL,Los Angeles,1629117,Wenyen Gabriel,Wenyen,,,10:11,1.0,1.0,1.0,0.0,0.0,0.0,0.0,0.0,0.0,1.0,4.0,5.0,0.0,0.0,1.0,0.0,2.0,2.0,-4.0
22201186,1610612747,LAL,Los Angeles,1631108,Max Christie,Max,,DNP - Coach's Decision,,,,,,,,,,,,,,,,,,,,
22201186,1610612747,LAL,Los Angeles,1628432,Davon Reed,Davon,,DNP - Coach's Decision,,,,,,,,,,,,,,,,,,,,
22201186,1610612747,LAL,Los Angeles,1631306,Cole Swider,Cole,,DNP - Coach's Decision,,,,,,,,,,,,,,,,,,,,
22201186,1610612747,LAL,Los Angeles,1629022,Lonnie Walker IV,Lonnie,,DNP - Coach's Decision,,,,,,,,,,,,,,,,,,,,
22201186,1610612762,UTA,Utah,1629677,Luka Samanic,Luka,F,,22:17,5.0,6.0,0.833,2.0,3.0,0.667,0.0,0.0,0.0,0.0,4.0,4.0,2.0,1.0,0.0,0.0,1.0,12.0,-2.0
22201186,1610612762,UTA,Utah,203482,Kelly Olynyk,Kelly,F,,35:03,7.0,10.0,0.7,4.0,4.0,1.0,5.0,6.0,0.833,2.0,5.0,7.0,7.0,0.0,0.0,3.0,5.0,23.0,-1.0
22201186,1610612762,UTA,Utah,1628962,Udoka Azubuike,Udoka,C,,20:54,1.0,1.0,1.0,0.0,0.0,0.0,0.0,0.0,0.0,0.0,5.0,5.0,0.0,0.0,0.0,0.0,4.0,2.0,-6.0
22201186,1610612762,UTA,Utah,1630534,Ochai Agbaji,Ochai,G,,38:09,7.0,15.0,0.467,4.0,8.0,0.5,4.0,4.0,1.0,1.0,3.0,4.0,3.0,0.0,2.0,1.0,0.0,22.0,-1.0
22201186,1610612762,UTA,Utah,1629659,Talen Horton-Tucker,Talen,G,,37:17,7.0,21.0,0.333,0.0,4.0,0.0,9.0,13.0,0.692,2.0,2.0,4.0,7.0,2.0,1.0,2.0,2.0,23.0,-2.0
22201186,1610612762,UTA,Utah,1627745,Damian Jones,Damian,,,32:06,5.0,5.0,1.0,3.0,3.0,1.0,3.0,4.0,0.75,1.0,7.0,8.0,1.0,0.0,0.0,1.0,3.0,16.0,4.0
22201186,1610612762,UTA,Utah,1631323,Simone Fontecchio,Simone,,,21:34,2.0,5.0,0.4,2.0,4.0,0.5,0.0,0.0,0.0,0.0,0.0,0.0,0.0,0.0,0.0,1.0,1.0,6.0,-2.0
22201186,1610612762,UTA,Utah,1627739,Kris Dunn,Kris,,,26:35,4.0,8.0,0.5,0.0,1.0,0.0,2.0,2.0,1.0,0.0,4.0,4.0,4.0,1.0,0.0,1.0,5.0,10.0,2.0
22201186,1610612762,UTA,Utah,1629012,Collin Sexton,Collin,,,15:43,7.0,14.0,0.5,0.0,5.0,0.0,1.0,2.0,0.5,0.0,1.0,1.0,3.0,0.0,0.0,1.0,3.0,15.0,0.0
22201186,1610612762,UTA,Utah,1629308,Juan Toscano-Anderson,Juan,,,15:22,2.0,5.0,0.4,0.0,1.0,0.0,0.0,0.0,0.0,0.0,4.0,4.0,2.0,0.0,0.0,2.0,4.0,4.0,-2.0
22201186,1610612762,UTA,Utah,1630548,Johnny Juzang,Johnny,,DNP - Coach's Decision,,,,,,,,,,,,,,,,,,,,
22201186,1610612762,UTA,Utah,1630695,Micah Potter,Micah,,DNP - Coach's Decision,,,,,,,,,,,,,,,,,,,,
22201179,1610612749,MIL,Milwaukee,203109,Jae Crowder,Jae,F,,23:33,7.0,11.0,0.636,4.0,5.0,0.8,1.0,1.0,1.0,3.0,6.0,9.0,0.0,1.0,0.0,1.0,3.0,19.0,16.0
22201179,1610612749,MIL,Milwaukee,203507,Giannis Antetokounmpo,Giannis,F,,32:48,9.0,16.0,0.563,0.0,0.0,0.0,10.0,17.0,0.588,0.0,11.0,11.0,10.0,2.0,1.0,8.0,3.0,28.0,18.0
22201179,1610612749,MIL,Milwaukee,201572,Brook Lopez,Brook,C,,30:19,8.0,11.0,0.727,4.0,7.0,0.571,0.0,0.0,0.0,0.0,0.0,0.0,1.0,1.0,5.0,2.0,4.0,20.0,18.0
22201179,1610612749,MIL,Milwaukee,1626192,Pat Connaughton,Pat,G,,5:40,0.0,1.0,0.0,0.0,1.0,0.0,0.0,0.0,0.0,0.0,0.0,0.0,0.0,0.0,0.0,0.0,0.0,0.0,1.0
22201179,1610612749,MIL,Milwaukee,201950,Jrue Holiday,Jrue,G,,30:05,12.0,21.0,0.571,2.0,6.0,0.333,0.0,1.0,0.0,3.0,6.0,9.0,10.0,0.0,0.0,2.0,4.0,26.0,24.0
22201179,1610612749,MIL,Milwaukee,204060,Joe Ingles,Joe,,,27:38,4.0,6.0,0.667,4.0,6.0,0.667,0.0,0.0,0.0,0.0,3.0,3.0,5.0,2.0,1.0,3.0,0.0,12.0,2.0
22201179,1610612749,MIL,Milwaukee,1626171,Bobby Portis,Bobby,,,31:06,5.0,15.0,0.333,5.0,9.0,0.556,4.0,8.0,0.5,5.0,15.0,20.0,4.0,0.0,0.0,1.0,1.0,19.0,-8.0
22201179,1610612749,MIL,Milwaukee,202083,Wesley Matthews,Wesley,,,29:35,3.0,4.0,0.75,3.0,4.0,0.75,0.0,0.0,0.0,0.0,2.0,2.0,0.0,0.0,0.0,0.0,1.0,9.0,13.0
22201179,1610612749,MIL,Milwaukee,201609,Goran Dragic,Goran,,,14:13,0.0,3.0,0.0,0.0,1.0,0.0,2.0,2.0,1.0,0.0,1.0,1.0,3.0,0.0,0.0,1.0,0.0,2.0,-12.0
22201179,1610612749,MIL,Milwaukee,1630699,MarJon Beauchamp,MarJon,,,13:18,2.0,4.0,0.5,1.0,3.0,0.333,0.0,0.0,0.0,1.0,0.0,1.0,0.0,0.0,0.0,0.0,3.0,5.0,-8.0
22201179,1610612749,MIL,Milwaukee,203648,Thanasis Antetokounmpo,Thanasis,,,1:47,0.0,0.0,0.0,0.0,0.0,0.0,0.0,0.0,0.0,0.0,0.0,0.0,0.0,0.0,0.0,0.0,0.0,0.0,-4.0
22201179,1610612749,MIL,Milwaukee,203086,Meyers Leonard,Meyers,,DNP - Coach's Decision,,,,,,,,,,,,,,,,,,,,
22201179,1610612749,MIL,Milwaukee,1629623,Lindell Wigginton,Lindell,,DNP - Coach's Decision,,,,,,,,,,,,,,,,,,,,
22201179,1610612764,WAS,Washington,1630557,Corey Kispert,Corey,F,,34:02,6.0,15.0,0.4,0.0,4.0,0.0,0.0,0.0,0.0,2.0,2.0,4.0,1.0,0.0,0.0,0.0,1.0,12.0,-14.0
22201179,1610612764,WAS,Washington,1630264,Anthony Gill,Anthony,F,,21:36,2.0,4.0,0.5,1.0,1.0,1.0,3.0,5.0,0.6,1.0,2.0,3.0,1.0,0.0,0.0,1.0,2.0,8.0,-17.0
22201179,1610612764,WAS,Washington,1629655,Daniel Gafford,Daniel,C,,21:09,7.0,10.0,0.7,0.0,0.0,0.0,1.0,2.0,0.5,2.0,5.0,7.0,2.0,0.0,0.0,1.0,4.0,15.0,-19.0
22201179,1610612764,WAS,Washington,1630692,Jordan Goodwin,Jordan,G,,28:11,6.0,16.0,0.375,2.0,4.0,0.5,0.0,0.0,0.0,1.0,3.0,4.0,9.0,0.0,1.0,3.0,2.0,14.0,-12.0
22201179,1610612764,WAS,Washington,1631098,Johnny Davis,Johnny,G,,36:30,9.0,17.0,0.529,2.0,5.0,0.4,0.0,1.0,0.0,0.0,5.0,5.0,4.0,2.0,2.0,1.0,2.0,20.0,-13.0
22201179,1610612764,WAS,Washington,1629134,Kendrick Nunn,Kendrick,,,22:29,9.0,17.0,0.529,5.0,6.0,0.833,1.0,2.0,0.5,1.0,6.0,7.0,6.0,2.0,1.0,1.0,2.0,24.0,-2.0
22201179,1610612764,WAS,Washington,1630643,Jay Huff,Jay,,,26:51,5.0,10.0,0.5,3.0,6.0,0.5,4.0,5.0,0.8,2.0,7.0,9.0,2.0,2.0,0.0,0.0,5.0,17.0,7.0
22201179,1610612764,WAS,Washington,1641645,Xavier Cooks,Xavier,,,26:24,4.0,5.0,0.8,0.0,0.0,0.0,0.0,0.0,0.0,0.0,2.0,2.0,1.0,0.0,0.0,2.0,3.0,8.0,5.0
22201179,1610612764,WAS,Washington,1631245,Quenton Jackson,Quenton,,,22:48,2.0,5.0,0.4,0.0,1.0,0.0,6.0,6.0,1.0,0.0,1.0,1.0,4.0,1.0,0.0,0.0,0.0,10.0,5.0
22201179,1610612764,WAS,Washington,201959,Taj Gibson,Taj,,DNP - Coach's Decision,,,,,,,,,,,,,,,,,,,,
22201179,1610612764,WAS,Washington,1630225,Isaiah Todd,Isaiah,,DNP - Coach's Decision,,,,,,,,,,,,,,,,,,,,
22201183,1610612743,DEN,Denver,1629008,Michael Porter Jr.,Michael,F,,33:10,8.0,20.0,0.4,6.0,15.0,0.4,1.0,2.0,0.5,2.0,5.0,7.0,1.0,0.0,1.0,2.0,2.0,23.0,-17.0
22201183,1610612743,DEN,Denver,203932,Aaron Gordon,Aaron,F,,32:40,6.0,11.0,0.545,0.0,1.0,0.0,1.0,4.0,0.25,2.0,7.0,9.0,4.0,0.0,4.0,1.0,3.0,13.0,-18.0
22201183,1610612743,DEN,Denver,203999,Nikola Jokić,Nikola,C,,24:41,7.0,13.0,0.538,0.0,2.0,0.0,0.0,1.0,0.0,2.0,8.0,10.0,4.0,2.0,3.0,8.0,1.0,14.0,-21.0
22201183,1610612743,DEN,Denver,203484,Kentavious Caldwell-Pope,Kentavious,G,,24:51,3.0,6.0,0.5,1.0,3.0,0.333,1.0,1.0,1.0,0.0,1.0,1.0,0.0,1.0,1.0,3.0,1.0,8.0,-23.0
22201183,1610612743,DEN,Denver,1627750,Jamal Murray,Jamal,G,,9:28,1.0,2.0,0.5,0.0,1.0,0.0,0.0,0.0,0.0,0.0,0.0,0.0,4.0,0.0,0.0,0.0,1.0,2.0,7.0
22201183,1610612743,DEN,Denver,1628971,Bruce Brown,Bruce,,,29:23,2.0,6.0,0.333,2.0,5.0,0.4,0.0,0.0,0.0,0.0,4.0,4.0,2.0,3.0,3.0,1.0,2.0,6.0,-14.0
22201183,1610612743,DEN,Denver,201145,Jeff Green,Jeff,,,17:29,2.0,7.0,0.286,0.0,2.0,0.0,5.0,6.0,0.833,2.0,3.0,5.0,3.0,0.0,0.0,1.0,2.0,9.0,5.0
22201183,1610612743,DEN,Denver,1631128,Christian Braun,Christian,,,22:53,2.0,6.0,0.333,0.0,1.0,0.0,0.0,0.0,0.0,2.0,2.0,4.0,1.0,2.0,0.0,2.0,2.0,4.0,1.0
22201183,1610612743,DEN,Denver,1631212,Peyton Watson,Peyton,,,17:49,4.0,7.0,0.571,1.0,3.0,0.333,1.0,2.0,0.5,0.0,3.0,3.0,2.0,1.0,1.0,0.0,1.0,10.0,-7.0
22201183,1610612743,DEN,Denver,201599,DeAndre Jordan,DeAndre,,,8:20,3.0,4.0,0.75,0.0,0.0,0.0,1.0,2.0,0.5,3.0,0.0,3.0,0.0,0.0,0.0,1.0,0.0,7.0,-2.0
22201183,1610612743,DEN,Denver,202704,Reggie Jackson,Reggie,,,13:43,3.0,4.0,0.75,1.0,2.0,0.5,0.0,0.0,0.0,0.0,1.0,1.0,3.0,0.0,0.0,0.0,3.0,7.0,-10.0
22201183,1610612743,DEN,Denver,1628427,Vlatko Čančar,Vlatko,,,5:33,0.0,1.0,0.0,0.0,1.0,0.0,0.0,0.0,0.0,0.0,0.0,0.0,2.0,0.0,0.0,1.0,0.0,0.0,-6.0
22201183,1610612743,DEN,Denver,1628418,Thomas Bryant,Thomas,,DNP - Coach's Decision,,,,,,,,,,,,,,,,,,,,
22201183,1610612743,DEN,Denver,202397,Ish Smith,Ish,,DNP - Coach's Decision,,,,,,,,,,,,,,,,,,,,
22201183,1610612743,DEN,Denver,1631298,Jack White,Jack,,DNP - Coach's Decision,,,,,,,,,,,,,,,,,,,,
22201183,1610612745,HOU,Houston,1630231,KJ Martin,KJ,F,,27:18,5.0,8.0,0.625,0.0,0.0,0.0,2.0,3.0,0.667,2.0,3.0,5.0,1.0,0.0,0.0,0.0,3.0,12.0,11.0
22201183,1610612745,HOU,Houston,1631095,Jabari Smith Jr.,Jabari,F,,35:36,6.0,14.0,0.429,0.0,1.0,0.0,4.0,5.0,0.8,5.0,8.0,13.0,1.0,1.0,1.0,0.0,1.0,16.0,17.0
22201183,1610612745,HOU,Houston,1630578,Alperen Sengun,Alperen,C,,37:31,7.0,14.0,0.5,2.0,4.0,0.5,4.0,5.0,0.8,4.0,6.0,10.0,7.0,3.0,1.0,3.0,4.0,20.0,15.0
22201183,1610612745,HOU,Houston,1630224,Jalen Green,Jalen,G,,38:44,12.0,27.0,0.444,4.0,8.0,0.5,4.0,4.0,1.0,1.0,5.0,6.0,4.0,1.0,0.0,3.0,0.0,32.0,27.0
22201183,1610612745,HOU,Houston,1629645,Kevin Porter Jr.,Kevin,G,,33:55,7.0,17.0,0.412,5.0,11.0,0.455,1.0,2.0,0.5,1.0,2.0,3.0,9.0,2.0,0.0,2.0,3.0,20.0,15.0
22201183,1610612745,HOU,Houston,1631106,Tari Eason,Tari,,,32:57,5.0,9.0,0.556,1.0,2.0,0.5,0.0,0.0,0.0,2.0,5.0,7.0,1.0,2.0,1.0,3.0,2.0,11.0,11.0
22201183,1610612745,HOU,Houston,1630528,Josh Christopher,Josh,,,18:25,4.0,8.0,0.5,0.0,2.0,0.0,2.0,4.0,0.5,2.0,1.0,3.0,0.0,3.0,0.0,1.0,1.0,10.0,13.0
22201183,1610612745,HOU,Houston,1630586,Usman Garuba,Usman,,,10:20,1.0,4.0,0.25,0.0,2.0,0.0,1.0,1.0,1.0,3.0,5.0,8.0,0.0,0.0,0.0,0.0,2.0,3.0,6.0
22201183,1610612745,HOU,Houston,1630227,Daishen Nix,Daishen,,,5:14,0.0,1.0,0.0,0.0,1.0,0.0,0.0,0.0,0.0,0.0,0.0,0.0,0.0,0.0,0.0,1.0,0.0,0.0,-10.0
22201183,1610612745,HOU,Houston,201571,D.J. Augustin,D.J.,,DNP - Coach's Decision,,,,,,,,,,,,,,,,,,,,
22201183,1610612745,HOU,Houston,1626163,Frank Kaminsky,Frank,,DNP - Coach's Decision,,,,,,,,,,,,,,,,,,,,
22201183,1610612745,HOU,Houston,1626246,Boban Marjanović,Boban,,DNP - Coach's Decision,,,,,,,,,,,,,,,,,,,,
22201184,1610612757,POR,Portland,1631466,Nate Williams,Nate,F,,28:55,2.0,6.0,0.333,0.0,3.0,0.0,0.0,0.0,0.0,0.0,1.0,1.0,3.0,3.0,2.0,0.0,1.0,4.0,-9.0
22201184,1610612757,POR,Portland,1628995,Kevin Knox II,Kevin,F,,24:56,2.0,10.0,0.2,1.0,4.0,0.25,1.0,2.0,0.5,1.0,5.0,6.0,0.0,0.0,0.0,2.0,0.0,6.0,-11.0
22201184,1610612757,POR,Portland,1629234,Drew Eubanks,Drew,C,,31:19,4.0,11.0,0.364,0.0,2.0,0.0,0.0,0.0,0.0,6.0,2.0,8.0,3.0,0.0,4.0,1.0,3.0,8.0,-9.0
22201184,1610612757,POR,Portland,1631101,Shaedon Sharpe,Shaedon,G,,29:26,8.0,18.0,0.444,2.0,8.0,0.25,2.0,4.0,0.5,1.0,7.0,8.0,6.0,0.0,0.0,1.0,2.0,20.0,-12.0
22201184,1610612757,POR,Portland,1630219,Skylar Mays,Skylar,G,,35:42,9.0,16.0,0.563,4.0,6.0,0.667,2.0,2.0,1.0,1.0,7.0,8.0,7.0,1.0,0.0,0.0,3.0,24.0,-2.0
22201184,1610612757,POR,Portland,1627885,Shaquille Harrison,Shaquille,,,27:09,4.0,10.0,0.4,0.0,2.0,0.0,5.0,7.0,0.714,0.0,3.0,3.0,1.0,2.0,0.0,1.0,1.0,13.0,0.0
22201184,1610612757,POR,Portland,1631219,John Butler Jr.,John,,,25:03,4.0,9.0,0.444,2.0,7.0,0.286,0.0,0.0,0.0,1.0,4.0,5.0,0.0,1.0,1.0,0.0,1.0,10.0,-8.0
22201184,1610612757,POR,Portland,1631133,Jabari Walker,Jabari,,,20:19,6.0,11.0,0.545,3.0,5.0,0.6,1.0,2.0,0.5,1.0,5.0,6.0,1.0,0.0,0.0,2.0,4.0,16.0,-3.0
22201184,1610612757,POR,Portland,1631303,Justin Minaya,Justin,,,17:11,3.0,6.0,0.5,2.0,5.0,0.4,0.0,0.0,0.0,2.0,2.0,4.0,2.0,0.0,0.0,1.0,3.0,8.0,4.0
22201184,1610612757,POR,Portland,1629629,Cam Reddish,Cam,,DND - Injury/Illness,,,,,,,,,,,,,,,,,,,,
22201184,1610612757,POR,Portland,1630570,Trendon Watford,Trendon,,DND - Injury/Illness,,,,,,,,,,,,,,,,,,,,
22201184,1610612763,MEM,Memphis,1628379,Luke Kennard,Luke,F,,34:09,6.0,11.0,0.545,6.0,10.0,0.6,2.0,2.0,1.0,1.0,4.0,5.0,2.0,2.0,0.0,1.0,0.0,20.0,24.0
22201184,1610612763,MEM,Memphis,1628991,Jaren Jackson Jr.,Jaren,F,,32:33,5.0,9.0,0.556,0.0,1.0,0.0,7.0,9.0,0.778,0.0,7.0,7.0,2.0,0.0,1.0,2.0,4.0,17.0,28.0
22201184,1610612763,MEM,Memphis,1630214,Xavier Tillman,Xavier,C,,13:00,0.0,4.0,0.0,0.0,0.0,0.0,0.0,0.0,0.0,2.0,2.0,4.0,1.0,0.0,0.0,1.0,0.0,0.0,-5.0
22201184,1610612763,MEM,Memphis,1630217,Desmond Bane,Desmond,G,,36:28,12.0,22.0,0.545,5.0,12.0,0.417,1.0,2.0,0.5,2.0,5.0,7.0,5.0,0.0,1.0,1.0,2.0,30.0,5.0
22201184,1610612763,MEM,Memphis,1629630,Ja Morant,Ja,G,,35:07,9.0,15.0,0.6,2.0,6.0,0.333,3.0,4.0,0.75,0.0,6.0,6.0,9.0,1.0,1.0,2.0,0.0,23.0,19.0
22201184,1610612763,MEM,Memphis,1630583,Santi Aldama,Santi,,,23:17,3.0,7.0,0.429,1.0,4.0,0.25,1.0,2.0,0.5,2.0,9.0,11.0,4.0,1.0,0.0,2.0,1.0,8.0,8.0
22201184,1610612763,MEM,Memphis,1626145,Tyus Jones,Tyus,,,21:46,0.0,6.0,0.0,0.0,6.0,0.0,2.0,2.0,1.0,0.0,3.0,3.0,5.0,1.0,0.0,1.0,0.0,2.0,-10.0
22201184,1610612763,MEM,Memphis,1629723,John Konchar,John,,,12:53,0.0,2.0,0.0,0.0,2.0,0.0,0.0,0.0,0.0,0.0,3.0,3.0,1.0,0.0,1.0,0.0,1.0,0.0,-9.0
22201184,1610612763,MEM,Memphis,1631223,David Roddy,David,,,27:05,6.0,9.0,0.667,4.0,6.0,0.667,0.0,0.0,0.0,1.0,1.0,2.0,1.0,0.0,1.0,1.0,2.0,16.0,-4.0
22201184,1610612763,MEM,Memphis,1631254,Kenneth Lofton Jr.,Kenneth,,,3:42,1.0,2.0,0.5,0.0,1.0,0.0,1.0,1.0,1.0,0.0,1.0,1.0,0.0,0.0,0.0,0.0,0.0,3.0,-6.0
22201184,1610612763,MEM,Memphis,1631113,Kennedy Chandler,Kennedy,,DNP - Coach's Decision,,,,,,,,,,,,,,,,,,,,
22201184,1610612763,MEM,Memphis,1631246,Vince Williams Jr.,Vince,,DNP - Coach's Decision,,,,,,,,,,,,,,,,,,,,
22201188,1610612759,SAS,San Antonio,1631103,Malaki Branham,Malaki,F,,29:34,8.0,17.0,0.471,3.0,7.0,0.429,2.0,2.0,1.0,0.0,3.0,3.0,2.0,1.0,0.0,0.0,1.0,21.0,-9.0
22201188,1610612759,SAS,San Antonio,1628966,Keita Bates-Diop,Keita,F,,25:59,5.0,13.0,0.385,3.0,7.0,0.429,0.0,0.0,0.0,0.0,4.0,4.0,3.0,1.0,1.0,1.0,2.0,13.0,-19.0
22201188,1610612759,SAS,San Antonio,1630572,Sandro Mamukelashvili,Sandro,C,,28:30,4.0,6.0,0.667,1.0,3.0,0.333,4.0,6.0,0.667,2.0,6.0,8.0,2.0,0.0,0.0,4.0,1.0,13.0,-6.0
22201188,1610612759,SAS,San Antonio,1628984,Devonte' Graham,Devonte',G,,27:04,3.0,8.0,0.375,2.0,5.0,0.4,1.0,2.0,0.5,0.0,1.0,1.0,2.0,2.0,0.0,2.0,2.0,9.0,-14.0
22201188,1610612759,SAS,San Antonio,1630200,Tre Jones,Tre,G,,29:04,7.0,12.0,0.583,2.0,3.0,0.667,4.0,4.0,1.0,1.0,2.0,3.0,9.0,1.0,0.0,3.0,1.0,20.0,-3.0
22201188,1610612759,SAS,San Antonio,1630577,Julian Champagnie,Julian,,,27:33,4.0,11.0,0.364,2.0,7.0,0.286,0.0,0.0,0.0,1.0,5.0,6.0,1.0,0.0,1.0,0.0,2.0,10.0,-9.0
22201188,1610612759,SAS,San Antonio,1631230,Dominick Barlow,Dominick,,,20:37,1.0,2.0,0.5,0.0,0.0,0.0,0.0,0.0,0.0,4.0,1.0,5.0,2.0,1.0,2.0,1.0,2.0,2.0,19.0
22201188,1610612759,SAS,San Antonio,1631104,Blake Wesley,Blake,,,24:32,0.0,8.0,0.0,0.0,1.0,0.0,0.0,0.0,0.0,0.0,2.0,2.0,2.0,1.0,0.0,1.0,1.0,0.0,-23.0
22201188,1610612759,SAS,San Antonio,203926,Doug McDermott,Doug,,,5:59,1.0,7.0,0.143,0.0,4.0,0.0,0.0,0.0,0.0,1.0,1.0,2.0,0.0,0.0,0.0,0.0,0.0,2.0,-11.0
22201188,1610612759,SAS,San Antonio,203476,Gorgui Dieng,Gorgui,,,21:08,2.0,6.0,0.333,0.0,3.0,0.0,0.0,0.0,0.0,0.0,4.0,4.0,2.0,0.0,1.0,0.0,4.0,4.0,-30.0
22201188,1610612759,SAS,San Antonio,1628380,Zach Collins,Zach,,DNP - Injury/Illness,,,,,,,,,,,,,,,,,,,,
22201188,1610612759,SAS,San Antonio,1629641,Romeo Langford,Romeo,,DNP - Injury/Illness,,,,,,,,,,,,,,,,,,,,
22201188,1610612756,PHX,Phoenix,1629006,Josh Okogie,Josh,F,,20:14,0.0,2.0,0.0,0.0,1.0,0.0,1.0,2.0,0.5,1.0,3.0,4.0,3.0,0.0,0.0,0.0,2.0,1.0,-9.0
22201188,1610612756,PHX,Phoenix,201142,Kevin Durant,Kevin,F,,33:36,6.0,14.0,0.429,2.0,4.0,0.5,4.0,6.0,0.667,1.0,4.0,5.0,2.0,0.0,1.0,3.0,1.0,18.0,23.0
22201188,1610612756,PHX,Phoenix,1629028,Deandre Ayton,Deandre,C,,28:40,6.0,9.0,0.667,0.0,0.0,0.0,7.0,7.0,1.0,4.0,7.0,11.0,1.0,1.0,1.0,3.0,2.0,19.0,2.0
22201188,1610612756,PHX,Phoenix,1626164,Devin Booker,Devin,G,,32:53,9.0,21.0,0.429,2.0,10.0,0.2,7.0,8.0,0.875,0.0,7.0,7.0,3.0,3.0,0.0,2.0,2.0,27.0,5.0
22201188,1610612756,PHX,Phoenix,101108,Chris Paul,Chris,G,,32:33,9.0,14.0,0.643,4.0,6.0,0.667,0.0,0.0,0.0,1.0,1.0,2.0,3.0,1.0,0.0,2.0,1.0,22.0,24.0
22201188,1610612756,PHX,Phoenix,1629013,Landry Shamet,Landry,,,12:31,0.0,4.0,0.0,0.0,2.0,0.0,0.0,0.0,0.0,2.0,1.0,3.0,3.0,0.0,0.0,1.0,2.0,0.0,-5.0
22201188,1610612756,PHX,Phoenix,203933,T.J. Warren,T.J.,,,11:12,0.0,1.0,0.0,0.0,1.0,0.0,0.0,0.0,0.0,0.0,3.0,3.0,1.0,0.0,0.0,0.0,1.0,0.0,-5.0
22201188,1610612756,PHX,Phoenix,1628470,Torrey Craig,Torrey,,,24:50,7.0,9.0,0.778,1.0,3.0,0.333,0.0,1.0,0.0,4.0,6.0,10.0,3.0,1.0,0.0,2.0,1.0,15.0,28.0
22201188,1610612756,PHX,Phoenix,202687,Bismack Biyombo,Bismack,,,16:24,5.0,7.0,0.714,0.0,0.0,0.0,0.0,0.0,0.0,0.0,1.0,1.0,1.0,0.0,4.0,0.0,0.0,10.0,17.0
22201188,1610612756,PHX,Phoenix,203082,Terrence Ross,Terrence,,,12:11,0.0,3.0,0.0,0.0,3.0,0.0,0.0,0.0,0.0,1.0,5.0,6.0,3.0,0.0,1.0,0.0,0.0,0.0,14.0
22201188,1610612756,PHX,Phoenix,1630688,Ish Wainright,Ish,,,6:08,0.0,2.0,0.0,0.0,2.0,0.0,0.0,0.0,0.0,0.0,1.0,1.0,1.0,0.0,0.0,0.0,0.0,0.0,5.0
22201188,1610612756,PHX,Phoenix,1629111,Jock Landale,Jock,,,2:56,0.0,0.0,0.0,0.0,0.0,0.0,0.0,0.0,0.0,0.0,1.0,1.0,1.0,0.0,0.0,0.0,0.0,0.0,2.0
22201188,1610612756,PHX,Phoenix,1630240,Saben Lee,Saben,,,2:56,0.0,0.0,0.0,0.0,0.0,0.0,0.0,2.0,0.0,0.0,1.0,1.0,0.0,1.0,0.0,0.0,0.0,0.0,2.0
22201188,1610612756,PHX,Phoenix,1627814,Damion Lee,Damion,,,2:56,1.0,3.0,0.333,1.0,1.0,1.0,0.0,0.0,0.0,1.0,1.0,2.0,0.0,0.0,0.0,0.0,0.0,3.0,2.0
22201188,1610612756,PHX,Phoenix,1626166,Cameron Payne,Cameron,,DNP - Coach's Decision,,,,,,,,,,,,,,,,,,,,
22201187,1610612760,OKC,Oklahoma City,1629652,Luguentz Dort,Luguentz,F,,35:36,6.0,15.0,0.4,0.0,6.0,0.0,5.0,8.0,0.625,2.0,1.0,3.0,2.0,0.0,1.0,1.0,4.0,17.0,-13.0
22201187,1610612760,OKC,Oklahoma City,1631114,Jalen Williams,Jalen,F,,32:31,7.0,14.0,0.5,2.0,3.0,0.667,3.0,3.0,1.0,2.0,2.0,4.0,2.0,1.0,0.0,1.0,1.0,19.0,-8.0
22201187,1610612760,OKC,Oklahoma City,1631119,Jaylin Williams,Jaylin,C,,18:34,1.0,4.0,0.25,1.0,3.0,0.333,1.0,2.0,0.5,3.0,2.0,5.0,3.0,1.0,0.0,1.0,1.0,4.0,-2.0
22201187,1610612760,OKC,Oklahoma City,1630581,Josh Giddey,Josh,G,,28:20,7.0,15.0,0.467,1.0,5.0,0.2,0.0,1.0,0.0,1.0,5.0,6.0,5.0,0.0,0.0,0.0,1.0,15.0,-12.0
22201187,1610612760,OKC,Oklahoma City,1628983,Shai Gilgeous-Alexander,Shai,G,,33:42,11.0,17.0,0.647,2.0,4.0,0.5,8.0,9.0,0.889,1.0,4.0,5.0,7.0,0.0,0.0,3.0,5.0,32.0,-9.0
22201187,1610612760,OKC,Oklahoma City,1630198,Isaiah Joe,Isaiah,,,28:23,4.0,8.0,0.5,2.0,3.0,0.667,4.0,5.0,0.8,1.0,4.0,5.0,2.0,1.0,0.0,2.0,4.0,14.0,-15.0
22201187,1610612760,OKC,Oklahoma City,1630598,Aaron Wiggins,Aaron,,,27:26,4.0,8.0,0.5,1.0,2.0,0.5,2.0,2.0,1.0,0.0,3.0,3.0,0.0,0.0,0.0,0.0,3.0,11.0,-6.0
22201187,1610612760,OKC,Oklahoma City,203967,Dario Šarić,Dario,,,19:21,1.0,3.0,0.333,1.0,2.0,0.5,2.0,4.0,0.5,0.0,4.0,4.0,0.0,1.0,0.0,0.0,1.0,5.0,-1.0
22201187,1610612760,OKC,Oklahoma City,1631172,Ousmane Dieng,Ousmane,,,7:55,1.0,2.0,0.5,0.0,1.0,0.0,1.0,1.0,1.0,1.0,0.0,1.0,2.0,0.0,0.0,2.0,1.0,3.0,5.0
22201187,1610612760,OKC,Oklahoma City,1630215,Jared Butler,Jared,,,2:44,1.0,3.0,0.333,1.0,2.0,0.5,0.0,0.0,0.0,0.0,0.0,0.0,0.0,0.0,0.0,0.0,1.0,3.0,2.0
22201187,1610612760,OKC,Oklahoma City,1630846,Olivier Sarr,Olivier,,,2:44,0.0,2.0,0.0,0.0,0.0,0.0,0.0,0.0,0.0,2.0,0.0,2.0,0.0,0.0,0.0,0.0,0.0,0.0,2.0
22201187,1610612760,OKC,Oklahoma City,1630544,Tre Mann,Tre,,,2:44,1.0,2.0,0.5,0.0,1.0,0.0,0.0,0.0,0.0,0.0,0.0,0.0,0.0,0.0,0.0,0.0,0.0,2.0,2.0
22201187,1610612760,OKC,Oklahoma City,1630526,Jeremiah Robinson-Earl,Jeremiah,,DNP - Coach's Decision,,,,,,,,,,,,,,,,,,,,
22201187,1610612760,OKC,Oklahoma City,1630322,Lindy Waters III,Lindy,,DNP - Coach's Decision,,,,,,,,,,,,,,,,,,,,
22201187,1610612744,GSW,Golden State,1630237,Anthony Lamb,Anthony,F,,12:02,2.0,5.0,0.4,0.0,1.0,0.0,0.0,0.0,0.0,1.0,2.0,3.0,0.0,0.0,0.0,0.0,2.0,4.0,-11.0
22201187,1610612744,GSW,Golden State,1630228,Jonathan Kuminga,Jonathan,F,,19:39,4.0,10.0,0.4,1.0,3.0,0.333,0.0,2.0,0.0,4.0,4.0,8.0,1.0,1.0,1.0,0.0,1.0,9.0,-8.0
22201187,1610612744,GSW,Golden State,203110,Draymond Green,Draymond,C,,35:50,6.0,9.0,0.667,1.0,3.0,0.333,4.0,5.0,0.8,3.0,6.0,9.0,5.0,2.0,2.0,3.0,2.0,17.0,3.0
22201187,1610612744,GSW,Golden State,1629673,Jordan Poole,Jordan,G,,30:38,8.0,19.0,0.421,5.0,12.0,0.417,9.0,11.0,0.818,0.0,2.0,2.0,4.0,0.0,1.0,4.0,3.0,30.0,5.0
22201187,1610612744,GSW,Golden State,201939,Stephen Curry,Stephen,G,,36:45,11.0,25.0,0.44,6.0,13.0,0.462,6.0,6.0,1.0,0.0,5.0,5.0,6.0,1.0,0.0,0.0,3.0,34.0,14.0
22201187,1610612744,GSW,Golden State,1626172,Kevon Looney,Kevon,,,25:45,1.0,2.0,0.5,0.0,0.0,0.0,2.0,2.0,1.0,4.0,7.0,11.0,2.0,0.0,1.0,0.0,3.0,4.0,17.0
22201187,1610612744,GSW,Golden State,1628978,Donte DiVincenzo,Donte,,,31:33,6.0,10.0,0.6,4.0,8.0,0.5,0.0,2.0,0.0,3.0,3.0,6.0,5.0,2.0,0.0,2.0,2.0,16.0,28.0
22201187,1610612744,GSW,Golden State,1630541,Moses Moody,Moses,,,25:52,5.0,7.0,0.714,3.0,5.0,0.6,0.0,0.0,0.0,1.0,4.0,5.0,1.0,0.0,1.0,2.0,4.0,13.0,4.0
22201187,1610612744,GSW,Golden State,1627780,Gary Payton II,Gary,,,17:08,4.0,8.0,0.5,0.0,2.0,0.0,0.0,0.0,0.0,3.0,1.0,4.0,1.0,0.0,0.0,0.0,2.0,8.0,9.0
22201187,1610612744,GSW,Golden State,1631311,Lester Quinones,Lester,,,1:36,0.0,0.0,0.0,0.0,0.0,0.0,1.0,2.0,0.5,0.0,0.0,0.0,0.0,0.0,0.0,2.0,0.0,1.0,-2.0
22201187,1610612744,GSW,Golden State,1631116,Patrick Baldwin Jr.,Patrick,,,1:36,0.0,0.0,0.0,0.0,0.0,0.0,0.0,0.0,0.0,0.0,1.0,1.0,0.0,0.0,0.0,0.0,0.0,0.0,-2.0
22201187,1610612744,GSW,Golden State,1629660,Ty Jerome,Ty,,,1:36,0.0,0.0,0.0,0.0,0.0,0.0,0.0,0.0,0.0,0.0,0.0,0.0,0.0,0.0,0.0,0.0,0.0,0.0,-2.0
22201187,1610612744,GSW,Golden State,203210,JaMychal Green,JaMychal,,DNP - Coach's Decision,,,,,,,,,,,,,,,,,,,,
22201178,1610612739,CLE,Cleveland,1629731,Dean Wade,Dean,F,,29:29,1.0,5.0,0.2,1.0,5.0,0.2,0.0,0.0,0.0,0.0,3.0,3.0,1.0,0.0,1.0,0.0,4.0,3.0,-8.0
22201178,1610612739,CLE,Cleveland,1630596,Evan Mobley,Evan,F,,35:23,5.0,10.0,0.5,1.0,2.0,0.5,3.0,4.0,0.75,1.0,6.0,7.0,4.0,1.0,1.0,0.0,3.0,14.0,0.0
22201178,1610612739,CLE,Cleveland,1628386,Jarrett Allen,Jarrett,C,,33:38,6.0,10.0,0.6,0.0,0.0,0.0,0.0,0.0,0.0,3.0,4.0,7.0,2.0,0.0,2.0,1.0,4.0,12.0,18.0
22201178,1610612739,CLE,Cleveland,1628378,Donovan Mitchell,Donovan,G,,40:58,15.0,23.0,0.652,5.0,9.0,0.556,8.0,9.0,0.889,0.0,5.0,5.0,4.0,0.0,1.0,3.0,2.0,43.0,10.0
22201178,1610612739,CLE,Cleveland,1629636,Darius Garland,Darius,G,,38:01,6.0,16.0,0.375,1.0,4.0,0.25,3.0,3.0,1.0,0.0,2.0,2.0,10.0,0.0,1.0,3.0,1.0,16.0,14.0
22201178,1610612739,CLE,Cleveland,1627747,Caris LeVert,Caris,,,35:56,7.0,10.0,0.7,5.0,6.0,0.833,0.0,0.0,0.0,0.0,3.0,3.0,0.0,1.0,0.0,1.0,1.0,19.0,-5.0
22201178,1610612739,CLE,Cleveland,1630205,Lamar Stevens,Lamar,,,10:09,1.0,3.0,0.333,1.0,2.0,0.5,2.0,2.0,1.0,0.0,0.0,0.0,0.0,1.0,0.0,0.0,0.0,5.0,-4.0
22201178,1610612739,CLE,Cleveland,201937,Ricky Rubio,Ricky,,,11:16,1.0,6.0,0.167,1.0,3.0,0.333,0.0,0.0,0.0,1.0,0.0,1.0,2.0,0.0,1.0,0.0,1.0,3.0,-9.0
22201178,1610612739,CLE,Cleveland,1626224,Cedi Osman,Cedi,,,5:10,0.0,1.0,0.0,0.0,0.0,0.0,2.0,2.0,1.0,0.0,2.0,2.0,0.0,0.0,0.0,0.0,0.0,2.0,4.0
22201178,1610612739,CLE,Cleveland,1629603,Mamadi Diakite,Mamadi,,DNP - Coach's Decision,,,,,,,,,,,,,,,,,,,,
22201178,1610612739,CLE,Cleveland,201980,Danny Green,Danny,,DNP - Coach's Decision,,,,,,,,,,,,,,,,,,,,
22201178,1610612739,CLE,Cleveland,201577,Robin Lopez,Robin,,DNP - Coach's Decision,,,,,,,,,,,,,,,,,,,,
22201178,1610612739,CLE,Cleveland,1630241,Sam Merrill,Sam,,DNP - Coach's Decision,,,,,,,,,,,,,,,,,,,,
22201178,1610612739,CLE,Cleveland,1630600,Isaiah Mobley,Isaiah,,DNP - Coach's Decision,,,,,,,,,,,,,,,,,,,,
22201178,1610612739,CLE,Cleveland,203526,Raul Neto,Raul,,DNP - Coach's Decision,,,,,,,,,,,,,,,,,,,,
22201178,1610612753,ORL,Orlando,1630532,Franz Wagner,Franz,F,,33:27,7.0,18.0,0.389,1.0,3.0,0.333,2.0,3.0,0.667,4.0,2.0,6.0,1.0,1.0,0.0,2.0,4.0,17.0,-8.0
22201178,1610612753,ORL,Orlando,1631094,Paolo Banchero,Paolo,F,,37:36,7.0,16.0,0.438,2.0,4.0,0.5,4.0,6.0,0.667,3.0,7.0,10.0,4.0,1.0,0.0,5.0,2.0,20.0,-8.0
22201178,1610612753,ORL,Orlando,1628976,Wendell Carter Jr.,Wendell,C,,31:51,6.0,10.0,0.6,4.0,5.0,0.8,1.0,2.0,0.5,0.0,12.0,12.0,3.0,2.0,0.0,0.0,3.0,17.0,-2.0
22201178,1610612753,ORL,Orlando,203914,Gary Harris,Gary,G,,23:56,1.0,6.0,0.167,1.0,5.0,0.2,0.0,0.0,0.0,0.0,2.0,2.0,2.0,0.0,0.0,0.0,1.0,3.0,-12.0
22201178,1610612753,ORL,Orlando,1628365,Markelle Fultz,Markelle,G,,36:06,11.0,17.0,0.647,1.0,1.0,1.0,0.0,0.0,0.0,0.0,2.0,2.0,8.0,0.0,0.0,2.0,4.0,23.0,-10.0
22201178,1610612753,ORL,Orlando,1630175,Cole Anthony,Cole,,,26:27,4.0,6.0,0.667,1.0,1.0,1.0,6.0,6.0,1.0,1.0,3.0,4.0,5.0,1.0,0.0,2.0,2.0,15.0,10.0
22201178,1610612753,ORL,Orlando,1630591,Jalen Suggs,Jalen,,,24:04,4.0,6.0,0.667,0.0,2.0,0.0,0.0,0.0,0.0,0.0,1.0,1.0,1.0,1.0,0.0,2.0,2.0,8.0,8.0
22201178,1610612753,ORL,Orlando,1629048,Goga Bitadze,Goga,,,16:09,5.0,9.0,0.556,0.0,1.0,0.0,0.0,0.0,0.0,5.0,1.0,6.0,1.0,0.0,1.0,0.0,1.0,10.0,-2.0
22201178,1610612753,ORL,Orlando,1629021,Moritz Wagner,Moritz,,,10:24,0.0,1.0,0.0,0.0,1.0,0.0,0.0,0.0,0.0,0.0,4.0,4.0,0.0,0.0,0.0,0.0,3.0,0.0,4.0
22201178,1610612753,ORL,Orlando,1629626,Bol Bol,Bol,,DNP - Coach's Decision,,,,,,,,,,,,,,,,,,,,
22201178,1610612753,ORL,Orlando,203487,Michael Carter-Williams,Michael,,DNP - Coach's Decision,,,,,,,,,,,,,,,,,,,,
22201178,1610612753,ORL,Orlando,1630284,Kevon Harris,Kevon,,DNP - Coach's Decision,,,,,,,,,,,,,,,,,,,,
22201178,1610612753,ORL,Orlando,1631216,Caleb Houstan,Caleb,,DNP - Coach's Decision,,,,,,,,,,,,,,,,,,,,
22201178,1610612753,ORL,Orlando,1629643,Chuma Okeke,Chuma,,DNP - Coach's Decision,,,,,,,,,,,,,,,,,,,,
22201178,1610612753,ORL,Orlando,1630206,Jay Scrubb,Jay,,DNP - Coach's Decision,,,,,,,,,,,,,,,,,,,,
22201169,1610612765,DET,Detroit,1630587,Isaiah Livers,Isaiah,F,,30:37,3.0,7.0,0.429,2.0,5.0,0.4,2.0,2.0,1.0,2.0,4.0,6.0,1.0,0.0,1.0,2.0,4.0,10.0,-11.0
22201169,1610612765,DET,Detroit,1628963,Marvin Bagley III,Marvin,F,,8:38,0.0,4.0,0.0,0.0,1.0,0.0,2.0,2.0,1.0,0.0,1.0,1.0,0.0,0.0,0.0,0.0,1.0,2.0,-4.0
22201169,1610612765,DET,Detroit,1630164,James Wiseman,James,C,,22:32,4.0,8.0,0.5,0.0,0.0,0.0,4.0,4.0,1.0,1.0,9.0,10.0,1.0,0.0,0.0,0.0,3.0,12.0,-22.0
22201169,1610612765,DET,Detroit,1631093,Jaden Ivey,Jaden,G,,30:51,4.0,14.0,0.286,2.0,7.0,0.286,4.0,4.0,1.0,1.0,2.0,3.0,6.0,1.0,0.0,4.0,5.0,14.0,-11.0
22201169,1610612765,DET,Detroit,1630165,Killian Hayes,Killian,G,,33:47,6.0,12.0,0.5,0.0,3.0,0.0,8.0,8.0,1.0,0.0,2.0,2.0,7.0,0.0,0.0,5.0,4.0,20.0,-19.0
22201169,1610612765,DET,Detroit,1631105,Jalen Duren,Jalen,,,21:56,3.0,6.0,0.5,0.0,0.0,0.0,1.0,2.0,0.5,5.0,2.0,7.0,0.0,1.0,0.0,1.0,3.0,7.0,-4.0
22201169,1610612765,DET,Detroit,1630647,Eugene Omoruyi,Eugene,,,27:39,6.0,17.0,0.353,3.0,11.0,0.273,4.0,7.0,0.571,0.0,2.0,2.0,2.0,2.0,0.0,2.0,2.0,19.0,-5.0
22201169,1610612765,DET,Detroit,1630181,R.J. Hampton,R.J.,,,21:25,2.0,4.0,0.5,0.0,2.0,0.0,0.0,2.0,0.0,0.0,2.0,2.0,0.0,0.0,0.0,1.0,3.0,4.0,-16.0
22201169,1610612765,DET,Detroit,202709,Cory Joseph,Cory,,,20:45,2.0,4.0,0.5,2.0,4.0,0.5,2.0,3.0,0.667,0.0,2.0,2.0,5.0,0.0,0.0,0.0,2.0,8.0,-19.0
22201169,1610612765,DET,Detroit,1631197,Jared Rhoden,Jared,,,16:37,1.0,1.0,1.0,0.0,0.0,0.0,2.0,2.0,1.0,0.0,2.0,2.0,0.0,0.0,0.0,1.0,1.0,4.0,-14.0
22201169,1610612765,DET,Detroit,1631205,Buddy Boeheim,Buddy,,,5:13,1.0,1.0,1.0,0.0,0.0,0.0,0.0,0.0,0.0,0.0,1.0,1.0,0.0,0.0,0.0,0.0,1.0,2.0,-5.0
22201169,1610612765,DET,Detroit,203585,Rodney McGruder,Rodney,,DNP - Injury/Illness,,,,,,,,,,,,,,,,,,,,
22201169,1610612753,ORL,Orlando,1630532,Franz Wagner,Franz,F,,31:20,5.0,11.0,0.455,1.0,3.0,0.333,5.0,6.0,0.833,0.0,5.0,5.0,8.0,3.0,0.0,1.0,1.0,16.0,33.0
22201169,1610612753,ORL,Orlando,1631094,Paolo Banchero,Paolo,F,,29:18,4.0,9.0,0.444,2.0,4.0,0.5,4.0,11.0,0.364,1.0,8.0,9.0,3.0,0.0,0.0,4.0,1.0,14.0,9.0
22201169,1610612753,ORL,Orlando,1628976,Wendell Carter Jr.,Wendell,C,,23:19,4.0,8.0,0.5,3.0,5.0,0.6,3.0,4.0,0.75,2.0,7.0,9.0,1.0,3.0,1.0,1.0,3.0,14.0,14.0
22201169,1610612753,ORL,Orlando,203914,Gary Harris,Gary,G,,18:32,3.0,4.0,0.75,2.0,3.0,0.667,0.0,0.0,0.0,1.0,2.0,3.0,0.0,0.0,0.0,0.0,3.0,8.0,3.0
22201169,1610612753,ORL,Orlando,1628365,Markelle Fultz,Markelle,G,,24:09,5.0,8.0,0.625,1.0,1.0,1.0,0.0,2.0,0.0,0.0,2.0,2.0,6.0,1.0,2.0,4.0,1.0,11.0,10.0
22201169,1610612753,ORL,Orlando,1630175,Cole Anthony,Cole,,,27:44,6.0,11.0,0.545,2.0,5.0,0.4,3.0,4.0,0.75,2.0,4.0,6.0,3.0,0.0,0.0,1.0,4.0,17.0,6.0
22201169,1610612753,ORL,Orlando,1630591,Jalen Suggs,Jalen,,,25:31,5.0,9.0,0.556,4.0,6.0,0.667,4.0,5.0,0.8,0.0,2.0,2.0,2.0,4.0,1.0,2.0,5.0,18.0,20.0
22201169,1610612753,ORL,Orlando,1629048,Goga Bitadze,Goga,,,17:51,5.0,6.0,0.833,0.0,1.0,0.0,3.0,4.0,0.75,1.0,2.0,3.0,3.0,0.0,1.0,0.0,6.0,13.0,8.0
22201169,1610612753,ORL,Orlando,1629021,Moritz Wagner,Moritz,,,17:37,4.0,4.0,1.0,1.0,1.0,1.0,2.0,2.0,1.0,0.0,0.0,0.0,1.0,0.0,1.0,1.0,1.0,11.0,15.0
22201169,1610612753,ORL,Orlando,1629643,Chuma Okeke,Chuma,,,11:26,1.0,2.0,0.5,1.0,2.0,0.5,0.0,0.0,0.0,0.0,1.0,1.0,0.0,0.0,0.0,0.0,0.0,3.0,-1.0
22201169,1610612753,ORL,Orlando,1631216,Caleb Houstan,Caleb,,,5:39,0.0,1.0,0.0,0.0,1.0,0.0,0.0,0.0,0.0,0.0,0.0,0.0,2.0,0.0,0.0,0.0,0.0,0.0,6.0
22201169,1610612753,ORL,Orlando,1629678,Admiral Schofield,Admiral,,,3:15,0.0,1.0,0.0,0.0,1.0,0.0,0.0,0.0,0.0,0.0,0.0,0.0,1.0,0.0,0.0,0.0,0.0,0.0,5.0
22201169,1610612753,ORL,Orlando,1630206,Jay Scrubb,Jay,,,2:32,1.0,1.0,1.0,0.0,0.0,0.0,0.0,0.0,0.0,0.0,1.0,1.0,0.0,0.0,0.0,0.0,1.0,2.0,2.0
22201169,1610612753,ORL,Orlando,203487,Michael Carter-Williams,Michael,,,1:47,0.0,0.0,0.0,0.0,0.0,0.0,1.0,2.0,0.5,0.0,0.0,0.0,0.0,0.0,0.0,0.0,0.0,1.0,0.0
22201169,1610612753,ORL,Orlando,1629626,Bol Bol,Bol,,DNP - Coach's Decision,,,,,,,,,,,,,,,,,,,,
22201168,1610612764,WAS,Washington,1630166,Deni Avdija,Deni,F,,34:25,3.0,8.0,0.375,1.0,3.0,0.333,2.0,2.0,1.0,0.0,3.0,3.0,5.0,3.0,1.0,8.0,4.0,9.0,-3.0
22201168,1610612764,WAS,Washington,1630557,Corey Kispert,Corey,F,,34:04,10.0,19.0,0.526,4.0,11.0,0.364,5.0,5.0,1.0,0.0,3.0,3.0,0.0,0.0,0.0,1.0,1.0,29.0,-17.0
22201168,1610612764,WAS,Washington,1629655,Daniel Gafford,Daniel,C,,27:56,2.0,2.0,1.0,0.0,0.0,0.0,0.0,0.0,0.0,1.0,6.0,7.0,0.0,0.0,2.0,2.0,3.0,4.0,-13.0
22201168,1610612764,WAS,Washington,1631098,Johnny Davis,Johnny,G,,30:13,6.0,11.0,0.545,2.0,6.0,0.333,2.0,4.0,0.5,0.0,6.0,6.0,3.0,0.0,0.0,0.0,3.0,16.0,-6.0
22201168,1610612764,WAS,Washington,1626153,Delon Wright,Delon,G,,31:37,3.0,9.0,0.333,1.0,3.0,0.333,1.0,2.0,0.5,1.0,4.0,5.0,7.0,4.0,0.0,2.0,0.0,8.0,-18.0
22201168,1610612764,WAS,Washington,1630692,Jordan Goodwin,Jordan,,,24:32,5.0,11.0,0.455,1.0,3.0,0.333,0.0,0.0,0.0,3.0,4.0,7.0,6.0,1.0,0.0,0.0,2.0,11.0,-2.0
22201168,1610612764,WAS,Washington,201959,Taj Gibson,Taj,,,16:33,4.0,8.0,0.5,4.0,5.0,0.8,2.0,2.0,1.0,0.0,2.0,2.0,1.0,0.0,0.0,2.0,2.0,14.0,-5.0
22201168,1610612764,WAS,Washington,1629134,Kendrick Nunn,Kendrick,,,13:00,4.0,6.0,0.667,3.0,4.0,0.75,0.0,0.0,0.0,0.0,2.0,2.0,0.0,1.0,0.0,3.0,0.0,11.0,-5.0
22201168,1610612764,WAS,Washington,1631245,Quenton Jackson,Quenton,,,17:54,1.0,4.0,0.25,0.0,2.0,0.0,2.0,2.0,1.0,0.0,1.0,1.0,1.0,0.0,1.0,0.0,2.0,4.0,-3.0
22201168,1610612764,WAS,Washington,1630264,Anthony Gill,Anthony,,,3:31,1.0,1.0,1.0,0.0,0.0,0.0,1.0,1.0,1.0,0.0,1.0,1.0,0.0,0.0,0.0,0.0,0.0,3.0,9.0
22201168,1610612764,WAS,Washington,1641645,Xavier Cooks,Xavier,,,3:31,0.0,0.0,0.0,0.0,0.0,0.0,0.0,0.0,0.0,0.0,1.0,1.0,1.0,0.0,1.0,0.0,1.0,0.0,9.0
22201168,1610612764,WAS,Washington,1630643,Jay Huff,Jay,,,2:44,0.0,0.0,0.0,0.0,0.0,0.0,0.0,0.0,0.0,0.0,0.0,0.0,2.0,0.0,0.0,0.0,0.0,0.0,9.0
22201168,1610612752,NYK,New York,1629656,Quentin Grimes,Quentin,F,,41:18,9.0,17.0,0.529,6.0,11.0,0.545,3.0,4.0,0.75,0.0,2.0,2.0,5.0,0.0,0.0,0.0,3.0,27.0,16.0
22201168,1610612752,NYK,New York,1630167,Obi Toppin,Obi,F,,33:00,9.0,15.0,0.6,3.0,8.0,0.375,0.0,0.0,0.0,0.0,1.0,1.0,4.0,2.0,1.0,1.0,2.0,21.0,19.0
22201168,1610612752,NYK,New York,1629011,Mitchell Robinson,Mitchell,C,,25:55,3.0,4.0,0.75,0.0,0.0,0.0,2.0,2.0,1.0,4.0,7.0,11.0,4.0,2.0,1.0,0.0,2.0,8.0,16.0
22201168,1610612752,NYK,New York,1628973,Jalen Brunson,Jalen,G,,39:12,11.0,20.0,0.55,1.0,3.0,0.333,4.0,5.0,0.8,0.0,3.0,3.0,8.0,3.0,0.0,5.0,2.0,27.0,19.0
22201168,1610612752,NYK,New York,1630193,Immanuel Quickley,Immanuel,G,,37:05,8.0,18.0,0.444,3.0,6.0,0.5,3.0,4.0,0.75,0.0,6.0,6.0,5.0,3.0,0.0,1.0,5.0,22.0,-2.0
22201168,1610612752,NYK,New York,1628404,Josh Hart,Josh,,,25:46,1.0,4.0,0.25,0.0,1.0,0.0,0.0,0.0,0.0,1.0,5.0,6.0,3.0,0.0,1.0,1.0,1.0,2.0,4.0
22201168,1610612752,NYK,New York,1630540,Miles McBride,Miles,,,8:57,1.0,4.0,0.25,0.0,2.0,0.0,0.0,0.0,0.0,0.0,0.0,0.0,0.0,0.0,0.0,0.0,0.0,2.0,-13.0
22201168,1610612752,NYK,New York,1628392,Isaiah Hartenstein,Isaiah,,,22:05,4.0,5.0,0.8,0.0,0.0,0.0,1.0,3.0,0.333,2.0,6.0,8.0,2.0,2.0,1.0,1.0,1.0,9.0,-7.0
22201168,1610612752,NYK,New York,203095,Evan Fournier,Evan,,,6:42,0.0,1.0,0.0,0.0,1.0,0.0,0.0,0.0,0.0,0.0,2.0,2.0,0.0,0.0,0.0,2.0,1.0,0.0,-7.0
22201168,1610612752,NYK,New York,1629610,DaQuan Jeffries,DaQuan,,DND - Injury/Illness,,,,,,,,,,,,,,,,,,,,
22201168,1610612752,NYK,New York,1631211,Trevor Keels,Trevor,,DNP - Coach's Decision,,,,,,,,,,,,,,,,,,,,
22201168,1610612752,NYK,New York,1630579,Jericho Sims,Jericho,,DNP - Coach's Decision,,,,,,,,,,,,,,,,,,,,
22201167,1610612742,DAL,Dallas,203501,Tim Hardaway Jr.,Tim,F,,18:09,1.0,6.0,0.167,1.0,4.0,0.25,3.0,4.0,0.75,0.0,1.0,1.0,0.0,0.0,0.0,1.0,2.0,6.0,-13.0
22201167,1610612742,DAL,Dallas,203493,Reggie Bullock Jr.,Reggie,F,,20:01,3.0,6.0,0.5,2.0,5.0,0.4,0.0,0.0,0.0,0.0,5.0,5.0,0.0,1.0,0.0,1.0,0.0,8.0,-5.0
22201167,1610612742,DAL,Dallas,203939,Dwight Powell,Dwight,C,,19:55,3.0,3.0,1.0,0.0,0.0,0.0,1.0,2.0,0.5,1.0,0.0,1.0,2.0,0.0,0.0,1.0,1.0,7.0,4.0
22201167,1610612742,DAL,Dallas,202681,Kyrie Irving,Kyrie,G,,44:22,16.0,27.0,0.593,1.0,6.0,0.167,8.0,8.0,1.0,2.0,3.0,5.0,4.0,2.0,1.0,1.0,3.0,41.0,-6.0
22201167,1610612742,DAL,Dallas,1629029,Luka Dončić,Luka,G,,43:46,8.0,21.0,0.381,3.0,12.0,0.25,3.0,4.0,0.75,0.0,7.0,7.0,7.0,0.0,1.0,5.0,2.0,22.0,-1.0
22201167,1610612742,DAL,Dallas,1630182,Josh Green,Josh,,,39:56,6.0,9.0,0.667,1.0,4.0,0.25,0.0,0.0,0.0,2.0,3.0,5.0,4.0,1.0,0.0,0.0,1.0,13.0,6.0
22201167,1610612742,DAL,Dallas,1630702,Jaden Hardy,Jaden,,,13:36,1.0,1.0,1.0,0.0,0.0,0.0,0.0,2.0,0.0,2.0,1.0,3.0,2.0,0.0,0.0,1.0,1.0,2.0,-3.0
22201167,1610612742,DAL,Dallas,1628467,Maxi Kleber,Maxi,,,7:30,1.0,4.0,0.25,0.0,2.0,0.0,0.0,0.0,0.0,1.0,0.0,1.0,1.0,0.0,0.0,0.0,0.0,2.0,-20.0
22201167,1610612742,DAL,Dallas,1626174,Christian Wood,Christian,,,29:50,5.0,10.0,0.5,2.0,3.0,0.667,6.0,10.0,0.6,1.0,10.0,11.0,3.0,0.0,1.0,4.0,1.0,18.0,10.0
22201167,1610612742,DAL,Dallas,202722,Dāvis Bertāns,Dāvis,,,4:54,0.0,2.0,0.0,0.0,2.0,0.0,0.0,0.0,0.0,0.0,2.0,2.0,0.0,0.0,0.0,0.0,1.0,0.0,5.0
22201167,1610612742,DAL,Dallas,201580,JaVale McGee,JaVale,,,23:01,5.0,6.0,0.833,0.0,0.0,0.0,1.0,2.0,0.5,1.0,5.0,6.0,1.0,0.0,0.0,0.0,3.0,11.0,13.0
22201167,1610612742,DAL,Dallas,203200,Justin Holiday,Justin,,DNP - Coach's Decision,,,,,,,,,,,,,,,,,,,,
22201167,1610612742,DAL,Dallas,202693,Markieff Morris,Markieff,,DNP - Coach's Decision,,,,,,,,,,,,,,,,,,,,
22201167,1610612742,DAL,Dallas,1628373,Frank Ntilikina,Frank,,DNP - Coach's Decision,,,,,,,,,,,,,,,,,,,,
22201167,1610612742,DAL,Dallas,1629033,Theo Pinson,Theo,,DNP - Coach's Decision,,,,,,,,,,,,,,,,,,,,
22201167,1610612737,ATL,Atlanta,1630180,Saddiq Bey,Saddiq,F,,38:08,6.0,13.0,0.462,1.0,6.0,0.167,0.0,0.0,0.0,5.0,3.0,8.0,2.0,2.0,0.0,0.0,3.0,13.0,10.0
22201167,1610612737,ATL,Atlanta,1628381,John Collins,John,F,,33:37,5.0,10.0,0.5,4.0,6.0,0.667,4.0,8.0,0.5,3.0,7.0,10.0,1.0,2.0,0.0,0.0,2.0,18.0,6.0
22201167,1610612737,ATL,Atlanta,203991,Clint Capela,Clint,C,,32:19,6.0,9.0,0.667,0.0,0.0,0.0,2.0,2.0,1.0,1.0,10.0,11.0,1.0,2.0,0.0,1.0,4.0,14.0,0.0
22201167,1610612737,ATL,Atlanta,1627749,Dejounte Murray,Dejounte,G,,41:29,11.0,21.0,0.524,1.0,4.0,0.25,2.0,2.0,1.0,1.0,6.0,7.0,4.0,1.0,0.0,4.0,4.0,25.0,2.0
22201167,1610612737,ATL,Atlanta,1629027,Trae Young,Trae,G,,41:24,8.0,24.0,0.333,0.0,5.0,0.0,8.0,8.0,1.0,0.0,3.0,3.0,12.0,1.0,0.0,2.0,1.0,24.0,7.0
22201167,1610612737,ATL,Atlanta,203992,Bogdan Bogdanović,Bogdan,,,25:15,6.0,14.0,0.429,4.0,10.0,0.4,0.0,0.0,0.0,1.0,1.0,2.0,2.0,0.0,0.0,0.0,0.0,16.0,-6.0
22201167,1610612737,ATL,Atlanta,1630168,Onyeka Okongwu,Onyeka,,,20:36,6.0,9.0,0.667,0.0,0.0,0.0,2.0,2.0,1.0,1.0,4.0,5.0,0.0,0.0,2.0,1.0,3.0,14.0,0.0
22201167,1610612737,ATL,Atlanta,1630552,Jalen Johnson,Jalen,,,19:07,2.0,5.0,0.4,1.0,1.0,1.0,0.0,0.0,0.0,2.0,2.0,4.0,5.0,2.0,1.0,0.0,4.0,5.0,-7.0
22201167,1610612737,ATL,Atlanta,1631100,AJ Griffin,AJ,,,13:05,1.0,3.0,0.333,1.0,3.0,0.333,0.0,0.0,0.0,2.0,1.0,3.0,1.0,0.0,0.0,1.0,1.0,3.0,-2.0
22201167,1610612737,ATL,Atlanta,1628981,Bruno Fernando,Bruno,,DNP - Coach's Decision,,,,,,,,,,,,,,,,,,,,
22201167,1610612737,ATL,Atlanta,1630235,Trent Forrest,Trent,,DNP - Coach's Decision,,,,,,,,,,,,,,,,,,,,
22201167,1610612737,ATL,Atlanta,1628988,Aaron Holiday,Aaron,,DNP - Coach's Decision,,,,,,,,,,,,,,,,,,,,
22201167,1610612737,ATL,Atlanta,1630249,Vít Krejčí,Vít,,DNP - Coach's Decision,,,,,,,,,,,,,,,,,,,,
22201167,1610612737,ATL,Atlanta,1631213,Tyrese Martin,Tyrese,,DNP - Coach's Decision,,,,,,,,,,,,,,,,,,,,
22201167,1610612737,ATL,Atlanta,1629726,Garrison Mathews,Garrison,,DNP - Coach's Decision,,,,,,,,,,,,,,,,,,,,
22201170,1610612759,SAS,San Antonio,1631103,Malaki Branham,Malaki,F,,30:47,7.0,12.0,0.583,1.0,5.0,0.2,0.0,0.0,0.0,0.0,2.0,2.0,5.0,1.0,0.0,2.0,3.0,15.0,9.0
22201170,1610612759,SAS,San Antonio,1628966,Keita Bates-Diop,Keita,F,,32:00,4.0,5.0,0.8,1.0,1.0,1.0,4.0,4.0,1.0,1.0,4.0,5.0,2.0,0.0,0.0,0.0,2.0,13.0,13.0
22201170,1610612759,SAS,San Antonio,1628380,Zach Collins,Zach,C,,23:09,6.0,13.0,0.462,2.0,4.0,0.5,2.0,2.0,1.0,0.0,6.0,6.0,3.0,0.0,1.0,3.0,6.0,16.0,0.0
22201170,1610612759,SAS,San Antonio,1628984,Devonte' Graham,Devonte',G,,18:35,1.0,6.0,0.167,1.0,6.0,0.167,0.0,2.0,0.0,0.0,2.0,2.0,1.0,1.0,0.0,0.0,0.0,3.0,1.0
22201170,1610612759,SAS,San Antonio,1630200,Tre Jones,Tre,G,,33:15,7.0,11.0,0.636,0.0,0.0,0.0,3.0,3.0,1.0,2.0,8.0,10.0,11.0,1.0,0.0,1.0,1.0,17.0,24.0
22201170,1610612759,SAS,San Antonio,1630572,Sandro Mamukelashvili,Sandro,,,16:43,2.0,5.0,0.4,0.0,1.0,0.0,2.0,2.0,1.0,3.0,2.0,5.0,1.0,1.0,0.0,2.0,0.0,6.0,-8.0
22201170,1610612759,SAS,San Antonio,1630577,Julian Champagnie,Julian,,,28:13,9.0,14.0,0.643,4.0,7.0,0.571,4.0,5.0,0.8,0.0,6.0,6.0,0.0,1.0,0.0,2.0,2.0,26.0,16.0
22201170,1610612759,SAS,San Antonio,1631230,Dominick Barlow,Dominick,,,29:51,5.0,8.0,0.625,0.0,0.0,0.0,2.0,2.0,1.0,5.0,5.0,10.0,5.0,1.0,2.0,1.0,3.0,12.0,8.0
22201170,1610612759,SAS,San Antonio,1629641,Romeo Langford,Romeo,,,7:48,0.0,2.0,0.0,0.0,1.0,0.0,0.0,0.0,0.0,0.0,0.0,0.0,0.0,1.0,0.0,2.0,1.0,0.0,-5.0
22201170,1610612759,SAS,San Antonio,1631104,Blake Wesley,Blake,,,16:23,2.0,7.0,0.286,0.0,1.0,0.0,0.0,0.0,0.0,1.0,3.0,4.0,2.0,1.0,0.0,4.0,2.0,4.0,-15.0
22201170,1610612759,SAS,San Antonio,203926,Doug McDermott,Doug,,,28:16,9.0,15.0,0.6,4.0,8.0,0.5,8.0,9.0,0.889,2.0,0.0,2.0,1.0,0.0,0.0,0.0,5.0,30.0,-3.0
22201170,1610612759,SAS,San Antonio,203476,Gorgui Dieng,Gorgui,,DNP - Coach's Decision,,,,,,,,,,,,,,,,,,,,
22201170,1610612758,SAC,Sacramento,203084,Harrison Barnes,Harrison,F,,37:28,5.0,12.0,0.417,1.0,3.0,0.333,4.0,6.0,0.667,2.0,2.0,4.0,1.0,2.0,0.0,3.0,1.0,15.0,-4.0
22201170,1610612758,SAC,Sacramento,1631099,Keegan Murray,Keegan,F,,35:14,7.0,10.0,0.7,2.0,4.0,0.5,2.0,2.0,1.0,2.0,2.0,4.0,1.0,1.0,0.0,1.0,3.0,18.0,-21.0
22201170,1610612758,SAC,Sacramento,1627734,Domantas Sabonis,Domantas,C,,39:20,9.0,12.0,0.75,1.0,1.0,1.0,7.0,12.0,0.583,2.0,6.0,8.0,6.0,1.0,1.0,3.0,4.0,26.0,-18.0
22201170,1610612758,SAC,Sacramento,1628989,Kevin Huerter,Kevin,G,,35:41,5.0,17.0,0.294,2.0,12.0,0.167,1.0,1.0,1.0,0.0,4.0,4.0,3.0,0.0,0.0,1.0,1.0,13.0,-17.0
22201170,1610612758,SAC,Sacramento,1628368,De'Aaron Fox,De'Aaron,G,,37:49,10.0,23.0,0.435,0.0,8.0,0.0,8.0,8.0,1.0,0.0,4.0,4.0,4.0,0.0,0.0,1.0,2.0,28.0,-3.0
22201170,1610612758,SAC,Sacramento,1630558,Davion Mitchell,Davion,,,15:29,2.0,3.0,0.667,0.0,1.0,0.0,0.0,0.0,0.0,0.0,0.0,0.0,4.0,0.0,0.0,0.0,0.0,4.0,-9.0
22201170,1610612758,SAC,Sacramento,1630556,Kessler Edwards,Kessler,,,22:11,2.0,7.0,0.286,1.0,5.0,0.2,1.0,1.0,1.0,2.0,4.0,6.0,1.0,2.0,0.0,0.0,5.0,6.0,-1.0
22201170,1610612758,SAC,Sacramento,1626168,Trey Lyles,Trey,,,11:31,1.0,3.0,0.333,1.0,2.0,0.5,0.0,0.0,0.0,0.0,3.0,3.0,1.0,1.0,2.0,1.0,2.0,3.0,6.0
22201170,1610612758,SAC,Sacramento,1629056,Terence Davis,Terence,,,16:46,5.0,11.0,0.455,3.0,8.0,0.375,2.0,2.0,1.0,1.0,2.0,3.0,1.0,1.0,0.0,2.0,3.0,15.0,15.0
22201170,1610612758,SAC,Sacramento,203458,Alex Len,Alex,,,13:24,3.0,5.0,0.6,0.0,0.0,0.0,0.0,0.0,0.0,4.0,3.0,7.0,2.0,1.0,2.0,3.0,2.0,6.0,12.0
22201170,1610612758,SAC,Sacramento,1628408,PJ Dozier,PJ,,,0:07,0.0,0.0,0.0,0.0,0.0,0.0,0.0,0.0,0.0,0.0,0.0,0.0,0.0,0.0,0.0,0.0,0.0,0.0,0.0
22201170,1610612758,SAC,Sacramento,1631165,Keon Ellis,Keon,,DNP - Coach's Decision,,,,,,,,,,,,,,,,,,,,
22201170,1610612758,SAC,Sacramento,1626158,Richaun Holmes,Richaun,,DNP - Coach's Decision,,,,,,,,,,,,,,,,,,,,
22201170,1610612758,SAC,Sacramento,1629002,Chimezie Metu,Chimezie,,DNP - Coach's Decision,,,,,,,,,,,,,,,,,,,,
22201170,1610612758,SAC,Sacramento,1628370,Malik Monk,Malik,,DNP - Coach's Decision,,,,,,,,,,,,,,,,,,,,
22201175,1610612744,GSW,Golden State,1628978,Donte DiVincenzo,Donte,F,,31:34,8.0,12.0,0.667,1.0,4.0,0.25,1.0,1.0,1.0,5.0,8.0,13.0,4.0,2.0,0.0,3.0,3.0,18.0,12.0
22201175,1610612744,GSW,Golden State,203110,Draymond Green,Draymond,F,,36:34,2.0,7.0,0.286,0.0,1.0,0.0,0.0,0.0,0.0,4.0,5.0,9.0,7.0,1.0,0.0,4.0,5.0,4.0,1.0
22201175,1610612744,GSW,Golden State,1626172,Kevon Looney,Kevon,C,,27:04,2.0,6.0,0.333,0.0,0.0,0.0,2.0,2.0,1.0,7.0,7.0,14.0,1.0,1.0,1.0,1.0,2.0,6.0,3.0
22201175,1610612744,GSW,Golden State,202691,Klay Thompson,Klay,G,,39:06,9.0,28.0,0.321,5.0,16.0,0.313,2.0,2.0,1.0,1.0,4.0,5.0,4.0,1.0,0.0,1.0,3.0,25.0,0.0
22201175,1610612744,GSW,Golden State,201939,Stephen Curry,Stephen,G,,36:52,8.0,28.0,0.286,2.0,14.0,0.143,3.0,3.0,1.0,1.0,2.0,3.0,4.0,0.0,2.0,3.0,1.0,21.0,-5.0
22201175,1610612744,GSW,Golden State,1630228,Jonathan Kuminga,Jonathan,,,22:37,3.0,5.0,0.6,1.0,2.0,0.5,2.0,2.0,1.0,0.0,1.0,1.0,2.0,2.0,0.0,0.0,2.0,9.0,-1.0
22201175,1610612744,GSW,Golden State,1629673,Jordan Poole,Jordan,,,19:43,7.0,13.0,0.538,0.0,3.0,0.0,3.0,3.0,1.0,0.0,2.0,2.0,3.0,1.0,0.0,1.0,4.0,17.0,-6.0
22201175,1610612744,GSW,Golden State,1630237,Anthony Lamb,Anthony,,,15:10,2.0,4.0,0.5,0.0,2.0,0.0,4.0,4.0,1.0,3.0,5.0,8.0,0.0,1.0,1.0,2.0,1.0,8.0,-2.0
22201175,1610612744,GSW,Golden State,1627780,Gary Payton II,Gary,,,11:20,1.0,2.0,0.5,0.0,0.0,0.0,0.0,0.0,0.0,1.0,1.0,2.0,1.0,0.0,0.0,0.0,1.0,2.0,-12.0
22201175,1610612744,GSW,Golden State,1631116,Patrick Baldwin Jr.,Patrick,,DNP - Coach's Decision,,,,,,,,,,,,,,,,,,,,
22201175,1610612744,GSW,Golden State,203210,JaMychal Green,JaMychal,,DNP - Coach's Decision,,,,,,,,,,,,,,,,,,,,
22201175,1610612744,GSW,Golden State,1630541,Moses Moody,Moses,,DNP - Coach's Decision,,,,,,,,,,,,,,,,,,,,
22201175,1610612744,GSW,Golden State,1631311,Lester Quinones,Lester,,DNP - Coach's Decision,,,,,,,,,,,,,,,,,,,,
22201175,1610612743,DEN,Denver,1629008,Michael Porter Jr.,Michael,F,,33:39,10.0,17.0,0.588,4.0,8.0,0.5,5.0,6.0,0.833,3.0,8.0,11.0,0.0,0.0,0.0,1.0,1.0,29.0,4.0
22201175,1610612743,DEN,Denver,203932,Aaron Gordon,Aaron,F,,38:56,6.0,18.0,0.333,0.0,3.0,0.0,1.0,2.0,0.5,6.0,4.0,10.0,7.0,2.0,0.0,2.0,3.0,13.0,9.0
22201175,1610612743,DEN,Denver,201145,Jeff Green,Jeff,C,,26:11,4.0,8.0,0.5,1.0,5.0,0.2,1.0,1.0,1.0,0.0,4.0,4.0,3.0,0.0,1.0,0.0,1.0,10.0,1.0
22201175,1610612743,DEN,Denver,203484,Kentavious Caldwell-Pope,Kentavious,G,,20:59,1.0,6.0,0.167,0.0,3.0,0.0,1.0,1.0,1.0,0.0,4.0,4.0,0.0,3.0,0.0,3.0,2.0,3.0,-8.0
22201175,1610612743,DEN,Denver,1627750,Jamal Murray,Jamal,G,,41:30,10.0,21.0,0.476,3.0,8.0,0.375,3.0,3.0,1.0,1.0,2.0,3.0,8.0,2.0,2.0,3.0,2.0,26.0,8.0
22201175,1610612743,DEN,Denver,1628971,Bruce Brown,Bruce,,,31:43,5.0,11.0,0.455,0.0,1.0,0.0,4.0,5.0,0.8,3.0,1.0,4.0,3.0,2.0,1.0,1.0,4.0,14.0,0.0
22201175,1610612743,DEN,Denver,1631128,Christian Braun,Christian,,,16:04,3.0,10.0,0.3,0.0,3.0,0.0,0.0,0.0,0.0,1.0,4.0,5.0,1.0,2.0,0.0,0.0,1.0,6.0,7.0
22201175,1610612743,DEN,Denver,202704,Reggie Jackson,Reggie,,,7:08,1.0,2.0,0.5,1.0,1.0,1.0,0.0,0.0,0.0,0.0,1.0,1.0,0.0,0.0,0.0,1.0,1.0,3.0,-9.0
22201175,1610612743,DEN,Denver,1628427,Vlatko Čančar,Vlatko,,,3:24,0.0,1.0,0.0,0.0,1.0,0.0,0.0,0.0,0.0,0.0,0.0,0.0,2.0,0.0,0.0,0.0,0.0,0.0,-5.0
22201175,1610612743,DEN,Denver,1631212,Peyton Watson,Peyton,,,20:27,4.0,6.0,0.667,0.0,0.0,0.0,0.0,0.0,0.0,3.0,2.0,5.0,0.0,0.0,3.0,0.0,2.0,8.0,3.0
22201175,1610612743,DEN,Denver,1628418,Thomas Bryant,Thomas,,DNP - Coach's Decision,,,,,,,,,,,,,,,,,,,,
22201175,1610612743,DEN,Denver,201599,DeAndre Jordan,DeAndre,,DNP - Coach's Decision,,,,,,,,,,,,,,,,,,,,
22201175,1610612743,DEN,Denver,202397,Ish Smith,Ish,,DNP - Coach's Decision,,,,,,,,,,,,,,,,,,,,
22201175,1610612743,DEN,Denver,1631298,Jack White,Jack,,DNP - Coach's Decision,,,,,,,,,,,,,,,,,,,,
22201173,1610612754,IND,Indiana,1630174,Aaron Nesmith,Aaron,F,,32:12,4.0,9.0,0.444,3.0,4.0,0.75,3.0,6.0,0.5,2.0,4.0,6.0,2.0,0.0,0.0,0.0,3.0,14.0,-17.0
22201173,1610612754,IND,Indiana,1629670,Jordan Nwora,Jordan,F,,35:54,4.0,15.0,0.267,2.0,8.0,0.25,5.0,6.0,0.833,3.0,7.0,10.0,3.0,0.0,0.0,1.0,0.0,15.0,-11.0
22201173,1610612754,IND,Indiana,1630543,Isaiah Jackson,Isaiah,C,,20:55,1.0,5.0,0.2,0.0,0.0,0.0,1.0,2.0,0.5,0.0,2.0,2.0,1.0,0.0,2.0,2.0,4.0,3.0,-8.0
22201173,1610612754,IND,Indiana,1631097,Bennedict Mathurin,Bennedict,G,,32:34,5.0,12.0,0.417,1.0,2.0,0.5,8.0,8.0,1.0,3.0,6.0,9.0,0.0,0.0,2.0,4.0,5.0,19.0,-7.0
22201173,1610612754,IND,Indiana,1629614,Andrew Nembhard,Andrew,G,,31:21,6.0,14.0,0.429,1.0,2.0,0.5,0.0,0.0,0.0,0.0,2.0,2.0,8.0,3.0,0.0,3.0,1.0,13.0,-16.0
22201173,1610612754,IND,Indiana,1627741,Buddy Hield,Buddy,,,22:59,3.0,8.0,0.375,1.0,4.0,0.25,3.0,3.0,1.0,1.0,4.0,5.0,1.0,2.0,0.0,2.0,2.0,10.0,-2.0
22201173,1610612754,IND,Indiana,1630188,Jalen Smith,Jalen,,,27:05,5.0,8.0,0.625,1.0,2.0,0.5,1.0,1.0,1.0,2.0,6.0,8.0,0.0,0.0,2.0,0.0,4.0,12.0,-2.0
22201173,1610612754,IND,Indiana,204456,T.J. McConnell,T.J.,,,19:16,7.0,8.0,0.875,0.0,0.0,0.0,2.0,2.0,1.0,0.0,2.0,2.0,5.0,0.0,0.0,2.0,4.0,16.0,7.0
22201173,1610612754,IND,Indiana,1629052,Oshae Brissett,Oshae,,,17:44,1.0,4.0,0.25,0.0,2.0,0.0,1.0,1.0,1.0,0.0,0.0,0.0,1.0,0.0,0.0,1.0,3.0,3.0,6.0
22201173,1610612754,IND,Indiana,201588,George Hill,George,,DNP - Coach's Decision,,,,,,,,,,,,,,,,,,,,
22201173,1610612754,IND,Indiana,201949,James Johnson,James,,DNP - Coach's Decision,,,,,,,,,,,,,,,,,,,,
22201173,1610612754,IND,Indiana,1628464,Daniel Theis,Daniel,,DNP - Coach's Decision,,,,,,,,,,,,,,,,,,,,
22201173,1610612739,CLE,Cleveland,1629731,Dean Wade,Dean,F,,27:08,2.0,3.0,0.667,1.0,2.0,0.5,0.0,0.0,0.0,2.0,3.0,5.0,1.0,0.0,0.0,0.0,3.0,5.0,15.0
22201173,1610612739,CLE,Cleveland,1630596,Evan Mobley,Evan,F,,39:09,7.0,17.0,0.412,0.0,1.0,0.0,0.0,0.0,0.0,5.0,11.0,16.0,4.0,0.0,4.0,0.0,3.0,14.0,15.0
22201173,1610612739,CLE,Cleveland,1628386,Jarrett Allen,Jarrett,C,,26:35,6.0,9.0,0.667,0.0,0.0,0.0,3.0,6.0,0.5,4.0,3.0,7.0,1.0,1.0,0.0,1.0,1.0,15.0,-2.0
22201173,1610612739,CLE,Cleveland,1628378,Donovan Mitchell,Donovan,G,,39:45,14.0,25.0,0.56,3.0,9.0,0.333,9.0,12.0,0.75,0.0,6.0,6.0,1.0,3.0,0.0,5.0,4.0,40.0,16.0
22201173,1610612739,CLE,Cleveland,1629636,Darius Garland,Darius,G,,39:16,8.0,20.0,0.4,2.0,3.0,0.667,2.0,2.0,1.0,1.0,2.0,3.0,6.0,2.0,0.0,2.0,2.0,20.0,3.0
22201173,1610612739,CLE,Cleveland,1627747,Caris LeVert,Caris,,,33:00,5.0,10.0,0.5,2.0,6.0,0.333,3.0,4.0,0.75,0.0,3.0,3.0,4.0,0.0,3.0,0.0,6.0,15.0,14.0
22201173,1610612739,CLE,Cleveland,201937,Ricky Rubio,Ricky,,,14:03,0.0,1.0,0.0,0.0,0.0,0.0,0.0,0.0,0.0,0.0,1.0,1.0,5.0,1.0,0.0,1.0,2.0,0.0,1.0
22201173,1610612739,CLE,Cleveland,1626224,Cedi Osman,Cedi,,,8:45,1.0,3.0,0.333,1.0,2.0,0.5,1.0,2.0,0.5,0.0,0.0,0.0,1.0,0.0,0.0,0.0,0.0,4.0,-10.0
22201173,1610612739,CLE,Cleveland,1630205,Lamar Stevens,Lamar,,,12:19,1.0,2.0,0.5,0.0,1.0,0.0,0.0,0.0,0.0,1.0,1.0,2.0,0.0,0.0,0.0,1.0,1.0,2.0,-2.0
22201173,1610612739,CLE,Cleveland,1629603,Mamadi Diakite,Mamadi,,DNP - Coach's Decision,,,,,,,,,,,,,,,,,,,,
22201173,1610612739,CLE,Cleveland,201980,Danny Green,Danny,,DNP - Coach's Decision,,,,,,,,,,,,,,,,,,,,
22201173,1610612739,CLE,Cleveland,201577,Robin Lopez,Robin,,DNP - Coach's Decision,,,,,,,,,,,,,,,,,,,,
22201173,1610612739,CLE,Cleveland,1630241,Sam Merrill,Sam,,DNP - Coach's Decision,,,,,,,,,,,,,,,,,,,,
22201173,1610612739,CLE,Cleveland,1630600,Isaiah Mobley,Isaiah,,DNP - Coach's Decision,,,,,,,,,,,,,,,,,,,,
22201173,1610612739,CLE,Cleveland,203526,Raul Neto,Raul,,DNP - Coach's Decision,,,,,,,,,,,,,,,,,,,,
22201163,1610612761,TOR,Toronto,1628384,OG Anunoby,OG,F,,34:11,9.0,13.0,0.692,5.0,6.0,0.833,0.0,0.0,0.0,1.0,6.0,7.0,1.0,0.0,0.0,0.0,2.0,23.0,16.0
22201163,1610612761,TOR,Toronto,1627783,Pascal Siakam,Pascal,F,,38:06,16.0,24.0,0.667,2.0,7.0,0.286,2.0,2.0,1.0,2.0,5.0,7.0,7.0,2.0,0.0,0.0,1.0,36.0,16.0
22201163,1610612761,TOR,Toronto,1627751,Jakob Poeltl,Jakob,C,,30:01,8.0,12.0,0.667,0.0,0.0,0.0,0.0,0.0,0.0,4.0,5.0,9.0,3.0,1.0,4.0,1.0,3.0,16.0,16.0
22201163,1610612761,TOR,Toronto,1630567,Scottie Barnes,Scottie,G,,36:04,6.0,12.0,0.5,0.0,1.0,0.0,0.0,0.0,0.0,1.0,2.0,3.0,3.0,2.0,1.0,3.0,1.0,12.0,15.0
22201163,1610612761,TOR,Toronto,1627832,Fred VanVleet,Fred,G,,37:41,7.0,17.0,0.412,1.0,8.0,0.125,5.0,5.0,1.0,1.0,4.0,5.0,20.0,3.0,0.0,2.0,4.0,20.0,18.0
22201163,1610612761,TOR,Toronto,1628449,Chris Boucher,Chris,,,16:17,3.0,9.0,0.333,0.0,3.0,0.0,1.0,1.0,1.0,1.0,4.0,5.0,0.0,0.0,0.0,0.0,0.0,7.0,2.0
22201163,1610612761,TOR,Toronto,1631132,Christian Koloko,Christian,,,15:46,3.0,6.0,0.5,0.0,1.0,0.0,0.0,0.0,0.0,3.0,0.0,3.0,0.0,0.0,1.0,0.0,2.0,6.0,2.0
22201163,1610612761,TOR,Toronto,1630288,Jeff Dowtin Jr.,Jeff,,,10:25,0.0,0.0,0.0,0.0,0.0,0.0,0.0,0.0,0.0,0.0,0.0,0.0,4.0,0.0,0.0,0.0,1.0,0.0,-3.0
22201163,1610612761,TOR,Toronto,1630173,Precious Achiuwa,Precious,,,12:32,4.0,7.0,0.571,0.0,1.0,0.0,0.0,0.0,0.0,1.0,2.0,3.0,0.0,0.0,0.0,1.0,0.0,8.0,6.0
22201163,1610612761,TOR,Toronto,1630201,Malachi Flynn,Malachi,,,4:03,0.0,3.0,0.0,0.0,1.0,0.0,0.0,0.0,0.0,0.0,0.0,0.0,0.0,0.0,0.0,0.0,0.0,0.0,6.0
22201163,1610612761,TOR,Toronto,1630580,Joe Wieskamp,Joe,,,1:38,0.0,0.0,0.0,0.0,0.0,0.0,0.0,0.0,0.0,0.0,1.0,1.0,0.0,0.0,0.0,0.0,0.0,0.0,2.0
22201163,1610612761,TOR,Toronto,1631199,Ron Harper Jr.,Ron,,,1:38,0.0,0.0,0.0,0.0,0.0,0.0,0.0,0.0,0.0,1.0,0.0,1.0,0.0,0.0,0.0,0.0,0.0,0.0,2.0
22201163,1610612761,TOR,Toronto,1630625,Dalano Banton,Dalano,,,1:38,0.0,1.0,0.0,0.0,0.0,0.0,0.0,0.0,0.0,0.0,1.0,1.0,0.0,0.0,0.0,0.0,0.0,0.0,2.0
22201163,1610612761,TOR,Toronto,201152,Thaddeus Young,Thaddeus,,DNP - Coach's Decision,,,,,,,,,,,,,,,,,,,,
22201163,1610612766,CHA,Charlotte,1631121,Bryce McGowens,Bryce,F,,30:18,3.0,6.0,0.5,1.0,2.0,0.5,4.0,6.0,0.667,0.0,2.0,2.0,2.0,0.0,0.0,2.0,1.0,11.0,-13.0
22201163,1610612766,CHA,Charlotte,1630550,JT Thor,JT,F,,33:56,3.0,7.0,0.429,1.0,2.0,0.5,1.0,2.0,0.5,0.0,2.0,2.0,0.0,0.0,0.0,2.0,2.0,8.0,-7.0
22201163,1610612766,CHA,Charlotte,1631109,Mark Williams,Mark,C,,26:51,7.0,15.0,0.467,0.0,0.0,0.0,1.0,1.0,1.0,7.0,5.0,12.0,0.0,0.0,0.0,1.0,2.0,15.0,-15.0
22201163,1610612766,CHA,Charlotte,1629004,Svi Mykhailiuk,Svi,G,,33:29,10.0,17.0,0.588,5.0,9.0,0.556,1.0,1.0,1.0,2.0,2.0,4.0,5.0,2.0,0.0,3.0,1.0,26.0,-9.0
22201163,1610612766,CHA,Charlotte,1630177,Theo Maledon,Theo,G,,40:55,4.0,16.0,0.25,0.0,6.0,0.0,0.0,0.0,0.0,1.0,7.0,8.0,14.0,0.0,1.0,2.0,2.0,8.0,-16.0
22201163,1610612766,CHA,Charlotte,1630547,James Bouknight,James,,,25:14,7.0,11.0,0.636,5.0,7.0,0.714,2.0,2.0,1.0,0.0,2.0,2.0,1.0,0.0,0.0,3.0,1.0,21.0,-18.0
22201163,1610612766,CHA,Charlotte,1630539,Kai Jones,Kai,,,31:45,5.0,10.0,0.5,0.0,2.0,0.0,0.0,1.0,0.0,0.0,5.0,5.0,2.0,1.0,3.0,3.0,2.0,10.0,-18.0
22201163,1610612766,CHA,Charlotte,1630270,Xavier Sneed,Xavier,,,15:54,3.0,3.0,1.0,3.0,3.0,1.0,0.0,0.0,0.0,0.0,2.0,2.0,2.0,0.0,0.0,1.0,0.0,9.0,-2.0
22201163,1610612766,CHA,Charlotte,1628424,Kobi Simmons,Kobi,,,1:38,0.0,0.0,0.0,0.0,0.0,0.0,0.0,0.0,0.0,0.0,0.0,0.0,0.0,0.0,0.0,0.0,0.0,0.0,-2.0
22201163,1610612766,CHA,Charlotte,1626162,Kelly Oubre Jr.,Kelly,,DND - Injury/Illness,,,,,,,,,,,,,,,,,,,,
22201163,1610612766,CHA,Charlotte,1630208,Nick Richards,Nick,,DNP - Coach's Decision,,,,,,,,,,,,,,,,,,,,
22201165,1610612763,MEM,Memphis,1628415,Dillon Brooks,Dillon,F,,32:13,5.0,15.0,0.333,4.0,11.0,0.364,0.0,0.0,0.0,0.0,4.0,4.0,4.0,1.0,0.0,3.0,1.0,14.0,-26.0
22201165,1610612763,MEM,Memphis,1628991,Jaren Jackson Jr.,Jaren,F,,28:56,11.0,20.0,0.55,5.0,8.0,0.625,4.0,4.0,1.0,3.0,5.0,8.0,1.0,0.0,1.0,1.0,5.0,31.0,-1.0
22201165,1610612763,MEM,Memphis,1630214,Xavier Tillman,Xavier,C,,29:59,2.0,2.0,1.0,0.0,0.0,0.0,2.0,4.0,0.5,2.0,6.0,8.0,1.0,0.0,0.0,2.0,4.0,6.0,-20.0
22201165,1610612763,MEM,Memphis,1630217,Desmond Bane,Desmond,G,,33:10,8.0,12.0,0.667,2.0,3.0,0.667,3.0,3.0,1.0,0.0,5.0,5.0,4.0,0.0,1.0,4.0,4.0,21.0,-11.0
22201165,1610612763,MEM,Memphis,1629630,Ja Morant,Ja,G,,34:06,7.0,16.0,0.438,2.0,5.0,0.4,1.0,1.0,1.0,1.0,9.0,10.0,10.0,0.0,0.0,5.0,1.0,17.0,-20.0
22201165,1610612763,MEM,Memphis,1630583,Santi Aldama,Santi,,,17:34,1.0,3.0,0.333,1.0,2.0,0.5,0.0,0.0,0.0,0.0,3.0,3.0,1.0,0.0,0.0,0.0,2.0,3.0,-12.0
22201165,1610612763,MEM,Memphis,1631223,David Roddy,David,,,11:46,1.0,3.0,0.333,1.0,2.0,0.5,0.0,0.0,0.0,1.0,2.0,3.0,2.0,0.0,1.0,1.0,2.0,3.0,-9.0
22201165,1610612763,MEM,Memphis,1628379,Luke Kennard,Luke,,,27:45,2.0,7.0,0.286,2.0,7.0,0.286,0.0,0.0,0.0,1.0,2.0,3.0,2.0,0.0,0.0,0.0,2.0,6.0,-5.0
22201165,1610612763,MEM,Memphis,1626145,Tyus Jones,Tyus,,,17:08,2.0,5.0,0.4,2.0,4.0,0.5,0.0,0.0,0.0,0.0,1.0,1.0,4.0,0.0,0.0,0.0,0.0,6.0,-1.0
22201165,1610612763,MEM,Memphis,1629723,John Konchar,John,,,1:29,0.0,0.0,0.0,0.0,0.0,0.0,0.0,0.0,0.0,0.0,1.0,1.0,0.0,0.0,0.0,0.0,0.0,0.0,0.0
22201165,1610612763,MEM,Memphis,1631113,Kennedy Chandler,Kennedy,,,1:29,0.0,0.0,0.0,0.0,0.0,0.0,0.0,0.0,0.0,0.0,0.0,0.0,0.0,0.0,0.0,0.0,0.0,0.0,0.0
22201165,1610612763,MEM,Memphis,1631246,Vince Williams Jr.,Vince,,,1:29,0.0,1.0,0.0,0.0,1.0,0.0,0.0,0.0,0.0,0.0,0.0,0.0,0.0,0.0,0.0,0.0,0.0,0.0,0.0
22201165,1610612763,MEM,Memphis,1631254,Kenneth Lofton Jr.,Kenneth,,,1:29,0.0,0.0,0.0,0.0,0.0,0.0,0.0,0.0,0.0,0.0,1.0,1.0,0.0,0.0,0.0,2.0,1.0,0.0,0.0
22201165,1610612763,MEM,Memphis,1631222,Jake LaRavia,Jake,,,1:29,0.0,0.0,0.0,0.0,0.0,0.0,0.0,0.0,0.0,0.0,0.0,0.0,0.0,0.0,0.0,0.0,0.0,0.0,0.0
22201165,1610612741,CHI,Chicago,201942,DeMar DeRozan,DeMar,F,,33:54,11.0,26.0,0.423,0.0,4.0,0.0,9.0,9.0,1.0,1.0,4.0,5.0,7.0,1.0,0.0,0.0,3.0,31.0,17.0
22201165,1610612741,CHI,Chicago,1627936,Alex Caruso,Alex,F,,24:06,2.0,3.0,0.667,1.0,2.0,0.5,0.0,0.0,0.0,0.0,1.0,1.0,2.0,3.0,2.0,0.0,2.0,5.0,20.0
22201165,1610612741,CHI,Chicago,202696,Nikola Vučević,Nikola,C,,32:08,6.0,10.0,0.6,1.0,2.0,0.5,0.0,1.0,0.0,0.0,10.0,10.0,2.0,1.0,1.0,0.0,0.0,13.0,15.0
22201165,1610612741,CHI,Chicago,203897,Zach LaVine,Zach,G,,34:42,13.0,19.0,0.684,3.0,8.0,0.375,7.0,8.0,0.875,0.0,3.0,3.0,9.0,1.0,0.0,0.0,2.0,36.0,25.0
22201165,1610612741,CHI,Chicago,201976,Patrick Beverley,Patrick,G,,23:11,1.0,5.0,0.2,0.0,3.0,0.0,0.0,0.0,0.0,1.0,1.0,2.0,3.0,0.0,0.0,1.0,2.0,2.0,-1.0
22201165,1610612741,CHI,Chicago,1630172,Patrick Williams,Patrick,,,26:07,5.0,10.0,0.5,2.0,5.0,0.4,0.0,0.0,0.0,1.0,2.0,3.0,1.0,1.0,3.0,0.0,2.0,12.0,-2.0
22201165,1610612741,CHI,Chicago,1629632,Coby White,Coby,,,30:32,8.0,13.0,0.615,2.0,5.0,0.4,1.0,1.0,1.0,0.0,6.0,6.0,4.0,1.0,0.0,0.0,1.0,19.0,18.0
22201165,1610612741,CHI,Chicago,203083,Andre Drummond,Andre,,,6:40,1.0,2.0,0.5,0.0,0.0,0.0,0.0,0.0,0.0,0.0,3.0,3.0,0.0,0.0,0.0,0.0,0.0,2.0,-9.0
22201165,1610612741,CHI,Chicago,1630245,Ayo Dosunmu,Ayo,,,17:60,2.0,4.0,0.5,0.0,1.0,0.0,0.0,0.0,0.0,1.0,2.0,3.0,1.0,0.0,0.0,0.0,1.0,4.0,7.0
22201165,1610612741,CHI,Chicago,1627884,Derrick Jones Jr.,Derrick,,,9:13,1.0,1.0,1.0,0.0,0.0,0.0,2.0,3.0,0.667,0.0,0.0,0.0,0.0,1.0,0.0,0.0,0.0,4.0,15.0
22201165,1610612741,CHI,Chicago,1631207,Dalen Terry,Dalen,,,1:29,0.0,1.0,0.0,0.0,1.0,0.0,0.0,0.0,0.0,0.0,0.0,0.0,0.0,0.0,0.0,0.0,0.0,0.0,0.0
22201165,1610612741,CHI,Chicago,1629750,Javonte Green,Javonte,,DNP - Coach's Decision,,,,,,,,,,,,,,,,,,,,
22201165,1610612741,CHI,Chicago,1630637,Carlik Jones,Carlik,,DNP - Coach's Decision,,,,,,,,,,,,,,,,,,,,
22201165,1610612741,CHI,Chicago,1630250,Marko Simonovic,Marko,,DNP - Coach's Decision,,,,,,,,,,,,,,,,,,,,
22201165,1610612741,CHI,Chicago,1630678,Terry Taylor,Terry,,DNP - Coach's Decision,,,,,,,,,,,,,,,,,,,,
22201161,1610612742,DAL,Dallas,203501,Tim Hardaway Jr.,Tim,F,,40:31,11.0,15.0,0.733,6.0,10.0,0.6,3.0,4.0,0.75,0.0,6.0,6.0,7.0,0.0,0.0,1.0,2.0,31.0,10.0
22201161,1610612742,DAL,Dallas,203493,Reggie Bullock Jr.,Reggie,F,,23:17,1.0,5.0,0.2,0.0,4.0,0.0,0.0,0.0,0.0,0.0,2.0,2.0,3.0,0.0,0.0,0.0,1.0,2.0,-11.0
22201161,1610612742,DAL,Dallas,203939,Dwight Powell,Dwight,C,,17:13,1.0,1.0,1.0,0.0,0.0,0.0,0.0,0.0,0.0,1.0,2.0,3.0,1.0,0.0,1.0,1.0,4.0,2.0,-2.0
22201161,1610612742,DAL,Dallas,202681,Kyrie Irving,Kyrie,G,,42:30,10.0,17.0,0.588,1.0,4.0,0.25,2.0,2.0,1.0,0.0,3.0,3.0,8.0,0.0,0.0,1.0,3.0,23.0,4.0
22201161,1610612742,DAL,Dallas,1629029,Luka Dončić,Luka,G,,44:31,17.0,25.0,0.68,2.0,6.0,0.333,6.0,7.0,0.857,0.0,10.0,10.0,8.0,2.0,0.0,3.0,4.0,42.0,-6.0
22201161,1610612742,DAL,Dallas,1628467,Maxi Kleber,Maxi,,,26:60,3.0,4.0,0.75,2.0,3.0,0.667,0.0,0.0,0.0,0.0,5.0,5.0,3.0,1.0,0.0,3.0,3.0,8.0,2.0
22201161,1610612742,DAL,Dallas,1630182,Josh Green,Josh,,,21:53,0.0,2.0,0.0,0.0,1.0,0.0,0.0,0.0,0.0,0.0,1.0,1.0,0.0,0.0,0.0,1.0,3.0,0.0,-4.0
22201161,1610612742,DAL,Dallas,1626174,Christian Wood,Christian,,,12:31,3.0,5.0,0.6,2.0,3.0,0.667,0.0,0.0,0.0,0.0,1.0,1.0,2.0,0.0,1.0,1.0,1.0,8.0,-16.0
22201161,1610612742,DAL,Dallas,1630702,Jaden Hardy,Jaden,,,6:21,1.0,2.0,0.5,1.0,2.0,0.5,0.0,0.0,0.0,0.0,0.0,0.0,0.0,0.0,0.0,3.0,2.0,3.0,-12.0
22201161,1610612742,DAL,Dallas,203200,Justin Holiday,Justin,,,4:13,0.0,1.0,0.0,0.0,1.0,0.0,3.0,3.0,1.0,0.0,0.0,0.0,0.0,0.0,0.0,0.0,0.0,3.0,0.0
22201161,1610612742,DAL,Dallas,202722,Dāvis Bertāns,Dāvis,,DNP - Coach's Decision,,,,,,,,,,,,,,,,,,,,
22201161,1610612742,DAL,Dallas,1630639,A.J. Lawson,A.J.,,DNP - Coach's Decision,,,,,,,,,,,,,,,,,,,,
22201161,1610612742,DAL,Dallas,201580,JaVale McGee,JaVale,,DNP - Coach's Decision,,,,,,,,,,,,,,,,,,,,
22201161,1610612742,DAL,Dallas,202693,Markieff Morris,Markieff,,DNP - Coach's Decision,,,,,,,,,,,,,,,,,,,,
22201161,1610612742,DAL,Dallas,1629033,Theo Pinson,Theo,,DNP - Coach's Decision,,,,,,,,,,,,,,,,,,,,
22201161,1610612748,MIA,Miami,202710,Jimmy Butler III,Jimmy,F,,36:60,12.0,16.0,0.75,1.0,3.0,0.333,10.0,11.0,0.909,0.0,3.0,3.0,12.0,1.0,0.0,0.0,2.0,35.0,6.0
22201161,1610612748,MIA,Miami,1629622,Max Strus,Max,F,,30:09,6.0,11.0,0.545,6.0,9.0,0.667,0.0,0.0,0.0,1.0,3.0,4.0,1.0,0.0,0.0,2.0,3.0,18.0,-7.0
22201161,1610612748,MIA,Miami,203469,Cody Zeller,Cody,C,,28:38,9.0,13.0,0.692,0.0,1.0,0.0,2.0,3.0,0.667,3.0,5.0,8.0,0.0,1.0,0.0,0.0,2.0,20.0,-1.0
22201161,1610612748,MIA,Miami,1629639,Tyler Herro,Tyler,G,,36:20,5.0,16.0,0.313,2.0,8.0,0.25,3.0,3.0,1.0,1.0,5.0,6.0,3.0,1.0,0.0,2.0,1.0,15.0,-1.0
22201161,1610612748,MIA,Miami,1629216,Gabe Vincent,Gabe,G,,26:05,3.0,8.0,0.375,2.0,5.0,0.4,1.0,1.0,1.0,2.0,2.0,4.0,2.0,0.0,0.0,1.0,1.0,9.0,6.0
22201161,1610612748,MIA,Miami,200768,Kyle Lowry,Kyle,,,26:56,1.0,8.0,0.125,0.0,5.0,0.0,4.0,5.0,0.8,2.0,2.0,4.0,7.0,1.0,0.0,0.0,0.0,6.0,14.0
22201161,1610612748,MIA,Miami,201567,Kevin Love,Kevin,,,19:22,5.0,9.0,0.556,2.0,5.0,0.4,6.0,6.0,1.0,1.0,4.0,5.0,1.0,1.0,0.0,2.0,2.0,18.0,8.0
22201161,1610612748,MIA,Miami,1628997,Caleb Martin,Caleb,,,33:16,4.0,4.0,1.0,0.0,0.0,0.0,0.0,0.0,0.0,0.0,1.0,1.0,1.0,1.0,0.0,1.0,4.0,8.0,1.0
22201161,1610612748,MIA,Miami,1629130,Duncan Robinson,Duncan,,,2:15,0.0,1.0,0.0,0.0,1.0,0.0,0.0,0.0,0.0,0.0,1.0,1.0,0.0,0.0,0.0,0.0,1.0,0.0,9.0
22201161,1610612748,MIA,Miami,2617,Udonis Haslem,Udonis,,DNP - Coach's Decision,,,,,,,,,,,,,,,,,,,,
22201161,1610612748,MIA,Miami,1629312,Haywood Highsmith,Haywood,,DNP - Coach's Decision,,,,,,,,,,,,,,,,,,,,
22201161,1610612748,MIA,Miami,203506,Victor Oladipo,Victor,,DNP - Coach's Decision,,,,,,,,,,,,,,,,,,,,
22201161,1610612748,MIA,Miami,1630209,Omer Yurtseven,Omer,,DNP - Coach's Decision,,,,,,,,,,,,,,,,,,,,
22201162,1610612746,LAC,LA,201587,Nicolas Batum,Nicolas,F,,23:36,1.0,2.0,0.5,0.0,1.0,0.0,0.0,0.0,0.0,1.0,2.0,3.0,3.0,0.0,0.0,0.0,2.0,2.0,2.0
22201162,1610612746,LAC,LA,202695,Kawhi Leonard,Kawhi,F,,41:24,15.0,28.0,0.536,4.0,8.0,0.5,6.0,6.0,1.0,1.0,7.0,8.0,4.0,0.0,1.0,2.0,1.0,40.0,3.0
22201162,1610612746,LAC,LA,1627826,Ivica Zubac,Ivica,C,,29:36,5.0,6.0,0.833,0.0,0.0,0.0,5.0,6.0,0.833,1.0,5.0,6.0,0.0,0.0,1.0,0.0,4.0,15.0,5.0
22201162,1610612746,LAC,LA,1626181,Norman Powell,Norman,G,,31:59,4.0,9.0,0.444,0.0,4.0,0.0,4.0,4.0,1.0,1.0,4.0,5.0,2.0,1.0,0.0,6.0,4.0,12.0,6.0
22201162,1610612746,LAC,LA,201566,Russell Westbrook,Russell,G,,39:39,9.0,18.0,0.5,3.0,6.0,0.5,3.0,5.0,0.6,0.0,3.0,3.0,10.0,1.0,1.0,1.0,5.0,24.0,-7.0
22201162,1610612746,LAC,LA,1629611,Terance Mann,Terance,,,24:30,2.0,6.0,0.333,2.0,3.0,0.667,0.0,0.0,0.0,3.0,1.0,4.0,3.0,1.0,1.0,1.0,4.0,6.0,-13.0
22201162,1610612746,LAC,LA,203496,Robert Covington,Robert,,,15:53,1.0,4.0,0.25,1.0,3.0,0.333,1.0,2.0,0.5,1.0,1.0,2.0,1.0,0.0,0.0,1.0,3.0,4.0,-13.0
22201162,1610612746,LAC,LA,1630538,Bones Hyland,Bones,,,15:11,2.0,7.0,0.286,1.0,4.0,0.25,0.0,0.0,0.0,0.0,1.0,1.0,1.0,1.0,0.0,1.0,2.0,5.0,-10.0
22201162,1610612746,LAC,LA,203486,Mason Plumlee,Mason,,,18:13,3.0,5.0,0.6,0.0,0.0,0.0,0.0,0.0,0.0,3.0,2.0,5.0,1.0,1.0,0.0,1.0,4.0,6.0,-13.0
22201162,1610612746,LAC,LA,1630527,Brandon Boston,Brandon,,DNP - Coach's Decision,,,,,,,,,,,,,,,,,,,,
22201162,1610612746,LAC,LA,1629599,Amir Coffey,Amir,,DNP - Coach's Decision,,,,,,,,,,,,,,,,,,,,
22201162,1610612746,LAC,LA,1631217,Moussa Diabaté,Moussa,,DNP - Coach's Decision,,,,,,,,,,,,,,,,,,,,
22201162,1610612746,LAC,LA,1629875,Xavier Moon,Xavier,,DNP - Coach's Decision,,,,,,,,,,,,,,,,,,,,
22201162,1610612740,NOP,New Orleans,1630530,Trey Murphy III,Trey,F,,38:47,4.0,8.0,0.5,2.0,5.0,0.4,9.0,11.0,0.818,1.0,3.0,4.0,1.0,2.0,2.0,1.0,2.0,19.0,10.0
22201162,1610612740,NOP,New Orleans,1627742,Brandon Ingram,Brandon,F,,38:44,13.0,23.0,0.565,0.0,0.0,0.0,10.0,11.0,0.909,0.0,4.0,4.0,8.0,0.0,0.0,1.0,1.0,36.0,1.0
22201162,1610612740,NOP,New Orleans,202685,Jonas Valančiūnas,Jonas,C,,28:05,10.0,18.0,0.556,1.0,1.0,1.0,2.0,2.0,1.0,7.0,5.0,12.0,0.0,0.0,1.0,3.0,3.0,23.0,-1.0
22201162,1610612740,NOP,New Orleans,1630529,Herbert Jones,Herbert,G,,29:51,2.0,3.0,0.667,1.0,1.0,1.0,7.0,7.0,1.0,0.0,4.0,4.0,2.0,0.0,1.0,0.0,5.0,12.0,-1.0
22201162,1610612740,NOP,New Orleans,203468,CJ McCollum,CJ,G,,38:08,8.0,18.0,0.444,1.0,5.0,0.2,2.0,2.0,1.0,0.0,1.0,1.0,3.0,3.0,0.0,1.0,1.0,19.0,4.0
22201162,1610612740,NOP,New Orleans,1626204,Larry Nance Jr.,Larry,,,19:55,1.0,6.0,0.167,0.0,0.0,0.0,0.0,0.0,0.0,4.0,2.0,6.0,4.0,1.0,1.0,0.0,0.0,2.0,9.0
22201162,1610612740,NOP,New Orleans,1630700,Dyson Daniels,Dyson,,,14:03,2.0,4.0,0.5,1.0,2.0,0.5,0.0,0.0,0.0,2.0,0.0,2.0,0.0,0.0,0.0,0.0,0.0,5.0,2.0
22201162,1610612740,NOP,New Orleans,1626196,Josh Richardson,Josh,,,19:05,1.0,4.0,0.25,1.0,3.0,0.333,0.0,0.0,0.0,0.0,4.0,4.0,1.0,0.0,0.0,1.0,2.0,3.0,8.0
22201162,1610612740,NOP,New Orleans,1630230,Naji Marshall,Naji,,,13:22,1.0,2.0,0.5,0.0,0.0,0.0,1.0,2.0,0.5,0.0,3.0,3.0,2.0,0.0,0.0,0.0,1.0,3.0,8.0
22201162,1610612740,NOP,New Orleans,1629637,Jaxson Hayes,Jaxson,,DNP - Coach's Decision,,,,,,,,,,,,,,,,,,,,
22201162,1610612740,NOP,New Orleans,1626195,Willy Hernangomez,Willy,,DNP - Coach's Decision,,,,,,,,,,,,,,,,,,,,
22201162,1610612740,NOP,New Orleans,1630184,Kira Lewis Jr.,Kira,,DNP - Coach's Decision,,,,,,,,,,,,,,,,,,,,
22201162,1610612740,NOP,New Orleans,1631220,Dereon Seabron,Dereon,,DNP - Coach's Decision,,,,,,,,,,,,,,,,,,,,
22201162,1610612740,NOP,New Orleans,202066,Garrett Temple,Garrett,,DNP - Coach's Decision,,,,,,,,,,,,,,,,,,,,
22201209,1610612752,NYK,New York,1629628,RJ Barrett,RJ,F,,35:43,11.0,25.0,0.44,0.0,9.0,0.0,6.0,9.0,0.667,1.0,6.0,7.0,6.0,0.0,1.0,0.0,1.0,28.0,-15.0
22201209,1610612752,NYK,New York,1630167,Obi Toppin,Obi,F,,26:34,4.0,9.0,0.444,1.0,4.0,0.25,1.0,2.0,0.5,1.0,3.0,4.0,1.0,1.0,0.0,0.0,2.0,10.0,-6.0
22201209,1610612752,NYK,New York,1628392,Isaiah Hartenstein,Isaiah,C,,19:01,0.0,1.0,0.0,0.0,0.0,0.0,0.0,0.0,0.0,0.0,3.0,3.0,5.0,0.0,1.0,1.0,5.0,0.0,-11.0
22201209,1610612752,NYK,New York,1629656,Quentin Grimes,Quentin,G,,32:57,5.0,11.0,0.455,4.0,9.0,0.444,0.0,0.0,0.0,1.0,1.0,2.0,2.0,1.0,0.0,3.0,1.0,14.0,-5.0
22201209,1610612752,NYK,New York,1630193,Immanuel Quickley,Immanuel,G,,30:29,8.0,17.0,0.471,6.0,10.0,0.6,2.0,2.0,1.0,0.0,5.0,5.0,2.0,1.0,0.0,3.0,3.0,24.0,0.0
22201209,1610612752,NYK,New York,1630579,Jericho Sims,Jericho,,,28:59,3.0,3.0,1.0,0.0,0.0,0.0,0.0,0.0,0.0,4.0,4.0,8.0,1.0,0.0,0.0,1.0,2.0,6.0,3.0
22201209,1610612752,NYK,New York,1628404,Josh Hart,Josh,,,33:19,1.0,8.0,0.125,0.0,3.0,0.0,6.0,7.0,0.857,0.0,6.0,6.0,2.0,0.0,0.0,1.0,3.0,8.0,9.0
22201209,1610612752,NYK,New York,203095,Evan Fournier,Evan,,,15:27,3.0,7.0,0.429,2.0,5.0,0.4,0.0,0.0,0.0,0.0,1.0,1.0,0.0,1.0,0.0,0.0,0.0,8.0,-7.0
22201209,1610612752,NYK,New York,1630540,Miles McBride,Miles,,,17:31,3.0,7.0,0.429,1.0,3.0,0.333,0.0,0.0,0.0,0.0,1.0,1.0,0.0,1.0,0.0,0.0,0.0,7.0,-8.0
22201209,1610612752,NYK,New York,1631211,Trevor Keels,Trevor,,DNP - Coach's Decision,,,,,,,,,,,,,,,,,,,,
22201209,1610612752,NYK,New York,1629011,Mitchell Robinson,Mitchell,,DND - Rest,,,,,,,,,,,,,,,,,,,,
22201209,1610612752,NYK,New York,201565,Derrick Rose,Derrick,,DNP - Coach's Decision,,,,,,,,,,,,,,,,,,,,
22201209,1610612740,NOP,New Orleans,1630530,Trey Murphy III,Trey,F,,39:04,10.0,21.0,0.476,3.0,10.0,0.3,8.0,8.0,1.0,2.0,1.0,3.0,2.0,1.0,1.0,0.0,2.0,31.0,26.0
22201209,1610612740,NOP,New Orleans,1627742,Brandon Ingram,Brandon,F,,39:34,6.0,15.0,0.4,0.0,3.0,0.0,6.0,6.0,1.0,1.0,6.0,7.0,7.0,1.0,0.0,5.0,4.0,18.0,-2.0
22201209,1610612740,NOP,New Orleans,202685,Jonas Valančiūnas,Jonas,C,,25:13,3.0,7.0,0.429,0.0,0.0,0.0,2.0,2.0,1.0,0.0,12.0,12.0,1.0,0.0,3.0,2.0,4.0,8.0,23.0
22201209,1610612740,NOP,New Orleans,1630529,Herbert Jones,Herbert,G,,34:01,7.0,7.0,1.0,1.0,1.0,1.0,0.0,0.0,0.0,0.0,4.0,4.0,4.0,0.0,3.0,1.0,2.0,15.0,4.0
22201209,1610612740,NOP,New Orleans,203468,CJ McCollum,CJ,G,,38:39,8.0,15.0,0.533,4.0,9.0,0.444,3.0,4.0,0.75,0.0,5.0,5.0,4.0,0.0,0.0,0.0,2.0,23.0,29.0
22201209,1610612740,NOP,New Orleans,1626204,Larry Nance Jr.,Larry,,,22:47,4.0,4.0,1.0,0.0,0.0,0.0,0.0,0.0,0.0,0.0,4.0,4.0,1.0,0.0,0.0,1.0,2.0,8.0,-15.0
22201209,1610612740,NOP,New Orleans,1626196,Josh Richardson,Josh,,,17:33,1.0,4.0,0.25,1.0,4.0,0.25,0.0,0.0,0.0,0.0,2.0,2.0,1.0,2.0,0.0,0.0,0.0,3.0,-6.0
22201209,1610612740,NOP,New Orleans,1630700,Dyson Daniels,Dyson,,,9:21,0.0,1.0,0.0,0.0,0.0,0.0,0.0,0.0,0.0,1.0,2.0,3.0,2.0,0.0,0.0,1.0,0.0,0.0,-21.0
22201209,1610612740,NOP,New Orleans,1630230,Naji Marshall,Naji,,,13:48,3.0,5.0,0.6,1.0,1.0,1.0,0.0,0.0,0.0,0.0,3.0,3.0,5.0,0.0,0.0,2.0,1.0,7.0,2.0
22201209,1610612740,NOP,New Orleans,1629637,Jaxson Hayes,Jaxson,,DNP - Coach's Decision,,,,,,,,,,,,,,,,,,,,
22201209,1610612740,NOP,New Orleans,1626195,Willy Hernangomez,Willy,,DNP - Coach's Decision,,,,,,,,,,,,,,,,,,,,
22201209,1610612740,NOP,New Orleans,1630184,Kira Lewis Jr.,Kira,,DNP - Coach's Decision,,,,,,,,,,,,,,,,,,,,
22201209,1610612740,NOP,New Orleans,202066,Garrett Temple,Garrett,,DNP - Coach's Decision,,,,,,,,,,,,,,,,,,,,
22201166,1610612757,POR,Portland,1629680,Matisse Thybulle,Matisse,F,,30:11,1.0,6.0,0.167,0.0,2.0,0.0,0.0,0.0,0.0,1.0,3.0,4.0,0.0,3.0,0.0,0.0,5.0,2.0,-5.0
22201166,1610612757,POR,Portland,1630570,Trendon Watford,Trendon,F,,18:53,6.0,8.0,0.75,0.0,2.0,0.0,3.0,5.0,0.6,0.0,3.0,3.0,2.0,0.0,0.0,1.0,1.0,15.0,2.0
22201166,1610612757,POR,Portland,1629234,Drew Eubanks,Drew,C,,28:36,5.0,11.0,0.455,1.0,2.0,0.5,1.0,2.0,0.5,1.0,4.0,5.0,2.0,2.0,3.0,2.0,2.0,12.0,-3.0
22201166,1610612757,POR,Portland,1631101,Shaedon Sharpe,Shaedon,G,,34:36,9.0,19.0,0.474,2.0,7.0,0.286,7.0,9.0,0.778,1.0,5.0,6.0,6.0,0.0,0.0,1.0,3.0,27.0,-3.0
22201166,1610612757,POR,Portland,1630219,Skylar Mays,Skylar,G,,30:10,6.0,9.0,0.667,1.0,2.0,0.5,0.0,0.0,0.0,0.0,3.0,3.0,9.0,0.0,0.0,2.0,4.0,13.0,0.0
22201166,1610612757,POR,Portland,1627885,Shaquille Harrison,Shaquille,,,17:50,1.0,3.0,0.333,0.0,1.0,0.0,0.0,1.0,0.0,0.0,4.0,4.0,6.0,3.0,0.0,2.0,2.0,2.0,2.0
22201166,1610612757,POR,Portland,1628995,Kevin Knox II,Kevin,,,29:07,8.0,15.0,0.533,2.0,6.0,0.333,1.0,3.0,0.333,1.0,3.0,4.0,1.0,3.0,0.0,1.0,1.0,19.0,0.0
22201166,1610612757,POR,Portland,1631219,John Butler Jr.,John,,,17:49,2.0,5.0,0.4,1.0,3.0,0.333,0.0,0.0,0.0,1.0,0.0,1.0,0.0,0.0,0.0,0.0,1.0,5.0,7.0
22201166,1610612757,POR,Portland,1631133,Jabari Walker,Jabari,,,19:24,2.0,11.0,0.182,1.0,4.0,0.25,0.0,0.0,0.0,2.0,5.0,7.0,3.0,1.0,0.0,0.0,4.0,5.0,5.0
22201166,1610612757,POR,Portland,1631466,Nate Williams,Nate,,,13:24,3.0,6.0,0.5,1.0,1.0,1.0,0.0,0.0,0.0,4.0,1.0,5.0,0.0,0.0,0.0,1.0,3.0,7.0,5.0
22201166,1610612757,POR,Portland,1629629,Cam Reddish,Cam,,DND - Injury/Illness,,,,,,,,,,,,,,,,,,,,
22201166,1610612750,MIN,Minnesota,1630183,Jaden McDaniels,Jaden,F,,35:40,4.0,7.0,0.571,2.0,4.0,0.5,0.0,0.0,0.0,0.0,3.0,3.0,1.0,2.0,4.0,4.0,1.0,10.0,-3.0
22201166,1610612750,MIN,Minnesota,1626157,Karl-Anthony Towns,Karl-Anthony,F,,25:04,1.0,3.0,0.333,1.0,1.0,1.0,5.0,8.0,0.625,2.0,7.0,9.0,3.0,0.0,0.0,3.0,5.0,8.0,2.0
22201166,1610612750,MIN,Minnesota,203497,Rudy Gobert,Rudy,C,,35:20,5.0,10.0,0.5,0.0,0.0,0.0,0.0,0.0,0.0,4.0,11.0,15.0,3.0,0.0,0.0,1.0,3.0,10.0,-6.0
22201166,1610612750,MIN,Minnesota,1630162,Anthony Edwards,Anthony,G,,37:36,15.0,30.0,0.5,3.0,8.0,0.375,4.0,5.0,0.8,0.0,5.0,5.0,6.0,1.0,0.0,4.0,1.0,37.0,-1.0
22201166,1610612750,MIN,Minnesota,201144,Mike Conley,Mike,G,,35:27,2.0,8.0,0.25,2.0,6.0,0.333,5.0,5.0,1.0,1.0,3.0,4.0,6.0,0.0,0.0,1.0,2.0,11.0,-3.0
22201166,1610612750,MIN,Minnesota,203937,Kyle Anderson,Kyle,,,33:24,6.0,9.0,0.667,1.0,2.0,0.5,0.0,0.0,0.0,0.0,8.0,8.0,7.0,0.0,1.0,1.0,3.0,13.0,0.0
22201166,1610612750,MIN,Minnesota,1627752,Taurean Prince,Taurean,,,19:02,2.0,8.0,0.25,0.0,3.0,0.0,2.0,2.0,1.0,0.0,2.0,2.0,0.0,0.0,0.0,2.0,0.0,6.0,-4.0
22201166,1610612750,MIN,Minnesota,1629162,Jordan McLaughlin,Jordan,,,10:44,1.0,1.0,1.0,1.0,1.0,1.0,0.0,0.0,0.0,0.0,0.0,0.0,2.0,0.0,0.0,1.0,1.0,3.0,4.0
22201166,1610612750,MIN,Minnesota,1629638,Nickeil Alexander-Walker,Nickeil,,,5:32,2.0,3.0,0.667,1.0,1.0,1.0,2.0,3.0,0.667,0.0,1.0,1.0,1.0,0.0,0.0,0.0,0.0,7.0,1.0
22201166,1610612750,MIN,Minnesota,1630568,Luka Garza,Luka,,,2:12,0.0,0.0,0.0,0.0,0.0,0.0,0.0,0.0,0.0,0.0,0.0,0.0,0.0,0.0,0.0,1.0,1.0,0.0,0.0
22201166,1610612750,MIN,Minnesota,1630233,Nathan Knight,Nathan,,DNP - Coach's Decision,,,,,,,,,,,,,,,,,,,,
22201166,1610612750,MIN,Minnesota,1631169,Josh Minott,Josh,,DNP - Coach's Decision,,,,,,,,,,,,,,,,,,,,
22201166,1610612750,MIN,Minnesota,1631111,Wendell Moore Jr.,Wendell,,DNP - Coach's Decision,,,,,,,,,,,,,,,,,,,,
22201166,1610612750,MIN,Minnesota,1630346,Matt Ryan,Matt,,DNP - Coach's Decision,,,,,,,,,,,,,,,,,,,,
22201171,1610612747,LAL,Los Angeles,1629020,Jarred Vanderbilt,Jarred,F,,15:25,1.0,2.0,0.5,0.0,0.0,0.0,0.0,0.0,0.0,0.0,4.0,4.0,1.0,1.0,0.0,0.0,0.0,2.0,4.0
22201171,1610612747,LAL,Los Angeles,2544,LeBron James,LeBron,F,,29:21,8.0,18.0,0.444,1.0,7.0,0.143,1.0,1.0,1.0,2.0,8.0,10.0,11.0,0.0,1.0,1.0,1.0,18.0,23.0
22201171,1610612747,LAL,Los Angeles,203076,Anthony Davis,Anthony,C,,30:27,15.0,20.0,0.75,0.0,0.0,0.0,10.0,12.0,0.833,4.0,5.0,9.0,1.0,0.0,2.0,0.0,0.0,40.0,2.0
22201171,1610612747,LAL,Los Angeles,1630559,Austin Reaves,Austin,G,,32:44,4.0,7.0,0.571,1.0,2.0,0.5,9.0,10.0,0.9,0.0,1.0,1.0,8.0,0.0,0.0,2.0,2.0,18.0,15.0
22201171,1610612747,LAL,Los Angeles,1626156,D'Angelo Russell,D'Angelo,G,,14:40,2.0,4.0,0.5,2.0,4.0,0.5,0.0,1.0,0.0,0.0,3.0,3.0,4.0,0.0,0.0,0.0,0.0,6.0,2.0
22201171,1610612747,LAL,Los Angeles,1627736,Malik Beasley,Malik,,,23:10,5.0,14.0,0.357,3.0,11.0,0.273,0.0,0.0,0.0,0.0,1.0,1.0,0.0,0.0,0.0,0.0,1.0,13.0,16.0
22201171,1610612747,LAL,Los Angeles,1628972,Troy Brown Jr.,Troy,,,25:36,3.0,3.0,1.0,1.0,1.0,1.0,0.0,0.0,0.0,1.0,1.0,2.0,2.0,2.0,1.0,0.0,0.0,7.0,8.0
22201171,1610612747,LAL,Los Angeles,1629060,Rui Hachimura,Rui,,,24:57,10.0,14.0,0.714,0.0,1.0,0.0,0.0,2.0,0.0,2.0,10.0,12.0,1.0,0.0,3.0,1.0,2.0,20.0,22.0
22201171,1610612747,LAL,Los Angeles,203471,Dennis Schröder,Dennis,,,17:45,0.0,3.0,0.0,0.0,2.0,0.0,1.0,2.0,0.5,0.0,3.0,3.0,3.0,0.0,0.0,0.0,1.0,1.0,13.0
22201171,1610612747,LAL,Los Angeles,1629117,Wenyen Gabriel,Wenyen,,,14:21,1.0,3.0,0.333,0.0,1.0,0.0,0.0,0.0,0.0,2.0,1.0,3.0,0.0,0.0,1.0,1.0,1.0,2.0,14.0
22201171,1610612747,LAL,Los Angeles,1629022,Lonnie Walker IV,Lonnie,,,3:53,2.0,3.0,0.667,1.0,1.0,1.0,0.0,0.0,0.0,0.0,1.0,1.0,1.0,0.0,0.0,0.0,1.0,5.0,2.0
22201171,1610612747,LAL,Los Angeles,1628432,Davon Reed,Davon,,,3:53,1.0,1.0,1.0,0.0,0.0,0.0,0.0,0.0,0.0,0.0,1.0,1.0,2.0,1.0,0.0,0.0,0.0,2.0,2.0
22201171,1610612747,LAL,Los Angeles,1631108,Max Christie,Max,,,3:48,0.0,1.0,0.0,0.0,0.0,0.0,0.0,0.0,0.0,0.0,1.0,1.0,2.0,0.0,0.0,0.0,0.0,0.0,2.0
22201171,1610612745,HOU,Houston,1630231,KJ Martin,KJ,F,,28:19,5.0,8.0,0.625,1.0,2.0,0.5,0.0,0.0,0.0,3.0,2.0,5.0,1.0,0.0,0.0,1.0,1.0,11.0,-16.0
22201171,1610612745,HOU,Houston,1631095,Jabari Smith Jr.,Jabari,F,,33:05,6.0,12.0,0.5,2.0,4.0,0.5,0.0,0.0,0.0,1.0,5.0,6.0,1.0,0.0,1.0,0.0,4.0,14.0,-12.0
22201171,1610612745,HOU,Houston,1630578,Alperen Sengun,Alperen,C,,38:24,9.0,17.0,0.529,0.0,1.0,0.0,0.0,2.0,0.0,5.0,10.0,15.0,5.0,2.0,3.0,2.0,3.0,18.0,-5.0
22201171,1610612745,HOU,Houston,1630224,Jalen Green,Jalen,G,,40:19,7.0,21.0,0.333,2.0,7.0,0.286,8.0,8.0,1.0,1.0,2.0,3.0,7.0,0.0,0.0,2.0,3.0,24.0,-17.0
22201171,1610612745,HOU,Houston,1629645,Kevin Porter Jr.,Kevin,G,,36:32,7.0,16.0,0.438,6.0,10.0,0.6,0.0,0.0,0.0,0.0,3.0,3.0,2.0,1.0,0.0,2.0,2.0,20.0,-17.0
22201171,1610612745,HOU,Houston,1631106,Tari Eason,Tari,,,25:01,4.0,14.0,0.286,1.0,5.0,0.2,0.0,0.0,0.0,5.0,3.0,8.0,2.0,1.0,0.0,0.0,2.0,9.0,-23.0
22201171,1610612745,HOU,Houston,1630586,Usman Garuba,Usman,,,2:31,0.0,0.0,0.0,0.0,0.0,0.0,0.0,0.0,0.0,0.0,0.0,0.0,0.0,0.0,0.0,0.0,0.0,0.0,-6.0
22201171,1610612745,HOU,Houston,1630528,Josh Christopher,Josh,,,16:35,4.0,8.0,0.5,1.0,2.0,0.5,0.0,0.0,0.0,0.0,1.0,1.0,2.0,0.0,0.0,0.0,2.0,9.0,-17.0
22201171,1610612745,HOU,Houston,1630227,Daishen Nix,Daishen,,,11:28,0.0,4.0,0.0,0.0,3.0,0.0,0.0,0.0,0.0,0.0,1.0,1.0,2.0,0.0,0.0,0.0,1.0,0.0,-8.0
22201171,1610612745,HOU,Houston,1626163,Frank Kaminsky,Frank,,,3:53,1.0,1.0,1.0,0.0,0.0,0.0,0.0,0.0,0.0,1.0,0.0,1.0,1.0,0.0,0.0,0.0,0.0,2.0,-2.0
22201171,1610612745,HOU,Houston,1626246,Boban Marjanović,Boban,,,3:53,1.0,1.0,1.0,0.0,0.0,0.0,0.0,0.0,0.0,0.0,1.0,1.0,0.0,0.0,0.0,1.0,0.0,2.0,-2.0
22201171,1610612745,HOU,Houston,201571,D.J. Augustin,D.J.,,DNP - Coach's Decision,,,,,,,,,,,,,,,,,,,,
22201164,1610612762,UTA,Utah,1628374,Lauri Markkanen,Lauri,F,,34:42,8.0,21.0,0.381,1.0,8.0,0.125,6.0,6.0,1.0,2.0,7.0,9.0,2.0,2.0,0.0,2.0,3.0,23.0,11.0
22201164,1610612762,UTA,Utah,203482,Kelly Olynyk,Kelly,F,,32:54,2.0,7.0,0.286,0.0,2.0,0.0,3.0,4.0,0.75,1.0,14.0,15.0,5.0,1.0,0.0,3.0,5.0,7.0,10.0
22201164,1610612762,UTA,Utah,1631117,Walker Kessler,Walker,C,,21:36,3.0,5.0,0.6,0.0,1.0,0.0,0.0,2.0,0.0,4.0,4.0,8.0,0.0,0.0,0.0,0.0,1.0,6.0,-4.0
22201164,1610612762,UTA,Utah,1630534,Ochai Agbaji,Ochai,G,,28:47,6.0,13.0,0.462,2.0,7.0,0.286,5.0,5.0,1.0,2.0,0.0,2.0,1.0,0.0,0.0,0.0,1.0,19.0,-1.0
22201164,1610612762,UTA,Utah,1629659,Talen Horton-Tucker,Talen,G,,34:03,12.0,25.0,0.48,3.0,7.0,0.429,5.0,6.0,0.833,1.0,3.0,4.0,8.0,0.0,0.0,2.0,3.0,32.0,7.0
22201164,1610612762,UTA,Utah,1629308,Juan Toscano-Anderson,Juan,,,22:16,2.0,5.0,0.4,0.0,1.0,0.0,0.0,0.0,0.0,1.0,5.0,6.0,4.0,0.0,0.0,2.0,3.0,4.0,4.0
22201164,1610612762,UTA,Utah,1631323,Simone Fontecchio,Simone,,,13:24,1.0,5.0,0.2,0.0,2.0,0.0,0.0,2.0,0.0,0.0,1.0,1.0,0.0,1.0,0.0,0.0,2.0,2.0,-13.0
22201164,1610612762,UTA,Utah,1627739,Kris Dunn,Kris,,,27:48,5.0,7.0,0.714,1.0,1.0,1.0,2.0,3.0,0.667,0.0,1.0,1.0,3.0,1.0,1.0,1.0,2.0,13.0,2.0
22201164,1610612762,UTA,Utah,1628962,Udoka Azubuike,Udoka,,,14:03,0.0,0.0,0.0,0.0,0.0,0.0,0.0,0.0,0.0,0.0,4.0,4.0,0.0,0.0,0.0,0.0,2.0,0.0,-13.0
22201164,1610612762,UTA,Utah,1629677,Luka Samanic,Luka,,,10:27,1.0,3.0,0.333,1.0,3.0,0.333,1.0,2.0,0.5,0.0,2.0,2.0,1.0,0.0,0.0,1.0,1.0,4.0,-8.0
22201164,1610612762,UTA,Utah,1627745,Damian Jones,Damian,,DNP - Coach's Decision,,,,,,,,,,,,,,,,,,,,
22201164,1610612762,UTA,Utah,1630548,Johnny Juzang,Johnny,,DNP - Coach's Decision,,,,,,,,,,,,,,,,,,,,
22201164,1610612762,UTA,Utah,1630695,Micah Potter,Micah,,DNP - Coach's Decision,,,,,,,,,,,,,,,,,,,,
22201164,1610612751,BKN,Brooklyn,1629661,Cameron Johnson,Cameron,F,,31:44,5.0,9.0,0.556,1.0,2.0,0.5,7.0,8.0,0.875,1.0,5.0,6.0,2.0,0.0,0.0,2.0,3.0,18.0,-1.0
22201164,1610612751,BKN,Brooklyn,1627827,Dorian Finney-Smith,Dorian,F,,29:31,3.0,6.0,0.5,1.0,2.0,0.5,1.0,2.0,0.5,0.0,1.0,1.0,1.0,0.0,2.0,0.0,4.0,8.0,0.0
22201164,1610612751,BKN,Brooklyn,1629651,Nic Claxton,Nic,C,,32:28,7.0,8.0,0.875,0.0,0.0,0.0,0.0,1.0,0.0,2.0,5.0,7.0,1.0,2.0,0.0,0.0,3.0,14.0,3.0
22201164,1610612751,BKN,Brooklyn,1628969,Mikal Bridges,Mikal,G,,38:56,9.0,25.0,0.36,1.0,8.0,0.125,11.0,13.0,0.846,0.0,7.0,7.0,2.0,3.0,0.0,1.0,2.0,30.0,8.0
22201164,1610612751,BKN,Brooklyn,203915,Spencer Dinwiddie,Spencer,G,,34:30,5.0,13.0,0.385,2.0,5.0,0.4,5.0,6.0,0.833,0.0,4.0,4.0,12.0,0.0,0.0,2.0,1.0,17.0,4.0
22201164,1610612751,BKN,Brooklyn,1630549,Day'Ron Sharpe,Day'Ron,,,14:45,2.0,3.0,0.667,0.0,0.0,0.0,2.0,2.0,1.0,4.0,3.0,7.0,0.0,0.0,0.0,2.0,2.0,6.0,0.0
22201164,1610612751,BKN,Brooklyn,1626220,Royce O'Neale,Royce,,,19:08,1.0,5.0,0.2,1.0,5.0,0.2,0.0,0.0,0.0,0.0,3.0,3.0,4.0,0.0,0.0,1.0,4.0,3.0,-1.0
22201164,1610612751,BKN,Brooklyn,203925,Joe Harris,Joe,,,5:00,0.0,3.0,0.0,0.0,3.0,0.0,0.0,0.0,0.0,0.0,1.0,1.0,1.0,1.0,0.0,0.0,1.0,0.0,1.0
22201164,1610612751,BKN,Brooklyn,203552,Seth Curry,Seth,,,17:07,3.0,7.0,0.429,1.0,3.0,0.333,0.0,2.0,0.0,0.0,1.0,1.0,0.0,0.0,0.0,0.0,2.0,7.0,-7.0
22201164,1610612751,BKN,Brooklyn,1629139,Yuta Watanabe,Yuta,,,8:21,2.0,4.0,0.5,2.0,4.0,0.5,0.0,0.0,0.0,0.0,1.0,1.0,2.0,0.0,0.0,0.0,3.0,6.0,2.0
22201164,1610612751,BKN,Brooklyn,1630560,Cam Thomas,Cam,,,8:30,1.0,3.0,0.333,0.0,0.0,0.0,0.0,0.0,0.0,0.0,2.0,2.0,0.0,0.0,0.0,0.0,1.0,2.0,-4.0
22201164,1610612751,BKN,Brooklyn,1629650,Moses Brown,Moses,,DNP - Coach's Decision,,,,,,,,,,,,,,,,,,,,
22201164,1610612751,BKN,Brooklyn,201988,Patty Mills,Patty,,DNP - Coach's Decision,,,,,,,,,,,,,,,,,,,,
22201164,1610612751,BKN,Brooklyn,1628410,Edmond Sumner,Edmond,,DNP - Coach's Decision,,,,,,,,,,,,,,,,,,,,
22201174,1610612755,PHI,Philadelphia,202699,Tobias Harris,Tobias,F,,28:18,3.0,6.0,0.5,0.0,3.0,0.0,0.0,0.0,0.0,1.0,2.0,3.0,3.0,1.0,2.0,1.0,1.0,6.0,-12.0
22201174,1610612755,PHI,Philadelphia,200782,P.J. Tucker,P.J.,F,,24:09,2.0,5.0,0.4,1.0,3.0,0.333,0.0,0.0,0.0,1.0,1.0,2.0,2.0,0.0,0.0,0.0,4.0,5.0,-11.0
22201174,1610612755,PHI,Philadelphia,203954,Joel Embiid,Joel,C,,31:36,11.0,25.0,0.44,1.0,7.0,0.143,5.0,5.0,1.0,1.0,8.0,9.0,5.0,0.0,0.0,1.0,4.0,28.0,-10.0
22201174,1610612755,PHI,Philadelphia,1630178,Tyrese Maxey,Tyrese,G,,34:53,9.0,15.0,0.6,6.0,7.0,0.857,5.0,5.0,1.0,0.0,4.0,4.0,2.0,1.0,0.0,1.0,1.0,29.0,-13.0
22201174,1610612755,PHI,Philadelphia,201935,James Harden,James,G,,34:18,4.0,9.0,0.444,1.0,3.0,0.333,2.0,2.0,1.0,1.0,1.0,2.0,6.0,1.0,0.0,5.0,3.0,11.0,-12.0
22201174,1610612755,PHI,Philadelphia,1627777,Georges Niang,Georges,,,17:17,0.0,2.0,0.0,0.0,2.0,0.0,0.0,0.0,0.0,0.0,0.0,0.0,0.0,0.0,0.0,0.0,1.0,0.0,-10.0
22201174,1610612755,PHI,Philadelphia,1629001,De'Anthony Melton,De'Anthony,,,21:40,1.0,5.0,0.2,1.0,4.0,0.25,0.0,0.0,0.0,1.0,0.0,1.0,0.0,0.0,0.0,2.0,2.0,3.0,-16.0
22201174,1610612755,PHI,Philadelphia,1629667,Jalen McDaniels,Jalen,,,14:02,0.0,4.0,0.0,0.0,1.0,0.0,0.0,0.0,0.0,1.0,2.0,3.0,1.0,0.0,0.0,0.0,0.0,0.0,-9.0
22201174,1610612755,PHI,Philadelphia,1630194,Paul Reed,Paul,,,13:21,4.0,5.0,0.8,0.0,0.0,0.0,0.0,0.0,0.0,5.0,5.0,10.0,0.0,0.0,0.0,0.0,1.0,8.0,3.0
22201174,1610612755,PHI,Philadelphia,1627863,Danuel House Jr.,Danuel,,,9:14,4.0,7.0,0.571,2.0,4.0,0.5,0.0,0.0,0.0,0.0,1.0,1.0,0.0,0.0,0.0,0.0,0.0,10.0,6.0
22201174,1610612755,PHI,Philadelphia,1629003,Shake Milton,Shake,,,4:03,1.0,2.0,0.5,0.0,1.0,0.0,0.0,1.0,0.0,0.0,1.0,1.0,0.0,0.0,0.0,0.0,0.0,2.0,7.0
22201174,1610612755,PHI,Philadelphia,1627788,Furkan Korkmaz,Furkan,,,4:03,1.0,1.0,1.0,0.0,0.0,0.0,0.0,0.0,0.0,0.0,0.0,0.0,0.0,0.0,0.0,0.0,0.0,2.0,7.0
22201174,1610612755,PHI,Philadelphia,1626149,Montrezl Harrell,Montrezl,,,3:06,0.0,1.0,0.0,0.0,1.0,0.0,0.0,0.0,0.0,0.0,0.0,0.0,0.0,0.0,0.0,1.0,0.0,0.0,5.0
22201174,1610612755,PHI,Philadelphia,203473,Dewayne Dedmon,Dewayne,,DNP - Coach's Decision,,,,,,,,,,,,,,,,,,,,
22201174,1610612749,MIL,Milwaukee,203114,Khris Middleton,Khris,F,,31:52,6.0,14.0,0.429,3.0,8.0,0.375,4.0,4.0,1.0,0.0,3.0,3.0,9.0,0.0,0.0,1.0,2.0,19.0,7.0
22201174,1610612749,MIL,Milwaukee,203507,Giannis Antetokounmpo,Giannis,F,,31:49,13.0,17.0,0.765,0.0,1.0,0.0,7.0,13.0,0.538,2.0,12.0,14.0,6.0,1.0,3.0,4.0,5.0,33.0,21.0
22201174,1610612749,MIL,Milwaukee,201572,Brook Lopez,Brook,C,,31:12,9.0,13.0,0.692,1.0,2.0,0.5,2.0,2.0,1.0,3.0,3.0,6.0,0.0,0.0,0.0,0.0,2.0,21.0,12.0
22201174,1610612749,MIL,Milwaukee,1628960,Grayson Allen,Grayson,G,,19:43,1.0,3.0,0.333,0.0,2.0,0.0,0.0,0.0,0.0,0.0,5.0,5.0,1.0,0.0,0.0,0.0,1.0,2.0,12.0
22201174,1610612749,MIL,Milwaukee,201950,Jrue Holiday,Jrue,G,,34:42,7.0,11.0,0.636,2.0,4.0,0.5,2.0,2.0,1.0,1.0,2.0,3.0,3.0,4.0,0.0,2.0,1.0,18.0,8.0
22201174,1610612749,MIL,Milwaukee,204060,Joe Ingles,Joe,,,19:32,2.0,3.0,0.667,2.0,3.0,0.667,0.0,0.0,0.0,0.0,1.0,1.0,2.0,1.0,0.0,1.0,0.0,6.0,13.0
22201174,1610612749,MIL,Milwaukee,1626171,Bobby Portis,Bobby,,,27:30,8.0,11.0,0.727,2.0,3.0,0.667,0.0,0.0,0.0,0.0,5.0,5.0,0.0,1.0,1.0,1.0,3.0,18.0,6.0
22201174,1610612749,MIL,Milwaukee,203109,Jae Crowder,Jae,,,17:04,0.0,5.0,0.0,0.0,2.0,0.0,0.0,0.0,0.0,0.0,0.0,0.0,1.0,1.0,1.0,0.0,1.0,0.0,-3.0
22201174,1610612749,MIL,Milwaukee,1628975,Jevon Carter,Jevon,,,20:52,0.0,1.0,0.0,0.0,1.0,0.0,0.0,0.0,0.0,0.0,2.0,2.0,6.0,0.0,0.0,0.0,1.0,0.0,13.0
22201174,1610612749,MIL,Milwaukee,201609,Goran Dragic,Goran,,,1:26,0.0,2.0,0.0,0.0,2.0,0.0,0.0,0.0,0.0,0.0,0.0,0.0,0.0,0.0,0.0,0.0,0.0,0.0,-6.0
22201174,1610612749,MIL,Milwaukee,202083,Wesley Matthews,Wesley,,,1:26,0.0,0.0,0.0,0.0,0.0,0.0,0.0,0.0,0.0,0.0,1.0,1.0,0.0,0.0,0.0,0.0,0.0,0.0,-6.0
22201174,1610612749,MIL,Milwaukee,1626192,Pat Connaughton,Pat,,,1:26,0.0,0.0,0.0,0.0,0.0,0.0,0.0,0.0,0.0,0.0,1.0,1.0,0.0,0.0,0.0,0.0,0.0,0.0,-6.0
22201174,1610612749,MIL,Milwaukee,1630699,MarJon Beauchamp,MarJon,,,1:26,0.0,0.0,0.0,0.0,0.0,0.0,0.0,0.0,0.0,1.0,0.0,1.0,0.0,0.0,0.0,0.0,1.0,0.0,-6.0
22201174,1610612749,MIL,Milwaukee,203648,Thanasis Antetokounmpo,Thanasis,,DND_LEAGUE_SUSPENSION,,,,,,,,,,,,,,,,,,,,
22201172,1610612756,PHX,Phoenix,1629006,Josh Okogie,Josh,F,,26:27,1.0,2.0,0.5,0.0,1.0,0.0,2.0,4.0,0.5,0.0,3.0,3.0,2.0,0.0,1.0,1.0,3.0,4.0,2.0
22201172,1610612756,PHX,Phoenix,201142,Kevin Durant,Kevin,F,,34:48,13.0,21.0,0.619,3.0,7.0,0.429,6.0,6.0,1.0,0.0,5.0,5.0,5.0,0.0,2.0,2.0,1.0,35.0,5.0
22201172,1610612756,PHX,Phoenix,1629028,Deandre Ayton,Deandre,C,,30:40,8.0,12.0,0.667,0.0,0.0,0.0,3.0,4.0,0.75,2.0,9.0,11.0,0.0,0.0,0.0,1.0,1.0,19.0,1.0
22201172,1610612756,PHX,Phoenix,1626164,Devin Booker,Devin,G,,36:57,8.0,14.0,0.571,1.0,5.0,0.2,5.0,5.0,1.0,1.0,4.0,5.0,10.0,1.0,0.0,5.0,4.0,22.0,5.0
22201172,1610612756,PHX,Phoenix,101108,Chris Paul,Chris,G,,32:12,5.0,9.0,0.556,2.0,5.0,0.4,4.0,5.0,0.8,0.0,3.0,3.0,8.0,1.0,0.0,3.0,5.0,16.0,5.0
22201172,1610612756,PHX,Phoenix,1628470,Torrey Craig,Torrey,,,12:18,3.0,5.0,0.6,1.0,2.0,0.5,1.0,1.0,1.0,0.0,1.0,1.0,1.0,1.0,1.0,0.0,5.0,8.0,6.0
22201172,1610612756,PHX,Phoenix,1626166,Cameron Payne,Cameron,,,8:49,2.0,4.0,0.5,1.0,2.0,0.5,0.0,0.0,0.0,0.0,0.0,0.0,3.0,0.0,0.0,1.0,5.0,5.0,5.0
22201172,1610612756,PHX,Phoenix,203933,T.J. Warren,T.J.,,,11:07,2.0,5.0,0.4,2.0,4.0,0.5,0.0,0.0,0.0,0.0,1.0,1.0,1.0,0.0,0.0,0.0,2.0,6.0,3.0
22201172,1610612756,PHX,Phoenix,202687,Bismack Biyombo,Bismack,,,15:12,1.0,1.0,1.0,0.0,0.0,0.0,1.0,1.0,1.0,0.0,6.0,6.0,0.0,0.0,1.0,0.0,2.0,3.0,9.0
22201172,1610612756,PHX,Phoenix,203082,Terrence Ross,Terrence,,,11:19,0.0,2.0,0.0,0.0,2.0,0.0,0.0,0.0,0.0,2.0,0.0,2.0,1.0,0.0,0.0,0.0,1.0,0.0,5.0
22201172,1610612756,PHX,Phoenix,1629013,Landry Shamet,Landry,,,12:24,2.0,5.0,0.4,2.0,5.0,0.4,1.0,2.0,0.5,0.0,0.0,0.0,0.0,0.0,0.0,0.0,1.0,7.0,5.0
22201172,1610612756,PHX,Phoenix,1630688,Ish Wainright,Ish,,,7:47,1.0,1.0,1.0,1.0,1.0,1.0,0.0,0.0,0.0,0.0,1.0,1.0,0.0,1.0,1.0,0.0,0.0,3.0,-1.0
22201172,1610612756,PHX,Phoenix,1629647,Darius Bazley,Darius,,DNP - Coach's Decision,,,,,,,,,,,,,,,,,,,,
22201172,1610612756,PHX,Phoenix,1629111,Jock Landale,Jock,,DNP - Coach's Decision,,,,,,,,,,,,,,,,,,,,
22201172,1610612756,PHX,Phoenix,1627814,Damion Lee,Damion,,DNP - Coach's Decision,,,,,,,,,,,,,,,,,,,,
22201172,1610612760,OKC,Oklahoma City,1629652,Luguentz Dort,Luguentz,F,,39:15,4.0,14.0,0.286,2.0,7.0,0.286,4.0,6.0,0.667,5.0,3.0,8.0,2.0,0.0,0.0,0.0,4.0,14.0,1.0
22201172,1610612760,OKC,Oklahoma City,1631114,Jalen Williams,Jalen,F,,34:43,5.0,12.0,0.417,1.0,3.0,0.333,1.0,1.0,1.0,2.0,1.0,3.0,2.0,3.0,0.0,3.0,3.0,12.0,-4.0
22201172,1610612760,OKC,Oklahoma City,1631119,Jaylin Williams,Jaylin,C,,20:11,2.0,3.0,0.667,1.0,2.0,0.5,2.0,2.0,1.0,2.0,6.0,8.0,2.0,1.0,0.0,1.0,2.0,7.0,-3.0
22201172,1610612760,OKC,Oklahoma City,1630581,Josh Giddey,Josh,G,,34:57,5.0,16.0,0.313,2.0,7.0,0.286,4.0,6.0,0.667,1.0,8.0,9.0,8.0,0.0,0.0,1.0,3.0,16.0,-12.0
22201172,1610612760,OKC,Oklahoma City,1628983,Shai Gilgeous-Alexander,Shai,G,,37:32,11.0,22.0,0.5,0.0,0.0,0.0,17.0,17.0,1.0,0.0,3.0,3.0,5.0,2.0,0.0,1.0,4.0,39.0,-6.0
22201172,1610612760,OKC,Oklahoma City,1630598,Aaron Wiggins,Aaron,,,22:04,5.0,8.0,0.625,2.0,3.0,0.667,2.0,2.0,1.0,0.0,1.0,1.0,0.0,0.0,0.0,0.0,2.0,14.0,-8.0
22201172,1610612760,OKC,Oklahoma City,1630198,Isaiah Joe,Isaiah,,,21:38,2.0,6.0,0.333,1.0,3.0,0.333,2.0,3.0,0.667,0.0,1.0,1.0,1.0,0.0,0.0,1.0,1.0,7.0,-7.0
22201172,1610612760,OKC,Oklahoma City,203967,Dario Šarić,Dario,,,14:09,2.0,3.0,0.667,2.0,3.0,0.667,2.0,2.0,1.0,2.0,0.0,2.0,1.0,0.0,0.0,1.0,2.0,8.0,-6.0
22201172,1610612760,OKC,Oklahoma City,1631172,Ousmane Dieng,Ousmane,,,5:04,0.0,1.0,0.0,0.0,1.0,0.0,0.0,0.0,0.0,0.0,0.0,0.0,0.0,0.0,0.0,0.0,1.0,0.0,-8.0
22201172,1610612760,OKC,Oklahoma City,1630322,Lindy Waters III,Lindy,,,10:27,0.0,3.0,0.0,0.0,3.0,0.0,1.0,2.0,0.5,1.0,5.0,6.0,0.0,1.0,0.0,0.0,1.0,1.0,3.0
22201172,1610612760,OKC,Oklahoma City,1630544,Tre Mann,Tre,,DNP - Coach's Decision,,,,,,,,,,,,,,,,,,,,
22201172,1610612760,OKC,Oklahoma City,1630197,Aleksej Pokusevski,Aleksej,,DNP - Coach's Decision,,,,,,,,,,,,,,,,,,,,
22201172,1610612760,OKC,Oklahoma City,1630526,Jeremiah Robinson-Earl,Jeremiah,,DNP - Coach's Decision,,,,,,,,,,,,,,,,,,,,
22201172,1610612760,OKC,Oklahoma City,1630846,Olivier Sarr,Olivier,,DNP - Coach's Decision,,,,,,,,,,,,,,,,,,,,
