GAME_ID,TEAM_ID,TEAM_ABBREVIATION,TEAM_CITY,PLAYER_ID,PLAYER_NAME,NICKNAME,START_POSITION,COMMENT,MIN,FGM,FGA,FG_PCT,FG3M,FG3A,FG3_PCT,FTM,FTA,FT_PCT,OREB,DREB,REB,AST,STL,BLK,TO,PF,PTS,PLUS_MINUS
22200281,1610612741,CHI,Chicago,201942,DeMar DeRozan,DeMar,F,,42:16,12.0,27.0,0.444,0.0,1.0,0.0,6.0,8.0,0.75,0.0,4.0,4.0,6.0,2.0,0.0,2.0,5.0,30.0,6.0
22200281,1610612741,CHI,Chicago,1630172,Patrick Williams,Patrick,F,,31:58,4.0,7.0,0.571,3.0,3.0,1.0,0.0,0.0,0.0,2.0,4.0,6.0,1.0,0.0,2.0,2.0,4.0,11.0,7.0
22200281,1610612741,CHI,Chicago,202696,Nikola Vučević,Nikola,C,,39:59,6.0,14.0,0.429,1.0,7.0,0.143,0.0,0.0,0.0,3.0,10.0,13.0,3.0,0.0,0.0,2.0,1.0,13.0,5.0
22200281,1610612741,CHI,Chicago,203897,Zach LaVine,Zach,G,,45:03,9.0,23.0,0.391,4.0,11.0,0.364,5.0,6.0,0.833,2.0,3.0,5.0,5.0,1.0,0.0,4.0,4.0,27.0,-4.0
22200281,1610612741,CHI,Chicago,1630245,Ayo Dosunmu,Ayo,G,,25:00,3.0,7.0,0.429,0.0,2.0,0.0,1.0,1.0,1.0,1.0,2.0,3.0,4.0,1.0,0.0,0.0,4.0,7.0,-2.0
22200281,1610612741,CHI,Chicago,1629632,Coby White,Coby,,,17:47,2.0,5.0,0.4,2.0,5.0,0.4,0.0,0.0,0.0,1.0,2.0,3.0,1.0,0.0,0.0,1.0,2.0,6.0,-5.0
22200281,1610612741,CHI,Chicago,1627936,Alex Caruso,Alex,,,28:11,4.0,5.0,0.8,2.0,2.0,1.0,2.0,2.0,1.0,0.0,2.0,2.0,4.0,1.0,1.0,1.0,3.0,12.0,1.0
22200281,1610612741,CHI,Chicago,1629750,Javonte Green,Javonte,,,11:01,0.0,0.0,0.0,0.0,0.0,0.0,1.0,2.0,0.5,1.0,4.0,5.0,0.0,0.0,0.0,2.0,0.0,1.0,-9.0
22200281,1610612741,CHI,Chicago,201609,Goran Dragic,Goran,,,10:44,1.0,5.0,0.2,0.0,1.0,0.0,0.0,0.0,0.0,0.0,0.0,0.0,0.0,0.0,0.0,1.0,1.0,2.0,-10.0
22200281,1610612741,CHI,Chicago,203083,Andre Drummond,Andre,,,6:33,1.0,4.0,0.25,0.0,0.0,0.0,2.0,2.0,1.0,3.0,1.0,4.0,1.0,0.0,0.0,0.0,0.0,4.0,-10.0
22200281,1610612741,CHI,Chicago,1627884,Derrick Jones Jr.,Derrick,,,6:28,2.0,4.0,0.5,0.0,1.0,0.0,2.0,2.0,1.0,1.0,1.0,2.0,0.0,0.0,1.0,0.0,0.0,6.0,1.0
22200281,1610612741,CHI,Chicago,1628396,Tony Bradley,Tony,,DNP - Coach's Decision,,,,,,,,,,,,,,,,,,,,
22200281,1610612741,CHI,Chicago,1630792,Malcolm Hill,Malcolm,,DNP - Coach's Decision,,,,,,,,,,,,,,,,,,,,
22200281,1610612741,CHI,Chicago,1631207,Dalen Terry,Dalen,,DNP - Coach's Decision,,,,,,,,,,,,,,,,,,,,
22200281,1610612760,OKC,Oklahoma City,1629652,Luguentz Dort,Luguentz,F,,34:13,2.0,8.0,0.25,1.0,4.0,0.25,7.0,8.0,0.875,1.0,4.0,5.0,0.0,2.0,0.0,3.0,5.0,12.0,2.0
22200281,1610612760,OKC,Oklahoma City,1631114,Jalen Williams,Jalen,F,,19:52,3.0,4.0,0.75,0.0,1.0,0.0,2.0,3.0,0.667,0.0,2.0,2.0,1.0,0.0,0.0,0.0,3.0,8.0,-8.0
22200281,1610612760,OKC,Oklahoma City,1630197,Aleksej Pokusevski,Aleksej,C,,31:42,6.0,13.0,0.462,1.0,3.0,0.333,2.0,2.0,1.0,2.0,4.0,6.0,2.0,1.0,1.0,1.0,3.0,15.0,-13.0
22200281,1610612760,OKC,Oklahoma City,1630581,Josh Giddey,Josh,G,,37:30,5.0,13.0,0.385,0.0,1.0,0.0,0.0,0.0,0.0,2.0,11.0,13.0,9.0,0.0,1.0,5.0,0.0,10.0,-2.0
22200281,1610612760,OKC,Oklahoma City,1628983,Shai Gilgeous-Alexander,Shai,G,,40:23,8.0,21.0,0.381,0.0,3.0,0.0,14.0,15.0,0.933,1.0,7.0,8.0,7.0,0.0,1.0,1.0,2.0,30.0,9.0
22200281,1610612760,OKC,Oklahoma City,1629026,Kenrich Williams,Kenrich,,,33:01,4.0,7.0,0.571,0.0,2.0,0.0,0.0,0.0,0.0,3.0,2.0,5.0,2.0,2.0,0.0,0.0,2.0,8.0,12.0
22200281,1610612760,OKC,Oklahoma City,1630526,Jeremiah Robinson-Earl,Jeremiah,,,19:40,5.0,9.0,0.556,0.0,2.0,0.0,0.0,0.0,0.0,1.0,2.0,3.0,0.0,2.0,0.0,0.0,1.0,10.0,16.0
22200281,1610612760,OKC,Oklahoma City,1630198,Isaiah Joe,Isaiah,,,15:23,2.0,6.0,0.333,2.0,6.0,0.333,2.0,2.0,1.0,0.0,2.0,2.0,0.0,0.0,0.0,0.0,1.0,8.0,6.0
22200281,1610612760,OKC,Oklahoma City,1630544,Tre Mann,Tre,,,13:28,2.0,5.0,0.4,1.0,3.0,0.333,0.0,0.0,0.0,0.0,3.0,3.0,3.0,0.0,0.0,2.0,2.0,5.0,-1.0
22200281,1610612760,OKC,Oklahoma City,1629647,Darius Bazley,Darius,,,19:48,7.0,9.0,0.778,2.0,4.0,0.5,1.0,2.0,0.5,0.0,3.0,3.0,0.0,0.0,2.0,1.0,2.0,17.0,-1.0
22200281,1610612760,OKC,Oklahoma City,1630647,Eugene Omoruyi,Eugene,,DNP - Coach's Decision,,,,,,,,,,,,,,,,,,,,
22200281,1610612760,OKC,Oklahoma City,1630598,Aaron Wiggins,Aaron,,DNP - Coach's Decision,,,,,,,,,,,,,,,,,,,,
22200272,1610612750,MIN,Minnesota,1630183,Jaden McDaniels,Jaden,F,,24:16,1.0,7.0,0.143,0.0,3.0,0.0,0.0,0.0,0.0,1.0,3.0,4.0,1.0,0.0,2.0,2.0,4.0,2.0,0.0
22200272,1610612750,MIN,Minnesota,1626157,Karl-Anthony Towns,Karl-Anthony,F,,36:56,6.0,22.0,0.273,1.0,11.0,0.091,6.0,7.0,0.857,2.0,2.0,4.0,5.0,0.0,2.0,2.0,5.0,19.0,-4.0
22200272,1610612750,MIN,Minnesota,203497,Rudy Gobert,Rudy,C,,34:21,6.0,10.0,0.6,0.0,0.0,0.0,5.0,5.0,1.0,4.0,13.0,17.0,1.0,2.0,2.0,2.0,4.0,17.0,6.0
22200272,1610612750,MIN,Minnesota,1630162,Anthony Edwards,Anthony,G,,36:41,10.0,21.0,0.476,3.0,10.0,0.3,2.0,2.0,1.0,1.0,4.0,5.0,4.0,1.0,0.0,2.0,3.0,25.0,7.0
22200272,1610612750,MIN,Minnesota,1626156,D'Angelo Russell,D'Angelo,G,,35:45,8.0,15.0,0.533,4.0,10.0,0.4,0.0,0.0,0.0,2.0,2.0,4.0,10.0,1.0,0.0,3.0,3.0,20.0,-1.0
22200272,1610612750,MIN,Minnesota,203937,Kyle Anderson,Kyle,,,23:06,2.0,5.0,0.4,0.0,1.0,0.0,2.0,2.0,1.0,1.0,4.0,5.0,2.0,1.0,3.0,1.0,2.0,6.0,-7.0
22200272,1610612750,MIN,Minnesota,203085,Austin Rivers,Austin,,,17:38,1.0,2.0,0.5,0.0,1.0,0.0,2.0,2.0,1.0,0.0,3.0,3.0,1.0,1.0,0.0,1.0,2.0,4.0,-4.0
22200272,1610612750,MIN,Minnesota,1629669,Jaylen Nowell,Jaylen,,,17:51,4.0,9.0,0.444,0.0,3.0,0.0,0.0,0.0,0.0,0.0,3.0,3.0,0.0,1.0,0.0,2.0,1.0,8.0,-4.0
22200272,1610612750,MIN,Minnesota,1629675,Naz Reid,Naz,,,13:27,3.0,5.0,0.6,1.0,2.0,0.5,0.0,0.0,0.0,0.0,0.0,0.0,0.0,0.0,0.0,1.0,3.0,7.0,-3.0
22200272,1610612750,MIN,Minnesota,1627854,Bryn Forbes,Bryn,,DNP - Coach's Decision,,,,,,,,,,,,,,,,,,,,
22200272,1610612750,MIN,Minnesota,1630233,Nathan Knight,Nathan,,DNP - Coach's Decision,,,,,,,,,,,,,,,,,,,,
22200272,1610612750,MIN,Minnesota,1631111,Wendell Moore Jr.,Wendell,,DNP - Coach's Decision,,,,,,,,,,,,,,,,,,,,
22200272,1610612766,CHA,Charlotte,1629667,Jalen McDaniels,Jalen,F,,31:13,3.0,9.0,0.333,0.0,3.0,0.0,2.0,2.0,1.0,0.0,6.0,6.0,3.0,0.0,0.0,1.0,2.0,8.0,-6.0
22200272,1610612766,CHA,Charlotte,1629023,P.J. Washington,P.J.,F,,20:02,6.0,13.0,0.462,1.0,5.0,0.2,3.0,4.0,0.75,1.0,2.0,3.0,0.0,0.0,1.0,2.0,5.0,16.0,3.0
22200272,1610612766,CHA,Charlotte,203486,Mason Plumlee,Mason,C,,28:20,1.0,4.0,0.25,0.0,0.0,0.0,1.0,4.0,0.25,6.0,6.0,12.0,5.0,1.0,0.0,3.0,2.0,3.0,2.0
22200272,1610612766,CHA,Charlotte,1626162,Kelly Oubre Jr.,Kelly,G,,34:22,10.0,21.0,0.476,3.0,7.0,0.429,5.0,8.0,0.625,2.0,4.0,6.0,2.0,3.0,0.0,0.0,1.0,28.0,7.0
22200272,1610612766,CHA,Charlotte,1626179,Terry Rozier,Terry,G,,37:57,9.0,23.0,0.391,1.0,6.0,0.167,3.0,4.0,0.75,1.0,3.0,4.0,8.0,0.0,0.0,6.0,2.0,22.0,-5.0
22200272,1610612766,CHA,Charlotte,1630539,Kai Jones,Kai,,,27:58,3.0,5.0,0.6,0.0,0.0,0.0,3.0,4.0,0.75,3.0,9.0,12.0,0.0,0.0,1.0,0.0,2.0,9.0,-1.0
22200272,1610612766,CHA,Charlotte,1630177,Theo Maledon,Theo,,,25:33,4.0,7.0,0.571,1.0,1.0,1.0,5.0,6.0,0.833,2.0,5.0,7.0,3.0,1.0,0.0,1.0,1.0,14.0,2.0
22200272,1610612766,CHA,Charlotte,1630208,Nick Richards,Nick,,,19:36,1.0,2.0,0.5,0.0,0.0,0.0,0.0,0.0,0.0,0.0,3.0,3.0,1.0,0.0,2.0,2.0,2.0,2.0,2.0
22200272,1610612766,CHA,Charlotte,1630547,James Bouknight,James,,,14:59,3.0,5.0,0.6,2.0,3.0,0.667,0.0,0.0,0.0,0.0,2.0,2.0,2.0,1.0,0.0,2.0,1.0,8.0,6.0
22200272,1610612766,CHA,Charlotte,1631121,Bryce McGowens,Bryce,,DNP - Coach's Decision,,,,,,,,,,,,,,,,,,,,
22200272,1610612766,CHA,Charlotte,1630550,JT Thor,JT,,DNP - Coach's Decision,,,,,,,,,,,,,,,,,,,,
22200272,1610612766,CHA,Charlotte,1631109,Mark Williams,Mark,,DNP - Coach's Decision,,,,,,,,,,,,,,,,,,,,
22200282,1610612747,LAL,Los Angeles,1628972,Troy Brown Jr.,Troy,F,,29:13,4.0,5.0,0.8,2.0,2.0,1.0,0.0,0.0,0.0,1.0,3.0,4.0,0.0,1.0,0.0,0.0,1.0,10.0,0.0
22200282,1610612747,LAL,Los Angeles,2544,LeBron James,LeBron,F,,33:15,8.0,17.0,0.471,1.0,4.0,0.25,4.0,4.0,1.0,0.0,8.0,8.0,5.0,3.0,1.0,9.0,2.0,21.0,16.0
22200282,1610612747,LAL,Los Angeles,203076,Anthony Davis,Anthony,C,,35:04,10.0,13.0,0.769,0.0,0.0,0.0,5.0,7.0,0.714,4.0,11.0,15.0,4.0,1.0,3.0,3.0,4.0,25.0,16.0
22200282,1610612747,LAL,Los Angeles,1629022,Lonnie Walker IV,Lonnie,G,,33:30,7.0,16.0,0.438,4.0,9.0,0.444,0.0,0.0,0.0,0.0,2.0,2.0,2.0,3.0,0.0,1.0,2.0,18.0,18.0
22200282,1610612747,LAL,Los Angeles,203471,Dennis Schröder,Dennis,G,,29:03,3.0,7.0,0.429,0.0,1.0,0.0,3.0,3.0,1.0,1.0,2.0,3.0,5.0,1.0,0.0,1.0,2.0,9.0,7.0
22200282,1610612747,LAL,Los Angeles,1630559,Austin Reaves,Austin,,,29:18,3.0,8.0,0.375,0.0,3.0,0.0,2.0,2.0,1.0,1.0,5.0,6.0,2.0,1.0,0.0,2.0,1.0,8.0,15.0
22200282,1610612747,LAL,Los Angeles,201566,Russell Westbrook,Russell,,,19:25,1.0,7.0,0.143,0.0,3.0,0.0,1.0,2.0,0.5,1.0,3.0,4.0,7.0,2.0,1.0,3.0,3.0,3.0,-2.0
22200282,1610612747,LAL,Los Angeles,1629134,Kendrick Nunn,Kendrick,,,15:30,3.0,9.0,0.333,1.0,5.0,0.2,2.0,2.0,1.0,0.0,1.0,1.0,1.0,0.0,0.0,1.0,0.0,9.0,-6.0
22200282,1610612747,LAL,Los Angeles,1629117,Wenyen Gabriel,Wenyen,,,12:56,1.0,1.0,1.0,0.0,0.0,0.0,0.0,0.0,0.0,2.0,4.0,6.0,2.0,0.0,0.0,1.0,1.0,2.0,-5.0
22200282,1610612747,LAL,Los Angeles,1631108,Max Christie,Max,,,1:37,0.0,0.0,0.0,0.0,0.0,0.0,0.0,0.0,0.0,0.0,0.0,0.0,0.0,0.0,0.0,0.0,0.0,0.0,-2.0
22200282,1610612747,LAL,Los Angeles,1629308,Juan Toscano-Anderson,Juan,,,1:09,0.0,0.0,0.0,0.0,0.0,0.0,0.0,0.0,0.0,0.0,0.0,0.0,0.0,0.0,0.0,0.0,0.0,0.0,-2.0
22200282,1610612747,LAL,Los Angeles,201976,Patrick Beverley,Patrick,,DNP - League Suspension,,,,,,,,,,,,,,,,,,,,
22200282,1610612747,LAL,Los Angeles,1628418,Thomas Bryant,Thomas,,DNP - Coach's Decision,,,,,,,,,,,,,,,,,,,,
22200282,1610612747,LAL,Los Angeles,1627745,Damian Jones,Damian,,DNP - Coach's Decision,,,,,,,,,,,,,,,,,,,,
22200282,1610612747,LAL,Los Angeles,1630346,Matt Ryan,Matt,,DNP - Coach's Decision,,,,,,,,,,,,,,,,,,,,
22200282,1610612759,SAS,San Antonio,1629640,Keldon Johnson,Keldon,F,,35:08,6.0,23.0,0.261,1.0,8.0,0.125,2.0,3.0,0.667,3.0,6.0,9.0,2.0,1.0,0.0,2.0,2.0,15.0,-11.0
22200282,1610612759,SAS,San Antonio,1631110,Jeremy Sochan,Jeremy,F,,35:49,5.0,11.0,0.455,1.0,3.0,0.333,2.0,4.0,0.5,5.0,4.0,9.0,5.0,4.0,1.0,2.0,3.0,13.0,-17.0
22200282,1610612759,SAS,San Antonio,1627751,Jakob Poeltl,Jakob,C,,25:13,5.0,8.0,0.625,0.0,0.0,0.0,0.0,0.0,0.0,5.0,3.0,8.0,4.0,0.0,0.0,3.0,4.0,10.0,-6.0
22200282,1610612759,SAS,San Antonio,1630170,Devin Vassell,Devin,G,,35:58,7.0,22.0,0.318,0.0,6.0,0.0,4.0,4.0,1.0,1.0,5.0,6.0,3.0,1.0,0.0,1.0,2.0,18.0,-8.0
22200282,1610612759,SAS,San Antonio,1630200,Tre Jones,Tre,G,,33:20,7.0,13.0,0.538,2.0,5.0,0.4,3.0,3.0,1.0,1.0,1.0,2.0,5.0,2.0,0.0,4.0,2.0,19.0,-9.0
22200282,1610612759,SAS,San Antonio,1628966,Keita Bates-Diop,Keita,,,3:23,0.0,1.0,0.0,0.0,0.0,0.0,0.0,0.0,0.0,0.0,1.0,1.0,1.0,1.0,0.0,0.0,0.0,0.0,-2.0
22200282,1610612759,SAS,San Antonio,1629641,Romeo Langford,Romeo,,,21:31,2.0,6.0,0.333,0.0,3.0,0.0,1.0,2.0,0.5,3.0,1.0,4.0,0.0,1.0,1.0,0.0,0.0,5.0,-9.0
22200282,1610612759,SAS,San Antonio,1628380,Zach Collins,Zach,,,21:10,2.0,6.0,0.333,0.0,3.0,0.0,0.0,0.0,0.0,2.0,5.0,7.0,0.0,1.0,1.0,2.0,3.0,4.0,-7.0
22200282,1610612759,SAS,San Antonio,1631103,Malaki Branham,Malaki,,,13:41,1.0,3.0,0.333,1.0,2.0,0.5,0.0,0.0,0.0,0.0,2.0,2.0,1.0,0.0,0.0,1.0,0.0,3.0,7.0
22200282,1610612759,SAS,San Antonio,1629676,Isaiah Roby,Isaiah,,,11:33,2.0,5.0,0.4,1.0,2.0,0.5,0.0,0.0,0.0,0.0,1.0,1.0,0.0,0.0,0.0,1.0,1.0,5.0,3.0
22200282,1610612759,SAS,San Antonio,1629646,Charles Bassey,Charles,,,1:37,1.0,1.0,1.0,0.0,0.0,0.0,0.0,0.0,0.0,0.0,1.0,1.0,0.0,0.0,0.0,0.0,1.0,2.0,2.0
22200282,1610612759,SAS,San Antonio,1631160,Jordan Hall,Jordan,,,1:37,0.0,1.0,0.0,0.0,1.0,0.0,0.0,0.0,0.0,0.0,0.0,0.0,0.0,0.0,0.0,0.0,0.0,0.0,2.0
22200282,1610612759,SAS,San Antonio,203476,Gorgui Dieng,Gorgui,,DNP - Coach's Decision,,,,,,,,,,,,,,,,,,,,
22200268,1610612743,DEN,Denver,1628432,Davon Reed,Davon,F,,24:34,0.0,7.0,0.0,0.0,5.0,0.0,0.0,0.0,0.0,1.0,3.0,4.0,2.0,0.0,0.0,2.0,2.0,0.0,-5.0
22200268,1610612743,DEN,Denver,203932,Aaron Gordon,Aaron,F,,37:43,10.0,16.0,0.625,4.0,5.0,0.8,7.0,11.0,0.636,5.0,3.0,8.0,4.0,0.0,2.0,1.0,1.0,31.0,5.0
22200268,1610612743,DEN,Denver,203999,Nikola Jokić,Nikola,C,,43:09,11.0,15.0,0.733,1.0,3.0,0.333,16.0,18.0,0.889,3.0,7.0,10.0,9.0,0.0,0.0,4.0,5.0,39.0,11.0
22200268,1610612743,DEN,Denver,1628971,Bruce Brown,Bruce,G,,44:58,7.0,14.0,0.5,3.0,6.0,0.5,0.0,0.0,0.0,1.0,12.0,13.0,10.0,4.0,0.0,6.0,5.0,17.0,6.0
22200268,1610612743,DEN,Denver,203484,Kentavious Caldwell-Pope,Kentavious,G,,41:06,4.0,10.0,0.4,3.0,8.0,0.375,4.0,6.0,0.667,2.0,5.0,7.0,1.0,0.0,1.0,2.0,4.0,15.0,12.0
22200268,1610612743,DEN,Denver,1631128,Christian Braun,Christian,,,13:33,0.0,3.0,0.0,0.0,1.0,0.0,2.0,2.0,1.0,2.0,4.0,6.0,0.0,0.0,0.0,1.0,1.0,2.0,-4.0
22200268,1610612743,DEN,Denver,1630192,Zeke Nnaji,Zeke,,,15:21,3.0,5.0,0.6,0.0,0.0,0.0,2.0,2.0,1.0,2.0,0.0,2.0,0.0,0.0,0.0,0.0,3.0,8.0,-1.0
22200268,1610612743,DEN,Denver,1628427,Vlatko Čančar,Vlatko,,,34:49,7.0,18.0,0.389,3.0,10.0,0.3,2.0,2.0,1.0,1.0,3.0,4.0,5.0,0.0,3.0,1.0,1.0,19.0,6.0
22200268,1610612743,DEN,Denver,1631298,Jack White,Jack,,,9:47,0.0,0.0,0.0,0.0,0.0,0.0,0.0,0.0,0.0,0.0,1.0,1.0,0.0,0.0,2.0,0.0,2.0,0.0,-5.0
22200268,1610612743,DEN,Denver,201599,DeAndre Jordan,DeAndre,,DNP - Coach's Decision,,,,,,,,,,,,,,,,,,,,
22200268,1610612743,DEN,Denver,202397,Ish Smith,Ish,,DND - Injury/Illness,,,,,,,,,,,,,,,,,,,,
22200268,1610612760,OKC,Oklahoma City,1629652,Luguentz Dort,Luguentz,F,,36:59,7.0,16.0,0.438,3.0,7.0,0.429,1.0,2.0,0.5,1.0,6.0,7.0,1.0,0.0,0.0,1.0,3.0,18.0,1.0
22200268,1610612760,OKC,Oklahoma City,1630197,Aleksej Pokusevski,Aleksej,F,,29:07,5.0,8.0,0.625,2.0,4.0,0.5,1.0,2.0,0.5,0.0,1.0,1.0,3.0,1.0,3.0,1.0,4.0,13.0,-4.0
22200268,1610612760,OKC,Oklahoma City,1630526,Jeremiah Robinson-Earl,Jeremiah,C,,34:31,3.0,11.0,0.273,2.0,5.0,0.4,0.0,0.0,0.0,5.0,6.0,11.0,3.0,2.0,1.0,0.0,5.0,8.0,6.0
22200268,1610612760,OKC,Oklahoma City,1630581,Josh Giddey,Josh,G,,28:38,5.0,12.0,0.417,1.0,4.0,0.25,1.0,2.0,0.5,2.0,2.0,4.0,6.0,0.0,0.0,3.0,1.0,12.0,-12.0
22200268,1610612760,OKC,Oklahoma City,1628983,Shai Gilgeous-Alexander,Shai,G,,42:31,8.0,20.0,0.4,1.0,4.0,0.25,14.0,14.0,1.0,1.0,6.0,7.0,11.0,2.0,1.0,1.0,3.0,31.0,2.0
22200268,1610612760,OKC,Oklahoma City,1630647,Eugene Omoruyi,Eugene,,,12:02,1.0,4.0,0.25,0.0,1.0,0.0,0.0,0.0,0.0,1.0,1.0,2.0,0.0,1.0,0.0,0.0,2.0,2.0,-13.0
22200268,1610612760,OKC,Oklahoma City,1630544,Tre Mann,Tre,,,17:44,2.0,4.0,0.5,0.0,2.0,0.0,0.0,0.0,0.0,0.0,2.0,2.0,0.0,0.0,0.0,0.0,0.0,4.0,-8.0
22200268,1610612760,OKC,Oklahoma City,1631114,Jalen Williams,Jalen,,,29:42,4.0,9.0,0.444,2.0,3.0,0.667,6.0,6.0,1.0,0.0,0.0,0.0,1.0,0.0,1.0,2.0,6.0,16.0,-2.0
22200268,1610612760,OKC,Oklahoma City,1630198,Isaiah Joe,Isaiah,,,20:52,7.0,11.0,0.636,7.0,10.0,0.7,0.0,0.0,0.0,2.0,0.0,2.0,1.0,0.0,0.0,1.0,2.0,21.0,17.0
22200268,1610612760,OKC,Oklahoma City,1629647,Darius Bazley,Darius,,,12:54,0.0,2.0,0.0,0.0,0.0,0.0,1.0,2.0,0.5,0.0,3.0,3.0,0.0,0.0,1.0,0.0,1.0,1.0,-12.0
22200268,1610612760,OKC,Oklahoma City,1630598,Aaron Wiggins,Aaron,,DNP - Coach's Decision,,,,,,,,,,,,,,,,,,,,
22200268,1610612760,OKC,Oklahoma City,1629026,Kenrich Williams,Kenrich,,DNP - Coach's Decision,,,,,,,,,,,,,,,,,,,,
22200263,1610612758,SAC,Sacramento,203084,Harrison Barnes,Harrison,F,,32:21,4.0,8.0,0.5,0.0,2.0,0.0,0.0,0.0,0.0,0.0,7.0,7.0,1.0,0.0,0.0,1.0,0.0,8.0,-5.0
22200263,1610612758,SAC,Sacramento,1631099,Keegan Murray,Keegan,F,,20:48,0.0,5.0,0.0,0.0,3.0,0.0,4.0,4.0,1.0,1.0,3.0,4.0,0.0,0.0,0.0,2.0,2.0,4.0,0.0
22200263,1610612758,SAC,Sacramento,1627734,Domantas Sabonis,Domantas,C,,34:12,6.0,11.0,0.545,0.0,1.0,0.0,3.0,4.0,0.75,1.0,12.0,13.0,7.0,1.0,0.0,3.0,1.0,15.0,-4.0
22200263,1610612758,SAC,Sacramento,1628989,Kevin Huerter,Kevin,G,,29:16,4.0,10.0,0.4,3.0,7.0,0.429,2.0,2.0,1.0,0.0,4.0,4.0,5.0,1.0,1.0,2.0,5.0,13.0,-7.0
22200263,1610612758,SAC,Sacramento,1628368,De'Aaron Fox,De'Aaron,G,,32:13,7.0,20.0,0.35,1.0,6.0,0.167,3.0,7.0,0.429,1.0,4.0,5.0,5.0,0.0,0.0,4.0,3.0,18.0,-11.0
22200263,1610612758,SAC,Sacramento,1626168,Trey Lyles,Trey,,,20:27,4.0,7.0,0.571,1.0,3.0,0.333,3.0,3.0,1.0,5.0,2.0,7.0,2.0,1.0,1.0,2.0,4.0,12.0,-6.0
22200263,1610612758,SAC,Sacramento,1630558,Davion Mitchell,Davion,,,19:18,2.0,6.0,0.333,0.0,1.0,0.0,0.0,1.0,0.0,0.0,0.0,0.0,2.0,0.0,0.0,0.0,1.0,4.0,0.0
22200263,1610612758,SAC,Sacramento,1628370,Malik Monk,Malik,,,26:17,12.0,18.0,0.667,3.0,7.0,0.429,0.0,0.0,0.0,0.0,0.0,0.0,4.0,2.0,0.0,2.0,5.0,27.0,-2.0
22200263,1610612758,SAC,Sacramento,1629002,Chimezie Metu,Chimezie,,,13:48,2.0,3.0,0.667,1.0,1.0,1.0,0.0,0.0,0.0,1.0,5.0,6.0,1.0,0.0,0.0,0.0,1.0,5.0,-5.0
22200263,1610612758,SAC,Sacramento,1629056,Terence Davis,Terence,,,8:58,0.0,1.0,0.0,0.0,0.0,0.0,0.0,0.0,0.0,1.0,1.0,2.0,0.0,1.0,0.0,2.0,1.0,0.0,-4.0
22200263,1610612758,SAC,Sacramento,203521,Matthew Dellavedova,Matthew,,,2:06,0.0,0.0,0.0,0.0,0.0,0.0,0.0,0.0,0.0,0.0,0.0,0.0,0.0,0.0,0.0,0.0,0.0,0.0,-1.0
22200263,1610612758,SAC,Sacramento,1629644,KZ Okpala,KZ,,,0:16,0.0,0.0,0.0,0.0,0.0,0.0,0.0,0.0,0.0,0.0,0.0,0.0,0.0,0.0,0.0,0.0,0.0,0.0,0.0
22200263,1610612758,SAC,Sacramento,1631165,Keon Ellis,Keon,,DNP - Coach's Decision,,,,,,,,,,,,,,,,,,,,
22200263,1610612758,SAC,Sacramento,1626158,Richaun Holmes,Richaun,,DNP - Coach's Decision,,,,,,,,,,,,,,,,,,,,
22200263,1610612758,SAC,Sacramento,203458,Alex Len,Alex,,DNP - Coach's Decision,,,,,,,,,,,,,,,,,,,,
22200263,1610612737,ATL,Atlanta,1629631,De'Andre Hunter,De'Andre,F,,34:30,5.0,12.0,0.417,1.0,4.0,0.25,2.0,2.0,1.0,2.0,8.0,10.0,3.0,1.0,1.0,2.0,1.0,13.0,1.0
22200263,1610612737,ATL,Atlanta,1628381,John Collins,John,F,,31:50,3.0,12.0,0.25,0.0,7.0,0.0,1.0,1.0,1.0,0.0,3.0,3.0,2.0,1.0,1.0,3.0,4.0,7.0,3.0
22200263,1610612737,ATL,Atlanta,203991,Clint Capela,Clint,C,,28:16,5.0,10.0,0.5,0.0,0.0,0.0,1.0,1.0,1.0,4.0,10.0,14.0,1.0,0.0,3.0,0.0,3.0,11.0,6.0
22200263,1610612737,ATL,Atlanta,1627749,Dejounte Murray,Dejounte,G,,34:59,5.0,16.0,0.313,1.0,4.0,0.25,4.0,4.0,1.0,1.0,6.0,7.0,4.0,3.0,0.0,2.0,2.0,15.0,7.0
22200263,1610612737,ATL,Atlanta,1629027,Trae Young,Trae,G,,34:37,11.0,19.0,0.579,4.0,7.0,0.571,9.0,9.0,1.0,0.0,1.0,1.0,7.0,0.0,0.0,4.0,2.0,35.0,13.0
22200263,1610612737,ATL,Atlanta,1631100,AJ Griffin,AJ,,,24:07,4.0,8.0,0.5,2.0,4.0,0.5,2.0,2.0,1.0,1.0,2.0,3.0,2.0,1.0,0.0,1.0,0.0,12.0,3.0
22200263,1610612737,ATL,Atlanta,1630168,Onyeka Okongwu,Onyeka,,,19:11,1.0,3.0,0.333,0.0,0.0,0.0,3.0,4.0,0.75,2.0,5.0,7.0,1.0,0.0,1.0,1.0,4.0,5.0,1.0
22200263,1610612737,ATL,Atlanta,1630552,Jalen Johnson,Jalen,,,15:39,4.0,7.0,0.571,0.0,1.0,0.0,0.0,0.0,0.0,0.0,2.0,2.0,1.0,1.0,0.0,0.0,1.0,8.0,8.0
22200263,1610612737,ATL,Atlanta,1628988,Aaron Holiday,Aaron,,,16:51,3.0,5.0,0.6,3.0,3.0,1.0,0.0,0.0,0.0,0.0,0.0,0.0,2.0,2.0,0.0,0.0,3.0,9.0,3.0
22200263,1610612737,ATL,Atlanta,1630235,Trent Forrest,Trent,,DNP - Coach's Decision,,,,,,,,,,,,,,,,,,,,
22200263,1610612737,ATL,Atlanta,203200,Justin Holiday,Justin,,DNP - Coach's Decision,,,,,,,,,,,,,,,,,,,,
22200263,1610612737,ATL,Atlanta,1626163,Frank Kaminsky,Frank,,DNP - Coach's Decision,,,,,,,,,,,,,,,,,,,,
22200263,1610612737,ATL,Atlanta,1630249,Vít Krejčí,Vít,,DNP - Coach's Decision,,,,,,,,,,,,,,,,,,,,
22200267,1610612741,CHI,Chicago,201942,DeMar DeRozan,DeMar,F,,37:33,14.0,24.0,0.583,2.0,3.0,0.667,6.0,7.0,0.857,0.0,4.0,4.0,8.0,1.0,2.0,2.0,0.0,36.0,15.0
22200267,1610612741,CHI,Chicago,1630172,Patrick Williams,Patrick,F,,26:05,3.0,7.0,0.429,2.0,4.0,0.5,3.0,4.0,0.75,0.0,3.0,3.0,3.0,1.0,2.0,3.0,4.0,11.0,-9.0
22200267,1610612741,CHI,Chicago,202696,Nikola Vučević,Nikola,C,,29:48,7.0,14.0,0.5,4.0,10.0,0.4,0.0,0.0,0.0,1.0,4.0,5.0,4.0,0.0,1.0,2.0,1.0,18.0,13.0
22200267,1610612741,CHI,Chicago,203897,Zach LaVine,Zach,G,,33:56,6.0,17.0,0.353,3.0,11.0,0.273,3.0,4.0,0.75,1.0,4.0,5.0,5.0,1.0,0.0,1.0,4.0,18.0,-13.0
22200267,1610612741,CHI,Chicago,1630245,Ayo Dosunmu,Ayo,G,,24:24,3.0,5.0,0.6,1.0,2.0,0.5,1.0,1.0,1.0,0.0,3.0,3.0,3.0,0.0,2.0,3.0,4.0,8.0,-3.0
22200267,1610612741,CHI,Chicago,1629750,Javonte Green,Javonte,,,18:34,4.0,5.0,0.8,2.0,3.0,0.667,1.0,2.0,0.5,2.0,1.0,3.0,1.0,1.0,2.0,0.0,0.0,11.0,5.0
22200267,1610612741,CHI,Chicago,1627936,Alex Caruso,Alex,,,27:18,0.0,2.0,0.0,0.0,2.0,0.0,0.0,0.0,0.0,0.0,1.0,1.0,3.0,2.0,0.0,1.0,3.0,0.0,14.0
22200267,1610612741,CHI,Chicago,1629632,Coby White,Coby,,,25:25,5.0,10.0,0.5,4.0,7.0,0.571,0.0,0.0,0.0,0.0,3.0,3.0,2.0,3.0,1.0,1.0,1.0,14.0,7.0
22200267,1610612741,CHI,Chicago,203083,Andre Drummond,Andre,,,16:57,1.0,3.0,0.333,0.0,0.0,0.0,0.0,0.0,0.0,1.0,7.0,8.0,1.0,0.0,2.0,0.0,3.0,2.0,-4.0
22200267,1610612741,CHI,Chicago,1628961,Kostas Antetokounmpo,Kostas,,DNP - Coach's Decision,,,,,,,,,,,,,,,,,,,,
22200267,1610612741,CHI,Chicago,1628396,Tony Bradley,Tony,,DNP - Coach's Decision,,,,,,,,,,,,,,,,,,,,
22200267,1610612741,CHI,Chicago,1630792,Malcolm Hill,Malcolm,,DNP - Coach's Decision,,,,,,,,,,,,,,,,,,,,
22200267,1610612741,CHI,Chicago,1627884,Derrick Jones Jr.,Derrick,,DNP - Coach's Decision,,,,,,,,,,,,,,,,,,,,
22200267,1610612741,CHI,Chicago,1630250,Marko Simonovic,Marko,,DNP - Coach's Decision,,,,,,,,,,,,,,,,,,,,
22200267,1610612741,CHI,Chicago,1631207,Dalen Terry,Dalen,,DNP - Coach's Decision,,,,,,,,,,,,,,,,,,,,
22200267,1610612749,MIL,Milwaukee,1628960,Grayson Allen,Grayson,F,,32:48,4.0,8.0,0.5,2.0,4.0,0.5,3.0,3.0,1.0,3.0,1.0,4.0,2.0,0.0,0.0,1.0,2.0,13.0,2.0
22200267,1610612749,MIL,Milwaukee,203507,Giannis Antetokounmpo,Giannis,F,,34:00,15.0,27.0,0.556,0.0,2.0,0.0,6.0,9.0,0.667,3.0,8.0,11.0,7.0,0.0,0.0,8.0,5.0,36.0,5.0
22200267,1610612749,MIL,Milwaukee,201572,Brook Lopez,Brook,C,,31:58,8.0,16.0,0.5,3.0,7.0,0.429,1.0,3.0,0.333,1.0,6.0,7.0,0.0,1.0,1.0,0.0,0.0,20.0,-6.0
22200267,1610612749,MIL,Milwaukee,1628975,Jevon Carter,Jevon,G,,25:24,1.0,4.0,0.25,0.0,2.0,0.0,0.0,0.0,0.0,0.0,5.0,5.0,2.0,0.0,0.0,0.0,4.0,2.0,5.0
22200267,1610612749,MIL,Milwaukee,201950,Jrue Holiday,Jrue,G,,35:50,3.0,6.0,0.5,1.0,4.0,0.25,7.0,8.0,0.875,1.0,4.0,5.0,11.0,2.0,0.0,7.0,1.0,14.0,12.0
22200267,1610612749,MIL,Milwaukee,1626171,Bobby Portis,Bobby,,,24:54,4.0,10.0,0.4,1.0,5.0,0.2,0.0,0.0,0.0,3.0,9.0,12.0,1.0,1.0,2.0,3.0,3.0,9.0,-14.0
22200267,1610612749,MIL,Milwaukee,202083,Wesley Matthews,Wesley,,,16:51,2.0,3.0,0.667,2.0,3.0,0.667,0.0,0.0,0.0,0.0,0.0,0.0,0.0,0.0,0.0,0.0,2.0,6.0,-12.0
22200267,1610612749,MIL,Milwaukee,201588,George Hill,George,,,17:28,3.0,7.0,0.429,2.0,4.0,0.5,2.0,2.0,1.0,0.0,1.0,1.0,0.0,0.0,0.0,0.0,0.0,10.0,-13.0
22200267,1610612749,MIL,Milwaukee,1629670,Jordan Nwora,Jordan,,,6:22,0.0,3.0,0.0,0.0,2.0,0.0,0.0,0.0,0.0,0.0,0.0,0.0,0.0,0.0,0.0,0.0,0.0,0.0,-5.0
22200267,1610612749,MIL,Milwaukee,1626192,Pat Connaughton,Pat,,,14:24,1.0,6.0,0.167,1.0,5.0,0.2,0.0,0.0,0.0,0.0,3.0,3.0,1.0,1.0,0.0,0.0,0.0,3.0,1.0
22200267,1610612749,MIL,Milwaukee,203648,Thanasis Antetokounmpo,Thanasis,,DNP - Coach's Decision,,,,,,,,,,,,,,,,,,,,
22200267,1610612749,MIL,Milwaukee,1630699,MarJon Beauchamp,MarJon,,DNP - Coach's Decision,,,,,,,,,,,,,,,,,,,,
22200267,1610612749,MIL,Milwaukee,1631260,AJ Green,AJ,,DNP - Coach's Decision,,,,,,,,,,,,,,,,,,,,
22200267,1610612749,MIL,Milwaukee,201586,Serge Ibaka,Serge,,DNP - Coach's Decision,,,,,,,,,,,,,,,,,,,,
22200267,1610612749,MIL,Milwaukee,1630572,Sandro Mamukelashvili,Sandro,,DNP - Coach's Decision,,,,,,,,,,,,,,,,,,,,
22200265,1610612764,WAS,Washington,1630166,Deni Avdija,Deni,F,,40:36,5.0,10.0,0.5,1.0,3.0,0.333,1.0,1.0,1.0,3.0,6.0,9.0,10.0,1.0,2.0,4.0,4.0,12.0,-3.0
22200265,1610612764,WAS,Washington,1628398,Kyle Kuzma,Kyle,F,,39:58,13.0,27.0,0.481,2.0,13.0,0.154,5.0,7.0,0.714,0.0,7.0,7.0,1.0,1.0,0.0,0.0,1.0,33.0,-9.0
22200265,1610612764,WAS,Washington,204001,Kristaps Porziņģis,Kristaps,C,,33:09,8.0,19.0,0.421,2.0,9.0,0.222,3.0,6.0,0.5,1.0,8.0,9.0,4.0,0.0,0.0,3.0,5.0,21.0,-3.0
22200265,1610612764,WAS,Washington,1630557,Corey Kispert,Corey,G,,39:22,3.0,8.0,0.375,2.0,6.0,0.333,0.0,0.0,0.0,1.0,1.0,2.0,2.0,1.0,0.0,2.0,1.0,8.0,-5.0
22200265,1610612764,WAS,Washington,1630692,Jordan Goodwin,Jordan,G,,24:39,3.0,7.0,0.429,1.0,2.0,0.5,1.0,3.0,0.333,0.0,1.0,1.0,3.0,1.0,0.0,0.0,2.0,8.0,-1.0
22200265,1610612764,WAS,Washington,203115,Will Barton,Will,,,29:21,5.0,10.0,0.5,2.0,5.0,0.4,1.0,2.0,0.5,0.0,7.0,7.0,7.0,1.0,0.0,2.0,2.0,13.0,-10.0
22200265,1610612764,WAS,Washington,1631098,Johnny Davis,Johnny,,,5:33,0.0,0.0,0.0,0.0,0.0,0.0,0.0,0.0,0.0,0.0,1.0,1.0,0.0,0.0,1.0,0.0,0.0,0.0,-6.0
22200265,1610612764,WAS,Washington,1629655,Daniel Gafford,Daniel,,,9:56,2.0,4.0,0.5,0.0,0.0,0.0,0.0,0.0,0.0,2.0,4.0,6.0,0.0,1.0,0.0,1.0,3.0,4.0,-10.0
22200265,1610612764,WAS,Washington,1630264,Anthony Gill,Anthony,,,12:31,1.0,1.0,1.0,0.0,0.0,0.0,0.0,0.0,0.0,0.0,1.0,1.0,0.0,1.0,2.0,2.0,2.0,2.0,2.0
22200265,1610612764,WAS,Washington,201959,Taj Gibson,Taj,,,4:55,2.0,3.0,0.667,0.0,0.0,0.0,0.0,0.0,0.0,0.0,0.0,0.0,0.0,0.0,0.0,0.0,0.0,4.0,5.0
22200265,1610612764,WAS,Washington,1630176,Vernon Carey Jr.,Vernon,,DNP - Coach's Decision,,,,,,,,,,,,,,,,,,,,
22200265,1610612764,WAS,Washington,1629653,Devon Dotson,Devon,,DNP - Coach's Decision,,,,,,,,,,,,,,,,,,,,
22200265,1610612764,WAS,Washington,1630225,Isaiah Todd,Isaiah,,DNP - Coach's Decision,,,,,,,,,,,,,,,,,,,,
22200265,1610612748,MIA,Miami,1628997,Caleb Martin,Caleb,F,,40:29,10.0,17.0,0.588,4.0,9.0,0.444,0.0,0.0,0.0,4.0,5.0,9.0,4.0,2.0,1.0,0.0,2.0,24.0,-2.0
22200265,1610612748,MIA,Miami,1631107,Nikola Jović,Nikola,F,,12:28,3.0,7.0,0.429,1.0,3.0,0.333,0.0,0.0,0.0,0.0,5.0,5.0,0.0,0.0,0.0,2.0,0.0,7.0,-8.0
22200265,1610612748,MIA,Miami,1628389,Bam Adebayo,Bam,C,,35:21,5.0,15.0,0.333,0.0,0.0,0.0,5.0,6.0,0.833,4.0,7.0,11.0,2.0,2.0,1.0,2.0,4.0,15.0,6.0
22200265,1610612748,MIA,Miami,1629639,Tyler Herro,Tyler,G,,29:23,6.0,15.0,0.4,5.0,10.0,0.5,0.0,2.0,0.0,0.0,5.0,5.0,3.0,0.0,0.0,3.0,3.0,17.0,-10.0
22200265,1610612748,MIA,Miami,200768,Kyle Lowry,Kyle,G,,35:13,7.0,12.0,0.583,5.0,6.0,0.833,9.0,9.0,1.0,2.0,4.0,6.0,3.0,0.0,1.0,4.0,5.0,28.0,19.0
22200265,1610612748,MIA,Miami,1629216,Gabe Vincent,Gabe,,,18:56,1.0,9.0,0.111,0.0,6.0,0.0,0.0,0.0,0.0,0.0,1.0,1.0,4.0,0.0,0.0,0.0,0.0,2.0,9.0
22200265,1610612748,MIA,Miami,1629312,Haywood Highsmith,Haywood,,,37:48,2.0,7.0,0.286,1.0,4.0,0.25,0.0,0.0,0.0,0.0,8.0,8.0,1.0,1.0,0.0,0.0,0.0,5.0,16.0
22200265,1610612748,MIA,Miami,203473,Dewayne Dedmon,Dewayne,,,12:39,3.0,5.0,0.6,0.0,1.0,0.0,3.0,3.0,1.0,0.0,2.0,2.0,1.0,0.0,2.0,0.0,1.0,9.0,2.0
22200265,1610612748,MIA,Miami,1631288,Jamal Cain,Jamal,,,17:43,2.0,6.0,0.333,0.0,2.0,0.0,2.0,2.0,1.0,4.0,2.0,6.0,2.0,2.0,0.0,1.0,3.0,6.0,8.0
22200265,1610612748,MIA,Miami,2617,Udonis Haslem,Udonis,,DNP - Coach's Decision,,,,,,,,,,,,,,,,,,,,
22200265,1610612748,MIA,Miami,1631115,Orlando Robinson,Orlando,,DNP - Coach's Decision,,,,,,,,,,,,,,,,,,,,
22200271,1610612746,LAC,LA,1629599,Amir Coffey,Amir,F,,35:55,5.0,7.0,0.714,0.0,1.0,0.0,3.0,4.0,0.75,1.0,2.0,3.0,7.0,0.0,0.0,2.0,2.0,13.0,-5.0
22200271,1610612746,LAC,LA,202694,Marcus Morris Sr.,Marcus,F,,28:28,6.0,15.0,0.4,3.0,6.0,0.5,4.0,5.0,0.8,1.0,4.0,5.0,0.0,2.0,0.0,0.0,2.0,19.0,-10.0
22200271,1610612746,LAC,LA,1627826,Ivica Zubac,Ivica,C,,25:57,4.0,5.0,0.8,0.0,0.0,0.0,0.0,0.0,0.0,2.0,2.0,4.0,1.0,0.0,1.0,1.0,1.0,8.0,-8.0
22200271,1610612746,LAC,LA,1629611,Terance Mann,Terance,G,,33:02,7.0,11.0,0.636,3.0,3.0,1.0,0.0,0.0,0.0,2.0,3.0,5.0,2.0,1.0,0.0,2.0,1.0,17.0,-3.0
22200271,1610612746,LAC,LA,202704,Reggie Jackson,Reggie,G,,22:26,4.0,9.0,0.444,1.0,3.0,0.333,2.0,2.0,1.0,0.0,1.0,1.0,6.0,1.0,0.0,5.0,4.0,11.0,-8.0
22200271,1610612746,LAC,LA,1626181,Norman Powell,Norman,,,29:11,6.0,14.0,0.429,3.0,7.0,0.429,2.0,2.0,1.0,1.0,6.0,7.0,2.0,0.0,1.0,2.0,2.0,17.0,-14.0
22200271,1610612746,LAC,LA,202322,John Wall,John,,,20:38,2.0,7.0,0.286,0.0,3.0,0.0,5.0,8.0,0.625,0.0,4.0,4.0,3.0,0.0,0.0,3.0,0.0,9.0,-25.0
22200271,1610612746,LAC,LA,201587,Nicolas Batum,Nicolas,,,10:49,0.0,4.0,0.0,0.0,2.0,0.0,0.0,0.0,0.0,0.0,2.0,2.0,0.0,1.0,0.0,0.0,0.0,0.0,-16.0
22200271,1610612746,LAC,LA,203496,Robert Covington,Robert,,,21:14,1.0,7.0,0.143,1.0,4.0,0.25,0.0,0.0,0.0,0.0,6.0,6.0,1.0,0.0,0.0,1.0,0.0,3.0,0.0
22200271,1610612746,LAC,LA,1629650,Moses Brown,Moses,,,12:20,4.0,7.0,0.571,0.0,0.0,0.0,2.0,6.0,0.333,3.0,3.0,6.0,0.0,0.0,0.0,0.0,1.0,10.0,4.0
22200271,1610612746,LAC,LA,1628379,Luke Kennard,Luke,,DNP - Injury/Illness,,,,,,,,,,,,,,,,,,,,
22200271,1610612744,GSW,Golden State,203952,Andrew Wiggins,Andrew,F,,32:04,12.0,18.0,0.667,6.0,10.0,0.6,1.0,1.0,1.0,1.0,3.0,4.0,2.0,3.0,1.0,0.0,3.0,31.0,28.0
22200271,1610612744,GSW,Golden State,203110,Draymond Green,Draymond,F,,33:01,4.0,4.0,1.0,1.0,1.0,1.0,0.0,0.0,0.0,1.0,6.0,7.0,12.0,2.0,0.0,3.0,3.0,9.0,21.0
22200271,1610612744,GSW,Golden State,1626172,Kevon Looney,Kevon,C,,16:31,4.0,4.0,1.0,0.0,0.0,0.0,1.0,3.0,0.333,0.0,3.0,3.0,2.0,2.0,2.0,0.0,5.0,9.0,7.0
22200271,1610612744,GSW,Golden State,202691,Klay Thompson,Klay,G,,27:13,5.0,10.0,0.5,3.0,7.0,0.429,5.0,6.0,0.833,0.0,0.0,0.0,0.0,2.0,0.0,4.0,1.0,18.0,11.0
22200271,1610612744,GSW,Golden State,201939,Stephen Curry,Stephen,G,,31:41,9.0,20.0,0.45,4.0,10.0,0.4,0.0,0.0,0.0,1.0,5.0,6.0,9.0,0.0,0.0,1.0,0.0,22.0,18.0
22200271,1610612744,GSW,Golden State,203210,JaMychal Green,JaMychal,,,11:48,2.0,5.0,0.4,1.0,2.0,0.5,0.0,0.0,0.0,3.0,3.0,6.0,0.0,0.0,0.0,1.0,3.0,5.0,0.0
22200271,1610612744,GSW,Golden State,1629673,Jordan Poole,Jordan,,,21:38,3.0,15.0,0.2,0.0,8.0,0.0,2.0,3.0,0.667,0.0,1.0,1.0,5.0,0.0,1.0,2.0,3.0,8.0,19.0
22200271,1610612744,GSW,Golden State,1630228,Jonathan Kuminga,Jonathan,,,13:45,3.0,7.0,0.429,0.0,3.0,0.0,0.0,0.0,0.0,3.0,1.0,4.0,2.0,1.0,1.0,1.0,2.0,6.0,-7.0
22200271,1610612744,GSW,Golden State,1628978,Donte DiVincenzo,Donte,,,17:23,2.0,3.0,0.667,2.0,3.0,0.667,0.0,0.0,0.0,1.0,4.0,5.0,1.0,1.0,0.0,0.0,2.0,6.0,6.0
22200271,1610612744,GSW,Golden State,1630237,Anthony Lamb,Anthony,,,21:00,3.0,4.0,0.75,1.0,1.0,1.0,0.0,0.0,0.0,1.0,6.0,7.0,2.0,0.0,0.0,1.0,4.0,7.0,14.0
22200271,1610612744,GSW,Golden State,1631157,Ryan Rollins,Ryan,,,5:02,0.0,3.0,0.0,0.0,2.0,0.0,0.0,0.0,0.0,1.0,0.0,1.0,1.0,0.0,0.0,0.0,0.0,0.0,-10.0
22200271,1610612744,GSW,Golden State,1630541,Moses Moody,Moses,,,5:02,0.0,1.0,0.0,0.0,1.0,0.0,0.0,0.0,0.0,0.0,0.0,0.0,0.0,0.0,0.0,0.0,0.0,0.0,-10.0
22200271,1610612744,GSW,Golden State,1631116,Patrick Baldwin Jr.,Patrick,,,3:52,1.0,3.0,0.333,1.0,3.0,0.333,0.0,0.0,0.0,0.0,1.0,1.0,0.0,0.0,0.0,0.0,0.0,3.0,-12.0
22200261,1610612757,POR,Portland,1628404,Josh Hart,Josh,F,,32:34,3.0,5.0,0.6,0.0,1.0,0.0,2.0,2.0,1.0,0.0,3.0,3.0,9.0,1.0,0.0,3.0,5.0,8.0,6.0
22200261,1610612757,POR,Portland,203924,Jerami Grant,Jerami,F,,36:09,6.0,12.0,0.5,5.0,8.0,0.625,4.0,4.0,1.0,0.0,3.0,3.0,3.0,3.0,0.0,4.0,1.0,21.0,-19.0
22200261,1610612757,POR,Portland,203994,Jusuf Nurkić,Jusuf,C,,28:15,9.0,14.0,0.643,2.0,3.0,0.667,2.0,2.0,1.0,3.0,3.0,6.0,1.0,3.0,0.0,3.0,5.0,22.0,-9.0
22200261,1610612757,POR,Portland,1626159,Justise Winslow,Justise,G,,28:02,2.0,10.0,0.2,1.0,3.0,0.333,0.0,0.0,0.0,2.0,2.0,4.0,6.0,2.0,1.0,0.0,3.0,5.0,-21.0
22200261,1610612757,POR,Portland,1629014,Anfernee Simons,Anfernee,G,,38:04,6.0,18.0,0.333,4.0,9.0,0.444,4.0,4.0,1.0,0.0,2.0,2.0,6.0,0.0,0.0,5.0,3.0,20.0,1.0
22200261,1610612757,POR,Portland,1631101,Shaedon Sharpe,Shaedon,,,15:03,0.0,2.0,0.0,0.0,2.0,0.0,0.0,0.0,0.0,0.0,0.0,0.0,0.0,0.0,0.0,0.0,1.0,0.0,-15.0
22200261,1610612757,POR,Portland,1630570,Trendon Watford,Trendon,,,17:00,2.0,3.0,0.667,0.0,0.0,0.0,1.0,1.0,1.0,1.0,4.0,5.0,0.0,0.0,0.0,0.0,1.0,5.0,-10.0
22200261,1610612757,POR,Portland,1629234,Drew Eubanks,Drew,,,17:03,5.0,5.0,1.0,0.0,0.0,0.0,0.0,0.0,0.0,3.0,3.0,6.0,1.0,0.0,3.0,0.0,2.0,10.0,-6.0
22200261,1610612757,POR,Portland,1629642,Nassir Little,Nassir,,,22:26,2.0,7.0,0.286,1.0,4.0,0.25,0.0,0.0,0.0,1.0,1.0,2.0,1.0,0.0,0.0,1.0,3.0,5.0,-11.0
22200261,1610612757,POR,Portland,1631219,John Butler Jr.,John,,,2:42,0.0,1.0,0.0,0.0,1.0,0.0,0.0,0.0,0.0,1.0,0.0,1.0,1.0,0.0,0.0,0.0,0.0,0.0,-3.0
22200261,1610612757,POR,Portland,1631133,Jabari Walker,Jabari,,,2:42,0.0,1.0,0.0,0.0,0.0,0.0,0.0,0.0,0.0,0.0,0.0,0.0,0.0,0.0,0.0,0.0,0.0,0.0,-3.0
22200261,1610612757,POR,Portland,203081,Damian Lillard,Damian,,DND - Injury/Illness,,,,,,,,,,,,,,,,,,,,
22200261,1610612739,CLE,Cleveland,1630205,Lamar Stevens,Lamar,F,,27:38,3.0,5.0,0.6,1.0,2.0,0.5,5.0,5.0,1.0,1.0,0.0,1.0,0.0,0.0,0.0,1.0,1.0,12.0,-1.0
22200261,1610612739,CLE,Cleveland,1630596,Evan Mobley,Evan,F,,35:06,4.0,10.0,0.4,0.0,0.0,0.0,2.0,4.0,0.5,4.0,8.0,12.0,3.0,0.0,3.0,2.0,2.0,10.0,0.0
22200261,1610612739,CLE,Cleveland,1628386,Jarrett Allen,Jarrett,C,,36:04,10.0,12.0,0.833,0.0,0.0,0.0,4.0,4.0,1.0,5.0,8.0,13.0,2.0,1.0,0.0,6.0,3.0,24.0,19.0
22200261,1610612739,CLE,Cleveland,1628378,Donovan Mitchell,Donovan,G,,31:24,11.0,18.0,0.611,6.0,10.0,0.6,6.0,7.0,0.857,0.0,2.0,2.0,1.0,2.0,0.0,4.0,1.0,34.0,-5.0
22200261,1610612739,CLE,Cleveland,1629636,Darius Garland,Darius,G,,35:35,9.0,19.0,0.474,4.0,9.0,0.444,2.0,2.0,1.0,0.0,0.0,0.0,12.0,0.0,0.0,2.0,1.0,24.0,26.0
22200261,1610612739,CLE,Cleveland,1626224,Cedi Osman,Cedi,,,27:07,1.0,6.0,0.167,1.0,5.0,0.2,0.0,0.0,0.0,0.0,4.0,4.0,3.0,0.0,0.0,1.0,2.0,3.0,17.0
22200261,1610612739,CLE,Cleveland,201577,Robin Lopez,Robin,,,5:11,0.0,0.0,0.0,0.0,0.0,0.0,0.0,0.0,0.0,0.0,0.0,0.0,0.0,0.0,0.0,0.0,2.0,0.0,-1.0
22200261,1610612739,CLE,Cleveland,1630171,Isaac Okoro,Isaac,,,20:42,1.0,1.0,1.0,0.0,0.0,0.0,1.0,1.0,1.0,1.0,2.0,3.0,1.0,1.0,1.0,0.0,1.0,3.0,16.0
22200261,1610612739,CLE,Cleveland,1629731,Dean Wade,Dean,,,18:05,2.0,3.0,0.667,0.0,1.0,0.0,0.0,0.0,0.0,0.0,3.0,3.0,0.0,0.0,0.0,0.0,1.0,4.0,17.0
22200261,1610612739,CLE,Cleveland,203526,Raul Neto,Raul,,,1:34,0.0,0.0,0.0,0.0,0.0,0.0,0.0,0.0,0.0,0.0,0.0,0.0,0.0,0.0,0.0,0.0,0.0,0.0,1.0
22200261,1610612739,CLE,Cleveland,1630600,Isaiah Mobley,Isaiah,,,1:34,0.0,0.0,0.0,0.0,0.0,0.0,0.0,0.0,0.0,0.0,1.0,1.0,0.0,0.0,0.0,0.0,0.0,0.0,1.0
22200262,1610612750,MIN,Minnesota,1630183,Jaden McDaniels,Jaden,F,,30:43,8.0,11.0,0.727,2.0,4.0,0.5,0.0,0.0,0.0,0.0,3.0,3.0,3.0,0.0,4.0,1.0,4.0,18.0,21.0
22200262,1610612750,MIN,Minnesota,1626157,Karl-Anthony Towns,Karl-Anthony,F,,36:49,8.0,11.0,0.727,1.0,1.0,1.0,6.0,7.0,0.857,3.0,8.0,11.0,8.0,2.0,2.0,5.0,3.0,23.0,19.0
22200262,1610612750,MIN,Minnesota,203497,Rudy Gobert,Rudy,C,,32:21,9.0,11.0,0.818,0.0,0.0,0.0,3.0,4.0,0.75,4.0,12.0,16.0,2.0,0.0,0.0,2.0,3.0,21.0,7.0
22200262,1610612750,MIN,Minnesota,1630162,Anthony Edwards,Anthony,G,,35:47,7.0,14.0,0.5,3.0,5.0,0.6,2.0,2.0,1.0,0.0,7.0,7.0,2.0,1.0,0.0,4.0,2.0,19.0,10.0
22200262,1610612750,MIN,Minnesota,1626156,D'Angelo Russell,D'Angelo,G,,35:45,7.0,10.0,0.7,1.0,4.0,0.25,0.0,0.0,0.0,0.0,3.0,3.0,12.0,3.0,1.0,5.0,2.0,15.0,21.0
22200262,1610612750,MIN,Minnesota,203937,Kyle Anderson,Kyle,,,23:35,3.0,5.0,0.6,0.0,1.0,0.0,1.0,2.0,0.5,1.0,6.0,7.0,2.0,1.0,2.0,3.0,1.0,7.0,5.0
22200262,1610612750,MIN,Minnesota,1627752,Taurean Prince,Taurean,,,10:45,2.0,5.0,0.4,0.0,1.0,0.0,0.0,0.0,0.0,0.0,1.0,1.0,0.0,1.0,1.0,1.0,1.0,4.0,-4.0
22200262,1610612750,MIN,Minnesota,203085,Austin Rivers,Austin,,,19:57,2.0,4.0,0.5,1.0,3.0,0.333,1.0,2.0,0.5,0.0,0.0,0.0,1.0,0.0,0.0,0.0,0.0,6.0,2.0
22200262,1610612750,MIN,Minnesota,1629669,Jaylen Nowell,Jaylen,,,11:27,1.0,6.0,0.167,0.0,3.0,0.0,0.0,0.0,0.0,0.0,2.0,2.0,1.0,1.0,0.0,1.0,2.0,2.0,-5.0
22200262,1610612750,MIN,Minnesota,1630568,Luka Garza,Luka,,,0:57,0.0,0.0,0.0,0.0,0.0,0.0,0.0,0.0,0.0,0.0,0.0,0.0,0.0,0.0,0.0,0.0,0.0,0.0,-2.0
22200262,1610612750,MIN,Minnesota,1631111,Wendell Moore Jr.,Wendell,,,0:57,0.0,0.0,0.0,0.0,0.0,0.0,0.0,0.0,0.0,0.0,0.0,0.0,0.0,0.0,0.0,1.0,0.0,0.0,-2.0
22200262,1610612750,MIN,Minnesota,1630233,Nathan Knight,Nathan,,,0:57,0.0,0.0,0.0,0.0,0.0,0.0,0.0,0.0,0.0,0.0,0.0,0.0,0.0,0.0,0.0,0.0,0.0,0.0,-2.0
22200262,1610612750,MIN,Minnesota,1627854,Bryn Forbes,Bryn,,DNP - Coach's Decision,,,,,,,,,,,,,,,,,,,,
22200262,1610612750,MIN,Minnesota,1631169,Josh Minott,Josh,,DNP - Coach's Decision,,,,,,,,,,,,,,,,,,,,
22200262,1610612750,MIN,Minnesota,1629675,Naz Reid,Naz,,DNP - Coach's Decision,,,,,,,,,,,,,,,,,,,,
22200262,1610612754,IND,Indiana,1627741,Buddy Hield,Buddy,F,,34:00,5.0,16.0,0.313,3.0,11.0,0.273,0.0,0.0,0.0,2.0,1.0,3.0,2.0,2.0,0.0,4.0,3.0,13.0,-3.0
22200262,1610612754,IND,Indiana,1630188,Jalen Smith,Jalen,F,,22:12,1.0,6.0,0.167,0.0,3.0,0.0,0.0,0.0,0.0,2.0,1.0,3.0,1.0,2.0,1.0,1.0,1.0,2.0,-15.0
22200262,1610612754,IND,Indiana,1626167,Myles Turner,Myles,C,,32:33,12.0,17.0,0.706,7.0,9.0,0.778,0.0,0.0,0.0,0.0,7.0,7.0,2.0,4.0,1.0,1.0,4.0,31.0,-15.0
22200262,1610612754,IND,Indiana,1630174,Aaron Nesmith,Aaron,G,,25:47,1.0,9.0,0.111,1.0,5.0,0.2,0.0,0.0,0.0,2.0,1.0,3.0,1.0,0.0,0.0,0.0,3.0,3.0,-13.0
22200262,1610612754,IND,Indiana,1630169,Tyrese Haliburton,Tyrese,G,,35:03,4.0,15.0,0.267,2.0,7.0,0.286,0.0,0.0,0.0,1.0,1.0,2.0,14.0,1.0,0.0,3.0,0.0,10.0,-19.0
22200262,1610612754,IND,Indiana,1631097,Bennedict Mathurin,Bennedict,,,33:02,5.0,11.0,0.455,2.0,2.0,1.0,9.0,12.0,0.75,2.0,1.0,3.0,0.0,1.0,0.0,2.0,1.0,21.0,-3.0
22200262,1610612754,IND,Indiana,1629048,Goga Bitadze,Goga,,,15:27,2.0,5.0,0.4,0.0,1.0,0.0,0.0,0.0,0.0,1.0,2.0,3.0,1.0,2.0,3.0,0.0,1.0,4.0,1.0
22200262,1610612754,IND,Indiana,204456,T.J. McConnell,T.J.,,,18:54,4.0,8.0,0.5,0.0,1.0,0.0,2.0,2.0,1.0,1.0,0.0,1.0,4.0,1.0,0.0,2.0,1.0,10.0,-3.0
22200262,1610612754,IND,Indiana,1629052,Oshae Brissett,Oshae,,,19:44,2.0,7.0,0.286,1.0,5.0,0.2,0.0,2.0,0.0,1.0,3.0,4.0,0.0,2.0,0.0,0.0,2.0,5.0,0.0
22200262,1610612754,IND,Indiana,1631112,Kendall Brown,Kendall,,,1:39,1.0,1.0,1.0,0.0,0.0,0.0,0.0,0.0,0.0,0.0,0.0,0.0,0.0,1.0,0.0,0.0,0.0,2.0,0.0
22200262,1610612754,IND,Indiana,1630678,Terry Taylor,Terry,,,1:39,0.0,1.0,0.0,0.0,0.0,0.0,0.0,0.0,0.0,1.0,0.0,1.0,0.0,0.0,0.0,0.0,0.0,0.0,0.0
22200262,1610612754,IND,Indiana,1630543,Isaiah Jackson,Isaiah,,DND - Injury/Illness,,,,,,,,,,,,,,,,,,,,
22200262,1610612754,IND,Indiana,201949,James Johnson,James,,DNP - Coach's Decision,,,,,,,,,,,,,,,,,,,,
22200262,1610612754,IND,Indiana,1629614,Andrew Nembhard,Andrew,,DND - Injury/Illness,,,,,,,,,,,,,,,,,,,,
22200266,1610612751,BKN,Brooklyn,201142,Kevin Durant,Kevin,F,,32:48,5.0,10.0,0.5,2.0,5.0,0.4,0.0,0.0,0.0,0.0,7.0,7.0,5.0,0.0,3.0,4.0,2.0,12.0,30.0
22200266,1610612751,BKN,Brooklyn,1626220,Royce O'Neale,Royce,F,,27:25,5.0,8.0,0.625,5.0,8.0,0.625,0.0,0.0,0.0,0.0,4.0,4.0,7.0,4.0,0.0,3.0,3.0,15.0,16.0
22200266,1610612751,BKN,Brooklyn,1629651,Nic Claxton,Nic,C,,30:16,6.0,7.0,0.857,0.0,0.0,0.0,2.0,2.0,1.0,4.0,8.0,12.0,3.0,1.0,4.0,4.0,2.0,14.0,24.0
22200266,1610612751,BKN,Brooklyn,202681,Kyrie Irving,Kyrie,G,,28:16,11.0,16.0,0.688,5.0,8.0,0.625,2.0,2.0,1.0,0.0,1.0,1.0,3.0,0.0,0.0,1.0,3.0,29.0,16.0
22200266,1610612751,BKN,Brooklyn,1627732,Ben Simmons,Ben,G,,32:30,7.0,9.0,0.778,0.0,0.0,0.0,0.0,0.0,0.0,0.0,2.0,2.0,6.0,3.0,2.0,1.0,5.0,14.0,15.0
22200266,1610612751,BKN,Brooklyn,1628410,Edmond Sumner,Edmond,,,21:12,3.0,8.0,0.375,0.0,2.0,0.0,0.0,1.0,0.0,1.0,1.0,2.0,1.0,1.0,1.0,3.0,5.0,6.0,-2.0
22200266,1610612751,BKN,Brooklyn,203925,Joe Harris,Joe,,,14:06,1.0,7.0,0.143,1.0,6.0,0.167,0.0,0.0,0.0,0.0,2.0,2.0,1.0,0.0,0.0,0.0,1.0,3.0,-7.0
22200266,1610612751,BKN,Brooklyn,202693,Markieff Morris,Markieff,,,18:00,3.0,4.0,0.75,3.0,4.0,0.75,0.0,0.0,0.0,1.0,1.0,2.0,2.0,1.0,0.0,1.0,1.0,9.0,7.0
22200266,1610612751,BKN,Brooklyn,1630560,Cam Thomas,Cam,,,17:21,2.0,5.0,0.4,0.0,1.0,0.0,1.0,2.0,0.5,0.0,3.0,3.0,2.0,0.0,0.0,1.0,2.0,5.0,-3.0
22200266,1610612751,BKN,Brooklyn,201988,Patty Mills,Patty,,,6:24,0.0,2.0,0.0,0.0,2.0,0.0,0.0,0.0,0.0,0.0,1.0,1.0,1.0,0.0,0.0,1.0,0.0,0.0,-11.0
22200266,1610612751,BKN,Brooklyn,1630561,David Duke Jr.,David,,,3:54,0.0,2.0,0.0,0.0,0.0,0.0,0.0,0.0,0.0,0.0,0.0,0.0,1.0,0.0,0.0,0.0,0.0,0.0,-5.0
22200266,1610612751,BKN,Brooklyn,1630549,Day'Ron Sharpe,Day'Ron,,,3:54,2.0,3.0,0.667,1.0,1.0,1.0,0.0,0.0,0.0,1.0,2.0,3.0,0.0,0.0,1.0,0.0,0.0,5.0,-5.0
22200266,1610612751,BKN,Brooklyn,1630556,Kessler Edwards,Kessler,,,3:54,0.0,1.0,0.0,0.0,1.0,0.0,0.0,0.0,0.0,0.0,0.0,0.0,0.0,0.0,0.0,0.0,0.0,0.0,-5.0
22200266,1610612761,TOR,Toronto,1628384,OG Anunoby,OG,F,,35:33,7.0,20.0,0.35,0.0,3.0,0.0,1.0,1.0,1.0,1.0,4.0,5.0,4.0,2.0,0.0,5.0,1.0,15.0,-29.0
22200266,1610612761,TOR,Toronto,201152,Thaddeus Young,Thaddeus,F,,27:40,6.0,10.0,0.6,0.0,2.0,0.0,0.0,0.0,0.0,3.0,5.0,8.0,5.0,2.0,0.0,1.0,1.0,12.0,-13.0
22200266,1610612761,TOR,Toronto,1631132,Christian Koloko,Christian,C,,17:48,1.0,3.0,0.333,0.0,0.0,0.0,2.0,4.0,0.5,4.0,1.0,5.0,0.0,0.0,1.0,1.0,2.0,4.0,-17.0
22200266,1610612761,TOR,Toronto,1629018,Gary Trent Jr.,Gary,G,,30:43,6.0,19.0,0.316,1.0,8.0,0.125,6.0,9.0,0.667,1.0,0.0,1.0,3.0,3.0,0.0,3.0,1.0,19.0,-12.0
22200266,1610612761,TOR,Toronto,1630201,Malachi Flynn,Malachi,G,,30:04,3.0,12.0,0.25,2.0,3.0,0.667,0.0,0.0,0.0,0.0,1.0,1.0,3.0,1.0,0.0,1.0,2.0,8.0,-19.0
22200266,1610612761,TOR,Toronto,203920,Khem Birch,Khem,,,10:40,1.0,1.0,1.0,0.0,0.0,0.0,0.0,0.0,0.0,0.0,3.0,3.0,0.0,0.0,0.0,0.0,1.0,2.0,2.0
22200266,1610612761,TOR,Toronto,1628449,Chris Boucher,Chris,,,28:51,2.0,15.0,0.133,0.0,3.0,0.0,8.0,8.0,1.0,8.0,8.0,16.0,0.0,1.0,1.0,0.0,0.0,12.0,0.0
22200266,1610612761,TOR,Toronto,1627823,Juancho Hernangomez,Juancho,,,32:49,4.0,9.0,0.444,1.0,5.0,0.2,1.0,2.0,0.5,6.0,4.0,10.0,0.0,3.0,0.0,2.0,4.0,10.0,4.0
22200266,1610612761,TOR,Toronto,1630288,Jeff Dowtin Jr.,Jeff,,,21:12,4.0,9.0,0.444,1.0,3.0,0.333,1.0,1.0,1.0,0.0,2.0,2.0,1.0,0.0,0.0,0.0,1.0,10.0,8.0
22200266,1610612761,TOR,Toronto,1631199,Ron Harper Jr.,Ron,,,4:40,2.0,3.0,0.667,2.0,2.0,1.0,0.0,0.0,0.0,0.0,1.0,1.0,0.0,0.0,0.0,0.0,0.0,6.0,6.0
22200266,1610612761,TOR,Toronto,1630625,Dalano Banton,Dalano,,DND - Injury/Illness,,,,,,,,,,,,,,,,,,,,
22200266,1610612761,TOR,Toronto,1630551,Justin Champagnie,Justin,,DND - Injury/Illness,,,,,,,,,,,,,,,,,,,,
22200260,1610612755,PHI,Philadelphia,202699,Tobias Harris,Tobias,F,,37:23,9.0,20.0,0.45,1.0,9.0,0.111,0.0,0.0,0.0,0.0,5.0,5.0,0.0,0.0,0.0,2.0,3.0,19.0,-6.0
22200260,1610612755,PHI,Philadelphia,200782,P.J. Tucker,P.J.,F,,33:40,1.0,4.0,0.25,1.0,3.0,0.333,0.0,0.0,0.0,2.0,5.0,7.0,1.0,1.0,0.0,1.0,3.0,3.0,-6.0
22200260,1610612755,PHI,Philadelphia,1626149,Montrezl Harrell,Montrezl,C,,21:47,4.0,7.0,0.571,0.0,0.0,0.0,8.0,8.0,1.0,2.0,5.0,7.0,1.0,0.0,0.0,1.0,2.0,16.0,-4.0
22200260,1610612755,PHI,Philadelphia,1629001,De'Anthony Melton,De'Anthony,G,,36:32,7.0,18.0,0.389,2.0,9.0,0.222,4.0,4.0,1.0,0.0,6.0,6.0,3.0,4.0,0.0,5.0,2.0,20.0,-1.0
22200260,1610612755,PHI,Philadelphia,1629003,Shake Milton,Shake,G,,38:52,9.0,16.0,0.563,1.0,4.0,0.25,3.0,4.0,0.75,3.0,4.0,7.0,9.0,2.0,0.0,4.0,1.0,22.0,-1.0
22200260,1610612755,PHI,Philadelphia,1630194,Paul Reed,Paul,,,21:43,3.0,4.0,0.75,0.0,0.0,0.0,0.0,0.0,0.0,1.0,7.0,8.0,1.0,2.0,3.0,2.0,4.0,6.0,-7.0
22200260,1610612755,PHI,Philadelphia,1627788,Furkan Korkmaz,Furkan,,,20:20,2.0,6.0,0.333,1.0,4.0,0.25,0.0,0.0,0.0,0.0,0.0,0.0,1.0,0.0,0.0,1.0,2.0,5.0,-8.0
22200260,1610612755,PHI,Philadelphia,1627777,Georges Niang,Georges,,,18:41,3.0,10.0,0.3,3.0,8.0,0.375,0.0,0.0,0.0,0.0,4.0,4.0,4.0,0.0,0.0,2.0,5.0,9.0,5.0
22200260,1610612755,PHI,Philadelphia,1627863,Danuel House Jr.,Danuel,,,11:02,0.0,1.0,0.0,0.0,1.0,0.0,1.0,2.0,0.5,0.0,1.0,1.0,0.0,0.0,0.0,1.0,1.0,1.0,-2.0
22200260,1610612755,PHI,Philadelphia,1630577,Julian Champagnie,Julian,,DNP - Coach's Decision,,,,,,,,,,,,,,,,,,,,
22200260,1610612755,PHI,Philadelphia,1629680,Matisse Thybulle,Matisse,,DND - Injury/Illness,,,,,,,,,,,,,,,,,,,,
22200260,1610612766,CHA,Charlotte,202330,Gordon Hayward,Gordon,F,,28:34,3.0,10.0,0.3,1.0,4.0,0.25,0.0,0.0,0.0,0.0,2.0,2.0,3.0,0.0,0.0,4.0,0.0,7.0,-7.0
22200260,1610612766,CHA,Charlotte,1629023,P.J. Washington,P.J.,F,,34:05,8.0,14.0,0.571,3.0,5.0,0.6,0.0,0.0,0.0,1.0,5.0,6.0,3.0,0.0,0.0,2.0,3.0,19.0,-1.0
22200260,1610612766,CHA,Charlotte,203486,Mason Plumlee,Mason,C,,26:28,4.0,6.0,0.667,0.0,0.0,0.0,3.0,6.0,0.5,1.0,12.0,13.0,6.0,1.0,0.0,2.0,1.0,11.0,-5.0
22200260,1610612766,CHA,Charlotte,1626162,Kelly Oubre Jr.,Kelly,G,,32:48,6.0,15.0,0.4,0.0,6.0,0.0,2.0,2.0,1.0,2.0,2.0,4.0,1.0,2.0,0.0,1.0,3.0,14.0,4.0
22200260,1610612766,CHA,Charlotte,1626179,Terry Rozier,Terry,G,,40:21,9.0,18.0,0.5,1.0,3.0,0.333,3.0,5.0,0.6,0.0,2.0,2.0,6.0,1.0,0.0,2.0,2.0,22.0,13.0
22200260,1610612766,CHA,Charlotte,1628372,Dennis Smith Jr.,Dennis,,,11:16,1.0,3.0,0.333,0.0,0.0,0.0,0.0,1.0,0.0,0.0,0.0,0.0,2.0,0.0,0.0,1.0,1.0,2.0,-8.0
22200260,1610612766,CHA,Charlotte,1629667,Jalen McDaniels,Jalen,,,21:08,4.0,8.0,0.5,1.0,4.0,0.25,2.0,3.0,0.667,1.0,2.0,3.0,1.0,1.0,0.0,0.0,1.0,11.0,2.0
22200260,1610612766,CHA,Charlotte,1630208,Nick Richards,Nick,,,21:23,5.0,10.0,0.5,0.0,0.0,0.0,3.0,4.0,0.75,5.0,8.0,13.0,0.0,1.0,1.0,1.0,1.0,13.0,11.0
22200260,1610612766,CHA,Charlotte,1630539,Kai Jones,Kai,,,7:54,2.0,2.0,1.0,0.0,0.0,0.0,0.0,0.0,0.0,1.0,0.0,1.0,0.0,0.0,0.0,1.0,2.0,4.0,10.0
22200260,1610612766,CHA,Charlotte,1630177,Theo Maledon,Theo,,,16:03,2.0,6.0,0.333,0.0,1.0,0.0,0.0,0.0,0.0,0.0,0.0,0.0,3.0,2.0,0.0,1.0,1.0,4.0,11.0
22200260,1610612766,CHA,Charlotte,1630547,James Bouknight,James,,DNP - Coach's Decision,,,,,,,,,,,,,,,,,,,,
22200260,1610612766,CHA,Charlotte,1631121,Bryce McGowens,Bryce,,DNP - Coach's Decision,,,,,,,,,,,,,,,,,,,,
22200260,1610612766,CHA,Charlotte,1630550,JT Thor,JT,,DNP - Coach's Decision,,,,,,,,,,,,,,,,,,,,
22200260,1610612766,CHA,Charlotte,1631109,Mark Williams,Mark,,DNP - Coach's Decision,,,,,,,,,,,,,,,,,,,,
22200264,1610612742,DAL,Dallas,1627827,Dorian Finney-Smith,Dorian,F,,36:56,4.0,9.0,0.444,2.0,5.0,0.4,0.0,0.0,0.0,0.0,3.0,3.0,1.0,1.0,2.0,2.0,3.0,10.0,-15.0
22200264,1610612742,DAL,Dallas,203493,Reggie Bullock Jr.,Reggie,F,,27:27,2.0,6.0,0.333,1.0,3.0,0.333,0.0,0.0,0.0,0.0,1.0,1.0,1.0,0.0,0.0,1.0,1.0,5.0,-21.0
22200264,1610612742,DAL,Dallas,203939,Dwight Powell,Dwight,C,,10:52,0.0,0.0,0.0,0.0,0.0,0.0,1.0,2.0,0.5,0.0,1.0,1.0,0.0,0.0,1.0,1.0,3.0,1.0,-6.0
22200264,1610612742,DAL,Dallas,1629029,Luka Dončić,Luka,G,,39:36,17.0,28.0,0.607,3.0,8.0,0.375,5.0,9.0,0.556,1.0,7.0,8.0,9.0,0.0,0.0,5.0,4.0,42.0,-13.0
22200264,1610612742,DAL,Dallas,203915,Spencer Dinwiddie,Spencer,G,,31:37,6.0,8.0,0.75,2.0,4.0,0.5,1.0,2.0,0.5,0.0,4.0,4.0,4.0,1.0,0.0,0.0,2.0,15.0,-23.0
22200264,1610612742,DAL,Dallas,203501,Tim Hardaway Jr.,Tim,,,22:13,1.0,7.0,0.143,0.0,5.0,0.0,0.0,0.0,0.0,0.0,1.0,1.0,2.0,1.0,0.0,0.0,0.0,2.0,6.0
22200264,1610612742,DAL,Dallas,1626174,Christian Wood,Christian,,,34:10,10.0,14.0,0.714,2.0,3.0,0.667,4.0,5.0,0.8,2.0,10.0,12.0,2.0,0.0,0.0,5.0,4.0,26.0,-8.0
22200264,1610612742,DAL,Dallas,1630182,Josh Green,Josh,,,22:10,1.0,4.0,0.25,1.0,2.0,0.5,0.0,0.0,0.0,1.0,0.0,1.0,0.0,1.0,0.0,0.0,4.0,3.0,11.0
22200264,1610612742,DAL,Dallas,202722,Dāvis Bertāns,Dāvis,,,5:08,0.0,3.0,0.0,0.0,1.0,0.0,0.0,0.0,0.0,1.0,0.0,1.0,1.0,0.0,0.0,0.0,0.0,0.0,-6.0
22200264,1610612742,DAL,Dallas,201580,JaVale McGee,JaVale,,,4:36,2.0,2.0,1.0,0.0,0.0,0.0,1.0,1.0,1.0,0.0,1.0,1.0,0.0,0.0,0.0,0.0,1.0,5.0,4.0
22200264,1610612742,DAL,Dallas,1629033,Theo Pinson,Theo,,,1:45,1.0,1.0,1.0,0.0,0.0,0.0,0.0,0.0,0.0,0.0,0.0,0.0,0.0,0.0,0.0,0.0,1.0,2.0,2.0
22200264,1610612742,DAL,Dallas,1628373,Frank Ntilikina,Frank,,,1:45,0.0,0.0,0.0,0.0,0.0,0.0,0.0,0.0,0.0,0.0,2.0,2.0,0.0,0.0,0.0,0.0,0.0,0.0,2.0
22200264,1610612742,DAL,Dallas,1630267,Facundo Campazzo,Facundo,,,1:45,0.0,0.0,0.0,0.0,0.0,0.0,1.0,2.0,0.5,0.0,0.0,0.0,0.0,0.0,0.0,0.0,0.0,1.0,2.0
22200264,1610612738,BOS,Boston,1627759,Jaylen Brown,Jaylen,F,,35:41,13.0,18.0,0.722,2.0,3.0,0.667,3.0,4.0,0.75,0.0,4.0,4.0,4.0,2.0,0.0,2.0,2.0,31.0,14.0
22200264,1610612738,BOS,Boston,1628369,Jayson Tatum,Jayson,F,,36:49,11.0,24.0,0.458,2.0,7.0,0.286,13.0,15.0,0.867,3.0,10.0,13.0,5.0,0.0,2.0,2.0,1.0,37.0,14.0
22200264,1610612738,BOS,Boston,201143,Al Horford,Al,C,,35:00,5.0,5.0,1.0,4.0,4.0,1.0,0.0,0.0,0.0,0.0,5.0,5.0,4.0,0.0,1.0,0.0,2.0,14.0,17.0
22200264,1610612738,BOS,Boston,1628401,Derrick White,Derrick,G,,28:40,4.0,9.0,0.444,3.0,6.0,0.5,1.0,1.0,1.0,0.0,2.0,2.0,1.0,0.0,0.0,2.0,3.0,12.0,-4.0
22200264,1610612738,BOS,Boston,203935,Marcus Smart,Marcus,G,,33:33,5.0,9.0,0.556,3.0,4.0,0.75,0.0,0.0,0.0,1.0,1.0,2.0,9.0,1.0,1.0,3.0,4.0,13.0,21.0
22200264,1610612738,BOS,Boston,1627763,Malcolm Brogdon,Malcolm,,,23:36,5.0,10.0,0.5,2.0,4.0,0.5,1.0,1.0,1.0,2.0,4.0,6.0,2.0,0.0,0.0,2.0,3.0,13.0,7.0
22200264,1610612738,BOS,Boston,1630573,Sam Hauser,Sam,,,17:25,1.0,3.0,0.333,1.0,3.0,0.333,0.0,0.0,0.0,0.0,3.0,3.0,1.0,0.0,0.0,0.0,3.0,3.0,4.0
22200264,1610612738,BOS,Boston,1629684,Grant Williams,Grant,,,26:02,1.0,5.0,0.2,0.0,3.0,0.0,0.0,0.0,0.0,0.0,3.0,3.0,3.0,1.0,0.0,0.0,4.0,2.0,-3.0
22200264,1610612738,BOS,Boston,1630202,Payton Pritchard,Payton,,,1:38,0.0,1.0,0.0,0.0,0.0,0.0,0.0,0.0,0.0,0.0,0.0,0.0,0.0,0.0,0.0,0.0,0.0,0.0,-3.0
22200264,1610612738,BOS,Boston,1628382,Justin Jackson,Justin,,,1:36,0.0,0.0,0.0,0.0,0.0,0.0,0.0,0.0,0.0,0.0,0.0,0.0,0.0,0.0,0.0,0.0,0.0,0.0,-2.0
22200264,1610612738,BOS,Boston,201933,Blake Griffin,Blake,,DNP - Coach's Decision,,,,,,,,,,,,,,,,,,,,
22200264,1610612738,BOS,Boston,1629662,Mfiondu Kabengele,Mfiondu,,DNP - Coach's Decision,,,,,,,,,,,,,,,,,,,,
22200264,1610612738,BOS,Boston,1628436,Luke Kornet,Luke,,DNP - Coach's Decision,,,,,,,,,,,,,,,,,,,,
22200264,1610612738,BOS,Boston,203943,Noah Vonleh,Noah,,DNP - Coach's Decision,,,,,,,,,,,,,,,,,,,,
22200269,1610612740,NOP,New Orleans,1627742,Brandon Ingram,Brandon,F,,31:51,4.0,9.0,0.444,1.0,3.0,0.333,8.0,8.0,1.0,0.0,3.0,3.0,10.0,0.0,0.0,5.0,2.0,17.0,13.0
22200269,1610612740,NOP,New Orleans,1629627,Zion Williamson,Zion,F,,26:39,14.0,18.0,0.778,0.0,2.0,0.0,4.0,8.0,0.5,4.0,7.0,11.0,1.0,2.0,1.0,1.0,1.0,32.0,20.0
22200269,1610612740,NOP,New Orleans,202685,Jonas Valančiūnas,Jonas,C,,26:07,9.0,11.0,0.818,4.0,5.0,0.8,0.0,0.0,0.0,1.0,9.0,10.0,2.0,0.0,1.0,3.0,2.0,22.0,24.0
22200269,1610612740,NOP,New Orleans,1630529,Herbert Jones,Herbert,G,,18:50,3.0,7.0,0.429,1.0,4.0,0.25,2.0,2.0,1.0,0.0,2.0,2.0,1.0,0.0,1.0,0.0,3.0,9.0,15.0
22200269,1610612740,NOP,New Orleans,1630631,Jose Alvarado,Jose,G,,29:54,2.0,5.0,0.4,1.0,2.0,0.5,0.0,0.0,0.0,0.0,3.0,3.0,9.0,3.0,0.0,5.0,3.0,5.0,20.0
22200269,1610612740,NOP,New Orleans,1626204,Larry Nance Jr.,Larry,,,16:32,3.0,4.0,0.75,0.0,0.0,0.0,0.0,1.0,0.0,2.0,0.0,2.0,2.0,0.0,0.0,0.0,0.0,6.0,-1.0
22200269,1610612740,NOP,New Orleans,1630230,Naji Marshall,Naji,,,24:04,1.0,4.0,0.25,0.0,1.0,0.0,3.0,4.0,0.75,0.0,1.0,1.0,5.0,0.0,0.0,2.0,1.0,5.0,4.0
22200269,1610612740,NOP,New Orleans,1628984,Devonte' Graham,Devonte',,,27:48,7.0,13.0,0.538,6.0,11.0,0.545,1.0,1.0,1.0,0.0,4.0,4.0,0.0,1.0,1.0,1.0,2.0,21.0,9.0
22200269,1610612740,NOP,New Orleans,1630700,Dyson Daniels,Dyson,,,22:12,2.0,5.0,0.4,0.0,2.0,0.0,1.0,2.0,0.5,0.0,1.0,1.0,2.0,1.0,1.0,2.0,5.0,5.0,3.0
22200269,1610612740,NOP,New Orleans,1626195,Willy Hernangomez,Willy,,,5:21,1.0,2.0,0.5,0.0,0.0,0.0,1.0,2.0,0.5,1.0,0.0,1.0,0.0,0.0,0.0,0.0,1.0,3.0,-4.0
22200269,1610612740,NOP,New Orleans,1629637,Jaxson Hayes,Jaxson,,,5:21,0.0,2.0,0.0,0.0,1.0,0.0,1.0,2.0,0.5,0.0,3.0,3.0,0.0,0.0,0.0,1.0,1.0,1.0,-4.0
22200269,1610612740,NOP,New Orleans,202066,Garrett Temple,Garrett,,,5:21,1.0,2.0,0.5,1.0,2.0,0.5,0.0,0.0,0.0,0.0,1.0,1.0,1.0,1.0,0.0,1.0,1.0,3.0,-4.0
22200269,1610612759,SAS,San Antonio,1629640,Keldon Johnson,Keldon,F,,16:06,2.0,9.0,0.222,0.0,4.0,0.0,1.0,1.0,1.0,0.0,1.0,1.0,0.0,0.0,0.0,1.0,1.0,5.0,-20.0
22200269,1610612759,SAS,San Antonio,1631110,Jeremy Sochan,Jeremy,F,,24:01,6.0,10.0,0.6,0.0,1.0,0.0,0.0,2.0,0.0,1.0,1.0,2.0,1.0,0.0,0.0,1.0,5.0,12.0,-26.0
22200269,1610612759,SAS,San Antonio,1627751,Jakob Poeltl,Jakob,C,,25:33,1.0,3.0,0.333,0.0,0.0,0.0,2.0,4.0,0.5,4.0,10.0,14.0,3.0,3.0,0.0,5.0,2.0,4.0,-27.0
22200269,1610612759,SAS,San Antonio,1630170,Devin Vassell,Devin,G,,31:39,10.0,17.0,0.588,4.0,8.0,0.5,2.0,3.0,0.667,0.0,4.0,4.0,8.0,1.0,0.0,2.0,3.0,26.0,-18.0
22200269,1610612759,SAS,San Antonio,1630200,Tre Jones,Tre,G,,31:05,1.0,8.0,0.125,1.0,7.0,0.143,6.0,6.0,1.0,0.0,0.0,0.0,9.0,2.0,0.0,3.0,2.0,9.0,-13.0
22200269,1610612759,SAS,San Antonio,1628966,Keita Bates-Diop,Keita,,,24:10,3.0,8.0,0.375,0.0,2.0,0.0,4.0,5.0,0.8,1.0,4.0,5.0,2.0,3.0,0.0,1.0,1.0,10.0,6.0
22200269,1610612759,SAS,San Antonio,203926,Doug McDermott,Doug,,,22:54,9.0,12.0,0.75,3.0,6.0,0.5,0.0,0.0,0.0,0.0,1.0,1.0,2.0,0.0,0.0,1.0,3.0,21.0,-13.0
22200269,1610612759,SAS,San Antonio,1629676,Isaiah Roby,Isaiah,,,15:54,3.0,4.0,0.75,1.0,1.0,1.0,1.0,2.0,0.5,1.0,2.0,3.0,1.0,0.0,0.0,0.0,1.0,8.0,9.0
22200269,1610612759,SAS,San Antonio,1629641,Romeo Langford,Romeo,,,23:10,1.0,7.0,0.143,0.0,3.0,0.0,1.0,2.0,0.5,1.0,1.0,2.0,1.0,2.0,0.0,3.0,2.0,3.0,-6.0
22200269,1610612759,SAS,San Antonio,1629646,Charles Bassey,Charles,,,11:58,1.0,1.0,1.0,0.0,0.0,0.0,1.0,2.0,0.5,0.0,3.0,3.0,1.0,0.0,1.0,0.0,2.0,3.0,3.0
22200269,1610612759,SAS,San Antonio,203476,Gorgui Dieng,Gorgui,,,6:45,1.0,2.0,0.5,0.0,1.0,0.0,0.0,0.0,0.0,0.0,2.0,2.0,2.0,0.0,0.0,1.0,1.0,2.0,5.0
22200269,1610612759,SAS,San Antonio,1631160,Jordan Hall,Jordan,,,6:45,3.0,4.0,0.75,1.0,1.0,1.0,0.0,1.0,0.0,0.0,0.0,0.0,1.0,0.0,0.0,0.0,0.0,7.0,5.0
22200270,1610612765,DET,Detroit,1630587,Isaiah Livers,Isaiah,F,,19:30,3.0,5.0,0.6,1.0,3.0,0.333,0.0,0.0,0.0,0.0,1.0,1.0,1.0,0.0,0.0,1.0,1.0,7.0,1.0
22200270,1610612765,DET,Detroit,202711,Bojan Bogdanović,Bojan,F,,34:13,7.0,18.0,0.389,1.0,3.0,0.333,8.0,8.0,1.0,1.0,4.0,5.0,3.0,1.0,0.0,1.0,1.0,23.0,1.0
22200270,1610612765,DET,Detroit,1628963,Marvin Bagley III,Marvin,C,,20:49,9.0,10.0,0.9,0.0,0.0,0.0,1.0,1.0,1.0,2.0,4.0,6.0,2.0,2.0,0.0,0.0,1.0,19.0,3.0
22200270,1610612765,DET,Detroit,1631093,Jaden Ivey,Jaden,G,,32:03,5.0,13.0,0.385,0.0,2.0,0.0,6.0,7.0,0.857,1.0,4.0,5.0,6.0,1.0,0.0,1.0,1.0,16.0,0.0
22200270,1610612765,DET,Detroit,1630165,Killian Hayes,Killian,G,,16:34,1.0,5.0,0.2,0.0,0.0,0.0,0.0,0.0,0.0,0.0,3.0,3.0,3.0,0.0,0.0,1.0,2.0,2.0,2.0
22200270,1610612765,DET,Detroit,202692,Alec Burks,Alec,,,18:47,4.0,10.0,0.4,4.0,6.0,0.667,6.0,6.0,1.0,1.0,2.0,3.0,1.0,1.0,0.0,0.0,4.0,18.0,13.0
22200270,1610612765,DET,Detroit,1628977,Hamidou Diallo,Hamidou,,,22:34,4.0,8.0,0.5,0.0,0.0,0.0,1.0,1.0,1.0,1.0,4.0,5.0,2.0,2.0,0.0,1.0,4.0,9.0,5.0
22200270,1610612765,DET,Detroit,1631105,Jalen Duren,Jalen,,,27:11,2.0,4.0,0.5,0.0,0.0,0.0,0.0,0.0,0.0,2.0,5.0,7.0,0.0,2.0,2.0,1.0,3.0,4.0,6.0
22200270,1610612765,DET,Detroit,1628995,Kevin Knox II,Kevin,,,25:47,6.0,8.0,0.75,6.0,8.0,0.75,3.0,4.0,0.75,0.0,3.0,3.0,0.0,0.0,0.0,1.0,2.0,21.0,9.0
22200270,1610612765,DET,Detroit,202709,Cory Joseph,Cory,,,22:32,3.0,8.0,0.375,0.0,2.0,0.0,0.0,0.0,0.0,0.0,0.0,0.0,6.0,0.0,0.0,0.0,1.0,6.0,5.0
22200270,1610612765,DET,Detroit,1630296,Braxton Key,Braxton,,DNP - Coach's Decision,,,,,,,,,,,,,,,,,,,,
22200270,1610612765,DET,Detroit,203585,Rodney McGruder,Rodney,,DNP - Coach's Decision,,,,,,,,,,,,,,,,,,,,
22200270,1610612765,DET,Detroit,203457,Nerlens Noel,Nerlens,,DNP - Coach's Decision,,,,,,,,,,,,,,,,,,,,
22200270,1610612762,UTA,Utah,1628374,Lauri Markkanen,Lauri,F,,34:22,4.0,13.0,0.308,3.0,7.0,0.429,2.0,2.0,1.0,0.0,8.0,8.0,2.0,0.0,0.0,3.0,3.0,13.0,-3.0
22200270,1610612762,UTA,Utah,203482,Kelly Olynyk,Kelly,F,,35:08,4.0,7.0,0.571,0.0,2.0,0.0,0.0,0.0,0.0,1.0,2.0,3.0,6.0,2.0,1.0,0.0,2.0,8.0,1.0
22200270,1610612762,UTA,Utah,1629020,Jarred Vanderbilt,Jarred,C,,21:51,3.0,5.0,0.6,0.0,0.0,0.0,1.0,1.0,1.0,1.0,2.0,3.0,2.0,1.0,1.0,1.0,1.0,7.0,0.0
22200270,1610612762,UTA,Utah,203903,Jordan Clarkson,Jordan,G,,37:27,9.0,17.0,0.529,3.0,8.0,0.375,3.0,3.0,1.0,0.0,3.0,3.0,2.0,1.0,0.0,3.0,1.0,24.0,-12.0
22200270,1610612762,UTA,Utah,1629012,Collin Sexton,Collin,G,,35:06,7.0,12.0,0.583,1.0,4.0,0.25,2.0,2.0,1.0,0.0,0.0,0.0,12.0,0.0,0.0,2.0,5.0,17.0,-11.0
22200270,1610612762,UTA,Utah,1629659,Talen Horton-Tucker,Talen,,,12:54,1.0,4.0,0.25,1.0,2.0,0.5,0.0,0.0,0.0,0.0,0.0,0.0,2.0,0.0,0.0,2.0,1.0,3.0,2.0
22200270,1610612762,UTA,Utah,1627736,Malik Beasley,Malik,,,29:17,9.0,18.0,0.5,8.0,15.0,0.533,3.0,4.0,0.75,2.0,9.0,11.0,5.0,0.0,0.0,1.0,2.0,29.0,-8.0
22200270,1610612762,UTA,Utah,1631117,Walker Kessler,Walker,,,21:03,2.0,2.0,1.0,0.0,0.0,0.0,1.0,2.0,0.5,2.0,5.0,7.0,0.0,0.0,5.0,2.0,5.0,5.0,-4.0
22200270,1610612762,UTA,Utah,1628962,Udoka Azubuike,Udoka,,,1:17,0.0,0.0,0.0,0.0,0.0,0.0,0.0,0.0,0.0,1.0,0.0,1.0,0.0,0.0,0.0,0.0,0.0,0.0,-4.0
22200270,1610612762,UTA,Utah,1631323,Simone Fontecchio,Simone,,,11:35,2.0,5.0,0.4,2.0,3.0,0.667,4.0,5.0,0.8,0.0,2.0,2.0,0.0,0.0,0.0,1.0,1.0,10.0,-6.0
22200270,1610612762,UTA,Utah,1630534,Ochai Agbaji,Ochai,,DNP - Coach's Decision,,,,,,,,,,,,,,,,,,,,
22200270,1610612762,UTA,Utah,1629638,Nickeil Alexander-Walker,Nickeil,,DNP - Coach's Decision,,,,,,,,,,,,,,,,,,,,
22200259,1610612747,LAL,Los Angeles,1628972,Troy Brown Jr.,Troy,F,,20:43,0.0,5.0,0.0,0.0,3.0,0.0,0.0,0.0,0.0,1.0,2.0,3.0,1.0,0.0,0.0,2.0,0.0,0.0,-7.0
22200259,1610612747,LAL,Los Angeles,1629022,Lonnie Walker IV,Lonnie,F,,38:01,8.0,18.0,0.444,2.0,6.0,0.333,6.0,7.0,0.857,0.0,0.0,0.0,2.0,1.0,0.0,1.0,0.0,24.0,-1.0
22200259,1610612747,LAL,Los Angeles,203076,Anthony Davis,Anthony,C,,38:23,11.0,17.0,0.647,0.0,0.0,0.0,15.0,16.0,0.938,3.0,18.0,21.0,2.0,5.0,5.0,6.0,2.0,37.0,-3.0
22200259,1610612747,LAL,Los Angeles,1630559,Austin Reaves,Austin,G,,35:36,3.0,5.0,0.6,0.0,1.0,0.0,5.0,5.0,1.0,1.0,2.0,3.0,4.0,0.0,1.0,1.0,5.0,11.0,-2.0
22200259,1610612747,LAL,Los Angeles,201976,Patrick Beverley,Patrick,G,,29:11,0.0,2.0,0.0,0.0,1.0,0.0,0.0,0.0,0.0,0.0,10.0,10.0,2.0,0.0,0.0,1.0,2.0,0.0,-15.0
22200259,1610612747,LAL,Los Angeles,201566,Russell Westbrook,Russell,,,31:22,8.0,20.0,0.4,2.0,6.0,0.333,3.0,7.0,0.429,1.0,2.0,3.0,5.0,1.0,0.0,1.0,1.0,21.0,-1.0
22200259,1610612747,LAL,Los Angeles,1629134,Kendrick Nunn,Kendrick,,,8:43,2.0,4.0,0.5,0.0,1.0,0.0,0.0,0.0,0.0,0.0,0.0,0.0,2.0,0.0,0.0,2.0,0.0,4.0,-2.0
22200259,1610612747,LAL,Los Angeles,203471,Dennis Schröder,Dennis,,,20:02,0.0,6.0,0.0,0.0,3.0,0.0,0.0,0.0,0.0,0.0,0.0,0.0,1.0,1.0,0.0,1.0,0.0,0.0,-8.0
22200259,1610612747,LAL,Los Angeles,1628418,Thomas Bryant,Thomas,,,11:10,4.0,5.0,0.8,0.0,0.0,0.0,0.0,0.0,0.0,0.0,3.0,3.0,0.0,0.0,1.0,2.0,1.0,8.0,-8.0
22200259,1610612747,LAL,Los Angeles,1629117,Wenyen Gabriel,Wenyen,,,6:49,0.0,3.0,0.0,0.0,1.0,0.0,0.0,0.0,0.0,1.0,1.0,2.0,0.0,0.0,0.0,0.0,1.0,0.0,-3.0
22200259,1610612747,LAL,Los Angeles,1627745,Damian Jones,Damian,,DNP - Coach's Decision,,,,,,,,,,,,,,,,,,,,
22200259,1610612747,LAL,Los Angeles,1630346,Matt Ryan,Matt,,DNP - Coach's Decision,,,,,,,,,,,,,,,,,,,,
22200259,1610612756,PHX,Phoenix,1628969,Mikal Bridges,Mikal,F,,41:24,10.0,17.0,0.588,5.0,7.0,0.714,0.0,0.0,0.0,0.0,6.0,6.0,3.0,1.0,1.0,0.0,3.0,25.0,6.0
22200259,1610612756,PHX,Phoenix,1628470,Torrey Craig,Torrey,F,,29:35,3.0,7.0,0.429,2.0,4.0,0.5,0.0,0.0,0.0,1.0,4.0,5.0,0.0,3.0,2.0,0.0,2.0,8.0,0.0
22200259,1610612756,PHX,Phoenix,1629028,Deandre Ayton,Deandre,C,,31:33,7.0,11.0,0.636,0.0,1.0,0.0,0.0,0.0,0.0,1.0,14.0,15.0,2.0,1.0,0.0,0.0,4.0,14.0,9.0
22200259,1610612756,PHX,Phoenix,1626164,Devin Booker,Devin,G,,35:27,10.0,24.0,0.417,2.0,6.0,0.333,3.0,3.0,1.0,1.0,3.0,4.0,5.0,0.0,0.0,4.0,6.0,25.0,4.0
22200259,1610612756,PHX,Phoenix,1626166,Cameron Payne,Cameron,G,,28:18,5.0,15.0,0.333,1.0,3.0,0.333,0.0,0.0,0.0,1.0,1.0,2.0,7.0,1.0,0.0,5.0,5.0,11.0,12.0
22200259,1610612756,PHX,Phoenix,202687,Bismack Biyombo,Bismack,,,16:27,1.0,3.0,0.333,0.0,0.0,0.0,0.0,2.0,0.0,0.0,3.0,3.0,1.0,1.0,2.0,2.0,0.0,2.0,1.0
22200259,1610612756,PHX,Phoenix,1629006,Josh Okogie,Josh,,,6:55,0.0,2.0,0.0,0.0,1.0,0.0,0.0,0.0,0.0,1.0,1.0,2.0,1.0,0.0,0.0,1.0,0.0,0.0,-1.0
22200259,1610612756,PHX,Phoenix,1630613,Duane Washington Jr.,Duane,,,18:20,7.0,15.0,0.467,1.0,5.0,0.2,0.0,0.0,0.0,0.0,2.0,2.0,1.0,1.0,0.0,2.0,0.0,15.0,1.0
22200259,1610612756,PHX,Phoenix,1627814,Damion Lee,Damion,,,20:31,3.0,6.0,0.5,3.0,5.0,0.6,0.0,0.0,0.0,1.0,6.0,7.0,2.0,0.0,0.0,1.0,0.0,9.0,7.0
22200259,1610612756,PHX,Phoenix,1630688,Ish Wainright,Ish,,,11:30,2.0,2.0,1.0,2.0,2.0,1.0,0.0,0.0,0.0,2.0,1.0,3.0,1.0,0.0,2.0,0.0,2.0,6.0,11.0
22200259,1610612756,PHX,Phoenix,1629111,Jock Landale,Jock,,DNP - Coach's Decision,,,,,,,,,,,,,,,,,,,,
22200259,1610612756,PHX,Phoenix,101108,Chris Paul,Chris,,DNP - Injury/Illness,,,,,,,,,,,,,,,,,,,,
22200259,1610612756,PHX,Phoenix,203967,Dario Šarić,Dario,,DNP - Coach's Decision,,,,,,,,,,,,,,,,,,,,
22200257,1610612758,SAC,Sacramento,203084,Harrison Barnes,Harrison,F,,33:02,7.0,13.0,0.538,4.0,8.0,0.5,8.0,8.0,1.0,0.0,4.0,4.0,0.0,1.0,0.0,5.0,2.0,26.0,-3.0
22200257,1610612758,SAC,Sacramento,1631099,Keegan Murray,Keegan,F,,23:44,1.0,8.0,0.125,0.0,4.0,0.0,0.0,0.0,0.0,1.0,2.0,3.0,2.0,0.0,0.0,0.0,2.0,2.0,2.0
22200257,1610612758,SAC,Sacramento,1627734,Domantas Sabonis,Domantas,C,,37:20,3.0,8.0,0.375,0.0,1.0,0.0,3.0,6.0,0.5,2.0,11.0,13.0,8.0,0.0,0.0,2.0,5.0,9.0,1.0
22200257,1610612758,SAC,Sacramento,1628989,Kevin Huerter,Kevin,G,,33:20,6.0,10.0,0.6,4.0,7.0,0.571,2.0,4.0,0.5,2.0,4.0,6.0,1.0,3.0,1.0,3.0,3.0,18.0,-2.0
22200257,1610612758,SAC,Sacramento,1628368,De'Aaron Fox,De'Aaron,G,,35:10,11.0,21.0,0.524,5.0,8.0,0.625,5.0,6.0,0.833,1.0,7.0,8.0,6.0,4.0,0.0,1.0,3.0,32.0,-4.0
22200257,1610612758,SAC,Sacramento,1629056,Terence Davis,Terence,,,9:25,0.0,4.0,0.0,0.0,4.0,0.0,0.0,0.0,0.0,0.0,1.0,1.0,2.0,1.0,0.0,0.0,2.0,0.0,6.0
22200257,1610612758,SAC,Sacramento,1630558,Davion Mitchell,Davion,,,18:56,1.0,5.0,0.2,0.0,3.0,0.0,0.0,0.0,0.0,1.0,1.0,2.0,4.0,1.0,0.0,2.0,2.0,2.0,4.0
22200257,1610612758,SAC,Sacramento,1626168,Trey Lyles,Trey,,,15:02,0.0,1.0,0.0,0.0,1.0,0.0,0.0,0.0,0.0,1.0,2.0,3.0,0.0,0.0,1.0,1.0,1.0,0.0,8.0
22200257,1610612758,SAC,Sacramento,1628370,Malik Monk,Malik,,,23:25,5.0,13.0,0.385,2.0,8.0,0.25,2.0,3.0,0.667,0.0,2.0,2.0,4.0,1.0,0.0,3.0,2.0,14.0,6.0
22200257,1610612758,SAC,Sacramento,1629002,Chimezie Metu,Chimezie,,,10:36,5.0,7.0,0.714,0.0,1.0,0.0,0.0,0.0,0.0,1.0,2.0,3.0,0.0,0.0,0.0,1.0,3.0,10.0,2.0
22200257,1610612758,SAC,Sacramento,203521,Matthew Dellavedova,Matthew,,DNP - Coach's Decision,,,,,,,,,,,,,,,,,,,,
22200257,1610612758,SAC,Sacramento,1626158,Richaun Holmes,Richaun,,DNP - Coach's Decision,,,,,,,,,,,,,,,,,,,,
22200257,1610612758,SAC,Sacramento,203458,Alex Len,Alex,,DNP - Coach's Decision,,,,,,,,,,,,,,,,,,,,
22200257,1610612758,SAC,Sacramento,1631320,Chima Moneke,Chima,,DNP - Coach's Decision,,,,,,,,,,,,,,,,,,,,
22200257,1610612758,SAC,Sacramento,1629644,KZ Okpala,KZ,,DNP - Coach's Decision,,,,,,,,,,,,,,,,,,,,
22200257,1610612763,MEM,Memphis,1628415,Dillon Brooks,Dillon,F,,31:35,6.0,16.0,0.375,0.0,3.0,0.0,2.0,2.0,1.0,4.0,1.0,5.0,5.0,1.0,0.0,3.0,4.0,14.0,13.0
22200257,1610612763,MEM,Memphis,1628991,Jaren Jackson Jr.,Jaren,F,,27:28,8.0,14.0,0.571,1.0,5.0,0.2,5.0,7.0,0.714,0.0,3.0,3.0,1.0,2.0,5.0,0.0,4.0,22.0,15.0
22200257,1610612763,MEM,Memphis,203500,Steven Adams,Steven,C,,30:11,2.0,5.0,0.4,0.0,0.0,0.0,1.0,4.0,0.25,5.0,11.0,16.0,0.0,0.0,1.0,3.0,3.0,5.0,1.0
22200257,1610612763,MEM,Memphis,1629723,John Konchar,John,G,,30:36,3.0,8.0,0.375,2.0,6.0,0.333,2.0,2.0,1.0,1.0,8.0,9.0,2.0,1.0,2.0,4.0,3.0,10.0,-1.0
22200257,1610612763,MEM,Memphis,1629630,Ja Morant,Ja,G,,33:50,12.0,21.0,0.571,1.0,3.0,0.333,9.0,15.0,0.6,1.0,6.0,7.0,6.0,2.0,0.0,5.0,2.0,34.0,1.0
22200257,1610612763,MEM,Memphis,1630583,Santi Aldama,Santi,,,16:23,3.0,9.0,0.333,1.0,4.0,0.25,0.0,0.0,0.0,1.0,1.0,2.0,2.0,3.0,1.0,0.0,3.0,7.0,-18.0
22200257,1610612763,MEM,Memphis,1626145,Tyus Jones,Tyus,,,27:16,3.0,9.0,0.333,2.0,5.0,0.4,0.0,0.0,0.0,0.0,3.0,3.0,6.0,2.0,0.0,1.0,2.0,8.0,-11.0
22200257,1610612763,MEM,Memphis,1631223,David Roddy,David,,,14:51,1.0,3.0,0.333,1.0,3.0,0.333,0.0,0.0,0.0,0.0,2.0,2.0,0.0,0.0,0.0,1.0,1.0,3.0,-16.0
22200257,1610612763,MEM,Memphis,1629634,Brandon Clarke,Brandon,,,17:58,3.0,5.0,0.6,0.0,0.0,0.0,0.0,0.0,0.0,1.0,1.0,2.0,2.0,0.0,1.0,0.0,1.0,6.0,-5.0
22200257,1610612763,MEM,Memphis,1631222,Jake LaRavia,Jake,,,9:52,0.0,1.0,0.0,0.0,1.0,0.0,0.0,0.0,0.0,0.0,0.0,0.0,2.0,1.0,0.0,1.0,0.0,0.0,1.0
22200257,1610612763,MEM,Memphis,1631113,Kennedy Chandler,Kennedy,,DNP - Coach's Decision,,,,,,,,,,,,,,,,,,,,
22200257,1610612763,MEM,Memphis,1630214,Xavier Tillman,Xavier,,DNP - Coach's Decision,,,,,,,,,,,,,,,,,,,,
22200256,1610612751,BKN,Brooklyn,201142,Kevin Durant,Kevin,F,,36:46,9.0,14.0,0.643,0.0,1.0,0.0,2.0,2.0,1.0,0.0,5.0,5.0,5.0,0.0,2.0,3.0,0.0,20.0,-10.0
22200256,1610612751,BKN,Brooklyn,1626220,Royce O'Neale,Royce,F,,39:08,4.0,4.0,1.0,3.0,3.0,1.0,0.0,0.0,0.0,0.0,7.0,7.0,6.0,0.0,2.0,5.0,3.0,11.0,-13.0
22200256,1610612751,BKN,Brooklyn,1629651,Nic Claxton,Nic,C,,21:16,6.0,7.0,0.857,0.0,0.0,0.0,0.0,0.0,0.0,0.0,4.0,4.0,0.0,0.0,3.0,0.0,3.0,12.0,1.0
22200256,1610612751,BKN,Brooklyn,202681,Kyrie Irving,Kyrie,G,,30:32,10.0,18.0,0.556,2.0,8.0,0.25,1.0,1.0,1.0,0.0,2.0,2.0,2.0,1.0,2.0,2.0,0.0,23.0,-9.0
22200256,1610612751,BKN,Brooklyn,1627732,Ben Simmons,Ben,G,,32:24,4.0,7.0,0.571,0.0,0.0,0.0,3.0,6.0,0.5,2.0,5.0,7.0,11.0,3.0,3.0,3.0,3.0,11.0,-9.0
22200256,1610612751,BKN,Brooklyn,203925,Joe Harris,Joe,,,23:03,1.0,8.0,0.125,1.0,7.0,0.143,0.0,0.0,0.0,0.0,2.0,2.0,0.0,0.0,0.0,1.0,1.0,3.0,-16.0
22200256,1610612751,BKN,Brooklyn,203552,Seth Curry,Seth,,,23:51,5.0,12.0,0.417,2.0,6.0,0.333,2.0,2.0,1.0,0.0,2.0,2.0,2.0,1.0,1.0,1.0,1.0,14.0,-8.0
22200256,1610612751,BKN,Brooklyn,202693,Markieff Morris,Markieff,,,4:07,0.0,0.0,0.0,0.0,0.0,0.0,0.0,0.0,0.0,0.0,1.0,1.0,0.0,0.0,0.0,0.0,0.0,0.0,-6.0
22200256,1610612751,BKN,Brooklyn,201988,Patty Mills,Patty,,,13:15,1.0,3.0,0.333,1.0,3.0,0.333,0.0,0.0,0.0,1.0,0.0,1.0,2.0,0.0,0.0,0.0,2.0,3.0,0.0
22200256,1610612751,BKN,Brooklyn,1628410,Edmond Sumner,Edmond,,,3:08,3.0,3.0,1.0,0.0,0.0,0.0,1.0,1.0,1.0,0.0,0.0,0.0,0.0,0.0,0.0,0.0,0.0,7.0,5.0
22200256,1610612751,BKN,Brooklyn,1630561,David Duke Jr.,David,,,3:08,1.0,3.0,0.333,0.0,0.0,0.0,0.0,1.0,0.0,0.0,2.0,2.0,2.0,0.0,0.0,0.0,0.0,2.0,5.0
22200256,1610612751,BKN,Brooklyn,1630556,Kessler Edwards,Kessler,,,3:08,0.0,1.0,0.0,0.0,0.0,0.0,0.0,0.0,0.0,0.0,0.0,0.0,0.0,0.0,0.0,0.0,0.0,0.0,5.0
22200256,1610612751,BKN,Brooklyn,1630549,Day'Ron Sharpe,Day'Ron,,,3:08,0.0,0.0,0.0,0.0,0.0,0.0,0.0,0.0,0.0,1.0,0.0,1.0,0.0,0.0,0.0,0.0,2.0,0.0,5.0
22200256,1610612751,BKN,Brooklyn,1630560,Cam Thomas,Cam,,,3:08,0.0,0.0,0.0,0.0,0.0,0.0,0.0,0.0,0.0,0.0,1.0,1.0,1.0,0.0,0.0,0.0,0.0,0.0,5.0
22200256,1610612755,PHI,Philadelphia,202699,Tobias Harris,Tobias,F,,33:45,10.0,21.0,0.476,1.0,3.0,0.333,3.0,4.0,0.75,1.0,5.0,6.0,3.0,0.0,0.0,3.0,2.0,24.0,8.0
22200256,1610612755,PHI,Philadelphia,200782,P.J. Tucker,P.J.,F,,37:04,0.0,6.0,0.0,0.0,2.0,0.0,0.0,0.0,0.0,3.0,2.0,5.0,3.0,3.0,0.0,0.0,1.0,0.0,12.0
22200256,1610612755,PHI,Philadelphia,1626149,Montrezl Harrell,Montrezl,C,,15:45,2.0,8.0,0.25,0.0,0.0,0.0,2.0,2.0,1.0,6.0,1.0,7.0,0.0,0.0,0.0,1.0,1.0,6.0,-10.0
22200256,1610612755,PHI,Philadelphia,1629001,De'Anthony Melton,De'Anthony,G,,32:09,7.0,16.0,0.438,6.0,11.0,0.545,2.0,2.0,1.0,3.0,1.0,4.0,4.0,3.0,1.0,2.0,3.0,22.0,2.0
22200256,1610612755,PHI,Philadelphia,1629003,Shake Milton,Shake,G,,36:25,7.0,14.0,0.5,2.0,3.0,0.667,0.0,0.0,0.0,1.0,5.0,6.0,5.0,0.0,0.0,1.0,1.0,16.0,8.0
22200256,1610612755,PHI,Philadelphia,1627788,Furkan Korkmaz,Furkan,,,20:40,3.0,9.0,0.333,2.0,4.0,0.5,1.0,2.0,0.5,1.0,3.0,4.0,1.0,0.0,0.0,0.0,0.0,9.0,12.0
22200256,1610612755,PHI,Philadelphia,1630194,Paul Reed,Paul,,,31:13,7.0,9.0,0.778,0.0,0.0,0.0,5.0,6.0,0.833,5.0,5.0,10.0,0.0,3.0,2.0,2.0,1.0,19.0,21.0
22200256,1610612755,PHI,Philadelphia,1627777,Georges Niang,Georges,,,17:43,6.0,11.0,0.545,4.0,5.0,0.8,0.0,0.0,0.0,0.0,5.0,5.0,2.0,0.0,1.0,0.0,3.0,16.0,5.0
22200256,1610612755,PHI,Philadelphia,1627863,Danuel House Jr.,Danuel,,,9:29,0.0,1.0,0.0,0.0,1.0,0.0,0.0,0.0,0.0,0.0,2.0,2.0,1.0,0.0,0.0,0.0,0.0,0.0,-1.0
22200256,1610612755,PHI,Philadelphia,1629680,Matisse Thybulle,Matisse,,,3:22,1.0,3.0,0.333,1.0,3.0,0.333,0.0,0.0,0.0,0.0,0.0,0.0,0.0,0.0,0.0,0.0,0.0,3.0,-5.0
22200256,1610612755,PHI,Philadelphia,1630577,Julian Champagnie,Julian,,,1:23,0.0,1.0,0.0,0.0,0.0,0.0,0.0,0.0,0.0,0.0,0.0,0.0,0.0,0.0,0.0,0.0,0.0,0.0,-5.0
22200256,1610612755,PHI,Philadelphia,1630701,Michael Foster Jr.,Michael,,,1:02,0.0,0.0,0.0,0.0,0.0,0.0,0.0,0.0,0.0,0.0,0.0,0.0,0.0,0.0,0.0,0.0,0.0,0.0,-2.0
22200253,1610612744,GSW,Golden State,1630237,Anthony Lamb,Anthony,F,,34:24,1.0,5.0,0.2,0.0,4.0,0.0,0.0,0.0,0.0,1.0,5.0,6.0,5.0,1.0,1.0,2.0,4.0,2.0,-31.0
22200253,1610612744,GSW,Golden State,1630228,Jonathan Kuminga,Jonathan,F,,39:30,6.0,20.0,0.3,4.0,12.0,0.333,2.0,2.0,1.0,1.0,2.0,3.0,2.0,1.0,2.0,3.0,4.0,18.0,-38.0
22200253,1610612744,GSW,Golden State,1626172,Kevon Looney,Kevon,C,,5:23,0.0,0.0,0.0,0.0,0.0,0.0,0.0,0.0,0.0,0.0,3.0,3.0,0.0,0.0,0.0,1.0,1.0,0.0,-8.0
22200253,1610612744,GSW,Golden State,1628978,Donte DiVincenzo,Donte,G,,19:09,0.0,5.0,0.0,0.0,3.0,0.0,0.0,0.0,0.0,0.0,1.0,1.0,5.0,2.0,0.0,2.0,1.0,0.0,-26.0
22200253,1610612744,GSW,Golden State,1629673,Jordan Poole,Jordan,G,,26:56,9.0,18.0,0.5,2.0,9.0,0.222,6.0,7.0,0.857,0.0,0.0,0.0,0.0,1.0,1.0,4.0,1.0,26.0,-25.0
22200253,1610612744,GSW,Golden State,1629660,Ty Jerome,Ty,,,26:19,2.0,4.0,0.5,1.0,1.0,1.0,2.0,2.0,1.0,0.0,1.0,1.0,3.0,0.0,0.0,2.0,3.0,7.0,-26.0
22200253,1610612744,GSW,Golden State,203210,JaMychal Green,JaMychal,,,23:11,4.0,6.0,0.667,0.0,2.0,0.0,2.0,2.0,1.0,2.0,6.0,8.0,1.0,0.0,1.0,3.0,3.0,10.0,-21.0
22200253,1610612744,GSW,Golden State,1630541,Moses Moody,Moses,,,32:52,2.0,6.0,0.333,1.0,5.0,0.2,5.0,6.0,0.833,0.0,4.0,4.0,1.0,1.0,0.0,3.0,0.0,10.0,-29.0
22200253,1610612744,GSW,Golden State,1631116,Patrick Baldwin Jr.,Patrick,,,15:31,3.0,6.0,0.5,1.0,4.0,0.25,0.0,0.0,0.0,0.0,5.0,5.0,0.0,3.0,0.0,1.0,0.0,7.0,-18.0
22200253,1610612744,GSW,Golden State,1631157,Ryan Rollins,Ryan,,,16:45,1.0,4.0,0.25,1.0,3.0,0.333,0.0,0.0,0.0,0.0,3.0,3.0,0.0,0.0,0.0,5.0,3.0,3.0,-3.0
22200253,1610612744,GSW,Golden State,203952,Andrew Wiggins,Andrew,,DND - Injury/Illness,,,,,,,,,,,,,,,,,,,,
22200253,1610612740,NOP,New Orleans,1627742,Brandon Ingram,Brandon,F,,30:50,12.0,19.0,0.632,3.0,7.0,0.429,7.0,7.0,1.0,1.0,5.0,6.0,3.0,3.0,0.0,2.0,1.0,34.0,33.0
22200253,1610612740,NOP,New Orleans,1629627,Zion Williamson,Zion,F,,23:06,3.0,7.0,0.429,0.0,0.0,0.0,3.0,4.0,0.75,0.0,2.0,2.0,4.0,0.0,0.0,2.0,1.0,9.0,28.0
22200253,1610612740,NOP,New Orleans,202685,Jonas Valančiūnas,Jonas,C,,22:47,4.0,4.0,1.0,0.0,0.0,0.0,2.0,5.0,0.4,4.0,9.0,13.0,2.0,0.0,0.0,2.0,3.0,10.0,22.0
22200253,1610612740,NOP,New Orleans,1630529,Herbert Jones,Herbert,G,,19:46,1.0,6.0,0.167,0.0,4.0,0.0,1.0,2.0,0.5,0.0,3.0,3.0,2.0,1.0,3.0,2.0,3.0,3.0,18.0
22200253,1610612740,NOP,New Orleans,203468,CJ McCollum,CJ,G,,21:30,6.0,10.0,0.6,3.0,5.0,0.6,0.0,0.0,0.0,3.0,0.0,3.0,2.0,0.0,0.0,2.0,0.0,15.0,21.0
22200253,1610612740,NOP,New Orleans,1630230,Naji Marshall,Naji,,,23:26,3.0,7.0,0.429,0.0,2.0,0.0,0.0,0.0,0.0,0.0,4.0,4.0,7.0,1.0,0.0,1.0,0.0,6.0,19.0
22200253,1610612740,NOP,New Orleans,1626204,Larry Nance Jr.,Larry,,,17:51,2.0,4.0,0.5,0.0,1.0,0.0,0.0,0.0,0.0,0.0,3.0,3.0,0.0,2.0,2.0,0.0,1.0,4.0,19.0
22200253,1610612740,NOP,New Orleans,1628984,Devonte' Graham,Devonte',,,22:02,6.0,11.0,0.545,6.0,11.0,0.545,1.0,1.0,1.0,0.0,5.0,5.0,4.0,1.0,0.0,1.0,1.0,19.0,27.0
22200253,1610612740,NOP,New Orleans,1630700,Dyson Daniels,Dyson,,,20:24,4.0,7.0,0.571,1.0,3.0,0.333,0.0,0.0,0.0,0.0,5.0,5.0,2.0,2.0,0.0,0.0,5.0,9.0,14.0
22200253,1610612740,NOP,New Orleans,1630631,Jose Alvarado,Jose,,,16:12,4.0,7.0,0.571,2.0,5.0,0.4,0.0,0.0,0.0,0.0,1.0,1.0,3.0,3.0,0.0,0.0,1.0,10.0,12.0
22200253,1610612740,NOP,New Orleans,1626195,Willy Hernangomez,Willy,,,7:22,2.0,3.0,0.667,0.0,1.0,0.0,1.0,2.0,0.5,1.0,1.0,2.0,0.0,0.0,0.0,1.0,0.0,5.0,4.0
22200253,1610612740,NOP,New Orleans,202066,Garrett Temple,Garrett,,,7:22,1.0,4.0,0.25,0.0,2.0,0.0,0.0,0.0,0.0,0.0,0.0,0.0,1.0,1.0,0.0,0.0,0.0,2.0,4.0
22200253,1610612740,NOP,New Orleans,1629637,Jaxson Hayes,Jaxson,,,7:22,1.0,2.0,0.5,0.0,1.0,0.0,0.0,0.0,0.0,2.0,1.0,3.0,0.0,1.0,0.0,1.0,0.0,2.0,4.0
22200252,1610612748,MIA,Miami,1628997,Caleb Martin,Caleb,F,,40:07,3.0,7.0,0.429,0.0,2.0,0.0,2.0,4.0,0.5,3.0,3.0,6.0,3.0,3.0,1.0,1.0,2.0,8.0,-1.0
22200252,1610612748,MIA,Miami,1631107,Nikola Jović,Nikola,F,,22:54,1.0,5.0,0.2,0.0,3.0,0.0,2.0,2.0,1.0,1.0,4.0,5.0,3.0,1.0,0.0,1.0,1.0,4.0,-2.0
22200252,1610612748,MIA,Miami,1628389,Bam Adebayo,Bam,C,,34:59,7.0,18.0,0.389,0.0,2.0,0.0,3.0,6.0,0.5,4.0,10.0,14.0,5.0,0.0,2.0,1.0,5.0,17.0,-11.0
22200252,1610612748,MIA,Miami,1629622,Max Strus,Max,G,,40:23,7.0,23.0,0.304,4.0,15.0,0.267,1.0,1.0,1.0,1.0,5.0,6.0,2.0,1.0,0.0,4.0,4.0,19.0,-6.0
22200252,1610612748,MIA,Miami,200768,Kyle Lowry,Kyle,G,,44:22,5.0,16.0,0.313,4.0,11.0,0.364,7.0,11.0,0.636,0.0,5.0,5.0,9.0,3.0,2.0,4.0,1.0,21.0,-12.0
22200252,1610612748,MIA,Miami,1629312,Haywood Highsmith,Haywood,,,19:53,4.0,7.0,0.571,2.0,3.0,0.667,2.0,2.0,1.0,2.0,3.0,5.0,0.0,0.0,0.0,4.0,3.0,12.0,7.0
22200252,1610612748,MIA,Miami,1631288,Jamal Cain,Jamal,,,24:58,5.0,7.0,0.714,0.0,0.0,0.0,0.0,0.0,0.0,0.0,2.0,2.0,1.0,1.0,0.0,0.0,1.0,10.0,0.0
22200252,1610612748,MIA,Miami,203473,Dewayne Dedmon,Dewayne,,,12:24,3.0,7.0,0.429,1.0,2.0,0.5,3.0,4.0,0.75,1.0,2.0,3.0,3.0,0.0,0.0,0.0,3.0,10.0,5.0
22200252,1610612748,MIA,Miami,1629130,Duncan Robinson,Duncan,,DND - Injury/Illness,,,,,,,,,,,,,,,,,,,,
22200252,1610612748,MIA,Miami,1631115,Orlando Robinson,Orlando,,DNP - Coach's Decision,,,,,,,,,,,,,,,,,,,,
22200252,1610612748,MIA,Miami,1629216,Gabe Vincent,Gabe,,DNP - Injury/Illness,,,,,,,,,,,,,,,,,,,,
22200252,1610612750,MIN,Minnesota,1630183,Jaden McDaniels,Jaden,F,,32:07,7.0,14.0,0.5,3.0,6.0,0.5,1.0,1.0,1.0,2.0,2.0,4.0,3.0,0.0,0.0,2.0,2.0,18.0,18.0
22200252,1610612750,MIN,Minnesota,1626157,Karl-Anthony Towns,Karl-Anthony,F,,34:26,8.0,15.0,0.533,2.0,8.0,0.25,7.0,8.0,0.875,1.0,7.0,8.0,9.0,1.0,1.0,3.0,6.0,25.0,14.0
22200252,1610612750,MIN,Minnesota,203497,Rudy Gobert,Rudy,C,,31:23,0.0,0.0,0.0,0.0,0.0,0.0,4.0,4.0,1.0,2.0,7.0,9.0,0.0,1.0,2.0,1.0,4.0,4.0,3.0
22200252,1610612750,MIN,Minnesota,1630162,Anthony Edwards,Anthony,G,,38:30,9.0,21.0,0.429,4.0,12.0,0.333,0.0,1.0,0.0,1.0,6.0,7.0,4.0,4.0,1.0,4.0,3.0,22.0,0.0
22200252,1610612750,MIN,Minnesota,1626156,D'Angelo Russell,D'Angelo,G,,27:59,1.0,5.0,0.2,0.0,4.0,0.0,1.0,1.0,1.0,0.0,3.0,3.0,5.0,1.0,1.0,0.0,2.0,3.0,-2.0
22200252,1610612750,MIN,Minnesota,1627752,Taurean Prince,Taurean,,,30:13,3.0,7.0,0.429,1.0,4.0,0.25,0.0,0.0,0.0,0.0,4.0,4.0,2.0,0.0,0.0,5.0,4.0,7.0,2.0
22200252,1610612750,MIN,Minnesota,1629162,Jordan McLaughlin,Jordan,,,15:50,4.0,5.0,0.8,4.0,5.0,0.8,0.0,0.0,0.0,0.0,0.0,0.0,3.0,2.0,0.0,0.0,0.0,12.0,6.0
22200252,1610612750,MIN,Minnesota,1629675,Naz Reid,Naz,,,16:11,3.0,9.0,0.333,0.0,2.0,0.0,3.0,4.0,0.75,0.0,4.0,4.0,2.0,0.0,1.0,1.0,3.0,9.0,-25.0
22200252,1610612750,MIN,Minnesota,1629669,Jaylen Nowell,Jaylen,,,9:10,2.0,7.0,0.286,0.0,4.0,0.0,1.0,1.0,1.0,0.0,1.0,1.0,2.0,0.0,0.0,2.0,0.0,5.0,4.0
22200252,1610612750,MIN,Minnesota,1627854,Bryn Forbes,Bryn,,,4:11,0.0,2.0,0.0,0.0,2.0,0.0,0.0,0.0,0.0,0.0,0.0,0.0,0.0,0.0,0.0,0.0,1.0,0.0,0.0
22200252,1610612750,MIN,Minnesota,203937,Kyle Anderson,Kyle,,DND - Injury/Illness,,,,,,,,,,,,,,,,,,,,
22200252,1610612750,MIN,Minnesota,1630233,Nathan Knight,Nathan,,DNP - Coach's Decision,,,,,,,,,,,,,,,,,,,,
22200252,1610612750,MIN,Minnesota,1631169,Josh Minott,Josh,,DNP - Coach's Decision,,,,,,,,,,,,,,,,,,,,
22200252,1610612750,MIN,Minnesota,1631111,Wendell Moore Jr.,Wendell,,DNP - Coach's Decision,,,,,,,,,,,,,,,,,,,,
22200252,1610612750,MIN,Minnesota,203085,Austin Rivers,Austin,,DNP - Coach's Decision,,,,,,,,,,,,,,,,,,,,
22200249,1610612753,ORL,Orlando,1629643,Chuma Okeke,Chuma,F,,12:06,0.0,3.0,0.0,0.0,3.0,0.0,0.0,0.0,0.0,0.0,0.0,0.0,0.0,0.0,0.0,0.0,1.0,0.0,-9.0
22200249,1610612753,ORL,Orlando,1629626,Bol Bol,Bol,F,,27:12,4.0,11.0,0.364,0.0,1.0,0.0,1.0,2.0,0.5,1.0,8.0,9.0,2.0,0.0,0.0,4.0,2.0,9.0,-14.0
22200249,1610612753,ORL,Orlando,1628964,Mo Bamba,Mo,C,,32:55,5.0,6.0,0.833,2.0,3.0,0.667,3.0,3.0,1.0,0.0,4.0,4.0,1.0,0.0,0.0,2.0,2.0,15.0,-7.0
22200249,1610612753,ORL,Orlando,1630532,Franz Wagner,Franz,G,,30:33,6.0,11.0,0.545,0.0,1.0,0.0,8.0,10.0,0.8,0.0,6.0,6.0,3.0,1.0,0.0,3.0,5.0,20.0,-16.0
22200249,1610612753,ORL,Orlando,1630591,Jalen Suggs,Jalen,G,,23:54,5.0,13.0,0.385,1.0,4.0,0.25,1.0,2.0,0.5,1.0,1.0,2.0,4.0,4.0,0.0,2.0,1.0,12.0,-13.0
22200249,1610612753,ORL,Orlando,1629678,Admiral Schofield,Admiral,,,21:17,4.0,11.0,0.364,2.0,7.0,0.286,0.0,0.0,0.0,3.0,0.0,3.0,1.0,0.0,0.0,0.0,4.0,10.0,-7.0
22200249,1610612753,ORL,Orlando,203914,Gary Harris,Gary,,,22:31,6.0,11.0,0.545,3.0,6.0,0.5,3.0,3.0,1.0,1.0,2.0,3.0,0.0,0.0,0.0,1.0,5.0,18.0,-9.0
22200249,1610612753,ORL,Orlando,203082,Terrence Ross,Terrence,,,21:51,2.0,7.0,0.286,2.0,5.0,0.4,0.0,0.0,0.0,0.0,2.0,2.0,2.0,3.0,1.0,1.0,0.0,6.0,-8.0
22200249,1610612753,ORL,Orlando,1631216,Caleb Houstan,Caleb,,,12:37,1.0,1.0,1.0,1.0,1.0,1.0,1.0,2.0,0.5,1.0,0.0,1.0,1.0,0.0,0.0,1.0,3.0,4.0,-9.0
22200249,1610612753,ORL,Orlando,1630181,R.J. Hampton,R.J.,,,21:12,2.0,7.0,0.286,0.0,3.0,0.0,2.0,3.0,0.667,1.0,1.0,2.0,5.0,1.0,0.0,1.0,1.0,6.0,-11.0
22200249,1610612753,ORL,Orlando,1630284,Kevon Harris,Kevon,,,13:52,1.0,4.0,0.25,0.0,1.0,0.0,0.0,0.0,0.0,4.0,2.0,6.0,1.0,1.0,1.0,2.0,1.0,2.0,-2.0
22200249,1610612754,IND,Indiana,1627741,Buddy Hield,Buddy,F,,21:49,3.0,13.0,0.231,1.0,10.0,0.1,2.0,2.0,1.0,1.0,4.0,5.0,0.0,1.0,0.0,2.0,1.0,9.0,3.0
22200249,1610612754,IND,Indiana,1630188,Jalen Smith,Jalen,F,,17:40,3.0,8.0,0.375,0.0,4.0,0.0,0.0,0.0,0.0,2.0,2.0,4.0,1.0,0.0,1.0,0.0,1.0,6.0,4.0
22200249,1610612754,IND,Indiana,1626167,Myles Turner,Myles,C,,26:25,3.0,9.0,0.333,0.0,3.0,0.0,4.0,4.0,1.0,0.0,5.0,5.0,1.0,1.0,3.0,1.0,3.0,10.0,18.0
22200249,1610612754,IND,Indiana,1630174,Aaron Nesmith,Aaron,G,,30:52,3.0,7.0,0.429,2.0,6.0,0.333,1.0,1.0,1.0,0.0,8.0,8.0,2.0,1.0,0.0,4.0,4.0,9.0,14.0
22200249,1610612754,IND,Indiana,1630169,Tyrese Haliburton,Tyrese,G,,27:24,7.0,12.0,0.583,1.0,5.0,0.2,3.0,3.0,1.0,0.0,4.0,4.0,14.0,0.0,0.0,7.0,0.0,18.0,13.0
22200249,1610612754,IND,Indiana,1630543,Isaiah Jackson,Isaiah,,,21:35,5.0,5.0,1.0,0.0,0.0,0.0,0.0,0.0,0.0,4.0,4.0,8.0,1.0,1.0,1.0,0.0,5.0,10.0,3.0
22200249,1610612754,IND,Indiana,1631097,Bennedict Mathurin,Bennedict,,,26:31,6.0,13.0,0.462,2.0,6.0,0.333,8.0,10.0,0.8,3.0,2.0,5.0,1.0,0.0,0.0,3.0,3.0,22.0,13.0
22200249,1610612754,IND,Indiana,204456,T.J. McConnell,T.J.,,,31:38,7.0,8.0,0.875,3.0,4.0,0.75,2.0,2.0,1.0,1.0,4.0,5.0,10.0,3.0,0.0,3.0,2.0,19.0,22.0
22200249,1610612754,IND,Indiana,1629052,Oshae Brissett,Oshae,,,26:44,5.0,9.0,0.556,4.0,7.0,0.571,4.0,5.0,0.8,1.0,2.0,3.0,1.0,2.0,0.0,0.0,1.0,18.0,19.0
22200249,1610612754,IND,Indiana,1630678,Terry Taylor,Terry,,,4:48,1.0,1.0,1.0,0.0,0.0,0.0,0.0,0.0,0.0,0.0,0.0,0.0,1.0,0.0,0.0,0.0,1.0,2.0,-2.0
22200249,1610612754,IND,Indiana,1629048,Goga Bitadze,Goga,,,4:34,0.0,1.0,0.0,0.0,1.0,0.0,0.0,0.0,0.0,0.0,1.0,1.0,0.0,0.0,0.0,1.0,2.0,0.0,-2.0
22200249,1610612754,IND,Indiana,201949,James Johnson,James,,DNP - Coach's Decision,,,,,,,,,,,,,,,,,,,,
22200249,1610612754,IND,Indiana,1629614,Andrew Nembhard,Andrew,,DND - Injury/Illness,,,,,,,,,,,,,,,,,,,,
22200248,1610612737,ATL,Atlanta,1631100,AJ Griffin,AJ,F,,35:55,7.0,11.0,0.636,3.0,6.0,0.5,0.0,0.0,0.0,1.0,1.0,2.0,1.0,3.0,0.0,2.0,3.0,17.0,-8.0
22200248,1610612737,ATL,Atlanta,1628381,John Collins,John,F,,33:55,5.0,9.0,0.556,3.0,5.0,0.6,3.0,3.0,1.0,1.0,0.0,1.0,2.0,2.0,1.0,2.0,5.0,16.0,-5.0
22200248,1610612737,ATL,Atlanta,203991,Clint Capela,Clint,C,,27:08,2.0,5.0,0.4,0.0,0.0,0.0,0.0,0.0,0.0,2.0,10.0,12.0,3.0,2.0,2.0,1.0,4.0,4.0,-14.0
22200248,1610612737,ATL,Atlanta,1627749,Dejounte Murray,Dejounte,G,,37:19,4.0,17.0,0.235,1.0,4.0,0.25,2.0,2.0,1.0,1.0,3.0,4.0,6.0,1.0,0.0,4.0,1.0,11.0,6.0
22200248,1610612737,ATL,Atlanta,1629027,Trae Young,Trae,G,,35:27,10.0,22.0,0.455,1.0,7.0,0.143,4.0,6.0,0.667,0.0,2.0,2.0,10.0,1.0,0.0,6.0,1.0,25.0,-19.0
22200248,1610612737,ATL,Atlanta,1628988,Aaron Holiday,Aaron,,,18:40,1.0,6.0,0.167,1.0,4.0,0.25,0.0,0.0,0.0,2.0,1.0,3.0,0.0,0.0,0.0,0.0,2.0,3.0,0.0
22200248,1610612737,ATL,Atlanta,1630168,Onyeka Okongwu,Onyeka,,,19:44,6.0,9.0,0.667,0.0,1.0,0.0,6.0,6.0,1.0,3.0,7.0,10.0,0.0,0.0,0.0,1.0,1.0,18.0,4.0
22200248,1610612737,ATL,Atlanta,203200,Justin Holiday,Justin,,,15:31,0.0,3.0,0.0,0.0,3.0,0.0,0.0,0.0,0.0,0.0,0.0,0.0,1.0,0.0,0.0,0.0,2.0,0.0,4.0
22200248,1610612737,ATL,Atlanta,1630552,Jalen Johnson,Jalen,,,14:05,3.0,4.0,0.75,2.0,3.0,0.667,0.0,0.0,0.0,0.0,1.0,1.0,1.0,2.0,0.0,0.0,2.0,8.0,5.0
22200248,1610612737,ATL,Atlanta,1630249,Vít Krejčí,Vít,,,1:08,0.0,1.0,0.0,0.0,1.0,0.0,0.0,0.0,0.0,0.0,0.0,0.0,0.0,0.0,0.0,0.0,0.0,0.0,3.0
22200248,1610612737,ATL,Atlanta,1626163,Frank Kaminsky,Frank,,,1:08,0.0,0.0,0.0,0.0,0.0,0.0,0.0,0.0,0.0,0.0,0.0,0.0,0.0,0.0,0.0,0.0,0.0,0.0,3.0
22200248,1610612739,CLE,Cleveland,1630205,Lamar Stevens,Lamar,F,,28:32,3.0,5.0,0.6,1.0,1.0,1.0,1.0,2.0,0.5,0.0,3.0,3.0,0.0,0.0,0.0,1.0,2.0,8.0,1.0
22200248,1610612739,CLE,Cleveland,1630596,Evan Mobley,Evan,F,,35:33,4.0,6.0,0.667,0.0,0.0,0.0,2.0,2.0,1.0,2.0,7.0,9.0,3.0,1.0,1.0,4.0,2.0,10.0,5.0
22200248,1610612739,CLE,Cleveland,1628386,Jarrett Allen,Jarrett,C,,33:10,3.0,5.0,0.6,0.0,0.0,0.0,2.0,2.0,1.0,0.0,11.0,11.0,1.0,2.0,1.0,1.0,0.0,8.0,7.0
22200248,1610612739,CLE,Cleveland,1628378,Donovan Mitchell,Donovan,G,,38:39,11.0,22.0,0.5,4.0,8.0,0.5,3.0,4.0,0.75,0.0,4.0,4.0,9.0,3.0,0.0,3.0,2.0,29.0,8.0
22200248,1610612739,CLE,Cleveland,1629636,Darius Garland,Darius,G,,38:06,9.0,14.0,0.643,2.0,4.0,0.5,6.0,6.0,1.0,0.0,0.0,0.0,9.0,1.0,0.0,8.0,1.0,26.0,4.0
22200248,1610612739,CLE,Cleveland,1626224,Cedi Osman,Cedi,,,28:56,8.0,10.0,0.8,3.0,4.0,0.75,4.0,5.0,0.8,0.0,3.0,3.0,0.0,0.0,0.0,1.0,4.0,23.0,7.0
22200248,1610612739,CLE,Cleveland,201577,Robin Lopez,Robin,,,10:15,3.0,3.0,1.0,0.0,0.0,0.0,0.0,0.0,0.0,1.0,1.0,2.0,1.0,1.0,0.0,0.0,1.0,6.0,5.0
22200248,1610612739,CLE,Cleveland,1630171,Isaac Okoro,Isaac,,,15:06,1.0,3.0,0.333,0.0,1.0,0.0,2.0,2.0,1.0,0.0,1.0,1.0,0.0,0.0,1.0,1.0,4.0,4.0,3.0
22200248,1610612739,CLE,Cleveland,201567,Kevin Love,Kevin,,,11:43,0.0,2.0,0.0,0.0,1.0,0.0,0.0,0.0,0.0,0.0,4.0,4.0,1.0,0.0,0.0,0.0,1.0,0.0,-1.0
22200248,1610612739,CLE,Cleveland,1629603,Mamadi Diakite,Mamadi,,DNP - Coach's Decision,,,,,,,,,,,,,,,,,,,,
22200248,1610612739,CLE,Cleveland,203526,Raul Neto,Raul,,DNP - Coach's Decision,,,,,,,,,,,,,,,,,,,,
22200254,1610612752,NYK,New York,1629628,RJ Barrett,RJ,F,,37:29,10.0,16.0,0.625,3.0,4.0,0.75,2.0,2.0,1.0,2.0,6.0,8.0,2.0,1.0,0.0,6.0,3.0,25.0,3.0
22200254,1610612752,NYK,New York,203944,Julius Randle,Julius,F,,33:14,9.0,16.0,0.563,2.0,6.0,0.333,5.0,6.0,0.833,1.0,10.0,11.0,1.0,0.0,0.0,2.0,5.0,25.0,8.0
22200254,1610612752,NYK,New York,1629011,Mitchell Robinson,Mitchell,C,,13:10,1.0,1.0,1.0,0.0,0.0,0.0,1.0,2.0,0.5,0.0,2.0,2.0,1.0,1.0,0.0,0.0,2.0,3.0,5.0
22200254,1610612752,NYK,New York,1629656,Quentin Grimes,Quentin,G,,33:23,4.0,10.0,0.4,0.0,4.0,0.0,0.0,0.0,0.0,1.0,4.0,5.0,1.0,2.0,0.0,1.0,5.0,8.0,9.0
22200254,1610612752,NYK,New York,1628973,Jalen Brunson,Jalen,G,,34:15,14.0,20.0,0.7,1.0,6.0,0.167,5.0,6.0,0.833,0.0,0.0,0.0,9.0,1.0,0.0,2.0,1.0,34.0,5.0
22200254,1610612752,NYK,New York,1630193,Immanuel Quickley,Immanuel,,,25:12,6.0,8.0,0.75,4.0,5.0,0.8,2.0,2.0,1.0,1.0,2.0,3.0,4.0,1.0,0.0,0.0,3.0,18.0,11.0
22200254,1610612752,NYK,New York,1628392,Isaiah Hartenstein,Isaiah,,,15:48,1.0,4.0,0.25,0.0,1.0,0.0,0.0,0.0,0.0,5.0,3.0,8.0,0.0,1.0,1.0,0.0,0.0,2.0,3.0
22200254,1610612752,NYK,New York,1630540,Miles McBride,Miles,,,14:38,1.0,6.0,0.167,0.0,3.0,0.0,1.0,2.0,0.5,0.0,1.0,1.0,2.0,2.0,0.0,1.0,2.0,3.0,3.0
22200254,1610612752,NYK,New York,1630167,Obi Toppin,Obi,,,17:39,2.0,11.0,0.182,1.0,5.0,0.2,0.0,0.0,0.0,1.0,2.0,3.0,1.0,1.0,0.0,0.0,4.0,5.0,4.0
22200254,1610612752,NYK,New York,1630579,Jericho Sims,Jericho,,,15:12,3.0,5.0,0.6,0.0,0.0,0.0,0.0,0.0,0.0,3.0,4.0,7.0,0.0,0.0,1.0,1.0,3.0,6.0,-1.0
22200254,1610612752,NYK,New York,1627853,Ryan Arcidiacono,Ryan,,DNP - Coach's Decision,,,,,,,,,,,,,,,,,,,,
22200254,1610612752,NYK,New York,203095,Evan Fournier,Evan,,DNP - Coach's Decision,,,,,,,,,,,,,,,,,,,,
22200254,1610612752,NYK,New York,1629004,Svi Mykhailiuk,Svi,,DNP - Coach's Decision,,,,,,,,,,,,,,,,,,,,
22200254,1610612760,OKC,Oklahoma City,1629652,Luguentz Dort,Luguentz,F,,31:43,9.0,14.0,0.643,3.0,4.0,0.75,3.0,4.0,0.75,4.0,4.0,8.0,3.0,1.0,1.0,1.0,4.0,24.0,-7.0
22200254,1610612760,OKC,Oklahoma City,1629026,Kenrich Williams,Kenrich,F,,17:03,2.0,4.0,0.5,0.0,1.0,0.0,0.0,0.0,0.0,1.0,0.0,1.0,1.0,0.0,0.0,1.0,3.0,4.0,-4.0
22200254,1610612760,OKC,Oklahoma City,1630526,Jeremiah Robinson-Earl,Jeremiah,C,,21:42,3.0,5.0,0.6,2.0,3.0,0.667,0.0,0.0,0.0,1.0,1.0,2.0,2.0,0.0,0.0,1.0,2.0,8.0,-8.0
22200254,1610612760,OKC,Oklahoma City,1630581,Josh Giddey,Josh,G,,33:45,8.0,15.0,0.533,0.0,2.0,0.0,2.0,2.0,1.0,3.0,6.0,9.0,7.0,1.0,0.0,3.0,1.0,18.0,-2.0
22200254,1610612760,OKC,Oklahoma City,1628983,Shai Gilgeous-Alexander,Shai,G,,34:36,9.0,22.0,0.409,0.0,2.0,0.0,12.0,13.0,0.923,1.0,4.0,5.0,7.0,1.0,1.0,3.0,3.0,30.0,-7.0
22200254,1610612760,OKC,Oklahoma City,1631114,Jalen Williams,Jalen,,,26:12,5.0,11.0,0.455,0.0,3.0,0.0,3.0,4.0,0.75,0.0,4.0,4.0,0.0,1.0,0.0,2.0,1.0,13.0,-14.0
22200254,1610612760,OKC,Oklahoma City,1630647,Eugene Omoruyi,Eugene,,,14:30,1.0,3.0,0.333,0.0,1.0,0.0,0.0,0.0,0.0,0.0,0.0,0.0,0.0,1.0,0.0,1.0,2.0,2.0,6.0
22200254,1610612760,OKC,Oklahoma City,1629647,Darius Bazley,Darius,,,18:26,2.0,5.0,0.4,0.0,2.0,0.0,3.0,7.0,0.429,1.0,2.0,3.0,0.0,0.0,3.0,0.0,0.0,7.0,-5.0
22200254,1610612760,OKC,Oklahoma City,1630544,Tre Mann,Tre,,,12:00,1.0,5.0,0.2,1.0,3.0,0.333,0.0,0.0,0.0,0.0,1.0,1.0,2.0,0.0,0.0,1.0,0.0,3.0,-9.0
22200254,1610612760,OKC,Oklahoma City,1630598,Aaron Wiggins,Aaron,,,11:18,1.0,1.0,1.0,0.0,0.0,0.0,2.0,2.0,1.0,0.0,3.0,3.0,0.0,0.0,0.0,1.0,0.0,4.0,-4.0
22200254,1610612760,OKC,Oklahoma City,1630322,Lindy Waters III,Lindy,,,7:38,1.0,1.0,1.0,1.0,1.0,1.0,0.0,0.0,0.0,0.0,0.0,0.0,0.0,0.0,0.0,0.0,1.0,3.0,-1.0
22200254,1610612760,OKC,Oklahoma City,203488,Mike Muscala,Mike,,,7:44,1.0,2.0,0.5,1.0,2.0,0.5,0.0,0.0,0.0,0.0,1.0,1.0,1.0,0.0,0.0,0.0,1.0,3.0,1.0
22200254,1610612760,OKC,Oklahoma City,1630198,Isaiah Joe,Isaiah,,,3:23,0.0,0.0,0.0,0.0,0.0,0.0,0.0,0.0,0.0,0.0,1.0,1.0,2.0,0.0,0.0,0.0,0.0,0.0,4.0
22200254,1610612760,OKC,Oklahoma City,1631119,Jaylin Williams,Jaylin,,DNP - Coach's Decision,,,,,,,,,,,,,,,,,,,,
22200250,1610612738,BOS,Boston,1628369,Jayson Tatum,Jayson,F,,35:46,9.0,19.0,0.474,4.0,10.0,0.4,6.0,7.0,0.857,2.0,9.0,11.0,7.0,0.0,0.0,4.0,1.0,28.0,-13.0
22200250,1610612738,BOS,Boston,1629684,Grant Williams,Grant,F,,34:49,5.0,9.0,0.556,3.0,7.0,0.429,0.0,0.0,0.0,1.0,6.0,7.0,1.0,0.0,0.0,1.0,2.0,13.0,-10.0
22200250,1610612738,BOS,Boston,201143,Al Horford,Al,C,,34:46,0.0,9.0,0.0,0.0,7.0,0.0,0.0,0.0,0.0,1.0,4.0,5.0,2.0,2.0,2.0,1.0,1.0,0.0,-11.0
22200250,1610612738,BOS,Boston,1627759,Jaylen Brown,Jaylen,G,,38:03,9.0,20.0,0.45,4.0,10.0,0.4,3.0,5.0,0.6,0.0,7.0,7.0,2.0,0.0,0.0,5.0,1.0,25.0,-8.0
22200250,1610612738,BOS,Boston,203935,Marcus Smart,Marcus,G,,34:58,3.0,9.0,0.333,2.0,5.0,0.4,0.0,0.0,0.0,0.0,1.0,1.0,8.0,1.0,1.0,3.0,3.0,8.0,-15.0
22200250,1610612738,BOS,Boston,1627763,Malcolm Brogdon,Malcolm,,,25:09,8.0,13.0,0.615,5.0,6.0,0.833,2.0,3.0,0.667,0.0,1.0,1.0,6.0,0.0,1.0,0.0,1.0,23.0,-5.0
22200250,1610612738,BOS,Boston,1628401,Derrick White,Derrick,,,17:43,2.0,5.0,0.4,0.0,3.0,0.0,0.0,0.0,0.0,0.0,2.0,2.0,2.0,0.0,0.0,1.0,3.0,4.0,1.0
22200250,1610612738,BOS,Boston,1628436,Luke Kornet,Luke,,,6:21,1.0,1.0,1.0,0.0,0.0,0.0,0.0,0.0,0.0,1.0,1.0,2.0,0.0,0.0,0.0,0.0,2.0,2.0,-7.0
22200250,1610612738,BOS,Boston,1630573,Sam Hauser,Sam,,,12:25,1.0,2.0,0.5,1.0,2.0,0.5,1.0,2.0,0.5,0.0,2.0,2.0,0.0,0.0,0.0,0.0,4.0,4.0,-2.0
22200250,1610612738,BOS,Boston,201933,Blake Griffin,Blake,,DNP - Coach's Decision,,,,,,,,,,,,,,,,,,,,
22200250,1610612738,BOS,Boston,1628382,Justin Jackson,Justin,,DNP - Coach's Decision,,,,,,,,,,,,,,,,,,,,
22200250,1610612738,BOS,Boston,1630202,Payton Pritchard,Payton,,DNP - Coach's Decision,,,,,,,,,,,,,,,,,,,,
22200250,1610612738,BOS,Boston,203943,Noah Vonleh,Noah,,DNP - Coach's Decision,,,,,,,,,,,,,,,,,,,,
22200250,1610612741,CHI,Chicago,201942,DeMar DeRozan,DeMar,F,,35:03,11.0,24.0,0.458,3.0,3.0,1.0,3.0,3.0,1.0,0.0,8.0,8.0,4.0,1.0,0.0,2.0,3.0,28.0,20.0
22200250,1610612741,CHI,Chicago,1630172,Patrick Williams,Patrick,F,,25:40,6.0,9.0,0.667,3.0,4.0,0.75,2.0,2.0,1.0,0.0,4.0,4.0,0.0,1.0,0.0,1.0,1.0,17.0,9.0
22200250,1610612741,CHI,Chicago,202696,Nikola Vučević,Nikola,C,,35:03,6.0,7.0,0.857,0.0,1.0,0.0,0.0,1.0,0.0,1.0,12.0,13.0,6.0,0.0,0.0,0.0,0.0,12.0,20.0
22200250,1610612741,CHI,Chicago,203897,Zach LaVine,Zach,G,,33:43,8.0,20.0,0.4,5.0,10.0,0.5,1.0,2.0,0.5,2.0,3.0,5.0,5.0,2.0,0.0,3.0,5.0,22.0,14.0
22200250,1610612741,CHI,Chicago,1630245,Ayo Dosunmu,Ayo,G,,36:05,5.0,8.0,0.625,0.0,1.0,0.0,0.0,0.0,0.0,0.0,3.0,3.0,2.0,0.0,0.0,1.0,5.0,10.0,16.0
22200250,1610612741,CHI,Chicago,1629750,Javonte Green,Javonte,,,12:01,3.0,3.0,1.0,0.0,0.0,0.0,2.0,4.0,0.5,1.0,2.0,3.0,1.0,0.0,0.0,0.0,1.0,8.0,-3.0
22200250,1610612741,CHI,Chicago,1627936,Alex Caruso,Alex,,,28:34,4.0,7.0,0.571,2.0,4.0,0.5,0.0,0.0,0.0,0.0,1.0,1.0,4.0,4.0,0.0,0.0,3.0,10.0,6.0
22200250,1610612741,CHI,Chicago,203083,Andre Drummond,Andre,,,12:57,1.0,2.0,0.5,0.0,0.0,0.0,3.0,4.0,0.75,4.0,8.0,12.0,1.0,0.0,0.0,2.0,1.0,5.0,-6.0
22200250,1610612741,CHI,Chicago,201609,Goran Dragic,Goran,,,7:11,0.0,1.0,0.0,0.0,0.0,0.0,0.0,0.0,0.0,0.0,0.0,0.0,0.0,1.0,0.0,1.0,0.0,0.0,-3.0
22200250,1610612741,CHI,Chicago,1629632,Coby White,Coby,,,13:43,2.0,8.0,0.25,1.0,6.0,0.167,4.0,4.0,1.0,0.0,2.0,2.0,3.0,1.0,1.0,1.0,0.0,9.0,-3.0
22200250,1610612741,CHI,Chicago,1628396,Tony Bradley,Tony,,DNP - Coach's Decision,,,,,,,,,,,,,,,,,,,,
22200250,1610612741,CHI,Chicago,1627884,Derrick Jones Jr.,Derrick,,DNP - Coach's Decision,,,,,,,,,,,,,,,,,,,,
22200250,1610612741,CHI,Chicago,1631207,Dalen Terry,Dalen,,DNP - Coach's Decision,,,,,,,,,,,,,,,,,,,,
22200255,1610612762,UTA,Utah,1628374,Lauri Markkanen,Lauri,F,,38:49,10.0,21.0,0.476,1.0,5.0,0.2,4.0,4.0,1.0,7.0,3.0,10.0,3.0,1.0,1.0,2.0,1.0,25.0,14.0
22200255,1610612762,UTA,Utah,203482,Kelly Olynyk,Kelly,F,,31:38,6.0,7.0,0.857,3.0,3.0,1.0,4.0,4.0,1.0,3.0,4.0,7.0,4.0,2.0,0.0,1.0,4.0,19.0,-4.0
22200255,1610612762,UTA,Utah,1629020,Jarred Vanderbilt,Jarred,C,,24:06,1.0,4.0,0.25,0.0,0.0,0.0,4.0,4.0,1.0,3.0,7.0,10.0,5.0,1.0,0.0,3.0,1.0,6.0,-7.0
22200255,1610612762,UTA,Utah,203903,Jordan Clarkson,Jordan,G,,39:09,8.0,18.0,0.444,4.0,11.0,0.364,6.0,7.0,0.857,1.0,3.0,4.0,4.0,1.0,1.0,1.0,0.0,26.0,7.0
22200255,1610612762,UTA,Utah,1629012,Collin Sexton,Collin,G,,28:00,5.0,13.0,0.385,0.0,2.0,0.0,0.0,0.0,0.0,0.0,2.0,2.0,1.0,0.0,0.0,0.0,2.0,10.0,-9.0
22200255,1610612762,UTA,Utah,1629659,Talen Horton-Tucker,Talen,,,20:00,5.0,9.0,0.556,2.0,4.0,0.5,2.0,3.0,0.667,1.0,1.0,2.0,2.0,2.0,2.0,4.0,5.0,14.0,2.0
22200255,1610612762,UTA,Utah,1627736,Malik Beasley,Malik,,,30:10,2.0,11.0,0.182,2.0,10.0,0.2,0.0,0.0,0.0,0.0,6.0,6.0,1.0,1.0,0.0,2.0,2.0,6.0,-14.0
22200255,1610612762,UTA,Utah,1631117,Walker Kessler,Walker,,,11:53,2.0,2.0,1.0,0.0,0.0,0.0,0.0,0.0,0.0,1.0,1.0,2.0,1.0,0.0,0.0,1.0,2.0,4.0,-4.0
22200255,1610612762,UTA,Utah,1629638,Nickeil Alexander-Walker,Nickeil,,,9:22,0.0,0.0,0.0,0.0,0.0,0.0,2.0,2.0,1.0,0.0,1.0,1.0,1.0,0.0,0.0,3.0,1.0,2.0,-14.0
22200255,1610612762,UTA,Utah,1631323,Simone Fontecchio,Simone,,,6:53,1.0,4.0,0.25,0.0,3.0,0.0,0.0,0.0,0.0,0.0,1.0,1.0,0.0,0.0,1.0,0.0,0.0,2.0,-6.0
22200255,1610612762,UTA,Utah,1628962,Udoka Azubuike,Udoka,,DNP - Coach's Decision,,,,,,,,,,,,,,,,,,,,
22200255,1610612746,LAC,LA,202695,Kawhi Leonard,Kawhi,F,,23:06,4.0,11.0,0.364,0.0,3.0,0.0,0.0,0.0,0.0,0.0,1.0,1.0,5.0,0.0,1.0,0.0,0.0,8.0,12.0
22200255,1610612746,LAC,LA,202694,Marcus Morris Sr.,Marcus,F,,27:18,3.0,10.0,0.3,0.0,1.0,0.0,2.0,2.0,1.0,0.0,2.0,2.0,1.0,0.0,1.0,1.0,2.0,8.0,-16.0
22200255,1610612746,LAC,LA,1627826,Ivica Zubac,Ivica,C,,35:14,6.0,8.0,0.75,0.0,0.0,0.0,2.0,3.0,0.667,6.0,8.0,14.0,2.0,0.0,2.0,3.0,4.0,14.0,-3.0
22200255,1610612746,LAC,LA,1629611,Terance Mann,Terance,G,,20:40,3.0,5.0,0.6,0.0,1.0,0.0,0.0,0.0,0.0,0.0,2.0,2.0,1.0,1.0,0.0,1.0,3.0,6.0,-8.0
22200255,1610612746,LAC,LA,202704,Reggie Jackson,Reggie,G,,36:20,10.0,20.0,0.5,3.0,7.0,0.429,4.0,4.0,1.0,1.0,2.0,3.0,4.0,0.0,0.0,0.0,4.0,27.0,4.0
22200255,1610612746,LAC,LA,202322,John Wall,John,,,22:15,5.0,10.0,0.5,2.0,4.0,0.5,1.0,1.0,1.0,2.0,3.0,5.0,8.0,0.0,1.0,8.0,1.0,13.0,0.0
22200255,1610612746,LAC,LA,1626181,Norman Powell,Norman,,,28:10,10.0,15.0,0.667,3.0,4.0,0.75,7.0,7.0,1.0,0.0,4.0,4.0,1.0,1.0,1.0,2.0,2.0,30.0,15.0
22200255,1610612746,LAC,LA,201587,Nicolas Batum,Nicolas,,,25:05,3.0,5.0,0.6,1.0,3.0,0.333,0.0,0.0,0.0,0.0,5.0,5.0,4.0,3.0,0.0,1.0,2.0,7.0,17.0
22200255,1610612746,LAC,LA,1629599,Amir Coffey,Amir,,,21:52,3.0,7.0,0.429,0.0,1.0,0.0,2.0,2.0,1.0,3.0,2.0,5.0,0.0,1.0,0.0,0.0,2.0,8.0,14.0
22200255,1610612746,LAC,LA,1629650,Moses Brown,Moses,,DNP - Coach's Decision,,,,,,,,,,,,,,,,,,,,
22200255,1610612746,LAC,LA,203496,Robert Covington,Robert,,DNP - Coach's Decision,,,,,,,,,,,,,,,,,,,,
22200251,1610612757,POR,Portland,1628404,Josh Hart,Josh,F,,39:57,7.0,9.0,0.778,2.0,2.0,1.0,1.0,1.0,1.0,3.0,6.0,9.0,2.0,2.0,0.0,4.0,2.0,17.0,-12.0
22200251,1610612757,POR,Portland,203924,Jerami Grant,Jerami,F,,35:06,6.0,16.0,0.375,0.0,2.0,0.0,6.0,8.0,0.75,1.0,3.0,4.0,2.0,0.0,2.0,2.0,2.0,18.0,-20.0
22200251,1610612757,POR,Portland,203994,Jusuf Nurkić,Jusuf,C,,31:37,7.0,15.0,0.467,1.0,4.0,0.25,1.0,2.0,0.5,4.0,6.0,10.0,3.0,0.0,0.0,0.0,3.0,16.0,-5.0
22200251,1610612757,POR,Portland,1631101,Shaedon Sharpe,Shaedon,G,,26:52,1.0,9.0,0.111,0.0,4.0,0.0,0.0,0.0,0.0,1.0,3.0,4.0,2.0,0.0,0.0,3.0,1.0,2.0,-6.0
22200251,1610612757,POR,Portland,1629014,Anfernee Simons,Anfernee,G,,37:02,12.0,23.0,0.522,3.0,11.0,0.273,2.0,2.0,1.0,0.0,4.0,4.0,5.0,1.0,0.0,1.0,2.0,29.0,-10.0
22200251,1610612757,POR,Portland,1629234,Drew Eubanks,Drew,,,15:00,1.0,1.0,1.0,0.0,0.0,0.0,3.0,4.0,0.75,1.0,2.0,3.0,0.0,0.0,1.0,0.0,2.0,5.0,-9.0
22200251,1610612757,POR,Portland,1630570,Trendon Watford,Trendon,,,12:54,3.0,4.0,0.75,2.0,2.0,1.0,2.0,2.0,1.0,2.0,2.0,4.0,1.0,1.0,0.0,1.0,1.0,10.0,12.0
22200251,1610612757,POR,Portland,1629642,Nassir Little,Nassir,,,20:56,3.0,8.0,0.375,0.0,3.0,0.0,0.0,0.0,0.0,0.0,2.0,2.0,2.0,1.0,0.0,2.0,1.0,6.0,9.0
22200251,1610612757,POR,Portland,1626159,Justise Winslow,Justise,,,17:50,4.0,8.0,0.5,0.0,1.0,0.0,0.0,0.0,0.0,0.0,0.0,0.0,1.0,0.0,0.0,2.0,3.0,8.0,-11.0
22200251,1610612757,POR,Portland,1631133,Jabari Walker,Jabari,,,1:23,0.0,0.0,0.0,0.0,0.0,0.0,0.0,0.0,0.0,0.0,0.0,0.0,1.0,0.0,0.0,0.0,0.0,0.0,6.0
22200251,1610612757,POR,Portland,1631219,John Butler Jr.,John,,,1:23,0.0,0.0,0.0,0.0,0.0,0.0,0.0,0.0,0.0,0.0,0.0,0.0,0.0,0.0,0.0,0.0,0.0,0.0,6.0
22200251,1610612757,POR,Portland,203081,Damian Lillard,Damian,,DND - Injury/Illness,,,,,,,,,,,,,,,,,,,,
22200251,1610612749,MIL,Milwaukee,1628960,Grayson Allen,Grayson,F,,31:48,5.0,8.0,0.625,2.0,5.0,0.4,5.0,5.0,1.0,2.0,6.0,8.0,2.0,0.0,0.0,0.0,2.0,17.0,9.0
22200251,1610612749,MIL,Milwaukee,203507,Giannis Antetokounmpo,Giannis,F,,35:05,16.0,24.0,0.667,0.0,1.0,0.0,5.0,12.0,0.417,2.0,5.0,7.0,6.0,2.0,0.0,1.0,3.0,37.0,19.0
22200251,1610612749,MIL,Milwaukee,201572,Brook Lopez,Brook,C,,30:22,6.0,12.0,0.5,2.0,5.0,0.4,0.0,0.0,0.0,2.0,2.0,4.0,2.0,1.0,5.0,1.0,1.0,14.0,-2.0
22200251,1610612749,MIL,Milwaukee,1628975,Jevon Carter,Jevon,G,,25:50,2.0,3.0,0.667,1.0,1.0,1.0,0.0,0.0,0.0,1.0,2.0,3.0,3.0,1.0,1.0,2.0,2.0,5.0,14.0
22200251,1610612749,MIL,Milwaukee,201950,Jrue Holiday,Jrue,G,,27:56,7.0,14.0,0.5,1.0,6.0,0.167,2.0,2.0,1.0,1.0,3.0,4.0,6.0,3.0,0.0,5.0,1.0,17.0,7.0
22200251,1610612749,MIL,Milwaukee,1626171,Bobby Portis,Bobby,,,24:05,6.0,11.0,0.545,1.0,3.0,0.333,0.0,0.0,0.0,0.0,5.0,5.0,4.0,0.0,1.0,1.0,4.0,13.0,5.0
22200251,1610612749,MIL,Milwaukee,1629670,Jordan Nwora,Jordan,,,18:12,2.0,4.0,0.5,1.0,2.0,0.5,1.0,2.0,0.5,1.0,2.0,3.0,2.0,0.0,0.0,3.0,0.0,6.0,0.0
22200251,1610612749,MIL,Milwaukee,1630699,MarJon Beauchamp,MarJon,,,5:12,0.0,1.0,0.0,0.0,0.0,0.0,0.0,0.0,0.0,0.0,0.0,0.0,0.0,1.0,0.0,1.0,1.0,0.0,-9.0
22200251,1610612749,MIL,Milwaukee,201588,George Hill,George,,,19:45,0.0,1.0,0.0,0.0,1.0,0.0,0.0,0.0,0.0,0.0,5.0,5.0,5.0,2.0,1.0,0.0,0.0,0.0,5.0
22200251,1610612749,MIL,Milwaukee,1626192,Pat Connaughton,Pat,,,15:31,2.0,5.0,0.4,1.0,4.0,0.25,2.0,2.0,1.0,0.0,2.0,2.0,1.0,2.0,0.0,0.0,1.0,7.0,3.0
22200251,1610612749,MIL,Milwaukee,201586,Serge Ibaka,Serge,,,4:11,0.0,2.0,0.0,0.0,0.0,0.0,1.0,2.0,0.5,0.0,0.0,0.0,0.0,0.0,0.0,0.0,2.0,1.0,0.0
22200251,1610612749,MIL,Milwaukee,1630572,Sandro Mamukelashvili,Sandro,,,1:23,1.0,1.0,1.0,0.0,0.0,0.0,0.0,0.0,0.0,1.0,0.0,1.0,0.0,0.0,0.0,0.0,0.0,2.0,-6.0
22200251,1610612749,MIL,Milwaukee,1631260,AJ Green,AJ,,,0:40,0.0,0.0,0.0,0.0,0.0,0.0,0.0,0.0,0.0,0.0,0.0,0.0,0.0,0.0,0.0,0.0,0.0,0.0,-5.0
22200251,1610612749,MIL,Milwaukee,203648,Thanasis Antetokounmpo,Thanasis,,DNP - Coach's Decision,,,,,,,,,,,,,,,,,,,,
22200244,1610612748,MIA,Miami,1628997,Caleb Martin,Caleb,F,,34:15,7.0,12.0,0.583,1.0,5.0,0.2,2.0,2.0,1.0,2.0,1.0,3.0,2.0,0.0,0.0,2.0,2.0,17.0,-12.0
22200244,1610612748,MIA,Miami,1631107,Nikola Jović,Nikola,F,,32:13,2.0,9.0,0.222,1.0,6.0,0.167,2.0,2.0,1.0,2.0,2.0,4.0,5.0,1.0,0.0,1.0,2.0,7.0,-7.0
22200244,1610612748,MIA,Miami,1628389,Bam Adebayo,Bam,C,,26:58,7.0,14.0,0.5,0.0,0.0,0.0,7.0,7.0,1.0,2.0,4.0,6.0,3.0,0.0,1.0,3.0,2.0,21.0,-20.0
22200244,1610612748,MIA,Miami,1629622,Max Strus,Max,G,,32:58,3.0,9.0,0.333,2.0,5.0,0.4,0.0,0.0,0.0,0.0,0.0,0.0,2.0,1.0,0.0,1.0,2.0,8.0,-20.0
22200244,1610612748,MIA,Miami,200768,Kyle Lowry,Kyle,G,,31:07,2.0,10.0,0.2,1.0,7.0,0.143,4.0,5.0,0.8,1.0,3.0,4.0,3.0,0.0,1.0,5.0,1.0,9.0,-21.0
22200244,1610612748,MIA,Miami,1629312,Haywood Highsmith,Haywood,,,28:38,0.0,3.0,0.0,0.0,2.0,0.0,0.0,2.0,0.0,1.0,3.0,4.0,0.0,1.0,0.0,0.0,2.0,0.0,-23.0
22200244,1610612748,MIA,Miami,203473,Dewayne Dedmon,Dewayne,,,13:09,3.0,8.0,0.375,0.0,2.0,0.0,4.0,4.0,1.0,1.0,4.0,5.0,0.0,1.0,1.0,1.0,0.0,10.0,-10.0
22200244,1610612748,MIA,Miami,1629130,Duncan Robinson,Duncan,,,20:55,3.0,6.0,0.5,1.0,3.0,0.333,0.0,0.0,0.0,0.0,1.0,1.0,0.0,0.0,0.0,2.0,3.0,7.0,-22.0
22200244,1610612748,MIA,Miami,1631288,Jamal Cain,Jamal,,,11:54,4.0,6.0,0.667,0.0,0.0,0.0,0.0,0.0,0.0,1.0,0.0,1.0,1.0,1.0,0.0,1.0,2.0,8.0,1.0
22200244,1610612748,MIA,Miami,1631115,Orlando Robinson,Orlando,,,7:53,0.0,3.0,0.0,0.0,1.0,0.0,0.0,0.0,0.0,1.0,1.0,2.0,1.0,1.0,0.0,0.0,0.0,0.0,4.0
22200244,1610612748,MIA,Miami,1629216,Gabe Vincent,Gabe,,DNP - Injury/Illness,,,,,,,,,,,,,,,,,,,,
22200244,1610612739,CLE,Cleveland,1630205,Lamar Stevens,Lamar,F,,22:00,5.0,6.0,0.833,1.0,2.0,0.5,0.0,0.0,0.0,1.0,3.0,4.0,1.0,1.0,0.0,2.0,1.0,11.0,-8.0
22200244,1610612739,CLE,Cleveland,1630596,Evan Mobley,Evan,F,,30:00,7.0,12.0,0.583,0.0,0.0,0.0,1.0,2.0,0.5,4.0,6.0,10.0,5.0,1.0,0.0,3.0,2.0,15.0,15.0
22200244,1610612739,CLE,Cleveland,1628386,Jarrett Allen,Jarrett,C,,27:10,4.0,6.0,0.667,0.0,0.0,0.0,0.0,0.0,0.0,1.0,5.0,6.0,2.0,0.0,0.0,3.0,3.0,8.0,13.0
22200244,1610612739,CLE,Cleveland,1628378,Donovan Mitchell,Donovan,G,,26:47,5.0,12.0,0.417,2.0,7.0,0.286,1.0,2.0,0.5,1.0,2.0,3.0,5.0,2.0,0.0,1.0,4.0,13.0,15.0
22200244,1610612739,CLE,Cleveland,1629636,Darius Garland,Darius,G,,27:53,7.0,12.0,0.583,4.0,7.0,0.571,7.0,7.0,1.0,0.0,2.0,2.0,7.0,0.0,0.0,5.0,2.0,25.0,12.0
22200244,1610612739,CLE,Cleveland,1627747,Caris LeVert,Caris,,,14:17,0.0,4.0,0.0,0.0,4.0,0.0,0.0,0.0,0.0,1.0,4.0,5.0,4.0,1.0,0.0,0.0,2.0,0.0,22.0
22200244,1610612739,CLE,Cleveland,1626224,Cedi Osman,Cedi,,,37:00,8.0,17.0,0.471,4.0,11.0,0.364,0.0,0.0,0.0,4.0,8.0,12.0,3.0,1.0,1.0,1.0,3.0,20.0,39.0
22200244,1610612739,CLE,Cleveland,1630171,Isaac Okoro,Isaac,,,29:08,4.0,8.0,0.5,2.0,5.0,0.4,3.0,5.0,0.6,0.0,4.0,4.0,2.0,0.0,0.0,1.0,2.0,13.0,26.0
22200244,1610612739,CLE,Cleveland,203526,Raul Neto,Raul,,,7:53,2.0,3.0,0.667,0.0,0.0,0.0,0.0,0.0,0.0,0.0,0.0,0.0,1.0,1.0,0.0,2.0,1.0,4.0,-4.0
22200244,1610612739,CLE,Cleveland,201577,Robin Lopez,Robin,,,7:53,1.0,1.0,1.0,0.0,0.0,0.0,0.0,0.0,0.0,1.0,0.0,1.0,1.0,0.0,0.0,1.0,2.0,2.0,-4.0
22200244,1610612739,CLE,Cleveland,1629603,Mamadi Diakite,Mamadi,,,5:31,1.0,1.0,1.0,0.0,0.0,0.0,0.0,0.0,0.0,0.0,0.0,0.0,0.0,0.0,0.0,0.0,1.0,2.0,0.0
22200244,1610612739,CLE,Cleveland,1630600,Isaiah Mobley,Isaiah,,,4:28,0.0,1.0,0.0,0.0,1.0,0.0,0.0,0.0,0.0,0.0,2.0,2.0,0.0,0.0,0.0,0.0,0.0,0.0,4.0
22200246,1610612743,DEN,Denver,1629008,Michael Porter Jr.,Michael,F,,30:56,6.0,11.0,0.545,1.0,5.0,0.2,1.0,4.0,0.25,0.0,5.0,5.0,0.0,2.0,1.0,2.0,2.0,14.0,6.0
22200246,1610612743,DEN,Denver,201145,Jeff Green,Jeff,F,,5:03,1.0,1.0,1.0,0.0,0.0,0.0,2.0,2.0,1.0,0.0,1.0,1.0,0.0,0.0,0.0,0.0,1.0,4.0,4.0
22200246,1610612743,DEN,Denver,201599,DeAndre Jordan,DeAndre,C,,33:49,4.0,5.0,0.8,0.0,0.0,0.0,0.0,1.0,0.0,2.0,15.0,17.0,1.0,1.0,0.0,1.0,2.0,8.0,4.0
22200246,1610612743,DEN,Denver,203484,Kentavious Caldwell-Pope,Kentavious,G,,38:03,2.0,11.0,0.182,1.0,5.0,0.2,4.0,4.0,1.0,0.0,4.0,4.0,3.0,1.0,0.0,4.0,0.0,9.0,8.0
22200246,1610612743,DEN,Denver,1628971,Bruce Brown,Bruce,G,,35:47,5.0,13.0,0.385,0.0,3.0,0.0,2.0,2.0,1.0,1.0,3.0,4.0,8.0,1.0,1.0,2.0,3.0,12.0,-2.0
22200246,1610612743,DEN,Denver,1630192,Zeke Nnaji,Zeke,,,15:45,2.0,4.0,0.5,1.0,1.0,1.0,0.0,0.0,0.0,0.0,0.0,0.0,1.0,0.0,1.0,1.0,3.0,5.0,6.0
22200246,1610612743,DEN,Denver,1630538,Bones Hyland,Bones,,,35:01,10.0,21.0,0.476,3.0,8.0,0.375,6.0,6.0,1.0,1.0,2.0,3.0,6.0,1.0,1.0,1.0,2.0,29.0,-12.0
22200246,1610612743,DEN,Denver,1631128,Christian Braun,Christian,,,16:15,2.0,5.0,0.4,1.0,1.0,1.0,0.0,0.0,0.0,0.0,4.0,4.0,0.0,1.0,0.0,0.0,3.0,5.0,-3.0
22200246,1610612743,DEN,Denver,1628427,Vlatko Čančar,Vlatko,,,11:07,3.0,3.0,1.0,1.0,1.0,1.0,0.0,0.0,0.0,0.0,4.0,4.0,0.0,2.0,0.0,3.0,4.0,7.0,1.0
22200246,1610612743,DEN,Denver,1628432,Davon Reed,Davon,,,18:14,2.0,4.0,0.5,1.0,3.0,0.333,0.0,0.0,0.0,0.0,2.0,2.0,3.0,1.0,1.0,1.0,0.0,5.0,-7.0
22200246,1610612743,DEN,Denver,1631212,Peyton Watson,Peyton,,DNP - Coach's Decision,,,,,,,,,,,,,,,,,,,,
22200246,1610612743,DEN,Denver,1631298,Jack White,Jack,,DNP - Coach's Decision,,,,,,,,,,,,,,,,,,,,
22200246,1610612742,DAL,Dallas,203493,Reggie Bullock Jr.,Reggie,F,,25:33,1.0,5.0,0.2,1.0,5.0,0.2,0.0,0.0,0.0,1.0,3.0,4.0,0.0,1.0,0.0,0.0,1.0,3.0,-25.0
22200246,1610612742,DAL,Dallas,1627827,Dorian Finney-Smith,Dorian,F,,35:36,1.0,5.0,0.2,1.0,4.0,0.25,0.0,0.0,0.0,0.0,3.0,3.0,1.0,1.0,1.0,0.0,1.0,3.0,-3.0
22200246,1610612742,DAL,Dallas,203939,Dwight Powell,Dwight,C,,20:17,5.0,6.0,0.833,0.0,0.0,0.0,1.0,4.0,0.25,3.0,2.0,5.0,1.0,1.0,0.0,1.0,3.0,11.0,-6.0
22200246,1610612742,DAL,Dallas,203915,Spencer Dinwiddie,Spencer,G,,29:36,5.0,15.0,0.333,1.0,8.0,0.125,0.0,0.0,0.0,0.0,1.0,1.0,8.0,0.0,1.0,4.0,2.0,11.0,-14.0
22200246,1610612742,DAL,Dallas,1629029,Luka Dončić,Luka,G,,35:39,7.0,16.0,0.438,2.0,8.0,0.25,6.0,10.0,0.6,0.0,9.0,9.0,8.0,1.0,0.0,4.0,2.0,22.0,1.0
22200246,1610612742,DAL,Dallas,203501,Tim Hardaway Jr.,Tim,,,20:41,0.0,9.0,0.0,0.0,5.0,0.0,2.0,2.0,1.0,1.0,2.0,3.0,2.0,1.0,0.0,1.0,1.0,2.0,8.0
22200246,1610612742,DAL,Dallas,1626174,Christian Wood,Christian,,,17:25,2.0,3.0,0.667,0.0,0.0,0.0,1.0,2.0,0.5,1.0,6.0,7.0,2.0,0.0,0.0,0.0,1.0,5.0,-3.0
22200246,1610612742,DAL,Dallas,1630182,Josh Green,Josh,,,30:04,8.0,9.0,0.889,6.0,7.0,0.857,1.0,2.0,0.5,0.0,2.0,2.0,0.0,0.0,0.0,1.0,3.0,23.0,13.0
22200246,1610612742,DAL,Dallas,201580,JaVale McGee,JaVale,,,10:44,1.0,3.0,0.333,0.0,0.0,0.0,0.0,0.0,0.0,0.0,1.0,1.0,0.0,0.0,1.0,0.0,0.0,2.0,3.0
22200246,1610612742,DAL,Dallas,202722,Dāvis Bertāns,Dāvis,,,14:25,5.0,7.0,0.714,4.0,5.0,0.8,1.0,1.0,1.0,0.0,1.0,1.0,2.0,0.0,0.0,1.0,4.0,15.0,21.0
22200246,1610612742,DAL,Dallas,1630267,Facundo Campazzo,Facundo,,DNP - Coach's Decision,,,,,,,,,,,,,,,,,,,,
22200246,1610612742,DAL,Dallas,1630702,Jaden Hardy,Jaden,,DNP - Coach's Decision,,,,,,,,,,,,,,,,,,,,
22200246,1610612742,DAL,Dallas,1628373,Frank Ntilikina,Frank,,DNP - Coach's Decision,,,,,,,,,,,,,,,,,,,,
22200246,1610612742,DAL,Dallas,1629033,Theo Pinson,Theo,,DNP - Coach's Decision,,,,,,,,,,,,,,,,,,,,
22200245,1610612744,GSW,Golden State,203952,Andrew Wiggins,Andrew,F,,36:32,8.0,16.0,0.5,6.0,11.0,0.545,0.0,0.0,0.0,0.0,5.0,5.0,0.0,2.0,0.0,2.0,3.0,22.0,8.0
22200245,1610612744,GSW,Golden State,203110,Draymond Green,Draymond,F,,31:46,2.0,4.0,0.5,0.0,1.0,0.0,0.0,0.0,0.0,0.0,6.0,6.0,8.0,0.0,0.0,4.0,5.0,4.0,19.0
22200245,1610612744,GSW,Golden State,1626172,Kevon Looney,Kevon,C,,28:46,1.0,2.0,0.5,0.0,0.0,0.0,1.0,2.0,0.5,2.0,5.0,7.0,5.0,0.0,1.0,0.0,6.0,3.0,-1.0
22200245,1610612744,GSW,Golden State,202691,Klay Thompson,Klay,G,,35:34,14.0,23.0,0.609,10.0,13.0,0.769,3.0,4.0,0.75,2.0,2.0,4.0,3.0,2.0,0.0,2.0,1.0,41.0,14.0
22200245,1610612744,GSW,Golden State,201939,Stephen Curry,Stephen,G,,36:60,11.0,20.0,0.55,7.0,14.0,0.5,4.0,5.0,0.8,0.0,6.0,6.0,15.0,3.0,2.0,1.0,3.0,33.0,23.0
22200245,1610612744,GSW,Golden State,1629673,Jordan Poole,Jordan,,,24:33,3.0,8.0,0.375,1.0,2.0,0.5,3.0,3.0,1.0,0.0,2.0,2.0,4.0,0.0,1.0,1.0,0.0,10.0,-7.0
22200245,1610612744,GSW,Golden State,203210,JaMychal Green,JaMychal,,,14:46,4.0,5.0,0.8,0.0,1.0,0.0,0.0,0.0,0.0,1.0,2.0,3.0,1.0,0.0,0.0,2.0,1.0,8.0,-2.0
22200245,1610612744,GSW,Golden State,1628978,Donte DiVincenzo,Donte,,,15:30,2.0,5.0,0.4,0.0,3.0,0.0,0.0,1.0,0.0,1.0,3.0,4.0,1.0,1.0,1.0,1.0,1.0,4.0,-7.0
22200245,1610612744,GSW,Golden State,1630237,Anthony Lamb,Anthony,,,4:27,0.0,0.0,0.0,0.0,0.0,0.0,0.0,0.0,0.0,0.0,1.0,1.0,1.0,0.0,0.0,2.0,0.0,0.0,-7.0
22200245,1610612744,GSW,Golden State,1630228,Jonathan Kuminga,Jonathan,,,6:27,1.0,3.0,0.333,0.0,2.0,0.0,0.0,0.0,0.0,2.0,0.0,2.0,0.0,0.0,0.0,1.0,2.0,2.0,-13.0
22200245,1610612744,GSW,Golden State,1630541,Moses Moody,Moses,,,4:39,0.0,0.0,0.0,0.0,0.0,0.0,0.0,0.0,0.0,0.0,0.0,0.0,0.0,0.0,0.0,1.0,0.0,0.0,8.0
22200245,1610612744,GSW,Golden State,1629660,Ty Jerome,Ty,,DNP - Coach's Decision,,,,,,,,,,,,,,,,,,,,
22200245,1610612745,HOU,Houston,201569,Eric Gordon,Eric,F,,29:43,5.0,12.0,0.417,3.0,7.0,0.429,1.0,1.0,1.0,0.0,2.0,2.0,2.0,1.0,0.0,2.0,0.0,14.0,-1.0
22200245,1610612745,HOU,Houston,1631095,Jabari Smith Jr.,Jabari,F,,32:23,8.0,14.0,0.571,3.0,9.0,0.333,3.0,4.0,0.75,1.0,6.0,7.0,1.0,0.0,0.0,2.0,2.0,22.0,-15.0
22200245,1610612745,HOU,Houston,1630578,Alperen Sengun,Alperen,C,,23:25,1.0,3.0,0.333,0.0,0.0,0.0,2.0,2.0,1.0,1.0,6.0,7.0,3.0,1.0,0.0,3.0,3.0,4.0,-1.0
22200245,1610612745,HOU,Houston,1630224,Jalen Green,Jalen,G,,37:54,4.0,15.0,0.267,1.0,8.0,0.125,7.0,8.0,0.875,2.0,3.0,5.0,4.0,2.0,0.0,0.0,1.0,16.0,-25.0
22200245,1610612745,HOU,Houston,1629645,Kevin Porter Jr.,Kevin,G,,34:45,10.0,19.0,0.526,5.0,11.0,0.455,5.0,6.0,0.833,3.0,2.0,5.0,6.0,2.0,1.0,2.0,4.0,30.0,-15.0
22200245,1610612745,HOU,Houston,1630231,KJ Martin,KJ,,,23:40,4.0,6.0,0.667,1.0,2.0,0.5,3.0,4.0,0.75,0.0,4.0,4.0,1.0,1.0,0.0,0.0,0.0,12.0,14.0
22200245,1610612745,HOU,Houston,1631106,Tari Eason,Tari,,,22:40,8.0,14.0,0.571,1.0,5.0,0.2,2.0,2.0,1.0,2.0,6.0,8.0,1.0,3.0,0.0,0.0,1.0,19.0,7.0
22200245,1610612745,HOU,Houston,1630586,Usman Garuba,Usman,,,22:15,1.0,4.0,0.25,1.0,1.0,1.0,0.0,0.0,0.0,3.0,3.0,6.0,1.0,2.0,0.0,2.0,1.0,3.0,-7.0
22200245,1610612745,HOU,Houston,1630227,Daishen Nix,Daishen,,,13:15,0.0,3.0,0.0,0.0,2.0,0.0,0.0,0.0,0.0,0.0,1.0,1.0,5.0,1.0,0.0,1.0,0.0,0.0,8.0
22200245,1610612745,HOU,Houston,1630528,Josh Christopher,Josh,,DNP - Coach's Decision,,,,,,,,,,,,,,,,,,,,
22200245,1610612745,HOU,Houston,1626246,Boban Marjanović,Boban,,DNP - Coach's Decision,,,,,,,,,,,,,,,,,,,,
22200245,1610612745,HOU,Houston,1629726,Garrison Mathews,Garrison,,DNP - Coach's Decision,,,,,,,,,,,,,,,,,,,,
22200247,1610612759,SAS,San Antonio,1629640,Keldon Johnson,Keldon,F,,31:00,4.0,20.0,0.2,1.0,10.0,0.1,3.0,5.0,0.6,2.0,1.0,3.0,1.0,1.0,0.0,2.0,2.0,12.0,-28.0
22200247,1610612759,SAS,San Antonio,1631110,Jeremy Sochan,Jeremy,F,,26:18,6.0,14.0,0.429,0.0,3.0,0.0,0.0,1.0,0.0,3.0,3.0,6.0,1.0,3.0,0.0,2.0,2.0,12.0,-21.0
22200247,1610612759,SAS,San Antonio,203476,Gorgui Dieng,Gorgui,C,,21:25,3.0,6.0,0.5,1.0,3.0,0.333,0.0,0.0,0.0,3.0,4.0,7.0,3.0,0.0,0.0,0.0,5.0,7.0,-10.0
22200247,1610612759,SAS,San Antonio,1630170,Devin Vassell,Devin,G,,29:14,7.0,14.0,0.5,3.0,4.0,0.75,0.0,1.0,0.0,0.0,4.0,4.0,4.0,0.0,1.0,0.0,1.0,17.0,-14.0
22200247,1610612759,SAS,San Antonio,1630200,Tre Jones,Tre,G,,26:11,5.0,12.0,0.417,0.0,1.0,0.0,0.0,0.0,0.0,0.0,2.0,2.0,4.0,0.0,0.0,3.0,1.0,10.0,-16.0
22200247,1610612759,SAS,San Antonio,1629646,Charles Bassey,Charles,,,20:56,4.0,5.0,0.8,0.0,0.0,0.0,0.0,2.0,0.0,2.0,6.0,8.0,5.0,1.0,0.0,1.0,2.0,8.0,-15.0
22200247,1610612759,SAS,San Antonio,1626196,Josh Richardson,Josh,,,18:30,4.0,10.0,0.4,2.0,3.0,0.667,0.0,0.0,0.0,1.0,0.0,1.0,2.0,1.0,0.0,0.0,0.0,10.0,-10.0
22200247,1610612759,SAS,San Antonio,203926,Doug McDermott,Doug,,,18:46,4.0,7.0,0.571,0.0,2.0,0.0,0.0,1.0,0.0,0.0,2.0,2.0,2.0,0.0,0.0,0.0,1.0,8.0,-16.0
22200247,1610612759,SAS,San Antonio,1628966,Keita Bates-Diop,Keita,,,16:03,2.0,4.0,0.5,0.0,1.0,0.0,0.0,0.0,0.0,0.0,1.0,1.0,0.0,0.0,1.0,0.0,0.0,4.0,-3.0
22200247,1610612759,SAS,San Antonio,1629676,Isaiah Roby,Isaiah,,,14:40,1.0,2.0,0.5,0.0,0.0,0.0,0.0,0.0,0.0,1.0,6.0,7.0,3.0,0.0,0.0,0.0,2.0,2.0,-1.0
22200247,1610612759,SAS,San Antonio,1631160,Jordan Hall,Jordan,,,5:39,1.0,5.0,0.2,0.0,3.0,0.0,0.0,0.0,0.0,0.0,2.0,2.0,1.0,0.0,0.0,0.0,0.0,2.0,-7.0
22200247,1610612759,SAS,San Antonio,1631230,Dominick Barlow,Dominick,,,5:39,0.0,2.0,0.0,0.0,1.0,0.0,0.0,0.0,0.0,1.0,0.0,1.0,0.0,1.0,0.0,0.0,1.0,0.0,-7.0
22200247,1610612759,SAS,San Antonio,1631103,Malaki Branham,Malaki,,,5:39,0.0,4.0,0.0,0.0,3.0,0.0,0.0,0.0,0.0,0.0,0.0,0.0,0.0,0.0,0.0,2.0,0.0,0.0,-7.0
22200247,1610612747,LAL,Los Angeles,1629022,Lonnie Walker IV,Lonnie,F,,27:44,6.0,12.0,0.5,2.0,6.0,0.333,0.0,0.0,0.0,0.0,1.0,1.0,2.0,0.0,0.0,2.0,1.0,14.0,23.0
22200247,1610612747,LAL,Los Angeles,1628972,Troy Brown Jr.,Troy,F,,23:11,1.0,4.0,0.25,0.0,2.0,0.0,0.0,0.0,0.0,1.0,6.0,7.0,2.0,0.0,0.0,3.0,1.0,2.0,10.0
22200247,1610612747,LAL,Los Angeles,203076,Anthony Davis,Anthony,C,,27:46,12.0,19.0,0.632,0.0,2.0,0.0,6.0,6.0,1.0,3.0,15.0,18.0,2.0,3.0,1.0,2.0,1.0,30.0,34.0
22200247,1610612747,LAL,Los Angeles,1630559,Austin Reaves,Austin,G,,27:17,7.0,11.0,0.636,3.0,4.0,0.75,4.0,4.0,1.0,1.0,1.0,2.0,3.0,0.0,0.0,1.0,1.0,21.0,19.0
22200247,1610612747,LAL,Los Angeles,201976,Patrick Beverley,Patrick,G,,19:42,1.0,5.0,0.2,1.0,4.0,0.25,0.0,0.0,0.0,0.0,1.0,1.0,3.0,0.0,0.0,0.0,1.0,3.0,27.0
22200247,1610612747,LAL,Los Angeles,201566,Russell Westbrook,Russell,,,21:33,4.0,9.0,0.444,2.0,5.0,0.4,0.0,0.0,0.0,0.0,4.0,4.0,10.0,1.0,0.0,3.0,2.0,10.0,14.0
22200247,1610612747,LAL,Los Angeles,1629134,Kendrick Nunn,Kendrick,,,20:43,4.0,8.0,0.5,3.0,6.0,0.5,2.0,2.0,1.0,0.0,3.0,3.0,2.0,0.0,0.0,4.0,0.0,13.0,12.0
22200247,1610612747,LAL,Los Angeles,203471,Dennis Schröder,Dennis,,,22:58,4.0,7.0,0.571,1.0,2.0,0.5,4.0,4.0,1.0,0.0,2.0,2.0,2.0,1.0,0.0,0.0,0.0,13.0,8.0
22200247,1610612747,LAL,Los Angeles,1628418,Thomas Bryant,Thomas,,,22:59,5.0,5.0,1.0,0.0,0.0,0.0,5.0,8.0,0.625,0.0,9.0,9.0,1.0,0.0,0.0,0.0,1.0,15.0,-1.0
22200247,1610612747,LAL,Los Angeles,1629117,Wenyen Gabriel,Wenyen,,,16:05,1.0,1.0,1.0,0.0,0.0,0.0,0.0,0.0,0.0,0.0,5.0,5.0,1.0,0.0,0.0,0.0,2.0,2.0,1.0
22200247,1610612747,LAL,Los Angeles,1630346,Matt Ryan,Matt,,,5:39,0.0,4.0,0.0,0.0,3.0,0.0,0.0,0.0,0.0,0.0,1.0,1.0,1.0,0.0,0.0,0.0,0.0,0.0,7.0
22200247,1610612747,LAL,Los Angeles,1627745,Damian Jones,Damian,,,4:23,0.0,0.0,0.0,0.0,0.0,0.0,0.0,0.0,0.0,0.0,1.0,1.0,0.0,0.0,1.0,0.0,0.0,0.0,1.0
22200240,1610612752,NYK,New York,1629628,RJ Barrett,RJ,F,,26:51,3.0,11.0,0.273,1.0,3.0,0.333,5.0,6.0,0.833,2.0,2.0,4.0,2.0,0.0,0.0,1.0,2.0,12.0,-24.0
22200240,1610612752,NYK,New York,203944,Julius Randle,Julius,F,,26:33,4.0,11.0,0.364,1.0,4.0,0.25,0.0,0.0,0.0,1.0,5.0,6.0,2.0,1.0,0.0,3.0,1.0,9.0,-6.0
22200240,1610612752,NYK,New York,1628392,Isaiah Hartenstein,Isaiah,C,,15:22,2.0,5.0,0.4,0.0,0.0,0.0,3.0,3.0,1.0,1.0,2.0,3.0,1.0,1.0,1.0,1.0,2.0,7.0,-11.0
22200240,1610612752,NYK,New York,1629656,Quentin Grimes,Quentin,G,,32:11,4.0,10.0,0.4,1.0,5.0,0.2,1.0,2.0,0.5,0.0,5.0,5.0,8.0,0.0,1.0,1.0,2.0,10.0,-12.0
22200240,1610612752,NYK,New York,1628973,Jalen Brunson,Jalen,G,,29:17,11.0,21.0,0.524,2.0,4.0,0.5,3.0,4.0,0.75,1.0,2.0,3.0,3.0,0.0,1.0,1.0,1.0,27.0,-22.0
22200240,1610612752,NYK,New York,1629011,Mitchell Robinson,Mitchell,,,16:38,1.0,2.0,0.5,0.0,0.0,0.0,0.0,0.0,0.0,0.0,4.0,4.0,0.0,1.0,2.0,0.0,1.0,2.0,0.0
22200240,1610612752,NYK,New York,201565,Derrick Rose,Derrick,,,7:51,3.0,5.0,0.6,1.0,2.0,0.5,0.0,0.0,0.0,2.0,2.0,4.0,0.0,0.0,0.0,0.0,0.0,7.0,3.0
22200240,1610612752,NYK,New York,1630193,Immanuel Quickley,Immanuel,,,28:00,1.0,6.0,0.167,0.0,2.0,0.0,4.0,4.0,1.0,0.0,1.0,1.0,2.0,0.0,1.0,2.0,0.0,6.0,-1.0
22200240,1610612752,NYK,New York,1630167,Obi Toppin,Obi,,,16:21,0.0,4.0,0.0,0.0,2.0,0.0,0.0,0.0,0.0,0.0,3.0,3.0,1.0,0.0,0.0,0.0,1.0,0.0,-15.0
22200240,1610612752,NYK,New York,1630579,Jericho Sims,Jericho,,,16:00,1.0,2.0,0.5,0.0,0.0,0.0,3.0,4.0,0.75,3.0,2.0,5.0,1.0,0.0,1.0,1.0,3.0,5.0,-10.0
22200240,1610612752,NYK,New York,1630540,Miles McBride,Miles,,,13:54,4.0,6.0,0.667,1.0,2.0,0.5,0.0,0.0,0.0,0.0,0.0,0.0,0.0,1.0,0.0,0.0,2.0,9.0,-10.0
22200240,1610612752,NYK,New York,1627853,Ryan Arcidiacono,Ryan,,,5:56,0.0,2.0,0.0,0.0,1.0,0.0,0.0,0.0,0.0,0.0,0.0,0.0,0.0,0.0,0.0,0.0,0.0,0.0,3.0
22200240,1610612752,NYK,New York,1629004,Svi Mykhailiuk,Svi,,,5:06,0.0,0.0,0.0,0.0,0.0,0.0,1.0,2.0,0.5,0.0,1.0,1.0,0.0,0.0,0.0,0.0,0.0,1.0,0.0
22200240,1610612752,NYK,New York,203095,Evan Fournier,Evan,,DNP - Coach's Decision,,,,,,,,,,,,,,,,,,,,
22200240,1610612756,PHX,Phoenix,1628969,Mikal Bridges,Mikal,F,,32:38,6.0,11.0,0.545,1.0,3.0,0.333,0.0,0.0,0.0,1.0,5.0,6.0,5.0,2.0,1.0,1.0,1.0,13.0,16.0
22200240,1610612756,PHX,Phoenix,1628470,Torrey Craig,Torrey,F,,25:09,5.0,9.0,0.556,2.0,4.0,0.5,2.0,2.0,1.0,1.0,3.0,4.0,3.0,0.0,2.0,1.0,4.0,14.0,0.0
22200240,1610612756,PHX,Phoenix,1629028,Deandre Ayton,Deandre,C,,26:48,6.0,9.0,0.667,0.0,1.0,0.0,1.0,5.0,0.2,4.0,7.0,11.0,4.0,1.0,0.0,0.0,3.0,13.0,6.0
22200240,1610612756,PHX,Phoenix,1626164,Devin Booker,Devin,G,,29:31,7.0,17.0,0.412,5.0,8.0,0.625,1.0,1.0,1.0,1.0,4.0,5.0,3.0,0.0,0.0,0.0,0.0,20.0,13.0
22200240,1610612756,PHX,Phoenix,1626166,Cameron Payne,Cameron,G,,32:05,7.0,14.0,0.5,2.0,5.0,0.4,5.0,5.0,1.0,1.0,6.0,7.0,9.0,0.0,2.0,2.0,1.0,21.0,15.0
22200240,1610612756,PHX,Phoenix,1630613,Duane Washington Jr.,Duane,,,15:55,2.0,10.0,0.2,1.0,3.0,0.333,0.0,0.0,0.0,0.0,1.0,1.0,1.0,0.0,0.0,1.0,2.0,5.0,6.0
22200240,1610612756,PHX,Phoenix,1627814,Damion Lee,Damion,,,22:57,4.0,8.0,0.5,4.0,6.0,0.667,3.0,3.0,1.0,1.0,3.0,4.0,4.0,0.0,1.0,0.0,1.0,15.0,14.0
22200240,1610612756,PHX,Phoenix,202687,Bismack Biyombo,Bismack,,,21:12,2.0,6.0,0.333,0.0,0.0,0.0,1.0,2.0,0.5,6.0,4.0,10.0,3.0,0.0,1.0,4.0,5.0,5.0,15.0
22200240,1610612756,PHX,Phoenix,1630688,Ish Wainright,Ish,,,20:25,1.0,8.0,0.125,1.0,6.0,0.167,0.0,0.0,0.0,4.0,3.0,7.0,2.0,0.0,0.0,2.0,2.0,3.0,17.0
22200240,1610612756,PHX,Phoenix,1629006,Josh Okogie,Josh,,,13:20,3.0,9.0,0.333,1.0,3.0,0.333,0.0,0.0,0.0,3.0,2.0,5.0,1.0,0.0,1.0,2.0,3.0,7.0,3.0
22200240,1610612756,PHX,Phoenix,1629111,Jock Landale,Jock,,DNP - Coach's Decision,,,,,,,,,,,,,,,,,,,,
22200240,1610612756,PHX,Phoenix,101108,Chris Paul,Chris,,DND - Injury/Illness,,,,,,,,,,,,,,,,,,,,
22200240,1610612756,PHX,Phoenix,203967,Dario Šarić,Dario,,DNP - Coach's Decision,,,,,,,,,,,,,,,,,,,,
22200241,1610612766,CHA,Charlotte,202330,Gordon Hayward,Gordon,F,,36:44,7.0,16.0,0.438,3.0,6.0,0.5,3.0,4.0,0.75,1.0,4.0,5.0,5.0,0.0,0.0,2.0,2.0,20.0,-9.0
22200241,1610612766,CHA,Charlotte,1629023,P.J. Washington,P.J.,F,,34:18,5.0,14.0,0.357,2.0,6.0,0.333,1.0,2.0,0.5,1.0,4.0,5.0,1.0,0.0,1.0,3.0,1.0,13.0,-16.0
22200241,1610612766,CHA,Charlotte,203486,Mason Plumlee,Mason,C,,30:34,2.0,8.0,0.25,0.0,0.0,0.0,5.0,8.0,0.625,4.0,4.0,8.0,4.0,0.0,1.0,2.0,4.0,9.0,1.0
22200241,1610612766,CHA,Charlotte,1626162,Kelly Oubre Jr.,Kelly,G,,29:21,10.0,20.0,0.5,1.0,7.0,0.143,2.0,2.0,1.0,1.0,6.0,7.0,0.0,1.0,1.0,0.0,3.0,23.0,-3.0
22200241,1610612766,CHA,Charlotte,1626179,Terry Rozier,Terry,G,,37:36,3.0,14.0,0.214,0.0,6.0,0.0,2.0,3.0,0.667,3.0,4.0,7.0,5.0,1.0,0.0,2.0,3.0,8.0,-17.0
22200241,1610612766,CHA,Charlotte,1629667,Jalen McDaniels,Jalen,,,21:06,3.0,10.0,0.3,2.0,5.0,0.4,0.0,0.0,0.0,1.0,5.0,6.0,1.0,0.0,0.0,1.0,2.0,8.0,7.0
22200241,1610612766,CHA,Charlotte,1628372,Dennis Smith Jr.,Dennis,,,24:53,3.0,6.0,0.5,0.0,2.0,0.0,0.0,0.0,0.0,0.0,2.0,2.0,3.0,2.0,2.0,1.0,1.0,6.0,15.0
22200241,1610612766,CHA,Charlotte,1630208,Nick Richards,Nick,,,17:26,4.0,8.0,0.5,0.0,0.0,0.0,3.0,4.0,0.75,4.0,6.0,10.0,0.0,0.0,0.0,1.0,2.0,11.0,-5.0
22200241,1610612766,CHA,Charlotte,1630539,Kai Jones,Kai,,,8:02,2.0,4.0,0.5,0.0,0.0,0.0,0.0,0.0,0.0,0.0,1.0,1.0,0.0,1.0,0.0,1.0,0.0,4.0,7.0
22200241,1610612766,CHA,Charlotte,1630547,James Bouknight,James,,DNP - Coach's Decision,,,,,,,,,,,,,,,,,,,,
22200241,1610612766,CHA,Charlotte,1630177,Theo Maledon,Theo,,DNP - Coach's Decision,,,,,,,,,,,,,,,,,,,,
22200241,1610612766,CHA,Charlotte,1631121,Bryce McGowens,Bryce,,DNP - Coach's Decision,,,,,,,,,,,,,,,,,,,,
22200241,1610612766,CHA,Charlotte,1630550,JT Thor,JT,,DNP - Coach's Decision,,,,,,,,,,,,,,,,,,,,
22200241,1610612766,CHA,Charlotte,1631109,Mark Williams,Mark,,DNP - Coach's Decision,,,,,,,,,,,,,,,,,,,,
22200241,1610612764,WAS,Washington,1630166,Deni Avdija,Deni,F,,31:08,6.0,11.0,0.545,0.0,3.0,0.0,0.0,1.0,0.0,4.0,9.0,13.0,1.0,0.0,1.0,1.0,2.0,12.0,7.0
22200241,1610612764,WAS,Washington,1628398,Kyle Kuzma,Kyle,F,,37:46,10.0,19.0,0.526,4.0,9.0,0.444,4.0,5.0,0.8,1.0,9.0,10.0,5.0,0.0,0.0,4.0,2.0,28.0,7.0
22200241,1610612764,WAS,Washington,204001,Kristaps Porziņģis,Kristaps,C,,34:12,4.0,19.0,0.211,2.0,8.0,0.25,2.0,2.0,1.0,4.0,4.0,8.0,2.0,1.0,5.0,4.0,5.0,12.0,5.0
22200241,1610612764,WAS,Washington,1630557,Corey Kispert,Corey,G,,32:20,4.0,7.0,0.571,2.0,3.0,0.667,4.0,4.0,1.0,2.0,4.0,6.0,3.0,0.0,1.0,0.0,0.0,14.0,19.0
22200241,1610612764,WAS,Washington,203078,Bradley Beal,Bradley,G,,40:33,11.0,21.0,0.524,3.0,7.0,0.429,1.0,2.0,0.5,0.0,4.0,4.0,5.0,5.0,0.0,5.0,4.0,26.0,4.0
22200241,1610612764,WAS,Washington,1630692,Jordan Goodwin,Jordan,,,24:30,2.0,4.0,0.5,1.0,1.0,1.0,0.0,2.0,0.0,1.0,1.0,2.0,1.0,0.0,3.0,1.0,2.0,5.0,-13.0
22200241,1610612764,WAS,Washington,203115,Will Barton,Will,,,20:44,1.0,6.0,0.167,1.0,2.0,0.5,0.0,0.0,0.0,0.0,1.0,1.0,2.0,0.0,2.0,0.0,0.0,3.0,-1.0
22200241,1610612764,WAS,Washington,1629655,Daniel Gafford,Daniel,,,7:58,1.0,2.0,0.5,0.0,0.0,0.0,2.0,2.0,1.0,1.0,2.0,3.0,0.0,0.0,1.0,2.0,1.0,4.0,-3.0
22200241,1610612764,WAS,Washington,1631098,Johnny Davis,Johnny,,,4:59,0.0,1.0,0.0,0.0,0.0,0.0,0.0,0.0,0.0,0.0,0.0,0.0,0.0,0.0,0.0,0.0,1.0,0.0,-7.0
22200241,1610612764,WAS,Washington,201959,Taj Gibson,Taj,,,5:50,1.0,3.0,0.333,0.0,1.0,0.0,0.0,0.0,0.0,1.0,1.0,2.0,0.0,0.0,0.0,0.0,2.0,2.0,2.0
22200241,1610612764,WAS,Washington,1630176,Vernon Carey Jr.,Vernon,,DNP - Coach's Decision,,,,,,,,,,,,,,,,,,,,
22200241,1610612764,WAS,Washington,1629653,Devon Dotson,Devon,,DNP - Coach's Decision,,,,,,,,,,,,,,,,,,,,
22200241,1610612764,WAS,Washington,1630264,Anthony Gill,Anthony,,DNP - Coach's Decision,,,,,,,,,,,,,,,,,,,,
22200241,1610612764,WAS,Washington,1630225,Isaiah Todd,Isaiah,,DNP - Coach's Decision,,,,,,,,,,,,,,,,,,,,
22200243,1610612763,MEM,Memphis,1628415,Dillon Brooks,Dillon,F,,33:51,13.0,30.0,0.433,3.0,11.0,0.273,2.0,4.0,0.5,4.0,1.0,5.0,4.0,4.0,0.0,0.0,0.0,31.0,-8.0
22200243,1610612763,MEM,Memphis,1630583,Santi Aldama,Santi,F,,21:06,2.0,7.0,0.286,1.0,4.0,0.25,3.0,4.0,0.75,0.0,3.0,3.0,1.0,1.0,0.0,0.0,1.0,8.0,-13.0
22200243,1610612763,MEM,Memphis,203500,Steven Adams,Steven,C,,28:38,7.0,10.0,0.7,0.0,0.0,0.0,1.0,8.0,0.125,4.0,6.0,10.0,2.0,3.0,0.0,5.0,2.0,15.0,3.0
22200243,1610612763,MEM,Memphis,1629723,John Konchar,John,G,,33:16,4.0,11.0,0.364,2.0,7.0,0.286,6.0,6.0,1.0,2.0,7.0,9.0,7.0,2.0,0.0,1.0,3.0,16.0,-4.0
22200243,1610612763,MEM,Memphis,1626145,Tyus Jones,Tyus,G,,34:21,5.0,10.0,0.5,2.0,2.0,1.0,1.0,3.0,0.333,0.0,3.0,3.0,6.0,0.0,0.0,1.0,0.0,13.0,-5.0
22200243,1610612763,MEM,Memphis,1631223,David Roddy,David,,,24:17,3.0,8.0,0.375,1.0,3.0,0.333,2.0,2.0,1.0,1.0,3.0,4.0,1.0,0.0,0.0,0.0,4.0,9.0,-12.0
22200243,1610612763,MEM,Memphis,1631222,Jake LaRavia,Jake,,,28:51,4.0,12.0,0.333,3.0,9.0,0.333,0.0,0.0,0.0,1.0,3.0,4.0,3.0,1.0,0.0,2.0,1.0,11.0,-4.0
22200243,1610612763,MEM,Memphis,1629634,Brandon Clarke,Brandon,,,16:43,1.0,4.0,0.25,0.0,0.0,0.0,0.0,0.0,0.0,1.0,2.0,3.0,1.0,0.0,0.0,1.0,0.0,2.0,-20.0
22200243,1610612763,MEM,Memphis,1631113,Kennedy Chandler,Kennedy,,,13:39,2.0,5.0,0.4,0.0,1.0,0.0,2.0,3.0,0.667,0.0,3.0,3.0,3.0,1.0,0.0,0.0,1.0,6.0,-7.0
22200243,1610612763,MEM,Memphis,1630214,Xavier Tillman,Xavier,,,2:39,1.0,1.0,1.0,0.0,0.0,0.0,0.0,1.0,0.0,0.0,0.0,0.0,0.0,1.0,0.0,0.0,0.0,2.0,5.0
22200243,1610612763,MEM,Memphis,1631246,Vince Williams Jr.,Vince,,,2:39,1.0,1.0,1.0,0.0,0.0,0.0,0.0,0.0,0.0,0.0,0.0,0.0,0.0,0.0,0.0,0.0,0.0,2.0,5.0
22200243,1610612751,BKN,Brooklyn,201142,Kevin Durant,Kevin,F,,35:41,9.0,16.0,0.563,0.0,3.0,0.0,8.0,8.0,1.0,0.0,7.0,7.0,7.0,1.0,1.0,4.0,3.0,26.0,5.0
22200243,1610612751,BKN,Brooklyn,1626220,Royce O'Neale,Royce,F,,31:29,4.0,6.0,0.667,4.0,6.0,0.667,0.0,0.0,0.0,0.0,5.0,5.0,8.0,0.0,1.0,1.0,4.0,12.0,12.0
22200243,1610612751,BKN,Brooklyn,1627732,Ben Simmons,Ben,C,,34:42,11.0,13.0,0.846,0.0,0.0,0.0,0.0,1.0,0.0,1.0,7.0,8.0,5.0,1.0,0.0,5.0,3.0,22.0,19.0
22200243,1610612751,BKN,Brooklyn,203925,Joe Harris,Joe,G,,28:16,4.0,7.0,0.571,4.0,6.0,0.667,1.0,2.0,0.5,0.0,2.0,2.0,3.0,1.0,1.0,0.0,5.0,13.0,14.0
22200243,1610612751,BKN,Brooklyn,202681,Kyrie Irving,Kyrie,G,,26:02,5.0,12.0,0.417,2.0,5.0,0.4,2.0,2.0,1.0,0.0,5.0,5.0,0.0,1.0,1.0,4.0,3.0,14.0,16.0
22200243,1610612751,BKN,Brooklyn,202693,Markieff Morris,Markieff,,,17:16,3.0,5.0,0.6,2.0,4.0,0.5,0.0,0.0,0.0,2.0,5.0,7.0,1.0,1.0,0.0,0.0,2.0,8.0,5.0
22200243,1610612751,BKN,Brooklyn,203552,Seth Curry,Seth,,,25:02,5.0,10.0,0.5,0.0,4.0,0.0,0.0,0.0,0.0,2.0,3.0,5.0,5.0,0.0,1.0,1.0,0.0,10.0,12.0
22200243,1610612751,BKN,Brooklyn,1629139,Yuta Watanabe,Yuta,,,24:41,6.0,9.0,0.667,4.0,6.0,0.667,0.0,0.0,0.0,0.0,3.0,3.0,3.0,0.0,0.0,1.0,2.0,16.0,-1.0
22200243,1610612751,BKN,Brooklyn,1630560,Cam Thomas,Cam,,,4:14,0.0,1.0,0.0,0.0,0.0,0.0,0.0,2.0,0.0,0.0,1.0,1.0,0.0,0.0,0.0,0.0,1.0,0.0,-9.0
22200243,1610612751,BKN,Brooklyn,201988,Patty Mills,Patty,,,6:22,2.0,2.0,1.0,0.0,0.0,0.0,0.0,0.0,0.0,0.0,1.0,1.0,1.0,0.0,0.0,1.0,0.0,4.0,6.0
22200243,1610612751,BKN,Brooklyn,1630549,Day'Ron Sharpe,Day'Ron,,,2:39,1.0,2.0,0.5,0.0,0.0,0.0,0.0,0.0,0.0,0.0,1.0,1.0,0.0,0.0,0.0,0.0,0.0,2.0,-5.0
22200243,1610612751,BKN,Brooklyn,1630561,David Duke Jr.,David,,,1:48,0.0,0.0,0.0,0.0,0.0,0.0,0.0,0.0,0.0,0.0,0.0,0.0,0.0,0.0,0.0,0.0,2.0,0.0,-7.0
22200243,1610612751,BKN,Brooklyn,1630556,Kessler Edwards,Kessler,,,1:48,0.0,0.0,0.0,0.0,0.0,0.0,0.0,0.0,0.0,0.0,0.0,0.0,0.0,0.0,0.0,1.0,0.0,0.0,-7.0
22200243,1610612751,BKN,Brooklyn,1628410,Edmond Sumner,Edmond,,DNP - Coach's Decision,,,,,,,,,,,,,,,,,,,,
22200230,1610612743,DEN,Denver,1629008,Michael Porter Jr.,Michael,F,,24:17,4.0,15.0,0.267,1.0,5.0,0.2,1.0,1.0,1.0,0.0,3.0,3.0,2.0,0.0,0.0,1.0,2.0,10.0,-21.0
22200230,1610612743,DEN,Denver,201145,Jeff Green,Jeff,F,,27:27,6.0,10.0,0.6,0.0,1.0,0.0,0.0,1.0,0.0,0.0,2.0,2.0,3.0,0.0,0.0,2.0,1.0,12.0,-14.0
22200230,1610612743,DEN,Denver,201599,DeAndre Jordan,DeAndre,C,,20:21,3.0,3.0,1.0,0.0,0.0,0.0,0.0,1.0,0.0,4.0,3.0,7.0,2.0,1.0,1.0,3.0,2.0,6.0,-6.0
22200230,1610612743,DEN,Denver,203484,Kentavious Caldwell-Pope,Kentavious,G,,33:33,7.0,13.0,0.538,3.0,5.0,0.6,1.0,1.0,1.0,2.0,2.0,4.0,1.0,0.0,0.0,1.0,1.0,18.0,-17.0
22200230,1610612743,DEN,Denver,1628971,Bruce Brown,Bruce,G,,29:44,7.0,12.0,0.583,2.0,3.0,0.667,2.0,2.0,1.0,0.0,4.0,4.0,7.0,1.0,0.0,1.0,3.0,18.0,-13.0
22200230,1610612743,DEN,Denver,1630538,Bones Hyland,Bones,,,26:48,5.0,16.0,0.313,3.0,11.0,0.273,4.0,4.0,1.0,1.0,1.0,2.0,6.0,1.0,0.0,3.0,2.0,17.0,-24.0
22200230,1610612743,DEN,Denver,1631128,Christian Braun,Christian,,,13:25,1.0,5.0,0.2,0.0,1.0,0.0,1.0,3.0,0.333,2.0,2.0,4.0,0.0,0.0,0.0,0.0,3.0,3.0,-6.0
22200230,1610612743,DEN,Denver,1630192,Zeke Nnaji,Zeke,,,21:18,2.0,2.0,1.0,0.0,0.0,0.0,0.0,0.0,0.0,1.0,0.0,1.0,1.0,0.0,0.0,0.0,1.0,4.0,-18.0
22200230,1610612743,DEN,Denver,1628427,Vlatko Čančar,Vlatko,,,23:03,3.0,7.0,0.429,1.0,3.0,0.333,1.0,1.0,1.0,0.0,1.0,1.0,2.0,1.0,0.0,0.0,3.0,8.0,-19.0
22200230,1610612743,DEN,Denver,1628432,Davon Reed,Davon,,,11:51,0.0,3.0,0.0,0.0,0.0,0.0,3.0,4.0,0.75,1.0,5.0,6.0,0.0,0.0,0.0,0.0,2.0,3.0,-4.0
22200230,1610612743,DEN,Denver,1631212,Peyton Watson,Peyton,,,4:22,0.0,2.0,0.0,0.0,1.0,0.0,0.0,0.0,0.0,0.0,0.0,0.0,0.0,0.0,0.0,0.0,0.0,0.0,1.0
22200230,1610612743,DEN,Denver,1631298,Jack White,Jack,,,3:52,0.0,2.0,0.0,0.0,0.0,0.0,0.0,0.0,0.0,2.0,0.0,2.0,0.0,0.0,0.0,0.0,0.0,0.0,1.0
22200230,1610612742,DAL,Dallas,203493,Reggie Bullock Jr.,Reggie,F,,30:32,4.0,7.0,0.571,2.0,5.0,0.4,0.0,0.0,0.0,0.0,6.0,6.0,3.0,1.0,0.0,0.0,2.0,10.0,20.0
22200230,1610612742,DAL,Dallas,1627827,Dorian Finney-Smith,Dorian,F,,30:29,2.0,6.0,0.333,1.0,4.0,0.25,1.0,2.0,0.5,2.0,2.0,4.0,2.0,1.0,0.0,0.0,0.0,6.0,16.0
22200230,1610612742,DAL,Dallas,203939,Dwight Powell,Dwight,C,,12:59,2.0,2.0,1.0,0.0,0.0,0.0,1.0,1.0,1.0,0.0,1.0,1.0,1.0,0.0,0.0,1.0,1.0,5.0,-1.0
22200230,1610612742,DAL,Dallas,203915,Spencer Dinwiddie,Spencer,G,,26:10,5.0,6.0,0.833,3.0,3.0,1.0,2.0,2.0,1.0,0.0,2.0,2.0,1.0,1.0,0.0,0.0,1.0,15.0,13.0
22200230,1610612742,DAL,Dallas,1629029,Luka Dončić,Luka,G,,34:52,11.0,22.0,0.5,2.0,7.0,0.286,9.0,11.0,0.818,1.0,11.0,12.0,11.0,1.0,0.0,2.0,1.0,33.0,25.0
22200230,1610612742,DAL,Dallas,203501,Tim Hardaway Jr.,Tim,,,24:17,3.0,6.0,0.5,3.0,6.0,0.5,4.0,4.0,1.0,0.0,4.0,4.0,4.0,1.0,1.0,1.0,2.0,13.0,18.0
22200230,1610612742,DAL,Dallas,1626174,Christian Wood,Christian,,,26:09,11.0,16.0,0.688,2.0,4.0,0.5,4.0,5.0,0.8,2.0,6.0,8.0,1.0,0.0,0.0,3.0,2.0,28.0,21.0
22200230,1610612742,DAL,Dallas,1630182,Josh Green,Josh,,,17:42,2.0,3.0,0.667,0.0,1.0,0.0,1.0,1.0,1.0,1.0,0.0,1.0,3.0,0.0,0.0,0.0,4.0,5.0,21.0
22200230,1610612742,DAL,Dallas,201580,JaVale McGee,JaVale,,,16:32,5.0,6.0,0.833,0.0,0.0,0.0,0.0,2.0,0.0,0.0,4.0,4.0,1.0,0.0,2.0,2.0,4.0,10.0,11.0
22200230,1610612742,DAL,Dallas,1628373,Frank Ntilikina,Frank,,,7:30,1.0,1.0,1.0,0.0,0.0,0.0,0.0,0.0,0.0,0.0,0.0,0.0,2.0,0.0,0.0,1.0,1.0,2.0,-1.0
22200230,1610612742,DAL,Dallas,1630267,Facundo Campazzo,Facundo,,,4:22,0.0,0.0,0.0,0.0,0.0,0.0,0.0,0.0,0.0,0.0,0.0,0.0,0.0,0.0,0.0,0.0,0.0,0.0,-1.0
22200230,1610612742,DAL,Dallas,202722,Dāvis Bertāns,Dāvis,,,4:22,0.0,2.0,0.0,0.0,2.0,0.0,0.0,0.0,0.0,0.0,1.0,1.0,0.0,0.0,0.0,0.0,1.0,0.0,-1.0
22200230,1610612742,DAL,Dallas,1629033,Theo Pinson,Theo,,,4:04,0.0,0.0,0.0,0.0,0.0,0.0,0.0,0.0,0.0,0.0,1.0,1.0,0.0,0.0,0.0,0.0,0.0,0.0,-1.0
22200225,1610612766,CHA,Charlotte,202330,Gordon Hayward,Gordon,F,,42:21,5.0,14.0,0.357,2.0,4.0,0.5,1.0,2.0,0.5,2.0,4.0,6.0,7.0,1.0,1.0,0.0,2.0,13.0,-3.0
22200225,1610612766,CHA,Charlotte,1629023,P.J. Washington,P.J.,F,,46:11,10.0,20.0,0.5,2.0,10.0,0.2,6.0,6.0,1.0,1.0,9.0,10.0,4.0,4.0,0.0,2.0,2.0,28.0,-18.0
22200225,1610612766,CHA,Charlotte,203486,Mason Plumlee,Mason,C,,27:32,0.0,4.0,0.0,0.0,0.0,0.0,2.0,4.0,0.5,2.0,4.0,6.0,4.0,1.0,1.0,2.0,6.0,2.0,-7.0
22200225,1610612766,CHA,Charlotte,1626162,Kelly Oubre Jr.,Kelly,G,,38:45,12.0,21.0,0.571,5.0,9.0,0.556,5.0,5.0,1.0,1.0,2.0,3.0,0.0,3.0,0.0,2.0,6.0,34.0,6.0
22200225,1610612766,CHA,Charlotte,1626179,Terry Rozier,Terry,G,,48:46,11.0,32.0,0.344,5.0,16.0,0.313,1.0,1.0,1.0,3.0,2.0,5.0,5.0,1.0,0.0,3.0,4.0,28.0,-12.0
22200225,1610612766,CHA,Charlotte,1630547,James Bouknight,James,,,12:08,0.0,0.0,0.0,0.0,0.0,0.0,0.0,0.0,0.0,0.0,2.0,2.0,1.0,0.0,0.0,1.0,3.0,0.0,-5.0
22200225,1610612766,CHA,Charlotte,1630177,Theo Maledon,Theo,,,13:29,0.0,5.0,0.0,0.0,2.0,0.0,0.0,0.0,0.0,0.0,2.0,2.0,2.0,1.0,0.0,2.0,0.0,0.0,-4.0
22200225,1610612766,CHA,Charlotte,1629667,Jalen McDaniels,Jalen,,,23:29,0.0,2.0,0.0,0.0,2.0,0.0,2.0,2.0,1.0,1.0,1.0,2.0,1.0,0.0,1.0,1.0,5.0,2.0,-14.0
22200225,1610612766,CHA,Charlotte,1630208,Nick Richards,Nick,,,30:16,5.0,10.0,0.5,0.0,0.0,0.0,3.0,4.0,0.75,6.0,8.0,14.0,0.0,0.0,3.0,1.0,4.0,13.0,-3.0
22200225,1610612766,CHA,Charlotte,1630539,Kai Jones,Kai,,,7:03,1.0,2.0,0.5,0.0,1.0,0.0,0.0,0.0,0.0,1.0,2.0,3.0,0.0,0.0,0.0,0.0,1.0,2.0,10.0
22200225,1610612766,CHA,Charlotte,1631121,Bryce McGowens,Bryce,,DNP - Coach's Decision,,,,,,,,,,,,,,,,,,,,
22200225,1610612766,CHA,Charlotte,1630550,JT Thor,JT,,DNP - Coach's Decision,,,,,,,,,,,,,,,,,,,,
22200225,1610612739,CLE,Cleveland,1630205,Lamar Stevens,Lamar,F,,28:59,1.0,5.0,0.2,0.0,2.0,0.0,1.0,2.0,0.5,0.0,3.0,3.0,1.0,1.0,1.0,0.0,3.0,3.0,-15.0
22200225,1610612739,CLE,Cleveland,1630596,Evan Mobley,Evan,F,,45:26,9.0,14.0,0.643,0.0,1.0,0.0,3.0,4.0,0.75,5.0,13.0,18.0,5.0,1.0,2.0,1.0,4.0,21.0,15.0
22200225,1610612739,CLE,Cleveland,1628386,Jarrett Allen,Jarrett,C,,45:37,8.0,11.0,0.727,0.0,0.0,0.0,4.0,5.0,0.8,1.0,11.0,12.0,2.0,0.0,4.0,2.0,3.0,20.0,6.0
22200225,1610612739,CLE,Cleveland,1628378,Donovan Mitchell,Donovan,G,,43:34,11.0,22.0,0.5,2.0,9.0,0.222,10.0,11.0,0.909,1.0,3.0,4.0,6.0,1.0,0.0,6.0,2.0,34.0,10.0
22200225,1610612739,CLE,Cleveland,1629636,Darius Garland,Darius,G,,48:13,16.0,26.0,0.615,3.0,8.0,0.375,6.0,8.0,0.75,0.0,1.0,1.0,6.0,5.0,1.0,8.0,5.0,41.0,23.0
22200225,1610612739,CLE,Cleveland,1627747,Caris LeVert,Caris,,,30:20,1.0,8.0,0.125,0.0,2.0,0.0,2.0,2.0,1.0,0.0,3.0,3.0,2.0,0.0,0.0,0.0,0.0,4.0,8.0
22200225,1610612739,CLE,Cleveland,201567,Kevin Love,Kevin,,,24:04,2.0,4.0,0.5,2.0,4.0,0.5,0.0,0.0,0.0,0.0,7.0,7.0,2.0,0.0,0.0,1.0,2.0,6.0,-1.0
22200225,1610612739,CLE,Cleveland,1626224,Cedi Osman,Cedi,,,7:24,0.0,0.0,0.0,0.0,0.0,0.0,0.0,0.0,0.0,0.0,1.0,1.0,1.0,0.0,0.0,0.0,1.0,0.0,2.0
22200225,1610612739,CLE,Cleveland,1630171,Isaac Okoro,Isaac,,,16:24,1.0,2.0,0.5,1.0,2.0,0.5,0.0,0.0,0.0,0.0,1.0,1.0,0.0,0.0,0.0,1.0,5.0,3.0,2.0
22200225,1610612739,CLE,Cleveland,201577,Robin Lopez,Robin,,DNP - Coach's Decision,,,,,,,,,,,,,,,,,,,,
22200225,1610612739,CLE,Cleveland,1630600,Isaiah Mobley,Isaiah,,DNP - Coach's Decision,,,,,,,,,,,,,,,,,,,,
22200225,1610612739,CLE,Cleveland,203526,Raul Neto,Raul,,DNP - Coach's Decision,,,,,,,,,,,,,,,,,,,,
22200233,1610612752,NYK,New York,1629628,RJ Barrett,RJ,F,,39:40,6.0,19.0,0.316,1.0,6.0,0.167,5.0,5.0,1.0,0.0,4.0,4.0,5.0,0.0,0.0,3.0,2.0,18.0,-10.0
22200233,1610612752,NYK,New York,203944,Julius Randle,Julius,F,,30:15,7.0,15.0,0.467,3.0,7.0,0.429,3.0,4.0,0.75,4.0,3.0,7.0,2.0,0.0,0.0,4.0,3.0,20.0,-17.0
22200233,1610612752,NYK,New York,1628392,Isaiah Hartenstein,Isaiah,C,,17:24,3.0,4.0,0.75,1.0,1.0,1.0,1.0,1.0,1.0,2.0,3.0,5.0,0.0,1.0,1.0,1.0,3.0,8.0,-9.0
22200233,1610612752,NYK,New York,1629629,Cam Reddish,Cam,G,,25:23,3.0,8.0,0.375,1.0,4.0,0.25,4.0,4.0,1.0,2.0,0.0,2.0,1.0,2.0,0.0,0.0,1.0,11.0,-12.0
22200233,1610612752,NYK,New York,1628973,Jalen Brunson,Jalen,G,,31:41,2.0,13.0,0.154,1.0,5.0,0.2,8.0,8.0,1.0,0.0,5.0,5.0,4.0,2.0,0.0,2.0,1.0,13.0,-5.0
22200233,1610612752,NYK,New York,201565,Derrick Rose,Derrick,,,13:48,3.0,7.0,0.429,1.0,3.0,0.333,2.0,2.0,1.0,0.0,0.0,0.0,2.0,0.0,2.0,0.0,0.0,9.0,-10.0
22200233,1610612752,NYK,New York,1630193,Immanuel Quickley,Immanuel,,,26:43,0.0,5.0,0.0,0.0,3.0,0.0,6.0,6.0,1.0,0.0,6.0,6.0,1.0,2.0,0.0,3.0,0.0,6.0,-8.0
22200233,1610612752,NYK,New York,1630579,Jericho Sims,Jericho,,,27:15,4.0,7.0,0.571,0.0,0.0,0.0,2.0,2.0,1.0,5.0,5.0,10.0,0.0,0.0,3.0,2.0,3.0,10.0,3.0
22200233,1610612752,NYK,New York,1630167,Obi Toppin,Obi,,,18:59,0.0,5.0,0.0,0.0,3.0,0.0,1.0,2.0,0.5,0.0,5.0,5.0,0.0,0.0,1.0,1.0,3.0,1.0,-2.0
22200233,1610612752,NYK,New York,1630540,Miles McBride,Miles,,,2:31,1.0,3.0,0.333,0.0,1.0,0.0,0.0,0.0,0.0,0.0,1.0,1.0,1.0,0.0,0.0,0.0,0.0,2.0,5.0
22200233,1610612752,NYK,New York,1629656,Quentin Grimes,Quentin,,,2:07,1.0,1.0,1.0,1.0,1.0,1.0,0.0,0.0,0.0,0.0,0.0,0.0,0.0,0.0,0.0,0.0,0.0,3.0,5.0
22200233,1610612752,NYK,New York,1627853,Ryan Arcidiacono,Ryan,,,2:07,0.0,0.0,0.0,0.0,0.0,0.0,0.0,0.0,0.0,0.0,0.0,0.0,0.0,1.0,0.0,0.0,0.0,0.0,5.0
22200233,1610612752,NYK,New York,1629004,Svi Mykhailiuk,Svi,,,2:07,0.0,0.0,0.0,0.0,0.0,0.0,0.0,0.0,0.0,0.0,0.0,0.0,0.0,0.0,0.0,0.0,0.0,0.0,5.0
22200233,1610612752,NYK,New York,203095,Evan Fournier,Evan,,DNP - Coach's Decision,,,,,,,,,,,,,,,,,,,,
22200233,1610612744,GSW,Golden State,203952,Andrew Wiggins,Andrew,F,,30:19,8.0,15.0,0.533,3.0,8.0,0.375,1.0,4.0,0.25,3.0,4.0,7.0,2.0,0.0,0.0,1.0,4.0,20.0,20.0
22200233,1610612744,GSW,Golden State,203110,Draymond Green,Draymond,F,,31:55,3.0,4.0,0.75,1.0,1.0,1.0,3.0,4.0,0.75,0.0,9.0,9.0,7.0,0.0,2.0,2.0,5.0,10.0,24.0
22200233,1610612744,GSW,Golden State,1626172,Kevon Looney,Kevon,C,,23:52,1.0,2.0,0.5,0.0,0.0,0.0,3.0,4.0,0.75,3.0,5.0,8.0,3.0,1.0,0.0,0.0,4.0,5.0,20.0
22200233,1610612744,GSW,Golden State,202691,Klay Thompson,Klay,G,,31:24,8.0,16.0,0.5,4.0,10.0,0.4,0.0,0.0,0.0,1.0,2.0,3.0,2.0,0.0,0.0,1.0,2.0,20.0,18.0
22200233,1610612744,GSW,Golden State,201939,Stephen Curry,Stephen,G,,33:50,9.0,19.0,0.474,5.0,13.0,0.385,1.0,3.0,0.333,0.0,6.0,6.0,10.0,2.0,0.0,5.0,2.0,24.0,18.0
22200233,1610612744,GSW,Golden State,1629673,Jordan Poole,Jordan,,,26:08,5.0,17.0,0.294,3.0,8.0,0.375,0.0,0.0,0.0,1.0,2.0,3.0,4.0,0.0,1.0,3.0,3.0,13.0,-15.0
22200233,1610612744,GSW,Golden State,203210,JaMychal Green,JaMychal,,,16:51,5.0,8.0,0.625,0.0,1.0,0.0,2.0,3.0,0.667,1.0,2.0,3.0,2.0,1.0,0.0,1.0,2.0,12.0,8.0
22200233,1610612744,GSW,Golden State,1630237,Anthony Lamb,Anthony,,,14:22,0.0,3.0,0.0,0.0,3.0,0.0,0.0,0.0,0.0,1.0,1.0,2.0,1.0,2.0,0.0,2.0,3.0,0.0,-17.0
22200233,1610612744,GSW,Golden State,1628978,Donte DiVincenzo,Donte,,,19:47,2.0,5.0,0.4,2.0,5.0,0.4,0.0,0.0,0.0,1.0,4.0,5.0,1.0,1.0,0.0,1.0,1.0,6.0,-11.0
22200233,1610612744,GSW,Golden State,1630228,Jonathan Kuminga,Jonathan,,,8:54,0.0,2.0,0.0,0.0,1.0,0.0,1.0,2.0,0.5,1.0,4.0,5.0,0.0,1.0,0.0,0.0,0.0,1.0,-7.0
22200233,1610612744,GSW,Golden State,1630541,Moses Moody,Moses,,,2:39,0.0,0.0,0.0,0.0,0.0,0.0,0.0,0.0,0.0,0.0,0.0,0.0,0.0,0.0,0.0,0.0,0.0,0.0,-8.0
22200224,1610612748,MIA,Miami,1628997,Caleb Martin,Caleb,F,,47:02,3.0,12.0,0.25,2.0,5.0,0.4,4.0,4.0,1.0,1.0,4.0,5.0,3.0,2.0,1.0,3.0,1.0,12.0,1.0
22200224,1610612748,MIA,Miami,1629312,Haywood Highsmith,Haywood,F,,41:55,5.0,17.0,0.294,1.0,7.0,0.143,1.0,2.0,0.5,4.0,10.0,14.0,2.0,2.0,0.0,1.0,1.0,12.0,-2.0
22200224,1610612748,MIA,Miami,1631107,Nikola Jović,Nikola,C,,30:14,4.0,10.0,0.4,1.0,3.0,0.333,9.0,10.0,0.9,2.0,4.0,6.0,0.0,0.0,0.0,0.0,2.0,18.0,6.0
22200224,1610612748,MIA,Miami,1629622,Max Strus,Max,G,,45:12,8.0,24.0,0.333,3.0,14.0,0.214,3.0,3.0,1.0,0.0,5.0,5.0,2.0,0.0,0.0,1.0,0.0,22.0,-7.0
22200224,1610612748,MIA,Miami,200768,Kyle Lowry,Kyle,G,,50:54,8.0,23.0,0.348,4.0,11.0,0.364,4.0,6.0,0.667,1.0,9.0,10.0,15.0,1.0,2.0,3.0,5.0,24.0,4.0
22200224,1610612748,MIA,Miami,1631288,Jamal Cain,Jamal,,,17:31,1.0,2.0,0.5,0.0,1.0,0.0,2.0,4.0,0.5,1.0,5.0,6.0,1.0,0.0,0.0,0.0,1.0,4.0,-5.0
22200224,1610612748,MIA,Miami,1631115,Orlando Robinson,Orlando,,,32:12,6.0,10.0,0.6,0.0,2.0,0.0,2.0,3.0,0.667,1.0,6.0,7.0,0.0,1.0,1.0,1.0,5.0,14.0,-2.0
22200224,1610612748,MIA,Miami,1628389,Bam Adebayo,Bam,,DND - Injury/Illness,,,,,,,,,,,,,,,,,,,,
22200224,1610612748,MIA,Miami,202710,Jimmy Butler III,Jimmy,,DND - Injury/Illness,,,,,,,,,,,,,,,,,,,,
22200224,1610612748,MIA,Miami,1629130,Duncan Robinson,Duncan,,DND - Injury/Illness,,,,,,,,,,,,,,,,,,,,
22200224,1610612748,MIA,Miami,1629216,Gabe Vincent,Gabe,,DNP - Injury/Illness,,,,,,,,,,,,,,,,,,,,
22200224,1610612764,WAS,Washington,1630166,Deni Avdija,Deni,F,,14:25,1.0,2.0,0.5,1.0,2.0,0.5,0.0,0.0,0.0,0.0,1.0,1.0,3.0,0.0,0.0,1.0,4.0,3.0,-3.0
22200224,1610612764,WAS,Washington,1628398,Kyle Kuzma,Kyle,F,,40:28,9.0,24.0,0.375,2.0,12.0,0.167,1.0,3.0,0.333,0.0,8.0,8.0,5.0,1.0,0.0,4.0,2.0,21.0,1.0
22200224,1610612764,WAS,Washington,204001,Kristaps Porziņģis,Kristaps,C,,39:24,7.0,20.0,0.35,1.0,6.0,0.167,5.0,7.0,0.714,2.0,15.0,17.0,5.0,1.0,2.0,1.0,5.0,20.0,-2.0
22200224,1610612764,WAS,Washington,203078,Bradley Beal,Bradley,G,,48:30,9.0,18.0,0.5,5.0,9.0,0.556,4.0,4.0,1.0,0.0,2.0,2.0,8.0,1.0,0.0,7.0,2.0,27.0,10.0
22200224,1610612764,WAS,Washington,1628420,Monté Morris,Monté,G,,26:22,3.0,8.0,0.375,0.0,5.0,0.0,0.0,0.0,0.0,0.0,5.0,5.0,5.0,0.0,0.0,0.0,2.0,6.0,1.0
22200224,1610612764,WAS,Washington,1630557,Corey Kispert,Corey,,,38:29,6.0,9.0,0.667,5.0,8.0,0.625,0.0,0.0,0.0,2.0,2.0,4.0,3.0,2.0,0.0,0.0,2.0,17.0,8.0
22200224,1610612764,WAS,Washington,1629060,Rui Hachimura,Rui,,,28:25,6.0,11.0,0.545,1.0,3.0,0.333,0.0,0.0,0.0,1.0,7.0,8.0,3.0,0.0,0.0,1.0,2.0,13.0,-2.0
22200224,1610612764,WAS,Washington,203115,Will Barton,Will,,,8:13,0.0,2.0,0.0,0.0,1.0,0.0,0.0,0.0,0.0,0.0,1.0,1.0,0.0,0.0,0.0,0.0,0.0,0.0,-11.0
22200224,1610612764,WAS,Washington,1629655,Daniel Gafford,Daniel,,,4:30,0.0,0.0,0.0,0.0,0.0,0.0,0.0,0.0,0.0,0.0,0.0,0.0,0.0,0.0,0.0,0.0,2.0,0.0,-9.0
22200224,1610612764,WAS,Washington,201959,Taj Gibson,Taj,,,16:14,0.0,2.0,0.0,0.0,0.0,0.0,0.0,0.0,0.0,3.0,5.0,8.0,1.0,1.0,2.0,1.0,4.0,0.0,12.0
22200224,1610612764,WAS,Washington,1630264,Anthony Gill,Anthony,,DNP - Coach's Decision,,,,,,,,,,,,,,,,,,,,
22200224,1610612764,WAS,Washington,1630225,Isaiah Todd,Isaiah,,DNP - Coach's Decision,,,,,,,,,,,,,,,,,,,,
22200227,1610612753,ORL,Orlando,1629643,Chuma Okeke,Chuma,F,,29:26,1.0,5.0,0.2,0.0,2.0,0.0,2.0,2.0,1.0,0.0,7.0,7.0,2.0,1.0,2.0,0.0,4.0,4.0,-12.0
22200227,1610612753,ORL,Orlando,1629626,Bol Bol,Bol,F,,30:35,6.0,10.0,0.6,0.0,0.0,0.0,3.0,3.0,1.0,2.0,8.0,10.0,0.0,0.0,2.0,0.0,2.0,15.0,1.0
22200227,1610612753,ORL,Orlando,1628976,Wendell Carter Jr.,Wendell,C,,33:56,9.0,16.0,0.563,1.0,6.0,0.167,2.0,2.0,1.0,0.0,8.0,8.0,5.0,0.0,0.0,5.0,4.0,21.0,13.0
22200227,1610612753,ORL,Orlando,1630532,Franz Wagner,Franz,G,,33:07,5.0,9.0,0.556,2.0,3.0,0.667,8.0,9.0,0.889,0.0,3.0,3.0,8.0,1.0,0.0,3.0,6.0,20.0,11.0
22200227,1610612753,ORL,Orlando,1630591,Jalen Suggs,Jalen,G,,35:18,7.0,16.0,0.438,2.0,6.0,0.333,4.0,4.0,1.0,3.0,2.0,5.0,8.0,1.0,1.0,6.0,2.0,20.0,-10.0
22200227,1610612753,ORL,Orlando,1628964,Mo Bamba,Mo,,,23:58,4.0,9.0,0.444,4.0,5.0,0.8,1.0,2.0,0.5,1.0,3.0,4.0,1.0,0.0,2.0,0.0,4.0,13.0,-3.0
22200227,1610612753,ORL,Orlando,203082,Terrence Ross,Terrence,,,23:01,3.0,6.0,0.5,2.0,4.0,0.5,0.0,0.0,0.0,0.0,2.0,2.0,0.0,0.0,0.0,2.0,1.0,8.0,8.0
22200227,1610612753,ORL,Orlando,203914,Gary Harris,Gary,,,23:33,3.0,5.0,0.6,1.0,1.0,1.0,0.0,0.0,0.0,0.0,1.0,1.0,1.0,1.0,0.0,0.0,1.0,7.0,1.0
22200227,1610612753,ORL,Orlando,1629678,Admiral Schofield,Admiral,,,7:06,0.0,1.0,0.0,0.0,1.0,0.0,0.0,0.0,0.0,0.0,1.0,1.0,0.0,0.0,0.0,0.0,1.0,0.0,-4.0
22200227,1610612753,ORL,Orlando,1630181,R.J. Hampton,R.J.,,DNP - Coach's Decision,,,,,,,,,,,,,,,,,,,,
22200227,1610612753,ORL,Orlando,1630284,Kevon Harris,Kevon,,DNP - Coach's Decision,,,,,,,,,,,,,,,,,,,,
22200227,1610612753,ORL,Orlando,1631216,Caleb Houstan,Caleb,,DNP - Coach's Decision,,,,,,,,,,,,,,,,,,,,
22200227,1610612741,CHI,Chicago,201942,DeMar DeRozan,DeMar,F,,43:38,16.0,30.0,0.533,1.0,2.0,0.5,8.0,9.0,0.889,1.0,3.0,4.0,2.0,0.0,0.0,2.0,2.0,41.0,13.0
22200227,1610612741,CHI,Chicago,1630172,Patrick Williams,Patrick,F,,32:34,3.0,5.0,0.6,2.0,4.0,0.5,4.0,4.0,1.0,2.0,5.0,7.0,1.0,1.0,0.0,1.0,0.0,12.0,4.0
22200227,1610612741,CHI,Chicago,202696,Nikola Vučević,Nikola,C,,33:24,5.0,13.0,0.385,0.0,2.0,0.0,4.0,6.0,0.667,3.0,13.0,16.0,7.0,1.0,3.0,1.0,3.0,14.0,9.0
22200227,1610612741,CHI,Chicago,203897,Zach LaVine,Zach,G,,25:13,1.0,14.0,0.071,0.0,5.0,0.0,2.0,2.0,1.0,1.0,4.0,5.0,2.0,0.0,0.0,1.0,0.0,4.0,-19.0
22200227,1610612741,CHI,Chicago,1630245,Ayo Dosunmu,Ayo,G,,24:08,6.0,8.0,0.75,1.0,2.0,0.5,0.0,0.0,0.0,0.0,0.0,0.0,2.0,1.0,3.0,2.0,3.0,13.0,-5.0
22200227,1610612741,CHI,Chicago,1627936,Alex Caruso,Alex,,,22:52,3.0,5.0,0.6,1.0,2.0,0.5,0.0,0.0,0.0,1.0,0.0,1.0,5.0,0.0,0.0,1.0,5.0,7.0,-8.0
22200227,1610612741,CHI,Chicago,1627884,Derrick Jones Jr.,Derrick,,,4:54,0.0,2.0,0.0,0.0,2.0,0.0,0.0,0.0,0.0,1.0,1.0,2.0,0.0,0.0,0.0,0.0,1.0,0.0,-10.0
22200227,1610612741,CHI,Chicago,203083,Andre Drummond,Andre,,,14:36,3.0,5.0,0.6,0.0,0.0,0.0,1.0,2.0,0.5,4.0,2.0,6.0,1.0,0.0,0.0,2.0,1.0,7.0,-10.0
22200227,1610612741,CHI,Chicago,201609,Goran Dragic,Goran,,,16:29,0.0,2.0,0.0,0.0,1.0,0.0,1.0,2.0,0.5,0.0,2.0,2.0,4.0,0.0,0.0,0.0,1.0,1.0,4.0
22200227,1610612741,CHI,Chicago,1629632,Coby White,Coby,,,4:20,0.0,1.0,0.0,0.0,1.0,0.0,0.0,0.0,0.0,0.0,1.0,1.0,2.0,0.0,0.0,1.0,1.0,0.0,0.0
22200227,1610612741,CHI,Chicago,1629750,Javonte Green,Javonte,,,17:52,4.0,4.0,1.0,0.0,0.0,0.0,0.0,0.0,0.0,0.0,2.0,2.0,1.0,3.0,0.0,0.0,2.0,8.0,17.0
22200227,1610612741,CHI,Chicago,1628396,Tony Bradley,Tony,,DNP - Coach's Decision,,,,,,,,,,,,,,,,,,,,
22200232,1610612756,PHX,Phoenix,1628969,Mikal Bridges,Mikal,F,,34:47,6.0,12.0,0.5,0.0,2.0,0.0,1.0,2.0,0.5,0.0,6.0,6.0,2.0,2.0,3.0,2.0,3.0,13.0,0.0
22200232,1610612756,PHX,Phoenix,1628470,Torrey Craig,Torrey,F,,27:31,6.0,10.0,0.6,3.0,5.0,0.6,1.0,1.0,1.0,2.0,4.0,6.0,2.0,1.0,0.0,1.0,5.0,16.0,-8.0
22200232,1610612756,PHX,Phoenix,1629028,Deandre Ayton,Deandre,C,,36:38,7.0,12.0,0.583,0.0,1.0,0.0,3.0,3.0,1.0,5.0,5.0,10.0,8.0,0.0,3.0,2.0,3.0,17.0,0.0
22200232,1610612756,PHX,Phoenix,1626164,Devin Booker,Devin,G,,41:17,16.0,31.0,0.516,2.0,9.0,0.222,15.0,15.0,1.0,1.0,7.0,8.0,10.0,1.0,0.0,1.0,3.0,49.0,-4.0
22200232,1610612756,PHX,Phoenix,1626166,Cameron Payne,Cameron,G,,33:36,6.0,12.0,0.5,2.0,4.0,0.5,3.0,4.0,0.75,0.0,0.0,0.0,5.0,3.0,0.0,4.0,4.0,17.0,3.0
22200232,1610612756,PHX,Phoenix,1627814,Damion Lee,Damion,,,26:42,2.0,6.0,0.333,2.0,5.0,0.4,0.0,0.0,0.0,2.0,2.0,4.0,1.0,0.0,0.0,1.0,1.0,6.0,8.0
22200232,1610612756,PHX,Phoenix,1630613,Duane Washington Jr.,Duane,,,12:34,2.0,4.0,0.5,0.0,2.0,0.0,0.0,0.0,0.0,0.0,1.0,1.0,0.0,0.0,0.0,0.0,0.0,4.0,-4.0
22200232,1610612756,PHX,Phoenix,1629111,Jock Landale,Jock,,,11:22,3.0,4.0,0.75,0.0,1.0,0.0,1.0,1.0,1.0,0.0,0.0,0.0,0.0,0.0,0.0,1.0,0.0,7.0,-1.0
22200232,1610612756,PHX,Phoenix,203967,Dario Šarić,Dario,,,12:34,1.0,3.0,0.333,0.0,1.0,0.0,2.0,2.0,1.0,2.0,4.0,6.0,1.0,0.0,0.0,1.0,3.0,4.0,-1.0
22200232,1610612756,PHX,Phoenix,1629006,Josh Okogie,Josh,,,3:00,0.0,0.0,0.0,0.0,0.0,0.0,0.0,0.0,0.0,0.0,1.0,1.0,0.0,0.0,0.0,1.0,3.0,0.0,2.0
22200232,1610612756,PHX,Phoenix,202687,Bismack Biyombo,Bismack,,DNP - Coach's Decision,,,,,,,,,,,,,,,,,,,,
22200232,1610612756,PHX,Phoenix,101108,Chris Paul,Chris,,DND - Injury/Illness,,,,,,,,,,,,,,,,,,,,
22200232,1610612756,PHX,Phoenix,1630688,Ish Wainright,Ish,,DNP - Coach's Decision,,,,,,,,,,,,,,,,,,,,
22200232,1610612762,UTA,Utah,1628374,Lauri Markkanen,Lauri,F,,34:36,15.0,18.0,0.833,2.0,3.0,0.667,6.0,8.0,0.75,1.0,5.0,6.0,3.0,1.0,0.0,1.0,2.0,38.0,5.0
22200232,1610612762,UTA,Utah,203482,Kelly Olynyk,Kelly,F,,19:56,2.0,5.0,0.4,0.0,1.0,0.0,1.0,1.0,1.0,1.0,3.0,4.0,2.0,1.0,0.0,4.0,5.0,5.0,19.0
22200232,1610612762,UTA,Utah,1629020,Jarred Vanderbilt,Jarred,C,,26:37,3.0,6.0,0.5,0.0,1.0,0.0,0.0,0.0,0.0,5.0,6.0,11.0,8.0,0.0,0.0,3.0,6.0,6.0,19.0
22200232,1610612762,UTA,Utah,203903,Jordan Clarkson,Jordan,G,,30:50,8.0,16.0,0.5,2.0,6.0,0.333,2.0,2.0,1.0,1.0,1.0,2.0,3.0,0.0,0.0,1.0,1.0,20.0,15.0
22200232,1610612762,UTA,Utah,201144,Mike Conley,Mike,G,,30:16,4.0,9.0,0.444,4.0,5.0,0.8,1.0,2.0,0.5,1.0,3.0,4.0,10.0,1.0,1.0,2.0,5.0,13.0,-2.0
22200232,1610612762,UTA,Utah,1631117,Walker Kessler,Walker,,,20:23,0.0,3.0,0.0,0.0,0.0,0.0,1.0,2.0,0.5,2.0,1.0,3.0,2.0,1.0,0.0,0.0,3.0,1.0,-18.0
22200232,1610612762,UTA,Utah,1629012,Collin Sexton,Collin,,,21:34,5.0,10.0,0.5,0.0,1.0,0.0,3.0,4.0,0.75,0.0,1.0,1.0,0.0,0.0,0.0,1.0,3.0,13.0,-20.0
22200232,1610612762,UTA,Utah,1627736,Malik Beasley,Malik,,,31:16,10.0,17.0,0.588,7.0,13.0,0.538,0.0,0.0,0.0,0.0,3.0,3.0,1.0,1.0,1.0,2.0,0.0,27.0,-10.0
22200232,1610612762,UTA,Utah,1631323,Simone Fontecchio,Simone,,,9:32,1.0,1.0,1.0,1.0,1.0,1.0,1.0,2.0,0.5,0.0,1.0,1.0,0.0,0.0,1.0,0.0,1.0,4.0,-7.0
22200232,1610612762,UTA,Utah,1629659,Talen Horton-Tucker,Talen,,,15:01,3.0,6.0,0.5,0.0,0.0,0.0,1.0,3.0,0.333,0.0,1.0,1.0,3.0,1.0,0.0,2.0,2.0,7.0,4.0
22200232,1610612762,UTA,Utah,1629638,Nickeil Alexander-Walker,Nickeil,,DNP - Coach's Decision,,,,,,,,,,,,,,,,,,,,
22200232,1610612762,UTA,Utah,1628962,Udoka Azubuike,Udoka,,DNP - Coach's Decision,,,,,,,,,,,,,,,,,,,,
22200228,1610612754,IND,Indiana,1627741,Buddy Hield,Buddy,F,,32:39,3.0,15.0,0.2,3.0,13.0,0.231,1.0,1.0,1.0,1.0,3.0,4.0,1.0,1.0,1.0,4.0,2.0,10.0,6.0
22200228,1610612754,IND,Indiana,1630188,Jalen Smith,Jalen,F,,30:21,4.0,10.0,0.4,0.0,2.0,0.0,2.0,2.0,1.0,4.0,14.0,18.0,4.0,1.0,3.0,1.0,3.0,10.0,3.0
22200228,1610612754,IND,Indiana,1626167,Myles Turner,Myles,C,,26:10,5.0,8.0,0.625,0.0,0.0,0.0,7.0,9.0,0.778,3.0,4.0,7.0,1.0,0.0,4.0,2.0,4.0,17.0,3.0
22200228,1610612754,IND,Indiana,1629614,Andrew Nembhard,Andrew,G,,21:27,3.0,6.0,0.5,2.0,4.0,0.5,0.0,0.0,0.0,0.0,1.0,1.0,4.0,0.0,0.0,0.0,4.0,8.0,-2.0
22200228,1610612754,IND,Indiana,1630169,Tyrese Haliburton,Tyrese,G,,36:28,7.0,16.0,0.438,2.0,9.0,0.222,3.0,3.0,1.0,0.0,6.0,6.0,8.0,1.0,0.0,1.0,1.0,19.0,0.0
22200228,1610612754,IND,Indiana,1630543,Isaiah Jackson,Isaiah,,,17:31,1.0,2.0,0.5,0.0,0.0,0.0,2.0,2.0,1.0,3.0,2.0,5.0,1.0,0.0,1.0,0.0,2.0,4.0,7.0
22200228,1610612754,IND,Indiana,204456,T.J. McConnell,T.J.,,,16:02,1.0,3.0,0.333,0.0,1.0,0.0,0.0,0.0,0.0,0.0,0.0,0.0,3.0,2.0,0.0,2.0,1.0,2.0,3.0
22200228,1610612754,IND,Indiana,1631097,Bennedict Mathurin,Bennedict,,,29:01,4.0,14.0,0.286,1.0,5.0,0.2,6.0,8.0,0.75,1.0,3.0,4.0,2.0,2.0,0.0,2.0,3.0,15.0,21.0
22200228,1610612754,IND,Indiana,1630174,Aaron Nesmith,Aaron,,,8:40,0.0,1.0,0.0,0.0,1.0,0.0,0.0,2.0,0.0,0.0,0.0,0.0,1.0,0.0,0.0,1.0,0.0,0.0,-3.0
22200228,1610612754,IND,Indiana,1629052,Oshae Brissett,Oshae,,,17:39,5.0,7.0,0.714,4.0,6.0,0.667,0.0,0.0,0.0,0.0,0.0,0.0,0.0,1.0,0.0,0.0,4.0,14.0,5.0
22200228,1610612754,IND,Indiana,201949,James Johnson,James,,,1:54,0.0,0.0,0.0,0.0,0.0,0.0,0.0,0.0,0.0,0.0,0.0,0.0,0.0,0.0,0.0,1.0,1.0,0.0,-2.0
22200228,1610612754,IND,Indiana,1629048,Goga Bitadze,Goga,,,2:08,0.0,0.0,0.0,0.0,0.0,0.0,0.0,0.0,0.0,0.0,0.0,0.0,0.0,0.0,1.0,1.0,1.0,0.0,-1.0
22200228,1610612754,IND,Indiana,1630678,Terry Taylor,Terry,,DNP - Coach's Decision,,,,,,,,,,,,,,,,,,,,
22200228,1610612745,HOU,Houston,1630231,KJ Martin,KJ,F,,26:16,5.0,9.0,0.556,0.0,2.0,0.0,2.0,4.0,0.5,4.0,4.0,8.0,1.0,1.0,0.0,2.0,4.0,12.0,6.0
22200228,1610612745,HOU,Houston,1631095,Jabari Smith Jr.,Jabari,F,,36:22,4.0,14.0,0.286,2.0,8.0,0.25,2.0,2.0,1.0,1.0,7.0,8.0,1.0,0.0,2.0,2.0,4.0,12.0,-2.0
22200228,1610612745,HOU,Houston,1630578,Alperen Sengun,Alperen,C,,28:02,4.0,13.0,0.308,1.0,1.0,1.0,2.0,2.0,1.0,3.0,6.0,9.0,4.0,1.0,0.0,1.0,4.0,11.0,4.0
22200228,1610612745,HOU,Houston,201569,Eric Gordon,Eric,G,,36:13,8.0,17.0,0.471,1.0,6.0,0.167,7.0,7.0,1.0,2.0,4.0,6.0,3.0,1.0,2.0,2.0,1.0,24.0,8.0
22200228,1610612745,HOU,Houston,1630224,Jalen Green,Jalen,G,,31:40,2.0,10.0,0.2,0.0,4.0,0.0,12.0,15.0,0.8,0.0,5.0,5.0,5.0,2.0,0.0,6.0,4.0,16.0,0.0
22200228,1610612745,HOU,Houston,1630586,Usman Garuba,Usman,,,19:58,2.0,4.0,0.5,0.0,0.0,0.0,0.0,0.0,0.0,0.0,4.0,4.0,0.0,1.0,0.0,0.0,2.0,4.0,-12.0
22200228,1610612745,HOU,Houston,1631106,Tari Eason,Tari,,,18:53,1.0,9.0,0.111,0.0,1.0,0.0,2.0,2.0,1.0,3.0,3.0,6.0,0.0,0.0,0.0,2.0,2.0,4.0,-12.0
22200228,1610612745,HOU,Houston,1630227,Daishen Nix,Daishen,,,24:36,1.0,5.0,0.2,1.0,3.0,0.333,0.0,0.0,0.0,0.0,2.0,2.0,1.0,1.0,0.0,2.0,1.0,3.0,-16.0
22200228,1610612745,HOU,Houston,1629726,Garrison Mathews,Garrison,,,14:29,1.0,4.0,0.25,1.0,3.0,0.333,0.0,0.0,0.0,0.0,0.0,0.0,0.0,1.0,0.0,0.0,2.0,3.0,-8.0
22200228,1610612745,HOU,Houston,1630528,Josh Christopher,Josh,,,3:31,1.0,1.0,1.0,0.0,0.0,0.0,0.0,0.0,0.0,1.0,0.0,1.0,0.0,0.0,0.0,0.0,0.0,2.0,-8.0
22200228,1610612745,HOU,Houston,1626246,Boban Marjanović,Boban,,DNP - Coach's Decision,,,,,,,,,,,,,,,,,,,,
22200226,1610612749,MIL,Milwaukee,203507,Giannis Antetokounmpo,Giannis,F,,34:16,10.0,22.0,0.455,1.0,5.0,0.2,4.0,15.0,0.267,0.0,14.0,14.0,4.0,1.0,1.0,5.0,4.0,25.0,-12.0
22200226,1610612749,MIL,Milwaukee,1626171,Bobby Portis,Bobby,F,,33:53,9.0,13.0,0.692,3.0,6.0,0.5,0.0,0.0,0.0,4.0,7.0,11.0,3.0,1.0,0.0,0.0,4.0,21.0,-12.0
22200226,1610612749,MIL,Milwaukee,201572,Brook Lopez,Brook,C,,34:23,5.0,12.0,0.417,2.0,5.0,0.4,3.0,4.0,0.75,1.0,3.0,4.0,2.0,1.0,4.0,0.0,2.0,15.0,-5.0
22200226,1610612749,MIL,Milwaukee,1630699,MarJon Beauchamp,MarJon,G,,14:35,0.0,3.0,0.0,0.0,1.0,0.0,0.0,0.0,0.0,0.0,2.0,2.0,1.0,0.0,0.0,1.0,1.0,0.0,-4.0
22200226,1610612749,MIL,Milwaukee,1628975,Jevon Carter,Jevon,G,,27:17,3.0,9.0,0.333,1.0,5.0,0.2,0.0,0.0,0.0,0.0,2.0,2.0,3.0,2.0,0.0,0.0,2.0,7.0,-1.0
22200226,1610612749,MIL,Milwaukee,1629670,Jordan Nwora,Jordan,,,24:40,3.0,6.0,0.5,2.0,3.0,0.667,0.0,0.0,0.0,0.0,2.0,2.0,2.0,0.0,1.0,0.0,1.0,8.0,8.0
22200226,1610612749,MIL,Milwaukee,1628960,Grayson Allen,Grayson,,,26:36,3.0,6.0,0.5,1.0,3.0,0.333,0.0,0.0,0.0,2.0,2.0,4.0,1.0,1.0,1.0,1.0,1.0,7.0,0.0
22200226,1610612749,MIL,Milwaukee,201588,George Hill,George,,,13:53,2.0,5.0,0.4,2.0,4.0,0.5,1.0,2.0,0.5,0.0,0.0,0.0,2.0,1.0,0.0,0.0,1.0,7.0,-1.0
22200226,1610612749,MIL,Milwaukee,201586,Serge Ibaka,Serge,,,7:15,1.0,2.0,0.5,0.0,0.0,0.0,0.0,0.0,0.0,0.0,0.0,0.0,0.0,0.0,0.0,0.0,0.0,2.0,-4.0
22200226,1610612749,MIL,Milwaukee,201950,Jrue Holiday,Jrue,,,23:12,5.0,12.0,0.417,0.0,4.0,0.0,0.0,0.0,0.0,1.0,2.0,3.0,4.0,1.0,0.0,5.0,2.0,10.0,-9.0
22200226,1610612749,MIL,Milwaukee,203648,Thanasis Antetokounmpo,Thanasis,,DNP - Coach's Decision,,,,,,,,,,,,,,,,,,,,
22200226,1610612749,MIL,Milwaukee,1631260,AJ Green,AJ,,DNP - Coach's Decision,,,,,,,,,,,,,,,,,,,,
22200226,1610612749,MIL,Milwaukee,1630572,Sandro Mamukelashvili,Sandro,,DNP - Coach's Decision,,,,,,,,,,,,,,,,,,,,
22200226,1610612755,PHI,Philadelphia,1627863,Danuel House Jr.,Danuel,F,,30:36,3.0,6.0,0.5,1.0,2.0,0.5,2.0,2.0,1.0,0.0,2.0,2.0,1.0,0.0,1.0,0.0,2.0,9.0,3.0
22200226,1610612755,PHI,Philadelphia,200782,P.J. Tucker,P.J.,F,,32:21,0.0,1.0,0.0,0.0,1.0,0.0,0.0,0.0,0.0,1.0,3.0,4.0,2.0,1.0,0.0,2.0,4.0,0.0,11.0
22200226,1610612755,PHI,Philadelphia,203954,Joel Embiid,Joel,C,,36:50,12.0,26.0,0.462,2.0,6.0,0.333,6.0,8.0,0.75,1.0,10.0,11.0,8.0,1.0,3.0,5.0,2.0,32.0,8.0
22200226,1610612755,PHI,Philadelphia,1629001,De'Anthony Melton,De'Anthony,G,,36:03,3.0,8.0,0.375,2.0,3.0,0.667,2.0,2.0,1.0,2.0,5.0,7.0,6.0,0.0,0.0,5.0,2.0,10.0,6.0
22200226,1610612755,PHI,Philadelphia,1630178,Tyrese Maxey,Tyrese,G,,20:50,9.0,12.0,0.75,3.0,4.0,0.75,3.0,5.0,0.6,0.0,4.0,4.0,5.0,0.0,1.0,1.0,0.0,24.0,-4.0
22200226,1610612755,PHI,Philadelphia,1627777,Georges Niang,Georges,,,30:26,6.0,11.0,0.545,4.0,8.0,0.5,1.0,1.0,1.0,0.0,3.0,3.0,0.0,1.0,0.0,2.0,2.0,17.0,3.0
22200226,1610612755,PHI,Philadelphia,1629680,Matisse Thybulle,Matisse,,,4:20,0.0,0.0,0.0,0.0,0.0,0.0,0.0,0.0,0.0,0.0,0.0,0.0,0.0,0.0,0.0,0.0,1.0,0.0,-7.0
22200226,1610612755,PHI,Philadelphia,1629003,Shake Milton,Shake,,,31:11,6.0,12.0,0.5,1.0,4.0,0.25,2.0,4.0,0.5,0.0,3.0,3.0,6.0,1.0,0.0,3.0,2.0,15.0,17.0
22200226,1610612755,PHI,Philadelphia,1630194,Paul Reed,Paul,,,12:26,1.0,2.0,0.5,0.0,0.0,0.0,0.0,0.0,0.0,1.0,5.0,6.0,0.0,1.0,0.0,0.0,3.0,2.0,5.0
22200226,1610612755,PHI,Philadelphia,1626149,Montrezl Harrell,Montrezl,,,4:57,0.0,0.0,0.0,0.0,0.0,0.0,1.0,4.0,0.25,1.0,0.0,1.0,0.0,0.0,0.0,0.0,0.0,1.0,-2.0
22200226,1610612755,PHI,Philadelphia,1630577,Julian Champagnie,Julian,,DNP - Coach's Decision,,,,,,,,,,,,,,,,,,,,
22200226,1610612755,PHI,Philadelphia,202699,Tobias Harris,Tobias,,DND - Injury/Illness,,,,,,,,,,,,,,,,,,,,
22200226,1610612755,PHI,Philadelphia,1627788,Furkan Korkmaz,Furkan,,DND - Injury/Illness,,,,,,,,,,,,,,,,,,,,
22200231,1610612738,BOS,Boston,1628369,Jayson Tatum,Jayson,F,,39:28,6.0,18.0,0.333,2.0,10.0,0.2,5.0,6.0,0.833,0.0,7.0,7.0,10.0,0.0,0.0,3.0,1.0,19.0,11.0
22200231,1610612738,BOS,Boston,1629684,Grant Williams,Grant,F,,34:57,5.0,10.0,0.5,2.0,6.0,0.333,0.0,0.0,0.0,1.0,4.0,5.0,1.0,0.0,0.0,2.0,3.0,12.0,6.0
22200231,1610612738,BOS,Boston,201143,Al Horford,Al,C,,34:14,7.0,8.0,0.875,4.0,5.0,0.8,0.0,0.0,0.0,3.0,4.0,7.0,2.0,0.0,0.0,2.0,1.0,18.0,17.0
22200231,1610612738,BOS,Boston,1627759,Jaylen Brown,Jaylen,G,,36:49,10.0,20.0,0.5,3.0,6.0,0.5,4.0,5.0,0.8,3.0,7.0,10.0,7.0,2.0,0.0,7.0,2.0,27.0,5.0
22200231,1610612738,BOS,Boston,1628401,Derrick White,Derrick,G,,35:24,9.0,12.0,0.75,6.0,8.0,0.75,2.0,2.0,1.0,0.0,3.0,3.0,1.0,2.0,2.0,1.0,2.0,26.0,21.0
22200231,1610612738,BOS,Boston,1627763,Malcolm Brogdon,Malcolm,,,18:15,1.0,8.0,0.125,1.0,5.0,0.2,2.0,2.0,1.0,1.0,3.0,4.0,4.0,1.0,0.0,1.0,1.0,5.0,2.0
22200231,1610612738,BOS,Boston,1630573,Sam Hauser,Sam,,,21:09,2.0,7.0,0.286,2.0,5.0,0.4,0.0,0.0,0.0,2.0,2.0,4.0,2.0,0.0,0.0,1.0,2.0,6.0,-2.0
22200231,1610612738,BOS,Boston,1628436,Luke Kornet,Luke,,,14:57,1.0,1.0,1.0,0.0,0.0,0.0,2.0,2.0,1.0,1.0,5.0,6.0,1.0,0.0,1.0,0.0,1.0,4.0,-10.0
22200231,1610612738,BOS,Boston,1630202,Payton Pritchard,Payton,,,4:47,0.0,1.0,0.0,0.0,1.0,0.0,0.0,0.0,0.0,0.0,0.0,0.0,0.0,1.0,0.0,0.0,0.0,0.0,-10.0
22200231,1610612738,BOS,Boston,201933,Blake Griffin,Blake,,DNP - Coach's Decision,,,,,,,,,,,,,,,,,,,,
22200231,1610612738,BOS,Boston,1628382,Justin Jackson,Justin,,DNP - Coach's Decision,,,,,,,,,,,,,,,,,,,,
22200231,1610612738,BOS,Boston,203943,Noah Vonleh,Noah,,DNP - Coach's Decision,,,,,,,,,,,,,,,,,,,,
22200231,1610612740,NOP,New Orleans,1627742,Brandon Ingram,Brandon,F,,38:13,9.0,20.0,0.45,5.0,11.0,0.455,2.0,2.0,1.0,0.0,2.0,2.0,7.0,2.0,0.0,2.0,1.0,25.0,-12.0
22200231,1610612740,NOP,New Orleans,1630530,Trey Murphy III,Trey,F,,12:00,0.0,1.0,0.0,0.0,1.0,0.0,0.0,0.0,0.0,0.0,1.0,1.0,1.0,0.0,0.0,0.0,0.0,0.0,-10.0
22200231,1610612740,NOP,New Orleans,202685,Jonas Valančiūnas,Jonas,C,,21:15,5.0,7.0,0.714,0.0,0.0,0.0,0.0,1.0,0.0,0.0,4.0,4.0,3.0,0.0,0.0,2.0,3.0,10.0,-8.0
22200231,1610612740,NOP,New Orleans,1630529,Herbert Jones,Herbert,G,,35:34,7.0,12.0,0.583,2.0,4.0,0.5,1.0,2.0,0.5,1.0,6.0,7.0,2.0,3.0,0.0,2.0,3.0,17.0,-9.0
22200231,1610612740,NOP,New Orleans,203468,CJ McCollum,CJ,G,,34:27,7.0,18.0,0.389,4.0,8.0,0.5,0.0,0.0,0.0,0.0,5.0,5.0,3.0,3.0,0.0,1.0,4.0,18.0,-1.0
22200231,1610612740,NOP,New Orleans,1626204,Larry Nance Jr.,Larry,,,26:45,7.0,8.0,0.875,0.0,0.0,0.0,2.0,2.0,1.0,4.0,4.0,8.0,1.0,3.0,2.0,3.0,2.0,16.0,0.0
22200231,1610612740,NOP,New Orleans,1630230,Naji Marshall,Naji,,,21:31,3.0,5.0,0.6,1.0,3.0,0.333,2.0,2.0,1.0,0.0,1.0,1.0,3.0,1.0,0.0,0.0,1.0,9.0,-5.0
22200231,1610612740,NOP,New Orleans,1628984,Devonte' Graham,Devonte',,,8:22,1.0,2.0,0.5,1.0,2.0,0.5,0.0,0.0,0.0,0.0,0.0,0.0,0.0,0.0,0.0,0.0,0.0,3.0,-4.0
22200231,1610612740,NOP,New Orleans,1630700,Dyson Daniels,Dyson,,,17:53,0.0,2.0,0.0,0.0,0.0,0.0,1.0,2.0,0.5,0.0,3.0,3.0,0.0,0.0,0.0,0.0,0.0,1.0,1.0
22200231,1610612740,NOP,New Orleans,1630631,Jose Alvarado,Jose,,,24:00,4.0,12.0,0.333,0.0,6.0,0.0,2.0,2.0,1.0,2.0,4.0,6.0,4.0,1.0,1.0,1.0,4.0,10.0,8.0
22200231,1610612740,NOP,New Orleans,1629637,Jaxson Hayes,Jaxson,,DNP - Coach's Decision,,,,,,,,,,,,,,,,,,,,
22200231,1610612740,NOP,New Orleans,1626195,Willy Hernangomez,Willy,,DNP - Coach's Decision,,,,,,,,,,,,,,,,,,,,
22200231,1610612740,NOP,New Orleans,202066,Garrett Temple,Garrett,,DNP - Coach's Decision,,,,,,,,,,,,,,,,,,,,
22200229,1610612760,OKC,Oklahoma City,1629652,Luguentz Dort,Luguentz,F,,26:44,2.0,8.0,0.25,0.0,2.0,0.0,0.0,0.0,0.0,3.0,4.0,7.0,1.0,1.0,0.0,0.0,5.0,4.0,-11.0
22200229,1610612760,OKC,Oklahoma City,1631114,Jalen Williams,Jalen,F,,33:33,6.0,12.0,0.5,2.0,5.0,0.4,2.0,2.0,1.0,0.0,6.0,6.0,7.0,2.0,0.0,1.0,4.0,16.0,-15.0
22200229,1610612760,OKC,Oklahoma City,1630197,Aleksej Pokusevski,Aleksej,C,,14:11,4.0,4.0,1.0,2.0,2.0,1.0,0.0,0.0,0.0,0.0,1.0,1.0,1.0,0.0,3.0,0.0,1.0,10.0,-6.0
22200229,1610612760,OKC,Oklahoma City,1630581,Josh Giddey,Josh,G,,36:50,10.0,20.0,0.5,0.0,4.0,0.0,0.0,1.0,0.0,1.0,5.0,6.0,11.0,0.0,1.0,3.0,4.0,20.0,-13.0
22200229,1610612760,OKC,Oklahoma City,1628983,Shai Gilgeous-Alexander,Shai,G,,33:52,6.0,18.0,0.333,2.0,4.0,0.5,1.0,1.0,1.0,1.0,5.0,6.0,6.0,0.0,1.0,2.0,4.0,15.0,-13.0
22200229,1610612760,OKC,Oklahoma City,1630526,Jeremiah Robinson-Earl,Jeremiah,,,27:30,6.0,9.0,0.667,0.0,2.0,0.0,2.0,2.0,1.0,1.0,6.0,7.0,1.0,0.0,3.0,2.0,1.0,14.0,13.0
22200229,1610612760,OKC,Oklahoma City,1630322,Lindy Waters III,Lindy,,,18:37,3.0,9.0,0.333,2.0,8.0,0.25,0.0,0.0,0.0,0.0,4.0,4.0,0.0,1.0,0.0,0.0,2.0,8.0,5.0
22200229,1610612760,OKC,Oklahoma City,1629026,Kenrich Williams,Kenrich,,,11:12,2.0,5.0,0.4,1.0,1.0,1.0,0.0,0.0,0.0,0.0,1.0,1.0,0.0,0.0,0.0,0.0,1.0,5.0,-6.0
22200229,1610612760,OKC,Oklahoma City,1630598,Aaron Wiggins,Aaron,,,20:51,4.0,7.0,0.571,2.0,4.0,0.5,0.0,0.0,0.0,2.0,3.0,5.0,5.0,0.0,0.0,1.0,3.0,10.0,-1.0
22200229,1610612760,OKC,Oklahoma City,1631119,Jaylin Williams,Jaylin,,,8:00,1.0,1.0,1.0,0.0,0.0,0.0,4.0,5.0,0.8,0.0,0.0,0.0,0.0,0.0,0.0,1.0,2.0,6.0,-5.0
22200229,1610612760,OKC,Oklahoma City,203488,Mike Muscala,Mike,,,8:40,1.0,3.0,0.333,0.0,2.0,0.0,0.0,0.0,0.0,0.0,0.0,0.0,2.0,1.0,1.0,0.0,1.0,2.0,-3.0
22200229,1610612763,MEM,Memphis,1628415,Dillon Brooks,Dillon,F,,35:29,6.0,20.0,0.3,2.0,9.0,0.222,2.0,4.0,0.5,1.0,2.0,3.0,6.0,1.0,0.0,1.0,2.0,16.0,19.0
22200229,1610612763,MEM,Memphis,1628991,Jaren Jackson Jr.,Jaren,F,,24:54,7.0,16.0,0.438,3.0,6.0,0.5,8.0,11.0,0.727,5.0,7.0,12.0,0.0,2.0,3.0,2.0,2.0,25.0,9.0
22200229,1610612763,MEM,Memphis,203500,Steven Adams,Steven,C,,25:18,3.0,3.0,1.0,0.0,0.0,0.0,0.0,4.0,0.0,3.0,4.0,7.0,0.0,0.0,0.0,2.0,1.0,6.0,15.0
22200229,1610612763,MEM,Memphis,1629723,John Konchar,John,G,,28:51,7.0,10.0,0.7,5.0,7.0,0.714,0.0,0.0,0.0,1.0,9.0,10.0,2.0,0.0,1.0,1.0,0.0,19.0,17.0
22200229,1610612763,MEM,Memphis,1629630,Ja Morant,Ja,G,,32:01,5.0,20.0,0.25,0.0,2.0,0.0,9.0,10.0,0.9,2.0,5.0,7.0,11.0,0.0,1.0,2.0,1.0,19.0,6.0
22200229,1610612763,MEM,Memphis,1630583,Santi Aldama,Santi,,,23:06,4.0,9.0,0.444,3.0,7.0,0.429,4.0,4.0,1.0,2.0,5.0,7.0,1.0,0.0,0.0,0.0,1.0,15.0,2.0
22200229,1610612763,MEM,Memphis,1626145,Tyus Jones,Tyus,,,23:09,4.0,7.0,0.571,1.0,4.0,0.25,4.0,4.0,1.0,1.0,1.0,2.0,5.0,0.0,1.0,1.0,2.0,13.0,1.0
22200229,1610612763,MEM,Memphis,1631223,David Roddy,David,,,15:01,1.0,3.0,0.333,0.0,2.0,0.0,2.0,3.0,0.667,2.0,1.0,3.0,0.0,0.0,0.0,2.0,1.0,4.0,-8.0
22200229,1610612763,MEM,Memphis,1629634,Brandon Clarke,Brandon,,,22:42,1.0,2.0,0.5,0.0,0.0,0.0,0.0,0.0,0.0,0.0,5.0,5.0,0.0,1.0,1.0,0.0,1.0,2.0,-4.0
22200229,1610612763,MEM,Memphis,1631222,Jake LaRavia,Jake,,,9:29,1.0,3.0,0.333,0.0,2.0,0.0,0.0,0.0,0.0,0.0,1.0,1.0,1.0,0.0,0.0,0.0,2.0,2.0,-2.0
22200229,1610612763,MEM,Memphis,1631113,Kennedy Chandler,Kennedy,,DNP - Coach's Decision,,,,,,,,,,,,,,,,,,,,
22200229,1610612763,MEM,Memphis,1630214,Xavier Tillman,Xavier,,DNP - Coach's Decision,,,,,,,,,,,,,,,,,,,,
22200234,1610612765,DET,Detroit,1630180,Saddiq Bey,Saddiq,F,,21:22,2.0,7.0,0.286,0.0,2.0,0.0,0.0,0.0,0.0,1.0,2.0,3.0,2.0,0.0,0.0,2.0,2.0,4.0,-3.0
22200234,1610612765,DET,Detroit,202711,Bojan Bogdanović,Bojan,F,,35:05,7.0,15.0,0.467,0.0,2.0,0.0,6.0,7.0,0.857,2.0,4.0,6.0,5.0,0.0,0.0,2.0,1.0,20.0,-7.0
22200234,1610612765,DET,Detroit,1628963,Marvin Bagley III,Marvin,C,,22:42,5.0,10.0,0.5,0.0,2.0,0.0,1.0,2.0,0.5,0.0,3.0,3.0,0.0,1.0,0.0,0.0,3.0,11.0,-9.0
22200234,1610612765,DET,Detroit,1631093,Jaden Ivey,Jaden,G,,33:32,5.0,18.0,0.278,1.0,9.0,0.111,6.0,8.0,0.75,1.0,3.0,4.0,5.0,0.0,1.0,1.0,2.0,17.0,-7.0
22200234,1610612765,DET,Detroit,1630165,Killian Hayes,Killian,G,,34:42,7.0,14.0,0.5,4.0,6.0,0.667,0.0,0.0,0.0,0.0,2.0,2.0,9.0,1.0,1.0,0.0,6.0,18.0,-21.0
22200234,1610612765,DET,Detroit,1631105,Jalen Duren,Jalen,,,21:47,5.0,7.0,0.714,0.0,0.0,0.0,2.0,2.0,1.0,3.0,5.0,8.0,0.0,1.0,1.0,1.0,4.0,12.0,-6.0
22200234,1610612765,DET,Detroit,203457,Nerlens Noel,Nerlens,,,5:52,0.0,0.0,0.0,0.0,0.0,0.0,0.0,0.0,0.0,0.0,3.0,3.0,0.0,2.0,1.0,0.0,3.0,0.0,6.0
22200234,1610612765,DET,Detroit,202692,Alec Burks,Alec,,,24:12,6.0,10.0,0.6,5.0,8.0,0.625,6.0,8.0,0.75,1.0,2.0,3.0,3.0,1.0,0.0,1.0,4.0,23.0,8.0
22200234,1610612765,DET,Detroit,1628977,Hamidou Diallo,Hamidou,,,20:10,5.0,6.0,0.833,0.0,1.0,0.0,3.0,5.0,0.6,1.0,1.0,2.0,1.0,1.0,0.0,1.0,1.0,13.0,6.0
22200234,1610612765,DET,Detroit,1630587,Isaiah Livers,Isaiah,,,15:48,1.0,4.0,0.25,1.0,3.0,0.333,0.0,0.0,0.0,1.0,1.0,2.0,1.0,2.0,0.0,2.0,4.0,3.0,-4.0
22200234,1610612765,DET,Detroit,1628995,Kevin Knox II,Kevin,,,4:49,0.0,1.0,0.0,0.0,1.0,0.0,0.0,0.0,0.0,0.0,1.0,1.0,1.0,0.0,0.0,1.0,0.0,0.0,2.0
22200234,1610612765,DET,Detroit,202709,Cory Joseph,Cory,,DNP - Coach's Decision,,,,,,,,,,,,,,,,,,,,
22200234,1610612765,DET,Detroit,1630296,Braxton Key,Braxton,,DNP - Coach's Decision,,,,,,,,,,,,,,,,,,,,
22200234,1610612765,DET,Detroit,203585,Rodney McGruder,Rodney,,DNP - Coach's Decision,,,,,,,,,,,,,,,,,,,,
22200234,1610612747,LAL,Los Angeles,1629022,Lonnie Walker IV,Lonnie,F,,34:04,6.0,13.0,0.462,1.0,4.0,0.25,4.0,4.0,1.0,0.0,1.0,1.0,3.0,0.0,0.0,2.0,2.0,17.0,0.0
22200234,1610612747,LAL,Los Angeles,1628972,Troy Brown Jr.,Troy,F,,18:09,3.0,5.0,0.6,1.0,2.0,0.5,1.0,1.0,1.0,0.0,2.0,2.0,1.0,1.0,0.0,0.0,4.0,8.0,-2.0
22200234,1610612747,LAL,Los Angeles,203076,Anthony Davis,Anthony,C,,34:02,10.0,16.0,0.625,0.0,1.0,0.0,18.0,21.0,0.857,2.0,14.0,16.0,2.0,1.0,4.0,4.0,3.0,38.0,4.0
22200234,1610612747,LAL,Los Angeles,1630559,Austin Reaves,Austin,G,,36:24,5.0,8.0,0.625,2.0,4.0,0.5,4.0,4.0,1.0,1.0,3.0,4.0,6.0,0.0,1.0,0.0,2.0,16.0,14.0
22200234,1610612747,LAL,Los Angeles,201976,Patrick Beverley,Patrick,G,,25:04,1.0,3.0,0.333,1.0,3.0,0.333,1.0,2.0,0.5,0.0,3.0,3.0,2.0,0.0,1.0,3.0,5.0,4.0,-2.0
22200234,1610612747,LAL,Los Angeles,201566,Russell Westbrook,Russell,,,30:08,4.0,13.0,0.308,0.0,2.0,0.0,2.0,3.0,0.667,1.0,4.0,5.0,12.0,0.0,0.0,4.0,2.0,10.0,11.0
22200234,1610612747,LAL,Los Angeles,203471,Dennis Schröder,Dennis,,,14:34,1.0,5.0,0.2,0.0,1.0,0.0,0.0,0.0,0.0,0.0,0.0,0.0,2.0,0.0,0.0,1.0,2.0,2.0,-6.0
22200234,1610612747,LAL,Los Angeles,1629134,Kendrick Nunn,Kendrick,,,16:41,4.0,4.0,1.0,2.0,2.0,1.0,0.0,0.0,0.0,0.0,1.0,1.0,1.0,0.0,0.0,1.0,1.0,10.0,5.0
22200234,1610612747,LAL,Los Angeles,1628418,Thomas Bryant,Thomas,,,13:09,4.0,6.0,0.667,0.0,1.0,0.0,0.0,0.0,0.0,0.0,5.0,5.0,0.0,0.0,1.0,0.0,2.0,8.0,8.0
22200234,1610612747,LAL,Los Angeles,1629117,Wenyen Gabriel,Wenyen,,,17:45,5.0,5.0,1.0,0.0,0.0,0.0,5.0,5.0,1.0,3.0,4.0,7.0,0.0,0.0,0.0,1.0,1.0,15.0,3.0
22200234,1610612747,LAL,Los Angeles,2544,LeBron James,LeBron,,DND - Injury/Illness,,,,,,,,,,,,,,,,,,,,
22200234,1610612747,LAL,Los Angeles,1627745,Damian Jones,Damian,,DNP - Coach's Decision,,,,,,,,,,,,,,,,,,,,
22200234,1610612747,LAL,Los Angeles,1630346,Matt Ryan,Matt,,DNP - Coach's Decision,,,,,,,,,,,,,,,,,,,,
22200221,1610612751,BKN,Brooklyn,201142,Kevin Durant,Kevin,F,,38:48,13.0,22.0,0.591,1.0,4.0,0.25,8.0,10.0,0.8,0.0,8.0,8.0,3.0,0.0,1.0,4.0,4.0,35.0,15.0
22200221,1610612751,BKN,Brooklyn,1626220,Royce O'Neale,Royce,F,,37:19,5.0,14.0,0.357,1.0,7.0,0.143,0.0,0.0,0.0,1.0,9.0,10.0,11.0,0.0,1.0,2.0,3.0,11.0,-1.0
22200221,1610612751,BKN,Brooklyn,1629651,Nic Claxton,Nic,C,,25:22,5.0,8.0,0.625,0.0,0.0,0.0,1.0,2.0,0.5,1.0,4.0,5.0,2.0,2.0,0.0,1.0,3.0,11.0,-16.0
22200221,1610612751,BKN,Brooklyn,203925,Joe Harris,Joe,G,,33:25,5.0,12.0,0.417,4.0,8.0,0.5,1.0,1.0,1.0,0.0,3.0,3.0,4.0,0.0,1.0,3.0,4.0,15.0,10.0
22200221,1610612751,BKN,Brooklyn,1628410,Edmond Sumner,Edmond,G,,5:57,0.0,0.0,0.0,0.0,0.0,0.0,0.0,0.0,0.0,0.0,0.0,0.0,1.0,0.0,0.0,1.0,0.0,0.0,4.0
22200221,1610612751,BKN,Brooklyn,203552,Seth Curry,Seth,,,27:30,0.0,5.0,0.0,0.0,2.0,0.0,0.0,0.0,0.0,0.0,1.0,1.0,0.0,1.0,1.0,3.0,3.0,0.0,5.0
22200221,1610612751,BKN,Brooklyn,1630560,Cam Thomas,Cam,,,7:10,0.0,3.0,0.0,0.0,0.0,0.0,0.0,0.0,0.0,0.0,0.0,0.0,0.0,0.0,0.0,1.0,0.0,0.0,-7.0
22200221,1610612751,BKN,Brooklyn,1629139,Yuta Watanabe,Yuta,,,28:36,5.0,7.0,0.714,5.0,7.0,0.714,5.0,6.0,0.833,2.0,5.0,7.0,2.0,0.0,0.0,0.0,1.0,20.0,-10.0
22200221,1610612751,BKN,Brooklyn,1627732,Ben Simmons,Ben,,,32:12,6.0,6.0,1.0,0.0,0.0,0.0,3.0,4.0,0.75,1.0,12.0,13.0,7.0,0.0,1.0,1.0,6.0,15.0,13.0
22200221,1610612751,BKN,Brooklyn,201988,Patty Mills,Patty,,,3:42,1.0,2.0,0.5,0.0,1.0,0.0,0.0,0.0,0.0,0.0,0.0,0.0,2.0,1.0,0.0,1.0,0.0,2.0,-3.0
22200221,1610612751,BKN,Brooklyn,1630561,David Duke Jr.,David,,DNP - Coach's Decision,,,,,,,,,,,,,,,,,,,,
22200221,1610612751,BKN,Brooklyn,1630556,Kessler Edwards,Kessler,,DNP - Coach's Decision,,,,,,,,,,,,,,,,,,,,
22200221,1610612751,BKN,Brooklyn,202693,Markieff Morris,Markieff,,DNP - Coach's Decision,,,,,,,,,,,,,,,,,,,,
22200221,1610612751,BKN,Brooklyn,1630549,Day'Ron Sharpe,Day'Ron,,DNP - Coach's Decision,,,,,,,,,,,,,,,,,,,,
22200221,1610612757,POR,Portland,1628404,Josh Hart,Josh,F,,30:07,3.0,6.0,0.5,1.0,2.0,0.5,0.0,0.0,0.0,1.0,5.0,6.0,2.0,2.0,1.0,0.0,3.0,7.0,1.0
22200221,1610612757,POR,Portland,203924,Jerami Grant,Jerami,F,,37:15,2.0,13.0,0.154,1.0,5.0,0.2,0.0,0.0,0.0,0.0,5.0,5.0,3.0,1.0,1.0,1.0,4.0,5.0,-8.0
22200221,1610612757,POR,Portland,203994,Jusuf Nurkić,Jusuf,C,,25:12,5.0,9.0,0.556,0.0,1.0,0.0,7.0,11.0,0.636,2.0,6.0,8.0,0.0,0.0,1.0,2.0,3.0,17.0,5.0
22200221,1610612757,POR,Portland,1629014,Anfernee Simons,Anfernee,G,,29:23,8.0,20.0,0.4,4.0,9.0,0.444,4.0,4.0,1.0,0.0,1.0,1.0,2.0,2.0,0.0,0.0,2.0,24.0,-19.0
22200221,1610612757,POR,Portland,203081,Damian Lillard,Damian,G,,37:38,8.0,24.0,0.333,3.0,12.0,0.25,6.0,6.0,1.0,1.0,2.0,3.0,11.0,1.0,0.0,2.0,2.0,25.0,-2.0
22200221,1610612757,POR,Portland,1626159,Justise Winslow,Justise,,,28:26,1.0,3.0,0.333,0.0,0.0,0.0,0.0,0.0,0.0,1.0,3.0,4.0,3.0,2.0,0.0,1.0,5.0,2.0,10.0
22200221,1610612757,POR,Portland,1629234,Drew Eubanks,Drew,,,17:46,1.0,3.0,0.333,0.0,0.0,0.0,1.0,2.0,0.5,2.0,5.0,7.0,0.0,1.0,1.0,1.0,1.0,3.0,-4.0
22200221,1610612757,POR,Portland,1629642,Nassir Little,Nassir,,,12:45,1.0,6.0,0.167,0.0,2.0,0.0,2.0,2.0,1.0,0.0,3.0,3.0,1.0,0.0,1.0,0.0,1.0,4.0,7.0
22200221,1610612757,POR,Portland,1631101,Shaedon Sharpe,Shaedon,,,21:28,7.0,9.0,0.778,4.0,5.0,0.8,2.0,2.0,1.0,1.0,1.0,2.0,0.0,0.0,0.0,2.0,1.0,20.0,0.0
22200221,1610612757,POR,Portland,1630553,Keon Johnson,Keon,,DNP - Injury/Illness,,,,,,,,,,,,,,,,,,,,
22200221,1610612757,POR,Portland,1631133,Jabari Walker,Jabari,,DNP - Coach's Decision,,,,,,,,,,,,,,,,,,,,
22200221,1610612757,POR,Portland,1630570,Trendon Watford,Trendon,,DNP - Coach's Decision,,,,,,,,,,,,,,,,,,,,
22200222,1610612759,SAS,San Antonio,1628966,Keita Bates-Diop,Keita,F,,31:18,7.0,11.0,0.636,0.0,2.0,0.0,2.0,3.0,0.667,1.0,3.0,4.0,2.0,1.0,1.0,0.0,2.0,16.0,-11.0
22200222,1610612759,SAS,San Antonio,1631110,Jeremy Sochan,Jeremy,F,,31:24,5.0,10.0,0.5,0.0,2.0,0.0,1.0,1.0,1.0,0.0,4.0,4.0,5.0,0.0,0.0,3.0,2.0,11.0,-12.0
22200222,1610612759,SAS,San Antonio,1627751,Jakob Poeltl,Jakob,C,,27:21,5.0,9.0,0.556,0.0,0.0,0.0,0.0,0.0,0.0,3.0,4.0,7.0,4.0,1.0,1.0,2.0,4.0,10.0,-10.0
22200222,1610612759,SAS,San Antonio,1630200,Tre Jones,Tre,G,,29:22,7.0,13.0,0.538,1.0,2.0,0.5,0.0,0.0,0.0,0.0,1.0,1.0,4.0,2.0,0.0,3.0,2.0,15.0,-18.0
22200222,1610612759,SAS,San Antonio,1630170,Devin Vassell,Devin,G,,36:14,11.0,19.0,0.579,4.0,9.0,0.444,3.0,5.0,0.6,0.0,3.0,3.0,3.0,1.0,1.0,2.0,1.0,29.0,-14.0
22200222,1610612759,SAS,San Antonio,1626196,Josh Richardson,Josh,,,23:16,3.0,7.0,0.429,2.0,4.0,0.5,1.0,1.0,1.0,0.0,1.0,1.0,3.0,2.0,0.0,2.0,2.0,9.0,-6.0
22200222,1610612759,SAS,San Antonio,1629676,Isaiah Roby,Isaiah,,,22:23,4.0,7.0,0.571,3.0,3.0,1.0,0.0,0.0,0.0,0.0,2.0,2.0,3.0,0.0,2.0,0.0,3.0,11.0,-6.0
22200222,1610612759,SAS,San Antonio,1631160,Jordan Hall,Jordan,,,15:41,1.0,3.0,0.333,1.0,2.0,0.5,2.0,2.0,1.0,2.0,3.0,5.0,2.0,0.0,0.0,2.0,2.0,5.0,-3.0
22200222,1610612759,SAS,San Antonio,1629646,Charles Bassey,Charles,,,11:23,2.0,2.0,1.0,0.0,0.0,0.0,0.0,0.0,0.0,1.0,1.0,2.0,2.0,1.0,0.0,4.0,2.0,4.0,1.0
22200222,1610612759,SAS,San Antonio,203476,Gorgui Dieng,Gorgui,,,11:38,1.0,3.0,0.333,0.0,2.0,0.0,0.0,0.0,0.0,0.0,3.0,3.0,1.0,0.0,1.0,0.0,2.0,2.0,-11.0
22200222,1610612759,SAS,San Antonio,1629640,Keldon Johnson,Keldon,,DNP - Injury/Illness,,,,,,,,,,,,,,,,,,,,
22200222,1610612758,SAC,Sacramento,1628989,Kevin Huerter,Kevin,F,,34:10,3.0,11.0,0.273,1.0,5.0,0.2,0.0,0.0,0.0,0.0,2.0,2.0,6.0,1.0,1.0,2.0,3.0,7.0,2.0
22200222,1610612758,SAC,Sacramento,203084,Harrison Barnes,Harrison,F,,29:21,4.0,7.0,0.571,1.0,3.0,0.333,7.0,8.0,0.875,1.0,7.0,8.0,2.0,2.0,0.0,1.0,0.0,16.0,7.0
22200222,1610612758,SAC,Sacramento,1627734,Domantas Sabonis,Domantas,C,,32:24,4.0,5.0,0.8,1.0,1.0,1.0,7.0,7.0,1.0,0.0,8.0,8.0,1.0,0.0,0.0,2.0,4.0,16.0,-1.0
22200222,1610612758,SAC,Sacramento,1629056,Terence Davis,Terence,G,,14:39,2.0,7.0,0.286,1.0,3.0,0.333,0.0,0.0,0.0,1.0,2.0,3.0,3.0,1.0,0.0,3.0,2.0,5.0,3.0
22200222,1610612758,SAC,Sacramento,1628368,De'Aaron Fox,De'Aaron,G,,31:47,11.0,15.0,0.733,2.0,3.0,0.667,4.0,4.0,1.0,0.0,3.0,3.0,8.0,1.0,0.0,0.0,3.0,28.0,36.0
22200222,1610612758,SAC,Sacramento,1626168,Trey Lyles,Trey,,,19:41,5.0,8.0,0.625,1.0,4.0,0.25,3.0,4.0,0.75,2.0,1.0,3.0,0.0,1.0,0.0,0.0,0.0,14.0,7.0
22200222,1610612758,SAC,Sacramento,1630558,Davion Mitchell,Davion,,,27:40,3.0,6.0,0.5,0.0,1.0,0.0,0.0,0.0,0.0,0.0,2.0,2.0,4.0,0.0,0.0,0.0,0.0,6.0,9.0
22200222,1610612758,SAC,Sacramento,1628370,Malik Monk,Malik,,,28:01,11.0,19.0,0.579,4.0,9.0,0.444,0.0,0.0,0.0,1.0,3.0,4.0,2.0,0.0,0.0,1.0,1.0,26.0,10.0
22200222,1610612758,SAC,Sacramento,1629002,Chimezie Metu,Chimezie,,,13:59,4.0,4.0,1.0,1.0,1.0,1.0,1.0,1.0,1.0,1.0,2.0,3.0,1.0,1.0,0.0,1.0,1.0,10.0,19.0
22200222,1610612758,SAC,Sacramento,1629644,KZ Okpala,KZ,,,1:50,0.0,0.0,0.0,0.0,0.0,0.0,0.0,0.0,0.0,0.0,0.0,0.0,1.0,0.0,0.0,0.0,0.0,0.0,-2.0
22200222,1610612758,SAC,Sacramento,203458,Alex Len,Alex,,,1:37,0.0,0.0,0.0,0.0,0.0,0.0,0.0,0.0,0.0,0.0,0.0,0.0,0.0,0.0,0.0,0.0,0.0,0.0,0.0
22200222,1610612758,SAC,Sacramento,203521,Matthew Dellavedova,Matthew,,,1:37,0.0,0.0,0.0,0.0,0.0,0.0,0.0,0.0,0.0,0.0,1.0,1.0,0.0,0.0,0.0,0.0,0.0,0.0,0.0
22200222,1610612758,SAC,Sacramento,1631165,Keon Ellis,Keon,,,1:37,0.0,0.0,0.0,0.0,0.0,0.0,0.0,0.0,0.0,0.0,0.0,0.0,0.0,0.0,0.0,0.0,1.0,0.0,0.0
22200222,1610612758,SAC,Sacramento,1631320,Chima Moneke,Chima,,,1:37,1.0,1.0,1.0,0.0,0.0,0.0,0.0,0.0,0.0,0.0,0.0,0.0,0.0,0.0,0.0,2.0,0.0,2.0,0.0
22200223,1610612765,DET,Detroit,1630180,Saddiq Bey,Saddiq,F,,31:37,4.0,11.0,0.364,2.0,8.0,0.25,1.0,1.0,1.0,2.0,6.0,8.0,2.0,1.0,0.0,1.0,2.0,11.0,-8.0
22200223,1610612765,DET,Detroit,202711,Bojan Bogdanović,Bojan,F,,34:53,10.0,18.0,0.556,2.0,4.0,0.5,4.0,5.0,0.8,0.0,3.0,3.0,3.0,2.0,0.0,2.0,2.0,26.0,4.0
22200223,1610612765,DET,Detroit,1628963,Marvin Bagley III,Marvin,C,,22:30,1.0,5.0,0.2,0.0,1.0,0.0,2.0,2.0,1.0,2.0,6.0,8.0,0.0,0.0,0.0,2.0,3.0,4.0,-12.0
22200223,1610612765,DET,Detroit,1631093,Jaden Ivey,Jaden,G,,37:46,8.0,21.0,0.381,1.0,7.0,0.143,1.0,2.0,0.5,1.0,3.0,4.0,5.0,0.0,0.0,4.0,5.0,18.0,-3.0
22200223,1610612765,DET,Detroit,1630165,Killian Hayes,Killian,G,,27:37,1.0,8.0,0.125,0.0,2.0,0.0,3.0,4.0,0.75,0.0,3.0,3.0,1.0,3.0,2.0,1.0,5.0,5.0,-17.0
22200223,1610612765,DET,Detroit,1631105,Jalen Duren,Jalen,,,25:07,3.0,6.0,0.5,0.0,0.0,0.0,2.0,3.0,0.667,4.0,5.0,9.0,0.0,0.0,1.0,1.0,3.0,8.0,6.0
22200223,1610612765,DET,Detroit,1628977,Hamidou Diallo,Hamidou,,,16:23,2.0,4.0,0.5,0.0,1.0,0.0,1.0,2.0,0.5,0.0,3.0,3.0,2.0,0.0,2.0,0.0,3.0,5.0,3.0
22200223,1610612765,DET,Detroit,202692,Alec Burks,Alec,,,18:14,1.0,6.0,0.167,0.0,2.0,0.0,4.0,4.0,1.0,0.0,2.0,2.0,2.0,1.0,0.0,1.0,1.0,6.0,10.0
22200223,1610612765,DET,Detroit,1630587,Isaiah Livers,Isaiah,,,16:58,2.0,5.0,0.4,0.0,3.0,0.0,1.0,1.0,1.0,0.0,1.0,1.0,0.0,1.0,0.0,0.0,1.0,5.0,-14.0
22200223,1610612765,DET,Detroit,1628995,Kevin Knox II,Kevin,,,8:55,1.0,4.0,0.25,1.0,3.0,0.333,0.0,0.0,0.0,1.0,1.0,2.0,0.0,1.0,2.0,0.0,1.0,3.0,6.0
22200223,1610612765,DET,Detroit,202709,Cory Joseph,Cory,,DNP - Coach's Decision,,,,,,,,,,,,,,,,,,,,
22200223,1610612765,DET,Detroit,1630296,Braxton Key,Braxton,,DNP - Coach's Decision,,,,,,,,,,,,,,,,,,,,
22200223,1610612765,DET,Detroit,203585,Rodney McGruder,Rodney,,DNP - Coach's Decision,,,,,,,,,,,,,,,,,,,,
22200223,1610612765,DET,Detroit,203457,Nerlens Noel,Nerlens,,DNP - Coach's Decision,,,,,,,,,,,,,,,,,,,,
22200223,1610612746,LAC,LA,202695,Kawhi Leonard,Kawhi,F,,24:31,2.0,8.0,0.25,0.0,3.0,0.0,2.0,4.0,0.5,0.0,5.0,5.0,4.0,0.0,0.0,0.0,2.0,6.0,26.0
22200223,1610612746,LAC,LA,202694,Marcus Morris Sr.,Marcus,F,,35:39,6.0,15.0,0.4,3.0,8.0,0.375,1.0,2.0,0.5,1.0,5.0,6.0,1.0,0.0,0.0,0.0,2.0,16.0,12.0
22200223,1610612746,LAC,LA,1627826,Ivica Zubac,Ivica,C,,39:31,3.0,8.0,0.375,0.0,0.0,0.0,3.0,4.0,0.75,5.0,13.0,18.0,1.0,0.0,0.0,5.0,5.0,9.0,15.0
22200223,1610612746,LAC,LA,202331,Paul George,Paul,G,,35:48,5.0,18.0,0.278,3.0,6.0,0.5,3.0,3.0,1.0,2.0,7.0,9.0,3.0,1.0,0.0,4.0,5.0,16.0,4.0
22200223,1610612746,LAC,LA,202704,Reggie Jackson,Reggie,G,,34:36,7.0,12.0,0.583,3.0,5.0,0.6,6.0,6.0,1.0,0.0,3.0,3.0,3.0,0.0,1.0,2.0,3.0,23.0,9.0
22200223,1610612746,LAC,LA,1629611,Terance Mann,Terance,,,14:41,2.0,4.0,0.5,0.0,2.0,0.0,1.0,1.0,1.0,1.0,1.0,2.0,0.0,0.0,0.0,0.0,2.0,5.0,-12.0
22200223,1610612746,LAC,LA,202322,John Wall,John,,,13:24,1.0,4.0,0.25,1.0,2.0,0.5,0.0,0.0,0.0,0.0,1.0,1.0,4.0,0.0,0.0,6.0,1.0,3.0,-4.0
22200223,1610612746,LAC,LA,1626181,Norman Powell,Norman,,,22:46,5.0,9.0,0.556,1.0,3.0,0.333,3.0,4.0,0.75,0.0,2.0,2.0,1.0,0.0,0.0,0.0,0.0,14.0,-16.0
22200223,1610612746,LAC,LA,201587,Nicolas Batum,Nicolas,,,13:55,0.0,1.0,0.0,0.0,1.0,0.0,0.0,0.0,0.0,0.0,3.0,3.0,0.0,0.0,0.0,0.0,0.0,0.0,-10.0
22200223,1610612746,LAC,LA,1629650,Moses Brown,Moses,,,5:09,2.0,2.0,1.0,0.0,0.0,0.0,0.0,0.0,0.0,1.0,1.0,2.0,0.0,0.0,0.0,1.0,1.0,4.0,1.0
22200223,1610612746,LAC,LA,1630527,Brandon Boston,Brandon,,DNP - Coach's Decision,,,,,,,,,,,,,,,,,,,,
22200223,1610612746,LAC,LA,1629599,Amir Coffey,Amir,,DNP - Coach's Decision,,,,,,,,,,,,,,,,,,,,
22200223,1610612746,LAC,LA,203496,Robert Covington,Robert,,DNP - Coach's Decision,,,,,,,,,,,,,,,,,,,,
22200223,1610612746,LAC,LA,1630554,Jason Preston,Jason,,DNP - Coach's Decision,,,,,,,,,,,,,,,,,,,,
22200215,1610612748,MIA,Miami,1628997,Caleb Martin,Caleb,F,,38:20,6.0,10.0,0.6,2.0,4.0,0.5,0.0,0.0,0.0,2.0,7.0,9.0,3.0,0.0,2.0,3.0,3.0,14.0,-1.0
22200215,1610612748,MIA,Miami,202710,Jimmy Butler III,Jimmy,F,,38:17,4.0,8.0,0.5,0.0,2.0,0.0,5.0,5.0,1.0,0.0,1.0,1.0,5.0,1.0,0.0,5.0,2.0,13.0,-4.0
22200215,1610612748,MIA,Miami,1631107,Nikola Jović,Nikola,C,,23:50,4.0,8.0,0.5,1.0,3.0,0.333,4.0,4.0,1.0,1.0,2.0,3.0,1.0,1.0,0.0,2.0,1.0,13.0,-3.0
22200215,1610612748,MIA,Miami,1629622,Max Strus,Max,G,,35:25,6.0,11.0,0.545,3.0,8.0,0.375,5.0,5.0,1.0,0.0,3.0,3.0,0.0,2.0,1.0,3.0,0.0,20.0,-7.0
22200215,1610612748,MIA,Miami,200768,Kyle Lowry,Kyle,G,,35:34,6.0,9.0,0.667,4.0,7.0,0.571,3.0,4.0,0.75,0.0,1.0,1.0,2.0,1.0,1.0,4.0,5.0,19.0,1.0
22200215,1610612748,MIA,Miami,1631288,Jamal Cain,Jamal,,,6:04,0.0,3.0,0.0,0.0,2.0,0.0,0.0,0.0,0.0,0.0,1.0,1.0,0.0,0.0,0.0,0.0,1.0,0.0,-8.0
22200215,1610612748,MIA,Miami,1629216,Gabe Vincent,Gabe,,,32:04,6.0,11.0,0.545,3.0,8.0,0.375,1.0,1.0,1.0,0.0,2.0,2.0,5.0,0.0,0.0,2.0,4.0,16.0,-8.0
22200215,1610612748,MIA,Miami,203473,Dewayne Dedmon,Dewayne,,,15:54,4.0,4.0,1.0,0.0,0.0,0.0,1.0,3.0,0.333,0.0,0.0,0.0,0.0,0.0,0.0,2.0,2.0,9.0,-7.0
22200215,1610612748,MIA,Miami,1629130,Duncan Robinson,Duncan,,,14:32,0.0,2.0,0.0,0.0,1.0,0.0,0.0,0.0,0.0,1.0,2.0,3.0,3.0,0.0,0.0,2.0,2.0,0.0,-3.0
22200215,1610612748,MIA,Miami,1628389,Bam Adebayo,Bam,,DND - Injury/Illness,,,,,,,,,,,,,,,,,,,,
22200215,1610612748,MIA,Miami,1629312,Haywood Highsmith,Haywood,,DNP - Coach's Decision,,,,,,,,,,,,,,,,,,,,
22200215,1610612748,MIA,Miami,1631115,Orlando Robinson,Orlando,,DNP - Coach's Decision,,,,,,,,,,,,,,,,,,,,
22200215,1610612761,TOR,Toronto,1628384,OG Anunoby,OG,F,,43:02,13.0,18.0,0.722,1.0,3.0,0.333,5.0,6.0,0.833,3.0,7.0,10.0,3.0,0.0,1.0,3.0,2.0,32.0,8.0
22200215,1610612761,TOR,Toronto,1630567,Scottie Barnes,Scottie,F,,41:31,9.0,14.0,0.643,1.0,2.0,0.5,0.0,0.0,0.0,3.0,3.0,6.0,6.0,1.0,1.0,4.0,0.0,19.0,4.0
22200215,1610612761,TOR,Toronto,201152,Thaddeus Young,Thaddeus,C,,27:51,6.0,9.0,0.667,0.0,0.0,0.0,0.0,0.0,0.0,5.0,3.0,8.0,2.0,0.0,0.0,2.0,4.0,12.0,2.0
22200215,1610612761,TOR,Toronto,1630625,Dalano Banton,Dalano,G,,20:37,2.0,10.0,0.2,1.0,6.0,0.167,0.0,0.0,0.0,1.0,0.0,1.0,1.0,1.0,0.0,0.0,3.0,5.0,-14.0
22200215,1610612761,TOR,Toronto,1627832,Fred VanVleet,Fred,G,,39:15,7.0,21.0,0.333,3.0,10.0,0.3,6.0,7.0,0.857,0.0,1.0,1.0,8.0,0.0,0.0,3.0,5.0,23.0,10.0
22200215,1610612761,TOR,Toronto,1631132,Christian Koloko,Christian,,,13:00,2.0,2.0,1.0,0.0,0.0,0.0,0.0,0.0,0.0,1.0,0.0,1.0,0.0,0.0,1.0,0.0,3.0,4.0,4.0
22200215,1610612761,TOR,Toronto,1628449,Chris Boucher,Chris,,,25:00,4.0,7.0,0.571,1.0,3.0,0.333,6.0,9.0,0.667,2.0,8.0,10.0,1.0,1.0,0.0,1.0,3.0,15.0,7.0
22200215,1610612761,TOR,Toronto,1627823,Juancho Hernangomez,Juancho,,,22:35,0.0,3.0,0.0,0.0,2.0,0.0,0.0,0.0,0.0,0.0,4.0,4.0,1.0,1.0,0.0,1.0,1.0,0.0,17.0
22200215,1610612761,TOR,Toronto,203920,Khem Birch,Khem,,,7:09,1.0,2.0,0.5,0.0,0.0,0.0,0.0,0.0,0.0,1.0,0.0,1.0,1.0,1.0,0.0,0.0,2.0,2.0,2.0
22200215,1610612761,TOR,Toronto,1630551,Justin Champagnie,Justin,,DND - Injury/Illness,,,,,,,,,,,,,,,,,,,,
22200215,1610612761,TOR,Toronto,1630288,Jeff Dowtin Jr.,Jeff,,DNP - Coach's Decision,,,,,,,,,,,,,,,,,,,,
22200215,1610612761,TOR,Toronto,1630201,Malachi Flynn,Malachi,,DNP - Coach's Decision,,,,,,,,,,,,,,,,,,,,
22200220,1610612744,GSW,Golden State,203952,Andrew Wiggins,Andrew,F,,31:50,5.0,11.0,0.455,4.0,6.0,0.667,0.0,0.0,0.0,0.0,2.0,2.0,1.0,0.0,0.0,3.0,4.0,14.0,-13.0
22200220,1610612744,GSW,Golden State,203110,Draymond Green,Draymond,F,,29:20,3.0,3.0,1.0,1.0,1.0,1.0,2.0,2.0,1.0,0.0,2.0,2.0,8.0,3.0,0.0,3.0,2.0,9.0,-19.0
22200220,1610612744,GSW,Golden State,1626172,Kevon Looney,Kevon,C,,20:26,5.0,6.0,0.833,0.0,0.0,0.0,0.0,0.0,0.0,2.0,6.0,8.0,2.0,0.0,1.0,0.0,2.0,10.0,-11.0
22200220,1610612744,GSW,Golden State,202691,Klay Thompson,Klay,G,,29:33,6.0,17.0,0.353,3.0,9.0,0.333,4.0,4.0,1.0,0.0,5.0,5.0,2.0,0.0,0.0,3.0,5.0,19.0,-8.0
22200220,1610612744,GSW,Golden State,201939,Stephen Curry,Stephen,G,,36:14,17.0,28.0,0.607,7.0,11.0,0.636,9.0,9.0,1.0,0.0,9.0,9.0,6.0,0.0,1.0,3.0,2.0,50.0,-14.0
22200220,1610612744,GSW,Golden State,1629673,Jordan Poole,Jordan,,,26:44,0.0,5.0,0.0,0.0,3.0,0.0,2.0,2.0,1.0,1.0,1.0,2.0,8.0,0.0,1.0,1.0,2.0,2.0,-2.0
22200220,1610612744,GSW,Golden State,203210,JaMychal Green,JaMychal,,,17:01,1.0,7.0,0.143,0.0,2.0,0.0,0.0,0.0,0.0,1.0,1.0,2.0,0.0,0.0,0.0,1.0,4.0,2.0,7.0
22200220,1610612744,GSW,Golden State,1630237,Anthony Lamb,Anthony,,,24:19,3.0,7.0,0.429,1.0,4.0,0.25,0.0,0.0,0.0,2.0,5.0,7.0,1.0,2.0,0.0,3.0,1.0,7.0,-3.0
22200220,1610612744,GSW,Golden State,1628978,Donte DiVincenzo,Donte,,,18:32,2.0,7.0,0.286,2.0,5.0,0.4,0.0,0.0,0.0,0.0,2.0,2.0,2.0,0.0,0.0,0.0,1.0,6.0,2.0
22200220,1610612744,GSW,Golden State,1630541,Moses Moody,Moses,,,6:02,0.0,1.0,0.0,0.0,1.0,0.0,0.0,0.0,0.0,0.0,1.0,1.0,0.0,0.0,0.0,0.0,0.0,0.0,6.0
22200220,1610612744,GSW,Golden State,1630228,Jonathan Kuminga,Jonathan,,DND - Injury/Illness,,,,,,,,,,,,,,,,,,,,
22200220,1610612756,PHX,Phoenix,1628969,Mikal Bridges,Mikal,F,,41:46,6.0,11.0,0.545,5.0,8.0,0.625,6.0,6.0,1.0,2.0,7.0,9.0,9.0,1.0,0.0,2.0,3.0,23.0,23.0
22200220,1610612756,PHX,Phoenix,1628470,Torrey Craig,Torrey,F,,29:36,5.0,8.0,0.625,3.0,6.0,0.5,0.0,0.0,0.0,1.0,9.0,10.0,2.0,2.0,1.0,1.0,1.0,13.0,10.0
22200220,1610612756,PHX,Phoenix,1629028,Deandre Ayton,Deandre,C,,31:31,7.0,14.0,0.5,0.0,0.0,0.0,0.0,0.0,0.0,2.0,5.0,7.0,2.0,0.0,0.0,4.0,3.0,14.0,16.0
22200220,1610612756,PHX,Phoenix,1626164,Devin Booker,Devin,G,,36:38,8.0,17.0,0.471,2.0,5.0,0.4,9.0,9.0,1.0,0.0,2.0,2.0,9.0,0.0,3.0,3.0,2.0,27.0,6.0
22200220,1610612756,PHX,Phoenix,1626166,Cameron Payne,Cameron,G,,33:01,9.0,17.0,0.529,6.0,10.0,0.6,5.0,6.0,0.833,0.0,3.0,3.0,7.0,0.0,1.0,2.0,5.0,29.0,11.0
22200220,1610612756,PHX,Phoenix,1627814,Damion Lee,Damion,,,27:21,3.0,4.0,0.75,3.0,3.0,1.0,0.0,0.0,0.0,0.0,8.0,8.0,0.0,0.0,0.0,1.0,2.0,9.0,11.0
22200220,1610612756,PHX,Phoenix,1630613,Duane Washington Jr.,Duane,,,13:33,2.0,6.0,0.333,1.0,4.0,0.25,0.0,2.0,0.0,0.0,2.0,2.0,2.0,0.0,0.0,0.0,0.0,5.0,-7.0
22200220,1610612756,PHX,Phoenix,1629111,Jock Landale,Jock,,,16:29,3.0,5.0,0.6,0.0,1.0,0.0,1.0,2.0,0.5,1.0,3.0,4.0,0.0,1.0,2.0,2.0,3.0,7.0,-5.0
22200220,1610612756,PHX,Phoenix,1629006,Josh Okogie,Josh,,,8:39,0.0,2.0,0.0,0.0,1.0,0.0,0.0,0.0,0.0,2.0,0.0,2.0,2.0,1.0,1.0,0.0,3.0,0.0,-6.0
22200220,1610612756,PHX,Phoenix,1630688,Ish Wainright,Ish,,,1:26,1.0,2.0,0.5,1.0,2.0,0.5,0.0,0.0,0.0,0.0,0.0,0.0,0.0,0.0,0.0,0.0,0.0,3.0,-4.0
22200220,1610612756,PHX,Phoenix,202687,Bismack Biyombo,Bismack,,DNP - Coach's Decision,,,,,,,,,,,,,,,,,,,,
22200220,1610612756,PHX,Phoenix,101108,Chris Paul,Chris,,DND - Injury/Illness,,,,,,,,,,,,,,,,,,,,
22200220,1610612756,PHX,Phoenix,203967,Dario Šarić,Dario,,DNP - Coach's Decision,,,,,,,,,,,,,,,,,,,,
22200217,1610612741,CHI,Chicago,201942,DeMar DeRozan,DeMar,F,,30:53,11.0,15.0,0.733,0.0,1.0,0.0,6.0,7.0,0.857,1.0,3.0,4.0,7.0,0.0,0.0,0.0,3.0,28.0,-14.0
22200217,1610612741,CHI,Chicago,1630172,Patrick Williams,Patrick,F,,23:02,2.0,4.0,0.5,1.0,2.0,0.5,0.0,0.0,0.0,0.0,4.0,4.0,1.0,0.0,0.0,2.0,2.0,5.0,-21.0
22200217,1610612741,CHI,Chicago,202696,Nikola Vučević,Nikola,C,,29:46,6.0,13.0,0.462,2.0,5.0,0.4,0.0,0.0,0.0,2.0,8.0,10.0,0.0,1.0,0.0,2.0,1.0,14.0,-10.0
22200217,1610612741,CHI,Chicago,203897,Zach LaVine,Zach,G,,36:07,9.0,22.0,0.409,4.0,11.0,0.364,3.0,4.0,0.75,0.0,3.0,3.0,5.0,0.0,0.0,3.0,2.0,25.0,-7.0
22200217,1610612741,CHI,Chicago,1630245,Ayo Dosunmu,Ayo,G,,27:35,2.0,5.0,0.4,0.0,3.0,0.0,0.0,0.0,0.0,1.0,2.0,3.0,1.0,1.0,0.0,2.0,1.0,4.0,-8.0
22200217,1610612741,CHI,Chicago,1629750,Javonte Green,Javonte,,,14:46,1.0,7.0,0.143,0.0,2.0,0.0,1.0,2.0,0.5,2.0,2.0,4.0,0.0,0.0,1.0,0.0,1.0,3.0,-3.0
22200217,1610612741,CHI,Chicago,1627936,Alex Caruso,Alex,,,27:16,5.0,7.0,0.714,3.0,4.0,0.75,0.0,0.0,0.0,0.0,2.0,2.0,2.0,0.0,0.0,0.0,2.0,13.0,-4.0
22200217,1610612741,CHI,Chicago,201609,Goran Dragic,Goran,,,20:25,3.0,7.0,0.429,0.0,2.0,0.0,0.0,2.0,0.0,0.0,2.0,2.0,7.0,0.0,0.0,2.0,2.0,6.0,-6.0
22200217,1610612741,CHI,Chicago,203083,Andre Drummond,Andre,,,14:58,4.0,6.0,0.667,0.0,0.0,0.0,0.0,0.0,0.0,1.0,3.0,4.0,0.0,0.0,0.0,0.0,2.0,8.0,-1.0
22200217,1610612741,CHI,Chicago,1627884,Derrick Jones Jr.,Derrick,,,11:24,0.0,2.0,0.0,0.0,1.0,0.0,0.0,0.0,0.0,0.0,0.0,0.0,1.0,0.0,0.0,1.0,2.0,0.0,-2.0
22200217,1610612741,CHI,Chicago,1628396,Tony Bradley,Tony,,,1:54,1.0,1.0,1.0,1.0,1.0,1.0,0.0,0.0,0.0,0.0,1.0,1.0,0.0,0.0,0.0,0.0,0.0,3.0,3.0
22200217,1610612741,CHI,Chicago,1631207,Dalen Terry,Dalen,,,1:54,0.0,0.0,0.0,0.0,0.0,0.0,1.0,2.0,0.5,0.0,0.0,0.0,1.0,0.0,0.0,0.0,0.0,1.0,3.0
22200217,1610612740,NOP,New Orleans,1627742,Brandon Ingram,Brandon,F,,31:47,4.0,15.0,0.267,2.0,4.0,0.5,6.0,8.0,0.75,0.0,6.0,6.0,9.0,0.0,1.0,2.0,2.0,16.0,19.0
22200217,1610612740,NOP,New Orleans,1630530,Trey Murphy III,Trey,F,,24:40,7.0,9.0,0.778,5.0,6.0,0.833,0.0,0.0,0.0,1.0,9.0,10.0,1.0,3.0,1.0,1.0,0.0,19.0,17.0
22200217,1610612740,NOP,New Orleans,202685,Jonas Valančiūnas,Jonas,C,,27:14,8.0,13.0,0.615,2.0,3.0,0.667,4.0,4.0,1.0,3.0,4.0,7.0,2.0,0.0,1.0,3.0,3.0,22.0,11.0
22200217,1610612740,NOP,New Orleans,1630529,Herbert Jones,Herbert,G,,31:36,3.0,7.0,0.429,2.0,2.0,1.0,2.0,3.0,0.667,3.0,1.0,4.0,3.0,1.0,0.0,1.0,4.0,10.0,21.0
22200217,1610612740,NOP,New Orleans,203468,CJ McCollum,CJ,G,,37:08,8.0,16.0,0.5,3.0,8.0,0.375,4.0,4.0,1.0,1.0,3.0,4.0,8.0,0.0,1.0,3.0,0.0,23.0,10.0
22200217,1610612740,NOP,New Orleans,1626204,Larry Nance Jr.,Larry,,,18:52,2.0,5.0,0.4,0.0,2.0,0.0,4.0,4.0,1.0,1.0,5.0,6.0,3.0,0.0,1.0,0.0,1.0,8.0,6.0
22200217,1610612740,NOP,New Orleans,1630230,Naji Marshall,Naji,,,18:07,1.0,6.0,0.167,1.0,4.0,0.25,0.0,0.0,0.0,0.0,1.0,1.0,0.0,0.0,0.0,1.0,0.0,3.0,-6.0
22200217,1610612740,NOP,New Orleans,1630700,Dyson Daniels,Dyson,,,18:59,2.0,3.0,0.667,0.0,0.0,0.0,0.0,0.0,0.0,1.0,3.0,4.0,2.0,0.0,1.0,0.0,5.0,4.0,-4.0
22200217,1610612740,NOP,New Orleans,1628984,Devonte' Graham,Devonte',,,8:21,2.0,3.0,0.667,2.0,3.0,0.667,0.0,0.0,0.0,1.0,0.0,1.0,1.0,0.0,0.0,1.0,0.0,6.0,0.0
22200217,1610612740,NOP,New Orleans,1630631,Jose Alvarado,Jose,,,21:22,6.0,7.0,0.857,0.0,1.0,0.0,1.0,1.0,1.0,1.0,2.0,3.0,1.0,0.0,0.0,1.0,3.0,13.0,-1.0
22200217,1610612740,NOP,New Orleans,1626195,Willy Hernangomez,Willy,,,1:54,0.0,1.0,0.0,0.0,0.0,0.0,0.0,0.0,0.0,0.0,0.0,0.0,0.0,0.0,0.0,0.0,0.0,0.0,-3.0
22200217,1610612740,NOP,New Orleans,1629637,Jaxson Hayes,Jaxson,,DNP - Coach's Decision,,,,,,,,,,,,,,,,,,,,
22200217,1610612740,NOP,New Orleans,202066,Garrett Temple,Garrett,,DNP - Coach's Decision,,,,,,,,,,,,,,,,,,,,
22200218,1610612745,HOU,Houston,201569,Eric Gordon,Eric,F,,30:42,3.0,9.0,0.333,1.0,4.0,0.25,3.0,3.0,1.0,0.0,3.0,3.0,1.0,0.0,0.0,3.0,0.0,10.0,13.0
22200218,1610612745,HOU,Houston,1631095,Jabari Smith Jr.,Jabari,F,,30:08,3.0,10.0,0.3,2.0,5.0,0.4,2.0,2.0,1.0,1.0,8.0,9.0,0.0,0.0,2.0,0.0,4.0,10.0,-3.0
22200218,1610612745,HOU,Houston,1630578,Alperen Sengun,Alperen,C,,26:13,5.0,10.0,0.5,0.0,0.0,0.0,4.0,5.0,0.8,4.0,3.0,7.0,1.0,0.0,5.0,4.0,2.0,14.0,-7.0
22200218,1610612745,HOU,Houston,1629645,Kevin Porter Jr.,Kevin,G,,36:30,6.0,14.0,0.429,2.0,3.0,0.667,3.0,4.0,0.75,1.0,10.0,11.0,8.0,1.0,3.0,5.0,2.0,17.0,16.0
22200218,1610612745,HOU,Houston,1630224,Jalen Green,Jalen,G,,35:56,5.0,15.0,0.333,1.0,4.0,0.25,6.0,7.0,0.857,1.0,6.0,7.0,6.0,0.0,1.0,5.0,2.0,17.0,9.0
22200218,1610612745,HOU,Houston,1630227,Daishen Nix,Daishen,,,11:30,1.0,2.0,0.5,1.0,2.0,0.5,0.0,0.0,0.0,0.0,1.0,1.0,1.0,0.0,2.0,0.0,2.0,3.0,-7.0
22200218,1610612745,HOU,Houston,1631106,Tari Eason,Tari,,,17:52,3.0,5.0,0.6,0.0,1.0,0.0,2.0,2.0,1.0,1.0,6.0,7.0,0.0,0.0,1.0,2.0,3.0,8.0,12.0
22200218,1610612745,HOU,Houston,1630231,KJ Martin,KJ,,,24:49,4.0,5.0,0.8,1.0,1.0,1.0,1.0,1.0,1.0,0.0,1.0,1.0,1.0,0.0,2.0,1.0,1.0,10.0,0.0
22200218,1610612745,HOU,Houston,1630586,Usman Garuba,Usman,,,21:47,5.0,5.0,1.0,2.0,2.0,1.0,0.0,0.0,0.0,1.0,8.0,9.0,3.0,0.0,3.0,0.0,3.0,12.0,16.0
22200218,1610612745,HOU,Houston,1630528,Josh Christopher,Josh,,,4:33,0.0,0.0,0.0,0.0,0.0,0.0,0.0,0.0,0.0,0.0,1.0,1.0,0.0,0.0,0.0,0.0,0.0,0.0,-4.0
22200218,1610612745,HOU,Houston,1626246,Boban Marjanović,Boban,,DNP - Coach's Decision,,,,,,,,,,,,,,,,,,,,
22200218,1610612745,HOU,Houston,1629726,Garrison Mathews,Garrison,,DNP - Coach's Decision,,,,,,,,,,,,,,,,,,,,
22200218,1610612742,DAL,Dallas,203493,Reggie Bullock Jr.,Reggie,F,,32:51,0.0,6.0,0.0,0.0,6.0,0.0,0.0,0.0,0.0,2.0,1.0,3.0,0.0,0.0,0.0,0.0,2.0,0.0,-16.0
22200218,1610612742,DAL,Dallas,1627827,Dorian Finney-Smith,Dorian,F,,38:27,3.0,11.0,0.273,1.0,8.0,0.125,0.0,0.0,0.0,2.0,6.0,8.0,0.0,0.0,1.0,0.0,2.0,7.0,-4.0
22200218,1610612742,DAL,Dallas,203939,Dwight Powell,Dwight,C,,17:29,2.0,3.0,0.667,0.0,0.0,0.0,3.0,4.0,0.75,4.0,1.0,5.0,0.0,0.0,0.0,1.0,3.0,7.0,-9.0
22200218,1610612742,DAL,Dallas,1630182,Josh Green,Josh,G,,16:32,0.0,2.0,0.0,0.0,1.0,0.0,4.0,4.0,1.0,3.0,2.0,5.0,0.0,2.0,0.0,1.0,3.0,4.0,-11.0
22200218,1610612742,DAL,Dallas,203915,Spencer Dinwiddie,Spencer,G,,32:25,3.0,18.0,0.167,1.0,9.0,0.111,2.0,2.0,1.0,1.0,1.0,2.0,10.0,2.0,0.0,0.0,0.0,9.0,-10.0
22200218,1610612742,DAL,Dallas,1626174,Christian Wood,Christian,,,30:31,9.0,22.0,0.409,2.0,7.0,0.286,6.0,6.0,1.0,1.0,7.0,8.0,3.0,1.0,1.0,0.0,4.0,26.0,0.0
22200218,1610612742,DAL,Dallas,203501,Tim Hardaway Jr.,Tim,,,33:43,10.0,26.0,0.385,5.0,14.0,0.357,3.0,3.0,1.0,0.0,4.0,4.0,3.0,0.0,0.0,1.0,0.0,28.0,-8.0
22200218,1610612742,DAL,Dallas,1630267,Facundo Campazzo,Facundo,,,22:35,1.0,7.0,0.143,1.0,6.0,0.167,0.0,0.0,0.0,0.0,2.0,2.0,5.0,3.0,0.0,3.0,1.0,3.0,5.0
22200218,1610612742,DAL,Dallas,1628373,Frank Ntilikina,Frank,,,11:59,2.0,4.0,0.5,1.0,2.0,0.5,0.0,0.0,0.0,0.0,1.0,1.0,0.0,1.0,0.0,0.0,1.0,5.0,7.0
22200218,1610612742,DAL,Dallas,202722,Dāvis Bertāns,Dāvis,,,3:28,1.0,3.0,0.333,1.0,2.0,0.5,0.0,0.0,0.0,0.0,0.0,0.0,0.0,0.0,0.0,0.0,3.0,3.0,1.0
22200218,1610612742,DAL,Dallas,1629033,Theo Pinson,Theo,,DNP - Coach's Decision,,,,,,,,,,,,,,,,,,,,
22200214,1610612738,BOS,Boston,1629684,Grant Williams,Grant,F,,27:50,6.0,10.0,0.6,4.0,7.0,0.571,2.0,2.0,1.0,0.0,1.0,1.0,1.0,0.0,0.0,2.0,4.0,18.0,7.0
22200214,1610612738,BOS,Boston,1628369,Jayson Tatum,Jayson,F,,32:54,6.0,19.0,0.316,3.0,10.0,0.3,4.0,4.0,1.0,1.0,6.0,7.0,8.0,1.0,1.0,2.0,1.0,19.0,28.0
22200214,1610612738,BOS,Boston,201143,Al Horford,Al,C,,27:19,3.0,6.0,0.5,1.0,3.0,0.333,0.0,0.0,0.0,3.0,8.0,11.0,4.0,0.0,1.0,2.0,4.0,7.0,23.0
22200214,1610612738,BOS,Boston,1627759,Jaylen Brown,Jaylen,G,,23:11,10.0,17.0,0.588,1.0,6.0,0.167,1.0,2.0,0.5,0.0,5.0,5.0,0.0,2.0,0.0,3.0,4.0,22.0,10.0
22200214,1610612738,BOS,Boston,1628401,Derrick White,Derrick,G,,31:12,6.0,11.0,0.545,2.0,4.0,0.5,2.0,2.0,1.0,1.0,4.0,5.0,10.0,0.0,1.0,2.0,0.0,16.0,17.0
22200214,1610612738,BOS,Boston,1630573,Sam Hauser,Sam,,,27:29,5.0,6.0,0.833,5.0,6.0,0.833,0.0,0.0,0.0,0.0,6.0,6.0,0.0,0.0,0.0,0.0,2.0,15.0,35.0
22200214,1610612738,BOS,Boston,1628436,Luke Kornet,Luke,,,25:23,7.0,7.0,1.0,1.0,1.0,1.0,0.0,0.0,0.0,1.0,7.0,8.0,1.0,0.0,4.0,1.0,2.0,15.0,7.0
22200214,1610612738,BOS,Boston,201933,Blake Griffin,Blake,,,6:56,0.0,1.0,0.0,0.0,0.0,0.0,0.0,0.0,0.0,0.0,2.0,2.0,1.0,0.0,0.0,0.0,1.0,0.0,-4.0
22200214,1610612738,BOS,Boston,1630202,Payton Pritchard,Payton,,,24:12,5.0,8.0,0.625,4.0,6.0,0.667,0.0,0.0,0.0,0.0,3.0,3.0,4.0,1.0,0.0,1.0,2.0,14.0,5.0
22200214,1610612738,BOS,Boston,1628382,Justin Jackson,Justin,,,10:02,0.0,1.0,0.0,0.0,1.0,0.0,0.0,0.0,0.0,0.0,1.0,1.0,0.0,0.0,1.0,0.0,0.0,0.0,0.0
22200214,1610612738,BOS,Boston,1631120,JD Davison,JD,,,3:32,0.0,2.0,0.0,0.0,2.0,0.0,0.0,0.0,0.0,0.0,0.0,0.0,0.0,0.0,0.0,1.0,0.0,0.0,-3.0
22200214,1610612738,BOS,Boston,203943,Noah Vonleh,Noah,,DNP - Coach's Decision,,,,,,,,,,,,,,,,,,,,
22200214,1610612737,ATL,Atlanta,1629631,De'Andre Hunter,De'Andre,F,,34:28,4.0,13.0,0.308,2.0,6.0,0.333,3.0,3.0,1.0,0.0,4.0,4.0,0.0,0.0,0.0,0.0,1.0,13.0,-21.0
22200214,1610612737,ATL,Atlanta,1628381,John Collins,John,F,,31:59,6.0,12.0,0.5,0.0,3.0,0.0,0.0,0.0,0.0,0.0,3.0,3.0,0.0,0.0,3.0,2.0,0.0,12.0,-17.0
22200214,1610612737,ATL,Atlanta,203991,Clint Capela,Clint,C,,18:25,3.0,3.0,1.0,0.0,0.0,0.0,1.0,2.0,0.5,2.0,6.0,8.0,0.0,0.0,0.0,0.0,0.0,7.0,-9.0
22200214,1610612737,ATL,Atlanta,1627749,Dejounte Murray,Dejounte,G,,33:43,9.0,17.0,0.529,1.0,3.0,0.333,0.0,0.0,0.0,0.0,3.0,3.0,5.0,1.0,0.0,3.0,3.0,19.0,-24.0
22200214,1610612737,ATL,Atlanta,1629027,Trae Young,Trae,G,,30:41,10.0,23.0,0.435,2.0,7.0,0.286,5.0,6.0,0.833,1.0,4.0,5.0,9.0,1.0,0.0,1.0,1.0,27.0,-10.0
22200214,1610612737,ATL,Atlanta,1630168,Onyeka Okongwu,Onyeka,,,20:30,1.0,3.0,0.333,0.0,0.0,0.0,0.0,0.0,0.0,5.0,4.0,9.0,3.0,1.0,0.0,1.0,2.0,2.0,-13.0
22200214,1610612737,ATL,Atlanta,1628988,Aaron Holiday,Aaron,,,10:39,1.0,6.0,0.167,0.0,1.0,0.0,0.0,0.0,0.0,0.0,2.0,2.0,0.0,0.0,0.0,0.0,2.0,2.0,-19.0
22200214,1610612737,ATL,Atlanta,1631100,AJ Griffin,AJ,,,20:51,3.0,9.0,0.333,0.0,4.0,0.0,0.0,0.0,0.0,3.0,0.0,3.0,1.0,1.0,0.0,2.0,1.0,6.0,-21.0
22200214,1610612737,ATL,Atlanta,1630552,Jalen Johnson,Jalen,,,10:34,3.0,11.0,0.273,0.0,4.0,0.0,1.0,2.0,0.5,2.0,2.0,4.0,0.0,1.0,1.0,0.0,0.0,7.0,-5.0
22200214,1610612737,ATL,Atlanta,203200,Justin Holiday,Justin,,,6:42,0.0,1.0,0.0,0.0,1.0,0.0,0.0,0.0,0.0,0.0,0.0,0.0,0.0,0.0,1.0,0.0,1.0,0.0,-2.0
22200214,1610612737,ATL,Atlanta,1630235,Trent Forrest,Trent,,,5:22,0.0,0.0,0.0,0.0,0.0,0.0,0.0,0.0,0.0,0.0,0.0,0.0,2.0,0.0,0.0,0.0,0.0,0.0,4.0
22200214,1610612737,ATL,Atlanta,1630249,Vít Krejčí,Vít,,,5:22,1.0,1.0,1.0,1.0,1.0,1.0,0.0,0.0,0.0,0.0,0.0,0.0,0.0,0.0,0.0,0.0,0.0,3.0,4.0
22200214,1610612737,ATL,Atlanta,1626163,Frank Kaminsky,Frank,,,5:22,1.0,1.0,1.0,1.0,1.0,1.0,0.0,0.0,0.0,0.0,1.0,1.0,1.0,0.0,0.0,0.0,0.0,3.0,4.0
22200214,1610612737,ATL,Atlanta,1631213,Tyrese Martin,Tyrese,,,5:22,0.0,1.0,0.0,0.0,1.0,0.0,0.0,0.0,0.0,1.0,2.0,3.0,0.0,0.0,0.0,0.0,0.0,0.0,4.0
22200216,1610612739,CLE,Cleveland,1627747,Caris LeVert,Caris,F,,19:37,1.0,5.0,0.2,0.0,2.0,0.0,0.0,0.0,0.0,0.0,2.0,2.0,3.0,0.0,0.0,1.0,2.0,2.0,-8.0
22200216,1610612739,CLE,Cleveland,1630205,Lamar Stevens,Lamar,F,,33:45,3.0,10.0,0.3,2.0,3.0,0.667,2.0,2.0,1.0,3.0,2.0,5.0,0.0,0.0,4.0,0.0,3.0,10.0,-16.0
22200216,1610612739,CLE,Cleveland,1630596,Evan Mobley,Evan,C,,31:09,9.0,14.0,0.643,0.0,0.0,0.0,2.0,4.0,0.5,3.0,4.0,7.0,2.0,1.0,2.0,0.0,3.0,20.0,-13.0
22200216,1610612739,CLE,Cleveland,1628378,Donovan Mitchell,Donovan,G,,34:27,7.0,19.0,0.368,3.0,9.0,0.333,6.0,6.0,1.0,0.0,2.0,2.0,3.0,2.0,0.0,2.0,1.0,23.0,-17.0
22200216,1610612739,CLE,Cleveland,1629636,Darius Garland,Darius,G,,34:47,8.0,20.0,0.4,5.0,9.0,0.556,2.0,3.0,0.667,0.0,4.0,4.0,8.0,1.0,1.0,1.0,1.0,23.0,-1.0
22200216,1610612739,CLE,Cleveland,1630171,Isaac Okoro,Isaac,,,24:49,2.0,3.0,0.667,0.0,0.0,0.0,0.0,0.0,0.0,0.0,0.0,0.0,1.0,2.0,0.0,1.0,3.0,4.0,-9.0
22200216,1610612739,CLE,Cleveland,201567,Kevin Love,Kevin,,,19:43,1.0,3.0,0.333,1.0,3.0,0.333,2.0,2.0,1.0,0.0,7.0,7.0,3.0,0.0,0.0,1.0,2.0,5.0,-4.0
22200216,1610612739,CLE,Cleveland,1626224,Cedi Osman,Cedi,,,13:12,2.0,2.0,1.0,0.0,0.0,0.0,0.0,0.0,0.0,0.0,2.0,2.0,2.0,0.0,0.0,1.0,1.0,4.0,-4.0
22200216,1610612739,CLE,Cleveland,201577,Robin Lopez,Robin,,,13:40,0.0,2.0,0.0,0.0,0.0,0.0,0.0,0.0,0.0,0.0,1.0,1.0,0.0,0.0,0.0,0.0,1.0,0.0,-3.0
22200216,1610612739,CLE,Cleveland,203526,Raul Neto,Raul,,,4:57,0.0,1.0,0.0,0.0,1.0,0.0,0.0,0.0,0.0,0.0,0.0,0.0,0.0,0.0,0.0,0.0,0.0,0.0,0.0
22200216,1610612739,CLE,Cleveland,1630600,Isaiah Mobley,Isaiah,,,4:57,1.0,2.0,0.5,0.0,0.0,0.0,0.0,0.0,0.0,0.0,3.0,3.0,0.0,1.0,0.0,0.0,1.0,2.0,0.0
22200216,1610612739,CLE,Cleveland,1629603,Mamadi Diakite,Mamadi,,,4:57,2.0,3.0,0.667,1.0,1.0,1.0,0.0,0.0,0.0,0.0,1.0,1.0,0.0,0.0,0.0,1.0,0.0,5.0,0.0
22200216,1610612749,MIL,Milwaukee,203507,Giannis Antetokounmpo,Giannis,F,,31:32,6.0,18.0,0.333,0.0,2.0,0.0,4.0,11.0,0.364,2.0,10.0,12.0,8.0,0.0,0.0,2.0,1.0,16.0,10.0
22200216,1610612749,MIL,Milwaukee,1626171,Bobby Portis,Bobby,F,,29:43,4.0,8.0,0.5,0.0,1.0,0.0,2.0,2.0,1.0,0.0,11.0,11.0,2.0,1.0,0.0,1.0,1.0,10.0,18.0
22200216,1610612749,MIL,Milwaukee,201572,Brook Lopez,Brook,C,,30:20,10.0,13.0,0.769,7.0,9.0,0.778,2.0,2.0,1.0,1.0,4.0,5.0,1.0,1.0,3.0,1.0,2.0,29.0,22.0
22200216,1610612749,MIL,Milwaukee,1630699,MarJon Beauchamp,MarJon,G,,26:39,1.0,8.0,0.125,0.0,3.0,0.0,0.0,0.0,0.0,4.0,1.0,5.0,1.0,0.0,0.0,2.0,2.0,2.0,7.0
22200216,1610612749,MIL,Milwaukee,1628975,Jevon Carter,Jevon,G,,31:52,5.0,10.0,0.5,1.0,3.0,0.333,0.0,0.0,0.0,1.0,3.0,4.0,8.0,1.0,2.0,1.0,2.0,11.0,27.0
22200216,1610612749,MIL,Milwaukee,1629670,Jordan Nwora,Jordan,,,28:40,6.0,10.0,0.6,5.0,9.0,0.556,4.0,6.0,0.667,0.0,3.0,3.0,1.0,1.0,1.0,3.0,0.0,21.0,10.0
22200216,1610612749,MIL,Milwaukee,201588,George Hill,George,,,18:59,3.0,6.0,0.5,1.0,4.0,0.25,0.0,0.0,0.0,1.0,2.0,3.0,3.0,0.0,0.0,2.0,4.0,7.0,-5.0
22200216,1610612749,MIL,Milwaukee,1631260,AJ Green,AJ,,,15:14,1.0,4.0,0.25,1.0,4.0,0.25,0.0,0.0,0.0,1.0,2.0,3.0,0.0,1.0,0.0,0.0,2.0,3.0,-11.0
22200216,1610612749,MIL,Milwaukee,201586,Serge Ibaka,Serge,,,17:32,4.0,6.0,0.667,1.0,2.0,0.5,0.0,0.0,0.0,2.0,2.0,4.0,1.0,0.0,0.0,1.0,1.0,9.0,-6.0
22200216,1610612749,MIL,Milwaukee,1630572,Sandro Mamukelashvili,Sandro,,,7:34,1.0,3.0,0.333,0.0,2.0,0.0,3.0,6.0,0.5,0.0,0.0,0.0,0.0,0.0,0.0,0.0,1.0,5.0,3.0
22200216,1610612749,MIL,Milwaukee,203648,Thanasis Antetokounmpo,Thanasis,,,1:55,0.0,0.0,0.0,0.0,0.0,0.0,0.0,0.0,0.0,1.0,1.0,2.0,1.0,0.0,0.0,1.0,0.0,0.0,0.0
22200219,1610612752,NYK,New York,1629628,RJ Barrett,RJ,F,,30:59,4.0,18.0,0.222,0.0,9.0,0.0,3.0,4.0,0.75,0.0,3.0,3.0,2.0,1.0,0.0,1.0,3.0,11.0,-18.0
22200219,1610612752,NYK,New York,203944,Julius Randle,Julius,F,,32:17,11.0,21.0,0.524,3.0,10.0,0.3,9.0,13.0,0.692,3.0,8.0,11.0,4.0,4.0,0.0,3.0,3.0,34.0,7.0
22200219,1610612752,NYK,New York,1628392,Isaiah Hartenstein,Isaiah,C,,21:47,0.0,1.0,0.0,0.0,0.0,0.0,0.0,0.0,0.0,0.0,3.0,3.0,0.0,1.0,1.0,0.0,4.0,0.0,-6.0
22200219,1610612752,NYK,New York,1629629,Cam Reddish,Cam,G,,37:12,3.0,5.0,0.6,0.0,1.0,0.0,4.0,5.0,0.8,1.0,2.0,3.0,0.0,2.0,1.0,0.0,3.0,10.0,13.0
22200219,1610612752,NYK,New York,1628973,Jalen Brunson,Jalen,G,,31:07,7.0,13.0,0.538,2.0,4.0,0.5,5.0,5.0,1.0,0.0,5.0,5.0,7.0,0.0,0.0,1.0,2.0,21.0,1.0
22200219,1610612752,NYK,New York,201565,Derrick Rose,Derrick,,,16:53,5.0,10.0,0.5,2.0,3.0,0.667,1.0,1.0,1.0,1.0,0.0,1.0,3.0,0.0,1.0,0.0,2.0,13.0,2.0
22200219,1610612752,NYK,New York,1630193,Immanuel Quickley,Immanuel,,,27:49,2.0,5.0,0.4,0.0,2.0,0.0,2.0,3.0,0.667,0.0,5.0,5.0,6.0,1.0,0.0,1.0,1.0,6.0,11.0
22200219,1610612752,NYK,New York,1630167,Obi Toppin,Obi,,,23:08,3.0,8.0,0.375,1.0,5.0,0.2,0.0,0.0,0.0,0.0,3.0,3.0,0.0,0.0,0.0,1.0,0.0,7.0,7.0
22200219,1610612752,NYK,New York,1630579,Jericho Sims,Jericho,,,18:48,2.0,3.0,0.667,0.0,0.0,0.0,0.0,0.0,0.0,1.0,5.0,6.0,2.0,3.0,2.0,0.0,0.0,4.0,-2.0
22200219,1610612752,NYK,New York,1627853,Ryan Arcidiacono,Ryan,,DNP - Coach's Decision,,,,,,,,,,,,,,,,,,,,
22200219,1610612752,NYK,New York,203095,Evan Fournier,Evan,,DNP - Coach's Decision,,,,,,,,,,,,,,,,,,,,
22200219,1610612752,NYK,New York,1629656,Quentin Grimes,Quentin,,DNP - Coach's Decision,,,,,,,,,,,,,,,,,,,,
22200219,1610612752,NYK,New York,1630540,Miles McBride,Miles,,DNP - Coach's Decision,,,,,,,,,,,,,,,,,,,,
22200219,1610612752,NYK,New York,1629004,Svi Mykhailiuk,Svi,,DNP - Coach's Decision,,,,,,,,,,,,,,,,,,,,
22200219,1610612743,DEN,Denver,1629008,Michael Porter Jr.,Michael,F,,27:41,1.0,8.0,0.125,1.0,6.0,0.167,2.0,2.0,1.0,0.0,3.0,3.0,2.0,0.0,0.0,2.0,2.0,5.0,-8.0
22200219,1610612743,DEN,Denver,201145,Jeff Green,Jeff,F,,27:58,2.0,5.0,0.4,0.0,1.0,0.0,6.0,6.0,1.0,1.0,1.0,2.0,0.0,0.0,0.0,1.0,5.0,10.0,-8.0
22200219,1610612743,DEN,Denver,201599,DeAndre Jordan,DeAndre,C,,26:00,2.0,4.0,0.5,0.0,0.0,0.0,0.0,2.0,0.0,2.0,6.0,8.0,2.0,0.0,1.0,1.0,2.0,4.0,10.0
22200219,1610612743,DEN,Denver,203484,Kentavious Caldwell-Pope,Kentavious,G,,31:01,5.0,9.0,0.556,2.0,5.0,0.4,1.0,1.0,1.0,1.0,0.0,1.0,2.0,0.0,0.0,1.0,4.0,13.0,-2.0
22200219,1610612743,DEN,Denver,1627750,Jamal Murray,Jamal,G,,32:31,7.0,20.0,0.35,3.0,7.0,0.429,4.0,4.0,1.0,0.0,9.0,9.0,6.0,1.0,1.0,3.0,1.0,21.0,-1.0
22200219,1610612743,DEN,Denver,1628971,Bruce Brown,Bruce,,,21:51,5.0,10.0,0.5,2.0,5.0,0.4,0.0,0.0,0.0,1.0,5.0,6.0,3.0,1.0,2.0,4.0,1.0,12.0,0.0
22200219,1610612743,DEN,Denver,1631128,Christian Braun,Christian,,,14:55,1.0,2.0,0.5,0.0,0.0,0.0,0.0,0.0,0.0,1.0,0.0,1.0,1.0,0.0,1.0,0.0,1.0,2.0,-3.0
22200219,1610612743,DEN,Denver,1630192,Zeke Nnaji,Zeke,,,26:17,5.0,7.0,0.714,1.0,3.0,0.333,2.0,3.0,0.667,2.0,1.0,3.0,0.0,1.0,0.0,2.0,5.0,13.0,2.0
22200219,1610612743,DEN,Denver,1630538,Bones Hyland,Bones,,,22:30,7.0,15.0,0.467,5.0,10.0,0.5,2.0,2.0,1.0,0.0,7.0,7.0,2.0,0.0,0.0,1.0,3.0,21.0,-6.0
22200219,1610612743,DEN,Denver,1628427,Vlatko Čančar,Vlatko,,,9:16,1.0,2.0,0.5,0.0,1.0,0.0,0.0,0.0,0.0,0.0,2.0,2.0,0.0,0.0,0.0,0.0,1.0,2.0,1.0
22200219,1610612743,DEN,Denver,1628432,Davon Reed,Davon,,DNP - Coach's Decision,,,,,,,,,,,,,,,,,,,,
22200219,1610612743,DEN,Denver,1631212,Peyton Watson,Peyton,,DNP - Coach's Decision,,,,,,,,,,,,,,,,,,,,
22200219,1610612743,DEN,Denver,1631298,Jack White,Jack,,DNP - Coach's Decision,,,,,,,,,,,,,,,,,,,,
22200211,1610612754,IND,Indiana,1627741,Buddy Hield,Buddy,F,,30:58,5.0,13.0,0.385,3.0,5.0,0.6,6.0,6.0,1.0,0.0,2.0,2.0,4.0,2.0,1.0,1.0,2.0,19.0,19.0
22200211,1610612754,IND,Indiana,1630188,Jalen Smith,Jalen,F,,25:51,4.0,11.0,0.364,0.0,4.0,0.0,3.0,4.0,0.75,2.0,5.0,7.0,1.0,0.0,1.0,1.0,1.0,11.0,12.0
22200211,1610612754,IND,Indiana,1626167,Myles Turner,Myles,C,,31:00,7.0,10.0,0.7,1.0,2.0,0.5,5.0,6.0,0.833,1.0,9.0,10.0,3.0,1.0,3.0,2.0,3.0,20.0,11.0
22200211,1610612754,IND,Indiana,1629614,Andrew Nembhard,Andrew,G,,21:30,5.0,6.0,0.833,1.0,2.0,0.5,2.0,2.0,1.0,0.0,2.0,2.0,0.0,3.0,0.0,0.0,4.0,13.0,20.0
22200211,1610612754,IND,Indiana,1630169,Tyrese Haliburton,Tyrese,G,,32:02,9.0,15.0,0.6,3.0,8.0,0.375,1.0,1.0,1.0,0.0,2.0,2.0,11.0,3.0,0.0,3.0,1.0,22.0,11.0
22200211,1610612754,IND,Indiana,1630543,Isaiah Jackson,Isaiah,,,17:00,2.0,3.0,0.667,0.0,0.0,0.0,2.0,4.0,0.5,0.0,1.0,1.0,2.0,0.0,3.0,0.0,2.0,6.0,1.0
22200211,1610612754,IND,Indiana,1631097,Bennedict Mathurin,Bennedict,,,21:44,7.0,13.0,0.538,1.0,2.0,0.5,5.0,6.0,0.833,2.0,1.0,3.0,0.0,0.0,0.0,1.0,1.0,20.0,-14.0
22200211,1610612754,IND,Indiana,1630174,Aaron Nesmith,Aaron,,,18:01,0.0,4.0,0.0,0.0,3.0,0.0,0.0,0.0,0.0,0.0,2.0,2.0,0.0,1.0,0.0,0.0,1.0,0.0,-3.0
22200211,1610612754,IND,Indiana,204456,T.J. McConnell,T.J.,,,21:11,3.0,5.0,0.6,0.0,0.0,0.0,0.0,0.0,0.0,1.0,2.0,3.0,5.0,0.0,1.0,4.0,1.0,6.0,4.0
22200211,1610612754,IND,Indiana,1629052,Oshae Brissett,Oshae,,,20:43,2.0,2.0,1.0,2.0,2.0,1.0,2.0,2.0,1.0,1.0,1.0,2.0,1.0,1.0,0.0,0.0,2.0,8.0,-1.0
22200211,1610612754,IND,Indiana,1629048,Goga Bitadze,Goga,,DNP - Coach's Decision,,,,,,,,,,,,,,,,,,,,
22200211,1610612754,IND,Indiana,201949,James Johnson,James,,DNP - Coach's Decision,,,,,,,,,,,,,,,,,,,,
22200211,1610612754,IND,Indiana,1630678,Terry Taylor,Terry,,DNP - Coach's Decision,,,,,,,,,,,,,,,,,,,,
22200211,1610612766,CHA,Charlotte,1626162,Kelly Oubre Jr.,Kelly,F,,35:31,8.0,21.0,0.381,1.0,7.0,0.143,0.0,0.0,0.0,7.0,6.0,13.0,2.0,2.0,0.0,1.0,4.0,17.0,-11.0
22200211,1610612766,CHA,Charlotte,1629023,P.J. Washington,P.J.,F,,36:05,7.0,16.0,0.438,4.0,9.0,0.444,6.0,7.0,0.857,0.0,4.0,4.0,4.0,0.0,0.0,1.0,3.0,24.0,-20.0
22200211,1610612766,CHA,Charlotte,203486,Mason Plumlee,Mason,C,,29:13,5.0,7.0,0.714,0.0,0.0,0.0,2.0,2.0,1.0,2.0,8.0,10.0,3.0,0.0,2.0,3.0,3.0,12.0,-22.0
22200211,1610612766,CHA,Charlotte,1626179,Terry Rozier,Terry,G,,32:56,7.0,17.0,0.412,1.0,4.0,0.25,2.0,2.0,1.0,0.0,2.0,2.0,8.0,0.0,0.0,5.0,3.0,17.0,-22.0
22200211,1610612766,CHA,Charlotte,1630163,LaMelo Ball,LaMelo,G,,36:31,10.0,17.0,0.588,5.0,8.0,0.625,1.0,2.0,0.5,0.0,1.0,1.0,6.0,2.0,0.0,4.0,1.0,26.0,-8.0
22200211,1610612766,CHA,Charlotte,1630177,Theo Maledon,Theo,,,21:37,2.0,4.0,0.5,1.0,2.0,0.5,2.0,2.0,1.0,0.0,3.0,3.0,1.0,2.0,1.0,0.0,2.0,7.0,-2.0
22200211,1610612766,CHA,Charlotte,1629667,Jalen McDaniels,Jalen,,,20:04,1.0,5.0,0.2,0.0,2.0,0.0,1.0,2.0,0.5,1.0,3.0,4.0,4.0,2.0,1.0,3.0,5.0,3.0,4.0
22200211,1610612766,CHA,Charlotte,1630208,Nick Richards,Nick,,,18:47,2.0,4.0,0.5,0.0,0.0,0.0,1.0,1.0,1.0,4.0,1.0,5.0,0.0,0.0,0.0,0.0,1.0,5.0,10.0
22200211,1610612766,CHA,Charlotte,1630547,James Bouknight,James,,,6:20,1.0,3.0,0.333,0.0,1.0,0.0,0.0,0.0,0.0,0.0,1.0,1.0,1.0,0.0,0.0,0.0,0.0,2.0,3.0
22200211,1610612766,CHA,Charlotte,1630550,JT Thor,JT,,,2:56,0.0,0.0,0.0,0.0,0.0,0.0,0.0,0.0,0.0,0.0,1.0,1.0,0.0,0.0,0.0,0.0,1.0,0.0,8.0
22200211,1610612766,CHA,Charlotte,1630539,Kai Jones,Kai,,DNP - Coach's Decision,,,,,,,,,,,,,,,,,,,,
22200211,1610612766,CHA,Charlotte,1631121,Bryce McGowens,Bryce,,DNP - Coach's Decision,,,,,,,,,,,,,,,,,,,,
22200212,1610612750,MIN,Minnesota,1630183,Jaden McDaniels,Jaden,F,,35:03,4.0,12.0,0.333,1.0,5.0,0.2,1.0,2.0,0.5,4.0,4.0,8.0,2.0,1.0,1.0,1.0,4.0,10.0,19.0
22200212,1610612750,MIN,Minnesota,1626157,Karl-Anthony Towns,Karl-Anthony,F,,36:14,10.0,15.0,0.667,2.0,5.0,0.4,8.0,8.0,1.0,1.0,4.0,5.0,5.0,1.0,0.0,2.0,3.0,30.0,12.0
22200212,1610612750,MIN,Minnesota,203497,Rudy Gobert,Rudy,C,,32:05,5.0,7.0,0.714,0.0,0.0,0.0,6.0,8.0,0.75,2.0,6.0,8.0,1.0,2.0,1.0,0.0,3.0,16.0,24.0
22200212,1610612750,MIN,Minnesota,1630162,Anthony Edwards,Anthony,G,,38:43,12.0,20.0,0.6,7.0,13.0,0.538,4.0,7.0,0.571,0.0,8.0,8.0,6.0,2.0,1.0,1.0,1.0,35.0,29.0
22200212,1610612750,MIN,Minnesota,1626156,D'Angelo Russell,D'Angelo,G,,32:17,5.0,12.0,0.417,1.0,6.0,0.167,0.0,0.0,0.0,0.0,3.0,3.0,6.0,1.0,1.0,1.0,0.0,11.0,15.0
22200212,1610612750,MIN,Minnesota,203937,Kyle Anderson,Kyle,,,19:45,3.0,7.0,0.429,0.0,0.0,0.0,2.0,2.0,1.0,1.0,3.0,4.0,1.0,3.0,2.0,3.0,1.0,8.0,3.0
22200212,1610612750,MIN,Minnesota,1629162,Jordan McLaughlin,Jordan,,,19:34,4.0,6.0,0.667,1.0,3.0,0.333,0.0,0.0,0.0,0.0,0.0,0.0,3.0,4.0,0.0,0.0,0.0,9.0,7.0
22200212,1610612750,MIN,Minnesota,1627752,Taurean Prince,Taurean,,,13:54,2.0,3.0,0.667,0.0,1.0,0.0,1.0,1.0,1.0,0.0,1.0,1.0,3.0,0.0,0.0,1.0,2.0,5.0,6.0
22200212,1610612750,MIN,Minnesota,1629669,Jaylen Nowell,Jaylen,,,7:07,0.0,5.0,0.0,0.0,3.0,0.0,0.0,0.0,0.0,0.0,1.0,1.0,0.0,1.0,0.0,0.0,0.0,0.0,-10.0
22200212,1610612750,MIN,Minnesota,1629675,Naz Reid,Naz,,,1:46,0.0,0.0,0.0,0.0,0.0,0.0,0.0,0.0,0.0,0.0,1.0,1.0,1.0,0.0,0.0,0.0,0.0,0.0,-5.0
22200212,1610612750,MIN,Minnesota,1630639,A.J. Lawson,A.J.,,,1:46,1.0,1.0,1.0,0.0,0.0,0.0,0.0,0.0,0.0,0.0,1.0,1.0,0.0,0.0,0.0,0.0,1.0,2.0,-5.0
22200212,1610612750,MIN,Minnesota,1630233,Nathan Knight,Nathan,,,1:46,0.0,0.0,0.0,0.0,0.0,0.0,0.0,0.0,0.0,0.0,0.0,0.0,0.0,0.0,0.0,1.0,0.0,0.0,-5.0
22200212,1610612750,MIN,Minnesota,1627854,Bryn Forbes,Bryn,,DNP - Coach's Decision,,,,,,,,,,,,,,,,,,,,
22200212,1610612750,MIN,Minnesota,203085,Austin Rivers,Austin,,DNP - Coach's Decision,,,,,,,,,,,,,,,,,,,,
22200212,1610612753,ORL,Orlando,1629643,Chuma Okeke,Chuma,F,,31:31,2.0,8.0,0.25,1.0,6.0,0.167,0.0,0.0,0.0,0.0,5.0,5.0,1.0,2.0,0.0,1.0,3.0,5.0,-11.0
22200212,1610612753,ORL,Orlando,1629626,Bol Bol,Bol,F,,34:45,12.0,21.0,0.571,0.0,4.0,0.0,2.0,2.0,1.0,3.0,9.0,12.0,1.0,1.0,3.0,4.0,2.0,26.0,-22.0
22200212,1610612753,ORL,Orlando,1628964,Mo Bamba,Mo,C,,29:20,4.0,11.0,0.364,0.0,5.0,0.0,0.0,0.0,0.0,3.0,7.0,10.0,2.0,0.0,1.0,1.0,5.0,8.0,0.0
22200212,1610612753,ORL,Orlando,1630532,Franz Wagner,Franz,G,,34:53,7.0,17.0,0.412,1.0,1.0,1.0,3.0,4.0,0.75,1.0,5.0,6.0,4.0,0.0,1.0,2.0,3.0,18.0,-25.0
22200212,1610612753,ORL,Orlando,1630591,Jalen Suggs,Jalen,G,,32:39,8.0,17.0,0.471,5.0,11.0,0.455,2.0,3.0,0.667,3.0,3.0,6.0,6.0,2.0,0.0,3.0,4.0,23.0,-12.0
22200212,1610612753,ORL,Orlando,203082,Terrence Ross,Terrence,,,26:37,1.0,4.0,0.25,1.0,2.0,0.5,3.0,3.0,1.0,0.0,2.0,2.0,2.0,0.0,0.0,3.0,3.0,6.0,-2.0
22200212,1610612753,ORL,Orlando,1629678,Admiral Schofield,Admiral,,,11:30,3.0,4.0,0.75,0.0,1.0,0.0,0.0,0.0,0.0,1.0,0.0,1.0,3.0,1.0,0.0,1.0,5.0,6.0,-9.0
22200212,1610612753,ORL,Orlando,1631216,Caleb Houstan,Caleb,,,22:19,1.0,3.0,0.333,1.0,3.0,0.333,0.0,0.0,0.0,0.0,4.0,4.0,0.0,0.0,0.0,0.0,0.0,3.0,3.0
22200212,1610612753,ORL,Orlando,1630181,R.J. Hampton,R.J.,,,10:15,2.0,6.0,0.333,0.0,2.0,0.0,0.0,0.0,0.0,0.0,0.0,0.0,1.0,0.0,0.0,1.0,1.0,4.0,-12.0
22200212,1610612753,ORL,Orlando,1630284,Kevon Harris,Kevon,,,6:11,2.0,2.0,1.0,0.0,0.0,0.0,5.0,5.0,1.0,1.0,0.0,1.0,1.0,0.0,0.0,0.0,0.0,9.0,0.0
22200212,1610612753,ORL,Orlando,1628976,Wendell Carter Jr.,Wendell,,DND - Injury/Illness,,,,,,,,,,,,,,,,,,,,
22200213,1610612760,OKC,Oklahoma City,1630598,Aaron Wiggins,Aaron,F,,27:00,3.0,4.0,0.75,1.0,1.0,1.0,0.0,0.0,0.0,1.0,2.0,3.0,0.0,0.0,0.0,0.0,2.0,7.0,-5.0
22200213,1610612760,OKC,Oklahoma City,1629652,Luguentz Dort,Luguentz,F,,33:35,6.0,12.0,0.5,3.0,6.0,0.5,1.0,3.0,0.333,1.0,1.0,2.0,3.0,1.0,1.0,2.0,2.0,16.0,-4.0
22200213,1610612760,OKC,Oklahoma City,1630197,Aleksej Pokusevski,Aleksej,C,,13:59,3.0,4.0,0.75,2.0,3.0,0.667,0.0,0.0,0.0,0.0,1.0,1.0,1.0,0.0,3.0,1.0,2.0,8.0,-21.0
22200213,1610612760,OKC,Oklahoma City,1630581,Josh Giddey,Josh,G,,20:28,5.0,11.0,0.455,1.0,3.0,0.333,0.0,0.0,0.0,0.0,6.0,6.0,2.0,0.0,0.0,2.0,4.0,11.0,-23.0
22200213,1610612760,OKC,Oklahoma City,1628983,Shai Gilgeous-Alexander,Shai,G,,34:49,14.0,22.0,0.636,2.0,3.0,0.667,12.0,17.0,0.706,2.0,4.0,6.0,7.0,0.0,1.0,2.0,1.0,42.0,9.0
22200213,1610612760,OKC,Oklahoma City,203488,Mike Muscala,Mike,,,10:35,0.0,0.0,0.0,0.0,0.0,0.0,1.0,2.0,0.5,0.0,2.0,2.0,0.0,0.0,1.0,1.0,3.0,1.0,3.0
22200213,1610612760,OKC,Oklahoma City,1629026,Kenrich Williams,Kenrich,,,25:47,4.0,6.0,0.667,1.0,2.0,0.5,0.0,0.0,0.0,1.0,4.0,5.0,1.0,1.0,1.0,2.0,3.0,9.0,16.0
22200213,1610612760,OKC,Oklahoma City,1630322,Lindy Waters III,Lindy,,,26:43,3.0,7.0,0.429,3.0,7.0,0.429,0.0,0.0,0.0,1.0,3.0,4.0,2.0,2.0,0.0,0.0,2.0,9.0,32.0
22200213,1610612760,OKC,Oklahoma City,1631114,Jalen Williams,Jalen,,,27:39,4.0,11.0,0.364,2.0,4.0,0.5,0.0,0.0,0.0,2.0,2.0,4.0,6.0,0.0,0.0,3.0,2.0,10.0,0.0
22200213,1610612760,OKC,Oklahoma City,1630526,Jeremiah Robinson-Earl,Jeremiah,,,13:25,2.0,3.0,0.667,1.0,2.0,0.5,3.0,4.0,0.75,1.0,3.0,4.0,1.0,0.0,0.0,1.0,0.0,8.0,0.0
22200213,1610612760,OKC,Oklahoma City,1631119,Jaylin Williams,Jaylin,,,6:00,0.0,1.0,0.0,0.0,0.0,0.0,0.0,0.0,0.0,0.0,0.0,0.0,1.0,0.0,0.0,1.0,1.0,0.0,-2.0
22200213,1610612760,OKC,Oklahoma City,1630198,Isaiah Joe,Isaiah,,DNP - Coach's Decision,,,,,,,,,,,,,,,,,,,,
22200213,1610612764,WAS,Washington,1630166,Deni Avdija,Deni,F,,29:34,4.0,10.0,0.4,2.0,3.0,0.667,2.0,2.0,1.0,3.0,4.0,7.0,2.0,0.0,2.0,4.0,5.0,12.0,1.0
22200213,1610612764,WAS,Washington,1628398,Kyle Kuzma,Kyle,F,,38:56,7.0,15.0,0.467,3.0,8.0,0.375,1.0,1.0,1.0,2.0,8.0,10.0,9.0,1.0,0.0,7.0,3.0,18.0,13.0
22200213,1610612764,WAS,Washington,204001,Kristaps Porziņģis,Kristaps,C,,36:28,8.0,15.0,0.533,4.0,7.0,0.571,7.0,9.0,0.778,2.0,7.0,9.0,4.0,1.0,1.0,2.0,1.0,27.0,16.0
22200213,1610612764,WAS,Washington,203078,Bradley Beal,Bradley,G,,37:01,9.0,19.0,0.474,2.0,4.0,0.5,5.0,5.0,1.0,2.0,4.0,6.0,6.0,1.0,1.0,1.0,1.0,25.0,10.0
22200213,1610612764,WAS,Washington,1628420,Monté Morris,Monté,G,,27:16,4.0,7.0,0.571,3.0,5.0,0.6,0.0,0.0,0.0,0.0,3.0,3.0,4.0,2.0,0.0,0.0,3.0,11.0,24.0
22200213,1610612764,WAS,Washington,203115,Will Barton,Will,,,16:26,2.0,5.0,0.4,1.0,2.0,0.5,0.0,0.0,0.0,0.0,1.0,1.0,2.0,0.0,0.0,0.0,2.0,5.0,-17.0
22200213,1610612764,WAS,Washington,1630692,Jordan Goodwin,Jordan,,,19:43,2.0,3.0,0.667,0.0,0.0,0.0,0.0,0.0,0.0,2.0,1.0,3.0,1.0,0.0,1.0,3.0,2.0,4.0,-15.0
22200213,1610612764,WAS,Washington,1630557,Corey Kispert,Corey,,,11:10,1.0,3.0,0.333,0.0,2.0,0.0,0.0,0.0,0.0,0.0,0.0,0.0,2.0,0.0,0.0,2.0,1.0,2.0,-20.0
22200213,1610612764,WAS,Washington,1629060,Rui Hachimura,Rui,,,17:41,6.0,8.0,0.75,2.0,3.0,0.667,0.0,0.0,0.0,0.0,1.0,1.0,2.0,3.0,0.0,0.0,0.0,14.0,-3.0
22200213,1610612764,WAS,Washington,1629655,Daniel Gafford,Daniel,,,5:45,1.0,1.0,1.0,0.0,0.0,0.0,0.0,0.0,0.0,0.0,1.0,1.0,0.0,0.0,0.0,0.0,2.0,2.0,-14.0
22200213,1610612764,WAS,Washington,201959,Taj Gibson,Taj,,DNP - Coach's Decision,,,,,,,,,,,,,,,,,,,,
22200213,1610612764,WAS,Washington,1630264,Anthony Gill,Anthony,,DNP - Coach's Decision,,,,,,,,,,,,,,,,,,,,
22200210,1610612751,BKN,Brooklyn,201142,Kevin Durant,Kevin,F,,30:39,8.0,15.0,0.533,0.0,1.0,0.0,11.0,11.0,1.0,0.0,4.0,4.0,6.0,0.0,1.0,2.0,2.0,27.0,-31.0
22200210,1610612751,BKN,Brooklyn,1626220,Royce O'Neale,Royce,F,,24:08,1.0,4.0,0.25,1.0,4.0,0.25,0.0,0.0,0.0,0.0,2.0,2.0,1.0,0.0,0.0,3.0,1.0,3.0,-40.0
22200210,1610612751,BKN,Brooklyn,1629651,Nic Claxton,Nic,C,,17:54,3.0,5.0,0.6,0.0,0.0,0.0,0.0,0.0,0.0,0.0,1.0,1.0,1.0,0.0,0.0,1.0,3.0,6.0,-30.0
22200210,1610612751,BKN,Brooklyn,203925,Joe Harris,Joe,G,,20:12,1.0,7.0,0.143,1.0,5.0,0.2,1.0,1.0,1.0,0.0,1.0,1.0,1.0,0.0,0.0,1.0,0.0,4.0,-37.0
22200210,1610612751,BKN,Brooklyn,1628410,Edmond Sumner,Edmond,G,,21:35,4.0,9.0,0.444,1.0,4.0,0.25,9.0,9.0,1.0,0.0,1.0,1.0,1.0,2.0,0.0,1.0,3.0,18.0,-20.0
22200210,1610612751,BKN,Brooklyn,203552,Seth Curry,Seth,,,23:39,3.0,6.0,0.5,1.0,2.0,0.5,2.0,2.0,1.0,0.0,3.0,3.0,3.0,0.0,0.0,1.0,3.0,9.0,-6.0
22200210,1610612751,BKN,Brooklyn,1627732,Ben Simmons,Ben,,,20:22,5.0,7.0,0.714,0.0,0.0,0.0,1.0,2.0,0.5,0.0,5.0,5.0,3.0,1.0,0.0,2.0,0.0,11.0,-3.0
22200210,1610612751,BKN,Brooklyn,1629139,Yuta Watanabe,Yuta,,,19:17,4.0,8.0,0.5,3.0,5.0,0.6,0.0,0.0,0.0,1.0,1.0,2.0,1.0,0.0,0.0,1.0,2.0,11.0,-10.0
22200210,1610612751,BKN,Brooklyn,1630560,Cam Thomas,Cam,,,20:41,4.0,8.0,0.5,1.0,2.0,0.5,3.0,4.0,0.75,0.0,2.0,2.0,3.0,1.0,0.0,2.0,0.0,12.0,14.0
22200210,1610612751,BKN,Brooklyn,201988,Patty Mills,Patty,,,4:07,1.0,1.0,1.0,1.0,1.0,1.0,0.0,0.0,0.0,0.0,2.0,2.0,1.0,0.0,0.0,0.0,0.0,3.0,0.0
22200210,1610612751,BKN,Brooklyn,1630561,David Duke Jr.,David,,,13:26,2.0,3.0,0.667,0.0,0.0,0.0,0.0,0.0,0.0,0.0,0.0,0.0,1.0,0.0,0.0,3.0,2.0,4.0,1.0
22200210,1610612751,BKN,Brooklyn,1630556,Kessler Edwards,Kessler,,,12:00,2.0,4.0,0.5,1.0,3.0,0.333,1.0,2.0,0.5,2.0,1.0,3.0,0.0,1.0,1.0,0.0,1.0,6.0,1.0
22200210,1610612751,BKN,Brooklyn,1630549,Day'Ron Sharpe,Day'Ron,,,12:00,2.0,4.0,0.5,1.0,1.0,1.0,2.0,2.0,1.0,0.0,3.0,3.0,3.0,0.0,1.0,0.0,1.0,7.0,1.0
22200210,1610612751,BKN,Brooklyn,202693,Markieff Morris,Markieff,,DNP - Coach's Decision,,,,,,,,,,,,,,,,,,,,
22200210,1610612758,SAC,Sacramento,203084,Harrison Barnes,Harrison,F,,21:26,5.0,8.0,0.625,2.0,4.0,0.5,4.0,4.0,1.0,1.0,3.0,4.0,3.0,1.0,0.0,0.0,4.0,16.0,33.0
22200210,1610612758,SAC,Sacramento,1631099,Keegan Murray,Keegan,F,,12:18,2.0,6.0,0.333,0.0,2.0,0.0,0.0,0.0,0.0,0.0,3.0,3.0,0.0,0.0,0.0,0.0,0.0,4.0,3.0
22200210,1610612758,SAC,Sacramento,1627734,Domantas Sabonis,Domantas,C,,27:36,6.0,6.0,1.0,0.0,0.0,0.0,5.0,5.0,1.0,1.0,6.0,7.0,7.0,1.0,1.0,3.0,4.0,17.0,44.0
22200210,1610612758,SAC,Sacramento,1628989,Kevin Huerter,Kevin,G,,29:40,7.0,10.0,0.7,5.0,7.0,0.714,0.0,0.0,0.0,1.0,1.0,2.0,3.0,1.0,0.0,2.0,2.0,19.0,40.0
22200210,1610612758,SAC,Sacramento,1628368,De'Aaron Fox,De'Aaron,G,,23:45,5.0,12.0,0.417,1.0,5.0,0.2,3.0,5.0,0.6,0.0,4.0,4.0,9.0,1.0,1.0,1.0,1.0,14.0,11.0
22200210,1610612758,SAC,Sacramento,1630558,Davion Mitchell,Davion,,,16:46,3.0,4.0,0.75,0.0,1.0,0.0,2.0,3.0,0.667,0.0,0.0,0.0,3.0,0.0,1.0,1.0,2.0,8.0,26.0
22200210,1610612758,SAC,Sacramento,1626168,Trey Lyles,Trey,,,17:55,4.0,13.0,0.308,3.0,8.0,0.375,1.0,2.0,0.5,4.0,1.0,5.0,0.0,0.0,0.0,2.0,1.0,12.0,-3.0
22200210,1610612758,SAC,Sacramento,1628370,Malik Monk,Malik,,,17:21,6.0,9.0,0.667,1.0,2.0,0.5,2.0,2.0,1.0,1.0,2.0,3.0,6.0,0.0,0.0,2.0,2.0,15.0,-5.0
22200210,1610612758,SAC,Sacramento,1629002,Chimezie Metu,Chimezie,,,15:13,1.0,3.0,0.333,0.0,1.0,0.0,0.0,0.0,0.0,1.0,3.0,4.0,0.0,1.0,0.0,4.0,1.0,2.0,-13.0
22200210,1610612758,SAC,Sacramento,1629056,Terence Davis,Terence,,,26:18,12.0,16.0,0.75,7.0,10.0,0.7,0.0,0.0,0.0,0.0,9.0,9.0,4.0,3.0,1.0,0.0,3.0,31.0,35.0
22200210,1610612758,SAC,Sacramento,1629644,KZ Okpala,KZ,,,12:26,1.0,1.0,1.0,0.0,0.0,0.0,4.0,4.0,1.0,0.0,0.0,0.0,0.0,0.0,0.0,0.0,2.0,6.0,-3.0
22200210,1610612758,SAC,Sacramento,203521,Matthew Dellavedova,Matthew,,,7:43,0.0,2.0,0.0,0.0,0.0,0.0,0.0,0.0,0.0,0.0,0.0,0.0,4.0,1.0,0.0,1.0,0.0,0.0,-5.0
22200210,1610612758,SAC,Sacramento,1626158,Richaun Holmes,Richaun,,,6:29,2.0,2.0,1.0,1.0,1.0,1.0,0.0,0.0,0.0,0.0,1.0,1.0,0.0,0.0,0.0,0.0,2.0,5.0,-3.0
22200210,1610612758,SAC,Sacramento,203458,Alex Len,Alex,,,5:04,2.0,2.0,1.0,0.0,0.0,0.0,0.0,0.0,0.0,0.0,1.0,1.0,0.0,0.0,0.0,0.0,0.0,4.0,0.0
22200208,1610612752,NYK,New York,1629628,RJ Barrett,RJ,F,,37:28,5.0,18.0,0.278,0.0,5.0,0.0,8.0,14.0,0.571,0.0,3.0,3.0,4.0,0.0,0.0,1.0,2.0,18.0,3.0
22200208,1610612752,NYK,New York,203944,Julius Randle,Julius,F,,31:13,5.0,11.0,0.455,2.0,6.0,0.333,3.0,3.0,1.0,1.0,4.0,5.0,1.0,0.0,1.0,4.0,2.0,15.0,-12.0
22200208,1610612752,NYK,New York,1628392,Isaiah Hartenstein,Isaiah,C,,22:10,1.0,4.0,0.25,0.0,1.0,0.0,0.0,0.0,0.0,2.0,7.0,9.0,1.0,1.0,1.0,0.0,4.0,2.0,6.0
22200208,1610612752,NYK,New York,1629629,Cam Reddish,Cam,G,,33:01,7.0,13.0,0.538,2.0,5.0,0.4,3.0,3.0,1.0,0.0,1.0,1.0,1.0,1.0,1.0,2.0,1.0,19.0,-7.0
22200208,1610612752,NYK,New York,1628973,Jalen Brunson,Jalen,G,,34:24,10.0,20.0,0.5,1.0,4.0,0.25,4.0,4.0,1.0,1.0,2.0,3.0,8.0,3.0,0.0,4.0,5.0,25.0,9.0
22200208,1610612752,NYK,New York,1630579,Jericho Sims,Jericho,,,24:34,5.0,7.0,0.714,0.0,0.0,0.0,1.0,1.0,1.0,8.0,5.0,13.0,2.0,1.0,0.0,0.0,5.0,11.0,-3.0
22200208,1610612752,NYK,New York,201565,Derrick Rose,Derrick,,,13:36,3.0,6.0,0.5,0.0,1.0,0.0,0.0,0.0,0.0,0.0,0.0,0.0,3.0,0.0,0.0,1.0,0.0,6.0,-2.0
22200208,1610612752,NYK,New York,1630193,Immanuel Quickley,Immanuel,,,25:31,5.0,10.0,0.5,3.0,6.0,0.5,0.0,0.0,0.0,0.0,3.0,3.0,2.0,4.0,0.0,0.0,5.0,13.0,18.0
22200208,1610612752,NYK,New York,1630167,Obi Toppin,Obi,,,18:03,3.0,4.0,0.75,3.0,4.0,0.75,0.0,0.0,0.0,1.0,5.0,6.0,4.0,0.0,0.0,0.0,1.0,9.0,23.0
22200208,1610612752,NYK,New York,1627853,Ryan Arcidiacono,Ryan,,DNP - Coach's Decision,,,,,,,,,,,,,,,,,,,,
22200208,1610612752,NYK,New York,203095,Evan Fournier,Evan,,DNP - Coach's Decision,,,,,,,,,,,,,,,,,,,,
22200208,1610612752,NYK,New York,1629656,Quentin Grimes,Quentin,,DNP - Coach's Decision,,,,,,,,,,,,,,,,,,,,
22200208,1610612752,NYK,New York,1630540,Miles McBride,Miles,,DNP - Coach's Decision,,,,,,,,,,,,,,,,,,,,
22200208,1610612752,NYK,New York,1629004,Svi Mykhailiuk,Svi,,DNP - Coach's Decision,,,,,,,,,,,,,,,,,,,,
22200208,1610612762,UTA,Utah,1628374,Lauri Markkanen,Lauri,F,,29:32,5.0,11.0,0.455,2.0,5.0,0.4,1.0,2.0,0.5,4.0,2.0,6.0,4.0,0.0,2.0,2.0,4.0,13.0,16.0
22200208,1610612762,UTA,Utah,203482,Kelly Olynyk,Kelly,F,,28:37,7.0,13.0,0.538,2.0,5.0,0.4,11.0,13.0,0.846,2.0,9.0,11.0,2.0,1.0,0.0,3.0,5.0,27.0,-7.0
22200208,1610612762,UTA,Utah,1629020,Jarred Vanderbilt,Jarred,C,,24:20,1.0,1.0,1.0,0.0,0.0,0.0,0.0,2.0,0.0,2.0,7.0,9.0,1.0,1.0,0.0,1.0,1.0,2.0,-4.0
22200208,1610612762,UTA,Utah,203903,Jordan Clarkson,Jordan,G,,33:32,5.0,16.0,0.313,3.0,11.0,0.273,2.0,2.0,1.0,0.0,2.0,2.0,5.0,0.0,0.0,5.0,1.0,15.0,6.0
22200208,1610612762,UTA,Utah,201144,Mike Conley,Mike,G,,33:53,3.0,10.0,0.3,1.0,6.0,0.167,3.0,3.0,1.0,1.0,3.0,4.0,7.0,4.0,0.0,1.0,5.0,10.0,4.0
22200208,1610612762,UTA,Utah,1631117,Walker Kessler,Walker,,,17:56,4.0,4.0,1.0,0.0,0.0,0.0,0.0,0.0,0.0,3.0,4.0,7.0,1.0,1.0,1.0,2.0,2.0,8.0,-8.0
22200208,1610612762,UTA,Utah,1629012,Collin Sexton,Collin,,,17:24,1.0,5.0,0.2,0.0,1.0,0.0,1.0,1.0,1.0,0.0,1.0,1.0,4.0,0.0,0.0,1.0,2.0,3.0,-17.0
22200208,1610612762,UTA,Utah,1627736,Malik Beasley,Malik,,,23:52,5.0,12.0,0.417,3.0,8.0,0.375,1.0,1.0,1.0,1.0,3.0,4.0,0.0,0.0,1.0,1.0,1.0,14.0,5.0
22200208,1610612762,UTA,Utah,1629659,Talen Horton-Tucker,Talen,,,14:07,2.0,5.0,0.4,0.0,2.0,0.0,6.0,6.0,1.0,0.0,1.0,1.0,3.0,0.0,0.0,3.0,1.0,10.0,-11.0
22200208,1610612762,UTA,Utah,1631323,Simone Fontecchio,Simone,,,16:47,3.0,6.0,0.5,3.0,5.0,0.6,0.0,0.0,0.0,2.0,2.0,4.0,2.0,0.0,1.0,1.0,0.0,9.0,-19.0
22200208,1610612762,UTA,Utah,1630534,Ochai Agbaji,Ochai,,DNP - Coach's Decision,,,,,,,,,,,,,,,,,,,,
22200208,1610612762,UTA,Utah,1629638,Nickeil Alexander-Walker,Nickeil,,DNP - Coach's Decision,,,,,,,,,,,,,,,,,,,,
22200208,1610612762,UTA,Utah,1628962,Udoka Azubuike,Udoka,,DNP - Coach's Decision,,,,,,,,,,,,,,,,,,,,
22200208,1610612762,UTA,Utah,1630195,Leandro Bolmaro,Leandro,,DNP - Coach's Decision,,,,,,,,,,,,,,,,,,,,
22200206,1610612763,MEM,Memphis,1628415,Dillon Brooks,Dillon,F,,37:21,6.0,18.0,0.333,2.0,9.0,0.222,5.0,6.0,0.833,0.0,2.0,2.0,1.0,1.0,0.0,1.0,3.0,19.0,1.0
22200206,1610612763,MEM,Memphis,1628991,Jaren Jackson Jr.,Jaren,F,,25:03,3.0,14.0,0.214,0.0,7.0,0.0,1.0,2.0,0.5,2.0,4.0,6.0,0.0,0.0,5.0,2.0,1.0,7.0,-6.0
22200206,1610612763,MEM,Memphis,203500,Steven Adams,Steven,C,,12:49,1.0,2.0,0.5,0.0,0.0,0.0,0.0,2.0,0.0,2.0,3.0,5.0,1.0,0.0,0.0,2.0,3.0,2.0,-2.0
22200206,1610612763,MEM,Memphis,1629723,John Konchar,John,G,,36:32,4.0,6.0,0.667,1.0,3.0,0.333,0.0,0.0,0.0,2.0,6.0,8.0,2.0,1.0,0.0,1.0,4.0,9.0,-6.0
22200206,1610612763,MEM,Memphis,1629630,Ja Morant,Ja,G,,36:02,13.0,27.0,0.481,2.0,6.0,0.333,8.0,11.0,0.727,3.0,5.0,8.0,4.0,3.0,0.0,3.0,1.0,36.0,5.0
22200206,1610612763,MEM,Memphis,1629634,Brandon Clarke,Brandon,,,33:17,6.0,12.0,0.5,1.0,1.0,1.0,2.0,2.0,1.0,4.0,9.0,13.0,3.0,0.0,3.0,2.0,1.0,15.0,-12.0
22200206,1610612763,MEM,Memphis,1630583,Santi Aldama,Santi,,,24:52,3.0,6.0,0.5,1.0,3.0,0.333,1.0,2.0,0.5,1.0,6.0,7.0,1.0,1.0,0.0,0.0,3.0,8.0,-2.0
22200206,1610612763,MEM,Memphis,1626145,Tyus Jones,Tyus,,,19:36,1.0,4.0,0.25,1.0,4.0,0.25,0.0,0.0,0.0,0.0,1.0,1.0,3.0,0.0,0.0,0.0,0.0,3.0,-17.0
22200206,1610612763,MEM,Memphis,1631223,David Roddy,David,,,14:30,1.0,3.0,0.333,1.0,2.0,0.5,0.0,0.0,0.0,0.0,1.0,1.0,1.0,0.0,0.0,0.0,1.0,3.0,-16.0
22200206,1610612763,MEM,Memphis,1631113,Kennedy Chandler,Kennedy,,DNP - Coach's Decision,,,,,,,,,,,,,,,,,,,,
22200206,1610612763,MEM,Memphis,1631222,Jake LaRavia,Jake,,DNP - Coach's Decision,,,,,,,,,,,,,,,,,,,,
22200206,1610612763,MEM,Memphis,1630214,Xavier Tillman,Xavier,,DNP - Coach's Decision,,,,,,,,,,,,,,,,,,,,
22200206,1610612740,NOP,New Orleans,1627742,Brandon Ingram,Brandon,F,,37:38,7.0,15.0,0.467,2.0,2.0,1.0,3.0,3.0,1.0,1.0,3.0,4.0,2.0,0.0,1.0,1.0,2.0,19.0,-1.0
22200206,1610612740,NOP,New Orleans,1630530,Trey Murphy III,Trey,F,,25:08,5.0,11.0,0.455,3.0,6.0,0.5,0.0,0.0,0.0,0.0,2.0,2.0,1.0,1.0,1.0,0.0,1.0,13.0,-5.0
22200206,1610612740,NOP,New Orleans,202685,Jonas Valančiūnas,Jonas,C,,13:41,1.0,4.0,0.25,0.0,1.0,0.0,0.0,0.0,0.0,1.0,2.0,3.0,2.0,0.0,0.0,4.0,4.0,2.0,-5.0
22200206,1610612740,NOP,New Orleans,1630529,Herbert Jones,Herbert,G,,22:33,4.0,7.0,0.571,2.0,3.0,0.667,0.0,1.0,0.0,1.0,2.0,3.0,2.0,0.0,1.0,0.0,4.0,10.0,3.0
22200206,1610612740,NOP,New Orleans,203468,CJ McCollum,CJ,G,,36:55,11.0,23.0,0.478,7.0,13.0,0.538,1.0,2.0,0.5,1.0,2.0,3.0,9.0,0.0,1.0,2.0,2.0,30.0,7.0
22200206,1610612740,NOP,New Orleans,1630230,Naji Marshall,Naji,,,25:27,1.0,5.0,0.2,0.0,2.0,0.0,2.0,2.0,1.0,0.0,8.0,8.0,4.0,0.0,0.0,2.0,2.0,4.0,8.0
22200206,1610612740,NOP,New Orleans,1626204,Larry Nance Jr.,Larry,,,30:47,8.0,10.0,0.8,1.0,1.0,1.0,2.0,2.0,1.0,2.0,5.0,7.0,2.0,0.0,2.0,0.0,1.0,19.0,16.0
22200206,1610612740,NOP,New Orleans,1628984,Devonte' Graham,Devonte',,,9:29,0.0,1.0,0.0,0.0,1.0,0.0,1.0,2.0,0.5,0.0,1.0,1.0,2.0,0.0,0.0,0.0,0.0,1.0,4.0
22200206,1610612740,NOP,New Orleans,1630700,Dyson Daniels,Dyson,,,17:14,1.0,4.0,0.25,1.0,3.0,0.333,0.0,0.0,0.0,1.0,8.0,9.0,1.0,1.0,1.0,0.0,1.0,3.0,13.0
22200206,1610612740,NOP,New Orleans,1630631,Jose Alvarado,Jose,,,21:10,5.0,11.0,0.455,2.0,6.0,0.333,0.0,0.0,0.0,0.0,3.0,3.0,6.0,0.0,1.0,1.0,3.0,12.0,15.0
22200206,1610612740,NOP,New Orleans,1629637,Jaxson Hayes,Jaxson,,DNP - Coach's Decision,,,,,,,,,,,,,,,,,,,,
22200206,1610612740,NOP,New Orleans,1626195,Willy Hernangomez,Willy,,DNP - Coach's Decision,,,,,,,,,,,,,,,,,,,,
22200206,1610612740,NOP,New Orleans,202066,Garrett Temple,Garrett,,DNP - Coach's Decision,,,,,,,,,,,,,,,,,,,,
22200199,1610612761,TOR,Toronto,1628384,OG Anunoby,OG,F,,36:48,6.0,19.0,0.316,1.0,6.0,0.167,6.0,7.0,0.857,2.0,5.0,7.0,3.0,0.0,2.0,3.0,2.0,19.0,1.0
22200199,1610612761,TOR,Toronto,203490,Otto Porter Jr.,Otto,F,,12:03,0.0,2.0,0.0,0.0,1.0,0.0,0.0,0.0,0.0,0.0,1.0,1.0,0.0,0.0,0.0,1.0,0.0,0.0,3.0
22200199,1610612761,TOR,Toronto,201152,Thaddeus Young,Thaddeus,C,,26:00,2.0,4.0,0.5,0.0,1.0,0.0,2.0,2.0,1.0,4.0,2.0,6.0,4.0,2.0,1.0,0.0,4.0,6.0,5.0
22200199,1610612761,TOR,Toronto,1630567,Scottie Barnes,Scottie,G,,34:11,4.0,9.0,0.444,0.0,1.0,0.0,0.0,0.0,0.0,0.0,5.0,5.0,4.0,1.0,1.0,3.0,3.0,8.0,1.0
22200199,1610612761,TOR,Toronto,1630625,Dalano Banton,Dalano,G,,24:55,9.0,16.0,0.563,3.0,7.0,0.429,6.0,6.0,1.0,0.0,4.0,4.0,4.0,3.0,2.0,2.0,4.0,27.0,0.0
22200199,1610612761,TOR,Toronto,1628449,Chris Boucher,Chris,,,31:13,7.0,12.0,0.583,1.0,3.0,0.333,5.0,5.0,1.0,1.0,3.0,4.0,1.0,1.0,0.0,1.0,4.0,20.0,-3.0
22200199,1610612761,TOR,Toronto,1631132,Christian Koloko,Christian,,,16:58,2.0,2.0,1.0,0.0,0.0,0.0,4.0,4.0,1.0,2.0,0.0,2.0,1.0,0.0,1.0,1.0,2.0,8.0,2.0
22200199,1610612761,TOR,Toronto,1630201,Malachi Flynn,Malachi,,,15:16,3.0,6.0,0.5,2.0,4.0,0.5,4.0,4.0,1.0,0.0,3.0,3.0,4.0,0.0,0.0,2.0,2.0,12.0,8.0
22200199,1610612761,TOR,Toronto,1627823,Juancho Hernangomez,Juancho,,,23:40,4.0,8.0,0.5,1.0,3.0,0.333,0.0,0.0,0.0,1.0,5.0,6.0,3.0,0.0,0.0,2.0,2.0,9.0,11.0
22200199,1610612761,TOR,Toronto,203920,Khem Birch,Khem,,,3:55,1.0,1.0,1.0,0.0,0.0,0.0,0.0,0.0,0.0,0.0,0.0,0.0,1.0,0.0,0.0,1.0,2.0,2.0,-3.0
22200199,1610612761,TOR,Toronto,1630288,Jeff Dowtin Jr.,Jeff,,,15:01,2.0,3.0,0.667,0.0,1.0,0.0,0.0,0.0,0.0,2.0,2.0,4.0,2.0,0.0,1.0,1.0,2.0,4.0,-5.0
22200199,1610612761,TOR,Toronto,1629018,Gary Trent Jr.,Gary,,DNP - Injury/Illness,,,,,,,,,,,,,,,,,,,,
22200199,1610612765,DET,Detroit,202711,Bojan Bogdanović,Bojan,F,,32:55,5.0,12.0,0.417,2.0,8.0,0.25,6.0,10.0,0.6,0.0,5.0,5.0,5.0,0.0,0.0,5.0,2.0,18.0,-1.0
22200199,1610612765,DET,Detroit,1630191,Isaiah Stewart,Isaiah,F,,12:40,3.0,6.0,0.5,2.0,2.0,1.0,1.0,1.0,1.0,1.0,3.0,4.0,0.0,0.0,1.0,2.0,2.0,9.0,3.0
22200199,1610612765,DET,Detroit,1628963,Marvin Bagley III,Marvin,C,,28:54,6.0,11.0,0.545,1.0,2.0,0.5,3.0,3.0,1.0,3.0,2.0,5.0,0.0,1.0,0.0,2.0,3.0,16.0,-4.0
22200199,1610612765,DET,Detroit,1631093,Jaden Ivey,Jaden,G,,34:16,6.0,16.0,0.375,1.0,5.0,0.2,8.0,10.0,0.8,0.0,4.0,4.0,8.0,1.0,0.0,4.0,6.0,21.0,3.0
22200199,1610612765,DET,Detroit,1630165,Killian Hayes,Killian,G,,24:25,3.0,6.0,0.5,0.0,1.0,0.0,0.0,0.0,0.0,1.0,2.0,3.0,2.0,3.0,1.0,1.0,1.0,6.0,-9.0
22200199,1610612765,DET,Detroit,1631105,Jalen Duren,Jalen,,,19:06,1.0,1.0,1.0,0.0,0.0,0.0,0.0,2.0,0.0,2.0,4.0,6.0,0.0,0.0,0.0,1.0,3.0,2.0,0.0
22200199,1610612765,DET,Detroit,1630180,Saddiq Bey,Saddiq,,,30:48,3.0,10.0,0.3,1.0,5.0,0.2,2.0,2.0,1.0,2.0,4.0,6.0,3.0,1.0,0.0,2.0,1.0,9.0,-10.0
22200199,1610612765,DET,Detroit,202692,Alec Burks,Alec,,,16:53,5.0,7.0,0.714,2.0,3.0,0.667,3.0,5.0,0.6,0.0,2.0,2.0,2.0,1.0,0.0,1.0,3.0,15.0,-10.0
22200199,1610612765,DET,Detroit,1630587,Isaiah Livers,Isaiah,,,23:26,1.0,5.0,0.2,1.0,5.0,0.2,4.0,5.0,0.8,1.0,2.0,3.0,2.0,0.0,0.0,0.0,0.0,7.0,2.0
22200199,1610612765,DET,Detroit,1628977,Hamidou Diallo,Hamidou,,,16:37,2.0,3.0,0.667,0.0,0.0,0.0,4.0,5.0,0.8,1.0,0.0,1.0,1.0,1.0,0.0,1.0,2.0,8.0,6.0
22200199,1610612765,DET,Detroit,1628995,Kevin Knox II,Kevin,,DNP - Coach's Decision,,,,,,,,,,,,,,,,,,,,
22200199,1610612765,DET,Detroit,203585,Rodney McGruder,Rodney,,DNP - Coach's Decision,,,,,,,,,,,,,,,,,,,,
22200199,1610612765,DET,Detroit,203457,Nerlens Noel,Nerlens,,DNP - Coach's Decision,,,,,,,,,,,,,,,,,,,,
22200202,1610612756,PHX,Phoenix,1628969,Mikal Bridges,Mikal,F,,40:52,7.0,14.0,0.5,1.0,3.0,0.333,0.0,0.0,0.0,1.0,4.0,5.0,2.0,1.0,1.0,1.0,1.0,15.0,-1.0
22200202,1610612756,PHX,Phoenix,1628470,Torrey Craig,Torrey,F,,32:41,4.0,10.0,0.4,1.0,3.0,0.333,1.0,2.0,0.5,7.0,2.0,9.0,2.0,1.0,1.0,1.0,4.0,10.0,-7.0
22200202,1610612756,PHX,Phoenix,1629028,Deandre Ayton,Deandre,C,,34:22,8.0,10.0,0.8,0.0,1.0,0.0,0.0,0.0,0.0,8.0,4.0,12.0,2.0,1.0,0.0,3.0,5.0,16.0,-8.0
22200202,1610612756,PHX,Phoenix,1626164,Devin Booker,Devin,G,,41:34,11.0,22.0,0.5,2.0,7.0,0.286,1.0,2.0,0.5,2.0,6.0,8.0,5.0,3.0,1.0,2.0,5.0,25.0,-7.0
22200202,1610612756,PHX,Phoenix,1626166,Cameron Payne,Cameron,G,,30:42,4.0,17.0,0.235,1.0,6.0,0.167,0.0,0.0,0.0,0.0,3.0,3.0,5.0,1.0,0.0,1.0,4.0,9.0,-13.0
22200202,1610612756,PHX,Phoenix,1627814,Damion Lee,Damion,,,20:32,5.0,9.0,0.556,4.0,7.0,0.571,0.0,0.0,0.0,0.0,3.0,3.0,1.0,1.0,0.0,1.0,1.0,14.0,7.0
22200202,1610612756,PHX,Phoenix,1630613,Duane Washington Jr.,Duane,,,19:03,8.0,14.0,0.571,5.0,8.0,0.625,0.0,0.0,0.0,0.0,0.0,0.0,4.0,0.0,0.0,1.0,0.0,21.0,12.0
22200202,1610612756,PHX,Phoenix,1629111,Jock Landale,Jock,,,8:25,1.0,3.0,0.333,0.0,1.0,0.0,0.0,0.0,0.0,2.0,1.0,3.0,0.0,0.0,0.0,0.0,0.0,2.0,6.0
22200202,1610612756,PHX,Phoenix,1629006,Josh Okogie,Josh,,,6:36,0.0,0.0,0.0,0.0,0.0,0.0,0.0,0.0,0.0,0.0,1.0,1.0,1.0,1.0,0.0,0.0,1.0,0.0,5.0
22200202,1610612756,PHX,Phoenix,202687,Bismack Biyombo,Bismack,,,5:13,0.0,0.0,0.0,0.0,0.0,0.0,0.0,0.0,0.0,0.0,1.0,1.0,0.0,0.0,1.0,1.0,1.0,0.0,1.0
22200202,1610612756,PHX,Phoenix,101108,Chris Paul,Chris,,DND - Injury/Illness,,,,,,,,,,,,,,,,,,,,
22200202,1610612756,PHX,Phoenix,203967,Dario Šarić,Dario,,DNP - Coach's Decision,,,,,,,,,,,,,,,,,,,,
22200202,1610612756,PHX,Phoenix,1630688,Ish Wainright,Ish,,DNP - Coach's Decision,,,,,,,,,,,,,,,,,,,,
22200202,1610612748,MIA,Miami,1628997,Caleb Martin,Caleb,F,,36:36,5.0,8.0,0.625,5.0,6.0,0.833,0.0,0.0,0.0,2.0,3.0,5.0,3.0,2.0,2.0,0.0,0.0,15.0,10.0
22200202,1610612748,MIA,Miami,202710,Jimmy Butler III,Jimmy,F,,34:48,5.0,12.0,0.417,1.0,2.0,0.5,5.0,5.0,1.0,4.0,9.0,13.0,7.0,1.0,1.0,0.0,3.0,16.0,3.0
22200202,1610612748,MIA,Miami,1628389,Bam Adebayo,Bam,C,,36:14,9.0,18.0,0.5,0.0,1.0,0.0,12.0,14.0,0.857,6.0,4.0,10.0,1.0,1.0,0.0,3.0,2.0,30.0,12.0
22200202,1610612748,MIA,Miami,1629622,Max Strus,Max,G,,36:10,2.0,8.0,0.25,1.0,5.0,0.2,0.0,0.0,0.0,1.0,2.0,3.0,2.0,1.0,0.0,2.0,2.0,5.0,4.0
22200202,1610612748,MIA,Miami,200768,Kyle Lowry,Kyle,G,,38:46,5.0,14.0,0.357,2.0,5.0,0.4,3.0,4.0,0.75,1.0,2.0,3.0,6.0,1.0,0.0,5.0,1.0,15.0,7.0
22200202,1610612748,MIA,Miami,1629216,Gabe Vincent,Gabe,,,24:58,4.0,9.0,0.444,2.0,5.0,0.4,0.0,0.0,0.0,0.0,4.0,4.0,4.0,0.0,0.0,2.0,2.0,10.0,-13.0
22200202,1610612748,MIA,Miami,1629130,Duncan Robinson,Duncan,,,20:42,3.0,7.0,0.429,2.0,6.0,0.333,2.0,2.0,1.0,0.0,0.0,0.0,0.0,0.0,0.0,2.0,0.0,10.0,-7.0
22200202,1610612748,MIA,Miami,203473,Dewayne Dedmon,Dewayne,,,11:46,5.0,7.0,0.714,2.0,3.0,0.667,0.0,0.0,0.0,3.0,1.0,4.0,0.0,0.0,1.0,0.0,0.0,12.0,-11.0
22200202,1610612748,MIA,Miami,1631288,Jamal Cain,Jamal,,DNP - Coach's Decision,,,,,,,,,,,,,,,,,,,,
22200202,1610612748,MIA,Miami,2617,Udonis Haslem,Udonis,,DNP - Coach's Decision,,,,,,,,,,,,,,,,,,,,
22200202,1610612748,MIA,Miami,1629312,Haywood Highsmith,Haywood,,DNP - Coach's Decision,,,,,,,,,,,,,,,,,,,,
22200202,1610612748,MIA,Miami,1631107,Nikola Jović,Nikola,,DNP - Coach's Decision,,,,,,,,,,,,,,,,,,,,
22200201,1610612760,OKC,Oklahoma City,1629652,Luguentz Dort,Luguentz,F,,35:24,7.0,18.0,0.389,3.0,7.0,0.429,4.0,5.0,0.8,2.0,3.0,5.0,1.0,0.0,0.0,3.0,3.0,21.0,5.0
22200201,1610612760,OKC,Oklahoma City,1631114,Jalen Williams,Jalen,F,,36:00,6.0,9.0,0.667,2.0,5.0,0.4,0.0,1.0,0.0,0.0,6.0,6.0,2.0,0.0,1.0,1.0,3.0,14.0,-3.0
22200201,1610612760,OKC,Oklahoma City,1630197,Aleksej Pokusevski,Aleksej,C,,37:04,7.0,12.0,0.583,2.0,4.0,0.5,0.0,0.0,0.0,2.0,12.0,14.0,3.0,1.0,3.0,2.0,4.0,16.0,5.0
22200201,1610612760,OKC,Oklahoma City,1630581,Josh Giddey,Josh,G,,33:29,6.0,17.0,0.353,1.0,6.0,0.167,3.0,3.0,1.0,0.0,7.0,7.0,4.0,0.0,1.0,7.0,3.0,16.0,6.0
22200201,1610612760,OKC,Oklahoma City,1628983,Shai Gilgeous-Alexander,Shai,G,,35:59,13.0,26.0,0.5,2.0,4.0,0.5,9.0,9.0,1.0,1.0,3.0,4.0,8.0,2.0,1.0,4.0,2.0,37.0,-3.0
22200201,1610612760,OKC,Oklahoma City,1630598,Aaron Wiggins,Aaron,,,13:48,2.0,3.0,0.667,0.0,0.0,0.0,0.0,0.0,0.0,2.0,1.0,3.0,1.0,0.0,0.0,1.0,0.0,4.0,-8.0
22200201,1610612760,OKC,Oklahoma City,1630198,Isaiah Joe,Isaiah,,,7:18,0.0,1.0,0.0,0.0,1.0,0.0,1.0,3.0,0.333,0.0,3.0,3.0,0.0,0.0,0.0,1.0,1.0,1.0,-2.0
22200201,1610612760,OKC,Oklahoma City,1630526,Jeremiah Robinson-Earl,Jeremiah,,,13:48,2.0,4.0,0.5,0.0,0.0,0.0,0.0,0.0,0.0,2.0,3.0,5.0,0.0,0.0,0.0,0.0,4.0,4.0,-13.0
22200201,1610612760,OKC,Oklahoma City,1631119,Jaylin Williams,Jaylin,,,8:11,1.0,2.0,0.5,0.0,1.0,0.0,0.0,0.0,0.0,1.0,2.0,3.0,0.0,0.0,0.0,0.0,1.0,2.0,0.0
22200201,1610612760,OKC,Oklahoma City,1629026,Kenrich Williams,Kenrich,,,18:59,3.0,6.0,0.5,1.0,2.0,0.5,0.0,0.0,0.0,0.0,1.0,1.0,2.0,1.0,0.0,0.0,0.0,7.0,-7.0
22200201,1610612760,OKC,Oklahoma City,203488,Mike Muscala,Mike,,DNP - Coach's Decision,,,,,,,,,,,,,,,,,,,,
22200201,1610612760,OKC,Oklahoma City,1630322,Lindy Waters III,Lindy,,DNP - Coach's Decision,,,,,,,,,,,,,,,,,,,,
22200201,1610612738,BOS,Boston,1628369,Jayson Tatum,Jayson,F,,38:00,9.0,23.0,0.391,1.0,9.0,0.111,8.0,10.0,0.8,1.0,9.0,10.0,1.0,3.0,3.0,1.0,2.0,27.0,2.0
22200201,1610612738,BOS,Boston,1629684,Grant Williams,Grant,F,,28:31,2.0,6.0,0.333,1.0,3.0,0.333,2.0,2.0,1.0,1.0,6.0,7.0,0.0,2.0,0.0,0.0,1.0,7.0,-4.0
22200201,1610612738,BOS,Boston,201143,Al Horford,Al,C,,32:23,5.0,12.0,0.417,1.0,5.0,0.2,1.0,1.0,1.0,4.0,7.0,11.0,4.0,1.0,1.0,1.0,2.0,12.0,-1.0
22200201,1610612738,BOS,Boston,1627759,Jaylen Brown,Jaylen,G,,41:04,11.0,21.0,0.524,0.0,5.0,0.0,4.0,6.0,0.667,0.0,6.0,6.0,6.0,2.0,0.0,5.0,4.0,26.0,6.0
22200201,1610612738,BOS,Boston,203935,Marcus Smart,Marcus,G,,29:19,8.0,12.0,0.667,1.0,2.0,0.5,5.0,6.0,0.833,1.0,4.0,5.0,8.0,0.0,1.0,3.0,5.0,22.0,-11.0
22200201,1610612738,BOS,Boston,1628401,Derrick White,Derrick,,,33:23,5.0,9.0,0.556,2.0,4.0,0.5,4.0,4.0,1.0,0.0,1.0,1.0,5.0,4.0,0.0,1.0,3.0,16.0,21.0
22200201,1610612738,BOS,Boston,1630573,Sam Hauser,Sam,,,16:23,2.0,5.0,0.4,2.0,5.0,0.4,0.0,0.0,0.0,0.0,1.0,1.0,0.0,1.0,1.0,1.0,0.0,6.0,3.0
22200201,1610612738,BOS,Boston,1628436,Luke Kornet,Luke,,,5:23,0.0,0.0,0.0,0.0,0.0,0.0,0.0,0.0,0.0,0.0,1.0,1.0,0.0,0.0,1.0,0.0,1.0,0.0,7.0
22200201,1610612738,BOS,Boston,1630202,Payton Pritchard,Payton,,,14:03,4.0,8.0,0.5,2.0,4.0,0.5,0.0,0.0,0.0,3.0,1.0,4.0,1.0,2.0,0.0,1.0,0.0,10.0,4.0
22200201,1610612738,BOS,Boston,203943,Noah Vonleh,Noah,,,1:31,0.0,0.0,0.0,0.0,0.0,0.0,0.0,0.0,0.0,0.0,0.0,0.0,0.0,0.0,0.0,1.0,2.0,0.0,-7.0
22200201,1610612738,BOS,Boston,201933,Blake Griffin,Blake,,DNP - Coach's Decision,,,,,,,,,,,,,,,,,,,,
22200201,1610612738,BOS,Boston,1628382,Justin Jackson,Justin,,DNP - Coach's Decision,,,,,,,,,,,,,,,,,,,,
22200196,1610612743,DEN,Denver,1629008,Michael Porter Jr.,Michael,F,,24:11,11.0,16.0,0.688,6.0,9.0,0.667,3.0,3.0,1.0,0.0,1.0,1.0,2.0,2.0,0.0,0.0,3.0,31.0,23.0
22200196,1610612743,DEN,Denver,203932,Aaron Gordon,Aaron,F,,25:59,4.0,6.0,0.667,1.0,1.0,1.0,4.0,6.0,0.667,0.0,5.0,5.0,2.0,0.0,0.0,1.0,2.0,13.0,24.0
22200196,1610612743,DEN,Denver,203999,Nikola Jokić,Nikola,C,,27:36,4.0,4.0,1.0,0.0,0.0,0.0,0.0,0.0,0.0,0.0,6.0,6.0,14.0,3.0,0.0,2.0,0.0,8.0,29.0
22200196,1610612743,DEN,Denver,1627750,Jamal Murray,Jamal,G,,32:10,9.0,18.0,0.5,2.0,6.0,0.333,3.0,3.0,1.0,1.0,1.0,2.0,2.0,2.0,0.0,2.0,2.0,23.0,10.0
22200196,1610612743,DEN,Denver,203484,Kentavious Caldwell-Pope,Kentavious,G,,24:53,3.0,8.0,0.375,0.0,2.0,0.0,4.0,5.0,0.8,0.0,3.0,3.0,2.0,2.0,0.0,1.0,1.0,10.0,25.0
22200196,1610612743,DEN,Denver,1628971,Bruce Brown,Bruce,,,31:30,5.0,9.0,0.556,1.0,4.0,0.25,1.0,1.0,1.0,1.0,10.0,11.0,6.0,0.0,1.0,6.0,2.0,12.0,12.0
22200196,1610612743,DEN,Denver,1631128,Christian Braun,Christian,,,26:13,3.0,6.0,0.5,1.0,2.0,0.5,2.0,2.0,1.0,0.0,2.0,2.0,1.0,2.0,0.0,0.0,2.0,9.0,4.0
22200196,1610612743,DEN,Denver,201145,Jeff Green,Jeff,,,19:16,3.0,5.0,0.6,0.0,1.0,0.0,0.0,0.0,0.0,1.0,1.0,2.0,2.0,0.0,1.0,2.0,2.0,6.0,2.0
22200196,1610612743,DEN,Denver,201599,DeAndre Jordan,DeAndre,,,16:59,2.0,2.0,1.0,0.0,0.0,0.0,0.0,1.0,0.0,1.0,2.0,3.0,2.0,0.0,1.0,2.0,1.0,4.0,-5.0
22200196,1610612743,DEN,Denver,1628432,Davon Reed,Davon,,,5:03,1.0,3.0,0.333,1.0,1.0,1.0,0.0,0.0,0.0,0.0,0.0,0.0,0.0,0.0,0.0,0.0,0.0,3.0,-5.0
22200196,1610612743,DEN,Denver,1630192,Zeke Nnaji,Zeke,,,3:25,2.0,2.0,1.0,0.0,0.0,0.0,0.0,0.0,0.0,1.0,0.0,1.0,0.0,0.0,0.0,0.0,1.0,4.0,-1.0
22200196,1610612743,DEN,Denver,1628427,Vlatko Čančar,Vlatko,,,2:45,1.0,1.0,1.0,1.0,1.0,1.0,0.0,0.0,0.0,0.0,0.0,0.0,0.0,0.0,0.0,0.0,1.0,3.0,-3.0
22200196,1610612741,CHI,Chicago,201942,DeMar DeRozan,DeMar,F,,25:40,6.0,11.0,0.545,0.0,1.0,0.0,4.0,6.0,0.667,0.0,2.0,2.0,4.0,0.0,1.0,0.0,3.0,16.0,-26.0
22200196,1610612741,CHI,Chicago,1630172,Patrick Williams,Patrick,F,,30:18,6.0,9.0,0.667,2.0,3.0,0.667,1.0,1.0,1.0,1.0,3.0,4.0,1.0,1.0,2.0,1.0,0.0,15.0,-24.0
22200196,1610612741,CHI,Chicago,202696,Nikola Vučević,Nikola,C,,23:04,4.0,10.0,0.4,1.0,3.0,0.333,0.0,0.0,0.0,0.0,6.0,6.0,0.0,0.0,0.0,3.0,1.0,9.0,-16.0
22200196,1610612741,CHI,Chicago,203897,Zach LaVine,Zach,G,,34:04,8.0,15.0,0.533,1.0,6.0,0.167,4.0,5.0,0.8,1.0,4.0,5.0,4.0,1.0,0.0,3.0,3.0,21.0,-18.0
22200196,1610612741,CHI,Chicago,1630245,Ayo Dosunmu,Ayo,G,,29:33,3.0,9.0,0.333,0.0,4.0,0.0,1.0,2.0,0.5,1.0,1.0,2.0,4.0,2.0,0.0,2.0,3.0,7.0,-27.0
22200196,1610612741,CHI,Chicago,1629750,Javonte Green,Javonte,,,7:58,0.0,1.0,0.0,0.0,0.0,0.0,0.0,0.0,0.0,1.0,0.0,1.0,0.0,0.0,0.0,1.0,0.0,0.0,-5.0
22200196,1610612741,CHI,Chicago,1627936,Alex Caruso,Alex,,,21:14,0.0,1.0,0.0,0.0,1.0,0.0,0.0,0.0,0.0,0.0,0.0,0.0,2.0,3.0,1.0,3.0,1.0,0.0,-2.0
22200196,1610612741,CHI,Chicago,203083,Andre Drummond,Andre,,,21:31,5.0,8.0,0.625,0.0,0.0,0.0,3.0,3.0,1.0,4.0,7.0,11.0,1.0,1.0,0.0,1.0,3.0,13.0,-8.0
22200196,1610612741,CHI,Chicago,201609,Goran Dragic,Goran,,,22:38,5.0,10.0,0.5,1.0,2.0,0.5,0.0,0.0,0.0,0.0,1.0,1.0,6.0,1.0,0.0,3.0,2.0,11.0,-2.0
22200196,1610612741,CHI,Chicago,1627884,Derrick Jones Jr.,Derrick,,,15:01,2.0,4.0,0.5,0.0,1.0,0.0,0.0,0.0,0.0,0.0,3.0,3.0,0.0,0.0,0.0,0.0,2.0,4.0,9.0
22200196,1610612741,CHI,Chicago,1631207,Dalen Terry,Dalen,,,5:34,1.0,3.0,0.333,1.0,1.0,1.0,2.0,2.0,1.0,0.0,0.0,0.0,2.0,0.0,0.0,1.0,1.0,5.0,3.0
22200196,1610612741,CHI,Chicago,1628396,Tony Bradley,Tony,,,3:25,0.0,0.0,0.0,0.0,0.0,0.0,2.0,2.0,1.0,0.0,1.0,1.0,0.0,0.0,0.0,0.0,0.0,2.0,1.0
22200195,1610612762,UTA,Utah,1628374,Lauri Markkanen,Lauri,F,,34:08,6.0,13.0,0.462,2.0,5.0,0.4,1.0,4.0,0.25,3.0,7.0,10.0,0.0,0.0,0.0,4.0,1.0,15.0,-15.0
22200195,1610612762,UTA,Utah,203482,Kelly Olynyk,Kelly,F,,29:20,4.0,9.0,0.444,0.0,4.0,0.0,6.0,6.0,1.0,1.0,5.0,6.0,1.0,1.0,0.0,2.0,5.0,14.0,-16.0
22200195,1610612762,UTA,Utah,1629020,Jarred Vanderbilt,Jarred,C,,24:09,4.0,6.0,0.667,0.0,2.0,0.0,1.0,2.0,0.5,4.0,6.0,10.0,3.0,0.0,0.0,3.0,3.0,9.0,-17.0
22200195,1610612762,UTA,Utah,203903,Jordan Clarkson,Jordan,G,,27:04,4.0,15.0,0.267,2.0,7.0,0.286,2.0,2.0,1.0,4.0,1.0,5.0,3.0,0.0,1.0,0.0,0.0,12.0,-9.0
22200195,1610612762,UTA,Utah,201144,Mike Conley,Mike,G,,31:32,1.0,7.0,0.143,1.0,4.0,0.25,0.0,0.0,0.0,0.0,1.0,1.0,8.0,0.0,0.0,3.0,2.0,3.0,-13.0
22200195,1610612762,UTA,Utah,1629012,Collin Sexton,Collin,,,24:52,7.0,15.0,0.467,0.0,1.0,0.0,1.0,5.0,0.2,1.0,1.0,2.0,1.0,1.0,0.0,2.0,2.0,15.0,-3.0
22200195,1610612762,UTA,Utah,1627736,Malik Beasley,Malik,,,28:57,6.0,13.0,0.462,4.0,10.0,0.4,2.0,2.0,1.0,0.0,4.0,4.0,2.0,1.0,0.0,1.0,2.0,18.0,3.0
22200195,1610612762,UTA,Utah,200752,Rudy Gay,Rudy,,,13:35,1.0,1.0,1.0,1.0,1.0,1.0,0.0,0.0,0.0,0.0,2.0,2.0,0.0,0.0,0.0,0.0,1.0,3.0,12.0
22200195,1610612762,UTA,Utah,1631117,Walker Kessler,Walker,,,11:58,1.0,5.0,0.2,0.0,0.0,0.0,0.0,2.0,0.0,5.0,4.0,9.0,0.0,0.0,3.0,2.0,1.0,2.0,13.0
22200195,1610612762,UTA,Utah,1629659,Talen Horton-Tucker,Talen,,,14:26,3.0,10.0,0.3,1.0,3.0,0.333,0.0,0.0,0.0,0.0,1.0,1.0,5.0,0.0,0.0,0.0,0.0,7.0,10.0
22200195,1610612762,UTA,Utah,1629638,Nickeil Alexander-Walker,Nickeil,,DNP - Coach's Decision,,,,,,,,,,,,,,,,,,,,
22200195,1610612762,UTA,Utah,1628962,Udoka Azubuike,Udoka,,DNP - Coach's Decision,,,,,,,,,,,,,,,,,,,,
22200195,1610612762,UTA,Utah,1631323,Simone Fontecchio,Simone,,DNP - Coach's Decision,,,,,,,,,,,,,,,,,,,,
22200195,1610612755,PHI,Philadelphia,202699,Tobias Harris,Tobias,F,,31:33,4.0,12.0,0.333,0.0,3.0,0.0,0.0,0.0,0.0,1.0,5.0,6.0,2.0,0.0,0.0,2.0,4.0,8.0,14.0
22200195,1610612755,PHI,Philadelphia,200782,P.J. Tucker,P.J.,F,,29:45,0.0,0.0,0.0,0.0,0.0,0.0,0.0,0.0,0.0,0.0,1.0,1.0,1.0,1.0,0.0,1.0,2.0,0.0,13.0
22200195,1610612755,PHI,Philadelphia,203954,Joel Embiid,Joel,C,,36:41,19.0,28.0,0.679,1.0,5.0,0.2,20.0,24.0,0.833,1.0,10.0,11.0,8.0,1.0,7.0,5.0,3.0,59.0,25.0
22200195,1610612755,PHI,Philadelphia,1629680,Matisse Thybulle,Matisse,G,,27:27,1.0,2.0,0.5,0.0,1.0,0.0,0.0,0.0,0.0,1.0,5.0,6.0,2.0,5.0,1.0,0.0,2.0,2.0,18.0
22200195,1610612755,PHI,Philadelphia,1630178,Tyrese Maxey,Tyrese,G,,36:42,8.0,24.0,0.333,2.0,8.0,0.25,0.0,0.0,0.0,0.0,3.0,3.0,3.0,4.0,1.0,1.0,4.0,18.0,15.0
22200195,1610612755,PHI,Philadelphia,1627863,Danuel House Jr.,Danuel,,,16:45,0.0,1.0,0.0,0.0,1.0,0.0,1.0,2.0,0.5,0.0,1.0,1.0,1.0,0.0,0.0,0.0,1.0,1.0,-4.0
22200195,1610612755,PHI,Philadelphia,1629003,Shake Milton,Shake,,,11:30,1.0,1.0,1.0,0.0,0.0,0.0,0.0,0.0,0.0,0.0,0.0,0.0,2.0,0.0,1.0,0.0,0.0,2.0,-6.0
22200195,1610612755,PHI,Philadelphia,1627777,Georges Niang,Georges,,,18:51,2.0,5.0,0.4,1.0,4.0,0.25,0.0,0.0,0.0,1.0,1.0,2.0,0.0,1.0,1.0,0.0,0.0,5.0,-11.0
22200195,1610612755,PHI,Philadelphia,1629001,De'Anthony Melton,De'Anthony,,,20:25,3.0,5.0,0.6,0.0,1.0,0.0,0.0,0.0,0.0,2.0,4.0,6.0,2.0,0.0,1.0,1.0,1.0,6.0,-15.0
22200195,1610612755,PHI,Philadelphia,1630194,Paul Reed,Paul,,,4:45,0.0,2.0,0.0,0.0,0.0,0.0,0.0,0.0,0.0,1.0,0.0,1.0,0.0,0.0,1.0,0.0,1.0,0.0,-7.0
22200195,1610612755,PHI,Philadelphia,1626149,Montrezl Harrell,Montrezl,,,5:37,2.0,3.0,0.667,0.0,0.0,0.0,0.0,0.0,0.0,1.0,1.0,2.0,0.0,0.0,1.0,2.0,1.0,4.0,-7.0
22200195,1610612755,PHI,Philadelphia,1627788,Furkan Korkmaz,Furkan,,DND - Injury/Illness,,,,,,,,,,,,,,,,,,,,
22200195,1610612755,PHI,Philadelphia,1630531,Jaden Springer,Jaden,,DNP - Coach's Decision,,,,,,,,,,,,,,,,,,,,
22200194,1610612763,MEM,Memphis,1630583,Santi Aldama,Santi,F,,28:44,6.0,11.0,0.545,3.0,4.0,0.75,0.0,0.0,0.0,2.0,5.0,7.0,2.0,1.0,3.0,2.0,5.0,15.0,3.0
22200194,1610612763,MEM,Memphis,1628415,Dillon Brooks,Dillon,F,,28:28,7.0,22.0,0.318,3.0,9.0,0.333,2.0,2.0,1.0,1.0,3.0,4.0,2.0,0.0,0.0,3.0,5.0,19.0,1.0
22200194,1610612763,MEM,Memphis,203500,Steven Adams,Steven,C,,29:23,6.0,8.0,0.75,0.0,0.0,0.0,0.0,0.0,0.0,6.0,4.0,10.0,6.0,1.0,0.0,3.0,5.0,12.0,4.0
22200194,1610612763,MEM,Memphis,1629723,John Konchar,John,G,,36:33,3.0,9.0,0.333,1.0,3.0,0.333,0.0,0.0,0.0,0.0,9.0,9.0,1.0,1.0,0.0,0.0,3.0,7.0,-7.0
22200194,1610612763,MEM,Memphis,1626145,Tyus Jones,Tyus,G,,36:15,7.0,18.0,0.389,1.0,4.0,0.25,2.0,2.0,1.0,0.0,3.0,3.0,5.0,3.0,0.0,2.0,1.0,17.0,-4.0
22200194,1610612763,MEM,Memphis,1629634,Brandon Clarke,Brandon,,,15:18,1.0,7.0,0.143,0.0,0.0,0.0,2.0,4.0,0.5,3.0,2.0,5.0,0.0,0.0,1.0,1.0,2.0,4.0,-8.0
22200194,1610612763,MEM,Memphis,1631222,Jake LaRavia,Jake,,,25:54,1.0,5.0,0.2,0.0,2.0,0.0,0.0,0.0,0.0,0.0,5.0,5.0,3.0,1.0,1.0,3.0,2.0,2.0,-9.0
22200194,1610612763,MEM,Memphis,1631223,David Roddy,David,,,27:40,5.0,11.0,0.455,0.0,3.0,0.0,1.0,2.0,0.5,1.0,4.0,5.0,0.0,0.0,1.0,1.0,0.0,11.0,-24.0
22200194,1610612763,MEM,Memphis,1631113,Kennedy Chandler,Kennedy,,,11:45,2.0,5.0,0.4,1.0,3.0,0.333,0.0,0.0,0.0,1.0,2.0,3.0,2.0,0.0,0.0,1.0,1.0,5.0,-6.0
22200194,1610612763,MEM,Memphis,1630214,Xavier Tillman,Xavier,,DNP - Coach's Decision,,,,,,,,,,,,,,,,,,,,
22200194,1610612763,MEM,Memphis,1631246,Vince Williams Jr.,Vince,,DNP - Coach's Decision,,,,,,,,,,,,,,,,,,,,
22200194,1610612764,WAS,Washington,1630166,Deni Avdija,Deni,F,,33:54,8.0,16.0,0.5,4.0,7.0,0.571,1.0,3.0,0.333,0.0,2.0,2.0,5.0,1.0,0.0,3.0,4.0,21.0,4.0
22200194,1610612764,WAS,Washington,1628398,Kyle Kuzma,Kyle,F,,34:25,4.0,13.0,0.308,1.0,7.0,0.143,0.0,1.0,0.0,1.0,10.0,11.0,3.0,0.0,0.0,4.0,1.0,9.0,10.0
22200194,1610612764,WAS,Washington,204001,Kristaps Porziņģis,Kristaps,C,,31:23,7.0,15.0,0.467,6.0,10.0,0.6,5.0,6.0,0.833,3.0,3.0,6.0,2.0,2.0,2.0,2.0,4.0,25.0,10.0
22200194,1610612764,WAS,Washington,1630557,Corey Kispert,Corey,G,,32:03,5.0,8.0,0.625,2.0,2.0,1.0,0.0,0.0,0.0,0.0,2.0,2.0,1.0,2.0,0.0,1.0,0.0,12.0,13.0
22200194,1610612764,WAS,Washington,1628420,Monté Morris,Monté,G,,27:22,4.0,10.0,0.4,1.0,4.0,0.25,1.0,2.0,0.5,1.0,5.0,6.0,6.0,2.0,1.0,2.0,0.0,10.0,3.0
22200194,1610612764,WAS,Washington,1629060,Rui Hachimura,Rui,,,15:27,1.0,7.0,0.143,1.0,2.0,0.5,0.0,0.0,0.0,0.0,2.0,2.0,1.0,0.0,0.0,0.0,1.0,3.0,5.0
22200194,1610612764,WAS,Washington,1630692,Jordan Goodwin,Jordan,,,26:08,3.0,7.0,0.429,3.0,4.0,0.75,1.0,2.0,0.5,1.0,7.0,8.0,4.0,1.0,1.0,0.0,2.0,10.0,3.0
22200194,1610612764,WAS,Washington,203115,Will Barton,Will,,,22:41,3.0,9.0,0.333,1.0,4.0,0.25,0.0,0.0,0.0,1.0,4.0,5.0,3.0,1.0,0.0,1.0,0.0,7.0,2.0
22200194,1610612764,WAS,Washington,1629655,Daniel Gafford,Daniel,,,16:37,1.0,1.0,1.0,0.0,0.0,0.0,3.0,7.0,0.429,2.0,3.0,5.0,1.0,0.0,2.0,2.0,3.0,5.0,0.0
22200194,1610612764,WAS,Washington,1630176,Vernon Carey Jr.,Vernon,,DNP - Coach's Decision,,,,,,,,,,,,,,,,,,,,
22200194,1610612764,WAS,Washington,1631098,Johnny Davis,Johnny,,DNP - Coach's Decision,,,,,,,,,,,,,,,,,,,,
22200194,1610612764,WAS,Washington,1630264,Anthony Gill,Anthony,,DNP - Coach's Decision,,,,,,,,,,,,,,,,,,,,
22200194,1610612764,WAS,Washington,1630648,Jordan Schakel,Jordan,,DNP - Coach's Decision,,,,,,,,,,,,,,,,,,,,
22200194,1610612764,WAS,Washington,1630225,Isaiah Todd,Isaiah,,DNP - Coach's Decision,,,,,,,,,,,,,,,,,,,,
22200193,1610612750,MIN,Minnesota,1630183,Jaden McDaniels,Jaden,F,,30:56,4.0,9.0,0.444,1.0,2.0,0.5,0.0,2.0,0.0,2.0,0.0,2.0,0.0,1.0,1.0,0.0,6.0,9.0,-13.0
22200193,1610612750,MIN,Minnesota,1626157,Karl-Anthony Towns,Karl-Anthony,F,,36:36,11.0,16.0,0.688,3.0,6.0,0.5,4.0,6.0,0.667,2.0,11.0,13.0,3.0,1.0,1.0,2.0,5.0,29.0,15.0
22200193,1610612750,MIN,Minnesota,203497,Rudy Gobert,Rudy,C,,33:18,5.0,10.0,0.5,0.0,0.0,0.0,5.0,8.0,0.625,4.0,9.0,13.0,1.0,1.0,2.0,3.0,3.0,15.0,-13.0
22200193,1610612750,MIN,Minnesota,1630162,Anthony Edwards,Anthony,G,,31:07,5.0,13.0,0.385,0.0,3.0,0.0,0.0,0.0,0.0,0.0,7.0,7.0,1.0,0.0,0.0,4.0,5.0,10.0,-11.0
22200193,1610612750,MIN,Minnesota,1626156,D'Angelo Russell,D'Angelo,G,,35:09,11.0,13.0,0.846,4.0,5.0,0.8,4.0,6.0,0.667,0.0,2.0,2.0,11.0,1.0,0.0,2.0,2.0,30.0,19.0
22200193,1610612750,MIN,Minnesota,203937,Kyle Anderson,Kyle,,,21:29,2.0,5.0,0.4,2.0,2.0,1.0,0.0,0.0,0.0,0.0,3.0,3.0,5.0,1.0,0.0,0.0,3.0,6.0,17.0
22200193,1610612750,MIN,Minnesota,1627752,Taurean Prince,Taurean,,,21:47,4.0,6.0,0.667,1.0,2.0,0.5,10.0,10.0,1.0,1.0,1.0,2.0,1.0,0.0,0.0,0.0,2.0,19.0,6.0
22200193,1610612750,MIN,Minnesota,1629162,Jordan McLaughlin,Jordan,,,14:31,1.0,4.0,0.25,0.0,1.0,0.0,0.0,0.0,0.0,2.0,2.0,4.0,6.0,0.0,0.0,2.0,0.0,2.0,7.0
22200193,1610612750,MIN,Minnesota,203085,Austin Rivers,Austin,,,0:27,0.0,0.0,0.0,0.0,0.0,0.0,0.0,0.0,0.0,0.0,0.0,0.0,0.0,0.0,0.0,0.0,1.0,0.0,1.0
22200193,1610612750,MIN,Minnesota,1629669,Jaylen Nowell,Jaylen,,,14:40,3.0,6.0,0.5,1.0,3.0,0.333,2.0,2.0,1.0,0.0,1.0,1.0,2.0,0.0,0.0,0.0,3.0,9.0,-3.0
22200193,1610612750,MIN,Minnesota,1627854,Bryn Forbes,Bryn,,DNP - Coach's Decision,,,,,,,,,,,,,,,,,,,,
22200193,1610612750,MIN,Minnesota,1630568,Luka Garza,Luka,,DNP - Coach's Decision,,,,,,,,,,,,,,,,,,,,
22200193,1610612750,MIN,Minnesota,1630233,Nathan Knight,Nathan,,DNP - Coach's Decision,,,,,,,,,,,,,,,,,,,,
22200193,1610612739,CLE,Cleveland,1630205,Lamar Stevens,Lamar,F,,30:18,5.0,10.0,0.5,0.0,1.0,0.0,5.0,6.0,0.833,2.0,4.0,6.0,1.0,0.0,0.0,0.0,2.0,15.0,-2.0
22200193,1610612739,CLE,Cleveland,201567,Kevin Love,Kevin,F,,29:10,3.0,11.0,0.273,3.0,8.0,0.375,5.0,5.0,1.0,2.0,3.0,5.0,4.0,0.0,0.0,1.0,3.0,14.0,4.0
22200193,1610612739,CLE,Cleveland,1630596,Evan Mobley,Evan,C,,32:12,1.0,4.0,0.25,0.0,0.0,0.0,2.0,6.0,0.333,5.0,8.0,13.0,3.0,2.0,0.0,3.0,4.0,4.0,-14.0
22200193,1610612739,CLE,Cleveland,1627747,Caris LeVert,Caris,G,,27:36,6.0,12.0,0.5,1.0,2.0,0.5,0.0,0.0,0.0,3.0,2.0,5.0,5.0,0.0,1.0,2.0,1.0,13.0,-13.0
22200193,1610612739,CLE,Cleveland,1629636,Darius Garland,Darius,G,,40:01,16.0,31.0,0.516,10.0,15.0,0.667,9.0,13.0,0.692,1.0,1.0,2.0,6.0,2.0,0.0,2.0,3.0,51.0,6.0
22200193,1610612739,CLE,Cleveland,203526,Raul Neto,Raul,,,5:25,0.0,1.0,0.0,0.0,0.0,0.0,0.0,0.0,0.0,0.0,0.0,0.0,0.0,0.0,0.0,0.0,0.0,0.0,-17.0
22200193,1610612739,CLE,Cleveland,201577,Robin Lopez,Robin,,,16:15,2.0,4.0,0.5,0.0,0.0,0.0,1.0,1.0,1.0,0.0,2.0,2.0,0.0,0.0,0.0,0.0,2.0,5.0,6.0
22200193,1610612739,CLE,Cleveland,1626224,Cedi Osman,Cedi,,,27:41,4.0,10.0,0.4,2.0,4.0,0.5,4.0,6.0,0.667,0.0,4.0,4.0,2.0,0.0,0.0,1.0,4.0,14.0,-1.0
22200193,1610612739,CLE,Cleveland,1629603,Mamadi Diakite,Mamadi,,,2:34,0.0,2.0,0.0,0.0,2.0,0.0,0.0,0.0,0.0,0.0,0.0,0.0,0.0,0.0,0.0,0.0,1.0,0.0,-9.0
22200193,1610612739,CLE,Cleveland,1630171,Isaac Okoro,Isaac,,,28:50,3.0,4.0,0.75,1.0,2.0,0.5,1.0,2.0,0.5,3.0,0.0,3.0,1.0,2.0,0.0,1.0,2.0,8.0,15.0
22200193,1610612739,CLE,Cleveland,1630600,Isaiah Mobley,Isaiah,,DNP - Coach's Decision,,,,,,,,,,,,,,,,,,,,
22200198,1610612751,BKN,Brooklyn,201142,Kevin Durant,Kevin,F,,37:50,8.0,16.0,0.5,2.0,3.0,0.667,13.0,15.0,0.867,0.0,9.0,9.0,7.0,0.0,2.0,3.0,2.0,31.0,-15.0
22200198,1610612751,BKN,Brooklyn,1626220,Royce O'Neale,Royce,F,,37:14,2.0,8.0,0.25,1.0,4.0,0.25,1.0,2.0,0.5,0.0,4.0,4.0,4.0,2.0,0.0,1.0,4.0,6.0,-13.0
22200198,1610612751,BKN,Brooklyn,1629651,Nic Claxton,Nic,C,,15:51,4.0,4.0,1.0,0.0,0.0,0.0,0.0,2.0,0.0,2.0,3.0,5.0,0.0,0.0,0.0,1.0,2.0,8.0,-16.0
22200198,1610612751,BKN,Brooklyn,203925,Joe Harris,Joe,G,,31:01,4.0,7.0,0.571,2.0,4.0,0.5,0.0,0.0,0.0,0.0,5.0,5.0,0.0,0.0,0.0,1.0,3.0,10.0,-26.0
22200198,1610612751,BKN,Brooklyn,1628410,Edmond Sumner,Edmond,G,,25:53,5.0,12.0,0.417,1.0,5.0,0.2,2.0,2.0,1.0,1.0,0.0,1.0,1.0,1.0,0.0,3.0,2.0,13.0,-5.0
22200198,1610612751,BKN,Brooklyn,1630560,Cam Thomas,Cam,,,22:34,4.0,9.0,0.444,0.0,2.0,0.0,7.0,9.0,0.778,0.0,3.0,3.0,2.0,1.0,0.0,1.0,1.0,15.0,8.0
22200198,1610612751,BKN,Brooklyn,202693,Markieff Morris,Markieff,,,20:23,2.0,6.0,0.333,1.0,3.0,0.333,0.0,0.0,0.0,1.0,3.0,4.0,5.0,0.0,1.0,1.0,2.0,5.0,13.0
22200198,1610612751,BKN,Brooklyn,1629139,Yuta Watanabe,Yuta,,,22:45,5.0,8.0,0.625,0.0,2.0,0.0,1.0,1.0,1.0,2.0,3.0,5.0,2.0,0.0,1.0,0.0,1.0,11.0,-9.0
22200198,1610612751,BKN,Brooklyn,1630561,David Duke Jr.,David,,,6:15,1.0,3.0,0.333,0.0,0.0,0.0,0.0,0.0,0.0,0.0,0.0,0.0,0.0,0.0,1.0,0.0,0.0,2.0,5.0
22200198,1610612751,BKN,Brooklyn,201988,Patty Mills,Patty,,,12:56,1.0,6.0,0.167,0.0,4.0,0.0,0.0,0.0,0.0,1.0,0.0,1.0,1.0,1.0,0.0,0.0,0.0,2.0,-17.0
22200198,1610612751,BKN,Brooklyn,1630556,Kessler Edwards,Kessler,,,3:39,0.0,0.0,0.0,0.0,0.0,0.0,0.0,0.0,0.0,0.0,0.0,0.0,0.0,0.0,0.0,0.0,0.0,0.0,5.0
22200198,1610612751,BKN,Brooklyn,1630549,Day'Ron Sharpe,Day'Ron,,,3:39,0.0,1.0,0.0,0.0,0.0,0.0,0.0,0.0,0.0,1.0,3.0,4.0,0.0,0.0,0.0,1.0,0.0,0.0,5.0
22200198,1610612751,BKN,Brooklyn,1627732,Ben Simmons,Ben,,DND - Injury/Illness,,,,,,,,,,,,,,,,,,,,
22200198,1610612747,LAL,Los Angeles,1629022,Lonnie Walker IV,Lonnie,F,,30:22,9.0,15.0,0.6,4.0,5.0,0.8,3.0,3.0,1.0,0.0,1.0,1.0,0.0,0.0,0.0,0.0,2.0,25.0,20.0
22200198,1610612747,LAL,Los Angeles,1628972,Troy Brown Jr.,Troy,F,,35:51,4.0,7.0,0.571,1.0,2.0,0.5,0.0,0.0,0.0,1.0,3.0,4.0,1.0,2.0,0.0,0.0,0.0,9.0,22.0
22200198,1610612747,LAL,Los Angeles,203076,Anthony Davis,Anthony,C,,33:38,15.0,25.0,0.6,0.0,0.0,0.0,7.0,7.0,1.0,10.0,8.0,18.0,2.0,0.0,0.0,1.0,5.0,37.0,15.0
22200198,1610612747,LAL,Los Angeles,1630559,Austin Reaves,Austin,G,,32:36,5.0,8.0,0.625,3.0,4.0,0.75,2.0,3.0,0.667,0.0,1.0,1.0,3.0,0.0,0.0,1.0,2.0,15.0,20.0
22200198,1610612747,LAL,Los Angeles,201976,Patrick Beverley,Patrick,G,,25:33,1.0,5.0,0.2,0.0,4.0,0.0,0.0,1.0,0.0,0.0,4.0,4.0,5.0,0.0,1.0,1.0,5.0,2.0,8.0
22200198,1610612747,LAL,Los Angeles,201566,Russell Westbrook,Russell,,,27:48,4.0,15.0,0.267,1.0,6.0,0.167,5.0,6.0,0.833,1.0,5.0,6.0,12.0,0.0,1.0,4.0,3.0,14.0,-6.0
22200198,1610612747,LAL,Los Angeles,1629134,Kendrick Nunn,Kendrick,,,10:35,0.0,4.0,0.0,0.0,3.0,0.0,0.0,0.0,0.0,0.0,1.0,1.0,2.0,0.0,0.0,0.0,2.0,0.0,-12.0
22200198,1610612747,LAL,Los Angeles,1631108,Max Christie,Max,,,20:39,0.0,1.0,0.0,0.0,0.0,0.0,0.0,0.0,0.0,0.0,9.0,9.0,0.0,0.0,0.0,0.0,0.0,0.0,1.0
22200198,1610612747,LAL,Los Angeles,1629117,Wenyen Gabriel,Wenyen,,,14:23,4.0,7.0,0.571,1.0,1.0,1.0,0.0,0.0,0.0,0.0,0.0,0.0,0.0,0.0,0.0,1.0,1.0,9.0,-2.0
22200198,1610612747,LAL,Los Angeles,1630346,Matt Ryan,Matt,,,6:29,1.0,3.0,0.333,1.0,2.0,0.5,0.0,0.0,0.0,0.0,1.0,1.0,0.0,0.0,0.0,0.0,1.0,3.0,2.0
22200198,1610612747,LAL,Los Angeles,1629308,Juan Toscano-Anderson,Juan,,,2:07,1.0,1.0,1.0,0.0,0.0,0.0,0.0,0.0,0.0,0.0,0.0,0.0,0.0,1.0,0.0,1.0,1.0,2.0,-3.0
22200198,1610612747,LAL,Los Angeles,1627745,Damian Jones,Damian,,DNP - Coach's Decision,,,,,,,,,,,,,,,,,,,,
22200192,1610612760,OKC,Oklahoma City,1629652,Luguentz Dort,Luguentz,F,,24:27,8.0,11.0,0.727,2.0,5.0,0.4,6.0,6.0,1.0,0.0,3.0,3.0,0.0,0.0,1.0,1.0,5.0,24.0,-7.0
22200192,1610612760,OKC,Oklahoma City,1630197,Aleksej Pokusevski,Aleksej,F,,18:13,5.0,8.0,0.625,2.0,4.0,0.5,0.0,0.0,0.0,0.0,2.0,2.0,3.0,1.0,1.0,2.0,1.0,12.0,11.0
22200192,1610612760,OKC,Oklahoma City,1630526,Jeremiah Robinson-Earl,Jeremiah,C,,30:44,7.0,9.0,0.778,3.0,4.0,0.75,0.0,0.0,0.0,3.0,4.0,7.0,0.0,0.0,0.0,1.0,5.0,17.0,11.0
22200192,1610612760,OKC,Oklahoma City,1630581,Josh Giddey,Josh,G,,36:41,10.0,14.0,0.714,2.0,3.0,0.667,2.0,2.0,1.0,1.0,9.0,10.0,12.0,0.0,0.0,3.0,1.0,24.0,15.0
22200192,1610612760,OKC,Oklahoma City,1628983,Shai Gilgeous-Alexander,Shai,G,,36:12,13.0,22.0,0.591,2.0,3.0,0.667,9.0,10.0,0.9,0.0,5.0,5.0,8.0,3.0,2.0,6.0,2.0,37.0,4.0
22200192,1610612760,OKC,Oklahoma City,1631114,Jalen Williams,Jalen,,,19:49,4.0,6.0,0.667,0.0,1.0,0.0,0.0,0.0,0.0,0.0,0.0,0.0,0.0,0.0,0.0,2.0,3.0,8.0,-3.0
22200192,1610612760,OKC,Oklahoma City,203488,Mike Muscala,Mike,,,12:26,2.0,3.0,0.667,2.0,3.0,0.667,0.0,0.0,0.0,0.0,2.0,2.0,2.0,0.0,1.0,1.0,1.0,6.0,-3.0
22200192,1610612760,OKC,Oklahoma City,1630544,Tre Mann,Tre,,,3:20,1.0,3.0,0.333,1.0,2.0,0.5,0.0,0.0,0.0,0.0,0.0,0.0,0.0,0.0,0.0,0.0,0.0,3.0,-4.0
22200192,1610612760,OKC,Oklahoma City,1630598,Aaron Wiggins,Aaron,,,20:58,1.0,3.0,0.333,1.0,1.0,1.0,0.0,0.0,0.0,0.0,3.0,3.0,2.0,1.0,0.0,0.0,5.0,3.0,2.0
22200192,1610612760,OKC,Oklahoma City,1630198,Isaiah Joe,Isaiah,,,16:53,3.0,6.0,0.5,2.0,5.0,0.4,0.0,0.0,0.0,0.0,3.0,3.0,1.0,2.0,0.0,3.0,3.0,8.0,11.0
22200192,1610612760,OKC,Oklahoma City,1629026,Kenrich Williams,Kenrich,,,20:17,1.0,3.0,0.333,0.0,0.0,0.0,1.0,2.0,0.5,0.0,3.0,3.0,3.0,2.0,0.0,0.0,1.0,3.0,13.0
22200192,1610612760,OKC,Oklahoma City,1630322,Lindy Waters III,Lindy,,DNP - Coach's Decision,,,,,,,,,,,,,,,,,,,,
22200192,1610612760,OKC,Oklahoma City,1631119,Jaylin Williams,Jaylin,,DNP - Coach's Decision,,,,,,,,,,,,,,,,,,,,
22200192,1610612752,NYK,New York,1629628,RJ Barrett,RJ,F,,19:24,2.0,10.0,0.2,0.0,2.0,0.0,0.0,0.0,0.0,1.0,0.0,1.0,0.0,1.0,0.0,2.0,4.0,4.0,-14.0
22200192,1610612752,NYK,New York,203944,Julius Randle,Julius,F,,33:15,7.0,14.0,0.5,3.0,6.0,0.5,8.0,10.0,0.8,3.0,7.0,10.0,3.0,0.0,0.0,2.0,3.0,25.0,-10.0
22200192,1610612752,NYK,New York,1628392,Isaiah Hartenstein,Isaiah,C,,22:53,5.0,8.0,0.625,1.0,2.0,0.5,3.0,4.0,0.75,5.0,2.0,7.0,1.0,1.0,0.0,2.0,1.0,14.0,-19.0
22200192,1610612752,NYK,New York,1628973,Jalen Brunson,Jalen,G,,23:58,5.0,9.0,0.556,0.0,2.0,0.0,7.0,7.0,1.0,0.0,1.0,1.0,7.0,3.0,0.0,1.0,2.0,17.0,-20.0
22200192,1610612752,NYK,New York,1629629,Cam Reddish,Cam,G,,32:38,10.0,17.0,0.588,2.0,5.0,0.4,4.0,4.0,1.0,1.0,2.0,3.0,2.0,4.0,1.0,1.0,0.0,26.0,2.0
22200192,1610612752,NYK,New York,201565,Derrick Rose,Derrick,,,16:44,3.0,6.0,0.5,1.0,2.0,0.5,0.0,0.0,0.0,0.0,2.0,2.0,4.0,0.0,0.0,2.0,1.0,7.0,3.0
22200192,1610612752,NYK,New York,1630579,Jericho Sims,Jericho,,,25:07,4.0,4.0,1.0,0.0,0.0,0.0,0.0,0.0,0.0,3.0,5.0,8.0,1.0,0.0,0.0,0.0,2.0,8.0,9.0
22200192,1610612752,NYK,New York,1630193,Immanuel Quickley,Immanuel,,,23:24,8.0,17.0,0.471,1.0,4.0,0.25,7.0,8.0,0.875,0.0,1.0,1.0,5.0,3.0,1.0,0.0,3.0,24.0,5.0
22200192,1610612752,NYK,New York,1630167,Obi Toppin,Obi,,,14:45,4.0,5.0,0.8,2.0,3.0,0.667,0.0,0.0,0.0,0.0,2.0,2.0,0.0,0.0,0.0,3.0,1.0,10.0,0.0
22200192,1610612752,NYK,New York,203095,Evan Fournier,Evan,,,19:55,0.0,5.0,0.0,0.0,3.0,0.0,0.0,0.0,0.0,0.0,0.0,0.0,2.0,1.0,0.0,0.0,1.0,0.0,0.0
22200192,1610612752,NYK,New York,1629656,Quentin Grimes,Quentin,,,7:57,0.0,2.0,0.0,0.0,2.0,0.0,0.0,0.0,0.0,0.0,0.0,0.0,0.0,0.0,0.0,0.0,0.0,0.0,-6.0
22200192,1610612752,NYK,New York,1627853,Ryan Arcidiacono,Ryan,,DNP - Coach's Decision,,,,,,,,,,,,,,,,,,,,
22200192,1610612752,NYK,New York,1630540,Miles McBride,Miles,,DNP - Coach's Decision,,,,,,,,,,,,,,,,,,,,
22200192,1610612752,NYK,New York,1629004,Svi Mykhailiuk,Svi,,DNP - Coach's Decision,,,,,,,,,,,,,,,,,,,,
22200197,1610612744,GSW,Golden State,203952,Andrew Wiggins,Andrew,F,,34:19,10.0,18.0,0.556,3.0,9.0,0.333,3.0,4.0,0.75,2.0,2.0,4.0,2.0,2.0,0.0,0.0,3.0,26.0,-15.0
22200197,1610612744,GSW,Golden State,203110,Draymond Green,Draymond,F,,34:08,3.0,7.0,0.429,0.0,2.0,0.0,0.0,0.0,0.0,0.0,7.0,7.0,11.0,0.0,1.0,3.0,3.0,6.0,-3.0
22200197,1610612744,GSW,Golden State,1626172,Kevon Looney,Kevon,C,,29:22,4.0,7.0,0.571,0.0,0.0,0.0,0.0,0.0,0.0,6.0,4.0,10.0,2.0,0.0,2.0,3.0,4.0,8.0,-4.0
22200197,1610612744,GSW,Golden State,202691,Klay Thompson,Klay,G,,32:28,6.0,16.0,0.375,5.0,13.0,0.385,0.0,0.0,0.0,0.0,7.0,7.0,3.0,1.0,1.0,2.0,1.0,17.0,-1.0
22200197,1610612744,GSW,Golden State,201939,Stephen Curry,Stephen,G,,36:51,9.0,17.0,0.529,3.0,9.0,0.333,6.0,6.0,1.0,0.0,6.0,6.0,4.0,1.0,0.0,4.0,0.0,27.0,0.0
22200197,1610612744,GSW,Golden State,1629673,Jordan Poole,Jordan,,,20:20,6.0,14.0,0.429,3.0,7.0,0.429,3.0,3.0,1.0,0.0,3.0,3.0,1.0,1.0,0.0,4.0,3.0,18.0,-1.0
22200197,1610612744,GSW,Golden State,1630228,Jonathan Kuminga,Jonathan,,,14:24,1.0,4.0,0.25,0.0,2.0,0.0,1.0,1.0,1.0,0.0,0.0,0.0,1.0,0.0,1.0,0.0,4.0,3.0,-4.0
22200197,1610612744,GSW,Golden State,1628978,Donte DiVincenzo,Donte,,,24:16,1.0,3.0,0.333,1.0,3.0,0.333,2.0,2.0,1.0,0.0,5.0,5.0,2.0,0.0,0.0,1.0,1.0,5.0,0.0
22200197,1610612744,GSW,Golden State,1630237,Anthony Lamb,Anthony,,,13:53,2.0,4.0,0.5,1.0,2.0,0.5,0.0,0.0,0.0,0.0,1.0,1.0,1.0,0.0,0.0,1.0,1.0,5.0,-7.0
22200197,1610612744,GSW,Golden State,203210,JaMychal Green,JaMychal,,DNP - Coach's Decision,,,,,,,,,,,,,,,,,,,,
22200197,1610612744,GSW,Golden State,1630541,Moses Moody,Moses,,DNP - Coach's Decision,,,,,,,,,,,,,,,,,,,,
22200197,1610612744,GSW,Golden State,1631157,Ryan Rollins,Ryan,,DNP - Coach's Decision,,,,,,,,,,,,,,,,,,,,
22200197,1610612744,GSW,Golden State,1630164,James Wiseman,James,,DNP - Coach's Decision,,,,,,,,,,,,,,,,,,,,
22200197,1610612758,SAC,Sacramento,203084,Harrison Barnes,Harrison,F,,27:24,4.0,8.0,0.5,1.0,3.0,0.333,0.0,0.0,0.0,0.0,0.0,0.0,3.0,1.0,1.0,0.0,1.0,9.0,3.0
22200197,1610612758,SAC,Sacramento,1631099,Keegan Murray,Keegan,F,,36:36,8.0,15.0,0.533,5.0,9.0,0.556,0.0,0.0,0.0,0.0,4.0,4.0,0.0,3.0,0.0,2.0,4.0,21.0,16.0
22200197,1610612758,SAC,Sacramento,1627734,Domantas Sabonis,Domantas,C,,34:12,10.0,17.0,0.588,2.0,2.0,1.0,4.0,6.0,0.667,6.0,16.0,22.0,8.0,0.0,0.0,3.0,1.0,26.0,5.0
22200197,1610612758,SAC,Sacramento,1628989,Kevin Huerter,Kevin,G,,32:28,6.0,9.0,0.667,4.0,6.0,0.667,1.0,4.0,0.25,0.0,5.0,5.0,4.0,0.0,0.0,3.0,1.0,17.0,2.0
22200197,1610612758,SAC,Sacramento,1628368,De'Aaron Fox,De'Aaron,G,,34:22,10.0,19.0,0.526,2.0,4.0,0.5,0.0,2.0,0.0,1.0,3.0,4.0,8.0,3.0,1.0,3.0,3.0,22.0,15.0
22200197,1610612758,SAC,Sacramento,1630558,Davion Mitchell,Davion,,,14:09,1.0,3.0,0.333,0.0,2.0,0.0,0.0,0.0,0.0,1.0,0.0,1.0,1.0,0.0,0.0,0.0,1.0,2.0,-8.0
22200197,1610612758,SAC,Sacramento,1626168,Trey Lyles,Trey,,,5:26,0.0,2.0,0.0,0.0,2.0,0.0,0.0,0.0,0.0,0.0,0.0,0.0,1.0,0.0,0.0,0.0,1.0,0.0,-9.0
22200197,1610612758,SAC,Sacramento,1628370,Malik Monk,Malik,,,24:23,2.0,8.0,0.25,1.0,4.0,0.25,7.0,7.0,1.0,0.0,1.0,1.0,4.0,0.0,0.0,3.0,2.0,12.0,-2.0
22200197,1610612758,SAC,Sacramento,1629002,Chimezie Metu,Chimezie,,,13:24,4.0,6.0,0.667,0.0,2.0,0.0,0.0,0.0,0.0,0.0,2.0,2.0,0.0,1.0,0.0,0.0,2.0,8.0,-1.0
22200197,1610612758,SAC,Sacramento,1629056,Terence Davis,Terence,,,17:37,2.0,4.0,0.5,1.0,3.0,0.333,0.0,0.0,0.0,1.0,5.0,6.0,2.0,0.0,0.0,1.0,1.0,5.0,14.0
22200197,1610612758,SAC,Sacramento,203521,Matthew Dellavedova,Matthew,,DNP - Coach's Decision,,,,,,,,,,,,,,,,,,,,
22200197,1610612758,SAC,Sacramento,1626158,Richaun Holmes,Richaun,,DNP - Coach's Decision,,,,,,,,,,,,,,,,,,,,
22200197,1610612758,SAC,Sacramento,203458,Alex Len,Alex,,DNP - Coach's Decision,,,,,,,,,,,,,,,,,,,,
22200197,1610612758,SAC,Sacramento,1629644,KZ Okpala,KZ,,DNP - Coach's Decision,,,,,,,,,,,,,,,,,,,,
22200184,1610612751,BKN,Brooklyn,201142,Kevin Durant,Kevin,F,,34:32,10.0,16.0,0.625,3.0,5.0,0.6,4.0,4.0,1.0,0.0,6.0,6.0,3.0,2.0,2.0,3.0,4.0,27.0,16.0
22200184,1610612751,BKN,Brooklyn,1626220,Royce O'Neale,Royce,F,,34:32,3.0,11.0,0.273,3.0,6.0,0.5,3.0,4.0,0.75,1.0,4.0,5.0,3.0,1.0,0.0,3.0,3.0,12.0,16.0
22200184,1610612751,BKN,Brooklyn,1629651,Nic Claxton,Nic,C,,31:46,6.0,9.0,0.667,0.0,0.0,0.0,1.0,5.0,0.2,2.0,12.0,14.0,2.0,1.0,3.0,0.0,1.0,13.0,14.0
22200184,1610612751,BKN,Brooklyn,203925,Joe Harris,Joe,G,,31:38,2.0,6.0,0.333,2.0,5.0,0.4,1.0,2.0,0.5,0.0,2.0,2.0,3.0,1.0,0.0,1.0,1.0,7.0,7.0
22200184,1610612751,BKN,Brooklyn,1628410,Edmond Sumner,Edmond,G,,22:49,4.0,10.0,0.4,2.0,6.0,0.333,1.0,1.0,1.0,0.0,1.0,1.0,4.0,3.0,1.0,2.0,1.0,11.0,6.0
22200184,1610612751,BKN,Brooklyn,203552,Seth Curry,Seth,,,27:54,9.0,15.0,0.6,4.0,8.0,0.5,0.0,1.0,0.0,0.0,3.0,3.0,3.0,0.0,0.0,1.0,2.0,22.0,12.0
22200184,1610612751,BKN,Brooklyn,1630560,Cam Thomas,Cam,,,25:03,1.0,6.0,0.167,0.0,1.0,0.0,2.0,2.0,1.0,0.0,2.0,2.0,3.0,1.0,0.0,2.0,2.0,4.0,2.0
22200184,1610612751,BKN,Brooklyn,1627732,Ben Simmons,Ben,,,14:28,1.0,2.0,0.5,0.0,0.0,0.0,0.0,0.0,0.0,1.0,4.0,5.0,3.0,0.0,0.0,0.0,4.0,2.0,-1.0
22200184,1610612751,BKN,Brooklyn,201988,Patty Mills,Patty,,,11:33,2.0,5.0,0.4,2.0,4.0,0.5,0.0,0.0,0.0,1.0,0.0,1.0,1.0,0.0,0.0,0.0,0.0,6.0,-3.0
22200184,1610612751,BKN,Brooklyn,1630556,Kessler Edwards,Kessler,,,1:55,0.0,1.0,0.0,0.0,0.0,0.0,0.0,0.0,0.0,0.0,0.0,0.0,0.0,0.0,0.0,0.0,0.0,0.0,2.0
22200184,1610612751,BKN,Brooklyn,1630549,Day'Ron Sharpe,Day'Ron,,,1:55,1.0,1.0,1.0,0.0,0.0,0.0,2.0,2.0,1.0,0.0,1.0,1.0,1.0,0.0,0.0,0.0,0.0,4.0,2.0
22200184,1610612751,BKN,Brooklyn,1630561,David Duke Jr.,David,,,1:55,1.0,1.0,1.0,0.0,0.0,0.0,0.0,0.0,0.0,1.0,0.0,1.0,1.0,0.0,0.0,0.0,0.0,2.0,2.0
22200184,1610612751,BKN,Brooklyn,202693,Markieff Morris,Markieff,,DNP - Coach's Decision,,,,,,,,,,,,,,,,,,,,
22200184,1610612746,LAC,LA,202694,Marcus Morris Sr.,Marcus,F,,28:14,5.0,9.0,0.556,3.0,5.0,0.6,0.0,0.0,0.0,2.0,4.0,6.0,2.0,0.0,0.0,1.0,2.0,13.0,-13.0
22200184,1610612746,LAC,LA,202331,Paul George,Paul,F,,34:06,5.0,21.0,0.238,1.0,6.0,0.167,6.0,7.0,0.857,0.0,4.0,4.0,4.0,0.0,2.0,2.0,3.0,17.0,-19.0
22200184,1610612746,LAC,LA,1627826,Ivica Zubac,Ivica,C,,27:42,6.0,8.0,0.75,0.0,0.0,0.0,4.0,6.0,0.667,5.0,10.0,15.0,0.0,0.0,0.0,5.0,4.0,16.0,-5.0
22200184,1610612746,LAC,LA,1628379,Luke Kennard,Luke,G,,24:15,3.0,5.0,0.6,2.0,4.0,0.5,1.0,1.0,1.0,0.0,3.0,3.0,0.0,0.0,0.0,2.0,2.0,9.0,-16.0
22200184,1610612746,LAC,LA,202704,Reggie Jackson,Reggie,G,,33:20,2.0,5.0,0.4,2.0,5.0,0.4,0.0,0.0,0.0,1.0,5.0,6.0,6.0,1.0,0.0,3.0,2.0,6.0,-18.0
22200184,1610612746,LAC,LA,202322,John Wall,John,,,24:25,5.0,11.0,0.455,2.0,4.0,0.5,2.0,3.0,0.667,0.0,1.0,1.0,6.0,1.0,0.0,3.0,2.0,14.0,-12.0
22200184,1610612746,LAC,LA,1629611,Terance Mann,Terance,,,19:09,1.0,5.0,0.2,0.0,3.0,0.0,0.0,0.0,0.0,0.0,3.0,3.0,2.0,0.0,1.0,0.0,1.0,2.0,5.0
22200184,1610612746,LAC,LA,1626181,Norman Powell,Norman,,,26:31,6.0,14.0,0.429,1.0,1.0,1.0,3.0,3.0,1.0,1.0,1.0,2.0,1.0,2.0,1.0,0.0,1.0,16.0,1.0
22200184,1610612746,LAC,LA,201587,Nicolas Batum,Nicolas,,,17:36,0.0,5.0,0.0,0.0,3.0,0.0,0.0,0.0,0.0,1.0,5.0,6.0,1.0,0.0,2.0,0.0,0.0,0.0,0.0
22200184,1610612746,LAC,LA,1629599,Amir Coffey,Amir,,,2:21,1.0,2.0,0.5,0.0,0.0,0.0,0.0,0.0,0.0,0.0,0.0,0.0,0.0,0.0,0.0,0.0,0.0,2.0,1.0
22200184,1610612746,LAC,LA,1629650,Moses Brown,Moses,,,2:21,0.0,0.0,0.0,0.0,0.0,0.0,0.0,0.0,0.0,0.0,0.0,0.0,0.0,0.0,0.0,0.0,0.0,0.0,1.0
22200184,1610612746,LAC,LA,203496,Robert Covington,Robert,,DNP - Coach's Decision,,,,,,,,,,,,,,,,,,,,
22200187,1610612761,TOR,Toronto,1628384,OG Anunoby,OG,F,,36:05,9.0,16.0,0.563,2.0,7.0,0.286,6.0,7.0,0.857,0.0,2.0,2.0,3.0,1.0,2.0,4.0,4.0,26.0,-17.0
22200187,1610612761,TOR,Toronto,203490,Otto Porter Jr.,Otto,F,,26:32,2.0,3.0,0.667,0.0,1.0,0.0,2.0,2.0,1.0,2.0,3.0,5.0,3.0,2.0,0.0,1.0,1.0,6.0,-13.0
22200187,1610612761,TOR,Toronto,201152,Thaddeus Young,Thaddeus,C,,34:02,6.0,10.0,0.6,0.0,2.0,0.0,3.0,4.0,0.75,2.0,3.0,5.0,1.0,3.0,0.0,2.0,4.0,15.0,-13.0
22200187,1610612761,TOR,Toronto,1630567,Scottie Barnes,Scottie,G,,39:01,4.0,16.0,0.25,0.0,4.0,0.0,0.0,0.0,0.0,4.0,5.0,9.0,5.0,2.0,1.0,2.0,2.0,8.0,-18.0
22200187,1610612761,TOR,Toronto,1629018,Gary Trent Jr.,Gary,G,,19:30,1.0,13.0,0.077,0.0,5.0,0.0,4.0,6.0,0.667,0.0,1.0,1.0,0.0,1.0,1.0,1.0,1.0,6.0,-17.0
22200187,1610612761,TOR,Toronto,1627823,Juancho Hernangomez,Juancho,,,15:17,0.0,1.0,0.0,0.0,0.0,0.0,0.0,0.0,0.0,2.0,6.0,8.0,1.0,1.0,0.0,0.0,1.0,0.0,-4.0
22200187,1610612761,TOR,Toronto,1628449,Chris Boucher,Chris,,,28:12,6.0,17.0,0.353,2.0,8.0,0.25,5.0,7.0,0.714,4.0,3.0,7.0,0.0,1.0,1.0,1.0,2.0,19.0,-3.0
22200187,1610612761,TOR,Toronto,1630625,Dalano Banton,Dalano,,,13:01,5.0,8.0,0.625,2.0,3.0,0.667,2.0,2.0,1.0,1.0,1.0,2.0,0.0,0.0,2.0,1.0,1.0,14.0,4.0
22200187,1610612761,TOR,Toronto,1631132,Christian Koloko,Christian,,,5:32,1.0,1.0,1.0,0.0,0.0,0.0,0.0,0.0,0.0,1.0,1.0,2.0,0.0,0.0,0.0,0.0,0.0,2.0,1.0
22200187,1610612761,TOR,Toronto,1630201,Malachi Flynn,Malachi,,,22:48,3.0,9.0,0.333,1.0,5.0,0.2,1.0,1.0,1.0,0.0,2.0,2.0,1.0,1.0,1.0,0.0,2.0,8.0,10.0
22200187,1610612761,TOR,Toronto,203920,Khem Birch,Khem,,DND - Injury/Illness,,,,,,,,,,,,,,,,,,,,
22200187,1610612761,TOR,Toronto,1630288,Jeff Dowtin Jr.,Jeff,,DNP - Coach's Decision,,,,,,,,,,,,,,,,,,,,
22200187,1610612754,IND,Indiana,1627741,Buddy Hield,Buddy,F,,28:22,8.0,15.0,0.533,5.0,11.0,0.455,1.0,2.0,0.5,2.0,6.0,8.0,2.0,0.0,1.0,4.0,3.0,22.0,10.0
22200187,1610612754,IND,Indiana,1630188,Jalen Smith,Jalen,F,,25:14,6.0,11.0,0.545,3.0,7.0,0.429,1.0,2.0,0.5,0.0,5.0,5.0,2.0,0.0,0.0,3.0,3.0,16.0,9.0
22200187,1610612754,IND,Indiana,1626167,Myles Turner,Myles,C,,26:58,5.0,8.0,0.625,2.0,3.0,0.667,7.0,8.0,0.875,2.0,8.0,10.0,0.0,0.0,2.0,1.0,4.0,19.0,14.0
22200187,1610612754,IND,Indiana,1629614,Andrew Nembhard,Andrew,G,,21:32,3.0,5.0,0.6,2.0,3.0,0.667,0.0,0.0,0.0,0.0,2.0,2.0,3.0,0.0,0.0,1.0,3.0,8.0,5.0
22200187,1610612754,IND,Indiana,1630169,Tyrese Haliburton,Tyrese,G,,39:09,3.0,14.0,0.214,2.0,9.0,0.222,0.0,1.0,0.0,1.0,5.0,6.0,15.0,2.0,1.0,3.0,2.0,8.0,26.0
22200187,1610612754,IND,Indiana,204456,T.J. McConnell,T.J.,,,17:53,1.0,3.0,0.333,0.0,0.0,0.0,0.0,0.0,0.0,0.0,2.0,2.0,6.0,1.0,0.0,3.0,2.0,2.0,2.0
22200187,1610612754,IND,Indiana,1630174,Aaron Nesmith,Aaron,,,14:44,3.0,5.0,0.6,2.0,3.0,0.667,2.0,2.0,1.0,0.0,2.0,2.0,2.0,0.0,1.0,1.0,3.0,10.0,-4.0
22200187,1610612754,IND,Indiana,1631097,Bennedict Mathurin,Bennedict,,,30:00,4.0,10.0,0.4,3.0,4.0,0.75,4.0,6.0,0.667,3.0,5.0,8.0,3.0,0.0,0.0,1.0,2.0,15.0,7.0
22200187,1610612754,IND,Indiana,1630543,Isaiah Jackson,Isaiah,,,21:02,5.0,5.0,1.0,0.0,0.0,0.0,0.0,0.0,0.0,2.0,3.0,5.0,0.0,1.0,1.0,2.0,1.0,10.0,0.0
22200187,1610612754,IND,Indiana,1629052,Oshae Brissett,Oshae,,,14:53,3.0,6.0,0.5,0.0,3.0,0.0,2.0,2.0,1.0,1.0,2.0,3.0,0.0,0.0,0.0,2.0,0.0,8.0,3.0
22200187,1610612754,IND,Indiana,1630678,Terry Taylor,Terry,,,0:13,0.0,0.0,0.0,0.0,0.0,0.0,0.0,0.0,0.0,0.0,0.0,0.0,0.0,0.0,0.0,0.0,0.0,0.0,-2.0
22200187,1610612754,IND,Indiana,1629048,Goga Bitadze,Goga,,DNP - Coach's Decision,,,,,,,,,,,,,,,,,,,,
22200187,1610612754,IND,Indiana,201949,James Johnson,James,,DND - Injury/Illness,,,,,,,,,,,,,,,,,,,,
22200190,1610612757,POR,Portland,1628404,Josh Hart,Josh,F,,36:17,0.0,9.0,0.0,0.0,2.0,0.0,2.0,6.0,0.333,4.0,5.0,9.0,3.0,1.0,0.0,1.0,3.0,2.0,0.0
22200190,1610612757,POR,Portland,203924,Jerami Grant,Jerami,F,,39:00,13.0,22.0,0.591,5.0,9.0,0.556,6.0,6.0,1.0,2.0,4.0,6.0,2.0,0.0,2.0,2.0,2.0,37.0,-4.0
22200190,1610612757,POR,Portland,1629234,Drew Eubanks,Drew,C,,33:28,1.0,2.0,0.5,0.0,0.0,0.0,0.0,0.0,0.0,2.0,6.0,8.0,0.0,2.0,0.0,0.0,5.0,2.0,10.0
22200190,1610612757,POR,Portland,1629014,Anfernee Simons,Anfernee,G,,39:22,9.0,20.0,0.45,5.0,11.0,0.455,1.0,2.0,0.5,0.0,7.0,7.0,2.0,0.0,0.0,2.0,3.0,24.0,5.0
22200190,1610612757,POR,Portland,203081,Damian Lillard,Damian,G,,37:41,6.0,16.0,0.375,2.0,7.0,0.286,15.0,17.0,0.882,2.0,5.0,7.0,12.0,1.0,0.0,5.0,1.0,29.0,-2.0
22200190,1610612757,POR,Portland,1631101,Shaedon Sharpe,Shaedon,,,19:16,2.0,3.0,0.667,1.0,2.0,0.5,0.0,0.0,0.0,0.0,1.0,1.0,0.0,0.0,0.0,1.0,2.0,5.0,-13.0
22200190,1610612757,POR,Portland,1630570,Trendon Watford,Trendon,,,12:23,2.0,3.0,0.667,0.0,0.0,0.0,0.0,0.0,0.0,0.0,1.0,1.0,0.0,1.0,0.0,1.0,5.0,4.0,-14.0
22200190,1610612757,POR,Portland,1629642,Nassir Little,Nassir,,,14:32,2.0,3.0,0.667,0.0,0.0,0.0,0.0,0.0,0.0,0.0,1.0,1.0,0.0,1.0,0.0,0.0,0.0,4.0,-5.0
22200190,1610612757,POR,Portland,1631133,Jabari Walker,Jabari,,,8:01,1.0,2.0,0.5,0.0,0.0,0.0,3.0,4.0,0.75,2.0,2.0,4.0,1.0,0.0,0.0,0.0,0.0,5.0,-2.0
22200190,1610612757,POR,Portland,1630535,Greg Brown III,Greg,,DNP - Coach's Decision,,,,,,,,,,,,,,,,,,,,
22200190,1610612757,POR,Portland,1631219,John Butler Jr.,John,,DNP - Coach's Decision,,,,,,,,,,,,,,,,,,,,
22200190,1610612757,POR,Portland,203994,Jusuf Nurkić,Jusuf,,DNP - Injury/Illness,,,,,,,,,,,,,,,,,,,,
22200190,1610612742,DAL,Dallas,203493,Reggie Bullock Jr.,Reggie,F,,17:13,1.0,5.0,0.2,0.0,4.0,0.0,0.0,0.0,0.0,0.0,2.0,2.0,1.0,2.0,0.0,0.0,4.0,2.0,-5.0
22200190,1610612742,DAL,Dallas,1627827,Dorian Finney-Smith,Dorian,F,,33:45,2.0,7.0,0.286,2.0,6.0,0.333,0.0,0.0,0.0,0.0,5.0,5.0,1.0,0.0,0.0,1.0,2.0,6.0,-4.0
22200190,1610612742,DAL,Dallas,203939,Dwight Powell,Dwight,C,,15:22,1.0,2.0,0.5,0.0,0.0,0.0,0.0,0.0,0.0,2.0,0.0,2.0,0.0,0.0,0.0,1.0,3.0,2.0,-15.0
22200190,1610612742,DAL,Dallas,203915,Spencer Dinwiddie,Spencer,G,,32:30,7.0,11.0,0.636,6.0,8.0,0.75,0.0,0.0,0.0,0.0,7.0,7.0,6.0,0.0,1.0,2.0,1.0,20.0,0.0
22200190,1610612742,DAL,Dallas,1629029,Luka Dončić,Luka,G,,37:41,13.0,22.0,0.591,1.0,5.0,0.2,15.0,18.0,0.833,3.0,10.0,13.0,10.0,2.0,1.0,2.0,3.0,42.0,6.0
22200190,1610612742,DAL,Dallas,1630182,Josh Green,Josh,,,23:42,2.0,5.0,0.4,1.0,4.0,0.25,1.0,2.0,0.5,1.0,0.0,1.0,1.0,1.0,0.0,0.0,4.0,6.0,4.0
22200190,1610612742,DAL,Dallas,1626174,Christian Wood,Christian,,,25:08,7.0,11.0,0.636,1.0,5.0,0.2,4.0,5.0,0.8,0.0,5.0,5.0,1.0,2.0,0.0,2.0,6.0,19.0,14.0
22200190,1610612742,DAL,Dallas,203501,Tim Hardaway Jr.,Tim,,,31:18,6.0,13.0,0.462,3.0,10.0,0.3,1.0,1.0,1.0,0.0,3.0,3.0,5.0,1.0,0.0,3.0,2.0,16.0,23.0
22200190,1610612742,DAL,Dallas,1628467,Maxi Kleber,Maxi,,,23:21,2.0,5.0,0.4,0.0,1.0,0.0,0.0,0.0,0.0,1.0,1.0,2.0,1.0,0.0,0.0,0.0,2.0,4.0,2.0
22200190,1610612742,DAL,Dallas,1630267,Facundo Campazzo,Facundo,,DNP - Coach's Decision,,,,,,,,,,,,,,,,,,,,
22200190,1610612742,DAL,Dallas,201580,JaVale McGee,JaVale,,DNP - Coach's Decision,,,,,,,,,,,,,,,,,,,,
22200190,1610612742,DAL,Dallas,1628373,Frank Ntilikina,Frank,,DNP - Coach's Decision,,,,,,,,,,,,,,,,,,,,
22200190,1610612742,DAL,Dallas,1629033,Theo Pinson,Theo,,DNP - Coach's Decision,,,,,,,,,,,,,,,,,,,,
22200185,1610612762,UTA,Utah,203482,Kelly Olynyk,Kelly,F,,28:15,4.0,10.0,0.4,2.0,5.0,0.4,0.0,0.0,0.0,0.0,5.0,5.0,4.0,0.0,0.0,2.0,4.0,10.0,-20.0
22200185,1610612762,UTA,Utah,1628374,Lauri Markkanen,Lauri,F,,31:13,8.0,14.0,0.571,1.0,3.0,0.333,0.0,0.0,0.0,1.0,4.0,5.0,1.0,0.0,2.0,1.0,0.0,17.0,-23.0
22200185,1610612762,UTA,Utah,1629020,Jarred Vanderbilt,Jarred,C,,17:29,3.0,6.0,0.5,1.0,2.0,0.5,0.0,0.0,0.0,4.0,4.0,8.0,1.0,1.0,0.0,1.0,2.0,7.0,-12.0
22200185,1610612762,UTA,Utah,203903,Jordan Clarkson,Jordan,G,,25:10,8.0,18.0,0.444,2.0,8.0,0.25,0.0,0.0,0.0,0.0,0.0,0.0,1.0,0.0,0.0,2.0,2.0,18.0,-9.0
22200185,1610612762,UTA,Utah,201144,Mike Conley,Mike,G,,29:41,1.0,8.0,0.125,0.0,5.0,0.0,1.0,1.0,1.0,0.0,3.0,3.0,10.0,1.0,0.0,2.0,1.0,3.0,-21.0
22200185,1610612762,UTA,Utah,1629012,Collin Sexton,Collin,,,21:51,6.0,9.0,0.667,1.0,2.0,0.5,4.0,4.0,1.0,1.0,3.0,4.0,2.0,0.0,0.0,2.0,3.0,17.0,-4.0
22200185,1610612762,UTA,Utah,1627736,Malik Beasley,Malik,,,29:27,6.0,13.0,0.462,4.0,9.0,0.444,0.0,0.0,0.0,0.0,6.0,6.0,3.0,1.0,0.0,0.0,2.0,16.0,-1.0
22200185,1610612762,UTA,Utah,200752,Rudy Gay,Rudy,,,17:17,3.0,6.0,0.5,2.0,4.0,0.5,0.0,0.0,0.0,0.0,3.0,3.0,1.0,1.0,0.0,0.0,1.0,8.0,8.0
22200185,1610612762,UTA,Utah,1629659,Talen Horton-Tucker,Talen,,,16:55,3.0,7.0,0.429,1.0,2.0,0.5,5.0,6.0,0.833,0.0,3.0,3.0,10.0,0.0,1.0,1.0,1.0,12.0,13.0
22200185,1610612762,UTA,Utah,1631117,Walker Kessler,Walker,,,15:18,1.0,2.0,0.5,0.0,0.0,0.0,0.0,0.0,0.0,1.0,3.0,4.0,0.0,0.0,0.0,0.0,1.0,2.0,15.0
22200185,1610612762,UTA,Utah,1631323,Simone Fontecchio,Simone,,,2:28,0.0,0.0,0.0,0.0,0.0,0.0,0.0,0.0,0.0,0.0,0.0,0.0,0.0,0.0,0.0,0.0,0.0,0.0,3.0
22200185,1610612762,UTA,Utah,1629638,Nickeil Alexander-Walker,Nickeil,,,2:28,0.0,0.0,0.0,0.0,0.0,0.0,0.0,0.0,0.0,0.0,0.0,0.0,0.0,0.0,0.0,0.0,0.0,0.0,3.0
22200185,1610612762,UTA,Utah,1628962,Udoka Azubuike,Udoka,,,2:28,1.0,1.0,1.0,0.0,0.0,0.0,0.0,0.0,0.0,0.0,1.0,1.0,0.0,0.0,0.0,1.0,0.0,2.0,3.0
22200185,1610612764,WAS,Washington,1630166,Deni Avdija,Deni,F,,34:22,4.0,6.0,0.667,1.0,2.0,0.5,4.0,4.0,1.0,1.0,6.0,7.0,3.0,3.0,1.0,2.0,3.0,13.0,22.0
22200185,1610612764,WAS,Washington,1628398,Kyle Kuzma,Kyle,F,,33:10,8.0,19.0,0.421,1.0,7.0,0.143,6.0,7.0,0.857,1.0,7.0,8.0,6.0,0.0,0.0,4.0,2.0,23.0,12.0
22200185,1610612764,WAS,Washington,204001,Kristaps Porziņģis,Kristaps,C,,32:36,12.0,20.0,0.6,4.0,8.0,0.5,3.0,5.0,0.6,1.0,9.0,10.0,2.0,1.0,2.0,1.0,0.0,31.0,24.0
22200185,1610612764,WAS,Washington,1630557,Corey Kispert,Corey,G,,28:45,6.0,6.0,1.0,4.0,4.0,1.0,2.0,2.0,1.0,0.0,4.0,4.0,2.0,1.0,0.0,0.0,2.0,18.0,14.0
22200185,1610612764,WAS,Washington,1628420,Monté Morris,Monté,G,,29:11,2.0,9.0,0.222,1.0,3.0,0.333,0.0,0.0,0.0,1.0,6.0,7.0,9.0,0.0,0.0,0.0,1.0,5.0,15.0
22200185,1610612764,WAS,Washington,1629060,Rui Hachimura,Rui,,,28:32,5.0,12.0,0.417,1.0,4.0,0.25,0.0,0.0,0.0,0.0,4.0,4.0,1.0,0.0,1.0,1.0,1.0,11.0,-9.0
22200185,1610612764,WAS,Washington,1630692,Jordan Goodwin,Jordan,,,20:32,3.0,8.0,0.375,3.0,3.0,1.0,0.0,0.0,0.0,1.0,1.0,2.0,2.0,1.0,2.0,0.0,3.0,9.0,-8.0
22200185,1610612764,WAS,Washington,203115,Will Barton,Will,,,16:23,3.0,7.0,0.429,1.0,5.0,0.2,2.0,2.0,1.0,0.0,2.0,2.0,1.0,0.0,1.0,1.0,1.0,9.0,-6.0
22200185,1610612764,WAS,Washington,1629655,Daniel Gafford,Daniel,,,14:19,1.0,1.0,1.0,0.0,0.0,0.0,0.0,0.0,0.0,1.0,1.0,2.0,1.0,0.0,1.0,0.0,0.0,2.0,-11.0
22200185,1610612764,WAS,Washington,1630176,Vernon Carey Jr.,Vernon,,,1:05,0.0,0.0,0.0,0.0,0.0,0.0,0.0,0.0,0.0,0.0,0.0,0.0,0.0,0.0,0.0,0.0,1.0,0.0,-4.0
22200185,1610612764,WAS,Washington,1630264,Anthony Gill,Anthony,,,1:05,0.0,0.0,0.0,0.0,0.0,0.0,0.0,0.0,0.0,0.0,0.0,0.0,0.0,0.0,0.0,0.0,0.0,0.0,-4.0
22200186,1610612738,BOS,Boston,1629684,Grant Williams,Grant,F,,44:54,7.0,12.0,0.583,3.0,6.0,0.5,2.0,2.0,1.0,1.0,9.0,10.0,4.0,0.0,0.0,1.0,2.0,19.0,8.0
22200186,1610612738,BOS,Boston,1628369,Jayson Tatum,Jayson,F,,40:59,14.0,28.0,0.5,7.0,14.0,0.5,8.0,10.0,0.8,2.0,8.0,10.0,3.0,1.0,1.0,3.0,2.0,43.0,7.0
22200186,1610612738,BOS,Boston,201933,Blake Griffin,Blake,C,,21:00,3.0,6.0,0.5,1.0,3.0,0.333,0.0,0.0,0.0,1.0,5.0,6.0,0.0,0.0,0.0,0.0,1.0,7.0,1.0
22200186,1610612738,BOS,Boston,1628401,Derrick White,Derrick,G,,25:12,3.0,12.0,0.25,1.0,5.0,0.2,5.0,6.0,0.833,0.0,3.0,3.0,4.0,0.0,2.0,0.0,4.0,12.0,4.0
22200186,1610612738,BOS,Boston,203935,Marcus Smart,Marcus,G,,43:01,7.0,17.0,0.412,4.0,10.0,0.4,0.0,0.0,0.0,1.0,1.0,2.0,10.0,5.0,1.0,1.0,1.0,18.0,4.0
22200186,1610612738,BOS,Boston,1630573,Sam Hauser,Sam,,,20:45,2.0,7.0,0.286,1.0,6.0,0.167,0.0,0.0,0.0,0.0,1.0,1.0,1.0,0.0,0.0,0.0,2.0,5.0,-1.0
22200186,1610612738,BOS,Boston,1628436,Luke Kornet,Luke,,,9:14,1.0,1.0,1.0,0.0,0.0,0.0,4.0,4.0,1.0,0.0,1.0,1.0,1.0,0.0,0.0,0.0,2.0,6.0,-5.0
22200186,1610612738,BOS,Boston,1630202,Payton Pritchard,Payton,,,14:60,2.0,6.0,0.333,1.0,3.0,0.333,0.0,0.0,0.0,1.0,1.0,2.0,2.0,0.0,0.0,2.0,0.0,5.0,16.0
22200186,1610612738,BOS,Boston,203943,Noah Vonleh,Noah,,,19:55,0.0,2.0,0.0,0.0,1.0,0.0,2.0,2.0,1.0,3.0,4.0,7.0,2.0,0.0,0.0,0.0,3.0,2.0,11.0
22200186,1610612738,BOS,Boston,1627759,Jaylen Brown,Jaylen,,DND - Injury/Illness,,,,,,,,,,,,,,,,,,,,
22200186,1610612738,BOS,Boston,1628382,Justin Jackson,Justin,,DNP - Coach's Decision,,,,,,,,,,,,,,,,,,,,
22200186,1610612765,DET,Detroit,1630180,Saddiq Bey,Saddiq,F,,30:29,3.0,13.0,0.231,2.0,6.0,0.333,2.0,2.0,1.0,0.0,2.0,2.0,2.0,1.0,0.0,0.0,3.0,10.0,-3.0
22200186,1610612765,DET,Detroit,202711,Bojan Bogdanović,Bojan,F,,32:59,9.0,15.0,0.6,3.0,7.0,0.429,7.0,8.0,0.875,0.0,6.0,6.0,4.0,0.0,0.0,4.0,3.0,28.0,-2.0
22200186,1610612765,DET,Detroit,1630191,Isaiah Stewart,Isaiah,C,,27:42,3.0,8.0,0.375,2.0,4.0,0.5,0.0,0.0,0.0,1.0,8.0,9.0,2.0,1.0,0.0,1.0,3.0,8.0,2.0
22200186,1610612765,DET,Detroit,1631093,Jaden Ivey,Jaden,G,,34:10,8.0,15.0,0.533,4.0,6.0,0.667,6.0,6.0,1.0,2.0,2.0,4.0,3.0,0.0,0.0,4.0,4.0,26.0,-4.0
22200186,1610612765,DET,Detroit,1630165,Killian Hayes,Killian,G,,35:09,6.0,14.0,0.429,3.0,6.0,0.5,0.0,0.0,0.0,2.0,4.0,6.0,7.0,0.0,0.0,3.0,2.0,15.0,-2.0
22200186,1610612765,DET,Detroit,1628977,Hamidou Diallo,Hamidou,,,15:10,2.0,9.0,0.222,1.0,3.0,0.333,0.0,0.0,0.0,1.0,1.0,2.0,1.0,0.0,0.0,0.0,2.0,5.0,-6.0
22200186,1610612765,DET,Detroit,1628963,Marvin Bagley III,Marvin,,,18:08,2.0,5.0,0.4,0.0,1.0,0.0,0.0,0.0,0.0,2.0,2.0,4.0,1.0,0.0,2.0,0.0,0.0,4.0,-9.0
22200186,1610612765,DET,Detroit,202709,Cory Joseph,Cory,,,10:41,2.0,4.0,0.5,1.0,2.0,0.5,2.0,3.0,0.667,0.0,0.0,0.0,2.0,0.0,0.0,0.0,1.0,7.0,-5.0
22200186,1610612765,DET,Detroit,1630587,Isaiah Livers,Isaiah,,,18:21,1.0,5.0,0.2,0.0,3.0,0.0,1.0,2.0,0.5,2.0,3.0,5.0,0.0,0.0,1.0,1.0,3.0,3.0,-7.0
22200186,1610612765,DET,Detroit,1631105,Jalen Duren,Jalen,,,17:11,1.0,1.0,1.0,0.0,0.0,0.0,0.0,0.0,0.0,1.0,11.0,12.0,1.0,2.0,0.0,1.0,2.0,2.0,-9.0
22200186,1610612765,DET,Detroit,1628995,Kevin Knox II,Kevin,,DNP - Coach's Decision,,,,,,,,,,,,,,,,,,,,
22200186,1610612765,DET,Detroit,203585,Rodney McGruder,Rodney,,DNP - Coach's Decision,,,,,,,,,,,,,,,,,,,,
22200186,1610612765,DET,Detroit,203457,Nerlens Noel,Nerlens,,DNP - Coach's Decision,,,,,,,,,,,,,,,,,,,,
22200191,1610612745,HOU,Houston,201569,Eric Gordon,Eric,F,,30:00,6.0,11.0,0.545,2.0,6.0,0.333,1.0,1.0,1.0,0.0,1.0,1.0,5.0,0.0,1.0,2.0,2.0,15.0,-15.0
22200191,1610612745,HOU,Houston,1631095,Jabari Smith Jr.,Jabari,F,,27:45,4.0,10.0,0.4,0.0,2.0,0.0,1.0,2.0,0.5,6.0,9.0,15.0,2.0,0.0,2.0,1.0,4.0,9.0,-21.0
22200191,1610612745,HOU,Houston,1630578,Alperen Sengun,Alperen,C,,18:58,3.0,6.0,0.5,0.0,1.0,0.0,0.0,0.0,0.0,0.0,3.0,3.0,1.0,1.0,0.0,1.0,6.0,6.0,-5.0
22200191,1610612745,HOU,Houston,1629645,Kevin Porter Jr.,Kevin,G,,33:32,9.0,16.0,0.563,3.0,9.0,0.333,2.0,4.0,0.5,0.0,1.0,1.0,3.0,0.0,0.0,7.0,4.0,23.0,-28.0
22200191,1610612745,HOU,Houston,1630224,Jalen Green,Jalen,G,,38:13,11.0,20.0,0.55,5.0,10.0,0.5,6.0,6.0,1.0,0.0,2.0,2.0,6.0,0.0,0.0,5.0,0.0,33.0,-12.0
22200191,1610612745,HOU,Houston,1630586,Usman Garuba,Usman,,,23:18,1.0,2.0,0.5,1.0,1.0,1.0,1.0,2.0,0.5,1.0,5.0,6.0,0.0,1.0,1.0,2.0,2.0,4.0,1.0
22200191,1610612745,HOU,Houston,1630231,KJ Martin,KJ,,,25:43,4.0,7.0,0.571,0.0,3.0,0.0,1.0,1.0,1.0,3.0,4.0,7.0,1.0,0.0,0.0,3.0,2.0,9.0,1.0
22200191,1610612745,HOU,Houston,1631106,Tari Eason,Tari,,,21:03,1.0,4.0,0.25,1.0,3.0,0.333,2.0,2.0,1.0,0.0,2.0,2.0,3.0,3.0,0.0,1.0,3.0,5.0,6.0
22200191,1610612745,HOU,Houston,1630227,Daishen Nix,Daishen,,,11:17,0.0,0.0,0.0,0.0,0.0,0.0,0.0,0.0,0.0,0.0,3.0,3.0,3.0,1.0,0.0,2.0,0.0,0.0,13.0
22200191,1610612745,HOU,Houston,1630528,Josh Christopher,Josh,,,6:04,0.0,2.0,0.0,0.0,1.0,0.0,0.0,0.0,0.0,0.0,1.0,1.0,0.0,1.0,0.0,1.0,0.0,0.0,-4.0
22200191,1610612745,HOU,Houston,1626246,Boban Marjanović,Boban,,,4:08,1.0,1.0,1.0,0.0,0.0,0.0,0.0,0.0,0.0,0.0,2.0,2.0,0.0,0.0,0.0,1.0,0.0,2.0,-1.0
22200191,1610612745,HOU,Houston,1629726,Garrison Mathews,Garrison,,DNP - Coach's Decision,,,,,,,,,,,,,,,,,,,,
22200191,1610612740,NOP,New Orleans,1627742,Brandon Ingram,Brandon,F,,37:40,8.0,19.0,0.421,0.0,4.0,0.0,4.0,4.0,1.0,1.0,4.0,5.0,5.0,3.0,1.0,2.0,4.0,20.0,21.0
22200191,1610612740,NOP,New Orleans,1629627,Zion Williamson,Zion,F,,35:02,8.0,9.0,0.889,0.0,0.0,0.0,10.0,12.0,0.833,1.0,3.0,4.0,6.0,1.0,0.0,3.0,3.0,26.0,21.0
22200191,1610612740,NOP,New Orleans,202685,Jonas Valančiūnas,Jonas,C,,20:16,2.0,7.0,0.286,1.0,1.0,1.0,3.0,4.0,0.75,2.0,2.0,4.0,1.0,1.0,0.0,1.0,3.0,8.0,3.0
22200191,1610612740,NOP,New Orleans,1630529,Herbert Jones,Herbert,G,,19:27,3.0,7.0,0.429,0.0,3.0,0.0,0.0,0.0,0.0,1.0,2.0,3.0,1.0,0.0,0.0,0.0,3.0,6.0,15.0
22200191,1610612740,NOP,New Orleans,203468,CJ McCollum,CJ,G,,37:25,3.0,14.0,0.214,1.0,7.0,0.143,2.0,2.0,1.0,1.0,6.0,7.0,7.0,2.0,0.0,2.0,1.0,9.0,20.0
22200191,1610612740,NOP,New Orleans,1626204,Larry Nance Jr.,Larry,,,27:44,8.0,10.0,0.8,2.0,3.0,0.667,4.0,5.0,0.8,5.0,4.0,9.0,0.0,0.0,0.0,3.0,3.0,22.0,10.0
22200191,1610612740,NOP,New Orleans,1628984,Devonte' Graham,Devonte',,,9:19,2.0,4.0,0.5,1.0,2.0,0.5,0.0,0.0,0.0,0.0,0.0,0.0,1.0,2.0,0.0,0.0,0.0,5.0,-7.0
22200191,1610612740,NOP,New Orleans,1630530,Trey Murphy III,Trey,,,17:40,2.0,7.0,0.286,0.0,5.0,0.0,2.0,2.0,1.0,0.0,1.0,1.0,0.0,0.0,0.0,1.0,1.0,6.0,-14.0
22200191,1610612740,NOP,New Orleans,1630230,Naji Marshall,Naji,,,15:03,1.0,3.0,0.333,1.0,1.0,1.0,0.0,0.0,0.0,1.0,0.0,1.0,2.0,1.0,0.0,0.0,0.0,3.0,-19.0
22200191,1610612740,NOP,New Orleans,1630631,Jose Alvarado,Jose,,,20:13,5.0,6.0,0.833,2.0,3.0,0.667,0.0,0.0,0.0,0.0,2.0,2.0,5.0,3.0,0.0,0.0,5.0,12.0,15.0
22200191,1610612740,NOP,New Orleans,1630700,Dyson Daniels,Dyson,,,0:12,0.0,0.0,0.0,0.0,0.0,0.0,2.0,2.0,1.0,0.0,0.0,0.0,0.0,0.0,0.0,0.0,0.0,2.0,0.0
22200191,1610612740,NOP,New Orleans,1629637,Jaxson Hayes,Jaxson,,DNP - Coach's Decision,,,,,,,,,,,,,,,,,,,,
22200191,1610612740,NOP,New Orleans,1626195,Willy Hernangomez,Willy,,DNP - Coach's Decision,,,,,,,,,,,,,,,,,,,,
22200191,1610612740,NOP,New Orleans,202066,Garrett Temple,Garrett,,DNP - Coach's Decision,,,,,,,,,,,,,,,,,,,,
22200188,1610612737,ATL,Atlanta,1629631,De'Andre Hunter,De'Andre,F,,26:39,4.0,12.0,0.333,0.0,3.0,0.0,7.0,8.0,0.875,1.0,3.0,4.0,0.0,0.0,0.0,1.0,4.0,15.0,-12.0
22200188,1610612737,ATL,Atlanta,1628381,John Collins,John,F,,33:29,2.0,6.0,0.333,0.0,3.0,0.0,2.0,2.0,1.0,1.0,5.0,6.0,0.0,0.0,1.0,0.0,2.0,6.0,-22.0
22200188,1610612737,ATL,Atlanta,203991,Clint Capela,Clint,C,,33:06,7.0,9.0,0.778,0.0,0.0,0.0,0.0,0.0,0.0,6.0,9.0,15.0,0.0,0.0,0.0,4.0,3.0,14.0,-20.0
22200188,1610612737,ATL,Atlanta,1627749,Dejounte Murray,Dejounte,G,,38:19,9.0,23.0,0.391,1.0,4.0,0.25,4.0,4.0,1.0,3.0,5.0,8.0,7.0,2.0,0.0,0.0,1.0,23.0,-21.0
22200188,1610612737,ATL,Atlanta,1629027,Trae Young,Trae,G,,37:45,8.0,18.0,0.444,2.0,7.0,0.286,9.0,12.0,0.75,1.0,0.0,1.0,11.0,1.0,0.0,7.0,1.0,27.0,-5.0
22200188,1610612737,ATL,Atlanta,1628988,Aaron Holiday,Aaron,,,18:55,2.0,6.0,0.333,1.0,3.0,0.333,0.0,0.0,0.0,0.0,0.0,0.0,0.0,0.0,0.0,1.0,3.0,5.0,5.0
22200188,1610612737,ATL,Atlanta,1626163,Frank Kaminsky,Frank,,,13:17,3.0,3.0,1.0,0.0,0.0,0.0,0.0,0.0,0.0,0.0,3.0,3.0,1.0,0.0,0.0,0.0,3.0,6.0,6.0
22200188,1610612737,ATL,Atlanta,203200,Justin Holiday,Justin,,,15:28,0.0,2.0,0.0,0.0,1.0,0.0,0.0,0.0,0.0,0.0,3.0,3.0,1.0,0.0,1.0,1.0,2.0,0.0,3.0
22200188,1610612737,ATL,Atlanta,1630552,Jalen Johnson,Jalen,,,11:02,2.0,3.0,0.667,0.0,1.0,0.0,0.0,0.0,0.0,0.0,2.0,2.0,0.0,1.0,0.0,3.0,0.0,4.0,3.0
22200188,1610612737,ATL,Atlanta,1631100,AJ Griffin,AJ,,,12:00,3.0,7.0,0.429,2.0,2.0,1.0,1.0,1.0,1.0,0.0,1.0,1.0,0.0,0.0,0.0,1.0,0.0,9.0,3.0
22200188,1610612737,ATL,Atlanta,1629633,Jarrett Culver,Jarrett,,DNP - Coach's Decision,,,,,,,,,,,,,,,,,,,,
22200188,1610612737,ATL,Atlanta,1630235,Trent Forrest,Trent,,DNP - Coach's Decision,,,,,,,,,,,,,,,,,,,,
22200188,1610612737,ATL,Atlanta,1630249,Vít Krejčí,Vít,,DNP - Coach's Decision,,,,,,,,,,,,,,,,,,,,
22200188,1610612737,ATL,Atlanta,1631213,Tyrese Martin,Tyrese,,DNP - Coach's Decision,,,,,,,,,,,,,,,,,,,,
22200188,1610612755,PHI,Philadelphia,202699,Tobias Harris,Tobias,F,,38:32,7.0,13.0,0.538,1.0,3.0,0.333,6.0,6.0,1.0,1.0,5.0,6.0,2.0,2.0,0.0,2.0,2.0,21.0,5.0
22200188,1610612755,PHI,Philadelphia,200782,P.J. Tucker,P.J.,F,,31:07,1.0,1.0,1.0,0.0,0.0,0.0,0.0,0.0,0.0,1.0,5.0,6.0,2.0,2.0,0.0,1.0,3.0,2.0,18.0
22200188,1610612755,PHI,Philadelphia,203954,Joel Embiid,Joel,C,,40:02,14.0,25.0,0.56,1.0,6.0,0.167,13.0,16.0,0.813,0.0,10.0,10.0,6.0,2.0,2.0,4.0,5.0,42.0,22.0
22200188,1610612755,PHI,Philadelphia,1629680,Matisse Thybulle,Matisse,G,,29:52,1.0,5.0,0.2,1.0,4.0,0.25,0.0,0.0,0.0,0.0,2.0,2.0,0.0,1.0,0.0,0.0,2.0,3.0,15.0
22200188,1610612755,PHI,Philadelphia,1630178,Tyrese Maxey,Tyrese,G,,35:56,10.0,18.0,0.556,3.0,5.0,0.6,3.0,4.0,0.75,0.0,2.0,2.0,9.0,1.0,0.0,3.0,4.0,26.0,24.0
22200188,1610612755,PHI,Philadelphia,1627777,Georges Niang,Georges,,,14:17,1.0,2.0,0.5,1.0,2.0,0.5,1.0,1.0,1.0,0.0,0.0,0.0,2.0,0.0,2.0,1.0,2.0,4.0,-4.0
22200188,1610612755,PHI,Philadelphia,1627863,Danuel House Jr.,Danuel,,,17:48,2.0,4.0,0.5,1.0,3.0,0.333,0.0,0.0,0.0,0.0,1.0,1.0,0.0,2.0,1.0,0.0,1.0,5.0,-6.0
22200188,1610612755,PHI,Philadelphia,1629003,Shake Milton,Shake,,,20:31,5.0,8.0,0.625,0.0,1.0,0.0,1.0,2.0,0.5,0.0,2.0,2.0,3.0,0.0,0.0,1.0,2.0,11.0,-3.0
22200188,1610612755,PHI,Philadelphia,1627788,Furkan Korkmaz,Furkan,,,3:57,3.0,4.0,0.75,0.0,0.0,0.0,1.0,2.0,0.5,0.0,1.0,1.0,0.0,0.0,0.0,0.0,1.0,7.0,-1.0
22200188,1610612755,PHI,Philadelphia,1630194,Paul Reed,Paul,,,7:58,0.0,0.0,0.0,0.0,0.0,0.0,0.0,0.0,0.0,0.0,1.0,1.0,0.0,0.0,0.0,0.0,4.0,0.0,-10.0
22200188,1610612755,PHI,Philadelphia,1626149,Montrezl Harrell,Montrezl,,DNP - Coach's Decision,,,,,,,,,,,,,,,,,,,,
22200188,1610612755,PHI,Philadelphia,1629001,De'Anthony Melton,De'Anthony,,DND - Injury/Illness,,,,,,,,,,,,,,,,,,,,
22200188,1610612755,PHI,Philadelphia,1630531,Jaden Springer,Jaden,,DNP - Coach's Decision,,,,,,,,,,,,,,,,,,,,
22200189,1610612766,CHA,Charlotte,1626162,Kelly Oubre Jr.,Kelly,F,,33:45,8.0,16.0,0.5,2.0,5.0,0.4,2.0,3.0,0.667,1.0,7.0,8.0,1.0,0.0,1.0,1.0,1.0,20.0,-22.0
22200189,1610612766,CHA,Charlotte,1629023,P.J. Washington,P.J.,F,,27:35,2.0,7.0,0.286,0.0,2.0,0.0,0.0,0.0,0.0,0.0,1.0,1.0,0.0,0.0,1.0,1.0,5.0,4.0,-4.0
22200189,1610612766,CHA,Charlotte,203486,Mason Plumlee,Mason,C,,26:41,4.0,6.0,0.667,0.0,0.0,0.0,1.0,1.0,1.0,1.0,4.0,5.0,5.0,0.0,0.0,3.0,2.0,9.0,-16.0
22200189,1610612766,CHA,Charlotte,1626179,Terry Rozier,Terry,G,,34:06,8.0,17.0,0.471,4.0,9.0,0.444,2.0,3.0,0.667,0.0,1.0,1.0,6.0,2.0,0.0,2.0,0.0,22.0,-19.0
22200189,1610612766,CHA,Charlotte,1630163,LaMelo Ball,LaMelo,G,,28:12,6.0,17.0,0.353,1.0,9.0,0.111,2.0,2.0,1.0,0.0,6.0,6.0,6.0,1.0,0.0,2.0,5.0,15.0,-18.0
22200189,1610612766,CHA,Charlotte,1630547,James Bouknight,James,,,14:06,4.0,6.0,0.667,1.0,3.0,0.333,0.0,0.0,0.0,0.0,0.0,0.0,0.0,0.0,1.0,0.0,1.0,9.0,-3.0
22200189,1610612766,CHA,Charlotte,1629667,Jalen McDaniels,Jalen,,,27:38,3.0,6.0,0.5,1.0,2.0,0.5,2.0,2.0,1.0,0.0,4.0,4.0,4.0,0.0,0.0,1.0,2.0,9.0,-6.0
22200189,1610612766,CHA,Charlotte,1630208,Nick Richards,Nick,,,21:19,6.0,7.0,0.857,0.0,0.0,0.0,3.0,3.0,1.0,2.0,3.0,5.0,0.0,0.0,0.0,1.0,3.0,15.0,-1.0
22200189,1610612766,CHA,Charlotte,1630177,Theo Maledon,Theo,,,19:36,3.0,3.0,1.0,0.0,0.0,0.0,2.0,2.0,1.0,0.0,6.0,6.0,2.0,0.0,0.0,0.0,2.0,8.0,6.0
22200189,1610612766,CHA,Charlotte,1630550,JT Thor,JT,,,5:23,1.0,4.0,0.25,0.0,1.0,0.0,0.0,0.0,0.0,0.0,1.0,1.0,1.0,1.0,0.0,1.0,0.0,2.0,-2.0
22200189,1610612766,CHA,Charlotte,1630539,Kai Jones,Kai,,,1:39,1.0,1.0,1.0,0.0,0.0,0.0,0.0,0.0,0.0,0.0,0.0,0.0,0.0,0.0,0.0,0.0,0.0,2.0,0.0
22200189,1610612748,MIA,Miami,1628997,Caleb Martin,Caleb,F,,33:46,3.0,8.0,0.375,0.0,1.0,0.0,1.0,3.0,0.333,2.0,2.0,4.0,4.0,1.0,0.0,2.0,3.0,7.0,27.0
22200189,1610612748,MIA,Miami,202710,Jimmy Butler III,Jimmy,F,,31:18,6.0,8.0,0.75,1.0,2.0,0.5,7.0,7.0,1.0,2.0,5.0,7.0,8.0,1.0,0.0,0.0,2.0,20.0,13.0
22200189,1610612748,MIA,Miami,1628389,Bam Adebayo,Bam,C,,33:04,11.0,18.0,0.611,0.0,0.0,0.0,2.0,3.0,0.667,1.0,14.0,15.0,4.0,1.0,1.0,5.0,4.0,24.0,19.0
22200189,1610612748,MIA,Miami,1629622,Max Strus,Max,G,,38:12,10.0,16.0,0.625,8.0,14.0,0.571,3.0,3.0,1.0,0.0,4.0,4.0,2.0,1.0,0.0,0.0,4.0,31.0,15.0
22200189,1610612748,MIA,Miami,200768,Kyle Lowry,Kyle,G,,31:49,5.0,12.0,0.417,1.0,6.0,0.167,1.0,1.0,1.0,1.0,10.0,11.0,8.0,0.0,1.0,3.0,2.0,12.0,14.0
22200189,1610612748,MIA,Miami,1629216,Gabe Vincent,Gabe,,,30:29,7.0,13.0,0.538,3.0,8.0,0.375,3.0,3.0,1.0,0.0,0.0,0.0,2.0,1.0,0.0,0.0,1.0,20.0,-6.0
22200189,1610612748,MIA,Miami,203473,Dewayne Dedmon,Dewayne,,,13:18,3.0,7.0,0.429,1.0,2.0,0.5,0.0,0.0,0.0,3.0,1.0,4.0,2.0,0.0,3.0,0.0,2.0,7.0,-2.0
22200189,1610612748,MIA,Miami,1629130,Duncan Robinson,Duncan,,,23:09,2.0,9.0,0.222,0.0,6.0,0.0,1.0,1.0,1.0,0.0,1.0,1.0,2.0,1.0,0.0,1.0,1.0,5.0,5.0
22200189,1610612748,MIA,Miami,1629312,Haywood Highsmith,Haywood,,,1:39,0.0,0.0,0.0,0.0,0.0,0.0,0.0,0.0,0.0,0.0,0.0,0.0,0.0,0.0,0.0,0.0,0.0,0.0,0.0
22200189,1610612748,MIA,Miami,1631288,Jamal Cain,Jamal,,,1:38,1.0,1.0,1.0,1.0,1.0,1.0,0.0,0.0,0.0,0.0,0.0,0.0,0.0,1.0,0.0,0.0,0.0,3.0,0.0
22200189,1610612748,MIA,Miami,1631107,Nikola Jović,Nikola,,,1:38,1.0,1.0,1.0,1.0,1.0,1.0,0.0,0.0,0.0,0.0,0.0,0.0,0.0,0.0,0.0,1.0,0.0,3.0,0.0
22200189,1610612748,MIA,Miami,2617,Udonis Haslem,Udonis,,DNP - Coach's Decision,,,,,,,,,,,,,,,,,,,,
22200181,1610612750,MIN,Minnesota,1630183,Jaden McDaniels,Jaden,F,,33:31,4.0,8.0,0.5,2.0,4.0,0.5,5.0,6.0,0.833,1.0,3.0,4.0,0.0,3.0,2.0,0.0,6.0,15.0,-1.0
22200181,1610612750,MIN,Minnesota,1626157,Karl-Anthony Towns,Karl-Anthony,F,,26:11,4.0,9.0,0.444,1.0,4.0,0.25,4.0,4.0,1.0,4.0,6.0,10.0,4.0,0.0,0.0,1.0,6.0,13.0,-5.0
22200181,1610612750,MIN,Minnesota,203497,Rudy Gobert,Rudy,C,,35:00,5.0,5.0,1.0,0.0,0.0,0.0,5.0,5.0,1.0,1.0,5.0,6.0,1.0,1.0,0.0,4.0,4.0,15.0,-9.0
22200181,1610612750,MIN,Minnesota,1630162,Anthony Edwards,Anthony,G,,37:42,10.0,16.0,0.625,3.0,4.0,0.75,5.0,7.0,0.714,1.0,5.0,6.0,6.0,0.0,0.0,1.0,1.0,28.0,2.0
22200181,1610612750,MIN,Minnesota,1626156,D'Angelo Russell,D'Angelo,G,,26:33,2.0,8.0,0.25,0.0,4.0,0.0,0.0,0.0,0.0,0.0,0.0,0.0,8.0,1.0,0.0,3.0,3.0,4.0,-8.0
22200181,1610612750,MIN,Minnesota,203937,Kyle Anderson,Kyle,,,24:30,5.0,12.0,0.417,1.0,5.0,0.2,0.0,0.0,0.0,0.0,7.0,7.0,4.0,1.0,1.0,4.0,0.0,11.0,-5.0
22200181,1610612750,MIN,Minnesota,1629162,Jordan McLaughlin,Jordan,,,7:36,0.0,1.0,0.0,0.0,0.0,0.0,0.0,0.0,0.0,0.0,0.0,0.0,2.0,0.0,0.0,0.0,0.0,0.0,0.0
22200181,1610612750,MIN,Minnesota,1627752,Taurean Prince,Taurean,,,19:31,2.0,5.0,0.4,1.0,3.0,0.333,0.0,0.0,0.0,0.0,0.0,0.0,0.0,0.0,1.0,0.0,4.0,5.0,-8.0
22200181,1610612750,MIN,Minnesota,1629669,Jaylen Nowell,Jaylen,,,11:18,1.0,7.0,0.143,0.0,3.0,0.0,0.0,0.0,0.0,0.0,0.0,0.0,1.0,1.0,0.0,1.0,0.0,2.0,-16.0
22200181,1610612750,MIN,Minnesota,1627854,Bryn Forbes,Bryn,,,18:09,4.0,8.0,0.5,2.0,3.0,0.667,0.0,0.0,0.0,0.0,0.0,0.0,3.0,3.0,0.0,0.0,1.0,10.0,-5.0
22200181,1610612750,MIN,Minnesota,1630568,Luka Garza,Luka,,DNP - Coach's Decision,,,,,,,,,,,,,,,,,,,,
22200181,1610612750,MIN,Minnesota,1630233,Nathan Knight,Nathan,,DNP - Coach's Decision,,,,,,,,,,,,,,,,,,,,
22200181,1610612750,MIN,Minnesota,203085,Austin Rivers,Austin,,DNP - Coach's Decision,,,,,,,,,,,,,,,,,,,,
22200181,1610612763,MEM,Memphis,1628415,Dillon Brooks,Dillon,F,,32:34,9.0,17.0,0.529,1.0,6.0,0.167,2.0,2.0,1.0,0.0,4.0,4.0,0.0,0.0,0.0,1.0,1.0,21.0,1.0
22200181,1610612763,MEM,Memphis,1630583,Santi Aldama,Santi,F,,34:20,5.0,7.0,0.714,1.0,2.0,0.5,1.0,2.0,0.5,1.0,6.0,7.0,0.0,2.0,1.0,1.0,3.0,12.0,10.0
22200181,1610612763,MEM,Memphis,203500,Steven Adams,Steven,C,,26:51,1.0,3.0,0.333,0.0,0.0,0.0,1.0,4.0,0.25,5.0,4.0,9.0,3.0,1.0,1.0,1.0,4.0,3.0,6.0
22200181,1610612763,MEM,Memphis,1630217,Desmond Bane,Desmond,G,,33:16,7.0,16.0,0.438,2.0,7.0,0.286,8.0,8.0,1.0,0.0,3.0,3.0,5.0,1.0,0.0,4.0,3.0,24.0,12.0
22200181,1610612763,MEM,Memphis,1629630,Ja Morant,Ja,G,,33:40,11.0,25.0,0.44,2.0,10.0,0.2,4.0,7.0,0.571,3.0,7.0,10.0,8.0,2.0,0.0,4.0,4.0,28.0,-2.0
22200181,1610612763,MEM,Memphis,1629723,John Konchar,John,,,22:31,0.0,2.0,0.0,0.0,2.0,0.0,0.0,0.0,0.0,2.0,5.0,7.0,1.0,0.0,0.0,0.0,0.0,0.0,1.0
22200181,1610612763,MEM,Memphis,1631222,Jake LaRavia,Jake,,,12:08,0.0,4.0,0.0,0.0,4.0,0.0,0.0,0.0,0.0,2.0,0.0,2.0,1.0,1.0,0.0,1.0,1.0,0.0,1.0
22200181,1610612763,MEM,Memphis,1629634,Brandon Clarke,Brandon,,,19:26,6.0,6.0,1.0,0.0,0.0,0.0,3.0,4.0,0.75,0.0,1.0,1.0,3.0,1.0,1.0,0.0,3.0,15.0,7.0
22200181,1610612763,MEM,Memphis,1626145,Tyus Jones,Tyus,,,19:01,3.0,6.0,0.5,0.0,1.0,0.0,0.0,0.0,0.0,1.0,0.0,1.0,3.0,0.0,0.0,1.0,0.0,6.0,14.0
22200181,1610612763,MEM,Memphis,1631223,David Roddy,David,,,6:13,2.0,2.0,1.0,1.0,1.0,1.0,0.0,0.0,0.0,1.0,1.0,2.0,1.0,0.0,0.0,0.0,0.0,5.0,5.0
22200181,1610612763,MEM,Memphis,1631113,Kennedy Chandler,Kennedy,,DNP - Coach's Decision,,,,,,,,,,,,,,,,,,,,
22200181,1610612763,MEM,Memphis,1630214,Xavier Tillman,Xavier,,DNP - Coach's Decision,,,,,,,,,,,,,,,,,,,,
22200181,1610612763,MEM,Memphis,1631246,Vince Williams Jr.,Vince,,DNP - Coach's Decision,,,,,,,,,,,,,,,,,,,,
22200180,1610612749,MIL,Milwaukee,1630699,MarJon Beauchamp,MarJon,F,,34:23,4.0,13.0,0.308,0.0,6.0,0.0,0.0,0.0,0.0,1.0,3.0,4.0,2.0,1.0,0.0,0.0,2.0,8.0,-24.0
22200180,1610612749,MIL,Milwaukee,1626171,Bobby Portis,Bobby,F,,31:00,6.0,15.0,0.4,1.0,4.0,0.25,3.0,3.0,1.0,5.0,7.0,12.0,2.0,1.0,0.0,2.0,0.0,16.0,-7.0
22200180,1610612749,MIL,Milwaukee,201572,Brook Lopez,Brook,C,,29:33,6.0,14.0,0.429,3.0,7.0,0.429,4.0,5.0,0.8,1.0,2.0,3.0,2.0,1.0,2.0,5.0,4.0,19.0,-17.0
22200180,1610612749,MIL,Milwaukee,1629670,Jordan Nwora,Jordan,G,,29:03,3.0,13.0,0.231,1.0,4.0,0.25,1.0,1.0,1.0,3.0,4.0,7.0,5.0,0.0,0.0,0.0,0.0,8.0,-28.0
22200180,1610612749,MIL,Milwaukee,1628975,Jevon Carter,Jevon,G,,32:57,7.0,15.0,0.467,5.0,7.0,0.714,2.0,3.0,0.667,1.0,1.0,2.0,6.0,1.0,0.0,4.0,3.0,21.0,-5.0
22200180,1610612749,MIL,Milwaukee,201588,George Hill,George,,,27:39,1.0,9.0,0.111,0.0,5.0,0.0,3.0,4.0,0.75,2.0,0.0,2.0,4.0,0.0,1.0,1.0,1.0,5.0,-1.0
22200180,1610612749,MIL,Milwaukee,202083,Wesley Matthews,Wesley,,,22:29,0.0,5.0,0.0,0.0,5.0,0.0,2.0,2.0,1.0,0.0,2.0,2.0,1.0,3.0,2.0,0.0,1.0,2.0,4.0
22200180,1610612749,MIL,Milwaukee,201586,Serge Ibaka,Serge,,,18:42,4.0,9.0,0.444,1.0,3.0,0.333,2.0,5.0,0.4,5.0,4.0,9.0,0.0,0.0,0.0,0.0,2.0,11.0,-3.0
22200180,1610612749,MIL,Milwaukee,1630572,Sandro Mamukelashvili,Sandro,,,8:28,1.0,4.0,0.25,1.0,2.0,0.5,0.0,0.0,0.0,2.0,2.0,4.0,0.0,0.0,0.0,0.0,0.0,3.0,-2.0
22200180,1610612749,MIL,Milwaukee,203648,Thanasis Antetokounmpo,Thanasis,,,5:46,0.0,1.0,0.0,0.0,0.0,0.0,0.0,0.0,0.0,1.0,2.0,3.0,0.0,0.0,0.0,1.0,1.0,0.0,-7.0
22200180,1610612749,MIL,Milwaukee,1628960,Grayson Allen,Grayson,,DNP - Injury/Illness,,,,,,,,,,,,,,,,,,,,
22200180,1610612759,SAS,San Antonio,1629640,Keldon Johnson,Keldon,F,,31:57,9.0,17.0,0.529,5.0,8.0,0.625,6.0,6.0,1.0,0.0,2.0,2.0,2.0,1.0,0.0,4.0,2.0,29.0,7.0
22200180,1610612759,SAS,San Antonio,1631110,Jeremy Sochan,Jeremy,F,,29:50,4.0,7.0,0.571,0.0,2.0,0.0,2.0,2.0,1.0,1.0,6.0,7.0,2.0,0.0,1.0,2.0,4.0,10.0,22.0
22200180,1610612759,SAS,San Antonio,1627751,Jakob Poeltl,Jakob,C,,29:47,7.0,11.0,0.636,0.0,0.0,0.0,1.0,3.0,0.333,3.0,7.0,10.0,3.0,0.0,4.0,2.0,3.0,15.0,8.0
22200180,1610612759,SAS,San Antonio,1630170,Devin Vassell,Devin,G,,31:18,9.0,17.0,0.529,2.0,7.0,0.286,2.0,2.0,1.0,0.0,5.0,5.0,0.0,0.0,1.0,1.0,1.0,22.0,22.0
22200180,1610612759,SAS,San Antonio,1630200,Tre Jones,Tre,G,,29:42,4.0,7.0,0.571,1.0,1.0,1.0,0.0,0.0,0.0,0.0,5.0,5.0,9.0,1.0,1.0,1.0,2.0,9.0,7.0
22200180,1610612759,SAS,San Antonio,1626196,Josh Richardson,Josh,,,23:10,2.0,10.0,0.2,1.0,6.0,0.167,2.0,2.0,1.0,0.0,2.0,2.0,0.0,0.0,1.0,1.0,1.0,7.0,15.0
22200180,1610612759,SAS,San Antonio,203926,Doug McDermott,Doug,,,23:47,4.0,7.0,0.571,2.0,3.0,0.667,0.0,0.0,0.0,1.0,2.0,3.0,1.0,0.0,0.0,3.0,2.0,10.0,6.0
22200180,1610612759,SAS,San Antonio,1629646,Charles Bassey,Charles,,,18:13,2.0,3.0,0.667,1.0,2.0,0.5,0.0,0.0,0.0,3.0,11.0,14.0,4.0,0.0,4.0,3.0,4.0,5.0,10.0
22200180,1610612759,SAS,San Antonio,1629641,Romeo Langford,Romeo,,,17:19,2.0,5.0,0.4,0.0,1.0,0.0,0.0,0.0,0.0,1.0,0.0,1.0,0.0,1.0,1.0,2.0,3.0,4.0,-7.0
22200180,1610612759,SAS,San Antonio,1629676,Isaiah Roby,Isaiah,,,1:39,0.0,0.0,0.0,0.0,0.0,0.0,0.0,0.0,0.0,0.0,0.0,0.0,0.0,0.0,0.0,0.0,0.0,0.0,0.0
22200180,1610612759,SAS,San Antonio,1631160,Jordan Hall,Jordan,,,1:39,0.0,0.0,0.0,0.0,0.0,0.0,0.0,0.0,0.0,0.0,0.0,0.0,1.0,0.0,0.0,0.0,0.0,0.0,0.0
22200180,1610612759,SAS,San Antonio,1628966,Keita Bates-Diop,Keita,,,1:39,0.0,1.0,0.0,0.0,1.0,0.0,0.0,0.0,0.0,0.0,1.0,1.0,0.0,0.0,0.0,0.0,0.0,0.0,0.0
22200180,1610612759,SAS,San Antonio,203476,Gorgui Dieng,Gorgui,,DNP - Coach's Decision,,,,,,,,,,,,,,,,,,,,
22200176,1610612743,DEN,Denver,1629008,Michael Porter Jr.,Michael,F,,25:08,3.0,10.0,0.3,1.0,6.0,0.167,0.0,0.0,0.0,0.0,4.0,4.0,0.0,0.0,0.0,0.0,2.0,7.0,-24.0
22200176,1610612743,DEN,Denver,203932,Aaron Gordon,Aaron,F,,30:24,6.0,10.0,0.6,1.0,2.0,0.5,4.0,6.0,0.667,3.0,4.0,7.0,2.0,0.0,0.0,0.0,3.0,17.0,-4.0
22200176,1610612743,DEN,Denver,203999,Nikola Jokić,Nikola,C,,29:44,12.0,20.0,0.6,2.0,4.0,0.5,3.0,4.0,0.75,3.0,5.0,8.0,3.0,0.0,0.0,2.0,4.0,29.0,-14.0
22200176,1610612743,DEN,Denver,1627750,Jamal Murray,Jamal,G,,34:42,6.0,17.0,0.353,1.0,5.0,0.2,1.0,2.0,0.5,0.0,4.0,4.0,10.0,0.0,0.0,0.0,2.0,14.0,-12.0
22200176,1610612743,DEN,Denver,203484,Kentavious Caldwell-Pope,Kentavious,G,,33:34,5.0,11.0,0.455,5.0,7.0,0.714,0.0,0.0,0.0,0.0,0.0,0.0,1.0,0.0,0.0,0.0,3.0,15.0,-6.0
22200176,1610612743,DEN,Denver,1628971,Bruce Brown,Bruce,,,36:41,5.0,14.0,0.357,1.0,2.0,0.5,5.0,5.0,1.0,5.0,5.0,10.0,6.0,2.0,0.0,1.0,1.0,16.0,-8.0
22200176,1610612743,DEN,Denver,201145,Jeff Green,Jeff,,,21:06,2.0,4.0,0.5,0.0,0.0,0.0,3.0,3.0,1.0,0.0,2.0,2.0,2.0,0.0,0.0,0.0,1.0,7.0,-12.0
22200176,1610612743,DEN,Denver,201599,DeAndre Jordan,DeAndre,,,9:11,1.0,2.0,0.5,0.0,0.0,0.0,0.0,0.0,0.0,0.0,0.0,0.0,0.0,0.0,1.0,0.0,0.0,2.0,-5.0
22200176,1610612743,DEN,Denver,1631128,Christian Braun,Christian,,,13:18,1.0,1.0,1.0,0.0,0.0,0.0,0.0,0.0,0.0,0.0,2.0,2.0,2.0,0.0,0.0,0.0,0.0,2.0,-7.0
22200176,1610612743,DEN,Denver,1628432,Davon Reed,Davon,,,2:09,1.0,1.0,1.0,1.0,1.0,1.0,0.0,0.0,0.0,0.0,0.0,0.0,0.0,0.0,0.0,1.0,0.0,3.0,-1.0
22200176,1610612743,DEN,Denver,1630192,Zeke Nnaji,Zeke,,,2:02,0.0,1.0,0.0,0.0,1.0,0.0,0.0,0.0,0.0,0.0,1.0,1.0,0.0,1.0,0.0,1.0,0.0,0.0,-1.0
22200176,1610612743,DEN,Denver,1628427,Vlatko Čančar,Vlatko,,,2:02,0.0,1.0,0.0,0.0,1.0,0.0,0.0,0.0,0.0,0.0,0.0,0.0,0.0,0.0,0.0,0.0,0.0,0.0,-1.0
22200176,1610612743,DEN,Denver,1630538,Bones Hyland,Bones,,NWT - Health and Safety Protocols,,,,,,,,,,,,,,,,,,,,
22200176,1610612738,BOS,Boston,1628369,Jayson Tatum,Jayson,F,,37:19,11.0,21.0,0.524,2.0,7.0,0.286,10.0,11.0,0.909,0.0,8.0,8.0,5.0,0.0,0.0,1.0,4.0,34.0,18.0
22200176,1610612738,BOS,Boston,1629684,Grant Williams,Grant,F,,32:16,5.0,8.0,0.625,2.0,5.0,0.4,1.0,3.0,0.333,1.0,3.0,4.0,4.0,1.0,1.0,0.0,3.0,13.0,0.0
22200176,1610612738,BOS,Boston,201143,Al Horford,Al,C,,34:26,7.0,12.0,0.583,6.0,8.0,0.75,1.0,2.0,0.5,0.0,7.0,7.0,2.0,1.0,0.0,0.0,0.0,21.0,11.0
22200176,1610612738,BOS,Boston,1627759,Jaylen Brown,Jaylen,G,,34:47,11.0,15.0,0.733,3.0,4.0,0.75,0.0,0.0,0.0,0.0,8.0,8.0,8.0,0.0,0.0,3.0,3.0,25.0,8.0
22200176,1610612738,BOS,Boston,203935,Marcus Smart,Marcus,G,,23:48,2.0,4.0,0.5,0.0,0.0,0.0,0.0,0.0,0.0,0.0,0.0,0.0,4.0,0.0,0.0,1.0,5.0,4.0,28.0
22200176,1610612738,BOS,Boston,1628401,Derrick White,Derrick,,,24:12,3.0,9.0,0.333,2.0,6.0,0.333,2.0,2.0,1.0,1.0,0.0,1.0,4.0,0.0,1.0,0.0,1.0,10.0,6.0
22200176,1610612738,BOS,Boston,1630573,Sam Hauser,Sam,,,20:09,2.0,7.0,0.286,1.0,6.0,0.167,0.0,0.0,0.0,0.0,5.0,5.0,1.0,0.0,2.0,0.0,2.0,5.0,12.0
22200176,1610612738,BOS,Boston,1628436,Luke Kornet,Luke,,,12:53,4.0,8.0,0.5,0.0,0.0,0.0,0.0,0.0,0.0,4.0,3.0,7.0,1.0,0.0,1.0,0.0,1.0,8.0,10.0
22200176,1610612738,BOS,Boston,1630202,Payton Pritchard,Payton,,,15:45,5.0,6.0,0.833,0.0,1.0,0.0,1.0,2.0,0.5,4.0,1.0,5.0,0.0,1.0,0.0,2.0,0.0,11.0,0.0
22200176,1610612738,BOS,Boston,203943,Noah Vonleh,Noah,,,2:24,0.0,0.0,0.0,0.0,0.0,0.0,0.0,0.0,0.0,0.0,0.0,0.0,0.0,0.0,0.0,0.0,0.0,0.0,1.0
22200176,1610612738,BOS,Boston,1631120,JD Davison,JD,,,2:02,0.0,0.0,0.0,0.0,0.0,0.0,0.0,0.0,0.0,0.0,1.0,1.0,1.0,0.0,0.0,0.0,0.0,0.0,1.0
22200176,1610612738,BOS,Boston,201933,Blake Griffin,Blake,,DNP - Coach's Decision,,,,,,,,,,,,,,,,,,,,
22200176,1610612738,BOS,Boston,1628382,Justin Jackson,Justin,,DNP - Coach's Decision,,,,,,,,,,,,,,,,,,,,
22200182,1610612739,CLE,Cleveland,1627747,Caris LeVert,Caris,F,,33:40,4.0,11.0,0.364,2.0,6.0,0.333,1.0,2.0,0.5,1.0,1.0,2.0,0.0,0.0,0.0,0.0,2.0,11.0,-1.0
22200182,1610612739,CLE,Cleveland,1630596,Evan Mobley,Evan,F,,38:45,8.0,15.0,0.533,0.0,0.0,0.0,4.0,5.0,0.8,8.0,5.0,13.0,4.0,0.0,2.0,3.0,3.0,20.0,1.0
22200182,1610612739,CLE,Cleveland,1628386,Jarrett Allen,Jarrett,C,,33:12,6.0,8.0,0.75,0.0,0.0,0.0,1.0,2.0,0.5,1.0,8.0,9.0,1.0,0.0,0.0,2.0,2.0,13.0,0.0
22200182,1610612739,CLE,Cleveland,1628378,Donovan Mitchell,Donovan,G,,37:16,10.0,20.0,0.5,3.0,10.0,0.3,6.0,6.0,1.0,0.0,10.0,10.0,9.0,2.0,1.0,3.0,0.0,29.0,7.0
22200182,1610612739,CLE,Cleveland,1629636,Darius Garland,Darius,G,,35:60,5.0,19.0,0.263,1.0,5.0,0.2,4.0,4.0,1.0,1.0,2.0,3.0,8.0,2.0,0.0,0.0,3.0,15.0,-3.0
22200182,1610612739,CLE,Cleveland,1626224,Cedi Osman,Cedi,,,20:39,0.0,4.0,0.0,0.0,2.0,0.0,0.0,2.0,0.0,0.0,1.0,1.0,1.0,0.0,0.0,0.0,1.0,0.0,-9.0
22200182,1610612739,CLE,Cleveland,1630171,Isaac Okoro,Isaac,,,18:27,1.0,5.0,0.2,0.0,1.0,0.0,2.0,3.0,0.667,1.0,0.0,1.0,0.0,1.0,0.0,1.0,5.0,4.0,-9.0
22200182,1610612739,CLE,Cleveland,201567,Kevin Love,Kevin,,,22:01,3.0,10.0,0.3,2.0,6.0,0.333,1.0,2.0,0.5,2.0,5.0,7.0,2.0,1.0,0.0,1.0,1.0,9.0,-11.0
22200182,1610612739,CLE,Cleveland,201577,Robin Lopez,Robin,,DNP - Coach's Decision,,,,,,,,,,,,,,,,,,,,
22200182,1610612739,CLE,Cleveland,203526,Raul Neto,Raul,,DNP - Coach's Decision,,,,,,,,,,,,,,,,,,,,
22200182,1610612739,CLE,Cleveland,1630205,Lamar Stevens,Lamar,,DNP - Coach's Decision,,,,,,,,,,,,,,,,,,,,
22200182,1610612744,GSW,Golden State,203952,Andrew Wiggins,Andrew,F,,36:38,8.0,13.0,0.615,1.0,4.0,0.25,3.0,3.0,1.0,1.0,5.0,6.0,0.0,2.0,1.0,3.0,4.0,20.0,-3.0
22200182,1610612744,GSW,Golden State,203110,Draymond Green,Draymond,F,,32:24,1.0,5.0,0.2,0.0,0.0,0.0,0.0,0.0,0.0,1.0,8.0,9.0,13.0,1.0,0.0,0.0,5.0,2.0,2.0
22200182,1610612744,GSW,Golden State,1626172,Kevon Looney,Kevon,C,,30:25,3.0,4.0,0.75,0.0,0.0,0.0,1.0,1.0,1.0,1.0,8.0,9.0,3.0,0.0,2.0,2.0,4.0,7.0,5.0
22200182,1610612744,GSW,Golden State,202691,Klay Thompson,Klay,G,,29:27,3.0,13.0,0.231,2.0,7.0,0.286,1.0,2.0,0.5,1.0,4.0,5.0,1.0,1.0,0.0,1.0,2.0,9.0,3.0
22200182,1610612744,GSW,Golden State,201939,Stephen Curry,Stephen,G,,34:00,15.0,23.0,0.652,6.0,11.0,0.545,4.0,6.0,0.667,0.0,4.0,4.0,5.0,1.0,0.0,2.0,4.0,40.0,7.0
22200182,1610612744,GSW,Golden State,1629673,Jordan Poole,Jordan,,,33:31,6.0,13.0,0.462,4.0,8.0,0.5,2.0,2.0,1.0,0.0,4.0,4.0,3.0,0.0,0.0,3.0,2.0,18.0,3.0
22200182,1610612744,GSW,Golden State,1630228,Jonathan Kuminga,Jonathan,,,4:19,0.0,3.0,0.0,0.0,0.0,0.0,0.0,0.0,0.0,2.0,0.0,2.0,0.0,0.0,0.0,2.0,0.0,0.0,-1.0
22200182,1610612744,GSW,Golden State,1628978,Donte DiVincenzo,Donte,,,15:36,0.0,1.0,0.0,0.0,1.0,0.0,0.0,0.0,0.0,0.0,1.0,1.0,3.0,0.0,0.0,1.0,3.0,0.0,3.0
22200182,1610612744,GSW,Golden State,1630237,Anthony Lamb,Anthony,,,23:40,4.0,7.0,0.571,2.0,5.0,0.4,0.0,0.0,0.0,2.0,2.0,4.0,1.0,0.0,0.0,0.0,3.0,10.0,6.0
22200182,1610612744,GSW,Golden State,203210,JaMychal Green,JaMychal,,DNP - Coach's Decision,,,,,,,,,,,,,,,,,,,,
22200182,1610612744,GSW,Golden State,1629660,Ty Jerome,Ty,,DNP - Coach's Decision,,,,,,,,,,,,,,,,,,,,
22200182,1610612744,GSW,Golden State,1630541,Moses Moody,Moses,,DNP - Coach's Decision,,,,,,,,,,,,,,,,,,,,
22200182,1610612744,GSW,Golden State,1630164,James Wiseman,James,,DNP - Coach's Decision,,,,,,,,,,,,,,,,,,,,
22200178,1610612765,DET,Detroit,1630180,Saddiq Bey,Saddiq,F,,27:11,4.0,10.0,0.4,0.0,3.0,0.0,3.0,3.0,1.0,2.0,3.0,5.0,1.0,1.0,0.0,1.0,1.0,11.0,-8.0
22200178,1610612765,DET,Detroit,202711,Bojan Bogdanović,Bojan,F,,34:17,9.0,15.0,0.6,0.0,5.0,0.0,7.0,7.0,1.0,0.0,5.0,5.0,3.0,0.0,0.0,2.0,3.0,25.0,-11.0
22200178,1610612765,DET,Detroit,1630191,Isaiah Stewart,Isaiah,C,,29:29,4.0,7.0,0.571,2.0,4.0,0.5,3.0,4.0,0.75,4.0,4.0,8.0,3.0,0.0,2.0,2.0,4.0,13.0,-5.0
22200178,1610612765,DET,Detroit,1631093,Jaden Ivey,Jaden,G,,25:02,4.0,11.0,0.364,0.0,1.0,0.0,2.0,5.0,0.4,1.0,2.0,3.0,4.0,2.0,0.0,4.0,1.0,10.0,-17.0
22200178,1610612765,DET,Detroit,202709,Cory Joseph,Cory,G,,5:55,0.0,1.0,0.0,0.0,1.0,0.0,0.0,0.0,0.0,0.0,0.0,0.0,1.0,0.0,0.0,0.0,4.0,0.0,-5.0
22200178,1610612765,DET,Detroit,1630165,Killian Hayes,Killian,,,34:12,4.0,12.0,0.333,1.0,6.0,0.167,2.0,2.0,1.0,0.0,6.0,6.0,7.0,3.0,0.0,4.0,3.0,11.0,6.0
22200178,1610612765,DET,Detroit,1628977,Hamidou Diallo,Hamidou,,,15:18,4.0,5.0,0.8,0.0,0.0,0.0,5.0,6.0,0.833,1.0,1.0,2.0,1.0,0.0,1.0,1.0,1.0,13.0,3.0
22200178,1610612765,DET,Detroit,1631105,Jalen Duren,Jalen,,,21:10,0.0,1.0,0.0,0.0,0.0,0.0,1.0,4.0,0.25,2.0,6.0,8.0,0.0,0.0,1.0,1.0,1.0,1.0,-3.0
22200178,1610612765,DET,Detroit,202692,Alec Burks,Alec,,,25:20,5.0,12.0,0.417,1.0,5.0,0.2,6.0,8.0,0.75,0.0,2.0,2.0,1.0,0.0,0.0,0.0,3.0,17.0,0.0
22200178,1610612765,DET,Detroit,1630587,Isaiah Livers,Isaiah,,,22:06,3.0,6.0,0.5,3.0,6.0,0.5,2.0,2.0,1.0,2.0,2.0,4.0,1.0,0.0,2.0,0.0,2.0,11.0,-5.0
22200178,1610612765,DET,Detroit,1628995,Kevin Knox II,Kevin,,DNP - Coach's Decision,,,,,,,,,,,,,,,,,,,,
22200178,1610612765,DET,Detroit,203585,Rodney McGruder,Rodney,,DNP - Coach's Decision,,,,,,,,,,,,,,,,,,,,
22200178,1610612765,DET,Detroit,203457,Nerlens Noel,Nerlens,,DNP - Coach's Decision,,,,,,,,,,,,,,,,,,,,
22200178,1610612752,NYK,New York,1629628,RJ Barrett,RJ,F,,37:31,10.0,17.0,0.588,3.0,8.0,0.375,7.0,8.0,0.875,1.0,4.0,5.0,5.0,0.0,0.0,1.0,3.0,30.0,11.0
22200178,1610612752,NYK,New York,203944,Julius Randle,Julius,F,,32:59,8.0,18.0,0.444,0.0,7.0,0.0,5.0,5.0,1.0,4.0,4.0,8.0,5.0,0.0,0.0,2.0,5.0,21.0,13.0
22200178,1610612752,NYK,New York,1628392,Isaiah Hartenstein,Isaiah,C,,32:31,3.0,5.0,0.6,0.0,0.0,0.0,0.0,0.0,0.0,5.0,7.0,12.0,0.0,0.0,1.0,3.0,5.0,6.0,9.0
22200178,1610612752,NYK,New York,1628973,Jalen Brunson,Jalen,G,,32:41,8.0,16.0,0.5,2.0,5.0,0.4,8.0,8.0,1.0,0.0,1.0,1.0,7.0,4.0,0.0,0.0,3.0,26.0,8.0
22200178,1610612752,NYK,New York,1629629,Cam Reddish,Cam,G,,17:43,2.0,6.0,0.333,0.0,3.0,0.0,0.0,0.0,0.0,0.0,3.0,3.0,1.0,0.0,0.0,0.0,1.0,4.0,7.0
22200178,1610612752,NYK,New York,201565,Derrick Rose,Derrick,,,15:19,2.0,7.0,0.286,0.0,1.0,0.0,4.0,4.0,1.0,0.0,0.0,0.0,2.0,0.0,0.0,1.0,1.0,8.0,1.0
22200178,1610612752,NYK,New York,1630579,Jericho Sims,Jericho,,,8:07,1.0,1.0,1.0,0.0,0.0,0.0,0.0,0.0,0.0,2.0,2.0,4.0,0.0,0.0,1.0,1.0,4.0,2.0,1.0
22200178,1610612752,NYK,New York,1630193,Immanuel Quickley,Immanuel,,,21:15,3.0,6.0,0.5,2.0,3.0,0.667,0.0,0.0,0.0,1.0,4.0,5.0,1.0,2.0,0.0,0.0,4.0,8.0,2.0
22200178,1610612752,NYK,New York,1630167,Obi Toppin,Obi,,,22:23,3.0,9.0,0.333,2.0,7.0,0.286,0.0,0.0,0.0,1.0,4.0,5.0,1.0,1.0,1.0,1.0,2.0,8.0,-5.0
22200178,1610612752,NYK,New York,203095,Evan Fournier,Evan,,,11:48,0.0,5.0,0.0,0.0,3.0,0.0,3.0,4.0,0.75,1.0,1.0,2.0,1.0,0.0,0.0,1.0,0.0,3.0,-2.0
22200178,1610612752,NYK,New York,1629656,Quentin Grimes,Quentin,,,7:43,2.0,4.0,0.5,1.0,3.0,0.333,0.0,0.0,0.0,1.0,1.0,2.0,0.0,0.0,0.0,1.0,3.0,5.0,0.0
22200178,1610612752,NYK,New York,1627853,Ryan Arcidiacono,Ryan,,DNP - Coach's Decision,,,,,,,,,,,,,,,,,,,,
22200178,1610612752,NYK,New York,1630540,Miles McBride,Miles,,DNP - Coach's Decision,,,,,,,,,,,,,,,,,,,,
22200178,1610612752,NYK,New York,1629004,Svi Mykhailiuk,Svi,,DNP - Coach's Decision,,,,,,,,,,,,,,,,,,,,
22200178,1610612752,NYK,New York,1629011,Mitchell Robinson,Mitchell,,DND - Injury/Illness,,,,,,,,,,,,,,,,,,,,
22200183,1610612758,SAC,Sacramento,203084,Harrison Barnes,Harrison,F,,30:34,3.0,7.0,0.429,1.0,3.0,0.333,6.0,6.0,1.0,3.0,5.0,8.0,2.0,1.0,1.0,2.0,1.0,13.0,9.0
22200183,1610612758,SAC,Sacramento,1631099,Keegan Murray,Keegan,F,,25:41,1.0,4.0,0.25,0.0,3.0,0.0,0.0,0.0,0.0,0.0,1.0,1.0,0.0,1.0,1.0,1.0,3.0,2.0,15.0
22200183,1610612758,SAC,Sacramento,1627734,Domantas Sabonis,Domantas,C,,31:33,9.0,15.0,0.6,0.0,0.0,0.0,3.0,3.0,1.0,2.0,8.0,10.0,6.0,1.0,0.0,2.0,5.0,21.0,10.0
22200183,1610612758,SAC,Sacramento,1628989,Kevin Huerter,Kevin,G,,32:27,6.0,13.0,0.462,4.0,9.0,0.444,0.0,1.0,0.0,1.0,5.0,6.0,2.0,3.0,2.0,3.0,1.0,16.0,6.0
22200183,1610612758,SAC,Sacramento,1628368,De'Aaron Fox,De'Aaron,G,,35:33,13.0,19.0,0.684,2.0,5.0,0.4,4.0,5.0,0.8,0.0,7.0,7.0,12.0,2.0,0.0,3.0,2.0,32.0,13.0
22200183,1610612758,SAC,Sacramento,1630558,Davion Mitchell,Davion,,,19:35,2.0,4.0,0.5,2.0,3.0,0.667,0.0,0.0,0.0,0.0,0.0,0.0,0.0,0.0,0.0,0.0,1.0,6.0,-14.0
22200183,1610612758,SAC,Sacramento,1626168,Trey Lyles,Trey,,,14:30,0.0,4.0,0.0,0.0,4.0,0.0,0.0,0.0,0.0,1.0,1.0,2.0,1.0,0.0,0.0,0.0,0.0,0.0,-7.0
22200183,1610612758,SAC,Sacramento,1629002,Chimezie Metu,Chimezie,,,16:27,4.0,8.0,0.5,1.0,3.0,0.333,1.0,2.0,0.5,2.0,3.0,5.0,0.0,1.0,0.0,1.0,1.0,10.0,-4.0
22200183,1610612758,SAC,Sacramento,1628370,Malik Monk,Malik,,,20:58,3.0,7.0,0.429,0.0,2.0,0.0,2.0,2.0,1.0,1.0,0.0,1.0,3.0,0.0,0.0,3.0,2.0,8.0,4.0
22200183,1610612758,SAC,Sacramento,1629056,Terence Davis,Terence,,,12:42,4.0,6.0,0.667,2.0,4.0,0.5,2.0,2.0,1.0,0.0,0.0,0.0,1.0,1.0,0.0,0.0,1.0,12.0,-2.0
22200183,1610612758,SAC,Sacramento,203521,Matthew Dellavedova,Matthew,,DNP - Coach's Decision,,,,,,,,,,,,,,,,,,,,
22200183,1610612758,SAC,Sacramento,1626158,Richaun Holmes,Richaun,,DNP - Coach's Decision,,,,,,,,,,,,,,,,,,,,
22200183,1610612758,SAC,Sacramento,203458,Alex Len,Alex,,DNP - Coach's Decision,,,,,,,,,,,,,,,,,,,,
22200183,1610612758,SAC,Sacramento,1629644,KZ Okpala,KZ,,DNP - Coach's Decision,,,,,,,,,,,,,,,,,,,,
22200183,1610612747,LAL,Los Angeles,1628972,Troy Brown Jr.,Troy,F,,22:55,1.0,6.0,0.167,0.0,2.0,0.0,0.0,0.0,0.0,0.0,3.0,3.0,0.0,2.0,0.0,0.0,2.0,2.0,-14.0
22200183,1610612747,LAL,Los Angeles,1629117,Wenyen Gabriel,Wenyen,F,,19:08,4.0,4.0,1.0,0.0,0.0,0.0,0.0,0.0,0.0,1.0,1.0,2.0,1.0,0.0,2.0,1.0,4.0,8.0,10.0
22200183,1610612747,LAL,Los Angeles,203076,Anthony Davis,Anthony,C,,34:11,8.0,17.0,0.471,0.0,1.0,0.0,8.0,11.0,0.727,6.0,8.0,14.0,3.0,2.0,3.0,2.0,2.0,24.0,-7.0
22200183,1610612747,LAL,Los Angeles,1629022,Lonnie Walker IV,Lonnie,G,,33:12,8.0,14.0,0.571,2.0,4.0,0.5,1.0,2.0,0.5,0.0,1.0,1.0,1.0,2.0,0.0,2.0,1.0,19.0,-14.0
22200183,1610612747,LAL,Los Angeles,201976,Patrick Beverley,Patrick,G,,26:25,2.0,8.0,0.25,1.0,3.0,0.333,0.0,0.0,0.0,1.0,2.0,3.0,3.0,2.0,0.0,0.0,2.0,5.0,-3.0
22200183,1610612747,LAL,Los Angeles,201566,Russell Westbrook,Russell,,,34:03,6.0,17.0,0.353,4.0,7.0,0.571,5.0,6.0,0.833,3.0,1.0,4.0,11.0,0.0,0.0,5.0,5.0,21.0,-13.0
22200183,1610612747,LAL,Los Angeles,1629308,Juan Toscano-Anderson,Juan,,,12:55,2.0,3.0,0.667,1.0,1.0,1.0,0.0,0.0,0.0,1.0,2.0,3.0,1.0,0.0,0.0,1.0,3.0,5.0,1.0
22200183,1610612747,LAL,Los Angeles,1630559,Austin Reaves,Austin,,,33:04,7.0,12.0,0.583,0.0,2.0,0.0,5.0,5.0,1.0,2.0,3.0,5.0,1.0,1.0,0.0,3.0,1.0,19.0,2.0
22200183,1610612747,LAL,Los Angeles,1631108,Max Christie,Max,,,16:43,2.0,5.0,0.4,2.0,5.0,0.4,1.0,2.0,0.5,0.0,4.0,4.0,1.0,1.0,0.0,0.0,1.0,7.0,8.0
22200183,1610612747,LAL,Los Angeles,1627745,Damian Jones,Damian,,,7:24,2.0,2.0,1.0,0.0,0.0,0.0,0.0,0.0,0.0,0.0,2.0,2.0,0.0,1.0,0.0,0.0,1.0,4.0,0.0
22200183,1610612747,LAL,Los Angeles,1629134,Kendrick Nunn,Kendrick,,DNP - Coach's Decision,,,,,,,,,,,,,,,,,,,,
22200183,1610612747,LAL,Los Angeles,1630346,Matt Ryan,Matt,,DNP - Coach's Decision,,,,,,,,,,,,,,,,,,,,
22200177,1610612756,PHX,Phoenix,1628969,Mikal Bridges,Mikal,F,,37:38,3.0,13.0,0.231,2.0,6.0,0.333,0.0,0.0,0.0,1.0,3.0,4.0,6.0,0.0,0.0,1.0,2.0,8.0,-16.0
22200177,1610612756,PHX,Phoenix,1628470,Torrey Craig,Torrey,F,,34:58,3.0,8.0,0.375,1.0,4.0,0.25,2.0,2.0,1.0,2.0,2.0,4.0,1.0,1.0,1.0,1.0,2.0,9.0,-19.0
22200177,1610612756,PHX,Phoenix,1629028,Deandre Ayton,Deandre,C,,26:23,7.0,12.0,0.583,0.0,1.0,0.0,0.0,0.0,0.0,1.0,4.0,5.0,1.0,2.0,1.0,1.0,0.0,14.0,-23.0
22200177,1610612756,PHX,Phoenix,1626164,Devin Booker,Devin,G,,34:28,6.0,19.0,0.316,2.0,8.0,0.25,3.0,3.0,1.0,3.0,5.0,8.0,6.0,1.0,0.0,2.0,2.0,17.0,-27.0
22200177,1610612756,PHX,Phoenix,1626166,Cameron Payne,Cameron,G,,35:00,8.0,15.0,0.533,5.0,10.0,0.5,1.0,1.0,1.0,0.0,3.0,3.0,4.0,1.0,0.0,4.0,3.0,22.0,-17.0
22200177,1610612756,PHX,Phoenix,1627814,Damion Lee,Damion,,,22:28,3.0,6.0,0.5,2.0,5.0,0.4,0.0,0.0,0.0,0.0,2.0,2.0,1.0,1.0,0.0,1.0,1.0,8.0,6.0
22200177,1610612756,PHX,Phoenix,1629111,Jock Landale,Jock,,,13:09,3.0,4.0,0.75,0.0,1.0,0.0,1.0,2.0,0.5,2.0,4.0,6.0,0.0,0.0,0.0,0.0,0.0,7.0,5.0
22200177,1610612756,PHX,Phoenix,1629006,Josh Okogie,Josh,,,7:49,0.0,2.0,0.0,0.0,1.0,0.0,0.0,0.0,0.0,0.0,1.0,1.0,0.0,0.0,1.0,1.0,1.0,0.0,4.0
22200177,1610612756,PHX,Phoenix,203967,Dario Šarić,Dario,,,9:47,0.0,4.0,0.0,0.0,2.0,0.0,0.0,0.0,0.0,1.0,2.0,3.0,1.0,0.0,0.0,0.0,0.0,0.0,8.0
22200177,1610612756,PHX,Phoenix,202687,Bismack Biyombo,Bismack,,,11:01,3.0,6.0,0.5,0.0,0.0,0.0,1.0,1.0,1.0,1.0,1.0,2.0,1.0,1.0,1.0,0.0,2.0,7.0,-4.0
22200177,1610612756,PHX,Phoenix,1630613,Duane Washington Jr.,Duane,,,7:19,2.0,6.0,0.333,1.0,4.0,0.25,0.0,0.0,0.0,0.0,0.0,0.0,1.0,0.0,0.0,0.0,1.0,5.0,-2.0
22200177,1610612756,PHX,Phoenix,101108,Chris Paul,Chris,,DND - Injury/Illness,,,,,,,,,,,,,,,,,,,,
22200177,1610612753,ORL,Orlando,1629643,Chuma Okeke,Chuma,F,,30:22,4.0,10.0,0.4,2.0,6.0,0.333,1.0,1.0,1.0,3.0,2.0,5.0,3.0,1.0,1.0,0.0,1.0,11.0,13.0
22200177,1610612753,ORL,Orlando,1629626,Bol Bol,Bol,F,,30:54,5.0,8.0,0.625,3.0,3.0,1.0,0.0,0.0,0.0,0.0,15.0,15.0,1.0,0.0,0.0,3.0,1.0,13.0,15.0
22200177,1610612753,ORL,Orlando,1628976,Wendell Carter Jr.,Wendell,C,,32:24,7.0,15.0,0.467,2.0,5.0,0.4,4.0,4.0,1.0,3.0,7.0,10.0,5.0,0.0,1.0,3.0,0.0,20.0,10.0
22200177,1610612753,ORL,Orlando,1630532,Franz Wagner,Franz,G,,30:40,7.0,15.0,0.467,0.0,3.0,0.0,3.0,4.0,0.75,1.0,5.0,6.0,3.0,0.0,0.0,2.0,3.0,17.0,5.0
22200177,1610612753,ORL,Orlando,1630591,Jalen Suggs,Jalen,G,,31:37,7.0,12.0,0.583,1.0,4.0,0.25,1.0,1.0,1.0,0.0,3.0,3.0,5.0,0.0,0.0,2.0,3.0,16.0,16.0
22200177,1610612753,ORL,Orlando,203082,Terrence Ross,Terrence,,,24:28,5.0,9.0,0.556,2.0,3.0,0.667,2.0,2.0,1.0,1.0,1.0,2.0,2.0,0.0,0.0,0.0,1.0,14.0,9.0
22200177,1610612753,ORL,Orlando,1628964,Mo Bamba,Mo,,,18:30,3.0,6.0,0.5,1.0,3.0,0.333,2.0,3.0,0.667,1.0,4.0,5.0,2.0,0.0,1.0,1.0,1.0,9.0,7.0
22200177,1610612753,ORL,Orlando,1631216,Caleb Houstan,Caleb,,,19:16,1.0,1.0,1.0,1.0,1.0,1.0,0.0,0.0,0.0,0.0,2.0,2.0,0.0,0.0,0.0,1.0,0.0,3.0,-1.0
22200177,1610612753,ORL,Orlando,1629678,Admiral Schofield,Admiral,,,10:53,1.0,3.0,0.333,1.0,3.0,0.333,0.0,0.0,0.0,0.0,2.0,2.0,0.0,0.0,0.0,0.0,0.0,3.0,0.0
22200177,1610612753,ORL,Orlando,1630181,R.J. Hampton,R.J.,,,10:56,3.0,3.0,1.0,2.0,2.0,1.0,0.0,0.0,0.0,0.0,0.0,0.0,2.0,1.0,1.0,1.0,1.0,8.0,11.0
22200177,1610612753,ORL,Orlando,1630284,Kevon Harris,Kevon,,DNP - Coach's Decision,,,,,,,,,,,,,,,,,,,,
22200179,1610612761,TOR,Toronto,1628384,OG Anunoby,OG,F,,31:21,6.0,15.0,0.4,0.0,2.0,0.0,1.0,1.0,1.0,3.0,3.0,6.0,1.0,2.0,1.0,3.0,1.0,13.0,-24.0
22200179,1610612761,TOR,Toronto,1630567,Scottie Barnes,Scottie,F,,28:38,5.0,13.0,0.385,1.0,3.0,0.333,4.0,6.0,0.667,0.0,3.0,3.0,4.0,1.0,2.0,2.0,1.0,15.0,-4.0
22200179,1610612761,TOR,Toronto,1631132,Christian Koloko,Christian,C,,23:58,1.0,4.0,0.25,0.0,0.0,0.0,0.0,0.0,0.0,3.0,1.0,4.0,1.0,1.0,0.0,1.0,3.0,2.0,0.0
22200179,1610612761,TOR,Toronto,1629018,Gary Trent Jr.,Gary,G,,23:31,4.0,10.0,0.4,0.0,2.0,0.0,4.0,5.0,0.8,1.0,1.0,2.0,1.0,1.0,0.0,0.0,1.0,12.0,-8.0
22200179,1610612761,TOR,Toronto,1627832,Fred VanVleet,Fred,G,,28:35,5.0,12.0,0.417,3.0,7.0,0.429,2.0,5.0,0.4,0.0,2.0,2.0,3.0,2.0,0.0,3.0,3.0,15.0,-22.0
22200179,1610612761,TOR,Toronto,1628449,Chris Boucher,Chris,,,31:09,6.0,9.0,0.667,0.0,2.0,0.0,8.0,10.0,0.8,4.0,8.0,12.0,1.0,2.0,1.0,3.0,1.0,20.0,-7.0
22200179,1610612761,TOR,Toronto,201152,Thaddeus Young,Thaddeus,,,9:15,1.0,1.0,1.0,0.0,0.0,0.0,2.0,2.0,1.0,2.0,0.0,2.0,2.0,0.0,0.0,0.0,1.0,4.0,-10.0
22200179,1610612761,TOR,Toronto,203490,Otto Porter Jr.,Otto,,,17:13,2.0,5.0,0.4,1.0,3.0,0.333,1.0,1.0,1.0,0.0,1.0,1.0,1.0,1.0,0.0,0.0,2.0,6.0,-12.0
22200179,1610612761,TOR,Toronto,1630625,Dalano Banton,Dalano,,,17:20,2.0,8.0,0.25,1.0,4.0,0.25,0.0,0.0,0.0,1.0,0.0,1.0,4.0,1.0,0.0,1.0,0.0,5.0,-1.0
22200179,1610612761,TOR,Toronto,1630201,Malachi Flynn,Malachi,,,11:57,3.0,7.0,0.429,3.0,4.0,0.75,3.0,4.0,0.75,0.0,2.0,2.0,0.0,0.0,0.0,2.0,2.0,12.0,-3.0
22200179,1610612761,TOR,Toronto,1627823,Juancho Hernangomez,Juancho,,,17:03,3.0,4.0,0.75,2.0,3.0,0.667,1.0,2.0,0.5,0.0,4.0,4.0,2.0,2.0,0.0,1.0,1.0,9.0,-4.0
22200179,1610612761,TOR,Toronto,203920,Khem Birch,Khem,,DND - Injury/Illness,,,,,,,,,,,,,,,,,,,,
22200179,1610612760,OKC,Oklahoma City,1629652,Luguentz Dort,Luguentz,F,,22:58,4.0,7.0,0.571,3.0,4.0,0.75,2.0,3.0,0.667,5.0,2.0,7.0,2.0,0.0,0.0,0.0,3.0,13.0,16.0
22200179,1610612760,OKC,Oklahoma City,1630598,Aaron Wiggins,Aaron,F,,33:37,6.0,12.0,0.5,1.0,4.0,0.25,4.0,5.0,0.8,1.0,4.0,5.0,7.0,1.0,1.0,1.0,4.0,17.0,13.0
22200179,1610612760,OKC,Oklahoma City,1630197,Aleksej Pokusevski,Aleksej,C,,22:37,6.0,10.0,0.6,1.0,2.0,0.5,1.0,1.0,1.0,2.0,3.0,5.0,0.0,0.0,4.0,3.0,2.0,14.0,10.0
22200179,1610612760,OKC,Oklahoma City,1630581,Josh Giddey,Josh,G,,22:36,6.0,9.0,0.667,1.0,1.0,1.0,2.0,2.0,1.0,3.0,6.0,9.0,5.0,2.0,0.0,7.0,3.0,15.0,8.0
22200179,1610612760,OKC,Oklahoma City,1628983,Shai Gilgeous-Alexander,Shai,G,,28:03,8.0,14.0,0.571,1.0,2.0,0.5,3.0,4.0,0.75,0.0,3.0,3.0,4.0,3.0,1.0,3.0,2.0,20.0,13.0
22200179,1610612760,OKC,Oklahoma City,1631114,Jalen Williams,Jalen,,,30:29,5.0,10.0,0.5,0.0,5.0,0.0,0.0,0.0,0.0,1.0,2.0,3.0,11.0,1.0,0.0,2.0,5.0,10.0,15.0
22200179,1610612760,OKC,Oklahoma City,1630647,Eugene Omoruyi,Eugene,,,27:00,8.0,10.0,0.8,5.0,6.0,0.833,1.0,2.0,0.5,0.0,3.0,3.0,1.0,1.0,0.0,2.0,5.0,22.0,12.0
22200179,1610612760,OKC,Oklahoma City,1630544,Tre Mann,Tre,,,27:52,5.0,13.0,0.385,3.0,10.0,0.3,0.0,0.0,0.0,1.0,2.0,3.0,1.0,2.0,0.0,1.0,0.0,13.0,9.0
22200179,1610612760,OKC,Oklahoma City,1629026,Kenrich Williams,Kenrich,,,19:23,3.0,6.0,0.5,0.0,1.0,0.0,0.0,0.0,0.0,2.0,4.0,6.0,0.0,0.0,0.0,0.0,1.0,6.0,10.0
22200179,1610612760,OKC,Oklahoma City,1630198,Isaiah Joe,Isaiah,,,5:26,1.0,2.0,0.5,0.0,1.0,0.0,0.0,0.0,0.0,0.0,0.0,0.0,0.0,0.0,0.0,0.0,2.0,2.0,-11.0
22200179,1610612760,OKC,Oklahoma City,203488,Mike Muscala,Mike,,DNP - Coach's Decision,,,,,,,,,,,,,,,,,,,,
22200179,1610612760,OKC,Oklahoma City,1630526,Jeremiah Robinson-Earl,Jeremiah,,DNP - Coach's Decision,,,,,,,,,,,,,,,,,,,,
22200174,1610612766,CHA,Charlotte,1626162,Kelly Oubre Jr.,Kelly,F,,38:44,11.0,20.0,0.55,7.0,13.0,0.538,0.0,0.0,0.0,0.0,7.0,7.0,2.0,2.0,1.0,3.0,5.0,29.0,2.0
22200174,1610612766,CHA,Charlotte,1629023,P.J. Washington,P.J.,F,,34:45,4.0,9.0,0.444,1.0,3.0,0.333,0.0,2.0,0.0,0.0,5.0,5.0,0.0,0.0,0.0,4.0,5.0,9.0,-1.0
22200174,1610612766,CHA,Charlotte,203486,Mason Plumlee,Mason,C,,38:50,4.0,4.0,1.0,0.0,0.0,0.0,5.0,7.0,0.714,2.0,13.0,15.0,5.0,0.0,0.0,3.0,4.0,13.0,4.0
22200174,1610612766,CHA,Charlotte,1626179,Terry Rozier,Terry,G,,43:23,8.0,25.0,0.32,3.0,10.0,0.3,3.0,4.0,0.75,3.0,5.0,8.0,3.0,0.0,0.0,1.0,2.0,22.0,1.0
22200174,1610612766,CHA,Charlotte,1628372,Dennis Smith Jr.,Dennis,G,,33:33,6.0,9.0,0.667,0.0,3.0,0.0,0.0,0.0,0.0,0.0,2.0,2.0,8.0,1.0,0.0,2.0,4.0,12.0,10.0
22200174,1610612766,CHA,Charlotte,1629667,Jalen McDaniels,Jalen,,,34:10,6.0,10.0,0.6,3.0,5.0,0.6,1.0,2.0,0.5,1.0,3.0,4.0,4.0,0.0,0.0,3.0,4.0,16.0,-5.0
22200174,1610612766,CHA,Charlotte,1630547,James Bouknight,James,,,17:10,0.0,5.0,0.0,0.0,4.0,0.0,1.0,2.0,0.5,0.0,3.0,3.0,0.0,0.0,0.0,1.0,2.0,1.0,-12.0
22200174,1610612766,CHA,Charlotte,1630208,Nick Richards,Nick,,,14:10,4.0,4.0,1.0,0.0,0.0,0.0,2.0,3.0,0.667,2.0,2.0,4.0,0.0,1.0,1.0,1.0,4.0,10.0,-9.0
22200174,1610612766,CHA,Charlotte,1630550,JT Thor,JT,,,2:38,0.0,1.0,0.0,0.0,0.0,0.0,0.0,0.0,0.0,0.0,0.0,0.0,0.0,0.0,0.0,1.0,0.0,0.0,-11.0
22200174,1610612766,CHA,Charlotte,1630177,Theo Maledon,Theo,,,7:37,0.0,1.0,0.0,0.0,1.0,0.0,0.0,0.0,0.0,0.0,2.0,2.0,1.0,0.0,0.0,1.0,0.0,0.0,-4.0
22200174,1610612766,CHA,Charlotte,1630539,Kai Jones,Kai,,DNP - Coach's Decision,,,,,,,,,,,,,,,,,,,,
22200174,1610612766,CHA,Charlotte,1631121,Bryce McGowens,Bryce,,NWT - Not With Team,,,,,,,,,,,,,,,,,,,,
22200174,1610612766,CHA,Charlotte,1631109,Mark Williams,Mark,,NWT - Not With Team,,,,,,,,,,,,,,,,,,,,
22200174,1610612748,MIA,Miami,1628997,Caleb Martin,Caleb,F,,30:46,3.0,8.0,0.375,2.0,4.0,0.5,1.0,2.0,0.5,2.0,2.0,4.0,2.0,1.0,0.0,1.0,2.0,9.0,4.0
22200174,1610612748,MIA,Miami,202710,Jimmy Butler III,Jimmy,F,,42:19,11.0,19.0,0.579,0.0,1.0,0.0,13.0,15.0,0.867,3.0,7.0,10.0,8.0,2.0,0.0,2.0,2.0,35.0,11.0
22200174,1610612748,MIA,Miami,1628389,Bam Adebayo,Bam,C,,38:37,6.0,15.0,0.4,0.0,1.0,0.0,6.0,6.0,1.0,2.0,12.0,14.0,4.0,2.0,0.0,5.0,5.0,18.0,9.0
22200174,1610612748,MIA,Miami,1629622,Max Strus,Max,G,,39:42,5.0,15.0,0.333,2.0,11.0,0.182,0.0,0.0,0.0,0.0,1.0,1.0,1.0,2.0,0.0,1.0,3.0,12.0,3.0
22200174,1610612748,MIA,Miami,200768,Kyle Lowry,Kyle,G,,38:50,3.0,6.0,0.5,2.0,5.0,0.4,2.0,2.0,1.0,0.0,3.0,3.0,3.0,0.0,1.0,1.0,1.0,10.0,0.0
22200174,1610612748,MIA,Miami,203473,Dewayne Dedmon,Dewayne,,,14:23,3.0,6.0,0.5,0.0,1.0,0.0,1.0,4.0,0.25,1.0,1.0,2.0,0.0,1.0,0.0,0.0,5.0,7.0,-4.0
22200174,1610612748,MIA,Miami,1629130,Duncan Robinson,Duncan,,,22:34,5.0,10.0,0.5,2.0,6.0,0.333,2.0,3.0,0.667,0.0,0.0,0.0,1.0,0.0,0.0,0.0,3.0,14.0,0.0
22200174,1610612748,MIA,Miami,1629216,Gabe Vincent,Gabe,,,37:49,3.0,11.0,0.273,2.0,7.0,0.286,4.0,4.0,1.0,0.0,4.0,4.0,2.0,1.0,0.0,0.0,4.0,12.0,2.0
22200174,1610612748,MIA,Miami,2617,Udonis Haslem,Udonis,,DNP - Coach's Decision,,,,,,,,,,,,,,,,,,,,
22200174,1610612748,MIA,Miami,1629312,Haywood Highsmith,Haywood,,DNP - Coach's Decision,,,,,,,,,,,,,,,,,,,,
22200174,1610612748,MIA,Miami,1631107,Nikola Jović,Nikola,,DNP - Coach's Decision,,,,,,,,,,,,,,,,,,,,
22200174,1610612748,MIA,Miami,1630696,Dru Smith,Dru,,DNP - Coach's Decision,,,,,,,,,,,,,,,,,,,,
22200175,1610612757,POR,Portland,1628404,Josh Hart,Josh,F,,38:13,7.0,13.0,0.538,1.0,3.0,0.333,2.0,2.0,1.0,1.0,6.0,7.0,2.0,1.0,0.0,1.0,1.0,17.0,10.0
22200175,1610612757,POR,Portland,203924,Jerami Grant,Jerami,F,,41:55,10.0,20.0,0.5,4.0,8.0,0.5,3.0,5.0,0.6,3.0,5.0,8.0,4.0,4.0,1.0,2.0,3.0,27.0,20.0
22200175,1610612757,POR,Portland,1629234,Drew Eubanks,Drew,C,,27:16,3.0,4.0,0.75,0.0,0.0,0.0,0.0,0.0,0.0,1.0,7.0,8.0,3.0,0.0,0.0,0.0,3.0,6.0,18.0
22200175,1610612757,POR,Portland,1626159,Justise Winslow,Justise,G,,38:23,3.0,12.0,0.25,1.0,4.0,0.25,5.0,8.0,0.625,3.0,5.0,8.0,6.0,0.0,1.0,0.0,4.0,12.0,2.0
22200175,1610612757,POR,Portland,1629014,Anfernee Simons,Anfernee,G,,36:52,5.0,18.0,0.278,5.0,13.0,0.385,8.0,8.0,1.0,1.0,2.0,3.0,6.0,0.0,0.0,1.0,0.0,23.0,13.0
22200175,1610612757,POR,Portland,1629642,Nassir Little,Nassir,,,23:39,6.0,11.0,0.545,1.0,3.0,0.333,2.0,3.0,0.667,1.0,3.0,4.0,0.0,0.0,0.0,1.0,1.0,15.0,-1.0
22200175,1610612757,POR,Portland,1630570,Trendon Watford,Trendon,,,25:31,1.0,3.0,0.333,0.0,1.0,0.0,0.0,0.0,0.0,1.0,5.0,6.0,4.0,3.0,0.0,2.0,2.0,2.0,-2.0
22200175,1610612757,POR,Portland,1631133,Jabari Walker,Jabari,,,8:11,2.0,4.0,0.5,0.0,2.0,0.0,0.0,0.0,0.0,0.0,2.0,2.0,0.0,0.0,0.0,1.0,0.0,4.0,-5.0
22200175,1610612757,POR,Portland,1630535,Greg Brown III,Greg,,DNP - Coach's Decision,,,,,,,,,,,,,,,,,,,,
22200175,1610612757,POR,Portland,1631219,John Butler Jr.,John,,DNP - Coach's Decision,,,,,,,,,,,,,,,,,,,,
22200175,1610612757,POR,Portland,1630553,Keon Johnson,Keon,,DND - Injury/Illness,,,,,,,,,,,,,,,,,,,,
22200175,1610612757,POR,Portland,203994,Jusuf Nurkić,Jusuf,,DND - Injury/Illness,,,,,,,,,,,,,,,,,,,,
22200175,1610612740,NOP,New Orleans,1627742,Brandon Ingram,Brandon,F,,31:20,6.0,12.0,0.5,2.0,4.0,0.5,0.0,0.0,0.0,0.0,5.0,5.0,2.0,0.0,0.0,5.0,6.0,14.0,-17.0
22200175,1610612740,NOP,New Orleans,1629627,Zion Williamson,Zion,F,,31:40,9.0,14.0,0.643,1.0,1.0,1.0,10.0,15.0,0.667,1.0,5.0,6.0,3.0,1.0,0.0,3.0,4.0,29.0,-12.0
22200175,1610612740,NOP,New Orleans,202685,Jonas Valančiūnas,Jonas,C,,19:38,2.0,8.0,0.25,1.0,1.0,1.0,2.0,2.0,1.0,2.0,9.0,11.0,1.0,0.0,0.0,0.0,3.0,7.0,-17.0
22200175,1610612740,NOP,New Orleans,1630529,Herbert Jones,Herbert,G,,34:15,3.0,6.0,0.5,0.0,0.0,0.0,4.0,4.0,1.0,1.0,2.0,3.0,2.0,0.0,0.0,1.0,2.0,10.0,-16.0
22200175,1610612740,NOP,New Orleans,203468,CJ McCollum,CJ,G,,37:56,6.0,17.0,0.353,1.0,7.0,0.143,0.0,0.0,0.0,1.0,6.0,7.0,7.0,2.0,2.0,5.0,2.0,13.0,-1.0
22200175,1610612740,NOP,New Orleans,1630530,Trey Murphy III,Trey,,,30:56,5.0,11.0,0.455,3.0,8.0,0.375,3.0,3.0,1.0,1.0,2.0,3.0,1.0,0.0,3.0,0.0,0.0,16.0,-7.0
22200175,1610612740,NOP,New Orleans,1630631,Jose Alvarado,Jose,,,16:55,1.0,5.0,0.2,1.0,4.0,0.25,0.0,0.0,0.0,1.0,2.0,3.0,1.0,0.0,0.0,2.0,2.0,3.0,2.0
22200175,1610612740,NOP,New Orleans,1626204,Larry Nance Jr.,Larry,,,23:10,0.0,2.0,0.0,0.0,0.0,0.0,0.0,0.0,0.0,2.0,4.0,6.0,1.0,0.0,0.0,1.0,2.0,0.0,11.0
22200175,1610612740,NOP,New Orleans,1630230,Naji Marshall,Naji,,,6:12,1.0,3.0,0.333,1.0,2.0,0.5,0.0,0.0,0.0,0.0,1.0,1.0,0.0,0.0,0.0,0.0,0.0,3.0,6.0
22200175,1610612740,NOP,New Orleans,1628984,Devonte' Graham,Devonte',,,7:58,0.0,1.0,0.0,0.0,1.0,0.0,0.0,0.0,0.0,0.0,0.0,0.0,1.0,0.0,0.0,0.0,0.0,0.0,-4.0
22200175,1610612740,NOP,New Orleans,1630700,Dyson Daniels,Dyson,,DNP - Coach's Decision,,,,,,,,,,,,,,,,,,,,
22200175,1610612740,NOP,New Orleans,1629637,Jaxson Hayes,Jaxson,,DNP - Coach's Decision,,,,,,,,,,,,,,,,,,,,
22200175,1610612740,NOP,New Orleans,1626195,Willy Hernangomez,Willy,,DNP - Coach's Decision,,,,,,,,,,,,,,,,,,,,
22200175,1610612740,NOP,New Orleans,202066,Garrett Temple,Garrett,,DNP - Coach's Decision,,,,,,,,,,,,,,,,,,,,
22200172,1610612742,DAL,Dallas,203493,Reggie Bullock Jr.,Reggie,F,,27:12,2.0,4.0,0.5,2.0,4.0,0.5,0.0,0.0,0.0,0.0,5.0,5.0,2.0,1.0,0.0,0.0,1.0,6.0,1.0
22200172,1610612742,DAL,Dallas,1627827,Dorian Finney-Smith,Dorian,F,,29:32,2.0,6.0,0.333,1.0,3.0,0.333,0.0,0.0,0.0,0.0,5.0,5.0,1.0,1.0,0.0,2.0,3.0,5.0,4.0
22200172,1610612742,DAL,Dallas,203939,Dwight Powell,Dwight,C,,26:21,6.0,9.0,0.667,0.0,0.0,0.0,2.0,2.0,1.0,4.0,3.0,7.0,0.0,1.0,0.0,1.0,2.0,14.0,5.0
22200172,1610612742,DAL,Dallas,1629029,Luka Dončić,Luka,G,,39:09,8.0,21.0,0.381,3.0,8.0,0.375,3.0,9.0,0.333,0.0,9.0,9.0,6.0,2.0,0.0,5.0,2.0,22.0,-6.0
22200172,1610612742,DAL,Dallas,203915,Spencer Dinwiddie,Spencer,G,,37:32,11.0,17.0,0.647,7.0,12.0,0.583,4.0,4.0,1.0,0.0,4.0,4.0,6.0,1.0,0.0,1.0,2.0,33.0,3.0
22200172,1610612742,DAL,Dallas,1628467,Maxi Kleber,Maxi,,,20:52,1.0,6.0,0.167,0.0,5.0,0.0,0.0,0.0,0.0,0.0,3.0,3.0,2.0,1.0,0.0,0.0,2.0,2.0,-22.0
22200172,1610612742,DAL,Dallas,203501,Tim Hardaway Jr.,Tim,,,28:05,5.0,12.0,0.417,5.0,11.0,0.455,1.0,2.0,0.5,1.0,1.0,2.0,1.0,0.0,0.0,0.0,0.0,16.0,-7.0
22200172,1610612742,DAL,Dallas,1630182,Josh Green,Josh,,,19:03,1.0,4.0,0.25,0.0,1.0,0.0,2.0,2.0,1.0,1.0,0.0,1.0,0.0,2.0,0.0,1.0,0.0,4.0,-15.0
22200172,1610612742,DAL,Dallas,201580,JaVale McGee,JaVale,,,7:33,1.0,4.0,0.25,0.0,0.0,0.0,1.0,2.0,0.5,1.0,2.0,3.0,0.0,0.0,1.0,2.0,1.0,3.0,-7.0
22200172,1610612742,DAL,Dallas,1628373,Frank Ntilikina,Frank,,,4:08,0.0,3.0,0.0,0.0,3.0,0.0,0.0,0.0,0.0,0.0,2.0,2.0,1.0,0.0,0.0,0.0,0.0,0.0,4.0
22200172,1610612742,DAL,Dallas,1630267,Facundo Campazzo,Facundo,,,0:11,0.0,0.0,0.0,0.0,0.0,0.0,0.0,0.0,0.0,0.0,0.0,0.0,0.0,0.0,0.0,0.0,0.0,0.0,0.0
22200172,1610612742,DAL,Dallas,1630702,Jaden Hardy,Jaden,,,0:11,0.0,0.0,0.0,0.0,0.0,0.0,0.0,0.0,0.0,0.0,0.0,0.0,0.0,0.0,0.0,0.0,0.0,0.0,0.0
22200172,1610612742,DAL,Dallas,1629033,Theo Pinson,Theo,,,0:11,0.0,0.0,0.0,0.0,0.0,0.0,0.0,0.0,0.0,0.0,0.0,0.0,0.0,0.0,0.0,0.0,0.0,0.0,0.0
22200172,1610612742,DAL,Dallas,202722,Dāvis Bertāns,Dāvis,,DND - Injury/Illness,,,,,,,,,,,,,,,,,,,,
22200172,1610612742,DAL,Dallas,1626174,Christian Wood,Christian,,DND - Injury/Illness,,,,,,,,,,,,,,,,,,,,
22200172,1610612764,WAS,Washington,1630166,Deni Avdija,Deni,F,,32:22,4.0,13.0,0.308,1.0,4.0,0.25,3.0,3.0,1.0,2.0,4.0,6.0,4.0,1.0,0.0,3.0,4.0,12.0,-2.0
22200172,1610612764,WAS,Washington,1628398,Kyle Kuzma,Kyle,F,,41:12,14.0,26.0,0.538,5.0,11.0,0.455,3.0,3.0,1.0,2.0,9.0,11.0,6.0,1.0,0.0,4.0,2.0,36.0,-2.0
22200172,1610612764,WAS,Washington,1630264,Anthony Gill,Anthony,C,,15:23,1.0,2.0,0.5,0.0,0.0,0.0,0.0,0.0,0.0,0.0,2.0,2.0,1.0,0.0,0.0,0.0,4.0,2.0,-7.0
22200172,1610612764,WAS,Washington,1630557,Corey Kispert,Corey,G,,23:26,2.0,4.0,0.5,1.0,2.0,0.5,2.0,2.0,1.0,0.0,0.0,0.0,1.0,2.0,0.0,0.0,1.0,7.0,5.0
22200172,1610612764,WAS,Washington,1628420,Monté Morris,Monté,G,,19:22,3.0,6.0,0.5,0.0,1.0,0.0,0.0,0.0,0.0,0.0,1.0,1.0,3.0,0.0,0.0,1.0,2.0,6.0,-4.0
22200172,1610612764,WAS,Washington,1629060,Rui Hachimura,Rui,,,25:50,9.0,14.0,0.643,2.0,4.0,0.5,3.0,3.0,1.0,0.0,8.0,8.0,0.0,0.0,0.0,4.0,2.0,23.0,20.0
22200172,1610612764,WAS,Washington,1630692,Jordan Goodwin,Jordan,,,28:44,1.0,4.0,0.25,0.0,1.0,0.0,0.0,0.0,0.0,1.0,6.0,7.0,6.0,1.0,0.0,2.0,2.0,2.0,12.0
22200172,1610612764,WAS,Washington,203115,Will Barton,Will,,,28:56,4.0,12.0,0.333,3.0,7.0,0.429,3.0,3.0,1.0,1.0,6.0,7.0,4.0,0.0,1.0,2.0,1.0,14.0,7.0
22200172,1610612764,WAS,Washington,1629655,Daniel Gafford,Daniel,,,24:45,3.0,3.0,1.0,0.0,0.0,0.0,5.0,6.0,0.833,2.0,8.0,10.0,0.0,0.0,4.0,1.0,3.0,11.0,11.0
22200172,1610612764,WAS,Washington,1630176,Vernon Carey Jr.,Vernon,,DNP - Coach's Decision,,,,,,,,,,,,,,,,,,,,
22200172,1610612764,WAS,Washington,1631098,Johnny Davis,Johnny,,DNP - Coach's Decision,,,,,,,,,,,,,,,,,,,,
22200172,1610612764,WAS,Washington,201959,Taj Gibson,Taj,,DND - Injury/Illness,,,,,,,,,,,,,,,,,,,,
22200171,1610612739,CLE,Cleveland,1627747,Caris LeVert,Caris,F,,38:21,9.0,18.0,0.5,1.0,3.0,0.333,2.0,2.0,1.0,4.0,6.0,10.0,6.0,2.0,0.0,5.0,3.0,21.0,-10.0
22200171,1610612739,CLE,Cleveland,1630596,Evan Mobley,Evan,F,,35:45,7.0,10.0,0.7,0.0,0.0,0.0,2.0,3.0,0.667,1.0,5.0,6.0,0.0,1.0,0.0,2.0,3.0,16.0,-1.0
22200171,1610612739,CLE,Cleveland,1628386,Jarrett Allen,Jarrett,C,,32:50,7.0,11.0,0.636,0.0,0.0,0.0,6.0,7.0,0.857,2.0,5.0,7.0,1.0,0.0,1.0,1.0,4.0,20.0,-13.0
22200171,1610612739,CLE,Cleveland,1628378,Donovan Mitchell,Donovan,G,,38:59,16.0,28.0,0.571,6.0,14.0,0.429,0.0,0.0,0.0,3.0,2.0,5.0,4.0,1.0,0.0,3.0,3.0,38.0,-8.0
22200171,1610612739,CLE,Cleveland,1629636,Darius Garland,Darius,G,,33:34,1.0,9.0,0.111,1.0,4.0,0.25,3.0,4.0,0.75,0.0,0.0,0.0,8.0,0.0,0.0,4.0,3.0,6.0,-6.0
22200171,1610612739,CLE,Cleveland,1626224,Cedi Osman,Cedi,,,15:14,3.0,4.0,0.75,1.0,1.0,1.0,0.0,0.0,0.0,0.0,3.0,3.0,2.0,0.0,0.0,1.0,1.0,7.0,1.0
22200171,1610612739,CLE,Cleveland,201577,Robin Lopez,Robin,,,3:21,0.0,0.0,0.0,0.0,0.0,0.0,0.0,0.0,0.0,1.0,0.0,1.0,1.0,0.0,0.0,0.0,1.0,0.0,-3.0
22200171,1610612739,CLE,Cleveland,201567,Kevin Love,Kevin,,,21:09,2.0,5.0,0.4,1.0,3.0,0.333,4.0,4.0,1.0,1.0,7.0,8.0,2.0,0.0,0.0,2.0,2.0,9.0,2.0
22200171,1610612739,CLE,Cleveland,1630171,Isaac Okoro,Isaac,,,6:23,0.0,0.0,0.0,0.0,0.0,0.0,0.0,0.0,0.0,0.0,0.0,0.0,0.0,0.0,0.0,0.0,0.0,0.0,-5.0
22200171,1610612739,CLE,Cleveland,1629731,Dean Wade,Dean,,,14:24,1.0,1.0,1.0,1.0,1.0,1.0,0.0,0.0,0.0,0.0,2.0,2.0,0.0,0.0,0.0,0.0,3.0,3.0,8.0
22200171,1610612739,CLE,Cleveland,203526,Raul Neto,Raul,,DNP - Coach's Decision,,,,,,,,,,,,,,,,,,,,
22200171,1610612739,CLE,Cleveland,1630205,Lamar Stevens,Lamar,,DNP - Coach's Decision,,,,,,,,,,,,,,,,,,,,
22200171,1610612758,SAC,Sacramento,203084,Harrison Barnes,Harrison,F,,35:18,6.0,8.0,0.75,2.0,4.0,0.5,6.0,8.0,0.75,1.0,8.0,9.0,3.0,2.0,0.0,0.0,3.0,20.0,10.0
22200171,1610612758,SAC,Sacramento,1631099,Keegan Murray,Keegan,F,,32:56,5.0,10.0,0.5,4.0,7.0,0.571,0.0,0.0,0.0,0.0,3.0,3.0,1.0,2.0,1.0,1.0,4.0,14.0,-7.0
22200171,1610612758,SAC,Sacramento,1627734,Domantas Sabonis,Domantas,C,,35:09,5.0,8.0,0.625,0.0,1.0,0.0,11.0,12.0,0.917,1.0,4.0,5.0,6.0,3.0,0.0,1.0,3.0,21.0,15.0
22200171,1610612758,SAC,Sacramento,1628989,Kevin Huerter,Kevin,G,,29:50,3.0,7.0,0.429,2.0,5.0,0.4,6.0,7.0,0.857,0.0,0.0,0.0,2.0,2.0,1.0,1.0,3.0,14.0,12.0
22200171,1610612758,SAC,Sacramento,1628368,De'Aaron Fox,De'Aaron,G,,28:31,6.0,14.0,0.429,1.0,4.0,0.25,2.0,2.0,1.0,0.0,2.0,2.0,8.0,3.0,0.0,0.0,1.0,15.0,9.0
22200171,1610612758,SAC,Sacramento,1630558,Davion Mitchell,Davion,,,19:42,3.0,6.0,0.5,1.0,4.0,0.25,0.0,0.0,0.0,0.0,1.0,1.0,3.0,0.0,0.0,1.0,1.0,7.0,-2.0
22200171,1610612758,SAC,Sacramento,1626168,Trey Lyles,Trey,,,18:34,5.0,9.0,0.556,4.0,7.0,0.571,2.0,2.0,1.0,0.0,1.0,1.0,1.0,0.0,1.0,3.0,2.0,16.0,1.0
22200171,1610612758,SAC,Sacramento,1628370,Malik Monk,Malik,,,27:22,4.0,9.0,0.444,3.0,5.0,0.6,3.0,4.0,0.75,0.0,2.0,2.0,5.0,0.0,1.0,1.0,3.0,14.0,5.0
22200171,1610612758,SAC,Sacramento,1629002,Chimezie Metu,Chimezie,,,12:38,3.0,5.0,0.6,0.0,2.0,0.0,0.0,0.0,0.0,0.0,1.0,1.0,1.0,0.0,0.0,1.0,0.0,6.0,-8.0
22200171,1610612758,SAC,Sacramento,1629056,Terence Davis,Terence,,DNP - Coach's Decision,,,,,,,,,,,,,,,,,,,,
22200171,1610612758,SAC,Sacramento,203521,Matthew Dellavedova,Matthew,,DNP - Coach's Decision,,,,,,,,,,,,,,,,,,,,
22200171,1610612758,SAC,Sacramento,1626158,Richaun Holmes,Richaun,,DNP - Coach's Decision,,,,,,,,,,,,,,,,,,,,
22200171,1610612758,SAC,Sacramento,203458,Alex Len,Alex,,DNP - Coach's Decision,,,,,,,,,,,,,,,,,,,,
22200171,1610612758,SAC,Sacramento,1631320,Chima Moneke,Chima,,DNP - Coach's Decision,,,,,,,,,,,,,,,,,,,,
22200171,1610612758,SAC,Sacramento,1629644,KZ Okpala,KZ,,DNP - Coach's Decision,,,,,,,,,,,,,,,,,,,,
22200165,1610612745,HOU,Houston,201569,Eric Gordon,Eric,F,,28:35,3.0,10.0,0.3,1.0,6.0,0.167,3.0,3.0,1.0,0.0,3.0,3.0,2.0,1.0,0.0,1.0,1.0,10.0,-14.0
22200165,1610612745,HOU,Houston,1631095,Jabari Smith Jr.,Jabari,F,,30:44,4.0,11.0,0.364,2.0,8.0,0.25,5.0,6.0,0.833,2.0,8.0,10.0,0.0,0.0,0.0,1.0,4.0,15.0,-19.0
22200165,1610612745,HOU,Houston,1630578,Alperen Sengun,Alperen,C,,30:20,5.0,8.0,0.625,0.0,0.0,0.0,7.0,7.0,1.0,3.0,5.0,8.0,1.0,1.0,3.0,3.0,2.0,17.0,-13.0
22200165,1610612745,HOU,Houston,1629645,Kevin Porter Jr.,Kevin,G,,40:27,4.0,11.0,0.364,1.0,6.0,0.167,3.0,4.0,0.75,0.0,2.0,2.0,11.0,0.0,0.0,4.0,2.0,12.0,-8.0
22200165,1610612745,HOU,Houston,1630224,Jalen Green,Jalen,G,,40:27,8.0,14.0,0.571,2.0,6.0,0.333,3.0,4.0,0.75,1.0,5.0,6.0,6.0,0.0,0.0,4.0,1.0,21.0,-8.0
22200165,1610612745,HOU,Houston,1630231,KJ Martin,KJ,,,22:34,5.0,6.0,0.833,2.0,3.0,0.667,1.0,2.0,0.5,2.0,4.0,6.0,0.0,0.0,2.0,0.0,3.0,13.0,18.0
22200165,1610612745,HOU,Houston,1631106,Tari Eason,Tari,,,21:25,5.0,15.0,0.333,0.0,2.0,0.0,4.0,5.0,0.8,4.0,2.0,6.0,5.0,5.0,0.0,2.0,2.0,14.0,9.0
22200165,1610612745,HOU,Houston,1630586,Usman Garuba,Usman,,,14:04,2.0,5.0,0.4,0.0,0.0,0.0,0.0,0.0,0.0,4.0,4.0,8.0,3.0,0.0,2.0,0.0,1.0,4.0,7.0
22200165,1610612745,HOU,Houston,1630227,Daishen Nix,Daishen,,,7:33,1.0,1.0,1.0,1.0,1.0,1.0,0.0,0.0,0.0,0.0,0.0,0.0,1.0,2.0,0.0,1.0,2.0,3.0,1.0
22200165,1610612745,HOU,Houston,1629726,Garrison Mathews,Garrison,,,3:51,0.0,3.0,0.0,0.0,3.0,0.0,0.0,0.0,0.0,0.0,0.0,0.0,0.0,0.0,0.0,0.0,0.0,0.0,-8.0
22200165,1610612745,HOU,Houston,1630528,Josh Christopher,Josh,,DNP - Coach's Decision,,,,,,,,,,,,,,,,,,,,
22200165,1610612745,HOU,Houston,1626246,Boban Marjanović,Boban,,DNP - Coach's Decision,,,,,,,,,,,,,,,,,,,,
22200165,1610612745,HOU,Houston,1631102,TyTy Washington Jr.,TyTy,,DNP - Coach's Decision,,,,,,,,,,,,,,,,,,,,
22200165,1610612761,TOR,Toronto,1628384,OG Anunoby,OG,F,,38:41,10.0,20.0,0.5,4.0,9.0,0.444,3.0,4.0,0.75,1.0,9.0,10.0,1.0,3.0,1.0,1.0,3.0,27.0,18.0
22200165,1610612761,TOR,Toronto,1630567,Scottie Barnes,Scottie,F,,34:06,6.0,16.0,0.375,1.0,4.0,0.25,0.0,0.0,0.0,7.0,1.0,8.0,5.0,0.0,2.0,1.0,1.0,13.0,6.0
22200165,1610612761,TOR,Toronto,1631132,Christian Koloko,Christian,C,,14:24,1.0,4.0,0.25,0.0,0.0,0.0,3.0,3.0,1.0,1.0,0.0,1.0,0.0,0.0,1.0,0.0,5.0,5.0,2.0
22200165,1610612761,TOR,Toronto,1629018,Gary Trent Jr.,Gary,G,,29:39,4.0,8.0,0.5,1.0,4.0,0.25,2.0,2.0,1.0,0.0,1.0,1.0,4.0,1.0,0.0,2.0,4.0,11.0,2.0
22200165,1610612761,TOR,Toronto,1627832,Fred VanVleet,Fred,G,,35:07,12.0,26.0,0.462,7.0,16.0,0.438,1.0,1.0,1.0,0.0,3.0,3.0,4.0,4.0,1.0,1.0,3.0,32.0,-1.0
22200165,1610612761,TOR,Toronto,1630173,Precious Achiuwa,Precious,,,12:29,2.0,8.0,0.25,0.0,2.0,0.0,0.0,0.0,0.0,4.0,2.0,6.0,1.0,0.0,1.0,2.0,2.0,4.0,-11.0
22200165,1610612761,TOR,Toronto,1628449,Chris Boucher,Chris,,,13:23,0.0,2.0,0.0,0.0,1.0,0.0,2.0,2.0,1.0,1.0,3.0,4.0,0.0,1.0,1.0,0.0,3.0,2.0,-10.0
22200165,1610612761,TOR,Toronto,203490,Otto Porter Jr.,Otto,,,23:28,5.0,8.0,0.625,2.0,5.0,0.4,2.0,2.0,1.0,3.0,3.0,6.0,0.0,1.0,0.0,2.0,1.0,14.0,3.0
22200165,1610612761,TOR,Toronto,1630625,Dalano Banton,Dalano,,,11:59,2.0,7.0,0.286,0.0,3.0,0.0,4.0,6.0,0.667,2.0,1.0,3.0,2.0,1.0,1.0,3.0,4.0,8.0,5.0
22200165,1610612761,TOR,Toronto,201152,Thaddeus Young,Thaddeus,,,26:44,0.0,3.0,0.0,0.0,0.0,0.0,0.0,0.0,0.0,3.0,5.0,8.0,2.0,1.0,1.0,1.0,0.0,0.0,21.0
22200165,1610612761,TOR,Toronto,1630288,Jeff Dowtin Jr.,Jeff,,DNP - Coach's Decision,,,,,,,,,,,,,,,,,,,,
22200165,1610612761,TOR,Toronto,1630201,Malachi Flynn,Malachi,,DNP - Coach's Decision,,,,,,,,,,,,,,,,,,,,
22200165,1610612761,TOR,Toronto,1631199,Ron Harper Jr.,Ron,,DNP - Coach's Decision,,,,,,,,,,,,,,,,,,,,
22200165,1610612761,TOR,Toronto,1627823,Juancho Hernangomez,Juancho,,DNP - Coach's Decision,,,,,,,,,,,,,,,,,,,,
22200159,1610612757,POR,Portland,1628404,Josh Hart,Josh,F,,35:15,2.0,9.0,0.222,0.0,3.0,0.0,1.0,3.0,0.333,0.0,11.0,11.0,2.0,1.0,0.0,0.0,3.0,5.0,3.0
22200159,1610612757,POR,Portland,1626159,Justise Winslow,Justise,F,,26:14,3.0,6.0,0.5,0.0,2.0,0.0,0.0,0.0,0.0,1.0,1.0,2.0,2.0,0.0,0.0,3.0,3.0,6.0,-12.0
22200159,1610612757,POR,Portland,1629234,Drew Eubanks,Drew,C,,22:18,6.0,7.0,0.857,0.0,0.0,0.0,2.0,4.0,0.5,3.0,5.0,8.0,2.0,0.0,3.0,3.0,2.0,14.0,-6.0
22200159,1610612757,POR,Portland,1629014,Anfernee Simons,Anfernee,G,,33:09,7.0,18.0,0.389,2.0,9.0,0.222,3.0,6.0,0.5,0.0,3.0,3.0,6.0,2.0,0.0,0.0,1.0,19.0,-7.0
22200159,1610612757,POR,Portland,203081,Damian Lillard,Damian,G,,36:05,8.0,16.0,0.5,6.0,12.0,0.5,4.0,8.0,0.5,1.0,5.0,6.0,7.0,0.0,0.0,6.0,2.0,26.0,1.0
22200159,1610612757,POR,Portland,1631101,Shaedon Sharpe,Shaedon,,,28:33,7.0,10.0,0.7,1.0,4.0,0.25,2.0,2.0,1.0,1.0,3.0,4.0,0.0,0.0,0.0,0.0,1.0,17.0,30.0
22200159,1610612757,POR,Portland,1630570,Trendon Watford,Trendon,,,25:42,3.0,4.0,0.75,0.0,1.0,0.0,2.0,2.0,1.0,0.0,2.0,2.0,6.0,2.0,0.0,4.0,4.0,8.0,16.0
22200159,1610612757,POR,Portland,1629642,Nassir Little,Nassir,,,15:11,2.0,2.0,1.0,1.0,1.0,1.0,0.0,0.0,0.0,1.0,5.0,6.0,1.0,0.0,1.0,0.0,0.0,5.0,3.0
22200159,1610612757,POR,Portland,1631133,Jabari Walker,Jabari,,,17:34,2.0,3.0,0.667,1.0,2.0,0.5,0.0,0.0,0.0,1.0,2.0,3.0,2.0,0.0,0.0,1.0,3.0,5.0,22.0
22200159,1610612757,POR,Portland,1630535,Greg Brown III,Greg,,DNP - Coach's Decision,,,,,,,,,,,,,,,,,,,,
22200159,1610612757,POR,Portland,1631219,John Butler Jr.,John,,DNP - Coach's Decision,,,,,,,,,,,,,,,,,,,,
22200159,1610612757,POR,Portland,203994,Jusuf Nurkić,Jusuf,,DND - Injury/Illness,,,,,,,,,,,,,,,,,,,,
22200159,1610612766,CHA,Charlotte,1626162,Kelly Oubre Jr.,Kelly,F,,35:53,5.0,19.0,0.263,1.0,11.0,0.091,5.0,7.0,0.714,4.0,4.0,8.0,3.0,1.0,0.0,1.0,2.0,16.0,-4.0
22200159,1610612766,CHA,Charlotte,1629023,P.J. Washington,P.J.,F,,32:38,3.0,12.0,0.25,1.0,6.0,0.167,3.0,4.0,0.75,4.0,3.0,7.0,4.0,2.0,0.0,2.0,3.0,10.0,9.0
22200159,1610612766,CHA,Charlotte,203486,Mason Plumlee,Mason,C,,32:12,7.0,10.0,0.7,0.0,0.0,0.0,2.0,5.0,0.4,5.0,7.0,12.0,4.0,0.0,1.0,1.0,2.0,16.0,-1.0
22200159,1610612766,CHA,Charlotte,1626179,Terry Rozier,Terry,G,,34:42,6.0,20.0,0.3,5.0,13.0,0.385,1.0,1.0,1.0,2.0,3.0,5.0,5.0,0.0,0.0,2.0,3.0,18.0,9.0
22200159,1610612766,CHA,Charlotte,1628372,Dennis Smith Jr.,Dennis,G,,32:47,6.0,12.0,0.5,1.0,2.0,0.5,0.0,0.0,0.0,1.0,1.0,2.0,4.0,4.0,0.0,1.0,5.0,13.0,1.0
22200159,1610612766,CHA,Charlotte,1629667,Jalen McDaniels,Jalen,,,20:27,3.0,7.0,0.429,1.0,3.0,0.333,0.0,0.0,0.0,2.0,1.0,3.0,1.0,1.0,0.0,0.0,2.0,7.0,-16.0
22200159,1610612766,CHA,Charlotte,1630208,Nick Richards,Nick,,,14:45,2.0,3.0,0.667,0.0,0.0,0.0,2.0,3.0,0.667,1.0,1.0,2.0,0.0,0.0,1.0,1.0,1.0,6.0,-9.0
22200159,1610612766,CHA,Charlotte,1630547,James Bouknight,James,,,17:05,2.0,5.0,0.4,1.0,3.0,0.333,2.0,2.0,1.0,0.0,0.0,0.0,0.0,2.0,0.0,1.0,2.0,7.0,-11.0
22200159,1610612766,CHA,Charlotte,1630550,JT Thor,JT,,,8:05,0.0,1.0,0.0,0.0,1.0,0.0,2.0,2.0,1.0,1.0,0.0,1.0,0.0,0.0,0.0,1.0,0.0,2.0,-9.0
22200159,1610612766,CHA,Charlotte,1630177,Theo Maledon,Theo,,,11:25,0.0,2.0,0.0,0.0,1.0,0.0,0.0,0.0,0.0,0.0,2.0,2.0,0.0,0.0,1.0,1.0,2.0,0.0,-19.0
22200159,1610612766,CHA,Charlotte,1630539,Kai Jones,Kai,,DNP - Coach's Decision,,,,,,,,,,,,,,,,,,,,
22200159,1610612766,CHA,Charlotte,1631121,Bryce McGowens,Bryce,,DNP - Coach's Decision,,,,,,,,,,,,,,,,,,,,
22200159,1610612766,CHA,Charlotte,1631109,Mark Williams,Mark,,DNP - Coach's Decision,,,,,,,,,,,,,,,,,,,,
22200161,1610612742,DAL,Dallas,203493,Reggie Bullock Jr.,Reggie,F,,25:49,0.0,3.0,0.0,0.0,2.0,0.0,0.0,0.0,0.0,0.0,3.0,3.0,0.0,0.0,0.0,0.0,4.0,0.0,-4.0
22200161,1610612742,DAL,Dallas,1627827,Dorian Finney-Smith,Dorian,F,,30:43,3.0,6.0,0.5,2.0,5.0,0.4,0.0,0.0,0.0,0.0,1.0,1.0,1.0,1.0,1.0,1.0,0.0,8.0,-4.0
22200161,1610612742,DAL,Dallas,203939,Dwight Powell,Dwight,C,,18:50,1.0,2.0,0.5,0.0,0.0,0.0,0.0,0.0,0.0,0.0,4.0,4.0,0.0,3.0,0.0,1.0,4.0,2.0,-10.0
22200161,1610612742,DAL,Dallas,203915,Spencer Dinwiddie,Spencer,G,,37:30,9.0,19.0,0.474,4.0,10.0,0.4,7.0,8.0,0.875,0.0,4.0,4.0,5.0,2.0,1.0,1.0,2.0,29.0,-5.0
22200161,1610612742,DAL,Dallas,1629029,Luka Dončić,Luka,G,,35:25,9.0,29.0,0.31,2.0,11.0,0.182,4.0,7.0,0.571,0.0,6.0,6.0,6.0,3.0,2.0,0.0,3.0,24.0,-3.0
22200161,1610612742,DAL,Dallas,1628467,Maxi Kleber,Maxi,,,33:22,3.0,6.0,0.5,2.0,5.0,0.4,0.0,0.0,0.0,1.0,2.0,3.0,0.0,1.0,0.0,0.0,2.0,8.0,-1.0
22200161,1610612742,DAL,Dallas,203501,Tim Hardaway Jr.,Tim,,,22:11,2.0,10.0,0.2,1.0,7.0,0.143,0.0,0.0,0.0,0.0,2.0,2.0,2.0,2.0,0.0,0.0,0.0,5.0,-3.0
22200161,1610612742,DAL,Dallas,1630182,Josh Green,Josh,,,25:11,3.0,6.0,0.5,0.0,2.0,0.0,0.0,2.0,0.0,0.0,0.0,0.0,3.0,2.0,0.0,0.0,2.0,6.0,-9.0
22200161,1610612742,DAL,Dallas,201580,JaVale McGee,JaVale,,,10:59,2.0,4.0,0.5,0.0,0.0,0.0,1.0,2.0,0.5,3.0,3.0,6.0,0.0,0.0,0.0,1.0,2.0,5.0,4.0
22200161,1610612742,DAL,Dallas,1630267,Facundo Campazzo,Facundo,,DNP - Coach's Decision,,,,,,,,,,,,,,,,,,,,
22200161,1610612742,DAL,Dallas,1630702,Jaden Hardy,Jaden,,DNP - Coach's Decision,,,,,,,,,,,,,,,,,,,,
22200161,1610612742,DAL,Dallas,1628373,Frank Ntilikina,Frank,,DNP - Coach's Decision,,,,,,,,,,,,,,,,,,,,
22200161,1610612742,DAL,Dallas,1629033,Theo Pinson,Theo,,DNP - Coach's Decision,,,,,,,,,,,,,,,,,,,,
22200161,1610612753,ORL,Orlando,1629643,Chuma Okeke,Chuma,F,,31:34,2.0,5.0,0.4,1.0,2.0,0.5,3.0,6.0,0.5,1.0,6.0,7.0,2.0,0.0,1.0,3.0,4.0,8.0,4.0
22200161,1610612753,ORL,Orlando,1629626,Bol Bol,Bol,F,,25:13,4.0,6.0,0.667,2.0,2.0,1.0,1.0,2.0,0.5,0.0,7.0,7.0,0.0,0.0,1.0,2.0,1.0,11.0,-3.0
22200161,1610612753,ORL,Orlando,1628976,Wendell Carter Jr.,Wendell,C,,34:16,5.0,9.0,0.556,1.0,2.0,0.5,2.0,2.0,1.0,0.0,12.0,12.0,3.0,0.0,1.0,5.0,2.0,13.0,10.0
22200161,1610612753,ORL,Orlando,1630532,Franz Wagner,Franz,G,,33:07,9.0,17.0,0.529,0.0,3.0,0.0,4.0,4.0,1.0,0.0,3.0,3.0,6.0,0.0,0.0,3.0,2.0,22.0,13.0
22200161,1610612753,ORL,Orlando,1630591,Jalen Suggs,Jalen,G,,25:38,4.0,12.0,0.333,2.0,4.0,0.5,2.0,2.0,1.0,1.0,6.0,7.0,4.0,1.0,1.0,1.0,3.0,12.0,5.0
22200161,1610612753,ORL,Orlando,203082,Terrence Ross,Terrence,,,30:14,3.0,9.0,0.333,0.0,2.0,0.0,0.0,1.0,0.0,0.0,4.0,4.0,1.0,0.0,0.0,2.0,4.0,6.0,8.0
22200161,1610612753,ORL,Orlando,1628964,Mo Bamba,Mo,,,24:27,5.0,8.0,0.625,1.0,3.0,0.333,1.0,2.0,0.5,1.0,5.0,6.0,1.0,0.0,1.0,0.0,2.0,12.0,-7.0
22200161,1610612753,ORL,Orlando,1630181,R.J. Hampton,R.J.,,,8:33,1.0,2.0,0.5,0.0,1.0,0.0,0.0,0.0,0.0,0.0,0.0,0.0,2.0,0.0,1.0,2.0,0.0,2.0,-7.0
22200161,1610612753,ORL,Orlando,1631216,Caleb Houstan,Caleb,,,26:25,3.0,5.0,0.6,1.0,2.0,0.5,1.0,2.0,0.5,1.0,1.0,2.0,1.0,0.0,0.0,0.0,1.0,8.0,10.0
22200161,1610612753,ORL,Orlando,1629678,Admiral Schofield,Admiral,,,0:33,0.0,0.0,0.0,0.0,0.0,0.0,0.0,0.0,0.0,0.0,1.0,1.0,0.0,0.0,0.0,0.0,1.0,0.0,2.0
22200161,1610612753,ORL,Orlando,1631094,Paolo Banchero,Paolo,,DND - Injury/Illness,,,,,,,,,,,,,,,,,,,,
22200169,1610612763,MEM,Memphis,1628415,Dillon Brooks,Dillon,F,,36:22,5.0,13.0,0.385,3.0,5.0,0.6,0.0,0.0,0.0,1.0,4.0,5.0,3.0,0.0,0.0,3.0,5.0,13.0,11.0
22200169,1610612763,MEM,Memphis,1630583,Santi Aldama,Santi,F,,22:59,3.0,5.0,0.6,1.0,2.0,0.5,0.0,0.0,0.0,4.0,3.0,7.0,1.0,1.0,1.0,0.0,2.0,7.0,7.0
22200169,1610612763,MEM,Memphis,203500,Steven Adams,Steven,C,,37:27,3.0,4.0,0.75,0.0,0.0,0.0,1.0,2.0,0.5,10.0,9.0,19.0,2.0,1.0,1.0,6.0,3.0,7.0,5.0
22200169,1610612763,MEM,Memphis,1630217,Desmond Bane,Desmond,G,,39:25,12.0,23.0,0.522,5.0,10.0,0.5,3.0,3.0,1.0,1.0,5.0,6.0,6.0,0.0,0.0,2.0,2.0,32.0,6.0
22200169,1610612763,MEM,Memphis,1629630,Ja Morant,Ja,G,,39:33,14.0,25.0,0.56,2.0,5.0,0.4,2.0,3.0,0.667,0.0,5.0,5.0,5.0,1.0,0.0,3.0,1.0,32.0,11.0
22200169,1610612763,MEM,Memphis,1631222,Jake LaRavia,Jake,,,16:44,3.0,4.0,0.75,0.0,1.0,0.0,0.0,0.0,0.0,0.0,0.0,0.0,0.0,1.0,0.0,1.0,3.0,6.0,-12.0
22200169,1610612763,MEM,Memphis,1629723,John Konchar,John,,,28:20,2.0,6.0,0.333,0.0,2.0,0.0,0.0,0.0,0.0,1.0,4.0,5.0,2.0,0.0,0.0,0.0,1.0,4.0,-4.0
22200169,1610612763,MEM,Memphis,1626145,Tyus Jones,Tyus,,,19:38,4.0,10.0,0.4,3.0,5.0,0.6,0.0,0.0,0.0,0.0,1.0,1.0,3.0,0.0,0.0,1.0,0.0,11.0,-10.0
22200169,1610612763,MEM,Memphis,1629634,Brandon Clarke,Brandon,,,15:29,1.0,2.0,0.5,0.0,0.0,0.0,4.0,5.0,0.8,1.0,3.0,4.0,2.0,0.0,0.0,3.0,4.0,6.0,-4.0
22200169,1610612763,MEM,Memphis,1631223,David Roddy,David,,,9:03,3.0,6.0,0.5,0.0,2.0,0.0,0.0,0.0,0.0,0.0,1.0,1.0,0.0,0.0,0.0,0.0,1.0,6.0,0.0
22200169,1610612763,MEM,Memphis,1631113,Kennedy Chandler,Kennedy,,DNP - Coach's Decision,,,,,,,,,,,,,,,,,,,,
22200169,1610612763,MEM,Memphis,1630214,Xavier Tillman,Xavier,,DNP - Coach's Decision,,,,,,,,,,,,,,,,,,,,
22200169,1610612763,MEM,Memphis,1631246,Vince Williams Jr.,Vince,,DNP - Coach's Decision,,,,,,,,,,,,,,,,,,,,
22200169,1610612759,SAS,San Antonio,1629640,Keldon Johnson,Keldon,F,,39:44,4.0,15.0,0.267,2.0,8.0,0.25,6.0,10.0,0.6,2.0,6.0,8.0,4.0,0.0,0.0,3.0,1.0,16.0,-13.0
22200169,1610612759,SAS,San Antonio,1631110,Jeremy Sochan,Jeremy,F,,30:23,6.0,7.0,0.857,1.0,2.0,0.5,0.0,0.0,0.0,1.0,1.0,2.0,0.0,2.0,0.0,2.0,3.0,13.0,-6.0
22200169,1610612759,SAS,San Antonio,1627751,Jakob Poeltl,Jakob,C,,36:44,10.0,12.0,0.833,0.0,0.0,0.0,2.0,5.0,0.4,6.0,3.0,9.0,4.0,2.0,0.0,1.0,3.0,22.0,-9.0
22200169,1610612759,SAS,San Antonio,1630170,Devin Vassell,Devin,G,,39:06,9.0,21.0,0.429,4.0,10.0,0.4,0.0,0.0,0.0,0.0,3.0,3.0,6.0,0.0,1.0,1.0,1.0,22.0,0.0
22200169,1610612759,SAS,San Antonio,1630200,Tre Jones,Tre,G,,37:02,4.0,13.0,0.308,1.0,4.0,0.25,2.0,2.0,1.0,0.0,4.0,4.0,11.0,1.0,0.0,2.0,2.0,11.0,-1.0
22200169,1610612759,SAS,San Antonio,1626196,Josh Richardson,Josh,,,21:33,4.0,12.0,0.333,3.0,6.0,0.5,2.0,2.0,1.0,1.0,1.0,2.0,1.0,1.0,0.0,3.0,0.0,13.0,-2.0
22200169,1610612759,SAS,San Antonio,203926,Doug McDermott,Doug,,,23:33,4.0,9.0,0.444,1.0,5.0,0.2,0.0,0.0,0.0,0.0,3.0,3.0,1.0,0.0,0.0,0.0,2.0,9.0,10.0
22200169,1610612759,SAS,San Antonio,1629641,Romeo Langford,Romeo,,,20:55,2.0,4.0,0.5,0.0,1.0,0.0,2.0,2.0,1.0,2.0,0.0,2.0,1.0,0.0,0.0,0.0,1.0,6.0,3.0
22200169,1610612759,SAS,San Antonio,1629646,Charles Bassey,Charles,,,16:00,4.0,5.0,0.8,0.0,1.0,0.0,2.0,2.0,1.0,1.0,5.0,6.0,2.0,2.0,1.0,0.0,4.0,10.0,8.0
22200169,1610612759,SAS,San Antonio,1628966,Keita Bates-Diop,Keita,,DNP - Coach's Decision,,,,,,,,,,,,,,,,,,,,
22200169,1610612759,SAS,San Antonio,203476,Gorgui Dieng,Gorgui,,DNP - Coach's Decision,,,,,,,,,,,,,,,,,,,,
22200169,1610612759,SAS,San Antonio,1631160,Jordan Hall,Jordan,,DNP - Coach's Decision,,,,,,,,,,,,,,,,,,,,
22200169,1610612759,SAS,San Antonio,1629676,Isaiah Roby,Isaiah,,DNP - Coach's Decision,,,,,,,,,,,,,,,,,,,,
22200167,1610612756,PHX,Phoenix,1628969,Mikal Bridges,Mikal,F,,42:19,12.0,20.0,0.6,2.0,6.0,0.333,5.0,5.0,1.0,2.0,7.0,9.0,5.0,4.0,1.0,2.0,1.0,31.0,12.0
22200167,1610612756,PHX,Phoenix,1628470,Torrey Craig,Torrey,F,,26:03,2.0,5.0,0.4,2.0,3.0,0.667,0.0,0.0,0.0,2.0,3.0,5.0,1.0,1.0,0.0,2.0,4.0,6.0,-6.0
22200167,1610612756,PHX,Phoenix,1629028,Deandre Ayton,Deandre,C,,32:58,4.0,10.0,0.4,0.0,0.0,0.0,1.0,2.0,0.5,2.0,4.0,6.0,2.0,0.0,0.0,2.0,1.0,9.0,17.0
22200167,1610612756,PHX,Phoenix,1626164,Devin Booker,Devin,G,,38:10,12.0,23.0,0.522,5.0,7.0,0.714,3.0,3.0,1.0,0.0,4.0,4.0,10.0,2.0,0.0,1.0,2.0,32.0,26.0
22200167,1610612756,PHX,Phoenix,1626166,Cameron Payne,Cameron,G,,35:01,8.0,17.0,0.471,4.0,9.0,0.444,3.0,3.0,1.0,1.0,5.0,6.0,8.0,1.0,0.0,0.0,1.0,23.0,10.0
22200167,1610612756,PHX,Phoenix,203967,Dario Šarić,Dario,,,12:46,2.0,4.0,0.5,0.0,1.0,0.0,1.0,1.0,1.0,2.0,0.0,2.0,2.0,0.0,0.0,0.0,3.0,5.0,6.0
22200167,1610612756,PHX,Phoenix,1629013,Landry Shamet,Landry,,,18:56,5.0,7.0,0.714,2.0,3.0,0.667,4.0,4.0,1.0,0.0,0.0,0.0,1.0,0.0,0.0,3.0,2.0,16.0,8.0
22200167,1610612756,PHX,Phoenix,1629111,Jock Landale,Jock,,,12:00,1.0,5.0,0.2,0.0,1.0,0.0,2.0,2.0,1.0,1.0,3.0,4.0,1.0,1.0,1.0,0.0,5.0,4.0,-3.0
22200167,1610612756,PHX,Phoenix,1627814,Damion Lee,Damion,,,15:31,1.0,5.0,0.2,1.0,4.0,0.25,0.0,0.0,0.0,0.0,0.0,0.0,1.0,0.0,0.0,1.0,1.0,3.0,-14.0
22200167,1610612756,PHX,Phoenix,1629006,Josh Okogie,Josh,,,3:14,0.0,1.0,0.0,0.0,1.0,0.0,0.0,0.0,0.0,0.0,0.0,0.0,0.0,0.0,0.0,0.0,0.0,0.0,6.0
22200167,1610612756,PHX,Phoenix,202687,Bismack Biyombo,Bismack,,,3:02,0.0,0.0,0.0,0.0,0.0,0.0,0.0,0.0,0.0,0.0,0.0,0.0,0.0,1.0,1.0,0.0,1.0,0.0,-2.0
22200167,1610612756,PHX,Phoenix,101108,Chris Paul,Chris,,DND - Injury/Illness,,,,,,,,,,,,,,,,,,,,
22200167,1610612756,PHX,Phoenix,1630613,Duane Washington Jr.,Duane,,DNP - Coach's Decision,,,,,,,,,,,,,,,,,,,,
22200167,1610612750,MIN,Minnesota,1630183,Jaden McDaniels,Jaden,F,,38:04,10.0,14.0,0.714,2.0,4.0,0.5,2.0,3.0,0.667,4.0,4.0,8.0,3.0,0.0,1.0,2.0,2.0,24.0,8.0
22200167,1610612750,MIN,Minnesota,1626157,Karl-Anthony Towns,Karl-Anthony,F,,27:40,3.0,7.0,0.429,1.0,3.0,0.333,4.0,4.0,1.0,0.0,8.0,8.0,4.0,0.0,1.0,3.0,4.0,11.0,3.0
22200167,1610612750,MIN,Minnesota,203497,Rudy Gobert,Rudy,C,,29:54,8.0,11.0,0.727,0.0,0.0,0.0,9.0,11.0,0.818,3.0,8.0,11.0,0.0,0.0,3.0,1.0,4.0,25.0,-5.0
22200167,1610612750,MIN,Minnesota,1630162,Anthony Edwards,Anthony,G,,34:55,4.0,12.0,0.333,0.0,4.0,0.0,3.0,6.0,0.5,0.0,3.0,3.0,6.0,2.0,0.0,3.0,5.0,11.0,-2.0
22200167,1610612750,MIN,Minnesota,1626156,D'Angelo Russell,D'Angelo,G,,33:18,6.0,14.0,0.429,4.0,9.0,0.444,4.0,4.0,1.0,1.0,1.0,2.0,6.0,0.0,0.0,3.0,2.0,20.0,-5.0
22200167,1610612750,MIN,Minnesota,203937,Kyle Anderson,Kyle,,,22:06,3.0,4.0,0.75,0.0,1.0,0.0,2.0,2.0,1.0,0.0,0.0,0.0,4.0,0.0,1.0,0.0,0.0,8.0,-17.0
22200167,1610612750,MIN,Minnesota,1627752,Taurean Prince,Taurean,,,19:07,2.0,6.0,0.333,0.0,1.0,0.0,0.0,0.0,0.0,0.0,1.0,1.0,0.0,0.0,0.0,0.0,1.0,4.0,-22.0
22200167,1610612750,MIN,Minnesota,1629669,Jaylen Nowell,Jaylen,,,22:40,5.0,8.0,0.625,2.0,4.0,0.5,2.0,2.0,1.0,0.0,2.0,2.0,3.0,0.0,0.0,7.0,3.0,14.0,-11.0
22200167,1610612750,MIN,Minnesota,1629162,Jordan McLaughlin,Jordan,,,6:58,0.0,1.0,0.0,0.0,0.0,0.0,0.0,0.0,0.0,0.0,1.0,1.0,0.0,0.0,0.0,0.0,0.0,0.0,-6.0
22200167,1610612750,MIN,Minnesota,1630233,Nathan Knight,Nathan,,,5:18,0.0,1.0,0.0,0.0,1.0,0.0,0.0,0.0,0.0,0.0,2.0,2.0,0.0,2.0,0.0,0.0,1.0,0.0,-3.0
22200167,1610612750,MIN,Minnesota,1627854,Bryn Forbes,Bryn,,DNP - Coach's Decision,,,,,,,,,,,,,,,,,,,,
22200167,1610612750,MIN,Minnesota,1629675,Naz Reid,Naz,,DNP - Coach's Decision,,,,,,,,,,,,,,,,,,,,
22200167,1610612750,MIN,Minnesota,203085,Austin Rivers,Austin,,DNP - Injury/Illness,,,,,,,,,,,,,,,,,,,,
22200162,1610612762,UTA,Utah,1628374,Lauri Markkanen,Lauri,F,,31:21,9.0,18.0,0.5,6.0,8.0,0.75,8.0,8.0,1.0,2.0,6.0,8.0,0.0,0.0,1.0,3.0,2.0,32.0,-12.0
22200162,1610612762,UTA,Utah,203482,Kelly Olynyk,Kelly,F,,20:35,6.0,10.0,0.6,1.0,3.0,0.333,1.0,2.0,0.5,3.0,3.0,6.0,2.0,0.0,0.0,2.0,3.0,14.0,-11.0
22200162,1610612762,UTA,Utah,1629020,Jarred Vanderbilt,Jarred,C,,28:15,3.0,4.0,0.75,0.0,1.0,0.0,0.0,0.0,0.0,1.0,6.0,7.0,0.0,1.0,0.0,0.0,3.0,6.0,-4.0
22200162,1610612762,UTA,Utah,203903,Jordan Clarkson,Jordan,G,,34:51,7.0,18.0,0.389,2.0,7.0,0.286,7.0,7.0,1.0,1.0,3.0,4.0,5.0,0.0,0.0,2.0,1.0,23.0,16.0
22200162,1610612762,UTA,Utah,201144,Mike Conley,Mike,G,,28:43,2.0,6.0,0.333,0.0,2.0,0.0,3.0,4.0,0.75,0.0,1.0,1.0,13.0,0.0,0.0,1.0,2.0,7.0,-11.0
22200162,1610612762,UTA,Utah,1627736,Malik Beasley,Malik,,,29:21,6.0,11.0,0.545,6.0,10.0,0.6,0.0,0.0,0.0,1.0,5.0,6.0,1.0,2.0,0.0,1.0,2.0,18.0,13.0
22200162,1610612762,UTA,Utah,1629012,Collin Sexton,Collin,,,13:09,1.0,6.0,0.167,0.0,0.0,0.0,1.0,2.0,0.5,0.0,0.0,0.0,0.0,1.0,0.0,1.0,1.0,3.0,-10.0
22200162,1610612762,UTA,Utah,200752,Rudy Gay,Rudy,,,18:08,1.0,7.0,0.143,0.0,4.0,0.0,0.0,0.0,0.0,1.0,5.0,6.0,0.0,1.0,1.0,1.0,2.0,2.0,18.0
22200162,1610612762,UTA,Utah,1631117,Walker Kessler,Walker,,,16:20,6.0,6.0,1.0,0.0,0.0,0.0,0.0,1.0,0.0,3.0,3.0,6.0,1.0,0.0,3.0,0.0,2.0,12.0,14.0
22200162,1610612762,UTA,Utah,1629659,Talen Horton-Tucker,Talen,,,19:17,3.0,8.0,0.375,2.0,4.0,0.5,0.0,0.0,0.0,1.0,2.0,3.0,5.0,0.0,1.0,2.0,2.0,8.0,17.0
22200162,1610612762,UTA,Utah,1629638,Nickeil Alexander-Walker,Nickeil,,DNP - Coach's Decision,,,,,,,,,,,,,,,,,,,,
22200162,1610612762,UTA,Utah,1628962,Udoka Azubuike,Udoka,,DNP - Coach's Decision,,,,,,,,,,,,,,,,,,,,
22200162,1610612762,UTA,Utah,1631323,Simone Fontecchio,Simone,,DNP - Coach's Decision,,,,,,,,,,,,,,,,,,,,
22200162,1610612737,ATL,Atlanta,1629631,De'Andre Hunter,De'Andre,F,,32:34,9.0,15.0,0.6,1.0,6.0,0.167,3.0,3.0,1.0,0.0,3.0,3.0,0.0,1.0,0.0,1.0,1.0,22.0,10.0
22200162,1610612737,ATL,Atlanta,1628381,John Collins,John,F,,28:16,6.0,8.0,0.75,1.0,1.0,1.0,2.0,2.0,1.0,1.0,3.0,4.0,3.0,0.0,0.0,0.0,2.0,15.0,19.0
22200162,1610612737,ATL,Atlanta,203991,Clint Capela,Clint,C,,26:11,7.0,13.0,0.538,0.0,0.0,0.0,1.0,2.0,0.5,10.0,9.0,19.0,1.0,0.0,2.0,1.0,1.0,15.0,7.0
22200162,1610612737,ATL,Atlanta,1627749,Dejounte Murray,Dejounte,G,,37:49,11.0,20.0,0.55,1.0,5.0,0.2,3.0,4.0,0.75,1.0,5.0,6.0,5.0,0.0,1.0,3.0,4.0,26.0,-7.0
22200162,1610612737,ATL,Atlanta,1629027,Trae Young,Trae,G,,35:45,10.0,28.0,0.357,2.0,5.0,0.4,0.0,0.0,0.0,1.0,3.0,4.0,9.0,2.0,0.0,2.0,0.0,22.0,8.0
22200162,1610612737,ATL,Atlanta,203200,Justin Holiday,Justin,,,19:06,4.0,9.0,0.444,2.0,6.0,0.333,0.0,0.0,0.0,0.0,2.0,2.0,0.0,0.0,0.0,2.0,2.0,10.0,-14.0
22200162,1610612737,ATL,Atlanta,1630552,Jalen Johnson,Jalen,,,19:30,0.0,5.0,0.0,0.0,1.0,0.0,0.0,0.0,0.0,1.0,4.0,5.0,1.0,1.0,1.0,0.0,2.0,0.0,-22.0
22200162,1610612737,ATL,Atlanta,1628988,Aaron Holiday,Aaron,,,10:21,1.0,2.0,0.5,0.0,0.0,0.0,0.0,0.0,0.0,1.0,2.0,3.0,2.0,0.0,0.0,2.0,1.0,2.0,4.0
22200162,1610612737,ATL,Atlanta,1630168,Onyeka Okongwu,Onyeka,,,19:59,2.0,4.0,0.5,0.0,0.0,0.0,0.0,0.0,0.0,1.0,4.0,5.0,3.0,1.0,1.0,0.0,2.0,4.0,-17.0
22200162,1610612737,ATL,Atlanta,1631100,AJ Griffin,AJ,,,10:29,1.0,5.0,0.2,1.0,4.0,0.25,0.0,0.0,0.0,1.0,2.0,3.0,0.0,0.0,0.0,0.0,1.0,3.0,-18.0
22200162,1610612737,ATL,Atlanta,1629633,Jarrett Culver,Jarrett,,DNP - Coach's Decision,,,,,,,,,,,,,,,,,,,,
22200162,1610612737,ATL,Atlanta,1626163,Frank Kaminsky,Frank,,DNP - Coach's Decision,,,,,,,,,,,,,,,,,,,,
22200162,1610612737,ATL,Atlanta,1630249,Vít Krejčí,Vít,,DNP - Coach's Decision,,,,,,,,,,,,,,,,,,,,
22200162,1610612737,ATL,Atlanta,1631213,Tyrese Martin,Tyrese,,DNP - Coach's Decision,,,,,,,,,,,,,,,,,,,,
22200170,1610612747,LAL,Los Angeles,1628972,Troy Brown Jr.,Troy,F,,31:54,6.0,10.0,0.6,2.0,6.0,0.333,0.0,0.0,0.0,1.0,3.0,4.0,0.0,1.0,0.0,1.0,1.0,14.0,-1.0
22200170,1610612747,LAL,Los Angeles,2544,LeBron James,LeBron,F,,32:21,12.0,22.0,0.545,4.0,9.0,0.444,2.0,4.0,0.5,1.0,7.0,8.0,5.0,2.0,0.0,3.0,2.0,30.0,-17.0
22200170,1610612747,LAL,Los Angeles,203076,Anthony Davis,Anthony,C,,35:21,9.0,16.0,0.563,0.0,1.0,0.0,3.0,4.0,0.75,1.0,8.0,9.0,3.0,0.0,1.0,3.0,5.0,21.0,-10.0
22200170,1610612747,LAL,Los Angeles,1630559,Austin Reaves,Austin,G,,35:17,3.0,10.0,0.3,1.0,5.0,0.2,1.0,3.0,0.333,4.0,5.0,9.0,1.0,0.0,0.0,1.0,0.0,8.0,1.0
22200170,1610612747,LAL,Los Angeles,201976,Patrick Beverley,Patrick,G,,34:36,2.0,8.0,0.25,2.0,5.0,0.4,1.0,2.0,0.5,0.0,2.0,2.0,4.0,1.0,0.0,1.0,5.0,7.0,3.0
22200170,1610612747,LAL,Los Angeles,201566,Russell Westbrook,Russell,,,29:35,6.0,15.0,0.4,0.0,3.0,0.0,2.0,2.0,1.0,1.0,3.0,4.0,9.0,2.0,0.0,4.0,1.0,14.0,-12.0
22200170,1610612747,LAL,Los Angeles,1629134,Kendrick Nunn,Kendrick,,,12:32,0.0,4.0,0.0,0.0,2.0,0.0,0.0,0.0,0.0,0.0,0.0,0.0,3.0,0.0,0.0,1.0,1.0,0.0,-16.0
22200170,1610612747,LAL,Los Angeles,1631108,Max Christie,Max,,,14:29,1.0,1.0,1.0,1.0,1.0,1.0,0.0,0.0,0.0,0.0,5.0,5.0,0.0,0.0,0.0,1.0,2.0,3.0,-8.0
22200170,1610612747,LAL,Los Angeles,1629117,Wenyen Gabriel,Wenyen,,,8:44,1.0,1.0,1.0,0.0,0.0,0.0,2.0,2.0,1.0,0.0,1.0,1.0,1.0,1.0,1.0,0.0,2.0,4.0,-4.0
22200170,1610612747,LAL,Los Angeles,1629308,Juan Toscano-Anderson,Juan,,,3:45,0.0,0.0,0.0,0.0,0.0,0.0,0.0,0.0,0.0,0.0,1.0,1.0,0.0,0.0,0.0,0.0,1.0,0.0,3.0
22200170,1610612747,LAL,Los Angeles,1630346,Matt Ryan,Matt,,,0:43,0.0,1.0,0.0,0.0,0.0,0.0,0.0,0.0,0.0,0.0,0.0,0.0,0.0,0.0,0.0,0.0,0.0,0.0,-2.0
22200170,1610612747,LAL,Los Angeles,1627745,Damian Jones,Damian,,,0:43,0.0,0.0,0.0,0.0,0.0,0.0,0.0,0.0,0.0,0.0,0.0,0.0,0.0,0.0,0.0,0.0,0.0,0.0,-2.0
22200170,1610612746,LAC,LA,202331,Paul George,Paul,F,,36:17,10.0,17.0,0.588,2.0,7.0,0.286,7.0,9.0,0.778,0.0,6.0,6.0,4.0,1.0,2.0,4.0,3.0,29.0,16.0
22200170,1610612746,LAC,LA,202694,Marcus Morris Sr.,Marcus,F,,32:21,4.0,9.0,0.444,3.0,5.0,0.6,0.0,0.0,0.0,0.0,8.0,8.0,1.0,2.0,2.0,1.0,4.0,11.0,12.0
22200170,1610612746,LAC,LA,1627826,Ivica Zubac,Ivica,C,,36:14,4.0,4.0,1.0,0.0,0.0,0.0,2.0,5.0,0.4,2.0,6.0,8.0,2.0,1.0,2.0,2.0,3.0,10.0,-8.0
22200170,1610612746,LAC,LA,1628379,Luke Kennard,Luke,G,,24:55,5.0,9.0,0.556,3.0,6.0,0.5,0.0,0.0,0.0,0.0,3.0,3.0,2.0,1.0,0.0,0.0,1.0,13.0,9.0
22200170,1610612746,LAC,LA,202704,Reggie Jackson,Reggie,G,,24:03,7.0,14.0,0.5,0.0,2.0,0.0,0.0,0.0,0.0,0.0,0.0,0.0,3.0,1.0,0.0,4.0,5.0,14.0,2.0
22200170,1610612746,LAC,LA,1629611,Terance Mann,Terance,,,21:29,3.0,7.0,0.429,1.0,2.0,0.5,0.0,0.0,0.0,0.0,4.0,4.0,2.0,1.0,0.0,0.0,2.0,7.0,16.0
22200170,1610612746,LAC,LA,202322,John Wall,John,,,23:14,3.0,10.0,0.3,1.0,5.0,0.2,3.0,3.0,1.0,1.0,3.0,4.0,6.0,2.0,1.0,0.0,1.0,10.0,9.0
22200170,1610612746,LAC,LA,1626181,Norman Powell,Norman,,,24:22,5.0,10.0,0.5,2.0,5.0,0.4,6.0,7.0,0.857,0.0,1.0,1.0,3.0,1.0,0.0,3.0,3.0,18.0,4.0
22200170,1610612746,LAC,LA,201587,Nicolas Batum,Nicolas,,,15:39,0.0,1.0,0.0,0.0,1.0,0.0,2.0,2.0,1.0,3.0,3.0,6.0,1.0,0.0,0.0,1.0,2.0,2.0,1.0
22200170,1610612746,LAC,LA,1629599,Amir Coffey,Amir,,,0:43,0.0,0.0,0.0,0.0,0.0,0.0,0.0,0.0,0.0,0.0,0.0,0.0,0.0,0.0,0.0,0.0,0.0,0.0,2.0
22200170,1610612746,LAC,LA,1629650,Moses Brown,Moses,,,0:43,0.0,0.0,0.0,0.0,0.0,0.0,0.0,0.0,0.0,0.0,1.0,1.0,0.0,0.0,0.0,0.0,0.0,0.0,2.0
22200170,1610612746,LAC,LA,203496,Robert Covington,Robert,,DNP - Coach's Decision,,,,,,,,,,,,,,,,,,,,
22200160,1610612743,DEN,Denver,203932,Aaron Gordon,Aaron,F,,34:22,5.0,8.0,0.625,1.0,3.0,0.333,7.0,9.0,0.778,4.0,12.0,16.0,6.0,1.0,1.0,5.0,2.0,18.0,4.0
22200160,1610612743,DEN,Denver,1629008,Michael Porter Jr.,Michael,F,,36:18,7.0,14.0,0.5,3.0,7.0,0.429,0.0,0.0,0.0,2.0,4.0,6.0,2.0,0.0,1.0,1.0,0.0,17.0,-6.0
22200160,1610612743,DEN,Denver,203999,Nikola Jokić,Nikola,C,,20:43,10.0,20.0,0.5,1.0,3.0,0.333,3.0,3.0,1.0,1.0,3.0,4.0,6.0,2.0,1.0,1.0,5.0,24.0,11.0
22200160,1610612743,DEN,Denver,203484,Kentavious Caldwell-Pope,Kentavious,G,,31:24,5.0,7.0,0.714,3.0,4.0,0.75,2.0,2.0,1.0,1.0,7.0,8.0,2.0,2.0,0.0,3.0,0.0,15.0,9.0
22200160,1610612743,DEN,Denver,1627750,Jamal Murray,Jamal,G,,29:47,6.0,15.0,0.4,1.0,2.0,0.5,5.0,5.0,1.0,3.0,5.0,8.0,4.0,3.0,0.0,3.0,0.0,18.0,-3.0
22200160,1610612743,DEN,Denver,1628971,Bruce Brown,Bruce,,,21:35,1.0,5.0,0.2,0.0,1.0,0.0,0.0,0.0,0.0,0.0,1.0,1.0,3.0,1.0,1.0,1.0,2.0,2.0,5.0
22200160,1610612743,DEN,Denver,201145,Jeff Green,Jeff,,,18:28,2.0,3.0,0.667,0.0,1.0,0.0,0.0,0.0,0.0,0.0,0.0,0.0,0.0,0.0,1.0,1.0,4.0,4.0,-2.0
22200160,1610612743,DEN,Denver,1630538,Bones Hyland,Bones,,,29:47,4.0,13.0,0.308,3.0,7.0,0.429,5.0,5.0,1.0,0.0,2.0,2.0,3.0,1.0,1.0,2.0,2.0,16.0,-2.0
22200160,1610612743,DEN,Denver,201599,DeAndre Jordan,DeAndre,,,17:36,3.0,3.0,1.0,0.0,0.0,0.0,2.0,2.0,1.0,0.0,2.0,2.0,1.0,0.0,1.0,3.0,0.0,8.0,-1.0
22200160,1610612743,DEN,Denver,1631128,Christian Braun,Christian,,DNP - Coach's Decision,,,,,,,,,,,,,,,,,,,,
22200160,1610612743,DEN,Denver,1628427,Vlatko Čančar,Vlatko,,DNP - Coach's Decision,,,,,,,,,,,,,,,,,,,,
22200160,1610612743,DEN,Denver,1630192,Zeke Nnaji,Zeke,,DNP - Coach's Decision,,,,,,,,,,,,,,,,,,,,
22200160,1610612743,DEN,Denver,1628432,Davon Reed,Davon,,DNP - Coach's Decision,,,,,,,,,,,,,,,,,,,,
22200160,1610612754,IND,Indiana,1627741,Buddy Hield,Buddy,F,,34:08,7.0,16.0,0.438,2.0,9.0,0.222,1.0,1.0,1.0,0.0,1.0,1.0,0.0,0.0,0.0,0.0,2.0,17.0,-14.0
22200160,1610612754,IND,Indiana,1630188,Jalen Smith,Jalen,F,,18:04,2.0,9.0,0.222,2.0,5.0,0.4,0.0,0.0,0.0,1.0,4.0,5.0,1.0,0.0,0.0,2.0,1.0,6.0,-6.0
22200160,1610612754,IND,Indiana,1626167,Myles Turner,Myles,C,,25:41,5.0,11.0,0.455,0.0,4.0,0.0,4.0,5.0,0.8,2.0,9.0,11.0,2.0,1.0,3.0,0.0,5.0,14.0,-4.0
22200160,1610612754,IND,Indiana,1629614,Andrew Nembhard,Andrew,G,,28:56,3.0,6.0,0.5,1.0,3.0,0.333,1.0,1.0,1.0,0.0,4.0,4.0,4.0,2.0,0.0,4.0,2.0,8.0,-12.0
22200160,1610612754,IND,Indiana,1630169,Tyrese Haliburton,Tyrese,G,,33:12,9.0,15.0,0.6,3.0,8.0,0.375,0.0,0.0,0.0,0.0,1.0,1.0,12.0,3.0,0.0,1.0,0.0,21.0,-12.0
22200160,1610612754,IND,Indiana,1631097,Bennedict Mathurin,Bennedict,,,24:42,10.0,17.0,0.588,6.0,9.0,0.667,4.0,6.0,0.667,0.0,2.0,2.0,0.0,1.0,0.0,4.0,3.0,30.0,5.0
22200160,1610612754,IND,Indiana,1630543,Isaiah Jackson,Isaiah,,,17:41,6.0,7.0,0.857,0.0,0.0,0.0,5.0,6.0,0.833,4.0,6.0,10.0,1.0,0.0,1.0,2.0,3.0,17.0,5.0
22200160,1610612754,IND,Indiana,204456,T.J. McConnell,T.J.,,,16:44,1.0,4.0,0.25,0.0,0.0,0.0,0.0,0.0,0.0,2.0,1.0,3.0,4.0,1.0,0.0,1.0,4.0,2.0,3.0
22200160,1610612754,IND,Indiana,1630174,Aaron Nesmith,Aaron,,,22:25,0.0,5.0,0.0,0.0,3.0,0.0,0.0,0.0,0.0,0.0,3.0,3.0,3.0,1.0,1.0,2.0,1.0,0.0,3.0
22200160,1610612754,IND,Indiana,1629052,Oshae Brissett,Oshae,,,11:48,1.0,2.0,0.5,0.0,0.0,0.0,0.0,0.0,0.0,1.0,2.0,3.0,0.0,0.0,0.0,0.0,0.0,2.0,21.0
22200160,1610612754,IND,Indiana,1629048,Goga Bitadze,Goga,,,6:39,1.0,4.0,0.25,0.0,1.0,0.0,0.0,0.0,0.0,1.0,0.0,1.0,1.0,0.0,0.0,2.0,2.0,2.0,-4.0
22200160,1610612754,IND,Indiana,201949,James Johnson,James,,DNP - Coach's Decision,,,,,,,,,,,,,,,,,,,,
22200160,1610612754,IND,Indiana,1630678,Terry Taylor,Terry,,DNP - Coach's Decision,,,,,,,,,,,,,,,,,,,,
22200164,1610612752,NYK,New York,1629628,RJ Barrett,RJ,F,,30:13,5.0,14.0,0.357,2.0,4.0,0.5,4.0,8.0,0.5,2.0,4.0,6.0,3.0,1.0,0.0,3.0,3.0,16.0,-22.0
22200164,1610612752,NYK,New York,203944,Julius Randle,Julius,F,,31:16,7.0,15.0,0.467,4.0,8.0,0.5,6.0,9.0,0.667,1.0,10.0,11.0,3.0,0.0,0.0,4.0,1.0,24.0,-29.0
22200164,1610612752,NYK,New York,1630579,Jericho Sims,Jericho,C,,26:37,3.0,3.0,1.0,0.0,0.0,0.0,1.0,2.0,0.5,3.0,3.0,6.0,0.0,1.0,3.0,0.0,3.0,7.0,-7.0
22200164,1610612752,NYK,New York,1629629,Cam Reddish,Cam,G,,17:39,0.0,7.0,0.0,0.0,4.0,0.0,0.0,0.0,0.0,0.0,0.0,0.0,1.0,0.0,0.0,0.0,2.0,0.0,-17.0
22200164,1610612752,NYK,New York,1628973,Jalen Brunson,Jalen,G,,30:58,4.0,14.0,0.286,1.0,5.0,0.2,5.0,5.0,1.0,1.0,3.0,4.0,2.0,0.0,0.0,3.0,0.0,14.0,-22.0
22200164,1610612752,NYK,New York,201565,Derrick Rose,Derrick,,,10:56,0.0,4.0,0.0,0.0,3.0,0.0,0.0,0.0,0.0,0.0,2.0,2.0,2.0,0.0,0.0,0.0,0.0,0.0,-8.0
22200164,1610612752,NYK,New York,1628392,Isaiah Hartenstein,Isaiah,,,14:42,1.0,2.0,0.5,0.0,0.0,0.0,0.0,0.0,0.0,3.0,2.0,5.0,0.0,0.0,0.0,1.0,3.0,2.0,-6.0
22200164,1610612752,NYK,New York,1630193,Immanuel Quickley,Immanuel,,,19:44,1.0,8.0,0.125,0.0,6.0,0.0,0.0,0.0,0.0,0.0,4.0,4.0,4.0,1.0,0.0,1.0,3.0,2.0,-17.0
22200164,1610612752,NYK,New York,1630167,Obi Toppin,Obi,,,20:47,2.0,7.0,0.286,0.0,2.0,0.0,1.0,1.0,1.0,1.0,3.0,4.0,1.0,1.0,0.0,0.0,0.0,5.0,-19.0
22200164,1610612752,NYK,New York,203095,Evan Fournier,Evan,,,20:00,2.0,7.0,0.286,2.0,5.0,0.4,0.0,0.0,0.0,0.0,2.0,2.0,2.0,0.0,1.0,1.0,3.0,6.0,-6.0
22200164,1610612752,NYK,New York,1630540,Miles McBride,Miles,,,6:06,0.0,2.0,0.0,0.0,2.0,0.0,0.0,0.0,0.0,0.0,0.0,0.0,2.0,0.0,0.0,0.0,0.0,0.0,3.0
22200164,1610612752,NYK,New York,1629656,Quentin Grimes,Quentin,,,4:36,1.0,1.0,1.0,1.0,1.0,1.0,0.0,0.0,0.0,0.0,0.0,0.0,0.0,0.0,0.0,1.0,0.0,3.0,5.0
22200164,1610612752,NYK,New York,1627853,Ryan Arcidiacono,Ryan,,,3:13,0.0,1.0,0.0,0.0,1.0,0.0,0.0,0.0,0.0,0.0,2.0,2.0,1.0,1.0,0.0,0.0,0.0,0.0,5.0
22200164,1610612752,NYK,New York,1629004,Svi Mykhailiuk,Svi,,,3:13,2.0,2.0,1.0,2.0,2.0,1.0,0.0,1.0,0.0,0.0,0.0,0.0,0.0,0.0,0.0,1.0,0.0,6.0,5.0
22200164,1610612751,BKN,Brooklyn,201142,Kevin Durant,Kevin,F,,34:32,10.0,19.0,0.526,1.0,5.0,0.2,8.0,10.0,0.8,1.0,11.0,12.0,12.0,1.0,2.0,1.0,1.0,29.0,32.0
22200164,1610612751,BKN,Brooklyn,1626220,Royce O'Neale,Royce,F,,33:53,2.0,7.0,0.286,2.0,4.0,0.5,0.0,0.0,0.0,4.0,6.0,10.0,5.0,2.0,0.0,1.0,3.0,6.0,44.0
22200164,1610612751,BKN,Brooklyn,1629651,Nic Claxton,Nic,C,,19:31,5.0,7.0,0.714,0.0,0.0,0.0,2.0,5.0,0.4,1.0,5.0,6.0,2.0,0.0,1.0,2.0,4.0,12.0,14.0
22200164,1610612751,BKN,Brooklyn,203925,Joe Harris,Joe,G,,31:56,4.0,11.0,0.364,2.0,6.0,0.333,0.0,0.0,0.0,0.0,4.0,4.0,1.0,1.0,0.0,1.0,2.0,10.0,27.0
22200164,1610612751,BKN,Brooklyn,1628410,Edmond Sumner,Edmond,G,,18:31,7.0,10.0,0.7,3.0,4.0,0.75,1.0,2.0,0.5,1.0,4.0,5.0,1.0,2.0,0.0,0.0,2.0,18.0,24.0
22200164,1610612751,BKN,Brooklyn,1630560,Cam Thomas,Cam,,,22:05,3.0,8.0,0.375,0.0,1.0,0.0,0.0,0.0,0.0,0.0,2.0,2.0,2.0,1.0,1.0,3.0,1.0,6.0,-8.0
22200164,1610612751,BKN,Brooklyn,203552,Seth Curry,Seth,,,23:24,7.0,13.0,0.538,6.0,11.0,0.545,3.0,3.0,1.0,1.0,2.0,3.0,2.0,1.0,0.0,0.0,1.0,23.0,11.0
22200164,1610612751,BKN,Brooklyn,1627732,Ben Simmons,Ben,,,23:53,3.0,6.0,0.5,0.0,0.0,0.0,0.0,0.0,0.0,2.0,7.0,9.0,4.0,2.0,1.0,2.0,4.0,6.0,18.0
22200164,1610612751,BKN,Brooklyn,201988,Patty Mills,Patty,,,8:52,0.0,3.0,0.0,0.0,2.0,0.0,0.0,0.0,0.0,0.0,1.0,1.0,1.0,0.0,0.0,0.0,0.0,0.0,0.0
22200164,1610612751,BKN,Brooklyn,202693,Markieff Morris,Markieff,,,5:12,0.0,0.0,0.0,0.0,0.0,0.0,0.0,0.0,0.0,0.0,0.0,0.0,0.0,0.0,0.0,2.0,0.0,0.0,-3.0
22200164,1610612751,BKN,Brooklyn,1630561,David Duke Jr.,David,,,8:59,1.0,2.0,0.5,0.0,0.0,0.0,0.0,0.0,0.0,1.0,0.0,1.0,0.0,1.0,0.0,1.0,3.0,2.0,-14.0
22200164,1610612751,BKN,Brooklyn,1630556,Kessler Edwards,Kessler,,,4:36,0.0,1.0,0.0,0.0,1.0,0.0,0.0,0.0,0.0,0.0,0.0,0.0,0.0,0.0,0.0,0.0,0.0,0.0,-5.0
22200164,1610612751,BKN,Brooklyn,1630549,Day'Ron Sharpe,Day'Ron,,,4:36,0.0,0.0,0.0,0.0,0.0,0.0,0.0,0.0,0.0,0.0,2.0,2.0,0.0,0.0,0.0,1.0,1.0,0.0,-5.0
22200163,1610612765,DET,Detroit,202711,Bojan Bogdanović,Bojan,F,,26:11,6.0,11.0,0.545,1.0,4.0,0.25,4.0,6.0,0.667,0.0,2.0,2.0,1.0,1.0,0.0,2.0,0.0,17.0,-19.0
22200163,1610612765,DET,Detroit,1630180,Saddiq Bey,Saddiq,F,,32:48,4.0,12.0,0.333,1.0,6.0,0.167,9.0,10.0,0.9,1.0,3.0,4.0,0.0,1.0,0.0,1.0,2.0,18.0,-20.0
22200163,1610612765,DET,Detroit,1630191,Isaiah Stewart,Isaiah,C,,20:29,3.0,6.0,0.5,1.0,4.0,0.25,5.0,6.0,0.833,3.0,7.0,10.0,1.0,0.0,0.0,1.0,4.0,12.0,-2.0
22200163,1610612765,DET,Detroit,1631093,Jaden Ivey,Jaden,G,,31:23,6.0,12.0,0.5,2.0,5.0,0.4,5.0,7.0,0.714,3.0,7.0,10.0,6.0,1.0,0.0,0.0,0.0,19.0,-19.0
22200163,1610612765,DET,Detroit,1630595,Cade Cunningham,Cade,G,,23:58,1.0,11.0,0.091,0.0,6.0,0.0,2.0,2.0,1.0,1.0,2.0,3.0,2.0,0.0,1.0,2.0,2.0,4.0,-17.0
22200163,1610612765,DET,Detroit,1628977,Hamidou Diallo,Hamidou,,,14:27,2.0,8.0,0.25,0.0,1.0,0.0,0.0,0.0,0.0,0.0,2.0,2.0,0.0,1.0,0.0,2.0,4.0,4.0,-7.0
22200163,1610612765,DET,Detroit,1631105,Jalen Duren,Jalen,,,29:43,5.0,8.0,0.625,0.0,0.0,0.0,0.0,0.0,0.0,5.0,5.0,10.0,2.0,1.0,1.0,0.0,1.0,10.0,-10.0
22200163,1610612765,DET,Detroit,1630165,Killian Hayes,Killian,,,22:23,7.0,12.0,0.583,1.0,2.0,0.5,1.0,1.0,1.0,1.0,1.0,2.0,1.0,1.0,0.0,0.0,3.0,16.0,-7.0
22200163,1610612765,DET,Detroit,1630587,Isaiah Livers,Isaiah,,,18:26,1.0,3.0,0.333,1.0,3.0,0.333,0.0,2.0,0.0,0.0,2.0,2.0,0.0,0.0,1.0,1.0,2.0,3.0,-7.0
22200163,1610612765,DET,Detroit,1628995,Kevin Knox II,Kevin,,,5:36,0.0,1.0,0.0,0.0,1.0,0.0,0.0,0.0,0.0,0.0,0.0,0.0,0.0,0.0,0.0,1.0,1.0,0.0,8.0
22200163,1610612765,DET,Detroit,202709,Cory Joseph,Cory,,,5:36,1.0,2.0,0.5,0.0,1.0,0.0,2.0,2.0,1.0,0.0,0.0,0.0,2.0,1.0,0.0,0.0,0.0,4.0,8.0
22200163,1610612765,DET,Detroit,203585,Rodney McGruder,Rodney,,,5:36,0.0,1.0,0.0,0.0,0.0,0.0,2.0,2.0,1.0,1.0,0.0,1.0,0.0,0.0,0.0,0.0,0.0,2.0,8.0
22200163,1610612765,DET,Detroit,203457,Nerlens Noel,Nerlens,,,3:24,1.0,2.0,0.5,0.0,0.0,0.0,1.0,2.0,0.5,0.0,2.0,2.0,0.0,0.0,0.0,0.0,0.0,3.0,4.0
22200163,1610612738,BOS,Boston,1628369,Jayson Tatum,Jayson,F,,31:35,10.0,20.0,0.5,5.0,11.0,0.455,6.0,7.0,0.857,0.0,1.0,1.0,5.0,1.0,1.0,1.0,4.0,31.0,16.0
22200163,1610612738,BOS,Boston,1629684,Grant Williams,Grant,F,,20:27,2.0,4.0,0.5,1.0,3.0,0.333,0.0,0.0,0.0,0.0,4.0,4.0,1.0,0.0,0.0,0.0,5.0,5.0,15.0
22200163,1610612738,BOS,Boston,201143,Al Horford,Al,C,,26:23,6.0,6.0,1.0,1.0,1.0,1.0,0.0,1.0,0.0,1.0,5.0,6.0,2.0,1.0,0.0,0.0,3.0,13.0,17.0
22200163,1610612738,BOS,Boston,1627759,Jaylen Brown,Jaylen,G,,30:01,11.0,19.0,0.579,2.0,6.0,0.333,6.0,7.0,0.857,2.0,5.0,7.0,3.0,1.0,0.0,0.0,0.0,30.0,25.0
22200163,1610612738,BOS,Boston,203935,Marcus Smart,Marcus,G,,23:23,1.0,6.0,0.167,0.0,4.0,0.0,0.0,0.0,0.0,0.0,3.0,3.0,11.0,2.0,0.0,1.0,2.0,2.0,22.0
22200163,1610612738,BOS,Boston,1627763,Malcolm Brogdon,Malcolm,,,14:23,3.0,4.0,0.75,1.0,2.0,0.5,2.0,4.0,0.5,1.0,1.0,2.0,1.0,0.0,1.0,4.0,0.0,9.0,1.0
22200163,1610612738,BOS,Boston,1628401,Derrick White,Derrick,,,19:39,2.0,4.0,0.5,2.0,2.0,1.0,2.0,2.0,1.0,1.0,7.0,8.0,4.0,0.0,1.0,1.0,2.0,8.0,4.0
22200163,1610612738,BOS,Boston,1630573,Sam Hauser,Sam,,,31:51,9.0,15.0,0.6,6.0,12.0,0.5,0.0,0.0,0.0,0.0,2.0,2.0,0.0,0.0,0.0,0.0,3.0,24.0,-1.0
22200163,1610612738,BOS,Boston,1628436,Luke Kornet,Luke,,,17:49,1.0,2.0,0.5,0.0,0.0,0.0,0.0,0.0,0.0,3.0,2.0,5.0,2.0,0.0,1.0,2.0,3.0,2.0,-6.0
22200163,1610612738,BOS,Boston,1630202,Payton Pritchard,Payton,,,12:46,2.0,6.0,0.333,0.0,3.0,0.0,0.0,0.0,0.0,0.0,3.0,3.0,1.0,0.0,0.0,2.0,1.0,4.0,-1.0
22200163,1610612738,BOS,Boston,203943,Noah Vonleh,Noah,,,6:07,0.0,0.0,0.0,0.0,0.0,0.0,0.0,0.0,0.0,0.0,1.0,1.0,0.0,0.0,0.0,1.0,1.0,0.0,-4.0
22200163,1610612738,BOS,Boston,1628382,Justin Jackson,Justin,,,5:36,0.0,2.0,0.0,0.0,2.0,0.0,0.0,0.0,0.0,0.0,1.0,1.0,1.0,0.0,0.0,0.0,1.0,0.0,-8.0
22200163,1610612738,BOS,Boston,201933,Blake Griffin,Blake,,DNP - Coach's Decision,,,,,,,,,,,,,,,,,,,,
22200163,1610612738,BOS,Boston,1629662,Mfiondu Kabengele,Mfiondu,,DNP - Coach's Decision,,,,,,,,,,,,,,,,,,,,
22200166,1610612740,NOP,New Orleans,1627742,Brandon Ingram,Brandon,F,,33:18,8.0,14.0,0.571,1.0,2.0,0.5,5.0,6.0,0.833,1.0,8.0,9.0,3.0,1.0,0.0,4.0,4.0,22.0,19.0
22200166,1610612740,NOP,New Orleans,1629627,Zion Williamson,Zion,F,,30:51,6.0,11.0,0.545,0.0,0.0,0.0,7.0,8.0,0.875,4.0,1.0,5.0,1.0,0.0,0.0,1.0,3.0,19.0,3.0
22200166,1610612740,NOP,New Orleans,202685,Jonas Valančiūnas,Jonas,C,,29:39,8.0,13.0,0.615,0.0,2.0,0.0,5.0,6.0,0.833,3.0,10.0,13.0,3.0,1.0,0.0,2.0,0.0,21.0,8.0
22200166,1610612740,NOP,New Orleans,1630529,Herbert Jones,Herbert,G,,27:55,5.0,9.0,0.556,0.0,2.0,0.0,7.0,8.0,0.875,1.0,3.0,4.0,3.0,3.0,0.0,1.0,4.0,17.0,10.0
22200166,1610612740,NOP,New Orleans,203468,CJ McCollum,CJ,G,,34:29,3.0,13.0,0.231,0.0,5.0,0.0,1.0,3.0,0.333,1.0,3.0,4.0,5.0,1.0,2.0,2.0,0.0,7.0,-5.0
22200166,1610612740,NOP,New Orleans,1630631,Jose Alvarado,Jose,,,13:25,3.0,5.0,0.6,0.0,1.0,0.0,1.0,1.0,1.0,1.0,2.0,3.0,2.0,0.0,0.0,0.0,2.0,7.0,-4.0
22200166,1610612740,NOP,New Orleans,1630530,Trey Murphy III,Trey,,,20:19,0.0,3.0,0.0,0.0,3.0,0.0,2.0,2.0,1.0,1.0,2.0,3.0,1.0,0.0,1.0,0.0,1.0,2.0,-5.0
22200166,1610612740,NOP,New Orleans,1626195,Willy Hernangomez,Willy,,,11:35,4.0,6.0,0.667,0.0,1.0,0.0,0.0,0.0,0.0,0.0,3.0,3.0,0.0,1.0,0.0,4.0,1.0,8.0,-14.0
22200166,1610612740,NOP,New Orleans,1628984,Devonte' Graham,Devonte',,,16:22,1.0,2.0,0.5,1.0,2.0,0.5,0.0,0.0,0.0,0.0,1.0,1.0,2.0,1.0,2.0,0.0,1.0,3.0,2.0
22200166,1610612740,NOP,New Orleans,1630230,Naji Marshall,Naji,,,22:08,4.0,8.0,0.5,1.0,1.0,1.0,0.0,2.0,0.0,1.0,4.0,5.0,0.0,0.0,0.0,2.0,2.0,9.0,6.0
22200166,1610612740,NOP,New Orleans,1630700,Dyson Daniels,Dyson,,DNP - Coach's Decision,,,,,,,,,,,,,,,,,,,,
22200166,1610612740,NOP,New Orleans,1629637,Jaxson Hayes,Jaxson,,DNP - Coach's Decision,,,,,,,,,,,,,,,,,,,,
22200166,1610612741,CHI,Chicago,201942,DeMar DeRozan,DeMar,F,,36:38,14.0,26.0,0.538,0.0,2.0,0.0,5.0,6.0,0.833,0.0,3.0,3.0,3.0,1.0,1.0,3.0,5.0,33.0,-3.0
22200166,1610612741,CHI,Chicago,1630172,Patrick Williams,Patrick,F,,26:19,3.0,7.0,0.429,1.0,2.0,0.5,0.0,0.0,0.0,1.0,3.0,4.0,1.0,1.0,4.0,2.0,1.0,7.0,-5.0
22200166,1610612741,CHI,Chicago,202696,Nikola Vučević,Nikola,C,,27:24,6.0,9.0,0.667,2.0,4.0,0.5,4.0,5.0,0.8,0.0,7.0,7.0,2.0,0.0,0.0,2.0,2.0,18.0,-13.0
22200166,1610612741,CHI,Chicago,203897,Zach LaVine,Zach,G,,36:25,9.0,22.0,0.409,3.0,12.0,0.25,2.0,2.0,1.0,1.0,3.0,4.0,4.0,2.0,0.0,1.0,4.0,23.0,1.0
22200166,1610612741,CHI,Chicago,1630245,Ayo Dosunmu,Ayo,G,,25:54,2.0,3.0,0.667,0.0,0.0,0.0,3.0,3.0,1.0,1.0,2.0,3.0,4.0,0.0,0.0,2.0,1.0,7.0,-15.0
22200166,1610612741,CHI,Chicago,1627884,Derrick Jones Jr.,Derrick,,,11:12,2.0,4.0,0.5,0.0,1.0,0.0,1.0,1.0,1.0,1.0,1.0,2.0,1.0,0.0,2.0,0.0,3.0,5.0,-7.0
22200166,1610612741,CHI,Chicago,1629750,Javonte Green,Javonte,,,15:37,1.0,2.0,0.5,0.0,0.0,0.0,0.0,0.0,0.0,0.0,2.0,2.0,0.0,0.0,1.0,1.0,2.0,2.0,1.0
22200166,1610612741,CHI,Chicago,1627936,Alex Caruso,Alex,,,22:50,0.0,1.0,0.0,0.0,1.0,0.0,0.0,0.0,0.0,0.0,3.0,3.0,1.0,1.0,0.0,0.0,4.0,0.0,1.0
22200166,1610612741,CHI,Chicago,201609,Goran Dragic,Goran,,,25:33,6.0,11.0,0.545,1.0,5.0,0.2,1.0,1.0,1.0,2.0,0.0,2.0,6.0,0.0,0.0,2.0,0.0,14.0,9.0
22200166,1610612741,CHI,Chicago,203083,Andre Drummond,Andre,,,12:08,1.0,2.0,0.5,0.0,0.0,0.0,0.0,0.0,0.0,0.0,5.0,5.0,1.0,0.0,0.0,2.0,1.0,2.0,11.0
22200166,1610612741,CHI,Chicago,1628396,Tony Bradley,Tony,,DNP - Coach's Decision,,,,,,,,,,,,,,,,,,,,
22200166,1610612741,CHI,Chicago,1631207,Dalen Terry,Dalen,,DNP - Coach's Decision,,,,,,,,,,,,,,,,,,,,
22200168,1610612749,MIL,Milwaukee,1630699,MarJon Beauchamp,MarJon,F,,29:55,7.0,13.0,0.538,5.0,8.0,0.625,0.0,0.0,0.0,3.0,5.0,8.0,0.0,2.0,0.0,2.0,5.0,19.0,14.0
22200168,1610612749,MIL,Milwaukee,1626171,Bobby Portis,Bobby,F,,34:16,4.0,12.0,0.333,1.0,1.0,1.0,4.0,4.0,1.0,1.0,8.0,9.0,2.0,1.0,0.0,2.0,2.0,13.0,6.0
22200168,1610612749,MIL,Milwaukee,201572,Brook Lopez,Brook,C,,45:41,11.0,23.0,0.478,1.0,6.0,0.167,1.0,2.0,0.5,4.0,9.0,13.0,1.0,1.0,5.0,1.0,0.0,24.0,10.0
22200168,1610612749,MIL,Milwaukee,1628960,Grayson Allen,Grayson,G,,35:03,5.0,8.0,0.625,2.0,3.0,0.667,6.0,6.0,1.0,1.0,2.0,3.0,6.0,0.0,1.0,3.0,5.0,18.0,10.0
22200168,1610612749,MIL,Milwaukee,1628975,Jevon Carter,Jevon,G,,44:46,15.0,27.0,0.556,5.0,10.0,0.5,1.0,2.0,0.5,0.0,4.0,4.0,12.0,1.0,0.0,5.0,5.0,36.0,3.0
22200168,1610612749,MIL,Milwaukee,201588,George Hill,George,,,35:24,3.0,6.0,0.5,1.0,1.0,1.0,5.0,6.0,0.833,0.0,2.0,2.0,5.0,3.0,0.0,1.0,1.0,12.0,-4.0
22200168,1610612749,MIL,Milwaukee,1629670,Jordan Nwora,Jordan,,,17:17,1.0,9.0,0.111,1.0,5.0,0.2,2.0,2.0,1.0,1.0,6.0,7.0,0.0,0.0,0.0,0.0,0.0,5.0,-14.0
22200168,1610612749,MIL,Milwaukee,201586,Serge Ibaka,Serge,,,12:15,2.0,2.0,1.0,0.0,0.0,0.0,0.0,0.0,0.0,0.0,2.0,2.0,1.0,0.0,1.0,1.0,1.0,4.0,-4.0
22200168,1610612749,MIL,Milwaukee,202083,Wesley Matthews,Wesley,,,29:07,2.0,4.0,0.5,1.0,1.0,1.0,0.0,0.0,0.0,1.0,3.0,4.0,0.0,0.0,0.0,1.0,3.0,5.0,-3.0
22200168,1610612749,MIL,Milwaukee,1630572,Sandro Mamukelashvili,Sandro,,,6:16,0.0,2.0,0.0,0.0,1.0,0.0,0.0,0.0,0.0,0.0,3.0,3.0,0.0,0.0,0.0,0.0,1.0,0.0,2.0
22200168,1610612749,MIL,Milwaukee,203648,Thanasis Antetokounmpo,Thanasis,,DNP - Coach's Decision,,,,,,,,,,,,,,,,,,,,
22200168,1610612760,OKC,Oklahoma City,1629652,Luguentz Dort,Luguentz,F,,40:02,5.0,14.0,0.357,2.0,6.0,0.333,0.0,0.0,0.0,2.0,5.0,7.0,3.0,4.0,0.0,0.0,4.0,12.0,1.0
22200168,1610612760,OKC,Oklahoma City,1630197,Aleksej Pokusevski,Aleksej,F,,39:06,6.0,11.0,0.545,4.0,7.0,0.571,1.0,2.0,0.5,4.0,6.0,10.0,2.0,2.0,2.0,2.0,1.0,17.0,-11.0
22200168,1610612760,OKC,Oklahoma City,1630526,Jeremiah Robinson-Earl,Jeremiah,C,,12:32,2.0,6.0,0.333,1.0,3.0,0.333,0.0,0.0,0.0,0.0,1.0,1.0,0.0,0.0,0.0,2.0,2.0,5.0,-8.0
22200168,1610612760,OKC,Oklahoma City,1630581,Josh Giddey,Josh,G,,44:10,9.0,19.0,0.474,0.0,4.0,0.0,0.0,2.0,0.0,5.0,10.0,15.0,6.0,0.0,0.0,1.0,1.0,18.0,-8.0
22200168,1610612760,OKC,Oklahoma City,1628983,Shai Gilgeous-Alexander,Shai,G,,46:05,13.0,25.0,0.52,2.0,5.0,0.4,11.0,13.0,0.846,1.0,3.0,4.0,4.0,0.0,2.0,4.0,5.0,39.0,3.0
22200168,1610612760,OKC,Oklahoma City,1631114,Jalen Williams,Jalen,,,22:34,3.0,6.0,0.5,1.0,2.0,0.5,2.0,2.0,1.0,1.0,4.0,5.0,2.0,1.0,1.0,0.0,2.0,9.0,-4.0
22200168,1610612760,OKC,Oklahoma City,1630544,Tre Mann,Tre,,,35:51,8.0,16.0,0.5,5.0,9.0,0.556,0.0,0.0,0.0,1.0,5.0,6.0,1.0,2.0,0.0,2.0,5.0,21.0,4.0
22200168,1610612760,OKC,Oklahoma City,1629647,Darius Bazley,Darius,,,3:58,0.0,0.0,0.0,0.0,0.0,0.0,0.0,0.0,0.0,0.0,1.0,1.0,1.0,0.0,0.0,0.0,0.0,0.0,5.0
22200168,1610612760,OKC,Oklahoma City,1630598,Aaron Wiggins,Aaron,,,6:32,0.0,1.0,0.0,0.0,0.0,0.0,0.0,0.0,0.0,0.0,1.0,1.0,2.0,0.0,1.0,0.0,0.0,0.0,7.0
22200168,1610612760,OKC,Oklahoma City,1630198,Isaiah Joe,Isaiah,,,4:58,1.0,2.0,0.5,1.0,2.0,0.5,0.0,0.0,0.0,0.0,2.0,2.0,1.0,0.0,1.0,0.0,0.0,3.0,1.0
22200168,1610612760,OKC,Oklahoma City,203488,Mike Muscala,Mike,,,17:08,2.0,9.0,0.222,2.0,6.0,0.333,0.0,0.0,0.0,1.0,1.0,2.0,1.0,0.0,2.0,1.0,3.0,6.0,2.0
22200168,1610612760,OKC,Oklahoma City,1629026,Kenrich Williams,Kenrich,,,17:04,1.0,2.0,0.5,0.0,1.0,0.0,0.0,0.0,0.0,1.0,0.0,1.0,1.0,0.0,0.0,1.0,3.0,2.0,-12.0
22200144,1610612764,WAS,Washington,1630166,Deni Avdija,Deni,F,,18:27,1.0,4.0,0.25,0.0,3.0,0.0,1.0,2.0,0.5,0.0,3.0,3.0,2.0,0.0,0.0,1.0,3.0,3.0,4.0
22200144,1610612764,WAS,Washington,1628398,Kyle Kuzma,Kyle,F,,31:25,9.0,16.0,0.563,1.0,3.0,0.333,1.0,5.0,0.2,0.0,6.0,6.0,1.0,0.0,1.0,2.0,0.0,20.0,10.0
22200144,1610612764,WAS,Washington,204001,Kristaps Porziņģis,Kristaps,C,,30:47,6.0,14.0,0.429,1.0,6.0,0.167,6.0,8.0,0.75,1.0,7.0,8.0,5.0,0.0,1.0,1.0,4.0,19.0,3.0
22200144,1610612764,WAS,Washington,1630557,Corey Kispert,Corey,G,,19:15,3.0,4.0,0.75,1.0,2.0,0.5,1.0,1.0,1.0,0.0,3.0,3.0,1.0,0.0,0.0,1.0,4.0,8.0,-7.0
22200144,1610612764,WAS,Washington,1628420,Monté Morris,Monté,G,,32:27,3.0,7.0,0.429,1.0,1.0,1.0,1.0,2.0,0.5,2.0,3.0,5.0,2.0,0.0,1.0,1.0,1.0,8.0,4.0
22200144,1610612764,WAS,Washington,203115,Will Barton,Will,,,26:39,3.0,10.0,0.3,0.0,3.0,0.0,0.0,0.0,0.0,1.0,5.0,6.0,1.0,0.0,0.0,3.0,0.0,6.0,8.0
22200144,1610612764,WAS,Washington,1630264,Anthony Gill,Anthony,,,16:59,2.0,3.0,0.667,0.0,0.0,0.0,2.0,2.0,1.0,1.0,0.0,1.0,1.0,0.0,0.0,0.0,3.0,6.0,-10.0
22200144,1610612764,WAS,Washington,1629060,Rui Hachimura,Rui,,,26:18,6.0,12.0,0.5,0.0,0.0,0.0,4.0,7.0,0.571,0.0,3.0,3.0,0.0,0.0,1.0,2.0,1.0,16.0,10.0
22200144,1610612764,WAS,Washington,1630692,Jordan Goodwin,Jordan,,,21:24,7.0,7.0,1.0,1.0,1.0,1.0,2.0,2.0,1.0,2.0,2.0,4.0,5.0,0.0,2.0,1.0,1.0,17.0,10.0
22200144,1610612764,WAS,Washington,1629655,Daniel Gafford,Daniel,,,11:09,2.0,2.0,1.0,0.0,0.0,0.0,1.0,1.0,1.0,2.0,5.0,7.0,1.0,1.0,0.0,1.0,0.0,5.0,5.0
22200144,1610612764,WAS,Washington,201959,Taj Gibson,Taj,,,5:10,0.0,1.0,0.0,0.0,0.0,0.0,0.0,0.0,0.0,1.0,0.0,1.0,2.0,1.0,0.0,1.0,1.0,0.0,3.0
22200144,1610612764,WAS,Washington,1631098,Johnny Davis,Johnny,,DNP - Coach's Decision,,,,,,,,,,,,,,,,,,,,
22200144,1610612766,CHA,Charlotte,1626162,Kelly Oubre Jr.,Kelly,F,,28:43,8.0,20.0,0.4,1.0,7.0,0.143,3.0,3.0,1.0,0.0,1.0,1.0,0.0,0.0,0.0,1.0,5.0,20.0,-3.0
22200144,1610612766,CHA,Charlotte,1629023,P.J. Washington,P.J.,F,,30:28,11.0,18.0,0.611,2.0,6.0,0.333,1.0,1.0,1.0,1.0,3.0,4.0,0.0,3.0,0.0,1.0,2.0,25.0,-27.0
22200144,1610612766,CHA,Charlotte,203486,Mason Plumlee,Mason,C,,22:19,1.0,5.0,0.2,0.0,0.0,0.0,4.0,6.0,0.667,7.0,3.0,10.0,5.0,2.0,0.0,2.0,4.0,6.0,-6.0
22200144,1610612766,CHA,Charlotte,1626179,Terry Rozier,Terry,G,,37:31,9.0,23.0,0.391,1.0,9.0,0.111,0.0,0.0,0.0,1.0,2.0,3.0,5.0,0.0,0.0,2.0,1.0,19.0,-12.0
22200144,1610612766,CHA,Charlotte,1628372,Dennis Smith Jr.,Dennis,G,,34:12,1.0,11.0,0.091,0.0,2.0,0.0,1.0,2.0,0.5,2.0,3.0,5.0,10.0,0.0,3.0,1.0,2.0,3.0,-5.0
22200144,1610612766,CHA,Charlotte,1630208,Nick Richards,Nick,,,23:44,4.0,6.0,0.667,0.0,0.0,0.0,0.0,0.0,0.0,3.0,3.0,6.0,0.0,0.0,2.0,0.0,2.0,8.0,-3.0
22200144,1610612766,CHA,Charlotte,1629667,Jalen McDaniels,Jalen,,,27:23,4.0,9.0,0.444,1.0,4.0,0.25,0.0,1.0,0.0,2.0,5.0,7.0,1.0,3.0,2.0,1.0,3.0,9.0,5.0
22200144,1610612766,CHA,Charlotte,1630547,James Bouknight,James,,,20:24,3.0,7.0,0.429,0.0,3.0,0.0,1.0,2.0,0.5,1.0,5.0,6.0,3.0,0.0,0.0,1.0,3.0,7.0,-5.0
22200144,1610612766,CHA,Charlotte,1630550,JT Thor,JT,,,10:01,1.0,2.0,0.5,0.0,1.0,0.0,1.0,1.0,1.0,0.0,2.0,2.0,2.0,0.0,0.0,1.0,1.0,3.0,12.0
22200144,1610612766,CHA,Charlotte,1630177,Theo Maledon,Theo,,,5:15,0.0,0.0,0.0,0.0,0.0,0.0,0.0,0.0,0.0,0.0,1.0,1.0,1.0,0.0,0.0,0.0,0.0,0.0,4.0
22200144,1610612766,CHA,Charlotte,1630539,Kai Jones,Kai,,DNP - Coach's Decision,,,,,,,,,,,,,,,,,,,,
22200144,1610612766,CHA,Charlotte,1631121,Bryce McGowens,Bryce,,DNP - Coach's Decision,,,,,,,,,,,,,,,,,,,,
22200144,1610612766,CHA,Charlotte,1631109,Mark Williams,Mark,,DNP - Coach's Decision,,,,,,,,,,,,,,,,,,,,
22200147,1610612740,NOP,New Orleans,1627742,Brandon Ingram,Brandon,F,,36:46,12.0,24.0,0.5,3.0,4.0,0.75,2.0,2.0,1.0,2.0,4.0,6.0,2.0,0.0,2.0,2.0,2.0,29.0,-5.0
22200147,1610612740,NOP,New Orleans,1629627,Zion Williamson,Zion,F,,33:59,10.0,15.0,0.667,2.0,3.0,0.667,4.0,6.0,0.667,3.0,4.0,7.0,7.0,2.0,1.0,1.0,4.0,26.0,-9.0
22200147,1610612740,NOP,New Orleans,202685,Jonas Valančiūnas,Jonas,C,,21:49,7.0,9.0,0.778,0.0,0.0,0.0,0.0,0.0,0.0,2.0,5.0,7.0,2.0,0.0,0.0,0.0,3.0,14.0,-13.0
22200147,1610612740,NOP,New Orleans,1630529,Herbert Jones,Herbert,G,,28:34,7.0,12.0,0.583,1.0,3.0,0.333,1.0,1.0,1.0,0.0,2.0,2.0,2.0,1.0,1.0,2.0,2.0,16.0,-6.0
22200147,1610612740,NOP,New Orleans,203468,CJ McCollum,CJ,G,,35:49,3.0,11.0,0.273,2.0,5.0,0.4,1.0,2.0,0.5,2.0,3.0,5.0,7.0,1.0,0.0,3.0,3.0,9.0,-11.0
22200147,1610612740,NOP,New Orleans,1630631,Jose Alvarado,Jose,,,14:16,0.0,5.0,0.0,0.0,3.0,0.0,1.0,2.0,0.5,1.0,1.0,2.0,3.0,1.0,0.0,1.0,2.0,1.0,0.0
22200147,1610612740,NOP,New Orleans,1626204,Larry Nance Jr.,Larry,,,14:11,1.0,1.0,1.0,0.0,0.0,0.0,1.0,2.0,0.5,1.0,3.0,4.0,4.0,0.0,0.0,0.0,2.0,3.0,4.0
22200147,1610612740,NOP,New Orleans,1630530,Trey Murphy III,Trey,,,28:11,4.0,7.0,0.571,3.0,6.0,0.5,0.0,0.0,0.0,1.0,5.0,6.0,1.0,2.0,0.0,1.0,1.0,11.0,8.0
22200147,1610612740,NOP,New Orleans,1628984,Devonte' Graham,Devonte',,,20:22,3.0,9.0,0.333,3.0,8.0,0.375,2.0,2.0,1.0,0.0,2.0,2.0,4.0,0.0,0.0,0.0,0.0,11.0,0.0
22200147,1610612740,NOP,New Orleans,1630230,Naji Marshall,Naji,,,6:03,1.0,4.0,0.25,0.0,2.0,0.0,0.0,0.0,0.0,1.0,1.0,2.0,0.0,0.0,0.0,0.0,1.0,2.0,-3.0
22200147,1610612740,NOP,New Orleans,1630700,Dyson Daniels,Dyson,,DNP - Coach's Decision,,,,,,,,,,,,,,,,,,,,
22200147,1610612740,NOP,New Orleans,1629637,Jaxson Hayes,Jaxson,,DNP - Coach's Decision,,,,,,,,,,,,,,,,,,,,
22200147,1610612740,NOP,New Orleans,1626195,Willy Hernangomez,Willy,,DNP - Coach's Decision,,,,,,,,,,,,,,,,,,,,
22200147,1610612754,IND,Indiana,1627741,Buddy Hield,Buddy,F,,36:12,6.0,16.0,0.375,5.0,13.0,0.385,3.0,3.0,1.0,2.0,3.0,5.0,3.0,2.0,2.0,0.0,3.0,20.0,9.0
22200147,1610612754,IND,Indiana,1630188,Jalen Smith,Jalen,F,,29:19,6.0,11.0,0.545,3.0,7.0,0.429,0.0,0.0,0.0,3.0,8.0,11.0,1.0,0.0,1.0,1.0,3.0,15.0,14.0
22200147,1610612754,IND,Indiana,1626167,Myles Turner,Myles,C,,36:37,11.0,18.0,0.611,4.0,7.0,0.571,11.0,11.0,1.0,2.0,10.0,12.0,1.0,0.0,3.0,1.0,4.0,37.0,10.0
22200147,1610612754,IND,Indiana,1629614,Andrew Nembhard,Andrew,G,,33:34,6.0,11.0,0.545,3.0,4.0,0.75,0.0,0.0,0.0,1.0,2.0,3.0,5.0,2.0,0.0,3.0,3.0,15.0,6.0
22200147,1610612754,IND,Indiana,1630169,Tyrese Haliburton,Tyrese,G,,34:07,7.0,14.0,0.5,6.0,10.0,0.6,0.0,0.0,0.0,2.0,2.0,4.0,13.0,2.0,0.0,2.0,3.0,20.0,7.0
22200147,1610612754,IND,Indiana,204456,T.J. McConnell,T.J.,,,16:39,4.0,5.0,0.8,0.0,0.0,0.0,2.0,3.0,0.667,0.0,3.0,3.0,3.0,0.0,1.0,3.0,0.0,10.0,-2.0
22200147,1610612754,IND,Indiana,1630543,Isaiah Jackson,Isaiah,,,17:46,1.0,2.0,0.5,0.0,0.0,0.0,2.0,3.0,0.667,0.0,5.0,5.0,2.0,0.0,1.0,3.0,2.0,4.0,-4.0
22200147,1610612754,IND,Indiana,1631097,Bennedict Mathurin,Bennedict,,,30:08,2.0,8.0,0.25,1.0,6.0,0.167,3.0,3.0,1.0,0.0,2.0,2.0,5.0,0.0,0.0,4.0,1.0,8.0,-4.0
22200147,1610612754,IND,Indiana,1630678,Terry Taylor,Terry,,,5:38,0.0,1.0,0.0,0.0,1.0,0.0,0.0,0.0,0.0,0.0,0.0,0.0,0.0,0.0,0.0,0.0,0.0,0.0,-1.0
22200147,1610612754,IND,Indiana,1629048,Goga Bitadze,Goga,,DNP - Coach's Decision,,,,,,,,,,,,,,,,,,,,
22200147,1610612754,IND,Indiana,1629052,Oshae Brissett,Oshae,,DNP - Coach's Decision,,,,,,,,,,,,,,,,,,,,
22200147,1610612754,IND,Indiana,201949,James Johnson,James,,DNP - Coach's Decision,,,,,,,,,,,,,,,,,,,,
22200147,1610612754,IND,Indiana,1630174,Aaron Nesmith,Aaron,,DNP - Injury/Illness,,,,,,,,,,,,,,,,,,,,
22200147,1610612754,IND,Indiana,1630243,Trevelin Queen,Trevelin,,DNP - Coach's Decision,,,,,,,,,,,,,,,,,,,,
22200155,1610612751,BKN,Brooklyn,201142,Kevin Durant,Kevin,F,,38:40,10.0,20.0,0.5,1.0,3.0,0.333,5.0,7.0,0.714,1.0,3.0,4.0,4.0,2.0,1.0,3.0,5.0,26.0,1.0
22200155,1610612751,BKN,Brooklyn,1626220,Royce O'Neale,Royce,F,,40:58,5.0,12.0,0.417,4.0,8.0,0.5,1.0,2.0,0.5,2.0,2.0,4.0,8.0,2.0,2.0,3.0,3.0,15.0,0.0
22200155,1610612751,BKN,Brooklyn,1629651,Nic Claxton,Nic,C,,31:57,5.0,8.0,0.625,0.0,0.0,0.0,0.0,0.0,0.0,7.0,7.0,14.0,1.0,3.0,1.0,2.0,4.0,10.0,5.0
22200155,1610612751,BKN,Brooklyn,203925,Joe Harris,Joe,G,,33:08,6.0,10.0,0.6,2.0,5.0,0.4,0.0,0.0,0.0,2.0,3.0,5.0,4.0,1.0,0.0,0.0,2.0,14.0,13.0
22200155,1610612751,BKN,Brooklyn,1628410,Edmond Sumner,Edmond,G,,19:55,2.0,5.0,0.4,0.0,2.0,0.0,0.0,0.0,0.0,0.0,2.0,2.0,0.0,1.0,1.0,1.0,4.0,4.0,6.0
22200155,1610612751,BKN,Brooklyn,203552,Seth Curry,Seth,,,12:59,0.0,3.0,0.0,0.0,1.0,0.0,1.0,1.0,1.0,0.0,0.0,0.0,0.0,1.0,0.0,0.0,2.0,1.0,-2.0
22200155,1610612751,BKN,Brooklyn,1627732,Ben Simmons,Ben,,,15:56,1.0,3.0,0.333,0.0,0.0,0.0,0.0,0.0,0.0,1.0,2.0,3.0,2.0,1.0,0.0,2.0,3.0,2.0,-7.0
22200155,1610612751,BKN,Brooklyn,1630561,David Duke Jr.,David,,,4:03,0.0,1.0,0.0,0.0,1.0,0.0,0.0,0.0,0.0,0.0,0.0,0.0,1.0,0.0,0.0,1.0,1.0,0.0,-7.0
22200155,1610612751,BKN,Brooklyn,1629139,Yuta Watanabe,Yuta,,,4:38,1.0,3.0,0.333,1.0,3.0,0.333,0.0,0.0,0.0,0.0,0.0,0.0,0.0,0.0,0.0,0.0,0.0,3.0,-7.0
22200155,1610612751,BKN,Brooklyn,201988,Patty Mills,Patty,,,7:59,0.0,2.0,0.0,0.0,2.0,0.0,0.0,0.0,0.0,0.0,1.0,1.0,0.0,0.0,0.0,0.0,0.0,0.0,-5.0
22200155,1610612751,BKN,Brooklyn,1630560,Cam Thomas,Cam,,,29:42,5.0,13.0,0.385,2.0,4.0,0.5,7.0,9.0,0.778,1.0,0.0,1.0,2.0,2.0,0.0,1.0,2.0,19.0,-7.0
22200155,1610612751,BKN,Brooklyn,1630549,Day'Ron Sharpe,Day'Ron,,,0:06,0.0,0.0,0.0,0.0,0.0,0.0,0.0,0.0,0.0,0.0,0.0,0.0,0.0,0.0,0.0,0.0,0.0,0.0,0.0
22200155,1610612751,BKN,Brooklyn,202693,Markieff Morris,Markieff,,DNP - Coach's Decision,,,,,,,,,,,,,,,,,,,,
22200155,1610612742,DAL,Dallas,203493,Reggie Bullock Jr.,Reggie,F,,22:04,0.0,5.0,0.0,0.0,3.0,0.0,0.0,0.0,0.0,0.0,1.0,1.0,1.0,2.0,0.0,0.0,2.0,0.0,-18.0
22200155,1610612742,DAL,Dallas,1627827,Dorian Finney-Smith,Dorian,F,,35:01,5.0,9.0,0.556,2.0,5.0,0.4,6.0,6.0,1.0,1.0,2.0,3.0,1.0,1.0,0.0,4.0,1.0,18.0,-7.0
22200155,1610612742,DAL,Dallas,201580,JaVale McGee,JaVale,C,,3:25,0.0,1.0,0.0,0.0,0.0,0.0,0.0,0.0,0.0,0.0,0.0,0.0,0.0,0.0,0.0,1.0,0.0,0.0,-4.0
22200155,1610612742,DAL,Dallas,203915,Spencer Dinwiddie,Spencer,G,,27:53,1.0,8.0,0.125,0.0,3.0,0.0,0.0,0.0,0.0,2.0,4.0,6.0,5.0,0.0,0.0,4.0,3.0,2.0,-3.0
22200155,1610612742,DAL,Dallas,1629029,Luka Dončić,Luka,G,,38:25,11.0,22.0,0.5,5.0,9.0,0.556,9.0,12.0,0.75,0.0,6.0,6.0,6.0,2.0,1.0,5.0,5.0,36.0,1.0
22200155,1610612742,DAL,Dallas,1626174,Christian Wood,Christian,,,20:34,3.0,9.0,0.333,0.0,1.0,0.0,0.0,0.0,0.0,2.0,4.0,6.0,1.0,1.0,0.0,4.0,2.0,6.0,-1.0
22200155,1610612742,DAL,Dallas,203501,Tim Hardaway Jr.,Tim,,,13:48,4.0,8.0,0.5,2.0,4.0,0.5,1.0,2.0,0.5,0.0,1.0,1.0,1.0,0.0,0.0,0.0,0.0,11.0,6.0
22200155,1610612742,DAL,Dallas,1628467,Maxi Kleber,Maxi,,,29:24,2.0,3.0,0.667,1.0,1.0,1.0,0.0,0.0,0.0,2.0,3.0,5.0,1.0,0.0,1.0,0.0,3.0,5.0,18.0
22200155,1610612742,DAL,Dallas,1630182,Josh Green,Josh,,,26:48,5.0,5.0,1.0,2.0,2.0,1.0,4.0,4.0,1.0,1.0,4.0,5.0,2.0,0.0,0.0,2.0,2.0,16.0,11.0
22200155,1610612742,DAL,Dallas,203939,Dwight Powell,Dwight,,,22:38,1.0,2.0,0.5,0.0,0.0,0.0,0.0,0.0,0.0,4.0,4.0,8.0,0.0,1.0,1.0,2.0,2.0,2.0,7.0
22200155,1610612742,DAL,Dallas,1630267,Facundo Campazzo,Facundo,,DNP - Coach's Decision,,,,,,,,,,,,,,,,,,,,
22200155,1610612742,DAL,Dallas,1630702,Jaden Hardy,Jaden,,DNP - Coach's Decision,,,,,,,,,,,,,,,,,,,,
22200155,1610612742,DAL,Dallas,1628373,Frank Ntilikina,Frank,,DNP - Coach's Decision,,,,,,,,,,,,,,,,,,,,
22200155,1610612742,DAL,Dallas,1629033,Theo Pinson,Theo,,DNP - Coach's Decision,,,,,,,,,,,,,,,,,,,,
22200152,1610612738,BOS,Boston,1628369,Jayson Tatum,Jayson,F,,39:35,12.0,25.0,0.48,3.0,11.0,0.273,12.0,16.0,0.75,0.0,3.0,3.0,2.0,0.0,2.0,2.0,2.0,39.0,15.0
22200152,1610612738,BOS,Boston,1629684,Grant Williams,Grant,F,,37:35,0.0,0.0,0.0,0.0,0.0,0.0,2.0,2.0,1.0,2.0,3.0,5.0,1.0,1.0,1.0,2.0,3.0,2.0,6.0
22200152,1610612738,BOS,Boston,201143,Al Horford,Al,C,,31:48,6.0,7.0,0.857,3.0,3.0,1.0,0.0,0.0,0.0,0.0,6.0,6.0,2.0,1.0,2.0,0.0,1.0,15.0,-5.0
22200152,1610612738,BOS,Boston,1627759,Jaylen Brown,Jaylen,G,,38:16,8.0,20.0,0.4,1.0,6.0,0.167,4.0,5.0,0.8,0.0,9.0,9.0,2.0,1.0,0.0,7.0,4.0,21.0,-6.0
22200152,1610612738,BOS,Boston,203935,Marcus Smart,Marcus,G,,35:44,6.0,11.0,0.545,2.0,6.0,0.333,1.0,3.0,0.333,0.0,7.0,7.0,12.0,0.0,0.0,2.0,4.0,15.0,4.0
22200152,1610612738,BOS,Boston,203943,Noah Vonleh,Noah,,,8:22,0.0,0.0,0.0,0.0,0.0,0.0,0.0,0.0,0.0,1.0,1.0,2.0,1.0,0.0,0.0,1.0,2.0,0.0,-11.0
22200152,1610612738,BOS,Boston,1628401,Derrick White,Derrick,,,18:09,2.0,5.0,0.4,0.0,2.0,0.0,0.0,0.0,0.0,1.0,1.0,2.0,1.0,1.0,1.0,0.0,2.0,4.0,-3.0
22200152,1610612738,BOS,Boston,1630573,Sam Hauser,Sam,,,11:02,1.0,2.0,0.5,1.0,2.0,0.5,2.0,2.0,1.0,0.0,1.0,1.0,1.0,1.0,0.0,0.0,1.0,5.0,9.0
22200152,1610612738,BOS,Boston,1627763,Malcolm Brogdon,Malcolm,,,19:29,3.0,12.0,0.25,2.0,7.0,0.286,0.0,0.0,0.0,3.0,7.0,10.0,4.0,0.0,0.0,1.0,0.0,8.0,6.0
22200152,1610612738,BOS,Boston,201933,Blake Griffin,Blake,,DNP - Coach's Decision,,,,,,,,,,,,,,,,,,,,
22200152,1610612738,BOS,Boston,1628382,Justin Jackson,Justin,,DNP - Coach's Decision,,,,,,,,,,,,,,,,,,,,
22200152,1610612738,BOS,Boston,1629662,Mfiondu Kabengele,Mfiondu,,DNP - Coach's Decision,,,,,,,,,,,,,,,,,,,,
22200152,1610612738,BOS,Boston,1630202,Payton Pritchard,Payton,,DNP - Coach's Decision,,,,,,,,,,,,,,,,,,,,
22200152,1610612763,MEM,Memphis,1628415,Dillon Brooks,Dillon,F,,31:52,6.0,17.0,0.353,0.0,4.0,0.0,1.0,2.0,0.5,0.0,7.0,7.0,5.0,1.0,2.0,1.0,6.0,13.0,13.0
22200152,1610612763,MEM,Memphis,1630583,Santi Aldama,Santi,F,,18:29,3.0,7.0,0.429,2.0,6.0,0.333,0.0,0.0,0.0,1.0,0.0,1.0,0.0,0.0,0.0,0.0,1.0,8.0,-16.0
22200152,1610612763,MEM,Memphis,1629634,Brandon Clarke,Brandon,C,,30:40,5.0,8.0,0.625,0.0,2.0,0.0,0.0,0.0,0.0,1.0,7.0,8.0,1.0,0.0,0.0,2.0,3.0,10.0,-6.0
22200152,1610612763,MEM,Memphis,1630217,Desmond Bane,Desmond,G,,35:28,7.0,15.0,0.467,2.0,6.0,0.333,3.0,3.0,1.0,0.0,5.0,5.0,5.0,0.0,0.0,1.0,3.0,19.0,-6.0
22200152,1610612763,MEM,Memphis,1629630,Ja Morant,Ja,G,,35:19,10.0,24.0,0.417,5.0,12.0,0.417,5.0,9.0,0.556,0.0,8.0,8.0,9.0,2.0,1.0,4.0,4.0,30.0,14.0
22200152,1610612763,MEM,Memphis,1631222,Jake LaRavia,Jake,,,24:37,2.0,4.0,0.5,2.0,4.0,0.5,0.0,0.0,0.0,0.0,3.0,3.0,1.0,1.0,0.0,1.0,2.0,6.0,7.0
22200152,1610612763,MEM,Memphis,1629723,John Konchar,John,,,26:19,4.0,8.0,0.5,4.0,7.0,0.571,0.0,0.0,0.0,3.0,4.0,7.0,1.0,0.0,1.0,2.0,2.0,12.0,12.0
22200152,1610612763,MEM,Memphis,1630214,Xavier Tillman,Xavier,,,17:20,1.0,2.0,0.5,0.0,1.0,0.0,0.0,0.0,0.0,1.0,2.0,3.0,2.0,0.0,0.0,0.0,2.0,2.0,3.0
22200152,1610612763,MEM,Memphis,1626145,Tyus Jones,Tyus,,,15:11,3.0,5.0,0.6,0.0,2.0,0.0,0.0,0.0,0.0,0.0,1.0,1.0,3.0,0.0,0.0,0.0,0.0,6.0,-21.0
22200152,1610612763,MEM,Memphis,1631223,David Roddy,David,,,4:45,0.0,1.0,0.0,0.0,0.0,0.0,0.0,0.0,0.0,2.0,0.0,2.0,0.0,0.0,0.0,0.0,0.0,0.0,-15.0
22200152,1610612763,MEM,Memphis,1631113,Kennedy Chandler,Kennedy,,DNP - Coach's Decision,,,,,,,,,,,,,,,,,,,,
22200152,1610612763,MEM,Memphis,1631246,Vince Williams Jr.,Vince,,DNP - Coach's Decision,,,,,,,,,,,,,,,,,,,,
22200151,1610612761,TOR,Toronto,1628384,OG Anunoby,OG,F,,39:19,4.0,12.0,0.333,0.0,2.0,0.0,5.0,7.0,0.714,1.0,3.0,4.0,1.0,3.0,0.0,4.0,4.0,13.0,-12.0
22200151,1610612761,TOR,Toronto,1630567,Scottie Barnes,Scottie,F,,30:25,2.0,9.0,0.222,0.0,2.0,0.0,1.0,2.0,0.5,1.0,5.0,6.0,5.0,0.0,0.0,1.0,3.0,5.0,6.0
22200151,1610612761,TOR,Toronto,1631132,Christian Koloko,Christian,C,,21:03,2.0,8.0,0.25,0.0,1.0,0.0,1.0,2.0,0.5,1.0,2.0,3.0,1.0,0.0,1.0,2.0,4.0,5.0,4.0
22200151,1610612761,TOR,Toronto,1629018,Gary Trent Jr.,Gary,G,,32:41,7.0,12.0,0.583,2.0,4.0,0.5,3.0,3.0,1.0,0.0,3.0,3.0,4.0,3.0,1.0,2.0,2.0,19.0,-2.0
22200151,1610612761,TOR,Toronto,1627832,Fred VanVleet,Fred,G,,34:22,10.0,19.0,0.526,6.0,10.0,0.6,1.0,1.0,1.0,0.0,3.0,3.0,4.0,2.0,2.0,2.0,1.0,27.0,-8.0
22200151,1610612761,TOR,Toronto,203490,Otto Porter Jr.,Otto,,,17:13,2.0,4.0,0.5,0.0,1.0,0.0,1.0,1.0,1.0,0.0,0.0,0.0,1.0,0.0,0.0,0.0,0.0,5.0,-14.0
22200151,1610612761,TOR,Toronto,1628449,Chris Boucher,Chris,,,14:28,0.0,3.0,0.0,0.0,2.0,0.0,0.0,2.0,0.0,0.0,3.0,3.0,0.0,0.0,0.0,1.0,3.0,0.0,-10.0
22200151,1610612761,TOR,Toronto,1630173,Precious Achiuwa,Precious,,,13:52,4.0,6.0,0.667,0.0,0.0,0.0,2.0,2.0,1.0,1.0,3.0,4.0,1.0,0.0,1.0,0.0,1.0,10.0,-16.0
22200151,1610612761,TOR,Toronto,1630625,Dalano Banton,Dalano,,,9:38,2.0,7.0,0.286,0.0,3.0,0.0,0.0,0.0,0.0,0.0,2.0,2.0,2.0,1.0,1.0,0.0,0.0,4.0,-3.0
22200151,1610612761,TOR,Toronto,201152,Thaddeus Young,Thaddeus,,,10:24,0.0,0.0,0.0,0.0,0.0,0.0,0.0,0.0,0.0,0.0,0.0,0.0,3.0,0.0,0.0,1.0,1.0,0.0,-5.0
22200151,1610612761,TOR,Toronto,1627823,Juancho Hernangomez,Juancho,,,10:34,2.0,3.0,0.667,1.0,2.0,0.5,0.0,0.0,0.0,1.0,1.0,2.0,1.0,0.0,1.0,0.0,1.0,5.0,-9.0
22200151,1610612761,TOR,Toronto,1630201,Malachi Flynn,Malachi,,,6:02,1.0,2.0,0.5,0.0,1.0,0.0,2.0,2.0,1.0,0.0,1.0,1.0,1.0,1.0,0.0,1.0,0.0,4.0,-1.0
22200151,1610612741,CHI,Chicago,201942,DeMar DeRozan,DeMar,F,,35:37,2.0,6.0,0.333,0.0,1.0,0.0,5.0,6.0,0.833,0.0,6.0,6.0,7.0,1.0,0.0,2.0,4.0,9.0,7.0
22200151,1610612741,CHI,Chicago,1630172,Patrick Williams,Patrick,F,,24:47,4.0,8.0,0.5,0.0,2.0,0.0,2.0,2.0,1.0,3.0,3.0,6.0,2.0,0.0,1.0,1.0,4.0,10.0,2.0
22200151,1610612741,CHI,Chicago,202696,Nikola Vučević,Nikola,C,,34:42,7.0,14.0,0.5,1.0,4.0,0.25,0.0,0.0,0.0,0.0,13.0,13.0,4.0,0.0,2.0,5.0,3.0,15.0,7.0
22200151,1610612741,CHI,Chicago,203897,Zach LaVine,Zach,G,,32:11,11.0,20.0,0.55,4.0,8.0,0.5,4.0,5.0,0.8,1.0,2.0,3.0,5.0,2.0,0.0,5.0,5.0,30.0,4.0
22200151,1610612741,CHI,Chicago,1630245,Ayo Dosunmu,Ayo,G,,27:22,5.0,10.0,0.5,2.0,7.0,0.286,0.0,0.0,0.0,0.0,4.0,4.0,2.0,0.0,2.0,3.0,2.0,12.0,-3.0
22200151,1610612741,CHI,Chicago,1629750,Javonte Green,Javonte,,,18:34,3.0,6.0,0.5,1.0,3.0,0.333,2.0,2.0,1.0,2.0,1.0,3.0,3.0,1.0,0.0,0.0,0.0,9.0,12.0
22200151,1610612741,CHI,Chicago,201609,Goran Dragic,Goran,,,25:02,4.0,9.0,0.444,0.0,2.0,0.0,2.0,2.0,1.0,2.0,3.0,5.0,2.0,1.0,0.0,2.0,2.0,10.0,18.0
22200151,1610612741,CHI,Chicago,1627936,Alex Caruso,Alex,,,27:59,1.0,2.0,0.5,1.0,1.0,1.0,1.0,2.0,0.5,0.0,6.0,6.0,5.0,2.0,2.0,3.0,1.0,4.0,16.0
22200151,1610612741,CHI,Chicago,1627884,Derrick Jones Jr.,Derrick,,,13:04,5.0,5.0,1.0,0.0,0.0,0.0,2.0,3.0,0.667,1.0,1.0,2.0,0.0,0.0,0.0,0.0,0.0,12.0,7.0
22200151,1610612741,CHI,Chicago,1631207,Dalen Terry,Dalen,,,0:14,0.0,0.0,0.0,0.0,0.0,0.0,0.0,0.0,0.0,0.0,0.0,0.0,0.0,0.0,0.0,0.0,0.0,0.0,0.0
22200151,1610612741,CHI,Chicago,1630792,Malcolm Hill,Malcolm,,,0:14,0.0,0.0,0.0,0.0,0.0,0.0,0.0,0.0,0.0,0.0,0.0,0.0,0.0,0.0,0.0,0.0,0.0,0.0,0.0
22200151,1610612741,CHI,Chicago,1628396,Tony Bradley,Tony,,,0:14,0.0,0.0,0.0,0.0,0.0,0.0,0.0,0.0,0.0,0.0,1.0,1.0,0.0,0.0,0.0,0.0,0.0,0.0,0.0
22200154,1610612743,DEN,Denver,1629008,Michael Porter Jr.,Michael,F,,30:20,9.0,16.0,0.563,4.0,8.0,0.5,2.0,2.0,1.0,0.0,6.0,6.0,2.0,1.0,0.0,0.0,2.0,24.0,3.0
22200154,1610612743,DEN,Denver,203932,Aaron Gordon,Aaron,F,,29:42,3.0,5.0,0.6,0.0,1.0,0.0,3.0,5.0,0.6,2.0,3.0,5.0,5.0,4.0,1.0,0.0,1.0,9.0,10.0
22200154,1610612743,DEN,Denver,203999,Nikola Jokić,Nikola,C,,33:57,11.0,20.0,0.55,0.0,1.0,0.0,4.0,5.0,0.8,1.0,7.0,8.0,10.0,2.0,3.0,4.0,2.0,26.0,15.0
22200154,1610612743,DEN,Denver,203484,Kentavious Caldwell-Pope,Kentavious,G,,31:36,5.0,8.0,0.625,1.0,3.0,0.333,0.0,0.0,0.0,0.0,4.0,4.0,3.0,3.0,0.0,2.0,1.0,11.0,17.0
22200154,1610612743,DEN,Denver,1627750,Jamal Murray,Jamal,G,,31:38,9.0,17.0,0.529,0.0,3.0,0.0,1.0,3.0,0.333,1.0,4.0,5.0,6.0,1.0,0.0,4.0,1.0,19.0,10.0
22200154,1610612743,DEN,Denver,1630538,Bones Hyland,Bones,,,23:24,5.0,10.0,0.5,3.0,5.0,0.6,1.0,2.0,0.5,0.0,2.0,2.0,1.0,2.0,0.0,5.0,3.0,14.0,-9.0
22200154,1610612743,DEN,Denver,1628971,Bruce Brown,Bruce,,,24:43,1.0,5.0,0.2,0.0,1.0,0.0,0.0,0.0,0.0,0.0,0.0,0.0,3.0,1.0,2.0,1.0,2.0,2.0,-6.0
22200154,1610612743,DEN,Denver,201145,Jeff Green,Jeff,,,18:07,3.0,5.0,0.6,0.0,2.0,0.0,0.0,1.0,0.0,1.0,1.0,2.0,1.0,0.0,1.0,1.0,1.0,6.0,-4.0
22200154,1610612743,DEN,Denver,201599,DeAndre Jordan,DeAndre,,,14:03,1.0,2.0,0.5,0.0,0.0,0.0,2.0,2.0,1.0,3.0,5.0,8.0,1.0,0.0,0.0,2.0,1.0,4.0,-9.0
22200154,1610612743,DEN,Denver,1631128,Christian Braun,Christian,,,2:30,0.0,0.0,0.0,0.0,0.0,0.0,0.0,0.0,0.0,0.0,0.0,0.0,1.0,0.0,0.0,1.0,0.0,0.0,3.0
22200154,1610612743,DEN,Denver,1628427,Vlatko Čančar,Vlatko,,DNP - Coach's Decision,,,,,,,,,,,,,,,,,,,,
22200154,1610612743,DEN,Denver,1628432,Davon Reed,Davon,,DNP - Coach's Decision,,,,,,,,,,,,,,,,,,,,
22200154,1610612759,SAS,San Antonio,1629640,Keldon Johnson,Keldon,F,,35:40,12.0,20.0,0.6,5.0,11.0,0.455,1.0,2.0,0.5,1.0,4.0,5.0,2.0,2.0,0.0,6.0,2.0,30.0,-17.0
22200154,1610612759,SAS,San Antonio,1631110,Jeremy Sochan,Jeremy,F,,28:22,1.0,4.0,0.25,0.0,2.0,0.0,0.0,0.0,0.0,2.0,2.0,4.0,2.0,2.0,1.0,0.0,2.0,2.0,-3.0
22200154,1610612759,SAS,San Antonio,1627751,Jakob Poeltl,Jakob,C,,31:48,2.0,3.0,0.667,0.0,0.0,0.0,0.0,2.0,0.0,0.0,7.0,7.0,9.0,2.0,3.0,3.0,1.0,4.0,-12.0
22200154,1610612759,SAS,San Antonio,1630170,Devin Vassell,Devin,G,,34:07,6.0,17.0,0.353,3.0,8.0,0.375,2.0,3.0,0.667,0.0,3.0,3.0,4.0,2.0,0.0,3.0,0.0,17.0,-4.0
22200154,1610612759,SAS,San Antonio,1630200,Tre Jones,Tre,G,,33:22,9.0,13.0,0.692,1.0,2.0,0.5,1.0,1.0,1.0,1.0,2.0,3.0,9.0,3.0,0.0,3.0,3.0,20.0,-6.0
22200154,1610612759,SAS,San Antonio,203926,Doug McDermott,Doug,,,19:04,3.0,7.0,0.429,1.0,4.0,0.25,2.0,3.0,0.667,0.0,1.0,1.0,1.0,0.0,0.0,0.0,1.0,9.0,-1.0
22200154,1610612759,SAS,San Antonio,1628966,Keita Bates-Diop,Keita,,,12:01,1.0,4.0,0.25,0.0,1.0,0.0,0.0,0.0,0.0,2.0,2.0,4.0,0.0,1.0,0.0,2.0,1.0,2.0,3.0
22200154,1610612759,SAS,San Antonio,1626196,Josh Richardson,Josh,,,27:41,8.0,11.0,0.727,2.0,5.0,0.4,4.0,5.0,0.8,1.0,2.0,3.0,3.0,1.0,0.0,6.0,3.0,22.0,10.0
22200154,1610612759,SAS,San Antonio,1629646,Charles Bassey,Charles,,,15:42,1.0,3.0,0.333,0.0,0.0,0.0,1.0,2.0,0.5,3.0,5.0,8.0,1.0,1.0,1.0,1.0,3.0,3.0,6.0
22200154,1610612759,SAS,San Antonio,1629676,Isaiah Roby,Isaiah,,,2:14,0.0,0.0,0.0,0.0,0.0,0.0,0.0,0.0,0.0,0.0,0.0,0.0,0.0,0.0,0.0,0.0,1.0,0.0,-6.0
22200154,1610612759,SAS,San Antonio,1631103,Malaki Branham,Malaki,,DNP - Coach's Decision,,,,,,,,,,,,,,,,,,,,
22200154,1610612759,SAS,San Antonio,203476,Gorgui Dieng,Gorgui,,DNP - Coach's Decision,,,,,,,,,,,,,,,,,,,,
22200154,1610612759,SAS,San Antonio,1631160,Jordan Hall,Jordan,,DNP - Coach's Decision,,,,,,,,,,,,,,,,,,,,
22200146,1610612760,OKC,Oklahoma City,1629652,Luguentz Dort,Luguentz,F,,25:56,3.0,12.0,0.25,1.0,6.0,0.167,0.0,0.0,0.0,2.0,3.0,5.0,2.0,2.0,1.0,2.0,5.0,7.0,-18.0
22200146,1610612760,OKC,Oklahoma City,1631114,Jalen Williams,Jalen,F,,30:34,3.0,6.0,0.5,0.0,0.0,0.0,0.0,0.0,0.0,1.0,1.0,2.0,2.0,1.0,1.0,1.0,4.0,6.0,-22.0
22200146,1610612760,OKC,Oklahoma City,1630526,Jeremiah Robinson-Earl,Jeremiah,C,,15:28,2.0,7.0,0.286,1.0,4.0,0.25,2.0,4.0,0.5,2.0,2.0,4.0,0.0,0.0,1.0,0.0,1.0,7.0,-15.0
22200146,1610612760,OKC,Oklahoma City,1630581,Josh Giddey,Josh,G,,24:52,4.0,12.0,0.333,0.0,1.0,0.0,1.0,2.0,0.5,1.0,5.0,6.0,2.0,0.0,1.0,3.0,2.0,9.0,-12.0
22200146,1610612760,OKC,Oklahoma City,1628983,Shai Gilgeous-Alexander,Shai,G,,38:00,13.0,23.0,0.565,0.0,0.0,0.0,7.0,7.0,1.0,2.0,5.0,7.0,5.0,1.0,4.0,1.0,2.0,33.0,-8.0
22200146,1610612760,OKC,Oklahoma City,1630544,Tre Mann,Tre,,,24:07,3.0,10.0,0.3,3.0,6.0,0.5,0.0,0.0,0.0,1.0,4.0,5.0,3.0,1.0,0.0,3.0,1.0,9.0,4.0
22200146,1610612760,OKC,Oklahoma City,203488,Mike Muscala,Mike,,,14:33,4.0,8.0,0.5,3.0,7.0,0.429,0.0,0.0,0.0,0.0,4.0,4.0,0.0,0.0,1.0,0.0,3.0,11.0,9.0
22200146,1610612760,OKC,Oklahoma City,1629026,Kenrich Williams,Kenrich,,,26:26,5.0,8.0,0.625,1.0,3.0,0.333,0.0,2.0,0.0,6.0,2.0,8.0,4.0,1.0,0.0,0.0,3.0,11.0,11.0
22200146,1610612760,OKC,Oklahoma City,1629647,Darius Bazley,Darius,,,19:35,3.0,9.0,0.333,1.0,2.0,0.5,1.0,2.0,0.5,1.0,3.0,4.0,3.0,3.0,2.0,0.0,5.0,8.0,-2.0
22200146,1610612760,OKC,Oklahoma City,1631172,Ousmane Dieng,Ousmane,,,20:29,1.0,7.0,0.143,0.0,4.0,0.0,0.0,0.0,0.0,0.0,1.0,1.0,2.0,0.0,0.0,0.0,0.0,2.0,8.0
22200146,1610612760,OKC,Oklahoma City,1630198,Isaiah Joe,Isaiah,,DNP - Coach's Decision,,,,,,,,,,,,,,,,,,,,
22200146,1610612760,OKC,Oklahoma City,1630322,Lindy Waters III,Lindy,,DNP - Coach's Decision,,,,,,,,,,,,,,,,,,,,
22200146,1610612760,OKC,Oklahoma City,1630598,Aaron Wiggins,Aaron,,DNP - Coach's Decision,,,,,,,,,,,,,,,,,,,,
22200146,1610612760,OKC,Oklahoma City,1631119,Jaylin Williams,Jaylin,,DNP - Coach's Decision,,,,,,,,,,,,,,,,,,,,
22200146,1610612765,DET,Detroit,1630180,Saddiq Bey,Saddiq,F,,36:37,8.0,17.0,0.471,1.0,7.0,0.143,8.0,8.0,1.0,1.0,4.0,5.0,2.0,0.0,0.0,1.0,2.0,25.0,29.0
22200146,1610612765,DET,Detroit,202711,Bojan Bogdanović,Bojan,F,,30:04,3.0,11.0,0.273,2.0,7.0,0.286,4.0,4.0,1.0,0.0,2.0,2.0,0.0,0.0,0.0,0.0,0.0,12.0,15.0
22200146,1610612765,DET,Detroit,1630191,Isaiah Stewart,Isaiah,C,,26:28,4.0,7.0,0.571,1.0,2.0,0.5,2.0,4.0,0.5,4.0,8.0,12.0,1.0,2.0,2.0,1.0,5.0,11.0,22.0
22200146,1610612765,DET,Detroit,1631093,Jaden Ivey,Jaden,G,,33:51,6.0,15.0,0.4,2.0,7.0,0.286,1.0,1.0,1.0,3.0,8.0,11.0,6.0,2.0,3.0,2.0,2.0,15.0,13.0
22200146,1610612765,DET,Detroit,1630595,Cade Cunningham,Cade,G,,35:38,8.0,21.0,0.381,2.0,7.0,0.286,3.0,4.0,0.75,1.0,10.0,11.0,7.0,0.0,1.0,5.0,4.0,21.0,12.0
22200146,1610612765,DET,Detroit,1628977,Hamidou Diallo,Hamidou,,,17:50,4.0,6.0,0.667,0.0,0.0,0.0,3.0,4.0,0.75,5.0,3.0,8.0,0.0,1.0,0.0,2.0,2.0,11.0,-10.0
22200146,1610612765,DET,Detroit,1630165,Killian Hayes,Killian,,,17:28,2.0,5.0,0.4,0.0,0.0,0.0,1.0,2.0,0.5,0.0,0.0,0.0,4.0,0.0,0.0,2.0,0.0,5.0,-11.0
22200146,1610612765,DET,Detroit,1631105,Jalen Duren,Jalen,,,21:24,2.0,5.0,0.4,0.0,0.0,0.0,3.0,6.0,0.5,2.0,2.0,4.0,0.0,0.0,3.0,1.0,3.0,7.0,-11.0
22200146,1610612765,DET,Detroit,1630587,Isaiah Livers,Isaiah,,,20:40,2.0,6.0,0.333,1.0,3.0,0.333,0.0,0.0,0.0,0.0,5.0,5.0,0.0,1.0,0.0,0.0,1.0,5.0,-14.0
22200146,1610612765,DET,Detroit,202709,Cory Joseph,Cory,,DNP - Coach's Decision,,,,,,,,,,,,,,,,,,,,
22200146,1610612765,DET,Detroit,1628995,Kevin Knox II,Kevin,,DNP - Coach's Decision,,,,,,,,,,,,,,,,,,,,
22200146,1610612765,DET,Detroit,203585,Rodney McGruder,Rodney,,DNP - Coach's Decision,,,,,,,,,,,,,,,,,,,,
22200146,1610612765,DET,Detroit,203457,Nerlens Noel,Nerlens,,DNP - Coach's Decision,,,,,,,,,,,,,,,,,,,,
22200149,1610612749,MIL,Milwaukee,1628960,Grayson Allen,Grayson,F,,27:44,3.0,8.0,0.375,3.0,7.0,0.429,2.0,2.0,1.0,0.0,0.0,0.0,3.0,0.0,1.0,3.0,3.0,11.0,-17.0
22200149,1610612749,MIL,Milwaukee,203507,Giannis Antetokounmpo,Giannis,F,,26:47,9.0,20.0,0.45,0.0,1.0,0.0,7.0,8.0,0.875,1.0,6.0,7.0,2.0,2.0,1.0,5.0,3.0,25.0,-22.0
22200149,1610612749,MIL,Milwaukee,201572,Brook Lopez,Brook,C,,27:51,4.0,9.0,0.444,3.0,7.0,0.429,0.0,0.0,0.0,1.0,1.0,2.0,0.0,0.0,2.0,1.0,2.0,11.0,-18.0
22200149,1610612749,MIL,Milwaukee,1628975,Jevon Carter,Jevon,G,,26:27,1.0,4.0,0.25,0.0,0.0,0.0,0.0,0.0,0.0,0.0,3.0,3.0,5.0,2.0,3.0,0.0,2.0,2.0,-23.0
22200149,1610612749,MIL,Milwaukee,201950,Jrue Holiday,Jrue,G,,28:49,7.0,14.0,0.5,2.0,6.0,0.333,0.0,0.0,0.0,1.0,5.0,6.0,7.0,1.0,1.0,8.0,2.0,16.0,-3.0
22200149,1610612749,MIL,Milwaukee,1626171,Bobby Portis,Bobby,,,23:01,4.0,8.0,0.5,2.0,5.0,0.4,1.0,2.0,0.5,1.0,9.0,10.0,2.0,0.0,0.0,1.0,0.0,11.0,-4.0
22200149,1610612749,MIL,Milwaukee,1629670,Jordan Nwora,Jordan,,,17:04,1.0,6.0,0.167,0.0,2.0,0.0,2.0,2.0,1.0,1.0,5.0,6.0,0.0,0.0,1.0,0.0,2.0,4.0,-2.0
22200149,1610612749,MIL,Milwaukee,201588,George Hill,George,,,16:46,1.0,4.0,0.25,0.0,2.0,0.0,0.0,0.0,0.0,0.0,0.0,0.0,0.0,0.0,0.0,0.0,0.0,2.0,-8.0
22200149,1610612749,MIL,Milwaukee,201586,Serge Ibaka,Serge,,,11:32,2.0,2.0,1.0,0.0,0.0,0.0,0.0,0.0,0.0,1.0,3.0,4.0,0.0,0.0,0.0,0.0,1.0,4.0,2.0
22200149,1610612749,MIL,Milwaukee,202083,Wesley Matthews,Wesley,,,13:26,2.0,5.0,0.4,2.0,4.0,0.5,0.0,0.0,0.0,0.0,1.0,1.0,1.0,0.0,0.0,0.0,2.0,6.0,-11.0
22200149,1610612749,MIL,Milwaukee,1630699,MarJon Beauchamp,MarJon,,,10:33,1.0,4.0,0.25,1.0,4.0,0.25,1.0,2.0,0.5,0.0,2.0,2.0,0.0,0.0,0.0,0.0,1.0,4.0,4.0
22200149,1610612749,MIL,Milwaukee,1630572,Sandro Mamukelashvili,Sandro,,,6:09,1.0,3.0,0.333,0.0,2.0,0.0,0.0,0.0,0.0,0.0,0.0,0.0,0.0,0.0,0.0,0.0,0.0,2.0,3.0
22200149,1610612749,MIL,Milwaukee,203648,Thanasis Antetokounmpo,Thanasis,,,3:51,0.0,0.0,0.0,0.0,0.0,0.0,0.0,0.0,0.0,0.0,0.0,0.0,1.0,0.0,0.0,0.0,0.0,0.0,4.0
22200149,1610612737,ATL,Atlanta,1629631,De'Andre Hunter,De'Andre,F,,23:55,3.0,9.0,0.333,0.0,1.0,0.0,4.0,5.0,0.8,1.0,5.0,6.0,1.0,0.0,0.0,4.0,3.0,10.0,1.0
22200149,1610612737,ATL,Atlanta,1628381,John Collins,John,F,,23:31,5.0,10.0,0.5,1.0,2.0,0.5,3.0,3.0,1.0,0.0,2.0,2.0,0.0,0.0,1.0,1.0,1.0,14.0,6.0
22200149,1610612737,ATL,Atlanta,203991,Clint Capela,Clint,C,,22:09,2.0,7.0,0.286,0.0,0.0,0.0,1.0,1.0,1.0,3.0,9.0,12.0,0.0,1.0,1.0,1.0,3.0,5.0,1.0
22200149,1610612737,ATL,Atlanta,1627749,Dejounte Murray,Dejounte,G,,32:03,11.0,24.0,0.458,3.0,9.0,0.333,0.0,0.0,0.0,2.0,6.0,8.0,11.0,3.0,0.0,3.0,1.0,25.0,4.0
22200149,1610612737,ATL,Atlanta,1628988,Aaron Holiday,Aaron,G,,24:44,1.0,3.0,0.333,0.0,0.0,0.0,2.0,2.0,1.0,0.0,0.0,0.0,5.0,1.0,0.0,1.0,1.0,4.0,14.0
22200149,1610612737,ATL,Atlanta,1631100,AJ Griffin,AJ,,,31:23,10.0,15.0,0.667,2.0,6.0,0.333,2.0,2.0,1.0,1.0,3.0,4.0,1.0,3.0,0.0,1.0,2.0,24.0,28.0
22200149,1610612737,ATL,Atlanta,1630168,Onyeka Okongwu,Onyeka,,,22:00,6.0,11.0,0.545,0.0,1.0,0.0,0.0,0.0,0.0,3.0,3.0,6.0,2.0,1.0,0.0,1.0,1.0,12.0,22.0
22200149,1610612737,ATL,Atlanta,203200,Justin Holiday,Justin,,,23:00,5.0,10.0,0.5,4.0,7.0,0.571,0.0,0.0,0.0,0.0,0.0,0.0,0.0,0.0,0.0,0.0,1.0,14.0,18.0
22200149,1610612737,ATL,Atlanta,1630552,Jalen Johnson,Jalen,,,21:57,2.0,5.0,0.4,0.0,1.0,0.0,1.0,2.0,0.5,1.0,7.0,8.0,2.0,2.0,1.0,0.0,2.0,5.0,15.0
22200149,1610612737,ATL,Atlanta,1626163,Frank Kaminsky,Frank,,,3:51,0.0,1.0,0.0,0.0,0.0,0.0,0.0,0.0,0.0,0.0,0.0,0.0,0.0,0.0,0.0,0.0,2.0,0.0,-4.0
22200149,1610612737,ATL,Atlanta,1630235,Trent Forrest,Trent,,,3:51,0.0,1.0,0.0,0.0,0.0,0.0,0.0,0.0,0.0,0.0,0.0,0.0,1.0,0.0,0.0,0.0,1.0,0.0,-4.0
22200149,1610612737,ATL,Atlanta,1629633,Jarrett Culver,Jarrett,,,2:32,0.0,1.0,0.0,0.0,0.0,0.0,1.0,2.0,0.5,1.0,0.0,1.0,0.0,0.0,0.0,0.0,0.0,1.0,-2.0
22200149,1610612737,ATL,Atlanta,1631213,Tyrese Martin,Tyrese,,,2:32,0.0,0.0,0.0,0.0,0.0,0.0,0.0,0.0,0.0,0.0,0.0,0.0,0.0,0.0,0.0,0.0,0.0,0.0,-2.0
22200149,1610612737,ATL,Atlanta,1630249,Vít Krejčí,Vít,,,2:32,1.0,2.0,0.5,1.0,2.0,0.5,0.0,0.0,0.0,0.0,1.0,1.0,0.0,0.0,0.0,0.0,0.0,3.0,-2.0
22200149,1610612737,ATL,Atlanta,1629027,Trae Young,Trae,,DND - Injury/Illness,,,,,,,,,,,,,,,,,,,,
22200158,1610612739,CLE,Cleveland,1627747,Caris LeVert,Caris,F,,36:25,2.0,8.0,0.25,0.0,2.0,0.0,0.0,0.0,0.0,1.0,5.0,6.0,5.0,0.0,0.0,1.0,3.0,4.0,1.0
22200158,1610612739,CLE,Cleveland,1630596,Evan Mobley,Evan,F,,33:42,12.0,18.0,0.667,0.0,0.0,0.0,2.0,2.0,1.0,3.0,5.0,8.0,1.0,0.0,0.0,3.0,6.0,26.0,-20.0
22200158,1610612739,CLE,Cleveland,1628386,Jarrett Allen,Jarrett,C,,32:53,4.0,10.0,0.4,0.0,0.0,0.0,2.0,3.0,0.667,4.0,16.0,20.0,3.0,2.0,2.0,0.0,0.0,10.0,3.0
22200158,1610612739,CLE,Cleveland,1628378,Donovan Mitchell,Donovan,G,,38:36,10.0,15.0,0.667,8.0,11.0,0.727,2.0,3.0,0.667,0.0,1.0,1.0,2.0,0.0,0.0,3.0,5.0,30.0,-2.0
22200158,1610612739,CLE,Cleveland,1629636,Darius Garland,Darius,G,,37:47,8.0,17.0,0.471,2.0,9.0,0.222,1.0,3.0,0.333,1.0,0.0,1.0,12.0,1.0,0.0,5.0,1.0,19.0,-2.0
22200158,1610612739,CLE,Cleveland,1629731,Dean Wade,Dean,,,14:34,2.0,4.0,0.5,2.0,3.0,0.667,0.0,0.0,0.0,0.0,1.0,1.0,0.0,1.0,0.0,0.0,2.0,6.0,-1.0
22200158,1610612739,CLE,Cleveland,201567,Kevin Love,Kevin,,,25:05,4.0,8.0,0.5,4.0,8.0,0.5,5.0,6.0,0.833,1.0,7.0,8.0,4.0,1.0,0.0,3.0,1.0,17.0,16.0
22200158,1610612739,CLE,Cleveland,1626224,Cedi Osman,Cedi,,,3:24,1.0,1.0,1.0,0.0,0.0,0.0,0.0,0.0,0.0,0.0,0.0,0.0,0.0,0.0,0.0,0.0,0.0,2.0,-5.0
22200158,1610612739,CLE,Cleveland,1630171,Isaac Okoro,Isaac,,,17:34,0.0,2.0,0.0,0.0,0.0,0.0,3.0,4.0,0.75,0.0,3.0,3.0,2.0,1.0,0.0,2.0,3.0,3.0,0.0
22200158,1610612739,CLE,Cleveland,1629603,Mamadi Diakite,Mamadi,,DNP - Coach's Decision,,,,,,,,,,,,,,,,,,,,
22200158,1610612739,CLE,Cleveland,201577,Robin Lopez,Robin,,DNP - Coach's Decision,,,,,,,,,,,,,,,,,,,,
22200158,1610612739,CLE,Cleveland,203526,Raul Neto,Raul,,DNP - Coach's Decision,,,,,,,,,,,,,,,,,,,,
22200158,1610612739,CLE,Cleveland,1630205,Lamar Stevens,Lamar,,DNP - Coach's Decision,,,,,,,,,,,,,,,,,,,,
22200158,1610612746,LAC,LA,202694,Marcus Morris Sr.,Marcus,F,,37:54,7.0,16.0,0.438,4.0,11.0,0.364,2.0,2.0,1.0,0.0,6.0,6.0,1.0,0.0,1.0,0.0,2.0,20.0,4.0
22200158,1610612746,LAC,LA,202331,Paul George,Paul,F,,39:41,10.0,20.0,0.5,5.0,11.0,0.455,1.0,3.0,0.333,0.0,5.0,5.0,3.0,1.0,0.0,1.0,2.0,26.0,-4.0
22200158,1610612746,LAC,LA,1627826,Ivica Zubac,Ivica,C,,33:02,2.0,7.0,0.286,0.0,0.0,0.0,6.0,8.0,0.75,4.0,5.0,9.0,0.0,1.0,1.0,0.0,1.0,10.0,-15.0
22200158,1610612746,LAC,LA,1629611,Terance Mann,Terance,G,,30:21,6.0,9.0,0.667,1.0,2.0,0.5,3.0,4.0,0.75,0.0,4.0,4.0,5.0,2.0,0.0,1.0,1.0,16.0,20.0
22200158,1610612746,LAC,LA,202704,Reggie Jackson,Reggie,G,,36:14,6.0,11.0,0.545,2.0,5.0,0.4,4.0,4.0,1.0,0.0,2.0,2.0,7.0,0.0,0.0,4.0,4.0,18.0,-2.0
22200158,1610612746,LAC,LA,1626181,Norman Powell,Norman,,,27:34,5.0,6.0,0.833,1.0,1.0,1.0,6.0,7.0,0.857,0.0,1.0,1.0,0.0,2.0,0.0,0.0,5.0,17.0,3.0
22200158,1610612746,LAC,LA,1628379,Luke Kennard,Luke,,,12:39,2.0,4.0,0.5,2.0,4.0,0.5,0.0,0.0,0.0,0.0,0.0,0.0,0.0,2.0,0.0,0.0,1.0,6.0,-3.0
22200158,1610612746,LAC,LA,201587,Nicolas Batum,Nicolas,,,15:15,1.0,4.0,0.25,1.0,3.0,0.333,0.0,0.0,0.0,0.0,4.0,4.0,3.0,0.0,0.0,2.0,1.0,3.0,6.0
22200158,1610612746,LAC,LA,203496,Robert Covington,Robert,,,7:20,1.0,2.0,0.5,1.0,1.0,1.0,0.0,0.0,0.0,0.0,0.0,0.0,0.0,0.0,0.0,1.0,2.0,3.0,1.0
22200158,1610612746,LAC,LA,1630527,Brandon Boston,Brandon,,DNP - Coach's Decision,,,,,,,,,,,,,,,,,,,,
22200158,1610612746,LAC,LA,1629650,Moses Brown,Moses,,DNP - Coach's Decision,,,,,,,,,,,,,,,,,,,,
22200158,1610612746,LAC,LA,1629599,Amir Coffey,Amir,,DNP - Coach's Decision,,,,,,,,,,,,,,,,,,,,
22200158,1610612746,LAC,LA,1630554,Jason Preston,Jason,,DNP - Coach's Decision,,,,,,,,,,,,,,,,,,,,
22200145,1610612745,HOU,Houston,201569,Eric Gordon,Eric,F,,29:28,5.0,9.0,0.556,5.0,8.0,0.625,4.0,5.0,0.8,0.0,1.0,1.0,4.0,1.0,0.0,1.0,0.0,19.0,-10.0
22200145,1610612745,HOU,Houston,1631095,Jabari Smith Jr.,Jabari,F,,21:53,1.0,4.0,0.25,1.0,4.0,0.25,0.0,0.0,0.0,0.0,1.0,1.0,1.0,0.0,0.0,3.0,4.0,3.0,-4.0
22200145,1610612745,HOU,Houston,1630578,Alperen Sengun,Alperen,C,,29:02,6.0,14.0,0.429,0.0,1.0,0.0,8.0,10.0,0.8,7.0,3.0,10.0,4.0,2.0,1.0,3.0,2.0,20.0,6.0
22200145,1610612745,HOU,Houston,1629645,Kevin Porter Jr.,Kevin,G,,37:57,7.0,14.0,0.5,3.0,8.0,0.375,0.0,1.0,0.0,1.0,7.0,8.0,11.0,2.0,1.0,7.0,5.0,17.0,13.0
22200145,1610612745,HOU,Houston,1630224,Jalen Green,Jalen,G,,37:55,12.0,18.0,0.667,5.0,11.0,0.455,5.0,7.0,0.714,0.0,3.0,3.0,3.0,2.0,1.0,3.0,3.0,34.0,13.0
22200145,1610612745,HOU,Houston,1630586,Usman Garuba,Usman,,,18:58,1.0,2.0,0.5,1.0,1.0,1.0,0.0,0.0,0.0,2.0,4.0,6.0,2.0,0.0,1.0,1.0,2.0,3.0,1.0
22200145,1610612745,HOU,Houston,1630231,KJ Martin,KJ,,,25:51,8.0,14.0,0.571,4.0,8.0,0.5,1.0,2.0,0.5,2.0,2.0,4.0,5.0,0.0,2.0,1.0,2.0,21.0,14.0
22200145,1610612745,HOU,Houston,1631106,Tari Eason,Tari,,,19:43,3.0,7.0,0.429,2.0,3.0,0.667,0.0,0.0,0.0,2.0,4.0,6.0,0.0,2.0,0.0,1.0,3.0,8.0,13.0
22200145,1610612745,HOU,Houston,1630227,Daishen Nix,Daishen,,,11:06,1.0,3.0,0.333,1.0,2.0,0.5,0.0,0.0,0.0,0.0,1.0,1.0,1.0,0.0,0.0,0.0,1.0,3.0,0.0
22200145,1610612745,HOU,Houston,1629726,Garrison Mathews,Garrison,,,8:07,2.0,2.0,1.0,2.0,2.0,1.0,0.0,0.0,0.0,0.0,0.0,0.0,0.0,0.0,0.0,0.0,1.0,6.0,-11.0
22200145,1610612745,HOU,Houston,1630528,Josh Christopher,Josh,,DNP - Coach's Decision,,,,,,,,,,,,,,,,,,,,
22200145,1610612745,HOU,Houston,1626246,Boban Marjanović,Boban,,DNP - Coach's Decision,,,,,,,,,,,,,,,,,,,,
22200145,1610612745,HOU,Houston,1631102,TyTy Washington Jr.,TyTy,,DNP - Coach's Decision,,,,,,,,,,,,,,,,,,,,
22200145,1610612753,ORL,Orlando,1631094,Paolo Banchero,Paolo,F,,35:29,8.0,16.0,0.5,2.0,4.0,0.5,12.0,14.0,0.857,0.0,6.0,6.0,4.0,2.0,0.0,5.0,4.0,30.0,-9.0
22200145,1610612753,ORL,Orlando,1629626,Bol Bol,Bol,F,,20:36,2.0,5.0,0.4,0.0,1.0,0.0,5.0,5.0,1.0,0.0,3.0,3.0,0.0,1.0,1.0,3.0,0.0,9.0,-2.0
22200145,1610612753,ORL,Orlando,1628976,Wendell Carter Jr.,Wendell,C,,27:23,6.0,12.0,0.5,1.0,2.0,0.5,2.0,2.0,1.0,3.0,4.0,7.0,2.0,0.0,0.0,2.0,5.0,15.0,-6.0
22200145,1610612753,ORL,Orlando,1630532,Franz Wagner,Franz,G,,32:48,9.0,12.0,0.75,3.0,4.0,0.75,2.0,2.0,1.0,2.0,3.0,5.0,7.0,0.0,0.0,2.0,2.0,23.0,2.0
22200145,1610612753,ORL,Orlando,1630591,Jalen Suggs,Jalen,G,,32:51,5.0,8.0,0.625,0.0,1.0,0.0,1.0,4.0,0.25,1.0,4.0,5.0,6.0,1.0,0.0,2.0,4.0,11.0,-1.0
22200145,1610612753,ORL,Orlando,1628964,Mo Bamba,Mo,,,19:37,6.0,7.0,0.857,1.0,2.0,0.5,1.0,2.0,0.5,1.0,3.0,4.0,3.0,1.0,1.0,0.0,3.0,14.0,0.0
22200145,1610612753,ORL,Orlando,203082,Terrence Ross,Terrence,,,30:53,8.0,15.0,0.533,5.0,10.0,0.5,0.0,0.0,0.0,0.0,3.0,3.0,2.0,1.0,1.0,4.0,2.0,21.0,-3.0
22200145,1610612753,ORL,Orlando,1630284,Kevon Harris,Kevon,,,15:08,0.0,5.0,0.0,0.0,0.0,0.0,2.0,2.0,1.0,2.0,0.0,2.0,1.0,1.0,0.0,1.0,4.0,2.0,-5.0
22200145,1610612753,ORL,Orlando,1629643,Chuma Okeke,Chuma,,,16:00,1.0,2.0,0.5,0.0,1.0,0.0,0.0,0.0,0.0,1.0,0.0,1.0,2.0,0.0,1.0,0.0,1.0,2.0,-6.0
22200145,1610612753,ORL,Orlando,1631216,Caleb Houstan,Caleb,,,9:15,0.0,0.0,0.0,0.0,0.0,0.0,0.0,0.0,0.0,1.0,0.0,1.0,0.0,0.0,0.0,0.0,0.0,0.0,-5.0
22200145,1610612753,ORL,Orlando,1630181,R.J. Hampton,R.J.,,DNP - Coach's Decision,,,,,,,,,,,,,,,,,,,,
22200145,1610612753,ORL,Orlando,1629678,Admiral Schofield,Admiral,,DNP - Coach's Decision,,,,,,,,,,,,,,,,,,,,
22200150,1610612757,POR,Portland,1628404,Josh Hart,Josh,F,,36:51,3.0,5.0,0.6,1.0,3.0,0.333,5.0,7.0,0.714,0.0,9.0,9.0,8.0,2.0,0.0,5.0,3.0,12.0,13.0
22200150,1610612757,POR,Portland,203924,Jerami Grant,Jerami,F,,34:59,9.0,15.0,0.6,5.0,8.0,0.625,0.0,0.0,0.0,1.0,5.0,6.0,2.0,0.0,1.0,3.0,3.0,23.0,3.0
22200150,1610612757,POR,Portland,203994,Jusuf Nurkić,Jusuf,C,,28:39,1.0,2.0,0.5,0.0,1.0,0.0,2.0,2.0,1.0,1.0,10.0,11.0,3.0,2.0,0.0,2.0,3.0,4.0,-11.0
22200150,1610612757,POR,Portland,1629014,Anfernee Simons,Anfernee,G,,31:34,9.0,20.0,0.45,4.0,12.0,0.333,3.0,3.0,1.0,0.0,0.0,0.0,4.0,1.0,0.0,3.0,1.0,25.0,-1.0
22200150,1610612757,POR,Portland,203081,Damian Lillard,Damian,G,,34:32,4.0,12.0,0.333,3.0,8.0,0.375,8.0,9.0,0.889,0.0,3.0,3.0,6.0,0.0,0.0,4.0,2.0,19.0,6.0
22200150,1610612757,POR,Portland,1626159,Justise Winslow,Justise,,,28:33,6.0,8.0,0.75,0.0,1.0,0.0,0.0,0.0,0.0,0.0,2.0,2.0,2.0,1.0,0.0,0.0,2.0,12.0,15.0
22200150,1610612757,POR,Portland,1629234,Drew Eubanks,Drew,,,13:06,1.0,2.0,0.5,0.0,0.0,0.0,0.0,0.0,0.0,0.0,1.0,1.0,0.0,1.0,1.0,0.0,1.0,2.0,1.0
22200150,1610612757,POR,Portland,1629642,Nassir Little,Nassir,,,6:46,2.0,3.0,0.667,2.0,3.0,0.667,0.0,0.0,0.0,0.0,1.0,1.0,0.0,0.0,0.0,0.0,1.0,6.0,-7.0
22200150,1610612757,POR,Portland,1630570,Trendon Watford,Trendon,,,13:01,1.0,3.0,0.333,0.0,0.0,0.0,0.0,0.0,0.0,1.0,2.0,3.0,2.0,0.0,0.0,0.0,0.0,2.0,0.0
22200150,1610612757,POR,Portland,1631101,Shaedon Sharpe,Shaedon,,,11:59,2.0,2.0,1.0,1.0,1.0,1.0,0.0,0.0,0.0,1.0,0.0,1.0,0.0,0.0,0.0,1.0,0.0,5.0,-4.0
22200150,1610612757,POR,Portland,1630535,Greg Brown III,Greg,,DNP - Coach's Decision,,,,,,,,,,,,,,,,,,,,
22200150,1610612757,POR,Portland,1630553,Keon Johnson,Keon,,DNP - Coach's Decision,,,,,,,,,,,,,,,,,,,,
22200150,1610612757,POR,Portland,1631133,Jabari Walker,Jabari,,DNP - Coach's Decision,,,,,,,,,,,,,,,,,,,,
22200150,1610612748,MIA,Miami,1628997,Caleb Martin,Caleb,F,,34:45,5.0,11.0,0.455,0.0,5.0,0.0,0.0,0.0,0.0,3.0,2.0,5.0,1.0,1.0,0.0,0.0,0.0,10.0,-4.0
22200150,1610612748,MIA,Miami,202710,Jimmy Butler III,Jimmy,F,,33:14,5.0,14.0,0.357,0.0,1.0,0.0,6.0,6.0,1.0,0.0,4.0,4.0,7.0,6.0,0.0,2.0,3.0,16.0,-3.0
22200150,1610612748,MIA,Miami,1628389,Bam Adebayo,Bam,C,,33:22,8.0,14.0,0.571,0.0,0.0,0.0,0.0,1.0,0.0,2.0,3.0,5.0,3.0,1.0,1.0,1.0,1.0,16.0,2.0
22200150,1610612748,MIA,Miami,1629622,Max Strus,Max,G,,25:12,6.0,10.0,0.6,4.0,8.0,0.5,0.0,0.0,0.0,0.0,0.0,0.0,2.0,1.0,0.0,0.0,5.0,16.0,2.0
22200150,1610612748,MIA,Miami,200768,Kyle Lowry,Kyle,G,,34:47,5.0,8.0,0.625,4.0,6.0,0.667,1.0,1.0,1.0,0.0,7.0,7.0,8.0,0.0,0.0,3.0,4.0,15.0,-4.0
22200150,1610612748,MIA,Miami,1629130,Duncan Robinson,Duncan,,,28:32,3.0,9.0,0.333,3.0,9.0,0.333,0.0,0.0,0.0,0.0,4.0,4.0,3.0,0.0,0.0,1.0,2.0,9.0,2.0
22200150,1610612748,MIA,Miami,1629216,Gabe Vincent,Gabe,,,35:30,5.0,13.0,0.385,3.0,9.0,0.333,2.0,3.0,0.667,0.0,1.0,1.0,3.0,2.0,1.0,3.0,3.0,15.0,-5.0
22200150,1610612748,MIA,Miami,203473,Dewayne Dedmon,Dewayne,,,14:38,3.0,5.0,0.6,0.0,1.0,0.0,4.0,4.0,1.0,0.0,6.0,6.0,1.0,0.0,0.0,0.0,0.0,10.0,-5.0
22200150,1610612748,MIA,Miami,1629312,Haywood Highsmith,Haywood,,DNP - Coach's Decision,,,,,,,,,,,,,,,,,,,,
22200150,1610612748,MIA,Miami,1631107,Nikola Jović,Nikola,,DNP - Coach's Decision,,,,,,,,,,,,,,,,,,,,
22200150,1610612748,MIA,Miami,1630696,Dru Smith,Dru,,DNP - Coach's Decision,,,,,,,,,,,,,,,,,,,,
22200153,1610612752,NYK,New York,1629628,RJ Barrett,RJ,F,,36:48,7.0,18.0,0.389,3.0,7.0,0.429,5.0,6.0,0.833,0.0,5.0,5.0,5.0,2.0,0.0,1.0,0.0,22.0,4.0
22200153,1610612752,NYK,New York,203944,Julius Randle,Julius,F,,32:31,9.0,16.0,0.563,8.0,13.0,0.615,5.0,6.0,0.833,2.0,6.0,8.0,3.0,0.0,0.0,5.0,5.0,31.0,4.0
22200153,1610612752,NYK,New York,1630579,Jericho Sims,Jericho,C,,16:53,2.0,2.0,1.0,0.0,0.0,0.0,0.0,0.0,0.0,1.0,3.0,4.0,0.0,0.0,1.0,1.0,5.0,4.0,0.0
22200153,1610612752,NYK,New York,1629629,Cam Reddish,Cam,G,,28:44,2.0,7.0,0.286,2.0,5.0,0.4,2.0,2.0,1.0,0.0,0.0,0.0,0.0,0.0,0.0,0.0,2.0,8.0,-2.0
22200153,1610612752,NYK,New York,1628973,Jalen Brunson,Jalen,G,,33:35,9.0,14.0,0.643,2.0,5.0,0.4,3.0,3.0,1.0,1.0,4.0,5.0,8.0,0.0,0.0,3.0,3.0,23.0,5.0
22200153,1610612752,NYK,New York,201565,Derrick Rose,Derrick,,,13:34,1.0,10.0,0.1,0.0,5.0,0.0,0.0,0.0,0.0,1.0,2.0,3.0,1.0,3.0,0.0,0.0,0.0,2.0,11.0
22200153,1610612752,NYK,New York,1628392,Isaiah Hartenstein,Isaiah,,,20:51,1.0,3.0,0.333,0.0,1.0,0.0,2.0,2.0,1.0,2.0,4.0,6.0,2.0,0.0,1.0,1.0,4.0,4.0,9.0
22200153,1610612752,NYK,New York,1630167,Obi Toppin,Obi,,,25:46,4.0,10.0,0.4,3.0,8.0,0.375,4.0,4.0,1.0,1.0,6.0,7.0,3.0,4.0,0.0,2.0,1.0,15.0,13.0
22200153,1610612752,NYK,New York,1630193,Immanuel Quickley,Immanuel,,,16:41,3.0,6.0,0.5,1.0,2.0,0.5,2.0,2.0,1.0,1.0,3.0,4.0,1.0,2.0,0.0,1.0,2.0,9.0,15.0
22200153,1610612752,NYK,New York,203095,Evan Fournier,Evan,,,12:05,1.0,3.0,0.333,0.0,2.0,0.0,0.0,0.0,0.0,0.0,1.0,1.0,3.0,2.0,0.0,2.0,1.0,2.0,15.0
22200153,1610612752,NYK,New York,1630540,Miles McBride,Miles,,,0:52,0.0,0.0,0.0,0.0,0.0,0.0,0.0,0.0,0.0,0.0,0.0,0.0,0.0,0.0,0.0,0.0,0.0,0.0,-3.0
22200153,1610612752,NYK,New York,1627853,Ryan Arcidiacono,Ryan,,,0:52,0.0,0.0,0.0,0.0,0.0,0.0,0.0,0.0,0.0,0.0,0.0,0.0,0.0,0.0,0.0,0.0,0.0,0.0,-3.0
22200153,1610612752,NYK,New York,1629004,Svi Mykhailiuk,Svi,,,0:52,0.0,0.0,0.0,0.0,0.0,0.0,0.0,0.0,0.0,0.0,0.0,0.0,0.0,0.0,0.0,0.0,0.0,0.0,-3.0
22200153,1610612750,MIN,Minnesota,1630183,Jaden McDaniels,Jaden,F,,16:33,3.0,6.0,0.5,0.0,2.0,0.0,0.0,0.0,0.0,1.0,1.0,2.0,1.0,0.0,0.0,2.0,6.0,6.0,-1.0
22200153,1610612750,MIN,Minnesota,203937,Kyle Anderson,Kyle,F,,24:46,4.0,6.0,0.667,1.0,1.0,1.0,0.0,0.0,0.0,0.0,2.0,2.0,2.0,2.0,1.0,0.0,1.0,9.0,-8.0
22200153,1610612750,MIN,Minnesota,1626157,Karl-Anthony Towns,Karl-Anthony,C,,38:06,9.0,12.0,0.75,1.0,3.0,0.333,6.0,6.0,1.0,0.0,13.0,13.0,7.0,2.0,1.0,3.0,1.0,25.0,-9.0
22200153,1610612750,MIN,Minnesota,1630162,Anthony Edwards,Anthony,G,,36:34,5.0,14.0,0.357,1.0,7.0,0.143,5.0,6.0,0.833,1.0,8.0,9.0,1.0,1.0,0.0,3.0,1.0,16.0,-6.0
22200153,1610612750,MIN,Minnesota,1626156,D'Angelo Russell,D'Angelo,G,,30:49,4.0,12.0,0.333,4.0,10.0,0.4,2.0,4.0,0.5,0.0,2.0,2.0,8.0,1.0,2.0,3.0,1.0,14.0,1.0
22200153,1610612750,MIN,Minnesota,1627752,Taurean Prince,Taurean,,,21:30,1.0,6.0,0.167,0.0,2.0,0.0,0.0,0.0,0.0,0.0,3.0,3.0,2.0,0.0,0.0,2.0,3.0,2.0,-10.0
22200153,1610612750,MIN,Minnesota,1629669,Jaylen Nowell,Jaylen,,,10:34,3.0,5.0,0.6,2.0,3.0,0.667,0.0,0.0,0.0,0.0,2.0,2.0,1.0,0.0,1.0,0.0,1.0,8.0,-19.0
22200153,1610612750,MIN,Minnesota,1629162,Jordan McLaughlin,Jordan,,,15:50,1.0,4.0,0.25,0.0,3.0,0.0,2.0,2.0,1.0,0.0,1.0,1.0,4.0,0.0,1.0,2.0,2.0,4.0,-13.0
22200153,1610612750,MIN,Minnesota,1629675,Naz Reid,Naz,,,18:17,5.0,8.0,0.625,0.0,3.0,0.0,1.0,2.0,0.5,2.0,0.0,2.0,0.0,0.0,1.0,0.0,2.0,11.0,-14.0
22200153,1610612750,MIN,Minnesota,203085,Austin Rivers,Austin,,,15:43,2.0,5.0,0.4,1.0,4.0,0.25,4.0,4.0,1.0,0.0,2.0,2.0,1.0,0.0,1.0,1.0,0.0,9.0,11.0
22200153,1610612750,MIN,Minnesota,1627854,Bryn Forbes,Bryn,,,8:48,1.0,3.0,0.333,1.0,3.0,0.333,0.0,0.0,0.0,0.0,0.0,0.0,1.0,1.0,0.0,1.0,0.0,3.0,0.0
22200153,1610612750,MIN,Minnesota,1630233,Nathan Knight,Nathan,,,2:30,0.0,0.0,0.0,0.0,0.0,0.0,0.0,0.0,0.0,0.0,1.0,1.0,0.0,0.0,0.0,0.0,0.0,0.0,3.0
22200157,1610612747,LAL,Los Angeles,1628972,Troy Brown Jr.,Troy,F,,24:57,4.0,7.0,0.571,2.0,5.0,0.4,0.0,0.0,0.0,0.0,4.0,4.0,2.0,0.0,0.0,1.0,4.0,10.0,-9.0
22200157,1610612747,LAL,Los Angeles,1629117,Wenyen Gabriel,Wenyen,F,,23:39,2.0,3.0,0.667,0.0,0.0,0.0,0.0,0.0,0.0,0.0,4.0,4.0,2.0,3.0,0.0,2.0,3.0,4.0,-9.0
22200157,1610612747,LAL,Los Angeles,203076,Anthony Davis,Anthony,C,,29:13,11.0,18.0,0.611,1.0,1.0,1.0,6.0,7.0,0.857,1.0,3.0,4.0,2.0,1.0,1.0,2.0,2.0,29.0,-9.0
22200157,1610612747,LAL,Los Angeles,1630559,Austin Reaves,Austin,G,,29:48,2.0,6.0,0.333,0.0,3.0,0.0,7.0,7.0,1.0,0.0,4.0,4.0,1.0,0.0,0.0,0.0,0.0,11.0,-14.0
22200157,1610612747,LAL,Los Angeles,1629134,Kendrick Nunn,Kendrick,G,,26:48,7.0,11.0,0.636,2.0,4.0,0.5,2.0,2.0,1.0,0.0,1.0,1.0,1.0,0.0,0.0,3.0,0.0,18.0,-11.0
22200157,1610612747,LAL,Los Angeles,201566,Russell Westbrook,Russell,,,24:11,8.0,14.0,0.571,2.0,3.0,0.667,4.0,4.0,1.0,1.0,2.0,3.0,5.0,1.0,1.0,2.0,5.0,22.0,-23.0
22200157,1610612747,LAL,Los Angeles,1630346,Matt Ryan,Matt,,,17:48,0.0,4.0,0.0,0.0,3.0,0.0,2.0,2.0,1.0,0.0,1.0,1.0,0.0,0.0,0.0,0.0,1.0,2.0,-10.0
22200157,1610612747,LAL,Los Angeles,1629308,Juan Toscano-Anderson,Juan,,,12:51,0.0,4.0,0.0,0.0,1.0,0.0,1.0,2.0,0.5,0.0,2.0,2.0,0.0,0.0,2.0,2.0,2.0,1.0,-8.0
22200157,1610612747,LAL,Los Angeles,1631108,Max Christie,Max,,,29:03,3.0,7.0,0.429,2.0,4.0,0.5,0.0,0.0,0.0,1.0,0.0,1.0,2.0,2.0,0.0,1.0,0.0,8.0,-16.0
22200157,1610612747,LAL,Los Angeles,1627745,Damian Jones,Damian,,,15:14,3.0,6.0,0.5,0.0,0.0,0.0,4.0,4.0,1.0,3.0,4.0,7.0,0.0,0.0,1.0,2.0,2.0,10.0,-6.0
22200157,1610612747,LAL,Los Angeles,1630590,Scotty Pippen Jr.,Scotty,,,6:29,0.0,2.0,0.0,0.0,0.0,0.0,1.0,2.0,0.5,1.0,1.0,2.0,0.0,0.0,0.0,1.0,2.0,1.0,0.0
22200157,1610612762,UTA,Utah,1627736,Malik Beasley,Malik,F,,21:33,5.0,8.0,0.625,4.0,7.0,0.571,0.0,0.0,0.0,0.0,2.0,2.0,1.0,0.0,0.0,1.0,2.0,14.0,11.0
22200157,1610612762,UTA,Utah,1628374,Lauri Markkanen,Lauri,F,,27:44,10.0,15.0,0.667,1.0,4.0,0.25,2.0,3.0,0.667,1.0,2.0,3.0,2.0,0.0,1.0,1.0,2.0,23.0,14.0
22200157,1610612762,UTA,Utah,203482,Kelly Olynyk,Kelly,C,,22:46,3.0,4.0,0.75,0.0,0.0,0.0,4.0,4.0,1.0,0.0,3.0,3.0,2.0,2.0,1.0,4.0,2.0,10.0,8.0
22200157,1610612762,UTA,Utah,203903,Jordan Clarkson,Jordan,G,,28:39,8.0,12.0,0.667,5.0,6.0,0.833,1.0,1.0,1.0,2.0,2.0,4.0,4.0,1.0,0.0,3.0,3.0,22.0,16.0
22200157,1610612762,UTA,Utah,201144,Mike Conley,Mike,G,,23:46,5.0,7.0,0.714,3.0,4.0,0.75,1.0,2.0,0.5,0.0,1.0,1.0,12.0,0.0,0.0,0.0,2.0,14.0,12.0
22200157,1610612762,UTA,Utah,1629012,Collin Sexton,Collin,,,27:57,5.0,10.0,0.5,1.0,4.0,0.25,6.0,7.0,0.857,0.0,5.0,5.0,3.0,0.0,0.0,0.0,2.0,17.0,19.0
22200157,1610612762,UTA,Utah,1629659,Talen Horton-Tucker,Talen,,,20:06,6.0,11.0,0.545,1.0,3.0,0.333,2.0,3.0,0.667,1.0,2.0,3.0,3.0,3.0,0.0,1.0,1.0,15.0,19.0
22200157,1610612762,UTA,Utah,1631117,Walker Kessler,Walker,,,18:12,4.0,6.0,0.667,0.0,0.0,0.0,0.0,0.0,0.0,3.0,6.0,9.0,1.0,0.0,2.0,0.0,4.0,8.0,8.0
22200157,1610612762,UTA,Utah,200752,Rudy Gay,Rudy,,,16:26,3.0,7.0,0.429,1.0,5.0,0.2,1.0,2.0,0.5,1.0,4.0,5.0,0.0,0.0,1.0,1.0,0.0,8.0,16.0
22200157,1610612762,UTA,Utah,1629638,Nickeil Alexander-Walker,Nickeil,,,12:01,0.0,5.0,0.0,0.0,1.0,0.0,0.0,0.0,0.0,0.0,0.0,0.0,1.0,1.0,1.0,1.0,2.0,0.0,-6.0
22200157,1610612762,UTA,Utah,1630534,Ochai Agbaji,Ochai,,,6:29,0.0,0.0,0.0,0.0,0.0,0.0,0.0,0.0,0.0,0.0,2.0,2.0,0.0,0.0,0.0,0.0,1.0,0.0,0.0
22200157,1610612762,UTA,Utah,1630195,Leandro Bolmaro,Leandro,,,5:02,1.0,4.0,0.25,0.0,1.0,0.0,0.0,0.0,0.0,0.0,0.0,0.0,0.0,2.0,0.0,1.0,1.0,2.0,-2.0
22200157,1610612762,UTA,Utah,1631323,Simone Fontecchio,Simone,,,5:02,1.0,4.0,0.25,0.0,3.0,0.0,0.0,0.0,0.0,0.0,1.0,1.0,0.0,1.0,0.0,1.0,1.0,2.0,-2.0
22200157,1610612762,UTA,Utah,1628962,Udoka Azubuike,Udoka,,,4:17,2.0,2.0,1.0,0.0,0.0,0.0,0.0,0.0,0.0,2.0,1.0,3.0,1.0,0.0,1.0,0.0,0.0,4.0,2.0
22200148,1610612756,PHX,Phoenix,1628969,Mikal Bridges,Mikal,F,,43:31,6.0,12.0,0.5,1.0,2.0,0.5,2.0,2.0,1.0,0.0,5.0,5.0,1.0,0.0,1.0,0.0,1.0,15.0,-14.0
22200148,1610612756,PHX,Phoenix,1628470,Torrey Craig,Torrey,F,,22:30,1.0,6.0,0.167,1.0,4.0,0.25,0.0,0.0,0.0,0.0,1.0,1.0,1.0,1.0,1.0,1.0,1.0,3.0,-5.0
22200148,1610612756,PHX,Phoenix,1629028,Deandre Ayton,Deandre,C,,30:36,6.0,11.0,0.545,0.0,0.0,0.0,2.0,2.0,1.0,3.0,4.0,7.0,0.0,1.0,1.0,0.0,4.0,14.0,-13.0
22200148,1610612756,PHX,Phoenix,1626164,Devin Booker,Devin,G,,43:24,8.0,16.0,0.5,1.0,1.0,1.0,11.0,14.0,0.786,2.0,5.0,7.0,5.0,1.0,0.0,6.0,2.0,28.0,-9.0
22200148,1610612756,PHX,Phoenix,101108,Chris Paul,Chris,G,,13:45,1.0,1.0,1.0,0.0,0.0,0.0,0.0,0.0,0.0,0.0,2.0,2.0,2.0,2.0,0.0,2.0,1.0,2.0,-10.0
22200148,1610612756,PHX,Phoenix,1626166,Cameron Payne,Cameron,,,27:43,6.0,14.0,0.429,1.0,4.0,0.25,1.0,2.0,0.5,0.0,2.0,2.0,5.0,0.0,0.0,3.0,4.0,14.0,-11.0
22200148,1610612756,PHX,Phoenix,1629111,Jock Landale,Jock,,,6:48,1.0,2.0,0.5,0.0,0.0,0.0,0.0,0.0,0.0,0.0,2.0,2.0,1.0,1.0,2.0,0.0,5.0,2.0,-3.0
22200148,1610612756,PHX,Phoenix,1627814,Damion Lee,Damion,,,25:30,3.0,6.0,0.5,2.0,4.0,0.5,2.0,2.0,1.0,0.0,5.0,5.0,2.0,2.0,0.0,1.0,4.0,10.0,-7.0
22200148,1610612756,PHX,Phoenix,203967,Dario Šarić,Dario,,,3:09,0.0,0.0,0.0,0.0,0.0,0.0,0.0,0.0,0.0,0.0,1.0,1.0,0.0,0.0,0.0,0.0,0.0,0.0,1.0
22200148,1610612756,PHX,Phoenix,1629013,Landry Shamet,Landry,,,11:08,0.0,4.0,0.0,0.0,3.0,0.0,0.0,0.0,0.0,0.0,1.0,1.0,1.0,0.0,0.0,0.0,1.0,0.0,6.0
22200148,1610612756,PHX,Phoenix,202687,Bismack Biyombo,Bismack,,,10:36,0.0,0.0,0.0,0.0,0.0,0.0,0.0,0.0,0.0,1.0,3.0,4.0,1.0,0.0,0.0,0.0,1.0,0.0,4.0
22200148,1610612756,PHX,Phoenix,1629006,Josh Okogie,Josh,,,1:20,0.0,1.0,0.0,0.0,1.0,0.0,0.0,0.0,0.0,0.0,0.0,0.0,0.0,0.0,0.0,0.0,0.0,0.0,1.0
22200148,1610612755,PHI,Philadelphia,202699,Tobias Harris,Tobias,F,,37:54,7.0,18.0,0.389,3.0,7.0,0.429,4.0,5.0,0.8,0.0,8.0,8.0,6.0,1.0,0.0,2.0,1.0,21.0,5.0
22200148,1610612755,PHI,Philadelphia,200782,P.J. Tucker,P.J.,F,,29:52,2.0,2.0,1.0,0.0,0.0,0.0,0.0,0.0,0.0,2.0,6.0,8.0,1.0,0.0,1.0,1.0,1.0,4.0,11.0
22200148,1610612755,PHI,Philadelphia,203954,Joel Embiid,Joel,C,,36:43,8.0,21.0,0.381,1.0,4.0,0.25,16.0,16.0,1.0,7.0,3.0,10.0,5.0,0.0,1.0,3.0,2.0,33.0,10.0
22200148,1610612755,PHI,Philadelphia,1629001,De'Anthony Melton,De'Anthony,G,,33:50,2.0,7.0,0.286,1.0,6.0,0.167,1.0,2.0,0.5,2.0,5.0,7.0,2.0,1.0,2.0,1.0,5.0,6.0,12.0
22200148,1610612755,PHI,Philadelphia,1630178,Tyrese Maxey,Tyrese,G,,40:20,4.0,18.0,0.222,0.0,4.0,0.0,3.0,6.0,0.5,1.0,4.0,5.0,6.0,0.0,1.0,2.0,0.0,11.0,8.0
22200148,1610612755,PHI,Philadelphia,1630194,Paul Reed,Paul,,,11:27,1.0,1.0,1.0,0.0,0.0,0.0,0.0,0.0,0.0,2.0,2.0,4.0,0.0,1.0,0.0,1.0,4.0,2.0,2.0
22200148,1610612755,PHI,Philadelphia,1627777,Georges Niang,Georges,,,27:04,7.0,11.0,0.636,7.0,10.0,0.7,0.0,0.0,0.0,0.0,4.0,4.0,1.0,2.0,0.0,3.0,2.0,21.0,7.0
22200148,1610612755,PHI,Philadelphia,1629003,Shake Milton,Shake,,,12:20,0.0,1.0,0.0,0.0,0.0,0.0,2.0,2.0,1.0,0.0,1.0,1.0,0.0,0.0,0.0,2.0,1.0,2.0,1.0
22200148,1610612755,PHI,Philadelphia,1629680,Matisse Thybulle,Matisse,,,10:31,0.0,1.0,0.0,0.0,1.0,0.0,0.0,0.0,0.0,1.0,0.0,1.0,1.0,0.0,1.0,0.0,1.0,0.0,4.0
22200148,1610612755,PHI,Philadelphia,201935,James Harden,James,,DND - Injury/Illness,,,,,,,,,,,,,,,,,,,,
22200148,1610612755,PHI,Philadelphia,1626149,Montrezl Harrell,Montrezl,,DNP - Coach's Decision,,,,,,,,,,,,,,,,,,,,
22200148,1610612755,PHI,Philadelphia,1627788,Furkan Korkmaz,Furkan,,DNP - Coach's Decision,,,,,,,,,,,,,,,,,,,,
22200148,1610612755,PHI,Philadelphia,1630531,Jaden Springer,Jaden,,DNP - Coach's Decision,,,,,,,,,,,,,,,,,,,,
22200141,1610612741,CHI,Chicago,201942,DeMar DeRozan,DeMar,F,,37:29,7.0,9.0,0.778,0.0,1.0,0.0,6.0,6.0,1.0,1.0,4.0,5.0,2.0,1.0,1.0,5.0,2.0,20.0,-8.0
22200141,1610612741,CHI,Chicago,1630172,Patrick Williams,Patrick,F,,28:33,5.0,16.0,0.313,3.0,6.0,0.5,0.0,0.0,0.0,5.0,2.0,7.0,1.0,0.0,2.0,0.0,4.0,13.0,-1.0
22200141,1610612741,CHI,Chicago,202696,Nikola Vučević,Nikola,C,,35:27,8.0,13.0,0.615,2.0,5.0,0.4,0.0,0.0,0.0,4.0,8.0,12.0,6.0,0.0,1.0,4.0,2.0,18.0,-10.0
22200141,1610612741,CHI,Chicago,1627936,Alex Caruso,Alex,G,,32:14,1.0,11.0,0.091,0.0,6.0,0.0,2.0,2.0,1.0,3.0,8.0,11.0,11.0,2.0,2.0,2.0,2.0,4.0,15.0
22200141,1610612741,CHI,Chicago,1630245,Ayo Dosunmu,Ayo,G,,38:00,6.0,15.0,0.4,3.0,8.0,0.375,0.0,0.0,0.0,0.0,3.0,3.0,3.0,0.0,0.0,3.0,4.0,15.0,-30.0
22200141,1610612741,CHI,Chicago,1629750,Javonte Green,Javonte,,,21:14,4.0,7.0,0.571,1.0,2.0,0.5,1.0,1.0,1.0,0.0,3.0,3.0,1.0,0.0,0.0,0.0,2.0,10.0,-9.0
22200141,1610612741,CHI,Chicago,1631207,Dalen Terry,Dalen,,,9:46,2.0,2.0,1.0,0.0,0.0,0.0,0.0,0.0,0.0,0.0,1.0,1.0,1.0,1.0,1.0,1.0,0.0,4.0,1.0
22200141,1610612741,CHI,Chicago,201609,Goran Dragic,Goran,,,20:47,6.0,10.0,0.6,4.0,6.0,0.667,0.0,0.0,0.0,2.0,0.0,2.0,2.0,0.0,0.0,2.0,3.0,16.0,1.0
22200141,1610612741,CHI,Chicago,1627884,Derrick Jones Jr.,Derrick,,,16:30,1.0,5.0,0.2,0.0,2.0,0.0,2.0,4.0,0.5,0.0,2.0,2.0,0.0,1.0,3.0,0.0,1.0,4.0,-4.0
22200141,1610612741,CHI,Chicago,1628396,Tony Bradley,Tony,,DNP - Coach's Decision,,,,,,,,,,,,,,,,,,,,
22200141,1610612741,CHI,Chicago,1630792,Malcolm Hill,Malcolm,,DNP - Coach's Decision,,,,,,,,,,,,,,,,,,,,
22200141,1610612761,TOR,Toronto,1628384,OG Anunoby,OG,F,,38:18,10.0,19.0,0.526,2.0,5.0,0.4,0.0,0.0,0.0,4.0,2.0,6.0,3.0,3.0,1.0,1.0,3.0,22.0,24.0
22200141,1610612761,TOR,Toronto,1630567,Scottie Barnes,Scottie,F,,40:05,8.0,19.0,0.421,2.0,7.0,0.286,1.0,2.0,0.5,2.0,8.0,10.0,4.0,1.0,0.0,2.0,1.0,19.0,5.0
22200141,1610612761,TOR,Toronto,1631132,Christian Koloko,Christian,C,,31:01,4.0,8.0,0.5,0.0,1.0,0.0,3.0,4.0,0.75,2.0,5.0,7.0,2.0,0.0,6.0,1.0,3.0,11.0,19.0
22200141,1610612761,TOR,Toronto,1629018,Gary Trent Jr.,Gary,G,,20:34,4.0,11.0,0.364,1.0,5.0,0.2,3.0,5.0,0.6,1.0,2.0,3.0,0.0,1.0,0.0,0.0,0.0,12.0,-25.0
22200141,1610612761,TOR,Toronto,1627832,Fred VanVleet,Fred,G,,39:20,9.0,22.0,0.409,5.0,13.0,0.385,7.0,7.0,1.0,0.0,5.0,5.0,11.0,0.0,0.0,1.0,1.0,30.0,27.0
22200141,1610612761,TOR,Toronto,1628449,Chris Boucher,Chris,,,22:11,4.0,10.0,0.4,0.0,2.0,0.0,0.0,0.0,0.0,6.0,0.0,6.0,1.0,1.0,2.0,3.0,3.0,8.0,-6.0
22200141,1610612761,TOR,Toronto,203490,Otto Porter Jr.,Otto,,,18:47,1.0,3.0,0.333,0.0,1.0,0.0,0.0,0.0,0.0,1.0,2.0,3.0,3.0,3.0,0.0,0.0,2.0,2.0,-4.0
22200141,1610612761,TOR,Toronto,1630173,Precious Achiuwa,Precious,,,14:11,2.0,6.0,0.333,0.0,2.0,0.0,1.0,2.0,0.5,3.0,1.0,4.0,2.0,1.0,1.0,1.0,3.0,5.0,-20.0
22200141,1610612761,TOR,Toronto,201152,Thaddeus Young,Thaddeus,,,15:33,2.0,5.0,0.4,0.0,1.0,0.0,0.0,0.0,0.0,4.0,4.0,8.0,2.0,1.0,0.0,0.0,0.0,4.0,25.0
22200141,1610612761,TOR,Toronto,1630625,Dalano Banton,Dalano,,DNP - Coach's Decision,,,,,,,,,,,,,,,,,,,,
22200141,1610612761,TOR,Toronto,1630201,Malachi Flynn,Malachi,,DNP - Coach's Decision,,,,,,,,,,,,,,,,,,,,
22200141,1610612761,TOR,Toronto,1627823,Juancho Hernangomez,Juancho,,DNP - Coach's Decision,,,,,,,,,,,,,,,,,,,,
22200142,1610612764,WAS,Washington,1630166,Deni Avdija,Deni,F,,26:03,2.0,12.0,0.167,0.0,5.0,0.0,0.0,0.0,0.0,4.0,6.0,10.0,2.0,0.0,0.0,2.0,1.0,4.0,-16.0
22200142,1610612764,WAS,Washington,1628398,Kyle Kuzma,Kyle,F,,34:22,5.0,14.0,0.357,2.0,9.0,0.222,0.0,0.0,0.0,2.0,9.0,11.0,2.0,0.0,1.0,3.0,3.0,12.0,-5.0
22200142,1610612764,WAS,Washington,204001,Kristaps Porziņģis,Kristaps,C,,30:53,3.0,13.0,0.231,1.0,6.0,0.167,3.0,4.0,0.75,1.0,3.0,4.0,3.0,1.0,3.0,4.0,5.0,10.0,2.0
22200142,1610612764,WAS,Washington,1630557,Corey Kispert,Corey,G,,23:47,3.0,6.0,0.5,0.0,3.0,0.0,0.0,1.0,0.0,0.0,3.0,3.0,3.0,0.0,0.0,0.0,0.0,6.0,-15.0
22200142,1610612764,WAS,Washington,1628420,Monté Morris,Monté,G,,33:09,7.0,12.0,0.583,2.0,5.0,0.4,2.0,2.0,1.0,0.0,0.0,0.0,1.0,1.0,0.0,0.0,1.0,18.0,-9.0
22200142,1610612764,WAS,Washington,1630692,Jordan Goodwin,Jordan,,,26:02,4.0,7.0,0.571,1.0,4.0,0.25,0.0,0.0,0.0,4.0,4.0,8.0,5.0,2.0,1.0,0.0,3.0,9.0,12.0
22200142,1610612764,WAS,Washington,203115,Will Barton,Will,,,23:44,5.0,12.0,0.417,1.0,5.0,0.2,1.0,1.0,1.0,0.0,4.0,4.0,5.0,0.0,0.0,0.0,2.0,12.0,3.0
22200142,1610612764,WAS,Washington,1629655,Daniel Gafford,Daniel,,,13:34,4.0,6.0,0.667,0.0,0.0,0.0,1.0,1.0,1.0,2.0,3.0,5.0,2.0,0.0,0.0,0.0,3.0,9.0,3.0
22200142,1610612764,WAS,Washington,1629060,Rui Hachimura,Rui,,,22:17,7.0,12.0,0.583,1.0,3.0,0.333,0.0,1.0,0.0,1.0,2.0,3.0,0.0,0.0,0.0,1.0,2.0,15.0,0.0
22200142,1610612764,WAS,Washington,201959,Taj Gibson,Taj,,,3:33,1.0,2.0,0.5,0.0,1.0,0.0,0.0,0.0,0.0,1.0,0.0,1.0,1.0,0.0,0.0,0.0,0.0,2.0,-11.0
22200142,1610612764,WAS,Washington,1630264,Anthony Gill,Anthony,,,2:36,0.0,0.0,0.0,0.0,0.0,0.0,0.0,0.0,0.0,0.0,0.0,0.0,1.0,1.0,0.0,0.0,1.0,0.0,6.0
22200142,1610612763,MEM,Memphis,1628415,Dillon Brooks,Dillon,F,,30:29,4.0,14.0,0.286,0.0,4.0,0.0,1.0,1.0,1.0,1.0,4.0,5.0,1.0,2.0,0.0,0.0,1.0,9.0,3.0
22200142,1610612763,MEM,Memphis,1630583,Santi Aldama,Santi,F,,26:54,2.0,9.0,0.222,0.0,4.0,0.0,0.0,1.0,0.0,0.0,10.0,10.0,2.0,3.0,0.0,0.0,3.0,4.0,6.0
22200142,1610612763,MEM,Memphis,203500,Steven Adams,Steven,C,,22:11,2.0,2.0,1.0,0.0,0.0,0.0,0.0,0.0,0.0,5.0,5.0,10.0,1.0,0.0,0.0,1.0,3.0,4.0,9.0
22200142,1610612763,MEM,Memphis,1630217,Desmond Bane,Desmond,G,,35:21,9.0,16.0,0.563,4.0,8.0,0.5,6.0,6.0,1.0,0.0,3.0,3.0,4.0,1.0,0.0,1.0,1.0,28.0,-1.0
22200142,1610612763,MEM,Memphis,1629630,Ja Morant,Ja,G,,33:15,9.0,27.0,0.333,1.0,4.0,0.25,4.0,6.0,0.667,2.0,7.0,9.0,6.0,1.0,0.0,4.0,0.0,23.0,3.0
22200142,1610612763,MEM,Memphis,1629723,John Konchar,John,,,15:08,1.0,3.0,0.333,0.0,1.0,0.0,0.0,0.0,0.0,2.0,2.0,4.0,1.0,0.0,0.0,0.0,2.0,2.0,-1.0
22200142,1610612763,MEM,Memphis,1631223,David Roddy,David,,,15:34,1.0,3.0,0.333,1.0,2.0,0.5,0.0,0.0,0.0,0.0,1.0,1.0,0.0,0.0,0.0,0.0,0.0,3.0,-4.0
22200142,1610612763,MEM,Memphis,1626145,Tyus Jones,Tyus,,,19:09,2.0,5.0,0.4,1.0,3.0,0.333,2.0,2.0,1.0,0.0,0.0,0.0,3.0,1.0,0.0,1.0,0.0,7.0,12.0
22200142,1610612763,MEM,Memphis,1629634,Brandon Clarke,Brandon,,,21:24,7.0,8.0,0.875,0.0,0.0,0.0,2.0,2.0,1.0,0.0,5.0,5.0,1.0,0.0,2.0,1.0,2.0,16.0,5.0
22200142,1610612763,MEM,Memphis,1631222,Jake LaRavia,Jake,,,16:10,2.0,3.0,0.667,2.0,3.0,0.667,0.0,0.0,0.0,0.0,1.0,1.0,1.0,0.0,0.0,0.0,2.0,6.0,6.0
22200142,1610612763,MEM,Memphis,1630214,Xavier Tillman,Xavier,,,4:25,0.0,1.0,0.0,0.0,0.0,0.0,1.0,2.0,0.5,2.0,0.0,2.0,0.0,0.0,0.0,2.0,3.0,1.0,-8.0
22200142,1610612763,MEM,Memphis,1631113,Kennedy Chandler,Kennedy,,DNP - Coach's Decision,,,,,,,,,,,,,,,,,,,,
22200142,1610612763,MEM,Memphis,1631246,Vince Williams Jr.,Vince,,DNP - Coach's Decision,,,,,,,,,,,,,,,,,,,,
22200140,1610612739,CLE,Cleveland,1627747,Caris LeVert,Caris,F,,29:34,5.0,10.0,0.5,1.0,2.0,0.5,1.0,2.0,0.5,1.0,3.0,4.0,3.0,1.0,0.0,1.0,1.0,12.0,-2.0
22200140,1610612739,CLE,Cleveland,1630596,Evan Mobley,Evan,F,,30:26,2.0,7.0,0.286,0.0,1.0,0.0,1.0,2.0,0.5,2.0,5.0,7.0,3.0,2.0,1.0,1.0,3.0,5.0,1.0
22200140,1610612739,CLE,Cleveland,1628386,Jarrett Allen,Jarrett,C,,27:45,5.0,13.0,0.385,0.0,0.0,0.0,6.0,6.0,1.0,3.0,8.0,11.0,0.0,2.0,2.0,1.0,4.0,16.0,5.0
22200140,1610612739,CLE,Cleveland,1628378,Donovan Mitchell,Donovan,G,,37:09,10.0,17.0,0.588,1.0,7.0,0.143,12.0,13.0,0.923,1.0,4.0,5.0,2.0,1.0,1.0,3.0,1.0,33.0,6.0
22200140,1610612739,CLE,Cleveland,1629636,Darius Garland,Darius,G,,38:57,7.0,18.0,0.389,3.0,9.0,0.333,7.0,7.0,1.0,1.0,3.0,4.0,7.0,0.0,0.0,5.0,4.0,24.0,6.0
22200140,1610612739,CLE,Cleveland,1626224,Cedi Osman,Cedi,,,19:15,3.0,5.0,0.6,1.0,3.0,0.333,2.0,2.0,1.0,0.0,1.0,1.0,1.0,0.0,0.0,0.0,1.0,9.0,19.0
22200140,1610612739,CLE,Cleveland,1629731,Dean Wade,Dean,,,24:50,1.0,3.0,0.333,0.0,2.0,0.0,0.0,0.0,0.0,1.0,5.0,6.0,1.0,1.0,1.0,0.0,4.0,2.0,13.0
22200140,1610612739,CLE,Cleveland,201567,Kevin Love,Kevin,,,20:04,4.0,10.0,0.4,2.0,8.0,0.25,0.0,0.0,0.0,0.0,10.0,10.0,1.0,0.0,1.0,1.0,1.0,10.0,22.0
22200140,1610612739,CLE,Cleveland,1630171,Isaac Okoro,Isaac,,,5:56,0.0,1.0,0.0,0.0,0.0,0.0,0.0,0.0,0.0,0.0,0.0,0.0,0.0,0.0,0.0,0.0,1.0,0.0,-2.0
22200140,1610612739,CLE,Cleveland,201577,Robin Lopez,Robin,,,6:04,0.0,0.0,0.0,0.0,0.0,0.0,3.0,4.0,0.75,0.0,0.0,0.0,1.0,0.0,0.0,0.0,0.0,3.0,2.0
22200140,1610612739,CLE,Cleveland,1629603,Mamadi Diakite,Mamadi,,DNP - Coach's Decision,,,,,,,,,,,,,,,,,,,,
22200140,1610612739,CLE,Cleveland,203526,Raul Neto,Raul,,DNP - Coach's Decision,,,,,,,,,,,,,,,,,,,,
22200140,1610612739,CLE,Cleveland,1630205,Lamar Stevens,Lamar,,DNP - Coach's Decision,,,,,,,,,,,,,,,,,,,,
22200140,1610612747,LAL,Los Angeles,1628972,Troy Brown Jr.,Troy,F,,29:36,5.0,12.0,0.417,2.0,5.0,0.4,0.0,0.0,0.0,2.0,4.0,6.0,0.0,0.0,0.0,1.0,2.0,12.0,-8.0
22200140,1610612747,LAL,Los Angeles,2544,LeBron James,LeBron,F,,33:49,13.0,23.0,0.565,1.0,4.0,0.25,0.0,3.0,0.0,2.0,5.0,7.0,4.0,0.0,0.0,1.0,0.0,27.0,-8.0
22200140,1610612747,LAL,Los Angeles,203076,Anthony Davis,Anthony,C,,32:45,7.0,12.0,0.583,0.0,0.0,0.0,5.0,9.0,0.556,3.0,9.0,12.0,4.0,0.0,1.0,1.0,4.0,19.0,-7.0
22200140,1610612747,LAL,Los Angeles,1629022,Lonnie Walker IV,Lonnie,G,,19:26,3.0,7.0,0.429,0.0,3.0,0.0,0.0,0.0,0.0,0.0,1.0,1.0,1.0,0.0,0.0,0.0,5.0,6.0,-10.0
22200140,1610612747,LAL,Los Angeles,1629134,Kendrick Nunn,Kendrick,G,,18:22,0.0,5.0,0.0,0.0,4.0,0.0,0.0,0.0,0.0,1.0,2.0,3.0,2.0,1.0,0.0,1.0,0.0,0.0,-3.0
22200140,1610612747,LAL,Los Angeles,201566,Russell Westbrook,Russell,,,31:49,6.0,13.0,0.462,3.0,5.0,0.6,4.0,5.0,0.8,1.0,2.0,3.0,10.0,2.0,1.0,7.0,3.0,19.0,-8.0
22200140,1610612747,LAL,Los Angeles,1630559,Austin Reaves,Austin,,,25:25,0.0,2.0,0.0,0.0,1.0,0.0,1.0,1.0,1.0,0.0,4.0,4.0,0.0,0.0,1.0,2.0,3.0,1.0,-12.0
22200140,1610612747,LAL,Los Angeles,1629308,Juan Toscano-Anderson,Juan,,,11:42,1.0,2.0,0.5,0.0,1.0,0.0,0.0,0.0,0.0,0.0,1.0,1.0,1.0,0.0,0.0,1.0,2.0,2.0,-3.0
22200140,1610612747,LAL,Los Angeles,1630346,Matt Ryan,Matt,,,17:02,2.0,6.0,0.333,2.0,3.0,0.667,2.0,3.0,0.667,0.0,2.0,2.0,2.0,1.0,0.0,1.0,3.0,8.0,-7.0
22200140,1610612747,LAL,Los Angeles,1629117,Wenyen Gabriel,Wenyen,,,15:15,2.0,4.0,0.5,0.0,1.0,0.0,0.0,0.0,0.0,1.0,3.0,4.0,0.0,0.0,1.0,1.0,3.0,4.0,-7.0
22200140,1610612747,LAL,Los Angeles,1631108,Max Christie,Max,,,4:50,1.0,1.0,1.0,0.0,0.0,0.0,0.0,0.0,0.0,0.0,0.0,0.0,0.0,0.0,0.0,0.0,1.0,2.0,3.0
22200140,1610612747,LAL,Los Angeles,201976,Patrick Beverley,Patrick,,DND - Injury/Illness,,,,,,,,,,,,,,,,,,,,
22200140,1610612747,LAL,Los Angeles,1627745,Damian Jones,Damian,,DNP - Coach's Decision,,,,,,,,,,,,,,,,,,,,
22200143,1610612762,UTA,Utah,1627736,Malik Beasley,Malik,F,,31:18,3.0,8.0,0.375,2.0,7.0,0.286,2.0,2.0,1.0,1.0,3.0,4.0,0.0,0.0,0.0,3.0,1.0,10.0,0.0
22200143,1610612762,UTA,Utah,1628374,Lauri Markkanen,Lauri,F,,33:21,5.0,9.0,0.556,1.0,3.0,0.333,7.0,7.0,1.0,2.0,7.0,9.0,3.0,1.0,1.0,2.0,3.0,18.0,8.0
22200143,1610612762,UTA,Utah,203482,Kelly Olynyk,Kelly,C,,29:27,2.0,4.0,0.5,1.0,2.0,0.5,4.0,4.0,1.0,0.0,4.0,4.0,4.0,1.0,0.0,3.0,5.0,9.0,10.0
22200143,1610612762,UTA,Utah,203903,Jordan Clarkson,Jordan,G,,30:09,8.0,15.0,0.533,6.0,9.0,0.667,1.0,1.0,1.0,2.0,1.0,3.0,5.0,0.0,1.0,5.0,0.0,23.0,6.0
22200143,1610612762,UTA,Utah,201144,Mike Conley,Mike,G,,32:59,7.0,13.0,0.538,2.0,6.0,0.333,1.0,1.0,1.0,1.0,6.0,7.0,4.0,2.0,0.0,1.0,0.0,17.0,11.0
22200143,1610612762,UTA,Utah,1629012,Collin Sexton,Collin,,,27:14,6.0,13.0,0.462,2.0,5.0,0.4,8.0,9.0,0.889,0.0,3.0,3.0,2.0,1.0,0.0,3.0,1.0,22.0,3.0
22200143,1610612762,UTA,Utah,1629659,Talen Horton-Tucker,Talen,,,14:35,1.0,5.0,0.2,1.0,4.0,0.25,2.0,2.0,1.0,0.0,2.0,2.0,0.0,0.0,0.0,0.0,1.0,5.0,-1.0
22200143,1610612762,UTA,Utah,1631117,Walker Kessler,Walker,,,16:11,2.0,2.0,1.0,0.0,0.0,0.0,0.0,0.0,0.0,1.0,4.0,5.0,0.0,0.0,2.0,0.0,1.0,4.0,0.0
22200143,1610612762,UTA,Utah,200752,Rudy Gay,Rudy,,,16:03,1.0,4.0,0.25,0.0,3.0,0.0,0.0,0.0,0.0,0.0,3.0,3.0,0.0,0.0,0.0,2.0,1.0,2.0,1.0
22200143,1610612762,UTA,Utah,1629638,Nickeil Alexander-Walker,Nickeil,,,8:44,0.0,2.0,0.0,0.0,1.0,0.0,0.0,0.0,0.0,0.0,2.0,2.0,0.0,0.0,0.0,1.0,2.0,0.0,2.0
22200143,1610612762,UTA,Utah,1630534,Ochai Agbaji,Ochai,,DNP - Coach's Decision,,,,,,,,,,,,,,,,,,,,
22200143,1610612762,UTA,Utah,1628962,Udoka Azubuike,Udoka,,DNP - Coach's Decision,,,,,,,,,,,,,,,,,,,,
22200143,1610612762,UTA,Utah,1631323,Simone Fontecchio,Simone,,DNP - Coach's Decision,,,,,,,,,,,,,,,,,,,,
22200143,1610612746,LAC,LA,202694,Marcus Morris Sr.,Marcus,F,,37:34,8.0,16.0,0.5,1.0,7.0,0.143,1.0,1.0,1.0,0.0,3.0,3.0,3.0,1.0,0.0,4.0,3.0,18.0,-19.0
22200143,1610612746,LAC,LA,202331,Paul George,Paul,F,,38:02,11.0,22.0,0.5,5.0,14.0,0.357,7.0,8.0,0.875,0.0,8.0,8.0,4.0,1.0,0.0,5.0,5.0,34.0,1.0
22200143,1610612746,LAC,LA,1627826,Ivica Zubac,Ivica,C,,34:47,6.0,12.0,0.5,0.0,0.0,0.0,0.0,0.0,0.0,3.0,6.0,9.0,2.0,3.0,1.0,1.0,1.0,12.0,-1.0
22200143,1610612746,LAC,LA,1629611,Terance Mann,Terance,G,,29:45,7.0,8.0,0.875,0.0,1.0,0.0,0.0,0.0,0.0,1.0,2.0,3.0,3.0,2.0,0.0,0.0,5.0,14.0,0.0
22200143,1610612746,LAC,LA,202704,Reggie Jackson,Reggie,G,,19:41,1.0,3.0,0.333,1.0,1.0,1.0,0.0,0.0,0.0,0.0,1.0,1.0,0.0,1.0,0.0,1.0,1.0,3.0,3.0
22200143,1610612746,LAC,LA,201587,Nicolas Batum,Nicolas,,,23:25,1.0,3.0,0.333,1.0,3.0,0.333,0.0,0.0,0.0,0.0,3.0,3.0,2.0,0.0,1.0,1.0,3.0,3.0,7.0
22200143,1610612746,LAC,LA,202322,John Wall,John,,,28:19,6.0,15.0,0.4,0.0,4.0,0.0,0.0,4.0,0.0,0.0,3.0,3.0,6.0,2.0,0.0,1.0,3.0,12.0,-11.0
22200143,1610612746,LAC,LA,1626181,Norman Powell,Norman,,,21:04,3.0,8.0,0.375,0.0,3.0,0.0,0.0,0.0,0.0,0.0,2.0,2.0,1.0,1.0,0.0,0.0,3.0,6.0,-13.0
22200143,1610612746,LAC,LA,203496,Robert Covington,Robert,,,6:25,0.0,0.0,0.0,0.0,0.0,0.0,0.0,0.0,0.0,0.0,0.0,0.0,1.0,0.0,0.0,0.0,2.0,0.0,-10.0
22200143,1610612746,LAC,LA,1629599,Amir Coffey,Amir,,,0:59,0.0,0.0,0.0,0.0,0.0,0.0,0.0,0.0,0.0,0.0,0.0,0.0,0.0,0.0,0.0,0.0,0.0,0.0,3.0
22200143,1610612746,LAC,LA,1630527,Brandon Boston,Brandon,,DNP - Coach's Decision,,,,,,,,,,,,,,,,,,,,
22200143,1610612746,LAC,LA,1629650,Moses Brown,Moses,,DNP - Coach's Decision,,,,,,,,,,,,,,,,,,,,
22200135,1610612738,BOS,Boston,1627759,Jaylen Brown,Jaylen,F,,37:20,10.0,19.0,0.526,6.0,11.0,0.545,4.0,4.0,1.0,2.0,3.0,5.0,3.0,0.0,0.0,1.0,5.0,30.0,-5.0
22200135,1610612738,BOS,Boston,1628369,Jayson Tatum,Jayson,F,,36:31,8.0,17.0,0.471,6.0,13.0,0.462,4.0,4.0,1.0,0.0,4.0,4.0,5.0,1.0,2.0,3.0,3.0,26.0,2.0
22200135,1610612738,BOS,Boston,201933,Blake Griffin,Blake,C,,15:05,3.0,4.0,0.75,1.0,2.0,0.5,0.0,0.0,0.0,0.0,1.0,1.0,2.0,0.0,0.0,2.0,1.0,7.0,6.0
22200135,1610612738,BOS,Boston,203935,Marcus Smart,Marcus,G,,35:38,5.0,9.0,0.556,3.0,5.0,0.6,0.0,0.0,0.0,0.0,2.0,2.0,11.0,0.0,0.0,1.0,2.0,13.0,3.0
22200135,1610612738,BOS,Boston,1628401,Derrick White,Derrick,G,,22:17,3.0,5.0,0.6,1.0,2.0,0.5,0.0,0.0,0.0,1.0,2.0,3.0,1.0,0.0,0.0,1.0,1.0,7.0,-5.0
22200135,1610612738,BOS,Boston,1629684,Grant Williams,Grant,,,27:32,4.0,7.0,0.571,2.0,4.0,0.5,2.0,2.0,1.0,1.0,3.0,4.0,1.0,2.0,0.0,2.0,0.0,12.0,8.0
22200135,1610612738,BOS,Boston,1630573,Sam Hauser,Sam,,,21:06,6.0,9.0,0.667,5.0,8.0,0.625,0.0,0.0,0.0,1.0,2.0,3.0,2.0,0.0,0.0,0.0,2.0,17.0,12.0
22200135,1610612738,BOS,Boston,1627763,Malcolm Brogdon,Malcolm,,,28:19,5.0,14.0,0.357,2.0,5.0,0.4,2.0,2.0,1.0,0.0,5.0,5.0,5.0,2.0,0.0,1.0,1.0,14.0,10.0
22200135,1610612738,BOS,Boston,203943,Noah Vonleh,Noah,,,16:12,3.0,4.0,0.75,1.0,1.0,1.0,0.0,0.0,0.0,3.0,4.0,7.0,0.0,0.0,0.0,1.0,2.0,7.0,21.0
22200135,1610612738,BOS,Boston,1628382,Justin Jackson,Justin,,DNP - Coach's Decision,,,,,,,,,,,,,,,,,,,,
22200135,1610612738,BOS,Boston,1628436,Luke Kornet,Luke,,DNP - Coach's Decision,,,,,,,,,,,,,,,,,,,,
22200135,1610612738,BOS,Boston,1630202,Payton Pritchard,Payton,,DNP - Coach's Decision,,,,,,,,,,,,,,,,,,,,
22200135,1610612752,NYK,New York,1629628,RJ Barrett,RJ,F,,36:32,9.0,15.0,0.6,3.0,5.0,0.6,6.0,6.0,1.0,0.0,4.0,4.0,4.0,1.0,0.0,6.0,2.0,27.0,-14.0
22200135,1610612752,NYK,New York,203944,Julius Randle,Julius,F,,40:06,10.0,19.0,0.526,3.0,7.0,0.429,6.0,6.0,1.0,5.0,4.0,9.0,2.0,0.0,0.0,3.0,3.0,29.0,-8.0
22200135,1610612752,NYK,New York,1628392,Isaiah Hartenstein,Isaiah,C,,38:27,5.0,6.0,0.833,0.0,0.0,0.0,0.0,0.0,0.0,3.0,11.0,14.0,1.0,0.0,1.0,0.0,3.0,10.0,9.0
22200135,1610612752,NYK,New York,1628973,Jalen Brunson,Jalen,G,,32:41,10.0,17.0,0.588,0.0,2.0,0.0,2.0,2.0,1.0,0.0,3.0,3.0,10.0,0.0,0.0,0.0,1.0,22.0,-3.0
22200135,1610612752,NYK,New York,1629629,Cam Reddish,Cam,G,,37:06,1.0,6.0,0.167,1.0,2.0,0.5,1.0,2.0,0.5,1.0,1.0,2.0,2.0,1.0,1.0,1.0,1.0,4.0,4.0
22200135,1610612752,NYK,New York,201565,Derrick Rose,Derrick,,,13:31,4.0,10.0,0.4,2.0,3.0,0.667,0.0,0.0,0.0,1.0,2.0,3.0,1.0,1.0,0.0,1.0,0.0,10.0,3.0
22200135,1610612752,NYK,New York,1630193,Immanuel Quickley,Immanuel,,,13:16,2.0,6.0,0.333,0.0,2.0,0.0,0.0,0.0,0.0,0.0,2.0,2.0,1.0,1.0,0.0,0.0,0.0,4.0,-16.0
22200135,1610612752,NYK,New York,203095,Evan Fournier,Evan,,,10:54,1.0,1.0,1.0,1.0,1.0,1.0,0.0,0.0,0.0,0.0,1.0,1.0,1.0,1.0,0.0,2.0,2.0,3.0,-15.0
22200135,1610612752,NYK,New York,1630167,Obi Toppin,Obi,,,14:55,3.0,9.0,0.333,1.0,5.0,0.2,0.0,0.0,0.0,2.0,4.0,6.0,0.0,1.0,1.0,0.0,1.0,7.0,-16.0
22200135,1610612752,NYK,New York,1630579,Jericho Sims,Jericho,,,2:32,1.0,1.0,1.0,0.0,0.0,0.0,0.0,0.0,0.0,0.0,0.0,0.0,0.0,0.0,1.0,0.0,1.0,2.0,-7.0
22200135,1610612752,NYK,New York,1627853,Ryan Arcidiacono,Ryan,,DNP - Coach's Decision,,,,,,,,,,,,,,,,,,,,
22200135,1610612752,NYK,New York,1630540,Miles McBride,Miles,,DNP - Coach's Decision,,,,,,,,,,,,,,,,,,,,
22200135,1610612752,NYK,New York,1629004,Svi Mykhailiuk,Svi,,DNP - Coach's Decision,,,,,,,,,,,,,,,,,,,,
22200133,1610612751,BKN,Brooklyn,1626220,Royce O'Neale,Royce,F,,38:06,1.0,9.0,0.111,1.0,5.0,0.2,3.0,4.0,0.75,1.0,3.0,4.0,5.0,0.0,0.0,0.0,3.0,6.0,2.0
22200133,1610612751,BKN,Brooklyn,201142,Kevin Durant,Kevin,F,,37:20,10.0,20.0,0.5,1.0,4.0,0.25,6.0,6.0,1.0,0.0,8.0,8.0,2.0,0.0,3.0,3.0,2.0,27.0,13.0
22200133,1610612751,BKN,Brooklyn,1629651,Nic Claxton,Nic,C,,25:26,5.0,7.0,0.714,0.0,0.0,0.0,1.0,1.0,1.0,3.0,6.0,9.0,3.0,3.0,4.0,3.0,4.0,11.0,-8.0
22200133,1610612751,BKN,Brooklyn,203925,Joe Harris,Joe,G,,30:40,2.0,10.0,0.2,1.0,8.0,0.125,0.0,0.0,0.0,4.0,3.0,7.0,2.0,0.0,0.0,0.0,2.0,5.0,9.0
22200133,1610612751,BKN,Brooklyn,1628410,Edmond Sumner,Edmond,G,,17:50,2.0,6.0,0.333,2.0,3.0,0.667,0.0,0.0,0.0,1.0,3.0,4.0,1.0,1.0,1.0,2.0,2.0,6.0,-9.0
22200133,1610612751,BKN,Brooklyn,203552,Seth Curry,Seth,,,14:52,1.0,4.0,0.25,1.0,2.0,0.5,0.0,0.0,0.0,0.0,0.0,0.0,0.0,0.0,0.0,1.0,0.0,3.0,5.0
22200133,1610612751,BKN,Brooklyn,1630560,Cam Thomas,Cam,,,28:47,5.0,11.0,0.455,1.0,2.0,0.5,10.0,11.0,0.909,0.0,4.0,4.0,4.0,1.0,1.0,1.0,2.0,21.0,13.0
22200133,1610612751,BKN,Brooklyn,1629139,Yuta Watanabe,Yuta,,,23:11,3.0,6.0,0.5,2.0,4.0,0.5,0.0,0.0,0.0,0.0,3.0,3.0,3.0,2.0,1.0,0.0,2.0,8.0,10.0
22200133,1610612751,BKN,Brooklyn,201988,Patty Mills,Patty,,,13:11,4.0,6.0,0.667,3.0,5.0,0.6,0.0,0.0,0.0,0.0,0.0,0.0,2.0,0.0,0.0,1.0,1.0,11.0,-9.0
22200133,1610612751,BKN,Brooklyn,1630561,David Duke Jr.,David,,,4:08,0.0,2.0,0.0,0.0,1.0,0.0,0.0,0.0,0.0,0.0,0.0,0.0,0.0,1.0,0.0,0.0,1.0,0.0,0.0
22200133,1610612751,BKN,Brooklyn,202693,Markieff Morris,Markieff,,,6:29,0.0,3.0,0.0,0.0,2.0,0.0,0.0,0.0,0.0,0.0,2.0,2.0,1.0,0.0,0.0,0.0,2.0,0.0,-6.0
22200133,1610612751,BKN,Brooklyn,1630549,Day'Ron Sharpe,Day'Ron,,DNP - Coach's Decision,,,,,,,,,,,,,,,,,,,,
22200133,1610612766,CHA,Charlotte,1626162,Kelly Oubre Jr.,Kelly,F,,31:06,5.0,14.0,0.357,4.0,11.0,0.364,4.0,7.0,0.571,0.0,1.0,1.0,0.0,0.0,0.0,1.0,5.0,18.0,-14.0
22200133,1610612766,CHA,Charlotte,1629023,P.J. Washington,P.J.,F,,34:01,5.0,11.0,0.455,3.0,6.0,0.5,5.0,7.0,0.714,0.0,3.0,3.0,2.0,0.0,4.0,0.0,1.0,18.0,1.0
22200133,1610612766,CHA,Charlotte,203486,Mason Plumlee,Mason,C,,30:03,4.0,8.0,0.5,0.0,0.0,0.0,1.0,1.0,1.0,3.0,8.0,11.0,3.0,1.0,0.0,2.0,5.0,9.0,-13.0
22200133,1610612766,CHA,Charlotte,1626179,Terry Rozier,Terry,G,,36:21,9.0,24.0,0.375,6.0,14.0,0.429,1.0,1.0,1.0,1.0,6.0,7.0,3.0,0.0,0.0,4.0,1.0,25.0,6.0
22200133,1610612766,CHA,Charlotte,1628372,Dennis Smith Jr.,Dennis,G,,6:36,0.0,1.0,0.0,0.0,0.0,0.0,0.0,0.0,0.0,0.0,1.0,1.0,2.0,0.0,0.0,0.0,1.0,0.0,-3.0
22200133,1610612766,CHA,Charlotte,1630547,James Bouknight,James,,,28:53,1.0,9.0,0.111,0.0,4.0,0.0,1.0,2.0,0.5,1.0,4.0,5.0,5.0,1.0,2.0,4.0,1.0,3.0,0.0
22200133,1610612766,CHA,Charlotte,1629667,Jalen McDaniels,Jalen,,,27:46,3.0,7.0,0.429,0.0,3.0,0.0,0.0,0.0,0.0,2.0,4.0,6.0,3.0,1.0,0.0,2.0,2.0,6.0,-12.0
22200133,1610612766,CHA,Charlotte,1630177,Theo Maledon,Theo,,,11:02,1.0,3.0,0.333,0.0,1.0,0.0,0.0,0.0,0.0,0.0,3.0,3.0,2.0,0.0,0.0,0.0,1.0,2.0,-8.0
22200133,1610612766,CHA,Charlotte,1630208,Nick Richards,Nick,,,17:43,3.0,5.0,0.6,0.0,0.0,0.0,4.0,5.0,0.8,4.0,5.0,9.0,1.0,0.0,0.0,2.0,4.0,10.0,9.0
22200133,1610612766,CHA,Charlotte,1630550,JT Thor,JT,,,16:29,1.0,4.0,0.25,1.0,3.0,0.333,0.0,0.0,0.0,2.0,2.0,4.0,1.0,0.0,0.0,0.0,0.0,3.0,14.0
22200133,1610612766,CHA,Charlotte,1630539,Kai Jones,Kai,,DNP - Coach's Decision,,,,,,,,,,,,,,,,,,,,
22200133,1610612766,CHA,Charlotte,1631121,Bryce McGowens,Bryce,,DNP - Coach's Decision,,,,,,,,,,,,,,,,,,,,
22200139,1610612757,POR,Portland,1628404,Josh Hart,Josh,F,,32:07,1.0,6.0,0.167,1.0,1.0,1.0,1.0,2.0,0.5,1.0,6.0,7.0,8.0,1.0,0.0,0.0,3.0,4.0,-18.0
22200139,1610612757,POR,Portland,203924,Jerami Grant,Jerami,F,,25:59,4.0,10.0,0.4,1.0,1.0,1.0,5.0,6.0,0.833,2.0,3.0,5.0,3.0,0.0,1.0,3.0,1.0,14.0,-19.0
22200139,1610612757,POR,Portland,203994,Jusuf Nurkić,Jusuf,C,,22:45,4.0,8.0,0.5,0.0,1.0,0.0,0.0,0.0,0.0,1.0,6.0,7.0,0.0,0.0,1.0,4.0,4.0,8.0,-1.0
22200139,1610612757,POR,Portland,1631101,Shaedon Sharpe,Shaedon,G,,26:55,6.0,12.0,0.5,1.0,2.0,0.5,0.0,0.0,0.0,0.0,4.0,4.0,0.0,0.0,1.0,2.0,2.0,13.0,-4.0
22200139,1610612757,POR,Portland,1626159,Justise Winslow,Justise,G,,21:01,2.0,9.0,0.222,1.0,3.0,0.333,0.0,0.0,0.0,1.0,1.0,2.0,2.0,1.0,1.0,1.0,4.0,5.0,-15.0
22200139,1610612757,POR,Portland,1630553,Keon Johnson,Keon,,,30:51,3.0,12.0,0.25,2.0,3.0,0.667,0.0,2.0,0.0,1.0,1.0,2.0,3.0,1.0,0.0,4.0,2.0,8.0,-16.0
22200139,1610612757,POR,Portland,1629234,Drew Eubanks,Drew,,,16:18,2.0,4.0,0.5,0.0,0.0,0.0,1.0,2.0,0.5,1.0,2.0,3.0,2.0,0.0,0.0,1.0,2.0,5.0,-27.0
22200139,1610612757,POR,Portland,1629642,Nassir Little,Nassir,,,14:45,3.0,5.0,0.6,1.0,1.0,1.0,2.0,2.0,1.0,0.0,1.0,1.0,2.0,0.0,0.0,1.0,1.0,9.0,-21.0
22200139,1610612757,POR,Portland,1631133,Jabari Walker,Jabari,,,15:53,1.0,2.0,0.5,0.0,0.0,0.0,1.0,2.0,0.5,0.0,3.0,3.0,1.0,0.0,1.0,0.0,2.0,3.0,-2.0
22200139,1610612757,POR,Portland,1630570,Trendon Watford,Trendon,,,15:32,2.0,7.0,0.286,0.0,2.0,0.0,5.0,6.0,0.833,1.0,3.0,4.0,1.0,0.0,0.0,0.0,2.0,9.0,7.0
22200139,1610612757,POR,Portland,1630535,Greg Brown III,Greg,,,8:57,1.0,2.0,0.5,0.0,0.0,0.0,0.0,2.0,0.0,0.0,1.0,1.0,0.0,2.0,1.0,1.0,3.0,2.0,8.0
22200139,1610612757,POR,Portland,1631219,John Butler Jr.,John,,,8:57,1.0,2.0,0.5,0.0,1.0,0.0,0.0,0.0,0.0,0.0,1.0,1.0,0.0,0.0,1.0,0.0,0.0,2.0,8.0
22200139,1610612756,PHX,Phoenix,1628969,Mikal Bridges,Mikal,F,,27:00,3.0,7.0,0.429,1.0,2.0,0.5,4.0,5.0,0.8,0.0,1.0,1.0,2.0,2.0,1.0,0.0,0.0,11.0,18.0
22200139,1610612756,PHX,Phoenix,1628470,Torrey Craig,Torrey,F,,21:38,2.0,5.0,0.4,1.0,3.0,0.333,0.0,0.0,0.0,0.0,5.0,5.0,4.0,1.0,3.0,1.0,4.0,5.0,22.0
22200139,1610612756,PHX,Phoenix,1629028,Deandre Ayton,Deandre,C,,15:53,3.0,6.0,0.5,0.0,1.0,0.0,1.0,2.0,0.5,2.0,4.0,6.0,1.0,0.0,2.0,1.0,3.0,7.0,1.0
22200139,1610612756,PHX,Phoenix,1626164,Devin Booker,Devin,G,,29:09,9.0,20.0,0.45,2.0,7.0,0.286,4.0,4.0,1.0,1.0,2.0,3.0,3.0,1.0,2.0,1.0,2.0,24.0,19.0
22200139,1610612756,PHX,Phoenix,101108,Chris Paul,Chris,G,,24:21,3.0,7.0,0.429,2.0,4.0,0.5,7.0,7.0,1.0,0.0,5.0,5.0,4.0,0.0,0.0,1.0,2.0,15.0,16.0
22200139,1610612756,PHX,Phoenix,1629111,Jock Landale,Jock,,,18:18,2.0,4.0,0.5,0.0,1.0,0.0,1.0,2.0,0.5,2.0,1.0,3.0,4.0,1.0,1.0,2.0,1.0,5.0,17.0
22200139,1610612756,PHX,Phoenix,1629013,Landry Shamet,Landry,,,19:19,3.0,6.0,0.5,2.0,4.0,0.5,0.0,0.0,0.0,0.0,1.0,1.0,2.0,0.0,1.0,0.0,0.0,8.0,11.0
22200139,1610612756,PHX,Phoenix,1627814,Damion Lee,Damion,,,27:55,3.0,5.0,0.6,2.0,2.0,1.0,1.0,2.0,0.5,1.0,3.0,4.0,1.0,0.0,0.0,0.0,1.0,9.0,-1.0
22200139,1610612756,PHX,Phoenix,203967,Dario Šarić,Dario,,,21:00,4.0,9.0,0.444,1.0,2.0,0.5,0.0,1.0,0.0,4.0,5.0,9.0,1.0,1.0,0.0,2.0,3.0,9.0,2.0
22200139,1610612756,PHX,Phoenix,1629006,Josh Okogie,Josh,,,16:12,1.0,4.0,0.25,0.0,2.0,0.0,2.0,4.0,0.5,0.0,3.0,3.0,0.0,1.0,1.0,3.0,3.0,4.0,2.0
22200139,1610612756,PHX,Phoenix,202687,Bismack Biyombo,Bismack,,,13:49,1.0,4.0,0.25,0.0,0.0,0.0,1.0,1.0,1.0,1.0,3.0,4.0,0.0,0.0,3.0,2.0,3.0,3.0,2.0
22200139,1610612756,PHX,Phoenix,1630613,Duane Washington Jr.,Duane,,,5:26,1.0,5.0,0.2,0.0,2.0,0.0,0.0,0.0,0.0,0.0,0.0,0.0,0.0,0.0,0.0,1.0,0.0,2.0,-9.0
22200138,1610612759,SAS,San Antonio,1629640,Keldon Johnson,Keldon,F,,31:08,8.0,14.0,0.571,4.0,7.0,0.571,5.0,6.0,0.833,0.0,3.0,3.0,4.0,0.0,0.0,3.0,0.0,25.0,-11.0
22200138,1610612759,SAS,San Antonio,1631110,Jeremy Sochan,Jeremy,F,,24:11,2.0,2.0,1.0,1.0,1.0,1.0,0.0,0.0,0.0,1.0,1.0,2.0,1.0,1.0,1.0,0.0,2.0,5.0,6.0
22200138,1610612759,SAS,San Antonio,1627751,Jakob Poeltl,Jakob,C,,28:35,7.0,12.0,0.583,0.0,0.0,0.0,0.0,2.0,0.0,3.0,5.0,8.0,2.0,1.0,1.0,2.0,2.0,14.0,-19.0
22200138,1610612759,SAS,San Antonio,1631103,Malaki Branham,Malaki,G,,22:37,2.0,7.0,0.286,0.0,4.0,0.0,0.0,0.0,0.0,0.0,2.0,2.0,2.0,1.0,0.0,2.0,0.0,4.0,-7.0
22200138,1610612759,SAS,San Antonio,1630200,Tre Jones,Tre,G,,24:11,2.0,7.0,0.286,0.0,1.0,0.0,0.0,0.0,0.0,0.0,0.0,0.0,7.0,1.0,0.0,1.0,1.0,4.0,-17.0
22200138,1610612759,SAS,San Antonio,1628966,Keita Bates-Diop,Keita,,,18:24,3.0,5.0,0.6,0.0,1.0,0.0,2.0,2.0,1.0,2.0,1.0,3.0,1.0,2.0,0.0,1.0,0.0,8.0,-12.0
22200138,1610612759,SAS,San Antonio,1630170,Devin Vassell,Devin,,,24:41,7.0,12.0,0.583,4.0,6.0,0.667,2.0,3.0,0.667,0.0,4.0,4.0,4.0,1.0,1.0,1.0,1.0,20.0,-13.0
22200138,1610612759,SAS,San Antonio,1626196,Josh Richardson,Josh,,,19:00,3.0,7.0,0.429,2.0,4.0,0.5,0.0,0.0,0.0,0.0,1.0,1.0,3.0,0.0,0.0,2.0,4.0,8.0,-3.0
22200138,1610612759,SAS,San Antonio,203476,Gorgui Dieng,Gorgui,,,10:20,2.0,3.0,0.667,1.0,2.0,0.5,0.0,0.0,0.0,0.0,1.0,1.0,1.0,1.0,0.0,3.0,1.0,5.0,-4.0
22200138,1610612759,SAS,San Antonio,203926,Doug McDermott,Doug,,,15:54,0.0,3.0,0.0,0.0,2.0,0.0,1.0,3.0,0.333,0.0,0.0,0.0,0.0,0.0,0.0,0.0,1.0,1.0,-15.0
22200138,1610612759,SAS,San Antonio,1629676,Isaiah Roby,Isaiah,,,16:10,3.0,7.0,0.429,0.0,1.0,0.0,1.0,3.0,0.333,0.0,4.0,4.0,3.0,0.0,0.0,0.0,0.0,7.0,-5.0
22200138,1610612759,SAS,San Antonio,1631160,Jordan Hall,Jordan,,,4:49,0.0,1.0,0.0,0.0,1.0,0.0,0.0,0.0,0.0,0.0,0.0,0.0,0.0,0.0,0.0,0.0,1.0,0.0,0.0
22200138,1610612743,DEN,Denver,1629008,Michael Porter Jr.,Michael,F,,29:48,6.0,10.0,0.6,3.0,6.0,0.5,0.0,0.0,0.0,1.0,8.0,9.0,0.0,1.0,0.0,2.0,3.0,15.0,24.0
22200138,1610612743,DEN,Denver,203932,Aaron Gordon,Aaron,F,,22:33,4.0,6.0,0.667,0.0,1.0,0.0,0.0,2.0,0.0,2.0,4.0,6.0,2.0,0.0,0.0,0.0,1.0,8.0,15.0
22200138,1610612743,DEN,Denver,203999,Nikola Jokić,Nikola,C,,26:34,9.0,10.0,0.9,1.0,1.0,1.0,2.0,2.0,1.0,0.0,6.0,6.0,10.0,2.0,0.0,4.0,2.0,21.0,20.0
22200138,1610612743,DEN,Denver,203484,Kentavious Caldwell-Pope,Kentavious,G,,26:58,5.0,6.0,0.833,2.0,3.0,0.667,0.0,3.0,0.0,0.0,1.0,1.0,3.0,4.0,0.0,2.0,3.0,12.0,16.0
22200138,1610612743,DEN,Denver,1627750,Jamal Murray,Jamal,G,,23:02,6.0,10.0,0.6,1.0,3.0,0.333,0.0,0.0,0.0,1.0,0.0,1.0,9.0,0.0,0.0,1.0,0.0,13.0,17.0
22200138,1610612743,DEN,Denver,1628971,Bruce Brown,Bruce,,,19:58,3.0,9.0,0.333,0.0,3.0,0.0,3.0,3.0,1.0,1.0,2.0,3.0,3.0,1.0,0.0,0.0,2.0,9.0,13.0
22200138,1610612743,DEN,Denver,1630538,Bones Hyland,Bones,,,24:58,9.0,17.0,0.529,6.0,8.0,0.75,0.0,0.0,0.0,1.0,4.0,5.0,7.0,2.0,0.0,1.0,0.0,24.0,6.0
22200138,1610612743,DEN,Denver,201145,Jeff Green,Jeff,,,25:27,4.0,8.0,0.5,1.0,2.0,0.5,0.0,0.0,0.0,2.0,2.0,4.0,1.0,0.0,0.0,4.0,1.0,9.0,8.0
22200138,1610612743,DEN,Denver,201599,DeAndre Jordan,DeAndre,,,16:37,5.0,6.0,0.833,0.0,0.0,0.0,0.0,0.0,0.0,2.0,6.0,8.0,1.0,0.0,0.0,1.0,3.0,10.0,3.0
22200138,1610612743,DEN,Denver,1631128,Christian Braun,Christian,,,14:27,1.0,4.0,0.25,0.0,1.0,0.0,0.0,0.0,0.0,0.0,2.0,2.0,1.0,0.0,0.0,0.0,0.0,2.0,-10.0
22200138,1610612743,DEN,Denver,1628432,Davon Reed,Davon,,,4:49,0.0,0.0,0.0,0.0,0.0,0.0,0.0,0.0,0.0,0.0,0.0,0.0,0.0,0.0,0.0,1.0,0.0,0.0,0.0
22200138,1610612743,DEN,Denver,1628427,Vlatko Čančar,Vlatko,,,4:49,1.0,1.0,1.0,1.0,1.0,1.0,0.0,0.0,0.0,0.0,2.0,2.0,0.0,0.0,0.0,0.0,0.0,3.0,0.0
22200134,1610612740,NOP,New Orleans,1627742,Brandon Ingram,Brandon,F,,38:15,7.0,23.0,0.304,2.0,4.0,0.5,0.0,0.0,0.0,1.0,4.0,5.0,7.0,0.0,2.0,1.0,4.0,16.0,-3.0
22200134,1610612740,NOP,New Orleans,1629627,Zion Williamson,Zion,F,,37:16,11.0,20.0,0.55,0.0,1.0,0.0,7.0,10.0,0.7,2.0,6.0,8.0,4.0,0.0,0.0,7.0,2.0,29.0,-4.0
22200134,1610612740,NOP,New Orleans,202685,Jonas Valančiūnas,Jonas,C,,25:39,5.0,12.0,0.417,0.0,0.0,0.0,3.0,4.0,0.75,7.0,10.0,17.0,1.0,1.0,1.0,2.0,2.0,13.0,-9.0
22200134,1610612740,NOP,New Orleans,1630529,Herbert Jones,Herbert,G,,33:42,7.0,13.0,0.538,0.0,2.0,0.0,5.0,9.0,0.556,4.0,5.0,9.0,2.0,3.0,0.0,0.0,5.0,19.0,-6.0
22200134,1610612740,NOP,New Orleans,203468,CJ McCollum,CJ,G,,41:19,12.0,23.0,0.522,4.0,9.0,0.444,1.0,1.0,1.0,2.0,8.0,10.0,0.0,1.0,1.0,2.0,4.0,29.0,0.0
22200134,1610612740,NOP,New Orleans,1630530,Trey Murphy III,Trey,,,17:16,0.0,3.0,0.0,0.0,3.0,0.0,2.0,2.0,1.0,0.0,0.0,0.0,2.0,0.0,0.0,1.0,0.0,2.0,3.0
22200134,1610612740,NOP,New Orleans,1630230,Naji Marshall,Naji,,,12:28,0.0,3.0,0.0,0.0,0.0,0.0,0.0,0.0,0.0,1.0,1.0,2.0,0.0,0.0,0.0,0.0,2.0,0.0,5.0
22200134,1610612740,NOP,New Orleans,1626204,Larry Nance Jr.,Larry,,,27:17,3.0,4.0,0.75,0.0,0.0,0.0,2.0,2.0,1.0,1.0,3.0,4.0,2.0,3.0,1.0,0.0,1.0,8.0,6.0
22200134,1610612740,NOP,New Orleans,1630631,Jose Alvarado,Jose,,,15:39,2.0,5.0,0.4,1.0,2.0,0.5,0.0,0.0,0.0,0.0,1.0,1.0,4.0,0.0,1.0,1.0,2.0,5.0,5.0
22200134,1610612740,NOP,New Orleans,1628984,Devonte' Graham,Devonte',,,11:01,0.0,1.0,0.0,0.0,1.0,0.0,0.0,0.0,0.0,0.0,0.0,0.0,1.0,0.0,0.0,1.0,2.0,0.0,-9.0
22200134,1610612740,NOP,New Orleans,1630700,Dyson Daniels,Dyson,,,5:08,0.0,1.0,0.0,0.0,1.0,0.0,0.0,0.0,0.0,1.0,2.0,3.0,0.0,0.0,0.0,1.0,0.0,0.0,-3.0
22200134,1610612740,NOP,New Orleans,1629637,Jaxson Hayes,Jaxson,,DNP - Coach's Decision,,,,,,,,,,,,,,,,,,,,
22200134,1610612740,NOP,New Orleans,1626195,Willy Hernangomez,Willy,,DNP - Coach's Decision,,,,,,,,,,,,,,,,,,,,
22200134,1610612740,NOP,New Orleans,202066,Garrett Temple,Garrett,,DNP - Coach's Decision,,,,,,,,,,,,,,,,,,,,
22200134,1610612737,ATL,Atlanta,1629631,De'Andre Hunter,De'Andre,F,,39:19,6.0,13.0,0.462,2.0,6.0,0.333,1.0,2.0,0.5,2.0,4.0,6.0,1.0,0.0,1.0,2.0,4.0,15.0,12.0
22200134,1610612737,ATL,Atlanta,1628381,John Collins,John,F,,35:52,3.0,6.0,0.5,1.0,2.0,0.5,0.0,0.0,0.0,1.0,4.0,5.0,1.0,0.0,2.0,0.0,4.0,7.0,-2.0
22200134,1610612737,ATL,Atlanta,203991,Clint Capela,Clint,C,,35:01,10.0,15.0,0.667,0.0,0.0,0.0,1.0,2.0,0.5,5.0,14.0,19.0,1.0,1.0,4.0,1.0,3.0,21.0,8.0
22200134,1610612737,ATL,Atlanta,1627749,Dejounte Murray,Dejounte,G,,41:47,9.0,23.0,0.391,1.0,8.0,0.125,3.0,4.0,0.75,2.0,8.0,10.0,11.0,3.0,0.0,2.0,3.0,22.0,21.0
22200134,1610612737,ATL,Atlanta,1629027,Trae Young,Trae,G,,42:22,9.0,26.0,0.346,2.0,9.0,0.222,14.0,15.0,0.933,1.0,0.0,1.0,10.0,2.0,1.0,5.0,3.0,34.0,-6.0
22200134,1610612737,ATL,Atlanta,203200,Justin Holiday,Justin,,,16:23,2.0,7.0,0.286,1.0,6.0,0.167,0.0,0.0,0.0,0.0,1.0,1.0,0.0,2.0,0.0,1.0,1.0,5.0,-11.0
22200134,1610612737,ATL,Atlanta,1630168,Onyeka Okongwu,Onyeka,,,17:44,1.0,2.0,0.5,0.0,0.0,0.0,2.0,2.0,1.0,0.0,1.0,1.0,1.0,1.0,0.0,0.0,5.0,4.0,-4.0
22200134,1610612737,ATL,Atlanta,1628988,Aaron Holiday,Aaron,,,21:44,2.0,4.0,0.5,1.0,2.0,0.5,0.0,0.0,0.0,1.0,2.0,3.0,2.0,1.0,0.0,1.0,0.0,5.0,-7.0
22200134,1610612737,ATL,Atlanta,1630552,Jalen Johnson,Jalen,,,14:49,5.0,7.0,0.714,1.0,3.0,0.333,0.0,0.0,0.0,0.0,4.0,4.0,1.0,2.0,0.0,1.0,0.0,11.0,4.0
22200134,1610612737,ATL,Atlanta,1629633,Jarrett Culver,Jarrett,,DNP - Coach's Decision,,,,,,,,,,,,,,,,,,,,
22200134,1610612737,ATL,Atlanta,1630235,Trent Forrest,Trent,,DNP - Coach's Decision,,,,,,,,,,,,,,,,,,,,
22200134,1610612737,ATL,Atlanta,1631100,AJ Griffin,AJ,,DNP - Coach's Decision,,,,,,,,,,,,,,,,,,,,
22200134,1610612737,ATL,Atlanta,1626163,Frank Kaminsky,Frank,,DNP - Coach's Decision,,,,,,,,,,,,,,,,,,,,
22200134,1610612737,ATL,Atlanta,1630249,Vít Krejčí,Vít,,DNP - Coach's Decision,,,,,,,,,,,,,,,,,,,,
22200134,1610612737,ATL,Atlanta,1631213,Tyrese Martin,Tyrese,,DNP - Coach's Decision,,,,,,,,,,,,,,,,,,,,
22200132,1610612758,SAC,Sacramento,203084,Harrison Barnes,Harrison,F,,35:04,4.0,10.0,0.4,1.0,4.0,0.25,0.0,0.0,0.0,2.0,3.0,5.0,1.0,1.0,0.0,1.0,1.0,9.0,5.0
22200132,1610612758,SAC,Sacramento,1631099,Keegan Murray,Keegan,F,,24:16,1.0,6.0,0.167,1.0,4.0,0.25,0.0,0.0,0.0,0.0,2.0,2.0,0.0,1.0,0.0,1.0,1.0,3.0,-12.0
22200132,1610612758,SAC,Sacramento,1627734,Domantas Sabonis,Domantas,C,,37:49,10.0,14.0,0.714,0.0,1.0,0.0,5.0,12.0,0.417,2.0,9.0,11.0,6.0,1.0,1.0,2.0,4.0,25.0,4.0
22200132,1610612758,SAC,Sacramento,1628989,Kevin Huerter,Kevin,G,,32:11,3.0,7.0,0.429,3.0,6.0,0.5,0.0,2.0,0.0,0.0,1.0,1.0,2.0,0.0,1.0,1.0,2.0,9.0,-16.0
22200132,1610612758,SAC,Sacramento,1628368,De'Aaron Fox,De'Aaron,G,,40:17,14.0,24.0,0.583,2.0,7.0,0.286,7.0,7.0,1.0,0.0,5.0,5.0,3.0,1.0,0.0,4.0,3.0,37.0,-12.0
22200132,1610612758,SAC,Sacramento,1630558,Davion Mitchell,Davion,,,12:43,0.0,2.0,0.0,0.0,1.0,0.0,0.0,0.0,0.0,0.0,1.0,1.0,1.0,0.0,0.0,2.0,2.0,0.0,15.0
22200132,1610612758,SAC,Sacramento,1626168,Trey Lyles,Trey,,,29:35,5.0,10.0,0.5,4.0,7.0,0.571,1.0,1.0,1.0,0.0,3.0,3.0,2.0,0.0,1.0,2.0,2.0,15.0,10.0
22200132,1610612758,SAC,Sacramento,1628370,Malik Monk,Malik,,,28:30,5.0,10.0,0.5,3.0,7.0,0.429,2.0,2.0,1.0,0.0,1.0,1.0,5.0,0.0,0.0,1.0,3.0,15.0,16.0
22200132,1610612758,SAC,Sacramento,1626158,Richaun Holmes,Richaun,,,5:11,1.0,2.0,0.5,0.0,0.0,0.0,0.0,0.0,0.0,2.0,1.0,3.0,0.0,0.0,0.0,0.0,1.0,2.0,-8.0
22200132,1610612758,SAC,Sacramento,1629056,Terence Davis,Terence,,,8:29,2.0,5.0,0.4,1.0,3.0,0.333,0.0,0.0,0.0,0.0,1.0,1.0,3.0,1.0,1.0,0.0,1.0,5.0,6.0
22200132,1610612758,SAC,Sacramento,1629002,Chimezie Metu,Chimezie,,,10:55,2.0,3.0,0.667,0.0,0.0,0.0,2.0,2.0,1.0,0.0,3.0,3.0,1.0,0.0,0.0,0.0,0.0,6.0,7.0
22200132,1610612758,SAC,Sacramento,203521,Matthew Dellavedova,Matthew,,DNP - Coach's Decision,,,,,,,,,,,,,,,,,,,,
22200132,1610612758,SAC,Sacramento,203458,Alex Len,Alex,,DNP - Coach's Decision,,,,,,,,,,,,,,,,,,,,
22200132,1610612758,SAC,Sacramento,1629644,KZ Okpala,KZ,,DNP - Coach's Decision,,,,,,,,,,,,,,,,,,,,
22200132,1610612753,ORL,Orlando,1631094,Paolo Banchero,Paolo,F,,39:51,14.0,26.0,0.538,0.0,3.0,0.0,5.0,5.0,1.0,1.0,15.0,16.0,4.0,0.0,1.0,1.0,2.0,33.0,1.0
22200132,1610612753,ORL,Orlando,1629626,Bol Bol,Bol,F,,37:00,10.0,11.0,0.909,2.0,3.0,0.667,1.0,1.0,1.0,1.0,6.0,7.0,2.0,0.0,0.0,0.0,5.0,23.0,10.0
22200132,1610612753,ORL,Orlando,1628976,Wendell Carter Jr.,Wendell,C,,38:53,6.0,9.0,0.667,1.0,3.0,0.333,4.0,4.0,1.0,0.0,9.0,9.0,6.0,1.0,0.0,4.0,6.0,17.0,14.0
22200132,1610612753,ORL,Orlando,1630532,Franz Wagner,Franz,G,,40:29,13.0,22.0,0.591,1.0,5.0,0.2,4.0,5.0,0.8,0.0,3.0,3.0,6.0,3.0,0.0,2.0,4.0,31.0,3.0
22200132,1610612753,ORL,Orlando,1630591,Jalen Suggs,Jalen,G,,34:35,2.0,6.0,0.333,0.0,3.0,0.0,2.0,2.0,1.0,1.0,0.0,1.0,7.0,1.0,1.0,6.0,5.0,6.0,10.0
22200132,1610612753,ORL,Orlando,1629643,Chuma Okeke,Chuma,,,22:43,2.0,6.0,0.333,0.0,3.0,0.0,0.0,0.0,0.0,2.0,4.0,6.0,0.0,2.0,2.0,1.0,1.0,4.0,-12.0
22200132,1610612753,ORL,Orlando,203082,Terrence Ross,Terrence,,,15:36,0.0,2.0,0.0,0.0,0.0,0.0,0.0,0.0,0.0,0.0,1.0,1.0,1.0,1.0,0.0,2.0,1.0,0.0,-13.0
22200132,1610612753,ORL,Orlando,1630284,Kevon Harris,Kevon,,,16:05,1.0,4.0,0.25,0.0,2.0,0.0,2.0,2.0,1.0,1.0,2.0,3.0,0.0,0.0,0.0,0.0,1.0,4.0,-13.0
22200132,1610612753,ORL,Orlando,1630181,R.J. Hampton,R.J.,,,17:09,2.0,6.0,0.333,0.0,1.0,0.0,1.0,1.0,1.0,1.0,1.0,2.0,1.0,0.0,0.0,1.0,1.0,5.0,-11.0
22200132,1610612753,ORL,Orlando,1629678,Admiral Schofield,Admiral,,,2:40,0.0,0.0,0.0,0.0,0.0,0.0,0.0,0.0,0.0,0.0,0.0,0.0,0.0,0.0,0.0,0.0,0.0,0.0,-4.0
22200132,1610612753,ORL,Orlando,1628964,Mo Bamba,Mo,,DNP - Coach's Decision,,,,,,,,,,,,,,,,,,,,
22200132,1610612753,ORL,Orlando,1631216,Caleb Houstan,Caleb,,DNP - Coach's Decision,,,,,,,,,,,,,,,,,,,,
22200136,1610612760,OKC,Oklahoma City,1629652,Luguentz Dort,Luguentz,F,,24:29,1.0,5.0,0.2,0.0,2.0,0.0,1.0,2.0,0.5,0.0,4.0,4.0,7.0,1.0,0.0,2.0,2.0,3.0,-16.0
22200136,1610612760,OKC,Oklahoma City,1630526,Jeremiah Robinson-Earl,Jeremiah,F,,17:34,5.0,7.0,0.714,2.0,4.0,0.5,0.0,0.0,0.0,2.0,1.0,3.0,1.0,0.0,1.0,1.0,1.0,12.0,-15.0
22200136,1610612760,OKC,Oklahoma City,203488,Mike Muscala,Mike,C,,16:32,3.0,8.0,0.375,1.0,6.0,0.167,2.0,4.0,0.5,0.0,5.0,5.0,0.0,0.0,0.0,1.0,1.0,9.0,-5.0
22200136,1610612760,OKC,Oklahoma City,1630581,Josh Giddey,Josh,G,,26:03,6.0,14.0,0.429,2.0,3.0,0.667,1.0,1.0,1.0,1.0,5.0,6.0,2.0,0.0,0.0,4.0,1.0,15.0,-12.0
22200136,1610612760,OKC,Oklahoma City,1628983,Shai Gilgeous-Alexander,Shai,G,,31:46,7.0,16.0,0.438,0.0,1.0,0.0,4.0,5.0,0.8,0.0,1.0,1.0,3.0,1.0,1.0,2.0,3.0,18.0,-19.0
22200136,1610612760,OKC,Oklahoma City,1631114,Jalen Williams,Jalen,,,19:56,2.0,6.0,0.333,1.0,3.0,0.333,0.0,0.0,0.0,0.0,5.0,5.0,1.0,0.0,0.0,0.0,2.0,5.0,-16.0
22200136,1610612760,OKC,Oklahoma City,1631172,Ousmane Dieng,Ousmane,,,22:19,3.0,4.0,0.75,2.0,3.0,0.667,0.0,0.0,0.0,1.0,3.0,4.0,5.0,0.0,0.0,0.0,0.0,8.0,11.0
22200136,1610612760,OKC,Oklahoma City,1629647,Darius Bazley,Darius,,,19:27,3.0,7.0,0.429,2.0,4.0,0.5,0.0,0.0,0.0,3.0,2.0,5.0,2.0,2.0,1.0,0.0,1.0,8.0,0.0
22200136,1610612760,OKC,Oklahoma City,1630544,Tre Mann,Tre,,,13:59,1.0,3.0,0.333,0.0,2.0,0.0,1.0,2.0,0.5,0.0,0.0,0.0,0.0,0.0,0.0,2.0,1.0,3.0,-11.0
22200136,1610612760,OKC,Oklahoma City,1629026,Kenrich Williams,Kenrich,,,16:54,1.0,3.0,0.333,0.0,2.0,0.0,1.0,2.0,0.5,1.0,2.0,3.0,1.0,1.0,0.0,0.0,3.0,3.0,4.0
22200136,1610612760,OKC,Oklahoma City,1630647,Eugene Omoruyi,Eugene,,,2:30,0.0,2.0,0.0,0.0,0.0,0.0,0.0,0.0,0.0,0.0,0.0,0.0,0.0,0.0,0.0,0.0,0.0,0.0,-5.0
22200136,1610612760,OKC,Oklahoma City,1630198,Isaiah Joe,Isaiah,,,14:42,3.0,6.0,0.5,2.0,4.0,0.5,0.0,0.0,0.0,0.0,1.0,1.0,0.0,0.0,0.0,0.0,0.0,8.0,8.0
22200136,1610612760,OKC,Oklahoma City,1630598,Aaron Wiggins,Aaron,,,8:42,0.0,0.0,0.0,0.0,0.0,0.0,0.0,0.0,0.0,0.0,0.0,0.0,0.0,0.0,0.0,3.0,3.0,0.0,1.0
22200136,1610612760,OKC,Oklahoma City,1631119,Jaylin Williams,Jaylin,,,5:08,1.0,3.0,0.333,0.0,1.0,0.0,0.0,0.0,0.0,1.0,0.0,1.0,0.0,1.0,0.0,0.0,0.0,2.0,5.0
22200136,1610612749,MIL,Milwaukee,1630699,MarJon Beauchamp,MarJon,F,,24:48,1.0,9.0,0.111,0.0,6.0,0.0,0.0,0.0,0.0,3.0,2.0,5.0,0.0,1.0,0.0,2.0,6.0,2.0,12.0
22200136,1610612749,MIL,Milwaukee,1626171,Bobby Portis,Bobby,F,,29:17,5.0,15.0,0.333,2.0,5.0,0.4,0.0,0.0,0.0,4.0,17.0,21.0,2.0,0.0,0.0,1.0,0.0,12.0,12.0
22200136,1610612749,MIL,Milwaukee,201572,Brook Lopez,Brook,C,,23:42,10.0,16.0,0.625,4.0,9.0,0.444,1.0,1.0,1.0,2.0,1.0,3.0,1.0,1.0,1.0,3.0,3.0,25.0,13.0
22200136,1610612749,MIL,Milwaukee,1628975,Jevon Carter,Jevon,G,,30:40,6.0,12.0,0.5,5.0,9.0,0.556,1.0,1.0,1.0,0.0,2.0,2.0,0.0,1.0,1.0,2.0,2.0,18.0,-2.0
22200136,1610612749,MIL,Milwaukee,201950,Jrue Holiday,Jrue,G,,28:50,3.0,10.0,0.3,0.0,3.0,0.0,4.0,4.0,1.0,4.0,2.0,6.0,13.0,1.0,0.0,3.0,0.0,10.0,8.0
22200136,1610612749,MIL,Milwaukee,201586,Serge Ibaka,Serge,,,24:05,2.0,5.0,0.4,0.0,2.0,0.0,4.0,4.0,1.0,1.0,5.0,6.0,2.0,0.0,2.0,2.0,2.0,8.0,1.0
22200136,1610612749,MIL,Milwaukee,1628960,Grayson Allen,Grayson,,,20:53,6.0,8.0,0.75,5.0,6.0,0.833,2.0,2.0,1.0,0.0,1.0,1.0,1.0,2.0,1.0,2.0,0.0,19.0,8.0
22200136,1610612749,MIL,Milwaukee,202083,Wesley Matthews,Wesley,,,13:15,0.0,3.0,0.0,0.0,2.0,0.0,0.0,0.0,0.0,4.0,1.0,5.0,1.0,0.0,0.0,0.0,0.0,0.0,2.0
22200136,1610612749,MIL,Milwaukee,1629670,Jordan Nwora,Jordan,,,22:19,4.0,10.0,0.4,1.0,5.0,0.2,3.0,3.0,1.0,0.0,3.0,3.0,1.0,1.0,0.0,0.0,0.0,12.0,-1.0
22200136,1610612749,MIL,Milwaukee,201588,George Hill,George,,,21:12,1.0,2.0,0.5,0.0,0.0,0.0,0.0,2.0,0.0,0.0,2.0,2.0,2.0,0.0,0.0,3.0,3.0,2.0,17.0
22200136,1610612749,MIL,Milwaukee,203648,Thanasis Antetokounmpo,Thanasis,,,0:59,0.0,0.0,0.0,0.0,0.0,0.0,0.0,0.0,0.0,0.0,1.0,1.0,0.0,0.0,1.0,0.0,0.0,0.0,0.0
22200123,1610612751,BKN,Brooklyn,1626220,Royce O'Neale,Royce,F,,28:47,5.0,9.0,0.556,3.0,5.0,0.6,0.0,0.0,0.0,1.0,2.0,3.0,8.0,1.0,0.0,0.0,3.0,13.0,22.0
22200123,1610612751,BKN,Brooklyn,201142,Kevin Durant,Kevin,F,,33:11,10.0,21.0,0.476,2.0,6.0,0.333,6.0,6.0,1.0,0.0,9.0,9.0,11.0,0.0,1.0,2.0,1.0,28.0,35.0
22200123,1610612751,BKN,Brooklyn,1629651,Nic Claxton,Nic,C,,28:15,9.0,10.0,0.9,0.0,0.0,0.0,0.0,0.0,0.0,2.0,7.0,9.0,1.0,0.0,3.0,0.0,2.0,18.0,32.0
22200123,1610612751,BKN,Brooklyn,203925,Joe Harris,Joe,G,,24:27,3.0,5.0,0.6,2.0,4.0,0.5,0.0,0.0,0.0,0.0,4.0,4.0,3.0,1.0,0.0,0.0,4.0,8.0,17.0
22200123,1610612751,BKN,Brooklyn,1628410,Edmond Sumner,Edmond,G,,25:08,3.0,7.0,0.429,1.0,2.0,0.5,4.0,4.0,1.0,1.0,3.0,4.0,0.0,2.0,0.0,2.0,1.0,11.0,16.0
22200123,1610612751,BKN,Brooklyn,1630560,Cam Thomas,Cam,,,31:50,6.0,13.0,0.462,2.0,4.0,0.5,3.0,3.0,1.0,0.0,4.0,4.0,6.0,1.0,0.0,0.0,2.0,17.0,36.0
22200123,1610612751,BKN,Brooklyn,202693,Markieff Morris,Markieff,,,7:33,1.0,4.0,0.25,1.0,2.0,0.5,0.0,0.0,0.0,0.0,2.0,2.0,2.0,1.0,0.0,0.0,1.0,3.0,7.0
22200123,1610612751,BKN,Brooklyn,201988,Patty Mills,Patty,,,16:19,2.0,4.0,0.5,1.0,2.0,0.5,0.0,0.0,0.0,0.0,1.0,1.0,1.0,1.0,1.0,0.0,1.0,5.0,16.0
22200123,1610612751,BKN,Brooklyn,1629139,Yuta Watanabe,Yuta,,,24:02,6.0,8.0,0.75,2.0,3.0,0.667,0.0,0.0,0.0,3.0,5.0,8.0,0.0,1.0,2.0,1.0,0.0,14.0,21.0
22200123,1610612751,BKN,Brooklyn,1630561,David Duke Jr.,David,,,12:45,5.0,8.0,0.625,0.0,0.0,0.0,1.0,1.0,1.0,0.0,3.0,3.0,0.0,0.0,0.0,1.0,2.0,11.0,3.0
22200123,1610612751,BKN,Brooklyn,1630549,Day'Ron Sharpe,Day'Ron,,,7:43,0.0,1.0,0.0,0.0,0.0,0.0,0.0,0.0,0.0,0.0,1.0,1.0,0.0,0.0,0.0,1.0,2.0,0.0,5.0
22200123,1610612764,WAS,Washington,1630264,Anthony Gill,Anthony,F,,28:25,4.0,6.0,0.667,0.0,0.0,0.0,0.0,0.0,0.0,3.0,1.0,4.0,0.0,1.0,0.0,0.0,2.0,8.0,-16.0
22200123,1610612764,WAS,Washington,1628398,Kyle Kuzma,Kyle,F,,23:43,5.0,12.0,0.417,3.0,8.0,0.375,6.0,8.0,0.75,0.0,5.0,5.0,2.0,0.0,0.0,1.0,2.0,19.0,-22.0
22200123,1610612764,WAS,Washington,204001,Kristaps Porziņģis,Kristaps,C,,25:41,4.0,11.0,0.364,2.0,4.0,0.5,4.0,6.0,0.667,3.0,7.0,10.0,1.0,0.0,0.0,1.0,2.0,14.0,-17.0
22200123,1610612764,WAS,Washington,203078,Bradley Beal,Bradley,G,,29:36,8.0,18.0,0.444,2.0,6.0,0.333,2.0,2.0,1.0,0.0,3.0,3.0,3.0,2.0,1.0,0.0,1.0,20.0,-19.0
22200123,1610612764,WAS,Washington,1628420,Monté Morris,Monté,G,,22:43,2.0,6.0,0.333,0.0,3.0,0.0,0.0,0.0,0.0,0.0,3.0,3.0,5.0,0.0,0.0,3.0,0.0,4.0,-23.0
22200123,1610612764,WAS,Washington,203115,Will Barton,Will,,,19:03,1.0,7.0,0.143,1.0,4.0,0.25,0.0,0.0,0.0,0.0,3.0,3.0,3.0,1.0,0.0,1.0,0.0,3.0,-33.0
22200123,1610612764,WAS,Washington,1630166,Deni Avdija,Deni,,,21:32,2.0,5.0,0.4,0.0,2.0,0.0,0.0,0.0,0.0,0.0,2.0,2.0,1.0,0.0,0.0,2.0,2.0,4.0,-21.0
22200123,1610612764,WAS,Washington,1629060,Rui Hachimura,Rui,,,17:41,1.0,5.0,0.2,0.0,1.0,0.0,0.0,0.0,0.0,0.0,2.0,2.0,0.0,0.0,1.0,1.0,1.0,2.0,-22.0
22200123,1610612764,WAS,Washington,1629655,Daniel Gafford,Daniel,,,10:20,2.0,2.0,1.0,0.0,0.0,0.0,0.0,0.0,0.0,0.0,1.0,1.0,0.0,0.0,1.0,1.0,1.0,4.0,-13.0
22200123,1610612764,WAS,Washington,1630557,Corey Kispert,Corey,,,18:07,0.0,6.0,0.0,0.0,5.0,0.0,2.0,2.0,1.0,0.0,1.0,1.0,2.0,0.0,0.0,2.0,0.0,2.0,-9.0
22200123,1610612764,WAS,Washington,201959,Taj Gibson,Taj,,,7:43,1.0,3.0,0.333,0.0,0.0,0.0,2.0,2.0,1.0,0.0,3.0,3.0,0.0,0.0,0.0,0.0,1.0,4.0,-5.0
22200123,1610612764,WAS,Washington,1631098,Johnny Davis,Johnny,,,7:43,0.0,0.0,0.0,0.0,0.0,0.0,2.0,2.0,1.0,1.0,1.0,2.0,0.0,0.0,0.0,1.0,2.0,2.0,-5.0
22200123,1610612764,WAS,Washington,1630692,Jordan Goodwin,Jordan,,,7:43,0.0,2.0,0.0,0.0,1.0,0.0,0.0,0.0,0.0,0.0,0.0,0.0,1.0,0.0,0.0,0.0,1.0,0.0,-5.0
22200120,1610612739,CLE,Cleveland,1629731,Dean Wade,Dean,F,,23:27,0.0,4.0,0.0,0.0,3.0,0.0,0.0,0.0,0.0,0.0,2.0,2.0,1.0,1.0,1.0,1.0,2.0,0.0,2.0
22200120,1610612739,CLE,Cleveland,1630596,Evan Mobley,Evan,F,,30:12,5.0,14.0,0.357,0.0,1.0,0.0,1.0,2.0,0.5,2.0,6.0,8.0,2.0,0.0,8.0,1.0,0.0,11.0,0.0
22200120,1610612739,CLE,Cleveland,1628386,Jarrett Allen,Jarrett,C,,31:30,11.0,16.0,0.688,0.0,0.0,0.0,1.0,2.0,0.5,2.0,5.0,7.0,0.0,0.0,2.0,4.0,2.0,23.0,20.0
22200120,1610612739,CLE,Cleveland,1627747,Caris LeVert,Caris,G,,30:13,6.0,10.0,0.6,1.0,4.0,0.25,2.0,2.0,1.0,1.0,5.0,6.0,6.0,0.0,0.0,2.0,3.0,15.0,27.0
22200120,1610612739,CLE,Cleveland,1630171,Isaac Okoro,Isaac,G,,22:42,4.0,6.0,0.667,0.0,1.0,0.0,1.0,1.0,1.0,0.0,4.0,4.0,0.0,1.0,0.0,0.0,1.0,9.0,0.0
22200120,1610612739,CLE,Cleveland,201567,Kevin Love,Kevin,,,23:26,7.0,10.0,0.7,4.0,7.0,0.571,3.0,4.0,0.75,4.0,4.0,8.0,10.0,0.0,1.0,1.0,0.0,21.0,30.0
22200120,1610612739,CLE,Cleveland,203526,Raul Neto,Raul,,,24:23,3.0,7.0,0.429,2.0,3.0,0.667,2.0,2.0,1.0,0.0,5.0,5.0,5.0,2.0,0.0,2.0,0.0,10.0,6.0
22200120,1610612739,CLE,Cleveland,1626224,Cedi Osman,Cedi,,,25:18,5.0,9.0,0.556,4.0,6.0,0.667,1.0,1.0,1.0,0.0,4.0,4.0,6.0,0.0,0.0,4.0,1.0,15.0,24.0
22200120,1610612739,CLE,Cleveland,1630205,Lamar Stevens,Lamar,,,18:31,2.0,4.0,0.5,0.0,1.0,0.0,2.0,2.0,1.0,0.0,0.0,0.0,0.0,0.0,1.0,1.0,4.0,6.0,13.0
22200120,1610612739,CLE,Cleveland,201577,Robin Lopez,Robin,,,5:09,0.0,0.0,0.0,0.0,0.0,0.0,0.0,0.0,0.0,1.0,0.0,1.0,0.0,0.0,0.0,2.0,1.0,0.0,-1.0
22200120,1610612739,CLE,Cleveland,1629603,Mamadi Diakite,Mamadi,,,5:09,1.0,1.0,1.0,0.0,0.0,0.0,0.0,0.0,0.0,0.0,2.0,2.0,0.0,1.0,0.0,0.0,1.0,2.0,-1.0
22200120,1610612765,DET,Detroit,1630180,Saddiq Bey,Saddiq,F,,32:18,6.0,13.0,0.462,3.0,7.0,0.429,3.0,3.0,1.0,0.0,4.0,4.0,2.0,3.0,0.0,2.0,0.0,18.0,-13.0
22200120,1610612765,DET,Detroit,202711,Bojan Bogdanović,Bojan,F,,26:42,2.0,9.0,0.222,1.0,4.0,0.25,1.0,1.0,1.0,1.0,1.0,2.0,0.0,1.0,0.0,2.0,3.0,6.0,-4.0
22200120,1610612765,DET,Detroit,1630191,Isaiah Stewart,Isaiah,C,,23:40,3.0,5.0,0.6,0.0,1.0,0.0,0.0,0.0,0.0,3.0,1.0,4.0,1.0,2.0,1.0,2.0,4.0,6.0,-16.0
22200120,1610612765,DET,Detroit,1631093,Jaden Ivey,Jaden,G,,34:11,6.0,13.0,0.462,1.0,5.0,0.2,5.0,6.0,0.833,1.0,5.0,6.0,3.0,0.0,1.0,4.0,4.0,18.0,-21.0
22200120,1610612765,DET,Detroit,1630595,Cade Cunningham,Cade,G,,31:25,7.0,18.0,0.389,3.0,6.0,0.5,2.0,3.0,0.667,1.0,4.0,5.0,5.0,1.0,1.0,1.0,1.0,19.0,-8.0
22200120,1610612765,DET,Detroit,203457,Nerlens Noel,Nerlens,,,18:44,1.0,3.0,0.333,0.0,0.0,0.0,0.0,0.0,0.0,0.0,6.0,6.0,0.0,2.0,0.0,3.0,2.0,2.0,-10.0
22200120,1610612765,DET,Detroit,1630165,Killian Hayes,Killian,,,18:14,1.0,3.0,0.333,0.0,1.0,0.0,0.0,0.0,0.0,1.0,0.0,1.0,2.0,1.0,0.0,2.0,3.0,2.0,-17.0
22200120,1610612765,DET,Detroit,1628977,Hamidou Diallo,Hamidou,,,3:42,0.0,3.0,0.0,0.0,1.0,0.0,0.0,0.0,0.0,0.0,0.0,0.0,0.0,0.0,1.0,0.0,1.0,0.0,-9.0
22200120,1610612765,DET,Detroit,1630587,Isaiah Livers,Isaiah,,,21:19,3.0,7.0,0.429,3.0,5.0,0.6,2.0,2.0,1.0,0.0,1.0,1.0,0.0,0.0,1.0,0.0,1.0,11.0,-20.0
22200120,1610612765,DET,Detroit,1628995,Kevin Knox II,Kevin,,,17:36,1.0,3.0,0.333,1.0,3.0,0.333,0.0,0.0,0.0,1.0,1.0,2.0,1.0,0.0,1.0,1.0,2.0,3.0,0.0
22200120,1610612765,DET,Detroit,202709,Cory Joseph,Cory,,,6:05,1.0,3.0,0.333,1.0,3.0,0.333,0.0,0.0,0.0,0.0,1.0,1.0,1.0,0.0,0.0,1.0,1.0,3.0,-1.0
22200120,1610612765,DET,Detroit,203585,Rodney McGruder,Rodney,,,6:05,0.0,3.0,0.0,0.0,1.0,0.0,0.0,0.0,0.0,1.0,1.0,2.0,1.0,0.0,0.0,0.0,0.0,0.0,-1.0
22200128,1610612744,GSW,Golden State,1630228,Jonathan Kuminga,Jonathan,F,,37:45,7.0,12.0,0.583,1.0,3.0,0.333,3.0,4.0,0.75,0.0,4.0,4.0,2.0,2.0,1.0,3.0,4.0,18.0,2.0
22200128,1610612744,GSW,Golden State,1630237,Anthony Lamb,Anthony,F,,36:39,6.0,9.0,0.667,4.0,6.0,0.667,0.0,0.0,0.0,0.0,3.0,3.0,2.0,3.0,0.0,3.0,4.0,16.0,5.0
22200128,1610612744,GSW,Golden State,1626172,Kevon Looney,Kevon,C,,24:35,2.0,3.0,0.667,0.0,0.0,0.0,1.0,1.0,1.0,1.0,4.0,5.0,2.0,0.0,0.0,0.0,5.0,5.0,-7.0
22200128,1610612744,GSW,Golden State,1630541,Moses Moody,Moses,G,,32:04,4.0,9.0,0.444,1.0,3.0,0.333,5.0,5.0,1.0,0.0,4.0,4.0,1.0,0.0,0.0,4.0,2.0,14.0,10.0
22200128,1610612744,GSW,Golden State,1629673,Jordan Poole,Jordan,G,,38:24,5.0,18.0,0.278,3.0,10.0,0.3,7.0,7.0,1.0,0.0,0.0,0.0,9.0,2.0,0.0,5.0,2.0,20.0,-1.0
22200128,1610612744,GSW,Golden State,1630164,James Wiseman,James,,,16:36,1.0,1.0,1.0,0.0,0.0,0.0,3.0,4.0,0.75,1.0,5.0,6.0,2.0,0.0,0.0,2.0,3.0,5.0,-3.0
22200128,1610612744,GSW,Golden State,1629660,Ty Jerome,Ty,,,31:30,7.0,12.0,0.583,2.0,6.0,0.333,2.0,2.0,1.0,1.0,5.0,6.0,5.0,0.0,0.0,0.0,1.0,18.0,-7.0
22200128,1610612744,GSW,Golden State,203210,JaMychal Green,JaMychal,,,9:29,1.0,2.0,0.5,0.0,1.0,0.0,0.0,0.0,0.0,0.0,1.0,1.0,0.0,0.0,0.0,1.0,2.0,2.0,-11.0
22200128,1610612744,GSW,Golden State,1631157,Ryan Rollins,Ryan,,,9:05,2.0,4.0,0.5,1.0,2.0,0.5,2.0,2.0,1.0,0.0,0.0,0.0,0.0,0.0,0.0,4.0,2.0,7.0,-20.0
22200128,1610612744,GSW,Golden State,1631116,Patrick Baldwin Jr.,Patrick,,,3:54,0.0,1.0,0.0,0.0,1.0,0.0,0.0,0.0,0.0,0.0,0.0,0.0,0.0,0.0,0.0,0.0,0.0,0.0,-13.0
22200128,1610612744,GSW,Golden State,203952,Andrew Wiggins,Andrew,,DNP - Injury/Illness,,,,,,,,,,,,,,,,,,,,
22200128,1610612740,NOP,New Orleans,1627742,Brandon Ingram,Brandon,F,,36:14,8.0,17.0,0.471,3.0,7.0,0.429,7.0,10.0,0.7,0.0,5.0,5.0,5.0,0.0,2.0,4.0,2.0,26.0,8.0
22200128,1610612740,NOP,New Orleans,1629627,Zion Williamson,Zion,F,,27:55,7.0,11.0,0.636,0.0,0.0,0.0,2.0,4.0,0.5,0.0,3.0,3.0,1.0,1.0,0.0,2.0,2.0,16.0,9.0
22200128,1610612740,NOP,New Orleans,202685,Jonas Valančiūnas,Jonas,C,,19:27,2.0,3.0,0.667,0.0,1.0,0.0,4.0,6.0,0.667,1.0,5.0,6.0,0.0,0.0,0.0,1.0,2.0,8.0,-13.0
22200128,1610612740,NOP,New Orleans,1630529,Herbert Jones,Herbert,G,,29:23,1.0,5.0,0.2,0.0,2.0,0.0,2.0,2.0,1.0,0.0,1.0,1.0,2.0,3.0,0.0,2.0,4.0,4.0,-6.0
22200128,1610612740,NOP,New Orleans,203468,CJ McCollum,CJ,G,,34:26,7.0,17.0,0.412,3.0,6.0,0.5,3.0,4.0,0.75,2.0,6.0,8.0,5.0,2.0,0.0,3.0,1.0,20.0,-5.0
22200128,1610612740,NOP,New Orleans,1630530,Trey Murphy III,Trey,,,27:33,3.0,7.0,0.429,3.0,6.0,0.5,1.0,1.0,1.0,1.0,3.0,4.0,4.0,2.0,0.0,0.0,3.0,10.0,18.0
22200128,1610612740,NOP,New Orleans,1630230,Naji Marshall,Naji,,,9:05,0.0,2.0,0.0,0.0,2.0,0.0,0.0,0.0,0.0,0.0,0.0,0.0,0.0,0.0,0.0,0.0,1.0,0.0,1.0
22200128,1610612740,NOP,New Orleans,1626204,Larry Nance Jr.,Larry,,,28:33,10.0,12.0,0.833,0.0,0.0,0.0,0.0,0.0,0.0,4.0,4.0,8.0,1.0,0.0,0.0,1.0,3.0,20.0,22.0
22200128,1610612740,NOP,New Orleans,1630631,Jose Alvarado,Jose,,,18:00,3.0,6.0,0.5,3.0,4.0,0.75,1.0,2.0,0.5,1.0,0.0,1.0,2.0,2.0,0.0,2.0,2.0,10.0,15.0
22200128,1610612740,NOP,New Orleans,1628984,Devonte' Graham,Devonte',,,9:24,0.0,1.0,0.0,0.0,1.0,0.0,0.0,0.0,0.0,0.0,1.0,1.0,4.0,0.0,0.0,0.0,1.0,0.0,-4.0
22200128,1610612740,NOP,New Orleans,1630700,Dyson Daniels,Dyson,,DNP - Coach's Decision,,,,,,,,,,,,,,,,,,,,
22200128,1610612740,NOP,New Orleans,1629637,Jaxson Hayes,Jaxson,,DNP - Coach's Decision,,,,,,,,,,,,,,,,,,,,
22200128,1610612740,NOP,New Orleans,1626195,Willy Hernangomez,Willy,,DNP - Coach's Decision,,,,,,,,,,,,,,,,,,,,
22200128,1610612740,NOP,New Orleans,202066,Garrett Temple,Garrett,,DNP - Coach's Decision,,,,,,,,,,,,,,,,,,,,
22200129,1610612749,MIL,Milwaukee,1628960,Grayson Allen,Grayson,F,,29:56,3.0,5.0,0.6,2.0,3.0,0.667,2.0,2.0,1.0,3.0,2.0,5.0,2.0,2.0,0.0,2.0,2.0,10.0,25.0
22200129,1610612749,MIL,Milwaukee,203507,Giannis Antetokounmpo,Giannis,F,,33:35,7.0,17.0,0.412,2.0,4.0,0.5,10.0,20.0,0.5,0.0,14.0,14.0,11.0,0.0,0.0,4.0,3.0,26.0,25.0
22200129,1610612749,MIL,Milwaukee,201572,Brook Lopez,Brook,C,,32:42,2.0,6.0,0.333,2.0,4.0,0.5,1.0,2.0,0.5,3.0,5.0,8.0,0.0,0.0,1.0,2.0,4.0,7.0,-2.0
22200129,1610612749,MIL,Milwaukee,1628975,Jevon Carter,Jevon,G,,19:44,2.0,3.0,0.667,2.0,3.0,0.667,0.0,0.0,0.0,0.0,1.0,1.0,2.0,1.0,1.0,1.0,4.0,6.0,17.0
22200129,1610612749,MIL,Milwaukee,201950,Jrue Holiday,Jrue,G,,33:37,12.0,24.0,0.5,4.0,11.0,0.364,1.0,1.0,1.0,1.0,7.0,8.0,6.0,2.0,0.0,0.0,0.0,29.0,15.0
22200129,1610612749,MIL,Milwaukee,1626171,Bobby Portis,Bobby,,,30:26,7.0,14.0,0.5,2.0,6.0,0.333,2.0,2.0,1.0,0.0,8.0,8.0,5.0,0.0,0.0,1.0,1.0,18.0,8.0
22200129,1610612749,MIL,Milwaukee,201588,George Hill,George,,,17:52,1.0,3.0,0.333,0.0,1.0,0.0,0.0,0.0,0.0,0.0,0.0,0.0,1.0,1.0,0.0,0.0,0.0,2.0,-5.0
22200129,1610612749,MIL,Milwaukee,1629670,Jordan Nwora,Jordan,,,13:04,0.0,2.0,0.0,0.0,1.0,0.0,0.0,0.0,0.0,0.0,1.0,1.0,1.0,0.0,0.0,1.0,2.0,0.0,-12.0
22200129,1610612749,MIL,Milwaukee,202083,Wesley Matthews,Wesley,,,10:09,1.0,1.0,1.0,1.0,1.0,1.0,0.0,0.0,0.0,0.0,1.0,1.0,1.0,1.0,0.0,0.0,3.0,3.0,-7.0
22200129,1610612749,MIL,Milwaukee,1630699,MarJon Beauchamp,MarJon,,,18:23,6.0,10.0,0.6,2.0,4.0,0.5,0.0,1.0,0.0,0.0,5.0,5.0,0.0,0.0,0.0,2.0,2.0,14.0,2.0
22200129,1610612749,MIL,Milwaukee,203648,Thanasis Antetokounmpo,Thanasis,,,0:32,0.0,0.0,0.0,0.0,0.0,0.0,0.0,0.0,0.0,0.0,0.0,0.0,0.0,0.0,0.0,0.0,1.0,0.0,-1.0
22200129,1610612749,MIL,Milwaukee,201586,Serge Ibaka,Serge,,DNP - Coach's Decision,,,,,,,,,,,,,,,,,,,,
22200129,1610612750,MIN,Minnesota,1630183,Jaden McDaniels,Jaden,F,,18:28,4.0,5.0,0.8,1.0,1.0,1.0,0.0,0.0,0.0,1.0,1.0,2.0,1.0,0.0,1.0,4.0,2.0,9.0,-18.0
22200129,1610612750,MIN,Minnesota,1626157,Karl-Anthony Towns,Karl-Anthony,F,,37:06,9.0,19.0,0.474,3.0,9.0,0.333,1.0,1.0,1.0,2.0,9.0,11.0,5.0,0.0,0.0,2.0,6.0,22.0,-17.0
22200129,1610612750,MIN,Minnesota,203497,Rudy Gobert,Rudy,C,,30:29,3.0,6.0,0.5,0.0,1.0,0.0,1.0,2.0,0.5,4.0,9.0,13.0,0.0,1.0,1.0,0.0,4.0,7.0,-13.0
22200129,1610612750,MIN,Minnesota,1630162,Anthony Edwards,Anthony,G,,37:01,10.0,19.0,0.526,3.0,9.0,0.333,1.0,2.0,0.5,1.0,2.0,3.0,3.0,1.0,0.0,3.0,4.0,24.0,-16.0
22200129,1610612750,MIN,Minnesota,1626156,D'Angelo Russell,D'Angelo,G,,27:10,3.0,15.0,0.2,2.0,8.0,0.25,1.0,2.0,0.5,1.0,2.0,3.0,4.0,0.0,0.0,3.0,0.0,9.0,-18.0
22200129,1610612750,MIN,Minnesota,203937,Kyle Anderson,Kyle,,,20:32,1.0,3.0,0.333,0.0,1.0,0.0,2.0,2.0,1.0,0.0,3.0,3.0,3.0,0.0,1.0,1.0,2.0,4.0,11.0
22200129,1610612750,MIN,Minnesota,1629162,Jordan McLaughlin,Jordan,,,14:55,0.0,2.0,0.0,0.0,2.0,0.0,0.0,0.0,0.0,0.0,3.0,3.0,3.0,0.0,0.0,0.0,0.0,0.0,-2.0
22200129,1610612750,MIN,Minnesota,1627752,Taurean Prince,Taurean,,,15:09,2.0,6.0,0.333,0.0,2.0,0.0,2.0,2.0,1.0,1.0,0.0,1.0,0.0,0.0,0.0,1.0,1.0,6.0,-6.0
22200129,1610612750,MIN,Minnesota,1629669,Jaylen Nowell,Jaylen,,,17:10,4.0,10.0,0.4,2.0,5.0,0.4,3.0,4.0,0.75,0.0,3.0,3.0,3.0,0.0,0.0,1.0,3.0,13.0,13.0
22200129,1610612750,MIN,Minnesota,1629675,Naz Reid,Naz,,,22:01,3.0,7.0,0.429,0.0,3.0,0.0,2.0,2.0,1.0,0.0,5.0,5.0,0.0,0.0,1.0,1.0,3.0,8.0,1.0
22200129,1610612750,MIN,Minnesota,1627854,Bryn Forbes,Bryn,,DNP - Coach's Decision,,,,,,,,,,,,,,,,,,,,
22200129,1610612750,MIN,Minnesota,1630233,Nathan Knight,Nathan,,DNP - Coach's Decision,,,,,,,,,,,,,,,,,,,,
22200129,1610612750,MIN,Minnesota,203085,Austin Rivers,Austin,,DNP - Coach's Decision,,,,,,,,,,,,,,,,,,,,
22200126,1610612746,LAC,LA,202331,Paul George,Paul,F,,37:30,11.0,16.0,0.688,4.0,6.0,0.667,6.0,7.0,0.857,0.0,2.0,2.0,6.0,1.0,0.0,5.0,2.0,32.0,16.0
22200126,1610612746,LAC,LA,202694,Marcus Morris Sr.,Marcus,F,,34:55,4.0,12.0,0.333,3.0,6.0,0.5,0.0,0.0,0.0,0.0,8.0,8.0,4.0,1.0,0.0,1.0,5.0,11.0,14.0
22200126,1610612746,LAC,LA,1627826,Ivica Zubac,Ivica,C,,36:05,8.0,10.0,0.8,0.0,0.0,0.0,1.0,2.0,0.5,1.0,14.0,15.0,2.0,1.0,4.0,4.0,4.0,17.0,14.0
22200126,1610612746,LAC,LA,1628379,Luke Kennard,Luke,G,,9:22,1.0,1.0,1.0,0.0,0.0,0.0,0.0,0.0,0.0,0.0,1.0,1.0,0.0,0.0,0.0,0.0,1.0,2.0,12.0
22200126,1610612746,LAC,LA,202704,Reggie Jackson,Reggie,G,,37:08,5.0,11.0,0.455,2.0,4.0,0.5,2.0,2.0,1.0,0.0,3.0,3.0,5.0,0.0,0.0,2.0,1.0,14.0,7.0
22200126,1610612746,LAC,LA,1626181,Norman Powell,Norman,,,23:04,5.0,8.0,0.625,2.0,3.0,0.667,1.0,2.0,0.5,0.0,7.0,7.0,1.0,1.0,0.0,1.0,1.0,13.0,-17.0
22200126,1610612746,LAC,LA,201587,Nicolas Batum,Nicolas,,,19:38,1.0,3.0,0.333,1.0,3.0,0.333,0.0,0.0,0.0,1.0,3.0,4.0,2.0,0.0,1.0,1.0,5.0,3.0,-9.0
22200126,1610612746,LAC,LA,202322,John Wall,John,,,27:24,6.0,14.0,0.429,2.0,6.0,0.333,1.0,2.0,0.5,0.0,3.0,3.0,6.0,0.0,0.0,0.0,3.0,15.0,6.0
22200126,1610612746,LAC,LA,1629611,Terance Mann,Terance,,,3:19,0.0,3.0,0.0,0.0,3.0,0.0,0.0,0.0,0.0,1.0,0.0,1.0,0.0,0.0,0.0,2.0,2.0,0.0,-4.0
22200126,1610612746,LAC,LA,1629599,Amir Coffey,Amir,,,11:35,1.0,2.0,0.5,1.0,2.0,0.5,3.0,4.0,0.75,0.0,0.0,0.0,0.0,2.0,0.0,0.0,1.0,6.0,-4.0
22200126,1610612746,LAC,LA,1630527,Brandon Boston,Brandon,,DNP - Coach's Decision,,,,,,,,,,,,,,,,,,,,
22200126,1610612746,LAC,LA,1629650,Moses Brown,Moses,,DNP - Coach's Decision,,,,,,,,,,,,,,,,,,,,
22200126,1610612759,SAS,San Antonio,1629640,Keldon Johnson,Keldon,F,,34:26,7.0,19.0,0.368,2.0,9.0,0.222,0.0,1.0,0.0,1.0,6.0,7.0,3.0,0.0,0.0,0.0,3.0,16.0,-12.0
22200126,1610612759,SAS,San Antonio,1631110,Jeremy Sochan,Jeremy,F,,22:06,3.0,8.0,0.375,0.0,4.0,0.0,0.0,0.0,0.0,1.0,1.0,2.0,2.0,0.0,0.0,1.0,0.0,6.0,-5.0
22200126,1610612759,SAS,San Antonio,1627751,Jakob Poeltl,Jakob,C,,26:21,2.0,6.0,0.333,0.0,0.0,0.0,0.0,2.0,0.0,2.0,5.0,7.0,3.0,3.0,1.0,1.0,2.0,4.0,-21.0
22200126,1610612759,SAS,San Antonio,1631103,Malaki Branham,Malaki,G,,13:55,1.0,3.0,0.333,0.0,1.0,0.0,0.0,0.0,0.0,0.0,3.0,3.0,1.0,0.0,0.0,0.0,1.0,2.0,1.0
22200126,1610612759,SAS,San Antonio,1630200,Tre Jones,Tre,G,,33:00,7.0,15.0,0.467,3.0,5.0,0.6,1.0,1.0,1.0,0.0,2.0,2.0,6.0,2.0,0.0,1.0,3.0,18.0,-4.0
22200126,1610612759,SAS,San Antonio,1630170,Devin Vassell,Devin,,,25:13,12.0,16.0,0.75,4.0,5.0,0.8,1.0,1.0,1.0,0.0,2.0,2.0,2.0,0.0,0.0,2.0,2.0,29.0,2.0
22200126,1610612759,SAS,San Antonio,1626196,Josh Richardson,Josh,,,22:16,0.0,4.0,0.0,0.0,2.0,0.0,5.0,8.0,0.625,0.0,1.0,1.0,3.0,0.0,0.0,3.0,3.0,5.0,-13.0
22200126,1610612759,SAS,San Antonio,1628380,Zach Collins,Zach,,,21:07,4.0,7.0,0.571,1.0,2.0,0.5,0.0,0.0,0.0,0.0,7.0,7.0,2.0,1.0,1.0,3.0,2.0,9.0,16.0
22200126,1610612759,SAS,San Antonio,1628966,Keita Bates-Diop,Keita,,,19:06,2.0,4.0,0.5,0.0,0.0,0.0,3.0,5.0,0.6,2.0,1.0,3.0,0.0,1.0,0.0,0.0,1.0,7.0,-3.0
22200126,1610612759,SAS,San Antonio,203926,Doug McDermott,Doug,,,22:30,4.0,6.0,0.667,2.0,3.0,0.667,0.0,0.0,0.0,0.0,1.0,1.0,1.0,0.0,0.0,2.0,0.0,10.0,4.0
22200126,1610612759,SAS,San Antonio,203476,Gorgui Dieng,Gorgui,,DNP - Coach's Decision,,,,,,,,,,,,,,,,,,,,
22200126,1610612759,SAS,San Antonio,1631160,Jordan Hall,Jordan,,DNP - Coach's Decision,,,,,,,,,,,,,,,,,,,,
22200130,1610612757,POR,Portland,1628404,Josh Hart,Josh,F,,38:17,3.0,7.0,0.429,1.0,2.0,0.5,0.0,0.0,0.0,1.0,8.0,9.0,6.0,0.0,0.0,3.0,3.0,7.0,0.0
22200130,1610612757,POR,Portland,203924,Jerami Grant,Jerami,F,,38:42,10.0,17.0,0.588,1.0,3.0,0.333,9.0,11.0,0.818,0.0,2.0,2.0,5.0,0.0,1.0,3.0,3.0,30.0,-2.0
22200130,1610612757,POR,Portland,203994,Jusuf Nurkić,Jusuf,C,,24:42,6.0,13.0,0.462,2.0,2.0,1.0,0.0,0.0,0.0,5.0,3.0,8.0,3.0,1.0,0.0,2.0,1.0,14.0,-3.0
22200130,1610612757,POR,Portland,1631101,Shaedon Sharpe,Shaedon,G,,27:34,4.0,8.0,0.5,2.0,3.0,0.667,0.0,0.0,0.0,0.0,1.0,1.0,1.0,0.0,0.0,0.0,3.0,10.0,-10.0
22200130,1610612757,POR,Portland,1626159,Justise Winslow,Justise,G,,31:37,6.0,12.0,0.5,0.0,1.0,0.0,0.0,0.0,0.0,2.0,7.0,9.0,9.0,2.0,0.0,3.0,4.0,12.0,6.0
22200130,1610612757,POR,Portland,1630553,Keon Johnson,Keon,,,23:14,4.0,13.0,0.308,2.0,8.0,0.25,1.0,2.0,0.5,1.0,1.0,2.0,1.0,2.0,0.0,3.0,4.0,11.0,2.0
22200130,1610612757,POR,Portland,1629234,Drew Eubanks,Drew,,,23:12,5.0,5.0,1.0,0.0,0.0,0.0,0.0,0.0,0.0,1.0,3.0,4.0,1.0,0.0,1.0,1.0,2.0,10.0,3.0
22200130,1610612757,POR,Portland,1629642,Nassir Little,Nassir,,,23:24,4.0,7.0,0.571,2.0,4.0,0.5,2.0,2.0,1.0,0.0,4.0,4.0,3.0,0.0,1.0,2.0,3.0,12.0,10.0
22200130,1610612757,POR,Portland,1631133,Jabari Walker,Jabari,,,9:18,1.0,3.0,0.333,0.0,0.0,0.0,0.0,0.0,0.0,1.0,2.0,3.0,1.0,1.0,0.0,0.0,1.0,2.0,4.0
22200130,1610612757,POR,Portland,1630535,Greg Brown III,Greg,,DNP - Coach's Decision,,,,,,,,,,,,,,,,,,,,
22200130,1610612757,POR,Portland,1631219,John Butler Jr.,John,,DNP - Coach's Decision,,,,,,,,,,,,,,,,,,,,
22200130,1610612757,POR,Portland,203081,Damian Lillard,Damian,,DND - Injury/Illness,,,,,,,,,,,,,,,,,,,,
22200130,1610612756,PHX,Phoenix,1628969,Mikal Bridges,Mikal,F,,37:44,4.0,9.0,0.444,2.0,3.0,0.667,2.0,2.0,1.0,0.0,5.0,5.0,2.0,2.0,0.0,1.0,2.0,12.0,7.0
22200130,1610612756,PHX,Phoenix,1629661,Cameron Johnson,Cameron,F,,5:14,0.0,2.0,0.0,0.0,1.0,0.0,0.0,0.0,0.0,0.0,0.0,0.0,1.0,0.0,0.0,0.0,1.0,0.0,8.0
22200130,1610612756,PHX,Phoenix,1629028,Deandre Ayton,Deandre,C,,29:30,10.0,14.0,0.714,2.0,2.0,1.0,2.0,2.0,1.0,4.0,4.0,8.0,1.0,0.0,0.0,4.0,5.0,24.0,3.0
22200130,1610612756,PHX,Phoenix,1626164,Devin Booker,Devin,G,,38:22,8.0,21.0,0.381,3.0,7.0,0.429,6.0,6.0,1.0,0.0,5.0,5.0,5.0,1.0,1.0,5.0,3.0,25.0,3.0
22200130,1610612756,PHX,Phoenix,101108,Chris Paul,Chris,G,,33:48,1.0,4.0,0.25,1.0,3.0,0.333,4.0,4.0,1.0,0.0,2.0,2.0,11.0,2.0,1.0,0.0,2.0,7.0,4.0
22200130,1610612756,PHX,Phoenix,1628470,Torrey Craig,Torrey,,,23:05,3.0,7.0,0.429,1.0,4.0,0.25,1.0,2.0,0.5,2.0,4.0,6.0,2.0,0.0,0.0,0.0,3.0,8.0,-4.0
22200130,1610612756,PHX,Phoenix,1629013,Landry Shamet,Landry,,,19:15,2.0,8.0,0.25,1.0,5.0,0.2,1.0,1.0,1.0,1.0,0.0,1.0,2.0,0.0,0.0,2.0,1.0,6.0,-5.0
22200130,1610612756,PHX,Phoenix,1629111,Jock Landale,Jock,,,14:42,3.0,3.0,1.0,1.0,1.0,1.0,2.0,2.0,1.0,4.0,2.0,6.0,1.0,0.0,0.0,2.0,2.0,9.0,3.0
22200130,1610612756,PHX,Phoenix,1627814,Damion Lee,Damion,,,20:25,4.0,8.0,0.5,3.0,5.0,0.6,2.0,2.0,1.0,1.0,1.0,2.0,0.0,1.0,0.0,1.0,2.0,13.0,-6.0
22200130,1610612756,PHX,Phoenix,1629006,Josh Okogie,Josh,,,5:04,0.0,0.0,0.0,0.0,0.0,0.0,0.0,0.0,0.0,0.0,1.0,1.0,0.0,1.0,0.0,1.0,0.0,0.0,-7.0
22200130,1610612756,PHX,Phoenix,203967,Dario Šarić,Dario,,,9:09,0.0,4.0,0.0,0.0,3.0,0.0,0.0,0.0,0.0,1.0,1.0,2.0,1.0,1.0,0.0,1.0,1.0,0.0,-8.0
22200130,1610612756,PHX,Phoenix,202687,Bismack Biyombo,Bismack,,,3:43,1.0,3.0,0.333,0.0,0.0,0.0,0.0,0.0,0.0,0.0,1.0,1.0,0.0,0.0,2.0,0.0,0.0,2.0,-8.0
22200131,1610612762,UTA,Utah,1628374,Lauri Markkanen,Lauri,F,,32:42,9.0,17.0,0.529,3.0,9.0,0.333,6.0,6.0,1.0,3.0,10.0,13.0,4.0,1.0,1.0,1.0,1.0,27.0,4.0
22200131,1610612762,UTA,Utah,203482,Kelly Olynyk,Kelly,F,,30:13,7.0,10.0,0.7,3.0,3.0,1.0,1.0,2.0,0.5,2.0,2.0,4.0,3.0,1.0,0.0,0.0,4.0,18.0,17.0
22200131,1610612762,UTA,Utah,1629020,Jarred Vanderbilt,Jarred,C,,25:12,4.0,7.0,0.571,1.0,1.0,1.0,0.0,0.0,0.0,2.0,4.0,6.0,4.0,1.0,0.0,1.0,5.0,9.0,1.0
22200131,1610612762,UTA,Utah,203903,Jordan Clarkson,Jordan,G,,29:18,9.0,19.0,0.474,2.0,7.0,0.286,0.0,0.0,0.0,0.0,7.0,7.0,3.0,0.0,0.0,0.0,5.0,20.0,11.0
22200131,1610612762,UTA,Utah,201144,Mike Conley,Mike,G,,31:20,6.0,11.0,0.545,2.0,5.0,0.4,1.0,1.0,1.0,2.0,0.0,2.0,10.0,1.0,0.0,2.0,0.0,15.0,9.0
22200131,1610612762,UTA,Utah,1629012,Collin Sexton,Collin,,,28:36,7.0,13.0,0.538,3.0,5.0,0.6,0.0,0.0,0.0,2.0,2.0,4.0,3.0,0.0,0.0,2.0,3.0,17.0,7.0
22200131,1610612762,UTA,Utah,1631117,Walker Kessler,Walker,,,10:36,4.0,5.0,0.8,0.0,0.0,0.0,0.0,0.0,0.0,3.0,1.0,4.0,0.0,0.0,2.0,0.0,0.0,8.0,0.0
22200131,1610612762,UTA,Utah,1627736,Malik Beasley,Malik,,,14:58,1.0,7.0,0.143,1.0,4.0,0.25,0.0,0.0,0.0,0.0,2.0,2.0,1.0,2.0,0.0,0.0,2.0,3.0,-4.0
22200131,1610612762,UTA,Utah,1629659,Talen Horton-Tucker,Talen,,,15:34,3.0,7.0,0.429,1.0,2.0,0.5,0.0,0.0,0.0,1.0,2.0,3.0,1.0,2.0,0.0,0.0,0.0,7.0,10.0
22200131,1610612762,UTA,Utah,200752,Rudy Gay,Rudy,,,9:53,0.0,2.0,0.0,0.0,1.0,0.0,0.0,0.0,0.0,0.0,1.0,1.0,2.0,0.0,0.0,1.0,1.0,0.0,-1.0
22200131,1610612762,UTA,Utah,1629638,Nickeil Alexander-Walker,Nickeil,,,7:47,2.0,4.0,0.5,1.0,2.0,0.5,1.0,1.0,1.0,0.0,1.0,1.0,0.0,0.0,0.0,1.0,1.0,6.0,10.0
22200131,1610612762,UTA,Utah,1630534,Ochai Agbaji,Ochai,,,1:17,0.0,0.0,0.0,0.0,0.0,0.0,0.0,0.0,0.0,0.0,0.0,0.0,0.0,0.0,0.0,0.0,0.0,0.0,2.0
22200131,1610612762,UTA,Utah,1628962,Udoka Azubuike,Udoka,,,1:17,0.0,0.0,0.0,0.0,0.0,0.0,0.0,0.0,0.0,0.0,0.0,0.0,0.0,0.0,0.0,0.0,0.0,0.0,2.0
22200131,1610612762,UTA,Utah,1631323,Simone Fontecchio,Simone,,,1:17,0.0,1.0,0.0,0.0,1.0,0.0,0.0,0.0,0.0,0.0,1.0,1.0,0.0,0.0,0.0,0.0,0.0,0.0,2.0
22200131,1610612747,LAL,Los Angeles,1628972,Troy Brown Jr.,Troy,F,,22:02,4.0,10.0,0.4,2.0,6.0,0.333,2.0,2.0,1.0,1.0,1.0,2.0,0.0,1.0,0.0,2.0,2.0,12.0,-14.0
22200131,1610612747,LAL,Los Angeles,2544,LeBron James,LeBron,F,,34:10,7.0,19.0,0.368,0.0,5.0,0.0,3.0,5.0,0.6,2.0,8.0,10.0,8.0,0.0,1.0,3.0,3.0,17.0,-11.0
22200131,1610612747,LAL,Los Angeles,203076,Anthony Davis,Anthony,C,,34:51,9.0,17.0,0.529,1.0,2.0,0.5,3.0,3.0,1.0,3.0,5.0,8.0,2.0,0.0,2.0,1.0,3.0,22.0,-8.0
22200131,1610612747,LAL,Los Angeles,1629022,Lonnie Walker IV,Lonnie,G,,30:01,6.0,12.0,0.5,2.0,3.0,0.667,5.0,5.0,1.0,0.0,1.0,1.0,1.0,2.0,0.0,0.0,2.0,19.0,-12.0
22200131,1610612747,LAL,Los Angeles,201976,Patrick Beverley,Patrick,G,,28:16,2.0,2.0,1.0,1.0,1.0,1.0,0.0,0.0,0.0,1.0,4.0,5.0,1.0,0.0,0.0,0.0,2.0,5.0,2.0
22200131,1610612747,LAL,Los Angeles,201566,Russell Westbrook,Russell,,,29:25,9.0,14.0,0.643,3.0,5.0,0.6,5.0,5.0,1.0,0.0,3.0,3.0,6.0,2.0,0.0,4.0,1.0,26.0,-1.0
22200131,1610612747,LAL,Los Angeles,1630559,Austin Reaves,Austin,,,21:41,1.0,1.0,1.0,1.0,1.0,1.0,2.0,2.0,1.0,0.0,2.0,2.0,3.0,1.0,2.0,1.0,1.0,5.0,-4.0
22200131,1610612747,LAL,Los Angeles,1630346,Matt Ryan,Matt,,,10:01,1.0,4.0,0.25,1.0,3.0,0.333,0.0,0.0,0.0,1.0,3.0,4.0,0.0,0.0,0.0,0.0,1.0,3.0,-3.0
22200131,1610612747,LAL,Los Angeles,1629117,Wenyen Gabriel,Wenyen,,,11:06,1.0,1.0,1.0,0.0,0.0,0.0,3.0,4.0,0.75,1.0,3.0,4.0,1.0,0.0,0.0,0.0,1.0,5.0,-4.0
22200131,1610612747,LAL,Los Angeles,1629308,Juan Toscano-Anderson,Juan,,,14:36,0.0,0.0,0.0,0.0,0.0,0.0,2.0,2.0,1.0,0.0,1.0,1.0,0.0,0.0,1.0,0.0,1.0,2.0,-9.0
22200131,1610612747,LAL,Los Angeles,1629134,Kendrick Nunn,Kendrick,,,1:17,0.0,2.0,0.0,0.0,0.0,0.0,0.0,0.0,0.0,0.0,0.0,0.0,0.0,0.0,0.0,0.0,0.0,0.0,-2.0
22200131,1610612747,LAL,Los Angeles,1627745,Damian Jones,Damian,,,1:17,0.0,0.0,0.0,0.0,0.0,0.0,0.0,0.0,0.0,0.0,0.0,0.0,0.0,0.0,0.0,0.0,0.0,0.0,-2.0
22200131,1610612747,LAL,Los Angeles,1631108,Max Christie,Max,,,1:17,0.0,1.0,0.0,0.0,0.0,0.0,0.0,0.0,0.0,0.0,0.0,0.0,0.0,0.0,0.0,0.0,0.0,0.0,-2.0
22200121,1610612748,MIA,Miami,1629622,Max Strus,Max,F,,39:38,6.0,13.0,0.462,3.0,7.0,0.429,2.0,2.0,1.0,1.0,6.0,7.0,3.0,2.0,0.0,3.0,3.0,17.0,5.0
22200121,1610612748,MIA,Miami,1628997,Caleb Martin,Caleb,F,,27:50,3.0,5.0,0.6,0.0,1.0,0.0,0.0,0.0,0.0,1.0,3.0,4.0,2.0,0.0,1.0,2.0,3.0,6.0,8.0
22200121,1610612748,MIA,Miami,1628389,Bam Adebayo,Bam,C,,33:52,7.0,14.0,0.5,0.0,1.0,0.0,4.0,4.0,1.0,3.0,7.0,10.0,4.0,1.0,0.0,5.0,4.0,18.0,3.0
22200121,1610612748,MIA,Miami,1629639,Tyler Herro,Tyler,G,,38:21,8.0,20.0,0.4,4.0,10.0,0.4,9.0,9.0,1.0,0.0,5.0,5.0,5.0,2.0,0.0,5.0,1.0,29.0,-2.0
22200121,1610612748,MIA,Miami,200768,Kyle Lowry,Kyle,G,,37:32,1.0,9.0,0.111,1.0,6.0,0.167,7.0,7.0,1.0,2.0,4.0,6.0,3.0,2.0,1.0,1.0,3.0,10.0,-2.0
22200121,1610612748,MIA,Miami,1629216,Gabe Vincent,Gabe,,,25:32,6.0,10.0,0.6,3.0,6.0,0.5,0.0,0.0,0.0,0.0,3.0,3.0,0.0,3.0,0.0,1.0,5.0,15.0,1.0
22200121,1610612748,MIA,Miami,203473,Dewayne Dedmon,Dewayne,,,14:08,0.0,2.0,0.0,0.0,1.0,0.0,4.0,4.0,1.0,1.0,3.0,4.0,0.0,0.0,0.0,1.0,2.0,4.0,-5.0
22200121,1610612748,MIA,Miami,1629130,Duncan Robinson,Duncan,,,16:40,0.0,7.0,0.0,0.0,6.0,0.0,0.0,0.0,0.0,0.0,3.0,3.0,0.0,0.0,0.0,0.0,1.0,0.0,-13.0
22200121,1610612748,MIA,Miami,1629312,Haywood Highsmith,Haywood,,,6:27,0.0,1.0,0.0,0.0,1.0,0.0,0.0,0.0,0.0,0.0,0.0,0.0,0.0,0.0,0.0,1.0,0.0,0.0,-5.0
22200121,1610612748,MIA,Miami,1631288,Jamal Cain,Jamal,,DNP - Coach's Decision,,,,,,,,,,,,,,,,,,,,
22200121,1610612748,MIA,Miami,2617,Udonis Haslem,Udonis,,DNP - Coach's Decision,,,,,,,,,,,,,,,,,,,,
22200121,1610612748,MIA,Miami,1630696,Dru Smith,Dru,,DNP - Coach's Decision,,,,,,,,,,,,,,,,,,,,
22200121,1610612754,IND,Indiana,1630537,Chris Duarte,Chris,F,,4:48,0.0,2.0,0.0,0.0,1.0,0.0,0.0,0.0,0.0,0.0,0.0,0.0,2.0,0.0,0.0,0.0,1.0,0.0,-5.0
22200121,1610612754,IND,Indiana,1630188,Jalen Smith,Jalen,F,,11:25,0.0,3.0,0.0,0.0,2.0,0.0,0.0,0.0,0.0,0.0,1.0,1.0,2.0,0.0,0.0,3.0,2.0,0.0,-14.0
22200121,1610612754,IND,Indiana,1626167,Myles Turner,Myles,C,,31:26,7.0,9.0,0.778,1.0,2.0,0.5,1.0,3.0,0.333,2.0,5.0,7.0,1.0,0.0,3.0,3.0,4.0,16.0,-4.0
22200121,1610612754,IND,Indiana,1627741,Buddy Hield,Buddy,G,,40:17,10.0,18.0,0.556,5.0,12.0,0.417,0.0,0.0,0.0,1.0,8.0,9.0,0.0,2.0,0.0,5.0,1.0,25.0,5.0
22200121,1610612754,IND,Indiana,1630169,Tyrese Haliburton,Tyrese,G,,36:07,9.0,16.0,0.563,3.0,8.0,0.375,1.0,4.0,0.25,0.0,9.0,9.0,9.0,2.0,0.0,1.0,1.0,22.0,-12.0
22200121,1610612754,IND,Indiana,1631097,Bennedict Mathurin,Bennedict,,,36:42,5.0,11.0,0.455,3.0,7.0,0.429,10.0,12.0,0.833,0.0,1.0,1.0,2.0,0.0,1.0,3.0,1.0,23.0,4.0
22200121,1610612754,IND,Indiana,204456,T.J. McConnell,T.J.,,,22:59,2.0,6.0,0.333,0.0,1.0,0.0,0.0,0.0,0.0,0.0,6.0,6.0,4.0,2.0,0.0,1.0,1.0,4.0,12.0
22200121,1610612754,IND,Indiana,1630543,Isaiah Jackson,Isaiah,,,16:33,2.0,5.0,0.4,0.0,0.0,0.0,2.0,2.0,1.0,1.0,3.0,4.0,0.0,0.0,1.0,2.0,4.0,6.0,5.0
22200121,1610612754,IND,Indiana,1629614,Andrew Nembhard,Andrew,,,27:46,2.0,8.0,0.25,0.0,4.0,0.0,0.0,0.0,0.0,0.0,3.0,3.0,6.0,0.0,0.0,1.0,4.0,4.0,13.0
22200121,1610612754,IND,Indiana,1629052,Oshae Brissett,Oshae,,,11:57,0.0,2.0,0.0,0.0,2.0,0.0,1.0,2.0,0.5,1.0,1.0,2.0,2.0,1.0,0.0,0.0,0.0,1.0,6.0
22200121,1610612754,IND,Indiana,1629048,Goga Bitadze,Goga,,DNP - Coach's Decision,,,,,,,,,,,,,,,,,,,,
22200121,1610612754,IND,Indiana,201949,James Johnson,James,,DNP - Coach's Decision,,,,,,,,,,,,,,,,,,,,
22200121,1610612754,IND,Indiana,1630174,Aaron Nesmith,Aaron,,DNP - Injury/Illness,,,,,,,,,,,,,,,,,,,,
22200121,1610612754,IND,Indiana,1630678,Terry Taylor,Terry,,DNP - Coach's Decision,,,,,,,,,,,,,,,,,,,,
22200122,1610612752,NYK,New York,1629628,RJ Barrett,RJ,F,,37:11,8.0,16.0,0.5,2.0,8.0,0.25,4.0,6.0,0.667,0.0,9.0,9.0,2.0,1.0,0.0,2.0,2.0,22.0,1.0
22200122,1610612752,NYK,New York,203944,Julius Randle,Julius,F,,36:37,6.0,13.0,0.462,1.0,5.0,0.2,4.0,5.0,0.8,3.0,7.0,10.0,5.0,0.0,1.0,6.0,1.0,17.0,7.0
22200122,1610612752,NYK,New York,1629011,Mitchell Robinson,Mitchell,C,,11:46,0.0,0.0,0.0,0.0,0.0,0.0,0.0,0.0,0.0,1.0,1.0,2.0,1.0,0.0,0.0,0.0,3.0,0.0,-2.0
22200122,1610612752,NYK,New York,1629656,Quentin Grimes,Quentin,G,,15:01,0.0,1.0,0.0,0.0,1.0,0.0,2.0,2.0,1.0,0.0,1.0,1.0,1.0,0.0,1.0,0.0,2.0,2.0,-20.0
22200122,1610612752,NYK,New York,1628973,Jalen Brunson,Jalen,G,,35:49,7.0,15.0,0.467,1.0,4.0,0.25,8.0,9.0,0.889,1.0,5.0,6.0,7.0,0.0,0.0,1.0,3.0,23.0,11.0
22200122,1610612752,NYK,New York,1630193,Immanuel Quickley,Immanuel,,,21:12,1.0,7.0,0.143,1.0,4.0,0.25,1.0,1.0,1.0,0.0,6.0,6.0,2.0,2.0,0.0,4.0,2.0,4.0,-5.0
22200122,1610612752,NYK,New York,1628392,Isaiah Hartenstein,Isaiah,,,20:44,4.0,8.0,0.5,0.0,1.0,0.0,0.0,0.0,0.0,4.0,6.0,10.0,0.0,1.0,3.0,0.0,1.0,8.0,2.0
22200122,1610612752,NYK,New York,201565,Derrick Rose,Derrick,,,6:59,0.0,2.0,0.0,0.0,1.0,0.0,0.0,0.0,0.0,0.0,0.0,0.0,1.0,0.0,1.0,4.0,1.0,0.0,4.0
22200122,1610612752,NYK,New York,1630167,Obi Toppin,Obi,,,20:14,6.0,10.0,0.6,3.0,6.0,0.5,2.0,2.0,1.0,0.0,3.0,3.0,0.0,0.0,0.0,3.0,2.0,17.0,6.0
22200122,1610612752,NYK,New York,203095,Evan Fournier,Evan,,,14:23,1.0,4.0,0.25,0.0,2.0,0.0,0.0,0.0,0.0,0.0,2.0,2.0,2.0,0.0,1.0,1.0,1.0,2.0,-1.0
22200122,1610612752,NYK,New York,1629629,Cam Reddish,Cam,,,15:10,4.0,4.0,1.0,1.0,1.0,1.0,2.0,2.0,1.0,0.0,0.0,0.0,3.0,1.0,1.0,0.0,3.0,11.0,19.0
22200122,1610612752,NYK,New York,1630579,Jericho Sims,Jericho,,,4:54,0.0,0.0,0.0,0.0,0.0,0.0,0.0,0.0,0.0,1.0,0.0,1.0,0.0,0.0,0.0,0.0,0.0,0.0,-12.0
22200122,1610612752,NYK,New York,1627853,Ryan Arcidiacono,Ryan,,DNP - Coach's Decision,,,,,,,,,,,,,,,,,,,,
22200122,1610612752,NYK,New York,1630540,Miles McBride,Miles,,DNP - Coach's Decision,,,,,,,,,,,,,,,,,,,,
22200122,1610612752,NYK,New York,1629004,Svi Mykhailiuk,Svi,,DNP - Coach's Decision,,,,,,,,,,,,,,,,,,,,
22200122,1610612755,PHI,Philadelphia,202699,Tobias Harris,Tobias,F,,37:26,9.0,15.0,0.6,3.0,7.0,0.429,2.0,2.0,1.0,2.0,7.0,9.0,4.0,1.0,2.0,2.0,2.0,23.0,-2.0
22200122,1610612755,PHI,Philadelphia,200782,P.J. Tucker,P.J.,F,,24:52,1.0,5.0,0.2,0.0,3.0,0.0,1.0,2.0,0.5,2.0,3.0,5.0,2.0,0.0,1.0,1.0,3.0,3.0,5.0
22200122,1610612755,PHI,Philadelphia,1626149,Montrezl Harrell,Montrezl,C,,29:05,4.0,6.0,0.667,0.0,0.0,0.0,6.0,8.0,0.75,1.0,6.0,7.0,1.0,1.0,0.0,0.0,1.0,14.0,-4.0
22200122,1610612755,PHI,Philadelphia,1629001,De'Anthony Melton,De'Anthony,G,,30:17,4.0,18.0,0.222,3.0,11.0,0.273,1.0,2.0,0.5,4.0,1.0,5.0,9.0,2.0,2.0,3.0,2.0,12.0,0.0
22200122,1610612755,PHI,Philadelphia,1630178,Tyrese Maxey,Tyrese,G,,39:03,10.0,29.0,0.345,4.0,13.0,0.308,7.0,7.0,1.0,1.0,2.0,3.0,7.0,1.0,0.0,4.0,3.0,31.0,2.0
22200122,1610612755,PHI,Philadelphia,1629003,Shake Milton,Shake,,,17:28,3.0,7.0,0.429,0.0,2.0,0.0,0.0,0.0,0.0,1.0,2.0,3.0,2.0,0.0,0.0,1.0,4.0,6.0,3.0
22200122,1610612755,PHI,Philadelphia,1630194,Paul Reed,Paul,,,18:12,1.0,2.0,0.5,0.0,0.0,0.0,0.0,0.0,0.0,0.0,4.0,4.0,0.0,6.0,2.0,1.0,4.0,2.0,-3.0
22200122,1610612755,PHI,Philadelphia,1627777,Georges Niang,Georges,,,19:04,2.0,8.0,0.25,2.0,7.0,0.286,0.0,0.0,0.0,0.0,3.0,3.0,1.0,0.0,0.0,1.0,2.0,6.0,4.0
22200122,1610612755,PHI,Philadelphia,1627788,Furkan Korkmaz,Furkan,,,11:29,1.0,3.0,0.333,1.0,2.0,0.5,0.0,0.0,0.0,1.0,1.0,2.0,1.0,0.0,0.0,2.0,0.0,3.0,-5.0
22200122,1610612755,PHI,Philadelphia,1629680,Matisse Thybulle,Matisse,,,13:05,2.0,5.0,0.4,0.0,2.0,0.0,0.0,0.0,0.0,1.0,2.0,3.0,0.0,1.0,1.0,0.0,4.0,4.0,-10.0
22200122,1610612755,PHI,Philadelphia,203954,Joel Embiid,Joel,,DND - Injury/Illness,,,,,,,,,,,,,,,,,,,,
22200122,1610612755,PHI,Philadelphia,201935,James Harden,James,,DND - Injury/Illness,,,,,,,,,,,,,,,,,,,,
22200122,1610612755,PHI,Philadelphia,1627863,Danuel House Jr.,Danuel,,DND - Injury/Illness,,,,,,,,,,,,,,,,,,,,
22200125,1610612766,CHA,Charlotte,1629667,Jalen McDaniels,Jalen,F,,21:28,1.0,5.0,0.2,0.0,4.0,0.0,2.0,2.0,1.0,0.0,1.0,1.0,2.0,1.0,0.0,2.0,2.0,4.0,-33.0
22200125,1610612766,CHA,Charlotte,1629023,P.J. Washington,P.J.,F,,27:26,2.0,15.0,0.133,1.0,7.0,0.143,5.0,6.0,0.833,2.0,2.0,4.0,0.0,0.0,1.0,2.0,1.0,10.0,-29.0
22200125,1610612766,CHA,Charlotte,203486,Mason Plumlee,Mason,C,,21:44,3.0,5.0,0.6,0.0,0.0,0.0,1.0,2.0,0.5,2.0,5.0,7.0,3.0,1.0,0.0,1.0,1.0,7.0,-31.0
22200125,1610612766,CHA,Charlotte,1626162,Kelly Oubre Jr.,Kelly,G,,24:36,5.0,12.0,0.417,2.0,5.0,0.4,5.0,6.0,0.833,0.0,1.0,1.0,1.0,2.0,0.0,2.0,3.0,17.0,-40.0
22200125,1610612766,CHA,Charlotte,1628372,Dennis Smith Jr.,Dennis,G,,28:40,3.0,7.0,0.429,1.0,2.0,0.5,1.0,2.0,0.5,0.0,3.0,3.0,5.0,2.0,1.0,3.0,1.0,8.0,-28.0
22200125,1610612766,CHA,Charlotte,1630550,JT Thor,JT,,,26:00,4.0,12.0,0.333,2.0,5.0,0.4,1.0,2.0,0.5,2.0,3.0,5.0,2.0,1.0,1.0,2.0,0.0,11.0,0.0
22200125,1610612766,CHA,Charlotte,1630177,Theo Maledon,Theo,,,19:20,3.0,5.0,0.6,1.0,2.0,0.5,0.0,0.0,0.0,0.0,5.0,5.0,2.0,1.0,0.0,3.0,3.0,7.0,-3.0
22200125,1610612766,CHA,Charlotte,1630208,Nick Richards,Nick,,,18:53,2.0,9.0,0.222,0.0,0.0,0.0,5.0,6.0,0.833,4.0,5.0,9.0,2.0,0.0,1.0,1.0,1.0,9.0,-9.0
22200125,1610612766,CHA,Charlotte,1630547,James Bouknight,James,,,27:38,7.0,10.0,0.7,0.0,0.0,0.0,0.0,0.0,0.0,2.0,2.0,4.0,5.0,1.0,0.0,1.0,2.0,14.0,0.0
22200125,1610612766,CHA,Charlotte,1631121,Bryce McGowens,Bryce,,,16:52,3.0,5.0,0.6,1.0,2.0,0.5,5.0,5.0,1.0,0.0,1.0,1.0,0.0,1.0,0.0,1.0,1.0,12.0,9.0
22200125,1610612766,CHA,Charlotte,1630539,Kai Jones,Kai,,,7:23,0.0,1.0,0.0,0.0,0.0,0.0,0.0,0.0,0.0,0.0,1.0,1.0,0.0,1.0,3.0,0.0,2.0,0.0,9.0
22200125,1610612763,MEM,Memphis,1628415,Dillon Brooks,Dillon,F,,22:08,8.0,12.0,0.667,6.0,7.0,0.857,1.0,2.0,0.5,1.0,3.0,4.0,4.0,0.0,0.0,1.0,4.0,23.0,31.0
22200125,1610612763,MEM,Memphis,1630583,Santi Aldama,Santi,F,,21:02,5.0,9.0,0.556,2.0,5.0,0.4,0.0,0.0,0.0,1.0,4.0,5.0,1.0,1.0,2.0,2.0,2.0,12.0,19.0
22200125,1610612763,MEM,Memphis,203500,Steven Adams,Steven,C,,21:44,6.0,10.0,0.6,0.0,0.0,0.0,1.0,2.0,0.5,11.0,8.0,19.0,4.0,2.0,2.0,2.0,2.0,13.0,31.0
22200125,1610612763,MEM,Memphis,1630217,Desmond Bane,Desmond,G,,24:20,8.0,16.0,0.5,3.0,7.0,0.429,0.0,0.0,0.0,1.0,5.0,6.0,2.0,0.0,0.0,3.0,3.0,19.0,29.0
22200125,1610612763,MEM,Memphis,1629630,Ja Morant,Ja,G,,24:54,4.0,12.0,0.333,1.0,3.0,0.333,3.0,4.0,0.75,0.0,4.0,4.0,11.0,0.0,0.0,5.0,0.0,12.0,40.0
22200125,1610612763,MEM,Memphis,1631223,David Roddy,David,,,27:41,4.0,8.0,0.5,2.0,5.0,0.4,1.0,2.0,0.5,1.0,1.0,2.0,0.0,0.0,1.0,1.0,3.0,11.0,12.0
22200125,1610612763,MEM,Memphis,1629723,John Konchar,John,,,20:53,3.0,4.0,0.75,2.0,3.0,0.667,0.0,0.0,0.0,1.0,3.0,4.0,1.0,0.0,1.0,0.0,1.0,8.0,17.0
22200125,1610612763,MEM,Memphis,1629634,Brandon Clarke,Brandon,,,15:55,4.0,7.0,0.571,0.0,0.0,0.0,5.0,5.0,1.0,1.0,1.0,2.0,2.0,0.0,3.0,1.0,3.0,13.0,9.0
22200125,1610612763,MEM,Memphis,1626145,Tyus Jones,Tyus,,,14:08,5.0,8.0,0.625,0.0,2.0,0.0,1.0,1.0,1.0,0.0,2.0,2.0,3.0,0.0,0.0,0.0,0.0,11.0,3.0
22200125,1610612763,MEM,Memphis,1631222,Jake LaRavia,Jake,,,19:10,1.0,4.0,0.25,0.0,2.0,0.0,2.0,2.0,1.0,1.0,8.0,9.0,0.0,0.0,0.0,1.0,0.0,4.0,-9.0
22200125,1610612763,MEM,Memphis,1631113,Kennedy Chandler,Kennedy,,,10:21,1.0,5.0,0.2,0.0,1.0,0.0,0.0,0.0,0.0,0.0,2.0,2.0,4.0,2.0,0.0,1.0,0.0,2.0,-9.0
22200125,1610612763,MEM,Memphis,1630214,Xavier Tillman,Xavier,,,10:21,1.0,2.0,0.5,0.0,0.0,0.0,0.0,0.0,0.0,0.0,1.0,1.0,1.0,0.0,0.0,1.0,0.0,2.0,-9.0
22200125,1610612763,MEM,Memphis,1631246,Vince Williams Jr.,Vince,,,7:23,0.0,1.0,0.0,0.0,1.0,0.0,0.0,0.0,0.0,0.0,0.0,0.0,1.0,1.0,1.0,0.0,2.0,0.0,-9.0
22200125,1610612763,MEM,Memphis,1631254,Kenneth Lofton Jr.,Kenneth,,DNP - Coach's Decision,,,,,,,,,,,,,,,,,,,,
22200127,1610612761,TOR,Toronto,1628384,OG Anunoby,OG,F,,38:11,11.0,21.0,0.524,4.0,6.0,0.667,1.0,1.0,1.0,2.0,5.0,7.0,1.0,5.0,0.0,4.0,4.0,27.0,-2.0
22200127,1610612761,TOR,Toronto,1627783,Pascal Siakam,Pascal,F,,31:14,7.0,14.0,0.5,0.0,2.0,0.0,4.0,6.0,0.667,4.0,3.0,7.0,6.0,1.0,0.0,2.0,3.0,18.0,-7.0
22200127,1610612761,TOR,Toronto,1631132,Christian Koloko,Christian,C,,11:49,1.0,2.0,0.5,0.0,1.0,0.0,0.0,0.0,0.0,2.0,0.0,2.0,0.0,0.0,1.0,2.0,4.0,2.0,-12.0
22200127,1610612761,TOR,Toronto,1630567,Scottie Barnes,Scottie,G,,38:06,4.0,12.0,0.333,1.0,6.0,0.167,2.0,2.0,1.0,3.0,8.0,11.0,10.0,1.0,0.0,5.0,0.0,11.0,1.0
22200127,1610612761,TOR,Toronto,1629018,Gary Trent Jr.,Gary,G,,36:29,3.0,12.0,0.25,1.0,7.0,0.143,5.0,6.0,0.833,0.0,0.0,0.0,0.0,1.0,0.0,2.0,2.0,12.0,-7.0
22200127,1610612761,TOR,Toronto,1628449,Chris Boucher,Chris,,,29:37,6.0,13.0,0.462,2.0,6.0,0.333,3.0,4.0,0.75,4.0,5.0,9.0,1.0,0.0,1.0,0.0,4.0,17.0,20.0
22200127,1610612761,TOR,Toronto,1630173,Precious Achiuwa,Precious,,,26:36,4.0,9.0,0.444,1.0,3.0,0.333,6.0,6.0,1.0,3.0,5.0,8.0,2.0,0.0,1.0,2.0,1.0,15.0,2.0
22200127,1610612761,TOR,Toronto,203490,Otto Porter Jr.,Otto,,,20:34,2.0,3.0,0.667,2.0,3.0,0.667,0.0,0.0,0.0,0.0,0.0,0.0,0.0,2.0,0.0,0.0,1.0,6.0,7.0
22200127,1610612761,TOR,Toronto,1630625,Dalano Banton,Dalano,,,3:36,0.0,1.0,0.0,0.0,0.0,0.0,0.0,0.0,0.0,0.0,0.0,0.0,0.0,0.0,1.0,1.0,1.0,0.0,-7.0
22200127,1610612761,TOR,Toronto,201152,Thaddeus Young,Thaddeus,,,3:50,1.0,1.0,1.0,0.0,0.0,0.0,0.0,0.0,0.0,0.0,0.0,0.0,0.0,0.0,0.0,1.0,2.0,2.0,0.0
22200127,1610612761,TOR,Toronto,1630288,Jeff Dowtin Jr.,Jeff,,DNP - Coach's Decision,,,,,,,,,,,,,,,,,,,,
22200127,1610612761,TOR,Toronto,1630201,Malachi Flynn,Malachi,,DNP - Coach's Decision,,,,,,,,,,,,,,,,,,,,
22200127,1610612761,TOR,Toronto,1627823,Juancho Hernangomez,Juancho,,DNP - Coach's Decision,,,,,,,,,,,,,,,,,,,,
22200127,1610612742,DAL,Dallas,203493,Reggie Bullock Jr.,Reggie,F,,25:21,1.0,7.0,0.143,0.0,5.0,0.0,0.0,0.0,0.0,1.0,3.0,4.0,2.0,3.0,1.0,2.0,3.0,2.0,12.0
22200127,1610612742,DAL,Dallas,1627827,Dorian Finney-Smith,Dorian,F,,30:42,4.0,7.0,0.571,2.0,5.0,0.4,1.0,2.0,0.5,2.0,2.0,4.0,0.0,1.0,0.0,3.0,1.0,11.0,-2.0
22200127,1610612742,DAL,Dallas,203939,Dwight Powell,Dwight,C,,26:20,3.0,6.0,0.5,0.0,0.0,0.0,3.0,4.0,0.75,1.0,1.0,2.0,2.0,0.0,0.0,0.0,3.0,9.0,8.0
22200127,1610612742,DAL,Dallas,203915,Spencer Dinwiddie,Spencer,G,,37:59,8.0,17.0,0.471,3.0,8.0,0.375,2.0,2.0,1.0,0.0,1.0,1.0,7.0,2.0,0.0,2.0,4.0,21.0,0.0
22200127,1610612742,DAL,Dallas,1629029,Luka Dončić,Luka,G,,36:33,10.0,15.0,0.667,3.0,6.0,0.5,12.0,14.0,0.857,1.0,7.0,8.0,6.0,3.0,1.0,4.0,4.0,35.0,8.0
22200127,1610612742,DAL,Dallas,1626174,Christian Wood,Christian,,,22:45,5.0,8.0,0.625,1.0,2.0,0.5,2.0,2.0,1.0,0.0,5.0,5.0,1.0,1.0,1.0,1.0,1.0,13.0,-6.0
22200127,1610612742,DAL,Dallas,203501,Tim Hardaway Jr.,Tim,,,19:06,2.0,8.0,0.25,2.0,6.0,0.333,0.0,0.0,0.0,0.0,2.0,2.0,3.0,1.0,0.0,2.0,2.0,6.0,-6.0
22200127,1610612742,DAL,Dallas,1628467,Maxi Kleber,Maxi,,,16:50,1.0,4.0,0.25,0.0,1.0,0.0,0.0,0.0,0.0,0.0,2.0,2.0,2.0,0.0,0.0,3.0,0.0,2.0,-16.0
22200127,1610612742,DAL,Dallas,1630182,Josh Green,Josh,,,20:06,3.0,3.0,1.0,1.0,1.0,1.0,0.0,0.0,0.0,1.0,1.0,2.0,0.0,1.0,0.0,0.0,3.0,7.0,1.0
22200127,1610612742,DAL,Dallas,201580,JaVale McGee,JaVale,,,4:18,2.0,2.0,1.0,0.0,0.0,0.0,1.0,1.0,1.0,0.0,1.0,1.0,0.0,0.0,0.0,1.0,0.0,5.0,6.0
22200127,1610612742,DAL,Dallas,1630267,Facundo Campazzo,Facundo,,DNP - Coach's Decision,,,,,,,,,,,,,,,,,,,,
22200127,1610612742,DAL,Dallas,1629033,Theo Pinson,Theo,,DNP - Coach's Decision,,,,,,,,,,,,,,,,,,,,
22200124,1610612741,CHI,Chicago,201942,DeMar DeRozan,DeMar,F,,35:52,13.0,23.0,0.565,0.0,3.0,0.0,20.0,22.0,0.909,0.0,3.0,3.0,5.0,2.0,1.0,2.0,3.0,46.0,10.0
22200124,1610612741,CHI,Chicago,1630172,Patrick Williams,Patrick,F,,30:16,3.0,9.0,0.333,1.0,4.0,0.25,0.0,0.0,0.0,0.0,5.0,5.0,1.0,0.0,1.0,4.0,6.0,7.0,-3.0
22200124,1610612741,CHI,Chicago,202696,Nikola Vučević,Nikola,C,,35:14,10.0,14.0,0.714,4.0,5.0,0.8,0.0,0.0,0.0,3.0,9.0,12.0,3.0,1.0,0.0,1.0,4.0,24.0,10.0
22200124,1610612741,CHI,Chicago,203897,Zach LaVine,Zach,G,,36:40,6.0,13.0,0.462,2.0,6.0,0.333,2.0,3.0,0.667,1.0,6.0,7.0,3.0,2.0,0.0,2.0,4.0,16.0,-11.0
22200124,1610612741,CHI,Chicago,1630245,Ayo Dosunmu,Ayo,G,,29:23,5.0,8.0,0.625,1.0,1.0,1.0,0.0,0.0,0.0,0.0,3.0,3.0,3.0,0.0,0.0,1.0,3.0,11.0,5.0
22200124,1610612741,CHI,Chicago,1627936,Alex Caruso,Alex,,,22:39,2.0,3.0,0.667,1.0,2.0,0.5,0.0,0.0,0.0,0.0,1.0,1.0,3.0,0.0,1.0,3.0,3.0,5.0,-14.0
22200124,1610612741,CHI,Chicago,1629750,Javonte Green,Javonte,,,15:46,2.0,4.0,0.5,1.0,3.0,0.333,0.0,0.0,0.0,0.0,3.0,3.0,1.0,2.0,1.0,2.0,4.0,5.0,4.0
22200124,1610612741,CHI,Chicago,201609,Goran Dragic,Goran,,,19:25,2.0,9.0,0.222,1.0,4.0,0.25,0.0,0.0,0.0,0.0,1.0,1.0,2.0,0.0,1.0,1.0,0.0,5.0,-6.0
22200124,1610612741,CHI,Chicago,1627884,Derrick Jones Jr.,Derrick,,,14:45,0.0,0.0,0.0,0.0,0.0,0.0,0.0,0.0,0.0,0.0,2.0,2.0,0.0,1.0,0.0,1.0,1.0,0.0,-15.0
22200124,1610612741,CHI,Chicago,1628396,Tony Bradley,Tony,,DNP - Coach's Decision,,,,,,,,,,,,,,,,,,,,
22200124,1610612741,CHI,Chicago,1630792,Malcolm Hill,Malcolm,,DNP - Coach's Decision,,,,,,,,,,,,,,,,,,,,
22200124,1610612741,CHI,Chicago,1631207,Dalen Terry,Dalen,,DNP - Coach's Decision,,,,,,,,,,,,,,,,,,,,
22200124,1610612738,BOS,Boston,1627759,Jaylen Brown,Jaylen,F,,33:50,6.0,14.0,0.429,0.0,3.0,0.0,4.0,5.0,0.8,1.0,4.0,5.0,2.0,0.0,0.0,3.0,2.0,16.0,-13.0
22200124,1610612738,BOS,Boston,1628369,Jayson Tatum,Jayson,F,,40:03,8.0,23.0,0.348,3.0,10.0,0.3,17.0,20.0,0.85,2.0,10.0,12.0,6.0,1.0,1.0,1.0,4.0,36.0,11.0
22200124,1610612738,BOS,Boston,201143,Al Horford,Al,C,,33:23,4.0,8.0,0.5,1.0,5.0,0.2,2.0,3.0,0.667,1.0,4.0,5.0,5.0,0.0,1.0,1.0,3.0,11.0,-10.0
22200124,1610612738,BOS,Boston,1628401,Derrick White,Derrick,G,,26:12,3.0,6.0,0.5,1.0,3.0,0.333,0.0,0.0,0.0,0.0,3.0,3.0,2.0,1.0,2.0,0.0,4.0,7.0,-10.0
22200124,1610612738,BOS,Boston,203935,Marcus Smart,Marcus,G,,24:30,5.0,10.0,0.5,2.0,4.0,0.5,0.0,0.0,0.0,0.0,1.0,1.0,1.0,1.0,0.0,2.0,5.0,12.0,-10.0
22200124,1610612738,BOS,Boston,1629684,Grant Williams,Grant,,,20:33,2.0,3.0,0.667,0.0,1.0,0.0,0.0,0.0,0.0,0.0,4.0,4.0,3.0,0.0,0.0,2.0,2.0,4.0,15.0
22200124,1610612738,BOS,Boston,1627763,Malcolm Brogdon,Malcolm,,,28:51,9.0,10.0,0.9,0.0,0.0,0.0,7.0,9.0,0.778,0.0,2.0,2.0,4.0,0.0,1.0,4.0,2.0,25.0,4.0
22200124,1610612738,BOS,Boston,1630573,Sam Hauser,Sam,,,18:09,3.0,6.0,0.5,2.0,4.0,0.5,0.0,0.0,0.0,2.0,2.0,4.0,0.0,0.0,0.0,0.0,0.0,8.0,19.0
22200124,1610612738,BOS,Boston,1628436,Luke Kornet,Luke,,,14:29,1.0,3.0,0.333,0.0,1.0,0.0,2.0,2.0,1.0,1.0,2.0,3.0,1.0,2.0,2.0,0.0,1.0,4.0,14.0
22200124,1610612738,BOS,Boston,201933,Blake Griffin,Blake,,DNP - Coach's Decision,,,,,,,,,,,,,,,,,,,,
22200124,1610612738,BOS,Boston,1628382,Justin Jackson,Justin,,DNP - Coach's Decision,,,,,,,,,,,,,,,,,,,,
22200124,1610612738,BOS,Boston,1630202,Payton Pritchard,Payton,,DNP - Coach's Decision,,,,,,,,,,,,,,,,,,,,
22200124,1610612738,BOS,Boston,203943,Noah Vonleh,Noah,,DNP - Coach's Decision,,,,,,,,,,,,,,,,,,,,
22200119,1610612743,DEN,Denver,1629008,Michael Porter Jr.,Michael,F,,28:36,4.0,10.0,0.4,3.0,6.0,0.5,0.0,0.0,0.0,1.0,5.0,6.0,2.0,0.0,0.0,1.0,1.0,11.0,7.0
22200119,1610612743,DEN,Denver,203932,Aaron Gordon,Aaron,F,,35:32,10.0,13.0,0.769,3.0,4.0,0.75,4.0,5.0,0.8,2.0,3.0,5.0,3.0,1.0,0.0,0.0,0.0,27.0,-1.0
22200119,1610612743,DEN,Denver,203999,Nikola Jokić,Nikola,C,,35:38,6.0,9.0,0.667,0.0,0.0,0.0,3.0,3.0,1.0,0.0,13.0,13.0,14.0,1.0,0.0,10.0,3.0,15.0,15.0
22200119,1610612743,DEN,Denver,203484,Kentavious Caldwell-Pope,Kentavious,G,,35:06,4.0,9.0,0.444,3.0,6.0,0.5,0.0,0.0,0.0,0.0,3.0,3.0,1.0,0.0,1.0,0.0,2.0,11.0,14.0
22200119,1610612743,DEN,Denver,1627750,Jamal Murray,Jamal,G,,32:57,8.0,19.0,0.421,4.0,6.0,0.667,4.0,4.0,1.0,1.0,4.0,5.0,2.0,0.0,0.0,2.0,0.0,24.0,2.0
22200119,1610612743,DEN,Denver,1628971,Bruce Brown,Bruce,,,31:51,6.0,11.0,0.545,3.0,6.0,0.5,0.0,0.0,0.0,1.0,4.0,5.0,9.0,1.0,1.0,0.0,4.0,15.0,8.0
22200119,1610612743,DEN,Denver,1631128,Christian Braun,Christian,,,7:16,1.0,1.0,1.0,1.0,1.0,1.0,0.0,0.0,0.0,0.0,0.0,0.0,1.0,0.0,0.0,0.0,2.0,3.0,2.0
22200119,1610612743,DEN,Denver,201145,Jeff Green,Jeff,,,19:21,3.0,5.0,0.6,0.0,1.0,0.0,1.0,2.0,0.5,0.0,4.0,4.0,0.0,2.0,0.0,3.0,2.0,7.0,6.0
22200119,1610612743,DEN,Denver,1630192,Zeke Nnaji,Zeke,,,5:29,1.0,3.0,0.333,0.0,0.0,0.0,2.0,2.0,1.0,3.0,2.0,5.0,0.0,0.0,0.0,0.0,0.0,4.0,4.0
22200119,1610612743,DEN,Denver,1628432,Davon Reed,Davon,,,8:14,2.0,4.0,0.5,1.0,1.0,1.0,0.0,0.0,0.0,0.0,1.0,1.0,0.0,0.0,0.0,2.0,1.0,5.0,3.0
22200119,1610612743,DEN,Denver,1628427,Vlatko Čančar,Vlatko,,DNP - Coach's Decision,,,,,,,,,,,,,,,,,,,,
22200119,1610612743,DEN,Denver,201599,DeAndre Jordan,DeAndre,,DNP - Coach's Decision,,,,,,,,,,,,,,,,,,,,
22200119,1610612760,OKC,Oklahoma City,1629652,Luguentz Dort,Luguentz,F,,30:37,8.0,15.0,0.533,1.0,6.0,0.167,2.0,3.0,0.667,0.0,3.0,3.0,1.0,1.0,1.0,0.0,2.0,19.0,-4.0
22200119,1610612760,OKC,Oklahoma City,1630197,Aleksej Pokusevski,Aleksej,F,,27:39,3.0,9.0,0.333,0.0,4.0,0.0,0.0,0.0,0.0,1.0,6.0,7.0,1.0,1.0,2.0,0.0,2.0,6.0,-11.0
22200119,1610612760,OKC,Oklahoma City,1630526,Jeremiah Robinson-Earl,Jeremiah,C,,22:47,4.0,10.0,0.4,2.0,5.0,0.4,0.0,2.0,0.0,1.0,6.0,7.0,1.0,2.0,0.0,0.0,1.0,10.0,-22.0
22200119,1610612760,OKC,Oklahoma City,1630581,Josh Giddey,Josh,G,,31:54,7.0,14.0,0.5,2.0,4.0,0.5,0.0,0.0,0.0,0.0,1.0,1.0,5.0,1.0,0.0,4.0,3.0,16.0,-10.0
22200119,1610612760,OKC,Oklahoma City,1628983,Shai Gilgeous-Alexander,Shai,G,,35:12,13.0,17.0,0.765,0.0,0.0,0.0,11.0,11.0,1.0,1.0,3.0,4.0,3.0,2.0,0.0,4.0,3.0,37.0,-6.0
22200119,1610612760,OKC,Oklahoma City,1629026,Kenrich Williams,Kenrich,,,22:08,2.0,5.0,0.4,1.0,2.0,0.5,0.0,0.0,0.0,3.0,3.0,6.0,1.0,1.0,0.0,0.0,2.0,5.0,-4.0
22200119,1610612760,OKC,Oklahoma City,1631114,Jalen Williams,Jalen,,,14:19,4.0,7.0,0.571,0.0,1.0,0.0,0.0,0.0,0.0,0.0,0.0,0.0,2.0,0.0,0.0,0.0,0.0,8.0,-11.0
22200119,1610612760,OKC,Oklahoma City,1629647,Darius Bazley,Darius,,,13:06,1.0,5.0,0.2,0.0,1.0,0.0,0.0,0.0,0.0,3.0,2.0,5.0,2.0,1.0,1.0,1.0,2.0,2.0,9.0
22200119,1610612760,OKC,Oklahoma City,1630544,Tre Mann,Tre,,,17:24,2.0,5.0,0.4,0.0,2.0,0.0,0.0,1.0,0.0,0.0,2.0,2.0,2.0,0.0,1.0,0.0,0.0,4.0,-8.0
22200119,1610612760,OKC,Oklahoma City,1631172,Ousmane Dieng,Ousmane,,,12:04,1.0,3.0,0.333,0.0,2.0,0.0,1.0,2.0,0.5,1.0,2.0,3.0,1.0,0.0,0.0,1.0,1.0,3.0,0.0
22200119,1610612760,OKC,Oklahoma City,203488,Mike Muscala,Mike,,,12:51,0.0,3.0,0.0,0.0,2.0,0.0,0.0,0.0,0.0,0.0,2.0,2.0,0.0,0.0,0.0,0.0,3.0,0.0,7.0
22200119,1610612760,OKC,Oklahoma City,1630198,Isaiah Joe,Isaiah,,DNP - Coach's Decision,,,,,,,,,,,,,,,,,,,,
22200119,1610612760,OKC,Oklahoma City,1630598,Aaron Wiggins,Aaron,,DNP - Coach's Decision,,,,,,,,,,,,,,,,,,,,
22200118,1610612744,GSW,Golden State,203952,Andrew Wiggins,Andrew,F,,32:57,6.0,12.0,0.5,2.0,5.0,0.4,1.0,3.0,0.333,1.0,2.0,3.0,3.0,0.0,2.0,3.0,3.0,15.0,3.0
22200118,1610612744,GSW,Golden State,203110,Draymond Green,Draymond,F,,29:50,4.0,5.0,0.8,0.0,0.0,0.0,0.0,1.0,0.0,0.0,5.0,5.0,7.0,1.0,0.0,0.0,6.0,8.0,5.0
22200118,1610612744,GSW,Golden State,1626172,Kevon Looney,Kevon,C,,29:21,8.0,11.0,0.727,0.0,0.0,0.0,1.0,1.0,1.0,2.0,5.0,7.0,3.0,1.0,0.0,0.0,5.0,17.0,10.0
22200118,1610612744,GSW,Golden State,202691,Klay Thompson,Klay,G,,34:02,10.0,24.0,0.417,7.0,15.0,0.467,0.0,0.0,0.0,1.0,3.0,4.0,3.0,1.0,0.0,0.0,2.0,27.0,13.0
22200118,1610612744,GSW,Golden State,201939,Stephen Curry,Stephen,G,,38:21,13.0,22.0,0.591,8.0,15.0,0.533,5.0,5.0,1.0,1.0,2.0,3.0,9.0,0.0,0.0,5.0,3.0,39.0,4.0
22200118,1610612744,GSW,Golden State,1629673,Jordan Poole,Jordan,,,24:20,4.0,12.0,0.333,1.0,5.0,0.2,2.0,3.0,0.667,1.0,1.0,2.0,2.0,0.0,0.0,4.0,2.0,11.0,-10.0
22200118,1610612744,GSW,Golden State,1630164,James Wiseman,James,,,9:34,1.0,3.0,0.333,0.0,0.0,0.0,0.0,0.0,0.0,1.0,2.0,3.0,1.0,1.0,0.0,0.0,3.0,2.0,-9.0
22200118,1610612744,GSW,Golden State,203210,JaMychal Green,JaMychal,,,16:20,3.0,5.0,0.6,1.0,1.0,1.0,0.0,0.0,0.0,2.0,4.0,6.0,0.0,0.0,1.0,1.0,5.0,7.0,-15.0
22200118,1610612744,GSW,Golden State,1630541,Moses Moody,Moses,,,11:29,0.0,1.0,0.0,0.0,1.0,0.0,1.0,2.0,0.5,0.0,2.0,2.0,0.0,1.0,0.0,0.0,2.0,1.0,-9.0
22200118,1610612744,GSW,Golden State,1629660,Ty Jerome,Ty,,,13:47,1.0,2.0,0.5,0.0,1.0,0.0,0.0,0.0,0.0,0.0,0.0,0.0,3.0,0.0,0.0,1.0,1.0,2.0,3.0
22200118,1610612744,GSW,Golden State,1631116,Patrick Baldwin Jr.,Patrick,,DNP - Coach's Decision,,,,,,,,,,,,,,,,,,,,
22200118,1610612744,GSW,Golden State,1630228,Jonathan Kuminga,Jonathan,,DNP - Coach's Decision,,,,,,,,,,,,,,,,,,,,
22200118,1610612744,GSW,Golden State,1631157,Ryan Rollins,Ryan,,DNP - Coach's Decision,,,,,,,,,,,,,,,,,,,,
22200118,1610612753,ORL,Orlando,1631094,Paolo Banchero,Paolo,F,,36:06,8.0,17.0,0.471,0.0,4.0,0.0,6.0,9.0,0.667,0.0,8.0,8.0,3.0,1.0,1.0,5.0,3.0,22.0,-19.0
22200118,1610612753,ORL,Orlando,1629626,Bol Bol,Bol,F,,18:39,2.0,3.0,0.667,0.0,1.0,0.0,0.0,0.0,0.0,1.0,5.0,6.0,1.0,0.0,2.0,0.0,1.0,4.0,-11.0
22200118,1610612753,ORL,Orlando,1628976,Wendell Carter Jr.,Wendell,C,,33:19,4.0,9.0,0.444,2.0,4.0,0.5,4.0,6.0,0.667,2.0,7.0,9.0,2.0,1.0,1.0,2.0,3.0,14.0,-2.0
22200118,1610612753,ORL,Orlando,1630532,Franz Wagner,Franz,G,,36:38,7.0,12.0,0.583,1.0,1.0,1.0,4.0,5.0,0.8,0.0,3.0,3.0,2.0,0.0,0.0,4.0,2.0,19.0,2.0
22200118,1610612753,ORL,Orlando,1630591,Jalen Suggs,Jalen,G,,36:13,9.0,17.0,0.529,2.0,6.0,0.333,6.0,11.0,0.545,0.0,1.0,1.0,9.0,4.0,0.0,3.0,4.0,26.0,-3.0
22200118,1610612753,ORL,Orlando,1629643,Chuma Okeke,Chuma,,,27:28,4.0,6.0,0.667,3.0,5.0,0.6,5.0,6.0,0.833,2.0,7.0,9.0,3.0,0.0,1.0,0.0,2.0,16.0,13.0
22200118,1610612753,ORL,Orlando,1630284,Kevon Harris,Kevon,,,20:50,4.0,7.0,0.571,2.0,3.0,0.667,2.0,3.0,0.667,4.0,1.0,5.0,0.0,1.0,0.0,1.0,2.0,12.0,12.0
22200118,1610612753,ORL,Orlando,1630181,R.J. Hampton,R.J.,,,20:17,4.0,6.0,0.667,3.0,5.0,0.6,4.0,4.0,1.0,1.0,1.0,2.0,0.0,1.0,1.0,3.0,3.0,15.0,6.0
22200118,1610612753,ORL,Orlando,1628964,Mo Bamba,Mo,,,5:38,0.0,0.0,0.0,0.0,0.0,0.0,0.0,0.0,0.0,0.0,2.0,2.0,0.0,0.0,0.0,1.0,1.0,0.0,-4.0
22200118,1610612753,ORL,Orlando,1631216,Caleb Houstan,Caleb,,,4:52,0.0,1.0,0.0,0.0,1.0,0.0,2.0,2.0,1.0,1.0,0.0,1.0,0.0,1.0,0.0,0.0,1.0,2.0,11.0
22200118,1610612753,ORL,Orlando,1629678,Admiral Schofield,Admiral,,DNP - Coach's Decision,,,,,,,,,,,,,,,,,,,,
22200112,1610612746,LAC,LA,202331,Paul George,Paul,F,,36:51,10.0,20.0,0.5,3.0,8.0,0.375,5.0,6.0,0.833,1.0,3.0,4.0,5.0,1.0,0.0,5.0,1.0,28.0,14.0
22200112,1610612746,LAC,LA,202694,Marcus Morris Sr.,Marcus,F,,34:54,8.0,14.0,0.571,4.0,8.0,0.5,1.0,1.0,1.0,1.0,9.0,10.0,2.0,2.0,0.0,1.0,0.0,21.0,15.0
22200112,1610612746,LAC,LA,1627826,Ivica Zubac,Ivica,C,,24:45,2.0,5.0,0.4,0.0,0.0,0.0,1.0,2.0,0.5,1.0,5.0,6.0,2.0,1.0,1.0,2.0,5.0,5.0,3.0
22200112,1610612746,LAC,LA,1628379,Luke Kennard,Luke,G,,23:36,2.0,3.0,0.667,2.0,3.0,0.667,0.0,0.0,0.0,1.0,5.0,6.0,0.0,1.0,0.0,1.0,1.0,6.0,16.0
22200112,1610612746,LAC,LA,202704,Reggie Jackson,Reggie,G,,33:20,4.0,11.0,0.364,0.0,4.0,0.0,4.0,4.0,1.0,0.0,0.0,0.0,3.0,1.0,1.0,0.0,2.0,12.0,11.0
22200112,1610612746,LAC,LA,201587,Nicolas Batum,Nicolas,,,14:07,1.0,4.0,0.25,1.0,3.0,0.333,1.0,1.0,1.0,0.0,3.0,3.0,2.0,1.0,2.0,0.0,6.0,4.0,2.0
22200112,1610612746,LAC,LA,202322,John Wall,John,,,14:40,3.0,10.0,0.3,0.0,3.0,0.0,0.0,0.0,0.0,1.0,0.0,1.0,4.0,2.0,0.0,2.0,0.0,6.0,-3.0
22200112,1610612746,LAC,LA,1626181,Norman Powell,Norman,,,24:24,3.0,6.0,0.5,1.0,2.0,0.5,2.0,2.0,1.0,1.0,2.0,3.0,0.0,1.0,0.0,3.0,1.0,9.0,-8.0
22200112,1610612746,LAC,LA,1629611,Terance Mann,Terance,,,14:31,2.0,3.0,0.667,1.0,2.0,0.5,0.0,0.0,0.0,0.0,2.0,2.0,2.0,0.0,1.0,0.0,1.0,5.0,-5.0
22200112,1610612746,LAC,LA,1629599,Amir Coffey,Amir,,,6:40,0.0,0.0,0.0,0.0,0.0,0.0,0.0,0.0,0.0,0.0,1.0,1.0,0.0,0.0,0.0,0.0,0.0,0.0,-11.0
22200112,1610612746,LAC,LA,1629650,Moses Brown,Moses,,,12:12,6.0,8.0,0.75,0.0,0.0,0.0,1.0,3.0,0.333,3.0,4.0,7.0,0.0,0.0,1.0,0.0,3.0,13.0,6.0
22200112,1610612746,LAC,LA,1630527,Brandon Boston,Brandon,,DNP - Coach's Decision,,,,,,,,,,,,,,,,,,,,
22200112,1610612745,HOU,Houston,201569,Eric Gordon,Eric,F,,32:49,0.0,4.0,0.0,0.0,3.0,0.0,0.0,0.0,0.0,1.0,1.0,2.0,2.0,1.0,1.0,1.0,0.0,0.0,-7.0
22200112,1610612745,HOU,Houston,1631095,Jabari Smith Jr.,Jabari,F,,26:51,1.0,10.0,0.1,0.0,5.0,0.0,0.0,0.0,0.0,1.0,3.0,4.0,0.0,0.0,1.0,2.0,2.0,2.0,-6.0
22200112,1610612745,HOU,Houston,1630578,Alperen Sengun,Alperen,C,,33:28,8.0,13.0,0.615,0.0,1.0,0.0,10.0,11.0,0.909,3.0,10.0,13.0,2.0,1.0,0.0,0.0,6.0,26.0,-13.0
22200112,1610612745,HOU,Houston,1630224,Jalen Green,Jalen,G,,30:02,9.0,17.0,0.529,3.0,8.0,0.375,1.0,1.0,1.0,0.0,4.0,4.0,1.0,1.0,0.0,3.0,3.0,22.0,-13.0
22200112,1610612745,HOU,Houston,1629645,Kevin Porter Jr.,Kevin,G,,38:11,7.0,19.0,0.368,3.0,9.0,0.333,5.0,8.0,0.625,3.0,4.0,7.0,7.0,1.0,0.0,6.0,1.0,22.0,-2.0
22200112,1610612745,HOU,Houston,1630231,KJ Martin,KJ,,,20:14,1.0,2.0,0.5,0.0,1.0,0.0,0.0,0.0,0.0,0.0,3.0,3.0,1.0,1.0,0.0,1.0,2.0,2.0,-2.0
22200112,1610612745,HOU,Houston,1631106,Tari Eason,Tari,,,18:09,3.0,7.0,0.429,0.0,1.0,0.0,0.0,0.0,0.0,3.0,4.0,7.0,2.0,1.0,3.0,2.0,2.0,6.0,-4.0
22200112,1610612745,HOU,Houston,1630227,Daishen Nix,Daishen,,,20:53,4.0,8.0,0.5,4.0,6.0,0.667,0.0,0.0,0.0,0.0,3.0,3.0,1.0,1.0,0.0,1.0,1.0,12.0,-2.0
22200112,1610612745,HOU,Houston,1630586,Usman Garuba,Usman,,,12:25,3.0,5.0,0.6,0.0,1.0,0.0,0.0,1.0,0.0,4.0,2.0,6.0,1.0,2.0,0.0,2.0,4.0,6.0,6.0
22200112,1610612745,HOU,Houston,1629726,Garrison Mathews,Garrison,,,6:58,1.0,3.0,0.333,1.0,3.0,0.333,0.0,0.0,0.0,1.0,0.0,1.0,0.0,0.0,0.0,1.0,1.0,3.0,3.0
22200112,1610612745,HOU,Houston,1630528,Josh Christopher,Josh,,DNP - Coach's Decision,,,,,,,,,,,,,,,,,,,,
22200112,1610612745,HOU,Houston,1626246,Boban Marjanović,Boban,,DNP - Coach's Decision,,,,,,,,,,,,,,,,,,,,
22200116,1610612763,MEM,Memphis,1628415,Dillon Brooks,Dillon,F,,29:34,3.0,7.0,0.429,1.0,2.0,0.5,2.0,2.0,1.0,0.0,2.0,2.0,0.0,1.0,0.0,0.0,3.0,9.0,-1.0
22200116,1610612763,MEM,Memphis,1630583,Santi Aldama,Santi,F,,28:59,4.0,8.0,0.5,2.0,4.0,0.5,1.0,2.0,0.5,3.0,4.0,7.0,0.0,0.0,2.0,0.0,3.0,11.0,0.0
22200116,1610612763,MEM,Memphis,203500,Steven Adams,Steven,C,,33:36,6.0,9.0,0.667,0.0,0.0,0.0,2.0,3.0,0.667,4.0,7.0,11.0,5.0,0.0,2.0,1.0,2.0,14.0,-6.0
22200116,1610612763,MEM,Memphis,1630217,Desmond Bane,Desmond,G,,36:49,7.0,16.0,0.438,5.0,8.0,0.625,10.0,11.0,0.909,1.0,7.0,8.0,5.0,0.0,0.0,3.0,1.0,29.0,6.0
22200116,1610612763,MEM,Memphis,1629630,Ja Morant,Ja,G,,32:04,7.0,19.0,0.368,0.0,2.0,0.0,6.0,7.0,0.857,0.0,9.0,9.0,7.0,2.0,0.0,8.0,1.0,20.0,1.0
22200116,1610612763,MEM,Memphis,1631223,David Roddy,David,,,19:01,3.0,6.0,0.5,3.0,6.0,0.5,1.0,2.0,0.5,0.0,1.0,1.0,2.0,2.0,0.0,0.0,3.0,10.0,5.0
22200116,1610612763,MEM,Memphis,1626145,Tyus Jones,Tyus,,,23:52,1.0,6.0,0.167,0.0,2.0,0.0,0.0,0.0,0.0,0.0,0.0,0.0,5.0,1.0,0.0,0.0,2.0,2.0,-1.0
22200116,1610612763,MEM,Memphis,1629723,John Konchar,John,,,22:05,4.0,6.0,0.667,2.0,4.0,0.5,0.0,0.0,0.0,2.0,3.0,5.0,4.0,1.0,0.0,1.0,2.0,10.0,12.0
22200116,1610612763,MEM,Memphis,1629634,Brandon Clarke,Brandon,,,14:00,3.0,6.0,0.5,0.0,0.0,0.0,0.0,0.0,0.0,0.0,3.0,3.0,0.0,0.0,1.0,1.0,2.0,6.0,9.0
22200116,1610612763,MEM,Memphis,1631113,Kennedy Chandler,Kennedy,,DNP - Coach's Decision,,,,,,,,,,,,,,,,,,,,
22200116,1610612763,MEM,Memphis,1631222,Jake LaRavia,Jake,,DNP - Coach's Decision,,,,,,,,,,,,,,,,,,,,
22200116,1610612763,MEM,Memphis,1631254,Kenneth Lofton Jr.,Kenneth,,DNP - Coach's Decision,,,,,,,,,,,,,,,,,,,,
22200116,1610612763,MEM,Memphis,1630214,Xavier Tillman,Xavier,,DNP - Coach's Decision,,,,,,,,,,,,,,,,,,,,
22200116,1610612763,MEM,Memphis,1631246,Vince Williams Jr.,Vince,,DNP - Coach's Decision,,,,,,,,,,,,,,,,,,,,
22200116,1610612757,POR,Portland,1628404,Josh Hart,Josh,F,,39:37,1.0,4.0,0.25,0.0,1.0,0.0,3.0,5.0,0.6,2.0,4.0,6.0,4.0,1.0,1.0,3.0,4.0,5.0,-8.0
22200116,1610612757,POR,Portland,203924,Jerami Grant,Jerami,F,,38:17,7.0,18.0,0.389,3.0,9.0,0.333,6.0,7.0,0.857,0.0,5.0,5.0,3.0,0.0,1.0,4.0,1.0,23.0,8.0
22200116,1610612757,POR,Portland,203994,Jusuf Nurkić,Jusuf,C,,34:43,8.0,14.0,0.571,3.0,3.0,1.0,4.0,4.0,1.0,6.0,7.0,13.0,4.0,1.0,0.0,3.0,5.0,23.0,12.0
22200116,1610612757,POR,Portland,1631101,Shaedon Sharpe,Shaedon,G,,24:08,1.0,6.0,0.167,0.0,1.0,0.0,0.0,0.0,0.0,0.0,2.0,2.0,0.0,2.0,1.0,0.0,1.0,2.0,-6.0
22200116,1610612757,POR,Portland,1629014,Anfernee Simons,Anfernee,G,,39:53,10.0,21.0,0.476,4.0,11.0,0.364,7.0,8.0,0.875,0.0,3.0,3.0,8.0,0.0,0.0,4.0,3.0,31.0,5.0
22200116,1610612757,POR,Portland,1626159,Justise Winslow,Justise,,,23:22,1.0,6.0,0.167,0.0,0.0,0.0,0.0,0.0,0.0,4.0,4.0,8.0,4.0,1.0,0.0,1.0,0.0,2.0,-11.0
22200116,1610612757,POR,Portland,1629234,Drew Eubanks,Drew,,,10:12,3.0,6.0,0.5,0.0,0.0,0.0,1.0,2.0,0.5,3.0,0.0,3.0,0.0,0.0,0.0,3.0,2.0,7.0,-14.0
22200116,1610612757,POR,Portland,1629642,Nassir Little,Nassir,,,12:14,1.0,5.0,0.2,1.0,3.0,0.333,0.0,0.0,0.0,0.0,1.0,1.0,1.0,0.0,0.0,1.0,0.0,3.0,-8.0
22200116,1610612757,POR,Portland,1630553,Keon Johnson,Keon,,,17:34,4.0,9.0,0.444,2.0,5.0,0.4,0.0,0.0,0.0,1.0,4.0,5.0,3.0,0.0,0.0,1.0,1.0,10.0,-3.0
22200116,1610612757,POR,Portland,1630535,Greg Brown III,Greg,,DNP - Coach's Decision,,,,,,,,,,,,,,,,,,,,
22200116,1610612757,POR,Portland,203081,Damian Lillard,Damian,,DND - Injury/Illness,,,,,,,,,,,,,,,,,,,,
22200116,1610612757,POR,Portland,1631133,Jabari Walker,Jabari,,DNP - Coach's Decision,,,,,,,,,,,,,,,,,,,,
22200108,1610612764,WAS,Washington,1630264,Anthony Gill,Anthony,F,,16:44,1.0,1.0,1.0,0.0,0.0,0.0,0.0,0.0,0.0,0.0,2.0,2.0,0.0,0.0,0.0,0.0,2.0,2.0,2.0
22200108,1610612764,WAS,Washington,1628398,Kyle Kuzma,Kyle,F,,31:19,8.0,12.0,0.667,2.0,5.0,0.4,0.0,0.0,0.0,2.0,6.0,8.0,4.0,0.0,0.0,4.0,4.0,18.0,2.0
22200108,1610612764,WAS,Washington,204001,Kristaps Porziņģis,Kristaps,C,,34:24,9.0,13.0,0.692,1.0,4.0,0.25,11.0,11.0,1.0,0.0,9.0,9.0,3.0,1.0,3.0,1.0,1.0,30.0,7.0
22200108,1610612764,WAS,Washington,203078,Bradley Beal,Bradley,G,,36:30,11.0,17.0,0.647,1.0,2.0,0.5,6.0,7.0,0.857,0.0,2.0,2.0,5.0,0.0,0.0,1.0,2.0,29.0,6.0
22200108,1610612764,WAS,Washington,1628420,Monté Morris,Monté,G,,24:00,2.0,5.0,0.4,0.0,3.0,0.0,2.0,3.0,0.667,0.0,1.0,1.0,6.0,1.0,0.0,0.0,0.0,6.0,-3.0
22200108,1610612764,WAS,Washington,1630166,Deni Avdija,Deni,,,28:47,1.0,3.0,0.333,0.0,1.0,0.0,3.0,4.0,0.75,1.0,7.0,8.0,1.0,0.0,3.0,0.0,5.0,5.0,17.0
22200108,1610612764,WAS,Washington,203115,Will Barton,Will,,,24:09,4.0,9.0,0.444,1.0,4.0,0.25,2.0,2.0,1.0,0.0,1.0,1.0,3.0,1.0,1.0,0.0,2.0,11.0,3.0
22200108,1610612764,WAS,Washington,1629060,Rui Hachimura,Rui,,,32:53,5.0,13.0,0.385,0.0,2.0,0.0,0.0,0.0,0.0,2.0,8.0,10.0,4.0,0.0,1.0,1.0,2.0,10.0,14.0
22200108,1610612764,WAS,Washington,1629655,Daniel Gafford,Daniel,,,11:15,4.0,5.0,0.8,0.0,0.0,0.0,2.0,5.0,0.4,2.0,0.0,2.0,1.0,1.0,1.0,0.0,0.0,10.0,2.0
22200108,1610612764,WAS,Washington,1631098,Johnny Davis,Johnny,,DNP - Coach's Decision,,,,,,,,,,,,,,,,,,,,
22200108,1610612764,WAS,Washington,201959,Taj Gibson,Taj,,DNP - Coach's Decision,,,,,,,,,,,,,,,,,,,,
22200108,1610612764,WAS,Washington,1630692,Jordan Goodwin,Jordan,,DNP - Coach's Decision,,,,,,,,,,,,,,,,,,,,
22200108,1610612755,PHI,Philadelphia,1629680,Matisse Thybulle,Matisse,F,,15:42,1.0,2.0,0.5,0.0,0.0,0.0,0.0,1.0,0.0,0.0,0.0,0.0,2.0,1.0,0.0,0.0,2.0,2.0,4.0
22200108,1610612755,PHI,Philadelphia,202699,Tobias Harris,Tobias,F,,33:55,6.0,12.0,0.5,4.0,5.0,0.8,0.0,0.0,0.0,2.0,7.0,9.0,4.0,0.0,0.0,1.0,1.0,16.0,-7.0
22200108,1610612755,PHI,Philadelphia,200782,P.J. Tucker,P.J.,C,,28:06,2.0,2.0,1.0,1.0,1.0,1.0,0.0,0.0,0.0,1.0,1.0,2.0,0.0,0.0,0.0,0.0,5.0,5.0,-4.0
22200108,1610612755,PHI,Philadelphia,1630178,Tyrese Maxey,Tyrese,G,,43:09,11.0,20.0,0.55,5.0,9.0,0.556,5.0,8.0,0.625,0.0,2.0,2.0,4.0,0.0,0.0,0.0,1.0,32.0,-2.0
22200108,1610612755,PHI,Philadelphia,201935,James Harden,James,G,,35:04,8.0,18.0,0.444,3.0,8.0,0.375,5.0,6.0,0.833,0.0,5.0,5.0,10.0,1.0,0.0,3.0,2.0,24.0,-9.0
22200108,1610612755,PHI,Philadelphia,1627863,Danuel House Jr.,Danuel,,,23:36,3.0,10.0,0.3,2.0,5.0,0.4,4.0,5.0,0.8,1.0,5.0,6.0,2.0,1.0,0.0,0.0,4.0,12.0,-10.0
22200108,1610612755,PHI,Philadelphia,1629003,Shake Milton,Shake,,,15:22,2.0,5.0,0.4,1.0,2.0,0.5,0.0,0.0,0.0,0.0,2.0,2.0,2.0,0.0,0.0,4.0,3.0,5.0,-9.0
22200108,1610612755,PHI,Philadelphia,1627777,Georges Niang,Georges,,,26:53,5.0,11.0,0.455,3.0,6.0,0.5,0.0,0.0,0.0,1.0,2.0,3.0,0.0,0.0,1.0,0.0,4.0,13.0,-8.0
22200108,1610612755,PHI,Philadelphia,1626149,Montrezl Harrell,Montrezl,,,12:24,0.0,1.0,0.0,0.0,0.0,0.0,0.0,0.0,0.0,0.0,1.0,1.0,0.0,0.0,0.0,0.0,2.0,0.0,-9.0
22200108,1610612755,PHI,Philadelphia,1630194,Paul Reed,Paul,,,5:49,1.0,3.0,0.333,0.0,0.0,0.0,0.0,0.0,0.0,1.0,1.0,2.0,1.0,0.0,0.0,0.0,1.0,2.0,4.0
22200108,1610612755,PHI,Philadelphia,1627788,Furkan Korkmaz,Furkan,,DNP - Coach's Decision,,,,,,,,,,,,,,,,,,,,
22200108,1610612755,PHI,Philadelphia,1629001,De'Anthony Melton,De'Anthony,,DND - Injury/Illness,,,,,,,,,,,,,,,,,,,,
22200108,1610612755,PHI,Philadelphia,1630531,Jaden Springer,Jaden,,NWT - Not With Team,,,,,,,,,,,,,,,,,,,,
22200107,1610612738,BOS,Boston,1627759,Jaylen Brown,Jaylen,F,,44:36,10.0,26.0,0.385,3.0,10.0,0.3,7.0,7.0,1.0,2.0,6.0,8.0,4.0,1.0,0.0,3.0,5.0,30.0,7.0
22200107,1610612738,BOS,Boston,1628369,Jayson Tatum,Jayson,F,,42:52,8.0,21.0,0.381,2.0,9.0,0.222,8.0,8.0,1.0,3.0,9.0,12.0,6.0,1.0,4.0,6.0,0.0,26.0,-16.0
22200107,1610612738,BOS,Boston,201143,Al Horford,Al,C,,39:59,5.0,11.0,0.455,1.0,4.0,0.25,1.0,1.0,1.0,1.0,11.0,12.0,1.0,1.0,1.0,1.0,2.0,12.0,11.0
22200107,1610612738,BOS,Boston,1628401,Derrick White,Derrick,G,,32:10,1.0,4.0,0.25,1.0,3.0,0.333,0.0,0.0,0.0,0.0,3.0,3.0,6.0,0.0,2.0,0.0,4.0,3.0,7.0
22200107,1610612738,BOS,Boston,203935,Marcus Smart,Marcus,G,,36:48,5.0,12.0,0.417,1.0,5.0,0.2,5.0,5.0,1.0,0.0,6.0,6.0,5.0,0.0,0.0,1.0,3.0,16.0,-3.0
22200107,1610612738,BOS,Boston,1629684,Grant Williams,Grant,,,31:37,3.0,7.0,0.429,2.0,6.0,0.333,3.0,4.0,0.75,2.0,5.0,7.0,0.0,2.0,1.0,0.0,5.0,11.0,4.0
22200107,1610612738,BOS,Boston,1627763,Malcolm Brogdon,Malcolm,,,24:26,6.0,11.0,0.545,1.0,3.0,0.333,2.0,2.0,1.0,0.0,4.0,4.0,3.0,0.0,0.0,3.0,1.0,15.0,2.0
22200107,1610612738,BOS,Boston,1630573,Sam Hauser,Sam,,,10:02,0.0,1.0,0.0,0.0,1.0,0.0,0.0,0.0,0.0,0.0,0.0,0.0,0.0,0.0,0.0,0.0,3.0,0.0,-9.0
22200107,1610612738,BOS,Boston,1628436,Luke Kornet,Luke,,,2:30,0.0,0.0,0.0,0.0,0.0,0.0,0.0,0.0,0.0,0.0,0.0,0.0,1.0,0.0,1.0,0.0,1.0,0.0,-8.0
22200107,1610612738,BOS,Boston,201933,Blake Griffin,Blake,,DNP - Coach's Decision,,,,,,,,,,,,,,,,,,,,
22200107,1610612738,BOS,Boston,1628382,Justin Jackson,Justin,,DNP - Coach's Decision,,,,,,,,,,,,,,,,,,,,
22200107,1610612738,BOS,Boston,1630202,Payton Pritchard,Payton,,DNP - Coach's Decision,,,,,,,,,,,,,,,,,,,,
22200107,1610612738,BOS,Boston,203943,Noah Vonleh,Noah,,DNP - Coach's Decision,,,,,,,,,,,,,,,,,,,,
22200107,1610612739,CLE,Cleveland,1627747,Caris LeVert,Caris,F,,46:09,4.0,12.0,0.333,3.0,7.0,0.429,4.0,6.0,0.667,2.0,6.0,8.0,4.0,0.0,0.0,1.0,4.0,15.0,1.0
22200107,1610612739,CLE,Cleveland,1630596,Evan Mobley,Evan,F,,32:00,7.0,8.0,0.875,0.0,1.0,0.0,1.0,2.0,0.5,2.0,5.0,7.0,2.0,0.0,0.0,3.0,3.0,15.0,15.0
22200107,1610612739,CLE,Cleveland,1628386,Jarrett Allen,Jarrett,C,,36:23,6.0,11.0,0.545,0.0,0.0,0.0,2.0,2.0,1.0,3.0,11.0,14.0,0.0,0.0,2.0,3.0,2.0,14.0,-17.0
22200107,1610612739,CLE,Cleveland,1628378,Donovan Mitchell,Donovan,G,,43:56,11.0,27.0,0.407,3.0,9.0,0.333,0.0,0.0,0.0,0.0,4.0,4.0,6.0,1.0,2.0,0.0,3.0,25.0,-3.0
22200107,1610612739,CLE,Cleveland,1629636,Darius Garland,Darius,G,,42:21,9.0,20.0,0.45,5.0,11.0,0.455,6.0,7.0,0.857,0.0,5.0,5.0,12.0,3.0,0.0,1.0,3.0,29.0,10.0
22200107,1610612739,CLE,Cleveland,1629731,Dean Wade,Dean,,,24:18,2.0,7.0,0.286,0.0,3.0,0.0,2.0,2.0,1.0,1.0,3.0,4.0,0.0,2.0,0.0,1.0,4.0,6.0,2.0
22200107,1610612739,CLE,Cleveland,201567,Kevin Love,Kevin,,,14:35,2.0,10.0,0.2,0.0,5.0,0.0,4.0,5.0,0.8,1.0,4.0,5.0,0.0,0.0,0.0,1.0,1.0,8.0,-4.0
22200107,1610612739,CLE,Cleveland,1626224,Cedi Osman,Cedi,,,12:37,0.0,3.0,0.0,0.0,3.0,0.0,0.0,0.0,0.0,0.0,4.0,4.0,0.0,0.0,0.0,0.0,1.0,0.0,2.0
22200107,1610612739,CLE,Cleveland,201577,Robin Lopez,Robin,,,4:48,1.0,2.0,0.5,0.0,0.0,0.0,0.0,0.0,0.0,0.0,0.0,0.0,0.0,0.0,0.0,0.0,0.0,2.0,5.0
22200107,1610612739,CLE,Cleveland,1630171,Isaac Okoro,Isaac,,,7:52,0.0,0.0,0.0,0.0,0.0,0.0,0.0,0.0,0.0,0.0,0.0,0.0,0.0,0.0,0.0,1.0,2.0,0.0,-6.0
22200107,1610612739,CLE,Cleveland,1629603,Mamadi Diakite,Mamadi,,DNP - Coach's Decision,,,,,,,,,,,,,,,,,,,,
22200107,1610612739,CLE,Cleveland,1630205,Lamar Stevens,Lamar,,DNP - Coach's Decision,,,,,,,,,,,,,,,,,,,,
22200107,1610612739,CLE,Cleveland,1629685,Dylan Windler,Dylan,,DNP - Coach's Decision,,,,,,,,,,,,,,,,,,,,
22200115,1610612762,UTA,Utah,1628374,Lauri Markkanen,Lauri,F,,33:32,6.0,10.0,0.6,0.0,4.0,0.0,2.0,3.0,0.667,0.0,7.0,7.0,0.0,0.0,0.0,2.0,3.0,14.0,3.0
22200115,1610612762,UTA,Utah,203482,Kelly Olynyk,Kelly,F,,22:44,3.0,5.0,0.6,0.0,1.0,0.0,0.0,0.0,0.0,2.0,3.0,5.0,4.0,1.0,0.0,1.0,5.0,6.0,3.0
22200115,1610612762,UTA,Utah,1629020,Jarred Vanderbilt,Jarred,C,,33:01,6.0,10.0,0.6,1.0,1.0,1.0,2.0,2.0,1.0,3.0,3.0,6.0,3.0,1.0,1.0,2.0,0.0,15.0,-4.0
22200115,1610612762,UTA,Utah,203903,Jordan Clarkson,Jordan,G,,33:21,9.0,20.0,0.45,4.0,9.0,0.444,0.0,0.0,0.0,2.0,3.0,5.0,8.0,1.0,0.0,4.0,3.0,22.0,-3.0
22200115,1610612762,UTA,Utah,201144,Mike Conley,Mike,G,,32:47,3.0,8.0,0.375,1.0,4.0,0.25,4.0,4.0,1.0,0.0,1.0,1.0,8.0,1.0,0.0,3.0,1.0,11.0,4.0
22200115,1610612762,UTA,Utah,1629012,Collin Sexton,Collin,,,30:52,7.0,16.0,0.438,1.0,4.0,0.25,4.0,5.0,0.8,1.0,2.0,3.0,3.0,2.0,0.0,3.0,2.0,19.0,-4.0
22200115,1610612762,UTA,Utah,1627736,Malik Beasley,Malik,,,22:40,3.0,11.0,0.273,3.0,5.0,0.6,0.0,0.0,0.0,4.0,4.0,8.0,1.0,0.0,0.0,0.0,0.0,9.0,1.0
22200115,1610612762,UTA,Utah,1629659,Talen Horton-Tucker,Talen,,,13:57,1.0,1.0,1.0,0.0,0.0,0.0,0.0,0.0,0.0,0.0,0.0,0.0,0.0,0.0,0.0,0.0,0.0,2.0,-10.0
22200115,1610612762,UTA,Utah,200752,Rudy Gay,Rudy,,,13:05,1.0,3.0,0.333,0.0,2.0,0.0,0.0,0.0,0.0,0.0,5.0,5.0,1.0,0.0,0.0,1.0,2.0,2.0,-3.0
22200115,1610612762,UTA,Utah,1631117,Walker Kessler,Walker,,,4:02,0.0,0.0,0.0,0.0,0.0,0.0,0.0,0.0,0.0,0.0,0.0,0.0,0.0,0.0,0.0,0.0,1.0,0.0,-2.0
22200115,1610612762,UTA,Utah,1630534,Ochai Agbaji,Ochai,,DNP - Coach's Decision,,,,,,,,,,,,,,,,,,,,
22200115,1610612762,UTA,Utah,1629638,Nickeil Alexander-Walker,Nickeil,,DNP - Coach's Decision,,,,,,,,,,,,,,,,,,,,
22200115,1610612762,UTA,Utah,1628962,Udoka Azubuike,Udoka,,DNP - Coach's Decision,,,,,,,,,,,,,,,,,,,,
22200115,1610612742,DAL,Dallas,203493,Reggie Bullock Jr.,Reggie,F,,28:59,1.0,4.0,0.25,1.0,4.0,0.25,0.0,1.0,0.0,1.0,1.0,2.0,1.0,0.0,0.0,1.0,2.0,3.0,-4.0
22200115,1610612742,DAL,Dallas,1627827,Dorian Finney-Smith,Dorian,F,,26:06,2.0,6.0,0.333,0.0,3.0,0.0,0.0,0.0,0.0,0.0,2.0,2.0,0.0,1.0,1.0,0.0,0.0,4.0,0.0
22200115,1610612742,DAL,Dallas,201580,JaVale McGee,JaVale,C,,7:59,2.0,2.0,1.0,0.0,0.0,0.0,0.0,0.0,0.0,0.0,2.0,2.0,0.0,1.0,0.0,0.0,1.0,4.0,-7.0
22200115,1610612742,DAL,Dallas,203915,Spencer Dinwiddie,Spencer,G,,35:10,8.0,20.0,0.4,4.0,11.0,0.364,0.0,0.0,0.0,1.0,3.0,4.0,5.0,4.0,0.0,1.0,1.0,20.0,9.0
22200115,1610612742,DAL,Dallas,1629029,Luka Dončić,Luka,G,,35:28,12.0,20.0,0.6,2.0,6.0,0.333,7.0,10.0,0.7,0.0,5.0,5.0,11.0,2.0,0.0,5.0,3.0,33.0,-3.0
22200115,1610612742,DAL,Dallas,1626174,Christian Wood,Christian,,,23:10,10.0,15.0,0.667,1.0,5.0,0.2,0.0,0.0,0.0,2.0,8.0,10.0,0.0,0.0,0.0,3.0,0.0,21.0,-7.0
22200115,1610612742,DAL,Dallas,203501,Tim Hardaway Jr.,Tim,,,20:46,1.0,9.0,0.111,1.0,6.0,0.167,0.0,0.0,0.0,0.0,1.0,1.0,2.0,0.0,0.0,1.0,2.0,3.0,-2.0
22200115,1610612742,DAL,Dallas,1628467,Maxi Kleber,Maxi,,,25:01,0.0,0.0,0.0,0.0,0.0,0.0,0.0,0.0,0.0,0.0,5.0,5.0,1.0,0.0,2.0,0.0,2.0,0.0,-4.0
22200115,1610612742,DAL,Dallas,1630182,Josh Green,Josh,,,18:45,2.0,3.0,0.667,2.0,3.0,0.667,0.0,2.0,0.0,1.0,0.0,1.0,0.0,0.0,0.0,0.0,2.0,6.0,8.0
22200115,1610612742,DAL,Dallas,203939,Dwight Powell,Dwight,,,18:36,4.0,5.0,0.8,0.0,0.0,0.0,1.0,2.0,0.5,2.0,3.0,5.0,0.0,1.0,1.0,0.0,1.0,9.0,25.0
22200115,1610612742,DAL,Dallas,1630267,Facundo Campazzo,Facundo,,DNP - Coach's Decision,,,,,,,,,,,,,,,,,,,,
22200115,1610612742,DAL,Dallas,1630702,Jaden Hardy,Jaden,,DNP - Coach's Decision,,,,,,,,,,,,,,,,,,,,
22200115,1610612742,DAL,Dallas,1629033,Theo Pinson,Theo,,DNP - Coach's Decision,,,,,,,,,,,,,,,,,,,,
22200114,1610612761,TOR,Toronto,1628384,OG Anunoby,OG,F,,24:21,7.0,12.0,0.583,1.0,3.0,0.333,3.0,3.0,1.0,1.0,4.0,5.0,3.0,5.0,1.0,2.0,2.0,18.0,28.0
22200114,1610612761,TOR,Toronto,1627783,Pascal Siakam,Pascal,F,,27:34,10.0,19.0,0.526,1.0,5.0,0.2,1.0,1.0,1.0,1.0,9.0,10.0,11.0,1.0,0.0,3.0,3.0,22.0,26.0
22200114,1610612761,TOR,Toronto,1631132,Christian Koloko,Christian,C,,23:11,1.0,4.0,0.25,0.0,0.0,0.0,0.0,0.0,0.0,1.0,5.0,6.0,0.0,0.0,1.0,1.0,2.0,2.0,30.0
22200114,1610612761,TOR,Toronto,1629018,Gary Trent Jr.,Gary,G,,26:12,9.0,17.0,0.529,2.0,6.0,0.333,4.0,4.0,1.0,2.0,1.0,3.0,2.0,2.0,0.0,0.0,2.0,24.0,35.0
22200114,1610612761,TOR,Toronto,1630567,Scottie Barnes,Scottie,G,,28:00,7.0,13.0,0.538,1.0,4.0,0.25,0.0,0.0,0.0,1.0,3.0,4.0,5.0,0.0,1.0,2.0,0.0,15.0,30.0
22200114,1610612761,TOR,Toronto,203920,Khem Birch,Khem,,,11:42,1.0,2.0,0.5,0.0,0.0,0.0,0.0,0.0,0.0,0.0,0.0,0.0,1.0,1.0,0.0,1.0,2.0,2.0,7.0
22200114,1610612761,TOR,Toronto,1628449,Chris Boucher,Chris,,,25:22,7.0,10.0,0.7,3.0,5.0,0.6,0.0,0.0,0.0,2.0,6.0,8.0,2.0,2.0,1.0,1.0,4.0,17.0,22.0
22200114,1610612761,TOR,Toronto,1630625,Dalano Banton,Dalano,,,12:59,5.0,7.0,0.714,3.0,3.0,1.0,0.0,0.0,0.0,0.0,0.0,0.0,0.0,0.0,1.0,0.0,0.0,13.0,8.0
22200114,1610612761,TOR,Toronto,1630173,Precious Achiuwa,Precious,,,21:00,4.0,9.0,0.444,0.0,3.0,0.0,4.0,4.0,1.0,0.0,6.0,6.0,1.0,1.0,1.0,1.0,1.0,12.0,6.0
22200114,1610612761,TOR,Toronto,203490,Otto Porter Jr.,Otto,,,10:31,1.0,2.0,0.5,1.0,2.0,0.5,2.0,2.0,1.0,0.0,3.0,3.0,0.0,2.0,0.0,0.0,0.0,5.0,9.0
22200114,1610612761,TOR,Toronto,1630201,Malachi Flynn,Malachi,,,9:52,3.0,5.0,0.6,2.0,2.0,1.0,0.0,0.0,0.0,0.0,2.0,2.0,2.0,0.0,0.0,0.0,1.0,8.0,6.0
22200114,1610612761,TOR,Toronto,201152,Thaddeus Young,Thaddeus,,,8:08,2.0,4.0,0.5,0.0,0.0,0.0,1.0,2.0,0.5,1.0,1.0,2.0,2.0,2.0,0.0,0.0,0.0,5.0,5.0
22200114,1610612761,TOR,Toronto,1627823,Juancho Hernangomez,Juancho,,,8:08,0.0,0.0,0.0,0.0,0.0,0.0,0.0,0.0,0.0,0.0,1.0,1.0,1.0,0.0,0.0,0.0,0.0,0.0,5.0
22200114,1610612761,TOR,Toronto,1630288,Jeff Dowtin Jr.,Jeff,,,3:00,0.0,2.0,0.0,0.0,0.0,0.0,0.0,0.0,0.0,0.0,0.0,0.0,1.0,0.0,0.0,0.0,0.0,0.0,-2.0
22200114,1610612759,SAS,San Antonio,1628966,Keita Bates-Diop,Keita,F,,24:55,6.0,12.0,0.5,2.0,4.0,0.5,3.0,4.0,0.75,1.0,3.0,4.0,1.0,0.0,0.0,2.0,0.0,17.0,-30.0
22200114,1610612759,SAS,San Antonio,1631110,Jeremy Sochan,Jeremy,F,,9:49,1.0,4.0,0.25,0.0,2.0,0.0,0.0,0.0,0.0,1.0,1.0,2.0,0.0,1.0,0.0,0.0,0.0,2.0,-13.0
22200114,1610612759,SAS,San Antonio,1627751,Jakob Poeltl,Jakob,C,,20:40,3.0,6.0,0.5,0.0,0.0,0.0,0.0,0.0,0.0,5.0,1.0,6.0,2.0,0.0,1.0,5.0,2.0,6.0,-26.0
22200114,1610612759,SAS,San Antonio,1629641,Romeo Langford,Romeo,G,,15:45,2.0,6.0,0.333,1.0,3.0,0.333,0.0,0.0,0.0,2.0,1.0,3.0,0.0,0.0,0.0,1.0,4.0,5.0,-24.0
22200114,1610612759,SAS,San Antonio,1630200,Tre Jones,Tre,G,,21:40,3.0,9.0,0.333,1.0,2.0,0.5,0.0,0.0,0.0,0.0,8.0,8.0,7.0,1.0,0.0,2.0,1.0,7.0,-23.0
22200114,1610612759,SAS,San Antonio,203926,Doug McDermott,Doug,,,22:21,4.0,9.0,0.444,1.0,4.0,0.25,0.0,0.0,0.0,0.0,4.0,4.0,3.0,0.0,0.0,3.0,1.0,9.0,-9.0
22200114,1610612759,SAS,San Antonio,1628380,Zach Collins,Zach,,,24:19,3.0,10.0,0.3,0.0,3.0,0.0,2.0,2.0,1.0,2.0,6.0,8.0,3.0,1.0,1.0,1.0,3.0,8.0,-17.0
22200114,1610612759,SAS,San Antonio,1626196,Josh Richardson,Josh,,,18:30,3.0,9.0,0.333,2.0,6.0,0.333,2.0,2.0,1.0,0.0,1.0,1.0,3.0,0.0,0.0,2.0,2.0,10.0,-15.0
22200114,1610612759,SAS,San Antonio,1631103,Malaki Branham,Malaki,,,22:42,4.0,11.0,0.364,2.0,6.0,0.333,3.0,4.0,0.75,1.0,1.0,2.0,3.0,0.0,0.0,1.0,1.0,13.0,-11.0
22200114,1610612759,SAS,San Antonio,1631160,Jordan Hall,Jordan,,,20:51,1.0,4.0,0.25,1.0,3.0,0.333,0.0,0.0,0.0,0.0,1.0,1.0,2.0,0.0,0.0,2.0,0.0,3.0,-16.0
22200114,1610612759,SAS,San Antonio,203476,Gorgui Dieng,Gorgui,,,16:36,3.0,6.0,0.5,3.0,6.0,0.5,0.0,0.0,0.0,0.0,2.0,2.0,2.0,0.0,2.0,4.0,3.0,9.0,-16.0
22200114,1610612759,SAS,San Antonio,1629646,Charles Bassey,Charles,,,12:00,3.0,5.0,0.6,1.0,2.0,0.5,2.0,2.0,1.0,1.0,3.0,4.0,0.0,0.0,2.0,0.0,1.0,9.0,-9.0
22200114,1610612759,SAS,San Antonio,1631230,Dominick Barlow,Dominick,,,9:52,1.0,3.0,0.333,0.0,2.0,0.0,0.0,0.0,0.0,0.0,1.0,1.0,3.0,0.0,0.0,0.0,2.0,2.0,-6.0
22200117,1610612740,NOP,New Orleans,1630530,Trey Murphy III,Trey,F,,39:43,4.0,9.0,0.444,0.0,5.0,0.0,4.0,4.0,1.0,2.0,3.0,5.0,3.0,1.0,0.0,0.0,2.0,12.0,0.0
22200117,1610612740,NOP,New Orleans,1629627,Zion Williamson,Zion,F,,36:35,11.0,21.0,0.524,0.0,1.0,0.0,5.0,8.0,0.625,2.0,3.0,5.0,7.0,0.0,0.0,3.0,5.0,27.0,-13.0
22200117,1610612740,NOP,New Orleans,202685,Jonas Valančiūnas,Jonas,C,,21:42,3.0,11.0,0.273,1.0,2.0,0.5,2.0,2.0,1.0,4.0,6.0,10.0,1.0,0.0,0.0,2.0,2.0,9.0,-10.0
22200117,1610612740,NOP,New Orleans,1630230,Naji Marshall,Naji,G,,38:32,3.0,8.0,0.375,1.0,3.0,0.333,2.0,2.0,1.0,0.0,5.0,5.0,3.0,3.0,1.0,2.0,1.0,9.0,-10.0
22200117,1610612740,NOP,New Orleans,203468,CJ McCollum,CJ,G,,40:49,10.0,27.0,0.37,1.0,6.0,0.167,1.0,1.0,1.0,1.0,8.0,9.0,8.0,1.0,2.0,1.0,2.0,22.0,-3.0
22200117,1610612740,NOP,New Orleans,1626204,Larry Nance Jr.,Larry,,,31:18,5.0,8.0,0.625,0.0,0.0,0.0,1.0,2.0,0.5,0.0,8.0,8.0,5.0,4.0,1.0,0.0,4.0,11.0,7.0
22200117,1610612740,NOP,New Orleans,1628984,Devonte' Graham,Devonte',,,18:20,2.0,3.0,0.667,0.0,1.0,0.0,0.0,0.0,0.0,0.0,1.0,1.0,2.0,0.0,0.0,3.0,1.0,4.0,2.0
22200117,1610612740,NOP,New Orleans,1630631,Jose Alvarado,Jose,,,17:32,6.0,8.0,0.75,3.0,4.0,0.75,0.0,0.0,0.0,0.0,2.0,2.0,4.0,1.0,0.0,1.0,2.0,15.0,10.0
22200117,1610612740,NOP,New Orleans,1630700,Dyson Daniels,Dyson,,,16:07,3.0,5.0,0.6,2.0,3.0,0.667,0.0,2.0,0.0,1.0,4.0,5.0,2.0,0.0,1.0,1.0,0.0,8.0,5.0
22200117,1610612740,NOP,New Orleans,1629637,Jaxson Hayes,Jaxson,,,4:22,0.0,2.0,0.0,0.0,0.0,0.0,0.0,0.0,0.0,1.0,0.0,1.0,0.0,0.0,0.0,0.0,1.0,0.0,-3.0
22200117,1610612740,NOP,New Orleans,1626195,Willy Hernangomez,Willy,,DNP - Coach's Decision,,,,,,,,,,,,,,,,,,,,
22200117,1610612740,NOP,New Orleans,1631220,Dereon Seabron,Dereon,,DNP - Coach's Decision,,,,,,,,,,,,,,,,,,,,
22200117,1610612740,NOP,New Orleans,202066,Garrett Temple,Garrett,,DNP - Coach's Decision,,,,,,,,,,,,,,,,,,,,
22200117,1610612747,LAL,Los Angeles,1628972,Troy Brown Jr.,Troy,F,,26:35,4.0,7.0,0.571,1.0,3.0,0.333,6.0,6.0,1.0,1.0,9.0,10.0,1.0,0.0,0.0,0.0,1.0,15.0,6.0
22200117,1610612747,LAL,Los Angeles,2544,LeBron James,LeBron,F,,39:43,9.0,23.0,0.391,0.0,7.0,0.0,2.0,4.0,0.5,0.0,10.0,10.0,8.0,0.0,2.0,2.0,3.0,20.0,5.0
22200117,1610612747,LAL,Los Angeles,203076,Anthony Davis,Anthony,C,,37:12,8.0,17.0,0.471,0.0,0.0,0.0,4.0,4.0,1.0,5.0,11.0,16.0,4.0,1.0,4.0,1.0,3.0,20.0,9.0
22200117,1610612747,LAL,Los Angeles,1629022,Lonnie Walker IV,Lonnie,G,,40:22,9.0,17.0,0.529,5.0,9.0,0.556,5.0,6.0,0.833,0.0,3.0,3.0,1.0,1.0,1.0,2.0,2.0,28.0,8.0
22200117,1610612747,LAL,Los Angeles,201976,Patrick Beverley,Patrick,G,,27:20,0.0,3.0,0.0,0.0,0.0,0.0,0.0,0.0,0.0,1.0,3.0,4.0,3.0,1.0,0.0,2.0,0.0,0.0,7.0
22200117,1610612747,LAL,Los Angeles,201566,Russell Westbrook,Russell,,,25:15,6.0,10.0,0.6,1.0,4.0,0.25,0.0,0.0,0.0,1.0,6.0,7.0,9.0,0.0,1.0,6.0,2.0,13.0,4.0
22200117,1610612747,LAL,Los Angeles,1630559,Austin Reaves,Austin,,,34:27,2.0,6.0,0.333,0.0,3.0,0.0,3.0,3.0,1.0,0.0,0.0,0.0,2.0,2.0,0.0,1.0,1.0,7.0,-11.0
22200117,1610612747,LAL,Los Angeles,1630346,Matt Ryan,Matt,,,18:18,4.0,11.0,0.364,3.0,9.0,0.333,0.0,0.0,0.0,1.0,1.0,2.0,1.0,0.0,0.0,1.0,1.0,11.0,-7.0
22200117,1610612747,LAL,Los Angeles,1629117,Wenyen Gabriel,Wenyen,,,15:48,3.0,4.0,0.75,0.0,1.0,0.0,0.0,0.0,0.0,2.0,2.0,4.0,1.0,1.0,0.0,2.0,4.0,6.0,-6.0
22200117,1610612747,LAL,Los Angeles,1631108,Max Christie,Max,,DNP - Coach's Decision,,,,,,,,,,,,,,,,,,,,
22200117,1610612747,LAL,Los Angeles,1627745,Damian Jones,Damian,,DNP - Coach's Decision,,,,,,,,,,,,,,,,,,,,
22200117,1610612747,LAL,Los Angeles,1629134,Kendrick Nunn,Kendrick,,DNP - Coach's Decision,,,,,,,,,,,,,,,,,,,,
22200117,1610612747,LAL,Los Angeles,1629308,Juan Toscano-Anderson,Juan,,DNP - Coach's Decision,,,,,,,,,,,,,,,,,,,,
22200110,1610612737,ATL,Atlanta,1628381,John Collins,John,F,,30:53,4.0,10.0,0.4,0.0,2.0,0.0,4.0,4.0,1.0,5.0,8.0,13.0,2.0,1.0,1.0,2.0,3.0,12.0,14.0
22200110,1610612737,ATL,Atlanta,1629631,De'Andre Hunter,De'Andre,F,,35:09,9.0,21.0,0.429,2.0,5.0,0.4,1.0,3.0,0.333,1.0,2.0,3.0,1.0,1.0,1.0,0.0,4.0,21.0,22.0
22200110,1610612737,ATL,Atlanta,203991,Clint Capela,Clint,C,,25:11,3.0,8.0,0.375,0.0,0.0,0.0,2.0,2.0,1.0,4.0,6.0,10.0,1.0,1.0,0.0,0.0,1.0,8.0,15.0
22200110,1610612737,ATL,Atlanta,1627749,Dejounte Murray,Dejounte,G,,38:06,14.0,27.0,0.519,5.0,12.0,0.417,3.0,3.0,1.0,0.0,4.0,4.0,9.0,5.0,1.0,3.0,1.0,36.0,26.0
22200110,1610612737,ATL,Atlanta,1629027,Trae Young,Trae,G,,27:52,7.0,22.0,0.318,2.0,7.0,0.286,1.0,2.0,0.5,1.0,5.0,6.0,7.0,1.0,0.0,1.0,1.0,17.0,17.0
22200110,1610612737,ATL,Atlanta,1630168,Onyeka Okongwu,Onyeka,,,19:21,2.0,4.0,0.5,0.0,0.0,0.0,0.0,0.0,0.0,3.0,4.0,7.0,1.0,1.0,0.0,0.0,2.0,4.0,-2.0
22200110,1610612737,ATL,Atlanta,1628988,Aaron Holiday,Aaron,,,24:27,3.0,7.0,0.429,1.0,1.0,1.0,1.0,2.0,0.5,1.0,1.0,2.0,3.0,0.0,1.0,1.0,3.0,8.0,-14.0
22200110,1610612737,ATL,Atlanta,1630552,Jalen Johnson,Jalen,,,11:54,0.0,1.0,0.0,0.0,1.0,0.0,0.0,0.0,0.0,1.0,3.0,4.0,0.0,1.0,0.0,0.0,1.0,0.0,-5.0
22200110,1610612737,ATL,Atlanta,203200,Justin Holiday,Justin,,,14:30,1.0,4.0,0.25,1.0,3.0,0.333,0.0,0.0,0.0,0.0,1.0,1.0,2.0,0.0,0.0,0.0,1.0,3.0,-11.0
22200110,1610612737,ATL,Atlanta,1631100,AJ Griffin,AJ,,,9:16,1.0,2.0,0.5,1.0,2.0,0.5,0.0,0.0,0.0,0.0,0.0,0.0,2.0,0.0,0.0,0.0,0.0,3.0,9.0
22200110,1610612737,ATL,Atlanta,1631213,Tyrese Martin,Tyrese,,,1:07,0.0,1.0,0.0,0.0,1.0,0.0,0.0,0.0,0.0,1.0,0.0,1.0,0.0,0.0,0.0,0.0,1.0,0.0,-2.0
22200110,1610612737,ATL,Atlanta,1630249,Vít Krejčí,Vít,,,1:07,0.0,0.0,0.0,0.0,0.0,0.0,0.0,0.0,0.0,0.0,0.0,0.0,0.0,0.0,0.0,0.0,0.0,0.0,-2.0
22200110,1610612737,ATL,Atlanta,1626163,Frank Kaminsky,Frank,,,1:07,0.0,0.0,0.0,0.0,0.0,0.0,0.0,0.0,0.0,0.0,0.0,0.0,0.0,0.0,0.0,0.0,0.0,0.0,-2.0
22200110,1610612737,ATL,Atlanta,1629633,Jarrett Culver,Jarrett,,DNP - Coach's Decision,,,,,,,,,,,,,,,,,,,,
22200110,1610612752,NYK,New York,1629628,RJ Barrett,RJ,F,,33:01,8.0,18.0,0.444,2.0,6.0,0.333,1.0,1.0,1.0,1.0,4.0,5.0,5.0,1.0,0.0,2.0,2.0,19.0,-13.0
22200110,1610612752,NYK,New York,203944,Julius Randle,Julius,F,,29:33,4.0,12.0,0.333,0.0,4.0,0.0,6.0,9.0,0.667,2.0,4.0,6.0,2.0,0.0,1.0,4.0,2.0,14.0,-10.0
22200110,1610612752,NYK,New York,1629011,Mitchell Robinson,Mitchell,C,,18:26,4.0,5.0,0.8,0.0,0.0,0.0,0.0,0.0,0.0,3.0,9.0,12.0,2.0,1.0,3.0,1.0,4.0,8.0,-15.0
22200110,1610612752,NYK,New York,1628973,Jalen Brunson,Jalen,G,,31:00,8.0,15.0,0.533,1.0,4.0,0.25,3.0,4.0,0.75,0.0,1.0,1.0,5.0,0.0,1.0,3.0,2.0,20.0,-4.0
22200110,1610612752,NYK,New York,203095,Evan Fournier,Evan,G,,18:40,1.0,6.0,0.167,1.0,4.0,0.25,0.0,0.0,0.0,0.0,2.0,2.0,1.0,0.0,0.0,2.0,3.0,3.0,-20.0
22200110,1610612752,NYK,New York,201565,Derrick Rose,Derrick,,,17:00,1.0,4.0,0.25,1.0,2.0,0.5,0.0,0.0,0.0,0.0,1.0,1.0,1.0,0.0,0.0,1.0,1.0,3.0,-9.0
22200110,1610612752,NYK,New York,1628392,Isaiah Hartenstein,Isaiah,,,24:56,1.0,4.0,0.25,1.0,2.0,0.5,0.0,0.0,0.0,2.0,4.0,6.0,1.0,1.0,4.0,1.0,2.0,3.0,-4.0
22200110,1610612752,NYK,New York,1630193,Immanuel Quickley,Immanuel,,,29:20,3.0,7.0,0.429,1.0,3.0,0.333,4.0,4.0,1.0,2.0,14.0,16.0,4.0,0.0,0.0,2.0,2.0,11.0,7.0
22200110,1610612752,NYK,New York,1630167,Obi Toppin,Obi,,,18:27,5.0,13.0,0.385,2.0,6.0,0.333,0.0,0.0,0.0,2.0,1.0,3.0,0.0,0.0,0.0,0.0,0.0,12.0,-3.0
22200110,1610612752,NYK,New York,1629629,Cam Reddish,Cam,,,14:59,2.0,5.0,0.4,1.0,4.0,0.25,1.0,2.0,0.5,0.0,0.0,0.0,1.0,0.0,0.0,0.0,0.0,6.0,0.0
22200110,1610612752,NYK,New York,1629656,Quentin Grimes,Quentin,,,4:38,0.0,1.0,0.0,0.0,1.0,0.0,0.0,0.0,0.0,0.0,0.0,0.0,1.0,0.0,0.0,0.0,1.0,0.0,6.0
22200110,1610612752,NYK,New York,1627853,Ryan Arcidiacono,Ryan,,DNP - Coach's Decision,,,,,,,,,,,,,,,,,,,,
22200110,1610612752,NYK,New York,1630540,Miles McBride,Miles,,DNP - Coach's Decision,,,,,,,,,,,,,,,,,,,,
22200110,1610612752,NYK,New York,1629004,Svi Mykhailiuk,Svi,,DNP - Coach's Decision,,,,,,,,,,,,,,,,,,,,
22200110,1610612752,NYK,New York,1630579,Jericho Sims,Jericho,,DNP - Coach's Decision,,,,,,,,,,,,,,,,,,,,
22200103,1610612741,CHI,Chicago,201942,DeMar DeRozan,DeMar,F,,32:45,8.0,21.0,0.381,1.0,2.0,0.5,3.0,3.0,1.0,0.0,4.0,4.0,1.0,3.0,0.0,1.0,2.0,20.0,-1.0
22200103,1610612741,CHI,Chicago,1630172,Patrick Williams,Patrick,F,,29:58,5.0,10.0,0.5,0.0,3.0,0.0,2.0,2.0,1.0,3.0,4.0,7.0,1.0,1.0,2.0,3.0,2.0,12.0,-8.0
22200103,1610612741,CHI,Chicago,202696,Nikola Vučević,Nikola,C,,31:56,3.0,8.0,0.375,0.0,1.0,0.0,1.0,2.0,0.5,3.0,12.0,15.0,2.0,1.0,0.0,1.0,2.0,7.0,5.0
22200103,1610612741,CHI,Chicago,203897,Zach LaVine,Zach,G,,37:13,10.0,21.0,0.476,5.0,11.0,0.455,4.0,4.0,1.0,1.0,2.0,3.0,5.0,0.0,0.0,1.0,2.0,29.0,7.0
22200103,1610612741,CHI,Chicago,1630245,Ayo Dosunmu,Ayo,G,,33:01,7.0,11.0,0.636,1.0,4.0,0.25,2.0,2.0,1.0,0.0,3.0,3.0,4.0,3.0,0.0,2.0,2.0,17.0,12.0
22200103,1610612741,CHI,Chicago,1629750,Javonte Green,Javonte,,,14:32,0.0,2.0,0.0,0.0,0.0,0.0,0.0,0.0,0.0,1.0,1.0,2.0,0.0,0.0,0.0,0.0,2.0,0.0,8.0
22200103,1610612741,CHI,Chicago,1627936,Alex Caruso,Alex,,,25:02,1.0,4.0,0.25,1.0,2.0,0.5,1.0,2.0,0.5,0.0,4.0,4.0,4.0,0.0,0.0,0.0,1.0,4.0,11.0
22200103,1610612741,CHI,Chicago,201609,Goran Dragic,Goran,,,19:30,4.0,8.0,0.5,4.0,6.0,0.667,3.0,4.0,0.75,0.0,2.0,2.0,2.0,0.0,1.0,1.0,0.0,15.0,7.0
22200103,1610612741,CHI,Chicago,1627884,Derrick Jones Jr.,Derrick,,,16:04,1.0,4.0,0.25,0.0,1.0,0.0,2.0,2.0,1.0,3.0,1.0,4.0,1.0,0.0,1.0,0.0,0.0,4.0,4.0
22200103,1610612741,CHI,Chicago,1628396,Tony Bradley,Tony,,DNP - Coach's Decision,,,,,,,,,,,,,,,,,,,,
22200103,1610612741,CHI,Chicago,203083,Andre Drummond,Andre,,NWT - Injury/Illness,,,,,,,,,,,,,,,,,,,,
22200103,1610612741,CHI,Chicago,1630792,Malcolm Hill,Malcolm,,DNP - Coach's Decision,,,,,,,,,,,,,,,,,,,,
22200103,1610612741,CHI,Chicago,1630250,Marko Simonovic,Marko,,DNP - Coach's Decision,,,,,,,,,,,,,,,,,,,,
22200103,1610612741,CHI,Chicago,1631207,Dalen Terry,Dalen,,DNP - Coach's Decision,,,,,,,,,,,,,,,,,,,,
22200103,1610612751,BKN,Brooklyn,201142,Kevin Durant,Kevin,F,,37:59,9.0,16.0,0.563,2.0,4.0,0.5,12.0,12.0,1.0,0.0,9.0,9.0,6.0,1.0,2.0,7.0,3.0,32.0,-7.0
22200103,1610612751,BKN,Brooklyn,1626220,Royce O'Neale,Royce,F,,33:42,8.0,12.0,0.667,4.0,6.0,0.667,0.0,0.0,0.0,2.0,3.0,5.0,3.0,1.0,0.0,1.0,3.0,20.0,-11.0
22200103,1610612751,BKN,Brooklyn,1629651,Nic Claxton,Nic,C,,34:35,4.0,4.0,1.0,0.0,0.0,0.0,2.0,4.0,0.5,0.0,10.0,10.0,2.0,0.0,1.0,3.0,2.0,10.0,-4.0
22200103,1610612751,BKN,Brooklyn,203925,Joe Harris,Joe,G,,21:13,3.0,8.0,0.375,2.0,7.0,0.286,0.0,2.0,0.0,0.0,2.0,2.0,2.0,0.0,0.0,1.0,1.0,8.0,-4.0
22200103,1610612751,BKN,Brooklyn,202681,Kyrie Irving,Kyrie,G,,32:46,2.0,12.0,0.167,0.0,6.0,0.0,0.0,0.0,0.0,0.0,6.0,6.0,7.0,0.0,1.0,3.0,4.0,4.0,-14.0
22200103,1610612751,BKN,Brooklyn,1629139,Yuta Watanabe,Yuta,,,27:48,4.0,6.0,0.667,2.0,3.0,0.667,0.0,0.0,0.0,2.0,2.0,4.0,0.0,0.0,2.0,0.0,0.0,10.0,-12.0
22200103,1610612751,BKN,Brooklyn,1628410,Edmond Sumner,Edmond,,,21:58,2.0,6.0,0.333,0.0,1.0,0.0,0.0,0.0,0.0,0.0,1.0,1.0,5.0,0.0,1.0,1.0,2.0,4.0,1.0
22200103,1610612751,BKN,Brooklyn,1630561,David Duke Jr.,David,,,18:42,1.0,4.0,0.25,0.0,1.0,0.0,0.0,0.0,0.0,0.0,0.0,0.0,2.0,2.0,0.0,2.0,2.0,2.0,6.0
22200103,1610612751,BKN,Brooklyn,201988,Patty Mills,Patty,,,9:39,3.0,6.0,0.5,2.0,4.0,0.5,1.0,1.0,1.0,0.0,1.0,1.0,0.0,0.0,0.0,0.0,3.0,9.0,-4.0
22200103,1610612751,BKN,Brooklyn,1630560,Cam Thomas,Cam,,,0:49,0.0,0.0,0.0,0.0,0.0,0.0,0.0,0.0,0.0,0.0,0.0,0.0,0.0,0.0,0.0,0.0,0.0,0.0,2.0
22200103,1610612751,BKN,Brooklyn,1630556,Kessler Edwards,Kessler,,,0:49,0.0,0.0,0.0,0.0,0.0,0.0,0.0,0.0,0.0,0.0,0.0,0.0,0.0,0.0,0.0,0.0,0.0,0.0,2.0
22200103,1610612751,BKN,Brooklyn,202693,Markieff Morris,Markieff,,DNP - Coach's Decision,,,,,,,,,,,,,,,,,,,,
22200103,1610612751,BKN,Brooklyn,1630549,Day'Ron Sharpe,Day'Ron,,DNP - Coach's Decision,,,,,,,,,,,,,,,,,,,,
22200105,1610612753,ORL,Orlando,1631094,Paolo Banchero,Paolo,F,,37:26,6.0,13.0,0.462,0.0,1.0,0.0,3.0,3.0,1.0,0.0,8.0,8.0,2.0,1.0,0.0,4.0,0.0,15.0,1.0
22200105,1610612753,ORL,Orlando,1629626,Bol Bol,Bol,F,,30:53,4.0,6.0,0.667,1.0,1.0,1.0,4.0,4.0,1.0,3.0,9.0,12.0,1.0,0.0,4.0,6.0,2.0,13.0,-3.0
22200105,1610612753,ORL,Orlando,1628976,Wendell Carter Jr.,Wendell,C,,35:26,10.0,15.0,0.667,2.0,2.0,1.0,8.0,8.0,1.0,5.0,7.0,12.0,2.0,2.0,1.0,2.0,3.0,30.0,4.0
22200105,1610612753,ORL,Orlando,1630532,Franz Wagner,Franz,G,,36:43,8.0,18.0,0.444,1.0,5.0,0.2,3.0,3.0,1.0,0.0,1.0,1.0,7.0,1.0,2.0,2.0,2.0,20.0,12.0
22200105,1610612753,ORL,Orlando,203082,Terrence Ross,Terrence,G,,3:43,0.0,0.0,0.0,0.0,0.0,0.0,0.0,0.0,0.0,0.0,0.0,0.0,1.0,0.0,0.0,0.0,0.0,0.0,1.0
22200105,1610612753,ORL,Orlando,1631216,Caleb Houstan,Caleb,,,14:52,1.0,5.0,0.2,1.0,3.0,0.333,0.0,0.0,0.0,0.0,1.0,1.0,1.0,0.0,0.0,0.0,0.0,3.0,5.0
22200105,1610612753,ORL,Orlando,1630591,Jalen Suggs,Jalen,,,28:26,3.0,14.0,0.214,1.0,9.0,0.111,2.0,2.0,1.0,0.0,2.0,2.0,4.0,2.0,1.0,4.0,1.0,9.0,-17.0
22200105,1610612753,ORL,Orlando,1628964,Mo Bamba,Mo,,,12:55,1.0,4.0,0.25,0.0,1.0,0.0,0.0,0.0,0.0,2.0,3.0,5.0,0.0,0.0,1.0,2.0,1.0,2.0,-10.0
22200105,1610612753,ORL,Orlando,1629643,Chuma Okeke,Chuma,,,12:34,2.0,3.0,0.667,2.0,3.0,0.667,0.0,0.0,0.0,2.0,3.0,5.0,1.0,1.0,0.0,3.0,1.0,6.0,-12.0
22200105,1610612753,ORL,Orlando,1630181,R.J. Hampton,R.J.,,,20:48,4.0,7.0,0.571,2.0,4.0,0.5,0.0,0.0,0.0,0.0,2.0,2.0,1.0,0.0,1.0,1.0,3.0,10.0,-8.0
22200105,1610612753,ORL,Orlando,1630284,Kevon Harris,Kevon,,,6:14,0.0,2.0,0.0,0.0,0.0,0.0,0.0,0.0,0.0,0.0,1.0,1.0,0.0,0.0,0.0,0.0,1.0,0.0,-13.0
22200105,1610612753,ORL,Orlando,1629678,Admiral Schofield,Admiral,,DNP - Coach's Decision,,,,,,,,,,,,,,,,,,,,
22200105,1610612760,OKC,Oklahoma City,1629652,Luguentz Dort,Luguentz,F,,31:37,5.0,16.0,0.313,3.0,8.0,0.375,1.0,2.0,0.5,0.0,0.0,0.0,2.0,1.0,1.0,0.0,4.0,14.0,-3.0
22200105,1610612760,OKC,Oklahoma City,1631114,Jalen Williams,Jalen,F,,21:46,3.0,7.0,0.429,0.0,1.0,0.0,0.0,0.0,0.0,0.0,1.0,1.0,0.0,2.0,0.0,2.0,1.0,6.0,-9.0
22200105,1610612760,OKC,Oklahoma City,1630526,Jeremiah Robinson-Earl,Jeremiah,C,,21:50,5.0,8.0,0.625,0.0,2.0,0.0,1.0,1.0,1.0,0.0,5.0,5.0,2.0,3.0,1.0,0.0,3.0,11.0,22.0
22200105,1610612760,OKC,Oklahoma City,1630581,Josh Giddey,Josh,G,,25:03,3.0,12.0,0.25,0.0,3.0,0.0,1.0,1.0,1.0,0.0,1.0,1.0,10.0,1.0,1.0,2.0,2.0,7.0,-1.0
22200105,1610612760,OKC,Oklahoma City,1628983,Shai Gilgeous-Alexander,Shai,G,,32:54,12.0,18.0,0.667,0.0,3.0,0.0,10.0,11.0,0.909,0.0,4.0,4.0,6.0,3.0,2.0,5.0,2.0,34.0,-2.0
22200105,1610612760,OKC,Oklahoma City,1629647,Darius Bazley,Darius,,,17:43,2.0,5.0,0.4,0.0,0.0,0.0,0.0,1.0,0.0,3.0,1.0,4.0,2.0,1.0,1.0,1.0,1.0,4.0,-1.0
22200105,1610612760,OKC,Oklahoma City,1630544,Tre Mann,Tre,,,26:13,4.0,8.0,0.5,2.0,5.0,0.4,3.0,4.0,0.75,1.0,4.0,5.0,3.0,0.0,0.0,0.0,2.0,13.0,21.0
22200105,1610612760,OKC,Oklahoma City,1631172,Ousmane Dieng,Ousmane,,,17:15,3.0,4.0,0.75,2.0,3.0,0.667,0.0,0.0,0.0,0.0,4.0,4.0,2.0,0.0,0.0,1.0,1.0,8.0,12.0
22200105,1610612760,OKC,Oklahoma City,1630197,Aleksej Pokusevski,Aleksej,,,31:16,7.0,13.0,0.538,2.0,5.0,0.4,0.0,0.0,0.0,4.0,5.0,9.0,1.0,2.0,3.0,2.0,0.0,16.0,22.0
22200105,1610612760,OKC,Oklahoma City,1630598,Aaron Wiggins,Aaron,,,12:40,1.0,3.0,0.333,1.0,3.0,0.333,0.0,0.0,0.0,0.0,3.0,3.0,0.0,0.0,0.0,2.0,1.0,3.0,-14.0
22200105,1610612760,OKC,Oklahoma City,1630198,Isaiah Joe,Isaiah,,,1:44,0.0,1.0,0.0,0.0,1.0,0.0,0.0,0.0,0.0,0.0,0.0,0.0,0.0,0.0,0.0,0.0,0.0,0.0,-7.0
22200105,1610612760,OKC,Oklahoma City,203488,Mike Muscala,Mike,,DNP - Coach's Decision,,,,,,,,,,,,,,,,,,,,
22200105,1610612760,OKC,Oklahoma City,1631119,Jaylin Williams,Jaylin,,DNP - Coach's Decision,,,,,,,,,,,,,,,,,,,,
22200105,1610612760,OKC,Oklahoma City,1629026,Kenrich Williams,Kenrich,,DNP - Coach's Decision,,,,,,,,,,,,,,,,,,,,
22200106,1610612750,MIN,Minnesota,1630183,Jaden McDaniels,Jaden,F,,17:02,2.0,5.0,0.4,0.0,1.0,0.0,0.0,0.0,0.0,1.0,2.0,3.0,0.0,1.0,0.0,3.0,5.0,4.0,-18.0
22200106,1610612750,MIN,Minnesota,1626157,Karl-Anthony Towns,Karl-Anthony,F,,36:53,9.0,18.0,0.5,3.0,7.0,0.429,3.0,3.0,1.0,5.0,5.0,10.0,7.0,0.0,1.0,4.0,4.0,24.0,-12.0
22200106,1610612750,MIN,Minnesota,203497,Rudy Gobert,Rudy,C,,32:07,0.0,1.0,0.0,0.0,0.0,0.0,7.0,7.0,1.0,4.0,5.0,9.0,3.0,0.0,1.0,1.0,2.0,7.0,-13.0
22200106,1610612750,MIN,Minnesota,1630162,Anthony Edwards,Anthony,G,,39:54,8.0,21.0,0.381,5.0,10.0,0.5,3.0,5.0,0.6,0.0,6.0,6.0,1.0,3.0,1.0,3.0,5.0,24.0,-12.0
22200106,1610612750,MIN,Minnesota,1626156,D'Angelo Russell,D'Angelo,G,,22:38,2.0,8.0,0.25,1.0,3.0,0.333,0.0,0.0,0.0,0.0,4.0,4.0,4.0,0.0,0.0,4.0,3.0,5.0,-20.0
22200106,1610612750,MIN,Minnesota,203937,Kyle Anderson,Kyle,,,14:03,1.0,1.0,1.0,0.0,0.0,0.0,1.0,2.0,0.5,0.0,1.0,1.0,0.0,0.0,0.0,0.0,0.0,3.0,-5.0
22200106,1610612750,MIN,Minnesota,1629162,Jordan McLaughlin,Jordan,,,21:42,4.0,8.0,0.5,1.0,4.0,0.25,0.0,0.0,0.0,0.0,2.0,2.0,3.0,0.0,0.0,0.0,0.0,9.0,6.0
22200106,1610612750,MIN,Minnesota,1629669,Jaylen Nowell,Jaylen,,,22:26,4.0,13.0,0.308,0.0,1.0,0.0,2.0,3.0,0.667,0.0,2.0,2.0,4.0,0.0,0.0,1.0,1.0,10.0,14.0
22200106,1610612750,MIN,Minnesota,1627752,Taurean Prince,Taurean,,,17:29,2.0,6.0,0.333,2.0,6.0,0.333,2.0,2.0,1.0,0.0,2.0,2.0,2.0,0.0,1.0,0.0,4.0,8.0,6.0
22200106,1610612750,MIN,Minnesota,1629675,Naz Reid,Naz,,,15:46,5.0,6.0,0.833,1.0,2.0,0.5,2.0,2.0,1.0,0.0,3.0,3.0,0.0,1.0,0.0,0.0,0.0,13.0,9.0
22200106,1610612750,MIN,Minnesota,1627854,Bryn Forbes,Bryn,,DNP - Coach's Decision,,,,,,,,,,,,,,,,,,,,
22200106,1610612750,MIN,Minnesota,1630233,Nathan Knight,Nathan,,DNP - Coach's Decision,,,,,,,,,,,,,,,,,,,,
22200106,1610612750,MIN,Minnesota,203085,Austin Rivers,Austin,,DNP - Coach's Decision,,,,,,,,,,,,,,,,,,,,
22200106,1610612756,PHX,Phoenix,1628969,Mikal Bridges,Mikal,F,,38:12,7.0,10.0,0.7,1.0,2.0,0.5,4.0,4.0,1.0,2.0,1.0,3.0,4.0,1.0,1.0,1.0,1.0,19.0,20.0
22200106,1610612756,PHX,Phoenix,1629661,Cameron Johnson,Cameron,F,,33:15,10.0,17.0,0.588,7.0,11.0,0.636,2.0,3.0,0.667,0.0,2.0,2.0,3.0,3.0,1.0,0.0,1.0,29.0,17.0
22200106,1610612756,PHX,Phoenix,202687,Bismack Biyombo,Bismack,C,,29:50,4.0,5.0,0.8,0.0,0.0,0.0,0.0,0.0,0.0,1.0,3.0,4.0,1.0,0.0,4.0,1.0,2.0,8.0,11.0
22200106,1610612756,PHX,Phoenix,1626164,Devin Booker,Devin,G,,30:26,6.0,18.0,0.333,2.0,7.0,0.286,4.0,5.0,0.8,1.0,6.0,7.0,5.0,0.0,1.0,2.0,5.0,18.0,11.0
22200106,1610612756,PHX,Phoenix,101108,Chris Paul,Chris,G,,33:52,5.0,12.0,0.417,1.0,5.0,0.2,4.0,6.0,0.667,1.0,7.0,8.0,12.0,3.0,0.0,1.0,2.0,15.0,18.0
22200106,1610612756,PHX,Phoenix,1629111,Jock Landale,Jock,,,16:27,2.0,6.0,0.333,0.0,4.0,0.0,0.0,0.0,0.0,0.0,1.0,1.0,1.0,0.0,1.0,0.0,4.0,4.0,-4.0
22200106,1610612756,PHX,Phoenix,1628470,Torrey Craig,Torrey,,,11:41,1.0,2.0,0.5,1.0,2.0,0.5,1.0,2.0,0.5,1.0,3.0,4.0,1.0,0.0,0.0,0.0,3.0,4.0,-12.0
22200106,1610612756,PHX,Phoenix,1626166,Cameron Payne,Cameron,,,14:08,3.0,8.0,0.375,2.0,5.0,0.4,0.0,0.0,0.0,0.0,2.0,2.0,2.0,1.0,0.0,2.0,1.0,8.0,-9.0
22200106,1610612756,PHX,Phoenix,1629013,Landry Shamet,Landry,,,16:51,2.0,8.0,0.25,2.0,5.0,0.4,2.0,2.0,1.0,0.0,0.0,0.0,0.0,0.0,0.0,1.0,0.0,8.0,-6.0
22200106,1610612756,PHX,Phoenix,1627814,Damion Lee,Damion,,,10:17,0.0,2.0,0.0,0.0,1.0,0.0,0.0,0.0,0.0,0.0,0.0,0.0,1.0,0.0,0.0,1.0,0.0,0.0,-1.0
22200106,1610612756,PHX,Phoenix,203967,Dario Šarić,Dario,,,5:01,1.0,1.0,1.0,1.0,1.0,1.0,0.0,0.0,0.0,1.0,2.0,3.0,1.0,1.0,0.0,0.0,1.0,3.0,0.0
22200106,1610612756,PHX,Phoenix,1629006,Josh Okogie,Josh,,DNP - Coach's Decision,,,,,,,,,,,,,,,,,,,,
22200106,1610612756,PHX,Phoenix,1630613,Duane Washington Jr.,Duane,,DNP - Coach's Decision,,,,,,,,,,,,,,,,,,,,
22200104,1610612744,GSW,Golden State,203952,Andrew Wiggins,Andrew,F,,34:39,8.0,12.0,0.667,4.0,7.0,0.571,1.0,2.0,0.5,1.0,3.0,4.0,5.0,0.0,2.0,1.0,3.0,21.0,8.0
22200104,1610612744,GSW,Golden State,203110,Draymond Green,Draymond,F,,32:11,2.0,3.0,0.667,1.0,2.0,0.5,0.0,0.0,0.0,0.0,6.0,6.0,3.0,3.0,0.0,1.0,4.0,5.0,7.0
22200104,1610612744,GSW,Golden State,1626172,Kevon Looney,Kevon,C,,23:50,2.0,2.0,1.0,0.0,0.0,0.0,0.0,0.0,0.0,0.0,3.0,3.0,2.0,1.0,0.0,0.0,3.0,4.0,11.0
22200104,1610612744,GSW,Golden State,202691,Klay Thompson,Klay,G,,30:37,7.0,19.0,0.368,4.0,12.0,0.333,1.0,1.0,1.0,0.0,3.0,3.0,2.0,1.0,1.0,4.0,1.0,19.0,6.0
22200104,1610612744,GSW,Golden State,201939,Stephen Curry,Stephen,G,,34:29,7.0,14.0,0.5,4.0,10.0,0.4,5.0,5.0,1.0,4.0,9.0,13.0,13.0,1.0,0.0,5.0,3.0,23.0,3.0
22200104,1610612744,GSW,Golden State,1629673,Jordan Poole,Jordan,,,28:54,3.0,10.0,0.3,1.0,7.0,0.143,2.0,4.0,0.5,0.0,2.0,2.0,2.0,0.0,0.0,5.0,2.0,9.0,-23.0
22200104,1610612744,GSW,Golden State,1630164,James Wiseman,James,,,9:27,2.0,4.0,0.5,0.0,0.0,0.0,1.0,2.0,0.5,0.0,0.0,0.0,0.0,0.0,1.0,1.0,3.0,5.0,-9.0
22200104,1610612744,GSW,Golden State,203210,JaMychal Green,JaMychal,,,17:41,4.0,11.0,0.364,0.0,2.0,0.0,1.0,1.0,1.0,5.0,4.0,9.0,1.0,1.0,1.0,1.0,1.0,9.0,-22.0
22200104,1610612744,GSW,Golden State,1630541,Moses Moody,Moses,,,14:45,2.0,5.0,0.4,2.0,5.0,0.4,0.0,0.0,0.0,0.0,0.0,0.0,2.0,1.0,0.0,2.0,0.0,6.0,-8.0
22200104,1610612744,GSW,Golden State,1629660,Ty Jerome,Ty,,,13:27,2.0,4.0,0.5,2.0,4.0,0.5,2.0,2.0,1.0,0.0,1.0,1.0,1.0,0.0,0.0,0.0,2.0,8.0,-8.0
22200104,1610612744,GSW,Golden State,1631116,Patrick Baldwin Jr.,Patrick,,DNP - Coach's Decision,,,,,,,,,,,,,,,,,,,,
22200104,1610612744,GSW,Golden State,1630228,Jonathan Kuminga,Jonathan,,DNP - Coach's Decision,,,,,,,,,,,,,,,,,,,,
22200104,1610612744,GSW,Golden State,1631157,Ryan Rollins,Ryan,,DNP - Coach's Decision,,,,,,,,,,,,,,,,,,,,
22200104,1610612748,MIA,Miami,1628997,Caleb Martin,Caleb,F,,19:23,2.0,4.0,0.5,1.0,2.0,0.5,0.0,0.0,0.0,1.0,3.0,4.0,0.0,0.0,0.0,1.0,1.0,5.0,-18.0
22200104,1610612748,MIA,Miami,202710,Jimmy Butler III,Jimmy,F,,36:50,6.0,17.0,0.353,2.0,7.0,0.286,9.0,9.0,1.0,3.0,3.0,6.0,8.0,0.0,1.0,3.0,1.0,23.0,2.0
22200104,1610612748,MIA,Miami,1628389,Bam Adebayo,Bam,C,,37:11,8.0,15.0,0.533,0.0,0.0,0.0,3.0,3.0,1.0,1.0,6.0,7.0,6.0,3.0,1.0,2.0,4.0,19.0,0.0
22200104,1610612748,MIA,Miami,1629639,Tyler Herro,Tyler,G,,9:57,1.0,4.0,0.25,0.0,0.0,0.0,0.0,0.0,0.0,0.0,1.0,1.0,1.0,1.0,1.0,0.0,0.0,2.0,-6.0
22200104,1610612748,MIA,Miami,200768,Kyle Lowry,Kyle,G,,36:34,5.0,10.0,0.5,3.0,8.0,0.375,0.0,0.0,0.0,1.0,4.0,5.0,9.0,0.0,0.0,2.0,1.0,13.0,-3.0
22200104,1610612748,MIA,Miami,1629622,Max Strus,Max,,,32:37,8.0,17.0,0.471,4.0,10.0,0.4,4.0,4.0,1.0,0.0,1.0,1.0,2.0,1.0,0.0,2.0,2.0,24.0,5.0
22200104,1610612748,MIA,Miami,203473,Dewayne Dedmon,Dewayne,,,10:49,2.0,4.0,0.5,1.0,3.0,0.333,4.0,4.0,1.0,0.0,5.0,5.0,0.0,0.0,0.0,1.0,0.0,9.0,7.0
22200104,1610612748,MIA,Miami,1629216,Gabe Vincent,Gabe,,,30:59,2.0,7.0,0.286,0.0,4.0,0.0,0.0,0.0,0.0,3.0,5.0,8.0,3.0,2.0,0.0,2.0,4.0,4.0,29.0
22200104,1610612748,MIA,Miami,1629130,Duncan Robinson,Duncan,,,25:41,6.0,10.0,0.6,5.0,8.0,0.625,0.0,0.0,0.0,0.0,2.0,2.0,3.0,0.0,0.0,2.0,3.0,17.0,19.0
22200104,1610612748,MIA,Miami,2617,Udonis Haslem,Udonis,,DNP - Coach's Decision,,,,,,,,,,,,,,,,,,,,
22200104,1610612748,MIA,Miami,1629312,Haywood Highsmith,Haywood,,DNP - Coach's Decision,,,,,,,,,,,,,,,,,,,,
22200104,1610612748,MIA,Miami,1631107,Nikola Jović,Nikola,,DNP - Coach's Decision,,,,,,,,,,,,,,,,,,,,
22200104,1610612748,MIA,Miami,1630696,Dru Smith,Dru,,DNP - Coach's Decision,,,,,,,,,,,,,,,,,,,,
22200315,1610612764,WAS,Washington,1630166,Deni Avdija,Deni,F,,26:05,3.0,7.0,0.429,0.0,1.0,0.0,1.0,2.0,0.5,0.0,5.0,5.0,3.0,1.0,1.0,0.0,4.0,7.0,-6.0
22200315,1610612764,WAS,Washington,1628398,Kyle Kuzma,Kyle,F,,39:45,10.0,25.0,0.4,2.0,8.0,0.25,3.0,4.0,0.75,1.0,3.0,4.0,3.0,0.0,1.0,1.0,4.0,25.0,0.0
22200315,1610612764,WAS,Washington,204001,Kristaps Porziņģis,Kristaps,C,,37:31,8.0,14.0,0.571,2.0,3.0,0.667,9.0,14.0,0.643,4.0,15.0,19.0,0.0,1.0,2.0,2.0,2.0,27.0,-3.0
22200315,1610612764,WAS,Washington,203078,Bradley Beal,Bradley,G,,38:41,9.0,20.0,0.45,1.0,6.0,0.167,6.0,9.0,0.667,3.0,2.0,5.0,6.0,0.0,0.0,5.0,0.0,25.0,-2.0
22200315,1610612764,WAS,Washington,1628420,Monté Morris,Monté,G,,28:54,2.0,6.0,0.333,0.0,1.0,0.0,0.0,0.0,0.0,0.0,4.0,4.0,3.0,1.0,0.0,2.0,3.0,4.0,-5.0
22200315,1610612764,WAS,Washington,1630264,Anthony Gill,Anthony,,,3:19,0.0,1.0,0.0,0.0,1.0,0.0,0.0,0.0,0.0,0.0,0.0,0.0,0.0,0.0,0.0,0.0,1.0,0.0,-4.0
22200315,1610612764,WAS,Washington,1630692,Jordan Goodwin,Jordan,,,19:06,1.0,5.0,0.2,0.0,1.0,0.0,3.0,3.0,1.0,2.0,3.0,5.0,3.0,0.0,0.0,1.0,1.0,5.0,-1.0
22200315,1610612764,WAS,Washington,203115,Will Barton,Will,,,14:14,1.0,4.0,0.25,0.0,0.0,0.0,0.0,0.0,0.0,0.0,0.0,0.0,1.0,1.0,0.0,1.0,2.0,2.0,-2.0
22200315,1610612764,WAS,Washington,1629655,Daniel Gafford,Daniel,,,10:29,2.0,2.0,1.0,0.0,0.0,0.0,0.0,0.0,0.0,4.0,3.0,7.0,0.0,2.0,0.0,1.0,1.0,4.0,-3.0
22200315,1610612764,WAS,Washington,1630557,Corey Kispert,Corey,,,21:56,3.0,5.0,0.6,1.0,3.0,0.333,1.0,2.0,0.5,0.0,2.0,2.0,0.0,0.0,1.0,1.0,3.0,8.0,-4.0
22200315,1610612764,WAS,Washington,201959,Taj Gibson,Taj,,DNP - Coach's Decision,,,,,,,,,,,,,,,,,,,,
22200315,1610612751,BKN,Brooklyn,201142,Kevin Durant,Kevin,F,,36:52,13.0,20.0,0.65,2.0,3.0,0.667,11.0,11.0,1.0,0.0,5.0,5.0,5.0,0.0,1.0,1.0,4.0,39.0,-1.0
22200315,1610612751,BKN,Brooklyn,1626220,Royce O'Neale,Royce,F,,39:16,2.0,9.0,0.222,1.0,5.0,0.2,3.0,3.0,1.0,2.0,6.0,8.0,7.0,1.0,1.0,1.0,3.0,8.0,8.0
22200315,1610612751,BKN,Brooklyn,1629651,Nic Claxton,Nic,C,,27:60,3.0,6.0,0.5,0.0,0.0,0.0,1.0,2.0,0.5,1.0,7.0,8.0,1.0,0.0,2.0,0.0,4.0,7.0,5.0
22200315,1610612751,BKN,Brooklyn,203925,Joe Harris,Joe,G,,37:05,5.0,10.0,0.5,4.0,6.0,0.667,0.0,0.0,0.0,0.0,5.0,5.0,1.0,3.0,0.0,1.0,3.0,14.0,12.0
22200315,1610612751,BKN,Brooklyn,202681,Kyrie Irving,Kyrie,G,,38:10,9.0,21.0,0.429,2.0,6.0,0.333,7.0,8.0,0.875,0.0,1.0,1.0,5.0,1.0,2.0,2.0,3.0,27.0,5.0
22200315,1610612751,BKN,Brooklyn,1628410,Edmond Sumner,Edmond,,,14:44,3.0,6.0,0.5,2.0,4.0,0.5,0.0,0.0,0.0,0.0,1.0,1.0,0.0,2.0,0.0,0.0,1.0,8.0,-3.0
22200315,1610612751,BKN,Brooklyn,203552,Seth Curry,Seth,,,22:57,1.0,4.0,0.25,0.0,1.0,0.0,0.0,0.0,0.0,1.0,5.0,6.0,1.0,1.0,0.0,3.0,5.0,2.0,4.0
22200315,1610612751,BKN,Brooklyn,202693,Markieff Morris,Markieff,,,3:39,1.0,3.0,0.333,0.0,0.0,0.0,0.0,0.0,0.0,0.0,0.0,0.0,1.0,0.0,0.0,0.0,1.0,2.0,-5.0
22200315,1610612751,BKN,Brooklyn,1630560,Cam Thomas,Cam,,,19:17,2.0,5.0,0.4,0.0,1.0,0.0,2.0,2.0,1.0,0.0,1.0,1.0,1.0,0.0,1.0,1.0,1.0,6.0,5.0
22200315,1610612751,BKN,Brooklyn,1630561,David Duke Jr.,David,,DNP - Coach's Decision,,,,,,,,,,,,,,,,,,,,
22200315,1610612751,BKN,Brooklyn,1630556,Kessler Edwards,Kessler,,DNP - Coach's Decision,,,,,,,,,,,,,,,,,,,,
22200315,1610612751,BKN,Brooklyn,201988,Patty Mills,Patty,,DNP - Coach's Decision,,,,,,,,,,,,,,,,,,,,
22200321,1610612741,CHI,Chicago,201942,DeMar DeRozan,DeMar,F,,31:47,11.0,17.0,0.647,0.0,1.0,0.0,7.0,8.0,0.875,0.0,7.0,7.0,4.0,0.0,1.0,2.0,3.0,29.0,-8.0
22200321,1610612741,CHI,Chicago,1630172,Patrick Williams,Patrick,F,,28:05,0.0,8.0,0.0,0.0,3.0,0.0,2.0,2.0,1.0,1.0,2.0,3.0,1.0,0.0,1.0,0.0,0.0,2.0,-14.0
22200321,1610612741,CHI,Chicago,202696,Nikola Vučević,Nikola,C,,29:22,5.0,9.0,0.556,1.0,3.0,0.333,6.0,7.0,0.857,1.0,7.0,8.0,1.0,2.0,1.0,2.0,5.0,17.0,-10.0
22200321,1610612741,CHI,Chicago,203897,Zach LaVine,Zach,G,,34:15,7.0,15.0,0.467,1.0,6.0,0.167,6.0,7.0,0.857,1.0,3.0,4.0,7.0,0.0,0.0,1.0,0.0,21.0,-17.0
22200321,1610612741,CHI,Chicago,1630245,Ayo Dosunmu,Ayo,G,,26:47,5.0,8.0,0.625,0.0,1.0,0.0,1.0,1.0,1.0,1.0,1.0,2.0,1.0,0.0,0.0,2.0,0.0,11.0,-7.0
22200321,1610612741,CHI,Chicago,1629632,Coby White,Coby,,,18:30,2.0,5.0,0.4,0.0,2.0,0.0,0.0,0.0,0.0,0.0,1.0,1.0,2.0,0.0,0.0,1.0,2.0,4.0,-5.0
22200321,1610612741,CHI,Chicago,1627936,Alex Caruso,Alex,,,21:13,4.0,7.0,0.571,2.0,4.0,0.5,4.0,5.0,0.8,0.0,1.0,1.0,2.0,0.0,0.0,0.0,5.0,14.0,-12.0
22200321,1610612741,CHI,Chicago,1629750,Javonte Green,Javonte,,,6:44,1.0,1.0,1.0,0.0,0.0,0.0,0.0,0.0,0.0,0.0,0.0,0.0,0.0,0.0,0.0,0.0,0.0,2.0,-7.0
22200321,1610612741,CHI,Chicago,201609,Goran Dragic,Goran,,,13:37,2.0,5.0,0.4,0.0,3.0,0.0,1.0,3.0,0.333,0.0,0.0,0.0,1.0,0.0,0.0,2.0,0.0,5.0,-4.0
22200321,1610612741,CHI,Chicago,203083,Andre Drummond,Andre,,,15:22,2.0,2.0,1.0,0.0,0.0,0.0,0.0,0.0,0.0,1.0,6.0,7.0,2.0,1.0,2.0,1.0,3.0,4.0,-9.0
22200321,1610612741,CHI,Chicago,1627884,Derrick Jones Jr.,Derrick,,,7:30,1.0,2.0,0.5,0.0,1.0,0.0,0.0,0.0,0.0,0.0,1.0,1.0,0.0,1.0,1.0,0.0,1.0,2.0,0.0
22200321,1610612741,CHI,Chicago,1631207,Dalen Terry,Dalen,,,3:32,0.0,1.0,0.0,0.0,1.0,0.0,0.0,0.0,0.0,0.0,0.0,0.0,0.0,0.0,0.0,0.0,0.0,0.0,-2.0
22200321,1610612741,CHI,Chicago,1628396,Tony Bradley,Tony,,,3:16,1.0,2.0,0.5,0.0,0.0,0.0,0.0,0.0,0.0,0.0,1.0,1.0,0.0,1.0,0.0,0.0,0.0,2.0,0.0
22200321,1610612756,PHX,Phoenix,1628969,Mikal Bridges,Mikal,F,,38:25,3.0,13.0,0.231,0.0,4.0,0.0,2.0,2.0,1.0,2.0,2.0,4.0,3.0,0.0,2.0,0.0,3.0,8.0,13.0
22200321,1610612756,PHX,Phoenix,1628470,Torrey Craig,Torrey,F,,29:31,3.0,7.0,0.429,1.0,4.0,0.25,0.0,0.0,0.0,2.0,2.0,4.0,0.0,0.0,0.0,0.0,3.0,7.0,12.0
22200321,1610612756,PHX,Phoenix,1629028,Deandre Ayton,Deandre,C,,31:29,11.0,17.0,0.647,0.0,1.0,0.0,8.0,9.0,0.889,2.0,12.0,14.0,3.0,0.0,2.0,1.0,4.0,30.0,17.0
22200321,1610612756,PHX,Phoenix,1626164,Devin Booker,Devin,G,,30:40,20.0,25.0,0.8,6.0,7.0,0.857,5.0,6.0,0.833,0.0,4.0,4.0,6.0,1.0,0.0,2.0,3.0,51.0,23.0
22200321,1610612756,PHX,Phoenix,1626166,Cameron Payne,Cameron,G,,32:11,3.0,10.0,0.3,2.0,3.0,0.667,0.0,0.0,0.0,1.0,4.0,5.0,6.0,1.0,1.0,3.0,2.0,8.0,13.0
22200321,1610612756,PHX,Phoenix,202687,Bismack Biyombo,Bismack,,,7:36,0.0,2.0,0.0,0.0,0.0,0.0,0.0,0.0,0.0,0.0,2.0,2.0,0.0,0.0,0.0,1.0,1.0,0.0,7.0
22200321,1610612756,PHX,Phoenix,1629013,Landry Shamet,Landry,,,18:33,4.0,7.0,0.571,4.0,7.0,0.571,0.0,0.0,0.0,1.0,2.0,3.0,1.0,1.0,0.0,1.0,1.0,12.0,6.0
22200321,1610612756,PHX,Phoenix,1627814,Damion Lee,Damion,,,25:15,4.0,6.0,0.667,2.0,3.0,0.667,2.0,2.0,1.0,0.0,5.0,5.0,1.0,0.0,0.0,1.0,5.0,12.0,5.0
22200321,1610612756,PHX,Phoenix,1630688,Ish Wainright,Ish,,,9:28,0.0,1.0,0.0,0.0,1.0,0.0,0.0,0.0,0.0,1.0,0.0,1.0,1.0,0.0,0.0,0.0,2.0,0.0,8.0
22200321,1610612756,PHX,Phoenix,1630613,Duane Washington Jr.,Duane,,,4:41,0.0,2.0,0.0,0.0,2.0,0.0,0.0,0.0,0.0,0.0,0.0,0.0,0.0,0.0,0.0,1.0,2.0,0.0,-4.0
22200321,1610612756,PHX,Phoenix,1629111,Jock Landale,Jock,,,8:55,1.0,3.0,0.333,0.0,1.0,0.0,2.0,2.0,1.0,1.0,2.0,3.0,1.0,0.0,0.0,3.0,2.0,4.0,-5.0
22200321,1610612756,PHX,Phoenix,1629006,Josh Okogie,Josh,,,3:16,0.0,0.0,0.0,0.0,0.0,0.0,0.0,0.0,0.0,0.0,1.0,1.0,0.0,0.0,0.0,0.0,0.0,0.0,0.0
22200321,1610612756,PHX,Phoenix,203967,Dario Šarić,Dario,,DNP - Coach's Decision,,,,,,,,,,,,,,,,,,,,
22200324,1610612757,POR,Portland,1630570,Trendon Watford,Trendon,F,,30:57,4.0,6.0,0.667,0.0,1.0,0.0,2.0,2.0,1.0,3.0,7.0,10.0,1.0,0.0,0.0,2.0,4.0,10.0,-14.0
22200324,1610612757,POR,Portland,203924,Jerami Grant,Jerami,F,,35:10,10.0,23.0,0.435,2.0,5.0,0.4,5.0,6.0,0.833,1.0,3.0,4.0,5.0,2.0,1.0,0.0,2.0,27.0,-12.0
22200324,1610612757,POR,Portland,203994,Jusuf Nurkić,Jusuf,C,,31:39,2.0,8.0,0.25,0.0,1.0,0.0,4.0,6.0,0.667,1.0,9.0,10.0,1.0,1.0,1.0,2.0,3.0,8.0,-5.0
22200324,1610612757,POR,Portland,1626159,Justise Winslow,Justise,G,,36:18,9.0,11.0,0.818,3.0,3.0,1.0,0.0,0.0,0.0,1.0,4.0,5.0,4.0,0.0,0.0,3.0,5.0,21.0,-11.0
22200324,1610612757,POR,Portland,1629014,Anfernee Simons,Anfernee,G,,38:50,9.0,22.0,0.409,2.0,7.0,0.286,2.0,2.0,1.0,1.0,3.0,4.0,8.0,1.0,0.0,0.0,2.0,22.0,-10.0
22200324,1610612757,POR,Portland,1629234,Drew Eubanks,Drew,,,13:59,0.0,0.0,0.0,0.0,0.0,0.0,3.0,4.0,0.75,1.0,2.0,3.0,2.0,0.0,1.0,0.0,3.0,3.0,-11.0
22200324,1610612757,POR,Portland,1631101,Shaedon Sharpe,Shaedon,,,27:55,7.0,12.0,0.583,1.0,4.0,0.25,1.0,1.0,1.0,2.0,1.0,3.0,0.0,0.0,0.0,1.0,2.0,16.0,-14.0
22200324,1610612757,POR,Portland,1631133,Jabari Walker,Jabari,,,14:29,1.0,4.0,0.25,0.0,1.0,0.0,0.0,0.0,0.0,1.0,4.0,5.0,0.0,0.0,0.0,1.0,4.0,2.0,-7.0
22200324,1610612757,POR,Portland,1630535,Greg Brown III,Greg,,,8:21,0.0,4.0,0.0,0.0,2.0,0.0,0.0,0.0,0.0,1.0,0.0,1.0,0.0,0.0,2.0,1.0,0.0,0.0,-8.0
22200324,1610612757,POR,Portland,1631219,John Butler Jr.,John,,,2:22,0.0,0.0,0.0,0.0,0.0,0.0,0.0,0.0,0.0,0.0,0.0,0.0,0.0,0.0,0.0,0.0,0.0,0.0,-3.0
22200324,1610612757,POR,Portland,1630553,Keon Johnson,Keon,,DND - Injury/Illness,,,,,,,,,,,,,,,,,,,,
22200324,1610612757,POR,Portland,203081,Damian Lillard,Damian,,DND - Injury/Illness,,,,,,,,,,,,,,,,,,,,
22200324,1610612747,LAL,Los Angeles,1630559,Austin Reaves,Austin,F,,34:55,7.0,10.0,0.7,2.0,5.0,0.4,6.0,8.0,0.75,2.0,3.0,5.0,3.0,1.0,1.0,0.0,1.0,22.0,10.0
22200324,1610612747,LAL,Los Angeles,2544,LeBron James,LeBron,F,,32:30,12.0,18.0,0.667,6.0,8.0,0.75,1.0,3.0,0.333,2.0,5.0,7.0,8.0,0.0,1.0,2.0,1.0,31.0,8.0
22200324,1610612747,LAL,Los Angeles,203076,Anthony Davis,Anthony,C,,29:08,9.0,17.0,0.529,1.0,2.0,0.5,8.0,9.0,0.889,5.0,7.0,12.0,1.0,1.0,3.0,2.0,3.0,27.0,8.0
22200324,1610612747,LAL,Los Angeles,203471,Dennis Schröder,Dennis,G,,29:05,3.0,7.0,0.429,0.0,0.0,0.0,0.0,1.0,0.0,0.0,1.0,1.0,5.0,0.0,0.0,2.0,2.0,6.0,5.0
22200324,1610612747,LAL,Los Angeles,201976,Patrick Beverley,Patrick,G,,22:26,2.0,7.0,0.286,1.0,5.0,0.2,0.0,0.0,0.0,0.0,4.0,4.0,0.0,1.0,1.0,0.0,3.0,5.0,-1.0
22200324,1610612747,LAL,Los Angeles,201566,Russell Westbrook,Russell,,,22:54,4.0,14.0,0.286,2.0,6.0,0.333,0.0,2.0,0.0,1.0,4.0,5.0,4.0,1.0,0.0,0.0,1.0,10.0,12.0
22200324,1610612747,LAL,Los Angeles,1629117,Wenyen Gabriel,Wenyen,,,10:55,2.0,2.0,1.0,0.0,0.0,0.0,2.0,2.0,1.0,2.0,2.0,4.0,0.0,1.0,0.0,0.0,0.0,6.0,11.0
22200324,1610612747,LAL,Los Angeles,1629134,Kendrick Nunn,Kendrick,,,14:12,2.0,6.0,0.333,0.0,2.0,0.0,0.0,0.0,0.0,0.0,1.0,1.0,2.0,0.0,0.0,1.0,2.0,4.0,14.0
22200324,1610612747,LAL,Los Angeles,1628418,Thomas Bryant,Thomas,,,19:30,6.0,9.0,0.667,1.0,3.0,0.333,1.0,1.0,1.0,1.0,5.0,6.0,3.0,0.0,0.0,0.0,4.0,14.0,11.0
22200324,1610612747,LAL,Los Angeles,1631108,Max Christie,Max,,,18:40,1.0,6.0,0.167,1.0,5.0,0.2,0.0,0.0,0.0,0.0,1.0,1.0,1.0,0.0,0.0,0.0,1.0,3.0,8.0
22200324,1610612747,LAL,Los Angeles,1627745,Damian Jones,Damian,,,1:55,0.0,0.0,0.0,0.0,0.0,0.0,0.0,0.0,0.0,0.0,1.0,1.0,0.0,0.0,0.0,0.0,0.0,0.0,3.0
22200324,1610612747,LAL,Los Angeles,1629308,Juan Toscano-Anderson,Juan,,,1:55,0.0,0.0,0.0,0.0,0.0,0.0,0.0,0.0,0.0,0.0,1.0,1.0,1.0,0.0,0.0,0.0,0.0,0.0,3.0
22200324,1610612747,LAL,Los Angeles,1630346,Matt Ryan,Matt,,,1:55,0.0,1.0,0.0,0.0,1.0,0.0,0.0,0.0,0.0,0.0,0.0,0.0,0.0,0.0,0.0,0.0,0.0,0.0,3.0
22200324,1610612747,LAL,Los Angeles,1628972,Troy Brown Jr.,Troy,,DND - Injury/Illness,,,,,,,,,,,,,,,,,,,,
22200324,1610612747,LAL,Los Angeles,1629022,Lonnie Walker IV,Lonnie,,DND - Injury/Illness,,,,,,,,,,,,,,,,,,,,
22200318,1610612761,TOR,Toronto,1628384,OG Anunoby,OG,F,,30:31,5.0,11.0,0.455,1.0,3.0,0.333,1.0,1.0,1.0,0.0,5.0,5.0,3.0,1.0,1.0,4.0,4.0,12.0,-4.0
22200318,1610612761,TOR,Toronto,1627783,Pascal Siakam,Pascal,F,,33:39,9.0,16.0,0.563,1.0,2.0,0.5,4.0,5.0,0.8,2.0,4.0,6.0,4.0,2.0,2.0,5.0,3.0,23.0,-12.0
22200318,1610612761,TOR,Toronto,201152,Thaddeus Young,Thaddeus,C,,14:49,1.0,2.0,0.5,0.0,0.0,0.0,0.0,0.0,0.0,0.0,1.0,1.0,1.0,1.0,0.0,0.0,1.0,2.0,-8.0
22200318,1610612761,TOR,Toronto,1630567,Scottie Barnes,Scottie,G,,21:04,1.0,7.0,0.143,1.0,5.0,0.2,1.0,2.0,0.5,0.0,1.0,1.0,5.0,1.0,1.0,3.0,1.0,4.0,-14.0
22200318,1610612761,TOR,Toronto,1627832,Fred VanVleet,Fred,G,,20:10,1.0,8.0,0.125,0.0,7.0,0.0,0.0,0.0,0.0,0.0,6.0,6.0,6.0,1.0,0.0,2.0,2.0,2.0,-23.0
22200318,1610612761,TOR,Toronto,1628449,Chris Boucher,Chris,,,26:04,2.0,7.0,0.286,0.0,3.0,0.0,2.0,4.0,0.5,0.0,2.0,2.0,0.0,1.0,1.0,0.0,4.0,6.0,-11.0
22200318,1610612761,TOR,Toronto,1629018,Gary Trent Jr.,Gary,,,33:27,12.0,20.0,0.6,6.0,11.0,0.545,5.0,7.0,0.714,0.0,1.0,1.0,1.0,3.0,0.0,1.0,1.0,35.0,-15.0
22200318,1610612761,TOR,Toronto,1631132,Christian Koloko,Christian,,,17:33,3.0,3.0,1.0,0.0,0.0,0.0,0.0,0.0,0.0,0.0,2.0,2.0,0.0,0.0,2.0,0.0,1.0,6.0,-8.0
22200318,1610612761,TOR,Toronto,1627823,Juancho Hernangomez,Juancho,,,22:59,4.0,6.0,0.667,1.0,3.0,0.333,0.0,0.0,0.0,1.0,2.0,3.0,3.0,0.0,0.0,0.0,2.0,9.0,2.0
22200318,1610612761,TOR,Toronto,203920,Khem Birch,Khem,,,5:02,1.0,1.0,1.0,0.0,0.0,0.0,0.0,0.0,0.0,0.0,0.0,0.0,0.0,0.0,0.0,1.0,1.0,2.0,-4.0
22200318,1610612761,TOR,Toronto,1630625,Dalano Banton,Dalano,,,9:28,3.0,6.0,0.5,1.0,3.0,0.333,0.0,0.0,0.0,0.0,3.0,3.0,4.0,2.0,0.0,0.0,0.0,7.0,7.0
22200318,1610612761,TOR,Toronto,1630201,Malachi Flynn,Malachi,,,2:37,0.0,1.0,0.0,0.0,1.0,0.0,0.0,0.0,0.0,0.0,0.0,0.0,2.0,0.0,0.0,0.0,1.0,0.0,0.0
22200318,1610612761,TOR,Toronto,1630288,Jeff Dowtin Jr.,Jeff,,,2:37,0.0,0.0,0.0,0.0,0.0,0.0,0.0,0.0,0.0,0.0,0.0,0.0,0.0,0.0,0.0,0.0,0.0,0.0,0.0
22200318,1610612740,NOP,New Orleans,1630530,Trey Murphy III,Trey,F,,37:11,8.0,17.0,0.471,6.0,12.0,0.5,4.0,4.0,1.0,1.0,4.0,5.0,1.0,1.0,1.0,2.0,3.0,26.0,21.0
22200318,1610612740,NOP,New Orleans,1629627,Zion Williamson,Zion,F,,37:26,12.0,15.0,0.8,0.0,0.0,0.0,9.0,12.0,0.75,3.0,7.0,10.0,5.0,4.0,2.0,4.0,2.0,33.0,19.0
22200318,1610612740,NOP,New Orleans,202685,Jonas Valančiūnas,Jonas,C,,25:55,6.0,12.0,0.5,2.0,5.0,0.4,2.0,2.0,1.0,2.0,11.0,13.0,3.0,0.0,0.0,3.0,1.0,16.0,15.0
22200318,1610612740,NOP,New Orleans,1630529,Herbert Jones,Herbert,G,,20:15,4.0,9.0,0.444,2.0,5.0,0.4,2.0,2.0,1.0,1.0,3.0,4.0,1.0,0.0,0.0,2.0,1.0,12.0,19.0
22200318,1610612740,NOP,New Orleans,1630631,Jose Alvarado,Jose,G,,26:52,1.0,4.0,0.25,0.0,1.0,0.0,2.0,2.0,1.0,1.0,1.0,2.0,5.0,2.0,0.0,2.0,2.0,4.0,9.0
22200318,1610612740,NOP,New Orleans,1628984,Devonte' Graham,Devonte',,,20:09,0.0,6.0,0.0,0.0,5.0,0.0,2.0,2.0,1.0,0.0,1.0,1.0,2.0,0.0,0.0,1.0,1.0,2.0,2.0
22200318,1610612740,NOP,New Orleans,1626204,Larry Nance Jr.,Larry,,,19:33,4.0,7.0,0.571,2.0,2.0,1.0,0.0,0.0,0.0,1.0,4.0,5.0,1.0,1.0,1.0,2.0,5.0,10.0,3.0
22200318,1610612740,NOP,New Orleans,1630700,Dyson Daniels,Dyson,,,31:16,6.0,9.0,0.667,1.0,2.0,0.5,1.0,2.0,0.5,2.0,6.0,8.0,9.0,1.0,0.0,1.0,1.0,14.0,6.0
22200318,1610612740,NOP,New Orleans,1626195,Willy Hernangomez,Willy,,,10:34,2.0,4.0,0.5,0.0,0.0,0.0,0.0,0.0,0.0,0.0,3.0,3.0,1.0,0.0,0.0,2.0,0.0,4.0,-1.0
22200318,1610612740,NOP,New Orleans,202066,Garrett Temple,Garrett,,,10:49,2.0,3.0,0.667,1.0,1.0,1.0,0.0,0.0,0.0,1.0,0.0,1.0,0.0,1.0,0.0,1.0,0.0,5.0,-3.0
22200318,1610612740,NOP,New Orleans,1629637,Jaxson Hayes,Jaxson,,DNP - Coach's Decision,,,,,,,,,,,,,,,,,,,,
22200318,1610612740,NOP,New Orleans,1630184,Kira Lewis Jr.,Kira,,DNP - Coach's Decision,,,,,,,,,,,,,,,,,,,,
22200318,1610612740,NOP,New Orleans,1631220,Dereon Seabron,Dereon,,DNP - Coach's Decision,,,,,,,,,,,,,,,,,,,,
22200312,1610612755,PHI,Philadelphia,202699,Tobias Harris,Tobias,F,,23:19,0.0,7.0,0.0,0.0,3.0,0.0,3.0,3.0,1.0,0.0,1.0,1.0,3.0,0.0,0.0,1.0,1.0,3.0,-26.0
22200312,1610612755,PHI,Philadelphia,200782,P.J. Tucker,P.J.,F,,20:29,2.0,4.0,0.5,2.0,4.0,0.5,0.0,0.0,0.0,0.0,1.0,1.0,1.0,0.0,0.0,1.0,0.0,6.0,-26.0
22200312,1610612755,PHI,Philadelphia,203954,Joel Embiid,Joel,C,,28:31,6.0,16.0,0.375,0.0,0.0,0.0,7.0,9.0,0.778,3.0,3.0,6.0,6.0,3.0,0.0,1.0,2.0,19.0,-12.0
22200312,1610612755,PHI,Philadelphia,1629001,De'Anthony Melton,De'Anthony,G,,27:37,4.0,11.0,0.364,1.0,4.0,0.25,0.0,0.0,0.0,1.0,1.0,2.0,2.0,3.0,0.0,1.0,2.0,9.0,-25.0
22200312,1610612755,PHI,Philadelphia,1629003,Shake Milton,Shake,G,,32:13,6.0,12.0,0.5,0.0,3.0,0.0,2.0,2.0,1.0,0.0,3.0,3.0,3.0,0.0,0.0,3.0,0.0,14.0,-30.0
22200312,1610612755,PHI,Philadelphia,1627788,Furkan Korkmaz,Furkan,,,13:03,1.0,4.0,0.25,0.0,3.0,0.0,2.0,2.0,1.0,0.0,1.0,1.0,0.0,0.0,0.0,1.0,0.0,4.0,-5.0
22200312,1610612755,PHI,Philadelphia,1627777,Georges Niang,Georges,,,24:19,2.0,7.0,0.286,1.0,4.0,0.25,0.0,0.0,0.0,0.0,2.0,2.0,0.0,0.0,0.0,0.0,2.0,5.0,-2.0
22200312,1610612755,PHI,Philadelphia,1627863,Danuel House Jr.,Danuel,,,23:11,3.0,4.0,0.75,1.0,2.0,0.5,0.0,0.0,0.0,0.0,4.0,4.0,1.0,0.0,0.0,1.0,0.0,7.0,0.0
22200312,1610612755,PHI,Philadelphia,1630194,Paul Reed,Paul,,,14:25,4.0,4.0,1.0,0.0,0.0,0.0,1.0,2.0,0.5,2.0,3.0,5.0,2.0,0.0,1.0,2.0,2.0,9.0,-12.0
22200312,1610612755,PHI,Philadelphia,1629680,Matisse Thybulle,Matisse,,,18:16,1.0,4.0,0.25,1.0,2.0,0.5,0.0,0.0,0.0,0.0,2.0,2.0,0.0,1.0,0.0,1.0,2.0,3.0,4.0
22200312,1610612755,PHI,Philadelphia,1626149,Montrezl Harrell,Montrezl,,,8:19,1.0,1.0,1.0,0.0,0.0,0.0,0.0,0.0,0.0,1.0,2.0,3.0,1.0,0.0,0.0,2.0,0.0,2.0,-7.0
22200312,1610612755,PHI,Philadelphia,1630240,Saben Lee,Saben,,,6:18,2.0,3.0,0.667,0.0,1.0,0.0,0.0,0.0,0.0,0.0,0.0,0.0,0.0,0.0,0.0,2.0,0.0,4.0,1.0
22200312,1610612739,CLE,Cleveland,1629731,Dean Wade,Dean,F,,30:52,3.0,7.0,0.429,0.0,1.0,0.0,0.0,0.0,0.0,2.0,3.0,5.0,2.0,3.0,1.0,2.0,1.0,6.0,20.0
22200312,1610612739,CLE,Cleveland,1629603,Mamadi Diakite,Mamadi,F,,22:35,2.0,5.0,0.4,2.0,4.0,0.5,0.0,0.0,0.0,0.0,4.0,4.0,2.0,1.0,0.0,2.0,3.0,6.0,16.0
22200312,1610612739,CLE,Cleveland,1630596,Evan Mobley,Evan,C,,23:47,8.0,10.0,0.8,0.0,1.0,0.0,0.0,0.0,0.0,0.0,8.0,8.0,3.0,0.0,1.0,1.0,4.0,16.0,23.0
22200312,1610612739,CLE,Cleveland,1628378,Donovan Mitchell,Donovan,G,,25:56,5.0,9.0,0.556,5.0,7.0,0.714,3.0,3.0,1.0,0.0,3.0,3.0,6.0,2.0,1.0,2.0,0.0,18.0,20.0
22200312,1610612739,CLE,Cleveland,1629636,Darius Garland,Darius,G,,32:02,9.0,16.0,0.563,3.0,4.0,0.75,0.0,0.0,0.0,0.0,2.0,2.0,9.0,0.0,0.0,2.0,1.0,21.0,24.0
22200312,1610612739,CLE,Cleveland,1627747,Caris LeVert,Caris,,,33:16,8.0,11.0,0.727,3.0,4.0,0.75,3.0,4.0,0.75,1.0,5.0,6.0,4.0,1.0,0.0,3.0,1.0,22.0,13.0
22200312,1610612739,CLE,Cleveland,1626224,Cedi Osman,Cedi,,,28:49,3.0,7.0,0.429,1.0,5.0,0.2,2.0,3.0,0.667,0.0,5.0,5.0,0.0,0.0,0.0,2.0,1.0,9.0,8.0
22200312,1610612739,CLE,Cleveland,201577,Robin Lopez,Robin,,,14:08,2.0,2.0,1.0,0.0,0.0,0.0,0.0,0.0,0.0,2.0,0.0,2.0,0.0,0.0,0.0,3.0,1.0,4.0,-3.0
22200312,1610612739,CLE,Cleveland,1630171,Isaac Okoro,Isaac,,,22:17,5.0,7.0,0.714,1.0,3.0,0.333,0.0,0.0,0.0,1.0,4.0,5.0,2.0,3.0,0.0,1.0,1.0,11.0,20.0
22200312,1610612739,CLE,Cleveland,203526,Raul Neto,Raul,,,6:18,0.0,0.0,0.0,0.0,0.0,0.0,0.0,0.0,0.0,0.0,0.0,0.0,0.0,0.0,0.0,0.0,0.0,0.0,-1.0
22200312,1610612739,CLE,Cleveland,1628386,Jarrett Allen,Jarrett,,DNP - Injury/Illness,,,,,,,,,,,,,,,,,,,,
22200323,1610612754,IND,Indiana,1627741,Buddy Hield,Buddy,F,,27:01,6.0,13.0,0.462,3.0,8.0,0.375,2.0,3.0,0.667,0.0,4.0,4.0,1.0,0.0,0.0,1.0,3.0,17.0,-7.0
22200323,1610612754,IND,Indiana,1630188,Jalen Smith,Jalen,F,,19:07,8.0,10.0,0.8,4.0,5.0,0.8,2.0,3.0,0.667,2.0,4.0,6.0,0.0,0.0,1.0,1.0,3.0,22.0,-11.0
22200323,1610612754,IND,Indiana,1626167,Myles Turner,Myles,C,,27:40,2.0,9.0,0.222,0.0,3.0,0.0,0.0,2.0,0.0,2.0,4.0,6.0,0.0,0.0,3.0,1.0,2.0,4.0,-33.0
22200323,1610612754,IND,Indiana,1629614,Andrew Nembhard,Andrew,G,,26:57,3.0,7.0,0.429,0.0,3.0,0.0,0.0,0.0,0.0,0.0,2.0,2.0,4.0,0.0,0.0,2.0,3.0,6.0,-17.0
22200323,1610612754,IND,Indiana,1630169,Tyrese Haliburton,Tyrese,G,,25:25,4.0,13.0,0.308,1.0,6.0,0.167,0.0,0.0,0.0,0.0,4.0,4.0,10.0,2.0,0.0,2.0,1.0,9.0,-24.0
22200323,1610612754,IND,Indiana,1631097,Bennedict Mathurin,Bennedict,,,25:58,6.0,17.0,0.353,0.0,4.0,0.0,10.0,11.0,0.909,1.0,1.0,2.0,0.0,1.0,0.0,2.0,2.0,22.0,-11.0
22200323,1610612754,IND,Indiana,1629052,Oshae Brissett,Oshae,,,15:03,2.0,4.0,0.5,0.0,1.0,0.0,4.0,5.0,0.8,0.0,5.0,5.0,0.0,1.0,0.0,1.0,1.0,8.0,-6.0
22200323,1610612754,IND,Indiana,204456,T.J. McConnell,T.J.,,,23:08,2.0,6.0,0.333,1.0,1.0,1.0,0.0,0.0,0.0,0.0,4.0,4.0,10.0,3.0,0.0,2.0,0.0,5.0,-8.0
22200323,1610612754,IND,Indiana,1630543,Isaiah Jackson,Isaiah,,,12:56,1.0,5.0,0.2,0.0,0.0,0.0,3.0,4.0,0.75,4.0,2.0,6.0,2.0,0.0,0.0,0.0,0.0,5.0,2.0
22200323,1610612754,IND,Indiana,1630174,Aaron Nesmith,Aaron,,,23:41,3.0,10.0,0.3,2.0,5.0,0.4,0.0,0.0,0.0,1.0,3.0,4.0,1.0,1.0,1.0,1.0,4.0,8.0,-9.0
22200323,1610612754,IND,Indiana,1630678,Terry Taylor,Terry,,,9:03,0.0,2.0,0.0,0.0,0.0,0.0,0.0,0.0,0.0,1.0,1.0,2.0,0.0,0.0,0.0,2.0,2.0,0.0,5.0
22200323,1610612754,IND,Indiana,1629048,Goga Bitadze,Goga,,,4:01,3.0,4.0,0.75,1.0,1.0,1.0,1.0,2.0,0.5,1.0,1.0,2.0,0.0,0.0,0.0,0.0,0.0,8.0,4.0
22200323,1610612754,IND,Indiana,201949,James Johnson,James,,DNP - Coach's Decision,,,,,,,,,,,,,,,,,,,,
22200323,1610612758,SAC,Sacramento,203084,Harrison Barnes,Harrison,F,,25:57,6.0,9.0,0.667,1.0,4.0,0.25,9.0,10.0,0.9,0.0,5.0,5.0,2.0,2.0,0.0,1.0,3.0,22.0,30.0
22200323,1610612758,SAC,Sacramento,1631099,Keegan Murray,Keegan,F,,26:17,4.0,12.0,0.333,2.0,9.0,0.222,4.0,4.0,1.0,2.0,4.0,6.0,0.0,0.0,0.0,3.0,2.0,14.0,7.0
22200323,1610612758,SAC,Sacramento,1627734,Domantas Sabonis,Domantas,C,,23:09,5.0,9.0,0.556,1.0,2.0,0.5,0.0,0.0,0.0,1.0,9.0,10.0,7.0,1.0,0.0,3.0,4.0,11.0,11.0
22200323,1610612758,SAC,Sacramento,1628989,Kevin Huerter,Kevin,G,,27:31,5.0,10.0,0.5,2.0,6.0,0.333,1.0,2.0,0.5,1.0,4.0,5.0,0.0,0.0,0.0,0.0,1.0,13.0,25.0
22200323,1610612758,SAC,Sacramento,1628368,De'Aaron Fox,De'Aaron,G,,27:14,7.0,11.0,0.636,1.0,1.0,1.0,4.0,5.0,0.8,0.0,5.0,5.0,6.0,0.0,0.0,3.0,4.0,19.0,20.0
22200323,1610612758,SAC,Sacramento,1629644,KZ Okpala,KZ,,,14:50,1.0,1.0,1.0,1.0,1.0,1.0,0.0,0.0,0.0,1.0,3.0,4.0,1.0,1.0,1.0,1.0,3.0,3.0,-2.0
22200323,1610612758,SAC,Sacramento,1630558,Davion Mitchell,Davion,,,20:04,3.0,6.0,0.5,2.0,3.0,0.667,0.0,0.0,0.0,0.0,1.0,1.0,2.0,1.0,2.0,1.0,0.0,8.0,11.0
22200323,1610612758,SAC,Sacramento,1628370,Malik Monk,Malik,,,20:23,6.0,9.0,0.667,3.0,6.0,0.5,5.0,6.0,0.833,0.0,4.0,4.0,6.0,2.0,0.0,4.0,2.0,20.0,12.0
22200323,1610612758,SAC,Sacramento,1629002,Chimezie Metu,Chimezie,,,17:23,4.0,7.0,0.571,0.0,1.0,0.0,0.0,0.0,0.0,3.0,5.0,8.0,1.0,0.0,1.0,0.0,2.0,8.0,21.0
22200323,1610612758,SAC,Sacramento,1629056,Terence Davis,Terence,,,17:21,5.0,13.0,0.385,3.0,8.0,0.375,2.0,2.0,1.0,0.0,4.0,4.0,2.0,1.0,1.0,1.0,2.0,15.0,7.0
22200323,1610612758,SAC,Sacramento,203521,Matthew Dellavedova,Matthew,,,7:28,0.0,3.0,0.0,0.0,1.0,0.0,0.0,0.0,0.0,0.0,0.0,0.0,0.0,0.0,0.0,1.0,0.0,0.0,-9.0
22200323,1610612758,SAC,Sacramento,1626158,Richaun Holmes,Richaun,,,7:28,0.0,2.0,0.0,0.0,1.0,0.0,0.0,0.0,0.0,0.0,1.0,1.0,0.0,0.0,0.0,0.0,1.0,0.0,-9.0
22200323,1610612758,SAC,Sacramento,203458,Alex Len,Alex,,,4:55,2.0,3.0,0.667,0.0,0.0,0.0,0.0,0.0,0.0,3.0,2.0,5.0,1.0,0.0,0.0,0.0,1.0,4.0,-9.0
22200319,1610612759,SAS,San Antonio,1629640,Keldon Johnson,Keldon,F,,35:47,5.0,22.0,0.227,4.0,13.0,0.308,5.0,8.0,0.625,2.0,5.0,7.0,6.0,0.0,0.0,1.0,2.0,19.0,-8.0
22200319,1610612759,SAS,San Antonio,1628966,Keita Bates-Diop,Keita,F,,27:57,5.0,10.0,0.5,0.0,0.0,0.0,1.0,1.0,1.0,2.0,1.0,3.0,0.0,0.0,1.0,0.0,1.0,11.0,-15.0
22200319,1610612759,SAS,San Antonio,1628380,Zach Collins,Zach,C,,27:07,4.0,6.0,0.667,1.0,3.0,0.333,0.0,0.0,0.0,2.0,4.0,6.0,3.0,1.0,0.0,3.0,5.0,9.0,-11.0
22200319,1610612759,SAS,San Antonio,1630170,Devin Vassell,Devin,G,,36:47,7.0,13.0,0.538,3.0,6.0,0.5,8.0,9.0,0.889,1.0,6.0,7.0,3.0,1.0,0.0,1.0,2.0,25.0,-3.0
22200319,1610612759,SAS,San Antonio,1630200,Tre Jones,Tre,G,,32:04,6.0,14.0,0.429,0.0,3.0,0.0,3.0,3.0,1.0,1.0,3.0,4.0,5.0,1.0,0.0,3.0,2.0,15.0,-8.0
22200319,1610612759,SAS,San Antonio,1629641,Romeo Langford,Romeo,,,21:07,6.0,9.0,0.667,1.0,2.0,0.5,1.0,2.0,0.5,4.0,4.0,8.0,1.0,0.0,0.0,1.0,2.0,14.0,-3.0
22200319,1610612759,SAS,San Antonio,203926,Doug McDermott,Doug,,,15:34,2.0,5.0,0.4,1.0,4.0,0.25,0.0,0.0,0.0,0.0,1.0,1.0,4.0,0.0,0.0,0.0,1.0,5.0,7.0
22200319,1610612759,SAS,San Antonio,1629676,Isaiah Roby,Isaiah,,,17:19,2.0,6.0,0.333,0.0,3.0,0.0,0.0,0.0,0.0,0.0,5.0,5.0,2.0,1.0,1.0,1.0,1.0,4.0,-2.0
22200319,1610612759,SAS,San Antonio,1631103,Malaki Branham,Malaki,,,19:23,3.0,6.0,0.5,0.0,3.0,0.0,1.0,2.0,0.5,0.0,0.0,0.0,3.0,1.0,0.0,0.0,4.0,7.0,-3.0
22200319,1610612759,SAS,San Antonio,1628993,Alize Johnson,Alize,,,6:56,1.0,1.0,1.0,0.0,0.0,0.0,0.0,0.0,0.0,1.0,2.0,3.0,0.0,0.0,0.0,0.0,0.0,2.0,6.0
22200319,1610612759,SAS,San Antonio,1629646,Charles Bassey,Charles,,DNP - Coach's Decision,,,,,,,,,,,,,,,,,,,,
22200319,1610612759,SAS,San Antonio,203476,Gorgui Dieng,Gorgui,,DNP - Coach's Decision,,,,,,,,,,,,,,,,,,,,
22200319,1610612760,OKC,Oklahoma City,1629652,Luguentz Dort,Luguentz,F,,33:32,7.0,15.0,0.467,3.0,7.0,0.429,6.0,6.0,1.0,1.0,0.0,1.0,4.0,0.0,2.0,2.0,2.0,23.0,11.0
22200319,1610612760,OKC,Oklahoma City,1630197,Aleksej Pokusevski,Aleksej,F,,17:44,2.0,9.0,0.222,0.0,2.0,0.0,1.0,2.0,0.5,5.0,2.0,7.0,1.0,0.0,1.0,2.0,0.0,5.0,-14.0
22200319,1610612760,OKC,Oklahoma City,1630526,Jeremiah Robinson-Earl,Jeremiah,C,,25:32,2.0,5.0,0.4,1.0,3.0,0.333,2.0,2.0,1.0,1.0,4.0,5.0,1.0,0.0,0.0,0.0,2.0,7.0,9.0
22200319,1610612760,OKC,Oklahoma City,1631114,Jalen Williams,Jalen,G,,33:25,11.0,15.0,0.733,2.0,3.0,0.667,3.0,5.0,0.6,1.0,5.0,6.0,2.0,0.0,0.0,3.0,3.0,27.0,12.0
22200319,1610612760,OKC,Oklahoma City,1630581,Josh Giddey,Josh,G,,32:34,7.0,18.0,0.389,0.0,1.0,0.0,0.0,0.0,0.0,5.0,9.0,14.0,5.0,2.0,0.0,0.0,1.0,14.0,6.0
22200319,1610612760,OKC,Oklahoma City,1630198,Isaiah Joe,Isaiah,,,8:48,2.0,5.0,0.4,1.0,4.0,0.25,0.0,0.0,0.0,0.0,1.0,1.0,2.0,0.0,0.0,0.0,3.0,5.0,2.0
22200319,1610612760,OKC,Oklahoma City,1631172,Ousmane Dieng,Ousmane,,,22:39,5.0,6.0,0.833,0.0,1.0,0.0,0.0,2.0,0.0,0.0,7.0,7.0,1.0,0.0,0.0,0.0,2.0,10.0,7.0
22200319,1610612760,OKC,Oklahoma City,1629026,Kenrich Williams,Kenrich,,,18:49,4.0,5.0,0.8,0.0,0.0,0.0,1.0,2.0,0.5,2.0,3.0,5.0,0.0,0.0,0.0,0.0,2.0,9.0,0.0
22200319,1610612760,OKC,Oklahoma City,1630544,Tre Mann,Tre,,,26:32,7.0,13.0,0.538,2.0,5.0,0.4,0.0,0.0,0.0,0.0,3.0,3.0,1.0,2.0,0.0,3.0,4.0,16.0,4.0
22200319,1610612760,OKC,Oklahoma City,1630598,Aaron Wiggins,Aaron,,,6:29,1.0,2.0,0.5,0.0,1.0,0.0,0.0,0.0,0.0,0.0,0.0,0.0,0.0,0.0,0.0,0.0,1.0,2.0,-11.0
22200319,1610612760,OKC,Oklahoma City,1629647,Darius Bazley,Darius,,,13:56,0.0,1.0,0.0,0.0,0.0,0.0,1.0,2.0,0.5,0.0,3.0,3.0,0.0,0.0,1.0,1.0,0.0,1.0,14.0
22200317,1610612763,MEM,Memphis,1628415,Dillon Brooks,Dillon,F,,33:42,4.0,14.0,0.286,0.0,4.0,0.0,4.0,7.0,0.571,2.0,4.0,6.0,3.0,2.0,0.0,5.0,3.0,12.0,-15.0
22200317,1610612763,MEM,Memphis,1628991,Jaren Jackson Jr.,Jaren,F,,24:47,5.0,10.0,0.5,1.0,4.0,0.25,5.0,6.0,0.833,4.0,7.0,11.0,0.0,0.0,2.0,4.0,5.0,16.0,-4.0
22200317,1610612763,MEM,Memphis,203500,Steven Adams,Steven,C,,29:19,3.0,8.0,0.375,0.0,1.0,0.0,2.0,2.0,1.0,6.0,6.0,12.0,2.0,1.0,1.0,0.0,1.0,8.0,-3.0
22200317,1610612763,MEM,Memphis,1629723,John Konchar,John,G,,30:29,3.0,7.0,0.429,1.0,5.0,0.2,0.0,0.0,0.0,1.0,8.0,9.0,2.0,1.0,0.0,1.0,1.0,7.0,3.0
22200317,1610612763,MEM,Memphis,1629630,Ja Morant,Ja,G,,34:23,8.0,20.0,0.4,2.0,4.0,0.5,6.0,11.0,0.545,2.0,3.0,5.0,6.0,2.0,0.0,7.0,2.0,24.0,-9.0
22200317,1610612763,MEM,Memphis,1630583,Santi Aldama,Santi,,,16:53,2.0,5.0,0.4,0.0,1.0,0.0,0.0,0.0,0.0,2.0,1.0,3.0,2.0,0.0,0.0,1.0,4.0,4.0,-14.0
22200317,1610612763,MEM,Memphis,1626145,Tyus Jones,Tyus,,,29:44,5.0,10.0,0.5,2.0,3.0,0.667,1.0,2.0,0.5,2.0,4.0,6.0,1.0,0.0,0.0,2.0,0.0,13.0,-8.0
22200317,1610612763,MEM,Memphis,1629634,Brandon Clarke,Brandon,,,15:40,2.0,5.0,0.4,0.0,0.0,0.0,0.0,2.0,0.0,1.0,1.0,2.0,1.0,0.0,1.0,2.0,4.0,4.0,-4.0
22200317,1610612763,MEM,Memphis,1631223,David Roddy,David,,,25:03,5.0,8.0,0.625,3.0,4.0,0.75,0.0,0.0,0.0,0.0,5.0,5.0,0.0,1.0,0.0,2.0,0.0,13.0,14.0
22200317,1610612763,MEM,Memphis,1631113,Kennedy Chandler,Kennedy,,DNP - Coach's Decision,,,,,,,,,,,,,,,,,,,,
22200317,1610612763,MEM,Memphis,1631254,Kenneth Lofton Jr.,Kenneth,,DNP - Coach's Decision,,,,,,,,,,,,,,,,,,,,
22200317,1610612763,MEM,Memphis,1630214,Xavier Tillman,Xavier,,DNP - Coach's Decision,,,,,,,,,,,,,,,,,,,,
22200317,1610612763,MEM,Memphis,1631246,Vince Williams Jr.,Vince,,DNP - Coach's Decision,,,,,,,,,,,,,,,,,,,,
22200317,1610612750,MIN,Minnesota,1630162,Anthony Edwards,Anthony,F,,40:06,10.0,18.0,0.556,2.0,6.0,0.333,7.0,7.0,1.0,0.0,3.0,3.0,5.0,5.0,3.0,1.0,4.0,29.0,12.0
22200317,1610612750,MIN,Minnesota,203937,Kyle Anderson,Kyle,F,,39:21,3.0,11.0,0.273,2.0,4.0,0.5,2.0,2.0,1.0,1.0,5.0,6.0,5.0,1.0,1.0,1.0,2.0,10.0,8.0
22200317,1610612750,MIN,Minnesota,203497,Rudy Gobert,Rudy,C,,26:06,4.0,5.0,0.8,0.0,0.0,0.0,1.0,2.0,0.5,0.0,1.0,1.0,0.0,1.0,1.0,4.0,4.0,9.0,13.0
22200317,1610612750,MIN,Minnesota,1631111,Wendell Moore Jr.,Wendell,G,,20:20,3.0,6.0,0.5,1.0,3.0,0.333,0.0,0.0,0.0,1.0,2.0,3.0,2.0,1.0,1.0,0.0,4.0,7.0,-4.0
22200317,1610612750,MIN,Minnesota,1626156,D'Angelo Russell,D'Angelo,G,,37:28,6.0,16.0,0.375,2.0,7.0,0.286,1.0,3.0,0.333,0.0,5.0,5.0,10.0,2.0,0.0,2.0,5.0,15.0,19.0
22200317,1610612750,MIN,Minnesota,1629675,Naz Reid,Naz,,,22:12,3.0,8.0,0.375,0.0,5.0,0.0,1.0,2.0,0.5,0.0,3.0,3.0,1.0,1.0,5.0,1.0,2.0,7.0,-5.0
22200317,1610612750,MIN,Minnesota,203085,Austin Rivers,Austin,,,19:18,2.0,4.0,0.5,1.0,3.0,0.333,1.0,1.0,1.0,0.0,3.0,3.0,1.0,0.0,0.0,1.0,1.0,6.0,-5.0
22200317,1610612750,MIN,Minnesota,1629669,Jaylen Nowell,Jaylen,,,31:07,9.0,19.0,0.474,4.0,10.0,0.4,2.0,2.0,1.0,3.0,2.0,5.0,2.0,2.0,0.0,1.0,2.0,24.0,8.0
22200317,1610612750,MIN,Minnesota,1627854,Bryn Forbes,Bryn,,,4:02,1.0,2.0,0.5,0.0,1.0,0.0,0.0,0.0,0.0,0.0,0.0,0.0,0.0,0.0,0.0,1.0,1.0,2.0,-6.0
22200317,1610612750,MIN,Minnesota,1630568,Luka Garza,Luka,,DNP - Coach's Decision,,,,,,,,,,,,,,,,,,,,
22200317,1610612750,MIN,Minnesota,1630233,Nathan Knight,Nathan,,DNP - Coach's Decision,,,,,,,,,,,,,,,,,,,,
22200317,1610612750,MIN,Minnesota,1630639,A.J. Lawson,A.J.,,DNP - Coach's Decision,,,,,,,,,,,,,,,,,,,,
22200317,1610612750,MIN,Minnesota,1630183,Jaden McDaniels,Jaden,,NWT - Injury/Illness,,,,,,,,,,,,,,,,,,,,
22200317,1610612750,MIN,Minnesota,1631169,Josh Minott,Josh,,DNP - Coach's Decision,,,,,,,,,,,,,,,,,,,,
22200314,1610612748,MIA,Miami,1629622,Max Strus,Max,F,,35:58,7.0,12.0,0.583,5.0,10.0,0.5,4.0,4.0,1.0,0.0,1.0,1.0,2.0,1.0,0.0,0.0,3.0,23.0,-4.0
22200314,1610612748,MIA,Miami,1628997,Caleb Martin,Caleb,F,,24:13,4.0,9.0,0.444,2.0,5.0,0.4,0.0,0.0,0.0,1.0,5.0,6.0,1.0,0.0,0.0,2.0,1.0,10.0,-7.0
22200314,1610612748,MIA,Miami,1628389,Bam Adebayo,Bam,C,,38:21,10.0,19.0,0.526,1.0,1.0,1.0,2.0,2.0,1.0,1.0,5.0,6.0,5.0,2.0,0.0,5.0,5.0,23.0,-6.0
22200314,1610612748,MIA,Miami,1629639,Tyler Herro,Tyler,G,,37:16,9.0,17.0,0.529,2.0,6.0,0.333,2.0,2.0,1.0,2.0,4.0,6.0,9.0,0.0,1.0,4.0,2.0,22.0,-10.0
22200314,1610612748,MIA,Miami,200768,Kyle Lowry,Kyle,G,,37:56,6.0,14.0,0.429,1.0,6.0,0.167,1.0,1.0,1.0,1.0,3.0,4.0,5.0,0.0,0.0,3.0,1.0,14.0,-5.0
22200314,1610612748,MIA,Miami,2617,Udonis Haslem,Udonis,,,9:39,0.0,2.0,0.0,0.0,1.0,0.0,0.0,0.0,0.0,1.0,0.0,1.0,0.0,1.0,0.0,0.0,0.0,0.0,-7.0
22200314,1610612748,MIA,Miami,1629312,Haywood Highsmith,Haywood,,,25:33,6.0,9.0,0.667,4.0,6.0,0.667,0.0,0.0,0.0,3.0,5.0,8.0,2.0,0.0,2.0,0.0,1.0,16.0,-14.0
22200314,1610612748,MIA,Miami,1629216,Gabe Vincent,Gabe,,,19:22,4.0,7.0,0.571,2.0,4.0,0.5,0.0,0.0,0.0,0.0,0.0,0.0,1.0,1.0,0.0,1.0,5.0,10.0,-3.0
22200314,1610612748,MIA,Miami,1629130,Duncan Robinson,Duncan,,,11:42,1.0,1.0,1.0,1.0,1.0,1.0,0.0,0.0,0.0,0.0,0.0,0.0,0.0,3.0,0.0,0.0,3.0,3.0,-9.0
22200314,1610612748,MIA,Miami,1631288,Jamal Cain,Jamal,,DNP - Coach's Decision,,,,,,,,,,,,,,,,,,,,
22200314,1610612748,MIA,Miami,1631107,Nikola Jović,Nikola,,DNP - Coach's Decision,,,,,,,,,,,,,,,,,,,,
22200314,1610612748,MIA,Miami,1630696,Dru Smith,Dru,,DNP - Coach's Decision,,,,,,,,,,,,,,,,,,,,
22200314,1610612738,BOS,Boston,1627759,Jaylen Brown,Jaylen,F,,28:04,10.0,18.0,0.556,1.0,6.0,0.167,5.0,6.0,0.833,3.0,4.0,7.0,5.0,0.0,0.0,6.0,4.0,26.0,8.0
22200314,1610612738,BOS,Boston,1628369,Jayson Tatum,Jayson,F,,39:13,15.0,25.0,0.6,8.0,12.0,0.667,11.0,12.0,0.917,1.0,10.0,11.0,3.0,2.0,0.0,1.0,3.0,49.0,29.0
22200314,1610612738,BOS,Boston,201143,Al Horford,Al,C,,33:20,2.0,4.0,0.5,2.0,4.0,0.5,0.0,0.0,0.0,0.0,6.0,6.0,5.0,1.0,0.0,0.0,1.0,6.0,16.0
22200314,1610612738,BOS,Boston,1628401,Derrick White,Derrick,G,,25:21,6.0,10.0,0.6,3.0,7.0,0.429,0.0,1.0,0.0,0.0,1.0,1.0,5.0,1.0,0.0,3.0,1.0,15.0,9.0
22200314,1610612738,BOS,Boston,203935,Marcus Smart,Marcus,G,,34:55,3.0,7.0,0.429,2.0,3.0,0.667,2.0,2.0,1.0,2.0,3.0,5.0,9.0,1.0,0.0,3.0,3.0,10.0,10.0
22200314,1610612738,BOS,Boston,1629684,Grant Williams,Grant,,,31:06,1.0,4.0,0.25,1.0,4.0,0.25,0.0,0.0,0.0,1.0,3.0,4.0,3.0,1.0,0.0,0.0,3.0,3.0,-1.0
22200314,1610612738,BOS,Boston,1627763,Malcolm Brogdon,Malcolm,,,26:02,7.0,10.0,0.7,5.0,7.0,0.714,2.0,2.0,1.0,3.0,3.0,6.0,1.0,0.0,0.0,4.0,2.0,21.0,0.0
22200314,1610612738,BOS,Boston,1628436,Luke Kornet,Luke,,,14:36,2.0,3.0,0.667,0.0,0.0,0.0,0.0,0.0,0.0,1.0,0.0,1.0,0.0,0.0,0.0,0.0,1.0,4.0,-3.0
22200314,1610612738,BOS,Boston,1630573,Sam Hauser,Sam,,,7:23,0.0,2.0,0.0,0.0,2.0,0.0,0.0,0.0,0.0,0.0,0.0,0.0,1.0,1.0,0.0,0.0,0.0,0.0,-3.0
22200314,1610612738,BOS,Boston,201933,Blake Griffin,Blake,,DNP - Coach's Decision,,,,,,,,,,,,,,,,,,,,
22200314,1610612738,BOS,Boston,1628382,Justin Jackson,Justin,,DNP - Coach's Decision,,,,,,,,,,,,,,,,,,,,
22200314,1610612738,BOS,Boston,1629662,Mfiondu Kabengele,Mfiondu,,DNP - Coach's Decision,,,,,,,,,,,,,,,,,,,,
22200314,1610612738,BOS,Boston,1630202,Payton Pritchard,Payton,,DNP - Coach's Decision,,,,,,,,,,,,,,,,,,,,
22200314,1610612738,BOS,Boston,203943,Noah Vonleh,Noah,,DNP - Coach's Decision,,,,,,,,,,,,,,,,,,,,
22200320,1610612745,HOU,Houston,201569,Eric Gordon,Eric,F,,18:32,1.0,4.0,0.25,0.0,3.0,0.0,0.0,0.0,0.0,0.0,0.0,0.0,0.0,0.0,0.0,3.0,0.0,2.0,-11.0
22200320,1610612745,HOU,Houston,1631095,Jabari Smith Jr.,Jabari,F,,31:01,5.0,12.0,0.417,3.0,6.0,0.5,0.0,0.0,0.0,0.0,4.0,4.0,2.0,1.0,1.0,1.0,4.0,13.0,-15.0
22200320,1610612745,HOU,Houston,1630578,Alperen Sengun,Alperen,C,,29:28,8.0,12.0,0.667,0.0,2.0,0.0,2.0,2.0,1.0,3.0,8.0,11.0,1.0,0.0,0.0,2.0,3.0,18.0,-4.0
22200320,1610612745,HOU,Houston,1630224,Jalen Green,Jalen,G,,34:54,6.0,16.0,0.375,1.0,7.0,0.143,3.0,5.0,0.6,1.0,2.0,3.0,3.0,0.0,0.0,2.0,1.0,16.0,-16.0
22200320,1610612745,HOU,Houston,1629645,Kevin Porter Jr.,Kevin,G,,32:03,8.0,18.0,0.444,5.0,7.0,0.714,2.0,2.0,1.0,2.0,4.0,6.0,5.0,1.0,0.0,3.0,5.0,23.0,-14.0
22200320,1610612745,HOU,Houston,1630231,KJ Martin,KJ,,,18:52,1.0,3.0,0.333,0.0,1.0,0.0,1.0,2.0,0.5,0.0,2.0,2.0,2.0,0.0,0.0,0.0,0.0,3.0,-16.0
22200320,1610612745,HOU,Houston,1630586,Usman Garuba,Usman,,,14:47,1.0,3.0,0.333,0.0,2.0,0.0,0.0,1.0,0.0,0.0,2.0,2.0,1.0,1.0,2.0,1.0,2.0,2.0,-11.0
22200320,1610612745,HOU,Houston,1631106,Tari Eason,Tari,,,13:59,0.0,5.0,0.0,0.0,4.0,0.0,4.0,4.0,1.0,2.0,3.0,5.0,2.0,1.0,1.0,0.0,2.0,4.0,-8.0
22200320,1610612745,HOU,Houston,1630227,Daishen Nix,Daishen,,,15:57,3.0,7.0,0.429,1.0,5.0,0.2,0.0,0.0,0.0,1.0,2.0,3.0,2.0,0.0,0.0,1.0,0.0,7.0,-6.0
22200320,1610612745,HOU,Houston,1628981,Bruno Fernando,Bruno,,,6:46,0.0,2.0,0.0,0.0,0.0,0.0,2.0,2.0,1.0,1.0,1.0,2.0,0.0,0.0,2.0,0.0,1.0,2.0,-2.0
22200320,1610612745,HOU,Houston,1629726,Garrison Mathews,Garrison,,,20:36,2.0,4.0,0.5,2.0,4.0,0.5,0.0,0.0,0.0,0.0,1.0,1.0,0.0,0.0,0.0,0.0,2.0,6.0,0.0
22200320,1610612745,HOU,Houston,1630528,Josh Christopher,Josh,,,3:06,2.0,2.0,1.0,0.0,0.0,0.0,0.0,0.0,0.0,0.0,0.0,0.0,0.0,1.0,0.0,1.0,0.0,4.0,3.0
22200320,1610612745,HOU,Houston,1626246,Boban Marjanović,Boban,,DNP - Coach's Decision,,,,,,,,,,,,,,,,,,,,
22200320,1610612743,DEN,Denver,1628971,Bruce Brown,Bruce,F,,34:23,6.0,13.0,0.462,4.0,7.0,0.571,2.0,2.0,1.0,0.0,5.0,5.0,4.0,2.0,0.0,1.0,3.0,18.0,12.0
22200320,1610612743,DEN,Denver,203932,Aaron Gordon,Aaron,F,,31:15,7.0,12.0,0.583,2.0,4.0,0.5,4.0,7.0,0.571,2.0,4.0,6.0,2.0,0.0,1.0,1.0,2.0,20.0,12.0
22200320,1610612743,DEN,Denver,203999,Nikola Jokić,Nikola,C,,27:33,7.0,9.0,0.778,2.0,3.0,0.667,1.0,1.0,1.0,1.0,8.0,9.0,12.0,1.0,1.0,4.0,5.0,17.0,10.0
22200320,1610612743,DEN,Denver,203484,Kentavious Caldwell-Pope,Kentavious,G,,24:55,2.0,7.0,0.286,1.0,3.0,0.333,0.0,0.0,0.0,0.0,1.0,1.0,2.0,2.0,1.0,1.0,1.0,5.0,8.0
22200320,1610612743,DEN,Denver,1627750,Jamal Murray,Jamal,G,,30:38,9.0,15.0,0.6,4.0,6.0,0.667,4.0,5.0,0.8,1.0,3.0,4.0,2.0,0.0,0.0,0.0,2.0,26.0,8.0
22200320,1610612743,DEN,Denver,1628427,Vlatko Čančar,Vlatko,,,21:15,5.0,6.0,0.833,3.0,4.0,0.75,0.0,0.0,0.0,1.0,4.0,5.0,0.0,0.0,0.0,1.0,2.0,13.0,18.0
22200320,1610612743,DEN,Denver,202397,Ish Smith,Ish,,,22:59,3.0,10.0,0.3,0.0,1.0,0.0,0.0,0.0,0.0,0.0,2.0,2.0,7.0,0.0,2.0,0.0,0.0,6.0,19.0
22200320,1610612743,DEN,Denver,1628432,Davon Reed,Davon,,,20:31,2.0,6.0,0.333,1.0,4.0,0.25,2.0,2.0,1.0,0.0,2.0,2.0,0.0,1.0,1.0,0.0,3.0,7.0,9.0
22200320,1610612743,DEN,Denver,201599,DeAndre Jordan,DeAndre,,,18:37,3.0,4.0,0.75,0.0,0.0,0.0,2.0,3.0,0.667,2.0,4.0,6.0,1.0,0.0,2.0,2.0,3.0,8.0,14.0
22200320,1610612743,DEN,Denver,1631128,Christian Braun,Christian,,,3:06,0.0,1.0,0.0,0.0,0.0,0.0,0.0,0.0,0.0,0.0,1.0,1.0,0.0,0.0,0.0,0.0,0.0,0.0,-3.0
22200320,1610612743,DEN,Denver,1630192,Zeke Nnaji,Zeke,,,3:06,0.0,0.0,0.0,0.0,0.0,0.0,0.0,0.0,0.0,1.0,0.0,1.0,0.0,0.0,0.0,1.0,0.0,0.0,-3.0
22200320,1610612743,DEN,Denver,1631298,Jack White,Jack,,,1:45,0.0,0.0,0.0,0.0,0.0,0.0,0.0,0.0,0.0,0.0,0.0,0.0,0.0,0.0,0.0,0.0,0.0,0.0,-4.0
22200320,1610612743,DEN,Denver,1630538,Bones Hyland,Bones,,DNP - Coach's Decision,,,,,,,,,,,,,,,,,,,,
22200316,1610612749,MIL,Milwaukee,1628960,Grayson Allen,Grayson,F,,30:25,4.0,9.0,0.444,1.0,4.0,0.25,2.0,2.0,1.0,0.0,5.0,5.0,4.0,1.0,0.0,1.0,2.0,11.0,-4.0
22200316,1610612749,MIL,Milwaukee,203507,Giannis Antetokounmpo,Giannis,F,,36:37,13.0,25.0,0.52,2.0,8.0,0.25,9.0,12.0,0.75,4.0,9.0,13.0,7.0,0.0,1.0,3.0,6.0,37.0,-5.0
22200316,1610612749,MIL,Milwaukee,201572,Brook Lopez,Brook,C,,34:17,2.0,8.0,0.25,1.0,5.0,0.2,4.0,4.0,1.0,0.0,6.0,6.0,1.0,0.0,2.0,0.0,1.0,9.0,1.0
22200316,1610612749,MIL,Milwaukee,1628975,Jevon Carter,Jevon,G,,31:53,1.0,2.0,0.5,1.0,1.0,1.0,0.0,0.0,0.0,1.0,2.0,3.0,2.0,0.0,1.0,0.0,1.0,3.0,-10.0
22200316,1610612749,MIL,Milwaukee,201950,Jrue Holiday,Jrue,G,,34:25,9.0,19.0,0.474,2.0,5.0,0.4,2.0,2.0,1.0,2.0,4.0,6.0,5.0,2.0,2.0,1.0,5.0,22.0,10.0
22200316,1610612749,MIL,Milwaukee,1626171,Bobby Portis,Bobby,,,25:21,4.0,10.0,0.4,1.0,2.0,0.5,1.0,2.0,0.5,5.0,7.0,12.0,3.0,0.0,0.0,0.0,0.0,10.0,9.0
22200316,1610612749,MIL,Milwaukee,1626192,Pat Connaughton,Pat,,,23:41,4.0,13.0,0.308,2.0,8.0,0.25,0.0,0.0,0.0,1.0,3.0,4.0,0.0,0.0,0.0,0.0,0.0,10.0,20.0
22200316,1610612749,MIL,Milwaukee,201588,George Hill,George,,,10:21,2.0,3.0,0.667,0.0,1.0,0.0,1.0,2.0,0.5,1.0,1.0,2.0,1.0,0.0,0.0,0.0,0.0,5.0,11.0
22200316,1610612749,MIL,Milwaukee,202083,Wesley Matthews,Wesley,,,12:58,0.0,1.0,0.0,0.0,1.0,0.0,2.0,2.0,1.0,0.0,1.0,1.0,0.0,0.0,0.0,0.0,0.0,2.0,-2.0
22200316,1610612749,MIL,Milwaukee,1631260,AJ Green,AJ,,,0:02,0.0,0.0,0.0,0.0,0.0,0.0,0.0,0.0,0.0,0.0,0.0,0.0,0.0,0.0,0.0,0.0,0.0,0.0,0.0
22200316,1610612749,MIL,Milwaukee,203648,Thanasis Antetokounmpo,Thanasis,,DNP - Coach's Decision,,,,,,,,,,,,,,,,,,,,
22200316,1610612749,MIL,Milwaukee,1629670,Jordan Nwora,Jordan,,DNP - Coach's Decision,,,,,,,,,,,,,,,,,,,,
22200316,1610612752,NYK,New York,1629628,RJ Barrett,RJ,F,,33:20,8.0,15.0,0.533,2.0,4.0,0.5,8.0,9.0,0.889,0.0,2.0,2.0,3.0,0.0,0.0,3.0,5.0,26.0,-5.0
22200316,1610612752,NYK,New York,203944,Julius Randle,Julius,F,,38:48,8.0,24.0,0.333,1.0,8.0,0.125,1.0,1.0,1.0,3.0,5.0,8.0,5.0,0.0,0.0,1.0,3.0,18.0,-7.0
22200316,1610612752,NYK,New York,1629011,Mitchell Robinson,Mitchell,C,,33:05,7.0,9.0,0.778,0.0,0.0,0.0,1.0,2.0,0.5,11.0,9.0,20.0,1.0,0.0,1.0,0.0,2.0,15.0,4.0
22200316,1610612752,NYK,New York,1628973,Jalen Brunson,Jalen,G,,34:03,8.0,22.0,0.364,0.0,4.0,0.0,1.0,4.0,0.25,1.0,4.0,5.0,5.0,1.0,1.0,1.0,1.0,17.0,-2.0
22200316,1610612752,NYK,New York,1629656,Quentin Grimes,Quentin,G,,33:34,3.0,7.0,0.429,1.0,4.0,0.25,0.0,0.0,0.0,1.0,4.0,5.0,0.0,0.0,0.0,0.0,4.0,7.0,-5.0
22200316,1610612752,NYK,New York,201565,Derrick Rose,Derrick,,,10:38,2.0,6.0,0.333,0.0,0.0,0.0,0.0,0.0,0.0,0.0,1.0,1.0,1.0,1.0,0.0,0.0,0.0,4.0,-3.0
22200316,1610612752,NYK,New York,1630193,Immanuel Quickley,Immanuel,,,18:10,2.0,9.0,0.222,0.0,5.0,0.0,0.0,0.0,0.0,2.0,4.0,6.0,2.0,0.0,0.0,0.0,1.0,4.0,-3.0
22200316,1610612752,NYK,New York,1628392,Isaiah Hartenstein,Isaiah,,,10:00,1.0,2.0,0.5,0.0,0.0,0.0,0.0,0.0,0.0,1.0,4.0,5.0,0.0,0.0,1.0,0.0,1.0,2.0,-6.0
22200316,1610612752,NYK,New York,1629629,Cam Reddish,Cam,,,14:26,1.0,1.0,1.0,0.0,0.0,0.0,1.0,2.0,0.5,0.0,0.0,0.0,1.0,0.0,0.0,1.0,1.0,3.0,-1.0
22200316,1610612752,NYK,New York,1630167,Obi Toppin,Obi,,,13:56,2.0,5.0,0.4,2.0,5.0,0.4,1.0,2.0,0.5,0.0,3.0,3.0,0.0,0.0,0.0,1.0,2.0,7.0,-2.0
22200316,1610612752,NYK,New York,203095,Evan Fournier,Evan,,DNP - Coach's Decision,,,,,,,,,,,,,,,,,,,,
22200316,1610612752,NYK,New York,1630540,Miles McBride,Miles,,DNP - Coach's Decision,,,,,,,,,,,,,,,,,,,,
22200316,1610612752,NYK,New York,1629004,Svi Mykhailiuk,Svi,,DNP - Coach's Decision,,,,,,,,,,,,,,,,,,,,
22200316,1610612752,NYK,New York,1630579,Jericho Sims,Jericho,,DNP - Coach's Decision,,,,,,,,,,,,,,,,,,,,
22200313,1610612737,ATL,Atlanta,1629631,De'Andre Hunter,De'Andre,F,,7:15,1.0,1.0,1.0,0.0,0.0,0.0,0.0,0.0,0.0,0.0,0.0,0.0,0.0,0.0,0.0,0.0,1.0,2.0,5.0
22200313,1610612737,ATL,Atlanta,1628381,John Collins,John,F,,16:32,2.0,6.0,0.333,0.0,2.0,0.0,2.0,3.0,0.667,1.0,6.0,7.0,0.0,2.0,1.0,0.0,1.0,6.0,21.0
22200313,1610612737,ATL,Atlanta,203991,Clint Capela,Clint,C,,29:28,9.0,10.0,0.9,0.0,0.0,0.0,2.0,2.0,1.0,5.0,7.0,12.0,1.0,1.0,0.0,0.0,4.0,20.0,21.0
22200313,1610612737,ATL,Atlanta,1627749,Dejounte Murray,Dejounte,G,,38:59,11.0,23.0,0.478,3.0,8.0,0.375,2.0,3.0,0.667,0.0,3.0,3.0,6.0,2.0,1.0,5.0,1.0,27.0,8.0
22200313,1610612737,ATL,Atlanta,1629027,Trae Young,Trae,G,,36:12,12.0,23.0,0.522,2.0,11.0,0.182,4.0,5.0,0.8,0.0,2.0,2.0,14.0,0.0,0.0,2.0,0.0,30.0,24.0
22200313,1610612737,ATL,Atlanta,1630168,Onyeka Okongwu,Onyeka,,,17:11,5.0,7.0,0.714,0.0,0.0,0.0,2.0,2.0,1.0,4.0,4.0,8.0,1.0,0.0,0.0,2.0,3.0,12.0,-2.0
22200313,1610612737,ATL,Atlanta,1630235,Trent Forrest,Trent,,,15:13,2.0,2.0,1.0,0.0,0.0,0.0,0.0,0.0,0.0,1.0,1.0,2.0,0.0,0.0,0.0,0.0,2.0,4.0,3.0
22200313,1610612737,ATL,Atlanta,1631100,AJ Griffin,AJ,,,23:07,6.0,12.0,0.5,3.0,6.0,0.5,0.0,0.0,0.0,0.0,1.0,1.0,1.0,1.0,0.0,0.0,0.0,15.0,7.0
22200313,1610612737,ATL,Atlanta,1629633,Jarrett Culver,Jarrett,,,29:58,3.0,7.0,0.429,0.0,2.0,0.0,3.0,4.0,0.75,3.0,9.0,12.0,0.0,2.0,1.0,2.0,1.0,9.0,7.0
22200313,1610612737,ATL,Atlanta,1630249,Vít Krejčí,Vít,,,18:05,0.0,2.0,0.0,0.0,2.0,0.0,0.0,0.0,0.0,0.0,1.0,1.0,1.0,0.0,0.0,0.0,4.0,0.0,-3.0
22200313,1610612737,ATL,Atlanta,1626163,Frank Kaminsky,Frank,,,6:39,0.0,1.0,0.0,0.0,1.0,0.0,0.0,0.0,0.0,0.0,1.0,1.0,1.0,0.0,0.0,1.0,0.0,0.0,-4.0
22200313,1610612737,ATL,Atlanta,1628988,Aaron Holiday,Aaron,,,1:21,0.0,0.0,0.0,0.0,0.0,0.0,0.0,0.0,0.0,0.0,0.0,0.0,0.0,0.0,0.0,0.0,0.0,0.0,-2.0
22200313,1610612753,ORL,Orlando,1630532,Franz Wagner,Franz,F,,31:54,8.0,17.0,0.471,2.0,6.0,0.333,4.0,4.0,1.0,1.0,5.0,6.0,3.0,0.0,0.0,4.0,2.0,22.0,-4.0
22200313,1610612753,ORL,Orlando,1631094,Paolo Banchero,Paolo,F,,34:48,6.0,14.0,0.429,1.0,4.0,0.25,7.0,9.0,0.778,0.0,2.0,2.0,5.0,0.0,0.0,3.0,2.0,20.0,-21.0
22200313,1610612753,ORL,Orlando,1629626,Bol Bol,Bol,C,,26:53,3.0,5.0,0.6,0.0,1.0,0.0,0.0,0.0,0.0,1.0,4.0,5.0,2.0,1.0,0.0,1.0,1.0,6.0,-8.0
22200313,1610612753,ORL,Orlando,203914,Gary Harris,Gary,G,,16:32,0.0,3.0,0.0,0.0,2.0,0.0,0.0,0.0,0.0,2.0,0.0,2.0,0.0,0.0,0.0,2.0,1.0,0.0,-21.0
22200313,1610612753,ORL,Orlando,1628365,Markelle Fultz,Markelle,G,,16:46,3.0,8.0,0.375,0.0,1.0,0.0,2.0,2.0,1.0,1.0,0.0,1.0,4.0,2.0,1.0,1.0,2.0,8.0,-7.0
22200313,1610612753,ORL,Orlando,1630175,Cole Anthony,Cole,,,23:57,3.0,7.0,0.429,0.0,1.0,0.0,5.0,5.0,1.0,0.0,4.0,4.0,2.0,1.0,0.0,2.0,6.0,11.0,-15.0
22200313,1610612753,ORL,Orlando,203082,Terrence Ross,Terrence,,,22:25,5.0,11.0,0.455,2.0,6.0,0.333,0.0,0.0,0.0,0.0,0.0,0.0,1.0,0.0,0.0,1.0,0.0,12.0,-1.0
22200313,1610612753,ORL,Orlando,1631216,Caleb Houstan,Caleb,,,15:21,2.0,3.0,0.667,1.0,2.0,0.5,0.0,0.0,0.0,0.0,5.0,5.0,1.0,0.0,1.0,0.0,0.0,5.0,-2.0
22200313,1610612753,ORL,Orlando,1629678,Admiral Schofield,Admiral,,,10:14,1.0,1.0,1.0,1.0,1.0,1.0,0.0,0.0,0.0,0.0,1.0,1.0,0.0,0.0,0.0,1.0,2.0,3.0,-1.0
22200313,1610612753,ORL,Orlando,1629021,Moritz Wagner,Moritz,,,25:59,3.0,5.0,0.6,0.0,2.0,0.0,3.0,4.0,0.75,0.0,6.0,6.0,8.0,0.0,1.0,1.0,3.0,9.0,-4.0
22200313,1610612753,ORL,Orlando,1630284,Kevon Harris,Kevon,,,13:13,4.0,4.0,1.0,0.0,0.0,0.0,1.0,1.0,1.0,1.0,0.0,1.0,0.0,1.0,0.0,2.0,2.0,9.0,-1.0
22200313,1610612753,ORL,Orlando,1630181,R.J. Hampton,R.J.,,,1:58,1.0,1.0,1.0,1.0,1.0,1.0,0.0,0.0,0.0,0.0,0.0,0.0,0.0,0.0,0.0,0.0,0.0,3.0,0.0
22200311,1610612746,LAC,LA,1629611,Terance Mann,Terance,F,,25:58,3.0,8.0,0.375,2.0,4.0,0.5,3.0,4.0,0.75,2.0,3.0,5.0,3.0,1.0,1.0,2.0,2.0,11.0,-9.0
22200311,1610612746,LAC,LA,202694,Marcus Morris Sr.,Marcus,F,,32:07,3.0,13.0,0.231,0.0,5.0,0.0,2.0,2.0,1.0,0.0,4.0,4.0,3.0,0.0,1.0,0.0,0.0,8.0,-1.0
22200311,1610612746,LAC,LA,1627826,Ivica Zubac,Ivica,C,,27:51,5.0,8.0,0.625,0.0,0.0,0.0,2.0,2.0,1.0,5.0,8.0,13.0,0.0,2.0,1.0,2.0,1.0,12.0,-21.0
22200311,1610612746,LAC,LA,1629599,Amir Coffey,Amir,G,,24:36,2.0,7.0,0.286,0.0,2.0,0.0,3.0,4.0,0.75,0.0,1.0,1.0,2.0,0.0,0.0,1.0,1.0,7.0,-13.0
22200311,1610612746,LAC,LA,202704,Reggie Jackson,Reggie,G,,41:04,9.0,23.0,0.391,2.0,7.0,0.286,4.0,4.0,1.0,3.0,4.0,7.0,12.0,0.0,1.0,3.0,1.0,24.0,17.0
22200311,1610612746,LAC,LA,1626181,Norman Powell,Norman,,,23:54,10.0,16.0,0.625,4.0,5.0,0.8,8.0,10.0,0.8,2.0,2.0,4.0,2.0,1.0,0.0,4.0,3.0,32.0,17.0
22200311,1610612746,LAC,LA,201587,Nicolas Batum,Nicolas,,,24:51,1.0,3.0,0.333,1.0,3.0,0.333,0.0,0.0,0.0,0.0,5.0,5.0,3.0,0.0,2.0,0.0,2.0,3.0,22.0
22200311,1610612746,LAC,LA,1630554,Jason Preston,Jason,,,6:06,1.0,1.0,1.0,1.0,1.0,1.0,0.0,0.0,0.0,0.0,0.0,0.0,1.0,0.0,0.0,0.0,1.0,3.0,-9.0
22200311,1610612746,LAC,LA,203496,Robert Covington,Robert,,,17:50,6.0,8.0,0.75,3.0,4.0,0.75,0.0,0.0,0.0,0.0,4.0,4.0,0.0,1.0,0.0,1.0,3.0,15.0,10.0
22200311,1610612746,LAC,LA,1629650,Moses Brown,Moses,,,3:23,0.0,1.0,0.0,0.0,0.0,0.0,0.0,0.0,0.0,0.0,1.0,1.0,0.0,0.0,0.0,0.0,2.0,0.0,-2.0
22200311,1610612746,LAC,LA,1631217,Moussa Diabaté,Moussa,,,12:19,1.0,1.0,1.0,0.0,0.0,0.0,1.0,2.0,0.5,2.0,2.0,4.0,0.0,1.0,1.0,0.0,2.0,3.0,19.0
22200311,1610612757,POR,Portland,1628404,Josh Hart,Josh,F,,33:01,3.0,6.0,0.5,1.0,3.0,0.333,2.0,2.0,1.0,1.0,6.0,7.0,6.0,1.0,0.0,1.0,2.0,9.0,-4.0
22200311,1610612757,POR,Portland,203924,Jerami Grant,Jerami,F,,38:12,12.0,24.0,0.5,5.0,11.0,0.455,3.0,4.0,0.75,1.0,2.0,3.0,2.0,2.0,2.0,2.0,6.0,32.0,2.0
22200311,1610612757,POR,Portland,203994,Jusuf Nurkić,Jusuf,C,,31:47,6.0,15.0,0.4,1.0,3.0,0.333,0.0,0.0,0.0,2.0,8.0,10.0,7.0,0.0,3.0,2.0,3.0,13.0,-2.0
22200311,1610612757,POR,Portland,1626159,Justise Winslow,Justise,G,,33:44,4.0,10.0,0.4,0.0,1.0,0.0,2.0,2.0,1.0,2.0,11.0,13.0,2.0,1.0,0.0,2.0,3.0,10.0,-3.0
22200311,1610612757,POR,Portland,1629014,Anfernee Simons,Anfernee,G,,43:04,13.0,24.0,0.542,9.0,16.0,0.563,2.0,3.0,0.667,0.0,2.0,2.0,4.0,1.0,1.0,1.0,4.0,37.0,-4.0
22200311,1610612757,POR,Portland,1629234,Drew Eubanks,Drew,,,9:11,1.0,3.0,0.333,0.0,0.0,0.0,0.0,0.0,0.0,2.0,1.0,3.0,0.0,0.0,1.0,0.0,3.0,2.0,-4.0
22200311,1610612757,POR,Portland,1631101,Shaedon Sharpe,Shaedon,,,14:08,2.0,7.0,0.286,0.0,0.0,0.0,1.0,2.0,0.5,1.0,0.0,1.0,1.0,1.0,0.0,1.0,0.0,5.0,-11.0
22200311,1610612757,POR,Portland,1630570,Trendon Watford,Trendon,,,21:55,1.0,1.0,1.0,1.0,1.0,1.0,0.0,0.0,0.0,0.0,3.0,3.0,2.0,0.0,0.0,1.0,2.0,3.0,0.0
22200311,1610612757,POR,Portland,1629642,Nassir Little,Nassir,,,14:58,0.0,0.0,0.0,0.0,0.0,0.0,1.0,2.0,0.5,0.0,1.0,1.0,0.0,0.0,0.0,1.0,0.0,1.0,-4.0
22200311,1610612757,POR,Portland,1630535,Greg Brown III,Greg,,DNP - Coach's Decision,,,,,,,,,,,,,,,,,,,,
22200311,1610612757,POR,Portland,203081,Damian Lillard,Damian,,DNP - Injury/Illness,,,,,,,,,,,,,,,,,,,,
22200311,1610612757,POR,Portland,1631133,Jabari Walker,Jabari,,DNP - Coach's Decision,,,,,,,,,,,,,,,,,,,,
22200310,1610612744,GSW,Golden State,203952,Andrew Wiggins,Andrew,F,,27:17,4.0,11.0,0.364,1.0,6.0,0.167,1.0,2.0,0.5,0.0,1.0,1.0,2.0,0.0,0.0,0.0,2.0,10.0,-23.0
22200310,1610612744,GSW,Golden State,203110,Draymond Green,Draymond,F,,32:46,6.0,10.0,0.6,0.0,3.0,0.0,0.0,0.0,0.0,0.0,6.0,6.0,4.0,1.0,1.0,3.0,3.0,12.0,-5.0
22200310,1610612744,GSW,Golden State,1626172,Kevon Looney,Kevon,C,,17:38,4.0,4.0,1.0,0.0,0.0,0.0,3.0,3.0,1.0,3.0,3.0,6.0,1.0,0.0,0.0,0.0,1.0,11.0,-15.0
22200310,1610612744,GSW,Golden State,202691,Klay Thompson,Klay,G,,31:03,2.0,9.0,0.222,1.0,6.0,0.167,0.0,0.0,0.0,0.0,7.0,7.0,2.0,0.0,0.0,1.0,1.0,5.0,-21.0
22200310,1610612744,GSW,Golden State,201939,Stephen Curry,Stephen,G,,37:48,11.0,24.0,0.458,5.0,14.0,0.357,5.0,6.0,0.833,1.0,4.0,5.0,5.0,0.0,0.0,4.0,4.0,32.0,-12.0
22200310,1610612744,GSW,Golden State,1629673,Jordan Poole,Jordan,,,26:52,3.0,9.0,0.333,1.0,6.0,0.167,2.0,2.0,1.0,0.0,2.0,2.0,9.0,1.0,0.0,5.0,4.0,9.0,14.0
22200310,1610612744,GSW,Golden State,203210,JaMychal Green,JaMychal,,,8:05,1.0,2.0,0.5,0.0,1.0,0.0,1.0,1.0,1.0,0.0,1.0,1.0,0.0,1.0,0.0,1.0,2.0,3.0,-2.0
22200310,1610612744,GSW,Golden State,1628978,Donte DiVincenzo,Donte,,,16:53,1.0,5.0,0.2,0.0,2.0,0.0,4.0,4.0,1.0,2.0,5.0,7.0,2.0,2.0,0.0,1.0,1.0,6.0,15.0
22200310,1610612744,GSW,Golden State,1630228,Jonathan Kuminga,Jonathan,,,25:34,6.0,8.0,0.75,1.0,1.0,1.0,1.0,4.0,0.25,3.0,7.0,10.0,1.0,0.0,2.0,2.0,3.0,14.0,21.0
22200310,1610612744,GSW,Golden State,1630237,Anthony Lamb,Anthony,,,16:06,4.0,6.0,0.667,2.0,4.0,0.5,1.0,1.0,1.0,1.0,4.0,5.0,1.0,1.0,0.0,1.0,2.0,11.0,13.0
22200310,1610612744,GSW,Golden State,1630541,Moses Moody,Moses,,DNP - Coach's Decision,,,,,,,,,,,,,,,,,,,,
22200310,1610612742,DAL,Dallas,203501,Tim Hardaway Jr.,Tim,F,,31:21,8.0,16.0,0.5,5.0,11.0,0.455,1.0,2.0,0.5,0.0,4.0,4.0,2.0,0.0,0.0,0.0,3.0,22.0,19.0
22200310,1610612742,DAL,Dallas,1627827,Dorian Finney-Smith,Dorian,F,,29:26,2.0,6.0,0.333,1.0,4.0,0.25,1.0,2.0,0.5,3.0,6.0,9.0,2.0,0.0,0.0,0.0,1.0,6.0,12.0
22200310,1610612742,DAL,Dallas,203939,Dwight Powell,Dwight,C,,18:25,2.0,3.0,0.667,0.0,0.0,0.0,0.0,0.0,0.0,1.0,2.0,3.0,0.0,0.0,1.0,0.0,4.0,4.0,13.0
22200310,1610612742,DAL,Dallas,203915,Spencer Dinwiddie,Spencer,G,,22:45,5.0,12.0,0.417,0.0,4.0,0.0,4.0,4.0,1.0,0.0,0.0,0.0,2.0,2.0,0.0,3.0,1.0,14.0,0.0
22200310,1610612742,DAL,Dallas,1629029,Luka Dončić,Luka,G,,39:17,14.0,27.0,0.519,4.0,9.0,0.444,9.0,15.0,0.6,2.0,10.0,12.0,12.0,4.0,1.0,5.0,3.0,41.0,22.0
22200310,1610612742,DAL,Dallas,1626174,Christian Wood,Christian,,,25:48,2.0,12.0,0.167,0.0,5.0,0.0,0.0,2.0,0.0,1.0,7.0,8.0,1.0,0.0,1.0,2.0,3.0,4.0,-16.0
22200310,1610612742,DAL,Dallas,203493,Reggie Bullock Jr.,Reggie,,,13:37,0.0,3.0,0.0,0.0,3.0,0.0,0.0,0.0,0.0,0.0,0.0,0.0,0.0,0.0,0.0,0.0,0.0,0.0,-14.0
22200310,1610612742,DAL,Dallas,1630182,Josh Green,Josh,,,26:59,5.0,7.0,0.714,3.0,5.0,0.6,0.0,0.0,0.0,1.0,1.0,2.0,1.0,1.0,0.0,1.0,2.0,13.0,-9.0
22200310,1610612742,DAL,Dallas,1628467,Maxi Kleber,Maxi,,,25:07,2.0,3.0,0.667,0.0,1.0,0.0,2.0,2.0,1.0,0.0,1.0,1.0,1.0,0.0,1.0,1.0,3.0,6.0,-6.0
22200310,1610612742,DAL,Dallas,202722,Dāvis Bertāns,Dāvis,,,7:16,2.0,2.0,1.0,2.0,2.0,1.0,0.0,0.0,0.0,0.0,0.0,0.0,0.0,0.0,0.0,1.0,1.0,6.0,-6.0
22200310,1610612742,DAL,Dallas,1630702,Jaden Hardy,Jaden,,DNP - Coach's Decision,,,,,,,,,,,,,,,,,,,,
22200310,1610612742,DAL,Dallas,201580,JaVale McGee,JaVale,,DNP - Coach's Decision,,,,,,,,,,,,,,,,,,,,
22200310,1610612742,DAL,Dallas,1628373,Frank Ntilikina,Frank,,DNP - Coach's Decision,,,,,,,,,,,,,,,,,,,,
22200310,1610612742,DAL,Dallas,1629033,Theo Pinson,Theo,,DNP - Coach's Decision,,,,,,,,,,,,,,,,,,,,
22200309,1610612752,NYK,New York,1629628,RJ Barrett,RJ,F,,23:43,4.0,11.0,0.364,2.0,5.0,0.4,6.0,8.0,0.75,2.0,2.0,4.0,3.0,0.0,0.0,0.0,1.0,16.0,32.0
22200309,1610612752,NYK,New York,203944,Julius Randle,Julius,F,,30:57,14.0,24.0,0.583,6.0,13.0,0.462,2.0,4.0,0.5,1.0,6.0,7.0,5.0,1.0,0.0,3.0,3.0,36.0,36.0
22200309,1610612752,NYK,New York,1629011,Mitchell Robinson,Mitchell,C,,26:14,3.0,6.0,0.5,0.0,0.0,0.0,0.0,0.0,0.0,5.0,8.0,13.0,2.0,2.0,1.0,2.0,1.0,6.0,31.0
22200309,1610612752,NYK,New York,1629656,Quentin Grimes,Quentin,G,,27:42,6.0,7.0,0.857,3.0,4.0,0.75,1.0,1.0,1.0,2.0,4.0,6.0,2.0,2.0,0.0,0.0,3.0,16.0,37.0
22200309,1610612752,NYK,New York,1628973,Jalen Brunson,Jalen,G,,18:15,6.0,8.0,0.75,2.0,2.0,1.0,2.0,2.0,1.0,1.0,0.0,1.0,5.0,1.0,0.0,1.0,4.0,16.0,15.0
22200309,1610612752,NYK,New York,201565,Derrick Rose,Derrick,,,24:31,2.0,7.0,0.286,1.0,2.0,0.5,0.0,0.0,0.0,1.0,2.0,3.0,2.0,1.0,0.0,1.0,1.0,5.0,17.0
22200309,1610612752,NYK,New York,1628392,Isaiah Hartenstein,Isaiah,,,14:20,3.0,4.0,0.75,0.0,0.0,0.0,2.0,3.0,0.667,3.0,2.0,5.0,1.0,1.0,0.0,2.0,2.0,8.0,0.0
22200309,1610612752,NYK,New York,1630193,Immanuel Quickley,Immanuel,,,22:21,7.0,12.0,0.583,0.0,2.0,0.0,1.0,1.0,1.0,0.0,1.0,1.0,4.0,0.0,0.0,3.0,3.0,15.0,-3.0
22200309,1610612752,NYK,New York,1630167,Obi Toppin,Obi,,,18:14,3.0,4.0,0.75,2.0,3.0,0.667,0.0,0.0,0.0,0.0,3.0,3.0,2.0,0.0,0.0,0.0,0.0,8.0,-8.0
22200309,1610612752,NYK,New York,1629629,Cam Reddish,Cam,,,17:29,2.0,6.0,0.333,0.0,3.0,0.0,2.0,2.0,1.0,0.0,1.0,1.0,0.0,0.0,0.0,0.0,0.0,6.0,-8.0
22200309,1610612752,NYK,New York,1630540,Miles McBride,Miles,,,5:14,1.0,2.0,0.5,0.0,1.0,0.0,0.0,0.0,0.0,0.0,0.0,0.0,3.0,1.0,0.0,0.0,0.0,2.0,-2.0
22200309,1610612752,NYK,New York,1630579,Jericho Sims,Jericho,,,6:15,3.0,3.0,1.0,0.0,0.0,0.0,0.0,0.0,0.0,2.0,4.0,6.0,1.0,0.0,0.0,1.0,0.0,6.0,1.0
22200309,1610612752,NYK,New York,1629004,Svi Mykhailiuk,Svi,,,2:49,0.0,2.0,0.0,0.0,0.0,0.0,0.0,0.0,0.0,0.0,1.0,1.0,0.0,0.0,0.0,0.0,0.0,0.0,1.0
22200309,1610612752,NYK,New York,1627853,Ryan Arcidiacono,Ryan,,,1:56,0.0,0.0,0.0,0.0,0.0,0.0,0.0,0.0,0.0,0.0,0.0,0.0,1.0,0.0,0.0,1.0,1.0,0.0,1.0
22200309,1610612752,NYK,New York,203095,Evan Fournier,Evan,,DNP - Coach's Decision,,,,,,,,,,,,,,,,,,,,
22200309,1610612765,DET,Detroit,202711,Bojan Bogdanović,Bojan,F,,19:22,4.0,6.0,0.667,1.0,2.0,0.5,4.0,6.0,0.667,0.0,0.0,0.0,2.0,0.0,0.0,3.0,0.0,13.0,-21.0
22200309,1610612765,DET,Detroit,1630191,Isaiah Stewart,Isaiah,F,,26:02,6.0,13.0,0.462,5.0,9.0,0.556,2.0,2.0,1.0,1.0,4.0,5.0,1.0,0.0,1.0,2.0,2.0,19.0,-22.0
22200309,1610612765,DET,Detroit,1628963,Marvin Bagley III,Marvin,C,,23:22,5.0,10.0,0.5,3.0,6.0,0.5,0.0,0.0,0.0,2.0,5.0,7.0,2.0,0.0,0.0,4.0,2.0,13.0,-20.0
22200309,1610612765,DET,Detroit,1630587,Isaiah Livers,Isaiah,G,,23:10,2.0,5.0,0.4,2.0,5.0,0.4,0.0,0.0,0.0,0.0,3.0,3.0,1.0,0.0,0.0,0.0,0.0,6.0,-23.0
22200309,1610612765,DET,Detroit,1630165,Killian Hayes,Killian,G,,26:02,5.0,11.0,0.455,1.0,4.0,0.25,0.0,0.0,0.0,0.0,1.0,1.0,6.0,3.0,0.0,0.0,1.0,11.0,-22.0
22200309,1610612765,DET,Detroit,202709,Cory Joseph,Cory,,,21:58,5.0,8.0,0.625,1.0,2.0,0.5,0.0,0.0,0.0,0.0,1.0,1.0,3.0,1.0,0.0,1.0,4.0,11.0,-8.0
22200309,1610612765,DET,Detroit,1631105,Jalen Duren,Jalen,,,26:59,6.0,7.0,0.857,0.0,0.0,0.0,0.0,0.0,0.0,3.0,2.0,5.0,1.0,1.0,0.0,1.0,3.0,12.0,-13.0
22200309,1610612765,DET,Detroit,1630180,Saddiq Bey,Saddiq,,,18:23,4.0,11.0,0.364,0.0,5.0,0.0,3.0,3.0,1.0,0.0,1.0,1.0,1.0,0.0,0.0,0.0,1.0,11.0,-9.0
22200309,1610612765,DET,Detroit,1628995,Kevin Knox II,Kevin,,,17:03,1.0,4.0,0.25,0.0,3.0,0.0,3.0,5.0,0.6,0.0,3.0,3.0,1.0,1.0,2.0,0.0,1.0,5.0,-2.0
22200309,1610612765,DET,Detroit,202692,Alec Burks,Alec,,,14:46,0.0,2.0,0.0,0.0,2.0,0.0,0.0,0.0,0.0,0.0,2.0,2.0,5.0,1.0,0.0,2.0,2.0,0.0,-7.0
22200309,1610612765,DET,Detroit,1628977,Hamidou Diallo,Hamidou,,,14:34,4.0,5.0,0.8,0.0,0.0,0.0,1.0,4.0,0.25,1.0,0.0,1.0,4.0,0.0,1.0,1.0,1.0,9.0,-2.0
22200309,1610612765,DET,Detroit,203585,Rodney McGruder,Rodney,,,8:19,0.0,1.0,0.0,0.0,1.0,0.0,0.0,0.0,0.0,0.0,1.0,1.0,1.0,0.0,0.0,2.0,0.0,0.0,-1.0
22200303,1610612739,CLE,Cleveland,1630171,Isaac Okoro,Isaac,F,,32:11,1.0,11.0,0.091,0.0,5.0,0.0,0.0,0.0,0.0,4.0,1.0,5.0,1.0,1.0,0.0,1.0,2.0,2.0,-13.0
22200303,1610612739,CLE,Cleveland,1629731,Dean Wade,Dean,F,,28:23,3.0,10.0,0.3,2.0,6.0,0.333,0.0,0.0,0.0,1.0,5.0,6.0,1.0,1.0,0.0,0.0,4.0,8.0,-9.0
22200303,1610612739,CLE,Cleveland,1630596,Evan Mobley,Evan,C,,32:30,7.0,14.0,0.5,0.0,4.0,0.0,4.0,6.0,0.667,3.0,12.0,15.0,1.0,1.0,2.0,1.0,1.0,18.0,-8.0
22200303,1610612739,CLE,Cleveland,1628378,Donovan Mitchell,Donovan,G,,25:28,3.0,11.0,0.273,1.0,5.0,0.2,1.0,1.0,1.0,0.0,1.0,1.0,2.0,0.0,0.0,0.0,1.0,8.0,-21.0
22200303,1610612739,CLE,Cleveland,1629636,Darius Garland,Darius,G,,33:07,7.0,11.0,0.636,2.0,5.0,0.4,2.0,2.0,1.0,1.0,3.0,4.0,10.0,3.0,1.0,2.0,3.0,18.0,-8.0
22200303,1610612739,CLE,Cleveland,201577,Robin Lopez,Robin,,,17:46,3.0,6.0,0.5,0.0,0.0,0.0,3.0,3.0,1.0,2.0,1.0,3.0,2.0,0.0,0.0,1.0,2.0,9.0,-9.0
22200303,1610612739,CLE,Cleveland,1627747,Caris LeVert,Caris,,,29:19,2.0,9.0,0.222,1.0,4.0,0.25,3.0,4.0,0.75,1.0,5.0,6.0,3.0,0.0,0.0,2.0,2.0,8.0,-12.0
22200303,1610612739,CLE,Cleveland,1626224,Cedi Osman,Cedi,,,28:06,4.0,12.0,0.333,1.0,8.0,0.125,0.0,0.0,0.0,0.0,2.0,2.0,0.0,1.0,0.0,2.0,2.0,9.0,6.0
22200303,1610612739,CLE,Cleveland,1630600,Isaiah Mobley,Isaiah,,,6:35,1.0,2.0,0.5,0.0,0.0,0.0,0.0,0.0,0.0,1.0,3.0,4.0,0.0,0.0,0.0,0.0,0.0,2.0,7.0
22200303,1610612739,CLE,Cleveland,203526,Raul Neto,Raul,,,6:35,3.0,4.0,0.75,0.0,1.0,0.0,0.0,0.0,0.0,0.0,1.0,1.0,1.0,0.0,0.0,0.0,1.0,6.0,7.0
22200303,1610612739,CLE,Cleveland,1628386,Jarrett Allen,Jarrett,,DND - Injury/Illness,,,,,,,,,,,,,,,,,,,,
22200303,1610612761,TOR,Toronto,1627823,Juancho Hernangomez,Juancho,F,,20:25,2.0,3.0,0.667,1.0,1.0,1.0,0.0,0.0,0.0,0.0,6.0,6.0,0.0,0.0,1.0,0.0,1.0,5.0,-1.0
22200303,1610612761,TOR,Toronto,1627783,Pascal Siakam,Pascal,F,,30:11,7.0,14.0,0.5,1.0,3.0,0.333,3.0,4.0,0.75,1.0,10.0,11.0,5.0,0.0,0.0,2.0,4.0,18.0,5.0
22200303,1610612761,TOR,Toronto,201152,Thaddeus Young,Thaddeus,C,,26:13,4.0,7.0,0.571,0.0,0.0,0.0,2.0,2.0,1.0,1.0,6.0,7.0,3.0,0.0,0.0,1.0,0.0,10.0,13.0
22200303,1610612761,TOR,Toronto,1628384,OG Anunoby,OG,G,,36:45,8.0,13.0,0.615,4.0,6.0,0.667,0.0,0.0,0.0,0.0,1.0,1.0,2.0,1.0,1.0,0.0,1.0,20.0,16.0
22200303,1610612761,TOR,Toronto,1627832,Fred VanVleet,Fred,G,,32:29,5.0,15.0,0.333,3.0,6.0,0.5,0.0,0.0,0.0,0.0,2.0,2.0,5.0,1.0,0.0,2.0,2.0,13.0,24.0
22200303,1610612761,TOR,Toronto,1631132,Christian Koloko,Christian,,,7:08,0.0,0.0,0.0,0.0,0.0,0.0,2.0,2.0,1.0,0.0,1.0,1.0,0.0,0.0,0.0,0.0,2.0,2.0,1.0
22200303,1610612761,TOR,Toronto,1630567,Scottie Barnes,Scottie,,,26:31,5.0,12.0,0.417,1.0,4.0,0.25,0.0,0.0,0.0,1.0,3.0,4.0,5.0,1.0,3.0,2.0,0.0,11.0,12.0
22200303,1610612761,TOR,Toronto,1629018,Gary Trent Jr.,Gary,,,25:52,4.0,9.0,0.444,2.0,5.0,0.4,4.0,5.0,0.8,2.0,5.0,7.0,1.0,1.0,0.0,3.0,4.0,14.0,2.0
22200303,1610612761,TOR,Toronto,1628449,Chris Boucher,Chris,,,21:45,1.0,4.0,0.25,0.0,1.0,0.0,3.0,4.0,0.75,0.0,2.0,2.0,0.0,0.0,0.0,0.0,2.0,5.0,0.0
22200303,1610612761,TOR,Toronto,203920,Khem Birch,Khem,,,4:29,0.0,2.0,0.0,0.0,0.0,0.0,0.0,0.0,0.0,1.0,1.0,2.0,1.0,0.0,0.0,0.0,0.0,0.0,-2.0
22200303,1610612761,TOR,Toronto,1630625,Dalano Banton,Dalano,,,4:28,1.0,4.0,0.25,0.0,1.0,0.0,0.0,0.0,0.0,1.0,1.0,2.0,1.0,0.0,0.0,0.0,1.0,2.0,-2.0
22200303,1610612761,TOR,Toronto,1630201,Malachi Flynn,Malachi,,,1:52,0.0,1.0,0.0,0.0,1.0,0.0,0.0,0.0,0.0,0.0,0.0,0.0,0.0,0.0,0.0,0.0,0.0,0.0,-4.0
22200303,1610612761,TOR,Toronto,1630288,Jeff Dowtin Jr.,Jeff,,,1:52,0.0,0.0,0.0,0.0,0.0,0.0,0.0,0.0,0.0,0.0,0.0,0.0,0.0,0.0,0.0,0.0,0.0,0.0,-4.0
22200303,1610612761,TOR,Toronto,1630551,Justin Champagnie,Justin,,DNP - Coach's Decision,,,,,,,,,,,,,,,,,,,,
22200303,1610612761,TOR,Toronto,1631199,Ron Harper Jr.,Ron,,DNP - Coach's Decision,,,,,,,,,,,,,,,,,,,,
22200300,1610612750,MIN,Minnesota,1630162,Anthony Edwards,Anthony,F,,36:49,9.0,19.0,0.474,1.0,6.0,0.167,10.0,11.0,0.909,3.0,5.0,8.0,2.0,2.0,0.0,7.0,2.0,29.0,-25.0
22200300,1610612750,MIN,Minnesota,1626157,Karl-Anthony Towns,Karl-Anthony,F,,21:58,2.0,6.0,0.333,0.0,1.0,0.0,4.0,6.0,0.667,1.0,1.0,2.0,4.0,0.0,0.0,3.0,3.0,8.0,-6.0
22200300,1610612750,MIN,Minnesota,203497,Rudy Gobert,Rudy,C,,28:31,7.0,7.0,1.0,0.0,0.0,0.0,5.0,5.0,1.0,4.0,3.0,7.0,0.0,0.0,1.0,1.0,3.0,19.0,-22.0
22200300,1610612750,MIN,Minnesota,1626156,D'Angelo Russell,D'Angelo,G,,32:33,6.0,15.0,0.4,1.0,7.0,0.143,4.0,4.0,1.0,0.0,4.0,4.0,5.0,1.0,1.0,3.0,2.0,17.0,-18.0
22200300,1610612750,MIN,Minnesota,203085,Austin Rivers,Austin,G,,24:25,2.0,5.0,0.4,0.0,3.0,0.0,0.0,0.0,0.0,0.0,1.0,1.0,2.0,0.0,0.0,0.0,4.0,4.0,-25.0
22200300,1610612750,MIN,Minnesota,203937,Kyle Anderson,Kyle,,,27:36,3.0,6.0,0.5,1.0,1.0,1.0,1.0,2.0,0.5,3.0,5.0,8.0,4.0,0.0,0.0,2.0,1.0,8.0,-6.0
22200300,1610612750,MIN,Minnesota,1629669,Jaylen Nowell,Jaylen,,,25:06,9.0,13.0,0.692,2.0,3.0,0.667,3.0,4.0,0.75,2.0,3.0,5.0,2.0,1.0,0.0,1.0,0.0,23.0,-5.0
22200300,1610612750,MIN,Minnesota,1627854,Bryn Forbes,Bryn,,,11:49,1.0,4.0,0.25,1.0,3.0,0.333,2.0,2.0,1.0,0.0,1.0,1.0,0.0,0.0,0.0,0.0,1.0,5.0,4.0
22200300,1610612750,MIN,Minnesota,1629675,Naz Reid,Naz,,,17:43,2.0,6.0,0.333,1.0,3.0,0.333,1.0,2.0,0.5,0.0,3.0,3.0,0.0,0.0,0.0,1.0,5.0,6.0,-2.0
22200300,1610612750,MIN,Minnesota,1630233,Nathan Knight,Nathan,,,4:30,0.0,0.0,0.0,0.0,0.0,0.0,2.0,2.0,1.0,0.0,1.0,1.0,0.0,0.0,0.0,0.0,0.0,2.0,10.0
22200300,1610612750,MIN,Minnesota,1631169,Josh Minott,Josh,,,4:30,1.0,1.0,1.0,0.0,0.0,0.0,2.0,2.0,1.0,2.0,1.0,3.0,1.0,0.0,1.0,0.0,1.0,4.0,10.0
22200300,1610612750,MIN,Minnesota,1631111,Wendell Moore Jr.,Wendell,,,4:30,0.0,2.0,0.0,0.0,0.0,0.0,2.0,2.0,1.0,0.0,2.0,2.0,0.0,0.0,0.0,0.0,1.0,2.0,10.0
22200300,1610612764,WAS,Washington,1630166,Deni Avdija,Deni,F,,18:36,2.0,6.0,0.333,0.0,2.0,0.0,2.0,2.0,1.0,0.0,6.0,6.0,0.0,2.0,0.0,0.0,3.0,6.0,7.0
22200300,1610612764,WAS,Washington,1628398,Kyle Kuzma,Kyle,F,,30:55,9.0,16.0,0.563,4.0,7.0,0.571,1.0,2.0,0.5,1.0,7.0,8.0,9.0,0.0,0.0,0.0,4.0,23.0,28.0
22200300,1610612764,WAS,Washington,204001,Kristaps Porziņģis,Kristaps,C,,30:54,12.0,18.0,0.667,6.0,10.0,0.6,11.0,11.0,1.0,2.0,2.0,4.0,3.0,2.0,3.0,1.0,3.0,41.0,13.0
22200300,1610612764,WAS,Washington,203078,Bradley Beal,Bradley,G,,34:08,9.0,14.0,0.643,1.0,4.0,0.25,3.0,3.0,1.0,0.0,1.0,1.0,5.0,2.0,0.0,3.0,3.0,22.0,20.0
22200300,1610612764,WAS,Washington,1628420,Monté Morris,Monté,G,,22:13,3.0,6.0,0.5,1.0,2.0,0.5,0.0,0.0,0.0,1.0,0.0,1.0,5.0,2.0,0.0,0.0,0.0,7.0,29.0
22200300,1610612764,WAS,Washington,1630264,Anthony Gill,Anthony,,,11:18,2.0,5.0,0.4,0.0,1.0,0.0,0.0,0.0,0.0,1.0,1.0,2.0,0.0,0.0,0.0,0.0,1.0,4.0,-13.0
22200300,1610612764,WAS,Washington,1630692,Jordan Goodwin,Jordan,,,22:57,5.0,6.0,0.833,0.0,0.0,0.0,0.0,0.0,0.0,0.0,3.0,3.0,6.0,1.0,0.0,2.0,2.0,10.0,-2.0
22200300,1610612764,WAS,Washington,203115,Will Barton,Will,,,18:22,3.0,6.0,0.5,1.0,1.0,1.0,2.0,2.0,1.0,0.0,3.0,3.0,2.0,3.0,0.0,0.0,1.0,9.0,16.0
22200300,1610612764,WAS,Washington,1630557,Corey Kispert,Corey,,,19:39,4.0,4.0,1.0,2.0,2.0,1.0,1.0,2.0,0.5,0.0,1.0,1.0,1.0,0.0,0.0,0.0,1.0,11.0,19.0
22200300,1610612764,WAS,Washington,1629655,Daniel Gafford,Daniel,,,16:53,2.0,3.0,0.667,0.0,0.0,0.0,2.0,4.0,0.5,2.0,2.0,4.0,0.0,0.0,2.0,0.0,3.0,6.0,2.0
22200300,1610612764,WAS,Washington,1631098,Johnny Davis,Johnny,,,4:14,1.0,3.0,0.333,0.0,1.0,0.0,1.0,1.0,1.0,0.0,0.0,0.0,0.0,0.0,0.0,0.0,3.0,3.0,-11.0
22200300,1610612764,WAS,Washington,1630225,Isaiah Todd,Isaiah,,,3:47,0.0,1.0,0.0,0.0,1.0,0.0,0.0,0.0,0.0,0.0,0.0,0.0,0.0,0.0,0.0,0.0,0.0,0.0,-11.0
22200300,1610612764,WAS,Washington,1629653,Devon Dotson,Devon,,,3:06,0.0,1.0,0.0,0.0,0.0,0.0,0.0,0.0,0.0,0.0,0.0,0.0,0.0,0.0,0.0,0.0,0.0,0.0,-11.0
22200300,1610612764,WAS,Washington,1630176,Vernon Carey Jr.,Vernon,,,2:58,0.0,2.0,0.0,0.0,0.0,0.0,0.0,0.0,0.0,0.0,1.0,1.0,0.0,0.0,0.0,1.0,1.0,0.0,-11.0
22200300,1610612764,WAS,Washington,201959,Taj Gibson,Taj,,DNP - Coach's Decision,,,,,,,,,,,,,,,,,,,,
22200305,1610612745,HOU,Houston,201569,Eric Gordon,Eric,F,,28:06,4.0,10.0,0.4,3.0,7.0,0.429,0.0,0.0,0.0,2.0,0.0,2.0,1.0,0.0,0.0,0.0,0.0,11.0,-10.0
22200305,1610612745,HOU,Houston,1631095,Jabari Smith Jr.,Jabari,F,,17:26,3.0,4.0,0.75,3.0,4.0,0.75,0.0,0.0,0.0,1.0,2.0,3.0,1.0,0.0,0.0,1.0,3.0,9.0,-2.0
22200305,1610612745,HOU,Houston,1630578,Alperen Sengun,Alperen,C,,23:21,7.0,14.0,0.5,0.0,2.0,0.0,4.0,5.0,0.8,3.0,4.0,7.0,3.0,0.0,0.0,4.0,4.0,18.0,2.0
22200305,1610612745,HOU,Houston,1630224,Jalen Green,Jalen,G,,30:44,5.0,15.0,0.333,1.0,7.0,0.143,6.0,8.0,0.75,0.0,2.0,2.0,7.0,0.0,0.0,5.0,2.0,17.0,-14.0
22200305,1610612745,HOU,Houston,1629645,Kevin Porter Jr.,Kevin,G,,29:29,4.0,9.0,0.444,4.0,7.0,0.571,0.0,0.0,0.0,2.0,2.0,4.0,6.0,1.0,1.0,1.0,2.0,12.0,-13.0
22200305,1610612745,HOU,Houston,1630231,KJ Martin,KJ,,,27:42,5.0,9.0,0.556,2.0,5.0,0.4,3.0,5.0,0.6,2.0,4.0,6.0,1.0,0.0,0.0,0.0,0.0,15.0,-14.0
22200305,1610612745,HOU,Houston,1631106,Tari Eason,Tari,,,18:57,2.0,6.0,0.333,1.0,3.0,0.333,1.0,2.0,0.5,1.0,2.0,3.0,0.0,1.0,0.0,1.0,1.0,6.0,-12.0
22200305,1610612745,HOU,Houston,1630586,Usman Garuba,Usman,,,10:39,2.0,2.0,1.0,0.0,0.0,0.0,0.0,0.0,0.0,0.0,3.0,3.0,0.0,0.0,0.0,1.0,2.0,4.0,-10.0
22200305,1610612745,HOU,Houston,1630227,Daishen Nix,Daishen,,,18:31,2.0,3.0,0.667,1.0,2.0,0.5,2.0,2.0,1.0,0.0,1.0,1.0,4.0,0.0,0.0,1.0,2.0,7.0,-3.0
22200305,1610612745,HOU,Houston,1629726,Garrison Mathews,Garrison,,,14:58,1.0,6.0,0.167,1.0,6.0,0.167,0.0,0.0,0.0,0.0,2.0,2.0,0.0,1.0,0.0,0.0,2.0,3.0,0.0
22200305,1610612745,HOU,Houston,1628981,Bruno Fernando,Bruno,,,8:03,2.0,2.0,1.0,0.0,0.0,0.0,0.0,0.0,0.0,1.0,1.0,2.0,0.0,1.0,0.0,2.0,2.0,4.0,-9.0
22200305,1610612745,HOU,Houston,1630528,Josh Christopher,Josh,,,6:07,1.0,2.0,0.5,0.0,0.0,0.0,2.0,2.0,1.0,0.0,1.0,1.0,2.0,0.0,0.0,1.0,0.0,4.0,4.0
22200305,1610612745,HOU,Houston,1626246,Boban Marjanović,Boban,,,5:57,1.0,3.0,0.333,0.0,1.0,0.0,1.0,1.0,1.0,0.0,1.0,1.0,0.0,0.0,1.0,0.0,0.0,3.0,1.0
22200305,1610612743,DEN,Denver,1628971,Bruce Brown,Bruce,F,,34:57,4.0,10.0,0.4,1.0,3.0,0.333,3.0,3.0,1.0,1.0,2.0,3.0,3.0,2.0,1.0,1.0,3.0,12.0,2.0
22200305,1610612743,DEN,Denver,203932,Aaron Gordon,Aaron,F,,13:50,2.0,3.0,0.667,0.0,1.0,0.0,0.0,0.0,0.0,1.0,2.0,3.0,0.0,1.0,0.0,2.0,4.0,4.0,7.0
22200305,1610612743,DEN,Denver,203999,Nikola Jokić,Nikola,C,,27:26,11.0,17.0,0.647,1.0,2.0,0.5,9.0,10.0,0.9,6.0,6.0,12.0,8.0,0.0,0.0,3.0,2.0,32.0,8.0
22200305,1610612743,DEN,Denver,203484,Kentavious Caldwell-Pope,Kentavious,G,,23:27,3.0,4.0,0.75,2.0,3.0,0.667,0.0,0.0,0.0,0.0,0.0,0.0,2.0,0.0,1.0,0.0,0.0,8.0,2.0
22200305,1610612743,DEN,Denver,1627750,Jamal Murray,Jamal,G,,25:28,11.0,17.0,0.647,4.0,8.0,0.5,5.0,6.0,0.833,0.0,2.0,2.0,5.0,1.0,1.0,2.0,3.0,31.0,7.0
22200305,1610612743,DEN,Denver,1628427,Vlatko Čančar,Vlatko,,,19:16,0.0,3.0,0.0,0.0,1.0,0.0,0.0,0.0,0.0,0.0,2.0,2.0,3.0,2.0,0.0,1.0,3.0,0.0,2.0
22200305,1610612743,DEN,Denver,202397,Ish Smith,Ish,,,26:12,5.0,9.0,0.556,0.0,1.0,0.0,0.0,0.0,0.0,1.0,4.0,5.0,8.0,2.0,1.0,3.0,0.0,10.0,16.0
22200305,1610612743,DEN,Denver,1628432,Davon Reed,Davon,,,25:09,3.0,6.0,0.5,3.0,6.0,0.5,0.0,0.0,0.0,0.0,3.0,3.0,1.0,0.0,0.0,0.0,2.0,9.0,20.0
22200305,1610612743,DEN,Denver,201599,DeAndre Jordan,DeAndre,,,18:33,4.0,5.0,0.8,0.0,0.0,0.0,0.0,0.0,0.0,2.0,8.0,10.0,1.0,0.0,0.0,1.0,2.0,8.0,11.0
22200305,1610612743,DEN,Denver,1630192,Zeke Nnaji,Zeke,,,17:44,7.0,12.0,0.583,1.0,4.0,0.25,0.0,1.0,0.0,2.0,1.0,3.0,0.0,0.0,0.0,1.0,2.0,15.0,9.0
22200305,1610612743,DEN,Denver,1631128,Christian Braun,Christian,,,5:57,0.0,1.0,0.0,0.0,1.0,0.0,0.0,0.0,0.0,0.0,0.0,0.0,0.0,0.0,0.0,0.0,0.0,0.0,-1.0
22200305,1610612743,DEN,Denver,1631298,Jack White,Jack,,,2:01,0.0,1.0,0.0,0.0,0.0,0.0,0.0,0.0,0.0,0.0,0.0,0.0,0.0,0.0,0.0,0.0,1.0,0.0,-3.0
22200307,1610612756,PHX,Phoenix,1628969,Mikal Bridges,Mikal,F,,40:29,6.0,14.0,0.429,1.0,6.0,0.167,0.0,1.0,0.0,2.0,6.0,8.0,7.0,3.0,3.0,2.0,0.0,13.0,-3.0
22200307,1610612756,PHX,Phoenix,1628470,Torrey Craig,Torrey,F,,31:32,5.0,10.0,0.5,1.0,3.0,0.333,0.0,0.0,0.0,4.0,2.0,6.0,3.0,0.0,0.0,0.0,1.0,11.0,-1.0
22200307,1610612756,PHX,Phoenix,1629028,Deandre Ayton,Deandre,C,,34:44,8.0,10.0,0.8,0.0,0.0,0.0,1.0,2.0,0.5,3.0,9.0,12.0,1.0,0.0,0.0,1.0,3.0,17.0,7.0
22200307,1610612756,PHX,Phoenix,1626164,Devin Booker,Devin,G,,40:39,17.0,28.0,0.607,1.0,6.0,0.167,9.0,9.0,1.0,0.0,8.0,8.0,4.0,6.0,0.0,6.0,4.0,44.0,14.0
22200307,1610612756,PHX,Phoenix,1626166,Cameron Payne,Cameron,G,,23:31,2.0,10.0,0.2,1.0,3.0,0.333,0.0,0.0,0.0,0.0,2.0,2.0,7.0,0.0,0.0,2.0,5.0,5.0,-10.0
22200307,1610612756,PHX,Phoenix,1629013,Landry Shamet,Landry,,,18:13,2.0,5.0,0.4,2.0,5.0,0.4,0.0,0.0,0.0,0.0,2.0,2.0,0.0,0.0,0.0,1.0,2.0,6.0,2.0
22200307,1610612756,PHX,Phoenix,1630613,Duane Washington Jr.,Duane,,,9:28,2.0,3.0,0.667,1.0,2.0,0.5,0.0,0.0,0.0,0.0,0.0,0.0,0.0,0.0,1.0,1.0,0.0,5.0,7.0
22200307,1610612756,PHX,Phoenix,1627814,Damion Lee,Damion,,,25:11,6.0,11.0,0.545,3.0,7.0,0.429,0.0,0.0,0.0,1.0,3.0,4.0,1.0,0.0,0.0,2.0,2.0,15.0,9.0
22200307,1610612756,PHX,Phoenix,202687,Bismack Biyombo,Bismack,,,8:52,2.0,3.0,0.667,0.0,0.0,0.0,0.0,0.0,0.0,1.0,2.0,3.0,2.0,0.0,2.0,2.0,1.0,4.0,0.0
22200307,1610612756,PHX,Phoenix,1630688,Ish Wainright,Ish,,,3:04,0.0,0.0,0.0,0.0,0.0,0.0,0.0,0.0,0.0,0.0,0.0,0.0,0.0,0.0,0.0,0.0,1.0,0.0,2.0
22200307,1610612756,PHX,Phoenix,1629111,Jock Landale,Jock,,,4:17,0.0,0.0,0.0,0.0,0.0,0.0,2.0,2.0,1.0,0.0,0.0,0.0,1.0,0.0,1.0,0.0,1.0,2.0,-2.0
22200307,1610612756,PHX,Phoenix,1629006,Josh Okogie,Josh,,DNP - Coach's Decision,,,,,,,,,,,,,,,,,,,,
22200307,1610612756,PHX,Phoenix,203967,Dario Šarić,Dario,,DNP - Coach's Decision,,,,,,,,,,,,,,,,,,,,
22200307,1610612758,SAC,Sacramento,203084,Harrison Barnes,Harrison,F,,28:03,1.0,4.0,0.25,0.0,1.0,0.0,4.0,5.0,0.8,1.0,1.0,2.0,2.0,2.0,0.0,0.0,1.0,6.0,1.0
22200307,1610612758,SAC,Sacramento,1631099,Keegan Murray,Keegan,F,,22:46,5.0,11.0,0.455,1.0,1.0,1.0,0.0,0.0,0.0,1.0,1.0,2.0,1.0,0.0,1.0,3.0,2.0,11.0,-11.0
22200307,1610612758,SAC,Sacramento,1627734,Domantas Sabonis,Domantas,C,,36:60,8.0,10.0,0.8,1.0,2.0,0.5,0.0,0.0,0.0,2.0,7.0,9.0,10.0,1.0,2.0,5.0,1.0,17.0,-5.0
22200307,1610612758,SAC,Sacramento,1628989,Kevin Huerter,Kevin,G,,32:26,8.0,15.0,0.533,0.0,5.0,0.0,2.0,3.0,0.667,1.0,6.0,7.0,3.0,3.0,0.0,2.0,2.0,18.0,-6.0
22200307,1610612758,SAC,Sacramento,1628368,De'Aaron Fox,De'Aaron,G,,28:44,4.0,12.0,0.333,1.0,3.0,0.333,2.0,2.0,1.0,1.0,4.0,5.0,5.0,1.0,3.0,1.0,1.0,11.0,-16.0
22200307,1610612758,SAC,Sacramento,1628370,Malik Monk,Malik,,,30:17,12.0,17.0,0.706,2.0,5.0,0.4,4.0,4.0,1.0,1.0,0.0,1.0,8.0,1.0,0.0,3.0,1.0,30.0,5.0
22200307,1610612758,SAC,Sacramento,1630558,Davion Mitchell,Davion,,,25:20,2.0,7.0,0.286,1.0,3.0,0.333,2.0,2.0,1.0,0.0,3.0,3.0,2.0,1.0,0.0,0.0,2.0,7.0,6.0
22200307,1610612758,SAC,Sacramento,1629644,KZ Okpala,KZ,,,5:02,1.0,2.0,0.5,0.0,0.0,0.0,0.0,0.0,0.0,0.0,0.0,0.0,0.0,0.0,0.0,0.0,1.0,2.0,-5.0
22200307,1610612758,SAC,Sacramento,1629002,Chimezie Metu,Chimezie,,,10:54,1.0,2.0,0.5,0.0,0.0,0.0,2.0,2.0,1.0,0.0,0.0,0.0,0.0,0.0,1.0,0.0,0.0,4.0,-2.0
22200307,1610612758,SAC,Sacramento,1629056,Terence Davis,Terence,,,19:29,4.0,8.0,0.5,3.0,5.0,0.6,0.0,0.0,0.0,1.0,7.0,8.0,1.0,0.0,0.0,1.0,4.0,11.0,8.0
22200307,1610612758,SAC,Sacramento,203521,Matthew Dellavedova,Matthew,,DNP - Coach's Decision,,,,,,,,,,,,,,,,,,,,
22200307,1610612758,SAC,Sacramento,1631165,Keon Ellis,Keon,,DNP - Coach's Decision,,,,,,,,,,,,,,,,,,,,
22200307,1610612758,SAC,Sacramento,1626158,Richaun Holmes,Richaun,,DNP - Coach's Decision,,,,,,,,,,,,,,,,,,,,
22200307,1610612758,SAC,Sacramento,203458,Alex Len,Alex,,DNP - Coach's Decision,,,,,,,,,,,,,,,,,,,,
22200307,1610612758,SAC,Sacramento,1629674,Neemias Queta,Neemias,,DNP - Coach's Decision,,,,,,,,,,,,,,,,,,,,
22200301,1610612766,CHA,Charlotte,1629667,Jalen McDaniels,Jalen,F,,29:59,9.0,12.0,0.75,4.0,6.0,0.667,2.0,2.0,1.0,0.0,1.0,1.0,2.0,0.0,0.0,3.0,5.0,24.0,-29.0
22200301,1610612766,CHA,Charlotte,1629023,P.J. Washington,P.J.,F,,26:05,5.0,9.0,0.556,3.0,5.0,0.6,3.0,4.0,0.75,1.0,1.0,2.0,2.0,0.0,1.0,3.0,1.0,16.0,-37.0
22200301,1610612766,CHA,Charlotte,203486,Mason Plumlee,Mason,C,,27:18,2.0,5.0,0.4,0.0,0.0,0.0,0.0,2.0,0.0,2.0,2.0,4.0,5.0,0.0,0.0,2.0,1.0,4.0,-17.0
22200301,1610612766,CHA,Charlotte,1626162,Kelly Oubre Jr.,Kelly,G,,26:05,11.0,18.0,0.611,0.0,4.0,0.0,0.0,1.0,0.0,2.0,3.0,5.0,3.0,2.0,0.0,3.0,2.0,22.0,-37.0
22200301,1610612766,CHA,Charlotte,1630177,Theo Maledon,Theo,G,,39:29,4.0,13.0,0.308,1.0,4.0,0.25,2.0,2.0,1.0,0.0,4.0,4.0,8.0,3.0,0.0,5.0,0.0,11.0,-23.0
22200301,1610612766,CHA,Charlotte,1630547,James Bouknight,James,,,23:59,1.0,7.0,0.143,0.0,3.0,0.0,0.0,0.0,0.0,1.0,5.0,6.0,1.0,2.0,0.0,0.0,0.0,2.0,-22.0
22200301,1610612766,CHA,Charlotte,1630208,Nick Richards,Nick,,,20:42,3.0,4.0,0.75,0.0,0.0,0.0,1.0,2.0,0.5,3.0,4.0,7.0,1.0,0.0,0.0,3.0,3.0,7.0,-18.0
22200301,1610612766,CHA,Charlotte,1631121,Bryce McGowens,Bryce,,,24:28,3.0,7.0,0.429,2.0,4.0,0.5,2.0,2.0,1.0,0.0,2.0,2.0,6.0,0.0,1.0,1.0,1.0,10.0,6.0
22200301,1610612766,CHA,Charlotte,1630539,Kai Jones,Kai,,,21:55,4.0,11.0,0.364,1.0,3.0,0.333,0.0,0.0,0.0,4.0,2.0,6.0,0.0,0.0,0.0,0.0,1.0,9.0,2.0
22200301,1610612766,CHA,Charlotte,1626179,Terry Rozier,Terry,,DND - Injury/Illness,,,,,,,,,,,,,,,,,,,,
22200301,1610612766,CHA,Charlotte,1628372,Dennis Smith Jr.,Dennis,,DND - Injury/Illness,,,,,,,,,,,,,,,,,,,,
22200301,1610612738,BOS,Boston,1628369,Jayson Tatum,Jayson,F,,29:50,15.0,28.0,0.536,4.0,14.0,0.286,1.0,1.0,1.0,0.0,3.0,3.0,3.0,2.0,1.0,0.0,3.0,35.0,45.0
22200301,1610612738,BOS,Boston,1629684,Grant Williams,Grant,F,,22:17,3.0,5.0,0.6,2.0,2.0,1.0,0.0,0.0,0.0,1.0,3.0,4.0,4.0,2.0,0.0,2.0,2.0,8.0,9.0
22200301,1610612738,BOS,Boston,201933,Blake Griffin,Blake,C,,21:35,4.0,5.0,0.8,1.0,2.0,0.5,0.0,0.0,0.0,2.0,2.0,4.0,0.0,0.0,0.0,1.0,4.0,9.0,19.0
22200301,1610612738,BOS,Boston,1628401,Derrick White,Derrick,G,,25:13,5.0,8.0,0.625,3.0,4.0,0.75,2.0,2.0,1.0,1.0,1.0,2.0,6.0,1.0,0.0,1.0,1.0,15.0,25.0
22200301,1610612738,BOS,Boston,203935,Marcus Smart,Marcus,G,,30:37,8.0,11.0,0.727,6.0,9.0,0.667,0.0,0.0,0.0,0.0,2.0,2.0,15.0,2.0,0.0,3.0,0.0,22.0,44.0
22200301,1610612738,BOS,Boston,1627763,Malcolm Brogdon,Malcolm,,,22:30,8.0,9.0,0.889,3.0,3.0,1.0,2.0,3.0,0.667,0.0,5.0,5.0,6.0,0.0,0.0,3.0,2.0,21.0,26.0
22200301,1610612738,BOS,Boston,1630573,Sam Hauser,Sam,,,27:20,4.0,7.0,0.571,3.0,6.0,0.5,0.0,0.0,0.0,0.0,3.0,3.0,2.0,1.0,2.0,2.0,0.0,11.0,7.0
22200301,1610612738,BOS,Boston,1628436,Luke Kornet,Luke,,,18:07,4.0,4.0,1.0,0.0,0.0,0.0,1.0,1.0,1.0,1.0,7.0,8.0,0.0,0.0,1.0,0.0,3.0,9.0,18.0
22200301,1610612738,BOS,Boston,1630202,Payton Pritchard,Payton,,,17:23,2.0,9.0,0.222,2.0,8.0,0.25,0.0,0.0,0.0,0.0,0.0,0.0,2.0,0.0,1.0,1.0,0.0,6.0,-9.0
22200301,1610612738,BOS,Boston,1628382,Justin Jackson,Justin,,,9:01,0.0,2.0,0.0,0.0,2.0,0.0,0.0,0.0,0.0,0.0,2.0,2.0,1.0,2.0,0.0,0.0,0.0,0.0,-5.0
22200301,1610612738,BOS,Boston,1629662,Mfiondu Kabengele,Mfiondu,,,8:18,1.0,2.0,0.5,0.0,1.0,0.0,0.0,0.0,0.0,3.0,1.0,4.0,0.0,0.0,0.0,0.0,1.0,2.0,-2.0
22200301,1610612738,BOS,Boston,203943,Noah Vonleh,Noah,,,7:49,1.0,3.0,0.333,0.0,1.0,0.0,0.0,0.0,0.0,1.0,1.0,2.0,1.0,0.0,0.0,0.0,2.0,2.0,-2.0
22200308,1610612754,IND,Indiana,1627741,Buddy Hield,Buddy,F,,31:52,5.0,13.0,0.385,1.0,6.0,0.167,4.0,5.0,0.8,2.0,2.0,4.0,1.0,0.0,0.0,1.0,4.0,15.0,3.0
22200308,1610612754,IND,Indiana,1630188,Jalen Smith,Jalen,F,,23:47,1.0,4.0,0.25,1.0,3.0,0.333,6.0,6.0,1.0,0.0,3.0,3.0,2.0,1.0,1.0,2.0,3.0,9.0,12.0
22200308,1610612754,IND,Indiana,1626167,Myles Turner,Myles,C,,34:56,7.0,17.0,0.412,1.0,7.0,0.143,0.0,0.0,0.0,3.0,10.0,13.0,4.0,0.0,3.0,0.0,2.0,15.0,3.0
22200308,1610612754,IND,Indiana,1630174,Aaron Nesmith,Aaron,G,,23:06,5.0,10.0,0.5,4.0,7.0,0.571,2.0,2.0,1.0,1.0,3.0,4.0,0.0,1.0,1.0,0.0,4.0,16.0,-10.0
22200308,1610612754,IND,Indiana,1630169,Tyrese Haliburton,Tyrese,G,,35:22,10.0,22.0,0.455,3.0,7.0,0.429,1.0,3.0,0.333,2.0,5.0,7.0,14.0,1.0,1.0,0.0,1.0,24.0,5.0
22200308,1610612754,IND,Indiana,1631097,Bennedict Mathurin,Bennedict,,,31:42,10.0,22.0,0.455,3.0,8.0,0.375,0.0,0.0,0.0,2.0,6.0,8.0,1.0,1.0,0.0,2.0,0.0,23.0,7.0
22200308,1610612754,IND,Indiana,1630543,Isaiah Jackson,Isaiah,,,3:37,0.0,0.0,0.0,0.0,0.0,0.0,0.0,0.0,0.0,0.0,1.0,1.0,0.0,0.0,1.0,1.0,2.0,0.0,1.0
22200308,1610612754,IND,Indiana,204456,T.J. McConnell,T.J.,,,13:04,1.0,6.0,0.167,0.0,2.0,0.0,0.0,0.0,0.0,0.0,3.0,3.0,4.0,1.0,1.0,0.0,1.0,2.0,-2.0
22200308,1610612754,IND,Indiana,1629614,Andrew Nembhard,Andrew,,,28:46,4.0,8.0,0.5,4.0,7.0,0.571,0.0,0.0,0.0,1.0,3.0,4.0,1.0,1.0,2.0,2.0,4.0,12.0,0.0
22200308,1610612754,IND,Indiana,1629052,Oshae Brissett,Oshae,,,8:18,0.0,2.0,0.0,0.0,1.0,0.0,0.0,0.0,0.0,1.0,1.0,2.0,1.0,0.0,0.0,0.0,1.0,0.0,-3.0
22200308,1610612754,IND,Indiana,1629048,Goga Bitadze,Goga,,,3:29,0.0,0.0,0.0,0.0,0.0,0.0,0.0,0.0,0.0,0.0,0.0,0.0,1.0,0.0,0.0,1.0,1.0,0.0,-3.0
22200308,1610612754,IND,Indiana,201949,James Johnson,James,,,2:01,0.0,1.0,0.0,0.0,1.0,0.0,0.0,0.0,0.0,0.0,0.0,0.0,0.0,0.0,0.0,0.0,1.0,0.0,-8.0
22200308,1610612754,IND,Indiana,1631112,Kendall Brown,Kendall,,DNP - Coach's Decision,,,,,,,,,,,,,,,,,,,,
22200308,1610612754,IND,Indiana,1630678,Terry Taylor,Terry,,DNP - Coach's Decision,,,,,,,,,,,,,,,,,,,,
22200308,1610612747,LAL,Los Angeles,1628972,Troy Brown Jr.,Troy,F,,28:45,1.0,5.0,0.2,1.0,2.0,0.5,0.0,0.0,0.0,4.0,6.0,10.0,1.0,0.0,1.0,1.0,1.0,3.0,-3.0
22200308,1610612747,LAL,Los Angeles,2544,LeBron James,LeBron,F,,36:10,8.0,22.0,0.364,3.0,10.0,0.3,2.0,3.0,0.667,1.0,6.0,7.0,3.0,1.0,0.0,1.0,1.0,21.0,-7.0
22200308,1610612747,LAL,Los Angeles,203076,Anthony Davis,Anthony,C,,36:30,9.0,15.0,0.6,0.0,0.0,0.0,7.0,10.0,0.7,3.0,10.0,13.0,6.0,0.0,4.0,2.0,4.0,25.0,-1.0
22200308,1610612747,LAL,Los Angeles,1629022,Lonnie Walker IV,Lonnie,G,,21:57,4.0,9.0,0.444,1.0,5.0,0.2,0.0,0.0,0.0,2.0,2.0,4.0,2.0,0.0,0.0,1.0,3.0,9.0,-4.0
22200308,1610612747,LAL,Los Angeles,203471,Dennis Schröder,Dennis,G,,30:29,2.0,6.0,0.333,1.0,4.0,0.25,3.0,4.0,0.75,0.0,3.0,3.0,4.0,1.0,0.0,1.0,4.0,8.0,-16.0
22200308,1610612747,LAL,Los Angeles,201566,Russell Westbrook,Russell,,,27:19,10.0,18.0,0.556,2.0,4.0,0.5,2.0,3.0,0.667,0.0,4.0,4.0,6.0,1.0,1.0,6.0,1.0,24.0,1.0
22200308,1610612747,LAL,Los Angeles,1630559,Austin Reaves,Austin,,,31:17,2.0,4.0,0.5,2.0,3.0,0.667,7.0,7.0,1.0,0.0,2.0,2.0,1.0,0.0,0.0,1.0,1.0,13.0,6.0
22200308,1610612747,LAL,Los Angeles,1629134,Kendrick Nunn,Kendrick,,,11:24,1.0,5.0,0.2,1.0,2.0,0.5,2.0,2.0,1.0,0.0,2.0,2.0,0.0,0.0,0.0,0.0,0.0,5.0,11.0
22200308,1610612747,LAL,Los Angeles,1629117,Wenyen Gabriel,Wenyen,,,13:00,2.0,7.0,0.286,0.0,1.0,0.0,1.0,2.0,0.5,5.0,4.0,9.0,0.0,0.0,1.0,1.0,1.0,5.0,5.0
22200308,1610612747,LAL,Los Angeles,1628418,Thomas Bryant,Thomas,,,3:09,1.0,2.0,0.5,0.0,0.0,0.0,0.0,0.0,0.0,3.0,0.0,3.0,0.0,0.0,0.0,0.0,0.0,2.0,3.0
22200308,1610612747,LAL,Los Angeles,201976,Patrick Beverley,Patrick,,NWT - League Suspension,,,,,,,,,,,,,,,,,,,,
22200308,1610612747,LAL,Los Angeles,1631108,Max Christie,Max,,DNP - Coach's Decision,,,,,,,,,,,,,,,,,,,,
22200308,1610612747,LAL,Los Angeles,1627745,Damian Jones,Damian,,DNP - Coach's Decision,,,,,,,,,,,,,,,,,,,,
22200308,1610612747,LAL,Los Angeles,1630346,Matt Ryan,Matt,,DNP - Coach's Decision,,,,,,,,,,,,,,,,,,,,
22200308,1610612747,LAL,Los Angeles,1629308,Juan Toscano-Anderson,Juan,,DNP - Coach's Decision,,,,,,,,,,,,,,,,,,,,
22200302,1610612753,ORL,Orlando,1629626,Bol Bol,Bol,F,,39:13,10.0,15.0,0.667,3.0,6.0,0.5,1.0,3.0,0.333,0.0,6.0,6.0,2.0,1.0,2.0,1.0,3.0,24.0,1.0
22200302,1610612753,ORL,Orlando,1631216,Caleb Houstan,Caleb,F,,30:52,1.0,4.0,0.25,1.0,3.0,0.333,0.0,0.0,0.0,1.0,6.0,7.0,1.0,1.0,0.0,0.0,2.0,3.0,-7.0
22200302,1610612753,ORL,Orlando,1631094,Paolo Banchero,Paolo,C,,38:45,9.0,17.0,0.529,1.0,1.0,1.0,5.0,10.0,0.5,2.0,2.0,4.0,5.0,2.0,0.0,5.0,3.0,24.0,-9.0
22200302,1610612753,ORL,Orlando,203914,Gary Harris,Gary,G,,35:40,7.0,12.0,0.583,4.0,6.0,0.667,1.0,1.0,1.0,1.0,3.0,4.0,3.0,1.0,2.0,3.0,2.0,19.0,-2.0
22200302,1610612753,ORL,Orlando,1630532,Franz Wagner,Franz,G,,30:42,8.0,16.0,0.5,3.0,6.0,0.5,2.0,3.0,0.667,2.0,0.0,2.0,2.0,2.0,0.0,4.0,5.0,21.0,-13.0
22200302,1610612753,ORL,Orlando,1630181,R.J. Hampton,R.J.,,,20:43,1.0,7.0,0.143,0.0,4.0,0.0,0.0,0.0,0.0,0.0,2.0,2.0,4.0,1.0,0.0,2.0,0.0,2.0,2.0
22200302,1610612753,ORL,Orlando,1629678,Admiral Schofield,Admiral,,,17:25,1.0,2.0,0.5,1.0,1.0,1.0,0.0,0.0,0.0,1.0,2.0,3.0,0.0,0.0,1.0,1.0,0.0,3.0,2.0
22200302,1610612753,ORL,Orlando,1629021,Moritz Wagner,Moritz,,,11:07,0.0,2.0,0.0,0.0,2.0,0.0,2.0,2.0,1.0,1.0,4.0,5.0,1.0,0.0,0.0,0.0,1.0,2.0,-3.0
22200302,1610612753,ORL,Orlando,1630284,Kevon Harris,Kevon,,,15:33,1.0,5.0,0.2,0.0,2.0,0.0,2.0,3.0,0.667,1.0,1.0,2.0,0.0,1.0,0.0,2.0,2.0,4.0,-6.0
22200302,1610612753,ORL,Orlando,1628964,Mo Bamba,Mo,,DND - Injury/Illness,,,,,,,,,,,,,,,,,,,,
22200302,1610612753,ORL,Orlando,1629643,Chuma Okeke,Chuma,,DND - Injury/Illness,,,,,,,,,,,,,,,,,,,,
22200302,1610612751,BKN,Brooklyn,201142,Kevin Durant,Kevin,F,,38:58,19.0,24.0,0.792,3.0,5.0,0.6,4.0,4.0,1.0,1.0,6.0,7.0,5.0,2.0,2.0,6.0,4.0,45.0,11.0
22200302,1610612751,BKN,Brooklyn,1626220,Royce O'Neale,Royce,F,,36:21,2.0,7.0,0.286,1.0,5.0,0.2,0.0,0.0,0.0,1.0,9.0,10.0,5.0,2.0,1.0,2.0,2.0,5.0,5.0
22200302,1610612751,BKN,Brooklyn,1629651,Nic Claxton,Nic,C,,36:20,7.0,10.0,0.7,0.0,0.0,0.0,3.0,5.0,0.6,5.0,8.0,13.0,1.0,0.0,3.0,1.0,4.0,17.0,-3.0
22200302,1610612751,BKN,Brooklyn,202681,Kyrie Irving,Kyrie,G,,38:43,9.0,17.0,0.529,2.0,5.0,0.4,0.0,0.0,0.0,0.0,2.0,2.0,3.0,0.0,1.0,4.0,5.0,20.0,6.0
22200302,1610612751,BKN,Brooklyn,1627732,Ben Simmons,Ben,G,,11:24,0.0,3.0,0.0,0.0,0.0,0.0,0.0,0.0,0.0,1.0,3.0,4.0,3.0,0.0,0.0,2.0,2.0,0.0,-3.0
22200302,1610612751,BKN,Brooklyn,203552,Seth Curry,Seth,,,24:48,1.0,4.0,0.25,1.0,3.0,0.333,0.0,0.0,0.0,0.0,2.0,2.0,1.0,2.0,0.0,1.0,0.0,3.0,9.0
22200302,1610612751,BKN,Brooklyn,1628410,Edmond Sumner,Edmond,,,7:18,0.0,2.0,0.0,0.0,1.0,0.0,0.0,0.0,0.0,0.0,0.0,0.0,1.0,0.0,0.0,0.0,0.0,0.0,-2.0
22200302,1610612751,BKN,Brooklyn,203925,Joe Harris,Joe,,,35:56,5.0,11.0,0.455,2.0,8.0,0.25,5.0,5.0,1.0,0.0,4.0,4.0,0.0,0.0,1.0,0.0,0.0,17.0,7.0
22200302,1610612751,BKN,Brooklyn,1630560,Cam Thomas,Cam,,,10:12,1.0,3.0,0.333,0.0,1.0,0.0,0.0,0.0,0.0,0.0,0.0,0.0,1.0,1.0,0.0,0.0,2.0,2.0,5.0
22200302,1610612751,BKN,Brooklyn,1630556,Kessler Edwards,Kessler,,DNP - Coach's Decision,,,,,,,,,,,,,,,,,,,,
22200302,1610612751,BKN,Brooklyn,201988,Patty Mills,Patty,,DNP - Coach's Decision,,,,,,,,,,,,,,,,,,,,
22200302,1610612751,BKN,Brooklyn,202693,Markieff Morris,Markieff,,DNP - Coach's Decision,,,,,,,,,,,,,,,,,,,,
22200302,1610612751,BKN,Brooklyn,1630549,Day'Ron Sharpe,Day'Ron,,DNP - Coach's Decision,,,,,,,,,,,,,,,,,,,,
22200299,1610612737,ATL,Atlanta,1629631,De'Andre Hunter,De'Andre,F,,34:01,7.0,11.0,0.636,2.0,2.0,1.0,2.0,3.0,0.667,0.0,3.0,3.0,3.0,0.0,0.0,2.0,3.0,18.0,4.0
22200299,1610612737,ATL,Atlanta,1628381,John Collins,John,F,,32:23,4.0,8.0,0.5,1.0,4.0,0.25,4.0,8.0,0.5,0.0,8.0,8.0,3.0,2.0,4.0,0.0,4.0,13.0,6.0
22200299,1610612737,ATL,Atlanta,203991,Clint Capela,Clint,C,,33:00,4.0,9.0,0.444,0.0,0.0,0.0,2.0,4.0,0.5,4.0,12.0,16.0,0.0,1.0,0.0,1.0,3.0,10.0,-4.0
22200299,1610612737,ATL,Atlanta,1627749,Dejounte Murray,Dejounte,G,,40:29,6.0,13.0,0.462,3.0,6.0,0.5,2.0,2.0,1.0,1.0,4.0,5.0,6.0,1.0,1.0,7.0,3.0,17.0,-2.0
22200299,1610612737,ATL,Atlanta,1629027,Trae Young,Trae,G,,34:04,6.0,14.0,0.429,1.0,4.0,0.25,5.0,5.0,1.0,1.0,1.0,2.0,10.0,0.0,0.0,3.0,0.0,18.0,-7.0
22200299,1610612737,ATL,Atlanta,1630235,Trent Forrest,Trent,,,15:06,2.0,4.0,0.5,0.0,0.0,0.0,0.0,0.0,0.0,1.0,2.0,3.0,2.0,2.0,0.0,2.0,1.0,4.0,7.0
22200299,1610612737,ATL,Atlanta,1630168,Onyeka Okongwu,Onyeka,,,14:46,1.0,1.0,1.0,0.0,0.0,0.0,0.0,0.0,0.0,0.0,2.0,2.0,1.0,0.0,1.0,2.0,3.0,2.0,0.0
22200299,1610612737,ATL,Atlanta,1631100,AJ Griffin,AJ,,,15:40,1.0,6.0,0.167,1.0,6.0,0.167,0.0,0.0,0.0,1.0,1.0,2.0,0.0,1.0,0.0,1.0,2.0,3.0,-6.0
22200299,1610612737,ATL,Atlanta,203200,Justin Holiday,Justin,,,20:31,6.0,8.0,0.75,4.0,5.0,0.8,0.0,0.0,0.0,0.0,1.0,1.0,1.0,0.0,0.0,1.0,2.0,16.0,-13.0
22200299,1610612737,ATL,Atlanta,1629633,Jarrett Culver,Jarrett,,DNP - Coach's Decision,,,,,,,,,,,,,,,,,,,,
22200299,1610612737,ATL,Atlanta,1628988,Aaron Holiday,Aaron,,DNP - Coach's Decision,,,,,,,,,,,,,,,,,,,,
22200299,1610612737,ATL,Atlanta,1626163,Frank Kaminsky,Frank,,DNP - Coach's Decision,,,,,,,,,,,,,,,,,,,,
22200299,1610612737,ATL,Atlanta,1630249,Vít Krejčí,Vít,,DNP - Coach's Decision,,,,,,,,,,,,,,,,,,,,
22200299,1610612755,PHI,Philadelphia,202699,Tobias Harris,Tobias,F,,35:45,10.0,18.0,0.556,3.0,7.0,0.429,1.0,1.0,1.0,2.0,8.0,10.0,1.0,0.0,0.0,2.0,2.0,24.0,0.0
22200299,1610612755,PHI,Philadelphia,200782,P.J. Tucker,P.J.,F,,28:14,0.0,0.0,0.0,0.0,0.0,0.0,0.0,0.0,0.0,0.0,3.0,3.0,0.0,0.0,0.0,1.0,3.0,0.0,-7.0
22200299,1610612755,PHI,Philadelphia,203954,Joel Embiid,Joel,C,,35:30,9.0,18.0,0.5,0.0,1.0,0.0,12.0,13.0,0.923,1.0,7.0,8.0,7.0,2.0,2.0,4.0,2.0,30.0,4.0
22200299,1610612755,PHI,Philadelphia,1629001,De'Anthony Melton,De'Anthony,G,,31:58,3.0,12.0,0.25,2.0,8.0,0.25,1.0,2.0,0.5,0.0,2.0,2.0,5.0,2.0,0.0,2.0,4.0,9.0,-12.0
22200299,1610612755,PHI,Philadelphia,1629003,Shake Milton,Shake,G,,39:33,9.0,20.0,0.45,1.0,1.0,1.0,2.0,2.0,1.0,3.0,2.0,5.0,7.0,0.0,0.0,0.0,1.0,21.0,9.0
22200299,1610612755,PHI,Philadelphia,1627788,Furkan Korkmaz,Furkan,,,18:54,1.0,5.0,0.2,0.0,3.0,0.0,0.0,0.0,0.0,1.0,1.0,2.0,2.0,3.0,1.0,0.0,0.0,2.0,-2.0
22200299,1610612755,PHI,Philadelphia,1627863,Danuel House Jr.,Danuel,,,11:55,1.0,2.0,0.5,1.0,1.0,1.0,0.0,0.0,0.0,0.0,0.0,0.0,0.0,0.0,0.0,1.0,1.0,3.0,5.0
22200299,1610612755,PHI,Philadelphia,1630194,Paul Reed,Paul,,,12:32,1.0,2.0,0.5,0.0,0.0,0.0,0.0,0.0,0.0,3.0,4.0,7.0,0.0,1.0,0.0,2.0,2.0,2.0,-1.0
22200299,1610612755,PHI,Philadelphia,1627777,Georges Niang,Georges,,,18:06,3.0,7.0,0.429,3.0,7.0,0.429,0.0,0.0,0.0,0.0,0.0,0.0,1.0,1.0,0.0,0.0,2.0,9.0,7.0
22200299,1610612755,PHI,Philadelphia,1629680,Matisse Thybulle,Matisse,,,7:34,2.0,2.0,1.0,0.0,0.0,0.0,0.0,0.0,0.0,0.0,0.0,0.0,0.0,1.0,0.0,0.0,2.0,4.0,12.0
22200299,1610612755,PHI,Philadelphia,1630577,Julian Champagnie,Julian,,DNP - Coach's Decision,,,,,,,,,,,,,,,,,,,,
22200299,1610612755,PHI,Philadelphia,1626149,Montrezl Harrell,Montrezl,,DNP - Coach's Decision,,,,,,,,,,,,,,,,,,,,
22200299,1610612755,PHI,Philadelphia,1630240,Saben Lee,Saben,,DNP - Coach's Decision,,,,,,,,,,,,,,,,,,,,
22200306,1610612741,CHI,Chicago,201942,DeMar DeRozan,DeMar,F,,35:40,9.0,20.0,0.45,0.0,1.0,0.0,8.0,9.0,0.889,2.0,2.0,4.0,6.0,1.0,0.0,0.0,4.0,26.0,2.0
22200306,1610612741,CHI,Chicago,1630172,Patrick Williams,Patrick,F,,24:32,1.0,4.0,0.25,1.0,2.0,0.5,2.0,2.0,1.0,1.0,4.0,5.0,0.0,1.0,0.0,2.0,2.0,5.0,-4.0
22200306,1610612741,CHI,Chicago,202696,Nikola Vučević,Nikola,C,,33:34,8.0,17.0,0.471,0.0,4.0,0.0,0.0,0.0,0.0,3.0,6.0,9.0,2.0,1.0,0.0,1.0,1.0,16.0,3.0
22200306,1610612741,CHI,Chicago,203897,Zach LaVine,Zach,G,,34:07,7.0,20.0,0.35,1.0,6.0,0.167,5.0,6.0,0.833,0.0,6.0,6.0,5.0,1.0,0.0,1.0,1.0,20.0,11.0
22200306,1610612741,CHI,Chicago,1630245,Ayo Dosunmu,Ayo,G,,21:38,3.0,5.0,0.6,0.0,0.0,0.0,2.0,2.0,1.0,2.0,2.0,4.0,3.0,0.0,0.0,1.0,3.0,8.0,-7.0
22200306,1610612741,CHI,Chicago,1629750,Javonte Green,Javonte,,,13:00,1.0,1.0,1.0,0.0,0.0,0.0,0.0,0.0,0.0,0.0,2.0,2.0,1.0,0.0,1.0,0.0,0.0,2.0,8.0
22200306,1610612741,CHI,Chicago,1627936,Alex Caruso,Alex,,,26:44,1.0,2.0,0.5,0.0,1.0,0.0,3.0,4.0,0.75,0.0,6.0,6.0,2.0,0.0,1.0,1.0,0.0,5.0,11.0
22200306,1610612741,CHI,Chicago,1629632,Coby White,Coby,,,22:49,6.0,9.0,0.667,3.0,5.0,0.6,0.0,0.0,0.0,0.0,2.0,2.0,0.0,0.0,0.0,0.0,1.0,15.0,3.0
22200306,1610612741,CHI,Chicago,201609,Goran Dragic,Goran,,,13:30,2.0,7.0,0.286,1.0,3.0,0.333,2.0,2.0,1.0,1.0,1.0,2.0,2.0,1.0,1.0,0.0,2.0,7.0,4.0
22200306,1610612741,CHI,Chicago,203083,Andre Drummond,Andre,,,14:26,5.0,8.0,0.625,0.0,0.0,0.0,0.0,0.0,0.0,4.0,6.0,10.0,0.0,1.0,0.0,1.0,3.0,10.0,4.0
22200306,1610612741,CHI,Chicago,1628396,Tony Bradley,Tony,,DNP - Coach's Decision,,,,,,,,,,,,,,,,,,,,
22200306,1610612741,CHI,Chicago,1627884,Derrick Jones Jr.,Derrick,,DNP - Coach's Decision,,,,,,,,,,,,,,,,,,,,
22200306,1610612741,CHI,Chicago,1631207,Dalen Terry,Dalen,,DNP - Coach's Decision,,,,,,,,,,,,,,,,,,,,
22200306,1610612762,UTA,Utah,1628374,Lauri Markkanen,Lauri,F,,37:54,12.0,18.0,0.667,7.0,11.0,0.636,1.0,2.0,0.5,2.0,7.0,9.0,1.0,0.0,0.0,2.0,1.0,32.0,-3.0
22200306,1610612762,UTA,Utah,203482,Kelly Olynyk,Kelly,F,,33:21,8.0,13.0,0.615,5.0,10.0,0.5,2.0,3.0,0.667,2.0,2.0,4.0,4.0,1.0,2.0,2.0,2.0,23.0,-4.0
22200306,1610612762,UTA,Utah,1629020,Jarred Vanderbilt,Jarred,C,,22:24,4.0,4.0,1.0,1.0,1.0,1.0,0.0,2.0,0.0,2.0,5.0,7.0,3.0,1.0,0.0,1.0,2.0,9.0,-10.0
22200306,1610612762,UTA,Utah,203903,Jordan Clarkson,Jordan,G,,36:57,3.0,15.0,0.2,1.0,8.0,0.125,1.0,2.0,0.5,0.0,6.0,6.0,9.0,0.0,0.0,3.0,3.0,8.0,-10.0
22200306,1610612762,UTA,Utah,1629012,Collin Sexton,Collin,G,,36:25,7.0,11.0,0.636,1.0,2.0,0.5,2.0,2.0,1.0,1.0,3.0,4.0,6.0,0.0,1.0,3.0,2.0,17.0,5.0
22200306,1610612762,UTA,Utah,1629659,Talen Horton-Tucker,Talen,,,11:35,1.0,5.0,0.2,1.0,4.0,0.25,0.0,0.0,0.0,0.0,3.0,3.0,0.0,1.0,0.0,2.0,2.0,3.0,-12.0
22200306,1610612762,UTA,Utah,1631117,Walker Kessler,Walker,,,5:21,0.0,0.0,0.0,0.0,0.0,0.0,0.0,0.0,0.0,1.0,2.0,3.0,0.0,0.0,1.0,1.0,0.0,0.0,-3.0
22200306,1610612762,UTA,Utah,1627736,Malik Beasley,Malik,,,32:37,4.0,13.0,0.308,3.0,11.0,0.273,0.0,0.0,0.0,0.0,3.0,3.0,4.0,2.0,0.0,0.0,2.0,11.0,-3.0
22200306,1610612762,UTA,Utah,1629638,Nickeil Alexander-Walker,Nickeil,,,14:01,1.0,5.0,0.2,0.0,2.0,0.0,0.0,0.0,0.0,0.0,1.0,1.0,3.0,0.0,0.0,0.0,2.0,2.0,0.0
22200306,1610612762,UTA,Utah,1628962,Udoka Azubuike,Udoka,,,9:25,1.0,1.0,1.0,0.0,0.0,0.0,0.0,4.0,0.0,1.0,4.0,5.0,0.0,0.0,0.0,0.0,1.0,2.0,5.0
22200306,1610612762,UTA,Utah,1630534,Ochai Agbaji,Ochai,,DNP - Coach's Decision,,,,,,,,,,,,,,,,,,,,
22200306,1610612762,UTA,Utah,1631323,Simone Fontecchio,Simone,,DNP - Coach's Decision,,,,,,,,,,,,,,,,,,,,
22200304,1610612760,OKC,Oklahoma City,1629652,Luguentz Dort,Luguentz,F,,31:59,6.0,13.0,0.462,2.0,5.0,0.4,0.0,0.0,0.0,2.0,1.0,3.0,5.0,2.0,0.0,2.0,3.0,14.0,-4.0
22200304,1610612760,OKC,Oklahoma City,1630197,Aleksej Pokusevski,Aleksej,F,,27:00,4.0,10.0,0.4,3.0,5.0,0.6,0.0,0.0,0.0,3.0,1.0,4.0,2.0,1.0,0.0,1.0,2.0,11.0,-6.0
22200304,1610612760,OKC,Oklahoma City,1630526,Jeremiah Robinson-Earl,Jeremiah,C,,33:38,4.0,11.0,0.364,2.0,5.0,0.4,0.0,0.0,0.0,5.0,8.0,13.0,1.0,2.0,1.0,1.0,1.0,10.0,-6.0
22200304,1610612760,OKC,Oklahoma City,1630581,Josh Giddey,Josh,G,,28:07,3.0,9.0,0.333,0.0,1.0,0.0,1.0,1.0,1.0,1.0,4.0,5.0,1.0,1.0,0.0,3.0,4.0,7.0,-5.0
22200304,1610612760,OKC,Oklahoma City,1628983,Shai Gilgeous-Alexander,Shai,G,,35:38,7.0,21.0,0.333,1.0,6.0,0.167,16.0,18.0,0.889,3.0,3.0,6.0,4.0,2.0,0.0,7.0,4.0,31.0,-9.0
22200304,1610612760,OKC,Oklahoma City,1631114,Jalen Williams,Jalen,,,24:32,3.0,6.0,0.5,0.0,2.0,0.0,2.0,2.0,1.0,2.0,4.0,6.0,1.0,0.0,1.0,2.0,2.0,8.0,4.0
22200304,1610612760,OKC,Oklahoma City,1630544,Tre Mann,Tre,,,22:49,4.0,10.0,0.4,1.0,7.0,0.143,0.0,0.0,0.0,1.0,0.0,1.0,1.0,2.0,0.0,0.0,2.0,9.0,6.0
22200304,1610612760,OKC,Oklahoma City,1631172,Ousmane Dieng,Ousmane,,,11:23,2.0,4.0,0.5,2.0,3.0,0.667,0.0,0.0,0.0,0.0,3.0,3.0,0.0,1.0,2.0,1.0,2.0,6.0,-1.0
22200304,1610612760,OKC,Oklahoma City,1629026,Kenrich Williams,Kenrich,,,19:18,1.0,6.0,0.167,1.0,3.0,0.333,0.0,0.0,0.0,1.0,2.0,3.0,1.0,0.0,0.0,1.0,2.0,3.0,2.0
22200304,1610612760,OKC,Oklahoma City,1629647,Darius Bazley,Darius,,,5:36,0.0,2.0,0.0,0.0,1.0,0.0,2.0,2.0,1.0,0.0,3.0,3.0,0.0,0.0,0.0,1.0,0.0,2.0,-1.0
22200304,1610612760,OKC,Oklahoma City,1630198,Isaiah Joe,Isaiah,,DNP - Coach's Decision,,,,,,,,,,,,,,,,,,,,
22200304,1610612760,OKC,Oklahoma City,1630598,Aaron Wiggins,Aaron,,DNP - Coach's Decision,,,,,,,,,,,,,,,,,,,,
22200304,1610612740,NOP,New Orleans,1630530,Trey Murphy III,Trey,F,,36:55,7.0,13.0,0.538,2.0,7.0,0.286,4.0,4.0,1.0,3.0,3.0,6.0,0.0,2.0,1.0,2.0,1.0,20.0,9.0
22200304,1610612740,NOP,New Orleans,1629627,Zion Williamson,Zion,F,,35:19,11.0,18.0,0.611,0.0,1.0,0.0,1.0,1.0,1.0,2.0,6.0,8.0,8.0,1.0,3.0,4.0,3.0,23.0,19.0
22200304,1610612740,NOP,New Orleans,202685,Jonas Valančiūnas,Jonas,C,,20:23,3.0,6.0,0.5,0.0,1.0,0.0,2.0,2.0,1.0,4.0,6.0,10.0,1.0,0.0,0.0,5.0,2.0,8.0,-3.0
22200304,1610612740,NOP,New Orleans,1630529,Herbert Jones,Herbert,G,,38:40,4.0,12.0,0.333,1.0,5.0,0.2,3.0,5.0,0.6,1.0,2.0,3.0,3.0,4.0,3.0,4.0,3.0,12.0,0.0
22200304,1610612740,NOP,New Orleans,1630631,Jose Alvarado,Jose,G,,30:29,6.0,15.0,0.4,3.0,8.0,0.375,0.0,0.0,0.0,0.0,2.0,2.0,4.0,2.0,0.0,3.0,3.0,15.0,5.0
22200304,1610612740,NOP,New Orleans,1626195,Willy Hernangomez,Willy,,,16:36,3.0,7.0,0.429,0.0,0.0,0.0,4.0,4.0,1.0,3.0,6.0,9.0,0.0,0.0,1.0,1.0,2.0,10.0,0.0
22200304,1610612740,NOP,New Orleans,1628984,Devonte' Graham,Devonte',,,17:31,1.0,6.0,0.167,1.0,5.0,0.2,2.0,2.0,1.0,1.0,0.0,1.0,3.0,1.0,0.0,1.0,0.0,5.0,-1.0
22200304,1610612740,NOP,New Orleans,1630700,Dyson Daniels,Dyson,,,27:41,3.0,5.0,0.6,2.0,3.0,0.667,0.0,0.0,0.0,0.0,5.0,5.0,2.0,2.0,0.0,1.0,3.0,8.0,-4.0
22200304,1610612740,NOP,New Orleans,202066,Garrett Temple,Garrett,,,11:05,1.0,3.0,0.333,0.0,1.0,0.0,2.0,2.0,1.0,0.0,3.0,3.0,0.0,0.0,0.0,1.0,1.0,4.0,-5.0
22200304,1610612740,NOP,New Orleans,1629637,Jaxson Hayes,Jaxson,,,5:21,0.0,2.0,0.0,0.0,1.0,0.0,0.0,0.0,0.0,0.0,2.0,2.0,0.0,0.0,0.0,0.0,0.0,0.0,0.0
22200304,1610612740,NOP,New Orleans,1630184,Kira Lewis Jr.,Kira,,DNP - Coach's Decision,,,,,,,,,,,,,,,,,,,,
22200304,1610612740,NOP,New Orleans,1631220,Dereon Seabron,Dereon,,DNP - Coach's Decision,,,,,,,,,,,,,,,,,,,,
22200298,1610612742,DAL,Dallas,203501,Tim Hardaway Jr.,Tim,F,,20:58,2.0,8.0,0.25,2.0,6.0,0.333,0.0,0.0,0.0,0.0,0.0,0.0,0.0,0.0,0.0,1.0,0.0,6.0,-14.0
22200298,1610612742,DAL,Dallas,1627827,Dorian Finney-Smith,Dorian,F,,38:02,5.0,9.0,0.556,2.0,6.0,0.333,1.0,1.0,1.0,4.0,0.0,4.0,3.0,3.0,0.0,0.0,2.0,13.0,-15.0
22200298,1610612742,DAL,Dallas,203939,Dwight Powell,Dwight,C,,7:44,1.0,1.0,1.0,0.0,0.0,0.0,2.0,4.0,0.5,0.0,0.0,0.0,0.0,0.0,1.0,0.0,0.0,4.0,-4.0
22200298,1610612742,DAL,Dallas,203915,Spencer Dinwiddie,Spencer,G,,31:10,8.0,13.0,0.615,3.0,6.0,0.5,3.0,3.0,1.0,0.0,3.0,3.0,2.0,0.0,0.0,1.0,2.0,22.0,-16.0
22200298,1610612742,DAL,Dallas,1629029,Luka Dončić,Luka,G,,35:05,10.0,20.0,0.5,3.0,7.0,0.429,4.0,9.0,0.444,0.0,5.0,5.0,12.0,0.0,0.0,6.0,2.0,27.0,-10.0
22200298,1610612742,DAL,Dallas,1626174,Christian Wood,Christian,,,32:05,8.0,17.0,0.471,2.0,6.0,0.333,3.0,4.0,0.75,0.0,7.0,7.0,2.0,1.0,0.0,1.0,4.0,21.0,5.0
22200298,1610612742,DAL,Dallas,1628467,Maxi Kleber,Maxi,,,24:17,2.0,3.0,0.667,2.0,3.0,0.667,0.0,0.0,0.0,2.0,2.0,4.0,3.0,0.0,1.0,1.0,2.0,6.0,0.0
22200298,1610612742,DAL,Dallas,1630182,Josh Green,Josh,,,19:58,2.0,3.0,0.667,1.0,2.0,0.5,3.0,4.0,0.75,0.0,4.0,4.0,0.0,1.0,0.0,1.0,2.0,8.0,5.0
22200298,1610612742,DAL,Dallas,202722,Dāvis Bertāns,Dāvis,,,16:51,1.0,3.0,0.333,1.0,3.0,0.333,0.0,0.0,0.0,0.0,2.0,2.0,1.0,0.0,0.0,0.0,2.0,3.0,-1.0
22200298,1610612742,DAL,Dallas,201580,JaVale McGee,JaVale,,,3:32,1.0,1.0,1.0,0.0,0.0,0.0,0.0,0.0,0.0,0.0,1.0,1.0,0.0,0.0,0.0,1.0,1.0,2.0,-10.0
22200298,1610612742,DAL,Dallas,1630267,Facundo Campazzo,Facundo,,,3:26,1.0,1.0,1.0,1.0,1.0,1.0,0.0,0.0,0.0,0.0,0.0,0.0,0.0,0.0,0.0,0.0,0.0,3.0,5.0
22200298,1610612742,DAL,Dallas,1629033,Theo Pinson,Theo,,,3:26,0.0,1.0,0.0,0.0,1.0,0.0,0.0,0.0,0.0,0.0,2.0,2.0,0.0,0.0,0.0,1.0,0.0,0.0,5.0
22200298,1610612742,DAL,Dallas,1628373,Frank Ntilikina,Frank,,,3:26,0.0,0.0,0.0,0.0,0.0,0.0,0.0,0.0,0.0,0.0,0.0,0.0,0.0,1.0,0.0,0.0,0.0,0.0,5.0
22200298,1610612749,MIL,Milwaukee,1628960,Grayson Allen,Grayson,F,,31:54,8.0,10.0,0.8,7.0,8.0,0.875,2.0,4.0,0.5,0.0,2.0,2.0,5.0,2.0,1.0,0.0,2.0,25.0,20.0
22200298,1610612749,MIL,Milwaukee,203507,Giannis Antetokounmpo,Giannis,F,,29:25,11.0,19.0,0.579,0.0,2.0,0.0,8.0,10.0,0.8,3.0,8.0,11.0,4.0,1.0,0.0,3.0,5.0,30.0,16.0
22200298,1610612749,MIL,Milwaukee,201572,Brook Lopez,Brook,C,,23:24,5.0,7.0,0.714,2.0,3.0,0.667,1.0,1.0,1.0,0.0,4.0,4.0,2.0,1.0,4.0,2.0,5.0,13.0,-1.0
22200298,1610612749,MIL,Milwaukee,1628975,Jevon Carter,Jevon,G,,30:47,6.0,11.0,0.545,2.0,5.0,0.4,0.0,0.0,0.0,0.0,3.0,3.0,6.0,1.0,0.0,2.0,1.0,14.0,20.0
22200298,1610612749,MIL,Milwaukee,201950,Jrue Holiday,Jrue,G,,34:28,7.0,16.0,0.438,2.0,6.0,0.333,0.0,0.0,0.0,1.0,0.0,1.0,6.0,3.0,0.0,3.0,2.0,16.0,17.0
22200298,1610612749,MIL,Milwaukee,1626171,Bobby Portis,Bobby,,,31:38,7.0,12.0,0.583,1.0,5.0,0.2,0.0,0.0,0.0,1.0,9.0,10.0,1.0,0.0,0.0,0.0,3.0,15.0,10.0
22200298,1610612749,MIL,Milwaukee,1626192,Pat Connaughton,Pat,,,10:52,1.0,3.0,0.333,1.0,3.0,0.333,0.0,0.0,0.0,0.0,1.0,1.0,0.0,0.0,0.0,0.0,0.0,3.0,-9.0
22200298,1610612749,MIL,Milwaukee,201588,George Hill,George,,,15:22,2.0,2.0,1.0,1.0,1.0,1.0,0.0,0.0,0.0,0.0,2.0,2.0,2.0,0.0,0.0,1.0,2.0,5.0,0.0
22200298,1610612749,MIL,Milwaukee,1630572,Sandro Mamukelashvili,Sandro,,,7:12,0.0,1.0,0.0,0.0,0.0,0.0,0.0,0.0,0.0,0.0,2.0,2.0,0.0,0.0,0.0,1.0,1.0,0.0,-9.0
22200298,1610612749,MIL,Milwaukee,1629670,Jordan Nwora,Jordan,,,11:02,1.0,3.0,0.333,1.0,2.0,0.5,0.0,0.0,0.0,2.0,1.0,3.0,2.0,0.0,0.0,0.0,0.0,3.0,-7.0
22200298,1610612749,MIL,Milwaukee,202083,Wesley Matthews,Wesley,,,8:53,0.0,1.0,0.0,0.0,1.0,0.0,0.0,0.0,0.0,1.0,0.0,1.0,0.0,0.0,0.0,0.0,2.0,0.0,1.0
22200298,1610612749,MIL,Milwaukee,1630699,MarJon Beauchamp,MarJon,,,1:58,0.0,0.0,0.0,0.0,0.0,0.0,0.0,0.0,0.0,0.0,0.0,0.0,0.0,0.0,0.0,1.0,0.0,0.0,-5.0
22200298,1610612749,MIL,Milwaukee,1631260,AJ Green,AJ,,,1:58,0.0,1.0,0.0,0.0,1.0,0.0,0.0,0.0,0.0,0.0,0.0,0.0,0.0,0.0,0.0,0.0,1.0,0.0,-5.0
22200298,1610612749,MIL,Milwaukee,203648,Thanasis Antetokounmpo,Thanasis,,,1:08,0.0,0.0,0.0,0.0,0.0,0.0,0.0,0.0,0.0,0.0,0.0,0.0,0.0,0.0,0.0,0.0,0.0,0.0,-3.0
22200290,1610612757,POR,Portland,1628404,Josh Hart,Josh,F,,35:49,4.0,8.0,0.5,1.0,4.0,0.25,0.0,0.0,0.0,1.0,3.0,4.0,3.0,1.0,0.0,0.0,3.0,9.0,-15.0
22200290,1610612757,POR,Portland,203924,Jerami Grant,Jerami,F,,40:14,11.0,24.0,0.458,5.0,10.0,0.5,2.0,2.0,1.0,1.0,3.0,4.0,5.0,0.0,0.0,1.0,2.0,29.0,-5.0
22200290,1610612757,POR,Portland,203994,Jusuf Nurkić,Jusuf,C,,33:45,6.0,12.0,0.5,0.0,2.0,0.0,5.0,8.0,0.625,4.0,10.0,14.0,4.0,0.0,1.0,4.0,4.0,17.0,-6.0
22200290,1610612757,POR,Portland,1626159,Justise Winslow,Justise,G,,37:10,5.0,10.0,0.5,2.0,4.0,0.5,2.0,2.0,1.0,1.0,6.0,7.0,6.0,0.0,0.0,3.0,4.0,14.0,-10.0
22200290,1610612757,POR,Portland,1629014,Anfernee Simons,Anfernee,G,,39:35,4.0,14.0,0.286,4.0,10.0,0.4,3.0,4.0,0.75,0.0,1.0,1.0,6.0,1.0,0.0,2.0,1.0,15.0,-16.0
22200290,1610612757,POR,Portland,1630570,Trendon Watford,Trendon,,,14:31,3.0,5.0,0.6,0.0,0.0,0.0,0.0,0.0,0.0,0.0,3.0,3.0,1.0,0.0,0.0,1.0,1.0,6.0,-13.0
22200290,1610612757,POR,Portland,1631101,Shaedon Sharpe,Shaedon,,,14:55,0.0,3.0,0.0,0.0,2.0,0.0,0.0,0.0,0.0,0.0,2.0,2.0,1.0,0.0,1.0,0.0,0.0,0.0,-5.0
22200290,1610612757,POR,Portland,1629234,Drew Eubanks,Drew,,,14:15,1.0,1.0,1.0,0.0,0.0,0.0,1.0,3.0,0.333,3.0,2.0,5.0,1.0,1.0,0.0,2.0,0.0,3.0,-8.0
22200290,1610612757,POR,Portland,1629642,Nassir Little,Nassir,,,9:46,1.0,2.0,0.5,0.0,1.0,0.0,2.0,3.0,0.667,1.0,1.0,2.0,0.0,1.0,0.0,0.0,1.0,4.0,8.0
22200290,1610612757,POR,Portland,1631219,John Butler Jr.,John,,DNP - Coach's Decision,,,,,,,,,,,,,,,,,,,,
22200290,1610612757,POR,Portland,203081,Damian Lillard,Damian,,DND - Injury/Illness,,,,,,,,,,,,,,,,,,,,
22200290,1610612757,POR,Portland,1631133,Jabari Walker,Jabari,,DNP - Coach's Decision,,,,,,,,,,,,,,,,,,,,
22200290,1610612751,BKN,Brooklyn,201142,Kevin Durant,Kevin,F,,36:41,12.0,20.0,0.6,3.0,6.0,0.5,4.0,4.0,1.0,0.0,5.0,5.0,5.0,0.0,0.0,1.0,4.0,31.0,21.0
22200290,1610612751,BKN,Brooklyn,1626220,Royce O'Neale,Royce,F,,38:27,2.0,5.0,0.4,0.0,2.0,0.0,3.0,4.0,0.75,0.0,5.0,5.0,4.0,0.0,1.0,0.0,5.0,7.0,6.0
22200290,1610612751,BKN,Brooklyn,1629651,Nic Claxton,Nic,C,,31:45,4.0,6.0,0.667,0.0,0.0,0.0,4.0,6.0,0.667,2.0,5.0,7.0,2.0,2.0,1.0,2.0,3.0,12.0,12.0
22200290,1610612751,BKN,Brooklyn,202681,Kyrie Irving,Kyrie,G,,37:58,8.0,17.0,0.471,4.0,10.0,0.4,2.0,3.0,0.667,1.0,4.0,5.0,6.0,0.0,0.0,0.0,3.0,22.0,2.0
22200290,1610612751,BKN,Brooklyn,1627732,Ben Simmons,Ben,G,,33:37,1.0,3.0,0.333,0.0,0.0,0.0,0.0,0.0,0.0,1.0,11.0,12.0,8.0,3.0,0.0,2.0,2.0,2.0,-1.0
22200290,1610612751,BKN,Brooklyn,1628410,Edmond Sumner,Edmond,,,10:42,1.0,2.0,0.5,0.0,0.0,0.0,0.0,0.0,0.0,0.0,0.0,0.0,1.0,0.0,0.0,0.0,1.0,2.0,12.0
22200290,1610612751,BKN,Brooklyn,203552,Seth Curry,Seth,,,28:40,11.0,15.0,0.733,7.0,10.0,0.7,0.0,0.0,0.0,0.0,3.0,3.0,1.0,1.0,0.0,2.0,2.0,29.0,14.0
22200290,1610612751,BKN,Brooklyn,203925,Joe Harris,Joe,,,16:14,1.0,6.0,0.167,1.0,6.0,0.167,1.0,1.0,1.0,0.0,0.0,0.0,0.0,0.0,0.0,0.0,3.0,4.0,4.0
22200290,1610612751,BKN,Brooklyn,1630560,Cam Thomas,Cam,,,5:57,1.0,4.0,0.25,0.0,1.0,0.0,0.0,0.0,0.0,0.0,1.0,1.0,0.0,0.0,0.0,0.0,1.0,2.0,0.0
22200290,1610612751,BKN,Brooklyn,1630556,Kessler Edwards,Kessler,,DNP - Coach's Decision,,,,,,,,,,,,,,,,,,,,
22200290,1610612751,BKN,Brooklyn,201988,Patty Mills,Patty,,DNP - Coach's Decision,,,,,,,,,,,,,,,,,,,,
22200290,1610612751,BKN,Brooklyn,202693,Markieff Morris,Markieff,,DNP - Coach's Decision,,,,,,,,,,,,,,,,,,,,
22200290,1610612751,BKN,Brooklyn,1630549,Day'Ron Sharpe,Day'Ron,,DNP - Coach's Decision,,,,,,,,,,,,,,,,,,,,
22200293,1610612748,MIA,Miami,1629622,Max Strus,Max,F,,32:57,6.0,15.0,0.4,4.0,10.0,0.4,0.0,0.0,0.0,0.0,3.0,3.0,1.0,0.0,0.0,2.0,2.0,16.0,8.0
22200293,1610612748,MIA,Miami,1628997,Caleb Martin,Caleb,F,,40:52,8.0,12.0,0.667,2.0,3.0,0.667,2.0,2.0,1.0,1.0,8.0,9.0,4.0,2.0,1.0,1.0,2.0,20.0,9.0
22200293,1610612748,MIA,Miami,1628389,Bam Adebayo,Bam,C,,33:42,13.0,20.0,0.65,0.0,0.0,0.0,6.0,6.0,1.0,1.0,7.0,8.0,1.0,0.0,1.0,3.0,2.0,32.0,1.0
22200293,1610612748,MIA,Miami,1629639,Tyler Herro,Tyler,G,,39:55,3.0,13.0,0.231,0.0,8.0,0.0,5.0,5.0,1.0,1.0,10.0,11.0,10.0,1.0,0.0,2.0,3.0,11.0,7.0
22200293,1610612748,MIA,Miami,200768,Kyle Lowry,Kyle,G,,32:49,2.0,9.0,0.222,1.0,7.0,0.143,4.0,4.0,1.0,1.0,2.0,3.0,9.0,2.0,1.0,2.0,3.0,9.0,13.0
22200293,1610612748,MIA,Miami,1630696,Dru Smith,Dru,,,20:41,2.0,3.0,0.667,1.0,1.0,1.0,0.0,0.0,0.0,0.0,3.0,3.0,1.0,1.0,1.0,0.0,0.0,5.0,-2.0
22200293,1610612748,MIA,Miami,1629312,Haywood Highsmith,Haywood,,,23:08,0.0,3.0,0.0,0.0,2.0,0.0,0.0,0.0,0.0,1.0,2.0,3.0,2.0,1.0,1.0,1.0,2.0,0.0,1.0
22200293,1610612748,MIA,Miami,1631288,Jamal Cain,Jamal,,,1:38,0.0,0.0,0.0,0.0,0.0,0.0,0.0,0.0,0.0,0.0,0.0,0.0,0.0,0.0,0.0,0.0,1.0,0.0,-4.0
22200293,1610612748,MIA,Miami,203473,Dewayne Dedmon,Dewayne,,,14:18,6.0,7.0,0.857,1.0,2.0,0.5,0.0,2.0,0.0,1.0,5.0,6.0,0.0,1.0,0.0,1.0,1.0,13.0,7.0
22200293,1610612748,MIA,Miami,2617,Udonis Haslem,Udonis,,DNP - Coach's Decision,,,,,,,,,,,,,,,,,,,,
22200293,1610612748,MIA,Miami,1631107,Nikola Jović,Nikola,,DNP - Coach's Decision,,,,,,,,,,,,,,,,,,,,
22200293,1610612748,MIA,Miami,1629216,Gabe Vincent,Gabe,,DNP - Injury/Illness,,,,,,,,,,,,,,,,,,,,
22200293,1610612737,ATL,Atlanta,1629631,De'Andre Hunter,De'Andre,F,,35:17,6.0,14.0,0.429,2.0,4.0,0.5,4.0,4.0,1.0,0.0,3.0,3.0,2.0,2.0,0.0,1.0,2.0,18.0,-9.0
22200293,1610612737,ATL,Atlanta,1628381,John Collins,John,F,,36:34,11.0,17.0,0.647,1.0,4.0,0.25,0.0,0.0,0.0,1.0,13.0,14.0,2.0,0.0,1.0,0.0,3.0,23.0,-4.0
22200293,1610612737,ATL,Atlanta,1630168,Onyeka Okongwu,Onyeka,C,,33:39,3.0,7.0,0.429,0.0,0.0,0.0,0.0,0.0,0.0,3.0,1.0,4.0,0.0,1.0,2.0,1.0,1.0,6.0,-13.0
22200293,1610612737,ATL,Atlanta,1627749,Dejounte Murray,Dejounte,G,,38:49,5.0,16.0,0.313,2.0,8.0,0.25,1.0,2.0,0.5,0.0,5.0,5.0,2.0,1.0,0.0,2.0,0.0,13.0,-13.0
22200293,1610612737,ATL,Atlanta,1629027,Trae Young,Trae,G,,38:25,4.0,16.0,0.25,1.0,8.0,0.125,13.0,13.0,1.0,3.0,2.0,5.0,14.0,1.0,0.0,3.0,1.0,22.0,2.0
22200293,1610612737,ATL,Atlanta,1631100,AJ Griffin,AJ,,,21:21,3.0,13.0,0.231,2.0,9.0,0.222,0.0,0.0,0.0,0.0,2.0,2.0,0.0,1.0,0.0,0.0,1.0,8.0,-3.0
22200293,1610612737,ATL,Atlanta,1630235,Trent Forrest,Trent,,,12:43,1.0,1.0,1.0,0.0,0.0,0.0,0.0,0.0,0.0,0.0,0.0,0.0,2.0,0.0,0.0,0.0,0.0,2.0,1.0
22200293,1610612737,ATL,Atlanta,1630552,Jalen Johnson,Jalen,,,11:26,0.0,0.0,0.0,0.0,0.0,0.0,0.0,0.0,0.0,1.0,4.0,5.0,1.0,0.0,0.0,1.0,2.0,0.0,-4.0
22200293,1610612737,ATL,Atlanta,1626163,Frank Kaminsky,Frank,,,11:46,2.0,4.0,0.5,2.0,3.0,0.667,0.0,0.0,0.0,0.0,4.0,4.0,1.0,0.0,0.0,1.0,2.0,6.0,3.0
22200293,1610612737,ATL,Atlanta,203991,Clint Capela,Clint,,DND - Injury/Illness,,,,,,,,,,,,,,,,,,,,
22200293,1610612737,ATL,Atlanta,1628988,Aaron Holiday,Aaron,,DNP - Coach's Decision,,,,,,,,,,,,,,,,,,,,
22200293,1610612737,ATL,Atlanta,203200,Justin Holiday,Justin,,DNP - Coach's Decision,,,,,,,,,,,,,,,,,,,,
22200293,1610612737,ATL,Atlanta,1630249,Vít Krejčí,Vít,,DNP - Coach's Decision,,,,,,,,,,,,,,,,,,,,
22200295,1610612739,CLE,Cleveland,1629731,Dean Wade,Dean,F,,34:29,1.0,5.0,0.2,1.0,5.0,0.2,0.0,0.0,0.0,0.0,7.0,7.0,1.0,0.0,0.0,1.0,4.0,3.0,-6.0
22200295,1610612739,CLE,Cleveland,1630596,Evan Mobley,Evan,F,,39:38,8.0,12.0,0.667,2.0,2.0,1.0,2.0,5.0,0.4,6.0,7.0,13.0,1.0,0.0,1.0,3.0,3.0,20.0,4.0
22200295,1610612739,CLE,Cleveland,201577,Robin Lopez,Robin,C,,3:48,1.0,2.0,0.5,0.0,0.0,0.0,0.0,0.0,0.0,1.0,0.0,1.0,0.0,0.0,0.0,0.0,2.0,2.0,-8.0
22200295,1610612739,CLE,Cleveland,1629636,Darius Garland,Darius,G,,40:13,4.0,19.0,0.211,0.0,5.0,0.0,11.0,12.0,0.917,0.0,3.0,3.0,10.0,0.0,0.0,2.0,1.0,19.0,1.0
22200295,1610612739,CLE,Cleveland,1628378,Donovan Mitchell,Donovan,G,,38:39,9.0,23.0,0.391,2.0,8.0,0.25,12.0,13.0,0.923,1.0,4.0,5.0,1.0,1.0,0.0,3.0,2.0,32.0,11.0
22200295,1610612739,CLE,Cleveland,1626224,Cedi Osman,Cedi,,,26:41,4.0,8.0,0.5,1.0,4.0,0.25,1.0,1.0,1.0,0.0,3.0,3.0,0.0,0.0,1.0,3.0,2.0,10.0,12.0
22200295,1610612739,CLE,Cleveland,1630171,Isaac Okoro,Isaac,,,29:57,2.0,2.0,1.0,1.0,1.0,1.0,2.0,2.0,1.0,1.0,6.0,7.0,0.0,1.0,0.0,0.0,3.0,7.0,14.0
22200295,1610612739,CLE,Cleveland,203526,Raul Neto,Raul,,,12:56,2.0,3.0,0.667,1.0,2.0,0.5,0.0,0.0,0.0,0.0,0.0,0.0,1.0,1.0,0.0,0.0,1.0,5.0,7.0
22200295,1610612739,CLE,Cleveland,1629603,Mamadi Diakite,Mamadi,,,13:35,2.0,3.0,0.667,0.0,1.0,0.0,0.0,0.0,0.0,1.0,1.0,2.0,0.0,0.0,2.0,2.0,2.0,4.0,5.0
22200295,1610612739,CLE,Cleveland,1630600,Isaiah Mobley,Isaiah,,,0:03,0.0,0.0,0.0,0.0,0.0,0.0,0.0,0.0,0.0,0.0,0.0,0.0,0.0,0.0,0.0,0.0,0.0,0.0,0.0
22200295,1610612739,CLE,Cleveland,1627747,Caris LeVert,Caris,,DND - Injury/Illness,,,,,,,,,,,,,,,,,,,,
22200295,1610612765,DET,Detroit,1630180,Saddiq Bey,Saddiq,F,,34:58,6.0,15.0,0.4,1.0,5.0,0.2,2.0,3.0,0.667,0.0,5.0,5.0,0.0,2.0,1.0,2.0,1.0,15.0,-3.0
22200295,1610612765,DET,Detroit,1630587,Isaiah Livers,Isaiah,F,,27:15,2.0,5.0,0.4,1.0,4.0,0.25,2.0,3.0,0.667,0.0,2.0,2.0,0.0,1.0,3.0,1.0,5.0,7.0,-7.0
22200295,1610612765,DET,Detroit,1628963,Marvin Bagley III,Marvin,C,,27:44,6.0,12.0,0.5,1.0,2.0,0.5,6.0,8.0,0.75,1.0,9.0,10.0,0.0,3.0,1.0,3.0,3.0,19.0,2.0
22200295,1610612765,DET,Detroit,203585,Rodney McGruder,Rodney,G,,18:21,1.0,4.0,0.25,0.0,3.0,0.0,0.0,0.0,0.0,1.0,2.0,3.0,3.0,0.0,0.0,1.0,1.0,2.0,14.0
22200295,1610612765,DET,Detroit,1630165,Killian Hayes,Killian,G,,32:38,7.0,13.0,0.538,2.0,5.0,0.4,0.0,0.0,0.0,1.0,2.0,3.0,8.0,2.0,1.0,3.0,5.0,16.0,-4.0
22200295,1610612765,DET,Detroit,202692,Alec Burks,Alec,,,25:15,7.0,13.0,0.538,1.0,4.0,0.25,2.0,3.0,0.667,1.0,1.0,2.0,0.0,0.0,0.0,0.0,3.0,17.0,-8.0
22200295,1610612765,DET,Detroit,1628977,Hamidou Diallo,Hamidou,,,19:23,1.0,3.0,0.333,1.0,2.0,0.5,1.0,4.0,0.25,0.0,3.0,3.0,1.0,1.0,0.0,1.0,4.0,4.0,-6.0
22200295,1610612765,DET,Detroit,1631105,Jalen Duren,Jalen,,,20:16,0.0,3.0,0.0,0.0,0.0,0.0,1.0,2.0,0.5,2.0,4.0,6.0,1.0,0.0,0.0,0.0,2.0,1.0,-10.0
22200295,1610612765,DET,Detroit,202709,Cory Joseph,Cory,,,16:48,5.0,8.0,0.625,0.0,1.0,0.0,0.0,3.0,0.0,0.0,0.0,0.0,1.0,0.0,0.0,1.0,0.0,10.0,-9.0
22200295,1610612765,DET,Detroit,1628995,Kevin Knox II,Kevin,,,17:22,1.0,3.0,0.333,1.0,2.0,0.5,0.0,0.0,0.0,1.0,1.0,2.0,0.0,0.0,0.0,1.0,2.0,3.0,-9.0
22200295,1610612765,DET,Detroit,1630296,Braxton Key,Braxton,,DNP - Coach's Decision,,,,,,,,,,,,,,,,,,,,
22200295,1610612765,DET,Detroit,203457,Nerlens Noel,Nerlens,,DNP - Coach's Decision,,,,,,,,,,,,,,,,,,,,
22200294,1610612764,WAS,Washington,1630557,Corey Kispert,Corey,F,,21:52,3.0,8.0,0.375,1.0,3.0,0.333,1.0,2.0,0.5,0.0,1.0,1.0,0.0,0.0,0.0,0.0,1.0,8.0,-18.0
22200294,1610612764,WAS,Washington,1630166,Deni Avdija,Deni,F,,26:49,4.0,8.0,0.5,2.0,6.0,0.333,0.0,0.0,0.0,0.0,1.0,1.0,3.0,1.0,0.0,0.0,3.0,10.0,-11.0
22200294,1610612764,WAS,Washington,204001,Kristaps Porziņģis,Kristaps,C,,26:17,7.0,11.0,0.636,0.0,1.0,0.0,7.0,8.0,0.875,0.0,4.0,4.0,2.0,0.0,0.0,1.0,2.0,21.0,-23.0
22200294,1610612764,WAS,Washington,203078,Bradley Beal,Bradley,G,,34:47,11.0,19.0,0.579,0.0,3.0,0.0,8.0,9.0,0.889,1.0,4.0,5.0,4.0,2.0,0.0,2.0,1.0,30.0,-28.0
22200294,1610612764,WAS,Washington,1628420,Monté Morris,Monté,G,,23:41,6.0,8.0,0.75,4.0,5.0,0.8,0.0,0.0,0.0,0.0,3.0,3.0,8.0,0.0,0.0,0.0,2.0,16.0,-3.0
22200294,1610612764,WAS,Washington,1630692,Jordan Goodwin,Jordan,,,24:19,4.0,8.0,0.5,0.0,3.0,0.0,1.0,2.0,0.5,0.0,1.0,1.0,2.0,2.0,1.0,0.0,3.0,9.0,-6.0
22200294,1610612764,WAS,Washington,203115,Will Barton,Will,,,30:52,2.0,8.0,0.25,0.0,4.0,0.0,2.0,3.0,0.667,0.0,4.0,4.0,2.0,1.0,0.0,1.0,1.0,6.0,-2.0
22200294,1610612764,WAS,Washington,1630264,Anthony Gill,Anthony,,,14:50,1.0,2.0,0.5,0.0,1.0,0.0,3.0,5.0,0.6,1.0,2.0,3.0,0.0,0.0,0.0,0.0,2.0,5.0,13.0
22200294,1610612764,WAS,Washington,201959,Taj Gibson,Taj,,,12:18,4.0,6.0,0.667,0.0,1.0,0.0,4.0,4.0,1.0,0.0,0.0,0.0,0.0,1.0,0.0,0.0,2.0,12.0,7.0
22200294,1610612764,WAS,Washington,1629653,Devon Dotson,Devon,,,17:53,0.0,2.0,0.0,0.0,1.0,0.0,0.0,0.0,0.0,3.0,1.0,4.0,2.0,1.0,0.0,0.0,3.0,0.0,13.0
22200294,1610612764,WAS,Washington,1629655,Daniel Gafford,Daniel,,,6:22,2.0,2.0,1.0,0.0,0.0,0.0,0.0,0.0,0.0,1.0,2.0,3.0,0.0,0.0,0.0,0.0,1.0,4.0,13.0
22200294,1610612738,BOS,Boston,1627759,Jaylen Brown,Jaylen,F,,34:12,13.0,23.0,0.565,2.0,7.0,0.286,8.0,8.0,1.0,2.0,3.0,5.0,2.0,0.0,0.0,2.0,3.0,36.0,26.0
22200294,1610612738,BOS,Boston,1629684,Grant Williams,Grant,F,,31:35,2.0,7.0,0.286,1.0,4.0,0.25,0.0,0.0,0.0,2.0,5.0,7.0,3.0,0.0,0.0,1.0,5.0,5.0,6.0
22200294,1610612738,BOS,Boston,201143,Al Horford,Al,C,,25:43,6.0,8.0,0.75,2.0,3.0,0.667,0.0,0.0,0.0,0.0,3.0,3.0,3.0,0.0,3.0,0.0,1.0,14.0,17.0
22200294,1610612738,BOS,Boston,1628401,Derrick White,Derrick,G,,30:34,4.0,7.0,0.571,2.0,4.0,0.5,5.0,5.0,1.0,1.0,1.0,2.0,3.0,2.0,0.0,1.0,3.0,15.0,20.0
22200294,1610612738,BOS,Boston,203935,Marcus Smart,Marcus,G,,27:20,5.0,8.0,0.625,2.0,4.0,0.5,2.0,2.0,1.0,0.0,4.0,4.0,7.0,0.0,0.0,4.0,3.0,14.0,15.0
22200294,1610612738,BOS,Boston,1627763,Malcolm Brogdon,Malcolm,,,22:38,5.0,10.0,0.5,3.0,5.0,0.6,4.0,4.0,1.0,1.0,5.0,6.0,4.0,0.0,0.0,3.0,1.0,17.0,8.0
22200294,1610612738,BOS,Boston,1628436,Luke Kornet,Luke,,,22:17,4.0,8.0,0.5,0.0,1.0,0.0,4.0,4.0,1.0,4.0,0.0,4.0,1.0,0.0,2.0,1.0,4.0,12.0,-8.0
22200294,1610612738,BOS,Boston,1630573,Sam Hauser,Sam,,,21:19,4.0,5.0,0.8,3.0,4.0,0.75,3.0,3.0,1.0,0.0,5.0,5.0,1.0,0.0,0.0,2.0,3.0,14.0,-4.0
22200294,1610612738,BOS,Boston,1630202,Payton Pritchard,Payton,,,17:04,1.0,4.0,0.25,1.0,2.0,0.5,0.0,0.0,0.0,0.0,1.0,1.0,1.0,0.0,0.0,0.0,0.0,3.0,-13.0
22200294,1610612738,BOS,Boston,1628382,Justin Jackson,Justin,,,5:14,0.0,0.0,0.0,0.0,0.0,0.0,0.0,0.0,0.0,0.0,0.0,0.0,0.0,0.0,0.0,0.0,0.0,0.0,-14.0
22200294,1610612738,BOS,Boston,203943,Noah Vonleh,Noah,,,2:04,0.0,0.0,0.0,0.0,0.0,0.0,0.0,0.0,0.0,0.0,1.0,1.0,0.0,0.0,0.0,0.0,0.0,0.0,-8.0
22200294,1610612738,BOS,Boston,201933,Blake Griffin,Blake,,DNP - Coach's Decision,,,,,,,,,,,,,,,,,,,,
22200292,1610612754,IND,Indiana,1627741,Buddy Hield,Buddy,F,,31:05,3.0,14.0,0.214,1.0,9.0,0.111,3.0,4.0,0.75,1.0,3.0,4.0,3.0,2.0,0.0,3.0,1.0,10.0,-17.0
22200292,1610612754,IND,Indiana,1630188,Jalen Smith,Jalen,F,,28:52,8.0,14.0,0.571,3.0,7.0,0.429,4.0,4.0,1.0,3.0,6.0,9.0,0.0,0.0,1.0,1.0,2.0,23.0,-12.0
22200292,1610612754,IND,Indiana,1626167,Myles Turner,Myles,C,,20:19,3.0,9.0,0.333,1.0,6.0,0.167,2.0,3.0,0.667,0.0,5.0,5.0,0.0,0.0,0.0,3.0,4.0,9.0,-17.0
22200292,1610612754,IND,Indiana,1630174,Aaron Nesmith,Aaron,G,,22:37,1.0,7.0,0.143,0.0,3.0,0.0,0.0,0.0,0.0,0.0,3.0,3.0,2.0,1.0,0.0,1.0,4.0,2.0,-6.0
22200292,1610612754,IND,Indiana,1630169,Tyrese Haliburton,Tyrese,G,,30:54,6.0,16.0,0.375,3.0,8.0,0.375,0.0,0.0,0.0,0.0,5.0,5.0,11.0,2.0,0.0,0.0,0.0,15.0,-9.0
22200292,1610612754,IND,Indiana,1630543,Isaiah Jackson,Isaiah,,,16:09,1.0,5.0,0.2,0.0,2.0,0.0,6.0,6.0,1.0,0.0,0.0,0.0,0.0,4.0,1.0,1.0,3.0,8.0,6.0
22200292,1610612754,IND,Indiana,1631097,Bennedict Mathurin,Bennedict,,,25:18,4.0,11.0,0.364,1.0,3.0,0.333,0.0,0.0,0.0,0.0,3.0,3.0,0.0,1.0,0.0,0.0,2.0,9.0,-14.0
22200292,1610612754,IND,Indiana,204456,T.J. McConnell,T.J.,,,21:36,6.0,10.0,0.6,0.0,0.0,0.0,2.0,2.0,1.0,2.0,1.0,3.0,5.0,2.0,0.0,1.0,3.0,14.0,-4.0
22200292,1610612754,IND,Indiana,1629052,Oshae Brissett,Oshae,,,22:48,0.0,3.0,0.0,0.0,3.0,0.0,1.0,2.0,0.5,2.0,3.0,5.0,1.0,1.0,2.0,0.0,2.0,1.0,-6.0
22200292,1610612754,IND,Indiana,1629048,Goga Bitadze,Goga,,,7:52,2.0,2.0,1.0,0.0,0.0,0.0,1.0,2.0,0.5,1.0,0.0,1.0,0.0,0.0,0.0,1.0,4.0,5.0,1.0
22200292,1610612754,IND,Indiana,1631112,Kendall Brown,Kendall,,,6:15,0.0,0.0,0.0,0.0,0.0,0.0,0.0,0.0,0.0,0.0,0.0,0.0,1.0,1.0,0.0,0.0,2.0,0.0,4.0
22200292,1610612754,IND,Indiana,1630678,Terry Taylor,Terry,,,6:15,2.0,3.0,0.667,0.0,1.0,0.0,0.0,0.0,0.0,0.0,1.0,1.0,0.0,0.0,0.0,0.0,1.0,4.0,4.0
22200292,1610612754,IND,Indiana,201949,James Johnson,James,,DNP - Coach's Decision,,,,,,,,,,,,,,,,,,,,
22200292,1610612754,IND,Indiana,1629614,Andrew Nembhard,Andrew,,DNP - Injury/Illness,,,,,,,,,,,,,,,,,,,,
22200292,1610612746,LAC,LA,1629599,Amir Coffey,Amir,F,,28:03,3.0,8.0,0.375,0.0,2.0,0.0,2.0,2.0,1.0,0.0,0.0,0.0,5.0,1.0,0.0,1.0,1.0,8.0,7.0
22200292,1610612746,LAC,LA,202694,Marcus Morris Sr.,Marcus,F,,28:47,5.0,14.0,0.357,2.0,8.0,0.25,1.0,2.0,0.5,0.0,4.0,4.0,3.0,2.0,0.0,1.0,2.0,13.0,9.0
22200292,1610612746,LAC,LA,1627826,Ivica Zubac,Ivica,C,,35:40,14.0,17.0,0.824,0.0,0.0,0.0,3.0,3.0,1.0,12.0,17.0,29.0,3.0,0.0,3.0,5.0,6.0,31.0,13.0
22200292,1610612746,LAC,LA,1629611,Terance Mann,Terance,G,,38:03,5.0,13.0,0.385,0.0,3.0,0.0,4.0,4.0,1.0,2.0,5.0,7.0,5.0,0.0,0.0,2.0,3.0,14.0,17.0
22200292,1610612746,LAC,LA,202704,Reggie Jackson,Reggie,G,,25:58,2.0,10.0,0.2,1.0,5.0,0.2,0.0,0.0,0.0,0.0,4.0,4.0,4.0,2.0,0.0,2.0,0.0,5.0,7.0
22200292,1610612746,LAC,LA,202322,John Wall,John,,,22:16,3.0,6.0,0.5,1.0,3.0,0.333,3.0,5.0,0.6,0.0,2.0,2.0,8.0,0.0,0.0,3.0,1.0,10.0,7.0
22200292,1610612746,LAC,LA,1626181,Norman Powell,Norman,,,26:18,7.0,19.0,0.368,2.0,8.0,0.25,3.0,4.0,0.75,1.0,4.0,5.0,2.0,1.0,0.0,0.0,2.0,19.0,0.0
22200292,1610612746,LAC,LA,201587,Nicolas Batum,Nicolas,,,23:55,2.0,5.0,0.4,0.0,3.0,0.0,0.0,0.0,0.0,1.0,7.0,8.0,2.0,1.0,1.0,2.0,1.0,4.0,11.0
22200292,1610612746,LAC,LA,1629650,Moses Brown,Moses,,,11:00,1.0,2.0,0.5,0.0,0.0,0.0,8.0,12.0,0.667,2.0,1.0,3.0,1.0,0.0,0.0,2.0,2.0,10.0,-1.0
22200292,1610612746,LAC,LA,203496,Robert Covington,Robert,,DNP - Coach's Decision,,,,,,,,,,,,,,,,,,,,
22200292,1610612746,LAC,LA,1628379,Luke Kennard,Luke,,DND - Injury/Illness,,,,,,,,,,,,,,,,,,,,
22200291,1610612744,GSW,Golden State,203952,Andrew Wiggins,Andrew,F,,31:22,7.0,12.0,0.583,3.0,6.0,0.5,0.0,0.0,0.0,1.0,2.0,3.0,2.0,2.0,0.0,2.0,4.0,17.0,14.0
22200291,1610612744,GSW,Golden State,203110,Draymond Green,Draymond,F,,32:37,6.0,7.0,0.857,1.0,2.0,0.5,6.0,8.0,0.75,1.0,3.0,4.0,11.0,0.0,2.0,0.0,2.0,19.0,17.0
22200291,1610612744,GSW,Golden State,1626172,Kevon Looney,Kevon,C,,22:08,1.0,1.0,1.0,0.0,0.0,0.0,0.0,0.0,0.0,2.0,5.0,7.0,4.0,1.0,0.0,0.0,2.0,2.0,23.0
22200291,1610612744,GSW,Golden State,202691,Klay Thompson,Klay,G,,29:56,8.0,13.0,0.615,5.0,8.0,0.625,0.0,0.0,0.0,0.0,2.0,2.0,2.0,2.0,1.0,1.0,2.0,21.0,31.0
22200291,1610612744,GSW,Golden State,201939,Stephen Curry,Stephen,G,,32:37,7.0,17.0,0.412,4.0,11.0,0.364,7.0,7.0,1.0,1.0,10.0,11.0,8.0,1.0,0.0,7.0,1.0,25.0,22.0
22200291,1610612744,GSW,Golden State,203210,JaMychal Green,JaMychal,,,14:24,3.0,4.0,0.75,0.0,1.0,0.0,0.0,0.0,0.0,0.0,2.0,2.0,1.0,0.0,0.0,0.0,2.0,6.0,9.0
22200291,1610612744,GSW,Golden State,1629673,Jordan Poole,Jordan,,,26:53,9.0,17.0,0.529,3.0,9.0,0.333,3.0,4.0,0.75,1.0,3.0,4.0,6.0,0.0,0.0,4.0,4.0,24.0,9.0
22200291,1610612744,GSW,Golden State,1628978,Donte DiVincenzo,Donte,,,18:04,5.0,10.0,0.5,4.0,8.0,0.5,0.0,0.0,0.0,2.0,4.0,6.0,1.0,1.0,1.0,0.0,3.0,14.0,-8.0
22200291,1610612744,GSW,Golden State,1630228,Jonathan Kuminga,Jonathan,,,19:50,3.0,5.0,0.6,0.0,2.0,0.0,1.0,1.0,1.0,0.0,6.0,6.0,1.0,0.0,2.0,2.0,2.0,7.0,8.0
22200291,1610612744,GSW,Golden State,1630237,Anthony Lamb,Anthony,,,8:44,1.0,1.0,1.0,0.0,0.0,0.0,0.0,0.0,0.0,0.0,0.0,0.0,0.0,0.0,0.0,0.0,4.0,2.0,-14.0
22200291,1610612744,GSW,Golden State,1630541,Moses Moody,Moses,,,3:25,0.0,0.0,0.0,0.0,0.0,0.0,0.0,0.0,0.0,0.0,2.0,2.0,0.0,0.0,0.0,0.0,0.0,0.0,4.0
22200291,1610612750,MIN,Minnesota,1630162,Anthony Edwards,Anthony,F,,35:36,7.0,17.0,0.412,2.0,6.0,0.333,10.0,11.0,0.909,1.0,3.0,4.0,4.0,1.0,0.0,1.0,1.0,26.0,-29.0
22200291,1610612750,MIN,Minnesota,1626157,Karl-Anthony Towns,Karl-Anthony,F,,30:51,8.0,14.0,0.571,1.0,5.0,0.2,4.0,4.0,1.0,0.0,4.0,4.0,4.0,2.0,0.0,6.0,4.0,21.0,-26.0
22200291,1610612750,MIN,Minnesota,203497,Rudy Gobert,Rudy,C,,30:04,4.0,9.0,0.444,0.0,0.0,0.0,1.0,2.0,0.5,4.0,6.0,10.0,0.0,0.0,1.0,2.0,2.0,9.0,-8.0
22200291,1610612750,MIN,Minnesota,203085,Austin Rivers,Austin,G,,28:58,1.0,4.0,0.25,1.0,3.0,0.333,2.0,2.0,1.0,0.0,2.0,2.0,1.0,0.0,0.0,1.0,3.0,5.0,-24.0
22200291,1610612750,MIN,Minnesota,1626156,D'Angelo Russell,D'Angelo,G,,31:25,5.0,14.0,0.357,3.0,6.0,0.5,2.0,2.0,1.0,1.0,1.0,2.0,6.0,1.0,1.0,0.0,2.0,15.0,-32.0
22200291,1610612750,MIN,Minnesota,203937,Kyle Anderson,Kyle,,,19:01,2.0,3.0,0.667,0.0,0.0,0.0,0.0,0.0,0.0,0.0,3.0,3.0,1.0,1.0,0.0,3.0,3.0,4.0,1.0
22200291,1610612750,MIN,Minnesota,1629669,Jaylen Nowell,Jaylen,,,24:12,5.0,11.0,0.455,4.0,7.0,0.571,2.0,3.0,0.667,0.0,3.0,3.0,3.0,1.0,0.0,0.0,2.0,16.0,6.0
22200291,1610612750,MIN,Minnesota,1627854,Bryn Forbes,Bryn,,,17:02,4.0,8.0,0.5,1.0,4.0,0.25,1.0,1.0,1.0,0.0,0.0,0.0,1.0,0.0,0.0,1.0,1.0,10.0,9.0
22200291,1610612750,MIN,Minnesota,1629675,Naz Reid,Naz,,,16:01,3.0,6.0,0.5,2.0,3.0,0.667,0.0,1.0,0.0,0.0,2.0,2.0,2.0,0.0,0.0,0.0,1.0,8.0,-4.0
22200291,1610612750,MIN,Minnesota,1630233,Nathan Knight,Nathan,,,3:25,0.0,1.0,0.0,0.0,0.0,0.0,0.0,2.0,0.0,0.0,0.0,0.0,0.0,1.0,0.0,0.0,0.0,0.0,-4.0
22200291,1610612750,MIN,Minnesota,1631111,Wendell Moore Jr.,Wendell,,,3:25,0.0,1.0,0.0,0.0,1.0,0.0,0.0,1.0,0.0,0.0,1.0,1.0,0.0,0.0,0.0,0.0,0.0,0.0,-4.0
22200297,1610612755,PHI,Philadelphia,202699,Tobias Harris,Tobias,F,,29:43,10.0,14.0,0.714,2.0,2.0,1.0,3.0,3.0,1.0,0.0,5.0,5.0,5.0,2.0,1.0,1.0,2.0,25.0,20.0
22200297,1610612755,PHI,Philadelphia,200782,P.J. Tucker,P.J.,F,,15:48,0.0,0.0,0.0,0.0,0.0,0.0,0.0,0.0,0.0,0.0,2.0,2.0,1.0,0.0,0.0,0.0,2.0,0.0,13.0
22200297,1610612755,PHI,Philadelphia,1626149,Montrezl Harrell,Montrezl,C,,17:52,3.0,6.0,0.5,0.0,0.0,0.0,3.0,4.0,0.75,0.0,7.0,7.0,1.0,0.0,2.0,0.0,1.0,9.0,2.0
22200297,1610612755,PHI,Philadelphia,1629001,De'Anthony Melton,De'Anthony,G,,29:39,5.0,12.0,0.417,1.0,6.0,0.167,0.0,0.0,0.0,1.0,2.0,3.0,2.0,3.0,1.0,3.0,1.0,11.0,14.0
22200297,1610612755,PHI,Philadelphia,1629003,Shake Milton,Shake,G,,37:42,10.0,13.0,0.769,3.0,6.0,0.5,6.0,6.0,1.0,2.0,3.0,5.0,7.0,1.0,0.0,1.0,1.0,29.0,26.0
22200297,1610612755,PHI,Philadelphia,1627788,Furkan Korkmaz,Furkan,,,24:50,6.0,7.0,0.857,3.0,3.0,1.0,2.0,3.0,0.667,0.0,2.0,2.0,4.0,0.0,1.0,2.0,2.0,17.0,16.0
22200297,1610612755,PHI,Philadelphia,1627777,Georges Niang,Georges,,,19:43,4.0,9.0,0.444,1.0,5.0,0.2,0.0,1.0,0.0,0.0,4.0,4.0,5.0,1.0,0.0,0.0,4.0,9.0,10.0
22200297,1610612755,PHI,Philadelphia,1630194,Paul Reed,Paul,,,30:08,6.0,6.0,1.0,0.0,0.0,0.0,0.0,0.0,0.0,3.0,10.0,13.0,3.0,1.0,2.0,5.0,4.0,12.0,28.0
22200297,1610612755,PHI,Philadelphia,1627863,Danuel House Jr.,Danuel,,,25:29,5.0,8.0,0.625,1.0,4.0,0.25,8.0,10.0,0.8,0.0,2.0,2.0,2.0,0.0,1.0,1.0,1.0,19.0,16.0
22200297,1610612755,PHI,Philadelphia,1630577,Julian Champagnie,Julian,,,5:17,0.0,1.0,0.0,0.0,1.0,0.0,0.0,0.0,0.0,0.0,0.0,0.0,0.0,1.0,0.0,0.0,0.0,0.0,1.0
22200297,1610612755,PHI,Philadelphia,1630240,Saben Lee,Saben,,,3:49,1.0,1.0,1.0,0.0,0.0,0.0,0.0,0.0,0.0,0.0,0.0,0.0,2.0,1.0,0.0,1.0,1.0,2.0,4.0
22200297,1610612753,ORL,Orlando,1629626,Bol Bol,Bol,F,,32:26,3.0,6.0,0.5,0.0,1.0,0.0,0.0,0.0,0.0,0.0,4.0,4.0,3.0,2.0,2.0,4.0,0.0,6.0,-19.0
22200297,1610612753,ORL,Orlando,1631094,Paolo Banchero,Paolo,F,,31:14,7.0,17.0,0.412,1.0,4.0,0.25,3.0,6.0,0.5,0.0,1.0,1.0,1.0,0.0,0.0,0.0,3.0,18.0,-14.0
22200297,1610612753,ORL,Orlando,1628964,Mo Bamba,Mo,C,,11:37,1.0,3.0,0.333,1.0,3.0,0.333,0.0,0.0,0.0,0.0,1.0,1.0,0.0,0.0,1.0,1.0,1.0,3.0,-13.0
22200297,1610612753,ORL,Orlando,1630532,Franz Wagner,Franz,G,,26:46,6.0,11.0,0.545,1.0,4.0,0.25,4.0,5.0,0.8,0.0,3.0,3.0,2.0,0.0,1.0,2.0,1.0,17.0,-15.0
22200297,1610612753,ORL,Orlando,203914,Gary Harris,Gary,G,,29:08,4.0,9.0,0.444,1.0,5.0,0.2,2.0,2.0,1.0,0.0,3.0,3.0,5.0,1.0,0.0,0.0,2.0,11.0,-7.0
22200297,1610612753,ORL,Orlando,1629021,Moritz Wagner,Moritz,,,26:25,3.0,7.0,0.429,1.0,5.0,0.2,5.0,6.0,0.833,3.0,3.0,6.0,4.0,1.0,0.0,4.0,5.0,12.0,-14.0
22200297,1610612753,ORL,Orlando,1630181,R.J. Hampton,R.J.,,,25:47,3.0,9.0,0.333,0.0,4.0,0.0,5.0,5.0,1.0,1.0,2.0,3.0,3.0,2.0,0.0,1.0,1.0,11.0,-20.0
22200297,1610612753,ORL,Orlando,203082,Terrence Ross,Terrence,,,8:35,3.0,6.0,0.5,1.0,3.0,0.333,0.0,1.0,0.0,0.0,0.0,0.0,0.0,2.0,0.0,3.0,0.0,7.0,-11.0
22200297,1610612753,ORL,Orlando,1631216,Caleb Houstan,Caleb,,,26:09,4.0,8.0,0.5,4.0,8.0,0.5,0.0,0.0,0.0,0.0,1.0,1.0,3.0,1.0,0.0,0.0,2.0,12.0,-24.0
22200297,1610612753,ORL,Orlando,1629678,Admiral Schofield,Admiral,,,21:53,2.0,3.0,0.667,2.0,3.0,0.667,0.0,0.0,0.0,3.0,1.0,4.0,0.0,0.0,0.0,0.0,5.0,6.0,-13.0
22200297,1610612753,ORL,Orlando,1630284,Kevon Harris,Kevon,,DNP - Coach's Decision,,,,,,,,,,,,,,,,,,,,
22200288,1610612747,LAL,Los Angeles,1628972,Troy Brown Jr.,Troy,F,,22:56,2.0,3.0,0.667,0.0,1.0,0.0,2.0,2.0,1.0,0.0,2.0,2.0,3.0,1.0,0.0,1.0,1.0,6.0,11.0
22200288,1610612747,LAL,Los Angeles,2544,LeBron James,LeBron,F,,35:28,11.0,21.0,0.524,7.0,12.0,0.583,10.0,10.0,1.0,0.0,11.0,11.0,3.0,1.0,1.0,4.0,3.0,39.0,-3.0
22200288,1610612747,LAL,Los Angeles,1628418,Thomas Bryant,Thomas,C,,17:53,3.0,4.0,0.75,0.0,0.0,0.0,3.0,5.0,0.6,2.0,2.0,4.0,1.0,0.0,3.0,0.0,2.0,9.0,2.0
22200288,1610612747,LAL,Los Angeles,1629022,Lonnie Walker IV,Lonnie,G,,38:47,7.0,10.0,0.7,3.0,5.0,0.6,2.0,2.0,1.0,0.0,5.0,5.0,2.0,0.0,0.0,1.0,0.0,19.0,3.0
22200288,1610612747,LAL,Los Angeles,203471,Dennis Schröder,Dennis,G,,30:42,6.0,10.0,0.6,3.0,4.0,0.75,6.0,6.0,1.0,0.0,3.0,3.0,6.0,0.0,0.0,1.0,3.0,21.0,4.0
22200288,1610612747,LAL,Los Angeles,201566,Russell Westbrook,Russell,,,26:30,4.0,12.0,0.333,0.0,3.0,0.0,3.0,6.0,0.5,1.0,6.0,7.0,6.0,0.0,1.0,6.0,3.0,11.0,-2.0
22200288,1610612747,LAL,Los Angeles,1630559,Austin Reaves,Austin,,,30:50,6.0,7.0,0.857,1.0,2.0,0.5,3.0,3.0,1.0,0.0,2.0,2.0,2.0,1.0,0.0,2.0,3.0,16.0,3.0
22200288,1610612747,LAL,Los Angeles,1629134,Kendrick Nunn,Kendrick,,,15:02,3.0,6.0,0.5,1.0,2.0,0.5,0.0,0.0,0.0,0.0,1.0,1.0,1.0,0.0,0.0,0.0,2.0,7.0,6.0
22200288,1610612747,LAL,Los Angeles,1629117,Wenyen Gabriel,Wenyen,,,21:52,5.0,8.0,0.625,2.0,4.0,0.5,3.0,3.0,1.0,0.0,4.0,4.0,1.0,1.0,2.0,2.0,3.0,15.0,1.0
22200288,1610612747,LAL,Los Angeles,201976,Patrick Beverley,Patrick,,DNP - League Suspension,,,,,,,,,,,,,,,,,,,,
22200288,1610612747,LAL,Los Angeles,1631108,Max Christie,Max,,DNP - Coach's Decision,,,,,,,,,,,,,,,,,,,,
22200288,1610612747,LAL,Los Angeles,1627745,Damian Jones,Damian,,DNP - Coach's Decision,,,,,,,,,,,,,,,,,,,,
22200288,1610612747,LAL,Los Angeles,1630346,Matt Ryan,Matt,,DNP - Coach's Decision,,,,,,,,,,,,,,,,,,,,
22200288,1610612747,LAL,Los Angeles,1629308,Juan Toscano-Anderson,Juan,,DNP - Coach's Decision,,,,,,,,,,,,,,,,,,,,
22200288,1610612759,SAS,San Antonio,1629640,Keldon Johnson,Keldon,F,,36:31,10.0,28.0,0.357,3.0,9.0,0.333,3.0,5.0,0.6,3.0,7.0,10.0,3.0,2.0,1.0,0.0,6.0,26.0,-13.0
22200288,1610612759,SAS,San Antonio,1631110,Jeremy Sochan,Jeremy,F,,14:24,2.0,6.0,0.333,1.0,1.0,1.0,0.0,0.0,0.0,0.0,0.0,0.0,3.0,0.0,0.0,0.0,1.0,5.0,0.0
22200288,1610612759,SAS,San Antonio,1627751,Jakob Poeltl,Jakob,C,,9:47,6.0,8.0,0.75,0.0,0.0,0.0,0.0,0.0,0.0,4.0,5.0,9.0,0.0,0.0,1.0,1.0,2.0,12.0,11.0
22200288,1610612759,SAS,San Antonio,1630170,Devin Vassell,Devin,G,,37:52,6.0,16.0,0.375,4.0,9.0,0.444,4.0,4.0,1.0,0.0,4.0,4.0,3.0,1.0,0.0,3.0,4.0,20.0,13.0
22200288,1610612759,SAS,San Antonio,1630200,Tre Jones,Tre,G,,35:49,9.0,13.0,0.692,0.0,1.0,0.0,5.0,7.0,0.714,3.0,5.0,8.0,13.0,2.0,0.0,1.0,2.0,23.0,12.0
22200288,1610612759,SAS,San Antonio,1629641,Romeo Langford,Romeo,,,25:36,3.0,3.0,1.0,1.0,1.0,1.0,0.0,0.0,0.0,2.0,1.0,3.0,4.0,1.0,1.0,1.0,4.0,7.0,-6.0
22200288,1610612759,SAS,San Antonio,203926,Doug McDermott,Doug,,,25:54,6.0,14.0,0.429,3.0,7.0,0.429,0.0,0.0,0.0,0.0,2.0,2.0,3.0,1.0,0.0,1.0,3.0,15.0,-4.0
22200288,1610612759,SAS,San Antonio,1628380,Zach Collins,Zach,,,18:50,4.0,6.0,0.667,2.0,3.0,0.667,2.0,2.0,1.0,4.0,4.0,8.0,2.0,1.0,2.0,1.0,3.0,12.0,-10.0
22200288,1610612759,SAS,San Antonio,1631103,Malaki Branham,Malaki,,,16:57,3.0,4.0,0.75,2.0,3.0,0.667,0.0,0.0,0.0,0.0,1.0,1.0,2.0,0.0,0.0,1.0,1.0,8.0,-12.0
22200288,1610612759,SAS,San Antonio,1629676,Isaiah Roby,Isaiah,,,16:07,4.0,6.0,0.667,2.0,3.0,0.667,0.0,2.0,0.0,0.0,1.0,1.0,0.0,0.0,0.0,1.0,6.0,10.0,-14.0
22200288,1610612759,SAS,San Antonio,1629646,Charles Bassey,Charles,,,2:13,0.0,1.0,0.0,0.0,0.0,0.0,0.0,0.0,0.0,1.0,0.0,1.0,0.0,0.0,0.0,0.0,0.0,0.0,-2.0
22200288,1610612759,SAS,San Antonio,203476,Gorgui Dieng,Gorgui,,DNP - Coach's Decision,,,,,,,,,,,,,,,,,,,,
22200288,1610612759,SAS,San Antonio,1631160,Jordan Hall,Jordan,,DNP - Coach's Decision,,,,,,,,,,,,,,,,,,,,
22200286,1610612742,DAL,Dallas,1627827,Dorian Finney-Smith,Dorian,F,,31:39,5.0,12.0,0.417,3.0,9.0,0.333,3.0,3.0,1.0,1.0,3.0,4.0,2.0,2.0,1.0,2.0,0.0,16.0,8.0
22200286,1610612742,DAL,Dallas,203493,Reggie Bullock Jr.,Reggie,F,,26:32,0.0,4.0,0.0,0.0,4.0,0.0,4.0,4.0,1.0,0.0,3.0,3.0,3.0,0.0,0.0,0.0,2.0,4.0,6.0
22200286,1610612742,DAL,Dallas,203939,Dwight Powell,Dwight,C,,14:09,3.0,3.0,1.0,0.0,0.0,0.0,2.0,2.0,1.0,2.0,0.0,2.0,0.0,2.0,0.0,1.0,2.0,8.0,8.0
22200286,1610612742,DAL,Dallas,1629029,Luka Dončić,Luka,G,,42:43,8.0,15.0,0.533,2.0,4.0,0.5,6.0,9.0,0.667,0.0,7.0,7.0,9.0,2.0,1.0,4.0,2.0,24.0,2.0
22200286,1610612742,DAL,Dallas,203915,Spencer Dinwiddie,Spencer,G,,28:21,6.0,11.0,0.545,3.0,8.0,0.375,0.0,0.0,0.0,0.0,2.0,2.0,7.0,0.0,0.0,3.0,5.0,15.0,5.0
22200286,1610612742,DAL,Dallas,203501,Tim Hardaway Jr.,Tim,,,17:01,2.0,5.0,0.4,0.0,3.0,0.0,0.0,0.0,0.0,0.0,2.0,2.0,0.0,0.0,0.0,1.0,1.0,4.0,-16.0
22200286,1610612742,DAL,Dallas,1626174,Christian Wood,Christian,,,22:50,3.0,8.0,0.375,2.0,4.0,0.5,2.0,4.0,0.5,1.0,5.0,6.0,0.0,1.0,3.0,3.0,2.0,10.0,-13.0
22200286,1610612742,DAL,Dallas,1630182,Josh Green,Josh,,,17:08,2.0,6.0,0.333,0.0,3.0,0.0,2.0,2.0,1.0,0.0,1.0,1.0,2.0,0.0,0.0,1.0,6.0,6.0,-15.0
22200286,1610612742,DAL,Dallas,1628467,Maxi Kleber,Maxi,,,29:06,5.0,7.0,0.714,1.0,3.0,0.333,0.0,0.0,0.0,0.0,5.0,5.0,3.0,0.0,0.0,0.0,3.0,11.0,-1.0
22200286,1610612742,DAL,Dallas,201580,JaVale McGee,JaVale,,,6:26,1.0,1.0,1.0,0.0,0.0,0.0,0.0,0.0,0.0,0.0,2.0,2.0,1.0,0.0,0.0,1.0,2.0,2.0,-7.0
22200286,1610612742,DAL,Dallas,1630267,Facundo Campazzo,Facundo,,,4:07,0.0,1.0,0.0,0.0,1.0,0.0,0.0,0.0,0.0,0.0,0.0,0.0,1.0,0.0,0.0,0.0,1.0,0.0,-2.0
22200286,1610612742,DAL,Dallas,202722,Dāvis Bertāns,Dāvis,,DNP - Coach's Decision,,,,,,,,,,,,,,,,,,,,
22200286,1610612742,DAL,Dallas,1628373,Frank Ntilikina,Frank,,DNP - Coach's Decision,,,,,,,,,,,,,,,,,,,,
22200286,1610612742,DAL,Dallas,1629033,Theo Pinson,Theo,,DNP - Coach's Decision,,,,,,,,,,,,,,,,,,,,
22200286,1610612761,TOR,Toronto,1628384,OG Anunoby,OG,F,,43:09,9.0,19.0,0.474,2.0,4.0,0.5,6.0,7.0,0.857,4.0,5.0,9.0,2.0,2.0,2.0,5.0,3.0,26.0,-2.0
22200286,1610612761,TOR,Toronto,1627823,Juancho Hernangomez,Juancho,F,,29:39,4.0,6.0,0.667,2.0,4.0,0.5,0.0,0.0,0.0,0.0,5.0,5.0,0.0,0.0,0.0,0.0,3.0,10.0,3.0
22200286,1610612761,TOR,Toronto,201152,Thaddeus Young,Thaddeus,C,,27:17,1.0,6.0,0.167,0.0,0.0,0.0,2.0,2.0,1.0,4.0,2.0,6.0,4.0,2.0,0.0,3.0,5.0,4.0,4.0
22200286,1610612761,TOR,Toronto,1629018,Gary Trent Jr.,Gary,G,,27:26,3.0,12.0,0.25,1.0,5.0,0.2,2.0,2.0,1.0,0.0,4.0,4.0,3.0,4.0,0.0,1.0,1.0,9.0,2.0
22200286,1610612761,TOR,Toronto,1627832,Fred VanVleet,Fred,G,,40:58,7.0,18.0,0.389,3.0,9.0,0.333,9.0,10.0,0.9,1.0,5.0,6.0,7.0,1.0,0.0,3.0,2.0,26.0,12.0
22200286,1610612761,TOR,Toronto,1628449,Chris Boucher,Chris,,,36:04,10.0,19.0,0.526,0.0,3.0,0.0,2.0,5.0,0.4,5.0,8.0,13.0,0.0,1.0,0.0,0.0,1.0,22.0,6.0
22200286,1610612761,TOR,Toronto,1631132,Christian Koloko,Christian,,,4:58,0.0,1.0,0.0,0.0,0.0,0.0,0.0,0.0,0.0,1.0,0.0,1.0,0.0,0.0,0.0,0.0,3.0,0.0,2.0
22200286,1610612761,TOR,Toronto,1630201,Malachi Flynn,Malachi,,,6:04,0.0,1.0,0.0,0.0,1.0,0.0,0.0,0.0,0.0,0.0,1.0,1.0,1.0,0.0,0.0,1.0,0.0,0.0,6.0
22200286,1610612761,TOR,Toronto,1630288,Jeff Dowtin Jr.,Jeff,,,11:44,1.0,1.0,1.0,0.0,0.0,0.0,0.0,0.0,0.0,2.0,1.0,3.0,3.0,0.0,0.0,0.0,1.0,2.0,-5.0
22200286,1610612761,TOR,Toronto,203920,Khem Birch,Khem,,,12:41,3.0,5.0,0.6,0.0,0.0,0.0,0.0,0.0,0.0,0.0,0.0,0.0,0.0,0.0,0.0,0.0,2.0,6.0,-3.0
22200286,1610612761,TOR,Toronto,1630551,Justin Champagnie,Justin,,DND - Injury/Illness,,,,,,,,,,,,,,,,,,,,
22200286,1610612761,TOR,Toronto,1631199,Ron Harper Jr.,Ron,,DNP - Coach's Decision,,,,,,,,,,,,,,,,,,,,
22200287,1610612760,OKC,Oklahoma City,1629652,Luguentz Dort,Luguentz,F,,13:51,1.0,4.0,0.25,1.0,4.0,0.25,0.0,0.0,0.0,1.0,2.0,3.0,2.0,1.0,0.0,0.0,1.0,3.0,-2.0
22200287,1610612760,OKC,Oklahoma City,1631114,Jalen Williams,Jalen,F,,29:09,4.0,12.0,0.333,0.0,2.0,0.0,3.0,3.0,1.0,3.0,2.0,5.0,4.0,0.0,0.0,3.0,1.0,11.0,-16.0
22200287,1610612760,OKC,Oklahoma City,1630197,Aleksej Pokusevski,Aleksej,C,,8:33,0.0,2.0,0.0,0.0,1.0,0.0,0.0,0.0,0.0,1.0,2.0,3.0,0.0,0.0,0.0,0.0,1.0,0.0,-17.0
22200287,1610612760,OKC,Oklahoma City,1630581,Josh Giddey,Josh,G,,28:03,7.0,14.0,0.5,0.0,1.0,0.0,4.0,7.0,0.571,3.0,2.0,5.0,2.0,1.0,0.0,4.0,4.0,18.0,-26.0
22200287,1610612760,OKC,Oklahoma City,1628983,Shai Gilgeous-Alexander,Shai,G,,27:31,12.0,21.0,0.571,1.0,3.0,0.333,7.0,7.0,1.0,1.0,2.0,3.0,3.0,2.0,0.0,3.0,1.0,32.0,-9.0
22200287,1610612760,OKC,Oklahoma City,1630526,Jeremiah Robinson-Earl,Jeremiah,,,23:39,3.0,7.0,0.429,1.0,4.0,0.25,2.0,3.0,0.667,4.0,1.0,5.0,2.0,0.0,1.0,0.0,0.0,9.0,13.0
22200287,1610612760,OKC,Oklahoma City,1630544,Tre Mann,Tre,,,24:59,1.0,11.0,0.091,0.0,9.0,0.0,0.0,0.0,0.0,0.0,5.0,5.0,0.0,2.0,0.0,2.0,3.0,2.0,10.0
22200287,1610612760,OKC,Oklahoma City,1629026,Kenrich Williams,Kenrich,,,16:10,3.0,4.0,0.75,2.0,3.0,0.667,1.0,1.0,1.0,1.0,3.0,4.0,0.0,1.0,1.0,0.0,2.0,9.0,-2.0
22200287,1610612760,OKC,Oklahoma City,1631172,Ousmane Dieng,Ousmane,,,21:09,0.0,4.0,0.0,0.0,4.0,0.0,0.0,0.0,0.0,1.0,2.0,3.0,2.0,0.0,0.0,1.0,0.0,0.0,-6.0
22200287,1610612760,OKC,Oklahoma City,1629647,Darius Bazley,Darius,,,10:34,0.0,0.0,0.0,0.0,0.0,0.0,0.0,0.0,0.0,0.0,0.0,0.0,1.0,0.0,1.0,2.0,1.0,0.0,-10.0
22200287,1610612760,OKC,Oklahoma City,1630198,Isaiah Joe,Isaiah,,,13:43,2.0,8.0,0.25,2.0,7.0,0.286,0.0,0.0,0.0,0.0,3.0,3.0,3.0,2.0,0.0,0.0,0.0,6.0,2.0
22200287,1610612760,OKC,Oklahoma City,1630598,Aaron Wiggins,Aaron,,,22:39,5.0,10.0,0.5,3.0,6.0,0.5,2.0,2.0,1.0,1.0,1.0,2.0,0.0,3.0,0.0,0.0,1.0,15.0,-2.0
22200287,1610612745,HOU,Houston,201569,Eric Gordon,Eric,F,,27:03,5.0,7.0,0.714,4.0,6.0,0.667,1.0,1.0,1.0,0.0,0.0,0.0,2.0,1.0,0.0,3.0,1.0,15.0,17.0
22200287,1610612745,HOU,Houston,1631095,Jabari Smith Jr.,Jabari,F,,31:25,5.0,11.0,0.455,3.0,8.0,0.375,2.0,2.0,1.0,2.0,11.0,13.0,0.0,0.0,1.0,1.0,1.0,15.0,23.0
22200287,1610612745,HOU,Houston,1630578,Alperen Sengun,Alperen,C,,34:41,10.0,17.0,0.588,0.0,1.0,0.0,1.0,1.0,1.0,6.0,13.0,19.0,7.0,3.0,2.0,3.0,6.0,21.0,17.0
22200287,1610612745,HOU,Houston,1630224,Jalen Green,Jalen,G,,34:22,11.0,19.0,0.579,6.0,9.0,0.667,0.0,0.0,0.0,0.0,2.0,2.0,9.0,0.0,0.0,4.0,1.0,28.0,17.0
22200287,1610612745,HOU,Houston,1629645,Kevin Porter Jr.,Kevin,G,,33:20,6.0,13.0,0.462,1.0,5.0,0.2,3.0,5.0,0.6,0.0,3.0,3.0,6.0,1.0,0.0,5.0,2.0,16.0,17.0
22200287,1610612745,HOU,Houston,1630231,KJ Martin,KJ,,,14:10,1.0,5.0,0.2,0.0,2.0,0.0,1.0,2.0,0.5,1.0,4.0,5.0,1.0,0.0,0.0,2.0,0.0,3.0,-1.0
22200287,1610612745,HOU,Houston,1630586,Usman Garuba,Usman,,,13:19,0.0,0.0,0.0,0.0,0.0,0.0,0.0,0.0,0.0,1.0,1.0,2.0,0.0,1.0,0.0,1.0,2.0,0.0,-4.0
22200287,1610612745,HOU,Houston,1631106,Tari Eason,Tari,,,16:35,3.0,8.0,0.375,1.0,1.0,1.0,0.0,0.0,0.0,1.0,5.0,6.0,0.0,2.0,0.0,2.0,2.0,7.0,-10.0
22200287,1610612745,HOU,Houston,1630227,Daishen Nix,Daishen,,,14:40,0.0,0.0,0.0,0.0,0.0,0.0,0.0,0.0,0.0,0.0,1.0,1.0,0.0,1.0,0.0,2.0,0.0,0.0,-4.0
22200287,1610612745,HOU,Houston,1629726,Garrison Mathews,Garrison,,,18:00,3.0,4.0,0.75,3.0,4.0,0.75,2.0,3.0,0.667,0.0,2.0,2.0,0.0,0.0,0.0,0.0,3.0,11.0,2.0
22200287,1610612745,HOU,Houston,1630528,Josh Christopher,Josh,,,2:25,1.0,2.0,0.5,0.0,0.0,0.0,0.0,0.0,0.0,0.0,0.0,0.0,0.0,0.0,0.0,1.0,1.0,2.0,-9.0
22200287,1610612745,HOU,Houston,1626246,Boban Marjanović,Boban,,DNP - Coach's Decision,,,,,,,,,,,,,,,,,,,,
22200289,1610612762,UTA,Utah,1628374,Lauri Markkanen,Lauri,F,,35:37,4.0,13.0,0.308,2.0,8.0,0.25,5.0,7.0,0.714,1.0,9.0,10.0,2.0,0.0,0.0,2.0,3.0,15.0,2.0
22200289,1610612762,UTA,Utah,203482,Kelly Olynyk,Kelly,F,,33:25,3.0,7.0,0.429,1.0,4.0,0.25,3.0,4.0,0.75,1.0,5.0,6.0,3.0,2.0,1.0,0.0,3.0,10.0,6.0
22200289,1610612762,UTA,Utah,1629020,Jarred Vanderbilt,Jarred,C,,22:55,3.0,4.0,0.75,0.0,0.0,0.0,0.0,0.0,0.0,1.0,6.0,7.0,1.0,1.0,0.0,0.0,2.0,6.0,-9.0
22200289,1610612762,UTA,Utah,203903,Jordan Clarkson,Jordan,G,,33:30,8.0,18.0,0.444,2.0,4.0,0.5,4.0,4.0,1.0,3.0,2.0,5.0,5.0,0.0,0.0,2.0,2.0,22.0,9.0
22200289,1610612762,UTA,Utah,1629012,Collin Sexton,Collin,G,,29:49,7.0,11.0,0.636,0.0,1.0,0.0,6.0,8.0,0.75,1.0,1.0,2.0,5.0,2.0,0.0,2.0,3.0,20.0,1.0
22200289,1610612762,UTA,Utah,1627736,Malik Beasley,Malik,,,35:15,6.0,13.0,0.462,2.0,7.0,0.286,0.0,0.0,0.0,0.0,5.0,5.0,4.0,0.0,0.0,2.0,2.0,14.0,-2.0
22200289,1610612762,UTA,Utah,1629659,Talen Horton-Tucker,Talen,,,16:39,4.0,7.0,0.571,2.0,4.0,0.5,0.0,0.0,0.0,0.0,1.0,1.0,0.0,0.0,1.0,3.0,0.0,10.0,0.0
22200289,1610612762,UTA,Utah,1631117,Walker Kessler,Walker,,,16:48,1.0,1.0,1.0,0.0,0.0,0.0,1.0,2.0,0.5,1.0,3.0,4.0,0.0,0.0,0.0,0.0,2.0,3.0,0.0
22200289,1610612762,UTA,Utah,1629638,Nickeil Alexander-Walker,Nickeil,,,16:02,4.0,5.0,0.8,4.0,4.0,1.0,0.0,0.0,0.0,0.0,0.0,0.0,0.0,0.0,0.0,1.0,2.0,12.0,-12.0
22200289,1610612762,UTA,Utah,1630534,Ochai Agbaji,Ochai,,DNP - Coach's Decision,,,,,,,,,,,,,,,,,,,,
22200289,1610612762,UTA,Utah,1628962,Udoka Azubuike,Udoka,,DNP - Coach's Decision,,,,,,,,,,,,,,,,,,,,
22200289,1610612762,UTA,Utah,1631323,Simone Fontecchio,Simone,,DNP - Coach's Decision,,,,,,,,,,,,,,,,,,,,
22200289,1610612756,PHX,Phoenix,1628969,Mikal Bridges,Mikal,F,,40:53,7.0,10.0,0.7,0.0,1.0,0.0,2.0,2.0,1.0,0.0,3.0,3.0,2.0,1.0,0.0,0.0,2.0,16.0,3.0
22200289,1610612756,PHX,Phoenix,1628470,Torrey Craig,Torrey,F,,26:51,4.0,8.0,0.5,0.0,2.0,0.0,2.0,2.0,1.0,3.0,4.0,7.0,1.0,0.0,2.0,1.0,4.0,10.0,2.0
22200289,1610612756,PHX,Phoenix,1629028,Deandre Ayton,Deandre,C,,34:08,11.0,19.0,0.579,0.0,0.0,0.0,7.0,9.0,0.778,9.0,12.0,21.0,3.0,1.0,2.0,2.0,1.0,29.0,-4.0
22200289,1610612756,PHX,Phoenix,1626164,Devin Booker,Devin,G,,39:21,8.0,27.0,0.296,1.0,7.0,0.143,10.0,11.0,0.909,4.0,7.0,11.0,7.0,0.0,0.0,2.0,3.0,27.0,-4.0
22200289,1610612756,PHX,Phoenix,1626166,Cameron Payne,Cameron,G,,30:04,4.0,13.0,0.308,1.0,6.0,0.167,2.0,4.0,0.5,0.0,0.0,0.0,6.0,1.0,0.0,0.0,4.0,11.0,-1.0
22200289,1610612756,PHX,Phoenix,1630613,Duane Washington Jr.,Duane,,,4:05,0.0,2.0,0.0,0.0,1.0,0.0,0.0,0.0,0.0,0.0,0.0,0.0,0.0,0.0,0.0,0.0,0.0,0.0,-7.0
22200289,1610612756,PHX,Phoenix,1629013,Landry Shamet,Landry,,,14:55,1.0,2.0,0.5,0.0,0.0,0.0,0.0,0.0,0.0,0.0,0.0,0.0,0.0,0.0,1.0,1.0,2.0,2.0,-2.0
22200289,1610612756,PHX,Phoenix,202687,Bismack Biyombo,Bismack,,,8:28,0.0,1.0,0.0,0.0,0.0,0.0,0.0,2.0,0.0,0.0,0.0,0.0,2.0,2.0,1.0,0.0,1.0,0.0,-2.0
22200289,1610612756,PHX,Phoenix,1627814,Damion Lee,Damion,,,18:21,3.0,5.0,0.6,2.0,3.0,0.667,0.0,0.0,0.0,0.0,3.0,3.0,1.0,0.0,0.0,0.0,1.0,8.0,9.0
22200289,1610612756,PHX,Phoenix,1630688,Ish Wainright,Ish,,,17:30,2.0,3.0,0.667,2.0,2.0,1.0,0.0,0.0,0.0,1.0,1.0,2.0,0.0,3.0,0.0,0.0,2.0,6.0,4.0
22200289,1610612756,PHX,Phoenix,1629111,Jock Landale,Jock,,,5:24,2.0,2.0,1.0,0.0,0.0,0.0,0.0,0.0,0.0,1.0,0.0,1.0,1.0,0.0,0.0,0.0,0.0,4.0,7.0
22200289,1610612756,PHX,Phoenix,1629006,Josh Okogie,Josh,,DNP - Coach's Decision,,,,,,,,,,,,,,,,,,,,
22200289,1610612756,PHX,Phoenix,203967,Dario Šarić,Dario,,DNP - Coach's Decision,,,,,,,,,,,,,,,,,,,,
22200279,1610612740,NOP,New Orleans,1627742,Brandon Ingram,Brandon,F,,17:49,2.0,6.0,0.333,0.0,1.0,0.0,4.0,4.0,1.0,0.0,3.0,3.0,3.0,0.0,0.0,2.0,0.0,8.0,-11.0
22200279,1610612740,NOP,New Orleans,1629627,Zion Williamson,Zion,F,,30:00,6.0,12.0,0.5,0.0,0.0,0.0,2.0,2.0,1.0,1.0,4.0,5.0,4.0,1.0,0.0,1.0,3.0,14.0,-32.0
22200279,1610612740,NOP,New Orleans,202685,Jonas Valančiūnas,Jonas,C,,17:24,2.0,5.0,0.4,0.0,1.0,0.0,0.0,0.0,0.0,0.0,3.0,3.0,1.0,0.0,0.0,4.0,5.0,4.0,-21.0
22200279,1610612740,NOP,New Orleans,1630529,Herbert Jones,Herbert,G,,22:38,4.0,11.0,0.364,2.0,4.0,0.5,3.0,4.0,0.75,2.0,3.0,5.0,3.0,1.0,1.0,1.0,2.0,13.0,-21.0
22200279,1610612740,NOP,New Orleans,1630631,Jose Alvarado,Jose,G,,22:15,2.0,7.0,0.286,1.0,4.0,0.25,2.0,2.0,1.0,0.0,4.0,4.0,2.0,1.0,0.0,1.0,0.0,7.0,-24.0
22200279,1610612740,NOP,New Orleans,1626204,Larry Nance Jr.,Larry,,,14:38,2.0,4.0,0.5,0.0,1.0,0.0,0.0,0.0,0.0,1.0,0.0,1.0,0.0,0.0,1.0,0.0,2.0,4.0,-6.0
22200279,1610612740,NOP,New Orleans,1630530,Trey Murphy III,Trey,,,26:06,7.0,14.0,0.5,1.0,6.0,0.167,6.0,7.0,0.857,2.0,1.0,3.0,1.0,1.0,0.0,0.0,4.0,21.0,-17.0
22200279,1610612740,NOP,New Orleans,1630230,Naji Marshall,Naji,,,13:55,3.0,6.0,0.5,3.0,5.0,0.6,0.0,0.0,0.0,2.0,0.0,2.0,1.0,0.0,0.0,0.0,1.0,9.0,-9.0
22200279,1610612740,NOP,New Orleans,1628984,Devonte' Graham,Devonte',,,14:17,1.0,3.0,0.333,1.0,3.0,0.333,2.0,3.0,0.667,0.0,2.0,2.0,3.0,1.0,1.0,1.0,0.0,5.0,-6.0
22200279,1610612740,NOP,New Orleans,1630700,Dyson Daniels,Dyson,,,24:58,3.0,5.0,0.6,1.0,1.0,1.0,2.0,2.0,1.0,0.0,5.0,5.0,6.0,0.0,0.0,3.0,2.0,9.0,18.0
22200279,1610612740,NOP,New Orleans,1629637,Jaxson Hayes,Jaxson,,,12:00,1.0,5.0,0.2,0.0,3.0,0.0,3.0,3.0,1.0,0.0,3.0,3.0,2.0,1.0,0.0,0.0,0.0,5.0,8.0
22200279,1610612740,NOP,New Orleans,1626195,Willy Hernangomez,Willy,,,12:00,2.0,4.0,0.5,0.0,0.0,0.0,2.0,2.0,1.0,3.0,2.0,5.0,0.0,1.0,0.0,0.0,1.0,6.0,8.0
22200279,1610612740,NOP,New Orleans,202066,Garrett Temple,Garrett,,,12:00,2.0,4.0,0.5,1.0,2.0,0.5,1.0,2.0,0.5,0.0,0.0,0.0,0.0,2.0,1.0,0.0,2.0,6.0,8.0
22200279,1610612763,MEM,Memphis,1628415,Dillon Brooks,Dillon,F,,29:18,8.0,15.0,0.533,4.0,9.0,0.444,5.0,5.0,1.0,0.0,2.0,2.0,4.0,0.0,0.0,1.0,4.0,25.0,31.0
22200279,1610612763,MEM,Memphis,1628991,Jaren Jackson Jr.,Jaren,F,,21:48,6.0,7.0,0.857,2.0,3.0,0.667,6.0,7.0,0.857,0.0,4.0,4.0,0.0,1.0,3.0,1.0,4.0,20.0,18.0
22200279,1610612763,MEM,Memphis,203500,Steven Adams,Steven,C,,25:02,7.0,10.0,0.7,0.0,0.0,0.0,1.0,2.0,0.5,4.0,7.0,11.0,1.0,1.0,0.0,2.0,1.0,15.0,26.0
22200279,1610612763,MEM,Memphis,1629723,John Konchar,John,G,,25:23,3.0,6.0,0.5,3.0,5.0,0.6,0.0,0.0,0.0,2.0,4.0,6.0,0.0,1.0,0.0,1.0,1.0,9.0,28.0
22200279,1610612763,MEM,Memphis,1629630,Ja Morant,Ja,G,,27:60,8.0,16.0,0.5,2.0,6.0,0.333,5.0,10.0,0.5,2.0,2.0,4.0,11.0,0.0,0.0,2.0,1.0,23.0,24.0
22200279,1610612763,MEM,Memphis,1631223,David Roddy,David,,,24:30,4.0,11.0,0.364,2.0,5.0,0.4,1.0,1.0,1.0,0.0,2.0,2.0,0.0,0.0,0.0,2.0,3.0,11.0,0.0
22200279,1610612763,MEM,Memphis,1626145,Tyus Jones,Tyus,,,21:24,3.0,7.0,0.429,3.0,5.0,0.6,0.0,0.0,0.0,1.0,0.0,1.0,6.0,0.0,0.0,1.0,0.0,9.0,11.0
22200279,1610612763,MEM,Memphis,1629634,Brandon Clarke,Brandon,,,21:10,5.0,7.0,0.714,0.0,0.0,0.0,2.0,2.0,1.0,1.0,9.0,10.0,1.0,0.0,1.0,1.0,3.0,12.0,9.0
22200279,1610612763,MEM,Memphis,1631222,Jake LaRavia,Jake,,,26:12,1.0,5.0,0.2,1.0,4.0,0.25,0.0,0.0,0.0,2.0,2.0,4.0,0.0,0.0,0.0,1.0,2.0,3.0,-15.0
22200279,1610612763,MEM,Memphis,1631113,Kennedy Chandler,Kennedy,,,7:47,0.0,3.0,0.0,0.0,0.0,0.0,0.0,0.0,0.0,1.0,0.0,1.0,1.0,1.0,0.0,1.0,1.0,0.0,-7.0
22200279,1610612763,MEM,Memphis,1631254,Kenneth Lofton Jr.,Kenneth,,,4:43,1.0,3.0,0.333,0.0,0.0,0.0,0.0,0.0,0.0,0.0,1.0,1.0,2.0,0.0,0.0,1.0,0.0,2.0,-10.0
22200279,1610612763,MEM,Memphis,1631246,Vince Williams Jr.,Vince,,,4:43,1.0,1.0,1.0,1.0,1.0,1.0,0.0,0.0,0.0,0.0,0.0,0.0,0.0,0.0,0.0,0.0,0.0,3.0,-10.0
22200275,1610612758,SAC,Sacramento,1631099,Keegan Murray,Keegan,F,,22:43,1.0,8.0,0.125,1.0,6.0,0.167,0.0,0.0,0.0,3.0,7.0,10.0,0.0,1.0,1.0,1.0,2.0,3.0,-14.0
22200275,1610612758,SAC,Sacramento,203084,Harrison Barnes,Harrison,F,,22:36,4.0,9.0,0.444,0.0,0.0,0.0,4.0,4.0,1.0,3.0,2.0,5.0,1.0,0.0,0.0,2.0,3.0,12.0,-19.0
22200275,1610612758,SAC,Sacramento,1627734,Domantas Sabonis,Domantas,C,,33:11,7.0,13.0,0.538,0.0,2.0,0.0,4.0,4.0,1.0,2.0,8.0,10.0,6.0,0.0,0.0,3.0,5.0,18.0,-14.0
22200275,1610612758,SAC,Sacramento,1628989,Kevin Huerter,Kevin,G,,31:48,2.0,10.0,0.2,0.0,6.0,0.0,3.0,3.0,1.0,0.0,3.0,3.0,3.0,0.0,1.0,2.0,2.0,7.0,-13.0
22200275,1610612758,SAC,Sacramento,1628368,De'Aaron Fox,De'Aaron,G,,30:31,6.0,17.0,0.353,3.0,9.0,0.333,5.0,5.0,1.0,0.0,4.0,4.0,2.0,0.0,0.0,2.0,1.0,20.0,-26.0
22200275,1610612758,SAC,Sacramento,1628370,Malik Monk,Malik,,,22:35,4.0,12.0,0.333,1.0,6.0,0.167,0.0,1.0,0.0,0.0,2.0,2.0,3.0,1.0,0.0,1.0,1.0,9.0,-9.0
22200275,1610612758,SAC,Sacramento,1630558,Davion Mitchell,Davion,,,14:08,5.0,6.0,0.833,1.0,1.0,1.0,2.0,2.0,1.0,0.0,0.0,0.0,1.0,0.0,1.0,1.0,1.0,13.0,-3.0
22200275,1610612758,SAC,Sacramento,1626168,Trey Lyles,Trey,,,8:29,1.0,1.0,1.0,1.0,1.0,1.0,3.0,4.0,0.75,1.0,1.0,2.0,0.0,0.0,0.0,2.0,0.0,6.0,4.0
22200275,1610612758,SAC,Sacramento,1629644,KZ Okpala,KZ,,,20:44,3.0,5.0,0.6,1.0,2.0,0.5,0.0,0.0,0.0,1.0,3.0,4.0,1.0,1.0,1.0,0.0,4.0,7.0,1.0
22200275,1610612758,SAC,Sacramento,1629002,Chimezie Metu,Chimezie,,,10:19,1.0,2.0,0.5,0.0,0.0,0.0,2.0,2.0,1.0,1.0,1.0,2.0,0.0,0.0,0.0,2.0,1.0,4.0,-11.0
22200275,1610612758,SAC,Sacramento,1629056,Terence Davis,Terence,,,13:56,1.0,2.0,0.5,1.0,2.0,0.5,0.0,0.0,0.0,0.0,3.0,3.0,1.0,0.0,0.0,2.0,2.0,3.0,0.0
22200275,1610612758,SAC,Sacramento,203521,Matthew Dellavedova,Matthew,,,4:30,1.0,2.0,0.5,0.0,1.0,0.0,0.0,1.0,0.0,0.0,0.0,0.0,2.0,0.0,0.0,0.0,0.0,2.0,7.0
22200275,1610612758,SAC,Sacramento,1626158,Richaun Holmes,Richaun,,,4:30,0.0,0.0,0.0,0.0,0.0,0.0,0.0,0.0,0.0,0.0,0.0,0.0,0.0,0.0,0.0,0.0,0.0,0.0,7.0
22200275,1610612758,SAC,Sacramento,203458,Alex Len,Alex,,DNP - Coach's Decision,,,,,,,,,,,,,,,,,,,,
22200275,1610612738,BOS,Boston,1627759,Jaylen Brown,Jaylen,F,,26:41,9.0,16.0,0.563,1.0,4.0,0.25,6.0,6.0,1.0,0.0,5.0,5.0,4.0,2.0,0.0,1.0,4.0,25.0,5.0
22200275,1610612738,BOS,Boston,1628369,Jayson Tatum,Jayson,F,,31:09,10.0,17.0,0.588,2.0,6.0,0.333,8.0,9.0,0.889,1.0,7.0,8.0,4.0,1.0,0.0,3.0,4.0,30.0,12.0
22200275,1610612738,BOS,Boston,201143,Al Horford,Al,C,,27:47,5.0,8.0,0.625,3.0,3.0,1.0,0.0,0.0,0.0,0.0,4.0,4.0,5.0,0.0,2.0,0.0,1.0,13.0,0.0
22200275,1610612738,BOS,Boston,1628401,Derrick White,Derrick,G,,25:31,6.0,11.0,0.545,3.0,7.0,0.429,1.0,2.0,0.5,0.0,3.0,3.0,2.0,3.0,0.0,0.0,2.0,16.0,-2.0
22200275,1610612738,BOS,Boston,203935,Marcus Smart,Marcus,G,,29:19,0.0,4.0,0.0,0.0,3.0,0.0,4.0,4.0,1.0,0.0,4.0,4.0,5.0,0.0,0.0,4.0,5.0,4.0,12.0
22200275,1610612738,BOS,Boston,1629684,Grant Williams,Grant,,,18:27,0.0,3.0,0.0,0.0,1.0,0.0,2.0,2.0,1.0,1.0,0.0,1.0,2.0,0.0,1.0,0.0,2.0,2.0,-2.0
22200275,1610612738,BOS,Boston,1627763,Malcolm Brogdon,Malcolm,,,20:49,3.0,9.0,0.333,2.0,3.0,0.667,0.0,0.0,0.0,1.0,2.0,3.0,4.0,2.0,1.0,1.0,2.0,8.0,21.0
22200275,1610612738,BOS,Boston,1630573,Sam Hauser,Sam,,,21:34,3.0,6.0,0.5,3.0,6.0,0.5,0.0,0.0,0.0,1.0,2.0,3.0,1.0,0.0,0.0,0.0,1.0,9.0,21.0
22200275,1610612738,BOS,Boston,1628436,Luke Kornet,Luke,,,12:47,2.0,2.0,1.0,0.0,0.0,0.0,0.0,0.0,0.0,0.0,5.0,5.0,0.0,0.0,2.0,0.0,3.0,4.0,19.0
22200275,1610612738,BOS,Boston,1630202,Payton Pritchard,Payton,,,15:12,2.0,4.0,0.5,2.0,3.0,0.667,3.0,4.0,0.75,0.0,1.0,1.0,0.0,0.0,0.0,0.0,0.0,9.0,22.0
22200275,1610612738,BOS,Boston,1628382,Justin Jackson,Justin,,,4:04,0.0,1.0,0.0,0.0,1.0,0.0,0.0,0.0,0.0,0.0,1.0,1.0,0.0,0.0,0.0,0.0,0.0,0.0,-9.0
22200275,1610612738,BOS,Boston,203943,Noah Vonleh,Noah,,,3:45,0.0,0.0,0.0,0.0,0.0,0.0,0.0,0.0,0.0,0.0,0.0,0.0,0.0,0.0,0.0,1.0,0.0,0.0,-7.0
22200275,1610612738,BOS,Boston,1631120,JD Davison,JD,,,2:55,1.0,2.0,0.5,0.0,0.0,0.0,0.0,0.0,0.0,0.0,0.0,0.0,0.0,1.0,0.0,0.0,0.0,2.0,-2.0
22200275,1610612738,BOS,Boston,201933,Blake Griffin,Blake,,DNP - Coach's Decision,,,,,,,,,,,,,,,,,,,,
22200275,1610612738,BOS,Boston,1629662,Mfiondu Kabengele,Mfiondu,,DNP - Coach's Decision,,,,,,,,,,,,,,,,,,,,
22200277,1610612764,WAS,Washington,1630166,Deni Avdija,Deni,F,,30:42,2.0,8.0,0.25,0.0,4.0,0.0,4.0,6.0,0.667,1.0,8.0,9.0,5.0,1.0,2.0,3.0,3.0,8.0,-2.0
22200277,1610612764,WAS,Washington,1628398,Kyle Kuzma,Kyle,F,,38:52,11.0,22.0,0.5,3.0,10.0,0.3,3.0,3.0,1.0,3.0,4.0,7.0,5.0,1.0,0.0,3.0,2.0,28.0,-5.0
22200277,1610612764,WAS,Washington,204001,Kristaps Porziņģis,Kristaps,C,,35:52,7.0,18.0,0.389,1.0,4.0,0.25,3.0,3.0,1.0,2.0,5.0,7.0,1.0,0.0,2.0,1.0,3.0,18.0,-6.0
22200277,1610612764,WAS,Washington,1630557,Corey Kispert,Corey,G,,34:32,2.0,9.0,0.222,1.0,7.0,0.143,0.0,1.0,0.0,2.0,0.0,2.0,4.0,1.0,0.0,1.0,2.0,5.0,-9.0
22200277,1610612764,WAS,Washington,203078,Bradley Beal,Bradley,G,,37:48,11.0,20.0,0.55,4.0,7.0,0.571,2.0,3.0,0.667,2.0,3.0,5.0,5.0,1.0,3.0,1.0,3.0,28.0,-4.0
22200277,1610612764,WAS,Washington,203115,Will Barton,Will,,,16:09,1.0,8.0,0.125,1.0,5.0,0.2,2.0,2.0,1.0,0.0,3.0,3.0,4.0,1.0,0.0,1.0,1.0,5.0,4.0
22200277,1610612764,WAS,Washington,1630692,Jordan Goodwin,Jordan,,,25:04,2.0,4.0,0.5,1.0,2.0,0.5,2.0,2.0,1.0,1.0,5.0,6.0,2.0,2.0,0.0,2.0,3.0,7.0,0.0
22200277,1610612764,WAS,Washington,1630264,Anthony Gill,Anthony,,,12:55,1.0,1.0,1.0,0.0,0.0,0.0,0.0,0.0,0.0,1.0,2.0,3.0,1.0,0.0,1.0,0.0,0.0,2.0,-1.0
22200277,1610612764,WAS,Washington,1629655,Daniel Gafford,Daniel,,,8:06,3.0,3.0,1.0,0.0,0.0,0.0,0.0,0.0,0.0,1.0,2.0,3.0,0.0,0.0,1.0,0.0,1.0,6.0,8.0
22200277,1610612764,WAS,Washington,1630176,Vernon Carey Jr.,Vernon,,DNP - Coach's Decision,,,,,,,,,,,,,,,,,,,,
22200277,1610612764,WAS,Washington,1629653,Devon Dotson,Devon,,DNP - Coach's Decision,,,,,,,,,,,,,,,,,,,,
22200277,1610612764,WAS,Washington,201959,Taj Gibson,Taj,,DNP - Coach's Decision,,,,,,,,,,,,,,,,,,,,
22200277,1610612764,WAS,Washington,1630225,Isaiah Todd,Isaiah,,DNP - Coach's Decision,,,,,,,,,,,,,,,,,,,,
22200277,1610612748,MIA,Miami,1628997,Caleb Martin,Caleb,F,,38:25,7.0,11.0,0.636,2.0,4.0,0.5,4.0,5.0,0.8,0.0,4.0,4.0,1.0,1.0,0.0,2.0,2.0,20.0,13.0
22200277,1610612748,MIA,Miami,1631107,Nikola Jović,Nikola,F,,14:28,3.0,6.0,0.5,0.0,3.0,0.0,1.0,1.0,1.0,0.0,1.0,1.0,0.0,1.0,1.0,0.0,1.0,7.0,-1.0
22200277,1610612748,MIA,Miami,1628389,Bam Adebayo,Bam,C,,35:17,15.0,22.0,0.682,0.0,1.0,0.0,8.0,8.0,1.0,3.0,9.0,12.0,3.0,0.0,0.0,0.0,4.0,38.0,1.0
22200277,1610612748,MIA,Miami,1629639,Tyler Herro,Tyler,G,,38:39,4.0,18.0,0.222,2.0,10.0,0.2,1.0,1.0,1.0,0.0,5.0,5.0,10.0,0.0,1.0,5.0,1.0,11.0,8.0
22200277,1610612748,MIA,Miami,200768,Kyle Lowry,Kyle,G,,39:28,4.0,12.0,0.333,2.0,6.0,0.333,3.0,3.0,1.0,2.0,5.0,7.0,8.0,1.0,0.0,0.0,3.0,13.0,0.0
22200277,1610612748,MIA,Miami,1630696,Dru Smith,Dru,,,15:56,1.0,3.0,0.333,0.0,0.0,0.0,0.0,0.0,0.0,0.0,3.0,3.0,1.0,1.0,2.0,1.0,5.0,2.0,-2.0
22200277,1610612748,MIA,Miami,1629312,Haywood Highsmith,Haywood,,,33:32,2.0,6.0,0.333,1.0,2.0,0.5,1.0,4.0,0.25,2.0,5.0,7.0,1.0,0.0,1.0,1.0,1.0,6.0,4.0
22200277,1610612748,MIA,Miami,1631288,Jamal Cain,Jamal,,,11:32,2.0,3.0,0.667,0.0,0.0,0.0,0.0,0.0,0.0,1.0,2.0,3.0,0.0,0.0,0.0,0.0,1.0,4.0,-10.0
22200277,1610612748,MIA,Miami,203473,Dewayne Dedmon,Dewayne,,,12:43,4.0,8.0,0.5,0.0,0.0,0.0,1.0,1.0,1.0,2.0,3.0,5.0,0.0,1.0,0.0,1.0,1.0,9.0,2.0
22200277,1610612748,MIA,Miami,2617,Udonis Haslem,Udonis,,DNP - Coach's Decision,,,,,,,,,,,,,,,,,,,,
22200277,1610612748,MIA,Miami,1629216,Gabe Vincent,Gabe,,DNP - Injury/Illness,,,,,,,,,,,,,,,,,,,,
22200285,1610612743,DEN,Denver,1628971,Bruce Brown,Bruce,F,,31:17,4.0,7.0,0.571,0.0,2.0,0.0,0.0,0.0,0.0,0.0,4.0,4.0,4.0,1.0,0.0,1.0,5.0,8.0,12.0
22200285,1610612743,DEN,Denver,203932,Aaron Gordon,Aaron,F,,27:59,12.0,16.0,0.75,2.0,4.0,0.5,3.0,4.0,0.75,5.0,2.0,7.0,3.0,2.0,2.0,1.0,4.0,29.0,13.0
22200285,1610612743,DEN,Denver,203999,Nikola Jokić,Nikola,C,,32:24,7.0,13.0,0.538,0.0,1.0,0.0,5.0,7.0,0.714,2.0,11.0,13.0,6.0,2.0,1.0,2.0,3.0,19.0,19.0
22200285,1610612743,DEN,Denver,203484,Kentavious Caldwell-Pope,Kentavious,G,,30:50,2.0,4.0,0.5,1.0,2.0,0.5,1.0,2.0,0.5,0.0,0.0,0.0,1.0,1.0,0.0,0.0,1.0,6.0,23.0
22200285,1610612743,DEN,Denver,1627750,Jamal Murray,Jamal,G,,33:36,9.0,21.0,0.429,3.0,9.0,0.333,0.0,0.0,0.0,1.0,5.0,6.0,9.0,1.0,0.0,1.0,2.0,21.0,22.0
22200285,1610612743,DEN,Denver,1628427,Vlatko Čančar,Vlatko,,,24:41,4.0,9.0,0.444,2.0,4.0,0.5,3.0,4.0,0.75,0.0,0.0,0.0,2.0,1.0,1.0,1.0,3.0,13.0,10.0
22200285,1610612743,DEN,Denver,1631128,Christian Braun,Christian,,,6:36,0.0,0.0,0.0,0.0,0.0,0.0,0.0,2.0,0.0,0.0,0.0,0.0,0.0,1.0,0.0,0.0,0.0,0.0,-13.0
22200285,1610612743,DEN,Denver,1628432,Davon Reed,Davon,,,19:35,2.0,7.0,0.286,1.0,3.0,0.333,2.0,2.0,1.0,1.0,3.0,4.0,0.0,0.0,0.0,0.0,3.0,7.0,3.0
22200285,1610612743,DEN,Denver,1630192,Zeke Nnaji,Zeke,,,15:36,2.0,5.0,0.4,0.0,2.0,0.0,2.0,2.0,1.0,1.0,1.0,2.0,0.0,0.0,0.0,0.0,1.0,6.0,-9.0
22200285,1610612743,DEN,Denver,202397,Ish Smith,Ish,,,13:24,2.0,5.0,0.4,1.0,1.0,1.0,0.0,0.0,0.0,0.0,1.0,1.0,2.0,0.0,1.0,0.0,1.0,5.0,-12.0
22200285,1610612743,DEN,Denver,1631298,Jack White,Jack,,,2:01,0.0,2.0,0.0,0.0,2.0,0.0,0.0,0.0,0.0,0.0,0.0,0.0,0.0,0.0,0.0,0.0,1.0,0.0,-9.0
22200285,1610612743,DEN,Denver,1631212,Peyton Watson,Peyton,,,2:01,0.0,0.0,0.0,0.0,0.0,0.0,0.0,0.0,0.0,0.0,0.0,0.0,0.0,0.0,0.0,0.0,0.0,0.0,-9.0
22200285,1610612743,DEN,Denver,201599,DeAndre Jordan,DeAndre,,DNP - Coach's Decision,,,,,,,,,,,,,,,,,,,,
22200285,1610612746,LAC,LA,1629599,Amir Coffey,Amir,F,,24:48,3.0,6.0,0.5,2.0,4.0,0.5,1.0,2.0,0.5,1.0,1.0,2.0,3.0,0.0,0.0,1.0,2.0,9.0,-7.0
22200285,1610612746,LAC,LA,202694,Marcus Morris Sr.,Marcus,F,,26:54,7.0,12.0,0.583,1.0,3.0,0.333,0.0,2.0,0.0,0.0,2.0,2.0,0.0,0.0,0.0,2.0,4.0,15.0,-18.0
22200285,1610612746,LAC,LA,1627826,Ivica Zubac,Ivica,C,,29:21,2.0,6.0,0.333,0.0,0.0,0.0,2.0,2.0,1.0,2.0,7.0,9.0,0.0,0.0,0.0,1.0,2.0,6.0,-22.0
22200285,1610612746,LAC,LA,1629611,Terance Mann,Terance,G,,30:17,7.0,11.0,0.636,1.0,3.0,0.333,1.0,1.0,1.0,0.0,4.0,4.0,5.0,0.0,0.0,1.0,3.0,16.0,0.0
22200285,1610612746,LAC,LA,202704,Reggie Jackson,Reggie,G,,31:10,4.0,8.0,0.5,1.0,2.0,0.5,0.0,0.0,0.0,0.0,5.0,5.0,8.0,0.0,0.0,4.0,1.0,9.0,-13.0
22200285,1610612746,LAC,LA,202322,John Wall,John,,,23:52,8.0,10.0,0.8,2.0,2.0,1.0,5.0,8.0,0.625,0.0,0.0,0.0,2.0,1.0,0.0,1.0,4.0,23.0,-14.0
22200285,1610612746,LAC,LA,1626181,Norman Powell,Norman,,,23:47,3.0,8.0,0.375,2.0,3.0,0.667,3.0,6.0,0.5,0.0,1.0,1.0,2.0,0.0,1.0,2.0,0.0,11.0,-2.0
22200285,1610612746,LAC,LA,201587,Nicolas Batum,Nicolas,,,24:11,0.0,3.0,0.0,0.0,3.0,0.0,0.0,0.0,0.0,1.0,2.0,3.0,0.0,0.0,2.0,0.0,2.0,0.0,14.0
22200285,1610612746,LAC,LA,203496,Robert Covington,Robert,,,19:48,2.0,3.0,0.667,2.0,2.0,1.0,6.0,7.0,0.857,0.0,6.0,6.0,2.0,0.0,2.0,2.0,2.0,12.0,3.0
22200285,1610612746,LAC,LA,1629650,Moses Brown,Moses,,,5:52,1.0,1.0,1.0,0.0,0.0,0.0,1.0,6.0,0.167,0.0,1.0,1.0,0.0,0.0,0.0,0.0,0.0,3.0,9.0
22200285,1610612746,LAC,LA,1628379,Luke Kennard,Luke,,DND - Injury/Illness,,,,,,,,,,,,,,,,,,,,
22200278,1610612737,ATL,Atlanta,1629631,De'Andre Hunter,De'Andre,F,,38:04,3.0,12.0,0.25,0.0,6.0,0.0,2.0,2.0,1.0,1.0,4.0,5.0,0.0,0.0,0.0,1.0,4.0,8.0,-1.0
22200278,1610612737,ATL,Atlanta,1628381,John Collins,John,F,,33:44,2.0,7.0,0.286,0.0,4.0,0.0,4.0,5.0,0.8,0.0,5.0,5.0,1.0,2.0,2.0,0.0,2.0,8.0,-4.0
22200278,1610612737,ATL,Atlanta,1630168,Onyeka Okongwu,Onyeka,C,,32:42,0.0,0.0,0.0,0.0,0.0,0.0,4.0,6.0,0.667,5.0,6.0,11.0,2.0,2.0,2.0,2.0,5.0,4.0,1.0
22200278,1610612737,ATL,Atlanta,1627749,Dejounte Murray,Dejounte,G,,35:39,14.0,24.0,0.583,8.0,13.0,0.615,3.0,3.0,1.0,0.0,3.0,3.0,3.0,2.0,0.0,3.0,2.0,39.0,-6.0
22200278,1610612737,ATL,Atlanta,1629027,Trae Young,Trae,G,,37:34,13.0,28.0,0.464,4.0,10.0,0.4,14.0,16.0,0.875,0.0,0.0,0.0,5.0,1.0,0.0,4.0,4.0,44.0,-6.0
22200278,1610612737,ATL,Atlanta,1628988,Aaron Holiday,Aaron,,,15:54,1.0,2.0,0.5,0.0,1.0,0.0,0.0,2.0,0.0,0.0,2.0,2.0,1.0,0.0,0.0,2.0,4.0,2.0,-5.0
22200278,1610612737,ATL,Atlanta,1631100,AJ Griffin,AJ,,,23:58,3.0,5.0,0.6,3.0,4.0,0.75,2.0,2.0,1.0,0.0,1.0,1.0,1.0,2.0,0.0,1.0,2.0,11.0,-2.0
22200278,1610612737,ATL,Atlanta,1626163,Frank Kaminsky,Frank,,,8:19,1.0,1.0,1.0,0.0,0.0,0.0,0.0,0.0,0.0,0.0,0.0,0.0,0.0,0.0,0.0,0.0,1.0,2.0,-9.0
22200278,1610612737,ATL,Atlanta,1630552,Jalen Johnson,Jalen,,,12:41,2.0,3.0,0.667,0.0,1.0,0.0,0.0,0.0,0.0,0.0,1.0,1.0,1.0,0.0,2.0,0.0,2.0,4.0,3.0
22200278,1610612737,ATL,Atlanta,203200,Justin Holiday,Justin,,,1:25,0.0,0.0,0.0,0.0,0.0,0.0,0.0,0.0,0.0,0.0,0.0,0.0,0.0,0.0,0.0,0.0,0.0,0.0,-1.0
22200278,1610612737,ATL,Atlanta,1629633,Jarrett Culver,Jarrett,,DNP - Coach's Decision,,,,,,,,,,,,,,,,,,,,
22200278,1610612737,ATL,Atlanta,1630249,Vít Krejčí,Vít,,DNP - Coach's Decision,,,,,,,,,,,,,,,,,,,,
22200278,1610612745,HOU,Houston,1630231,KJ Martin,KJ,F,,33:42,10.0,13.0,0.769,1.0,1.0,1.0,0.0,0.0,0.0,5.0,10.0,15.0,2.0,1.0,0.0,5.0,3.0,21.0,8.0
22200278,1610612745,HOU,Houston,1631095,Jabari Smith Jr.,Jabari,F,,38:03,6.0,17.0,0.353,5.0,11.0,0.455,4.0,4.0,1.0,2.0,7.0,9.0,1.0,1.0,1.0,0.0,3.0,21.0,14.0
22200278,1610612745,HOU,Houston,1628981,Bruno Fernando,Bruno,C,,16:36,3.0,5.0,0.6,0.0,0.0,0.0,1.0,2.0,0.5,2.0,1.0,3.0,0.0,0.0,1.0,1.0,3.0,7.0,-15.0
22200278,1610612745,HOU,Houston,1630224,Jalen Green,Jalen,G,,32:56,10.0,17.0,0.588,3.0,9.0,0.333,7.0,9.0,0.778,0.0,5.0,5.0,5.0,0.0,0.0,6.0,6.0,30.0,6.0
22200278,1610612745,HOU,Houston,1629645,Kevin Porter Jr.,Kevin,G,,36:35,5.0,16.0,0.313,0.0,6.0,0.0,2.0,3.0,0.667,3.0,4.0,7.0,10.0,1.0,0.0,4.0,0.0,12.0,5.0
22200278,1610612745,HOU,Houston,1630586,Usman Garuba,Usman,,,19:24,1.0,2.0,0.5,0.0,1.0,0.0,7.0,8.0,0.875,5.0,0.0,5.0,3.0,1.0,2.0,0.0,5.0,9.0,5.0
22200278,1610612745,HOU,Houston,1630227,Daishen Nix,Daishen,,,16:10,0.0,2.0,0.0,0.0,1.0,0.0,2.0,4.0,0.5,0.0,3.0,3.0,2.0,2.0,0.0,3.0,3.0,2.0,8.0
22200278,1610612745,HOU,Houston,1631106,Tari Eason,Tari,,,18:30,2.0,9.0,0.222,0.0,1.0,0.0,2.0,2.0,1.0,4.0,3.0,7.0,0.0,1.0,0.0,0.0,2.0,6.0,4.0
22200278,1610612745,HOU,Houston,1630528,Josh Christopher,Josh,,,5:19,0.0,0.0,0.0,0.0,0.0,0.0,0.0,0.0,0.0,0.0,1.0,1.0,0.0,0.0,0.0,1.0,1.0,0.0,-10.0
22200278,1610612745,HOU,Houston,1629726,Garrison Mathews,Garrison,,,22:45,4.0,6.0,0.667,3.0,5.0,0.6,9.0,9.0,1.0,1.0,3.0,4.0,2.0,2.0,0.0,1.0,3.0,20.0,5.0
22200278,1610612745,HOU,Houston,1626246,Boban Marjanović,Boban,,DNP - Coach's Decision,,,,,,,,,,,,,,,,,,,,
22200283,1610612765,DET,Detroit,1630587,Isaiah Livers,Isaiah,F,,30:09,3.0,7.0,0.429,1.0,4.0,0.25,0.0,0.0,0.0,0.0,1.0,1.0,1.0,1.0,0.0,0.0,2.0,7.0,-15.0
22200283,1610612765,DET,Detroit,202711,Bojan Bogdanović,Bojan,F,,33:12,9.0,21.0,0.429,1.0,4.0,0.25,0.0,0.0,0.0,1.0,3.0,4.0,3.0,0.0,0.0,5.0,2.0,19.0,-6.0
22200283,1610612765,DET,Detroit,1628963,Marvin Bagley III,Marvin,C,,31:19,6.0,12.0,0.5,1.0,1.0,1.0,0.0,0.0,0.0,7.0,5.0,12.0,1.0,1.0,1.0,1.0,2.0,13.0,-9.0
22200283,1610612765,DET,Detroit,203585,Rodney McGruder,Rodney,G,,19:57,3.0,7.0,0.429,2.0,6.0,0.333,0.0,0.0,0.0,3.0,3.0,6.0,2.0,0.0,0.0,0.0,0.0,8.0,-12.0
22200283,1610612765,DET,Detroit,1630165,Killian Hayes,Killian,G,,37:46,7.0,18.0,0.389,1.0,4.0,0.25,2.0,2.0,1.0,2.0,6.0,8.0,9.0,3.0,0.0,3.0,5.0,17.0,-8.0
22200283,1610612765,DET,Detroit,1628977,Hamidou Diallo,Hamidou,,,21:47,4.0,6.0,0.667,0.0,0.0,0.0,2.0,2.0,1.0,0.0,6.0,6.0,1.0,0.0,0.0,5.0,2.0,10.0,9.0
22200283,1610612765,DET,Detroit,1628995,Kevin Knox II,Kevin,,,29:19,3.0,7.0,0.429,1.0,3.0,0.333,0.0,0.0,0.0,2.0,2.0,4.0,1.0,1.0,2.0,0.0,2.0,7.0,5.0
22200283,1610612765,DET,Detroit,1631105,Jalen Duren,Jalen,,,14:25,0.0,1.0,0.0,0.0,0.0,0.0,4.0,4.0,1.0,3.0,2.0,5.0,2.0,0.0,0.0,1.0,3.0,4.0,6.0
22200283,1610612765,DET,Detroit,202692,Alec Burks,Alec,,,17:38,4.0,12.0,0.333,2.0,4.0,0.5,7.0,8.0,0.875,0.0,2.0,2.0,1.0,0.0,0.0,3.0,3.0,17.0,6.0
22200283,1610612765,DET,Detroit,1630296,Braxton Key,Braxton,,,2:12,0.0,0.0,0.0,0.0,0.0,0.0,0.0,0.0,0.0,0.0,0.0,0.0,0.0,0.0,0.0,0.0,0.0,0.0,-3.0
22200283,1610612765,DET,Detroit,203457,Nerlens Noel,Nerlens,,,2:16,0.0,1.0,0.0,0.0,0.0,0.0,0.0,0.0,0.0,1.0,0.0,1.0,0.0,0.0,0.0,0.0,1.0,0.0,-3.0
22200283,1610612765,DET,Detroit,1631093,Jaden Ivey,Jaden,,DND - Injury/Illness,,,,,,,,,,,,,,,,,,,,
22200283,1610612756,PHX,Phoenix,1628969,Mikal Bridges,Mikal,F,,34:40,6.0,17.0,0.353,3.0,6.0,0.5,0.0,0.0,0.0,1.0,1.0,2.0,2.0,2.0,0.0,1.0,4.0,15.0,3.0
22200283,1610612756,PHX,Phoenix,1628470,Torrey Craig,Torrey,F,,33:09,1.0,7.0,0.143,0.0,4.0,0.0,0.0,0.0,0.0,2.0,5.0,7.0,1.0,0.0,2.0,1.0,3.0,2.0,6.0
22200283,1610612756,PHX,Phoenix,1629028,Deandre Ayton,Deandre,C,,29:58,11.0,13.0,0.846,0.0,0.0,0.0,6.0,7.0,0.857,2.0,10.0,12.0,1.0,0.0,2.0,0.0,0.0,28.0,13.0
22200283,1610612756,PHX,Phoenix,1626164,Devin Booker,Devin,G,,35:42,8.0,17.0,0.471,2.0,7.0,0.286,3.0,7.0,0.429,0.0,7.0,7.0,5.0,1.0,1.0,2.0,2.0,21.0,10.0
22200283,1610612756,PHX,Phoenix,1626166,Cameron Payne,Cameron,G,,31:30,7.0,12.0,0.583,0.0,2.0,0.0,2.0,4.0,0.5,1.0,1.0,2.0,10.0,1.0,0.0,2.0,1.0,16.0,8.0
22200283,1610612756,PHX,Phoenix,1627814,Damion Lee,Damion,,,25:24,3.0,9.0,0.333,1.0,5.0,0.2,2.0,2.0,1.0,4.0,1.0,5.0,3.0,1.0,0.0,2.0,1.0,9.0,3.0
22200283,1610612756,PHX,Phoenix,1630613,Duane Washington Jr.,Duane,,,17:26,2.0,5.0,0.4,1.0,3.0,0.333,0.0,0.0,0.0,0.0,1.0,1.0,1.0,0.0,0.0,2.0,2.0,5.0,-3.0
22200283,1610612756,PHX,Phoenix,202687,Bismack Biyombo,Bismack,,,18:02,2.0,3.0,0.667,0.0,0.0,0.0,1.0,2.0,0.5,0.0,5.0,5.0,1.0,0.0,1.0,3.0,3.0,5.0,-7.0
22200283,1610612756,PHX,Phoenix,1629006,Josh Okogie,Josh,,,14:09,2.0,4.0,0.5,0.0,2.0,0.0,3.0,4.0,0.75,1.0,1.0,2.0,1.0,2.0,1.0,0.0,2.0,7.0,-3.0
22200283,1610612756,PHX,Phoenix,1629111,Jock Landale,Jock,,DNP - Coach's Decision,,,,,,,,,,,,,,,,,,,,
22200283,1610612756,PHX,Phoenix,101108,Chris Paul,Chris,,DND - Injury/Illness,,,,,,,,,,,,,,,,,,,,
22200283,1610612756,PHX,Phoenix,203967,Dario Šarić,Dario,,DNP - Coach's Decision,,,,,,,,,,,,,,,,,,,,
22200283,1610612756,PHX,Phoenix,1630688,Ish Wainright,Ish,,DNP - Coach's Decision,,,,,,,,,,,,,,,,,,,,
22200276,1610612751,BKN,Brooklyn,201142,Kevin Durant,Kevin,F,,38:49,15.0,31.0,0.484,3.0,12.0,0.25,3.0,4.0,0.75,2.0,7.0,9.0,8.0,0.0,2.0,5.0,4.0,36.0,0.0
22200276,1610612751,BKN,Brooklyn,1626220,Royce O'Neale,Royce,F,,40:44,3.0,8.0,0.375,3.0,7.0,0.429,0.0,0.0,0.0,0.0,4.0,4.0,3.0,1.0,0.0,5.0,1.0,9.0,-11.0
22200276,1610612751,BKN,Brooklyn,1629651,Nic Claxton,Nic,C,,28:05,6.0,6.0,1.0,0.0,0.0,0.0,0.0,0.0,0.0,2.0,9.0,11.0,1.0,0.0,5.0,1.0,5.0,12.0,-21.0
22200276,1610612751,BKN,Brooklyn,202681,Kyrie Irving,Kyrie,G,,38:08,8.0,17.0,0.471,3.0,9.0,0.333,1.0,1.0,1.0,0.0,4.0,4.0,4.0,0.0,0.0,1.0,4.0,20.0,1.0
22200276,1610612751,BKN,Brooklyn,1627732,Ben Simmons,Ben,G,,34:11,8.0,8.0,1.0,0.0,0.0,0.0,4.0,5.0,0.8,1.0,5.0,6.0,3.0,0.0,1.0,3.0,6.0,20.0,-5.0
22200276,1610612751,BKN,Brooklyn,202693,Markieff Morris,Markieff,,,13:10,1.0,4.0,0.25,1.0,3.0,0.333,0.0,0.0,0.0,0.0,1.0,1.0,0.0,1.0,0.0,0.0,2.0,3.0,-5.0
22200276,1610612751,BKN,Brooklyn,203552,Seth Curry,Seth,,,27:49,5.0,9.0,0.556,4.0,6.0,0.667,0.0,0.0,0.0,0.0,2.0,2.0,5.0,0.0,0.0,2.0,2.0,14.0,-5.0
22200276,1610612751,BKN,Brooklyn,203925,Joe Harris,Joe,,,12:02,0.0,3.0,0.0,0.0,3.0,0.0,0.0,0.0,0.0,0.0,1.0,1.0,1.0,0.0,0.0,0.0,3.0,0.0,-8.0
22200276,1610612751,BKN,Brooklyn,201988,Patty Mills,Patty,,,5:05,1.0,1.0,1.0,1.0,1.0,1.0,0.0,0.0,0.0,0.0,0.0,0.0,2.0,0.0,0.0,1.0,1.0,3.0,-3.0
22200276,1610612751,BKN,Brooklyn,1630556,Kessler Edwards,Kessler,,,0:59,0.0,1.0,0.0,0.0,0.0,0.0,0.0,0.0,0.0,0.0,0.0,0.0,0.0,0.0,0.0,0.0,0.0,0.0,1.0
22200276,1610612751,BKN,Brooklyn,1630561,David Duke Jr.,David,,,0:59,0.0,0.0,0.0,0.0,0.0,0.0,0.0,0.0,0.0,0.0,0.0,0.0,0.0,0.0,0.0,0.0,0.0,0.0,1.0
22200276,1610612751,BKN,Brooklyn,1630549,Day'Ron Sharpe,Day'Ron,,DNP - Coach's Decision,,,,,,,,,,,,,,,,,,,,
22200276,1610612751,BKN,Brooklyn,1628410,Edmond Sumner,Edmond,,DNP - Coach's Decision,,,,,,,,,,,,,,,,,,,,
22200276,1610612751,BKN,Brooklyn,1630560,Cam Thomas,Cam,,DNP - Coach's Decision,,,,,,,,,,,,,,,,,,,,
22200276,1610612754,IND,Indiana,1627741,Buddy Hield,Buddy,F,,38:50,9.0,15.0,0.6,5.0,8.0,0.625,3.0,3.0,1.0,0.0,3.0,3.0,3.0,3.0,0.0,4.0,4.0,26.0,21.0
22200276,1610612754,IND,Indiana,1630188,Jalen Smith,Jalen,F,,20:35,2.0,6.0,0.333,1.0,4.0,0.25,5.0,6.0,0.833,0.0,5.0,5.0,0.0,0.0,0.0,0.0,3.0,10.0,3.0
22200276,1610612754,IND,Indiana,1626167,Myles Turner,Myles,C,,34:00,9.0,11.0,0.818,2.0,3.0,0.667,3.0,4.0,0.75,0.0,8.0,8.0,3.0,0.0,2.0,1.0,0.0,23.0,26.0
22200276,1610612754,IND,Indiana,1630174,Aaron Nesmith,Aaron,G,,25:38,3.0,7.0,0.429,1.0,4.0,0.25,3.0,4.0,0.75,1.0,1.0,2.0,1.0,2.0,1.0,1.0,0.0,10.0,0.0
22200276,1610612754,IND,Indiana,1630169,Tyrese Haliburton,Tyrese,G,,34:25,7.0,15.0,0.467,1.0,6.0,0.167,6.0,6.0,1.0,0.0,6.0,6.0,15.0,4.0,0.0,0.0,0.0,21.0,0.0
22200276,1610612754,IND,Indiana,1631097,Bennedict Mathurin,Bennedict,,,29:40,6.0,15.0,0.4,2.0,7.0,0.286,6.0,9.0,0.667,1.0,3.0,4.0,0.0,2.0,1.0,0.0,0.0,20.0,5.0
22200276,1610612754,IND,Indiana,1629052,Oshae Brissett,Oshae,,,11:46,1.0,3.0,0.333,0.0,1.0,0.0,0.0,0.0,0.0,1.0,3.0,4.0,0.0,1.0,0.0,0.0,1.0,2.0,-8.0
22200276,1610612754,IND,Indiana,1630543,Isaiah Jackson,Isaiah,,,14:00,2.0,6.0,0.333,0.0,0.0,0.0,2.0,4.0,0.5,0.0,4.0,4.0,0.0,0.0,0.0,1.0,1.0,6.0,-15.0
22200276,1610612754,IND,Indiana,204456,T.J. McConnell,T.J.,,,21:18,3.0,6.0,0.5,0.0,0.0,0.0,2.0,2.0,1.0,2.0,2.0,4.0,5.0,1.0,0.0,2.0,0.0,8.0,11.0
22200276,1610612754,IND,Indiana,201949,James Johnson,James,,,9:49,1.0,2.0,0.5,0.0,1.0,0.0,0.0,0.0,0.0,0.0,1.0,1.0,1.0,0.0,0.0,0.0,2.0,2.0,12.0
22200276,1610612754,IND,Indiana,1629048,Goga Bitadze,Goga,,DNP - Coach's Decision,,,,,,,,,,,,,,,,,,,,
22200276,1610612754,IND,Indiana,1629614,Andrew Nembhard,Andrew,,DND - Injury/Illness,,,,,,,,,,,,,,,,,,,,
22200276,1610612754,IND,Indiana,1630678,Terry Taylor,Terry,,DNP - Coach's Decision,,,,,,,,,,,,,,,,,,,,
22200280,1610612739,CLE,Cleveland,1629731,Dean Wade,Dean,F,,36:17,2.0,7.0,0.286,2.0,6.0,0.333,1.0,2.0,0.5,2.0,10.0,12.0,2.0,1.0,1.0,0.0,4.0,7.0,-22.0
22200280,1610612739,CLE,Cleveland,1630596,Evan Mobley,Evan,F,,29:05,2.0,12.0,0.167,0.0,1.0,0.0,4.0,4.0,1.0,1.0,7.0,8.0,0.0,3.0,0.0,2.0,0.0,8.0,-16.0
22200280,1610612739,CLE,Cleveland,1628386,Jarrett Allen,Jarrett,C,,12:04,0.0,2.0,0.0,0.0,0.0,0.0,1.0,2.0,0.5,1.0,2.0,3.0,1.0,1.0,1.0,0.0,2.0,1.0,4.0
22200280,1610612739,CLE,Cleveland,1628378,Donovan Mitchell,Donovan,G,,32:21,11.0,24.0,0.458,5.0,11.0,0.455,2.0,2.0,1.0,2.0,1.0,3.0,1.0,1.0,0.0,2.0,2.0,29.0,-20.0
22200280,1610612739,CLE,Cleveland,1629636,Darius Garland,Darius,G,,38:06,7.0,18.0,0.389,1.0,5.0,0.2,5.0,5.0,1.0,0.0,4.0,4.0,3.0,0.0,0.0,2.0,3.0,20.0,-26.0
22200280,1610612739,CLE,Cleveland,1630171,Isaac Okoro,Isaac,,,31:42,3.0,6.0,0.5,1.0,4.0,0.25,6.0,6.0,1.0,1.0,3.0,4.0,1.0,0.0,0.0,0.0,1.0,13.0,3.0
22200280,1610612739,CLE,Cleveland,201577,Robin Lopez,Robin,,,19:08,3.0,6.0,0.5,0.0,0.0,0.0,2.0,3.0,0.667,3.0,0.0,3.0,1.0,0.0,0.0,2.0,4.0,8.0,-6.0
22200280,1610612739,CLE,Cleveland,1626224,Cedi Osman,Cedi,,,32:08,3.0,8.0,0.375,2.0,5.0,0.4,0.0,0.0,0.0,0.0,4.0,4.0,2.0,3.0,0.0,1.0,1.0,8.0,-13.0
22200280,1610612739,CLE,Cleveland,203526,Raul Neto,Raul,,,3:03,0.0,0.0,0.0,0.0,0.0,0.0,1.0,2.0,0.5,0.0,0.0,0.0,1.0,0.0,0.0,0.0,0.0,1.0,7.0
22200280,1610612739,CLE,Cleveland,1629603,Mamadi Diakite,Mamadi,,,3:03,2.0,2.0,1.0,1.0,1.0,1.0,0.0,0.0,0.0,0.0,0.0,0.0,0.0,0.0,0.0,0.0,0.0,5.0,7.0
22200280,1610612739,CLE,Cleveland,1630600,Isaiah Mobley,Isaiah,,,3:03,1.0,2.0,0.5,0.0,0.0,0.0,0.0,0.0,0.0,0.0,0.0,0.0,0.0,0.0,0.0,0.0,0.0,2.0,7.0
22200280,1610612749,MIL,Milwaukee,1628960,Grayson Allen,Grayson,F,,28:15,2.0,8.0,0.25,1.0,6.0,0.167,3.0,3.0,1.0,0.0,5.0,5.0,5.0,2.0,0.0,1.0,0.0,8.0,9.0
22200280,1610612749,MIL,Milwaukee,203507,Giannis Antetokounmpo,Giannis,F,,30:58,13.0,20.0,0.65,2.0,3.0,0.667,10.0,14.0,0.714,3.0,6.0,9.0,6.0,0.0,2.0,3.0,3.0,38.0,15.0
22200280,1610612749,MIL,Milwaukee,201572,Brook Lopez,Brook,C,,27:32,3.0,3.0,1.0,2.0,2.0,1.0,0.0,0.0,0.0,0.0,4.0,4.0,0.0,0.0,6.0,0.0,0.0,8.0,20.0
22200280,1610612749,MIL,Milwaukee,1628975,Jevon Carter,Jevon,G,,24:32,6.0,9.0,0.667,5.0,6.0,0.833,1.0,1.0,1.0,0.0,3.0,3.0,2.0,2.0,0.0,2.0,4.0,18.0,17.0
22200280,1610612749,MIL,Milwaukee,201950,Jrue Holiday,Jrue,G,,23:01,4.0,13.0,0.308,1.0,3.0,0.333,0.0,0.0,0.0,2.0,1.0,3.0,5.0,0.0,0.0,1.0,4.0,9.0,13.0
22200280,1610612749,MIL,Milwaukee,1626171,Bobby Portis,Bobby,,,25:26,6.0,10.0,0.6,2.0,3.0,0.667,0.0,0.0,0.0,1.0,7.0,8.0,4.0,0.0,1.0,3.0,1.0,14.0,4.0
22200280,1610612749,MIL,Milwaukee,1629670,Jordan Nwora,Jordan,,,24:22,2.0,8.0,0.25,0.0,2.0,0.0,3.0,3.0,1.0,1.0,4.0,5.0,2.0,0.0,0.0,1.0,3.0,7.0,-7.0
22200280,1610612749,MIL,Milwaukee,201588,George Hill,George,,,20:02,2.0,5.0,0.4,1.0,3.0,0.333,0.0,2.0,0.0,0.0,2.0,2.0,2.0,0.0,0.0,1.0,2.0,5.0,4.0
22200280,1610612749,MIL,Milwaukee,1630572,Sandro Mamukelashvili,Sandro,,,9:26,1.0,2.0,0.5,0.0,1.0,0.0,1.0,2.0,0.5,0.0,1.0,1.0,0.0,0.0,0.0,0.0,1.0,3.0,-4.0
22200280,1610612749,MIL,Milwaukee,202083,Wesley Matthews,Wesley,,,17:16,2.0,4.0,0.5,1.0,3.0,0.333,0.0,0.0,0.0,1.0,0.0,1.0,1.0,0.0,0.0,0.0,2.0,5.0,25.0
22200280,1610612749,MIL,Milwaukee,203648,Thanasis Antetokounmpo,Thanasis,,,3:03,0.0,0.0,0.0,0.0,0.0,0.0,0.0,0.0,0.0,0.0,1.0,1.0,0.0,0.0,0.0,0.0,0.0,0.0,-7.0
22200280,1610612749,MIL,Milwaukee,1631260,AJ Green,AJ,,,3:03,0.0,0.0,0.0,0.0,0.0,0.0,0.0,0.0,0.0,0.0,1.0,1.0,0.0,0.0,0.0,0.0,1.0,0.0,-7.0
22200280,1610612749,MIL,Milwaukee,1630699,MarJon Beauchamp,MarJon,,,3:03,1.0,1.0,1.0,0.0,0.0,0.0,0.0,0.0,0.0,0.0,0.0,0.0,0.0,0.0,0.0,1.0,1.0,2.0,-7.0
22200273,1610612755,PHI,Philadelphia,202699,Tobias Harris,Tobias,F,,34:32,10.0,21.0,0.476,1.0,7.0,0.143,2.0,2.0,1.0,0.0,10.0,10.0,5.0,1.0,0.0,2.0,2.0,23.0,5.0
22200273,1610612755,PHI,Philadelphia,200782,P.J. Tucker,P.J.,F,,25:14,0.0,3.0,0.0,0.0,1.0,0.0,0.0,0.0,0.0,2.0,3.0,5.0,1.0,0.0,0.0,1.0,1.0,0.0,3.0
22200273,1610612755,PHI,Philadelphia,1626149,Montrezl Harrell,Montrezl,C,,28:00,5.0,8.0,0.625,0.0,0.0,0.0,4.0,4.0,1.0,3.0,5.0,8.0,1.0,0.0,0.0,2.0,1.0,14.0,16.0
22200273,1610612755,PHI,Philadelphia,1629001,De'Anthony Melton,De'Anthony,G,,37:20,5.0,14.0,0.357,3.0,9.0,0.333,0.0,2.0,0.0,0.0,4.0,4.0,4.0,4.0,0.0,3.0,4.0,13.0,1.0
22200273,1610612755,PHI,Philadelphia,1629003,Shake Milton,Shake,G,,41:49,7.0,13.0,0.538,4.0,7.0,0.571,6.0,6.0,1.0,2.0,7.0,9.0,10.0,1.0,1.0,4.0,2.0,24.0,14.0
22200273,1610612755,PHI,Philadelphia,1627788,Furkan Korkmaz,Furkan,,,16:50,2.0,6.0,0.333,1.0,3.0,0.333,2.0,2.0,1.0,1.0,1.0,2.0,0.0,0.0,0.0,2.0,1.0,7.0,1.0
22200273,1610612755,PHI,Philadelphia,1630194,Paul Reed,Paul,,,19:32,3.0,7.0,0.429,0.0,1.0,0.0,0.0,0.0,0.0,5.0,2.0,7.0,2.0,1.0,0.0,0.0,6.0,6.0,-6.0
22200273,1610612755,PHI,Philadelphia,1627777,Georges Niang,Georges,,,23:05,6.0,8.0,0.75,5.0,7.0,0.714,1.0,2.0,0.5,0.0,1.0,1.0,2.0,0.0,0.0,1.0,1.0,18.0,-2.0
22200273,1610612755,PHI,Philadelphia,1627863,Danuel House Jr.,Danuel,,,13:38,1.0,2.0,0.5,0.0,1.0,0.0,0.0,0.0,0.0,0.0,1.0,1.0,0.0,0.0,0.0,0.0,1.0,2.0,8.0
22200273,1610612755,PHI,Philadelphia,1630577,Julian Champagnie,Julian,,DNP - Coach's Decision,,,,,,,,,,,,,,,,,,,,
22200273,1610612755,PHI,Philadelphia,1630240,Saben Lee,Saben,,DNP - Coach's Decision,,,,,,,,,,,,,,,,,,,,
22200273,1610612753,ORL,Orlando,1629626,Bol Bol,Bol,F,,35:01,8.0,14.0,0.571,1.0,3.0,0.333,1.0,2.0,0.5,2.0,6.0,8.0,2.0,1.0,4.0,0.0,1.0,18.0,-7.0
22200273,1610612753,ORL,Orlando,1631094,Paolo Banchero,Paolo,F,,35:44,5.0,12.0,0.417,1.0,3.0,0.333,8.0,11.0,0.727,2.0,2.0,4.0,3.0,1.0,0.0,4.0,1.0,19.0,-9.0
22200273,1610612753,ORL,Orlando,1628964,Mo Bamba,Mo,C,,27:22,2.0,7.0,0.286,1.0,3.0,0.333,2.0,2.0,1.0,0.0,4.0,4.0,4.0,1.0,1.0,1.0,2.0,7.0,-10.0
22200273,1610612753,ORL,Orlando,1630532,Franz Wagner,Franz,G,,36:14,7.0,12.0,0.583,1.0,5.0,0.2,9.0,10.0,0.9,1.0,3.0,4.0,1.0,1.0,0.0,2.0,2.0,24.0,-8.0
22200273,1610612753,ORL,Orlando,1630591,Jalen Suggs,Jalen,G,,18:52,0.0,2.0,0.0,0.0,2.0,0.0,0.0,0.0,0.0,0.0,1.0,1.0,4.0,0.0,1.0,2.0,1.0,0.0,-9.0
22200273,1610612753,ORL,Orlando,203914,Gary Harris,Gary,,,27:13,3.0,8.0,0.375,1.0,3.0,0.333,0.0,0.0,0.0,1.0,2.0,3.0,3.0,1.0,0.0,3.0,2.0,7.0,3.0
22200273,1610612753,ORL,Orlando,1630181,R.J. Hampton,R.J.,,,28:43,4.0,11.0,0.364,2.0,6.0,0.333,0.0,0.0,0.0,0.0,4.0,4.0,1.0,1.0,0.0,1.0,1.0,10.0,-1.0
22200273,1610612753,ORL,Orlando,1631216,Caleb Houstan,Caleb,,,14:05,3.0,6.0,0.5,1.0,4.0,0.25,0.0,0.0,0.0,2.0,0.0,2.0,2.0,0.0,0.0,0.0,2.0,7.0,0.0
22200273,1610612753,ORL,Orlando,1629021,Moritz Wagner,Moritz,,,16:46,2.0,8.0,0.25,1.0,6.0,0.167,2.0,2.0,1.0,1.0,4.0,5.0,0.0,1.0,0.0,1.0,3.0,7.0,1.0
22200273,1610612753,ORL,Orlando,1630284,Kevon Harris,Kevon,,DNP - Coach's Decision,,,,,,,,,,,,,,,,,,,,
22200273,1610612753,ORL,Orlando,203082,Terrence Ross,Terrence,,DNP - Injury/Illness,,,,,,,,,,,,,,,,,,,,
22200273,1610612753,ORL,Orlando,1629678,Admiral Schofield,Admiral,,DNP - Coach's Decision,,,,,,,,,,,,,,,,,,,,
22200284,1610612762,UTA,Utah,1628374,Lauri Markkanen,Lauri,F,,37:12,9.0,17.0,0.529,5.0,11.0,0.455,1.0,1.0,1.0,3.0,3.0,6.0,1.0,0.0,0.0,4.0,3.0,24.0,12.0
22200284,1610612762,UTA,Utah,203482,Kelly Olynyk,Kelly,F,,33:08,9.0,13.0,0.692,3.0,6.0,0.5,0.0,0.0,0.0,2.0,2.0,4.0,1.0,1.0,2.0,1.0,3.0,21.0,-19.0
22200284,1610612762,UTA,Utah,1629020,Jarred Vanderbilt,Jarred,C,,27:16,5.0,8.0,0.625,0.0,1.0,0.0,3.0,4.0,0.75,2.0,8.0,10.0,2.0,1.0,0.0,2.0,2.0,13.0,-13.0
22200284,1610612762,UTA,Utah,203903,Jordan Clarkson,Jordan,G,,34:46,9.0,18.0,0.5,0.0,7.0,0.0,3.0,4.0,0.75,0.0,4.0,4.0,10.0,0.0,0.0,3.0,1.0,21.0,-12.0
22200284,1610612762,UTA,Utah,1629012,Collin Sexton,Collin,G,,24:09,4.0,8.0,0.5,1.0,2.0,0.5,4.0,4.0,1.0,1.0,0.0,1.0,7.0,1.0,0.0,0.0,3.0,13.0,2.0
22200284,1610612762,UTA,Utah,1629659,Talen Horton-Tucker,Talen,,,12:11,0.0,5.0,0.0,0.0,4.0,0.0,0.0,0.0,0.0,0.0,3.0,3.0,0.0,1.0,0.0,1.0,0.0,0.0,-17.0
22200284,1610612762,UTA,Utah,1627736,Malik Beasley,Malik,,,20:23,4.0,14.0,0.286,2.0,8.0,0.25,0.0,0.0,0.0,2.0,3.0,5.0,1.0,5.0,0.0,1.0,0.0,10.0,-12.0
22200284,1610612762,UTA,Utah,1631117,Walker Kessler,Walker,,,20:44,3.0,3.0,1.0,0.0,0.0,0.0,2.0,2.0,1.0,2.0,2.0,4.0,0.0,0.0,3.0,0.0,0.0,8.0,2.0
22200284,1610612762,UTA,Utah,1629638,Nickeil Alexander-Walker,Nickeil,,,30:11,3.0,11.0,0.273,0.0,6.0,0.0,2.0,2.0,1.0,3.0,2.0,5.0,6.0,3.0,1.0,1.0,3.0,8.0,2.0
22200284,1610612762,UTA,Utah,1630534,Ochai Agbaji,Ochai,,DNP - Coach's Decision,,,,,,,,,,,,,,,,,,,,
22200284,1610612762,UTA,Utah,1628962,Udoka Azubuike,Udoka,,DNP - Coach's Decision,,,,,,,,,,,,,,,,,,,,
22200284,1610612762,UTA,Utah,1631323,Simone Fontecchio,Simone,,DNP - Coach's Decision,,,,,,,,,,,,,,,,,,,,
22200284,1610612744,GSW,Golden State,203952,Andrew Wiggins,Andrew,F,,34:13,8.0,20.0,0.4,3.0,6.0,0.5,1.0,1.0,1.0,5.0,4.0,9.0,5.0,3.0,1.0,2.0,4.0,20.0,11.0
22200284,1610612744,GSW,Golden State,203110,Draymond Green,Draymond,F,,30:57,6.0,9.0,0.667,1.0,2.0,0.5,0.0,0.0,0.0,1.0,2.0,3.0,5.0,1.0,2.0,2.0,3.0,13.0,9.0
22200284,1610612744,GSW,Golden State,1626172,Kevon Looney,Kevon,C,,27:56,5.0,8.0,0.625,0.0,0.0,0.0,0.0,1.0,0.0,7.0,5.0,12.0,4.0,0.0,0.0,2.0,1.0,10.0,2.0
22200284,1610612744,GSW,Golden State,202691,Klay Thompson,Klay,G,,35:07,7.0,16.0,0.438,6.0,12.0,0.5,0.0,0.0,0.0,1.0,5.0,6.0,1.0,0.0,0.0,1.0,1.0,20.0,9.0
22200284,1610612744,GSW,Golden State,201939,Stephen Curry,Stephen,G,,35:43,13.0,23.0,0.565,6.0,13.0,0.462,1.0,1.0,1.0,0.0,5.0,5.0,4.0,2.0,0.0,5.0,4.0,33.0,19.0
22200284,1610612744,GSW,Golden State,203210,JaMychal Green,JaMychal,,,9:38,4.0,6.0,0.667,0.0,1.0,0.0,0.0,0.0,0.0,1.0,1.0,2.0,1.0,0.0,0.0,1.0,0.0,8.0,7.0
22200284,1610612744,GSW,Golden State,1629673,Jordan Poole,Jordan,,,25:33,7.0,15.0,0.467,2.0,8.0,0.25,3.0,3.0,1.0,0.0,4.0,4.0,6.0,0.0,0.0,3.0,1.0,19.0,4.0
22200284,1610612744,GSW,Golden State,1628978,Donte DiVincenzo,Donte,,,19:29,1.0,3.0,0.333,1.0,2.0,0.5,0.0,0.0,0.0,0.0,3.0,3.0,5.0,2.0,0.0,1.0,1.0,3.0,-1.0
22200284,1610612744,GSW,Golden State,1630228,Jonathan Kuminga,Jonathan,,,13:00,0.0,0.0,0.0,0.0,0.0,0.0,0.0,0.0,0.0,0.0,3.0,3.0,1.0,0.0,0.0,2.0,0.0,0.0,2.0
22200284,1610612744,GSW,Golden State,1630237,Anthony Lamb,Anthony,,,8:25,1.0,1.0,1.0,1.0,1.0,1.0,0.0,0.0,0.0,1.0,1.0,2.0,1.0,0.0,0.0,0.0,0.0,3.0,-7.0
22200284,1610612744,GSW,Golden State,1629660,Ty Jerome,Ty,,DNP - Coach's Decision,,,,,,,,,,,,,,,,,,,,
22200284,1610612744,GSW,Golden State,1630541,Moses Moody,Moses,,DNP - Coach's Decision,,,,,,,,,,,,,,,,,,,,
22200274,1610612757,POR,Portland,203924,Jerami Grant,Jerami,F,,40:18,10.0,20.0,0.5,3.0,7.0,0.429,21.0,28.0,0.75,0.0,1.0,1.0,2.0,0.0,1.0,2.0,4.0,44.0,-1.0
22200274,1610612757,POR,Portland,1628404,Josh Hart,Josh,F,,41:33,4.0,8.0,0.5,0.0,2.0,0.0,2.0,4.0,0.5,6.0,13.0,19.0,4.0,2.0,0.0,3.0,6.0,10.0,13.0
22200274,1610612757,POR,Portland,203994,Jusuf Nurkić,Jusuf,C,,37:46,7.0,12.0,0.583,2.0,5.0,0.4,4.0,5.0,0.8,2.0,6.0,8.0,7.0,0.0,2.0,5.0,5.0,20.0,16.0
22200274,1610612757,POR,Portland,1629014,Anfernee Simons,Anfernee,G,,46:58,13.0,25.0,0.52,4.0,13.0,0.308,8.0,8.0,1.0,0.0,4.0,4.0,5.0,1.0,0.0,1.0,1.0,38.0,16.0
22200274,1610612757,POR,Portland,1626159,Justise Winslow,Justise,G,,46:23,3.0,10.0,0.3,0.0,1.0,0.0,1.0,2.0,0.5,4.0,7.0,11.0,4.0,0.0,0.0,0.0,5.0,7.0,2.0
22200274,1610612757,POR,Portland,1629642,Nassir Little,Nassir,,,18:19,0.0,2.0,0.0,0.0,1.0,0.0,0.0,0.0,0.0,0.0,2.0,2.0,1.0,0.0,0.0,0.0,1.0,0.0,-12.0
22200274,1610612757,POR,Portland,1630570,Trendon Watford,Trendon,,,21:04,3.0,5.0,0.6,0.0,1.0,0.0,2.0,2.0,1.0,1.0,1.0,2.0,1.0,0.0,0.0,1.0,1.0,8.0,-7.0
22200274,1610612757,POR,Portland,1631101,Shaedon Sharpe,Shaedon,,,12:39,2.0,3.0,0.667,1.0,2.0,0.5,0.0,2.0,0.0,0.0,1.0,1.0,0.0,0.0,0.0,0.0,1.0,5.0,-12.0
22200274,1610612757,POR,Portland,1630641,Ibou Badji,Ibou,,DNP - Coach's Decision,,,,,,,,,,,,,,,,,,,,
22200274,1610612757,POR,Portland,1631219,John Butler Jr.,John,,DNP - Coach's Decision,,,,,,,,,,,,,,,,,,,,
22200274,1610612757,POR,Portland,203081,Damian Lillard,Damian,,DND - Injury/Illness,,,,,,,,,,,,,,,,,,,,
22200274,1610612757,POR,Portland,1631133,Jabari Walker,Jabari,,DNP - Coach's Decision,,,,,,,,,,,,,,,,,,,,
22200274,1610612752,NYK,New York,1629628,RJ Barrett,RJ,F,,44:02,6.0,22.0,0.273,1.0,7.0,0.143,6.0,8.0,0.75,1.0,9.0,10.0,5.0,1.0,0.0,3.0,3.0,19.0,-6.0
22200274,1610612752,NYK,New York,203944,Julius Randle,Julius,F,,38:31,8.0,19.0,0.421,3.0,8.0,0.375,4.0,4.0,1.0,0.0,6.0,6.0,3.0,3.0,0.0,2.0,4.0,23.0,-17.0
22200274,1610612752,NYK,New York,1629011,Mitchell Robinson,Mitchell,C,,23:05,6.0,7.0,0.857,0.0,0.0,0.0,0.0,2.0,0.0,5.0,3.0,8.0,0.0,0.0,2.0,1.0,6.0,12.0,7.0
22200274,1610612752,NYK,New York,1628973,Jalen Brunson,Jalen,G,,41:18,10.0,22.0,0.455,3.0,8.0,0.375,9.0,9.0,1.0,1.0,4.0,5.0,4.0,0.0,0.0,1.0,5.0,32.0,-6.0
22200274,1610612752,NYK,New York,1629656,Quentin Grimes,Quentin,G,,29:58,3.0,6.0,0.5,1.0,4.0,0.25,0.0,0.0,0.0,2.0,3.0,5.0,5.0,0.0,1.0,2.0,5.0,7.0,-4.0
22200274,1610612752,NYK,New York,1630193,Immanuel Quickley,Immanuel,,,32:25,6.0,17.0,0.353,4.0,10.0,0.4,2.0,2.0,1.0,1.0,3.0,4.0,5.0,1.0,0.0,1.0,4.0,18.0,7.0
22200274,1610612752,NYK,New York,1630540,Miles McBride,Miles,,,11:42,2.0,3.0,0.667,0.0,1.0,0.0,0.0,0.0,0.0,0.0,0.0,0.0,2.0,0.0,0.0,0.0,1.0,4.0,3.0
22200274,1610612752,NYK,New York,1628392,Isaiah Hartenstein,Isaiah,,,16:54,2.0,3.0,0.667,0.0,0.0,0.0,2.0,2.0,1.0,0.0,2.0,2.0,2.0,2.0,0.0,0.0,3.0,6.0,-6.0
22200274,1610612752,NYK,New York,1630167,Obi Toppin,Obi,,,14:29,1.0,3.0,0.333,1.0,3.0,0.333,0.0,0.0,0.0,0.0,2.0,2.0,1.0,0.0,0.0,0.0,2.0,3.0,14.0
22200274,1610612752,NYK,New York,1630579,Jericho Sims,Jericho,,,12:36,2.0,3.0,0.667,0.0,0.0,0.0,1.0,1.0,1.0,2.0,0.0,2.0,0.0,0.0,2.0,0.0,2.0,5.0,-7.0
22200274,1610612752,NYK,New York,1627853,Ryan Arcidiacono,Ryan,,DNP - Coach's Decision,,,,,,,,,,,,,,,,,,,,
22200274,1610612752,NYK,New York,203095,Evan Fournier,Evan,,DNP - Coach's Decision,,,,,,,,,,,,,,,,,,,,
22200274,1610612752,NYK,New York,1629004,Svi Mykhailiuk,Svi,,DNP - Coach's Decision,,,,,,,,,,,,,,,,,,,,
22200258,1610612765,DET,Detroit,1630587,Isaiah Livers,Isaiah,F,,24:21,2.0,3.0,0.667,1.0,2.0,0.5,0.0,0.0,0.0,0.0,2.0,2.0,0.0,0.0,3.0,0.0,1.0,5.0,-9.0
22200258,1610612765,DET,Detroit,202711,Bojan Bogdanović,Bojan,F,,35:20,8.0,17.0,0.471,1.0,5.0,0.2,5.0,6.0,0.833,2.0,7.0,9.0,4.0,0.0,0.0,3.0,1.0,22.0,-7.0
22200258,1610612765,DET,Detroit,1628963,Marvin Bagley III,Marvin,C,,22:12,7.0,8.0,0.875,0.0,0.0,0.0,0.0,0.0,0.0,2.0,1.0,3.0,0.0,0.0,2.0,1.0,2.0,14.0,-12.0
22200258,1610612765,DET,Detroit,1631093,Jaden Ivey,Jaden,G,,25:35,3.0,11.0,0.273,1.0,4.0,0.25,0.0,0.0,0.0,1.0,5.0,6.0,5.0,1.0,0.0,4.0,2.0,7.0,-10.0
22200258,1610612765,DET,Detroit,1630165,Killian Hayes,Killian,G,,28:04,3.0,9.0,0.333,1.0,5.0,0.2,2.0,2.0,1.0,0.0,1.0,1.0,9.0,0.0,0.0,4.0,4.0,9.0,-6.0
22200258,1610612765,DET,Detroit,1631105,Jalen Duren,Jalen,,,25:50,2.0,3.0,0.667,0.0,0.0,0.0,0.0,0.0,0.0,4.0,3.0,7.0,2.0,1.0,0.0,0.0,4.0,4.0,14.0
22200258,1610612765,DET,Detroit,202692,Alec Burks,Alec,,,20:35,7.0,13.0,0.538,2.0,5.0,0.4,5.0,6.0,0.833,0.0,0.0,0.0,2.0,3.0,0.0,3.0,2.0,21.0,8.0
22200258,1610612765,DET,Detroit,1628977,Hamidou Diallo,Hamidou,,,15:34,3.0,5.0,0.6,0.0,1.0,0.0,0.0,0.0,0.0,1.0,1.0,2.0,0.0,0.0,0.0,0.0,2.0,6.0,12.0
22200258,1610612765,DET,Detroit,202709,Cory Joseph,Cory,,,17:53,2.0,8.0,0.25,1.0,2.0,0.5,0.0,0.0,0.0,1.0,1.0,2.0,4.0,1.0,0.0,0.0,3.0,5.0,8.0
22200258,1610612765,DET,Detroit,1628995,Kevin Knox II,Kevin,,,24:36,8.0,11.0,0.727,1.0,4.0,0.25,0.0,0.0,0.0,1.0,7.0,8.0,1.0,1.0,0.0,1.0,3.0,17.0,12.0
22200258,1610612765,DET,Detroit,1630296,Braxton Key,Braxton,,DNP - Coach's Decision,,,,,,,,,,,,,,,,,,,,
22200258,1610612765,DET,Detroit,203585,Rodney McGruder,Rodney,,DNP - Coach's Decision,,,,,,,,,,,,,,,,,,,,
22200258,1610612765,DET,Detroit,203457,Nerlens Noel,Nerlens,,DNP - Coach's Decision,,,,,,,,,,,,,,,,,,,,
22200258,1610612743,DEN,Denver,1629008,Michael Porter Jr.,Michael,F,,33:24,7.0,15.0,0.467,1.0,5.0,0.2,3.0,3.0,1.0,3.0,5.0,8.0,1.0,0.0,2.0,1.0,1.0,18.0,16.0
22200258,1610612743,DEN,Denver,203932,Aaron Gordon,Aaron,F,,28:35,7.0,10.0,0.7,1.0,2.0,0.5,2.0,5.0,0.4,3.0,4.0,7.0,1.0,1.0,1.0,3.0,3.0,17.0,21.0
22200258,1610612743,DEN,Denver,203999,Nikola Jokić,Nikola,C,,36:44,12.0,16.0,0.75,0.0,0.0,0.0,7.0,11.0,0.636,2.0,7.0,9.0,10.0,1.0,1.0,5.0,3.0,31.0,13.0
22200258,1610612743,DEN,Denver,203484,Kentavious Caldwell-Pope,Kentavious,G,,29:54,4.0,10.0,0.4,2.0,5.0,0.4,0.0,0.0,0.0,1.0,1.0,2.0,1.0,2.0,2.0,1.0,4.0,10.0,11.0
22200258,1610612743,DEN,Denver,1627750,Jamal Murray,Jamal,G,,34:23,3.0,12.0,0.25,0.0,2.0,0.0,4.0,5.0,0.8,0.0,1.0,1.0,8.0,2.0,1.0,2.0,3.0,10.0,13.0
22200258,1610612743,DEN,Denver,1628971,Bruce Brown,Bruce,,,25:18,5.0,9.0,0.556,1.0,2.0,0.5,0.0,0.0,0.0,1.0,3.0,4.0,5.0,1.0,0.0,2.0,1.0,11.0,-19.0
22200258,1610612743,DEN,Denver,1630538,Bones Hyland,Bones,,,9:19,1.0,5.0,0.2,0.0,3.0,0.0,0.0,0.0,0.0,0.0,0.0,0.0,0.0,0.0,0.0,0.0,0.0,2.0,-12.0
22200258,1610612743,DEN,Denver,201599,DeAndre Jordan,DeAndre,,,11:16,0.0,2.0,0.0,0.0,0.0,0.0,1.0,2.0,0.5,1.0,3.0,4.0,2.0,0.0,1.0,1.0,3.0,1.0,-15.0
22200258,1610612743,DEN,Denver,1630192,Zeke Nnaji,Zeke,,,19:27,4.0,6.0,0.667,0.0,0.0,0.0,0.0,0.0,0.0,3.0,1.0,4.0,0.0,0.0,0.0,1.0,1.0,8.0,-23.0
22200258,1610612743,DEN,Denver,1631128,Christian Braun,Christian,,,3:26,0.0,0.0,0.0,0.0,0.0,0.0,0.0,0.0,0.0,1.0,0.0,1.0,0.0,0.0,0.0,0.0,0.0,0.0,-7.0
22200258,1610612743,DEN,Denver,1628432,Davon Reed,Davon,,,8:14,0.0,1.0,0.0,0.0,0.0,0.0,0.0,0.0,0.0,0.0,2.0,2.0,0.0,0.0,0.0,1.0,2.0,0.0,-8.0
22200258,1610612743,DEN,Denver,1628427,Vlatko Čančar,Vlatko,,DNP - Coach's Decision,,,,,,,,,,,,,,,,,,,,
22200258,1610612743,DEN,Denver,1631298,Jack White,Jack,,DNP - Coach's Decision,,,,,,,,,,,,,,,,,,,,
22200242,1610612765,DET,Detroit,1630587,Isaiah Livers,Isaiah,F,,16:18,2.0,4.0,0.5,1.0,3.0,0.333,0.0,0.0,0.0,0.0,2.0,2.0,1.0,0.0,0.0,1.0,1.0,5.0,3.0
22200242,1610612765,DET,Detroit,202711,Bojan Bogdanović,Bojan,F,,33:43,8.0,12.0,0.667,2.0,5.0,0.4,3.0,3.0,1.0,0.0,3.0,3.0,2.0,0.0,0.0,3.0,3.0,21.0,-23.0
22200242,1610612765,DET,Detroit,1628963,Marvin Bagley III,Marvin,C,,20:56,5.0,9.0,0.556,0.0,1.0,0.0,5.0,5.0,1.0,2.0,4.0,6.0,0.0,1.0,1.0,1.0,5.0,15.0,-1.0
22200242,1610612765,DET,Detroit,1631093,Jaden Ivey,Jaden,G,,32:10,8.0,14.0,0.571,4.0,4.0,1.0,4.0,6.0,0.667,1.0,3.0,4.0,3.0,0.0,0.0,3.0,5.0,24.0,-14.0
22200242,1610612765,DET,Detroit,1630165,Killian Hayes,Killian,G,,28:55,3.0,9.0,0.333,2.0,3.0,0.667,1.0,1.0,1.0,0.0,1.0,1.0,6.0,0.0,1.0,1.0,3.0,9.0,-10.0
22200242,1610612765,DET,Detroit,1631105,Jalen Duren,Jalen,,,27:04,6.0,8.0,0.75,0.0,0.0,0.0,0.0,0.0,0.0,5.0,3.0,8.0,1.0,1.0,0.0,1.0,2.0,12.0,-7.0
22200242,1610612765,DET,Detroit,202692,Alec Burks,Alec,,,24:34,4.0,13.0,0.308,1.0,5.0,0.2,7.0,8.0,0.875,0.0,3.0,3.0,1.0,1.0,1.0,1.0,2.0,16.0,-11.0
22200242,1610612765,DET,Detroit,1628977,Hamidou Diallo,Hamidou,,,17:54,2.0,3.0,0.667,0.0,0.0,0.0,0.0,0.0,0.0,1.0,1.0,2.0,0.0,1.0,0.0,1.0,1.0,4.0,4.0
22200242,1610612765,DET,Detroit,202709,Cory Joseph,Cory,,,15:50,5.0,10.0,0.5,2.0,3.0,0.667,0.0,0.0,0.0,1.0,0.0,1.0,5.0,0.0,0.0,0.0,1.0,12.0,6.0
22200242,1610612765,DET,Detroit,1628995,Kevin Knox II,Kevin,,,22:36,4.0,7.0,0.571,3.0,5.0,0.6,0.0,0.0,0.0,0.0,5.0,5.0,1.0,0.0,0.0,0.0,1.0,11.0,13.0
22200242,1610612765,DET,Detroit,1630296,Braxton Key,Braxton,,DNP - Coach's Decision,,,,,,,,,,,,,,,,,,,,
22200242,1610612765,DET,Detroit,203585,Rodney McGruder,Rodney,,DNP - Coach's Decision,,,,,,,,,,,,,,,,,,,,
22200242,1610612765,DET,Detroit,203457,Nerlens Noel,Nerlens,,DNP - Coach's Decision,,,,,,,,,,,,,,,,,,,,
22200242,1610612758,SAC,Sacramento,203084,Harrison Barnes,Harrison,F,,36:09,8.0,11.0,0.727,1.0,2.0,0.5,10.0,11.0,0.909,2.0,7.0,9.0,3.0,0.0,0.0,0.0,0.0,27.0,20.0
22200242,1610612758,SAC,Sacramento,1631099,Keegan Murray,Keegan,F,,34:40,4.0,10.0,0.4,1.0,6.0,0.167,4.0,5.0,0.8,0.0,2.0,2.0,1.0,0.0,0.0,2.0,0.0,13.0,9.0
22200242,1610612758,SAC,Sacramento,1627734,Domantas Sabonis,Domantas,C,,33:48,4.0,5.0,0.8,1.0,1.0,1.0,6.0,8.0,0.75,3.0,10.0,13.0,7.0,1.0,0.0,3.0,5.0,15.0,12.0
22200242,1610612758,SAC,Sacramento,1628989,Kevin Huerter,Kevin,G,,38:19,10.0,19.0,0.526,4.0,11.0,0.364,0.0,0.0,0.0,2.0,3.0,5.0,5.0,1.0,0.0,2.0,4.0,24.0,20.0
22200242,1610612758,SAC,Sacramento,1628368,De'Aaron Fox,De'Aaron,G,,35:59,11.0,18.0,0.611,2.0,4.0,0.5,9.0,9.0,1.0,0.0,4.0,4.0,7.0,0.0,0.0,2.0,4.0,33.0,12.0
22200242,1610612758,SAC,Sacramento,1630558,Davion Mitchell,Davion,,,14:11,2.0,5.0,0.4,1.0,3.0,0.333,0.0,0.0,0.0,0.0,1.0,1.0,3.0,0.0,0.0,0.0,1.0,5.0,-4.0
22200242,1610612758,SAC,Sacramento,1626168,Trey Lyles,Trey,,,10:11,1.0,4.0,0.25,1.0,4.0,0.25,0.0,0.0,0.0,0.0,0.0,0.0,0.0,0.0,0.0,0.0,0.0,3.0,-4.0
22200242,1610612758,SAC,Sacramento,1628370,Malik Monk,Malik,,,19:05,3.0,6.0,0.5,0.0,2.0,0.0,2.0,2.0,1.0,0.0,1.0,1.0,3.0,2.0,0.0,2.0,2.0,8.0,-16.0
22200242,1610612758,SAC,Sacramento,1629002,Chimezie Metu,Chimezie,,,14:12,3.0,4.0,0.75,0.0,1.0,0.0,0.0,0.0,0.0,1.0,5.0,6.0,0.0,0.0,0.0,0.0,1.0,6.0,-4.0
22200242,1610612758,SAC,Sacramento,1629056,Terence Davis,Terence,,,3:25,1.0,3.0,0.333,1.0,1.0,1.0,0.0,0.0,0.0,0.0,0.0,0.0,0.0,0.0,0.0,0.0,1.0,3.0,-5.0
22200242,1610612758,SAC,Sacramento,203521,Matthew Dellavedova,Matthew,,DNP - Coach's Decision,,,,,,,,,,,,,,,,,,,,
22200242,1610612758,SAC,Sacramento,1626158,Richaun Holmes,Richaun,,DNP - Coach's Decision,,,,,,,,,,,,,,,,,,,,
22200242,1610612758,SAC,Sacramento,203458,Alex Len,Alex,,DNP - Coach's Decision,,,,,,,,,,,,,,,,,,,,
22200242,1610612758,SAC,Sacramento,1631320,Chima Moneke,Chima,,DNP - Coach's Decision,,,,,,,,,,,,,,,,,,,,
22200242,1610612758,SAC,Sacramento,1629644,KZ Okpala,KZ,,DNP - Coach's Decision,,,,,,,,,,,,,,,,,,,,
22200239,1610612759,SAS,San Antonio,1629640,Keldon Johnson,Keldon,F,,27:37,5.0,15.0,0.333,1.0,5.0,0.2,0.0,0.0,0.0,1.0,1.0,2.0,1.0,1.0,0.0,0.0,1.0,11.0,-18.0
22200239,1610612759,SAS,San Antonio,1631110,Jeremy Sochan,Jeremy,F,,28:00,2.0,6.0,0.333,0.0,1.0,0.0,0.0,0.0,0.0,2.0,2.0,4.0,2.0,0.0,1.0,7.0,2.0,4.0,-24.0
22200239,1610612759,SAS,San Antonio,1627751,Jakob Poeltl,Jakob,C,,25:04,8.0,15.0,0.533,0.0,0.0,0.0,4.0,4.0,1.0,3.0,5.0,8.0,3.0,1.0,0.0,0.0,1.0,20.0,-16.0
22200239,1610612759,SAS,San Antonio,1628966,Keita Bates-Diop,Keita,G,,27:45,4.0,7.0,0.571,1.0,1.0,1.0,0.0,0.0,0.0,2.0,3.0,5.0,0.0,0.0,1.0,0.0,1.0,9.0,-14.0
22200239,1610612759,SAS,San Antonio,1630200,Tre Jones,Tre,G,,25:57,3.0,13.0,0.231,0.0,2.0,0.0,0.0,0.0,0.0,1.0,1.0,2.0,10.0,1.0,0.0,1.0,2.0,6.0,-5.0
22200239,1610612759,SAS,San Antonio,1626196,Josh Richardson,Josh,,,18:22,3.0,7.0,0.429,0.0,3.0,0.0,0.0,0.0,0.0,2.0,2.0,4.0,3.0,0.0,0.0,1.0,1.0,6.0,-13.0
22200239,1610612759,SAS,San Antonio,1629676,Isaiah Roby,Isaiah,,,21:17,2.0,6.0,0.333,1.0,5.0,0.2,3.0,3.0,1.0,0.0,4.0,4.0,1.0,1.0,0.0,1.0,2.0,8.0,-17.0
22200239,1610612759,SAS,San Antonio,1629646,Charles Bassey,Charles,,,22:56,2.0,6.0,0.333,0.0,1.0,0.0,2.0,4.0,0.5,2.0,7.0,9.0,0.0,0.0,0.0,3.0,1.0,6.0,-6.0
22200239,1610612759,SAS,San Antonio,203926,Doug McDermott,Doug,,,17:01,5.0,6.0,0.833,3.0,4.0,0.75,0.0,0.0,0.0,1.0,1.0,2.0,0.0,0.0,0.0,1.0,1.0,13.0,-10.0
22200239,1610612759,SAS,San Antonio,1631103,Malaki Branham,Malaki,,,9:36,1.0,2.0,0.5,1.0,2.0,0.5,0.0,0.0,0.0,0.0,1.0,1.0,1.0,0.0,0.0,0.0,1.0,3.0,4.0
22200239,1610612759,SAS,San Antonio,1631160,Jordan Hall,Jordan,,,9:36,0.0,3.0,0.0,0.0,2.0,0.0,5.0,6.0,0.833,0.0,1.0,1.0,1.0,0.0,0.0,1.0,0.0,5.0,4.0
22200239,1610612759,SAS,San Antonio,1631230,Dominick Barlow,Dominick,,,6:49,1.0,1.0,1.0,0.0,0.0,0.0,4.0,4.0,1.0,1.0,0.0,1.0,0.0,0.0,0.0,0.0,0.0,6.0,5.0
22200239,1610612759,SAS,San Antonio,203476,Gorgui Dieng,Gorgui,,DNP - Coach's Decision,,,,,,,,,,,,,,,,,,,,
22200239,1610612746,LAC,LA,202695,Kawhi Leonard,Kawhi,F,,22:08,5.0,8.0,0.625,1.0,3.0,0.333,0.0,0.0,0.0,0.0,1.0,1.0,4.0,0.0,0.0,1.0,0.0,11.0,0.0
22200239,1610612746,LAC,LA,202694,Marcus Morris Sr.,Marcus,F,,25:22,4.0,9.0,0.444,3.0,7.0,0.429,0.0,0.0,0.0,0.0,2.0,2.0,3.0,0.0,0.0,2.0,1.0,11.0,20.0
22200239,1610612746,LAC,LA,1627826,Ivica Zubac,Ivica,C,,23:59,0.0,1.0,0.0,0.0,0.0,0.0,3.0,6.0,0.5,3.0,8.0,11.0,1.0,0.0,1.0,1.0,4.0,3.0,10.0
22200239,1610612746,LAC,LA,202331,Paul George,Paul,G,,14:49,8.0,12.0,0.667,5.0,8.0,0.625,0.0,0.0,0.0,0.0,1.0,1.0,1.0,2.0,0.0,0.0,0.0,21.0,25.0
22200239,1610612746,LAC,LA,202704,Reggie Jackson,Reggie,G,,30:09,8.0,11.0,0.727,4.0,4.0,1.0,0.0,1.0,0.0,0.0,3.0,3.0,4.0,1.0,0.0,1.0,1.0,20.0,22.0
22200239,1610612746,LAC,LA,202322,John Wall,John,,,23:46,2.0,8.0,0.25,0.0,3.0,0.0,1.0,2.0,0.5,0.0,4.0,4.0,15.0,4.0,0.0,1.0,1.0,5.0,21.0
22200239,1610612746,LAC,LA,201587,Nicolas Batum,Nicolas,,,15:57,1.0,4.0,0.25,1.0,3.0,0.333,0.0,0.0,0.0,1.0,2.0,3.0,1.0,0.0,0.0,1.0,2.0,3.0,17.0
22200239,1610612746,LAC,LA,1626181,Norman Powell,Norman,,,31:01,10.0,16.0,0.625,5.0,8.0,0.625,1.0,2.0,0.5,0.0,1.0,1.0,2.0,2.0,0.0,1.0,3.0,26.0,10.0
22200239,1610612746,LAC,LA,1629611,Terance Mann,Terance,,,28:25,3.0,4.0,0.75,2.0,2.0,1.0,2.0,2.0,1.0,2.0,1.0,3.0,1.0,0.0,0.0,4.0,2.0,10.0,0.0
22200239,1610612746,LAC,LA,1629650,Moses Brown,Moses,,,9:39,2.0,2.0,1.0,0.0,0.0,0.0,2.0,4.0,0.5,0.0,2.0,2.0,0.0,0.0,0.0,0.0,5.0,6.0,-5.0
22200239,1610612746,LAC,LA,1629599,Amir Coffey,Amir,,,7:56,1.0,3.0,0.333,0.0,0.0,0.0,1.0,2.0,0.5,1.0,0.0,1.0,0.0,0.0,0.0,0.0,1.0,3.0,-5.0
22200239,1610612746,LAC,LA,203496,Robert Covington,Robert,,,6:49,0.0,3.0,0.0,0.0,2.0,0.0,0.0,0.0,0.0,0.0,3.0,3.0,0.0,0.0,0.0,0.0,0.0,0.0,-5.0
22200238,1610612762,UTA,Utah,1628374,Lauri Markkanen,Lauri,F,,32:28,7.0,13.0,0.538,3.0,5.0,0.6,6.0,8.0,0.75,3.0,7.0,10.0,2.0,1.0,0.0,3.0,4.0,23.0,-2.0
22200238,1610612762,UTA,Utah,203482,Kelly Olynyk,Kelly,F,,31:00,2.0,6.0,0.333,1.0,3.0,0.333,0.0,0.0,0.0,2.0,4.0,6.0,4.0,0.0,3.0,1.0,3.0,5.0,7.0
22200238,1610612762,UTA,Utah,1629020,Jarred Vanderbilt,Jarred,C,,28:08,3.0,6.0,0.5,0.0,2.0,0.0,1.0,2.0,0.5,2.0,7.0,9.0,1.0,0.0,0.0,0.0,3.0,7.0,14.0
22200238,1610612762,UTA,Utah,203903,Jordan Clarkson,Jordan,G,,35:38,10.0,23.0,0.435,2.0,7.0,0.286,6.0,6.0,1.0,0.0,2.0,2.0,4.0,1.0,0.0,6.0,2.0,28.0,6.0
22200238,1610612762,UTA,Utah,201144,Mike Conley,Mike,G,,9:05,0.0,1.0,0.0,0.0,0.0,0.0,0.0,0.0,0.0,0.0,1.0,1.0,3.0,1.0,0.0,0.0,2.0,0.0,-12.0
22200238,1610612762,UTA,Utah,1629012,Collin Sexton,Collin,,,20:07,2.0,5.0,0.4,1.0,2.0,0.5,4.0,4.0,1.0,1.0,0.0,1.0,4.0,1.0,0.0,2.0,0.0,9.0,-9.0
22200238,1610612762,UTA,Utah,1627736,Malik Beasley,Malik,,,29:14,10.0,18.0,0.556,6.0,14.0,0.429,3.0,3.0,1.0,0.0,3.0,3.0,1.0,0.0,0.0,1.0,2.0,29.0,10.0
22200238,1610612762,UTA,Utah,1631117,Walker Kessler,Walker,,,10:40,3.0,3.0,1.0,0.0,0.0,0.0,0.0,0.0,0.0,2.0,3.0,5.0,1.0,0.0,0.0,0.0,1.0,6.0,-6.0
22200238,1610612762,UTA,Utah,1629659,Talen Horton-Tucker,Talen,,,31:32,4.0,11.0,0.364,0.0,2.0,0.0,0.0,0.0,0.0,1.0,4.0,5.0,2.0,1.0,1.0,0.0,2.0,8.0,12.0
22200238,1610612762,UTA,Utah,1631323,Simone Fontecchio,Simone,,,12:08,1.0,5.0,0.2,1.0,4.0,0.25,0.0,0.0,0.0,0.0,0.0,0.0,1.0,1.0,0.0,0.0,1.0,3.0,5.0
22200238,1610612762,UTA,Utah,1629638,Nickeil Alexander-Walker,Nickeil,,DNP - Coach's Decision,,,,,,,,,,,,,,,,,,,,
22200238,1610612762,UTA,Utah,1628962,Udoka Azubuike,Udoka,,DNP - Coach's Decision,,,,,,,,,,,,,,,,,,,,
22200238,1610612757,POR,Portland,1628404,Josh Hart,Josh,F,,30:05,6.0,10.0,0.6,1.0,3.0,0.333,6.0,6.0,1.0,3.0,5.0,8.0,2.0,2.0,0.0,0.0,5.0,19.0,-7.0
22200238,1610612757,POR,Portland,203924,Jerami Grant,Jerami,F,,37:28,5.0,11.0,0.455,4.0,7.0,0.571,0.0,0.0,0.0,0.0,2.0,2.0,1.0,2.0,2.0,0.0,2.0,14.0,-3.0
22200238,1610612757,POR,Portland,203994,Jusuf Nurkić,Jusuf,C,,27:08,8.0,10.0,0.8,1.0,1.0,1.0,1.0,3.0,0.333,2.0,5.0,7.0,2.0,1.0,0.0,5.0,4.0,18.0,-7.0
22200238,1610612757,POR,Portland,1629014,Anfernee Simons,Anfernee,G,,35:50,7.0,19.0,0.368,4.0,13.0,0.308,5.0,6.0,0.833,1.0,7.0,8.0,7.0,4.0,1.0,3.0,3.0,23.0,7.0
22200238,1610612757,POR,Portland,203081,Damian Lillard,Damian,G,,26:38,2.0,14.0,0.143,1.0,12.0,0.083,8.0,9.0,0.889,0.0,2.0,2.0,7.0,0.0,0.0,2.0,2.0,13.0,-17.0
22200238,1610612757,POR,Portland,1629234,Drew Eubanks,Drew,,,20:52,6.0,6.0,1.0,0.0,0.0,0.0,1.0,1.0,1.0,3.0,2.0,5.0,1.0,1.0,4.0,3.0,1.0,13.0,2.0
22200238,1610612757,POR,Portland,1626159,Justise Winslow,Justise,,,26:17,0.0,2.0,0.0,0.0,1.0,0.0,1.0,2.0,0.5,0.0,5.0,5.0,5.0,0.0,1.0,4.0,5.0,1.0,4.0
22200238,1610612757,POR,Portland,1631101,Shaedon Sharpe,Shaedon,,,21:32,2.0,8.0,0.25,0.0,3.0,0.0,0.0,0.0,0.0,0.0,3.0,3.0,1.0,0.0,0.0,0.0,0.0,4.0,-3.0
22200238,1610612757,POR,Portland,1629642,Nassir Little,Nassir,,,9:39,3.0,3.0,1.0,2.0,2.0,1.0,0.0,0.0,0.0,1.0,2.0,3.0,1.0,1.0,0.0,0.0,0.0,8.0,-2.0
22200238,1610612757,POR,Portland,1630570,Trendon Watford,Trendon,,,4:31,0.0,0.0,0.0,0.0,0.0,0.0,0.0,0.0,0.0,0.0,0.0,0.0,0.0,0.0,0.0,0.0,0.0,0.0,1.0
22200238,1610612757,POR,Portland,1630553,Keon Johnson,Keon,,DND - Injury/Illness,,,,,,,,,,,,,,,,,,,,
22200238,1610612757,POR,Portland,1631133,Jabari Walker,Jabari,,DNP - Coach's Decision,,,,,,,,,,,,,,,,,,,,
22200235,1610612761,TOR,Toronto,1628384,OG Anunoby,OG,F,,42:11,10.0,24.0,0.417,0.0,6.0,0.0,7.0,7.0,1.0,0.0,3.0,3.0,5.0,2.0,0.0,5.0,4.0,27.0,-11.0
22200235,1610612761,TOR,Toronto,201152,Thaddeus Young,Thaddeus,F,,35:03,9.0,12.0,0.75,0.0,2.0,0.0,0.0,0.0,0.0,3.0,6.0,9.0,4.0,4.0,0.0,1.0,3.0,18.0,-6.0
22200235,1610612761,TOR,Toronto,1627823,Juancho Hernangomez,Juancho,C,,31:58,5.0,9.0,0.556,0.0,3.0,0.0,0.0,1.0,0.0,2.0,7.0,9.0,0.0,2.0,0.0,1.0,1.0,10.0,0.0
22200235,1610612761,TOR,Toronto,1630567,Scottie Barnes,Scottie,G,,45:34,11.0,29.0,0.379,4.0,8.0,0.5,2.0,2.0,1.0,3.0,8.0,11.0,9.0,1.0,2.0,3.0,3.0,28.0,-1.0
22200235,1610612761,TOR,Toronto,1627832,Fred VanVleet,Fred,G,,44:27,4.0,18.0,0.222,1.0,11.0,0.091,6.0,6.0,1.0,1.0,1.0,2.0,5.0,0.0,0.0,2.0,3.0,15.0,-16.0
22200235,1610612761,TOR,Toronto,1631132,Christian Koloko,Christian,,,30:18,2.0,4.0,0.5,0.0,1.0,0.0,3.0,6.0,0.5,7.0,4.0,11.0,1.0,0.0,4.0,0.0,5.0,7.0,5.0
22200235,1610612761,TOR,Toronto,1630201,Malachi Flynn,Malachi,,,28:12,7.0,12.0,0.583,3.0,6.0,0.5,0.0,0.0,0.0,1.0,4.0,5.0,3.0,2.0,0.0,1.0,6.0,17.0,9.0
22200235,1610612761,TOR,Toronto,1630288,Jeff Dowtin Jr.,Jeff,,,3:41,0.0,0.0,0.0,0.0,0.0,0.0,0.0,0.0,0.0,0.0,0.0,0.0,0.0,0.0,0.0,0.0,0.0,0.0,9.0
22200235,1610612761,TOR,Toronto,203920,Khem Birch,Khem,,,3:36,0.0,0.0,0.0,0.0,0.0,0.0,0.0,0.0,0.0,0.0,1.0,1.0,0.0,0.0,0.0,0.0,0.0,0.0,1.0
22200235,1610612761,TOR,Toronto,1630625,Dalano Banton,Dalano,,DND - Injury/Illness,,,,,,,,,,,,,,,,,,,,
22200235,1610612761,TOR,Toronto,1631199,Ron Harper Jr.,Ron,,DNP - Coach's Decision,,,,,,,,,,,,,,,,,,,,
22200235,1610612761,TOR,Toronto,203490,Otto Porter Jr.,Otto,,DND - Injury/Illness,,,,,,,,,,,,,,,,,,,,
22200235,1610612737,ATL,Atlanta,1629631,De'Andre Hunter,De'Andre,F,,45:18,5.0,14.0,0.357,1.0,3.0,0.333,11.0,14.0,0.786,1.0,4.0,5.0,1.0,0.0,0.0,3.0,3.0,22.0,3.0
22200235,1610612737,ATL,Atlanta,1628381,John Collins,John,F,,34:00,2.0,4.0,0.5,1.0,3.0,0.333,4.0,5.0,0.8,0.0,11.0,11.0,4.0,1.0,0.0,4.0,6.0,9.0,10.0
22200235,1610612737,ATL,Atlanta,203991,Clint Capela,Clint,C,,34:20,9.0,13.0,0.692,0.0,0.0,0.0,0.0,0.0,0.0,6.0,8.0,14.0,1.0,0.0,3.0,0.0,4.0,18.0,10.0
22200235,1610612737,ATL,Atlanta,1627749,Dejounte Murray,Dejounte,G,,40:21,7.0,18.0,0.389,1.0,6.0,0.167,2.0,2.0,1.0,0.0,7.0,7.0,4.0,2.0,0.0,2.0,0.0,17.0,13.0
22200235,1610612737,ATL,Atlanta,1629027,Trae Young,Trae,G,,41:44,12.0,21.0,0.571,2.0,4.0,0.5,7.0,9.0,0.778,1.0,2.0,3.0,12.0,1.0,1.0,2.0,3.0,33.0,11.0
22200235,1610612737,ATL,Atlanta,1630168,Onyeka Okongwu,Onyeka,,,18:39,1.0,2.0,0.5,0.0,0.0,0.0,1.0,2.0,0.5,0.0,4.0,4.0,0.0,0.0,0.0,0.0,1.0,3.0,-8.0
22200235,1610612737,ATL,Atlanta,1628988,Aaron Holiday,Aaron,,,8:00,0.0,0.0,0.0,0.0,0.0,0.0,0.0,0.0,0.0,0.0,1.0,1.0,0.0,0.0,0.0,1.0,0.0,0.0,-9.0
22200235,1610612737,ATL,Atlanta,1631100,AJ Griffin,AJ,,,30:00,8.0,15.0,0.533,1.0,6.0,0.167,0.0,0.0,0.0,3.0,2.0,5.0,1.0,1.0,1.0,0.0,2.0,17.0,-6.0
22200235,1610612737,ATL,Atlanta,1630552,Jalen Johnson,Jalen,,,5:21,0.0,0.0,0.0,0.0,0.0,0.0,0.0,0.0,0.0,0.0,0.0,0.0,0.0,0.0,0.0,1.0,1.0,0.0,-8.0
22200235,1610612737,ATL,Atlanta,203200,Justin Holiday,Justin,,,7:17,2.0,5.0,0.4,1.0,3.0,0.333,0.0,0.0,0.0,0.0,0.0,0.0,0.0,0.0,0.0,1.0,0.0,5.0,-6.0
22200235,1610612737,ATL,Atlanta,1626163,Frank Kaminsky,Frank,,DNP - Coach's Decision,,,,,,,,,,,,,,,,,,,,
22200235,1610612737,ATL,Atlanta,1630249,Vít Krejčí,Vít,,DNP - Coach's Decision,,,,,,,,,,,,,,,,,,,,
22200237,1610612750,MIN,Minnesota,1630183,Jaden McDaniels,Jaden,F,,31:33,4.0,6.0,0.667,1.0,2.0,0.5,2.0,2.0,1.0,0.0,1.0,1.0,1.0,3.0,1.0,2.0,3.0,11.0,-4.0
22200237,1610612750,MIN,Minnesota,1626157,Karl-Anthony Towns,Karl-Anthony,F,,31:39,5.0,14.0,0.357,2.0,7.0,0.286,0.0,0.0,0.0,0.0,8.0,8.0,3.0,1.0,0.0,3.0,4.0,12.0,2.0
22200237,1610612750,MIN,Minnesota,203497,Rudy Gobert,Rudy,C,,28:09,4.0,7.0,0.571,0.0,0.0,0.0,0.0,0.0,0.0,5.0,8.0,13.0,1.0,1.0,0.0,0.0,5.0,8.0,-8.0
22200237,1610612750,MIN,Minnesota,1630162,Anthony Edwards,Anthony,G,,35:42,7.0,21.0,0.333,2.0,10.0,0.2,9.0,9.0,1.0,0.0,5.0,5.0,5.0,1.0,1.0,5.0,2.0,25.0,2.0
22200237,1610612750,MIN,Minnesota,1626156,D'Angelo Russell,D'Angelo,G,,33:33,7.0,13.0,0.538,3.0,6.0,0.5,2.0,2.0,1.0,0.0,2.0,2.0,7.0,1.0,0.0,3.0,1.0,19.0,-5.0
22200237,1610612750,MIN,Minnesota,1629162,Jordan McLaughlin,Jordan,,,14:27,0.0,2.0,0.0,0.0,2.0,0.0,0.0,0.0,0.0,0.0,0.0,0.0,4.0,0.0,0.0,1.0,0.0,0.0,8.0
22200237,1610612750,MIN,Minnesota,203937,Kyle Anderson,Kyle,,,21:34,2.0,5.0,0.4,0.0,1.0,0.0,2.0,3.0,0.667,1.0,4.0,5.0,3.0,1.0,0.0,0.0,1.0,6.0,7.0
22200237,1610612750,MIN,Minnesota,1627752,Taurean Prince,Taurean,,,19:01,3.0,6.0,0.5,1.0,3.0,0.333,2.0,4.0,0.5,0.0,3.0,3.0,1.0,1.0,0.0,2.0,1.0,9.0,9.0
22200237,1610612750,MIN,Minnesota,1629669,Jaylen Nowell,Jaylen,,,14:00,5.0,7.0,0.714,2.0,4.0,0.5,1.0,2.0,0.5,1.0,1.0,2.0,2.0,0.0,0.0,1.0,3.0,13.0,1.0
22200237,1610612750,MIN,Minnesota,1629675,Naz Reid,Naz,,,10:23,3.0,4.0,0.75,1.0,1.0,1.0,2.0,2.0,1.0,1.0,3.0,4.0,1.0,0.0,0.0,0.0,5.0,9.0,3.0
22200237,1610612750,MIN,Minnesota,1627854,Bryn Forbes,Bryn,,DNP - Coach's Decision,,,,,,,,,,,,,,,,,,,,
22200237,1610612750,MIN,Minnesota,1630233,Nathan Knight,Nathan,,DNP - Coach's Decision,,,,,,,,,,,,,,,,,,,,
22200237,1610612750,MIN,Minnesota,1630639,A.J. Lawson,A.J.,,DNP - Coach's Decision,,,,,,,,,,,,,,,,,,,,
22200237,1610612750,MIN,Minnesota,203085,Austin Rivers,Austin,,DNP - Coach's Decision,,,,,,,,,,,,,,,,,,,,
22200237,1610612755,PHI,Philadelphia,1627863,Danuel House Jr.,Danuel,F,,39:03,4.0,9.0,0.444,3.0,6.0,0.5,0.0,0.0,0.0,0.0,7.0,7.0,1.0,0.0,0.0,2.0,2.0,11.0,-12.0
22200237,1610612755,PHI,Philadelphia,200782,P.J. Tucker,P.J.,F,,33:29,0.0,1.0,0.0,0.0,0.0,0.0,0.0,0.0,0.0,0.0,5.0,5.0,1.0,0.0,0.0,2.0,3.0,0.0,9.0
22200237,1610612755,PHI,Philadelphia,203954,Joel Embiid,Joel,C,,35:51,6.0,15.0,0.4,2.0,4.0,0.5,18.0,20.0,0.9,1.0,8.0,9.0,6.0,3.0,0.0,6.0,3.0,32.0,-2.0
22200237,1610612755,PHI,Philadelphia,1629001,De'Anthony Melton,De'Anthony,G,,36:40,7.0,16.0,0.438,5.0,9.0,0.556,0.0,2.0,0.0,1.0,4.0,5.0,6.0,5.0,1.0,3.0,3.0,19.0,-2.0
22200237,1610612755,PHI,Philadelphia,1629003,Shake Milton,Shake,G,,38:03,10.0,15.0,0.667,3.0,5.0,0.6,4.0,4.0,1.0,0.0,6.0,6.0,2.0,0.0,0.0,6.0,3.0,27.0,-2.0
22200237,1610612755,PHI,Philadelphia,1629680,Matisse Thybulle,Matisse,,,4:56,0.0,1.0,0.0,0.0,1.0,0.0,0.0,0.0,0.0,0.0,0.0,0.0,0.0,0.0,0.0,0.0,0.0,0.0,-6.0
22200237,1610612755,PHI,Philadelphia,1630194,Paul Reed,Paul,,,12:26,1.0,1.0,1.0,0.0,0.0,0.0,0.0,0.0,0.0,1.0,4.0,5.0,3.0,1.0,0.0,0.0,3.0,2.0,-9.0
22200237,1610612755,PHI,Philadelphia,1627777,Georges Niang,Georges,,,32:23,5.0,12.0,0.417,1.0,7.0,0.143,4.0,4.0,1.0,1.0,1.0,2.0,1.0,1.0,0.0,1.0,4.0,15.0,10.0
22200237,1610612755,PHI,Philadelphia,1626149,Montrezl Harrell,Montrezl,,,7:09,1.0,1.0,1.0,0.0,0.0,0.0,1.0,2.0,0.5,0.0,0.0,0.0,1.0,0.0,0.0,2.0,3.0,3.0,-1.0
22200237,1610612755,PHI,Philadelphia,1630577,Julian Champagnie,Julian,,DNP - Coach's Decision,,,,,,,,,,,,,,,,,,,,
22200237,1610612755,PHI,Philadelphia,202699,Tobias Harris,Tobias,,DND - Injury/Illness,,,,,,,,,,,,,,,,,,,,
22200236,1610612753,ORL,Orlando,1629643,Chuma Okeke,Chuma,F,,24:41,1.0,3.0,0.333,1.0,3.0,0.333,1.0,2.0,0.5,1.0,2.0,3.0,1.0,2.0,0.0,0.0,1.0,4.0,-7.0
22200236,1610612753,ORL,Orlando,1629626,Bol Bol,Bol,F,,33:38,9.0,15.0,0.6,2.0,3.0,0.667,2.0,4.0,0.5,3.0,8.0,11.0,0.0,0.0,2.0,0.0,1.0,22.0,3.0
22200236,1610612753,ORL,Orlando,1628964,Mo Bamba,Mo,C,,33:05,6.0,14.0,0.429,3.0,8.0,0.375,6.0,8.0,0.75,3.0,6.0,9.0,1.0,2.0,1.0,2.0,3.0,21.0,15.0
22200236,1610612753,ORL,Orlando,1630532,Franz Wagner,Franz,G,,30:43,9.0,17.0,0.529,5.0,9.0,0.556,6.0,6.0,1.0,0.0,5.0,5.0,3.0,1.0,0.0,2.0,3.0,29.0,-4.0
22200236,1610612753,ORL,Orlando,1630591,Jalen Suggs,Jalen,G,,33:17,5.0,12.0,0.417,2.0,6.0,0.333,0.0,0.0,0.0,2.0,3.0,5.0,8.0,0.0,3.0,4.0,1.0,12.0,3.0
22200236,1610612753,ORL,Orlando,203082,Terrence Ross,Terrence,,,23:42,3.0,12.0,0.25,1.0,7.0,0.143,0.0,0.0,0.0,0.0,1.0,1.0,1.0,1.0,0.0,0.0,0.0,7.0,1.0
22200236,1610612753,ORL,Orlando,1631216,Caleb Houstan,Caleb,,,18:31,0.0,4.0,0.0,0.0,1.0,0.0,2.0,2.0,1.0,1.0,1.0,2.0,1.0,0.0,0.0,0.0,4.0,2.0,-5.0
22200236,1610612753,ORL,Orlando,1629678,Admiral Schofield,Admiral,,,13:10,1.0,5.0,0.2,0.0,2.0,0.0,0.0,0.0,0.0,1.0,1.0,2.0,1.0,0.0,0.0,0.0,2.0,2.0,-20.0
22200236,1610612753,ORL,Orlando,1630181,R.J. Hampton,R.J.,,,25:29,5.0,8.0,0.625,2.0,3.0,0.667,2.0,4.0,0.5,0.0,1.0,1.0,0.0,2.0,0.0,1.0,2.0,14.0,-3.0
22200236,1610612753,ORL,Orlando,1630284,Kevon Harris,Kevon,,,3:44,0.0,1.0,0.0,0.0,0.0,0.0,0.0,0.0,0.0,0.0,2.0,2.0,0.0,0.0,0.0,0.0,0.0,0.0,4.0
22200236,1610612753,ORL,Orlando,1628976,Wendell Carter Jr.,Wendell,,DND - Injury/Illness,,,,,,,,,,,,,,,,,,,,
22200236,1610612753,ORL,Orlando,203914,Gary Harris,Gary,,DND - Injury/Illness,,,,,,,,,,,,,,,,,,,,
22200236,1610612754,IND,Indiana,1627741,Buddy Hield,Buddy,F,,30:27,5.0,12.0,0.417,5.0,11.0,0.455,0.0,0.0,0.0,0.0,2.0,2.0,2.0,1.0,1.0,1.0,1.0,15.0,7.0
22200236,1610612754,IND,Indiana,1630188,Jalen Smith,Jalen,F,,24:45,6.0,14.0,0.429,1.0,6.0,0.167,1.0,2.0,0.5,2.0,3.0,5.0,0.0,0.0,0.0,1.0,2.0,14.0,2.0
22200236,1610612754,IND,Indiana,1626167,Myles Turner,Myles,C,,34:17,8.0,13.0,0.615,1.0,1.0,1.0,3.0,4.0,0.75,4.0,7.0,11.0,0.0,1.0,1.0,2.0,4.0,20.0,6.0
22200236,1610612754,IND,Indiana,1629614,Andrew Nembhard,Andrew,G,,17:55,0.0,2.0,0.0,0.0,1.0,0.0,0.0,0.0,0.0,1.0,1.0,2.0,2.0,1.0,0.0,0.0,1.0,0.0,-16.0
22200236,1610612754,IND,Indiana,1630169,Tyrese Haliburton,Tyrese,G,,33:57,9.0,16.0,0.563,3.0,8.0,0.375,1.0,2.0,0.5,1.0,3.0,4.0,14.0,2.0,3.0,3.0,3.0,22.0,4.0
22200236,1610612754,IND,Indiana,1631097,Bennedict Mathurin,Bennedict,,,26:47,4.0,12.0,0.333,2.0,7.0,0.286,2.0,2.0,1.0,1.0,3.0,4.0,1.0,0.0,0.0,2.0,1.0,12.0,-2.0
22200236,1610612754,IND,Indiana,1630543,Isaiah Jackson,Isaiah,,,7:06,0.0,1.0,0.0,0.0,0.0,0.0,2.0,4.0,0.5,1.0,2.0,3.0,1.0,0.0,1.0,1.0,1.0,2.0,-5.0
22200236,1610612754,IND,Indiana,204456,T.J. McConnell,T.J.,,,14:03,1.0,2.0,0.5,0.0,1.0,0.0,0.0,0.0,0.0,0.0,2.0,2.0,7.0,0.0,0.0,2.0,1.0,2.0,-3.0
22200236,1610612754,IND,Indiana,1629052,Oshae Brissett,Oshae,,,19:56,2.0,7.0,0.286,1.0,3.0,0.333,0.0,0.0,0.0,0.0,4.0,4.0,0.0,0.0,0.0,1.0,0.0,5.0,2.0
22200236,1610612754,IND,Indiana,1630174,Aaron Nesmith,Aaron,,,25:25,5.0,10.0,0.5,5.0,8.0,0.625,4.0,4.0,1.0,1.0,2.0,3.0,0.0,0.0,0.0,1.0,4.0,19.0,20.0
22200236,1610612754,IND,Indiana,1630678,Terry Taylor,Terry,,,5:22,1.0,1.0,1.0,0.0,0.0,0.0,1.0,1.0,1.0,1.0,1.0,2.0,0.0,0.0,0.0,1.0,0.0,3.0,8.0
22200236,1610612754,IND,Indiana,1629048,Goga Bitadze,Goga,,DNP - Coach's Decision,,,,,,,,,,,,,,,,,,,,
22200236,1610612754,IND,Indiana,201949,James Johnson,James,,DNP - Coach's Decision,,,,,,,,,,,,,,,,,,,,
22200209,1610612759,SAS,San Antonio,1629640,Keldon Johnson,Keldon,F,,34:03,6.0,14.0,0.429,4.0,9.0,0.444,4.0,5.0,0.8,0.0,5.0,5.0,5.0,2.0,0.0,4.0,1.0,20.0,-7.0
22200209,1610612759,SAS,San Antonio,1631110,Jeremy Sochan,Jeremy,F,,26:39,2.0,3.0,0.667,0.0,0.0,0.0,2.0,2.0,1.0,0.0,4.0,4.0,4.0,0.0,2.0,1.0,5.0,6.0,18.0
22200209,1610612759,SAS,San Antonio,1627751,Jakob Poeltl,Jakob,C,,31:40,14.0,17.0,0.824,0.0,0.0,0.0,3.0,5.0,0.6,5.0,9.0,14.0,5.0,0.0,1.0,4.0,3.0,31.0,7.0
22200209,1610612759,SAS,San Antonio,1630200,Tre Jones,Tre,G,,22:55,1.0,6.0,0.167,0.0,1.0,0.0,0.0,0.0,0.0,0.0,2.0,2.0,10.0,3.0,0.0,0.0,1.0,2.0,14.0
22200209,1610612759,SAS,San Antonio,1630170,Devin Vassell,Devin,G,,35:12,7.0,15.0,0.467,4.0,8.0,0.5,3.0,3.0,1.0,0.0,2.0,2.0,2.0,1.0,1.0,4.0,3.0,21.0,-5.0
22200209,1610612759,SAS,San Antonio,1628966,Keita Bates-Diop,Keita,,,26:09,5.0,7.0,0.714,0.0,1.0,0.0,0.0,0.0,0.0,3.0,1.0,4.0,2.0,1.0,0.0,0.0,1.0,10.0,-13.0
22200209,1610612759,SAS,San Antonio,203926,Doug McDermott,Doug,,,17:13,2.0,8.0,0.25,1.0,5.0,0.2,1.0,1.0,1.0,0.0,0.0,0.0,0.0,0.0,0.0,2.0,3.0,6.0,-12.0
22200209,1610612759,SAS,San Antonio,1626196,Josh Richardson,Josh,,,24:13,2.0,7.0,0.286,0.0,4.0,0.0,0.0,0.0,0.0,0.0,1.0,1.0,5.0,0.0,0.0,0.0,2.0,4.0,-17.0
22200209,1610612759,SAS,San Antonio,1629646,Charles Bassey,Charles,,,16:20,3.0,4.0,0.75,0.0,0.0,0.0,0.0,0.0,0.0,2.0,3.0,5.0,1.0,0.0,1.0,3.0,5.0,6.0,-14.0
22200209,1610612759,SAS,San Antonio,1629676,Isaiah Roby,Isaiah,,,5:36,2.0,4.0,0.5,0.0,1.0,0.0,0.0,1.0,0.0,1.0,0.0,1.0,0.0,0.0,0.0,1.0,1.0,4.0,-6.0
22200209,1610612759,SAS,San Antonio,203476,Gorgui Dieng,Gorgui,,DNP - Coach's Decision,,,,,,,,,,,,,,,,,,,,
22200209,1610612759,SAS,San Antonio,1631160,Jordan Hall,Jordan,,DNP - Coach's Decision,,,,,,,,,,,,,,,,,,,,
22200209,1610612757,POR,Portland,1628404,Josh Hart,Josh,F,,34:15,3.0,4.0,0.75,0.0,0.0,0.0,0.0,0.0,0.0,1.0,6.0,7.0,5.0,3.0,0.0,2.0,2.0,6.0,17.0
22200209,1610612757,POR,Portland,203924,Jerami Grant,Jerami,F,,37:20,9.0,15.0,0.6,6.0,8.0,0.75,5.0,8.0,0.625,2.0,6.0,8.0,1.0,1.0,0.0,2.0,1.0,29.0,18.0
22200209,1610612757,POR,Portland,203994,Jusuf Nurkić,Jusuf,C,,15:00,4.0,9.0,0.444,0.0,0.0,0.0,1.0,2.0,0.5,2.0,3.0,5.0,1.0,0.0,0.0,1.0,2.0,9.0,-21.0
22200209,1610612757,POR,Portland,1629014,Anfernee Simons,Anfernee,G,,33:48,7.0,16.0,0.438,5.0,10.0,0.5,4.0,4.0,1.0,1.0,2.0,3.0,2.0,0.0,0.0,1.0,2.0,23.0,-1.0
22200209,1610612757,POR,Portland,203081,Damian Lillard,Damian,G,,39:31,8.0,20.0,0.4,2.0,9.0,0.222,4.0,5.0,0.8,0.0,2.0,2.0,11.0,0.0,1.0,4.0,2.0,22.0,15.0
22200209,1610612757,POR,Portland,1631101,Shaedon Sharpe,Shaedon,,,22:41,5.0,7.0,0.714,2.0,3.0,0.667,1.0,2.0,0.5,0.0,2.0,2.0,0.0,0.0,1.0,0.0,2.0,13.0,0.0
22200209,1610612757,POR,Portland,1629234,Drew Eubanks,Drew,,,33:00,4.0,5.0,0.8,0.0,0.0,0.0,1.0,1.0,1.0,3.0,4.0,7.0,1.0,1.0,1.0,1.0,3.0,9.0,28.0
22200209,1610612757,POR,Portland,1629642,Nassir Little,Nassir,,,13:45,0.0,2.0,0.0,0.0,2.0,0.0,2.0,2.0,1.0,0.0,3.0,3.0,0.0,1.0,0.0,3.0,1.0,2.0,-10.0
22200209,1610612757,POR,Portland,1630570,Trendon Watford,Trendon,,,10:40,1.0,1.0,1.0,0.0,0.0,0.0,2.0,2.0,1.0,0.0,2.0,2.0,1.0,0.0,0.0,1.0,2.0,4.0,-11.0
22200209,1610612757,POR,Portland,1630535,Greg Brown III,Greg,,NWT - Not With Team,,,,,,,,,,,,,,,,,,,,
22200209,1610612757,POR,Portland,1631133,Jabari Walker,Jabari,,DNP - Coach's Decision,,,,,,,,,,,,,,,,,,,,
22200209,1610612757,POR,Portland,1626159,Justise Winslow,Justise,,DNP - Injury/Illness,,,,,,,,,,,,,,,,,,,,
22200207,1610612746,LAC,LA,202331,Paul George,Paul,F,,41:28,7.0,13.0,0.538,1.0,3.0,0.333,8.0,8.0,1.0,0.0,7.0,7.0,6.0,2.0,0.0,10.0,4.0,23.0,2.0
22200207,1610612746,LAC,LA,202694,Marcus Morris Sr.,Marcus,F,,36:34,7.0,11.0,0.636,1.0,5.0,0.2,3.0,4.0,0.75,0.0,3.0,3.0,4.0,2.0,0.0,0.0,1.0,18.0,0.0
22200207,1610612746,LAC,LA,1627826,Ivica Zubac,Ivica,C,,32:38,0.0,2.0,0.0,0.0,0.0,0.0,3.0,4.0,0.75,2.0,5.0,7.0,4.0,0.0,2.0,1.0,5.0,3.0,-9.0
22200207,1610612746,LAC,LA,1628379,Luke Kennard,Luke,G,,2:53,0.0,0.0,0.0,0.0,0.0,0.0,0.0,0.0,0.0,0.0,1.0,1.0,0.0,1.0,0.0,0.0,1.0,0.0,1.0
22200207,1610612746,LAC,LA,202704,Reggie Jackson,Reggie,G,,25:07,3.0,7.0,0.429,0.0,3.0,0.0,0.0,0.0,0.0,0.0,4.0,4.0,2.0,1.0,0.0,2.0,0.0,6.0,6.0
22200207,1610612746,LAC,LA,1626181,Norman Powell,Norman,,,18:16,2.0,10.0,0.2,1.0,5.0,0.2,0.0,0.0,0.0,0.0,2.0,2.0,1.0,0.0,0.0,0.0,1.0,5.0,-11.0
22200207,1610612746,LAC,LA,202322,John Wall,John,,,26:21,6.0,11.0,0.545,1.0,3.0,0.333,4.0,6.0,0.667,0.0,6.0,6.0,4.0,1.0,0.0,3.0,4.0,17.0,11.0
22200207,1610612746,LAC,LA,1629611,Terance Mann,Terance,,,14:30,1.0,1.0,1.0,0.0,0.0,0.0,0.0,0.0,0.0,0.0,3.0,3.0,1.0,0.0,0.0,0.0,2.0,2.0,1.0
22200207,1610612746,LAC,LA,201587,Nicolas Batum,Nicolas,,,26:26,7.0,7.0,1.0,7.0,7.0,1.0,1.0,2.0,0.5,1.0,4.0,5.0,0.0,1.0,0.0,2.0,3.0,22.0,-10.0
22200207,1610612746,LAC,LA,1629599,Amir Coffey,Amir,,,10:21,0.0,0.0,0.0,0.0,0.0,0.0,2.0,2.0,1.0,0.0,0.0,0.0,1.0,0.0,0.0,1.0,5.0,2.0,0.0
22200207,1610612746,LAC,LA,203496,Robert Covington,Robert,,,5:26,1.0,2.0,0.5,1.0,2.0,0.5,0.0,0.0,0.0,0.0,2.0,2.0,0.0,0.0,0.0,2.0,1.0,3.0,-1.0
22200207,1610612746,LAC,LA,1629650,Moses Brown,Moses,,DNP - Coach's Decision,,,,,,,,,,,,,,,,,,,,
22200207,1610612742,DAL,Dallas,203493,Reggie Bullock Jr.,Reggie,F,,30:50,4.0,8.0,0.5,4.0,8.0,0.5,1.0,2.0,0.5,1.0,2.0,3.0,1.0,0.0,0.0,0.0,3.0,13.0,9.0
22200207,1610612742,DAL,Dallas,1627827,Dorian Finney-Smith,Dorian,F,,36:25,7.0,15.0,0.467,7.0,13.0,0.538,0.0,0.0,0.0,1.0,2.0,3.0,0.0,3.0,0.0,0.0,2.0,21.0,4.0
22200207,1610612742,DAL,Dallas,203939,Dwight Powell,Dwight,C,,22:27,1.0,3.0,0.333,0.0,0.0,0.0,1.0,2.0,0.5,2.0,0.0,2.0,5.0,1.0,0.0,1.0,3.0,3.0,13.0
22200207,1610612742,DAL,Dallas,203915,Spencer Dinwiddie,Spencer,G,,40:59,6.0,15.0,0.4,2.0,8.0,0.25,2.0,3.0,0.667,1.0,2.0,3.0,6.0,2.0,0.0,2.0,2.0,16.0,-7.0
22200207,1610612742,DAL,Dallas,1629029,Luka Dončić,Luka,G,,39:43,11.0,22.0,0.5,2.0,5.0,0.4,11.0,11.0,1.0,2.0,9.0,11.0,5.0,3.0,0.0,3.0,3.0,35.0,4.0
22200207,1610612742,DAL,Dallas,203501,Tim Hardaway Jr.,Tim,,,22:29,0.0,7.0,0.0,0.0,5.0,0.0,0.0,0.0,0.0,1.0,2.0,3.0,3.0,3.0,0.0,2.0,2.0,0.0,-11.0
22200207,1610612742,DAL,Dallas,1626174,Christian Wood,Christian,,,23:49,6.0,8.0,0.75,2.0,2.0,1.0,1.0,4.0,0.25,0.0,7.0,7.0,0.0,0.0,0.0,4.0,2.0,15.0,-4.0
22200207,1610612742,DAL,Dallas,1630182,Josh Green,Josh,,,13:40,0.0,1.0,0.0,0.0,1.0,0.0,0.0,2.0,0.0,0.0,1.0,1.0,0.0,0.0,0.0,0.0,1.0,0.0,-3.0
22200207,1610612742,DAL,Dallas,1628467,Maxi Kleber,Maxi,,,9:38,0.0,1.0,0.0,0.0,1.0,0.0,0.0,0.0,0.0,0.0,1.0,1.0,0.0,0.0,1.0,0.0,2.0,0.0,5.0
22200207,1610612742,DAL,Dallas,1630267,Facundo Campazzo,Facundo,,DNP - Coach's Decision,,,,,,,,,,,,,,,,,,,,
22200207,1610612742,DAL,Dallas,1628373,Frank Ntilikina,Frank,,DNP - Coach's Decision,,,,,,,,,,,,,,,,,,,,
22200207,1610612742,DAL,Dallas,1629033,Theo Pinson,Theo,,DNP - Coach's Decision,,,,,,,,,,,,,,,,,,,,
22200200,1610612766,CHA,Charlotte,1626162,Kelly Oubre Jr.,Kelly,F,,33:49,5.0,18.0,0.278,0.0,6.0,0.0,6.0,8.0,0.75,3.0,2.0,5.0,0.0,6.0,0.0,1.0,4.0,16.0,17.0
22200200,1610612766,CHA,Charlotte,1629023,P.J. Washington,P.J.,F,,36:13,6.0,13.0,0.462,0.0,3.0,0.0,2.0,2.0,1.0,3.0,3.0,6.0,5.0,1.0,0.0,0.0,1.0,14.0,-2.0
22200200,1610612766,CHA,Charlotte,203486,Mason Plumlee,Mason,C,,31:28,8.0,9.0,0.889,0.0,0.0,0.0,2.0,2.0,1.0,4.0,6.0,10.0,2.0,3.0,1.0,2.0,5.0,18.0,10.0
22200200,1610612766,CHA,Charlotte,1626179,Terry Rozier,Terry,G,,33:49,7.0,15.0,0.467,1.0,8.0,0.125,2.0,2.0,1.0,1.0,2.0,3.0,2.0,2.0,0.0,1.0,2.0,17.0,17.0
22200200,1610612766,CHA,Charlotte,1630163,LaMelo Ball,LaMelo,G,,33:40,6.0,19.0,0.316,4.0,15.0,0.267,1.0,1.0,1.0,0.0,4.0,4.0,9.0,0.0,1.0,5.0,2.0,17.0,-2.0
22200200,1610612766,CHA,Charlotte,1630177,Theo Maledon,Theo,,,24:47,4.0,4.0,1.0,2.0,2.0,1.0,4.0,5.0,0.8,0.0,3.0,3.0,3.0,2.0,0.0,1.0,4.0,14.0,0.0
22200200,1610612766,CHA,Charlotte,1629667,Jalen McDaniels,Jalen,,,25:58,4.0,7.0,0.571,0.0,1.0,0.0,2.0,2.0,1.0,1.0,3.0,4.0,0.0,1.0,2.0,1.0,2.0,10.0,-1.0
22200200,1610612766,CHA,Charlotte,1630208,Nick Richards,Nick,,,14:34,2.0,2.0,1.0,0.0,0.0,0.0,2.0,2.0,1.0,2.0,0.0,2.0,1.0,0.0,2.0,1.0,3.0,6.0,-4.0
22200200,1610612766,CHA,Charlotte,1630547,James Bouknight,James,,,3:44,0.0,1.0,0.0,0.0,0.0,0.0,0.0,0.0,0.0,0.0,0.0,0.0,0.0,0.0,0.0,0.0,0.0,0.0,-1.0
22200200,1610612766,CHA,Charlotte,1630539,Kai Jones,Kai,,,1:58,0.0,0.0,0.0,0.0,0.0,0.0,0.0,0.0,0.0,0.0,0.0,0.0,0.0,0.0,1.0,0.0,0.0,0.0,1.0
22200200,1610612766,CHA,Charlotte,1630550,JT Thor,JT,,DNP - Coach's Decision,,,,,,,,,,,,,,,,,,,,
22200200,1610612753,ORL,Orlando,1629643,Chuma Okeke,Chuma,F,,33:07,4.0,10.0,0.4,2.0,6.0,0.333,0.0,0.0,0.0,2.0,1.0,3.0,0.0,1.0,1.0,0.0,2.0,10.0,-13.0
22200200,1610612753,ORL,Orlando,1629626,Bol Bol,Bol,F,,30:42,5.0,13.0,0.385,2.0,6.0,0.333,2.0,2.0,1.0,3.0,6.0,9.0,2.0,0.0,2.0,6.0,1.0,14.0,-14.0
22200200,1610612753,ORL,Orlando,1628976,Wendell Carter Jr.,Wendell,C,,31:51,5.0,8.0,0.625,3.0,4.0,0.75,7.0,10.0,0.7,3.0,2.0,5.0,4.0,0.0,2.0,1.0,1.0,20.0,-12.0
22200200,1610612753,ORL,Orlando,1630532,Franz Wagner,Franz,G,,33:35,9.0,17.0,0.529,1.0,1.0,1.0,4.0,4.0,1.0,1.0,5.0,6.0,3.0,0.0,0.0,3.0,2.0,23.0,-11.0
22200200,1610612753,ORL,Orlando,1630591,Jalen Suggs,Jalen,G,,30:05,1.0,10.0,0.1,0.0,3.0,0.0,0.0,0.0,0.0,1.0,4.0,5.0,7.0,1.0,1.0,5.0,6.0,2.0,-13.0
22200200,1610612753,ORL,Orlando,1628964,Mo Bamba,Mo,,,21:55,5.0,10.0,0.5,1.0,2.0,0.5,3.0,4.0,0.75,7.0,3.0,10.0,1.0,0.0,1.0,2.0,2.0,14.0,7.0
22200200,1610612753,ORL,Orlando,203082,Terrence Ross,Terrence,,,21:59,1.0,6.0,0.167,1.0,4.0,0.25,0.0,0.0,0.0,1.0,2.0,3.0,4.0,0.0,0.0,4.0,2.0,3.0,4.0
22200200,1610612753,ORL,Orlando,1631216,Caleb Houstan,Caleb,,,15:20,2.0,5.0,0.4,2.0,5.0,0.4,0.0,0.0,0.0,2.0,2.0,4.0,1.0,0.0,0.0,0.0,1.0,6.0,8.0
22200200,1610612753,ORL,Orlando,1630284,Kevon Harris,Kevon,,,11:05,1.0,2.0,0.5,1.0,1.0,1.0,0.0,0.0,0.0,2.0,1.0,3.0,0.0,0.0,0.0,0.0,1.0,3.0,3.0
22200200,1610612753,ORL,Orlando,1630181,R.J. Hampton,R.J.,,,10:21,3.0,7.0,0.429,1.0,4.0,0.25,3.0,3.0,1.0,0.0,0.0,0.0,1.0,1.0,0.0,1.0,0.0,10.0,6.0
22200200,1610612753,ORL,Orlando,1629678,Admiral Schofield,Admiral,,DNP - Coach's Decision,,,,,,,,,,,,,,,,,,,,
22200204,1610612737,ATL,Atlanta,1629631,De'Andre Hunter,De'Andre,F,,35:11,6.0,15.0,0.4,2.0,3.0,0.667,10.0,10.0,1.0,0.0,3.0,3.0,2.0,0.0,0.0,1.0,3.0,24.0,10.0
22200204,1610612737,ATL,Atlanta,1628381,John Collins,John,F,,33:28,6.0,15.0,0.4,1.0,5.0,0.2,3.0,3.0,1.0,4.0,5.0,9.0,0.0,1.0,1.0,1.0,4.0,16.0,13.0
22200204,1610612737,ATL,Atlanta,203991,Clint Capela,Clint,C,,29:60,9.0,11.0,0.818,0.0,0.0,0.0,1.0,4.0,0.25,7.0,3.0,10.0,2.0,0.0,2.0,1.0,2.0,19.0,14.0
22200204,1610612737,ATL,Atlanta,1627749,Dejounte Murray,Dejounte,G,,36:01,6.0,14.0,0.429,1.0,4.0,0.25,6.0,7.0,0.857,0.0,8.0,8.0,5.0,0.0,0.0,1.0,2.0,19.0,6.0
22200204,1610612737,ATL,Atlanta,1629027,Trae Young,Trae,G,,33:46,7.0,19.0,0.368,2.0,5.0,0.4,5.0,5.0,1.0,0.0,3.0,3.0,9.0,1.0,0.0,2.0,0.0,21.0,10.0
22200204,1610612737,ATL,Atlanta,1628988,Aaron Holiday,Aaron,,,20:12,2.0,5.0,0.4,0.0,1.0,0.0,0.0,0.0,0.0,0.0,3.0,3.0,2.0,1.0,0.0,0.0,3.0,4.0,18.0
22200204,1610612737,ATL,Atlanta,1630168,Onyeka Okongwu,Onyeka,,,17:08,3.0,5.0,0.6,0.0,0.0,0.0,0.0,0.0,0.0,1.0,4.0,5.0,1.0,0.0,1.0,0.0,5.0,6.0,0.0
22200204,1610612737,ATL,Atlanta,1631100,AJ Griffin,AJ,,,17:06,3.0,6.0,0.5,1.0,2.0,0.5,0.0,0.0,0.0,1.0,1.0,2.0,1.0,0.0,0.0,2.0,1.0,7.0,-1.0
22200204,1610612737,ATL,Atlanta,1630552,Jalen Johnson,Jalen,,,14:32,2.0,2.0,1.0,0.0,0.0,0.0,1.0,1.0,1.0,0.0,2.0,2.0,1.0,1.0,0.0,1.0,3.0,5.0,2.0
22200204,1610612737,ATL,Atlanta,1629633,Jarrett Culver,Jarrett,,,0:52,0.0,0.0,0.0,0.0,0.0,0.0,0.0,0.0,0.0,0.0,0.0,0.0,0.0,0.0,0.0,0.0,0.0,0.0,1.0
22200204,1610612737,ATL,Atlanta,1631213,Tyrese Martin,Tyrese,,,0:52,0.0,0.0,0.0,0.0,0.0,0.0,0.0,0.0,0.0,0.0,0.0,0.0,0.0,0.0,0.0,0.0,0.0,0.0,1.0
22200204,1610612737,ATL,Atlanta,1630249,Vít Krejčí,Vít,,,0:52,0.0,0.0,0.0,0.0,0.0,0.0,0.0,0.0,0.0,0.0,0.0,0.0,0.0,0.0,0.0,0.0,0.0,0.0,1.0
22200204,1610612737,ATL,Atlanta,203200,Justin Holiday,Justin,,DNP - Coach's Decision,,,,,,,,,,,,,,,,,,,,
22200204,1610612737,ATL,Atlanta,1626163,Frank Kaminsky,Frank,,DNP - Coach's Decision,,,,,,,,,,,,,,,,,,,,
22200204,1610612749,MIL,Milwaukee,1630699,MarJon Beauchamp,MarJon,F,,34:11,7.0,9.0,0.778,3.0,4.0,0.75,3.0,3.0,1.0,2.0,6.0,8.0,1.0,0.0,1.0,2.0,2.0,20.0,-14.0
22200204,1610612749,MIL,Milwaukee,203507,Giannis Antetokounmpo,Giannis,F,,30:55,8.0,21.0,0.381,0.0,3.0,0.0,11.0,18.0,0.611,1.0,7.0,8.0,4.0,1.0,0.0,8.0,6.0,27.0,-13.0
22200204,1610612749,MIL,Milwaukee,201572,Brook Lopez,Brook,C,,33:06,3.0,8.0,0.375,0.0,4.0,0.0,6.0,7.0,0.857,1.0,4.0,5.0,1.0,0.0,0.0,1.0,2.0,12.0,-3.0
22200204,1610612749,MIL,Milwaukee,1628960,Grayson Allen,Grayson,G,,9:37,0.0,2.0,0.0,0.0,0.0,0.0,2.0,2.0,1.0,1.0,0.0,1.0,0.0,1.0,0.0,0.0,0.0,2.0,-6.0
22200204,1610612749,MIL,Milwaukee,1628975,Jevon Carter,Jevon,G,,33:25,4.0,11.0,0.364,0.0,3.0,0.0,4.0,4.0,1.0,3.0,0.0,3.0,6.0,2.0,1.0,1.0,4.0,12.0,-8.0
22200204,1610612749,MIL,Milwaukee,201588,George Hill,George,,,25:53,0.0,1.0,0.0,0.0,0.0,0.0,2.0,2.0,1.0,0.0,3.0,3.0,3.0,0.0,1.0,2.0,0.0,2.0,-3.0
22200204,1610612749,MIL,Milwaukee,1629670,Jordan Nwora,Jordan,,,21:19,3.0,8.0,0.375,2.0,6.0,0.333,2.0,2.0,1.0,0.0,5.0,5.0,3.0,0.0,0.0,0.0,4.0,10.0,-8.0
22200204,1610612749,MIL,Milwaukee,1626171,Bobby Portis,Bobby,,,22:59,6.0,15.0,0.4,0.0,5.0,0.0,2.0,3.0,0.667,3.0,7.0,10.0,2.0,0.0,0.0,1.0,5.0,14.0,0.0
22200204,1610612749,MIL,Milwaukee,201586,Serge Ibaka,Serge,,,13:18,2.0,3.0,0.667,1.0,2.0,0.5,0.0,0.0,0.0,0.0,3.0,3.0,0.0,0.0,0.0,0.0,2.0,5.0,-8.0
22200204,1610612749,MIL,Milwaukee,202083,Wesley Matthews,Wesley,,,12:07,0.0,3.0,0.0,0.0,2.0,0.0,0.0,0.0,0.0,0.0,0.0,0.0,0.0,0.0,0.0,0.0,1.0,0.0,-12.0
22200204,1610612749,MIL,Milwaukee,203648,Thanasis Antetokounmpo,Thanasis,,,1:35,0.0,0.0,0.0,0.0,0.0,0.0,0.0,0.0,0.0,0.0,0.0,0.0,0.0,0.0,0.0,0.0,0.0,0.0,0.0
22200204,1610612749,MIL,Milwaukee,1630572,Sandro Mamukelashvili,Sandro,,,1:35,1.0,1.0,1.0,0.0,0.0,0.0,0.0,0.0,0.0,0.0,0.0,0.0,1.0,0.0,0.0,0.0,0.0,2.0,0.0
22200205,1610612759,SAS,San Antonio,1629640,Keldon Johnson,Keldon,F,,18:35,5.0,15.0,0.333,3.0,9.0,0.333,2.0,2.0,1.0,0.0,1.0,1.0,1.0,0.0,0.0,1.0,0.0,15.0,-18.0
22200205,1610612759,SAS,San Antonio,1631110,Jeremy Sochan,Jeremy,F,,24:36,5.0,13.0,0.385,0.0,3.0,0.0,2.0,3.0,0.667,2.0,5.0,7.0,0.0,1.0,0.0,3.0,4.0,12.0,-34.0
22200205,1610612759,SAS,San Antonio,1627751,Jakob Poeltl,Jakob,C,,20:20,3.0,6.0,0.5,0.0,0.0,0.0,0.0,0.0,0.0,4.0,6.0,10.0,1.0,0.0,1.0,4.0,3.0,6.0,-16.0
22200205,1610612759,SAS,San Antonio,1628966,Keita Bates-Diop,Keita,G,,30:39,5.0,12.0,0.417,2.0,4.0,0.5,0.0,0.0,0.0,6.0,3.0,9.0,2.0,2.0,0.0,0.0,0.0,12.0,-8.0
22200205,1610612759,SAS,San Antonio,1630170,Devin Vassell,Devin,G,,25:05,3.0,11.0,0.273,0.0,4.0,0.0,0.0,0.0,0.0,0.0,4.0,4.0,1.0,0.0,1.0,1.0,1.0,6.0,-32.0
22200205,1610612759,SAS,San Antonio,1626196,Josh Richardson,Josh,,,25:10,3.0,12.0,0.25,1.0,6.0,0.167,3.0,4.0,0.75,1.0,4.0,5.0,3.0,1.0,0.0,1.0,2.0,10.0,-3.0
22200205,1610612759,SAS,San Antonio,203926,Doug McDermott,Doug,,,22:36,2.0,6.0,0.333,2.0,5.0,0.4,1.0,2.0,0.5,0.0,0.0,0.0,0.0,1.0,1.0,2.0,0.0,7.0,-22.0
22200205,1610612759,SAS,San Antonio,1629646,Charles Bassey,Charles,,,23:49,3.0,5.0,0.6,0.0,0.0,0.0,0.0,0.0,0.0,6.0,1.0,7.0,3.0,0.0,2.0,3.0,2.0,6.0,-27.0
22200205,1610612759,SAS,San Antonio,1629676,Isaiah Roby,Isaiah,,,24:09,3.0,9.0,0.333,1.0,4.0,0.25,2.0,4.0,0.5,0.0,4.0,4.0,3.0,0.0,1.0,1.0,2.0,9.0,-17.0
22200205,1610612759,SAS,San Antonio,1631160,Jordan Hall,Jordan,,,16:03,3.0,7.0,0.429,0.0,2.0,0.0,0.0,0.0,0.0,1.0,2.0,3.0,3.0,1.0,0.0,2.0,3.0,6.0,-9.0
22200205,1610612759,SAS,San Antonio,203476,Gorgui Dieng,Gorgui,,,8:58,1.0,4.0,0.25,1.0,3.0,0.333,3.0,4.0,0.75,2.0,1.0,3.0,1.0,0.0,0.0,0.0,0.0,6.0,1.0
22200205,1610612744,GSW,Golden State,203952,Andrew Wiggins,Andrew,F,,23:20,4.0,10.0,0.4,2.0,5.0,0.4,0.0,0.0,0.0,1.0,3.0,4.0,1.0,1.0,0.0,2.0,1.0,10.0,13.0
22200205,1610612744,GSW,Golden State,203110,Draymond Green,Draymond,F,,25:30,1.0,6.0,0.167,0.0,2.0,0.0,2.0,2.0,1.0,1.0,6.0,7.0,6.0,1.0,0.0,1.0,2.0,4.0,13.0
22200205,1610612744,GSW,Golden State,1626172,Kevon Looney,Kevon,C,,17:33,1.0,3.0,0.333,0.0,0.0,0.0,0.0,0.0,0.0,1.0,3.0,4.0,4.0,1.0,0.0,0.0,0.0,2.0,17.0
22200205,1610612744,GSW,Golden State,1629673,Jordan Poole,Jordan,G,,29:09,13.0,20.0,0.65,5.0,10.0,0.5,5.0,6.0,0.833,0.0,2.0,2.0,2.0,3.0,1.0,0.0,1.0,36.0,33.0
22200205,1610612744,GSW,Golden State,201939,Stephen Curry,Stephen,G,,27:01,5.0,11.0,0.455,3.0,7.0,0.429,3.0,3.0,1.0,1.0,4.0,5.0,5.0,1.0,0.0,1.0,1.0,16.0,17.0
22200205,1610612744,GSW,Golden State,203210,JaMychal Green,JaMychal,,,15:26,3.0,5.0,0.6,1.0,3.0,0.333,2.0,2.0,1.0,0.0,5.0,5.0,2.0,0.0,2.0,1.0,3.0,9.0,18.0
22200205,1610612744,GSW,Golden State,1630541,Moses Moody,Moses,,,26:44,4.0,9.0,0.444,2.0,5.0,0.4,1.0,1.0,1.0,0.0,2.0,2.0,4.0,1.0,0.0,0.0,0.0,11.0,14.0
22200205,1610612744,GSW,Golden State,1630228,Jonathan Kuminga,Jonathan,,,24:40,5.0,8.0,0.625,3.0,4.0,0.75,2.0,2.0,1.0,0.0,3.0,3.0,2.0,0.0,0.0,1.0,2.0,15.0,24.0
22200205,1610612744,GSW,Golden State,1630237,Anthony Lamb,Anthony,,,24:10,6.0,7.0,0.857,5.0,6.0,0.833,0.0,0.0,0.0,0.0,4.0,4.0,4.0,0.0,0.0,1.0,2.0,17.0,26.0
22200205,1610612744,GSW,Golden State,1628978,Donte DiVincenzo,Donte,,,9:10,2.0,3.0,0.667,1.0,2.0,0.5,0.0,0.0,0.0,0.0,0.0,0.0,2.0,1.0,0.0,3.0,3.0,5.0,10.0
22200205,1610612744,GSW,Golden State,1630164,James Wiseman,James,,,9:14,1.0,3.0,0.333,0.0,0.0,0.0,0.0,0.0,0.0,1.0,1.0,2.0,2.0,0.0,0.0,0.0,0.0,2.0,-4.0
22200205,1610612744,GSW,Golden State,1631157,Ryan Rollins,Ryan,,,8:04,2.0,3.0,0.667,1.0,1.0,1.0,0.0,0.0,0.0,0.0,2.0,2.0,1.0,0.0,0.0,2.0,2.0,5.0,4.0
22200322,1610612746,LAC,LA,1629611,Terance Mann,Terance,F,,26:56,2.0,5.0,0.4,1.0,2.0,0.5,0.0,2.0,0.0,1.0,0.0,1.0,1.0,3.0,0.0,1.0,3.0,5.0,-23.0
22200322,1610612746,LAC,LA,202694,Marcus Morris Sr.,Marcus,F,,23:15,3.0,11.0,0.273,1.0,2.0,0.5,3.0,5.0,0.6,1.0,4.0,5.0,1.0,1.0,2.0,1.0,1.0,10.0,-22.0
22200322,1610612746,LAC,LA,1627826,Ivica Zubac,Ivica,C,,30:25,5.0,7.0,0.714,0.0,0.0,0.0,2.0,2.0,1.0,2.0,5.0,7.0,0.0,0.0,1.0,2.0,3.0,12.0,-18.0
22200322,1610612746,LAC,LA,1629599,Amir Coffey,Amir,G,,19:27,1.0,4.0,0.25,1.0,3.0,0.333,2.0,2.0,1.0,0.0,1.0,1.0,1.0,0.0,1.0,1.0,2.0,5.0,-16.0
22200322,1610612746,LAC,LA,202704,Reggie Jackson,Reggie,G,,24:47,5.0,10.0,0.5,2.0,6.0,0.333,3.0,4.0,0.75,0.0,1.0,1.0,3.0,2.0,0.0,2.0,4.0,15.0,-7.0
22200322,1610612746,LAC,LA,202322,John Wall,John,,,25:16,7.0,19.0,0.368,0.0,5.0,0.0,12.0,13.0,0.923,0.0,2.0,2.0,5.0,0.0,0.0,2.0,1.0,26.0,-9.0
22200322,1610612746,LAC,LA,201587,Nicolas Batum,Nicolas,,,21:37,2.0,4.0,0.5,2.0,3.0,0.667,2.0,3.0,0.667,1.0,1.0,2.0,1.0,0.0,1.0,0.0,3.0,8.0,5.0
22200322,1610612746,LAC,LA,203496,Robert Covington,Robert,,,23:08,3.0,9.0,0.333,2.0,7.0,0.286,0.0,0.0,0.0,3.0,3.0,6.0,2.0,1.0,0.0,0.0,3.0,8.0,6.0
22200322,1610612746,LAC,LA,1630527,Brandon Boston,Brandon,,,22:11,4.0,12.0,0.333,1.0,2.0,0.5,1.0,2.0,0.5,1.0,1.0,2.0,1.0,1.0,0.0,1.0,1.0,10.0,10.0
22200322,1610612746,LAC,LA,1631217,Moussa Diabaté,Moussa,,,16:00,4.0,8.0,0.5,0.0,0.0,0.0,3.0,3.0,1.0,6.0,2.0,8.0,0.0,0.0,0.0,0.0,2.0,11.0,7.0
22200322,1610612746,LAC,LA,1630554,Jason Preston,Jason,,,3:29,1.0,2.0,0.5,0.0,0.0,0.0,0.0,0.0,0.0,1.0,0.0,1.0,1.0,0.0,0.0,0.0,0.0,2.0,1.0
22200322,1610612746,LAC,LA,1629650,Moses Brown,Moses,,,3:29,0.0,2.0,0.0,0.0,0.0,0.0,0.0,0.0,0.0,1.0,2.0,3.0,0.0,1.0,0.0,0.0,0.0,0.0,1.0
22200322,1610612762,UTA,Utah,1628374,Lauri Markkanen,Lauri,F,,36:21,7.0,11.0,0.636,4.0,7.0,0.571,5.0,5.0,1.0,1.0,8.0,9.0,2.0,0.0,0.0,1.0,3.0,23.0,6.0
22200322,1610612762,UTA,Utah,203482,Kelly Olynyk,Kelly,F,,36:03,4.0,7.0,0.571,1.0,2.0,0.5,3.0,4.0,0.75,1.0,6.0,7.0,3.0,1.0,3.0,2.0,5.0,12.0,19.0
22200322,1610612762,UTA,Utah,1629020,Jarred Vanderbilt,Jarred,C,,24:36,7.0,10.0,0.7,0.0,1.0,0.0,0.0,0.0,0.0,6.0,6.0,12.0,2.0,2.0,0.0,1.0,1.0,14.0,5.0
22200322,1610612762,UTA,Utah,203903,Jordan Clarkson,Jordan,G,,39:48,10.0,18.0,0.556,5.0,9.0,0.556,8.0,11.0,0.727,0.0,4.0,4.0,5.0,0.0,0.0,3.0,5.0,33.0,19.0
22200322,1610612762,UTA,Utah,1629012,Collin Sexton,Collin,G,,30:30,8.0,13.0,0.615,1.0,2.0,0.5,4.0,5.0,0.8,3.0,3.0,6.0,6.0,0.0,0.0,7.0,1.0,21.0,19.0
22200322,1610612762,UTA,Utah,1631117,Walker Kessler,Walker,,,21:52,2.0,3.0,0.667,0.0,0.0,0.0,1.0,3.0,0.333,0.0,4.0,4.0,0.0,0.0,4.0,1.0,3.0,5.0,8.0
22200322,1610612762,UTA,Utah,1627736,Malik Beasley,Malik,,,18:47,1.0,9.0,0.111,1.0,7.0,0.143,0.0,0.0,0.0,1.0,1.0,2.0,3.0,1.0,0.0,1.0,3.0,3.0,6.0
22200322,1610612762,UTA,Utah,1629638,Nickeil Alexander-Walker,Nickeil,,,15:28,5.0,7.0,0.714,1.0,2.0,0.5,0.0,0.0,0.0,0.0,1.0,1.0,0.0,0.0,0.0,1.0,2.0,11.0,-1.0
22200322,1610612762,UTA,Utah,1631323,Simone Fontecchio,Simone,,,11:02,1.0,3.0,0.333,1.0,2.0,0.5,0.0,0.0,0.0,1.0,0.0,1.0,1.0,0.0,0.0,0.0,0.0,3.0,-10.0
22200322,1610612762,UTA,Utah,1630195,Leandro Bolmaro,Leandro,,,1:51,0.0,0.0,0.0,0.0,0.0,0.0,0.0,0.0,0.0,0.0,0.0,0.0,1.0,0.0,0.0,1.0,0.0,0.0,-2.0
22200322,1610612762,UTA,Utah,1628962,Udoka Azubuike,Udoka,,,1:51,0.0,0.0,0.0,0.0,0.0,0.0,0.0,0.0,0.0,0.0,0.0,0.0,1.0,0.0,0.0,0.0,0.0,0.0,-2.0
22200322,1610612762,UTA,Utah,1630534,Ochai Agbaji,Ochai,,,1:51,0.0,0.0,0.0,0.0,0.0,0.0,0.0,0.0,0.0,0.0,0.0,0.0,0.0,0.0,0.0,0.0,1.0,0.0,-2.0
22200322,1610612762,UTA,Utah,1629659,Talen Horton-Tucker,Talen,,DNP - Coach's Decision,,,,,,,,,,,,,,,,,,,,
22200296,1610612763,MEM,Memphis,1628415,Dillon Brooks,Dillon,F,,32:33,8.0,16.0,0.5,3.0,7.0,0.429,4.0,5.0,0.8,0.0,5.0,5.0,4.0,0.0,0.0,2.0,6.0,23.0,-6.0
22200296,1610612763,MEM,Memphis,1628991,Jaren Jackson Jr.,Jaren,F,,30:18,8.0,19.0,0.421,3.0,8.0,0.375,2.0,2.0,1.0,2.0,3.0,5.0,0.0,1.0,0.0,0.0,2.0,21.0,0.0
22200296,1610612763,MEM,Memphis,203500,Steven Adams,Steven,C,,31:20,6.0,9.0,0.667,0.0,0.0,0.0,4.0,9.0,0.444,7.0,3.0,10.0,2.0,0.0,1.0,0.0,1.0,16.0,2.0
22200296,1610612763,MEM,Memphis,1629723,John Konchar,John,G,,29:10,4.0,6.0,0.667,1.0,2.0,0.5,1.0,1.0,1.0,1.0,7.0,8.0,2.0,0.0,0.0,0.0,3.0,10.0,6.0
22200296,1610612763,MEM,Memphis,1629630,Ja Morant,Ja,G,,35:15,9.0,20.0,0.45,0.0,3.0,0.0,9.0,11.0,0.818,1.0,9.0,10.0,14.0,1.0,0.0,4.0,3.0,27.0,6.0
22200296,1610612763,MEM,Memphis,1630583,Santi Aldama,Santi,,,17:42,3.0,7.0,0.429,1.0,3.0,0.333,0.0,0.0,0.0,1.0,3.0,4.0,1.0,0.0,0.0,1.0,3.0,7.0,4.0
22200296,1610612763,MEM,Memphis,1626145,Tyus Jones,Tyus,,,19:02,1.0,5.0,0.2,0.0,3.0,0.0,0.0,0.0,0.0,0.0,2.0,2.0,7.0,0.0,0.0,0.0,0.0,2.0,0.0
22200296,1610612763,MEM,Memphis,1631223,David Roddy,David,,,12:33,2.0,4.0,0.5,2.0,4.0,0.5,0.0,0.0,0.0,1.0,0.0,1.0,0.0,0.0,0.0,0.0,2.0,6.0,6.0
22200296,1610612763,MEM,Memphis,1629634,Brandon Clarke,Brandon,,,16:48,3.0,7.0,0.429,0.0,0.0,0.0,3.0,3.0,1.0,2.0,2.0,4.0,0.0,1.0,1.0,1.0,2.0,9.0,3.0
22200296,1610612763,MEM,Memphis,1631222,Jake LaRavia,Jake,,,15:20,2.0,2.0,1.0,2.0,2.0,1.0,0.0,0.0,0.0,1.0,0.0,1.0,2.0,1.0,0.0,2.0,1.0,6.0,-1.0
22200296,1610612763,MEM,Memphis,1631113,Kennedy Chandler,Kennedy,,DNP - Coach's Decision,,,,,,,,,,,,,,,,,,,,
22200296,1610612763,MEM,Memphis,1631254,Kenneth Lofton Jr.,Kenneth,,DNP - Coach's Decision,,,,,,,,,,,,,,,,,,,,
22200296,1610612763,MEM,Memphis,1630214,Xavier Tillman,Xavier,,DNP - Coach's Decision,,,,,,,,,,,,,,,,,,,,
22200296,1610612752,NYK,New York,1629628,RJ Barrett,RJ,F,,35:44,9.0,17.0,0.529,2.0,6.0,0.333,2.0,2.0,1.0,1.0,6.0,7.0,4.0,0.0,0.0,2.0,1.0,22.0,-5.0
22200296,1610612752,NYK,New York,203944,Julius Randle,Julius,F,,34:36,4.0,9.0,0.444,1.0,5.0,0.2,5.0,6.0,0.833,2.0,8.0,10.0,9.0,0.0,0.0,1.0,4.0,14.0,-2.0
22200296,1610612752,NYK,New York,1629011,Mitchell Robinson,Mitchell,C,,31:33,6.0,7.0,0.857,0.0,0.0,0.0,4.0,7.0,0.571,4.0,3.0,7.0,0.0,0.0,5.0,0.0,4.0,16.0,3.0
22200296,1610612752,NYK,New York,1628973,Jalen Brunson,Jalen,G,,35:35,8.0,20.0,0.4,3.0,5.0,0.6,11.0,12.0,0.917,1.0,4.0,5.0,9.0,1.0,0.0,2.0,5.0,30.0,-1.0
22200296,1610612752,NYK,New York,1629656,Quentin Grimes,Quentin,G,,26:23,2.0,7.0,0.286,1.0,4.0,0.25,0.0,0.0,0.0,0.0,2.0,2.0,4.0,1.0,0.0,1.0,4.0,5.0,-9.0
22200296,1610612752,NYK,New York,201565,Derrick Rose,Derrick,,,11:41,3.0,7.0,0.429,0.0,2.0,0.0,0.0,0.0,0.0,0.0,1.0,1.0,0.0,0.0,0.0,0.0,2.0,6.0,-3.0
22200296,1610612752,NYK,New York,1630193,Immanuel Quickley,Immanuel,,,10:14,2.0,3.0,0.667,1.0,1.0,1.0,1.0,1.0,1.0,1.0,2.0,3.0,2.0,0.0,0.0,0.0,0.0,6.0,-1.0
22200296,1610612752,NYK,New York,1628392,Isaiah Hartenstein,Isaiah,,,15:03,2.0,3.0,0.667,0.0,1.0,0.0,0.0,0.0,0.0,2.0,2.0,4.0,0.0,0.0,1.0,1.0,2.0,4.0,-3.0
22200296,1610612752,NYK,New York,1629629,Cam Reddish,Cam,,,23:51,4.0,6.0,0.667,1.0,2.0,0.5,2.0,2.0,1.0,0.0,0.0,0.0,2.0,1.0,0.0,0.0,3.0,11.0,4.0
22200296,1610612752,NYK,New York,1630167,Obi Toppin,Obi,,,14:36,4.0,8.0,0.5,1.0,4.0,0.25,0.0,0.0,0.0,1.0,2.0,3.0,0.0,0.0,1.0,1.0,1.0,9.0,-3.0
22200296,1610612752,NYK,New York,1630540,Miles McBride,Miles,,,0:44,0.0,0.0,0.0,0.0,0.0,0.0,0.0,0.0,0.0,0.0,0.0,0.0,0.0,0.0,0.0,0.0,1.0,0.0,0.0
22200296,1610612752,NYK,New York,1627853,Ryan Arcidiacono,Ryan,,DNP - Coach's Decision,,,,,,,,,,,,,,,,,,,,
22200296,1610612752,NYK,New York,203095,Evan Fournier,Evan,,DNP - Coach's Decision,,,,,,,,,,,,,,,,,,,,
22200296,1610612752,NYK,New York,1629004,Svi Mykhailiuk,Svi,,DNP - Coach's Decision,,,,,,,,,,,,,,,,,,,,
22200296,1610612752,NYK,New York,1630579,Jericho Sims,Jericho,,DNP - Coach's Decision,,,,,,,,,,,,,,,,,,,,
22200203,1610612746,LAC,LA,202331,Paul George,Paul,F,,29:05,7.0,18.0,0.389,2.0,7.0,0.286,6.0,8.0,0.75,1.0,7.0,8.0,5.0,2.0,0.0,1.0,2.0,22.0,8.0
22200203,1610612746,LAC,LA,202694,Marcus Morris Sr.,Marcus,F,,24:57,6.0,9.0,0.667,3.0,4.0,0.75,0.0,0.0,0.0,0.0,5.0,5.0,2.0,0.0,0.0,1.0,3.0,15.0,10.0
22200203,1610612746,LAC,LA,1627826,Ivica Zubac,Ivica,C,,26:27,3.0,5.0,0.6,0.0,0.0,0.0,3.0,3.0,1.0,3.0,4.0,7.0,1.0,0.0,1.0,2.0,2.0,9.0,8.0
22200203,1610612746,LAC,LA,1628379,Luke Kennard,Luke,G,,27:34,3.0,6.0,0.5,2.0,4.0,0.5,0.0,0.0,0.0,0.0,1.0,1.0,1.0,1.0,0.0,2.0,1.0,8.0,7.0
22200203,1610612746,LAC,LA,202704,Reggie Jackson,Reggie,G,,22:48,7.0,11.0,0.636,3.0,7.0,0.429,0.0,0.0,0.0,0.0,2.0,2.0,6.0,0.0,0.0,3.0,4.0,17.0,7.0
22200203,1610612746,LAC,LA,201587,Nicolas Batum,Nicolas,,,19:23,4.0,7.0,0.571,2.0,5.0,0.4,0.0,2.0,0.0,1.0,5.0,6.0,0.0,1.0,1.0,1.0,3.0,10.0,10.0
22200203,1610612746,LAC,LA,1626181,Norman Powell,Norman,,,23:02,4.0,10.0,0.4,1.0,6.0,0.167,8.0,9.0,0.889,0.0,3.0,3.0,3.0,2.0,0.0,3.0,2.0,17.0,13.0
22200203,1610612746,LAC,LA,1629611,Terance Mann,Terance,,,24:10,4.0,7.0,0.571,0.0,2.0,0.0,6.0,7.0,0.857,0.0,4.0,4.0,4.0,0.0,0.0,1.0,2.0,14.0,6.0
22200203,1610612746,LAC,LA,203496,Robert Covington,Robert,,,18:34,1.0,4.0,0.25,1.0,3.0,0.333,1.0,2.0,0.5,1.0,3.0,4.0,1.0,0.0,1.0,1.0,3.0,4.0,6.0
22200203,1610612746,LAC,LA,1629599,Amir Coffey,Amir,,,18:55,0.0,2.0,0.0,0.0,0.0,0.0,0.0,0.0,0.0,1.0,0.0,1.0,2.0,0.0,0.0,1.0,1.0,0.0,8.0
22200203,1610612746,LAC,LA,1629650,Moses Brown,Moses,,,5:05,2.0,2.0,1.0,0.0,0.0,0.0,2.0,2.0,1.0,2.0,1.0,3.0,0.0,0.0,1.0,0.0,0.0,6.0,-3.0
22200203,1610612746,LAC,LA,202322,John Wall,John,,DND - Injury/Illness,,,,,,,,,,,,,,,,,,,,
22200203,1610612745,HOU,Houston,201569,Eric Gordon,Eric,F,,25:31,1.0,4.0,0.25,0.0,1.0,0.0,2.0,2.0,1.0,0.0,1.0,1.0,0.0,0.0,0.0,1.0,1.0,4.0,-8.0
22200203,1610612745,HOU,Houston,1631095,Jabari Smith Jr.,Jabari,F,,28:31,2.0,6.0,0.333,2.0,4.0,0.5,1.0,2.0,0.5,1.0,5.0,6.0,1.0,3.0,0.0,0.0,3.0,7.0,-14.0
22200203,1610612745,HOU,Houston,1630578,Alperen Sengun,Alperen,C,,29:30,6.0,11.0,0.545,0.0,2.0,0.0,4.0,6.0,0.667,1.0,3.0,4.0,1.0,0.0,0.0,4.0,5.0,16.0,-11.0
22200203,1610612745,HOU,Houston,1630224,Jalen Green,Jalen,G,,35:23,10.0,19.0,0.526,3.0,8.0,0.375,2.0,2.0,1.0,0.0,6.0,6.0,7.0,1.0,0.0,3.0,0.0,25.0,-16.0
22200203,1610612745,HOU,Houston,1629645,Kevin Porter Jr.,Kevin,G,,31:37,6.0,18.0,0.333,0.0,4.0,0.0,8.0,15.0,0.533,2.0,5.0,7.0,3.0,3.0,0.0,2.0,4.0,20.0,-10.0
22200203,1610612745,HOU,Houston,1630231,KJ Martin,KJ,,,20:36,4.0,7.0,0.571,0.0,2.0,0.0,0.0,0.0,0.0,1.0,4.0,5.0,1.0,0.0,0.0,1.0,0.0,8.0,-8.0
22200203,1610612745,HOU,Houston,1631106,Tari Eason,Tari,,,14:44,4.0,7.0,0.571,1.0,3.0,0.333,0.0,0.0,0.0,2.0,1.0,3.0,0.0,2.0,0.0,0.0,1.0,9.0,-7.0
22200203,1610612745,HOU,Houston,1630227,Daishen Nix,Daishen,,,15:05,1.0,3.0,0.333,1.0,3.0,0.333,0.0,0.0,0.0,0.0,2.0,2.0,3.0,0.0,0.0,1.0,0.0,3.0,-13.0
22200203,1610612745,HOU,Houston,1630586,Usman Garuba,Usman,,,17:20,2.0,3.0,0.667,0.0,0.0,0.0,1.0,2.0,0.5,2.0,2.0,4.0,2.0,1.0,3.0,0.0,3.0,5.0,-6.0
22200203,1610612745,HOU,Houston,1630528,Josh Christopher,Josh,,,10:15,3.0,7.0,0.429,2.0,2.0,1.0,0.0,0.0,0.0,1.0,0.0,1.0,2.0,0.0,0.0,2.0,5.0,8.0,-6.0
22200203,1610612745,HOU,Houston,1631102,TyTy Washington Jr.,TyTy,,,4:15,0.0,0.0,0.0,0.0,0.0,0.0,1.0,2.0,0.5,0.0,0.0,0.0,0.0,0.0,0.0,0.0,0.0,1.0,6.0
22200203,1610612745,HOU,Houston,1629726,Garrison Mathews,Garrison,,,4:15,0.0,1.0,0.0,0.0,1.0,0.0,0.0,0.0,0.0,0.0,1.0,1.0,0.0,1.0,0.0,0.0,0.0,0.0,6.0
22200203,1610612745,HOU,Houston,1626246,Boban Marjanović,Boban,,,2:58,0.0,0.0,0.0,0.0,0.0,0.0,0.0,0.0,0.0,0.0,0.0,0.0,0.0,0.0,0.0,0.0,0.0,0.0,7.0
22200203,1610612745,HOU,Houston,1631309,Trevor Hudgins,Trevor,,DNP - Coach's Decision,,,,,,,,,,,,,,,,,,,,
22200173,1610612755,PHI,Philadelphia,202699,Tobias Harris,Tobias,F,,33:32,5.0,15.0,0.333,0.0,4.0,0.0,2.0,2.0,1.0,0.0,2.0,2.0,3.0,5.0,0.0,1.0,1.0,12.0,-13.0
22200173,1610612755,PHI,Philadelphia,200782,P.J. Tucker,P.J.,F,,24:03,1.0,2.0,0.5,1.0,2.0,0.5,0.0,0.0,0.0,0.0,3.0,3.0,0.0,0.0,1.0,1.0,1.0,3.0,1.0
22200173,1610612755,PHI,Philadelphia,203954,Joel Embiid,Joel,C,,31:45,9.0,18.0,0.5,0.0,3.0,0.0,8.0,10.0,0.8,0.0,13.0,13.0,2.0,0.0,1.0,8.0,5.0,26.0,10.0
22200173,1610612755,PHI,Philadelphia,1630178,Tyrese Maxey,Tyrese,G,,33:16,5.0,17.0,0.294,2.0,6.0,0.333,3.0,4.0,0.75,1.0,3.0,4.0,5.0,0.0,0.0,1.0,2.0,15.0,-9.0
22200173,1610612755,PHI,Philadelphia,1629001,De'Anthony Melton,De'Anthony,G,,28:27,2.0,7.0,0.286,1.0,3.0,0.333,0.0,0.0,0.0,4.0,6.0,10.0,1.0,0.0,0.0,3.0,0.0,5.0,-7.0
22200173,1610612755,PHI,Philadelphia,1629680,Matisse Thybulle,Matisse,,,8:21,0.0,2.0,0.0,0.0,1.0,0.0,0.0,0.0,0.0,0.0,0.0,0.0,0.0,1.0,0.0,1.0,1.0,0.0,6.0
22200173,1610612755,PHI,Philadelphia,1627777,Georges Niang,Georges,,,23:20,2.0,8.0,0.25,1.0,7.0,0.143,4.0,4.0,1.0,0.0,1.0,1.0,2.0,1.0,1.0,0.0,3.0,9.0,-18.0
22200173,1610612755,PHI,Philadelphia,1630194,Paul Reed,Paul,,,9:12,0.0,3.0,0.0,0.0,2.0,0.0,0.0,0.0,0.0,1.0,2.0,3.0,0.0,1.0,1.0,0.0,3.0,0.0,-14.0
22200173,1610612755,PHI,Philadelphia,1629003,Shake Milton,Shake,,,17:39,2.0,5.0,0.4,0.0,1.0,0.0,1.0,2.0,0.5,2.0,5.0,7.0,1.0,0.0,0.0,2.0,1.0,5.0,-5.0
22200173,1610612755,PHI,Philadelphia,1627863,Danuel House Jr.,Danuel,,,19:02,3.0,3.0,1.0,1.0,1.0,1.0,1.0,1.0,1.0,0.0,0.0,0.0,0.0,1.0,1.0,0.0,3.0,8.0,-14.0
22200173,1610612755,PHI,Philadelphia,1627788,Furkan Korkmaz,Furkan,,,7:57,0.0,0.0,0.0,0.0,0.0,0.0,4.0,4.0,1.0,0.0,0.0,0.0,1.0,0.0,0.0,0.0,1.0,4.0,11.0
22200173,1610612755,PHI,Philadelphia,1626149,Montrezl Harrell,Montrezl,,,3:26,3.0,3.0,1.0,0.0,0.0,0.0,2.0,3.0,0.667,1.0,1.0,2.0,0.0,1.0,0.0,0.0,1.0,8.0,7.0
22200173,1610612737,ATL,Atlanta,1629631,De'Andre Hunter,De'Andre,F,,31:56,6.0,13.0,0.462,1.0,3.0,0.333,1.0,2.0,0.5,2.0,2.0,4.0,0.0,0.0,0.0,2.0,2.0,14.0,-4.0
22200173,1610612737,ATL,Atlanta,1628381,John Collins,John,F,,25:44,3.0,11.0,0.273,0.0,3.0,0.0,5.0,5.0,1.0,0.0,4.0,4.0,2.0,1.0,0.0,2.0,5.0,11.0,0.0
22200173,1610612737,ATL,Atlanta,203991,Clint Capela,Clint,C,,26:22,7.0,10.0,0.7,0.0,0.0,0.0,4.0,6.0,0.667,5.0,15.0,20.0,0.0,0.0,0.0,1.0,2.0,18.0,24.0
22200173,1610612737,ATL,Atlanta,1627749,Dejounte Murray,Dejounte,G,,34:42,5.0,13.0,0.385,0.0,4.0,0.0,0.0,0.0,0.0,0.0,3.0,3.0,8.0,2.0,0.0,2.0,1.0,10.0,-14.0
22200173,1610612737,ATL,Atlanta,1629027,Trae Young,Trae,G,,33:04,7.0,21.0,0.333,2.0,8.0,0.25,10.0,10.0,1.0,1.0,2.0,3.0,7.0,1.0,0.0,6.0,0.0,26.0,16.0
22200173,1610612737,ATL,Atlanta,203200,Justin Holiday,Justin,,,22:39,2.0,4.0,0.5,2.0,4.0,0.5,0.0,0.0,0.0,1.0,3.0,4.0,0.0,0.0,0.0,3.0,1.0,6.0,11.0
22200173,1610612737,ATL,Atlanta,1628988,Aaron Holiday,Aaron,,,23:40,2.0,5.0,0.4,0.0,2.0,0.0,0.0,0.0,0.0,0.0,2.0,2.0,1.0,2.0,0.0,0.0,4.0,4.0,15.0
22200173,1610612737,ATL,Atlanta,1630168,Onyeka Okongwu,Onyeka,,,21:15,5.0,6.0,0.833,0.0,0.0,0.0,0.0,0.0,0.0,2.0,9.0,11.0,0.0,0.0,2.0,1.0,5.0,10.0,-17.0
22200173,1610612737,ATL,Atlanta,1630552,Jalen Johnson,Jalen,,,6:19,1.0,2.0,0.5,0.0,0.0,0.0,0.0,0.0,0.0,0.0,1.0,1.0,0.0,1.0,0.0,0.0,0.0,2.0,8.0
22200173,1610612737,ATL,Atlanta,1631100,AJ Griffin,AJ,,,14:19,1.0,3.0,0.333,1.0,2.0,0.5,0.0,0.0,0.0,0.0,2.0,2.0,1.0,1.0,0.0,1.0,2.0,3.0,6.0
22200173,1610612737,ATL,Atlanta,1630235,Trent Forrest,Trent,,DNP - Coach's Decision,,,,,,,,,,,,,,,,,,,,
22200173,1610612737,ATL,Atlanta,1626163,Frank Kaminsky,Frank,,DNP - Coach's Decision,,,,,,,,,,,,,,,,,,,,
22200173,1610612737,ATL,Atlanta,1630249,Vít Krejčí,Vít,,DNP - Coach's Decision,,,,,,,,,,,,,,,,,,,,
22200173,1610612737,ATL,Atlanta,1631213,Tyrese Martin,Tyrese,,DNP - Coach's Decision,,,,,,,,,,,,,,,,,,,,
22200156,1610612758,SAC,Sacramento,203084,Harrison Barnes,Harrison,F,,22:28,0.0,4.0,0.0,0.0,3.0,0.0,0.0,0.0,0.0,1.0,2.0,3.0,0.0,1.0,0.0,2.0,0.0,0.0,-10.0
22200156,1610612758,SAC,Sacramento,1631099,Keegan Murray,Keegan,F,,26:58,2.0,7.0,0.286,1.0,4.0,0.25,1.0,2.0,0.5,2.0,5.0,7.0,2.0,2.0,0.0,0.0,4.0,6.0,-4.0
22200156,1610612758,SAC,Sacramento,1627734,Domantas Sabonis,Domantas,C,,33:14,6.0,15.0,0.4,0.0,2.0,0.0,7.0,8.0,0.875,4.0,10.0,14.0,6.0,0.0,0.0,3.0,4.0,19.0,-16.0
22200156,1610612758,SAC,Sacramento,1628989,Kevin Huerter,Kevin,G,,31:48,4.0,9.0,0.444,3.0,6.0,0.5,0.0,0.0,0.0,0.0,3.0,3.0,1.0,2.0,0.0,1.0,2.0,11.0,-13.0
22200156,1610612758,SAC,Sacramento,1628368,De'Aaron Fox,De'Aaron,G,,36:33,8.0,17.0,0.471,2.0,5.0,0.4,10.0,12.0,0.833,1.0,1.0,2.0,6.0,0.0,0.0,2.0,3.0,28.0,0.0
22200156,1610612758,SAC,Sacramento,1630558,Davion Mitchell,Davion,,,21:24,5.0,11.0,0.455,2.0,5.0,0.4,0.0,0.0,0.0,0.0,0.0,0.0,1.0,2.0,0.0,1.0,2.0,12.0,-2.0
22200156,1610612758,SAC,Sacramento,1628370,Malik Monk,Malik,,,30:35,7.0,16.0,0.438,3.0,8.0,0.375,7.0,7.0,1.0,0.0,6.0,6.0,4.0,1.0,0.0,0.0,1.0,24.0,12.0
22200156,1610612758,SAC,Sacramento,1626168,Trey Lyles,Trey,,,4:01,1.0,1.0,1.0,0.0,0.0,0.0,0.0,0.0,0.0,0.0,1.0,1.0,0.0,0.0,0.0,0.0,0.0,2.0,6.0
22200156,1610612758,SAC,Sacramento,1629002,Chimezie Metu,Chimezie,,,14:46,1.0,3.0,0.333,0.0,0.0,0.0,0.0,0.0,0.0,0.0,2.0,2.0,3.0,0.0,0.0,0.0,2.0,2.0,13.0
22200156,1610612758,SAC,Sacramento,1629056,Terence Davis,Terence,,,18:13,3.0,8.0,0.375,3.0,7.0,0.429,0.0,0.0,0.0,1.0,4.0,5.0,1.0,1.0,0.0,1.0,2.0,9.0,-1.0
22200156,1610612758,SAC,Sacramento,203521,Matthew Dellavedova,Matthew,,DNP - Coach's Decision,,,,,,,,,,,,,,,,,,,,
22200156,1610612758,SAC,Sacramento,1626158,Richaun Holmes,Richaun,,DNP - Coach's Decision,,,,,,,,,,,,,,,,,,,,
22200156,1610612758,SAC,Sacramento,203458,Alex Len,Alex,,DNP - Coach's Decision,,,,,,,,,,,,,,,,,,,,
22200156,1610612758,SAC,Sacramento,1631320,Chima Moneke,Chima,,DNP - Coach's Decision,,,,,,,,,,,,,,,,,,,,
22200156,1610612758,SAC,Sacramento,1629644,KZ Okpala,KZ,,DNP - Coach's Decision,,,,,,,,,,,,,,,,,,,,
22200156,1610612744,GSW,Golden State,203952,Andrew Wiggins,Andrew,F,,40:14,10.0,17.0,0.588,4.0,8.0,0.5,1.0,2.0,0.5,1.0,9.0,10.0,2.0,2.0,1.0,4.0,2.0,25.0,16.0
22200156,1610612744,GSW,Golden State,203110,Draymond Green,Draymond,F,,36:21,4.0,7.0,0.571,0.0,0.0,0.0,3.0,5.0,0.6,0.0,8.0,8.0,6.0,0.0,0.0,5.0,1.0,11.0,19.0
22200156,1610612744,GSW,Golden State,1626172,Kevon Looney,Kevon,C,,20:43,1.0,4.0,0.25,0.0,0.0,0.0,0.0,0.0,0.0,3.0,10.0,13.0,4.0,1.0,1.0,0.0,4.0,2.0,8.0
22200156,1610612744,GSW,Golden State,202691,Klay Thompson,Klay,G,,37:57,6.0,18.0,0.333,3.0,10.0,0.3,1.0,2.0,0.5,0.0,2.0,2.0,3.0,1.0,2.0,3.0,4.0,16.0,10.0
22200156,1610612744,GSW,Golden State,201939,Stephen Curry,Stephen,G,,37:43,17.0,24.0,0.708,7.0,12.0,0.583,6.0,7.0,0.857,0.0,8.0,8.0,8.0,0.0,0.0,0.0,2.0,47.0,20.0
22200156,1610612744,GSW,Golden State,1630237,Anthony Lamb,Anthony,,,15:53,2.0,6.0,0.333,0.0,3.0,0.0,0.0,0.0,0.0,2.0,3.0,5.0,1.0,1.0,0.0,0.0,3.0,4.0,-7.0
22200156,1610612744,GSW,Golden State,1629673,Jordan Poole,Jordan,,,21:49,1.0,4.0,0.25,0.0,2.0,0.0,0.0,1.0,0.0,1.0,0.0,1.0,3.0,0.0,0.0,3.0,2.0,2.0,-11.0
22200156,1610612744,GSW,Golden State,1630228,Jonathan Kuminga,Jonathan,,,8:57,2.0,5.0,0.4,0.0,2.0,0.0,1.0,2.0,0.5,0.0,0.0,0.0,0.0,0.0,0.0,0.0,0.0,5.0,-17.0
22200156,1610612744,GSW,Golden State,1629660,Ty Jerome,Ty,,,11:34,0.0,2.0,0.0,0.0,1.0,0.0,2.0,2.0,1.0,0.0,0.0,0.0,1.0,0.0,0.0,0.0,1.0,2.0,-22.0
22200156,1610612744,GSW,Golden State,1630541,Moses Moody,Moses,,,8:49,1.0,1.0,1.0,0.0,0.0,0.0,0.0,0.0,0.0,1.0,0.0,1.0,0.0,0.0,0.0,0.0,2.0,2.0,-1.0
22200156,1610612744,GSW,Golden State,203210,JaMychal Green,JaMychal,,DNP - Coach's Decision,,,,,,,,,,,,,,,,,,,,
22200156,1610612744,GSW,Golden State,1630164,James Wiseman,James,,DNP - Coach's Decision,,,,,,,,,,,,,,,,,,,,
22200137,1610612745,HOU,Houston,201569,Eric Gordon,Eric,F,,26:38,4.0,9.0,0.444,2.0,6.0,0.333,1.0,2.0,0.5,0.0,1.0,1.0,4.0,0.0,0.0,1.0,1.0,11.0,-10.0
22200137,1610612745,HOU,Houston,1630231,KJ Martin,KJ,F,,31:18,6.0,8.0,0.75,3.0,5.0,0.6,2.0,3.0,0.667,1.0,2.0,3.0,1.0,1.0,0.0,2.0,1.0,17.0,-19.0
22200137,1610612745,HOU,Houston,1630578,Alperen Sengun,Alperen,C,,20:22,8.0,9.0,0.889,0.0,0.0,0.0,1.0,3.0,0.333,5.0,2.0,7.0,5.0,0.0,0.0,2.0,3.0,17.0,0.0
22200137,1610612745,HOU,Houston,1629645,Kevin Porter Jr.,Kevin,G,,29:12,3.0,12.0,0.25,2.0,4.0,0.5,5.0,5.0,1.0,1.0,4.0,5.0,2.0,0.0,0.0,3.0,4.0,13.0,-16.0
22200137,1610612745,HOU,Houston,1630224,Jalen Green,Jalen,G,,29:12,6.0,16.0,0.375,4.0,11.0,0.364,5.0,7.0,0.714,1.0,1.0,2.0,4.0,0.0,0.0,5.0,1.0,21.0,-16.0
22200137,1610612745,HOU,Houston,1630586,Usman Garuba,Usman,,,24:33,2.0,4.0,0.5,0.0,0.0,0.0,3.0,4.0,0.75,0.0,3.0,3.0,1.0,2.0,0.0,2.0,2.0,7.0,-16.0
22200137,1610612745,HOU,Houston,1631106,Tari Eason,Tari,,,23:59,6.0,8.0,0.75,2.0,2.0,1.0,3.0,5.0,0.6,3.0,3.0,6.0,2.0,1.0,0.0,1.0,3.0,17.0,2.0
22200137,1610612745,HOU,Houston,1630227,Daishen Nix,Daishen,,,18:48,0.0,4.0,0.0,0.0,2.0,0.0,0.0,0.0,0.0,0.0,2.0,2.0,6.0,3.0,0.0,4.0,1.0,0.0,4.0
22200137,1610612745,HOU,Houston,1629726,Garrison Mathews,Garrison,,,18:14,3.0,7.0,0.429,3.0,6.0,0.5,0.0,0.0,0.0,0.0,1.0,1.0,1.0,0.0,0.0,1.0,0.0,9.0,7.0
22200137,1610612745,HOU,Houston,1630528,Josh Christopher,Josh,,,14:39,2.0,6.0,0.333,0.0,2.0,0.0,0.0,0.0,0.0,1.0,1.0,2.0,1.0,2.0,0.0,1.0,1.0,4.0,0.0
22200137,1610612745,HOU,Houston,1626246,Boban Marjanović,Boban,,,3:05,0.0,1.0,0.0,0.0,0.0,0.0,1.0,2.0,0.5,0.0,1.0,1.0,0.0,1.0,0.0,0.0,1.0,1.0,4.0
22200137,1610612750,MIN,Minnesota,1630183,Jaden McDaniels,Jaden,F,,34:33,6.0,9.0,0.667,1.0,2.0,0.5,0.0,0.0,0.0,1.0,4.0,5.0,3.0,0.0,1.0,2.0,4.0,13.0,9.0
22200137,1610612750,MIN,Minnesota,203937,Kyle Anderson,Kyle,F,,30:39,6.0,7.0,0.857,2.0,2.0,1.0,2.0,3.0,0.667,1.0,2.0,3.0,6.0,3.0,0.0,1.0,3.0,16.0,13.0
22200137,1610612750,MIN,Minnesota,1626157,Karl-Anthony Towns,Karl-Anthony,C,,30:15,9.0,14.0,0.643,3.0,6.0,0.5,4.0,5.0,0.8,3.0,6.0,9.0,6.0,1.0,2.0,3.0,5.0,25.0,-1.0
22200137,1610612750,MIN,Minnesota,1630162,Anthony Edwards,Anthony,G,,32:44,7.0,13.0,0.538,2.0,5.0,0.4,3.0,3.0,1.0,0.0,2.0,2.0,3.0,2.0,0.0,4.0,2.0,19.0,20.0
22200137,1610612750,MIN,Minnesota,1626156,D'Angelo Russell,D'Angelo,G,,26:38,5.0,9.0,0.556,1.0,3.0,0.333,2.0,3.0,0.667,3.0,3.0,6.0,4.0,2.0,0.0,3.0,4.0,13.0,2.0
22200137,1610612750,MIN,Minnesota,1627752,Taurean Prince,Taurean,,,31:34,6.0,12.0,0.5,3.0,8.0,0.375,1.0,1.0,1.0,1.0,5.0,6.0,2.0,0.0,1.0,3.0,2.0,16.0,16.0
22200137,1610612750,MIN,Minnesota,1629162,Jordan McLaughlin,Jordan,,,22:24,2.0,3.0,0.667,0.0,1.0,0.0,2.0,2.0,1.0,0.0,2.0,2.0,11.0,2.0,0.0,0.0,1.0,6.0,8.0
22200137,1610612750,MIN,Minnesota,1629675,Naz Reid,Naz,,,13:14,4.0,7.0,0.571,2.0,4.0,0.5,1.0,2.0,0.5,0.0,3.0,3.0,0.0,0.0,1.0,5.0,6.0,11.0,8.0
22200137,1610612750,MIN,Minnesota,1629669,Jaylen Nowell,Jaylen,,,15:47,3.0,5.0,0.6,1.0,2.0,0.5,0.0,0.0,0.0,0.0,0.0,0.0,3.0,1.0,0.0,2.0,0.0,7.0,-8.0
22200137,1610612750,MIN,Minnesota,203085,Austin Rivers,Austin,,,0:14,0.0,0.0,0.0,0.0,0.0,0.0,0.0,0.0,0.0,0.0,0.0,0.0,0.0,0.0,0.0,0.0,0.0,0.0,0.0
22200137,1610612750,MIN,Minnesota,1630233,Nathan Knight,Nathan,,,1:59,1.0,1.0,1.0,0.0,0.0,0.0,1.0,1.0,1.0,0.0,0.0,0.0,0.0,0.0,0.0,1.0,0.0,3.0,-7.0
22200137,1610612750,MIN,Minnesota,1627854,Bryn Forbes,Bryn,,DNP - Coach's Decision,,,,,,,,,,,,,,,,,,,,
22200113,1610612765,DET,Detroit,1630180,Saddiq Bey,Saddiq,F,,35:07,5.0,12.0,0.417,3.0,7.0,0.429,9.0,10.0,0.9,0.0,3.0,3.0,1.0,1.0,1.0,3.0,2.0,22.0,-22.0
22200113,1610612765,DET,Detroit,202711,Bojan Bogdanović,Bojan,F,,27:48,5.0,12.0,0.417,3.0,7.0,0.429,1.0,1.0,1.0,0.0,3.0,3.0,2.0,0.0,0.0,7.0,3.0,14.0,-24.0
22200113,1610612765,DET,Detroit,1630191,Isaiah Stewart,Isaiah,C,,32:30,6.0,9.0,0.667,2.0,3.0,0.667,2.0,2.0,1.0,1.0,9.0,10.0,1.0,0.0,1.0,2.0,1.0,16.0,-21.0
22200113,1610612765,DET,Detroit,1630595,Cade Cunningham,Cade,G,,31:14,5.0,13.0,0.385,0.0,2.0,0.0,0.0,0.0,0.0,0.0,6.0,6.0,4.0,1.0,0.0,2.0,3.0,10.0,-24.0
22200113,1610612765,DET,Detroit,1631093,Jaden Ivey,Jaden,G,,30:15,3.0,11.0,0.273,1.0,4.0,0.25,0.0,0.0,0.0,0.0,2.0,2.0,1.0,4.0,0.0,2.0,0.0,7.0,-13.0
22200113,1610612765,DET,Detroit,1628977,Hamidou Diallo,Hamidou,,,11:23,2.0,4.0,0.5,0.0,0.0,0.0,0.0,0.0,0.0,0.0,2.0,2.0,0.0,0.0,0.0,1.0,5.0,4.0,-8.0
22200113,1610612765,DET,Detroit,203457,Nerlens Noel,Nerlens,,,13:15,2.0,4.0,0.5,0.0,0.0,0.0,0.0,0.0,0.0,0.0,3.0,3.0,1.0,0.0,0.0,0.0,2.0,4.0,-7.0
22200113,1610612765,DET,Detroit,1630165,Killian Hayes,Killian,,,22:29,1.0,5.0,0.2,1.0,2.0,0.5,2.0,2.0,1.0,0.0,0.0,0.0,1.0,1.0,1.0,3.0,2.0,5.0,-3.0
22200113,1610612765,DET,Detroit,1630587,Isaiah Livers,Isaiah,,,16:42,1.0,4.0,0.25,1.0,4.0,0.25,0.0,0.0,0.0,0.0,3.0,3.0,1.0,0.0,0.0,1.0,1.0,3.0,-8.0
22200113,1610612765,DET,Detroit,202709,Cory Joseph,Cory,,,10:28,1.0,2.0,0.5,0.0,1.0,0.0,0.0,0.0,0.0,1.0,1.0,2.0,6.0,0.0,0.0,0.0,2.0,2.0,-6.0
22200113,1610612765,DET,Detroit,1628995,Kevin Knox II,Kevin,,,5:04,2.0,3.0,0.667,0.0,1.0,0.0,0.0,0.0,0.0,0.0,0.0,0.0,0.0,0.0,0.0,0.0,0.0,4.0,3.0
22200113,1610612765,DET,Detroit,1630296,Braxton Key,Braxton,,,2:15,0.0,0.0,0.0,0.0,0.0,0.0,0.0,0.0,0.0,0.0,1.0,1.0,0.0,0.0,0.0,0.0,0.0,0.0,3.0
22200113,1610612765,DET,Detroit,203585,Rodney McGruder,Rodney,,,1:30,0.0,0.0,0.0,0.0,0.0,0.0,0.0,0.0,0.0,0.0,0.0,0.0,0.0,0.0,0.0,0.0,1.0,0.0,5.0
22200113,1610612749,MIL,Milwaukee,1628960,Grayson Allen,Grayson,F,,24:59,2.0,6.0,0.333,1.0,4.0,0.25,0.0,0.0,0.0,0.0,1.0,1.0,4.0,1.0,0.0,0.0,3.0,5.0,18.0
22200113,1610612749,MIL,Milwaukee,203507,Giannis Antetokounmpo,Giannis,F,,29:31,11.0,24.0,0.458,0.0,4.0,0.0,10.0,12.0,0.833,5.0,7.0,12.0,4.0,5.0,2.0,1.0,1.0,32.0,12.0
22200113,1610612749,MIL,Milwaukee,201572,Brook Lopez,Brook,C,,27:02,5.0,8.0,0.625,0.0,2.0,0.0,1.0,1.0,1.0,2.0,5.0,7.0,2.0,1.0,1.0,3.0,1.0,11.0,29.0
22200113,1610612749,MIL,Milwaukee,1628975,Jevon Carter,Jevon,G,,18:27,1.0,5.0,0.2,0.0,2.0,0.0,2.0,2.0,1.0,0.0,1.0,1.0,3.0,4.0,1.0,0.0,2.0,4.0,5.0
22200113,1610612749,MIL,Milwaukee,201950,Jrue Holiday,Jrue,G,,29:58,11.0,16.0,0.688,4.0,7.0,0.571,0.0,0.0,0.0,2.0,5.0,7.0,3.0,0.0,0.0,2.0,1.0,26.0,25.0
22200113,1610612749,MIL,Milwaukee,1626171,Bobby Portis,Bobby,,,24:02,5.0,9.0,0.556,0.0,3.0,0.0,0.0,0.0,0.0,3.0,6.0,9.0,3.0,0.0,0.0,2.0,2.0,10.0,6.0
22200113,1610612749,MIL,Milwaukee,1629670,Jordan Nwora,Jordan,,,25:31,4.0,9.0,0.444,2.0,5.0,0.4,2.0,2.0,1.0,2.0,2.0,4.0,1.0,2.0,0.0,4.0,1.0,12.0,8.0
22200113,1610612749,MIL,Milwaukee,201588,George Hill,George,,,18:21,2.0,6.0,0.333,1.0,3.0,0.333,2.0,3.0,0.667,0.0,4.0,4.0,3.0,0.0,0.0,0.0,1.0,7.0,6.0
22200113,1610612749,MIL,Milwaukee,202083,Wesley Matthews,Wesley,,,14:48,1.0,4.0,0.25,1.0,4.0,0.25,0.0,0.0,0.0,0.0,0.0,0.0,0.0,2.0,0.0,2.0,1.0,3.0,6.0
22200113,1610612749,MIL,Milwaukee,1630699,MarJon Beauchamp,MarJon,,,16:06,0.0,3.0,0.0,0.0,3.0,0.0,3.0,4.0,0.75,1.0,3.0,4.0,1.0,2.0,0.0,2.0,2.0,3.0,12.0
22200113,1610612749,MIL,Milwaukee,201586,Serge Ibaka,Serge,,,5:37,1.0,2.0,0.5,1.0,1.0,1.0,0.0,0.0,0.0,0.0,2.0,2.0,0.0,0.0,1.0,0.0,1.0,3.0,-1.0
22200113,1610612749,MIL,Milwaukee,203648,Thanasis Antetokounmpo,Thanasis,,,5:37,0.0,0.0,0.0,0.0,0.0,0.0,0.0,0.0,0.0,0.0,1.0,1.0,0.0,0.0,0.0,0.0,0.0,0.0,-1.0
22200111,1610612766,CHA,Charlotte,202330,Gordon Hayward,Gordon,F,,16:12,3.0,11.0,0.273,1.0,3.0,0.333,0.0,1.0,0.0,1.0,2.0,3.0,2.0,1.0,0.0,2.0,0.0,7.0,-1.0
22200111,1610612766,CHA,Charlotte,1629023,P.J. Washington,P.J.,F,,31:22,3.0,10.0,0.3,0.0,2.0,0.0,2.0,2.0,1.0,2.0,5.0,7.0,3.0,0.0,1.0,4.0,2.0,8.0,-17.0
22200111,1610612766,CHA,Charlotte,203486,Mason Plumlee,Mason,C,,25:19,4.0,8.0,0.5,0.0,0.0,0.0,3.0,4.0,0.75,4.0,9.0,13.0,3.0,0.0,2.0,2.0,3.0,11.0,1.0
22200111,1610612766,CHA,Charlotte,1626162,Kelly Oubre Jr.,Kelly,G,,30:02,9.0,17.0,0.529,5.0,11.0,0.455,1.0,2.0,0.5,1.0,4.0,5.0,1.0,2.0,1.0,0.0,2.0,24.0,-10.0
22200111,1610612766,CHA,Charlotte,1628372,Dennis Smith Jr.,Dennis,G,,32:10,5.0,9.0,0.556,0.0,1.0,0.0,0.0,0.0,0.0,0.0,5.0,5.0,6.0,2.0,0.0,1.0,0.0,10.0,0.0
22200111,1610612766,CHA,Charlotte,1630547,James Bouknight,James,,,20:47,2.0,7.0,0.286,1.0,5.0,0.2,2.0,2.0,1.0,0.0,3.0,3.0,0.0,0.0,1.0,0.0,1.0,7.0,-8.0
22200111,1610612766,CHA,Charlotte,1629667,Jalen McDaniels,Jalen,,,35:38,5.0,18.0,0.278,0.0,5.0,0.0,1.0,2.0,0.5,3.0,3.0,6.0,2.0,5.0,2.0,2.0,2.0,11.0,-13.0
22200111,1610612766,CHA,Charlotte,1630208,Nick Richards,Nick,,,13:54,2.0,3.0,0.667,0.0,0.0,0.0,0.0,2.0,0.0,1.0,1.0,2.0,1.0,0.0,2.0,2.0,2.0,4.0,-16.0
22200111,1610612766,CHA,Charlotte,1630177,Theo Maledon,Theo,,,15:50,0.0,2.0,0.0,0.0,2.0,0.0,0.0,0.0,0.0,0.0,1.0,1.0,3.0,1.0,1.0,3.0,1.0,0.0,-18.0
22200111,1610612766,CHA,Charlotte,1630550,JT Thor,JT,,,13:11,2.0,4.0,0.5,0.0,1.0,0.0,0.0,1.0,0.0,1.0,1.0,2.0,1.0,1.0,1.0,0.0,1.0,4.0,-10.0
22200111,1610612766,CHA,Charlotte,1630539,Kai Jones,Kai,,,5:35,1.0,3.0,0.333,0.0,2.0,0.0,0.0,0.0,0.0,0.0,0.0,0.0,0.0,0.0,1.0,0.0,0.0,2.0,2.0
22200111,1610612741,CHI,Chicago,201942,DeMar DeRozan,DeMar,F,,28:17,2.0,11.0,0.182,0.0,1.0,0.0,5.0,5.0,1.0,2.0,6.0,8.0,5.0,1.0,1.0,5.0,2.0,9.0,-9.0
22200111,1610612741,CHI,Chicago,1630172,Patrick Williams,Patrick,F,,32:35,7.0,9.0,0.778,2.0,3.0,0.667,0.0,0.0,0.0,1.0,4.0,5.0,1.0,0.0,1.0,1.0,1.0,16.0,19.0
22200111,1610612741,CHI,Chicago,202696,Nikola Vučević,Nikola,C,,31:35,5.0,16.0,0.313,2.0,6.0,0.333,2.0,2.0,1.0,2.0,11.0,13.0,3.0,0.0,1.0,4.0,2.0,14.0,-4.0
22200111,1610612741,CHI,Chicago,203897,Zach LaVine,Zach,G,,31:57,4.0,16.0,0.25,2.0,7.0,0.286,0.0,0.0,0.0,0.0,4.0,4.0,6.0,2.0,0.0,0.0,0.0,10.0,19.0
22200111,1610612741,CHI,Chicago,1630245,Ayo Dosunmu,Ayo,G,,30:53,3.0,10.0,0.3,0.0,3.0,0.0,2.0,2.0,1.0,0.0,4.0,4.0,3.0,0.0,0.0,2.0,3.0,8.0,4.0
22200111,1610612741,CHI,Chicago,1629750,Javonte Green,Javonte,,,27:00,7.0,7.0,1.0,3.0,3.0,1.0,0.0,1.0,0.0,3.0,5.0,8.0,1.0,2.0,3.0,3.0,3.0,17.0,13.0
22200111,1610612741,CHI,Chicago,1627936,Alex Caruso,Alex,,,24:11,2.0,3.0,0.667,1.0,2.0,0.5,1.0,2.0,0.5,0.0,0.0,0.0,3.0,1.0,1.0,1.0,3.0,6.0,12.0
22200111,1610612741,CHI,Chicago,201609,Goran Dragic,Goran,,,15:16,6.0,9.0,0.667,2.0,4.0,0.5,2.0,2.0,1.0,0.0,3.0,3.0,3.0,0.0,1.0,3.0,1.0,16.0,14.0
22200111,1610612741,CHI,Chicago,1627884,Derrick Jones Jr.,Derrick,,,16:25,2.0,6.0,0.333,2.0,2.0,1.0,4.0,4.0,1.0,3.0,2.0,5.0,3.0,0.0,1.0,0.0,3.0,10.0,22.0
22200111,1610612741,CHI,Chicago,1631207,Dalen Terry,Dalen,,,1:51,0.0,1.0,0.0,0.0,0.0,0.0,0.0,0.0,0.0,0.0,1.0,1.0,0.0,0.0,0.0,0.0,0.0,0.0,0.0
22200111,1610612741,CHI,Chicago,1628396,Tony Bradley,Tony,,DNP - Coach's Decision,,,,,,,,,,,,,,,,,,,,
22200111,1610612741,CHI,Chicago,1630792,Malcolm Hill,Malcolm,,DNP - Coach's Decision,,,,,,,,,,,,,,,,,,,,
22200111,1610612741,CHI,Chicago,1630250,Marko Simonovic,Marko,,DNP - Coach's Decision,,,,,,,,,,,,,,,,,,,,
22200109,1610612758,SAC,Sacramento,203084,Harrison Barnes,Harrison,F,,34:48,4.0,12.0,0.333,2.0,5.0,0.4,2.0,2.0,1.0,2.0,5.0,7.0,1.0,0.0,0.0,0.0,0.0,12.0,-3.0
22200109,1610612758,SAC,Sacramento,1631099,Keegan Murray,Keegan,F,,27:16,3.0,7.0,0.429,1.0,5.0,0.2,0.0,0.0,0.0,0.0,4.0,4.0,3.0,1.0,2.0,2.0,1.0,7.0,7.0
22200109,1610612758,SAC,Sacramento,1627734,Domantas Sabonis,Domantas,C,,37:12,8.0,15.0,0.533,1.0,1.0,1.0,5.0,7.0,0.714,0.0,12.0,12.0,8.0,1.0,0.0,2.0,2.0,22.0,-5.0
22200109,1610612758,SAC,Sacramento,1628989,Kevin Huerter,Kevin,G,,38:04,9.0,17.0,0.529,4.0,9.0,0.444,0.0,0.0,0.0,0.0,2.0,2.0,2.0,1.0,0.0,1.0,3.0,22.0,-1.0
22200109,1610612758,SAC,Sacramento,1630558,Davion Mitchell,Davion,G,,29:15,4.0,9.0,0.444,1.0,4.0,0.25,0.0,0.0,0.0,0.0,1.0,1.0,4.0,0.0,0.0,1.0,2.0,9.0,-11.0
22200109,1610612758,SAC,Sacramento,1626168,Trey Lyles,Trey,,,12:50,1.0,3.0,0.333,1.0,3.0,0.333,0.0,0.0,0.0,0.0,4.0,4.0,1.0,0.0,0.0,1.0,0.0,3.0,-4.0
22200109,1610612758,SAC,Sacramento,1628370,Malik Monk,Malik,,,21:60,8.0,13.0,0.615,2.0,5.0,0.4,1.0,1.0,1.0,0.0,0.0,0.0,7.0,0.0,1.0,3.0,3.0,19.0,1.0
22200109,1610612758,SAC,Sacramento,203521,Matthew Dellavedova,Matthew,,,19:46,2.0,5.0,0.4,1.0,1.0,1.0,0.0,0.0,0.0,1.0,1.0,2.0,1.0,1.0,0.0,2.0,4.0,5.0,1.0
22200109,1610612758,SAC,Sacramento,1626158,Richaun Holmes,Richaun,,,10:48,2.0,2.0,1.0,0.0,0.0,0.0,0.0,0.0,0.0,1.0,3.0,4.0,0.0,0.0,0.0,0.0,1.0,4.0,2.0
22200109,1610612758,SAC,Sacramento,1629056,Terence Davis,Terence,,,8:02,0.0,3.0,0.0,0.0,3.0,0.0,4.0,4.0,1.0,0.0,3.0,3.0,2.0,0.0,0.0,0.0,2.0,4.0,-2.0
22200109,1610612758,SAC,Sacramento,203458,Alex Len,Alex,,DNP - Coach's Decision,,,,,,,,,,,,,,,,,,,,
22200109,1610612758,SAC,Sacramento,1629002,Chimezie Metu,Chimezie,,DNP - Coach's Decision,,,,,,,,,,,,,,,,,,,,
22200109,1610612758,SAC,Sacramento,1629644,KZ Okpala,KZ,,DNP - Coach's Decision,,,,,,,,,,,,,,,,,,,,
22200109,1610612748,MIA,Miami,1628997,Caleb Martin,Caleb,F,,29:36,3.0,7.0,0.429,0.0,1.0,0.0,2.0,2.0,1.0,2.0,1.0,3.0,2.0,1.0,0.0,1.0,2.0,8.0,5.0
22200109,1610612748,MIA,Miami,1629622,Max Strus,Max,F,,32:58,4.0,7.0,0.571,2.0,5.0,0.4,0.0,0.0,0.0,0.0,0.0,0.0,4.0,0.0,1.0,0.0,3.0,10.0,-1.0
22200109,1610612748,MIA,Miami,1628389,Bam Adebayo,Bam,C,,32:05,9.0,16.0,0.563,0.0,0.0,0.0,2.0,2.0,1.0,2.0,9.0,11.0,6.0,0.0,0.0,4.0,5.0,20.0,2.0
22200109,1610612748,MIA,Miami,1629639,Tyler Herro,Tyler,G,,37:49,12.0,21.0,0.571,2.0,6.0,0.333,0.0,0.0,0.0,2.0,10.0,12.0,0.0,1.0,3.0,2.0,0.0,26.0,15.0
22200109,1610612748,MIA,Miami,200768,Kyle Lowry,Kyle,G,,37:56,8.0,14.0,0.571,2.0,7.0,0.286,4.0,5.0,0.8,1.0,4.0,5.0,7.0,2.0,0.0,3.0,2.0,22.0,-7.0
22200109,1610612748,MIA,Miami,1629216,Gabe Vincent,Gabe,,,28:49,3.0,12.0,0.25,2.0,7.0,0.286,2.0,3.0,0.667,0.0,1.0,1.0,4.0,1.0,0.0,0.0,4.0,10.0,8.0
22200109,1610612748,MIA,Miami,1629130,Duncan Robinson,Duncan,,,24:52,1.0,6.0,0.167,1.0,5.0,0.2,1.0,1.0,1.0,0.0,6.0,6.0,1.0,0.0,0.0,0.0,1.0,4.0,-8.0
22200109,1610612748,MIA,Miami,203473,Dewayne Dedmon,Dewayne,,,15:55,4.0,6.0,0.667,2.0,3.0,0.667,0.0,0.0,0.0,2.0,6.0,8.0,3.0,0.0,1.0,1.0,3.0,10.0,1.0
22200109,1610612748,MIA,Miami,2617,Udonis Haslem,Udonis,,DNP - Coach's Decision,,,,,,,,,,,,,,,,,,,,
22200109,1610612748,MIA,Miami,1629312,Haywood Highsmith,Haywood,,DNP - Coach's Decision,,,,,,,,,,,,,,,,,,,,
22200109,1610612748,MIA,Miami,1631107,Nikola Jović,Nikola,,DNP - Coach's Decision,,,,,,,,,,,,,,,,,,,,
22200109,1610612748,MIA,Miami,1630696,Dru Smith,Dru,,DNP - Coach's Decision,,,,,,,,,,,,,,,,,,,,
