GAME_ID,TEAM_ID,TEAM_ABBREVIATION,TEAM_CITY,PLAYER_ID,PLAYER_NAME,NICKNAME,START_POSITION,COMMENT,MIN,FGM,FGA,FG_PCT,FG3M,FG3A,FG3_PCT,FTM,FTA,FT_PCT,OREB,DREB,REB,AST,STL,BLK,TO,PF,PTS,PLUS_MINUS
22200925,1610612741,CHI,Chicago,201942,DeMar DeRozan,DeMar,F,,34:41,5.0,11.0,0.455,0.0,0.0,0.0,3.0,5.0,0.6,0.0,0.0,0.0,2.0,1.0,1.0,3.0,5.0,13.0,-15.0
22200925,1610612741,CHI,Chicago,1627936,Alex Caruso,Alex,F,,26:17,2.0,5.0,0.4,1.0,4.0,0.25,1.0,1.0,1.0,1.0,3.0,4.0,6.0,1.0,1.0,3.0,3.0,6.0,1.0
22200925,1610612741,CHI,Chicago,202696,Nikola Vučević,Nikola,C,,31:29,9.0,14.0,0.643,4.0,6.0,0.667,1.0,1.0,1.0,1.0,4.0,5.0,4.0,0.0,0.0,6.0,2.0,23.0,1.0
22200925,1610612741,CHI,Chicago,203897,Zach LaVine,Zach,G,,37:47,6.0,12.0,0.5,1.0,5.0,0.2,4.0,4.0,1.0,0.0,2.0,2.0,3.0,1.0,1.0,2.0,0.0,17.0,-5.0
22200925,1610612741,CHI,Chicago,201976,Patrick Beverley,Patrick,G,,29:09,3.0,6.0,0.5,1.0,4.0,0.25,1.0,2.0,0.5,0.0,7.0,7.0,4.0,0.0,1.0,1.0,3.0,8.0,2.0
22200925,1610612741,CHI,Chicago,1629632,Coby White,Coby,,,22:58,2.0,7.0,0.286,1.0,3.0,0.333,2.0,2.0,1.0,0.0,0.0,0.0,5.0,0.0,0.0,1.0,1.0,7.0,-6.0
22200925,1610612741,CHI,Chicago,1630172,Patrick Williams,Patrick,,,21:30,3.0,5.0,0.6,2.0,2.0,1.0,0.0,0.0,0.0,0.0,1.0,1.0,1.0,2.0,1.0,0.0,1.0,8.0,-8.0
22200925,1610612741,CHI,Chicago,1630245,Ayo Dosunmu,Ayo,,,19:40,5.0,7.0,0.714,0.0,1.0,0.0,0.0,0.0,0.0,1.0,5.0,6.0,2.0,1.0,1.0,1.0,2.0,10.0,5.0
22200925,1610612741,CHI,Chicago,203083,Andre Drummond,Andre,,,16:29,2.0,4.0,0.5,0.0,0.0,0.0,2.0,2.0,1.0,3.0,7.0,10.0,1.0,0.0,1.0,2.0,1.0,6.0,-5.0
22200925,1610612741,CHI,Chicago,1627884,Derrick Jones Jr.,Derrick,,DNP - Coach's Decision,,,,,,,,,,,,,,,,,,,,
22200925,1610612741,CHI,Chicago,1631207,Dalen Terry,Dalen,,DNP - Coach's Decision,,,,,,,,,,,,,,,,,,,,
22200925,1610612761,TOR,Toronto,1628384,OG Anunoby,OG,F,,33:51,6.0,13.0,0.462,2.0,4.0,0.5,3.0,4.0,0.75,3.0,5.0,8.0,2.0,1.0,0.0,3.0,5.0,17.0,16.0
22200925,1610612761,TOR,Toronto,1627783,Pascal Siakam,Pascal,F,,34:17,7.0,18.0,0.389,1.0,5.0,0.2,5.0,6.0,0.833,3.0,5.0,8.0,3.0,1.0,0.0,1.0,3.0,20.0,3.0
22200925,1610612761,TOR,Toronto,1627751,Jakob Poeltl,Jakob,C,,26:16,6.0,9.0,0.667,0.0,0.0,0.0,2.0,4.0,0.5,1.0,2.0,3.0,2.0,3.0,2.0,1.0,0.0,14.0,13.0
22200925,1610612761,TOR,Toronto,1630567,Scottie Barnes,Scottie,G,,35:06,4.0,12.0,0.333,2.0,3.0,0.667,1.0,3.0,0.333,4.0,4.0,8.0,4.0,1.0,4.0,1.0,2.0,11.0,19.0
22200925,1610612761,TOR,Toronto,1627832,Fred VanVleet,Fred,G,,35:24,1.0,11.0,0.091,1.0,9.0,0.111,0.0,0.0,0.0,1.0,5.0,6.0,9.0,1.0,0.0,0.0,2.0,3.0,-4.0
22200925,1610612761,TOR,Toronto,1628449,Chris Boucher,Chris,,,13:46,3.0,5.0,0.6,3.0,5.0,0.6,0.0,0.0,0.0,1.0,0.0,1.0,1.0,1.0,0.0,2.0,2.0,9.0,0.0
22200925,1610612761,TOR,Toronto,1629018,Gary Trent Jr.,Gary,,,27:45,6.0,13.0,0.462,5.0,11.0,0.455,2.0,2.0,1.0,1.0,4.0,5.0,1.0,2.0,0.0,2.0,2.0,19.0,0.0
22200925,1610612761,TOR,Toronto,1630173,Precious Achiuwa,Precious,,,12:13,2.0,6.0,0.333,0.0,1.0,0.0,0.0,0.0,0.0,3.0,0.0,3.0,0.0,0.0,0.0,0.0,1.0,4.0,-14.0
22200925,1610612761,TOR,Toronto,201152,Thaddeus Young,Thaddeus,,,17:19,3.0,6.0,0.5,1.0,3.0,0.333,0.0,0.0,0.0,2.0,3.0,5.0,3.0,1.0,0.0,1.0,0.0,7.0,1.0
22200925,1610612761,TOR,Toronto,203115,Will Barton,Will,,,4:03,0.0,1.0,0.0,0.0,1.0,0.0,0.0,0.0,0.0,0.0,0.0,0.0,1.0,0.0,0.0,0.0,0.0,0.0,-4.0
22200925,1610612761,TOR,Toronto,1630288,Jeff Dowtin Jr.,Jeff,,DNP - Coach's Decision,,,,,,,,,,,,,,,,,,,,
22200925,1610612761,TOR,Toronto,1630201,Malachi Flynn,Malachi,,DNP - Coach's Decision,,,,,,,,,,,,,,,,,,,,
22200925,1610612761,TOR,Toronto,1631199,Ron Harper Jr.,Ron,,DNP - Coach's Decision,,,,,,,,,,,,,,,,,,,,
22200925,1610612761,TOR,Toronto,1631132,Christian Koloko,Christian,,DNP - Coach's Decision,,,,,,,,,,,,,,,,,,,,
22200925,1610612761,TOR,Toronto,1630580,Joe Wieskamp,Joe,,DNP - Coach's Decision,,,,,,,,,,,,,,,,,,,,
22200926,1610612743,DEN,Denver,1629008,Michael Porter Jr.,Michael,F,,23:00,7.0,11.0,0.636,3.0,6.0,0.5,0.0,0.0,0.0,1.0,3.0,4.0,2.0,1.0,1.0,3.0,1.0,17.0,22.0
22200926,1610612743,DEN,Denver,203932,Aaron Gordon,Aaron,F,,21:04,5.0,7.0,0.714,0.0,0.0,0.0,1.0,2.0,0.5,2.0,5.0,7.0,5.0,0.0,0.0,0.0,1.0,11.0,19.0
22200926,1610612743,DEN,Denver,203999,Nikola Jokić,Nikola,C,,27:45,7.0,11.0,0.636,0.0,0.0,0.0,0.0,1.0,0.0,5.0,6.0,11.0,10.0,0.0,0.0,4.0,2.0,14.0,31.0
22200926,1610612743,DEN,Denver,203484,Kentavious Caldwell-Pope,Kentavious,G,,29:30,5.0,9.0,0.556,2.0,5.0,0.4,2.0,3.0,0.667,0.0,1.0,1.0,6.0,2.0,0.0,1.0,0.0,14.0,18.0
22200926,1610612743,DEN,Denver,1627750,Jamal Murray,Jamal,G,,31:42,12.0,18.0,0.667,5.0,10.0,0.5,3.0,3.0,1.0,1.0,3.0,4.0,6.0,1.0,0.0,2.0,2.0,32.0,20.0
22200926,1610612743,DEN,Denver,1628427,Vlatko Čančar,Vlatko,,,26:56,3.0,6.0,0.5,2.0,5.0,0.4,1.0,1.0,1.0,0.0,4.0,4.0,3.0,1.0,0.0,0.0,0.0,9.0,2.0
22200926,1610612743,DEN,Denver,202704,Reggie Jackson,Reggie,,,25:23,4.0,11.0,0.364,1.0,4.0,0.25,0.0,0.0,0.0,0.0,0.0,0.0,8.0,2.0,0.0,1.0,1.0,9.0,1.0
22200926,1610612743,DEN,Denver,1628971,Bruce Brown,Bruce,,,27:02,6.0,11.0,0.545,3.0,6.0,0.5,0.0,0.0,0.0,0.0,3.0,3.0,0.0,1.0,2.0,0.0,0.0,15.0,3.0
22200926,1610612743,DEN,Denver,1628418,Thomas Bryant,Thomas,,,20:15,3.0,6.0,0.5,0.0,0.0,0.0,2.0,4.0,0.5,2.0,6.0,8.0,0.0,0.0,2.0,0.0,3.0,8.0,-10.0
22200926,1610612743,DEN,Denver,1631128,Christian Braun,Christian,,,5:07,1.0,1.0,1.0,0.0,0.0,0.0,2.0,2.0,1.0,0.0,1.0,1.0,0.0,0.0,0.0,0.0,0.0,4.0,-2.0
22200926,1610612743,DEN,Denver,1631212,Peyton Watson,Peyton,,,2:16,0.0,1.0,0.0,0.0,1.0,0.0,0.0,0.0,0.0,0.0,0.0,0.0,0.0,0.0,0.0,0.0,0.0,0.0,1.0
22200926,1610612743,DEN,Denver,201145,Jeff Green,Jeff,,DNP - Coach's Decision,,,,,,,,,,,,,,,,,,,,
22200926,1610612743,DEN,Denver,201599,DeAndre Jordan,DeAndre,,DNP - Coach's Decision,,,,,,,,,,,,,,,,,,,,
22200926,1610612743,DEN,Denver,202397,Ish Smith,Ish,,DNP - Coach's Decision,,,,,,,,,,,,,,,,,,,,
22200926,1610612745,HOU,Houston,1630231,KJ Martin,KJ,F,,26:50,7.0,13.0,0.538,0.0,2.0,0.0,1.0,1.0,1.0,2.0,1.0,3.0,2.0,2.0,0.0,0.0,2.0,15.0,-3.0
22200926,1610612745,HOU,Houston,1631095,Jabari Smith Jr.,Jabari,F,,32:58,4.0,10.0,0.4,0.0,4.0,0.0,0.0,0.0,0.0,1.0,5.0,6.0,1.0,0.0,2.0,0.0,2.0,8.0,-33.0
22200926,1610612745,HOU,Houston,1630578,Alperen Sengun,Alperen,C,,29:03,3.0,9.0,0.333,0.0,2.0,0.0,1.0,3.0,0.333,0.0,2.0,2.0,8.0,0.0,2.0,2.0,4.0,7.0,-36.0
22200926,1610612745,HOU,Houston,1630224,Jalen Green,Jalen,G,,19:22,7.0,15.0,0.467,3.0,7.0,0.429,0.0,0.0,0.0,0.0,2.0,2.0,5.0,1.0,0.0,0.0,0.0,17.0,-17.0
22200926,1610612745,HOU,Houston,1630227,Daishen Nix,Daishen,G,,25:34,6.0,10.0,0.6,2.0,4.0,0.5,0.0,1.0,0.0,0.0,0.0,0.0,5.0,0.0,0.0,4.0,2.0,14.0,-27.0
22200926,1610612745,HOU,Houston,1631102,TyTy Washington Jr.,TyTy,,,28:20,5.0,10.0,0.5,2.0,5.0,0.4,0.0,0.0,0.0,0.0,1.0,1.0,5.0,0.0,1.0,1.0,0.0,12.0,-4.0
22200926,1610612745,HOU,Houston,1631106,Tari Eason,Tari,,,31:07,7.0,10.0,0.7,0.0,2.0,0.0,3.0,3.0,1.0,6.0,6.0,12.0,2.0,1.0,0.0,3.0,1.0,17.0,-8.0
22200926,1610612745,HOU,Houston,1630586,Usman Garuba,Usman,,,13:50,1.0,4.0,0.25,1.0,1.0,1.0,0.0,0.0,0.0,1.0,6.0,7.0,1.0,1.0,1.0,2.0,3.0,3.0,13.0
22200926,1610612745,HOU,Houston,1630528,Josh Christopher,Josh,,,22:42,5.0,11.0,0.455,1.0,3.0,0.333,0.0,0.0,0.0,0.0,4.0,4.0,3.0,0.0,0.0,1.0,1.0,11.0,6.0
22200926,1610612745,HOU,Houston,1626246,Boban Marjanović,Boban,,,5:07,3.0,4.0,0.75,0.0,0.0,0.0,2.0,2.0,1.0,0.0,1.0,1.0,0.0,0.0,0.0,0.0,1.0,8.0,2.0
22200926,1610612745,HOU,Houston,1626163,Frank Kaminsky,Frank,,,5:07,0.0,1.0,0.0,0.0,1.0,0.0,0.0,0.0,0.0,0.0,2.0,2.0,1.0,0.0,0.0,0.0,0.0,0.0,2.0
22200926,1610612745,HOU,Houston,1626161,Willie Cauley-Stein,Willie,,DNP - Coach's Decision,,,,,,,,,,,,,,,,,,,,
22200922,1610612753,ORL,Orlando,1630532,Franz Wagner,Franz,F,,36:28,4.0,10.0,0.4,3.0,7.0,0.429,0.0,0.0,0.0,1.0,4.0,5.0,3.0,2.0,1.0,1.0,4.0,11.0,-2.0
22200922,1610612753,ORL,Orlando,1631094,Paolo Banchero,Paolo,F,,34:16,10.0,18.0,0.556,0.0,3.0,0.0,9.0,11.0,0.818,1.0,7.0,8.0,4.0,1.0,0.0,2.0,1.0,29.0,12.0
22200922,1610612753,ORL,Orlando,1628976,Wendell Carter Jr.,Wendell,C,,25:24,4.0,8.0,0.5,0.0,4.0,0.0,3.0,4.0,0.75,3.0,8.0,11.0,1.0,1.0,0.0,4.0,3.0,11.0,9.0
22200922,1610612753,ORL,Orlando,203914,Gary Harris,Gary,G,,27:48,2.0,5.0,0.4,2.0,5.0,0.4,0.0,0.0,0.0,0.0,0.0,0.0,1.0,1.0,0.0,1.0,1.0,6.0,12.0
22200922,1610612753,ORL,Orlando,1628365,Markelle Fultz,Markelle,G,,29:53,6.0,9.0,0.667,1.0,3.0,0.333,1.0,1.0,1.0,2.0,3.0,5.0,5.0,2.0,0.0,1.0,1.0,14.0,19.0
22200922,1610612753,ORL,Orlando,1629021,Moritz Wagner,Moritz,,,22:36,4.0,9.0,0.444,2.0,4.0,0.5,4.0,6.0,0.667,1.0,2.0,3.0,2.0,0.0,0.0,3.0,2.0,14.0,-1.0
22200922,1610612753,ORL,Orlando,1630175,Cole Anthony,Cole,,,26:39,1.0,6.0,0.167,0.0,3.0,0.0,0.0,0.0,0.0,0.0,3.0,3.0,2.0,1.0,0.0,2.0,4.0,2.0,3.0
22200922,1610612753,ORL,Orlando,1630591,Jalen Suggs,Jalen,,,23:12,3.0,11.0,0.273,1.0,4.0,0.25,2.0,2.0,1.0,3.0,2.0,5.0,3.0,0.0,0.0,1.0,4.0,9.0,-8.0
22200922,1610612753,ORL,Orlando,1629626,Bol Bol,Bol,,,13:44,2.0,3.0,0.667,0.0,1.0,0.0,1.0,2.0,0.5,0.0,3.0,3.0,0.0,1.0,0.0,0.0,0.0,5.0,-4.0
22200922,1610612753,ORL,Orlando,1629048,Goga Bitadze,Goga,,DNP - Coach's Decision,,,,,,,,,,,,,,,,,,,,
22200922,1610612753,ORL,Orlando,203487,Michael Carter-Williams,Michael,,DNP - Coach's Decision,,,,,,,,,,,,,,,,,,,,
22200922,1610612753,ORL,Orlando,1629643,Chuma Okeke,Chuma,,DNP - Coach's Decision,,,,,,,,,,,,,,,,,,,,
22200922,1610612753,ORL,Orlando,1629678,Admiral Schofield,Admiral,,DNP - Coach's Decision,,,,,,,,,,,,,,,,,,,,
22200922,1610612740,NOP,New Orleans,1630529,Herbert Jones,Herbert,F,,32:38,3.0,9.0,0.333,1.0,3.0,0.333,3.0,4.0,0.75,2.0,4.0,6.0,2.0,1.0,1.0,1.0,3.0,10.0,1.0
22200922,1610612740,NOP,New Orleans,1627742,Brandon Ingram,Brandon,F,,37:36,8.0,19.0,0.421,2.0,7.0,0.286,7.0,8.0,0.875,1.0,5.0,6.0,5.0,0.0,0.0,3.0,5.0,25.0,-13.0
22200922,1610612740,NOP,New Orleans,202685,Jonas Valančiūnas,Jonas,C,,23:15,2.0,4.0,0.5,0.0,0.0,0.0,4.0,4.0,1.0,0.0,5.0,5.0,2.0,0.0,1.0,3.0,2.0,8.0,3.0
22200922,1610612740,NOP,New Orleans,1626196,Josh Richardson,Josh,G,,26:56,3.0,4.0,0.75,0.0,1.0,0.0,2.0,2.0,1.0,0.0,2.0,2.0,2.0,2.0,0.0,1.0,5.0,8.0,-7.0
22200922,1610612740,NOP,New Orleans,203468,CJ McCollum,CJ,G,,36:06,8.0,18.0,0.444,1.0,8.0,0.125,1.0,2.0,0.5,2.0,0.0,2.0,6.0,1.0,0.0,3.0,5.0,18.0,-2.0
22200922,1610612740,NOP,New Orleans,1629637,Jaxson Hayes,Jaxson,,,24:45,3.0,4.0,0.75,0.0,0.0,0.0,0.0,0.0,0.0,0.0,5.0,5.0,0.0,2.0,0.0,1.0,4.0,6.0,-11.0
22200922,1610612740,NOP,New Orleans,1630631,Jose Alvarado,Jose,,,15:06,3.0,7.0,0.429,1.0,3.0,0.333,0.0,0.0,0.0,2.0,1.0,3.0,0.0,1.0,0.0,1.0,0.0,7.0,-10.0
22200922,1610612740,NOP,New Orleans,1630230,Naji Marshall,Naji,,,22:59,2.0,3.0,0.667,0.0,1.0,0.0,0.0,0.0,0.0,1.0,5.0,6.0,3.0,1.0,0.0,2.0,1.0,4.0,-1.0
22200922,1610612740,NOP,New Orleans,1630530,Trey Murphy III,Trey,,,20:39,2.0,8.0,0.25,1.0,4.0,0.25,2.0,3.0,0.667,1.0,2.0,3.0,3.0,1.0,0.0,2.0,1.0,7.0,0.0
22200922,1610612740,NOP,New Orleans,1630700,Dyson Daniels,Dyson,,DNP - Coach's Decision,,,,,,,,,,,,,,,,,,,,
22200922,1610612740,NOP,New Orleans,1626195,Willy Hernangomez,Willy,,DNP - Coach's Decision,,,,,,,,,,,,,,,,,,,,
22200922,1610612740,NOP,New Orleans,1630184,Kira Lewis Jr.,Kira,,DNP - Coach's Decision,,,,,,,,,,,,,,,,,,,,
22200922,1610612740,NOP,New Orleans,202066,Garrett Temple,Garrett,,DNP - Coach's Decision,,,,,,,,,,,,,,,,,,,,
22200921,1610612738,BOS,Boston,201143,Al Horford,Al,F,,27:53,5.0,9.0,0.556,3.0,7.0,0.429,0.0,0.0,0.0,0.0,2.0,2.0,1.0,0.0,0.0,0.0,1.0,13.0,-2.0
22200921,1610612738,BOS,Boston,1628369,Jayson Tatum,Jayson,F,,36:41,6.0,18.0,0.333,1.0,9.0,0.111,1.0,1.0,1.0,2.0,5.0,7.0,9.0,1.0,0.0,4.0,1.0,14.0,-18.0
22200921,1610612738,BOS,Boston,1629057,Robert Williams III,Robert,C,,28:56,3.0,4.0,0.75,0.0,0.0,0.0,0.0,2.0,0.0,2.0,5.0,7.0,0.0,0.0,2.0,0.0,3.0,6.0,-9.0
22200921,1610612738,BOS,Boston,203935,Marcus Smart,Marcus,G,,33:35,7.0,15.0,0.467,2.0,7.0,0.286,3.0,4.0,0.75,1.0,3.0,4.0,2.0,1.0,2.0,1.0,3.0,19.0,-8.0
22200921,1610612738,BOS,Boston,1628401,Derrick White,Derrick,G,,31:38,4.0,11.0,0.364,0.0,5.0,0.0,5.0,5.0,1.0,1.0,5.0,6.0,4.0,0.0,1.0,2.0,2.0,13.0,0.0
22200921,1610612738,BOS,Boston,201933,Blake Griffin,Blake,,,5:36,0.0,2.0,0.0,0.0,2.0,0.0,0.0,0.0,0.0,0.0,1.0,1.0,1.0,0.0,0.0,1.0,2.0,0.0,-11.0
22200921,1610612738,BOS,Boston,1627763,Malcolm Brogdon,Malcolm,,,27:31,10.0,16.0,0.625,2.0,5.0,0.4,0.0,0.0,0.0,0.0,2.0,2.0,2.0,1.0,1.0,0.0,3.0,22.0,-10.0
22200921,1610612738,BOS,Boston,1629684,Grant Williams,Grant,,,16:09,0.0,2.0,0.0,0.0,2.0,0.0,2.0,2.0,1.0,0.0,2.0,2.0,2.0,1.0,0.0,2.0,4.0,2.0,-9.0
22200921,1610612738,BOS,Boston,1630573,Sam Hauser,Sam,,,15:56,1.0,4.0,0.25,0.0,3.0,0.0,0.0,0.0,0.0,1.0,1.0,2.0,0.0,1.0,1.0,1.0,1.0,2.0,-7.0
22200921,1610612738,BOS,Boston,203488,Mike Muscala,Mike,,,11:29,1.0,2.0,0.5,1.0,2.0,0.5,0.0,0.0,0.0,0.0,1.0,1.0,0.0,0.0,1.0,0.0,2.0,3.0,0.0
22200921,1610612738,BOS,Boston,1628436,Luke Kornet,Luke,,,2:36,0.0,0.0,0.0,0.0,0.0,0.0,0.0,0.0,0.0,0.0,0.0,0.0,0.0,0.0,0.0,0.0,0.0,0.0,-1.0
22200921,1610612738,BOS,Boston,1630202,Payton Pritchard,Payton,,,2:00,0.0,1.0,0.0,0.0,0.0,0.0,0.0,0.0,0.0,0.0,1.0,1.0,0.0,0.0,0.0,0.0,0.0,0.0,0.0
22200921,1610612752,NYK,New York,1629628,RJ Barrett,RJ,F,,25:47,4.0,14.0,0.286,1.0,3.0,0.333,1.0,1.0,1.0,1.0,6.0,7.0,2.0,0.0,0.0,5.0,3.0,10.0,-6.0
22200921,1610612752,NYK,New York,203944,Julius Randle,Julius,F,,35:52,7.0,16.0,0.438,3.0,9.0,0.333,6.0,9.0,0.667,1.0,6.0,7.0,4.0,0.0,0.0,1.0,2.0,23.0,8.0
22200921,1610612752,NYK,New York,1629011,Mitchell Robinson,Mitchell,C,,31:41,5.0,5.0,1.0,0.0,0.0,0.0,0.0,4.0,0.0,2.0,11.0,13.0,0.0,2.0,2.0,1.0,1.0,10.0,7.0
22200921,1610612752,NYK,New York,1628973,Jalen Brunson,Jalen,G,,39:32,4.0,12.0,0.333,0.0,4.0,0.0,9.0,12.0,0.75,0.0,4.0,4.0,3.0,1.0,0.0,1.0,0.0,17.0,21.0
22200921,1610612752,NYK,New York,1629656,Quentin Grimes,Quentin,G,,21:22,2.0,5.0,0.4,1.0,3.0,0.333,0.0,0.0,0.0,0.0,0.0,0.0,4.0,0.0,1.0,0.0,0.0,5.0,0.0
22200921,1610612752,NYK,New York,1630193,Immanuel Quickley,Immanuel,,,30:33,7.0,13.0,0.538,4.0,7.0,0.571,5.0,6.0,0.833,0.0,3.0,3.0,2.0,1.0,0.0,0.0,1.0,23.0,15.0
22200921,1610612752,NYK,New York,1628404,Josh Hart,Josh,,,26:46,5.0,8.0,0.625,2.0,3.0,0.667,0.0,0.0,0.0,1.0,4.0,5.0,5.0,2.0,0.0,1.0,0.0,12.0,15.0
22200921,1610612752,NYK,New York,1628392,Isaiah Hartenstein,Isaiah,,,16:15,0.0,1.0,0.0,0.0,0.0,0.0,0.0,0.0,0.0,0.0,1.0,1.0,0.0,0.0,0.0,1.0,3.0,0.0,8.0
22200921,1610612752,NYK,New York,1630540,Miles McBride,Miles,,,0:04,0.0,0.0,0.0,0.0,0.0,0.0,0.0,0.0,0.0,0.0,0.0,0.0,0.0,0.0,0.0,0.0,0.0,0.0,0.0
22200921,1610612752,NYK,New York,1630167,Obi Toppin,Obi,,,12:08,3.0,4.0,0.75,1.0,2.0,0.5,2.0,2.0,1.0,2.0,2.0,4.0,0.0,0.0,0.0,1.0,1.0,9.0,7.0
22200921,1610612752,NYK,New York,203095,Evan Fournier,Evan,,DNP - Coach's Decision,,,,,,,,,,,,,,,,,,,,
22200921,1610612752,NYK,New York,1631211,Trevor Keels,Trevor,,DNP - Coach's Decision,,,,,,,,,,,,,,,,,,,,
22200921,1610612752,NYK,New York,201565,Derrick Rose,Derrick,,DNP - Coach's Decision,,,,,,,,,,,,,,,,,,,,
22200921,1610612752,NYK,New York,1630579,Jericho Sims,Jericho,,DNP - Coach's Decision,,,,,,,,,,,,,,,,,,,,
22200919,1610612765,DET,Detroit,202692,Alec Burks,Alec,F,,30:15,6.0,15.0,0.4,1.0,8.0,0.125,4.0,4.0,1.0,0.0,4.0,4.0,2.0,1.0,0.0,2.0,2.0,17.0,-3.0
22200919,1610612765,DET,Detroit,1630587,Isaiah Livers,Isaiah,F,,8:19,0.0,3.0,0.0,0.0,3.0,0.0,0.0,0.0,0.0,0.0,0.0,0.0,0.0,1.0,0.0,0.0,0.0,0.0,-9.0
22200919,1610612765,DET,Detroit,1630164,James Wiseman,James,C,,26:38,9.0,11.0,0.818,1.0,1.0,1.0,4.0,6.0,0.667,4.0,3.0,7.0,0.0,0.0,0.0,0.0,0.0,23.0,-11.0
22200919,1610612765,DET,Detroit,203585,Rodney McGruder,Rodney,G,,30:22,1.0,6.0,0.167,1.0,4.0,0.25,1.0,2.0,0.5,1.0,2.0,3.0,1.0,1.0,0.0,0.0,1.0,4.0,-13.0
22200919,1610612765,DET,Detroit,1630165,Killian Hayes,Killian,G,,35:19,4.0,13.0,0.308,0.0,2.0,0.0,4.0,4.0,1.0,0.0,4.0,4.0,10.0,4.0,2.0,1.0,3.0,12.0,-13.0
22200919,1610612765,DET,Detroit,1628963,Marvin Bagley III,Marvin,,,24:28,10.0,16.0,0.625,0.0,2.0,0.0,1.0,3.0,0.333,4.0,8.0,12.0,1.0,0.0,0.0,2.0,3.0,21.0,-1.0
22200919,1610612765,DET,Detroit,1628977,Hamidou Diallo,Hamidou,,,33:03,10.0,15.0,0.667,0.0,1.0,0.0,3.0,6.0,0.5,1.0,2.0,3.0,2.0,3.0,0.0,1.0,5.0,23.0,-11.0
22200919,1610612765,DET,Detroit,202709,Cory Joseph,Cory,,,28:10,1.0,7.0,0.143,0.0,2.0,0.0,2.0,2.0,1.0,0.0,1.0,1.0,1.0,1.0,0.0,2.0,3.0,4.0,1.0
22200919,1610612765,DET,Detroit,1630181,R.J. Hampton,R.J.,,,23:26,1.0,6.0,0.167,0.0,3.0,0.0,0.0,0.0,0.0,0.0,5.0,5.0,1.0,1.0,1.0,1.0,1.0,2.0,5.0
22200919,1610612765,DET,Detroit,1631105,Jalen Duren,Jalen,,DNP - Injury/Illness,,,,,,,,,,,,,,,,,,,,
22200919,1610612765,DET,Detroit,1631093,Jaden Ivey,Jaden,,DNP - Personal,,,,,,,,,,,,,,,,,,,,
22200919,1610612765,DET,Detroit,1630191,Isaiah Stewart,Isaiah,,DNP - Injury/Illness,,,,,,,,,,,,,,,,,,,,
22200919,1610612766,CHA,Charlotte,202330,Gordon Hayward,Gordon,F,,35:35,8.0,15.0,0.533,0.0,3.0,0.0,3.0,3.0,1.0,0.0,5.0,5.0,6.0,2.0,0.0,5.0,1.0,19.0,6.0
22200919,1610612766,CHA,Charlotte,1630550,JT Thor,JT,F,,22:13,3.0,4.0,0.75,1.0,1.0,1.0,0.0,0.0,0.0,0.0,0.0,0.0,0.0,1.0,0.0,0.0,1.0,7.0,8.0
22200919,1610612766,CHA,Charlotte,1631109,Mark Williams,Mark,C,,29:43,7.0,10.0,0.7,0.0,0.0,0.0,1.0,2.0,0.5,4.0,7.0,11.0,3.0,0.0,1.0,2.0,4.0,15.0,13.0
22200919,1610612766,CHA,Charlotte,1626179,Terry Rozier,Terry,G,,37:56,9.0,19.0,0.474,3.0,8.0,0.375,1.0,1.0,1.0,0.0,3.0,3.0,3.0,1.0,0.0,1.0,3.0,22.0,11.0
22200919,1610612766,CHA,Charlotte,1630163,LaMelo Ball,LaMelo,G,,20:59,6.0,9.0,0.667,6.0,7.0,0.857,0.0,1.0,0.0,0.0,6.0,6.0,5.0,0.0,0.0,5.0,3.0,18.0,14.0
22200919,1610612766,CHA,Charlotte,1628372,Dennis Smith Jr.,Dennis,,,32:10,1.0,8.0,0.125,0.0,1.0,0.0,5.0,6.0,0.833,1.0,2.0,3.0,7.0,1.0,0.0,1.0,2.0,7.0,9.0
22200919,1610612766,CHA,Charlotte,1630539,Kai Jones,Kai,,,10:38,1.0,1.0,1.0,0.0,0.0,0.0,0.0,0.0,0.0,0.0,3.0,3.0,0.0,1.0,1.0,0.0,0.0,2.0,7.0
22200919,1610612766,CHA,Charlotte,1630208,Nick Richards,Nick,,,18:17,2.0,5.0,0.4,0.0,0.0,0.0,5.0,6.0,0.833,2.0,7.0,9.0,0.0,0.0,1.0,0.0,2.0,9.0,-2.0
22200919,1610612766,CHA,Charlotte,1626162,Kelly Oubre Jr.,Kelly,,,27:34,6.0,12.0,0.5,3.0,6.0,0.5,3.0,3.0,1.0,0.0,5.0,5.0,0.0,2.0,0.0,2.0,5.0,18.0,1.0
22200919,1610612766,CHA,Charlotte,1631121,Bryce McGowens,Bryce,,,4:55,0.0,0.0,0.0,0.0,0.0,0.0,0.0,0.0,0.0,0.0,1.0,1.0,0.0,0.0,0.0,0.0,1.0,0.0,-12.0
22200919,1610612766,CHA,Charlotte,1630547,James Bouknight,James,,DNP - Coach's Decision,,,,,,,,,,,,,,,,,,,,
22200919,1610612766,CHA,Charlotte,1629004,Svi Mykhailiuk,Svi,,DNP - Coach's Decision,,,,,,,,,,,,,,,,,,,,
22200920,1610612748,MIA,Miami,202710,Jimmy Butler III,Jimmy,F,,32:08,9.0,14.0,0.643,1.0,1.0,1.0,4.0,6.0,0.667,4.0,7.0,11.0,9.0,4.0,0.0,3.0,1.0,23.0,-1.0
22200920,1610612748,MIA,Miami,201567,Kevin Love,Kevin,F,,21:03,3.0,8.0,0.375,2.0,6.0,0.333,0.0,0.0,0.0,2.0,3.0,5.0,2.0,1.0,0.0,1.0,3.0,8.0,1.0
22200920,1610612748,MIA,Miami,1628389,Bam Adebayo,Bam,C,,32:14,4.0,14.0,0.286,0.0,0.0,0.0,5.0,6.0,0.833,2.0,5.0,7.0,2.0,1.0,1.0,5.0,3.0,13.0,-7.0
22200920,1610612748,MIA,Miami,1629639,Tyler Herro,Tyler,G,,34:38,3.0,13.0,0.231,2.0,9.0,0.222,0.0,0.0,0.0,1.0,2.0,3.0,2.0,1.0,0.0,0.0,1.0,8.0,3.0
22200920,1610612748,MIA,Miami,1629216,Gabe Vincent,Gabe,G,,30:21,5.0,12.0,0.417,4.0,8.0,0.5,0.0,0.0,0.0,2.0,1.0,3.0,1.0,0.0,0.0,0.0,3.0,14.0,-7.0
22200920,1610612748,MIA,Miami,1629622,Max Strus,Max,,,23:54,4.0,9.0,0.444,3.0,8.0,0.375,2.0,2.0,1.0,1.0,0.0,1.0,0.0,0.0,0.0,0.0,3.0,13.0,6.0
22200920,1610612748,MIA,Miami,203469,Cody Zeller,Cody,,,15:46,2.0,3.0,0.667,0.0,0.0,0.0,1.0,4.0,0.25,0.0,1.0,1.0,0.0,0.0,2.0,0.0,3.0,5.0,9.0
22200920,1610612748,MIA,Miami,203506,Victor Oladipo,Victor,,,19:19,4.0,6.0,0.667,3.0,5.0,0.6,0.0,0.0,0.0,0.0,2.0,2.0,2.0,2.0,0.0,3.0,3.0,11.0,4.0
22200920,1610612748,MIA,Miami,1628997,Caleb Martin,Caleb,,,30:38,1.0,2.0,0.5,0.0,0.0,0.0,4.0,4.0,1.0,0.0,4.0,4.0,3.0,1.0,0.0,0.0,0.0,6.0,2.0
22200920,1610612748,MIA,Miami,2617,Udonis Haslem,Udonis,,DNP - Coach's Decision,,,,,,,,,,,,,,,,,,,,
22200920,1610612748,MIA,Miami,1629312,Haywood Highsmith,Haywood,,DNP - Coach's Decision,,,,,,,,,,,,,,,,,,,,
22200920,1610612748,MIA,Miami,1629130,Duncan Robinson,Duncan,,DNP - Coach's Decision,,,,,,,,,,,,,,,,,,,,
22200920,1610612755,PHI,Philadelphia,202699,Tobias Harris,Tobias,F,,34:30,1.0,4.0,0.25,0.0,2.0,0.0,0.0,0.0,0.0,0.0,5.0,5.0,1.0,1.0,0.0,2.0,3.0,2.0,6.0
22200920,1610612755,PHI,Philadelphia,200782,P.J. Tucker,P.J.,F,,33:16,2.0,2.0,1.0,2.0,2.0,1.0,2.0,2.0,1.0,1.0,3.0,4.0,0.0,2.0,0.0,1.0,2.0,8.0,-7.0
22200920,1610612755,PHI,Philadelphia,203954,Joel Embiid,Joel,C,,33:35,10.0,17.0,0.588,0.0,1.0,0.0,7.0,7.0,1.0,3.0,9.0,12.0,2.0,0.0,1.0,6.0,4.0,27.0,-2.0
22200920,1610612755,PHI,Philadelphia,1629001,De'Anthony Melton,De'Anthony,G,,30:38,2.0,8.0,0.25,1.0,5.0,0.2,1.0,1.0,1.0,0.0,3.0,3.0,2.0,1.0,2.0,2.0,0.0,6.0,-2.0
22200920,1610612755,PHI,Philadelphia,201935,James Harden,James,G,,39:16,5.0,14.0,0.357,3.0,8.0,0.375,7.0,8.0,0.875,1.0,5.0,6.0,12.0,2.0,0.0,4.0,1.0,20.0,10.0
22200920,1610612755,PHI,Philadelphia,1630178,Tyrese Maxey,Tyrese,,,27:27,8.0,16.0,0.5,4.0,7.0,0.571,3.0,4.0,0.75,0.0,1.0,1.0,2.0,0.0,0.0,2.0,6.0,23.0,0.0
22200920,1610612755,PHI,Philadelphia,1627777,Georges Niang,Georges,,,7:21,1.0,3.0,0.333,0.0,2.0,0.0,0.0,0.0,0.0,0.0,1.0,1.0,0.0,0.0,0.0,0.0,2.0,2.0,-12.0
22200920,1610612755,PHI,Philadelphia,1629003,Shake Milton,Shake,,,10:19,1.0,3.0,0.333,0.0,0.0,0.0,1.0,2.0,0.5,0.0,0.0,0.0,0.0,0.0,0.0,0.0,2.0,3.0,-2.0
22200920,1610612755,PHI,Philadelphia,1629667,Jalen McDaniels,Jalen,,,10:16,0.0,2.0,0.0,0.0,0.0,0.0,2.0,2.0,1.0,3.0,1.0,4.0,1.0,1.0,0.0,1.0,4.0,2.0,-1.0
22200920,1610612755,PHI,Philadelphia,1630194,Paul Reed,Paul,,,13:22,2.0,4.0,0.5,0.0,0.0,0.0,2.0,2.0,1.0,1.0,2.0,3.0,0.0,0.0,0.0,0.0,0.0,6.0,0.0
22200920,1610612755,PHI,Philadelphia,1626149,Montrezl Harrell,Montrezl,,DNP - Coach's Decision,,,,,,,,,,,,,,,,,,,,
22200920,1610612755,PHI,Philadelphia,1627863,Danuel House Jr.,Danuel,,DNP - Coach's Decision,,,,,,,,,,,,,,,,,,,,
22200920,1610612755,PHI,Philadelphia,1627788,Furkan Korkmaz,Furkan,,DNP - Coach's Decision,,,,,,,,,,,,,,,,,,,,
22200913,1610612747,LAL,Los Angeles,1629020,Jarred Vanderbilt,Jarred,F,,26:50,6.0,8.0,0.75,1.0,1.0,1.0,2.0,2.0,1.0,8.0,9.0,17.0,1.0,4.0,0.0,1.0,3.0,15.0,15.0
22200913,1610612747,LAL,Los Angeles,2544,LeBron James,LeBron,F,,36:51,10.0,23.0,0.435,1.0,6.0,0.167,5.0,7.0,0.714,3.0,5.0,8.0,3.0,1.0,1.0,3.0,4.0,26.0,0.0
22200913,1610612747,LAL,Los Angeles,203076,Anthony Davis,Anthony,C,,36:40,12.0,20.0,0.6,0.0,2.0,0.0,6.0,9.0,0.667,4.0,11.0,15.0,4.0,1.0,3.0,1.0,2.0,30.0,16.0
22200913,1610612747,LAL,Los Angeles,1627736,Malik Beasley,Malik,G,,34:22,3.0,14.0,0.214,2.0,11.0,0.182,0.0,1.0,0.0,0.0,3.0,3.0,4.0,2.0,0.0,1.0,3.0,8.0,14.0
22200913,1610612747,LAL,Los Angeles,203471,Dennis Schröder,Dennis,G,,34:35,5.0,12.0,0.417,0.0,4.0,0.0,6.0,6.0,1.0,0.0,1.0,1.0,8.0,0.0,0.0,1.0,0.0,16.0,17.0
22200913,1610612747,LAL,Los Angeles,1629060,Rui Hachimura,Rui,,,11:12,1.0,5.0,0.2,0.0,1.0,0.0,0.0,0.0,0.0,0.0,2.0,2.0,0.0,0.0,0.0,0.0,0.0,2.0,-17.0
22200913,1610612747,LAL,Los Angeles,1628972,Troy Brown Jr.,Troy,,,20:05,2.0,6.0,0.333,1.0,4.0,0.25,0.0,0.0,0.0,1.0,2.0,3.0,2.0,1.0,0.0,1.0,2.0,5.0,2.0
22200913,1610612747,LAL,Los Angeles,1630559,Austin Reaves,Austin,,,27:17,3.0,6.0,0.5,1.0,3.0,0.333,2.0,3.0,0.667,0.0,3.0,3.0,3.0,0.0,0.0,2.0,2.0,9.0,-10.0
22200913,1610612747,LAL,Los Angeles,1629022,Lonnie Walker IV,Lonnie,,,6:21,0.0,2.0,0.0,0.0,2.0,0.0,0.0,0.0,0.0,0.0,1.0,1.0,0.0,0.0,0.0,0.0,0.0,0.0,-12.0
22200913,1610612747,LAL,Los Angeles,1628964,Mo Bamba,Mo,,,5:47,0.0,1.0,0.0,0.0,0.0,0.0,0.0,0.0,0.0,1.0,2.0,3.0,0.0,0.0,0.0,0.0,1.0,0.0,-10.0
22200913,1610612747,LAL,Los Angeles,1629117,Wenyen Gabriel,Wenyen,,DNP - Coach's Decision,,,,,,,,,,,,,,,,,,,,
22200913,1610612747,LAL,Los Angeles,1628432,Davon Reed,Davon,,DNP - Coach's Decision,,,,,,,,,,,,,,,,,,,,
22200913,1610612742,DAL,Dallas,203200,Justin Holiday,Justin,F,,28:24,2.0,5.0,0.4,2.0,5.0,0.4,0.0,0.0,0.0,0.0,0.0,0.0,2.0,0.0,3.0,0.0,3.0,6.0,-5.0
22200913,1610612742,DAL,Dallas,203493,Reggie Bullock Jr.,Reggie,F,,29:42,2.0,7.0,0.286,2.0,6.0,0.333,0.0,0.0,0.0,0.0,5.0,5.0,2.0,1.0,0.0,2.0,3.0,6.0,-5.0
22200913,1610612742,DAL,Dallas,203939,Dwight Powell,Dwight,C,,26:58,2.0,3.0,0.667,0.0,0.0,0.0,2.0,4.0,0.5,3.0,3.0,6.0,1.0,1.0,0.0,2.0,3.0,6.0,-14.0
22200913,1610612742,DAL,Dallas,202681,Kyrie Irving,Kyrie,G,,37:51,8.0,22.0,0.364,2.0,10.0,0.2,3.0,3.0,1.0,3.0,8.0,11.0,5.0,0.0,0.0,3.0,4.0,21.0,-6.0
22200913,1610612742,DAL,Dallas,1629029,Luka Dončić,Luka,G,,36:23,10.0,22.0,0.455,4.0,8.0,0.5,2.0,4.0,0.5,0.0,9.0,9.0,5.0,1.0,0.0,6.0,3.0,26.0,-8.0
22200913,1610612742,DAL,Dallas,1630182,Josh Green,Josh,,,15:33,3.0,6.0,0.5,3.0,5.0,0.6,0.0,0.0,0.0,1.0,2.0,3.0,1.0,0.0,0.0,0.0,4.0,9.0,-3.0
22200913,1610612742,DAL,Dallas,203501,Tim Hardaway Jr.,Tim,,,24:13,5.0,13.0,0.385,4.0,8.0,0.5,3.0,3.0,1.0,0.0,4.0,4.0,2.0,0.0,1.0,1.0,0.0,17.0,8.0
22200913,1610612742,DAL,Dallas,1626174,Christian Wood,Christian,,,20:16,6.0,13.0,0.462,2.0,5.0,0.4,0.0,0.0,0.0,3.0,6.0,9.0,2.0,0.0,1.0,0.0,1.0,14.0,5.0
22200913,1610612742,DAL,Dallas,1628373,Frank Ntilikina,Frank,,,11:32,0.0,0.0,0.0,0.0,0.0,0.0,0.0,0.0,0.0,1.0,0.0,1.0,1.0,1.0,0.0,1.0,0.0,0.0,10.0
22200913,1610612742,DAL,Dallas,202693,Markieff Morris,Markieff,,,9:09,1.0,2.0,0.5,1.0,2.0,0.5,0.0,0.0,0.0,0.0,0.0,0.0,0.0,1.0,0.0,1.0,3.0,3.0,3.0
22200913,1610612742,DAL,Dallas,1630702,Jaden Hardy,Jaden,,DNP - Coach's Decision,,,,,,,,,,,,,,,,,,,,
22200913,1610612742,DAL,Dallas,201580,JaVale McGee,JaVale,,DNP - Coach's Decision,,,,,,,,,,,,,,,,,,,,
22200913,1610612742,DAL,Dallas,1629033,Theo Pinson,Theo,,DNP - Coach's Decision,,,,,,,,,,,,,,,,,,,,
22200917,1610612745,HOU,Houston,1630231,KJ Martin,KJ,F,,32:54,5.0,10.0,0.5,0.0,1.0,0.0,4.0,5.0,0.8,0.0,8.0,8.0,4.0,1.0,0.0,2.0,4.0,14.0,-7.0
22200917,1610612745,HOU,Houston,1631095,Jabari Smith Jr.,Jabari,F,,37:38,3.0,11.0,0.273,0.0,4.0,0.0,3.0,6.0,0.5,2.0,6.0,8.0,4.0,1.0,2.0,2.0,3.0,9.0,-27.0
22200917,1610612745,HOU,Houston,1630578,Alperen Sengun,Alperen,C,,24:46,8.0,16.0,0.5,0.0,0.0,0.0,1.0,2.0,0.5,8.0,2.0,10.0,5.0,0.0,0.0,2.0,4.0,17.0,-14.0
22200917,1610612745,HOU,Houston,1630256,Jae'Sean Tate,Jae'Sean,G,,25:13,7.0,11.0,0.636,0.0,2.0,0.0,3.0,4.0,0.75,1.0,1.0,2.0,2.0,0.0,0.0,1.0,5.0,17.0,-7.0
22200917,1610612745,HOU,Houston,1631102,TyTy Washington Jr.,TyTy,G,,31:55,3.0,10.0,0.3,2.0,7.0,0.286,2.0,2.0,1.0,0.0,4.0,4.0,3.0,1.0,0.0,1.0,0.0,10.0,-4.0
22200917,1610612745,HOU,Houston,1630528,Josh Christopher,Josh,,,14:37,1.0,5.0,0.2,1.0,3.0,0.333,0.0,0.0,0.0,0.0,1.0,1.0,0.0,1.0,0.0,0.0,1.0,3.0,-10.0
22200917,1610612745,HOU,Houston,1631106,Tari Eason,Tari,,,28:27,6.0,12.0,0.5,1.0,1.0,1.0,2.0,2.0,1.0,5.0,5.0,10.0,3.0,2.0,0.0,1.0,4.0,15.0,-11.0
22200917,1610612745,HOU,Houston,1630227,Daishen Nix,Daishen,,,30:16,7.0,19.0,0.368,2.0,7.0,0.286,0.0,0.0,0.0,0.0,1.0,1.0,3.0,1.0,0.0,3.0,3.0,16.0,-9.0
22200917,1610612745,HOU,Houston,1630586,Usman Garuba,Usman,,,7:56,1.0,1.0,1.0,1.0,1.0,1.0,0.0,0.0,0.0,0.0,1.0,1.0,0.0,0.0,0.0,0.0,1.0,3.0,5.0
22200917,1610612745,HOU,Houston,1626246,Boban Marjanović,Boban,,,6:18,4.0,5.0,0.8,0.0,0.0,0.0,2.0,4.0,0.5,2.0,1.0,3.0,0.0,0.0,0.0,1.0,1.0,10.0,-1.0
22200917,1610612745,HOU,Houston,1630620,Darius Days,Darius,,DNP - Coach's Decision,,,,,,,,,,,,,,,,,,,,
22200917,1610612745,HOU,Houston,1631309,Trevor Hudgins,Trevor,,DNP - Coach's Decision,,,,,,,,,,,,,,,,,,,,
22200917,1610612745,HOU,Houston,1626163,Frank Kaminsky,Frank,,DNP - Coach's Decision,,,,,,,,,,,,,,,,,,,,
22200917,1610612757,POR,Portland,1629629,Cam Reddish,Cam,F,,31:14,2.0,3.0,0.667,1.0,2.0,0.5,2.0,2.0,1.0,0.0,2.0,2.0,4.0,3.0,0.0,0.0,3.0,7.0,30.0
22200917,1610612757,POR,Portland,203924,Jerami Grant,Jerami,F,,32:18,5.0,10.0,0.5,1.0,2.0,0.5,2.0,2.0,1.0,1.0,4.0,5.0,1.0,1.0,0.0,4.0,4.0,13.0,14.0
22200917,1610612757,POR,Portland,1629234,Drew Eubanks,Drew,C,,22:24,2.0,2.0,1.0,0.0,0.0,0.0,5.0,10.0,0.5,2.0,6.0,8.0,0.0,1.0,2.0,1.0,4.0,9.0,14.0
22200917,1610612757,POR,Portland,1629680,Matisse Thybulle,Matisse,G,,35:38,3.0,6.0,0.5,2.0,5.0,0.4,0.0,0.0,0.0,1.0,2.0,3.0,2.0,2.0,1.0,0.0,6.0,8.0,29.0
22200917,1610612757,POR,Portland,203081,Damian Lillard,Damian,G,,39:11,22.0,38.0,0.579,13.0,22.0,0.591,14.0,14.0,1.0,1.0,5.0,6.0,6.0,0.0,0.0,2.0,0.0,71.0,21.0
22200917,1610612757,POR,Portland,1631101,Shaedon Sharpe,Shaedon,,,13:24,2.0,5.0,0.4,0.0,2.0,0.0,0.0,0.0,0.0,0.0,0.0,0.0,0.0,0.0,1.0,3.0,0.0,4.0,-14.0
22200917,1610612757,POR,Portland,1629642,Nassir Little,Nassir,,,20:10,3.0,3.0,1.0,3.0,3.0,1.0,2.0,2.0,1.0,0.0,9.0,9.0,2.0,0.0,1.0,0.0,2.0,11.0,-7.0
22200917,1610612757,POR,Portland,1630570,Trendon Watford,Trendon,,,23:36,2.0,3.0,0.667,0.0,0.0,0.0,2.0,5.0,0.4,0.0,3.0,3.0,2.0,0.0,0.0,2.0,2.0,6.0,9.0
22200917,1610612757,POR,Portland,1631133,Jabari Walker,Jabari,,,12:36,1.0,5.0,0.2,0.0,2.0,0.0,0.0,0.0,0.0,1.0,0.0,1.0,0.0,0.0,2.0,0.0,0.0,2.0,-7.0
22200917,1610612757,POR,Portland,1630553,Keon Johnson,Keon,,,8:50,0.0,2.0,0.0,0.0,1.0,0.0,0.0,0.0,0.0,0.0,0.0,0.0,3.0,0.0,0.0,1.0,0.0,0.0,-4.0
22200917,1610612757,POR,Portland,1628995,Kevin Knox II,Kevin,,,0:40,0.0,0.0,0.0,0.0,0.0,0.0,0.0,0.0,0.0,0.0,0.0,0.0,0.0,0.0,0.0,0.0,0.0,0.0,0.0
22200914,1610612761,TOR,Toronto,1628384,OG Anunoby,OG,F,,34:14,3.0,7.0,0.429,1.0,2.0,0.5,0.0,0.0,0.0,0.0,1.0,1.0,1.0,1.0,0.0,1.0,4.0,7.0,-30.0
22200914,1610612761,TOR,Toronto,1627783,Pascal Siakam,Pascal,F,,32:54,10.0,24.0,0.417,4.0,7.0,0.571,1.0,1.0,1.0,2.0,6.0,8.0,5.0,0.0,0.0,4.0,2.0,25.0,-18.0
22200914,1610612761,TOR,Toronto,1627751,Jakob Poeltl,Jakob,C,,27:14,5.0,6.0,0.833,0.0,0.0,0.0,3.0,3.0,1.0,0.0,9.0,9.0,3.0,2.0,1.0,0.0,0.0,13.0,-16.0
22200914,1610612761,TOR,Toronto,1630567,Scottie Barnes,Scottie,G,,31:24,5.0,13.0,0.385,0.0,1.0,0.0,2.0,3.0,0.667,1.0,2.0,3.0,5.0,0.0,2.0,2.0,2.0,12.0,-15.0
22200914,1610612761,TOR,Toronto,1629018,Gary Trent Jr.,Gary,G,,26:57,2.0,13.0,0.154,1.0,5.0,0.2,2.0,2.0,1.0,3.0,3.0,6.0,1.0,0.0,0.0,0.0,0.0,7.0,-11.0
22200914,1610612761,TOR,Toronto,1630173,Precious Achiuwa,Precious,,,16:04,3.0,6.0,0.5,1.0,1.0,1.0,0.0,0.0,0.0,1.0,2.0,3.0,0.0,0.0,0.0,2.0,1.0,7.0,-10.0
22200914,1610612761,TOR,Toronto,1628449,Chris Boucher,Chris,,,18:27,2.0,6.0,0.333,0.0,2.0,0.0,2.0,2.0,1.0,5.0,1.0,6.0,0.0,0.0,1.0,2.0,2.0,6.0,-12.0
22200914,1610612761,TOR,Toronto,1630288,Jeff Dowtin Jr.,Jeff,,,17:45,3.0,7.0,0.429,1.0,1.0,1.0,0.0,0.0,0.0,0.0,1.0,1.0,2.0,0.0,0.0,2.0,1.0,7.0,-10.0
22200914,1610612761,TOR,Toronto,1630580,Joe Wieskamp,Joe,,,6:42,0.0,3.0,0.0,0.0,3.0,0.0,0.0,0.0,0.0,0.0,2.0,2.0,0.0,0.0,0.0,0.0,1.0,0.0,-5.0
22200914,1610612761,TOR,Toronto,1630201,Malachi Flynn,Malachi,,,9:09,2.0,3.0,0.667,1.0,1.0,1.0,2.0,4.0,0.5,0.0,1.0,1.0,1.0,0.0,0.0,0.0,1.0,7.0,0.0
22200914,1610612761,TOR,Toronto,201152,Thaddeus Young,Thaddeus,,,0:22,0.0,0.0,0.0,0.0,0.0,0.0,0.0,0.0,0.0,0.0,0.0,0.0,0.0,0.0,0.0,0.0,0.0,0.0,-2.0
22200914,1610612761,TOR,Toronto,1630625,Dalano Banton,Dalano,,,4:42,0.0,1.0,0.0,0.0,0.0,0.0,0.0,0.0,0.0,0.0,1.0,1.0,0.0,1.0,0.0,1.0,1.0,0.0,1.0
22200914,1610612761,TOR,Toronto,1627823,Juancho Hernangomez,Juancho,,,4:42,0.0,1.0,0.0,0.0,1.0,0.0,0.0,0.0,0.0,0.0,1.0,1.0,1.0,0.0,0.0,0.0,0.0,0.0,1.0
22200914,1610612761,TOR,Toronto,1631199,Ron Harper Jr.,Ron,,,4:42,1.0,2.0,0.5,0.0,1.0,0.0,0.0,0.0,0.0,0.0,0.0,0.0,0.0,0.0,0.0,0.0,0.0,2.0,1.0
22200914,1610612761,TOR,Toronto,1631132,Christian Koloko,Christian,,,4:42,0.0,1.0,0.0,0.0,0.0,0.0,0.0,0.0,0.0,1.0,0.0,1.0,0.0,0.0,0.0,0.0,1.0,0.0,1.0
22200914,1610612739,CLE,Cleveland,1630171,Isaac Okoro,Isaac,F,,20:41,3.0,3.0,1.0,2.0,2.0,1.0,0.0,0.0,0.0,0.0,2.0,2.0,1.0,0.0,0.0,0.0,0.0,8.0,10.0
22200914,1610612739,CLE,Cleveland,1630596,Evan Mobley,Evan,F,,33:22,7.0,14.0,0.5,2.0,6.0,0.333,2.0,4.0,0.5,3.0,6.0,9.0,4.0,1.0,1.0,2.0,2.0,18.0,22.0
22200914,1610612739,CLE,Cleveland,1628386,Jarrett Allen,Jarrett,C,,32:47,10.0,13.0,0.769,0.0,1.0,0.0,3.0,3.0,1.0,3.0,8.0,11.0,1.0,0.0,0.0,2.0,0.0,23.0,19.0
22200914,1610612739,CLE,Cleveland,1628378,Donovan Mitchell,Donovan,G,,31:08,13.0,21.0,0.619,8.0,12.0,0.667,1.0,1.0,1.0,1.0,5.0,6.0,4.0,3.0,1.0,3.0,4.0,35.0,12.0
22200914,1610612739,CLE,Cleveland,1629636,Darius Garland,Darius,G,,34:21,6.0,12.0,0.5,3.0,4.0,0.75,3.0,3.0,1.0,1.0,2.0,3.0,11.0,0.0,2.0,0.0,1.0,18.0,39.0
22200914,1610612739,CLE,Cleveland,1627747,Caris LeVert,Caris,,,22:54,2.0,5.0,0.4,1.0,2.0,0.5,2.0,2.0,1.0,0.0,3.0,3.0,6.0,1.0,0.0,1.0,1.0,7.0,13.0
22200914,1610612739,CLE,Cleveland,201937,Ricky Rubio,Ricky,,,19:46,0.0,5.0,0.0,0.0,2.0,0.0,0.0,0.0,0.0,0.0,1.0,1.0,1.0,1.0,0.0,2.0,4.0,0.0,7.0
22200914,1610612739,CLE,Cleveland,1629731,Dean Wade,Dean,,,25:09,1.0,7.0,0.143,1.0,5.0,0.2,0.0,0.0,0.0,0.0,6.0,6.0,2.0,1.0,0.0,0.0,3.0,3.0,10.0
22200914,1610612739,CLE,Cleveland,201980,Danny Green,Danny,,,5:46,1.0,2.0,0.5,1.0,2.0,0.5,1.0,1.0,1.0,0.0,0.0,0.0,0.0,0.0,1.0,2.0,0.0,4.0,-4.0
22200914,1610612739,CLE,Cleveland,203526,Raul Neto,Raul,,,4:42,0.0,0.0,0.0,0.0,0.0,0.0,0.0,0.0,0.0,0.0,2.0,2.0,0.0,0.0,0.0,0.0,2.0,0.0,-1.0
22200914,1610612739,CLE,Cleveland,201577,Robin Lopez,Robin,,,4:42,1.0,1.0,1.0,0.0,0.0,0.0,0.0,0.0,0.0,0.0,0.0,0.0,0.0,0.0,0.0,1.0,0.0,2.0,-1.0
22200914,1610612739,CLE,Cleveland,1630205,Lamar Stevens,Lamar,,,4:42,0.0,1.0,0.0,0.0,0.0,0.0,0.0,0.0,0.0,0.0,2.0,2.0,1.0,0.0,0.0,0.0,0.0,0.0,-1.0
22200914,1610612739,CLE,Cleveland,1626224,Cedi Osman,Cedi,,DNP - Coach's Decision,,,,,,,,,,,,,,,,,,,,
22200914,1610612739,CLE,Cleveland,1629685,Dylan Windler,Dylan,,DNP - Coach's Decision,,,,,,,,,,,,,,,,,,,,
22200918,1610612746,LAC,LA,202695,Kawhi Leonard,Kawhi,F,,38:38,12.0,19.0,0.632,3.0,4.0,0.75,6.0,8.0,0.75,0.0,6.0,6.0,2.0,0.0,1.0,2.0,4.0,33.0,-10.0
22200918,1610612746,LAC,LA,202694,Marcus Morris Sr.,Marcus,F,,32:48,3.0,7.0,0.429,0.0,4.0,0.0,0.0,0.0,0.0,0.0,3.0,3.0,2.0,1.0,0.0,1.0,1.0,6.0,-17.0
22200918,1610612746,LAC,LA,203486,Mason Plumlee,Mason,C,,26:51,2.0,2.0,1.0,0.0,0.0,0.0,3.0,5.0,0.6,2.0,8.0,10.0,1.0,0.0,2.0,1.0,4.0,7.0,-15.0
22200918,1610612746,LAC,LA,202331,Paul George,Paul,G,,35:30,6.0,13.0,0.462,0.0,4.0,0.0,11.0,11.0,1.0,0.0,4.0,4.0,4.0,1.0,1.0,3.0,3.0,23.0,-18.0
22200918,1610612746,LAC,LA,201566,Russell Westbrook,Russell,G,,25:21,6.0,10.0,0.6,1.0,2.0,0.5,4.0,4.0,1.0,0.0,5.0,5.0,4.0,5.0,0.0,2.0,3.0,17.0,-12.0
22200918,1610612746,LAC,LA,1629611,Terance Mann,Terance,,,25:16,3.0,7.0,0.429,1.0,4.0,0.25,0.0,0.0,0.0,1.0,2.0,3.0,3.0,0.0,0.0,0.0,4.0,7.0,5.0
22200918,1610612746,LAC,LA,1630538,Bones Hyland,Bones,,,14:50,4.0,11.0,0.364,2.0,5.0,0.4,0.0,0.0,0.0,2.0,0.0,2.0,2.0,0.0,0.0,0.0,1.0,10.0,8.0
22200918,1610612746,LAC,LA,1626181,Norman Powell,Norman,,,17:14,4.0,9.0,0.444,1.0,3.0,0.333,0.0,1.0,0.0,0.0,0.0,0.0,1.0,1.0,0.0,1.0,2.0,9.0,3.0
22200918,1610612746,LAC,LA,201587,Nicolas Batum,Nicolas,,,21:17,4.0,8.0,0.5,3.0,7.0,0.429,1.0,1.0,1.0,0.0,2.0,2.0,3.0,2.0,0.0,1.0,2.0,12.0,10.0
22200918,1610612746,LAC,LA,201569,Eric Gordon,Eric,,,25:09,0.0,4.0,0.0,0.0,1.0,0.0,0.0,0.0,0.0,1.0,2.0,3.0,2.0,1.0,1.0,1.0,1.0,0.0,-4.0
22200918,1610612746,LAC,LA,1631217,Moussa Diabaté,Moussa,,,1:03,0.0,0.0,0.0,0.0,0.0,0.0,0.0,0.0,0.0,0.0,0.0,0.0,0.0,0.0,0.0,0.0,0.0,0.0,0.0
22200918,1610612746,LAC,LA,1629599,Amir Coffey,Amir,,,1:03,0.0,0.0,0.0,0.0,0.0,0.0,0.0,0.0,0.0,0.0,0.0,0.0,0.0,0.0,0.0,0.0,0.0,0.0,0.0
22200918,1610612746,LAC,LA,203496,Robert Covington,Robert,,DNP - Coach's Decision,,,,,,,,,,,,,,,,,,,,
22200918,1610612743,DEN,Denver,1629008,Michael Porter Jr.,Michael,F,,39:06,12.0,18.0,0.667,4.0,8.0,0.5,1.0,1.0,1.0,0.0,11.0,11.0,0.0,0.0,0.0,0.0,3.0,29.0,17.0
22200918,1610612743,DEN,Denver,203932,Aaron Gordon,Aaron,F,,28:57,3.0,9.0,0.333,0.0,5.0,0.0,0.0,0.0,0.0,0.0,6.0,6.0,6.0,0.0,0.0,2.0,6.0,6.0,5.0
22200918,1610612743,DEN,Denver,203999,Nikola Jokić,Nikola,C,,41:33,14.0,21.0,0.667,0.0,1.0,0.0,12.0,15.0,0.8,8.0,9.0,17.0,10.0,3.0,0.0,1.0,2.0,40.0,11.0
22200918,1610612743,DEN,Denver,203484,Kentavious Caldwell-Pope,Kentavious,G,,37:42,2.0,4.0,0.5,1.0,2.0,0.5,3.0,3.0,1.0,1.0,0.0,1.0,0.0,3.0,0.0,2.0,5.0,8.0,9.0
22200918,1610612743,DEN,Denver,1627750,Jamal Murray,Jamal,G,,41:12,8.0,22.0,0.364,4.0,13.0,0.308,1.0,2.0,0.5,1.0,4.0,5.0,12.0,2.0,0.0,5.0,2.0,21.0,13.0
22200918,1610612743,DEN,Denver,202704,Reggie Jackson,Reggie,,,19:01,2.0,6.0,0.333,2.0,5.0,0.4,1.0,2.0,0.5,0.0,0.0,0.0,4.0,1.0,1.0,0.0,0.0,7.0,-3.0
22200918,1610612743,DEN,Denver,1628971,Bruce Brown,Bruce,,,29:36,5.0,10.0,0.5,1.0,3.0,0.333,2.0,2.0,1.0,1.0,6.0,7.0,2.0,1.0,0.0,1.0,2.0,13.0,6.0
22200918,1610612743,DEN,Denver,1628427,Vlatko Čančar,Vlatko,,,16:49,2.0,3.0,0.667,1.0,2.0,0.5,1.0,2.0,0.5,0.0,0.0,0.0,1.0,0.0,0.0,1.0,0.0,6.0,-6.0
22200918,1610612743,DEN,Denver,1628418,Thomas Bryant,Thomas,,,10:42,1.0,3.0,0.333,0.0,0.0,0.0,2.0,4.0,0.5,0.0,3.0,3.0,0.0,0.0,2.0,2.0,3.0,4.0,-2.0
22200918,1610612743,DEN,Denver,1631128,Christian Braun,Christian,,,0:22,0.0,0.0,0.0,0.0,0.0,0.0,0.0,0.0,0.0,0.0,0.0,0.0,0.0,0.0,0.0,0.0,0.0,0.0,0.0
22200918,1610612743,DEN,Denver,201145,Jeff Green,Jeff,,DNP - Coach's Decision,,,,,,,,,,,,,,,,,,,,
22200918,1610612743,DEN,Denver,201599,DeAndre Jordan,DeAndre,,DNP - Coach's Decision,,,,,,,,,,,,,,,,,,,,
22200918,1610612743,DEN,Denver,202397,Ish Smith,Ish,,DNP - Coach's Decision,,,,,,,,,,,,,,,,,,,,
22200918,1610612743,DEN,Denver,1631212,Peyton Watson,Peyton,,DNP - Coach's Decision,,,,,,,,,,,,,,,,,,,,
22200918,1610612743,DEN,Denver,1631298,Jack White,Jack,,DNP - Coach's Decision,,,,,,,,,,,,,,,,,,,,
22200915,1610612758,SAC,Sacramento,1631099,Keegan Murray,Keegan,F,,31:43,7.0,15.0,0.467,4.0,9.0,0.444,2.0,2.0,1.0,4.0,2.0,6.0,2.0,3.0,0.0,0.0,2.0,20.0,6.0
22200915,1610612758,SAC,Sacramento,203084,Harrison Barnes,Harrison,F,,32:58,4.0,10.0,0.4,1.0,5.0,0.2,0.0,0.0,0.0,2.0,6.0,8.0,4.0,0.0,1.0,0.0,2.0,9.0,24.0
22200915,1610612758,SAC,Sacramento,1627734,Domantas Sabonis,Domantas,C,,35:32,6.0,8.0,0.75,1.0,1.0,1.0,1.0,3.0,0.333,2.0,13.0,15.0,8.0,0.0,0.0,4.0,3.0,14.0,12.0
22200915,1610612758,SAC,Sacramento,1628989,Kevin Huerter,Kevin,G,,19:31,3.0,9.0,0.333,0.0,4.0,0.0,0.0,0.0,0.0,1.0,1.0,2.0,2.0,1.0,0.0,4.0,1.0,6.0,7.0
22200915,1610612758,SAC,Sacramento,1628368,De'Aaron Fox,De'Aaron,G,,36:48,11.0,19.0,0.579,3.0,9.0,0.333,8.0,12.0,0.667,1.0,2.0,3.0,8.0,2.0,0.0,2.0,3.0,33.0,10.0
22200915,1610612758,SAC,Sacramento,1629056,Terence Davis,Terence,,,13:02,2.0,4.0,0.5,2.0,4.0,0.5,0.0,0.0,0.0,0.0,2.0,2.0,0.0,0.0,0.0,2.0,2.0,6.0,-9.0
22200915,1610612758,SAC,Sacramento,1630558,Davion Mitchell,Davion,,,14:03,1.0,3.0,0.333,0.0,1.0,0.0,0.0,0.0,0.0,0.0,0.0,0.0,2.0,0.0,0.0,1.0,1.0,2.0,-6.0
22200915,1610612758,SAC,Sacramento,1626168,Trey Lyles,Trey,,,25:24,5.0,8.0,0.625,3.0,5.0,0.6,3.0,5.0,0.6,2.0,4.0,6.0,3.0,1.0,0.0,1.0,1.0,16.0,4.0
22200915,1610612758,SAC,Sacramento,1628370,Malik Monk,Malik,,,20:07,4.0,6.0,0.667,4.0,5.0,0.8,0.0,0.0,0.0,0.0,3.0,3.0,2.0,0.0,0.0,4.0,4.0,12.0,-2.0
22200915,1610612758,SAC,Sacramento,1629002,Chimezie Metu,Chimezie,,,10:52,2.0,3.0,0.667,0.0,0.0,0.0,2.0,2.0,1.0,1.0,2.0,3.0,1.0,0.0,0.0,1.0,2.0,6.0,-1.0
22200915,1610612758,SAC,Sacramento,203521,Matthew Dellavedova,Matthew,,DNP - Coach's Decision,,,,,,,,,,,,,,,,,,,,
22200915,1610612758,SAC,Sacramento,1628408,PJ Dozier,PJ,,DNP - Coach's Decision,,,,,,,,,,,,,,,,,,,,
22200915,1610612758,SAC,Sacramento,1630556,Kessler Edwards,Kessler,,DNP - Coach's Decision,,,,,,,,,,,,,,,,,,,,
22200915,1610612758,SAC,Sacramento,1626158,Richaun Holmes,Richaun,,DNP - Coach's Decision,,,,,,,,,,,,,,,,,,,,
22200915,1610612758,SAC,Sacramento,203458,Alex Len,Alex,,DNP - Coach's Decision,,,,,,,,,,,,,,,,,,,,
22200915,1610612760,OKC,Oklahoma City,1629652,Luguentz Dort,Luguentz,F,,31:24,7.0,17.0,0.412,4.0,9.0,0.444,0.0,0.0,0.0,2.0,3.0,5.0,1.0,0.0,0.0,2.0,2.0,18.0,-8.0
22200915,1610612760,OKC,Oklahoma City,1631114,Jalen Williams,Jalen,F,,31:18,7.0,12.0,0.583,1.0,2.0,0.5,0.0,0.0,0.0,0.0,2.0,2.0,4.0,3.0,0.0,1.0,2.0,15.0,-15.0
22200915,1610612760,OKC,Oklahoma City,1631119,Jaylin Williams,Jaylin,C,,13:23,1.0,3.0,0.333,1.0,2.0,0.5,2.0,2.0,1.0,1.0,2.0,3.0,2.0,0.0,0.0,1.0,3.0,5.0,-15.0
22200915,1610612760,OKC,Oklahoma City,1630198,Isaiah Joe,Isaiah,G,,27:46,6.0,11.0,0.545,4.0,8.0,0.5,8.0,11.0,0.727,0.0,0.0,0.0,3.0,0.0,0.0,2.0,3.0,24.0,-5.0
22200915,1610612760,OKC,Oklahoma City,1630581,Josh Giddey,Josh,G,,32:03,8.0,10.0,0.8,1.0,1.0,1.0,1.0,2.0,0.5,1.0,6.0,7.0,5.0,1.0,0.0,4.0,0.0,18.0,-4.0
22200915,1610612760,OKC,Oklahoma City,1630526,Jeremiah Robinson-Earl,Jeremiah,,,19:28,2.0,6.0,0.333,1.0,4.0,0.25,2.0,2.0,1.0,0.0,3.0,3.0,1.0,0.0,0.0,0.0,1.0,7.0,6.0
22200915,1610612760,OKC,Oklahoma City,1630598,Aaron Wiggins,Aaron,,,24:29,3.0,6.0,0.5,1.0,3.0,0.333,0.0,0.0,0.0,2.0,0.0,2.0,3.0,2.0,0.0,0.0,0.0,7.0,-10.0
22200915,1610612760,OKC,Oklahoma City,1629026,Kenrich Williams,Kenrich,,,20:20,3.0,8.0,0.375,0.0,3.0,0.0,1.0,3.0,0.333,1.0,4.0,5.0,2.0,2.0,0.0,2.0,4.0,7.0,1.0
22200915,1610612760,OKC,Oklahoma City,1630322,Lindy Waters III,Lindy,,,16:56,4.0,6.0,0.667,3.0,5.0,0.6,1.0,1.0,1.0,0.0,7.0,7.0,1.0,2.0,0.0,0.0,1.0,12.0,4.0
22200915,1610612760,OKC,Oklahoma City,1630544,Tre Mann,Tre,,,14:19,0.0,6.0,0.0,0.0,2.0,0.0,0.0,0.0,0.0,2.0,0.0,2.0,2.0,0.0,0.0,0.0,2.0,0.0,2.0
22200915,1610612760,OKC,Oklahoma City,203967,Dario Šarić,Dario,,,8:34,0.0,1.0,0.0,0.0,1.0,0.0,2.0,2.0,1.0,0.0,1.0,1.0,0.0,0.0,0.0,2.0,1.0,2.0,-1.0
22200915,1610612760,OKC,Oklahoma City,1630647,Eugene Omoruyi,Eugene,,DNP - Coach's Decision,,,,,,,,,,,,,,,,,,,,
22200911,1610612751,BKN,Brooklyn,1629661,Cameron Johnson,Cameron,F,,36:19,10.0,15.0,0.667,3.0,8.0,0.375,4.0,4.0,1.0,1.0,2.0,3.0,1.0,2.0,1.0,0.0,2.0,27.0,-9.0
22200911,1610612751,BKN,Brooklyn,1627827,Dorian Finney-Smith,Dorian,F,,32:22,5.0,10.0,0.5,2.0,6.0,0.333,0.0,0.0,0.0,2.0,6.0,8.0,3.0,2.0,0.0,0.0,2.0,12.0,15.0
22200911,1610612751,BKN,Brooklyn,1629651,Nic Claxton,Nic,C,,29:59,2.0,4.0,0.5,0.0,0.0,0.0,4.0,6.0,0.667,2.0,9.0,11.0,1.0,4.0,3.0,2.0,5.0,8.0,-4.0
22200911,1610612751,BKN,Brooklyn,1628969,Mikal Bridges,Mikal,G,,37:54,8.0,16.0,0.5,2.0,6.0,0.333,6.0,6.0,1.0,0.0,5.0,5.0,3.0,2.0,2.0,0.0,2.0,24.0,7.0
22200911,1610612751,BKN,Brooklyn,203915,Spencer Dinwiddie,Spencer,G,,41:03,7.0,16.0,0.438,2.0,7.0,0.286,4.0,4.0,1.0,0.0,4.0,4.0,8.0,0.0,0.0,4.0,4.0,20.0,7.0
22200911,1610612751,BKN,Brooklyn,1630560,Cam Thomas,Cam,,,29:16,6.0,14.0,0.429,1.0,3.0,0.333,9.0,9.0,1.0,1.0,1.0,2.0,3.0,2.0,0.0,2.0,1.0,22.0,-5.0
22200911,1610612751,BKN,Brooklyn,203925,Joe Harris,Joe,,,6:29,0.0,3.0,0.0,0.0,3.0,0.0,0.0,0.0,0.0,0.0,0.0,0.0,0.0,0.0,0.0,1.0,0.0,0.0,-7.0
22200911,1610612751,BKN,Brooklyn,203552,Seth Curry,Seth,,,6:57,1.0,2.0,0.5,0.0,0.0,0.0,0.0,0.0,0.0,0.0,0.0,0.0,1.0,0.0,0.0,0.0,1.0,2.0,-9.0
22200911,1610612751,BKN,Brooklyn,1626220,Royce O'Neale,Royce,,,19:41,4.0,7.0,0.571,4.0,6.0,0.667,0.0,0.0,0.0,0.0,4.0,4.0,0.0,0.0,0.0,0.0,4.0,12.0,-5.0
22200911,1610612751,BKN,Brooklyn,201988,Patty Mills,Patty,,DNP - Coach's Decision,,,,,,,,,,,,,,,,,,,,
22200911,1610612751,BKN,Brooklyn,1630549,Day'Ron Sharpe,Day'Ron,,DNP - Coach's Decision,,,,,,,,,,,,,,,,,,,,
22200911,1610612751,BKN,Brooklyn,1628410,Edmond Sumner,Edmond,,DNP - Coach's Decision,,,,,,,,,,,,,,,,,,,,
22200911,1610612751,BKN,Brooklyn,1629139,Yuta Watanabe,Yuta,,DNP - Coach's Decision,,,,,,,,,,,,,,,,,,,,
22200911,1610612737,ATL,Atlanta,1629631,De'Andre Hunter,De'Andre,F,,22:23,2.0,3.0,0.667,2.0,2.0,1.0,3.0,4.0,0.75,1.0,2.0,3.0,3.0,0.0,0.0,1.0,4.0,9.0,-17.0
22200911,1610612737,ATL,Atlanta,1628381,John Collins,John,F,,25:46,5.0,8.0,0.625,2.0,3.0,0.667,0.0,0.0,0.0,1.0,3.0,4.0,0.0,0.0,0.0,3.0,1.0,12.0,-16.0
22200911,1610612737,ATL,Atlanta,203991,Clint Capela,Clint,C,,19:29,2.0,6.0,0.333,0.0,0.0,0.0,2.0,6.0,0.333,6.0,6.0,12.0,0.0,0.0,1.0,1.0,0.0,6.0,-16.0
22200911,1610612737,ATL,Atlanta,1627749,Dejounte Murray,Dejounte,G,,32:40,12.0,21.0,0.571,4.0,7.0,0.571,0.0,0.0,0.0,1.0,2.0,3.0,4.0,1.0,0.0,2.0,0.0,28.0,-6.0
22200911,1610612737,ATL,Atlanta,1629027,Trae Young,Trae,G,,33:48,12.0,26.0,0.462,1.0,5.0,0.2,9.0,9.0,1.0,1.0,2.0,3.0,8.0,2.0,0.0,4.0,2.0,34.0,-9.0
22200911,1610612737,ATL,Atlanta,203992,Bogdan Bogdanović,Bogdan,,,28:18,7.0,11.0,0.636,5.0,8.0,0.625,3.0,3.0,1.0,0.0,6.0,6.0,3.0,3.0,0.0,2.0,1.0,22.0,28.0
22200911,1610612737,ATL,Atlanta,1630180,Saddiq Bey,Saddiq,,,31:43,2.0,6.0,0.333,2.0,3.0,0.667,0.0,0.0,0.0,0.0,4.0,4.0,0.0,1.0,0.0,1.0,4.0,6.0,13.0
22200911,1610612737,ATL,Atlanta,1630168,Onyeka Okongwu,Onyeka,,,28:24,3.0,5.0,0.6,0.0,0.0,0.0,4.0,4.0,1.0,3.0,4.0,7.0,1.0,0.0,0.0,1.0,5.0,10.0,16.0
22200911,1610612737,ATL,Atlanta,1630552,Jalen Johnson,Jalen,,,4:54,0.0,1.0,0.0,0.0,0.0,0.0,0.0,0.0,0.0,0.0,2.0,2.0,1.0,0.0,1.0,0.0,0.0,0.0,8.0
22200911,1610612737,ATL,Atlanta,1631100,AJ Griffin,AJ,,,12:36,0.0,3.0,0.0,0.0,2.0,0.0,2.0,2.0,1.0,0.0,2.0,2.0,0.0,0.0,0.0,0.0,1.0,2.0,9.0
22200911,1610612737,ATL,Atlanta,1628981,Bruno Fernando,Bruno,,DNP - Coach's Decision,,,,,,,,,,,,,,,,,,,,
22200911,1610612737,ATL,Atlanta,1628988,Aaron Holiday,Aaron,,DNP - Coach's Decision,,,,,,,,,,,,,,,,,,,,
22200911,1610612737,ATL,Atlanta,1630249,Vít Krejčí,Vít,,DNP - Coach's Decision,,,,,,,,,,,,,,,,,,,,
22200911,1610612737,ATL,Atlanta,1629726,Garrison Mathews,Garrison,,DNP - Coach's Decision,,,,,,,,,,,,,,,,,,,,
22200916,1610612750,MIN,Minnesota,1630183,Jaden McDaniels,Jaden,F,,32:54,5.0,9.0,0.556,2.0,4.0,0.5,0.0,0.0,0.0,0.0,3.0,3.0,1.0,3.0,0.0,1.0,4.0,12.0,-1.0
22200916,1610612750,MIN,Minnesota,203937,Kyle Anderson,Kyle,F,,30:22,4.0,8.0,0.5,1.0,3.0,0.333,3.0,3.0,1.0,1.0,8.0,9.0,5.0,0.0,1.0,1.0,2.0,12.0,1.0
22200916,1610612750,MIN,Minnesota,1629675,Naz Reid,Naz,C,,36:11,12.0,22.0,0.545,4.0,11.0,0.364,2.0,5.0,0.4,2.0,7.0,9.0,3.0,5.0,2.0,2.0,3.0,30.0,-6.0
22200916,1610612750,MIN,Minnesota,1630162,Anthony Edwards,Anthony,G,,38:32,5.0,19.0,0.263,2.0,8.0,0.25,0.0,1.0,0.0,0.0,5.0,5.0,7.0,2.0,2.0,5.0,1.0,12.0,1.0
22200916,1610612750,MIN,Minnesota,201144,Mike Conley,Mike,G,,33:50,3.0,7.0,0.429,3.0,5.0,0.6,0.0,0.0,0.0,1.0,2.0,3.0,7.0,1.0,1.0,1.0,2.0,9.0,-2.0
22200916,1610612750,MIN,Minnesota,1629638,Nickeil Alexander-Walker,Nickeil,,,20:53,4.0,12.0,0.333,2.0,6.0,0.333,0.0,0.0,0.0,1.0,3.0,4.0,1.0,0.0,1.0,2.0,1.0,10.0,-2.0
22200916,1610612750,MIN,Minnesota,203085,Austin Rivers,Austin,,,21:19,2.0,8.0,0.25,2.0,5.0,0.4,0.0,4.0,0.0,1.0,0.0,1.0,0.0,0.0,0.0,0.0,2.0,6.0,-14.0
22200916,1610612750,MIN,Minnesota,1629162,Jordan McLaughlin,Jordan,,,14:30,1.0,3.0,0.333,1.0,3.0,0.333,0.0,1.0,0.0,1.0,3.0,4.0,2.0,0.0,0.0,2.0,0.0,3.0,-5.0
22200916,1610612750,MIN,Minnesota,1630233,Nathan Knight,Nathan,,,7:46,1.0,1.0,1.0,0.0,0.0,0.0,1.0,2.0,0.5,1.0,1.0,2.0,0.0,0.0,1.0,1.0,1.0,3.0,7.0
22200916,1610612750,MIN,Minnesota,1630568,Luka Garza,Luka,,,3:43,1.0,1.0,1.0,0.0,0.0,0.0,5.0,5.0,1.0,2.0,1.0,3.0,0.0,0.0,0.0,1.0,2.0,7.0,-4.0
22200916,1610612750,MIN,Minnesota,1631169,Josh Minott,Josh,,DNP - Coach's Decision,,,,,,,,,,,,,,,,,,,,
22200916,1610612750,MIN,Minnesota,1630346,Matt Ryan,Matt,,DNP - Coach's Decision,,,,,,,,,,,,,,,,,,,,
22200916,1610612744,GSW,Golden State,1628978,Donte DiVincenzo,Donte,F,,38:10,7.0,13.0,0.538,4.0,9.0,0.444,3.0,4.0,0.75,2.0,6.0,8.0,5.0,4.0,0.0,3.0,0.0,21.0,9.0
22200916,1610612744,GSW,Golden State,1630228,Jonathan Kuminga,Jonathan,F,,27:17,5.0,10.0,0.5,1.0,1.0,1.0,2.0,2.0,1.0,0.0,5.0,5.0,1.0,1.0,0.0,3.0,1.0,13.0,4.0
22200916,1610612744,GSW,Golden State,1626172,Kevon Looney,Kevon,C,,31:47,4.0,6.0,0.667,0.0,0.0,0.0,4.0,7.0,0.571,7.0,10.0,17.0,2.0,0.0,1.0,0.0,5.0,12.0,7.0
22200916,1610612744,GSW,Golden State,202691,Klay Thompson,Klay,G,,32:58,12.0,23.0,0.522,6.0,14.0,0.429,2.0,2.0,1.0,0.0,5.0,5.0,4.0,0.0,0.0,3.0,3.0,32.0,2.0
22200916,1610612744,GSW,Golden State,1629673,Jordan Poole,Jordan,G,,34:42,5.0,20.0,0.25,1.0,8.0,0.125,4.0,5.0,0.8,1.0,2.0,3.0,4.0,2.0,1.0,4.0,4.0,15.0,8.0
22200916,1610612744,GSW,Golden State,1629660,Ty Jerome,Ty,,,21:24,1.0,5.0,0.2,0.0,1.0,0.0,0.0,0.0,0.0,1.0,3.0,4.0,4.0,3.0,0.0,0.0,3.0,2.0,-4.0
22200916,1610612744,GSW,Golden State,1630237,Anthony Lamb,Anthony,,,24:33,3.0,5.0,0.6,1.0,2.0,0.5,0.0,0.0,0.0,3.0,4.0,7.0,2.0,0.0,2.0,1.0,3.0,7.0,6.0
22200916,1610612744,GSW,Golden State,203210,JaMychal Green,JaMychal,,,12:00,1.0,4.0,0.25,1.0,3.0,0.333,1.0,2.0,0.5,2.0,1.0,3.0,1.0,0.0,1.0,2.0,0.0,4.0,-7.0
22200916,1610612744,GSW,Golden State,1630541,Moses Moody,Moses,,,4:18,0.0,1.0,0.0,0.0,1.0,0.0,0.0,0.0,0.0,0.0,1.0,1.0,0.0,1.0,0.0,0.0,0.0,0.0,0.0
22200916,1610612744,GSW,Golden State,1631116,Patrick Baldwin Jr.,Patrick,,,12:51,1.0,4.0,0.25,1.0,3.0,0.333,0.0,0.0,0.0,0.0,3.0,3.0,0.0,0.0,0.0,0.0,0.0,3.0,0.0
22200916,1610612744,GSW,Golden State,2738,Andre Iguodala,Andre,,DND - Injury/Illness,,,,,,,,,,,,,,,,,,,,
22200916,1610612744,GSW,Golden State,1631157,Ryan Rollins,Ryan,,DND - Injury/Illness,,,,,,,,,,,,,,,,,,,,
22200912,1610612764,WAS,Washington,1630166,Deni Avdija,Deni,F,,27:06,2.0,5.0,0.4,1.0,4.0,0.25,3.0,4.0,0.75,0.0,4.0,4.0,2.0,1.0,0.0,4.0,3.0,8.0,-16.0
22200912,1610612764,WAS,Washington,1628398,Kyle Kuzma,Kyle,F,,38:17,4.0,18.0,0.222,1.0,8.0,0.125,1.0,2.0,0.5,0.0,4.0,4.0,3.0,0.0,0.0,3.0,4.0,10.0,-22.0
22200912,1610612764,WAS,Washington,1629655,Daniel Gafford,Daniel,C,,30:53,7.0,9.0,0.778,0.0,0.0,0.0,1.0,2.0,0.5,5.0,6.0,11.0,1.0,2.0,1.0,2.0,4.0,15.0,-13.0
22200912,1610612764,WAS,Washington,203078,Bradley Beal,Bradley,G,,36:38,7.0,17.0,0.412,1.0,3.0,0.333,3.0,7.0,0.429,1.0,6.0,7.0,8.0,0.0,0.0,3.0,0.0,18.0,0.0
22200912,1610612764,WAS,Washington,1626153,Delon Wright,Delon,G,,28:08,6.0,7.0,0.857,2.0,3.0,0.667,0.0,0.0,0.0,2.0,2.0,4.0,0.0,0.0,0.0,1.0,0.0,14.0,-3.0
22200912,1610612764,WAS,Washington,1630557,Corey Kispert,Corey,,,24:26,3.0,9.0,0.333,1.0,7.0,0.143,0.0,0.0,0.0,1.0,2.0,3.0,2.0,1.0,0.0,0.0,1.0,7.0,-6.0
22200912,1610612764,WAS,Washington,201959,Taj Gibson,Taj,,,12:28,1.0,2.0,0.5,0.0,0.0,0.0,1.0,2.0,0.5,1.0,2.0,3.0,2.0,0.0,0.0,1.0,2.0,3.0,1.0
22200912,1610612764,WAS,Washington,1630692,Jordan Goodwin,Jordan,,,19:28,0.0,2.0,0.0,0.0,1.0,0.0,0.0,0.0,0.0,1.0,3.0,4.0,3.0,1.0,0.0,1.0,2.0,0.0,-14.0
22200912,1610612764,WAS,Washington,1629134,Kendrick Nunn,Kendrick,,,14:44,2.0,7.0,0.286,0.0,2.0,0.0,0.0,0.0,0.0,0.0,1.0,1.0,1.0,0.0,0.0,1.0,0.0,4.0,-15.0
22200912,1610612764,WAS,Washington,1630264,Anthony Gill,Anthony,,,7:52,0.0,0.0,0.0,0.0,0.0,0.0,3.0,6.0,0.5,1.0,0.0,1.0,0.0,0.0,0.0,0.0,2.0,3.0,-12.0
22200912,1610612764,WAS,Washington,1630176,Vernon Carey Jr.,Vernon,,DNP - Coach's Decision,,,,,,,,,,,,,,,,,,,,
22200912,1610612741,CHI,Chicago,201942,DeMar DeRozan,DeMar,F,,35:19,11.0,15.0,0.733,0.0,0.0,0.0,7.0,8.0,0.875,0.0,2.0,2.0,6.0,2.0,0.0,1.0,1.0,29.0,29.0
22200912,1610612741,CHI,Chicago,1627936,Alex Caruso,Alex,F,,25:53,2.0,6.0,0.333,2.0,6.0,0.333,0.0,0.0,0.0,1.0,3.0,4.0,3.0,2.0,0.0,0.0,3.0,6.0,11.0
22200912,1610612741,CHI,Chicago,202696,Nikola Vučević,Nikola,C,,32:22,7.0,16.0,0.438,0.0,6.0,0.0,2.0,2.0,1.0,2.0,11.0,13.0,1.0,0.0,0.0,0.0,2.0,16.0,0.0
22200912,1610612741,CHI,Chicago,203897,Zach LaVine,Zach,G,,33:04,11.0,18.0,0.611,2.0,4.0,0.5,3.0,3.0,1.0,0.0,1.0,1.0,4.0,0.0,1.0,3.0,2.0,27.0,2.0
22200912,1610612741,CHI,Chicago,201976,Patrick Beverley,Patrick,G,,26:07,0.0,4.0,0.0,0.0,3.0,0.0,0.0,0.0,0.0,2.0,3.0,5.0,1.0,0.0,1.0,1.0,4.0,0.0,9.0
22200912,1610612741,CHI,Chicago,1630172,Patrick Williams,Patrick,,,22:07,2.0,4.0,0.5,1.0,2.0,0.5,0.0,0.0,0.0,2.0,2.0,4.0,1.0,0.0,1.0,0.0,1.0,5.0,9.0
22200912,1610612741,CHI,Chicago,1629632,Coby White,Coby,,,25:52,6.0,8.0,0.75,3.0,5.0,0.6,2.0,2.0,1.0,0.0,4.0,4.0,3.0,1.0,0.0,2.0,1.0,17.0,8.0
22200912,1610612741,CHI,Chicago,1630245,Ayo Dosunmu,Ayo,,,21:53,0.0,6.0,0.0,0.0,4.0,0.0,0.0,0.0,0.0,0.0,0.0,0.0,1.0,2.0,0.0,1.0,3.0,0.0,11.0
22200912,1610612741,CHI,Chicago,203083,Andre Drummond,Andre,,,13:53,1.0,2.0,0.5,0.0,0.0,0.0,0.0,2.0,0.0,1.0,4.0,5.0,0.0,0.0,0.0,0.0,1.0,2.0,19.0
22200912,1610612741,CHI,Chicago,1627884,Derrick Jones Jr.,Derrick,,,1:45,0.0,0.0,0.0,0.0,0.0,0.0,0.0,0.0,0.0,0.0,0.0,0.0,0.0,0.0,0.0,0.0,0.0,0.0,1.0
22200912,1610612741,CHI,Chicago,1631207,Dalen Terry,Dalen,,,1:45,0.0,0.0,0.0,0.0,0.0,0.0,0.0,0.0,0.0,0.0,1.0,1.0,1.0,0.0,0.0,0.0,1.0,0.0,1.0
22200910,1610612756,PHX,Phoenix,1629006,Josh Okogie,Josh,F,,32:45,4.0,7.0,0.571,1.0,3.0,0.333,2.0,4.0,0.5,4.0,3.0,7.0,0.0,3.0,0.0,1.0,0.0,11.0,-5.0
22200910,1610612756,PHX,Phoenix,1628470,Torrey Craig,Torrey,F,,26:41,1.0,7.0,0.143,1.0,2.0,0.5,0.0,0.0,0.0,6.0,4.0,10.0,4.0,0.0,1.0,1.0,3.0,3.0,-4.0
22200910,1610612756,PHX,Phoenix,1629028,Deandre Ayton,Deandre,C,,35:25,11.0,21.0,0.524,0.0,0.0,0.0,0.0,0.0,0.0,3.0,8.0,11.0,0.0,0.0,2.0,1.0,3.0,22.0,-1.0
22200910,1610612756,PHX,Phoenix,1626164,Devin Booker,Devin,G,,38:18,9.0,21.0,0.429,1.0,5.0,0.2,5.0,9.0,0.556,1.0,3.0,4.0,8.0,0.0,0.0,4.0,2.0,24.0,-1.0
22200910,1610612756,PHX,Phoenix,101108,Chris Paul,Chris,G,,39:48,7.0,18.0,0.389,2.0,5.0,0.4,2.0,3.0,0.667,0.0,5.0,5.0,7.0,1.0,0.0,4.0,3.0,18.0,3.0
22200910,1610612756,PHX,Phoenix,203082,Terrence Ross,Terrence,,,17:09,3.0,5.0,0.6,1.0,3.0,0.333,0.0,0.0,0.0,0.0,1.0,1.0,0.0,0.0,0.0,0.0,4.0,7.0,4.0
22200910,1610612756,PHX,Phoenix,1626166,Cameron Payne,Cameron,,,7:37,1.0,7.0,0.143,0.0,2.0,0.0,0.0,0.0,0.0,0.0,3.0,3.0,0.0,0.0,0.0,1.0,2.0,2.0,-8.0
22200910,1610612756,PHX,Phoenix,1629111,Jock Landale,Jock,,,12:00,2.0,5.0,0.4,1.0,2.0,0.5,2.0,4.0,0.5,4.0,4.0,8.0,1.0,0.0,1.0,0.0,1.0,7.0,-4.0
22200910,1610612756,PHX,Phoenix,1627814,Damion Lee,Damion,,,12:38,1.0,2.0,0.5,0.0,0.0,0.0,0.0,0.0,0.0,1.0,1.0,2.0,0.0,0.0,0.0,0.0,3.0,2.0,1.0
22200910,1610612756,PHX,Phoenix,1630688,Ish Wainright,Ish,,,17:39,1.0,2.0,0.5,1.0,2.0,0.5,2.0,2.0,1.0,0.0,4.0,4.0,1.0,0.0,1.0,0.0,1.0,5.0,0.0
22200910,1610612756,PHX,Phoenix,1629647,Darius Bazley,Darius,,DNP - Coach's Decision,,,,,,,,,,,,,,,,,,,,
22200910,1610612756,PHX,Phoenix,202687,Bismack Biyombo,Bismack,,DNP - Coach's Decision,,,,,,,,,,,,,,,,,,,,
22200910,1610612756,PHX,Phoenix,1630240,Saben Lee,Saben,,DNP - Coach's Decision,,,,,,,,,,,,,,,,,,,,
22200910,1610612756,PHX,Phoenix,203933,T.J. Warren,T.J.,,DNP - Coach's Decision,,,,,,,,,,,,,,,,,,,,
22200910,1610612749,MIL,Milwaukee,1628960,Grayson Allen,Grayson,F,,26:58,3.0,10.0,0.3,2.0,7.0,0.286,0.0,0.0,0.0,2.0,1.0,3.0,1.0,1.0,0.0,2.0,3.0,8.0,-10.0
22200910,1610612749,MIL,Milwaukee,1626171,Bobby Portis,Bobby,F,,21:26,3.0,7.0,0.429,0.0,1.0,0.0,4.0,4.0,1.0,3.0,3.0,6.0,0.0,0.0,1.0,2.0,2.0,10.0,-1.0
22200910,1610612749,MIL,Milwaukee,201572,Brook Lopez,Brook,C,,35:34,9.0,17.0,0.529,2.0,8.0,0.25,2.0,4.0,0.5,2.0,11.0,13.0,0.0,0.0,4.0,1.0,0.0,22.0,8.0
22200910,1610612749,MIL,Milwaukee,1628975,Jevon Carter,Jevon,G,,24:10,2.0,6.0,0.333,1.0,5.0,0.2,1.0,1.0,1.0,0.0,2.0,2.0,0.0,1.0,0.0,0.0,1.0,6.0,-8.0
22200910,1610612749,MIL,Milwaukee,201950,Jrue Holiday,Jrue,G,,35:11,13.0,22.0,0.591,4.0,9.0,0.444,3.0,4.0,0.75,0.0,4.0,4.0,5.0,1.0,0.0,1.0,1.0,33.0,13.0
22200910,1610612749,MIL,Milwaukee,203109,Jae Crowder,Jae,,,24:38,2.0,3.0,0.667,2.0,3.0,0.667,1.0,2.0,0.5,1.0,2.0,3.0,2.0,1.0,0.0,1.0,4.0,7.0,6.0
22200910,1610612749,MIL,Milwaukee,204060,Joe Ingles,Joe,,,28:39,1.0,3.0,0.333,1.0,3.0,0.333,1.0,2.0,0.5,0.0,2.0,2.0,1.0,0.0,1.0,0.0,5.0,4.0,3.0
22200910,1610612749,MIL,Milwaukee,203114,Khris Middleton,Khris,,,25:29,4.0,13.0,0.308,0.0,3.0,0.0,3.0,4.0,0.75,3.0,7.0,10.0,6.0,0.0,0.0,4.0,3.0,11.0,7.0
22200910,1610612749,MIL,Milwaukee,203086,Meyers Leonard,Meyers,,,5:17,1.0,2.0,0.5,1.0,2.0,0.5,0.0,0.0,0.0,0.0,0.0,0.0,0.0,0.0,0.0,0.0,0.0,3.0,5.0
22200910,1610612749,MIL,Milwaukee,1626192,Pat Connaughton,Pat,,,12:39,0.0,4.0,0.0,0.0,4.0,0.0,0.0,0.0,0.0,0.0,2.0,2.0,0.0,0.0,1.0,0.0,1.0,0.0,-8.0
22200910,1610612749,MIL,Milwaukee,203648,Thanasis Antetokounmpo,Thanasis,,DNP - Coach's Decision,,,,,,,,,,,,,,,,,,,,
22200910,1610612749,MIL,Milwaukee,1630699,MarJon Beauchamp,MarJon,,DNP - Coach's Decision,,,,,,,,,,,,,,,,,,,,
22200910,1610612749,MIL,Milwaukee,1631260,AJ Green,AJ,,DNP - Coach's Decision,,,,,,,,,,,,,,,,,,,,
22200903,1610612761,TOR,Toronto,1628384,OG Anunoby,OG,F,,38:31,2.0,7.0,0.286,0.0,2.0,0.0,2.0,2.0,1.0,1.0,2.0,3.0,2.0,1.0,1.0,1.0,3.0,6.0,-1.0
22200903,1610612761,TOR,Toronto,1627783,Pascal Siakam,Pascal,F,,35:13,9.0,19.0,0.474,1.0,2.0,0.5,10.0,13.0,0.769,0.0,8.0,8.0,5.0,3.0,2.0,0.0,1.0,29.0,8.0
22200903,1610612761,TOR,Toronto,1627751,Jakob Poeltl,Jakob,C,,26:54,3.0,8.0,0.375,0.0,0.0,0.0,3.0,6.0,0.5,6.0,8.0,14.0,4.0,2.0,1.0,0.0,1.0,9.0,2.0
22200903,1610612761,TOR,Toronto,1629018,Gary Trent Jr.,Gary,G,,36:19,7.0,20.0,0.35,4.0,12.0,0.333,1.0,1.0,1.0,0.0,1.0,1.0,4.0,2.0,0.0,2.0,0.0,19.0,0.0
22200903,1610612761,TOR,Toronto,1630567,Scottie Barnes,Scottie,G,,37:27,5.0,17.0,0.294,1.0,5.0,0.2,1.0,2.0,0.5,2.0,5.0,7.0,4.0,0.0,0.0,2.0,4.0,12.0,3.0
22200903,1610612761,TOR,Toronto,1630173,Precious Achiuwa,Precious,,,21:34,3.0,8.0,0.375,0.0,0.0,0.0,4.0,7.0,0.571,1.0,5.0,6.0,3.0,0.0,0.0,1.0,3.0,10.0,2.0
22200903,1610612761,TOR,Toronto,1628449,Chris Boucher,Chris,,,20:22,2.0,4.0,0.5,1.0,3.0,0.333,1.0,2.0,0.5,0.0,6.0,6.0,0.0,0.0,1.0,1.0,4.0,6.0,8.0
22200903,1610612761,TOR,Toronto,1630288,Jeff Dowtin Jr.,Jeff,,,19:55,2.0,5.0,0.4,0.0,2.0,0.0,0.0,1.0,0.0,0.0,1.0,1.0,0.0,1.0,0.0,0.0,1.0,4.0,0.0
22200903,1610612761,TOR,Toronto,201152,Thaddeus Young,Thaddeus,,,3:45,0.0,0.0,0.0,0.0,0.0,0.0,0.0,0.0,0.0,0.0,0.0,0.0,0.0,0.0,0.0,1.0,1.0,0.0,-2.0
22200903,1610612761,TOR,Toronto,1630201,Malachi Flynn,Malachi,,DNP - Coach's Decision,,,,,,,,,,,,,,,,,,,,
22200903,1610612761,TOR,Toronto,1627823,Juancho Hernangomez,Juancho,,DNP - Coach's Decision,,,,,,,,,,,,,,,,,,,,
22200903,1610612761,TOR,Toronto,1631132,Christian Koloko,Christian,,DNP - Coach's Decision,,,,,,,,,,,,,,,,,,,,
22200903,1610612761,TOR,Toronto,1630580,Joe Wieskamp,Joe,,DNP - Coach's Decision,,,,,,,,,,,,,,,,,,,,
22200903,1610612765,DET,Detroit,202711,Bojan Bogdanović,Bojan,F,,28:40,5.0,12.0,0.417,0.0,3.0,0.0,1.0,1.0,1.0,1.0,8.0,9.0,1.0,0.0,0.0,4.0,3.0,11.0,-9.0
22200903,1610612765,DET,Detroit,1630191,Isaiah Stewart,Isaiah,F,,18:59,2.0,5.0,0.4,1.0,2.0,0.5,0.0,0.0,0.0,2.0,7.0,9.0,1.0,0.0,1.0,0.0,2.0,5.0,-5.0
22200903,1610612765,DET,Detroit,1630164,James Wiseman,James,C,,20:25,5.0,9.0,0.556,0.0,1.0,0.0,0.0,0.0,0.0,0.0,10.0,10.0,0.0,0.0,0.0,2.0,6.0,10.0,-1.0
22200903,1610612765,DET,Detroit,1631093,Jaden Ivey,Jaden,G,,31:59,3.0,16.0,0.188,0.0,5.0,0.0,4.0,4.0,1.0,1.0,1.0,2.0,10.0,0.0,1.0,3.0,5.0,10.0,-4.0
22200903,1610612765,DET,Detroit,1630165,Killian Hayes,Killian,G,,32:02,1.0,6.0,0.167,1.0,4.0,0.25,0.0,0.0,0.0,0.0,1.0,1.0,6.0,1.0,1.0,3.0,3.0,3.0,-2.0
22200903,1610612765,DET,Detroit,1628963,Marvin Bagley III,Marvin,,,27:35,9.0,19.0,0.474,0.0,2.0,0.0,3.0,8.0,0.375,11.0,7.0,18.0,0.0,0.0,1.0,1.0,1.0,21.0,-3.0
22200903,1610612765,DET,Detroit,202692,Alec Burks,Alec,,,17:17,1.0,5.0,0.2,0.0,2.0,0.0,0.0,0.0,0.0,0.0,4.0,4.0,4.0,0.0,0.0,0.0,2.0,2.0,-3.0
22200903,1610612765,DET,Detroit,1630587,Isaiah Livers,Isaiah,,,29:01,4.0,6.0,0.667,3.0,4.0,0.75,0.0,0.0,0.0,0.0,2.0,2.0,1.0,0.0,1.0,0.0,1.0,11.0,1.0
22200903,1610612765,DET,Detroit,1628977,Hamidou Diallo,Hamidou,,,19:20,5.0,13.0,0.385,0.0,0.0,0.0,1.0,1.0,1.0,2.0,3.0,5.0,0.0,1.0,0.0,0.0,2.0,11.0,5.0
22200903,1610612765,DET,Detroit,202709,Cory Joseph,Cory,,,10:01,3.0,3.0,1.0,1.0,1.0,1.0,0.0,0.0,0.0,0.0,2.0,2.0,3.0,1.0,0.0,0.0,2.0,7.0,2.0
22200903,1610612765,DET,Detroit,1630181,R.J. Hampton,R.J.,,,4:41,0.0,0.0,0.0,0.0,0.0,0.0,0.0,0.0,0.0,0.0,0.0,0.0,0.0,1.0,0.0,0.0,0.0,0.0,-1.0
22200903,1610612765,DET,Detroit,203585,Rodney McGruder,Rodney,,DNP - Coach's Decision,,,,,,,,,,,,,,,,,,,,
22200908,1610612738,BOS,Boston,1628369,Jayson Tatum,Jayson,F,,36:26,7.0,17.0,0.412,3.0,8.0,0.375,1.0,2.0,0.5,3.0,10.0,13.0,6.0,0.0,1.0,5.0,1.0,18.0,-6.0
22200908,1610612738,BOS,Boston,201143,Al Horford,Al,F,,32:25,5.0,9.0,0.556,5.0,8.0,0.625,0.0,0.0,0.0,0.0,4.0,4.0,2.0,1.0,0.0,0.0,4.0,15.0,-12.0
22200908,1610612738,BOS,Boston,1629057,Robert Williams III,Robert,C,,31:11,7.0,7.0,1.0,0.0,0.0,0.0,0.0,0.0,0.0,3.0,5.0,8.0,1.0,1.0,0.0,1.0,2.0,14.0,10.0
22200908,1610612738,BOS,Boston,1627759,Jaylen Brown,Jaylen,G,,36:57,10.0,21.0,0.476,2.0,4.0,0.5,4.0,5.0,0.8,1.0,3.0,4.0,3.0,3.0,0.0,4.0,3.0,26.0,-6.0
22200908,1610612738,BOS,Boston,203935,Marcus Smart,Marcus,G,,26:28,4.0,11.0,0.364,2.0,6.0,0.333,0.0,0.0,0.0,0.0,2.0,2.0,3.0,1.0,0.0,2.0,4.0,10.0,-22.0
22200908,1610612738,BOS,Boston,1628401,Derrick White,Derrick,,,25:16,7.0,9.0,0.778,2.0,3.0,0.667,2.0,3.0,0.667,1.0,0.0,1.0,2.0,0.0,1.0,0.0,1.0,18.0,25.0
22200908,1610612738,BOS,Boston,1629684,Grant Williams,Grant,,,28:51,1.0,6.0,0.167,1.0,5.0,0.2,1.0,2.0,0.5,1.0,4.0,5.0,2.0,0.0,1.0,0.0,4.0,4.0,9.0
22200908,1610612738,BOS,Boston,1627763,Malcolm Brogdon,Malcolm,,,20:33,2.0,6.0,0.333,1.0,2.0,0.5,0.0,0.0,0.0,0.0,7.0,7.0,1.0,0.0,1.0,0.0,2.0,5.0,18.0
22200908,1610612738,BOS,Boston,1630573,Sam Hauser,Sam,,,1:54,0.0,0.0,0.0,0.0,0.0,0.0,0.0,0.0,0.0,0.0,0.0,0.0,0.0,0.0,0.0,0.0,1.0,0.0,-1.0
22200908,1610612738,BOS,Boston,201933,Blake Griffin,Blake,,DNP - Coach's Decision,,,,,,,,,,,,,,,,,,,,
22200908,1610612738,BOS,Boston,1628436,Luke Kornet,Luke,,DNP - Coach's Decision,,,,,,,,,,,,,,,,,,,,
22200908,1610612738,BOS,Boston,203488,Mike Muscala,Mike,,DNP - Coach's Decision,,,,,,,,,,,,,,,,,,,,
22200908,1610612738,BOS,Boston,1630202,Payton Pritchard,Payton,,DNP - Coach's Decision,,,,,,,,,,,,,,,,,,,,
22200908,1610612755,PHI,Philadelphia,202699,Tobias Harris,Tobias,F,,37:33,8.0,12.0,0.667,3.0,5.0,0.6,0.0,2.0,0.0,0.0,0.0,0.0,1.0,1.0,0.0,1.0,3.0,19.0,17.0
22200908,1610612755,PHI,Philadelphia,200782,P.J. Tucker,P.J.,F,,37:32,2.0,7.0,0.286,2.0,4.0,0.5,1.0,2.0,0.5,5.0,11.0,16.0,1.0,0.0,0.0,0.0,1.0,7.0,21.0
22200908,1610612755,PHI,Philadelphia,203954,Joel Embiid,Joel,C,,39:49,12.0,21.0,0.571,0.0,1.0,0.0,17.0,18.0,0.944,1.0,11.0,12.0,5.0,0.0,3.0,3.0,1.0,41.0,8.0
22200908,1610612755,PHI,Philadelphia,1629001,De'Anthony Melton,De'Anthony,G,,24:37,2.0,4.0,0.5,2.0,4.0,0.5,1.0,2.0,0.5,0.0,2.0,2.0,2.0,0.0,0.0,0.0,4.0,7.0,3.0
22200908,1610612755,PHI,Philadelphia,201935,James Harden,James,G,,41:23,5.0,16.0,0.313,2.0,8.0,0.25,9.0,9.0,1.0,1.0,5.0,6.0,8.0,3.0,0.0,4.0,1.0,21.0,9.0
22200908,1610612755,PHI,Philadelphia,1630178,Tyrese Maxey,Tyrese,,,25:05,4.0,10.0,0.4,0.0,2.0,0.0,0.0,0.0,0.0,0.0,2.0,2.0,2.0,1.0,0.0,0.0,2.0,8.0,-11.0
22200908,1610612755,PHI,Philadelphia,1629667,Jalen McDaniels,Jalen,,,14:50,2.0,4.0,0.5,0.0,1.0,0.0,0.0,2.0,0.0,0.0,2.0,2.0,0.0,1.0,0.0,0.0,0.0,4.0,-22.0
22200908,1610612755,PHI,Philadelphia,1627777,Georges Niang,Georges,,,12:41,0.0,3.0,0.0,0.0,2.0,0.0,0.0,0.0,0.0,0.0,1.0,1.0,0.0,1.0,0.0,0.0,1.0,0.0,-22.0
22200908,1610612755,PHI,Philadelphia,1630194,Paul Reed,Paul,,,4:42,0.0,1.0,0.0,0.0,0.0,0.0,0.0,0.0,0.0,1.0,0.0,1.0,0.0,1.0,0.0,2.0,0.0,0.0,-14.0
22200908,1610612755,PHI,Philadelphia,1629003,Shake Milton,Shake,,,1:48,0.0,0.0,0.0,0.0,0.0,0.0,0.0,0.0,0.0,0.0,0.0,0.0,0.0,0.0,0.0,0.0,0.0,0.0,-4.0
22200908,1610612755,PHI,Philadelphia,1626149,Montrezl Harrell,Montrezl,,DNP - Coach's Decision,,,,,,,,,,,,,,,,,,,,
22200908,1610612755,PHI,Philadelphia,1627863,Danuel House Jr.,Danuel,,DNP - Coach's Decision,,,,,,,,,,,,,,,,,,,,
22200908,1610612755,PHI,Philadelphia,1627788,Furkan Korkmaz,Furkan,,DNP - Coach's Decision,,,,,,,,,,,,,,,,,,,,
22200909,1610612759,SAS,San Antonio,1629640,Keldon Johnson,Keldon,F,,36:50,9.0,22.0,0.409,0.0,5.0,0.0,0.0,0.0,0.0,1.0,6.0,7.0,3.0,0.0,1.0,1.0,2.0,18.0,-14.0
22200909,1610612759,SAS,San Antonio,1631110,Jeremy Sochan,Jeremy,F,,32:01,8.0,18.0,0.444,1.0,4.0,0.25,5.0,7.0,0.714,3.0,3.0,6.0,2.0,0.0,0.0,1.0,1.0,22.0,-3.0
22200909,1610612759,SAS,San Antonio,1628380,Zach Collins,Zach,C,,25:51,6.0,12.0,0.5,3.0,6.0,0.5,0.0,0.0,0.0,0.0,5.0,5.0,2.0,1.0,2.0,2.0,6.0,15.0,6.0
22200909,1610612759,SAS,San Antonio,1628966,Keita Bates-Diop,Keita,G,,31:44,1.0,5.0,0.2,0.0,1.0,0.0,9.0,10.0,0.9,0.0,4.0,4.0,4.0,1.0,1.0,0.0,0.0,11.0,-8.0
22200909,1610612759,SAS,San Antonio,1631103,Malaki Branham,Malaki,G,,30:51,6.0,16.0,0.375,1.0,5.0,0.2,0.0,0.0,0.0,3.0,3.0,6.0,1.0,0.0,1.0,0.0,3.0,13.0,-15.0
22200909,1610612759,SAS,San Antonio,1628984,Devonte' Graham,Devonte',,,29:02,3.0,11.0,0.273,3.0,8.0,0.375,1.0,2.0,0.5,1.0,3.0,4.0,4.0,0.0,1.0,0.0,2.0,10.0,-21.0
22200909,1610612759,SAS,San Antonio,1629646,Charles Bassey,Charles,,,14:50,3.0,4.0,0.75,0.0,0.0,0.0,0.0,0.0,0.0,1.0,2.0,3.0,1.0,2.0,0.0,2.0,5.0,6.0,-14.0
22200909,1610612759,SAS,San Antonio,203926,Doug McDermott,Doug,,,18:23,1.0,5.0,0.2,1.0,5.0,0.2,0.0,0.0,0.0,0.0,2.0,2.0,0.0,0.0,0.0,2.0,2.0,3.0,-8.0
22200909,1610612759,SAS,San Antonio,1631104,Blake Wesley,Blake,,,19:44,1.0,4.0,0.25,0.0,0.0,0.0,2.0,2.0,1.0,0.0,3.0,3.0,4.0,1.0,0.0,1.0,0.0,4.0,-3.0
22200909,1610612759,SAS,San Antonio,203476,Gorgui Dieng,Gorgui,,,0:44,0.0,0.0,0.0,0.0,0.0,0.0,0.0,0.0,0.0,0.0,1.0,1.0,0.0,0.0,0.0,0.0,0.0,0.0,0.0
22200909,1610612759,SAS,San Antonio,1631230,Dominick Barlow,Dominick,,DNP - Coach's Decision,,,,,,,,,,,,,,,,,,,,
22200909,1610612762,UTA,Utah,1628374,Lauri Markkanen,Lauri,F,,32:09,9.0,17.0,0.529,3.0,7.0,0.429,6.0,6.0,1.0,1.0,3.0,4.0,2.0,0.0,0.0,2.0,1.0,27.0,7.0
22200909,1610612762,UTA,Utah,203482,Kelly Olynyk,Kelly,F,,23:09,3.0,6.0,0.5,1.0,2.0,0.5,2.0,5.0,0.4,2.0,6.0,8.0,2.0,0.0,1.0,1.0,2.0,9.0,-1.0
22200909,1610612762,UTA,Utah,1631117,Walker Kessler,Walker,C,,27:01,4.0,6.0,0.667,0.0,0.0,0.0,1.0,2.0,0.5,2.0,10.0,12.0,2.0,1.0,5.0,0.0,1.0,9.0,10.0
22200909,1610612762,UTA,Utah,203903,Jordan Clarkson,Jordan,G,,32:45,4.0,13.0,0.308,0.0,3.0,0.0,1.0,1.0,1.0,2.0,1.0,3.0,7.0,1.0,0.0,5.0,0.0,9.0,8.0
22200909,1610612762,UTA,Utah,1629659,Talen Horton-Tucker,Talen,G,,24:05,4.0,9.0,0.444,2.0,3.0,0.667,2.0,2.0,1.0,0.0,6.0,6.0,4.0,0.0,3.0,5.0,3.0,12.0,14.0
22200909,1610612762,UTA,Utah,1627739,Kris Dunn,Kris,,,23:21,7.0,13.0,0.538,1.0,3.0,0.333,0.0,2.0,0.0,3.0,4.0,7.0,8.0,1.0,1.0,0.0,3.0,15.0,2.0
22200909,1610612762,UTA,Utah,1630534,Ochai Agbaji,Ochai,,,31:00,4.0,8.0,0.5,2.0,5.0,0.4,4.0,4.0,1.0,0.0,3.0,3.0,1.0,0.0,1.0,0.0,0.0,14.0,20.0
22200909,1610612762,UTA,Utah,1628962,Udoka Azubuike,Udoka,,,8:23,2.0,3.0,0.667,0.0,0.0,0.0,0.0,0.0,0.0,2.0,2.0,4.0,0.0,1.0,0.0,0.0,1.0,4.0,2.0
22200909,1610612762,UTA,Utah,200752,Rudy Gay,Rudy,,,15:50,4.0,12.0,0.333,0.0,3.0,0.0,0.0,0.0,0.0,1.0,3.0,4.0,0.0,0.0,0.0,0.0,1.0,8.0,7.0
22200909,1610612762,UTA,Utah,1631323,Simone Fontecchio,Simone,,,12:58,2.0,4.0,0.5,1.0,2.0,0.5,6.0,6.0,1.0,1.0,0.0,1.0,1.0,1.0,0.0,0.0,1.0,11.0,7.0
22200909,1610612762,UTA,Utah,1629308,Juan Toscano-Anderson,Juan,,,9:19,0.0,1.0,0.0,0.0,0.0,0.0,0.0,0.0,0.0,1.0,3.0,4.0,2.0,0.0,0.0,1.0,3.0,0.0,4.0
22200909,1610612762,UTA,Utah,1628402,Frank Jackson,Frank,,DNP - Coach's Decision,,,,,,,,,,,,,,,,,,,,
22200909,1610612762,UTA,Utah,1627745,Damian Jones,Damian,,DNP - Coach's Decision,,,,,,,,,,,,,,,,,,,,
22200909,1610612762,UTA,Utah,1630548,Johnny Juzang,Johnny,,DNP - Coach's Decision,,,,,,,,,,,,,,,,,,,,
22200904,1610612748,MIA,Miami,202710,Jimmy Butler III,Jimmy,F,,33:26,6.0,8.0,0.75,0.0,0.0,0.0,16.0,20.0,0.8,1.0,2.0,3.0,6.0,1.0,0.0,3.0,1.0,28.0,11.0
22200904,1610612748,MIA,Miami,201567,Kevin Love,Kevin,F,,26:10,4.0,11.0,0.364,3.0,9.0,0.333,2.0,2.0,1.0,0.0,13.0,13.0,2.0,0.0,1.0,0.0,1.0,13.0,6.0
22200904,1610612748,MIA,Miami,1628389,Bam Adebayo,Bam,C,,31:17,6.0,14.0,0.429,0.0,0.0,0.0,2.0,3.0,0.667,2.0,4.0,6.0,4.0,2.0,0.0,2.0,5.0,14.0,-15.0
22200904,1610612748,MIA,Miami,1629639,Tyler Herro,Tyler,G,,40:53,10.0,23.0,0.435,6.0,12.0,0.5,7.0,7.0,1.0,1.0,6.0,7.0,5.0,1.0,1.0,2.0,3.0,33.0,11.0
22200904,1610612748,MIA,Miami,1629216,Gabe Vincent,Gabe,G,,26:45,2.0,5.0,0.4,1.0,4.0,0.25,0.0,0.0,0.0,0.0,3.0,3.0,2.0,0.0,0.0,3.0,4.0,5.0,13.0
22200904,1610612748,MIA,Miami,203469,Cody Zeller,Cody,,,14:49,2.0,4.0,0.5,0.0,0.0,0.0,0.0,0.0,0.0,2.0,1.0,3.0,0.0,1.0,1.0,1.0,4.0,4.0,2.0
22200904,1610612748,MIA,Miami,203506,Victor Oladipo,Victor,,,21:15,0.0,5.0,0.0,0.0,4.0,0.0,0.0,0.0,0.0,0.0,0.0,0.0,1.0,0.0,0.0,2.0,3.0,0.0,-18.0
22200904,1610612748,MIA,Miami,1629622,Max Strus,Max,,,18:41,0.0,3.0,0.0,0.0,3.0,0.0,0.0,0.0,0.0,1.0,3.0,4.0,2.0,0.0,0.0,1.0,2.0,0.0,-8.0
22200904,1610612748,MIA,Miami,1628997,Caleb Martin,Caleb,,,21:12,2.0,6.0,0.333,1.0,3.0,0.333,1.0,2.0,0.5,0.0,3.0,3.0,1.0,2.0,0.0,2.0,1.0,6.0,-10.0
22200904,1610612748,MIA,Miami,1629130,Duncan Robinson,Duncan,,,5:32,0.0,1.0,0.0,0.0,1.0,0.0,0.0,0.0,0.0,0.0,0.0,0.0,1.0,0.0,0.0,0.0,1.0,0.0,-17.0
22200904,1610612748,MIA,Miami,1631288,Jamal Cain,Jamal,,DNP - Coach's Decision,,,,,,,,,,,,,,,,,,,,
22200904,1610612748,MIA,Miami,2617,Udonis Haslem,Udonis,,DNP - Coach's Decision,,,,,,,,,,,,,,,,,,,,
22200904,1610612748,MIA,Miami,1629312,Haywood Highsmith,Haywood,,DNP - Coach's Decision,,,,,,,,,,,,,,,,,,,,
22200904,1610612766,CHA,Charlotte,202330,Gordon Hayward,Gordon,F,,30:09,8.0,14.0,0.571,1.0,2.0,0.5,4.0,5.0,0.8,0.0,3.0,3.0,2.0,1.0,0.0,2.0,5.0,21.0,2.0
22200904,1610612766,CHA,Charlotte,1630550,JT Thor,JT,F,,25:33,0.0,4.0,0.0,0.0,1.0,0.0,0.0,0.0,0.0,1.0,0.0,1.0,1.0,1.0,0.0,0.0,2.0,0.0,-11.0
22200904,1610612766,CHA,Charlotte,1631109,Mark Williams,Mark,C,,28:57,9.0,12.0,0.75,0.0,0.0,0.0,0.0,0.0,0.0,7.0,13.0,20.0,0.0,1.0,1.0,1.0,4.0,18.0,-7.0
22200904,1610612766,CHA,Charlotte,1626179,Terry Rozier,Terry,G,,35:04,3.0,15.0,0.2,2.0,8.0,0.25,6.0,6.0,1.0,0.0,0.0,0.0,2.0,2.0,0.0,2.0,2.0,14.0,-5.0
22200904,1610612766,CHA,Charlotte,1630163,LaMelo Ball,LaMelo,G,,39:53,6.0,22.0,0.273,5.0,16.0,0.313,2.0,5.0,0.4,1.0,6.0,7.0,13.0,0.0,0.0,7.0,1.0,19.0,5.0
22200904,1610612766,CHA,Charlotte,1630208,Nick Richards,Nick,,,19:03,2.0,4.0,0.5,0.0,0.0,0.0,0.0,0.0,0.0,1.0,6.0,7.0,0.0,0.0,1.0,0.0,1.0,4.0,12.0
22200904,1610612766,CHA,Charlotte,1630539,Kai Jones,Kai,,,10:59,0.0,0.0,0.0,0.0,0.0,0.0,2.0,2.0,1.0,0.0,0.0,0.0,0.0,2.0,0.0,0.0,1.0,2.0,10.0
22200904,1610612766,CHA,Charlotte,1628372,Dennis Smith Jr.,Dennis,,,28:16,5.0,7.0,0.714,1.0,2.0,0.5,4.0,4.0,1.0,0.0,2.0,2.0,2.0,3.0,0.0,2.0,4.0,15.0,12.0
22200904,1610612766,CHA,Charlotte,1626162,Kelly Oubre Jr.,Kelly,,,22:06,5.0,10.0,0.5,1.0,2.0,0.5,4.0,5.0,0.8,1.0,7.0,8.0,0.0,0.0,0.0,1.0,2.0,15.0,7.0
22200904,1610612766,CHA,Charlotte,1628998,Cody Martin,Cody,,DND - Injury/Illness,,,,,,,,,,,,,,,,,,,,
22200904,1610612766,CHA,Charlotte,1629004,Svi Mykhailiuk,Svi,,DNP - Coach's Decision,,,,,,,,,,,,,,,,,,,,
22200905,1610612754,IND,Indiana,1627741,Buddy Hield,Buddy,F,,30:55,3.0,9.0,0.333,3.0,8.0,0.375,0.0,0.0,0.0,0.0,4.0,4.0,2.0,3.0,0.0,1.0,3.0,9.0,1.0
22200905,1610612754,IND,Indiana,1630174,Aaron Nesmith,Aaron,F,,19:45,2.0,7.0,0.286,0.0,2.0,0.0,0.0,0.0,0.0,1.0,4.0,5.0,0.0,0.0,0.0,0.0,4.0,4.0,4.0
22200905,1610612754,IND,Indiana,1626167,Myles Turner,Myles,C,,28:17,11.0,19.0,0.579,2.0,4.0,0.5,0.0,0.0,0.0,1.0,7.0,8.0,1.0,1.0,1.0,0.0,4.0,24.0,1.0
22200905,1610612754,IND,Indiana,1629614,Andrew Nembhard,Andrew,G,,24:13,5.0,11.0,0.455,3.0,6.0,0.5,0.0,0.0,0.0,0.0,2.0,2.0,3.0,2.0,0.0,0.0,2.0,13.0,1.0
22200905,1610612754,IND,Indiana,1630169,Tyrese Haliburton,Tyrese,G,,33:27,5.0,9.0,0.556,2.0,4.0,0.5,3.0,4.0,0.75,0.0,1.0,1.0,14.0,0.0,1.0,2.0,0.0,15.0,15.0
22200905,1610612754,IND,Indiana,1631097,Bennedict Mathurin,Bennedict,,,28:45,6.0,13.0,0.462,2.0,4.0,0.5,5.0,6.0,0.833,1.0,1.0,2.0,1.0,1.0,1.0,1.0,4.0,19.0,9.0
22200905,1610612754,IND,Indiana,1630188,Jalen Smith,Jalen,,,19:43,3.0,8.0,0.375,1.0,2.0,0.5,0.0,0.0,0.0,4.0,3.0,7.0,0.0,0.0,5.0,0.0,2.0,7.0,12.0
22200905,1610612754,IND,Indiana,204456,T.J. McConnell,T.J.,,,19:01,3.0,6.0,0.5,0.0,2.0,0.0,0.0,0.0,0.0,1.0,5.0,6.0,7.0,1.0,0.0,2.0,2.0,6.0,7.0
22200905,1610612754,IND,Indiana,1629670,Jordan Nwora,Jordan,,,21:21,8.0,12.0,0.667,1.0,5.0,0.2,1.0,3.0,0.333,2.0,6.0,8.0,6.0,1.0,0.0,1.0,1.0,18.0,17.0
22200905,1610612754,IND,Indiana,1630537,Chris Duarte,Chris,,,14:33,2.0,5.0,0.4,1.0,3.0,0.333,1.0,1.0,1.0,0.0,2.0,2.0,1.0,0.0,0.0,0.0,2.0,6.0,-2.0
22200905,1610612754,IND,Indiana,1629052,Oshae Brissett,Oshae,,DNP - Coach's Decision,,,,,,,,,,,,,,,,,,,,
22200905,1610612754,IND,Indiana,201588,George Hill,George,,DNP - Coach's Decision,,,,,,,,,,,,,,,,,,,,
22200905,1610612754,IND,Indiana,1630543,Isaiah Jackson,Isaiah,,DNP - Coach's Decision,,,,,,,,,,,,,,,,,,,,
22200905,1610612754,IND,Indiana,201949,James Johnson,James,,DNP - Coach's Decision,,,,,,,,,,,,,,,,,,,,
22200905,1610612754,IND,Indiana,1628464,Daniel Theis,Daniel,,DNP - Coach's Decision,,,,,,,,,,,,,,,,,,,,
22200905,1610612753,ORL,Orlando,1630532,Franz Wagner,Franz,F,,34:17,7.0,12.0,0.583,2.0,5.0,0.4,5.0,6.0,0.833,1.0,5.0,6.0,2.0,1.0,0.0,1.0,2.0,21.0,-8.0
22200905,1610612753,ORL,Orlando,1631094,Paolo Banchero,Paolo,F,,32:50,6.0,12.0,0.5,0.0,2.0,0.0,7.0,9.0,0.778,1.0,5.0,6.0,0.0,1.0,1.0,2.0,2.0,19.0,-19.0
22200905,1610612753,ORL,Orlando,1628976,Wendell Carter Jr.,Wendell,C,,17:58,1.0,11.0,0.091,0.0,5.0,0.0,3.0,6.0,0.5,5.0,6.0,11.0,0.0,1.0,0.0,2.0,4.0,5.0,-13.0
22200905,1610612753,ORL,Orlando,203914,Gary Harris,Gary,G,,26:09,1.0,8.0,0.125,1.0,7.0,0.143,2.0,2.0,1.0,3.0,3.0,6.0,1.0,0.0,0.0,0.0,0.0,5.0,-9.0
22200905,1610612753,ORL,Orlando,1628365,Markelle Fultz,Markelle,G,,31:21,6.0,14.0,0.429,0.0,0.0,0.0,6.0,6.0,1.0,2.0,3.0,5.0,3.0,1.0,0.0,4.0,3.0,18.0,-7.0
22200905,1610612753,ORL,Orlando,1629626,Bol Bol,Bol,,,21:56,2.0,3.0,0.667,0.0,0.0,0.0,0.0,0.0,0.0,1.0,1.0,2.0,0.0,0.0,3.0,1.0,1.0,4.0,-1.0
22200905,1610612753,ORL,Orlando,1629021,Moritz Wagner,Moritz,,,20:38,4.0,8.0,0.5,0.0,2.0,0.0,0.0,0.0,0.0,0.0,4.0,4.0,2.0,0.0,0.0,0.0,2.0,8.0,-7.0
22200905,1610612753,ORL,Orlando,1630591,Jalen Suggs,Jalen,,,25:39,4.0,12.0,0.333,2.0,5.0,0.4,4.0,4.0,1.0,1.0,4.0,5.0,2.0,0.0,2.0,1.0,1.0,14.0,-6.0
22200905,1610612753,ORL,Orlando,1630175,Cole Anthony,Cole,,,16:39,2.0,7.0,0.286,0.0,2.0,0.0,4.0,4.0,1.0,0.0,4.0,4.0,5.0,0.0,2.0,2.0,3.0,8.0,-6.0
22200905,1610612753,ORL,Orlando,1629048,Goga Bitadze,Goga,,,9:24,2.0,3.0,0.667,1.0,1.0,1.0,1.0,1.0,1.0,1.0,5.0,6.0,1.0,0.0,0.0,0.0,1.0,6.0,7.0
22200905,1610612753,ORL,Orlando,1629678,Admiral Schofield,Admiral,,,3:09,0.0,0.0,0.0,0.0,0.0,0.0,0.0,0.0,0.0,0.0,0.0,0.0,0.0,0.0,0.0,0.0,0.0,0.0,4.0
22200905,1610612753,ORL,Orlando,1628371,Jonathan Isaac,Jonathan,,DNP - Injury/Illness,,,,,,,,,,,,,,,,,,,,
22200905,1610612753,ORL,Orlando,1629643,Chuma Okeke,Chuma,,DNP - Coach's Decision,,,,,,,,,,,,,,,,,,,,
22200906,1610612740,NOP,New Orleans,1627742,Brandon Ingram,Brandon,F,,36:06,7.0,22.0,0.318,1.0,6.0,0.167,4.0,4.0,1.0,0.0,4.0,4.0,3.0,0.0,0.0,0.0,3.0,19.0,-23.0
22200906,1610612740,NOP,New Orleans,1630529,Herbert Jones,Herbert,F,,13:26,3.0,5.0,0.6,0.0,1.0,0.0,0.0,0.0,0.0,1.0,2.0,3.0,2.0,0.0,0.0,1.0,1.0,6.0,-10.0
22200906,1610612740,NOP,New Orleans,202685,Jonas Valančiūnas,Jonas,C,,32:16,5.0,11.0,0.455,0.0,1.0,0.0,2.0,3.0,0.667,4.0,6.0,10.0,2.0,0.0,0.0,2.0,3.0,12.0,-24.0
22200906,1610612740,NOP,New Orleans,203468,CJ McCollum,CJ,G,,33:53,6.0,19.0,0.316,1.0,9.0,0.111,0.0,0.0,0.0,1.0,1.0,2.0,4.0,0.0,0.0,1.0,1.0,13.0,-32.0
22200906,1610612740,NOP,New Orleans,1626196,Josh Richardson,Josh,G,,33:43,6.0,13.0,0.462,3.0,8.0,0.375,1.0,1.0,1.0,1.0,1.0,2.0,4.0,4.0,0.0,1.0,3.0,16.0,-27.0
22200906,1610612740,NOP,New Orleans,1630631,Jose Alvarado,Jose,,,15:52,3.0,7.0,0.429,0.0,3.0,0.0,0.0,0.0,0.0,0.0,0.0,0.0,3.0,1.0,0.0,0.0,3.0,6.0,-12.0
22200906,1610612740,NOP,New Orleans,1630530,Trey Murphy III,Trey,,,27:27,4.0,9.0,0.444,0.0,3.0,0.0,3.0,3.0,1.0,1.0,1.0,2.0,2.0,0.0,0.0,0.0,0.0,11.0,-14.0
22200906,1610612740,NOP,New Orleans,1626204,Larry Nance Jr.,Larry,,,4:41,0.0,0.0,0.0,0.0,0.0,0.0,0.0,0.0,0.0,1.0,0.0,1.0,0.0,0.0,0.0,1.0,0.0,0.0,-5.0
22200906,1610612740,NOP,New Orleans,1630230,Naji Marshall,Naji,,,15:06,2.0,7.0,0.286,0.0,3.0,0.0,2.0,2.0,1.0,2.0,2.0,4.0,2.0,1.0,0.0,0.0,0.0,6.0,-10.0
22200906,1610612740,NOP,New Orleans,1626195,Willy Hernangomez,Willy,,,11:03,2.0,4.0,0.5,1.0,1.0,1.0,4.0,6.0,0.667,2.0,6.0,8.0,0.0,3.0,0.0,1.0,1.0,9.0,7.0
22200906,1610612740,NOP,New Orleans,1629637,Jaxson Hayes,Jaxson,,,4:07,0.0,1.0,0.0,0.0,1.0,0.0,0.0,0.0,0.0,0.0,1.0,1.0,1.0,1.0,0.0,0.0,0.0,0.0,10.0
22200906,1610612740,NOP,New Orleans,1630700,Dyson Daniels,Dyson,,,4:07,0.0,0.0,0.0,0.0,0.0,0.0,0.0,0.0,0.0,0.0,0.0,0.0,2.0,0.0,0.0,0.0,0.0,0.0,10.0
22200906,1610612740,NOP,New Orleans,1630184,Kira Lewis Jr.,Kira,,,4:07,2.0,2.0,1.0,2.0,2.0,1.0,2.0,2.0,1.0,0.0,1.0,1.0,0.0,1.0,0.0,0.0,0.0,8.0,10.0
22200906,1610612740,NOP,New Orleans,202066,Garrett Temple,Garrett,,,4:07,0.0,2.0,0.0,0.0,0.0,0.0,0.0,0.0,0.0,0.0,1.0,1.0,0.0,0.0,0.0,0.0,0.0,0.0,10.0
22200906,1610612752,NYK,New York,1629628,RJ Barrett,RJ,F,,28:52,8.0,13.0,0.615,4.0,7.0,0.571,5.0,5.0,1.0,0.0,4.0,4.0,7.0,0.0,0.0,3.0,2.0,25.0,23.0
22200906,1610612752,NYK,New York,203944,Julius Randle,Julius,F,,32:36,11.0,20.0,0.55,5.0,10.0,0.5,1.0,1.0,1.0,1.0,6.0,7.0,5.0,0.0,0.0,2.0,1.0,28.0,26.0
22200906,1610612752,NYK,New York,1629011,Mitchell Robinson,Mitchell,C,,28:03,5.0,5.0,1.0,0.0,0.0,0.0,1.0,2.0,0.5,3.0,10.0,13.0,0.0,0.0,1.0,2.0,4.0,11.0,19.0
22200906,1610612752,NYK,New York,1628973,Jalen Brunson,Jalen,G,,31:34,5.0,13.0,0.385,3.0,7.0,0.429,7.0,9.0,0.778,0.0,2.0,2.0,5.0,0.0,0.0,3.0,2.0,20.0,17.0
22200906,1610612752,NYK,New York,1629656,Quentin Grimes,Quentin,G,,21:50,3.0,8.0,0.375,3.0,7.0,0.429,0.0,0.0,0.0,0.0,1.0,1.0,1.0,0.0,0.0,1.0,3.0,9.0,20.0
22200906,1610612752,NYK,New York,1630193,Immanuel Quickley,Immanuel,,,26:35,5.0,10.0,0.5,2.0,7.0,0.286,1.0,1.0,1.0,1.0,6.0,7.0,2.0,1.0,2.0,2.0,2.0,13.0,18.0
22200906,1610612752,NYK,New York,1628392,Isaiah Hartenstein,Isaiah,,,19:05,2.0,3.0,0.667,0.0,0.0,0.0,0.0,0.0,0.0,5.0,5.0,10.0,2.0,0.0,0.0,1.0,3.0,4.0,6.0
22200906,1610612752,NYK,New York,1628404,Josh Hart,Josh,,,25:31,5.0,6.0,0.833,1.0,1.0,1.0,4.0,5.0,0.8,1.0,4.0,5.0,2.0,0.0,2.0,2.0,1.0,15.0,10.0
22200906,1610612752,NYK,New York,1630167,Obi Toppin,Obi,,,15:25,1.0,5.0,0.2,1.0,5.0,0.2,0.0,0.0,0.0,0.0,2.0,2.0,0.0,0.0,1.0,2.0,2.0,3.0,-4.0
22200906,1610612752,NYK,New York,1630579,Jericho Sims,Jericho,,,4:07,0.0,0.0,0.0,0.0,0.0,0.0,0.0,0.0,0.0,0.0,1.0,1.0,0.0,0.0,1.0,1.0,1.0,0.0,-10.0
22200906,1610612752,NYK,New York,1630540,Miles McBride,Miles,,,4:02,0.0,1.0,0.0,0.0,1.0,0.0,0.0,0.0,0.0,0.0,2.0,2.0,0.0,0.0,0.0,0.0,1.0,0.0,-10.0
22200906,1610612752,NYK,New York,201565,Derrick Rose,Derrick,,,2:21,0.0,4.0,0.0,0.0,3.0,0.0,0.0,0.0,0.0,0.0,0.0,0.0,0.0,0.0,0.0,0.0,0.0,0.0,-5.0
22200906,1610612752,NYK,New York,203095,Evan Fournier,Evan,,DNP - Coach's Decision,,,,,,,,,,,,,,,,,,,,
22200907,1610612743,DEN,Denver,1629008,Michael Porter Jr.,Michael,F,,18:58,2.0,10.0,0.2,1.0,7.0,0.143,0.0,0.0,0.0,1.0,2.0,3.0,1.0,0.0,0.0,1.0,2.0,5.0,-9.0
22200907,1610612743,DEN,Denver,1628427,Vlatko Čančar,Vlatko,F,,18:58,1.0,5.0,0.2,0.0,3.0,0.0,0.0,0.0,0.0,0.0,2.0,2.0,1.0,0.0,1.0,1.0,1.0,2.0,-9.0
22200907,1610612743,DEN,Denver,203999,Nikola Jokić,Nikola,C,,26:41,7.0,11.0,0.636,0.0,0.0,0.0,1.0,1.0,1.0,3.0,10.0,13.0,3.0,0.0,0.0,3.0,1.0,15.0,-20.0
22200907,1610612743,DEN,Denver,203484,Kentavious Caldwell-Pope,Kentavious,G,,26:41,4.0,8.0,0.5,0.0,4.0,0.0,3.0,4.0,0.75,0.0,1.0,1.0,1.0,1.0,1.0,1.0,2.0,11.0,-20.0
22200907,1610612743,DEN,Denver,1627750,Jamal Murray,Jamal,G,,25:01,3.0,13.0,0.231,1.0,5.0,0.2,1.0,1.0,1.0,2.0,1.0,3.0,4.0,1.0,0.0,1.0,1.0,8.0,-13.0
22200907,1610612743,DEN,Denver,1628971,Bruce Brown,Bruce,,,24:47,4.0,12.0,0.333,0.0,2.0,0.0,0.0,0.0,0.0,1.0,5.0,6.0,2.0,0.0,0.0,1.0,1.0,8.0,-19.0
22200907,1610612743,DEN,Denver,201145,Jeff Green,Jeff,,,24:47,3.0,7.0,0.429,2.0,5.0,0.4,4.0,4.0,1.0,1.0,3.0,4.0,1.0,0.0,1.0,2.0,1.0,12.0,-19.0
22200907,1610612743,DEN,Denver,202704,Reggie Jackson,Reggie,,,18:44,3.0,9.0,0.333,2.0,6.0,0.333,0.0,0.0,0.0,1.0,1.0,2.0,3.0,1.0,0.0,1.0,3.0,8.0,-15.0
22200907,1610612743,DEN,Denver,1631128,Christian Braun,Christian,,,21:19,4.0,6.0,0.667,2.0,2.0,1.0,1.0,2.0,0.5,1.0,3.0,4.0,2.0,0.0,0.0,1.0,0.0,11.0,2.0
22200907,1610612743,DEN,Denver,1628418,Thomas Bryant,Thomas,,,21:19,1.0,4.0,0.25,0.0,0.0,0.0,0.0,0.0,0.0,1.0,7.0,8.0,0.0,1.0,1.0,1.0,0.0,2.0,2.0
22200907,1610612743,DEN,Denver,202397,Ish Smith,Ish,,,4:15,1.0,1.0,1.0,0.0,0.0,0.0,0.0,0.0,0.0,0.0,1.0,1.0,2.0,0.0,0.0,2.0,0.0,2.0,10.0
22200907,1610612743,DEN,Denver,1631212,Peyton Watson,Peyton,,,4:15,1.0,1.0,1.0,1.0,1.0,1.0,0.0,0.0,0.0,0.0,0.0,0.0,0.0,0.0,0.0,0.0,0.0,3.0,10.0
22200907,1610612743,DEN,Denver,1631298,Jack White,Jack,,,4:15,2.0,2.0,1.0,2.0,2.0,1.0,1.0,2.0,0.5,0.0,1.0,1.0,2.0,0.0,0.0,0.0,1.0,7.0,10.0
22200907,1610612743,DEN,Denver,201599,DeAndre Jordan,DeAndre,,DNP - Coach's Decision,,,,,,,,,,,,,,,,,,,,
22200907,1610612763,MEM,Memphis,1628415,Dillon Brooks,Dillon,F,,24:13,5.0,9.0,0.556,2.0,4.0,0.5,0.0,0.0,0.0,1.0,2.0,3.0,1.0,1.0,0.0,0.0,0.0,12.0,19.0
22200907,1610612763,MEM,Memphis,1628991,Jaren Jackson Jr.,Jaren,F,,20:55,2.0,7.0,0.286,1.0,3.0,0.333,2.0,2.0,1.0,0.0,3.0,3.0,0.0,1.0,1.0,2.0,4.0,7.0,14.0
22200907,1610612763,MEM,Memphis,1630214,Xavier Tillman,Xavier,C,,25:14,6.0,6.0,1.0,0.0,0.0,0.0,0.0,0.0,0.0,1.0,6.0,7.0,4.0,0.0,1.0,1.0,3.0,12.0,25.0
22200907,1610612763,MEM,Memphis,1630217,Desmond Bane,Desmond,G,,24:33,4.0,13.0,0.308,1.0,7.0,0.143,1.0,1.0,1.0,2.0,3.0,5.0,4.0,1.0,1.0,1.0,1.0,10.0,8.0
22200907,1610612763,MEM,Memphis,1629630,Ja Morant,Ja,G,,24:13,9.0,18.0,0.5,1.0,4.0,0.25,4.0,5.0,0.8,0.0,7.0,7.0,4.0,1.0,0.0,4.0,2.0,23.0,19.0
22200907,1610612763,MEM,Memphis,1630583,Santi Aldama,Santi,,,22:50,2.0,6.0,0.333,1.0,5.0,0.2,0.0,0.0,0.0,2.0,4.0,6.0,1.0,2.0,0.0,1.0,2.0,5.0,14.0
22200907,1610612763,MEM,Memphis,1628379,Luke Kennard,Luke,,,24:37,4.0,7.0,0.571,4.0,5.0,0.8,0.0,0.0,0.0,0.0,2.0,2.0,2.0,0.0,0.0,0.0,0.0,12.0,21.0
22200907,1610612763,MEM,Memphis,1629634,Brandon Clarke,Brandon,,,18:31,4.0,6.0,0.667,0.0,0.0,0.0,0.0,0.0,0.0,3.0,6.0,9.0,1.0,0.0,0.0,2.0,0.0,8.0,3.0
22200907,1610612763,MEM,Memphis,1626145,Tyus Jones,Tyus,,,19:32,6.0,12.0,0.5,5.0,10.0,0.5,0.0,0.0,0.0,0.0,2.0,2.0,5.0,0.0,0.0,0.0,0.0,17.0,9.0
22200907,1610612763,MEM,Memphis,1629723,John Konchar,John,,,14:07,1.0,3.0,0.333,0.0,2.0,0.0,0.0,0.0,0.0,0.0,3.0,3.0,1.0,2.0,0.0,0.0,0.0,2.0,8.0
22200907,1610612763,MEM,Memphis,1631113,Kennedy Chandler,Kennedy,,,4:15,1.0,2.0,0.5,0.0,0.0,0.0,0.0,0.0,0.0,1.0,0.0,1.0,1.0,1.0,0.0,0.0,0.0,2.0,-10.0
22200907,1610612763,MEM,Memphis,1631222,Jake LaRavia,Jake,,,4:15,0.0,1.0,0.0,0.0,1.0,0.0,0.0,0.0,0.0,0.0,0.0,0.0,0.0,0.0,0.0,0.0,0.0,0.0,-10.0
22200907,1610612763,MEM,Memphis,1631254,Kenneth Lofton Jr.,Kenneth,,,4:15,1.0,2.0,0.5,0.0,1.0,0.0,0.0,0.0,0.0,0.0,0.0,0.0,1.0,1.0,0.0,0.0,0.0,2.0,-10.0
22200907,1610612763,MEM,Memphis,1630533,Ziaire Williams,Ziaire,,,4:15,0.0,1.0,0.0,0.0,1.0,0.0,0.0,0.0,0.0,1.0,0.0,1.0,0.0,0.0,0.0,1.0,1.0,0.0,-10.0
22200907,1610612763,MEM,Memphis,1631223,David Roddy,David,,,4:15,0.0,2.0,0.0,0.0,1.0,0.0,0.0,0.0,0.0,0.0,1.0,1.0,0.0,0.0,0.0,0.0,0.0,0.0,-10.0
22200897,1610612748,MIA,Miami,202710,Jimmy Butler III,Jimmy,F,,21:21,8.0,10.0,0.8,1.0,1.0,1.0,6.0,8.0,0.75,1.0,1.0,2.0,1.0,0.0,0.0,2.0,1.0,23.0,-13.0
22200897,1610612748,MIA,Miami,201567,Kevin Love,Kevin,F,,21:31,0.0,4.0,0.0,0.0,4.0,0.0,0.0,0.0,0.0,1.0,7.0,8.0,4.0,1.0,1.0,0.0,2.0,0.0,-9.0
22200897,1610612748,MIA,Miami,1628389,Bam Adebayo,Bam,C,,25:02,8.0,17.0,0.471,0.0,1.0,0.0,2.0,4.0,0.5,1.0,6.0,7.0,1.0,1.0,0.0,2.0,1.0,18.0,-18.0
22200897,1610612748,MIA,Miami,1629639,Tyler Herro,Tyler,G,,28:11,5.0,15.0,0.333,3.0,7.0,0.429,1.0,2.0,0.5,0.0,5.0,5.0,1.0,0.0,0.0,1.0,2.0,14.0,-16.0
22200897,1610612748,MIA,Miami,1629216,Gabe Vincent,Gabe,G,,23:02,1.0,6.0,0.167,0.0,5.0,0.0,0.0,0.0,0.0,0.0,1.0,1.0,1.0,0.0,0.0,0.0,0.0,2.0,-13.0
22200897,1610612748,MIA,Miami,203469,Cody Zeller,Cody,,,16:18,4.0,5.0,0.8,0.0,0.0,0.0,2.0,2.0,1.0,3.0,1.0,4.0,3.0,0.0,0.0,1.0,2.0,10.0,-5.0
22200897,1610612748,MIA,Miami,203506,Victor Oladipo,Victor,,,19:49,1.0,7.0,0.143,0.0,3.0,0.0,0.0,0.0,0.0,0.0,4.0,4.0,3.0,0.0,0.0,2.0,2.0,2.0,-16.0
22200897,1610612748,MIA,Miami,1629622,Max Strus,Max,,,26:39,1.0,7.0,0.143,1.0,4.0,0.25,2.0,3.0,0.667,2.0,2.0,4.0,4.0,0.0,1.0,0.0,3.0,5.0,-16.0
22200897,1610612748,MIA,Miami,1628997,Caleb Martin,Caleb,,,26:29,5.0,10.0,0.5,2.0,5.0,0.4,5.0,6.0,0.833,1.0,4.0,5.0,1.0,0.0,3.0,0.0,2.0,17.0,-20.0
22200897,1610612748,MIA,Miami,1629130,Duncan Robinson,Duncan,,,19:49,1.0,6.0,0.167,1.0,6.0,0.167,0.0,0.0,0.0,0.0,2.0,2.0,1.0,3.0,0.0,2.0,1.0,3.0,-13.0
22200897,1610612748,MIA,Miami,1629312,Haywood Highsmith,Haywood,,,6:40,1.0,3.0,0.333,1.0,3.0,0.333,0.0,0.0,0.0,0.0,2.0,2.0,0.0,0.0,0.0,0.0,1.0,3.0,-6.0
22200897,1610612748,MIA,Miami,1631288,Jamal Cain,Jamal,,,5:09,1.0,2.0,0.5,0.0,1.0,0.0,0.0,0.0,0.0,0.0,1.0,1.0,1.0,0.0,0.0,0.0,0.0,2.0,0.0
22200897,1610612748,MIA,Miami,2617,Udonis Haslem,Udonis,,DNP - Coach's Decision,,,,,,,,,,,,,,,,,,,,
22200897,1610612749,MIL,Milwaukee,1628960,Grayson Allen,Grayson,F,,28:05,5.0,12.0,0.417,4.0,8.0,0.5,2.0,2.0,1.0,0.0,1.0,1.0,3.0,0.0,0.0,1.0,2.0,16.0,22.0
22200897,1610612749,MIL,Milwaukee,203507,Giannis Antetokounmpo,Giannis,F,,6:28,2.0,4.0,0.5,0.0,0.0,0.0,0.0,0.0,0.0,0.0,4.0,4.0,4.0,0.0,0.0,0.0,0.0,4.0,5.0
22200897,1610612749,MIL,Milwaukee,201572,Brook Lopez,Brook,C,,27:04,7.0,12.0,0.583,1.0,2.0,0.5,2.0,2.0,1.0,3.0,4.0,7.0,1.0,0.0,0.0,2.0,4.0,17.0,20.0
22200897,1610612749,MIL,Milwaukee,1628975,Jevon Carter,Jevon,G,,33:28,4.0,17.0,0.235,1.0,8.0,0.125,2.0,4.0,0.5,1.0,7.0,8.0,2.0,1.0,0.0,1.0,1.0,11.0,8.0
22200897,1610612749,MIL,Milwaukee,201950,Jrue Holiday,Jrue,G,,28:53,9.0,14.0,0.643,5.0,9.0,0.556,1.0,2.0,0.5,0.0,5.0,5.0,7.0,0.0,1.0,0.0,2.0,24.0,26.0
22200897,1610612749,MIL,Milwaukee,204060,Joe Ingles,Joe,,,17:55,2.0,4.0,0.5,0.0,2.0,0.0,0.0,0.0,0.0,0.0,4.0,4.0,0.0,1.0,0.0,1.0,0.0,4.0,23.0
22200897,1610612749,MIL,Milwaukee,1626171,Bobby Portis,Bobby,,,21:48,7.0,11.0,0.636,1.0,3.0,0.333,3.0,3.0,1.0,2.0,9.0,11.0,1.0,0.0,0.0,0.0,0.0,18.0,12.0
22200897,1610612749,MIL,Milwaukee,203114,Khris Middleton,Khris,,,17:21,4.0,8.0,0.5,2.0,4.0,0.5,2.0,2.0,1.0,1.0,3.0,4.0,5.0,1.0,0.0,2.0,2.0,12.0,17.0
22200897,1610612749,MIL,Milwaukee,203109,Jae Crowder,Jae,,,16:02,3.0,5.0,0.6,2.0,2.0,1.0,1.0,2.0,0.5,0.0,3.0,3.0,0.0,1.0,0.0,1.0,1.0,9.0,9.0
22200897,1610612749,MIL,Milwaukee,1631260,AJ Green,AJ,,,18:56,2.0,6.0,0.333,2.0,5.0,0.4,0.0,0.0,0.0,0.0,1.0,1.0,4.0,1.0,0.0,1.0,2.0,6.0,15.0
22200897,1610612749,MIL,Milwaukee,1630699,MarJon Beauchamp,MarJon,,,4:38,0.0,1.0,0.0,0.0,1.0,0.0,0.0,0.0,0.0,0.0,2.0,2.0,0.0,0.0,0.0,0.0,1.0,0.0,-6.0
22200897,1610612749,MIL,Milwaukee,203086,Meyers Leonard,Meyers,,,14:53,1.0,3.0,0.333,1.0,2.0,0.5,2.0,2.0,1.0,2.0,4.0,6.0,0.0,1.0,0.0,1.0,3.0,5.0,0.0
22200897,1610612749,MIL,Milwaukee,203648,Thanasis Antetokounmpo,Thanasis,,,4:29,1.0,1.0,1.0,0.0,0.0,0.0,0.0,0.0,0.0,1.0,0.0,1.0,0.0,0.0,0.0,0.0,0.0,2.0,-6.0
22200899,1610612760,OKC,Oklahoma City,1629652,Luguentz Dort,Luguentz,F,,36:09,5.0,17.0,0.294,1.0,7.0,0.143,6.0,7.0,0.857,4.0,6.0,10.0,1.0,1.0,1.0,1.0,1.0,17.0,3.0
22200899,1610612760,OKC,Oklahoma City,1631114,Jalen Williams,Jalen,F,,28:18,8.0,14.0,0.571,1.0,3.0,0.333,5.0,6.0,0.833,4.0,2.0,6.0,4.0,1.0,0.0,2.0,4.0,22.0,-12.0
22200899,1610612760,OKC,Oklahoma City,1631119,Jaylin Williams,Jaylin,C,,26:47,3.0,6.0,0.5,2.0,4.0,0.5,2.0,4.0,0.5,0.0,5.0,5.0,5.0,1.0,0.0,1.0,1.0,10.0,2.0
22200899,1610612760,OKC,Oklahoma City,1630198,Isaiah Joe,Isaiah,G,,35:47,11.0,17.0,0.647,6.0,12.0,0.5,0.0,0.0,0.0,0.0,7.0,7.0,0.0,0.0,0.0,0.0,4.0,28.0,5.0
22200899,1610612760,OKC,Oklahoma City,1630581,Josh Giddey,Josh,G,,24:29,3.0,14.0,0.214,0.0,1.0,0.0,1.0,2.0,0.5,1.0,3.0,4.0,5.0,0.0,0.0,0.0,1.0,7.0,-6.0
22200899,1610612760,OKC,Oklahoma City,1630598,Aaron Wiggins,Aaron,,,18:41,2.0,4.0,0.5,0.0,1.0,0.0,0.0,0.0,0.0,0.0,1.0,1.0,1.0,1.0,1.0,3.0,4.0,4.0,-21.0
22200899,1610612760,OKC,Oklahoma City,1630526,Jeremiah Robinson-Earl,Jeremiah,,,9:35,0.0,1.0,0.0,0.0,1.0,0.0,0.0,0.0,0.0,0.0,0.0,0.0,4.0,0.0,0.0,0.0,0.0,0.0,1.0
22200899,1610612760,OKC,Oklahoma City,1630544,Tre Mann,Tre,,,15:40,4.0,7.0,0.571,2.0,3.0,0.667,1.0,1.0,1.0,1.0,4.0,5.0,3.0,0.0,0.0,1.0,0.0,11.0,-4.0
22200899,1610612760,OKC,Oklahoma City,1629026,Kenrich Williams,Kenrich,,,27:32,3.0,9.0,0.333,1.0,2.0,0.5,1.0,2.0,0.5,2.0,3.0,5.0,3.0,1.0,0.0,0.0,5.0,8.0,-2.0
22200899,1610612760,OKC,Oklahoma City,203967,Dario Šarić,Dario,,,11:36,2.0,4.0,0.5,2.0,2.0,1.0,2.0,2.0,1.0,2.0,2.0,4.0,1.0,0.0,0.0,1.0,1.0,8.0,-5.0
22200899,1610612760,OKC,Oklahoma City,1630322,Lindy Waters III,Lindy,,,5:26,0.0,2.0,0.0,0.0,2.0,0.0,0.0,0.0,0.0,0.0,0.0,0.0,0.0,0.0,0.0,0.0,0.0,0.0,-6.0
22200899,1610612760,OKC,Oklahoma City,1630647,Eugene Omoruyi,Eugene,,DNP - Coach's Decision,,,,,,,,,,,,,,,,,,,,
22200899,1610612760,OKC,Oklahoma City,1630846,Olivier Sarr,Olivier,,DNP - Coach's Decision,,,,,,,,,,,,,,,,,,,,
22200899,1610612756,PHX,Phoenix,1629006,Josh Okogie,Josh,F,,31:59,4.0,10.0,0.4,2.0,7.0,0.286,5.0,6.0,0.833,1.0,6.0,7.0,2.0,0.0,0.0,3.0,3.0,15.0,7.0
22200899,1610612756,PHX,Phoenix,1628470,Torrey Craig,Torrey,F,,23:22,3.0,5.0,0.6,1.0,2.0,0.5,0.0,0.0,0.0,0.0,7.0,7.0,1.0,1.0,1.0,0.0,2.0,7.0,0.0
22200899,1610612756,PHX,Phoenix,1629028,Deandre Ayton,Deandre,C,,30:51,6.0,11.0,0.545,0.0,0.0,0.0,2.0,2.0,1.0,3.0,8.0,11.0,0.0,1.0,2.0,2.0,5.0,14.0,-2.0
22200899,1610612756,PHX,Phoenix,1626164,Devin Booker,Devin,G,,36:00,9.0,21.0,0.429,1.0,7.0,0.143,6.0,6.0,1.0,2.0,4.0,6.0,8.0,0.0,0.0,3.0,1.0,25.0,-6.0
22200899,1610612756,PHX,Phoenix,101108,Chris Paul,Chris,G,,31:57,6.0,10.0,0.6,1.0,2.0,0.5,3.0,5.0,0.6,0.0,2.0,2.0,6.0,0.0,0.0,0.0,3.0,16.0,8.0
22200899,1610612756,PHX,Phoenix,203082,Terrence Ross,Terrence,,,22:56,3.0,7.0,0.429,3.0,6.0,0.5,0.0,0.0,0.0,0.0,7.0,7.0,2.0,1.0,0.0,0.0,2.0,9.0,11.0
22200899,1610612756,PHX,Phoenix,1626166,Cameron Payne,Cameron,,,16:03,5.0,9.0,0.556,3.0,5.0,0.6,1.0,4.0,0.25,1.0,3.0,4.0,0.0,1.0,0.0,3.0,4.0,14.0,1.0
22200899,1610612756,PHX,Phoenix,1627814,Damion Lee,Damion,,,16:41,2.0,6.0,0.333,1.0,3.0,0.333,4.0,4.0,1.0,2.0,0.0,2.0,3.0,0.0,1.0,0.0,1.0,9.0,11.0
22200899,1610612756,PHX,Phoenix,1629111,Jock Landale,Jock,,,16:41,1.0,5.0,0.2,0.0,1.0,0.0,3.0,3.0,1.0,5.0,2.0,7.0,1.0,1.0,0.0,0.0,0.0,5.0,11.0
22200899,1610612756,PHX,Phoenix,1630688,Ish Wainright,Ish,,,13:30,3.0,6.0,0.5,2.0,5.0,0.4,2.0,2.0,1.0,1.0,0.0,1.0,0.0,0.0,1.0,0.0,1.0,10.0,4.0
22200899,1610612756,PHX,Phoenix,1629647,Darius Bazley,Darius,,DNP - Coach's Decision,,,,,,,,,,,,,,,,,,,,
22200899,1610612756,PHX,Phoenix,202687,Bismack Biyombo,Bismack,,DNP - Coach's Decision,,,,,,,,,,,,,,,,,,,,
22200899,1610612756,PHX,Phoenix,1630240,Saben Lee,Saben,,DNP - Coach's Decision,,,,,,,,,,,,,,,,,,,,
22200899,1610612756,PHX,Phoenix,203933,T.J. Warren,T.J.,,DNP - Coach's Decision,,,,,,,,,,,,,,,,,,,,
22200898,1610612766,CHA,Charlotte,202330,Gordon Hayward,Gordon,F,,32:09,10.0,18.0,0.556,2.0,3.0,0.667,5.0,6.0,0.833,3.0,10.0,13.0,5.0,2.0,1.0,2.0,2.0,27.0,12.0
22200898,1610612766,CHA,Charlotte,1629023,P.J. Washington,P.J.,F,,35:19,8.0,16.0,0.5,2.0,5.0,0.4,2.0,2.0,1.0,1.0,7.0,8.0,1.0,1.0,1.0,1.0,4.0,20.0,11.0
22200898,1610612766,CHA,Charlotte,1631109,Mark Williams,Mark,C,,16:39,4.0,5.0,0.8,0.0,0.0,0.0,0.0,0.0,0.0,2.0,4.0,6.0,1.0,0.0,1.0,0.0,2.0,8.0,3.0
22200898,1610612766,CHA,Charlotte,1626179,Terry Rozier,Terry,G,,32:52,2.0,10.0,0.2,0.0,5.0,0.0,5.0,6.0,0.833,0.0,3.0,3.0,5.0,2.0,0.0,1.0,2.0,9.0,5.0
22200898,1610612766,CHA,Charlotte,1630163,LaMelo Ball,LaMelo,G,,39:36,11.0,21.0,0.524,5.0,9.0,0.556,5.0,5.0,1.0,2.0,8.0,10.0,8.0,2.0,0.0,3.0,1.0,32.0,10.0
22200898,1610612766,CHA,Charlotte,1630208,Nick Richards,Nick,,,19:43,3.0,7.0,0.429,0.0,0.0,0.0,4.0,5.0,0.8,2.0,3.0,5.0,0.0,0.0,1.0,0.0,3.0,10.0,2.0
22200898,1610612766,CHA,Charlotte,1630550,JT Thor,JT,,,8:23,0.0,0.0,0.0,0.0,0.0,0.0,0.0,0.0,0.0,0.0,2.0,2.0,0.0,0.0,0.0,0.0,0.0,0.0,-5.0
22200898,1610612766,CHA,Charlotte,1628372,Dennis Smith Jr.,Dennis,,,25:43,3.0,8.0,0.375,1.0,3.0,0.333,0.0,0.0,0.0,0.0,2.0,2.0,4.0,2.0,0.0,1.0,0.0,7.0,1.0
22200898,1610612766,CHA,Charlotte,1626162,Kelly Oubre Jr.,Kelly,,,23:01,2.0,6.0,0.333,0.0,3.0,0.0,4.0,4.0,1.0,1.0,2.0,3.0,0.0,1.0,0.0,2.0,2.0,8.0,2.0
22200898,1610612766,CHA,Charlotte,1629004,Svi Mykhailiuk,Svi,,,6:35,0.0,1.0,0.0,0.0,0.0,0.0,0.0,0.0,0.0,0.0,0.0,0.0,1.0,0.0,0.0,1.0,1.0,0.0,-1.0
22200898,1610612766,CHA,Charlotte,1628998,Cody Martin,Cody,,DND - Injury/Illness,,,,,,,,,,,,,,,,,,,,
22200898,1610612750,MIN,Minnesota,1630183,Jaden McDaniels,Jaden,F,,29:48,5.0,9.0,0.556,1.0,4.0,0.25,0.0,1.0,0.0,0.0,5.0,5.0,2.0,1.0,1.0,1.0,4.0,11.0,-4.0
22200898,1610612750,MIN,Minnesota,203937,Kyle Anderson,Kyle,F,,28:24,3.0,6.0,0.5,0.0,0.0,0.0,0.0,3.0,0.0,1.0,6.0,7.0,6.0,0.0,2.0,4.0,2.0,6.0,-12.0
22200898,1610612750,MIN,Minnesota,203497,Rudy Gobert,Rudy,C,,30:02,7.0,9.0,0.778,0.0,0.0,0.0,3.0,4.0,0.75,3.0,7.0,10.0,0.0,1.0,3.0,1.0,2.0,17.0,-7.0
22200898,1610612750,MIN,Minnesota,1630162,Anthony Edwards,Anthony,G,,40:17,11.0,26.0,0.423,3.0,7.0,0.429,4.0,4.0,1.0,0.0,8.0,8.0,5.0,2.0,2.0,4.0,0.0,29.0,-3.0
22200898,1610612750,MIN,Minnesota,201144,Mike Conley,Mike,G,,30:37,6.0,13.0,0.462,2.0,7.0,0.286,1.0,1.0,1.0,0.0,2.0,2.0,3.0,0.0,0.0,1.0,2.0,15.0,-5.0
22200898,1610612750,MIN,Minnesota,1629638,Nickeil Alexander-Walker,Nickeil,,,24:25,5.0,10.0,0.5,3.0,4.0,0.75,0.0,1.0,0.0,1.0,2.0,3.0,1.0,1.0,1.0,1.0,2.0,13.0,1.0
22200898,1610612750,MIN,Minnesota,1629162,Jordan McLaughlin,Jordan,,,13:02,1.0,1.0,1.0,0.0,0.0,0.0,0.0,0.0,0.0,0.0,0.0,0.0,2.0,1.0,0.0,0.0,2.0,2.0,-1.0
22200898,1610612750,MIN,Minnesota,1629675,Naz Reid,Naz,,,17:58,6.0,12.0,0.5,2.0,7.0,0.286,2.0,2.0,1.0,1.0,7.0,8.0,2.0,0.0,2.0,1.0,4.0,16.0,-1.0
22200898,1610612750,MIN,Minnesota,203085,Austin Rivers,Austin,,,18:56,1.0,3.0,0.333,0.0,2.0,0.0,0.0,0.0,0.0,0.0,1.0,1.0,2.0,0.0,0.0,1.0,1.0,2.0,-1.0
22200898,1610612750,MIN,Minnesota,1629669,Jaylen Nowell,Jaylen,,,6:31,1.0,4.0,0.25,0.0,2.0,0.0,0.0,0.0,0.0,1.0,0.0,1.0,2.0,0.0,0.0,1.0,1.0,2.0,-7.0
22200898,1610612750,MIN,Minnesota,1630233,Nathan Knight,Nathan,,DNP - Coach's Decision,,,,,,,,,,,,,,,,,,,,
22200898,1610612750,MIN,Minnesota,1631169,Josh Minott,Josh,,DNP - Coach's Decision,,,,,,,,,,,,,,,,,,,,
22200895,1610612752,NYK,New York,1629628,RJ Barrett,RJ,F,,27:36,5.0,10.0,0.5,1.0,2.0,0.5,3.0,4.0,0.75,1.0,1.0,2.0,3.0,1.0,1.0,3.0,1.0,14.0,5.0
22200895,1610612752,NYK,New York,203944,Julius Randle,Julius,F,,36:11,16.0,29.0,0.552,7.0,14.0,0.5,7.0,7.0,1.0,0.0,2.0,2.0,2.0,2.0,0.0,1.0,1.0,46.0,8.0
22200895,1610612752,NYK,New York,1629011,Mitchell Robinson,Mitchell,C,,27:53,5.0,6.0,0.833,0.0,0.0,0.0,0.0,0.0,0.0,4.0,8.0,12.0,0.0,1.0,1.0,0.0,4.0,10.0,13.0
22200895,1610612752,NYK,New York,1628973,Jalen Brunson,Jalen,G,,38:46,6.0,20.0,0.3,0.0,3.0,0.0,1.0,1.0,1.0,1.0,3.0,4.0,9.0,1.0,0.0,1.0,2.0,13.0,7.0
22200895,1610612752,NYK,New York,1629656,Quentin Grimes,Quentin,G,,20:46,2.0,4.0,0.5,1.0,2.0,0.5,0.0,0.0,0.0,0.0,2.0,2.0,2.0,1.0,0.0,1.0,2.0,5.0,8.0
22200895,1610612752,NYK,New York,1630193,Immanuel Quickley,Immanuel,,,29:38,6.0,11.0,0.545,3.0,6.0,0.5,1.0,2.0,0.5,1.0,2.0,3.0,1.0,0.0,0.0,3.0,1.0,16.0,0.0
22200895,1610612752,NYK,New York,1628404,Josh Hart,Josh,,,27:25,2.0,6.0,0.333,0.0,1.0,0.0,1.0,2.0,0.5,2.0,4.0,6.0,4.0,0.0,0.0,2.0,2.0,5.0,0.0
22200895,1610612752,NYK,New York,1628392,Isaiah Hartenstein,Isaiah,,,19:56,2.0,2.0,1.0,0.0,0.0,0.0,0.0,0.0,0.0,3.0,7.0,10.0,0.0,2.0,0.0,0.0,3.0,4.0,-9.0
22200895,1610612752,NYK,New York,1630167,Obi Toppin,Obi,,,11:49,1.0,4.0,0.25,0.0,1.0,0.0,0.0,0.0,0.0,0.0,2.0,2.0,0.0,1.0,0.0,1.0,1.0,2.0,-2.0
22200895,1610612752,NYK,New York,1631211,Trevor Keels,Trevor,,DNP - Coach's Decision,,,,,,,,,,,,,,,,,,,,
22200895,1610612752,NYK,New York,1630540,Miles McBride,Miles,,DNP - Coach's Decision,,,,,,,,,,,,,,,,,,,,
22200895,1610612752,NYK,New York,201565,Derrick Rose,Derrick,,DNP - Coach's Decision,,,,,,,,,,,,,,,,,,,,
22200895,1610612752,NYK,New York,1630579,Jericho Sims,Jericho,,DNP - Coach's Decision,,,,,,,,,,,,,,,,,,,,
22200895,1610612764,WAS,Washington,1628398,Kyle Kuzma,Kyle,F,,40:52,10.0,23.0,0.435,3.0,12.0,0.25,0.0,0.0,0.0,0.0,5.0,5.0,3.0,1.0,0.0,4.0,3.0,23.0,-8.0
22200895,1610612764,WAS,Washington,1629655,Daniel Gafford,Daniel,F,,12:14,1.0,1.0,1.0,0.0,0.0,0.0,1.0,1.0,1.0,0.0,3.0,3.0,0.0,0.0,0.0,3.0,4.0,3.0,-11.0
22200895,1610612764,WAS,Washington,204001,Kristaps Porziņģis,Kristaps,C,,35:18,5.0,10.0,0.5,5.0,9.0,0.556,8.0,8.0,1.0,1.0,5.0,6.0,3.0,0.0,2.0,3.0,2.0,23.0,-16.0
22200895,1610612764,WAS,Washington,203078,Bradley Beal,Bradley,G,,35:28,6.0,14.0,0.429,1.0,4.0,0.25,3.0,3.0,1.0,0.0,2.0,2.0,8.0,1.0,2.0,5.0,4.0,16.0,-1.0
22200895,1610612764,WAS,Washington,1628420,Monté Morris,Monté,G,,27:08,5.0,8.0,0.625,2.0,3.0,0.667,0.0,0.0,0.0,0.0,2.0,2.0,2.0,1.0,0.0,1.0,4.0,12.0,-13.0
22200895,1610612764,WAS,Washington,1630557,Corey Kispert,Corey,,,18:00,1.0,2.0,0.5,1.0,2.0,0.5,0.0,0.0,0.0,0.0,1.0,1.0,0.0,0.0,0.0,0.0,0.0,3.0,-1.0
22200895,1610612764,WAS,Washington,1630166,Deni Avdija,Deni,,,26:52,5.0,7.0,0.714,1.0,3.0,0.333,0.0,0.0,0.0,0.0,7.0,7.0,5.0,1.0,0.0,0.0,0.0,11.0,9.0
22200895,1610612764,WAS,Washington,1626153,Delon Wright,Delon,,,20:52,5.0,8.0,0.625,5.0,7.0,0.714,0.0,0.0,0.0,2.0,1.0,3.0,2.0,2.0,2.0,1.0,0.0,15.0,7.0
22200895,1610612764,WAS,Washington,201959,Taj Gibson,Taj,,,13:17,0.0,2.0,0.0,0.0,1.0,0.0,0.0,0.0,0.0,0.0,4.0,4.0,0.0,0.0,0.0,0.0,2.0,0.0,9.0
22200895,1610612764,WAS,Washington,1629134,Kendrick Nunn,Kendrick,,,9:59,1.0,4.0,0.25,1.0,3.0,0.333,0.0,0.0,0.0,0.0,1.0,1.0,2.0,0.0,0.0,0.0,1.0,3.0,-5.0
22200895,1610612764,WAS,Washington,1630176,Vernon Carey Jr.,Vernon,,DNP - Coach's Decision,,,,,,,,,,,,,,,,,,,,
22200895,1610612764,WAS,Washington,1631098,Johnny Davis,Johnny,,DNP - Coach's Decision,,,,,,,,,,,,,,,,,,,,
22200895,1610612764,WAS,Washington,1630264,Anthony Gill,Anthony,,DNP - Coach's Decision,,,,,,,,,,,,,,,,,,,,
22200895,1610612764,WAS,Washington,1630692,Jordan Goodwin,Jordan,,DNP - Coach's Decision,,,,,,,,,,,,,,,,,,,,
22200895,1610612764,WAS,Washington,1631245,Quenton Jackson,Quenton,,DNP - Coach's Decision,,,,,,,,,,,,,,,,,,,,
22200893,1610612744,GSW,Golden State,1628978,Donte DiVincenzo,Donte,F,,24:01,2.0,7.0,0.286,1.0,6.0,0.167,0.0,0.0,0.0,0.0,3.0,3.0,1.0,3.0,1.0,1.0,3.0,5.0,-9.0
22200893,1610612744,GSW,Golden State,1630228,Jonathan Kuminga,Jonathan,F,,24:58,4.0,12.0,0.333,1.0,5.0,0.2,1.0,1.0,1.0,2.0,1.0,3.0,5.0,0.0,0.0,0.0,2.0,10.0,-4.0
22200893,1610612744,GSW,Golden State,203110,Draymond Green,Draymond,C,,24:45,3.0,10.0,0.3,0.0,1.0,0.0,0.0,0.0,0.0,4.0,7.0,11.0,5.0,1.0,1.0,2.0,3.0,6.0,-7.0
22200893,1610612744,GSW,Golden State,202691,Klay Thompson,Klay,G,,26:40,8.0,19.0,0.421,4.0,11.0,0.364,2.0,2.0,1.0,1.0,1.0,2.0,0.0,2.0,0.0,1.0,1.0,22.0,-10.0
22200893,1610612744,GSW,Golden State,1629673,Jordan Poole,Jordan,G,,29:00,3.0,13.0,0.231,2.0,7.0,0.286,8.0,9.0,0.889,0.0,1.0,1.0,4.0,2.0,0.0,2.0,3.0,16.0,-16.0
22200893,1610612744,GSW,Golden State,1626172,Kevon Looney,Kevon,,,19:54,5.0,7.0,0.714,0.0,0.0,0.0,0.0,1.0,0.0,7.0,8.0,15.0,1.0,1.0,0.0,1.0,3.0,10.0,-1.0
22200893,1610612744,GSW,Golden State,1629660,Ty Jerome,Ty,,,29:56,8.0,15.0,0.533,2.0,4.0,0.5,2.0,2.0,1.0,0.0,2.0,2.0,3.0,1.0,0.0,2.0,3.0,20.0,-7.0
22200893,1610612744,GSW,Golden State,1630237,Anthony Lamb,Anthony,,,24:28,0.0,6.0,0.0,0.0,4.0,0.0,0.0,0.0,0.0,3.0,2.0,5.0,4.0,0.0,1.0,1.0,4.0,0.0,-4.0
22200893,1610612744,GSW,Golden State,203210,JaMychal Green,JaMychal,,,16:16,1.0,5.0,0.2,1.0,4.0,0.25,0.0,2.0,0.0,0.0,2.0,2.0,0.0,0.0,0.0,0.0,0.0,3.0,-21.0
22200893,1610612744,GSW,Golden State,1630541,Moses Moody,Moses,,,10:01,2.0,5.0,0.4,0.0,2.0,0.0,4.0,4.0,1.0,0.0,2.0,2.0,1.0,0.0,0.0,0.0,1.0,8.0,7.0
22200893,1610612744,GSW,Golden State,1631116,Patrick Baldwin Jr.,Patrick,,,10:01,4.0,6.0,0.667,3.0,5.0,0.6,0.0,0.0,0.0,0.0,2.0,2.0,0.0,0.0,0.0,0.0,0.0,11.0,7.0
22200893,1610612747,LAL,Los Angeles,1629020,Jarred Vanderbilt,Jarred,F,,18:14,2.0,4.0,0.5,0.0,1.0,0.0,0.0,0.0,0.0,3.0,6.0,9.0,2.0,0.0,0.0,2.0,0.0,4.0,16.0
22200893,1610612747,LAL,Los Angeles,2544,LeBron James,LeBron,F,,26:19,5.0,20.0,0.25,2.0,6.0,0.333,1.0,2.0,0.5,3.0,6.0,9.0,8.0,0.0,0.0,2.0,2.0,13.0,22.0
22200893,1610612747,LAL,Los Angeles,203076,Anthony Davis,Anthony,C,,25:31,3.0,5.0,0.6,0.0,0.0,0.0,6.0,8.0,0.75,3.0,9.0,12.0,1.0,0.0,2.0,1.0,2.0,12.0,5.0
22200893,1610612747,LAL,Los Angeles,1627736,Malik Beasley,Malik,G,,25:56,9.0,16.0,0.563,7.0,11.0,0.636,0.0,2.0,0.0,0.0,3.0,3.0,1.0,3.0,0.0,2.0,4.0,25.0,26.0
22200893,1610612747,LAL,Los Angeles,1626156,D'Angelo Russell,D'Angelo,G,,8:48,1.0,3.0,0.333,0.0,1.0,0.0,0.0,0.0,0.0,0.0,4.0,4.0,3.0,0.0,0.0,1.0,0.0,2.0,4.0
22200893,1610612747,LAL,Los Angeles,1628972,Troy Brown Jr.,Troy,,,17:52,1.0,4.0,0.25,1.0,2.0,0.5,0.0,0.0,0.0,1.0,3.0,4.0,0.0,1.0,0.0,0.0,2.0,3.0,-5.0
22200893,1610612747,LAL,Los Angeles,203471,Dennis Schröder,Dennis,,,27:22,4.0,7.0,0.571,1.0,1.0,1.0,4.0,4.0,1.0,0.0,0.0,0.0,6.0,1.0,1.0,3.0,2.0,13.0,12.0
22200893,1610612747,LAL,Los Angeles,1629060,Rui Hachimura,Rui,,,25:29,5.0,9.0,0.556,0.0,0.0,0.0,4.0,4.0,1.0,0.0,1.0,1.0,2.0,0.0,0.0,1.0,0.0,14.0,4.0
22200893,1610612747,LAL,Los Angeles,1630559,Austin Reaves,Austin,,,18:49,6.0,6.0,1.0,1.0,1.0,1.0,4.0,4.0,1.0,0.0,2.0,2.0,4.0,2.0,0.0,0.0,1.0,17.0,10.0
22200893,1610612747,LAL,Los Angeles,1628964,Mo Bamba,Mo,,,22:29,2.0,5.0,0.4,2.0,4.0,0.5,4.0,6.0,0.667,0.0,13.0,13.0,1.0,0.0,0.0,2.0,4.0,10.0,8.0
22200893,1610612747,LAL,Los Angeles,1629022,Lonnie Walker IV,Lonnie,,,8:06,4.0,7.0,0.571,2.0,3.0,0.667,0.0,0.0,0.0,0.0,0.0,0.0,1.0,0.0,0.0,0.0,1.0,10.0,-11.0
22200893,1610612747,LAL,Los Angeles,1628432,Davon Reed,Davon,,,8:06,0.0,0.0,0.0,0.0,0.0,0.0,1.0,4.0,0.25,0.0,1.0,1.0,1.0,1.0,0.0,0.0,1.0,1.0,-11.0
22200893,1610612747,LAL,Los Angeles,1629117,Wenyen Gabriel,Wenyen,,,6:59,0.0,0.0,0.0,0.0,0.0,0.0,0.0,0.0,0.0,0.0,0.0,0.0,0.0,0.0,0.0,0.0,1.0,0.0,-15.0
22200887,1610612738,BOS,Boston,1628369,Jayson Tatum,Jayson,F,,41:42,9.0,25.0,0.36,3.0,12.0,0.25,10.0,11.0,0.909,3.0,9.0,12.0,7.0,2.0,1.0,4.0,1.0,31.0,-8.0
22200887,1610612738,BOS,Boston,201143,Al Horford,Al,F,,33:55,3.0,4.0,0.75,1.0,2.0,0.5,0.0,0.0,0.0,4.0,3.0,7.0,6.0,0.0,1.0,0.0,3.0,7.0,-3.0
22200887,1610612738,BOS,Boston,1629057,Robert Williams III,Robert,C,,25:40,4.0,6.0,0.667,0.0,0.0,0.0,0.0,0.0,0.0,3.0,1.0,4.0,1.0,0.0,1.0,0.0,2.0,8.0,5.0
22200887,1610612738,BOS,Boston,1627759,Jaylen Brown,Jaylen,G,,42:31,11.0,24.0,0.458,3.0,5.0,0.6,5.0,7.0,0.714,5.0,6.0,11.0,3.0,1.0,0.0,3.0,5.0,30.0,10.0
22200887,1610612738,BOS,Boston,203935,Marcus Smart,Marcus,G,,35:23,5.0,11.0,0.455,1.0,5.0,0.2,4.0,5.0,0.8,2.0,3.0,5.0,3.0,2.0,0.0,5.0,2.0,15.0,-3.0
22200887,1610612738,BOS,Boston,1628401,Derrick White,Derrick,,,25:04,6.0,12.0,0.5,3.0,6.0,0.5,2.0,2.0,1.0,1.0,2.0,3.0,2.0,0.0,0.0,2.0,1.0,17.0,8.0
22200887,1610612738,BOS,Boston,1627763,Malcolm Brogdon,Malcolm,,,36:51,9.0,12.0,0.75,5.0,6.0,0.833,1.0,1.0,1.0,0.0,5.0,5.0,7.0,2.0,0.0,1.0,2.0,24.0,6.0
22200887,1610612738,BOS,Boston,1628436,Luke Kornet,Luke,,,4:43,0.0,0.0,0.0,0.0,0.0,0.0,0.0,0.0,0.0,0.0,0.0,0.0,0.0,0.0,0.0,0.0,0.0,0.0,-4.0
22200887,1610612738,BOS,Boston,1629684,Grant Williams,Grant,,,6:11,1.0,2.0,0.5,0.0,1.0,0.0,0.0,0.0,0.0,1.0,2.0,3.0,1.0,0.0,0.0,0.0,1.0,2.0,-5.0
22200887,1610612738,BOS,Boston,1630573,Sam Hauser,Sam,,,13:00,3.0,3.0,1.0,2.0,2.0,1.0,0.0,0.0,0.0,1.0,0.0,1.0,1.0,0.0,3.0,0.0,1.0,8.0,14.0
22200887,1610612738,BOS,Boston,201933,Blake Griffin,Blake,,DNP - Coach's Decision,,,,,,,,,,,,,,,,,,,,
22200887,1610612738,BOS,Boston,203488,Mike Muscala,Mike,,DNP - Coach's Decision,,,,,,,,,,,,,,,,,,,,
22200887,1610612738,BOS,Boston,1630202,Payton Pritchard,Payton,,DNP - Coach's Decision,,,,,,,,,,,,,,,,,,,,
22200887,1610612754,IND,Indiana,1627741,Buddy Hield,Buddy,F,,36:50,7.0,14.0,0.5,4.0,10.0,0.4,0.0,1.0,0.0,0.0,5.0,5.0,2.0,1.0,0.0,1.0,3.0,18.0,-1.0
22200887,1610612754,IND,Indiana,1630174,Aaron Nesmith,Aaron,F,,34:08,3.0,7.0,0.429,0.0,3.0,0.0,3.0,3.0,1.0,1.0,2.0,3.0,2.0,2.0,0.0,2.0,4.0,9.0,0.0
22200887,1610612754,IND,Indiana,1626167,Myles Turner,Myles,C,,36:54,13.0,15.0,0.867,8.0,10.0,0.8,6.0,7.0,0.857,3.0,7.0,10.0,2.0,0.0,1.0,5.0,5.0,40.0,9.0
22200887,1610612754,IND,Indiana,1629614,Andrew Nembhard,Andrew,G,,23:03,2.0,7.0,0.286,1.0,5.0,0.2,0.0,0.0,0.0,0.0,0.0,0.0,1.0,0.0,0.0,1.0,0.0,5.0,7.0
22200887,1610612754,IND,Indiana,1630169,Tyrese Haliburton,Tyrese,G,,39:23,7.0,14.0,0.5,3.0,8.0,0.375,5.0,5.0,1.0,0.0,1.0,1.0,14.0,3.0,2.0,1.0,3.0,22.0,9.0
22200887,1610612754,IND,Indiana,1631097,Bennedict Mathurin,Bennedict,,,30:19,7.0,14.0,0.5,2.0,4.0,0.5,3.0,4.0,0.75,3.0,4.0,7.0,4.0,2.0,0.0,1.0,6.0,19.0,-7.0
22200887,1610612754,IND,Indiana,1628464,Daniel Theis,Daniel,,,16:06,3.0,7.0,0.429,1.0,3.0,0.333,1.0,2.0,0.5,3.0,2.0,5.0,3.0,1.0,2.0,1.0,1.0,8.0,-13.0
22200887,1610612754,IND,Indiana,204456,T.J. McConnell,T.J.,,,13:37,2.0,3.0,0.667,0.0,0.0,0.0,0.0,0.0,0.0,0.0,1.0,1.0,3.0,0.0,0.0,1.0,0.0,4.0,-13.0
22200887,1610612754,IND,Indiana,1629670,Jordan Nwora,Jordan,,,18:30,2.0,7.0,0.286,2.0,4.0,0.5,0.0,0.0,0.0,0.0,2.0,2.0,2.0,0.0,0.0,1.0,1.0,6.0,-8.0
22200887,1610612754,IND,Indiana,1630537,Chris Duarte,Chris,,,16:10,3.0,6.0,0.5,1.0,2.0,0.5,0.0,0.0,0.0,0.0,3.0,3.0,0.0,1.0,0.0,0.0,0.0,7.0,-3.0
22200887,1610612754,IND,Indiana,1629052,Oshae Brissett,Oshae,,DNP - Coach's Decision,,,,,,,,,,,,,,,,,,,,
22200887,1610612754,IND,Indiana,201588,George Hill,George,,DNP - Coach's Decision,,,,,,,,,,,,,,,,,,,,
22200887,1610612754,IND,Indiana,1630543,Isaiah Jackson,Isaiah,,DNP - Coach's Decision,,,,,,,,,,,,,,,,,,,,
22200887,1610612754,IND,Indiana,201949,James Johnson,James,,DNP - Coach's Decision,,,,,,,,,,,,,,,,,,,,
22200887,1610612754,IND,Indiana,1630188,Jalen Smith,Jalen,,DNP - Coach's Decision,,,,,,,,,,,,,,,,,,,,
22200886,1610612743,DEN,Denver,1629008,Michael Porter Jr.,Michael,F,,28:47,8.0,14.0,0.571,6.0,10.0,0.6,3.0,3.0,1.0,2.0,4.0,6.0,0.0,0.0,1.0,1.0,0.0,25.0,13.0
22200886,1610612743,DEN,Denver,1628427,Vlatko Čančar,Vlatko,F,,26:12,3.0,6.0,0.5,1.0,2.0,0.5,3.0,3.0,1.0,2.0,1.0,3.0,1.0,0.0,0.0,0.0,2.0,10.0,9.0
22200886,1610612743,DEN,Denver,203999,Nikola Jokić,Nikola,C,,35:51,8.0,13.0,0.615,2.0,2.0,1.0,6.0,6.0,1.0,7.0,11.0,18.0,13.0,2.0,0.0,7.0,3.0,24.0,14.0
22200886,1610612743,DEN,Denver,203484,Kentavious Caldwell-Pope,Kentavious,G,,34:28,6.0,6.0,1.0,4.0,4.0,1.0,1.0,1.0,1.0,0.0,3.0,3.0,2.0,3.0,2.0,2.0,2.0,17.0,7.0
22200886,1610612743,DEN,Denver,1627750,Jamal Murray,Jamal,G,,33:10,6.0,19.0,0.316,3.0,11.0,0.273,1.0,2.0,0.5,0.0,1.0,1.0,9.0,2.0,0.0,2.0,2.0,16.0,13.0
22200886,1610612743,DEN,Denver,1628971,Bruce Brown,Bruce,,,21:41,1.0,5.0,0.2,0.0,2.0,0.0,0.0,0.0,0.0,0.0,2.0,2.0,2.0,0.0,0.0,0.0,3.0,2.0,-3.0
22200886,1610612743,DEN,Denver,201145,Jeff Green,Jeff,,,21:48,5.0,10.0,0.5,0.0,1.0,0.0,1.0,2.0,0.5,2.0,0.0,2.0,1.0,0.0,1.0,0.0,1.0,11.0,-3.0
22200886,1610612743,DEN,Denver,202704,Reggie Jackson,Reggie,,,18:20,2.0,8.0,0.25,1.0,4.0,0.25,2.0,2.0,1.0,0.0,4.0,4.0,2.0,0.0,0.0,1.0,3.0,7.0,-7.0
22200886,1610612743,DEN,Denver,1631128,Christian Braun,Christian,,,7:46,0.0,0.0,0.0,0.0,0.0,0.0,1.0,2.0,0.5,1.0,1.0,2.0,0.0,0.0,0.0,1.0,2.0,1.0,-8.0
22200886,1610612743,DEN,Denver,1628418,Thomas Bryant,Thomas,,,11:57,0.0,3.0,0.0,0.0,0.0,0.0,2.0,2.0,1.0,4.0,2.0,6.0,0.0,0.0,0.0,2.0,2.0,2.0,-5.0
22200886,1610612743,DEN,Denver,201599,DeAndre Jordan,DeAndre,,DNP - Coach's Decision,,,,,,,,,,,,,,,,,,,,
22200886,1610612743,DEN,Denver,202397,Ish Smith,Ish,,DNP - Coach's Decision,,,,,,,,,,,,,,,,,,,,
22200886,1610612743,DEN,Denver,1631212,Peyton Watson,Peyton,,DNP - Coach's Decision,,,,,,,,,,,,,,,,,,,,
22200886,1610612743,DEN,Denver,1631298,Jack White,Jack,,DNP - Coach's Decision,,,,,,,,,,,,,,,,,,,,
22200886,1610612739,CLE,Cleveland,1630171,Isaac Okoro,Isaac,F,,20:09,1.0,1.0,1.0,0.0,0.0,0.0,0.0,0.0,0.0,2.0,0.0,2.0,1.0,0.0,0.0,0.0,4.0,2.0,-7.0
22200886,1610612739,CLE,Cleveland,1630596,Evan Mobley,Evan,F,,37:50,12.0,19.0,0.632,2.0,4.0,0.5,5.0,5.0,1.0,2.0,7.0,9.0,1.0,1.0,1.0,1.0,4.0,31.0,0.0
22200886,1610612739,CLE,Cleveland,1628386,Jarrett Allen,Jarrett,C,,29:53,6.0,10.0,0.6,0.0,0.0,0.0,2.0,2.0,1.0,5.0,8.0,13.0,2.0,1.0,0.0,1.0,3.0,14.0,-6.0
22200886,1610612739,CLE,Cleveland,1628378,Donovan Mitchell,Donovan,G,,35:23,9.0,22.0,0.409,2.0,7.0,0.286,2.0,2.0,1.0,1.0,2.0,3.0,3.0,4.0,0.0,2.0,3.0,22.0,-1.0
22200886,1610612739,CLE,Cleveland,1629636,Darius Garland,Darius,G,,36:49,7.0,20.0,0.35,1.0,6.0,0.167,7.0,8.0,0.875,0.0,1.0,1.0,5.0,2.0,0.0,2.0,2.0,22.0,-12.0
22200886,1610612739,CLE,Cleveland,1629731,Dean Wade,Dean,,,7:43,1.0,2.0,0.5,0.0,0.0,0.0,0.0,0.0,0.0,0.0,3.0,3.0,0.0,0.0,0.0,1.0,2.0,2.0,-4.0
22200886,1610612739,CLE,Cleveland,1627747,Caris LeVert,Caris,,,31:57,3.0,5.0,0.6,0.0,2.0,0.0,0.0,0.0,0.0,0.0,4.0,4.0,9.0,0.0,1.0,1.0,1.0,6.0,-3.0
22200886,1610612739,CLE,Cleveland,1626224,Cedi Osman,Cedi,,,26:40,2.0,8.0,0.25,1.0,6.0,0.167,0.0,2.0,0.0,1.0,1.0,2.0,3.0,0.0,0.0,1.0,1.0,5.0,1.0
22200886,1610612739,CLE,Cleveland,1630205,Lamar Stevens,Lamar,,,13:36,2.0,3.0,0.667,0.0,1.0,0.0,1.0,1.0,1.0,2.0,2.0,4.0,0.0,2.0,0.0,1.0,1.0,5.0,2.0
22200886,1610612739,CLE,Cleveland,201980,Danny Green,Danny,,DNP - Coach's Decision,,,,,,,,,,,,,,,,,,,,
22200886,1610612739,CLE,Cleveland,201577,Robin Lopez,Robin,,DNP - Coach's Decision,,,,,,,,,,,,,,,,,,,,
22200886,1610612739,CLE,Cleveland,203526,Raul Neto,Raul,,DNP - Coach's Decision,,,,,,,,,,,,,,,,,,,,
22200886,1610612739,CLE,Cleveland,1629685,Dylan Windler,Dylan,,DNP - Coach's Decision,,,,,,,,,,,,,,,,,,,,
22200894,1610612757,POR,Portland,1629680,Matisse Thybulle,Matisse,F,,26:49,2.0,5.0,0.4,1.0,2.0,0.5,0.0,1.0,0.0,0.0,4.0,4.0,2.0,2.0,0.0,1.0,3.0,5.0,-3.0
22200894,1610612757,POR,Portland,1629642,Nassir Little,Nassir,F,,33:33,10.0,19.0,0.526,5.0,9.0,0.556,1.0,1.0,1.0,0.0,3.0,3.0,2.0,4.0,1.0,0.0,1.0,26.0,-12.0
22200894,1610612757,POR,Portland,1629234,Drew Eubanks,Drew,C,,24:05,4.0,7.0,0.571,0.0,0.0,0.0,0.0,0.0,0.0,4.0,3.0,7.0,3.0,0.0,0.0,0.0,4.0,8.0,-3.0
22200894,1610612757,POR,Portland,1629629,Cam Reddish,Cam,G,,34:40,7.0,18.0,0.389,3.0,11.0,0.273,7.0,7.0,1.0,2.0,2.0,4.0,4.0,2.0,0.0,5.0,1.0,24.0,-18.0
22200894,1610612757,POR,Portland,1627853,Ryan Arcidiacono,Ryan,G,,33:51,3.0,8.0,0.375,3.0,5.0,0.6,0.0,0.0,0.0,0.0,6.0,6.0,6.0,0.0,0.0,1.0,3.0,9.0,-3.0
22200894,1610612757,POR,Portland,1630570,Trendon Watford,Trendon,,,19:21,6.0,7.0,0.857,0.0,0.0,0.0,3.0,4.0,0.75,1.0,2.0,3.0,4.0,0.0,0.0,2.0,2.0,15.0,-20.0
22200894,1610612757,POR,Portland,1631101,Shaedon Sharpe,Shaedon,,,22:22,4.0,14.0,0.286,1.0,5.0,0.2,0.0,0.0,0.0,1.0,2.0,3.0,1.0,1.0,0.0,2.0,4.0,9.0,-21.0
22200894,1610612757,POR,Portland,1631133,Jabari Walker,Jabari,,,16:42,2.0,3.0,0.667,0.0,1.0,0.0,0.0,0.0,0.0,0.0,1.0,1.0,1.0,0.0,1.0,0.0,2.0,4.0,2.0
22200894,1610612757,POR,Portland,1630553,Keon Johnson,Keon,,,18:43,5.0,10.0,0.5,3.0,3.0,1.0,3.0,4.0,0.75,1.0,0.0,1.0,3.0,2.0,0.0,1.0,1.0,16.0,-8.0
22200894,1610612757,POR,Portland,1628995,Kevin Knox II,Kevin,,,5:20,0.0,1.0,0.0,0.0,1.0,0.0,0.0,0.0,0.0,0.0,1.0,1.0,0.0,0.0,0.0,0.0,2.0,0.0,-5.0
22200894,1610612757,POR,Portland,1631219,John Butler Jr.,John,,,4:34,0.0,1.0,0.0,0.0,1.0,0.0,0.0,0.0,0.0,0.0,0.0,0.0,0.0,1.0,1.0,0.0,0.0,0.0,6.0
22200894,1610612758,SAC,Sacramento,203084,Harrison Barnes,Harrison,F,,23:44,5.0,8.0,0.625,1.0,2.0,0.5,4.0,5.0,0.8,1.0,1.0,2.0,2.0,1.0,0.0,1.0,0.0,15.0,4.0
22200894,1610612758,SAC,Sacramento,1631099,Keegan Murray,Keegan,F,,25:20,4.0,7.0,0.571,2.0,5.0,0.4,0.0,0.0,0.0,1.0,1.0,2.0,1.0,0.0,2.0,0.0,1.0,10.0,0.0
22200894,1610612758,SAC,Sacramento,1627734,Domantas Sabonis,Domantas,C,,31:31,6.0,10.0,0.6,0.0,1.0,0.0,6.0,6.0,1.0,3.0,14.0,17.0,10.0,3.0,0.0,5.0,0.0,18.0,2.0
22200894,1610612758,SAC,Sacramento,1628989,Kevin Huerter,Kevin,G,,25:56,4.0,8.0,0.5,2.0,6.0,0.333,0.0,0.0,0.0,1.0,3.0,4.0,0.0,1.0,0.0,1.0,2.0,10.0,3.0
22200894,1610612758,SAC,Sacramento,1628368,De'Aaron Fox,De'Aaron,G,,25:41,11.0,15.0,0.733,2.0,4.0,0.5,7.0,8.0,0.875,0.0,3.0,3.0,3.0,1.0,0.0,4.0,1.0,31.0,3.0
22200894,1610612758,SAC,Sacramento,1629056,Terence Davis,Terence,,,18:24,6.0,10.0,0.6,4.0,5.0,0.8,4.0,5.0,0.8,1.0,3.0,4.0,2.0,0.0,1.0,3.0,3.0,20.0,18.0
22200894,1610612758,SAC,Sacramento,1630558,Davion Mitchell,Davion,,,23:26,1.0,3.0,0.333,1.0,2.0,0.5,0.0,0.0,0.0,1.0,1.0,2.0,4.0,1.0,0.0,1.0,3.0,3.0,11.0
22200894,1610612758,SAC,Sacramento,1628370,Malik Monk,Malik,,,20:45,6.0,10.0,0.6,1.0,3.0,0.333,2.0,4.0,0.5,1.0,2.0,3.0,2.0,0.0,0.0,1.0,1.0,15.0,18.0
22200894,1610612758,SAC,Sacramento,1626168,Trey Lyles,Trey,,,20:31,3.0,6.0,0.5,1.0,4.0,0.25,0.0,0.0,0.0,1.0,4.0,5.0,2.0,0.0,0.0,0.0,2.0,7.0,20.0
22200894,1610612758,SAC,Sacramento,1629002,Chimezie Metu,Chimezie,,,14:41,1.0,4.0,0.25,0.0,0.0,0.0,0.0,1.0,0.0,1.0,4.0,5.0,1.0,2.0,1.0,0.0,2.0,2.0,20.0
22200894,1610612758,SAC,Sacramento,1630556,Kessler Edwards,Kessler,,,3:55,0.0,3.0,0.0,0.0,1.0,0.0,0.0,0.0,0.0,1.0,0.0,1.0,0.0,0.0,0.0,0.0,0.0,0.0,-3.0
22200894,1610612758,SAC,Sacramento,1626158,Richaun Holmes,Richaun,,,2:09,0.0,0.0,0.0,0.0,0.0,0.0,2.0,2.0,1.0,0.0,0.0,0.0,0.0,0.0,0.0,0.0,0.0,2.0,-3.0
22200894,1610612758,SAC,Sacramento,203521,Matthew Dellavedova,Matthew,,,2:09,0.0,1.0,0.0,0.0,1.0,0.0,0.0,0.0,0.0,0.0,1.0,1.0,0.0,0.0,0.0,0.0,0.0,0.0,-3.0
22200894,1610612758,SAC,Sacramento,203458,Alex Len,Alex,,,1:48,0.0,0.0,0.0,0.0,0.0,0.0,0.0,0.0,0.0,0.0,0.0,0.0,0.0,0.0,0.0,2.0,1.0,0.0,-5.0
22200892,1610612760,OKC,Oklahoma City,1629652,Luguentz Dort,Luguentz,F,,36:02,4.0,14.0,0.286,0.0,4.0,0.0,3.0,4.0,0.75,6.0,5.0,11.0,4.0,1.0,1.0,1.0,3.0,11.0,-4.0
22200892,1610612760,OKC,Oklahoma City,1631114,Jalen Williams,Jalen,F,,37:36,4.0,10.0,0.4,1.0,4.0,0.25,0.0,0.0,0.0,3.0,3.0,6.0,2.0,1.0,0.0,1.0,4.0,9.0,-11.0
22200892,1610612760,OKC,Oklahoma City,1631119,Jaylin Williams,Jaylin,C,,26:33,4.0,7.0,0.571,3.0,4.0,0.75,0.0,0.0,0.0,1.0,5.0,6.0,0.0,0.0,1.0,1.0,2.0,11.0,-7.0
22200892,1610612760,OKC,Oklahoma City,1630581,Josh Giddey,Josh,G,,38:07,8.0,23.0,0.348,0.0,5.0,0.0,2.0,3.0,0.667,6.0,5.0,11.0,3.0,2.0,0.0,3.0,3.0,18.0,0.0
22200892,1610612760,OKC,Oklahoma City,1628983,Shai Gilgeous-Alexander,Shai,G,,40:52,12.0,26.0,0.462,0.0,2.0,0.0,15.0,19.0,0.789,2.0,6.0,8.0,7.0,2.0,1.0,2.0,2.0,39.0,0.0
22200892,1610612760,OKC,Oklahoma City,1630526,Jeremiah Robinson-Earl,Jeremiah,,,10:48,1.0,6.0,0.167,0.0,3.0,0.0,0.0,0.0,0.0,2.0,1.0,3.0,0.0,0.0,0.0,0.0,1.0,2.0,5.0
22200892,1610612760,OKC,Oklahoma City,1630544,Tre Mann,Tre,,,14:15,2.0,7.0,0.286,1.0,5.0,0.2,1.0,1.0,1.0,0.0,1.0,1.0,1.0,1.0,0.0,0.0,2.0,6.0,8.0
22200892,1610612760,OKC,Oklahoma City,1629026,Kenrich Williams,Kenrich,,,28:00,7.0,10.0,0.7,2.0,4.0,0.5,0.0,0.0,0.0,0.0,4.0,4.0,3.0,0.0,0.0,0.0,3.0,16.0,6.0
22200892,1610612760,OKC,Oklahoma City,1630198,Isaiah Joe,Isaiah,,,21:03,2.0,6.0,0.333,1.0,4.0,0.25,0.0,0.0,0.0,0.0,3.0,3.0,1.0,1.0,0.0,1.0,1.0,5.0,-1.0
22200892,1610612760,OKC,Oklahoma City,203967,Dario Šarić,Dario,,,11:44,1.0,3.0,0.333,0.0,2.0,0.0,0.0,0.0,0.0,0.0,1.0,1.0,2.0,0.0,0.0,1.0,2.0,2.0,-1.0
22200892,1610612760,OKC,Oklahoma City,1630647,Eugene Omoruyi,Eugene,,DNP - Coach's Decision,,,,,,,,,,,,,,,,,,,,
22200892,1610612760,OKC,Oklahoma City,1630322,Lindy Waters III,Lindy,,DNP - Coach's Decision,,,,,,,,,,,,,,,,,,,,
22200892,1610612760,OKC,Oklahoma City,1630598,Aaron Wiggins,Aaron,,DNP - Coach's Decision,,,,,,,,,,,,,,,,,,,,
22200892,1610612762,UTA,Utah,1628374,Lauri Markkanen,Lauri,F,,40:26,15.0,28.0,0.536,3.0,12.0,0.25,10.0,10.0,1.0,5.0,5.0,10.0,2.0,0.0,0.0,4.0,3.0,43.0,14.0
22200892,1610612762,UTA,Utah,203482,Kelly Olynyk,Kelly,F,,31:30,3.0,7.0,0.429,2.0,3.0,0.667,4.0,4.0,1.0,1.0,6.0,7.0,3.0,2.0,1.0,4.0,2.0,12.0,13.0
22200892,1610612762,UTA,Utah,1631117,Walker Kessler,Walker,C,,37:01,3.0,4.0,0.75,1.0,1.0,1.0,0.0,2.0,0.0,4.0,14.0,18.0,2.0,0.0,7.0,0.0,2.0,7.0,8.0
22200892,1610612762,UTA,Utah,203903,Jordan Clarkson,Jordan,G,,35:50,9.0,19.0,0.474,2.0,8.0,0.25,4.0,5.0,0.8,1.0,3.0,4.0,6.0,0.0,0.0,4.0,5.0,24.0,0.0
22200892,1610612762,UTA,Utah,1629659,Talen Horton-Tucker,Talen,G,,34:58,2.0,11.0,0.182,1.0,6.0,0.167,4.0,4.0,1.0,1.0,6.0,7.0,6.0,2.0,1.0,4.0,5.0,9.0,10.0
22200892,1610612762,UTA,Utah,1630534,Ochai Agbaji,Ochai,,,21:58,4.0,11.0,0.364,3.0,8.0,0.375,1.0,2.0,0.5,3.0,1.0,4.0,3.0,1.0,0.0,2.0,4.0,12.0,-16.0
22200892,1610612762,UTA,Utah,200752,Rudy Gay,Rudy,,,3:35,0.0,0.0,0.0,0.0,0.0,0.0,0.0,0.0,0.0,0.0,0.0,0.0,0.0,0.0,0.0,0.0,0.0,0.0,0.0
22200892,1610612762,UTA,Utah,1627745,Damian Jones,Damian,,,13:20,0.0,0.0,0.0,0.0,0.0,0.0,0.0,0.0,0.0,2.0,3.0,5.0,1.0,0.0,0.0,1.0,1.0,0.0,-9.0
22200892,1610612762,UTA,Utah,1627739,Kris Dunn,Kris,,,16:43,5.0,10.0,0.5,1.0,4.0,0.25,0.0,0.0,0.0,0.0,1.0,1.0,1.0,2.0,0.0,1.0,3.0,11.0,-11.0
22200892,1610612762,UTA,Utah,1629308,Juan Toscano-Anderson,Juan,,,15:28,0.0,2.0,0.0,0.0,1.0,0.0,0.0,0.0,0.0,0.0,1.0,1.0,1.0,1.0,1.0,1.0,2.0,0.0,-5.0
22200892,1610612762,UTA,Utah,1631323,Simone Fontecchio,Simone,,,14:12,1.0,8.0,0.125,0.0,5.0,0.0,0.0,0.0,0.0,0.0,1.0,1.0,1.0,0.0,0.0,0.0,2.0,2.0,1.0
22200892,1610612762,UTA,Utah,1628962,Udoka Azubuike,Udoka,,DNP - Coach's Decision,,,,,,,,,,,,,,,,,,,,
22200892,1610612762,UTA,Utah,1628402,Frank Jackson,Frank,,DNP - Coach's Decision,,,,,,,,,,,,,,,,,,,,
22200892,1610612762,UTA,Utah,1630548,Johnny Juzang,Johnny,,DNP - Coach's Decision,,,,,,,,,,,,,,,,,,,,
22200891,1610612759,SAS,San Antonio,1629640,Keldon Johnson,Keldon,F,,31:03,8.0,13.0,0.615,1.0,3.0,0.333,5.0,8.0,0.625,0.0,8.0,8.0,7.0,1.0,0.0,6.0,2.0,22.0,-11.0
22200891,1610612759,SAS,San Antonio,1628966,Keita Bates-Diop,Keita,F,,29:28,6.0,10.0,0.6,2.0,3.0,0.667,1.0,2.0,0.5,1.0,5.0,6.0,2.0,0.0,0.0,2.0,1.0,15.0,-17.0
22200891,1610612759,SAS,San Antonio,1628380,Zach Collins,Zach,C,,27:27,6.0,15.0,0.4,0.0,2.0,0.0,1.0,1.0,1.0,3.0,9.0,12.0,3.0,1.0,0.0,0.0,3.0,13.0,-11.0
22200891,1610612759,SAS,San Antonio,1631103,Malaki Branham,Malaki,G,,35:23,9.0,17.0,0.529,2.0,5.0,0.4,3.0,3.0,1.0,1.0,1.0,2.0,5.0,0.0,0.0,4.0,3.0,23.0,-21.0
22200891,1610612759,SAS,San Antonio,1628984,Devonte' Graham,Devonte',G,,28:26,2.0,6.0,0.333,2.0,5.0,0.4,4.0,6.0,0.667,0.0,1.0,1.0,5.0,0.0,1.0,1.0,2.0,10.0,-30.0
22200891,1610612759,SAS,San Antonio,203926,Doug McDermott,Doug,,,24:39,3.0,6.0,0.5,0.0,2.0,0.0,0.0,0.0,0.0,0.0,0.0,0.0,3.0,0.0,0.0,0.0,4.0,6.0,-25.0
22200891,1610612759,SAS,San Antonio,1631230,Dominick Barlow,Dominick,,,16:08,1.0,1.0,1.0,0.0,0.0,0.0,0.0,0.0,0.0,1.0,4.0,5.0,0.0,0.0,0.0,0.0,3.0,2.0,-1.0
22200891,1610612759,SAS,San Antonio,1631104,Blake Wesley,Blake,,,20:57,3.0,8.0,0.375,2.0,2.0,1.0,1.0,2.0,0.5,1.0,2.0,3.0,2.0,1.0,0.0,3.0,5.0,9.0,1.0
22200891,1610612759,SAS,San Antonio,1629646,Charles Bassey,Charles,,,19:16,7.0,8.0,0.875,1.0,1.0,1.0,1.0,1.0,1.0,3.0,4.0,7.0,2.0,1.0,0.0,0.0,1.0,16.0,-14.0
22200891,1610612759,SAS,San Antonio,203476,Gorgui Dieng,Gorgui,,,7:13,0.0,2.0,0.0,0.0,2.0,0.0,0.0,0.0,0.0,0.0,1.0,1.0,1.0,0.0,0.0,0.0,1.0,0.0,-1.0
22200891,1610612759,SAS,San Antonio,1631110,Jeremy Sochan,Jeremy,,DNP - Injury/Illness,,,,,,,,,,,,,,,,,,,,
22200891,1610612742,DAL,Dallas,1630182,Josh Green,Josh,F,,25:31,4.0,8.0,0.5,2.0,4.0,0.5,1.0,2.0,0.5,0.0,1.0,1.0,2.0,0.0,1.0,2.0,2.0,11.0,-1.0
22200891,1610612742,DAL,Dallas,203493,Reggie Bullock Jr.,Reggie,F,,25:55,4.0,6.0,0.667,4.0,6.0,0.667,0.0,0.0,0.0,0.0,4.0,4.0,1.0,0.0,0.0,0.0,2.0,12.0,5.0
22200891,1610612742,DAL,Dallas,203939,Dwight Powell,Dwight,C,,26:53,5.0,7.0,0.714,0.0,0.0,0.0,0.0,2.0,0.0,3.0,5.0,8.0,1.0,3.0,0.0,0.0,3.0,10.0,19.0
22200891,1610612742,DAL,Dallas,202681,Kyrie Irving,Kyrie,G,,29:58,8.0,13.0,0.615,3.0,4.0,0.75,4.0,4.0,1.0,0.0,1.0,1.0,6.0,1.0,0.0,1.0,3.0,23.0,34.0
22200891,1610612742,DAL,Dallas,1629029,Luka Dončić,Luka,G,,30:21,8.0,16.0,0.5,1.0,6.0,0.167,11.0,12.0,0.917,0.0,7.0,7.0,10.0,2.0,2.0,1.0,0.0,28.0,8.0
22200891,1610612742,DAL,Dallas,203200,Justin Holiday,Justin,,,21:20,5.0,7.0,0.714,5.0,6.0,0.833,0.0,0.0,0.0,0.0,2.0,2.0,0.0,2.0,0.0,0.0,2.0,15.0,20.0
22200891,1610612742,DAL,Dallas,203501,Tim Hardaway Jr.,Tim,,,26:28,7.0,12.0,0.583,6.0,11.0,0.545,2.0,3.0,0.667,0.0,1.0,1.0,0.0,0.0,0.0,0.0,1.0,22.0,18.0
22200891,1610612742,DAL,Dallas,1626174,Christian Wood,Christian,,,22:15,4.0,10.0,0.4,0.0,2.0,0.0,8.0,9.0,0.889,0.0,7.0,7.0,1.0,0.0,2.0,2.0,5.0,16.0,5.0
22200891,1610612742,DAL,Dallas,1628373,Frank Ntilikina,Frank,,,20:57,0.0,1.0,0.0,0.0,1.0,0.0,2.0,4.0,0.5,0.0,3.0,3.0,4.0,1.0,0.0,0.0,0.0,2.0,23.0
22200891,1610612742,DAL,Dallas,1629033,Theo Pinson,Theo,,,5:56,0.0,0.0,0.0,0.0,0.0,0.0,0.0,0.0,0.0,0.0,2.0,2.0,1.0,1.0,0.0,0.0,0.0,0.0,0.0
22200891,1610612742,DAL,Dallas,1630702,Jaden Hardy,Jaden,,,4:26,1.0,2.0,0.5,1.0,2.0,0.5,0.0,0.0,0.0,0.0,0.0,0.0,1.0,0.0,0.0,0.0,0.0,3.0,-1.0
22200891,1610612742,DAL,Dallas,201580,JaVale McGee,JaVale,,DNP - Coach's Decision,,,,,,,,,,,,,,,,,,,,
22200891,1610612742,DAL,Dallas,202693,Markieff Morris,Markieff,,DNP - Coach's Decision,,,,,,,,,,,,,,,,,,,,
22200889,1610612763,MEM,Memphis,1628415,Dillon Brooks,Dillon,F,,31:51,3.0,9.0,0.333,1.0,5.0,0.2,4.0,4.0,1.0,3.0,2.0,5.0,2.0,0.0,0.0,2.0,2.0,11.0,-13.0
22200889,1610612763,MEM,Memphis,1628991,Jaren Jackson Jr.,Jaren,F,,32:58,5.0,16.0,0.313,1.0,7.0,0.143,7.0,7.0,1.0,2.0,7.0,9.0,1.0,1.0,4.0,0.0,3.0,18.0,-9.0
22200889,1610612763,MEM,Memphis,1629634,Brandon Clarke,Brandon,C,,15:26,1.0,3.0,0.333,0.0,0.0,0.0,0.0,0.0,0.0,1.0,2.0,3.0,3.0,0.0,1.0,0.0,4.0,2.0,-3.0
22200889,1610612763,MEM,Memphis,1630217,Desmond Bane,Desmond,G,,32:24,10.0,20.0,0.5,4.0,12.0,0.333,1.0,1.0,1.0,2.0,6.0,8.0,2.0,0.0,0.0,3.0,2.0,25.0,0.0
22200889,1610612763,MEM,Memphis,1629630,Ja Morant,Ja,G,,32:26,3.0,16.0,0.188,0.0,2.0,0.0,9.0,10.0,0.9,0.0,3.0,3.0,5.0,2.0,0.0,3.0,0.0,15.0,-6.0
22200889,1610612763,MEM,Memphis,1630214,Xavier Tillman,Xavier,,,32:12,2.0,6.0,0.333,0.0,0.0,0.0,4.0,6.0,0.667,3.0,9.0,12.0,2.0,2.0,1.0,1.0,5.0,8.0,-4.0
22200889,1610612763,MEM,Memphis,1630583,Santi Aldama,Santi,,,15:10,2.0,5.0,0.4,0.0,3.0,0.0,2.0,4.0,0.5,0.0,0.0,0.0,1.0,0.0,1.0,0.0,5.0,6.0,6.0
22200889,1610612763,MEM,Memphis,1629723,John Konchar,John,,,17:22,3.0,3.0,1.0,0.0,0.0,0.0,3.0,4.0,0.75,2.0,3.0,5.0,0.0,0.0,0.0,0.0,3.0,9.0,3.0
22200889,1610612763,MEM,Memphis,1626145,Tyus Jones,Tyus,,,15:48,1.0,3.0,0.333,0.0,0.0,0.0,0.0,0.0,0.0,0.0,2.0,2.0,6.0,0.0,0.0,1.0,1.0,2.0,1.0
22200889,1610612763,MEM,Memphis,1631223,David Roddy,David,,,14:23,4.0,6.0,0.667,1.0,3.0,0.333,0.0,0.0,0.0,0.0,2.0,2.0,0.0,0.0,0.0,1.0,2.0,9.0,0.0
22200889,1610612763,MEM,Memphis,1631113,Kennedy Chandler,Kennedy,,DNP - Coach's Decision,,,,,,,,,,,,,,,,,,,,
22200889,1610612763,MEM,Memphis,1631246,Vince Williams Jr.,Vince,,DNP - Coach's Decision,,,,,,,,,,,,,,,,,,,,
22200889,1610612755,PHI,Philadelphia,202699,Tobias Harris,Tobias,F,,33:36,5.0,10.0,0.5,4.0,7.0,0.571,6.0,6.0,1.0,1.0,3.0,4.0,2.0,0.0,1.0,1.0,2.0,20.0,12.0
22200889,1610612755,PHI,Philadelphia,200782,P.J. Tucker,P.J.,F,,32:12,2.0,3.0,0.667,2.0,3.0,0.667,0.0,0.0,0.0,2.0,4.0,6.0,1.0,1.0,0.0,1.0,4.0,6.0,11.0
22200889,1610612755,PHI,Philadelphia,203954,Joel Embiid,Joel,C,,38:35,7.0,25.0,0.28,0.0,5.0,0.0,13.0,17.0,0.765,2.0,17.0,19.0,6.0,1.0,6.0,2.0,4.0,27.0,6.0
22200889,1610612755,PHI,Philadelphia,1629001,De'Anthony Melton,De'Anthony,G,,13:27,0.0,2.0,0.0,0.0,1.0,0.0,0.0,0.0,0.0,1.0,0.0,1.0,2.0,0.0,0.0,1.0,5.0,0.0,-8.0
22200889,1610612755,PHI,Philadelphia,201935,James Harden,James,G,,39:37,10.0,16.0,0.625,6.0,9.0,0.667,5.0,7.0,0.714,0.0,7.0,7.0,7.0,1.0,2.0,4.0,2.0,31.0,5.0
22200889,1610612755,PHI,Philadelphia,1630178,Tyrese Maxey,Tyrese,,,37:01,6.0,18.0,0.333,0.0,6.0,0.0,4.0,4.0,1.0,0.0,2.0,2.0,4.0,0.0,0.0,0.0,2.0,16.0,8.0
22200889,1610612755,PHI,Philadelphia,1627777,Georges Niang,Georges,,,16:35,2.0,5.0,0.4,1.0,4.0,0.25,0.0,0.0,0.0,0.0,1.0,1.0,1.0,0.0,0.0,1.0,3.0,5.0,-6.0
22200889,1610612755,PHI,Philadelphia,1629667,Jalen McDaniels,Jalen,,,14:39,1.0,2.0,0.5,0.0,0.0,0.0,1.0,2.0,0.5,1.0,2.0,3.0,1.0,0.0,0.0,0.0,2.0,3.0,-2.0
22200889,1610612755,PHI,Philadelphia,1629003,Shake Milton,Shake,,,8:15,0.0,1.0,0.0,0.0,1.0,0.0,0.0,0.0,0.0,0.0,0.0,0.0,1.0,0.0,0.0,0.0,0.0,0.0,2.0
22200889,1610612755,PHI,Philadelphia,1630194,Paul Reed,Paul,,,6:03,1.0,2.0,0.5,0.0,0.0,0.0,0.0,0.0,0.0,0.0,0.0,0.0,0.0,0.0,1.0,0.0,2.0,2.0,-3.0
22200889,1610612755,PHI,Philadelphia,1626149,Montrezl Harrell,Montrezl,,DNP - Coach's Decision,,,,,,,,,,,,,,,,,,,,
22200889,1610612755,PHI,Philadelphia,1627863,Danuel House Jr.,Danuel,,DNP - Coach's Decision,,,,,,,,,,,,,,,,,,,,
22200889,1610612755,PHI,Philadelphia,1627788,Furkan Korkmaz,Furkan,,DNP - Coach's Decision,,,,,,,,,,,,,,,,,,,,
22200889,1610612755,PHI,Philadelphia,1630531,Jaden Springer,Jaden,,DNP - Coach's Decision,,,,,,,,,,,,,,,,,,,,
22200883,1610612749,MIL,Milwaukee,1628960,Grayson Allen,Grayson,F,,27:49,4.0,10.0,0.4,2.0,6.0,0.333,0.0,0.0,0.0,0.0,3.0,3.0,1.0,0.0,0.0,3.0,1.0,10.0,21.0
22200883,1610612749,MIL,Milwaukee,203507,Giannis Antetokounmpo,Giannis,F,,9:19,1.0,4.0,0.25,0.0,1.0,0.0,0.0,0.0,0.0,1.0,6.0,7.0,3.0,0.0,0.0,1.0,1.0,2.0,9.0
22200883,1610612749,MIL,Milwaukee,201572,Brook Lopez,Brook,C,,33:12,13.0,18.0,0.722,3.0,6.0,0.5,4.0,7.0,0.571,2.0,5.0,7.0,2.0,0.0,4.0,0.0,3.0,33.0,28.0
22200883,1610612749,MIL,Milwaukee,1628975,Jevon Carter,Jevon,G,,32:02,9.0,13.0,0.692,4.0,5.0,0.8,0.0,0.0,0.0,0.0,6.0,6.0,6.0,1.0,0.0,2.0,2.0,22.0,23.0
22200883,1610612749,MIL,Milwaukee,201950,Jrue Holiday,Jrue,G,,28:11,5.0,15.0,0.333,2.0,8.0,0.25,3.0,3.0,1.0,1.0,5.0,6.0,9.0,0.0,0.0,1.0,0.0,15.0,8.0
22200883,1610612749,MIL,Milwaukee,202083,Wesley Matthews,Wesley,,,19:50,1.0,3.0,0.333,1.0,3.0,0.333,2.0,2.0,1.0,0.0,3.0,3.0,0.0,0.0,0.0,1.0,4.0,5.0,-5.0
22200883,1610612749,MIL,Milwaukee,1630699,MarJon Beauchamp,MarJon,,,22:09,0.0,3.0,0.0,0.0,1.0,0.0,2.0,2.0,1.0,2.0,2.0,4.0,1.0,1.0,1.0,0.0,1.0,2.0,-8.0
22200883,1610612749,MIL,Milwaukee,204060,Joe Ingles,Joe,,,21:25,2.0,8.0,0.25,1.0,6.0,0.167,0.0,0.0,0.0,0.0,7.0,7.0,1.0,1.0,0.0,0.0,1.0,5.0,7.0
22200883,1610612749,MIL,Milwaukee,1631260,AJ Green,AJ,,,23:06,5.0,8.0,0.625,5.0,7.0,0.714,0.0,0.0,0.0,0.0,2.0,2.0,1.0,0.0,0.0,0.0,1.0,15.0,-2.0
22200883,1610612749,MIL,Milwaukee,1630572,Sandro Mamukelashvili,Sandro,,,19:26,0.0,4.0,0.0,0.0,4.0,0.0,2.0,2.0,1.0,2.0,3.0,5.0,0.0,1.0,2.0,0.0,2.0,2.0,-12.0
22200883,1610612749,MIL,Milwaukee,203648,Thanasis Antetokounmpo,Thanasis,,,3:31,0.0,2.0,0.0,0.0,0.0,0.0,1.0,2.0,0.5,1.0,1.0,2.0,0.0,0.0,0.0,0.0,0.0,1.0,-9.0
22200883,1610612741,CHI,Chicago,203897,Zach LaVine,Zach,F,,31:57,5.0,16.0,0.313,1.0,5.0,0.2,7.0,7.0,1.0,0.0,4.0,4.0,2.0,1.0,0.0,0.0,2.0,18.0,-15.0
22200883,1610612741,CHI,Chicago,1630172,Patrick Williams,Patrick,F,,30:02,6.0,10.0,0.6,3.0,5.0,0.6,1.0,2.0,0.5,1.0,4.0,5.0,2.0,2.0,0.0,0.0,1.0,16.0,-28.0
22200883,1610612741,CHI,Chicago,202696,Nikola Vučević,Nikola,C,,31:21,8.0,20.0,0.4,2.0,6.0,0.333,4.0,4.0,1.0,4.0,12.0,16.0,3.0,0.0,0.0,2.0,4.0,22.0,-23.0
22200883,1610612741,CHI,Chicago,1629632,Coby White,Coby,G,,37:00,4.0,14.0,0.286,0.0,5.0,0.0,0.0,0.0,0.0,0.0,5.0,5.0,3.0,0.0,0.0,0.0,2.0,8.0,-14.0
22200883,1610612741,CHI,Chicago,1630245,Ayo Dosunmu,Ayo,G,,35:35,3.0,11.0,0.273,1.0,2.0,0.5,0.0,0.0,0.0,1.0,2.0,3.0,1.0,0.0,0.0,1.0,3.0,7.0,-17.0
22200883,1610612741,CHI,Chicago,1631207,Dalen Terry,Dalen,,,27:02,6.0,12.0,0.5,1.0,4.0,0.25,0.0,0.0,0.0,5.0,2.0,7.0,6.0,1.0,0.0,0.0,1.0,13.0,1.0
22200883,1610612741,CHI,Chicago,203083,Andre Drummond,Andre,,,13:08,1.0,3.0,0.333,0.0,0.0,0.0,3.0,4.0,0.75,3.0,2.0,5.0,0.0,0.0,1.0,1.0,1.0,5.0,2.0
22200883,1610612741,CHI,Chicago,1630792,Malcolm Hill,Malcolm,,,6:53,2.0,4.0,0.5,1.0,3.0,0.333,0.0,0.0,0.0,0.0,2.0,2.0,0.0,0.0,0.0,0.0,1.0,5.0,13.0
22200883,1610612741,CHI,Chicago,1630637,Carlik Jones,Carlik,,,21:43,0.0,4.0,0.0,0.0,1.0,0.0,1.0,4.0,0.25,1.0,2.0,3.0,2.0,0.0,0.0,1.0,1.0,1.0,4.0
22200883,1610612741,CHI,Chicago,1628396,Tony Bradley,Tony,,,3:31,2.0,3.0,0.667,1.0,1.0,1.0,0.0,0.0,0.0,0.0,1.0,1.0,0.0,0.0,1.0,0.0,0.0,5.0,9.0
22200883,1610612741,CHI,Chicago,1630250,Marko Simonovic,Marko,,,1:48,0.0,0.0,0.0,0.0,0.0,0.0,0.0,0.0,0.0,0.0,0.0,0.0,0.0,0.0,0.0,0.0,1.0,0.0,8.0
22200885,1610612746,LAC,LA,202694,Marcus Morris Sr.,Marcus,F,,19:18,2.0,6.0,0.333,0.0,4.0,0.0,0.0,0.0,0.0,0.0,0.0,0.0,3.0,0.0,0.0,0.0,4.0,4.0,1.0
22200885,1610612746,LAC,LA,202695,Kawhi Leonard,Kawhi,F,,35:27,5.0,18.0,0.278,0.0,5.0,0.0,6.0,6.0,1.0,1.0,8.0,9.0,4.0,1.0,1.0,2.0,0.0,16.0,9.0
22200885,1610612746,LAC,LA,1627826,Ivica Zubac,Ivica,C,,29:19,6.0,9.0,0.667,0.0,0.0,0.0,1.0,2.0,0.5,6.0,6.0,12.0,1.0,1.0,0.0,2.0,3.0,13.0,2.0
22200885,1610612746,LAC,LA,202331,Paul George,Paul,G,,36:28,9.0,19.0,0.474,4.0,11.0,0.364,4.0,4.0,1.0,1.0,5.0,6.0,5.0,1.0,0.0,4.0,4.0,26.0,9.0
22200885,1610612746,LAC,LA,1629611,Terance Mann,Terance,G,,35:27,10.0,12.0,0.833,3.0,4.0,0.75,3.0,4.0,0.75,0.0,4.0,4.0,3.0,1.0,0.0,2.0,3.0,26.0,10.0
22200885,1610612746,LAC,LA,201569,Eric Gordon,Eric,,,26:21,3.0,8.0,0.375,2.0,5.0,0.4,5.0,5.0,1.0,0.0,1.0,1.0,7.0,2.0,0.0,0.0,1.0,13.0,5.0
22200885,1610612746,LAC,LA,201587,Nicolas Batum,Nicolas,,,24:01,1.0,4.0,0.25,1.0,4.0,0.25,0.0,0.0,0.0,0.0,2.0,2.0,2.0,0.0,0.0,1.0,0.0,3.0,1.0
22200885,1610612746,LAC,LA,203486,Mason Plumlee,Mason,,,17:43,2.0,2.0,1.0,0.0,0.0,0.0,2.0,2.0,1.0,0.0,6.0,6.0,3.0,1.0,1.0,0.0,3.0,6.0,9.0
22200885,1610612746,LAC,LA,1630538,Bones Hyland,Bones,,,15:56,2.0,4.0,0.5,1.0,1.0,1.0,4.0,4.0,1.0,0.0,3.0,3.0,1.0,1.0,0.0,3.0,1.0,9.0,-1.0
22200885,1610612746,LAC,LA,1630527,Brandon Boston,Brandon,,DNP - Coach's Decision,,,,,,,,,,,,,,,,,,,,
22200885,1610612746,LAC,LA,1629650,Moses Brown,Moses,,DNP - Coach's Decision,,,,,,,,,,,,,,,,,,,,
22200885,1610612746,LAC,LA,1629599,Amir Coffey,Amir,,DNP - Coach's Decision,,,,,,,,,,,,,,,,,,,,
22200885,1610612746,LAC,LA,203496,Robert Covington,Robert,,DNP - Coach's Decision,,,,,,,,,,,,,,,,,,,,
22200885,1610612746,LAC,LA,1631217,Moussa Diabaté,Moussa,,DNP - Coach's Decision,,,,,,,,,,,,,,,,,,,,
22200885,1610612746,LAC,LA,1630554,Jason Preston,Jason,,DNP - Coach's Decision,,,,,,,,,,,,,,,,,,,,
22200885,1610612756,PHX,Phoenix,1629006,Josh Okogie,Josh,F,,41:04,9.0,16.0,0.563,6.0,12.0,0.5,0.0,0.0,0.0,2.0,3.0,5.0,1.0,3.0,0.0,1.0,1.0,24.0,-3.0
22200885,1610612756,PHX,Phoenix,1628470,Torrey Craig,Torrey,F,,26:33,2.0,6.0,0.333,2.0,3.0,0.667,0.0,0.0,0.0,1.0,5.0,6.0,0.0,0.0,0.0,0.0,3.0,6.0,-12.0
22200885,1610612756,PHX,Phoenix,1629028,Deandre Ayton,Deandre,C,,31:55,8.0,13.0,0.615,0.0,0.0,0.0,2.0,2.0,1.0,0.0,6.0,6.0,0.0,0.0,1.0,1.0,4.0,18.0,-11.0
22200885,1610612756,PHX,Phoenix,1626164,Devin Booker,Devin,G,,34:41,6.0,16.0,0.375,1.0,6.0,0.167,6.0,7.0,0.857,0.0,3.0,3.0,9.0,0.0,1.0,5.0,5.0,19.0,-3.0
22200885,1610612756,PHX,Phoenix,101108,Chris Paul,Chris,G,,33:23,2.0,8.0,0.25,0.0,1.0,0.0,1.0,3.0,0.333,1.0,2.0,3.0,11.0,4.0,0.0,2.0,0.0,5.0,-7.0
22200885,1610612756,PHX,Phoenix,203082,Terrence Ross,Terrence,,,25:03,7.0,17.0,0.412,1.0,8.0,0.125,1.0,2.0,0.5,1.0,3.0,4.0,4.0,0.0,0.0,0.0,2.0,16.0,-6.0
22200885,1610612756,PHX,Phoenix,1630688,Ish Wainright,Ish,,,7:18,0.0,0.0,0.0,0.0,0.0,0.0,0.0,0.0,0.0,0.0,0.0,0.0,1.0,0.0,0.0,0.0,3.0,0.0,-4.0
22200885,1610612756,PHX,Phoenix,203933,T.J. Warren,T.J.,,,8:10,1.0,2.0,0.5,0.0,0.0,0.0,0.0,0.0,0.0,1.0,2.0,3.0,0.0,0.0,0.0,0.0,1.0,2.0,-3.0
22200885,1610612756,PHX,Phoenix,1629111,Jock Landale,Jock,,,4:00,0.0,1.0,0.0,0.0,0.0,0.0,2.0,2.0,1.0,1.0,0.0,1.0,1.0,0.0,0.0,0.0,1.0,2.0,-1.0
22200885,1610612756,PHX,Phoenix,1630240,Saben Lee,Saben,,,7:54,2.0,4.0,0.5,0.0,0.0,0.0,0.0,0.0,0.0,0.0,2.0,2.0,0.0,1.0,0.0,1.0,2.0,4.0,-2.0
22200885,1610612756,PHX,Phoenix,202687,Bismack Biyombo,Bismack,,,12:05,2.0,2.0,1.0,0.0,0.0,0.0,0.0,0.0,0.0,0.0,4.0,4.0,2.0,1.0,0.0,1.0,1.0,4.0,3.0
22200885,1610612756,PHX,Phoenix,1627814,Damion Lee,Damion,,,7:56,3.0,4.0,0.75,1.0,1.0,1.0,0.0,0.0,0.0,0.0,1.0,1.0,1.0,1.0,0.0,1.0,1.0,7.0,4.0
22200885,1610612756,PHX,Phoenix,1629647,Darius Bazley,Darius,,DNP - Coach's Decision,,,,,,,,,,,,,,,,,,,,
22200884,1610612764,WAS,Washington,1628398,Kyle Kuzma,Kyle,F,,34:37,6.0,21.0,0.286,4.0,13.0,0.308,0.0,0.0,0.0,2.0,5.0,7.0,1.0,1.0,1.0,4.0,1.0,16.0,3.0
22200884,1610612764,WAS,Washington,204001,Kristaps Porziņģis,Kristaps,F,,31:57,4.0,12.0,0.333,1.0,3.0,0.333,5.0,7.0,0.714,0.0,5.0,5.0,2.0,2.0,2.0,0.0,3.0,14.0,-2.0
22200884,1610612764,WAS,Washington,1629655,Daniel Gafford,Daniel,C,,19:25,3.0,3.0,1.0,0.0,0.0,0.0,0.0,0.0,0.0,2.0,4.0,6.0,2.0,1.0,2.0,1.0,2.0,6.0,0.0
22200884,1610612764,WAS,Washington,203078,Bradley Beal,Bradley,G,,34:40,14.0,28.0,0.5,4.0,8.0,0.5,3.0,3.0,1.0,1.0,5.0,6.0,5.0,3.0,0.0,4.0,2.0,35.0,2.0
22200884,1610612764,WAS,Washington,1628420,Monté Morris,Monté,G,,21:12,2.0,5.0,0.4,0.0,1.0,0.0,1.0,1.0,1.0,0.0,4.0,4.0,6.0,0.0,0.0,1.0,1.0,5.0,-19.0
22200884,1610612764,WAS,Washington,1630557,Corey Kispert,Corey,,,32:02,5.0,7.0,0.714,4.0,6.0,0.667,1.0,1.0,1.0,0.0,3.0,3.0,0.0,0.0,0.0,2.0,0.0,15.0,9.0
22200884,1610612764,WAS,Washington,1630166,Deni Avdija,Deni,,,24:13,3.0,8.0,0.375,0.0,1.0,0.0,4.0,5.0,0.8,3.0,6.0,9.0,4.0,2.0,0.0,1.0,4.0,10.0,12.0
22200884,1610612764,WAS,Washington,1626153,Delon Wright,Delon,,,29:11,5.0,9.0,0.556,0.0,1.0,0.0,0.0,0.0,0.0,5.0,2.0,7.0,3.0,3.0,1.0,2.0,1.0,10.0,25.0
22200884,1610612764,WAS,Washington,1629134,Kendrick Nunn,Kendrick,,,12:43,1.0,2.0,0.5,1.0,2.0,0.5,0.0,0.0,0.0,0.0,2.0,2.0,2.0,1.0,0.0,0.0,0.0,3.0,10.0
22200884,1610612764,WAS,Washington,1630176,Vernon Carey Jr.,Vernon,,DNP - Coach's Decision,,,,,,,,,,,,,,,,,,,,
22200884,1610612764,WAS,Washington,1631098,Johnny Davis,Johnny,,DNP - Coach's Decision,,,,,,,,,,,,,,,,,,,,
22200884,1610612764,WAS,Washington,201959,Taj Gibson,Taj,,DNP - Coach's Decision,,,,,,,,,,,,,,,,,,,,
22200884,1610612764,WAS,Washington,1630264,Anthony Gill,Anthony,,DNP - Coach's Decision,,,,,,,,,,,,,,,,,,,,
22200884,1610612764,WAS,Washington,1631245,Quenton Jackson,Quenton,,DNP - Coach's Decision,,,,,,,,,,,,,,,,,,,,
22200884,1610612750,MIN,Minnesota,1630183,Jaden McDaniels,Jaden,F,,32:49,5.0,10.0,0.5,3.0,5.0,0.6,2.0,2.0,1.0,3.0,5.0,8.0,1.0,0.0,0.0,2.0,4.0,15.0,1.0
22200884,1610612750,MIN,Minnesota,203937,Kyle Anderson,Kyle,F,,31:08,7.0,13.0,0.538,0.0,1.0,0.0,4.0,4.0,1.0,1.0,4.0,5.0,8.0,2.0,0.0,1.0,1.0,18.0,-1.0
22200884,1610612750,MIN,Minnesota,203497,Rudy Gobert,Rudy,C,,35:31,8.0,15.0,0.533,0.0,0.0,0.0,1.0,2.0,0.5,7.0,12.0,19.0,1.0,0.0,3.0,2.0,3.0,17.0,4.0
22200884,1610612750,MIN,Minnesota,1630162,Anthony Edwards,Anthony,G,,37:29,11.0,26.0,0.423,3.0,10.0,0.3,9.0,10.0,0.9,1.0,4.0,5.0,3.0,3.0,1.0,6.0,4.0,34.0,-6.0
22200884,1610612750,MIN,Minnesota,201144,Mike Conley,Mike,G,,33:27,0.0,6.0,0.0,0.0,3.0,0.0,0.0,0.0,0.0,1.0,1.0,2.0,6.0,2.0,0.0,0.0,0.0,0.0,-3.0
22200884,1610612750,MIN,Minnesota,1627752,Taurean Prince,Taurean,,,22:18,2.0,4.0,0.5,1.0,3.0,0.333,0.0,0.0,0.0,0.0,4.0,4.0,0.0,1.0,1.0,1.0,2.0,5.0,-7.0
22200884,1610612750,MIN,Minnesota,1629675,Naz Reid,Naz,,,12:30,2.0,7.0,0.286,0.0,2.0,0.0,2.0,2.0,1.0,1.0,4.0,5.0,2.0,0.0,0.0,2.0,0.0,6.0,-12.0
22200884,1610612750,MIN,Minnesota,1629162,Jordan McLaughlin,Jordan,,,10:44,0.0,3.0,0.0,0.0,1.0,0.0,0.0,0.0,0.0,1.0,1.0,2.0,0.0,0.0,0.0,2.0,1.0,0.0,-10.0
22200884,1610612750,MIN,Minnesota,1629669,Jaylen Nowell,Jaylen,,,12:53,2.0,8.0,0.25,0.0,2.0,0.0,2.0,2.0,1.0,1.0,2.0,3.0,0.0,0.0,0.0,1.0,0.0,6.0,-14.0
22200884,1610612750,MIN,Minnesota,203085,Austin Rivers,Austin,,,6:39,1.0,2.0,0.5,1.0,2.0,0.5,0.0,0.0,0.0,0.0,0.0,0.0,0.0,0.0,0.0,0.0,1.0,3.0,1.0
22200884,1610612750,MIN,Minnesota,1629638,Nickeil Alexander-Walker,Nickeil,,,4:33,1.0,1.0,1.0,0.0,0.0,0.0,0.0,0.0,0.0,0.0,0.0,0.0,0.0,0.0,0.0,1.0,0.0,2.0,7.0
22200884,1610612750,MIN,Minnesota,1630233,Nathan Knight,Nathan,,DNP - Coach's Decision,,,,,,,,,,,,,,,,,,,,
22200884,1610612750,MIN,Minnesota,1631169,Josh Minott,Josh,,DNP - Coach's Decision,,,,,,,,,,,,,,,,,,,,
22200884,1610612750,MIN,Minnesota,1631111,Wendell Moore Jr.,Wendell,,DNP - Coach's Decision,,,,,,,,,,,,,,,,,,,,
22200873,1610612759,SAS,San Antonio,1628966,Keita Bates-Diop,Keita,F,,27:59,5.0,13.0,0.385,1.0,3.0,0.333,1.0,1.0,1.0,0.0,6.0,6.0,2.0,2.0,0.0,1.0,0.0,12.0,5.0
22200873,1610612759,SAS,San Antonio,1631110,Jeremy Sochan,Jeremy,F,,32:08,3.0,12.0,0.25,0.0,1.0,0.0,0.0,0.0,0.0,2.0,3.0,5.0,2.0,1.0,2.0,3.0,4.0,6.0,-12.0
22200873,1610612759,SAS,San Antonio,1628380,Zach Collins,Zach,C,,31:46,5.0,11.0,0.455,2.0,5.0,0.4,2.0,2.0,1.0,1.0,11.0,12.0,5.0,1.0,0.0,2.0,5.0,14.0,7.0
22200873,1610612759,SAS,San Antonio,1631103,Malaki Branham,Malaki,G,,32:43,10.0,14.0,0.714,3.0,6.0,0.5,0.0,0.0,0.0,1.0,5.0,6.0,3.0,1.0,1.0,3.0,2.0,23.0,3.0
22200873,1610612759,SAS,San Antonio,1629640,Keldon Johnson,Keldon,G,,35:00,6.0,20.0,0.3,1.0,6.0,0.167,8.0,9.0,0.889,3.0,5.0,8.0,4.0,0.0,0.0,1.0,2.0,21.0,-10.0
22200873,1610612759,SAS,San Antonio,1628984,Devonte' Graham,Devonte',,,21:44,3.0,12.0,0.25,1.0,8.0,0.125,3.0,4.0,0.75,2.0,2.0,4.0,4.0,1.0,0.0,2.0,1.0,10.0,-24.0
22200873,1610612759,SAS,San Antonio,1631104,Blake Wesley,Blake,,,15:51,0.0,4.0,0.0,0.0,2.0,0.0,1.0,2.0,0.5,0.0,0.0,0.0,1.0,1.0,0.0,0.0,4.0,1.0,3.0
22200873,1610612759,SAS,San Antonio,1629646,Charles Bassey,Charles,,,14:21,2.0,10.0,0.2,0.0,0.0,0.0,0.0,2.0,0.0,7.0,4.0,11.0,3.0,0.0,2.0,0.0,1.0,4.0,-13.0
22200873,1610612759,SAS,San Antonio,203926,Doug McDermott,Doug,,,22:35,6.0,9.0,0.667,5.0,7.0,0.714,0.0,0.0,0.0,1.0,2.0,3.0,0.0,0.0,0.0,3.0,3.0,17.0,-4.0
22200873,1610612759,SAS,San Antonio,1631230,Dominick Barlow,Dominick,,,5:53,1.0,2.0,0.5,0.0,0.0,0.0,0.0,0.0,0.0,3.0,0.0,3.0,0.0,0.0,1.0,0.0,2.0,2.0,-5.0
22200873,1610612759,SAS,San Antonio,203476,Gorgui Dieng,Gorgui,,DNP - Coach's Decision,,,,,,,,,,,,,,,,,,,,
22200873,1610612766,CHA,Charlotte,202330,Gordon Hayward,Gordon,F,,30:11,6.0,10.0,0.6,0.0,0.0,0.0,4.0,7.0,0.571,0.0,5.0,5.0,3.0,1.0,0.0,3.0,3.0,16.0,6.0
22200873,1610612766,CHA,Charlotte,1629023,P.J. Washington,P.J.,F,,32:26,8.0,14.0,0.571,4.0,8.0,0.5,2.0,6.0,0.333,2.0,8.0,10.0,1.0,1.0,3.0,2.0,1.0,22.0,3.0
22200873,1610612766,CHA,Charlotte,1631109,Mark Williams,Mark,C,,29:32,5.0,11.0,0.455,0.0,0.0,0.0,2.0,2.0,1.0,3.0,7.0,10.0,0.0,0.0,4.0,1.0,3.0,12.0,7.0
22200873,1610612766,CHA,Charlotte,1628372,Dennis Smith Jr.,Dennis,G,,31:25,3.0,8.0,0.375,0.0,2.0,0.0,4.0,4.0,1.0,2.0,3.0,5.0,9.0,3.0,0.0,2.0,3.0,10.0,14.0
22200873,1610612766,CHA,Charlotte,1630163,LaMelo Ball,LaMelo,G,,38:51,10.0,26.0,0.385,5.0,15.0,0.333,3.0,3.0,1.0,3.0,9.0,12.0,10.0,1.0,0.0,4.0,3.0,28.0,0.0
22200873,1610612766,CHA,Charlotte,1630550,JT Thor,JT,,,8:31,1.0,1.0,1.0,1.0,1.0,1.0,0.0,0.0,0.0,1.0,3.0,4.0,0.0,0.0,0.0,0.0,0.0,3.0,7.0
22200873,1610612766,CHA,Charlotte,1630208,Nick Richards,Nick,,,18:28,2.0,5.0,0.4,0.0,0.0,0.0,2.0,2.0,1.0,3.0,6.0,9.0,0.0,0.0,5.0,2.0,3.0,6.0,3.0
22200873,1610612766,CHA,Charlotte,1631121,Bryce McGowens,Bryce,,,25:44,3.0,9.0,0.333,2.0,3.0,0.667,3.0,4.0,0.75,0.0,1.0,1.0,3.0,2.0,0.0,0.0,0.0,11.0,6.0
22200873,1610612766,CHA,Charlotte,1629004,Svi Mykhailiuk,Svi,,,24:52,5.0,12.0,0.417,2.0,6.0,0.333,0.0,1.0,0.0,1.0,1.0,2.0,0.0,0.0,0.0,1.0,1.0,12.0,4.0
22200873,1610612766,CHA,Charlotte,1630539,Kai Jones,Kai,,DNP - Coach's Decision,,,,,,,,,,,,,,,,,,,,
22200873,1610612766,CHA,Charlotte,1628998,Cody Martin,Cody,,DND - Injury/Illness,,,,,,,,,,,,,,,,,,,,
22200873,1610612766,CHA,Charlotte,1626162,Kelly Oubre Jr.,Kelly,,DND - Injury/Illness,,,,,,,,,,,,,,,,,,,,
22200873,1610612766,CHA,Charlotte,1626179,Terry Rozier,Terry,,DND - Injury/Illness,,,,,,,,,,,,,,,,,,,,
22200875,1610612739,CLE,Cleveland,1630171,Isaac Okoro,Isaac,F,,18:32,2.0,6.0,0.333,1.0,4.0,0.25,0.0,0.0,0.0,0.0,1.0,1.0,2.0,0.0,1.0,0.0,3.0,5.0,-11.0
22200875,1610612739,CLE,Cleveland,1630596,Evan Mobley,Evan,F,,35:31,9.0,19.0,0.474,0.0,4.0,0.0,5.0,7.0,0.714,1.0,8.0,9.0,1.0,0.0,0.0,2.0,4.0,23.0,-8.0
22200875,1610612739,CLE,Cleveland,1628386,Jarrett Allen,Jarrett,C,,38:04,5.0,6.0,0.833,0.0,0.0,0.0,2.0,2.0,1.0,5.0,2.0,7.0,4.0,0.0,0.0,0.0,3.0,12.0,-7.0
22200875,1610612739,CLE,Cleveland,1628378,Donovan Mitchell,Donovan,G,,41:51,11.0,24.0,0.458,4.0,11.0,0.364,7.0,8.0,0.875,3.0,2.0,5.0,5.0,2.0,1.0,2.0,1.0,33.0,-1.0
22200875,1610612739,CLE,Cleveland,1629636,Darius Garland,Darius,G,,42:31,10.0,14.0,0.714,3.0,3.0,1.0,4.0,6.0,0.667,0.0,2.0,2.0,6.0,3.0,0.0,1.0,4.0,27.0,-10.0
22200875,1610612739,CLE,Cleveland,1627747,Caris LeVert,Caris,,,28:17,2.0,3.0,0.667,1.0,2.0,0.5,0.0,0.0,0.0,1.0,3.0,4.0,5.0,1.0,1.0,3.0,1.0,5.0,14.0
22200875,1610612739,CLE,Cleveland,1629731,Dean Wade,Dean,,,8:48,0.0,1.0,0.0,0.0,1.0,0.0,0.0,0.0,0.0,0.0,4.0,4.0,0.0,0.0,2.0,0.0,0.0,0.0,3.0
22200875,1610612739,CLE,Cleveland,203526,Raul Neto,Raul,,,9:52,0.0,1.0,0.0,0.0,0.0,0.0,2.0,2.0,1.0,0.0,1.0,1.0,0.0,0.0,0.0,0.0,1.0,2.0,-1.0
22200875,1610612739,CLE,Cleveland,1630205,Lamar Stevens,Lamar,,,4:47,1.0,4.0,0.25,0.0,2.0,0.0,0.0,0.0,0.0,0.0,1.0,1.0,0.0,0.0,0.0,0.0,0.0,2.0,-3.0
22200875,1610612739,CLE,Cleveland,201980,Danny Green,Danny,,,11:47,1.0,4.0,0.25,1.0,3.0,0.333,0.0,0.0,0.0,0.0,1.0,1.0,0.0,1.0,0.0,0.0,0.0,3.0,-6.0
22200875,1610612739,CLE,Cleveland,201577,Robin Lopez,Robin,,DNP - Coach's Decision,,,,,,,,,,,,,,,,,,,,
22200875,1610612739,CLE,Cleveland,201567,Kevin Love,Kevin,,DNP - Coach's Decision,,,,,,,,,,,,,,,,,,,,
22200875,1610612755,PHI,Philadelphia,202699,Tobias Harris,Tobias,F,,35:28,5.0,8.0,0.625,3.0,4.0,0.75,0.0,0.0,0.0,0.0,2.0,2.0,0.0,2.0,0.0,0.0,0.0,13.0,8.0
22200875,1610612755,PHI,Philadelphia,200782,P.J. Tucker,P.J.,F,,20:53,4.0,5.0,0.8,2.0,2.0,1.0,0.0,0.0,0.0,2.0,1.0,3.0,0.0,1.0,0.0,0.0,2.0,10.0,19.0
22200875,1610612755,PHI,Philadelphia,203954,Joel Embiid,Joel,C,,38:32,9.0,21.0,0.429,0.0,2.0,0.0,11.0,12.0,0.917,1.0,13.0,14.0,5.0,2.0,1.0,2.0,3.0,29.0,3.0
22200875,1610612755,PHI,Philadelphia,1629001,De'Anthony Melton,De'Anthony,G,,34:17,4.0,8.0,0.5,2.0,5.0,0.4,7.0,7.0,1.0,1.0,1.0,2.0,4.0,0.0,0.0,1.0,4.0,17.0,8.0
22200875,1610612755,PHI,Philadelphia,201935,James Harden,James,G,,38:19,5.0,11.0,0.455,3.0,7.0,0.429,6.0,6.0,1.0,0.0,4.0,4.0,12.0,1.0,1.0,3.0,1.0,19.0,5.0
22200875,1610612755,PHI,Philadelphia,1630178,Tyrese Maxey,Tyrese,,,27:47,6.0,12.0,0.5,2.0,4.0,0.5,2.0,2.0,1.0,1.0,1.0,2.0,2.0,0.0,0.0,2.0,3.0,16.0,-10.0
22200875,1610612755,PHI,Philadelphia,1629667,Jalen McDaniels,Jalen,,,12:36,2.0,6.0,0.333,0.0,1.0,0.0,0.0,0.0,0.0,2.0,2.0,4.0,0.0,1.0,0.0,0.0,4.0,4.0,-9.0
22200875,1610612755,PHI,Philadelphia,1629003,Shake Milton,Shake,,,9:41,1.0,3.0,0.333,1.0,1.0,1.0,0.0,0.0,0.0,0.0,1.0,1.0,0.0,0.0,0.0,1.0,1.0,3.0,1.0
22200875,1610612755,PHI,Philadelphia,1627777,Georges Niang,Georges,,,13:00,1.0,2.0,0.5,0.0,1.0,0.0,0.0,0.0,0.0,0.0,2.0,2.0,1.0,0.0,0.0,1.0,2.0,2.0,2.0
22200875,1610612755,PHI,Philadelphia,1630194,Paul Reed,Paul,,,9:28,2.0,2.0,1.0,0.0,0.0,0.0,1.0,2.0,0.5,1.0,3.0,4.0,0.0,0.0,2.0,1.0,2.0,5.0,3.0
22200875,1610612755,PHI,Philadelphia,203473,Dewayne Dedmon,Dewayne,,DNP - Coach's Decision,,,,,,,,,,,,,,,,,,,,
22200875,1610612755,PHI,Philadelphia,1626149,Montrezl Harrell,Montrezl,,DNP - Coach's Decision,,,,,,,,,,,,,,,,,,,,
22200875,1610612755,PHI,Philadelphia,1627863,Danuel House Jr.,Danuel,,DNP - Coach's Decision,,,,,,,,,,,,,,,,,,,,
22200875,1610612755,PHI,Philadelphia,1630531,Jaden Springer,Jaden,,DNP - Coach's Decision,,,,,,,,,,,,,,,,,,,,
22200882,1610612740,NOP,New Orleans,1630530,Trey Murphy III,Trey,F,,20:16,0.0,6.0,0.0,0.0,4.0,0.0,2.0,2.0,1.0,0.0,2.0,2.0,0.0,1.0,0.0,2.0,1.0,2.0,-15.0
22200882,1610612740,NOP,New Orleans,1627742,Brandon Ingram,Brandon,F,,34:29,10.0,21.0,0.476,1.0,3.0,0.333,4.0,5.0,0.8,0.0,4.0,4.0,1.0,0.0,0.0,3.0,5.0,25.0,-15.0
22200882,1610612740,NOP,New Orleans,202685,Jonas Valančiūnas,Jonas,C,,31:06,6.0,9.0,0.667,0.0,0.0,0.0,0.0,0.0,0.0,2.0,9.0,11.0,2.0,1.0,0.0,1.0,3.0,12.0,-12.0
22200882,1610612740,NOP,New Orleans,1630529,Herbert Jones,Herbert,G,,30:26,5.0,9.0,0.556,1.0,3.0,0.333,0.0,0.0,0.0,3.0,0.0,3.0,5.0,1.0,0.0,1.0,1.0,11.0,-11.0
22200882,1610612740,NOP,New Orleans,203468,CJ McCollum,CJ,G,,33:41,8.0,16.0,0.5,3.0,7.0,0.429,3.0,4.0,0.75,2.0,4.0,6.0,9.0,0.0,2.0,3.0,4.0,22.0,-17.0
22200882,1610612740,NOP,New Orleans,1626196,Josh Richardson,Josh,,,18:45,2.0,7.0,0.286,1.0,3.0,0.333,3.0,6.0,0.5,0.0,3.0,3.0,2.0,2.0,1.0,2.0,4.0,8.0,-3.0
22200882,1610612740,NOP,New Orleans,1630631,Jose Alvarado,Jose,,,24:18,1.0,7.0,0.143,0.0,2.0,0.0,0.0,0.0,0.0,1.0,1.0,2.0,3.0,0.0,0.0,0.0,4.0,2.0,-4.0
22200882,1610612740,NOP,New Orleans,1630230,Naji Marshall,Naji,,,18:32,1.0,2.0,0.5,1.0,2.0,0.5,0.0,0.0,0.0,0.0,3.0,3.0,1.0,0.0,0.0,2.0,4.0,3.0,-13.0
22200882,1610612740,NOP,New Orleans,1626195,Willy Hernangomez,Willy,,,16:54,5.0,7.0,0.714,0.0,0.0,0.0,4.0,5.0,0.8,3.0,8.0,11.0,0.0,0.0,0.0,1.0,2.0,14.0,-6.0
22200882,1610612740,NOP,New Orleans,1631220,Dereon Seabron,Dereon,,,3:51,0.0,1.0,0.0,0.0,0.0,0.0,0.0,0.0,0.0,0.0,0.0,0.0,0.0,0.0,0.0,0.0,0.0,0.0,2.0
22200882,1610612740,NOP,New Orleans,1629637,Jaxson Hayes,Jaxson,,,3:51,1.0,2.0,0.5,0.0,1.0,0.0,0.0,0.0,0.0,1.0,1.0,2.0,0.0,0.0,0.0,0.0,0.0,2.0,2.0
22200882,1610612740,NOP,New Orleans,1630184,Kira Lewis Jr.,Kira,,,3:51,0.0,2.0,0.0,0.0,0.0,0.0,1.0,2.0,0.5,1.0,2.0,3.0,1.0,0.0,0.0,0.0,0.0,1.0,2.0
22200882,1610612740,NOP,New Orleans,202066,Garrett Temple,Garrett,,DNP - Coach's Decision,,,,,,,,,,,,,,,,,,,,
22200882,1610612747,LAL,Los Angeles,1629020,Jarred Vanderbilt,Jarred,F,,27:36,3.0,3.0,1.0,0.0,0.0,0.0,0.0,0.0,0.0,1.0,3.0,4.0,2.0,1.0,1.0,1.0,1.0,6.0,10.0
22200882,1610612747,LAL,Los Angeles,2544,LeBron James,LeBron,F,,29:13,7.0,14.0,0.5,0.0,5.0,0.0,7.0,10.0,0.7,0.0,6.0,6.0,6.0,0.0,1.0,4.0,1.0,21.0,14.0
22200882,1610612747,LAL,Los Angeles,203076,Anthony Davis,Anthony,C,,30:10,13.0,17.0,0.765,0.0,1.0,0.0,2.0,5.0,0.4,2.0,8.0,10.0,5.0,1.0,2.0,0.0,2.0,28.0,18.0
22200882,1610612747,LAL,Los Angeles,1627736,Malik Beasley,Malik,G,,23:26,3.0,9.0,0.333,2.0,7.0,0.286,0.0,0.0,0.0,0.0,3.0,3.0,2.0,1.0,0.0,1.0,2.0,8.0,15.0
22200882,1610612747,LAL,Los Angeles,1626156,D'Angelo Russell,D'Angelo,G,,27:31,5.0,12.0,0.417,3.0,5.0,0.6,8.0,10.0,0.8,0.0,2.0,2.0,7.0,1.0,0.0,1.0,3.0,21.0,18.0
22200882,1610612747,LAL,Los Angeles,1628972,Troy Brown Jr.,Troy,,,18:02,2.0,3.0,0.667,2.0,3.0,0.667,0.0,0.0,0.0,0.0,4.0,4.0,3.0,1.0,0.0,1.0,3.0,6.0,9.0
22200882,1610612747,LAL,Los Angeles,203471,Dennis Schröder,Dennis,,,19:54,3.0,4.0,0.75,1.0,1.0,1.0,3.0,6.0,0.5,0.0,1.0,1.0,2.0,0.0,0.0,0.0,1.0,10.0,7.0
22200882,1610612747,LAL,Los Angeles,1629060,Rui Hachimura,Rui,,,15:34,2.0,6.0,0.333,0.0,4.0,0.0,0.0,0.0,0.0,0.0,4.0,4.0,0.0,0.0,0.0,1.0,1.0,4.0,8.0
22200882,1610612747,LAL,Los Angeles,1630559,Austin Reaves,Austin,,,22:06,1.0,2.0,0.5,1.0,2.0,0.5,2.0,3.0,0.667,1.0,1.0,2.0,3.0,0.0,0.0,0.0,2.0,5.0,-1.0
22200882,1610612747,LAL,Los Angeles,1628964,Mo Bamba,Mo,,,15:47,2.0,7.0,0.286,0.0,5.0,0.0,0.0,2.0,0.0,1.0,5.0,6.0,1.0,0.0,3.0,1.0,6.0,4.0,-6.0
22200882,1610612747,LAL,Los Angeles,1629117,Wenyen Gabriel,Wenyen,,,3:51,0.0,1.0,0.0,0.0,1.0,0.0,0.0,0.0,0.0,0.0,0.0,0.0,1.0,0.0,0.0,0.0,1.0,0.0,-2.0
22200882,1610612747,LAL,Los Angeles,1629022,Lonnie Walker IV,Lonnie,,,3:25,2.0,4.0,0.5,0.0,2.0,0.0,0.0,0.0,0.0,0.0,0.0,0.0,0.0,0.0,1.0,0.0,0.0,4.0,0.0
22200882,1610612747,LAL,Los Angeles,1628432,Davon Reed,Davon,,,3:25,1.0,1.0,1.0,1.0,1.0,1.0,0.0,0.0,0.0,1.0,0.0,1.0,0.0,0.0,0.0,0.0,0.0,3.0,0.0
22200874,1610612741,CHI,Chicago,1627936,Alex Caruso,Alex,F,,29:49,2.0,5.0,0.4,1.0,3.0,0.333,0.0,0.0,0.0,1.0,1.0,2.0,3.0,3.0,1.0,1.0,5.0,5.0,4.0
22200874,1610612741,CHI,Chicago,1630172,Patrick Williams,Patrick,F,,28:22,5.0,10.0,0.5,1.0,3.0,0.333,0.0,0.0,0.0,1.0,1.0,2.0,2.0,2.0,0.0,1.0,1.0,11.0,-14.0
22200874,1610612741,CHI,Chicago,202696,Nikola Vučević,Nikola,C,,36:30,8.0,18.0,0.444,3.0,5.0,0.6,0.0,2.0,0.0,1.0,6.0,7.0,3.0,0.0,2.0,4.0,3.0,19.0,-8.0
22200874,1610612741,CHI,Chicago,203897,Zach LaVine,Zach,G,,42:37,10.0,23.0,0.435,4.0,11.0,0.364,11.0,13.0,0.846,0.0,11.0,11.0,7.0,0.0,1.0,2.0,3.0,35.0,6.0
22200874,1610612741,CHI,Chicago,1630245,Ayo Dosunmu,Ayo,G,,42:33,6.0,12.0,0.5,1.0,3.0,0.333,2.0,2.0,1.0,1.0,3.0,4.0,5.0,0.0,0.0,0.0,4.0,15.0,-11.0
22200874,1610612741,CHI,Chicago,1629632,Coby White,Coby,,,33:38,9.0,12.0,0.75,5.0,8.0,0.625,2.0,2.0,1.0,0.0,3.0,3.0,2.0,2.0,0.0,1.0,1.0,25.0,-5.0
22200874,1610612741,CHI,Chicago,203083,Andre Drummond,Andre,,,11:29,1.0,2.0,0.5,0.0,0.0,0.0,1.0,2.0,0.5,1.0,6.0,7.0,0.0,3.0,1.0,2.0,1.0,3.0,6.0
22200874,1610612741,CHI,Chicago,1631207,Dalen Terry,Dalen,,,15:02,0.0,2.0,0.0,0.0,2.0,0.0,0.0,0.0,0.0,1.0,1.0,2.0,1.0,0.0,1.0,2.0,3.0,0.0,2.0
22200874,1610612741,CHI,Chicago,1628396,Tony Bradley,Tony,,DNP - Coach's Decision,,,,,,,,,,,,,,,,,,,,
22200874,1610612741,CHI,Chicago,1630792,Malcolm Hill,Malcolm,,DNP - Coach's Decision,,,,,,,,,,,,,,,,,,,,
22200874,1610612741,CHI,Chicago,1630637,Carlik Jones,Carlik,,DNP - Coach's Decision,,,,,,,,,,,,,,,,,,,,
22200874,1610612754,IND,Indiana,1627741,Buddy Hield,Buddy,F,,28:11,8.0,12.0,0.667,6.0,10.0,0.6,5.0,5.0,1.0,1.0,3.0,4.0,1.0,0.0,0.0,3.0,2.0,27.0,10.0
22200874,1610612754,IND,Indiana,1630174,Aaron Nesmith,Aaron,F,,33:38,7.0,12.0,0.583,4.0,9.0,0.444,3.0,3.0,1.0,1.0,6.0,7.0,3.0,1.0,1.0,1.0,4.0,21.0,13.0
22200874,1610612754,IND,Indiana,1626167,Myles Turner,Myles,C,,36:09,6.0,15.0,0.4,1.0,6.0,0.167,4.0,4.0,1.0,1.0,8.0,9.0,1.0,0.0,3.0,3.0,3.0,17.0,15.0
22200874,1610612754,IND,Indiana,1630169,Tyrese Haliburton,Tyrese,G,,35:10,5.0,11.0,0.455,1.0,2.0,0.5,5.0,5.0,1.0,0.0,2.0,2.0,8.0,0.0,1.0,2.0,1.0,16.0,5.0
22200874,1610612754,IND,Indiana,204456,T.J. McConnell,T.J.,G,,20:58,0.0,3.0,0.0,0.0,1.0,0.0,2.0,2.0,1.0,0.0,4.0,4.0,7.0,0.0,0.0,2.0,0.0,2.0,-11.0
22200874,1610612754,IND,Indiana,1631097,Bennedict Mathurin,Bennedict,,,23:22,5.0,10.0,0.5,2.0,4.0,0.5,2.0,3.0,0.667,1.0,3.0,4.0,2.0,2.0,0.0,2.0,1.0,14.0,-3.0
22200874,1610612754,IND,Indiana,1630543,Isaiah Jackson,Isaiah,,,5:25,0.0,0.0,0.0,0.0,0.0,0.0,0.0,0.0,0.0,0.0,1.0,1.0,0.0,0.0,0.0,0.0,1.0,0.0,-15.0
22200874,1610612754,IND,Indiana,1629614,Andrew Nembhard,Andrew,,,21:25,2.0,3.0,0.667,0.0,1.0,0.0,0.0,0.0,0.0,0.0,1.0,1.0,5.0,1.0,0.0,0.0,4.0,4.0,7.0
22200874,1610612754,IND,Indiana,1629670,Jordan Nwora,Jordan,,,8:53,0.0,4.0,0.0,0.0,3.0,0.0,0.0,0.0,0.0,0.0,3.0,3.0,0.0,0.0,0.0,1.0,0.0,0.0,-7.0
22200874,1610612754,IND,Indiana,1630537,Chris Duarte,Chris,,,20:23,5.0,11.0,0.455,4.0,7.0,0.571,0.0,0.0,0.0,1.0,1.0,2.0,0.0,2.0,0.0,2.0,3.0,14.0,2.0
22200874,1610612754,IND,Indiana,1630188,Jalen Smith,Jalen,,,6:26,1.0,1.0,1.0,0.0,0.0,0.0,0.0,0.0,0.0,1.0,3.0,4.0,0.0,0.0,0.0,1.0,0.0,2.0,4.0
22200874,1610612754,IND,Indiana,1629052,Oshae Brissett,Oshae,,DNP - Coach's Decision,,,,,,,,,,,,,,,,,,,,
22200874,1610612754,IND,Indiana,201588,George Hill,George,,DNP - Coach's Decision,,,,,,,,,,,,,,,,,,,,
22200874,1610612754,IND,Indiana,201949,James Johnson,James,,DNP - Coach's Decision,,,,,,,,,,,,,,,,,,,,
22200877,1610612765,DET,Detroit,202711,Bojan Bogdanović,Bojan,F,,32:38,12.0,17.0,0.706,1.0,3.0,0.333,3.0,4.0,0.75,1.0,4.0,5.0,2.0,0.0,0.0,4.0,2.0,28.0,-10.0
22200877,1610612765,DET,Detroit,1630191,Isaiah Stewart,Isaiah,F,,26:20,5.0,8.0,0.625,4.0,6.0,0.667,0.0,0.0,0.0,1.0,5.0,6.0,0.0,0.0,1.0,2.0,1.0,14.0,0.0
22200877,1610612765,DET,Detroit,1631105,Jalen Duren,Jalen,C,,24:30,1.0,3.0,0.333,0.0,0.0,0.0,0.0,0.0,0.0,0.0,8.0,8.0,1.0,0.0,0.0,1.0,2.0,2.0,-9.0
22200877,1610612765,DET,Detroit,1631093,Jaden Ivey,Jaden,G,,26:29,7.0,13.0,0.538,1.0,5.0,0.2,2.0,4.0,0.5,2.0,3.0,5.0,4.0,1.0,0.0,3.0,3.0,17.0,-7.0
22200877,1610612765,DET,Detroit,1630165,Killian Hayes,Killian,G,,30:13,3.0,11.0,0.273,2.0,7.0,0.286,2.0,2.0,1.0,0.0,2.0,2.0,9.0,2.0,0.0,1.0,1.0,10.0,-6.0
22200877,1610612765,DET,Detroit,202692,Alec Burks,Alec,,,19:56,2.0,7.0,0.286,1.0,2.0,0.5,2.0,2.0,1.0,0.0,1.0,1.0,3.0,0.0,1.0,1.0,2.0,7.0,-9.0
22200877,1610612765,DET,Detroit,1630587,Isaiah Livers,Isaiah,,,21:40,0.0,1.0,0.0,0.0,0.0,0.0,0.0,0.0,0.0,0.0,2.0,2.0,1.0,1.0,0.0,0.0,1.0,0.0,-18.0
22200877,1610612765,DET,Detroit,1630164,James Wiseman,James,,,23:30,5.0,9.0,0.556,0.0,1.0,0.0,1.0,2.0,0.5,2.0,3.0,5.0,0.0,0.0,0.0,0.0,1.0,11.0,-9.0
22200877,1610612765,DET,Detroit,1628977,Hamidou Diallo,Hamidou,,,15:42,5.0,8.0,0.625,0.0,0.0,0.0,0.0,0.0,0.0,0.0,1.0,1.0,0.0,0.0,0.0,1.0,2.0,10.0,-16.0
22200877,1610612765,DET,Detroit,202709,Cory Joseph,Cory,,,16:55,3.0,6.0,0.5,2.0,4.0,0.5,0.0,0.0,0.0,0.0,0.0,0.0,4.0,1.0,1.0,1.0,1.0,8.0,-9.0
22200877,1610612765,DET,Detroit,1630649,Stanley Umude,Stanley,,,2:07,0.0,1.0,0.0,0.0,1.0,0.0,2.0,2.0,1.0,0.0,0.0,0.0,0.0,1.0,1.0,0.0,0.0,2.0,3.0
22200877,1610612765,DET,Detroit,203585,Rodney McGruder,Rodney,,DNP - Coach's Decision,,,,,,,,,,,,,,,,,,,,
22200877,1610612738,BOS,Boston,1628369,Jayson Tatum,Jayson,F,,34:02,15.0,24.0,0.625,6.0,10.0,0.6,2.0,2.0,1.0,0.0,9.0,9.0,7.0,0.0,0.0,4.0,3.0,38.0,1.0
22200877,1610612738,BOS,Boston,201143,Al Horford,Al,F,,27:31,4.0,9.0,0.444,2.0,5.0,0.4,1.0,2.0,0.5,2.0,5.0,7.0,0.0,0.0,0.0,1.0,1.0,11.0,10.0
22200877,1610612738,BOS,Boston,201933,Blake Griffin,Blake,C,,28:46,4.0,10.0,0.4,1.0,3.0,0.333,0.0,0.0,0.0,3.0,2.0,5.0,1.0,1.0,1.0,2.0,6.0,9.0,14.0
22200877,1610612738,BOS,Boston,1628401,Derrick White,Derrick,G,,26:32,3.0,11.0,0.273,2.0,6.0,0.333,3.0,4.0,0.75,1.0,3.0,4.0,6.0,2.0,1.0,0.0,1.0,11.0,12.0
22200877,1610612738,BOS,Boston,203935,Marcus Smart,Marcus,G,,29:04,4.0,6.0,0.667,1.0,3.0,0.333,0.0,0.0,0.0,0.0,7.0,7.0,6.0,6.0,0.0,2.0,1.0,9.0,9.0
22200877,1610612738,BOS,Boston,1629684,Grant Williams,Grant,,,20:29,3.0,6.0,0.5,3.0,6.0,0.5,0.0,0.0,0.0,1.0,3.0,4.0,2.0,0.0,0.0,2.0,1.0,9.0,8.0
22200877,1610612738,BOS,Boston,1627763,Malcolm Brogdon,Malcolm,,,28:51,10.0,14.0,0.714,5.0,8.0,0.625,0.0,0.0,0.0,0.0,3.0,3.0,6.0,0.0,0.0,0.0,3.0,25.0,20.0
22200877,1610612738,BOS,Boston,1630573,Sam Hauser,Sam,,,22:24,2.0,4.0,0.5,1.0,3.0,0.333,0.0,0.0,0.0,0.0,2.0,2.0,1.0,1.0,0.0,0.0,0.0,5.0,15.0
22200877,1610612738,BOS,Boston,1628436,Luke Kornet,Luke,,,20:14,3.0,5.0,0.6,0.0,0.0,0.0,2.0,2.0,1.0,1.0,1.0,2.0,1.0,0.0,3.0,0.0,2.0,8.0,4.0
22200877,1610612738,BOS,Boston,1631120,JD Davison,JD,,,2:07,1.0,3.0,0.333,0.0,1.0,0.0,0.0,0.0,0.0,0.0,0.0,0.0,0.0,0.0,0.0,0.0,0.0,2.0,-3.0
22200877,1610612738,BOS,Boston,1630202,Payton Pritchard,Payton,,DNP - Coach's Decision,,,,,,,,,,,,,,,,,,,,
22200880,1610612745,HOU,Houston,1630231,KJ Martin,KJ,F,,27:58,1.0,9.0,0.111,0.0,3.0,0.0,2.0,4.0,0.5,2.0,4.0,6.0,2.0,0.0,1.0,1.0,2.0,4.0,-24.0
22200880,1610612745,HOU,Houston,1631095,Jabari Smith Jr.,Jabari,F,,29:01,4.0,8.0,0.5,2.0,4.0,0.5,5.0,6.0,0.833,2.0,7.0,9.0,2.0,2.0,2.0,2.0,3.0,15.0,-26.0
22200880,1610612745,HOU,Houston,1630578,Alperen Sengun,Alperen,C,,21:34,4.0,12.0,0.333,0.0,1.0,0.0,0.0,0.0,0.0,5.0,5.0,10.0,2.0,0.0,0.0,3.0,4.0,8.0,-20.0
22200880,1610612745,HOU,Houston,1630256,Jae'Sean Tate,Jae'Sean,G,,18:45,4.0,7.0,0.571,1.0,2.0,0.5,2.0,5.0,0.4,1.0,1.0,2.0,1.0,0.0,0.0,2.0,4.0,11.0,-23.0
22200880,1610612745,HOU,Houston,1630224,Jalen Green,Jalen,G,,16:04,3.0,10.0,0.3,2.0,4.0,0.5,6.0,7.0,0.857,0.0,2.0,2.0,2.0,0.0,1.0,1.0,2.0,14.0,-14.0
22200880,1610612745,HOU,Houston,1631102,TyTy Washington Jr.,TyTy,,,18:55,3.0,11.0,0.273,2.0,6.0,0.333,0.0,0.0,0.0,0.0,1.0,1.0,0.0,0.0,0.0,0.0,0.0,8.0,-24.0
22200880,1610612745,HOU,Houston,1631106,Tari Eason,Tari,,,19:06,2.0,4.0,0.5,0.0,1.0,0.0,6.0,10.0,0.6,1.0,2.0,3.0,2.0,1.0,0.0,2.0,5.0,10.0,-19.0
22200880,1610612745,HOU,Houston,1630528,Josh Christopher,Josh,,,22:22,4.0,6.0,0.667,1.0,1.0,1.0,1.0,2.0,0.5,1.0,1.0,2.0,3.0,1.0,1.0,4.0,5.0,10.0,-13.0
22200880,1610612745,HOU,Houston,1630586,Usman Garuba,Usman,,,14:52,0.0,0.0,0.0,0.0,0.0,0.0,0.0,0.0,0.0,1.0,3.0,4.0,1.0,1.0,0.0,1.0,4.0,0.0,-7.0
22200880,1610612745,HOU,Houston,1626163,Frank Kaminsky,Frank,,,13:26,1.0,4.0,0.25,0.0,2.0,0.0,2.0,2.0,1.0,1.0,2.0,3.0,5.0,0.0,1.0,0.0,1.0,4.0,-3.0
22200880,1610612745,HOU,Houston,1630620,Darius Days,Darius,,,17:20,2.0,7.0,0.286,1.0,6.0,0.167,2.0,2.0,1.0,0.0,3.0,3.0,0.0,0.0,1.0,0.0,2.0,7.0,-3.0
22200880,1610612745,HOU,Houston,1631309,Trevor Hudgins,Trevor,,,13:31,1.0,8.0,0.125,1.0,7.0,0.143,0.0,0.0,0.0,0.0,0.0,0.0,0.0,0.0,0.0,0.0,1.0,3.0,-4.0
22200880,1610612745,HOU,Houston,1626246,Boban Marjanović,Boban,,,7:06,1.0,3.0,0.333,0.0,0.0,0.0,0.0,0.0,0.0,0.0,2.0,2.0,0.0,0.0,0.0,1.0,0.0,2.0,-5.0
22200880,1610612745,HOU,Houston,1630227,Daishen Nix,Daishen,,DNP - Coach's Decision,,,,,,,,,,,,,,,,,,,,
22200880,1610612760,OKC,Oklahoma City,1629652,Luguentz Dort,Luguentz,F,,24:18,5.0,9.0,0.556,1.0,5.0,0.2,4.0,4.0,1.0,1.0,2.0,3.0,3.0,1.0,0.0,0.0,3.0,15.0,21.0
22200880,1610612760,OKC,Oklahoma City,1631114,Jalen Williams,Jalen,F,,22:13,5.0,7.0,0.714,1.0,2.0,0.5,2.0,2.0,1.0,3.0,1.0,4.0,2.0,1.0,0.0,2.0,4.0,13.0,30.0
22200880,1610612760,OKC,Oklahoma City,1631119,Jaylin Williams,Jaylin,C,,25:31,3.0,9.0,0.333,2.0,5.0,0.4,0.0,0.0,0.0,1.0,15.0,16.0,0.0,2.0,0.0,1.0,3.0,8.0,15.0
22200880,1610612760,OKC,Oklahoma City,1630581,Josh Giddey,Josh,G,,24:30,5.0,10.0,0.5,0.0,1.0,0.0,3.0,4.0,0.75,0.0,3.0,3.0,6.0,1.0,1.0,2.0,1.0,13.0,25.0
22200880,1610612760,OKC,Oklahoma City,1628983,Shai Gilgeous-Alexander,Shai,G,,29:03,8.0,16.0,0.5,0.0,2.0,0.0,13.0,15.0,0.867,0.0,2.0,2.0,6.0,0.0,2.0,1.0,3.0,29.0,27.0
22200880,1610612760,OKC,Oklahoma City,1630198,Isaiah Joe,Isaiah,,,16:31,1.0,4.0,0.25,1.0,3.0,0.333,4.0,4.0,1.0,0.0,3.0,3.0,2.0,0.0,0.0,0.0,0.0,7.0,14.0
22200880,1610612760,OKC,Oklahoma City,1629026,Kenrich Williams,Kenrich,,,18:04,3.0,7.0,0.429,0.0,2.0,0.0,0.0,0.0,0.0,2.0,3.0,5.0,2.0,0.0,1.0,1.0,1.0,6.0,23.0
22200880,1610612760,OKC,Oklahoma City,203967,Dario Šarić,Dario,,,14:11,4.0,6.0,0.667,1.0,3.0,0.333,3.0,3.0,1.0,1.0,4.0,5.0,0.0,1.0,0.0,2.0,3.0,12.0,10.0
22200880,1610612760,OKC,Oklahoma City,1630526,Jeremiah Robinson-Earl,Jeremiah,,,18:15,3.0,4.0,0.75,0.0,0.0,0.0,3.0,4.0,0.75,1.0,2.0,3.0,0.0,0.0,0.0,0.0,1.0,9.0,24.0
22200880,1610612760,OKC,Oklahoma City,1630322,Lindy Waters III,Lindy,,,18:21,2.0,7.0,0.286,2.0,7.0,0.286,0.0,0.0,0.0,0.0,2.0,2.0,0.0,1.0,0.0,0.0,0.0,6.0,6.0
22200880,1610612760,OKC,Oklahoma City,1630598,Aaron Wiggins,Aaron,,,9:52,1.0,1.0,1.0,0.0,0.0,0.0,4.0,4.0,1.0,1.0,1.0,2.0,0.0,0.0,0.0,0.0,1.0,6.0,-8.0
22200880,1610612760,OKC,Oklahoma City,1630544,Tre Mann,Tre,,,10:13,1.0,4.0,0.25,1.0,3.0,0.333,1.0,2.0,0.5,0.0,0.0,0.0,0.0,0.0,0.0,1.0,0.0,4.0,0.0
22200880,1610612760,OKC,Oklahoma City,1630647,Eugene Omoruyi,Eugene,,,8:58,1.0,3.0,0.333,0.0,1.0,0.0,3.0,5.0,0.6,0.0,1.0,1.0,0.0,1.0,0.0,0.0,1.0,5.0,-2.0
22200878,1610612748,MIA,Miami,202710,Jimmy Butler III,Jimmy,F,,32:01,4.0,11.0,0.364,0.0,0.0,0.0,5.0,5.0,1.0,3.0,0.0,3.0,6.0,0.0,0.0,1.0,1.0,13.0,-9.0
22200878,1610612748,MIA,Miami,1628997,Caleb Martin,Caleb,F,,31:35,6.0,11.0,0.545,1.0,3.0,0.333,0.0,2.0,0.0,1.0,6.0,7.0,1.0,1.0,1.0,1.0,2.0,13.0,-10.0
22200878,1610612748,MIA,Miami,1628389,Bam Adebayo,Bam,C,,37:48,10.0,19.0,0.526,0.0,0.0,0.0,4.0,7.0,0.571,2.0,11.0,13.0,6.0,0.0,2.0,2.0,2.0,24.0,-17.0
22200878,1610612748,MIA,Miami,1629622,Max Strus,Max,G,,39:18,7.0,15.0,0.467,2.0,9.0,0.222,2.0,2.0,1.0,2.0,2.0,4.0,2.0,0.0,0.0,2.0,3.0,18.0,-8.0
22200878,1610612748,MIA,Miami,1629216,Gabe Vincent,Gabe,G,,35:10,6.0,14.0,0.429,3.0,9.0,0.333,6.0,7.0,0.857,1.0,2.0,3.0,1.0,1.0,0.0,0.0,3.0,21.0,-9.0
22200878,1610612748,MIA,Miami,1631115,Orlando Robinson,Orlando,,,3:59,0.0,2.0,0.0,0.0,0.0,0.0,0.0,0.0,0.0,1.0,1.0,2.0,0.0,0.0,0.0,0.0,0.0,0.0,3.0
22200878,1610612748,MIA,Miami,1629130,Duncan Robinson,Duncan,,,23:21,2.0,7.0,0.286,2.0,7.0,0.286,0.0,0.0,0.0,1.0,2.0,3.0,2.0,1.0,0.0,0.0,4.0,6.0,0.0
22200878,1610612748,MIA,Miami,1631123,Jamaree Bouyea,Jamaree,,,13:21,1.0,2.0,0.5,0.0,0.0,0.0,1.0,2.0,0.5,0.0,3.0,3.0,1.0,0.0,0.0,0.0,2.0,3.0,-5.0
22200878,1610612748,MIA,Miami,1629312,Haywood Highsmith,Haywood,,,23:29,2.0,2.0,1.0,0.0,0.0,0.0,3.0,4.0,0.75,1.0,2.0,3.0,0.0,1.0,0.0,2.0,1.0,7.0,0.0
22200878,1610612748,MIA,Miami,1631288,Jamal Cain,Jamal,,DNP - Coach's Decision,,,,,,,,,,,,,,,,,,,,
22200878,1610612748,MIA,Miami,2617,Udonis Haslem,Udonis,,DNP - Coach's Decision,,,,,,,,,,,,,,,,,,,,
22200878,1610612751,BKN,Brooklyn,1629661,Cameron Johnson,Cameron,F,,34:14,6.0,14.0,0.429,3.0,10.0,0.3,3.0,4.0,0.75,0.0,1.0,1.0,3.0,0.0,1.0,0.0,4.0,18.0,9.0
22200878,1610612751,BKN,Brooklyn,1627827,Dorian Finney-Smith,Dorian,F,,20:09,0.0,4.0,0.0,0.0,3.0,0.0,2.0,2.0,1.0,1.0,3.0,4.0,1.0,0.0,0.0,1.0,1.0,2.0,-1.0
22200878,1610612751,BKN,Brooklyn,1629651,Nic Claxton,Nic,C,,25:16,2.0,4.0,0.5,0.0,0.0,0.0,0.0,0.0,0.0,1.0,8.0,9.0,0.0,0.0,2.0,1.0,5.0,4.0,15.0
22200878,1610612751,BKN,Brooklyn,1628969,Mikal Bridges,Mikal,G,,36:01,17.0,24.0,0.708,4.0,6.0,0.667,7.0,7.0,1.0,3.0,5.0,8.0,5.0,2.0,2.0,3.0,1.0,45.0,15.0
22200878,1610612751,BKN,Brooklyn,203915,Spencer Dinwiddie,Spencer,G,,35:32,3.0,4.0,0.75,3.0,4.0,0.75,0.0,0.0,0.0,0.0,4.0,4.0,5.0,0.0,0.0,1.0,4.0,9.0,6.0
22200878,1610612751,BKN,Brooklyn,1627732,Ben Simmons,Ben,,,20:28,1.0,2.0,0.5,0.0,0.0,0.0,0.0,0.0,0.0,0.0,4.0,4.0,4.0,0.0,0.0,1.0,5.0,2.0,4.0
22200878,1610612751,BKN,Brooklyn,203552,Seth Curry,Seth,,,9:42,0.0,3.0,0.0,0.0,2.0,0.0,0.0,0.0,0.0,0.0,0.0,0.0,0.0,0.0,0.0,1.0,0.0,0.0,-4.0
22200878,1610612751,BKN,Brooklyn,1626220,Royce O'Neale,Royce,,,24:51,3.0,4.0,0.75,2.0,3.0,0.667,0.0,0.0,0.0,0.0,3.0,3.0,4.0,0.0,0.0,0.0,2.0,8.0,9.0
22200878,1610612751,BKN,Brooklyn,203925,Joe Harris,Joe,,,12:33,3.0,7.0,0.429,2.0,6.0,0.333,1.0,3.0,0.333,0.0,1.0,1.0,0.0,0.0,0.0,1.0,2.0,9.0,2.0
22200878,1610612751,BKN,Brooklyn,1630560,Cam Thomas,Cam,,,21:14,6.0,11.0,0.545,3.0,5.0,0.6,4.0,4.0,1.0,0.0,2.0,2.0,4.0,1.0,0.0,2.0,3.0,19.0,0.0
22200878,1610612751,BKN,Brooklyn,201988,Patty Mills,Patty,,DNP - Coach's Decision,,,,,,,,,,,,,,,,,,,,
22200878,1610612751,BKN,Brooklyn,1630549,Day'Ron Sharpe,Day'Ron,,DNP - Coach's Decision,,,,,,,,,,,,,,,,,,,,
22200878,1610612751,BKN,Brooklyn,1628410,Edmond Sumner,Edmond,,DNP - Coach's Decision,,,,,,,,,,,,,,,,,,,,
22200878,1610612751,BKN,Brooklyn,1629139,Yuta Watanabe,Yuta,,DNP - Coach's Decision,,,,,,,,,,,,,,,,,,,,
22200876,1610612752,NYK,New York,1629628,RJ Barrett,RJ,F,,32:08,6.0,16.0,0.375,0.0,6.0,0.0,5.0,7.0,0.714,0.0,5.0,5.0,2.0,1.0,0.0,0.0,2.0,17.0,10.0
22200876,1610612752,NYK,New York,203944,Julius Randle,Julius,F,,34:50,9.0,19.0,0.474,3.0,8.0,0.375,4.0,5.0,0.8,3.0,8.0,11.0,2.0,0.0,0.0,3.0,4.0,25.0,20.0
22200876,1610612752,NYK,New York,1630579,Jericho Sims,Jericho,C,,21:34,1.0,2.0,0.5,0.0,0.0,0.0,0.0,0.0,0.0,1.0,5.0,6.0,0.0,0.0,0.0,0.0,2.0,2.0,11.0
22200876,1610612752,NYK,New York,1629656,Quentin Grimes,Quentin,G,,23:54,2.0,7.0,0.286,2.0,6.0,0.333,0.0,0.0,0.0,0.0,3.0,3.0,1.0,0.0,0.0,0.0,3.0,6.0,7.0
22200876,1610612752,NYK,New York,1628973,Jalen Brunson,Jalen,G,,38:20,10.0,19.0,0.526,1.0,6.0,0.167,7.0,8.0,0.875,1.0,8.0,9.0,5.0,0.0,0.0,5.0,1.0,28.0,22.0
22200876,1610612752,NYK,New York,1628404,Josh Hart,Josh,,,24:29,5.0,9.0,0.556,3.0,5.0,0.6,0.0,0.0,0.0,1.0,4.0,5.0,2.0,0.0,1.0,1.0,2.0,13.0,11.0
22200876,1610612752,NYK,New York,1630193,Immanuel Quickley,Immanuel,,,23:54,5.0,11.0,0.455,2.0,6.0,0.333,2.0,2.0,1.0,0.0,4.0,4.0,2.0,1.0,0.0,0.0,4.0,14.0,10.0
22200876,1610612752,NYK,New York,1628392,Isaiah Hartenstein,Isaiah,,,26:26,3.0,6.0,0.5,0.0,0.0,0.0,0.0,0.0,0.0,4.0,7.0,11.0,0.0,0.0,3.0,0.0,2.0,6.0,10.0
22200876,1610612752,NYK,New York,1630167,Obi Toppin,Obi,,,13:10,4.0,7.0,0.571,3.0,6.0,0.5,0.0,0.0,0.0,0.0,1.0,1.0,0.0,0.0,0.0,0.0,1.0,11.0,1.0
22200876,1610612752,NYK,New York,1630540,Miles McBride,Miles,,,1:15,0.0,0.0,0.0,0.0,0.0,0.0,0.0,0.0,0.0,0.0,0.0,0.0,2.0,0.0,0.0,0.0,0.0,0.0,3.0
22200876,1610612752,NYK,New York,203095,Evan Fournier,Evan,,DNP - Coach's Decision,,,,,,,,,,,,,,,,,,,,
22200876,1610612752,NYK,New York,201565,Derrick Rose,Derrick,,DNP - Coach's Decision,,,,,,,,,,,,,,,,,,,,
22200876,1610612737,ATL,Atlanta,1629631,De'Andre Hunter,De'Andre,F,,28:30,9.0,15.0,0.6,2.0,4.0,0.5,0.0,1.0,0.0,0.0,4.0,4.0,3.0,0.0,2.0,0.0,3.0,20.0,-23.0
22200876,1610612737,ATL,Atlanta,1628381,John Collins,John,F,,21:49,2.0,8.0,0.25,0.0,3.0,0.0,4.0,4.0,1.0,0.0,2.0,2.0,0.0,0.0,1.0,0.0,2.0,8.0,-18.0
22200876,1610612737,ATL,Atlanta,203991,Clint Capela,Clint,C,,25:46,5.0,8.0,0.625,0.0,0.0,0.0,0.0,0.0,0.0,2.0,6.0,8.0,1.0,1.0,1.0,0.0,3.0,10.0,-15.0
22200876,1610612737,ATL,Atlanta,1627749,Dejounte Murray,Dejounte,G,,33:43,3.0,12.0,0.25,0.0,4.0,0.0,0.0,0.0,0.0,0.0,5.0,5.0,3.0,0.0,0.0,1.0,2.0,6.0,-20.0
22200876,1610612737,ATL,Atlanta,1629027,Trae Young,Trae,G,,31:30,4.0,14.0,0.286,1.0,6.0,0.167,10.0,13.0,0.769,0.0,1.0,1.0,11.0,4.0,0.0,1.0,0.0,19.0,-13.0
22200876,1610612737,ATL,Atlanta,1628988,Aaron Holiday,Aaron,,,7:48,0.0,3.0,0.0,0.0,1.0,0.0,0.0,0.0,0.0,1.0,1.0,2.0,0.0,0.0,0.0,0.0,1.0,0.0,-4.0
22200876,1610612737,ATL,Atlanta,1630168,Onyeka Okongwu,Onyeka,,,18:31,3.0,9.0,0.333,0.0,0.0,0.0,1.0,2.0,0.5,1.0,3.0,4.0,1.0,0.0,1.0,0.0,4.0,7.0,-8.0
22200876,1610612737,ATL,Atlanta,203992,Bogdan Bogdanović,Bogdan,,,23:37,3.0,5.0,0.6,1.0,3.0,0.333,1.0,1.0,1.0,0.0,3.0,3.0,3.0,1.0,1.0,0.0,2.0,8.0,-8.0
22200876,1610612737,ATL,Atlanta,1630180,Saddiq Bey,Saddiq,,,18:29,1.0,4.0,0.25,0.0,1.0,0.0,0.0,0.0,0.0,2.0,3.0,5.0,1.0,0.0,0.0,0.0,1.0,2.0,-1.0
22200876,1610612737,ATL,Atlanta,1631100,AJ Griffin,AJ,,,15:25,6.0,12.0,0.5,0.0,2.0,0.0,0.0,0.0,0.0,1.0,1.0,2.0,0.0,0.0,0.0,0.0,0.0,12.0,-3.0
22200876,1610612737,ATL,Atlanta,1629726,Garrison Mathews,Garrison,,,3:43,1.0,1.0,1.0,1.0,1.0,1.0,0.0,0.0,0.0,0.0,1.0,1.0,0.0,0.0,0.0,0.0,0.0,3.0,2.0
22200876,1610612737,ATL,Atlanta,1630249,Vít Krejčí,Vít,,,3:43,1.0,2.0,0.5,0.0,0.0,0.0,0.0,0.0,0.0,0.0,1.0,1.0,1.0,0.0,0.0,1.0,0.0,2.0,2.0
22200876,1610612737,ATL,Atlanta,1630552,Jalen Johnson,Jalen,,,3:43,0.0,1.0,0.0,0.0,1.0,0.0,0.0,0.0,0.0,0.0,1.0,1.0,1.0,0.0,1.0,0.0,0.0,0.0,2.0
22200876,1610612737,ATL,Atlanta,1628981,Bruno Fernando,Bruno,,,3:43,2.0,3.0,0.667,0.0,0.0,0.0,0.0,0.0,0.0,1.0,0.0,1.0,0.0,0.0,0.0,1.0,0.0,4.0,2.0
22200879,1610612762,UTA,Utah,1630534,Ochai Agbaji,Ochai,F,,38:43,7.0,12.0,0.583,3.0,8.0,0.375,0.0,0.0,0.0,1.0,0.0,1.0,1.0,1.0,0.0,1.0,2.0,17.0,-9.0
22200879,1610612762,UTA,Utah,203482,Kelly Olynyk,Kelly,F,,37:21,9.0,16.0,0.563,3.0,7.0,0.429,7.0,7.0,1.0,2.0,12.0,14.0,6.0,0.0,0.0,6.0,4.0,28.0,15.0
22200879,1610612762,UTA,Utah,1631117,Walker Kessler,Walker,C,,32:31,4.0,8.0,0.5,0.0,0.0,0.0,2.0,3.0,0.667,6.0,8.0,14.0,0.0,0.0,3.0,3.0,2.0,10.0,-1.0
22200879,1610612762,UTA,Utah,203903,Jordan Clarkson,Jordan,G,,35:22,8.0,21.0,0.381,2.0,9.0,0.222,2.0,2.0,1.0,1.0,8.0,9.0,6.0,0.0,1.0,6.0,1.0,20.0,-20.0
22200879,1610612762,UTA,Utah,1629012,Collin Sexton,Collin,G,,3:41,0.0,2.0,0.0,0.0,1.0,0.0,0.0,0.0,0.0,0.0,0.0,0.0,1.0,0.0,0.0,1.0,0.0,0.0,-8.0
22200879,1610612762,UTA,Utah,1629659,Talen Horton-Tucker,Talen,,,31:38,5.0,15.0,0.333,2.0,5.0,0.4,3.0,5.0,0.6,1.0,6.0,7.0,7.0,0.0,2.0,3.0,3.0,15.0,11.0
22200879,1610612762,UTA,Utah,1631323,Simone Fontecchio,Simone,,,24:19,3.0,8.0,0.375,1.0,4.0,0.25,0.0,0.0,0.0,2.0,1.0,3.0,2.0,0.0,0.0,1.0,3.0,7.0,-11.0
22200879,1610612762,UTA,Utah,1628962,Udoka Azubuike,Udoka,,,3:42,0.0,0.0,0.0,0.0,0.0,0.0,0.0,0.0,0.0,1.0,0.0,1.0,0.0,0.0,0.0,1.0,1.0,0.0,-15.0
22200879,1610612762,UTA,Utah,1629308,Juan Toscano-Anderson,Juan,,,25:03,3.0,5.0,0.6,1.0,2.0,0.5,0.0,0.0,0.0,1.0,9.0,10.0,1.0,1.0,0.0,1.0,1.0,7.0,-2.0
22200879,1610612762,UTA,Utah,1627745,Damian Jones,Damian,,,7:40,3.0,4.0,0.75,0.0,0.0,0.0,1.0,2.0,0.5,0.0,2.0,2.0,0.0,0.0,2.0,0.0,3.0,7.0,10.0
22200879,1610612762,UTA,Utah,1630195,Leandro Bolmaro,Leandro,,DNP - Coach's Decision,,,,,,,,,,,,,,,,,,,,
22200879,1610612762,UTA,Utah,1630548,Johnny Juzang,Johnny,,DNP - Coach's Decision,,,,,,,,,,,,,,,,,,,,
22200879,1610612763,MEM,Memphis,1628415,Dillon Brooks,Dillon,F,,32:03,5.0,12.0,0.417,1.0,4.0,0.25,0.0,0.0,0.0,2.0,2.0,4.0,0.0,0.0,1.0,0.0,4.0,11.0,3.0
22200879,1610612763,MEM,Memphis,1628991,Jaren Jackson Jr.,Jaren,F,,31:07,8.0,19.0,0.421,4.0,10.0,0.4,6.0,7.0,0.857,2.0,7.0,9.0,0.0,5.0,4.0,1.0,4.0,26.0,2.0
22200879,1610612763,MEM,Memphis,1629634,Brandon Clarke,Brandon,C,,31:10,4.0,8.0,0.5,0.0,0.0,0.0,0.0,0.0,0.0,5.0,5.0,10.0,3.0,3.0,3.0,0.0,3.0,8.0,-5.0
22200879,1610612763,MEM,Memphis,1630217,Desmond Bane,Desmond,G,,31:48,9.0,20.0,0.45,2.0,7.0,0.286,4.0,5.0,0.8,4.0,2.0,6.0,4.0,1.0,0.0,1.0,3.0,24.0,7.0
22200879,1610612763,MEM,Memphis,1629630,Ja Morant,Ja,G,,34:02,8.0,26.0,0.308,1.0,8.0,0.125,3.0,8.0,0.375,0.0,8.0,8.0,9.0,2.0,0.0,2.0,2.0,20.0,7.0
22200879,1610612763,MEM,Memphis,1628379,Luke Kennard,Luke,,,20:47,2.0,4.0,0.5,2.0,4.0,0.5,3.0,3.0,1.0,1.0,0.0,1.0,2.0,0.0,0.0,0.0,3.0,9.0,2.0
22200879,1610612763,MEM,Memphis,1630214,Xavier Tillman,Xavier,,,12:16,1.0,3.0,0.333,0.0,0.0,0.0,1.0,2.0,0.5,0.0,1.0,1.0,1.0,0.0,1.0,0.0,1.0,3.0,-5.0
22200879,1610612763,MEM,Memphis,1630583,Santi Aldama,Santi,,,21:24,4.0,8.0,0.5,2.0,2.0,1.0,0.0,0.0,0.0,2.0,1.0,3.0,2.0,2.0,0.0,0.0,0.0,10.0,18.0
22200879,1610612763,MEM,Memphis,1626145,Tyus Jones,Tyus,,,13:55,0.0,3.0,0.0,0.0,2.0,0.0,0.0,0.0,0.0,0.0,0.0,0.0,3.0,0.0,0.0,0.0,1.0,0.0,3.0
22200879,1610612763,MEM,Memphis,1629723,John Konchar,John,,,11:28,2.0,4.0,0.5,2.0,3.0,0.667,0.0,0.0,0.0,1.0,3.0,4.0,0.0,0.0,0.0,0.0,0.0,6.0,-2.0
22200879,1610612763,MEM,Memphis,1631113,Kennedy Chandler,Kennedy,,DNP - Coach's Decision,,,,,,,,,,,,,,,,,,,,
22200879,1610612763,MEM,Memphis,1631246,Vince Williams Jr.,Vince,,DNP - Coach's Decision,,,,,,,,,,,,,,,,,,,,
22200868,1610612753,ORL,Orlando,1630532,Franz Wagner,Franz,F,,32:04,3.0,9.0,0.333,2.0,5.0,0.4,1.0,1.0,1.0,0.0,0.0,0.0,6.0,1.0,0.0,3.0,3.0,9.0,-13.0
22200868,1610612753,ORL,Orlando,1631094,Paolo Banchero,Paolo,F,,31:54,5.0,13.0,0.385,0.0,2.0,0.0,3.0,4.0,0.75,0.0,1.0,1.0,3.0,0.0,0.0,3.0,1.0,13.0,-9.0
22200868,1610612753,ORL,Orlando,1628976,Wendell Carter Jr.,Wendell,C,,31:49,11.0,15.0,0.733,3.0,6.0,0.5,1.0,3.0,0.333,2.0,4.0,6.0,5.0,1.0,0.0,3.0,5.0,26.0,-11.0
22200868,1610612753,ORL,Orlando,203914,Gary Harris,Gary,G,,22:44,2.0,3.0,0.667,2.0,3.0,0.667,0.0,0.0,0.0,0.0,1.0,1.0,1.0,0.0,0.0,0.0,0.0,6.0,-11.0
22200868,1610612753,ORL,Orlando,1628365,Markelle Fultz,Markelle,G,,36:11,7.0,15.0,0.467,1.0,2.0,0.5,4.0,4.0,1.0,2.0,4.0,6.0,5.0,1.0,2.0,3.0,3.0,19.0,-7.0
22200868,1610612753,ORL,Orlando,1629643,Chuma Okeke,Chuma,,,12:32,0.0,1.0,0.0,0.0,1.0,0.0,0.0,0.0,0.0,0.0,2.0,2.0,0.0,0.0,0.0,1.0,0.0,0.0,-5.0
22200868,1610612753,ORL,Orlando,1629021,Moritz Wagner,Moritz,,,16:11,0.0,5.0,0.0,0.0,2.0,0.0,2.0,2.0,1.0,2.0,1.0,3.0,1.0,0.0,0.0,1.0,1.0,2.0,1.0
22200868,1610612753,ORL,Orlando,1630591,Jalen Suggs,Jalen,,,28:40,9.0,12.0,0.75,3.0,6.0,0.5,3.0,4.0,0.75,2.0,0.0,2.0,4.0,2.0,0.0,3.0,1.0,24.0,9.0
22200868,1610612753,ORL,Orlando,1629626,Bol Bol,Bol,,,16:06,4.0,7.0,0.571,1.0,2.0,0.5,0.0,0.0,0.0,1.0,6.0,7.0,1.0,0.0,0.0,1.0,2.0,9.0,-1.0
22200868,1610612753,ORL,Orlando,1631216,Caleb Houstan,Caleb,,,11:49,2.0,4.0,0.5,1.0,2.0,0.5,0.0,0.0,0.0,0.0,1.0,1.0,0.0,1.0,0.0,0.0,1.0,5.0,-3.0
22200868,1610612753,ORL,Orlando,1629678,Admiral Schofield,Admiral,,DNP - Coach's Decision,,,,,,,,,,,,,,,,,,,,
22200868,1610612761,TOR,Toronto,1627783,Pascal Siakam,Pascal,F,,41:19,10.0,15.0,0.667,2.0,4.0,0.5,4.0,6.0,0.667,0.0,4.0,4.0,6.0,2.0,0.0,3.0,1.0,26.0,8.0
22200868,1610612761,TOR,Toronto,1630173,Precious Achiuwa,Precious,F,,33:39,4.0,7.0,0.571,1.0,2.0,0.5,2.0,2.0,1.0,3.0,10.0,13.0,0.0,0.0,1.0,3.0,2.0,11.0,11.0
22200868,1610612761,TOR,Toronto,1627751,Jakob Poeltl,Jakob,C,,36:55,15.0,17.0,0.882,0.0,0.0,0.0,0.0,0.0,0.0,5.0,4.0,9.0,2.0,1.0,6.0,2.0,5.0,30.0,18.0
22200868,1610612761,TOR,Toronto,1630567,Scottie Barnes,Scottie,G,,36:13,6.0,15.0,0.4,0.0,2.0,0.0,5.0,7.0,0.714,3.0,3.0,6.0,6.0,1.0,2.0,1.0,1.0,17.0,8.0
22200868,1610612761,TOR,Toronto,1627832,Fred VanVleet,Fred,G,,35:24,3.0,12.0,0.25,3.0,9.0,0.333,1.0,1.0,1.0,0.0,0.0,0.0,15.0,3.0,1.0,5.0,3.0,10.0,14.0
22200868,1610612761,TOR,Toronto,201152,Thaddeus Young,Thaddeus,,,6:41,2.0,2.0,1.0,0.0,0.0,0.0,0.0,0.0,0.0,0.0,0.0,0.0,0.0,1.0,0.0,1.0,1.0,4.0,-5.0
22200868,1610612761,TOR,Toronto,1628449,Chris Boucher,Chris,,,23:34,6.0,8.0,0.75,0.0,2.0,0.0,1.0,1.0,1.0,2.0,2.0,4.0,0.0,0.0,1.0,1.0,1.0,13.0,-1.0
22200868,1610612761,TOR,Toronto,1630201,Malachi Flynn,Malachi,,,12:36,3.0,4.0,0.75,2.0,3.0,0.667,2.0,3.0,0.667,0.0,2.0,2.0,1.0,0.0,0.0,0.0,1.0,10.0,-4.0
22200868,1610612761,TOR,Toronto,1630625,Dalano Banton,Dalano,,,4:00,1.0,1.0,1.0,0.0,0.0,0.0,0.0,0.0,0.0,0.0,1.0,1.0,1.0,0.0,0.0,1.0,1.0,2.0,1.0
22200868,1610612761,TOR,Toronto,1630288,Jeff Dowtin Jr.,Jeff,,,9:39,0.0,2.0,0.0,0.0,2.0,0.0,0.0,0.0,0.0,0.0,1.0,1.0,0.0,1.0,0.0,1.0,0.0,0.0,0.0
22200868,1610612761,TOR,Toronto,1631199,Ron Harper Jr.,Ron,,DNP - Coach's Decision,,,,,,,,,,,,,,,,,,,,
22200868,1610612761,TOR,Toronto,1627823,Juancho Hernangomez,Juancho,,DNP - Coach's Decision,,,,,,,,,,,,,,,,,,,,
22200868,1610612761,TOR,Toronto,1631132,Christian Koloko,Christian,,DNP - Coach's Decision,,,,,,,,,,,,,,,,,,,,
22200868,1610612761,TOR,Toronto,1630580,Joe Wieskamp,Joe,,DNP - Coach's Decision,,,,,,,,,,,,,,,,,,,,
22200870,1610612758,SAC,Sacramento,203084,Harrison Barnes,Harrison,F,,35:51,4.0,8.0,0.5,1.0,4.0,0.25,2.0,2.0,1.0,0.0,2.0,2.0,0.0,0.0,0.0,0.0,1.0,11.0,2.0
22200870,1610612758,SAC,Sacramento,1631099,Keegan Murray,Keegan,F,,20:30,2.0,7.0,0.286,2.0,6.0,0.333,0.0,0.0,0.0,1.0,4.0,5.0,6.0,0.0,1.0,0.0,2.0,6.0,-16.0
22200870,1610612758,SAC,Sacramento,1627734,Domantas Sabonis,Domantas,C,,37:43,7.0,12.0,0.583,0.0,1.0,0.0,10.0,10.0,1.0,6.0,9.0,15.0,7.0,2.0,0.0,4.0,3.0,24.0,-19.0
22200870,1610612758,SAC,Sacramento,1628989,Kevin Huerter,Kevin,G,,35:20,7.0,14.0,0.5,4.0,9.0,0.444,0.0,2.0,0.0,2.0,1.0,3.0,2.0,1.0,3.0,2.0,4.0,18.0,-15.0
22200870,1610612758,SAC,Sacramento,1628368,De'Aaron Fox,De'Aaron,G,,38:25,12.0,22.0,0.545,4.0,7.0,0.571,7.0,8.0,0.875,2.0,2.0,4.0,4.0,1.0,0.0,5.0,3.0,35.0,3.0
22200870,1610612758,SAC,Sacramento,1630558,Davion Mitchell,Davion,,,9:40,0.0,3.0,0.0,0.0,2.0,0.0,0.0,0.0,0.0,0.0,1.0,1.0,0.0,1.0,0.0,0.0,2.0,0.0,-12.0
22200870,1610612758,SAC,Sacramento,1629056,Terence Davis,Terence,,,22:13,4.0,8.0,0.5,3.0,5.0,0.6,0.0,0.0,0.0,0.0,2.0,2.0,1.0,2.0,0.0,3.0,4.0,11.0,5.0
22200870,1610612758,SAC,Sacramento,1626168,Trey Lyles,Trey,,,18:09,1.0,7.0,0.143,0.0,2.0,0.0,2.0,2.0,1.0,2.0,5.0,7.0,0.0,0.0,0.0,1.0,1.0,4.0,-9.0
22200870,1610612758,SAC,Sacramento,1629002,Chimezie Metu,Chimezie,,,10:17,0.0,0.0,0.0,0.0,0.0,0.0,0.0,0.0,0.0,0.0,0.0,0.0,1.0,1.0,0.0,1.0,0.0,0.0,8.0
22200870,1610612758,SAC,Sacramento,1630556,Kessler Edwards,Kessler,,,10:12,0.0,1.0,0.0,0.0,1.0,0.0,0.0,0.0,0.0,0.0,1.0,1.0,2.0,0.0,0.0,0.0,0.0,0.0,-2.0
22200870,1610612758,SAC,Sacramento,1631165,Keon Ellis,Keon,,,0:53,0.0,1.0,0.0,0.0,1.0,0.0,0.0,0.0,0.0,0.0,0.0,0.0,0.0,0.0,0.0,1.0,1.0,0.0,0.0
22200870,1610612758,SAC,Sacramento,203521,Matthew Dellavedova,Matthew,,,0:48,0.0,0.0,0.0,0.0,0.0,0.0,0.0,0.0,0.0,0.0,0.0,0.0,0.0,0.0,0.0,0.0,0.0,0.0,0.0
22200870,1610612758,SAC,Sacramento,1626158,Richaun Holmes,Richaun,,DNP - Coach's Decision,,,,,,,,,,,,,,,,,,,,
22200870,1610612758,SAC,Sacramento,203458,Alex Len,Alex,,DNP - Coach's Decision,,,,,,,,,,,,,,,,,,,,
22200870,1610612758,SAC,Sacramento,1629674,Neemias Queta,Neemias,,DNP - Coach's Decision,,,,,,,,,,,,,,,,,,,,
22200870,1610612756,PHX,Phoenix,1629006,Josh Okogie,Josh,F,,39:26,8.0,13.0,0.615,3.0,4.0,0.75,0.0,1.0,0.0,2.0,4.0,6.0,3.0,0.0,0.0,2.0,3.0,19.0,11.0
22200870,1610612756,PHX,Phoenix,1628470,Torrey Craig,Torrey,F,,30:02,2.0,6.0,0.333,2.0,3.0,0.667,0.0,0.0,0.0,1.0,2.0,3.0,3.0,1.0,1.0,3.0,3.0,6.0,7.0
22200870,1610612756,PHX,Phoenix,1629028,Deandre Ayton,Deandre,C,,36:41,13.0,17.0,0.765,0.0,0.0,0.0,3.0,4.0,0.75,3.0,8.0,11.0,2.0,4.0,2.0,1.0,2.0,29.0,21.0
22200870,1610612756,PHX,Phoenix,1626164,Devin Booker,Devin,G,,29:14,13.0,20.0,0.65,0.0,0.0,0.0,6.0,7.0,0.857,1.0,4.0,5.0,2.0,2.0,0.0,1.0,4.0,32.0,22.0
22200870,1610612756,PHX,Phoenix,101108,Chris Paul,Chris,G,,37:10,7.0,15.0,0.467,1.0,5.0,0.2,2.0,2.0,1.0,0.0,5.0,5.0,19.0,2.0,0.0,4.0,0.0,17.0,14.0
22200870,1610612756,PHX,Phoenix,1627814,Damion Lee,Damion,,,22:47,2.0,6.0,0.333,0.0,4.0,0.0,1.0,1.0,1.0,0.0,0.0,0.0,2.0,1.0,0.0,2.0,2.0,5.0,-8.0
22200870,1610612756,PHX,Phoenix,1630688,Ish Wainright,Ish,,,20:04,0.0,3.0,0.0,0.0,3.0,0.0,0.0,0.0,0.0,0.0,3.0,3.0,0.0,1.0,1.0,0.0,2.0,0.0,-1.0
22200870,1610612756,PHX,Phoenix,203933,T.J. Warren,T.J.,,,7:00,2.0,3.0,0.667,1.0,1.0,1.0,0.0,0.0,0.0,0.0,2.0,2.0,0.0,1.0,0.0,0.0,0.0,5.0,-3.0
22200870,1610612756,PHX,Phoenix,1630240,Saben Lee,Saben,,,6:16,3.0,4.0,0.75,0.0,1.0,0.0,1.0,1.0,1.0,0.0,0.0,0.0,1.0,0.0,0.0,0.0,0.0,7.0,2.0
22200870,1610612756,PHX,Phoenix,1629111,Jock Landale,Jock,,,11:19,0.0,1.0,0.0,0.0,1.0,0.0,0.0,0.0,0.0,1.0,1.0,2.0,1.0,0.0,0.0,0.0,1.0,0.0,-10.0
22200870,1610612756,PHX,Phoenix,1629647,Darius Bazley,Darius,,DNP - Coach's Decision,,,,,,,,,,,,,,,,,,,,
22200870,1610612756,PHX,Phoenix,202687,Bismack Biyombo,Bismack,,DNP - Coach's Decision,,,,,,,,,,,,,,,,,,,,
22200872,1610612764,WAS,Washington,1628398,Kyle Kuzma,Kyle,F,,35:54,11.0,20.0,0.55,6.0,10.0,0.6,5.0,6.0,0.833,1.0,8.0,9.0,2.0,0.0,1.0,3.0,1.0,33.0,18.0
22200872,1610612764,WAS,Washington,204001,Kristaps Porziņģis,Kristaps,F,,29:30,10.0,15.0,0.667,1.0,3.0,0.333,7.0,7.0,1.0,3.0,9.0,12.0,5.0,0.0,1.0,4.0,5.0,28.0,14.0
22200872,1610612764,WAS,Washington,1629655,Daniel Gafford,Daniel,C,,14:54,1.0,2.0,0.5,0.0,0.0,0.0,0.0,0.0,0.0,0.0,1.0,1.0,1.0,0.0,0.0,1.0,5.0,2.0,5.0
22200872,1610612764,WAS,Washington,203078,Bradley Beal,Bradley,G,,32:53,7.0,15.0,0.467,1.0,5.0,0.2,4.0,5.0,0.8,0.0,2.0,2.0,4.0,1.0,0.0,2.0,2.0,19.0,8.0
22200872,1610612764,WAS,Washington,1628420,Monté Morris,Monté,G,,27:45,2.0,5.0,0.4,2.0,3.0,0.667,0.0,0.0,0.0,1.0,6.0,7.0,4.0,0.0,0.0,1.0,0.0,6.0,5.0
22200872,1610612764,WAS,Washington,1630166,Deni Avdija,Deni,,,18:03,1.0,4.0,0.25,0.0,2.0,0.0,0.0,0.0,0.0,0.0,3.0,3.0,3.0,0.0,0.0,1.0,1.0,2.0,6.0
22200872,1610612764,WAS,Washington,1630557,Corey Kispert,Corey,,,18:28,2.0,4.0,0.5,1.0,3.0,0.333,0.0,0.0,0.0,0.0,3.0,3.0,0.0,0.0,0.0,0.0,2.0,5.0,9.0
22200872,1610612764,WAS,Washington,1626153,Delon Wright,Delon,,,29:23,2.0,3.0,0.667,1.0,1.0,1.0,0.0,0.0,0.0,0.0,2.0,2.0,6.0,4.0,0.0,1.0,0.0,5.0,10.0
22200872,1610612764,WAS,Washington,1629134,Kendrick Nunn,Kendrick,,,13:52,3.0,4.0,0.75,2.0,3.0,0.667,2.0,2.0,1.0,0.0,1.0,1.0,1.0,0.0,0.0,1.0,1.0,10.0,8.0
22200872,1610612764,WAS,Washington,201959,Taj Gibson,Taj,,,11:14,2.0,3.0,0.667,1.0,1.0,1.0,1.0,2.0,0.5,0.0,1.0,1.0,0.0,0.0,0.0,0.0,0.0,6.0,10.0
22200872,1610612764,WAS,Washington,1631098,Johnny Davis,Johnny,,,2:01,1.0,1.0,1.0,1.0,1.0,1.0,0.0,0.0,0.0,0.0,0.0,0.0,0.0,0.0,0.0,0.0,0.0,3.0,8.0
22200872,1610612764,WAS,Washington,1630264,Anthony Gill,Anthony,,,2:01,1.0,1.0,1.0,0.0,0.0,0.0,0.0,0.0,0.0,0.0,0.0,0.0,0.0,0.0,0.0,0.0,0.0,2.0,8.0
22200872,1610612764,WAS,Washington,1630176,Vernon Carey Jr.,Vernon,,,2:01,1.0,1.0,1.0,0.0,0.0,0.0,0.0,0.0,0.0,0.0,3.0,3.0,1.0,0.0,0.0,0.0,0.0,2.0,8.0
22200872,1610612764,WAS,Washington,1631245,Quenton Jackson,Quenton,,,2:01,1.0,1.0,1.0,1.0,1.0,1.0,0.0,0.0,0.0,0.0,0.0,0.0,1.0,0.0,0.0,0.0,0.0,3.0,8.0
22200872,1610612757,POR,Portland,1629680,Matisse Thybulle,Matisse,F,,30:09,1.0,4.0,0.25,0.0,3.0,0.0,0.0,0.0,0.0,0.0,1.0,1.0,1.0,4.0,0.0,1.0,4.0,2.0,-2.0
22200872,1610612757,POR,Portland,1629629,Cam Reddish,Cam,F,,32:56,7.0,12.0,0.583,4.0,7.0,0.571,0.0,0.0,0.0,0.0,1.0,1.0,1.0,1.0,0.0,0.0,3.0,18.0,-14.0
22200872,1610612757,POR,Portland,1629234,Drew Eubanks,Drew,C,,27:29,1.0,4.0,0.25,0.0,0.0,0.0,1.0,2.0,0.5,5.0,6.0,11.0,2.0,1.0,4.0,1.0,1.0,3.0,0.0
22200872,1610612757,POR,Portland,1629014,Anfernee Simons,Anfernee,G,,26:30,6.0,15.0,0.4,1.0,3.0,0.333,4.0,4.0,1.0,0.0,2.0,2.0,3.0,1.0,0.0,1.0,1.0,17.0,-14.0
22200872,1610612757,POR,Portland,203081,Damian Lillard,Damian,G,,38:39,14.0,30.0,0.467,5.0,17.0,0.294,6.0,7.0,0.857,1.0,9.0,10.0,6.0,1.0,0.0,6.0,1.0,39.0,-13.0
22200872,1610612757,POR,Portland,1630570,Trendon Watford,Trendon,,,13:51,1.0,3.0,0.333,0.0,0.0,0.0,2.0,5.0,0.4,1.0,2.0,3.0,0.0,1.0,0.0,1.0,4.0,4.0,-15.0
22200872,1610612757,POR,Portland,1629642,Nassir Little,Nassir,,,17:24,0.0,5.0,0.0,0.0,5.0,0.0,1.0,2.0,0.5,2.0,3.0,5.0,4.0,0.0,0.0,0.0,1.0,1.0,-13.0
22200872,1610612757,POR,Portland,1631101,Shaedon Sharpe,Shaedon,,,28:14,5.0,9.0,0.556,2.0,5.0,0.4,2.0,2.0,1.0,1.0,0.0,1.0,1.0,0.0,0.0,0.0,1.0,14.0,-10.0
22200872,1610612757,POR,Portland,1631133,Jabari Walker,Jabari,,,11:43,1.0,1.0,1.0,0.0,0.0,0.0,1.0,2.0,0.5,1.0,1.0,2.0,1.0,0.0,1.0,2.0,1.0,3.0,-17.0
22200872,1610612757,POR,Portland,1628995,Kevin Knox II,Kevin,,,7:35,0.0,1.0,0.0,0.0,1.0,0.0,0.0,0.0,0.0,1.0,0.0,1.0,0.0,0.0,0.0,0.0,2.0,0.0,-11.0
22200872,1610612757,POR,Portland,1630553,Keon Johnson,Keon,,,2:45,0.0,2.0,0.0,0.0,1.0,0.0,0.0,0.0,0.0,0.0,0.0,0.0,1.0,0.0,0.0,0.0,0.0,0.0,-8.0
22200872,1610612757,POR,Portland,1627853,Ryan Arcidiacono,Ryan,,,2:45,0.0,0.0,0.0,0.0,0.0,0.0,0.0,0.0,0.0,0.0,0.0,0.0,0.0,0.0,0.0,0.0,0.0,0.0,-8.0
22200872,1610612757,POR,Portland,1631219,John Butler Jr.,John,,DNP - Coach's Decision,,,,,,,,,,,,,,,,,,,,
22200869,1610612738,BOS,Boston,1629684,Grant Williams,Grant,F,,47:31,4.0,10.0,0.4,2.0,4.0,0.5,2.0,3.0,0.667,2.0,8.0,10.0,4.0,1.0,0.0,5.0,5.0,12.0,9.0
22200869,1610612738,BOS,Boston,203488,Mike Muscala,Mike,F,,43:46,7.0,16.0,0.438,3.0,10.0,0.3,1.0,2.0,0.5,0.0,8.0,8.0,0.0,1.0,0.0,1.0,3.0,18.0,-4.0
22200869,1610612738,BOS,Boston,201933,Blake Griffin,Blake,C,,24:12,6.0,9.0,0.667,3.0,6.0,0.5,0.0,1.0,0.0,1.0,5.0,6.0,6.0,1.0,1.0,1.0,3.0,15.0,15.0
22200869,1610612738,BOS,Boston,1630573,Sam Hauser,Sam,G,,39:01,6.0,12.0,0.5,3.0,8.0,0.375,0.0,0.0,0.0,3.0,6.0,9.0,2.0,1.0,0.0,0.0,3.0,15.0,7.0
22200869,1610612738,BOS,Boston,1628401,Derrick White,Derrick,G,,43:04,10.0,24.0,0.417,3.0,12.0,0.25,4.0,4.0,1.0,0.0,2.0,2.0,12.0,3.0,0.0,3.0,4.0,27.0,-5.0
22200869,1610612738,BOS,Boston,1630202,Payton Pritchard,Payton,,,14:00,2.0,6.0,0.333,1.0,4.0,0.25,1.0,1.0,1.0,0.0,0.0,0.0,0.0,1.0,0.0,0.0,2.0,6.0,-17.0
22200869,1610612738,BOS,Boston,1627763,Malcolm Brogdon,Malcolm,,,39:00,8.0,17.0,0.471,2.0,6.0,0.333,8.0,9.0,0.889,0.0,4.0,4.0,4.0,0.0,0.0,3.0,5.0,26.0,-21.0
22200869,1610612738,BOS,Boston,1628436,Luke Kornet,Luke,,,1:36,0.0,0.0,0.0,0.0,0.0,0.0,0.0,0.0,0.0,0.0,0.0,0.0,0.0,0.0,0.0,0.0,1.0,0.0,-3.0
22200869,1610612738,BOS,Boston,1629057,Robert Williams III,Robert,,,12:50,3.0,5.0,0.6,0.0,0.0,0.0,0.0,0.0,0.0,2.0,3.0,5.0,0.0,0.0,0.0,0.0,0.0,6.0,-11.0
22200869,1610612738,BOS,Boston,1631120,JD Davison,JD,,DNP - Coach's Decision,,,,,,,,,,,,,,,,,,,,
22200869,1610612738,BOS,Boston,1629662,Mfiondu Kabengele,Mfiondu,,DNP - Coach's Decision,,,,,,,,,,,,,,,,,,,,
22200869,1610612749,MIL,Milwaukee,1626192,Pat Connaughton,Pat,F,,35:03,2.0,5.0,0.4,1.0,4.0,0.25,0.0,0.0,0.0,1.0,7.0,8.0,3.0,0.0,1.0,1.0,1.0,5.0,-7.0
22200869,1610612749,MIL,Milwaukee,203507,Giannis Antetokounmpo,Giannis,F,,45:55,12.0,26.0,0.462,1.0,3.0,0.333,11.0,19.0,0.579,1.0,12.0,13.0,9.0,0.0,2.0,8.0,4.0,36.0,14.0
22200869,1610612749,MIL,Milwaukee,201572,Brook Lopez,Brook,C,,24:54,0.0,3.0,0.0,0.0,3.0,0.0,4.0,4.0,1.0,1.0,1.0,2.0,1.0,0.0,0.0,3.0,3.0,4.0,-5.0
22200869,1610612749,MIL,Milwaukee,1628960,Grayson Allen,Grayson,G,,35:40,3.0,5.0,0.6,2.0,3.0,0.667,5.0,5.0,1.0,1.0,3.0,4.0,2.0,1.0,0.0,0.0,3.0,13.0,-10.0
22200869,1610612749,MIL,Milwaukee,201950,Jrue Holiday,Jrue,G,,43:16,13.0,21.0,0.619,8.0,12.0,0.667,6.0,6.0,1.0,0.0,5.0,5.0,7.0,3.0,0.0,5.0,2.0,40.0,1.0
22200869,1610612749,MIL,Milwaukee,204060,Joe Ingles,Joe,,,31:05,3.0,7.0,0.429,2.0,6.0,0.333,0.0,0.0,0.0,1.0,5.0,6.0,3.0,1.0,0.0,0.0,5.0,8.0,11.0
22200869,1610612749,MIL,Milwaukee,203114,Khris Middleton,Khris,,,24:52,7.0,16.0,0.438,1.0,4.0,0.25,1.0,1.0,1.0,4.0,7.0,11.0,4.0,0.0,0.0,1.0,3.0,16.0,19.0
22200869,1610612749,MIL,Milwaukee,202083,Wesley Matthews,Wesley,,,9:53,0.0,1.0,0.0,0.0,1.0,0.0,0.0,0.0,0.0,1.0,1.0,2.0,0.0,0.0,0.0,0.0,1.0,0.0,-7.0
22200869,1610612749,MIL,Milwaukee,1628975,Jevon Carter,Jevon,,,14:22,3.0,6.0,0.5,3.0,6.0,0.5,0.0,0.0,0.0,0.0,1.0,1.0,0.0,1.0,0.0,0.0,1.0,9.0,14.0
22200869,1610612749,MIL,Milwaukee,203648,Thanasis Antetokounmpo,Thanasis,,DNP - Coach's Decision,,,,,,,,,,,,,,,,,,,,
22200869,1610612749,MIL,Milwaukee,1630699,MarJon Beauchamp,MarJon,,DNP - Coach's Decision,,,,,,,,,,,,,,,,,,,,
22200869,1610612749,MIL,Milwaukee,1631260,AJ Green,AJ,,DNP - Coach's Decision,,,,,,,,,,,,,,,,,,,,
22200869,1610612749,MIL,Milwaukee,1630572,Sandro Mamukelashvili,Sandro,,DNP - Coach's Decision,,,,,,,,,,,,,,,,,,,,
22200871,1610612744,GSW,Golden State,1628978,Donte DiVincenzo,Donte,F,,29:15,3.0,6.0,0.5,2.0,4.0,0.5,2.0,2.0,1.0,1.0,0.0,1.0,4.0,1.0,0.0,1.0,3.0,10.0,-18.0
22200871,1610612744,GSW,Golden State,203110,Draymond Green,Draymond,F,,33:10,6.0,6.0,1.0,1.0,1.0,1.0,2.0,2.0,1.0,0.0,5.0,5.0,7.0,1.0,0.0,3.0,3.0,15.0,-9.0
22200871,1610612744,GSW,Golden State,1626172,Kevon Looney,Kevon,C,,27:03,5.0,7.0,0.714,0.0,0.0,0.0,1.0,2.0,0.5,6.0,8.0,14.0,1.0,0.0,1.0,0.0,2.0,11.0,-11.0
22200871,1610612744,GSW,Golden State,202691,Klay Thompson,Klay,G,,28:28,7.0,14.0,0.5,4.0,7.0,0.571,0.0,1.0,0.0,0.0,2.0,2.0,2.0,0.0,0.0,1.0,0.0,18.0,-9.0
22200871,1610612744,GSW,Golden State,1629673,Jordan Poole,Jordan,G,,32:45,10.0,20.0,0.5,3.0,10.0,0.3,5.0,6.0,0.833,0.0,2.0,2.0,6.0,0.0,0.0,0.0,4.0,28.0,-12.0
22200871,1610612744,GSW,Golden State,1630228,Jonathan Kuminga,Jonathan,,,22:02,5.0,12.0,0.417,2.0,4.0,0.5,4.0,6.0,0.667,1.0,4.0,5.0,1.0,0.0,0.0,3.0,3.0,16.0,2.0
22200871,1610612744,GSW,Golden State,1630237,Anthony Lamb,Anthony,,,25:29,3.0,5.0,0.6,1.0,3.0,0.333,1.0,3.0,0.333,0.0,2.0,2.0,3.0,0.0,0.0,0.0,2.0,8.0,3.0
22200871,1610612744,GSW,Golden State,203210,JaMychal Green,JaMychal,,,9:28,0.0,0.0,0.0,0.0,0.0,0.0,0.0,0.0,0.0,0.0,2.0,2.0,1.0,0.0,0.0,2.0,3.0,0.0,-12.0
22200871,1610612744,GSW,Golden State,1630541,Moses Moody,Moses,,,13:21,3.0,8.0,0.375,1.0,4.0,0.25,0.0,0.0,0.0,0.0,1.0,1.0,1.0,0.0,0.0,0.0,0.0,7.0,8.0
22200871,1610612744,GSW,Golden State,1629660,Ty Jerome,Ty,,,16:31,3.0,5.0,0.6,1.0,1.0,1.0,4.0,5.0,0.8,0.0,2.0,2.0,2.0,0.0,0.0,1.0,2.0,11.0,2.0
22200871,1610612744,GSW,Golden State,1631116,Patrick Baldwin Jr.,Patrick,,,2:28,0.0,0.0,0.0,0.0,0.0,0.0,0.0,0.0,0.0,0.0,0.0,0.0,0.0,0.0,0.0,0.0,0.0,0.0,6.0
22200871,1610612746,LAC,LA,202694,Marcus Morris Sr.,Marcus,F,,23:27,2.0,7.0,0.286,2.0,4.0,0.5,0.0,0.0,0.0,0.0,3.0,3.0,1.0,0.0,0.0,0.0,2.0,6.0,16.0
22200871,1610612746,LAC,LA,202695,Kawhi Leonard,Kawhi,F,,34:26,12.0,17.0,0.706,7.0,9.0,0.778,2.0,2.0,1.0,1.0,6.0,7.0,4.0,1.0,1.0,1.0,1.0,33.0,14.0
22200871,1610612746,LAC,LA,1627826,Ivica Zubac,Ivica,C,,28:10,5.0,9.0,0.556,0.0,0.0,0.0,0.0,0.0,0.0,0.0,2.0,2.0,3.0,0.0,1.0,1.0,3.0,10.0,8.0
22200871,1610612746,LAC,LA,202331,Paul George,Paul,G,,31:32,6.0,12.0,0.5,1.0,5.0,0.2,7.0,7.0,1.0,1.0,1.0,2.0,8.0,0.0,0.0,2.0,4.0,20.0,9.0
22200871,1610612746,LAC,LA,1629611,Terance Mann,Terance,G,,26:54,7.0,10.0,0.7,2.0,3.0,0.667,0.0,0.0,0.0,3.0,2.0,5.0,6.0,0.0,0.0,0.0,1.0,16.0,2.0
22200871,1610612746,LAC,LA,1626181,Norman Powell,Norman,,,25:09,10.0,17.0,0.588,3.0,5.0,0.6,1.0,1.0,1.0,1.0,2.0,3.0,1.0,1.0,0.0,1.0,2.0,24.0,5.0
22200871,1610612746,LAC,LA,203486,Mason Plumlee,Mason,,,17:11,2.0,2.0,1.0,0.0,0.0,0.0,4.0,4.0,1.0,2.0,3.0,5.0,3.0,1.0,0.0,1.0,2.0,8.0,6.0
22200871,1610612746,LAC,LA,1630538,Bones Hyland,Bones,,,15:51,2.0,6.0,0.333,1.0,3.0,0.333,1.0,3.0,0.333,3.0,1.0,4.0,2.0,1.0,0.0,0.0,5.0,6.0,2.0
22200871,1610612746,LAC,LA,201569,Eric Gordon,Eric,,,21:35,2.0,7.0,0.286,1.0,3.0,0.333,2.0,3.0,0.667,0.0,3.0,3.0,3.0,0.0,2.0,0.0,0.0,7.0,2.0
22200871,1610612746,LAC,LA,201587,Nicolas Batum,Nicolas,,,8:21,0.0,3.0,0.0,0.0,3.0,0.0,0.0,0.0,0.0,1.0,1.0,2.0,2.0,1.0,0.0,0.0,1.0,0.0,4.0
22200871,1610612746,LAC,LA,1630527,Brandon Boston,Brandon,,,2:28,0.0,0.0,0.0,0.0,0.0,0.0,2.0,2.0,1.0,0.0,0.0,0.0,0.0,0.0,0.0,0.0,1.0,2.0,-6.0
22200871,1610612746,LAC,LA,1629599,Amir Coffey,Amir,,,2:28,1.0,2.0,0.5,0.0,1.0,0.0,0.0,0.0,0.0,0.0,0.0,0.0,0.0,0.0,0.0,1.0,0.0,2.0,-6.0
22200871,1610612746,LAC,LA,1631217,Moussa Diabaté,Moussa,,,2:28,0.0,0.0,0.0,0.0,0.0,0.0,0.0,0.0,0.0,0.0,0.0,0.0,0.0,0.0,0.0,1.0,0.0,0.0,-6.0
22200871,1610612746,LAC,LA,203496,Robert Covington,Robert,,DNP - Coach's Decision,,,,,,,,,,,,,,,,,,,,
22200871,1610612746,LAC,LA,1630554,Jason Preston,Jason,,DNP - Coach's Decision,,,,,,,,,,,,,,,,,,,,
22200862,1610612751,BKN,Brooklyn,1629661,Cameron Johnson,Cameron,F,,26:39,5.0,10.0,0.5,2.0,6.0,0.333,2.0,3.0,0.667,1.0,3.0,4.0,1.0,1.0,0.0,0.0,1.0,14.0,-1.0
22200862,1610612751,BKN,Brooklyn,1627827,Dorian Finney-Smith,Dorian,F,,29:21,3.0,5.0,0.6,3.0,4.0,0.75,0.0,0.0,0.0,1.0,4.0,5.0,0.0,0.0,0.0,1.0,4.0,9.0,-15.0
22200862,1610612751,BKN,Brooklyn,1629651,Nic Claxton,Nic,C,,22:59,4.0,8.0,0.5,0.0,0.0,0.0,3.0,5.0,0.6,2.0,4.0,6.0,1.0,0.0,1.0,0.0,1.0,11.0,-6.0
22200862,1610612751,BKN,Brooklyn,1628969,Mikal Bridges,Mikal,G,,28:39,2.0,8.0,0.25,1.0,3.0,0.333,2.0,4.0,0.5,1.0,4.0,5.0,3.0,0.0,1.0,3.0,2.0,7.0,-9.0
22200862,1610612751,BKN,Brooklyn,203915,Spencer Dinwiddie,Spencer,G,,32:55,8.0,21.0,0.381,3.0,10.0,0.3,9.0,9.0,1.0,0.0,3.0,3.0,4.0,1.0,0.0,2.0,2.0,28.0,-4.0
22200862,1610612751,BKN,Brooklyn,1630549,Day'Ron Sharpe,Day'Ron,,,14:48,4.0,4.0,1.0,0.0,0.0,0.0,1.0,4.0,0.25,3.0,5.0,8.0,2.0,0.0,0.0,1.0,4.0,9.0,-10.0
22200862,1610612751,BKN,Brooklyn,203925,Joe Harris,Joe,,,17:02,1.0,1.0,1.0,1.0,1.0,1.0,0.0,0.0,0.0,1.0,0.0,1.0,3.0,0.0,0.0,0.0,0.0,3.0,-13.0
22200862,1610612751,BKN,Brooklyn,1627732,Ben Simmons,Ben,,,12:41,1.0,2.0,0.5,0.0,0.0,0.0,0.0,0.0,0.0,1.0,2.0,3.0,2.0,0.0,1.0,2.0,1.0,2.0,-4.0
22200862,1610612751,BKN,Brooklyn,1626220,Royce O'Neale,Royce,,,21:49,2.0,5.0,0.4,2.0,4.0,0.5,2.0,2.0,1.0,0.0,3.0,3.0,1.0,0.0,0.0,1.0,3.0,8.0,-21.0
22200862,1610612751,BKN,Brooklyn,1630560,Cam Thomas,Cam,,,20:11,2.0,8.0,0.25,0.0,0.0,0.0,3.0,4.0,0.75,0.0,1.0,1.0,0.0,0.0,0.0,0.0,1.0,7.0,-10.0
22200862,1610612751,BKN,Brooklyn,1630561,David Duke Jr.,David,,,4:19,0.0,2.0,0.0,0.0,0.0,0.0,0.0,0.0,0.0,0.0,0.0,0.0,0.0,0.0,0.0,0.0,0.0,0.0,1.0
22200862,1610612751,BKN,Brooklyn,1630696,Dru Smith,Dru,,,4:19,2.0,3.0,0.667,0.0,1.0,0.0,0.0,0.0,0.0,0.0,0.0,0.0,1.0,1.0,0.0,0.0,0.0,4.0,1.0
22200862,1610612751,BKN,Brooklyn,1629139,Yuta Watanabe,Yuta,,,4:18,1.0,1.0,1.0,0.0,0.0,0.0,2.0,2.0,1.0,0.0,0.0,0.0,0.0,0.0,0.0,0.0,0.0,4.0,1.0
22200862,1610612751,BKN,Brooklyn,201988,Patty Mills,Patty,,DNP - Coach's Decision,,,,,,,,,,,,,,,,,,,,
22200862,1610612751,BKN,Brooklyn,1628410,Edmond Sumner,Edmond,,DNP - Coach's Decision,,,,,,,,,,,,,,,,,,,,
22200862,1610612752,NYK,New York,1629628,RJ Barrett,RJ,F,,24:29,2.0,8.0,0.25,0.0,3.0,0.0,0.0,0.0,0.0,0.0,1.0,1.0,0.0,0.0,0.0,3.0,5.0,4.0,-7.0
22200862,1610612752,NYK,New York,203944,Julius Randle,Julius,F,,32:20,7.0,17.0,0.412,1.0,6.0,0.167,3.0,3.0,1.0,0.0,10.0,10.0,4.0,1.0,1.0,1.0,1.0,18.0,14.0
22200862,1610612752,NYK,New York,1630579,Jericho Sims,Jericho,C,,24:04,1.0,1.0,1.0,0.0,0.0,0.0,0.0,0.0,0.0,2.0,5.0,7.0,0.0,0.0,0.0,1.0,2.0,2.0,-11.0
22200862,1610612752,NYK,New York,1628973,Jalen Brunson,Jalen,G,,35:40,15.0,21.0,0.714,6.0,9.0,0.667,4.0,8.0,0.5,1.0,1.0,2.0,5.0,0.0,1.0,0.0,3.0,40.0,23.0
22200862,1610612752,NYK,New York,1629656,Quentin Grimes,Quentin,G,,22:27,2.0,5.0,0.4,2.0,4.0,0.5,2.0,2.0,1.0,1.0,2.0,3.0,0.0,1.0,0.0,0.0,1.0,8.0,-3.0
22200862,1610612752,NYK,New York,1628404,Josh Hart,Josh,,,27:54,10.0,14.0,0.714,4.0,6.0,0.667,3.0,4.0,0.75,0.0,4.0,4.0,2.0,1.0,0.0,0.0,4.0,27.0,25.0
22200862,1610612752,NYK,New York,1630193,Immanuel Quickley,Immanuel,,,27:47,4.0,8.0,0.5,2.0,3.0,0.667,4.0,5.0,0.8,1.0,4.0,5.0,5.0,0.0,0.0,0.0,2.0,14.0,22.0
22200862,1610612752,NYK,New York,1628392,Isaiah Hartenstein,Isaiah,,,23:56,3.0,3.0,1.0,0.0,0.0,0.0,2.0,2.0,1.0,1.0,4.0,5.0,1.0,1.0,0.0,2.0,4.0,8.0,29.0
22200862,1610612752,NYK,New York,1630167,Obi Toppin,Obi,,,15:40,1.0,4.0,0.25,0.0,2.0,0.0,0.0,0.0,0.0,0.0,1.0,1.0,1.0,0.0,1.0,0.0,1.0,2.0,4.0
22200862,1610612752,NYK,New York,1630540,Miles McBride,Miles,,,3:51,0.0,0.0,0.0,0.0,0.0,0.0,1.0,2.0,0.5,0.0,0.0,0.0,0.0,0.0,0.0,1.0,1.0,1.0,-1.0
22200862,1610612752,NYK,New York,203095,Evan Fournier,Evan,,,1:52,0.0,1.0,0.0,0.0,1.0,0.0,0.0,0.0,0.0,0.0,0.0,0.0,0.0,0.0,0.0,0.0,0.0,0.0,-5.0
22200862,1610612752,NYK,New York,201565,Derrick Rose,Derrick,,DNP - Coach's Decision,,,,,,,,,,,,,,,,,,,,
22200863,1610612753,ORL,Orlando,1630532,Franz Wagner,Franz,F,,32:56,7.0,8.0,0.875,3.0,4.0,0.75,1.0,2.0,0.5,0.0,3.0,3.0,3.0,1.0,0.0,4.0,3.0,18.0,9.0
22200863,1610612753,ORL,Orlando,1631094,Paolo Banchero,Paolo,F,,35:27,8.0,18.0,0.444,0.0,4.0,0.0,6.0,7.0,0.857,2.0,2.0,4.0,3.0,0.0,3.0,2.0,1.0,22.0,9.0
22200863,1610612753,ORL,Orlando,1628976,Wendell Carter Jr.,Wendell,C,,29:34,6.0,13.0,0.462,2.0,5.0,0.4,1.0,2.0,0.5,0.0,7.0,7.0,1.0,0.0,0.0,1.0,4.0,15.0,14.0
22200863,1610612753,ORL,Orlando,203914,Gary Harris,Gary,G,,27:46,3.0,5.0,0.6,1.0,3.0,0.333,1.0,1.0,1.0,0.0,4.0,4.0,4.0,3.0,0.0,2.0,1.0,8.0,12.0
22200863,1610612753,ORL,Orlando,1628365,Markelle Fultz,Markelle,G,,35:09,8.0,15.0,0.533,0.0,2.0,0.0,2.0,2.0,1.0,2.0,8.0,10.0,9.0,0.0,1.0,0.0,0.0,18.0,12.0
22200863,1610612753,ORL,Orlando,1628371,Jonathan Isaac,Jonathan,,,12:57,0.0,4.0,0.0,0.0,0.0,0.0,0.0,0.0,0.0,2.0,2.0,4.0,0.0,1.0,0.0,1.0,1.0,0.0,-4.0
22200863,1610612753,ORL,Orlando,1630591,Jalen Suggs,Jalen,,,22:35,1.0,7.0,0.143,0.0,3.0,0.0,1.0,1.0,1.0,1.0,1.0,2.0,1.0,0.0,1.0,2.0,3.0,3.0,-3.0
22200863,1610612753,ORL,Orlando,1629021,Moritz Wagner,Moritz,,,18:02,2.0,5.0,0.4,1.0,4.0,0.25,2.0,2.0,1.0,0.0,2.0,2.0,2.0,3.0,1.0,2.0,2.0,7.0,-2.0
22200863,1610612753,ORL,Orlando,1629626,Bol Bol,Bol,,,12:33,1.0,1.0,1.0,0.0,0.0,0.0,2.0,2.0,1.0,0.0,4.0,4.0,1.0,0.0,0.0,3.0,2.0,4.0,0.0
22200863,1610612753,ORL,Orlando,1631216,Caleb Houstan,Caleb,,,13:01,2.0,5.0,0.4,1.0,2.0,0.5,0.0,0.0,0.0,0.0,2.0,2.0,0.0,0.0,0.0,0.0,2.0,5.0,-2.0
22200863,1610612753,ORL,Orlando,1629643,Chuma Okeke,Chuma,,DNP - Coach's Decision,,,,,,,,,,,,,,,,,,,,
22200863,1610612753,ORL,Orlando,1629678,Admiral Schofield,Admiral,,DNP - Coach's Decision,,,,,,,,,,,,,,,,,,,,
22200863,1610612741,CHI,Chicago,201942,DeMar DeRozan,DeMar,F,,35:42,8.0,20.0,0.4,0.0,2.0,0.0,3.0,3.0,1.0,0.0,3.0,3.0,6.0,0.0,1.0,3.0,5.0,19.0,-10.0
22200863,1610612741,CHI,Chicago,1630172,Patrick Williams,Patrick,F,,30:12,2.0,11.0,0.182,0.0,4.0,0.0,2.0,2.0,1.0,2.0,2.0,4.0,0.0,0.0,1.0,3.0,3.0,6.0,-15.0
22200863,1610612741,CHI,Chicago,202696,Nikola Vučević,Nikola,C,,34:12,5.0,11.0,0.455,1.0,2.0,0.5,2.0,2.0,1.0,2.0,11.0,13.0,1.0,2.0,0.0,1.0,4.0,13.0,-13.0
22200863,1610612741,CHI,Chicago,203897,Zach LaVine,Zach,G,,40:16,9.0,20.0,0.45,0.0,3.0,0.0,8.0,8.0,1.0,1.0,8.0,9.0,5.0,0.0,0.0,5.0,3.0,26.0,-9.0
22200863,1610612741,CHI,Chicago,1630245,Ayo Dosunmu,Ayo,G,,34:05,1.0,5.0,0.2,0.0,2.0,0.0,0.0,0.0,0.0,2.0,2.0,4.0,3.0,1.0,0.0,2.0,2.0,2.0,-4.0
22200863,1610612741,CHI,Chicago,203083,Andre Drummond,Andre,,,13:48,3.0,4.0,0.75,0.0,0.0,0.0,0.0,0.0,0.0,2.0,5.0,7.0,0.0,0.0,0.0,0.0,1.0,6.0,4.0
22200863,1610612741,CHI,Chicago,1629632,Coby White,Coby,,,22:53,5.0,8.0,0.625,2.0,5.0,0.4,0.0,0.0,0.0,0.0,2.0,2.0,1.0,1.0,1.0,0.0,2.0,12.0,-3.0
22200863,1610612741,CHI,Chicago,1627884,Derrick Jones Jr.,Derrick,,,9:04,0.0,0.0,0.0,0.0,0.0,0.0,1.0,2.0,0.5,1.0,0.0,1.0,0.0,2.0,0.0,0.0,0.0,1.0,6.0
22200863,1610612741,CHI,Chicago,201609,Goran Dragic,Goran,,,11:04,0.0,2.0,0.0,0.0,2.0,0.0,2.0,2.0,1.0,0.0,0.0,0.0,1.0,0.0,0.0,2.0,1.0,2.0,-1.0
22200863,1610612741,CHI,Chicago,1631207,Dalen Terry,Dalen,,,8:44,2.0,5.0,0.4,0.0,1.0,0.0,0.0,0.0,0.0,0.0,1.0,1.0,0.0,2.0,0.0,0.0,0.0,4.0,0.0
22200863,1610612741,CHI,Chicago,1628396,Tony Bradley,Tony,,DNP - Coach's Decision,,,,,,,,,,,,,,,,,,,,
22200858,1610612759,SAS,San Antonio,1628966,Keita Bates-Diop,Keita,F,,32:50,6.0,12.0,0.5,1.0,1.0,1.0,1.0,1.0,1.0,0.0,6.0,6.0,2.0,0.0,0.0,1.0,3.0,14.0,-4.0
22200858,1610612759,SAS,San Antonio,1631110,Jeremy Sochan,Jeremy,F,,27:12,4.0,12.0,0.333,0.0,2.0,0.0,2.0,2.0,1.0,3.0,1.0,4.0,2.0,0.0,0.0,2.0,1.0,10.0,-5.0
22200858,1610612759,SAS,San Antonio,1628380,Zach Collins,Zach,C,,31:35,4.0,7.0,0.571,1.0,2.0,0.5,2.0,2.0,1.0,0.0,5.0,5.0,6.0,3.0,0.0,2.0,2.0,11.0,-16.0
22200858,1610612759,SAS,San Antonio,1631103,Malaki Branham,Malaki,G,,28:51,8.0,11.0,0.727,2.0,3.0,0.667,0.0,0.0,0.0,0.0,1.0,1.0,2.0,2.0,0.0,1.0,4.0,18.0,-4.0
22200858,1610612759,SAS,San Antonio,1629640,Keldon Johnson,Keldon,G,,35:16,8.0,13.0,0.615,2.0,3.0,0.667,7.0,11.0,0.636,0.0,2.0,2.0,4.0,1.0,0.0,4.0,1.0,25.0,-19.0
22200858,1610612759,SAS,San Antonio,1628984,Devonte' Graham,Devonte',,,28:59,5.0,14.0,0.357,2.0,8.0,0.25,0.0,1.0,0.0,1.0,0.0,1.0,8.0,2.0,0.0,1.0,2.0,12.0,4.0
22200858,1610612759,SAS,San Antonio,1629676,Isaiah Roby,Isaiah,,,5:37,0.0,0.0,0.0,0.0,0.0,0.0,0.0,0.0,0.0,1.0,0.0,1.0,0.0,0.0,0.0,0.0,0.0,0.0,-4.0
22200858,1610612759,SAS,San Antonio,1631104,Blake Wesley,Blake,,,19:36,4.0,10.0,0.4,0.0,2.0,0.0,1.0,1.0,1.0,0.0,3.0,3.0,2.0,1.0,0.0,2.0,3.0,9.0,0.0
22200858,1610612759,SAS,San Antonio,1629646,Charles Bassey,Charles,,,12:50,2.0,3.0,0.667,0.0,0.0,0.0,2.0,2.0,1.0,4.0,4.0,8.0,0.0,1.0,0.0,2.0,2.0,6.0,8.0
22200858,1610612759,SAS,San Antonio,1631230,Dominick Barlow,Dominick,,,17:14,2.0,3.0,0.667,0.0,0.0,0.0,0.0,0.0,0.0,2.0,2.0,4.0,1.0,0.0,1.0,1.0,3.0,4.0,0.0
22200858,1610612759,SAS,San Antonio,203476,Gorgui Dieng,Gorgui,,DNP - Coach's Decision,,,,,,,,,,,,,,,,,,,,
22200858,1610612739,CLE,Cleveland,1630171,Isaac Okoro,Isaac,F,,36:37,2.0,4.0,0.5,1.0,3.0,0.333,0.0,0.0,0.0,0.0,2.0,2.0,1.0,0.0,0.0,1.0,1.0,5.0,14.0
22200858,1610612739,CLE,Cleveland,1630596,Evan Mobley,Evan,F,,37:42,5.0,10.0,0.5,0.0,1.0,0.0,5.0,8.0,0.625,2.0,7.0,9.0,1.0,1.0,2.0,3.0,2.0,15.0,3.0
22200858,1610612739,CLE,Cleveland,1628386,Jarrett Allen,Jarrett,C,,38:51,7.0,11.0,0.636,0.0,0.0,0.0,3.0,3.0,1.0,5.0,6.0,11.0,0.0,2.0,3.0,0.0,3.0,17.0,11.0
22200858,1610612739,CLE,Cleveland,1628378,Donovan Mitchell,Donovan,G,,36:50,16.0,26.0,0.615,6.0,13.0,0.462,3.0,4.0,0.75,1.0,3.0,4.0,5.0,1.0,1.0,2.0,2.0,41.0,17.0
22200858,1610612739,CLE,Cleveland,1629636,Darius Garland,Darius,G,,29:51,7.0,13.0,0.538,0.0,4.0,0.0,2.0,2.0,1.0,0.0,2.0,2.0,7.0,0.0,0.0,6.0,4.0,16.0,-8.0
22200858,1610612739,CLE,Cleveland,1627747,Caris LeVert,Caris,,,20:19,2.0,4.0,0.5,0.0,2.0,0.0,0.0,0.0,0.0,1.0,0.0,1.0,5.0,1.0,0.0,2.0,2.0,4.0,4.0
22200858,1610612739,CLE,Cleveland,1629731,Dean Wade,Dean,,,5:37,1.0,2.0,0.5,0.0,1.0,0.0,0.0,0.0,0.0,0.0,2.0,2.0,0.0,1.0,0.0,0.0,1.0,2.0,4.0
22200858,1610612739,CLE,Cleveland,201937,Ricky Rubio,Ricky,,,22:50,1.0,3.0,0.333,0.0,1.0,0.0,7.0,8.0,0.875,1.0,2.0,3.0,2.0,2.0,0.0,0.0,1.0,9.0,1.0
22200858,1610612739,CLE,Cleveland,1626224,Cedi Osman,Cedi,,,11:23,3.0,5.0,0.6,2.0,3.0,0.667,0.0,0.0,0.0,1.0,1.0,2.0,0.0,0.0,0.0,0.0,0.0,8.0,-6.0
22200858,1610612739,CLE,Cleveland,1629603,Mamadi Diakite,Mamadi,,DNP - Coach's Decision,,,,,,,,,,,,,,,,,,,,
22200858,1610612739,CLE,Cleveland,201577,Robin Lopez,Robin,,DNP - Coach's Decision,,,,,,,,,,,,,,,,,,,,
22200858,1610612739,CLE,Cleveland,201567,Kevin Love,Kevin,,DNP - Coach's Decision,,,,,,,,,,,,,,,,,,,,
22200858,1610612739,CLE,Cleveland,203526,Raul Neto,Raul,,DNP - Coach's Decision,,,,,,,,,,,,,,,,,,,,
22200858,1610612739,CLE,Cleveland,1630205,Lamar Stevens,Lamar,,DNP - Coach's Decision,,,,,,,,,,,,,,,,,,,,
22200858,1610612739,CLE,Cleveland,1629685,Dylan Windler,Dylan,,DNP - Coach's Decision,,,,,,,,,,,,,,,,,,,,
22200859,1610612762,UTA,Utah,203482,Kelly Olynyk,Kelly,F,,31:23,5.0,6.0,0.833,4.0,4.0,1.0,4.0,4.0,1.0,3.0,7.0,10.0,2.0,1.0,0.0,0.0,3.0,18.0,3.0
22200859,1610612762,UTA,Utah,1628374,Lauri Markkanen,Lauri,F,,36:32,10.0,20.0,0.5,2.0,9.0,0.222,7.0,7.0,1.0,1.0,10.0,11.0,2.0,0.0,0.0,3.0,1.0,29.0,3.0
22200859,1610612762,UTA,Utah,1631117,Walker Kessler,Walker,C,,19:12,3.0,3.0,1.0,0.0,0.0,0.0,0.0,0.0,0.0,0.0,5.0,5.0,0.0,2.0,2.0,2.0,4.0,6.0,-2.0
22200859,1610612762,UTA,Utah,203903,Jordan Clarkson,Jordan,G,,34:15,9.0,17.0,0.529,6.0,8.0,0.75,5.0,7.0,0.714,1.0,0.0,1.0,3.0,0.0,0.0,7.0,2.0,29.0,-7.0
22200859,1610612762,UTA,Utah,1629012,Collin Sexton,Collin,G,,29:27,7.0,14.0,0.5,0.0,1.0,0.0,4.0,5.0,0.8,0.0,1.0,1.0,6.0,2.0,0.0,2.0,2.0,18.0,10.0
22200859,1610612762,UTA,Utah,1630534,Ochai Agbaji,Ochai,,,29:24,3.0,7.0,0.429,2.0,4.0,0.5,0.0,0.0,0.0,2.0,2.0,4.0,1.0,0.0,0.0,1.0,1.0,8.0,8.0
22200859,1610612762,UTA,Utah,1629659,Talen Horton-Tucker,Talen,,,18:33,2.0,7.0,0.286,1.0,3.0,0.333,2.0,2.0,1.0,1.0,1.0,2.0,7.0,0.0,0.0,0.0,1.0,7.0,-4.0
22200859,1610612762,UTA,Utah,1628962,Udoka Azubuike,Udoka,,,12:49,2.0,2.0,1.0,0.0,0.0,0.0,0.0,0.0,0.0,2.0,7.0,9.0,0.0,0.0,0.0,2.0,0.0,4.0,2.0
22200859,1610612762,UTA,Utah,200752,Rudy Gay,Rudy,,,15:38,2.0,6.0,0.333,0.0,1.0,0.0,0.0,0.0,0.0,0.0,2.0,2.0,1.0,0.0,0.0,1.0,2.0,4.0,2.0
22200859,1610612762,UTA,Utah,1631323,Simone Fontecchio,Simone,,,12:47,0.0,3.0,0.0,0.0,3.0,0.0,0.0,0.0,0.0,1.0,0.0,1.0,2.0,0.0,1.0,0.0,1.0,0.0,15.0
22200859,1610612762,UTA,Utah,1630195,Leandro Bolmaro,Leandro,,DNP - Coach's Decision,,,,,,,,,,,,,,,,,,,,
22200859,1610612762,UTA,Utah,1627745,Damian Jones,Damian,,DNP - Coach's Decision,,,,,,,,,,,,,,,,,,,,
22200859,1610612762,UTA,Utah,1630548,Johnny Juzang,Johnny,,DNP - Coach's Decision,,,,,,,,,,,,,,,,,,,,
22200859,1610612762,UTA,Utah,1629308,Juan Toscano-Anderson,Juan,,DNP - Coach's Decision,,,,,,,,,,,,,,,,,,,,
22200859,1610612754,IND,Indiana,1627741,Buddy Hield,Buddy,F,,28:55,3.0,13.0,0.231,2.0,11.0,0.182,0.0,0.0,0.0,1.0,2.0,3.0,4.0,1.0,0.0,0.0,1.0,8.0,-5.0
22200859,1610612754,IND,Indiana,1630174,Aaron Nesmith,Aaron,F,,29:55,7.0,9.0,0.778,4.0,5.0,0.8,1.0,2.0,0.5,0.0,6.0,6.0,0.0,1.0,0.0,2.0,4.0,19.0,13.0
22200859,1610612754,IND,Indiana,1628464,Daniel Theis,Daniel,C,,21:57,5.0,13.0,0.385,0.0,3.0,0.0,1.0,2.0,0.5,3.0,2.0,5.0,3.0,1.0,1.0,0.0,2.0,11.0,-5.0
22200859,1610612754,IND,Indiana,1629614,Andrew Nembhard,Andrew,G,,23:10,1.0,2.0,0.5,0.0,1.0,0.0,0.0,0.0,0.0,1.0,2.0,3.0,3.0,1.0,0.0,0.0,3.0,2.0,-3.0
22200859,1610612754,IND,Indiana,1630169,Tyrese Haliburton,Tyrese,G,,34:53,12.0,24.0,0.5,3.0,8.0,0.375,3.0,3.0,1.0,0.0,1.0,1.0,12.0,3.0,1.0,1.0,4.0,30.0,1.0
22200859,1610612754,IND,Indiana,1630543,Isaiah Jackson,Isaiah,,,26:03,3.0,4.0,0.75,0.0,1.0,0.0,5.0,9.0,0.556,2.0,3.0,5.0,2.0,0.0,4.0,1.0,3.0,11.0,-1.0
22200859,1610612754,IND,Indiana,1629670,Jordan Nwora,Jordan,,,17:24,3.0,8.0,0.375,1.0,2.0,0.5,0.0,0.0,0.0,0.0,3.0,3.0,1.0,2.0,0.0,0.0,0.0,7.0,-6.0
22200859,1610612754,IND,Indiana,1631097,Bennedict Mathurin,Bennedict,,,31:50,8.0,13.0,0.615,1.0,3.0,0.333,4.0,4.0,1.0,1.0,3.0,4.0,2.0,0.0,1.0,3.0,1.0,21.0,-10.0
22200859,1610612754,IND,Indiana,204456,T.J. McConnell,T.J.,,,16:20,4.0,5.0,0.8,0.0,0.0,0.0,0.0,0.0,0.0,0.0,2.0,2.0,3.0,1.0,0.0,4.0,3.0,8.0,-12.0
22200859,1610612754,IND,Indiana,201588,George Hill,George,,,9:36,0.0,0.0,0.0,0.0,0.0,0.0,0.0,0.0,0.0,0.0,0.0,0.0,0.0,1.0,0.0,0.0,0.0,0.0,-2.0
22200859,1610612754,IND,Indiana,1629052,Oshae Brissett,Oshae,,DNP - Coach's Decision,,,,,,,,,,,,,,,,,,,,
22200859,1610612754,IND,Indiana,1630537,Chris Duarte,Chris,,DNP - Coach's Decision,,,,,,,,,,,,,,,,,,,,
22200859,1610612754,IND,Indiana,201949,James Johnson,James,,DNP - Coach's Decision,,,,,,,,,,,,,,,,,,,,
22200859,1610612754,IND,Indiana,1630188,Jalen Smith,Jalen,,DNP - Coach's Decision,,,,,,,,,,,,,,,,,,,,
22200857,1610612737,ATL,Atlanta,1629631,De'Andre Hunter,De'Andre,F,,34:35,8.0,17.0,0.471,1.0,5.0,0.2,4.0,4.0,1.0,2.0,5.0,7.0,1.0,0.0,0.0,2.0,3.0,21.0,9.0
22200857,1610612737,ATL,Atlanta,1630180,Saddiq Bey,Saddiq,F,,20:46,4.0,9.0,0.444,3.0,5.0,0.6,1.0,1.0,1.0,1.0,4.0,5.0,0.0,0.0,1.0,2.0,0.0,12.0,0.0
22200857,1610612737,ATL,Atlanta,203991,Clint Capela,Clint,C,,29:15,11.0,17.0,0.647,0.0,0.0,0.0,0.0,0.0,0.0,5.0,2.0,7.0,3.0,1.0,0.0,1.0,2.0,22.0,2.0
22200857,1610612737,ATL,Atlanta,1627749,Dejounte Murray,Dejounte,G,,39:43,8.0,14.0,0.571,1.0,3.0,0.333,3.0,3.0,1.0,0.0,5.0,5.0,4.0,1.0,0.0,0.0,1.0,20.0,-1.0
22200857,1610612737,ATL,Atlanta,1629027,Trae Young,Trae,G,,34:47,7.0,18.0,0.389,2.0,7.0,0.286,9.0,9.0,1.0,1.0,1.0,2.0,14.0,2.0,0.0,5.0,1.0,25.0,-1.0
22200857,1610612737,ATL,Atlanta,203992,Bogdan Bogdanović,Bogdan,,,31:22,4.0,11.0,0.364,3.0,5.0,0.6,0.0,0.0,0.0,1.0,3.0,4.0,2.0,2.0,1.0,1.0,2.0,11.0,-3.0
22200857,1610612737,ATL,Atlanta,1630168,Onyeka Okongwu,Onyeka,,,18:45,5.0,8.0,0.625,0.0,0.0,0.0,2.0,2.0,1.0,5.0,2.0,7.0,1.0,3.0,2.0,0.0,4.0,12.0,-8.0
22200857,1610612737,ATL,Atlanta,1631100,AJ Griffin,AJ,,,17:24,2.0,7.0,0.286,0.0,1.0,0.0,2.0,2.0,1.0,1.0,3.0,4.0,1.0,0.0,0.0,0.0,1.0,6.0,-13.0
22200857,1610612737,ATL,Atlanta,1630552,Jalen Johnson,Jalen,,,13:23,4.0,7.0,0.571,1.0,2.0,0.5,0.0,0.0,0.0,0.0,1.0,1.0,0.0,0.0,0.0,1.0,1.0,9.0,-15.0
22200857,1610612737,ATL,Atlanta,1628981,Bruno Fernando,Bruno,,DNP - Coach's Decision,,,,,,,,,,,,,,,,,,,,
22200857,1610612737,ATL,Atlanta,1628988,Aaron Holiday,Aaron,,DNP - Coach's Decision,,,,,,,,,,,,,,,,,,,,
22200857,1610612737,ATL,Atlanta,1630249,Vít Krejčí,Vít,,DNP - Coach's Decision,,,,,,,,,,,,,,,,,,,,
22200857,1610612737,ATL,Atlanta,1629726,Garrison Mathews,Garrison,,DNP - Coach's Decision,,,,,,,,,,,,,,,,,,,,
22200857,1610612766,CHA,Charlotte,202330,Gordon Hayward,Gordon,F,,33:32,9.0,12.0,0.75,4.0,5.0,0.8,4.0,4.0,1.0,0.0,5.0,5.0,8.0,2.0,0.0,1.0,3.0,26.0,3.0
22200857,1610612766,CHA,Charlotte,1629023,P.J. Washington,P.J.,F,,35:35,9.0,13.0,0.692,4.0,6.0,0.667,0.0,0.0,0.0,0.0,7.0,7.0,5.0,0.0,0.0,2.0,2.0,22.0,3.0
22200857,1610612766,CHA,Charlotte,1631109,Mark Williams,Mark,C,,29:41,5.0,7.0,0.714,0.0,0.0,0.0,5.0,6.0,0.833,1.0,4.0,5.0,0.0,2.0,2.0,1.0,3.0,15.0,4.0
22200857,1610612766,CHA,Charlotte,1626179,Terry Rozier,Terry,G,,33:19,11.0,19.0,0.579,5.0,12.0,0.417,2.0,3.0,0.667,0.0,4.0,4.0,5.0,0.0,2.0,2.0,3.0,29.0,3.0
22200857,1610612766,CHA,Charlotte,1630163,LaMelo Ball,LaMelo,G,,41:02,12.0,19.0,0.632,6.0,10.0,0.6,0.0,0.0,0.0,1.0,5.0,6.0,15.0,0.0,0.0,4.0,0.0,30.0,5.0
22200857,1610612766,CHA,Charlotte,1630208,Nick Richards,Nick,,,17:26,1.0,2.0,0.5,0.0,0.0,0.0,4.0,6.0,0.667,0.0,5.0,5.0,0.0,0.0,0.0,0.0,3.0,6.0,1.0
22200857,1610612766,CHA,Charlotte,1630550,JT Thor,JT,,,6:54,0.0,0.0,0.0,0.0,0.0,0.0,0.0,0.0,0.0,1.0,0.0,1.0,0.0,0.0,0.0,1.0,1.0,0.0,0.0
22200857,1610612766,CHA,Charlotte,1628372,Dennis Smith Jr.,Dennis,,,23:50,5.0,8.0,0.625,0.0,2.0,0.0,2.0,2.0,1.0,0.0,1.0,1.0,2.0,1.0,1.0,4.0,3.0,12.0,5.0
22200857,1610612766,CHA,Charlotte,1631121,Bryce McGowens,Bryce,,,18:41,1.0,4.0,0.25,1.0,2.0,0.5,1.0,2.0,0.5,0.0,1.0,1.0,1.0,0.0,0.0,2.0,1.0,4.0,6.0
22200857,1610612766,CHA,Charlotte,1628998,Cody Martin,Cody,,DND - Injury/Illness,,,,,,,,,,,,,,,,,,,,
22200857,1610612766,CHA,Charlotte,1629004,Svi Mykhailiuk,Svi,,DNP - Coach's Decision,,,,,,,,,,,,,,,,,,,,
22200857,1610612766,CHA,Charlotte,1626162,Kelly Oubre Jr.,Kelly,,DND - Injury/Illness,,,,,,,,,,,,,,,,,,,,
22200860,1610612745,HOU,Houston,1630231,KJ Martin,KJ,F,,31:27,6.0,10.0,0.6,0.0,1.0,0.0,3.0,4.0,0.75,3.0,4.0,7.0,2.0,1.0,0.0,2.0,1.0,15.0,-16.0
22200860,1610612745,HOU,Houston,1631095,Jabari Smith Jr.,Jabari,F,,36:17,3.0,14.0,0.214,1.0,4.0,0.25,3.0,3.0,1.0,6.0,6.0,12.0,2.0,0.0,0.0,5.0,1.0,10.0,-20.0
22200860,1610612745,HOU,Houston,1630578,Alperen Sengun,Alperen,C,,32:57,5.0,9.0,0.556,0.0,1.0,0.0,2.0,2.0,1.0,2.0,6.0,8.0,1.0,2.0,0.0,2.0,3.0,12.0,-5.0
22200860,1610612745,HOU,Houston,1630256,Jae'Sean Tate,Jae'Sean,G,,24:15,2.0,3.0,0.667,0.0,1.0,0.0,2.0,2.0,1.0,0.0,2.0,2.0,1.0,1.0,1.0,2.0,1.0,6.0,-12.0
22200860,1610612745,HOU,Houston,1630224,Jalen Green,Jalen,G,,31:56,6.0,20.0,0.3,2.0,8.0,0.25,15.0,17.0,0.882,0.0,3.0,3.0,4.0,2.0,0.0,2.0,1.0,29.0,-20.0
22200860,1610612745,HOU,Houston,1631102,TyTy Washington Jr.,TyTy,,,20:14,2.0,5.0,0.4,0.0,0.0,0.0,0.0,0.0,0.0,0.0,2.0,2.0,3.0,1.0,0.0,0.0,2.0,4.0,-11.0
22200860,1610612745,HOU,Houston,1631106,Tari Eason,Tari,,,21:14,4.0,9.0,0.444,0.0,2.0,0.0,0.0,0.0,0.0,1.0,1.0,2.0,1.0,1.0,0.0,1.0,4.0,8.0,-10.0
22200860,1610612745,HOU,Houston,1630586,Usman Garuba,Usman,,,8:58,2.0,3.0,0.667,1.0,1.0,1.0,0.0,0.0,0.0,2.0,0.0,2.0,0.0,2.0,0.0,0.0,1.0,5.0,-13.0
22200860,1610612745,HOU,Houston,1630528,Josh Christopher,Josh,,,16:04,1.0,6.0,0.167,0.0,2.0,0.0,0.0,0.0,0.0,0.0,1.0,1.0,2.0,0.0,0.0,2.0,0.0,2.0,1.0
22200860,1610612745,HOU,Houston,1626163,Frank Kaminsky,Frank,,,6:05,0.0,2.0,0.0,0.0,1.0,0.0,0.0,0.0,0.0,0.0,1.0,1.0,1.0,0.0,1.0,0.0,0.0,0.0,-1.0
22200860,1610612745,HOU,Houston,1630620,Darius Days,Darius,,,3:31,2.0,3.0,0.667,2.0,3.0,0.667,0.0,0.0,0.0,0.0,1.0,1.0,0.0,0.0,0.0,0.0,0.0,6.0,4.0
22200860,1610612745,HOU,Houston,1626246,Boban Marjanović,Boban,,,3:31,2.0,2.0,1.0,0.0,0.0,0.0,3.0,3.0,1.0,1.0,0.0,1.0,0.0,0.0,0.0,0.0,1.0,7.0,4.0
22200860,1610612745,HOU,Houston,1631309,Trevor Hudgins,Trevor,,,3:31,0.0,0.0,0.0,0.0,0.0,0.0,0.0,0.0,0.0,0.0,0.0,0.0,0.0,0.0,0.0,1.0,0.0,0.0,4.0
22200860,1610612745,HOU,Houston,1630227,Daishen Nix,Daishen,,DNP - Coach's Decision,,,,,,,,,,,,,,,,,,,,
22200860,1610612755,PHI,Philadelphia,202699,Tobias Harris,Tobias,F,,27:23,5.0,8.0,0.625,1.0,4.0,0.25,0.0,0.0,0.0,1.0,5.0,6.0,0.0,2.0,1.0,0.0,2.0,11.0,20.0
22200860,1610612755,PHI,Philadelphia,200782,P.J. Tucker,P.J.,F,,6:34,0.0,0.0,0.0,0.0,0.0,0.0,0.0,0.0,0.0,0.0,0.0,0.0,0.0,0.0,0.0,1.0,1.0,0.0,0.0
22200860,1610612755,PHI,Philadelphia,203954,Joel Embiid,Joel,C,,30:41,8.0,14.0,0.571,1.0,2.0,0.5,6.0,6.0,1.0,0.0,6.0,6.0,4.0,1.0,0.0,3.0,3.0,23.0,12.0
22200860,1610612755,PHI,Philadelphia,1629001,De'Anthony Melton,De'Anthony,G,,21:08,1.0,3.0,0.333,1.0,2.0,0.5,0.0,0.0,0.0,2.0,2.0,4.0,2.0,2.0,1.0,2.0,3.0,3.0,9.0
22200860,1610612755,PHI,Philadelphia,201935,James Harden,James,G,,31:38,9.0,18.0,0.5,4.0,9.0,0.444,6.0,7.0,0.857,0.0,2.0,2.0,10.0,2.0,2.0,3.0,1.0,28.0,12.0
22200860,1610612755,PHI,Philadelphia,1630178,Tyrese Maxey,Tyrese,,,34:45,10.0,16.0,0.625,4.0,8.0,0.5,2.0,2.0,1.0,1.0,4.0,5.0,6.0,2.0,0.0,1.0,2.0,26.0,28.0
22200860,1610612755,PHI,Philadelphia,1629667,Jalen McDaniels,Jalen,,,27:55,3.0,4.0,0.75,1.0,1.0,1.0,1.0,1.0,1.0,1.0,4.0,5.0,3.0,0.0,0.0,0.0,3.0,8.0,9.0
22200860,1610612755,PHI,Philadelphia,1627777,Georges Niang,Georges,,,17:50,2.0,6.0,0.333,2.0,6.0,0.333,0.0,0.0,0.0,1.0,2.0,3.0,0.0,0.0,0.0,1.0,3.0,6.0,3.0
22200860,1610612755,PHI,Philadelphia,1629003,Shake Milton,Shake,,,18:37,3.0,4.0,0.75,1.0,1.0,1.0,1.0,1.0,1.0,0.0,3.0,3.0,1.0,0.0,0.0,3.0,1.0,8.0,6.0
22200860,1610612755,PHI,Philadelphia,1630194,Paul Reed,Paul,,,17:19,3.0,5.0,0.6,0.0,0.0,0.0,0.0,0.0,0.0,1.0,2.0,3.0,0.0,2.0,3.0,2.0,4.0,6.0,7.0
22200860,1610612755,PHI,Philadelphia,1627863,Danuel House Jr.,Danuel,,,3:31,0.0,2.0,0.0,0.0,1.0,0.0,0.0,0.0,0.0,0.0,1.0,1.0,0.0,0.0,0.0,0.0,1.0,0.0,-4.0
22200860,1610612755,PHI,Philadelphia,1626149,Montrezl Harrell,Montrezl,,,2:39,2.0,2.0,1.0,0.0,0.0,0.0,0.0,0.0,0.0,0.0,0.0,0.0,0.0,0.0,0.0,0.0,0.0,4.0,-7.0
22200865,1610612750,MIN,Minnesota,1630183,Jaden McDaniels,Jaden,F,,31:21,7.0,8.0,0.875,2.0,3.0,0.667,3.0,7.0,0.429,2.0,2.0,4.0,2.0,2.0,1.0,1.0,4.0,19.0,3.0
22200865,1610612750,MIN,Minnesota,1627752,Taurean Prince,Taurean,F,,22:28,3.0,5.0,0.6,1.0,3.0,0.333,0.0,0.0,0.0,0.0,1.0,1.0,5.0,1.0,0.0,0.0,3.0,7.0,8.0
22200865,1610612750,MIN,Minnesota,203497,Rudy Gobert,Rudy,C,,29:43,9.0,9.0,1.0,0.0,0.0,0.0,3.0,5.0,0.6,3.0,11.0,14.0,1.0,0.0,0.0,3.0,3.0,21.0,17.0
22200865,1610612750,MIN,Minnesota,1630162,Anthony Edwards,Anthony,G,,35:40,12.0,22.0,0.545,1.0,4.0,0.25,7.0,7.0,1.0,1.0,4.0,5.0,1.0,0.0,0.0,3.0,4.0,32.0,9.0
22200865,1610612750,MIN,Minnesota,201144,Mike Conley,Mike,G,,32:28,4.0,8.0,0.5,3.0,6.0,0.5,1.0,2.0,0.5,1.0,2.0,3.0,9.0,1.0,0.0,2.0,4.0,12.0,6.0
22200865,1610612750,MIN,Minnesota,203937,Kyle Anderson,Kyle,,,24:11,4.0,9.0,0.444,0.0,2.0,0.0,4.0,4.0,1.0,1.0,3.0,4.0,5.0,2.0,1.0,0.0,0.0,12.0,-15.0
22200865,1610612750,MIN,Minnesota,1629162,Jordan McLaughlin,Jordan,,,15:32,1.0,2.0,0.5,0.0,1.0,0.0,0.0,0.0,0.0,2.0,0.0,2.0,3.0,1.0,0.0,0.0,0.0,2.0,-3.0
22200865,1610612750,MIN,Minnesota,203085,Austin Rivers,Austin,,,20:41,1.0,4.0,0.25,0.0,3.0,0.0,0.0,0.0,0.0,0.0,1.0,1.0,0.0,1.0,0.0,0.0,2.0,2.0,2.0
22200865,1610612750,MIN,Minnesota,1629675,Naz Reid,Naz,,,12:28,4.0,9.0,0.444,1.0,5.0,0.2,1.0,1.0,1.0,0.0,2.0,2.0,2.0,0.0,0.0,1.0,3.0,10.0,-7.0
22200865,1610612750,MIN,Minnesota,1629669,Jaylen Nowell,Jaylen,,,15:29,3.0,7.0,0.429,1.0,2.0,0.5,0.0,0.0,0.0,0.0,3.0,3.0,0.0,0.0,0.0,2.0,3.0,7.0,-5.0
22200865,1610612750,MIN,Minnesota,1629638,Nickeil Alexander-Walker,Nickeil,,DNP - Coach's Decision,,,,,,,,,,,,,,,,,,,,
22200865,1610612750,MIN,Minnesota,1630233,Nathan Knight,Nathan,,DNP - Coach's Decision,,,,,,,,,,,,,,,,,,,,
22200865,1610612750,MIN,Minnesota,1631169,Josh Minott,Josh,,DNP - Coach's Decision,,,,,,,,,,,,,,,,,,,,
22200865,1610612750,MIN,Minnesota,1631111,Wendell Moore Jr.,Wendell,,DNP - Coach's Decision,,,,,,,,,,,,,,,,,,,,
22200865,1610612742,DAL,Dallas,1630182,Josh Green,Josh,F,,37:55,3.0,11.0,0.273,0.0,5.0,0.0,0.0,2.0,0.0,3.0,1.0,4.0,4.0,1.0,0.0,2.0,4.0,6.0,-1.0
22200865,1610612742,DAL,Dallas,203493,Reggie Bullock Jr.,Reggie,F,,38:22,2.0,5.0,0.4,2.0,5.0,0.4,0.0,0.0,0.0,1.0,3.0,4.0,0.0,0.0,0.0,0.0,1.0,6.0,-7.0
22200865,1610612742,DAL,Dallas,203939,Dwight Powell,Dwight,C,,14:28,2.0,2.0,1.0,0.0,0.0,0.0,1.0,2.0,0.5,0.0,1.0,1.0,1.0,0.0,0.0,0.0,4.0,5.0,-15.0
22200865,1610612742,DAL,Dallas,202681,Kyrie Irving,Kyrie,G,,39:50,15.0,23.0,0.652,4.0,9.0,0.444,2.0,2.0,1.0,2.0,3.0,5.0,6.0,2.0,1.0,2.0,2.0,36.0,1.0
22200865,1610612742,DAL,Dallas,1629029,Luka Dončić,Luka,G,,36:03,10.0,20.0,0.5,2.0,7.0,0.286,11.0,15.0,0.733,1.0,11.0,12.0,6.0,1.0,0.0,4.0,3.0,33.0,-12.0
22200865,1610612742,DAL,Dallas,201580,JaVale McGee,JaVale,,,1:51,0.0,0.0,0.0,0.0,0.0,0.0,0.0,0.0,0.0,0.0,1.0,1.0,0.0,0.0,0.0,0.0,1.0,0.0,-5.0
22200865,1610612742,DAL,Dallas,1630702,Jaden Hardy,Jaden,,,16:16,1.0,2.0,0.5,0.0,0.0,0.0,0.0,0.0,0.0,0.0,0.0,0.0,0.0,0.0,0.0,1.0,0.0,2.0,6.0
22200865,1610612742,DAL,Dallas,1629033,Theo Pinson,Theo,,,19:18,2.0,6.0,0.333,2.0,5.0,0.4,0.0,0.0,0.0,0.0,1.0,1.0,1.0,0.0,0.0,0.0,5.0,6.0,12.0
22200865,1610612742,DAL,Dallas,1626174,Christian Wood,Christian,,,22:33,7.0,12.0,0.583,2.0,6.0,0.333,8.0,8.0,1.0,2.0,3.0,5.0,2.0,1.0,0.0,0.0,0.0,24.0,0.0
22200865,1610612742,DAL,Dallas,1628373,Frank Ntilikina,Frank,,,13:24,1.0,3.0,0.333,1.0,2.0,0.5,0.0,0.0,0.0,0.0,0.0,0.0,1.0,0.0,0.0,0.0,1.0,3.0,6.0
22200865,1610612742,DAL,Dallas,1630639,A.J. Lawson,A.J.,,DNP - Coach's Decision,,,,,,,,,,,,,,,,,,,,
22200865,1610612742,DAL,Dallas,202693,Markieff Morris,Markieff,,DNP - Coach's Decision,,,,,,,,,,,,,,,,,,,,
22200865,1610612742,DAL,Dallas,1629735,Chris Silva,Chris,,DNP - Coach's Decision,,,,,,,,,,,,,,,,,,,,
22200865,1610612742,DAL,Dallas,1630593,McKinley Wright IV,McKinley,,DNP - Coach's Decision,,,,,,,,,,,,,,,,,,,,
22200864,1610612740,NOP,New Orleans,1630530,Trey Murphy III,Trey,F,,31:30,3.0,11.0,0.273,3.0,8.0,0.375,3.0,4.0,0.75,0.0,3.0,3.0,1.0,1.0,3.0,3.0,2.0,12.0,13.0
22200864,1610612740,NOP,New Orleans,1627742,Brandon Ingram,Brandon,F,,32:10,14.0,24.0,0.583,3.0,5.0,0.6,3.0,3.0,1.0,1.0,3.0,4.0,1.0,0.0,0.0,6.0,4.0,34.0,-11.0
22200864,1610612740,NOP,New Orleans,202685,Jonas Valančiūnas,Jonas,C,,24:46,5.0,6.0,0.833,0.0,1.0,0.0,4.0,5.0,0.8,1.0,7.0,8.0,2.0,0.0,0.0,3.0,4.0,14.0,16.0
22200864,1610612740,NOP,New Orleans,1630529,Herbert Jones,Herbert,G,,23:42,2.0,4.0,0.5,0.0,1.0,0.0,0.0,0.0,0.0,1.0,4.0,5.0,2.0,2.0,0.0,0.0,3.0,4.0,-5.0
22200864,1610612740,NOP,New Orleans,1630631,Jose Alvarado,Jose,G,,28:58,6.0,11.0,0.545,2.0,6.0,0.333,0.0,0.0,0.0,0.0,1.0,1.0,2.0,1.0,1.0,3.0,4.0,14.0,-4.0
22200864,1610612740,NOP,New Orleans,1626196,Josh Richardson,Josh,,,34:07,4.0,8.0,0.5,0.0,4.0,0.0,2.0,2.0,1.0,0.0,2.0,2.0,3.0,5.0,2.0,0.0,3.0,10.0,4.0
22200864,1610612740,NOP,New Orleans,1626204,Larry Nance Jr.,Larry,,,21:11,2.0,3.0,0.667,0.0,1.0,0.0,0.0,0.0,0.0,1.0,3.0,4.0,3.0,0.0,1.0,0.0,1.0,4.0,-13.0
22200864,1610612740,NOP,New Orleans,1630230,Naji Marshall,Naji,,,22:49,1.0,2.0,0.5,0.0,1.0,0.0,2.0,2.0,1.0,0.0,4.0,4.0,3.0,1.0,1.0,1.0,0.0,4.0,8.0
22200864,1610612740,NOP,New Orleans,1630184,Kira Lewis Jr.,Kira,,,18:58,2.0,5.0,0.4,1.0,3.0,0.333,2.0,2.0,1.0,0.0,2.0,2.0,2.0,2.0,0.0,1.0,0.0,7.0,7.0
22200864,1610612740,NOP,New Orleans,1629637,Jaxson Hayes,Jaxson,,,1:48,0.0,0.0,0.0,0.0,0.0,0.0,0.0,0.0,0.0,0.0,0.0,0.0,0.0,1.0,0.0,1.0,0.0,0.0,0.0
22200864,1610612740,NOP,New Orleans,1626195,Willy Hernangomez,Willy,,DNP - Coach's Decision,,,,,,,,,,,,,,,,,,,,
22200864,1610612740,NOP,New Orleans,1631220,Dereon Seabron,Dereon,,DNP - Coach's Decision,,,,,,,,,,,,,,,,,,,,
22200864,1610612740,NOP,New Orleans,202066,Garrett Temple,Garrett,,DNP - Coach's Decision,,,,,,,,,,,,,,,,,,,,
22200864,1610612760,OKC,Oklahoma City,1629652,Luguentz Dort,Luguentz,F,,24:07,1.0,7.0,0.143,0.0,4.0,0.0,4.0,6.0,0.667,0.0,3.0,3.0,1.0,1.0,0.0,0.0,3.0,6.0,13.0
22200864,1610612760,OKC,Oklahoma City,1631114,Jalen Williams,Jalen,F,,39:10,9.0,15.0,0.6,2.0,3.0,0.667,2.0,2.0,1.0,2.0,5.0,7.0,4.0,2.0,1.0,1.0,1.0,22.0,10.0
22200864,1610612760,OKC,Oklahoma City,1631119,Jaylin Williams,Jaylin,C,,15:56,0.0,3.0,0.0,0.0,3.0,0.0,0.0,0.0,0.0,0.0,1.0,1.0,2.0,0.0,1.0,0.0,2.0,0.0,-7.0
22200864,1610612760,OKC,Oklahoma City,1630581,Josh Giddey,Josh,G,,32:31,8.0,16.0,0.5,0.0,2.0,0.0,1.0,1.0,1.0,1.0,6.0,7.0,4.0,1.0,0.0,4.0,2.0,17.0,-8.0
22200864,1610612760,OKC,Oklahoma City,1628983,Shai Gilgeous-Alexander,Shai,G,,38:58,8.0,21.0,0.381,0.0,2.0,0.0,8.0,9.0,0.889,3.0,7.0,10.0,5.0,1.0,0.0,6.0,4.0,24.0,9.0
22200864,1610612760,OKC,Oklahoma City,1630198,Isaiah Joe,Isaiah,,,22:17,6.0,13.0,0.462,4.0,11.0,0.364,0.0,0.0,0.0,1.0,2.0,3.0,0.0,0.0,0.0,1.0,1.0,16.0,-16.0
22200864,1610612760,OKC,Oklahoma City,1630526,Jeremiah Robinson-Earl,Jeremiah,,,18:10,0.0,5.0,0.0,0.0,4.0,0.0,0.0,0.0,0.0,1.0,2.0,3.0,0.0,2.0,0.0,0.0,2.0,0.0,-11.0
22200864,1610612760,OKC,Oklahoma City,1629026,Kenrich Williams,Kenrich,,,30:51,4.0,7.0,0.571,1.0,1.0,1.0,0.0,0.0,0.0,5.0,3.0,8.0,3.0,1.0,1.0,2.0,2.0,9.0,1.0
22200864,1610612760,OKC,Oklahoma City,1630322,Lindy Waters III,Lindy,,,5:41,1.0,2.0,0.5,1.0,2.0,0.5,0.0,0.0,0.0,0.0,0.0,0.0,0.0,0.0,0.0,1.0,0.0,3.0,-5.0
22200864,1610612760,OKC,Oklahoma City,1630598,Aaron Wiggins,Aaron,,,12:18,1.0,1.0,1.0,1.0,1.0,1.0,0.0,0.0,0.0,1.0,0.0,1.0,1.0,0.0,0.0,1.0,0.0,3.0,-1.0
22200864,1610612760,OKC,Oklahoma City,1630544,Tre Mann,Tre,,DNP - Coach's Decision,,,,,,,,,,,,,,,,,,,,
22200864,1610612760,OKC,Oklahoma City,203967,Dario Šarić,Dario,,DNP - Coach's Decision,,,,,,,,,,,,,,,,,,,,
22200867,1610612747,LAL,Los Angeles,1628972,Troy Brown Jr.,Troy,F,,20:19,5.0,9.0,0.556,1.0,4.0,0.25,2.0,2.0,1.0,0.0,1.0,1.0,2.0,1.0,0.0,0.0,0.0,13.0,-2.0
22200867,1610612747,LAL,Los Angeles,1629060,Rui Hachimura,Rui,F,,21:51,3.0,8.0,0.375,0.0,1.0,0.0,2.0,2.0,1.0,4.0,3.0,7.0,1.0,0.0,1.0,2.0,0.0,8.0,-1.0
22200867,1610612747,LAL,Los Angeles,203076,Anthony Davis,Anthony,C,,31:04,8.0,18.0,0.444,0.0,2.0,0.0,3.0,3.0,1.0,3.0,17.0,20.0,1.0,0.0,3.0,2.0,3.0,19.0,-10.0
22200867,1610612747,LAL,Los Angeles,1626156,D'Angelo Russell,D'Angelo,G,,27:53,7.0,16.0,0.438,2.0,8.0,0.25,0.0,0.0,0.0,1.0,2.0,3.0,4.0,0.0,0.0,1.0,1.0,16.0,-7.0
22200867,1610612747,LAL,Los Angeles,203471,Dennis Schröder,Dennis,G,,29:40,1.0,7.0,0.143,0.0,2.0,0.0,0.0,0.0,0.0,0.0,2.0,2.0,6.0,0.0,0.0,2.0,2.0,2.0,-6.0
22200867,1610612747,LAL,Los Angeles,1630559,Austin Reaves,Austin,,,25:18,3.0,5.0,0.6,1.0,3.0,0.333,3.0,4.0,0.75,0.0,2.0,2.0,2.0,0.0,0.0,1.0,0.0,10.0,-25.0
22200867,1610612747,LAL,Los Angeles,1629020,Jarred Vanderbilt,Jarred,,,22:05,2.0,4.0,0.5,0.0,0.0,0.0,2.0,2.0,1.0,1.0,5.0,6.0,3.0,2.0,0.0,1.0,4.0,6.0,-29.0
22200867,1610612747,LAL,Los Angeles,1627736,Malik Beasley,Malik,,,21:14,8.0,16.0,0.5,6.0,12.0,0.5,0.0,0.0,0.0,0.0,2.0,2.0,1.0,2.0,0.0,0.0,2.0,22.0,-8.0
22200867,1610612747,LAL,Los Angeles,1629022,Lonnie Walker IV,Lonnie,,,14:41,2.0,6.0,0.333,2.0,4.0,0.5,2.0,2.0,1.0,0.0,3.0,3.0,0.0,0.0,0.0,1.0,0.0,8.0,1.0
22200867,1610612747,LAL,Los Angeles,1629117,Wenyen Gabriel,Wenyen,,,12:31,2.0,4.0,0.5,0.0,0.0,0.0,3.0,4.0,0.75,5.0,2.0,7.0,2.0,0.0,0.0,1.0,3.0,7.0,-1.0
22200867,1610612747,LAL,Los Angeles,1628432,Davon Reed,Davon,,,6:42,1.0,1.0,1.0,0.0,0.0,0.0,0.0,0.0,0.0,0.0,1.0,1.0,1.0,0.0,0.0,0.0,0.0,2.0,14.0
22200867,1610612747,LAL,Los Angeles,1631108,Max Christie,Max,,,6:42,0.0,1.0,0.0,0.0,1.0,0.0,2.0,2.0,1.0,0.0,2.0,2.0,1.0,1.0,1.0,2.0,1.0,2.0,14.0
22200867,1610612747,LAL,Los Angeles,1628964,Mo Bamba,Mo,,NWT - League Suspension,,,,,,,,,,,,,,,,,,,,
22200867,1610612757,POR,Portland,1629680,Matisse Thybulle,Matisse,F,,26:29,5.0,9.0,0.556,4.0,6.0,0.667,0.0,0.0,0.0,1.0,5.0,6.0,2.0,1.0,3.0,1.0,2.0,14.0,11.0
22200867,1610612757,POR,Portland,1629629,Cam Reddish,Cam,F,,18:48,2.0,8.0,0.25,1.0,5.0,0.2,0.0,0.0,0.0,1.0,2.0,3.0,2.0,2.0,1.0,1.0,1.0,5.0,1.0
22200867,1610612757,POR,Portland,1629234,Drew Eubanks,Drew,C,,23:47,3.0,6.0,0.5,0.0,0.0,0.0,0.0,0.0,0.0,3.0,6.0,9.0,1.0,0.0,1.0,0.0,3.0,6.0,5.0
22200867,1610612757,POR,Portland,1629014,Anfernee Simons,Anfernee,G,,27:50,6.0,15.0,0.4,2.0,5.0,0.4,0.0,0.0,0.0,0.0,3.0,3.0,6.0,0.0,0.0,0.0,0.0,14.0,11.0
22200867,1610612757,POR,Portland,203081,Damian Lillard,Damian,G,,33:34,13.0,23.0,0.565,8.0,14.0,0.571,6.0,7.0,0.857,0.0,6.0,6.0,5.0,0.0,1.0,3.0,1.0,40.0,11.0
22200867,1610612757,POR,Portland,1629642,Nassir Little,Nassir,,,27:48,4.0,7.0,0.571,3.0,5.0,0.6,0.0,0.0,0.0,0.0,1.0,1.0,1.0,0.0,2.0,0.0,1.0,11.0,29.0
22200867,1610612757,POR,Portland,1631101,Shaedon Sharpe,Shaedon,,,25:34,6.0,10.0,0.6,3.0,5.0,0.6,0.0,0.0,0.0,0.0,5.0,5.0,4.0,3.0,0.0,0.0,2.0,15.0,19.0
22200867,1610612757,POR,Portland,1630570,Trendon Watford,Trendon,,,17:31,2.0,5.0,0.4,2.0,2.0,1.0,2.0,2.0,1.0,1.0,3.0,4.0,3.0,0.0,0.0,1.0,1.0,8.0,21.0
22200867,1610612757,POR,Portland,1631133,Jabari Walker,Jabari,,,16:33,3.0,7.0,0.429,0.0,2.0,0.0,2.0,2.0,1.0,1.0,2.0,3.0,2.0,1.0,0.0,0.0,1.0,8.0,-1.0
22200867,1610612757,POR,Portland,1627853,Ryan Arcidiacono,Ryan,,,6:42,0.0,1.0,0.0,0.0,1.0,0.0,0.0,0.0,0.0,0.0,0.0,0.0,0.0,0.0,0.0,1.0,0.0,0.0,-14.0
22200867,1610612757,POR,Portland,1630553,Keon Johnson,Keon,,,6:42,1.0,4.0,0.25,0.0,1.0,0.0,0.0,0.0,0.0,0.0,0.0,0.0,1.0,0.0,0.0,0.0,2.0,2.0,-14.0
22200867,1610612757,POR,Portland,1628995,Kevin Knox II,Kevin,,,6:42,1.0,2.0,0.5,0.0,1.0,0.0,2.0,2.0,1.0,1.0,1.0,2.0,0.0,0.0,0.0,0.0,1.0,4.0,-14.0
22200867,1610612757,POR,Portland,1631219,John Butler Jr.,John,,,2:00,0.0,0.0,0.0,0.0,0.0,0.0,0.0,0.0,0.0,0.0,0.0,0.0,0.0,0.0,1.0,0.0,0.0,0.0,-5.0
22200850,1610612759,SAS,San Antonio,1629640,Keldon Johnson,Keldon,F,,29:03,9.0,14.0,0.643,0.0,2.0,0.0,7.0,9.0,0.778,0.0,2.0,2.0,2.0,1.0,0.0,2.0,3.0,25.0,-23.0
22200850,1610612759,SAS,San Antonio,1631110,Jeremy Sochan,Jeremy,F,,21:20,7.0,15.0,0.467,2.0,7.0,0.286,2.0,2.0,1.0,1.0,8.0,9.0,5.0,1.0,1.0,1.0,0.0,18.0,-5.0
22200850,1610612759,SAS,San Antonio,1628380,Zach Collins,Zach,C,,23:21,4.0,10.0,0.4,1.0,3.0,0.333,0.0,0.0,0.0,2.0,3.0,5.0,4.0,1.0,1.0,5.0,3.0,9.0,-7.0
22200850,1610612759,SAS,San Antonio,1631103,Malaki Branham,Malaki,G,,28:02,4.0,15.0,0.267,2.0,8.0,0.25,0.0,0.0,0.0,2.0,4.0,6.0,1.0,0.0,0.0,0.0,2.0,10.0,-11.0
22200850,1610612759,SAS,San Antonio,1630200,Tre Jones,Tre,G,,24:48,3.0,8.0,0.375,0.0,1.0,0.0,2.0,2.0,1.0,3.0,4.0,7.0,3.0,2.0,0.0,2.0,0.0,8.0,-17.0
22200850,1610612759,SAS,San Antonio,1631230,Dominick Barlow,Dominick,,,18:55,3.0,5.0,0.6,0.0,0.0,0.0,2.0,2.0,1.0,2.0,1.0,3.0,1.0,0.0,0.0,3.0,2.0,8.0,-21.0
22200850,1610612759,SAS,San Antonio,1629676,Isaiah Roby,Isaiah,,,20:11,2.0,7.0,0.286,0.0,2.0,0.0,0.0,0.0,0.0,1.0,5.0,6.0,1.0,1.0,1.0,3.0,5.0,4.0,-7.0
22200850,1610612759,SAS,San Antonio,1628984,Devonte' Graham,Devonte',,,23:43,3.0,8.0,0.375,3.0,7.0,0.429,0.0,0.0,0.0,0.0,2.0,2.0,4.0,2.0,2.0,1.0,0.0,9.0,-12.0
22200850,1610612759,SAS,San Antonio,1626169,Stanley Johnson,Stanley,,,15:28,3.0,3.0,1.0,1.0,1.0,1.0,0.0,0.0,0.0,1.0,3.0,4.0,0.0,0.0,0.0,1.0,0.0,7.0,1.0
22200850,1610612759,SAS,San Antonio,1628966,Keita Bates-Diop,Keita,,,19:32,1.0,4.0,0.25,1.0,2.0,0.5,2.0,2.0,1.0,1.0,1.0,2.0,3.0,0.0,0.0,1.0,1.0,5.0,1.0
22200850,1610612759,SAS,San Antonio,203476,Gorgui Dieng,Gorgui,,,9:25,1.0,3.0,0.333,1.0,3.0,0.333,0.0,0.0,0.0,1.0,1.0,2.0,0.0,1.0,0.0,0.0,0.0,3.0,5.0
22200850,1610612759,SAS,San Antonio,1631104,Blake Wesley,Blake,,,6:12,0.0,2.0,0.0,0.0,1.0,0.0,0.0,0.0,0.0,0.0,1.0,1.0,1.0,0.0,0.0,0.0,1.0,0.0,1.0
22200850,1610612737,ATL,Atlanta,1629631,De'Andre Hunter,De'Andre,F,,32:51,8.0,13.0,0.615,2.0,5.0,0.4,6.0,9.0,0.667,1.0,4.0,5.0,1.0,3.0,0.0,1.0,2.0,24.0,21.0
22200850,1610612737,ATL,Atlanta,1628381,John Collins,John,F,,31:07,6.0,14.0,0.429,1.0,4.0,0.25,4.0,4.0,1.0,0.0,3.0,3.0,2.0,2.0,2.0,0.0,4.0,17.0,26.0
22200850,1610612737,ATL,Atlanta,203991,Clint Capela,Clint,C,,29:03,7.0,12.0,0.583,0.0,0.0,0.0,0.0,0.0,0.0,6.0,6.0,12.0,1.0,0.0,3.0,0.0,1.0,14.0,27.0
22200850,1610612737,ATL,Atlanta,1627749,Dejounte Murray,Dejounte,G,,33:06,8.0,18.0,0.444,2.0,5.0,0.4,0.0,0.0,0.0,1.0,6.0,7.0,3.0,1.0,0.0,1.0,1.0,18.0,12.0
22200850,1610612737,ATL,Atlanta,1629027,Trae Young,Trae,G,,32:37,9.0,19.0,0.474,2.0,5.0,0.4,4.0,4.0,1.0,1.0,3.0,4.0,17.0,1.0,1.0,5.0,0.0,24.0,24.0
22200850,1610612737,ATL,Atlanta,203992,Bogdan Bogdanović,Bogdan,,,26:51,5.0,9.0,0.556,3.0,3.0,1.0,0.0,0.0,0.0,1.0,2.0,3.0,2.0,0.0,0.0,0.0,0.0,13.0,0.0
22200850,1610612737,ATL,Atlanta,1630168,Onyeka Okongwu,Onyeka,,,18:57,3.0,6.0,0.5,0.0,0.0,0.0,0.0,0.0,0.0,0.0,3.0,3.0,2.0,1.0,0.0,1.0,0.0,6.0,-8.0
22200850,1610612737,ATL,Atlanta,1631100,AJ Griffin,AJ,,,16:53,1.0,7.0,0.143,0.0,3.0,0.0,0.0,0.0,0.0,0.0,3.0,3.0,0.0,0.0,0.0,1.0,2.0,2.0,-7.0
22200850,1610612737,ATL,Atlanta,1630552,Jalen Johnson,Jalen,,,15:09,2.0,4.0,0.5,0.0,1.0,0.0,1.0,2.0,0.5,3.0,3.0,6.0,1.0,1.0,0.0,1.0,0.0,5.0,-2.0
22200850,1610612737,ATL,Atlanta,1628988,Aaron Holiday,Aaron,,,1:43,1.0,1.0,1.0,0.0,0.0,0.0,0.0,0.0,0.0,1.0,1.0,2.0,0.0,0.0,0.0,0.0,0.0,2.0,1.0
22200850,1610612737,ATL,Atlanta,1631213,Tyrese Martin,Tyrese,,,1:43,0.0,0.0,0.0,0.0,0.0,0.0,0.0,0.0,0.0,0.0,0.0,0.0,0.0,0.0,0.0,0.0,0.0,0.0,1.0
22200850,1610612737,ATL,Atlanta,1628981,Bruno Fernando,Bruno,,DND - Coach's Decision,,,,,,,,,,,,,,,,,,,,
22200850,1610612737,ATL,Atlanta,1629726,Garrison Mathews,Garrison,,DND - Coach's Decision,,,,,,,,,,,,,,,,,,,,
22200854,1610612742,DAL,Dallas,203501,Tim Hardaway Jr.,Tim,F,,15:47,2.0,5.0,0.4,2.0,4.0,0.5,0.0,0.0,0.0,0.0,7.0,7.0,2.0,0.0,0.0,0.0,0.0,6.0,10.0
22200854,1610612742,DAL,Dallas,1630182,Josh Green,Josh,F,,40:23,8.0,12.0,0.667,5.0,8.0,0.625,2.0,3.0,0.667,0.0,5.0,5.0,1.0,1.0,0.0,2.0,4.0,23.0,-7.0
22200854,1610612742,DAL,Dallas,203939,Dwight Powell,Dwight,C,,24:36,2.0,3.0,0.667,0.0,0.0,0.0,3.0,4.0,0.75,1.0,1.0,2.0,1.0,0.0,1.0,2.0,4.0,7.0,9.0
22200854,1610612742,DAL,Dallas,202681,Kyrie Irving,Kyrie,G,,41:52,11.0,21.0,0.524,4.0,10.0,0.4,2.0,2.0,1.0,1.0,6.0,7.0,7.0,1.0,1.0,1.0,5.0,28.0,7.0
22200854,1610612742,DAL,Dallas,1629029,Luka Dončić,Luka,G,,41:00,11.0,20.0,0.55,2.0,9.0,0.222,3.0,5.0,0.6,1.0,8.0,9.0,5.0,0.0,0.0,6.0,0.0,27.0,2.0
22200854,1610612742,DAL,Dallas,203493,Reggie Bullock Jr.,Reggie,,,40:08,2.0,7.0,0.286,2.0,7.0,0.286,2.0,2.0,1.0,0.0,3.0,3.0,3.0,2.0,0.0,0.0,2.0,8.0,-2.0
22200854,1610612742,DAL,Dallas,201580,JaVale McGee,JaVale,,,10:46,3.0,6.0,0.5,0.0,0.0,0.0,2.0,2.0,1.0,3.0,0.0,3.0,0.0,0.0,0.0,2.0,1.0,8.0,-3.0
22200854,1610612742,DAL,Dallas,1629033,Theo Pinson,Theo,,,10:10,1.0,4.0,0.25,1.0,4.0,0.25,0.0,0.0,0.0,0.0,0.0,0.0,2.0,0.0,1.0,1.0,1.0,3.0,-17.0
22200854,1610612742,DAL,Dallas,1630702,Jaden Hardy,Jaden,,,16:39,1.0,3.0,0.333,1.0,3.0,0.333,0.0,0.0,0.0,0.0,3.0,3.0,4.0,0.0,0.0,1.0,0.0,3.0,-15.0
22200854,1610612742,DAL,Dallas,1626174,Christian Wood,Christian,,,17:38,6.0,10.0,0.6,3.0,6.0,0.5,0.0,1.0,0.0,1.0,2.0,3.0,2.0,0.0,1.0,0.0,1.0,15.0,-9.0
22200854,1610612742,DAL,Dallas,1628373,Frank Ntilikina,Frank,,,6:02,0.0,0.0,0.0,0.0,0.0,0.0,0.0,0.0,0.0,0.0,1.0,1.0,0.0,0.0,0.0,0.0,1.0,0.0,0.0
22200854,1610612742,DAL,Dallas,202693,Markieff Morris,Markieff,,DNP - Coach's Decision,,,,,,,,,,,,,,,,,,,,
22200854,1610612742,DAL,Dallas,1629735,Chris Silva,Chris,,DNP - Coach's Decision,,,,,,,,,,,,,,,,,,,,
22200854,1610612742,DAL,Dallas,1630593,McKinley Wright IV,McKinley,,DNP - Coach's Decision,,,,,,,,,,,,,,,,,,,,
22200854,1610612758,SAC,Sacramento,203084,Harrison Barnes,Harrison,F,,37:23,5.0,16.0,0.313,1.0,5.0,0.2,2.0,2.0,1.0,1.0,2.0,3.0,0.0,1.0,0.0,0.0,1.0,13.0,-14.0
22200854,1610612758,SAC,Sacramento,1631099,Keegan Murray,Keegan,F,,28:20,1.0,5.0,0.2,1.0,5.0,0.2,2.0,2.0,1.0,1.0,5.0,6.0,3.0,1.0,0.0,0.0,0.0,5.0,-6.0
22200854,1610612758,SAC,Sacramento,1627734,Domantas Sabonis,Domantas,C,,41:11,10.0,12.0,0.833,0.0,0.0,0.0,2.0,2.0,1.0,4.0,10.0,14.0,2.0,1.0,0.0,1.0,6.0,22.0,1.0
22200854,1610612758,SAC,Sacramento,1628989,Kevin Huerter,Kevin,G,,39:06,6.0,14.0,0.429,3.0,7.0,0.429,0.0,0.0,0.0,1.0,7.0,8.0,5.0,2.0,0.0,0.0,4.0,15.0,10.0
22200854,1610612758,SAC,Sacramento,1628368,De'Aaron Fox,De'Aaron,G,,41:30,12.0,23.0,0.522,0.0,4.0,0.0,12.0,14.0,0.857,1.0,3.0,4.0,5.0,2.0,0.0,4.0,0.0,36.0,4.0
22200854,1610612758,SAC,Sacramento,1630558,Davion Mitchell,Davion,,,11:48,1.0,5.0,0.2,0.0,2.0,0.0,2.0,2.0,1.0,0.0,0.0,0.0,0.0,0.0,0.0,0.0,0.0,4.0,1.0
22200854,1610612758,SAC,Sacramento,1629056,Terence Davis,Terence,,,31:59,10.0,17.0,0.588,2.0,7.0,0.286,0.0,0.0,0.0,2.0,4.0,6.0,3.0,2.0,0.0,0.0,4.0,22.0,12.0
22200854,1610612758,SAC,Sacramento,1626168,Trey Lyles,Trey,,,25:23,5.0,7.0,0.714,1.0,2.0,0.5,3.0,3.0,1.0,1.0,5.0,6.0,3.0,0.0,0.0,2.0,1.0,14.0,14.0
22200854,1610612758,SAC,Sacramento,1629002,Chimezie Metu,Chimezie,,,8:21,1.0,1.0,1.0,0.0,0.0,0.0,0.0,0.0,0.0,0.0,3.0,3.0,1.0,0.0,0.0,0.0,1.0,2.0,3.0
22200854,1610612758,SAC,Sacramento,203521,Matthew Dellavedova,Matthew,,DNP - Coach's Decision,,,,,,,,,,,,,,,,,,,,
22200854,1610612758,SAC,Sacramento,1630556,Kessler Edwards,Kessler,,DNP - Coach's Decision,,,,,,,,,,,,,,,,,,,,
22200854,1610612758,SAC,Sacramento,1631165,Keon Ellis,Keon,,DNP - Coach's Decision,,,,,,,,,,,,,,,,,,,,
22200854,1610612758,SAC,Sacramento,1626158,Richaun Holmes,Richaun,,DNP - Coach's Decision,,,,,,,,,,,,,,,,,,,,
22200854,1610612758,SAC,Sacramento,203458,Alex Len,Alex,,DNP - Coach's Decision,,,,,,,,,,,,,,,,,,,,
22200846,1610612755,PHI,Philadelphia,202699,Tobias Harris,Tobias,F,,28:37,1.0,9.0,0.111,1.0,3.0,0.333,0.0,0.0,0.0,0.0,5.0,5.0,2.0,1.0,1.0,1.0,0.0,3.0,2.0
22200846,1610612755,PHI,Philadelphia,200782,P.J. Tucker,P.J.,F,,26:52,1.0,2.0,0.5,0.0,1.0,0.0,0.0,0.0,0.0,2.0,1.0,3.0,0.0,0.0,0.0,1.0,1.0,2.0,-3.0
22200846,1610612755,PHI,Philadelphia,203954,Joel Embiid,Joel,C,,37:22,12.0,18.0,0.667,1.0,2.0,0.5,12.0,13.0,0.923,2.0,11.0,13.0,2.0,2.0,0.0,3.0,3.0,37.0,5.0
22200846,1610612755,PHI,Philadelphia,1629001,De'Anthony Melton,De'Anthony,G,,14:20,0.0,3.0,0.0,0.0,1.0,0.0,0.0,0.0,0.0,1.0,0.0,1.0,0.0,0.0,0.0,0.0,1.0,0.0,-12.0
22200846,1610612755,PHI,Philadelphia,201935,James Harden,James,G,,36:43,9.0,20.0,0.45,2.0,6.0,0.333,9.0,9.0,1.0,2.0,4.0,6.0,6.0,1.0,1.0,3.0,2.0,29.0,-1.0
22200846,1610612755,PHI,Philadelphia,1630178,Tyrese Maxey,Tyrese,,,33:40,4.0,11.0,0.364,0.0,4.0,0.0,4.0,4.0,1.0,0.0,4.0,4.0,3.0,0.0,0.0,2.0,2.0,12.0,17.0
22200846,1610612755,PHI,Philadelphia,1627777,Georges Niang,Georges,,,21:51,2.0,5.0,0.4,1.0,4.0,0.25,0.0,0.0,0.0,0.0,1.0,1.0,1.0,0.0,0.0,0.0,2.0,5.0,4.0
22200846,1610612755,PHI,Philadelphia,1629667,Jalen McDaniels,Jalen,,,15:40,2.0,4.0,0.5,1.0,1.0,1.0,0.0,0.0,0.0,1.0,3.0,4.0,1.0,0.0,0.0,0.0,0.0,5.0,-1.0
22200846,1610612755,PHI,Philadelphia,1629003,Shake Milton,Shake,,,14:17,1.0,2.0,0.5,0.0,1.0,0.0,4.0,4.0,1.0,0.0,1.0,1.0,2.0,0.0,1.0,0.0,1.0,6.0,6.0
22200846,1610612755,PHI,Philadelphia,1630194,Paul Reed,Paul,,,10:38,1.0,1.0,1.0,0.0,0.0,0.0,0.0,0.0,0.0,0.0,3.0,3.0,0.0,0.0,0.0,0.0,0.0,2.0,-2.0
22200846,1610612755,PHI,Philadelphia,1626149,Montrezl Harrell,Montrezl,,DNP - Coach's Decision,,,,,,,,,,,,,,,,,,,,
22200846,1610612755,PHI,Philadelphia,1627863,Danuel House Jr.,Danuel,,DNP - Coach's Decision,,,,,,,,,,,,,,,,,,,,
22200846,1610612755,PHI,Philadelphia,1627788,Furkan Korkmaz,Furkan,,DNP - Coach's Decision,,,,,,,,,,,,,,,,,,,,
22200846,1610612751,BKN,Brooklyn,1629661,Cameron Johnson,Cameron,F,,28:25,4.0,13.0,0.308,2.0,8.0,0.25,2.0,3.0,0.667,0.0,7.0,7.0,3.0,3.0,0.0,0.0,1.0,12.0,5.0
22200846,1610612751,BKN,Brooklyn,1627827,Dorian Finney-Smith,Dorian,F,,34:28,2.0,8.0,0.25,1.0,4.0,0.25,0.0,0.0,0.0,3.0,5.0,8.0,2.0,0.0,0.0,1.0,3.0,5.0,2.0
22200846,1610612751,BKN,Brooklyn,1629651,Nic Claxton,Nic,C,,28:52,3.0,6.0,0.5,0.0,0.0,0.0,0.0,0.0,0.0,2.0,3.0,5.0,2.0,0.0,4.0,1.0,4.0,6.0,-1.0
22200846,1610612751,BKN,Brooklyn,1628969,Mikal Bridges,Mikal,G,,34:11,8.0,18.0,0.444,3.0,5.0,0.6,4.0,4.0,1.0,3.0,3.0,6.0,1.0,2.0,0.0,1.0,2.0,23.0,-8.0
22200846,1610612751,BKN,Brooklyn,203915,Spencer Dinwiddie,Spencer,G,,31:10,2.0,10.0,0.2,0.0,4.0,0.0,5.0,6.0,0.833,0.0,6.0,6.0,6.0,1.0,0.0,3.0,3.0,9.0,2.0
22200846,1610612751,BKN,Brooklyn,1630549,Day'Ron Sharpe,Day'Ron,,,2:47,2.0,3.0,0.667,0.0,1.0,0.0,0.0,0.0,0.0,1.0,0.0,1.0,0.0,0.0,0.0,0.0,0.0,4.0,-3.0
22200846,1610612751,BKN,Brooklyn,1627732,Ben Simmons,Ben,,,16:25,2.0,3.0,0.667,0.0,0.0,0.0,0.0,0.0,0.0,1.0,2.0,3.0,3.0,0.0,1.0,1.0,1.0,4.0,-1.0
22200846,1610612751,BKN,Brooklyn,1626220,Royce O'Neale,Royce,,,17:13,1.0,7.0,0.143,1.0,4.0,0.25,0.0,0.0,0.0,2.0,2.0,4.0,3.0,1.0,1.0,0.0,0.0,3.0,-9.0
22200846,1610612751,BKN,Brooklyn,203925,Joe Harris,Joe,,,16:07,6.0,9.0,0.667,6.0,9.0,0.667,0.0,0.0,0.0,0.0,0.0,0.0,1.0,0.0,0.0,0.0,2.0,18.0,1.0
22200846,1610612751,BKN,Brooklyn,201988,Patty Mills,Patty,,,7:14,0.0,1.0,0.0,0.0,1.0,0.0,0.0,0.0,0.0,0.0,1.0,1.0,0.0,0.0,0.0,1.0,3.0,0.0,0.0
22200846,1610612751,BKN,Brooklyn,1630560,Cam Thomas,Cam,,,18:06,7.0,12.0,0.583,0.0,2.0,0.0,0.0,0.0,0.0,0.0,1.0,1.0,2.0,0.0,0.0,0.0,1.0,14.0,-3.0
22200846,1610612751,BKN,Brooklyn,1629139,Yuta Watanabe,Yuta,,,5:02,0.0,2.0,0.0,0.0,2.0,0.0,0.0,0.0,0.0,0.0,0.0,0.0,0.0,0.0,0.0,0.0,0.0,0.0,0.0
22200846,1610612751,BKN,Brooklyn,1630561,David Duke Jr.,David,,DNP - Coach's Decision,,,,,,,,,,,,,,,,,,,,
22200846,1610612751,BKN,Brooklyn,1630696,Dru Smith,Dru,,DNP - Coach's Decision,,,,,,,,,,,,,,,,,,,,
22200846,1610612751,BKN,Brooklyn,1628410,Edmond Sumner,Edmond,,DNP - Coach's Decision,,,,,,,,,,,,,,,,,,,,
22200852,1610612741,CHI,Chicago,201942,DeMar DeRozan,DeMar,F,,39:55,6.0,10.0,0.6,2.0,5.0,0.4,2.0,3.0,0.667,0.0,1.0,1.0,6.0,0.0,0.0,4.0,3.0,16.0,-6.0
22200852,1610612741,CHI,Chicago,1630172,Patrick Williams,Patrick,F,,33:07,6.0,10.0,0.6,1.0,3.0,0.333,0.0,0.0,0.0,1.0,5.0,6.0,3.0,4.0,0.0,1.0,2.0,13.0,6.0
22200852,1610612741,CHI,Chicago,202696,Nikola Vučević,Nikola,C,,36:26,7.0,13.0,0.538,0.0,4.0,0.0,0.0,0.0,0.0,0.0,14.0,14.0,4.0,0.0,1.0,0.0,2.0,14.0,-3.0
22200852,1610612741,CHI,Chicago,203897,Zach LaVine,Zach,G,,36:02,8.0,16.0,0.5,2.0,5.0,0.4,5.0,5.0,1.0,0.0,5.0,5.0,2.0,1.0,1.0,5.0,3.0,23.0,-1.0
22200852,1610612741,CHI,Chicago,1630245,Ayo Dosunmu,Ayo,G,,26:51,3.0,6.0,0.5,0.0,0.0,0.0,0.0,0.0,0.0,0.0,1.0,1.0,8.0,2.0,0.0,2.0,2.0,6.0,2.0
22200852,1610612741,CHI,Chicago,1629632,Coby White,Coby,,,20:03,1.0,9.0,0.111,0.0,4.0,0.0,2.0,2.0,1.0,1.0,3.0,4.0,3.0,0.0,0.0,3.0,2.0,4.0,-9.0
22200852,1610612741,CHI,Chicago,1627936,Alex Caruso,Alex,,,21:08,0.0,0.0,0.0,0.0,0.0,0.0,0.0,0.0,0.0,0.0,4.0,4.0,1.0,0.0,0.0,1.0,3.0,0.0,-12.0
22200852,1610612741,CHI,Chicago,1627884,Derrick Jones Jr.,Derrick,,,11:23,1.0,4.0,0.25,0.0,0.0,0.0,3.0,4.0,0.75,4.0,0.0,4.0,0.0,0.0,0.0,0.0,0.0,5.0,-13.0
22200852,1610612741,CHI,Chicago,203083,Andre Drummond,Andre,,,11:34,4.0,6.0,0.667,0.0,0.0,0.0,0.0,1.0,0.0,0.0,5.0,5.0,0.0,0.0,1.0,4.0,3.0,8.0,-5.0
22200852,1610612741,CHI,Chicago,201609,Goran Dragic,Goran,,,3:31,0.0,0.0,0.0,0.0,0.0,0.0,0.0,0.0,0.0,0.0,0.0,0.0,0.0,0.0,0.0,2.0,2.0,0.0,1.0
22200852,1610612741,CHI,Chicago,1628396,Tony Bradley,Tony,,DNP - Coach's Decision,,,,,,,,,,,,,,,,,,,,
22200852,1610612741,CHI,Chicago,1631207,Dalen Terry,Dalen,,DNP - Coach's Decision,,,,,,,,,,,,,,,,,,,,
22200852,1610612739,CLE,Cleveland,1630171,Isaac Okoro,Isaac,F,,27:01,3.0,9.0,0.333,1.0,5.0,0.2,0.0,0.0,0.0,0.0,3.0,3.0,0.0,1.0,0.0,0.0,0.0,7.0,0.0
22200852,1610612739,CLE,Cleveland,1630596,Evan Mobley,Evan,F,,35:39,6.0,13.0,0.462,2.0,4.0,0.5,0.0,0.0,0.0,1.0,5.0,6.0,3.0,2.0,0.0,2.0,4.0,14.0,2.0
22200852,1610612739,CLE,Cleveland,1628386,Jarrett Allen,Jarrett,C,,33:10,10.0,13.0,0.769,0.0,0.0,0.0,3.0,5.0,0.6,4.0,6.0,10.0,0.0,0.0,1.0,2.0,3.0,23.0,3.0
22200852,1610612739,CLE,Cleveland,1628378,Donovan Mitchell,Donovan,G,,38:53,10.0,18.0,0.556,3.0,7.0,0.429,6.0,6.0,1.0,3.0,7.0,10.0,6.0,1.0,2.0,2.0,1.0,29.0,9.0
22200852,1610612739,CLE,Cleveland,1629636,Darius Garland,Darius,G,,37:13,6.0,14.0,0.429,3.0,6.0,0.5,4.0,4.0,1.0,0.0,2.0,2.0,7.0,0.0,0.0,5.0,4.0,19.0,1.0
22200852,1610612739,CLE,Cleveland,1627747,Caris LeVert,Caris,,,26:18,0.0,4.0,0.0,0.0,2.0,0.0,1.0,2.0,0.5,1.0,1.0,2.0,2.0,1.0,0.0,0.0,2.0,1.0,13.0
22200852,1610612739,CLE,Cleveland,1629731,Dean Wade,Dean,,,11:11,0.0,5.0,0.0,0.0,3.0,0.0,0.0,0.0,0.0,1.0,2.0,3.0,1.0,0.0,0.0,0.0,1.0,0.0,-5.0
22200852,1610612739,CLE,Cleveland,201937,Ricky Rubio,Ricky,,,16:50,0.0,6.0,0.0,0.0,5.0,0.0,0.0,0.0,0.0,0.0,1.0,1.0,5.0,3.0,1.0,1.0,0.0,0.0,14.0
22200852,1610612739,CLE,Cleveland,1626224,Cedi Osman,Cedi,,,13:45,1.0,4.0,0.25,0.0,3.0,0.0,2.0,2.0,1.0,0.0,2.0,2.0,2.0,1.0,0.0,0.0,0.0,4.0,3.0
22200852,1610612739,CLE,Cleveland,1629603,Mamadi Diakite,Mamadi,,DNP - Coach's Decision,,,,,,,,,,,,,,,,,,,,
22200852,1610612739,CLE,Cleveland,201577,Robin Lopez,Robin,,DNP - Coach's Decision,,,,,,,,,,,,,,,,,,,,
22200852,1610612739,CLE,Cleveland,201567,Kevin Love,Kevin,,DNP - Coach's Decision,,,,,,,,,,,,,,,,,,,,
22200852,1610612739,CLE,Cleveland,203526,Raul Neto,Raul,,DNP - Coach's Decision,,,,,,,,,,,,,,,,,,,,
22200852,1610612739,CLE,Cleveland,1630205,Lamar Stevens,Lamar,,DNP - Coach's Decision,,,,,,,,,,,,,,,,,,,,
22200852,1610612739,CLE,Cleveland,1629685,Dylan Windler,Dylan,,DNP - Coach's Decision,,,,,,,,,,,,,,,,,,,,
22200851,1610612762,UTA,Utah,1628374,Lauri Markkanen,Lauri,F,,34:57,9.0,23.0,0.391,3.0,10.0,0.3,8.0,10.0,0.8,4.0,1.0,5.0,3.0,0.0,3.0,0.0,1.0,29.0,1.0
22200851,1610612762,UTA,Utah,203482,Kelly Olynyk,Kelly,F,,26:05,4.0,7.0,0.571,1.0,3.0,0.333,2.0,2.0,1.0,0.0,3.0,3.0,1.0,1.0,0.0,1.0,5.0,11.0,1.0
22200851,1610612762,UTA,Utah,1631117,Walker Kessler,Walker,C,,35:10,2.0,3.0,0.667,0.0,0.0,0.0,0.0,0.0,0.0,4.0,11.0,15.0,1.0,0.0,2.0,1.0,3.0,4.0,0.0
22200851,1610612762,UTA,Utah,203903,Jordan Clarkson,Jordan,G,,39:37,10.0,23.0,0.435,1.0,8.0,0.125,3.0,3.0,1.0,2.0,4.0,6.0,3.0,0.0,0.0,3.0,3.0,24.0,-4.0
22200851,1610612762,UTA,Utah,1629012,Collin Sexton,Collin,G,,30:32,6.0,12.0,0.5,1.0,4.0,0.25,2.0,5.0,0.4,1.0,1.0,2.0,5.0,0.0,0.0,2.0,6.0,15.0,-13.0
22200851,1610612762,UTA,Utah,1630534,Ochai Agbaji,Ochai,,,19:01,2.0,2.0,1.0,1.0,1.0,1.0,0.0,0.0,0.0,0.0,1.0,1.0,1.0,0.0,0.0,0.0,1.0,5.0,6.0
22200851,1610612762,UTA,Utah,1629659,Talen Horton-Tucker,Talen,,,27:25,8.0,12.0,0.667,1.0,3.0,0.333,6.0,8.0,0.75,0.0,2.0,2.0,7.0,1.0,1.0,1.0,2.0,23.0,-4.0
22200851,1610612762,UTA,Utah,200752,Rudy Gay,Rudy,,,13:07,4.0,5.0,0.8,1.0,2.0,0.5,0.0,0.0,0.0,0.0,2.0,2.0,1.0,1.0,0.0,2.0,2.0,9.0,-7.0
22200851,1610612762,UTA,Utah,1628962,Udoka Azubuike,Udoka,,,9:39,0.0,0.0,0.0,0.0,0.0,0.0,0.0,0.0,0.0,0.0,2.0,2.0,1.0,0.0,1.0,0.0,0.0,0.0,-4.0
22200851,1610612762,UTA,Utah,1631323,Simone Fontecchio,Simone,,,4:27,0.0,1.0,0.0,0.0,1.0,0.0,0.0,0.0,0.0,0.0,0.0,0.0,0.0,0.0,0.0,0.0,1.0,0.0,-6.0
22200851,1610612762,UTA,Utah,1630195,Leandro Bolmaro,Leandro,,DNP - Coach's Decision,,,,,,,,,,,,,,,,,,,,
22200851,1610612762,UTA,Utah,1627745,Damian Jones,Damian,,DNP - Coach's Decision,,,,,,,,,,,,,,,,,,,,
22200851,1610612762,UTA,Utah,1630548,Johnny Juzang,Johnny,,DNP - Coach's Decision,,,,,,,,,,,,,,,,,,,,
22200851,1610612762,UTA,Utah,1629308,Juan Toscano-Anderson,Juan,,DNP - Coach's Decision,,,,,,,,,,,,,,,,,,,,
22200851,1610612752,NYK,New York,1629628,RJ Barrett,RJ,F,,33:45,6.0,15.0,0.4,2.0,6.0,0.333,6.0,8.0,0.75,1.0,5.0,6.0,3.0,0.0,0.0,1.0,6.0,20.0,6.0
22200851,1610612752,NYK,New York,203944,Julius Randle,Julius,F,,38:58,12.0,26.0,0.462,3.0,11.0,0.273,4.0,5.0,0.8,1.0,5.0,6.0,2.0,0.0,0.0,1.0,2.0,31.0,4.0
22200851,1610612752,NYK,New York,1630579,Jericho Sims,Jericho,C,,23:12,1.0,5.0,0.2,0.0,0.0,0.0,0.0,0.0,0.0,5.0,5.0,10.0,1.0,0.0,1.0,0.0,4.0,2.0,-3.0
22200851,1610612752,NYK,New York,1628973,Jalen Brunson,Jalen,G,,38:58,11.0,22.0,0.5,2.0,5.0,0.4,14.0,15.0,0.933,0.0,3.0,3.0,5.0,1.0,0.0,1.0,2.0,38.0,4.0
22200851,1610612752,NYK,New York,1629656,Quentin Grimes,Quentin,G,,22:21,0.0,3.0,0.0,0.0,2.0,0.0,1.0,2.0,0.5,0.0,1.0,1.0,1.0,0.0,1.0,1.0,0.0,1.0,1.0
22200851,1610612752,NYK,New York,1628404,Josh Hart,Josh,,,25:39,3.0,6.0,0.5,2.0,3.0,0.667,3.0,4.0,0.75,4.0,3.0,7.0,4.0,4.0,0.0,1.0,4.0,11.0,5.0
22200851,1610612752,NYK,New York,1630193,Immanuel Quickley,Immanuel,,,23:17,6.0,9.0,0.667,3.0,6.0,0.5,0.0,2.0,0.0,3.0,2.0,5.0,1.0,1.0,1.0,1.0,3.0,15.0,2.0
22200851,1610612752,NYK,New York,1628392,Isaiah Hartenstein,Isaiah,,,24:48,3.0,5.0,0.6,0.0,0.0,0.0,0.0,0.0,0.0,6.0,8.0,14.0,1.0,0.0,1.0,0.0,3.0,6.0,9.0
22200851,1610612752,NYK,New York,1630167,Obi Toppin,Obi,,,9:02,1.0,4.0,0.25,0.0,3.0,0.0,0.0,2.0,0.0,0.0,0.0,0.0,0.0,0.0,0.0,0.0,0.0,2.0,2.0
22200851,1610612752,NYK,New York,203095,Evan Fournier,Evan,,DNP - Coach's Decision,,,,,,,,,,,,,,,,,,,,
22200851,1610612752,NYK,New York,1629610,DaQuan Jeffries,DaQuan,,DNP - Coach's Decision,,,,,,,,,,,,,,,,,,,,
22200851,1610612752,NYK,New York,1631211,Trevor Keels,Trevor,,DNP - Coach's Decision,,,,,,,,,,,,,,,,,,,,
22200851,1610612752,NYK,New York,1630540,Miles McBride,Miles,,DNP - Coach's Decision,,,,,,,,,,,,,,,,,,,,
22200851,1610612752,NYK,New York,201565,Derrick Rose,Derrick,,DNP - Coach's Decision,,,,,,,,,,,,,,,,,,,,
22200844,1610612742,DAL,Dallas,1630182,Josh Green,Josh,F,,37:56,7.0,12.0,0.583,2.0,6.0,0.333,1.0,1.0,1.0,1.0,3.0,4.0,7.0,0.0,0.0,2.0,1.0,17.0,-8.0
22200844,1610612742,DAL,Dallas,203493,Reggie Bullock Jr.,Reggie,F,,36:34,4.0,7.0,0.571,3.0,5.0,0.6,2.0,2.0,1.0,1.0,4.0,5.0,2.0,0.0,0.0,1.0,4.0,13.0,8.0
22200844,1610612742,DAL,Dallas,203939,Dwight Powell,Dwight,C,,15:46,4.0,4.0,1.0,0.0,0.0,0.0,1.0,1.0,1.0,1.0,3.0,4.0,0.0,0.0,0.0,2.0,4.0,9.0,4.0
22200844,1610612742,DAL,Dallas,203501,Tim Hardaway Jr.,Tim,G,,35:36,6.0,16.0,0.375,3.0,10.0,0.3,0.0,0.0,0.0,0.0,7.0,7.0,5.0,1.0,0.0,0.0,0.0,15.0,8.0
22200844,1610612742,DAL,Dallas,202681,Kyrie Irving,Kyrie,G,,35:00,5.0,14.0,0.357,3.0,8.0,0.375,12.0,12.0,1.0,3.0,0.0,3.0,10.0,1.0,0.0,2.0,2.0,25.0,7.0
22200844,1610612742,DAL,Dallas,201580,JaVale McGee,JaVale,,,18:37,5.0,9.0,0.556,0.0,0.0,0.0,1.0,2.0,0.5,4.0,5.0,9.0,2.0,0.0,0.0,0.0,3.0,11.0,2.0
22200844,1610612742,DAL,Dallas,1626174,Christian Wood,Christian,,,12:22,5.0,12.0,0.417,2.0,4.0,0.5,1.0,1.0,1.0,0.0,3.0,3.0,2.0,1.0,0.0,0.0,2.0,13.0,4.0
22200844,1610612742,DAL,Dallas,1630702,Jaden Hardy,Jaden,,,19:44,4.0,7.0,0.571,4.0,5.0,0.8,0.0,0.0,0.0,0.0,2.0,2.0,1.0,0.0,0.0,1.0,1.0,12.0,15.0
22200844,1610612742,DAL,Dallas,1629033,Theo Pinson,Theo,,,15:25,1.0,4.0,0.25,0.0,3.0,0.0,0.0,0.0,0.0,1.0,0.0,1.0,2.0,1.0,0.0,1.0,2.0,2.0,-1.0
22200844,1610612742,DAL,Dallas,1630593,McKinley Wright IV,McKinley,,,13:00,2.0,3.0,0.667,1.0,2.0,0.5,0.0,0.0,0.0,0.0,1.0,1.0,3.0,0.0,0.0,0.0,0.0,5.0,1.0
22200844,1610612742,DAL,Dallas,1630639,A.J. Lawson,A.J.,,DNP - Coach's Decision,,,,,,,,,,,,,,,,,,,,
22200844,1610612742,DAL,Dallas,202693,Markieff Morris,Markieff,,DNP - Coach's Decision,,,,,,,,,,,,,,,,,,,,
22200844,1610612742,DAL,Dallas,1628373,Frank Ntilikina,Frank,,DNP - Coach's Decision,,,,,,,,,,,,,,,,,,,,
22200844,1610612742,DAL,Dallas,1629735,Chris Silva,Chris,,DNP - Coach's Decision,,,,,,,,,,,,,,,,,,,,
22200844,1610612758,SAC,Sacramento,203084,Harrison Barnes,Harrison,F,,31:27,3.0,9.0,0.333,1.0,5.0,0.2,1.0,1.0,1.0,1.0,3.0,4.0,1.0,0.0,0.0,0.0,1.0,8.0,4.0
22200844,1610612758,SAC,Sacramento,1631099,Keegan Murray,Keegan,F,,35:21,6.0,10.0,0.6,4.0,5.0,0.8,0.0,0.0,0.0,0.0,3.0,3.0,0.0,0.0,2.0,1.0,0.0,16.0,4.0
22200844,1610612758,SAC,Sacramento,1627734,Domantas Sabonis,Domantas,C,,37:14,6.0,12.0,0.5,0.0,1.0,0.0,6.0,7.0,0.857,3.0,8.0,11.0,7.0,2.0,0.0,2.0,6.0,18.0,-15.0
22200844,1610612758,SAC,Sacramento,1628989,Kevin Huerter,Kevin,G,,27:24,6.0,10.0,0.6,0.0,3.0,0.0,3.0,4.0,0.75,0.0,5.0,5.0,1.0,0.0,0.0,2.0,2.0,15.0,1.0
22200844,1610612758,SAC,Sacramento,1628368,De'Aaron Fox,De'Aaron,G,,38:37,10.0,16.0,0.625,1.0,5.0,0.2,12.0,14.0,0.857,0.0,6.0,6.0,5.0,0.0,1.0,3.0,4.0,33.0,7.0
22200844,1610612758,SAC,Sacramento,1629056,Terence Davis,Terence,,,20:34,3.0,4.0,0.75,3.0,4.0,0.75,0.0,0.0,0.0,0.0,4.0,4.0,1.0,0.0,0.0,2.0,4.0,9.0,5.0
22200844,1610612758,SAC,Sacramento,1630558,Davion Mitchell,Davion,,,12:28,0.0,2.0,0.0,0.0,2.0,0.0,0.0,0.0,0.0,0.0,0.0,0.0,2.0,0.0,0.0,1.0,0.0,0.0,-11.0
22200844,1610612758,SAC,Sacramento,1628370,Malik Monk,Malik,,,15:03,3.0,7.0,0.429,0.0,2.0,0.0,2.0,2.0,1.0,0.0,2.0,2.0,4.0,0.0,1.0,2.0,1.0,8.0,-18.0
22200844,1610612758,SAC,Sacramento,1626168,Trey Lyles,Trey,,,7:05,0.0,0.0,0.0,0.0,0.0,0.0,0.0,0.0,0.0,0.0,0.0,0.0,0.0,0.0,0.0,0.0,0.0,0.0,-13.0
22200844,1610612758,SAC,Sacramento,1631165,Keon Ellis,Keon,,,4:01,0.0,0.0,0.0,0.0,0.0,0.0,0.0,0.0,0.0,0.0,0.0,0.0,0.0,0.0,0.0,0.0,1.0,0.0,-11.0
22200844,1610612758,SAC,Sacramento,1629002,Chimezie Metu,Chimezie,,,10:46,2.0,2.0,1.0,0.0,0.0,0.0,3.0,4.0,0.75,1.0,2.0,3.0,0.0,0.0,0.0,1.0,0.0,7.0,7.0
22200844,1610612758,SAC,Sacramento,203521,Matthew Dellavedova,Matthew,,DNP - Coach's Decision,,,,,,,,,,,,,,,,,,,,
22200844,1610612758,SAC,Sacramento,1630556,Kessler Edwards,Kessler,,DNP - Coach's Decision,,,,,,,,,,,,,,,,,,,,
22200844,1610612758,SAC,Sacramento,1626158,Richaun Holmes,Richaun,,DNP - Coach's Decision,,,,,,,,,,,,,,,,,,,,
22200844,1610612758,SAC,Sacramento,203458,Alex Len,Alex,,DNP - Coach's Decision,,,,,,,,,,,,,,,,,,,,
22200845,1610612749,MIL,Milwaukee,1626192,Pat Connaughton,Pat,F,,24:00,3.0,5.0,0.6,2.0,4.0,0.5,0.0,0.0,0.0,2.0,6.0,8.0,3.0,1.0,0.0,2.0,0.0,8.0,19.0
22200845,1610612749,MIL,Milwaukee,203507,Giannis Antetokounmpo,Giannis,F,,30:28,13.0,25.0,0.52,1.0,2.0,0.5,8.0,11.0,0.727,1.0,7.0,8.0,6.0,2.0,0.0,2.0,2.0,35.0,20.0
22200845,1610612749,MIL,Milwaukee,201572,Brook Lopez,Brook,C,,32:18,9.0,13.0,0.692,4.0,6.0,0.667,0.0,0.0,0.0,2.0,13.0,15.0,1.0,1.0,3.0,1.0,1.0,22.0,22.0
22200845,1610612749,MIL,Milwaukee,1628960,Grayson Allen,Grayson,G,,28:29,2.0,6.0,0.333,2.0,5.0,0.4,1.0,1.0,1.0,0.0,0.0,0.0,1.0,0.0,0.0,1.0,0.0,7.0,15.0
22200845,1610612749,MIL,Milwaukee,201950,Jrue Holiday,Jrue,G,,32:34,7.0,16.0,0.438,3.0,7.0,0.429,2.0,2.0,1.0,2.0,3.0,5.0,6.0,2.0,0.0,3.0,1.0,19.0,14.0
22200845,1610612749,MIL,Milwaukee,204060,Joe Ingles,Joe,,,25:17,1.0,6.0,0.167,1.0,5.0,0.2,0.0,0.0,0.0,0.0,6.0,6.0,6.0,0.0,0.0,1.0,2.0,3.0,3.0
22200845,1610612749,MIL,Milwaukee,202083,Wesley Matthews,Wesley,,,18:53,0.0,1.0,0.0,0.0,1.0,0.0,0.0,0.0,0.0,0.0,2.0,2.0,0.0,0.0,0.0,0.0,1.0,0.0,-10.0
22200845,1610612749,MIL,Milwaukee,1630699,MarJon Beauchamp,MarJon,,,15:57,4.0,7.0,0.571,1.0,3.0,0.333,1.0,2.0,0.5,0.0,0.0,0.0,2.0,2.0,1.0,0.0,1.0,10.0,-6.0
22200845,1610612749,MIL,Milwaukee,1628975,Jevon Carter,Jevon,,,16:50,5.0,7.0,0.714,3.0,5.0,0.6,0.0,0.0,0.0,0.0,2.0,2.0,1.0,0.0,0.0,1.0,4.0,13.0,-5.0
22200845,1610612749,MIL,Milwaukee,1630572,Sandro Mamukelashvili,Sandro,,,10:26,1.0,4.0,0.25,0.0,1.0,0.0,0.0,0.0,0.0,2.0,1.0,3.0,2.0,0.0,0.0,0.0,1.0,2.0,-3.0
22200845,1610612749,MIL,Milwaukee,1631260,AJ Green,AJ,,,2:25,0.0,0.0,0.0,0.0,0.0,0.0,0.0,0.0,0.0,0.0,0.0,0.0,0.0,0.0,0.0,0.0,0.0,0.0,-2.0
22200845,1610612749,MIL,Milwaukee,203648,Thanasis Antetokounmpo,Thanasis,,,2:25,0.0,0.0,0.0,0.0,0.0,0.0,0.0,0.0,0.0,0.0,0.0,0.0,0.0,0.0,0.0,0.0,0.0,0.0,-2.0
22200845,1610612746,LAC,LA,202331,Paul George,Paul,F,,31:52,8.0,23.0,0.348,3.0,11.0,0.273,0.0,0.0,0.0,1.0,10.0,11.0,6.0,1.0,0.0,1.0,1.0,19.0,-19.0
22200845,1610612746,LAC,LA,202694,Marcus Morris Sr.,Marcus,F,,31:09,5.0,12.0,0.417,4.0,7.0,0.571,1.0,2.0,0.5,0.0,0.0,0.0,1.0,0.0,1.0,1.0,2.0,15.0,-22.0
22200845,1610612746,LAC,LA,1627826,Ivica Zubac,Ivica,C,,34:06,3.0,4.0,0.75,0.0,0.0,0.0,0.0,0.0,0.0,0.0,8.0,8.0,1.0,0.0,3.0,4.0,1.0,6.0,-18.0
22200845,1610612746,LAC,LA,1630527,Brandon Boston,Brandon,G,,26:13,9.0,13.0,0.692,1.0,1.0,1.0,1.0,2.0,0.5,0.0,2.0,2.0,0.0,1.0,0.0,1.0,1.0,20.0,-14.0
22200845,1610612746,LAC,LA,1629611,Terance Mann,Terance,G,,27:33,5.0,9.0,0.556,0.0,2.0,0.0,0.0,0.0,0.0,1.0,5.0,6.0,2.0,0.0,0.0,0.0,3.0,10.0,-6.0
22200845,1610612746,LAC,LA,1626181,Norman Powell,Norman,,,24:14,3.0,9.0,0.333,1.0,6.0,0.167,9.0,10.0,0.9,0.0,2.0,2.0,4.0,2.0,0.0,0.0,1.0,16.0,4.0
22200845,1610612746,LAC,LA,203496,Robert Covington,Robert,,,26:22,2.0,5.0,0.4,2.0,5.0,0.4,0.0,0.0,0.0,0.0,2.0,2.0,2.0,1.0,2.0,0.0,3.0,6.0,2.0
22200845,1610612746,LAC,LA,1629599,Amir Coffey,Amir,,,29:31,5.0,8.0,0.625,0.0,1.0,0.0,0.0,0.0,0.0,0.0,3.0,3.0,1.0,0.0,0.0,1.0,0.0,10.0,-2.0
22200845,1610612746,LAC,LA,1631217,Moussa Diabaté,Moussa,,,4:30,1.0,1.0,1.0,0.0,0.0,0.0,0.0,0.0,0.0,1.0,0.0,1.0,0.0,0.0,1.0,0.0,0.0,2.0,5.0
22200845,1610612746,LAC,LA,1630554,Jason Preston,Jason,,,4:30,1.0,1.0,1.0,0.0,0.0,0.0,0.0,0.0,0.0,0.0,0.0,0.0,0.0,0.0,0.0,1.0,0.0,2.0,5.0
22200845,1610612746,LAC,LA,201587,Nicolas Batum,Nicolas,,DNP - Coach's Decision,,,,,,,,,,,,,,,,,,,,
22200845,1610612746,LAC,LA,1629650,Moses Brown,Moses,,DNP - Coach's Decision,,,,,,,,,,,,,,,,,,,,
22200838,1610612766,CHA,Charlotte,202330,Gordon Hayward,Gordon,F,,29:42,4.0,8.0,0.5,0.0,0.0,0.0,0.0,0.0,0.0,0.0,2.0,2.0,6.0,2.0,0.0,0.0,2.0,8.0,-5.0
22200838,1610612766,CHA,Charlotte,1629023,P.J. Washington,P.J.,F,,35:09,7.0,14.0,0.5,2.0,3.0,0.667,1.0,1.0,1.0,1.0,6.0,7.0,1.0,1.0,3.0,2.0,1.0,17.0,-17.0
22200838,1610612766,CHA,Charlotte,1631109,Mark Williams,Mark,C,,30:47,4.0,7.0,0.571,0.0,0.0,0.0,3.0,4.0,0.75,5.0,7.0,12.0,2.0,0.0,1.0,0.0,4.0,11.0,-3.0
22200838,1610612766,CHA,Charlotte,1626179,Terry Rozier,Terry,G,,35:34,9.0,20.0,0.45,3.0,8.0,0.375,6.0,9.0,0.667,0.0,1.0,1.0,3.0,3.0,0.0,0.0,3.0,27.0,-4.0
22200838,1610612766,CHA,Charlotte,1630163,LaMelo Ball,LaMelo,G,,37:43,9.0,22.0,0.409,2.0,7.0,0.286,4.0,4.0,1.0,1.0,8.0,9.0,10.0,1.0,0.0,5.0,4.0,24.0,-21.0
22200838,1610612766,CHA,Charlotte,1630550,JT Thor,JT,,,9:45,2.0,3.0,0.667,0.0,1.0,0.0,0.0,0.0,0.0,1.0,0.0,1.0,0.0,0.0,1.0,2.0,0.0,4.0,10.0
22200838,1610612766,CHA,Charlotte,1628372,Dennis Smith Jr.,Dennis,,,22:43,3.0,9.0,0.333,1.0,3.0,0.333,2.0,4.0,0.5,0.0,2.0,2.0,3.0,2.0,1.0,2.0,1.0,9.0,3.0
22200838,1610612766,CHA,Charlotte,1631121,Bryce McGowens,Bryce,,,21:24,4.0,6.0,0.667,0.0,1.0,0.0,1.0,2.0,0.5,1.0,4.0,5.0,1.0,0.0,0.0,1.0,1.0,9.0,-10.0
22200838,1610612766,CHA,Charlotte,1630208,Nick Richards,Nick,,,17:13,3.0,4.0,0.75,0.0,0.0,0.0,1.0,2.0,0.5,2.0,6.0,8.0,0.0,0.0,0.0,1.0,2.0,7.0,-8.0
22200838,1610612766,CHA,Charlotte,1628998,Cody Martin,Cody,,DND - Injury/Illness,,,,,,,,,,,,,,,,,,,,
22200838,1610612766,CHA,Charlotte,1626162,Kelly Oubre Jr.,Kelly,,DND - Injury/Illness,,,,,,,,,,,,,,,,,,,,
22200838,1610612738,BOS,Boston,1628369,Jayson Tatum,Jayson,F,,36:54,13.0,21.0,0.619,5.0,10.0,0.5,10.0,12.0,0.833,0.0,4.0,4.0,4.0,1.0,2.0,4.0,2.0,41.0,2.0
22200838,1610612738,BOS,Boston,1629684,Grant Williams,Grant,F,,32:22,1.0,7.0,0.143,1.0,5.0,0.2,2.0,2.0,1.0,0.0,5.0,5.0,6.0,2.0,1.0,1.0,2.0,5.0,6.0
22200838,1610612738,BOS,Boston,1629057,Robert Williams III,Robert,C,,26:47,2.0,4.0,0.5,0.0,0.0,0.0,0.0,1.0,0.0,2.0,14.0,16.0,1.0,0.0,0.0,3.0,4.0,4.0,4.0
22200838,1610612738,BOS,Boston,1630573,Sam Hauser,Sam,G,,31:37,4.0,11.0,0.364,4.0,9.0,0.444,0.0,0.0,0.0,1.0,2.0,3.0,3.0,0.0,0.0,0.0,4.0,12.0,20.0
22200838,1610612738,BOS,Boston,1628401,Derrick White,Derrick,G,,36:35,12.0,19.0,0.632,8.0,14.0,0.571,1.0,1.0,1.0,0.0,3.0,3.0,10.0,1.0,3.0,1.0,2.0,33.0,21.0
22200838,1610612738,BOS,Boston,201933,Blake Griffin,Blake,,,13:53,2.0,3.0,0.667,1.0,2.0,0.5,0.0,0.0,0.0,2.0,3.0,5.0,1.0,0.0,0.0,1.0,2.0,5.0,2.0
22200838,1610612738,BOS,Boston,1627763,Malcolm Brogdon,Malcolm,,,17:44,1.0,6.0,0.167,1.0,4.0,0.25,0.0,0.0,0.0,0.0,3.0,3.0,4.0,2.0,0.0,3.0,1.0,3.0,-12.0
22200838,1610612738,BOS,Boston,1630202,Payton Pritchard,Payton,,,21:10,3.0,8.0,0.375,1.0,3.0,0.333,0.0,0.0,0.0,0.0,2.0,2.0,2.0,1.0,0.0,2.0,2.0,7.0,2.0
22200838,1610612738,BOS,Boston,203488,Mike Muscala,Mike,,,15:38,4.0,8.0,0.5,4.0,8.0,0.5,0.0,0.0,0.0,0.0,1.0,1.0,2.0,0.0,1.0,0.0,1.0,12.0,5.0
22200838,1610612738,BOS,Boston,1628436,Luke Kornet,Luke,,,7:20,2.0,2.0,1.0,0.0,0.0,0.0,1.0,1.0,1.0,0.0,1.0,1.0,1.0,0.0,0.0,0.0,2.0,5.0,5.0
22200838,1610612738,BOS,Boston,201143,Al Horford,Al,,DND - Injury/Illness,,,,,,,,,,,,,,,,,,,,
22200836,1610612756,PHX,Phoenix,1629006,Josh Okogie,Josh,F,,35:20,5.0,10.0,0.5,3.0,5.0,0.6,4.0,6.0,0.667,3.0,3.0,6.0,0.0,3.0,0.0,0.0,3.0,17.0,11.0
22200836,1610612756,PHX,Phoenix,1628470,Torrey Craig,Torrey,F,,35:58,5.0,7.0,0.714,1.0,3.0,0.333,0.0,0.0,0.0,5.0,7.0,12.0,3.0,0.0,1.0,2.0,2.0,11.0,23.0
22200836,1610612756,PHX,Phoenix,1629028,Deandre Ayton,Deandre,C,,29:31,9.0,14.0,0.643,0.0,0.0,0.0,4.0,4.0,1.0,4.0,7.0,11.0,2.0,2.0,1.0,1.0,2.0,22.0,23.0
22200836,1610612756,PHX,Phoenix,1626164,Devin Booker,Devin,G,,26:14,7.0,18.0,0.389,3.0,9.0,0.333,4.0,4.0,1.0,0.0,4.0,4.0,5.0,1.0,0.0,4.0,4.0,21.0,11.0
22200836,1610612756,PHX,Phoenix,101108,Chris Paul,Chris,G,,29:55,7.0,18.0,0.389,1.0,3.0,0.333,4.0,4.0,1.0,1.0,1.0,2.0,9.0,2.0,0.0,3.0,0.0,19.0,22.0
22200836,1610612756,PHX,Phoenix,1627814,Damion Lee,Damion,,,21:07,1.0,6.0,0.167,0.0,4.0,0.0,2.0,2.0,1.0,0.0,5.0,5.0,2.0,1.0,0.0,1.0,2.0,4.0,2.0
22200836,1610612756,PHX,Phoenix,1630688,Ish Wainright,Ish,,,26:12,4.0,8.0,0.5,2.0,6.0,0.333,3.0,4.0,0.75,1.0,0.0,1.0,2.0,0.0,0.0,0.0,6.0,13.0,-8.0
22200836,1610612756,PHX,Phoenix,1630240,Saben Lee,Saben,,,17:14,1.0,6.0,0.167,0.0,2.0,0.0,0.0,0.0,0.0,0.0,2.0,2.0,1.0,3.0,0.0,2.0,1.0,2.0,-9.0
22200836,1610612756,PHX,Phoenix,1629111,Jock Landale,Jock,,,13:30,3.0,5.0,0.6,0.0,1.0,0.0,0.0,0.0,0.0,3.0,4.0,7.0,1.0,1.0,0.0,1.0,3.0,6.0,0.0
22200836,1610612756,PHX,Phoenix,202687,Bismack Biyombo,Bismack,,,4:59,1.0,1.0,1.0,0.0,0.0,0.0,0.0,0.0,0.0,2.0,1.0,3.0,0.0,0.0,0.0,1.0,1.0,2.0,-10.0
22200836,1610612756,PHX,Phoenix,1626166,Cameron Payne,Cameron,,DND - Injury/Illness,,,,,,,,,,,,,,,,,,,,
22200836,1610612756,PHX,Phoenix,1629013,Landry Shamet,Landry,,DND - Injury/Illness,,,,,,,,,,,,,,,,,,,,
22200836,1610612754,IND,Indiana,1627741,Buddy Hield,Buddy,F,,26:33,5.0,12.0,0.417,4.0,11.0,0.364,0.0,0.0,0.0,0.0,2.0,2.0,2.0,0.0,0.0,1.0,3.0,14.0,-11.0
22200836,1610612754,IND,Indiana,1630174,Aaron Nesmith,Aaron,F,,23:52,1.0,5.0,0.2,1.0,4.0,0.25,2.0,2.0,1.0,2.0,2.0,4.0,1.0,0.0,0.0,0.0,3.0,5.0,-25.0
22200836,1610612754,IND,Indiana,1626167,Myles Turner,Myles,C,,21:06,2.0,9.0,0.222,1.0,5.0,0.2,2.0,2.0,1.0,1.0,4.0,5.0,1.0,0.0,1.0,2.0,2.0,7.0,-24.0
22200836,1610612754,IND,Indiana,1629614,Andrew Nembhard,Andrew,G,,26:03,0.0,5.0,0.0,0.0,1.0,0.0,0.0,0.0,0.0,0.0,1.0,1.0,10.0,0.0,0.0,3.0,1.0,0.0,-4.0
22200836,1610612754,IND,Indiana,1630169,Tyrese Haliburton,Tyrese,G,,25:28,7.0,9.0,0.778,2.0,4.0,0.5,2.0,2.0,1.0,0.0,1.0,1.0,5.0,3.0,0.0,4.0,1.0,18.0,-21.0
22200836,1610612754,IND,Indiana,1631097,Bennedict Mathurin,Bennedict,,,32:45,7.0,15.0,0.467,1.0,3.0,0.333,7.0,7.0,1.0,2.0,1.0,3.0,0.0,1.0,0.0,1.0,1.0,22.0,-4.0
22200836,1610612754,IND,Indiana,204456,T.J. McConnell,T.J.,,,19:58,3.0,8.0,0.375,1.0,2.0,0.5,2.0,2.0,1.0,1.0,4.0,5.0,2.0,2.0,0.0,3.0,1.0,9.0,-3.0
22200836,1610612754,IND,Indiana,1628464,Daniel Theis,Daniel,,,14:54,3.0,5.0,0.6,0.0,1.0,0.0,0.0,2.0,0.0,0.0,2.0,2.0,1.0,0.0,1.0,0.0,0.0,6.0,6.0
22200836,1610612754,IND,Indiana,1630537,Chris Duarte,Chris,,,28:59,2.0,9.0,0.222,0.0,6.0,0.0,3.0,4.0,0.75,2.0,4.0,6.0,1.0,2.0,0.0,1.0,2.0,7.0,5.0
22200836,1610612754,IND,Indiana,1630543,Isaiah Jackson,Isaiah,,,12:00,5.0,6.0,0.833,1.0,1.0,1.0,3.0,7.0,0.429,1.0,4.0,5.0,0.0,1.0,0.0,0.0,2.0,14.0,5.0
22200836,1610612754,IND,Indiana,1630188,Jalen Smith,Jalen,,,8:22,1.0,2.0,0.5,0.0,1.0,0.0,0.0,0.0,0.0,2.0,2.0,4.0,0.0,0.0,1.0,0.0,0.0,2.0,11.0
22200836,1610612754,IND,Indiana,1629052,Oshae Brissett,Oshae,,DNP - Coach's Decision,,,,,,,,,,,,,,,,,,,,
22200839,1610612762,UTA,Utah,1628374,Lauri Markkanen,Lauri,F,,38:08,9.0,20.0,0.45,2.0,7.0,0.286,3.0,3.0,1.0,2.0,7.0,9.0,5.0,1.0,0.0,3.0,3.0,23.0,12.0
22200839,1610612762,UTA,Utah,203482,Kelly Olynyk,Kelly,F,,32:20,6.0,12.0,0.5,1.0,5.0,0.2,2.0,2.0,1.0,1.0,6.0,7.0,8.0,1.0,1.0,2.0,2.0,15.0,8.0
22200839,1610612762,UTA,Utah,1631117,Walker Kessler,Walker,C,,32:26,10.0,12.0,0.833,0.0,0.0,0.0,3.0,7.0,0.429,4.0,5.0,9.0,1.0,0.0,0.0,0.0,1.0,23.0,2.0
22200839,1610612762,UTA,Utah,1630534,Ochai Agbaji,Ochai,G,,18:50,2.0,3.0,0.667,1.0,2.0,0.5,0.0,0.0,0.0,0.0,1.0,1.0,0.0,0.0,0.0,0.0,5.0,5.0,-16.0
22200839,1610612762,UTA,Utah,1629012,Collin Sexton,Collin,G,,36:54,8.0,14.0,0.571,0.0,3.0,0.0,6.0,7.0,0.857,0.0,5.0,5.0,6.0,2.0,2.0,3.0,3.0,22.0,1.0
22200839,1610612762,UTA,Utah,1631323,Simone Fontecchio,Simone,,,22:13,2.0,6.0,0.333,1.0,3.0,0.333,2.0,2.0,1.0,0.0,2.0,2.0,2.0,1.0,0.0,2.0,2.0,7.0,10.0
22200839,1610612762,UTA,Utah,200752,Rudy Gay,Rudy,,,16:39,4.0,6.0,0.667,1.0,2.0,0.5,3.0,3.0,1.0,0.0,2.0,2.0,1.0,0.0,0.0,2.0,0.0,12.0,2.0
22200839,1610612762,UTA,Utah,1629659,Talen Horton-Tucker,Talen,,,26:58,3.0,11.0,0.273,0.0,2.0,0.0,3.0,5.0,0.6,2.0,5.0,7.0,8.0,0.0,2.0,3.0,2.0,9.0,9.0
22200839,1610612762,UTA,Utah,1628962,Udoka Azubuike,Udoka,,,15:32,3.0,3.0,1.0,0.0,0.0,0.0,0.0,0.0,0.0,0.0,4.0,4.0,0.0,1.0,1.0,2.0,2.0,6.0,2.0
22200839,1610612762,UTA,Utah,1630195,Leandro Bolmaro,Leandro,,DNP - Coach's Decision,,,,,,,,,,,,,,,,,,,,
22200839,1610612762,UTA,Utah,203903,Jordan Clarkson,Jordan,,NWT - Not With Team,,,,,,,,,,,,,,,,,,,,
22200839,1610612761,TOR,Toronto,1630567,Scottie Barnes,Scottie,F,,39:19,5.0,14.0,0.357,0.0,3.0,0.0,2.0,2.0,1.0,3.0,4.0,7.0,9.0,0.0,0.0,1.0,3.0,12.0,-2.0
22200839,1610612761,TOR,Toronto,1627783,Pascal Siakam,Pascal,F,,39:08,12.0,21.0,0.571,5.0,7.0,0.714,6.0,7.0,0.857,1.0,5.0,6.0,4.0,3.0,0.0,3.0,4.0,35.0,-6.0
22200839,1610612761,TOR,Toronto,1630173,Precious Achiuwa,Precious,C,,30:57,7.0,11.0,0.636,2.0,4.0,0.5,0.0,0.0,0.0,1.0,3.0,4.0,4.0,0.0,0.0,1.0,4.0,16.0,-5.0
22200839,1610612761,TOR,Toronto,1629018,Gary Trent Jr.,Gary,G,,39:24,7.0,20.0,0.35,2.0,9.0,0.222,3.0,3.0,1.0,0.0,5.0,5.0,4.0,3.0,1.0,0.0,2.0,19.0,2.0
22200839,1610612761,TOR,Toronto,1627832,Fred VanVleet,Fred,G,,34:30,4.0,13.0,0.308,3.0,9.0,0.333,6.0,7.0,0.857,1.0,3.0,4.0,4.0,2.0,0.0,3.0,5.0,17.0,-18.0
22200839,1610612761,TOR,Toronto,1628449,Chris Boucher,Chris,,,22:02,2.0,6.0,0.333,0.0,1.0,0.0,3.0,4.0,0.75,1.0,5.0,6.0,0.0,0.0,2.0,0.0,3.0,7.0,5.0
22200839,1610612761,TOR,Toronto,1627751,Jakob Poeltl,Jakob,,,16:41,2.0,2.0,1.0,0.0,0.0,0.0,2.0,7.0,0.286,1.0,3.0,4.0,2.0,0.0,0.0,3.0,5.0,6.0,0.0
22200839,1610612761,TOR,Toronto,1630201,Malachi Flynn,Malachi,,,6:27,0.0,1.0,0.0,0.0,1.0,0.0,0.0,0.0,0.0,0.0,1.0,1.0,1.0,1.0,0.0,1.0,1.0,0.0,-3.0
22200839,1610612761,TOR,Toronto,201152,Thaddeus Young,Thaddeus,,,11:32,2.0,3.0,0.667,0.0,0.0,0.0,0.0,0.0,0.0,1.0,2.0,3.0,0.0,2.0,0.0,1.0,3.0,4.0,-3.0
22200839,1610612761,TOR,Toronto,1630625,Dalano Banton,Dalano,,DNP - Coach's Decision,,,,,,,,,,,,,,,,,,,,
22200839,1610612761,TOR,Toronto,1630288,Jeff Dowtin Jr.,Jeff,,DNP - Coach's Decision,,,,,,,,,,,,,,,,,,,,
22200839,1610612761,TOR,Toronto,1631199,Ron Harper Jr.,Ron,,DNP - Coach's Decision,,,,,,,,,,,,,,,,,,,,
22200839,1610612761,TOR,Toronto,1627823,Juancho Hernangomez,Juancho,,DNP - Coach's Decision,,,,,,,,,,,,,,,,,,,,
22200839,1610612761,TOR,Toronto,1631132,Christian Koloko,Christian,,DNP - Coach's Decision,,,,,,,,,,,,,,,,,,,,
22200842,1610612739,CLE,Cleveland,1630171,Isaac Okoro,Isaac,F,,28:36,3.0,7.0,0.429,1.0,3.0,0.333,0.0,0.0,0.0,0.0,0.0,0.0,1.0,0.0,0.0,0.0,1.0,7.0,12.0
22200842,1610612739,CLE,Cleveland,1630596,Evan Mobley,Evan,F,,36:32,13.0,18.0,0.722,0.0,0.0,0.0,2.0,3.0,0.667,3.0,10.0,13.0,2.0,3.0,2.0,0.0,3.0,28.0,18.0
22200842,1610612739,CLE,Cleveland,1628386,Jarrett Allen,Jarrett,C,,30:39,8.0,11.0,0.727,0.0,0.0,0.0,4.0,4.0,1.0,6.0,5.0,11.0,4.0,0.0,2.0,2.0,5.0,20.0,11.0
22200842,1610612739,CLE,Cleveland,1628378,Donovan Mitchell,Donovan,G,,33:06,12.0,21.0,0.571,3.0,9.0,0.333,3.0,3.0,1.0,0.0,5.0,5.0,3.0,1.0,0.0,3.0,0.0,30.0,17.0
22200842,1610612739,CLE,Cleveland,1629636,Darius Garland,Darius,G,,22:58,4.0,6.0,0.667,2.0,3.0,0.667,1.0,2.0,0.5,1.0,1.0,2.0,7.0,0.0,0.0,3.0,3.0,11.0,15.0
22200842,1610612739,CLE,Cleveland,1627747,Caris LeVert,Caris,,,30:53,5.0,10.0,0.5,2.0,4.0,0.5,1.0,1.0,1.0,1.0,5.0,6.0,9.0,2.0,0.0,2.0,4.0,13.0,9.0
22200842,1610612739,CLE,Cleveland,1629731,Dean Wade,Dean,,,26:01,2.0,5.0,0.4,1.0,4.0,0.25,0.0,0.0,0.0,1.0,1.0,2.0,0.0,2.0,1.0,1.0,4.0,5.0,0.0
22200842,1610612739,CLE,Cleveland,1626224,Cedi Osman,Cedi,,,22:33,1.0,4.0,0.25,1.0,4.0,0.25,1.0,2.0,0.5,0.0,2.0,2.0,2.0,0.0,0.0,0.0,2.0,4.0,-3.0
22200842,1610612739,CLE,Cleveland,1630205,Lamar Stevens,Lamar,,,2:54,0.0,1.0,0.0,0.0,1.0,0.0,0.0,0.0,0.0,0.0,0.0,0.0,0.0,1.0,0.0,0.0,0.0,0.0,-8.0
22200842,1610612739,CLE,Cleveland,201577,Robin Lopez,Robin,,,2:54,0.0,1.0,0.0,0.0,0.0,0.0,0.0,0.0,0.0,0.0,0.0,0.0,0.0,0.0,0.0,0.0,0.0,0.0,-8.0
22200842,1610612739,CLE,Cleveland,203526,Raul Neto,Raul,,,2:54,0.0,1.0,0.0,0.0,0.0,0.0,0.0,0.0,0.0,0.0,0.0,0.0,0.0,0.0,0.0,0.0,0.0,0.0,-8.0
22200842,1610612739,CLE,Cleveland,201567,Kevin Love,Kevin,,DNP - Coach's Decision,,,,,,,,,,,,,,,,,,,,
22200842,1610612740,NOP,New Orleans,1630530,Trey Murphy III,Trey,F,,33:53,7.0,13.0,0.538,2.0,5.0,0.4,1.0,2.0,0.5,1.0,3.0,4.0,0.0,0.0,0.0,1.0,4.0,17.0,-11.0
22200842,1610612740,NOP,New Orleans,1627742,Brandon Ingram,Brandon,F,,33:09,8.0,15.0,0.533,2.0,2.0,1.0,7.0,8.0,0.875,0.0,3.0,3.0,8.0,1.0,0.0,3.0,2.0,25.0,-9.0
22200842,1610612740,NOP,New Orleans,202685,Jonas Valančiūnas,Jonas,C,,23:53,2.0,8.0,0.25,0.0,0.0,0.0,3.0,4.0,0.75,5.0,2.0,7.0,1.0,0.0,0.0,0.0,2.0,7.0,-24.0
22200842,1610612740,NOP,New Orleans,1630529,Herbert Jones,Herbert,G,,28:55,4.0,8.0,0.5,1.0,2.0,0.5,2.0,2.0,1.0,1.0,1.0,2.0,0.0,1.0,1.0,1.0,3.0,11.0,-12.0
22200842,1610612740,NOP,New Orleans,203468,CJ McCollum,CJ,G,,32:41,4.0,14.0,0.286,0.0,5.0,0.0,4.0,5.0,0.8,1.0,1.0,2.0,5.0,2.0,0.0,4.0,2.0,12.0,-24.0
22200842,1610612740,NOP,New Orleans,1626204,Larry Nance Jr.,Larry,,,26:42,4.0,5.0,0.8,0.0,1.0,0.0,3.0,4.0,0.75,1.0,5.0,6.0,2.0,0.0,1.0,0.0,1.0,11.0,-4.0
22200842,1610612740,NOP,New Orleans,1630631,Jose Alvarado,Jose,,,20:38,2.0,4.0,0.5,1.0,2.0,0.5,0.0,0.0,0.0,0.0,0.0,0.0,7.0,2.0,0.0,2.0,2.0,5.0,0.0
22200842,1610612740,NOP,New Orleans,1630230,Naji Marshall,Naji,,,24:06,2.0,6.0,0.333,1.0,3.0,0.333,0.0,0.0,0.0,1.0,4.0,5.0,1.0,2.0,1.0,0.0,2.0,5.0,1.0
22200842,1610612740,NOP,New Orleans,1630184,Kira Lewis Jr.,Kira,,,9:38,3.0,4.0,0.75,2.0,3.0,0.667,0.0,0.0,0.0,0.0,1.0,1.0,1.0,0.0,0.0,2.0,0.0,8.0,12.0
22200842,1610612740,NOP,New Orleans,1629637,Jaxson Hayes,Jaxson,,,3:13,3.0,5.0,0.6,0.0,1.0,0.0,0.0,0.0,0.0,1.0,3.0,4.0,0.0,0.0,0.0,1.0,0.0,6.0,8.0
22200842,1610612740,NOP,New Orleans,202066,Garrett Temple,Garrett,,,3:13,0.0,0.0,0.0,0.0,0.0,0.0,0.0,0.0,0.0,0.0,0.0,0.0,0.0,0.0,0.0,0.0,0.0,0.0,8.0
22200842,1610612740,NOP,New Orleans,1626195,Willy Hernangomez,Willy,,DNP - Coach's Decision,,,,,,,,,,,,,,,,,,,,
22200843,1610612760,OKC,Oklahoma City,1630598,Aaron Wiggins,Aaron,F,,20:32,1.0,5.0,0.2,0.0,1.0,0.0,0.0,0.0,0.0,2.0,2.0,4.0,1.0,0.0,0.0,1.0,5.0,2.0,-10.0
22200843,1610612760,OKC,Oklahoma City,1631114,Jalen Williams,Jalen,F,,32:48,4.0,10.0,0.4,0.0,1.0,0.0,5.0,5.0,1.0,1.0,3.0,4.0,6.0,3.0,0.0,1.0,3.0,13.0,-1.0
22200843,1610612760,OKC,Oklahoma City,1629026,Kenrich Williams,Kenrich,C,,27:02,4.0,9.0,0.444,0.0,3.0,0.0,0.0,0.0,0.0,0.0,3.0,3.0,0.0,2.0,0.0,0.0,2.0,8.0,2.0
22200843,1610612760,OKC,Oklahoma City,1630581,Josh Giddey,Josh,G,,28:09,7.0,15.0,0.467,2.0,3.0,0.667,3.0,3.0,1.0,3.0,3.0,6.0,7.0,0.0,0.0,0.0,4.0,19.0,-15.0
22200843,1610612760,OKC,Oklahoma City,1628983,Shai Gilgeous-Alexander,Shai,G,,39:19,13.0,16.0,0.813,0.0,1.0,0.0,18.0,19.0,0.947,0.0,3.0,3.0,7.0,2.0,1.0,4.0,1.0,44.0,22.0
22200843,1610612760,OKC,Oklahoma City,1631119,Jaylin Williams,Jaylin,,,18:08,4.0,5.0,0.8,1.0,2.0,0.5,2.0,2.0,1.0,1.0,1.0,2.0,1.0,0.0,0.0,0.0,3.0,11.0,3.0
22200843,1610612760,OKC,Oklahoma City,1630198,Isaiah Joe,Isaiah,,,23:09,4.0,5.0,0.8,4.0,4.0,1.0,0.0,0.0,0.0,0.0,3.0,3.0,3.0,0.0,0.0,1.0,1.0,12.0,18.0
22200843,1610612760,OKC,Oklahoma City,1630544,Tre Mann,Tre,,,20:24,3.0,8.0,0.375,2.0,4.0,0.5,1.0,1.0,1.0,1.0,0.0,1.0,3.0,1.0,1.0,2.0,0.0,9.0,5.0
22200843,1610612760,OKC,Oklahoma City,1630322,Lindy Waters III,Lindy,,,3:22,0.0,2.0,0.0,0.0,2.0,0.0,0.0,0.0,0.0,0.0,0.0,0.0,0.0,0.0,0.0,0.0,0.0,0.0,-3.0
22200843,1610612760,OKC,Oklahoma City,1630647,Eugene Omoruyi,Eugene,,,7:06,1.0,2.0,0.5,0.0,0.0,0.0,0.0,0.0,0.0,1.0,1.0,2.0,0.0,0.0,0.0,1.0,2.0,2.0,-6.0
22200843,1610612760,OKC,Oklahoma City,1629652,Luguentz Dort,Luguentz,,,20:02,6.0,6.0,1.0,3.0,3.0,1.0,3.0,5.0,0.6,1.0,0.0,1.0,1.0,1.0,1.0,0.0,5.0,18.0,30.0
22200843,1610612757,POR,Portland,1629629,Cam Reddish,Cam,F,,17:29,4.0,7.0,0.571,2.0,5.0,0.4,1.0,1.0,1.0,0.0,2.0,2.0,2.0,0.0,0.0,0.0,3.0,11.0,4.0
22200843,1610612757,POR,Portland,203924,Jerami Grant,Jerami,F,,36:50,8.0,13.0,0.615,2.0,5.0,0.4,5.0,5.0,1.0,0.0,4.0,4.0,2.0,0.0,1.0,4.0,5.0,23.0,-7.0
22200843,1610612757,POR,Portland,1629234,Drew Eubanks,Drew,C,,28:30,2.0,2.0,1.0,0.0,0.0,0.0,5.0,6.0,0.833,2.0,6.0,8.0,2.0,0.0,1.0,2.0,3.0,9.0,8.0
22200843,1610612757,POR,Portland,1629014,Anfernee Simons,Anfernee,G,,36:55,3.0,14.0,0.214,1.0,8.0,0.125,4.0,4.0,1.0,1.0,2.0,3.0,6.0,1.0,0.0,2.0,2.0,11.0,-14.0
22200843,1610612757,POR,Portland,203081,Damian Lillard,Damian,G,,35:54,10.0,18.0,0.556,6.0,13.0,0.462,12.0,13.0,0.923,1.0,1.0,2.0,9.0,1.0,0.0,6.0,3.0,38.0,-21.0
22200843,1610612757,POR,Portland,1629642,Nassir Little,Nassir,,,24:38,2.0,4.0,0.5,2.0,4.0,0.5,2.0,2.0,1.0,2.0,3.0,5.0,1.0,0.0,1.0,3.0,3.0,8.0,-2.0
22200843,1610612757,POR,Portland,1631101,Shaedon Sharpe,Shaedon,,,28:35,5.0,8.0,0.625,3.0,4.0,0.75,0.0,0.0,0.0,1.0,2.0,3.0,3.0,1.0,2.0,0.0,0.0,13.0,-6.0
22200843,1610612757,POR,Portland,1631133,Jabari Walker,Jabari,,,13:27,5.0,7.0,0.714,0.0,1.0,0.0,0.0,0.0,0.0,1.0,2.0,3.0,1.0,0.0,0.0,1.0,2.0,10.0,-8.0
22200843,1610612757,POR,Portland,1630570,Trendon Watford,Trendon,,,16:01,2.0,2.0,1.0,0.0,0.0,0.0,0.0,0.0,0.0,1.0,1.0,2.0,3.0,0.0,0.0,0.0,5.0,4.0,-3.0
22200843,1610612757,POR,Portland,1630553,Keon Johnson,Keon,,,1:41,1.0,1.0,1.0,0.0,0.0,0.0,0.0,0.0,0.0,0.0,0.0,0.0,0.0,0.0,0.0,0.0,1.0,2.0,4.0
22200843,1610612757,POR,Portland,1627853,Ryan Arcidiacono,Ryan,,DNP - Coach's Decision,,,,,,,,,,,,,,,,,,,,
22200843,1610612757,POR,Portland,1631219,John Butler Jr.,John,,DNP - Coach's Decision,,,,,,,,,,,,,,,,,,,,
22200840,1610612745,HOU,Houston,1630231,KJ Martin,KJ,F,,37:55,6.0,9.0,0.667,1.0,3.0,0.333,4.0,5.0,0.8,1.0,5.0,6.0,3.0,2.0,2.0,5.0,2.0,17.0,-19.0
22200840,1610612745,HOU,Houston,1631095,Jabari Smith Jr.,Jabari,F,,34:04,8.0,16.0,0.5,3.0,9.0,0.333,3.0,3.0,1.0,2.0,6.0,8.0,1.0,0.0,1.0,0.0,5.0,22.0,-3.0
22200840,1610612745,HOU,Houston,1630578,Alperen Sengun,Alperen,C,,30:54,3.0,9.0,0.333,0.0,0.0,0.0,6.0,6.0,1.0,2.0,6.0,8.0,3.0,1.0,0.0,4.0,2.0,12.0,-2.0
22200840,1610612745,HOU,Houston,1630256,Jae'Sean Tate,Jae'Sean,G,,24:26,2.0,7.0,0.286,0.0,0.0,0.0,1.0,3.0,0.333,2.0,2.0,4.0,1.0,0.0,0.0,1.0,4.0,5.0,-13.0
22200840,1610612745,HOU,Houston,1630224,Jalen Green,Jalen,G,,32:32,5.0,19.0,0.263,0.0,9.0,0.0,1.0,1.0,1.0,1.0,4.0,5.0,4.0,2.0,0.0,4.0,1.0,11.0,-9.0
22200840,1610612745,HOU,Houston,1630227,Daishen Nix,Daishen,,,14:06,2.0,3.0,0.667,1.0,2.0,0.5,0.0,0.0,0.0,0.0,2.0,2.0,1.0,1.0,0.0,1.0,2.0,5.0,7.0
22200840,1610612745,HOU,Houston,1631106,Tari Eason,Tari,,,19:12,3.0,5.0,0.6,1.0,2.0,0.5,1.0,3.0,0.333,0.0,3.0,3.0,2.0,1.0,1.0,0.0,0.0,8.0,11.0
22200840,1610612745,HOU,Houston,1631102,TyTy Washington Jr.,TyTy,,,22:37,2.0,7.0,0.286,0.0,3.0,0.0,2.0,3.0,0.667,1.0,5.0,6.0,6.0,0.0,0.0,0.0,1.0,6.0,10.0
22200840,1610612745,HOU,Houston,1630586,Usman Garuba,Usman,,,13:55,1.0,2.0,0.5,0.0,1.0,0.0,0.0,0.0,0.0,1.0,3.0,4.0,0.0,2.0,0.0,0.0,2.0,2.0,2.0
22200840,1610612745,HOU,Houston,1630528,Josh Christopher,Josh,,,10:20,3.0,7.0,0.429,1.0,1.0,1.0,0.0,0.0,0.0,0.0,1.0,1.0,2.0,2.0,0.0,1.0,2.0,7.0,6.0
22200840,1610612745,HOU,Houston,1630620,Darius Days,Darius,,DNP - Coach's Decision,,,,,,,,,,,,,,,,,,,,
22200840,1610612745,HOU,Houston,203200,Justin Holiday,Justin,,DNP - Coach's Decision,,,,,,,,,,,,,,,,,,,,
22200840,1610612745,HOU,Houston,1631309,Trevor Hudgins,Trevor,,DNP - Coach's Decision,,,,,,,,,,,,,,,,,,,,
22200840,1610612745,HOU,Houston,1626163,Frank Kaminsky,Frank,,DNP - Coach's Decision,,,,,,,,,,,,,,,,,,,,
22200840,1610612748,MIA,Miami,202710,Jimmy Butler III,Jimmy,F,,28:23,4.0,11.0,0.364,0.0,1.0,0.0,8.0,8.0,1.0,2.0,2.0,4.0,4.0,2.0,1.0,1.0,0.0,16.0,7.0
22200840,1610612748,MIA,Miami,1628997,Caleb Martin,Caleb,F,,19:49,2.0,9.0,0.222,2.0,6.0,0.333,0.0,0.0,0.0,0.0,9.0,9.0,1.0,0.0,1.0,2.0,5.0,6.0,-7.0
22200840,1610612748,MIA,Miami,1628389,Bam Adebayo,Bam,C,,33:58,7.0,11.0,0.636,0.0,0.0,0.0,6.0,7.0,0.857,1.0,8.0,9.0,3.0,2.0,1.0,3.0,5.0,20.0,21.0
22200840,1610612748,MIA,Miami,1629639,Tyler Herro,Tyler,G,,37:14,11.0,20.0,0.55,5.0,10.0,0.5,4.0,4.0,1.0,2.0,7.0,9.0,8.0,1.0,1.0,4.0,1.0,31.0,19.0
22200840,1610612748,MIA,Miami,1629216,Gabe Vincent,Gabe,G,,34:37,2.0,8.0,0.25,1.0,6.0,0.167,0.0,0.0,0.0,0.0,3.0,3.0,4.0,2.0,1.0,2.0,0.0,5.0,0.0
22200840,1610612748,MIA,Miami,1629622,Max Strus,Max,,,34:02,4.0,12.0,0.333,3.0,11.0,0.273,3.0,3.0,1.0,0.0,0.0,0.0,1.0,1.0,0.0,0.0,4.0,14.0,-5.0
22200840,1610612748,MIA,Miami,1631115,Orlando Robinson,Orlando,,,14:02,0.0,0.0,0.0,0.0,0.0,0.0,0.0,0.0,0.0,0.0,3.0,3.0,0.0,0.0,1.0,1.0,4.0,0.0,-19.0
22200840,1610612748,MIA,Miami,1629312,Haywood Highsmith,Haywood,,,23:50,1.0,3.0,0.333,1.0,3.0,0.333,0.0,0.0,0.0,1.0,2.0,3.0,0.0,2.0,0.0,1.0,2.0,3.0,-8.0
22200840,1610612748,MIA,Miami,1631123,Jamaree Bouyea,Jamaree,,,14:06,1.0,3.0,0.333,0.0,1.0,0.0,0.0,0.0,0.0,0.0,0.0,0.0,0.0,1.0,0.0,2.0,2.0,2.0,2.0
22200840,1610612748,MIA,Miami,1631288,Jamal Cain,Jamal,,DNP - Coach's Decision,,,,,,,,,,,,,,,,,,,,
22200840,1610612748,MIA,Miami,2617,Udonis Haslem,Udonis,,NWT - Personal,,,,,,,,,,,,,,,,,,,,
22200841,1610612750,MIN,Minnesota,1630183,Jaden McDaniels,Jaden,F,,22:58,2.0,10.0,0.2,2.0,5.0,0.4,0.0,0.0,0.0,1.0,2.0,3.0,1.0,0.0,0.0,0.0,3.0,6.0,-12.0
22200841,1610612750,MIN,Minnesota,203937,Kyle Anderson,Kyle,F,,17:06,4.0,6.0,0.667,2.0,3.0,0.667,2.0,2.0,1.0,1.0,5.0,6.0,2.0,1.0,0.0,2.0,0.0,12.0,-6.0
22200841,1610612750,MIN,Minnesota,203497,Rudy Gobert,Rudy,C,,29:30,2.0,4.0,0.5,0.0,0.0,0.0,4.0,4.0,1.0,2.0,8.0,10.0,2.0,0.0,2.0,1.0,3.0,8.0,-18.0
22200841,1610612750,MIN,Minnesota,1630162,Anthony Edwards,Anthony,G,,38:58,8.0,19.0,0.421,1.0,3.0,0.333,0.0,0.0,0.0,0.0,2.0,2.0,5.0,1.0,2.0,3.0,2.0,17.0,-18.0
22200841,1610612750,MIN,Minnesota,201144,Mike Conley,Mike,G,,25:42,3.0,7.0,0.429,1.0,4.0,0.25,2.0,2.0,1.0,0.0,1.0,1.0,3.0,2.0,0.0,3.0,1.0,9.0,-11.0
22200841,1610612750,MIN,Minnesota,1627752,Taurean Prince,Taurean,,,18:26,5.0,8.0,0.625,2.0,4.0,0.5,0.0,0.0,0.0,0.0,3.0,3.0,3.0,0.0,0.0,4.0,3.0,12.0,-12.0
22200841,1610612750,MIN,Minnesota,1629162,Jordan McLaughlin,Jordan,,,18:21,2.0,4.0,0.5,1.0,3.0,0.333,0.0,0.0,0.0,2.0,0.0,2.0,4.0,1.0,0.0,2.0,2.0,5.0,-8.0
22200841,1610612750,MIN,Minnesota,1629675,Naz Reid,Naz,,,16:51,4.0,7.0,0.571,2.0,3.0,0.667,0.0,0.0,0.0,0.0,3.0,3.0,2.0,0.0,0.0,1.0,3.0,10.0,-3.0
22200841,1610612750,MIN,Minnesota,203085,Austin Rivers,Austin,,,19:53,2.0,4.0,0.5,1.0,3.0,0.333,2.0,2.0,1.0,0.0,1.0,1.0,2.0,1.0,0.0,0.0,2.0,7.0,-7.0
22200841,1610612750,MIN,Minnesota,1629669,Jaylen Nowell,Jaylen,,,24:00,9.0,16.0,0.563,3.0,7.0,0.429,0.0,0.0,0.0,0.0,2.0,2.0,1.0,0.0,0.0,1.0,1.0,21.0,-10.0
22200841,1610612750,MIN,Minnesota,1629638,Nickeil Alexander-Walker,Nickeil,,,1:39,0.0,1.0,0.0,0.0,0.0,0.0,0.0,0.0,0.0,0.0,1.0,1.0,0.0,0.0,0.0,0.0,0.0,0.0,0.0
22200841,1610612750,MIN,Minnesota,1631169,Josh Minott,Josh,,,1:39,0.0,0.0,0.0,0.0,0.0,0.0,0.0,0.0,0.0,0.0,0.0,0.0,0.0,0.0,0.0,0.0,0.0,0.0,0.0
22200841,1610612750,MIN,Minnesota,1630233,Nathan Knight,Nathan,,,1:39,0.0,0.0,0.0,0.0,0.0,0.0,0.0,0.0,0.0,0.0,0.0,0.0,0.0,0.0,0.0,0.0,0.0,0.0,0.0
22200841,1610612750,MIN,Minnesota,1630568,Luka Garza,Luka,,,1:39,0.0,1.0,0.0,0.0,1.0,0.0,0.0,2.0,0.0,1.0,0.0,1.0,0.0,0.0,0.0,0.0,0.0,0.0,0.0
22200841,1610612750,MIN,Minnesota,1631111,Wendell Moore Jr.,Wendell,,,1:39,0.0,1.0,0.0,0.0,1.0,0.0,0.0,0.0,0.0,0.0,0.0,0.0,0.0,1.0,0.0,0.0,0.0,0.0,0.0
22200841,1610612763,MEM,Memphis,1628415,Dillon Brooks,Dillon,F,,14:01,2.0,4.0,0.5,0.0,0.0,0.0,2.0,2.0,1.0,0.0,1.0,1.0,1.0,1.0,1.0,3.0,6.0,6.0,-3.0
22200841,1610612763,MEM,Memphis,1628991,Jaren Jackson Jr.,Jaren,F,,27:58,6.0,13.0,0.462,1.0,5.0,0.2,2.0,2.0,1.0,0.0,6.0,6.0,1.0,1.0,4.0,2.0,2.0,15.0,24.0
22200841,1610612763,MEM,Memphis,1630214,Xavier Tillman,Xavier,C,,25:05,4.0,6.0,0.667,0.0,0.0,0.0,1.0,3.0,0.333,2.0,4.0,6.0,3.0,2.0,0.0,1.0,3.0,9.0,5.0
22200841,1610612763,MEM,Memphis,1630217,Desmond Bane,Desmond,G,,32:04,6.0,12.0,0.5,1.0,4.0,0.25,7.0,7.0,1.0,0.0,7.0,7.0,5.0,3.0,0.0,3.0,1.0,20.0,23.0
22200841,1610612763,MEM,Memphis,1629630,Ja Morant,Ja,G,,32:49,13.0,23.0,0.565,3.0,7.0,0.429,3.0,6.0,0.5,3.0,6.0,9.0,9.0,3.0,0.0,5.0,0.0,32.0,16.0
22200841,1610612763,MEM,Memphis,1630583,Santi Aldama,Santi,,,20:19,6.0,8.0,0.75,3.0,5.0,0.6,3.0,4.0,0.75,1.0,3.0,4.0,0.0,0.0,0.0,0.0,0.0,18.0,4.0
22200841,1610612763,MEM,Memphis,1629723,John Konchar,John,,,26:46,1.0,3.0,0.333,1.0,3.0,0.333,0.0,0.0,0.0,0.0,2.0,2.0,2.0,1.0,0.0,0.0,1.0,3.0,15.0
22200841,1610612763,MEM,Memphis,1629634,Brandon Clarke,Brandon,,,19:21,6.0,7.0,0.857,0.0,0.0,0.0,2.0,3.0,0.667,2.0,2.0,4.0,4.0,1.0,0.0,2.0,2.0,14.0,9.0
22200841,1610612763,MEM,Memphis,1626145,Tyus Jones,Tyus,,,20:43,3.0,5.0,0.6,0.0,0.0,0.0,0.0,0.0,0.0,0.0,2.0,2.0,2.0,0.0,1.0,1.0,1.0,6.0,9.0
22200841,1610612763,MEM,Memphis,1631223,David Roddy,David,,,14:19,2.0,2.0,1.0,1.0,1.0,1.0,0.0,0.0,0.0,1.0,1.0,2.0,0.0,0.0,0.0,1.0,2.0,5.0,3.0
22200841,1610612763,MEM,Memphis,1631113,Kennedy Chandler,Kennedy,,,1:39,0.0,0.0,0.0,0.0,0.0,0.0,0.0,0.0,0.0,0.0,0.0,0.0,0.0,0.0,0.0,0.0,0.0,0.0,0.0
22200841,1610612763,MEM,Memphis,1631222,Jake LaRavia,Jake,,,1:39,0.0,0.0,0.0,0.0,0.0,0.0,0.0,0.0,0.0,0.0,0.0,0.0,0.0,0.0,0.0,0.0,0.0,0.0,0.0
22200841,1610612763,MEM,Memphis,1631254,Kenneth Lofton Jr.,Kenneth,,,1:39,0.0,1.0,0.0,0.0,0.0,0.0,0.0,0.0,0.0,0.0,1.0,1.0,0.0,0.0,0.0,0.0,1.0,0.0,0.0
22200841,1610612763,MEM,Memphis,1630533,Ziaire Williams,Ziaire,,,1:39,0.0,0.0,0.0,0.0,0.0,0.0,0.0,0.0,0.0,0.0,0.0,0.0,0.0,0.0,0.0,0.0,0.0,0.0,0.0
22200841,1610612763,MEM,Memphis,1631246,Vince Williams Jr.,Vince,,DNP - Coach's Decision,,,,,,,,,,,,,,,,,,,,
22200837,1610612752,NYK,New York,1629628,RJ Barrett,RJ,F,,29:47,7.0,16.0,0.438,3.0,5.0,0.6,2.0,3.0,0.667,0.0,3.0,3.0,2.0,0.0,0.0,4.0,2.0,19.0,-4.0
22200837,1610612752,NYK,New York,203944,Julius Randle,Julius,F,,36:33,11.0,20.0,0.55,5.0,11.0,0.455,3.0,3.0,1.0,0.0,10.0,10.0,3.0,0.0,0.0,3.0,1.0,30.0,-6.0
22200837,1610612752,NYK,New York,1630579,Jericho Sims,Jericho,C,,22:54,1.0,2.0,0.5,0.0,0.0,0.0,0.0,0.0,0.0,0.0,3.0,3.0,1.0,0.0,0.0,1.0,5.0,2.0,0.0
22200837,1610612752,NYK,New York,1629656,Quentin Grimes,Quentin,G,,37:13,3.0,7.0,0.429,0.0,4.0,0.0,0.0,1.0,0.0,0.0,3.0,3.0,1.0,0.0,1.0,0.0,2.0,6.0,-7.0
22200837,1610612752,NYK,New York,1628973,Jalen Brunson,Jalen,G,,38:57,12.0,19.0,0.632,2.0,4.0,0.5,4.0,5.0,0.8,1.0,6.0,7.0,9.0,0.0,0.0,2.0,0.0,30.0,-3.0
22200837,1610612752,NYK,New York,1630193,Immanuel Quickley,Immanuel,,,29:26,5.0,8.0,0.625,1.0,4.0,0.25,2.0,3.0,0.667,1.0,0.0,1.0,3.0,1.0,1.0,1.0,1.0,13.0,-11.0
22200837,1610612752,NYK,New York,1628392,Isaiah Hartenstein,Isaiah,,,24:41,3.0,3.0,1.0,0.0,0.0,0.0,0.0,1.0,0.0,2.0,4.0,6.0,1.0,0.0,3.0,1.0,3.0,6.0,-11.0
22200837,1610612752,NYK,New York,1630540,Miles McBride,Miles,,,9:03,0.0,2.0,0.0,0.0,1.0,0.0,0.0,0.0,0.0,0.0,1.0,1.0,1.0,0.0,0.0,0.0,1.0,0.0,-8.0
22200837,1610612752,NYK,New York,1630167,Obi Toppin,Obi,,,11:27,1.0,4.0,0.25,0.0,3.0,0.0,0.0,0.0,0.0,0.0,1.0,1.0,2.0,0.0,0.0,0.0,2.0,2.0,-5.0
22200837,1610612752,NYK,New York,203095,Evan Fournier,Evan,,DNP - Coach's Decision,,,,,,,,,,,,,,,,,,,,
22200837,1610612752,NYK,New York,1629610,DaQuan Jeffries,DaQuan,,DNP - Coach's Decision,,,,,,,,,,,,,,,,,,,,
22200837,1610612752,NYK,New York,1631211,Trevor Keels,Trevor,,DNP - Coach's Decision,,,,,,,,,,,,,,,,,,,,
22200837,1610612752,NYK,New York,201565,Derrick Rose,Derrick,,DNP - Coach's Decision,,,,,,,,,,,,,,,,,,,,
22200837,1610612755,PHI,Philadelphia,202699,Tobias Harris,Tobias,F,,34:52,5.0,13.0,0.385,2.0,8.0,0.25,0.0,0.0,0.0,0.0,4.0,4.0,4.0,1.0,0.0,1.0,2.0,12.0,8.0
22200837,1610612755,PHI,Philadelphia,200782,P.J. Tucker,P.J.,F,,30:54,2.0,3.0,0.667,1.0,2.0,0.5,0.0,0.0,0.0,2.0,4.0,6.0,1.0,0.0,0.0,0.0,2.0,5.0,2.0
22200837,1610612755,PHI,Philadelphia,203954,Joel Embiid,Joel,C,,37:45,14.0,18.0,0.778,0.0,1.0,0.0,7.0,10.0,0.7,2.0,9.0,11.0,6.0,1.0,2.0,1.0,2.0,35.0,7.0
22200837,1610612755,PHI,Philadelphia,1629001,De'Anthony Melton,De'Anthony,G,,18:36,2.0,6.0,0.333,1.0,5.0,0.2,0.0,0.0,0.0,0.0,1.0,1.0,1.0,0.0,0.0,0.0,2.0,5.0,-13.0
22200837,1610612755,PHI,Philadelphia,201935,James Harden,James,G,,37:16,7.0,16.0,0.438,2.0,7.0,0.286,4.0,5.0,0.8,0.0,8.0,8.0,12.0,1.0,0.0,3.0,1.0,20.0,16.0
22200837,1610612755,PHI,Philadelphia,1630178,Tyrese Maxey,Tyrese,,,32:35,9.0,16.0,0.563,5.0,8.0,0.625,4.0,5.0,0.8,0.0,0.0,0.0,2.0,3.0,0.0,1.0,3.0,27.0,27.0
22200837,1610612755,PHI,Philadelphia,1629003,Shake Milton,Shake,,,10:11,0.0,2.0,0.0,0.0,1.0,0.0,2.0,2.0,1.0,0.0,0.0,0.0,1.0,0.0,0.0,0.0,1.0,2.0,-5.0
22200837,1610612755,PHI,Philadelphia,1627777,Georges Niang,Georges,,,23:32,5.0,9.0,0.556,3.0,5.0,0.6,0.0,0.0,0.0,2.0,4.0,6.0,0.0,0.0,0.0,0.0,0.0,13.0,10.0
22200837,1610612755,PHI,Philadelphia,1627863,Danuel House Jr.,Danuel,,,4:04,0.0,1.0,0.0,0.0,1.0,0.0,0.0,0.0,0.0,0.0,0.0,0.0,0.0,0.0,0.0,0.0,0.0,0.0,-1.0
22200837,1610612755,PHI,Philadelphia,1630194,Paul Reed,Paul,,,10:15,0.0,0.0,0.0,0.0,0.0,0.0,0.0,0.0,0.0,0.0,4.0,4.0,0.0,2.0,0.0,0.0,2.0,0.0,4.0
22200837,1610612755,PHI,Philadelphia,1626149,Montrezl Harrell,Montrezl,,DNP - Coach's Decision,,,,,,,,,,,,,,,,,,,,
22200837,1610612755,PHI,Philadelphia,1627788,Furkan Korkmaz,Furkan,,DNP - Coach's Decision,,,,,,,,,,,,,,,,,,,,
22200837,1610612755,PHI,Philadelphia,1629667,Jalen McDaniels,Jalen,,DNP - Coach's Decision,,,,,,,,,,,,,,,,,,,,
22200837,1610612755,PHI,Philadelphia,1630531,Jaden Springer,Jaden,,DNP - Coach's Decision,,,,,,,,,,,,,,,,,,,,
22200835,1610612759,SAS,San Antonio,1628966,Keita Bates-Diop,Keita,F,,42:32,6.0,12.0,0.5,0.0,2.0,0.0,3.0,3.0,1.0,0.0,5.0,5.0,5.0,0.0,3.0,3.0,3.0,15.0,-1.0
22200835,1610612759,SAS,San Antonio,1629676,Isaiah Roby,Isaiah,F,,25:04,1.0,7.0,0.143,0.0,2.0,0.0,1.0,1.0,1.0,1.0,3.0,4.0,1.0,1.0,0.0,2.0,3.0,3.0,-12.0
22200835,1610612759,SAS,San Antonio,1628380,Zach Collins,Zach,C,,35:21,11.0,16.0,0.688,1.0,3.0,0.333,6.0,9.0,0.667,2.0,9.0,11.0,3.0,0.0,0.0,0.0,6.0,29.0,-6.0
22200835,1610612759,SAS,San Antonio,1631104,Blake Wesley,Blake,G,,24:10,1.0,5.0,0.2,1.0,2.0,0.5,0.0,0.0,0.0,0.0,3.0,3.0,2.0,0.0,0.0,4.0,3.0,3.0,4.0
22200835,1610612759,SAS,San Antonio,1631103,Malaki Branham,Malaki,G,,42:43,8.0,17.0,0.471,4.0,8.0,0.5,7.0,10.0,0.7,1.0,4.0,5.0,2.0,2.0,0.0,3.0,3.0,27.0,-9.0
22200835,1610612759,SAS,San Antonio,203926,Doug McDermott,Doug,,,18:57,3.0,10.0,0.3,1.0,5.0,0.2,0.0,0.0,0.0,1.0,0.0,1.0,2.0,0.0,0.0,0.0,2.0,7.0,1.0
22200835,1610612759,SAS,San Antonio,1626169,Stanley Johnson,Stanley,,,32:10,4.0,12.0,0.333,0.0,2.0,0.0,0.0,0.0,0.0,3.0,7.0,10.0,1.0,3.0,0.0,2.0,3.0,8.0,3.0
22200835,1610612759,SAS,San Antonio,1628984,Devonte' Graham,Devonte',,,36:37,9.0,22.0,0.409,6.0,16.0,0.375,7.0,7.0,1.0,1.0,2.0,3.0,3.0,0.0,0.0,0.0,1.0,31.0,-6.0
22200835,1610612759,SAS,San Antonio,1631230,Dominick Barlow,Dominick,,,14:51,1.0,3.0,0.333,0.0,0.0,0.0,1.0,2.0,0.5,3.0,3.0,6.0,1.0,1.0,0.0,1.0,4.0,3.0,-1.0
22200835,1610612759,SAS,San Antonio,203476,Gorgui Dieng,Gorgui,,,17:36,1.0,3.0,0.333,1.0,2.0,0.5,2.0,2.0,1.0,1.0,2.0,3.0,1.0,0.0,0.0,2.0,4.0,5.0,-8.0
22200835,1610612759,SAS,San Antonio,1629640,Keldon Johnson,Keldon,,DND - Injury/Illness,,,,,,,,,,,,,,,,,,,,
22200835,1610612765,DET,Detroit,202711,Bojan Bogdanović,Bojan,F,,41:56,11.0,24.0,0.458,0.0,6.0,0.0,10.0,10.0,1.0,2.0,3.0,5.0,1.0,0.0,0.0,2.0,4.0,32.0,4.0
22200835,1610612765,DET,Detroit,1630191,Isaiah Stewart,Isaiah,F,,29:04,4.0,11.0,0.364,1.0,6.0,0.167,6.0,8.0,0.75,5.0,6.0,11.0,4.0,0.0,1.0,2.0,5.0,15.0,15.0
22200835,1610612765,DET,Detroit,1631105,Jalen Duren,Jalen,C,,41:54,13.0,20.0,0.65,0.0,0.0,0.0,4.0,9.0,0.444,7.0,10.0,17.0,3.0,1.0,4.0,1.0,4.0,30.0,-10.0
22200835,1610612765,DET,Detroit,1631093,Jaden Ivey,Jaden,G,,43:34,3.0,15.0,0.2,0.0,7.0,0.0,11.0,12.0,0.917,2.0,6.0,8.0,8.0,1.0,0.0,3.0,5.0,17.0,2.0
22200835,1610612765,DET,Detroit,1630165,Killian Hayes,Killian,G,,39:05,1.0,11.0,0.091,0.0,4.0,0.0,2.0,2.0,1.0,1.0,3.0,4.0,6.0,1.0,0.0,3.0,4.0,4.0,-3.0
22200835,1610612765,DET,Detroit,1628977,Hamidou Diallo,Hamidou,,,17:55,5.0,6.0,0.833,0.0,0.0,0.0,4.0,5.0,0.8,0.0,1.0,1.0,1.0,1.0,0.0,1.0,1.0,14.0,-6.0
22200835,1610612765,DET,Detroit,202692,Alec Burks,Alec,,,14:37,2.0,6.0,0.333,1.0,4.0,0.25,0.0,0.0,0.0,2.0,2.0,4.0,1.0,0.0,0.0,3.0,2.0,5.0,5.0
22200835,1610612765,DET,Detroit,202709,Cory Joseph,Cory,,,17:17,2.0,5.0,0.4,1.0,3.0,0.333,2.0,3.0,0.667,0.0,1.0,1.0,4.0,0.0,0.0,0.0,2.0,7.0,8.0
22200835,1610612765,DET,Detroit,1630587,Isaiah Livers,Isaiah,,,40:14,4.0,8.0,0.5,3.0,6.0,0.5,0.0,0.0,0.0,1.0,9.0,10.0,1.0,2.0,0.0,0.0,2.0,11.0,16.0
22200835,1610612765,DET,Detroit,203585,Rodney McGruder,Rodney,,,4:24,1.0,1.0,1.0,1.0,1.0,1.0,0.0,0.0,0.0,1.0,0.0,1.0,0.0,0.0,0.0,0.0,0.0,3.0,4.0
22200835,1610612765,DET,Detroit,1628963,Marvin Bagley III,Marvin,,DND - Injury/Illness,,,,,,,,,,,,,,,,,,,,
22200835,1610612765,DET,Detroit,1630649,Stanley Umude,Stanley,,DNP - Coach's Decision,,,,,,,,,,,,,,,,,,,,
22200832,1610612756,PHX,Phoenix,1628470,Torrey Craig,Torrey,F,,34:37,1.0,6.0,0.167,0.0,3.0,0.0,0.0,0.0,0.0,2.0,3.0,5.0,4.0,0.0,0.0,2.0,2.0,2.0,-3.0
22200832,1610612756,PHX,Phoenix,1629111,Jock Landale,Jock,F,,19:20,2.0,6.0,0.333,0.0,3.0,0.0,0.0,1.0,0.0,1.0,3.0,4.0,0.0,1.0,0.0,1.0,1.0,4.0,-3.0
22200832,1610612756,PHX,Phoenix,1629028,Deandre Ayton,Deandre,C,,29:49,10.0,15.0,0.667,0.0,0.0,0.0,3.0,4.0,0.75,0.0,2.0,2.0,2.0,1.0,2.0,1.0,3.0,23.0,-9.0
22200832,1610612756,PHX,Phoenix,1627814,Damion Lee,Damion,G,,24:46,4.0,14.0,0.286,1.0,9.0,0.111,1.0,2.0,0.5,2.0,2.0,4.0,2.0,1.0,1.0,4.0,4.0,10.0,-22.0
22200832,1610612756,PHX,Phoenix,101108,Chris Paul,Chris,G,,32:46,5.0,13.0,0.385,0.0,2.0,0.0,5.0,5.0,1.0,0.0,5.0,5.0,8.0,3.0,2.0,1.0,0.0,15.0,-17.0
22200832,1610612756,PHX,Phoenix,1630688,Ish Wainright,Ish,,,32:01,4.0,8.0,0.5,3.0,7.0,0.429,6.0,6.0,1.0,1.0,3.0,4.0,2.0,3.0,2.0,0.0,2.0,17.0,-1.0
22200832,1610612756,PHX,Phoenix,1629006,Josh Okogie,Josh,,,32:01,9.0,17.0,0.529,3.0,6.0,0.5,4.0,4.0,1.0,2.0,2.0,4.0,3.0,3.0,1.0,0.0,4.0,25.0,8.0
22200832,1610612756,PHX,Phoenix,202687,Bismack Biyombo,Bismack,,,14:50,1.0,1.0,1.0,0.0,0.0,0.0,0.0,2.0,0.0,0.0,4.0,4.0,0.0,1.0,2.0,1.0,0.0,2.0,-5.0
22200832,1610612756,PHX,Phoenix,1630240,Saben Lee,Saben,,,19:50,3.0,6.0,0.5,0.0,0.0,0.0,3.0,5.0,0.6,1.0,2.0,3.0,3.0,1.0,0.0,0.0,3.0,9.0,7.0
22200832,1610612756,PHX,Phoenix,1626164,Devin Booker,Devin,,DND - Injury/Illness,,,,,,,,,,,,,,,,,,,,
22200832,1610612756,PHX,Phoenix,1626166,Cameron Payne,Cameron,,DND - Injury/Illness,,,,,,,,,,,,,,,,,,,,
22200832,1610612756,PHX,Phoenix,1629013,Landry Shamet,Landry,,DND - Injury/Illness,,,,,,,,,,,,,,,,,,,,
22200832,1610612737,ATL,Atlanta,1629631,De'Andre Hunter,De'Andre,F,,35:40,4.0,12.0,0.333,1.0,5.0,0.2,0.0,0.0,0.0,0.0,6.0,6.0,2.0,0.0,0.0,2.0,3.0,9.0,3.0
22200832,1610612737,ATL,Atlanta,1628381,John Collins,John,F,,31:27,6.0,12.0,0.5,0.0,2.0,0.0,4.0,4.0,1.0,0.0,2.0,2.0,0.0,1.0,0.0,0.0,1.0,16.0,6.0
22200832,1610612737,ATL,Atlanta,203991,Clint Capela,Clint,C,,25:19,3.0,8.0,0.375,0.0,0.0,0.0,1.0,2.0,0.5,8.0,9.0,17.0,1.0,2.0,1.0,2.0,4.0,7.0,11.0
22200832,1610612737,ATL,Atlanta,1627749,Dejounte Murray,Dejounte,G,,37:24,8.0,14.0,0.571,2.0,4.0,0.5,1.0,2.0,0.5,1.0,7.0,8.0,5.0,0.0,1.0,4.0,2.0,19.0,2.0
22200832,1610612737,ATL,Atlanta,1629027,Trae Young,Trae,G,,38:14,10.0,18.0,0.556,5.0,8.0,0.625,11.0,12.0,0.917,3.0,4.0,7.0,12.0,2.0,0.0,9.0,2.0,36.0,15.0
22200832,1610612737,ATL,Atlanta,203992,Bogdan Bogdanović,Bogdan,,,22:05,2.0,12.0,0.167,2.0,9.0,0.222,0.0,0.0,0.0,0.0,0.0,0.0,2.0,0.0,0.0,0.0,4.0,6.0,-1.0
22200832,1610612737,ATL,Atlanta,1630168,Onyeka Okongwu,Onyeka,,,22:41,4.0,6.0,0.667,0.0,0.0,0.0,3.0,4.0,0.75,4.0,7.0,11.0,0.0,1.0,1.0,0.0,3.0,11.0,-2.0
22200832,1610612737,ATL,Atlanta,1631100,AJ Griffin,AJ,,,15:15,3.0,7.0,0.429,0.0,1.0,0.0,0.0,2.0,0.0,0.0,0.0,0.0,0.0,0.0,0.0,0.0,2.0,6.0,5.0
22200832,1610612737,ATL,Atlanta,1630552,Jalen Johnson,Jalen,,,11:55,3.0,6.0,0.5,0.0,0.0,0.0,0.0,1.0,0.0,4.0,4.0,8.0,1.0,0.0,1.0,1.0,1.0,6.0,6.0
22200832,1610612737,ATL,Atlanta,1630235,Trent Forrest,Trent,,DNP - Coach's Decision,,,,,,,,,,,,,,,,,,,,
22200832,1610612737,ATL,Atlanta,1630249,Vít Krejčí,Vít,,DNP - Coach's Decision,,,,,,,,,,,,,,,,,,,,
22200831,1610612743,DEN,Denver,1629008,Michael Porter Jr.,Michael,F,,34:27,3.0,16.0,0.188,3.0,12.0,0.25,3.0,3.0,1.0,0.0,3.0,3.0,0.0,0.0,0.0,2.0,2.0,12.0,-5.0
22200831,1610612743,DEN,Denver,203932,Aaron Gordon,Aaron,F,,37:51,15.0,21.0,0.714,3.0,6.0,0.5,4.0,7.0,0.571,3.0,10.0,13.0,3.0,1.0,1.0,2.0,1.0,37.0,5.0
22200831,1610612743,DEN,Denver,203999,Nikola Jokić,Nikola,C,,37:39,10.0,19.0,0.526,3.0,5.0,0.6,6.0,9.0,0.667,2.0,10.0,12.0,6.0,1.0,2.0,7.0,3.0,29.0,8.0
22200831,1610612743,DEN,Denver,203484,Kentavious Caldwell-Pope,Kentavious,G,,39:12,4.0,7.0,0.571,0.0,3.0,0.0,1.0,1.0,1.0,1.0,3.0,4.0,5.0,1.0,0.0,1.0,3.0,9.0,5.0
22200831,1610612743,DEN,Denver,1628971,Bruce Brown,Bruce,G,,33:22,3.0,7.0,0.429,0.0,3.0,0.0,1.0,2.0,0.5,0.0,2.0,2.0,3.0,2.0,1.0,2.0,1.0,7.0,7.0
22200831,1610612743,DEN,Denver,1631128,Christian Braun,Christian,,,19:08,0.0,2.0,0.0,0.0,0.0,0.0,0.0,0.0,0.0,0.0,0.0,0.0,0.0,1.0,0.0,0.0,3.0,0.0,-22.0
22200831,1610612743,DEN,Denver,202397,Ish Smith,Ish,,,14:23,0.0,3.0,0.0,0.0,0.0,0.0,0.0,0.0,0.0,0.0,1.0,1.0,5.0,0.0,0.0,1.0,2.0,0.0,-18.0
22200831,1610612743,DEN,Denver,201145,Jeff Green,Jeff,,,12:05,3.0,6.0,0.5,0.0,2.0,0.0,1.0,2.0,0.5,1.0,2.0,3.0,1.0,0.0,0.0,0.0,0.0,7.0,-19.0
22200831,1610612743,DEN,Denver,1628427,Vlatko Čančar,Vlatko,,,11:53,1.0,3.0,0.333,1.0,2.0,0.5,0.0,0.0,0.0,0.0,1.0,1.0,1.0,0.0,1.0,1.0,0.0,3.0,-16.0
22200831,1610612743,DEN,Denver,201599,DeAndre Jordan,DeAndre,,DNP - Coach's Decision,,,,,,,,,,,,,,,,,,,,
22200831,1610612743,DEN,Denver,1631212,Peyton Watson,Peyton,,DNP - Coach's Decision,,,,,,,,,,,,,,,,,,,,
22200831,1610612743,DEN,Denver,1631298,Jack White,Jack,,DNP - Coach's Decision,,,,,,,,,,,,,,,,,,,,
22200831,1610612753,ORL,Orlando,1630532,Franz Wagner,Franz,F,,34:24,3.0,9.0,0.333,1.0,4.0,0.25,3.0,3.0,1.0,1.0,1.0,2.0,6.0,3.0,0.0,1.0,2.0,10.0,5.0
22200831,1610612753,ORL,Orlando,1631094,Paolo Banchero,Paolo,F,,33:04,5.0,12.0,0.417,1.0,2.0,0.5,0.0,2.0,0.0,2.0,8.0,10.0,2.0,0.0,0.0,2.0,2.0,11.0,-5.0
22200831,1610612753,ORL,Orlando,1628976,Wendell Carter Jr.,Wendell,C,,28:55,7.0,11.0,0.636,2.0,3.0,0.667,3.0,6.0,0.5,1.0,5.0,6.0,2.0,0.0,1.0,2.0,2.0,19.0,-7.0
22200831,1610612753,ORL,Orlando,1630591,Jalen Suggs,Jalen,G,,26:34,5.0,11.0,0.455,1.0,5.0,0.2,0.0,0.0,0.0,1.0,3.0,4.0,1.0,0.0,0.0,1.0,2.0,11.0,-7.0
22200831,1610612753,ORL,Orlando,1628365,Markelle Fultz,Markelle,G,,31:43,3.0,13.0,0.231,0.0,1.0,0.0,2.0,2.0,1.0,5.0,3.0,8.0,4.0,3.0,0.0,2.0,2.0,8.0,-8.0
22200831,1610612753,ORL,Orlando,1628371,Jonathan Isaac,Jonathan,,,11:00,0.0,3.0,0.0,0.0,0.0,0.0,3.0,4.0,0.75,1.0,2.0,3.0,1.0,3.0,1.0,0.0,0.0,3.0,5.0
22200831,1610612753,ORL,Orlando,1630175,Cole Anthony,Cole,,,24:02,8.0,14.0,0.571,0.0,3.0,0.0,1.0,2.0,0.5,0.0,7.0,7.0,7.0,0.0,3.0,2.0,1.0,17.0,19.0
22200831,1610612753,ORL,Orlando,1631216,Caleb Houstan,Caleb,,,16:17,3.0,4.0,0.75,1.0,2.0,0.5,0.0,0.0,0.0,2.0,0.0,2.0,0.0,1.0,0.0,0.0,1.0,7.0,19.0
22200831,1610612753,ORL,Orlando,1629021,Moritz Wagner,Moritz,,,19:05,5.0,9.0,0.556,2.0,5.0,0.4,0.0,0.0,0.0,1.0,1.0,2.0,1.0,2.0,0.0,0.0,3.0,12.0,18.0
22200831,1610612753,ORL,Orlando,1629626,Bol Bol,Bol,,,14:56,8.0,11.0,0.727,1.0,2.0,0.5,0.0,0.0,0.0,1.0,2.0,3.0,0.0,0.0,1.0,0.0,1.0,17.0,16.0
22200831,1610612753,ORL,Orlando,1628964,Mo Bamba,Mo,,DNP - League Suspension,,,,,,,,,,,,,,,,,,,,
22200831,1610612753,ORL,Orlando,1630181,R.J. Hampton,R.J.,,DNP - Coach's Decision,,,,,,,,,,,,,,,,,,,,
22200831,1610612753,ORL,Orlando,203082,Terrence Ross,Terrence,,DNP - Coach's Decision,,,,,,,,,,,,,,,,,,,,
22200831,1610612753,ORL,Orlando,1629678,Admiral Schofield,Admiral,,DNP - Coach's Decision,,,,,,,,,,,,,,,,,,,,
22200833,1610612741,CHI,Chicago,201942,DeMar DeRozan,DeMar,F,,35:59,5.0,13.0,0.385,0.0,1.0,0.0,4.0,7.0,0.571,1.0,2.0,3.0,6.0,0.0,1.0,3.0,2.0,14.0,-23.0
22200833,1610612741,CHI,Chicago,1630172,Patrick Williams,Patrick,F,,14:25,1.0,4.0,0.25,0.0,0.0,0.0,0.0,0.0,0.0,0.0,2.0,2.0,0.0,1.0,1.0,1.0,0.0,2.0,-16.0
22200833,1610612741,CHI,Chicago,202696,Nikola Vučević,Nikola,C,,37:13,7.0,15.0,0.467,1.0,6.0,0.167,0.0,0.0,0.0,2.0,15.0,17.0,1.0,0.0,0.0,0.0,4.0,15.0,-3.0
22200833,1610612741,CHI,Chicago,203897,Zach LaVine,Zach,G,,39:54,16.0,25.0,0.64,2.0,7.0,0.286,4.0,6.0,0.667,0.0,1.0,1.0,1.0,0.0,0.0,4.0,4.0,38.0,2.0
22200833,1610612741,CHI,Chicago,1630245,Ayo Dosunmu,Ayo,G,,27:05,2.0,6.0,0.333,0.0,2.0,0.0,2.0,2.0,1.0,1.0,1.0,2.0,1.0,0.0,0.0,1.0,3.0,6.0,-22.0
22200833,1610612741,CHI,Chicago,1627936,Alex Caruso,Alex,,,29:32,1.0,3.0,0.333,0.0,2.0,0.0,4.0,4.0,1.0,0.0,7.0,7.0,2.0,1.0,0.0,1.0,1.0,6.0,9.0
22200833,1610612741,CHI,Chicago,1629632,Coby White,Coby,,,26:24,4.0,11.0,0.364,1.0,5.0,0.2,2.0,2.0,1.0,1.0,3.0,4.0,3.0,0.0,0.0,1.0,1.0,11.0,4.0
22200833,1610612741,CHI,Chicago,203083,Andre Drummond,Andre,,,10:47,2.0,4.0,0.5,0.0,0.0,0.0,0.0,0.0,0.0,1.0,4.0,5.0,0.0,1.0,0.0,0.0,1.0,4.0,-8.0
22200833,1610612741,CHI,Chicago,201609,Goran Dragic,Goran,,,12:00,2.0,4.0,0.5,1.0,1.0,1.0,0.0,0.0,0.0,0.0,1.0,1.0,1.0,0.0,0.0,0.0,0.0,5.0,-8.0
22200833,1610612741,CHI,Chicago,1627884,Derrick Jones Jr.,Derrick,,,6:41,2.0,6.0,0.333,0.0,2.0,0.0,0.0,0.0,0.0,2.0,2.0,4.0,0.0,1.0,0.0,0.0,0.0,4.0,10.0
22200833,1610612741,CHI,Chicago,1628396,Tony Bradley,Tony,,DNP - Coach's Decision,,,,,,,,,,,,,,,,,,,,
22200833,1610612741,CHI,Chicago,1630792,Malcolm Hill,Malcolm,,DNP - Coach's Decision,,,,,,,,,,,,,,,,,,,,
22200833,1610612741,CHI,Chicago,1631207,Dalen Terry,Dalen,,DNP - Coach's Decision,,,,,,,,,,,,,,,,,,,,
22200833,1610612751,BKN,Brooklyn,1627827,Dorian Finney-Smith,Dorian,F,,34:35,4.0,10.0,0.4,0.0,4.0,0.0,1.0,3.0,0.333,3.0,6.0,9.0,1.0,0.0,0.0,1.0,3.0,9.0,32.0
22200833,1610612751,BKN,Brooklyn,1626220,Royce O'Neale,Royce,F,,28:15,2.0,7.0,0.286,2.0,7.0,0.286,0.0,0.0,0.0,0.0,3.0,3.0,4.0,1.0,0.0,0.0,4.0,6.0,-6.0
22200833,1610612751,BKN,Brooklyn,1630549,Day'Ron Sharpe,Day'Ron,C,,28:21,4.0,9.0,0.444,0.0,0.0,0.0,0.0,0.0,0.0,3.0,9.0,12.0,1.0,0.0,1.0,1.0,3.0,8.0,23.0
22200833,1610612751,BKN,Brooklyn,1630560,Cam Thomas,Cam,G,,33:06,3.0,16.0,0.188,1.0,6.0,0.167,13.0,13.0,1.0,0.0,6.0,6.0,4.0,0.0,0.0,4.0,3.0,20.0,18.0
22200833,1610612751,BKN,Brooklyn,203915,Spencer Dinwiddie,Spencer,G,,38:34,8.0,17.0,0.471,2.0,7.0,0.286,7.0,9.0,0.778,1.0,4.0,5.0,6.0,4.0,0.0,1.0,1.0,25.0,25.0
22200833,1610612751,BKN,Brooklyn,1627732,Ben Simmons,Ben,,,19:39,4.0,7.0,0.571,0.0,1.0,0.0,0.0,0.0,0.0,2.0,6.0,8.0,4.0,0.0,0.0,1.0,3.0,8.0,-12.0
22200833,1610612751,BKN,Brooklyn,201988,Patty Mills,Patty,,,13:43,3.0,9.0,0.333,2.0,5.0,0.4,0.0,0.0,0.0,1.0,1.0,2.0,2.0,1.0,0.0,2.0,2.0,8.0,-23.0
22200833,1610612751,BKN,Brooklyn,203925,Joe Harris,Joe,,,21:28,6.0,9.0,0.667,6.0,9.0,0.667,0.0,0.0,0.0,1.0,2.0,3.0,2.0,1.0,0.0,0.0,0.0,18.0,-11.0
22200833,1610612751,BKN,Brooklyn,1629139,Yuta Watanabe,Yuta,,,22:19,5.0,7.0,0.714,4.0,5.0,0.8,0.0,0.0,0.0,0.0,1.0,1.0,2.0,1.0,0.0,1.0,1.0,14.0,9.0
22200833,1610612751,BKN,Brooklyn,1630561,David Duke Jr.,David,,DNP - Coach's Decision,,,,,,,,,,,,,,,,,,,,
22200833,1610612751,BKN,Brooklyn,1630696,Dru Smith,Dru,,DNP - Coach's Decision,,,,,,,,,,,,,,,,,,,,
22200833,1610612751,BKN,Brooklyn,1628410,Edmond Sumner,Edmond,,DNP - Coach's Decision,,,,,,,,,,,,,,,,,,,,
22200834,1610612749,MIL,Milwaukee,1626192,Pat Connaughton,Pat,F,,27:59,2.0,8.0,0.25,1.0,5.0,0.2,0.0,0.0,0.0,2.0,3.0,5.0,2.0,2.0,0.0,1.0,0.0,5.0,-10.0
22200834,1610612749,MIL,Milwaukee,203507,Giannis Antetokounmpo,Giannis,F,,35:56,14.0,23.0,0.609,1.0,4.0,0.25,9.0,13.0,0.692,2.0,8.0,10.0,6.0,1.0,1.0,2.0,3.0,38.0,8.0
22200834,1610612749,MIL,Milwaukee,201572,Brook Lopez,Brook,C,,32:34,3.0,8.0,0.375,1.0,3.0,0.333,2.0,2.0,1.0,6.0,4.0,10.0,3.0,0.0,3.0,1.0,3.0,9.0,13.0
22200834,1610612749,MIL,Milwaukee,1628960,Grayson Allen,Grayson,G,,28:20,4.0,11.0,0.364,4.0,11.0,0.364,0.0,0.0,0.0,1.0,3.0,4.0,0.0,0.0,0.0,1.0,1.0,12.0,6.0
22200834,1610612749,MIL,Milwaukee,201950,Jrue Holiday,Jrue,G,,36:15,8.0,16.0,0.5,2.0,7.0,0.286,0.0,0.0,0.0,1.0,6.0,7.0,7.0,0.0,0.0,1.0,2.0,18.0,22.0
22200834,1610612749,MIL,Milwaukee,1628975,Jevon Carter,Jevon,,,13:41,0.0,2.0,0.0,0.0,2.0,0.0,0.0,0.0,0.0,0.0,0.0,0.0,2.0,0.0,1.0,0.0,3.0,0.0,-10.0
22200834,1610612749,MIL,Milwaukee,202083,Wesley Matthews,Wesley,,,22:23,1.0,5.0,0.2,0.0,3.0,0.0,0.0,0.0,0.0,2.0,4.0,6.0,1.0,1.0,1.0,0.0,2.0,2.0,16.0
22200834,1610612749,MIL,Milwaukee,203114,Khris Middleton,Khris,,,24:37,10.0,18.0,0.556,1.0,6.0,0.167,1.0,1.0,1.0,0.0,5.0,5.0,3.0,0.0,1.0,1.0,2.0,22.0,4.0
22200834,1610612749,MIL,Milwaukee,1630699,MarJon Beauchamp,MarJon,,,5:27,1.0,4.0,0.25,1.0,4.0,0.25,0.0,0.0,0.0,0.0,1.0,1.0,0.0,0.0,0.0,2.0,2.0,3.0,-8.0
22200834,1610612749,MIL,Milwaukee,1630572,Sandro Mamukelashvili,Sandro,,,12:48,2.0,4.0,0.5,1.0,2.0,0.5,1.0,2.0,0.5,2.0,1.0,3.0,0.0,1.0,0.0,1.0,2.0,6.0,4.0
22200834,1610612749,MIL,Milwaukee,203648,Thanasis Antetokounmpo,Thanasis,,DNP - Coach's Decision,,,,,,,,,,,,,,,,,,,,
22200834,1610612749,MIL,Milwaukee,1631260,AJ Green,AJ,,DNP - Coach's Decision,,,,,,,,,,,,,,,,,,,,
22200834,1610612747,LAL,Los Angeles,1628972,Troy Brown Jr.,Troy,F,,38:34,4.0,9.0,0.444,3.0,4.0,0.75,0.0,0.0,0.0,1.0,7.0,8.0,2.0,0.0,0.0,2.0,2.0,11.0,-13.0
22200834,1610612747,LAL,Los Angeles,1629060,Rui Hachimura,Rui,F,,32:08,3.0,9.0,0.333,0.0,2.0,0.0,2.0,4.0,0.5,1.0,5.0,6.0,1.0,0.0,1.0,0.0,1.0,8.0,-10.0
22200834,1610612747,LAL,Los Angeles,203076,Anthony Davis,Anthony,C,,35:00,9.0,22.0,0.409,0.0,2.0,0.0,5.0,6.0,0.833,5.0,11.0,16.0,2.0,0.0,0.0,5.0,5.0,23.0,-7.0
22200834,1610612747,LAL,Los Angeles,1631108,Max Christie,Max,G,,12:23,0.0,2.0,0.0,0.0,0.0,0.0,0.0,0.0,0.0,0.0,0.0,0.0,1.0,0.0,0.0,0.0,0.0,0.0,-8.0
22200834,1610612747,LAL,Los Angeles,203471,Dennis Schröder,Dennis,G,,34:19,10.0,17.0,0.588,1.0,4.0,0.25,4.0,4.0,1.0,0.0,2.0,2.0,12.0,1.0,0.0,0.0,5.0,25.0,-7.0
22200834,1610612747,LAL,Los Angeles,1629022,Lonnie Walker IV,Lonnie,,,30:52,6.0,14.0,0.429,0.0,1.0,0.0,3.0,3.0,1.0,1.0,2.0,3.0,3.0,0.0,1.0,2.0,0.0,15.0,0.0
22200834,1610612747,LAL,Los Angeles,1629117,Wenyen Gabriel,Wenyen,,,28:38,3.0,5.0,0.6,0.0,1.0,0.0,0.0,2.0,0.0,2.0,2.0,4.0,0.0,0.0,0.0,1.0,3.0,6.0,-3.0
22200834,1610612747,LAL,Los Angeles,1630559,Austin Reaves,Austin,,,24:40,7.0,11.0,0.636,3.0,4.0,0.75,1.0,2.0,0.5,1.0,3.0,4.0,2.0,1.0,0.0,2.0,3.0,18.0,-1.0
22200834,1610612747,LAL,Los Angeles,1631306,Cole Swider,Cole,,,3:25,0.0,0.0,0.0,0.0,0.0,0.0,0.0,0.0,0.0,0.0,0.0,0.0,0.0,0.0,0.0,0.0,0.0,0.0,4.0
22200834,1610612747,LAL,Los Angeles,2544,LeBron James,LeBron,,DND - Injury/Illness,,,,,,,,,,,,,,,,,,,,
22200834,1610612747,LAL,Los Angeles,1630590,Scotty Pippen Jr.,Scotty,,NWT - Injury/Illness,,,,,,,,,,,,,,,,,,,,
22200826,1610612759,SAS,San Antonio,1629640,Keldon Johnson,Keldon,F,,36:23,8.0,17.0,0.471,1.0,6.0,0.167,5.0,7.0,0.714,0.0,7.0,7.0,3.0,1.0,0.0,2.0,2.0,22.0,-27.0
22200826,1610612759,SAS,San Antonio,1628966,Keita Bates-Diop,Keita,F,,27:27,4.0,7.0,0.571,0.0,1.0,0.0,2.0,5.0,0.4,0.0,3.0,3.0,1.0,1.0,0.0,1.0,0.0,10.0,3.0
22200826,1610612759,SAS,San Antonio,1627751,Jakob Poeltl,Jakob,C,,27:49,4.0,11.0,0.364,0.0,0.0,0.0,4.0,4.0,1.0,3.0,4.0,7.0,3.0,2.0,0.0,2.0,3.0,12.0,-11.0
22200826,1610612759,SAS,San Antonio,1626196,Josh Richardson,Josh,G,,31:02,4.0,15.0,0.267,2.0,8.0,0.25,4.0,4.0,1.0,2.0,5.0,7.0,3.0,1.0,3.0,1.0,0.0,14.0,-12.0
22200826,1610612759,SAS,San Antonio,1631103,Malaki Branham,Malaki,G,,28:36,2.0,8.0,0.25,0.0,3.0,0.0,0.0,0.0,0.0,1.0,4.0,5.0,3.0,0.0,1.0,0.0,4.0,4.0,-22.0
22200826,1610612759,SAS,San Antonio,1629676,Isaiah Roby,Isaiah,,,18:46,3.0,7.0,0.429,1.0,3.0,0.333,1.0,2.0,0.5,0.0,3.0,3.0,1.0,2.0,0.0,3.0,4.0,8.0,-13.0
22200826,1610612759,SAS,San Antonio,203926,Doug McDermott,Doug,,,23:42,4.0,10.0,0.4,3.0,8.0,0.375,2.0,3.0,0.667,0.0,1.0,1.0,3.0,0.0,0.0,0.0,3.0,13.0,2.0
22200826,1610612759,SAS,San Antonio,1628380,Zach Collins,Zach,,,19:38,3.0,4.0,0.75,1.0,1.0,1.0,0.0,0.0,0.0,1.0,3.0,4.0,2.0,1.0,0.0,0.0,1.0,7.0,1.0
22200826,1610612759,SAS,San Antonio,1631104,Blake Wesley,Blake,,,14:08,3.0,7.0,0.429,1.0,2.0,0.5,0.0,0.0,0.0,0.0,0.0,0.0,4.0,1.0,0.0,2.0,0.0,7.0,0.0
22200826,1610612759,SAS,San Antonio,1626169,Stanley Johnson,Stanley,,,12:29,0.0,1.0,0.0,0.0,0.0,0.0,1.0,2.0,0.5,0.0,2.0,2.0,1.0,2.0,0.0,1.0,1.0,1.0,9.0
22200826,1610612759,SAS,San Antonio,1631110,Jeremy Sochan,Jeremy,,DND - Injury/Illness,,,,,,,,,,,,,,,,,,,,
22200826,1610612761,TOR,Toronto,1630567,Scottie Barnes,Scottie,F,,38:40,4.0,10.0,0.4,1.0,4.0,0.25,1.0,2.0,0.5,1.0,8.0,9.0,4.0,1.0,0.0,2.0,2.0,10.0,-1.0
22200826,1610612761,TOR,Toronto,1627783,Pascal Siakam,Pascal,F,,39:42,15.0,21.0,0.714,3.0,3.0,1.0,4.0,5.0,0.8,1.0,9.0,10.0,7.0,1.0,0.0,2.0,3.0,37.0,22.0
22200826,1610612761,TOR,Toronto,1630173,Precious Achiuwa,Precious,C,,28:05,4.0,6.0,0.667,1.0,2.0,0.5,1.0,2.0,0.5,1.0,6.0,7.0,0.0,1.0,2.0,1.0,4.0,10.0,-1.0
22200826,1610612761,TOR,Toronto,1629018,Gary Trent Jr.,Gary,G,,33:14,6.0,16.0,0.375,2.0,6.0,0.333,1.0,2.0,0.5,0.0,5.0,5.0,3.0,2.0,0.0,1.0,2.0,15.0,15.0
22200826,1610612761,TOR,Toronto,1627832,Fred VanVleet,Fred,G,,36:31,5.0,16.0,0.313,1.0,7.0,0.143,5.0,5.0,1.0,0.0,2.0,2.0,4.0,3.0,1.0,4.0,2.0,16.0,20.0
22200826,1610612761,TOR,Toronto,201152,Thaddeus Young,Thaddeus,,,15:01,2.0,5.0,0.4,0.0,1.0,0.0,0.0,0.0,0.0,1.0,2.0,3.0,1.0,0.0,0.0,4.0,3.0,4.0,12.0
22200826,1610612761,TOR,Toronto,1628449,Chris Boucher,Chris,,,29:38,6.0,10.0,0.6,2.0,4.0,0.5,4.0,5.0,0.8,4.0,7.0,11.0,1.0,3.0,3.0,1.0,1.0,18.0,8.0
22200826,1610612761,TOR,Toronto,1627823,Juancho Hernangomez,Juancho,,,4:03,0.0,1.0,0.0,0.0,1.0,0.0,0.0,0.0,0.0,1.0,1.0,2.0,0.0,0.0,0.0,0.0,0.0,0.0,5.0
22200826,1610612761,TOR,Toronto,1630201,Malachi Flynn,Malachi,,,10:12,0.0,1.0,0.0,0.0,0.0,0.0,0.0,0.0,0.0,0.0,1.0,1.0,1.0,0.0,0.0,1.0,2.0,0.0,-13.0
22200826,1610612761,TOR,Toronto,1631132,Christian Koloko,Christian,,,4:54,1.0,2.0,0.5,0.0,0.0,0.0,0.0,0.0,0.0,0.0,1.0,1.0,0.0,0.0,1.0,0.0,0.0,2.0,3.0
22200826,1610612761,TOR,Toronto,1630625,Dalano Banton,Dalano,,DNP - Coach's Decision,,,,,,,,,,,,,,,,,,,,
22200826,1610612761,TOR,Toronto,203920,Khem Birch,Khem,,DNP - Coach's Decision,,,,,,,,,,,,,,,,,,,,
22200826,1610612761,TOR,Toronto,1630288,Jeff Dowtin Jr.,Jeff,,DNP - Coach's Decision,,,,,,,,,,,,,,,,,,,,
22200826,1610612761,TOR,Toronto,1631199,Ron Harper Jr.,Ron,,DNP - Coach's Decision,,,,,,,,,,,,,,,,,,,,
22200830,1610612744,GSW,Golden State,203952,Andrew Wiggins,Andrew,F,,36:57,7.0,14.0,0.5,2.0,3.0,0.667,2.0,2.0,1.0,4.0,6.0,10.0,4.0,4.0,0.0,0.0,5.0,18.0,-2.0
22200830,1610612744,GSW,Golden State,203110,Draymond Green,Draymond,F,,34:30,2.0,7.0,0.286,0.0,1.0,0.0,0.0,0.0,0.0,4.0,2.0,6.0,7.0,0.0,1.0,4.0,3.0,4.0,4.0
22200830,1610612744,GSW,Golden State,1626172,Kevon Looney,Kevon,C,,14:13,2.0,2.0,1.0,0.0,0.0,0.0,1.0,2.0,0.5,1.0,4.0,5.0,0.0,0.0,0.0,1.0,4.0,5.0,-4.0
22200830,1610612744,GSW,Golden State,202691,Klay Thompson,Klay,G,,37:53,12.0,28.0,0.429,7.0,19.0,0.368,0.0,0.0,0.0,0.0,3.0,3.0,5.0,2.0,0.0,1.0,3.0,31.0,-6.0
22200830,1610612744,GSW,Golden State,1629673,Jordan Poole,Jordan,G,,34:53,13.0,25.0,0.52,7.0,12.0,0.583,5.0,5.0,1.0,1.0,0.0,1.0,7.0,0.0,0.0,2.0,2.0,38.0,0.0
22200830,1610612744,GSW,Golden State,1630228,Jonathan Kuminga,Jonathan,,,22:18,1.0,4.0,0.25,0.0,2.0,0.0,0.0,0.0,0.0,0.0,1.0,1.0,1.0,0.0,1.0,1.0,2.0,2.0,-12.0
22200830,1610612744,GSW,Golden State,1628978,Donte DiVincenzo,Donte,,,30:20,6.0,12.0,0.5,5.0,10.0,0.5,1.0,1.0,1.0,0.0,2.0,2.0,2.0,3.0,0.0,2.0,0.0,18.0,-4.0
22200830,1610612744,GSW,Golden State,203210,JaMychal Green,JaMychal,,,10:50,1.0,2.0,0.5,0.0,1.0,0.0,0.0,0.0,0.0,0.0,1.0,1.0,0.0,1.0,0.0,0.0,2.0,2.0,3.0
22200830,1610612744,GSW,Golden State,1629660,Ty Jerome,Ty,,,18:06,2.0,3.0,0.667,0.0,1.0,0.0,0.0,0.0,0.0,0.0,3.0,3.0,5.0,1.0,0.0,0.0,3.0,4.0,6.0
22200830,1610612744,GSW,Golden State,1630541,Moses Moody,Moses,,DNP - Coach's Decision,,,,,,,,,,,,,,,,,,,,
22200830,1610612744,GSW,Golden State,1630164,James Wiseman,James,,DNP - Coach's Decision,,,,,,,,,,,,,,,,,,,,
22200830,1610612757,POR,Portland,1627780,Gary Payton II,Gary,F,,22:14,3.0,4.0,0.75,1.0,2.0,0.5,2.0,2.0,1.0,0.0,3.0,3.0,0.0,1.0,0.0,2.0,2.0,9.0,-8.0
22200830,1610612757,POR,Portland,203924,Jerami Grant,Jerami,F,,40:14,7.0,12.0,0.583,1.0,4.0,0.25,7.0,8.0,0.875,1.0,3.0,4.0,1.0,0.0,1.0,4.0,3.0,22.0,2.0
22200830,1610612757,POR,Portland,1629234,Drew Eubanks,Drew,C,,16:49,5.0,6.0,0.833,0.0,0.0,0.0,0.0,0.0,0.0,3.0,3.0,6.0,1.0,1.0,0.0,1.0,3.0,10.0,4.0
22200830,1610612757,POR,Portland,1629014,Anfernee Simons,Anfernee,G,,35:51,4.0,12.0,0.333,2.0,7.0,0.286,1.0,1.0,1.0,0.0,2.0,2.0,6.0,3.0,1.0,4.0,2.0,11.0,-8.0
22200830,1610612757,POR,Portland,203081,Damian Lillard,Damian,G,,39:39,8.0,21.0,0.381,1.0,7.0,0.143,16.0,16.0,1.0,3.0,7.0,10.0,11.0,1.0,0.0,5.0,1.0,33.0,2.0
22200830,1610612757,POR,Portland,1631101,Shaedon Sharpe,Shaedon,,,21:31,5.0,7.0,0.714,1.0,2.0,0.5,2.0,2.0,1.0,3.0,4.0,7.0,0.0,0.0,1.0,1.0,0.0,13.0,11.0
22200830,1610612757,POR,Portland,1629642,Nassir Little,Nassir,,,25:46,4.0,6.0,0.667,1.0,3.0,0.333,0.0,0.0,0.0,0.0,5.0,5.0,1.0,0.0,0.0,0.0,2.0,9.0,11.0
22200830,1610612757,POR,Portland,1630570,Trendon Watford,Trendon,,,31:11,4.0,7.0,0.571,0.0,1.0,0.0,0.0,0.0,0.0,2.0,6.0,8.0,5.0,0.0,0.0,4.0,3.0,8.0,-1.0
22200830,1610612757,POR,Portland,1631133,Jabari Walker,Jabari,,,6:45,3.0,3.0,1.0,1.0,1.0,1.0,3.0,3.0,1.0,0.0,2.0,2.0,0.0,0.0,0.0,0.0,0.0,10.0,2.0
22200830,1610612757,POR,Portland,1630535,Greg Brown III,Greg,,DNP - Coach's Decision,,,,,,,,,,,,,,,,,,,,
22200830,1610612757,POR,Portland,1631219,John Butler Jr.,John,,DNP - Coach's Decision,,,,,,,,,,,,,,,,,,,,
22200830,1610612757,POR,Portland,1628404,Josh Hart,Josh,,NWT - Trade Pending,,,,,,,,,,,,,,,,,,,,
22200820,1610612750,MIN,Minnesota,1630183,Jaden McDaniels,Jaden,F,,20:10,2.0,6.0,0.333,0.0,4.0,0.0,0.0,0.0,0.0,1.0,1.0,2.0,2.0,1.0,1.0,3.0,1.0,4.0,-29.0
22200820,1610612750,MIN,Minnesota,1629675,Naz Reid,Naz,F,,12:08,5.0,9.0,0.556,1.0,3.0,0.333,0.0,0.0,0.0,0.0,3.0,3.0,0.0,0.0,0.0,2.0,2.0,11.0,-7.0
22200820,1610612750,MIN,Minnesota,203497,Rudy Gobert,Rudy,C,,18:49,0.0,2.0,0.0,0.0,0.0,0.0,0.0,0.0,0.0,1.0,4.0,5.0,0.0,0.0,1.0,1.0,2.0,0.0,-10.0
22200820,1610612750,MIN,Minnesota,1630162,Anthony Edwards,Anthony,G,,20:39,7.0,11.0,0.636,1.0,3.0,0.333,4.0,5.0,0.8,0.0,3.0,3.0,3.0,0.0,1.0,1.0,3.0,19.0,-12.0
22200820,1610612750,MIN,Minnesota,1626156,D'Angelo Russell,D'Angelo,G,,19:49,4.0,7.0,0.571,2.0,4.0,0.5,0.0,0.0,0.0,1.0,1.0,2.0,3.0,1.0,0.0,1.0,0.0,10.0,-27.0
22200820,1610612750,MIN,Minnesota,1627752,Taurean Prince,Taurean,,,19:07,1.0,5.0,0.2,0.0,3.0,0.0,3.0,3.0,1.0,0.0,0.0,0.0,1.0,2.0,0.0,1.0,2.0,5.0,-33.0
22200820,1610612750,MIN,Minnesota,1630568,Luka Garza,Luka,,,21:15,6.0,12.0,0.5,0.0,3.0,0.0,7.0,8.0,0.875,4.0,5.0,9.0,2.0,0.0,0.0,2.0,2.0,19.0,-16.0
22200820,1610612750,MIN,Minnesota,1629669,Jaylen Nowell,Jaylen,,,11:38,1.0,4.0,0.25,0.0,1.0,0.0,2.0,2.0,1.0,0.0,2.0,2.0,1.0,0.0,0.0,2.0,0.0,4.0,-15.0
22200820,1610612750,MIN,Minnesota,1629162,Jordan McLaughlin,Jordan,,,7:41,0.0,1.0,0.0,0.0,0.0,0.0,0.0,0.0,0.0,0.0,0.0,0.0,0.0,1.0,0.0,0.0,0.0,0.0,-7.0
22200820,1610612750,MIN,Minnesota,1630233,Nathan Knight,Nathan,,,18:46,3.0,5.0,0.6,1.0,2.0,0.5,2.0,4.0,0.5,0.0,1.0,1.0,3.0,0.0,1.0,1.0,1.0,9.0,-12.0
22200820,1610612750,MIN,Minnesota,1630346,Matt Ryan,Matt,,,22:25,4.0,8.0,0.5,3.0,7.0,0.429,0.0,0.0,0.0,0.0,2.0,2.0,4.0,0.0,0.0,1.0,1.0,11.0,-4.0
22200820,1610612750,MIN,Minnesota,1627854,Bryn Forbes,Bryn,,,12:41,2.0,4.0,0.5,1.0,2.0,0.5,2.0,2.0,1.0,0.0,0.0,0.0,0.0,0.0,0.0,1.0,0.0,7.0,-3.0
22200820,1610612750,MIN,Minnesota,1631111,Wendell Moore Jr.,Wendell,,,17:48,1.0,4.0,0.25,0.0,2.0,0.0,0.0,0.0,0.0,0.0,2.0,2.0,5.0,0.0,1.0,1.0,1.0,2.0,2.0
22200820,1610612750,MIN,Minnesota,1631169,Josh Minott,Josh,,,17:04,4.0,7.0,0.571,1.0,1.0,1.0,2.0,2.0,1.0,1.0,4.0,5.0,0.0,1.0,2.0,0.0,1.0,11.0,3.0
22200820,1610612750,MIN,Minnesota,203085,Austin Rivers,Austin,,DNP - League Suspension,,,,,,,,,,,,,,,,,,,,
22200820,1610612743,DEN,Denver,1629008,Michael Porter Jr.,Michael,F,,28:40,11.0,15.0,0.733,4.0,6.0,0.667,4.0,4.0,1.0,1.0,4.0,5.0,1.0,1.0,0.0,1.0,1.0,30.0,43.0
22200820,1610612743,DEN,Denver,203932,Aaron Gordon,Aaron,F,,25:56,8.0,11.0,0.727,2.0,3.0,0.667,6.0,8.0,0.75,0.0,3.0,3.0,8.0,4.0,2.0,3.0,1.0,24.0,32.0
22200820,1610612743,DEN,Denver,203999,Nikola Jokić,Nikola,C,,27:45,8.0,10.0,0.8,0.0,1.0,0.0,4.0,5.0,0.8,1.0,11.0,12.0,16.0,1.0,1.0,1.0,1.0,20.0,40.0
22200820,1610612743,DEN,Denver,203484,Kentavious Caldwell-Pope,Kentavious,G,,24:09,4.0,8.0,0.5,1.0,3.0,0.333,2.0,2.0,1.0,0.0,2.0,2.0,1.0,2.0,0.0,0.0,0.0,11.0,24.0
22200820,1610612743,DEN,Denver,1628971,Bruce Brown,Bruce,G,,21:45,4.0,6.0,0.667,1.0,1.0,1.0,0.0,0.0,0.0,0.0,0.0,0.0,2.0,0.0,0.0,0.0,3.0,9.0,10.0
22200820,1610612743,DEN,Denver,202397,Ish Smith,Ish,,,29:20,4.0,6.0,0.667,0.0,0.0,0.0,0.0,0.0,0.0,1.0,3.0,4.0,7.0,0.0,0.0,4.0,5.0,8.0,17.0
22200820,1610612743,DEN,Denver,1631128,Christian Braun,Christian,,,18:25,4.0,5.0,0.8,0.0,1.0,0.0,0.0,0.0,0.0,0.0,3.0,3.0,2.0,2.0,0.0,0.0,2.0,8.0,13.0
22200820,1610612743,DEN,Denver,1628427,Vlatko Čančar,Vlatko,,,22:04,5.0,8.0,0.625,2.0,5.0,0.4,0.0,0.0,0.0,0.0,6.0,6.0,3.0,0.0,1.0,0.0,2.0,12.0,2.0
22200820,1610612743,DEN,Denver,201145,Jeff Green,Jeff,,,13:37,3.0,10.0,0.3,1.0,2.0,0.5,0.0,0.0,0.0,1.0,2.0,3.0,2.0,0.0,0.0,1.0,2.0,7.0,-5.0
22200820,1610612743,DEN,Denver,1628432,Davon Reed,Davon,,,13:52,2.0,6.0,0.333,1.0,2.0,0.5,0.0,0.0,0.0,1.0,3.0,4.0,2.0,2.0,0.0,0.0,2.0,5.0,-2.0
22200820,1610612743,DEN,Denver,1631212,Peyton Watson,Peyton,,,7:49,3.0,4.0,0.75,1.0,1.0,1.0,0.0,2.0,0.0,1.0,1.0,2.0,0.0,0.0,1.0,0.0,1.0,7.0,-3.0
22200820,1610612743,DEN,Denver,1631298,Jack White,Jack,,,6:38,2.0,4.0,0.5,0.0,2.0,0.0,1.0,1.0,1.0,0.0,0.0,0.0,0.0,0.0,0.0,0.0,1.0,5.0,-1.0
22200820,1610612743,DEN,Denver,1630538,Bones Hyland,Bones,,DNP - Coach's Decision,,,,,,,,,,,,,,,,,,,,
22200820,1610612743,DEN,Denver,201599,DeAndre Jordan,DeAndre,,DNP - Coach's Decision,,,,,,,,,,,,,,,,,,,,
22200817,1610612756,PHX,Phoenix,1628969,Mikal Bridges,Mikal,F,,37:11,8.0,18.0,0.444,2.0,6.0,0.333,3.0,3.0,1.0,3.0,5.0,8.0,2.0,1.0,0.0,1.0,2.0,21.0,0.0
22200817,1610612756,PHX,Phoenix,1629661,Cameron Johnson,Cameron,F,,29:25,6.0,11.0,0.545,2.0,4.0,0.5,0.0,0.0,0.0,2.0,3.0,5.0,2.0,1.0,0.0,2.0,0.0,14.0,5.0
22200817,1610612756,PHX,Phoenix,1629028,Deandre Ayton,Deandre,C,,34:32,14.0,18.0,0.778,0.0,0.0,0.0,7.0,8.0,0.875,6.0,9.0,15.0,0.0,1.0,0.0,1.0,3.0,35.0,12.0
22200817,1610612756,PHX,Phoenix,1626164,Devin Booker,Devin,G,,25:35,6.0,15.0,0.4,2.0,8.0,0.25,5.0,7.0,0.714,0.0,4.0,4.0,6.0,0.0,0.0,2.0,5.0,19.0,-3.0
22200817,1610612756,PHX,Phoenix,101108,Chris Paul,Chris,G,,33:39,3.0,10.0,0.3,1.0,3.0,0.333,2.0,2.0,1.0,0.0,2.0,2.0,12.0,5.0,2.0,2.0,4.0,9.0,4.0
22200817,1610612756,PHX,Phoenix,1628470,Torrey Craig,Torrey,,,25:07,1.0,3.0,0.333,0.0,2.0,0.0,1.0,4.0,0.25,2.0,2.0,4.0,0.0,0.0,2.0,3.0,2.0,3.0,2.0
22200817,1610612756,PHX,Phoenix,1627814,Damion Lee,Damion,,,21:55,1.0,2.0,0.5,1.0,2.0,0.5,2.0,2.0,1.0,0.0,2.0,2.0,3.0,0.0,0.0,0.0,3.0,5.0,5.0
22200817,1610612756,PHX,Phoenix,1630240,Saben Lee,Saben,,,10:19,0.0,5.0,0.0,0.0,2.0,0.0,0.0,0.0,0.0,0.0,1.0,1.0,4.0,1.0,0.0,1.0,2.0,0.0,-5.0
22200817,1610612756,PHX,Phoenix,1629111,Jock Landale,Jock,,,12:34,3.0,4.0,0.75,0.0,0.0,0.0,1.0,2.0,0.5,2.0,2.0,4.0,1.0,0.0,0.0,2.0,2.0,7.0,2.0
22200817,1610612756,PHX,Phoenix,1630688,Ish Wainright,Ish,,,6:03,1.0,4.0,0.25,1.0,4.0,0.25,0.0,0.0,0.0,0.0,2.0,2.0,1.0,1.0,0.0,1.0,0.0,3.0,0.0
22200817,1610612756,PHX,Phoenix,203967,Dario Šarić,Dario,,,3:41,0.0,2.0,0.0,0.0,0.0,0.0,0.0,0.0,0.0,1.0,0.0,1.0,0.0,0.0,0.0,0.0,1.0,0.0,-2.0
22200817,1610612756,PHX,Phoenix,202687,Bismack Biyombo,Bismack,,DNP - Coach's Decision,,,,,,,,,,,,,,,,,,,,
22200817,1610612756,PHX,Phoenix,1629006,Josh Okogie,Josh,,DNP - Coach's Decision,,,,,,,,,,,,,,,,,,,,
22200817,1610612751,BKN,Brooklyn,203925,Joe Harris,Joe,F,,23:57,3.0,8.0,0.375,2.0,5.0,0.4,0.0,0.0,0.0,0.0,1.0,1.0,2.0,0.0,0.0,0.0,1.0,8.0,-6.0
22200817,1610612751,BKN,Brooklyn,1626220,Royce O'Neale,Royce,F,,28:53,1.0,6.0,0.167,1.0,6.0,0.167,0.0,0.0,0.0,0.0,4.0,4.0,6.0,1.0,0.0,1.0,5.0,3.0,-7.0
22200817,1610612751,BKN,Brooklyn,1629651,Nic Claxton,Nic,C,,32:35,8.0,11.0,0.727,0.0,0.0,0.0,1.0,2.0,0.5,3.0,10.0,13.0,3.0,3.0,0.0,2.0,2.0,17.0,6.0
22200817,1610612751,BKN,Brooklyn,1630560,Cam Thomas,Cam,G,,39:11,11.0,23.0,0.478,3.0,9.0,0.333,18.0,20.0,0.9,0.0,5.0,5.0,3.0,1.0,1.0,3.0,2.0,43.0,-4.0
22200817,1610612751,BKN,Brooklyn,1627732,Ben Simmons,Ben,G,,26:30,1.0,2.0,0.5,0.0,0.0,0.0,0.0,1.0,0.0,0.0,4.0,4.0,6.0,1.0,1.0,4.0,2.0,2.0,-1.0
22200817,1610612751,BKN,Brooklyn,201988,Patty Mills,Patty,,,17:15,0.0,5.0,0.0,0.0,3.0,0.0,0.0,0.0,0.0,0.0,1.0,1.0,3.0,0.0,0.0,0.0,1.0,0.0,-5.0
22200817,1610612751,BKN,Brooklyn,1628410,Edmond Sumner,Edmond,,,16:18,1.0,4.0,0.25,1.0,2.0,0.5,4.0,4.0,1.0,0.0,0.0,0.0,2.0,2.0,0.0,3.0,0.0,7.0,-5.0
22200817,1610612751,BKN,Brooklyn,1630561,David Duke Jr.,David,,,10:56,2.0,3.0,0.667,0.0,0.0,0.0,0.0,0.0,0.0,0.0,0.0,0.0,0.0,1.0,0.0,0.0,2.0,4.0,-1.0
22200817,1610612751,BKN,Brooklyn,203933,T.J. Warren,T.J.,,,22:15,6.0,10.0,0.6,1.0,2.0,0.5,4.0,4.0,1.0,0.0,2.0,2.0,0.0,0.0,0.0,0.0,4.0,17.0,6.0
22200817,1610612751,BKN,Brooklyn,1630549,Day'Ron Sharpe,Day'Ron,,,10:11,3.0,4.0,0.75,0.0,0.0,0.0,0.0,0.0,0.0,2.0,2.0,4.0,0.0,0.0,0.0,2.0,0.0,6.0,-7.0
22200817,1610612751,BKN,Brooklyn,1630696,Dru Smith,Dru,,,11:59,2.0,3.0,0.667,1.0,1.0,1.0,0.0,0.0,0.0,0.0,2.0,2.0,0.0,2.0,0.0,1.0,2.0,5.0,4.0
22200818,1610612737,ATL,Atlanta,1629631,De'Andre Hunter,De'Andre,F,,27:21,0.0,9.0,0.0,0.0,5.0,0.0,3.0,4.0,0.75,1.0,3.0,4.0,1.0,1.0,0.0,1.0,4.0,3.0,-7.0
22200818,1610612737,ATL,Atlanta,1628381,John Collins,John,F,,30:03,6.0,9.0,0.667,1.0,2.0,0.5,2.0,2.0,1.0,1.0,5.0,6.0,1.0,0.0,2.0,0.0,3.0,15.0,-14.0
22200818,1610612737,ATL,Atlanta,203991,Clint Capela,Clint,C,,23:02,5.0,7.0,0.714,0.0,0.0,0.0,3.0,5.0,0.6,2.0,6.0,8.0,0.0,0.0,0.0,0.0,2.0,13.0,-19.0
22200818,1610612737,ATL,Atlanta,1627749,Dejounte Murray,Dejounte,G,,39:56,8.0,17.0,0.471,3.0,8.0,0.375,0.0,0.0,0.0,0.0,5.0,5.0,7.0,1.0,0.0,3.0,2.0,19.0,-9.0
22200818,1610612737,ATL,Atlanta,1629027,Trae Young,Trae,G,,35:40,4.0,14.0,0.286,2.0,8.0,0.25,6.0,6.0,1.0,1.0,2.0,3.0,16.0,1.0,0.0,4.0,4.0,16.0,-13.0
22200818,1610612737,ATL,Atlanta,203992,Bogdan Bogdanović,Bogdan,,,30:53,7.0,13.0,0.538,5.0,9.0,0.556,3.0,5.0,0.6,1.0,2.0,3.0,2.0,1.0,0.0,1.0,1.0,22.0,2.0
22200818,1610612737,ATL,Atlanta,1630168,Onyeka Okongwu,Onyeka,,,19:48,3.0,4.0,0.75,0.0,0.0,0.0,2.0,3.0,0.667,3.0,2.0,5.0,2.0,0.0,3.0,1.0,3.0,8.0,3.0
22200818,1610612737,ATL,Atlanta,1631100,AJ Griffin,AJ,,,18:24,2.0,5.0,0.4,1.0,3.0,0.333,0.0,0.0,0.0,0.0,1.0,1.0,0.0,0.0,1.0,0.0,1.0,5.0,3.0
22200818,1610612737,ATL,Atlanta,1630552,Jalen Johnson,Jalen,,,14:53,3.0,7.0,0.429,0.0,1.0,0.0,0.0,0.0,0.0,1.0,5.0,6.0,1.0,0.0,0.0,1.0,1.0,6.0,9.0
22200818,1610612737,ATL,Atlanta,1628988,Aaron Holiday,Aaron,,DNP - Coach's Decision,,,,,,,,,,,,,,,,,,,,
22200818,1610612737,ATL,Atlanta,203200,Justin Holiday,Justin,,DNP - Coach's Decision,,,,,,,,,,,,,,,,,,,,
22200818,1610612737,ATL,Atlanta,1626163,Frank Kaminsky,Frank,,DNP - Coach's Decision,,,,,,,,,,,,,,,,,,,,
22200818,1610612737,ATL,Atlanta,1630249,Vít Krejčí,Vít,,DNP - Coach's Decision,,,,,,,,,,,,,,,,,,,,
22200818,1610612740,NOP,New Orleans,1630530,Trey Murphy III,Trey,F,,31:42,6.0,13.0,0.462,4.0,9.0,0.444,0.0,0.0,0.0,2.0,2.0,4.0,2.0,0.0,0.0,0.0,3.0,16.0,8.0
22200818,1610612740,NOP,New Orleans,1627742,Brandon Ingram,Brandon,F,,35:30,11.0,18.0,0.611,0.0,1.0,0.0,8.0,9.0,0.889,0.0,3.0,3.0,8.0,1.0,0.0,5.0,1.0,30.0,13.0
22200818,1610612740,NOP,New Orleans,202685,Jonas Valančiūnas,Jonas,C,,25:30,8.0,10.0,0.8,0.0,0.0,0.0,0.0,0.0,0.0,3.0,11.0,14.0,1.0,0.0,1.0,1.0,4.0,16.0,5.0
22200818,1610612740,NOP,New Orleans,1630529,Herbert Jones,Herbert,G,,39:37,4.0,7.0,0.571,0.0,1.0,0.0,3.0,5.0,0.6,2.0,7.0,9.0,4.0,3.0,1.0,1.0,4.0,11.0,9.0
22200818,1610612740,NOP,New Orleans,203468,CJ McCollum,CJ,G,,34:31,8.0,23.0,0.348,4.0,12.0,0.333,1.0,2.0,0.5,0.0,6.0,6.0,7.0,0.0,0.0,1.0,2.0,21.0,-3.0
22200818,1610612740,NOP,New Orleans,1630631,Jose Alvarado,Jose,,,16:10,2.0,5.0,0.4,2.0,4.0,0.5,0.0,0.0,0.0,1.0,1.0,2.0,2.0,0.0,0.0,0.0,2.0,6.0,3.0
22200818,1610612740,NOP,New Orleans,1626204,Larry Nance Jr.,Larry,,,22:30,3.0,6.0,0.5,0.0,0.0,0.0,1.0,3.0,0.333,3.0,3.0,6.0,2.0,2.0,0.0,1.0,1.0,7.0,4.0
22200818,1610612740,NOP,New Orleans,1630230,Naji Marshall,Naji,,,24:41,2.0,5.0,0.4,2.0,4.0,0.5,1.0,2.0,0.5,0.0,0.0,0.0,1.0,2.0,0.0,0.0,1.0,7.0,1.0
22200818,1610612740,NOP,New Orleans,1630184,Kira Lewis Jr.,Kira,,,9:49,1.0,4.0,0.25,0.0,1.0,0.0,0.0,0.0,0.0,2.0,1.0,3.0,1.0,0.0,0.0,0.0,1.0,2.0,5.0
22200818,1610612740,NOP,New Orleans,1628984,Devonte' Graham,Devonte',,DNP - Coach's Decision,,,,,,,,,,,,,,,,,,,,
22200818,1610612740,NOP,New Orleans,1629637,Jaxson Hayes,Jaxson,,DNP - Coach's Decision,,,,,,,,,,,,,,,,,,,,
22200818,1610612740,NOP,New Orleans,1626195,Willy Hernangomez,Willy,,DNP - Coach's Decision,,,,,,,,,,,,,,,,,,,,
22200818,1610612740,NOP,New Orleans,202066,Garrett Temple,Garrett,,DNP - Coach's Decision,,,,,,,,,,,,,,,,,,,,
22200814,1610612760,OKC,Oklahoma City,1630598,Aaron Wiggins,Aaron,F,,25:14,8.0,10.0,0.8,2.0,3.0,0.667,1.0,1.0,1.0,1.0,1.0,2.0,1.0,2.0,0.0,0.0,0.0,19.0,-12.0
22200814,1610612760,OKC,Oklahoma City,1631114,Jalen Williams,Jalen,F,,25:25,3.0,7.0,0.429,0.0,2.0,0.0,2.0,6.0,0.333,0.0,5.0,5.0,1.0,3.0,1.0,1.0,1.0,8.0,-19.0
22200814,1610612760,OKC,Oklahoma City,1631119,Jaylin Williams,Jaylin,C,,20:38,2.0,4.0,0.5,1.0,2.0,0.5,0.0,0.0,0.0,1.0,4.0,5.0,0.0,0.0,0.0,0.0,0.0,5.0,-13.0
22200814,1610612760,OKC,Oklahoma City,1630581,Josh Giddey,Josh,G,,28:47,6.0,12.0,0.5,0.0,1.0,0.0,3.0,4.0,0.75,1.0,6.0,7.0,8.0,1.0,1.0,4.0,1.0,15.0,-20.0
22200814,1610612760,OKC,Oklahoma City,1628983,Shai Gilgeous-Alexander,Shai,G,,29:09,6.0,16.0,0.375,0.0,1.0,0.0,8.0,8.0,1.0,0.0,0.0,0.0,4.0,0.0,0.0,0.0,3.0,20.0,-17.0
22200814,1610612760,OKC,Oklahoma City,203488,Mike Muscala,Mike,,,15:12,0.0,3.0,0.0,0.0,2.0,0.0,0.0,0.0,0.0,0.0,3.0,3.0,3.0,0.0,1.0,0.0,1.0,0.0,-4.0
22200814,1610612760,OKC,Oklahoma City,1630198,Isaiah Joe,Isaiah,,,18:20,2.0,4.0,0.5,2.0,4.0,0.5,0.0,0.0,0.0,0.0,3.0,3.0,0.0,1.0,0.0,1.0,0.0,6.0,-8.0
22200814,1610612760,OKC,Oklahoma City,1630544,Tre Mann,Tre,,,25:13,8.0,17.0,0.471,2.0,6.0,0.333,0.0,0.0,0.0,0.0,2.0,2.0,1.0,0.0,0.0,1.0,1.0,18.0,-10.0
22200814,1610612760,OKC,Oklahoma City,1629026,Kenrich Williams,Kenrich,,,19:06,4.0,8.0,0.5,1.0,5.0,0.2,0.0,0.0,0.0,2.0,2.0,4.0,2.0,0.0,0.0,2.0,0.0,9.0,-14.0
22200814,1610612760,OKC,Oklahoma City,1630322,Lindy Waters III,Lindy,,,15:23,3.0,5.0,0.6,2.0,4.0,0.5,0.0,0.0,0.0,0.0,2.0,2.0,1.0,0.0,0.0,0.0,2.0,8.0,-6.0
22200814,1610612760,OKC,Oklahoma City,1629647,Darius Bazley,Darius,,,8:47,1.0,1.0,1.0,1.0,1.0,1.0,0.0,0.0,0.0,0.0,0.0,0.0,0.0,1.0,0.0,1.0,0.0,3.0,-6.0
22200814,1610612760,OKC,Oklahoma City,1630647,Eugene Omoruyi,Eugene,,,8:47,1.0,4.0,0.25,0.0,1.0,0.0,1.0,2.0,0.5,2.0,1.0,3.0,0.0,0.0,0.0,1.0,1.0,3.0,-6.0
22200814,1610612744,GSW,Golden State,203952,Andrew Wiggins,Andrew,F,,31:56,8.0,15.0,0.533,1.0,5.0,0.2,1.0,2.0,0.5,2.0,1.0,3.0,4.0,1.0,1.0,2.0,3.0,18.0,25.0
22200814,1610612744,GSW,Golden State,1630228,Jonathan Kuminga,Jonathan,F,,22:50,3.0,9.0,0.333,1.0,3.0,0.333,0.0,0.0,0.0,0.0,2.0,2.0,5.0,0.0,0.0,2.0,0.0,7.0,19.0
22200814,1610612744,GSW,Golden State,203110,Draymond Green,Draymond,C,,27:55,3.0,4.0,0.75,0.0,1.0,0.0,1.0,2.0,0.5,1.0,9.0,10.0,4.0,3.0,2.0,2.0,2.0,7.0,8.0
22200814,1610612744,GSW,Golden State,202691,Klay Thompson,Klay,G,,33:14,15.0,22.0,0.682,12.0,16.0,0.75,0.0,0.0,0.0,0.0,3.0,3.0,1.0,0.0,0.0,4.0,1.0,42.0,10.0
22200814,1610612744,GSW,Golden State,1629673,Jordan Poole,Jordan,G,,29:18,8.0,14.0,0.571,5.0,10.0,0.5,0.0,0.0,0.0,1.0,3.0,4.0,12.0,0.0,0.0,4.0,3.0,21.0,28.0
22200814,1610612744,GSW,Golden State,1628978,Donte DiVincenzo,Donte,,,27:45,5.0,10.0,0.5,4.0,8.0,0.5,0.0,0.0,0.0,2.0,2.0,4.0,7.0,0.0,0.0,0.0,3.0,14.0,7.0
22200814,1610612744,GSW,Golden State,1626172,Kevon Looney,Kevon,,,21:33,2.0,3.0,0.667,0.0,0.0,0.0,0.0,0.0,0.0,3.0,8.0,11.0,4.0,1.0,0.0,1.0,2.0,4.0,21.0
22200814,1610612744,GSW,Golden State,203210,JaMychal Green,JaMychal,,,11:31,5.0,7.0,0.714,2.0,3.0,0.667,0.0,1.0,0.0,1.0,2.0,3.0,1.0,0.0,0.0,1.0,1.0,12.0,5.0
22200814,1610612744,GSW,Golden State,1629660,Ty Jerome,Ty,,,18:42,2.0,6.0,0.333,1.0,2.0,0.5,1.0,2.0,0.5,1.0,2.0,3.0,4.0,0.0,0.0,0.0,0.0,6.0,-1.0
22200814,1610612744,GSW,Golden State,1630541,Moses Moody,Moses,,,10:35,2.0,4.0,0.5,0.0,2.0,0.0,0.0,0.0,0.0,0.0,0.0,0.0,1.0,1.0,0.0,0.0,2.0,4.0,9.0
22200814,1610612744,GSW,Golden State,1630164,James Wiseman,James,,,4:41,3.0,3.0,1.0,0.0,0.0,0.0,0.0,0.0,0.0,0.0,2.0,2.0,0.0,0.0,0.0,0.0,0.0,6.0,4.0
22200811,1610612759,SAS,San Antonio,1629640,Keldon Johnson,Keldon,F,,29:09,8.0,12.0,0.667,0.0,2.0,0.0,5.0,5.0,1.0,0.0,2.0,2.0,2.0,1.0,0.0,3.0,2.0,21.0,-9.0
22200811,1610612759,SAS,San Antonio,1628966,Keita Bates-Diop,Keita,F,,25:39,3.0,5.0,0.6,1.0,2.0,0.5,2.0,2.0,1.0,0.0,5.0,5.0,2.0,0.0,1.0,2.0,3.0,9.0,-17.0
22200811,1610612759,SAS,San Antonio,1627751,Jakob Poeltl,Jakob,C,,29:40,6.0,11.0,0.545,0.0,1.0,0.0,2.0,3.0,0.667,4.0,5.0,9.0,4.0,0.0,2.0,3.0,2.0,14.0,-9.0
22200811,1610612759,SAS,San Antonio,1626196,Josh Richardson,Josh,G,,31:13,5.0,14.0,0.357,1.0,4.0,0.25,0.0,0.0,0.0,0.0,0.0,0.0,3.0,4.0,0.0,2.0,3.0,11.0,-8.0
22200811,1610612759,SAS,San Antonio,1631103,Malaki Branham,Malaki,G,,32:23,6.0,18.0,0.333,3.0,8.0,0.375,0.0,0.0,0.0,0.0,5.0,5.0,4.0,0.0,0.0,1.0,4.0,15.0,-10.0
22200811,1610612759,SAS,San Antonio,1631104,Blake Wesley,Blake,,,22:16,2.0,6.0,0.333,1.0,1.0,1.0,0.0,0.0,0.0,0.0,5.0,5.0,1.0,1.0,0.0,2.0,1.0,5.0,-20.0
22200811,1610612759,SAS,San Antonio,1628380,Zach Collins,Zach,,,12:47,3.0,8.0,0.375,0.0,2.0,0.0,2.0,2.0,1.0,1.0,1.0,2.0,2.0,0.0,0.0,3.0,3.0,8.0,-9.0
22200811,1610612759,SAS,San Antonio,1626169,Stanley Johnson,Stanley,,,17:57,1.0,1.0,1.0,0.0,0.0,0.0,1.0,1.0,1.0,0.0,3.0,3.0,3.0,1.0,0.0,0.0,2.0,3.0,-13.0
22200811,1610612759,SAS,San Antonio,203926,Doug McDermott,Doug,,,18:31,2.0,7.0,0.286,2.0,4.0,0.5,0.0,0.0,0.0,0.0,2.0,2.0,3.0,0.0,0.0,0.0,1.0,6.0,-8.0
22200811,1610612759,SAS,San Antonio,1629676,Isaiah Roby,Isaiah,,,14:52,3.0,6.0,0.5,0.0,2.0,0.0,2.0,2.0,1.0,0.0,4.0,4.0,1.0,0.0,0.0,2.0,1.0,8.0,-11.0
22200811,1610612759,SAS,San Antonio,1631230,Dominick Barlow,Dominick,,,5:33,1.0,2.0,0.5,0.0,0.0,0.0,2.0,2.0,1.0,1.0,0.0,1.0,0.0,0.0,0.0,0.0,1.0,4.0,-6.0
22200811,1610612741,CHI,Chicago,201942,DeMar DeRozan,DeMar,F,,33:45,8.0,17.0,0.471,0.0,1.0,0.0,3.0,3.0,1.0,0.0,1.0,1.0,5.0,1.0,0.0,2.0,1.0,19.0,32.0
22200811,1610612741,CHI,Chicago,1630172,Patrick Williams,Patrick,F,,18:06,4.0,7.0,0.571,1.0,2.0,0.5,2.0,2.0,1.0,1.0,5.0,6.0,3.0,1.0,0.0,1.0,0.0,11.0,7.0
22200811,1610612741,CHI,Chicago,202696,Nikola Vučević,Nikola,C,,23:35,10.0,18.0,0.556,2.0,6.0,0.333,0.0,0.0,0.0,1.0,11.0,12.0,4.0,1.0,2.0,3.0,2.0,22.0,-3.0
22200811,1610612741,CHI,Chicago,203897,Zach LaVine,Zach,G,,30:33,7.0,14.0,0.5,1.0,5.0,0.2,5.0,5.0,1.0,0.0,4.0,4.0,3.0,0.0,0.0,2.0,2.0,20.0,6.0
22200811,1610612741,CHI,Chicago,1630245,Ayo Dosunmu,Ayo,G,,30:47,4.0,6.0,0.667,0.0,0.0,0.0,2.0,2.0,1.0,1.0,3.0,4.0,4.0,0.0,0.0,1.0,1.0,10.0,-3.0
22200811,1610612741,CHI,Chicago,203083,Andre Drummond,Andre,,,20:54,9.0,9.0,1.0,0.0,0.0,0.0,3.0,4.0,0.75,3.0,12.0,15.0,1.0,3.0,1.0,3.0,1.0,21.0,30.0
22200811,1610612741,CHI,Chicago,1629632,Coby White,Coby,,,33:28,4.0,8.0,0.5,1.0,4.0,0.25,3.0,3.0,1.0,0.0,1.0,1.0,4.0,2.0,0.0,0.0,1.0,12.0,20.0
22200811,1610612741,CHI,Chicago,1627884,Derrick Jones Jr.,Derrick,,,26:24,1.0,2.0,0.5,1.0,1.0,1.0,2.0,2.0,1.0,0.0,3.0,3.0,1.0,2.0,2.0,0.0,3.0,5.0,19.0
22200811,1610612741,CHI,Chicago,201609,Goran Dragic,Goran,,,15:26,2.0,5.0,0.4,0.0,2.0,0.0,0.0,0.0,0.0,1.0,2.0,3.0,2.0,0.0,0.0,1.0,0.0,4.0,18.0
22200811,1610612741,CHI,Chicago,1631207,Dalen Terry,Dalen,,,3:31,1.0,2.0,0.5,0.0,1.0,0.0,0.0,2.0,0.0,0.0,0.0,0.0,0.0,0.0,1.0,0.0,0.0,2.0,-3.0
22200811,1610612741,CHI,Chicago,1628396,Tony Bradley,Tony,,,3:31,0.0,1.0,0.0,0.0,0.0,0.0,2.0,2.0,1.0,0.0,0.0,0.0,0.0,0.0,0.0,0.0,1.0,2.0,-3.0
22200815,1610612749,MIL,Milwaukee,1626192,Pat Connaughton,Pat,F,,22:19,4.0,7.0,0.571,3.0,6.0,0.5,0.0,0.0,0.0,0.0,4.0,4.0,0.0,2.0,0.0,0.0,4.0,11.0,14.0
22200815,1610612749,MIL,Milwaukee,203507,Giannis Antetokounmpo,Giannis,F,,22:53,9.0,14.0,0.643,0.0,1.0,0.0,6.0,8.0,0.75,4.0,9.0,13.0,8.0,0.0,0.0,6.0,5.0,24.0,17.0
22200815,1610612749,MIL,Milwaukee,201572,Brook Lopez,Brook,C,,31:38,9.0,12.0,0.75,2.0,5.0,0.4,7.0,9.0,0.778,1.0,8.0,9.0,0.0,1.0,0.0,0.0,3.0,27.0,17.0
22200815,1610612749,MIL,Milwaukee,1628960,Grayson Allen,Grayson,G,,25:06,1.0,3.0,0.333,1.0,3.0,0.333,0.0,0.0,0.0,0.0,3.0,3.0,1.0,0.0,0.0,1.0,3.0,3.0,14.0
22200815,1610612749,MIL,Milwaukee,201950,Jrue Holiday,Jrue,G,,31:49,9.0,20.0,0.45,2.0,8.0,0.25,0.0,0.0,0.0,0.0,4.0,4.0,8.0,0.0,0.0,1.0,3.0,20.0,4.0
22200815,1610612749,MIL,Milwaukee,204060,Joe Ingles,Joe,,,20:19,2.0,4.0,0.5,1.0,3.0,0.333,0.0,0.0,0.0,0.0,4.0,4.0,2.0,0.0,0.0,1.0,0.0,5.0,14.0
22200815,1610612749,MIL,Milwaukee,202083,Wesley Matthews,Wesley,,,22:17,2.0,5.0,0.4,2.0,4.0,0.5,0.0,0.0,0.0,1.0,3.0,4.0,0.0,0.0,1.0,0.0,1.0,6.0,5.0
22200815,1610612749,MIL,Milwaukee,203114,Khris Middleton,Khris,,,21:32,5.0,11.0,0.455,1.0,3.0,0.333,2.0,2.0,1.0,0.0,3.0,3.0,5.0,1.0,0.0,2.0,2.0,13.0,12.0
22200815,1610612749,MIL,Milwaukee,1628975,Jevon Carter,Jevon,,,21:16,4.0,7.0,0.571,3.0,6.0,0.5,0.0,0.0,0.0,1.0,4.0,5.0,3.0,0.0,1.0,0.0,2.0,11.0,9.0
22200815,1610612749,MIL,Milwaukee,1630699,MarJon Beauchamp,MarJon,,,13:29,2.0,4.0,0.5,1.0,3.0,0.333,0.0,0.0,0.0,0.0,4.0,4.0,0.0,0.0,0.0,1.0,2.0,5.0,-5.0
22200815,1610612749,MIL,Milwaukee,1630572,Sandro Mamukelashvili,Sandro,,,3:41,0.0,0.0,0.0,0.0,0.0,0.0,2.0,2.0,1.0,0.0,1.0,1.0,0.0,0.0,0.0,2.0,0.0,2.0,-3.0
22200815,1610612749,MIL,Milwaukee,203648,Thanasis Antetokounmpo,Thanasis,,,3:41,0.0,0.0,0.0,0.0,0.0,0.0,0.0,0.0,0.0,0.0,1.0,1.0,0.0,0.0,0.0,0.0,2.0,0.0,-3.0
22200815,1610612749,MIL,Milwaukee,201588,George Hill,George,,DNP - Coach's Decision,,,,,,,,,,,,,,,,,,,,
22200815,1610612749,MIL,Milwaukee,1629670,Jordan Nwora,Jordan,,DNP - Coach's Decision,,,,,,,,,,,,,,,,,,,,
22200815,1610612757,POR,Portland,1628404,Josh Hart,Josh,F,,25:53,5.0,8.0,0.625,2.0,4.0,0.5,2.0,3.0,0.667,0.0,8.0,8.0,0.0,1.0,0.0,1.0,2.0,14.0,-7.0
22200815,1610612757,POR,Portland,203924,Jerami Grant,Jerami,F,,36:20,4.0,13.0,0.308,1.0,7.0,0.143,4.0,5.0,0.8,0.0,3.0,3.0,0.0,0.0,2.0,0.0,3.0,13.0,-15.0
22200815,1610612757,POR,Portland,1629234,Drew Eubanks,Drew,C,,25:33,5.0,9.0,0.556,0.0,0.0,0.0,0.0,0.0,0.0,0.0,4.0,4.0,5.0,0.0,0.0,1.0,4.0,10.0,-5.0
22200815,1610612757,POR,Portland,1629014,Anfernee Simons,Anfernee,G,,34:43,8.0,16.0,0.5,1.0,5.0,0.2,4.0,4.0,1.0,0.0,0.0,0.0,5.0,1.0,0.0,2.0,3.0,21.0,-16.0
22200815,1610612757,POR,Portland,203081,Damian Lillard,Damian,G,,31:51,7.0,18.0,0.389,2.0,7.0,0.286,12.0,12.0,1.0,0.0,4.0,4.0,5.0,1.0,0.0,1.0,2.0,28.0,-10.0
22200815,1610612757,POR,Portland,1631101,Shaedon Sharpe,Shaedon,,,24:04,0.0,6.0,0.0,0.0,5.0,0.0,0.0,0.0,0.0,1.0,2.0,3.0,3.0,0.0,0.0,1.0,1.0,0.0,-15.0
22200815,1610612757,POR,Portland,1630570,Trendon Watford,Trendon,,,18:46,2.0,7.0,0.286,1.0,1.0,1.0,1.0,2.0,0.5,0.0,3.0,3.0,1.0,0.0,0.0,1.0,3.0,6.0,-17.0
22200815,1610612757,POR,Portland,1627780,Gary Payton II,Gary,,,16:45,1.0,2.0,0.5,0.0,1.0,0.0,0.0,0.0,0.0,0.0,1.0,1.0,1.0,1.0,0.0,0.0,1.0,2.0,-15.0
22200815,1610612757,POR,Portland,1629642,Nassir Little,Nassir,,,11:40,3.0,6.0,0.5,1.0,3.0,0.333,1.0,2.0,0.5,0.0,1.0,1.0,1.0,1.0,0.0,1.0,0.0,8.0,-4.0
22200815,1610612757,POR,Portland,1631133,Jabari Walker,Jabari,,,5:22,2.0,4.0,0.5,1.0,2.0,0.5,1.0,1.0,1.0,0.0,0.0,0.0,0.0,0.0,0.0,0.0,0.0,6.0,3.0
22200815,1610612757,POR,Portland,1631219,John Butler Jr.,John,,,5:22,0.0,0.0,0.0,0.0,0.0,0.0,0.0,0.0,0.0,0.0,0.0,0.0,0.0,0.0,0.0,0.0,1.0,0.0,3.0
22200815,1610612757,POR,Portland,1630535,Greg Brown III,Greg,,,3:41,0.0,2.0,0.0,0.0,1.0,0.0,0.0,0.0,0.0,0.0,1.0,1.0,2.0,0.0,0.0,0.0,0.0,0.0,3.0
22200809,1610612739,CLE,Cleveland,1630171,Isaac Okoro,Isaac,F,,25:59,4.0,6.0,0.667,2.0,3.0,0.667,2.0,3.0,0.667,0.0,2.0,2.0,3.0,0.0,0.0,1.0,0.0,12.0,23.0
22200809,1610612739,CLE,Cleveland,1630596,Evan Mobley,Evan,F,,28:26,7.0,13.0,0.538,0.0,0.0,0.0,2.0,3.0,0.667,4.0,1.0,5.0,2.0,2.0,2.0,1.0,3.0,16.0,23.0
22200809,1610612739,CLE,Cleveland,1628386,Jarrett Allen,Jarrett,C,,37:23,10.0,13.0,0.769,0.0,0.0,0.0,3.0,4.0,0.75,1.0,7.0,8.0,3.0,0.0,2.0,2.0,1.0,23.0,24.0
22200809,1610612739,CLE,Cleveland,1628378,Donovan Mitchell,Donovan,G,,28:06,8.0,16.0,0.5,3.0,9.0,0.333,2.0,2.0,1.0,0.0,6.0,6.0,5.0,1.0,0.0,3.0,1.0,21.0,25.0
22200809,1610612739,CLE,Cleveland,1629636,Darius Garland,Darius,G,,28:23,9.0,15.0,0.6,5.0,9.0,0.556,0.0,2.0,0.0,0.0,2.0,2.0,5.0,3.0,0.0,3.0,1.0,23.0,18.0
22200809,1610612739,CLE,Cleveland,1627747,Caris LeVert,Caris,,,26:23,3.0,5.0,0.6,1.0,2.0,0.5,3.0,4.0,0.75,0.0,8.0,8.0,4.0,2.0,0.0,3.0,2.0,10.0,1.0
22200809,1610612739,CLE,Cleveland,1629731,Dean Wade,Dean,,,25:44,0.0,0.0,0.0,0.0,0.0,0.0,0.0,0.0,0.0,1.0,3.0,4.0,1.0,0.0,0.0,0.0,3.0,0.0,1.0
22200809,1610612739,CLE,Cleveland,1626224,Cedi Osman,Cedi,,,13:52,1.0,5.0,0.2,1.0,3.0,0.333,0.0,0.0,0.0,1.0,1.0,2.0,3.0,1.0,1.0,0.0,1.0,3.0,8.0
22200809,1610612739,CLE,Cleveland,203526,Raul Neto,Raul,,,9:17,1.0,2.0,0.5,0.0,1.0,0.0,0.0,0.0,0.0,0.0,3.0,3.0,0.0,0.0,0.0,1.0,0.0,2.0,-5.0
22200809,1610612739,CLE,Cleveland,1630205,Lamar Stevens,Lamar,,,7:35,1.0,2.0,0.5,0.0,1.0,0.0,0.0,0.0,0.0,0.0,1.0,1.0,0.0,0.0,0.0,1.0,1.0,2.0,-3.0
22200809,1610612739,CLE,Cleveland,1629603,Mamadi Diakite,Mamadi,,,4:26,0.0,1.0,0.0,0.0,1.0,0.0,0.0,0.0,0.0,0.0,1.0,1.0,0.0,0.0,1.0,0.0,2.0,0.0,0.0
22200809,1610612739,CLE,Cleveland,201577,Robin Lopez,Robin,,,4:26,0.0,0.0,0.0,0.0,0.0,0.0,2.0,2.0,1.0,0.0,1.0,1.0,0.0,0.0,0.0,1.0,0.0,2.0,0.0
22200809,1610612739,CLE,Cleveland,201567,Kevin Love,Kevin,,DNP - Coach's Decision,,,,,,,,,,,,,,,,,,,,
22200809,1610612764,WAS,Washington,1630166,Deni Avdija,Deni,F,,30:02,3.0,10.0,0.3,1.0,4.0,0.25,5.0,5.0,1.0,0.0,4.0,4.0,3.0,2.0,0.0,3.0,2.0,12.0,-23.0
22200809,1610612764,WAS,Washington,204001,Kristaps Porziņģis,Kristaps,F,,26:11,7.0,13.0,0.538,1.0,6.0,0.167,3.0,3.0,1.0,1.0,6.0,7.0,1.0,0.0,1.0,2.0,3.0,18.0,-21.0
22200809,1610612764,WAS,Washington,1629655,Daniel Gafford,Daniel,C,,23:57,5.0,6.0,0.833,0.0,0.0,0.0,1.0,1.0,1.0,2.0,6.0,8.0,1.0,0.0,3.0,2.0,2.0,11.0,-13.0
22200809,1610612764,WAS,Washington,1630557,Corey Kispert,Corey,G,,25:39,1.0,7.0,0.143,0.0,5.0,0.0,0.0,0.0,0.0,0.0,1.0,1.0,1.0,0.0,0.0,1.0,1.0,2.0,-13.0
22200809,1610612764,WAS,Washington,1628420,Monté Morris,Monté,G,,22:28,4.0,8.0,0.5,2.0,4.0,0.5,0.0,0.0,0.0,0.0,3.0,3.0,7.0,1.0,0.0,2.0,0.0,10.0,-23.0
22200809,1610612764,WAS,Washington,1630692,Jordan Goodwin,Jordan,,,10:24,0.0,3.0,0.0,0.0,1.0,0.0,1.0,2.0,0.5,0.0,0.0,0.0,0.0,1.0,0.0,0.0,1.0,1.0,-9.0
22200809,1610612764,WAS,Washington,1629134,Kendrick Nunn,Kendrick,,,15:24,3.0,6.0,0.5,0.0,1.0,0.0,2.0,2.0,1.0,0.0,0.0,0.0,3.0,1.0,0.0,2.0,2.0,8.0,-8.0
22200809,1610612764,WAS,Washington,1626153,Delon Wright,Delon,,,19:15,0.0,3.0,0.0,0.0,1.0,0.0,0.0,0.0,0.0,0.0,3.0,3.0,3.0,1.0,0.0,0.0,2.0,0.0,-2.0
22200809,1610612764,WAS,Washington,1630264,Anthony Gill,Anthony,,,20:41,2.0,4.0,0.5,1.0,1.0,1.0,1.0,2.0,0.5,2.0,0.0,2.0,1.0,0.0,0.0,1.0,2.0,6.0,0.0
22200809,1610612764,WAS,Washington,203115,Will Barton,Will,,,27:11,6.0,13.0,0.462,1.0,5.0,0.2,2.0,4.0,0.5,1.0,5.0,6.0,0.0,1.0,0.0,1.0,1.0,15.0,-7.0
22200809,1610612764,WAS,Washington,201959,Taj Gibson,Taj,,,12:31,3.0,6.0,0.5,0.0,0.0,0.0,0.0,0.0,0.0,1.0,2.0,3.0,0.0,1.0,1.0,0.0,2.0,6.0,2.0
22200809,1610612764,WAS,Washington,1631098,Johnny Davis,Johnny,,,6:17,1.0,3.0,0.333,0.0,0.0,0.0,0.0,0.0,0.0,0.0,0.0,0.0,0.0,0.0,0.0,0.0,0.0,2.0,2.0
22200809,1610612764,WAS,Washington,203078,Bradley Beal,Bradley,,DNP - Injury/Illness,,,,,,,,,,,,,,,,,,,,
22200808,1610612738,BOS,Boston,1628369,Jayson Tatum,Jayson,F,,39:21,11.0,24.0,0.458,3.0,9.0,0.333,9.0,10.0,0.9,2.0,9.0,11.0,6.0,0.0,1.0,3.0,4.0,34.0,16.0
22200808,1610612738,BOS,Boston,201143,Al Horford,Al,F,,32:52,1.0,6.0,0.167,1.0,4.0,0.25,0.0,0.0,0.0,0.0,6.0,6.0,3.0,0.0,0.0,1.0,0.0,3.0,18.0
22200808,1610612738,BOS,Boston,1629057,Robert Williams III,Robert,C,,28:43,7.0,9.0,0.778,0.0,0.0,0.0,1.0,2.0,0.5,6.0,9.0,15.0,2.0,2.0,1.0,1.0,2.0,15.0,14.0
22200808,1610612738,BOS,Boston,1630573,Sam Hauser,Sam,G,,31:17,5.0,10.0,0.5,5.0,9.0,0.556,0.0,0.0,0.0,1.0,5.0,6.0,1.0,0.0,1.0,1.0,4.0,15.0,11.0
22200808,1610612738,BOS,Boston,1628401,Derrick White,Derrick,G,,37:08,8.0,17.0,0.471,2.0,4.0,0.5,5.0,5.0,1.0,0.0,7.0,7.0,7.0,0.0,0.0,1.0,3.0,23.0,18.0
22200808,1610612738,BOS,Boston,1629684,Grant Williams,Grant,,,20:34,1.0,4.0,0.25,0.0,2.0,0.0,0.0,0.0,0.0,0.0,3.0,3.0,1.0,0.0,0.0,0.0,2.0,2.0,-11.0
22200808,1610612738,BOS,Boston,1627763,Malcolm Brogdon,Malcolm,,,25:40,5.0,10.0,0.5,4.0,6.0,0.667,2.0,2.0,1.0,0.0,1.0,1.0,4.0,0.0,2.0,3.0,2.0,16.0,-3.0
22200808,1610612738,BOS,Boston,1630202,Payton Pritchard,Payton,,,11:02,1.0,3.0,0.333,1.0,3.0,0.333,0.0,0.0,0.0,0.0,0.0,0.0,0.0,0.0,0.0,1.0,3.0,3.0,-8.0
22200808,1610612738,BOS,Boston,201933,Blake Griffin,Blake,,,13:23,0.0,0.0,0.0,0.0,0.0,0.0,0.0,2.0,0.0,1.0,1.0,2.0,1.0,0.0,0.0,0.0,2.0,0.0,5.0
22200808,1610612738,BOS,Boston,1628382,Justin Jackson,Justin,,DNP - Coach's Decision,,,,,,,,,,,,,,,,,,,,
22200808,1610612738,BOS,Boston,1629662,Mfiondu Kabengele,Mfiondu,,DNP - Coach's Decision,,,,,,,,,,,,,,,,,,,,
22200808,1610612765,DET,Detroit,202711,Bojan Bogdanović,Bojan,F,,33:03,6.0,11.0,0.545,2.0,4.0,0.5,7.0,7.0,1.0,0.0,3.0,3.0,1.0,1.0,1.0,1.0,2.0,21.0,-14.0
22200808,1610612765,DET,Detroit,1630191,Isaiah Stewart,Isaiah,F,,31:06,4.0,12.0,0.333,0.0,7.0,0.0,2.0,4.0,0.5,0.0,12.0,12.0,0.0,0.0,0.0,2.0,2.0,10.0,-25.0
22200808,1610612765,DET,Detroit,1631105,Jalen Duren,Jalen,C,,27:42,3.0,4.0,0.75,0.0,0.0,0.0,1.0,1.0,1.0,5.0,9.0,14.0,0.0,0.0,0.0,1.0,2.0,7.0,-5.0
22200808,1610612765,DET,Detroit,202692,Alec Burks,Alec,G,,18:42,2.0,8.0,0.25,1.0,5.0,0.2,0.0,0.0,0.0,0.0,0.0,0.0,2.0,1.0,0.0,1.0,3.0,5.0,-17.0
22200808,1610612765,DET,Detroit,1631093,Jaden Ivey,Jaden,G,,26:55,5.0,12.0,0.417,1.0,3.0,0.333,3.0,5.0,0.6,1.0,0.0,1.0,5.0,0.0,0.0,1.0,0.0,14.0,-15.0
22200808,1610612765,DET,Detroit,1630165,Killian Hayes,Killian,,,32:11,7.0,16.0,0.438,3.0,7.0,0.429,0.0,0.0,0.0,0.0,2.0,2.0,9.0,2.0,1.0,1.0,3.0,17.0,3.0
22200808,1610612765,DET,Detroit,1630180,Saddiq Bey,Saddiq,,,30:27,5.0,15.0,0.333,1.0,5.0,0.2,3.0,3.0,1.0,3.0,3.0,6.0,4.0,2.0,1.0,1.0,4.0,14.0,5.0
22200808,1610612765,DET,Detroit,1628977,Hamidou Diallo,Hamidou,,,17:09,3.0,6.0,0.5,0.0,0.0,0.0,0.0,1.0,0.0,0.0,3.0,3.0,1.0,1.0,2.0,1.0,1.0,6.0,2.0
22200808,1610612765,DET,Detroit,1630587,Isaiah Livers,Isaiah,,,22:45,2.0,3.0,0.667,1.0,2.0,0.5,0.0,0.0,0.0,0.0,1.0,1.0,0.0,2.0,1.0,0.0,3.0,5.0,6.0
22200808,1610612765,DET,Detroit,202709,Cory Joseph,Cory,,DNP - Coach's Decision,,,,,,,,,,,,,,,,,,,,
22200808,1610612765,DET,Detroit,1628995,Kevin Knox II,Kevin,,DNP - Coach's Decision,,,,,,,,,,,,,,,,,,,,
22200808,1610612765,DET,Detroit,203585,Rodney McGruder,Rodney,,DNP - Coach's Decision,,,,,,,,,,,,,,,,,,,,
22200808,1610612765,DET,Detroit,203457,Nerlens Noel,Nerlens,,DNP - Coach's Decision,,,,,,,,,,,,,,,,,,,,
22200810,1610612746,LAC,LA,202695,Kawhi Leonard,Kawhi,F,,34:17,8.0,17.0,0.471,3.0,4.0,0.75,5.0,6.0,0.833,1.0,3.0,4.0,6.0,1.0,0.0,1.0,2.0,24.0,-10.0
22200810,1610612746,LAC,LA,202694,Marcus Morris Sr.,Marcus,F,,17:14,1.0,3.0,0.333,0.0,1.0,0.0,0.0,0.0,0.0,0.0,1.0,1.0,0.0,0.0,0.0,1.0,3.0,2.0,-3.0
22200810,1610612746,LAC,LA,1627826,Ivica Zubac,Ivica,C,,30:00,6.0,9.0,0.667,0.0,0.0,0.0,7.0,10.0,0.7,5.0,7.0,12.0,2.0,3.0,1.0,0.0,5.0,19.0,27.0
22200810,1610612746,LAC,LA,202331,Paul George,Paul,G,,34:16,10.0,20.0,0.5,3.0,7.0,0.429,6.0,7.0,0.857,1.0,3.0,4.0,3.0,2.0,0.0,2.0,4.0,29.0,-2.0
22200810,1610612746,LAC,LA,1629611,Terance Mann,Terance,G,,24:51,5.0,9.0,0.556,1.0,2.0,0.5,1.0,1.0,1.0,0.0,9.0,9.0,0.0,0.0,3.0,1.0,1.0,12.0,-20.0
22200810,1610612746,LAC,LA,201587,Nicolas Batum,Nicolas,,,27:38,3.0,8.0,0.375,1.0,4.0,0.25,2.0,3.0,0.667,2.0,9.0,11.0,3.0,0.0,1.0,0.0,1.0,9.0,-4.0
22200810,1610612746,LAC,LA,1628379,Luke Kennard,Luke,,,14:40,1.0,6.0,0.167,1.0,4.0,0.25,0.0,0.0,0.0,0.0,0.0,0.0,0.0,1.0,0.0,0.0,0.0,3.0,12.0
22200810,1610612746,LAC,LA,1626181,Norman Powell,Norman,,,30:26,5.0,10.0,0.5,1.0,4.0,0.25,3.0,3.0,1.0,1.0,2.0,3.0,4.0,1.0,0.0,2.0,1.0,14.0,13.0
22200810,1610612746,LAC,LA,202704,Reggie Jackson,Reggie,,,26:38,5.0,10.0,0.5,2.0,4.0,0.5,0.0,0.0,0.0,1.0,1.0,2.0,2.0,3.0,0.0,0.0,2.0,12.0,27.0
22200810,1610612746,LAC,LA,1630527,Brandon Boston,Brandon,,DNP - Coach's Decision,,,,,,,,,,,,,,,,,,,,
22200810,1610612746,LAC,LA,1629599,Amir Coffey,Amir,,DNP - Coach's Decision,,,,,,,,,,,,,,,,,,,,
22200810,1610612746,LAC,LA,203496,Robert Covington,Robert,,DNP - Coach's Decision,,,,,,,,,,,,,,,,,,,,
22200810,1610612746,LAC,LA,1631217,Moussa Diabaté,Moussa,,DNP - Coach's Decision,,,,,,,,,,,,,,,,,,,,
22200810,1610612746,LAC,LA,1630554,Jason Preston,Jason,,DNP - Coach's Decision,,,,,,,,,,,,,,,,,,,,
22200810,1610612751,BKN,Brooklyn,203925,Joe Harris,Joe,F,,27:43,2.0,2.0,1.0,2.0,2.0,1.0,0.0,0.0,0.0,1.0,5.0,6.0,3.0,1.0,0.0,1.0,5.0,6.0,4.0
22200810,1610612751,BKN,Brooklyn,1626220,Royce O'Neale,Royce,F,,35:21,5.0,9.0,0.556,5.0,7.0,0.714,0.0,0.0,0.0,0.0,1.0,1.0,3.0,0.0,0.0,3.0,3.0,15.0,-6.0
22200810,1610612751,BKN,Brooklyn,1629651,Nic Claxton,Nic,C,,35:41,5.0,8.0,0.625,0.0,0.0,0.0,5.0,8.0,0.625,3.0,13.0,16.0,1.0,2.0,3.0,4.0,4.0,15.0,7.0
22200810,1610612751,BKN,Brooklyn,1630560,Cam Thomas,Cam,G,,38:34,15.0,29.0,0.517,7.0,11.0,0.636,10.0,11.0,0.909,1.0,3.0,4.0,3.0,0.0,0.0,4.0,3.0,47.0,3.0
22200810,1610612751,BKN,Brooklyn,1628410,Edmond Sumner,Edmond,G,,32:37,9.0,17.0,0.529,2.0,3.0,0.667,3.0,3.0,1.0,1.0,4.0,5.0,3.0,0.0,1.0,0.0,5.0,23.0,10.0
22200810,1610612751,BKN,Brooklyn,1629139,Yuta Watanabe,Yuta,,,20:46,0.0,2.0,0.0,0.0,1.0,0.0,0.0,0.0,0.0,0.0,3.0,3.0,3.0,0.0,0.0,1.0,1.0,0.0,-5.0
22200810,1610612751,BKN,Brooklyn,1630549,Day'Ron Sharpe,Day'Ron,,,7:05,0.0,1.0,0.0,0.0,0.0,0.0,0.0,0.0,0.0,2.0,0.0,2.0,1.0,0.0,0.0,1.0,3.0,0.0,-10.0
22200810,1610612751,BKN,Brooklyn,201988,Patty Mills,Patty,,,11:31,0.0,5.0,0.0,0.0,3.0,0.0,0.0,0.0,0.0,0.0,0.0,0.0,0.0,0.0,1.0,1.0,1.0,0.0,-16.0
22200810,1610612751,BKN,Brooklyn,203933,T.J. Warren,T.J.,,,11:52,4.0,6.0,0.667,0.0,1.0,0.0,0.0,0.0,0.0,0.0,1.0,1.0,0.0,0.0,0.0,1.0,0.0,8.0,-9.0
22200810,1610612751,BKN,Brooklyn,1630696,Dru Smith,Dru,,,13:18,1.0,3.0,0.333,0.0,2.0,0.0,0.0,0.0,0.0,0.0,4.0,4.0,4.0,1.0,0.0,0.0,1.0,2.0,-13.0
22200810,1610612751,BKN,Brooklyn,1630556,Kessler Edwards,Kessler,,,5:32,0.0,2.0,0.0,0.0,1.0,0.0,0.0,0.0,0.0,0.0,0.0,0.0,0.0,0.0,0.0,0.0,0.0,0.0,-5.0
22200810,1610612751,BKN,Brooklyn,1630561,David Duke Jr.,David,,DNP - Coach's Decision,,,,,,,,,,,,,,,,,,,,
22200813,1610612742,DAL,Dallas,1630182,Josh Green,Josh,F,,37:29,10.0,17.0,0.588,3.0,6.0,0.5,6.0,6.0,1.0,1.0,5.0,6.0,2.0,0.0,0.0,0.0,2.0,29.0,39.0
22200813,1610612742,DAL,Dallas,203493,Reggie Bullock Jr.,Reggie,F,,33:32,5.0,11.0,0.455,3.0,8.0,0.375,0.0,0.0,0.0,1.0,1.0,2.0,3.0,4.0,1.0,1.0,2.0,13.0,6.0
22200813,1610612742,DAL,Dallas,203939,Dwight Powell,Dwight,C,,28:10,4.0,5.0,0.8,0.0,0.0,0.0,4.0,5.0,0.8,8.0,8.0,16.0,2.0,0.0,1.0,4.0,3.0,12.0,11.0
22200813,1610612742,DAL,Dallas,203501,Tim Hardaway Jr.,Tim,G,,34:35,5.0,16.0,0.313,3.0,7.0,0.429,4.0,7.0,0.571,0.0,3.0,3.0,2.0,0.0,0.0,2.0,3.0,17.0,10.0
22200813,1610612742,DAL,Dallas,1630593,McKinley Wright IV,McKinley,G,,19:49,5.0,10.0,0.5,0.0,3.0,0.0,0.0,0.0,0.0,1.0,2.0,3.0,4.0,0.0,0.0,1.0,1.0,10.0,-16.0
22200813,1610612742,DAL,Dallas,1626174,Christian Wood,Christian,,,18:35,1.0,7.0,0.143,0.0,4.0,0.0,4.0,4.0,1.0,1.0,8.0,9.0,4.0,0.0,0.0,0.0,2.0,6.0,-16.0
22200813,1610612742,DAL,Dallas,1630702,Jaden Hardy,Jaden,,,25:38,8.0,12.0,0.667,4.0,6.0,0.667,9.0,9.0,1.0,1.0,3.0,4.0,4.0,2.0,0.0,2.0,4.0,29.0,23.0
22200813,1610612742,DAL,Dallas,1629033,Theo Pinson,Theo,,,12:34,1.0,2.0,0.5,1.0,2.0,0.5,0.0,0.0,0.0,3.0,1.0,4.0,2.0,0.0,0.0,1.0,1.0,3.0,3.0
22200813,1610612742,DAL,Dallas,1630639,A.J. Lawson,A.J.,,,12:17,1.0,4.0,0.25,1.0,3.0,0.333,0.0,0.0,0.0,0.0,0.0,0.0,0.0,0.0,0.0,1.0,3.0,3.0,1.0
22200813,1610612742,DAL,Dallas,201580,JaVale McGee,JaVale,,,6:54,0.0,1.0,0.0,0.0,0.0,0.0,0.0,0.0,0.0,0.0,0.0,0.0,0.0,0.0,1.0,0.0,0.0,0.0,6.0
22200813,1610612742,DAL,Dallas,1628373,Frank Ntilikina,Frank,,,7:26,0.0,2.0,0.0,0.0,0.0,0.0,0.0,0.0,0.0,1.0,1.0,2.0,3.0,0.0,1.0,0.0,2.0,0.0,-3.0
22200813,1610612742,DAL,Dallas,1629735,Chris Silva,Chris,,,3:01,1.0,1.0,1.0,0.0,0.0,0.0,0.0,0.0,0.0,0.0,0.0,0.0,0.0,0.0,0.0,1.0,2.0,2.0,1.0
22200813,1610612762,UTA,Utah,1628374,Lauri Markkanen,Lauri,F,,36:14,9.0,17.0,0.529,1.0,7.0,0.143,0.0,0.0,0.0,1.0,6.0,7.0,0.0,2.0,1.0,2.0,6.0,19.0,-23.0
22200813,1610612762,UTA,Utah,203482,Kelly Olynyk,Kelly,F,,28:09,4.0,8.0,0.5,0.0,3.0,0.0,3.0,3.0,1.0,3.0,3.0,6.0,3.0,0.0,0.0,0.0,4.0,11.0,-9.0
22200813,1610612762,UTA,Utah,1631117,Walker Kessler,Walker,C,,26:48,6.0,9.0,0.667,0.0,0.0,0.0,1.0,1.0,1.0,4.0,5.0,9.0,1.0,1.0,3.0,1.0,1.0,13.0,-8.0
22200813,1610612762,UTA,Utah,203903,Jordan Clarkson,Jordan,G,,32:09,7.0,19.0,0.368,0.0,5.0,0.0,12.0,15.0,0.8,2.0,2.0,4.0,2.0,0.0,0.0,4.0,3.0,26.0,-6.0
22200813,1610612762,UTA,Utah,201144,Mike Conley,Mike,G,,31:14,4.0,8.0,0.5,1.0,4.0,0.25,1.0,1.0,1.0,0.0,1.0,1.0,11.0,0.0,0.0,2.0,1.0,10.0,-10.0
22200813,1610612762,UTA,Utah,1629012,Collin Sexton,Collin,,,25:03,2.0,3.0,0.667,0.0,0.0,0.0,6.0,6.0,1.0,0.0,0.0,0.0,1.0,0.0,0.0,2.0,4.0,10.0,-5.0
22200813,1610612762,UTA,Utah,1627736,Malik Beasley,Malik,,,23:04,3.0,9.0,0.333,3.0,7.0,0.429,0.0,0.0,0.0,0.0,7.0,7.0,1.0,1.0,0.0,2.0,2.0,9.0,-3.0
22200813,1610612762,UTA,Utah,200752,Rudy Gay,Rudy,,,15:03,5.0,11.0,0.455,0.0,2.0,0.0,0.0,0.0,0.0,0.0,1.0,1.0,2.0,0.0,0.0,0.0,0.0,10.0,4.0
22200813,1610612762,UTA,Utah,1628962,Udoka Azubuike,Udoka,,,8:47,0.0,0.0,0.0,0.0,0.0,0.0,0.0,0.0,0.0,0.0,2.0,2.0,0.0,0.0,0.0,0.0,1.0,0.0,6.0
22200813,1610612762,UTA,Utah,1630534,Ochai Agbaji,Ochai,,,13:29,1.0,3.0,0.333,1.0,3.0,0.333,0.0,0.0,0.0,0.0,0.0,0.0,0.0,0.0,0.0,0.0,1.0,3.0,-11.0
22200813,1610612762,UTA,Utah,1629638,Nickeil Alexander-Walker,Nickeil,,DNP - Coach's Decision,,,,,,,,,,,,,,,,,,,,
22200813,1610612762,UTA,Utah,1630195,Leandro Bolmaro,Leandro,,DNP - Coach's Decision,,,,,,,,,,,,,,,,,,,,
22200813,1610612762,UTA,Utah,1631323,Simone Fontecchio,Simone,,DNP - Coach's Decision,,,,,,,,,,,,,,,,,,,,
22200813,1610612762,UTA,Utah,1629659,Talen Horton-Tucker,Talen,,DNP - Coach's Decision,,,,,,,,,,,,,,,,,,,,
22200812,1610612758,SAC,Sacramento,1631099,Keegan Murray,Keegan,F,,32:33,11.0,17.0,0.647,8.0,12.0,0.667,0.0,0.0,0.0,0.0,6.0,6.0,1.0,2.0,0.0,1.0,2.0,30.0,11.0
22200812,1610612758,SAC,Sacramento,203084,Harrison Barnes,Harrison,F,,26:24,3.0,9.0,0.333,0.0,3.0,0.0,3.0,3.0,1.0,3.0,2.0,5.0,3.0,0.0,0.0,0.0,0.0,9.0,10.0
22200812,1610612758,SAC,Sacramento,1627734,Domantas Sabonis,Domantas,C,,31:45,7.0,10.0,0.7,1.0,2.0,0.5,2.0,2.0,1.0,1.0,6.0,7.0,10.0,2.0,0.0,2.0,5.0,17.0,5.0
22200812,1610612758,SAC,Sacramento,1628989,Kevin Huerter,Kevin,G,,28:32,7.0,12.0,0.583,2.0,7.0,0.286,0.0,0.0,0.0,0.0,4.0,4.0,4.0,1.0,1.0,1.0,2.0,16.0,11.0
22200812,1610612758,SAC,Sacramento,1628368,De'Aaron Fox,De'Aaron,G,,29:18,5.0,12.0,0.417,0.0,1.0,0.0,6.0,9.0,0.667,1.0,3.0,4.0,8.0,2.0,1.0,4.0,3.0,16.0,13.0
22200812,1610612758,SAC,Sacramento,1630558,Davion Mitchell,Davion,,,17:04,2.0,2.0,1.0,1.0,1.0,1.0,0.0,0.0,0.0,1.0,0.0,1.0,5.0,0.0,0.0,0.0,4.0,5.0,1.0
22200812,1610612758,SAC,Sacramento,1629056,Terence Davis,Terence,,,12:07,1.0,2.0,0.5,1.0,2.0,0.5,0.0,0.0,0.0,0.0,1.0,1.0,0.0,1.0,1.0,0.0,2.0,3.0,8.0
22200812,1610612758,SAC,Sacramento,1628370,Malik Monk,Malik,,,22:26,6.0,12.0,0.5,4.0,7.0,0.571,4.0,4.0,1.0,0.0,1.0,1.0,2.0,0.0,0.0,2.0,0.0,20.0,11.0
22200812,1610612758,SAC,Sacramento,1626168,Trey Lyles,Trey,,,15:46,6.0,7.0,0.857,2.0,3.0,0.667,0.0,0.0,0.0,0.0,2.0,2.0,0.0,1.0,0.0,0.0,1.0,14.0,11.0
22200812,1610612758,SAC,Sacramento,1629002,Chimezie Metu,Chimezie,,,13:29,2.0,3.0,0.667,0.0,0.0,0.0,0.0,0.0,0.0,1.0,2.0,3.0,2.0,0.0,2.0,0.0,2.0,4.0,11.0
22200812,1610612758,SAC,Sacramento,1631165,Keon Ellis,Keon,,,3:15,2.0,2.0,1.0,2.0,2.0,1.0,0.0,0.0,0.0,0.0,1.0,1.0,0.0,0.0,0.0,0.0,0.0,6.0,2.0
22200812,1610612758,SAC,Sacramento,203521,Matthew Dellavedova,Matthew,,,2:27,0.0,0.0,0.0,0.0,0.0,0.0,0.0,0.0,0.0,0.0,0.0,0.0,2.0,0.0,0.0,0.0,0.0,0.0,2.0
22200812,1610612758,SAC,Sacramento,1629126,Deonte Burton,Deonte,,,2:27,0.0,1.0,0.0,0.0,1.0,0.0,0.0,0.0,0.0,0.0,0.0,0.0,0.0,0.0,0.0,0.0,0.0,0.0,2.0
22200812,1610612758,SAC,Sacramento,203458,Alex Len,Alex,,,2:27,0.0,0.0,0.0,0.0,0.0,0.0,0.0,0.0,0.0,0.0,0.0,0.0,1.0,0.0,0.0,0.0,1.0,0.0,2.0
22200812,1610612758,SAC,Sacramento,1626158,Richaun Holmes,Richaun,,DNP - Coach's Decision,,,,,,,,,,,,,,,,,,,,
22200812,1610612745,HOU,Houston,1630231,KJ Martin,KJ,F,,32:12,8.0,10.0,0.8,2.0,2.0,1.0,0.0,1.0,0.0,3.0,5.0,8.0,1.0,0.0,0.0,0.0,0.0,18.0,-8.0
22200812,1610612745,HOU,Houston,1631095,Jabari Smith Jr.,Jabari,F,,34:52,5.0,15.0,0.333,1.0,6.0,0.167,2.0,2.0,1.0,1.0,4.0,5.0,2.0,0.0,0.0,1.0,1.0,13.0,-17.0
22200812,1610612745,HOU,Houston,1630578,Alperen Sengun,Alperen,C,,36:03,4.0,10.0,0.4,1.0,2.0,0.5,6.0,6.0,1.0,0.0,7.0,7.0,7.0,0.0,0.0,2.0,2.0,15.0,-9.0
22200812,1610612745,HOU,Houston,201569,Eric Gordon,Eric,G,,31:14,5.0,7.0,0.714,3.0,5.0,0.6,3.0,4.0,0.75,0.0,0.0,0.0,8.0,2.0,1.0,3.0,1.0,16.0,-15.0
22200812,1610612745,HOU,Houston,1630224,Jalen Green,Jalen,G,,33:09,10.0,21.0,0.476,5.0,11.0,0.455,2.0,3.0,0.667,1.0,2.0,3.0,3.0,2.0,0.0,1.0,2.0,27.0,-9.0
22200812,1610612745,HOU,Houston,1628981,Bruno Fernando,Bruno,,,9:30,1.0,3.0,0.333,0.0,0.0,0.0,4.0,4.0,1.0,3.0,2.0,5.0,0.0,0.0,1.0,3.0,1.0,6.0,-9.0
22200812,1610612745,HOU,Houston,1630256,Jae'Sean Tate,Jae'Sean,,,21:23,4.0,7.0,0.571,0.0,1.0,0.0,1.0,2.0,0.5,2.0,2.0,4.0,3.0,0.0,1.0,0.0,3.0,9.0,-6.0
22200812,1610612745,HOU,Houston,1631106,Tari Eason,Tari,,,18:28,2.0,4.0,0.5,0.0,1.0,0.0,0.0,0.0,0.0,0.0,5.0,5.0,0.0,0.0,1.0,2.0,3.0,4.0,-9.0
22200812,1610612745,HOU,Houston,1630528,Josh Christopher,Josh,,,15:48,2.0,5.0,0.4,0.0,1.0,0.0,1.0,2.0,0.5,0.0,0.0,0.0,1.0,1.0,0.0,1.0,2.0,5.0,-12.0
22200812,1610612745,HOU,Houston,1631102,TyTy Washington Jr.,TyTy,,,2:27,1.0,3.0,0.333,0.0,1.0,0.0,0.0,0.0,0.0,0.0,0.0,0.0,0.0,0.0,0.0,0.0,0.0,2.0,-2.0
22200812,1610612745,HOU,Houston,1630620,Darius Days,Darius,,,2:27,1.0,1.0,1.0,0.0,0.0,0.0,0.0,0.0,0.0,1.0,1.0,2.0,1.0,0.0,0.0,0.0,0.0,2.0,-2.0
22200812,1610612745,HOU,Houston,1630586,Usman Garuba,Usman,,,2:27,1.0,2.0,0.5,1.0,2.0,0.5,0.0,0.0,0.0,0.0,0.0,0.0,1.0,0.0,0.0,0.0,0.0,3.0,-2.0
22200812,1610612745,HOU,Houston,1631309,Trevor Hudgins,Trevor,,DNP - Coach's Decision,,,,,,,,,,,,,,,,,,,,
22200812,1610612745,HOU,Houston,1626246,Boban Marjanović,Boban,,DNP - Coach's Decision,,,,,,,,,,,,,,,,,,,,
22200812,1610612745,HOU,Houston,1630227,Daishen Nix,Daishen,,DNP - Coach's Decision,,,,,,,,,,,,,,,,,,,,
22200804,1610612755,PHI,Philadelphia,202699,Tobias Harris,Tobias,F,,38:04,5.0,12.0,0.417,1.0,3.0,0.333,3.0,3.0,1.0,2.0,8.0,10.0,3.0,0.0,1.0,1.0,1.0,14.0,4.0
22200804,1610612755,PHI,Philadelphia,200782,P.J. Tucker,P.J.,F,,26:46,4.0,6.0,0.667,2.0,4.0,0.5,0.0,0.0,0.0,1.0,2.0,3.0,1.0,0.0,0.0,1.0,4.0,10.0,11.0
22200804,1610612755,PHI,Philadelphia,203954,Joel Embiid,Joel,C,,36:18,6.0,16.0,0.375,1.0,4.0,0.25,18.0,19.0,0.947,2.0,12.0,14.0,3.0,0.0,1.0,5.0,1.0,31.0,18.0
22200804,1610612755,PHI,Philadelphia,1629001,De'Anthony Melton,De'Anthony,G,,35:50,5.0,7.0,0.714,3.0,4.0,0.75,1.0,3.0,0.333,0.0,3.0,3.0,3.0,1.0,1.0,1.0,3.0,14.0,12.0
22200804,1610612755,PHI,Philadelphia,201935,James Harden,James,G,,38:12,4.0,11.0,0.364,0.0,4.0,0.0,4.0,6.0,0.667,0.0,8.0,8.0,12.0,2.0,1.0,2.0,3.0,12.0,15.0
22200804,1610612755,PHI,Philadelphia,1630178,Tyrese Maxey,Tyrese,,,23:58,4.0,8.0,0.5,0.0,1.0,0.0,4.0,5.0,0.8,0.0,1.0,1.0,0.0,0.0,0.0,0.0,3.0,12.0,-23.0
22200804,1610612755,PHI,Philadelphia,1629003,Shake Milton,Shake,,,9:48,1.0,5.0,0.2,0.0,1.0,0.0,0.0,0.0,0.0,0.0,0.0,0.0,0.0,0.0,0.0,0.0,1.0,2.0,-26.0
22200804,1610612755,PHI,Philadelphia,1627777,Georges Niang,Georges,,,9:17,0.0,5.0,0.0,0.0,4.0,0.0,0.0,0.0,0.0,0.0,1.0,1.0,1.0,0.0,0.0,1.0,3.0,0.0,-20.0
22200804,1610612755,PHI,Philadelphia,1626149,Montrezl Harrell,Montrezl,,,3:17,0.0,1.0,0.0,0.0,0.0,0.0,0.0,0.0,0.0,0.0,0.0,0.0,0.0,0.0,0.0,0.0,1.0,0.0,-15.0
22200804,1610612755,PHI,Philadelphia,1629680,Matisse Thybulle,Matisse,,,10:06,0.0,1.0,0.0,0.0,0.0,0.0,0.0,0.0,0.0,3.0,1.0,4.0,0.0,1.0,0.0,0.0,2.0,0.0,-17.0
22200804,1610612755,PHI,Philadelphia,1630194,Paul Reed,Paul,,,8:25,1.0,2.0,0.5,0.0,0.0,0.0,0.0,0.0,0.0,0.0,0.0,0.0,0.0,0.0,0.0,0.0,1.0,2.0,-14.0
22200804,1610612755,PHI,Philadelphia,1627863,Danuel House Jr.,Danuel,,DNP - Coach's Decision,,,,,,,,,,,,,,,,,,,,
22200804,1610612755,PHI,Philadelphia,1627788,Furkan Korkmaz,Furkan,,DNP - Coach's Decision,,,,,,,,,,,,,,,,,,,,
22200804,1610612752,NYK,New York,1630193,Immanuel Quickley,Immanuel,F,,28:19,2.0,8.0,0.25,0.0,3.0,0.0,1.0,2.0,0.5,0.0,3.0,3.0,1.0,1.0,0.0,0.0,2.0,5.0,-19.0
22200804,1610612752,NYK,New York,203944,Julius Randle,Julius,F,,34:08,8.0,19.0,0.421,1.0,8.0,0.125,7.0,8.0,0.875,4.0,5.0,9.0,7.0,0.0,0.0,3.0,2.0,24.0,-6.0
22200804,1610612752,NYK,New York,1630579,Jericho Sims,Jericho,C,,22:03,2.0,2.0,1.0,0.0,0.0,0.0,4.0,6.0,0.667,4.0,3.0,7.0,1.0,2.0,0.0,1.0,4.0,8.0,-8.0
22200804,1610612752,NYK,New York,1628973,Jalen Brunson,Jalen,G,,39:04,6.0,16.0,0.375,1.0,3.0,0.333,8.0,12.0,0.667,1.0,4.0,5.0,7.0,1.0,0.0,2.0,1.0,21.0,-6.0
22200804,1610612752,NYK,New York,1629656,Quentin Grimes,Quentin,G,,30:02,5.0,11.0,0.455,1.0,5.0,0.2,2.0,3.0,0.667,1.0,2.0,3.0,1.0,0.0,0.0,2.0,4.0,13.0,-4.0
22200804,1610612752,NYK,New York,1628392,Isaiah Hartenstein,Isaiah,,,25:57,1.0,1.0,1.0,0.0,0.0,0.0,0.0,0.0,0.0,4.0,10.0,14.0,1.0,0.0,1.0,0.0,6.0,2.0,19.0
22200804,1610612752,NYK,New York,203095,Evan Fournier,Evan,,,23:58,6.0,11.0,0.545,5.0,8.0,0.625,0.0,0.0,0.0,0.0,1.0,1.0,1.0,1.0,0.0,0.0,6.0,17.0,28.0
22200804,1610612752,NYK,New York,1630540,Miles McBride,Miles,,,22:37,3.0,8.0,0.375,3.0,6.0,0.5,5.0,6.0,0.833,0.0,3.0,3.0,2.0,0.0,0.0,1.0,3.0,14.0,34.0
22200804,1610612752,NYK,New York,1630167,Obi Toppin,Obi,,,13:52,1.0,3.0,0.333,1.0,3.0,0.333,1.0,2.0,0.5,0.0,4.0,4.0,0.0,0.0,0.0,0.0,0.0,4.0,17.0
22200804,1610612752,NYK,New York,1627853,Ryan Arcidiacono,Ryan,,DNP - Coach's Decision,,,,,,,,,,,,,,,,,,,,
22200804,1610612752,NYK,New York,1629628,RJ Barrett,RJ,,DND - Injury/Illness,,,,,,,,,,,,,,,,,,,,
22200804,1610612752,NYK,New York,1629004,Svi Mykhailiuk,Svi,,DNP - Coach's Decision,,,,,,,,,,,,,,,,,,,,
22200804,1610612752,NYK,New York,1629629,Cam Reddish,Cam,,DNP - Coach's Decision,,,,,,,,,,,,,,,,,,,,
22200804,1610612752,NYK,New York,201565,Derrick Rose,Derrick,,DNP - Coach's Decision,,,,,,,,,,,,,,,,,,,,
22200803,1610612739,CLE,Cleveland,1630171,Isaac Okoro,Isaac,F,,29:12,7.0,9.0,0.778,3.0,4.0,0.75,3.0,3.0,1.0,1.0,2.0,3.0,3.0,2.0,0.0,1.0,2.0,20.0,23.0
22200803,1610612739,CLE,Cleveland,1630596,Evan Mobley,Evan,F,,30:56,7.0,12.0,0.583,0.0,1.0,0.0,3.0,4.0,0.75,1.0,9.0,10.0,4.0,1.0,3.0,0.0,4.0,17.0,18.0
22200803,1610612739,CLE,Cleveland,1628386,Jarrett Allen,Jarrett,C,,29:44,9.0,11.0,0.818,0.0,0.0,0.0,0.0,0.0,0.0,3.0,10.0,13.0,0.0,0.0,1.0,2.0,3.0,18.0,9.0
22200803,1610612739,CLE,Cleveland,1628378,Donovan Mitchell,Donovan,G,,34:51,6.0,18.0,0.333,2.0,10.0,0.2,5.0,5.0,1.0,0.0,3.0,3.0,6.0,1.0,0.0,4.0,1.0,19.0,14.0
22200803,1610612739,CLE,Cleveland,1629636,Darius Garland,Darius,G,,34:57,8.0,13.0,0.615,4.0,6.0,0.667,4.0,4.0,1.0,1.0,2.0,3.0,6.0,0.0,0.0,1.0,3.0,24.0,25.0
22200803,1610612739,CLE,Cleveland,1629731,Dean Wade,Dean,,,25:22,2.0,4.0,0.5,2.0,4.0,0.5,0.0,0.0,0.0,1.0,5.0,6.0,3.0,1.0,1.0,0.0,3.0,6.0,15.0
22200803,1610612739,CLE,Cleveland,201937,Ricky Rubio,Ricky,,,19:55,3.0,7.0,0.429,1.0,3.0,0.333,0.0,0.0,0.0,0.0,3.0,3.0,9.0,0.0,0.0,1.0,3.0,7.0,8.0
22200803,1610612739,CLE,Cleveland,1626224,Cedi Osman,Cedi,,,25:27,3.0,12.0,0.25,3.0,8.0,0.375,0.0,0.0,0.0,1.0,3.0,4.0,2.0,2.0,0.0,3.0,1.0,9.0,3.0
22200803,1610612739,CLE,Cleveland,201577,Robin Lopez,Robin,,,2:24,1.0,2.0,0.5,0.0,1.0,0.0,0.0,0.0,0.0,0.0,0.0,0.0,0.0,0.0,0.0,0.0,0.0,2.0,-5.0
22200803,1610612739,CLE,Cleveland,1630205,Lamar Stevens,Lamar,,,2:24,0.0,0.0,0.0,0.0,0.0,0.0,0.0,0.0,0.0,0.0,0.0,0.0,0.0,0.0,0.0,0.0,0.0,0.0,-5.0
22200803,1610612739,CLE,Cleveland,203526,Raul Neto,Raul,,,2:24,0.0,0.0,0.0,0.0,0.0,0.0,0.0,0.0,0.0,0.0,1.0,1.0,0.0,0.0,0.0,0.0,0.0,0.0,-5.0
22200803,1610612739,CLE,Cleveland,1629603,Mamadi Diakite,Mamadi,,,2:24,0.0,0.0,0.0,0.0,0.0,0.0,0.0,0.0,0.0,0.0,0.0,0.0,0.0,0.0,0.0,0.0,0.0,0.0,-5.0
22200803,1610612739,CLE,Cleveland,201567,Kevin Love,Kevin,,DNP - Coach's Decision,,,,,,,,,,,,,,,,,,,,
22200803,1610612754,IND,Indiana,1627741,Buddy Hield,Buddy,F,,29:37,6.0,14.0,0.429,4.0,9.0,0.444,0.0,0.0,0.0,1.0,4.0,5.0,0.0,1.0,1.0,3.0,1.0,16.0,-7.0
22200803,1610612754,IND,Indiana,1630174,Aaron Nesmith,Aaron,F,,28:27,3.0,10.0,0.3,0.0,5.0,0.0,0.0,0.0,0.0,1.0,0.0,1.0,1.0,0.0,0.0,0.0,2.0,6.0,-17.0
22200803,1610612754,IND,Indiana,1626167,Myles Turner,Myles,C,,24:28,9.0,18.0,0.5,2.0,6.0,0.333,7.0,7.0,1.0,4.0,6.0,10.0,0.0,1.0,3.0,2.0,4.0,27.0,-12.0
22200803,1610612754,IND,Indiana,1629614,Andrew Nembhard,Andrew,G,,27:33,2.0,4.0,0.5,1.0,2.0,0.5,1.0,1.0,1.0,0.0,2.0,2.0,7.0,1.0,0.0,1.0,1.0,6.0,-9.0
22200803,1610612754,IND,Indiana,1630169,Tyrese Haliburton,Tyrese,G,,31:19,5.0,10.0,0.5,1.0,2.0,0.5,4.0,6.0,0.667,2.0,2.0,4.0,11.0,0.0,0.0,3.0,4.0,15.0,-30.0
22200803,1610612754,IND,Indiana,1631097,Bennedict Mathurin,Bennedict,,,27:10,4.0,11.0,0.364,0.0,2.0,0.0,1.0,1.0,1.0,1.0,5.0,6.0,0.0,0.0,0.0,2.0,3.0,9.0,-21.0
22200803,1610612754,IND,Indiana,204456,T.J. McConnell,T.J.,,,19:07,3.0,6.0,0.5,0.0,1.0,0.0,0.0,2.0,0.0,0.0,5.0,5.0,5.0,0.0,0.0,1.0,2.0,6.0,-4.0
22200803,1610612754,IND,Indiana,1629052,Oshae Brissett,Oshae,,,17:50,1.0,6.0,0.167,0.0,2.0,0.0,1.0,2.0,0.5,1.0,2.0,3.0,1.0,0.0,0.0,0.0,0.0,3.0,5.0
22200803,1610612754,IND,Indiana,1628464,Daniel Theis,Daniel,,,15:15,3.0,6.0,0.5,0.0,1.0,0.0,1.0,2.0,0.5,1.0,1.0,2.0,1.0,0.0,2.0,0.0,1.0,7.0,-4.0
22200803,1610612754,IND,Indiana,1630543,Isaiah Jackson,Isaiah,,,8:17,1.0,2.0,0.5,0.0,1.0,0.0,0.0,1.0,0.0,0.0,1.0,1.0,1.0,0.0,0.0,1.0,1.0,2.0,-3.0
22200803,1610612754,IND,Indiana,1630188,Jalen Smith,Jalen,,,6:20,2.0,4.0,0.5,0.0,1.0,0.0,0.0,0.0,0.0,1.0,2.0,3.0,0.0,0.0,0.0,0.0,0.0,4.0,0.0
22200803,1610612754,IND,Indiana,1630678,Terry Taylor,Terry,,,4:37,1.0,1.0,1.0,0.0,0.0,0.0,0.0,0.0,0.0,0.0,0.0,0.0,1.0,0.0,0.0,0.0,1.0,2.0,7.0
22200803,1610612754,IND,Indiana,1629048,Goga Bitadze,Goga,,DNP - Coach's Decision,,,,,,,,,,,,,,,,,,,,
22200803,1610612754,IND,Indiana,1630537,Chris Duarte,Chris,,DND - Injury/Illness,,,,,,,,,,,,,,,,,,,,
22200803,1610612754,IND,Indiana,201949,James Johnson,James,,DNP - Coach's Decision,,,,,,,,,,,,,,,,,,,,
22200806,1610612743,DEN,Denver,1629008,Michael Porter Jr.,Michael,F,,31:48,7.0,16.0,0.438,2.0,10.0,0.2,6.0,8.0,0.75,0.0,3.0,3.0,1.0,1.0,1.0,2.0,2.0,22.0,-9.0
22200806,1610612743,DEN,Denver,1628427,Vlatko Čančar,Vlatko,F,,29:26,2.0,5.0,0.4,0.0,1.0,0.0,2.0,2.0,1.0,0.0,5.0,5.0,3.0,0.0,0.0,0.0,1.0,6.0,-9.0
22200806,1610612743,DEN,Denver,201599,DeAndre Jordan,DeAndre,C,,24:45,3.0,5.0,0.6,0.0,0.0,0.0,0.0,1.0,0.0,1.0,5.0,6.0,0.0,1.0,1.0,2.0,1.0,6.0,-11.0
22200806,1610612743,DEN,Denver,1631128,Christian Braun,Christian,G,,33:52,7.0,10.0,0.7,2.0,2.0,1.0,3.0,4.0,0.75,0.0,5.0,5.0,1.0,0.0,1.0,2.0,1.0,19.0,-13.0
22200806,1610612743,DEN,Denver,1628971,Bruce Brown,Bruce,G,,28:03,4.0,9.0,0.444,1.0,4.0,0.25,7.0,8.0,0.875,1.0,1.0,2.0,7.0,1.0,0.0,3.0,4.0,16.0,-16.0
22200806,1610612743,DEN,Denver,202397,Ish Smith,Ish,,,21:29,5.0,9.0,0.556,0.0,0.0,0.0,0.0,0.0,0.0,1.0,6.0,7.0,5.0,0.0,0.0,4.0,3.0,10.0,-16.0
22200806,1610612743,DEN,Denver,1630192,Zeke Nnaji,Zeke,,,23:54,4.0,5.0,0.8,1.0,2.0,0.5,1.0,2.0,0.5,0.0,1.0,1.0,0.0,0.0,1.0,2.0,5.0,10.0,-21.0
22200806,1610612743,DEN,Denver,201145,Jeff Green,Jeff,,,17:55,1.0,7.0,0.143,0.0,5.0,0.0,3.0,4.0,0.75,0.0,3.0,3.0,0.0,1.0,1.0,1.0,2.0,5.0,-19.0
22200806,1610612743,DEN,Denver,1628432,Davon Reed,Davon,,,19:30,0.0,4.0,0.0,0.0,1.0,0.0,2.0,2.0,1.0,0.0,2.0,2.0,1.0,2.0,0.0,4.0,4.0,2.0,-26.0
22200806,1610612743,DEN,Denver,1631212,Peyton Watson,Peyton,,,9:18,1.0,1.0,1.0,0.0,0.0,0.0,0.0,0.0,0.0,0.0,3.0,3.0,1.0,0.0,0.0,1.0,0.0,2.0,-10.0
22200806,1610612743,DEN,Denver,1630538,Bones Hyland,Bones,,DNP - Coach's Decision,,,,,,,,,,,,,,,,,,,,
22200806,1610612743,DEN,Denver,1631298,Jack White,Jack,,DNP - Coach's Decision,,,,,,,,,,,,,,,,,,,,
22200806,1610612750,MIN,Minnesota,1630183,Jaden McDaniels,Jaden,F,,31:45,5.0,10.0,0.5,0.0,0.0,0.0,4.0,4.0,1.0,0.0,4.0,4.0,6.0,1.0,0.0,0.0,4.0,14.0,10.0
22200806,1610612750,MIN,Minnesota,203937,Kyle Anderson,Kyle,F,,13:03,1.0,1.0,1.0,0.0,0.0,0.0,2.0,2.0,1.0,0.0,3.0,3.0,1.0,1.0,0.0,1.0,0.0,4.0,15.0
22200806,1610612750,MIN,Minnesota,203497,Rudy Gobert,Rudy,C,,17:50,7.0,8.0,0.875,0.0,0.0,0.0,2.0,4.0,0.5,1.0,7.0,8.0,1.0,0.0,1.0,2.0,4.0,16.0,16.0
22200806,1610612750,MIN,Minnesota,1630162,Anthony Edwards,Anthony,G,,30:38,8.0,17.0,0.471,1.0,5.0,0.2,3.0,5.0,0.6,0.0,4.0,4.0,3.0,2.0,0.0,2.0,2.0,20.0,13.0
22200806,1610612750,MIN,Minnesota,1626156,D'Angelo Russell,D'Angelo,G,,29:30,6.0,9.0,0.667,3.0,5.0,0.6,3.0,4.0,0.75,0.0,1.0,1.0,10.0,1.0,0.0,2.0,2.0,18.0,11.0
22200806,1610612750,MIN,Minnesota,1629675,Naz Reid,Naz,,,14:45,3.0,3.0,1.0,1.0,1.0,1.0,0.0,0.0,0.0,1.0,1.0,2.0,0.0,0.0,1.0,0.0,4.0,7.0,7.0
22200806,1610612750,MIN,Minnesota,1627752,Taurean Prince,Taurean,,,26:07,4.0,12.0,0.333,1.0,5.0,0.2,0.0,0.0,0.0,1.0,3.0,4.0,2.0,1.0,1.0,0.0,1.0,9.0,23.0
22200806,1610612750,MIN,Minnesota,1629162,Jordan McLaughlin,Jordan,,,11:31,1.0,2.0,0.5,0.0,1.0,0.0,0.0,0.0,0.0,0.0,0.0,0.0,3.0,0.0,0.0,1.0,1.0,2.0,16.0
22200806,1610612750,MIN,Minnesota,1629669,Jaylen Nowell,Jaylen,,,27:11,6.0,10.0,0.6,2.0,5.0,0.4,2.0,2.0,1.0,0.0,4.0,4.0,4.0,0.0,0.0,0.0,0.0,16.0,35.0
22200806,1610612750,MIN,Minnesota,1630233,Nathan Knight,Nathan,,,15:25,2.0,5.0,0.4,0.0,0.0,0.0,4.0,6.0,0.667,2.0,1.0,3.0,0.0,1.0,0.0,3.0,2.0,8.0,7.0
22200806,1610612750,MIN,Minnesota,1630346,Matt Ryan,Matt,,,13:43,3.0,6.0,0.5,2.0,5.0,0.4,2.0,3.0,0.667,0.0,0.0,0.0,1.0,0.0,0.0,0.0,3.0,10.0,-1.0
22200806,1610612750,MIN,Minnesota,1631111,Wendell Moore Jr.,Wendell,,,4:16,1.0,1.0,1.0,0.0,0.0,0.0,0.0,0.0,0.0,0.0,0.0,0.0,1.0,0.0,0.0,0.0,0.0,2.0,-1.0
22200806,1610612750,MIN,Minnesota,1631169,Josh Minott,Josh,,,4:16,1.0,3.0,0.333,0.0,0.0,0.0,0.0,0.0,0.0,0.0,1.0,1.0,1.0,0.0,0.0,0.0,0.0,2.0,-1.0
22200806,1610612750,MIN,Minnesota,1627854,Bryn Forbes,Bryn,,DNP - Coach's Decision,,,,,,,,,,,,,,,,,,,,
22200806,1610612750,MIN,Minnesota,203085,Austin Rivers,Austin,,NWT - League Suspension,,,,,,,,,,,,,,,,,,,,
22200805,1610612761,TOR,Toronto,1630567,Scottie Barnes,Scottie,F,,35:07,7.0,15.0,0.467,2.0,6.0,0.333,0.0,0.0,0.0,2.0,5.0,7.0,2.0,2.0,2.0,4.0,3.0,16.0,7.0
22200805,1610612761,TOR,Toronto,1627783,Pascal Siakam,Pascal,F,,28:17,7.0,17.0,0.412,2.0,6.0,0.333,3.0,4.0,0.75,2.0,4.0,6.0,5.0,1.0,0.0,2.0,5.0,19.0,-13.0
22200805,1610612761,TOR,Toronto,1630173,Precious Achiuwa,Precious,C,,30:41,5.0,12.0,0.417,0.0,3.0,0.0,0.0,0.0,0.0,1.0,6.0,7.0,0.0,4.0,0.0,0.0,1.0,10.0,-11.0
22200805,1610612761,TOR,Toronto,1629018,Gary Trent Jr.,Gary,G,,37:23,5.0,14.0,0.357,0.0,3.0,0.0,0.0,1.0,0.0,0.0,2.0,2.0,0.0,0.0,0.0,2.0,1.0,10.0,-7.0
22200805,1610612761,TOR,Toronto,1627832,Fred VanVleet,Fred,G,,38:32,6.0,19.0,0.316,2.0,9.0,0.222,1.0,1.0,1.0,1.0,4.0,5.0,7.0,0.0,1.0,2.0,1.0,15.0,4.0
22200805,1610612761,TOR,Toronto,1628449,Chris Boucher,Chris,,,27:13,7.0,10.0,0.7,3.0,4.0,0.75,0.0,0.0,0.0,3.0,7.0,10.0,1.0,0.0,0.0,1.0,3.0,17.0,12.0
22200805,1610612761,TOR,Toronto,201152,Thaddeus Young,Thaddeus,,,25:28,5.0,8.0,0.625,1.0,2.0,0.5,3.0,6.0,0.5,1.0,3.0,4.0,4.0,2.0,0.0,0.0,2.0,14.0,12.0
22200805,1610612761,TOR,Toronto,1630201,Malachi Flynn,Malachi,,,17:19,2.0,6.0,0.333,1.0,3.0,0.333,0.0,0.0,0.0,1.0,0.0,1.0,5.0,2.0,0.0,0.0,0.0,5.0,11.0
22200805,1610612761,TOR,Toronto,1630625,Dalano Banton,Dalano,,DNP - Coach's Decision,,,,,,,,,,,,,,,,,,,,
22200805,1610612761,TOR,Toronto,203920,Khem Birch,Khem,,DNP - Coach's Decision,,,,,,,,,,,,,,,,,,,,
22200805,1610612761,TOR,Toronto,1627823,Juancho Hernangomez,Juancho,,DNP - Coach's Decision,,,,,,,,,,,,,,,,,,,,
22200805,1610612761,TOR,Toronto,1631132,Christian Koloko,Christian,,DNP - Coach's Decision,,,,,,,,,,,,,,,,,,,,
22200805,1610612763,MEM,Memphis,1630583,Santi Aldama,Santi,F,,32:01,5.0,11.0,0.455,2.0,8.0,0.25,3.0,3.0,1.0,0.0,6.0,6.0,4.0,0.0,2.0,3.0,0.0,15.0,5.0
22200805,1610612763,MEM,Memphis,1628991,Jaren Jackson Jr.,Jaren,F,,31:58,7.0,17.0,0.412,0.0,6.0,0.0,4.0,7.0,0.571,1.0,7.0,8.0,0.0,0.0,4.0,3.0,3.0,18.0,1.0
22200805,1610612763,MEM,Memphis,1630214,Xavier Tillman,Xavier,C,,31:52,4.0,7.0,0.571,0.0,0.0,0.0,4.0,7.0,0.571,4.0,5.0,9.0,3.0,1.0,0.0,2.0,2.0,12.0,0.0
22200805,1610612763,MEM,Memphis,1630217,Desmond Bane,Desmond,G,,32:45,10.0,17.0,0.588,4.0,7.0,0.571,2.0,2.0,1.0,0.0,2.0,2.0,4.0,4.0,1.0,2.0,2.0,26.0,2.0
22200805,1610612763,MEM,Memphis,1626145,Tyus Jones,Tyus,G,,33:51,4.0,9.0,0.444,0.0,1.0,0.0,1.0,1.0,1.0,1.0,7.0,8.0,7.0,3.0,0.0,4.0,1.0,9.0,6.0
22200805,1610612763,MEM,Memphis,1629723,John Konchar,John,,,18:28,1.0,1.0,1.0,1.0,1.0,1.0,0.0,0.0,0.0,0.0,3.0,3.0,0.0,0.0,2.0,2.0,2.0,3.0,-11.0
22200805,1610612763,MEM,Memphis,201980,Danny Green,Danny,,,18:59,2.0,5.0,0.4,2.0,2.0,1.0,0.0,0.0,0.0,0.0,0.0,0.0,1.0,0.0,0.0,2.0,2.0,6.0,-10.0
22200805,1610612763,MEM,Memphis,1629634,Brandon Clarke,Brandon,,,15:54,2.0,5.0,0.4,0.0,0.0,0.0,2.0,2.0,1.0,0.0,5.0,5.0,3.0,0.0,0.0,0.0,2.0,6.0,-3.0
22200805,1610612763,MEM,Memphis,1631223,David Roddy,David,,,13:07,2.0,3.0,0.667,1.0,1.0,1.0,1.0,1.0,1.0,1.0,0.0,1.0,1.0,2.0,0.0,1.0,1.0,6.0,-2.0
22200805,1610612763,MEM,Memphis,1630533,Ziaire Williams,Ziaire,,,11:05,1.0,3.0,0.333,0.0,1.0,0.0,0.0,0.0,0.0,1.0,1.0,2.0,2.0,0.0,0.0,1.0,1.0,2.0,-3.0
22200805,1610612763,MEM,Memphis,1628415,Dillon Brooks,Dillon,,NWT - League Suspension,,,,,,,,,,,,,,,,,,,,
22200805,1610612763,MEM,Memphis,1631113,Kennedy Chandler,Kennedy,,DNP - Coach's Decision,,,,,,,,,,,,,,,,,,,,
22200805,1610612763,MEM,Memphis,1631222,Jake LaRavia,Jake,,DNP - Coach's Decision,,,,,,,,,,,,,,,,,,,,
22200805,1610612763,MEM,Memphis,1631254,Kenneth Lofton Jr.,Kenneth,,DNP - Coach's Decision,,,,,,,,,,,,,,,,,,,,
22200805,1610612763,MEM,Memphis,1631246,Vince Williams Jr.,Vince,,DNP - Coach's Decision,,,,,,,,,,,,,,,,,,,,
22200802,1610612753,ORL,Orlando,1630532,Franz Wagner,Franz,F,,31:08,5.0,16.0,0.313,2.0,5.0,0.4,2.0,2.0,1.0,3.0,3.0,6.0,1.0,1.0,0.0,1.0,3.0,14.0,6.0
22200802,1610612753,ORL,Orlando,1631094,Paolo Banchero,Paolo,F,,34:31,6.0,20.0,0.3,0.0,4.0,0.0,10.0,11.0,0.909,2.0,8.0,10.0,5.0,1.0,0.0,1.0,0.0,22.0,4.0
22200802,1610612753,ORL,Orlando,1628976,Wendell Carter Jr.,Wendell,C,,29:26,7.0,12.0,0.583,2.0,4.0,0.5,4.0,5.0,0.8,3.0,9.0,12.0,3.0,0.0,0.0,1.0,0.0,20.0,5.0
22200802,1610612753,ORL,Orlando,203914,Gary Harris,Gary,G,,27:34,2.0,4.0,0.5,2.0,4.0,0.5,2.0,2.0,1.0,1.0,2.0,3.0,1.0,1.0,0.0,0.0,4.0,8.0,8.0
22200802,1610612753,ORL,Orlando,1628365,Markelle Fultz,Markelle,G,,35:56,8.0,13.0,0.615,0.0,1.0,0.0,0.0,0.0,0.0,1.0,0.0,1.0,5.0,3.0,0.0,3.0,4.0,16.0,2.0
22200802,1610612753,ORL,Orlando,1628371,Jonathan Isaac,Jonathan,,,11:02,3.0,7.0,0.429,0.0,1.0,0.0,0.0,0.0,0.0,4.0,3.0,7.0,0.0,0.0,1.0,0.0,0.0,6.0,-11.0
22200802,1610612753,ORL,Orlando,1629021,Moritz Wagner,Moritz,,,18:34,1.0,2.0,0.5,0.0,0.0,0.0,6.0,7.0,0.857,1.0,4.0,5.0,4.0,0.0,0.0,0.0,1.0,8.0,1.0
22200802,1610612753,ORL,Orlando,1630175,Cole Anthony,Cole,,,20:26,4.0,8.0,0.5,0.0,1.0,0.0,1.0,1.0,1.0,1.0,1.0,2.0,5.0,0.0,1.0,2.0,2.0,9.0,-2.0
22200802,1610612753,ORL,Orlando,1629626,Bol Bol,Bol,,,19:19,3.0,5.0,0.6,0.0,1.0,0.0,2.0,2.0,1.0,1.0,3.0,4.0,1.0,0.0,0.0,2.0,2.0,8.0,13.0
22200802,1610612753,ORL,Orlando,1631216,Caleb Houstan,Caleb,,,12:04,3.0,4.0,0.75,2.0,2.0,1.0,0.0,0.0,0.0,1.0,1.0,2.0,0.0,0.0,0.0,2.0,2.0,8.0,4.0
22200802,1610612753,ORL,Orlando,1628964,Mo Bamba,Mo,,DNP - League Suspension,,,,,,,,,,,,,,,,,,,,
22200802,1610612753,ORL,Orlando,1630284,Kevon Harris,Kevon,,DNP - Coach's Decision,,,,,,,,,,,,,,,,,,,,
22200802,1610612753,ORL,Orlando,203082,Terrence Ross,Terrence,,DNP - Coach's Decision,,,,,,,,,,,,,,,,,,,,
22200802,1610612753,ORL,Orlando,1629678,Admiral Schofield,Admiral,,DNP - Coach's Decision,,,,,,,,,,,,,,,,,,,,
22200802,1610612753,ORL,Orlando,1630591,Jalen Suggs,Jalen,,DNP - League Suspension,,,,,,,,,,,,,,,,,,,,
22200802,1610612766,CHA,Charlotte,202330,Gordon Hayward,Gordon,F,,30:48,2.0,9.0,0.222,0.0,2.0,0.0,2.0,2.0,1.0,0.0,2.0,2.0,2.0,0.0,0.0,2.0,5.0,6.0,-10.0
22200802,1610612766,CHA,Charlotte,1629023,P.J. Washington,P.J.,F,,32:39,5.0,10.0,0.5,2.0,6.0,0.333,0.0,1.0,0.0,0.0,4.0,4.0,2.0,1.0,2.0,1.0,4.0,12.0,5.0
22200802,1610612766,CHA,Charlotte,203486,Mason Plumlee,Mason,C,,31:11,5.0,6.0,0.833,0.0,0.0,0.0,0.0,4.0,0.0,3.0,6.0,9.0,4.0,1.0,1.0,2.0,1.0,10.0,-2.0
22200802,1610612766,CHA,Charlotte,1626179,Terry Rozier,Terry,G,,36:04,9.0,14.0,0.643,3.0,5.0,0.6,3.0,4.0,0.75,1.0,2.0,3.0,6.0,0.0,1.0,0.0,2.0,24.0,2.0
22200802,1610612766,CHA,Charlotte,1630163,LaMelo Ball,LaMelo,G,,37:53,13.0,24.0,0.542,6.0,13.0,0.462,1.0,2.0,0.5,2.0,6.0,8.0,6.0,4.0,0.0,4.0,2.0,33.0,-17.0
22200802,1610612766,CHA,Charlotte,1629667,Jalen McDaniels,Jalen,,,25:24,3.0,8.0,0.375,1.0,4.0,0.25,0.0,0.0,0.0,2.0,2.0,4.0,4.0,1.0,0.0,1.0,4.0,7.0,-4.0
22200802,1610612766,CHA,Charlotte,1628372,Dennis Smith Jr.,Dennis,,,22:03,5.0,8.0,0.625,0.0,2.0,0.0,4.0,6.0,0.667,0.0,4.0,4.0,3.0,0.0,0.0,3.0,1.0,14.0,3.0
22200802,1610612766,CHA,Charlotte,1631109,Mark Williams,Mark,,,16:49,3.0,3.0,1.0,0.0,0.0,0.0,0.0,0.0,0.0,0.0,4.0,4.0,0.0,1.0,2.0,2.0,4.0,6.0,-4.0
22200802,1610612766,CHA,Charlotte,1630550,JT Thor,JT,,,7:09,0.0,1.0,0.0,0.0,1.0,0.0,1.0,4.0,0.25,0.0,1.0,1.0,1.0,0.0,0.0,0.0,0.0,1.0,-3.0
22200802,1610612766,CHA,Charlotte,1631121,Bryce McGowens,Bryce,,DNP - Coach's Decision,,,,,,,,,,,,,,,,,,,,
22200802,1610612766,CHA,Charlotte,1630208,Nick Richards,Nick,,DNP - Coach's Decision,,,,,,,,,,,,,,,,,,,,
22200799,1610612745,HOU,Houston,1630231,KJ Martin,KJ,F,,31:06,1.0,4.0,0.25,0.0,2.0,0.0,2.0,2.0,1.0,2.0,3.0,5.0,3.0,0.0,1.0,1.0,0.0,4.0,-27.0
22200799,1610612745,HOU,Houston,1631095,Jabari Smith Jr.,Jabari,F,,31:27,4.0,8.0,0.5,1.0,3.0,0.333,2.0,3.0,0.667,0.0,3.0,3.0,2.0,0.0,0.0,3.0,3.0,11.0,-37.0
22200799,1610612745,HOU,Houston,1630578,Alperen Sengun,Alperen,C,,15:13,5.0,8.0,0.625,0.0,0.0,0.0,0.0,0.0,0.0,1.0,3.0,4.0,1.0,1.0,1.0,3.0,4.0,10.0,-24.0
22200799,1610612745,HOU,Houston,1630224,Jalen Green,Jalen,G,,22:24,4.0,15.0,0.267,2.0,8.0,0.25,2.0,2.0,1.0,0.0,2.0,2.0,4.0,0.0,2.0,1.0,1.0,12.0,-32.0
22200799,1610612745,HOU,Houston,1630227,Daishen Nix,Daishen,G,,17:09,1.0,3.0,0.333,0.0,2.0,0.0,0.0,0.0,0.0,0.0,2.0,2.0,5.0,0.0,1.0,2.0,0.0,2.0,-20.0
22200799,1610612745,HOU,Houston,1630528,Josh Christopher,Josh,,,28:20,7.0,11.0,0.636,2.0,2.0,1.0,4.0,6.0,0.667,0.0,0.0,0.0,5.0,1.0,1.0,3.0,2.0,20.0,-4.0
22200799,1610612745,HOU,Houston,1628981,Bruno Fernando,Bruno,,,17:33,4.0,4.0,1.0,0.0,0.0,0.0,1.0,2.0,0.5,2.0,3.0,5.0,3.0,0.0,1.0,0.0,2.0,9.0,9.0
22200799,1610612745,HOU,Houston,1631106,Tari Eason,Tari,,,25:22,5.0,11.0,0.455,1.0,2.0,0.5,7.0,9.0,0.778,3.0,5.0,8.0,0.0,1.0,0.0,1.0,2.0,18.0,-6.0
22200799,1610612745,HOU,Houston,1631102,TyTy Washington Jr.,TyTy,,,25:01,9.0,16.0,0.563,2.0,7.0,0.286,0.0,0.0,0.0,0.0,0.0,0.0,2.0,0.0,1.0,0.0,3.0,20.0,-15.0
22200799,1610612745,HOU,Houston,1630586,Usman Garuba,Usman,,,14:51,4.0,7.0,0.571,2.0,4.0,0.5,0.0,0.0,0.0,1.0,3.0,4.0,1.0,1.0,0.0,1.0,1.0,10.0,-10.0
22200799,1610612745,HOU,Houston,1631309,Trevor Hudgins,Trevor,,,5:50,0.0,0.0,0.0,0.0,0.0,0.0,3.0,3.0,1.0,0.0,0.0,0.0,3.0,0.0,0.0,0.0,0.0,3.0,3.0
22200799,1610612745,HOU,Houston,1626246,Boban Marjanović,Boban,,,5:44,1.0,2.0,0.5,0.0,0.0,0.0,0.0,0.0,0.0,0.0,1.0,1.0,0.0,0.0,0.0,0.0,0.0,2.0,3.0
22200799,1610612745,HOU,Houston,1629726,Garrison Mathews,Garrison,,DNP - Coach's Decision,,,,,,,,,,,,,,,,,,,,
22200799,1610612760,OKC,Oklahoma City,1630598,Aaron Wiggins,Aaron,F,,22:45,4.0,9.0,0.444,1.0,5.0,0.2,0.0,0.0,0.0,0.0,1.0,1.0,1.0,0.0,1.0,0.0,1.0,9.0,34.0
22200799,1610612760,OKC,Oklahoma City,1631114,Jalen Williams,Jalen,F,,30:10,0.0,3.0,0.0,0.0,2.0,0.0,2.0,2.0,1.0,2.0,4.0,6.0,7.0,0.0,0.0,1.0,1.0,2.0,23.0
22200799,1610612760,OKC,Oklahoma City,203488,Mike Muscala,Mike,C,,18:05,7.0,10.0,0.7,5.0,8.0,0.625,0.0,0.0,0.0,1.0,5.0,6.0,0.0,0.0,0.0,0.0,1.0,19.0,19.0
22200799,1610612760,OKC,Oklahoma City,1630581,Josh Giddey,Josh,G,,27:39,8.0,13.0,0.615,1.0,4.0,0.25,0.0,0.0,0.0,3.0,5.0,8.0,10.0,3.0,1.0,2.0,1.0,17.0,30.0
22200799,1610612760,OKC,Oklahoma City,1628983,Shai Gilgeous-Alexander,Shai,G,,30:20,14.0,23.0,0.609,0.0,2.0,0.0,14.0,15.0,0.933,0.0,4.0,4.0,6.0,3.0,2.0,0.0,3.0,42.0,38.0
22200799,1610612760,OKC,Oklahoma City,1631119,Jaylin Williams,Jaylin,,,24:42,3.0,4.0,0.75,2.0,2.0,1.0,0.0,0.0,0.0,2.0,4.0,6.0,1.0,0.0,1.0,1.0,1.0,8.0,10.0
22200799,1610612760,OKC,Oklahoma City,1630198,Isaiah Joe,Isaiah,,,18:53,6.0,10.0,0.6,5.0,8.0,0.625,1.0,1.0,1.0,0.0,0.0,0.0,2.0,2.0,1.0,1.0,0.0,18.0,14.0
22200799,1610612760,OKC,Oklahoma City,1630544,Tre Mann,Tre,,,22:46,4.0,10.0,0.4,1.0,6.0,0.167,2.0,4.0,0.5,0.0,2.0,2.0,5.0,1.0,0.0,0.0,3.0,11.0,0.0
22200799,1610612760,OKC,Oklahoma City,1629026,Kenrich Williams,Kenrich,,,10:32,4.0,5.0,0.8,2.0,2.0,1.0,0.0,0.0,0.0,1.0,2.0,3.0,4.0,1.0,0.0,0.0,2.0,10.0,14.0
22200799,1610612760,OKC,Oklahoma City,1631172,Ousmane Dieng,Ousmane,,,21:53,3.0,7.0,0.429,2.0,5.0,0.4,1.0,1.0,1.0,0.0,4.0,4.0,3.0,0.0,0.0,3.0,5.0,9.0,-10.0
22200799,1610612760,OKC,Oklahoma City,1629647,Darius Bazley,Darius,,,12:17,3.0,3.0,1.0,2.0,2.0,1.0,0.0,0.0,0.0,0.0,2.0,2.0,0.0,1.0,0.0,0.0,1.0,8.0,-12.0
22200794,1610612756,PHX,Phoenix,1629661,Cameron Johnson,Cameron,F,,22:30,7.0,9.0,0.778,3.0,4.0,0.75,3.0,3.0,1.0,0.0,2.0,2.0,2.0,2.0,0.0,0.0,1.0,20.0,25.0
22200794,1610612756,PHX,Phoenix,1628470,Torrey Craig,Torrey,F,,27:33,5.0,8.0,0.625,4.0,4.0,1.0,0.0,0.0,0.0,2.0,3.0,5.0,3.0,0.0,0.0,1.0,1.0,14.0,9.0
22200794,1610612756,PHX,Phoenix,1629028,Deandre Ayton,Deandre,C,,31:10,13.0,15.0,0.867,0.0,0.0,0.0,5.0,6.0,0.833,3.0,13.0,16.0,2.0,0.0,1.0,0.0,3.0,31.0,20.0
22200794,1610612756,PHX,Phoenix,1628969,Mikal Bridges,Mikal,G,,34:48,9.0,15.0,0.6,3.0,7.0,0.429,3.0,5.0,0.6,1.0,1.0,2.0,3.0,2.0,1.0,4.0,2.0,24.0,20.0
22200794,1610612756,PHX,Phoenix,101108,Chris Paul,Chris,G,,32:33,0.0,7.0,0.0,0.0,3.0,0.0,2.0,2.0,1.0,0.0,4.0,4.0,14.0,2.0,0.0,4.0,2.0,2.0,24.0
22200794,1610612756,PHX,Phoenix,203967,Dario Šarić,Dario,,,22:39,3.0,8.0,0.375,0.0,1.0,0.0,0.0,0.0,0.0,0.0,2.0,2.0,3.0,0.0,0.0,1.0,5.0,6.0,-2.0
22200794,1610612756,PHX,Phoenix,1629111,Jock Landale,Jock,,,13:58,2.0,4.0,0.5,0.0,0.0,0.0,3.0,8.0,0.375,2.0,4.0,6.0,0.0,0.0,0.0,1.0,2.0,7.0,-8.0
22200794,1610612756,PHX,Phoenix,1627814,Damion Lee,Damion,,,18:18,1.0,4.0,0.25,1.0,2.0,0.5,0.0,0.0,0.0,0.0,2.0,2.0,1.0,0.0,0.0,1.0,2.0,3.0,1.0
22200794,1610612756,PHX,Phoenix,1630240,Saben Lee,Saben,,,15:27,0.0,1.0,0.0,0.0,0.0,0.0,4.0,6.0,0.667,1.0,2.0,3.0,5.0,2.0,0.0,2.0,3.0,4.0,-8.0
22200794,1610612756,PHX,Phoenix,1630688,Ish Wainright,Ish,,,21:04,2.0,4.0,0.5,0.0,2.0,0.0,1.0,1.0,1.0,1.0,3.0,4.0,1.0,2.0,0.0,2.0,2.0,5.0,-1.0
22200794,1610612756,PHX,Phoenix,202687,Bismack Biyombo,Bismack,,DNP - Coach's Decision,,,,,,,,,,,,,,,,,,,,
22200794,1610612756,PHX,Phoenix,1629006,Josh Okogie,Josh,,DNP - Coach's Decision,,,,,,,,,,,,,,,,,,,,
22200794,1610612765,DET,Detroit,202711,Bojan Bogdanović,Bojan,F,,35:15,8.0,17.0,0.471,4.0,10.0,0.4,3.0,4.0,0.75,1.0,2.0,3.0,2.0,1.0,0.0,2.0,2.0,23.0,-15.0
22200794,1610612765,DET,Detroit,1630191,Isaiah Stewart,Isaiah,F,,36:39,7.0,13.0,0.538,3.0,8.0,0.375,0.0,1.0,0.0,2.0,7.0,9.0,2.0,1.0,0.0,1.0,3.0,17.0,-22.0
22200794,1610612765,DET,Detroit,1631105,Jalen Duren,Jalen,C,,27:39,0.0,2.0,0.0,0.0,0.0,0.0,1.0,2.0,0.5,3.0,3.0,6.0,3.0,0.0,1.0,2.0,4.0,1.0,-9.0
22200794,1610612765,DET,Detroit,202692,Alec Burks,Alec,G,,25:01,3.0,8.0,0.375,2.0,6.0,0.333,0.0,0.0,0.0,0.0,0.0,0.0,2.0,0.0,0.0,2.0,3.0,8.0,-13.0
22200794,1610612765,DET,Detroit,1631093,Jaden Ivey,Jaden,G,,32:41,5.0,13.0,0.385,2.0,5.0,0.4,1.0,5.0,0.2,0.0,0.0,0.0,6.0,3.0,0.0,3.0,4.0,13.0,-15.0
22200794,1610612765,DET,Detroit,1630165,Killian Hayes,Killian,,,18:01,1.0,6.0,0.167,1.0,3.0,0.333,1.0,2.0,0.5,0.0,1.0,1.0,3.0,1.0,0.0,2.0,3.0,4.0,3.0
22200794,1610612765,DET,Detroit,1630180,Saddiq Bey,Saddiq,,,34:13,7.0,12.0,0.583,4.0,8.0,0.5,7.0,7.0,1.0,2.0,3.0,5.0,4.0,2.0,0.0,1.0,0.0,25.0,-8.0
22200794,1610612765,DET,Detroit,1630587,Isaiah Livers,Isaiah,,,7:17,0.0,1.0,0.0,0.0,1.0,0.0,0.0,0.0,0.0,0.0,0.0,0.0,0.0,0.0,0.0,2.0,2.0,0.0,-1.0
22200794,1610612765,DET,Detroit,1628977,Hamidou Diallo,Hamidou,,,16:03,4.0,8.0,0.5,0.0,0.0,0.0,1.0,1.0,1.0,1.0,3.0,4.0,1.0,0.0,0.0,1.0,3.0,9.0,-3.0
22200794,1610612765,DET,Detroit,1628995,Kevin Knox II,Kevin,,,7:12,0.0,1.0,0.0,0.0,1.0,0.0,0.0,0.0,0.0,0.0,2.0,2.0,0.0,0.0,1.0,0.0,3.0,0.0,3.0
22200794,1610612765,DET,Detroit,203585,Rodney McGruder,Rodney,,DNP - Coach's Decision,,,,,,,,,,,,,,,,,,,,
22200794,1610612765,DET,Detroit,203457,Nerlens Noel,Nerlens,,DNP - Coach's Decision,,,,,,,,,,,,,,,,,,,,
22200793,1610612764,WAS,Washington,1628398,Kyle Kuzma,Kyle,F,,11:15,0.0,6.0,0.0,0.0,1.0,0.0,2.0,2.0,1.0,0.0,2.0,2.0,5.0,0.0,0.0,0.0,1.0,2.0,11.0
22200793,1610612764,WAS,Washington,204001,Kristaps Porziņģis,Kristaps,F,,32:49,11.0,20.0,0.55,4.0,5.0,0.8,12.0,13.0,0.923,1.0,4.0,5.0,2.0,0.0,2.0,5.0,6.0,38.0,3.0
22200793,1610612764,WAS,Washington,1629655,Daniel Gafford,Daniel,C,,30:14,4.0,7.0,0.571,0.0,0.0,0.0,2.0,3.0,0.667,2.0,8.0,10.0,0.0,1.0,1.0,1.0,2.0,10.0,-10.0
22200793,1610612764,WAS,Washington,1630557,Corey Kispert,Corey,G,,36:53,5.0,8.0,0.625,3.0,5.0,0.6,2.0,2.0,1.0,0.0,2.0,2.0,0.0,0.0,0.0,0.0,2.0,15.0,-1.0
22200793,1610612764,WAS,Washington,1628420,Monté Morris,Monté,G,,33:19,7.0,14.0,0.5,2.0,5.0,0.4,2.0,4.0,0.5,1.0,4.0,5.0,8.0,2.0,0.0,2.0,4.0,18.0,-1.0
22200793,1610612764,WAS,Washington,1630166,Deni Avdija,Deni,,,34:16,6.0,14.0,0.429,4.0,9.0,0.444,7.0,12.0,0.583,1.0,5.0,6.0,3.0,4.0,0.0,3.0,4.0,23.0,8.0
22200793,1610612764,WAS,Washington,1629134,Kendrick Nunn,Kendrick,,,20:38,1.0,4.0,0.25,0.0,1.0,0.0,3.0,3.0,1.0,0.0,1.0,1.0,1.0,1.0,0.0,4.0,2.0,5.0,-5.0
22200793,1610612764,WAS,Washington,1626153,Delon Wright,Delon,,,27:36,2.0,5.0,0.4,0.0,2.0,0.0,0.0,0.0,0.0,1.0,4.0,5.0,2.0,1.0,0.0,0.0,0.0,4.0,-9.0
22200793,1610612764,WAS,Washington,1630692,Jordan Goodwin,Jordan,,,12:60,3.0,3.0,1.0,0.0,0.0,0.0,2.0,2.0,1.0,0.0,3.0,3.0,1.0,1.0,0.0,0.0,0.0,8.0,-6.0
22200793,1610612764,WAS,Washington,201959,Taj Gibson,Taj,,,0:00,0.0,0.0,0.0,0.0,0.0,0.0,0.0,0.0,0.0,0.0,0.0,0.0,0.0,0.0,0.0,0.0,0.0,0.0,0.0
22200793,1610612764,WAS,Washington,203115,Will Barton,Will,,DNP - Coach's Decision,,,,,,,,,,,,,,,,,,,,
22200793,1610612751,BKN,Brooklyn,203925,Joe Harris,Joe,F,,16:47,1.0,5.0,0.2,0.0,4.0,0.0,0.0,0.0,0.0,0.0,2.0,2.0,2.0,0.0,1.0,2.0,2.0,2.0,2.0
22200793,1610612751,BKN,Brooklyn,1626220,Royce O'Neale,Royce,F,,27:32,4.0,6.0,0.667,2.0,3.0,0.667,0.0,0.0,0.0,0.0,6.0,6.0,4.0,0.0,4.0,3.0,5.0,10.0,5.0
22200793,1610612751,BKN,Brooklyn,1629651,Nic Claxton,Nic,C,,37:15,4.0,8.0,0.5,0.0,0.0,0.0,7.0,8.0,0.875,6.0,7.0,13.0,5.0,1.0,3.0,1.0,1.0,15.0,8.0
22200793,1610612751,BKN,Brooklyn,203552,Seth Curry,Seth,G,,19:41,3.0,6.0,0.5,3.0,4.0,0.75,0.0,0.0,0.0,0.0,0.0,0.0,1.0,2.0,0.0,0.0,2.0,9.0,-21.0
22200793,1610612751,BKN,Brooklyn,1628410,Edmond Sumner,Edmond,G,,39:06,9.0,19.0,0.474,2.0,9.0,0.222,9.0,10.0,0.9,0.0,2.0,2.0,3.0,1.0,1.0,2.0,5.0,29.0,10.0
22200793,1610612751,BKN,Brooklyn,201988,Patty Mills,Patty,,,30:12,5.0,14.0,0.357,2.0,5.0,0.4,1.0,1.0,1.0,0.0,3.0,3.0,0.0,0.0,0.0,1.0,1.0,13.0,12.0
22200793,1610612751,BKN,Brooklyn,1630549,Day'Ron Sharpe,Day'Ron,,,9:29,0.0,1.0,0.0,0.0,0.0,0.0,0.0,0.0,0.0,2.0,0.0,2.0,0.0,0.0,0.0,2.0,5.0,0.0,-13.0
22200793,1610612751,BKN,Brooklyn,1629139,Yuta Watanabe,Yuta,,,24:47,1.0,3.0,0.333,1.0,2.0,0.5,0.0,0.0,0.0,0.0,5.0,5.0,1.0,0.0,1.0,0.0,4.0,3.0,-1.0
22200793,1610612751,BKN,Brooklyn,1630560,Cam Thomas,Cam,,,29:08,16.0,23.0,0.696,4.0,5.0,0.8,8.0,9.0,0.889,2.0,3.0,5.0,5.0,0.0,0.0,4.0,2.0,44.0,6.0
22200793,1610612751,BKN,Brooklyn,202693,Markieff Morris,Markieff,,,6:03,0.0,1.0,0.0,0.0,1.0,0.0,0.0,0.0,0.0,0.0,1.0,1.0,0.0,0.0,0.0,0.0,1.0,0.0,2.0
22200793,1610612751,BKN,Brooklyn,203933,T.J. Warren,T.J.,,DND - Injury/Illness,,,,,,,,,,,,,,,,,,,,
22200795,1610612746,LAC,LA,202695,Kawhi Leonard,Kawhi,F,,41:21,11.0,23.0,0.478,1.0,3.0,0.333,12.0,12.0,1.0,3.0,2.0,5.0,3.0,4.0,0.0,2.0,3.0,35.0,8.0
22200795,1610612746,LAC,LA,202694,Marcus Morris Sr.,Marcus,F,,36:24,6.0,15.0,0.4,4.0,8.0,0.5,1.0,2.0,0.5,0.0,6.0,6.0,3.0,0.0,1.0,1.0,1.0,17.0,10.0
22200795,1610612746,LAC,LA,1627826,Ivica Zubac,Ivica,C,,39:32,1.0,3.0,0.333,0.0,0.0,0.0,0.0,0.0,0.0,2.0,11.0,13.0,1.0,0.0,1.0,1.0,1.0,2.0,0.0
22200795,1610612746,LAC,LA,202331,Paul George,Paul,G,,41:48,9.0,16.0,0.563,5.0,9.0,0.556,7.0,7.0,1.0,0.0,8.0,8.0,5.0,1.0,0.0,4.0,3.0,30.0,3.0
22200795,1610612746,LAC,LA,1629611,Terance Mann,Terance,G,,29:27,4.0,7.0,0.571,1.0,3.0,0.333,3.0,3.0,1.0,2.0,1.0,3.0,2.0,0.0,0.0,1.0,5.0,12.0,3.0
22200795,1610612746,LAC,LA,202704,Reggie Jackson,Reggie,,,14:30,2.0,7.0,0.286,0.0,4.0,0.0,0.0,0.0,0.0,0.0,2.0,2.0,4.0,1.0,0.0,2.0,1.0,4.0,-1.0
22200795,1610612746,LAC,LA,1626181,Norman Powell,Norman,,,35:01,8.0,17.0,0.471,2.0,6.0,0.333,6.0,9.0,0.667,1.0,6.0,7.0,3.0,1.0,0.0,2.0,3.0,24.0,-5.0
22200795,1610612746,LAC,LA,201587,Nicolas Batum,Nicolas,,,26:57,3.0,4.0,0.75,3.0,4.0,0.75,1.0,2.0,0.5,1.0,1.0,2.0,3.0,1.0,2.0,0.0,3.0,10.0,12.0
22200795,1610612746,LAC,LA,1630527,Brandon Boston,Brandon,,DNP - Coach's Decision,,,,,,,,,,,,,,,,,,,,
22200795,1610612746,LAC,LA,1629599,Amir Coffey,Amir,,DNP - Coach's Decision,,,,,,,,,,,,,,,,,,,,
22200795,1610612746,LAC,LA,203496,Robert Covington,Robert,,DNP - Coach's Decision,,,,,,,,,,,,,,,,,,,,
22200795,1610612746,LAC,LA,1631217,Moussa Diabaté,Moussa,,DNP - Coach's Decision,,,,,,,,,,,,,,,,,,,,
22200795,1610612746,LAC,LA,1628379,Luke Kennard,Luke,,DNP - Coach's Decision,,,,,,,,,,,,,,,,,,,,
22200795,1610612746,LAC,LA,1630554,Jason Preston,Jason,,DNP - Coach's Decision,,,,,,,,,,,,,,,,,,,,
22200795,1610612752,NYK,New York,1629628,RJ Barrett,RJ,F,,43:40,6.0,21.0,0.286,1.0,8.0,0.125,1.0,2.0,0.5,2.0,3.0,5.0,4.0,1.0,0.0,1.0,5.0,14.0,-20.0
22200795,1610612752,NYK,New York,203944,Julius Randle,Julius,F,,40:44,10.0,18.0,0.556,2.0,6.0,0.333,6.0,8.0,0.75,0.0,11.0,11.0,7.0,1.0,0.0,5.0,5.0,28.0,-11.0
22200795,1610612752,NYK,New York,1630579,Jericho Sims,Jericho,C,,21:27,0.0,0.0,0.0,0.0,0.0,0.0,0.0,0.0,0.0,0.0,1.0,1.0,2.0,1.0,1.0,1.0,3.0,0.0,-9.0
22200795,1610612752,NYK,New York,1628973,Jalen Brunson,Jalen,G,,38:22,14.0,19.0,0.737,5.0,7.0,0.714,8.0,10.0,0.8,0.0,5.0,5.0,7.0,0.0,0.0,1.0,3.0,41.0,-5.0
22200795,1610612752,NYK,New York,1629656,Quentin Grimes,Quentin,G,,38:42,4.0,8.0,0.5,3.0,6.0,0.5,2.0,2.0,1.0,2.0,3.0,5.0,2.0,0.0,0.0,0.0,6.0,13.0,2.0
22200795,1610612752,NYK,New York,1630193,Immanuel Quickley,Immanuel,,,27:12,3.0,12.0,0.25,3.0,7.0,0.429,2.0,2.0,1.0,0.0,4.0,4.0,2.0,1.0,0.0,0.0,2.0,11.0,0.0
22200795,1610612752,NYK,New York,1628392,Isaiah Hartenstein,Isaiah,,,31:33,2.0,6.0,0.333,0.0,0.0,0.0,1.0,2.0,0.5,6.0,5.0,11.0,4.0,1.0,2.0,2.0,4.0,5.0,3.0
22200795,1610612752,NYK,New York,1630540,Miles McBride,Miles,,,11:05,3.0,6.0,0.5,2.0,3.0,0.667,0.0,0.0,0.0,0.0,3.0,3.0,1.0,1.0,0.0,0.0,1.0,8.0,5.0
22200795,1610612752,NYK,New York,1630167,Obi Toppin,Obi,,,12:17,3.0,4.0,0.75,2.0,3.0,0.667,0.0,0.0,0.0,0.0,1.0,1.0,1.0,0.0,0.0,0.0,1.0,8.0,5.0
22200795,1610612752,NYK,New York,1627853,Ryan Arcidiacono,Ryan,,DNP - Coach's Decision,,,,,,,,,,,,,,,,,,,,
22200795,1610612752,NYK,New York,203095,Evan Fournier,Evan,,DNP - Coach's Decision,,,,,,,,,,,,,,,,,,,,
22200795,1610612752,NYK,New York,1629004,Svi Mykhailiuk,Svi,,DNP - Coach's Decision,,,,,,,,,,,,,,,,,,,,
22200795,1610612752,NYK,New York,1629629,Cam Reddish,Cam,,DNP - Coach's Decision,,,,,,,,,,,,,,,,,,,,
22200795,1610612752,NYK,New York,201565,Derrick Rose,Derrick,,DNP - Coach's Decision,,,,,,,,,,,,,,,,,,,,
22200800,1610612742,DAL,Dallas,1630182,Josh Green,Josh,F,,26:41,5.0,12.0,0.417,0.0,4.0,0.0,2.0,4.0,0.5,1.0,0.0,1.0,4.0,1.0,0.0,1.0,5.0,12.0,-28.0
22200800,1610612742,DAL,Dallas,1627827,Dorian Finney-Smith,Dorian,F,,33:41,5.0,11.0,0.455,3.0,7.0,0.429,5.0,6.0,0.833,4.0,5.0,9.0,2.0,1.0,0.0,2.0,1.0,18.0,10.0
22200800,1610612742,DAL,Dallas,203939,Dwight Powell,Dwight,C,,29:51,4.0,5.0,0.8,0.0,0.0,0.0,2.0,3.0,0.667,3.0,4.0,7.0,1.0,4.0,1.0,0.0,3.0,10.0,-1.0
22200800,1610612742,DAL,Dallas,203501,Tim Hardaway Jr.,Tim,G,,35:04,7.0,16.0,0.438,5.0,10.0,0.5,3.0,3.0,1.0,0.0,4.0,4.0,2.0,0.0,0.0,2.0,1.0,22.0,-2.0
22200800,1610612742,DAL,Dallas,203915,Spencer Dinwiddie,Spencer,G,,32:37,9.0,17.0,0.529,3.0,6.0,0.5,4.0,5.0,0.8,0.0,4.0,4.0,4.0,1.0,0.0,3.0,2.0,25.0,-8.0
22200800,1610612742,DAL,Dallas,203493,Reggie Bullock Jr.,Reggie,,,35:12,2.0,4.0,0.5,1.0,3.0,0.333,0.0,0.0,0.0,1.0,5.0,6.0,3.0,2.0,0.0,2.0,2.0,5.0,7.0
22200800,1610612742,DAL,Dallas,1629033,Theo Pinson,Theo,,,6:58,0.0,0.0,0.0,0.0,0.0,0.0,0.0,0.0,0.0,0.0,0.0,0.0,0.0,0.0,0.0,1.0,0.0,0.0,-7.0
22200800,1610612742,DAL,Dallas,1630702,Jaden Hardy,Jaden,,,13:24,3.0,8.0,0.375,1.0,5.0,0.2,4.0,4.0,1.0,0.0,1.0,1.0,1.0,0.0,0.0,1.0,2.0,11.0,-7.0
22200800,1610612742,DAL,Dallas,1628373,Frank Ntilikina,Frank,,,1:46,0.0,1.0,0.0,0.0,1.0,0.0,0.0,0.0,0.0,0.0,0.0,0.0,0.0,0.0,0.0,0.0,0.0,0.0,-5.0
22200800,1610612742,DAL,Dallas,1630593,McKinley Wright IV,McKinley,,,13:37,2.0,7.0,0.286,0.0,1.0,0.0,1.0,2.0,0.5,0.0,3.0,3.0,5.0,0.0,0.0,2.0,1.0,5.0,7.0
22200800,1610612742,DAL,Dallas,1630639,A.J. Lawson,A.J.,,,11:09,2.0,4.0,0.5,1.0,3.0,0.333,0.0,0.0,0.0,1.0,3.0,4.0,0.0,0.0,0.0,0.0,1.0,5.0,4.0
22200800,1610612742,DAL,Dallas,201580,JaVale McGee,JaVale,,DNP - Coach's Decision,,,,,,,,,,,,,,,,,,,,
22200800,1610612742,DAL,Dallas,1629735,Chris Silva,Chris,,DNP - Coach's Decision,,,,,,,,,,,,,,,,,,,,
22200800,1610612744,GSW,Golden State,203952,Andrew Wiggins,Andrew,F,,28:34,4.0,6.0,0.667,0.0,1.0,0.0,1.0,2.0,0.5,0.0,0.0,0.0,1.0,0.0,0.0,3.0,2.0,9.0,6.0
22200800,1610612744,GSW,Golden State,203110,Draymond Green,Draymond,F,,32:20,6.0,13.0,0.462,3.0,7.0,0.429,2.0,2.0,1.0,0.0,9.0,9.0,9.0,0.0,2.0,2.0,3.0,17.0,2.0
22200800,1610612744,GSW,Golden State,1626172,Kevon Looney,Kevon,C,,19:02,4.0,6.0,0.667,0.0,0.0,0.0,2.0,4.0,0.5,3.0,4.0,7.0,0.0,2.0,0.0,0.0,5.0,10.0,-4.0
22200800,1610612744,GSW,Golden State,202691,Klay Thompson,Klay,G,,30:38,4.0,11.0,0.364,2.0,6.0,0.333,4.0,4.0,1.0,0.0,2.0,2.0,3.0,0.0,0.0,2.0,1.0,14.0,3.0
22200800,1610612744,GSW,Golden State,201939,Stephen Curry,Stephen,G,,25:33,7.0,11.0,0.636,2.0,6.0,0.333,5.0,5.0,1.0,0.0,6.0,6.0,7.0,0.0,0.0,0.0,2.0,21.0,14.0
22200800,1610612744,GSW,Golden State,1628978,Donte DiVincenzo,Donte,,,23:56,5.0,7.0,0.714,3.0,5.0,0.6,0.0,0.0,0.0,0.0,2.0,2.0,2.0,2.0,0.0,2.0,2.0,13.0,-5.0
22200800,1610612744,GSW,Golden State,1629673,Jordan Poole,Jordan,,,26:45,1.0,6.0,0.167,1.0,3.0,0.333,0.0,0.0,0.0,0.0,3.0,3.0,1.0,0.0,0.0,4.0,3.0,3.0,-4.0
22200800,1610612744,GSW,Golden State,203210,JaMychal Green,JaMychal,,,15:37,6.0,7.0,0.857,1.0,2.0,0.5,1.0,2.0,0.5,2.0,3.0,5.0,3.0,1.0,2.0,0.0,1.0,14.0,9.0
22200800,1610612744,GSW,Golden State,1630228,Jonathan Kuminga,Jonathan,,,19:54,6.0,11.0,0.545,1.0,4.0,0.25,0.0,0.0,0.0,0.0,2.0,2.0,1.0,0.0,1.0,1.0,3.0,13.0,7.0
22200800,1610612744,GSW,Golden State,1629660,Ty Jerome,Ty,,,17:41,2.0,4.0,0.5,1.0,1.0,1.0,0.0,0.0,0.0,0.0,2.0,2.0,6.0,1.0,0.0,0.0,2.0,5.0,2.0
22200800,1610612744,GSW,Golden State,1631116,Patrick Baldwin Jr.,Patrick,,DNP - Coach's Decision,,,,,,,,,,,,,,,,,,,,
22200800,1610612744,GSW,Golden State,1630541,Moses Moody,Moses,,DNP - Coach's Decision,,,,,,,,,,,,,,,,,,,,
22200800,1610612744,GSW,Golden State,1630164,James Wiseman,James,,DNP - Coach's Decision,,,,,,,,,,,,,,,,,,,,
22200797,1610612748,MIA,Miami,1628997,Caleb Martin,Caleb,F,,30:57,6.0,13.0,0.462,2.0,6.0,0.333,3.0,5.0,0.6,3.0,6.0,9.0,1.0,0.0,1.0,1.0,4.0,17.0,-14.0
22200797,1610612748,MIA,Miami,202710,Jimmy Butler III,Jimmy,F,,33:44,11.0,21.0,0.524,1.0,2.0,0.5,9.0,10.0,0.9,4.0,4.0,8.0,3.0,1.0,0.0,0.0,1.0,32.0,-3.0
22200797,1610612748,MIA,Miami,1628389,Bam Adebayo,Bam,C,,35:44,7.0,15.0,0.467,0.0,0.0,0.0,2.0,2.0,1.0,4.0,7.0,11.0,8.0,2.0,0.0,1.0,3.0,16.0,0.0
22200797,1610612748,MIA,Miami,1629639,Tyler Herro,Tyler,G,,38:27,10.0,24.0,0.417,2.0,8.0,0.25,2.0,2.0,1.0,0.0,5.0,5.0,6.0,1.0,0.0,2.0,1.0,24.0,-10.0
22200797,1610612748,MIA,Miami,1629216,Gabe Vincent,Gabe,G,,34:02,3.0,9.0,0.333,1.0,6.0,0.167,0.0,0.0,0.0,1.0,2.0,3.0,1.0,3.0,0.0,2.0,2.0,7.0,-1.0
22200797,1610612748,MIA,Miami,203473,Dewayne Dedmon,Dewayne,,,12:16,0.0,4.0,0.0,0.0,1.0,0.0,0.0,0.0,0.0,0.0,2.0,2.0,1.0,1.0,1.0,0.0,3.0,0.0,-8.0
22200797,1610612748,MIA,Miami,1629312,Haywood Highsmith,Haywood,,,30:46,3.0,6.0,0.5,1.0,4.0,0.25,1.0,2.0,0.5,1.0,3.0,4.0,2.0,1.0,0.0,0.0,6.0,8.0,-1.0
22200797,1610612748,MIA,Miami,1629622,Max Strus,Max,,,24:04,5.0,9.0,0.556,1.0,4.0,0.25,0.0,0.0,0.0,0.0,2.0,2.0,1.0,0.0,0.0,1.0,3.0,11.0,-3.0
22200797,1610612748,MIA,Miami,2617,Udonis Haslem,Udonis,,DNP - Coach's Decision,,,,,,,,,,,,,,,,,,,,
22200797,1610612748,MIA,Miami,200768,Kyle Lowry,Kyle,,DND - Injury/Illness,,,,,,,,,,,,,,,,,,,,
22200797,1610612748,MIA,Miami,203506,Victor Oladipo,Victor,,DND - Injury/Illness,,,,,,,,,,,,,,,,,,,,
22200797,1610612749,MIL,Milwaukee,1626192,Pat Connaughton,Pat,F,,30:36,5.0,10.0,0.5,4.0,9.0,0.444,0.0,0.0,0.0,1.0,4.0,5.0,1.0,0.0,0.0,0.0,2.0,14.0,-2.0
22200797,1610612749,MIL,Milwaukee,203507,Giannis Antetokounmpo,Giannis,F,,35:58,13.0,19.0,0.684,0.0,2.0,0.0,9.0,16.0,0.563,1.0,14.0,15.0,11.0,1.0,1.0,3.0,2.0,35.0,19.0
22200797,1610612749,MIL,Milwaukee,201572,Brook Lopez,Brook,C,,33:20,4.0,11.0,0.364,0.0,3.0,0.0,1.0,4.0,0.25,2.0,4.0,6.0,0.0,0.0,3.0,0.0,4.0,9.0,6.0
22200797,1610612749,MIL,Milwaukee,1628960,Grayson Allen,Grayson,G,,33:23,7.0,11.0,0.636,4.0,7.0,0.571,1.0,1.0,1.0,2.0,1.0,3.0,3.0,2.0,0.0,0.0,2.0,19.0,21.0
22200797,1610612749,MIL,Milwaukee,201950,Jrue Holiday,Jrue,G,,34:22,6.0,9.0,0.667,3.0,5.0,0.6,0.0,0.0,0.0,1.0,4.0,5.0,2.0,2.0,0.0,3.0,1.0,15.0,5.0
22200797,1610612749,MIL,Milwaukee,202083,Wesley Matthews,Wesley,,,19:08,0.0,2.0,0.0,0.0,1.0,0.0,1.0,2.0,0.5,0.0,4.0,4.0,0.0,0.0,0.0,2.0,1.0,1.0,-5.0
22200797,1610612749,MIL,Milwaukee,204060,Joe Ingles,Joe,,,18:34,0.0,6.0,0.0,0.0,5.0,0.0,0.0,0.0,0.0,0.0,3.0,3.0,1.0,0.0,0.0,0.0,1.0,0.0,-8.0
22200797,1610612749,MIL,Milwaukee,203114,Khris Middleton,Khris,,,20:28,9.0,14.0,0.643,1.0,4.0,0.25,5.0,5.0,1.0,2.0,5.0,7.0,4.0,1.0,0.0,4.0,1.0,24.0,3.0
22200797,1610612749,MIL,Milwaukee,1628975,Jevon Carter,Jevon,,,14:11,2.0,6.0,0.333,2.0,4.0,0.5,0.0,0.0,0.0,1.0,2.0,3.0,1.0,0.0,0.0,0.0,0.0,6.0,1.0
22200797,1610612749,MIL,Milwaukee,203648,Thanasis Antetokounmpo,Thanasis,,DNP - Coach's Decision,,,,,,,,,,,,,,,,,,,,
22200797,1610612749,MIL,Milwaukee,1630699,MarJon Beauchamp,MarJon,,DNP - Coach's Decision,,,,,,,,,,,,,,,,,,,,
22200797,1610612749,MIL,Milwaukee,201588,George Hill,George,,DNP - Coach's Decision,,,,,,,,,,,,,,,,,,,,
22200797,1610612749,MIL,Milwaukee,1630572,Sandro Mamukelashvili,Sandro,,DNP - Coach's Decision,,,,,,,,,,,,,,,,,,,,
22200797,1610612749,MIL,Milwaukee,1629670,Jordan Nwora,Jordan,,DNP - Coach's Decision,,,,,,,,,,,,,,,,,,,,
22200801,1610612737,ATL,Atlanta,1629631,De'Andre Hunter,De'Andre,F,,31:53,7.0,15.0,0.467,2.0,4.0,0.5,4.0,4.0,1.0,1.0,2.0,3.0,4.0,1.0,0.0,3.0,2.0,20.0,-15.0
22200801,1610612737,ATL,Atlanta,1628381,John Collins,John,F,,30:11,3.0,5.0,0.6,0.0,0.0,0.0,0.0,0.0,0.0,1.0,3.0,4.0,3.0,0.0,1.0,0.0,2.0,6.0,-18.0
22200801,1610612737,ATL,Atlanta,203991,Clint Capela,Clint,C,,26:23,5.0,10.0,0.5,0.0,0.0,0.0,2.0,3.0,0.667,3.0,8.0,11.0,0.0,0.0,0.0,1.0,3.0,12.0,-18.0
22200801,1610612737,ATL,Atlanta,1631100,AJ Griffin,AJ,G,,26:01,6.0,11.0,0.545,1.0,3.0,0.333,2.0,2.0,1.0,1.0,1.0,2.0,4.0,0.0,0.0,1.0,1.0,15.0,-3.0
22200801,1610612737,ATL,Atlanta,1627749,Dejounte Murray,Dejounte,G,,35:32,10.0,21.0,0.476,3.0,8.0,0.375,5.0,7.0,0.714,1.0,3.0,4.0,10.0,1.0,2.0,3.0,0.0,28.0,-15.0
22200801,1610612737,ATL,Atlanta,1630235,Trent Forrest,Trent,,,11:44,1.0,1.0,1.0,0.0,0.0,0.0,0.0,0.0,0.0,0.0,1.0,1.0,0.0,0.0,0.0,1.0,0.0,2.0,-8.0
22200801,1610612737,ATL,Atlanta,203992,Bogdan Bogdanović,Bogdan,,,30:17,4.0,10.0,0.4,0.0,2.0,0.0,0.0,0.0,0.0,1.0,4.0,5.0,3.0,3.0,1.0,2.0,5.0,8.0,-17.0
22200801,1610612737,ATL,Atlanta,1630168,Onyeka Okongwu,Onyeka,,,19:00,3.0,7.0,0.429,0.0,0.0,0.0,0.0,0.0,0.0,2.0,4.0,6.0,1.0,0.0,3.0,0.0,4.0,6.0,-1.0
22200801,1610612737,ATL,Atlanta,1630552,Jalen Johnson,Jalen,,,16:06,5.0,8.0,0.625,0.0,1.0,0.0,1.0,1.0,1.0,0.0,5.0,5.0,0.0,1.0,0.0,0.0,1.0,11.0,0.0
22200801,1610612737,ATL,Atlanta,1628988,Aaron Holiday,Aaron,,,7:39,0.0,3.0,0.0,0.0,2.0,0.0,0.0,0.0,0.0,0.0,1.0,1.0,1.0,0.0,0.0,3.0,0.0,0.0,-3.0
22200801,1610612737,ATL,Atlanta,1626163,Frank Kaminsky,Frank,,,2:37,0.0,0.0,0.0,0.0,0.0,0.0,0.0,0.0,0.0,0.0,0.0,0.0,0.0,1.0,0.0,1.0,0.0,0.0,-1.0
22200801,1610612737,ATL,Atlanta,1630249,Vít Krejčí,Vít,,,2:37,0.0,0.0,0.0,0.0,0.0,0.0,0.0,0.0,0.0,0.0,1.0,1.0,0.0,0.0,0.0,0.0,0.0,0.0,-1.0
22200801,1610612737,ATL,Atlanta,203200,Justin Holiday,Justin,,DNP - Coach's Decision,,,,,,,,,,,,,,,,,,,,
22200801,1610612743,DEN,Denver,1629008,Michael Porter Jr.,Michael,F,,29:46,9.0,16.0,0.563,3.0,8.0,0.375,2.0,2.0,1.0,0.0,2.0,2.0,1.0,3.0,1.0,0.0,1.0,23.0,15.0
22200801,1610612743,DEN,Denver,203932,Aaron Gordon,Aaron,F,,29:46,7.0,10.0,0.7,0.0,1.0,0.0,1.0,1.0,1.0,2.0,4.0,6.0,4.0,0.0,1.0,0.0,1.0,15.0,19.0
22200801,1610612743,DEN,Denver,203999,Nikola Jokić,Nikola,C,,34:20,5.0,8.0,0.625,0.0,1.0,0.0,4.0,5.0,0.8,3.0,15.0,18.0,10.0,1.0,2.0,5.0,3.0,14.0,20.0
22200801,1610612743,DEN,Denver,203484,Kentavious Caldwell-Pope,Kentavious,G,,11:41,1.0,4.0,0.25,1.0,2.0,0.5,1.0,2.0,0.5,0.0,0.0,0.0,0.0,0.0,0.0,0.0,1.0,4.0,-4.0
22200801,1610612743,DEN,Denver,1627750,Jamal Murray,Jamal,G,,36:02,15.0,24.0,0.625,7.0,12.0,0.583,4.0,4.0,1.0,1.0,4.0,5.0,7.0,1.0,0.0,1.0,0.0,41.0,25.0
22200801,1610612743,DEN,Denver,1628971,Bruce Brown,Bruce,,,23:52,2.0,10.0,0.2,1.0,6.0,0.167,3.0,4.0,0.75,1.0,2.0,3.0,5.0,3.0,0.0,2.0,1.0,8.0,5.0
22200801,1610612743,DEN,Denver,1631128,Christian Braun,Christian,,,32:09,4.0,11.0,0.364,2.0,4.0,0.5,0.0,0.0,0.0,2.0,5.0,7.0,2.0,2.0,0.0,1.0,4.0,10.0,20.0
22200801,1610612743,DEN,Denver,1628427,Vlatko Čančar,Vlatko,,,22:20,1.0,5.0,0.2,1.0,3.0,0.333,2.0,2.0,1.0,0.0,1.0,1.0,3.0,1.0,0.0,1.0,2.0,5.0,3.0
22200801,1610612743,DEN,Denver,1630192,Zeke Nnaji,Zeke,,,13:40,2.0,4.0,0.5,0.0,1.0,0.0,0.0,0.0,0.0,3.0,2.0,5.0,0.0,2.0,2.0,0.0,1.0,4.0,0.0
22200801,1610612743,DEN,Denver,1628432,Davon Reed,Davon,,,2:08,1.0,1.0,1.0,0.0,0.0,0.0,0.0,0.0,0.0,0.0,0.0,0.0,0.0,1.0,0.0,1.0,0.0,2.0,-1.0
22200801,1610612743,DEN,Denver,202397,Ish Smith,Ish,,,2:08,0.0,0.0,0.0,0.0,0.0,0.0,0.0,0.0,0.0,0.0,1.0,1.0,0.0,0.0,0.0,0.0,1.0,0.0,-1.0
22200801,1610612743,DEN,Denver,1631212,Peyton Watson,Peyton,,,2:08,1.0,2.0,0.5,0.0,0.0,0.0,0.0,0.0,0.0,0.0,0.0,0.0,0.0,0.0,0.0,1.0,0.0,2.0,-1.0
22200801,1610612743,DEN,Denver,201145,Jeff Green,Jeff,,DNP - Coach's Decision,,,,,,,,,,,,,,,,,,,,
22200801,1610612743,DEN,Denver,1630538,Bones Hyland,Bones,,DNP - Coach's Decision,,,,,,,,,,,,,,,,,,,,
22200801,1610612743,DEN,Denver,201599,DeAndre Jordan,DeAndre,,DNP - Coach's Decision,,,,,,,,,,,,,,,,,,,,
22200798,1610612747,LAL,Los Angeles,1629060,Rui Hachimura,Rui,F,,18:55,2.0,7.0,0.286,1.0,2.0,0.5,3.0,4.0,0.75,3.0,2.0,5.0,0.0,1.0,0.0,0.0,0.0,8.0,2.0
22200798,1610612747,LAL,Los Angeles,2544,LeBron James,LeBron,F,,39:37,10.0,22.0,0.455,1.0,7.0,0.143,6.0,9.0,0.667,0.0,9.0,9.0,6.0,0.0,0.0,2.0,2.0,27.0,-5.0
22200798,1610612747,LAL,Los Angeles,203076,Anthony Davis,Anthony,C,,38:26,13.0,25.0,0.52,2.0,5.0,0.4,6.0,7.0,0.857,4.0,10.0,14.0,3.0,1.0,2.0,2.0,3.0,34.0,0.0
22200798,1610612747,LAL,Los Angeles,201976,Patrick Beverley,Patrick,G,,27:06,2.0,3.0,0.667,0.0,1.0,0.0,3.0,3.0,1.0,0.0,2.0,2.0,4.0,0.0,1.0,0.0,5.0,7.0,-10.0
22200798,1610612747,LAL,Los Angeles,203471,Dennis Schröder,Dennis,G,,36:48,1.0,6.0,0.167,1.0,2.0,0.5,4.0,4.0,1.0,0.0,2.0,2.0,10.0,1.0,0.0,2.0,3.0,7.0,5.0
22200798,1610612747,LAL,Los Angeles,201566,Russell Westbrook,Russell,,,22:54,6.0,11.0,0.545,2.0,3.0,0.667,1.0,2.0,0.5,2.0,2.0,4.0,4.0,0.0,0.0,2.0,1.0,15.0,-4.0
22200798,1610612747,LAL,Los Angeles,1628972,Troy Brown Jr.,Troy,,,30:54,5.0,9.0,0.556,3.0,7.0,0.429,0.0,0.0,0.0,3.0,3.0,6.0,1.0,0.0,0.0,0.0,4.0,13.0,0.0
22200798,1610612747,LAL,Los Angeles,1629022,Lonnie Walker IV,Lonnie,,,15:46,4.0,8.0,0.5,1.0,4.0,0.25,2.0,2.0,1.0,1.0,0.0,1.0,2.0,1.0,0.0,0.0,1.0,11.0,-8.0
22200798,1610612747,LAL,Los Angeles,1628418,Thomas Bryant,Thomas,,,3:09,1.0,2.0,0.5,0.0,1.0,0.0,0.0,2.0,0.0,0.0,1.0,1.0,0.0,0.0,0.0,0.0,0.0,2.0,-3.0
22200798,1610612747,LAL,Los Angeles,1629117,Wenyen Gabriel,Wenyen,,,6:25,1.0,1.0,1.0,0.0,0.0,0.0,0.0,0.0,0.0,0.0,0.0,0.0,0.0,0.0,0.0,1.0,1.0,2.0,-2.0
22200798,1610612747,LAL,Los Angeles,1631108,Max Christie,Max,,DNP - Coach's Decision,,,,,,,,,,,,,,,,,,,,
22200798,1610612747,LAL,Los Angeles,1627745,Damian Jones,Damian,,DNP - Coach's Decision,,,,,,,,,,,,,,,,,,,,
22200798,1610612747,LAL,Los Angeles,1629308,Juan Toscano-Anderson,Juan,,DNP - Coach's Decision,,,,,,,,,,,,,,,,,,,,
22200798,1610612740,NOP,New Orleans,1630530,Trey Murphy III,Trey,F,,28:11,7.0,12.0,0.583,4.0,9.0,0.444,3.0,3.0,1.0,1.0,4.0,5.0,0.0,0.0,0.0,0.0,4.0,21.0,8.0
22200798,1610612740,NOP,New Orleans,1627742,Brandon Ingram,Brandon,F,,32:19,15.0,28.0,0.536,0.0,3.0,0.0,5.0,6.0,0.833,1.0,4.0,5.0,4.0,0.0,0.0,3.0,4.0,35.0,3.0
22200798,1610612740,NOP,New Orleans,202685,Jonas Valančiūnas,Jonas,C,,24:17,9.0,13.0,0.692,0.0,1.0,0.0,0.0,0.0,0.0,5.0,9.0,14.0,5.0,0.0,0.0,0.0,1.0,18.0,-4.0
22200798,1610612740,NOP,New Orleans,1630529,Herbert Jones,Herbert,G,,40:26,2.0,9.0,0.222,0.0,2.0,0.0,0.0,0.0,0.0,1.0,3.0,4.0,3.0,4.0,0.0,3.0,5.0,4.0,7.0
22200798,1610612740,NOP,New Orleans,203468,CJ McCollum,CJ,G,,39:04,8.0,16.0,0.5,2.0,5.0,0.4,5.0,5.0,1.0,0.0,2.0,2.0,7.0,2.0,0.0,2.0,3.0,23.0,-1.0
22200798,1610612740,NOP,New Orleans,1630230,Naji Marshall,Naji,,,22:26,0.0,3.0,0.0,0.0,3.0,0.0,0.0,0.0,0.0,0.0,4.0,4.0,2.0,0.0,0.0,0.0,2.0,0.0,-3.0
22200798,1610612740,NOP,New Orleans,1630631,Jose Alvarado,Jose,,,23:51,7.0,11.0,0.636,2.0,4.0,0.5,2.0,2.0,1.0,2.0,2.0,4.0,2.0,0.0,0.0,2.0,1.0,18.0,5.0
22200798,1610612740,NOP,New Orleans,1626204,Larry Nance Jr.,Larry,,,23:43,3.0,6.0,0.5,1.0,2.0,0.5,3.0,4.0,0.75,4.0,5.0,9.0,4.0,0.0,0.0,0.0,1.0,10.0,9.0
22200798,1610612740,NOP,New Orleans,1630184,Kira Lewis Jr.,Kira,,,5:43,1.0,2.0,0.5,0.0,1.0,0.0,0.0,0.0,0.0,0.0,1.0,1.0,1.0,0.0,0.0,0.0,1.0,2.0,1.0
22200798,1610612740,NOP,New Orleans,1626195,Willy Hernangomez,Willy,,,0:00,0.0,0.0,0.0,0.0,0.0,0.0,0.0,0.0,0.0,0.0,0.0,0.0,0.0,0.0,0.0,0.0,0.0,0.0,0.0
22200798,1610612740,NOP,New Orleans,1628984,Devonte' Graham,Devonte',,DNP - Coach's Decision,,,,,,,,,,,,,,,,,,,,
22200798,1610612740,NOP,New Orleans,1629637,Jaxson Hayes,Jaxson,,DNP - Coach's Decision,,,,,,,,,,,,,,,,,,,,
22200798,1610612740,NOP,New Orleans,202066,Garrett Temple,Garrett,,DNP - Coach's Decision,,,,,,,,,,,,,,,,,,,,
22200796,1610612757,POR,Portland,1628404,Josh Hart,Josh,F,,33:30,5.0,13.0,0.385,0.0,5.0,0.0,3.0,4.0,0.75,3.0,9.0,12.0,5.0,1.0,0.0,1.0,0.0,13.0,5.0
22200796,1610612757,POR,Portland,203924,Jerami Grant,Jerami,F,,39:42,5.0,13.0,0.385,1.0,6.0,0.167,2.0,3.0,0.667,0.0,5.0,5.0,4.0,0.0,0.0,2.0,1.0,13.0,-12.0
22200796,1610612757,POR,Portland,1629234,Drew Eubanks,Drew,C,,26:16,4.0,8.0,0.5,0.0,1.0,0.0,0.0,0.0,0.0,1.0,4.0,5.0,0.0,0.0,1.0,0.0,2.0,8.0,-3.0
22200796,1610612757,POR,Portland,1629014,Anfernee Simons,Anfernee,G,,37:39,10.0,18.0,0.556,5.0,12.0,0.417,2.0,2.0,1.0,0.0,0.0,0.0,5.0,0.0,0.0,1.0,1.0,27.0,-6.0
22200796,1610612757,POR,Portland,203081,Damian Lillard,Damian,G,,40:31,12.0,21.0,0.571,5.0,12.0,0.417,11.0,11.0,1.0,1.0,4.0,5.0,5.0,1.0,0.0,3.0,3.0,40.0,2.0
22200796,1610612757,POR,Portland,1631101,Shaedon Sharpe,Shaedon,,,17:10,3.0,6.0,0.5,1.0,3.0,0.333,0.0,0.0,0.0,1.0,0.0,1.0,0.0,0.0,1.0,0.0,2.0,7.0,-12.0
22200796,1610612757,POR,Portland,1630570,Trendon Watford,Trendon,,,21:44,4.0,5.0,0.8,2.0,2.0,1.0,1.0,1.0,1.0,0.0,2.0,2.0,3.0,0.0,1.0,1.0,5.0,11.0,-5.0
22200796,1610612757,POR,Portland,1627780,Gary Payton II,Gary,,,12:36,1.0,2.0,0.5,0.0,1.0,0.0,0.0,0.0,0.0,0.0,1.0,1.0,0.0,1.0,0.0,0.0,2.0,2.0,0.0
22200796,1610612757,POR,Portland,1629642,Nassir Little,Nassir,,,10:52,0.0,1.0,0.0,0.0,1.0,0.0,0.0,0.0,0.0,1.0,1.0,2.0,0.0,0.0,0.0,1.0,3.0,0.0,-9.0
22200796,1610612757,POR,Portland,1631219,John Butler Jr.,John,,DNP - Coach's Decision,,,,,,,,,,,,,,,,,,,,
22200796,1610612757,POR,Portland,1630553,Keon Johnson,Keon,,DNP - Coach's Decision,,,,,,,,,,,,,,,,,,,,
22200796,1610612757,POR,Portland,1631133,Jabari Walker,Jabari,,DNP - Coach's Decision,,,,,,,,,,,,,,,,,,,,
22200796,1610612741,CHI,Chicago,201942,DeMar DeRozan,DeMar,F,,39:51,10.0,16.0,0.625,1.0,1.0,1.0,6.0,6.0,1.0,0.0,7.0,7.0,7.0,1.0,1.0,3.0,2.0,27.0,-4.0
22200796,1610612741,CHI,Chicago,1630172,Patrick Williams,Patrick,F,,31:11,3.0,9.0,0.333,0.0,2.0,0.0,0.0,0.0,0.0,1.0,6.0,7.0,0.0,1.0,1.0,1.0,2.0,6.0,-11.0
22200796,1610612741,CHI,Chicago,202696,Nikola Vučević,Nikola,C,,34:34,10.0,17.0,0.588,0.0,4.0,0.0,3.0,4.0,0.75,3.0,8.0,11.0,4.0,0.0,0.0,1.0,3.0,23.0,-1.0
22200796,1610612741,CHI,Chicago,203897,Zach LaVine,Zach,G,,37:18,11.0,18.0,0.611,5.0,10.0,0.5,9.0,9.0,1.0,0.0,6.0,6.0,5.0,2.0,0.0,5.0,4.0,36.0,27.0
22200796,1610612741,CHI,Chicago,1630245,Ayo Dosunmu,Ayo,G,,29:53,5.0,8.0,0.625,3.0,4.0,0.75,0.0,0.0,0.0,1.0,2.0,3.0,5.0,1.0,1.0,0.0,3.0,13.0,16.0
22200796,1610612741,CHI,Chicago,1629632,Coby White,Coby,,,21:11,4.0,5.0,0.8,2.0,3.0,0.667,0.0,0.0,0.0,0.0,0.0,0.0,3.0,0.0,0.0,0.0,2.0,10.0,-4.0
22200796,1610612741,CHI,Chicago,203083,Andre Drummond,Andre,,,13:26,3.0,4.0,0.75,0.0,0.0,0.0,1.0,4.0,0.25,1.0,4.0,5.0,1.0,0.0,0.0,1.0,1.0,7.0,9.0
22200796,1610612741,CHI,Chicago,201609,Goran Dragic,Goran,,,11:37,2.0,2.0,1.0,1.0,1.0,1.0,0.0,0.0,0.0,0.0,0.0,0.0,7.0,1.0,0.0,1.0,0.0,5.0,1.0
22200796,1610612741,CHI,Chicago,1627884,Derrick Jones Jr.,Derrick,,,16:49,0.0,1.0,0.0,0.0,1.0,0.0,2.0,2.0,1.0,0.0,1.0,1.0,0.0,0.0,0.0,0.0,1.0,2.0,19.0
22200796,1610612741,CHI,Chicago,1631207,Dalen Terry,Dalen,,,4:10,0.0,0.0,0.0,0.0,0.0,0.0,0.0,0.0,0.0,0.0,1.0,1.0,0.0,0.0,0.0,0.0,1.0,0.0,-12.0
22200796,1610612741,CHI,Chicago,1628396,Tony Bradley,Tony,,DNP - Coach's Decision,,,,,,,,,,,,,,,,,,,,
22200788,1610612756,PHX,Phoenix,1628470,Torrey Craig,Torrey,F,,19:05,1.0,3.0,0.333,0.0,1.0,0.0,0.0,0.0,0.0,2.0,3.0,5.0,0.0,1.0,1.0,1.0,4.0,2.0,-5.0
22200788,1610612756,PHX,Phoenix,203967,Dario Šarić,Dario,F,,29:42,5.0,13.0,0.385,4.0,7.0,0.571,0.0,0.0,0.0,3.0,10.0,13.0,3.0,0.0,0.0,1.0,3.0,14.0,8.0
22200788,1610612756,PHX,Phoenix,1629028,Deandre Ayton,Deandre,C,,34:51,7.0,13.0,0.538,0.0,0.0,0.0,0.0,1.0,0.0,2.0,8.0,10.0,5.0,0.0,1.0,3.0,2.0,14.0,-6.0
22200788,1610612756,PHX,Phoenix,1628969,Mikal Bridges,Mikal,G,,38:14,9.0,20.0,0.45,0.0,3.0,0.0,7.0,7.0,1.0,0.0,2.0,2.0,3.0,0.0,0.0,0.0,4.0,25.0,-10.0
22200788,1610612756,PHX,Phoenix,101108,Chris Paul,Chris,G,,35:02,6.0,15.0,0.4,1.0,5.0,0.2,2.0,3.0,0.667,0.0,6.0,6.0,8.0,1.0,1.0,0.0,3.0,15.0,-4.0
22200788,1610612756,PHX,Phoenix,1627814,Damion Lee,Damion,,,26:43,3.0,8.0,0.375,3.0,4.0,0.75,2.0,2.0,1.0,0.0,4.0,4.0,4.0,2.0,0.0,1.0,0.0,11.0,30.0
22200788,1610612756,PHX,Phoenix,1630240,Saben Lee,Saben,,,12:58,3.0,4.0,0.75,1.0,1.0,1.0,0.0,0.0,0.0,0.0,0.0,0.0,2.0,1.0,0.0,2.0,2.0,7.0,16.0
22200788,1610612756,PHX,Phoenix,1630688,Ish Wainright,Ish,,,31:11,3.0,11.0,0.273,3.0,8.0,0.375,0.0,0.0,0.0,1.0,5.0,6.0,0.0,1.0,2.0,0.0,3.0,9.0,13.0
22200788,1610612756,PHX,Phoenix,1629111,Jock Landale,Jock,,,12:14,4.0,8.0,0.5,0.0,3.0,0.0,1.0,1.0,1.0,2.0,5.0,7.0,3.0,0.0,1.0,0.0,1.0,9.0,18.0
22200788,1610612756,PHX,Phoenix,202687,Bismack Biyombo,Bismack,,DNP - Coach's Decision,,,,,,,,,,,,,,,,,,,,
22200788,1610612756,PHX,Phoenix,1629661,Cameron Johnson,Cameron,,DND - Injury/Illness,,,,,,,,,,,,,,,,,,,,
22200788,1610612756,PHX,Phoenix,1629006,Josh Okogie,Josh,,DNP - Coach's Decision,,,,,,,,,,,,,,,,,,,,
22200788,1610612738,BOS,Boston,1628369,Jayson Tatum,Jayson,F,,37:52,3.0,15.0,0.2,3.0,10.0,0.3,11.0,12.0,0.917,0.0,6.0,6.0,5.0,0.0,0.0,2.0,3.0,20.0,1.0
22200788,1610612738,BOS,Boston,201143,Al Horford,Al,F,,30:50,1.0,6.0,0.167,1.0,6.0,0.167,0.0,0.0,0.0,2.0,7.0,9.0,1.0,0.0,0.0,2.0,3.0,3.0,6.0
22200788,1610612738,BOS,Boston,1629057,Robert Williams III,Robert,C,,30:16,3.0,4.0,0.75,0.0,0.0,0.0,0.0,0.0,0.0,0.0,7.0,7.0,4.0,0.0,3.0,2.0,3.0,6.0,5.0
22200788,1610612738,BOS,Boston,1627759,Jaylen Brown,Jaylen,G,,39:10,9.0,21.0,0.429,3.0,12.0,0.25,6.0,9.0,0.667,0.0,8.0,8.0,4.0,3.0,0.0,2.0,3.0,27.0,-5.0
22200788,1610612738,BOS,Boston,1628401,Derrick White,Derrick,G,,34:59,6.0,12.0,0.5,2.0,4.0,0.5,5.0,6.0,0.833,1.0,4.0,5.0,1.0,0.0,0.0,2.0,2.0,19.0,-6.0
22200788,1610612738,BOS,Boston,1627763,Malcolm Brogdon,Malcolm,,,21:42,5.0,12.0,0.417,0.0,3.0,0.0,2.0,2.0,1.0,0.0,4.0,4.0,1.0,1.0,0.0,2.0,1.0,12.0,-28.0
22200788,1610612738,BOS,Boston,1629684,Grant Williams,Grant,,,21:55,0.0,2.0,0.0,0.0,1.0,0.0,0.0,0.0,0.0,0.0,3.0,3.0,1.0,1.0,0.0,1.0,3.0,0.0,-24.0
22200788,1610612738,BOS,Boston,1630202,Payton Pritchard,Payton,,,12:04,1.0,2.0,0.5,1.0,2.0,0.5,0.0,0.0,0.0,0.0,0.0,0.0,1.0,0.0,0.0,0.0,1.0,3.0,-8.0
22200788,1610612738,BOS,Boston,1628436,Luke Kornet,Luke,,,9:24,1.0,1.0,1.0,0.0,0.0,0.0,2.0,2.0,1.0,0.0,1.0,1.0,0.0,0.0,0.0,1.0,2.0,4.0,1.0
22200788,1610612738,BOS,Boston,1630573,Sam Hauser,Sam,,,1:03,0.0,0.0,0.0,0.0,0.0,0.0,0.0,0.0,0.0,0.0,0.0,0.0,0.0,0.0,0.0,0.0,0.0,0.0,-2.0
22200788,1610612738,BOS,Boston,1628382,Justin Jackson,Justin,,,0:45,0.0,0.0,0.0,0.0,0.0,0.0,0.0,0.0,0.0,0.0,0.0,0.0,0.0,0.0,0.0,0.0,0.0,0.0,0.0
22200788,1610612738,BOS,Boston,201933,Blake Griffin,Blake,,DNP - Coach's Decision,,,,,,,,,,,,,,,,,,,,
22200789,1610612761,TOR,Toronto,1630567,Scottie Barnes,Scottie,F,,37:12,4.0,11.0,0.364,3.0,7.0,0.429,2.0,2.0,1.0,4.0,2.0,6.0,4.0,0.0,1.0,1.0,3.0,13.0,2.0
22200789,1610612761,TOR,Toronto,1627783,Pascal Siakam,Pascal,F,,36:22,10.0,20.0,0.5,1.0,3.0,0.333,2.0,3.0,0.667,2.0,4.0,6.0,4.0,2.0,0.0,3.0,5.0,23.0,-2.0
22200789,1610612761,TOR,Toronto,1630173,Precious Achiuwa,Precious,C,,29:22,2.0,7.0,0.286,0.0,2.0,0.0,5.0,9.0,0.556,3.0,5.0,8.0,2.0,1.0,1.0,2.0,6.0,9.0,-8.0
22200789,1610612761,TOR,Toronto,1629018,Gary Trent Jr.,Gary,G,,38:02,10.0,15.0,0.667,5.0,9.0,0.556,4.0,4.0,1.0,0.0,1.0,1.0,2.0,0.0,0.0,1.0,2.0,29.0,-1.0
22200789,1610612761,TOR,Toronto,1627832,Fred VanVleet,Fred,G,,37:28,10.0,22.0,0.455,5.0,11.0,0.455,7.0,9.0,0.778,0.0,5.0,5.0,4.0,1.0,0.0,0.0,1.0,32.0,9.0
22200789,1610612761,TOR,Toronto,1628449,Chris Boucher,Chris,,,22:35,5.0,11.0,0.455,1.0,4.0,0.25,0.0,0.0,0.0,3.0,5.0,8.0,0.0,1.0,3.0,1.0,2.0,11.0,12.0
22200789,1610612761,TOR,Toronto,1630201,Malachi Flynn,Malachi,,,15:38,0.0,3.0,0.0,0.0,2.0,0.0,0.0,0.0,0.0,0.0,2.0,2.0,2.0,2.0,0.0,0.0,0.0,0.0,4.0
22200789,1610612761,TOR,Toronto,1631132,Christian Koloko,Christian,,,16:34,0.0,0.0,0.0,0.0,0.0,0.0,0.0,0.0,0.0,1.0,6.0,7.0,2.0,2.0,2.0,0.0,4.0,0.0,16.0
22200789,1610612761,TOR,Toronto,1630625,Dalano Banton,Dalano,,,2:15,0.0,0.0,0.0,0.0,0.0,0.0,0.0,0.0,0.0,0.0,0.0,0.0,1.0,0.0,0.0,1.0,2.0,0.0,-3.0
22200789,1610612761,TOR,Toronto,1627823,Juancho Hernangomez,Juancho,,,4:33,0.0,1.0,0.0,0.0,1.0,0.0,0.0,0.0,0.0,0.0,0.0,0.0,0.0,0.0,0.0,0.0,0.0,0.0,1.0
22200789,1610612761,TOR,Toronto,203920,Khem Birch,Khem,,DNP - Coach's Decision,,,,,,,,,,,,,,,,,,,,
22200789,1610612761,TOR,Toronto,201152,Thaddeus Young,Thaddeus,,DNP - Coach's Decision,,,,,,,,,,,,,,,,,,,,
22200789,1610612745,HOU,Houston,1630231,KJ Martin,KJ,F,,34:35,8.0,9.0,0.889,1.0,1.0,1.0,3.0,3.0,1.0,0.0,6.0,6.0,3.0,0.0,1.0,1.0,3.0,20.0,11.0
22200789,1610612745,HOU,Houston,1631095,Jabari Smith Jr.,Jabari,F,,32:55,4.0,9.0,0.444,2.0,3.0,0.667,4.0,5.0,0.8,1.0,7.0,8.0,3.0,0.0,0.0,3.0,2.0,14.0,8.0
22200789,1610612745,HOU,Houston,1630578,Alperen Sengun,Alperen,C,,33:19,6.0,10.0,0.6,0.0,0.0,0.0,9.0,12.0,0.75,2.0,2.0,4.0,4.0,2.0,0.0,2.0,5.0,21.0,-3.0
22200789,1610612745,HOU,Houston,201569,Eric Gordon,Eric,G,,33:54,10.0,15.0,0.667,2.0,5.0,0.4,6.0,7.0,0.857,0.0,3.0,3.0,5.0,1.0,0.0,1.0,4.0,28.0,11.0
22200789,1610612745,HOU,Houston,1630227,Daishen Nix,Daishen,G,,32:48,3.0,13.0,0.231,1.0,7.0,0.143,0.0,0.0,0.0,1.0,4.0,5.0,5.0,0.0,0.0,1.0,3.0,7.0,-7.0
22200789,1610612745,HOU,Houston,1630256,Jae'Sean Tate,Jae'Sean,,,16:47,1.0,5.0,0.2,0.0,0.0,0.0,1.0,4.0,0.25,1.0,1.0,2.0,0.0,0.0,0.0,1.0,2.0,3.0,-23.0
22200789,1610612745,HOU,Houston,1631106,Tari Eason,Tari,,,13:22,1.0,5.0,0.2,0.0,2.0,0.0,0.0,0.0,0.0,0.0,4.0,4.0,0.0,0.0,0.0,0.0,2.0,2.0,-13.0
22200789,1610612745,HOU,Houston,1629726,Garrison Mathews,Garrison,,,7:05,0.0,2.0,0.0,0.0,2.0,0.0,0.0,0.0,0.0,0.0,2.0,2.0,0.0,0.0,0.0,1.0,0.0,0.0,-10.0
22200789,1610612745,HOU,Houston,1628981,Bruno Fernando,Bruno,,,14:23,0.0,3.0,0.0,0.0,0.0,0.0,1.0,2.0,0.5,1.0,5.0,6.0,1.0,0.0,2.0,2.0,4.0,1.0,-3.0
22200789,1610612745,HOU,Houston,1630528,Josh Christopher,Josh,,,18:46,7.0,8.0,0.875,1.0,1.0,1.0,0.0,0.0,0.0,0.0,0.0,0.0,1.0,2.0,1.0,1.0,1.0,15.0,-1.0
22200789,1610612745,HOU,Houston,1631102,TyTy Washington Jr.,TyTy,,,2:07,0.0,1.0,0.0,0.0,0.0,0.0,0.0,0.0,0.0,0.0,0.0,0.0,0.0,0.0,0.0,0.0,0.0,0.0,0.0
22200789,1610612745,HOU,Houston,1630586,Usman Garuba,Usman,,DNP - Coach's Decision,,,,,,,,,,,,,,,,,,,,
22200789,1610612745,HOU,Houston,1626246,Boban Marjanović,Boban,,DNP - Coach's Decision,,,,,,,,,,,,,,,,,,,,
22200787,1610612757,POR,Portland,1628404,Josh Hart,Josh,F,,39:06,9.0,13.0,0.692,1.0,5.0,0.2,2.0,2.0,1.0,3.0,6.0,9.0,2.0,1.0,0.0,1.0,3.0,21.0,15.0
22200787,1610612757,POR,Portland,203924,Jerami Grant,Jerami,F,,36:03,2.0,8.0,0.25,1.0,3.0,0.333,5.0,6.0,0.833,0.0,8.0,8.0,3.0,1.0,0.0,1.0,4.0,10.0,2.0
22200787,1610612757,POR,Portland,1629234,Drew Eubanks,Drew,C,,17:51,1.0,4.0,0.25,0.0,0.0,0.0,3.0,4.0,0.75,3.0,1.0,4.0,2.0,1.0,1.0,0.0,4.0,5.0,-11.0
22200787,1610612757,POR,Portland,1629014,Anfernee Simons,Anfernee,G,,36:36,11.0,19.0,0.579,9.0,12.0,0.75,2.0,2.0,1.0,1.0,4.0,5.0,6.0,1.0,0.0,1.0,1.0,33.0,11.0
22200787,1610612757,POR,Portland,203081,Damian Lillard,Damian,G,,39:57,9.0,20.0,0.45,3.0,10.0,0.3,8.0,8.0,1.0,0.0,3.0,3.0,6.0,0.0,0.0,2.0,1.0,29.0,5.0
22200787,1610612757,POR,Portland,1631101,Shaedon Sharpe,Shaedon,,,20:05,2.0,4.0,0.5,1.0,3.0,0.333,0.0,0.0,0.0,1.0,2.0,3.0,1.0,0.0,0.0,0.0,1.0,5.0,0.0
22200787,1610612757,POR,Portland,1630570,Trendon Watford,Trendon,,,29:31,9.0,12.0,0.75,2.0,2.0,1.0,1.0,1.0,1.0,1.0,2.0,3.0,5.0,1.0,0.0,2.0,2.0,21.0,19.0
22200787,1610612757,POR,Portland,1629642,Nassir Little,Nassir,,,15:39,0.0,6.0,0.0,0.0,5.0,0.0,0.0,0.0,0.0,1.0,1.0,2.0,0.0,0.0,1.0,0.0,1.0,0.0,-1.0
22200787,1610612757,POR,Portland,1631133,Jabari Walker,Jabari,,,5:12,0.0,2.0,0.0,0.0,1.0,0.0,0.0,0.0,0.0,1.0,0.0,1.0,0.0,0.0,0.0,0.0,0.0,0.0,0.0
22200787,1610612757,POR,Portland,1631219,John Butler Jr.,John,,DNP - Coach's Decision,,,,,,,,,,,,,,,,,,,,
22200787,1610612757,POR,Portland,1630553,Keon Johnson,Keon,,DNP - Coach's Decision,,,,,,,,,,,,,,,,,,,,
22200787,1610612757,POR,Portland,1627780,Gary Payton II,Gary,,DND - Injury/Illness,,,,,,,,,,,,,,,,,,,,
22200787,1610612764,WAS,Washington,1628398,Kyle Kuzma,Kyle,F,,36:49,4.0,11.0,0.364,0.0,5.0,0.0,4.0,4.0,1.0,1.0,10.0,11.0,6.0,0.0,1.0,2.0,3.0,12.0,-4.0
22200787,1610612764,WAS,Washington,204001,Kristaps Porziņģis,Kristaps,F,,35:11,9.0,15.0,0.6,3.0,6.0,0.5,11.0,12.0,0.917,0.0,8.0,8.0,4.0,0.0,1.0,1.0,5.0,32.0,1.0
22200787,1610612764,WAS,Washington,1629655,Daniel Gafford,Daniel,C,,26:21,4.0,5.0,0.8,0.0,0.0,0.0,1.0,2.0,0.5,1.0,5.0,6.0,3.0,0.0,1.0,0.0,1.0,9.0,-9.0
22200787,1610612764,WAS,Washington,203078,Bradley Beal,Bradley,G,,32:18,14.0,25.0,0.56,4.0,10.0,0.4,2.0,2.0,1.0,3.0,0.0,3.0,1.0,0.0,0.0,1.0,3.0,34.0,0.0
22200787,1610612764,WAS,Washington,1628420,Monté Morris,Monté,G,,26:45,3.0,5.0,0.6,1.0,3.0,0.333,0.0,0.0,0.0,0.0,1.0,1.0,6.0,0.0,0.0,3.0,0.0,7.0,-2.0
22200787,1610612764,WAS,Washington,1630557,Corey Kispert,Corey,,,22:43,5.0,8.0,0.625,2.0,3.0,0.667,0.0,0.0,0.0,0.0,2.0,2.0,0.0,1.0,0.0,0.0,0.0,12.0,-11.0
22200787,1610612764,WAS,Washington,1630166,Deni Avdija,Deni,,,15:02,0.0,8.0,0.0,0.0,2.0,0.0,2.0,2.0,1.0,1.0,3.0,4.0,2.0,0.0,0.0,0.0,2.0,2.0,0.0
22200787,1610612764,WAS,Washington,1626153,Delon Wright,Delon,,,27:21,1.0,2.0,0.5,0.0,0.0,0.0,0.0,0.0,0.0,3.0,1.0,4.0,2.0,3.0,0.0,2.0,3.0,2.0,-10.0
22200787,1610612764,WAS,Washington,1629134,Kendrick Nunn,Kendrick,,,17:30,2.0,5.0,0.4,2.0,4.0,0.5,0.0,0.0,0.0,0.0,2.0,2.0,3.0,0.0,0.0,1.0,2.0,6.0,-5.0
22200787,1610612764,WAS,Washington,203115,Will Barton,Will,,DNP - Coach's Decision,,,,,,,,,,,,,,,,,,,,
22200787,1610612764,WAS,Washington,201959,Taj Gibson,Taj,,DNP - Coach's Decision,,,,,,,,,,,,,,,,,,,,
22200787,1610612764,WAS,Washington,1630692,Jordan Goodwin,Jordan,,DNP - Coach's Decision,,,,,,,,,,,,,,,,,,,,
22200792,1610612737,ATL,Atlanta,1629631,De'Andre Hunter,De'Andre,F,,36:11,10.0,15.0,0.667,3.0,5.0,0.6,3.0,4.0,0.75,1.0,3.0,4.0,3.0,1.0,0.0,0.0,2.0,26.0,4.0
22200792,1610612737,ATL,Atlanta,1628381,John Collins,John,F,,28:00,3.0,10.0,0.3,1.0,7.0,0.143,3.0,3.0,1.0,2.0,2.0,4.0,1.0,1.0,1.0,0.0,1.0,10.0,1.0
22200792,1610612737,ATL,Atlanta,203991,Clint Capela,Clint,C,,25:43,4.0,7.0,0.571,0.0,0.0,0.0,1.0,2.0,0.5,2.0,11.0,13.0,1.0,0.0,1.0,2.0,3.0,9.0,3.0
22200792,1610612737,ATL,Atlanta,1627749,Dejounte Murray,Dejounte,G,,36:59,5.0,16.0,0.313,1.0,6.0,0.167,2.0,2.0,1.0,1.0,4.0,5.0,8.0,3.0,0.0,2.0,1.0,13.0,3.0
22200792,1610612737,ATL,Atlanta,1629027,Trae Young,Trae,G,,34:11,10.0,19.0,0.526,2.0,8.0,0.25,5.0,7.0,0.714,2.0,2.0,4.0,6.0,2.0,1.0,2.0,2.0,27.0,4.0
22200792,1610612737,ATL,Atlanta,203992,Bogdan Bogdanović,Bogdan,,,25:25,3.0,9.0,0.333,2.0,6.0,0.333,0.0,0.0,0.0,1.0,5.0,6.0,6.0,0.0,1.0,2.0,1.0,8.0,8.0
22200792,1610612737,ATL,Atlanta,1630552,Jalen Johnson,Jalen,,,17:20,1.0,4.0,0.25,0.0,1.0,0.0,0.0,2.0,0.0,2.0,3.0,5.0,1.0,1.0,1.0,0.0,2.0,2.0,6.0
22200792,1610612737,ATL,Atlanta,1630168,Onyeka Okongwu,Onyeka,,,22:17,6.0,9.0,0.667,0.0,1.0,0.0,3.0,3.0,1.0,3.0,8.0,11.0,2.0,0.0,0.0,1.0,4.0,15.0,4.0
22200792,1610612737,ATL,Atlanta,1631100,AJ Griffin,AJ,,,13:54,2.0,6.0,0.333,1.0,3.0,0.333,0.0,0.0,0.0,0.0,0.0,0.0,0.0,0.0,0.0,0.0,2.0,5.0,2.0
22200792,1610612737,ATL,Atlanta,1630235,Trent Forrest,Trent,,DNP - Coach's Decision,,,,,,,,,,,,,,,,,,,,
22200792,1610612737,ATL,Atlanta,1628988,Aaron Holiday,Aaron,,DNP - Coach's Decision,,,,,,,,,,,,,,,,,,,,
22200792,1610612737,ATL,Atlanta,203200,Justin Holiday,Justin,,DNP - Coach's Decision,,,,,,,,,,,,,,,,,,,,
22200792,1610612737,ATL,Atlanta,1626163,Frank Kaminsky,Frank,,DNP - Coach's Decision,,,,,,,,,,,,,,,,,,,,
22200792,1610612737,ATL,Atlanta,1630249,Vít Krejčí,Vít,,DNP - Coach's Decision,,,,,,,,,,,,,,,,,,,,
22200792,1610612762,UTA,Utah,1628374,Lauri Markkanen,Lauri,F,,36:53,8.0,19.0,0.421,3.0,11.0,0.273,6.0,7.0,0.857,4.0,6.0,10.0,1.0,0.0,0.0,0.0,1.0,25.0,3.0
22200792,1610612762,UTA,Utah,203482,Kelly Olynyk,Kelly,F,,29:55,2.0,9.0,0.222,1.0,3.0,0.333,1.0,1.0,1.0,4.0,6.0,10.0,4.0,0.0,0.0,2.0,4.0,6.0,1.0
22200792,1610612762,UTA,Utah,1631117,Walker Kessler,Walker,C,,17:41,1.0,2.0,0.5,0.0,0.0,0.0,0.0,0.0,0.0,1.0,4.0,5.0,0.0,2.0,1.0,1.0,3.0,2.0,-15.0
22200792,1610612762,UTA,Utah,203903,Jordan Clarkson,Jordan,G,,31:10,10.0,21.0,0.476,3.0,10.0,0.3,1.0,3.0,0.333,1.0,4.0,5.0,3.0,0.0,0.0,1.0,2.0,24.0,0.0
22200792,1610612762,UTA,Utah,201144,Mike Conley,Mike,G,,30:00,7.0,9.0,0.778,2.0,4.0,0.5,4.0,6.0,0.667,0.0,2.0,2.0,8.0,1.0,0.0,5.0,3.0,20.0,-7.0
22200792,1610612762,UTA,Utah,1629012,Collin Sexton,Collin,,,20:16,6.0,9.0,0.667,0.0,1.0,0.0,0.0,0.0,0.0,0.0,1.0,1.0,0.0,0.0,0.0,3.0,0.0,12.0,-4.0
22200792,1610612762,UTA,Utah,200752,Rudy Gay,Rudy,,,9:37,1.0,2.0,0.5,0.0,1.0,0.0,1.0,1.0,1.0,1.0,1.0,2.0,0.0,0.0,0.0,1.0,1.0,3.0,-3.0
22200792,1610612762,UTA,Utah,1629020,Jarred Vanderbilt,Jarred,,,18:05,0.0,2.0,0.0,0.0,1.0,0.0,0.0,0.0,0.0,2.0,9.0,11.0,2.0,1.0,1.0,0.0,2.0,0.0,-8.0
22200792,1610612762,UTA,Utah,1627736,Malik Beasley,Malik,,,17:30,2.0,10.0,0.2,1.0,8.0,0.125,0.0,0.0,0.0,0.0,2.0,2.0,2.0,0.0,0.0,1.0,2.0,5.0,-10.0
22200792,1610612762,UTA,Utah,1630534,Ochai Agbaji,Ochai,,,24:00,4.0,6.0,0.667,3.0,5.0,0.6,0.0,0.0,0.0,0.0,2.0,2.0,0.0,0.0,0.0,0.0,3.0,11.0,4.0
22200792,1610612762,UTA,Utah,1629638,Nickeil Alexander-Walker,Nickeil,,,4:53,0.0,2.0,0.0,0.0,0.0,0.0,0.0,0.0,0.0,0.0,0.0,0.0,0.0,0.0,0.0,1.0,1.0,0.0,4.0
22200792,1610612762,UTA,Utah,1628962,Udoka Azubuike,Udoka,,DNP - Coach's Decision,,,,,,,,,,,,,,,,,,,,
22200792,1610612762,UTA,Utah,1630195,Leandro Bolmaro,Leandro,,DNP - Coach's Decision,,,,,,,,,,,,,,,,,,,,
22200792,1610612762,UTA,Utah,1631323,Simone Fontecchio,Simone,,DNP - Coach's Decision,,,,,,,,,,,,,,,,,,,,
22200792,1610612762,UTA,Utah,1629659,Talen Horton-Tucker,Talen,,DNP - Coach's Decision,,,,,,,,,,,,,,,,,,,,
22200785,1610612766,CHA,Charlotte,202330,Gordon Hayward,Gordon,F,,26:01,5.0,6.0,0.833,1.0,1.0,1.0,1.0,2.0,0.5,0.0,4.0,4.0,2.0,1.0,0.0,4.0,1.0,12.0,0.0
22200785,1610612766,CHA,Charlotte,1629023,P.J. Washington,P.J.,F,,37:10,3.0,15.0,0.2,1.0,7.0,0.143,0.0,0.0,0.0,1.0,1.0,2.0,3.0,0.0,0.0,0.0,2.0,7.0,-7.0
22200785,1610612766,CHA,Charlotte,203486,Mason Plumlee,Mason,C,,31:23,2.0,6.0,0.333,0.0,0.0,0.0,9.0,14.0,0.643,2.0,2.0,4.0,5.0,1.0,0.0,1.0,4.0,13.0,-7.0
22200785,1610612766,CHA,Charlotte,1626179,Terry Rozier,Terry,G,,35:10,9.0,19.0,0.474,2.0,10.0,0.2,3.0,4.0,0.75,1.0,5.0,6.0,1.0,2.0,0.0,1.0,1.0,23.0,-6.0
22200785,1610612766,CHA,Charlotte,1630163,LaMelo Ball,LaMelo,G,,39:52,7.0,23.0,0.304,4.0,13.0,0.308,5.0,5.0,1.0,1.0,7.0,8.0,8.0,5.0,0.0,3.0,6.0,23.0,-12.0
22200785,1610612766,CHA,Charlotte,1629667,Jalen McDaniels,Jalen,,,23:01,5.0,7.0,0.714,1.0,2.0,0.5,3.0,3.0,1.0,0.0,4.0,4.0,0.0,4.0,0.0,0.0,0.0,14.0,-4.0
22200785,1610612766,CHA,Charlotte,1630208,Nick Richards,Nick,,,15:16,3.0,5.0,0.6,0.0,0.0,0.0,1.0,1.0,1.0,3.0,3.0,6.0,0.0,0.0,1.0,1.0,5.0,7.0,-1.0
22200785,1610612766,CHA,Charlotte,1630550,JT Thor,JT,,,10:50,2.0,3.0,0.667,0.0,1.0,0.0,0.0,0.0,0.0,0.0,0.0,0.0,0.0,1.0,0.0,0.0,0.0,4.0,1.0
22200785,1610612766,CHA,Charlotte,1628372,Dennis Smith Jr.,Dennis,,,19:56,4.0,6.0,0.667,0.0,0.0,0.0,1.0,1.0,1.0,0.0,3.0,3.0,3.0,2.0,1.0,3.0,1.0,9.0,4.0
22200785,1610612766,CHA,Charlotte,1631109,Mark Williams,Mark,,,1:21,0.0,0.0,0.0,0.0,0.0,0.0,0.0,0.0,0.0,0.0,0.0,0.0,0.0,0.0,0.0,0.0,0.0,0.0,2.0
22200785,1610612766,CHA,Charlotte,1631121,Bryce McGowens,Bryce,,DNP - Coach's Decision,,,,,,,,,,,,,,,,,,,,
22200785,1610612765,DET,Detroit,202711,Bojan Bogdanović,Bojan,F,,35:15,8.0,14.0,0.571,4.0,7.0,0.571,1.0,2.0,0.5,0.0,1.0,1.0,2.0,1.0,0.0,4.0,4.0,21.0,6.0
22200785,1610612765,DET,Detroit,1630191,Isaiah Stewart,Isaiah,F,,28:13,3.0,12.0,0.25,0.0,2.0,0.0,2.0,2.0,1.0,5.0,11.0,16.0,6.0,1.0,0.0,0.0,1.0,8.0,0.0
22200785,1610612765,DET,Detroit,1631105,Jalen Duren,Jalen,C,,32:55,6.0,8.0,0.75,0.0,0.0,0.0,1.0,2.0,0.5,2.0,11.0,13.0,2.0,1.0,1.0,5.0,4.0,13.0,7.0
22200785,1610612765,DET,Detroit,202692,Alec Burks,Alec,G,,26:05,5.0,12.0,0.417,2.0,7.0,0.286,4.0,5.0,0.8,0.0,6.0,6.0,2.0,0.0,0.0,1.0,1.0,16.0,13.0
22200785,1610612765,DET,Detroit,1631093,Jaden Ivey,Jaden,G,,29:22,8.0,11.0,0.727,4.0,4.0,1.0,4.0,4.0,1.0,1.0,2.0,3.0,7.0,0.0,1.0,1.0,3.0,24.0,12.0
22200785,1610612765,DET,Detroit,1630180,Saddiq Bey,Saddiq,,,30:02,8.0,16.0,0.5,3.0,8.0,0.375,3.0,4.0,0.75,3.0,5.0,8.0,2.0,0.0,0.0,1.0,4.0,22.0,6.0
22200785,1610612765,DET,Detroit,1630165,Killian Hayes,Killian,,,23:56,2.0,6.0,0.333,0.0,1.0,0.0,0.0,0.0,0.0,0.0,1.0,1.0,5.0,1.0,0.0,3.0,3.0,4.0,-9.0
22200785,1610612765,DET,Detroit,1630587,Isaiah Livers,Isaiah,,,14:08,1.0,3.0,0.333,1.0,3.0,0.333,0.0,0.0,0.0,0.0,2.0,2.0,0.0,1.0,1.0,5.0,0.0,3.0,-5.0
22200785,1610612765,DET,Detroit,1628977,Hamidou Diallo,Hamidou,,,20:04,3.0,4.0,0.75,0.0,0.0,0.0,1.0,4.0,0.25,1.0,0.0,1.0,1.0,2.0,0.0,2.0,2.0,7.0,0.0
22200785,1610612765,DET,Detroit,1628995,Kevin Knox II,Kevin,,DNP - Coach's Decision,,,,,,,,,,,,,,,,,,,,
22200785,1610612765,DET,Detroit,203585,Rodney McGruder,Rodney,,DNP - Coach's Decision,,,,,,,,,,,,,,,,,,,,
22200785,1610612765,DET,Detroit,203457,Nerlens Noel,Nerlens,,DNP - Coach's Decision,,,,,,,,,,,,,,,,,,,,
22200791,1610612755,PHI,Philadelphia,202699,Tobias Harris,Tobias,F,,26:13,4.0,7.0,0.571,0.0,0.0,0.0,0.0,0.0,0.0,1.0,1.0,2.0,3.0,0.0,0.0,1.0,0.0,8.0,9.0
22200791,1610612755,PHI,Philadelphia,200782,P.J. Tucker,P.J.,F,,21:53,0.0,3.0,0.0,0.0,2.0,0.0,0.0,0.0,0.0,2.0,1.0,3.0,1.0,0.0,0.0,0.0,2.0,0.0,4.0
22200791,1610612755,PHI,Philadelphia,203954,Joel Embiid,Joel,C,,27:41,10.0,18.0,0.556,2.0,3.0,0.667,11.0,13.0,0.846,2.0,8.0,10.0,4.0,2.0,0.0,3.0,2.0,33.0,13.0
22200791,1610612755,PHI,Philadelphia,1629001,De'Anthony Melton,De'Anthony,G,,22:22,4.0,7.0,0.571,3.0,4.0,0.75,2.0,2.0,1.0,0.0,1.0,1.0,1.0,2.0,1.0,0.0,3.0,13.0,4.0
22200791,1610612755,PHI,Philadelphia,201935,James Harden,James,G,,24:47,4.0,10.0,0.4,2.0,5.0,0.4,6.0,8.0,0.75,1.0,3.0,4.0,8.0,0.0,0.0,3.0,0.0,16.0,7.0
22200791,1610612755,PHI,Philadelphia,1630178,Tyrese Maxey,Tyrese,,,27:22,8.0,15.0,0.533,3.0,4.0,0.75,6.0,7.0,0.857,2.0,1.0,3.0,4.0,1.0,1.0,0.0,0.0,25.0,5.0
22200791,1610612755,PHI,Philadelphia,1627777,Georges Niang,Georges,,,22:35,5.0,8.0,0.625,3.0,5.0,0.6,0.0,0.0,0.0,0.0,3.0,3.0,2.0,0.0,1.0,1.0,0.0,13.0,6.0
22200791,1610612755,PHI,Philadelphia,1629003,Shake Milton,Shake,,,22:15,4.0,7.0,0.571,0.0,2.0,0.0,6.0,7.0,0.857,0.0,2.0,2.0,3.0,2.0,0.0,2.0,2.0,14.0,9.0
22200791,1610612755,PHI,Philadelphia,1629680,Matisse Thybulle,Matisse,,,15:52,2.0,4.0,0.5,0.0,1.0,0.0,0.0,0.0,0.0,1.0,0.0,1.0,1.0,2.0,0.0,0.0,1.0,4.0,13.0
22200791,1610612755,PHI,Philadelphia,1626149,Montrezl Harrell,Montrezl,,,15:52,3.0,4.0,0.75,0.0,0.0,0.0,0.0,0.0,0.0,2.0,5.0,7.0,1.0,0.0,0.0,0.0,2.0,6.0,13.0
22200791,1610612755,PHI,Philadelphia,1630194,Paul Reed,Paul,,,4:27,2.0,3.0,0.667,0.0,0.0,0.0,0.0,0.0,0.0,2.0,0.0,2.0,0.0,0.0,0.0,0.0,0.0,4.0,-14.0
22200791,1610612755,PHI,Philadelphia,1627863,Danuel House Jr.,Danuel,,,7:09,0.0,1.0,0.0,0.0,1.0,0.0,1.0,4.0,0.25,1.0,0.0,1.0,0.0,2.0,0.0,0.0,1.0,1.0,-8.0
22200791,1610612755,PHI,Philadelphia,1627788,Furkan Korkmaz,Furkan,,,1:32,0.0,0.0,0.0,0.0,0.0,0.0,0.0,0.0,0.0,0.0,0.0,0.0,0.0,0.0,0.0,0.0,0.0,0.0,-1.0
22200791,1610612759,SAS,San Antonio,1629640,Keldon Johnson,Keldon,F,,30:47,5.0,11.0,0.455,0.0,2.0,0.0,8.0,8.0,1.0,1.0,2.0,3.0,3.0,1.0,0.0,4.0,1.0,18.0,-19.0
22200791,1610612759,SAS,San Antonio,1628966,Keita Bates-Diop,Keita,F,,25:44,6.0,8.0,0.75,1.0,2.0,0.5,0.0,0.0,0.0,2.0,3.0,5.0,1.0,2.0,0.0,0.0,1.0,13.0,-4.0
22200791,1610612759,SAS,San Antonio,1627751,Jakob Poeltl,Jakob,C,,24:20,8.0,11.0,0.727,0.0,0.0,0.0,0.0,0.0,0.0,3.0,7.0,10.0,5.0,0.0,0.0,3.0,3.0,16.0,-5.0
22200791,1610612759,SAS,San Antonio,1626196,Josh Richardson,Josh,G,,25:48,4.0,9.0,0.444,2.0,4.0,0.5,0.0,0.0,0.0,0.0,1.0,1.0,7.0,2.0,0.0,1.0,2.0,10.0,2.0
22200791,1610612759,SAS,San Antonio,1631103,Malaki Branham,Malaki,G,,34:51,11.0,16.0,0.688,2.0,5.0,0.4,2.0,2.0,1.0,0.0,2.0,2.0,3.0,1.0,0.0,2.0,2.0,26.0,-2.0
22200791,1610612759,SAS,San Antonio,1628380,Zach Collins,Zach,,,16:31,2.0,6.0,0.333,0.0,2.0,0.0,1.0,2.0,0.5,1.0,6.0,7.0,3.0,0.0,0.0,2.0,4.0,5.0,-15.0
22200791,1610612759,SAS,San Antonio,1626169,Stanley Johnson,Stanley,,,28:38,5.0,7.0,0.714,1.0,1.0,1.0,2.0,2.0,1.0,1.0,1.0,2.0,4.0,1.0,0.0,0.0,2.0,13.0,-12.0
22200791,1610612759,SAS,San Antonio,203926,Doug McDermott,Doug,,,18:00,3.0,7.0,0.429,0.0,2.0,0.0,1.0,1.0,1.0,0.0,1.0,1.0,2.0,0.0,0.0,2.0,1.0,7.0,-19.0
22200791,1610612759,SAS,San Antonio,1631104,Blake Wesley,Blake,,,17:45,4.0,7.0,0.571,1.0,1.0,1.0,0.0,0.0,0.0,0.0,0.0,0.0,2.0,0.0,0.0,2.0,4.0,9.0,-3.0
22200791,1610612759,SAS,San Antonio,1629676,Isaiah Roby,Isaiah,,,10:27,2.0,4.0,0.5,0.0,1.0,0.0,0.0,0.0,0.0,1.0,0.0,1.0,1.0,1.0,0.0,1.0,2.0,4.0,9.0
22200791,1610612759,SAS,San Antonio,1631230,Dominick Barlow,Dominick,,,7:09,2.0,3.0,0.667,0.0,1.0,0.0,0.0,0.0,0.0,0.0,3.0,3.0,1.0,0.0,0.0,1.0,3.0,4.0,8.0
22200786,1610612758,SAC,Sacramento,203084,Harrison Barnes,Harrison,F,,34:47,7.0,12.0,0.583,3.0,5.0,0.6,6.0,7.0,0.857,1.0,4.0,5.0,3.0,0.0,0.0,0.0,0.0,23.0,5.0
22200786,1610612758,SAC,Sacramento,1631099,Keegan Murray,Keegan,F,,24:41,1.0,6.0,0.167,1.0,4.0,0.25,0.0,0.0,0.0,0.0,7.0,7.0,1.0,0.0,1.0,2.0,1.0,3.0,-8.0
22200786,1610612758,SAC,Sacramento,1627734,Domantas Sabonis,Domantas,C,,37:43,6.0,13.0,0.462,0.0,2.0,0.0,3.0,4.0,0.75,4.0,12.0,16.0,6.0,1.0,1.0,4.0,3.0,15.0,-3.0
22200786,1610612758,SAC,Sacramento,1628989,Kevin Huerter,Kevin,G,,36:09,7.0,14.0,0.5,1.0,7.0,0.143,1.0,2.0,0.5,0.0,3.0,3.0,3.0,4.0,0.0,2.0,2.0,16.0,-4.0
22200786,1610612758,SAC,Sacramento,1630558,Davion Mitchell,Davion,G,,21:56,1.0,5.0,0.2,1.0,4.0,0.25,0.0,0.0,0.0,0.0,1.0,1.0,1.0,0.0,0.0,1.0,1.0,3.0,-19.0
22200786,1610612758,SAC,Sacramento,1628370,Malik Monk,Malik,,,27:57,4.0,10.0,0.4,1.0,1.0,1.0,3.0,3.0,1.0,2.0,3.0,5.0,5.0,0.0,1.0,5.0,3.0,12.0,9.0
22200786,1610612758,SAC,Sacramento,1629056,Terence Davis,Terence,,,18:03,4.0,10.0,0.4,3.0,7.0,0.429,4.0,4.0,1.0,0.0,4.0,4.0,3.0,1.0,1.0,1.0,1.0,15.0,14.0
22200786,1610612758,SAC,Sacramento,203521,Matthew Dellavedova,Matthew,,,8:31,0.0,2.0,0.0,0.0,1.0,0.0,0.0,0.0,0.0,0.0,0.0,0.0,1.0,0.0,0.0,0.0,1.0,0.0,-1.0
22200786,1610612758,SAC,Sacramento,1629002,Chimezie Metu,Chimezie,,,10:07,4.0,5.0,0.8,2.0,3.0,0.667,0.0,0.0,0.0,1.0,3.0,4.0,0.0,0.0,1.0,2.0,1.0,10.0,-3.0
22200786,1610612758,SAC,Sacramento,1626168,Trey Lyles,Trey,,,20:06,3.0,9.0,0.333,1.0,4.0,0.25,0.0,0.0,0.0,3.0,1.0,4.0,1.0,0.0,0.0,2.0,2.0,7.0,-5.0
22200786,1610612758,SAC,Sacramento,1629126,Deonte Burton,Deonte,,DNP - Coach's Decision,,,,,,,,,,,,,,,,,,,,
22200786,1610612758,SAC,Sacramento,1631165,Keon Ellis,Keon,,DNP - Coach's Decision,,,,,,,,,,,,,,,,,,,,
22200786,1610612758,SAC,Sacramento,1626158,Richaun Holmes,Richaun,,DNP - Coach's Decision,,,,,,,,,,,,,,,,,,,,
22200786,1610612758,SAC,Sacramento,203458,Alex Len,Alex,,DNP - Coach's Decision,,,,,,,,,,,,,,,,,,,,
22200786,1610612754,IND,Indiana,1627741,Buddy Hield,Buddy,F,,36:42,8.0,15.0,0.533,5.0,9.0,0.556,0.0,0.0,0.0,4.0,6.0,10.0,6.0,2.0,0.0,3.0,2.0,21.0,11.0
22200786,1610612754,IND,Indiana,1630174,Aaron Nesmith,Aaron,F,,32:41,6.0,13.0,0.462,4.0,7.0,0.571,1.0,2.0,0.5,2.0,4.0,6.0,3.0,1.0,1.0,1.0,3.0,17.0,4.0
22200786,1610612754,IND,Indiana,1626167,Myles Turner,Myles,C,,32:42,5.0,13.0,0.385,1.0,4.0,0.25,3.0,4.0,0.75,2.0,11.0,13.0,1.0,2.0,4.0,4.0,4.0,14.0,-9.0
22200786,1610612754,IND,Indiana,1629614,Andrew Nembhard,Andrew,G,,34:31,4.0,10.0,0.4,1.0,5.0,0.2,0.0,0.0,0.0,0.0,1.0,1.0,5.0,3.0,0.0,1.0,2.0,9.0,14.0
22200786,1610612754,IND,Indiana,1630169,Tyrese Haliburton,Tyrese,G,,34:04,4.0,12.0,0.333,2.0,7.0,0.286,0.0,0.0,0.0,0.0,4.0,4.0,9.0,3.0,0.0,1.0,0.0,10.0,18.0
22200786,1610612754,IND,Indiana,1631097,Bennedict Mathurin,Bennedict,,,27:32,4.0,9.0,0.444,1.0,3.0,0.333,5.0,6.0,0.833,1.0,3.0,4.0,0.0,1.0,0.0,3.0,1.0,14.0,-9.0
22200786,1610612754,IND,Indiana,1628464,Daniel Theis,Daniel,,,15:18,3.0,4.0,0.75,1.0,2.0,0.5,1.0,2.0,0.5,0.0,4.0,4.0,1.0,0.0,0.0,2.0,2.0,8.0,12.0
22200786,1610612754,IND,Indiana,1629052,Oshae Brissett,Oshae,,,12:34,2.0,5.0,0.4,2.0,3.0,0.667,0.0,0.0,0.0,0.0,2.0,2.0,0.0,1.0,0.0,0.0,2.0,6.0,-11.0
22200786,1610612754,IND,Indiana,204456,T.J. McConnell,T.J.,,,13:56,4.0,8.0,0.5,0.0,1.0,0.0,0.0,0.0,0.0,0.0,3.0,3.0,3.0,0.0,0.0,1.0,2.0,8.0,-15.0
22200786,1610612754,IND,Indiana,1629048,Goga Bitadze,Goga,,DNP - Coach's Decision,,,,,,,,,,,,,,,,,,,,
22200786,1610612754,IND,Indiana,1630537,Chris Duarte,Chris,,DNP - Coach's Decision,,,,,,,,,,,,,,,,,,,,
22200786,1610612754,IND,Indiana,1630543,Isaiah Jackson,Isaiah,,DNP - Coach's Decision,,,,,,,,,,,,,,,,,,,,
22200786,1610612754,IND,Indiana,201949,James Johnson,James,,DNP - Coach's Decision,,,,,,,,,,,,,,,,,,,,
22200786,1610612754,IND,Indiana,1630188,Jalen Smith,Jalen,,DNP - Coach's Decision,,,,,,,,,,,,,,,,,,,,
22200786,1610612754,IND,Indiana,1630678,Terry Taylor,Terry,,DNP - Coach's Decision,,,,,,,,,,,,,,,,,,,,
22200790,1610612753,ORL,Orlando,1630532,Franz Wagner,Franz,F,,33:32,4.0,7.0,0.571,1.0,1.0,1.0,0.0,2.0,0.0,1.0,5.0,6.0,4.0,0.0,0.0,4.0,3.0,9.0,12.0
22200790,1610612753,ORL,Orlando,1631094,Paolo Banchero,Paolo,F,,33:21,3.0,16.0,0.188,0.0,2.0,0.0,5.0,9.0,0.556,2.0,6.0,8.0,4.0,1.0,0.0,4.0,3.0,11.0,6.0
22200790,1610612753,ORL,Orlando,1628964,Mo Bamba,Mo,C,,20:48,4.0,9.0,0.444,3.0,7.0,0.429,0.0,0.0,0.0,1.0,3.0,4.0,2.0,1.0,1.0,1.0,3.0,11.0,2.0
22200790,1610612753,ORL,Orlando,203914,Gary Harris,Gary,G,,24:47,3.0,6.0,0.5,3.0,5.0,0.6,0.0,0.0,0.0,0.0,3.0,3.0,1.0,0.0,0.0,0.0,4.0,9.0,1.0
22200790,1610612753,ORL,Orlando,1628365,Markelle Fultz,Markelle,G,,29:54,6.0,10.0,0.6,0.0,1.0,0.0,3.0,4.0,0.75,3.0,1.0,4.0,3.0,2.0,0.0,1.0,0.0,15.0,-5.0
22200790,1610612753,ORL,Orlando,1628371,Jonathan Isaac,Jonathan,,,9:53,4.0,5.0,0.8,0.0,0.0,0.0,1.0,1.0,1.0,1.0,2.0,3.0,0.0,1.0,0.0,0.0,1.0,9.0,-9.0
22200790,1610612753,ORL,Orlando,1630591,Jalen Suggs,Jalen,,,15:51,3.0,4.0,0.75,2.0,2.0,1.0,2.0,4.0,0.5,0.0,2.0,2.0,3.0,3.0,0.0,0.0,1.0,10.0,6.0
22200790,1610612753,ORL,Orlando,1629021,Moritz Wagner,Moritz,,,21:25,6.0,10.0,0.6,1.0,2.0,0.5,6.0,7.0,0.857,0.0,0.0,0.0,0.0,0.0,0.0,0.0,1.0,19.0,8.0
22200790,1610612753,ORL,Orlando,1630175,Cole Anthony,Cole,,,26:33,6.0,8.0,0.75,2.0,2.0,1.0,6.0,8.0,0.75,4.0,4.0,8.0,6.0,1.0,1.0,2.0,5.0,20.0,10.0
22200790,1610612753,ORL,Orlando,1629626,Bol Bol,Bol,,,16:11,6.0,9.0,0.667,0.0,1.0,0.0,2.0,3.0,0.667,0.0,3.0,3.0,0.0,1.0,1.0,3.0,2.0,14.0,5.0
22200790,1610612753,ORL,Orlando,1630284,Kevon Harris,Kevon,,,7:45,0.0,1.0,0.0,0.0,0.0,0.0,0.0,0.0,0.0,1.0,0.0,1.0,0.0,1.0,0.0,0.0,1.0,0.0,-1.0
22200790,1610612753,ORL,Orlando,1630181,R.J. Hampton,R.J.,,DNP - Coach's Decision,,,,,,,,,,,,,,,,,,,,
22200790,1610612753,ORL,Orlando,1631216,Caleb Houstan,Caleb,,DNP - Coach's Decision,,,,,,,,,,,,,,,,,,,,
22200790,1610612753,ORL,Orlando,203082,Terrence Ross,Terrence,,DNP - Coach's Decision,,,,,,,,,,,,,,,,,,,,
22200790,1610612750,MIN,Minnesota,1630183,Jaden McDaniels,Jaden,F,,22:52,3.0,6.0,0.5,1.0,1.0,1.0,1.0,1.0,1.0,1.0,2.0,3.0,1.0,0.0,2.0,2.0,1.0,8.0,0.0
22200790,1610612750,MIN,Minnesota,203937,Kyle Anderson,Kyle,F,,5:22,0.0,0.0,0.0,0.0,0.0,0.0,0.0,0.0,0.0,0.0,0.0,0.0,0.0,0.0,1.0,0.0,1.0,0.0,0.0
22200790,1610612750,MIN,Minnesota,203497,Rudy Gobert,Rudy,C,,26:15,5.0,7.0,0.714,0.0,0.0,0.0,5.0,6.0,0.833,2.0,5.0,7.0,1.0,2.0,0.0,1.0,2.0,15.0,-4.0
22200790,1610612750,MIN,Minnesota,1630162,Anthony Edwards,Anthony,G,,37:49,5.0,15.0,0.333,1.0,7.0,0.143,8.0,10.0,0.8,0.0,5.0,5.0,5.0,1.0,1.0,4.0,3.0,19.0,-10.0
22200790,1610612750,MIN,Minnesota,1626156,D'Angelo Russell,D'Angelo,G,,37:38,9.0,20.0,0.45,6.0,16.0,0.375,5.0,5.0,1.0,1.0,9.0,10.0,6.0,2.0,1.0,6.0,1.0,29.0,-9.0
22200790,1610612750,MIN,Minnesota,1627752,Taurean Prince,Taurean,,,19:25,3.0,6.0,0.5,2.0,4.0,0.5,0.0,0.0,0.0,0.0,2.0,2.0,2.0,0.0,0.0,3.0,1.0,8.0,1.0
22200790,1610612750,MIN,Minnesota,1629675,Naz Reid,Naz,,,20:48,4.0,7.0,0.571,2.0,4.0,0.5,0.0,1.0,0.0,2.0,1.0,3.0,1.0,1.0,1.0,2.0,4.0,10.0,-11.0
22200790,1610612750,MIN,Minnesota,1629669,Jaylen Nowell,Jaylen,,,16:52,1.0,7.0,0.143,0.0,2.0,0.0,2.0,2.0,1.0,0.0,3.0,3.0,2.0,0.0,0.0,1.0,2.0,4.0,-13.0
22200790,1610612750,MIN,Minnesota,1630233,Nathan Knight,Nathan,,,11:03,0.0,2.0,0.0,0.0,1.0,0.0,2.0,2.0,1.0,1.0,1.0,2.0,0.0,0.0,1.0,0.0,2.0,2.0,-10.0
22200790,1610612750,MIN,Minnesota,203085,Austin Rivers,Austin,,,10:26,0.0,2.0,0.0,0.0,1.0,0.0,0.0,0.0,0.0,0.0,0.0,0.0,1.0,0.0,0.0,0.0,1.0,0.0,-3.0
22200790,1610612750,MIN,Minnesota,1630346,Matt Ryan,Matt,,,15:07,3.0,6.0,0.5,2.0,5.0,0.4,0.0,0.0,0.0,0.0,0.0,0.0,0.0,1.0,0.0,0.0,3.0,8.0,5.0
22200790,1610612750,MIN,Minnesota,1630568,Luka Garza,Luka,,,10:06,7.0,9.0,0.778,2.0,3.0,0.667,1.0,1.0,1.0,5.0,1.0,6.0,1.0,0.0,0.0,0.0,4.0,17.0,12.0
22200790,1610612750,MIN,Minnesota,1627854,Bryn Forbes,Bryn,,,6:17,0.0,0.0,0.0,0.0,0.0,0.0,0.0,0.0,0.0,0.0,0.0,0.0,1.0,0.0,0.0,1.0,2.0,0.0,7.0
22200790,1610612750,MIN,Minnesota,1631169,Josh Minott,Josh,,DNP - Coach's Decision,,,,,,,,,,,,,,,,,,,,
22200790,1610612750,MIN,Minnesota,1631111,Wendell Moore Jr.,Wendell,,DNP - Coach's Decision,,,,,,,,,,,,,,,,,,,,
22200783,1610612744,GSW,Golden State,203952,Andrew Wiggins,Andrew,F,,31:18,3.0,14.0,0.214,2.0,3.0,0.667,1.0,3.0,0.333,3.0,7.0,10.0,2.0,0.0,0.0,2.0,4.0,9.0,-14.0
22200783,1610612744,GSW,Golden State,1630228,Jonathan Kuminga,Jonathan,F,,32:14,7.0,9.0,0.778,2.0,2.0,1.0,1.0,3.0,0.333,1.0,6.0,7.0,2.0,0.0,0.0,0.0,1.0,17.0,-23.0
22200783,1610612744,GSW,Golden State,1626172,Kevon Looney,Kevon,C,,23:32,1.0,2.0,0.5,0.0,0.0,0.0,1.0,2.0,0.5,1.0,5.0,6.0,2.0,0.0,1.0,2.0,4.0,3.0,-8.0
22200783,1610612744,GSW,Golden State,1629673,Jordan Poole,Jordan,G,,26:20,8.0,15.0,0.533,4.0,8.0,0.5,2.0,3.0,0.667,0.0,3.0,3.0,5.0,1.0,0.0,2.0,4.0,22.0,-3.0
22200783,1610612744,GSW,Golden State,201939,Stephen Curry,Stephen,G,,33:11,10.0,17.0,0.588,5.0,10.0,0.5,3.0,3.0,1.0,2.0,3.0,5.0,5.0,0.0,0.0,6.0,4.0,28.0,-16.0
22200783,1610612744,GSW,Golden State,1628978,Donte DiVincenzo,Donte,,,21:53,5.0,7.0,0.714,4.0,5.0,0.8,0.0,0.0,0.0,0.0,2.0,2.0,1.0,1.0,0.0,3.0,1.0,14.0,-14.0
22200783,1610612744,GSW,Golden State,203210,JaMychal Green,JaMychal,,,15:31,2.0,4.0,0.5,1.0,2.0,0.5,1.0,2.0,0.5,1.0,3.0,4.0,4.0,0.0,1.0,1.0,1.0,6.0,-9.0
22200783,1610612744,GSW,Golden State,1629660,Ty Jerome,Ty,,,23:34,4.0,10.0,0.4,1.0,6.0,0.167,0.0,0.0,0.0,0.0,1.0,1.0,3.0,1.0,2.0,1.0,2.0,9.0,2.0
22200783,1610612744,GSW,Golden State,1630164,James Wiseman,James,,,16:35,3.0,4.0,0.75,0.0,0.0,0.0,3.0,3.0,1.0,0.0,2.0,2.0,0.0,1.0,0.0,0.0,2.0,9.0,7.0
22200783,1610612744,GSW,Golden State,1630541,Moses Moody,Moses,,,15:52,0.0,3.0,0.0,0.0,2.0,0.0,0.0,0.0,0.0,2.0,0.0,2.0,1.0,0.0,0.0,0.0,0.0,0.0,-7.0
22200783,1610612744,GSW,Golden State,1631116,Patrick Baldwin Jr.,Patrick,,DNP - Coach's Decision,,,,,,,,,,,,,,,,,,,,
22200783,1610612744,GSW,Golden State,203110,Draymond Green,Draymond,,DNP - Injury/Illness,,,,,,,,,,,,,,,,,,,,
22200783,1610612743,DEN,Denver,1629008,Michael Porter Jr.,Michael,F,,27:24,6.0,12.0,0.5,5.0,9.0,0.556,0.0,0.0,0.0,1.0,0.0,1.0,1.0,1.0,0.0,1.0,3.0,17.0,22.0
22200783,1610612743,DEN,Denver,1628427,Vlatko Čančar,Vlatko,F,,32:19,7.0,10.0,0.7,3.0,4.0,0.75,0.0,0.0,0.0,1.0,2.0,3.0,3.0,2.0,0.0,0.0,3.0,17.0,24.0
22200783,1610612743,DEN,Denver,203999,Nikola Jokić,Nikola,C,,32:42,9.0,13.0,0.692,0.0,0.0,0.0,4.0,5.0,0.8,2.0,12.0,14.0,16.0,1.0,1.0,3.0,0.0,22.0,26.0
22200783,1610612743,DEN,Denver,203484,Kentavious Caldwell-Pope,Kentavious,G,,32:11,8.0,14.0,0.571,1.0,3.0,0.333,1.0,1.0,1.0,1.0,2.0,3.0,2.0,1.0,1.0,2.0,3.0,18.0,16.0
22200783,1610612743,DEN,Denver,1627750,Jamal Murray,Jamal,G,,30:17,12.0,23.0,0.522,3.0,11.0,0.273,6.0,8.0,0.75,0.0,5.0,5.0,8.0,1.0,0.0,1.0,3.0,33.0,14.0
22200783,1610612743,DEN,Denver,1628971,Bruce Brown,Bruce,,,30:54,6.0,9.0,0.667,3.0,3.0,1.0,2.0,4.0,0.5,0.0,4.0,4.0,2.0,1.0,0.0,1.0,2.0,17.0,11.0
22200783,1610612743,DEN,Denver,201145,Jeff Green,Jeff,,,13:50,0.0,3.0,0.0,0.0,1.0,0.0,0.0,0.0,0.0,0.0,0.0,0.0,0.0,0.0,0.0,2.0,1.0,0.0,-11.0
22200783,1610612743,DEN,Denver,1631128,Christian Braun,Christian,,,18:56,2.0,4.0,0.5,1.0,3.0,0.333,0.0,0.0,0.0,1.0,4.0,5.0,3.0,2.0,0.0,0.0,1.0,5.0,0.0
22200783,1610612743,DEN,Denver,1630192,Zeke Nnaji,Zeke,,,17:09,1.0,2.0,0.5,0.0,1.0,0.0,3.0,3.0,1.0,1.0,2.0,3.0,0.0,1.0,0.0,1.0,3.0,5.0,-5.0
22200783,1610612743,DEN,Denver,1631212,Peyton Watson,Peyton,,,1:26,0.0,0.0,0.0,0.0,0.0,0.0,0.0,0.0,0.0,0.0,0.0,0.0,0.0,0.0,0.0,0.0,0.0,0.0,-4.0
22200783,1610612743,DEN,Denver,1628432,Davon Reed,Davon,,,1:26,0.0,0.0,0.0,0.0,0.0,0.0,0.0,0.0,0.0,0.0,0.0,0.0,0.0,0.0,0.0,0.0,0.0,0.0,-4.0
22200783,1610612743,DEN,Denver,202397,Ish Smith,Ish,,,1:26,0.0,0.0,0.0,0.0,0.0,0.0,0.0,0.0,0.0,0.0,0.0,0.0,0.0,0.0,0.0,0.0,0.0,0.0,-4.0
22200783,1610612743,DEN,Denver,1630538,Bones Hyland,Bones,,DNP - Coach's Decision,,,,,,,,,,,,,,,,,,,,
22200783,1610612743,DEN,Denver,201599,DeAndre Jordan,DeAndre,,DNP - Coach's Decision,,,,,,,,,,,,,,,,,,,,
22200781,1610612766,CHA,Charlotte,202330,Gordon Hayward,Gordon,F,,25:20,2.0,10.0,0.2,1.0,6.0,0.167,4.0,4.0,1.0,1.0,0.0,1.0,1.0,0.0,0.0,0.0,1.0,9.0,-4.0
22200781,1610612766,CHA,Charlotte,1629023,P.J. Washington,P.J.,F,,38:44,3.0,15.0,0.2,0.0,8.0,0.0,0.0,0.0,0.0,0.0,4.0,4.0,2.0,0.0,0.0,1.0,1.0,6.0,-12.0
22200781,1610612766,CHA,Charlotte,203486,Mason Plumlee,Mason,C,,31:07,7.0,7.0,1.0,0.0,0.0,0.0,2.0,2.0,1.0,4.0,7.0,11.0,5.0,1.0,0.0,2.0,3.0,16.0,-22.0
22200781,1610612766,CHA,Charlotte,1626179,Terry Rozier,Terry,G,,36:39,8.0,21.0,0.381,3.0,8.0,0.375,4.0,4.0,1.0,4.0,4.0,8.0,1.0,2.0,0.0,2.0,1.0,23.0,-25.0
22200781,1610612766,CHA,Charlotte,1630163,LaMelo Ball,LaMelo,G,,35:43,8.0,18.0,0.444,1.0,5.0,0.2,2.0,3.0,0.667,1.0,7.0,8.0,6.0,2.0,0.0,4.0,1.0,19.0,-1.0
22200781,1610612766,CHA,Charlotte,1629667,Jalen McDaniels,Jalen,,,26:18,0.0,5.0,0.0,0.0,3.0,0.0,0.0,0.0,0.0,0.0,2.0,2.0,1.0,0.0,0.0,1.0,2.0,0.0,-15.0
22200781,1610612766,CHA,Charlotte,1628372,Dennis Smith Jr.,Dennis,,,20:00,3.0,6.0,0.5,1.0,2.0,0.5,0.0,0.0,0.0,0.0,1.0,1.0,1.0,0.0,0.0,1.0,0.0,7.0,-3.0
22200781,1610612766,CHA,Charlotte,1631109,Mark Williams,Mark,,,16:53,6.0,7.0,0.857,0.0,0.0,0.0,1.0,2.0,0.5,4.0,3.0,7.0,0.0,1.0,3.0,2.0,4.0,13.0,6.0
22200781,1610612766,CHA,Charlotte,1630550,JT Thor,JT,,,9:16,2.0,4.0,0.5,1.0,3.0,0.333,0.0,0.0,0.0,2.0,1.0,3.0,2.0,0.0,1.0,1.0,2.0,5.0,-4.0
22200781,1610612766,CHA,Charlotte,1631121,Bryce McGowens,Bryce,,DNP - Coach's Decision,,,,,,,,,,,,,,,,,,,,
22200781,1610612766,CHA,Charlotte,1630208,Nick Richards,Nick,,DNP - Coach's Decision,,,,,,,,,,,,,,,,,,,,
22200781,1610612741,CHI,Chicago,201942,DeMar DeRozan,DeMar,F,,38:13,4.0,12.0,0.333,2.0,5.0,0.4,5.0,6.0,0.833,0.0,4.0,4.0,7.0,1.0,2.0,4.0,3.0,15.0,7.0
22200781,1610612741,CHI,Chicago,1630172,Patrick Williams,Patrick,F,,27:09,2.0,8.0,0.25,2.0,4.0,0.5,0.0,0.0,0.0,0.0,3.0,3.0,1.0,1.0,0.0,2.0,2.0,6.0,12.0
22200781,1610612741,CHI,Chicago,202696,Nikola Vučević,Nikola,C,,33:16,7.0,14.0,0.5,1.0,5.0,0.2,2.0,2.0,1.0,0.0,12.0,12.0,6.0,1.0,0.0,0.0,2.0,17.0,4.0
22200781,1610612741,CHI,Chicago,203897,Zach LaVine,Zach,G,,35:40,3.0,8.0,0.375,1.0,4.0,0.25,3.0,4.0,0.75,0.0,1.0,1.0,4.0,3.0,1.0,3.0,3.0,10.0,20.0
22200781,1610612741,CHI,Chicago,1630245,Ayo Dosunmu,Ayo,G,,35:21,9.0,10.0,0.9,1.0,2.0,0.5,3.0,3.0,1.0,0.0,0.0,0.0,0.0,1.0,0.0,1.0,3.0,22.0,5.0
22200781,1610612741,CHI,Chicago,1627936,Alex Caruso,Alex,,,7:05,2.0,3.0,0.667,1.0,2.0,0.5,2.0,2.0,1.0,1.0,2.0,3.0,1.0,1.0,0.0,1.0,0.0,7.0,3.0
22200781,1610612741,CHI,Chicago,1629632,Coby White,Coby,,,26:39,7.0,13.0,0.538,3.0,5.0,0.6,3.0,4.0,0.75,1.0,3.0,4.0,1.0,0.0,0.0,0.0,2.0,20.0,19.0
22200781,1610612741,CHI,Chicago,203083,Andre Drummond,Andre,,,14:44,6.0,9.0,0.667,0.0,0.0,0.0,3.0,5.0,0.6,5.0,6.0,11.0,0.0,0.0,0.0,1.0,2.0,15.0,12.0
22200781,1610612741,CHI,Chicago,201609,Goran Dragic,Goran,,,13:43,0.0,1.0,0.0,0.0,1.0,0.0,0.0,0.0,0.0,0.0,0.0,0.0,4.0,0.0,0.0,0.0,0.0,0.0,-2.0
22200781,1610612741,CHI,Chicago,1627884,Derrick Jones Jr.,Derrick,,,8:10,1.0,1.0,1.0,0.0,0.0,0.0,0.0,0.0,0.0,1.0,1.0,2.0,0.0,1.0,0.0,1.0,1.0,2.0,0.0
22200781,1610612741,CHI,Chicago,1628396,Tony Bradley,Tony,,DNP - Coach's Decision,,,,,,,,,,,,,,,,,,,,
22200781,1610612741,CHI,Chicago,1631207,Dalen Terry,Dalen,,DNP - Coach's Decision,,,,,,,,,,,,,,,,,,,,
22200784,1610612746,LAC,LA,202695,Kawhi Leonard,Kawhi,F,,39:39,7.0,26.0,0.269,1.0,6.0,0.167,2.0,2.0,1.0,1.0,10.0,11.0,5.0,1.0,2.0,1.0,3.0,17.0,19.0
22200784,1610612746,LAC,LA,202694,Marcus Morris Sr.,Marcus,F,,32:15,7.0,13.0,0.538,2.0,6.0,0.333,0.0,0.0,0.0,0.0,5.0,5.0,2.0,3.0,0.0,0.0,2.0,16.0,23.0
22200784,1610612746,LAC,LA,1627826,Ivica Zubac,Ivica,C,,29:14,4.0,7.0,0.571,0.0,0.0,0.0,4.0,5.0,0.8,6.0,7.0,13.0,1.0,0.0,1.0,1.0,6.0,12.0,-6.0
22200784,1610612746,LAC,LA,202331,Paul George,Paul,G,,36:10,6.0,16.0,0.375,2.0,5.0,0.4,2.0,6.0,0.333,0.0,6.0,6.0,2.0,3.0,0.0,3.0,2.0,16.0,9.0
22200784,1610612746,LAC,LA,1629611,Terance Mann,Terance,G,,23:59,2.0,3.0,0.667,2.0,2.0,1.0,2.0,2.0,1.0,0.0,4.0,4.0,3.0,1.0,0.0,1.0,1.0,8.0,21.0
22200784,1610612746,LAC,LA,201587,Nicolas Batum,Nicolas,,,16:47,0.0,3.0,0.0,0.0,3.0,0.0,0.0,0.0,0.0,0.0,4.0,4.0,0.0,0.0,0.0,0.0,3.0,0.0,-24.0
22200784,1610612746,LAC,LA,1626181,Norman Powell,Norman,,,31:04,9.0,16.0,0.563,4.0,8.0,0.5,4.0,5.0,0.8,0.0,2.0,2.0,0.0,0.0,0.0,0.0,2.0,26.0,-27.0
22200784,1610612746,LAC,LA,202704,Reggie Jackson,Reggie,,,24:40,3.0,9.0,0.333,2.0,5.0,0.4,0.0,0.0,0.0,0.0,2.0,2.0,2.0,0.0,1.0,1.0,2.0,8.0,-18.0
22200784,1610612746,LAC,LA,203496,Robert Covington,Robert,,,6:12,1.0,2.0,0.5,0.0,1.0,0.0,0.0,0.0,0.0,2.0,0.0,2.0,0.0,0.0,0.0,0.0,1.0,2.0,-2.0
22200784,1610612746,LAC,LA,1630527,Brandon Boston,Brandon,,DNP - Coach's Decision,,,,,,,,,,,,,,,,,,,,
22200784,1610612746,LAC,LA,1629650,Moses Brown,Moses,,DNP - Coach's Decision,,,,,,,,,,,,,,,,,,,,
22200784,1610612746,LAC,LA,1629599,Amir Coffey,Amir,,DNP - Coach's Decision,,,,,,,,,,,,,,,,,,,,
22200784,1610612746,LAC,LA,1631217,Moussa Diabaté,Moussa,,DNP - Coach's Decision,,,,,,,,,,,,,,,,,,,,
22200784,1610612746,LAC,LA,1628379,Luke Kennard,Luke,,DNP - Coach's Decision,,,,,,,,,,,,,,,,,,,,
22200784,1610612746,LAC,LA,1630554,Jason Preston,Jason,,DNP - Coach's Decision,,,,,,,,,,,,,,,,,,,,
22200784,1610612749,MIL,Milwaukee,1626192,Pat Connaughton,Pat,F,,31:49,3.0,5.0,0.6,1.0,3.0,0.333,1.0,1.0,1.0,1.0,9.0,10.0,0.0,1.0,0.0,1.0,0.0,8.0,-1.0
22200784,1610612749,MIL,Milwaukee,203507,Giannis Antetokounmpo,Giannis,F,,36:26,21.0,39.0,0.538,2.0,8.0,0.25,10.0,15.0,0.667,4.0,15.0,19.0,2.0,0.0,0.0,3.0,2.0,54.0,10.0
22200784,1610612749,MIL,Milwaukee,201572,Brook Lopez,Brook,C,,23:23,3.0,5.0,0.6,0.0,2.0,0.0,0.0,0.0,0.0,2.0,3.0,5.0,0.0,0.0,0.0,1.0,2.0,6.0,-32.0
22200784,1610612749,MIL,Milwaukee,1628960,Grayson Allen,Grayson,G,,24:01,1.0,3.0,0.333,1.0,3.0,0.333,1.0,2.0,0.5,0.0,2.0,2.0,0.0,0.0,0.0,0.0,4.0,4.0,-4.0
22200784,1610612749,MIL,Milwaukee,201950,Jrue Holiday,Jrue,G,,34:13,4.0,15.0,0.267,2.0,6.0,0.333,2.0,2.0,1.0,0.0,4.0,4.0,8.0,0.0,0.0,3.0,4.0,12.0,-11.0
22200784,1610612749,MIL,Milwaukee,204060,Joe Ingles,Joe,,,27:16,1.0,3.0,0.333,1.0,3.0,0.333,0.0,0.0,0.0,0.0,2.0,2.0,3.0,0.0,0.0,1.0,1.0,3.0,5.0
22200784,1610612749,MIL,Milwaukee,202083,Wesley Matthews,Wesley,,,24:49,0.0,4.0,0.0,0.0,4.0,0.0,3.0,4.0,0.75,0.0,1.0,1.0,0.0,1.0,0.0,0.0,0.0,3.0,8.0
22200784,1610612749,MIL,Milwaukee,203114,Khris Middleton,Khris,,,19:59,6.0,14.0,0.429,2.0,6.0,0.333,2.0,3.0,0.667,1.0,6.0,7.0,2.0,0.0,0.0,1.0,2.0,16.0,1.0
22200784,1610612749,MIL,Milwaukee,1628975,Jevon Carter,Jevon,,,16:48,0.0,2.0,0.0,0.0,2.0,0.0,0.0,0.0,0.0,0.0,3.0,3.0,1.0,0.0,0.0,0.0,2.0,0.0,23.0
22200784,1610612749,MIL,Milwaukee,201588,George Hill,George,,,1:17,0.0,0.0,0.0,0.0,0.0,0.0,0.0,0.0,0.0,0.0,0.0,0.0,0.0,0.0,0.0,0.0,0.0,0.0,6.0
22200784,1610612749,MIL,Milwaukee,203648,Thanasis Antetokounmpo,Thanasis,,DNP - Coach's Decision,,,,,,,,,,,,,,,,,,,,
22200784,1610612749,MIL,Milwaukee,1630699,MarJon Beauchamp,MarJon,,DNP - Coach's Decision,,,,,,,,,,,,,,,,,,,,
22200784,1610612749,MIL,Milwaukee,1630572,Sandro Mamukelashvili,Sandro,,DNP - Coach's Decision,,,,,,,,,,,,,,,,,,,,
22200784,1610612749,MIL,Milwaukee,1629670,Jordan Nwora,Jordan,,DNP - Coach's Decision,,,,,,,,,,,,,,,,,,,,
22200780,1610612748,MIA,Miami,202710,Jimmy Butler III,Jimmy,F,,33:25,5.0,13.0,0.385,0.0,0.0,0.0,0.0,1.0,0.0,4.0,0.0,4.0,5.0,2.0,0.0,3.0,0.0,10.0,-3.0
22200780,1610612748,MIA,Miami,1628997,Caleb Martin,Caleb,F,,23:48,2.0,7.0,0.286,1.0,5.0,0.2,0.0,0.0,0.0,1.0,3.0,4.0,1.0,0.0,1.0,1.0,3.0,5.0,-15.0
22200780,1610612748,MIA,Miami,1628389,Bam Adebayo,Bam,C,,37:37,11.0,16.0,0.688,0.0,0.0,0.0,10.0,11.0,0.909,1.0,8.0,9.0,3.0,2.0,1.0,0.0,1.0,32.0,5.0
22200780,1610612748,MIA,Miami,1629639,Tyler Herro,Tyler,G,,39:35,10.0,22.0,0.455,4.0,10.0,0.4,1.0,2.0,0.5,0.0,5.0,5.0,8.0,1.0,1.0,3.0,3.0,25.0,-9.0
22200780,1610612748,MIA,Miami,200768,Kyle Lowry,Kyle,G,,24:06,1.0,7.0,0.143,1.0,5.0,0.2,0.0,0.0,0.0,0.0,1.0,1.0,2.0,1.0,0.0,0.0,2.0,3.0,-17.0
22200780,1610612748,MIA,Miami,1629622,Max Strus,Max,,,28:39,5.0,9.0,0.556,5.0,8.0,0.625,2.0,2.0,1.0,0.0,1.0,1.0,1.0,0.0,0.0,0.0,0.0,17.0,16.0
22200780,1610612748,MIA,Miami,2617,Udonis Haslem,Udonis,,,10:23,0.0,2.0,0.0,0.0,1.0,0.0,0.0,0.0,0.0,1.0,1.0,2.0,0.0,0.0,0.0,0.0,1.0,0.0,-7.0
22200780,1610612748,MIA,Miami,1629312,Haywood Highsmith,Haywood,,,17:01,3.0,3.0,1.0,1.0,1.0,1.0,0.0,0.0,0.0,2.0,1.0,3.0,0.0,0.0,0.0,0.0,1.0,7.0,6.0
22200780,1610612748,MIA,Miami,1629216,Gabe Vincent,Gabe,,,25:26,2.0,8.0,0.25,1.0,6.0,0.167,0.0,0.0,0.0,0.0,4.0,4.0,4.0,2.0,0.0,3.0,4.0,5.0,14.0
22200780,1610612748,MIA,Miami,203473,Dewayne Dedmon,Dewayne,,DNP - Coach's Decision,,,,,,,,,,,,,,,,,,,,
22200780,1610612748,MIA,Miami,203506,Victor Oladipo,Victor,,DND - Injury/Illness,,,,,,,,,,,,,,,,,,,,
22200780,1610612752,NYK,New York,1629628,RJ Barrett,RJ,F,,40:58,13.0,23.0,0.565,0.0,5.0,0.0,4.0,6.0,0.667,4.0,4.0,8.0,4.0,0.0,0.0,5.0,3.0,30.0,-1.0
22200780,1610612752,NYK,New York,203944,Julius Randle,Julius,F,,34:20,8.0,19.0,0.421,3.0,9.0,0.333,4.0,5.0,0.8,1.0,9.0,10.0,6.0,3.0,0.0,7.0,4.0,23.0,14.0
22200780,1610612752,NYK,New York,1630579,Jericho Sims,Jericho,C,,19:24,0.0,1.0,0.0,0.0,0.0,0.0,0.0,0.0,0.0,1.0,1.0,2.0,1.0,0.0,0.0,0.0,2.0,0.0,16.0
22200780,1610612752,NYK,New York,1629656,Quentin Grimes,Quentin,G,,36:51,6.0,9.0,0.667,3.0,5.0,0.6,2.0,2.0,1.0,1.0,3.0,4.0,3.0,1.0,0.0,0.0,1.0,17.0,8.0
22200780,1610612752,NYK,New York,1630193,Immanuel Quickley,Immanuel,G,,37:16,3.0,8.0,0.375,2.0,5.0,0.4,0.0,0.0,0.0,0.0,6.0,6.0,4.0,0.0,0.0,1.0,0.0,8.0,0.0
22200780,1610612752,NYK,New York,1628392,Isaiah Hartenstein,Isaiah,,,28:35,3.0,7.0,0.429,0.0,0.0,0.0,2.0,3.0,0.667,4.0,6.0,10.0,1.0,3.0,0.0,3.0,4.0,8.0,-14.0
22200780,1610612752,NYK,New York,203095,Evan Fournier,Evan,,,18:12,1.0,7.0,0.143,1.0,6.0,0.167,2.0,2.0,1.0,0.0,2.0,2.0,4.0,1.0,0.0,0.0,2.0,5.0,-3.0
22200780,1610612752,NYK,New York,1630167,Obi Toppin,Obi,,,13:40,3.0,6.0,0.5,1.0,4.0,0.25,0.0,0.0,0.0,0.0,2.0,2.0,0.0,0.0,0.0,0.0,1.0,7.0,-12.0
22200780,1610612752,NYK,New York,1630540,Miles McBride,Miles,,,10:44,3.0,3.0,1.0,2.0,2.0,1.0,0.0,0.0,0.0,0.0,0.0,0.0,2.0,0.0,0.0,1.0,0.0,8.0,2.0
22200780,1610612752,NYK,New York,1627853,Ryan Arcidiacono,Ryan,,DND - Injury/Illness,,,,,,,,,,,,,,,,,,,,
22200780,1610612752,NYK,New York,1628973,Jalen Brunson,Jalen,,DND - Injury/Illness,,,,,,,,,,,,,,,,,,,,
22200780,1610612752,NYK,New York,1629004,Svi Mykhailiuk,Svi,,DNP - Coach's Decision,,,,,,,,,,,,,,,,,,,,
22200780,1610612752,NYK,New York,1629629,Cam Reddish,Cam,,DNP - Coach's Decision,,,,,,,,,,,,,,,,,,,,
22200780,1610612752,NYK,New York,201565,Derrick Rose,Derrick,,DNP - Coach's Decision,,,,,,,,,,,,,,,,,,,,
22200782,1610612740,NOP,New Orleans,1630530,Trey Murphy III,Trey,F,,33:31,3.0,6.0,0.5,0.0,3.0,0.0,3.0,3.0,1.0,0.0,3.0,3.0,2.0,1.0,0.0,0.0,2.0,9.0,2.0
22200782,1610612740,NOP,New Orleans,1627742,Brandon Ingram,Brandon,F,,35:44,10.0,20.0,0.5,1.0,2.0,0.5,5.0,6.0,0.833,1.0,8.0,9.0,7.0,0.0,1.0,3.0,4.0,26.0,-14.0
22200782,1610612740,NOP,New Orleans,202685,Jonas Valančiūnas,Jonas,C,,21:44,5.0,11.0,0.455,0.0,1.0,0.0,6.0,6.0,1.0,9.0,4.0,13.0,2.0,0.0,0.0,1.0,3.0,16.0,-19.0
22200782,1610612740,NOP,New Orleans,1630529,Herbert Jones,Herbert,G,,35:20,4.0,9.0,0.444,1.0,6.0,0.167,0.0,1.0,0.0,0.0,2.0,2.0,1.0,3.0,1.0,4.0,4.0,9.0,-11.0
22200782,1610612740,NOP,New Orleans,203468,CJ McCollum,CJ,G,,37:12,9.0,14.0,0.643,1.0,2.0,0.5,0.0,0.0,0.0,0.0,4.0,4.0,8.0,0.0,1.0,3.0,3.0,19.0,6.0
22200782,1610612740,NOP,New Orleans,1630184,Kira Lewis Jr.,Kira,,,11:27,1.0,6.0,0.167,0.0,2.0,0.0,0.0,0.0,0.0,0.0,2.0,2.0,0.0,1.0,0.0,1.0,4.0,2.0,-7.0
22200782,1610612740,NOP,New Orleans,1630230,Naji Marshall,Naji,,,25:07,4.0,8.0,0.5,2.0,2.0,1.0,1.0,2.0,0.5,0.0,1.0,1.0,3.0,1.0,0.0,1.0,5.0,11.0,1.0
22200782,1610612740,NOP,New Orleans,1626204,Larry Nance Jr.,Larry,,,26:16,5.0,6.0,0.833,0.0,0.0,0.0,0.0,0.0,0.0,2.0,10.0,12.0,1.0,0.0,1.0,2.0,1.0,10.0,14.0
22200782,1610612740,NOP,New Orleans,1630631,Jose Alvarado,Jose,,,13:38,1.0,4.0,0.25,0.0,2.0,0.0,2.0,3.0,0.667,0.0,4.0,4.0,3.0,0.0,1.0,2.0,0.0,4.0,3.0
22200782,1610612740,NOP,New Orleans,1628984,Devonte' Graham,Devonte',,DNP - Coach's Decision,,,,,,,,,,,,,,,,,,,,
22200782,1610612740,NOP,New Orleans,1629637,Jaxson Hayes,Jaxson,,DNP - Coach's Decision,,,,,,,,,,,,,,,,,,,,
22200782,1610612740,NOP,New Orleans,1626195,Willy Hernangomez,Willy,,DNP - Coach's Decision,,,,,,,,,,,,,,,,,,,,
22200782,1610612740,NOP,New Orleans,202066,Garrett Temple,Garrett,,DNP - Coach's Decision,,,,,,,,,,,,,,,,,,,,
22200782,1610612742,DAL,Dallas,203501,Tim Hardaway Jr.,Tim,F,,40:10,3.0,18.0,0.167,2.0,12.0,0.167,1.0,1.0,1.0,0.0,6.0,6.0,2.0,1.0,0.0,0.0,1.0,9.0,-3.0
22200782,1610612742,DAL,Dallas,1627827,Dorian Finney-Smith,Dorian,F,,33:42,5.0,8.0,0.625,3.0,5.0,0.6,0.0,0.0,0.0,3.0,4.0,7.0,4.0,1.0,1.0,0.0,5.0,13.0,-5.0
22200782,1610612742,DAL,Dallas,203939,Dwight Powell,Dwight,C,,26:53,1.0,1.0,1.0,0.0,0.0,0.0,5.0,6.0,0.833,0.0,2.0,2.0,2.0,2.0,0.0,1.0,6.0,7.0,20.0
22200782,1610612742,DAL,Dallas,203915,Spencer Dinwiddie,Spencer,G,,36:08,4.0,19.0,0.211,2.0,6.0,0.333,11.0,12.0,0.917,1.0,2.0,3.0,4.0,1.0,2.0,3.0,3.0,21.0,-4.0
22200782,1610612742,DAL,Dallas,1629029,Luka Dončić,Luka,G,,22:54,12.0,19.0,0.632,2.0,7.0,0.286,5.0,8.0,0.625,0.0,8.0,8.0,4.0,2.0,0.0,4.0,2.0,31.0,17.0
22200782,1610612742,DAL,Dallas,1630182,Josh Green,Josh,,,30:19,7.0,10.0,0.7,1.0,2.0,0.5,0.0,0.0,0.0,1.0,3.0,4.0,0.0,2.0,0.0,0.0,3.0,15.0,-4.0
22200782,1610612742,DAL,Dallas,203493,Reggie Bullock Jr.,Reggie,,,34:00,1.0,3.0,0.333,1.0,3.0,0.333,1.0,2.0,0.5,0.0,4.0,4.0,0.0,0.0,0.0,0.0,1.0,4.0,4.0
22200782,1610612742,DAL,Dallas,202722,Dāvis Bertāns,Dāvis,,,5:33,3.0,3.0,1.0,3.0,3.0,1.0,0.0,0.0,0.0,1.0,1.0,2.0,0.0,0.0,0.0,0.0,0.0,9.0,3.0
22200782,1610612742,DAL,Dallas,1630702,Jaden Hardy,Jaden,,,9:45,1.0,4.0,0.25,0.0,3.0,0.0,0.0,0.0,0.0,0.0,0.0,0.0,0.0,1.0,0.0,0.0,2.0,2.0,-1.0
22200782,1610612742,DAL,Dallas,1628373,Frank Ntilikina,Frank,,,0:36,0.0,0.0,0.0,0.0,0.0,0.0,0.0,0.0,0.0,0.0,0.0,0.0,0.0,0.0,0.0,0.0,1.0,0.0,-2.0
22200782,1610612742,DAL,Dallas,201580,JaVale McGee,JaVale,,DNP - Coach's Decision,,,,,,,,,,,,,,,,,,,,
22200782,1610612742,DAL,Dallas,1629033,Theo Pinson,Theo,,DNP - Coach's Decision,,,,,,,,,,,,,,,,,,,,
22200782,1610612742,DAL,Dallas,1629735,Chris Silva,Chris,,DNP - Coach's Decision,,,,,,,,,,,,,,,,,,,,
22200782,1610612742,DAL,Dallas,1630593,McKinley Wright IV,McKinley,,DNP - Coach's Decision,,,,,,,,,,,,,,,,,,,,
22200779,1610612763,MEM,Memphis,1628415,Dillon Brooks,Dillon,F,,22:06,2.0,5.0,0.4,0.0,1.0,0.0,5.0,6.0,0.833,0.0,2.0,2.0,1.0,1.0,0.0,2.0,2.0,9.0,-10.0
22200779,1610612763,MEM,Memphis,1630583,Santi Aldama,Santi,F,,33:58,7.0,15.0,0.467,4.0,7.0,0.571,3.0,3.0,1.0,0.0,10.0,10.0,1.0,1.0,0.0,3.0,3.0,21.0,-4.0
22200779,1610612763,MEM,Memphis,1630214,Xavier Tillman,Xavier,C,,27:02,3.0,3.0,1.0,0.0,0.0,0.0,0.0,0.0,0.0,2.0,4.0,6.0,3.0,0.0,2.0,0.0,1.0,6.0,13.0
22200779,1610612763,MEM,Memphis,1630217,Desmond Bane,Desmond,G,,32:24,8.0,15.0,0.533,6.0,7.0,0.857,3.0,3.0,1.0,0.0,2.0,2.0,1.0,0.0,0.0,2.0,3.0,25.0,-7.0
22200779,1610612763,MEM,Memphis,1629630,Ja Morant,Ja,G,,30:21,9.0,20.0,0.45,0.0,1.0,0.0,6.0,6.0,1.0,3.0,5.0,8.0,8.0,1.0,1.0,3.0,5.0,24.0,-14.0
22200779,1610612763,MEM,Memphis,1629634,Brandon Clarke,Brandon,,,20:58,5.0,7.0,0.714,0.0,0.0,0.0,0.0,0.0,0.0,2.0,1.0,3.0,0.0,0.0,1.0,1.0,1.0,10.0,-28.0
22200779,1610612763,MEM,Memphis,1629723,John Konchar,John,,,28:21,1.0,4.0,0.25,0.0,2.0,0.0,0.0,0.0,0.0,1.0,6.0,7.0,5.0,2.0,0.0,1.0,2.0,2.0,-11.0
22200779,1610612763,MEM,Memphis,1631223,David Roddy,David,,,10:36,3.0,7.0,0.429,0.0,1.0,0.0,2.0,2.0,1.0,2.0,2.0,4.0,0.0,1.0,0.0,2.0,2.0,8.0,-6.0
22200779,1610612763,MEM,Memphis,1626145,Tyus Jones,Tyus,,,23:42,2.0,8.0,0.25,0.0,2.0,0.0,2.0,2.0,1.0,1.0,0.0,1.0,3.0,2.0,1.0,3.0,0.0,6.0,-15.0
22200779,1610612763,MEM,Memphis,1631222,Jake LaRavia,Jake,,,6:59,0.0,2.0,0.0,0.0,2.0,0.0,0.0,0.0,0.0,0.0,1.0,1.0,0.0,0.0,0.0,1.0,4.0,0.0,1.0
22200779,1610612763,MEM,Memphis,1630533,Ziaire Williams,Ziaire,,,3:33,1.0,1.0,1.0,0.0,0.0,0.0,0.0,0.0,0.0,0.0,0.0,0.0,0.0,0.0,0.0,0.0,0.0,2.0,6.0
22200779,1610612739,CLE,Cleveland,1630171,Isaac Okoro,Isaac,F,,28:49,5.0,5.0,1.0,0.0,0.0,0.0,2.0,4.0,0.5,1.0,2.0,3.0,2.0,3.0,0.0,2.0,4.0,12.0,7.0
22200779,1610612739,CLE,Cleveland,1630596,Evan Mobley,Evan,F,,33:24,7.0,17.0,0.412,0.0,2.0,0.0,3.0,5.0,0.6,4.0,10.0,14.0,5.0,1.0,2.0,3.0,3.0,17.0,1.0
22200779,1610612739,CLE,Cleveland,1628386,Jarrett Allen,Jarrett,C,,37:57,9.0,12.0,0.75,0.0,0.0,0.0,0.0,0.0,0.0,3.0,8.0,11.0,4.0,2.0,2.0,3.0,2.0,18.0,20.0
22200779,1610612739,CLE,Cleveland,1628378,Donovan Mitchell,Donovan,G,,22:04,2.0,11.0,0.182,2.0,4.0,0.5,0.0,0.0,0.0,0.0,4.0,4.0,3.0,1.0,1.0,0.0,1.0,6.0,-3.0
22200779,1610612739,CLE,Cleveland,1629636,Darius Garland,Darius,G,,33:07,11.0,19.0,0.579,4.0,6.0,0.667,6.0,6.0,1.0,0.0,2.0,2.0,11.0,0.0,0.0,4.0,2.0,32.0,15.0
22200779,1610612739,CLE,Cleveland,1629731,Dean Wade,Dean,,,17:02,2.0,3.0,0.667,1.0,2.0,0.5,0.0,0.0,0.0,1.0,1.0,2.0,0.0,1.0,0.0,0.0,1.0,5.0,-3.0
22200779,1610612739,CLE,Cleveland,1626224,Cedi Osman,Cedi,,,31:50,7.0,11.0,0.636,4.0,8.0,0.5,3.0,5.0,0.6,0.0,0.0,0.0,4.0,2.0,1.0,1.0,2.0,21.0,20.0
22200779,1610612739,CLE,Cleveland,201937,Ricky Rubio,Ricky,,,21:01,4.0,9.0,0.444,3.0,6.0,0.5,2.0,2.0,1.0,0.0,2.0,2.0,4.0,2.0,1.0,2.0,1.0,13.0,15.0
22200779,1610612739,CLE,Cleveland,1630205,Lamar Stevens,Lamar,,,12:56,2.0,4.0,0.5,0.0,1.0,0.0,0.0,0.0,0.0,0.0,3.0,3.0,0.0,0.0,0.0,0.0,0.0,4.0,9.0
22200779,1610612739,CLE,Cleveland,203526,Raul Neto,Raul,,,1:51,0.0,0.0,0.0,0.0,0.0,0.0,0.0,0.0,0.0,0.0,0.0,0.0,0.0,0.0,0.0,0.0,1.0,0.0,-6.0
22200779,1610612739,CLE,Cleveland,201577,Robin Lopez,Robin,,DNP - Coach's Decision,,,,,,,,,,,,,,,,,,,,
22200779,1610612739,CLE,Cleveland,201567,Kevin Love,Kevin,,DNP - Coach's Decision,,,,,,,,,,,,,,,,,,,,
22200773,1610612760,OKC,Oklahoma City,1630198,Isaiah Joe,Isaiah,F,,20:32,1.0,6.0,0.167,1.0,5.0,0.2,0.0,0.0,0.0,0.0,0.0,0.0,2.0,1.0,0.0,0.0,1.0,3.0,-9.0
22200773,1610612760,OKC,Oklahoma City,1631114,Jalen Williams,Jalen,F,,29:15,2.0,9.0,0.222,2.0,4.0,0.5,2.0,2.0,1.0,2.0,4.0,6.0,3.0,2.0,2.0,3.0,2.0,8.0,-5.0
22200773,1610612760,OKC,Oklahoma City,1631119,Jaylin Williams,Jaylin,C,,12:28,2.0,5.0,0.4,1.0,3.0,0.333,2.0,4.0,0.5,1.0,3.0,4.0,1.0,0.0,1.0,0.0,2.0,7.0,-3.0
22200773,1610612760,OKC,Oklahoma City,1630581,Josh Giddey,Josh,G,,37:49,9.0,18.0,0.5,2.0,6.0,0.333,0.0,0.0,0.0,4.0,4.0,8.0,8.0,1.0,1.0,3.0,4.0,20.0,-10.0
22200773,1610612760,OKC,Oklahoma City,1628983,Shai Gilgeous-Alexander,Shai,G,,34:00,7.0,23.0,0.304,0.0,3.0,0.0,10.0,10.0,1.0,5.0,3.0,8.0,4.0,3.0,0.0,1.0,5.0,24.0,-7.0
22200773,1610612760,OKC,Oklahoma City,203488,Mike Muscala,Mike,,,11:39,2.0,5.0,0.4,1.0,4.0,0.25,1.0,2.0,0.5,2.0,1.0,3.0,0.0,0.0,0.0,0.0,1.0,6.0,-6.0
22200773,1610612760,OKC,Oklahoma City,1629026,Kenrich Williams,Kenrich,,,30:10,6.0,12.0,0.5,1.0,5.0,0.2,0.0,0.0,0.0,3.0,3.0,6.0,2.0,3.0,0.0,1.0,3.0,13.0,-1.0
22200773,1610612760,OKC,Oklahoma City,1631172,Ousmane Dieng,Ousmane,,,15:16,1.0,6.0,0.167,0.0,3.0,0.0,0.0,0.0,0.0,0.0,1.0,1.0,1.0,0.0,2.0,0.0,0.0,2.0,2.0
22200773,1610612760,OKC,Oklahoma City,1630544,Tre Mann,Tre,,,16:35,6.0,12.0,0.5,4.0,9.0,0.444,2.0,2.0,1.0,1.0,4.0,5.0,0.0,1.0,0.0,2.0,4.0,18.0,4.0
22200773,1610612760,OKC,Oklahoma City,1629647,Darius Bazley,Darius,,,14:57,1.0,4.0,0.25,0.0,1.0,0.0,1.0,2.0,0.5,5.0,4.0,9.0,1.0,0.0,0.0,0.0,1.0,3.0,-3.0
22200773,1610612760,OKC,Oklahoma City,1630598,Aaron Wiggins,Aaron,,,17:19,1.0,3.0,0.333,0.0,0.0,0.0,0.0,0.0,0.0,1.0,1.0,2.0,0.0,0.0,0.0,0.0,0.0,2.0,8.0
22200773,1610612745,HOU,Houston,1630231,KJ Martin,KJ,F,,31:42,7.0,13.0,0.538,1.0,4.0,0.25,3.0,5.0,0.6,3.0,4.0,7.0,4.0,0.0,0.0,0.0,1.0,18.0,4.0
22200773,1610612745,HOU,Houston,1631095,Jabari Smith Jr.,Jabari,F,,26:36,3.0,8.0,0.375,1.0,3.0,0.333,2.0,2.0,1.0,2.0,5.0,7.0,0.0,0.0,1.0,3.0,3.0,9.0,6.0
22200773,1610612745,HOU,Houston,1630578,Alperen Sengun,Alperen,C,,32:50,4.0,10.0,0.4,0.0,0.0,0.0,2.0,4.0,0.5,5.0,7.0,12.0,4.0,0.0,3.0,3.0,4.0,10.0,15.0
22200773,1610612745,HOU,Houston,1630227,Daishen Nix,Daishen,G,,32:33,3.0,9.0,0.333,0.0,4.0,0.0,2.0,2.0,1.0,0.0,7.0,7.0,3.0,0.0,2.0,1.0,1.0,8.0,11.0
22200773,1610612745,HOU,Houston,201569,Eric Gordon,Eric,G,,34:32,8.0,17.0,0.471,3.0,6.0,0.5,6.0,9.0,0.667,0.0,3.0,3.0,3.0,2.0,0.0,3.0,0.0,25.0,1.0
22200773,1610612745,HOU,Houston,1630256,Jae'Sean Tate,Jae'Sean,,,20:14,2.0,6.0,0.333,0.0,1.0,0.0,0.0,0.0,0.0,1.0,5.0,6.0,3.0,0.0,0.0,2.0,5.0,4.0,4.0
22200773,1610612745,HOU,Houston,1631106,Tari Eason,Tari,,,19:05,8.0,21.0,0.381,1.0,2.0,0.5,3.0,3.0,1.0,12.0,1.0,13.0,1.0,3.0,2.0,2.0,4.0,20.0,1.0
22200773,1610612745,HOU,Houston,1629726,Garrison Mathews,Garrison,,,18:57,1.0,2.0,0.5,1.0,2.0,0.5,0.0,0.0,0.0,0.0,3.0,3.0,1.0,0.0,0.0,1.0,0.0,3.0,-4.0
22200773,1610612745,HOU,Houston,1628981,Bruno Fernando,Bruno,,,9:55,1.0,1.0,1.0,0.0,0.0,0.0,2.0,2.0,1.0,1.0,2.0,3.0,0.0,0.0,4.0,0.0,2.0,4.0,-5.0
22200773,1610612745,HOU,Houston,1630528,Josh Christopher,Josh,,,13:36,4.0,7.0,0.571,0.0,1.0,0.0,3.0,4.0,0.75,0.0,4.0,4.0,1.0,1.0,0.0,2.0,0.0,11.0,-3.0
22200773,1610612745,HOU,Houston,1630586,Usman Garuba,Usman,,DNP - Coach's Decision,,,,,,,,,,,,,,,,,,,,
22200773,1610612745,HOU,Houston,1626246,Boban Marjanović,Boban,,DNP - Coach's Decision,,,,,,,,,,,,,,,,,,,,
22200773,1610612745,HOU,Houston,1631102,TyTy Washington Jr.,TyTy,,DNP - Coach's Decision,,,,,,,,,,,,,,,,,,,,
22200775,1610612758,SAC,Sacramento,203084,Harrison Barnes,Harrison,F,,35:51,5.0,9.0,0.556,2.0,4.0,0.5,2.0,2.0,1.0,1.0,5.0,6.0,1.0,1.0,0.0,2.0,0.0,14.0,20.0
22200775,1610612758,SAC,Sacramento,1631099,Keegan Murray,Keegan,F,,27:17,0.0,8.0,0.0,0.0,6.0,0.0,2.0,4.0,0.5,1.0,6.0,7.0,2.0,0.0,0.0,0.0,2.0,2.0,5.0
22200775,1610612758,SAC,Sacramento,1627734,Domantas Sabonis,Domantas,C,,36:41,15.0,20.0,0.75,1.0,2.0,0.5,3.0,5.0,0.6,2.0,9.0,11.0,4.0,2.0,2.0,3.0,3.0,34.0,4.0
22200775,1610612758,SAC,Sacramento,1628989,Kevin Huerter,Kevin,G,,18:33,2.0,5.0,0.4,1.0,3.0,0.333,0.0,0.0,0.0,1.0,0.0,1.0,2.0,0.0,0.0,0.0,1.0,5.0,1.0
22200775,1610612758,SAC,Sacramento,1628368,De'Aaron Fox,De'Aaron,G,,38:20,13.0,23.0,0.565,2.0,4.0,0.5,3.0,3.0,1.0,1.0,1.0,2.0,10.0,3.0,1.0,1.0,3.0,31.0,17.0
22200775,1610612758,SAC,Sacramento,1629056,Terence Davis,Terence,,,9:18,1.0,2.0,0.5,0.0,1.0,0.0,0.0,0.0,0.0,0.0,0.0,0.0,0.0,1.0,0.0,0.0,1.0,2.0,-8.0
22200775,1610612758,SAC,Sacramento,1630558,Davion Mitchell,Davion,,,9:40,0.0,2.0,0.0,0.0,1.0,0.0,0.0,0.0,0.0,0.0,0.0,0.0,1.0,0.0,0.0,0.0,0.0,0.0,-7.0
22200775,1610612758,SAC,Sacramento,1628370,Malik Monk,Malik,,,32:53,8.0,13.0,0.615,2.0,3.0,0.667,4.0,4.0,1.0,0.0,3.0,3.0,5.0,3.0,0.0,2.0,1.0,22.0,9.0
22200775,1610612758,SAC,Sacramento,1626168,Trey Lyles,Trey,,,20:08,2.0,3.0,0.667,0.0,1.0,0.0,1.0,1.0,1.0,0.0,1.0,1.0,0.0,0.0,0.0,1.0,0.0,5.0,3.0
22200775,1610612758,SAC,Sacramento,1629002,Chimezie Metu,Chimezie,,,11:19,2.0,5.0,0.4,0.0,2.0,0.0,0.0,0.0,0.0,0.0,3.0,3.0,0.0,0.0,0.0,0.0,2.0,4.0,6.0
22200775,1610612758,SAC,Sacramento,1629126,Deonte Burton,Deonte,,DNP - Coach's Decision,,,,,,,,,,,,,,,,,,,,
22200775,1610612758,SAC,Sacramento,203521,Matthew Dellavedova,Matthew,,DNP - Coach's Decision,,,,,,,,,,,,,,,,,,,,
22200775,1610612758,SAC,Sacramento,1626158,Richaun Holmes,Richaun,,DNP - Coach's Decision,,,,,,,,,,,,,,,,,,,,
22200775,1610612758,SAC,Sacramento,203458,Alex Len,Alex,,DNP - Coach's Decision,,,,,,,,,,,,,,,,,,,,
22200775,1610612758,SAC,Sacramento,1629644,KZ Okpala,KZ,,DNP - Coach's Decision,,,,,,,,,,,,,,,,,,,,
22200775,1610612759,SAS,San Antonio,1629640,Keldon Johnson,Keldon,F,,37:10,8.0,18.0,0.444,1.0,5.0,0.2,1.0,2.0,0.5,2.0,6.0,8.0,5.0,0.0,0.0,2.0,1.0,18.0,-12.0
22200775,1610612759,SAS,San Antonio,1631110,Jeremy Sochan,Jeremy,F,,6:49,0.0,4.0,0.0,0.0,1.0,0.0,0.0,0.0,0.0,0.0,1.0,1.0,0.0,0.0,0.0,0.0,0.0,0.0,-3.0
22200775,1610612759,SAS,San Antonio,1627751,Jakob Poeltl,Jakob,C,,28:57,9.0,13.0,0.692,0.0,0.0,0.0,0.0,0.0,0.0,4.0,8.0,12.0,3.0,1.0,1.0,5.0,3.0,18.0,-14.0
22200775,1610612759,SAS,San Antonio,1628966,Keita Bates-Diop,Keita,G,,26:52,2.0,8.0,0.25,0.0,2.0,0.0,0.0,0.0,0.0,0.0,6.0,6.0,3.0,2.0,0.0,0.0,0.0,4.0,-11.0
22200775,1610612759,SAS,San Antonio,1630200,Tre Jones,Tre,G,,8:40,0.0,0.0,0.0,0.0,0.0,0.0,0.0,0.0,0.0,0.0,0.0,0.0,4.0,0.0,0.0,1.0,0.0,0.0,-1.0
22200775,1610612759,SAS,San Antonio,1626196,Josh Richardson,Josh,,,28:52,8.0,13.0,0.615,2.0,6.0,0.333,1.0,1.0,1.0,2.0,6.0,8.0,3.0,2.0,0.0,4.0,4.0,19.0,-4.0
22200775,1610612759,SAS,San Antonio,1631103,Malaki Branham,Malaki,,,32:17,9.0,13.0,0.692,3.0,5.0,0.6,1.0,2.0,0.5,0.0,1.0,1.0,5.0,0.0,0.0,0.0,2.0,22.0,5.0
22200775,1610612759,SAS,San Antonio,1628380,Zach Collins,Zach,,,19:03,7.0,9.0,0.778,0.0,1.0,0.0,0.0,0.0,0.0,0.0,1.0,1.0,3.0,0.0,0.0,2.0,3.0,14.0,4.0
22200775,1610612759,SAS,San Antonio,203926,Doug McDermott,Doug,,,23:25,2.0,4.0,0.5,1.0,2.0,0.5,0.0,0.0,0.0,0.0,1.0,1.0,3.0,0.0,0.0,0.0,3.0,5.0,4.0
22200775,1610612759,SAS,San Antonio,1626169,Stanley Johnson,Stanley,,,15:42,1.0,2.0,0.5,0.0,0.0,0.0,2.0,2.0,1.0,0.0,1.0,1.0,1.0,0.0,0.0,2.0,1.0,4.0,-4.0
22200775,1610612759,SAS,San Antonio,1631104,Blake Wesley,Blake,,,4:11,0.0,2.0,0.0,0.0,1.0,0.0,0.0,0.0,0.0,0.0,0.0,0.0,0.0,0.0,0.0,1.0,0.0,0.0,-11.0
22200775,1610612759,SAS,San Antonio,1629676,Isaiah Roby,Isaiah,,,8:02,2.0,2.0,1.0,1.0,1.0,1.0,0.0,0.0,0.0,0.0,1.0,1.0,0.0,0.0,0.0,1.0,0.0,5.0,-3.0
22200774,1610612744,GSW,Golden State,202691,Klay Thompson,Klay,F,,40:27,3.0,13.0,0.231,2.0,7.0,0.286,6.0,6.0,1.0,1.0,5.0,6.0,0.0,1.0,0.0,2.0,1.0,14.0,2.0
22200774,1610612744,GSW,Golden State,203952,Andrew Wiggins,Andrew,F,,35:08,7.0,13.0,0.538,1.0,4.0,0.25,1.0,2.0,0.5,2.0,5.0,7.0,3.0,0.0,0.0,2.0,2.0,16.0,-8.0
22200774,1610612744,GSW,Golden State,203110,Draymond Green,Draymond,C,,39:28,5.0,10.0,0.5,0.0,0.0,0.0,0.0,3.0,0.0,0.0,12.0,12.0,4.0,1.0,0.0,5.0,3.0,10.0,-6.0
22200774,1610612744,GSW,Golden State,1629673,Jordan Poole,Jordan,G,,31:38,4.0,13.0,0.308,1.0,5.0,0.2,9.0,10.0,0.9,1.0,6.0,7.0,5.0,0.0,0.0,2.0,3.0,18.0,-9.0
22200774,1610612744,GSW,Golden State,201939,Stephen Curry,Stephen,G,,42:22,8.0,21.0,0.381,5.0,12.0,0.417,8.0,9.0,0.889,0.0,10.0,10.0,3.0,1.0,1.0,4.0,5.0,29.0,-5.0
22200774,1610612744,GSW,Golden State,1626172,Kevon Looney,Kevon,,,28:42,4.0,5.0,0.8,0.0,0.0,0.0,2.0,2.0,1.0,3.0,6.0,9.0,0.0,2.0,2.0,0.0,4.0,10.0,12.0
22200774,1610612744,GSW,Golden State,1628978,Donte DiVincenzo,Donte,,,24:51,3.0,7.0,0.429,1.0,4.0,0.25,0.0,0.0,0.0,1.0,3.0,4.0,5.0,1.0,0.0,1.0,1.0,7.0,-7.0
22200774,1610612744,GSW,Golden State,1630228,Jonathan Kuminga,Jonathan,,,14:57,4.0,8.0,0.5,1.0,2.0,0.5,1.0,2.0,0.5,1.0,2.0,3.0,0.0,1.0,1.0,1.0,4.0,10.0,-4.0
22200774,1610612744,GSW,Golden State,1630237,Anthony Lamb,Anthony,,,7:27,0.0,1.0,0.0,0.0,1.0,0.0,0.0,0.0,0.0,0.0,0.0,0.0,1.0,0.0,0.0,0.0,1.0,0.0,0.0
22200774,1610612744,GSW,Golden State,1631116,Patrick Baldwin Jr.,Patrick,,DNP - Coach's Decision,,,,,,,,,,,,,,,,,,,,
22200774,1610612744,GSW,Golden State,203210,JaMychal Green,JaMychal,,DNP - Coach's Decision,,,,,,,,,,,,,,,,,,,,
22200774,1610612744,GSW,Golden State,1630541,Moses Moody,Moses,,DNP - Coach's Decision,,,,,,,,,,,,,,,,,,,,
22200774,1610612744,GSW,Golden State,1630164,James Wiseman,James,,DNP - Coach's Decision,,,,,,,,,,,,,,,,,,,,
22200774,1610612750,MIN,Minnesota,1630183,Jaden McDaniels,Jaden,F,,38:22,3.0,8.0,0.375,0.0,2.0,0.0,3.0,4.0,0.75,2.0,5.0,7.0,3.0,1.0,2.0,0.0,5.0,9.0,7.0
22200774,1610612750,MIN,Minnesota,203937,Kyle Anderson,Kyle,F,,39:18,4.0,6.0,0.667,0.0,1.0,0.0,1.0,5.0,0.2,3.0,9.0,12.0,4.0,0.0,1.0,0.0,1.0,9.0,17.0
22200774,1610612750,MIN,Minnesota,1629675,Naz Reid,Naz,C,,35:20,10.0,22.0,0.455,2.0,8.0,0.25,2.0,4.0,0.5,1.0,12.0,13.0,4.0,1.0,1.0,1.0,4.0,24.0,5.0
22200774,1610612750,MIN,Minnesota,1630162,Anthony Edwards,Anthony,G,,39:11,10.0,26.0,0.385,2.0,11.0,0.182,5.0,6.0,0.833,0.0,6.0,6.0,5.0,2.0,1.0,6.0,1.0,27.0,-9.0
22200774,1610612750,MIN,Minnesota,1626156,D'Angelo Russell,D'Angelo,G,,34:41,11.0,23.0,0.478,7.0,17.0,0.412,0.0,0.0,0.0,0.0,2.0,2.0,2.0,0.0,0.0,3.0,6.0,29.0,3.0
22200774,1610612750,MIN,Minnesota,1627752,Taurean Prince,Taurean,,,20:54,2.0,7.0,0.286,1.0,6.0,0.167,0.0,0.0,0.0,1.0,2.0,3.0,1.0,0.0,1.0,1.0,2.0,5.0,0.0
22200774,1610612750,MIN,Minnesota,203085,Austin Rivers,Austin,,,27:32,3.0,6.0,0.5,2.0,3.0,0.667,2.0,2.0,1.0,1.0,3.0,4.0,5.0,1.0,1.0,0.0,2.0,10.0,15.0
22200774,1610612750,MIN,Minnesota,1630568,Luka Garza,Luka,,,13:12,0.0,3.0,0.0,0.0,2.0,0.0,0.0,2.0,0.0,1.0,2.0,3.0,2.0,0.0,0.0,0.0,0.0,0.0,-2.0
22200774,1610612750,MIN,Minnesota,1629669,Jaylen Nowell,Jaylen,,,16:31,3.0,5.0,0.6,0.0,0.0,0.0,0.0,1.0,0.0,1.0,2.0,3.0,0.0,0.0,0.0,0.0,2.0,6.0,-11.0
22200774,1610612750,MIN,Minnesota,203497,Rudy Gobert,Rudy,,DND - Injury/Illness,,,,,,,,,,,,,,,,,,,,
22200774,1610612750,MIN,Minnesota,1630233,Nathan Knight,Nathan,,DNP - Coach's Decision,,,,,,,,,,,,,,,,,,,,
22200774,1610612750,MIN,Minnesota,1631169,Josh Minott,Josh,,DNP - Coach's Decision,,,,,,,,,,,,,,,,,,,,
22200774,1610612750,MIN,Minnesota,1631111,Wendell Moore Jr.,Wendell,,DNP - Coach's Decision,,,,,,,,,,,,,,,,,,,,
22200774,1610612750,MIN,Minnesota,1630346,Matt Ryan,Matt,,DNP - Coach's Decision,,,,,,,,,,,,,,,,,,,,
22200777,1610612737,ATL,Atlanta,1629631,De'Andre Hunter,De'Andre,F,,25:12,6.0,9.0,0.667,1.0,2.0,0.5,2.0,2.0,1.0,1.0,4.0,5.0,1.0,1.0,0.0,0.0,2.0,15.0,23.0
22200777,1610612737,ATL,Atlanta,1628381,John Collins,John,F,,24:16,4.0,8.0,0.5,1.0,4.0,0.25,0.0,0.0,0.0,0.0,2.0,2.0,0.0,0.0,3.0,1.0,3.0,9.0,21.0
22200777,1610612737,ATL,Atlanta,203991,Clint Capela,Clint,C,,22:22,4.0,9.0,0.444,0.0,0.0,0.0,1.0,1.0,1.0,3.0,7.0,10.0,1.0,1.0,0.0,0.0,1.0,9.0,17.0
22200777,1610612737,ATL,Atlanta,1627749,Dejounte Murray,Dejounte,G,,29:38,8.0,13.0,0.615,4.0,7.0,0.571,1.0,3.0,0.333,0.0,6.0,6.0,8.0,0.0,0.0,1.0,3.0,21.0,40.0
22200777,1610612737,ATL,Atlanta,1629027,Trae Young,Trae,G,,27:10,8.0,17.0,0.471,3.0,3.0,1.0,1.0,1.0,1.0,0.0,1.0,1.0,12.0,1.0,0.0,4.0,1.0,20.0,21.0
22200777,1610612737,ATL,Atlanta,203992,Bogdan Bogdanović,Bogdan,,,24:46,6.0,10.0,0.6,4.0,7.0,0.571,2.0,2.0,1.0,0.0,2.0,2.0,3.0,0.0,0.0,2.0,3.0,18.0,21.0
22200777,1610612737,ATL,Atlanta,1630552,Jalen Johnson,Jalen,,,16:30,2.0,4.0,0.5,2.0,3.0,0.667,0.0,0.0,0.0,0.0,11.0,11.0,1.0,0.0,0.0,1.0,1.0,6.0,20.0
22200777,1610612737,ATL,Atlanta,1630168,Onyeka Okongwu,Onyeka,,,19:57,7.0,7.0,1.0,1.0,1.0,1.0,2.0,2.0,1.0,2.0,2.0,4.0,0.0,1.0,2.0,2.0,4.0,17.0,24.0
22200777,1610612737,ATL,Atlanta,1631100,AJ Griffin,AJ,,,18:40,2.0,3.0,0.667,1.0,1.0,1.0,0.0,0.0,0.0,0.0,2.0,2.0,2.0,1.0,0.0,1.0,2.0,5.0,18.0
22200777,1610612737,ATL,Atlanta,1628988,Aaron Holiday,Aaron,,,7:13,2.0,3.0,0.667,1.0,2.0,0.5,0.0,0.0,0.0,0.0,1.0,1.0,1.0,0.0,0.0,0.0,0.0,5.0,-9.0
22200777,1610612737,ATL,Atlanta,1630235,Trent Forrest,Trent,,,7:13,0.0,2.0,0.0,0.0,0.0,0.0,0.0,0.0,0.0,0.0,0.0,0.0,0.0,0.0,0.0,0.0,0.0,0.0,-9.0
22200777,1610612737,ATL,Atlanta,1630249,Vít Krejčí,Vít,,,5:41,0.0,1.0,0.0,0.0,1.0,0.0,0.0,0.0,0.0,0.0,1.0,1.0,1.0,1.0,0.0,0.0,1.0,0.0,-9.0
22200777,1610612737,ATL,Atlanta,203200,Justin Holiday,Justin,,,5:41,2.0,3.0,0.667,1.0,2.0,0.5,0.0,0.0,0.0,0.0,0.0,0.0,1.0,0.0,0.0,0.0,1.0,5.0,-9.0
22200777,1610612737,ATL,Atlanta,1626163,Frank Kaminsky,Frank,,,5:41,1.0,2.0,0.5,0.0,0.0,0.0,0.0,0.0,0.0,0.0,0.0,0.0,1.0,0.0,0.0,0.0,2.0,2.0,-9.0
22200777,1610612756,PHX,Phoenix,1629661,Cameron Johnson,Cameron,F,,15:20,2.0,7.0,0.286,1.0,3.0,0.333,1.0,1.0,1.0,0.0,1.0,1.0,0.0,0.0,0.0,2.0,2.0,6.0,-31.0
22200777,1610612756,PHX,Phoenix,1628470,Torrey Craig,Torrey,F,,22:56,3.0,5.0,0.6,1.0,3.0,0.333,0.0,0.0,0.0,4.0,4.0,8.0,1.0,2.0,1.0,3.0,2.0,7.0,-19.0
22200777,1610612756,PHX,Phoenix,1629028,Deandre Ayton,Deandre,C,,26:32,9.0,12.0,0.75,0.0,0.0,0.0,2.0,3.0,0.667,1.0,8.0,9.0,0.0,0.0,0.0,0.0,0.0,20.0,-26.0
22200777,1610612756,PHX,Phoenix,1628969,Mikal Bridges,Mikal,G,,29:59,6.0,18.0,0.333,1.0,7.0,0.143,10.0,10.0,1.0,1.0,4.0,5.0,7.0,0.0,0.0,2.0,1.0,23.0,-18.0
22200777,1610612756,PHX,Phoenix,101108,Chris Paul,Chris,G,,26:31,1.0,6.0,0.167,0.0,3.0,0.0,1.0,2.0,0.5,0.0,2.0,2.0,3.0,0.0,1.0,2.0,2.0,3.0,-26.0
22200777,1610612756,PHX,Phoenix,203967,Dario Šarić,Dario,,,21:32,4.0,7.0,0.571,0.0,2.0,0.0,3.0,4.0,0.75,0.0,5.0,5.0,3.0,1.0,1.0,2.0,0.0,11.0,4.0
22200777,1610612756,PHX,Phoenix,1627814,Damion Lee,Damion,,,20:51,3.0,11.0,0.273,0.0,4.0,0.0,4.0,4.0,1.0,0.0,2.0,2.0,0.0,0.0,0.0,1.0,0.0,10.0,-19.0
22200777,1610612756,PHX,Phoenix,1630240,Saben Lee,Saben,,,21:29,2.0,6.0,0.333,0.0,0.0,0.0,2.0,2.0,1.0,1.0,2.0,3.0,3.0,3.0,0.0,1.0,1.0,6.0,-6.0
22200777,1610612756,PHX,Phoenix,202687,Bismack Biyombo,Bismack,,,10:00,1.0,1.0,1.0,0.0,0.0,0.0,0.0,0.0,0.0,0.0,0.0,0.0,2.0,0.0,0.0,1.0,0.0,2.0,-9.0
22200777,1610612756,PHX,Phoenix,1629006,Josh Okogie,Josh,,,15:22,0.0,4.0,0.0,0.0,2.0,0.0,2.0,4.0,0.5,2.0,0.0,2.0,3.0,1.0,1.0,0.0,2.0,2.0,-10.0
22200777,1610612756,PHX,Phoenix,1630688,Ish Wainright,Ish,,,18:57,1.0,3.0,0.333,1.0,2.0,0.5,1.0,1.0,1.0,1.0,1.0,2.0,0.0,1.0,0.0,1.0,2.0,4.0,-6.0
22200777,1610612756,PHX,Phoenix,1629111,Jock Landale,Jock,,,10:31,3.0,6.0,0.5,0.0,2.0,0.0,0.0,0.0,0.0,2.0,3.0,5.0,0.0,0.0,0.0,1.0,1.0,6.0,6.0
22200771,1610612757,POR,Portland,1628404,Josh Hart,Josh,F,,31:50,0.0,4.0,0.0,0.0,2.0,0.0,0.0,0.0,0.0,0.0,2.0,2.0,2.0,0.0,0.0,1.0,2.0,0.0,1.0
22200771,1610612757,POR,Portland,203924,Jerami Grant,Jerami,F,,19:52,6.0,12.0,0.5,1.0,3.0,0.333,5.0,5.0,1.0,0.0,3.0,3.0,1.0,0.0,1.0,0.0,0.0,18.0,-8.0
22200771,1610612757,POR,Portland,203994,Jusuf Nurkić,Jusuf,C,,2:29,0.0,1.0,0.0,0.0,1.0,0.0,0.0,0.0,0.0,0.0,1.0,1.0,1.0,0.0,0.0,1.0,1.0,0.0,-5.0
22200771,1610612757,POR,Portland,1629014,Anfernee Simons,Anfernee,G,,32:40,10.0,18.0,0.556,3.0,7.0,0.429,3.0,3.0,1.0,0.0,2.0,2.0,4.0,0.0,0.0,3.0,4.0,26.0,11.0
22200771,1610612757,POR,Portland,203081,Damian Lillard,Damian,G,,39:52,11.0,22.0,0.5,5.0,13.0,0.385,15.0,16.0,0.938,1.0,7.0,8.0,10.0,0.0,1.0,2.0,2.0,42.0,6.0
22200771,1610612757,POR,Portland,1629234,Drew Eubanks,Drew,,,23:48,5.0,7.0,0.714,0.0,0.0,0.0,1.0,1.0,1.0,4.0,7.0,11.0,3.0,1.0,1.0,2.0,5.0,11.0,9.0
22200771,1610612757,POR,Portland,1631101,Shaedon Sharpe,Shaedon,,,19:24,3.0,6.0,0.5,3.0,5.0,0.6,0.0,0.0,0.0,0.0,2.0,2.0,0.0,0.0,0.0,0.0,3.0,9.0,11.0
22200771,1610612757,POR,Portland,1627780,Gary Payton II,Gary,,,28:51,2.0,5.0,0.4,1.0,2.0,0.5,2.0,2.0,1.0,3.0,1.0,4.0,0.0,1.0,1.0,1.0,5.0,7.0,13.0
22200771,1610612757,POR,Portland,1630570,Trendon Watford,Trendon,,,21:43,2.0,6.0,0.333,1.0,1.0,1.0,0.0,0.0,0.0,0.0,3.0,3.0,2.0,0.0,1.0,2.0,0.0,5.0,6.0
22200771,1610612757,POR,Portland,1629642,Nassir Little,Nassir,,,13:30,1.0,3.0,0.333,0.0,2.0,0.0,0.0,0.0,0.0,1.0,3.0,4.0,1.0,1.0,0.0,1.0,0.0,2.0,9.0
22200771,1610612757,POR,Portland,1631133,Jabari Walker,Jabari,,,6:01,1.0,3.0,0.333,0.0,0.0,0.0,0.0,0.0,0.0,0.0,1.0,1.0,0.0,0.0,0.0,0.0,0.0,2.0,-3.0
22200771,1610612757,POR,Portland,1631219,John Butler Jr.,John,,DNP - Coach's Decision,,,,,,,,,,,,,,,,,,,,
22200771,1610612757,POR,Portland,1630553,Keon Johnson,Keon,,DNP - Coach's Decision,,,,,,,,,,,,,,,,,,,,
22200771,1610612763,MEM,Memphis,1628415,Dillon Brooks,Dillon,F,,38:10,4.0,9.0,0.444,1.0,6.0,0.167,0.0,0.0,0.0,0.0,1.0,1.0,2.0,1.0,0.0,0.0,5.0,9.0,-6.0
22200771,1610612763,MEM,Memphis,1628991,Jaren Jackson Jr.,Jaren,F,,33:46,9.0,14.0,0.643,0.0,3.0,0.0,0.0,0.0,0.0,0.0,7.0,7.0,0.0,0.0,6.0,0.0,3.0,18.0,1.0
22200771,1610612763,MEM,Memphis,1630214,Xavier Tillman,Xavier,C,,27:53,1.0,4.0,0.25,0.0,0.0,0.0,2.0,3.0,0.667,4.0,6.0,10.0,5.0,4.0,0.0,2.0,2.0,4.0,12.0
22200771,1610612763,MEM,Memphis,1630217,Desmond Bane,Desmond,G,,25:32,7.0,16.0,0.438,2.0,7.0,0.286,1.0,1.0,1.0,0.0,0.0,0.0,3.0,1.0,1.0,3.0,4.0,17.0,-10.0
22200771,1610612763,MEM,Memphis,1629630,Ja Morant,Ja,G,,34:22,8.0,16.0,0.5,3.0,7.0,0.429,13.0,18.0,0.722,2.0,7.0,9.0,12.0,1.0,0.0,5.0,2.0,32.0,-6.0
22200771,1610612763,MEM,Memphis,1630533,Ziaire Williams,Ziaire,,,18:50,2.0,5.0,0.4,1.0,4.0,0.25,0.0,0.0,0.0,0.0,1.0,1.0,0.0,0.0,0.0,0.0,1.0,5.0,-2.0
22200771,1610612763,MEM,Memphis,1630583,Santi Aldama,Santi,,,17:31,5.0,7.0,0.714,0.0,2.0,0.0,0.0,0.0,0.0,0.0,2.0,2.0,0.0,0.0,0.0,0.0,0.0,10.0,-14.0
22200771,1610612763,MEM,Memphis,1629634,Brandon Clarke,Brandon,,,16:50,3.0,6.0,0.5,0.0,0.0,0.0,2.0,2.0,1.0,5.0,2.0,7.0,2.0,0.0,0.0,0.0,3.0,8.0,-19.0
22200771,1610612763,MEM,Memphis,1626145,Tyus Jones,Tyus,,,17:14,1.0,6.0,0.167,1.0,4.0,0.25,3.0,4.0,0.75,0.0,3.0,3.0,3.0,0.0,0.0,1.0,0.0,6.0,-4.0
22200771,1610612763,MEM,Memphis,201980,Danny Green,Danny,,,9:52,1.0,4.0,0.25,1.0,4.0,0.25,0.0,0.0,0.0,1.0,3.0,4.0,1.0,1.0,0.0,1.0,2.0,3.0,-2.0
22200771,1610612763,MEM,Memphis,1631113,Kennedy Chandler,Kennedy,,DNP - Coach's Decision,,,,,,,,,,,,,,,,,,,,
22200771,1610612763,MEM,Memphis,1631222,Jake LaRavia,Jake,,DNP - Coach's Decision,,,,,,,,,,,,,,,,,,,,
22200771,1610612763,MEM,Memphis,1631254,Kenneth Lofton Jr.,Kenneth,,DNP - Coach's Decision,,,,,,,,,,,,,,,,,,,,
22200771,1610612763,MEM,Memphis,1631223,David Roddy,David,,DNP - Coach's Decision,,,,,,,,,,,,,,,,,,,,
22200772,1610612751,BKN,Brooklyn,203925,Joe Harris,Joe,F,,23:43,4.0,9.0,0.444,4.0,7.0,0.571,0.0,0.0,0.0,0.0,2.0,2.0,2.0,0.0,0.0,0.0,0.0,12.0,-23.0
22200772,1610612751,BKN,Brooklyn,1626220,Royce O'Neale,Royce,F,,26:31,2.0,9.0,0.222,1.0,7.0,0.143,2.0,2.0,1.0,0.0,6.0,6.0,4.0,1.0,0.0,0.0,1.0,7.0,-29.0
22200772,1610612751,BKN,Brooklyn,1629651,Nic Claxton,Nic,C,,26:05,3.0,5.0,0.6,0.0,0.0,0.0,3.0,4.0,0.75,3.0,3.0,6.0,2.0,1.0,0.0,0.0,2.0,9.0,-27.0
22200772,1610612751,BKN,Brooklyn,203552,Seth Curry,Seth,G,,24:39,3.0,9.0,0.333,1.0,5.0,0.2,0.0,0.0,0.0,0.0,0.0,0.0,1.0,1.0,0.0,0.0,2.0,7.0,-24.0
22200772,1610612751,BKN,Brooklyn,202681,Kyrie Irving,Kyrie,G,,31:01,9.0,18.0,0.5,1.0,7.0,0.143,1.0,1.0,1.0,0.0,4.0,4.0,4.0,0.0,1.0,3.0,2.0,20.0,-31.0
22200772,1610612751,BKN,Brooklyn,1630560,Cam Thomas,Cam,,,24:17,7.0,16.0,0.438,1.0,6.0,0.167,4.0,5.0,0.8,0.0,1.0,1.0,2.0,1.0,0.0,0.0,0.0,19.0,-20.0
22200772,1610612751,BKN,Brooklyn,1630549,Day'Ron Sharpe,Day'Ron,,,26:48,4.0,7.0,0.571,0.0,0.0,0.0,1.0,2.0,0.5,2.0,5.0,7.0,0.0,1.0,0.0,1.0,3.0,9.0,-26.0
22200772,1610612751,BKN,Brooklyn,201988,Patty Mills,Patty,,,17:54,2.0,6.0,0.333,0.0,3.0,0.0,0.0,0.0,0.0,0.0,0.0,0.0,2.0,1.0,0.0,0.0,1.0,4.0,-12.0
22200772,1610612751,BKN,Brooklyn,1629139,Yuta Watanabe,Yuta,,,19:27,1.0,4.0,0.25,0.0,2.0,0.0,4.0,4.0,1.0,0.0,1.0,1.0,1.0,1.0,0.0,0.0,1.0,6.0,-12.0
22200772,1610612751,BKN,Brooklyn,1628410,Edmond Sumner,Edmond,,,12:26,1.0,4.0,0.25,1.0,2.0,0.5,0.0,0.0,0.0,0.0,2.0,2.0,0.0,0.0,0.0,0.0,0.0,3.0,-1.0
22200772,1610612751,BKN,Brooklyn,202693,Markieff Morris,Markieff,,,7:09,0.0,1.0,0.0,0.0,0.0,0.0,0.0,0.0,0.0,0.0,3.0,3.0,1.0,1.0,0.0,1.0,0.0,0.0,-10.0
22200772,1610612738,BOS,Boston,1628369,Jayson Tatum,Jayson,F,,29:19,12.0,19.0,0.632,7.0,12.0,0.583,0.0,0.0,0.0,1.0,8.0,9.0,4.0,2.0,1.0,1.0,1.0,31.0,46.0
22200772,1610612738,BOS,Boston,201143,Al Horford,Al,F,,24:38,3.0,6.0,0.5,3.0,4.0,0.75,0.0,0.0,0.0,1.0,4.0,5.0,3.0,0.0,0.0,0.0,1.0,9.0,37.0
22200772,1610612738,BOS,Boston,1629057,Robert Williams III,Robert,C,,19:26,7.0,8.0,0.875,0.0,0.0,0.0,2.0,2.0,1.0,5.0,4.0,9.0,0.0,0.0,1.0,0.0,3.0,16.0,22.0
22200772,1610612738,BOS,Boston,1627759,Jaylen Brown,Jaylen,G,,31:51,8.0,16.0,0.5,7.0,12.0,0.583,3.0,5.0,0.6,0.0,3.0,3.0,3.0,0.0,0.0,2.0,0.0,26.0,35.0
22200772,1610612738,BOS,Boston,1628401,Derrick White,Derrick,G,,31:31,6.0,11.0,0.545,2.0,6.0,0.333,0.0,0.0,0.0,0.0,10.0,10.0,5.0,0.0,0.0,0.0,0.0,14.0,34.0
22200772,1610612738,BOS,Boston,1627763,Malcolm Brogdon,Malcolm,,,21:30,4.0,6.0,0.667,2.0,3.0,0.667,0.0,0.0,0.0,0.0,2.0,2.0,4.0,1.0,0.0,2.0,1.0,10.0,13.0
22200772,1610612738,BOS,Boston,1629684,Grant Williams,Grant,,,17:29,2.0,5.0,0.4,2.0,5.0,0.4,0.0,0.0,0.0,0.0,2.0,2.0,0.0,0.0,1.0,0.0,2.0,6.0,6.0
22200772,1610612738,BOS,Boston,1628436,Luke Kornet,Luke,,,18:48,5.0,6.0,0.833,0.0,0.0,0.0,2.0,3.0,0.667,2.0,2.0,4.0,4.0,1.0,1.0,2.0,2.0,12.0,10.0
22200772,1610612738,BOS,Boston,1630202,Payton Pritchard,Payton,,,16:09,2.0,5.0,0.4,1.0,4.0,0.25,0.0,0.0,0.0,2.0,0.0,2.0,2.0,0.0,0.0,1.0,1.0,5.0,8.0
22200772,1610612738,BOS,Boston,1630573,Sam Hauser,Sam,,,12:00,3.0,7.0,0.429,2.0,6.0,0.333,0.0,0.0,0.0,0.0,5.0,5.0,1.0,0.0,0.0,1.0,1.0,8.0,5.0
22200772,1610612738,BOS,Boston,201933,Blake Griffin,Blake,,,9:10,0.0,1.0,0.0,0.0,1.0,0.0,0.0,0.0,0.0,0.0,3.0,3.0,1.0,0.0,0.0,1.0,1.0,0.0,0.0
22200772,1610612738,BOS,Boston,1628382,Justin Jackson,Justin,,,8:09,1.0,2.0,0.5,0.0,1.0,0.0,0.0,0.0,0.0,0.0,3.0,3.0,1.0,0.0,0.0,0.0,0.0,2.0,-1.0
22200770,1610612753,ORL,Orlando,1630532,Franz Wagner,Franz,F,,36:24,6.0,15.0,0.4,1.0,7.0,0.143,0.0,1.0,0.0,3.0,1.0,4.0,2.0,2.0,0.0,6.0,3.0,13.0,-4.0
22200770,1610612753,ORL,Orlando,1631094,Paolo Banchero,Paolo,F,,35:35,5.0,18.0,0.278,0.0,6.0,0.0,3.0,6.0,0.5,2.0,7.0,9.0,3.0,1.0,1.0,1.0,3.0,13.0,-12.0
22200770,1610612753,ORL,Orlando,1628976,Wendell Carter Jr.,Wendell,C,,32:40,3.0,10.0,0.3,0.0,5.0,0.0,3.0,5.0,0.6,4.0,9.0,13.0,2.0,0.0,0.0,1.0,4.0,9.0,-2.0
22200770,1610612753,ORL,Orlando,203914,Gary Harris,Gary,G,,27:41,3.0,9.0,0.333,3.0,8.0,0.375,2.0,2.0,1.0,0.0,2.0,2.0,0.0,1.0,0.0,0.0,1.0,11.0,0.0
22200770,1610612753,ORL,Orlando,1628365,Markelle Fultz,Markelle,G,,33:26,7.0,11.0,0.636,0.0,1.0,0.0,4.0,4.0,1.0,1.0,2.0,3.0,2.0,0.0,0.0,3.0,2.0,18.0,-8.0
22200770,1610612753,ORL,Orlando,1630591,Jalen Suggs,Jalen,,,26:15,4.0,9.0,0.444,2.0,4.0,0.5,1.0,1.0,1.0,0.0,4.0,4.0,3.0,5.0,0.0,1.0,3.0,11.0,-6.0
22200770,1610612753,ORL,Orlando,1630175,Cole Anthony,Cole,,,18:05,2.0,7.0,0.286,0.0,2.0,0.0,7.0,7.0,1.0,0.0,4.0,4.0,0.0,1.0,1.0,0.0,1.0,11.0,-11.0
22200770,1610612753,ORL,Orlando,1629021,Moritz Wagner,Moritz,,,15:20,2.0,5.0,0.4,0.0,3.0,0.0,2.0,3.0,0.667,1.0,1.0,2.0,0.0,0.0,0.0,1.0,3.0,6.0,-9.0
22200770,1610612753,ORL,Orlando,1629626,Bol Bol,Bol,,,14:34,1.0,3.0,0.333,0.0,2.0,0.0,0.0,0.0,0.0,1.0,4.0,5.0,0.0,0.0,2.0,1.0,1.0,2.0,-3.0
22200770,1610612753,ORL,Orlando,1628964,Mo Bamba,Mo,,DNP - Coach's Decision,,,,,,,,,,,,,,,,,,,,
22200770,1610612753,ORL,Orlando,1630181,R.J. Hampton,R.J.,,DNP - Coach's Decision,,,,,,,,,,,,,,,,,,,,
22200770,1610612753,ORL,Orlando,1631216,Caleb Houstan,Caleb,,DNP - Coach's Decision,,,,,,,,,,,,,,,,,,,,
22200770,1610612753,ORL,Orlando,203082,Terrence Ross,Terrence,,DNP - Coach's Decision,,,,,,,,,,,,,,,,,,,,
22200770,1610612755,PHI,Philadelphia,202699,Tobias Harris,Tobias,F,,37:24,7.0,10.0,0.7,2.0,4.0,0.5,0.0,0.0,0.0,0.0,5.0,5.0,5.0,0.0,2.0,2.0,3.0,16.0,3.0
22200770,1610612755,PHI,Philadelphia,200782,P.J. Tucker,P.J.,F,,12:54,1.0,2.0,0.5,1.0,2.0,0.5,0.0,0.0,0.0,0.0,1.0,1.0,0.0,1.0,0.0,0.0,4.0,3.0,2.0
22200770,1610612755,PHI,Philadelphia,203954,Joel Embiid,Joel,C,,34:50,9.0,17.0,0.529,0.0,1.0,0.0,10.0,10.0,1.0,3.0,8.0,11.0,3.0,0.0,1.0,2.0,2.0,28.0,17.0
22200770,1610612755,PHI,Philadelphia,1629001,De'Anthony Melton,De'Anthony,G,,20:06,1.0,7.0,0.143,1.0,4.0,0.25,0.0,0.0,0.0,2.0,1.0,3.0,0.0,0.0,0.0,2.0,2.0,3.0,-3.0
22200770,1610612755,PHI,Philadelphia,201935,James Harden,James,G,,37:34,7.0,13.0,0.538,6.0,10.0,0.6,6.0,7.0,0.857,1.0,8.0,9.0,10.0,1.0,0.0,7.0,2.0,26.0,7.0
22200770,1610612755,PHI,Philadelphia,1630178,Tyrese Maxey,Tyrese,,,31:27,2.0,11.0,0.182,1.0,5.0,0.2,5.0,6.0,0.833,0.0,1.0,1.0,2.0,1.0,0.0,1.0,2.0,10.0,9.0
22200770,1610612755,PHI,Philadelphia,1627777,Georges Niang,Georges,,,29:05,3.0,9.0,0.333,1.0,6.0,0.167,0.0,1.0,0.0,0.0,3.0,3.0,4.0,3.0,0.0,0.0,3.0,7.0,17.0
22200770,1610612755,PHI,Philadelphia,1629003,Shake Milton,Shake,,,14:00,3.0,7.0,0.429,2.0,3.0,0.667,0.0,0.0,0.0,0.0,3.0,3.0,2.0,0.0,0.0,2.0,2.0,8.0,2.0
22200770,1610612755,PHI,Philadelphia,1629680,Matisse Thybulle,Matisse,,,9:30,0.0,0.0,0.0,0.0,0.0,0.0,2.0,2.0,1.0,0.0,2.0,2.0,0.0,0.0,0.0,0.0,0.0,2.0,7.0
22200770,1610612755,PHI,Philadelphia,1626149,Montrezl Harrell,Montrezl,,,10:15,1.0,2.0,0.5,0.0,0.0,0.0,0.0,0.0,0.0,1.0,3.0,4.0,1.0,1.0,1.0,1.0,3.0,2.0,-3.0
22200770,1610612755,PHI,Philadelphia,1630194,Paul Reed,Paul,,,2:55,0.0,0.0,0.0,0.0,0.0,0.0,0.0,0.0,0.0,0.0,1.0,1.0,0.0,0.0,0.0,1.0,1.0,0.0,-3.0
22200770,1610612755,PHI,Philadelphia,1627863,Danuel House Jr.,Danuel,,DNP - Coach's Decision,,,,,,,,,,,,,,,,,,,,
22200770,1610612755,PHI,Philadelphia,1627788,Furkan Korkmaz,Furkan,,DNP - Coach's Decision,,,,,,,,,,,,,,,,,,,,
22200770,1610612755,PHI,Philadelphia,1630531,Jaden Springer,Jaden,,NWT - Not With Team,,,,,,,,,,,,,,,,,,,,
22200776,1610612761,TOR,Toronto,1630567,Scottie Barnes,Scottie,F,,41:21,7.0,23.0,0.304,2.0,6.0,0.333,2.0,2.0,1.0,9.0,5.0,14.0,3.0,1.0,0.0,1.0,4.0,18.0,-2.0
22200776,1610612761,TOR,Toronto,1627783,Pascal Siakam,Pascal,F,,39:28,9.0,22.0,0.409,0.0,0.0,0.0,3.0,6.0,0.5,5.0,5.0,10.0,5.0,0.0,0.0,3.0,6.0,21.0,-8.0
22200776,1610612761,TOR,Toronto,1630173,Precious Achiuwa,Precious,C,,25:25,6.0,8.0,0.75,0.0,0.0,0.0,1.0,4.0,0.25,5.0,1.0,6.0,1.0,1.0,1.0,0.0,4.0,13.0,3.0
22200776,1610612761,TOR,Toronto,1629018,Gary Trent Jr.,Gary,G,,37:54,6.0,14.0,0.429,3.0,4.0,0.75,5.0,5.0,1.0,0.0,2.0,2.0,3.0,3.0,0.0,0.0,2.0,20.0,0.0
22200776,1610612761,TOR,Toronto,1627832,Fred VanVleet,Fred,G,,37:47,12.0,25.0,0.48,4.0,9.0,0.444,6.0,6.0,1.0,2.0,10.0,12.0,10.0,1.0,1.0,3.0,1.0,34.0,2.0
22200776,1610612761,TOR,Toronto,1631132,Christian Koloko,Christian,,,8:54,1.0,4.0,0.25,0.0,0.0,0.0,0.0,0.0,0.0,2.0,0.0,2.0,0.0,1.0,0.0,0.0,1.0,2.0,-1.0
22200776,1610612761,TOR,Toronto,1628449,Chris Boucher,Chris,,,20:14,7.0,9.0,0.778,1.0,2.0,0.5,1.0,3.0,0.333,2.0,3.0,5.0,0.0,0.0,0.0,0.0,2.0,16.0,-3.0
22200776,1610612761,TOR,Toronto,201152,Thaddeus Young,Thaddeus,,,13:41,1.0,2.0,0.5,0.0,0.0,0.0,0.0,0.0,0.0,0.0,0.0,0.0,2.0,3.0,0.0,0.0,1.0,2.0,-5.0
22200776,1610612761,TOR,Toronto,1630201,Malachi Flynn,Malachi,,,6:25,1.0,2.0,0.5,0.0,1.0,0.0,0.0,0.0,0.0,0.0,0.0,0.0,2.0,1.0,0.0,0.0,0.0,2.0,-4.0
22200776,1610612761,TOR,Toronto,1630625,Dalano Banton,Dalano,,,8:51,0.0,1.0,0.0,0.0,1.0,0.0,0.0,0.0,0.0,0.0,1.0,1.0,1.0,0.0,0.0,0.0,1.0,0.0,3.0
22200776,1610612761,TOR,Toronto,203920,Khem Birch,Khem,,DNP - Coach's Decision,,,,,,,,,,,,,,,,,,,,
22200776,1610612761,TOR,Toronto,1627823,Juancho Hernangomez,Juancho,,DNP - Coach's Decision,,,,,,,,,,,,,,,,,,,,
22200776,1610612762,UTA,Utah,1628374,Lauri Markkanen,Lauri,F,,35:33,7.0,13.0,0.538,4.0,9.0,0.444,10.0,10.0,1.0,2.0,11.0,13.0,1.0,1.0,1.0,4.0,3.0,28.0,-1.0
22200776,1610612762,UTA,Utah,203482,Kelly Olynyk,Kelly,F,,19:34,1.0,5.0,0.2,0.0,3.0,0.0,0.0,0.0,0.0,0.0,4.0,4.0,4.0,0.0,1.0,2.0,1.0,2.0,8.0
22200776,1610612762,UTA,Utah,1631117,Walker Kessler,Walker,C,,29:53,8.0,10.0,0.8,0.0,0.0,0.0,1.0,3.0,0.333,7.0,7.0,14.0,1.0,1.0,7.0,1.0,3.0,17.0,4.0
22200776,1610612762,UTA,Utah,203903,Jordan Clarkson,Jordan,G,,32:11,8.0,17.0,0.471,5.0,12.0,0.417,2.0,2.0,1.0,0.0,2.0,2.0,5.0,0.0,0.0,2.0,1.0,23.0,-3.0
22200776,1610612762,UTA,Utah,201144,Mike Conley,Mike,G,,31:05,5.0,8.0,0.625,0.0,3.0,0.0,9.0,9.0,1.0,0.0,3.0,3.0,8.0,0.0,2.0,3.0,2.0,19.0,1.0
22200776,1610612762,UTA,Utah,1629012,Collin Sexton,Collin,,,19:42,4.0,7.0,0.571,2.0,4.0,0.5,2.0,2.0,1.0,2.0,1.0,3.0,4.0,0.0,0.0,3.0,1.0,12.0,5.0
22200776,1610612762,UTA,Utah,200752,Rudy Gay,Rudy,,,10:43,1.0,2.0,0.5,0.0,1.0,0.0,2.0,2.0,1.0,0.0,1.0,1.0,3.0,0.0,0.0,0.0,1.0,4.0,3.0
22200776,1610612762,UTA,Utah,1627736,Malik Beasley,Malik,,,26:38,5.0,14.0,0.357,4.0,11.0,0.364,0.0,0.0,0.0,0.0,3.0,3.0,2.0,0.0,0.0,1.0,2.0,14.0,5.0
22200776,1610612762,UTA,Utah,1629020,Jarred Vanderbilt,Jarred,,,18:01,3.0,4.0,0.75,0.0,1.0,0.0,0.0,2.0,0.0,0.0,4.0,4.0,1.0,0.0,0.0,0.0,3.0,6.0,-1.0
22200776,1610612762,UTA,Utah,1630534,Ochai Agbaji,Ochai,,,16:40,2.0,3.0,0.667,2.0,3.0,0.667,0.0,0.0,0.0,2.0,0.0,2.0,0.0,1.0,0.0,0.0,0.0,6.0,-6.0
22200776,1610612762,UTA,Utah,1629638,Nickeil Alexander-Walker,Nickeil,,DNP - Coach's Decision,,,,,,,,,,,,,,,,,,,,
22200776,1610612762,UTA,Utah,1628962,Udoka Azubuike,Udoka,,DNP - Coach's Decision,,,,,,,,,,,,,,,,,,,,
22200776,1610612762,UTA,Utah,1630195,Leandro Bolmaro,Leandro,,DNP - Coach's Decision,,,,,,,,,,,,,,,,,,,,
22200776,1610612762,UTA,Utah,1629659,Talen Horton-Tucker,Talen,,DNP - Coach's Decision,,,,,,,,,,,,,,,,,,,,
22200923,1610612764,WAS,Washington,1630166,Deni Avdija,Deni,F,,31:08,2.0,9.0,0.222,0.0,1.0,0.0,0.0,0.0,0.0,4.0,9.0,13.0,0.0,1.0,0.0,0.0,1.0,4.0,2.0
22200923,1610612764,WAS,Washington,1628398,Kyle Kuzma,Kyle,F,,36:42,10.0,26.0,0.385,2.0,7.0,0.286,6.0,7.0,0.857,1.0,2.0,3.0,1.0,1.0,1.0,2.0,2.0,28.0,5.0
22200923,1610612764,WAS,Washington,1629655,Daniel Gafford,Daniel,C,,34:18,5.0,6.0,0.833,0.0,0.0,0.0,3.0,4.0,0.75,4.0,8.0,12.0,2.0,1.0,3.0,2.0,2.0,13.0,4.0
22200923,1610612764,WAS,Washington,203078,Bradley Beal,Bradley,G,,35:01,17.0,30.0,0.567,1.0,4.0,0.25,2.0,2.0,1.0,0.0,3.0,3.0,7.0,1.0,0.0,2.0,2.0,37.0,3.0
22200923,1610612764,WAS,Washington,1626153,Delon Wright,Delon,G,,30:44,3.0,4.0,0.75,0.0,0.0,0.0,3.0,3.0,1.0,3.0,0.0,3.0,4.0,0.0,1.0,0.0,3.0,9.0,0.0
22200923,1610612764,WAS,Washington,1630557,Corey Kispert,Corey,,,24:54,3.0,7.0,0.429,3.0,5.0,0.6,0.0,0.0,0.0,1.0,5.0,6.0,0.0,0.0,0.0,0.0,1.0,9.0,-1.0
22200923,1610612764,WAS,Washington,201959,Taj Gibson,Taj,,,13:33,2.0,4.0,0.5,0.0,2.0,0.0,1.0,2.0,0.5,1.0,4.0,5.0,0.0,0.0,0.0,1.0,0.0,5.0,-1.0
22200923,1610612764,WAS,Washington,1630692,Jordan Goodwin,Jordan,,,18:29,2.0,3.0,0.667,0.0,0.0,0.0,2.0,2.0,1.0,1.0,0.0,1.0,4.0,2.0,0.0,0.0,2.0,6.0,5.0
22200923,1610612764,WAS,Washington,1629134,Kendrick Nunn,Kendrick,,,15:11,4.0,8.0,0.5,0.0,2.0,0.0,0.0,0.0,0.0,1.0,1.0,2.0,1.0,0.0,0.0,1.0,2.0,8.0,-2.0
22200923,1610612764,WAS,Washington,1630264,Anthony Gill,Anthony,,DNP - Coach's Decision,,,,,,,,,,,,,,,,,,,,
22200923,1610612764,WAS,Washington,1628420,Monté Morris,Monté,,DND - Injury/Illness,,,,,,,,,,,,,,,,,,,,
22200923,1610612737,ATL,Atlanta,1629631,De'Andre Hunter,De'Andre,F,,33:14,6.0,11.0,0.545,2.0,5.0,0.4,0.0,0.0,0.0,0.0,3.0,3.0,0.0,0.0,2.0,0.0,3.0,14.0,-1.0
22200923,1610612737,ATL,Atlanta,1628381,John Collins,John,F,,26:16,3.0,6.0,0.5,0.0,2.0,0.0,4.0,4.0,1.0,1.0,3.0,4.0,0.0,0.0,0.0,1.0,0.0,10.0,2.0
22200923,1610612737,ATL,Atlanta,203991,Clint Capela,Clint,C,,35:14,6.0,8.0,0.75,0.0,0.0,0.0,1.0,2.0,0.5,6.0,9.0,15.0,3.0,2.0,3.0,0.0,2.0,13.0,2.0
22200923,1610612737,ATL,Atlanta,1627749,Dejounte Murray,Dejounte,G,,35:02,7.0,18.0,0.389,1.0,6.0,0.167,0.0,0.0,0.0,1.0,1.0,2.0,5.0,0.0,0.0,1.0,1.0,15.0,3.0
22200923,1610612737,ATL,Atlanta,1629027,Trae Young,Trae,G,,34:10,11.0,26.0,0.423,2.0,6.0,0.333,7.0,8.0,0.875,1.0,1.0,2.0,7.0,0.0,1.0,4.0,2.0,31.0,-8.0
22200923,1610612737,ATL,Atlanta,1630168,Onyeka Okongwu,Onyeka,,,12:47,1.0,4.0,0.25,0.0,0.0,0.0,1.0,1.0,1.0,3.0,3.0,6.0,1.0,1.0,1.0,1.0,5.0,3.0,-5.0
22200923,1610612737,ATL,Atlanta,203992,Bogdan Bogdanović,Bogdan,,,19:31,4.0,7.0,0.571,4.0,5.0,0.8,4.0,4.0,1.0,0.0,2.0,2.0,2.0,0.0,0.0,2.0,0.0,16.0,-2.0
22200923,1610612737,ATL,Atlanta,1630180,Saddiq Bey,Saddiq,,,27:19,4.0,9.0,0.444,4.0,8.0,0.5,0.0,0.0,0.0,1.0,5.0,6.0,1.0,1.0,0.0,0.0,1.0,12.0,-6.0
22200923,1610612737,ATL,Atlanta,1631100,AJ Griffin,AJ,,,16:27,1.0,4.0,0.25,0.0,3.0,0.0,0.0,0.0,0.0,0.0,2.0,2.0,2.0,0.0,0.0,0.0,3.0,2.0,0.0
22200923,1610612737,ATL,Atlanta,1628981,Bruno Fernando,Bruno,,DNP - Coach's Decision,,,,,,,,,,,,,,,,,,,,
22200923,1610612737,ATL,Atlanta,1628988,Aaron Holiday,Aaron,,DNP - Coach's Decision,,,,,,,,,,,,,,,,,,,,
22200923,1610612737,ATL,Atlanta,1630552,Jalen Johnson,Jalen,,DNP - Coach's Decision,,,,,,,,,,,,,,,,,,,,
22200923,1610612737,ATL,Atlanta,1630249,Vít Krejčí,Vít,,DNP - Coach's Decision,,,,,,,,,,,,,,,,,,,,
22200923,1610612737,ATL,Atlanta,1631213,Tyrese Martin,Tyrese,,DNP - Coach's Decision,,,,,,,,,,,,,,,,,,,,
22200923,1610612737,ATL,Atlanta,1629726,Garrison Mathews,Garrison,,DNP - Coach's Decision,,,,,,,,,,,,,,,,,,,,
22200924,1610612749,MIL,Milwaukee,1626192,Pat Connaughton,Pat,F,,22:27,2.0,6.0,0.333,1.0,4.0,0.25,0.0,0.0,0.0,0.0,4.0,4.0,3.0,0.0,0.0,0.0,3.0,5.0,12.0
22200924,1610612749,MIL,Milwaukee,203507,Giannis Antetokounmpo,Giannis,F,,28:28,15.0,27.0,0.556,1.0,2.0,0.5,2.0,6.0,0.333,3.0,12.0,15.0,4.0,1.0,0.0,5.0,4.0,33.0,11.0
22200924,1610612749,MIL,Milwaukee,201572,Brook Lopez,Brook,C,,28:22,6.0,13.0,0.462,1.0,4.0,0.25,0.0,0.0,0.0,4.0,6.0,10.0,1.0,0.0,2.0,1.0,2.0,13.0,-6.0
22200924,1610612749,MIL,Milwaukee,1628960,Grayson Allen,Grayson,G,,26:42,3.0,6.0,0.5,1.0,4.0,0.25,0.0,1.0,0.0,1.0,1.0,2.0,2.0,2.0,0.0,1.0,2.0,7.0,3.0
22200924,1610612749,MIL,Milwaukee,201950,Jrue Holiday,Jrue,G,,30:16,7.0,12.0,0.583,0.0,2.0,0.0,0.0,0.0,0.0,0.0,3.0,3.0,8.0,0.0,0.0,4.0,1.0,14.0,1.0
22200924,1610612749,MIL,Milwaukee,204060,Joe Ingles,Joe,,,19:04,2.0,5.0,0.4,2.0,4.0,0.5,0.0,0.0,0.0,0.0,4.0,4.0,3.0,2.0,1.0,1.0,3.0,6.0,1.0
22200924,1610612749,MIL,Milwaukee,1626171,Bobby Portis,Bobby,,,15:43,2.0,7.0,0.286,1.0,2.0,0.5,1.0,3.0,0.333,1.0,5.0,6.0,1.0,1.0,0.0,0.0,1.0,6.0,0.0
22200924,1610612749,MIL,Milwaukee,203114,Khris Middleton,Khris,,,22:36,7.0,13.0,0.538,3.0,7.0,0.429,1.0,2.0,0.5,0.0,4.0,4.0,6.0,2.0,0.0,3.0,1.0,18.0,15.0
22200924,1610612749,MIL,Milwaukee,203109,Jae Crowder,Jae,,,15:34,1.0,2.0,0.5,0.0,1.0,0.0,0.0,0.0,0.0,0.0,2.0,2.0,2.0,1.0,0.0,0.0,1.0,2.0,13.0
22200924,1610612749,MIL,Milwaukee,1628975,Jevon Carter,Jevon,,,19:39,4.0,6.0,0.667,3.0,4.0,0.75,0.0,0.0,0.0,1.0,1.0,2.0,0.0,1.0,0.0,1.0,2.0,11.0,18.0
22200924,1610612749,MIL,Milwaukee,1630699,MarJon Beauchamp,MarJon,,,3:36,0.0,2.0,0.0,0.0,1.0,0.0,0.0,0.0,0.0,0.0,0.0,0.0,0.0,0.0,0.0,1.0,0.0,0.0,-1.0
22200924,1610612749,MIL,Milwaukee,1631260,AJ Green,AJ,,,3:19,0.0,1.0,0.0,0.0,0.0,0.0,0.0,0.0,0.0,1.0,1.0,2.0,2.0,0.0,0.0,0.0,0.0,0.0,-1.0
22200924,1610612749,MIL,Milwaukee,203086,Meyers Leonard,Meyers,,,2:07,1.0,2.0,0.5,1.0,2.0,0.5,0.0,0.0,0.0,0.0,1.0,1.0,0.0,0.0,0.0,0.0,1.0,3.0,2.0
22200924,1610612749,MIL,Milwaukee,203648,Thanasis Antetokounmpo,Thanasis,,,2:07,0.0,0.0,0.0,0.0,0.0,0.0,0.0,0.0,0.0,0.0,0.0,0.0,0.0,0.0,0.0,0.0,0.0,0.0,2.0
22200924,1610612751,BKN,Brooklyn,1629661,Cameron Johnson,Cameron,F,,29:29,6.0,12.0,0.5,2.0,5.0,0.4,5.0,6.0,0.833,0.0,7.0,7.0,1.0,4.0,0.0,4.0,2.0,19.0,1.0
22200924,1610612751,BKN,Brooklyn,1627827,Dorian Finney-Smith,Dorian,F,,29:30,2.0,7.0,0.286,0.0,5.0,0.0,1.0,1.0,1.0,0.0,2.0,2.0,2.0,1.0,1.0,2.0,4.0,5.0,-17.0
22200924,1610612751,BKN,Brooklyn,1629651,Nic Claxton,Nic,C,,30:50,4.0,6.0,0.667,0.0,0.0,0.0,1.0,2.0,0.5,1.0,6.0,7.0,4.0,3.0,3.0,1.0,1.0,9.0,0.0
22200924,1610612751,BKN,Brooklyn,1628969,Mikal Bridges,Mikal,G,,36:39,11.0,19.0,0.579,3.0,7.0,0.429,6.0,7.0,0.857,1.0,1.0,2.0,5.0,2.0,0.0,2.0,1.0,31.0,-4.0
22200924,1610612751,BKN,Brooklyn,203915,Spencer Dinwiddie,Spencer,G,,34:32,9.0,17.0,0.529,5.0,10.0,0.5,3.0,4.0,0.75,0.0,6.0,6.0,8.0,1.0,0.0,4.0,2.0,26.0,-4.0
22200924,1610612751,BKN,Brooklyn,1630560,Cam Thomas,Cam,,,22:37,0.0,7.0,0.0,0.0,3.0,0.0,2.0,2.0,1.0,0.0,5.0,5.0,2.0,0.0,0.0,2.0,0.0,2.0,0.0
22200924,1610612751,BKN,Brooklyn,1630549,Day'Ron Sharpe,Day'Ron,,,7:16,1.0,2.0,0.5,0.0,0.0,0.0,0.0,0.0,0.0,1.0,2.0,3.0,0.0,0.0,1.0,1.0,3.0,2.0,-6.0
22200924,1610612751,BKN,Brooklyn,203925,Joe Harris,Joe,,,6:42,0.0,2.0,0.0,0.0,0.0,0.0,0.0,0.0,0.0,0.0,0.0,0.0,0.0,0.0,0.0,0.0,1.0,0.0,-11.0
22200924,1610612751,BKN,Brooklyn,203552,Seth Curry,Seth,,,5:29,0.0,1.0,0.0,0.0,0.0,0.0,0.0,0.0,0.0,0.0,0.0,0.0,0.0,0.0,0.0,0.0,1.0,0.0,-5.0
22200924,1610612751,BKN,Brooklyn,1626220,Royce O'Neale,Royce,,,27:38,1.0,5.0,0.2,1.0,4.0,0.25,1.0,2.0,0.5,0.0,6.0,6.0,1.0,0.0,1.0,1.0,4.0,4.0,-26.0
22200924,1610612751,BKN,Brooklyn,1630561,David Duke Jr.,David,,,4:39,1.0,2.0,0.5,0.0,0.0,0.0,1.0,1.0,1.0,0.0,0.0,0.0,2.0,0.0,0.0,0.0,0.0,3.0,1.0
22200924,1610612751,BKN,Brooklyn,1630696,Dru Smith,Dru,,,4:39,1.0,3.0,0.333,1.0,2.0,0.5,0.0,0.0,0.0,0.0,0.0,0.0,0.0,1.0,0.0,0.0,0.0,3.0,1.0
22200924,1610612751,BKN,Brooklyn,201988,Patty Mills,Patty,,DNP - Coach's Decision,,,,,,,,,,,,,,,,,,,,
22200924,1610612751,BKN,Brooklyn,1629139,Yuta Watanabe,Yuta,,DND - Injury/Illness,,,,,,,,,,,,,,,,,,,,
22200932,1610612750,MIN,Minnesota,1630183,Jaden McDaniels,Jaden,F,,35:14,8.0,12.0,0.667,2.0,5.0,0.4,2.0,2.0,1.0,1.0,5.0,6.0,2.0,1.0,1.0,2.0,1.0,20.0,4.0
22200932,1610612750,MIN,Minnesota,203937,Kyle Anderson,Kyle,F,,25:55,6.0,12.0,0.5,0.0,1.0,0.0,0.0,0.0,0.0,1.0,9.0,10.0,3.0,2.0,0.0,2.0,4.0,12.0,-5.0
22200932,1610612750,MIN,Minnesota,203497,Rudy Gobert,Rudy,C,,29:14,7.0,11.0,0.636,0.0,0.0,0.0,2.0,6.0,0.333,2.0,5.0,7.0,0.0,0.0,2.0,3.0,4.0,16.0,3.0
22200932,1610612750,MIN,Minnesota,1630162,Anthony Edwards,Anthony,G,,36:51,6.0,18.0,0.333,2.0,5.0,0.4,4.0,5.0,0.8,1.0,3.0,4.0,3.0,3.0,2.0,4.0,2.0,18.0,8.0
22200932,1610612750,MIN,Minnesota,201144,Mike Conley,Mike,G,,29:14,2.0,8.0,0.25,2.0,5.0,0.4,0.0,0.0,0.0,1.0,4.0,5.0,7.0,3.0,0.0,1.0,0.0,6.0,3.0
22200932,1610612750,MIN,Minnesota,1627752,Taurean Prince,Taurean,,,23:11,4.0,11.0,0.364,1.0,3.0,0.333,1.0,2.0,0.5,1.0,0.0,1.0,0.0,1.0,0.0,0.0,3.0,10.0,3.0
22200932,1610612750,MIN,Minnesota,1629675,Naz Reid,Naz,,,18:46,4.0,6.0,0.667,0.0,1.0,0.0,4.0,7.0,0.571,3.0,5.0,8.0,2.0,1.0,0.0,4.0,5.0,12.0,4.0
22200932,1610612750,MIN,Minnesota,1629162,Jordan McLaughlin,Jordan,,,18:46,4.0,6.0,0.667,1.0,3.0,0.333,0.0,0.0,0.0,0.0,3.0,3.0,1.0,2.0,1.0,1.0,0.0,9.0,4.0
22200932,1610612750,MIN,Minnesota,1629638,Nickeil Alexander-Walker,Nickeil,,,17:03,2.0,5.0,0.4,1.0,3.0,0.333,0.0,0.0,0.0,0.0,1.0,1.0,2.0,1.0,1.0,0.0,1.0,5.0,7.0
22200932,1610612750,MIN,Minnesota,203085,Austin Rivers,Austin,,,5:46,0.0,1.0,0.0,0.0,0.0,0.0,0.0,0.0,0.0,0.0,1.0,1.0,2.0,0.0,1.0,0.0,0.0,0.0,4.0
22200932,1610612750,MIN,Minnesota,1630233,Nathan Knight,Nathan,,DNP - Coach's Decision,,,,,,,,,,,,,,,,,,,,
22200932,1610612746,LAC,LA,202694,Marcus Morris Sr.,Marcus,F,,21:20,0.0,3.0,0.0,0.0,3.0,0.0,2.0,2.0,1.0,0.0,3.0,3.0,0.0,2.0,0.0,2.0,2.0,2.0,0.0
22200932,1610612746,LAC,LA,202695,Kawhi Leonard,Kawhi,F,,38:36,7.0,19.0,0.368,3.0,6.0,0.5,6.0,6.0,1.0,1.0,4.0,5.0,5.0,1.0,0.0,3.0,2.0,23.0,-1.0
22200932,1610612746,LAC,LA,1627826,Ivica Zubac,Ivica,C,,28:27,5.0,7.0,0.714,0.0,0.0,0.0,2.0,2.0,1.0,3.0,6.0,9.0,1.0,1.0,2.0,2.0,3.0,12.0,3.0
22200932,1610612746,LAC,LA,202331,Paul George,Paul,G,,34:52,10.0,21.0,0.476,3.0,8.0,0.375,2.0,4.0,0.5,0.0,6.0,6.0,3.0,3.0,0.0,3.0,1.0,25.0,-1.0
22200932,1610612746,LAC,LA,201566,Russell Westbrook,Russell,G,,27:46,5.0,11.0,0.455,2.0,3.0,0.667,2.0,2.0,1.0,2.0,5.0,7.0,10.0,1.0,0.0,4.0,2.0,14.0,-5.0
22200932,1610612746,LAC,LA,201587,Nicolas Batum,Nicolas,,,20:05,1.0,1.0,1.0,1.0,1.0,1.0,0.0,0.0,0.0,1.0,2.0,3.0,1.0,3.0,0.0,4.0,0.0,3.0,-4.0
22200932,1610612746,LAC,LA,1629611,Terance Mann,Terance,,,22:18,2.0,3.0,0.667,0.0,1.0,0.0,0.0,0.0,0.0,0.0,0.0,0.0,2.0,0.0,0.0,2.0,3.0,4.0,-6.0
22200932,1610612746,LAC,LA,1626181,Norman Powell,Norman,,,24:42,4.0,14.0,0.286,2.0,6.0,0.333,3.0,4.0,0.75,0.0,1.0,1.0,2.0,0.0,1.0,1.0,1.0,13.0,-5.0
22200932,1610612746,LAC,LA,203486,Mason Plumlee,Mason,,,14:27,1.0,2.0,0.5,0.0,0.0,0.0,3.0,3.0,1.0,2.0,7.0,9.0,0.0,0.0,0.0,3.0,3.0,5.0,-3.0
22200932,1610612746,LAC,LA,201569,Eric Gordon,Eric,,,7:27,0.0,2.0,0.0,0.0,0.0,0.0,0.0,0.0,0.0,0.0,1.0,1.0,0.0,0.0,0.0,0.0,0.0,0.0,-13.0
22200932,1610612746,LAC,LA,1629599,Amir Coffey,Amir,,DNP - Coach's Decision,,,,,,,,,,,,,,,,,,,,
22200932,1610612746,LAC,LA,203496,Robert Covington,Robert,,DNP - Coach's Decision,,,,,,,,,,,,,,,,,,,,
22200932,1610612746,LAC,LA,1630538,Bones Hyland,Bones,,DNP - Coach's Decision,,,,,,,,,,,,,,,,,,,,
22200929,1610612754,IND,Indiana,1627741,Buddy Hield,Buddy,F,,27:48,1.0,2.0,0.5,1.0,1.0,1.0,7.0,9.0,0.778,1.0,4.0,5.0,4.0,1.0,0.0,1.0,3.0,10.0,-4.0
22200929,1610612754,IND,Indiana,1630174,Aaron Nesmith,Aaron,F,,19:21,5.0,7.0,0.714,2.0,4.0,0.5,2.0,3.0,0.667,0.0,1.0,1.0,1.0,0.0,1.0,2.0,4.0,14.0,-2.0
22200929,1610612754,IND,Indiana,1626167,Myles Turner,Myles,C,,32:25,10.0,13.0,0.769,1.0,2.0,0.5,3.0,4.0,0.75,0.0,7.0,7.0,1.0,1.0,4.0,1.0,5.0,24.0,-8.0
22200929,1610612754,IND,Indiana,1629614,Andrew Nembhard,Andrew,G,,31:37,1.0,6.0,0.167,1.0,5.0,0.2,0.0,2.0,0.0,1.0,2.0,3.0,5.0,0.0,1.0,0.0,1.0,3.0,-5.0
22200929,1610612754,IND,Indiana,1630169,Tyrese Haliburton,Tyrese,G,,34:50,9.0,18.0,0.5,2.0,6.0,0.333,12.0,15.0,0.8,0.0,7.0,7.0,6.0,0.0,1.0,0.0,1.0,32.0,-1.0
22200929,1610612754,IND,Indiana,1629670,Jordan Nwora,Jordan,,,28:51,6.0,10.0,0.6,3.0,4.0,0.75,1.0,1.0,1.0,0.0,3.0,3.0,1.0,0.0,0.0,0.0,1.0,16.0,2.0
22200929,1610612754,IND,Indiana,1630188,Jalen Smith,Jalen,,,15:35,4.0,6.0,0.667,1.0,2.0,0.5,2.0,2.0,1.0,2.0,7.0,9.0,1.0,0.0,1.0,2.0,3.0,11.0,10.0
22200929,1610612754,IND,Indiana,1631097,Bennedict Mathurin,Bennedict,,,26:25,1.0,7.0,0.143,0.0,2.0,0.0,4.0,4.0,1.0,1.0,3.0,4.0,1.0,0.0,0.0,2.0,1.0,6.0,9.0
22200929,1610612754,IND,Indiana,204456,T.J. McConnell,T.J.,,,16:38,4.0,7.0,0.571,0.0,0.0,0.0,0.0,0.0,0.0,0.0,2.0,2.0,4.0,1.0,0.0,1.0,0.0,8.0,7.0
22200929,1610612754,IND,Indiana,1630537,Chris Duarte,Chris,,,6:30,0.0,2.0,0.0,0.0,2.0,0.0,0.0,0.0,0.0,0.0,0.0,0.0,1.0,0.0,0.0,0.0,0.0,0.0,2.0
22200929,1610612754,IND,Indiana,1629052,Oshae Brissett,Oshae,,DNP - Coach's Decision,,,,,,,,,,,,,,,,,,,,
22200929,1610612754,IND,Indiana,201588,George Hill,George,,DNP - Coach's Decision,,,,,,,,,,,,,,,,,,,,
22200929,1610612754,IND,Indiana,1630543,Isaiah Jackson,Isaiah,,DNP - Coach's Decision,,,,,,,,,,,,,,,,,,,,
22200929,1610612754,IND,Indiana,201949,James Johnson,James,,DNP - Coach's Decision,,,,,,,,,,,,,,,,,,,,
22200929,1610612754,IND,Indiana,1628464,Daniel Theis,Daniel,,DNP - Coach's Decision,,,,,,,,,,,,,,,,,,,,
22200929,1610612742,DAL,Dallas,203200,Justin Holiday,Justin,F,,14:48,0.0,3.0,0.0,0.0,2.0,0.0,0.0,2.0,0.0,1.0,2.0,3.0,1.0,2.0,0.0,2.0,0.0,0.0,1.0
22200929,1610612742,DAL,Dallas,203493,Reggie Bullock Jr.,Reggie,F,,34:26,5.0,9.0,0.556,4.0,8.0,0.5,0.0,0.0,0.0,1.0,2.0,3.0,2.0,1.0,0.0,1.0,5.0,14.0,4.0
22200929,1610612742,DAL,Dallas,203939,Dwight Powell,Dwight,C,,11:55,3.0,5.0,0.6,0.0,0.0,0.0,2.0,3.0,0.667,3.0,0.0,3.0,3.0,1.0,0.0,0.0,2.0,8.0,-3.0
22200929,1610612742,DAL,Dallas,202681,Kyrie Irving,Kyrie,G,,36:23,7.0,18.0,0.389,0.0,4.0,0.0,2.0,3.0,0.667,2.0,3.0,5.0,9.0,1.0,1.0,0.0,4.0,16.0,8.0
22200929,1610612742,DAL,Dallas,1629029,Luka Dončić,Luka,G,,37:34,14.0,25.0,0.56,3.0,9.0,0.333,8.0,12.0,0.667,1.0,7.0,8.0,6.0,0.0,1.0,2.0,3.0,39.0,-2.0
22200929,1610612742,DAL,Dallas,1628467,Maxi Kleber,Maxi,,,23:39,4.0,6.0,0.667,1.0,2.0,0.5,0.0,2.0,0.0,0.0,0.0,0.0,2.0,0.0,1.0,0.0,2.0,9.0,9.0
22200929,1610612742,DAL,Dallas,203501,Tim Hardaway Jr.,Tim,,,36:30,4.0,6.0,0.667,4.0,6.0,0.667,4.0,4.0,1.0,0.0,4.0,4.0,1.0,0.0,0.0,0.0,4.0,16.0,4.0
22200929,1610612742,DAL,Dallas,1630182,Josh Green,Josh,,,22:03,4.0,5.0,0.8,0.0,0.0,0.0,0.0,0.0,0.0,1.0,5.0,6.0,2.0,0.0,0.0,0.0,3.0,8.0,-10.0
22200929,1610612742,DAL,Dallas,1626174,Christian Wood,Christian,,,18:19,5.0,13.0,0.385,0.0,5.0,0.0,2.0,2.0,1.0,0.0,6.0,6.0,1.0,0.0,0.0,2.0,4.0,12.0,-16.0
22200929,1610612742,DAL,Dallas,202693,Markieff Morris,Markieff,,,4:23,0.0,1.0,0.0,0.0,1.0,0.0,0.0,0.0,0.0,0.0,0.0,0.0,1.0,0.0,0.0,0.0,2.0,0.0,-5.0
22200929,1610612742,DAL,Dallas,1630702,Jaden Hardy,Jaden,,DNP - Coach's Decision,,,,,,,,,,,,,,,,,,,,
22200929,1610612742,DAL,Dallas,201580,JaVale McGee,JaVale,,DNP - Coach's Decision,,,,,,,,,,,,,,,,,,,,
22200929,1610612742,DAL,Dallas,1628373,Frank Ntilikina,Frank,,DNP - Coach's Decision,,,,,,,,,,,,,,,,,,,,
22200929,1610612742,DAL,Dallas,1629033,Theo Pinson,Theo,,DNP - Coach's Decision,,,,,,,,,,,,,,,,,,,,
22200928,1610612758,SAC,Sacramento,1631099,Keegan Murray,Keegan,F,,36:22,5.0,10.0,0.5,3.0,7.0,0.429,0.0,0.0,0.0,1.0,9.0,10.0,4.0,1.0,0.0,0.0,1.0,13.0,15.0
22200928,1610612758,SAC,Sacramento,203084,Harrison Barnes,Harrison,F,,37:08,8.0,13.0,0.615,4.0,5.0,0.8,9.0,10.0,0.9,1.0,8.0,9.0,3.0,0.0,1.0,2.0,0.0,29.0,14.0
22200928,1610612758,SAC,Sacramento,1627734,Domantas Sabonis,Domantas,C,,33:37,8.0,10.0,0.8,0.0,0.0,0.0,6.0,8.0,0.75,2.0,11.0,13.0,9.0,0.0,1.0,4.0,4.0,22.0,23.0
22200928,1610612758,SAC,Sacramento,1628989,Kevin Huerter,Kevin,G,,33:26,8.0,14.0,0.571,2.0,6.0,0.333,2.0,2.0,1.0,0.0,4.0,4.0,9.0,0.0,0.0,3.0,4.0,20.0,20.0
22200928,1610612758,SAC,Sacramento,1630558,Davion Mitchell,Davion,G,,32:34,6.0,10.0,0.6,3.0,7.0,0.429,0.0,0.0,0.0,0.0,1.0,1.0,4.0,1.0,1.0,1.0,3.0,15.0,18.0
22200928,1610612758,SAC,Sacramento,203521,Matthew Dellavedova,Matthew,,,13:51,1.0,4.0,0.25,1.0,3.0,0.333,1.0,2.0,0.5,0.0,0.0,0.0,1.0,0.0,0.0,2.0,2.0,4.0,-12.0
22200928,1610612758,SAC,Sacramento,1628370,Malik Monk,Malik,,,15:26,2.0,4.0,0.5,1.0,3.0,0.333,2.0,2.0,1.0,1.0,2.0,3.0,2.0,0.0,0.0,3.0,2.0,7.0,-12.0
22200928,1610612758,SAC,Sacramento,1626168,Trey Lyles,Trey,,,12:52,3.0,7.0,0.429,1.0,4.0,0.25,2.0,4.0,0.5,2.0,3.0,5.0,0.0,0.0,1.0,2.0,3.0,9.0,-7.0
22200928,1610612758,SAC,Sacramento,1629056,Terence Davis,Terence,,,9:38,0.0,5.0,0.0,0.0,5.0,0.0,0.0,0.0,0.0,0.0,2.0,2.0,0.0,0.0,0.0,1.0,0.0,0.0,-10.0
22200928,1610612758,SAC,Sacramento,1629002,Chimezie Metu,Chimezie,,,12:31,2.0,4.0,0.5,0.0,1.0,0.0,0.0,2.0,0.0,1.0,3.0,4.0,2.0,1.0,0.0,0.0,1.0,4.0,-7.0
22200928,1610612758,SAC,Sacramento,1628408,PJ Dozier,PJ,,,0:43,0.0,1.0,0.0,0.0,1.0,0.0,0.0,0.0,0.0,0.0,0.0,0.0,0.0,0.0,0.0,0.0,0.0,0.0,-2.0
22200928,1610612758,SAC,Sacramento,1626158,Richaun Holmes,Richaun,,,1:53,0.0,0.0,0.0,0.0,0.0,0.0,0.0,0.0,0.0,0.0,0.0,0.0,0.0,0.0,0.0,1.0,1.0,0.0,-10.0
22200928,1610612758,SAC,Sacramento,1630556,Kessler Edwards,Kessler,,DNP - Coach's Decision,,,,,,,,,,,,,,,,,,,,
22200928,1610612758,SAC,Sacramento,203458,Alex Len,Alex,,DNP - Coach's Decision,,,,,,,,,,,,,,,,,,,,
22200928,1610612760,OKC,Oklahoma City,1629652,Luguentz Dort,Luguentz,F,,21:20,4.0,14.0,0.286,2.0,5.0,0.4,1.0,1.0,1.0,2.0,1.0,3.0,2.0,0.0,0.0,1.0,2.0,11.0,-29.0
22200928,1610612760,OKC,Oklahoma City,1631114,Jalen Williams,Jalen,F,,32:44,9.0,16.0,0.563,1.0,3.0,0.333,8.0,9.0,0.889,1.0,4.0,5.0,8.0,2.0,0.0,1.0,3.0,27.0,5.0
22200928,1610612760,OKC,Oklahoma City,1631119,Jaylin Williams,Jaylin,C,,17:19,3.0,8.0,0.375,0.0,3.0,0.0,0.0,0.0,0.0,0.0,3.0,3.0,0.0,0.0,0.0,0.0,2.0,6.0,-9.0
22200928,1610612760,OKC,Oklahoma City,1630198,Isaiah Joe,Isaiah,G,,22:19,3.0,5.0,0.6,2.0,4.0,0.5,0.0,0.0,0.0,0.0,2.0,2.0,1.0,2.0,0.0,0.0,1.0,8.0,0.0
22200928,1610612760,OKC,Oklahoma City,1630581,Josh Giddey,Josh,G,,19:27,4.0,10.0,0.4,0.0,0.0,0.0,0.0,2.0,0.0,3.0,3.0,6.0,5.0,0.0,1.0,1.0,3.0,8.0,-32.0
22200928,1610612760,OKC,Oklahoma City,1630598,Aaron Wiggins,Aaron,,,28:54,4.0,10.0,0.4,2.0,4.0,0.5,0.0,0.0,0.0,2.0,4.0,6.0,3.0,0.0,0.0,1.0,2.0,10.0,4.0
22200928,1610612760,OKC,Oklahoma City,1630544,Tre Mann,Tre,,,20:49,3.0,9.0,0.333,1.0,3.0,0.333,3.0,3.0,1.0,0.0,3.0,3.0,6.0,0.0,0.0,1.0,2.0,10.0,-2.0
22200928,1610612760,OKC,Oklahoma City,203967,Dario Šarić,Dario,,,27:05,7.0,11.0,0.636,2.0,6.0,0.333,5.0,5.0,1.0,1.0,7.0,8.0,2.0,0.0,0.0,2.0,1.0,21.0,14.0
22200928,1610612760,OKC,Oklahoma City,1630526,Jeremiah Robinson-Earl,Jeremiah,,,21:16,1.0,6.0,0.167,1.0,5.0,0.2,2.0,2.0,1.0,2.0,0.0,2.0,1.0,0.0,0.0,0.0,2.0,5.0,5.0
22200928,1610612760,OKC,Oklahoma City,1629026,Kenrich Williams,Kenrich,,,28:47,5.0,9.0,0.556,0.0,2.0,0.0,1.0,2.0,0.5,1.0,3.0,4.0,0.0,5.0,0.0,3.0,5.0,11.0,14.0
22200928,1610612760,OKC,Oklahoma City,1630197,Aleksej Pokusevski,Aleksej,,DND - Injury/Illness,,,,,,,,,,,,,,,,,,,,
22200896,1610612739,CLE,Cleveland,1630171,Isaac Okoro,Isaac,F,,22:43,1.0,5.0,0.2,1.0,3.0,0.333,3.0,4.0,0.75,2.0,4.0,6.0,1.0,0.0,1.0,0.0,2.0,6.0,-14.0
22200896,1610612739,CLE,Cleveland,1630596,Evan Mobley,Evan,F,,29:50,6.0,11.0,0.545,0.0,0.0,0.0,1.0,2.0,0.5,0.0,4.0,4.0,2.0,1.0,1.0,4.0,3.0,13.0,-8.0
22200896,1610612739,CLE,Cleveland,1628386,Jarrett Allen,Jarrett,C,,29:28,4.0,8.0,0.5,0.0,0.0,0.0,6.0,6.0,1.0,3.0,6.0,9.0,0.0,0.0,2.0,0.0,2.0,14.0,-23.0
22200896,1610612739,CLE,Cleveland,1628378,Donovan Mitchell,Donovan,G,,31:58,6.0,17.0,0.353,2.0,10.0,0.2,5.0,5.0,1.0,0.0,1.0,1.0,3.0,1.0,0.0,1.0,4.0,19.0,-15.0
22200896,1610612739,CLE,Cleveland,1629636,Darius Garland,Darius,G,,30:59,11.0,19.0,0.579,4.0,8.0,0.5,7.0,7.0,1.0,0.0,0.0,0.0,2.0,2.0,0.0,3.0,1.0,33.0,-10.0
22200896,1610612739,CLE,Cleveland,1629731,Dean Wade,Dean,,,8:17,1.0,2.0,0.5,1.0,2.0,0.5,0.0,0.0,0.0,0.0,1.0,1.0,0.0,1.0,1.0,0.0,0.0,3.0,-9.0
22200896,1610612739,CLE,Cleveland,1627747,Caris LeVert,Caris,,,9:03,0.0,2.0,0.0,0.0,2.0,0.0,0.0,0.0,0.0,0.0,1.0,1.0,0.0,0.0,0.0,1.0,2.0,0.0,-17.0
22200896,1610612739,CLE,Cleveland,201937,Ricky Rubio,Ricky,,,11:56,1.0,4.0,0.25,0.0,1.0,0.0,0.0,0.0,0.0,1.0,0.0,1.0,2.0,2.0,0.0,1.0,1.0,2.0,-10.0
22200896,1610612739,CLE,Cleveland,1626224,Cedi Osman,Cedi,,,16:28,3.0,7.0,0.429,2.0,4.0,0.5,2.0,3.0,0.667,0.0,5.0,5.0,1.0,0.0,1.0,1.0,3.0,10.0,9.0
22200896,1610612739,CLE,Cleveland,1630205,Lamar Stevens,Lamar,,,26:17,2.0,5.0,0.4,1.0,2.0,0.5,2.0,2.0,1.0,3.0,2.0,5.0,4.0,2.0,0.0,0.0,1.0,7.0,8.0
22200896,1610612739,CLE,Cleveland,201980,Danny Green,Danny,,,10:29,1.0,2.0,0.5,1.0,2.0,0.5,0.0,0.0,0.0,0.0,0.0,0.0,0.0,0.0,0.0,0.0,3.0,3.0,-1.0
22200896,1610612739,CLE,Cleveland,203526,Raul Neto,Raul,,,10:29,3.0,5.0,0.6,1.0,1.0,1.0,0.0,0.0,0.0,1.0,1.0,2.0,4.0,0.0,0.0,0.0,1.0,7.0,-1.0
22200896,1610612739,CLE,Cleveland,201577,Robin Lopez,Robin,,,2:03,1.0,1.0,1.0,0.0,0.0,0.0,0.0,0.0,0.0,0.0,0.0,0.0,1.0,0.0,0.0,0.0,0.0,2.0,6.0
22200896,1610612737,ATL,Atlanta,1629631,De'Andre Hunter,De'Andre,F,,28:49,3.0,8.0,0.375,1.0,2.0,0.5,2.0,2.0,1.0,0.0,3.0,3.0,0.0,1.0,0.0,0.0,4.0,9.0,6.0
22200896,1610612737,ATL,Atlanta,1630180,Saddiq Bey,Saddiq,F,,28:03,6.0,9.0,0.667,5.0,8.0,0.625,2.0,2.0,1.0,2.0,2.0,4.0,1.0,1.0,0.0,1.0,0.0,19.0,20.0
22200896,1610612737,ATL,Atlanta,203991,Clint Capela,Clint,C,,20:56,5.0,7.0,0.714,0.0,0.0,0.0,0.0,0.0,0.0,0.0,4.0,4.0,2.0,0.0,3.0,1.0,4.0,10.0,8.0
22200896,1610612737,ATL,Atlanta,1627749,Dejounte Murray,Dejounte,G,,34:35,11.0,19.0,0.579,2.0,6.0,0.333,1.0,1.0,1.0,1.0,8.0,9.0,8.0,1.0,0.0,3.0,1.0,25.0,18.0
22200896,1610612737,ATL,Atlanta,1629027,Trae Young,Trae,G,,32:20,8.0,18.0,0.444,4.0,7.0,0.571,14.0,15.0,0.933,0.0,3.0,3.0,9.0,1.0,0.0,2.0,3.0,34.0,16.0
22200896,1610612737,ATL,Atlanta,203992,Bogdan Bogdanović,Bogdan,,,22:23,4.0,5.0,0.8,2.0,3.0,0.667,0.0,0.0,0.0,0.0,2.0,2.0,2.0,0.0,1.0,3.0,1.0,10.0,8.0
22200896,1610612737,ATL,Atlanta,1630168,Onyeka Okongwu,Onyeka,,,25:01,6.0,7.0,0.857,0.0,0.0,0.0,1.0,2.0,0.5,1.0,10.0,11.0,2.0,2.0,3.0,1.0,2.0,13.0,15.0
22200896,1610612737,ATL,Atlanta,1630552,Jalen Johnson,Jalen,,,22:24,3.0,4.0,0.75,0.0,0.0,0.0,1.0,1.0,1.0,0.0,4.0,4.0,1.0,1.0,1.0,1.0,3.0,7.0,13.0
22200896,1610612737,ATL,Atlanta,1631100,AJ Griffin,AJ,,,17:38,4.0,7.0,0.571,1.0,2.0,0.5,0.0,0.0,0.0,1.0,0.0,1.0,2.0,0.0,0.0,0.0,2.0,9.0,3.0
22200896,1610612737,ATL,Atlanta,1630249,Vít Krejčí,Vít,,,2:03,0.0,0.0,0.0,0.0,0.0,0.0,0.0,0.0,0.0,0.0,0.0,0.0,0.0,0.0,0.0,0.0,0.0,0.0,-6.0
22200896,1610612737,ATL,Atlanta,1628981,Bruno Fernando,Bruno,,,2:03,0.0,0.0,0.0,0.0,0.0,0.0,0.0,0.0,0.0,0.0,1.0,1.0,1.0,0.0,0.0,1.0,1.0,0.0,-6.0
22200896,1610612737,ATL,Atlanta,1629726,Garrison Mathews,Garrison,,,2:03,0.0,0.0,0.0,0.0,0.0,0.0,0.0,0.0,0.0,0.0,0.0,0.0,0.0,0.0,0.0,0.0,0.0,0.0,-6.0
22200896,1610612737,ATL,Atlanta,1628988,Aaron Holiday,Aaron,,,1:42,0.0,1.0,0.0,0.0,0.0,0.0,0.0,0.0,0.0,0.0,0.0,0.0,0.0,0.0,0.0,1.0,0.0,0.0,-4.0
22200900,1610612751,BKN,Brooklyn,1629661,Cameron Johnson,Cameron,F,,19:40,4.0,13.0,0.308,2.0,8.0,0.25,0.0,0.0,0.0,0.0,1.0,1.0,0.0,1.0,0.0,0.0,1.0,10.0,-22.0
22200900,1610612751,BKN,Brooklyn,1627827,Dorian Finney-Smith,Dorian,F,,25:05,1.0,6.0,0.167,0.0,5.0,0.0,0.0,0.0,0.0,1.0,5.0,6.0,1.0,0.0,0.0,2.0,4.0,2.0,-35.0
22200900,1610612751,BKN,Brooklyn,1629651,Nic Claxton,Nic,C,,22:01,3.0,7.0,0.429,0.0,0.0,0.0,1.0,2.0,0.5,0.0,6.0,6.0,3.0,2.0,1.0,0.0,0.0,7.0,-23.0
22200900,1610612751,BKN,Brooklyn,1628969,Mikal Bridges,Mikal,G,,26:42,4.0,10.0,0.4,2.0,5.0,0.4,3.0,3.0,1.0,0.0,6.0,6.0,2.0,0.0,0.0,2.0,3.0,13.0,-33.0
22200900,1610612751,BKN,Brooklyn,203915,Spencer Dinwiddie,Spencer,G,,24:26,0.0,6.0,0.0,0.0,3.0,0.0,2.0,3.0,0.667,0.0,1.0,1.0,5.0,0.0,0.0,1.0,1.0,2.0,-31.0
22200900,1610612751,BKN,Brooklyn,1630560,Cam Thomas,Cam,,,29:53,6.0,15.0,0.4,3.0,6.0,0.5,7.0,9.0,0.778,0.0,1.0,1.0,2.0,0.0,0.0,0.0,0.0,22.0,-20.0
22200900,1610612751,BKN,Brooklyn,1630549,Day'Ron Sharpe,Day'Ron,,,16:07,1.0,1.0,1.0,0.0,0.0,0.0,0.0,0.0,0.0,2.0,1.0,3.0,2.0,1.0,2.0,2.0,3.0,2.0,-5.0
22200900,1610612751,BKN,Brooklyn,1626220,Royce O'Neale,Royce,,,23:48,0.0,4.0,0.0,0.0,4.0,0.0,2.0,2.0,1.0,0.0,5.0,5.0,3.0,1.0,0.0,2.0,5.0,2.0,-14.0
22200900,1610612751,BKN,Brooklyn,203925,Joe Harris,Joe,,,22:19,2.0,6.0,0.333,1.0,5.0,0.2,0.0,0.0,0.0,0.0,0.0,0.0,0.0,1.0,0.0,2.0,3.0,5.0,-25.0
22200900,1610612751,BKN,Brooklyn,203552,Seth Curry,Seth,,,21:18,8.0,11.0,0.727,3.0,6.0,0.5,0.0,0.0,0.0,2.0,0.0,2.0,3.0,0.0,0.0,2.0,2.0,19.0,-11.0
22200900,1610612751,BKN,Brooklyn,1629139,Yuta Watanabe,Yuta,,,8:41,1.0,2.0,0.5,1.0,2.0,0.5,0.0,0.0,0.0,0.0,0.0,0.0,0.0,0.0,0.0,0.0,3.0,3.0,-1.0
22200900,1610612751,BKN,Brooklyn,201988,Patty Mills,Patty,,DNP - Coach's Decision,,,,,,,,,,,,,,,,,,,,
22200900,1610612751,BKN,Brooklyn,1628410,Edmond Sumner,Edmond,,DNP - Coach's Decision,,,,,,,,,,,,,,,,,,,,
22200900,1610612741,CHI,Chicago,201942,DeMar DeRozan,DeMar,F,,27:39,8.0,17.0,0.471,0.0,3.0,0.0,1.0,1.0,1.0,0.0,4.0,4.0,4.0,1.0,1.0,1.0,2.0,17.0,35.0
22200900,1610612741,CHI,Chicago,1627936,Alex Caruso,Alex,F,,19:27,2.0,3.0,0.667,0.0,1.0,0.0,0.0,0.0,0.0,0.0,2.0,2.0,1.0,0.0,1.0,0.0,3.0,4.0,27.0
22200900,1610612741,CHI,Chicago,202696,Nikola Vučević,Nikola,C,,28:30,5.0,9.0,0.556,0.0,0.0,0.0,3.0,4.0,0.75,1.0,9.0,10.0,2.0,0.0,2.0,0.0,1.0,13.0,35.0
22200900,1610612741,CHI,Chicago,203897,Zach LaVine,Zach,G,,28:30,12.0,17.0,0.706,4.0,6.0,0.667,4.0,4.0,1.0,1.0,5.0,6.0,2.0,0.0,0.0,1.0,0.0,32.0,35.0
22200900,1610612741,CHI,Chicago,201976,Patrick Beverley,Patrick,G,,22:10,2.0,4.0,0.5,1.0,3.0,0.333,3.0,5.0,0.6,0.0,5.0,5.0,4.0,0.0,0.0,1.0,1.0,8.0,24.0
22200900,1610612741,CHI,Chicago,1629632,Coby White,Coby,,,25:14,2.0,6.0,0.333,1.0,5.0,0.2,0.0,0.0,0.0,0.0,4.0,4.0,4.0,0.0,0.0,0.0,1.0,5.0,19.0
22200900,1610612741,CHI,Chicago,1630172,Patrick Williams,Patrick,,,27:45,5.0,8.0,0.625,2.0,2.0,1.0,5.0,8.0,0.625,3.0,3.0,6.0,3.0,2.0,0.0,2.0,1.0,17.0,21.0
22200900,1610612741,CHI,Chicago,1630245,Ayo Dosunmu,Ayo,,,25:50,3.0,8.0,0.375,1.0,2.0,0.5,0.0,0.0,0.0,0.0,9.0,9.0,3.0,1.0,0.0,2.0,1.0,7.0,20.0
22200900,1610612741,CHI,Chicago,203083,Andre Drummond,Andre,,,14:26,6.0,10.0,0.6,0.0,0.0,0.0,1.0,2.0,0.5,7.0,3.0,10.0,1.0,2.0,0.0,2.0,3.0,13.0,3.0
22200900,1610612741,CHI,Chicago,1631207,Dalen Terry,Dalen,,,10:25,3.0,3.0,1.0,3.0,3.0,1.0,2.0,4.0,0.5,0.0,1.0,1.0,0.0,0.0,0.0,0.0,1.0,11.0,-4.0
22200900,1610612741,CHI,Chicago,1627884,Derrick Jones Jr.,Derrick,,,5:52,0.0,1.0,0.0,0.0,1.0,0.0,0.0,0.0,0.0,0.0,0.0,0.0,1.0,0.0,0.0,0.0,0.0,0.0,2.0
22200900,1610612741,CHI,Chicago,1630678,Terry Taylor,Terry,,,4:12,2.0,2.0,1.0,0.0,0.0,0.0,0.0,0.0,0.0,0.0,0.0,0.0,0.0,0.0,0.0,0.0,1.0,4.0,3.0
22200901,1610612745,HOU,Houston,1630231,KJ Martin,KJ,F,,35:40,7.0,12.0,0.583,0.0,3.0,0.0,8.0,9.0,0.889,4.0,4.0,8.0,2.0,1.0,2.0,0.0,2.0,22.0,-24.0
22200901,1610612745,HOU,Houston,1631095,Jabari Smith Jr.,Jabari,F,,34:04,4.0,16.0,0.25,1.0,6.0,0.167,4.0,4.0,1.0,3.0,6.0,9.0,1.0,0.0,0.0,1.0,2.0,13.0,-10.0
22200901,1610612745,HOU,Houston,1630578,Alperen Sengun,Alperen,C,,24:08,2.0,10.0,0.2,1.0,1.0,1.0,0.0,0.0,0.0,3.0,6.0,9.0,8.0,0.0,0.0,2.0,2.0,5.0,-3.0
22200901,1610612745,HOU,Houston,1630256,Jae'Sean Tate,Jae'Sean,G,,28:28,6.0,12.0,0.5,1.0,3.0,0.333,1.0,1.0,1.0,0.0,3.0,3.0,4.0,3.0,0.0,1.0,3.0,14.0,-7.0
22200901,1610612745,HOU,Houston,1631102,TyTy Washington Jr.,TyTy,G,,33:39,5.0,12.0,0.417,3.0,6.0,0.5,2.0,3.0,0.667,0.0,2.0,2.0,4.0,2.0,0.0,1.0,1.0,15.0,2.0
22200901,1610612745,HOU,Houston,1631106,Tari Eason,Tari,,,22:42,2.0,8.0,0.25,1.0,4.0,0.25,1.0,3.0,0.333,2.0,4.0,6.0,1.0,4.0,0.0,2.0,2.0,6.0,-2.0
22200901,1610612745,HOU,Houston,1630528,Josh Christopher,Josh,,,17:32,6.0,10.0,0.6,1.0,4.0,0.25,0.0,0.0,0.0,0.0,1.0,1.0,0.0,0.0,0.0,0.0,1.0,13.0,-13.0
22200901,1610612745,HOU,Houston,1630586,Usman Garuba,Usman,,,12:42,1.0,2.0,0.5,0.0,0.0,0.0,0.0,0.0,0.0,1.0,3.0,4.0,2.0,0.0,1.0,0.0,4.0,2.0,3.0
22200901,1610612745,HOU,Houston,1630227,Daishen Nix,Daishen,,,23:35,3.0,8.0,0.375,3.0,7.0,0.429,0.0,0.0,0.0,0.0,2.0,2.0,1.0,1.0,0.0,0.0,1.0,9.0,-15.0
22200901,1610612745,HOU,Houston,1626163,Frank Kaminsky,Frank,,,4:08,0.0,1.0,0.0,0.0,0.0,0.0,2.0,2.0,1.0,0.0,0.0,0.0,0.0,1.0,0.0,0.0,0.0,2.0,-10.0
22200901,1610612745,HOU,Houston,1630620,Darius Days,Darius,,,1:41,0.0,1.0,0.0,0.0,1.0,0.0,0.0,0.0,0.0,0.0,0.0,0.0,0.0,0.0,0.0,0.0,0.0,0.0,2.0
22200901,1610612745,HOU,Houston,1631309,Trevor Hudgins,Trevor,,,1:41,0.0,0.0,0.0,0.0,0.0,0.0,0.0,0.0,0.0,0.0,0.0,0.0,0.0,0.0,0.0,0.0,0.0,0.0,2.0
22200901,1610612745,HOU,Houston,1626246,Boban Marjanović,Boban,,DNP - Coach's Decision,,,,,,,,,,,,,,,,,,,,
22200901,1610612744,GSW,Golden State,1628978,Donte DiVincenzo,Donte,F,,35:14,5.0,9.0,0.556,5.0,9.0,0.556,0.0,0.0,0.0,0.0,3.0,3.0,4.0,0.0,0.0,2.0,0.0,15.0,14.0
22200901,1610612744,GSW,Golden State,1630228,Jonathan Kuminga,Jonathan,F,,24:13,2.0,7.0,0.286,0.0,2.0,0.0,3.0,4.0,0.75,1.0,3.0,4.0,4.0,0.0,1.0,4.0,3.0,7.0,3.0
22200901,1610612744,GSW,Golden State,1626172,Kevon Looney,Kevon,C,,25:30,1.0,1.0,1.0,0.0,0.0,0.0,0.0,0.0,0.0,2.0,11.0,13.0,3.0,0.0,2.0,1.0,4.0,2.0,3.0
22200901,1610612744,GSW,Golden State,202691,Klay Thompson,Klay,G,,35:32,12.0,19.0,0.632,12.0,17.0,0.706,6.0,6.0,1.0,0.0,7.0,7.0,1.0,0.0,0.0,2.0,0.0,42.0,32.0
22200901,1610612744,GSW,Golden State,1629673,Jordan Poole,Jordan,G,,30:58,5.0,13.0,0.385,2.0,8.0,0.25,3.0,3.0,1.0,0.0,2.0,2.0,8.0,0.0,0.0,1.0,2.0,15.0,-3.0
22200901,1610612744,GSW,Golden State,1629660,Ty Jerome,Ty,,,24:09,4.0,7.0,0.571,1.0,2.0,0.5,0.0,0.0,0.0,0.0,1.0,1.0,3.0,0.0,0.0,2.0,1.0,9.0,6.0
22200901,1610612744,GSW,Golden State,203210,JaMychal Green,JaMychal,,,15:42,1.0,5.0,0.2,1.0,3.0,0.333,0.0,0.0,0.0,1.0,6.0,7.0,2.0,2.0,0.0,3.0,5.0,3.0,4.0
22200901,1610612744,GSW,Golden State,1630237,Anthony Lamb,Anthony,,,20:09,2.0,5.0,0.4,1.0,4.0,0.25,3.0,4.0,0.75,2.0,5.0,7.0,0.0,1.0,0.0,1.0,4.0,8.0,9.0
22200901,1610612744,GSW,Golden State,1630541,Moses Moody,Moses,,,12:53,1.0,4.0,0.25,1.0,4.0,0.25,1.0,1.0,1.0,0.0,0.0,0.0,1.0,0.0,0.0,1.0,0.0,4.0,6.0
22200901,1610612744,GSW,Golden State,1631116,Patrick Baldwin Jr.,Patrick,,,15:40,4.0,8.0,0.5,3.0,5.0,0.6,0.0,0.0,0.0,1.0,2.0,3.0,1.0,0.0,0.0,1.0,1.0,11.0,1.0
22200901,1610612744,GSW,Golden State,1631157,Ryan Rollins,Ryan,,DND - Injury/Illness,,,,,,,,,,,,,,,,,,,,
22200902,1610612758,SAC,Sacramento,203084,Harrison Barnes,Harrison,F,,40:31,1.0,6.0,0.167,1.0,4.0,0.25,8.0,8.0,1.0,3.0,3.0,6.0,2.0,2.0,0.0,1.0,4.0,11.0,-4.0
22200902,1610612758,SAC,Sacramento,1631099,Keegan Murray,Keegan,F,,42:49,7.0,12.0,0.583,1.0,4.0,0.25,0.0,0.0,0.0,0.0,3.0,3.0,2.0,2.0,1.0,0.0,1.0,15.0,12.0
22200902,1610612758,SAC,Sacramento,1627734,Domantas Sabonis,Domantas,C,,31:14,8.0,14.0,0.571,0.0,1.0,0.0,4.0,4.0,1.0,4.0,6.0,10.0,4.0,1.0,1.0,5.0,6.0,20.0,-2.0
22200902,1610612758,SAC,Sacramento,1628989,Kevin Huerter,Kevin,G,,21:40,4.0,8.0,0.5,3.0,7.0,0.429,0.0,0.0,0.0,0.0,4.0,4.0,3.0,2.0,0.0,2.0,1.0,11.0,-7.0
22200902,1610612758,SAC,Sacramento,1628368,De'Aaron Fox,De'Aaron,G,,45:02,17.0,27.0,0.63,2.0,4.0,0.5,6.0,11.0,0.545,0.0,5.0,5.0,12.0,5.0,0.0,3.0,3.0,42.0,-2.0
22200902,1610612758,SAC,Sacramento,1630558,Davion Mitchell,Davion,,,14:00,3.0,4.0,0.75,2.0,3.0,0.667,0.0,0.0,0.0,0.0,1.0,1.0,3.0,1.0,1.0,0.0,2.0,8.0,-5.0
22200902,1610612758,SAC,Sacramento,1629056,Terence Davis,Terence,,,13:51,2.0,5.0,0.4,2.0,3.0,0.667,0.0,0.0,0.0,0.0,1.0,1.0,1.0,1.0,0.0,0.0,3.0,6.0,-11.0
22200902,1610612758,SAC,Sacramento,1626168,Trey Lyles,Trey,,,18:55,4.0,7.0,0.571,1.0,3.0,0.333,1.0,1.0,1.0,1.0,1.0,2.0,0.0,2.0,0.0,1.0,1.0,10.0,-10.0
22200902,1610612758,SAC,Sacramento,1629002,Chimezie Metu,Chimezie,,,21:20,4.0,4.0,1.0,0.0,0.0,0.0,0.0,1.0,0.0,4.0,5.0,9.0,0.0,2.0,0.0,1.0,4.0,8.0,12.0
22200902,1610612758,SAC,Sacramento,1628370,Malik Monk,Malik,,,40:38,15.0,24.0,0.625,6.0,12.0,0.5,9.0,10.0,0.9,0.0,2.0,2.0,6.0,0.0,0.0,2.0,3.0,45.0,22.0
22200902,1610612758,SAC,Sacramento,203521,Matthew Dellavedova,Matthew,,DNP - Coach's Decision,,,,,,,,,,,,,,,,,,,,
22200902,1610612758,SAC,Sacramento,1630556,Kessler Edwards,Kessler,,DNP - Coach's Decision,,,,,,,,,,,,,,,,,,,,
22200902,1610612758,SAC,Sacramento,1631165,Keon Ellis,Keon,,DNP - Coach's Decision,,,,,,,,,,,,,,,,,,,,
22200902,1610612758,SAC,Sacramento,1626158,Richaun Holmes,Richaun,,DNP - Coach's Decision,,,,,,,,,,,,,,,,,,,,
22200902,1610612758,SAC,Sacramento,203458,Alex Len,Alex,,DNP - Coach's Decision,,,,,,,,,,,,,,,,,,,,
22200902,1610612746,LAC,LA,202694,Marcus Morris Sr.,Marcus,F,,25:01,4.0,7.0,0.571,1.0,2.0,0.5,0.0,0.0,0.0,0.0,1.0,1.0,1.0,1.0,0.0,2.0,2.0,9.0,4.0
22200902,1610612746,LAC,LA,202695,Kawhi Leonard,Kawhi,F,,46:02,16.0,22.0,0.727,6.0,9.0,0.667,6.0,6.0,1.0,0.0,4.0,4.0,4.0,3.0,2.0,2.0,4.0,44.0,-7.0
22200902,1610612746,LAC,LA,203486,Mason Plumlee,Mason,C,,25:22,4.0,4.0,1.0,0.0,0.0,0.0,2.0,3.0,0.667,2.0,8.0,10.0,4.0,1.0,0.0,3.0,3.0,10.0,4.0
22200902,1610612746,LAC,LA,202331,Paul George,Paul,G,,40:51,9.0,18.0,0.5,5.0,8.0,0.625,11.0,14.0,0.786,0.0,10.0,10.0,5.0,1.0,1.0,4.0,2.0,34.0,-9.0
22200902,1610612746,LAC,LA,201566,Russell Westbrook,Russell,G,,39:27,7.0,13.0,0.538,1.0,4.0,0.25,2.0,2.0,1.0,1.0,4.0,5.0,14.0,1.0,0.0,7.0,6.0,17.0,3.0
22200902,1610612746,LAC,LA,1626181,Norman Powell,Norman,,,37:54,6.0,14.0,0.429,5.0,8.0,0.625,7.0,8.0,0.875,0.0,0.0,0.0,3.0,0.0,0.0,4.0,3.0,24.0,5.0
22200902,1610612746,LAC,LA,201587,Nicolas Batum,Nicolas,,,38:08,7.0,12.0,0.583,5.0,10.0,0.5,0.0,0.0,0.0,3.0,5.0,8.0,2.0,1.0,0.0,1.0,0.0,19.0,5.0
22200902,1610612746,LAC,LA,1629611,Terance Mann,Terance,,,17:32,4.0,5.0,0.8,1.0,1.0,1.0,1.0,1.0,1.0,1.0,2.0,3.0,4.0,0.0,0.0,1.0,3.0,10.0,6.0
22200902,1610612746,LAC,LA,201569,Eric Gordon,Eric,,,19:43,2.0,3.0,0.667,2.0,3.0,0.667,2.0,2.0,1.0,0.0,1.0,1.0,2.0,0.0,0.0,1.0,4.0,8.0,-16.0
22200902,1610612746,LAC,LA,1629599,Amir Coffey,Amir,,DNP - Coach's Decision,,,,,,,,,,,,,,,,,,,,
22200902,1610612746,LAC,LA,203496,Robert Covington,Robert,,DNP - Coach's Decision,,,,,,,,,,,,,,,,,,,,
22200902,1610612746,LAC,LA,1631217,Moussa Diabaté,Moussa,,DNP - Coach's Decision,,,,,,,,,,,,,,,,,,,,
22200902,1610612746,LAC,LA,1630538,Bones Hyland,Bones,,DNP - Coach's Decision,,,,,,,,,,,,,,,,,,,,
22200888,1610612765,DET,Detroit,202711,Bojan Bogdanović,Bojan,F,,28:43,3.0,12.0,0.25,1.0,4.0,0.25,0.0,0.0,0.0,0.0,3.0,3.0,4.0,0.0,0.0,2.0,2.0,7.0,-14.0
22200888,1610612765,DET,Detroit,1630191,Isaiah Stewart,Isaiah,F,,27:10,2.0,6.0,0.333,2.0,5.0,0.4,4.0,4.0,1.0,1.0,7.0,8.0,3.0,0.0,1.0,1.0,3.0,10.0,-14.0
22200888,1610612765,DET,Detroit,1631105,Jalen Duren,Jalen,C,,22:37,1.0,5.0,0.2,0.0,0.0,0.0,0.0,0.0,0.0,2.0,6.0,8.0,0.0,1.0,0.0,2.0,5.0,2.0,-16.0
22200888,1610612765,DET,Detroit,1631093,Jaden Ivey,Jaden,G,,30:52,9.0,13.0,0.692,5.0,7.0,0.714,2.0,4.0,0.5,0.0,2.0,2.0,4.0,0.0,1.0,3.0,0.0,25.0,-13.0
22200888,1610612765,DET,Detroit,1630165,Killian Hayes,Killian,G,,31:58,4.0,10.0,0.4,1.0,4.0,0.25,3.0,3.0,1.0,0.0,3.0,3.0,5.0,0.0,0.0,3.0,4.0,12.0,-2.0
22200888,1610612765,DET,Detroit,202692,Alec Burks,Alec,,,18:33,4.0,4.0,1.0,4.0,4.0,1.0,4.0,6.0,0.667,1.0,4.0,5.0,3.0,2.0,1.0,1.0,2.0,16.0,13.0
22200888,1610612765,DET,Detroit,1630164,James Wiseman,James,,,23:44,4.0,10.0,0.4,0.0,1.0,0.0,0.0,0.0,0.0,2.0,8.0,10.0,0.0,0.0,1.0,3.0,3.0,8.0,16.0
22200888,1610612765,DET,Detroit,1628977,Hamidou Diallo,Hamidou,,,20:06,5.0,10.0,0.5,0.0,0.0,0.0,2.0,2.0,1.0,0.0,3.0,3.0,1.0,2.0,1.0,3.0,2.0,12.0,15.0
22200888,1610612765,DET,Detroit,1630587,Isaiah Livers,Isaiah,,,21:36,3.0,5.0,0.6,3.0,5.0,0.6,0.0,0.0,0.0,0.0,2.0,2.0,1.0,0.0,1.0,1.0,3.0,9.0,4.0
22200888,1610612765,DET,Detroit,202709,Cory Joseph,Cory,,,14:42,2.0,6.0,0.333,1.0,4.0,0.25,0.0,0.0,0.0,0.0,1.0,1.0,1.0,0.0,1.0,0.0,1.0,5.0,1.0
22200888,1610612765,DET,Detroit,203585,Rodney McGruder,Rodney,,DNP - Coach's Decision,,,,,,,,,,,,,,,,,,,,
22200888,1610612753,ORL,Orlando,1630532,Franz Wagner,Franz,F,,30:33,7.0,13.0,0.538,2.0,5.0,0.4,5.0,5.0,1.0,0.0,5.0,5.0,1.0,0.0,0.0,1.0,4.0,21.0,11.0
22200888,1610612753,ORL,Orlando,1631094,Paolo Banchero,Paolo,F,,31:50,4.0,13.0,0.308,0.0,1.0,0.0,3.0,5.0,0.6,1.0,5.0,6.0,6.0,0.0,0.0,2.0,1.0,11.0,9.0
22200888,1610612753,ORL,Orlando,1628976,Wendell Carter Jr.,Wendell,C,,31:46,5.0,13.0,0.385,0.0,3.0,0.0,4.0,6.0,0.667,6.0,8.0,14.0,2.0,1.0,2.0,1.0,3.0,14.0,3.0
22200888,1610612753,ORL,Orlando,203914,Gary Harris,Gary,G,,27:57,4.0,8.0,0.5,4.0,8.0,0.5,0.0,0.0,0.0,0.0,0.0,0.0,2.0,2.0,0.0,0.0,3.0,12.0,6.0
22200888,1610612753,ORL,Orlando,1628365,Markelle Fultz,Markelle,G,,29:41,6.0,14.0,0.429,1.0,2.0,0.5,1.0,1.0,1.0,0.0,2.0,2.0,8.0,2.0,1.0,2.0,0.0,14.0,17.0
22200888,1610612753,ORL,Orlando,1628371,Jonathan Isaac,Jonathan,,,16:28,4.0,6.0,0.667,2.0,3.0,0.667,0.0,0.0,0.0,1.0,6.0,7.0,1.0,2.0,1.0,2.0,1.0,10.0,-7.0
22200888,1610612753,ORL,Orlando,1630591,Jalen Suggs,Jalen,,,21:02,1.0,8.0,0.125,0.0,2.0,0.0,0.0,0.0,0.0,1.0,2.0,3.0,1.0,0.0,1.0,2.0,3.0,2.0,-6.0
22200888,1610612753,ORL,Orlando,1629021,Moritz Wagner,Moritz,,,16:14,3.0,4.0,0.75,0.0,1.0,0.0,3.0,4.0,0.75,0.0,2.0,2.0,1.0,0.0,0.0,1.0,1.0,9.0,-1.0
22200888,1610612753,ORL,Orlando,1629626,Bol Bol,Bol,,,16:10,0.0,4.0,0.0,0.0,3.0,0.0,0.0,0.0,0.0,1.0,2.0,3.0,1.0,0.0,1.0,0.0,1.0,0.0,-7.0
22200888,1610612753,ORL,Orlando,1630175,Cole Anthony,Cole,,,18:19,5.0,12.0,0.417,3.0,3.0,1.0,2.0,2.0,1.0,2.0,2.0,4.0,4.0,0.0,0.0,1.0,2.0,15.0,-15.0
22200888,1610612753,ORL,Orlando,1629048,Goga Bitadze,Goga,,DNP - Coach's Decision,,,,,,,,,,,,,,,,,,,,
22200888,1610612753,ORL,Orlando,1629643,Chuma Okeke,Chuma,,DNP - Coach's Decision,,,,,,,,,,,,,,,,,,,,
22200888,1610612753,ORL,Orlando,1629678,Admiral Schofield,Admiral,,DNP - Coach's Decision,,,,,,,,,,,,,,,,,,,,
22200890,1610612740,NOP,New Orleans,1630529,Herbert Jones,Herbert,F,,33:41,1.0,3.0,0.333,0.0,1.0,0.0,0.0,0.0,0.0,0.0,5.0,5.0,2.0,1.0,2.0,0.0,1.0,2.0,-3.0
22200890,1610612740,NOP,New Orleans,1627742,Brandon Ingram,Brandon,F,,36:30,12.0,27.0,0.444,5.0,7.0,0.714,7.0,8.0,0.875,0.0,7.0,7.0,3.0,0.0,0.0,6.0,2.0,36.0,0.0
22200890,1610612740,NOP,New Orleans,202685,Jonas Valančiūnas,Jonas,C,,29:00,4.0,8.0,0.5,0.0,0.0,0.0,4.0,6.0,0.667,2.0,10.0,12.0,2.0,0.0,0.0,2.0,4.0,12.0,-1.0
22200890,1610612740,NOP,New Orleans,1626196,Josh Richardson,Josh,G,,28:55,4.0,8.0,0.5,2.0,6.0,0.333,1.0,1.0,1.0,0.0,3.0,3.0,3.0,3.0,0.0,2.0,4.0,11.0,-4.0
22200890,1610612740,NOP,New Orleans,203468,CJ McCollum,CJ,G,,35:55,8.0,16.0,0.5,3.0,5.0,0.6,4.0,6.0,0.667,1.0,3.0,4.0,5.0,0.0,0.0,2.0,2.0,23.0,-8.0
22200890,1610612740,NOP,New Orleans,1630631,Jose Alvarado,Jose,,,14:44,3.0,5.0,0.6,1.0,2.0,0.5,0.0,0.0,0.0,0.0,1.0,1.0,2.0,1.0,0.0,0.0,1.0,7.0,-2.0
22200890,1610612740,NOP,New Orleans,1630530,Trey Murphy III,Trey,,,23:02,3.0,8.0,0.375,1.0,5.0,0.2,2.0,2.0,1.0,1.0,1.0,2.0,0.0,1.0,0.0,1.0,2.0,9.0,0.0
22200890,1610612740,NOP,New Orleans,1630230,Naji Marshall,Naji,,,19:13,3.0,6.0,0.5,1.0,3.0,0.333,0.0,0.0,0.0,0.0,3.0,3.0,3.0,0.0,0.0,0.0,1.0,7.0,-3.0
22200890,1610612740,NOP,New Orleans,1626204,Larry Nance Jr.,Larry,,,19:00,1.0,3.0,0.333,0.0,1.0,0.0,1.0,2.0,0.5,2.0,4.0,6.0,3.0,0.0,0.0,0.0,2.0,3.0,-4.0
22200890,1610612740,NOP,New Orleans,1629637,Jaxson Hayes,Jaxson,,DNP - Coach's Decision,,,,,,,,,,,,,,,,,,,,
22200890,1610612740,NOP,New Orleans,1626195,Willy Hernangomez,Willy,,DNP - Coach's Decision,,,,,,,,,,,,,,,,,,,,
22200890,1610612740,NOP,New Orleans,1630184,Kira Lewis Jr.,Kira,,DNP - Coach's Decision,,,,,,,,,,,,,,,,,,,,
22200890,1610612740,NOP,New Orleans,202066,Garrett Temple,Garrett,,DNP - Coach's Decision,,,,,,,,,,,,,,,,,,,,
22200890,1610612761,TOR,Toronto,1628384,OG Anunoby,OG,F,,32:17,5.0,13.0,0.385,1.0,8.0,0.125,1.0,1.0,1.0,0.0,6.0,6.0,2.0,2.0,1.0,3.0,5.0,12.0,-5.0
22200890,1610612761,TOR,Toronto,1627783,Pascal Siakam,Pascal,F,,38:01,9.0,21.0,0.429,1.0,5.0,0.2,7.0,8.0,0.875,1.0,3.0,4.0,5.0,0.0,0.0,1.0,2.0,26.0,8.0
22200890,1610612761,TOR,Toronto,1627751,Jakob Poeltl,Jakob,C,,30:27,9.0,11.0,0.818,0.0,0.0,0.0,3.0,7.0,0.429,7.0,11.0,18.0,2.0,3.0,1.0,0.0,5.0,21.0,4.0
22200890,1610612761,TOR,Toronto,1629018,Gary Trent Jr.,Gary,G,,37:04,6.0,16.0,0.375,3.0,8.0,0.375,3.0,3.0,1.0,0.0,0.0,0.0,1.0,2.0,0.0,2.0,1.0,18.0,9.0
22200890,1610612761,TOR,Toronto,1630567,Scottie Barnes,Scottie,G,,40:32,6.0,13.0,0.462,2.0,4.0,0.5,4.0,4.0,1.0,0.0,5.0,5.0,3.0,3.0,1.0,3.0,3.0,18.0,5.0
22200890,1610612761,TOR,Toronto,1628449,Chris Boucher,Chris,,,22:33,4.0,8.0,0.5,1.0,3.0,0.333,0.0,0.0,0.0,2.0,6.0,8.0,1.0,0.0,1.0,0.0,0.0,9.0,1.0
22200890,1610612761,TOR,Toronto,1630173,Precious Achiuwa,Precious,,,19:54,2.0,6.0,0.333,0.0,1.0,0.0,2.0,2.0,1.0,0.0,6.0,6.0,0.0,0.0,1.0,2.0,1.0,6.0,4.0
22200890,1610612761,TOR,Toronto,1630288,Jeff Dowtin Jr.,Jeff,,,19:12,2.0,4.0,0.5,1.0,2.0,0.5,0.0,0.0,0.0,1.0,0.0,1.0,3.0,0.0,0.0,0.0,3.0,5.0,-1.0
22200890,1610612761,TOR,Toronto,1630201,Malachi Flynn,Malachi,,DNP - Coach's Decision,,,,,,,,,,,,,,,,,,,,
22200890,1610612761,TOR,Toronto,1627823,Juancho Hernangomez,Juancho,,DNP - Coach's Decision,,,,,,,,,,,,,,,,,,,,
22200890,1610612761,TOR,Toronto,1631132,Christian Koloko,Christian,,DNP - Coach's Decision,,,,,,,,,,,,,,,,,,,,
22200890,1610612761,TOR,Toronto,1627832,Fred VanVleet,Fred,,DNP - Personal,,,,,,,,,,,,,,,,,,,,
22200890,1610612761,TOR,Toronto,1630580,Joe Wieskamp,Joe,,DNP - Coach's Decision,,,,,,,,,,,,,,,,,,,,
22200890,1610612761,TOR,Toronto,201152,Thaddeus Young,Thaddeus,,DNP - Coach's Decision,,,,,,,,,,,,,,,,,,,,
22200881,1610612742,DAL,Dallas,1630182,Josh Green,Josh,F,,28:59,2.0,8.0,0.25,2.0,5.0,0.4,0.0,0.0,0.0,0.0,2.0,2.0,0.0,0.0,0.0,3.0,1.0,6.0,-20.0
22200881,1610612742,DAL,Dallas,203493,Reggie Bullock Jr.,Reggie,F,,29:54,1.0,5.0,0.2,1.0,5.0,0.2,0.0,0.0,0.0,0.0,1.0,1.0,2.0,0.0,1.0,3.0,1.0,3.0,-14.0
22200881,1610612742,DAL,Dallas,203939,Dwight Powell,Dwight,C,,21:00,4.0,4.0,1.0,0.0,0.0,0.0,0.0,0.0,0.0,3.0,7.0,10.0,2.0,1.0,0.0,0.0,2.0,8.0,-9.0
22200881,1610612742,DAL,Dallas,1628373,Frank Ntilikina,Frank,G,,23:48,2.0,6.0,0.333,0.0,4.0,0.0,0.0,0.0,0.0,0.0,2.0,2.0,0.0,1.0,0.0,1.0,0.0,4.0,6.0
22200881,1610612742,DAL,Dallas,1629029,Luka Dončić,Luka,G,,34:59,12.0,22.0,0.545,3.0,8.0,0.375,10.0,12.0,0.833,1.0,3.0,4.0,9.0,4.0,0.0,2.0,1.0,37.0,-12.0
22200881,1610612742,DAL,Dallas,201580,JaVale McGee,JaVale,,,9:53,2.0,3.0,0.667,0.0,0.0,0.0,1.0,2.0,0.5,0.0,3.0,3.0,0.0,0.0,1.0,1.0,1.0,5.0,-2.0
22200881,1610612742,DAL,Dallas,1629033,Theo Pinson,Theo,,,20:03,0.0,5.0,0.0,0.0,2.0,0.0,0.0,0.0,0.0,1.0,0.0,1.0,4.0,0.0,0.0,0.0,3.0,0.0,4.0
22200881,1610612742,DAL,Dallas,1630702,Jaden Hardy,Jaden,,,24:26,2.0,8.0,0.25,2.0,4.0,0.5,2.0,2.0,1.0,0.0,2.0,2.0,2.0,1.0,0.0,1.0,1.0,8.0,2.0
22200881,1610612742,DAL,Dallas,1626174,Christian Wood,Christian,,,21:41,6.0,13.0,0.462,2.0,6.0,0.333,3.0,3.0,1.0,0.0,4.0,4.0,2.0,0.0,1.0,1.0,1.0,17.0,1.0
22200881,1610612742,DAL,Dallas,1630593,McKinley Wright IV,McKinley,,,12:51,4.0,4.0,1.0,2.0,2.0,1.0,1.0,1.0,1.0,0.0,0.0,0.0,4.0,0.0,0.0,0.0,1.0,11.0,8.0
22200881,1610612742,DAL,Dallas,1630639,A.J. Lawson,A.J.,,,12:26,4.0,6.0,0.667,2.0,3.0,0.667,0.0,0.0,0.0,1.0,1.0,2.0,0.0,1.0,0.0,0.0,1.0,10.0,-9.0
22200881,1610612742,DAL,Dallas,203200,Justin Holiday,Justin,,DNP - Coach's Decision,,,,,,,,,,,,,,,,,,,,
22200881,1610612742,DAL,Dallas,202693,Markieff Morris,Markieff,,DNP - Coach's Decision,,,,,,,,,,,,,,,,,,,,
22200881,1610612743,DEN,Denver,1629008,Michael Porter Jr.,Michael,F,,32:49,8.0,16.0,0.5,5.0,10.0,0.5,1.0,2.0,0.5,1.0,4.0,5.0,1.0,0.0,2.0,1.0,2.0,22.0,12.0
22200881,1610612743,DEN,Denver,1628427,Vlatko Čančar,Vlatko,F,,25:14,5.0,11.0,0.455,0.0,4.0,0.0,2.0,2.0,1.0,1.0,2.0,3.0,2.0,0.0,0.0,0.0,1.0,12.0,7.0
22200881,1610612743,DEN,Denver,203999,Nikola Jokić,Nikola,C,,34:08,6.0,9.0,0.667,0.0,0.0,0.0,2.0,3.0,0.667,1.0,12.0,13.0,10.0,1.0,1.0,5.0,2.0,14.0,9.0
22200881,1610612743,DEN,Denver,203484,Kentavious Caldwell-Pope,Kentavious,G,,31:40,4.0,7.0,0.571,3.0,6.0,0.5,3.0,3.0,1.0,0.0,5.0,5.0,5.0,3.0,1.0,3.0,0.0,14.0,8.0
22200881,1610612743,DEN,Denver,1628971,Bruce Brown,Bruce,G,,29:18,5.0,10.0,0.5,0.0,3.0,0.0,0.0,0.0,0.0,0.0,3.0,3.0,6.0,2.0,0.0,0.0,2.0,10.0,13.0
22200881,1610612743,DEN,Denver,1631128,Christian Braun,Christian,,,26:49,2.0,3.0,0.667,1.0,2.0,0.5,1.0,2.0,0.5,1.0,2.0,3.0,4.0,0.0,0.0,1.0,2.0,6.0,4.0
22200881,1610612743,DEN,Denver,201145,Jeff Green,Jeff,,,25:34,11.0,16.0,0.688,2.0,5.0,0.4,0.0,0.0,0.0,0.0,1.0,1.0,1.0,1.0,1.0,1.0,3.0,24.0,2.0
22200881,1610612743,DEN,Denver,202397,Ish Smith,Ish,,,18:42,4.0,7.0,0.571,0.0,0.0,0.0,0.0,0.0,0.0,0.0,5.0,5.0,5.0,0.0,0.0,1.0,1.0,8.0,-4.0
22200881,1610612743,DEN,Denver,1628418,Thomas Bryant,Thomas,,,13:52,3.0,5.0,0.6,0.0,1.0,0.0,2.0,3.0,0.667,2.0,3.0,5.0,0.0,0.0,0.0,1.0,1.0,8.0,0.0
22200881,1610612743,DEN,Denver,1631212,Peyton Watson,Peyton,,,0:57,0.0,0.0,0.0,0.0,0.0,0.0,0.0,0.0,0.0,0.0,0.0,0.0,0.0,0.0,0.0,0.0,0.0,0.0,-3.0
22200881,1610612743,DEN,Denver,1631298,Jack White,Jack,,,0:57,0.0,0.0,0.0,0.0,0.0,0.0,0.0,0.0,0.0,0.0,0.0,0.0,0.0,0.0,0.0,0.0,0.0,0.0,-3.0
22200881,1610612743,DEN,Denver,201599,DeAndre Jordan,DeAndre,,DNP - Coach's Decision,,,,,,,,,,,,,,,,,,,,
22200861,1610612743,DEN,Denver,1629008,Michael Porter Jr.,Michael,F,,33:29,6.0,15.0,0.4,5.0,13.0,0.385,0.0,0.0,0.0,1.0,5.0,6.0,0.0,1.0,1.0,2.0,2.0,17.0,6.0
22200861,1610612743,DEN,Denver,1628427,Vlatko Čančar,Vlatko,F,,28:01,4.0,6.0,0.667,0.0,2.0,0.0,2.0,2.0,1.0,1.0,4.0,5.0,6.0,1.0,1.0,3.0,1.0,10.0,-1.0
22200861,1610612743,DEN,Denver,203999,Nikola Jokić,Nikola,C,,33:54,12.0,14.0,0.857,0.0,0.0,0.0,3.0,3.0,1.0,0.0,12.0,12.0,8.0,0.0,0.0,0.0,3.0,27.0,5.0
22200861,1610612743,DEN,Denver,203484,Kentavious Caldwell-Pope,Kentavious,G,,36:05,3.0,5.0,0.6,2.0,3.0,0.667,0.0,0.0,0.0,1.0,3.0,4.0,6.0,0.0,2.0,3.0,1.0,8.0,-2.0
22200861,1610612743,DEN,Denver,1628971,Bruce Brown,Bruce,G,,32:09,6.0,12.0,0.5,3.0,7.0,0.429,1.0,2.0,0.5,0.0,2.0,2.0,3.0,0.0,0.0,2.0,4.0,16.0,3.0
22200861,1610612743,DEN,Denver,1631128,Christian Braun,Christian,,,26:24,4.0,6.0,0.667,1.0,2.0,0.5,1.0,2.0,0.5,2.0,2.0,4.0,4.0,1.0,0.0,0.0,3.0,10.0,4.0
22200861,1610612743,DEN,Denver,201145,Jeff Green,Jeff,,,19:59,4.0,9.0,0.444,0.0,1.0,0.0,4.0,4.0,1.0,0.0,2.0,2.0,1.0,0.0,0.0,1.0,1.0,12.0,5.0
22200861,1610612743,DEN,Denver,202397,Ish Smith,Ish,,,15:51,1.0,4.0,0.25,0.0,0.0,0.0,0.0,0.0,0.0,0.0,2.0,2.0,6.0,0.0,0.0,2.0,0.0,2.0,1.0
22200861,1610612743,DEN,Denver,1628418,Thomas Bryant,Thomas,,,14:08,4.0,5.0,0.8,0.0,0.0,0.0,2.0,2.0,1.0,1.0,1.0,2.0,0.0,0.0,0.0,0.0,3.0,10.0,-1.0
22200861,1610612743,DEN,Denver,201599,DeAndre Jordan,DeAndre,,DNP - Coach's Decision,,,,,,,,,,,,,,,,,,,,
22200861,1610612743,DEN,Denver,1631212,Peyton Watson,Peyton,,DNP - Coach's Decision,,,,,,,,,,,,,,,,,,,,
22200861,1610612743,DEN,Denver,1631298,Jack White,Jack,,DNP - Coach's Decision,,,,,,,,,,,,,,,,,,,,
22200861,1610612748,MIA,Miami,202710,Jimmy Butler III,Jimmy,F,,32:19,8.0,18.0,0.444,1.0,2.0,0.5,7.0,7.0,1.0,3.0,7.0,10.0,9.0,1.0,0.0,1.0,0.0,24.0,-3.0
22200861,1610612748,MIA,Miami,1628997,Caleb Martin,Caleb,F,,28:11,4.0,8.0,0.5,0.0,2.0,0.0,0.0,0.0,0.0,2.0,2.0,4.0,0.0,1.0,0.0,1.0,1.0,8.0,-4.0
22200861,1610612748,MIA,Miami,1628389,Bam Adebayo,Bam,C,,34:26,6.0,14.0,0.429,0.0,0.0,0.0,7.0,7.0,1.0,0.0,2.0,2.0,2.0,2.0,1.0,1.0,2.0,19.0,-6.0
22200861,1610612748,MIA,Miami,1629622,Max Strus,Max,G,,41:36,8.0,20.0,0.4,4.0,14.0,0.286,3.0,5.0,0.6,1.0,6.0,7.0,4.0,1.0,0.0,1.0,1.0,23.0,2.0
22200861,1610612748,MIA,Miami,1629216,Gabe Vincent,Gabe,G,,34:03,5.0,13.0,0.385,4.0,9.0,0.444,1.0,1.0,1.0,0.0,2.0,2.0,4.0,1.0,0.0,2.0,6.0,15.0,5.0
22200861,1610612748,MIA,Miami,1631115,Orlando Robinson,Orlando,,,13:34,3.0,3.0,1.0,0.0,0.0,0.0,0.0,0.0,0.0,2.0,4.0,6.0,0.0,0.0,0.0,0.0,2.0,6.0,2.0
22200861,1610612748,MIA,Miami,1629312,Haywood Highsmith,Haywood,,,27:34,1.0,5.0,0.2,1.0,4.0,0.25,0.0,0.0,0.0,0.0,1.0,1.0,3.0,0.0,2.0,1.0,2.0,3.0,-6.0
22200861,1610612748,MIA,Miami,1631123,Jamaree Bouyea,Jamaree,,,28:17,4.0,8.0,0.5,2.0,4.0,0.5,0.0,0.0,0.0,1.0,1.0,2.0,3.0,3.0,1.0,1.0,0.0,10.0,-10.0
22200861,1610612748,MIA,Miami,1631288,Jamal Cain,Jamal,,DNP - Coach's Decision,,,,,,,,,,,,,,,,,,,,
22200861,1610612748,MIA,Miami,2617,Udonis Haslem,Udonis,,DNP - Coach's Decision,,,,,,,,,,,,,,,,,,,,
22200861,1610612748,MIA,Miami,1629639,Tyler Herro,Tyler,,DND - Injury/Illness,,,,,,,,,,,,,,,,,,,,
22200866,1610612764,WAS,Washington,1630557,Corey Kispert,Corey,F,,21:43,2.0,4.0,0.5,0.0,2.0,0.0,0.0,0.0,0.0,0.0,1.0,1.0,0.0,2.0,1.0,1.0,2.0,4.0,-4.0
22200866,1610612764,WAS,Washington,204001,Kristaps Porziņģis,Kristaps,F,,35:51,12.0,16.0,0.75,2.0,3.0,0.667,8.0,8.0,1.0,1.0,6.0,7.0,2.0,1.0,0.0,4.0,1.0,34.0,-14.0
22200866,1610612764,WAS,Washington,1629655,Daniel Gafford,Daniel,C,,28:16,3.0,4.0,0.75,0.0,0.0,0.0,3.0,4.0,0.75,2.0,6.0,8.0,5.0,0.0,0.0,1.0,2.0,9.0,-15.0
22200866,1610612764,WAS,Washington,203078,Bradley Beal,Bradley,G,,34:37,13.0,23.0,0.565,3.0,8.0,0.375,4.0,5.0,0.8,1.0,2.0,3.0,4.0,1.0,0.0,4.0,2.0,33.0,-16.0
22200866,1610612764,WAS,Washington,1628420,Monté Morris,Monté,G,,28:34,3.0,6.0,0.5,2.0,3.0,0.667,0.0,0.0,0.0,0.0,2.0,2.0,5.0,1.0,0.0,1.0,1.0,8.0,-10.0
22200866,1610612764,WAS,Washington,1629134,Kendrick Nunn,Kendrick,,,29:00,5.0,7.0,0.714,2.0,3.0,0.667,1.0,2.0,0.5,0.0,2.0,2.0,6.0,1.0,0.0,1.0,1.0,13.0,-3.0
22200866,1610612764,WAS,Washington,1630166,Deni Avdija,Deni,,,27:13,3.0,10.0,0.3,1.0,5.0,0.2,0.0,0.0,0.0,2.0,3.0,5.0,3.0,2.0,0.0,1.0,3.0,7.0,13.0
22200866,1610612764,WAS,Washington,1626153,Delon Wright,Delon,,,19:26,4.0,6.0,0.667,2.0,4.0,0.5,0.0,0.0,0.0,2.0,2.0,4.0,1.0,2.0,0.0,3.0,2.0,10.0,1.0
22200866,1610612764,WAS,Washington,1630264,Anthony Gill,Anthony,,,12:25,2.0,3.0,0.667,0.0,0.0,0.0,2.0,2.0,1.0,1.0,0.0,1.0,0.0,0.0,2.0,1.0,0.0,6.0,0.0
22200866,1610612764,WAS,Washington,1631245,Quenton Jackson,Quenton,,,2:55,1.0,1.0,1.0,0.0,0.0,0.0,0.0,0.0,0.0,0.0,0.0,0.0,0.0,0.0,0.0,0.0,1.0,2.0,3.0
22200866,1610612764,WAS,Washington,1630176,Vernon Carey Jr.,Vernon,,DNP - Coach's Decision,,,,,,,,,,,,,,,,,,,,
22200866,1610612764,WAS,Washington,1631098,Johnny Davis,Johnny,,DNP - Coach's Decision,,,,,,,,,,,,,,,,,,,,
22200866,1610612764,WAS,Washington,201959,Taj Gibson,Taj,,DNP - Coach's Decision,,,,,,,,,,,,,,,,,,,,
22200866,1610612744,GSW,Golden State,203952,Andrew Wiggins,Andrew,F,,38:53,12.0,22.0,0.545,3.0,6.0,0.5,2.0,2.0,1.0,2.0,5.0,7.0,4.0,0.0,0.0,0.0,2.0,29.0,21.0
22200866,1610612744,GSW,Golden State,203110,Draymond Green,Draymond,F,,23:59,2.0,3.0,0.667,0.0,0.0,0.0,0.0,0.0,0.0,0.0,0.0,0.0,6.0,2.0,0.0,2.0,4.0,4.0,3.0
22200866,1610612744,GSW,Golden State,1626172,Kevon Looney,Kevon,C,,30:38,6.0,7.0,0.857,0.0,0.0,0.0,1.0,1.0,1.0,5.0,8.0,13.0,4.0,0.0,0.0,0.0,2.0,13.0,11.0
22200866,1610612744,GSW,Golden State,202691,Klay Thompson,Klay,G,,35:57,10.0,21.0,0.476,4.0,13.0,0.308,3.0,4.0,0.75,2.0,2.0,4.0,5.0,1.0,0.0,2.0,2.0,27.0,2.0
22200866,1610612744,GSW,Golden State,1629673,Jordan Poole,Jordan,G,,29:38,4.0,11.0,0.364,3.0,6.0,0.5,3.0,5.0,0.6,1.0,3.0,4.0,4.0,0.0,0.0,4.0,4.0,14.0,-7.0
22200866,1610612744,GSW,Golden State,1628978,Donte DiVincenzo,Donte,,,25:20,6.0,9.0,0.667,5.0,8.0,0.625,0.0,0.0,0.0,0.0,1.0,1.0,3.0,2.0,0.0,3.0,1.0,17.0,-7.0
22200866,1610612744,GSW,Golden State,203210,JaMychal Green,JaMychal,,,15:54,5.0,5.0,1.0,4.0,4.0,1.0,0.0,0.0,0.0,0.0,1.0,1.0,5.0,2.0,0.0,1.0,3.0,14.0,-7.0
22200866,1610612744,GSW,Golden State,1629660,Ty Jerome,Ty,,,18:23,4.0,5.0,0.8,0.0,0.0,0.0,1.0,1.0,1.0,1.0,1.0,2.0,7.0,0.0,0.0,1.0,0.0,9.0,12.0
22200866,1610612744,GSW,Golden State,1630228,Jonathan Kuminga,Jonathan,,,13:03,3.0,5.0,0.6,1.0,2.0,0.5,0.0,0.0,0.0,0.0,0.0,0.0,2.0,2.0,0.0,2.0,1.0,7.0,6.0
22200866,1610612744,GSW,Golden State,1630541,Moses Moody,Moses,,,8:15,0.0,1.0,0.0,0.0,1.0,0.0,1.0,2.0,0.5,0.0,2.0,2.0,0.0,1.0,0.0,0.0,0.0,1.0,11.0
22200866,1610612744,GSW,Golden State,1631116,Patrick Baldwin Jr.,Patrick,,DNP - Coach's Decision,,,,,,,,,,,,,,,,,,,,
22200855,1610612763,MEM,Memphis,1628415,Dillon Brooks,Dillon,F,,35:58,4.0,12.0,0.333,3.0,7.0,0.429,0.0,0.0,0.0,0.0,2.0,2.0,3.0,1.0,0.0,0.0,3.0,11.0,-2.0
22200855,1610612763,MEM,Memphis,1628991,Jaren Jackson Jr.,Jaren,F,,20:24,6.0,9.0,0.667,2.0,2.0,1.0,1.0,2.0,0.5,1.0,6.0,7.0,3.0,1.0,0.0,3.0,6.0,15.0,7.0
22200855,1610612763,MEM,Memphis,1630214,Xavier Tillman,Xavier,C,,24:23,3.0,3.0,1.0,0.0,0.0,0.0,0.0,0.0,0.0,1.0,1.0,2.0,1.0,0.0,1.0,0.0,3.0,6.0,2.0
22200855,1610612763,MEM,Memphis,1630217,Desmond Bane,Desmond,G,,33:50,7.0,14.0,0.5,3.0,7.0,0.429,1.0,1.0,1.0,1.0,5.0,6.0,7.0,1.0,2.0,2.0,2.0,18.0,5.0
22200855,1610612763,MEM,Memphis,1629630,Ja Morant,Ja,G,,33:55,9.0,18.0,0.5,0.0,4.0,0.0,7.0,11.0,0.636,0.0,6.0,6.0,7.0,0.0,0.0,1.0,1.0,25.0,3.0
22200855,1610612763,MEM,Memphis,1630583,Santi Aldama,Santi,,,27:30,2.0,11.0,0.182,2.0,9.0,0.222,3.0,3.0,1.0,0.0,7.0,7.0,1.0,1.0,2.0,2.0,2.0,9.0,-17.0
22200855,1610612763,MEM,Memphis,1628379,Luke Kennard,Luke,,,21:36,1.0,4.0,0.25,1.0,2.0,0.5,1.0,1.0,1.0,0.0,2.0,2.0,1.0,0.0,0.0,0.0,3.0,4.0,-20.0
22200855,1610612763,MEM,Memphis,1629634,Brandon Clarke,Brandon,,,23:26,7.0,8.0,0.875,0.0,0.0,0.0,0.0,3.0,0.0,0.0,2.0,2.0,0.0,0.0,0.0,0.0,1.0,14.0,-12.0
22200855,1610612763,MEM,Memphis,1626145,Tyus Jones,Tyus,,,14:05,2.0,4.0,0.5,0.0,2.0,0.0,0.0,0.0,0.0,0.0,0.0,0.0,1.0,0.0,0.0,0.0,0.0,4.0,-13.0
22200855,1610612763,MEM,Memphis,1629723,John Konchar,John,,,4:53,1.0,1.0,1.0,1.0,1.0,1.0,0.0,0.0,0.0,0.0,0.0,0.0,0.0,0.0,0.0,0.0,1.0,3.0,-3.0
22200855,1610612763,MEM,Memphis,1631113,Kennedy Chandler,Kennedy,,DNP - Coach's Decision,,,,,,,,,,,,,,,,,,,,
22200855,1610612763,MEM,Memphis,1631246,Vince Williams Jr.,Vince,,DNP - Coach's Decision,,,,,,,,,,,,,,,,,,,,
22200855,1610612738,BOS,Boston,1628369,Jayson Tatum,Jayson,F,,37:59,3.0,16.0,0.188,1.0,8.0,0.125,9.0,12.0,0.75,0.0,7.0,7.0,3.0,2.0,2.0,3.0,0.0,16.0,7.0
22200855,1610612738,BOS,Boston,201143,Al Horford,Al,F,,30:06,5.0,9.0,0.556,4.0,7.0,0.571,2.0,2.0,1.0,1.0,8.0,9.0,5.0,0.0,1.0,1.0,3.0,16.0,5.0
22200855,1610612738,BOS,Boston,1629057,Robert Williams III,Robert,C,,32:27,5.0,9.0,0.556,0.0,1.0,0.0,0.0,0.0,0.0,5.0,11.0,16.0,3.0,1.0,0.0,0.0,3.0,10.0,7.0
22200855,1610612738,BOS,Boston,1630573,Sam Hauser,Sam,G,,31:25,7.0,12.0,0.583,6.0,11.0,0.545,0.0,0.0,0.0,0.0,0.0,0.0,0.0,1.0,0.0,1.0,3.0,20.0,1.0
22200855,1610612738,BOS,Boston,1628401,Derrick White,Derrick,G,,40:07,8.0,20.0,0.4,4.0,9.0,0.444,3.0,4.0,0.75,1.0,2.0,3.0,10.0,0.0,0.0,3.0,0.0,23.0,8.0
22200855,1610612738,BOS,Boston,1629684,Grant Williams,Grant,,,26:13,2.0,6.0,0.333,0.0,3.0,0.0,6.0,8.0,0.75,4.0,6.0,10.0,4.0,0.0,0.0,1.0,2.0,10.0,5.0
22200855,1610612738,BOS,Boston,1630202,Payton Pritchard,Payton,,,18:11,4.0,7.0,0.571,4.0,7.0,0.571,0.0,0.0,0.0,0.0,1.0,1.0,3.0,0.0,0.0,0.0,0.0,12.0,5.0
22200855,1610612738,BOS,Boston,203488,Mike Muscala,Mike,,,16:41,4.0,7.0,0.571,2.0,5.0,0.4,0.0,0.0,0.0,1.0,4.0,5.0,0.0,0.0,0.0,1.0,2.0,10.0,2.0
22200855,1610612738,BOS,Boston,1628436,Luke Kornet,Luke,,,6:51,1.0,2.0,0.5,0.0,0.0,0.0,0.0,0.0,0.0,3.0,1.0,4.0,0.0,1.0,0.0,0.0,1.0,2.0,10.0
22200855,1610612738,BOS,Boston,1631120,JD Davison,JD,,DNP - Coach's Decision,,,,,,,,,,,,,,,,,,,,
22200855,1610612738,BOS,Boston,201933,Blake Griffin,Blake,,DNP - Coach's Decision,,,,,,,,,,,,,,,,,,,,
22200855,1610612738,BOS,Boston,1629662,Mfiondu Kabengele,Mfiondu,,DNP - Coach's Decision,,,,,,,,,,,,,,,,,,,,
22200856,1610612765,DET,Detroit,202711,Bojan Bogdanović,Bojan,F,,37:59,10.0,18.0,0.556,3.0,8.0,0.375,10.0,11.0,0.909,1.0,4.0,5.0,3.0,0.0,1.0,1.0,2.0,33.0,-2.0
22200856,1610612765,DET,Detroit,1630191,Isaiah Stewart,Isaiah,F,,37:41,5.0,7.0,0.714,3.0,4.0,0.75,3.0,5.0,0.6,0.0,3.0,3.0,1.0,0.0,0.0,1.0,1.0,16.0,5.0
22200856,1610612765,DET,Detroit,1631105,Jalen Duren,Jalen,C,,21:12,2.0,5.0,0.4,0.0,0.0,0.0,2.0,4.0,0.5,1.0,3.0,4.0,1.0,0.0,0.0,1.0,4.0,6.0,-23.0
22200856,1610612765,DET,Detroit,1631093,Jaden Ivey,Jaden,G,,27:29,6.0,11.0,0.545,3.0,4.0,0.75,3.0,4.0,0.75,1.0,1.0,2.0,7.0,0.0,0.0,2.0,5.0,18.0,-2.0
22200856,1610612765,DET,Detroit,1630165,Killian Hayes,Killian,G,,20:38,1.0,10.0,0.1,0.0,5.0,0.0,0.0,0.0,0.0,0.0,4.0,4.0,5.0,0.0,1.0,3.0,4.0,2.0,-13.0
22200856,1610612765,DET,Detroit,202692,Alec Burks,Alec,,,28:13,6.0,9.0,0.667,4.0,7.0,0.571,5.0,6.0,0.833,1.0,2.0,3.0,2.0,1.0,0.0,2.0,1.0,21.0,13.0
22200856,1610612765,DET,Detroit,1628977,Hamidou Diallo,Hamidou,,,22:13,8.0,11.0,0.727,0.0,0.0,0.0,2.0,2.0,1.0,1.0,6.0,7.0,1.0,1.0,1.0,1.0,3.0,18.0,0.0
22200856,1610612765,DET,Detroit,1630587,Isaiah Livers,Isaiah,,,27:03,1.0,5.0,0.2,0.0,4.0,0.0,0.0,0.0,0.0,1.0,1.0,2.0,1.0,1.0,1.0,1.0,4.0,2.0,16.0
22200856,1610612765,DET,Detroit,202709,Cory Joseph,Cory,,,17:32,1.0,3.0,0.333,0.0,2.0,0.0,0.0,0.0,0.0,0.0,2.0,2.0,4.0,0.0,0.0,4.0,2.0,2.0,1.0
22200856,1610612765,DET,Detroit,1628963,Marvin Bagley III,Marvin,,DND - Injury/Illness,,,,,,,,,,,,,,,,,,,,
22200856,1610612765,DET,Detroit,203585,Rodney McGruder,Rodney,,DNP - Coach's Decision,,,,,,,,,,,,,,,,,,,,
22200856,1610612765,DET,Detroit,1630649,Stanley Umude,Stanley,,DNP - Coach's Decision,,,,,,,,,,,,,,,,,,,,
22200856,1610612761,TOR,Toronto,1627783,Pascal Siakam,Pascal,F,,38:20,10.0,19.0,0.526,1.0,3.0,0.333,7.0,10.0,0.7,1.0,3.0,4.0,6.0,0.0,2.0,2.0,2.0,28.0,6.0
22200856,1610612761,TOR,Toronto,1630173,Precious Achiuwa,Precious,F,,33:03,4.0,10.0,0.4,0.0,2.0,0.0,3.0,6.0,0.5,4.0,7.0,11.0,1.0,0.0,0.0,0.0,2.0,11.0,5.0
22200856,1610612761,TOR,Toronto,1627751,Jakob Poeltl,Jakob,C,,25:04,3.0,5.0,0.6,0.0,0.0,0.0,0.0,0.0,0.0,2.0,3.0,5.0,1.0,2.0,3.0,0.0,6.0,6.0,11.0
22200856,1610612761,TOR,Toronto,1630567,Scottie Barnes,Scottie,G,,37:20,5.0,6.0,0.833,3.0,4.0,0.75,7.0,10.0,0.7,0.0,4.0,4.0,2.0,1.0,0.0,4.0,5.0,20.0,5.0
22200856,1610612761,TOR,Toronto,1627832,Fred VanVleet,Fred,G,,37:07,12.0,26.0,0.462,6.0,13.0,0.462,5.0,7.0,0.714,0.0,3.0,3.0,8.0,0.0,1.0,1.0,3.0,35.0,-4.0
22200856,1610612761,TOR,Toronto,201152,Thaddeus Young,Thaddeus,,,24:03,2.0,5.0,0.4,0.0,2.0,0.0,0.0,0.0,0.0,2.0,3.0,5.0,2.0,1.0,0.0,0.0,2.0,4.0,-9.0
22200856,1610612761,TOR,Toronto,1628449,Chris Boucher,Chris,,,17:36,3.0,6.0,0.5,0.0,2.0,0.0,1.0,1.0,1.0,3.0,2.0,5.0,0.0,1.0,2.0,1.0,3.0,7.0,-9.0
22200856,1610612761,TOR,Toronto,1630201,Malachi Flynn,Malachi,,,18:05,2.0,5.0,0.4,1.0,2.0,0.5,0.0,0.0,0.0,1.0,1.0,2.0,1.0,0.0,0.0,0.0,1.0,5.0,-3.0
22200856,1610612761,TOR,Toronto,1630625,Dalano Banton,Dalano,,,9:22,1.0,5.0,0.2,0.0,2.0,0.0,1.0,2.0,0.5,0.0,1.0,1.0,0.0,0.0,0.0,0.0,2.0,3.0,3.0
22200856,1610612761,TOR,Toronto,1627823,Juancho Hernangomez,Juancho,,DNP - Coach's Decision,,,,,,,,,,,,,,,,,,,,
22200856,1610612761,TOR,Toronto,1629018,Gary Trent Jr.,Gary,,DND - Injury/Illness,,,,,,,,,,,,,,,,,,,,
22200856,1610612761,TOR,Toronto,1630580,Joe Wieskamp,Joe,,DNP - Coach's Decision,,,,,,,,,,,,,,,,,,,,
22200848,1610612748,MIA,Miami,202710,Jimmy Butler III,Jimmy,F,,33:44,7.0,17.0,0.412,0.0,1.0,0.0,8.0,8.0,1.0,2.0,5.0,7.0,6.0,2.0,2.0,3.0,2.0,22.0,14.0
22200848,1610612748,MIA,Miami,1628997,Caleb Martin,Caleb,F,,25:35,2.0,6.0,0.333,0.0,3.0,0.0,4.0,4.0,1.0,3.0,4.0,7.0,1.0,2.0,1.0,1.0,1.0,8.0,0.0
22200848,1610612748,MIA,Miami,1628389,Bam Adebayo,Bam,C,,43:23,5.0,10.0,0.5,0.0,1.0,0.0,3.0,4.0,0.75,1.0,16.0,17.0,6.0,2.0,1.0,4.0,2.0,13.0,13.0
22200848,1610612748,MIA,Miami,1629639,Tyler Herro,Tyler,G,,46:59,10.0,23.0,0.435,2.0,10.0,0.2,1.0,1.0,1.0,0.0,2.0,2.0,1.0,0.0,0.0,4.0,5.0,23.0,8.0
22200848,1610612748,MIA,Miami,1629216,Gabe Vincent,Gabe,G,,41:07,6.0,12.0,0.5,4.0,10.0,0.4,4.0,4.0,1.0,1.0,1.0,2.0,2.0,1.0,0.0,2.0,4.0,20.0,10.0
22200848,1610612748,MIA,Miami,1629622,Max Strus,Max,,,39:11,4.0,12.0,0.333,4.0,11.0,0.364,0.0,0.0,0.0,1.0,3.0,4.0,7.0,0.0,0.0,3.0,4.0,12.0,1.0
22200848,1610612748,MIA,Miami,1629312,Haywood Highsmith,Haywood,,,16:07,2.0,4.0,0.5,2.0,3.0,0.667,0.0,0.0,0.0,1.0,2.0,3.0,0.0,0.0,1.0,0.0,2.0,6.0,-9.0
22200848,1610612748,MIA,Miami,1631123,Jamaree Bouyea,Jamaree,,,9:18,0.0,0.0,0.0,0.0,0.0,0.0,0.0,0.0,0.0,0.0,0.0,0.0,0.0,0.0,1.0,1.0,1.0,0.0,-8.0
22200848,1610612748,MIA,Miami,1631115,Orlando Robinson,Orlando,,,9:37,1.0,1.0,1.0,0.0,0.0,0.0,1.0,2.0,0.5,2.0,2.0,4.0,1.0,0.0,0.0,1.0,1.0,3.0,-9.0
22200848,1610612748,MIA,Miami,1631288,Jamal Cain,Jamal,,DNP - Coach's Decision,,,,,,,,,,,,,,,,,,,,
22200848,1610612748,MIA,Miami,2617,Udonis Haslem,Udonis,,NWT - Not With Team,,,,,,,,,,,,,,,,,,,,
22200848,1610612753,ORL,Orlando,1630532,Franz Wagner,Franz,F,,35:51,4.0,15.0,0.267,0.0,4.0,0.0,2.0,3.0,0.667,0.0,4.0,4.0,4.0,1.0,0.0,4.0,3.0,10.0,0.0
22200848,1610612753,ORL,Orlando,1631094,Paolo Banchero,Paolo,F,,33:46,6.0,16.0,0.375,0.0,4.0,0.0,4.0,4.0,1.0,5.0,8.0,13.0,1.0,0.0,0.0,3.0,4.0,16.0,-8.0
22200848,1610612753,ORL,Orlando,1628976,Wendell Carter Jr.,Wendell,C,,31:45,4.0,5.0,0.8,2.0,2.0,1.0,4.0,4.0,1.0,2.0,4.0,6.0,3.0,1.0,0.0,4.0,2.0,14.0,-12.0
22200848,1610612753,ORL,Orlando,203914,Gary Harris,Gary,G,,28:01,2.0,9.0,0.222,2.0,6.0,0.333,0.0,0.0,0.0,0.0,2.0,2.0,0.0,2.0,0.0,0.0,3.0,6.0,-14.0
22200848,1610612753,ORL,Orlando,1628365,Markelle Fultz,Markelle,G,,33:03,7.0,14.0,0.5,1.0,2.0,0.5,2.0,2.0,1.0,1.0,3.0,4.0,3.0,1.0,0.0,4.0,5.0,17.0,-12.0
22200848,1610612753,ORL,Orlando,1628371,Jonathan Isaac,Jonathan,,,14:16,1.0,3.0,0.333,0.0,0.0,0.0,1.0,2.0,0.5,1.0,3.0,4.0,0.0,1.0,0.0,1.0,0.0,3.0,5.0
22200848,1610612753,ORL,Orlando,1630591,Jalen Suggs,Jalen,,,27:54,5.0,7.0,0.714,3.0,4.0,0.75,1.0,2.0,0.5,0.0,0.0,0.0,2.0,4.0,3.0,0.0,2.0,14.0,1.0
22200848,1610612753,ORL,Orlando,1630175,Cole Anthony,Cole,,,19:57,3.0,9.0,0.333,1.0,3.0,0.333,0.0,0.0,0.0,1.0,3.0,4.0,6.0,0.0,1.0,0.0,1.0,7.0,8.0
22200848,1610612753,ORL,Orlando,1629021,Moritz Wagner,Moritz,,,21:15,4.0,7.0,0.571,2.0,4.0,0.5,4.0,6.0,0.667,2.0,1.0,3.0,2.0,2.0,1.0,0.0,3.0,14.0,8.0
22200848,1610612753,ORL,Orlando,1629626,Bol Bol,Bol,,,19:13,1.0,2.0,0.5,0.0,0.0,0.0,0.0,0.0,0.0,0.0,4.0,4.0,1.0,0.0,0.0,2.0,1.0,2.0,4.0
22200848,1610612753,ORL,Orlando,1631216,Caleb Houstan,Caleb,,DNP - Coach's Decision,,,,,,,,,,,,,,,,,,,,
22200848,1610612753,ORL,Orlando,1629678,Admiral Schofield,Admiral,,DNP - Coach's Decision,,,,,,,,,,,,,,,,,,,,
22200847,1610612743,DEN,Denver,1629008,Michael Porter Jr.,Michael,F,,32:10,6.0,14.0,0.429,2.0,7.0,0.286,0.0,0.0,0.0,1.0,5.0,6.0,2.0,1.0,0.0,0.0,2.0,14.0,14.0
22200847,1610612743,DEN,Denver,1628427,Vlatko Čančar,Vlatko,F,,23:38,5.0,9.0,0.556,1.0,3.0,0.333,1.0,1.0,1.0,1.0,4.0,5.0,2.0,0.0,0.0,0.0,2.0,12.0,12.0
22200847,1610612743,DEN,Denver,203999,Nikola Jokić,Nikola,C,,34:03,11.0,22.0,0.5,0.0,0.0,0.0,8.0,9.0,0.889,7.0,9.0,16.0,10.0,0.0,2.0,4.0,1.0,30.0,22.0
22200847,1610612743,DEN,Denver,203484,Kentavious Caldwell-Pope,Kentavious,G,,31:47,6.0,14.0,0.429,0.0,4.0,0.0,3.0,3.0,1.0,1.0,1.0,2.0,5.0,1.0,2.0,3.0,1.0,15.0,11.0
22200847,1610612743,DEN,Denver,1628971,Bruce Brown,Bruce,G,,31:31,6.0,9.0,0.667,2.0,4.0,0.5,0.0,0.0,0.0,0.0,2.0,2.0,5.0,1.0,0.0,2.0,1.0,14.0,17.0
22200847,1610612743,DEN,Denver,202397,Ish Smith,Ish,,,20:50,1.0,7.0,0.143,0.0,0.0,0.0,0.0,0.0,0.0,1.0,4.0,5.0,8.0,0.0,0.0,1.0,2.0,2.0,1.0
22200847,1610612743,DEN,Denver,1631128,Christian Braun,Christian,,,26:33,5.0,8.0,0.625,0.0,1.0,0.0,1.0,2.0,0.5,2.0,5.0,7.0,0.0,4.0,0.0,1.0,2.0,11.0,-1.0
22200847,1610612743,DEN,Denver,201145,Jeff Green,Jeff,,,23:13,5.0,9.0,0.556,0.0,3.0,0.0,0.0,0.0,0.0,0.0,4.0,4.0,2.0,0.0,0.0,0.0,4.0,10.0,2.0
22200847,1610612743,DEN,Denver,201599,DeAndre Jordan,DeAndre,,,11:56,4.0,4.0,1.0,0.0,0.0,0.0,1.0,2.0,0.5,1.0,3.0,4.0,1.0,0.0,1.0,3.0,5.0,9.0,-6.0
22200847,1610612743,DEN,Denver,1628418,Thomas Bryant,Thomas,,,2:01,0.0,1.0,0.0,0.0,0.0,0.0,0.0,0.0,0.0,0.0,0.0,0.0,0.0,0.0,0.0,0.0,0.0,0.0,-2.0
22200847,1610612743,DEN,Denver,1631212,Peyton Watson,Peyton,,,1:09,1.0,1.0,1.0,0.0,0.0,0.0,0.0,0.0,0.0,0.0,0.0,0.0,0.0,0.0,0.0,0.0,0.0,2.0,0.0
22200847,1610612743,DEN,Denver,1631298,Jack White,Jack,,,1:09,0.0,1.0,0.0,0.0,1.0,0.0,0.0,0.0,0.0,0.0,0.0,0.0,0.0,0.0,0.0,0.0,0.0,0.0,0.0
22200847,1610612766,CHA,Charlotte,202330,Gordon Hayward,Gordon,F,,36:03,9.0,18.0,0.5,1.0,4.0,0.25,2.0,2.0,1.0,0.0,2.0,2.0,3.0,2.0,0.0,2.0,0.0,21.0,0.0
22200847,1610612766,CHA,Charlotte,1629023,P.J. Washington,P.J.,F,,33:11,8.0,14.0,0.571,1.0,5.0,0.2,5.0,8.0,0.625,1.0,3.0,4.0,1.0,0.0,2.0,1.0,1.0,22.0,-6.0
22200847,1610612766,CHA,Charlotte,1631109,Mark Williams,Mark,C,,21:27,3.0,5.0,0.6,0.0,0.0,0.0,0.0,2.0,0.0,0.0,5.0,5.0,0.0,1.0,2.0,0.0,4.0,6.0,-2.0
22200847,1610612766,CHA,Charlotte,1626179,Terry Rozier,Terry,G,,31:20,4.0,14.0,0.286,1.0,7.0,0.143,3.0,4.0,0.75,0.0,2.0,2.0,4.0,3.0,0.0,1.0,3.0,12.0,-22.0
22200847,1610612766,CHA,Charlotte,1630163,LaMelo Ball,LaMelo,G,,35:17,6.0,16.0,0.375,3.0,10.0,0.3,3.0,5.0,0.6,1.0,8.0,9.0,12.0,2.0,0.0,4.0,3.0,18.0,-5.0
22200847,1610612766,CHA,Charlotte,1630550,JT Thor,JT,,,16:25,0.0,1.0,0.0,0.0,0.0,0.0,0.0,2.0,0.0,0.0,2.0,2.0,0.0,1.0,0.0,0.0,0.0,0.0,-5.0
22200847,1610612766,CHA,Charlotte,1630208,Nick Richards,Nick,,,27:05,3.0,5.0,0.6,0.0,0.0,0.0,3.0,4.0,0.75,3.0,5.0,8.0,1.0,0.0,2.0,2.0,3.0,9.0,-13.0
22200847,1610612766,CHA,Charlotte,1628372,Dennis Smith Jr.,Dennis,,,27:15,6.0,10.0,0.6,2.0,5.0,0.4,1.0,2.0,0.5,0.0,4.0,4.0,3.0,1.0,2.0,1.0,2.0,15.0,-3.0
22200847,1610612766,CHA,Charlotte,1631121,Bryce McGowens,Bryce,,,11:57,1.0,2.0,0.5,0.0,1.0,0.0,0.0,0.0,0.0,0.0,1.0,1.0,1.0,1.0,0.0,3.0,2.0,2.0,-14.0
22200847,1610612766,CHA,Charlotte,1628998,Cody Martin,Cody,,DND - Injury/Illness,,,,,,,,,,,,,,,,,,,,
22200847,1610612766,CHA,Charlotte,1626162,Kelly Oubre Jr.,Kelly,,DND - Injury/Illness,,,,,,,,,,,,,,,,,,,,
22200849,1610612754,IND,Indiana,1627741,Buddy Hield,Buddy,F,,30:26,6.0,13.0,0.462,4.0,10.0,0.4,0.0,0.0,0.0,3.0,1.0,4.0,3.0,2.0,0.0,1.0,2.0,16.0,-9.0
22200849,1610612754,IND,Indiana,1630174,Aaron Nesmith,Aaron,F,,25:39,0.0,6.0,0.0,0.0,2.0,0.0,3.0,4.0,0.75,1.0,1.0,2.0,3.0,0.0,1.0,0.0,2.0,3.0,10.0
22200849,1610612754,IND,Indiana,1626167,Myles Turner,Myles,C,,26:09,7.0,10.0,0.7,0.0,2.0,0.0,6.0,8.0,0.75,2.0,1.0,3.0,2.0,1.0,0.0,0.0,3.0,20.0,-7.0
22200849,1610612754,IND,Indiana,1630169,Tyrese Haliburton,Tyrese,G,,35:04,8.0,16.0,0.5,5.0,8.0,0.625,0.0,0.0,0.0,3.0,3.0,6.0,7.0,2.0,0.0,2.0,0.0,21.0,-17.0
22200849,1610612754,IND,Indiana,1629614,Andrew Nembhard,Andrew,G,,19:40,3.0,7.0,0.429,1.0,3.0,0.333,0.0,0.0,0.0,0.0,2.0,2.0,2.0,1.0,0.0,1.0,2.0,7.0,4.0
22200849,1610612754,IND,Indiana,1631097,Bennedict Mathurin,Bennedict,,,30:59,7.0,18.0,0.389,1.0,7.0,0.143,1.0,1.0,1.0,2.0,1.0,3.0,4.0,1.0,0.0,0.0,4.0,16.0,-19.0
22200849,1610612754,IND,Indiana,1630543,Isaiah Jackson,Isaiah,,,18:03,3.0,4.0,0.75,0.0,0.0,0.0,0.0,0.0,0.0,2.0,2.0,4.0,2.0,1.0,2.0,0.0,3.0,6.0,-12.0
22200849,1610612754,IND,Indiana,1630188,Jalen Smith,Jalen,,,8:13,1.0,5.0,0.2,0.0,2.0,0.0,1.0,2.0,0.5,1.0,1.0,2.0,0.0,0.0,0.0,0.0,0.0,3.0,-5.0
22200849,1610612754,IND,Indiana,204456,T.J. McConnell,T.J.,,,20:57,4.0,9.0,0.444,1.0,2.0,0.5,0.0,0.0,0.0,1.0,1.0,2.0,3.0,0.0,0.0,1.0,2.0,9.0,-12.0
22200849,1610612754,IND,Indiana,1630537,Chris Duarte,Chris,,,18:15,3.0,6.0,0.5,1.0,3.0,0.333,2.0,2.0,1.0,2.0,0.0,2.0,1.0,0.0,0.0,2.0,0.0,9.0,-8.0
22200849,1610612754,IND,Indiana,1629052,Oshae Brissett,Oshae,,,6:35,1.0,1.0,1.0,1.0,1.0,1.0,0.0,0.0,0.0,0.0,3.0,3.0,0.0,0.0,0.0,0.0,0.0,3.0,5.0
22200849,1610612764,WAS,Washington,1630557,Corey Kispert,Corey,F,,29:41,5.0,9.0,0.556,3.0,7.0,0.429,0.0,0.0,0.0,0.0,3.0,3.0,1.0,0.0,0.0,0.0,0.0,13.0,9.0
22200849,1610612764,WAS,Washington,1629655,Daniel Gafford,Daniel,F,,29:31,6.0,6.0,1.0,0.0,0.0,0.0,1.0,3.0,0.333,1.0,4.0,5.0,2.0,0.0,4.0,2.0,3.0,13.0,4.0
22200849,1610612764,WAS,Washington,204001,Kristaps Porziņģis,Kristaps,C,,32:16,4.0,8.0,0.5,1.0,3.0,0.333,8.0,8.0,1.0,4.0,6.0,10.0,5.0,0.0,1.0,0.0,2.0,17.0,14.0
22200849,1610612764,WAS,Washington,203078,Bradley Beal,Bradley,G,,31:00,13.0,18.0,0.722,4.0,5.0,0.8,2.0,2.0,1.0,1.0,3.0,4.0,6.0,1.0,1.0,5.0,4.0,32.0,13.0
22200849,1610612764,WAS,Washington,1628420,Monté Morris,Monté,G,,27:19,7.0,10.0,0.7,0.0,2.0,0.0,3.0,3.0,1.0,1.0,5.0,6.0,4.0,1.0,0.0,1.0,0.0,17.0,5.0
22200849,1610612764,WAS,Washington,1630166,Deni Avdija,Deni,,,29:52,7.0,8.0,0.875,1.0,2.0,0.5,1.0,2.0,0.5,0.0,6.0,6.0,3.0,0.0,1.0,2.0,2.0,16.0,16.0
22200849,1610612764,WAS,Washington,1626153,Delon Wright,Delon,,,22:58,2.0,4.0,0.5,1.0,1.0,1.0,4.0,4.0,1.0,0.0,0.0,0.0,5.0,1.0,0.0,2.0,1.0,9.0,16.0
22200849,1610612764,WAS,Washington,1629134,Kendrick Nunn,Kendrick,,,22:13,4.0,8.0,0.5,2.0,4.0,0.5,0.0,0.0,0.0,0.0,3.0,3.0,6.0,1.0,0.0,1.0,1.0,10.0,22.0
22200849,1610612764,WAS,Washington,1630264,Anthony Gill,Anthony,,,3:26,0.0,0.0,0.0,0.0,0.0,0.0,0.0,0.0,0.0,0.0,0.0,0.0,0.0,0.0,0.0,1.0,0.0,0.0,-7.0
22200849,1610612764,WAS,Washington,1630692,Jordan Goodwin,Jordan,,,3:02,0.0,1.0,0.0,0.0,1.0,0.0,0.0,0.0,0.0,0.0,1.0,1.0,0.0,0.0,0.0,1.0,1.0,0.0,-7.0
22200849,1610612764,WAS,Washington,1630176,Vernon Carey Jr.,Vernon,,,2:54,0.0,1.0,0.0,0.0,0.0,0.0,0.0,0.0,0.0,0.0,0.0,0.0,0.0,0.0,0.0,0.0,1.0,0.0,-5.0
22200849,1610612764,WAS,Washington,1631245,Quenton Jackson,Quenton,,,2:54,0.0,1.0,0.0,0.0,1.0,0.0,0.0,0.0,0.0,1.0,0.0,1.0,0.0,0.0,0.0,0.0,0.0,0.0,-5.0
22200849,1610612764,WAS,Washington,1631098,Johnny Davis,Johnny,,,2:54,0.0,1.0,0.0,0.0,0.0,0.0,0.0,0.0,0.0,0.0,1.0,1.0,0.0,1.0,0.0,1.0,1.0,0.0,-5.0
22200849,1610612764,WAS,Washington,201959,Taj Gibson,Taj,,DNP - Coach's Decision,,,,,,,,,,,,,,,,,,,,
22200853,1610612747,LAL,Los Angeles,1628972,Troy Brown Jr.,Troy,F,,21:38,2.0,5.0,0.4,1.0,3.0,0.333,0.0,0.0,0.0,3.0,3.0,6.0,1.0,0.0,0.0,1.0,4.0,5.0,-3.0
22200853,1610612747,LAL,Los Angeles,1629060,Rui Hachimura,Rui,F,,31:07,6.0,11.0,0.545,2.0,4.0,0.5,2.0,2.0,1.0,0.0,7.0,7.0,1.0,1.0,0.0,0.0,0.0,16.0,12.0
22200853,1610612747,LAL,Los Angeles,203076,Anthony Davis,Anthony,C,,35:44,5.0,19.0,0.263,0.0,1.0,0.0,3.0,4.0,0.75,2.0,14.0,16.0,1.0,0.0,3.0,4.0,2.0,13.0,8.0
22200853,1610612747,LAL,Los Angeles,1626156,D'Angelo Russell,D'Angelo,G,,35:13,6.0,12.0,0.5,1.0,3.0,0.333,2.0,3.0,0.667,1.0,4.0,5.0,6.0,0.0,0.0,3.0,1.0,15.0,12.0
22200853,1610612747,LAL,Los Angeles,203471,Dennis Schröder,Dennis,G,,30:03,7.0,12.0,0.583,3.0,4.0,0.75,9.0,11.0,0.818,0.0,3.0,3.0,3.0,0.0,0.0,1.0,0.0,26.0,7.0
22200853,1610612747,LAL,Los Angeles,1630559,Austin Reaves,Austin,,,26:15,2.0,5.0,0.4,1.0,2.0,0.5,3.0,4.0,0.75,0.0,2.0,2.0,1.0,0.0,1.0,2.0,1.0,8.0,3.0
22200853,1610612747,LAL,Los Angeles,1627736,Malik Beasley,Malik,,,16:17,2.0,9.0,0.222,0.0,6.0,0.0,0.0,0.0,0.0,0.0,2.0,2.0,0.0,1.0,0.0,3.0,1.0,4.0,-2.0
22200853,1610612747,LAL,Los Angeles,1629020,Jarred Vanderbilt,Jarred,,,16:54,5.0,7.0,0.714,0.0,0.0,0.0,2.0,2.0,1.0,2.0,6.0,8.0,4.0,1.0,0.0,0.0,1.0,12.0,-6.0
22200853,1610612747,LAL,Los Angeles,1629117,Wenyen Gabriel,Wenyen,,,12:09,3.0,4.0,0.75,0.0,1.0,0.0,0.0,0.0,0.0,2.0,1.0,3.0,0.0,1.0,0.0,1.0,2.0,6.0,-4.0
22200853,1610612747,LAL,Los Angeles,1629022,Lonnie Walker IV,Lonnie,,,14:40,2.0,5.0,0.4,0.0,1.0,0.0,0.0,0.0,0.0,0.0,0.0,0.0,2.0,0.0,0.0,0.0,0.0,4.0,3.0
22200853,1610612747,LAL,Los Angeles,1628964,Mo Bamba,Mo,,NWT - League Suspension,,,,,,,,,,,,,,,,,,,,
22200853,1610612747,LAL,Los Angeles,1631108,Max Christie,Max,,DNP - Coach's Decision,,,,,,,,,,,,,,,,,,,,
22200853,1610612747,LAL,Los Angeles,1628432,Davon Reed,Davon,,DNP - Coach's Decision,,,,,,,,,,,,,,,,,,,,
22200853,1610612744,GSW,Golden State,203952,Andrew Wiggins,Andrew,F,,30:59,5.0,13.0,0.385,2.0,6.0,0.333,0.0,0.0,0.0,2.0,3.0,5.0,1.0,0.0,0.0,1.0,2.0,12.0,3.0
22200853,1610612744,GSW,Golden State,203110,Draymond Green,Draymond,F,,33:54,5.0,8.0,0.625,1.0,3.0,0.333,1.0,1.0,1.0,0.0,7.0,7.0,10.0,2.0,1.0,4.0,4.0,12.0,10.0
22200853,1610612744,GSW,Golden State,1626172,Kevon Looney,Kevon,C,,22:57,1.0,1.0,1.0,0.0,0.0,0.0,0.0,0.0,0.0,3.0,10.0,13.0,2.0,2.0,2.0,0.0,1.0,2.0,-6.0
22200853,1610612744,GSW,Golden State,202691,Klay Thompson,Klay,G,,35:46,5.0,21.0,0.238,3.0,13.0,0.231,2.0,3.0,0.667,0.0,3.0,3.0,3.0,1.0,0.0,0.0,2.0,15.0,-9.0
22200853,1610612744,GSW,Golden State,1629673,Jordan Poole,Jordan,G,,37:15,11.0,25.0,0.44,3.0,10.0,0.3,4.0,4.0,1.0,0.0,5.0,5.0,6.0,1.0,2.0,3.0,4.0,29.0,-2.0
22200853,1610612744,GSW,Golden State,1630228,Jonathan Kuminga,Jonathan,,,13:42,2.0,4.0,0.5,1.0,3.0,0.333,0.0,0.0,0.0,0.0,3.0,3.0,1.0,2.0,0.0,2.0,1.0,5.0,-5.0
22200853,1610612744,GSW,Golden State,1628978,Donte DiVincenzo,Donte,,,25:41,2.0,8.0,0.25,1.0,5.0,0.2,0.0,0.0,0.0,0.0,0.0,0.0,3.0,1.0,1.0,3.0,3.0,5.0,-2.0
22200853,1610612744,GSW,Golden State,203210,JaMychal Green,JaMychal,,,19:04,3.0,8.0,0.375,1.0,4.0,0.25,4.0,4.0,1.0,1.0,4.0,5.0,0.0,0.0,0.0,1.0,4.0,11.0,-7.0
22200853,1610612744,GSW,Golden State,1629660,Ty Jerome,Ty,,,18:22,5.0,7.0,0.714,0.0,0.0,0.0,0.0,0.0,0.0,0.0,1.0,1.0,4.0,2.0,0.0,1.0,0.0,10.0,-11.0
22200853,1610612744,GSW,Golden State,1630541,Moses Moody,Moses,,,2:20,1.0,1.0,1.0,0.0,0.0,0.0,0.0,0.0,0.0,1.0,0.0,1.0,1.0,0.0,0.0,0.0,0.0,2.0,-1.0
22200853,1610612744,GSW,Golden State,2738,Andre Iguodala,Andre,,DND - Injury/Illness,,,,,,,,,,,,,,,,,,,,
22200823,1610612766,CHA,Charlotte,202330,Gordon Hayward,Gordon,F,,35:08,5.0,10.0,0.5,0.0,2.0,0.0,5.0,5.0,1.0,1.0,2.0,3.0,2.0,1.0,0.0,0.0,1.0,15.0,-9.0
22200823,1610612766,CHA,Charlotte,1629023,P.J. Washington,P.J.,F,,36:02,7.0,17.0,0.412,3.0,10.0,0.3,3.0,4.0,0.75,1.0,4.0,5.0,4.0,3.0,2.0,0.0,3.0,20.0,6.0
22200823,1610612766,CHA,Charlotte,203486,Mason Plumlee,Mason,C,,31:13,4.0,9.0,0.444,0.0,0.0,0.0,2.0,3.0,0.667,2.0,5.0,7.0,3.0,0.0,0.0,1.0,5.0,10.0,-15.0
22200823,1610612766,CHA,Charlotte,1626179,Terry Rozier,Terry,G,,36:50,7.0,20.0,0.35,2.0,10.0,0.2,3.0,3.0,1.0,2.0,5.0,7.0,6.0,2.0,0.0,1.0,0.0,19.0,-18.0
22200823,1610612766,CHA,Charlotte,1630163,LaMelo Ball,LaMelo,G,,35:42,6.0,16.0,0.375,4.0,7.0,0.571,0.0,0.0,0.0,1.0,5.0,6.0,4.0,0.0,0.0,3.0,5.0,16.0,7.0
22200823,1610612766,CHA,Charlotte,1628372,Dennis Smith Jr.,Dennis,,,24:46,4.0,6.0,0.667,0.0,0.0,0.0,1.0,2.0,0.5,0.0,0.0,0.0,3.0,2.0,0.0,0.0,2.0,9.0,-19.0
22200823,1610612766,CHA,Charlotte,1630550,JT Thor,JT,,,6:57,0.0,3.0,0.0,0.0,0.0,0.0,0.0,0.0,0.0,1.0,0.0,1.0,0.0,0.0,0.0,0.0,1.0,0.0,-14.0
22200823,1610612766,CHA,Charlotte,1631109,Mark Williams,Mark,,,16:47,4.0,5.0,0.8,0.0,0.0,0.0,1.0,2.0,0.5,4.0,4.0,8.0,0.0,0.0,2.0,1.0,0.0,9.0,1.0
22200823,1610612766,CHA,Charlotte,1629667,Jalen McDaniels,Jalen,,,16:35,2.0,7.0,0.286,0.0,2.0,0.0,2.0,2.0,1.0,0.0,3.0,3.0,1.0,3.0,1.0,1.0,0.0,6.0,-9.0
22200823,1610612766,CHA,Charlotte,1631121,Bryce McGowens,Bryce,,DNP - Coach's Decision,,,,,,,,,,,,,,,,,,,,
22200823,1610612766,CHA,Charlotte,1630208,Nick Richards,Nick,,DNP - Coach's Decision,,,,,,,,,,,,,,,,,,,,
22200823,1610612764,WAS,Washington,1630166,Deni Avdija,Deni,F,,36:39,8.0,13.0,0.615,3.0,5.0,0.6,1.0,1.0,1.0,1.0,12.0,13.0,0.0,0.0,0.0,1.0,2.0,20.0,6.0
22200823,1610612764,WAS,Washington,204001,Kristaps Porziņģis,Kristaps,F,,35:03,13.0,22.0,0.591,8.0,14.0,0.571,2.0,3.0,0.667,2.0,7.0,9.0,2.0,0.0,2.0,1.0,2.0,36.0,12.0
22200823,1610612764,WAS,Washington,1629655,Daniel Gafford,Daniel,C,,27:10,3.0,5.0,0.6,0.0,0.0,0.0,7.0,8.0,0.875,2.0,3.0,5.0,1.0,1.0,3.0,1.0,1.0,13.0,9.0
22200823,1610612764,WAS,Washington,203078,Bradley Beal,Bradley,G,,32:33,7.0,15.0,0.467,1.0,5.0,0.2,2.0,2.0,1.0,0.0,4.0,4.0,10.0,1.0,3.0,3.0,2.0,17.0,12.0
22200823,1610612764,WAS,Washington,1626153,Delon Wright,Delon,G,,31:36,1.0,6.0,0.167,0.0,2.0,0.0,0.0,0.0,0.0,0.0,6.0,6.0,10.0,1.0,0.0,1.0,5.0,2.0,6.0
22200823,1610612764,WAS,Washington,1630264,Anthony Gill,Anthony,,,19:05,3.0,4.0,0.75,0.0,1.0,0.0,1.0,1.0,1.0,0.0,3.0,3.0,2.0,0.0,1.0,1.0,1.0,7.0,8.0
22200823,1610612764,WAS,Washington,1630557,Corey Kispert,Corey,,,19:23,1.0,5.0,0.2,1.0,5.0,0.2,1.0,1.0,1.0,1.0,1.0,2.0,1.0,0.0,0.0,2.0,2.0,4.0,11.0
22200823,1610612764,WAS,Washington,1630692,Jordan Goodwin,Jordan,,,17:09,2.0,6.0,0.333,0.0,1.0,0.0,0.0,0.0,0.0,1.0,1.0,2.0,0.0,1.0,2.0,1.0,2.0,4.0,10.0
22200823,1610612764,WAS,Washington,1629134,Kendrick Nunn,Kendrick,,,10:36,3.0,7.0,0.429,0.0,2.0,0.0,0.0,0.0,0.0,3.0,1.0,4.0,2.0,0.0,0.0,3.0,0.0,6.0,2.0
22200823,1610612764,WAS,Washington,203115,Will Barton,Will,,,5:06,2.0,3.0,0.667,2.0,2.0,1.0,0.0,0.0,0.0,0.0,1.0,1.0,0.0,0.0,0.0,2.0,0.0,6.0,-8.0
22200823,1610612764,WAS,Washington,201959,Taj Gibson,Taj,,,5:41,1.0,1.0,1.0,0.0,0.0,0.0,1.0,1.0,1.0,1.0,2.0,3.0,1.0,0.0,1.0,0.0,0.0,3.0,2.0
22200823,1610612764,WAS,Washington,1631098,Johnny Davis,Johnny,,DNP - Coach's Decision,,,,,,,,,,,,,,,,,,,,
22200824,1610612755,PHI,Philadelphia,202699,Tobias Harris,Tobias,F,,32:06,2.0,10.0,0.2,0.0,4.0,0.0,0.0,0.0,0.0,1.0,3.0,4.0,1.0,1.0,0.0,0.0,0.0,4.0,-11.0
22200824,1610612755,PHI,Philadelphia,200782,P.J. Tucker,P.J.,F,,24:60,3.0,4.0,0.75,2.0,3.0,0.667,0.0,0.0,0.0,0.0,4.0,4.0,1.0,0.0,1.0,0.0,1.0,8.0,2.0
22200824,1610612755,PHI,Philadelphia,203954,Joel Embiid,Joel,C,,39:22,11.0,21.0,0.524,1.0,3.0,0.333,5.0,7.0,0.714,0.0,7.0,7.0,1.0,2.0,1.0,2.0,3.0,28.0,-3.0
22200824,1610612755,PHI,Philadelphia,1629001,De'Anthony Melton,De'Anthony,G,,32:52,5.0,8.0,0.625,2.0,4.0,0.5,0.0,0.0,0.0,0.0,4.0,4.0,3.0,1.0,0.0,0.0,3.0,12.0,6.0
22200824,1610612755,PHI,Philadelphia,201935,James Harden,James,G,,37:22,8.0,14.0,0.571,3.0,7.0,0.429,7.0,8.0,0.875,0.0,3.0,3.0,11.0,1.0,1.0,1.0,2.0,26.0,1.0
22200824,1610612755,PHI,Philadelphia,1627777,Georges Niang,Georges,,,20:38,2.0,6.0,0.333,1.0,5.0,0.2,3.0,4.0,0.75,1.0,2.0,3.0,0.0,2.0,0.0,0.0,1.0,8.0,-6.0
22200824,1610612755,PHI,Philadelphia,1630178,Tyrese Maxey,Tyrese,,,22:27,3.0,14.0,0.214,0.0,3.0,0.0,0.0,1.0,0.0,3.0,2.0,5.0,2.0,0.0,0.0,1.0,3.0,6.0,-10.0
22200824,1610612755,PHI,Philadelphia,1629680,Matisse Thybulle,Matisse,,,9:56,1.0,3.0,0.333,1.0,2.0,0.5,0.0,0.0,0.0,0.0,1.0,1.0,0.0,1.0,0.0,1.0,2.0,3.0,-4.0
22200824,1610612755,PHI,Philadelphia,1629003,Shake Milton,Shake,,,11:40,1.0,1.0,1.0,0.0,0.0,0.0,0.0,0.0,0.0,1.0,2.0,3.0,1.0,1.0,0.0,1.0,1.0,2.0,-6.0
22200824,1610612755,PHI,Philadelphia,1626149,Montrezl Harrell,Montrezl,,,8:38,1.0,2.0,0.5,0.0,0.0,0.0,0.0,0.0,0.0,2.0,1.0,3.0,0.0,0.0,0.0,0.0,0.0,2.0,-4.0
22200824,1610612755,PHI,Philadelphia,1627863,Danuel House Jr.,Danuel,,DNP - Coach's Decision,,,,,,,,,,,,,,,,,,,,
22200824,1610612755,PHI,Philadelphia,1627788,Furkan Korkmaz,Furkan,,DNP - Coach's Decision,,,,,,,,,,,,,,,,,,,,
22200824,1610612755,PHI,Philadelphia,1630194,Paul Reed,Paul,,DNP - Coach's Decision,,,,,,,,,,,,,,,,,,,,
22200824,1610612738,BOS,Boston,1628369,Jayson Tatum,Jayson,F,,37:24,5.0,15.0,0.333,1.0,5.0,0.2,1.0,3.0,0.333,1.0,7.0,8.0,9.0,1.0,1.0,4.0,2.0,12.0,5.0
22200824,1610612738,BOS,Boston,1629684,Grant Williams,Grant,F,,39:22,5.0,10.0,0.5,4.0,6.0,0.667,1.0,2.0,0.5,2.0,6.0,8.0,5.0,1.0,0.0,0.0,4.0,15.0,3.0
22200824,1610612738,BOS,Boston,201933,Blake Griffin,Blake,C,,18:17,5.0,8.0,0.625,5.0,8.0,0.625,0.0,0.0,0.0,1.0,1.0,2.0,1.0,0.0,0.0,2.0,1.0,15.0,0.0
22200824,1610612738,BOS,Boston,1627759,Jaylen Brown,Jaylen,G,,17:42,2.0,9.0,0.222,0.0,4.0,0.0,0.0,0.0,0.0,0.0,2.0,2.0,3.0,0.0,0.0,2.0,2.0,4.0,-2.0
22200824,1610612738,BOS,Boston,1628401,Derrick White,Derrick,G,,38:21,8.0,13.0,0.615,3.0,6.0,0.5,0.0,0.0,0.0,0.0,6.0,6.0,3.0,0.0,2.0,1.0,3.0,19.0,2.0
22200824,1610612738,BOS,Boston,1628436,Luke Kornet,Luke,,,28:32,3.0,3.0,1.0,0.0,0.0,0.0,2.0,2.0,1.0,0.0,4.0,4.0,1.0,0.0,2.0,0.0,2.0,8.0,6.0
22200824,1610612738,BOS,Boston,1630573,Sam Hauser,Sam,,,20:06,5.0,6.0,0.833,4.0,4.0,1.0,0.0,0.0,0.0,0.0,8.0,8.0,0.0,0.0,0.0,1.0,2.0,14.0,7.0
22200824,1610612738,BOS,Boston,1627763,Malcolm Brogdon,Malcolm,,,35:23,7.0,12.0,0.583,2.0,2.0,1.0,3.0,3.0,1.0,1.0,4.0,5.0,3.0,0.0,0.0,3.0,3.0,19.0,10.0
22200824,1610612738,BOS,Boston,1630202,Payton Pritchard,Payton,,,4:54,0.0,0.0,0.0,0.0,0.0,0.0,0.0,0.0,0.0,0.0,1.0,1.0,0.0,0.0,0.0,0.0,0.0,0.0,4.0
22200824,1610612738,BOS,Boston,1628382,Justin Jackson,Justin,,DNP - Coach's Decision,,,,,,,,,,,,,,,,,,,,
22200824,1610612738,BOS,Boston,1629662,Mfiondu Kabengele,Mfiondu,,DNP - Coach's Decision,,,,,,,,,,,,,,,,,,,,
22200825,1610612754,IND,Indiana,1627741,Buddy Hield,Buddy,F,,36:31,10.0,18.0,0.556,6.0,12.0,0.5,3.0,3.0,1.0,2.0,5.0,7.0,2.0,1.0,1.0,1.0,3.0,29.0,-2.0
22200825,1610612754,IND,Indiana,1630174,Aaron Nesmith,Aaron,F,,29:33,3.0,9.0,0.333,1.0,5.0,0.2,0.0,0.0,0.0,0.0,3.0,3.0,1.0,1.0,0.0,1.0,6.0,7.0,-4.0
22200825,1610612754,IND,Indiana,1626167,Myles Turner,Myles,C,,29:55,4.0,9.0,0.444,3.0,5.0,0.6,10.0,11.0,0.909,2.0,8.0,10.0,0.0,0.0,2.0,0.0,6.0,21.0,-2.0
22200825,1610612754,IND,Indiana,1629614,Andrew Nembhard,Andrew,G,,28:21,4.0,9.0,0.444,1.0,2.0,0.5,1.0,2.0,0.5,1.0,0.0,1.0,1.0,0.0,1.0,2.0,2.0,10.0,-10.0
22200825,1610612754,IND,Indiana,1630169,Tyrese Haliburton,Tyrese,G,,37:01,3.0,8.0,0.375,2.0,6.0,0.333,3.0,6.0,0.5,0.0,2.0,2.0,10.0,1.0,1.0,4.0,2.0,11.0,-9.0
22200825,1610612754,IND,Indiana,1631097,Bennedict Mathurin,Bennedict,,,13:26,0.0,2.0,0.0,0.0,0.0,0.0,2.0,2.0,1.0,0.0,0.0,0.0,2.0,0.0,0.0,1.0,1.0,2.0,-7.0
22200825,1610612754,IND,Indiana,1628464,Daniel Theis,Daniel,,,18:05,4.0,7.0,0.571,0.0,0.0,0.0,1.0,2.0,0.5,0.0,4.0,4.0,0.0,0.0,0.0,0.0,0.0,9.0,-3.0
22200825,1610612754,IND,Indiana,204456,T.J. McConnell,T.J.,,,27:15,8.0,12.0,0.667,2.0,3.0,0.667,0.0,1.0,0.0,0.0,3.0,3.0,6.0,0.0,0.0,1.0,3.0,18.0,9.0
22200825,1610612754,IND,Indiana,1630537,Chris Duarte,Chris,,,19:53,2.0,4.0,0.5,0.0,0.0,0.0,0.0,1.0,0.0,0.0,1.0,1.0,2.0,0.0,0.0,1.0,2.0,4.0,3.0
22200825,1610612754,IND,Indiana,1629048,Goga Bitadze,Goga,,DNP - Coach's Decision,,,,,,,,,,,,,,,,,,,,
22200825,1610612754,IND,Indiana,1629052,Oshae Brissett,Oshae,,DNP - Coach's Decision,,,,,,,,,,,,,,,,,,,,
22200825,1610612754,IND,Indiana,1630543,Isaiah Jackson,Isaiah,,DNP - Coach's Decision,,,,,,,,,,,,,,,,,,,,
22200825,1610612754,IND,Indiana,201949,James Johnson,James,,DNP - Coach's Decision,,,,,,,,,,,,,,,,,,,,
22200825,1610612754,IND,Indiana,1630188,Jalen Smith,Jalen,,DNP - Coach's Decision,,,,,,,,,,,,,,,,,,,,
22200825,1610612754,IND,Indiana,1630678,Terry Taylor,Terry,,DNP - Coach's Decision,,,,,,,,,,,,,,,,,,,,
22200825,1610612748,MIA,Miami,202710,Jimmy Butler III,Jimmy,F,,35:18,9.0,18.0,0.5,0.0,0.0,0.0,7.0,8.0,0.875,5.0,0.0,5.0,7.0,1.0,0.0,2.0,2.0,25.0,11.0
22200825,1610612748,MIA,Miami,1628997,Caleb Martin,Caleb,F,,37:27,4.0,11.0,0.364,1.0,4.0,0.25,3.0,4.0,0.75,3.0,8.0,11.0,3.0,4.0,0.0,1.0,4.0,12.0,-2.0
22200825,1610612748,MIA,Miami,1628389,Bam Adebayo,Bam,C,,36:55,12.0,16.0,0.75,0.0,0.0,0.0,14.0,14.0,1.0,2.0,7.0,9.0,3.0,1.0,0.0,2.0,2.0,38.0,2.0
22200825,1610612748,MIA,Miami,1629639,Tyler Herro,Tyler,G,,40:20,4.0,14.0,0.286,1.0,3.0,0.333,6.0,6.0,1.0,1.0,5.0,6.0,3.0,0.0,1.0,1.0,1.0,15.0,7.0
22200825,1610612748,MIA,Miami,1629216,Gabe Vincent,Gabe,G,,37:16,4.0,11.0,0.364,3.0,7.0,0.429,6.0,7.0,0.857,1.0,3.0,4.0,3.0,1.0,0.0,3.0,4.0,17.0,7.0
22200825,1610612748,MIA,Miami,1629312,Haywood Highsmith,Haywood,,,24:42,2.0,5.0,0.4,0.0,3.0,0.0,0.0,0.0,0.0,0.0,6.0,6.0,0.0,0.0,2.0,2.0,3.0,4.0,-10.0
22200825,1610612748,MIA,Miami,1631115,Orlando Robinson,Orlando,,,11:05,1.0,2.0,0.5,0.0,0.0,0.0,0.0,0.0,0.0,2.0,0.0,2.0,1.0,0.0,0.0,0.0,1.0,2.0,3.0
22200825,1610612748,MIA,Miami,1629622,Max Strus,Max,,,16:57,1.0,2.0,0.5,1.0,2.0,0.5,0.0,0.0,0.0,1.0,4.0,5.0,1.0,0.0,0.0,0.0,5.0,3.0,7.0
22200825,1610612748,MIA,Miami,1631123,Jamaree Bouyea,Jamaree,,DNP - Coach's Decision,,,,,,,,,,,,,,,,,,,,
22200825,1610612748,MIA,Miami,1631288,Jamal Cain,Jamal,,DNP - Coach's Decision,,,,,,,,,,,,,,,,,,,,
22200825,1610612748,MIA,Miami,2617,Udonis Haslem,Udonis,,DNP - Coach's Decision,,,,,,,,,,,,,,,,,,,,
22200829,1610612742,DAL,Dallas,1630182,Josh Green,Josh,F,,40:16,5.0,7.0,0.714,1.0,2.0,0.5,3.0,4.0,0.75,0.0,5.0,5.0,1.0,2.0,1.0,2.0,4.0,14.0,1.0
22200829,1610612742,DAL,Dallas,203493,Reggie Bullock Jr.,Reggie,F,,41:08,6.0,13.0,0.462,6.0,12.0,0.5,0.0,0.0,0.0,0.0,5.0,5.0,6.0,2.0,0.0,0.0,2.0,18.0,10.0
22200829,1610612742,DAL,Dallas,203939,Dwight Powell,Dwight,C,,23:41,5.0,8.0,0.625,0.0,0.0,0.0,0.0,2.0,0.0,3.0,3.0,6.0,2.0,1.0,0.0,1.0,2.0,10.0,0.0
22200829,1610612742,DAL,Dallas,203501,Tim Hardaway Jr.,Tim,G,,35:29,7.0,16.0,0.438,4.0,9.0,0.444,1.0,2.0,0.5,1.0,4.0,5.0,6.0,1.0,0.0,1.0,1.0,19.0,8.0
22200829,1610612742,DAL,Dallas,202681,Kyrie Irving,Kyrie,G,,36:48,9.0,17.0,0.529,4.0,8.0,0.5,2.0,2.0,1.0,0.0,4.0,4.0,5.0,1.0,1.0,5.0,3.0,24.0,11.0
22200829,1610612742,DAL,Dallas,201580,JaVale McGee,JaVale,,,6:34,1.0,3.0,0.333,0.0,0.0,0.0,0.0,0.0,0.0,2.0,3.0,5.0,0.0,0.0,3.0,0.0,1.0,2.0,2.0
22200829,1610612742,DAL,Dallas,1630593,McKinley Wright IV,McKinley,,,11:11,0.0,1.0,0.0,0.0,0.0,0.0,0.0,0.0,0.0,1.0,2.0,3.0,1.0,0.0,0.0,0.0,0.0,0.0,-4.0
22200829,1610612742,DAL,Dallas,1630702,Jaden Hardy,Jaden,,,12:22,3.0,5.0,0.6,0.0,1.0,0.0,2.0,3.0,0.667,0.0,3.0,3.0,0.0,0.0,0.0,5.0,2.0,8.0,0.0
22200829,1610612742,DAL,Dallas,1626174,Christian Wood,Christian,,,16:58,2.0,4.0,0.5,0.0,1.0,0.0,2.0,2.0,1.0,1.0,5.0,6.0,1.0,0.0,1.0,3.0,2.0,6.0,3.0
22200829,1610612742,DAL,Dallas,1629033,Theo Pinson,Theo,,,15:34,3.0,4.0,0.75,2.0,2.0,1.0,1.0,2.0,0.5,0.0,2.0,2.0,4.0,0.0,0.0,1.0,3.0,9.0,-1.0
22200829,1610612742,DAL,Dallas,1630639,A.J. Lawson,A.J.,,DNP - Coach's Decision,,,,,,,,,,,,,,,,,,,,
22200829,1610612742,DAL,Dallas,202693,Markieff Morris,Markieff,,DNP - Coach's Decision,,,,,,,,,,,,,,,,,,,,
22200829,1610612742,DAL,Dallas,1628373,Frank Ntilikina,Frank,,DNP - Coach's Decision,,,,,,,,,,,,,,,,,,,,
22200829,1610612742,DAL,Dallas,1629735,Chris Silva,Chris,,DNP - Coach's Decision,,,,,,,,,,,,,,,,,,,,
22200829,1610612746,LAC,LA,202694,Marcus Morris Sr.,Marcus,F,,30:14,1.0,8.0,0.125,0.0,1.0,0.0,0.0,0.0,0.0,2.0,4.0,6.0,4.0,2.0,0.0,0.0,0.0,2.0,1.0
22200829,1610612746,LAC,LA,202695,Kawhi Leonard,Kawhi,F,,32:13,7.0,12.0,0.583,1.0,1.0,1.0,3.0,4.0,0.75,0.0,4.0,4.0,4.0,2.0,1.0,0.0,1.0,18.0,-1.0
22200829,1610612746,LAC,LA,1627826,Ivica Zubac,Ivica,C,,28:41,3.0,3.0,1.0,0.0,0.0,0.0,3.0,5.0,0.6,3.0,7.0,10.0,0.0,0.0,2.0,1.0,0.0,9.0,2.0
22200829,1610612746,LAC,LA,202331,Paul George,Paul,G,,33:59,8.0,20.0,0.4,3.0,9.0,0.333,1.0,2.0,0.5,1.0,4.0,5.0,4.0,1.0,0.0,4.0,3.0,20.0,-12.0
22200829,1610612746,LAC,LA,1629611,Terance Mann,Terance,G,,35:19,7.0,12.0,0.583,4.0,7.0,0.571,3.0,4.0,0.75,0.0,3.0,3.0,4.0,0.0,0.0,1.0,3.0,21.0,0.0
22200829,1610612746,LAC,LA,1626181,Norman Powell,Norman,,,27:38,8.0,17.0,0.471,2.0,6.0,0.333,6.0,6.0,1.0,2.0,5.0,7.0,1.0,3.0,0.0,3.0,3.0,24.0,-6.0
22200829,1610612746,LAC,LA,202704,Reggie Jackson,Reggie,,,17:16,3.0,5.0,0.6,1.0,2.0,0.5,0.0,0.0,0.0,1.0,1.0,2.0,3.0,0.0,0.0,2.0,2.0,7.0,-7.0
22200829,1610612746,LAC,LA,1628379,Luke Kennard,Luke,,,5:56,0.0,1.0,0.0,0.0,0.0,0.0,0.0,0.0,0.0,0.0,0.0,0.0,0.0,0.0,0.0,0.0,1.0,0.0,2.0
22200829,1610612746,LAC,LA,201587,Nicolas Batum,Nicolas,,,14:46,0.0,3.0,0.0,0.0,3.0,0.0,0.0,0.0,0.0,0.0,2.0,2.0,0.0,1.0,1.0,0.0,2.0,0.0,-2.0
22200829,1610612746,LAC,LA,1631217,Moussa Diabaté,Moussa,,,2:14,0.0,0.0,0.0,0.0,0.0,0.0,0.0,0.0,0.0,0.0,0.0,0.0,0.0,0.0,0.0,0.0,0.0,0.0,-1.0
22200829,1610612746,LAC,LA,203496,Robert Covington,Robert,,,11:44,1.0,5.0,0.2,1.0,4.0,0.25,0.0,0.0,0.0,0.0,1.0,1.0,1.0,1.0,0.0,0.0,3.0,3.0,-6.0
22200829,1610612746,LAC,LA,1630527,Brandon Boston,Brandon,,DNP - Coach's Decision,,,,,,,,,,,,,,,,,,,,
22200829,1610612746,LAC,LA,1629599,Amir Coffey,Amir,,DNP - Coach's Decision,,,,,,,,,,,,,,,,,,,,
22200829,1610612746,LAC,LA,1630554,Jason Preston,Jason,,DNP - Coach's Decision,,,,,,,,,,,,,,,,,,,,
22200827,1610612758,SAC,Sacramento,203084,Harrison Barnes,Harrison,F,,33:07,5.0,10.0,0.5,1.0,2.0,0.5,5.0,5.0,1.0,1.0,1.0,2.0,0.0,0.0,0.0,0.0,1.0,16.0,3.0
22200827,1610612758,SAC,Sacramento,1631099,Keegan Murray,Keegan,F,,32:18,4.0,9.0,0.444,2.0,4.0,0.5,0.0,0.0,0.0,3.0,3.0,6.0,0.0,2.0,0.0,1.0,0.0,10.0,7.0
22200827,1610612758,SAC,Sacramento,1627734,Domantas Sabonis,Domantas,C,,32:03,8.0,15.0,0.533,0.0,2.0,0.0,6.0,7.0,0.857,3.0,6.0,9.0,5.0,1.0,0.0,1.0,5.0,22.0,4.0
22200827,1610612758,SAC,Sacramento,1628989,Kevin Huerter,Kevin,G,,20:29,2.0,7.0,0.286,1.0,6.0,0.167,2.0,2.0,1.0,0.0,0.0,0.0,2.0,1.0,1.0,1.0,1.0,7.0,-5.0
22200827,1610612758,SAC,Sacramento,1628368,De'Aaron Fox,De'Aaron,G,,37:35,11.0,23.0,0.478,0.0,3.0,0.0,9.0,10.0,0.9,1.0,4.0,5.0,11.0,2.0,0.0,3.0,2.0,31.0,-4.0
22200827,1610612758,SAC,Sacramento,1629056,Terence Davis,Terence,,,15:18,4.0,7.0,0.571,2.0,3.0,0.667,0.0,0.0,0.0,0.0,0.0,0.0,1.0,1.0,0.0,0.0,1.0,10.0,-4.0
22200827,1610612758,SAC,Sacramento,1630558,Davion Mitchell,Davion,,,12:03,3.0,4.0,0.75,1.0,2.0,0.5,2.0,2.0,1.0,0.0,0.0,0.0,5.0,1.0,0.0,1.0,1.0,9.0,5.0
22200827,1610612758,SAC,Sacramento,1628370,Malik Monk,Malik,,,28:55,5.0,11.0,0.455,3.0,6.0,0.5,4.0,4.0,1.0,1.0,3.0,4.0,3.0,2.0,0.0,2.0,1.0,17.0,5.0
22200827,1610612758,SAC,Sacramento,1626168,Trey Lyles,Trey,,,15:43,0.0,2.0,0.0,0.0,2.0,0.0,0.0,0.0,0.0,0.0,2.0,2.0,0.0,0.0,1.0,0.0,2.0,0.0,-5.0
22200827,1610612758,SAC,Sacramento,1629002,Chimezie Metu,Chimezie,,,12:29,4.0,4.0,1.0,0.0,0.0,0.0,0.0,0.0,0.0,1.0,2.0,3.0,2.0,0.0,2.0,0.0,1.0,8.0,4.0
22200827,1610612758,SAC,Sacramento,203521,Matthew Dellavedova,Matthew,,DNP - Coach's Decision,,,,,,,,,,,,,,,,,,,,
22200827,1610612758,SAC,Sacramento,1630556,Kessler Edwards,Kessler,,DNP - Coach's Decision,,,,,,,,,,,,,,,,,,,,
22200827,1610612758,SAC,Sacramento,1631165,Keon Ellis,Keon,,DNP - Coach's Decision,,,,,,,,,,,,,,,,,,,,
22200827,1610612758,SAC,Sacramento,1626158,Richaun Holmes,Richaun,,DNP - Coach's Decision,,,,,,,,,,,,,,,,,,,,
22200827,1610612758,SAC,Sacramento,203458,Alex Len,Alex,,DNP - Coach's Decision,,,,,,,,,,,,,,,,,,,,
22200827,1610612745,HOU,Houston,1630231,KJ Martin,KJ,F,,34:57,5.0,8.0,0.625,1.0,3.0,0.333,4.0,4.0,1.0,1.0,4.0,5.0,0.0,1.0,2.0,2.0,3.0,15.0,4.0
22200827,1610612745,HOU,Houston,1631095,Jabari Smith Jr.,Jabari,F,,31:56,3.0,6.0,0.5,0.0,2.0,0.0,3.0,4.0,0.75,1.0,5.0,6.0,4.0,0.0,2.0,0.0,2.0,9.0,0.0
22200827,1610612745,HOU,Houston,1630578,Alperen Sengun,Alperen,C,,34:33,7.0,11.0,0.636,1.0,2.0,0.5,3.0,4.0,0.75,3.0,6.0,9.0,11.0,1.0,1.0,4.0,5.0,18.0,-3.0
22200827,1610612745,HOU,Houston,201569,Eric Gordon,Eric,G,,31:27,3.0,7.0,0.429,1.0,3.0,0.333,2.0,2.0,1.0,0.0,1.0,1.0,4.0,1.0,1.0,5.0,2.0,9.0,-2.0
22200827,1610612745,HOU,Houston,1630224,Jalen Green,Jalen,G,,36:48,14.0,22.0,0.636,6.0,9.0,0.667,7.0,9.0,0.778,0.0,2.0,2.0,2.0,0.0,0.0,4.0,2.0,41.0,1.0
22200827,1610612745,HOU,Houston,1630256,Jae'Sean Tate,Jae'Sean,,,25:13,7.0,14.0,0.5,1.0,2.0,0.5,1.0,1.0,1.0,4.0,2.0,6.0,2.0,0.0,0.0,3.0,2.0,16.0,-5.0
22200827,1610612745,HOU,Houston,1631106,Tari Eason,Tari,,,20:29,4.0,8.0,0.5,0.0,1.0,0.0,2.0,2.0,1.0,2.0,2.0,4.0,0.0,0.0,0.0,1.0,1.0,10.0,-5.0
22200827,1610612745,HOU,Houston,1628981,Bruno Fernando,Bruno,,,13:06,3.0,9.0,0.333,0.0,0.0,0.0,0.0,0.0,0.0,4.0,6.0,10.0,1.0,0.0,1.0,0.0,3.0,6.0,1.0
22200827,1610612745,HOU,Houston,1630528,Josh Christopher,Josh,,,11:31,1.0,1.0,1.0,0.0,0.0,0.0,2.0,2.0,1.0,0.0,1.0,1.0,1.0,1.0,0.0,0.0,1.0,4.0,-1.0
22200827,1610612745,HOU,Houston,1630620,Darius Days,Darius,,DNP - Coach's Decision,,,,,,,,,,,,,,,,,,,,
22200827,1610612745,HOU,Houston,1630586,Usman Garuba,Usman,,DNP - Coach's Decision,,,,,,,,,,,,,,,,,,,,
22200827,1610612745,HOU,Houston,1626246,Boban Marjanović,Boban,,DNP - Coach's Decision,,,,,,,,,,,,,,,,,,,,
22200827,1610612745,HOU,Houston,1630227,Daishen Nix,Daishen,,DNP - Coach's Decision,,,,,,,,,,,,,,,,,,,,
22200827,1610612745,HOU,Houston,1631102,TyTy Washington Jr.,TyTy,,DNP - Coach's Decision,,,,,,,,,,,,,,,,,,,,
22200828,1610612750,MIN,Minnesota,1627752,Taurean Prince,Taurean,F,,28:44,5.0,6.0,0.833,2.0,3.0,0.667,0.0,0.0,0.0,1.0,4.0,5.0,7.0,1.0,2.0,3.0,3.0,12.0,19.0
22200828,1610612750,MIN,Minnesota,1630183,Jaden McDaniels,Jaden,F,,24:41,5.0,7.0,0.714,2.0,4.0,0.5,2.0,2.0,1.0,0.0,4.0,4.0,4.0,0.0,1.0,2.0,4.0,14.0,20.0
22200828,1610612750,MIN,Minnesota,1629675,Naz Reid,Naz,C,,21:58,3.0,8.0,0.375,2.0,4.0,0.5,0.0,0.0,0.0,2.0,5.0,7.0,3.0,0.0,0.0,2.0,3.0,8.0,14.0
22200828,1610612750,MIN,Minnesota,1629669,Jaylen Nowell,Jaylen,G,,29:02,11.0,16.0,0.688,6.0,9.0,0.667,2.0,2.0,1.0,1.0,3.0,4.0,6.0,2.0,0.0,0.0,1.0,30.0,38.0
22200828,1610612750,MIN,Minnesota,1630162,Anthony Edwards,Anthony,G,,33:07,13.0,27.0,0.481,4.0,9.0,0.444,1.0,1.0,1.0,0.0,7.0,7.0,8.0,1.0,0.0,1.0,1.0,31.0,19.0
22200828,1610612750,MIN,Minnesota,1630233,Nathan Knight,Nathan,,,11:42,0.0,1.0,0.0,0.0,1.0,0.0,0.0,0.0,0.0,0.0,2.0,2.0,1.0,0.0,0.0,0.0,0.0,0.0,6.0
22200828,1610612750,MIN,Minnesota,1629162,Jordan McLaughlin,Jordan,,,15:44,1.0,3.0,0.333,0.0,1.0,0.0,0.0,0.0,0.0,1.0,1.0,2.0,1.0,1.0,0.0,0.0,0.0,2.0,4.0
22200828,1610612750,MIN,Minnesota,1631169,Josh Minott,Josh,,,29:01,6.0,12.0,0.5,0.0,2.0,0.0,0.0,0.0,0.0,2.0,9.0,11.0,0.0,1.0,2.0,0.0,4.0,12.0,9.0
22200828,1610612750,MIN,Minnesota,1630568,Luka Garza,Luka,,,23:30,9.0,13.0,0.692,4.0,5.0,0.8,3.0,3.0,1.0,1.0,2.0,3.0,3.0,0.0,0.0,1.0,2.0,25.0,12.0
22200828,1610612750,MIN,Minnesota,1627854,Bryn Forbes,Bryn,,,13:43,3.0,5.0,0.6,3.0,5.0,0.6,0.0,0.0,0.0,0.0,2.0,2.0,2.0,0.0,1.0,1.0,1.0,9.0,-6.0
22200828,1610612750,MIN,Minnesota,1631111,Wendell Moore Jr.,Wendell,,,4:24,0.0,0.0,0.0,0.0,0.0,0.0,0.0,0.0,0.0,0.0,0.0,0.0,0.0,0.0,0.0,0.0,0.0,0.0,-5.0
22200828,1610612750,MIN,Minnesota,1630346,Matt Ryan,Matt,,,4:24,0.0,0.0,0.0,0.0,0.0,0.0,0.0,0.0,0.0,0.0,0.0,0.0,0.0,0.0,0.0,0.0,0.0,0.0,-5.0
22200828,1610612750,MIN,Minnesota,203497,Rudy Gobert,Rudy,,DNP - Injury/Illness,,,,,,,,,,,,,,,,,,,,
22200828,1610612750,MIN,Minnesota,203085,Austin Rivers,Austin,,DNP - League Suspension,,,,,,,,,,,,,,,,,,,,
22200828,1610612762,UTA,Utah,1628374,Lauri Markkanen,Lauri,F,,23:24,8.0,16.0,0.5,3.0,7.0,0.429,2.0,2.0,1.0,1.0,4.0,5.0,3.0,0.0,0.0,2.0,2.0,21.0,-32.0
22200828,1610612762,UTA,Utah,203482,Kelly Olynyk,Kelly,F,,21:34,6.0,14.0,0.429,2.0,5.0,0.4,0.0,0.0,0.0,3.0,3.0,6.0,1.0,0.0,0.0,1.0,2.0,14.0,-11.0
22200828,1610612762,UTA,Utah,1631117,Walker Kessler,Walker,C,,30:10,6.0,10.0,0.6,0.0,0.0,0.0,4.0,5.0,0.8,4.0,5.0,9.0,1.0,1.0,3.0,0.0,0.0,16.0,-19.0
22200828,1610612762,UTA,Utah,203903,Jordan Clarkson,Jordan,G,,24:11,3.0,13.0,0.231,1.0,5.0,0.2,1.0,1.0,1.0,2.0,4.0,6.0,6.0,1.0,1.0,1.0,1.0,8.0,-9.0
22200828,1610612762,UTA,Utah,1629012,Collin Sexton,Collin,G,,31:16,6.0,10.0,0.6,4.0,5.0,0.8,6.0,8.0,0.75,2.0,3.0,5.0,5.0,0.0,0.0,0.0,0.0,22.0,-23.0
22200828,1610612762,UTA,Utah,1630534,Ochai Agbaji,Ochai,,,24:20,0.0,4.0,0.0,0.0,2.0,0.0,0.0,0.0,0.0,2.0,2.0,4.0,1.0,0.0,0.0,0.0,1.0,0.0,0.0
22200828,1610612762,UTA,Utah,200752,Rudy Gay,Rudy,,,18:12,3.0,12.0,0.25,1.0,3.0,0.333,2.0,2.0,1.0,4.0,2.0,6.0,2.0,0.0,0.0,1.0,1.0,9.0,-9.0
22200828,1610612762,UTA,Utah,1628962,Udoka Azubuike,Udoka,,,15:07,2.0,2.0,1.0,0.0,0.0,0.0,0.0,0.0,0.0,0.0,5.0,5.0,0.0,0.0,0.0,1.0,1.0,4.0,-4.0
22200828,1610612762,UTA,Utah,1629659,Talen Horton-Tucker,Talen,,,24:25,6.0,12.0,0.5,0.0,0.0,0.0,3.0,3.0,1.0,1.0,0.0,1.0,6.0,0.0,1.0,1.0,2.0,15.0,-17.0
22200828,1610612762,UTA,Utah,1631323,Simone Fontecchio,Simone,,,23:37,4.0,11.0,0.364,1.0,7.0,0.143,0.0,0.0,0.0,1.0,0.0,1.0,2.0,0.0,0.0,1.0,0.0,9.0,-4.0
22200828,1610612762,UTA,Utah,1630195,Leandro Bolmaro,Leandro,,,3:44,0.0,1.0,0.0,0.0,0.0,0.0,0.0,0.0,0.0,1.0,1.0,2.0,0.0,0.0,0.0,0.0,2.0,0.0,3.0
22200807,1610612758,SAC,Sacramento,1631099,Keegan Murray,Keegan,F,,25:48,1.0,7.0,0.143,0.0,6.0,0.0,0.0,0.0,0.0,1.0,3.0,4.0,1.0,0.0,0.0,2.0,0.0,2.0,-33.0
22200807,1610612758,SAC,Sacramento,203084,Harrison Barnes,Harrison,F,,23:18,1.0,3.0,0.333,0.0,1.0,0.0,5.0,6.0,0.833,1.0,1.0,2.0,1.0,0.0,1.0,2.0,3.0,7.0,-35.0
22200807,1610612758,SAC,Sacramento,1627734,Domantas Sabonis,Domantas,C,,27:28,5.0,10.0,0.5,1.0,1.0,1.0,1.0,1.0,1.0,2.0,9.0,11.0,3.0,0.0,0.0,2.0,2.0,12.0,-32.0
22200807,1610612758,SAC,Sacramento,1628989,Kevin Huerter,Kevin,G,,20:58,3.0,8.0,0.375,2.0,7.0,0.286,2.0,3.0,0.667,0.0,0.0,0.0,0.0,1.0,0.0,0.0,4.0,10.0,-34.0
22200807,1610612758,SAC,Sacramento,1630558,Davion Mitchell,Davion,G,,29:26,4.0,11.0,0.364,1.0,6.0,0.167,1.0,1.0,1.0,1.0,1.0,2.0,2.0,1.0,0.0,1.0,0.0,10.0,-28.0
22200807,1610612758,SAC,Sacramento,1629056,Terence Davis,Terence,,,15:05,3.0,9.0,0.333,1.0,7.0,0.143,0.0,0.0,0.0,0.0,4.0,4.0,2.0,0.0,0.0,1.0,1.0,7.0,-5.0
22200807,1610612758,SAC,Sacramento,1628370,Malik Monk,Malik,,,23:34,7.0,13.0,0.538,0.0,4.0,0.0,2.0,2.0,1.0,1.0,3.0,4.0,3.0,1.0,0.0,2.0,2.0,16.0,-1.0
22200807,1610612758,SAC,Sacramento,1626168,Trey Lyles,Trey,,,14:46,2.0,4.0,0.5,2.0,3.0,0.667,6.0,6.0,1.0,0.0,2.0,2.0,2.0,0.0,0.0,2.0,2.0,12.0,9.0
22200807,1610612758,SAC,Sacramento,203521,Matthew Dellavedova,Matthew,,,18:34,2.0,4.0,0.5,1.0,2.0,0.5,2.0,2.0,1.0,0.0,1.0,1.0,6.0,0.0,0.0,2.0,1.0,7.0,-4.0
22200807,1610612758,SAC,Sacramento,1629002,Chimezie Metu,Chimezie,,,10:13,2.0,3.0,0.667,1.0,2.0,0.5,2.0,2.0,1.0,1.0,1.0,2.0,1.0,0.0,2.0,1.0,2.0,7.0,2.0
22200807,1610612758,SAC,Sacramento,1631165,Keon Ellis,Keon,,,16:28,3.0,5.0,0.6,2.0,3.0,0.667,2.0,3.0,0.667,3.0,1.0,4.0,2.0,2.0,1.0,0.0,2.0,10.0,0.0
22200807,1610612758,SAC,Sacramento,1629126,Deonte Burton,Deonte,,,4:03,0.0,1.0,0.0,0.0,0.0,0.0,0.0,0.0,0.0,0.0,0.0,0.0,0.0,0.0,0.0,0.0,0.0,0.0,3.0
22200807,1610612758,SAC,Sacramento,1626158,Richaun Holmes,Richaun,,,10:19,2.0,4.0,0.5,0.0,0.0,0.0,0.0,1.0,0.0,1.0,1.0,2.0,0.0,0.0,1.0,0.0,3.0,4.0,-2.0
22200807,1610612758,SAC,Sacramento,203458,Alex Len,Alex,,DNP - Coach's Decision,,,,,,,,,,,,,,,,,,,,
22200807,1610612740,NOP,New Orleans,1630530,Trey Murphy III,Trey,F,,35:58,9.0,11.0,0.818,6.0,8.0,0.75,6.0,7.0,0.857,0.0,4.0,4.0,2.0,1.0,0.0,1.0,3.0,30.0,34.0
22200807,1610612740,NOP,New Orleans,1630230,Naji Marshall,Naji,F,,24:18,7.0,12.0,0.583,0.0,2.0,0.0,3.0,6.0,0.5,0.0,6.0,6.0,4.0,2.0,0.0,2.0,1.0,17.0,17.0
22200807,1610612740,NOP,New Orleans,1626204,Larry Nance Jr.,Larry,C,,19:48,4.0,6.0,0.667,0.0,0.0,0.0,2.0,4.0,0.5,4.0,5.0,9.0,1.0,1.0,1.0,0.0,2.0,10.0,37.0
22200807,1610612740,NOP,New Orleans,1630529,Herbert Jones,Herbert,G,,33:16,2.0,6.0,0.333,0.0,0.0,0.0,1.0,2.0,0.5,1.0,1.0,2.0,2.0,1.0,1.0,1.0,2.0,5.0,35.0
22200807,1610612740,NOP,New Orleans,203468,CJ McCollum,CJ,G,,22:52,9.0,11.0,0.818,3.0,4.0,0.75,3.0,3.0,1.0,0.0,2.0,2.0,4.0,1.0,0.0,1.0,5.0,24.0,25.0
22200807,1610612740,NOP,New Orleans,1629637,Jaxson Hayes,Jaxson,,,19:27,2.0,5.0,0.4,0.0,0.0,0.0,2.0,3.0,0.667,3.0,1.0,4.0,0.0,4.0,0.0,0.0,0.0,6.0,-3.0
22200807,1610612740,NOP,New Orleans,1630631,Jose Alvarado,Jose,,,14:30,1.0,5.0,0.2,0.0,2.0,0.0,0.0,0.0,0.0,1.0,0.0,1.0,1.0,1.0,0.0,2.0,0.0,2.0,-8.0
22200807,1610612740,NOP,New Orleans,1626195,Willy Hernangomez,Willy,,,28:12,7.0,16.0,0.438,0.0,2.0,0.0,8.0,8.0,1.0,3.0,13.0,16.0,4.0,0.0,1.0,3.0,5.0,22.0,-5.0
22200807,1610612740,NOP,New Orleans,1630184,Kira Lewis Jr.,Kira,,,21:37,4.0,7.0,0.571,2.0,2.0,1.0,1.0,1.0,1.0,0.0,4.0,4.0,4.0,0.0,0.0,0.0,3.0,11.0,16.0
22200807,1610612740,NOP,New Orleans,1628984,Devonte' Graham,Devonte',,,15:21,2.0,5.0,0.4,2.0,5.0,0.4,0.0,0.0,0.0,0.0,0.0,0.0,3.0,0.0,0.0,0.0,2.0,6.0,10.0
22200807,1610612740,NOP,New Orleans,202066,Garrett Temple,Garrett,,,4:41,1.0,1.0,1.0,1.0,1.0,1.0,0.0,0.0,0.0,0.0,0.0,0.0,1.0,0.0,0.0,0.0,0.0,3.0,2.0
22200778,1610612747,LAL,Los Angeles,1629060,Rui Hachimura,Rui,F,,28:19,3.0,9.0,0.333,0.0,1.0,0.0,1.0,3.0,0.333,2.0,7.0,9.0,0.0,1.0,0.0,0.0,1.0,7.0,-4.0
22200778,1610612747,LAL,Los Angeles,2544,LeBron James,LeBron,F,,32:58,11.0,19.0,0.579,2.0,5.0,0.4,2.0,2.0,1.0,2.0,5.0,7.0,7.0,0.0,0.0,3.0,1.0,26.0,-4.0
22200778,1610612747,LAL,Los Angeles,203076,Anthony Davis,Anthony,C,,34:32,13.0,27.0,0.481,0.0,3.0,0.0,5.0,5.0,1.0,5.0,9.0,14.0,2.0,1.0,2.0,2.0,0.0,31.0,-6.0
22200778,1610612747,LAL,Los Angeles,201976,Patrick Beverley,Patrick,G,,28:31,3.0,4.0,0.75,1.0,2.0,0.5,0.0,2.0,0.0,0.0,2.0,2.0,4.0,3.0,2.0,1.0,2.0,7.0,16.0
22200778,1610612747,LAL,Los Angeles,203471,Dennis Schröder,Dennis,G,,36:28,4.0,8.0,0.5,2.0,3.0,0.667,2.0,4.0,0.5,2.0,4.0,6.0,5.0,1.0,0.0,3.0,1.0,12.0,-3.0
22200778,1610612747,LAL,Los Angeles,201566,Russell Westbrook,Russell,,,32:09,2.0,16.0,0.125,0.0,5.0,0.0,6.0,8.0,0.75,1.0,2.0,3.0,10.0,0.0,0.0,4.0,2.0,10.0,0.0
22200778,1610612747,LAL,Los Angeles,1629022,Lonnie Walker IV,Lonnie,,,17:60,1.0,2.0,0.5,0.0,1.0,0.0,4.0,5.0,0.8,0.0,1.0,1.0,0.0,0.0,0.0,0.0,2.0,6.0,5.0
22200778,1610612747,LAL,Los Angeles,1628972,Troy Brown Jr.,Troy,,,17:31,1.0,3.0,0.333,0.0,1.0,0.0,0.0,0.0,0.0,0.0,3.0,3.0,1.0,2.0,0.0,0.0,1.0,2.0,-3.0
22200778,1610612747,LAL,Los Angeles,1628418,Thomas Bryant,Thomas,,,11:32,4.0,4.0,1.0,1.0,1.0,1.0,2.0,2.0,1.0,1.0,5.0,6.0,0.0,0.0,1.0,0.0,0.0,11.0,4.0
22200778,1610612747,LAL,Los Angeles,1631108,Max Christie,Max,,DNP - Coach's Decision,,,,,,,,,,,,,,,,,,,,
22200778,1610612747,LAL,Los Angeles,1629117,Wenyen Gabriel,Wenyen,,DNP - Coach's Decision,,,,,,,,,,,,,,,,,,,,
22200778,1610612747,LAL,Los Angeles,1627745,Damian Jones,Damian,,DNP - Coach's Decision,,,,,,,,,,,,,,,,,,,,
22200778,1610612747,LAL,Los Angeles,1629308,Juan Toscano-Anderson,Juan,,DNP - Coach's Decision,,,,,,,,,,,,,,,,,,,,
22200778,1610612754,IND,Indiana,1627741,Buddy Hield,Buddy,F,,36:32,5.0,11.0,0.455,2.0,5.0,0.4,2.0,3.0,0.667,0.0,5.0,5.0,2.0,2.0,0.0,1.0,2.0,14.0,3.0
22200778,1610612754,IND,Indiana,1630174,Aaron Nesmith,Aaron,F,,35:04,9.0,12.0,0.75,5.0,8.0,0.625,1.0,1.0,1.0,0.0,3.0,3.0,2.0,2.0,1.0,1.0,5.0,24.0,6.0
22200778,1610612754,IND,Indiana,1626167,Myles Turner,Myles,C,,31:27,8.0,11.0,0.727,2.0,4.0,0.5,2.0,2.0,1.0,2.0,11.0,13.0,3.0,1.0,2.0,1.0,5.0,20.0,18.0
22200778,1610612754,IND,Indiana,1629614,Andrew Nembhard,Andrew,G,,33:07,3.0,8.0,0.375,1.0,2.0,0.5,0.0,0.0,0.0,0.0,4.0,4.0,6.0,1.0,0.0,3.0,1.0,7.0,7.0
22200778,1610612754,IND,Indiana,1630169,Tyrese Haliburton,Tyrese,G,,35:31,11.0,24.0,0.458,4.0,13.0,0.308,0.0,0.0,0.0,0.0,2.0,2.0,12.0,2.0,0.0,4.0,0.0,26.0,2.0
22200778,1610612754,IND,Indiana,1628464,Daniel Theis,Daniel,,,7:15,0.0,2.0,0.0,0.0,1.0,0.0,0.0,0.0,0.0,0.0,0.0,0.0,0.0,0.0,0.0,0.0,1.0,0.0,-12.0
22200778,1610612754,IND,Indiana,1631097,Bennedict Mathurin,Bennedict,,,20:04,2.0,5.0,0.4,1.0,3.0,0.333,0.0,0.0,0.0,0.0,4.0,4.0,1.0,0.0,0.0,2.0,1.0,5.0,-4.0
22200778,1610612754,IND,Indiana,204456,T.J. McConnell,T.J.,,,16:31,5.0,10.0,0.5,1.0,1.0,1.0,0.0,0.0,0.0,0.0,2.0,2.0,4.0,0.0,0.0,3.0,2.0,11.0,1.0
22200778,1610612754,IND,Indiana,1629052,Oshae Brissett,Oshae,,,9:22,0.0,3.0,0.0,0.0,2.0,0.0,0.0,0.0,0.0,1.0,4.0,5.0,0.0,0.0,0.0,0.0,2.0,0.0,-11.0
22200778,1610612754,IND,Indiana,1630537,Chris Duarte,Chris,,,5:48,0.0,4.0,0.0,0.0,2.0,0.0,0.0,0.0,0.0,0.0,2.0,2.0,0.0,0.0,0.0,0.0,2.0,0.0,-8.0
22200778,1610612754,IND,Indiana,1630543,Isaiah Jackson,Isaiah,,,9:18,2.0,3.0,0.667,0.0,0.0,0.0,0.0,0.0,0.0,3.0,3.0,6.0,0.0,0.0,3.0,1.0,0.0,4.0,-7.0
22200778,1610612754,IND,Indiana,1629048,Goga Bitadze,Goga,,DNP - Coach's Decision,,,,,,,,,,,,,,,,,,,,
22200778,1610612754,IND,Indiana,201949,James Johnson,James,,DNP - Coach's Decision,,,,,,,,,,,,,,,,,,,,
22200778,1610612754,IND,Indiana,1630188,Jalen Smith,Jalen,,DNP - Coach's Decision,,,,,,,,,,,,,,,,,,,,
22200778,1610612754,IND,Indiana,1630678,Terry Taylor,Terry,,DNP - Coach's Decision,,,,,,,,,,,,,,,,,,,,
22200931,1610612757,POR,Portland,1629629,Cam Reddish,Cam,F,,29:23,4.0,10.0,0.4,2.0,7.0,0.286,0.0,0.0,0.0,0.0,2.0,2.0,1.0,0.0,0.0,4.0,1.0,10.0,-6.0
22200931,1610612757,POR,Portland,203924,Jerami Grant,Jerami,F,,36:57,5.0,17.0,0.294,1.0,8.0,0.125,13.0,15.0,0.867,0.0,5.0,5.0,3.0,1.0,0.0,2.0,1.0,24.0,-17.0
22200931,1610612757,POR,Portland,1629234,Drew Eubanks,Drew,C,,25:13,2.0,3.0,0.667,0.0,0.0,0.0,1.0,2.0,0.5,1.0,7.0,8.0,4.0,0.0,0.0,1.0,2.0,5.0,-5.0
22200931,1610612757,POR,Portland,1629680,Matisse Thybulle,Matisse,G,,25:01,5.0,7.0,0.714,5.0,6.0,0.833,0.0,0.0,0.0,3.0,0.0,3.0,0.0,1.0,2.0,0.0,1.0,15.0,-6.0
22200931,1610612757,POR,Portland,203081,Damian Lillard,Damian,G,,35:11,9.0,21.0,0.429,2.0,7.0,0.286,5.0,5.0,1.0,3.0,0.0,3.0,7.0,3.0,0.0,2.0,4.0,25.0,0.0
22200931,1610612757,POR,Portland,1629642,Nassir Little,Nassir,,,15:14,3.0,8.0,0.375,1.0,4.0,0.25,0.0,0.0,0.0,0.0,1.0,1.0,0.0,0.0,1.0,0.0,0.0,7.0,-8.0
22200931,1610612757,POR,Portland,1631101,Shaedon Sharpe,Shaedon,,,30:39,6.0,11.0,0.545,1.0,4.0,0.25,0.0,0.0,0.0,1.0,3.0,4.0,1.0,1.0,1.0,0.0,1.0,13.0,-9.0
22200931,1610612757,POR,Portland,1630570,Trendon Watford,Trendon,,,22:47,1.0,4.0,0.25,0.0,1.0,0.0,0.0,0.0,0.0,1.0,6.0,7.0,7.0,2.0,0.0,1.0,2.0,2.0,-13.0
22200931,1610612757,POR,Portland,1630553,Keon Johnson,Keon,,,12:49,2.0,4.0,0.5,0.0,1.0,0.0,0.0,0.0,0.0,0.0,0.0,0.0,3.0,0.0,0.0,3.0,4.0,4.0,-18.0
22200931,1610612757,POR,Portland,1631133,Jabari Walker,Jabari,,,3:23,0.0,0.0,0.0,0.0,0.0,0.0,0.0,0.0,0.0,0.0,0.0,0.0,0.0,0.0,0.0,0.0,1.0,0.0,-4.0
22200931,1610612757,POR,Portland,1628995,Kevin Knox II,Kevin,,,3:23,0.0,1.0,0.0,0.0,1.0,0.0,0.0,0.0,0.0,0.0,0.0,0.0,0.0,0.0,0.0,0.0,0.0,0.0,-4.0
22200931,1610612744,GSW,Golden State,1628978,Donte DiVincenzo,Donte,F,,32:44,8.0,11.0,0.727,5.0,7.0,0.714,0.0,0.0,0.0,3.0,1.0,4.0,3.0,0.0,0.0,1.0,0.0,21.0,15.0
22200931,1610612744,GSW,Golden State,203110,Draymond Green,Draymond,F,,32:11,4.0,5.0,0.8,1.0,2.0,0.5,3.0,4.0,0.75,0.0,9.0,9.0,8.0,2.0,2.0,3.0,5.0,12.0,26.0
22200931,1610612744,GSW,Golden State,1626172,Kevon Looney,Kevon,C,,23:26,7.0,8.0,0.875,0.0,0.0,0.0,0.0,0.0,0.0,3.0,4.0,7.0,2.0,0.0,0.0,0.0,2.0,14.0,16.0
22200931,1610612744,GSW,Golden State,202691,Klay Thompson,Klay,G,,34:45,8.0,21.0,0.381,3.0,7.0,0.429,4.0,4.0,1.0,1.0,7.0,8.0,4.0,1.0,0.0,6.0,1.0,23.0,7.0
22200931,1610612744,GSW,Golden State,1629673,Jordan Poole,Jordan,G,,32:37,10.0,24.0,0.417,3.0,10.0,0.3,6.0,7.0,0.857,0.0,5.0,5.0,6.0,0.0,0.0,4.0,3.0,29.0,25.0
22200931,1610612744,GSW,Golden State,1630228,Jonathan Kuminga,Jonathan,,,25:02,8.0,10.0,0.8,0.0,0.0,0.0,0.0,1.0,0.0,0.0,3.0,3.0,0.0,1.0,0.0,1.0,3.0,16.0,4.0
22200931,1610612744,GSW,Golden State,1629660,Ty Jerome,Ty,,,16:55,1.0,2.0,0.5,0.0,1.0,0.0,0.0,0.0,0.0,1.0,1.0,2.0,6.0,0.0,0.0,0.0,2.0,2.0,-3.0
22200931,1610612744,GSW,Golden State,203210,JaMychal Green,JaMychal,,,4:36,1.0,2.0,0.5,0.0,0.0,0.0,0.0,0.0,0.0,2.0,0.0,2.0,1.0,0.0,0.0,1.0,1.0,2.0,-11.0
22200931,1610612744,GSW,Golden State,1630237,Anthony Lamb,Anthony,,,28:19,2.0,6.0,0.333,0.0,1.0,0.0,0.0,0.0,0.0,2.0,3.0,5.0,4.0,1.0,0.0,1.0,2.0,4.0,12.0
22200931,1610612744,GSW,Golden State,1631116,Patrick Baldwin Jr.,Patrick,,,6:46,0.0,2.0,0.0,0.0,2.0,0.0,0.0,0.0,0.0,0.0,1.0,1.0,0.0,0.0,0.0,1.0,0.0,0.0,0.0
22200931,1610612744,GSW,Golden State,1630541,Moses Moody,Moses,,,2:39,0.0,0.0,0.0,0.0,0.0,0.0,0.0,0.0,0.0,0.0,0.0,0.0,0.0,0.0,0.0,0.0,0.0,0.0,-1.0
22200931,1610612744,GSW,Golden State,1631157,Ryan Rollins,Ryan,,DND - Injury/Illness,,,,,,,,,,,,,,,,,,,,
22200927,1610612747,LAL,Los Angeles,1628972,Troy Brown Jr.,Troy,F,,26:27,1.0,8.0,0.125,0.0,4.0,0.0,0.0,0.0,0.0,2.0,1.0,3.0,0.0,0.0,0.0,1.0,0.0,2.0,-7.0
22200927,1610612747,LAL,Los Angeles,1629020,Jarred Vanderbilt,Jarred,F,,28:40,1.0,6.0,0.167,0.0,1.0,0.0,2.0,2.0,1.0,3.0,5.0,8.0,1.0,1.0,1.0,3.0,3.0,4.0,-7.0
22200927,1610612747,LAL,Los Angeles,203076,Anthony Davis,Anthony,C,,35:32,9.0,19.0,0.474,0.0,1.0,0.0,10.0,13.0,0.769,6.0,13.0,19.0,0.0,0.0,5.0,5.0,3.0,28.0,-9.0
22200927,1610612747,LAL,Los Angeles,1627736,Malik Beasley,Malik,G,,31:36,5.0,8.0,0.625,2.0,4.0,0.5,0.0,0.0,0.0,0.0,3.0,3.0,2.0,2.0,0.0,3.0,3.0,12.0,-6.0
22200927,1610612747,LAL,Los Angeles,203471,Dennis Schröder,Dennis,G,,32:18,4.0,11.0,0.364,1.0,4.0,0.25,1.0,1.0,1.0,0.0,4.0,4.0,10.0,0.0,0.0,6.0,4.0,10.0,-1.0
22200927,1610612747,LAL,Los Angeles,1630559,Austin Reaves,Austin,,,27:00,5.0,8.0,0.625,4.0,7.0,0.571,3.0,3.0,1.0,0.0,2.0,2.0,7.0,1.0,1.0,4.0,2.0,17.0,-17.0
22200927,1610612747,LAL,Los Angeles,1629060,Rui Hachimura,Rui,,,19:44,3.0,7.0,0.429,1.0,2.0,0.5,2.0,2.0,1.0,1.0,4.0,5.0,1.0,0.0,1.0,1.0,0.0,9.0,-7.0
22200927,1610612747,LAL,Los Angeles,1629022,Lonnie Walker IV,Lonnie,,,22:30,7.0,15.0,0.467,5.0,10.0,0.5,2.0,2.0,1.0,0.0,4.0,4.0,1.0,0.0,1.0,3.0,1.0,21.0,0.0
22200927,1610612747,LAL,Los Angeles,1629117,Wenyen Gabriel,Wenyen,,,12:28,3.0,3.0,1.0,0.0,0.0,0.0,0.0,0.0,0.0,2.0,6.0,8.0,0.0,1.0,1.0,0.0,2.0,6.0,-3.0
22200927,1610612747,LAL,Los Angeles,1631108,Max Christie,Max,,,1:15,0.0,0.0,0.0,0.0,0.0,0.0,0.0,0.0,0.0,0.0,0.0,0.0,0.0,0.0,0.0,0.0,0.0,0.0,-1.0
22200927,1610612747,LAL,Los Angeles,1628432,Davon Reed,Davon,,,1:15,0.0,1.0,0.0,0.0,1.0,0.0,0.0,0.0,0.0,0.0,0.0,0.0,0.0,0.0,0.0,0.0,1.0,0.0,-1.0
22200927,1610612747,LAL,Los Angeles,1628964,Mo Bamba,Mo,,,1:15,0.0,0.0,0.0,0.0,0.0,0.0,0.0,0.0,0.0,0.0,0.0,0.0,0.0,0.0,0.0,0.0,0.0,0.0,-1.0
22200927,1610612763,MEM,Memphis,1628415,Dillon Brooks,Dillon,F,,26:58,2.0,11.0,0.182,2.0,6.0,0.333,1.0,2.0,0.5,1.0,2.0,3.0,2.0,2.0,0.0,0.0,5.0,7.0,1.0
22200927,1610612763,MEM,Memphis,1628991,Jaren Jackson Jr.,Jaren,F,,31:34,7.0,14.0,0.5,1.0,4.0,0.25,1.0,1.0,1.0,3.0,4.0,7.0,0.0,1.0,4.0,2.0,5.0,16.0,-2.0
22200927,1610612763,MEM,Memphis,1630214,Xavier Tillman,Xavier,C,,32:30,9.0,17.0,0.529,0.0,1.0,0.0,0.0,0.0,0.0,7.0,4.0,11.0,2.0,2.0,1.0,1.0,2.0,18.0,10.0
22200927,1610612763,MEM,Memphis,1630217,Desmond Bane,Desmond,G,,30:10,7.0,13.0,0.538,0.0,2.0,0.0,2.0,3.0,0.667,0.0,5.0,5.0,3.0,4.0,1.0,0.0,2.0,16.0,11.0
22200927,1610612763,MEM,Memphis,1629630,Ja Morant,Ja,G,,33:45,15.0,29.0,0.517,0.0,5.0,0.0,9.0,11.0,0.818,1.0,9.0,10.0,10.0,2.0,0.0,3.0,0.0,39.0,14.0
22200927,1610612763,MEM,Memphis,1630583,Santi Aldama,Santi,,,15:27,3.0,7.0,0.429,0.0,2.0,0.0,0.0,0.0,0.0,1.0,2.0,3.0,1.0,0.0,0.0,0.0,0.0,6.0,14.0
22200927,1610612763,MEM,Memphis,1628379,Luke Kennard,Luke,,,22:44,2.0,7.0,0.286,2.0,6.0,0.333,0.0,0.0,0.0,0.0,1.0,1.0,1.0,0.0,0.0,0.0,2.0,6.0,9.0
22200927,1610612763,MEM,Memphis,1629634,Brandon Clarke,Brandon,,,14:31,3.0,4.0,0.75,0.0,0.0,0.0,0.0,0.0,0.0,1.0,4.0,5.0,2.0,0.0,0.0,0.0,1.0,6.0,2.0
22200927,1610612763,MEM,Memphis,1626145,Tyus Jones,Tyus,,,13:34,3.0,6.0,0.5,1.0,3.0,0.333,0.0,0.0,0.0,0.0,1.0,1.0,4.0,2.0,0.0,0.0,0.0,7.0,-2.0
22200927,1610612763,MEM,Memphis,1629723,John Konchar,John,,,13:60,0.0,4.0,0.0,0.0,2.0,0.0,0.0,0.0,0.0,0.0,1.0,1.0,0.0,0.0,0.0,0.0,0.0,0.0,3.0
22200927,1610612763,MEM,Memphis,1630533,Ziaire Williams,Ziaire,,,1:09,0.0,0.0,0.0,0.0,0.0,0.0,0.0,0.0,0.0,0.0,0.0,0.0,0.0,0.0,0.0,0.0,0.0,0.0,0.0
22200927,1610612763,MEM,Memphis,1631113,Kennedy Chandler,Kennedy,,,0:59,0.0,0.0,0.0,0.0,0.0,0.0,0.0,0.0,0.0,0.0,0.0,0.0,0.0,0.0,0.0,0.0,0.0,0.0,0.0
22200927,1610612763,MEM,Memphis,1631254,Kenneth Lofton Jr.,Kenneth,,,0:59,0.0,0.0,0.0,0.0,0.0,0.0,0.0,0.0,0.0,0.0,0.0,0.0,0.0,0.0,0.0,0.0,0.0,0.0,0.0
22200927,1610612763,MEM,Memphis,1631223,David Roddy,David,,,0:59,0.0,0.0,0.0,0.0,0.0,0.0,0.0,0.0,0.0,0.0,0.0,0.0,0.0,0.0,0.0,0.0,0.0,0.0,0.0
22200927,1610612763,MEM,Memphis,1631246,Vince Williams Jr.,Vince,,,0:41,0.0,0.0,0.0,0.0,0.0,0.0,0.0,0.0,0.0,0.0,0.0,0.0,0.0,0.0,0.0,0.0,0.0,0.0,0.0
22200930,1610612759,SAS,San Antonio,1628966,Keita Bates-Diop,Keita,F,,33:51,3.0,8.0,0.375,0.0,2.0,0.0,0.0,0.0,0.0,1.0,5.0,6.0,2.0,1.0,1.0,1.0,3.0,6.0,2.0
22200930,1610612759,SAS,San Antonio,1631110,Jeremy Sochan,Jeremy,F,,27:42,4.0,10.0,0.4,0.0,0.0,0.0,5.0,8.0,0.625,0.0,6.0,6.0,6.0,0.0,0.0,1.0,4.0,13.0,10.0
22200930,1610612759,SAS,San Antonio,1628380,Zach Collins,Zach,C,,26:34,2.0,15.0,0.133,0.0,4.0,0.0,3.0,4.0,0.75,3.0,3.0,6.0,5.0,3.0,1.0,2.0,2.0,7.0,-11.0
22200930,1610612759,SAS,San Antonio,1629640,Keldon Johnson,Keldon,G,,35:25,12.0,19.0,0.632,0.0,4.0,0.0,1.0,3.0,0.333,0.0,4.0,4.0,3.0,0.0,0.0,1.0,4.0,25.0,-3.0
22200930,1610612759,SAS,San Antonio,1631103,Malaki Branham,Malaki,G,,21:15,2.0,5.0,0.4,0.0,1.0,0.0,0.0,0.0,0.0,1.0,2.0,3.0,1.0,1.0,0.0,2.0,2.0,4.0,0.0
22200930,1610612759,SAS,San Antonio,1628984,Devonte' Graham,Devonte',,,24:16,3.0,8.0,0.375,1.0,4.0,0.25,5.0,6.0,0.833,0.0,1.0,1.0,3.0,0.0,0.0,1.0,1.0,12.0,-1.0
22200930,1610612759,SAS,San Antonio,1631104,Blake Wesley,Blake,,,21:29,3.0,5.0,0.6,2.0,2.0,1.0,1.0,2.0,0.5,1.0,5.0,6.0,2.0,3.0,0.0,2.0,2.0,9.0,5.0
22200930,1610612759,SAS,San Antonio,203926,Doug McDermott,Doug,,,28:02,7.0,14.0,0.5,5.0,9.0,0.556,0.0,0.0,0.0,0.0,3.0,3.0,0.0,0.0,0.0,1.0,3.0,19.0,19.0
22200930,1610612759,SAS,San Antonio,1629646,Charles Bassey,Charles,,,21:26,3.0,7.0,0.429,0.0,0.0,0.0,1.0,2.0,0.5,3.0,7.0,10.0,1.0,1.0,3.0,1.0,1.0,7.0,19.0
22200930,1610612759,SAS,San Antonio,1631230,Dominick Barlow,Dominick,,DNP - Coach's Decision,,,,,,,,,,,,,,,,,,,,
22200930,1610612759,SAS,San Antonio,203476,Gorgui Dieng,Gorgui,,DNP - Coach's Decision,,,,,,,,,,,,,,,,,,,,
22200930,1610612759,SAS,San Antonio,1630200,Tre Jones,Tre,,DND - Injury/Illness,,,,,,,,,,,,,,,,,,,,
22200930,1610612762,UTA,Utah,1628374,Lauri Markkanen,Lauri,F,,35:03,9.0,21.0,0.429,4.0,8.0,0.5,6.0,8.0,0.75,3.0,7.0,10.0,1.0,1.0,0.0,3.0,1.0,28.0,5.0
22200930,1610612762,UTA,Utah,203482,Kelly Olynyk,Kelly,F,,30:27,0.0,4.0,0.0,0.0,4.0,0.0,8.0,12.0,0.667,1.0,9.0,10.0,1.0,1.0,0.0,4.0,1.0,8.0,11.0
22200930,1610612762,UTA,Utah,1631117,Walker Kessler,Walker,C,,32:35,4.0,7.0,0.571,0.0,0.0,0.0,2.0,4.0,0.5,6.0,9.0,15.0,2.0,0.0,2.0,0.0,5.0,10.0,5.0
22200930,1610612762,UTA,Utah,1630534,Ochai Agbaji,Ochai,G,,18:32,3.0,8.0,0.375,3.0,7.0,0.429,0.0,0.0,0.0,0.0,1.0,1.0,1.0,1.0,1.0,1.0,0.0,9.0,9.0
22200930,1610612762,UTA,Utah,1629659,Talen Horton-Tucker,Talen,G,,29:56,7.0,14.0,0.5,2.0,3.0,0.667,0.0,0.0,0.0,0.0,3.0,3.0,3.0,1.0,3.0,7.0,0.0,16.0,14.0
22200930,1610612762,UTA,Utah,1631323,Simone Fontecchio,Simone,,,19:47,0.0,7.0,0.0,0.0,5.0,0.0,0.0,0.0,0.0,0.0,0.0,0.0,2.0,1.0,0.0,3.0,0.0,0.0,-7.0
22200930,1610612762,UTA,Utah,1627739,Kris Dunn,Kris,,,25:57,4.0,7.0,0.571,0.0,0.0,0.0,3.0,3.0,1.0,1.0,0.0,1.0,3.0,2.0,0.0,1.0,2.0,11.0,-24.0
22200930,1610612762,UTA,Utah,200752,Rudy Gay,Rudy,,,17:03,1.0,7.0,0.143,0.0,2.0,0.0,5.0,5.0,1.0,2.0,6.0,8.0,2.0,0.0,1.0,1.0,3.0,7.0,-14.0
22200930,1610612762,UTA,Utah,1628962,Udoka Azubuike,Udoka,,,8:31,1.0,2.0,0.5,0.0,0.0,0.0,0.0,2.0,0.0,1.0,1.0,2.0,0.0,0.0,1.0,0.0,1.0,2.0,-6.0
22200930,1610612762,UTA,Utah,1630548,Johnny Juzang,Johnny,,,14:45,1.0,5.0,0.2,1.0,4.0,0.25,0.0,2.0,0.0,0.0,1.0,1.0,0.0,1.0,1.0,0.0,1.0,3.0,-21.0
22200930,1610612762,UTA,Utah,1629308,Juan Toscano-Anderson,Juan,,,7:24,0.0,3.0,0.0,0.0,1.0,0.0,0.0,0.0,0.0,0.0,1.0,1.0,0.0,0.0,0.0,0.0,1.0,0.0,-12.0
22200930,1610612762,UTA,Utah,1628402,Frank Jackson,Frank,,DNP - Coach's Decision,,,,,,,,,,,,,,,,,,,,
22200930,1610612762,UTA,Utah,1627745,Damian Jones,Damian,,DNP - Coach's Decision,,,,,,,,,,,,,,,,,,,,
22200822,1610612765,DET,Detroit,202711,Bojan Bogdanović,Bojan,F,,31:34,4.0,13.0,0.308,1.0,5.0,0.2,6.0,7.0,0.857,0.0,3.0,3.0,3.0,0.0,0.0,3.0,1.0,15.0,-15.0
22200822,1610612765,DET,Detroit,1630191,Isaiah Stewart,Isaiah,F,,28:08,4.0,12.0,0.333,1.0,5.0,0.2,0.0,0.0,0.0,2.0,5.0,7.0,3.0,1.0,1.0,1.0,3.0,9.0,-22.0
22200822,1610612765,DET,Detroit,1631105,Jalen Duren,Jalen,C,,27:25,6.0,8.0,0.75,0.0,0.0,0.0,2.0,2.0,1.0,5.0,4.0,9.0,2.0,0.0,3.0,0.0,2.0,14.0,-5.0
22200822,1610612765,DET,Detroit,1630165,Killian Hayes,Killian,G,,29:25,4.0,9.0,0.444,1.0,4.0,0.25,0.0,0.0,0.0,0.0,2.0,2.0,6.0,2.0,0.0,2.0,4.0,9.0,-8.0
22200822,1610612765,DET,Detroit,1631093,Jaden Ivey,Jaden,G,,25:36,3.0,6.0,0.5,2.0,3.0,0.667,2.0,2.0,1.0,0.0,1.0,1.0,1.0,1.0,0.0,4.0,5.0,10.0,-23.0
22200822,1610612765,DET,Detroit,1630180,Saddiq Bey,Saddiq,,,22:58,1.0,6.0,0.167,1.0,4.0,0.25,4.0,4.0,1.0,0.0,6.0,6.0,0.0,0.0,1.0,0.0,0.0,7.0,-28.0
22200822,1610612765,DET,Detroit,202692,Alec Burks,Alec,,,15:49,1.0,10.0,0.1,0.0,4.0,0.0,2.0,2.0,1.0,0.0,0.0,0.0,1.0,2.0,0.0,0.0,0.0,4.0,-5.0
22200822,1610612765,DET,Detroit,1628977,Hamidou Diallo,Hamidou,,,14:29,4.0,6.0,0.667,0.0,0.0,0.0,0.0,0.0,0.0,1.0,0.0,1.0,0.0,0.0,0.0,2.0,3.0,8.0,-10.0
22200822,1610612765,DET,Detroit,203457,Nerlens Noel,Nerlens,,,3:22,0.0,2.0,0.0,0.0,0.0,0.0,0.0,0.0,0.0,0.0,1.0,1.0,0.0,0.0,0.0,0.0,1.0,0.0,-8.0
22200822,1610612765,DET,Detroit,202709,Cory Joseph,Cory,,,17:49,1.0,3.0,0.333,1.0,2.0,0.5,0.0,0.0,0.0,0.0,1.0,1.0,3.0,1.0,1.0,0.0,1.0,3.0,-8.0
22200822,1610612765,DET,Detroit,1630587,Isaiah Livers,Isaiah,,,19:19,2.0,4.0,0.5,1.0,3.0,0.333,1.0,1.0,1.0,0.0,0.0,0.0,0.0,0.0,0.0,0.0,1.0,6.0,-9.0
22200822,1610612765,DET,Detroit,1628995,Kevin Knox II,Kevin,,,4:06,0.0,2.0,0.0,0.0,2.0,0.0,0.0,0.0,0.0,1.0,0.0,1.0,0.0,1.0,0.0,1.0,0.0,0.0,1.0
22200822,1610612765,DET,Detroit,1631205,Buddy Boeheim,Buddy,,DNP - Coach's Decision,,,,,,,,,,,,,,,,,,,,
22200822,1610612765,DET,Detroit,203585,Rodney McGruder,Rodney,,DNP - Coach's Decision,,,,,,,,,,,,,,,,,,,,
22200822,1610612765,DET,Detroit,1631197,Jared Rhoden,Jared,,DNP - Coach's Decision,,,,,,,,,,,,,,,,,,,,
22200822,1610612739,CLE,Cleveland,1630171,Isaac Okoro,Isaac,F,,27:05,2.0,4.0,0.5,1.0,3.0,0.333,2.0,2.0,1.0,1.0,3.0,4.0,5.0,0.0,2.0,0.0,0.0,7.0,29.0
22200822,1610612739,CLE,Cleveland,1630596,Evan Mobley,Evan,F,,32:03,7.0,14.0,0.5,0.0,0.0,0.0,5.0,6.0,0.833,3.0,5.0,8.0,3.0,0.0,0.0,3.0,1.0,19.0,21.0
22200822,1610612739,CLE,Cleveland,1628386,Jarrett Allen,Jarrett,C,,29:48,9.0,13.0,0.692,0.0,0.0,0.0,2.0,5.0,0.4,9.0,7.0,16.0,1.0,0.0,1.0,2.0,1.0,20.0,18.0
22200822,1610612739,CLE,Cleveland,1627747,Caris LeVert,Caris,G,,29:44,5.0,16.0,0.313,0.0,5.0,0.0,5.0,5.0,1.0,0.0,5.0,5.0,5.0,2.0,0.0,2.0,3.0,15.0,12.0
22200822,1610612739,CLE,Cleveland,203526,Raul Neto,Raul,G,,35:42,5.0,11.0,0.455,1.0,4.0,0.25,3.0,3.0,1.0,0.0,0.0,0.0,8.0,4.0,0.0,1.0,5.0,14.0,23.0
22200822,1610612739,CLE,Cleveland,1629731,Dean Wade,Dean,,,30:41,3.0,4.0,0.75,2.0,3.0,0.667,2.0,2.0,1.0,0.0,9.0,9.0,0.0,0.0,1.0,1.0,4.0,10.0,18.0
22200822,1610612739,CLE,Cleveland,201937,Ricky Rubio,Ricky,,,16:20,3.0,6.0,0.5,0.0,3.0,0.0,2.0,2.0,1.0,0.0,2.0,2.0,4.0,2.0,0.0,1.0,1.0,8.0,11.0
22200822,1610612739,CLE,Cleveland,1626224,Cedi Osman,Cedi,,,23:10,3.0,13.0,0.231,0.0,6.0,0.0,0.0,0.0,0.0,0.0,4.0,4.0,3.0,0.0,0.0,0.0,0.0,6.0,8.0
22200822,1610612739,CLE,Cleveland,1630205,Lamar Stevens,Lamar,,,11:59,4.0,4.0,1.0,1.0,1.0,1.0,0.0,0.0,0.0,0.0,2.0,2.0,0.0,0.0,0.0,0.0,1.0,9.0,1.0
22200822,1610612739,CLE,Cleveland,201577,Robin Lopez,Robin,,,3:28,2.0,2.0,1.0,1.0,1.0,1.0,0.0,0.0,0.0,0.0,0.0,0.0,1.0,0.0,0.0,0.0,0.0,5.0,-1.0
22200822,1610612739,CLE,Cleveland,1629603,Mamadi Diakite,Mamadi,,DNP - Coach's Decision,,,,,,,,,,,,,,,,,,,,
22200822,1610612739,CLE,Cleveland,201567,Kevin Love,Kevin,,DNP - Coach's Decision,,,,,,,,,,,,,,,,,,,,
22200819,1610612741,CHI,Chicago,1627936,Alex Caruso,Alex,F,,26:24,1.0,5.0,0.2,0.0,3.0,0.0,0.0,0.0,0.0,2.0,4.0,6.0,5.0,1.0,0.0,3.0,4.0,2.0,-8.0
22200819,1610612741,CHI,Chicago,1630172,Patrick Williams,Patrick,F,,31:57,4.0,10.0,0.4,0.0,3.0,0.0,1.0,1.0,1.0,2.0,3.0,5.0,2.0,1.0,0.0,2.0,2.0,9.0,-5.0
22200819,1610612741,CHI,Chicago,202696,Nikola Vučević,Nikola,C,,37:15,12.0,26.0,0.462,3.0,7.0,0.429,1.0,2.0,0.5,4.0,13.0,17.0,6.0,3.0,0.0,1.0,1.0,28.0,-9.0
22200819,1610612741,CHI,Chicago,203897,Zach LaVine,Zach,G,,40:13,6.0,13.0,0.462,2.0,7.0,0.286,10.0,17.0,0.588,1.0,4.0,5.0,1.0,1.0,0.0,3.0,2.0,24.0,-10.0
22200819,1610612741,CHI,Chicago,1630245,Ayo Dosunmu,Ayo,G,,37:46,6.0,14.0,0.429,1.0,4.0,0.25,1.0,1.0,1.0,0.0,4.0,4.0,6.0,0.0,2.0,4.0,3.0,14.0,-7.0
22200819,1610612741,CHI,Chicago,1629632,Coby White,Coby,,,25:06,1.0,8.0,0.125,0.0,5.0,0.0,2.0,2.0,1.0,0.0,2.0,2.0,2.0,0.0,0.0,0.0,1.0,4.0,-13.0
22200819,1610612741,CHI,Chicago,203083,Andre Drummond,Andre,,,12:33,1.0,3.0,0.333,0.0,0.0,0.0,1.0,2.0,0.5,1.0,5.0,6.0,1.0,2.0,1.0,4.0,3.0,3.0,-6.0
22200819,1610612741,CHI,Chicago,1627884,Derrick Jones Jr.,Derrick,,,14:15,1.0,4.0,0.25,1.0,3.0,0.333,2.0,2.0,1.0,1.0,3.0,4.0,0.0,0.0,0.0,0.0,0.0,5.0,-10.0
22200819,1610612741,CHI,Chicago,201609,Goran Dragic,Goran,,,14:31,0.0,4.0,0.0,0.0,3.0,0.0,0.0,0.0,0.0,0.0,0.0,0.0,1.0,1.0,0.0,1.0,0.0,0.0,-7.0
22200819,1610612741,CHI,Chicago,1628396,Tony Bradley,Tony,,DNP - Coach's Decision,,,,,,,,,,,,,,,,,,,,
22200819,1610612741,CHI,Chicago,1631207,Dalen Terry,Dalen,,DNP - Coach's Decision,,,,,,,,,,,,,,,,,,,,
22200819,1610612763,MEM,Memphis,1628415,Dillon Brooks,Dillon,F,,34:38,2.0,12.0,0.167,1.0,6.0,0.167,0.0,0.0,0.0,0.0,1.0,1.0,4.0,2.0,0.0,1.0,2.0,5.0,10.0
22200819,1610612763,MEM,Memphis,1628991,Jaren Jackson Jr.,Jaren,F,,31:58,9.0,13.0,0.692,2.0,5.0,0.4,4.0,5.0,0.8,0.0,3.0,3.0,1.0,2.0,5.0,1.0,5.0,24.0,15.0
22200819,1610612763,MEM,Memphis,1630214,Xavier Tillman,Xavier,C,,22:30,3.0,4.0,0.75,0.0,0.0,0.0,0.0,2.0,0.0,0.0,2.0,2.0,1.0,1.0,0.0,2.0,2.0,6.0,0.0
22200819,1610612763,MEM,Memphis,1630217,Desmond Bane,Desmond,G,,34:40,6.0,12.0,0.5,3.0,8.0,0.375,2.0,2.0,1.0,0.0,6.0,6.0,5.0,2.0,1.0,2.0,3.0,17.0,12.0
22200819,1610612763,MEM,Memphis,1629630,Ja Morant,Ja,G,,35:20,12.0,20.0,0.6,4.0,6.0,0.667,6.0,9.0,0.667,1.0,5.0,6.0,7.0,1.0,0.0,3.0,2.0,34.0,13.0
22200819,1610612763,MEM,Memphis,1629723,John Konchar,John,,,10:12,0.0,2.0,0.0,0.0,1.0,0.0,0.0,0.0,0.0,0.0,3.0,3.0,0.0,0.0,0.0,1.0,2.0,0.0,-3.0
22200819,1610612763,MEM,Memphis,1630583,Santi Aldama,Santi,,,16:50,2.0,6.0,0.333,1.0,4.0,0.25,0.0,0.0,0.0,2.0,3.0,5.0,1.0,1.0,1.0,1.0,2.0,5.0,-1.0
22200819,1610612763,MEM,Memphis,1629634,Brandon Clarke,Brandon,,,24:42,5.0,9.0,0.556,0.0,0.0,0.0,3.0,3.0,1.0,2.0,11.0,13.0,0.0,0.0,0.0,1.0,0.0,13.0,16.0
22200819,1610612763,MEM,Memphis,1626145,Tyus Jones,Tyus,,,14:31,0.0,1.0,0.0,0.0,1.0,0.0,0.0,0.0,0.0,0.0,0.0,0.0,3.0,1.0,0.0,1.0,1.0,0.0,4.0
22200819,1610612763,MEM,Memphis,201980,Danny Green,Danny,,,14:39,0.0,2.0,0.0,0.0,2.0,0.0,0.0,0.0,0.0,0.0,0.0,0.0,0.0,0.0,0.0,0.0,2.0,0.0,9.0
22200819,1610612763,MEM,Memphis,1631223,David Roddy,David,,DNP - Coach's Decision,,,,,,,,,,,,,,,,,,,,
22200819,1610612763,MEM,Memphis,1631246,Vince Williams Jr.,Vince,,DNP - Coach's Decision,,,,,,,,,,,,,,,,,,,,
22200816,1610612752,NYK,New York,1629628,RJ Barrett,RJ,F,,34:35,5.0,16.0,0.313,3.0,8.0,0.375,2.0,4.0,0.5,1.0,1.0,2.0,3.0,1.0,0.0,0.0,5.0,15.0,-9.0
22200816,1610612752,NYK,New York,203944,Julius Randle,Julius,F,,34:06,7.0,15.0,0.467,4.0,10.0,0.4,4.0,6.0,0.667,1.0,13.0,14.0,6.0,0.0,0.0,4.0,2.0,22.0,9.0
22200816,1610612752,NYK,New York,1630579,Jericho Sims,Jericho,C,,34:42,4.0,5.0,0.8,0.0,1.0,0.0,0.0,0.0,0.0,5.0,4.0,9.0,1.0,2.0,0.0,2.0,1.0,8.0,1.0
22200816,1610612752,NYK,New York,1629656,Quentin Grimes,Quentin,G,,30:29,4.0,8.0,0.5,1.0,4.0,0.25,0.0,0.0,0.0,0.0,4.0,4.0,1.0,0.0,1.0,2.0,2.0,9.0,3.0
22200816,1610612752,NYK,New York,1628973,Jalen Brunson,Jalen,G,,39:07,9.0,13.0,0.692,3.0,6.0,0.5,4.0,5.0,0.8,1.0,1.0,2.0,5.0,2.0,0.0,1.0,5.0,25.0,13.0
22200816,1610612752,NYK,New York,1628392,Isaiah Hartenstein,Isaiah,,,12:55,1.0,1.0,1.0,0.0,0.0,0.0,0.0,0.0,0.0,0.0,3.0,3.0,0.0,0.0,1.0,1.0,5.0,2.0,6.0
22200816,1610612752,NYK,New York,1630193,Immanuel Quickley,Immanuel,,,31:33,7.0,15.0,0.467,4.0,9.0,0.444,0.0,0.0,0.0,0.0,3.0,3.0,4.0,1.0,0.0,0.0,0.0,18.0,9.0
22200816,1610612752,NYK,New York,1630540,Miles McBride,Miles,,,8:39,0.0,2.0,0.0,0.0,1.0,0.0,0.0,0.0,0.0,0.0,0.0,0.0,0.0,0.0,0.0,0.0,0.0,0.0,-7.0
22200816,1610612752,NYK,New York,1630167,Obi Toppin,Obi,,,13:54,0.0,6.0,0.0,0.0,4.0,0.0,3.0,4.0,0.75,3.0,3.0,6.0,1.0,0.0,0.0,0.0,2.0,3.0,-5.0
22200816,1610612752,NYK,New York,1627853,Ryan Arcidiacono,Ryan,,DNP - Coach's Decision,,,,,,,,,,,,,,,,,,,,
22200816,1610612752,NYK,New York,203095,Evan Fournier,Evan,,DNP - Coach's Decision,,,,,,,,,,,,,,,,,,,,
22200816,1610612752,NYK,New York,1629004,Svi Mykhailiuk,Svi,,DNP - Coach's Decision,,,,,,,,,,,,,,,,,,,,
22200816,1610612752,NYK,New York,1629629,Cam Reddish,Cam,,DNP - Coach's Decision,,,,,,,,,,,,,,,,,,,,
22200816,1610612752,NYK,New York,201565,Derrick Rose,Derrick,,DNP - Coach's Decision,,,,,,,,,,,,,,,,,,,,
22200816,1610612753,ORL,Orlando,1630532,Franz Wagner,Franz,F,,31:48,7.0,12.0,0.583,1.0,4.0,0.25,3.0,4.0,0.75,0.0,2.0,2.0,4.0,0.0,1.0,0.0,3.0,18.0,-2.0
22200816,1610612753,ORL,Orlando,1631094,Paolo Banchero,Paolo,F,,34:08,6.0,15.0,0.4,0.0,3.0,0.0,4.0,8.0,0.5,1.0,7.0,8.0,5.0,1.0,0.0,1.0,2.0,16.0,-7.0
22200816,1610612753,ORL,Orlando,1628976,Wendell Carter Jr.,Wendell,C,,30:33,5.0,9.0,0.556,1.0,4.0,0.25,2.0,2.0,1.0,0.0,6.0,6.0,2.0,0.0,0.0,3.0,3.0,13.0,-3.0
22200816,1610612753,ORL,Orlando,203914,Gary Harris,Gary,G,,27:23,1.0,3.0,0.333,1.0,2.0,0.5,0.0,0.0,0.0,1.0,2.0,3.0,1.0,2.0,0.0,0.0,1.0,3.0,0.0
22200816,1610612753,ORL,Orlando,1628365,Markelle Fultz,Markelle,G,,31:30,9.0,12.0,0.75,0.0,2.0,0.0,3.0,3.0,1.0,2.0,2.0,4.0,6.0,1.0,0.0,3.0,4.0,21.0,-7.0
22200816,1610612753,ORL,Orlando,1628371,Jonathan Isaac,Jonathan,,,11:57,1.0,5.0,0.2,0.0,2.0,0.0,0.0,0.0,0.0,2.0,3.0,5.0,1.0,0.0,1.0,0.0,0.0,2.0,-7.0
22200816,1610612753,ORL,Orlando,1630591,Jalen Suggs,Jalen,,,20:36,1.0,4.0,0.25,0.0,1.0,0.0,1.0,2.0,0.5,2.0,1.0,3.0,1.0,0.0,0.0,3.0,2.0,3.0,-2.0
22200816,1610612753,ORL,Orlando,1629021,Moritz Wagner,Moritz,,,17:27,4.0,11.0,0.364,2.0,5.0,0.4,3.0,3.0,1.0,1.0,2.0,3.0,1.0,0.0,1.0,1.0,3.0,13.0,-1.0
22200816,1610612753,ORL,Orlando,1630175,Cole Anthony,Cole,,,20:45,3.0,7.0,0.429,1.0,2.0,0.5,2.0,2.0,1.0,0.0,3.0,3.0,1.0,0.0,0.0,0.0,1.0,9.0,8.0
22200816,1610612753,ORL,Orlando,1629626,Bol Bol,Bol,,,13:53,0.0,1.0,0.0,0.0,0.0,0.0,0.0,0.0,0.0,0.0,4.0,4.0,1.0,0.0,1.0,0.0,0.0,0.0,1.0
22200816,1610612753,ORL,Orlando,1628964,Mo Bamba,Mo,,DNP - League Suspension,,,,,,,,,,,,,,,,,,,,
22200816,1610612753,ORL,Orlando,1630181,R.J. Hampton,R.J.,,DNP - Coach's Decision,,,,,,,,,,,,,,,,,,,,
22200816,1610612753,ORL,Orlando,1631216,Caleb Houstan,Caleb,,DNP - Coach's Decision,,,,,,,,,,,,,,,,,,,,
22200816,1610612753,ORL,Orlando,203082,Terrence Ross,Terrence,,DNP - Coach's Decision,,,,,,,,,,,,,,,,,,,,
22200821,1610612760,OKC,Oklahoma City,1629026,Kenrich Williams,Kenrich,F,,29:43,3.0,6.0,0.5,1.0,4.0,0.25,1.0,2.0,0.5,1.0,3.0,4.0,5.0,1.0,0.0,1.0,2.0,8.0,-12.0
22200821,1610612760,OKC,Oklahoma City,1631114,Jalen Williams,Jalen,F,,39:47,10.0,19.0,0.526,3.0,6.0,0.5,2.0,2.0,1.0,3.0,4.0,7.0,2.0,6.0,1.0,3.0,3.0,25.0,11.0
22200821,1610612760,OKC,Oklahoma City,1631119,Jaylin Williams,Jaylin,C,,30:40,4.0,6.0,0.667,2.0,2.0,1.0,4.0,4.0,1.0,1.0,6.0,7.0,7.0,2.0,0.0,0.0,1.0,14.0,2.0
22200821,1610612760,OKC,Oklahoma City,1630581,Josh Giddey,Josh,G,,34:55,10.0,19.0,0.526,0.0,3.0,0.0,0.0,0.0,0.0,1.0,4.0,5.0,6.0,0.0,0.0,4.0,2.0,20.0,-1.0
22200821,1610612760,OKC,Oklahoma City,1628983,Shai Gilgeous-Alexander,Shai,G,,37:41,9.0,17.0,0.529,1.0,1.0,1.0,11.0,12.0,0.917,0.0,2.0,2.0,8.0,2.0,0.0,4.0,5.0,30.0,-2.0
22200821,1610612760,OKC,Oklahoma City,1630598,Aaron Wiggins,Aaron,,,21:43,2.0,5.0,0.4,1.0,1.0,1.0,0.0,0.0,0.0,0.0,3.0,3.0,0.0,0.0,1.0,0.0,3.0,5.0,4.0
22200821,1610612760,OKC,Oklahoma City,203488,Mike Muscala,Mike,,,17:20,6.0,10.0,0.6,4.0,7.0,0.571,0.0,0.0,0.0,0.0,4.0,4.0,2.0,1.0,0.0,0.0,1.0,16.0,1.0
22200821,1610612760,OKC,Oklahoma City,1630544,Tre Mann,Tre,,,5:09,0.0,1.0,0.0,0.0,0.0,0.0,0.0,0.0,0.0,0.0,0.0,0.0,0.0,0.0,0.0,0.0,0.0,0.0,-3.0
22200821,1610612760,OKC,Oklahoma City,1630198,Isaiah Joe,Isaiah,,,23:02,5.0,11.0,0.455,5.0,10.0,0.5,0.0,0.0,0.0,1.0,4.0,5.0,2.0,0.0,0.0,0.0,1.0,15.0,15.0
22200821,1610612760,OKC,Oklahoma City,1629647,Darius Bazley,Darius,,DNP - Coach's Decision,,,,,,,,,,,,,,,,,,,,
22200821,1610612760,OKC,Oklahoma City,1630647,Eugene Omoruyi,Eugene,,DNP - Coach's Decision,,,,,,,,,,,,,,,,,,,,
22200821,1610612760,OKC,Oklahoma City,1630322,Lindy Waters III,Lindy,,DNP - Coach's Decision,,,,,,,,,,,,,,,,,,,,
22200821,1610612747,LAL,Los Angeles,1629060,Rui Hachimura,Rui,F,,26:26,5.0,7.0,0.714,1.0,1.0,1.0,3.0,4.0,0.75,1.0,5.0,6.0,0.0,0.0,0.0,1.0,0.0,14.0,-11.0
22200821,1610612747,LAL,Los Angeles,2544,LeBron James,LeBron,F,,33:57,13.0,20.0,0.65,4.0,6.0,0.667,8.0,10.0,0.8,0.0,7.0,7.0,3.0,3.0,0.0,4.0,3.0,38.0,8.0
22200821,1610612747,LAL,Los Angeles,203076,Anthony Davis,Anthony,C,,30:36,6.0,9.0,0.667,0.0,0.0,0.0,1.0,2.0,0.5,3.0,5.0,8.0,2.0,2.0,1.0,2.0,4.0,13.0,-4.0
22200821,1610612747,LAL,Los Angeles,201976,Patrick Beverley,Patrick,G,,23:41,2.0,3.0,0.667,2.0,3.0,0.667,1.0,2.0,0.5,0.0,1.0,1.0,5.0,0.0,0.0,3.0,3.0,7.0,1.0
22200821,1610612747,LAL,Los Angeles,203471,Dennis Schröder,Dennis,G,,31:56,4.0,9.0,0.444,0.0,5.0,0.0,2.0,2.0,1.0,0.0,2.0,2.0,3.0,0.0,0.0,3.0,3.0,10.0,-11.0
22200821,1610612747,LAL,Los Angeles,201566,Russell Westbrook,Russell,,,27:60,10.0,19.0,0.526,4.0,7.0,0.571,3.0,6.0,0.5,0.0,4.0,4.0,8.0,2.0,1.0,6.0,1.0,27.0,4.0
22200821,1610612747,LAL,Los Angeles,1628972,Troy Brown Jr.,Troy,,,22:17,4.0,6.0,0.667,1.0,2.0,0.5,0.0,0.0,0.0,1.0,5.0,6.0,1.0,1.0,0.0,0.0,1.0,9.0,9.0
22200821,1610612747,LAL,Los Angeles,1629022,Lonnie Walker IV,Lonnie,,,18:54,3.0,7.0,0.429,2.0,5.0,0.4,0.0,0.0,0.0,0.0,1.0,1.0,3.0,0.0,0.0,1.0,2.0,8.0,-5.0
22200821,1610612747,LAL,Los Angeles,1630559,Austin Reaves,Austin,,,6:50,0.0,2.0,0.0,0.0,1.0,0.0,0.0,0.0,0.0,0.0,1.0,1.0,1.0,0.0,0.0,0.0,2.0,0.0,-7.0
22200821,1610612747,LAL,Los Angeles,1628418,Thomas Bryant,Thomas,,,17:24,2.0,3.0,0.667,0.0,1.0,0.0,0.0,0.0,0.0,1.0,4.0,5.0,1.0,0.0,1.0,0.0,0.0,4.0,1.0
22200821,1610612747,LAL,Los Angeles,1631108,Max Christie,Max,,DNP - Coach's Decision,,,,,,,,,,,,,,,,,,,,
22200821,1610612747,LAL,Los Angeles,1629117,Wenyen Gabriel,Wenyen,,DNP - Coach's Decision,,,,,,,,,,,,,,,,,,,,
22200821,1610612747,LAL,Los Angeles,1627745,Damian Jones,Damian,,DNP - Coach's Decision,,,,,,,,,,,,,,,,,,,,
22200821,1610612747,LAL,Los Angeles,1629308,Juan Toscano-Anderson,Juan,,DNP - Coach's Decision,,,,,,,,,,,,,,,,,,,,
