GAME_ID,TEAM_ID,TEAM_ABBREVIATION,TEAM_CITY,PLAYER_ID,PLAYER_NAME,NICKNAME,START_POSITION,COMMENT,MIN,FGM,FGA,FG_PCT,FG3M,FG3A,FG3_PCT,FTM,FTA,FT_PCT,OREB,DREB,REB,AST,STL,BLK,TO,PF,PTS,PLUS_MINUS
22200538,1610612746,LAC,LA,202695,Kawhi Leonard,Kawhi,F,,35:06,8.0,17.0,0.471,1.0,5.0,0.2,7.0,7.0,1.0,2.0,3.0,5.0,7.0,2.0,0.0,2.0,0.0,24.0,-5.0
22200538,1610612746,LAC,LA,202694,Marcus Morris Sr.,Marcus,F,,28:49,5.0,11.0,0.455,3.0,5.0,0.6,2.0,2.0,1.0,1.0,2.0,3.0,1.0,0.0,3.0,0.0,5.0,15.0,-1.0
22200538,1610612746,LAC,LA,1627826,Ivica Zubac,Ivica,C,,26:55,3.0,5.0,0.6,0.0,0.0,0.0,0.0,0.0,0.0,3.0,4.0,7.0,0.0,0.0,0.0,1.0,1.0,6.0,0.0
22200538,1610612746,LAC,LA,202331,Paul George,Paul,G,,39:53,15.0,25.0,0.6,7.0,13.0,0.538,8.0,8.0,1.0,2.0,7.0,9.0,4.0,3.0,0.0,4.0,4.0,45.0,-4.0
22200538,1610612746,LAC,LA,202704,Reggie Jackson,Reggie,G,,32:34,4.0,7.0,0.571,2.0,4.0,0.5,3.0,3.0,1.0,0.0,4.0,4.0,3.0,0.0,1.0,2.0,3.0,13.0,-1.0
22200538,1610612746,LAC,LA,203496,Robert Covington,Robert,,,8:45,0.0,1.0,0.0,0.0,1.0,0.0,2.0,2.0,1.0,0.0,2.0,2.0,0.0,0.0,0.0,0.0,0.0,2.0,-3.0
22200538,1610612746,LAC,LA,202322,John Wall,John,,,15:26,3.0,5.0,0.6,1.0,1.0,1.0,0.0,0.0,0.0,0.0,1.0,1.0,2.0,2.0,0.0,2.0,4.0,7.0,0.0
22200538,1610612746,LAC,LA,1626181,Norman Powell,Norman,,,23:32,2.0,3.0,0.667,0.0,0.0,0.0,5.0,6.0,0.833,0.0,5.0,5.0,2.0,0.0,2.0,2.0,3.0,9.0,6.0
22200538,1610612746,LAC,LA,1628379,Luke Kennard,Luke,,,19:41,2.0,5.0,0.4,2.0,5.0,0.4,1.0,1.0,1.0,0.0,1.0,1.0,3.0,0.0,0.0,1.0,2.0,7.0,2.0
22200538,1610612746,LAC,LA,1629611,Terance Mann,Terance,,,9:19,1.0,1.0,1.0,0.0,0.0,0.0,0.0,0.0,0.0,0.0,2.0,2.0,1.0,0.0,0.0,1.0,1.0,2.0,1.0
22200538,1610612746,LAC,LA,1629650,Moses Brown,Moses,,DNP - Coach's Decision,,,,,,,,,,,,,,,,,,,,
22200538,1610612746,LAC,LA,1629599,Amir Coffey,Amir,,DNP - Coach's Decision,,,,,,,,,,,,,,,,,,,,
22200538,1610612754,IND,Indiana,1627741,Buddy Hield,Buddy,F,,33:46,6.0,16.0,0.375,5.0,12.0,0.417,1.0,1.0,1.0,2.0,6.0,8.0,2.0,1.0,0.0,1.0,2.0,18.0,2.0
22200538,1610612754,IND,Indiana,1630174,Aaron Nesmith,Aaron,F,,34:03,6.0,9.0,0.667,3.0,5.0,0.6,1.0,1.0,1.0,0.0,1.0,1.0,4.0,0.0,1.0,0.0,6.0,16.0,7.0
22200538,1610612754,IND,Indiana,1626167,Myles Turner,Myles,C,,33:31,11.0,17.0,0.647,2.0,5.0,0.4,10.0,10.0,1.0,1.0,2.0,3.0,3.0,2.0,1.0,2.0,3.0,34.0,8.0
22200538,1610612754,IND,Indiana,1629614,Andrew Nembhard,Andrew,G,,35:06,3.0,5.0,0.6,0.0,1.0,0.0,0.0,0.0,0.0,1.0,3.0,4.0,4.0,0.0,1.0,3.0,3.0,6.0,5.0
22200538,1610612754,IND,Indiana,1630169,Tyrese Haliburton,Tyrese,G,,32:54,8.0,13.0,0.615,2.0,6.0,0.333,6.0,7.0,0.857,1.0,6.0,7.0,10.0,4.0,1.0,0.0,2.0,24.0,3.0
22200538,1610612754,IND,Indiana,1631097,Bennedict Mathurin,Bennedict,,,20:26,4.0,9.0,0.444,0.0,3.0,0.0,7.0,10.0,0.7,1.0,3.0,4.0,1.0,0.0,0.0,2.0,1.0,15.0,-6.0
22200538,1610612754,IND,Indiana,1630188,Jalen Smith,Jalen,,,14:21,4.0,7.0,0.571,1.0,2.0,0.5,0.0,0.0,0.0,2.0,2.0,4.0,0.0,2.0,0.0,3.0,1.0,9.0,-5.0
22200538,1610612754,IND,Indiana,204456,T.J. McConnell,T.J.,,,15:35,4.0,7.0,0.571,1.0,1.0,1.0,0.0,0.0,0.0,0.0,1.0,1.0,3.0,1.0,0.0,0.0,1.0,9.0,-4.0
22200538,1610612754,IND,Indiana,1630537,Chris Duarte,Chris,,,13:40,0.0,5.0,0.0,0.0,3.0,0.0,0.0,0.0,0.0,0.0,3.0,3.0,1.0,0.0,0.0,0.0,1.0,0.0,-2.0
22200538,1610612754,IND,Indiana,1629052,Oshae Brissett,Oshae,,,6:38,0.0,0.0,0.0,0.0,0.0,0.0,0.0,0.0,0.0,0.0,1.0,1.0,0.0,0.0,0.0,0.0,0.0,0.0,-3.0
22200538,1610612754,IND,Indiana,1629048,Goga Bitadze,Goga,,DNP - Coach's Decision,,,,,,,,,,,,,,,,,,,,
22200538,1610612754,IND,Indiana,1630543,Isaiah Jackson,Isaiah,,DNP - Coach's Decision,,,,,,,,,,,,,,,,,,,,
22200538,1610612754,IND,Indiana,201949,James Johnson,James,,DNP - Coach's Decision,,,,,,,,,,,,,,,,,,,,
22200538,1610612754,IND,Indiana,1630678,Terry Taylor,Terry,,DNP - Coach's Decision,,,,,,,,,,,,,,,,,,,,
22200545,1610612755,PHI,Philadelphia,1629680,Matisse Thybulle,Matisse,F,,21:36,3.0,3.0,1.0,3.0,3.0,1.0,0.0,0.0,0.0,0.0,1.0,1.0,0.0,0.0,0.0,0.0,5.0,9.0,22.0
22200545,1610612755,PHI,Philadelphia,202699,Tobias Harris,Tobias,F,,30:55,10.0,17.0,0.588,1.0,3.0,0.333,2.0,2.0,1.0,5.0,4.0,9.0,4.0,0.0,0.0,0.0,2.0,23.0,21.0
22200545,1610612755,PHI,Philadelphia,203954,Joel Embiid,Joel,C,,28:28,6.0,17.0,0.353,0.0,3.0,0.0,4.0,6.0,0.667,2.0,11.0,13.0,10.0,1.0,4.0,4.0,3.0,16.0,22.0
22200545,1610612755,PHI,Philadelphia,1629001,De'Anthony Melton,De'Anthony,G,,30:43,7.0,13.0,0.538,3.0,7.0,0.429,0.0,0.0,0.0,0.0,7.0,7.0,3.0,3.0,2.0,0.0,4.0,17.0,27.0
22200545,1610612755,PHI,Philadelphia,1629003,Shake Milton,Shake,G,,38:14,7.0,14.0,0.5,2.0,7.0,0.286,2.0,2.0,1.0,1.0,3.0,4.0,7.0,1.0,0.0,4.0,1.0,18.0,19.0
22200545,1610612755,PHI,Philadelphia,1627788,Furkan Korkmaz,Furkan,,,25:11,3.0,7.0,0.429,1.0,4.0,0.25,0.0,2.0,0.0,1.0,4.0,5.0,1.0,2.0,1.0,1.0,0.0,7.0,0.0
22200545,1610612755,PHI,Philadelphia,1627863,Danuel House Jr.,Danuel,,,28:16,3.0,8.0,0.375,1.0,4.0,0.25,1.0,2.0,0.5,0.0,5.0,5.0,3.0,0.0,0.0,1.0,3.0,8.0,-11.0
22200545,1610612755,PHI,Philadelphia,1627777,Georges Niang,Georges,,,13:09,1.0,4.0,0.25,0.0,3.0,0.0,2.0,2.0,1.0,0.0,1.0,1.0,1.0,0.0,0.0,1.0,1.0,4.0,3.0
22200545,1610612755,PHI,Philadelphia,1626149,Montrezl Harrell,Montrezl,,,15:36,4.0,9.0,0.444,0.0,0.0,0.0,1.0,1.0,1.0,4.0,2.0,6.0,0.0,0.0,1.0,1.0,2.0,9.0,2.0
22200545,1610612755,PHI,Philadelphia,1630194,Paul Reed,Paul,,,3:56,1.0,5.0,0.2,0.0,0.0,0.0,0.0,0.0,0.0,0.0,3.0,3.0,0.0,0.0,1.0,1.0,1.0,2.0,-5.0
22200545,1610612755,PHI,Philadelphia,1630531,Jaden Springer,Jaden,,,3:56,1.0,2.0,0.5,0.0,0.0,0.0,0.0,0.0,0.0,1.0,1.0,2.0,0.0,0.0,0.0,0.0,2.0,2.0,-5.0
22200545,1610612760,OKC,Oklahoma City,1629652,Luguentz Dort,Luguentz,F,,24:38,5.0,13.0,0.385,1.0,5.0,0.2,2.0,3.0,0.667,0.0,5.0,5.0,0.0,3.0,0.0,1.0,2.0,13.0,-19.0
22200545,1610612760,OKC,Oklahoma City,1631114,Jalen Williams,Jalen,F,,27:53,6.0,10.0,0.6,3.0,4.0,0.75,2.0,2.0,1.0,0.0,3.0,3.0,1.0,2.0,1.0,4.0,2.0,17.0,-5.0
22200545,1610612760,OKC,Oklahoma City,1631119,Jaylin Williams,Jaylin,C,,17:48,0.0,2.0,0.0,0.0,2.0,0.0,1.0,2.0,0.5,0.0,4.0,4.0,1.0,0.0,0.0,1.0,3.0,1.0,-6.0
22200545,1610612760,OKC,Oklahoma City,1630581,Josh Giddey,Josh,G,,31:58,9.0,15.0,0.6,1.0,3.0,0.333,1.0,1.0,1.0,5.0,4.0,9.0,2.0,1.0,1.0,1.0,2.0,20.0,-23.0
22200545,1610612760,OKC,Oklahoma City,1628983,Shai Gilgeous-Alexander,Shai,G,,32:23,4.0,15.0,0.267,1.0,2.0,0.5,5.0,8.0,0.625,2.0,4.0,6.0,5.0,0.0,0.0,2.0,3.0,14.0,-17.0
22200545,1610612760,OKC,Oklahoma City,203488,Mike Muscala,Mike,,,17:27,1.0,8.0,0.125,1.0,6.0,0.167,1.0,2.0,0.5,1.0,2.0,3.0,1.0,0.0,0.0,1.0,3.0,4.0,1.0
22200545,1610612760,OKC,Oklahoma City,1630198,Isaiah Joe,Isaiah,,,19:09,3.0,5.0,0.6,2.0,3.0,0.667,0.0,0.0,0.0,3.0,2.0,5.0,1.0,0.0,0.0,0.0,2.0,8.0,10.0
22200545,1610612760,OKC,Oklahoma City,1630544,Tre Mann,Tre,,,24:36,1.0,9.0,0.111,1.0,4.0,0.25,0.0,0.0,0.0,1.0,2.0,3.0,2.0,1.0,0.0,3.0,2.0,3.0,-2.0
22200545,1610612760,OKC,Oklahoma City,1629026,Kenrich Williams,Kenrich,,,22:57,3.0,7.0,0.429,0.0,2.0,0.0,0.0,0.0,0.0,3.0,6.0,9.0,2.0,0.0,3.0,0.0,1.0,6.0,-14.0
22200545,1610612760,OKC,Oklahoma City,1629647,Darius Bazley,Darius,,,14:16,2.0,4.0,0.5,1.0,1.0,1.0,1.0,2.0,0.5,0.0,2.0,2.0,0.0,0.0,0.0,2.0,0.0,6.0,-20.0
22200545,1610612760,OKC,Oklahoma City,1630647,Eugene Omoruyi,Eugene,,,1:48,0.0,0.0,0.0,0.0,0.0,0.0,0.0,0.0,0.0,0.0,0.0,0.0,0.0,0.0,0.0,1.0,1.0,0.0,-5.0
22200545,1610612760,OKC,Oklahoma City,1630322,Lindy Waters III,Lindy,,,5:07,1.0,4.0,0.25,1.0,4.0,0.25,1.0,2.0,0.5,0.0,1.0,1.0,1.0,0.0,1.0,0.0,0.0,4.0,5.0
22200545,1610612760,OKC,Oklahoma City,1630598,Aaron Wiggins,Aaron,,DNP - Coach's Decision,,,,,,,,,,,,,,,,,,,,
22200540,1610612739,CLE,Cleveland,1630205,Lamar Stevens,Lamar,F,,19:45,1.0,6.0,0.167,0.0,3.0,0.0,0.0,0.0,0.0,0.0,4.0,4.0,1.0,0.0,1.0,1.0,1.0,2.0,0.0
22200540,1610612739,CLE,Cleveland,201567,Kevin Love,Kevin,F,,33:31,7.0,15.0,0.467,5.0,11.0,0.455,1.0,1.0,1.0,2.0,7.0,9.0,1.0,1.0,1.0,3.0,2.0,20.0,3.0
22200540,1610612739,CLE,Cleveland,1628386,Jarrett Allen,Jarrett,C,,34:52,3.0,9.0,0.333,0.0,0.0,0.0,0.0,2.0,0.0,4.0,6.0,10.0,2.0,2.0,2.0,2.0,1.0,6.0,-3.0
22200540,1610612739,CLE,Cleveland,1628378,Donovan Mitchell,Donovan,G,,36:50,5.0,16.0,0.313,0.0,6.0,0.0,5.0,6.0,0.833,1.0,2.0,3.0,6.0,4.0,0.0,7.0,3.0,15.0,-9.0
22200540,1610612739,CLE,Cleveland,1627747,Caris LeVert,Caris,G,,37:16,10.0,19.0,0.526,3.0,9.0,0.333,0.0,2.0,0.0,2.0,5.0,7.0,4.0,1.0,0.0,4.0,1.0,23.0,1.0
22200540,1610612739,CLE,Cleveland,1626224,Cedi Osman,Cedi,,,24:32,4.0,7.0,0.571,3.0,5.0,0.6,1.0,2.0,0.5,1.0,3.0,4.0,2.0,0.0,0.0,2.0,4.0,12.0,9.0
22200540,1610612739,CLE,Cleveland,1630171,Isaac Okoro,Isaac,,,22:56,3.0,5.0,0.6,0.0,1.0,0.0,5.0,6.0,0.833,3.0,4.0,7.0,0.0,1.0,1.0,0.0,3.0,11.0,2.0
22200540,1610612739,CLE,Cleveland,1629603,Mamadi Diakite,Mamadi,,,2:53,0.0,1.0,0.0,0.0,1.0,0.0,0.0,0.0,0.0,0.0,0.0,0.0,0.0,0.0,0.0,0.0,0.0,0.0,-9.0
22200540,1610612739,CLE,Cleveland,201577,Robin Lopez,Robin,,,12:43,4.0,5.0,0.8,1.0,1.0,1.0,0.0,0.0,0.0,1.0,3.0,4.0,1.0,0.0,0.0,1.0,1.0,9.0,4.0
22200540,1610612739,CLE,Cleveland,203526,Raul Neto,Raul,,,14:42,2.0,2.0,1.0,1.0,1.0,1.0,0.0,0.0,0.0,1.0,1.0,2.0,3.0,0.0,0.0,0.0,2.0,5.0,7.0
22200540,1610612739,CLE,Cleveland,1630600,Isaiah Mobley,Isaiah,,DNP - Coach's Decision,,,,,,,,,,,,,,,,,,,,
22200540,1610612741,CHI,Chicago,201942,DeMar DeRozan,DeMar,F,,38:08,7.0,17.0,0.412,0.0,1.0,0.0,7.0,7.0,1.0,1.0,3.0,4.0,3.0,3.0,1.0,4.0,5.0,21.0,1.0
22200540,1610612741,CHI,Chicago,1630172,Patrick Williams,Patrick,F,,21:04,4.0,7.0,0.571,1.0,3.0,0.333,0.0,0.0,0.0,1.0,1.0,2.0,0.0,0.0,0.0,2.0,0.0,9.0,-3.0
22200540,1610612741,CHI,Chicago,202696,Nikola Vučević,Nikola,C,,34:30,5.0,13.0,0.385,0.0,4.0,0.0,1.0,2.0,0.5,3.0,11.0,14.0,1.0,2.0,1.0,0.0,2.0,11.0,7.0
22200540,1610612741,CHI,Chicago,203897,Zach LaVine,Zach,G,,36:12,6.0,16.0,0.375,1.0,3.0,0.333,2.0,2.0,1.0,0.0,4.0,4.0,2.0,0.0,0.0,3.0,2.0,15.0,8.0
22200540,1610612741,CHI,Chicago,1630245,Ayo Dosunmu,Ayo,G,,34:08,7.0,10.0,0.7,2.0,3.0,0.667,3.0,6.0,0.5,0.0,2.0,2.0,2.0,5.0,0.0,2.0,2.0,19.0,-7.0
22200540,1610612741,CHI,Chicago,1629632,Coby White,Coby,,,21:17,4.0,9.0,0.444,1.0,4.0,0.25,0.0,0.0,0.0,1.0,5.0,6.0,2.0,3.0,0.0,2.0,0.0,9.0,-9.0
22200540,1610612741,CHI,Chicago,1629750,Javonte Green,Javonte,,,16:26,4.0,5.0,0.8,1.0,2.0,0.5,3.0,5.0,0.6,1.0,2.0,3.0,1.0,0.0,2.0,1.0,2.0,12.0,-5.0
22200540,1610612741,CHI,Chicago,1627936,Alex Caruso,Alex,,,25:10,1.0,3.0,0.333,1.0,1.0,1.0,1.0,2.0,0.5,1.0,3.0,4.0,3.0,2.0,1.0,1.0,2.0,4.0,11.0
22200540,1610612741,CHI,Chicago,203083,Andre Drummond,Andre,,,13:05,1.0,1.0,1.0,0.0,0.0,0.0,0.0,0.0,0.0,1.0,0.0,1.0,0.0,0.0,1.0,0.0,0.0,2.0,-8.0
22200540,1610612741,CHI,Chicago,1628396,Tony Bradley,Tony,,DNP - Coach's Decision,,,,,,,,,,,,,,,,,,,,
22200540,1610612741,CHI,Chicago,1630792,Malcolm Hill,Malcolm,,DNP - Coach's Decision,,,,,,,,,,,,,,,,,,,,
22200540,1610612741,CHI,Chicago,1627884,Derrick Jones Jr.,Derrick,,DNP - Coach's Decision,,,,,,,,,,,,,,,,,,,,
22200540,1610612741,CHI,Chicago,1631207,Dalen Terry,Dalen,,DNP - Coach's Decision,,,,,,,,,,,,,,,,,,,,
22200543,1610612740,NOP,New Orleans,1630530,Trey Murphy III,Trey,F,,23:53,5.0,7.0,0.714,2.0,4.0,0.5,3.0,3.0,1.0,0.0,3.0,3.0,0.0,0.0,0.0,0.0,2.0,15.0,-13.0
22200543,1610612740,NOP,New Orleans,1629627,Zion Williamson,Zion,F,,28:17,6.0,16.0,0.375,0.0,0.0,0.0,8.0,10.0,0.8,3.0,6.0,9.0,1.0,0.0,0.0,9.0,3.0,20.0,-16.0
22200543,1610612740,NOP,New Orleans,202685,Jonas Valančiūnas,Jonas,C,,22:26,2.0,5.0,0.4,1.0,1.0,1.0,1.0,2.0,0.5,1.0,5.0,6.0,0.0,1.0,3.0,0.0,6.0,6.0,-11.0
22200543,1610612740,NOP,New Orleans,1630529,Herbert Jones,Herbert,G,,27:59,2.0,12.0,0.167,0.0,4.0,0.0,0.0,1.0,0.0,5.0,6.0,11.0,3.0,3.0,0.0,2.0,1.0,4.0,-1.0
22200543,1610612740,NOP,New Orleans,203468,CJ McCollum,CJ,G,,30:45,4.0,16.0,0.25,1.0,7.0,0.143,1.0,1.0,1.0,0.0,1.0,1.0,3.0,0.0,0.0,6.0,1.0,10.0,-27.0
22200543,1610612740,NOP,New Orleans,1629637,Jaxson Hayes,Jaxson,,,20:45,5.0,6.0,0.833,1.0,2.0,0.5,2.0,3.0,0.667,1.0,3.0,4.0,1.0,1.0,1.0,1.0,3.0,13.0,-1.0
22200543,1610612740,NOP,New Orleans,1630230,Naji Marshall,Naji,,,21:05,2.0,10.0,0.2,2.0,6.0,0.333,6.0,6.0,1.0,0.0,0.0,0.0,4.0,1.0,0.0,0.0,1.0,12.0,-3.0
22200543,1610612740,NOP,New Orleans,1626195,Willy Hernangomez,Willy,,,16:42,3.0,9.0,0.333,0.0,0.0,0.0,5.0,6.0,0.833,5.0,2.0,7.0,0.0,0.0,0.0,0.0,3.0,11.0,-6.0
22200543,1610612740,NOP,New Orleans,1630631,Jose Alvarado,Jose,,,20:26,2.0,6.0,0.333,0.0,2.0,0.0,3.0,4.0,0.75,0.0,3.0,3.0,2.0,0.0,0.0,0.0,0.0,7.0,4.0
22200543,1610612740,NOP,New Orleans,1630700,Dyson Daniels,Dyson,,,10:22,0.0,1.0,0.0,0.0,1.0,0.0,0.0,0.0,0.0,0.0,1.0,1.0,1.0,0.0,0.0,0.0,0.0,0.0,4.0
22200543,1610612740,NOP,New Orleans,1628984,Devonte' Graham,Devonte',,,17:20,1.0,3.0,0.333,1.0,3.0,0.333,0.0,0.0,0.0,0.0,1.0,1.0,1.0,0.0,0.0,1.0,1.0,3.0,-5.0
22200543,1610612740,NOP,New Orleans,1630184,Kira Lewis Jr.,Kira,,DNP - Coach's Decision,,,,,,,,,,,,,,,,,,,,
22200543,1610612740,NOP,New Orleans,202066,Garrett Temple,Garrett,,DNP - Coach's Decision,,,,,,,,,,,,,,,,,,,,
22200543,1610612763,MEM,Memphis,1628415,Dillon Brooks,Dillon,F,,27:26,3.0,8.0,0.375,1.0,3.0,0.333,0.0,0.0,0.0,0.0,0.0,0.0,2.0,0.0,0.0,1.0,5.0,7.0,15.0
22200543,1610612763,MEM,Memphis,1628991,Jaren Jackson Jr.,Jaren,F,,30:15,7.0,13.0,0.538,1.0,4.0,0.25,2.0,2.0,1.0,2.0,4.0,6.0,2.0,3.0,6.0,4.0,4.0,17.0,22.0
22200543,1610612763,MEM,Memphis,203500,Steven Adams,Steven,C,,27:10,4.0,6.0,0.667,0.0,0.0,0.0,2.0,6.0,0.333,5.0,16.0,21.0,3.0,2.0,2.0,0.0,3.0,10.0,-1.0
22200543,1610612763,MEM,Memphis,1630217,Desmond Bane,Desmond,G,,28:03,7.0,19.0,0.368,1.0,6.0,0.167,3.0,3.0,1.0,2.0,5.0,7.0,0.0,1.0,1.0,3.0,2.0,18.0,8.0
22200543,1610612763,MEM,Memphis,1629630,Ja Morant,Ja,G,,30:52,13.0,22.0,0.591,0.0,6.0,0.0,6.0,7.0,0.857,0.0,3.0,3.0,8.0,2.0,0.0,4.0,0.0,32.0,7.0
22200543,1610612763,MEM,Memphis,1629723,John Konchar,John,,,23:13,4.0,7.0,0.571,0.0,3.0,0.0,0.0,0.0,0.0,1.0,2.0,3.0,3.0,3.0,0.0,1.0,2.0,8.0,12.0
22200543,1610612763,MEM,Memphis,1629634,Brandon Clarke,Brandon,,,19:23,4.0,7.0,0.571,0.0,0.0,0.0,4.0,4.0,1.0,3.0,2.0,5.0,0.0,1.0,1.0,0.0,5.0,12.0,16.0
22200543,1610612763,MEM,Memphis,1631223,David Roddy,David,,,28:15,1.0,5.0,0.2,0.0,4.0,0.0,0.0,0.0,0.0,0.0,2.0,2.0,0.0,2.0,1.0,4.0,5.0,2.0,-7.0
22200543,1610612763,MEM,Memphis,1626145,Tyus Jones,Tyus,,,20:58,3.0,4.0,0.75,2.0,3.0,0.667,0.0,0.0,0.0,0.0,4.0,4.0,8.0,0.0,0.0,0.0,0.0,8.0,7.0
22200543,1610612763,MEM,Memphis,1631113,Kennedy Chandler,Kennedy,,,1:29,0.0,0.0,0.0,0.0,0.0,0.0,0.0,0.0,0.0,0.0,0.0,0.0,0.0,0.0,0.0,0.0,0.0,0.0,-2.0
22200543,1610612763,MEM,Memphis,1631222,Jake LaRavia,Jake,,,1:29,0.0,0.0,0.0,0.0,0.0,0.0,0.0,0.0,0.0,0.0,0.0,0.0,0.0,0.0,0.0,0.0,1.0,0.0,-2.0
22200543,1610612763,MEM,Memphis,1630214,Xavier Tillman,Xavier,,,1:27,1.0,1.0,1.0,0.0,0.0,0.0,0.0,0.0,0.0,0.0,1.0,1.0,0.0,0.0,0.0,0.0,0.0,2.0,0.0
22200543,1610612763,MEM,Memphis,1630533,Ziaire Williams,Ziaire,,DNP - Coach's Decision,,,,,,,,,,,,,,,,,,,,
22200544,1610612765,DET,Detroit,202711,Bojan Bogdanović,Bojan,F,,31:29,10.0,14.0,0.714,3.0,4.0,0.75,5.0,5.0,1.0,2.0,4.0,6.0,5.0,1.0,0.0,2.0,1.0,28.0,1.0
22200544,1610612765,DET,Detroit,1630191,Isaiah Stewart,Isaiah,F,,24:23,3.0,7.0,0.429,0.0,1.0,0.0,0.0,0.0,0.0,4.0,3.0,7.0,0.0,1.0,1.0,2.0,2.0,6.0,-3.0
22200544,1610612765,DET,Detroit,1631105,Jalen Duren,Jalen,C,,13:31,1.0,1.0,1.0,0.0,0.0,0.0,1.0,2.0,0.5,0.0,0.0,0.0,1.0,0.0,0.0,1.0,4.0,3.0,-15.0
22200544,1610612765,DET,Detroit,1630180,Saddiq Bey,Saddiq,G,,18:25,4.0,8.0,0.5,1.0,4.0,0.25,4.0,4.0,1.0,0.0,4.0,4.0,0.0,0.0,0.0,0.0,1.0,13.0,-14.0
22200544,1610612765,DET,Detroit,1631093,Jaden Ivey,Jaden,G,,19:58,0.0,4.0,0.0,0.0,1.0,0.0,1.0,2.0,0.5,0.0,1.0,1.0,4.0,0.0,0.0,6.0,2.0,1.0,-14.0
22200544,1610612765,DET,Detroit,1628977,Hamidou Diallo,Hamidou,,,24:07,5.0,10.0,0.5,0.0,1.0,0.0,2.0,4.0,0.5,3.0,5.0,8.0,3.0,2.0,2.0,1.0,2.0,12.0,12.0
22200544,1610612765,DET,Detroit,202692,Alec Burks,Alec,,,28:30,4.0,13.0,0.308,2.0,5.0,0.4,3.0,5.0,0.6,1.0,6.0,7.0,2.0,0.0,1.0,0.0,3.0,13.0,23.0
22200544,1610612765,DET,Detroit,202709,Cory Joseph,Cory,,,28:02,4.0,9.0,0.444,1.0,3.0,0.333,2.0,2.0,1.0,0.0,6.0,6.0,5.0,1.0,0.0,2.0,0.0,11.0,26.0
22200544,1610612765,DET,Detroit,203585,Rodney McGruder,Rodney,,,22:37,4.0,7.0,0.571,3.0,5.0,0.6,0.0,0.0,0.0,2.0,1.0,3.0,0.0,1.0,0.0,0.0,4.0,11.0,23.0
22200544,1610612765,DET,Detroit,1628963,Marvin Bagley III,Marvin,,,28:58,8.0,16.0,0.5,0.0,3.0,0.0,2.0,4.0,0.5,3.0,7.0,10.0,1.0,0.0,2.0,0.0,3.0,18.0,21.0
22200544,1610612765,DET,Detroit,1630165,Killian Hayes,Killian,,NWT - League Suspension,,,,,,,,,,,,,,,,,,,,
22200544,1610612765,DET,Detroit,1628995,Kevin Knox II,Kevin,,DNP - Coach's Decision,,,,,,,,,,,,,,,,,,,,
22200544,1610612765,DET,Detroit,203457,Nerlens Noel,Nerlens,,DNP - Coach's Decision,,,,,,,,,,,,,,,,,,,,
22200544,1610612750,MIN,Minnesota,1630183,Jaden McDaniels,Jaden,F,,33:00,3.0,11.0,0.273,0.0,3.0,0.0,2.0,2.0,1.0,3.0,3.0,6.0,3.0,0.0,0.0,0.0,4.0,8.0,2.0
22200544,1610612750,MIN,Minnesota,203937,Kyle Anderson,Kyle,F,,34:27,2.0,8.0,0.25,2.0,3.0,0.667,6.0,6.0,1.0,2.0,4.0,6.0,2.0,1.0,0.0,2.0,3.0,12.0,-1.0
22200544,1610612750,MIN,Minnesota,203497,Rudy Gobert,Rudy,C,,27:35,3.0,3.0,1.0,0.0,0.0,0.0,3.0,6.0,0.5,2.0,8.0,10.0,0.0,0.0,2.0,3.0,3.0,9.0,-8.0
22200544,1610612750,MIN,Minnesota,1630162,Anthony Edwards,Anthony,G,,38:56,10.0,21.0,0.476,4.0,10.0,0.4,6.0,7.0,0.857,0.0,7.0,7.0,5.0,1.0,0.0,3.0,3.0,30.0,-5.0
22200544,1610612750,MIN,Minnesota,1626156,D'Angelo Russell,D'Angelo,G,,33:53,9.0,18.0,0.5,2.0,7.0,0.286,5.0,5.0,1.0,0.0,0.0,0.0,5.0,0.0,0.0,2.0,3.0,25.0,3.0
22200544,1610612750,MIN,Minnesota,1629675,Naz Reid,Naz,,,23:59,3.0,6.0,0.5,0.0,2.0,0.0,0.0,0.0,0.0,2.0,7.0,9.0,0.0,2.0,2.0,3.0,2.0,6.0,-8.0
22200544,1610612750,MIN,Minnesota,1629669,Jaylen Nowell,Jaylen,,,17:51,4.0,9.0,0.444,1.0,4.0,0.25,0.0,0.0,0.0,0.0,1.0,1.0,1.0,1.0,0.0,0.0,2.0,9.0,-23.0
22200544,1610612750,MIN,Minnesota,1630346,Matt Ryan,Matt,,,11:23,1.0,4.0,0.25,0.0,3.0,0.0,0.0,0.0,0.0,0.0,0.0,0.0,0.0,1.0,1.0,1.0,0.0,2.0,-2.0
22200544,1610612750,MIN,Minnesota,203085,Austin Rivers,Austin,,,18:56,1.0,3.0,0.333,1.0,2.0,0.5,0.0,0.0,0.0,0.0,0.0,0.0,1.0,0.0,0.0,1.0,2.0,3.0,-18.0
22200544,1610612750,MIN,Minnesota,1627854,Bryn Forbes,Bryn,,DNP - Coach's Decision,,,,,,,,,,,,,,,,,,,,
22200544,1610612750,MIN,Minnesota,1630568,Luka Garza,Luka,,DNP - Coach's Decision,,,,,,,,,,,,,,,,,,,,
22200544,1610612750,MIN,Minnesota,1630233,Nathan Knight,Nathan,,DNP - Coach's Decision,,,,,,,,,,,,,,,,,,,,
22200544,1610612750,MIN,Minnesota,1631169,Josh Minott,Josh,,DNP - Coach's Decision,,,,,,,,,,,,,,,,,,,,
22200544,1610612750,MIN,Minnesota,1631111,Wendell Moore Jr.,Wendell,,DNP - Coach's Decision,,,,,,,,,,,,,,,,,,,,
22200536,1610612757,POR,Portland,1628404,Josh Hart,Josh,F,,41:03,4.0,7.0,0.571,1.0,2.0,0.5,3.0,7.0,0.429,5.0,6.0,11.0,7.0,0.0,1.0,2.0,5.0,12.0,-10.0
22200536,1610612757,POR,Portland,203924,Jerami Grant,Jerami,F,,40:52,8.0,16.0,0.5,1.0,7.0,0.143,2.0,2.0,1.0,1.0,2.0,3.0,5.0,0.0,0.0,3.0,1.0,19.0,-12.0
22200536,1610612757,POR,Portland,1629234,Drew Eubanks,Drew,C,,31:45,4.0,6.0,0.667,0.0,0.0,0.0,0.0,1.0,0.0,2.0,5.0,7.0,2.0,1.0,1.0,2.0,5.0,8.0,-10.0
22200536,1610612757,POR,Portland,1629014,Anfernee Simons,Anfernee,G,,35:04,8.0,21.0,0.381,4.0,11.0,0.364,2.0,2.0,1.0,1.0,6.0,7.0,2.0,0.0,1.0,3.0,1.0,22.0,-9.0
22200536,1610612757,POR,Portland,203081,Damian Lillard,Damian,G,,42:11,12.0,29.0,0.414,4.0,15.0,0.267,6.0,7.0,0.857,2.0,6.0,8.0,5.0,0.0,1.0,3.0,4.0,34.0,-5.0
22200536,1610612757,POR,Portland,1630570,Trendon Watford,Trendon,,,15:41,2.0,4.0,0.5,1.0,2.0,0.5,3.0,4.0,0.75,0.0,4.0,4.0,1.0,0.0,0.0,0.0,1.0,8.0,4.0
22200536,1610612757,POR,Portland,1631101,Shaedon Sharpe,Shaedon,,,19:25,3.0,4.0,0.75,1.0,2.0,0.5,0.0,0.0,0.0,2.0,1.0,3.0,0.0,0.0,0.0,0.0,1.0,7.0,7.0
22200536,1610612757,POR,Portland,1631133,Jabari Walker,Jabari,,,13:59,1.0,4.0,0.25,0.0,0.0,0.0,0.0,0.0,0.0,4.0,2.0,6.0,0.0,1.0,0.0,1.0,2.0,2.0,5.0
22200536,1610612757,POR,Portland,1630641,Ibou Badji,Ibou,,DNP - Coach's Decision,,,,,,,,,,,,,,,,,,,,
22200536,1610612757,POR,Portland,1631219,John Butler Jr.,John,,DNP - Coach's Decision,,,,,,,,,,,,,,,,,,,,
22200536,1610612757,POR,Portland,1627780,Gary Payton II,Gary,,DND-Return to Competition Reconditioning,,,,,,,,,,,,,,,,,,,,
22200536,1610612757,POR,Portland,1626159,Justise Winslow,Justise,,DND - Injury/Illness,,,,,,,,,,,,,,,,,,,,
22200536,1610612744,GSW,Golden State,1628978,Donte DiVincenzo,Donte,F,,34:22,4.0,11.0,0.364,1.0,5.0,0.2,0.0,0.0,0.0,3.0,6.0,9.0,4.0,4.0,0.0,1.0,2.0,9.0,16.0
22200536,1610612744,GSW,Golden State,203110,Draymond Green,Draymond,F,,32:38,4.0,11.0,0.364,2.0,4.0,0.5,0.0,0.0,0.0,3.0,8.0,11.0,4.0,1.0,0.0,1.0,3.0,10.0,8.0
22200536,1610612744,GSW,Golden State,1626172,Kevon Looney,Kevon,C,,25:51,2.0,6.0,0.333,0.0,0.0,0.0,0.0,2.0,0.0,8.0,3.0,11.0,2.0,0.0,0.0,0.0,2.0,4.0,-9.0
22200536,1610612744,GSW,Golden State,202691,Klay Thompson,Klay,G,,36:40,11.0,22.0,0.5,7.0,15.0,0.467,2.0,2.0,1.0,1.0,3.0,4.0,2.0,0.0,0.0,0.0,1.0,31.0,8.0
22200536,1610612744,GSW,Golden State,1629673,Jordan Poole,Jordan,G,,36:10,14.0,23.0,0.609,5.0,10.0,0.5,8.0,9.0,0.889,1.0,4.0,5.0,6.0,0.0,0.0,7.0,4.0,41.0,18.0
22200536,1610612744,GSW,Golden State,1630228,Jonathan Kuminga,Jonathan,,,26:19,4.0,8.0,0.5,0.0,2.0,0.0,1.0,2.0,0.5,0.0,2.0,2.0,6.0,1.0,1.0,1.0,5.0,9.0,15.0
22200536,1610612744,GSW,Golden State,1630237,Anthony Lamb,Anthony,,,18:43,1.0,2.0,0.5,1.0,1.0,1.0,2.0,2.0,1.0,1.0,2.0,3.0,1.0,2.0,0.0,0.0,3.0,5.0,-8.0
22200536,1610612744,GSW,Golden State,1629660,Ty Jerome,Ty,,,20:49,2.0,5.0,0.4,1.0,3.0,0.333,4.0,4.0,1.0,0.0,1.0,1.0,4.0,1.0,1.0,2.0,2.0,9.0,-11.0
22200536,1610612744,GSW,Golden State,1630541,Moses Moody,Moses,,,8:28,0.0,3.0,0.0,0.0,3.0,0.0,0.0,0.0,0.0,0.0,0.0,0.0,0.0,0.0,0.0,0.0,0.0,0.0,-7.0
22200536,1610612744,GSW,Golden State,1631116,Patrick Baldwin Jr.,Patrick,,DNP - Coach's Decision,,,,,,,,,,,,,,,,,,,,
22200536,1610612744,GSW,Golden State,1630164,James Wiseman,James,,DNP - Injury/Illness,,,,,,,,,,,,,,,,,,,,
22200530,1610612747,LAL,Los Angeles,1630559,Austin Reaves,Austin,F,,25:36,1.0,13.0,0.077,1.0,9.0,0.111,2.0,2.0,1.0,0.0,3.0,3.0,1.0,0.0,0.0,2.0,4.0,5.0,-6.0
22200530,1610612747,LAL,Los Angeles,2544,LeBron James,LeBron,F,,39:38,18.0,27.0,0.667,4.0,6.0,0.667,7.0,9.0,0.778,2.0,8.0,10.0,9.0,0.0,1.0,5.0,0.0,47.0,12.0
22200530,1610612747,LAL,Los Angeles,1628418,Thomas Bryant,Thomas,C,,33:57,8.0,10.0,0.8,0.0,1.0,0.0,3.0,3.0,1.0,1.0,16.0,17.0,1.0,1.0,1.0,1.0,2.0,19.0,7.0
22200530,1610612747,LAL,Los Angeles,201976,Patrick Beverley,Patrick,G,,25:13,4.0,5.0,0.8,2.0,3.0,0.667,0.0,0.0,0.0,1.0,1.0,2.0,3.0,1.0,1.0,0.0,3.0,10.0,-10.0
22200530,1610612747,LAL,Los Angeles,203471,Dennis Schröder,Dennis,G,,32:01,5.0,12.0,0.417,1.0,5.0,0.2,1.0,1.0,1.0,1.0,1.0,2.0,9.0,3.0,0.0,2.0,3.0,12.0,2.0
22200530,1610612747,LAL,Los Angeles,201566,Russell Westbrook,Russell,,,29:20,6.0,12.0,0.5,0.0,3.0,0.0,2.0,2.0,1.0,2.0,6.0,8.0,11.0,1.0,1.0,6.0,1.0,14.0,11.0
22200530,1610612747,LAL,Los Angeles,1628972,Troy Brown Jr.,Troy,,,25:03,2.0,6.0,0.333,1.0,4.0,0.25,0.0,0.0,0.0,0.0,5.0,5.0,0.0,0.0,1.0,0.0,0.0,5.0,16.0
22200530,1610612747,LAL,Los Angeles,1629117,Wenyen Gabriel,Wenyen,,,14:06,5.0,8.0,0.625,0.0,0.0,0.0,1.0,1.0,1.0,4.0,1.0,5.0,0.0,0.0,1.0,0.0,1.0,11.0,0.0
22200530,1610612747,LAL,Los Angeles,1629308,Juan Toscano-Anderson,Juan,,,15:06,3.0,3.0,1.0,1.0,1.0,1.0,0.0,0.0,0.0,1.0,2.0,3.0,0.0,1.0,0.0,0.0,3.0,7.0,13.0
22200530,1610612747,LAL,Los Angeles,1627745,Damian Jones,Damian,,DNP - Coach's Decision,,,,,,,,,,,,,,,,,,,,
22200530,1610612747,LAL,Los Angeles,1629134,Kendrick Nunn,Kendrick,,DNP - Coach's Decision,,,,,,,,,,,,,,,,,,,,
22200530,1610612747,LAL,Los Angeles,1629022,Lonnie Walker IV,Lonnie,,DND - Injury/Illness,,,,,,,,,,,,,,,,,,,,
22200530,1610612737,ATL,Atlanta,1631100,AJ Griffin,AJ,F,,24:30,5.0,10.0,0.5,3.0,6.0,0.5,0.0,0.0,0.0,0.0,1.0,1.0,2.0,0.0,0.0,0.0,2.0,13.0,1.0
22200530,1610612737,ATL,Atlanta,1628381,John Collins,John,F,,23:02,3.0,7.0,0.429,0.0,3.0,0.0,1.0,2.0,0.5,2.0,7.0,9.0,0.0,0.0,0.0,2.0,6.0,7.0,1.0
22200530,1610612737,ATL,Atlanta,1630168,Onyeka Okongwu,Onyeka,C,,42:35,8.0,11.0,0.727,0.0,0.0,0.0,1.0,2.0,0.5,3.0,5.0,8.0,0.0,2.0,3.0,2.0,4.0,17.0,-7.0
22200530,1610612737,ATL,Atlanta,1627749,Dejounte Murray,Dejounte,G,,39:08,8.0,17.0,0.471,3.0,7.0,0.429,1.0,1.0,1.0,1.0,6.0,7.0,9.0,1.0,0.0,2.0,0.0,20.0,-8.0
22200530,1610612737,ATL,Atlanta,1629027,Trae Young,Trae,G,,36:09,11.0,24.0,0.458,0.0,4.0,0.0,7.0,9.0,0.778,2.0,1.0,3.0,8.0,1.0,0.0,4.0,4.0,29.0,-9.0
22200530,1610612737,ATL,Atlanta,203992,Bogdan Bogdanović,Bogdan,,,33:32,7.0,19.0,0.368,3.0,12.0,0.25,0.0,0.0,0.0,0.0,4.0,4.0,3.0,0.0,1.0,0.0,1.0,17.0,-14.0
22200530,1610612737,ATL,Atlanta,1628988,Aaron Holiday,Aaron,,,12:59,1.0,4.0,0.25,1.0,2.0,0.5,0.0,0.0,0.0,0.0,2.0,2.0,0.0,0.0,0.0,0.0,2.0,3.0,1.0
22200530,1610612737,ATL,Atlanta,1630552,Jalen Johnson,Jalen,,,24:18,5.0,9.0,0.556,1.0,4.0,0.25,4.0,6.0,0.667,4.0,3.0,7.0,0.0,2.0,1.0,0.0,0.0,15.0,-11.0
22200530,1610612737,ATL,Atlanta,1626163,Frank Kaminsky,Frank,,,3:47,0.0,0.0,0.0,0.0,0.0,0.0,0.0,0.0,0.0,0.0,0.0,0.0,0.0,0.0,0.0,0.0,0.0,0.0,1.0
22200530,1610612737,ATL,Atlanta,1630235,Trent Forrest,Trent,,DNP - Coach's Decision,,,,,,,,,,,,,,,,,,,,
22200530,1610612737,ATL,Atlanta,203200,Justin Holiday,Justin,,DNP - Coach's Decision,,,,,,,,,,,,,,,,,,,,
22200530,1610612737,ATL,Atlanta,1630249,Vít Krejčí,Vít,,DNP - Coach's Decision,,,,,,,,,,,,,,,,,,,,
22200535,1610612748,MIA,Miami,1629312,Haywood Highsmith,Haywood,F,,21:03,3.0,6.0,0.5,1.0,3.0,0.333,0.0,0.0,0.0,1.0,1.0,2.0,0.0,2.0,0.0,3.0,2.0,7.0,-2.0
22200535,1610612748,MIA,Miami,202710,Jimmy Butler III,Jimmy,F,,37:50,5.0,13.0,0.385,0.0,0.0,0.0,7.0,8.0,0.875,1.0,5.0,6.0,8.0,4.0,0.0,1.0,1.0,17.0,-1.0
22200535,1610612748,MIA,Miami,1628389,Bam Adebayo,Bam,C,,30:14,6.0,14.0,0.429,0.0,0.0,0.0,10.0,11.0,0.909,4.0,3.0,7.0,2.0,4.0,2.0,4.0,3.0,22.0,-4.0
22200535,1610612748,MIA,Miami,1629639,Tyler Herro,Tyler,G,,32:45,9.0,18.0,0.5,4.0,9.0,0.444,4.0,4.0,1.0,1.0,9.0,10.0,5.0,1.0,0.0,1.0,1.0,26.0,-6.0
22200535,1610612748,MIA,Miami,200768,Kyle Lowry,Kyle,G,,32:02,1.0,5.0,0.2,1.0,4.0,0.25,0.0,0.0,0.0,1.0,1.0,2.0,3.0,1.0,1.0,1.0,3.0,3.0,-6.0
22200535,1610612748,MIA,Miami,1629622,Max Strus,Max,,,33:08,7.0,13.0,0.538,4.0,8.0,0.5,1.0,1.0,1.0,1.0,2.0,3.0,0.0,0.0,0.0,1.0,3.0,19.0,2.0
22200535,1610612748,MIA,Miami,1631115,Orlando Robinson,Orlando,,,17:46,4.0,5.0,0.8,0.0,0.0,0.0,5.0,6.0,0.833,2.0,3.0,5.0,0.0,0.0,1.0,0.0,2.0,13.0,-1.0
22200535,1610612748,MIA,Miami,1629216,Gabe Vincent,Gabe,,,15:60,1.0,6.0,0.167,1.0,4.0,0.25,0.0,0.0,0.0,0.0,1.0,1.0,2.0,0.0,0.0,3.0,2.0,3.0,-1.0
22200535,1610612748,MIA,Miami,1629130,Duncan Robinson,Duncan,,,19:13,3.0,7.0,0.429,3.0,7.0,0.429,0.0,0.0,0.0,0.0,0.0,0.0,1.0,1.0,0.0,0.0,2.0,9.0,-6.0
22200535,1610612748,MIA,Miami,1631288,Jamal Cain,Jamal,,DNP - Coach's Decision,,,,,,,,,,,,,,,,,,,,
22200535,1610612748,MIA,Miami,2617,Udonis Haslem,Udonis,,DNP - Coach's Decision,,,,,,,,,,,,,,,,,,,,
22200535,1610612743,DEN,Denver,1629008,Michael Porter Jr.,Michael,F,,25:20,4.0,11.0,0.364,0.0,3.0,0.0,2.0,4.0,0.5,1.0,5.0,6.0,3.0,1.0,0.0,0.0,1.0,10.0,-5.0
22200535,1610612743,DEN,Denver,203932,Aaron Gordon,Aaron,F,,33:07,4.0,8.0,0.5,0.0,1.0,0.0,3.0,5.0,0.6,1.0,4.0,5.0,3.0,2.0,0.0,3.0,1.0,11.0,0.0
22200535,1610612743,DEN,Denver,203999,Nikola Jokić,Nikola,C,,36:17,8.0,15.0,0.533,2.0,3.0,0.667,1.0,1.0,1.0,1.0,11.0,12.0,12.0,1.0,1.0,3.0,3.0,19.0,14.0
22200535,1610612743,DEN,Denver,203484,Kentavious Caldwell-Pope,Kentavious,G,,30:13,7.0,7.0,1.0,4.0,4.0,1.0,2.0,2.0,1.0,0.0,2.0,2.0,2.0,0.0,0.0,2.0,3.0,20.0,7.0
22200535,1610612743,DEN,Denver,1627750,Jamal Murray,Jamal,G,,33:33,4.0,9.0,0.444,1.0,3.0,0.333,5.0,5.0,1.0,0.0,2.0,2.0,6.0,0.0,0.0,3.0,2.0,14.0,-9.0
22200535,1610612743,DEN,Denver,1628971,Bruce Brown,Bruce,,,25:45,5.0,8.0,0.625,2.0,5.0,0.4,1.0,2.0,0.5,0.0,4.0,4.0,1.0,0.0,0.0,2.0,3.0,13.0,6.0
22200535,1610612743,DEN,Denver,1628427,Vlatko Čančar,Vlatko,,,17:52,5.0,5.0,1.0,3.0,3.0,1.0,2.0,2.0,1.0,0.0,0.0,0.0,3.0,1.0,0.0,0.0,2.0,15.0,9.0
22200535,1610612743,DEN,Denver,1630538,Bones Hyland,Bones,,,23:12,5.0,9.0,0.556,5.0,6.0,0.833,1.0,1.0,1.0,0.0,1.0,1.0,4.0,1.0,0.0,6.0,0.0,16.0,9.0
22200535,1610612743,DEN,Denver,201599,DeAndre Jordan,DeAndre,,,11:43,3.0,4.0,0.75,0.0,0.0,0.0,0.0,0.0,0.0,1.0,2.0,3.0,0.0,0.0,0.0,0.0,3.0,6.0,-9.0
22200535,1610612743,DEN,Denver,1631128,Christian Braun,Christian,,,2:59,0.0,0.0,0.0,0.0,0.0,0.0,0.0,0.0,0.0,1.0,0.0,1.0,0.0,0.0,0.0,1.0,1.0,0.0,3.0
22200535,1610612743,DEN,Denver,1630192,Zeke Nnaji,Zeke,,DNP - Coach's Decision,,,,,,,,,,,,,,,,,,,,
22200535,1610612743,DEN,Denver,1628432,Davon Reed,Davon,,DNP - Coach's Decision,,,,,,,,,,,,,,,,,,,,
22200535,1610612743,DEN,Denver,202397,Ish Smith,Ish,,DNP - Coach's Decision,,,,,,,,,,,,,,,,,,,,
22200535,1610612743,DEN,Denver,1631298,Jack White,Jack,,DNP - Coach's Decision,,,,,,,,,,,,,,,,,,,,
22200533,1610612750,MIN,Minnesota,1630183,Jaden McDaniels,Jaden,F,,27:07,2.0,5.0,0.4,0.0,0.0,0.0,0.0,0.0,0.0,0.0,2.0,2.0,1.0,1.0,0.0,2.0,4.0,4.0,-4.0
22200533,1610612750,MIN,Minnesota,203937,Kyle Anderson,Kyle,F,,23:18,3.0,5.0,0.6,0.0,0.0,0.0,1.0,3.0,0.333,0.0,1.0,1.0,4.0,0.0,0.0,0.0,5.0,7.0,-13.0
22200533,1610612750,MIN,Minnesota,1629675,Naz Reid,Naz,C,,29:49,7.0,18.0,0.389,2.0,8.0,0.25,0.0,0.0,0.0,1.0,6.0,7.0,1.0,1.0,1.0,0.0,5.0,16.0,-6.0
22200533,1610612750,MIN,Minnesota,1630162,Anthony Edwards,Anthony,G,,40:22,10.0,20.0,0.5,2.0,6.0,0.333,8.0,14.0,0.571,0.0,10.0,10.0,1.0,4.0,2.0,1.0,1.0,30.0,-4.0
22200533,1610612750,MIN,Minnesota,1626156,D'Angelo Russell,D'Angelo,G,,35:12,3.0,10.0,0.3,1.0,5.0,0.2,8.0,8.0,1.0,0.0,5.0,5.0,7.0,1.0,0.0,0.0,3.0,15.0,-11.0
22200533,1610612750,MIN,Minnesota,203085,Austin Rivers,Austin,,,19:30,0.0,2.0,0.0,0.0,1.0,0.0,0.0,0.0,0.0,0.0,0.0,0.0,1.0,0.0,0.0,1.0,2.0,0.0,-5.0
22200533,1610612750,MIN,Minnesota,1630233,Nathan Knight,Nathan,,,4:48,0.0,0.0,0.0,0.0,0.0,0.0,0.0,0.0,0.0,0.0,0.0,0.0,0.0,0.0,1.0,0.0,2.0,0.0,0.0
22200533,1610612750,MIN,Minnesota,1629669,Jaylen Nowell,Jaylen,,,24:28,7.0,14.0,0.5,1.0,3.0,0.333,1.0,1.0,1.0,2.0,2.0,4.0,2.0,3.0,1.0,2.0,1.0,16.0,-8.0
22200533,1610612750,MIN,Minnesota,1630568,Luka Garza,Luka,,,18:08,5.0,8.0,0.625,0.0,1.0,0.0,6.0,6.0,1.0,2.0,1.0,3.0,1.0,0.0,0.0,1.0,4.0,16.0,-1.0
22200533,1610612750,MIN,Minnesota,1630346,Matt Ryan,Matt,,,17:18,3.0,10.0,0.3,2.0,6.0,0.333,2.0,2.0,1.0,2.0,2.0,4.0,0.0,0.0,0.0,1.0,1.0,10.0,7.0
22200533,1610612750,MIN,Minnesota,1627854,Bryn Forbes,Bryn,,DNP - Coach's Decision,,,,,,,,,,,,,,,,,,,,
22200533,1610612750,MIN,Minnesota,1631169,Josh Minott,Josh,,DNP - Coach's Decision,,,,,,,,,,,,,,,,,,,,
22200533,1610612750,MIN,Minnesota,1631111,Wendell Moore Jr.,Wendell,,DNP - Coach's Decision,,,,,,,,,,,,,,,,,,,,
22200533,1610612749,MIL,Milwaukee,1626192,Pat Connaughton,Pat,F,,21:36,1.0,7.0,0.143,0.0,6.0,0.0,0.0,0.0,0.0,0.0,4.0,4.0,1.0,1.0,0.0,1.0,1.0,2.0,0.0
22200533,1610612749,MIL,Milwaukee,203507,Giannis Antetokounmpo,Giannis,F,,37:50,14.0,23.0,0.609,1.0,1.0,1.0,14.0,21.0,0.667,3.0,17.0,20.0,5.0,1.0,2.0,5.0,3.0,43.0,9.0
22200533,1610612749,MIL,Milwaukee,201572,Brook Lopez,Brook,C,,26:23,5.0,11.0,0.455,0.0,3.0,0.0,3.0,4.0,0.75,2.0,4.0,6.0,0.0,0.0,4.0,3.0,6.0,13.0,6.0
22200533,1610612749,MIL,Milwaukee,1628960,Grayson Allen,Grayson,G,,25:27,2.0,6.0,0.333,2.0,4.0,0.5,1.0,2.0,0.5,1.0,3.0,4.0,1.0,0.0,0.0,2.0,1.0,7.0,1.0
22200533,1610612749,MIL,Milwaukee,1628975,Jevon Carter,Jevon,G,,32:14,3.0,6.0,0.5,2.0,4.0,0.5,2.0,2.0,1.0,0.0,8.0,8.0,5.0,0.0,1.0,3.0,3.0,10.0,2.0
22200533,1610612749,MIL,Milwaukee,1626171,Bobby Portis,Bobby,,,30:54,9.0,17.0,0.529,3.0,5.0,0.6,1.0,1.0,1.0,8.0,6.0,14.0,1.0,1.0,0.0,1.0,1.0,22.0,7.0
22200533,1610612749,MIL,Milwaukee,1630699,MarJon Beauchamp,MarJon,,,14:56,2.0,6.0,0.333,0.0,3.0,0.0,1.0,2.0,0.5,1.0,1.0,2.0,1.0,1.0,0.0,1.0,3.0,5.0,4.0
22200533,1610612749,MIL,Milwaukee,204060,Joe Ingles,Joe,,,24:29,5.0,9.0,0.556,4.0,7.0,0.571,0.0,0.0,0.0,3.0,2.0,5.0,10.0,0.0,0.0,4.0,3.0,14.0,10.0
22200533,1610612749,MIL,Milwaukee,1631260,AJ Green,AJ,,,21:52,2.0,6.0,0.333,2.0,5.0,0.4,1.0,1.0,1.0,1.0,2.0,3.0,1.0,1.0,0.0,0.0,4.0,7.0,9.0
22200533,1610612749,MIL,Milwaukee,1630572,Sandro Mamukelashvili,Sandro,,,4:19,0.0,2.0,0.0,0.0,1.0,0.0,0.0,0.0,0.0,1.0,1.0,2.0,0.0,0.0,1.0,1.0,0.0,0.0,-3.0
22200533,1610612749,MIL,Milwaukee,203648,Thanasis Antetokounmpo,Thanasis,,DNP - Coach's Decision,,,,,,,,,,,,,,,,,,,,
22200533,1610612749,MIL,Milwaukee,201586,Serge Ibaka,Serge,,DNP - Coach's Decision,,,,,,,,,,,,,,,,,,,,
22200533,1610612749,MIL,Milwaukee,202083,Wesley Matthews,Wesley,,DNP - Coach's Decision,,,,,,,,,,,,,,,,,,,,
22200533,1610612749,MIL,Milwaukee,1629670,Jordan Nwora,Jordan,,DNP - Coach's Decision,,,,,,,,,,,,,,,,,,,,
22200537,1610612762,UTA,Utah,1628374,Lauri Markkanen,Lauri,F,,34:25,16.0,24.0,0.667,1.0,7.0,0.143,3.0,3.0,1.0,1.0,4.0,5.0,0.0,0.0,0.0,1.0,0.0,36.0,-1.0
22200537,1610612762,UTA,Utah,203482,Kelly Olynyk,Kelly,F,,29:26,1.0,2.0,0.5,1.0,2.0,0.5,2.0,2.0,1.0,0.0,3.0,3.0,1.0,0.0,1.0,1.0,5.0,5.0,-4.0
22200537,1610612762,UTA,Utah,1629020,Jarred Vanderbilt,Jarred,C,,23:53,3.0,4.0,0.75,0.0,0.0,0.0,0.0,1.0,0.0,2.0,6.0,8.0,6.0,2.0,0.0,1.0,1.0,6.0,-16.0
22200537,1610612762,UTA,Utah,203903,Jordan Clarkson,Jordan,G,,34:59,8.0,12.0,0.667,0.0,2.0,0.0,9.0,10.0,0.9,0.0,4.0,4.0,9.0,2.0,0.0,2.0,4.0,25.0,-5.0
22200537,1610612762,UTA,Utah,201144,Mike Conley,Mike,G,,29:49,4.0,11.0,0.364,4.0,8.0,0.5,5.0,6.0,0.833,1.0,1.0,2.0,8.0,1.0,0.0,3.0,5.0,17.0,-1.0
22200537,1610612762,UTA,Utah,1629012,Collin Sexton,Collin,,,28:58,3.0,9.0,0.333,0.0,3.0,0.0,3.0,4.0,0.75,0.0,0.0,0.0,1.0,1.0,0.0,1.0,1.0,9.0,4.0
22200537,1610612762,UTA,Utah,1631117,Walker Kessler,Walker,,,23:32,5.0,5.0,1.0,0.0,0.0,0.0,1.0,2.0,0.5,1.0,7.0,8.0,1.0,0.0,0.0,1.0,2.0,11.0,17.0
22200537,1610612762,UTA,Utah,200752,Rudy Gay,Rudy,,,11:57,2.0,4.0,0.5,1.0,3.0,0.333,2.0,2.0,1.0,1.0,2.0,3.0,1.0,1.0,0.0,1.0,2.0,7.0,5.0
22200537,1610612762,UTA,Utah,1627736,Malik Beasley,Malik,,,23:01,4.0,13.0,0.308,1.0,7.0,0.143,0.0,0.0,0.0,1.0,3.0,4.0,3.0,0.0,1.0,2.0,0.0,9.0,-4.0
22200537,1610612762,UTA,Utah,1630534,Ochai Agbaji,Ochai,,DNP - Coach's Decision,,,,,,,,,,,,,,,,,,,,
22200537,1610612762,UTA,Utah,1629638,Nickeil Alexander-Walker,Nickeil,,DNP - Coach's Decision,,,,,,,,,,,,,,,,,,,,
22200537,1610612762,UTA,Utah,1628962,Udoka Azubuike,Udoka,,DNP - Coach's Decision,,,,,,,,,,,,,,,,,,,,
22200537,1610612762,UTA,Utah,1630195,Leandro Bolmaro,Leandro,,DNP - Coach's Decision,,,,,,,,,,,,,,,,,,,,
22200537,1610612762,UTA,Utah,1631323,Simone Fontecchio,Simone,,DNP - Coach's Decision,,,,,,,,,,,,,,,,,,,,
22200537,1610612762,UTA,Utah,1629659,Talen Horton-Tucker,Talen,,DNP - Coach's Decision,,,,,,,,,,,,,,,,,,,,
22200537,1610612758,SAC,Sacramento,203084,Harrison Barnes,Harrison,F,,31:39,3.0,10.0,0.3,1.0,4.0,0.25,3.0,4.0,0.75,1.0,2.0,3.0,1.0,2.0,0.0,0.0,1.0,10.0,0.0
22200537,1610612758,SAC,Sacramento,1631099,Keegan Murray,Keegan,F,,27:22,3.0,5.0,0.6,1.0,1.0,1.0,0.0,1.0,0.0,1.0,4.0,5.0,2.0,2.0,0.0,0.0,1.0,7.0,-2.0
22200537,1610612758,SAC,Sacramento,1627734,Domantas Sabonis,Domantas,C,,37:10,12.0,12.0,1.0,2.0,2.0,1.0,2.0,3.0,0.667,3.0,8.0,11.0,8.0,0.0,0.0,7.0,3.0,28.0,3.0
22200537,1610612758,SAC,Sacramento,1628989,Kevin Huerter,Kevin,G,,30:21,12.0,18.0,0.667,6.0,10.0,0.6,0.0,0.0,0.0,1.0,1.0,2.0,2.0,1.0,0.0,1.0,5.0,30.0,5.0
22200537,1610612758,SAC,Sacramento,1628368,De'Aaron Fox,De'Aaron,G,,38:42,10.0,24.0,0.417,1.0,5.0,0.2,3.0,4.0,0.75,0.0,3.0,3.0,10.0,0.0,0.0,1.0,2.0,24.0,8.0
22200537,1610612758,SAC,Sacramento,1630558,Davion Mitchell,Davion,,,22:53,3.0,5.0,0.6,0.0,0.0,0.0,0.0,0.0,0.0,0.0,1.0,1.0,3.0,0.0,0.0,2.0,1.0,6.0,-2.0
22200537,1610612758,SAC,Sacramento,1628370,Malik Monk,Malik,,,18:51,2.0,7.0,0.286,0.0,4.0,0.0,5.0,6.0,0.833,0.0,1.0,1.0,5.0,0.0,0.0,2.0,1.0,9.0,-1.0
22200537,1610612758,SAC,Sacramento,1626168,Trey Lyles,Trey,,,19:28,2.0,6.0,0.333,1.0,4.0,0.25,0.0,0.0,0.0,2.0,6.0,8.0,1.0,0.0,2.0,0.0,2.0,5.0,0.0
22200537,1610612758,SAC,Sacramento,1626158,Richaun Holmes,Richaun,,,10:50,3.0,3.0,1.0,0.0,0.0,0.0,1.0,1.0,1.0,2.0,2.0,4.0,0.0,0.0,1.0,1.0,3.0,7.0,-2.0
22200537,1610612758,SAC,Sacramento,1629644,KZ Okpala,KZ,,,2:44,0.0,0.0,0.0,0.0,0.0,0.0,0.0,0.0,0.0,0.0,0.0,0.0,0.0,0.0,0.0,1.0,2.0,0.0,-4.0
22200537,1610612758,SAC,Sacramento,1629056,Terence Davis,Terence,,DNP - Coach's Decision,,,,,,,,,,,,,,,,,,,,
22200537,1610612758,SAC,Sacramento,203521,Matthew Dellavedova,Matthew,,DNP - Coach's Decision,,,,,,,,,,,,,,,,,,,,
22200537,1610612758,SAC,Sacramento,203458,Alex Len,Alex,,DNP - Coach's Decision,,,,,,,,,,,,,,,,,,,,
22200537,1610612758,SAC,Sacramento,1629002,Chimezie Metu,Chimezie,,DNP - Coach's Decision,,,,,,,,,,,,,,,,,,,,
22200537,1610612758,SAC,Sacramento,1629674,Neemias Queta,Neemias,,DNP - Coach's Decision,,,,,,,,,,,,,,,,,,,,
22200529,1610612764,WAS,Washington,1628398,Kyle Kuzma,Kyle,F,,31:12,9.0,16.0,0.563,4.0,8.0,0.5,1.0,2.0,0.5,0.0,5.0,5.0,6.0,0.0,1.0,8.0,1.0,23.0,14.0
22200529,1610612764,WAS,Washington,204001,Kristaps Porziņģis,Kristaps,F,,35:12,9.0,13.0,0.692,3.0,6.0,0.5,9.0,11.0,0.818,2.0,11.0,13.0,2.0,1.0,4.0,5.0,4.0,30.0,32.0
22200529,1610612764,WAS,Washington,1629655,Daniel Gafford,Daniel,C,,26:05,5.0,7.0,0.714,0.0,0.0,0.0,1.0,1.0,1.0,1.0,7.0,8.0,0.0,0.0,4.0,2.0,4.0,11.0,5.0
22200529,1610612764,WAS,Washington,1630557,Corey Kispert,Corey,G,,37:53,3.0,7.0,0.429,3.0,6.0,0.5,2.0,2.0,1.0,0.0,5.0,5.0,1.0,0.0,0.0,2.0,0.0,11.0,25.0
22200529,1610612764,WAS,Washington,1628420,Monté Morris,Monté,G,,27:45,4.0,5.0,0.8,1.0,2.0,0.5,3.0,4.0,0.75,0.0,3.0,3.0,10.0,1.0,0.0,2.0,1.0,12.0,21.0
22200529,1610612764,WAS,Washington,1629060,Rui Hachimura,Rui,,,29:06,6.0,14.0,0.429,1.0,5.0,0.2,3.0,4.0,0.75,0.0,7.0,7.0,1.0,0.0,0.0,3.0,2.0,16.0,3.0
22200529,1610612764,WAS,Washington,1630166,Deni Avdija,Deni,,,27:32,5.0,8.0,0.625,2.0,5.0,0.4,1.0,1.0,1.0,0.0,7.0,7.0,6.0,2.0,1.0,3.0,5.0,13.0,-3.0
22200529,1610612764,WAS,Washington,1626153,Delon Wright,Delon,,,17:45,1.0,4.0,0.25,1.0,2.0,0.5,0.0,0.0,0.0,1.0,3.0,4.0,5.0,0.0,0.0,0.0,0.0,3.0,-2.0
22200529,1610612764,WAS,Washington,1630692,Jordan Goodwin,Jordan,,,2:30,0.0,1.0,0.0,0.0,1.0,0.0,0.0,0.0,0.0,0.0,1.0,1.0,1.0,0.0,0.0,0.0,0.0,0.0,0.0
22200529,1610612764,WAS,Washington,203115,Will Barton,Will,,,2:30,0.0,0.0,0.0,0.0,0.0,0.0,0.0,0.0,0.0,0.0,0.0,0.0,0.0,0.0,0.0,1.0,0.0,0.0,0.0
22200529,1610612764,WAS,Washington,1630264,Anthony Gill,Anthony,,,2:30,0.0,0.0,0.0,0.0,0.0,0.0,0.0,0.0,0.0,0.0,0.0,0.0,1.0,0.0,0.0,0.0,1.0,0.0,0.0
22200529,1610612753,ORL,Orlando,1630532,Franz Wagner,Franz,F,,37:34,13.0,25.0,0.52,1.0,4.0,0.25,1.0,1.0,1.0,0.0,4.0,4.0,8.0,2.0,0.0,2.0,2.0,28.0,-14.0
22200529,1610612753,ORL,Orlando,1631094,Paolo Banchero,Paolo,F,,37:35,7.0,24.0,0.292,1.0,5.0,0.2,6.0,7.0,0.857,1.0,4.0,5.0,4.0,0.0,0.0,5.0,3.0,21.0,-20.0
22200529,1610612753,ORL,Orlando,1629626,Bol Bol,Bol,C,,30:34,5.0,11.0,0.455,0.0,2.0,0.0,0.0,1.0,0.0,0.0,9.0,9.0,0.0,1.0,1.0,2.0,4.0,10.0,-20.0
22200529,1610612753,ORL,Orlando,203082,Terrence Ross,Terrence,G,,23:41,3.0,10.0,0.3,0.0,2.0,0.0,0.0,0.0,0.0,0.0,1.0,1.0,1.0,1.0,0.0,0.0,3.0,6.0,-21.0
22200529,1610612753,ORL,Orlando,1628365,Markelle Fultz,Markelle,G,,26:07,5.0,12.0,0.417,1.0,5.0,0.2,1.0,2.0,0.5,4.0,3.0,7.0,6.0,3.0,0.0,0.0,0.0,12.0,-33.0
22200529,1610612753,ORL,Orlando,1630284,Kevon Harris,Kevon,,,29:13,4.0,6.0,0.667,0.0,2.0,0.0,0.0,1.0,0.0,1.0,2.0,3.0,1.0,1.0,0.0,0.0,2.0,8.0,9.0
22200529,1610612753,ORL,Orlando,1629678,Admiral Schofield,Admiral,,,27:13,2.0,7.0,0.286,0.0,3.0,0.0,3.0,4.0,0.75,1.0,3.0,4.0,4.0,0.0,0.0,0.0,3.0,7.0,-1.0
22200529,1610612753,ORL,Orlando,1631216,Caleb Houstan,Caleb,,,28:03,3.0,5.0,0.6,2.0,4.0,0.5,0.0,0.0,0.0,1.0,1.0,2.0,0.0,0.0,1.0,2.0,1.0,8.0,5.0
22200529,1610612753,ORL,Orlando,1630175,Cole Anthony,Cole,,DND_LEAGUE_SUSPENSION,,,,,,,,,,,,,,,,,,,,
22200529,1610612753,ORL,Orlando,1628964,Mo Bamba,Mo,,DND_LEAGUE_SUSPENSION,,,,,,,,,,,,,,,,,,,,
22200529,1610612753,ORL,Orlando,1628976,Wendell Carter Jr.,Wendell,,DND_LEAGUE_SUSPENSION,,,,,,,,,,,,,,,,,,,,
22200529,1610612753,ORL,Orlando,1630181,R.J. Hampton,R.J.,,DND_LEAGUE_SUSPENSION,,,,,,,,,,,,,,,,,,,,
22200529,1610612753,ORL,Orlando,203914,Gary Harris,Gary,,DND_LEAGUE_SUSPENSION,,,,,,,,,,,,,,,,,,,,
22200529,1610612753,ORL,Orlando,1629021,Moritz Wagner,Moritz,,DND_LEAGUE_SUSPENSION,,,,,,,,,,,,,,,,,,,,
22200534,1610612755,PHI,Philadelphia,202699,Tobias Harris,Tobias,F,,33:07,5.0,10.0,0.5,2.0,5.0,0.4,2.0,2.0,1.0,0.0,5.0,5.0,3.0,0.0,1.0,0.0,1.0,14.0,3.0
22200534,1610612755,PHI,Philadelphia,200782,P.J. Tucker,P.J.,F,,28:11,2.0,3.0,0.667,1.0,2.0,0.5,0.0,0.0,0.0,0.0,3.0,3.0,0.0,0.0,1.0,1.0,5.0,5.0,-2.0
22200534,1610612755,PHI,Philadelphia,203954,Joel Embiid,Joel,C,,34:08,14.0,22.0,0.636,1.0,2.0,0.5,8.0,10.0,0.8,1.0,7.0,8.0,5.0,1.0,1.0,5.0,5.0,37.0,-4.0
22200534,1610612755,PHI,Philadelphia,1629001,De'Anthony Melton,De'Anthony,G,,30:24,4.0,8.0,0.5,2.0,6.0,0.333,1.0,2.0,0.5,1.0,2.0,3.0,4.0,2.0,2.0,0.0,4.0,11.0,-4.0
22200534,1610612755,PHI,Philadelphia,201935,James Harden,James,G,,35:22,5.0,8.0,0.625,4.0,7.0,0.571,6.0,6.0,1.0,0.0,1.0,1.0,10.0,0.0,0.0,7.0,1.0,20.0,3.0
22200534,1610612755,PHI,Philadelphia,1629680,Matisse Thybulle,Matisse,,,7:57,0.0,0.0,0.0,0.0,0.0,0.0,0.0,0.0,0.0,0.0,3.0,3.0,0.0,0.0,1.0,0.0,1.0,0.0,-4.0
22200534,1610612755,PHI,Philadelphia,1630178,Tyrese Maxey,Tyrese,,,18:42,4.0,10.0,0.4,1.0,3.0,0.333,0.0,0.0,0.0,0.0,1.0,1.0,1.0,0.0,0.0,1.0,1.0,9.0,-18.0
22200534,1610612755,PHI,Philadelphia,1627777,Georges Niang,Georges,,,24:53,3.0,8.0,0.375,2.0,7.0,0.286,0.0,0.0,0.0,0.0,4.0,4.0,2.0,0.0,0.0,1.0,1.0,8.0,-17.0
22200534,1610612755,PHI,Philadelphia,1629003,Shake Milton,Shake,,,13:11,2.0,2.0,1.0,1.0,1.0,1.0,1.0,2.0,0.5,0.0,0.0,0.0,2.0,1.0,1.0,1.0,1.0,6.0,-7.0
22200534,1610612755,PHI,Philadelphia,1626149,Montrezl Harrell,Montrezl,,,12:01,2.0,3.0,0.667,0.0,1.0,0.0,0.0,0.0,0.0,1.0,0.0,1.0,1.0,1.0,0.0,1.0,2.0,4.0,-9.0
22200534,1610612755,PHI,Philadelphia,1627788,Furkan Korkmaz,Furkan,,,1:02,0.0,0.0,0.0,0.0,0.0,0.0,0.0,0.0,0.0,0.0,0.0,0.0,0.0,0.0,0.0,1.0,0.0,0.0,2.0
22200534,1610612755,PHI,Philadelphia,1630194,Paul Reed,Paul,,,1:02,1.0,1.0,1.0,0.0,0.0,0.0,0.0,0.0,0.0,0.0,0.0,0.0,0.0,0.0,0.0,0.0,0.0,2.0,2.0
22200534,1610612755,PHI,Philadelphia,1627863,Danuel House Jr.,Danuel,,DNP - Coach's Decision,,,,,,,,,,,,,,,,,,,,
22200534,1610612740,NOP,New Orleans,1630530,Trey Murphy III,Trey,F,,20:06,3.0,4.0,0.75,2.0,2.0,1.0,0.0,0.0,0.0,0.0,2.0,2.0,0.0,1.0,0.0,0.0,1.0,8.0,-7.0
22200534,1610612740,NOP,New Orleans,1629627,Zion Williamson,Zion,F,,30:58,13.0,19.0,0.684,0.0,0.0,0.0,10.0,16.0,0.625,2.0,3.0,5.0,2.0,0.0,0.0,3.0,3.0,36.0,-4.0
22200534,1610612740,NOP,New Orleans,202685,Jonas Valančiūnas,Jonas,C,,27:58,4.0,10.0,0.4,0.0,1.0,0.0,2.0,2.0,1.0,2.0,7.0,9.0,1.0,1.0,2.0,1.0,4.0,10.0,-1.0
22200534,1610612740,NOP,New Orleans,1630230,Naji Marshall,Naji,G,,31:29,2.0,7.0,0.286,1.0,4.0,0.25,0.0,1.0,0.0,0.0,5.0,5.0,3.0,3.0,0.0,2.0,3.0,5.0,1.0
22200534,1610612740,NOP,New Orleans,203468,CJ McCollum,CJ,G,,35:01,13.0,20.0,0.65,11.0,16.0,0.688,5.0,6.0,0.833,1.0,3.0,4.0,5.0,2.0,0.0,2.0,2.0,42.0,6.0
22200534,1610612740,NOP,New Orleans,1630700,Dyson Daniels,Dyson,,,21:12,0.0,1.0,0.0,0.0,1.0,0.0,0.0,0.0,0.0,0.0,3.0,3.0,2.0,2.0,1.0,0.0,1.0,0.0,12.0
22200534,1610612740,NOP,New Orleans,1629637,Jaxson Hayes,Jaxson,,,19:19,0.0,0.0,0.0,0.0,0.0,0.0,3.0,3.0,1.0,1.0,0.0,1.0,1.0,1.0,0.0,0.0,1.0,3.0,11.0
22200534,1610612740,NOP,New Orleans,1626195,Willy Hernangomez,Willy,,,16:58,4.0,7.0,0.571,0.0,0.0,0.0,5.0,6.0,0.833,0.0,4.0,4.0,0.0,0.0,0.0,1.0,4.0,13.0,18.0
22200534,1610612740,NOP,New Orleans,1630631,Jose Alvarado,Jose,,,19:47,3.0,9.0,0.333,0.0,4.0,0.0,1.0,1.0,1.0,1.0,1.0,2.0,3.0,4.0,0.0,3.0,1.0,7.0,10.0
22200534,1610612740,NOP,New Orleans,1628984,Devonte' Graham,Devonte',,,17:12,1.0,3.0,0.333,1.0,3.0,0.333,0.0,1.0,0.0,0.0,1.0,1.0,2.0,0.0,0.0,0.0,0.0,3.0,9.0
22200534,1610612740,NOP,New Orleans,1630529,Herbert Jones,Herbert,,DNP - Coach's Decision,,,,,,,,,,,,,,,,,,,,
22200534,1610612740,NOP,New Orleans,1630184,Kira Lewis Jr.,Kira,,DNP - Coach's Decision,,,,,,,,,,,,,,,,,,,,
22200534,1610612740,NOP,New Orleans,202066,Garrett Temple,Garrett,,DNP - Coach's Decision,,,,,,,,,,,,,,,,,,,,
22200531,1610612756,PHX,Phoenix,1628969,Mikal Bridges,Mikal,F,,37:17,6.0,9.0,0.667,2.0,4.0,0.5,7.0,7.0,1.0,0.0,2.0,2.0,2.0,0.0,1.0,2.0,2.0,21.0,-20.0
22200531,1610612756,PHX,Phoenix,1628470,Torrey Craig,Torrey,F,,30:01,5.0,9.0,0.556,2.0,4.0,0.5,1.0,2.0,0.5,2.0,5.0,7.0,1.0,1.0,0.0,2.0,4.0,13.0,-21.0
22200531,1610612756,PHX,Phoenix,1629028,Deandre Ayton,Deandre,C,,30:58,2.0,10.0,0.2,0.0,0.0,0.0,0.0,0.0,0.0,1.0,6.0,7.0,3.0,0.0,0.0,2.0,2.0,4.0,-18.0
22200531,1610612756,PHX,Phoenix,1629006,Josh Okogie,Josh,G,,12:16,2.0,4.0,0.5,0.0,2.0,0.0,1.0,2.0,0.5,1.0,0.0,1.0,2.0,1.0,0.0,1.0,2.0,5.0,-16.0
22200531,1610612756,PHX,Phoenix,101108,Chris Paul,Chris,G,,35:09,6.0,12.0,0.5,3.0,6.0,0.5,5.0,6.0,0.833,0.0,5.0,5.0,12.0,1.0,0.0,6.0,0.0,20.0,-9.0
22200531,1610612756,PHX,Phoenix,1630613,Duane Washington Jr.,Duane,,,13:04,5.0,10.0,0.5,1.0,5.0,0.2,0.0,0.0,0.0,0.0,2.0,2.0,2.0,0.0,0.0,4.0,1.0,11.0,0.0
22200531,1610612756,PHX,Phoenix,1627814,Damion Lee,Damion,,,20:47,2.0,3.0,0.667,2.0,2.0,1.0,0.0,0.0,0.0,1.0,2.0,3.0,0.0,0.0,0.0,5.0,0.0,6.0,17.0
22200531,1610612756,PHX,Phoenix,1629111,Jock Landale,Jock,,,17:02,2.0,2.0,1.0,0.0,0.0,0.0,2.0,2.0,1.0,3.0,8.0,11.0,1.0,0.0,0.0,0.0,0.0,6.0,9.0
22200531,1610612756,PHX,Phoenix,1630688,Ish Wainright,Ish,,,23:26,3.0,5.0,0.6,3.0,4.0,0.75,0.0,0.0,0.0,1.0,1.0,2.0,0.0,4.0,0.0,1.0,6.0,9.0,3.0
22200531,1610612756,PHX,Phoenix,203967,Dario Šarić,Dario,,,20:00,2.0,7.0,0.286,1.0,3.0,0.333,4.0,4.0,1.0,0.0,2.0,2.0,3.0,0.0,0.0,2.0,0.0,9.0,10.0
22200531,1610612756,PHX,Phoenix,202687,Bismack Biyombo,Bismack,,DNP - Coach's Decision,,,,,,,,,,,,,,,,,,,,
22200531,1610612761,TOR,Toronto,1628384,OG Anunoby,OG,F,,29:25,6.0,10.0,0.6,2.0,5.0,0.4,2.0,2.0,1.0,1.0,4.0,5.0,4.0,2.0,0.0,3.0,5.0,16.0,19.0
22200531,1610612761,TOR,Toronto,1627783,Pascal Siakam,Pascal,F,,40:48,8.0,17.0,0.471,2.0,5.0,0.4,8.0,10.0,0.8,2.0,0.0,2.0,6.0,0.0,0.0,2.0,5.0,26.0,23.0
22200531,1610612761,TOR,Toronto,1631132,Christian Koloko,Christian,C,,21:17,3.0,3.0,1.0,1.0,1.0,1.0,1.0,2.0,0.5,1.0,3.0,4.0,0.0,1.0,0.0,0.0,5.0,8.0,26.0
22200531,1610612761,TOR,Toronto,1629018,Gary Trent Jr.,Gary,G,,39:25,11.0,22.0,0.5,4.0,11.0,0.364,9.0,9.0,1.0,0.0,5.0,5.0,2.0,3.0,1.0,2.0,2.0,35.0,21.0
22200531,1610612761,TOR,Toronto,1630567,Scottie Barnes,Scottie,G,,38:13,4.0,12.0,0.333,1.0,4.0,0.25,2.0,2.0,1.0,3.0,2.0,5.0,3.0,3.0,1.0,1.0,0.0,11.0,17.0
22200531,1610612761,TOR,Toronto,1628449,Chris Boucher,Chris,,,20:14,3.0,5.0,0.6,1.0,3.0,0.333,0.0,0.0,0.0,0.0,2.0,2.0,0.0,1.0,0.0,0.0,2.0,7.0,-20.0
22200531,1610612761,TOR,Toronto,201152,Thaddeus Young,Thaddeus,,,23:29,4.0,7.0,0.571,0.0,0.0,0.0,0.0,1.0,0.0,1.0,3.0,4.0,2.0,4.0,0.0,2.0,1.0,8.0,-16.0
22200531,1610612761,TOR,Toronto,1630201,Malachi Flynn,Malachi,,,18:14,0.0,4.0,0.0,0.0,4.0,0.0,0.0,0.0,0.0,0.0,3.0,3.0,2.0,0.0,1.0,2.0,2.0,0.0,-9.0
22200531,1610612761,TOR,Toronto,1627823,Juancho Hernangomez,Juancho,,,4:35,0.0,0.0,0.0,0.0,0.0,0.0,0.0,0.0,0.0,0.0,1.0,1.0,0.0,0.0,0.0,0.0,0.0,0.0,2.0
22200531,1610612761,TOR,Toronto,1630288,Jeff Dowtin Jr.,Jeff,,,4:20,1.0,1.0,1.0,0.0,0.0,0.0,0.0,0.0,0.0,0.0,0.0,0.0,1.0,1.0,0.0,0.0,0.0,2.0,-3.0
22200531,1610612761,TOR,Toronto,1630173,Precious Achiuwa,Precious,,DND - Injury/Illness,,,,,,,,,,,,,,,,,,,,
22200531,1610612761,TOR,Toronto,203920,Khem Birch,Khem,,DNP - Coach's Decision,,,,,,,,,,,,,,,,,,,,
22200532,1610612765,DET,Detroit,202711,Bojan Bogdanović,Bojan,F,,31:09,8.0,19.0,0.421,2.0,6.0,0.333,2.0,4.0,0.5,1.0,3.0,4.0,6.0,1.0,0.0,3.0,1.0,20.0,-16.0
22200532,1610612765,DET,Detroit,1630191,Isaiah Stewart,Isaiah,F,,33:18,6.0,15.0,0.4,2.0,7.0,0.286,2.0,2.0,1.0,4.0,6.0,10.0,2.0,3.0,0.0,1.0,2.0,16.0,-5.0
22200532,1610612765,DET,Detroit,1631105,Jalen Duren,Jalen,C,,30:50,2.0,4.0,0.5,0.0,0.0,0.0,0.0,0.0,0.0,3.0,5.0,8.0,3.0,0.0,0.0,1.0,2.0,4.0,-16.0
22200532,1610612765,DET,Detroit,1630180,Saddiq Bey,Saddiq,G,,30:38,4.0,13.0,0.308,2.0,7.0,0.286,0.0,0.0,0.0,2.0,2.0,4.0,2.0,2.0,0.0,2.0,0.0,10.0,-17.0
22200532,1610612765,DET,Detroit,1631093,Jaden Ivey,Jaden,G,,29:13,6.0,10.0,0.6,2.0,5.0,0.4,8.0,9.0,0.889,0.0,1.0,1.0,6.0,0.0,0.0,3.0,4.0,22.0,-14.0
22200532,1610612765,DET,Detroit,202709,Cory Joseph,Cory,,,18:47,0.0,1.0,0.0,0.0,0.0,0.0,4.0,4.0,1.0,1.0,0.0,1.0,3.0,1.0,0.0,0.0,2.0,4.0,0.0
22200532,1610612765,DET,Detroit,202692,Alec Burks,Alec,,,21:45,7.0,9.0,0.778,4.0,4.0,1.0,1.0,1.0,1.0,0.0,1.0,1.0,4.0,0.0,0.0,2.0,2.0,19.0,-1.0
22200532,1610612765,DET,Detroit,1628995,Kevin Knox II,Kevin,,,14:12,1.0,3.0,0.333,1.0,3.0,0.333,2.0,2.0,1.0,0.0,3.0,3.0,0.0,1.0,0.0,1.0,1.0,5.0,0.0
22200532,1610612765,DET,Detroit,1628963,Marvin Bagley III,Marvin,,,13:17,3.0,6.0,0.5,1.0,2.0,0.5,0.0,0.0,0.0,1.0,1.0,2.0,0.0,0.0,1.0,0.0,2.0,7.0,-3.0
22200532,1610612765,DET,Detroit,203585,Rodney McGruder,Rodney,,,16:51,4.0,6.0,0.667,3.0,5.0,0.6,0.0,2.0,0.0,1.0,0.0,1.0,2.0,0.0,0.0,1.0,0.0,11.0,2.0
22200532,1610612765,DET,Detroit,1628977,Hamidou Diallo,Hamidou,,NWT - League Suspension,,,,,,,,,,,,,,,,,,,,
22200532,1610612765,DET,Detroit,1630165,Killian Hayes,Killian,,NWT - League Suspension,,,,,,,,,,,,,,,,,,,,
22200532,1610612765,DET,Detroit,203457,Nerlens Noel,Nerlens,,DNP - Coach's Decision,,,,,,,,,,,,,,,,,,,,
22200532,1610612741,CHI,Chicago,201942,DeMar DeRozan,DeMar,F,,34:39,9.0,19.0,0.474,0.0,2.0,0.0,4.0,5.0,0.8,0.0,6.0,6.0,5.0,1.0,0.0,2.0,4.0,22.0,5.0
22200532,1610612741,CHI,Chicago,1630172,Patrick Williams,Patrick,F,,31:16,3.0,6.0,0.5,2.0,4.0,0.5,0.0,0.0,0.0,1.0,2.0,3.0,0.0,1.0,0.0,1.0,1.0,8.0,10.0
22200532,1610612741,CHI,Chicago,202696,Nikola Vučević,Nikola,C,,32:49,9.0,16.0,0.563,1.0,3.0,0.333,0.0,0.0,0.0,3.0,6.0,9.0,2.0,1.0,3.0,1.0,1.0,19.0,16.0
22200532,1610612741,CHI,Chicago,203897,Zach LaVine,Zach,G,,38:26,15.0,20.0,0.75,5.0,9.0,0.556,8.0,8.0,1.0,0.0,3.0,3.0,6.0,2.0,0.0,4.0,1.0,43.0,19.0
22200532,1610612741,CHI,Chicago,1630245,Ayo Dosunmu,Ayo,G,,25:24,5.0,11.0,0.455,1.0,3.0,0.333,0.0,0.0,0.0,3.0,3.0,6.0,2.0,0.0,0.0,1.0,3.0,11.0,10.0
22200532,1610612741,CHI,Chicago,1629632,Coby White,Coby,,,13:48,2.0,3.0,0.667,1.0,2.0,0.5,0.0,0.0,0.0,0.0,0.0,0.0,1.0,0.0,0.0,0.0,2.0,5.0,10.0
22200532,1610612741,CHI,Chicago,1629750,Javonte Green,Javonte,,,12:39,0.0,0.0,0.0,0.0,0.0,0.0,0.0,0.0,0.0,0.0,0.0,0.0,2.0,1.0,0.0,0.0,0.0,0.0,0.0
22200532,1610612741,CHI,Chicago,201609,Goran Dragic,Goran,,,15:27,2.0,6.0,0.333,0.0,2.0,0.0,0.0,0.0,0.0,1.0,1.0,2.0,1.0,0.0,0.0,1.0,4.0,4.0,-5.0
22200532,1610612741,CHI,Chicago,203083,Andre Drummond,Andre,,,15:11,5.0,7.0,0.714,0.0,0.0,0.0,2.0,2.0,1.0,3.0,4.0,7.0,0.0,2.0,0.0,1.0,1.0,12.0,-2.0
22200532,1610612741,CHI,Chicago,1627936,Alex Caruso,Alex,,,20:21,3.0,4.0,0.75,2.0,2.0,1.0,0.0,0.0,0.0,1.0,1.0,2.0,2.0,2.0,1.0,2.0,3.0,8.0,7.0
22200532,1610612741,CHI,Chicago,1628396,Tony Bradley,Tony,,DNP - Coach's Decision,,,,,,,,,,,,,,,,,,,,
22200532,1610612741,CHI,Chicago,1630792,Malcolm Hill,Malcolm,,DNP - Coach's Decision,,,,,,,,,,,,,,,,,,,,
22200532,1610612741,CHI,Chicago,1631207,Dalen Terry,Dalen,,DNP - Coach's Decision,,,,,,,,,,,,,,,,,,,,
22200524,1610612739,CLE,Cleveland,1630205,Lamar Stevens,Lamar,F,,21:23,3.0,8.0,0.375,1.0,3.0,0.333,0.0,2.0,0.0,3.0,3.0,6.0,2.0,0.0,1.0,1.0,0.0,7.0,-1.0
22200524,1610612739,CLE,Cleveland,1630596,Evan Mobley,Evan,F,,31:56,5.0,10.0,0.5,0.0,1.0,0.0,3.0,3.0,1.0,5.0,2.0,7.0,7.0,2.0,1.0,3.0,2.0,13.0,-18.0
22200524,1610612739,CLE,Cleveland,1628386,Jarrett Allen,Jarrett,C,,37:34,8.0,11.0,0.727,0.0,0.0,0.0,3.0,4.0,0.75,4.0,10.0,14.0,1.0,1.0,1.0,1.0,2.0,19.0,1.0
22200524,1610612739,CLE,Cleveland,1628378,Donovan Mitchell,Donovan,G,,36:50,10.0,25.0,0.4,5.0,11.0,0.455,3.0,4.0,0.75,2.0,2.0,4.0,6.0,2.0,0.0,2.0,2.0,28.0,-14.0
22200524,1610612739,CLE,Cleveland,1629636,Darius Garland,Darius,G,,35:18,8.0,11.0,0.727,2.0,3.0,0.667,0.0,2.0,0.0,1.0,0.0,1.0,8.0,0.0,0.0,1.0,1.0,18.0,-12.0
22200524,1610612739,CLE,Cleveland,1627747,Caris LeVert,Caris,,,34:51,7.0,17.0,0.412,2.0,5.0,0.4,3.0,3.0,1.0,0.0,3.0,3.0,2.0,1.0,1.0,1.0,5.0,19.0,-8.0
22200524,1610612739,CLE,Cleveland,1630171,Isaac Okoro,Isaac,,,21:04,4.0,4.0,1.0,0.0,0.0,0.0,2.0,2.0,1.0,0.0,3.0,3.0,2.0,0.0,0.0,0.0,1.0,10.0,7.0
22200524,1610612739,CLE,Cleveland,201567,Kevin Love,Kevin,,,21:04,5.0,10.0,0.5,2.0,5.0,0.4,0.0,0.0,0.0,2.0,4.0,6.0,1.0,1.0,0.0,1.0,4.0,12.0,0.0
22200524,1610612739,CLE,Cleveland,201577,Robin Lopez,Robin,,DNP - Injury/Illness,,,,,,,,,,,,,,,,,,,,
22200524,1610612739,CLE,Cleveland,203526,Raul Neto,Raul,,DNP - Coach's Decision,,,,,,,,,,,,,,,,,,,,
22200524,1610612739,CLE,Cleveland,1626224,Cedi Osman,Cedi,,DND - Injury/Illness,,,,,,,,,,,,,,,,,,,,
22200524,1610612754,IND,Indiana,1627741,Buddy Hield,Buddy,F,,32:46,10.0,14.0,0.714,5.0,6.0,0.833,0.0,0.0,0.0,0.0,3.0,3.0,3.0,2.0,0.0,1.0,4.0,25.0,14.0
22200524,1610612754,IND,Indiana,1630174,Aaron Nesmith,Aaron,F,,27:48,7.0,10.0,0.7,2.0,4.0,0.5,6.0,6.0,1.0,0.0,2.0,2.0,1.0,0.0,1.0,1.0,4.0,22.0,18.0
22200524,1610612754,IND,Indiana,1626167,Myles Turner,Myles,C,,34:50,6.0,11.0,0.545,2.0,4.0,0.5,0.0,0.0,0.0,2.0,10.0,12.0,3.0,0.0,6.0,0.0,2.0,14.0,16.0
22200524,1610612754,IND,Indiana,1629614,Andrew Nembhard,Andrew,G,,27:40,1.0,1.0,1.0,1.0,1.0,1.0,0.0,0.0,0.0,0.0,3.0,3.0,4.0,0.0,0.0,1.0,1.0,3.0,-7.0
22200524,1610612754,IND,Indiana,1630169,Tyrese Haliburton,Tyrese,G,,34:15,10.0,19.0,0.526,6.0,8.0,0.75,3.0,3.0,1.0,0.0,2.0,2.0,9.0,2.0,0.0,1.0,0.0,29.0,12.0
22200524,1610612754,IND,Indiana,1631097,Bennedict Mathurin,Bennedict,,,31:07,7.0,14.0,0.5,1.0,3.0,0.333,8.0,9.0,0.889,0.0,3.0,3.0,1.0,1.0,0.0,2.0,2.0,23.0,12.0
22200524,1610612754,IND,Indiana,1630188,Jalen Smith,Jalen,,,13:10,2.0,3.0,0.667,0.0,1.0,0.0,1.0,1.0,1.0,1.0,0.0,1.0,1.0,0.0,1.0,1.0,2.0,5.0,-7.0
22200524,1610612754,IND,Indiana,1630537,Chris Duarte,Chris,,,11:01,0.0,4.0,0.0,0.0,0.0,0.0,0.0,0.0,0.0,0.0,2.0,2.0,0.0,0.0,0.0,0.0,1.0,0.0,-7.0
22200524,1610612754,IND,Indiana,204456,T.J. McConnell,T.J.,,,13:45,3.0,3.0,1.0,1.0,1.0,1.0,0.0,0.0,0.0,0.0,0.0,0.0,4.0,0.0,0.0,1.0,0.0,7.0,-3.0
22200524,1610612754,IND,Indiana,1629052,Oshae Brissett,Oshae,,,13:39,2.0,6.0,0.333,1.0,3.0,0.333,2.0,2.0,1.0,1.0,3.0,4.0,2.0,1.0,0.0,0.0,2.0,7.0,-3.0
22200524,1610612754,IND,Indiana,1629048,Goga Bitadze,Goga,,DNP - Coach's Decision,,,,,,,,,,,,,,,,,,,,
22200524,1610612754,IND,Indiana,1630543,Isaiah Jackson,Isaiah,,DNP - Coach's Decision,,,,,,,,,,,,,,,,,,,,
22200524,1610612754,IND,Indiana,201949,James Johnson,James,,DNP - Coach's Decision,,,,,,,,,,,,,,,,,,,,
22200524,1610612754,IND,Indiana,1630678,Terry Taylor,Terry,,DNP - Coach's Decision,,,,,,,,,,,,,,,,,,,,
22200520,1610612750,MIN,Minnesota,1630162,Anthony Edwards,Anthony,F,,38:46,10.0,23.0,0.435,2.0,6.0,0.333,5.0,9.0,0.556,1.0,5.0,6.0,2.0,2.0,1.0,4.0,4.0,27.0,-5.0
22200520,1610612750,MIN,Minnesota,1630183,Jaden McDaniels,Jaden,F,,34:10,8.0,12.0,0.667,1.0,2.0,0.5,2.0,3.0,0.667,3.0,4.0,7.0,3.0,2.0,1.0,0.0,5.0,19.0,2.0
22200520,1610612750,MIN,Minnesota,203497,Rudy Gobert,Rudy,C,,28:47,4.0,5.0,0.8,0.0,0.0,0.0,2.0,2.0,1.0,1.0,7.0,8.0,2.0,0.0,4.0,2.0,6.0,10.0,-6.0
22200520,1610612750,MIN,Minnesota,203085,Austin Rivers,Austin,G,,33:12,2.0,6.0,0.333,1.0,4.0,0.25,0.0,1.0,0.0,0.0,2.0,2.0,2.0,0.0,0.0,0.0,6.0,5.0,-10.0
22200520,1610612750,MIN,Minnesota,1626156,D'Angelo Russell,D'Angelo,G,,38:22,8.0,17.0,0.471,2.0,7.0,0.286,9.0,9.0,1.0,0.0,3.0,3.0,4.0,2.0,0.0,3.0,1.0,27.0,5.0
22200520,1610612750,MIN,Minnesota,1629675,Naz Reid,Naz,,,25:28,5.0,8.0,0.625,2.0,5.0,0.4,1.0,2.0,0.5,0.0,6.0,6.0,1.0,0.0,2.0,1.0,1.0,13.0,6.0
22200520,1610612750,MIN,Minnesota,1629669,Jaylen Nowell,Jaylen,,,24:35,5.0,11.0,0.455,2.0,4.0,0.5,2.0,2.0,1.0,0.0,2.0,2.0,2.0,0.0,0.0,0.0,2.0,14.0,-2.0
22200520,1610612750,MIN,Minnesota,1627854,Bryn Forbes,Bryn,,,13:24,0.0,1.0,0.0,0.0,1.0,0.0,2.0,2.0,1.0,0.0,1.0,1.0,1.0,0.0,0.0,1.0,1.0,2.0,4.0
22200520,1610612750,MIN,Minnesota,1630233,Nathan Knight,Nathan,,,3:16,0.0,0.0,0.0,0.0,0.0,0.0,1.0,2.0,0.5,0.0,0.0,0.0,1.0,0.0,0.0,0.0,2.0,1.0,1.0
22200520,1610612750,MIN,Minnesota,1630568,Luka Garza,Luka,,DNP - Coach's Decision,,,,,,,,,,,,,,,,,,,,
22200520,1610612750,MIN,Minnesota,1631169,Josh Minott,Josh,,DNP - Coach's Decision,,,,,,,,,,,,,,,,,,,,
22200520,1610612750,MIN,Minnesota,1631111,Wendell Moore Jr.,Wendell,,DNP - Coach's Decision,,,,,,,,,,,,,,,,,,,,
22200520,1610612750,MIN,Minnesota,1630346,Matt Ryan,Matt,,DNP - Coach's Decision,,,,,,,,,,,,,,,,,,,,
22200520,1610612740,NOP,New Orleans,1630530,Trey Murphy III,Trey,F,,26:56,6.0,8.0,0.75,5.0,6.0,0.833,4.0,5.0,0.8,0.0,3.0,3.0,4.0,0.0,0.0,0.0,3.0,21.0,10.0
22200520,1610612740,NOP,New Orleans,1629627,Zion Williamson,Zion,F,,33:57,14.0,21.0,0.667,1.0,1.0,1.0,14.0,19.0,0.737,0.0,3.0,3.0,5.0,1.0,1.0,4.0,3.0,43.0,3.0
22200520,1610612740,NOP,New Orleans,202685,Jonas Valančiūnas,Jonas,C,,29:13,4.0,12.0,0.333,0.0,3.0,0.0,4.0,4.0,1.0,3.0,8.0,11.0,2.0,0.0,1.0,1.0,3.0,12.0,2.0
22200520,1610612740,NOP,New Orleans,1630230,Naji Marshall,Naji,G,,35:04,4.0,9.0,0.444,0.0,2.0,0.0,4.0,5.0,0.8,1.0,6.0,7.0,1.0,0.0,0.0,0.0,3.0,12.0,3.0
22200520,1610612740,NOP,New Orleans,203468,CJ McCollum,CJ,G,,37:10,7.0,16.0,0.438,3.0,6.0,0.5,3.0,5.0,0.6,1.0,2.0,3.0,6.0,2.0,0.0,4.0,2.0,20.0,3.0
22200520,1610612740,NOP,New Orleans,1626204,Larry Nance Jr.,Larry,,,15:31,0.0,1.0,0.0,0.0,0.0,0.0,0.0,0.0,0.0,0.0,2.0,2.0,1.0,1.0,0.0,0.0,4.0,0.0,-1.0
22200520,1610612740,NOP,New Orleans,1630700,Dyson Daniels,Dyson,,,18:25,1.0,3.0,0.333,1.0,1.0,1.0,0.0,2.0,0.0,2.0,2.0,4.0,2.0,1.0,1.0,2.0,0.0,3.0,-5.0
22200520,1610612740,NOP,New Orleans,1628984,Devonte' Graham,Devonte',,,15:47,0.0,3.0,0.0,0.0,2.0,0.0,0.0,0.0,0.0,1.0,3.0,4.0,1.0,0.0,1.0,0.0,1.0,0.0,2.0
22200520,1610612740,NOP,New Orleans,1630631,Jose Alvarado,Jose,,,11:11,2.0,6.0,0.333,0.0,1.0,0.0,1.0,3.0,0.333,1.0,2.0,3.0,0.0,1.0,0.0,1.0,2.0,5.0,-10.0
22200520,1610612740,NOP,New Orleans,1629637,Jaxson Hayes,Jaxson,,,16:46,1.0,2.0,0.5,1.0,1.0,1.0,0.0,0.0,0.0,0.0,3.0,3.0,0.0,0.0,0.0,1.0,3.0,3.0,-2.0
22200520,1610612740,NOP,New Orleans,1626195,Willy Hernangomez,Willy,,DNP - Coach's Decision,,,,,,,,,,,,,,,,,,,,
22200520,1610612740,NOP,New Orleans,1630184,Kira Lewis Jr.,Kira,,DNP - Coach's Decision,,,,,,,,,,,,,,,,,,,,
22200520,1610612740,NOP,New Orleans,1631220,Dereon Seabron,Dereon,,DNP - Coach's Decision,,,,,,,,,,,,,,,,,,,,
22200520,1610612740,NOP,New Orleans,202066,Garrett Temple,Garrett,,DNP - Coach's Decision,,,,,,,,,,,,,,,,,,,,
22200519,1610612749,MIL,Milwaukee,1626192,Pat Connaughton,Pat,F,,21:20,0.0,3.0,0.0,0.0,3.0,0.0,0.0,2.0,0.0,1.0,6.0,7.0,2.0,0.0,0.0,2.0,1.0,0.0,-6.0
22200519,1610612749,MIL,Milwaukee,203507,Giannis Antetokounmpo,Giannis,F,,42:15,17.0,39.0,0.436,0.0,3.0,0.0,11.0,17.0,0.647,7.0,15.0,22.0,7.0,1.0,0.0,5.0,5.0,45.0,-10.0
22200519,1610612749,MIL,Milwaukee,201572,Brook Lopez,Brook,C,,37:23,5.0,12.0,0.417,0.0,4.0,0.0,4.0,5.0,0.8,2.0,4.0,6.0,1.0,1.0,4.0,1.0,4.0,14.0,-9.0
22200519,1610612749,MIL,Milwaukee,1628960,Grayson Allen,Grayson,G,,30:51,4.0,16.0,0.25,3.0,14.0,0.214,2.0,2.0,1.0,3.0,0.0,3.0,2.0,1.0,0.0,1.0,3.0,13.0,-6.0
22200519,1610612749,MIL,Milwaukee,1628975,Jevon Carter,Jevon,G,,24:51,2.0,3.0,0.667,1.0,1.0,1.0,0.0,0.0,0.0,0.0,1.0,1.0,0.0,1.0,0.0,1.0,1.0,5.0,-2.0
22200519,1610612749,MIL,Milwaukee,1626171,Bobby Portis,Bobby,,,28:20,7.0,18.0,0.389,3.0,7.0,0.429,3.0,4.0,0.75,5.0,6.0,11.0,1.0,0.0,0.0,0.0,1.0,20.0,10.0
22200519,1610612749,MIL,Milwaukee,202083,Wesley Matthews,Wesley,,,30:51,1.0,5.0,0.2,1.0,4.0,0.25,0.0,0.0,0.0,3.0,3.0,6.0,1.0,1.0,2.0,1.0,2.0,3.0,1.0
22200519,1610612749,MIL,Milwaukee,201588,George Hill,George,,,28:21,3.0,7.0,0.429,0.0,4.0,0.0,2.0,2.0,1.0,0.0,1.0,1.0,1.0,2.0,0.0,1.0,3.0,8.0,-4.0
22200519,1610612749,MIL,Milwaukee,204060,Joe Ingles,Joe,,,19:11,2.0,6.0,0.333,1.0,4.0,0.25,0.0,0.0,0.0,0.0,3.0,3.0,3.0,0.0,0.0,2.0,1.0,5.0,3.0
22200519,1610612749,MIL,Milwaukee,1630699,MarJon Beauchamp,MarJon,,,1:37,0.0,1.0,0.0,0.0,0.0,0.0,0.0,0.0,0.0,1.0,0.0,1.0,0.0,0.0,0.0,0.0,0.0,0.0,-7.0
22200519,1610612749,MIL,Milwaukee,203648,Thanasis Antetokounmpo,Thanasis,,DNP - Coach's Decision,,,,,,,,,,,,,,,,,,,,
22200519,1610612749,MIL,Milwaukee,1631260,AJ Green,AJ,,DNP - Coach's Decision,,,,,,,,,,,,,,,,,,,,
22200519,1610612749,MIL,Milwaukee,201586,Serge Ibaka,Serge,,DNP - Coach's Decision,,,,,,,,,,,,,,,,,,,,
22200519,1610612749,MIL,Milwaukee,1630572,Sandro Mamukelashvili,Sandro,,DNP - Coach's Decision,,,,,,,,,,,,,,,,,,,,
22200519,1610612749,MIL,Milwaukee,1629670,Jordan Nwora,Jordan,,DNP - Coach's Decision,,,,,,,,,,,,,,,,,,,,
22200519,1610612741,CHI,Chicago,201942,DeMar DeRozan,DeMar,F,,44:25,15.0,25.0,0.6,0.0,0.0,0.0,12.0,14.0,0.857,1.0,9.0,10.0,5.0,2.0,2.0,1.0,0.0,42.0,2.0
22200519,1610612741,CHI,Chicago,1630172,Patrick Williams,Patrick,F,,41:13,4.0,12.0,0.333,0.0,4.0,0.0,0.0,0.0,0.0,1.0,3.0,4.0,2.0,1.0,1.0,0.0,5.0,8.0,-2.0
22200519,1610612741,CHI,Chicago,202696,Nikola Vučević,Nikola,C,,36:30,5.0,12.0,0.417,3.0,5.0,0.6,2.0,2.0,1.0,2.0,12.0,14.0,5.0,0.0,3.0,4.0,5.0,15.0,-4.0
22200519,1610612741,CHI,Chicago,203897,Zach LaVine,Zach,G,,42:40,8.0,18.0,0.444,4.0,7.0,0.571,4.0,5.0,0.8,0.0,2.0,2.0,4.0,0.0,0.0,1.0,3.0,24.0,10.0
22200519,1610612741,CHI,Chicago,1630245,Ayo Dosunmu,Ayo,G,,37:47,2.0,7.0,0.286,0.0,2.0,0.0,2.0,2.0,1.0,1.0,5.0,6.0,2.0,0.0,1.0,0.0,2.0,6.0,14.0
22200519,1610612741,CHI,Chicago,201609,Goran Dragic,Goran,,,19:30,5.0,11.0,0.455,2.0,4.0,0.5,0.0,0.0,0.0,0.0,2.0,2.0,1.0,0.0,0.0,3.0,1.0,12.0,-2.0
22200519,1610612741,CHI,Chicago,1629632,Coby White,Coby,,,5:41,0.0,0.0,0.0,0.0,0.0,0.0,0.0,0.0,0.0,0.0,0.0,0.0,0.0,0.0,0.0,0.0,0.0,0.0,-3.0
22200519,1610612741,CHI,Chicago,1629750,Javonte Green,Javonte,,,16:40,1.0,3.0,0.333,0.0,1.0,0.0,3.0,3.0,1.0,0.0,2.0,2.0,1.0,0.0,1.0,1.0,4.0,5.0,3.0
22200519,1610612741,CHI,Chicago,203083,Andre Drummond,Andre,,,16:18,2.0,3.0,0.667,0.0,0.0,0.0,3.0,4.0,0.75,2.0,10.0,12.0,1.0,2.0,2.0,3.0,3.0,7.0,8.0
22200519,1610612741,CHI,Chicago,1631207,Dalen Terry,Dalen,,,4:16,0.0,1.0,0.0,0.0,0.0,0.0,0.0,0.0,0.0,0.0,0.0,0.0,0.0,0.0,0.0,0.0,0.0,0.0,4.0
22200519,1610612741,CHI,Chicago,1628396,Tony Bradley,Tony,,DNP - Coach's Decision,,,,,,,,,,,,,,,,,,,,
22200519,1610612741,CHI,Chicago,1630792,Malcolm Hill,Malcolm,,DNP - Coach's Decision,,,,,,,,,,,,,,,,,,,,
22200516,1610612756,PHX,Phoenix,1628470,Torrey Craig,Torrey,F,,29:19,2.0,6.0,0.333,1.0,3.0,0.333,0.0,0.0,0.0,2.0,3.0,5.0,0.0,0.0,0.0,2.0,2.0,5.0,-15.0
22200516,1610612756,PHX,Phoenix,1629111,Jock Landale,Jock,F,,15:43,1.0,2.0,0.5,1.0,2.0,0.5,2.0,2.0,1.0,0.0,2.0,2.0,2.0,0.0,0.0,1.0,3.0,5.0,-18.0
22200516,1610612756,PHX,Phoenix,1629028,Deandre Ayton,Deandre,C,,36:12,14.0,22.0,0.636,1.0,1.0,1.0,2.0,2.0,1.0,6.0,1.0,7.0,3.0,2.0,0.0,2.0,3.0,31.0,-6.0
22200516,1610612756,PHX,Phoenix,1628969,Mikal Bridges,Mikal,G,,40:23,6.0,15.0,0.4,3.0,6.0,0.5,2.0,2.0,1.0,1.0,3.0,4.0,5.0,2.0,1.0,0.0,1.0,17.0,-7.0
22200516,1610612756,PHX,Phoenix,101108,Chris Paul,Chris,G,,31:39,8.0,15.0,0.533,3.0,6.0,0.5,1.0,2.0,0.5,0.0,2.0,2.0,6.0,2.0,2.0,4.0,3.0,20.0,-15.0
22200516,1610612756,PHX,Phoenix,1627814,Damion Lee,Damion,,,25:26,2.0,6.0,0.333,1.0,3.0,0.333,3.0,4.0,0.75,0.0,2.0,2.0,4.0,0.0,0.0,1.0,3.0,8.0,-11.0
22200516,1610612756,PHX,Phoenix,1630613,Duane Washington Jr.,Duane,,,17:01,4.0,12.0,0.333,1.0,4.0,0.25,1.0,2.0,0.5,1.0,1.0,2.0,2.0,1.0,0.0,0.0,1.0,10.0,-10.0
22200516,1610612756,PHX,Phoenix,1630688,Ish Wainright,Ish,,,12:47,1.0,3.0,0.333,1.0,3.0,0.333,0.0,0.0,0.0,0.0,0.0,0.0,1.0,0.0,0.0,0.0,3.0,3.0,-13.0
22200516,1610612756,PHX,Phoenix,202687,Bismack Biyombo,Bismack,,,8:06,0.0,1.0,0.0,0.0,0.0,0.0,0.0,2.0,0.0,1.0,1.0,2.0,0.0,0.0,0.0,0.0,1.0,0.0,-7.0
22200516,1610612756,PHX,Phoenix,1629006,Josh Okogie,Josh,,,20:39,1.0,4.0,0.25,1.0,3.0,0.333,0.0,0.0,0.0,0.0,4.0,4.0,2.0,0.0,1.0,1.0,1.0,3.0,-18.0
22200516,1610612756,PHX,Phoenix,203967,Dario Šarić,Dario,,,2:45,0.0,1.0,0.0,0.0,0.0,0.0,0.0,0.0,0.0,0.0,0.0,0.0,0.0,0.0,0.0,0.0,0.0,0.0,-5.0
22200516,1610612764,WAS,Washington,1628398,Kyle Kuzma,Kyle,F,,35:40,8.0,17.0,0.471,2.0,4.0,0.5,4.0,4.0,1.0,0.0,5.0,5.0,7.0,1.0,0.0,1.0,2.0,22.0,34.0
22200516,1610612764,WAS,Washington,1629655,Daniel Gafford,Daniel,F,,24:42,6.0,7.0,0.857,0.0,0.0,0.0,2.0,2.0,1.0,4.0,4.0,8.0,1.0,0.0,3.0,1.0,3.0,14.0,7.0
22200516,1610612764,WAS,Washington,204001,Kristaps Porziņģis,Kristaps,C,,33:37,8.0,15.0,0.533,2.0,6.0,0.333,4.0,4.0,1.0,1.0,5.0,6.0,2.0,1.0,1.0,3.0,2.0,22.0,23.0
22200516,1610612764,WAS,Washington,1630557,Corey Kispert,Corey,G,,27:30,2.0,6.0,0.333,1.0,5.0,0.2,2.0,3.0,0.667,0.0,1.0,1.0,1.0,1.0,0.0,1.0,0.0,7.0,0.0
22200516,1610612764,WAS,Washington,1628420,Monté Morris,Monté,G,,30:33,4.0,8.0,0.5,1.0,2.0,0.5,3.0,3.0,1.0,1.0,5.0,6.0,8.0,0.0,0.0,0.0,2.0,12.0,10.0
22200516,1610612764,WAS,Washington,201959,Taj Gibson,Taj,,,9:44,3.0,5.0,0.6,0.0,1.0,0.0,1.0,1.0,1.0,1.0,1.0,2.0,1.0,1.0,1.0,1.0,1.0,7.0,-2.0
22200516,1610612764,WAS,Washington,1630166,Deni Avdija,Deni,,,27:11,3.0,5.0,0.6,1.0,3.0,0.333,1.0,2.0,0.5,1.0,6.0,7.0,2.0,0.0,0.0,3.0,2.0,8.0,16.0
22200516,1610612764,WAS,Washington,1626153,Delon Wright,Delon,,,15:29,1.0,3.0,0.333,0.0,2.0,0.0,1.0,1.0,1.0,0.0,1.0,1.0,3.0,3.0,0.0,2.0,1.0,3.0,14.0
22200516,1610612764,WAS,Washington,1629060,Rui Hachimura,Rui,,,27:42,11.0,13.0,0.846,1.0,2.0,0.5,7.0,8.0,0.875,3.0,2.0,5.0,1.0,0.0,1.0,0.0,0.0,30.0,19.0
22200516,1610612764,WAS,Washington,1630264,Anthony Gill,Anthony,,,1:58,0.0,0.0,0.0,0.0,0.0,0.0,0.0,0.0,0.0,0.0,0.0,0.0,0.0,0.0,0.0,0.0,0.0,0.0,1.0
22200516,1610612764,WAS,Washington,1630176,Vernon Carey Jr.,Vernon,,,1:58,0.0,0.0,0.0,0.0,0.0,0.0,0.0,0.0,0.0,0.0,2.0,2.0,1.0,0.0,0.0,0.0,0.0,0.0,1.0
22200516,1610612764,WAS,Washington,1630692,Jordan Goodwin,Jordan,,,1:58,0.0,1.0,0.0,0.0,0.0,0.0,0.0,0.0,0.0,1.0,0.0,1.0,0.0,0.0,0.0,0.0,2.0,0.0,1.0
22200516,1610612764,WAS,Washington,1631098,Johnny Davis,Johnny,,,1:58,1.0,2.0,0.5,0.0,1.0,0.0,0.0,0.0,0.0,0.0,2.0,2.0,0.0,0.0,0.0,0.0,0.0,2.0,1.0
22200516,1610612764,WAS,Washington,203115,Will Barton,Will,,DNP - Coach's Decision,,,,,,,,,,,,,,,,,,,,
22200518,1610612747,LAL,Los Angeles,1629022,Lonnie Walker IV,Lonnie,F,,20:52,0.0,4.0,0.0,0.0,4.0,0.0,0.0,0.0,0.0,0.0,2.0,2.0,1.0,0.0,0.0,2.0,0.0,0.0,-17.0
22200518,1610612747,LAL,Los Angeles,2544,LeBron James,LeBron,F,,33:29,10.0,18.0,0.556,2.0,5.0,0.4,5.0,5.0,1.0,0.0,9.0,9.0,6.0,0.0,0.0,6.0,4.0,27.0,-4.0
22200518,1610612747,LAL,Los Angeles,1628418,Thomas Bryant,Thomas,C,,22:51,5.0,6.0,0.833,0.0,0.0,0.0,1.0,2.0,0.5,2.0,6.0,8.0,0.0,0.0,1.0,3.0,3.0,11.0,-22.0
22200518,1610612747,LAL,Los Angeles,201976,Patrick Beverley,Patrick,G,,27:35,2.0,7.0,0.286,2.0,5.0,0.4,0.0,0.0,0.0,1.0,6.0,7.0,4.0,1.0,1.0,1.0,2.0,6.0,-13.0
22200518,1610612747,LAL,Los Angeles,203471,Dennis Schröder,Dennis,G,,34:39,5.0,10.0,0.5,2.0,5.0,0.4,3.0,4.0,0.75,0.0,2.0,2.0,2.0,0.0,0.0,4.0,1.0,15.0,-12.0
22200518,1610612747,LAL,Los Angeles,201566,Russell Westbrook,Russell,,,32:22,6.0,16.0,0.375,2.0,7.0,0.286,1.0,3.0,0.333,1.0,3.0,4.0,8.0,0.0,1.0,3.0,1.0,15.0,-9.0
22200518,1610612747,LAL,Los Angeles,1630559,Austin Reaves,Austin,,,19:56,0.0,5.0,0.0,0.0,4.0,0.0,0.0,0.0,0.0,0.0,0.0,0.0,1.0,1.0,0.0,4.0,1.0,0.0,-9.0
22200518,1610612747,LAL,Los Angeles,1628972,Troy Brown Jr.,Troy,,,20:55,5.0,6.0,0.833,4.0,5.0,0.8,0.0,0.0,0.0,1.0,3.0,4.0,0.0,0.0,0.0,1.0,1.0,14.0,3.0
22200518,1610612747,LAL,Los Angeles,1629117,Wenyen Gabriel,Wenyen,,,13:37,4.0,4.0,1.0,1.0,1.0,1.0,1.0,1.0,1.0,0.0,1.0,1.0,0.0,0.0,1.0,0.0,2.0,10.0,5.0
22200518,1610612747,LAL,Los Angeles,1629308,Juan Toscano-Anderson,Juan,,,13:17,0.0,1.0,0.0,0.0,0.0,0.0,0.0,0.0,0.0,3.0,4.0,7.0,3.0,0.0,0.0,0.0,1.0,0.0,8.0
22200518,1610612747,LAL,Los Angeles,1631108,Max Christie,Max,,,0:28,0.0,0.0,0.0,0.0,0.0,0.0,0.0,0.0,0.0,0.0,0.0,0.0,0.0,0.0,0.0,0.0,0.0,0.0,0.0
22200518,1610612747,LAL,Los Angeles,1627745,Damian Jones,Damian,,DNP - Coach's Decision,,,,,,,,,,,,,,,,,,,,
22200518,1610612747,LAL,Los Angeles,1629134,Kendrick Nunn,Kendrick,,DNP - Coach's Decision,,,,,,,,,,,,,,,,,,,,
22200518,1610612748,MIA,Miami,1628997,Caleb Martin,Caleb,F,,30:49,5.0,6.0,0.833,3.0,4.0,0.75,0.0,0.0,0.0,0.0,6.0,6.0,2.0,1.0,0.0,0.0,1.0,13.0,25.0
22200518,1610612748,MIA,Miami,202710,Jimmy Butler III,Jimmy,F,,34:15,11.0,18.0,0.611,0.0,4.0,0.0,5.0,5.0,1.0,1.0,4.0,5.0,4.0,6.0,0.0,0.0,0.0,27.0,-1.0
22200518,1610612748,MIA,Miami,1628389,Bam Adebayo,Bam,C,,39:14,10.0,16.0,0.625,0.0,0.0,0.0,3.0,6.0,0.5,5.0,9.0,14.0,0.0,1.0,2.0,1.0,4.0,23.0,24.0
22200518,1610612748,MIA,Miami,1629639,Tyler Herro,Tyler,G,,36:10,6.0,17.0,0.353,3.0,7.0,0.429,3.0,3.0,1.0,0.0,4.0,4.0,9.0,2.0,0.0,1.0,3.0,18.0,29.0
22200518,1610612748,MIA,Miami,1629216,Gabe Vincent,Gabe,G,,30:53,5.0,9.0,0.556,2.0,5.0,0.4,0.0,0.0,0.0,2.0,0.0,2.0,2.0,1.0,0.0,1.0,3.0,12.0,16.0
22200518,1610612748,MIA,Miami,203506,Victor Oladipo,Victor,,,26:00,1.0,7.0,0.143,0.0,4.0,0.0,2.0,2.0,1.0,1.0,1.0,2.0,1.0,3.0,2.0,1.0,0.0,4.0,0.0
22200518,1610612748,MIA,Miami,1629622,Max Strus,Max,,,17:07,3.0,12.0,0.25,1.0,7.0,0.143,0.0,0.0,0.0,0.0,1.0,1.0,1.0,0.0,0.0,1.0,1.0,7.0,-2.0
22200518,1610612748,MIA,Miami,1629130,Duncan Robinson,Duncan,,,15:50,3.0,5.0,0.6,2.0,4.0,0.5,0.0,0.0,0.0,0.0,1.0,1.0,0.0,0.0,0.0,0.0,2.0,8.0,-11.0
22200518,1610612748,MIA,Miami,1631115,Orlando Robinson,Orlando,,,8:46,0.0,2.0,0.0,0.0,0.0,0.0,0.0,0.0,0.0,1.0,1.0,2.0,1.0,0.0,0.0,0.0,1.0,0.0,-10.0
22200518,1610612748,MIA,Miami,1629312,Haywood Highsmith,Haywood,,,0:28,0.0,0.0,0.0,0.0,0.0,0.0,0.0,0.0,0.0,0.0,0.0,0.0,0.0,0.0,0.0,0.0,0.0,0.0,0.0
22200518,1610612748,MIA,Miami,1631107,Nikola Jović,Nikola,,,0:28,0.0,0.0,0.0,0.0,0.0,0.0,0.0,0.0,0.0,0.0,0.0,0.0,0.0,0.0,0.0,0.0,0.0,0.0,0.0
22200518,1610612748,MIA,Miami,2617,Udonis Haslem,Udonis,,DNP - Coach's Decision,,,,,,,,,,,,,,,,,,,,
22200517,1610612751,BKN,Brooklyn,201142,Kevin Durant,Kevin,F,,36:27,8.0,17.0,0.471,1.0,4.0,0.25,9.0,9.0,1.0,1.0,15.0,16.0,8.0,0.0,2.0,4.0,3.0,26.0,9.0
22200517,1610612751,BKN,Brooklyn,1626220,Royce O'Neale,Royce,F,,34:59,3.0,6.0,0.5,1.0,4.0,0.25,0.0,0.0,0.0,0.0,4.0,4.0,1.0,0.0,3.0,1.0,3.0,7.0,10.0
22200517,1610612751,BKN,Brooklyn,1629651,Nic Claxton,Nic,C,,34:38,8.0,9.0,0.889,0.0,0.0,0.0,1.0,2.0,0.5,1.0,9.0,10.0,0.0,0.0,6.0,1.0,2.0,17.0,5.0
22200517,1610612751,BKN,Brooklyn,202681,Kyrie Irving,Kyrie,G,,37:23,11.0,22.0,0.5,5.0,11.0,0.455,1.0,1.0,1.0,2.0,3.0,5.0,8.0,0.0,0.0,2.0,4.0,28.0,7.0
22200517,1610612751,BKN,Brooklyn,1627732,Ben Simmons,Ben,G,,24:51,5.0,10.0,0.5,0.0,0.0,0.0,0.0,2.0,0.0,1.0,4.0,5.0,2.0,0.0,0.0,2.0,0.0,10.0,-4.0
22200517,1610612751,BKN,Brooklyn,203933,T.J. Warren,T.J.,,,26:05,1.0,5.0,0.2,0.0,1.0,0.0,0.0,0.0,0.0,0.0,2.0,2.0,1.0,0.0,2.0,1.0,2.0,2.0,-5.0
22200517,1610612751,BKN,Brooklyn,1629139,Yuta Watanabe,Yuta,,,23:14,2.0,6.0,0.333,0.0,2.0,0.0,0.0,0.0,0.0,0.0,3.0,3.0,0.0,0.0,0.0,0.0,2.0,4.0,-3.0
22200517,1610612751,BKN,Brooklyn,203552,Seth Curry,Seth,,,6:31,1.0,4.0,0.25,0.0,1.0,0.0,0.0,0.0,0.0,0.0,0.0,0.0,1.0,0.0,0.0,0.0,2.0,2.0,-12.0
22200517,1610612751,BKN,Brooklyn,201988,Patty Mills,Patty,,,11:46,3.0,3.0,1.0,3.0,3.0,1.0,3.0,3.0,1.0,0.0,1.0,1.0,0.0,0.0,0.0,1.0,0.0,12.0,-8.0
22200517,1610612751,BKN,Brooklyn,1628410,Edmond Sumner,Edmond,,,4:06,0.0,1.0,0.0,0.0,0.0,0.0,0.0,0.0,0.0,0.0,1.0,1.0,1.0,0.0,0.0,0.0,0.0,0.0,6.0
22200517,1610612751,BKN,Brooklyn,202693,Markieff Morris,Markieff,,DNP - Coach's Decision,,,,,,,,,,,,,,,,,,,,
22200517,1610612751,BKN,Brooklyn,1630560,Cam Thomas,Cam,,DNP - Coach's Decision,,,,,,,,,,,,,,,,,,,,
22200517,1610612737,ATL,Atlanta,1631100,AJ Griffin,AJ,F,,24:28,2.0,10.0,0.2,0.0,3.0,0.0,0.0,0.0,0.0,1.0,3.0,4.0,2.0,2.0,0.0,1.0,2.0,4.0,-16.0
22200517,1610612737,ATL,Atlanta,1628381,John Collins,John,F,,33:30,8.0,16.0,0.5,1.0,3.0,0.333,4.0,6.0,0.667,0.0,8.0,8.0,1.0,0.0,1.0,0.0,4.0,21.0,7.0
22200517,1610612737,ATL,Atlanta,1630168,Onyeka Okongwu,Onyeka,C,,36:54,6.0,12.0,0.5,0.0,0.0,0.0,6.0,9.0,0.667,7.0,6.0,13.0,1.0,0.0,3.0,0.0,3.0,18.0,1.0
22200517,1610612737,ATL,Atlanta,1628988,Aaron Holiday,Aaron,G,,32:58,4.0,7.0,0.571,2.0,4.0,0.5,0.0,0.0,0.0,1.0,2.0,3.0,3.0,1.0,0.0,1.0,2.0,10.0,3.0
22200517,1610612737,ATL,Atlanta,1627749,Dejounte Murray,Dejounte,G,,39:50,10.0,26.0,0.385,1.0,4.0,0.25,3.0,4.0,0.75,1.0,8.0,9.0,8.0,1.0,0.0,0.0,0.0,24.0,-1.0
22200517,1610612737,ATL,Atlanta,1630552,Jalen Johnson,Jalen,,,25:10,6.0,12.0,0.5,1.0,3.0,0.333,1.0,1.0,1.0,1.0,5.0,6.0,0.0,0.0,1.0,1.0,2.0,14.0,-10.0
22200517,1610612737,ATL,Atlanta,203992,Bogdan Bogdanović,Bogdan,,,28:31,5.0,11.0,0.455,3.0,4.0,0.75,1.0,2.0,0.5,0.0,2.0,2.0,3.0,1.0,0.0,0.0,1.0,14.0,4.0
22200517,1610612737,ATL,Atlanta,1630235,Trent Forrest,Trent,,,10:19,1.0,2.0,0.5,0.0,0.0,0.0,0.0,0.0,0.0,0.0,2.0,2.0,2.0,0.0,0.0,0.0,0.0,2.0,-7.0
22200517,1610612737,ATL,Atlanta,203200,Justin Holiday,Justin,,,8:21,0.0,1.0,0.0,0.0,1.0,0.0,0.0,0.0,0.0,0.0,0.0,0.0,2.0,0.0,1.0,0.0,0.0,0.0,14.0
22200517,1610612737,ATL,Atlanta,1629633,Jarrett Culver,Jarrett,,DNP - Coach's Decision,,,,,,,,,,,,,,,,,,,,
22200517,1610612737,ATL,Atlanta,1626163,Frank Kaminsky,Frank,,DNP - Coach's Decision,,,,,,,,,,,,,,,,,,,,
22200517,1610612737,ATL,Atlanta,1630249,Vít Krejčí,Vít,,DNP - Coach's Decision,,,,,,,,,,,,,,,,,,,,
22200517,1610612737,ATL,Atlanta,1631213,Tyrese Martin,Tyrese,,DNP - Coach's Decision,,,,,,,,,,,,,,,,,,,,
22200522,1610612743,DEN,Denver,1629008,Michael Porter Jr.,Michael,F,,34:40,6.0,12.0,0.5,4.0,8.0,0.5,3.0,3.0,1.0,1.0,6.0,7.0,1.0,0.0,3.0,4.0,2.0,19.0,0.0
22200522,1610612743,DEN,Denver,1630192,Zeke Nnaji,Zeke,F,,30:55,7.0,9.0,0.778,0.0,1.0,0.0,0.0,0.0,0.0,2.0,1.0,3.0,0.0,1.0,1.0,1.0,2.0,14.0,2.0
22200522,1610612743,DEN,Denver,203999,Nikola Jokić,Nikola,C,,32:29,15.0,24.0,0.625,0.0,3.0,0.0,10.0,10.0,1.0,1.0,6.0,7.0,6.0,1.0,1.0,5.0,3.0,40.0,-1.0
22200522,1610612743,DEN,Denver,203484,Kentavious Caldwell-Pope,Kentavious,G,,30:56,3.0,7.0,0.429,1.0,3.0,0.333,0.0,0.0,0.0,0.0,3.0,3.0,3.0,3.0,0.0,0.0,5.0,7.0,6.0
22200522,1610612743,DEN,Denver,1630538,Bones Hyland,Bones,G,,33:25,8.0,16.0,0.5,3.0,6.0,0.5,1.0,1.0,1.0,1.0,4.0,5.0,11.0,0.0,0.0,1.0,2.0,20.0,-5.0
22200522,1610612743,DEN,Denver,1631128,Christian Braun,Christian,,,23:57,4.0,5.0,0.8,1.0,1.0,1.0,0.0,0.0,0.0,0.0,0.0,0.0,0.0,0.0,1.0,1.0,3.0,9.0,-7.0
22200522,1610612743,DEN,Denver,201599,DeAndre Jordan,DeAndre,,,15:31,0.0,2.0,0.0,0.0,0.0,0.0,1.0,2.0,0.5,1.0,6.0,7.0,0.0,0.0,1.0,2.0,1.0,1.0,0.0
22200522,1610612743,DEN,Denver,1628427,Vlatko Čančar,Vlatko,,,15:19,3.0,4.0,0.75,3.0,4.0,0.75,0.0,0.0,0.0,0.0,0.0,0.0,2.0,0.0,1.0,1.0,2.0,9.0,-2.0
22200522,1610612743,DEN,Denver,202397,Ish Smith,Ish,,,14:35,2.0,4.0,0.5,0.0,0.0,0.0,0.0,0.0,0.0,0.0,1.0,1.0,5.0,0.0,0.0,1.0,2.0,4.0,4.0
22200522,1610612743,DEN,Denver,1628432,Davon Reed,Davon,,,8:13,1.0,2.0,0.5,0.0,1.0,0.0,1.0,2.0,0.5,1.0,0.0,1.0,3.0,1.0,0.0,0.0,2.0,3.0,-2.0
22200522,1610612743,DEN,Denver,1631298,Jack White,Jack,,DNP - Coach's Decision,,,,,,,,,,,,,,,,,,,,
22200522,1610612758,SAC,Sacramento,203084,Harrison Barnes,Harrison,F,,23:48,2.0,8.0,0.25,0.0,2.0,0.0,4.0,6.0,0.667,2.0,0.0,2.0,2.0,1.0,0.0,1.0,1.0,8.0,-13.0
22200522,1610612758,SAC,Sacramento,1631099,Keegan Murray,Keegan,F,,20:35,2.0,7.0,0.286,1.0,5.0,0.2,0.0,0.0,0.0,1.0,1.0,2.0,1.0,0.0,0.0,0.0,0.0,5.0,-7.0
22200522,1610612758,SAC,Sacramento,1627734,Domantas Sabonis,Domantas,C,,38:04,12.0,18.0,0.667,2.0,2.0,1.0,5.0,8.0,0.625,3.0,7.0,10.0,5.0,1.0,1.0,2.0,5.0,31.0,-4.0
22200522,1610612758,SAC,Sacramento,1628989,Kevin Huerter,Kevin,G,,17:35,2.0,5.0,0.4,2.0,4.0,0.5,0.0,0.0,0.0,0.0,2.0,2.0,1.0,1.0,0.0,0.0,4.0,6.0,-6.0
22200522,1610612758,SAC,Sacramento,1628368,De'Aaron Fox,De'Aaron,G,,36:55,12.0,21.0,0.571,2.0,6.0,0.333,5.0,5.0,1.0,0.0,2.0,2.0,13.0,1.0,0.0,4.0,1.0,31.0,5.0
22200522,1610612758,SAC,Sacramento,1630558,Davion Mitchell,Davion,,,21:04,2.0,4.0,0.5,1.0,2.0,0.5,0.0,0.0,0.0,1.0,1.0,2.0,2.0,1.0,0.0,1.0,0.0,5.0,0.0
22200522,1610612758,SAC,Sacramento,1628370,Malik Monk,Malik,,,30:01,12.0,21.0,0.571,4.0,8.0,0.5,5.0,6.0,0.833,0.0,2.0,2.0,3.0,1.0,0.0,2.0,2.0,33.0,8.0
22200522,1610612758,SAC,Sacramento,1626168,Trey Lyles,Trey,,,24:27,2.0,3.0,0.667,1.0,1.0,1.0,0.0,0.0,0.0,3.0,6.0,9.0,4.0,2.0,0.0,0.0,1.0,5.0,13.0
22200522,1610612758,SAC,Sacramento,1626158,Richaun Holmes,Richaun,,,9:56,0.0,1.0,0.0,0.0,0.0,0.0,0.0,0.0,0.0,1.0,0.0,1.0,0.0,1.0,2.0,0.0,2.0,0.0,5.0
22200522,1610612758,SAC,Sacramento,1629644,KZ Okpala,KZ,,,17:35,1.0,1.0,1.0,1.0,1.0,1.0,0.0,0.0,0.0,0.0,2.0,2.0,1.0,1.0,3.0,2.0,1.0,3.0,4.0
22200522,1610612758,SAC,Sacramento,1629056,Terence Davis,Terence,,DNP - Coach's Decision,,,,,,,,,,,,,,,,,,,,
22200522,1610612758,SAC,Sacramento,203521,Matthew Dellavedova,Matthew,,DNP - Coach's Decision,,,,,,,,,,,,,,,,,,,,
22200522,1610612758,SAC,Sacramento,203458,Alex Len,Alex,,DNP - Coach's Decision,,,,,,,,,,,,,,,,,,,,
22200522,1610612758,SAC,Sacramento,1629002,Chimezie Metu,Chimezie,,DNP - Coach's Decision,,,,,,,,,,,,,,,,,,,,
22200522,1610612758,SAC,Sacramento,1629674,Neemias Queta,Neemias,,DNP - Coach's Decision,,,,,,,,,,,,,,,,,,,,
22200515,1610612753,ORL,Orlando,1631094,Paolo Banchero,Paolo,F,,32:06,4.0,12.0,0.333,0.0,1.0,0.0,7.0,8.0,0.875,1.0,4.0,5.0,2.0,1.0,1.0,2.0,5.0,15.0,-14.0
22200515,1610612753,ORL,Orlando,1629021,Moritz Wagner,Moritz,F,,12:40,2.0,5.0,0.4,2.0,3.0,0.667,1.0,2.0,0.5,1.0,3.0,4.0,1.0,0.0,0.0,0.0,1.0,7.0,-14.0
22200515,1610612753,ORL,Orlando,1629626,Bol Bol,Bol,C,,24:37,5.0,9.0,0.556,0.0,2.0,0.0,1.0,1.0,1.0,1.0,5.0,6.0,0.0,0.0,0.0,3.0,3.0,11.0,-13.0
22200515,1610612753,ORL,Orlando,1630532,Franz Wagner,Franz,G,,28:48,7.0,15.0,0.467,1.0,4.0,0.25,4.0,5.0,0.8,2.0,4.0,6.0,3.0,1.0,0.0,1.0,1.0,19.0,-13.0
22200515,1610612753,ORL,Orlando,1628365,Markelle Fultz,Markelle,G,,27:51,2.0,12.0,0.167,0.0,0.0,0.0,2.0,2.0,1.0,1.0,6.0,7.0,9.0,1.0,0.0,1.0,3.0,6.0,-6.0
22200515,1610612753,ORL,Orlando,1630175,Cole Anthony,Cole,,,28:23,2.0,6.0,0.333,0.0,2.0,0.0,4.0,4.0,1.0,1.0,4.0,5.0,6.0,1.0,2.0,2.0,3.0,8.0,-3.0
22200515,1610612753,ORL,Orlando,1628976,Wendell Carter Jr.,Wendell,,,24:23,5.0,10.0,0.5,1.0,3.0,0.333,5.0,9.0,0.556,6.0,2.0,8.0,1.0,0.0,0.0,1.0,2.0,16.0,-7.0
22200515,1610612753,ORL,Orlando,203914,Gary Harris,Gary,,,22:28,3.0,6.0,0.5,1.0,3.0,0.333,0.0,0.0,0.0,0.0,0.0,0.0,0.0,0.0,0.0,0.0,2.0,7.0,-8.0
22200515,1610612753,ORL,Orlando,1628964,Mo Bamba,Mo,,,16:00,3.0,5.0,0.6,0.0,1.0,0.0,1.0,1.0,1.0,1.0,3.0,4.0,2.0,0.0,2.0,1.0,3.0,7.0,1.0
22200515,1610612753,ORL,Orlando,1631216,Caleb Houstan,Caleb,,,10:02,1.0,3.0,0.333,0.0,2.0,0.0,0.0,0.0,0.0,1.0,1.0,2.0,0.0,0.0,0.0,1.0,2.0,2.0,-18.0
22200515,1610612753,ORL,Orlando,1629678,Admiral Schofield,Admiral,,,9:60,1.0,2.0,0.5,0.0,1.0,0.0,1.0,2.0,0.5,0.0,0.0,0.0,0.0,1.0,0.0,1.0,1.0,3.0,-4.0
22200515,1610612753,ORL,Orlando,1630181,R.J. Hampton,R.J.,,,2:44,0.0,0.0,0.0,0.0,0.0,0.0,0.0,0.0,0.0,0.0,0.0,0.0,0.0,0.0,0.0,0.0,0.0,0.0,-1.0
22200515,1610612753,ORL,Orlando,203082,Terrence Ross,Terrence,,DNP - Coach's Decision,,,,,,,,,,,,,,,,,,,,
22200515,1610612765,DET,Detroit,202711,Bojan Bogdanović,Bojan,F,,35:44,4.0,14.0,0.286,1.0,5.0,0.2,5.0,6.0,0.833,0.0,3.0,3.0,5.0,0.0,0.0,1.0,3.0,14.0,25.0
22200515,1610612765,DET,Detroit,1630191,Isaiah Stewart,Isaiah,F,,26:30,4.0,12.0,0.333,2.0,8.0,0.25,1.0,2.0,0.5,0.0,3.0,3.0,0.0,0.0,0.0,1.0,2.0,11.0,10.0
22200515,1610612765,DET,Detroit,1631105,Jalen Duren,Jalen,C,,33:42,3.0,5.0,0.6,0.0,0.0,0.0,1.0,2.0,0.5,8.0,10.0,18.0,4.0,0.0,1.0,2.0,5.0,7.0,10.0
22200515,1610612765,DET,Detroit,1631093,Jaden Ivey,Jaden,G,,27:48,1.0,7.0,0.143,0.0,1.0,0.0,6.0,7.0,0.857,1.0,5.0,6.0,4.0,1.0,1.0,3.0,4.0,8.0,-1.0
22200515,1610612765,DET,Detroit,1630165,Killian Hayes,Killian,G,,15:37,1.0,4.0,0.25,1.0,4.0,0.25,2.0,2.0,1.0,0.0,2.0,2.0,3.0,0.0,0.0,2.0,0.0,5.0,16.0
22200515,1610612765,DET,Detroit,1630180,Saddiq Bey,Saddiq,,,35:15,8.0,16.0,0.5,6.0,11.0,0.545,6.0,8.0,0.75,0.0,8.0,8.0,4.0,1.0,1.0,2.0,3.0,28.0,20.0
22200515,1610612765,DET,Detroit,202692,Alec Burks,Alec,,,30:30,10.0,11.0,0.909,6.0,7.0,0.857,6.0,6.0,1.0,0.0,2.0,2.0,4.0,2.0,1.0,0.0,2.0,32.0,12.0
22200515,1610612765,DET,Detroit,1628977,Hamidou Diallo,Hamidou,,,13:32,4.0,6.0,0.667,1.0,2.0,0.5,2.0,3.0,0.667,2.0,3.0,5.0,1.0,0.0,0.0,0.0,2.0,11.0,19.0
22200515,1610612765,DET,Detroit,202709,Cory Joseph,Cory,,,14:31,0.0,2.0,0.0,0.0,1.0,0.0,1.0,2.0,0.5,0.0,1.0,1.0,0.0,2.0,0.0,1.0,4.0,1.0,-6.0
22200515,1610612765,DET,Detroit,203457,Nerlens Noel,Nerlens,,,0:33,0.0,0.0,0.0,0.0,0.0,0.0,1.0,2.0,0.5,0.0,0.0,0.0,0.0,1.0,0.0,0.0,0.0,1.0,0.0
22200515,1610612765,DET,Detroit,1628995,Kevin Knox II,Kevin,,,6:18,1.0,3.0,0.333,1.0,3.0,0.333,0.0,0.0,0.0,0.0,1.0,1.0,0.0,0.0,0.0,1.0,0.0,3.0,-5.0
22200515,1610612765,DET,Detroit,203585,Rodney McGruder,Rodney,,DNP - Coach's Decision,,,,,,,,,,,,,,,,,,,,
22200513,1610612766,CHA,Charlotte,202330,Gordon Hayward,Gordon,F,,36:47,6.0,14.0,0.429,2.0,7.0,0.286,0.0,0.0,0.0,1.0,4.0,5.0,3.0,1.0,0.0,1.0,1.0,14.0,-11.0
22200513,1610612766,CHA,Charlotte,1629023,P.J. Washington,P.J.,F,,33:13,5.0,14.0,0.357,2.0,6.0,0.333,2.0,2.0,1.0,1.0,3.0,4.0,1.0,1.0,1.0,2.0,3.0,14.0,-2.0
22200513,1610612766,CHA,Charlotte,203486,Mason Plumlee,Mason,C,,29:19,3.0,4.0,0.75,0.0,0.0,0.0,1.0,4.0,0.25,2.0,11.0,13.0,4.0,1.0,4.0,0.0,3.0,7.0,-6.0
22200513,1610612766,CHA,Charlotte,1626179,Terry Rozier,Terry,G,,34:09,7.0,18.0,0.389,1.0,6.0,0.167,4.0,4.0,1.0,0.0,3.0,3.0,4.0,1.0,0.0,4.0,2.0,19.0,3.0
22200513,1610612766,CHA,Charlotte,1630163,LaMelo Ball,LaMelo,G,,34:53,7.0,25.0,0.28,2.0,11.0,0.182,5.0,5.0,1.0,4.0,6.0,10.0,4.0,0.0,0.0,3.0,5.0,21.0,-2.0
22200513,1610612766,CHA,Charlotte,1629667,Jalen McDaniels,Jalen,,,25:56,3.0,6.0,0.5,3.0,6.0,0.5,3.0,4.0,0.75,0.0,7.0,7.0,3.0,0.0,0.0,1.0,3.0,12.0,4.0
22200513,1610612766,CHA,Charlotte,1631109,Mark Williams,Mark,,,18:26,3.0,5.0,0.6,0.0,0.0,0.0,0.0,0.0,0.0,0.0,2.0,2.0,1.0,1.0,2.0,1.0,1.0,6.0,1.0
22200513,1610612766,CHA,Charlotte,1630177,Theo Maledon,Theo,,,11:46,1.0,2.0,0.5,0.0,1.0,0.0,3.0,4.0,0.75,0.0,1.0,1.0,1.0,1.0,0.0,0.0,1.0,5.0,-11.0
22200513,1610612766,CHA,Charlotte,1630550,JT Thor,JT,,,15:32,3.0,4.0,0.75,0.0,1.0,0.0,1.0,2.0,0.5,1.0,1.0,2.0,1.0,0.0,0.0,0.0,1.0,7.0,-1.0
22200513,1610612766,CHA,Charlotte,1630547,James Bouknight,James,,DNP - Coach's Decision,,,,,,,,,,,,,,,,,,,,
22200513,1610612766,CHA,Charlotte,1630539,Kai Jones,Kai,,DNP - Coach's Decision,,,,,,,,,,,,,,,,,,,,
22200513,1610612766,CHA,Charlotte,1631121,Bryce McGowens,Bryce,,DNP - Coach's Decision,,,,,,,,,,,,,,,,,,,,
22200513,1610612744,GSW,Golden State,1628978,Donte DiVincenzo,Donte,F,,29:58,0.0,4.0,0.0,0.0,4.0,0.0,0.0,0.0,0.0,0.0,9.0,9.0,7.0,1.0,0.0,1.0,1.0,0.0,4.0
22200513,1610612744,GSW,Golden State,203110,Draymond Green,Draymond,F,,34:42,3.0,7.0,0.429,0.0,2.0,0.0,3.0,3.0,1.0,0.0,10.0,10.0,5.0,0.0,1.0,3.0,4.0,9.0,5.0
22200513,1610612744,GSW,Golden State,1626172,Kevon Looney,Kevon,C,,17:31,4.0,8.0,0.5,0.0,0.0,0.0,3.0,4.0,0.75,3.0,6.0,9.0,1.0,0.0,0.0,1.0,3.0,11.0,-4.0
22200513,1610612744,GSW,Golden State,202691,Klay Thompson,Klay,G,,38:33,10.0,22.0,0.455,5.0,12.0,0.417,4.0,5.0,0.8,0.0,5.0,5.0,4.0,0.0,1.0,3.0,1.0,29.0,11.0
22200513,1610612744,GSW,Golden State,1629673,Jordan Poole,Jordan,G,,35:01,9.0,20.0,0.45,1.0,7.0,0.143,5.0,6.0,0.833,0.0,2.0,2.0,6.0,0.0,0.0,3.0,4.0,24.0,1.0
22200513,1610612744,GSW,Golden State,1630237,Anthony Lamb,Anthony,,,18:44,1.0,7.0,0.143,1.0,7.0,0.143,3.0,3.0,1.0,2.0,1.0,3.0,1.0,0.0,0.0,1.0,3.0,6.0,9.0
22200513,1610612744,GSW,Golden State,1630164,James Wiseman,James,,,9:44,4.0,7.0,0.571,0.0,0.0,0.0,0.0,0.0,0.0,1.0,1.0,2.0,1.0,0.0,0.0,1.0,0.0,8.0,1.0
22200513,1610612744,GSW,Golden State,1629660,Ty Jerome,Ty,,,20:06,2.0,9.0,0.222,1.0,4.0,0.25,0.0,0.0,0.0,0.0,0.0,0.0,4.0,0.0,0.0,1.0,3.0,5.0,-3.0
22200513,1610612744,GSW,Golden State,1630228,Jonathan Kuminga,Jonathan,,,22:34,6.0,6.0,1.0,0.0,0.0,0.0,2.0,3.0,0.667,1.0,5.0,6.0,2.0,2.0,0.0,0.0,2.0,14.0,0.0
22200513,1610612744,GSW,Golden State,1630541,Moses Moody,Moses,,,13:07,2.0,5.0,0.4,0.0,1.0,0.0,0.0,0.0,0.0,2.0,1.0,3.0,0.0,0.0,0.0,0.0,1.0,4.0,1.0
22200513,1610612744,GSW,Golden State,1631116,Patrick Baldwin Jr.,Patrick,,DNP - Coach's Decision,,,,,,,,,,,,,,,,,,,,
22200513,1610612744,GSW,Golden State,1631157,Ryan Rollins,Ryan,,DNP - Coach's Decision,,,,,,,,,,,,,,,,,,,,
22200506,1610612755,PHI,Philadelphia,200782,P.J. Tucker,P.J.,F,,18:57,0.0,1.0,0.0,0.0,0.0,0.0,0.0,0.0,0.0,2.0,1.0,3.0,0.0,1.0,0.0,0.0,1.0,0.0,-7.0
22200506,1610612755,PHI,Philadelphia,202699,Tobias Harris,Tobias,F,,39:07,7.0,14.0,0.5,0.0,4.0,0.0,1.0,1.0,1.0,1.0,3.0,4.0,2.0,1.0,2.0,2.0,2.0,15.0,-7.0
22200506,1610612755,PHI,Philadelphia,203954,Joel Embiid,Joel,C,,35:40,17.0,32.0,0.531,1.0,5.0,0.2,13.0,14.0,0.929,4.0,6.0,10.0,1.0,3.0,3.0,3.0,5.0,48.0,8.0
22200506,1610612755,PHI,Philadelphia,1629001,De'Anthony Melton,De'Anthony,G,,35:03,2.0,6.0,0.333,2.0,5.0,0.4,0.0,0.0,0.0,1.0,4.0,5.0,2.0,0.0,0.0,2.0,2.0,6.0,-1.0
22200506,1610612755,PHI,Philadelphia,201935,James Harden,James,G,,39:49,7.0,14.0,0.5,2.0,8.0,0.25,10.0,10.0,1.0,0.0,7.0,7.0,13.0,3.0,1.0,5.0,1.0,26.0,-2.0
22200506,1610612755,PHI,Philadelphia,1629003,Shake Milton,Shake,,,17:04,0.0,2.0,0.0,0.0,1.0,0.0,1.0,2.0,0.5,0.0,1.0,1.0,1.0,0.0,0.0,2.0,2.0,1.0,-4.0
22200506,1610612755,PHI,Philadelphia,1629680,Matisse Thybulle,Matisse,,,4:52,0.0,0.0,0.0,0.0,0.0,0.0,0.0,0.0,0.0,0.0,1.0,1.0,0.0,0.0,1.0,0.0,1.0,0.0,-3.0
22200506,1610612755,PHI,Philadelphia,1627777,Georges Niang,Georges,,,28:27,1.0,7.0,0.143,1.0,7.0,0.143,0.0,0.0,0.0,0.0,4.0,4.0,1.0,0.0,0.0,0.0,5.0,3.0,2.0
22200506,1610612755,PHI,Philadelphia,1627863,Danuel House Jr.,Danuel,,,8:41,1.0,3.0,0.333,0.0,1.0,0.0,1.0,2.0,0.5,0.0,1.0,1.0,1.0,0.0,1.0,1.0,1.0,3.0,2.0
22200506,1610612755,PHI,Philadelphia,1626149,Montrezl Harrell,Montrezl,,,9:30,4.0,5.0,0.8,0.0,0.0,0.0,1.0,2.0,0.5,2.0,1.0,3.0,0.0,0.0,1.0,0.0,4.0,9.0,-4.0
22200506,1610612755,PHI,Philadelphia,1630194,Paul Reed,Paul,,,2:50,0.0,0.0,0.0,0.0,0.0,0.0,0.0,0.0,0.0,0.0,0.0,0.0,0.0,0.0,1.0,0.0,0.0,0.0,-9.0
22200506,1610612755,PHI,Philadelphia,1627788,Furkan Korkmaz,Furkan,,DNP - Coach's Decision,,,,,,,,,,,,,,,,,,,,
22200506,1610612764,WAS,Washington,1628398,Kyle Kuzma,Kyle,F,,37:38,4.0,13.0,0.308,2.0,9.0,0.222,4.0,5.0,0.8,0.0,8.0,8.0,1.0,0.0,0.0,4.0,1.0,14.0,11.0
22200506,1610612764,WAS,Washington,204001,Kristaps Porziņģis,Kristaps,F,,34:38,7.0,15.0,0.467,3.0,5.0,0.6,7.0,9.0,0.778,3.0,7.0,10.0,1.0,2.0,3.0,2.0,2.0,24.0,14.0
22200506,1610612764,WAS,Washington,1629655,Daniel Gafford,Daniel,C,,18:34,3.0,3.0,1.0,0.0,0.0,0.0,2.0,2.0,1.0,4.0,2.0,6.0,0.0,1.0,1.0,2.0,5.0,8.0,-6.0
22200506,1610612764,WAS,Washington,203078,Bradley Beal,Bradley,G,,29:52,8.0,15.0,0.533,3.0,5.0,0.6,0.0,0.0,0.0,1.0,0.0,1.0,5.0,0.0,2.0,3.0,1.0,19.0,1.0
22200506,1610612764,WAS,Washington,1628420,Monté Morris,Monté,G,,29:45,3.0,9.0,0.333,0.0,3.0,0.0,2.0,2.0,1.0,1.0,3.0,4.0,7.0,0.0,0.0,1.0,4.0,8.0,6.0
22200506,1610612764,WAS,Washington,201959,Taj Gibson,Taj,,,14:24,3.0,4.0,0.75,0.0,0.0,0.0,1.0,1.0,1.0,2.0,1.0,3.0,2.0,0.0,1.0,1.0,4.0,7.0,0.0
22200506,1610612764,WAS,Washington,1630166,Deni Avdija,Deni,,,20:01,2.0,4.0,0.5,1.0,1.0,1.0,2.0,2.0,1.0,2.0,1.0,3.0,0.0,0.0,1.0,1.0,2.0,7.0,-5.0
22200506,1610612764,WAS,Washington,1626153,Delon Wright,Delon,,,17:08,2.0,5.0,0.4,1.0,3.0,0.333,2.0,3.0,0.667,0.0,0.0,0.0,1.0,3.0,0.0,0.0,1.0,7.0,-2.0
22200506,1610612764,WAS,Washington,1629060,Rui Hachimura,Rui,,,21:23,5.0,10.0,0.5,0.0,3.0,0.0,4.0,4.0,1.0,1.0,0.0,1.0,0.0,0.0,0.0,0.0,2.0,14.0,4.0
22200506,1610612764,WAS,Washington,1630557,Corey Kispert,Corey,,,16:38,2.0,7.0,0.286,1.0,4.0,0.25,3.0,3.0,1.0,0.0,3.0,3.0,1.0,1.0,0.0,1.0,1.0,8.0,2.0
22200506,1610612764,WAS,Washington,203115,Will Barton,Will,,DNP - Coach's Decision,,,,,,,,,,,,,,,,,,,,
22200506,1610612764,WAS,Washington,1630264,Anthony Gill,Anthony,,DNP - Coach's Decision,,,,,,,,,,,,,,,,,,,,
22200506,1610612764,WAS,Washington,1630692,Jordan Goodwin,Jordan,,DNP - Coach's Decision,,,,,,,,,,,,,,,,,,,,
22200510,1610612756,PHX,Phoenix,1628470,Torrey Craig,Torrey,F,,21:16,4.0,7.0,0.571,2.0,4.0,0.5,0.0,0.0,0.0,1.0,6.0,7.0,2.0,0.0,3.0,0.0,2.0,10.0,12.0
22200510,1610612756,PHX,Phoenix,1629111,Jock Landale,Jock,F,,23:44,4.0,5.0,0.8,2.0,2.0,1.0,6.0,6.0,1.0,3.0,0.0,3.0,0.0,0.0,0.0,1.0,2.0,16.0,-5.0
22200510,1610612756,PHX,Phoenix,1629028,Deandre Ayton,Deandre,C,,27:21,6.0,12.0,0.5,0.0,0.0,0.0,3.0,3.0,1.0,1.0,9.0,10.0,0.0,0.0,1.0,1.0,3.0,15.0,17.0
22200510,1610612756,PHX,Phoenix,1628969,Mikal Bridges,Mikal,G,,24:47,3.0,8.0,0.375,1.0,3.0,0.333,3.0,3.0,1.0,0.0,2.0,2.0,3.0,1.0,2.0,3.0,2.0,10.0,12.0
22200510,1610612756,PHX,Phoenix,101108,Chris Paul,Chris,G,,23:35,5.0,9.0,0.556,4.0,5.0,0.8,0.0,0.0,0.0,0.0,1.0,1.0,6.0,1.0,0.0,4.0,2.0,14.0,4.0
22200510,1610612756,PHX,Phoenix,1630688,Ish Wainright,Ish,,,25:51,1.0,7.0,0.143,0.0,2.0,0.0,1.0,2.0,0.5,3.0,2.0,5.0,3.0,1.0,1.0,1.0,3.0,3.0,8.0
22200510,1610612756,PHX,Phoenix,1627814,Damion Lee,Damion,,,26:19,4.0,8.0,0.5,2.0,4.0,0.5,2.0,2.0,1.0,0.0,5.0,5.0,2.0,0.0,0.0,2.0,3.0,12.0,16.0
22200510,1610612756,PHX,Phoenix,1630613,Duane Washington Jr.,Duane,,,24:17,10.0,21.0,0.476,5.0,9.0,0.556,1.0,1.0,1.0,0.0,4.0,4.0,8.0,1.0,0.0,3.0,2.0,26.0,13.0
22200510,1610612756,PHX,Phoenix,202687,Bismack Biyombo,Bismack,,,14:04,2.0,3.0,0.667,0.0,0.0,0.0,0.0,0.0,0.0,2.0,1.0,3.0,0.0,1.0,1.0,0.0,2.0,4.0,-1.0
22200510,1610612756,PHX,Phoenix,1629006,Josh Okogie,Josh,,,25:36,3.0,6.0,0.5,0.0,1.0,0.0,6.0,8.0,0.75,5.0,1.0,6.0,2.0,2.0,1.0,4.0,2.0,12.0,13.0
22200510,1610612756,PHX,Phoenix,203967,Dario Šarić,Dario,,,3:10,1.0,1.0,1.0,1.0,1.0,1.0,0.0,0.0,0.0,0.0,1.0,1.0,0.0,0.0,0.0,0.0,0.0,3.0,-4.0
22200510,1610612763,MEM,Memphis,1628415,Dillon Brooks,Dillon,F,,26:16,3.0,9.0,0.333,1.0,1.0,1.0,0.0,0.0,0.0,0.0,1.0,1.0,2.0,0.0,0.0,2.0,5.0,7.0,-15.0
22200510,1610612763,MEM,Memphis,1628991,Jaren Jackson Jr.,Jaren,F,,26:04,2.0,12.0,0.167,0.0,4.0,0.0,2.0,2.0,1.0,4.0,4.0,8.0,1.0,2.0,3.0,3.0,2.0,6.0,0.0
22200510,1610612763,MEM,Memphis,203500,Steven Adams,Steven,C,,25:18,3.0,5.0,0.6,0.0,0.0,0.0,0.0,0.0,0.0,3.0,6.0,9.0,1.0,0.0,1.0,1.0,1.0,6.0,-13.0
22200510,1610612763,MEM,Memphis,1630217,Desmond Bane,Desmond,G,,27:24,4.0,12.0,0.333,0.0,4.0,0.0,6.0,6.0,1.0,0.0,2.0,2.0,0.0,0.0,0.0,2.0,2.0,14.0,1.0
22200510,1610612763,MEM,Memphis,1629630,Ja Morant,Ja,G,,31:08,8.0,22.0,0.364,3.0,10.0,0.3,15.0,16.0,0.938,1.0,2.0,3.0,6.0,1.0,0.0,2.0,3.0,34.0,-23.0
22200510,1610612763,MEM,Memphis,1630583,Santi Aldama,Santi,,,14:44,1.0,1.0,1.0,1.0,1.0,1.0,0.0,0.0,0.0,0.0,0.0,0.0,0.0,0.0,1.0,0.0,0.0,3.0,-24.0
22200510,1610612763,MEM,Memphis,1630533,Ziaire Williams,Ziaire,,,17:53,3.0,6.0,0.5,1.0,3.0,0.333,0.0,0.0,0.0,0.0,1.0,1.0,0.0,1.0,0.0,0.0,4.0,7.0,-27.0
22200510,1610612763,MEM,Memphis,1629634,Brandon Clarke,Brandon,,,15:30,3.0,6.0,0.5,0.0,0.0,0.0,2.0,2.0,1.0,4.0,4.0,8.0,3.0,2.0,0.0,2.0,3.0,8.0,-11.0
22200510,1610612763,MEM,Memphis,1626145,Tyus Jones,Tyus,,,12:51,0.0,4.0,0.0,0.0,1.0,0.0,1.0,2.0,0.5,1.0,0.0,1.0,2.0,1.0,0.0,0.0,0.0,1.0,-8.0
22200510,1610612763,MEM,Memphis,1629723,John Konchar,John,,,14:04,2.0,3.0,0.667,1.0,2.0,0.5,0.0,0.0,0.0,0.0,3.0,3.0,1.0,2.0,1.0,0.0,2.0,5.0,7.0
22200510,1610612763,MEM,Memphis,1630214,Xavier Tillman,Xavier,,,7:12,4.0,4.0,1.0,1.0,1.0,1.0,0.0,2.0,0.0,2.0,1.0,3.0,0.0,0.0,0.0,1.0,0.0,9.0,7.0
22200510,1610612763,MEM,Memphis,1631222,Jake LaRavia,Jake,,,7:12,0.0,1.0,0.0,0.0,1.0,0.0,1.0,2.0,0.5,0.0,0.0,0.0,0.0,0.0,0.0,0.0,0.0,1.0,7.0
22200510,1610612763,MEM,Memphis,1631113,Kennedy Chandler,Kennedy,,,7:12,2.0,3.0,0.667,0.0,0.0,0.0,1.0,2.0,0.5,0.0,0.0,0.0,1.0,0.0,0.0,0.0,0.0,5.0,7.0
22200510,1610612763,MEM,Memphis,1631223,David Roddy,David,,,7:12,1.0,3.0,0.333,0.0,2.0,0.0,0.0,0.0,0.0,0.0,1.0,1.0,1.0,0.0,0.0,1.0,1.0,2.0,7.0
22200505,1610612747,LAL,Los Angeles,1629022,Lonnie Walker IV,Lonnie,F,,24:57,3.0,10.0,0.3,2.0,7.0,0.286,2.0,2.0,1.0,0.0,1.0,1.0,2.0,0.0,0.0,0.0,1.0,10.0,2.0
22200505,1610612747,LAL,Los Angeles,2544,LeBron James,LeBron,F,,31:10,12.0,24.0,0.5,0.0,7.0,0.0,4.0,5.0,0.8,2.0,5.0,7.0,5.0,1.0,1.0,4.0,1.0,28.0,8.0
22200505,1610612747,LAL,Los Angeles,1628418,Thomas Bryant,Thomas,C,,30:58,8.0,10.0,0.8,1.0,1.0,1.0,4.0,6.0,0.667,4.0,6.0,10.0,1.0,1.0,0.0,0.0,2.0,21.0,6.0
22200505,1610612747,LAL,Los Angeles,201976,Patrick Beverley,Patrick,G,,29:41,5.0,11.0,0.455,4.0,10.0,0.4,0.0,0.0,0.0,0.0,2.0,2.0,2.0,0.0,1.0,0.0,3.0,14.0,3.0
22200505,1610612747,LAL,Los Angeles,203471,Dennis Schröder,Dennis,G,,28:14,2.0,3.0,0.667,1.0,1.0,1.0,2.0,2.0,1.0,1.0,1.0,2.0,2.0,1.0,0.0,3.0,2.0,7.0,9.0
22200505,1610612747,LAL,Los Angeles,201566,Russell Westbrook,Russell,,,29:21,6.0,11.0,0.545,1.0,3.0,0.333,2.0,2.0,1.0,0.0,13.0,13.0,13.0,0.0,0.0,4.0,3.0,15.0,18.0
22200505,1610612747,LAL,Los Angeles,1630559,Austin Reaves,Austin,,,26:26,3.0,7.0,0.429,2.0,6.0,0.333,0.0,0.0,0.0,0.0,3.0,3.0,5.0,1.0,0.0,2.0,0.0,8.0,12.0
22200505,1610612747,LAL,Los Angeles,1628972,Troy Brown Jr.,Troy,,,17:26,6.0,7.0,0.857,3.0,4.0,0.75,0.0,0.0,0.0,1.0,0.0,1.0,1.0,0.0,0.0,0.0,1.0,15.0,15.0
22200505,1610612747,LAL,Los Angeles,1631108,Max Christie,Max,,,4:58,0.0,0.0,0.0,0.0,0.0,0.0,0.0,0.0,0.0,0.0,0.0,0.0,0.0,0.0,0.0,0.0,0.0,0.0,7.0
22200505,1610612747,LAL,Los Angeles,1629117,Wenyen Gabriel,Wenyen,,,15:11,2.0,5.0,0.4,1.0,2.0,0.5,0.0,0.0,0.0,1.0,5.0,6.0,1.0,0.0,0.0,0.0,3.0,5.0,11.0
22200505,1610612747,LAL,Los Angeles,1629134,Kendrick Nunn,Kendrick,,,1:38,2.0,2.0,1.0,2.0,2.0,1.0,0.0,0.0,0.0,0.0,1.0,1.0,0.0,0.0,0.0,0.0,0.0,6.0,4.0
22200505,1610612747,LAL,Los Angeles,1627745,Damian Jones,Damian,,DNP - Coach's Decision,,,,,,,,,,,,,,,,,,,,
22200505,1610612753,ORL,Orlando,1629626,Bol Bol,Bol,F,,21:59,4.0,7.0,0.571,1.0,1.0,1.0,1.0,4.0,0.25,1.0,4.0,5.0,0.0,0.0,1.0,0.0,0.0,10.0,-3.0
22200505,1610612753,ORL,Orlando,1631094,Paolo Banchero,Paolo,F,,22:21,1.0,6.0,0.167,0.0,2.0,0.0,2.0,4.0,0.5,1.0,4.0,5.0,3.0,1.0,0.0,2.0,5.0,4.0,-12.0
22200505,1610612753,ORL,Orlando,1629021,Moritz Wagner,Moritz,C,,21:49,5.0,8.0,0.625,1.0,3.0,0.333,1.0,2.0,0.5,2.0,2.0,4.0,4.0,2.0,0.0,2.0,4.0,12.0,-7.0
22200505,1610612753,ORL,Orlando,1630532,Franz Wagner,Franz,G,,30:36,4.0,8.0,0.5,2.0,4.0,0.5,5.0,5.0,1.0,0.0,2.0,2.0,4.0,1.0,0.0,2.0,1.0,15.0,-10.0
22200505,1610612753,ORL,Orlando,1628365,Markelle Fultz,Markelle,G,,27:34,7.0,13.0,0.538,1.0,4.0,0.25,1.0,2.0,0.5,1.0,2.0,3.0,3.0,2.0,2.0,2.0,1.0,16.0,-3.0
22200505,1610612753,ORL,Orlando,1630175,Cole Anthony,Cole,,,25:52,4.0,13.0,0.308,0.0,3.0,0.0,0.0,0.0,0.0,1.0,1.0,2.0,4.0,1.0,0.0,2.0,4.0,8.0,-13.0
22200505,1610612753,ORL,Orlando,1628976,Wendell Carter Jr.,Wendell,,,19:27,6.0,8.0,0.75,2.0,2.0,1.0,1.0,2.0,0.5,1.0,2.0,3.0,4.0,0.0,0.0,1.0,2.0,15.0,-10.0
22200505,1610612753,ORL,Orlando,203082,Terrence Ross,Terrence,,,21:27,6.0,10.0,0.6,0.0,2.0,0.0,1.0,2.0,0.5,1.0,1.0,2.0,1.0,0.0,0.0,0.0,0.0,13.0,-14.0
22200505,1610612753,ORL,Orlando,203914,Gary Harris,Gary,,,17:48,2.0,4.0,0.5,1.0,2.0,0.5,4.0,4.0,1.0,0.0,4.0,4.0,0.0,1.0,0.0,0.0,0.0,9.0,-9.0
22200505,1610612753,ORL,Orlando,1628964,Mo Bamba,Mo,,,19:53,2.0,5.0,0.4,1.0,4.0,0.25,0.0,0.0,0.0,0.0,5.0,5.0,1.0,0.0,2.0,0.0,0.0,5.0,-9.0
22200505,1610612753,ORL,Orlando,1631216,Caleb Houstan,Caleb,,,8:48,1.0,1.0,1.0,1.0,1.0,1.0,0.0,0.0,0.0,0.0,1.0,1.0,0.0,0.0,0.0,0.0,0.0,3.0,-4.0
22200505,1610612753,ORL,Orlando,1630181,R.J. Hampton,R.J.,,,2:26,0.0,1.0,0.0,0.0,0.0,0.0,0.0,0.0,0.0,0.0,1.0,1.0,1.0,0.0,0.0,0.0,0.0,0.0,-1.0
22200514,1610612743,DEN,Denver,1629008,Michael Porter Jr.,Michael,F,,29:34,12.0,20.0,0.6,5.0,9.0,0.556,1.0,2.0,0.5,1.0,5.0,6.0,2.0,2.0,0.0,2.0,3.0,30.0,14.0
22200514,1610612743,DEN,Denver,1630192,Zeke Nnaji,Zeke,F,,15:20,0.0,3.0,0.0,0.0,1.0,0.0,0.0,0.0,0.0,3.0,3.0,6.0,0.0,0.0,0.0,1.0,6.0,0.0,2.0
22200514,1610612743,DEN,Denver,203999,Nikola Jokić,Nikola,C,,36:53,7.0,10.0,0.7,0.0,0.0,0.0,6.0,6.0,1.0,0.0,9.0,9.0,11.0,1.0,0.0,0.0,3.0,20.0,13.0
22200514,1610612743,DEN,Denver,203484,Kentavious Caldwell-Pope,Kentavious,G,,30:33,4.0,12.0,0.333,1.0,5.0,0.2,2.0,2.0,1.0,2.0,1.0,3.0,3.0,1.0,1.0,3.0,0.0,11.0,16.0
22200514,1610612743,DEN,Denver,1627750,Jamal Murray,Jamal,G,,37:49,7.0,15.0,0.467,3.0,7.0,0.429,8.0,8.0,1.0,1.0,4.0,5.0,7.0,2.0,0.0,1.0,1.0,25.0,5.0
22200514,1610612743,DEN,Denver,1628971,Bruce Brown,Bruce,,,8:39,1.0,3.0,0.333,0.0,2.0,0.0,0.0,0.0,0.0,0.0,0.0,0.0,0.0,0.0,0.0,1.0,1.0,2.0,-13.0
22200514,1610612743,DEN,Denver,1628427,Vlatko Čančar,Vlatko,,,29:29,3.0,5.0,0.6,2.0,3.0,0.667,0.0,0.0,0.0,1.0,3.0,4.0,3.0,0.0,0.0,1.0,1.0,8.0,-3.0
22200514,1610612743,DEN,Denver,1630538,Bones Hyland,Bones,,,19:13,2.0,9.0,0.222,1.0,7.0,0.143,0.0,0.0,0.0,0.0,1.0,1.0,6.0,0.0,1.0,1.0,2.0,5.0,-7.0
22200514,1610612743,DEN,Denver,201599,DeAndre Jordan,DeAndre,,,6:42,2.0,2.0,1.0,0.0,0.0,0.0,0.0,0.0,0.0,0.0,1.0,1.0,0.0,2.0,0.0,0.0,0.0,4.0,-8.0
22200514,1610612743,DEN,Denver,1631128,Christian Braun,Christian,,,13:43,2.0,4.0,0.5,0.0,1.0,0.0,0.0,1.0,0.0,1.0,2.0,3.0,2.0,1.0,1.0,1.0,0.0,4.0,7.0
22200514,1610612743,DEN,Denver,202397,Ish Smith,Ish,,,3:05,0.0,1.0,0.0,0.0,0.0,0.0,0.0,0.0,0.0,0.0,0.0,0.0,0.0,1.0,0.0,1.0,0.0,0.0,5.0
22200514,1610612743,DEN,Denver,1628432,Davon Reed,Davon,,,9:00,1.0,2.0,0.5,1.0,2.0,0.5,1.0,2.0,0.5,1.0,1.0,2.0,0.0,2.0,0.0,1.0,1.0,4.0,4.0
22200514,1610612758,SAC,Sacramento,203084,Harrison Barnes,Harrison,F,,32:49,5.0,11.0,0.455,1.0,4.0,0.25,2.0,2.0,1.0,2.0,6.0,8.0,1.0,1.0,0.0,0.0,3.0,13.0,-9.0
22200514,1610612758,SAC,Sacramento,1631099,Keegan Murray,Keegan,F,,31:19,4.0,6.0,0.667,2.0,4.0,0.5,1.0,2.0,0.5,0.0,2.0,2.0,1.0,2.0,1.0,0.0,0.0,11.0,2.0
22200514,1610612758,SAC,Sacramento,203458,Alex Len,Alex,C,,13:53,0.0,1.0,0.0,0.0,1.0,0.0,2.0,2.0,1.0,0.0,4.0,4.0,0.0,0.0,0.0,2.0,4.0,2.0,-4.0
22200514,1610612758,SAC,Sacramento,1628989,Kevin Huerter,Kevin,G,,37:05,8.0,14.0,0.571,3.0,7.0,0.429,2.0,2.0,1.0,2.0,2.0,4.0,1.0,2.0,0.0,3.0,2.0,21.0,-11.0
22200514,1610612758,SAC,Sacramento,1628368,De'Aaron Fox,De'Aaron,G,,30:31,10.0,16.0,0.625,3.0,5.0,0.6,3.0,5.0,0.6,0.0,1.0,1.0,4.0,0.0,0.0,5.0,1.0,26.0,-8.0
22200514,1610612758,SAC,Sacramento,1630558,Davion Mitchell,Davion,,,17:41,3.0,8.0,0.375,0.0,3.0,0.0,0.0,0.0,0.0,0.0,0.0,0.0,9.0,2.0,0.0,1.0,1.0,6.0,-1.0
22200514,1610612758,SAC,Sacramento,1626158,Richaun Holmes,Richaun,,,23:03,3.0,6.0,0.5,0.0,0.0,0.0,2.0,2.0,1.0,2.0,5.0,7.0,2.0,0.0,0.0,0.0,3.0,8.0,3.0
22200514,1610612758,SAC,Sacramento,1628370,Malik Monk,Malik,,,26:17,3.0,10.0,0.3,0.0,5.0,0.0,2.0,2.0,1.0,1.0,1.0,2.0,1.0,1.0,1.0,2.0,0.0,8.0,-3.0
22200514,1610612758,SAC,Sacramento,1626168,Trey Lyles,Trey,,,24:05,4.0,10.0,0.4,1.0,6.0,0.167,2.0,2.0,1.0,1.0,9.0,10.0,1.0,0.0,0.0,3.0,1.0,11.0,-4.0
22200514,1610612758,SAC,Sacramento,1629644,KZ Okpala,KZ,,,3:17,0.0,0.0,0.0,0.0,0.0,0.0,0.0,0.0,0.0,0.0,1.0,1.0,0.0,0.0,0.0,0.0,3.0,0.0,0.0
22200514,1610612758,SAC,Sacramento,1629056,Terence Davis,Terence,,DNP - Coach's Decision,,,,,,,,,,,,,,,,,,,,
22200514,1610612758,SAC,Sacramento,203521,Matthew Dellavedova,Matthew,,DNP - Coach's Decision,,,,,,,,,,,,,,,,,,,,
22200514,1610612758,SAC,Sacramento,1629002,Chimezie Metu,Chimezie,,DNP - Coach's Decision,,,,,,,,,,,,,,,,,,,,
22200514,1610612758,SAC,Sacramento,1631320,Chima Moneke,Chima,,DNP - Coach's Decision,,,,,,,,,,,,,,,,,,,,
22200514,1610612758,SAC,Sacramento,1629674,Neemias Queta,Neemias,,DNP - Coach's Decision,,,,,,,,,,,,,,,,,,,,
22200507,1610612745,HOU,Houston,1630231,KJ Martin,KJ,F,,31:28,6.0,10.0,0.6,1.0,4.0,0.25,4.0,4.0,1.0,0.0,3.0,3.0,2.0,0.0,0.0,2.0,1.0,17.0,-19.0
22200507,1610612745,HOU,Houston,1631095,Jabari Smith Jr.,Jabari,F,,28:51,2.0,10.0,0.2,2.0,7.0,0.286,0.0,0.0,0.0,2.0,7.0,9.0,2.0,0.0,0.0,4.0,2.0,6.0,-12.0
22200507,1610612745,HOU,Houston,1630578,Alperen Sengun,Alperen,C,,21:56,0.0,3.0,0.0,0.0,0.0,0.0,0.0,0.0,0.0,4.0,5.0,9.0,2.0,1.0,0.0,1.0,2.0,0.0,-10.0
22200507,1610612745,HOU,Houston,1630224,Jalen Green,Jalen,G,,32:55,11.0,22.0,0.5,3.0,11.0,0.273,3.0,3.0,1.0,0.0,4.0,4.0,2.0,0.0,0.0,4.0,0.0,28.0,-19.0
22200507,1610612745,HOU,Houston,1629645,Kevin Porter Jr.,Kevin,G,,35:18,8.0,18.0,0.444,2.0,6.0,0.333,4.0,5.0,0.8,1.0,4.0,5.0,9.0,0.0,0.0,0.0,2.0,22.0,-18.0
22200507,1610612745,HOU,Houston,1630586,Usman Garuba,Usman,,,13:16,1.0,2.0,0.5,0.0,0.0,0.0,0.0,0.0,0.0,2.0,1.0,3.0,1.0,0.0,0.0,0.0,1.0,2.0,-10.0
22200507,1610612745,HOU,Houston,1631106,Tari Eason,Tari,,,17:04,2.0,9.0,0.222,2.0,6.0,0.333,0.0,0.0,0.0,2.0,3.0,5.0,1.0,0.0,1.0,0.0,2.0,6.0,-11.0
22200507,1610612745,HOU,Houston,1631102,TyTy Washington Jr.,TyTy,,,20:20,4.0,10.0,0.4,2.0,5.0,0.4,0.0,0.0,0.0,0.0,5.0,5.0,3.0,1.0,0.0,0.0,1.0,10.0,-3.0
22200507,1610612745,HOU,Houston,1629726,Garrison Mathews,Garrison,,,16:32,2.0,6.0,0.333,2.0,6.0,0.333,0.0,0.0,0.0,0.0,1.0,1.0,1.0,2.0,0.0,1.0,1.0,6.0,-5.0
22200507,1610612745,HOU,Houston,1630528,Josh Christopher,Josh,,,7:32,0.0,2.0,0.0,0.0,0.0,0.0,1.0,2.0,0.5,0.0,1.0,1.0,0.0,0.0,0.0,0.0,1.0,1.0,-5.0
22200507,1610612745,HOU,Houston,1628981,Bruno Fernando,Bruno,,,14:48,2.0,3.0,0.667,0.0,0.0,0.0,0.0,0.0,0.0,2.0,2.0,4.0,1.0,1.0,1.0,1.0,3.0,4.0,-8.0
22200507,1610612745,HOU,Houston,1626246,Boban Marjanović,Boban,,DNP - Coach's Decision,,,,,,,,,,,,,,,,,,,,
22200507,1610612745,HOU,Houston,1630227,Daishen Nix,Daishen,,DNP - Coach's Decision,,,,,,,,,,,,,,,,,,,,
22200507,1610612738,BOS,Boston,1627759,Jaylen Brown,Jaylen,F,,34:49,14.0,26.0,0.538,6.0,15.0,0.4,5.0,5.0,1.0,0.0,1.0,1.0,2.0,3.0,0.0,2.0,1.0,39.0,21.0
22200507,1610612738,BOS,Boston,1628369,Jayson Tatum,Jayson,F,,34:06,12.0,25.0,0.48,6.0,16.0,0.375,8.0,8.0,1.0,0.0,8.0,8.0,4.0,1.0,1.0,2.0,2.0,38.0,12.0
22200507,1610612738,BOS,Boston,201143,Al Horford,Al,C,,24:35,1.0,5.0,0.2,1.0,4.0,0.25,0.0,0.0,0.0,1.0,4.0,5.0,2.0,0.0,0.0,0.0,3.0,3.0,2.0
22200507,1610612738,BOS,Boston,1628401,Derrick White,Derrick,G,,29:55,2.0,6.0,0.333,0.0,4.0,0.0,2.0,2.0,1.0,2.0,5.0,7.0,3.0,1.0,2.0,1.0,1.0,6.0,22.0
22200507,1610612738,BOS,Boston,203935,Marcus Smart,Marcus,G,,28:54,3.0,7.0,0.429,3.0,7.0,0.429,0.0,0.0,0.0,0.0,1.0,1.0,6.0,3.0,0.0,1.0,1.0,9.0,8.0
22200507,1610612738,BOS,Boston,1630573,Sam Hauser,Sam,,,12:52,1.0,4.0,0.25,1.0,4.0,0.25,0.0,2.0,0.0,0.0,4.0,4.0,2.0,0.0,0.0,1.0,1.0,3.0,7.0
22200507,1610612738,BOS,Boston,1629684,Grant Williams,Grant,,,25:16,2.0,5.0,0.4,2.0,4.0,0.5,2.0,2.0,1.0,0.0,1.0,1.0,2.0,0.0,1.0,1.0,2.0,8.0,16.0
22200507,1610612738,BOS,Boston,1627763,Malcolm Brogdon,Malcolm,,,20:48,3.0,8.0,0.375,0.0,1.0,0.0,0.0,0.0,0.0,1.0,5.0,6.0,8.0,0.0,0.0,1.0,0.0,6.0,4.0
22200507,1610612738,BOS,Boston,1629057,Robert Williams III,Robert,,,20:45,4.0,4.0,1.0,0.0,0.0,0.0,3.0,4.0,0.75,5.0,10.0,15.0,2.0,0.0,1.0,0.0,1.0,11.0,19.0
22200507,1610612738,BOS,Boston,203943,Noah Vonleh,Noah,,,2:40,0.0,0.0,0.0,0.0,0.0,0.0,0.0,0.0,0.0,0.0,0.0,0.0,0.0,0.0,0.0,0.0,0.0,0.0,3.0
22200507,1610612738,BOS,Boston,1628436,Luke Kornet,Luke,,,2:40,0.0,0.0,0.0,0.0,0.0,0.0,0.0,0.0,0.0,0.0,1.0,1.0,1.0,0.0,0.0,1.0,1.0,0.0,3.0
22200507,1610612738,BOS,Boston,1628382,Justin Jackson,Justin,,,2:40,1.0,1.0,1.0,1.0,1.0,1.0,0.0,0.0,0.0,0.0,0.0,0.0,0.0,0.0,0.0,0.0,1.0,3.0,3.0
22200507,1610612738,BOS,Boston,201933,Blake Griffin,Blake,,DNP - Coach's Decision,,,,,,,,,,,,,,,,,,,,
22200509,1610612746,LAC,LA,202695,Kawhi Leonard,Kawhi,F,,34:35,5.0,12.0,0.417,1.0,2.0,0.5,4.0,5.0,0.8,3.0,4.0,7.0,8.0,1.0,1.0,1.0,3.0,15.0,10.0
22200509,1610612746,LAC,LA,202694,Marcus Morris Sr.,Marcus,F,,27:33,3.0,7.0,0.429,2.0,6.0,0.333,2.0,2.0,1.0,0.0,4.0,4.0,3.0,1.0,0.0,0.0,2.0,10.0,11.0
22200509,1610612746,LAC,LA,1627826,Ivica Zubac,Ivica,C,,31:16,7.0,13.0,0.538,0.0,0.0,0.0,9.0,12.0,0.75,10.0,6.0,16.0,1.0,0.0,1.0,2.0,3.0,23.0,15.0
22200509,1610612746,LAC,LA,202331,Paul George,Paul,G,,34:08,9.0,18.0,0.5,5.0,9.0,0.556,0.0,0.0,0.0,0.0,7.0,7.0,5.0,1.0,0.0,3.0,2.0,23.0,4.0
22200509,1610612746,LAC,LA,202704,Reggie Jackson,Reggie,G,,31:25,9.0,15.0,0.6,2.0,6.0,0.333,0.0,0.0,0.0,0.0,1.0,1.0,3.0,0.0,0.0,1.0,2.0,20.0,6.0
22200509,1610612746,LAC,LA,1628379,Luke Kennard,Luke,,,17:30,0.0,4.0,0.0,0.0,3.0,0.0,0.0,0.0,0.0,1.0,2.0,3.0,1.0,1.0,0.0,0.0,0.0,0.0,4.0
22200509,1610612746,LAC,LA,1626181,Norman Powell,Norman,,,23:36,8.0,14.0,0.571,2.0,3.0,0.667,4.0,4.0,1.0,0.0,1.0,1.0,3.0,3.0,0.0,2.0,1.0,22.0,7.0
22200509,1610612746,LAC,LA,201587,Nicolas Batum,Nicolas,,,27:08,3.0,8.0,0.375,3.0,8.0,0.375,0.0,0.0,0.0,1.0,6.0,7.0,2.0,1.0,1.0,0.0,2.0,9.0,-2.0
22200509,1610612746,LAC,LA,1629611,Terance Mann,Terance,,,12:11,1.0,2.0,0.5,0.0,1.0,0.0,0.0,0.0,0.0,0.0,1.0,1.0,1.0,0.0,0.0,0.0,2.0,2.0,0.0
22200509,1610612746,LAC,LA,1629599,Amir Coffey,Amir,,,0:39,0.0,0.0,0.0,0.0,0.0,0.0,0.0,0.0,0.0,0.0,0.0,0.0,0.0,0.0,0.0,0.0,0.0,0.0,0.0
22200509,1610612746,LAC,LA,1629650,Moses Brown,Moses,,DNP - Coach's Decision,,,,,,,,,,,,,,,,,,,,
22200509,1610612746,LAC,LA,203496,Robert Covington,Robert,,DNP - Coach's Decision,,,,,,,,,,,,,,,,,,,,
22200509,1610612761,TOR,Toronto,1628384,OG Anunoby,OG,F,,43:34,5.0,9.0,0.556,2.0,3.0,0.667,6.0,6.0,1.0,1.0,4.0,5.0,1.0,0.0,1.0,4.0,4.0,18.0,-19.0
22200509,1610612761,TOR,Toronto,1627783,Pascal Siakam,Pascal,F,,40:32,13.0,24.0,0.542,0.0,4.0,0.0,10.0,15.0,0.667,2.0,7.0,9.0,5.0,1.0,1.0,2.0,2.0,36.0,-1.0
22200509,1610612761,TOR,Toronto,1627823,Juancho Hernangomez,Juancho,C,,8:39,0.0,5.0,0.0,0.0,4.0,0.0,0.0,0.0,0.0,0.0,1.0,1.0,1.0,0.0,0.0,0.0,0.0,0.0,-1.0
22200509,1610612761,TOR,Toronto,1630567,Scottie Barnes,Scottie,G,,36:33,8.0,15.0,0.533,0.0,2.0,0.0,1.0,1.0,1.0,3.0,9.0,12.0,8.0,1.0,1.0,2.0,1.0,17.0,-6.0
22200509,1610612761,TOR,Toronto,1627832,Fred VanVleet,Fred,G,,22:44,2.0,6.0,0.333,0.0,3.0,0.0,0.0,0.0,0.0,0.0,2.0,2.0,7.0,1.0,0.0,1.0,1.0,4.0,-11.0
22200509,1610612761,TOR,Toronto,1629018,Gary Trent Jr.,Gary,,,30:15,8.0,16.0,0.5,2.0,4.0,0.5,2.0,2.0,1.0,0.0,1.0,1.0,1.0,1.0,1.0,1.0,2.0,20.0,-14.0
22200509,1610612761,TOR,Toronto,1631132,Christian Koloko,Christian,,,9:19,1.0,1.0,1.0,0.0,0.0,0.0,2.0,2.0,1.0,3.0,0.0,3.0,0.0,1.0,0.0,0.0,1.0,4.0,1.0
22200509,1610612761,TOR,Toronto,1630201,Malachi Flynn,Malachi,,,25:53,4.0,6.0,0.667,2.0,3.0,0.667,0.0,0.0,0.0,0.0,1.0,1.0,0.0,1.0,0.0,1.0,2.0,10.0,5.0
22200509,1610612761,TOR,Toronto,1628449,Chris Boucher,Chris,,,9:29,0.0,0.0,0.0,0.0,0.0,0.0,0.0,0.0,0.0,0.0,3.0,3.0,0.0,0.0,0.0,1.0,1.0,0.0,-6.0
22200509,1610612761,TOR,Toronto,201152,Thaddeus Young,Thaddeus,,,10:11,2.0,2.0,1.0,0.0,0.0,0.0,0.0,0.0,0.0,1.0,0.0,1.0,1.0,0.0,0.0,0.0,2.0,4.0,-5.0
22200509,1610612761,TOR,Toronto,203920,Khem Birch,Khem,,,2:51,0.0,0.0,0.0,0.0,0.0,0.0,0.0,0.0,0.0,0.0,1.0,1.0,0.0,0.0,0.0,0.0,0.0,0.0,2.0
22200509,1610612761,TOR,Toronto,1630625,Dalano Banton,Dalano,,DNP - Coach's Decision,,,,,,,,,,,,,,,,,,,,
22200509,1610612761,TOR,Toronto,1630551,Justin Champagnie,Justin,,DNP - Coach's Decision,,,,,,,,,,,,,,,,,,,,
22200509,1610612761,TOR,Toronto,1630288,Jeff Dowtin Jr.,Jeff,,DNP - Coach's Decision,,,,,,,,,,,,,,,,,,,,
22200509,1610612761,TOR,Toronto,1631199,Ron Harper Jr.,Ron,,DNP - Coach's Decision,,,,,,,,,,,,,,,,,,,,
22200512,1610612752,NYK,New York,1629628,RJ Barrett,RJ,F,,1:36,0.0,1.0,0.0,0.0,0.0,0.0,0.0,0.0,0.0,0.0,0.0,0.0,1.0,0.0,0.0,0.0,0.0,0.0,2.0
22200512,1610612752,NYK,New York,203944,Julius Randle,Julius,F,,44:48,11.0,23.0,0.478,5.0,11.0,0.455,2.0,4.0,0.5,2.0,16.0,18.0,4.0,0.0,0.0,2.0,5.0,29.0,2.0
22200512,1610612752,NYK,New York,1629011,Mitchell Robinson,Mitchell,C,,36:08,8.0,9.0,0.889,0.0,0.0,0.0,4.0,8.0,0.5,7.0,9.0,16.0,1.0,2.0,0.0,0.0,3.0,20.0,-3.0
22200512,1610612752,NYK,New York,1629656,Quentin Grimes,Quentin,G,,48:20,12.0,25.0,0.48,7.0,16.0,0.438,2.0,3.0,0.667,4.0,2.0,6.0,4.0,0.0,0.0,3.0,5.0,33.0,-7.0
22200512,1610612752,NYK,New York,1630193,Immanuel Quickley,Immanuel,G,,50:38,5.0,21.0,0.238,1.0,10.0,0.1,2.0,3.0,0.667,0.0,3.0,3.0,15.0,1.0,0.0,1.0,5.0,13.0,0.0
22200512,1610612752,NYK,New York,1630540,Miles McBride,Miles,,,46:06,4.0,14.0,0.286,1.0,9.0,0.111,5.0,6.0,0.833,0.0,1.0,1.0,1.0,2.0,0.0,0.0,1.0,14.0,-1.0
22200512,1610612752,NYK,New York,1630579,Jericho Sims,Jericho,,,13:27,1.0,2.0,0.5,0.0,0.0,0.0,0.0,0.0,0.0,3.0,5.0,8.0,0.0,0.0,0.0,1.0,3.0,2.0,-1.0
22200512,1610612752,NYK,New York,201565,Derrick Rose,Derrick,,,12:25,2.0,4.0,0.5,1.0,2.0,0.5,0.0,0.0,0.0,0.0,2.0,2.0,1.0,0.0,0.0,1.0,1.0,5.0,-6.0
22200512,1610612752,NYK,New York,1628392,Isaiah Hartenstein,Isaiah,,,11:33,2.0,4.0,0.5,1.0,2.0,0.5,0.0,0.0,0.0,1.0,0.0,1.0,0.0,0.0,0.0,1.0,0.0,5.0,-11.0
22200512,1610612752,NYK,New York,1627853,Ryan Arcidiacono,Ryan,,DNP - Coach's Decision,,,,,,,,,,,,,,,,,,,,
22200512,1610612752,NYK,New York,1628973,Jalen Brunson,Jalen,,DNP - Injury/Illness,,,,,,,,,,,,,,,,,,,,
22200512,1610612752,NYK,New York,203095,Evan Fournier,Evan,,DNP - Coach's Decision,,,,,,,,,,,,,,,,,,,,
22200512,1610612752,NYK,New York,1629004,Svi Mykhailiuk,Svi,,DNP - Coach's Decision,,,,,,,,,,,,,,,,,,,,
22200512,1610612752,NYK,New York,1629629,Cam Reddish,Cam,,DNP - Coach's Decision,,,,,,,,,,,,,,,,,,,,
22200512,1610612742,DAL,Dallas,203501,Tim Hardaway Jr.,Tim,F,,42:26,4.0,15.0,0.267,3.0,11.0,0.273,0.0,0.0,0.0,0.0,5.0,5.0,1.0,0.0,0.0,1.0,4.0,11.0,4.0
22200512,1610612742,DAL,Dallas,1626174,Christian Wood,Christian,F,,40:13,7.0,15.0,0.467,3.0,9.0,0.333,2.0,2.0,1.0,1.0,8.0,9.0,2.0,0.0,3.0,1.0,4.0,19.0,6.0
22200512,1610612742,DAL,Dallas,203939,Dwight Powell,Dwight,C,,30:47,1.0,2.0,0.5,0.0,1.0,0.0,0.0,0.0,0.0,0.0,0.0,0.0,1.0,0.0,1.0,1.0,3.0,2.0,10.0
22200512,1610612742,DAL,Dallas,203915,Spencer Dinwiddie,Spencer,G,,43:34,9.0,15.0,0.6,3.0,8.0,0.375,4.0,4.0,1.0,1.0,5.0,6.0,5.0,0.0,0.0,1.0,3.0,25.0,8.0
22200512,1610612742,DAL,Dallas,1629029,Luka Dončić,Luka,G,,47:09,21.0,31.0,0.677,2.0,6.0,0.333,16.0,22.0,0.727,5.0,16.0,21.0,10.0,2.0,1.0,4.0,5.0,60.0,7.0
22200512,1610612742,DAL,Dallas,203493,Reggie Bullock Jr.,Reggie,,,26:06,1.0,7.0,0.143,1.0,7.0,0.143,0.0,0.0,0.0,0.0,3.0,3.0,0.0,1.0,0.0,1.0,4.0,3.0,-12.0
22200512,1610612742,DAL,Dallas,202689,Kemba Walker,Kemba,,,4:55,0.0,1.0,0.0,0.0,1.0,0.0,1.0,2.0,0.5,0.0,0.0,0.0,0.0,0.0,0.0,0.0,0.0,1.0,0.0
22200512,1610612742,DAL,Dallas,1628373,Frank Ntilikina,Frank,,,6:36,0.0,1.0,0.0,0.0,0.0,0.0,0.0,0.0,0.0,0.0,0.0,0.0,0.0,0.0,0.0,0.0,2.0,0.0,2.0
22200512,1610612742,DAL,Dallas,202722,Dāvis Bertāns,Dāvis,,,14:18,1.0,3.0,0.333,1.0,3.0,0.333,2.0,3.0,0.667,0.0,2.0,2.0,0.0,0.0,0.0,0.0,0.0,5.0,-1.0
22200512,1610612742,DAL,Dallas,1630593,McKinley Wright IV,McKinley,,,6:13,0.0,0.0,0.0,0.0,0.0,0.0,0.0,0.0,0.0,0.0,0.0,0.0,1.0,1.0,0.0,0.0,0.0,0.0,-3.0
22200512,1610612742,DAL,Dallas,201580,JaVale McGee,JaVale,,,2:43,0.0,0.0,0.0,0.0,0.0,0.0,0.0,0.0,0.0,0.0,1.0,1.0,0.0,0.0,0.0,0.0,0.0,0.0,4.0
22200512,1610612742,DAL,Dallas,1630702,Jaden Hardy,Jaden,,DNP - Coach's Decision,,,,,,,,,,,,,,,,,,,,
22200512,1610612742,DAL,Dallas,1630639,A.J. Lawson,A.J.,,DNP - Coach's Decision,,,,,,,,,,,,,,,,,,,,
22200512,1610612742,DAL,Dallas,1629033,Theo Pinson,Theo,,DNP - Coach's Decision,,,,,,,,,,,,,,,,,,,,
22200503,1610612762,UTA,Utah,1628374,Lauri Markkanen,Lauri,F,,37:45,8.0,18.0,0.444,3.0,10.0,0.3,13.0,13.0,1.0,1.0,11.0,12.0,1.0,0.0,2.0,0.0,2.0,32.0,-2.0
22200503,1610612762,UTA,Utah,1629020,Jarred Vanderbilt,Jarred,F,,25:52,3.0,6.0,0.5,0.0,2.0,0.0,1.0,2.0,0.5,4.0,1.0,5.0,3.0,1.0,0.0,3.0,4.0,7.0,-4.0
22200503,1610612762,UTA,Utah,1631117,Walker Kessler,Walker,C,,21:05,2.0,4.0,0.5,0.0,0.0,0.0,3.0,6.0,0.5,2.0,2.0,4.0,0.0,0.0,0.0,0.0,4.0,7.0,-2.0
22200503,1610612762,UTA,Utah,203903,Jordan Clarkson,Jordan,G,,34:04,8.0,19.0,0.421,2.0,6.0,0.333,7.0,8.0,0.875,3.0,4.0,7.0,4.0,0.0,0.0,3.0,1.0,25.0,-8.0
22200503,1610612762,UTA,Utah,201144,Mike Conley,Mike,G,,32:53,6.0,12.0,0.5,5.0,7.0,0.714,0.0,0.0,0.0,1.0,4.0,5.0,6.0,3.0,1.0,3.0,3.0,17.0,0.0
22200503,1610612762,UTA,Utah,1629012,Collin Sexton,Collin,,,22:54,5.0,12.0,0.417,1.0,2.0,0.5,2.0,2.0,1.0,1.0,1.0,2.0,4.0,2.0,0.0,1.0,2.0,13.0,7.0
22200503,1610612762,UTA,Utah,200752,Rudy Gay,Rudy,,,15:23,0.0,3.0,0.0,0.0,3.0,0.0,0.0,0.0,0.0,1.0,3.0,4.0,0.0,0.0,0.0,0.0,1.0,0.0,6.0
22200503,1610612762,UTA,Utah,1627736,Malik Beasley,Malik,,,30:03,4.0,16.0,0.25,2.0,11.0,0.182,3.0,4.0,0.75,2.0,3.0,5.0,2.0,0.0,0.0,2.0,2.0,13.0,-8.0
22200503,1610612762,UTA,Utah,1629638,Nickeil Alexander-Walker,Nickeil,,,15:07,3.0,5.0,0.6,0.0,1.0,0.0,2.0,2.0,1.0,1.0,0.0,1.0,0.0,4.0,0.0,0.0,1.0,8.0,-4.0
22200503,1610612762,UTA,Utah,1631323,Simone Fontecchio,Simone,,,4:54,0.0,2.0,0.0,0.0,1.0,0.0,0.0,0.0,0.0,0.0,0.0,0.0,0.0,0.0,0.0,0.0,2.0,0.0,-5.0
22200503,1610612762,UTA,Utah,1630534,Ochai Agbaji,Ochai,,DNP - Coach's Decision,,,,,,,,,,,,,,,,,,,,
22200503,1610612762,UTA,Utah,1628962,Udoka Azubuike,Udoka,,DNP - Coach's Decision,,,,,,,,,,,,,,,,,,,,
22200503,1610612762,UTA,Utah,1630195,Leandro Bolmaro,Leandro,,DNP - Coach's Decision,,,,,,,,,,,,,,,,,,,,
22200503,1610612762,UTA,Utah,1629659,Talen Horton-Tucker,Talen,,DNP - Coach's Decision,,,,,,,,,,,,,,,,,,,,
22200503,1610612759,SAS,San Antonio,1629640,Keldon Johnson,Keldon,F,,36:15,9.0,14.0,0.643,0.0,2.0,0.0,3.0,4.0,0.75,0.0,3.0,3.0,5.0,2.0,0.0,2.0,3.0,21.0,0.0
22200503,1610612759,SAS,San Antonio,1631110,Jeremy Sochan,Jeremy,F,,31:09,3.0,8.0,0.375,0.0,0.0,0.0,0.0,0.0,0.0,1.0,4.0,5.0,3.0,1.0,0.0,2.0,1.0,6.0,-7.0
22200503,1610612759,SAS,San Antonio,1627751,Jakob Poeltl,Jakob,C,,24:11,6.0,6.0,1.0,0.0,0.0,0.0,4.0,5.0,0.8,2.0,7.0,9.0,2.0,2.0,4.0,1.0,2.0,16.0,14.0
22200503,1610612759,SAS,San Antonio,1630170,Devin Vassell,Devin,G,,34:50,8.0,22.0,0.364,2.0,7.0,0.286,6.0,9.0,0.667,0.0,6.0,6.0,8.0,2.0,2.0,2.0,3.0,24.0,14.0
22200503,1610612759,SAS,San Antonio,1630200,Tre Jones,Tre,G,,27:03,5.0,10.0,0.5,1.0,1.0,1.0,0.0,0.0,0.0,0.0,5.0,5.0,5.0,1.0,0.0,0.0,1.0,11.0,8.0
22200503,1610612759,SAS,San Antonio,203926,Doug McDermott,Doug,,,17:41,5.0,10.0,0.5,1.0,4.0,0.25,3.0,3.0,1.0,0.0,1.0,1.0,1.0,0.0,0.0,0.0,4.0,14.0,5.0
22200503,1610612759,SAS,San Antonio,1631103,Malaki Branham,Malaki,,,25:52,7.0,11.0,0.636,2.0,4.0,0.5,4.0,4.0,1.0,1.0,1.0,2.0,2.0,1.0,0.0,2.0,2.0,20.0,-13.0
22200503,1610612759,SAS,San Antonio,1628380,Zach Collins,Zach,,,23:14,4.0,4.0,1.0,0.0,0.0,0.0,2.0,6.0,0.333,2.0,5.0,7.0,0.0,0.0,1.0,2.0,6.0,10.0,-8.0
22200503,1610612759,SAS,San Antonio,1626169,Stanley Johnson,Stanley,,,14:10,1.0,2.0,0.5,0.0,0.0,0.0,1.0,1.0,1.0,0.0,2.0,2.0,1.0,2.0,1.0,3.0,2.0,3.0,3.0
22200503,1610612759,SAS,San Antonio,1628966,Keita Bates-Diop,Keita,,,5:35,0.0,0.0,0.0,0.0,0.0,0.0,1.0,2.0,0.5,0.0,1.0,1.0,0.0,0.0,0.0,0.0,1.0,1.0,4.0
22200503,1610612759,SAS,San Antonio,1629646,Charles Bassey,Charles,,DNP - Coach's Decision,,,,,,,,,,,,,,,,,,,,
22200503,1610612759,SAS,San Antonio,203476,Gorgui Dieng,Gorgui,,DNP - Coach's Decision,,,,,,,,,,,,,,,,,,,,
22200503,1610612759,SAS,San Antonio,1629641,Romeo Langford,Romeo,,DNP - Coach's Decision,,,,,,,,,,,,,,,,,,,,
22200503,1610612759,SAS,San Antonio,1626196,Josh Richardson,Josh,,DNP - Coach's Decision,,,,,,,,,,,,,,,,,,,,
22200503,1610612759,SAS,San Antonio,1629676,Isaiah Roby,Isaiah,,DNP - Coach's Decision,,,,,,,,,,,,,,,,,,,,
22200498,1610612751,BKN,Brooklyn,201142,Kevin Durant,Kevin,F,,36:27,10.0,18.0,0.556,5.0,8.0,0.625,7.0,8.0,0.875,1.0,8.0,9.0,5.0,0.0,0.0,4.0,6.0,32.0,10.0
22200498,1610612751,BKN,Brooklyn,1626220,Royce O'Neale,Royce,F,,36:13,4.0,6.0,0.667,2.0,3.0,0.667,0.0,0.0,0.0,0.0,3.0,3.0,4.0,0.0,1.0,1.0,4.0,10.0,15.0
22200498,1610612751,BKN,Brooklyn,1629651,Nic Claxton,Nic,C,,30:06,5.0,9.0,0.556,0.0,0.0,0.0,0.0,0.0,0.0,1.0,3.0,4.0,0.0,1.0,2.0,1.0,2.0,10.0,-16.0
22200498,1610612751,BKN,Brooklyn,202681,Kyrie Irving,Kyrie,G,,39:29,11.0,19.0,0.579,7.0,11.0,0.636,3.0,4.0,0.75,0.0,4.0,4.0,5.0,0.0,0.0,3.0,3.0,32.0,18.0
22200498,1610612751,BKN,Brooklyn,1627732,Ben Simmons,Ben,G,,34:22,2.0,5.0,0.4,0.0,0.0,0.0,0.0,2.0,0.0,3.0,6.0,9.0,8.0,3.0,1.0,3.0,3.0,4.0,21.0
22200498,1610612751,BKN,Brooklyn,203933,T.J. Warren,T.J.,,,27:15,9.0,14.0,0.643,2.0,4.0,0.5,3.0,3.0,1.0,2.0,6.0,8.0,2.0,2.0,0.0,1.0,2.0,23.0,16.0
22200498,1610612751,BKN,Brooklyn,1628410,Edmond Sumner,Edmond,,,10:46,2.0,5.0,0.4,0.0,1.0,0.0,0.0,0.0,0.0,0.0,1.0,1.0,2.0,1.0,0.0,1.0,3.0,4.0,-11.0
22200498,1610612751,BKN,Brooklyn,1629139,Yuta Watanabe,Yuta,,,19:37,4.0,5.0,0.8,2.0,3.0,0.667,0.0,0.0,0.0,0.0,0.0,0.0,1.0,0.0,0.0,0.0,2.0,10.0,-5.0
22200498,1610612751,BKN,Brooklyn,201988,Patty Mills,Patty,,,5:45,0.0,1.0,0.0,0.0,0.0,0.0,0.0,0.0,0.0,0.0,0.0,0.0,0.0,0.0,0.0,1.0,0.0,0.0,-8.0
22200498,1610612751,BKN,Brooklyn,202693,Markieff Morris,Markieff,,DNP - Coach's Decision,,,,,,,,,,,,,,,,,,,,
22200498,1610612751,BKN,Brooklyn,1630560,Cam Thomas,Cam,,DNP - Coach's Decision,,,,,,,,,,,,,,,,,,,,
22200498,1610612739,CLE,Cleveland,1630205,Lamar Stevens,Lamar,F,,22:41,2.0,7.0,0.286,2.0,4.0,0.5,0.0,0.0,0.0,1.0,0.0,1.0,1.0,1.0,0.0,3.0,0.0,6.0,-13.0
22200498,1610612739,CLE,Cleveland,1630596,Evan Mobley,Evan,F,,38:59,5.0,11.0,0.455,0.0,3.0,0.0,2.0,2.0,1.0,0.0,6.0,6.0,2.0,1.0,1.0,3.0,3.0,12.0,-6.0
22200498,1610612739,CLE,Cleveland,1628386,Jarrett Allen,Jarrett,C,,31:59,2.0,5.0,0.4,0.0,1.0,0.0,6.0,8.0,0.75,4.0,7.0,11.0,1.0,1.0,1.0,2.0,0.0,10.0,-14.0
22200498,1610612739,CLE,Cleveland,1628378,Donovan Mitchell,Donovan,G,,34:17,5.0,16.0,0.313,3.0,9.0,0.333,2.0,2.0,1.0,1.0,2.0,3.0,5.0,1.0,1.0,1.0,2.0,15.0,-13.0
22200498,1610612739,CLE,Cleveland,1629636,Darius Garland,Darius,G,,39:42,14.0,20.0,0.7,5.0,7.0,0.714,13.0,15.0,0.867,1.0,2.0,3.0,8.0,1.0,0.0,1.0,1.0,46.0,6.0
22200498,1610612739,CLE,Cleveland,1627747,Caris LeVert,Caris,,,19:40,2.0,5.0,0.4,1.0,2.0,0.5,3.0,3.0,1.0,0.0,1.0,1.0,0.0,2.0,0.0,1.0,3.0,8.0,-8.0
22200498,1610612739,CLE,Cleveland,201567,Kevin Love,Kevin,,,13:19,3.0,4.0,0.75,1.0,2.0,0.5,0.0,0.0,0.0,3.0,5.0,8.0,1.0,0.0,0.0,1.0,0.0,7.0,2.0
22200498,1610612739,CLE,Cleveland,1626224,Cedi Osman,Cedi,,,29:51,5.0,10.0,0.5,1.0,6.0,0.167,0.0,0.0,0.0,0.0,0.0,0.0,2.0,1.0,0.0,0.0,5.0,11.0,10.0
22200498,1610612739,CLE,Cleveland,1630171,Isaac Okoro,Isaac,,,9:32,1.0,4.0,0.25,0.0,2.0,0.0,0.0,0.0,0.0,0.0,0.0,0.0,1.0,0.0,0.0,0.0,0.0,2.0,-4.0
22200498,1610612739,CLE,Cleveland,1629603,Mamadi Diakite,Mamadi,,DNP - Coach's Decision,,,,,,,,,,,,,,,,,,,,
22200498,1610612739,CLE,Cleveland,203526,Raul Neto,Raul,,DNP - Coach's Decision,,,,,,,,,,,,,,,,,,,,
22200502,1610612754,IND,Indiana,1627741,Buddy Hield,Buddy,F,,23:05,4.0,10.0,0.4,4.0,7.0,0.571,0.0,0.0,0.0,0.0,3.0,3.0,1.0,1.0,0.0,0.0,0.0,12.0,-10.0
22200502,1610612754,IND,Indiana,1630174,Aaron Nesmith,Aaron,F,,22:10,5.0,12.0,0.417,0.0,4.0,0.0,0.0,0.0,0.0,2.0,3.0,5.0,2.0,0.0,0.0,1.0,1.0,10.0,3.0
22200502,1610612754,IND,Indiana,1626167,Myles Turner,Myles,C,,25:28,5.0,8.0,0.625,2.0,5.0,0.4,2.0,4.0,0.5,0.0,8.0,8.0,0.0,1.0,2.0,1.0,2.0,14.0,-4.0
22200502,1610612754,IND,Indiana,1629614,Andrew Nembhard,Andrew,G,,22:25,2.0,4.0,0.5,1.0,2.0,0.5,0.0,0.0,0.0,0.0,5.0,5.0,2.0,1.0,0.0,3.0,2.0,5.0,-8.0
22200502,1610612754,IND,Indiana,1630169,Tyrese Haliburton,Tyrese,G,,31:01,4.0,12.0,0.333,1.0,5.0,0.2,3.0,3.0,1.0,0.0,1.0,1.0,6.0,2.0,1.0,3.0,1.0,12.0,-19.0
22200502,1610612754,IND,Indiana,1630188,Jalen Smith,Jalen,,,6:31,0.0,3.0,0.0,0.0,1.0,0.0,0.0,0.0,0.0,0.0,0.0,0.0,0.0,0.0,0.0,0.0,2.0,0.0,-22.0
22200502,1610612754,IND,Indiana,204456,T.J. McConnell,T.J.,,,14:37,1.0,1.0,1.0,0.0,0.0,0.0,0.0,1.0,0.0,0.0,4.0,4.0,6.0,1.0,0.0,1.0,1.0,2.0,-11.0
22200502,1610612754,IND,Indiana,1630537,Chris Duarte,Chris,,,21:35,2.0,9.0,0.222,0.0,4.0,0.0,0.0,0.0,0.0,1.0,1.0,2.0,3.0,1.0,0.0,2.0,1.0,4.0,-17.0
22200502,1610612754,IND,Indiana,1631097,Bennedict Mathurin,Bennedict,,,22:25,4.0,11.0,0.364,1.0,5.0,0.2,6.0,6.0,1.0,0.0,1.0,1.0,2.0,1.0,0.0,1.0,3.0,15.0,-13.0
22200502,1610612754,IND,Indiana,1629052,Oshae Brissett,Oshae,,,12:04,1.0,4.0,0.25,0.0,2.0,0.0,0.0,2.0,0.0,0.0,3.0,3.0,0.0,1.0,0.0,0.0,0.0,2.0,-1.0
22200502,1610612754,IND,Indiana,1630543,Isaiah Jackson,Isaiah,,,14:32,2.0,2.0,1.0,0.0,0.0,0.0,3.0,4.0,0.75,0.0,1.0,1.0,1.0,0.0,1.0,1.0,2.0,7.0,-14.0
22200502,1610612754,IND,Indiana,1629048,Goga Bitadze,Goga,,,10:56,2.0,2.0,1.0,0.0,0.0,0.0,0.0,0.0,0.0,1.0,0.0,1.0,0.0,0.0,0.0,0.0,2.0,4.0,8.0
22200502,1610612754,IND,Indiana,1630678,Terry Taylor,Terry,,,6:36,2.0,2.0,1.0,0.0,0.0,0.0,0.0,0.0,0.0,2.0,0.0,2.0,0.0,0.0,0.0,0.0,0.0,4.0,4.0
22200502,1610612754,IND,Indiana,201949,James Johnson,James,,,6:36,1.0,3.0,0.333,0.0,0.0,0.0,0.0,0.0,0.0,0.0,0.0,0.0,0.0,0.0,1.0,0.0,1.0,2.0,4.0
22200502,1610612740,NOP,New Orleans,1630230,Naji Marshall,Naji,F,,29:05,8.0,14.0,0.571,4.0,9.0,0.444,2.0,2.0,1.0,0.0,6.0,6.0,4.0,0.0,1.0,2.0,4.0,22.0,22.0
22200502,1610612740,NOP,New Orleans,1629637,Jaxson Hayes,Jaxson,F,,31:01,5.0,7.0,0.714,0.0,2.0,0.0,5.0,6.0,0.833,1.0,8.0,9.0,2.0,0.0,3.0,0.0,0.0,15.0,-6.0
22200502,1610612740,NOP,New Orleans,202685,Jonas Valančiūnas,Jonas,C,,28:40,10.0,18.0,0.556,0.0,3.0,0.0,0.0,0.0,0.0,6.0,6.0,12.0,5.0,1.0,1.0,3.0,3.0,20.0,4.0
22200502,1610612740,NOP,New Orleans,203468,CJ McCollum,CJ,G,,29:53,5.0,14.0,0.357,3.0,7.0,0.429,6.0,7.0,0.857,1.0,6.0,7.0,6.0,2.0,0.0,5.0,1.0,19.0,1.0
22200502,1610612740,NOP,New Orleans,1630631,Jose Alvarado,Jose,G,,29:38,3.0,11.0,0.273,1.0,8.0,0.125,1.0,2.0,0.5,2.0,2.0,4.0,3.0,3.0,0.0,3.0,1.0,8.0,0.0
22200502,1610612740,NOP,New Orleans,202066,Garrett Temple,Garrett,,,18:55,0.0,2.0,0.0,0.0,2.0,0.0,0.0,0.0,0.0,0.0,1.0,1.0,1.0,2.0,0.0,0.0,3.0,0.0,-2.0
22200502,1610612740,NOP,New Orleans,1628984,Devonte' Graham,Devonte',,,19:55,3.0,8.0,0.375,3.0,7.0,0.429,2.0,2.0,1.0,1.0,2.0,3.0,4.0,0.0,0.0,0.0,0.0,11.0,31.0
22200502,1610612740,NOP,New Orleans,1626204,Larry Nance Jr.,Larry,,,18:33,2.0,4.0,0.5,0.0,0.0,0.0,0.0,0.0,0.0,2.0,2.0,4.0,2.0,1.0,0.0,0.0,1.0,4.0,25.0
22200502,1610612740,NOP,New Orleans,1626195,Willy Hernangomez,Willy,,,17:47,2.0,5.0,0.4,0.0,0.0,0.0,3.0,5.0,0.6,3.0,4.0,7.0,2.0,0.0,1.0,1.0,3.0,7.0,17.0
22200502,1610612740,NOP,New Orleans,1630184,Kira Lewis Jr.,Kira,,,16:34,3.0,7.0,0.429,1.0,2.0,0.5,0.0,0.0,0.0,0.0,1.0,1.0,1.0,1.0,0.0,0.0,3.0,7.0,8.0
22200502,1610612740,NOP,New Orleans,1630700,Dyson Daniels,Dyson,,NWT - Injury/Illness,,,,,,,,,,,,,,,,,,,,
22200499,1610612746,LAC,LA,202694,Marcus Morris Sr.,Marcus,F,,27:32,5.0,10.0,0.5,3.0,7.0,0.429,3.0,4.0,0.75,1.0,5.0,6.0,1.0,0.0,0.0,1.0,1.0,16.0,-14.0
22200499,1610612746,LAC,LA,201587,Nicolas Batum,Nicolas,F,,31:24,2.0,8.0,0.25,2.0,6.0,0.333,1.0,2.0,0.5,1.0,5.0,6.0,0.0,2.0,2.0,1.0,1.0,7.0,23.0
22200499,1610612746,LAC,LA,1627826,Ivica Zubac,Ivica,C,,41:02,4.0,5.0,0.8,0.0,0.0,0.0,4.0,4.0,1.0,6.0,9.0,15.0,1.0,1.0,0.0,4.0,2.0,12.0,10.0
22200499,1610612746,LAC,LA,202331,Paul George,Paul,G,,37:31,9.0,19.0,0.474,2.0,7.0,0.286,12.0,14.0,0.857,0.0,4.0,4.0,11.0,3.0,1.0,3.0,3.0,32.0,-7.0
22200499,1610612746,LAC,LA,202704,Reggie Jackson,Reggie,G,,19:06,5.0,6.0,0.833,2.0,2.0,1.0,2.0,2.0,1.0,0.0,1.0,1.0,2.0,1.0,0.0,2.0,5.0,14.0,9.0
22200499,1610612746,LAC,LA,202322,John Wall,John,,,26:29,6.0,11.0,0.545,4.0,6.0,0.667,0.0,0.0,0.0,2.0,3.0,5.0,5.0,1.0,0.0,5.0,3.0,16.0,-26.0
22200499,1610612746,LAC,LA,1628379,Luke Kennard,Luke,,,32:26,6.0,12.0,0.5,4.0,8.0,0.5,2.0,2.0,1.0,0.0,5.0,5.0,1.0,1.0,0.0,0.0,2.0,18.0,9.0
22200499,1610612746,LAC,LA,1626181,Norman Powell,Norman,,,22:04,7.0,12.0,0.583,2.0,6.0,0.333,0.0,0.0,0.0,0.0,0.0,0.0,1.0,0.0,0.0,3.0,4.0,16.0,-1.0
22200499,1610612746,LAC,LA,1629611,Terance Mann,Terance,,,21:10,3.0,6.0,0.5,0.0,2.0,0.0,0.0,0.0,0.0,0.0,2.0,2.0,2.0,3.0,0.0,0.0,2.0,6.0,28.0
22200499,1610612746,LAC,LA,1629599,Amir Coffey,Amir,,,3:08,1.0,1.0,1.0,0.0,0.0,0.0,0.0,0.0,0.0,0.0,1.0,1.0,1.0,0.0,0.0,0.0,0.0,2.0,12.0
22200499,1610612746,LAC,LA,1629650,Moses Brown,Moses,,,3:08,1.0,1.0,1.0,0.0,0.0,0.0,1.0,1.0,1.0,0.0,3.0,3.0,0.0,1.0,0.0,0.0,1.0,3.0,12.0
22200499,1610612746,LAC,LA,203496,Robert Covington,Robert,,DNP - Coach's Decision,,,,,,,,,,,,,,,,,,,,
22200499,1610612765,DET,Detroit,202711,Bojan Bogdanović,Bojan,F,,39:27,7.0,20.0,0.35,1.0,6.0,0.167,8.0,9.0,0.889,0.0,3.0,3.0,3.0,2.0,1.0,5.0,3.0,23.0,-15.0
22200499,1610612765,DET,Detroit,1630191,Isaiah Stewart,Isaiah,F,,39:44,8.0,10.0,0.8,3.0,4.0,0.75,2.0,3.0,0.667,2.0,5.0,7.0,1.0,1.0,2.0,0.0,3.0,21.0,-18.0
22200499,1610612765,DET,Detroit,1631105,Jalen Duren,Jalen,C,,38:31,7.0,11.0,0.636,0.0,0.0,0.0,1.0,1.0,1.0,7.0,5.0,12.0,2.0,1.0,1.0,1.0,3.0,15.0,-16.0
22200499,1610612765,DET,Detroit,1631093,Jaden Ivey,Jaden,G,,30:24,4.0,11.0,0.364,2.0,3.0,0.667,5.0,6.0,0.833,2.0,1.0,3.0,8.0,1.0,0.0,3.0,4.0,15.0,-16.0
22200499,1610612765,DET,Detroit,1630165,Killian Hayes,Killian,G,,38:51,6.0,17.0,0.353,4.0,7.0,0.571,2.0,3.0,0.667,0.0,5.0,5.0,10.0,1.0,0.0,4.0,2.0,18.0,-9.0
22200499,1610612765,DET,Detroit,202692,Alec Burks,Alec,,,28:09,3.0,11.0,0.273,3.0,7.0,0.429,5.0,6.0,0.833,1.0,4.0,5.0,5.0,2.0,0.0,2.0,2.0,14.0,9.0
22200499,1610612765,DET,Detroit,1630180,Saddiq Bey,Saddiq,,,26:15,4.0,12.0,0.333,3.0,6.0,0.5,2.0,2.0,1.0,2.0,4.0,6.0,1.0,2.0,0.0,1.0,2.0,13.0,17.0
22200499,1610612765,DET,Detroit,1628995,Kevin Knox II,Kevin,,,7:11,0.0,1.0,0.0,0.0,1.0,0.0,0.0,0.0,0.0,0.0,1.0,1.0,0.0,0.0,0.0,0.0,1.0,0.0,-3.0
22200499,1610612765,DET,Detroit,1628977,Hamidou Diallo,Hamidou,,,16:28,5.0,7.0,0.714,0.0,0.0,0.0,2.0,4.0,0.5,2.0,1.0,3.0,2.0,0.0,0.0,1.0,3.0,12.0,-4.0
22200499,1610612765,DET,Detroit,202709,Cory Joseph,Cory,,DNP - Coach's Decision,,,,,,,,,,,,,,,,,,,,
22200499,1610612765,DET,Detroit,203585,Rodney McGruder,Rodney,,DNP - Coach's Decision,,,,,,,,,,,,,,,,,,,,
22200499,1610612765,DET,Detroit,203457,Nerlens Noel,Nerlens,,DNP - Coach's Decision,,,,,,,,,,,,,,,,,,,,
22200500,1610612750,MIN,Minnesota,1630162,Anthony Edwards,Anthony,F,,39:55,11.0,16.0,0.688,5.0,8.0,0.625,2.0,3.0,0.667,1.0,5.0,6.0,7.0,2.0,1.0,8.0,3.0,29.0,0.0
22200500,1610612750,MIN,Minnesota,1630183,Jaden McDaniels,Jaden,F,,29:49,6.0,9.0,0.667,2.0,3.0,0.667,2.0,2.0,1.0,2.0,2.0,4.0,3.0,1.0,1.0,2.0,2.0,16.0,0.0
22200500,1610612750,MIN,Minnesota,203497,Rudy Gobert,Rudy,C,,31:13,5.0,7.0,0.714,0.0,0.0,0.0,0.0,2.0,0.0,1.0,7.0,8.0,0.0,0.0,0.0,2.0,0.0,10.0,-14.0
22200500,1610612750,MIN,Minnesota,203085,Austin Rivers,Austin,G,,32:15,4.0,8.0,0.5,1.0,3.0,0.333,1.0,1.0,1.0,0.0,5.0,5.0,4.0,1.0,0.0,1.0,1.0,10.0,8.0
22200500,1610612750,MIN,Minnesota,1626156,D'Angelo Russell,D'Angelo,G,,36:14,5.0,11.0,0.455,3.0,8.0,0.375,0.0,0.0,0.0,0.0,3.0,3.0,8.0,0.0,0.0,6.0,2.0,13.0,-2.0
22200500,1610612750,MIN,Minnesota,1629675,Naz Reid,Naz,,,29:15,8.0,15.0,0.533,1.0,4.0,0.25,4.0,5.0,0.8,2.0,9.0,11.0,2.0,0.0,1.0,3.0,1.0,21.0,13.0
22200500,1610612750,MIN,Minnesota,1629669,Jaylen Nowell,Jaylen,,,20:27,2.0,7.0,0.286,1.0,2.0,0.5,0.0,1.0,0.0,2.0,1.0,3.0,6.0,0.0,0.0,0.0,3.0,5.0,-7.0
22200500,1610612750,MIN,Minnesota,1627854,Bryn Forbes,Bryn,,,6:56,0.0,2.0,0.0,0.0,2.0,0.0,0.0,0.0,0.0,0.0,1.0,1.0,0.0,0.0,0.0,0.0,1.0,0.0,-9.0
22200500,1610612750,MIN,Minnesota,1630346,Matt Ryan,Matt,,,13:57,2.0,4.0,0.5,2.0,4.0,0.5,0.0,0.0,0.0,0.0,3.0,3.0,1.0,0.0,0.0,0.0,1.0,6.0,-4.0
22200500,1610612750,MIN,Minnesota,1630568,Luka Garza,Luka,,DNP - Coach's Decision,,,,,,,,,,,,,,,,,,,,
22200500,1610612750,MIN,Minnesota,1630233,Nathan Knight,Nathan,,DNP - Coach's Decision,,,,,,,,,,,,,,,,,,,,
22200500,1610612750,MIN,Minnesota,1631169,Josh Minott,Josh,,DNP - Coach's Decision,,,,,,,,,,,,,,,,,,,,
22200500,1610612750,MIN,Minnesota,1631111,Wendell Moore Jr.,Wendell,,DNP - Coach's Decision,,,,,,,,,,,,,,,,,,,,
22200500,1610612748,MIA,Miami,1629622,Max Strus,Max,F,,24:40,7.0,12.0,0.583,5.0,10.0,0.5,0.0,0.0,0.0,0.0,3.0,3.0,0.0,0.0,0.0,0.0,1.0,19.0,-3.0
22200500,1610612748,MIA,Miami,1628997,Caleb Martin,Caleb,F,,28:15,3.0,12.0,0.25,1.0,6.0,0.167,1.0,2.0,0.5,3.0,5.0,8.0,1.0,0.0,0.0,1.0,0.0,8.0,-3.0
22200500,1610612748,MIA,Miami,1631107,Nikola Jović,Nikola,C,,18:57,4.0,8.0,0.5,1.0,4.0,0.25,0.0,0.0,0.0,1.0,2.0,3.0,0.0,0.0,1.0,0.0,4.0,9.0,-2.0
22200500,1610612748,MIA,Miami,1629639,Tyler Herro,Tyler,G,,34:30,7.0,19.0,0.368,0.0,8.0,0.0,0.0,0.0,0.0,0.0,2.0,2.0,8.0,3.0,0.0,3.0,1.0,14.0,-3.0
22200500,1610612748,MIA,Miami,200768,Kyle Lowry,Kyle,G,,33:36,8.0,16.0,0.5,2.0,6.0,0.333,0.0,0.0,0.0,1.0,4.0,5.0,9.0,1.0,0.0,0.0,3.0,18.0,5.0
22200500,1610612748,MIA,Miami,203506,Victor Oladipo,Victor,,,19:26,2.0,6.0,0.333,0.0,3.0,0.0,3.0,3.0,1.0,0.0,2.0,2.0,4.0,2.0,0.0,2.0,0.0,7.0,5.0
22200500,1610612748,MIA,Miami,1629312,Haywood Highsmith,Haywood,,,22:03,1.0,4.0,0.25,0.0,3.0,0.0,1.0,2.0,0.5,0.0,2.0,2.0,1.0,0.0,1.0,2.0,1.0,3.0,7.0
22200500,1610612748,MIA,Miami,1631115,Orlando Robinson,Orlando,,,26:45,7.0,9.0,0.778,0.0,0.0,0.0,1.0,1.0,1.0,7.0,2.0,9.0,4.0,1.0,1.0,1.0,5.0,15.0,4.0
22200500,1610612748,MIA,Miami,1629130,Duncan Robinson,Duncan,,,14:03,3.0,5.0,0.6,3.0,5.0,0.6,0.0,0.0,0.0,0.0,4.0,4.0,0.0,1.0,0.0,0.0,0.0,9.0,9.0
22200500,1610612748,MIA,Miami,1629216,Gabe Vincent,Gabe,,,17:46,5.0,11.0,0.455,1.0,4.0,0.25,0.0,0.0,0.0,1.0,1.0,2.0,0.0,1.0,0.0,0.0,2.0,11.0,-4.0
22200500,1610612748,MIA,Miami,1631288,Jamal Cain,Jamal,,DNP - Coach's Decision,,,,,,,,,,,,,,,,,,,,
22200500,1610612748,MIA,Miami,2617,Udonis Haslem,Udonis,,DNP - Coach's Decision,,,,,,,,,,,,,,,,,,,,
22200501,1610612745,HOU,Houston,201569,Eric Gordon,Eric,F,,35:54,4.0,11.0,0.364,1.0,6.0,0.167,3.0,4.0,0.75,0.0,2.0,2.0,3.0,0.0,0.0,1.0,0.0,12.0,22.0
22200501,1610612745,HOU,Houston,1631095,Jabari Smith Jr.,Jabari,F,,30:48,6.0,14.0,0.429,1.0,6.0,0.167,0.0,0.0,0.0,3.0,5.0,8.0,2.0,2.0,2.0,1.0,1.0,13.0,15.0
22200501,1610612745,HOU,Houston,1630578,Alperen Sengun,Alperen,C,,32:19,10.0,12.0,0.833,1.0,1.0,1.0,4.0,4.0,1.0,1.0,10.0,11.0,6.0,1.0,2.0,4.0,3.0,25.0,24.0
22200501,1610612745,HOU,Houston,1630224,Jalen Green,Jalen,G,,35:10,9.0,15.0,0.6,6.0,10.0,0.6,0.0,2.0,0.0,0.0,6.0,6.0,3.0,1.0,0.0,0.0,1.0,24.0,16.0
22200501,1610612745,HOU,Houston,1629645,Kevin Porter Jr.,Kevin,G,,39:20,14.0,22.0,0.636,6.0,12.0,0.5,2.0,4.0,0.5,3.0,4.0,7.0,9.0,0.0,0.0,2.0,2.0,36.0,13.0
22200501,1610612745,HOU,Houston,1630586,Usman Garuba,Usman,,,9:35,1.0,2.0,0.5,1.0,1.0,1.0,0.0,0.0,0.0,0.0,3.0,3.0,0.0,0.0,0.0,1.0,1.0,3.0,-6.0
22200501,1610612745,HOU,Houston,1631106,Tari Eason,Tari,,,17:12,2.0,3.0,0.667,1.0,2.0,0.5,4.0,4.0,1.0,1.0,1.0,2.0,1.0,1.0,1.0,0.0,2.0,9.0,0.0
22200501,1610612745,HOU,Houston,1630231,KJ Martin,KJ,,,21:32,4.0,8.0,0.5,0.0,4.0,0.0,2.0,2.0,1.0,0.0,3.0,3.0,0.0,0.0,0.0,1.0,2.0,10.0,-10.0
22200501,1610612745,HOU,Houston,1631102,TyTy Washington Jr.,TyTy,,,7:34,0.0,3.0,0.0,0.0,2.0,0.0,0.0,0.0,0.0,0.0,1.0,1.0,2.0,2.0,0.0,1.0,0.0,0.0,-2.0
22200501,1610612745,HOU,Houston,1628981,Bruno Fernando,Bruno,,,6:06,0.0,0.0,0.0,0.0,0.0,0.0,1.0,2.0,0.5,0.0,2.0,2.0,1.0,0.0,0.0,1.0,2.0,1.0,-3.0
22200501,1610612745,HOU,Houston,1629726,Garrison Mathews,Garrison,,,4:30,0.0,0.0,0.0,0.0,0.0,0.0,0.0,0.0,0.0,0.0,0.0,0.0,1.0,0.0,0.0,0.0,1.0,0.0,6.0
22200501,1610612745,HOU,Houston,1630528,Josh Christopher,Josh,,DNP - Coach's Decision,,,,,,,,,,,,,,,,,,,,
22200501,1610612745,HOU,Houston,1630620,Darius Days,Darius,,DNP - Coach's Decision,,,,,,,,,,,,,,,,,,,,
22200501,1610612745,HOU,Houston,1626246,Boban Marjanović,Boban,,DNP - Coach's Decision,,,,,,,,,,,,,,,,,,,,
22200501,1610612745,HOU,Houston,1630227,Daishen Nix,Daishen,,DNP - Coach's Decision,,,,,,,,,,,,,,,,,,,,
22200501,1610612741,CHI,Chicago,201942,DeMar DeRozan,DeMar,F,,40:57,11.0,18.0,0.611,0.0,0.0,0.0,9.0,10.0,0.9,1.0,4.0,5.0,9.0,1.0,0.0,2.0,3.0,31.0,-17.0
22200501,1610612741,CHI,Chicago,1630172,Patrick Williams,Patrick,F,,39:32,5.0,10.0,0.5,2.0,6.0,0.333,0.0,0.0,0.0,0.0,7.0,7.0,2.0,1.0,2.0,0.0,1.0,12.0,-16.0
22200501,1610612741,CHI,Chicago,202696,Nikola Vučević,Nikola,C,,29:50,4.0,13.0,0.308,1.0,5.0,0.2,1.0,2.0,0.5,0.0,3.0,3.0,4.0,0.0,0.0,2.0,3.0,10.0,-13.0
22200501,1610612741,CHI,Chicago,203897,Zach LaVine,Zach,G,,36:01,9.0,19.0,0.474,2.0,6.0,0.333,2.0,5.0,0.4,0.0,3.0,3.0,5.0,0.0,0.0,0.0,1.0,22.0,-20.0
22200501,1610612741,CHI,Chicago,1630245,Ayo Dosunmu,Ayo,G,,23:03,3.0,7.0,0.429,2.0,4.0,0.5,1.0,2.0,0.5,2.0,1.0,3.0,1.0,1.0,0.0,2.0,4.0,9.0,-15.0
22200501,1610612741,CHI,Chicago,1629632,Coby White,Coby,,,28:53,5.0,9.0,0.556,4.0,8.0,0.5,0.0,0.0,0.0,1.0,2.0,3.0,4.0,2.0,0.0,0.0,3.0,14.0,17.0
22200501,1610612741,CHI,Chicago,201609,Goran Dragic,Goran,,,17:04,5.0,11.0,0.455,2.0,6.0,0.333,0.0,0.0,0.0,0.0,1.0,1.0,0.0,0.0,0.0,1.0,2.0,12.0,-7.0
22200501,1610612741,CHI,Chicago,203083,Andre Drummond,Andre,,,18:10,3.0,5.0,0.6,0.0,0.0,0.0,2.0,2.0,1.0,4.0,5.0,9.0,2.0,1.0,0.0,1.0,2.0,8.0,-2.0
22200501,1610612741,CHI,Chicago,1631207,Dalen Terry,Dalen,,,6:30,0.0,0.0,0.0,0.0,0.0,0.0,0.0,0.0,0.0,0.0,1.0,1.0,0.0,0.0,0.0,0.0,0.0,0.0,-2.0
22200501,1610612741,CHI,Chicago,1628396,Tony Bradley,Tony,,DNP - Coach's Decision,,,,,,,,,,,,,,,,,,,,
22200501,1610612741,CHI,Chicago,1630792,Malcolm Hill,Malcolm,,DNP - Coach's Decision,,,,,,,,,,,,,,,,,,,,
22200501,1610612741,CHI,Chicago,1630637,Carlik Jones,Carlik,,DNP - Coach's Decision,,,,,,,,,,,,,,,,,,,,
22200501,1610612741,CHI,Chicago,1630250,Marko Simonovic,Marko,,DNP - Coach's Decision,,,,,,,,,,,,,,,,,,,,
22200504,1610612766,CHA,Charlotte,202330,Gordon Hayward,Gordon,F,,35:14,4.0,14.0,0.286,0.0,4.0,0.0,2.0,2.0,1.0,2.0,3.0,5.0,2.0,2.0,0.0,0.0,0.0,10.0,-4.0
22200504,1610612766,CHA,Charlotte,1629023,P.J. Washington,P.J.,F,,32:32,9.0,13.0,0.692,4.0,5.0,0.8,0.0,0.0,0.0,0.0,6.0,6.0,1.0,0.0,3.0,1.0,2.0,22.0,-9.0
22200504,1610612766,CHA,Charlotte,203486,Mason Plumlee,Mason,C,,27:10,5.0,7.0,0.714,0.0,0.0,0.0,4.0,5.0,0.8,6.0,2.0,8.0,2.0,1.0,0.0,0.0,1.0,14.0,-20.0
22200504,1610612766,CHA,Charlotte,1626179,Terry Rozier,Terry,G,,36:50,2.0,17.0,0.118,1.0,7.0,0.143,2.0,2.0,1.0,1.0,3.0,4.0,6.0,0.0,0.0,2.0,1.0,7.0,-26.0
22200504,1610612766,CHA,Charlotte,1630163,LaMelo Ball,LaMelo,G,,35:35,10.0,26.0,0.385,4.0,10.0,0.4,3.0,4.0,0.75,3.0,4.0,7.0,7.0,2.0,0.0,3.0,6.0,27.0,-16.0
22200504,1610612766,CHA,Charlotte,1626162,Kelly Oubre Jr.,Kelly,,,33:17,5.0,15.0,0.333,2.0,8.0,0.25,3.0,6.0,0.5,3.0,2.0,5.0,1.0,0.0,0.0,2.0,3.0,15.0,8.0
22200504,1610612766,CHA,Charlotte,1629667,Jalen McDaniels,Jalen,,,15:28,3.0,7.0,0.429,1.0,2.0,0.5,0.0,0.0,0.0,1.0,1.0,2.0,1.0,1.0,0.0,2.0,2.0,7.0,-2.0
22200504,1610612766,CHA,Charlotte,1631109,Mark Williams,Mark,,,15:46,3.0,4.0,0.75,0.0,0.0,0.0,3.0,4.0,0.75,1.0,5.0,6.0,1.0,2.0,0.0,0.0,5.0,9.0,7.0
22200504,1610612766,CHA,Charlotte,1630177,Theo Maledon,Theo,,,8:08,0.0,0.0,0.0,0.0,0.0,0.0,2.0,2.0,1.0,1.0,1.0,2.0,4.0,0.0,0.0,2.0,1.0,2.0,7.0
22200504,1610612766,CHA,Charlotte,1630547,James Bouknight,James,,DNP - Coach's Decision,,,,,,,,,,,,,,,,,,,,
22200504,1610612766,CHA,Charlotte,1630539,Kai Jones,Kai,,DNP - Coach's Decision,,,,,,,,,,,,,,,,,,,,
22200504,1610612766,CHA,Charlotte,1630550,JT Thor,JT,,DNP - Coach's Decision,,,,,,,,,,,,,,,,,,,,
22200504,1610612757,POR,Portland,1628404,Josh Hart,Josh,F,,37:58,4.0,8.0,0.5,0.0,2.0,0.0,3.0,3.0,1.0,0.0,13.0,13.0,3.0,1.0,0.0,1.0,3.0,11.0,18.0
22200504,1610612757,POR,Portland,203924,Jerami Grant,Jerami,F,,36:41,12.0,19.0,0.632,4.0,6.0,0.667,4.0,4.0,1.0,4.0,6.0,10.0,5.0,1.0,2.0,1.0,3.0,32.0,12.0
22200504,1610612757,POR,Portland,203994,Jusuf Nurkić,Jusuf,C,,35:38,8.0,12.0,0.667,5.0,7.0,0.714,7.0,10.0,0.7,2.0,13.0,15.0,6.0,2.0,3.0,4.0,4.0,28.0,20.0
22200504,1610612757,POR,Portland,1629014,Anfernee Simons,Anfernee,G,,38:33,6.0,15.0,0.4,3.0,8.0,0.375,3.0,3.0,1.0,0.0,2.0,2.0,2.0,1.0,0.0,1.0,1.0,18.0,4.0
22200504,1610612757,POR,Portland,203081,Damian Lillard,Damian,G,,37:47,5.0,18.0,0.278,1.0,10.0,0.1,6.0,6.0,1.0,1.0,2.0,3.0,9.0,0.0,2.0,5.0,2.0,17.0,21.0
22200504,1610612757,POR,Portland,1630553,Keon Johnson,Keon,,,18:04,4.0,10.0,0.4,0.0,4.0,0.0,0.0,0.0,0.0,1.0,0.0,1.0,1.0,2.0,1.0,3.0,2.0,8.0,-4.0
22200504,1610612757,POR,Portland,1630570,Trendon Watford,Trendon,,,15:36,1.0,1.0,1.0,0.0,0.0,0.0,0.0,0.0,0.0,0.0,2.0,2.0,1.0,1.0,0.0,0.0,4.0,2.0,1.0
22200504,1610612757,POR,Portland,1629234,Drew Eubanks,Drew,,,11:57,3.0,3.0,1.0,1.0,1.0,1.0,1.0,2.0,0.5,2.0,1.0,3.0,1.0,0.0,1.0,0.0,1.0,8.0,-9.0
22200504,1610612757,POR,Portland,1631101,Shaedon Sharpe,Shaedon,,,6:56,0.0,0.0,0.0,0.0,0.0,0.0,0.0,0.0,0.0,0.0,1.0,1.0,0.0,0.0,0.0,0.0,0.0,0.0,-8.0
22200504,1610612757,POR,Portland,1630535,Greg Brown III,Greg,,,0:25,0.0,0.0,0.0,0.0,0.0,0.0,0.0,0.0,0.0,0.0,0.0,0.0,0.0,0.0,0.0,0.0,0.0,0.0,0.0
22200504,1610612757,POR,Portland,1631133,Jabari Walker,Jabari,,,0:25,0.0,0.0,0.0,0.0,0.0,0.0,0.0,0.0,0.0,0.0,0.0,0.0,0.0,0.0,0.0,0.0,0.0,0.0,0.0
22200504,1610612757,POR,Portland,1627780,Gary Payton II,Gary,,NWT-Return to Competition Reconditioning,,,,,,,,,,,,,,,,,,,,
22200496,1610612763,MEM,Memphis,1628415,Dillon Brooks,Dillon,F,,30:15,4.0,12.0,0.333,1.0,6.0,0.167,4.0,5.0,0.8,0.0,3.0,3.0,1.0,0.0,0.0,5.0,5.0,13.0,-3.0
22200496,1610612763,MEM,Memphis,1628991,Jaren Jackson Jr.,Jaren,F,,20:39,5.0,7.0,0.714,1.0,2.0,0.5,0.0,0.0,0.0,1.0,1.0,2.0,0.0,1.0,2.0,1.0,5.0,11.0,-3.0
22200496,1610612763,MEM,Memphis,203500,Steven Adams,Steven,C,,21:12,2.0,6.0,0.333,0.0,0.0,0.0,2.0,2.0,1.0,7.0,7.0,14.0,1.0,0.0,1.0,0.0,2.0,6.0,2.0
22200496,1610612763,MEM,Memphis,1630217,Desmond Bane,Desmond,G,,24:25,2.0,13.0,0.154,0.0,7.0,0.0,5.0,6.0,0.833,0.0,3.0,3.0,0.0,0.0,1.0,0.0,3.0,9.0,-14.0
22200496,1610612763,MEM,Memphis,1629630,Ja Morant,Ja,G,,40:54,15.0,29.0,0.517,2.0,10.0,0.2,4.0,7.0,0.571,0.0,7.0,7.0,8.0,1.0,0.0,6.0,1.0,36.0,-7.0
22200496,1610612763,MEM,Memphis,1629723,John Konchar,John,,,20:09,0.0,6.0,0.0,0.0,3.0,0.0,0.0,0.0,0.0,0.0,2.0,2.0,1.0,1.0,1.0,0.0,1.0,0.0,0.0
22200496,1610612763,MEM,Memphis,1630583,Santi Aldama,Santi,,,20:47,3.0,7.0,0.429,3.0,6.0,0.5,0.0,2.0,0.0,0.0,2.0,2.0,2.0,0.0,1.0,1.0,2.0,9.0,-8.0
22200496,1610612763,MEM,Memphis,1629634,Brandon Clarke,Brandon,,,26:48,4.0,5.0,0.8,0.0,0.0,0.0,1.0,2.0,0.5,1.0,6.0,7.0,1.0,1.0,0.0,0.0,1.0,9.0,-16.0
22200496,1610612763,MEM,Memphis,1626145,Tyus Jones,Tyus,,,20:10,3.0,4.0,0.75,1.0,1.0,1.0,6.0,6.0,1.0,0.0,1.0,1.0,5.0,1.0,0.0,0.0,1.0,13.0,-7.0
22200496,1610612763,MEM,Memphis,1630533,Ziaire Williams,Ziaire,,,14:41,1.0,5.0,0.2,1.0,4.0,0.25,0.0,0.0,0.0,0.0,3.0,3.0,0.0,0.0,0.0,0.0,2.0,3.0,-14.0
22200496,1610612763,MEM,Memphis,1631113,Kennedy Chandler,Kennedy,,DNP - Coach's Decision,,,,,,,,,,,,,,,,,,,,
22200496,1610612763,MEM,Memphis,1631222,Jake LaRavia,Jake,,DNP - Coach's Decision,,,,,,,,,,,,,,,,,,,,
22200496,1610612763,MEM,Memphis,1631223,David Roddy,David,,DNP - Coach's Decision,,,,,,,,,,,,,,,,,,,,
22200496,1610612763,MEM,Memphis,1630214,Xavier Tillman,Xavier,,DNP - Coach's Decision,,,,,,,,,,,,,,,,,,,,
22200496,1610612744,GSW,Golden State,1628978,Donte DiVincenzo,Donte,F,,31:29,7.0,12.0,0.583,5.0,9.0,0.556,0.0,0.0,0.0,0.0,3.0,3.0,3.0,1.0,0.0,0.0,2.0,19.0,-9.0
22200496,1610612744,GSW,Golden State,203110,Draymond Green,Draymond,F,,35:12,1.0,3.0,0.333,1.0,1.0,1.0,0.0,0.0,0.0,0.0,13.0,13.0,13.0,1.0,2.0,2.0,2.0,3.0,13.0
22200496,1610612744,GSW,Golden State,1626172,Kevon Looney,Kevon,C,,22:43,1.0,3.0,0.333,0.0,0.0,0.0,1.0,4.0,0.25,2.0,3.0,5.0,4.0,1.0,1.0,0.0,4.0,3.0,-3.0
22200496,1610612744,GSW,Golden State,202691,Klay Thompson,Klay,G,,39:47,8.0,25.0,0.32,3.0,12.0,0.25,5.0,5.0,1.0,4.0,5.0,9.0,4.0,0.0,0.0,0.0,3.0,24.0,14.0
22200496,1610612744,GSW,Golden State,1629673,Jordan Poole,Jordan,G,,29:12,11.0,25.0,0.44,3.0,10.0,0.3,7.0,8.0,0.875,0.0,3.0,3.0,2.0,0.0,0.0,5.0,1.0,32.0,6.0
22200496,1610612744,GSW,Golden State,1630164,James Wiseman,James,,,8:17,0.0,0.0,0.0,0.0,0.0,0.0,0.0,0.0,0.0,0.0,5.0,5.0,0.0,0.0,0.0,0.0,1.0,0.0,8.0
22200496,1610612744,GSW,Golden State,1630541,Moses Moody,Moses,,,17:21,4.0,7.0,0.571,1.0,3.0,0.333,1.0,1.0,1.0,0.0,2.0,2.0,0.0,0.0,0.0,0.0,1.0,10.0,2.0
22200496,1610612744,GSW,Golden State,1630228,Jonathan Kuminga,Jonathan,,,16:49,1.0,2.0,0.5,0.0,1.0,0.0,5.0,8.0,0.625,1.0,3.0,4.0,3.0,0.0,1.0,3.0,1.0,7.0,21.0
22200496,1610612744,GSW,Golden State,1629660,Ty Jerome,Ty,,,22:09,6.0,9.0,0.667,2.0,4.0,0.5,0.0,0.0,0.0,1.0,3.0,4.0,1.0,1.0,0.0,0.0,0.0,14.0,23.0
22200496,1610612744,GSW,Golden State,1630237,Anthony Lamb,Anthony,,,17:01,4.0,5.0,0.8,3.0,4.0,0.75,0.0,0.0,0.0,1.0,2.0,3.0,1.0,2.0,1.0,0.0,3.0,11.0,-5.0
22200496,1610612744,GSW,Golden State,1631116,Patrick Baldwin Jr.,Patrick,,DNP - Coach's Decision,,,,,,,,,,,,,,,,,,,,
22200496,1610612744,GSW,Golden State,1631157,Ryan Rollins,Ryan,,DNP - Coach's Decision,,,,,,,,,,,,,,,,,,,,
22200495,1610612749,MIL,Milwaukee,1626192,Pat Connaughton,Pat,F,,29:31,5.0,9.0,0.556,4.0,7.0,0.571,1.0,2.0,0.5,0.0,4.0,4.0,3.0,1.0,0.0,0.0,1.0,15.0,-6.0
22200495,1610612749,MIL,Milwaukee,203507,Giannis Antetokounmpo,Giannis,F,,35:20,9.0,22.0,0.409,1.0,5.0,0.2,8.0,12.0,0.667,1.0,8.0,9.0,3.0,0.0,0.0,3.0,3.0,27.0,-27.0
22200495,1610612749,MIL,Milwaukee,201572,Brook Lopez,Brook,C,,31:54,7.0,8.0,0.875,1.0,2.0,0.5,1.0,2.0,0.5,3.0,2.0,5.0,1.0,1.0,1.0,2.0,1.0,16.0,-3.0
22200495,1610612749,MIL,Milwaukee,1628960,Grayson Allen,Grayson,G,,29:08,3.0,7.0,0.429,0.0,3.0,0.0,2.0,2.0,1.0,1.0,2.0,3.0,1.0,1.0,0.0,2.0,1.0,8.0,-17.0
22200495,1610612749,MIL,Milwaukee,201950,Jrue Holiday,Jrue,G,,36:36,8.0,14.0,0.571,3.0,6.0,0.5,4.0,4.0,1.0,1.0,5.0,6.0,7.0,2.0,0.0,3.0,3.0,23.0,-19.0
22200495,1610612749,MIL,Milwaukee,1628975,Jevon Carter,Jevon,,,12:42,3.0,5.0,0.6,1.0,1.0,1.0,0.0,0.0,0.0,1.0,0.0,1.0,3.0,1.0,0.0,1.0,1.0,7.0,-3.0
22200495,1610612749,MIL,Milwaukee,202083,Wesley Matthews,Wesley,,,14:45,0.0,2.0,0.0,0.0,2.0,0.0,2.0,2.0,1.0,0.0,0.0,0.0,3.0,1.0,0.0,0.0,2.0,2.0,-8.0
22200495,1610612749,MIL,Milwaukee,1626171,Bobby Portis,Bobby,,,23:15,2.0,4.0,0.5,0.0,1.0,0.0,0.0,0.0,0.0,1.0,8.0,9.0,1.0,0.0,0.0,1.0,2.0,4.0,-6.0
22200495,1610612749,MIL,Milwaukee,204060,Joe Ingles,Joe,,,19:29,3.0,8.0,0.375,2.0,6.0,0.333,3.0,3.0,1.0,0.0,2.0,2.0,0.0,1.0,0.0,3.0,2.0,11.0,-12.0
22200495,1610612749,MIL,Milwaukee,1630572,Sandro Mamukelashvili,Sandro,,,3:41,0.0,2.0,0.0,0.0,1.0,0.0,0.0,0.0,0.0,0.0,0.0,0.0,0.0,0.0,0.0,0.0,0.0,0.0,-2.0
22200495,1610612749,MIL,Milwaukee,1630699,MarJon Beauchamp,MarJon,,,3:41,2.0,3.0,0.667,1.0,2.0,0.5,0.0,0.0,0.0,0.0,0.0,0.0,0.0,0.0,0.0,0.0,0.0,5.0,-2.0
22200495,1610612749,MIL,Milwaukee,203648,Thanasis Antetokounmpo,Thanasis,,DNP - Coach's Decision,,,,,,,,,,,,,,,,,,,,
22200495,1610612749,MIL,Milwaukee,201588,George Hill,George,,DNP - Coach's Decision,,,,,,,,,,,,,,,,,,,,
22200495,1610612749,MIL,Milwaukee,201586,Serge Ibaka,Serge,,DNP - Coach's Decision,,,,,,,,,,,,,,,,,,,,
22200495,1610612749,MIL,Milwaukee,1629670,Jordan Nwora,Jordan,,DNP - Coach's Decision,,,,,,,,,,,,,,,,,,,,
22200495,1610612738,BOS,Boston,1627759,Jaylen Brown,Jaylen,F,,37:27,11.0,19.0,0.579,5.0,9.0,0.556,2.0,6.0,0.333,0.0,5.0,5.0,4.0,1.0,0.0,4.0,3.0,29.0,11.0
22200495,1610612738,BOS,Boston,1628369,Jayson Tatum,Jayson,F,,35:58,14.0,22.0,0.636,3.0,7.0,0.429,10.0,10.0,1.0,0.0,7.0,7.0,5.0,3.0,0.0,1.0,3.0,41.0,18.0
22200495,1610612738,BOS,Boston,201143,Al Horford,Al,C,,29:52,4.0,7.0,0.571,3.0,6.0,0.5,0.0,0.0,0.0,0.0,4.0,4.0,1.0,0.0,0.0,0.0,1.0,11.0,7.0
22200495,1610612738,BOS,Boston,1628401,Derrick White,Derrick,G,,30:02,4.0,6.0,0.667,2.0,3.0,0.667,2.0,3.0,0.667,0.0,3.0,3.0,5.0,1.0,0.0,1.0,2.0,12.0,20.0
22200495,1610612738,BOS,Boston,203935,Marcus Smart,Marcus,G,,29:56,2.0,4.0,0.5,0.0,0.0,0.0,2.0,2.0,1.0,1.0,2.0,3.0,8.0,1.0,0.0,1.0,0.0,6.0,15.0
22200495,1610612738,BOS,Boston,1629684,Grant Williams,Grant,,,25:52,3.0,6.0,0.5,3.0,5.0,0.6,2.0,2.0,1.0,2.0,4.0,6.0,3.0,2.0,0.0,0.0,4.0,11.0,20.0
22200495,1610612738,BOS,Boston,1627763,Malcolm Brogdon,Malcolm,,,16:49,3.0,7.0,0.429,1.0,4.0,0.25,2.0,2.0,1.0,0.0,2.0,2.0,1.0,0.0,0.0,2.0,1.0,9.0,7.0
22200495,1610612738,BOS,Boston,1630573,Sam Hauser,Sam,,,7:11,2.0,4.0,0.5,2.0,4.0,0.5,0.0,0.0,0.0,0.0,2.0,2.0,1.0,0.0,0.0,0.0,0.0,6.0,3.0
22200495,1610612738,BOS,Boston,1629057,Robert Williams III,Robert,,,13:41,3.0,4.0,0.75,0.0,0.0,0.0,0.0,0.0,0.0,2.0,0.0,2.0,0.0,0.0,1.0,1.0,3.0,6.0,5.0
22200495,1610612738,BOS,Boston,201933,Blake Griffin,Blake,,,6:11,1.0,3.0,0.333,0.0,1.0,0.0,0.0,0.0,0.0,0.0,0.0,0.0,0.0,1.0,0.0,0.0,1.0,2.0,-5.0
22200495,1610612738,BOS,Boston,1628436,Luke Kornet,Luke,,,3:41,1.0,1.0,1.0,0.0,0.0,0.0,0.0,0.0,0.0,0.0,1.0,1.0,0.0,0.0,0.0,0.0,0.0,2.0,2.0
22200495,1610612738,BOS,Boston,1630202,Payton Pritchard,Payton,,,3:20,2.0,2.0,1.0,0.0,0.0,0.0,0.0,0.0,0.0,0.0,0.0,0.0,1.0,0.0,0.0,1.0,0.0,4.0,2.0
22200495,1610612738,BOS,Boston,1628382,Justin Jackson,Justin,,DNP - Coach's Decision,,,,,,,,,,,,,,,,,,,,
22200495,1610612738,BOS,Boston,1629662,Mfiondu Kabengele,Mfiondu,,DNP - Coach's Decision,,,,,,,,,,,,,,,,,,,,
22200495,1610612738,BOS,Boston,203943,Noah Vonleh,Noah,,DNP - Coach's Decision,,,,,,,,,,,,,,,,,,,,
22200493,1610612755,PHI,Philadelphia,202699,Tobias Harris,Tobias,F,,36:56,4.0,10.0,0.4,0.0,5.0,0.0,0.0,0.0,0.0,0.0,6.0,6.0,2.0,0.0,0.0,0.0,1.0,8.0,-5.0
22200493,1610612755,PHI,Philadelphia,200782,P.J. Tucker,P.J.,F,,23:56,2.0,2.0,1.0,1.0,1.0,1.0,1.0,1.0,1.0,0.0,1.0,1.0,1.0,0.0,0.0,0.0,2.0,6.0,0.0
22200493,1610612755,PHI,Philadelphia,203954,Joel Embiid,Joel,C,,33:54,12.0,22.0,0.545,1.0,2.0,0.5,10.0,15.0,0.667,3.0,5.0,8.0,1.0,0.0,0.0,3.0,3.0,35.0,-6.0
22200493,1610612755,PHI,Philadelphia,201935,James Harden,James,G,,43:21,7.0,16.0,0.438,5.0,11.0,0.455,10.0,11.0,0.909,0.0,4.0,4.0,13.0,4.0,1.0,1.0,3.0,29.0,10.0
22200493,1610612755,PHI,Philadelphia,1629001,De'Anthony Melton,De'Anthony,G,,27:06,5.0,8.0,0.625,5.0,7.0,0.714,0.0,0.0,0.0,1.0,2.0,3.0,1.0,1.0,0.0,1.0,5.0,15.0,-2.0
22200493,1610612755,PHI,Philadelphia,1627863,Danuel House Jr.,Danuel,,,10:28,0.0,1.0,0.0,0.0,1.0,0.0,0.0,0.0,0.0,0.0,1.0,1.0,1.0,0.0,0.0,0.0,1.0,0.0,0.0
22200493,1610612755,PHI,Philadelphia,1629003,Shake Milton,Shake,,,23:23,3.0,5.0,0.6,2.0,2.0,1.0,0.0,0.0,0.0,1.0,2.0,3.0,1.0,0.0,0.0,0.0,1.0,8.0,9.0
22200493,1610612755,PHI,Philadelphia,1627777,Georges Niang,Georges,,,22:56,6.0,11.0,0.545,4.0,9.0,0.444,0.0,0.0,0.0,0.0,2.0,2.0,0.0,0.0,1.0,1.0,3.0,16.0,17.0
22200493,1610612755,PHI,Philadelphia,1626149,Montrezl Harrell,Montrezl,,,14:06,0.0,2.0,0.0,0.0,1.0,0.0,2.0,2.0,1.0,0.0,4.0,4.0,1.0,0.0,0.0,0.0,0.0,2.0,13.0
22200493,1610612755,PHI,Philadelphia,1629680,Matisse Thybulle,Matisse,,,3:54,0.0,0.0,0.0,0.0,0.0,0.0,0.0,0.0,0.0,0.0,0.0,0.0,1.0,0.0,0.0,0.0,0.0,0.0,-1.0
22200493,1610612755,PHI,Philadelphia,1627788,Furkan Korkmaz,Furkan,,DNP - Coach's Decision,,,,,,,,,,,,,,,,,,,,
22200493,1610612755,PHI,Philadelphia,1630194,Paul Reed,Paul,,DNP - Coach's Decision,,,,,,,,,,,,,,,,,,,,
22200493,1610612755,PHI,Philadelphia,1630531,Jaden Springer,Jaden,,DNP - Coach's Decision,,,,,,,,,,,,,,,,,,,,
22200493,1610612752,NYK,New York,1629628,RJ Barrett,RJ,F,,42:56,6.0,21.0,0.286,2.0,6.0,0.333,3.0,4.0,0.75,0.0,10.0,10.0,4.0,0.0,0.0,2.0,3.0,17.0,-4.0
22200493,1610612752,NYK,New York,203944,Julius Randle,Julius,F,,40:07,12.0,24.0,0.5,4.0,9.0,0.444,7.0,7.0,1.0,1.0,7.0,8.0,4.0,2.0,1.0,1.0,1.0,35.0,5.0
22200493,1610612752,NYK,New York,1629011,Mitchell Robinson,Mitchell,C,,30:50,4.0,5.0,0.8,0.0,0.0,0.0,2.0,2.0,1.0,7.0,9.0,16.0,4.0,1.0,3.0,1.0,3.0,10.0,8.0
22200493,1610612752,NYK,New York,1628973,Jalen Brunson,Jalen,G,,35:12,10.0,19.0,0.526,2.0,5.0,0.4,1.0,2.0,0.5,0.0,3.0,3.0,11.0,0.0,0.0,1.0,2.0,23.0,-7.0
22200493,1610612752,NYK,New York,1629656,Quentin Grimes,Quentin,G,,38:44,4.0,9.0,0.444,2.0,7.0,0.286,0.0,0.0,0.0,2.0,1.0,3.0,6.0,1.0,1.0,1.0,4.0,10.0,-4.0
22200493,1610612752,NYK,New York,1630193,Immanuel Quickley,Immanuel,,,21:33,4.0,7.0,0.571,2.0,5.0,0.4,1.0,2.0,0.5,0.0,1.0,1.0,1.0,0.0,1.0,1.0,1.0,11.0,0.0
22200493,1610612752,NYK,New York,1628392,Isaiah Hartenstein,Isaiah,,,12:52,1.0,2.0,0.5,0.0,0.0,0.0,0.0,0.0,0.0,0.0,1.0,1.0,0.0,0.0,0.0,1.0,1.0,2.0,-11.0
22200493,1610612752,NYK,New York,1630540,Miles McBride,Miles,,,5:35,0.0,1.0,0.0,0.0,0.0,0.0,0.0,0.0,0.0,0.0,0.0,0.0,0.0,0.0,0.0,0.0,0.0,0.0,-6.0
22200493,1610612752,NYK,New York,1630579,Jericho Sims,Jericho,,,12:11,2.0,2.0,1.0,0.0,0.0,0.0,0.0,0.0,0.0,2.0,2.0,4.0,0.0,0.0,0.0,0.0,4.0,4.0,-16.0
22200493,1610612752,NYK,New York,1627853,Ryan Arcidiacono,Ryan,,DNP - Coach's Decision,,,,,,,,,,,,,,,,,,,,
22200493,1610612752,NYK,New York,203095,Evan Fournier,Evan,,DNP - Coach's Decision,,,,,,,,,,,,,,,,,,,,
22200493,1610612752,NYK,New York,1629004,Svi Mykhailiuk,Svi,,DNP - Coach's Decision,,,,,,,,,,,,,,,,,,,,
22200493,1610612752,NYK,New York,1629629,Cam Reddish,Cam,,DNP - Coach's Decision,,,,,,,,,,,,,,,,,,,,
22200493,1610612752,NYK,New York,201565,Derrick Rose,Derrick,,DNP - Coach's Decision,,,,,,,,,,,,,,,,,,,,
22200494,1610612747,LAL,Los Angeles,1629022,Lonnie Walker IV,Lonnie,F,,28:39,3.0,7.0,0.429,3.0,6.0,0.5,0.0,0.0,0.0,0.0,0.0,0.0,0.0,1.0,0.0,0.0,1.0,9.0,1.0
22200494,1610612747,LAL,Los Angeles,2544,LeBron James,LeBron,F,,34:20,13.0,23.0,0.565,0.0,4.0,0.0,12.0,12.0,1.0,0.0,6.0,6.0,5.0,0.0,0.0,2.0,2.0,38.0,2.0
22200494,1610612747,LAL,Los Angeles,1628418,Thomas Bryant,Thomas,C,,18:53,4.0,5.0,0.8,0.0,1.0,0.0,0.0,0.0,0.0,0.0,3.0,3.0,2.0,0.0,0.0,0.0,3.0,8.0,-6.0
22200494,1610612747,LAL,Los Angeles,201976,Patrick Beverley,Patrick,G,,32:26,2.0,5.0,0.4,1.0,3.0,0.333,3.0,3.0,1.0,1.0,2.0,3.0,3.0,1.0,0.0,0.0,5.0,8.0,-1.0
22200494,1610612747,LAL,Los Angeles,203471,Dennis Schröder,Dennis,G,,27:31,3.0,6.0,0.5,1.0,3.0,0.333,0.0,0.0,0.0,0.0,5.0,5.0,4.0,0.0,0.0,2.0,3.0,7.0,-4.0
22200494,1610612747,LAL,Los Angeles,201566,Russell Westbrook,Russell,,,24:13,7.0,16.0,0.438,2.0,5.0,0.4,1.0,2.0,0.5,0.0,5.0,5.0,4.0,0.0,0.0,0.0,3.0,17.0,-30.0
22200494,1610612747,LAL,Los Angeles,1630559,Austin Reaves,Austin,,,28:46,5.0,7.0,0.714,1.0,2.0,0.5,5.0,5.0,1.0,1.0,1.0,2.0,0.0,0.0,2.0,2.0,3.0,16.0,-15.0
22200494,1610612747,LAL,Los Angeles,1629117,Wenyen Gabriel,Wenyen,,,17:49,0.0,3.0,0.0,0.0,0.0,0.0,2.0,4.0,0.5,3.0,4.0,7.0,0.0,0.0,0.0,1.0,2.0,2.0,-10.0
22200494,1610612747,LAL,Los Angeles,1628972,Troy Brown Jr.,Troy,,,18:04,1.0,5.0,0.2,1.0,3.0,0.333,0.0,0.0,0.0,0.0,2.0,2.0,0.0,2.0,0.0,1.0,0.0,3.0,3.0
22200494,1610612747,LAL,Los Angeles,1631108,Max Christie,Max,,,4:37,0.0,1.0,0.0,0.0,1.0,0.0,2.0,2.0,1.0,0.0,1.0,1.0,0.0,0.0,0.0,0.0,1.0,2.0,1.0
22200494,1610612747,LAL,Los Angeles,1629134,Kendrick Nunn,Kendrick,,,2:32,1.0,2.0,0.5,0.0,0.0,0.0,0.0,0.0,0.0,0.0,0.0,0.0,0.0,0.0,0.0,0.0,0.0,2.0,7.0
22200494,1610612747,LAL,Los Angeles,1627745,Damian Jones,Damian,,,2:10,0.0,0.0,0.0,0.0,0.0,0.0,3.0,4.0,0.75,1.0,0.0,1.0,0.0,1.0,0.0,0.0,0.0,3.0,7.0
22200494,1610612742,DAL,Dallas,203501,Tim Hardaway Jr.,Tim,F,,38:49,10.0,19.0,0.526,6.0,14.0,0.429,0.0,0.0,0.0,0.0,6.0,6.0,1.0,0.0,0.0,0.0,2.0,26.0,21.0
22200494,1610612742,DAL,Dallas,203493,Reggie Bullock Jr.,Reggie,F,,34:35,5.0,8.0,0.625,4.0,7.0,0.571,0.0,0.0,0.0,1.0,2.0,3.0,4.0,0.0,1.0,2.0,2.0,14.0,-8.0
22200494,1610612742,DAL,Dallas,1626174,Christian Wood,Christian,C,,37:51,12.0,17.0,0.706,2.0,6.0,0.333,4.0,6.0,0.667,2.0,6.0,8.0,7.0,4.0,2.0,2.0,3.0,30.0,16.0
22200494,1610612742,DAL,Dallas,203915,Spencer Dinwiddie,Spencer,G,,40:26,2.0,10.0,0.2,2.0,6.0,0.333,2.0,2.0,1.0,1.0,1.0,2.0,8.0,0.0,0.0,1.0,3.0,8.0,8.0
22200494,1610612742,DAL,Dallas,1629029,Luka Dončić,Luka,G,,39:18,9.0,16.0,0.563,2.0,3.0,0.667,12.0,16.0,0.75,3.0,6.0,9.0,9.0,2.0,0.0,3.0,5.0,32.0,24.0
22200494,1610612742,DAL,Dallas,1629033,Theo Pinson,Theo,,,6:55,0.0,2.0,0.0,0.0,2.0,0.0,0.0,0.0,0.0,0.0,3.0,3.0,0.0,0.0,0.0,0.0,0.0,0.0,-1.0
22200494,1610612742,DAL,Dallas,203939,Dwight Powell,Dwight,,,14:40,2.0,3.0,0.667,0.0,0.0,0.0,0.0,0.0,0.0,3.0,2.0,5.0,1.0,0.0,0.0,1.0,6.0,4.0,11.0
22200494,1610612742,DAL,Dallas,202722,Dāvis Bertāns,Dāvis,,,11:16,2.0,5.0,0.4,2.0,5.0,0.4,0.0,0.0,0.0,0.0,1.0,1.0,0.0,0.0,0.0,0.0,1.0,6.0,-6.0
22200494,1610612742,DAL,Dallas,1630593,McKinley Wright IV,McKinley,,,13:22,2.0,3.0,0.667,0.0,1.0,0.0,0.0,1.0,0.0,1.0,0.0,1.0,1.0,0.0,0.0,2.0,4.0,4.0,-12.0
22200494,1610612742,DAL,Dallas,1628416,Tyler Dorsey,Tyler,,,1:24,0.0,0.0,0.0,0.0,0.0,0.0,0.0,0.0,0.0,0.0,0.0,0.0,0.0,0.0,0.0,0.0,0.0,0.0,-4.0
22200494,1610612742,DAL,Dallas,1630702,Jaden Hardy,Jaden,,,1:24,0.0,1.0,0.0,0.0,0.0,0.0,0.0,0.0,0.0,0.0,0.0,0.0,0.0,0.0,0.0,0.0,0.0,0.0,-4.0
22200494,1610612742,DAL,Dallas,201580,JaVale McGee,JaVale,,DNP - Coach's Decision,,,,,,,,,,,,,,,,,,,,
22200494,1610612742,DAL,Dallas,1628373,Frank Ntilikina,Frank,,DNP - Injury/Illness,,,,,,,,,,,,,,,,,,,,
22200497,1610612756,PHX,Phoenix,1628969,Mikal Bridges,Mikal,F,,40:15,5.0,12.0,0.417,2.0,5.0,0.4,1.0,1.0,1.0,0.0,2.0,2.0,3.0,0.0,4.0,2.0,5.0,13.0,-13.0
22200497,1610612756,PHX,Phoenix,1628470,Torrey Craig,Torrey,F,,35:52,5.0,8.0,0.625,3.0,4.0,0.75,0.0,0.0,0.0,3.0,4.0,7.0,2.0,2.0,1.0,2.0,3.0,13.0,-15.0
22200497,1610612756,PHX,Phoenix,1629028,Deandre Ayton,Deandre,C,,37:35,9.0,18.0,0.5,1.0,1.0,1.0,3.0,4.0,0.75,3.0,13.0,16.0,2.0,2.0,2.0,6.0,3.0,22.0,-13.0
22200497,1610612756,PHX,Phoenix,1626164,Devin Booker,Devin,G,,4:20,1.0,2.0,0.5,0.0,0.0,0.0,0.0,0.0,0.0,0.0,0.0,0.0,0.0,0.0,0.0,0.0,0.0,2.0,-9.0
22200497,1610612756,PHX,Phoenix,101108,Chris Paul,Chris,G,,40:39,6.0,17.0,0.353,0.0,3.0,0.0,5.0,10.0,0.5,0.0,4.0,4.0,16.0,2.0,1.0,0.0,4.0,17.0,-1.0
22200497,1610612756,PHX,Phoenix,1629013,Landry Shamet,Landry,,,38:40,10.0,20.0,0.5,7.0,17.0,0.412,4.0,4.0,1.0,0.0,2.0,2.0,6.0,0.0,1.0,2.0,5.0,31.0,3.0
22200497,1610612756,PHX,Phoenix,1627814,Damion Lee,Damion,,,30:26,5.0,8.0,0.625,4.0,5.0,0.8,4.0,4.0,1.0,1.0,7.0,8.0,0.0,0.0,0.0,1.0,2.0,18.0,8.0
22200497,1610612756,PHX,Phoenix,1630688,Ish Wainright,Ish,,,11:29,0.0,0.0,0.0,0.0,0.0,0.0,0.0,0.0,0.0,2.0,0.0,2.0,0.0,1.0,0.0,0.0,2.0,0.0,7.0
22200497,1610612756,PHX,Phoenix,202687,Bismack Biyombo,Bismack,,,15:25,2.0,4.0,0.5,0.0,0.0,0.0,1.0,3.0,0.333,1.0,2.0,3.0,2.0,0.0,0.0,0.0,3.0,5.0,10.0
22200497,1610612756,PHX,Phoenix,1629006,Josh Okogie,Josh,,,10:19,2.0,5.0,0.4,0.0,0.0,0.0,0.0,0.0,0.0,2.0,0.0,2.0,1.0,0.0,0.0,0.0,3.0,4.0,8.0
22200497,1610612756,PHX,Phoenix,1629111,Jock Landale,Jock,,DNP - Coach's Decision,,,,,,,,,,,,,,,,,,,,
22200497,1610612756,PHX,Phoenix,203967,Dario Šarić,Dario,,DNP - Coach's Decision,,,,,,,,,,,,,,,,,,,,
22200497,1610612756,PHX,Phoenix,1630613,Duane Washington Jr.,Duane,,DNP - Coach's Decision,,,,,,,,,,,,,,,,,,,,
22200497,1610612743,DEN,Denver,1629008,Michael Porter Jr.,Michael,F,,34:57,3.0,11.0,0.273,0.0,5.0,0.0,1.0,2.0,0.5,0.0,8.0,8.0,0.0,1.0,1.0,0.0,4.0,7.0,11.0
22200497,1610612743,DEN,Denver,203932,Aaron Gordon,Aaron,F,,41:26,11.0,18.0,0.611,1.0,2.0,0.5,5.0,9.0,0.556,7.0,6.0,13.0,2.0,1.0,1.0,3.0,2.0,28.0,18.0
22200497,1610612743,DEN,Denver,203999,Nikola Jokić,Nikola,C,,44:25,16.0,25.0,0.64,2.0,4.0,0.5,7.0,9.0,0.778,4.0,11.0,15.0,15.0,0.0,1.0,3.0,4.0,41.0,12.0
22200497,1610612743,DEN,Denver,203484,Kentavious Caldwell-Pope,Kentavious,G,,38:52,4.0,10.0,0.4,3.0,5.0,0.6,4.0,4.0,1.0,0.0,2.0,2.0,4.0,2.0,0.0,1.0,3.0,15.0,16.0
22200497,1610612743,DEN,Denver,1627750,Jamal Murray,Jamal,G,,43:11,7.0,19.0,0.368,5.0,11.0,0.455,7.0,8.0,0.875,0.0,5.0,5.0,5.0,2.0,1.0,3.0,0.0,26.0,2.0
22200497,1610612743,DEN,Denver,1628971,Bruce Brown,Bruce,,,26:28,2.0,4.0,0.5,1.0,3.0,0.333,0.0,1.0,0.0,0.0,2.0,2.0,2.0,2.0,0.0,0.0,2.0,5.0,-16.0
22200497,1610612743,DEN,Denver,1631128,Christian Braun,Christian,,,12:58,1.0,1.0,1.0,1.0,1.0,1.0,0.0,0.0,0.0,0.0,1.0,1.0,0.0,0.0,0.0,0.0,1.0,3.0,-6.0
22200497,1610612743,DEN,Denver,1630538,Bones Hyland,Bones,,,14:08,1.0,6.0,0.167,0.0,5.0,0.0,1.0,1.0,1.0,1.0,1.0,2.0,1.0,0.0,0.0,2.0,4.0,3.0,-13.0
22200497,1610612743,DEN,Denver,1630192,Zeke Nnaji,Zeke,,,8:35,0.0,0.0,0.0,0.0,0.0,0.0,0.0,0.0,0.0,0.0,0.0,0.0,0.0,0.0,0.0,0.0,3.0,0.0,-9.0
22200497,1610612743,DEN,Denver,1628427,Vlatko Čančar,Vlatko,,DNP - Coach's Decision,,,,,,,,,,,,,,,,,,,,
22200497,1610612743,DEN,Denver,201599,DeAndre Jordan,DeAndre,,DNP - Coach's Decision,,,,,,,,,,,,,,,,,,,,
22200497,1610612743,DEN,Denver,1628432,Davon Reed,Davon,,DNP - Coach's Decision,,,,,,,,,,,,,,,,,,,,
22200497,1610612743,DEN,Denver,202397,Ish Smith,Ish,,DNP - Coach's Decision,,,,,,,,,,,,,,,,,,,,
22200497,1610612743,DEN,Denver,1631212,Peyton Watson,Peyton,,DNP - Coach's Decision,,,,,,,,,,,,,,,,,,,,
22200497,1610612743,DEN,Denver,1631298,Jack White,Jack,,DNP - Coach's Decision,,,,,,,,,,,,,,,,,,,,
22200481,1610612765,DET,Detroit,202711,Bojan Bogdanović,Bojan,F,,30:20,8.0,20.0,0.4,2.0,7.0,0.286,5.0,5.0,1.0,1.0,2.0,3.0,1.0,1.0,0.0,3.0,2.0,23.0,-12.0
22200481,1610612765,DET,Detroit,1630191,Isaiah Stewart,Isaiah,F,,27:57,2.0,7.0,0.286,2.0,4.0,0.5,1.0,2.0,0.5,1.0,3.0,4.0,3.0,0.0,0.0,2.0,1.0,7.0,-14.0
22200481,1610612765,DET,Detroit,1631105,Jalen Duren,Jalen,C,,28:11,5.0,7.0,0.714,0.0,0.0,0.0,3.0,4.0,0.75,3.0,5.0,8.0,0.0,0.0,1.0,1.0,2.0,13.0,-6.0
22200481,1610612765,DET,Detroit,1631093,Jaden Ivey,Jaden,G,,28:20,5.0,14.0,0.357,1.0,3.0,0.333,4.0,5.0,0.8,0.0,2.0,2.0,4.0,1.0,0.0,0.0,5.0,15.0,-20.0
22200481,1610612765,DET,Detroit,1630165,Killian Hayes,Killian,G,,31:25,7.0,10.0,0.7,1.0,3.0,0.333,2.0,2.0,1.0,0.0,5.0,5.0,5.0,2.0,0.0,1.0,3.0,17.0,-15.0
22200481,1610612765,DET,Detroit,202692,Alec Burks,Alec,,,20:38,2.0,6.0,0.333,2.0,4.0,0.5,1.0,3.0,0.333,0.0,3.0,3.0,1.0,0.0,0.0,4.0,0.0,7.0,-15.0
22200481,1610612765,DET,Detroit,1630180,Saddiq Bey,Saddiq,,,21:18,1.0,5.0,0.2,0.0,2.0,0.0,4.0,4.0,1.0,1.0,2.0,3.0,0.0,0.0,1.0,1.0,0.0,6.0,-12.0
22200481,1610612765,DET,Detroit,1628995,Kevin Knox II,Kevin,,,16:25,2.0,9.0,0.222,1.0,6.0,0.167,0.0,0.0,0.0,0.0,4.0,4.0,0.0,0.0,0.0,0.0,3.0,5.0,-12.0
22200481,1610612765,DET,Detroit,202709,Cory Joseph,Cory,,,5:56,1.0,3.0,0.333,0.0,2.0,0.0,0.0,0.0,0.0,0.0,1.0,1.0,2.0,0.0,0.0,0.0,1.0,2.0,1.0
22200481,1610612765,DET,Detroit,1628963,Marvin Bagley III,Marvin,,,19:49,2.0,5.0,0.4,0.0,2.0,0.0,0.0,0.0,0.0,2.0,4.0,6.0,0.0,0.0,1.0,1.0,1.0,4.0,-19.0
22200481,1610612765,DET,Detroit,1628977,Hamidou Diallo,Hamidou,,,9:41,2.0,4.0,0.5,0.0,0.0,0.0,2.0,4.0,0.5,1.0,3.0,4.0,1.0,3.0,0.0,1.0,1.0,6.0,-1.0
22200481,1610612765,DET,Detroit,203585,Rodney McGruder,Rodney,,DNP - Coach's Decision,,,,,,,,,,,,,,,,,,,,
22200481,1610612765,DET,Detroit,203457,Nerlens Noel,Nerlens,,DNP - Coach's Decision,,,,,,,,,,,,,,,,,,,,
22200481,1610612737,ATL,Atlanta,1629631,De'Andre Hunter,De'Andre,F,,26:41,4.0,10.0,0.4,1.0,3.0,0.333,0.0,0.0,0.0,0.0,5.0,5.0,1.0,1.0,0.0,0.0,4.0,9.0,10.0
22200481,1610612737,ATL,Atlanta,1628381,John Collins,John,F,,29:10,4.0,10.0,0.4,0.0,1.0,0.0,0.0,0.0,0.0,3.0,9.0,12.0,3.0,0.0,3.0,0.0,0.0,8.0,23.0
22200481,1610612737,ATL,Atlanta,203991,Clint Capela,Clint,C,,24:39,4.0,5.0,0.8,0.0,0.0,0.0,2.0,2.0,1.0,3.0,7.0,10.0,0.0,1.0,2.0,3.0,3.0,10.0,13.0
22200481,1610612737,ATL,Atlanta,1627749,Dejounte Murray,Dejounte,G,,36:35,10.0,18.0,0.556,3.0,8.0,0.375,3.0,4.0,0.75,0.0,3.0,3.0,5.0,4.0,0.0,1.0,2.0,26.0,19.0
22200481,1610612737,ATL,Atlanta,1629027,Trae Young,Trae,G,,31:05,9.0,15.0,0.6,3.0,7.0,0.429,5.0,8.0,0.625,0.0,2.0,2.0,13.0,2.0,0.0,1.0,0.0,26.0,17.0
22200481,1610612737,ATL,Atlanta,203992,Bogdan Bogdanović,Bogdan,,,33:55,7.0,18.0,0.389,3.0,11.0,0.273,2.0,2.0,1.0,0.0,1.0,1.0,2.0,1.0,1.0,0.0,2.0,19.0,18.0
22200481,1610612737,ATL,Atlanta,1630168,Onyeka Okongwu,Onyeka,,,20:44,4.0,5.0,0.8,0.0,0.0,0.0,4.0,4.0,1.0,2.0,7.0,9.0,2.0,0.0,2.0,0.0,5.0,12.0,12.0
22200481,1610612737,ATL,Atlanta,1631100,AJ Griffin,AJ,,,20:44,3.0,6.0,0.5,0.0,1.0,0.0,2.0,2.0,1.0,0.0,4.0,4.0,2.0,1.0,0.0,1.0,2.0,8.0,12.0
22200481,1610612737,ATL,Atlanta,203200,Justin Holiday,Justin,,,3:22,1.0,1.0,1.0,1.0,1.0,1.0,0.0,0.0,0.0,0.0,1.0,1.0,0.0,0.0,0.0,0.0,0.0,3.0,1.0
22200481,1610612737,ATL,Atlanta,1626163,Frank Kaminsky,Frank,,,2:37,0.0,0.0,0.0,0.0,0.0,0.0,0.0,0.0,0.0,0.0,0.0,0.0,1.0,0.0,0.0,1.0,0.0,0.0,0.0
22200481,1610612737,ATL,Atlanta,1630552,Jalen Johnson,Jalen,,,2:37,1.0,2.0,0.5,0.0,1.0,0.0,0.0,0.0,0.0,0.0,1.0,1.0,0.0,0.0,0.0,0.0,0.0,2.0,0.0
22200481,1610612737,ATL,Atlanta,1628988,Aaron Holiday,Aaron,,,2:37,1.0,1.0,1.0,1.0,1.0,1.0,0.0,0.0,0.0,0.0,0.0,0.0,1.0,0.0,0.0,0.0,1.0,3.0,0.0
22200481,1610612737,ATL,Atlanta,1630249,Vít Krejčí,Vít,,,2:37,0.0,0.0,0.0,0.0,0.0,0.0,0.0,0.0,0.0,0.0,0.0,0.0,0.0,0.0,0.0,0.0,0.0,0.0,0.0
22200481,1610612737,ATL,Atlanta,1631213,Tyrese Martin,Tyrese,,,2:37,1.0,1.0,1.0,0.0,0.0,0.0,2.0,2.0,1.0,0.0,0.0,0.0,0.0,0.0,0.0,1.0,1.0,4.0,0.0
22200482,1610612750,MIN,Minnesota,1630162,Anthony Edwards,Anthony,F,,39:37,13.0,25.0,0.52,3.0,10.0,0.3,1.0,1.0,1.0,0.0,6.0,6.0,4.0,0.0,2.0,3.0,3.0,30.0,-22.0
22200482,1610612750,MIN,Minnesota,1630183,Jaden McDaniels,Jaden,F,,38:37,7.0,15.0,0.467,1.0,3.0,0.333,2.0,3.0,0.667,1.0,5.0,6.0,4.0,2.0,3.0,2.0,3.0,17.0,-4.0
22200482,1610612750,MIN,Minnesota,203497,Rudy Gobert,Rudy,C,,35:44,3.0,4.0,0.75,0.0,0.0,0.0,2.0,4.0,0.5,4.0,8.0,12.0,2.0,0.0,0.0,2.0,3.0,8.0,-23.0
22200482,1610612750,MIN,Minnesota,203085,Austin Rivers,Austin,G,,25:15,1.0,3.0,0.333,0.0,0.0,0.0,0.0,0.0,0.0,0.0,2.0,2.0,0.0,0.0,0.0,2.0,2.0,2.0,-23.0
22200482,1610612750,MIN,Minnesota,1626156,D'Angelo Russell,D'Angelo,G,,38:59,6.0,13.0,0.462,3.0,7.0,0.429,6.0,7.0,0.857,3.0,4.0,7.0,10.0,0.0,1.0,2.0,0.0,21.0,1.0
22200482,1610612750,MIN,Minnesota,1629675,Naz Reid,Naz,,,25:05,6.0,10.0,0.6,2.0,4.0,0.5,0.0,0.0,0.0,1.0,4.0,5.0,2.0,0.0,2.0,4.0,4.0,14.0,-1.0
22200482,1610612750,MIN,Minnesota,1629669,Jaylen Nowell,Jaylen,,,22:28,6.0,17.0,0.353,1.0,7.0,0.143,0.0,0.0,0.0,0.0,5.0,5.0,2.0,0.0,0.0,0.0,2.0,13.0,7.0
22200482,1610612750,MIN,Minnesota,1627854,Bryn Forbes,Bryn,,,8:15,0.0,1.0,0.0,0.0,0.0,0.0,0.0,0.0,0.0,1.0,0.0,1.0,0.0,0.0,0.0,0.0,1.0,0.0,-15.0
22200482,1610612750,MIN,Minnesota,1630233,Nathan Knight,Nathan,,,1:12,0.0,0.0,0.0,0.0,0.0,0.0,0.0,0.0,0.0,0.0,0.0,0.0,0.0,1.0,0.0,1.0,0.0,0.0,4.0
22200482,1610612750,MIN,Minnesota,1631169,Josh Minott,Josh,,,1:12,0.0,1.0,0.0,0.0,1.0,0.0,0.0,0.0,0.0,0.0,0.0,0.0,0.0,0.0,0.0,0.0,0.0,0.0,4.0
22200482,1610612750,MIN,Minnesota,1630568,Luka Garza,Luka,,,1:12,1.0,1.0,1.0,0.0,0.0,0.0,0.0,0.0,0.0,1.0,0.0,1.0,0.0,0.0,0.0,0.0,0.0,2.0,4.0
22200482,1610612750,MIN,Minnesota,1630346,Matt Ryan,Matt,,,1:12,0.0,0.0,0.0,0.0,0.0,0.0,0.0,0.0,0.0,0.0,0.0,0.0,1.0,0.0,0.0,0.0,0.0,0.0,4.0
22200482,1610612750,MIN,Minnesota,1631111,Wendell Moore Jr.,Wendell,,,1:12,1.0,1.0,1.0,0.0,0.0,0.0,0.0,0.0,0.0,0.0,0.0,0.0,0.0,0.0,0.0,0.0,0.0,2.0,4.0
22200482,1610612738,BOS,Boston,1627759,Jaylen Brown,Jaylen,F,,36:54,13.0,29.0,0.448,3.0,13.0,0.231,7.0,10.0,0.7,3.0,4.0,7.0,3.0,1.0,1.0,2.0,3.0,36.0,8.0
22200482,1610612738,BOS,Boston,1628369,Jayson Tatum,Jayson,F,,35:00,10.0,22.0,0.455,1.0,6.0,0.167,9.0,11.0,0.818,2.0,6.0,8.0,5.0,1.0,0.0,3.0,3.0,30.0,11.0
22200482,1610612738,BOS,Boston,201143,Al Horford,Al,C,,36:19,6.0,14.0,0.429,5.0,10.0,0.5,0.0,0.0,0.0,2.0,9.0,11.0,2.0,2.0,3.0,0.0,1.0,17.0,19.0
22200482,1610612738,BOS,Boston,1628401,Derrick White,Derrick,G,,32:37,8.0,13.0,0.615,0.0,3.0,0.0,2.0,3.0,0.667,2.0,3.0,5.0,3.0,0.0,2.0,1.0,3.0,18.0,23.0
22200482,1610612738,BOS,Boston,203935,Marcus Smart,Marcus,G,,37:59,2.0,5.0,0.4,2.0,4.0,0.5,0.0,0.0,0.0,3.0,4.0,7.0,10.0,3.0,0.0,0.0,0.0,6.0,20.0
22200482,1610612738,BOS,Boston,1630573,Sam Hauser,Sam,,,7:27,0.0,2.0,0.0,0.0,2.0,0.0,0.0,0.0,0.0,0.0,1.0,1.0,1.0,1.0,0.0,1.0,3.0,0.0,-14.0
22200482,1610612738,BOS,Boston,1628436,Luke Kornet,Luke,,,10:29,1.0,4.0,0.25,0.0,0.0,0.0,0.0,0.0,0.0,5.0,1.0,6.0,1.0,1.0,0.0,0.0,1.0,2.0,-3.0
22200482,1610612738,BOS,Boston,1627763,Malcolm Brogdon,Malcolm,,,16:58,2.0,4.0,0.5,0.0,2.0,0.0,2.0,2.0,1.0,1.0,3.0,4.0,2.0,0.0,0.0,1.0,1.0,6.0,-2.0
22200482,1610612738,BOS,Boston,1629684,Grant Williams,Grant,,,22:56,2.0,7.0,0.286,2.0,6.0,0.333,0.0,0.0,0.0,2.0,2.0,4.0,1.0,0.0,0.0,2.0,1.0,6.0,10.0
22200482,1610612738,BOS,Boston,203943,Noah Vonleh,Noah,,,1:12,0.0,0.0,0.0,0.0,0.0,0.0,0.0,0.0,0.0,0.0,0.0,0.0,0.0,0.0,0.0,0.0,0.0,0.0,-4.0
22200482,1610612738,BOS,Boston,1628382,Justin Jackson,Justin,,,1:12,0.0,0.0,0.0,0.0,0.0,0.0,0.0,0.0,0.0,0.0,0.0,0.0,0.0,0.0,0.0,1.0,0.0,0.0,-4.0
22200482,1610612738,BOS,Boston,1630202,Payton Pritchard,Payton,,,0:57,0.0,0.0,0.0,0.0,0.0,0.0,0.0,0.0,0.0,0.0,0.0,0.0,0.0,0.0,0.0,0.0,0.0,0.0,-4.0
22200482,1610612738,BOS,Boston,1631120,JD Davison,JD,,DNP - Coach's Decision,,,,,,,,,,,,,,,,,,,,
22200482,1610612738,BOS,Boston,201933,Blake Griffin,Blake,,DNP - Coach's Decision,,,,,,,,,,,,,,,,,,,,
22200482,1610612738,BOS,Boston,1629662,Mfiondu Kabengele,Mfiondu,,DNP - Coach's Decision,,,,,,,,,,,,,,,,,,,,
22200486,1610612754,IND,Indiana,1627741,Buddy Hield,Buddy,F,,34:32,7.0,15.0,0.467,7.0,11.0,0.636,0.0,0.0,0.0,0.0,5.0,5.0,2.0,0.0,0.0,0.0,2.0,21.0,17.0
22200486,1610612754,IND,Indiana,1631097,Bennedict Mathurin,Bennedict,F,,19:34,2.0,6.0,0.333,1.0,1.0,1.0,1.0,2.0,0.5,0.0,2.0,2.0,0.0,0.0,0.0,2.0,2.0,6.0,1.0
22200486,1610612754,IND,Indiana,1626167,Myles Turner,Myles,C,,25:15,2.0,4.0,0.5,0.0,1.0,0.0,1.0,1.0,1.0,1.0,10.0,11.0,2.0,1.0,2.0,4.0,5.0,5.0,3.0
22200486,1610612754,IND,Indiana,1629614,Andrew Nembhard,Andrew,G,,34:18,4.0,11.0,0.364,2.0,8.0,0.25,0.0,0.0,0.0,1.0,3.0,4.0,3.0,2.0,0.0,2.0,4.0,10.0,-1.0
22200486,1610612754,IND,Indiana,1630169,Tyrese Haliburton,Tyrese,G,,37:29,14.0,20.0,0.7,10.0,16.0,0.625,5.0,5.0,1.0,1.0,1.0,2.0,7.0,1.0,1.0,3.0,1.0,43.0,4.0
22200486,1610612754,IND,Indiana,1630537,Chris Duarte,Chris,,,19:25,2.0,6.0,0.333,0.0,4.0,0.0,0.0,0.0,0.0,0.0,1.0,1.0,5.0,1.0,0.0,1.0,3.0,4.0,9.0
22200486,1610612754,IND,Indiana,1630188,Jalen Smith,Jalen,,,22:45,6.0,9.0,0.667,1.0,3.0,0.333,1.0,1.0,1.0,3.0,8.0,11.0,0.0,0.0,3.0,1.0,3.0,14.0,0.0
22200486,1610612754,IND,Indiana,204456,T.J. McConnell,T.J.,,,20:16,1.0,6.0,0.167,0.0,1.0,0.0,0.0,0.0,0.0,1.0,0.0,1.0,5.0,0.0,0.0,2.0,2.0,2.0,-4.0
22200486,1610612754,IND,Indiana,1629052,Oshae Brissett,Oshae,,,26:26,2.0,6.0,0.333,0.0,2.0,0.0,2.0,5.0,0.4,2.0,4.0,6.0,2.0,0.0,0.0,1.0,1.0,6.0,-14.0
22200486,1610612754,IND,Indiana,1629048,Goga Bitadze,Goga,,DNP - Coach's Decision,,,,,,,,,,,,,,,,,,,,
22200486,1610612754,IND,Indiana,1630543,Isaiah Jackson,Isaiah,,DNP - Coach's Decision,,,,,,,,,,,,,,,,,,,,
22200486,1610612754,IND,Indiana,201949,James Johnson,James,,DNP - Coach's Decision,,,,,,,,,,,,,,,,,,,,
22200486,1610612748,MIA,Miami,202710,Jimmy Butler III,Jimmy,F,,27:52,6.0,11.0,0.545,1.0,2.0,0.5,7.0,8.0,0.875,2.0,4.0,6.0,3.0,2.0,0.0,1.0,1.0,20.0,-3.0
22200486,1610612748,MIA,Miami,1628997,Caleb Martin,Caleb,F,,19:05,0.0,1.0,0.0,0.0,0.0,0.0,0.0,0.0,0.0,1.0,3.0,4.0,3.0,1.0,2.0,1.0,0.0,0.0,8.0
22200486,1610612748,MIA,Miami,1628389,Bam Adebayo,Bam,C,,37:44,8.0,19.0,0.421,0.0,0.0,0.0,2.0,2.0,1.0,5.0,2.0,7.0,3.0,0.0,0.0,3.0,2.0,18.0,1.0
22200486,1610612748,MIA,Miami,1629639,Tyler Herro,Tyler,G,,38:34,10.0,23.0,0.435,5.0,13.0,0.385,3.0,3.0,1.0,1.0,3.0,4.0,2.0,0.0,0.0,2.0,2.0,28.0,5.0
22200486,1610612748,MIA,Miami,200768,Kyle Lowry,Kyle,G,,34:26,8.0,16.0,0.5,4.0,8.0,0.5,1.0,1.0,1.0,2.0,4.0,6.0,5.0,0.0,0.0,1.0,1.0,21.0,3.0
22200486,1610612748,MIA,Miami,203506,Victor Oladipo,Victor,,,27:57,2.0,7.0,0.286,1.0,2.0,0.5,0.0,0.0,0.0,0.0,0.0,0.0,3.0,1.0,0.0,1.0,4.0,5.0,-9.0
22200486,1610612748,MIA,Miami,1629622,Max Strus,Max,,,21:07,2.0,9.0,0.222,2.0,7.0,0.286,0.0,0.0,0.0,0.0,5.0,5.0,2.0,1.0,0.0,0.0,0.0,6.0,-12.0
22200486,1610612748,MIA,Miami,1631115,Orlando Robinson,Orlando,,,10:16,0.0,2.0,0.0,0.0,0.0,0.0,0.0,0.0,0.0,1.0,2.0,3.0,0.0,0.0,0.0,1.0,2.0,0.0,-4.0
22200486,1610612748,MIA,Miami,1629312,Haywood Highsmith,Haywood,,,22:59,5.0,7.0,0.714,0.0,1.0,0.0,0.0,0.0,0.0,1.0,2.0,3.0,2.0,2.0,1.0,0.0,1.0,10.0,-4.0
22200486,1610612748,MIA,Miami,2617,Udonis Haslem,Udonis,,DNP - Coach's Decision,,,,,,,,,,,,,,,,,,,,
22200486,1610612748,MIA,Miami,1631107,Nikola Jović,Nikola,,DNP - Coach's Decision,,,,,,,,,,,,,,,,,,,,
22200486,1610612748,MIA,Miami,1629130,Duncan Robinson,Duncan,,DNP - Coach's Decision,,,,,,,,,,,,,,,,,,,,
22200486,1610612748,MIA,Miami,1629216,Gabe Vincent,Gabe,,DNP - Coach's Decision,,,,,,,,,,,,,,,,,,,,
22200491,1610612764,WAS,Washington,1628398,Kyle Kuzma,Kyle,F,,37:24,14.0,23.0,0.609,2.0,8.0,0.25,2.0,3.0,0.667,1.0,8.0,9.0,5.0,2.0,0.0,1.0,1.0,32.0,11.0
22200491,1610612764,WAS,Washington,204001,Kristaps Porziņģis,Kristaps,F,,34:24,2.0,11.0,0.182,0.0,3.0,0.0,3.0,5.0,0.6,2.0,11.0,13.0,1.0,1.0,2.0,0.0,3.0,7.0,9.0
22200491,1610612764,WAS,Washington,1629655,Daniel Gafford,Daniel,C,,20:13,2.0,2.0,1.0,0.0,0.0,0.0,2.0,3.0,0.667,1.0,2.0,3.0,2.0,0.0,2.0,1.0,4.0,6.0,6.0
22200491,1610612764,WAS,Washington,203078,Bradley Beal,Bradley,G,,34:13,10.0,16.0,0.625,2.0,4.0,0.5,2.0,3.0,0.667,0.0,1.0,1.0,4.0,1.0,0.0,3.0,2.0,24.0,5.0
22200491,1610612764,WAS,Washington,1628420,Monté Morris,Monté,G,,32:49,4.0,7.0,0.571,2.0,5.0,0.4,6.0,6.0,1.0,0.0,2.0,2.0,5.0,3.0,0.0,0.0,1.0,16.0,4.0
22200491,1610612764,WAS,Washington,201959,Taj Gibson,Taj,,,13:04,4.0,6.0,0.667,0.0,1.0,0.0,0.0,2.0,0.0,1.0,1.0,2.0,0.0,0.0,0.0,2.0,6.0,8.0,3.0
22200491,1610612764,WAS,Washington,1629060,Rui Hachimura,Rui,,,26:56,9.0,15.0,0.6,3.0,7.0,0.429,0.0,0.0,0.0,0.0,5.0,5.0,4.0,0.0,0.0,1.0,2.0,21.0,6.0
22200491,1610612764,WAS,Washington,1630557,Corey Kispert,Corey,,,25:46,4.0,7.0,0.571,1.0,4.0,0.25,0.0,0.0,0.0,0.0,4.0,4.0,1.0,1.0,0.0,1.0,2.0,9.0,16.0
22200491,1610612764,WAS,Washington,1626153,Delon Wright,Delon,,,15:11,0.0,1.0,0.0,0.0,0.0,0.0,2.0,2.0,1.0,0.0,1.0,1.0,8.0,1.0,0.0,0.0,2.0,2.0,10.0
22200491,1610612764,WAS,Washington,1631098,Johnny Davis,Johnny,,DNP - Coach's Decision,,,,,,,,,,,,,,,,,,,,
22200491,1610612764,WAS,Washington,1629653,Devon Dotson,Devon,,DNP - Coach's Decision,,,,,,,,,,,,,,,,,,,,
22200491,1610612764,WAS,Washington,1630264,Anthony Gill,Anthony,,DNP - Coach's Decision,,,,,,,,,,,,,,,,,,,,
22200491,1610612764,WAS,Washington,1630692,Jordan Goodwin,Jordan,,DNP - Coach's Decision,,,,,,,,,,,,,,,,,,,,
22200491,1610612758,SAC,Sacramento,203084,Harrison Barnes,Harrison,F,,37:59,4.0,13.0,0.308,2.0,7.0,0.286,1.0,2.0,0.5,0.0,5.0,5.0,0.0,0.0,0.0,2.0,1.0,11.0,-2.0
22200491,1610612758,SAC,Sacramento,1631099,Keegan Murray,Keegan,F,,22:26,1.0,8.0,0.125,1.0,4.0,0.25,0.0,0.0,0.0,2.0,2.0,4.0,1.0,1.0,0.0,0.0,1.0,3.0,-14.0
22200491,1610612758,SAC,Sacramento,1627734,Domantas Sabonis,Domantas,C,,34:26,5.0,14.0,0.357,0.0,2.0,0.0,10.0,10.0,1.0,7.0,8.0,15.0,10.0,0.0,0.0,1.0,2.0,20.0,-6.0
22200491,1610612758,SAC,Sacramento,1628989,Kevin Huerter,Kevin,G,,23:30,5.0,10.0,0.5,2.0,5.0,0.4,2.0,3.0,0.667,1.0,1.0,2.0,0.0,0.0,0.0,3.0,3.0,14.0,-20.0
22200491,1610612758,SAC,Sacramento,1628368,De'Aaron Fox,De'Aaron,G,,34:41,9.0,16.0,0.563,0.0,3.0,0.0,8.0,13.0,0.615,1.0,6.0,7.0,3.0,1.0,1.0,1.0,4.0,26.0,-10.0
22200491,1610612758,SAC,Sacramento,1630558,Davion Mitchell,Davion,,,16:34,2.0,2.0,1.0,1.0,1.0,1.0,0.0,0.0,0.0,0.0,1.0,1.0,0.0,0.0,0.0,0.0,2.0,5.0,-8.0
22200491,1610612758,SAC,Sacramento,1628370,Malik Monk,Malik,,,26:34,4.0,11.0,0.364,2.0,6.0,0.333,6.0,6.0,1.0,0.0,5.0,5.0,4.0,2.0,0.0,4.0,2.0,16.0,-6.0
22200491,1610612758,SAC,Sacramento,1629056,Terence Davis,Terence,,,4:09,1.0,2.0,0.5,0.0,1.0,0.0,0.0,0.0,0.0,0.0,0.0,0.0,0.0,0.0,0.0,0.0,1.0,2.0,-4.0
22200491,1610612758,SAC,Sacramento,1629674,Neemias Queta,Neemias,,,4:13,0.0,0.0,0.0,0.0,0.0,0.0,0.0,0.0,0.0,0.0,1.0,1.0,0.0,0.0,0.0,0.0,1.0,0.0,-7.0
22200491,1610612758,SAC,Sacramento,1626168,Trey Lyles,Trey,,,22:59,6.0,6.0,1.0,2.0,2.0,1.0,0.0,1.0,0.0,1.0,3.0,4.0,1.0,1.0,1.0,2.0,1.0,14.0,8.0
22200491,1610612758,SAC,Sacramento,1626158,Richaun Holmes,Richaun,,,6:27,0.0,0.0,0.0,0.0,0.0,0.0,0.0,0.0,0.0,1.0,0.0,1.0,0.0,0.0,0.0,0.0,2.0,0.0,-4.0
22200491,1610612758,SAC,Sacramento,1629644,KZ Okpala,KZ,,,3:08,0.0,2.0,0.0,0.0,1.0,0.0,0.0,0.0,0.0,0.0,1.0,1.0,0.0,0.0,0.0,0.0,0.0,0.0,0.0
22200491,1610612758,SAC,Sacramento,1629002,Chimezie Metu,Chimezie,,,2:54,0.0,0.0,0.0,0.0,0.0,0.0,0.0,0.0,0.0,0.0,1.0,1.0,0.0,0.0,0.0,0.0,0.0,0.0,3.0
22200491,1610612758,SAC,Sacramento,203521,Matthew Dellavedova,Matthew,,DNP - Coach's Decision,,,,,,,,,,,,,,,,,,,,
22200491,1610612758,SAC,Sacramento,203458,Alex Len,Alex,,DNP - Coach's Decision,,,,,,,,,,,,,,,,,,,,
22200480,1610612746,LAC,LA,202695,Kawhi Leonard,Kawhi,F,,33:35,12.0,19.0,0.632,1.0,2.0,0.5,3.0,4.0,0.75,0.0,3.0,3.0,5.0,0.0,0.0,2.0,0.0,28.0,-2.0
22200480,1610612746,LAC,LA,202694,Marcus Morris Sr.,Marcus,F,,29:59,3.0,9.0,0.333,3.0,7.0,0.429,2.0,2.0,1.0,2.0,2.0,4.0,2.0,0.0,2.0,2.0,3.0,11.0,-22.0
22200480,1610612746,LAC,LA,1627826,Ivica Zubac,Ivica,C,,33:33,3.0,3.0,1.0,0.0,0.0,0.0,1.0,1.0,1.0,2.0,10.0,12.0,2.0,0.0,2.0,0.0,1.0,7.0,0.0
22200480,1610612746,LAC,LA,202331,Paul George,Paul,G,,35:36,7.0,18.0,0.389,3.0,10.0,0.3,5.0,5.0,1.0,0.0,3.0,3.0,4.0,2.0,0.0,2.0,3.0,22.0,-16.0
22200480,1610612746,LAC,LA,202704,Reggie Jackson,Reggie,G,,25:10,2.0,6.0,0.333,0.0,4.0,0.0,0.0,0.0,0.0,1.0,1.0,2.0,2.0,1.0,0.0,1.0,1.0,4.0,-13.0
22200480,1610612746,LAC,LA,1626181,Norman Powell,Norman,,,22:50,8.0,13.0,0.615,2.0,5.0,0.4,3.0,7.0,0.429,0.0,4.0,4.0,4.0,0.0,1.0,3.0,0.0,21.0,8.0
22200480,1610612746,LAC,LA,1628379,Luke Kennard,Luke,,,21:27,2.0,6.0,0.333,2.0,4.0,0.5,2.0,2.0,1.0,0.0,2.0,2.0,3.0,1.0,1.0,0.0,3.0,8.0,17.0
22200480,1610612746,LAC,LA,201587,Nicolas Batum,Nicolas,,,25:20,3.0,5.0,0.6,2.0,4.0,0.5,2.0,2.0,1.0,1.0,1.0,2.0,1.0,0.0,3.0,1.0,4.0,10.0,-3.0
22200480,1610612746,LAC,LA,1629611,Terance Mann,Terance,,,12:30,1.0,2.0,0.5,1.0,2.0,0.5,0.0,0.0,0.0,0.0,1.0,1.0,2.0,1.0,0.0,0.0,1.0,3.0,6.0
22200480,1610612746,LAC,LA,1629650,Moses Brown,Moses,,DNP - Coach's Decision,,,,,,,,,,,,,,,,,,,,
22200480,1610612746,LAC,LA,1629599,Amir Coffey,Amir,,DNP - Coach's Decision,,,,,,,,,,,,,,,,,,,,
22200480,1610612746,LAC,LA,203496,Robert Covington,Robert,,DNP - Coach's Decision,,,,,,,,,,,,,,,,,,,,
22200480,1610612755,PHI,Philadelphia,202699,Tobias Harris,Tobias,F,,39:02,6.0,12.0,0.5,2.0,6.0,0.333,0.0,0.0,0.0,2.0,6.0,8.0,2.0,0.0,0.0,4.0,3.0,14.0,12.0
22200480,1610612755,PHI,Philadelphia,200782,P.J. Tucker,P.J.,F,,20:17,0.0,0.0,0.0,0.0,0.0,0.0,0.0,0.0,0.0,0.0,2.0,2.0,0.0,1.0,0.0,0.0,0.0,0.0,-3.0
22200480,1610612755,PHI,Philadelphia,203954,Joel Embiid,Joel,C,,37:46,18.0,30.0,0.6,1.0,4.0,0.25,7.0,7.0,1.0,2.0,5.0,7.0,3.0,1.0,2.0,1.0,5.0,44.0,2.0
22200480,1610612755,PHI,Philadelphia,1629001,De'Anthony Melton,De'Anthony,G,,34:21,5.0,10.0,0.5,3.0,7.0,0.429,0.0,0.0,0.0,0.0,3.0,3.0,3.0,3.0,0.0,0.0,3.0,13.0,17.0
22200480,1610612755,PHI,Philadelphia,201935,James Harden,James,G,,41:06,6.0,17.0,0.353,3.0,6.0,0.5,5.0,6.0,0.833,0.0,11.0,11.0,21.0,1.0,0.0,3.0,2.0,20.0,11.0
22200480,1610612755,PHI,Philadelphia,1629003,Shake Milton,Shake,,,22:47,6.0,10.0,0.6,0.0,1.0,0.0,1.0,1.0,1.0,0.0,2.0,2.0,0.0,1.0,0.0,0.0,2.0,13.0,-10.0
22200480,1610612755,PHI,Philadelphia,1627777,Georges Niang,Georges,,,24:50,4.0,6.0,0.667,3.0,5.0,0.6,0.0,0.0,0.0,1.0,3.0,4.0,1.0,0.0,0.0,0.0,1.0,11.0,5.0
22200480,1610612755,PHI,Philadelphia,1629680,Matisse Thybulle,Matisse,,,0:33,0.0,0.0,0.0,0.0,0.0,0.0,0.0,0.0,0.0,0.0,0.0,0.0,0.0,0.0,0.0,0.0,0.0,0.0,-3.0
22200480,1610612755,PHI,Philadelphia,1626149,Montrezl Harrell,Montrezl,,,4:50,0.0,1.0,0.0,0.0,0.0,0.0,0.0,0.0,0.0,0.0,0.0,0.0,1.0,0.0,0.0,1.0,1.0,0.0,-3.0
22200480,1610612755,PHI,Philadelphia,1627863,Danuel House Jr.,Danuel,,,8:58,1.0,1.0,1.0,0.0,0.0,0.0,0.0,0.0,0.0,1.0,1.0,2.0,0.0,0.0,0.0,0.0,0.0,2.0,-7.0
22200480,1610612755,PHI,Philadelphia,1627788,Furkan Korkmaz,Furkan,,,0:18,0.0,0.0,0.0,0.0,0.0,0.0,0.0,0.0,0.0,0.0,0.0,0.0,0.0,0.0,0.0,0.0,1.0,0.0,0.0
22200480,1610612755,PHI,Philadelphia,1630194,Paul Reed,Paul,,,5:12,1.0,1.0,1.0,0.0,0.0,0.0,0.0,0.0,0.0,0.0,0.0,0.0,0.0,0.0,1.0,0.0,2.0,2.0,4.0
22200480,1610612755,PHI,Philadelphia,1630531,Jaden Springer,Jaden,,DNP - Coach's Decision,,,,,,,,,,,,,,,,,,,,
22200492,1610612766,CHA,Charlotte,202330,Gordon Hayward,Gordon,F,,31:08,6.0,9.0,0.667,1.0,4.0,0.25,2.0,2.0,1.0,2.0,4.0,6.0,4.0,0.0,0.0,2.0,1.0,15.0,14.0
22200492,1610612766,CHA,Charlotte,1629023,P.J. Washington,P.J.,F,,31:03,8.0,13.0,0.615,3.0,6.0,0.5,5.0,7.0,0.714,3.0,2.0,5.0,4.0,2.0,2.0,1.0,1.0,24.0,-9.0
22200492,1610612766,CHA,Charlotte,203486,Mason Plumlee,Mason,C,,30:34,5.0,7.0,0.714,0.0,0.0,0.0,1.0,2.0,0.5,3.0,5.0,8.0,3.0,1.0,2.0,1.0,2.0,11.0,-2.0
22200492,1610612766,CHA,Charlotte,1626179,Terry Rozier,Terry,G,,37:41,9.0,15.0,0.6,5.0,8.0,0.625,0.0,0.0,0.0,0.0,4.0,4.0,6.0,2.0,1.0,3.0,2.0,23.0,-7.0
22200492,1610612766,CHA,Charlotte,1630163,LaMelo Ball,LaMelo,G,,37:26,9.0,22.0,0.409,4.0,12.0,0.333,1.0,2.0,0.5,1.0,7.0,8.0,8.0,3.0,0.0,4.0,3.0,23.0,0.0
22200492,1610612766,CHA,Charlotte,1626162,Kelly Oubre Jr.,Kelly,,,30:37,8.0,15.0,0.533,1.0,6.0,0.167,2.0,2.0,1.0,1.0,4.0,5.0,1.0,0.0,0.0,2.0,5.0,19.0,-10.0
22200492,1610612766,CHA,Charlotte,1630177,Theo Maledon,Theo,,,10:34,2.0,5.0,0.4,1.0,4.0,0.25,2.0,2.0,1.0,0.0,1.0,1.0,1.0,0.0,0.0,1.0,2.0,7.0,4.0
22200492,1610612766,CHA,Charlotte,1629667,Jalen McDaniels,Jalen,,,18:40,3.0,5.0,0.6,1.0,1.0,1.0,0.0,0.0,0.0,1.0,0.0,1.0,3.0,2.0,0.0,1.0,2.0,7.0,13.0
22200492,1610612766,CHA,Charlotte,1630208,Nick Richards,Nick,,,12:17,2.0,3.0,0.667,0.0,0.0,0.0,1.0,1.0,1.0,0.0,3.0,3.0,0.0,1.0,0.0,1.0,3.0,5.0,17.0
22200492,1610612766,CHA,Charlotte,1630547,James Bouknight,James,,DNP - Coach's Decision,,,,,,,,,,,,,,,,,,,,
22200492,1610612766,CHA,Charlotte,1630539,Kai Jones,Kai,,DNP - Coach's Decision,,,,,,,,,,,,,,,,,,,,
22200492,1610612766,CHA,Charlotte,1630550,JT Thor,JT,,DNP - Coach's Decision,,,,,,,,,,,,,,,,,,,,
22200492,1610612766,CHA,Charlotte,1631109,Mark Williams,Mark,,DNP - Coach's Decision,,,,,,,,,,,,,,,,,,,,
22200492,1610612747,LAL,Los Angeles,1629022,Lonnie Walker IV,Lonnie,F,,27:25,4.0,13.0,0.308,3.0,9.0,0.333,4.0,5.0,0.8,2.0,1.0,3.0,1.0,1.0,0.0,1.0,1.0,15.0,8.0
22200492,1610612747,LAL,Los Angeles,2544,LeBron James,LeBron,F,,33:56,15.0,23.0,0.652,4.0,8.0,0.5,0.0,2.0,0.0,0.0,2.0,2.0,8.0,1.0,0.0,3.0,2.0,34.0,-6.0
22200492,1610612747,LAL,Los Angeles,1628418,Thomas Bryant,Thomas,C,,33:29,3.0,8.0,0.375,2.0,3.0,0.667,0.0,0.0,0.0,0.0,13.0,13.0,1.0,0.0,0.0,2.0,2.0,8.0,11.0
22200492,1610612747,LAL,Los Angeles,201976,Patrick Beverley,Patrick,G,,29:51,4.0,5.0,0.8,3.0,3.0,1.0,0.0,0.0,0.0,2.0,4.0,6.0,3.0,1.0,0.0,1.0,2.0,11.0,-8.0
22200492,1610612747,LAL,Los Angeles,203471,Dennis Schröder,Dennis,G,,26:41,4.0,10.0,0.4,1.0,5.0,0.2,0.0,0.0,0.0,0.0,4.0,4.0,5.0,0.0,0.0,2.0,4.0,9.0,-8.0
22200492,1610612747,LAL,Los Angeles,1630559,Austin Reaves,Austin,,,28:40,6.0,10.0,0.6,3.0,6.0,0.5,5.0,7.0,0.714,1.0,1.0,2.0,2.0,1.0,0.0,3.0,0.0,20.0,3.0
22200492,1610612747,LAL,Los Angeles,201566,Russell Westbrook,Russell,,,24:35,6.0,12.0,0.5,2.0,4.0,0.5,3.0,4.0,0.75,2.0,3.0,5.0,7.0,1.0,0.0,3.0,2.0,17.0,8.0
22200492,1610612747,LAL,Los Angeles,1629117,Wenyen Gabriel,Wenyen,,,16:25,5.0,5.0,1.0,0.0,0.0,0.0,3.0,4.0,0.75,5.0,2.0,7.0,0.0,0.0,1.0,1.0,3.0,13.0,-6.0
22200492,1610612747,LAL,Los Angeles,1628972,Troy Brown Jr.,Troy,,,8:41,1.0,5.0,0.2,1.0,5.0,0.2,0.0,0.0,0.0,0.0,0.0,0.0,0.0,0.0,0.0,0.0,2.0,3.0,-11.0
22200492,1610612747,LAL,Los Angeles,1631108,Max Christie,Max,,,10:17,0.0,1.0,0.0,0.0,1.0,0.0,0.0,0.0,0.0,0.0,0.0,0.0,0.0,0.0,0.0,1.0,1.0,0.0,-11.0
22200492,1610612747,LAL,Los Angeles,1627745,Damian Jones,Damian,,DNP - Coach's Decision,,,,,,,,,,,,,,,,,,,,
22200492,1610612747,LAL,Los Angeles,1629134,Kendrick Nunn,Kendrick,,DNP - Coach's Decision,,,,,,,,,,,,,,,,,,,,
22200492,1610612747,LAL,Los Angeles,1630590,Scotty Pippen Jr.,Scotty,,DNP - Coach's Decision,,,,,,,,,,,,,,,,,,,,
22200492,1610612747,LAL,Los Angeles,1631306,Cole Swider,Cole,,DNP - Coach's Decision,,,,,,,,,,,,,,,,,,,,
22200484,1610612761,TOR,Toronto,1628384,OG Anunoby,OG,F,,37:46,10.0,16.0,0.625,6.0,9.0,0.667,0.0,0.0,0.0,1.0,8.0,9.0,2.0,2.0,0.0,4.0,2.0,26.0,9.0
22200484,1610612761,TOR,Toronto,1627783,Pascal Siakam,Pascal,F,,41:33,9.0,22.0,0.409,2.0,5.0,0.4,6.0,8.0,0.75,2.0,5.0,7.0,9.0,2.0,1.0,5.0,4.0,26.0,1.0
22200484,1610612761,TOR,Toronto,1627823,Juancho Hernangomez,Juancho,C,,23:38,1.0,3.0,0.333,1.0,2.0,0.5,0.0,0.0,0.0,2.0,1.0,3.0,1.0,0.0,0.0,1.0,1.0,3.0,17.0
22200484,1610612761,TOR,Toronto,1630567,Scottie Barnes,Scottie,G,,40:15,10.0,16.0,0.625,0.0,1.0,0.0,5.0,5.0,1.0,4.0,6.0,10.0,4.0,2.0,0.0,2.0,4.0,25.0,12.0
22200484,1610612761,TOR,Toronto,1627832,Fred VanVleet,Fred,G,,38:41,5.0,12.0,0.417,5.0,10.0,0.5,3.0,3.0,1.0,1.0,7.0,8.0,4.0,1.0,1.0,2.0,2.0,18.0,15.0
22200484,1610612761,TOR,Toronto,1629018,Gary Trent Jr.,Gary,,,19:33,3.0,6.0,0.5,2.0,4.0,0.5,0.0,0.0,0.0,0.0,3.0,3.0,1.0,2.0,0.0,2.0,2.0,8.0,-2.0
22200484,1610612761,TOR,Toronto,201152,Thaddeus Young,Thaddeus,,,15:46,1.0,2.0,0.5,0.0,0.0,0.0,1.0,2.0,0.5,1.0,1.0,2.0,1.0,0.0,0.0,2.0,4.0,3.0,2.0
22200484,1610612761,TOR,Toronto,1630201,Malachi Flynn,Malachi,,,22:48,3.0,7.0,0.429,3.0,6.0,0.5,0.0,0.0,0.0,0.0,3.0,3.0,3.0,1.0,0.0,0.0,1.0,9.0,1.0
22200484,1610612761,TOR,Toronto,1630625,Dalano Banton,Dalano,,DNP - Coach's Decision,,,,,,,,,,,,,,,,,,,,
22200484,1610612761,TOR,Toronto,1628449,Chris Boucher,Chris,,DNP - Coach's Decision,,,,,,,,,,,,,,,,,,,,
22200484,1610612761,TOR,Toronto,1630551,Justin Champagnie,Justin,,DNP - Coach's Decision,,,,,,,,,,,,,,,,,,,,
22200484,1610612761,TOR,Toronto,1630288,Jeff Dowtin Jr.,Jeff,,DNP - Coach's Decision,,,,,,,,,,,,,,,,,,,,
22200484,1610612761,TOR,Toronto,1631199,Ron Harper Jr.,Ron,,DNP - Coach's Decision,,,,,,,,,,,,,,,,,,,,
22200484,1610612761,TOR,Toronto,1631132,Christian Koloko,Christian,,DNP - Coach's Decision,,,,,,,,,,,,,,,,,,,,
22200484,1610612739,CLE,Cleveland,1630171,Isaac Okoro,Isaac,F,,19:45,4.0,6.0,0.667,2.0,4.0,0.5,5.0,6.0,0.833,1.0,2.0,3.0,2.0,0.0,2.0,0.0,2.0,15.0,-14.0
22200484,1610612739,CLE,Cleveland,1630596,Evan Mobley,Evan,F,,32:17,5.0,7.0,0.714,0.0,0.0,0.0,0.0,0.0,0.0,1.0,7.0,8.0,3.0,0.0,1.0,2.0,0.0,10.0,-13.0
22200484,1610612739,CLE,Cleveland,1628386,Jarrett Allen,Jarrett,C,,30:32,5.0,6.0,0.833,0.0,0.0,0.0,1.0,2.0,0.5,1.0,6.0,7.0,1.0,1.0,0.0,0.0,2.0,11.0,-12.0
22200484,1610612739,CLE,Cleveland,1628378,Donovan Mitchell,Donovan,G,,34:39,4.0,16.0,0.25,3.0,12.0,0.25,1.0,4.0,0.25,0.0,5.0,5.0,4.0,3.0,0.0,3.0,1.0,12.0,-12.0
22200484,1610612739,CLE,Cleveland,1629636,Darius Garland,Darius,G,,30:32,6.0,13.0,0.462,2.0,5.0,0.4,3.0,3.0,1.0,0.0,1.0,1.0,8.0,1.0,0.0,5.0,3.0,17.0,-12.0
22200484,1610612739,CLE,Cleveland,1630205,Lamar Stevens,Lamar,,,14:55,3.0,6.0,0.5,0.0,2.0,0.0,0.0,3.0,0.0,2.0,2.0,4.0,1.0,0.0,0.0,1.0,2.0,6.0,-3.0
22200484,1610612739,CLE,Cleveland,1627747,Caris LeVert,Caris,,,18:02,3.0,4.0,0.75,1.0,2.0,0.5,1.0,2.0,0.5,0.0,0.0,0.0,2.0,2.0,0.0,0.0,3.0,8.0,0.0
22200484,1610612739,CLE,Cleveland,201567,Kevin Love,Kevin,,,19:24,3.0,5.0,0.6,3.0,4.0,0.75,4.0,5.0,0.8,0.0,5.0,5.0,1.0,0.0,1.0,2.0,1.0,13.0,2.0
22200484,1610612739,CLE,Cleveland,1626224,Cedi Osman,Cedi,,,21:04,5.0,9.0,0.556,0.0,3.0,0.0,3.0,5.0,0.6,1.0,0.0,1.0,2.0,1.0,0.0,0.0,0.0,13.0,-3.0
22200484,1610612739,CLE,Cleveland,201577,Robin Lopez,Robin,,,9:25,1.0,2.0,0.5,0.0,0.0,0.0,0.0,0.0,0.0,0.0,1.0,1.0,0.0,0.0,0.0,1.0,2.0,2.0,6.0
22200484,1610612739,CLE,Cleveland,203526,Raul Neto,Raul,,,9:25,0.0,2.0,0.0,0.0,1.0,0.0,0.0,0.0,0.0,0.0,0.0,0.0,3.0,1.0,0.0,0.0,1.0,0.0,6.0
22200484,1610612739,CLE,Cleveland,1629603,Mamadi Diakite,Mamadi,,DNP - Coach's Decision,,,,,,,,,,,,,,,,,,,,
22200483,1610612749,MIL,Milwaukee,1628960,Grayson Allen,Grayson,F,,24:50,1.0,3.0,0.333,1.0,2.0,0.5,0.0,0.0,0.0,3.0,2.0,5.0,1.0,0.0,0.0,0.0,1.0,3.0,-30.0
22200483,1610612749,MIL,Milwaukee,203507,Giannis Antetokounmpo,Giannis,F,,35:54,9.0,13.0,0.692,0.0,1.0,0.0,8.0,11.0,0.727,3.0,10.0,13.0,7.0,2.0,0.0,7.0,3.0,26.0,-20.0
22200483,1610612749,MIL,Milwaukee,201572,Brook Lopez,Brook,C,,30:28,10.0,16.0,0.625,2.0,5.0,0.4,1.0,2.0,0.5,2.0,3.0,5.0,0.0,1.0,0.0,1.0,1.0,23.0,-27.0
22200483,1610612749,MIL,Milwaukee,1628975,Jevon Carter,Jevon,G,,27:26,2.0,10.0,0.2,0.0,6.0,0.0,1.0,1.0,1.0,0.0,4.0,4.0,1.0,1.0,1.0,3.0,1.0,5.0,-10.0
22200483,1610612749,MIL,Milwaukee,201950,Jrue Holiday,Jrue,G,,33:55,5.0,14.0,0.357,2.0,6.0,0.333,6.0,7.0,0.857,2.0,1.0,3.0,5.0,1.0,0.0,5.0,3.0,18.0,-17.0
22200483,1610612749,MIL,Milwaukee,204060,Joe Ingles,Joe,,,17:27,0.0,4.0,0.0,0.0,4.0,0.0,0.0,0.0,0.0,0.0,0.0,0.0,2.0,0.0,0.0,0.0,0.0,0.0,2.0
22200483,1610612749,MIL,Milwaukee,1626171,Bobby Portis,Bobby,,,26:02,5.0,11.0,0.455,0.0,3.0,0.0,0.0,0.0,0.0,3.0,9.0,12.0,0.0,0.0,0.0,2.0,0.0,10.0,8.0
22200483,1610612749,MIL,Milwaukee,1630699,MarJon Beauchamp,MarJon,,,15:18,2.0,6.0,0.333,2.0,5.0,0.4,0.0,0.0,0.0,0.0,0.0,0.0,0.0,0.0,0.0,0.0,2.0,6.0,4.0
22200483,1610612749,MIL,Milwaukee,1626192,Pat Connaughton,Pat,,,22:31,2.0,6.0,0.333,2.0,5.0,0.4,0.0,0.0,0.0,0.0,3.0,3.0,1.0,0.0,0.0,0.0,2.0,6.0,-6.0
22200483,1610612749,MIL,Milwaukee,203648,Thanasis Antetokounmpo,Thanasis,,,3:05,0.0,0.0,0.0,0.0,0.0,0.0,0.0,0.0,0.0,0.0,0.0,0.0,0.0,2.0,0.0,0.0,0.0,0.0,3.0
22200483,1610612749,MIL,Milwaukee,1629670,Jordan Nwora,Jordan,,,3:05,1.0,1.0,1.0,0.0,0.0,0.0,1.0,1.0,1.0,0.0,0.0,0.0,0.0,0.0,0.0,0.0,0.0,3.0,3.0
22200483,1610612749,MIL,Milwaukee,201588,George Hill,George,,DNP - Coach's Decision,,,,,,,,,,,,,,,,,,,,
22200483,1610612749,MIL,Milwaukee,201586,Serge Ibaka,Serge,,DNP - Coach's Decision,,,,,,,,,,,,,,,,,,,,
22200483,1610612749,MIL,Milwaukee,202083,Wesley Matthews,Wesley,,DNP - Coach's Decision,,,,,,,,,,,,,,,,,,,,
22200483,1610612751,BKN,Brooklyn,201142,Kevin Durant,Kevin,F,,34:14,9.0,17.0,0.529,2.0,6.0,0.333,4.0,4.0,1.0,0.0,5.0,5.0,6.0,1.0,1.0,3.0,2.0,24.0,17.0
22200483,1610612751,BKN,Brooklyn,1626220,Royce O'Neale,Royce,F,,27:48,6.0,9.0,0.667,5.0,8.0,0.625,0.0,0.0,0.0,0.0,1.0,1.0,0.0,0.0,0.0,1.0,2.0,17.0,24.0
22200483,1610612751,BKN,Brooklyn,1629651,Nic Claxton,Nic,C,,29:33,9.0,10.0,0.9,0.0,0.0,0.0,1.0,2.0,0.5,2.0,6.0,8.0,5.0,3.0,0.0,0.0,2.0,19.0,13.0
22200483,1610612751,BKN,Brooklyn,202681,Kyrie Irving,Kyrie,G,,35:18,6.0,18.0,0.333,3.0,7.0,0.429,3.0,3.0,1.0,1.0,8.0,9.0,6.0,0.0,0.0,2.0,2.0,18.0,21.0
22200483,1610612751,BKN,Brooklyn,1627732,Ben Simmons,Ben,G,,28:12,6.0,9.0,0.667,0.0,0.0,0.0,0.0,0.0,0.0,5.0,6.0,11.0,8.0,3.0,0.0,1.0,4.0,12.0,26.0
22200483,1610612751,BKN,Brooklyn,203552,Seth Curry,Seth,,,24:59,2.0,9.0,0.222,1.0,4.0,0.25,0.0,0.0,0.0,1.0,0.0,1.0,0.0,2.0,0.0,1.0,1.0,5.0,6.0
22200483,1610612751,BKN,Brooklyn,1628410,Edmond Sumner,Edmond,,,10:07,1.0,6.0,0.167,0.0,1.0,0.0,2.0,2.0,1.0,0.0,1.0,1.0,2.0,0.0,1.0,0.0,2.0,4.0,1.0
22200483,1610612751,BKN,Brooklyn,203933,T.J. Warren,T.J.,,,21:17,5.0,11.0,0.455,2.0,4.0,0.5,0.0,0.0,0.0,2.0,4.0,6.0,3.0,1.0,0.0,1.0,1.0,12.0,-5.0
22200483,1610612751,BKN,Brooklyn,1629139,Yuta Watanabe,Yuta,,,22:60,1.0,3.0,0.333,1.0,2.0,0.5,2.0,2.0,1.0,0.0,2.0,2.0,0.0,1.0,0.0,0.0,2.0,5.0,-7.0
22200483,1610612751,BKN,Brooklyn,1630549,Day'Ron Sharpe,Day'Ron,,,2:46,1.0,1.0,1.0,0.0,0.0,0.0,0.0,0.0,0.0,1.0,0.0,1.0,0.0,0.0,0.0,1.0,0.0,2.0,-3.0
22200483,1610612751,BKN,Brooklyn,1630560,Cam Thomas,Cam,,,2:46,0.0,0.0,0.0,0.0,0.0,0.0,0.0,0.0,0.0,0.0,0.0,0.0,0.0,0.0,0.0,0.0,0.0,0.0,-3.0
22200483,1610612751,BKN,Brooklyn,201988,Patty Mills,Patty,,DNP - Coach's Decision,,,,,,,,,,,,,,,,,,,,
22200483,1610612751,BKN,Brooklyn,202693,Markieff Morris,Markieff,,DNP - Coach's Decision,,,,,,,,,,,,,,,,,,,,
22200488,1610612740,NOP,New Orleans,1630530,Trey Murphy III,Trey,F,,39:35,8.0,13.0,0.615,5.0,8.0,0.625,2.0,2.0,1.0,1.0,4.0,5.0,1.0,2.0,0.0,2.0,1.0,23.0,6.0
22200488,1610612740,NOP,New Orleans,1630230,Naji Marshall,Naji,F,,33:58,4.0,10.0,0.4,1.0,4.0,0.25,8.0,10.0,0.8,0.0,8.0,8.0,3.0,1.0,0.0,3.0,3.0,17.0,-2.0
22200488,1610612740,NOP,New Orleans,202685,Jonas Valančiūnas,Jonas,C,,27:16,4.0,8.0,0.5,0.0,2.0,0.0,2.0,2.0,1.0,5.0,2.0,7.0,0.0,0.0,0.0,1.0,3.0,10.0,-3.0
22200488,1610612740,NOP,New Orleans,1630529,Herbert Jones,Herbert,G,,36:33,4.0,12.0,0.333,0.0,3.0,0.0,7.0,8.0,0.875,1.0,5.0,6.0,3.0,3.0,1.0,3.0,5.0,15.0,3.0
22200488,1610612740,NOP,New Orleans,203468,CJ McCollum,CJ,G,,35:42,5.0,18.0,0.278,3.0,8.0,0.375,4.0,4.0,1.0,0.0,6.0,6.0,11.0,1.0,2.0,4.0,2.0,17.0,3.0
22200488,1610612740,NOP,New Orleans,1630700,Dyson Daniels,Dyson,,,14:33,0.0,3.0,0.0,0.0,1.0,0.0,0.0,0.0,0.0,2.0,3.0,5.0,2.0,2.0,0.0,1.0,1.0,0.0,2.0
22200488,1610612740,NOP,New Orleans,1626195,Willy Hernangomez,Willy,,,9:17,2.0,5.0,0.4,0.0,0.0,0.0,1.0,2.0,0.5,1.0,5.0,6.0,1.0,0.0,1.0,3.0,1.0,5.0,0.0
22200488,1610612740,NOP,New Orleans,1628984,Devonte' Graham,Devonte',,,18:18,3.0,6.0,0.5,1.0,4.0,0.25,2.0,2.0,1.0,1.0,1.0,2.0,5.0,1.0,0.0,1.0,1.0,9.0,-1.0
22200488,1610612740,NOP,New Orleans,1630631,Jose Alvarado,Jose,,,22:03,3.0,10.0,0.3,3.0,7.0,0.429,2.0,2.0,1.0,0.0,4.0,4.0,0.0,0.0,0.0,1.0,1.0,11.0,2.0
22200488,1610612740,NOP,New Orleans,1629637,Jaxson Hayes,Jaxson,,,27:45,8.0,9.0,0.889,0.0,0.0,0.0,5.0,8.0,0.625,2.0,4.0,6.0,4.0,0.0,0.0,2.0,3.0,21.0,5.0
22200488,1610612740,NOP,New Orleans,1630184,Kira Lewis Jr.,Kira,,DNP - Coach's Decision,,,,,,,,,,,,,,,,,,,,
22200488,1610612740,NOP,New Orleans,202066,Garrett Temple,Garrett,,DNP - Coach's Decision,,,,,,,,,,,,,,,,,,,,
22200488,1610612760,OKC,Oklahoma City,1629652,Luguentz Dort,Luguentz,F,,39:50,3.0,10.0,0.3,0.0,4.0,0.0,4.0,7.0,0.571,0.0,2.0,2.0,2.0,0.0,0.0,2.0,2.0,10.0,-5.0
22200488,1610612760,OKC,Oklahoma City,1631114,Jalen Williams,Jalen,F,,30:05,4.0,12.0,0.333,0.0,3.0,0.0,3.0,4.0,0.75,3.0,4.0,7.0,3.0,0.0,0.0,3.0,4.0,11.0,-9.0
22200488,1610612760,OKC,Oklahoma City,1630197,Aleksej Pokusevski,Aleksej,C,,31:37,7.0,11.0,0.636,3.0,5.0,0.6,0.0,0.0,0.0,0.0,6.0,6.0,3.0,4.0,1.0,1.0,5.0,17.0,-6.0
22200488,1610612760,OKC,Oklahoma City,1630581,Josh Giddey,Josh,G,,34:03,9.0,15.0,0.6,2.0,3.0,0.667,0.0,0.0,0.0,4.0,6.0,10.0,6.0,1.0,1.0,5.0,5.0,20.0,10.0
22200488,1610612760,OKC,Oklahoma City,1628983,Shai Gilgeous-Alexander,Shai,G,,43:05,17.0,29.0,0.586,3.0,4.0,0.75,7.0,9.0,0.778,1.0,9.0,10.0,6.0,2.0,1.0,2.0,4.0,44.0,-6.0
22200488,1610612760,OKC,Oklahoma City,1630198,Isaiah Joe,Isaiah,,,12:07,0.0,4.0,0.0,0.0,3.0,0.0,0.0,0.0,0.0,0.0,0.0,0.0,1.0,1.0,0.0,0.0,1.0,0.0,-8.0
22200488,1610612760,OKC,Oklahoma City,1629026,Kenrich Williams,Kenrich,,,26:01,3.0,6.0,0.5,1.0,3.0,0.333,2.0,3.0,0.667,1.0,4.0,5.0,2.0,0.0,0.0,0.0,2.0,9.0,-11.0
22200488,1610612760,OKC,Oklahoma City,1629647,Darius Bazley,Darius,,,4:02,0.0,0.0,0.0,0.0,0.0,0.0,0.0,0.0,0.0,0.0,1.0,1.0,0.0,0.0,0.0,0.0,0.0,0.0,-6.0
22200488,1610612760,OKC,Oklahoma City,1630322,Lindy Waters III,Lindy,,,9:02,0.0,1.0,0.0,0.0,1.0,0.0,0.0,0.0,0.0,0.0,1.0,1.0,1.0,0.0,0.0,1.0,0.0,0.0,11.0
22200488,1610612760,OKC,Oklahoma City,1630544,Tre Mann,Tre,,,14:02,3.0,8.0,0.375,3.0,5.0,0.6,0.0,0.0,0.0,0.0,0.0,0.0,0.0,0.0,1.0,2.0,2.0,9.0,5.0
22200488,1610612760,OKC,Oklahoma City,1630598,Aaron Wiggins,Aaron,,,6:09,0.0,2.0,0.0,0.0,1.0,0.0,0.0,0.0,0.0,0.0,2.0,2.0,0.0,1.0,0.0,2.0,0.0,0.0,-2.0
22200488,1610612760,OKC,Oklahoma City,203488,Mike Muscala,Mike,,,14:57,1.0,4.0,0.25,1.0,3.0,0.333,2.0,2.0,1.0,1.0,2.0,3.0,3.0,0.0,1.0,0.0,1.0,5.0,12.0
22200488,1610612760,OKC,Oklahoma City,1630647,Eugene Omoruyi,Eugene,,DNP - Coach's Decision,,,,,,,,,,,,,,,,,,,,
22200485,1610612741,CHI,Chicago,201942,DeMar DeRozan,DeMar,F,,36:59,9.0,21.0,0.429,1.0,3.0,0.333,6.0,7.0,0.857,0.0,7.0,7.0,10.0,2.0,1.0,0.0,5.0,25.0,2.0
22200485,1610612741,CHI,Chicago,1630172,Patrick Williams,Patrick,F,,36:52,3.0,8.0,0.375,1.0,2.0,0.5,0.0,0.0,0.0,2.0,5.0,7.0,2.0,1.0,1.0,1.0,1.0,7.0,3.0
22200485,1610612741,CHI,Chicago,202696,Nikola Vučević,Nikola,C,,39:04,8.0,16.0,0.5,3.0,7.0,0.429,2.0,2.0,1.0,3.0,9.0,12.0,2.0,1.0,0.0,1.0,3.0,21.0,9.0
22200485,1610612741,CHI,Chicago,1630245,Ayo Dosunmu,Ayo,G,,32:43,4.0,8.0,0.5,1.0,2.0,0.5,0.0,0.0,0.0,0.0,3.0,3.0,6.0,1.0,2.0,1.0,4.0,9.0,9.0
22200485,1610612741,CHI,Chicago,203897,Zach LaVine,Zach,G,,37:11,12.0,22.0,0.545,4.0,9.0,0.444,5.0,5.0,1.0,1.0,3.0,4.0,3.0,1.0,0.0,0.0,4.0,33.0,3.0
22200485,1610612741,CHI,Chicago,1629632,Coby White,Coby,,,19:22,3.0,5.0,0.6,2.0,4.0,0.5,0.0,0.0,0.0,0.0,0.0,0.0,0.0,0.0,0.0,1.0,3.0,8.0,-11.0
22200485,1610612741,CHI,Chicago,203083,Andre Drummond,Andre,,,20:04,3.0,7.0,0.429,0.0,0.0,0.0,0.0,2.0,0.0,5.0,3.0,8.0,0.0,0.0,0.0,0.0,2.0,6.0,-10.0
22200485,1610612741,CHI,Chicago,201609,Goran Dragic,Goran,,,17:45,3.0,6.0,0.5,2.0,4.0,0.5,1.0,2.0,0.5,0.0,0.0,0.0,1.0,0.0,0.0,0.0,0.0,9.0,0.0
22200485,1610612741,CHI,Chicago,1628396,Tony Bradley,Tony,,DNP - Coach's Decision,,,,,,,,,,,,,,,,,,,,
22200485,1610612741,CHI,Chicago,1630792,Malcolm Hill,Malcolm,,DNP - Coach's Decision,,,,,,,,,,,,,,,,,,,,
22200485,1610612741,CHI,Chicago,1630637,Carlik Jones,Carlik,,DNP - Coach's Decision,,,,,,,,,,,,,,,,,,,,
22200485,1610612741,CHI,Chicago,1630250,Marko Simonovic,Marko,,DNP - Coach's Decision,,,,,,,,,,,,,,,,,,,,
22200485,1610612741,CHI,Chicago,1631207,Dalen Terry,Dalen,,DNP - Coach's Decision,,,,,,,,,,,,,,,,,,,,
22200485,1610612752,NYK,New York,1629628,RJ Barrett,RJ,F,,39:23,14.0,20.0,0.7,6.0,6.0,1.0,10.0,13.0,0.769,1.0,6.0,7.0,4.0,0.0,0.0,6.0,5.0,44.0,-1.0
22200485,1610612752,NYK,New York,203944,Julius Randle,Julius,F,,38:21,11.0,22.0,0.5,5.0,10.0,0.5,2.0,5.0,0.4,2.0,10.0,12.0,3.0,1.0,2.0,1.0,2.0,29.0,-9.0
22200485,1610612752,NYK,New York,1629011,Mitchell Robinson,Mitchell,C,,28:51,1.0,3.0,0.333,0.0,0.0,0.0,0.0,0.0,0.0,3.0,3.0,6.0,1.0,0.0,0.0,0.0,3.0,2.0,-9.0
22200485,1610612752,NYK,New York,1628973,Jalen Brunson,Jalen,G,,38:08,5.0,15.0,0.333,1.0,3.0,0.333,1.0,4.0,0.25,1.0,3.0,4.0,9.0,0.0,0.0,1.0,0.0,12.0,-7.0
22200485,1610612752,NYK,New York,1629656,Quentin Grimes,Quentin,G,,35:30,3.0,11.0,0.273,2.0,8.0,0.25,0.0,2.0,0.0,1.0,2.0,3.0,1.0,0.0,1.0,2.0,4.0,8.0,-12.0
22200485,1610612752,NYK,New York,1628392,Isaiah Hartenstein,Isaiah,,,19:09,2.0,2.0,1.0,1.0,1.0,1.0,0.0,0.0,0.0,1.0,6.0,7.0,0.0,0.0,1.0,0.0,3.0,5.0,8.0
22200485,1610612752,NYK,New York,1630193,Immanuel Quickley,Immanuel,,,21:07,6.0,10.0,0.6,1.0,5.0,0.2,2.0,2.0,1.0,1.0,2.0,3.0,3.0,0.0,0.0,0.0,0.0,15.0,11.0
22200485,1610612752,NYK,New York,1630540,Miles McBride,Miles,,,9:53,1.0,3.0,0.333,0.0,2.0,0.0,0.0,0.0,0.0,0.0,0.0,0.0,2.0,0.0,0.0,0.0,0.0,2.0,6.0
22200485,1610612752,NYK,New York,1630579,Jericho Sims,Jericho,,,9:39,0.0,0.0,0.0,0.0,0.0,0.0,0.0,0.0,0.0,2.0,3.0,5.0,0.0,1.0,0.0,0.0,0.0,0.0,8.0
22200485,1610612752,NYK,New York,1627853,Ryan Arcidiacono,Ryan,,DNP - Coach's Decision,,,,,,,,,,,,,,,,,,,,
22200485,1610612752,NYK,New York,203095,Evan Fournier,Evan,,DNP - Coach's Decision,,,,,,,,,,,,,,,,,,,,
22200485,1610612752,NYK,New York,1629004,Svi Mykhailiuk,Svi,,DNP - Coach's Decision,,,,,,,,,,,,,,,,,,,,
22200485,1610612752,NYK,New York,1629629,Cam Reddish,Cam,,DNP - Coach's Decision,,,,,,,,,,,,,,,,,,,,
22200485,1610612752,NYK,New York,201565,Derrick Rose,Derrick,,DNP - Coach's Decision,,,,,,,,,,,,,,,,,,,,
22200479,1610612759,SAS,San Antonio,1629640,Keldon Johnson,Keldon,F,,30:43,5.0,14.0,0.357,2.0,7.0,0.286,5.0,9.0,0.556,0.0,4.0,4.0,4.0,1.0,0.0,2.0,2.0,17.0,-14.0
22200479,1610612759,SAS,San Antonio,1631110,Jeremy Sochan,Jeremy,F,,25:57,6.0,14.0,0.429,0.0,3.0,0.0,1.0,1.0,1.0,3.0,6.0,9.0,4.0,0.0,2.0,1.0,5.0,13.0,-4.0
22200479,1610612759,SAS,San Antonio,1627751,Jakob Poeltl,Jakob,C,,21:23,3.0,4.0,0.75,0.0,0.0,0.0,0.0,0.0,0.0,2.0,2.0,4.0,0.0,0.0,1.0,1.0,4.0,6.0,-6.0
22200479,1610612759,SAS,San Antonio,1630170,Devin Vassell,Devin,G,,27:26,6.0,15.0,0.4,2.0,7.0,0.286,0.0,0.0,0.0,0.0,0.0,0.0,2.0,4.0,1.0,2.0,0.0,14.0,-12.0
22200479,1610612759,SAS,San Antonio,1630200,Tre Jones,Tre,G,,26:39,7.0,10.0,0.7,2.0,2.0,1.0,0.0,0.0,0.0,1.0,3.0,4.0,8.0,2.0,0.0,3.0,1.0,16.0,-7.0
22200479,1610612759,SAS,San Antonio,1626196,Josh Richardson,Josh,,,18:03,2.0,10.0,0.2,0.0,4.0,0.0,3.0,3.0,1.0,1.0,0.0,1.0,3.0,2.0,0.0,1.0,1.0,7.0,-15.0
22200479,1610612759,SAS,San Antonio,1631103,Malaki Branham,Malaki,,,17:17,4.0,5.0,0.8,1.0,1.0,1.0,0.0,0.0,0.0,1.0,1.0,2.0,3.0,0.0,1.0,1.0,2.0,9.0,-6.0
22200479,1610612759,SAS,San Antonio,1628380,Zach Collins,Zach,,,21:48,4.0,7.0,0.571,1.0,1.0,1.0,0.0,1.0,0.0,3.0,2.0,5.0,1.0,0.0,1.0,1.0,2.0,9.0,-17.0
22200479,1610612759,SAS,San Antonio,1626169,Stanley Johnson,Stanley,,,22:37,3.0,5.0,0.6,1.0,3.0,0.333,0.0,0.0,0.0,2.0,2.0,4.0,3.0,1.0,0.0,0.0,1.0,7.0,-18.0
22200479,1610612759,SAS,San Antonio,203926,Doug McDermott,Doug,,,19:27,4.0,12.0,0.333,3.0,9.0,0.333,2.0,2.0,1.0,0.0,2.0,2.0,0.0,0.0,0.0,1.0,0.0,13.0,-10.0
22200479,1610612759,SAS,San Antonio,1629646,Charles Bassey,Charles,,,4:49,0.0,0.0,0.0,0.0,0.0,0.0,2.0,2.0,1.0,0.0,2.0,2.0,0.0,0.0,0.0,0.0,0.0,2.0,3.0
22200479,1610612759,SAS,San Antonio,1629676,Isaiah Roby,Isaiah,,,3:51,0.0,1.0,0.0,0.0,1.0,0.0,0.0,0.0,0.0,0.0,1.0,1.0,0.0,0.0,0.0,0.0,0.0,0.0,6.0
22200479,1610612759,SAS,San Antonio,1628966,Keita Bates-Diop,Keita,,DNP - Coach's Decision,,,,,,,,,,,,,,,,,,,,
22200479,1610612759,SAS,San Antonio,203476,Gorgui Dieng,Gorgui,,DNP - Coach's Decision,,,,,,,,,,,,,,,,,,,,
22200479,1610612759,SAS,San Antonio,1629641,Romeo Langford,Romeo,,DNP - Coach's Decision,,,,,,,,,,,,,,,,,,,,
22200479,1610612753,ORL,Orlando,1629626,Bol Bol,Bol,F,,23:46,6.0,8.0,0.75,2.0,3.0,0.667,0.0,0.0,0.0,0.0,2.0,2.0,0.0,2.0,1.0,2.0,1.0,14.0,4.0
22200479,1610612753,ORL,Orlando,1631094,Paolo Banchero,Paolo,F,,29:15,7.0,15.0,0.467,3.0,6.0,0.5,1.0,1.0,1.0,0.0,6.0,6.0,4.0,0.0,0.0,2.0,0.0,18.0,13.0
22200479,1610612753,ORL,Orlando,1629021,Moritz Wagner,Moritz,C,,26:19,6.0,11.0,0.545,1.0,3.0,0.333,4.0,4.0,1.0,3.0,5.0,8.0,1.0,0.0,0.0,3.0,2.0,17.0,14.0
22200479,1610612753,ORL,Orlando,1630532,Franz Wagner,Franz,G,,31:20,7.0,15.0,0.467,2.0,3.0,0.667,5.0,5.0,1.0,0.0,0.0,0.0,4.0,1.0,0.0,1.0,1.0,21.0,36.0
22200479,1610612753,ORL,Orlando,1628365,Markelle Fultz,Markelle,G,,23:49,3.0,5.0,0.6,0.0,0.0,0.0,2.0,4.0,0.5,0.0,7.0,7.0,8.0,4.0,0.0,2.0,1.0,8.0,2.0
22200479,1610612753,ORL,Orlando,1630175,Cole Anthony,Cole,,,30:30,8.0,10.0,0.8,4.0,4.0,1.0,3.0,3.0,1.0,1.0,9.0,10.0,9.0,0.0,0.0,3.0,5.0,23.0,22.0
22200479,1610612753,ORL,Orlando,1628976,Wendell Carter Jr.,Wendell,,,18:49,4.0,9.0,0.444,0.0,5.0,0.0,0.0,1.0,0.0,0.0,4.0,4.0,2.0,1.0,0.0,2.0,0.0,8.0,1.0
22200479,1610612753,ORL,Orlando,203082,Terrence Ross,Terrence,,,6:34,1.0,1.0,1.0,0.0,0.0,0.0,0.0,0.0,0.0,0.0,0.0,0.0,0.0,0.0,0.0,1.0,0.0,2.0,-8.0
22200479,1610612753,ORL,Orlando,203914,Gary Harris,Gary,,,20:33,4.0,5.0,0.8,1.0,2.0,0.5,0.0,0.0,0.0,0.0,2.0,2.0,2.0,0.0,0.0,1.0,2.0,9.0,14.0
22200479,1610612753,ORL,Orlando,1628964,Mo Bamba,Mo,,,18:45,3.0,5.0,0.6,3.0,4.0,0.75,0.0,0.0,0.0,3.0,2.0,5.0,0.0,0.0,1.0,0.0,2.0,9.0,7.0
22200479,1610612753,ORL,Orlando,1631216,Caleb Houstan,Caleb,,,5:31,1.0,2.0,0.5,1.0,2.0,0.5,0.0,0.0,0.0,0.0,0.0,0.0,0.0,0.0,0.0,0.0,1.0,3.0,-2.0
22200479,1610612753,ORL,Orlando,1630181,R.J. Hampton,R.J.,,,4:49,0.0,1.0,0.0,0.0,0.0,0.0,1.0,2.0,0.5,0.0,0.0,0.0,0.0,0.0,0.0,0.0,0.0,1.0,-3.0
22200479,1610612753,ORL,Orlando,1630284,Kevon Harris,Kevon,,DNP - Coach's Decision,,,,,,,,,,,,,,,,,,,,
22200479,1610612753,ORL,Orlando,1629678,Admiral Schofield,Admiral,,DNP - Coach's Decision,,,,,,,,,,,,,,,,,,,,
22200487,1610612742,DAL,Dallas,203501,Tim Hardaway Jr.,Tim,F,,32:25,2.0,13.0,0.154,0.0,7.0,0.0,3.0,4.0,0.75,0.0,7.0,7.0,4.0,0.0,1.0,0.0,2.0,7.0,-6.0
22200487,1610612742,DAL,Dallas,203493,Reggie Bullock Jr.,Reggie,F,,26:54,1.0,4.0,0.25,1.0,4.0,0.25,0.0,0.0,0.0,0.0,2.0,2.0,1.0,1.0,0.0,0.0,0.0,3.0,-7.0
22200487,1610612742,DAL,Dallas,1626174,Christian Wood,Christian,C,,28:06,2.0,6.0,0.333,1.0,3.0,0.333,3.0,3.0,1.0,0.0,5.0,5.0,0.0,0.0,4.0,1.0,3.0,8.0,-3.0
22200487,1610612742,DAL,Dallas,203915,Spencer Dinwiddie,Spencer,G,,37:13,3.0,8.0,0.375,3.0,8.0,0.375,2.0,2.0,1.0,0.0,0.0,0.0,1.0,0.0,0.0,0.0,3.0,11.0,3.0
22200487,1610612742,DAL,Dallas,1629029,Luka Dončić,Luka,G,,42:16,17.0,30.0,0.567,6.0,12.0,0.5,10.0,12.0,0.833,0.0,8.0,8.0,10.0,3.0,0.0,7.0,3.0,50.0,0.0
22200487,1610612742,DAL,Dallas,203939,Dwight Powell,Dwight,,,17:47,1.0,1.0,1.0,0.0,0.0,0.0,1.0,1.0,1.0,3.0,1.0,4.0,1.0,0.0,0.0,0.0,5.0,3.0,9.0
22200487,1610612742,DAL,Dallas,1628373,Frank Ntilikina,Frank,,,12:36,3.0,4.0,0.75,1.0,2.0,0.5,2.0,2.0,1.0,0.0,0.0,0.0,1.0,1.0,0.0,4.0,0.0,9.0,7.0
22200487,1610612742,DAL,Dallas,202722,Dāvis Bertāns,Dāvis,,,17:16,3.0,7.0,0.429,2.0,6.0,0.333,3.0,3.0,1.0,2.0,0.0,2.0,0.0,2.0,1.0,0.0,2.0,11.0,23.0
22200487,1610612742,DAL,Dallas,1630593,McKinley Wright IV,McKinley,,,9:49,1.0,3.0,0.333,0.0,0.0,0.0,0.0,0.0,0.0,1.0,2.0,3.0,1.0,2.0,1.0,2.0,2.0,2.0,2.0
22200487,1610612742,DAL,Dallas,1629033,Theo Pinson,Theo,,,13:50,2.0,3.0,0.667,2.0,2.0,1.0,0.0,0.0,0.0,1.0,2.0,3.0,1.0,1.0,0.0,0.0,1.0,6.0,3.0
22200487,1610612742,DAL,Dallas,201580,JaVale McGee,JaVale,,,1:48,1.0,1.0,1.0,0.0,0.0,0.0,0.0,0.0,0.0,0.0,0.0,0.0,0.0,0.0,0.0,0.0,0.0,2.0,-1.0
22200487,1610612742,DAL,Dallas,1628416,Tyler Dorsey,Tyler,,DNP - Coach's Decision,,,,,,,,,,,,,,,,,,,,
22200487,1610612745,HOU,Houston,1630231,KJ Martin,KJ,F,,29:38,4.0,7.0,0.571,2.0,2.0,1.0,0.0,0.0,0.0,0.0,3.0,3.0,1.0,3.0,0.0,1.0,2.0,10.0,13.0
22200487,1610612745,HOU,Houston,1631095,Jabari Smith Jr.,Jabari,F,,33:43,10.0,17.0,0.588,3.0,8.0,0.375,1.0,1.0,1.0,1.0,9.0,10.0,3.0,0.0,1.0,1.0,4.0,24.0,4.0
22200487,1610612745,HOU,Houston,1630578,Alperen Sengun,Alperen,C,,26:36,6.0,9.0,0.667,0.0,0.0,0.0,7.0,8.0,0.875,2.0,6.0,8.0,7.0,1.0,0.0,0.0,3.0,19.0,12.0
22200487,1610612745,HOU,Houston,1630224,Jalen Green,Jalen,G,,38:49,6.0,17.0,0.353,0.0,4.0,0.0,11.0,12.0,0.917,1.0,7.0,8.0,4.0,2.0,0.0,3.0,0.0,23.0,6.0
22200487,1610612745,HOU,Houston,1629645,Kevin Porter Jr.,Kevin,G,,31:43,5.0,13.0,0.385,1.0,7.0,0.143,3.0,3.0,1.0,0.0,1.0,1.0,4.0,1.0,0.0,2.0,4.0,14.0,5.0
22200487,1610612745,HOU,Houston,1630227,Daishen Nix,Daishen,,,8:53,1.0,2.0,0.5,1.0,2.0,0.5,0.0,2.0,0.0,0.0,0.0,0.0,0.0,0.0,0.0,2.0,1.0,3.0,-14.0
22200487,1610612745,HOU,Houston,1630586,Usman Garuba,Usman,,,13:01,1.0,3.0,0.333,0.0,0.0,0.0,0.0,0.0,0.0,6.0,3.0,9.0,3.0,0.0,0.0,1.0,2.0,2.0,-7.0
22200487,1610612745,HOU,Houston,1631106,Tari Eason,Tari,,,20:30,3.0,5.0,0.6,1.0,1.0,1.0,0.0,0.0,0.0,1.0,2.0,3.0,0.0,1.0,1.0,4.0,2.0,7.0,-15.0
22200487,1610612745,HOU,Houston,1629726,Garrison Mathews,Garrison,,,12:16,0.0,1.0,0.0,0.0,1.0,0.0,0.0,0.0,0.0,0.0,1.0,1.0,2.0,1.0,0.0,0.0,0.0,0.0,-16.0
22200487,1610612745,HOU,Houston,1628981,Bruno Fernando,Bruno,,,8:24,0.0,1.0,0.0,0.0,0.0,0.0,2.0,2.0,1.0,1.0,0.0,1.0,0.0,0.0,1.0,0.0,2.0,2.0,-11.0
22200487,1610612745,HOU,Houston,1630528,Josh Christopher,Josh,,,4:23,0.0,1.0,0.0,0.0,0.0,0.0,0.0,0.0,0.0,0.0,0.0,0.0,1.0,0.0,0.0,0.0,0.0,0.0,-5.0
22200487,1610612745,HOU,Houston,1631102,TyTy Washington Jr.,TyTy,,,12:06,1.0,5.0,0.2,0.0,1.0,0.0,0.0,0.0,0.0,0.0,1.0,1.0,1.0,0.0,0.0,0.0,1.0,2.0,-2.0
22200487,1610612745,HOU,Houston,1630620,Darius Days,Darius,,DNP - Coach's Decision,,,,,,,,,,,,,,,,,,,,
22200487,1610612745,HOU,Houston,1626246,Boban Marjanović,Boban,,DNP - Coach's Decision,,,,,,,,,,,,,,,,,,,,
22200490,1610612763,MEM,Memphis,1628415,Dillon Brooks,Dillon,F,,25:06,7.0,9.0,0.778,1.0,1.0,1.0,1.0,1.0,1.0,0.0,0.0,0.0,2.0,2.0,0.0,1.0,3.0,16.0,25.0
22200490,1610612763,MEM,Memphis,1628991,Jaren Jackson Jr.,Jaren,F,,27:49,9.0,17.0,0.529,1.0,4.0,0.25,5.0,6.0,0.833,3.0,7.0,10.0,1.0,1.0,2.0,0.0,1.0,24.0,22.0
22200490,1610612763,MEM,Memphis,203500,Steven Adams,Steven,C,,22:15,3.0,5.0,0.6,0.0,0.0,0.0,0.0,4.0,0.0,7.0,4.0,11.0,2.0,1.0,1.0,0.0,0.0,6.0,16.0
22200490,1610612763,MEM,Memphis,1630217,Desmond Bane,Desmond,G,,24:21,4.0,13.0,0.308,2.0,8.0,0.25,7.0,7.0,1.0,0.0,3.0,3.0,2.0,1.0,0.0,1.0,4.0,17.0,8.0
22200490,1610612763,MEM,Memphis,1629630,Ja Morant,Ja,G,,28:00,4.0,14.0,0.286,0.0,2.0,0.0,4.0,6.0,0.667,2.0,3.0,5.0,11.0,0.0,0.0,3.0,1.0,12.0,27.0
22200490,1610612763,MEM,Memphis,1629723,John Konchar,John,,,18:46,0.0,1.0,0.0,0.0,1.0,0.0,1.0,2.0,0.5,0.0,3.0,3.0,4.0,2.0,0.0,0.0,2.0,1.0,24.0
22200490,1610612763,MEM,Memphis,1629634,Brandon Clarke,Brandon,,,21:12,7.0,10.0,0.7,0.0,0.0,0.0,10.0,10.0,1.0,5.0,5.0,10.0,0.0,2.0,0.0,1.0,1.0,24.0,12.0
22200490,1610612763,MEM,Memphis,1630583,Santi Aldama,Santi,,,20:11,4.0,7.0,0.571,2.0,2.0,1.0,0.0,2.0,0.0,1.0,3.0,4.0,1.0,0.0,2.0,0.0,2.0,10.0,3.0
22200490,1610612763,MEM,Memphis,1626145,Tyus Jones,Tyus,,,15:20,1.0,5.0,0.2,0.0,2.0,0.0,0.0,0.0,0.0,0.0,2.0,2.0,4.0,1.0,0.0,1.0,0.0,2.0,2.0
22200490,1610612763,MEM,Memphis,1630533,Ziaire Williams,Ziaire,,,23:07,3.0,5.0,0.6,0.0,1.0,0.0,0.0,0.0,0.0,0.0,2.0,2.0,2.0,1.0,0.0,3.0,5.0,6.0,-3.0
22200490,1610612763,MEM,Memphis,1631222,Jake LaRavia,Jake,,,4:40,0.0,0.0,0.0,0.0,0.0,0.0,0.0,0.0,0.0,0.0,1.0,1.0,1.0,0.0,0.0,0.0,2.0,0.0,-4.0
22200490,1610612763,MEM,Memphis,1631223,David Roddy,David,,,4:40,2.0,4.0,0.5,1.0,2.0,0.5,0.0,0.0,0.0,0.0,1.0,1.0,0.0,0.0,0.0,0.0,1.0,5.0,-4.0
22200490,1610612763,MEM,Memphis,1630214,Xavier Tillman,Xavier,,,4:33,1.0,1.0,1.0,0.0,0.0,0.0,0.0,0.0,0.0,1.0,0.0,1.0,0.0,0.0,0.0,0.0,0.0,2.0,-3.0
22200490,1610612763,MEM,Memphis,1631113,Kennedy Chandler,Kennedy,,DNP - Coach's Decision,,,,,,,,,,,,,,,,,,,,
22200490,1610612756,PHX,Phoenix,1628969,Mikal Bridges,Mikal,F,,28:11,2.0,7.0,0.286,0.0,2.0,0.0,1.0,2.0,0.5,0.0,2.0,2.0,3.0,0.0,0.0,2.0,4.0,5.0,-18.0
22200490,1610612756,PHX,Phoenix,1628470,Torrey Craig,Torrey,F,,18:50,2.0,7.0,0.286,2.0,6.0,0.333,2.0,2.0,1.0,0.0,2.0,2.0,0.0,2.0,0.0,0.0,3.0,8.0,-3.0
22200490,1610612756,PHX,Phoenix,1629028,Deandre Ayton,Deandre,C,,21:02,9.0,12.0,0.75,0.0,1.0,0.0,0.0,2.0,0.0,1.0,4.0,5.0,0.0,0.0,0.0,0.0,4.0,18.0,-11.0
22200490,1610612756,PHX,Phoenix,1629013,Landry Shamet,Landry,G,,31:22,6.0,16.0,0.375,3.0,10.0,0.3,0.0,0.0,0.0,1.0,4.0,5.0,3.0,1.0,0.0,2.0,0.0,15.0,-17.0
22200490,1610612756,PHX,Phoenix,101108,Chris Paul,Chris,G,,24:34,5.0,8.0,0.625,0.0,1.0,0.0,0.0,0.0,0.0,0.0,2.0,2.0,3.0,0.0,0.0,1.0,1.0,10.0,-20.0
22200490,1610612756,PHX,Phoenix,203967,Dario Šarić,Dario,,,3:50,0.0,1.0,0.0,0.0,1.0,0.0,0.0,0.0,0.0,0.0,0.0,0.0,0.0,0.0,0.0,1.0,1.0,0.0,-11.0
22200490,1610612756,PHX,Phoenix,1629006,Josh Okogie,Josh,,,24:03,3.0,5.0,0.6,1.0,3.0,0.333,0.0,0.0,0.0,2.0,2.0,4.0,3.0,0.0,0.0,2.0,1.0,7.0,-5.0
22200490,1610612756,PHX,Phoenix,202687,Bismack Biyombo,Bismack,,,21:22,3.0,3.0,1.0,0.0,0.0,0.0,0.0,3.0,0.0,1.0,3.0,4.0,2.0,2.0,4.0,3.0,4.0,6.0,-17.0
22200490,1610612756,PHX,Phoenix,1630613,Duane Washington Jr.,Duane,,,19:00,5.0,15.0,0.333,2.0,5.0,0.4,2.0,4.0,0.5,0.0,3.0,3.0,5.0,0.0,0.0,0.0,0.0,14.0,-5.0
22200490,1610612756,PHX,Phoenix,1627814,Damion Lee,Damion,,,21:32,2.0,4.0,0.5,1.0,2.0,0.5,5.0,5.0,1.0,0.0,2.0,2.0,2.0,0.0,0.0,2.0,3.0,10.0,-6.0
22200490,1610612756,PHX,Phoenix,1630688,Ish Wainright,Ish,,,15:39,1.0,3.0,0.333,0.0,2.0,0.0,1.0,2.0,0.5,2.0,0.0,2.0,0.0,0.0,1.0,1.0,4.0,3.0,-12.0
22200490,1610612756,PHX,Phoenix,1629111,Jock Landale,Jock,,,10:35,0.0,6.0,0.0,0.0,2.0,0.0,4.0,6.0,0.667,4.0,0.0,4.0,2.0,1.0,0.0,0.0,1.0,4.0,0.0
22200477,1610612759,SAS,San Antonio,1629641,Romeo Langford,Romeo,F,,18:06,1.0,1.0,1.0,0.0,0.0,0.0,0.0,0.0,0.0,1.0,1.0,2.0,0.0,1.0,0.0,2.0,5.0,2.0,-2.0
22200477,1610612759,SAS,San Antonio,1631110,Jeremy Sochan,Jeremy,F,,31:01,7.0,14.0,0.5,2.0,4.0,0.5,7.0,10.0,0.7,6.0,3.0,9.0,6.0,1.0,0.0,2.0,1.0,23.0,-14.0
22200477,1610612759,SAS,San Antonio,1627751,Jakob Poeltl,Jakob,C,,21:42,6.0,9.0,0.667,0.0,0.0,0.0,1.0,1.0,1.0,1.0,3.0,4.0,1.0,1.0,0.0,2.0,4.0,13.0,-4.0
22200477,1610612759,SAS,San Antonio,1630170,Devin Vassell,Devin,G,,30:20,4.0,13.0,0.308,1.0,6.0,0.167,1.0,1.0,1.0,0.0,9.0,9.0,5.0,3.0,0.0,2.0,1.0,10.0,-18.0
22200477,1610612759,SAS,San Antonio,1630200,Tre Jones,Tre,G,,27:44,7.0,12.0,0.583,1.0,3.0,0.333,4.0,4.0,1.0,0.0,2.0,2.0,3.0,0.0,0.0,2.0,2.0,19.0,0.0
22200477,1610612759,SAS,San Antonio,1628380,Zach Collins,Zach,,,18:04,2.0,6.0,0.333,0.0,0.0,0.0,2.0,2.0,1.0,1.0,1.0,2.0,2.0,0.0,0.0,0.0,3.0,6.0,-13.0
22200477,1610612759,SAS,San Antonio,203926,Doug McDermott,Doug,,,16:55,2.0,8.0,0.25,1.0,5.0,0.2,0.0,0.0,0.0,1.0,3.0,4.0,1.0,0.0,0.0,1.0,0.0,5.0,-10.0
22200477,1610612759,SAS,San Antonio,1626196,Josh Richardson,Josh,,,21:20,5.0,11.0,0.455,2.0,5.0,0.4,2.0,3.0,0.667,1.0,2.0,3.0,3.0,0.0,0.0,1.0,2.0,14.0,-2.0
22200477,1610612759,SAS,San Antonio,1631103,Malaki Branham,Malaki,,,21:10,4.0,6.0,0.667,1.0,3.0,0.333,0.0,0.0,0.0,0.0,0.0,0.0,0.0,0.0,0.0,1.0,2.0,9.0,-6.0
22200477,1610612759,SAS,San Antonio,1628966,Keita Bates-Diop,Keita,,,9:16,1.0,3.0,0.333,0.0,0.0,0.0,2.0,2.0,1.0,1.0,0.0,1.0,0.0,0.0,0.0,0.0,1.0,4.0,-1.0
22200477,1610612759,SAS,San Antonio,1629646,Charles Bassey,Charles,,,8:14,0.0,2.0,0.0,0.0,0.0,0.0,0.0,0.0,0.0,2.0,2.0,4.0,0.0,1.0,0.0,3.0,1.0,0.0,8.0
22200477,1610612759,SAS,San Antonio,1626169,Stanley Johnson,Stanley,,,12:37,4.0,5.0,0.8,1.0,2.0,0.5,3.0,4.0,0.75,0.0,4.0,4.0,2.0,1.0,2.0,1.0,1.0,12.0,13.0
22200477,1610612759,SAS,San Antonio,1629676,Isaiah Roby,Isaiah,,,3:31,0.0,0.0,0.0,0.0,0.0,0.0,0.0,0.0,0.0,0.0,0.0,0.0,0.0,0.0,0.0,0.0,1.0,0.0,4.0
22200477,1610612759,SAS,San Antonio,203476,Gorgui Dieng,Gorgui,,DNP - Coach's Decision,,,,,,,,,,,,,,,,,,,,
22200477,1610612740,NOP,New Orleans,1630530,Trey Murphy III,Trey,F,,27:47,5.0,8.0,0.625,1.0,3.0,0.333,4.0,5.0,0.8,0.0,4.0,4.0,1.0,2.0,0.0,0.0,4.0,15.0,7.0
22200477,1610612740,NOP,New Orleans,1630230,Naji Marshall,Naji,F,,24:46,3.0,6.0,0.5,1.0,2.0,0.5,0.0,0.0,0.0,2.0,3.0,5.0,2.0,0.0,0.0,2.0,3.0,7.0,3.0
22200477,1610612740,NOP,New Orleans,202685,Jonas Valančiūnas,Jonas,C,,25:50,6.0,14.0,0.429,0.0,2.0,0.0,4.0,4.0,1.0,5.0,5.0,10.0,1.0,1.0,0.0,2.0,5.0,16.0,11.0
22200477,1610612740,NOP,New Orleans,1630529,Herbert Jones,Herbert,G,,34:26,4.0,8.0,0.5,2.0,4.0,0.5,2.0,2.0,1.0,1.0,2.0,3.0,2.0,2.0,1.0,2.0,2.0,12.0,16.0
22200477,1610612740,NOP,New Orleans,203468,CJ McCollum,CJ,G,,37:11,14.0,27.0,0.519,7.0,14.0,0.5,5.0,5.0,1.0,1.0,7.0,8.0,9.0,1.0,2.0,5.0,1.0,40.0,23.0
22200477,1610612740,NOP,New Orleans,1626195,Willy Hernangomez,Willy,,,22:10,3.0,6.0,0.5,0.0,1.0,0.0,7.0,7.0,1.0,4.0,3.0,7.0,5.0,1.0,2.0,4.0,5.0,13.0,-2.0
22200477,1610612740,NOP,New Orleans,1630700,Dyson Daniels,Dyson,,,19:40,1.0,4.0,0.25,0.0,1.0,0.0,0.0,0.0,0.0,0.0,3.0,3.0,1.0,0.0,0.0,1.0,2.0,2.0,0.0
22200477,1610612740,NOP,New Orleans,1630631,Jose Alvarado,Jose,,,24:55,4.0,11.0,0.364,1.0,4.0,0.25,0.0,0.0,0.0,1.0,1.0,2.0,3.0,3.0,0.0,0.0,1.0,9.0,10.0
22200477,1610612740,NOP,New Orleans,1629637,Jaxson Hayes,Jaxson,,,12:26,3.0,4.0,0.75,0.0,1.0,0.0,0.0,0.0,0.0,1.0,2.0,3.0,0.0,0.0,1.0,1.0,1.0,6.0,-9.0
22200477,1610612740,NOP,New Orleans,1628984,Devonte' Graham,Devonte',,,8:50,1.0,2.0,0.5,1.0,2.0,0.5,3.0,4.0,0.75,1.0,0.0,1.0,1.0,0.0,0.0,0.0,0.0,6.0,-8.0
22200477,1610612740,NOP,New Orleans,202066,Garrett Temple,Garrett,,,1:59,0.0,1.0,0.0,0.0,0.0,0.0,0.0,0.0,0.0,0.0,0.0,0.0,0.0,0.0,0.0,0.0,0.0,0.0,-6.0
22200478,1610612764,WAS,Washington,1630557,Corey Kispert,Corey,F,,37:20,4.0,8.0,0.5,2.0,5.0,0.4,2.0,2.0,1.0,0.0,2.0,2.0,2.0,1.0,0.0,0.0,1.0,12.0,-3.0
22200478,1610612764,WAS,Washington,1628398,Kyle Kuzma,Kyle,F,,33:49,8.0,18.0,0.444,2.0,5.0,0.4,3.0,4.0,0.75,1.0,4.0,5.0,2.0,1.0,0.0,2.0,1.0,21.0,-21.0
22200478,1610612764,WAS,Washington,1629655,Daniel Gafford,Daniel,C,,19:42,6.0,9.0,0.667,0.0,0.0,0.0,1.0,1.0,1.0,1.0,1.0,2.0,0.0,0.0,1.0,1.0,3.0,13.0,-11.0
22200478,1610612764,WAS,Washington,203078,Bradley Beal,Bradley,G,,31:05,13.0,20.0,0.65,0.0,3.0,0.0,4.0,4.0,1.0,1.0,4.0,5.0,5.0,0.0,0.0,2.0,2.0,30.0,4.0
22200478,1610612764,WAS,Washington,1628420,Monté Morris,Monté,G,,30:16,2.0,5.0,0.4,1.0,3.0,0.333,0.0,1.0,0.0,0.0,4.0,4.0,4.0,0.0,0.0,2.0,1.0,5.0,3.0
22200478,1610612764,WAS,Washington,201959,Taj Gibson,Taj,,,25:02,3.0,3.0,1.0,0.0,0.0,0.0,0.0,0.0,0.0,0.0,4.0,4.0,1.0,1.0,0.0,0.0,3.0,6.0,-3.0
22200478,1610612764,WAS,Washington,1629060,Rui Hachimura,Rui,,,23:35,3.0,4.0,0.75,0.0,0.0,0.0,1.0,1.0,1.0,0.0,7.0,7.0,1.0,1.0,0.0,1.0,1.0,7.0,-4.0
22200478,1610612764,WAS,Washington,1630692,Jordan Goodwin,Jordan,,,15:45,5.0,9.0,0.556,1.0,2.0,0.5,0.0,0.0,0.0,0.0,5.0,5.0,2.0,0.0,1.0,2.0,2.0,11.0,-9.0
22200478,1610612764,WAS,Washington,203115,Will Barton,Will,,,13:53,1.0,5.0,0.2,1.0,3.0,0.333,1.0,2.0,0.5,0.0,2.0,2.0,2.0,0.0,0.0,0.0,1.0,4.0,-20.0
22200478,1610612764,WAS,Washington,1629653,Devon Dotson,Devon,,,3:11,0.0,0.0,0.0,0.0,0.0,0.0,0.0,0.0,0.0,0.0,0.0,0.0,1.0,1.0,0.0,0.0,0.0,0.0,8.0
22200478,1610612764,WAS,Washington,1631098,Johnny Davis,Johnny,,,3:11,0.0,0.0,0.0,0.0,0.0,0.0,0.0,0.0,0.0,0.0,0.0,0.0,0.0,0.0,0.0,0.0,0.0,0.0,8.0
22200478,1610612764,WAS,Washington,1630264,Anthony Gill,Anthony,,,3:11,1.0,1.0,1.0,0.0,0.0,0.0,1.0,2.0,0.5,0.0,1.0,1.0,0.0,0.0,0.0,0.0,0.0,3.0,8.0
22200478,1610612762,UTA,Utah,1628374,Lauri Markkanen,Lauri,F,,29:15,7.0,14.0,0.5,4.0,9.0,0.444,3.0,3.0,1.0,0.0,5.0,5.0,1.0,0.0,0.0,1.0,4.0,21.0,22.0
22200478,1610612762,UTA,Utah,1629020,Jarred Vanderbilt,Jarred,F,,28:22,1.0,1.0,1.0,1.0,1.0,1.0,0.0,0.0,0.0,0.0,5.0,5.0,1.0,0.0,0.0,1.0,1.0,3.0,-7.0
22200478,1610612762,UTA,Utah,1631117,Walker Kessler,Walker,C,,32:23,5.0,7.0,0.714,0.0,0.0,0.0,2.0,2.0,1.0,5.0,9.0,14.0,1.0,0.0,2.0,1.0,2.0,12.0,16.0
22200478,1610612762,UTA,Utah,203903,Jordan Clarkson,Jordan,G,,29:47,7.0,17.0,0.412,4.0,7.0,0.571,5.0,5.0,1.0,0.0,6.0,6.0,3.0,1.0,0.0,2.0,0.0,23.0,6.0
22200478,1610612762,UTA,Utah,201144,Mike Conley,Mike,G,,27:14,3.0,7.0,0.429,0.0,2.0,0.0,2.0,2.0,1.0,0.0,0.0,0.0,6.0,0.0,0.0,1.0,1.0,8.0,-8.0
22200478,1610612762,UTA,Utah,1629012,Collin Sexton,Collin,,,17:19,6.0,7.0,0.857,2.0,2.0,1.0,4.0,4.0,1.0,1.0,0.0,1.0,0.0,0.0,0.0,1.0,4.0,18.0,12.0
22200478,1610612762,UTA,Utah,200752,Rudy Gay,Rudy,,,14:24,1.0,5.0,0.2,0.0,1.0,0.0,0.0,0.0,0.0,0.0,2.0,2.0,0.0,0.0,0.0,0.0,1.0,2.0,9.0
22200478,1610612762,UTA,Utah,1627736,Malik Beasley,Malik,,,25:49,9.0,17.0,0.529,3.0,7.0,0.429,4.0,5.0,0.8,0.0,2.0,2.0,0.0,4.0,0.0,1.0,1.0,25.0,6.0
22200478,1610612762,UTA,Utah,1629638,Nickeil Alexander-Walker,Nickeil,,,21:37,3.0,6.0,0.5,2.0,2.0,1.0,0.0,0.0,0.0,1.0,2.0,3.0,4.0,0.0,0.0,2.0,0.0,8.0,24.0
22200478,1610612762,UTA,Utah,1630195,Leandro Bolmaro,Leandro,,,2:46,0.0,1.0,0.0,0.0,1.0,0.0,0.0,0.0,0.0,0.0,0.0,0.0,0.0,0.0,0.0,1.0,0.0,0.0,-8.0
22200478,1610612762,UTA,Utah,1630534,Ochai Agbaji,Ochai,,,2:46,0.0,1.0,0.0,0.0,1.0,0.0,0.0,0.0,0.0,0.0,1.0,1.0,0.0,0.0,0.0,0.0,0.0,0.0,-8.0
22200478,1610612762,UTA,Utah,1631323,Simone Fontecchio,Simone,,,2:46,0.0,2.0,0.0,0.0,2.0,0.0,0.0,0.0,0.0,0.0,0.0,0.0,0.0,0.0,1.0,0.0,1.0,0.0,-8.0
22200478,1610612762,UTA,Utah,1628962,Udoka Azubuike,Udoka,,,2:46,0.0,0.0,0.0,0.0,0.0,0.0,0.0,0.0,0.0,1.0,0.0,1.0,0.0,0.0,0.0,0.0,1.0,0.0,-8.0
22200478,1610612762,UTA,Utah,1629659,Talen Horton-Tucker,Talen,,,2:46,0.0,1.0,0.0,0.0,0.0,0.0,0.0,0.0,0.0,0.0,0.0,0.0,0.0,0.0,0.0,0.0,0.0,0.0,-8.0
22200478,1610612762,UTA,Utah,1630695,Micah Potter,Micah,,DNP - Coach's Decision,,,,,,,,,,,,,,,,,,,,
22200470,1610612744,GSW,Golden State,1630228,Jonathan Kuminga,Jonathan,F,,30:15,1.0,9.0,0.111,0.0,2.0,0.0,2.0,4.0,0.5,2.0,4.0,6.0,4.0,1.0,0.0,4.0,2.0,4.0,-23.0
22200470,1610612744,GSW,Golden State,203110,Draymond Green,Draymond,F,,23:16,1.0,2.0,0.5,0.0,1.0,0.0,0.0,0.0,0.0,0.0,4.0,4.0,6.0,0.0,0.0,2.0,2.0,2.0,-27.0
22200470,1610612744,GSW,Golden State,1626172,Kevon Looney,Kevon,C,,16:55,2.0,5.0,0.4,0.0,0.0,0.0,2.0,2.0,1.0,4.0,3.0,7.0,1.0,0.0,0.0,1.0,3.0,6.0,-10.0
22200470,1610612744,GSW,Golden State,1630541,Moses Moody,Moses,G,,30:55,7.0,11.0,0.636,3.0,5.0,0.6,0.0,0.0,0.0,0.0,1.0,1.0,3.0,1.0,0.0,0.0,3.0,17.0,-14.0
22200470,1610612744,GSW,Golden State,1629673,Jordan Poole,Jordan,G,,26:11,4.0,17.0,0.235,1.0,11.0,0.091,4.0,4.0,1.0,0.0,1.0,1.0,2.0,1.0,0.0,7.0,1.0,13.0,-31.0
22200470,1610612744,GSW,Golden State,1630237,Anthony Lamb,Anthony,,,29:02,2.0,5.0,0.4,1.0,4.0,0.25,1.0,2.0,0.5,1.0,3.0,4.0,4.0,1.0,0.0,4.0,1.0,6.0,-18.0
22200470,1610612744,GSW,Golden State,1629660,Ty Jerome,Ty,,,26:21,5.0,9.0,0.556,1.0,1.0,1.0,3.0,3.0,1.0,1.0,2.0,3.0,7.0,1.0,0.0,1.0,1.0,14.0,-14.0
22200470,1610612744,GSW,Golden State,1630164,James Wiseman,James,,,27:48,12.0,14.0,0.857,1.0,1.0,1.0,5.0,8.0,0.625,1.0,5.0,6.0,2.0,0.0,1.0,1.0,1.0,30.0,-12.0
22200470,1610612744,GSW,Golden State,1631116,Patrick Baldwin Jr.,Patrick,,,23:18,6.0,10.0,0.6,5.0,8.0,0.625,0.0,0.0,0.0,0.0,3.0,3.0,0.0,0.0,0.0,0.0,0.0,17.0,-3.0
22200470,1610612744,GSW,Golden State,1631157,Ryan Rollins,Ryan,,,5:59,1.0,1.0,1.0,0.0,0.0,0.0,2.0,2.0,1.0,0.0,1.0,1.0,3.0,1.0,0.0,1.0,0.0,4.0,2.0
22200470,1610612744,GSW,Golden State,202691,Klay Thompson,Klay,,DNP - Injury/Illness,,,,,,,,,,,,,,,,,,,,
22200470,1610612751,BKN,Brooklyn,201142,Kevin Durant,Kevin,F,,29:06,9.0,17.0,0.529,1.0,3.0,0.333,4.0,4.0,1.0,0.0,7.0,7.0,5.0,4.0,0.0,2.0,2.0,23.0,29.0
22200470,1610612751,BKN,Brooklyn,1626220,Royce O'Neale,Royce,F,,26:50,5.0,7.0,0.714,4.0,6.0,0.667,0.0,0.0,0.0,0.0,0.0,0.0,2.0,0.0,2.0,3.0,2.0,14.0,28.0
22200470,1610612751,BKN,Brooklyn,1629651,Nic Claxton,Nic,C,,25:30,4.0,6.0,0.667,0.0,0.0,0.0,2.0,2.0,1.0,3.0,4.0,7.0,5.0,1.0,2.0,0.0,2.0,10.0,31.0
22200470,1610612751,BKN,Brooklyn,203925,Joe Harris,Joe,G,,18:51,4.0,5.0,0.8,3.0,4.0,0.75,0.0,0.0,0.0,0.0,1.0,1.0,3.0,1.0,0.0,1.0,1.0,11.0,24.0
22200470,1610612751,BKN,Brooklyn,1627732,Ben Simmons,Ben,G,,18:37,5.0,7.0,0.714,0.0,0.0,0.0,0.0,2.0,0.0,0.0,4.0,4.0,8.0,1.0,0.0,1.0,4.0,10.0,16.0
22200470,1610612751,BKN,Brooklyn,1628410,Edmond Sumner,Edmond,,,26:33,5.0,8.0,0.625,1.0,3.0,0.333,5.0,5.0,1.0,0.0,1.0,1.0,2.0,0.0,0.0,2.0,2.0,16.0,7.0
22200470,1610612751,BKN,Brooklyn,203552,Seth Curry,Seth,,,18:33,4.0,6.0,0.667,1.0,3.0,0.333,3.0,3.0,1.0,0.0,2.0,2.0,6.0,1.0,0.0,0.0,3.0,12.0,-3.0
22200470,1610612751,BKN,Brooklyn,203933,T.J. Warren,T.J.,,,21:42,5.0,10.0,0.5,2.0,3.0,0.667,0.0,0.0,0.0,0.0,5.0,5.0,4.0,1.0,0.0,1.0,2.0,12.0,15.0
22200470,1610612751,BKN,Brooklyn,1629139,Yuta Watanabe,Yuta,,,19:34,3.0,5.0,0.6,2.0,3.0,0.667,0.0,0.0,0.0,0.0,2.0,2.0,0.0,0.0,0.0,0.0,2.0,8.0,-3.0
22200470,1610612751,BKN,Brooklyn,1630560,Cam Thomas,Cam,,,8:58,2.0,3.0,0.667,1.0,1.0,1.0,0.0,0.0,0.0,0.0,2.0,2.0,2.0,0.0,0.0,2.0,0.0,5.0,6.0
22200470,1610612751,BKN,Brooklyn,201988,Patty Mills,Patty,,,12:53,5.0,5.0,1.0,3.0,3.0,1.0,0.0,0.0,0.0,0.0,0.0,0.0,3.0,1.0,0.0,2.0,1.0,13.0,0.0
22200470,1610612751,BKN,Brooklyn,202693,Markieff Morris,Markieff,,,12:53,3.0,5.0,0.6,3.0,4.0,0.75,0.0,0.0,0.0,0.0,1.0,1.0,2.0,0.0,0.0,0.0,2.0,9.0,0.0
22200470,1610612751,BKN,Brooklyn,202681,Kyrie Irving,Kyrie,,DND - Injury/Illness,,,,,,,,,,,,,,,,,,,,
22200473,1610612742,DAL,Dallas,203501,Tim Hardaway Jr.,Tim,F,,35:59,6.0,13.0,0.462,4.0,10.0,0.4,5.0,7.0,0.714,0.0,3.0,3.0,1.0,0.0,0.0,1.0,0.0,21.0,0.0
22200473,1610612742,DAL,Dallas,203493,Reggie Bullock Jr.,Reggie,F,,34:35,3.0,8.0,0.375,2.0,7.0,0.286,0.0,0.0,0.0,1.0,5.0,6.0,1.0,0.0,0.0,1.0,1.0,8.0,5.0
22200473,1610612742,DAL,Dallas,1626174,Christian Wood,Christian,C,,27:08,5.0,12.0,0.417,1.0,5.0,0.2,1.0,1.0,1.0,2.0,3.0,5.0,1.0,0.0,2.0,2.0,1.0,12.0,2.0
22200473,1610612742,DAL,Dallas,203915,Spencer Dinwiddie,Spencer,G,,41:07,6.0,13.0,0.462,4.0,8.0,0.5,3.0,3.0,1.0,0.0,4.0,4.0,3.0,1.0,1.0,2.0,5.0,19.0,1.0
22200473,1610612742,DAL,Dallas,1629029,Luka Dončić,Luka,G,,37:02,8.0,16.0,0.5,1.0,5.0,0.2,8.0,9.0,0.889,1.0,8.0,9.0,10.0,3.0,0.0,4.0,1.0,25.0,7.0
22200473,1610612742,DAL,Dallas,203939,Dwight Powell,Dwight,,,20:55,3.0,4.0,0.75,0.0,0.0,0.0,4.0,5.0,0.8,2.0,4.0,6.0,0.0,2.0,0.0,1.0,2.0,10.0,3.0
22200473,1610612742,DAL,Dallas,202689,Kemba Walker,Kemba,,,20:08,2.0,6.0,0.333,0.0,1.0,0.0,0.0,0.0,0.0,1.0,3.0,4.0,0.0,0.0,0.0,1.0,0.0,4.0,3.0
22200473,1610612742,DAL,Dallas,1628373,Frank Ntilikina,Frank,,,10:51,0.0,0.0,0.0,0.0,0.0,0.0,2.0,2.0,1.0,0.0,1.0,1.0,1.0,0.0,0.0,0.0,0.0,2.0,2.0
22200473,1610612742,DAL,Dallas,202722,Dāvis Bertāns,Dāvis,,,12:15,1.0,3.0,0.333,1.0,3.0,0.333,0.0,0.0,0.0,0.0,1.0,1.0,0.0,0.0,0.0,1.0,2.0,3.0,2.0
22200473,1610612742,DAL,Dallas,201580,JaVale McGee,JaVale,,DNP - Coach's Decision,,,,,,,,,,,,,,,,,,,,
22200473,1610612742,DAL,Dallas,1629033,Theo Pinson,Theo,,DNP - Coach's Decision,,,,,,,,,,,,,,,,,,,,
22200473,1610612750,MIN,Minnesota,1630162,Anthony Edwards,Anthony,F,,37:49,11.0,21.0,0.524,0.0,4.0,0.0,1.0,2.0,0.5,0.0,4.0,4.0,5.0,1.0,1.0,4.0,1.0,23.0,-3.0
22200473,1610612750,MIN,Minnesota,1630183,Jaden McDaniels,Jaden,F,,32:24,4.0,8.0,0.5,2.0,4.0,0.5,0.0,0.0,0.0,0.0,3.0,3.0,2.0,0.0,0.0,1.0,4.0,10.0,1.0
22200473,1610612750,MIN,Minnesota,203497,Rudy Gobert,Rudy,C,,38:12,9.0,11.0,0.818,0.0,0.0,0.0,1.0,3.0,0.333,5.0,10.0,15.0,0.0,2.0,2.0,1.0,1.0,19.0,-2.0
22200473,1610612750,MIN,Minnesota,203085,Austin Rivers,Austin,G,,36:04,8.0,13.0,0.615,3.0,5.0,0.6,2.0,2.0,1.0,2.0,2.0,4.0,2.0,2.0,0.0,0.0,4.0,21.0,-4.0
22200473,1610612750,MIN,Minnesota,1626156,D'Angelo Russell,D'Angelo,G,,37:48,4.0,13.0,0.308,0.0,7.0,0.0,0.0,0.0,0.0,0.0,6.0,6.0,8.0,1.0,1.0,2.0,4.0,8.0,-5.0
22200473,1610612750,MIN,Minnesota,1629675,Naz Reid,Naz,,,12:33,2.0,3.0,0.667,2.0,2.0,1.0,0.0,0.0,0.0,0.0,3.0,3.0,4.0,0.0,0.0,1.0,5.0,6.0,-1.0
22200473,1610612750,MIN,Minnesota,1629669,Jaylen Nowell,Jaylen,,,26:11,2.0,12.0,0.167,0.0,5.0,0.0,0.0,0.0,0.0,1.0,1.0,2.0,1.0,1.0,0.0,2.0,2.0,4.0,-1.0
22200473,1610612750,MIN,Minnesota,1627854,Bryn Forbes,Bryn,,,14:17,1.0,2.0,0.5,1.0,2.0,0.5,3.0,3.0,1.0,0.0,1.0,1.0,1.0,0.0,0.0,1.0,2.0,6.0,-6.0
22200473,1610612750,MIN,Minnesota,1631111,Wendell Moore Jr.,Wendell,,,4:42,1.0,2.0,0.5,0.0,1.0,0.0,0.0,0.0,0.0,0.0,1.0,1.0,0.0,0.0,0.0,1.0,1.0,2.0,-4.0
22200473,1610612750,MIN,Minnesota,1630568,Luka Garza,Luka,,DNP - Coach's Decision,,,,,,,,,,,,,,,,,,,,
22200473,1610612750,MIN,Minnesota,1630233,Nathan Knight,Nathan,,DNP - Coach's Decision,,,,,,,,,,,,,,,,,,,,
22200473,1610612750,MIN,Minnesota,1631169,Josh Minott,Josh,,DNP - Coach's Decision,,,,,,,,,,,,,,,,,,,,
22200473,1610612750,MIN,Minnesota,1630346,Matt Ryan,Matt,,DNP - Coach's Decision,,,,,,,,,,,,,,,,,,,,
22200476,1610612766,CHA,Charlotte,202330,Gordon Hayward,Gordon,F,,35:29,3.0,12.0,0.25,0.0,4.0,0.0,0.0,0.0,0.0,2.0,7.0,9.0,3.0,1.0,0.0,0.0,1.0,6.0,-13.0
22200476,1610612766,CHA,Charlotte,1629023,P.J. Washington,P.J.,F,,32:18,2.0,7.0,0.286,1.0,3.0,0.333,6.0,6.0,1.0,2.0,1.0,3.0,2.0,0.0,1.0,1.0,2.0,11.0,-24.0
22200476,1610612766,CHA,Charlotte,203486,Mason Plumlee,Mason,C,,26:26,7.0,9.0,0.778,0.0,0.0,0.0,4.0,6.0,0.667,2.0,1.0,3.0,1.0,2.0,0.0,3.0,3.0,18.0,-13.0
22200476,1610612766,CHA,Charlotte,1626162,Kelly Oubre Jr.,Kelly,G,,28:52,4.0,15.0,0.267,1.0,6.0,0.167,4.0,5.0,0.8,1.0,1.0,2.0,2.0,3.0,0.0,1.0,4.0,13.0,-39.0
22200476,1610612766,CHA,Charlotte,1630163,LaMelo Ball,LaMelo,G,,37:17,10.0,26.0,0.385,4.0,13.0,0.308,1.0,2.0,0.5,2.0,9.0,11.0,12.0,2.0,0.0,7.0,2.0,25.0,-25.0
22200476,1610612766,CHA,Charlotte,1629667,Jalen McDaniels,Jalen,,,29:23,5.0,15.0,0.333,2.0,4.0,0.5,4.0,4.0,1.0,1.0,8.0,9.0,0.0,2.0,0.0,1.0,3.0,16.0,1.0
22200476,1610612766,CHA,Charlotte,1630177,Theo Maledon,Theo,,,17:14,1.0,2.0,0.5,0.0,0.0,0.0,1.0,2.0,0.5,0.0,0.0,0.0,4.0,4.0,0.0,1.0,0.0,3.0,2.0
22200476,1610612766,CHA,Charlotte,1630208,Nick Richards,Nick,,,12:31,3.0,3.0,1.0,0.0,0.0,0.0,1.0,2.0,0.5,1.0,1.0,2.0,0.0,0.0,1.0,0.0,1.0,7.0,-2.0
22200476,1610612766,CHA,Charlotte,1630550,JT Thor,JT,,,13:48,0.0,0.0,0.0,0.0,0.0,0.0,1.0,2.0,0.5,0.0,0.0,0.0,1.0,0.0,0.0,0.0,2.0,1.0,2.0
22200476,1610612766,CHA,Charlotte,1630539,Kai Jones,Kai,,,3:21,1.0,1.0,1.0,0.0,0.0,0.0,0.0,0.0,0.0,0.0,0.0,0.0,0.0,0.0,0.0,0.0,0.0,2.0,3.0
22200476,1610612766,CHA,Charlotte,1630547,James Bouknight,James,,,3:21,1.0,2.0,0.5,1.0,1.0,1.0,0.0,0.0,0.0,0.0,1.0,1.0,0.0,1.0,0.0,0.0,0.0,3.0,3.0
22200476,1610612746,LAC,LA,202695,Kawhi Leonard,Kawhi,F,,30:54,5.0,12.0,0.417,1.0,4.0,0.25,5.0,6.0,0.833,0.0,7.0,7.0,4.0,1.0,0.0,1.0,0.0,16.0,28.0
22200476,1610612746,LAC,LA,202694,Marcus Morris Sr.,Marcus,F,,26:41,4.0,7.0,0.571,3.0,4.0,0.75,2.0,2.0,1.0,0.0,3.0,3.0,0.0,1.0,2.0,2.0,2.0,13.0,9.0
22200476,1610612746,LAC,LA,1627826,Ivica Zubac,Ivica,C,,22:36,2.0,3.0,0.667,0.0,0.0,0.0,0.0,0.0,0.0,3.0,5.0,8.0,1.0,0.0,1.0,2.0,5.0,4.0,2.0
22200476,1610612746,LAC,LA,202331,Paul George,Paul,G,,30:54,7.0,15.0,0.467,4.0,10.0,0.4,4.0,4.0,1.0,1.0,7.0,8.0,8.0,1.0,2.0,7.0,2.0,22.0,28.0
22200476,1610612746,LAC,LA,202704,Reggie Jackson,Reggie,G,,21:45,3.0,5.0,0.6,2.0,4.0,0.5,2.0,2.0,1.0,0.0,2.0,2.0,3.0,1.0,0.0,2.0,2.0,10.0,22.0
22200476,1610612746,LAC,LA,202322,John Wall,John,,,19:05,2.0,6.0,0.333,0.0,3.0,0.0,0.0,0.0,0.0,0.0,2.0,2.0,3.0,1.0,1.0,4.0,3.0,4.0,2.0
22200476,1610612746,LAC,LA,201587,Nicolas Batum,Nicolas,,,20:27,7.0,10.0,0.7,7.0,10.0,0.7,0.0,0.0,0.0,0.0,7.0,7.0,2.0,1.0,0.0,2.0,1.0,21.0,19.0
22200476,1610612746,LAC,LA,1628379,Luke Kennard,Luke,,,24:15,4.0,8.0,0.5,4.0,8.0,0.5,0.0,0.0,0.0,0.0,3.0,3.0,3.0,0.0,0.0,1.0,1.0,12.0,19.0
22200476,1610612746,LAC,LA,1626181,Norman Powell,Norman,,,19:28,4.0,8.0,0.5,0.0,2.0,0.0,6.0,7.0,0.857,0.0,2.0,2.0,2.0,0.0,1.0,3.0,3.0,14.0,-8.0
22200476,1610612746,LAC,LA,1629611,Terance Mann,Terance,,,13:52,2.0,5.0,0.4,2.0,3.0,0.667,2.0,2.0,1.0,0.0,4.0,4.0,1.0,0.0,0.0,3.0,1.0,8.0,-7.0
22200476,1610612746,LAC,LA,1629599,Amir Coffey,Amir,,,3:21,0.0,0.0,0.0,0.0,0.0,0.0,0.0,0.0,0.0,0.0,0.0,0.0,1.0,0.0,0.0,0.0,0.0,0.0,-3.0
22200476,1610612746,LAC,LA,203496,Robert Covington,Robert,,,3:21,1.0,2.0,0.5,0.0,1.0,0.0,0.0,0.0,0.0,1.0,1.0,2.0,1.0,0.0,0.0,0.0,0.0,2.0,-3.0
22200476,1610612746,LAC,LA,1629650,Moses Brown,Moses,,,3:21,0.0,0.0,0.0,0.0,0.0,0.0,0.0,0.0,0.0,0.0,0.0,0.0,0.0,0.0,0.0,0.0,2.0,0.0,-3.0
22200472,1610612753,ORL,Orlando,1631094,Paolo Banchero,Paolo,F,,32:07,9.0,20.0,0.45,1.0,4.0,0.25,4.0,8.0,0.5,0.0,13.0,13.0,3.0,2.0,0.0,5.0,2.0,23.0,-3.0
22200472,1610612753,ORL,Orlando,1629626,Bol Bol,Bol,F,,25:22,3.0,6.0,0.5,0.0,2.0,0.0,2.0,2.0,1.0,2.0,5.0,7.0,0.0,0.0,2.0,1.0,4.0,8.0,-9.0
22200472,1610612753,ORL,Orlando,1629021,Moritz Wagner,Moritz,C,,27:49,3.0,8.0,0.375,1.0,3.0,0.333,5.0,5.0,1.0,2.0,5.0,7.0,3.0,2.0,0.0,1.0,2.0,12.0,2.0
22200472,1610612753,ORL,Orlando,1630532,Franz Wagner,Franz,G,,31:52,9.0,15.0,0.6,4.0,8.0,0.5,3.0,5.0,0.6,1.0,1.0,2.0,0.0,2.0,0.0,2.0,0.0,25.0,10.0
22200472,1610612753,ORL,Orlando,1628365,Markelle Fultz,Markelle,G,,28:55,4.0,10.0,0.4,0.0,1.0,0.0,3.0,7.0,0.429,1.0,0.0,1.0,3.0,0.0,0.0,1.0,3.0,11.0,-11.0
22200472,1610612753,ORL,Orlando,203082,Terrence Ross,Terrence,,,19:14,1.0,6.0,0.167,0.0,4.0,0.0,0.0,0.0,0.0,0.0,1.0,1.0,1.0,1.0,0.0,0.0,1.0,2.0,10.0
22200472,1610612753,ORL,Orlando,1628964,Mo Bamba,Mo,,,20:11,3.0,6.0,0.5,0.0,3.0,0.0,1.0,1.0,1.0,3.0,2.0,5.0,0.0,0.0,3.0,0.0,3.0,7.0,4.0
22200472,1610612753,ORL,Orlando,1630175,Cole Anthony,Cole,,,22:38,5.0,13.0,0.385,3.0,8.0,0.375,2.0,2.0,1.0,0.0,4.0,4.0,6.0,1.0,0.0,0.0,1.0,15.0,15.0
22200472,1610612753,ORL,Orlando,1629678,Admiral Schofield,Admiral,,,15:53,2.0,4.0,0.5,0.0,2.0,0.0,3.0,3.0,1.0,2.0,1.0,3.0,2.0,1.0,0.0,0.0,2.0,7.0,9.0
22200472,1610612753,ORL,Orlando,1630284,Kevon Harris,Kevon,,,15:59,2.0,3.0,0.667,2.0,2.0,1.0,0.0,0.0,0.0,0.0,2.0,2.0,1.0,2.0,1.0,1.0,0.0,6.0,3.0
22200472,1610612753,ORL,Orlando,1630181,R.J. Hampton,R.J.,,DNP - Coach's Decision,,,,,,,,,,,,,,,,,,,,
22200472,1610612753,ORL,Orlando,1631216,Caleb Houstan,Caleb,,DNP - Coach's Decision,,,,,,,,,,,,,,,,,,,,
22200472,1610612745,HOU,Houston,201569,Eric Gordon,Eric,F,,32:18,3.0,11.0,0.273,2.0,6.0,0.333,0.0,0.0,0.0,1.0,4.0,5.0,4.0,1.0,0.0,1.0,2.0,8.0,2.0
22200472,1610612745,HOU,Houston,1631095,Jabari Smith Jr.,Jabari,F,,27:44,4.0,11.0,0.364,2.0,5.0,0.4,0.0,0.0,0.0,0.0,5.0,5.0,0.0,1.0,3.0,2.0,4.0,10.0,9.0
22200472,1610612745,HOU,Houston,1630578,Alperen Sengun,Alperen,C,,31:42,5.0,8.0,0.625,0.0,1.0,0.0,3.0,6.0,0.5,1.0,11.0,12.0,6.0,0.0,0.0,2.0,3.0,13.0,0.0
22200472,1610612745,HOU,Houston,1630224,Jalen Green,Jalen,G,,35:28,8.0,17.0,0.471,4.0,11.0,0.364,1.0,2.0,0.5,1.0,7.0,8.0,1.0,0.0,0.0,2.0,4.0,21.0,0.0
22200472,1610612745,HOU,Houston,1629645,Kevin Porter Jr.,Kevin,G,,35:28,12.0,19.0,0.632,5.0,9.0,0.556,2.0,3.0,0.667,1.0,5.0,6.0,5.0,3.0,1.0,5.0,1.0,31.0,0.0
22200472,1610612745,HOU,Houston,1630231,KJ Martin,KJ,,,28:14,7.0,11.0,0.636,2.0,4.0,0.5,2.0,2.0,1.0,2.0,3.0,5.0,4.0,0.0,0.0,0.0,2.0,18.0,-14.0
22200472,1610612745,HOU,Houston,1630586,Usman Garuba,Usman,,,12:36,0.0,2.0,0.0,0.0,1.0,0.0,0.0,0.0,0.0,2.0,2.0,4.0,0.0,1.0,0.0,1.0,0.0,0.0,-13.0
22200472,1610612745,HOU,Houston,1631106,Tari Eason,Tari,,,20:34,2.0,4.0,0.5,2.0,3.0,0.667,3.0,4.0,0.75,0.0,3.0,3.0,1.0,0.0,0.0,2.0,4.0,9.0,-15.0
22200472,1610612745,HOU,Houston,1630227,Daishen Nix,Daishen,,,12:32,0.0,4.0,0.0,0.0,3.0,0.0,0.0,0.0,0.0,0.0,0.0,0.0,1.0,0.0,0.0,1.0,1.0,0.0,-6.0
22200472,1610612745,HOU,Houston,1628981,Bruno Fernando,Bruno,,,3:24,0.0,1.0,0.0,0.0,0.0,0.0,0.0,0.0,0.0,1.0,0.0,1.0,0.0,0.0,0.0,0.0,2.0,0.0,7.0
22200472,1610612745,HOU,Houston,1626246,Boban Marjanović,Boban,,DNP - Coach's Decision,,,,,,,,,,,,,,,,,,,,
22200472,1610612745,HOU,Houston,1631102,TyTy Washington Jr.,TyTy,,DNP - Coach's Decision,,,,,,,,,,,,,,,,,,,,
22200471,1610612761,TOR,Toronto,1628384,OG Anunoby,OG,F,,36:06,7.0,15.0,0.467,1.0,6.0,0.167,0.0,0.0,0.0,3.0,3.0,6.0,1.0,0.0,1.0,0.0,3.0,15.0,5.0
22200471,1610612761,TOR,Toronto,1627783,Pascal Siakam,Pascal,F,,41:13,17.0,25.0,0.68,2.0,6.0,0.333,16.0,18.0,0.889,3.0,6.0,9.0,7.0,1.0,0.0,1.0,2.0,52.0,8.0
22200471,1610612761,TOR,Toronto,1627823,Juancho Hernangomez,Juancho,C,,27:39,2.0,4.0,0.5,0.0,2.0,0.0,0.0,0.0,0.0,3.0,2.0,5.0,0.0,0.0,0.0,0.0,2.0,4.0,-2.0
22200471,1610612761,TOR,Toronto,1630567,Scottie Barnes,Scottie,G,,26:48,1.0,10.0,0.1,0.0,2.0,0.0,0.0,0.0,0.0,4.0,2.0,6.0,3.0,0.0,0.0,0.0,1.0,2.0,-16.0
22200471,1610612761,TOR,Toronto,1627832,Fred VanVleet,Fred,G,,40:13,10.0,24.0,0.417,4.0,10.0,0.4,4.0,4.0,1.0,0.0,1.0,1.0,4.0,3.0,1.0,2.0,3.0,28.0,-5.0
22200471,1610612761,TOR,Toronto,1630201,Malachi Flynn,Malachi,,,25:51,3.0,8.0,0.375,2.0,5.0,0.4,0.0,0.0,0.0,0.0,0.0,0.0,2.0,0.0,1.0,0.0,0.0,8.0,16.0
22200471,1610612761,TOR,Toronto,1628449,Chris Boucher,Chris,,,12:45,1.0,4.0,0.25,0.0,2.0,0.0,0.0,0.0,0.0,0.0,3.0,3.0,0.0,0.0,0.0,1.0,2.0,2.0,11.0
22200471,1610612761,TOR,Toronto,201152,Thaddeus Young,Thaddeus,,,23:55,1.0,3.0,0.333,0.0,1.0,0.0,0.0,0.0,0.0,3.0,4.0,7.0,0.0,3.0,0.0,0.0,3.0,2.0,11.0
22200471,1610612761,TOR,Toronto,1631132,Christian Koloko,Christian,,,5:30,0.0,1.0,0.0,0.0,0.0,0.0,0.0,0.0,0.0,0.0,1.0,1.0,0.0,0.0,1.0,0.0,0.0,0.0,7.0
22200471,1610612761,TOR,Toronto,1630625,Dalano Banton,Dalano,,DNP - Coach's Decision,,,,,,,,,,,,,,,,,,,,
22200471,1610612761,TOR,Toronto,203920,Khem Birch,Khem,,DNP - Injury/Illness,,,,,,,,,,,,,,,,,,,,
22200471,1610612761,TOR,Toronto,1629018,Gary Trent Jr.,Gary,,DND - Injury/Illness,,,,,,,,,,,,,,,,,,,,
22200471,1610612752,NYK,New York,1629628,RJ Barrett,RJ,F,,45:37,11.0,19.0,0.579,4.0,6.0,0.667,4.0,6.0,0.667,0.0,5.0,5.0,5.0,1.0,0.0,4.0,3.0,30.0,-10.0
22200471,1610612752,NYK,New York,203944,Julius Randle,Julius,F,,40:06,13.0,17.0,0.765,0.0,3.0,0.0,4.0,9.0,0.444,2.0,11.0,13.0,4.0,0.0,0.0,2.0,5.0,30.0,7.0
22200471,1610612752,NYK,New York,1629011,Mitchell Robinson,Mitchell,C,,25:09,4.0,4.0,1.0,0.0,0.0,0.0,2.0,2.0,1.0,2.0,1.0,3.0,1.0,0.0,3.0,0.0,2.0,10.0,9.0
22200471,1610612752,NYK,New York,1628973,Jalen Brunson,Jalen,G,,39:29,3.0,14.0,0.214,0.0,3.0,0.0,1.0,1.0,1.0,0.0,3.0,3.0,12.0,0.0,0.0,5.0,3.0,7.0,-1.0
22200471,1610612752,NYK,New York,1630193,Immanuel Quickley,Immanuel,G,,34:38,7.0,10.0,0.7,6.0,9.0,0.667,0.0,0.0,0.0,0.0,2.0,2.0,1.0,0.0,0.0,1.0,2.0,20.0,2.0
22200471,1610612752,NYK,New York,1630540,Miles McBride,Miles,,,13:60,2.0,4.0,0.5,1.0,3.0,0.333,0.0,0.0,0.0,0.0,1.0,1.0,1.0,1.0,0.0,1.0,0.0,5.0,-14.0
22200471,1610612752,NYK,New York,1628392,Isaiah Hartenstein,Isaiah,,,22:51,1.0,5.0,0.2,0.0,1.0,0.0,0.0,0.0,0.0,3.0,4.0,7.0,0.0,0.0,0.0,1.0,1.0,2.0,-16.0
22200471,1610612752,NYK,New York,1630579,Jericho Sims,Jericho,,,10:17,0.0,0.0,0.0,0.0,0.0,0.0,0.0,0.0,0.0,2.0,2.0,4.0,0.0,0.0,0.0,0.0,3.0,0.0,-11.0
22200471,1610612752,NYK,New York,201565,Derrick Rose,Derrick,,,7:53,1.0,3.0,0.333,0.0,1.0,0.0,0.0,0.0,0.0,0.0,0.0,0.0,1.0,0.0,0.0,2.0,0.0,2.0,-1.0
22200471,1610612752,NYK,New York,1627853,Ryan Arcidiacono,Ryan,,DNP - Coach's Decision,,,,,,,,,,,,,,,,,,,,
22200471,1610612752,NYK,New York,203095,Evan Fournier,Evan,,DNP - Coach's Decision,,,,,,,,,,,,,,,,,,,,
22200471,1610612752,NYK,New York,1629656,Quentin Grimes,Quentin,,DND - Injury/Illness,,,,,,,,,,,,,,,,,,,,
22200471,1610612752,NYK,New York,1629004,Svi Mykhailiuk,Svi,,DNP - Coach's Decision,,,,,,,,,,,,,,,,,,,,
22200471,1610612752,NYK,New York,1629629,Cam Reddish,Cam,,DNP - Coach's Decision,,,,,,,,,,,,,,,,,,,,
22200469,1610612754,IND,Indiana,1627741,Buddy Hield,Buddy,F,,29:53,3.0,7.0,0.429,2.0,3.0,0.667,0.0,0.0,0.0,1.0,4.0,5.0,5.0,1.0,1.0,1.0,1.0,8.0,2.0
22200469,1610612754,IND,Indiana,1630174,Aaron Nesmith,Aaron,F,,27:57,6.0,13.0,0.462,1.0,5.0,0.2,2.0,2.0,1.0,1.0,5.0,6.0,3.0,2.0,0.0,1.0,5.0,15.0,16.0
22200469,1610612754,IND,Indiana,1626167,Myles Turner,Myles,C,,26:36,4.0,8.0,0.5,1.0,2.0,0.5,1.0,1.0,1.0,0.0,6.0,6.0,3.0,1.0,0.0,2.0,4.0,10.0,2.0
22200469,1610612754,IND,Indiana,1629614,Andrew Nembhard,Andrew,G,,34:25,4.0,9.0,0.444,0.0,1.0,0.0,0.0,0.0,0.0,2.0,3.0,5.0,5.0,1.0,1.0,2.0,4.0,8.0,4.0
22200469,1610612754,IND,Indiana,1630169,Tyrese Haliburton,Tyrese,G,,34:02,12.0,24.0,0.5,6.0,13.0,0.462,3.0,4.0,0.75,1.0,2.0,3.0,8.0,1.0,0.0,2.0,0.0,33.0,1.0
22200469,1610612754,IND,Indiana,1631097,Bennedict Mathurin,Bennedict,,,23:41,3.0,9.0,0.333,1.0,4.0,0.25,0.0,0.0,0.0,1.0,3.0,4.0,0.0,1.0,0.0,1.0,2.0,7.0,1.0
22200469,1610612754,IND,Indiana,1630537,Chris Duarte,Chris,,,14:56,5.0,10.0,0.5,4.0,5.0,0.8,0.0,0.0,0.0,0.0,3.0,3.0,1.0,0.0,0.0,1.0,0.0,14.0,-5.0
22200469,1610612754,IND,Indiana,1630188,Jalen Smith,Jalen,,,21:15,3.0,6.0,0.5,2.0,4.0,0.5,0.0,0.0,0.0,3.0,6.0,9.0,1.0,0.0,1.0,2.0,3.0,8.0,3.0
22200469,1610612754,IND,Indiana,1629052,Oshae Brissett,Oshae,,,16:59,3.0,5.0,0.6,1.0,2.0,0.5,1.0,2.0,0.5,2.0,3.0,5.0,0.0,1.0,0.0,2.0,1.0,8.0,2.0
22200469,1610612754,IND,Indiana,204456,T.J. McConnell,T.J.,,,10:17,3.0,7.0,0.429,0.0,0.0,0.0,0.0,0.0,0.0,1.0,0.0,1.0,1.0,2.0,0.0,0.0,2.0,6.0,-1.0
22200469,1610612754,IND,Indiana,1629048,Goga Bitadze,Goga,,DNP - Coach's Decision,,,,,,,,,,,,,,,,,,,,
22200469,1610612754,IND,Indiana,1630543,Isaiah Jackson,Isaiah,,DNP - Coach's Decision,,,,,,,,,,,,,,,,,,,,
22200469,1610612754,IND,Indiana,201949,James Johnson,James,,DNP - Coach's Decision,,,,,,,,,,,,,,,,,,,,
22200469,1610612738,BOS,Boston,1627759,Jaylen Brown,Jaylen,F,,36:13,8.0,23.0,0.348,1.0,5.0,0.2,2.0,2.0,1.0,4.0,6.0,10.0,2.0,1.0,0.0,4.0,1.0,19.0,-6.0
22200469,1610612738,BOS,Boston,1628369,Jayson Tatum,Jayson,F,,41:03,13.0,25.0,0.52,4.0,11.0,0.364,11.0,13.0,0.846,1.0,4.0,5.0,4.0,2.0,1.0,2.0,0.0,41.0,4.0
22200469,1610612738,BOS,Boston,201143,Al Horford,Al,C,,28:18,2.0,6.0,0.333,2.0,5.0,0.4,0.0,0.0,0.0,2.0,4.0,6.0,4.0,1.0,1.0,1.0,2.0,6.0,-7.0
22200469,1610612738,BOS,Boston,1628401,Derrick White,Derrick,G,,26:26,0.0,7.0,0.0,0.0,3.0,0.0,2.0,2.0,1.0,1.0,5.0,6.0,3.0,1.0,1.0,3.0,3.0,2.0,-4.0
22200469,1610612738,BOS,Boston,1630202,Payton Pritchard,Payton,G,,17:23,1.0,4.0,0.25,1.0,3.0,0.333,0.0,0.0,0.0,1.0,1.0,2.0,4.0,0.0,0.0,0.0,1.0,3.0,1.0
22200469,1610612738,BOS,Boston,1630573,Sam Hauser,Sam,,,17:43,4.0,8.0,0.5,2.0,4.0,0.5,0.0,0.0,0.0,3.0,3.0,6.0,0.0,2.0,1.0,1.0,0.0,10.0,-20.0
22200469,1610612738,BOS,Boston,1629684,Grant Williams,Grant,,,15:54,3.0,8.0,0.375,1.0,3.0,0.333,0.0,0.0,0.0,3.0,3.0,6.0,0.0,1.0,0.0,1.0,1.0,7.0,-4.0
22200469,1610612738,BOS,Boston,1627763,Malcolm Brogdon,Malcolm,,,29:42,5.0,13.0,0.385,2.0,7.0,0.286,6.0,8.0,0.75,0.0,4.0,4.0,7.0,2.0,0.0,2.0,0.0,18.0,5.0
22200469,1610612738,BOS,Boston,1629057,Robert Williams III,Robert,,,22:18,3.0,5.0,0.6,0.0,0.0,0.0,0.0,0.0,0.0,7.0,5.0,12.0,2.0,1.0,1.0,2.0,1.0,6.0,4.0
22200469,1610612738,BOS,Boston,1628436,Luke Kornet,Luke,,,5:01,0.0,2.0,0.0,0.0,0.0,0.0,0.0,0.0,0.0,3.0,2.0,5.0,0.0,0.0,0.0,0.0,0.0,0.0,2.0
22200469,1610612738,BOS,Boston,201933,Blake Griffin,Blake,,DNP - Coach's Decision,,,,,,,,,,,,,,,,,,,,
22200469,1610612738,BOS,Boston,1628382,Justin Jackson,Justin,,DNP - Coach's Decision,,,,,,,,,,,,,,,,,,,,
22200469,1610612738,BOS,Boston,203943,Noah Vonleh,Noah,,DNP - Coach's Decision,,,,,,,,,,,,,,,,,,,,
22200466,1610612749,MIL,Milwaukee,1630699,MarJon Beauchamp,MarJon,F,,20:12,4.0,7.0,0.571,3.0,5.0,0.6,0.0,0.0,0.0,1.0,0.0,1.0,0.0,0.0,0.0,1.0,4.0,11.0,0.0
22200466,1610612749,MIL,Milwaukee,203507,Giannis Antetokounmpo,Giannis,F,,39:36,17.0,27.0,0.63,0.0,1.0,0.0,11.0,16.0,0.688,4.0,10.0,14.0,4.0,1.0,2.0,5.0,4.0,45.0,3.0
22200466,1610612749,MIL,Milwaukee,201572,Brook Lopez,Brook,C,,27:42,5.0,7.0,0.714,2.0,3.0,0.667,2.0,3.0,0.667,2.0,4.0,6.0,2.0,2.0,1.0,5.0,3.0,14.0,-13.0
22200466,1610612749,MIL,Milwaukee,1628960,Grayson Allen,Grayson,G,,34:01,2.0,7.0,0.286,2.0,3.0,0.667,0.0,0.0,0.0,1.0,2.0,3.0,3.0,1.0,0.0,0.0,0.0,6.0,2.0
22200466,1610612749,MIL,Milwaukee,201950,Jrue Holiday,Jrue,G,,37:02,3.0,12.0,0.25,1.0,4.0,0.25,2.0,3.0,0.667,1.0,8.0,9.0,8.0,2.0,2.0,4.0,3.0,9.0,8.0
22200466,1610612749,MIL,Milwaukee,1626171,Bobby Portis,Bobby,,,19:00,3.0,7.0,0.429,0.0,2.0,0.0,0.0,0.0,0.0,2.0,4.0,6.0,1.0,1.0,0.0,0.0,0.0,6.0,-18.0
22200466,1610612749,MIL,Milwaukee,1626192,Pat Connaughton,Pat,,,19:54,2.0,5.0,0.4,2.0,3.0,0.667,0.0,0.0,0.0,0.0,2.0,2.0,1.0,0.0,0.0,0.0,4.0,6.0,0.0
22200466,1610612749,MIL,Milwaukee,204060,Joe Ingles,Joe,,,16:28,1.0,3.0,0.333,1.0,3.0,0.333,0.0,0.0,0.0,1.0,0.0,1.0,0.0,0.0,0.0,2.0,2.0,3.0,-8.0
22200466,1610612749,MIL,Milwaukee,1628975,Jevon Carter,Jevon,,,22:29,2.0,8.0,0.25,2.0,6.0,0.333,0.0,0.0,0.0,1.0,3.0,4.0,1.0,0.0,0.0,1.0,3.0,6.0,-5.0
22200466,1610612749,MIL,Milwaukee,202083,Wesley Matthews,Wesley,,,3:36,0.0,0.0,0.0,0.0,0.0,0.0,0.0,0.0,0.0,0.0,0.0,0.0,0.0,0.0,0.0,1.0,0.0,0.0,-9.0
22200466,1610612749,MIL,Milwaukee,203648,Thanasis Antetokounmpo,Thanasis,,DNP - Coach's Decision,,,,,,,,,,,,,,,,,,,,
22200466,1610612749,MIL,Milwaukee,201588,George Hill,George,,DNP - Coach's Decision,,,,,,,,,,,,,,,,,,,,
22200466,1610612749,MIL,Milwaukee,201586,Serge Ibaka,Serge,,DNP - Coach's Decision,,,,,,,,,,,,,,,,,,,,
22200466,1610612749,MIL,Milwaukee,1629670,Jordan Nwora,Jordan,,DNP - Coach's Decision,,,,,,,,,,,,,,,,,,,,
22200466,1610612739,CLE,Cleveland,1630171,Isaac Okoro,Isaac,F,,25:13,3.0,6.0,0.5,2.0,4.0,0.5,0.0,0.0,0.0,1.0,2.0,3.0,3.0,1.0,0.0,0.0,3.0,8.0,5.0
22200466,1610612739,CLE,Cleveland,1630596,Evan Mobley,Evan,F,,23:01,3.0,7.0,0.429,0.0,3.0,0.0,1.0,2.0,0.5,0.0,3.0,3.0,1.0,1.0,1.0,2.0,5.0,7.0,-6.0
22200466,1610612739,CLE,Cleveland,1628386,Jarrett Allen,Jarrett,C,,39:46,8.0,10.0,0.8,0.0,0.0,0.0,3.0,4.0,0.75,4.0,4.0,8.0,3.0,1.0,0.0,1.0,1.0,19.0,16.0
22200466,1610612739,CLE,Cleveland,1628378,Donovan Mitchell,Donovan,G,,36:45,9.0,21.0,0.429,3.0,9.0,0.333,15.0,16.0,0.938,1.0,3.0,4.0,6.0,2.0,0.0,2.0,4.0,36.0,15.0
22200466,1610612739,CLE,Cleveland,1629636,Darius Garland,Darius,G,,36:51,9.0,19.0,0.474,2.0,5.0,0.4,3.0,4.0,0.75,1.0,3.0,4.0,2.0,1.0,0.0,4.0,4.0,23.0,4.0
22200466,1610612739,CLE,Cleveland,201567,Kevin Love,Kevin,,,29:08,3.0,7.0,0.429,3.0,6.0,0.5,0.0,0.0,0.0,2.0,7.0,9.0,5.0,0.0,0.0,1.0,2.0,9.0,17.0
22200466,1610612739,CLE,Cleveland,1627747,Caris LeVert,Caris,,,32:17,3.0,10.0,0.3,0.0,3.0,0.0,0.0,0.0,0.0,0.0,6.0,6.0,1.0,1.0,2.0,0.0,2.0,6.0,-6.0
22200466,1610612739,CLE,Cleveland,1626224,Cedi Osman,Cedi,,,16:59,3.0,5.0,0.6,0.0,2.0,0.0,0.0,2.0,0.0,0.0,0.0,0.0,1.0,1.0,0.0,0.0,0.0,6.0,-5.0
22200466,1610612739,CLE,Cleveland,1629603,Mamadi Diakite,Mamadi,,DNP - Coach's Decision,,,,,,,,,,,,,,,,,,,,
22200466,1610612739,CLE,Cleveland,201577,Robin Lopez,Robin,,DNP - Coach's Decision,,,,,,,,,,,,,,,,,,,,
22200466,1610612739,CLE,Cleveland,203526,Raul Neto,Raul,,DNP - Coach's Decision,,,,,,,,,,,,,,,,,,,,
22200461,1610612762,UTA,Utah,1628374,Lauri Markkanen,Lauri,F,,35:47,13.0,20.0,0.65,9.0,13.0,0.692,3.0,4.0,0.75,0.0,5.0,5.0,1.0,1.0,0.0,1.0,3.0,38.0,20.0
22200461,1610612762,UTA,Utah,1629020,Jarred Vanderbilt,Jarred,F,,32:23,7.0,13.0,0.538,2.0,4.0,0.5,2.0,3.0,0.667,4.0,9.0,13.0,6.0,2.0,0.0,2.0,3.0,18.0,17.0
22200461,1610612762,UTA,Utah,1631117,Walker Kessler,Walker,C,,27:11,5.0,7.0,0.714,0.0,0.0,0.0,0.0,2.0,0.0,4.0,4.0,8.0,1.0,0.0,2.0,1.0,3.0,10.0,7.0
22200461,1610612762,UTA,Utah,203903,Jordan Clarkson,Jordan,G,,29:59,7.0,15.0,0.467,3.0,7.0,0.429,4.0,6.0,0.667,2.0,2.0,4.0,6.0,1.0,0.0,2.0,2.0,21.0,2.0
22200461,1610612762,UTA,Utah,201144,Mike Conley,Mike,G,,26:14,3.0,7.0,0.429,1.0,5.0,0.2,0.0,1.0,0.0,1.0,2.0,3.0,7.0,1.0,0.0,0.0,2.0,7.0,9.0
22200461,1610612762,UTA,Utah,1627736,Malik Beasley,Malik,,,24:56,7.0,15.0,0.467,3.0,9.0,0.333,0.0,0.0,0.0,0.0,3.0,3.0,0.0,0.0,0.0,0.0,1.0,17.0,20.0
22200461,1610612762,UTA,Utah,200752,Rudy Gay,Rudy,,,22:10,2.0,7.0,0.286,1.0,2.0,0.5,3.0,3.0,1.0,0.0,4.0,4.0,0.0,2.0,1.0,2.0,1.0,8.0,30.0
22200461,1610612762,UTA,Utah,1629638,Nickeil Alexander-Walker,Nickeil,,,19:07,1.0,4.0,0.25,0.0,3.0,0.0,0.0,0.0,0.0,0.0,0.0,0.0,3.0,0.0,2.0,1.0,3.0,2.0,12.0
22200461,1610612762,UTA,Utah,1631323,Simone Fontecchio,Simone,,,5:04,0.0,1.0,0.0,0.0,1.0,0.0,0.0,0.0,0.0,0.0,0.0,0.0,0.0,0.0,0.0,0.0,1.0,0.0,-16.0
22200461,1610612762,UTA,Utah,1628962,Udoka Azubuike,Udoka,,,6:33,1.0,1.0,1.0,0.0,0.0,0.0,0.0,0.0,0.0,1.0,2.0,3.0,1.0,0.0,0.0,0.0,0.0,2.0,-2.0
22200461,1610612762,UTA,Utah,1630534,Ochai Agbaji,Ochai,,,2:39,1.0,2.0,0.5,1.0,2.0,0.5,0.0,0.0,0.0,0.0,0.0,0.0,0.0,0.0,0.0,0.0,0.0,3.0,-6.0
22200461,1610612762,UTA,Utah,1629659,Talen Horton-Tucker,Talen,,,2:39,0.0,0.0,0.0,0.0,0.0,0.0,0.0,0.0,0.0,0.0,0.0,0.0,1.0,0.0,0.0,0.0,0.0,0.0,-6.0
22200461,1610612762,UTA,Utah,1630195,Leandro Bolmaro,Leandro,,,2:39,0.0,1.0,0.0,0.0,0.0,0.0,0.0,0.0,0.0,0.0,0.0,0.0,0.0,0.0,0.0,3.0,3.0,0.0,-6.0
22200461,1610612762,UTA,Utah,1630695,Micah Potter,Micah,,,2:39,0.0,0.0,0.0,0.0,0.0,0.0,0.0,0.0,0.0,0.0,0.0,0.0,1.0,0.0,0.0,0.0,0.0,0.0,-6.0
22200461,1610612765,DET,Detroit,202711,Bojan Bogdanović,Bojan,F,,30:57,5.0,13.0,0.385,2.0,6.0,0.333,3.0,3.0,1.0,0.0,3.0,3.0,3.0,1.0,0.0,2.0,4.0,15.0,-21.0
22200461,1610612765,DET,Detroit,1630191,Isaiah Stewart,Isaiah,F,,27:28,3.0,9.0,0.333,0.0,5.0,0.0,1.0,1.0,1.0,0.0,3.0,3.0,1.0,0.0,1.0,0.0,0.0,7.0,-10.0
22200461,1610612765,DET,Detroit,1631105,Jalen Duren,Jalen,C,,30:21,7.0,9.0,0.778,0.0,0.0,0.0,1.0,1.0,1.0,6.0,8.0,14.0,0.0,0.0,0.0,1.0,3.0,15.0,-7.0
22200461,1610612765,DET,Detroit,1631093,Jaden Ivey,Jaden,G,,32:50,10.0,14.0,0.714,2.0,2.0,1.0,8.0,11.0,0.727,1.0,3.0,4.0,5.0,1.0,0.0,5.0,2.0,30.0,-10.0
22200461,1610612765,DET,Detroit,1630165,Killian Hayes,Killian,G,,26:22,2.0,8.0,0.25,0.0,2.0,0.0,0.0,0.0,0.0,1.0,3.0,4.0,5.0,1.0,0.0,2.0,3.0,4.0,-13.0
22200461,1610612765,DET,Detroit,1628963,Marvin Bagley III,Marvin,,,17:39,4.0,6.0,0.667,0.0,0.0,0.0,2.0,2.0,1.0,1.0,3.0,4.0,0.0,0.0,0.0,0.0,2.0,10.0,-8.0
22200461,1610612765,DET,Detroit,1630180,Saddiq Bey,Saddiq,,,20:22,2.0,8.0,0.25,2.0,4.0,0.5,1.0,2.0,0.5,0.0,5.0,5.0,1.0,0.0,0.0,0.0,1.0,7.0,-14.0
22200461,1610612765,DET,Detroit,202692,Alec Burks,Alec,,,17:25,3.0,5.0,0.6,1.0,3.0,0.333,3.0,4.0,0.75,0.0,1.0,1.0,2.0,0.0,0.0,1.0,2.0,10.0,-11.0
22200461,1610612765,DET,Detroit,202709,Cory Joseph,Cory,,,12:45,0.0,3.0,0.0,0.0,1.0,0.0,0.0,0.0,0.0,0.0,1.0,1.0,2.0,0.0,0.0,1.0,1.0,0.0,-2.0
22200461,1610612765,DET,Detroit,1628995,Kevin Knox II,Kevin,,,18:33,3.0,3.0,1.0,2.0,2.0,1.0,1.0,1.0,1.0,0.0,3.0,3.0,1.0,0.0,0.0,1.0,1.0,9.0,9.0
22200461,1610612765,DET,Detroit,1628977,Hamidou Diallo,Hamidou,,,2:39,2.0,3.0,0.667,0.0,0.0,0.0,0.0,2.0,0.0,0.0,0.0,0.0,0.0,1.0,0.0,0.0,0.0,4.0,6.0
22200461,1610612765,DET,Detroit,203585,Rodney McGruder,Rodney,,,2:39,0.0,0.0,0.0,0.0,0.0,0.0,0.0,0.0,0.0,0.0,1.0,1.0,2.0,2.0,0.0,1.0,0.0,0.0,6.0
22200461,1610612765,DET,Detroit,203457,Nerlens Noel,Nerlens,,DNP - Coach's Decision,,,,,,,,,,,,,,,,,,,,
22200463,1610612744,GSW,Golden State,203110,Draymond Green,Draymond,F,,26:03,3.0,5.0,0.6,1.0,3.0,0.333,0.0,0.0,0.0,1.0,4.0,5.0,6.0,0.0,0.0,1.0,3.0,7.0,-14.0
22200463,1610612744,GSW,Golden State,1630541,Moses Moody,Moses,F,,31:41,4.0,9.0,0.444,3.0,6.0,0.5,0.0,0.0,0.0,1.0,2.0,3.0,1.0,1.0,0.0,0.0,0.0,11.0,-17.0
22200463,1610612744,GSW,Golden State,1626172,Kevon Looney,Kevon,C,,20:50,1.0,1.0,1.0,0.0,0.0,0.0,0.0,0.0,0.0,1.0,5.0,6.0,4.0,0.0,0.0,0.0,2.0,2.0,-14.0
22200463,1610612744,GSW,Golden State,1629673,Jordan Poole,Jordan,G,,29:00,8.0,18.0,0.444,2.0,8.0,0.25,8.0,9.0,0.889,0.0,2.0,2.0,1.0,1.0,0.0,4.0,1.0,26.0,-27.0
22200463,1610612744,GSW,Golden State,202691,Klay Thompson,Klay,G,,26:26,5.0,12.0,0.417,1.0,5.0,0.2,0.0,0.0,0.0,0.0,4.0,4.0,2.0,0.0,0.0,5.0,2.0,11.0,-28.0
22200463,1610612744,GSW,Golden State,1630228,Jonathan Kuminga,Jonathan,,,26:52,5.0,7.0,0.714,1.0,2.0,0.5,2.0,2.0,1.0,1.0,3.0,4.0,4.0,0.0,0.0,3.0,3.0,13.0,-23.0
22200463,1610612744,GSW,Golden State,1630164,James Wiseman,James,,,22:05,1.0,4.0,0.25,0.0,1.0,0.0,2.0,2.0,1.0,0.0,3.0,3.0,0.0,1.0,2.0,2.0,5.0,4.0,-29.0
22200463,1610612744,GSW,Golden State,1629660,Ty Jerome,Ty,,,24:11,5.0,7.0,0.714,1.0,2.0,0.5,0.0,0.0,0.0,0.0,0.0,0.0,3.0,0.0,0.0,2.0,2.0,11.0,0.0
22200463,1610612744,GSW,Golden State,1630237,Anthony Lamb,Anthony,,,17:32,2.0,3.0,0.667,2.0,3.0,0.667,0.0,0.0,0.0,0.0,1.0,1.0,1.0,0.0,0.0,0.0,3.0,6.0,-12.0
22200463,1610612744,GSW,Golden State,1631157,Ryan Rollins,Ryan,,,7:40,0.0,2.0,0.0,0.0,1.0,0.0,0.0,0.0,0.0,0.0,0.0,0.0,0.0,0.0,0.0,2.0,1.0,0.0,-13.0
22200463,1610612744,GSW,Golden State,1631116,Patrick Baldwin Jr.,Patrick,,,7:40,1.0,6.0,0.167,1.0,4.0,0.25,0.0,0.0,0.0,0.0,1.0,1.0,1.0,0.0,0.0,0.0,0.0,3.0,-13.0
22200463,1610612752,NYK,New York,1629628,RJ Barrett,RJ,F,,31:07,8.0,19.0,0.421,1.0,6.0,0.167,1.0,2.0,0.5,2.0,1.0,3.0,5.0,0.0,0.0,0.0,2.0,18.0,14.0
22200463,1610612752,NYK,New York,203944,Julius Randle,Julius,F,,29:57,5.0,12.0,0.417,1.0,6.0,0.167,4.0,7.0,0.571,2.0,10.0,12.0,5.0,0.0,0.0,3.0,2.0,15.0,17.0
22200463,1610612752,NYK,New York,1629011,Mitchell Robinson,Mitchell,C,,28:59,3.0,3.0,1.0,0.0,0.0,0.0,3.0,4.0,0.75,5.0,6.0,11.0,1.0,3.0,0.0,1.0,1.0,9.0,19.0
22200463,1610612752,NYK,New York,1628973,Jalen Brunson,Jalen,G,,29:40,7.0,16.0,0.438,2.0,5.0,0.4,5.0,6.0,0.833,0.0,3.0,3.0,5.0,1.0,0.0,0.0,1.0,21.0,22.0
22200463,1610612752,NYK,New York,1629656,Quentin Grimes,Quentin,G,,31:40,5.0,9.0,0.556,4.0,8.0,0.5,5.0,6.0,0.833,0.0,1.0,1.0,4.0,0.0,0.0,1.0,5.0,19.0,33.0
22200463,1610612752,NYK,New York,1630193,Immanuel Quickley,Immanuel,,,22:34,6.0,10.0,0.6,5.0,6.0,0.833,5.0,5.0,1.0,0.0,4.0,4.0,2.0,2.0,1.0,4.0,3.0,22.0,15.0
22200463,1610612752,NYK,New York,1628392,Isaiah Hartenstein,Isaiah,,,18:56,1.0,4.0,0.25,0.0,1.0,0.0,0.0,0.0,0.0,2.0,3.0,5.0,3.0,1.0,0.0,1.0,1.0,2.0,21.0
22200463,1610612752,NYK,New York,1630540,Miles McBride,Miles,,,19:22,4.0,7.0,0.571,2.0,5.0,0.4,0.0,0.0,0.0,0.0,1.0,1.0,1.0,1.0,0.0,0.0,0.0,10.0,18.0
22200463,1610612752,NYK,New York,1630579,Jericho Sims,Jericho,,,18:08,4.0,4.0,1.0,0.0,0.0,0.0,0.0,0.0,0.0,3.0,4.0,7.0,0.0,0.0,0.0,1.0,0.0,8.0,19.0
22200463,1610612752,NYK,New York,1629004,Svi Mykhailiuk,Svi,,,6:08,1.0,2.0,0.5,1.0,2.0,0.5,2.0,2.0,1.0,0.0,0.0,0.0,1.0,0.0,0.0,0.0,0.0,5.0,8.0
22200463,1610612752,NYK,New York,1627853,Ryan Arcidiacono,Ryan,,,3:29,1.0,1.0,1.0,1.0,1.0,1.0,0.0,0.0,0.0,0.0,0.0,0.0,0.0,0.0,0.0,0.0,0.0,3.0,4.0
22200463,1610612752,NYK,New York,203095,Evan Fournier,Evan,,DNP - Coach's Decision,,,,,,,,,,,,,,,,,,,,
22200463,1610612752,NYK,New York,1629629,Cam Reddish,Cam,,DNP - Coach's Decision,,,,,,,,,,,,,,,,,,,,
22200463,1610612752,NYK,New York,201565,Derrick Rose,Derrick,,DNP - Coach's Decision,,,,,,,,,,,,,,,,,,,,
22200462,1610612741,CHI,Chicago,201942,DeMar DeRozan,DeMar,F,,39:31,9.0,14.0,0.643,0.0,1.0,0.0,6.0,6.0,1.0,1.0,4.0,5.0,5.0,0.0,0.0,2.0,2.0,24.0,11.0
22200462,1610612741,CHI,Chicago,1630172,Patrick Williams,Patrick,F,,31:48,2.0,8.0,0.25,1.0,4.0,0.25,1.0,2.0,0.5,0.0,3.0,3.0,4.0,1.0,0.0,3.0,3.0,6.0,13.0
22200462,1610612741,CHI,Chicago,202696,Nikola Vučević,Nikola,C,,37:17,13.0,17.0,0.765,3.0,5.0,0.6,0.0,0.0,0.0,2.0,10.0,12.0,2.0,1.0,0.0,3.0,2.0,29.0,4.0
22200462,1610612741,CHI,Chicago,203897,Zach LaVine,Zach,G,,36:40,7.0,13.0,0.538,3.0,8.0,0.375,4.0,5.0,0.8,1.0,5.0,6.0,7.0,1.0,0.0,2.0,0.0,21.0,21.0
22200462,1610612741,CHI,Chicago,1627936,Alex Caruso,Alex,G,,22:37,2.0,2.0,1.0,1.0,1.0,1.0,2.0,2.0,1.0,1.0,5.0,6.0,3.0,3.0,0.0,2.0,3.0,7.0,7.0
22200462,1610612741,CHI,Chicago,1629632,Coby White,Coby,,,23:47,3.0,10.0,0.3,3.0,8.0,0.375,5.0,5.0,1.0,0.0,2.0,2.0,1.0,0.0,0.0,1.0,0.0,14.0,3.0
22200462,1610612741,CHI,Chicago,1627884,Derrick Jones Jr.,Derrick,,,15:26,1.0,2.0,0.5,0.0,1.0,0.0,0.0,0.0,0.0,0.0,2.0,2.0,2.0,0.0,0.0,2.0,0.0,2.0,-2.0
22200462,1610612741,CHI,Chicago,201609,Goran Dragic,Goran,,,20:29,3.0,7.0,0.429,2.0,3.0,0.667,0.0,0.0,0.0,0.0,2.0,2.0,0.0,0.0,0.0,1.0,4.0,8.0,-2.0
22200462,1610612741,CHI,Chicago,1630245,Ayo Dosunmu,Ayo,,,5:23,0.0,0.0,0.0,0.0,0.0,0.0,1.0,2.0,0.5,0.0,0.0,0.0,0.0,1.0,0.0,0.0,1.0,1.0,-7.0
22200462,1610612741,CHI,Chicago,203083,Andre Drummond,Andre,,,7:02,0.0,0.0,0.0,0.0,0.0,0.0,1.0,2.0,0.5,0.0,1.0,1.0,0.0,0.0,0.0,0.0,1.0,1.0,2.0
22200462,1610612741,CHI,Chicago,1628396,Tony Bradley,Tony,,DNP - Coach's Decision,,,,,,,,,,,,,,,,,,,,
22200462,1610612748,MIA,Miami,1629622,Max Strus,Max,F,,29:22,1.0,9.0,0.111,1.0,7.0,0.143,1.0,2.0,0.5,1.0,3.0,4.0,6.0,0.0,0.0,0.0,1.0,4.0,-9.0
22200462,1610612748,MIA,Miami,1629312,Haywood Highsmith,Haywood,F,,40:42,7.0,10.0,0.7,4.0,4.0,1.0,0.0,0.0,0.0,1.0,1.0,2.0,2.0,4.0,0.0,2.0,3.0,18.0,-6.0
22200462,1610612748,MIA,Miami,1628389,Bam Adebayo,Bam,C,,36:41,12.0,15.0,0.8,0.0,0.0,0.0,3.0,4.0,0.75,3.0,9.0,12.0,6.0,0.0,0.0,3.0,1.0,27.0,-18.0
22200462,1610612748,MIA,Miami,1629639,Tyler Herro,Tyler,G,,42:15,7.0,16.0,0.438,4.0,11.0,0.364,1.0,1.0,1.0,0.0,3.0,3.0,7.0,2.0,0.0,3.0,1.0,19.0,-20.0
22200462,1610612748,MIA,Miami,203506,Victor Oladipo,Victor,G,,34:14,4.0,13.0,0.308,2.0,8.0,0.25,4.0,4.0,1.0,2.0,2.0,4.0,2.0,2.0,0.0,1.0,4.0,14.0,-14.0
22200462,1610612748,MIA,Miami,1629130,Duncan Robinson,Duncan,,,36:15,4.0,12.0,0.333,4.0,12.0,0.333,1.0,2.0,0.5,0.0,3.0,3.0,2.0,0.0,0.0,3.0,4.0,13.0,7.0
22200462,1610612748,MIA,Miami,1631288,Jamal Cain,Jamal,,,7:51,1.0,2.0,0.5,0.0,0.0,0.0,1.0,2.0,0.5,0.0,2.0,2.0,0.0,0.0,0.0,0.0,0.0,3.0,-2.0
22200462,1610612748,MIA,Miami,203473,Dewayne Dedmon,Dewayne,,,9:58,1.0,2.0,0.5,0.0,1.0,0.0,1.0,2.0,0.5,1.0,3.0,4.0,0.0,1.0,0.0,1.0,2.0,3.0,4.0
22200462,1610612748,MIA,Miami,1631107,Nikola Jović,Nikola,,,1:21,0.0,1.0,0.0,0.0,1.0,0.0,0.0,0.0,0.0,0.0,0.0,0.0,0.0,0.0,0.0,0.0,0.0,0.0,4.0
22200462,1610612748,MIA,Miami,1631115,Orlando Robinson,Orlando,,,1:21,1.0,1.0,1.0,0.0,0.0,0.0,0.0,0.0,0.0,1.0,0.0,1.0,1.0,0.0,0.0,0.0,0.0,2.0,4.0
22200462,1610612748,MIA,Miami,2617,Udonis Haslem,Udonis,,DNP - Coach's Decision,,,,,,,,,,,,,,,,,,,,
22200464,1610612764,WAS,Washington,1630166,Deni Avdija,Deni,F,,36:12,4.0,8.0,0.5,2.0,5.0,0.4,6.0,6.0,1.0,1.0,9.0,10.0,4.0,0.0,1.0,0.0,4.0,16.0,11.0
22200464,1610612764,WAS,Washington,1628398,Kyle Kuzma,Kyle,F,,36:48,10.0,19.0,0.526,5.0,10.0,0.5,4.0,6.0,0.667,0.0,6.0,6.0,6.0,2.0,0.0,2.0,0.0,29.0,7.0
22200464,1610612764,WAS,Washington,1629655,Daniel Gafford,Daniel,C,,29:24,5.0,6.0,0.833,0.0,0.0,0.0,2.0,6.0,0.333,5.0,4.0,9.0,1.0,1.0,0.0,1.0,2.0,12.0,-4.0
22200464,1610612764,WAS,Washington,203078,Bradley Beal,Bradley,G,,35:17,8.0,20.0,0.4,0.0,2.0,0.0,11.0,14.0,0.786,2.0,4.0,6.0,6.0,1.0,1.0,2.0,1.0,27.0,25.0
22200464,1610612764,WAS,Washington,1628420,Monté Morris,Monté,G,,36:23,4.0,10.0,0.4,1.0,2.0,0.5,0.0,1.0,0.0,1.0,1.0,2.0,3.0,3.0,1.0,0.0,0.0,9.0,11.0
22200464,1610612764,WAS,Washington,203115,Will Barton,Will,,,17:26,2.0,5.0,0.4,2.0,4.0,0.5,0.0,0.0,0.0,0.0,1.0,1.0,1.0,0.0,0.0,3.0,0.0,6.0,-23.0
22200464,1610612764,WAS,Washington,201959,Taj Gibson,Taj,,,18:36,2.0,2.0,1.0,0.0,0.0,0.0,2.0,2.0,1.0,0.0,2.0,2.0,1.0,2.0,1.0,1.0,5.0,6.0,8.0
22200464,1610612764,WAS,Washington,1630557,Corey Kispert,Corey,,,18:17,2.0,5.0,0.4,1.0,3.0,0.333,1.0,2.0,0.5,0.0,2.0,2.0,0.0,0.0,0.0,0.0,0.0,6.0,-12.0
22200464,1610612764,WAS,Washington,1630692,Jordan Goodwin,Jordan,,,11:37,1.0,5.0,0.2,0.0,1.0,0.0,0.0,0.0,0.0,0.0,3.0,3.0,0.0,0.0,0.0,0.0,2.0,2.0,-8.0
22200464,1610612764,WAS,Washington,1630264,Anthony Gill,Anthony,,DNP - Coach's Decision,,,,,,,,,,,,,,,,,,,,
22200464,1610612764,WAS,Washington,204001,Kristaps Porziņģis,Kristaps,,DND - Injury/Illness,,,,,,,,,,,,,,,,,,,,
22200464,1610612756,PHX,Phoenix,1628969,Mikal Bridges,Mikal,F,,39:28,4.0,11.0,0.364,1.0,4.0,0.25,1.0,2.0,0.5,1.0,2.0,3.0,3.0,0.0,0.0,4.0,3.0,10.0,-6.0
22200464,1610612756,PHX,Phoenix,1628470,Torrey Craig,Torrey,F,,30:04,3.0,7.0,0.429,0.0,2.0,0.0,0.0,0.0,0.0,5.0,3.0,8.0,2.0,0.0,0.0,0.0,3.0,6.0,-19.0
22200464,1610612756,PHX,Phoenix,1629028,Deandre Ayton,Deandre,C,,32:07,12.0,20.0,0.6,0.0,0.0,0.0,6.0,6.0,1.0,4.0,9.0,13.0,0.0,0.0,1.0,4.0,5.0,30.0,-16.0
22200464,1610612756,PHX,Phoenix,1627814,Damion Lee,Damion,G,,17:39,1.0,2.0,0.5,0.0,1.0,0.0,0.0,0.0,0.0,0.0,2.0,2.0,0.0,0.0,0.0,1.0,2.0,2.0,-5.0
22200464,1610612756,PHX,Phoenix,101108,Chris Paul,Chris,G,,35:38,3.0,11.0,0.273,1.0,3.0,0.333,5.0,7.0,0.714,2.0,2.0,4.0,11.0,2.0,0.0,3.0,3.0,12.0,-10.0
22200464,1610612756,PHX,Phoenix,1630688,Ish Wainright,Ish,,,21:30,1.0,5.0,0.2,0.0,2.0,0.0,0.0,0.0,0.0,2.0,3.0,5.0,1.0,0.0,0.0,0.0,1.0,2.0,18.0
22200464,1610612756,PHX,Phoenix,1630613,Duane Washington Jr.,Duane,,,12:22,4.0,8.0,0.5,2.0,4.0,0.5,0.0,0.0,0.0,0.0,2.0,2.0,3.0,0.0,0.0,0.0,0.0,10.0,7.0
22200464,1610612756,PHX,Phoenix,1629013,Landry Shamet,Landry,,,35:23,10.0,21.0,0.476,9.0,16.0,0.563,2.0,2.0,1.0,0.0,2.0,2.0,5.0,0.0,0.0,1.0,2.0,31.0,4.0
22200464,1610612756,PHX,Phoenix,202687,Bismack Biyombo,Bismack,,,15:49,3.0,4.0,0.75,0.0,0.0,0.0,1.0,2.0,0.5,1.0,4.0,5.0,1.0,0.0,0.0,1.0,4.0,7.0,12.0
22200464,1610612756,PHX,Phoenix,1626164,Devin Booker,Devin,,DND - Injury/Illness,,,,,,,,,,,,,,,,,,,,
22200464,1610612756,PHX,Phoenix,203967,Dario Šarić,Dario,,DNP - Coach's Decision,,,,,,,,,,,,,,,,,,,,
22200465,1610612763,MEM,Memphis,1628415,Dillon Brooks,Dillon,F,,29:24,5.0,14.0,0.357,0.0,5.0,0.0,1.0,1.0,1.0,0.0,7.0,7.0,1.0,3.0,0.0,1.0,5.0,11.0,-21.0
22200465,1610612763,MEM,Memphis,1628991,Jaren Jackson Jr.,Jaren,F,,21:45,3.0,6.0,0.5,1.0,3.0,0.333,1.0,2.0,0.5,0.0,2.0,2.0,1.0,3.0,5.0,1.0,5.0,8.0,-13.0
22200465,1610612763,MEM,Memphis,203500,Steven Adams,Steven,C,,30:05,2.0,5.0,0.4,0.0,0.0,0.0,0.0,0.0,0.0,4.0,6.0,10.0,2.0,1.0,0.0,2.0,2.0,4.0,-8.0
22200465,1610612763,MEM,Memphis,1629723,John Konchar,John,G,,15:34,0.0,1.0,0.0,0.0,1.0,0.0,0.0,0.0,0.0,0.0,1.0,1.0,1.0,0.0,0.0,0.0,0.0,0.0,-14.0
22200465,1610612763,MEM,Memphis,1629630,Ja Morant,Ja,G,,38:04,12.0,26.0,0.462,3.0,6.0,0.5,8.0,10.0,0.8,0.0,1.0,1.0,10.0,0.0,0.0,7.0,2.0,35.0,-16.0
22200465,1610612763,MEM,Memphis,1630583,Santi Aldama,Santi,,,14:03,3.0,4.0,0.75,0.0,1.0,0.0,0.0,0.0,0.0,0.0,3.0,3.0,1.0,1.0,0.0,1.0,3.0,6.0,-4.0
22200465,1610612763,MEM,Memphis,1626145,Tyus Jones,Tyus,,,29:55,2.0,6.0,0.333,0.0,3.0,0.0,1.0,1.0,1.0,1.0,4.0,5.0,4.0,0.0,0.0,1.0,0.0,5.0,-6.0
22200465,1610612763,MEM,Memphis,1631223,David Roddy,David,,,22:59,3.0,8.0,0.375,1.0,5.0,0.2,1.0,4.0,0.25,0.0,1.0,1.0,1.0,3.0,1.0,1.0,0.0,8.0,-2.0
22200465,1610612763,MEM,Memphis,1629634,Brandon Clarke,Brandon,,,16:03,4.0,7.0,0.571,0.0,0.0,0.0,2.0,3.0,0.667,2.0,3.0,5.0,0.0,0.0,1.0,0.0,3.0,10.0,-10.0
22200465,1610612763,MEM,Memphis,1630533,Ziaire Williams,Ziaire,,,16:32,1.0,3.0,0.333,0.0,2.0,0.0,0.0,0.0,0.0,0.0,4.0,4.0,4.0,0.0,0.0,2.0,1.0,2.0,12.0
22200465,1610612763,MEM,Memphis,1630214,Xavier Tillman,Xavier,,,1:52,1.0,1.0,1.0,0.0,0.0,0.0,0.0,0.0,0.0,0.0,2.0,2.0,0.0,0.0,0.0,0.0,0.0,2.0,4.0
22200465,1610612763,MEM,Memphis,1631222,Jake LaRavia,Jake,,,1:52,0.0,0.0,0.0,0.0,0.0,0.0,0.0,0.0,0.0,0.0,0.0,0.0,0.0,0.0,0.0,0.0,0.0,0.0,4.0
22200465,1610612763,MEM,Memphis,1631113,Kennedy Chandler,Kennedy,,,1:52,0.0,0.0,0.0,0.0,0.0,0.0,0.0,0.0,0.0,0.0,1.0,1.0,0.0,0.0,0.0,0.0,0.0,0.0,4.0
22200465,1610612743,DEN,Denver,1631128,Christian Braun,Christian,F,,28:57,5.0,11.0,0.455,2.0,5.0,0.4,1.0,2.0,0.5,1.0,2.0,3.0,1.0,1.0,1.0,1.0,3.0,13.0,9.0
22200465,1610612743,DEN,Denver,203932,Aaron Gordon,Aaron,F,,27:30,9.0,16.0,0.563,1.0,2.0,0.5,5.0,7.0,0.714,4.0,3.0,7.0,4.0,2.0,1.0,1.0,0.0,24.0,22.0
22200465,1610612743,DEN,Denver,203999,Nikola Jokić,Nikola,C,,37:05,6.0,12.0,0.5,1.0,1.0,1.0,0.0,1.0,0.0,4.0,9.0,13.0,13.0,2.0,0.0,4.0,1.0,13.0,13.0
22200465,1610612743,DEN,Denver,203484,Kentavious Caldwell-Pope,Kentavious,G,,37:39,5.0,11.0,0.455,2.0,4.0,0.5,0.0,0.0,0.0,0.0,7.0,7.0,1.0,1.0,0.0,3.0,2.0,12.0,17.0
22200465,1610612743,DEN,Denver,1628971,Bruce Brown,Bruce,G,,35:22,6.0,15.0,0.4,1.0,4.0,0.25,3.0,3.0,1.0,1.0,4.0,5.0,4.0,0.0,2.0,2.0,4.0,16.0,22.0
22200465,1610612743,DEN,Denver,1628427,Vlatko Čančar,Vlatko,,,19:58,1.0,1.0,1.0,1.0,1.0,1.0,0.0,0.0,0.0,2.0,5.0,7.0,2.0,0.0,0.0,3.0,3.0,3.0,-4.0
22200465,1610612743,DEN,Denver,201145,Jeff Green,Jeff,,,24:03,4.0,7.0,0.571,0.0,3.0,0.0,1.0,6.0,0.167,0.0,2.0,2.0,1.0,2.0,1.0,2.0,2.0,9.0,1.0
22200465,1610612743,DEN,Denver,1630538,Bones Hyland,Bones,,,15:15,4.0,15.0,0.267,2.0,7.0,0.286,2.0,2.0,1.0,0.0,1.0,1.0,1.0,1.0,0.0,1.0,3.0,12.0,-7.0
22200465,1610612743,DEN,Denver,1630192,Zeke Nnaji,Zeke,,,10:55,0.0,0.0,0.0,0.0,0.0,0.0,3.0,4.0,0.75,1.0,1.0,2.0,1.0,0.0,0.0,0.0,1.0,3.0,1.0
22200465,1610612743,DEN,Denver,202397,Ish Smith,Ish,,,1:38,0.0,1.0,0.0,0.0,0.0,0.0,0.0,0.0,0.0,0.0,0.0,0.0,0.0,0.0,0.0,0.0,0.0,0.0,-2.0
22200465,1610612743,DEN,Denver,1628432,Davon Reed,Davon,,,1:38,0.0,0.0,0.0,0.0,0.0,0.0,0.0,0.0,0.0,0.0,1.0,1.0,0.0,0.0,0.0,0.0,0.0,0.0,-2.0
22200465,1610612743,DEN,Denver,201599,DeAndre Jordan,DeAndre,,DNP - Coach's Decision,,,,,,,,,,,,,,,,,,,,
22200452,1610612762,UTA,Utah,1628374,Lauri Markkanen,Lauri,F,,31:54,7.0,12.0,0.583,3.0,6.0,0.5,7.0,10.0,0.7,1.0,5.0,6.0,1.0,2.0,0.0,2.0,2.0,24.0,-21.0
22200452,1610612762,UTA,Utah,1629020,Jarred Vanderbilt,Jarred,F,,23:51,3.0,7.0,0.429,0.0,1.0,0.0,1.0,1.0,1.0,3.0,3.0,6.0,0.0,0.0,0.0,3.0,2.0,7.0,-12.0
22200452,1610612762,UTA,Utah,1631117,Walker Kessler,Walker,C,,25:29,5.0,5.0,1.0,0.0,0.0,0.0,1.0,4.0,0.25,2.0,4.0,6.0,1.0,1.0,2.0,1.0,5.0,11.0,-9.0
22200452,1610612762,UTA,Utah,203903,Jordan Clarkson,Jordan,G,,32:10,8.0,21.0,0.381,3.0,6.0,0.5,4.0,4.0,1.0,1.0,1.0,2.0,0.0,1.0,0.0,3.0,2.0,23.0,-17.0
22200452,1610612762,UTA,Utah,201144,Mike Conley,Mike,G,,28:11,3.0,8.0,0.375,1.0,3.0,0.333,0.0,0.0,0.0,1.0,1.0,2.0,9.0,2.0,0.0,3.0,2.0,7.0,-10.0
22200452,1610612762,UTA,Utah,1627736,Malik Beasley,Malik,,,23:02,1.0,10.0,0.1,1.0,9.0,0.111,0.0,0.0,0.0,1.0,2.0,3.0,2.0,0.0,0.0,0.0,2.0,3.0,-10.0
22200452,1610612762,UTA,Utah,200752,Rudy Gay,Rudy,,,12:29,1.0,3.0,0.333,1.0,2.0,0.5,2.0,2.0,1.0,1.0,1.0,2.0,1.0,0.0,0.0,0.0,1.0,5.0,0.0
22200452,1610612762,UTA,Utah,1629638,Nickeil Alexander-Walker,Nickeil,,,19:19,2.0,7.0,0.286,0.0,1.0,0.0,0.0,0.0,0.0,1.0,1.0,2.0,3.0,0.0,0.0,0.0,3.0,4.0,-13.0
22200452,1610612762,UTA,Utah,1631323,Simone Fontecchio,Simone,,,10:19,1.0,4.0,0.25,1.0,3.0,0.333,0.0,0.0,0.0,0.0,0.0,0.0,0.0,1.0,0.0,0.0,0.0,3.0,-6.0
22200452,1610612762,UTA,Utah,1629659,Talen Horton-Tucker,Talen,,,14:31,2.0,7.0,0.286,0.0,2.0,0.0,2.0,2.0,1.0,1.0,0.0,1.0,0.0,1.0,0.0,2.0,1.0,6.0,-11.0
22200452,1610612762,UTA,Utah,1630195,Leandro Bolmaro,Leandro,,,6:15,1.0,4.0,0.25,0.0,0.0,0.0,0.0,0.0,0.0,1.0,0.0,1.0,0.0,1.0,0.0,0.0,0.0,2.0,-2.0
22200452,1610612762,UTA,Utah,1630534,Ochai Agbaji,Ochai,,,6:15,0.0,2.0,0.0,0.0,1.0,0.0,0.0,0.0,0.0,0.0,0.0,0.0,1.0,0.0,0.0,0.0,1.0,0.0,-2.0
22200452,1610612762,UTA,Utah,1628962,Udoka Azubuike,Udoka,,,6:15,2.0,3.0,0.667,0.0,0.0,0.0,0.0,0.0,0.0,2.0,2.0,4.0,1.0,0.0,0.0,0.0,1.0,4.0,-2.0
22200452,1610612762,UTA,Utah,1630695,Micah Potter,Micah,,DNP - Coach's Decision,,,,,,,,,,,,,,,,,,,,
22200452,1610612739,CLE,Cleveland,1630171,Isaac Okoro,Isaac,F,,30:03,4.0,8.0,0.5,1.0,4.0,0.25,3.0,4.0,0.75,1.0,1.0,2.0,4.0,1.0,0.0,1.0,2.0,12.0,10.0
22200452,1610612739,CLE,Cleveland,1630596,Evan Mobley,Evan,F,,30:39,4.0,6.0,0.667,0.0,1.0,0.0,4.0,6.0,0.667,0.0,8.0,8.0,3.0,0.0,0.0,1.0,2.0,12.0,18.0
22200452,1610612739,CLE,Cleveland,1628386,Jarrett Allen,Jarrett,C,,30:06,7.0,11.0,0.636,0.0,0.0,0.0,6.0,6.0,1.0,2.0,9.0,11.0,2.0,2.0,3.0,3.0,3.0,20.0,18.0
22200452,1610612739,CLE,Cleveland,1628378,Donovan Mitchell,Donovan,G,,22:38,8.0,12.0,0.667,4.0,5.0,0.8,3.0,3.0,1.0,0.0,2.0,2.0,1.0,0.0,0.0,1.0,4.0,23.0,8.0
22200452,1610612739,CLE,Cleveland,1629636,Darius Garland,Darius,G,,30:05,7.0,11.0,0.636,2.0,4.0,0.5,1.0,1.0,1.0,0.0,1.0,1.0,8.0,0.0,0.0,6.0,2.0,17.0,25.0
22200452,1610612739,CLE,Cleveland,1627747,Caris LeVert,Caris,,,31:13,4.0,8.0,0.5,2.0,3.0,0.667,3.0,4.0,0.75,1.0,3.0,4.0,1.0,0.0,0.0,2.0,1.0,13.0,9.0
22200452,1610612739,CLE,Cleveland,201567,Kevin Love,Kevin,,,24:04,1.0,3.0,0.333,1.0,3.0,0.333,0.0,0.0,0.0,0.0,10.0,10.0,3.0,0.0,1.0,2.0,2.0,3.0,9.0
22200452,1610612739,CLE,Cleveland,1626224,Cedi Osman,Cedi,,,24:16,8.0,10.0,0.8,5.0,6.0,0.833,1.0,2.0,0.5,0.0,2.0,2.0,1.0,1.0,0.0,2.0,0.0,22.0,15.0
22200452,1610612739,CLE,Cleveland,203526,Raul Neto,Raul,,,12:00,0.0,0.0,0.0,0.0,0.0,0.0,0.0,0.0,0.0,0.0,2.0,2.0,1.0,1.0,0.0,2.0,3.0,0.0,4.0
22200452,1610612739,CLE,Cleveland,201577,Robin Lopez,Robin,,,4:56,0.0,1.0,0.0,0.0,0.0,0.0,0.0,0.0,0.0,0.0,3.0,3.0,0.0,0.0,0.0,1.0,1.0,0.0,-1.0
22200452,1610612739,CLE,Cleveland,1630205,Lamar Stevens,Lamar,,DND - Injury/Illness,,,,,,,,,,,,,,,,,,,,
22200460,1610612766,CHA,Charlotte,202330,Gordon Hayward,Gordon,F,,36:43,8.0,12.0,0.667,1.0,2.0,0.5,2.0,2.0,1.0,1.0,4.0,5.0,1.0,1.0,0.0,4.0,2.0,19.0,18.0
22200460,1610612766,CHA,Charlotte,1629023,P.J. Washington,P.J.,F,,29:03,1.0,6.0,0.167,1.0,4.0,0.25,0.0,0.0,0.0,1.0,8.0,9.0,2.0,0.0,1.0,0.0,5.0,3.0,-5.0
22200460,1610612766,CHA,Charlotte,203486,Mason Plumlee,Mason,C,,25:08,7.0,8.0,0.875,0.0,0.0,0.0,1.0,2.0,0.5,0.0,4.0,4.0,3.0,0.0,3.0,1.0,3.0,15.0,-4.0
22200460,1610612766,CHA,Charlotte,1626162,Kelly Oubre Jr.,Kelly,G,,38:27,12.0,25.0,0.48,3.0,8.0,0.375,4.0,6.0,0.667,1.0,8.0,9.0,1.0,1.0,1.0,4.0,2.0,31.0,1.0
22200460,1610612766,CHA,Charlotte,1630163,LaMelo Ball,LaMelo,G,,27:28,9.0,19.0,0.474,5.0,10.0,0.5,0.0,0.0,0.0,1.0,4.0,5.0,12.0,0.0,0.0,2.0,6.0,23.0,3.0
22200460,1610612766,CHA,Charlotte,1630208,Nick Richards,Nick,,,22:52,6.0,9.0,0.667,0.0,0.0,0.0,2.0,3.0,0.667,5.0,6.0,11.0,2.0,1.0,0.0,1.0,3.0,14.0,10.0
22200460,1610612766,CHA,Charlotte,1629667,Jalen McDaniels,Jalen,,,25:50,1.0,5.0,0.2,0.0,4.0,0.0,4.0,4.0,1.0,1.0,2.0,3.0,2.0,0.0,2.0,2.0,2.0,6.0,3.0
22200460,1610612766,CHA,Charlotte,1630177,Theo Maledon,Theo,,,26:05,4.0,10.0,0.4,0.0,3.0,0.0,4.0,6.0,0.667,0.0,7.0,7.0,3.0,1.0,0.0,0.0,2.0,12.0,6.0
22200460,1610612766,CHA,Charlotte,1630550,JT Thor,JT,,,8:24,1.0,1.0,1.0,0.0,0.0,0.0,0.0,0.0,0.0,1.0,2.0,3.0,0.0,0.0,0.0,0.0,0.0,2.0,-2.0
22200460,1610612766,CHA,Charlotte,1630547,James Bouknight,James,,DNP - Coach's Decision,,,,,,,,,,,,,,,,,,,,
22200460,1610612766,CHA,Charlotte,1630539,Kai Jones,Kai,,DNP - Coach's Decision,,,,,,,,,,,,,,,,,,,,
22200460,1610612758,SAC,Sacramento,203084,Harrison Barnes,Harrison,F,,29:29,3.0,7.0,0.429,0.0,2.0,0.0,5.0,8.0,0.625,0.0,3.0,3.0,3.0,2.0,0.0,1.0,1.0,11.0,2.0
22200460,1610612758,SAC,Sacramento,1631099,Keegan Murray,Keegan,F,,31:02,4.0,9.0,0.444,3.0,5.0,0.6,0.0,2.0,0.0,0.0,1.0,1.0,0.0,1.0,1.0,0.0,4.0,11.0,8.0
22200460,1610612758,SAC,Sacramento,1627734,Domantas Sabonis,Domantas,C,,40:44,12.0,19.0,0.632,2.0,2.0,1.0,2.0,5.0,0.4,5.0,18.0,23.0,7.0,1.0,0.0,1.0,4.0,28.0,6.0
22200460,1610612758,SAC,Sacramento,1628989,Kevin Huerter,Kevin,G,,31:47,3.0,11.0,0.273,3.0,8.0,0.375,0.0,2.0,0.0,1.0,2.0,3.0,1.0,0.0,0.0,0.0,5.0,9.0,6.0
22200460,1610612758,SAC,Sacramento,1628368,De'Aaron Fox,De'Aaron,G,,33:43,14.0,25.0,0.56,2.0,5.0,0.4,7.0,9.0,0.778,1.0,4.0,5.0,2.0,0.0,0.0,2.0,5.0,37.0,-20.0
22200460,1610612758,SAC,Sacramento,1628370,Malik Monk,Malik,,,24:51,4.0,13.0,0.308,1.0,6.0,0.167,3.0,4.0,0.75,0.0,1.0,1.0,4.0,0.0,0.0,2.0,1.0,12.0,-4.0
22200460,1610612758,SAC,Sacramento,1630558,Davion Mitchell,Davion,,,21:05,3.0,4.0,0.75,1.0,2.0,0.5,0.0,0.0,0.0,1.0,0.0,1.0,5.0,1.0,0.0,0.0,0.0,7.0,1.0
22200460,1610612758,SAC,Sacramento,1629056,Terence Davis,Terence,,,14:43,1.0,4.0,0.25,0.0,3.0,0.0,0.0,1.0,0.0,0.0,0.0,0.0,1.0,3.0,0.0,0.0,1.0,2.0,-11.0
22200460,1610612758,SAC,Sacramento,1626168,Trey Lyles,Trey,,,5:20,0.0,0.0,0.0,0.0,0.0,0.0,0.0,0.0,0.0,0.0,1.0,1.0,0.0,0.0,0.0,1.0,2.0,0.0,-6.0
22200460,1610612758,SAC,Sacramento,1629674,Neemias Queta,Neemias,,,7:16,1.0,3.0,0.333,0.0,0.0,0.0,0.0,0.0,0.0,2.0,2.0,4.0,0.0,0.0,1.0,1.0,0.0,2.0,-12.0
22200460,1610612758,SAC,Sacramento,203521,Matthew Dellavedova,Matthew,,DNP - Coach's Decision,,,,,,,,,,,,,,,,,,,,
22200460,1610612758,SAC,Sacramento,1626158,Richaun Holmes,Richaun,,DNP - Coach's Decision,,,,,,,,,,,,,,,,,,,,
22200460,1610612758,SAC,Sacramento,203458,Alex Len,Alex,,DNP - Coach's Decision,,,,,,,,,,,,,,,,,,,,
22200460,1610612758,SAC,Sacramento,1629002,Chimezie Metu,Chimezie,,DNP - Coach's Decision,,,,,,,,,,,,,,,,,,,,
22200460,1610612758,SAC,Sacramento,1629644,KZ Okpala,KZ,,DNP - Coach's Decision,,,,,,,,,,,,,,,,,,,,
22200459,1610612747,LAL,Los Angeles,1629022,Lonnie Walker IV,Lonnie,F,,30:11,5.0,13.0,0.385,3.0,6.0,0.5,3.0,3.0,1.0,1.0,3.0,4.0,2.0,1.0,1.0,0.0,3.0,16.0,-12.0
22200459,1610612747,LAL,Los Angeles,1628972,Troy Brown Jr.,Troy,F,,21:01,1.0,1.0,1.0,1.0,1.0,1.0,0.0,0.0,0.0,0.0,2.0,2.0,1.0,1.0,0.0,1.0,2.0,3.0,-14.0
22200459,1610612747,LAL,Los Angeles,1628418,Thomas Bryant,Thomas,C,,26:30,6.0,12.0,0.5,2.0,5.0,0.4,2.0,3.0,0.667,2.0,3.0,5.0,1.0,1.0,0.0,2.0,2.0,16.0,-15.0
22200459,1610612747,LAL,Los Angeles,201976,Patrick Beverley,Patrick,G,,23:09,4.0,8.0,0.5,0.0,2.0,0.0,1.0,1.0,1.0,0.0,1.0,1.0,3.0,0.0,0.0,3.0,2.0,9.0,-17.0
22200459,1610612747,LAL,Los Angeles,203471,Dennis Schröder,Dennis,G,,29:11,12.0,19.0,0.632,2.0,2.0,1.0,4.0,4.0,1.0,0.0,4.0,4.0,4.0,0.0,0.0,4.0,2.0,30.0,-18.0
22200459,1610612747,LAL,Los Angeles,1631108,Max Christie,Max,,,27:03,1.0,9.0,0.111,0.0,3.0,0.0,0.0,0.0,0.0,2.0,4.0,6.0,1.0,0.0,0.0,1.0,0.0,2.0,-17.0
22200459,1610612747,LAL,Los Angeles,1627745,Damian Jones,Damian,,,21:30,1.0,3.0,0.333,0.0,1.0,0.0,1.0,2.0,0.5,1.0,6.0,7.0,0.0,0.0,3.0,0.0,1.0,3.0,-11.0
22200459,1610612747,LAL,Los Angeles,1629117,Wenyen Gabriel,Wenyen,,,26:59,2.0,5.0,0.4,0.0,0.0,0.0,0.0,0.0,0.0,3.0,3.0,6.0,0.0,0.0,0.0,1.0,2.0,4.0,-12.0
22200459,1610612747,LAL,Los Angeles,1629134,Kendrick Nunn,Kendrick,,,19:56,6.0,12.0,0.5,3.0,6.0,0.5,2.0,2.0,1.0,0.0,1.0,1.0,0.0,1.0,0.0,1.0,1.0,17.0,-7.0
22200459,1610612747,LAL,Los Angeles,1630590,Scotty Pippen Jr.,Scotty,,,14:30,1.0,5.0,0.2,1.0,2.0,0.5,1.0,2.0,0.5,1.0,1.0,2.0,1.0,1.0,1.0,1.0,1.0,4.0,-7.0
22200459,1610612747,LAL,Los Angeles,1629308,Juan Toscano-Anderson,Juan,,DND - Injury/Illness,,,,,,,,,,,,,,,,,,,,
22200459,1610612747,LAL,Los Angeles,201566,Russell Westbrook,Russell,,DND - Injury/Illness,,,,,,,,,,,,,,,,,,,,
22200459,1610612756,PHX,Phoenix,1628969,Mikal Bridges,Mikal,F,,30:26,7.0,16.0,0.438,2.0,6.0,0.333,4.0,5.0,0.8,0.0,1.0,1.0,2.0,1.0,1.0,2.0,3.0,20.0,18.0
22200459,1610612756,PHX,Phoenix,1628470,Torrey Craig,Torrey,F,,31:03,6.0,7.0,0.857,4.0,4.0,1.0,1.0,2.0,0.5,3.0,5.0,8.0,4.0,2.0,0.0,0.0,3.0,17.0,13.0
22200459,1610612756,PHX,Phoenix,1629028,Deandre Ayton,Deandre,C,,25:52,9.0,11.0,0.818,1.0,1.0,1.0,2.0,4.0,0.5,4.0,7.0,11.0,0.0,0.0,1.0,3.0,0.0,21.0,11.0
22200459,1610612756,PHX,Phoenix,1627814,Damion Lee,Damion,G,,37:36,5.0,12.0,0.417,5.0,10.0,0.5,0.0,0.0,0.0,1.0,5.0,6.0,2.0,0.0,0.0,2.0,0.0,15.0,23.0
22200459,1610612756,PHX,Phoenix,101108,Chris Paul,Chris,G,,31:29,9.0,18.0,0.5,3.0,5.0,0.6,7.0,8.0,0.875,1.0,3.0,4.0,8.0,2.0,0.0,0.0,4.0,28.0,18.0
22200459,1610612756,PHX,Phoenix,1629013,Landry Shamet,Landry,,,29:26,4.0,12.0,0.333,3.0,7.0,0.429,2.0,2.0,1.0,0.0,3.0,3.0,2.0,1.0,1.0,0.0,0.0,13.0,15.0
22200459,1610612756,PHX,Phoenix,202687,Bismack Biyombo,Bismack,,,17:25,0.0,2.0,0.0,0.0,0.0,0.0,0.0,0.0,0.0,1.0,7.0,8.0,1.0,1.0,2.0,1.0,2.0,0.0,13.0
22200459,1610612756,PHX,Phoenix,1629006,Josh Okogie,Josh,,,9:52,1.0,5.0,0.2,0.0,1.0,0.0,1.0,2.0,0.5,2.0,1.0,3.0,0.0,1.0,0.0,0.0,0.0,3.0,2.0
22200459,1610612756,PHX,Phoenix,1630688,Ish Wainright,Ish,,,22:08,3.0,6.0,0.5,2.0,5.0,0.4,0.0,0.0,0.0,3.0,2.0,5.0,2.0,2.0,0.0,0.0,3.0,8.0,15.0
22200459,1610612756,PHX,Phoenix,203967,Dario Šarić,Dario,,,4:43,2.0,4.0,0.5,0.0,0.0,0.0,1.0,1.0,1.0,0.0,2.0,2.0,0.0,0.0,0.0,0.0,1.0,5.0,2.0
22200459,1610612756,PHX,Phoenix,1626164,Devin Booker,Devin,,DND - Injury/Illness,,,,,,,,,,,,,,,,,,,,
22200455,1610612759,SAS,San Antonio,1630170,Devin Vassell,Devin,F,,28:41,10.0,17.0,0.588,5.0,8.0,0.625,1.0,1.0,1.0,0.0,4.0,4.0,5.0,1.0,0.0,2.0,1.0,26.0,18.0
22200455,1610612759,SAS,San Antonio,1628966,Keita Bates-Diop,Keita,F,,26:35,2.0,7.0,0.286,1.0,3.0,0.333,4.0,4.0,1.0,1.0,5.0,6.0,2.0,2.0,0.0,2.0,2.0,9.0,10.0
22200455,1610612759,SAS,San Antonio,1627751,Jakob Poeltl,Jakob,C,,22:30,4.0,6.0,0.667,0.0,0.0,0.0,0.0,0.0,0.0,0.0,5.0,5.0,1.0,0.0,2.0,1.0,5.0,8.0,6.0
22200455,1610612759,SAS,San Antonio,1629641,Romeo Langford,Romeo,G,,19:14,2.0,2.0,1.0,1.0,1.0,1.0,1.0,2.0,0.5,0.0,1.0,1.0,1.0,0.0,1.0,0.0,1.0,6.0,3.0
22200455,1610612759,SAS,San Antonio,1630200,Tre Jones,Tre,G,,27:52,5.0,13.0,0.385,1.0,5.0,0.2,2.0,2.0,1.0,2.0,4.0,6.0,8.0,1.0,0.0,1.0,0.0,13.0,10.0
22200455,1610612759,SAS,San Antonio,1631110,Jeremy Sochan,Jeremy,,,23:08,5.0,8.0,0.625,1.0,3.0,0.333,1.0,4.0,0.25,2.0,5.0,7.0,2.0,0.0,1.0,2.0,4.0,12.0,17.0
22200455,1610612759,SAS,San Antonio,203926,Doug McDermott,Doug,,,22:40,6.0,11.0,0.545,4.0,6.0,0.667,0.0,0.0,0.0,1.0,3.0,4.0,2.0,0.0,0.0,2.0,2.0,16.0,16.0
22200455,1610612759,SAS,San Antonio,1628380,Zach Collins,Zach,,,22:44,2.0,4.0,0.5,0.0,0.0,0.0,6.0,6.0,1.0,3.0,4.0,7.0,3.0,0.0,1.0,4.0,3.0,10.0,18.0
22200455,1610612759,SAS,San Antonio,1631103,Malaki Branham,Malaki,,,21:31,6.0,8.0,0.75,2.0,4.0,0.5,0.0,0.0,0.0,0.0,3.0,3.0,3.0,2.0,0.0,4.0,3.0,14.0,4.0
22200455,1610612759,SAS,San Antonio,1626169,Stanley Johnson,Stanley,,,19:24,4.0,6.0,0.667,2.0,3.0,0.667,0.0,0.0,0.0,0.0,3.0,3.0,3.0,0.0,1.0,1.0,1.0,10.0,5.0
22200455,1610612759,SAS,San Antonio,1629676,Isaiah Roby,Isaiah,,,2:55,0.0,1.0,0.0,0.0,1.0,0.0,0.0,0.0,0.0,0.0,0.0,0.0,0.0,0.0,0.0,0.0,1.0,0.0,-7.0
22200455,1610612759,SAS,San Antonio,1629646,Charles Bassey,Charles,,,2:46,0.0,0.0,0.0,0.0,0.0,0.0,0.0,0.0,0.0,0.0,0.0,0.0,0.0,0.0,0.0,0.0,0.0,0.0,-5.0
22200455,1610612759,SAS,San Antonio,203476,Gorgui Dieng,Gorgui,,DNP - Coach's Decision,,,,,,,,,,,,,,,,,,,,
22200455,1610612745,HOU,Houston,201569,Eric Gordon,Eric,F,,27:54,2.0,7.0,0.286,1.0,2.0,0.5,0.0,0.0,0.0,0.0,0.0,0.0,1.0,1.0,0.0,0.0,0.0,5.0,-26.0
22200455,1610612745,HOU,Houston,1631095,Jabari Smith Jr.,Jabari,F,,30:26,4.0,14.0,0.286,0.0,4.0,0.0,1.0,1.0,1.0,3.0,5.0,8.0,1.0,1.0,1.0,2.0,1.0,9.0,-22.0
22200455,1610612745,HOU,Houston,1630578,Alperen Sengun,Alperen,C,,23:42,8.0,10.0,0.8,0.0,0.0,0.0,6.0,8.0,0.75,1.0,3.0,4.0,3.0,1.0,1.0,0.0,3.0,22.0,-16.0
22200455,1610612745,HOU,Houston,1630224,Jalen Green,Jalen,G,,31:25,3.0,12.0,0.25,1.0,3.0,0.333,6.0,7.0,0.857,0.0,1.0,1.0,2.0,2.0,0.0,2.0,1.0,13.0,-15.0
22200455,1610612745,HOU,Houston,1629645,Kevin Porter Jr.,Kevin,G,,26:38,6.0,16.0,0.375,1.0,5.0,0.2,2.0,3.0,0.667,3.0,1.0,4.0,4.0,2.0,1.0,1.0,4.0,15.0,-25.0
22200455,1610612745,HOU,Houston,1630231,KJ Martin,KJ,,,19:56,4.0,6.0,0.667,0.0,1.0,0.0,0.0,4.0,0.0,4.0,3.0,7.0,1.0,1.0,0.0,1.0,1.0,8.0,-10.0
22200455,1610612745,HOU,Houston,1630586,Usman Garuba,Usman,,,14:43,0.0,5.0,0.0,0.0,1.0,0.0,0.0,0.0,0.0,3.0,2.0,5.0,1.0,1.0,0.0,1.0,1.0,0.0,-5.0
22200455,1610612745,HOU,Houston,1631106,Tari Eason,Tari,,,23:45,3.0,5.0,0.6,1.0,2.0,0.5,4.0,6.0,0.667,1.0,3.0,4.0,0.0,1.0,0.0,1.0,1.0,11.0,-3.0
22200455,1610612745,HOU,Houston,1630227,Daishen Nix,Daishen,,,23:54,2.0,7.0,0.286,0.0,4.0,0.0,0.0,0.0,0.0,0.0,3.0,3.0,9.0,3.0,0.0,2.0,2.0,4.0,11.0
22200455,1610612745,HOU,Houston,1628981,Bruno Fernando,Bruno,,,9:35,3.0,6.0,0.5,0.0,0.0,0.0,1.0,2.0,0.5,1.0,3.0,4.0,1.0,0.0,0.0,1.0,2.0,7.0,2.0
22200455,1610612745,HOU,Houston,1626246,Boban Marjanović,Boban,,,4:01,1.0,1.0,1.0,0.0,0.0,0.0,0.0,0.0,0.0,0.0,1.0,1.0,0.0,0.0,0.0,0.0,0.0,2.0,7.0
22200455,1610612745,HOU,Houston,1631102,TyTy Washington Jr.,TyTy,,,4:01,4.0,5.0,0.8,1.0,2.0,0.5,0.0,0.0,0.0,0.0,0.0,0.0,0.0,0.0,0.0,0.0,0.0,9.0,7.0
22200457,1610612749,MIL,Milwaukee,1630699,MarJon Beauchamp,MarJon,F,,15:53,2.0,4.0,0.5,2.0,4.0,0.5,0.0,0.0,0.0,0.0,3.0,3.0,1.0,1.0,0.0,2.0,0.0,6.0,6.0
22200457,1610612749,MIL,Milwaukee,203507,Giannis Antetokounmpo,Giannis,F,,33:58,12.0,17.0,0.706,1.0,3.0,0.333,17.0,22.0,0.773,1.0,9.0,10.0,1.0,0.0,1.0,2.0,4.0,42.0,1.0
22200457,1610612749,MIL,Milwaukee,201572,Brook Lopez,Brook,C,,35:13,12.0,17.0,0.706,4.0,9.0,0.444,2.0,2.0,1.0,3.0,5.0,8.0,3.0,0.0,1.0,2.0,4.0,30.0,8.0
22200457,1610612749,MIL,Milwaukee,1628960,Grayson Allen,Grayson,G,,25:05,3.0,6.0,0.5,0.0,3.0,0.0,0.0,0.0,0.0,1.0,4.0,5.0,2.0,1.0,1.0,1.0,1.0,6.0,-4.0
22200457,1610612749,MIL,Milwaukee,201950,Jrue Holiday,Jrue,G,,33:48,6.0,12.0,0.5,2.0,6.0,0.333,4.0,4.0,1.0,1.0,3.0,4.0,11.0,2.0,1.0,3.0,2.0,18.0,2.0
22200457,1610612749,MIL,Milwaukee,1626192,Pat Connaughton,Pat,,,21:52,4.0,7.0,0.571,2.0,5.0,0.4,1.0,2.0,0.5,0.0,4.0,4.0,1.0,0.0,1.0,0.0,3.0,11.0,9.0
22200457,1610612749,MIL,Milwaukee,1626171,Bobby Portis,Bobby,,,22:28,2.0,5.0,0.4,0.0,1.0,0.0,0.0,0.0,0.0,1.0,3.0,4.0,1.0,0.0,0.0,1.0,1.0,4.0,11.0
22200457,1610612749,MIL,Milwaukee,1628975,Jevon Carter,Jevon,,,19:42,3.0,8.0,0.375,1.0,4.0,0.25,1.0,1.0,1.0,0.0,5.0,5.0,3.0,3.0,1.0,3.0,0.0,8.0,3.0
22200457,1610612749,MIL,Milwaukee,202083,Wesley Matthews,Wesley,,,16:43,1.0,1.0,1.0,1.0,1.0,1.0,0.0,0.0,0.0,0.0,0.0,0.0,1.0,0.0,0.0,0.0,4.0,3.0,7.0
22200457,1610612749,MIL,Milwaukee,204060,Joe Ingles,Joe,,,15:17,0.0,4.0,0.0,0.0,4.0,0.0,0.0,0.0,0.0,1.0,0.0,1.0,2.0,1.0,0.0,3.0,2.0,0.0,2.0
22200457,1610612749,MIL,Milwaukee,203648,Thanasis Antetokounmpo,Thanasis,,DNP - Coach's Decision,,,,,,,,,,,,,,,,,,,,
22200457,1610612749,MIL,Milwaukee,201588,George Hill,George,,DNP - Coach's Decision,,,,,,,,,,,,,,,,,,,,
22200457,1610612749,MIL,Milwaukee,201586,Serge Ibaka,Serge,,DNP - Coach's Decision,,,,,,,,,,,,,,,,,,,,
22200457,1610612749,MIL,Milwaukee,1629670,Jordan Nwora,Jordan,,DNP - Coach's Decision,,,,,,,,,,,,,,,,,,,,
22200457,1610612740,NOP,New Orleans,1630530,Trey Murphy III,Trey,F,,27:58,3.0,6.0,0.5,1.0,3.0,0.333,6.0,6.0,1.0,3.0,2.0,5.0,0.0,0.0,0.0,0.0,1.0,13.0,-9.0
22200457,1610612740,NOP,New Orleans,1629627,Zion Williamson,Zion,F,,40:08,7.0,16.0,0.438,0.0,0.0,0.0,4.0,8.0,0.5,3.0,4.0,7.0,7.0,3.0,0.0,5.0,1.0,18.0,-2.0
22200457,1610612740,NOP,New Orleans,202685,Jonas Valančiūnas,Jonas,C,,37:02,14.0,24.0,0.583,7.0,10.0,0.7,2.0,2.0,1.0,6.0,12.0,18.0,5.0,1.0,0.0,2.0,4.0,37.0,6.0
22200457,1610612740,NOP,New Orleans,1630529,Herbert Jones,Herbert,G,,30:44,3.0,11.0,0.273,2.0,8.0,0.25,1.0,2.0,0.5,1.0,1.0,2.0,1.0,5.0,0.0,2.0,5.0,9.0,7.0
22200457,1610612740,NOP,New Orleans,203468,CJ McCollum,CJ,G,,41:06,11.0,24.0,0.458,6.0,10.0,0.6,3.0,4.0,0.75,2.0,6.0,8.0,9.0,0.0,0.0,3.0,1.0,31.0,-3.0
22200457,1610612740,NOP,New Orleans,1630230,Naji Marshall,Naji,,,14:40,1.0,6.0,0.167,1.0,6.0,0.167,0.0,0.0,0.0,0.0,0.0,0.0,1.0,0.0,0.0,1.0,0.0,3.0,-13.0
22200457,1610612740,NOP,New Orleans,1630700,Dyson Daniels,Dyson,,,11:42,1.0,3.0,0.333,1.0,2.0,0.5,0.0,0.0,0.0,0.0,0.0,0.0,1.0,0.0,0.0,1.0,1.0,3.0,-11.0
22200457,1610612740,NOP,New Orleans,1628984,Devonte' Graham,Devonte',,,7:06,0.0,1.0,0.0,0.0,1.0,0.0,0.0,0.0,0.0,0.0,0.0,0.0,0.0,0.0,0.0,0.0,0.0,0.0,-9.0
22200457,1610612740,NOP,New Orleans,1626195,Willy Hernangomez,Willy,,,9:42,2.0,2.0,1.0,0.0,0.0,0.0,1.0,2.0,0.5,1.0,0.0,1.0,0.0,0.0,0.0,1.0,3.0,5.0,-12.0
22200457,1610612740,NOP,New Orleans,1630631,Jose Alvarado,Jose,,,19:52,0.0,6.0,0.0,0.0,5.0,0.0,0.0,0.0,0.0,1.0,2.0,3.0,6.0,0.0,0.0,0.0,4.0,0.0,1.0
22200457,1610612740,NOP,New Orleans,1629637,Jaxson Hayes,Jaxson,,DNP - Coach's Decision,,,,,,,,,,,,,,,,,,,,
22200457,1610612740,NOP,New Orleans,202066,Garrett Temple,Garrett,,DNP - Coach's Decision,,,,,,,,,,,,,,,,,,,,
22200458,1610612757,POR,Portland,1628404,Josh Hart,Josh,F,,32:06,4.0,8.0,0.5,1.0,2.0,0.5,4.0,4.0,1.0,2.0,6.0,8.0,6.0,0.0,0.0,0.0,2.0,13.0,6.0
22200458,1610612757,POR,Portland,203924,Jerami Grant,Jerami,F,,41:54,10.0,18.0,0.556,1.0,5.0,0.2,5.0,7.0,0.714,3.0,5.0,8.0,3.0,2.0,0.0,4.0,2.0,26.0,-1.0
22200458,1610612757,POR,Portland,1629234,Drew Eubanks,Drew,C,,32:03,4.0,4.0,1.0,0.0,0.0,0.0,1.0,2.0,0.5,2.0,5.0,7.0,3.0,0.0,2.0,0.0,4.0,9.0,7.0
22200458,1610612757,POR,Portland,1629014,Anfernee Simons,Anfernee,G,,34:30,7.0,16.0,0.438,5.0,10.0,0.5,0.0,0.0,0.0,0.0,4.0,4.0,1.0,1.0,0.0,2.0,5.0,19.0,11.0
22200458,1610612757,POR,Portland,203081,Damian Lillard,Damian,G,,39:00,9.0,17.0,0.529,6.0,12.0,0.5,4.0,4.0,1.0,0.0,3.0,3.0,6.0,1.0,0.0,4.0,4.0,28.0,0.0
22200458,1610612757,POR,Portland,1630570,Trendon Watford,Trendon,,,14:10,1.0,3.0,0.333,0.0,1.0,0.0,1.0,2.0,0.5,0.0,2.0,2.0,4.0,0.0,0.0,4.0,5.0,3.0,-6.0
22200458,1610612757,POR,Portland,1631101,Shaedon Sharpe,Shaedon,,,10:27,2.0,4.0,0.5,0.0,1.0,0.0,2.0,2.0,1.0,1.0,2.0,3.0,0.0,0.0,0.0,0.0,0.0,6.0,-7.0
22200458,1610612757,POR,Portland,1626159,Justise Winslow,Justise,,,22:17,4.0,7.0,0.571,0.0,1.0,0.0,0.0,0.0,0.0,4.0,2.0,6.0,2.0,1.0,0.0,2.0,5.0,8.0,-13.0
22200458,1610612757,POR,Portland,1630553,Keon Johnson,Keon,,,13:34,3.0,11.0,0.273,3.0,5.0,0.6,0.0,0.0,0.0,2.0,2.0,4.0,1.0,0.0,0.0,0.0,1.0,9.0,-7.0
22200458,1610612757,POR,Portland,1630535,Greg Brown III,Greg,,DNP - Coach's Decision,,,,,,,,,,,,,,,,,,,,
22200458,1610612757,POR,Portland,1627780,Gary Payton II,Gary,,DND-Return to Competition Reconditioning,,,,,,,,,,,,,,,,,,,,
22200458,1610612757,POR,Portland,1631133,Jabari Walker,Jabari,,DNP - Coach's Decision,,,,,,,,,,,,,,,,,,,,
22200458,1610612760,OKC,Oklahoma City,1630598,Aaron Wiggins,Aaron,F,,25:11,4.0,9.0,0.444,0.0,3.0,0.0,4.0,4.0,1.0,2.0,2.0,4.0,1.0,1.0,0.0,0.0,2.0,12.0,-21.0
22200458,1610612760,OKC,Oklahoma City,1631114,Jalen Williams,Jalen,F,,33:21,5.0,12.0,0.417,1.0,2.0,0.5,2.0,3.0,0.667,2.0,5.0,7.0,4.0,1.0,1.0,1.0,2.0,13.0,-6.0
22200458,1610612760,OKC,Oklahoma City,1630197,Aleksej Pokusevski,Aleksej,C,,23:13,3.0,9.0,0.333,0.0,4.0,0.0,2.0,4.0,0.5,3.0,3.0,6.0,3.0,0.0,1.0,2.0,2.0,8.0,-14.0
22200458,1610612760,OKC,Oklahoma City,1629652,Luguentz Dort,Luguentz,G,,31:13,3.0,8.0,0.375,0.0,2.0,0.0,7.0,8.0,0.875,2.0,1.0,3.0,0.0,1.0,0.0,2.0,5.0,13.0,-9.0
22200458,1610612760,OKC,Oklahoma City,1628983,Shai Gilgeous-Alexander,Shai,G,,36:02,10.0,24.0,0.417,1.0,1.0,1.0,14.0,14.0,1.0,0.0,2.0,2.0,6.0,1.0,2.0,2.0,2.0,35.0,-1.0
22200458,1610612760,OKC,Oklahoma City,1630198,Isaiah Joe,Isaiah,,,23:05,4.0,7.0,0.571,3.0,6.0,0.5,0.0,0.0,0.0,0.0,3.0,3.0,1.0,1.0,0.0,0.0,1.0,11.0,17.0
22200458,1610612760,OKC,Oklahoma City,1629026,Kenrich Williams,Kenrich,,,28:37,5.0,7.0,0.714,2.0,3.0,0.667,0.0,0.0,0.0,1.0,3.0,4.0,2.0,2.0,0.0,2.0,3.0,12.0,18.0
22200458,1610612760,OKC,Oklahoma City,1630322,Lindy Waters III,Lindy,,,10:52,0.0,3.0,0.0,0.0,3.0,0.0,1.0,1.0,1.0,0.0,1.0,1.0,1.0,0.0,0.0,0.0,1.0,1.0,14.0
22200458,1610612760,OKC,Oklahoma City,203488,Mike Muscala,Mike,,,16:18,4.0,5.0,0.8,4.0,5.0,0.8,0.0,0.0,0.0,0.0,3.0,3.0,1.0,0.0,1.0,0.0,1.0,12.0,12.0
22200458,1610612760,OKC,Oklahoma City,1630647,Eugene Omoruyi,Eugene,,,12:09,2.0,4.0,0.5,0.0,2.0,0.0,2.0,3.0,0.667,1.0,5.0,6.0,1.0,0.0,0.0,1.0,2.0,6.0,0.0
22200458,1610612760,OKC,Oklahoma City,1629647,Darius Bazley,Darius,,DND - Injury/Illness,,,,,,,,,,,,,,,,,,,,
22200456,1610612742,DAL,Dallas,203493,Reggie Bullock Jr.,Reggie,F,,32:50,0.0,3.0,0.0,0.0,3.0,0.0,0.0,0.0,0.0,0.0,6.0,6.0,2.0,1.0,1.0,0.0,4.0,0.0,-16.0
22200456,1610612742,DAL,Dallas,1627827,Dorian Finney-Smith,Dorian,F,,27:55,3.0,6.0,0.5,2.0,3.0,0.667,1.0,2.0,0.5,4.0,1.0,5.0,1.0,1.0,1.0,1.0,1.0,9.0,-18.0
22200456,1610612742,DAL,Dallas,1626174,Christian Wood,Christian,C,,34:29,4.0,11.0,0.364,1.0,4.0,0.25,6.0,7.0,0.857,1.0,12.0,13.0,1.0,1.0,2.0,5.0,5.0,15.0,-15.0
22200456,1610612742,DAL,Dallas,203915,Spencer Dinwiddie,Spencer,G,,37:35,6.0,13.0,0.462,5.0,10.0,0.5,3.0,4.0,0.75,0.0,2.0,2.0,7.0,1.0,0.0,1.0,1.0,20.0,-13.0
22200456,1610612742,DAL,Dallas,1629029,Luka Dončić,Luka,G,,28:24,5.0,17.0,0.294,3.0,8.0,0.375,6.0,7.0,0.857,1.0,5.0,6.0,7.0,1.0,0.0,4.0,2.0,19.0,-14.0
22200456,1610612742,DAL,Dallas,202689,Kemba Walker,Kemba,,,23:59,3.0,9.0,0.333,1.0,6.0,0.167,7.0,7.0,1.0,0.0,2.0,2.0,3.0,0.0,0.0,0.0,4.0,14.0,-4.0
22200456,1610612742,DAL,Dallas,1628373,Frank Ntilikina,Frank,,,26:14,2.0,6.0,0.333,1.0,2.0,0.5,0.0,0.0,0.0,0.0,4.0,4.0,1.0,0.0,0.0,3.0,3.0,5.0,6.0
22200456,1610612742,DAL,Dallas,201580,JaVale McGee,JaVale,,,8:58,2.0,2.0,1.0,0.0,0.0,0.0,1.0,2.0,0.5,1.0,1.0,2.0,0.0,0.0,0.0,1.0,1.0,5.0,9.0
22200456,1610612742,DAL,Dallas,202722,Dāvis Bertāns,Dāvis,,,16:24,6.0,9.0,0.667,6.0,9.0,0.667,0.0,0.0,0.0,0.0,0.0,0.0,0.0,0.0,1.0,0.0,1.0,18.0,9.0
22200456,1610612742,DAL,Dallas,1629033,Theo Pinson,Theo,,,3:12,0.0,0.0,0.0,0.0,0.0,0.0,1.0,2.0,0.5,1.0,1.0,2.0,1.0,0.0,0.0,0.0,1.0,1.0,6.0
22200456,1610612742,DAL,Dallas,203939,Dwight Powell,Dwight,,DND - Injury/Illness,,,,,,,,,,,,,,,,,,,,
22200456,1610612750,MIN,Minnesota,1630162,Anthony Edwards,Anthony,F,,37:43,7.0,21.0,0.333,3.0,6.0,0.5,10.0,11.0,0.909,2.0,11.0,13.0,9.0,1.0,2.0,1.0,3.0,27.0,20.0
22200456,1610612750,MIN,Minnesota,1630183,Jaden McDaniels,Jaden,F,,37:05,5.0,11.0,0.455,1.0,4.0,0.25,2.0,2.0,1.0,3.0,2.0,5.0,2.0,0.0,0.0,1.0,3.0,13.0,13.0
22200456,1610612750,MIN,Minnesota,1629675,Naz Reid,Naz,C,,39:60,11.0,19.0,0.579,2.0,6.0,0.333,3.0,4.0,0.75,2.0,11.0,13.0,1.0,2.0,1.0,2.0,2.0,27.0,17.0
22200456,1610612750,MIN,Minnesota,203085,Austin Rivers,Austin,G,,36:60,6.0,7.0,0.857,3.0,4.0,0.75,1.0,2.0,0.5,0.0,5.0,5.0,2.0,1.0,0.0,1.0,1.0,16.0,15.0
22200456,1610612750,MIN,Minnesota,1626156,D'Angelo Russell,D'Angelo,G,,35:10,4.0,13.0,0.308,1.0,6.0,0.167,0.0,0.0,0.0,0.0,2.0,2.0,5.0,0.0,0.0,3.0,4.0,9.0,-9.0
22200456,1610612750,MIN,Minnesota,1629669,Jaylen Nowell,Jaylen,,,25:12,6.0,10.0,0.6,2.0,3.0,0.667,4.0,5.0,0.8,0.0,2.0,2.0,0.0,1.0,0.0,1.0,3.0,18.0,18.0
22200456,1610612750,MIN,Minnesota,1630233,Nathan Knight,Nathan,,,6:00,1.0,3.0,0.333,0.0,1.0,0.0,0.0,0.0,0.0,1.0,1.0,2.0,0.0,0.0,0.0,1.0,3.0,2.0,0.0
22200456,1610612750,MIN,Minnesota,1627854,Bryn Forbes,Bryn,,,12:41,1.0,3.0,0.333,0.0,0.0,0.0,0.0,0.0,0.0,0.0,1.0,1.0,0.0,0.0,1.0,0.0,1.0,2.0,-3.0
22200456,1610612750,MIN,Minnesota,1630568,Luka Garza,Luka,,,2:53,0.0,1.0,0.0,0.0,1.0,0.0,0.0,0.0,0.0,0.0,0.0,0.0,0.0,0.0,0.0,0.0,2.0,0.0,-11.0
22200456,1610612750,MIN,Minnesota,1631111,Wendell Moore Jr.,Wendell,,,4:30,1.0,1.0,1.0,0.0,0.0,0.0,0.0,0.0,0.0,1.0,0.0,1.0,0.0,0.0,0.0,0.0,2.0,2.0,-2.0
22200456,1610612750,MIN,Minnesota,1631169,Josh Minott,Josh,,,0:53,0.0,0.0,0.0,0.0,0.0,0.0,0.0,0.0,0.0,0.0,0.0,0.0,0.0,0.0,0.0,0.0,0.0,0.0,-4.0
22200456,1610612750,MIN,Minnesota,1630346,Matt Ryan,Matt,,,0:53,0.0,0.0,0.0,0.0,0.0,0.0,0.0,0.0,0.0,0.0,0.0,0.0,0.0,0.0,0.0,0.0,0.0,0.0,-4.0
22200456,1610612750,MIN,Minnesota,203937,Kyle Anderson,Kyle,,DND - Injury/Illness,,,,,,,,,,,,,,,,,,,,
22200454,1610612753,ORL,Orlando,1631094,Paolo Banchero,Paolo,F,,34:53,7.0,15.0,0.467,1.0,4.0,0.25,3.0,4.0,0.75,0.0,4.0,4.0,7.0,1.0,2.0,3.0,1.0,18.0,-1.0
22200454,1610612753,ORL,Orlando,1629626,Bol Bol,Bol,F,,22:00,3.0,6.0,0.5,0.0,0.0,0.0,0.0,0.0,0.0,0.0,4.0,4.0,0.0,1.0,1.0,1.0,1.0,6.0,-2.0
22200454,1610612753,ORL,Orlando,1629021,Moritz Wagner,Moritz,C,,29:30,5.0,10.0,0.5,1.0,5.0,0.2,5.0,5.0,1.0,1.0,9.0,10.0,2.0,2.0,1.0,0.0,1.0,16.0,-2.0
22200454,1610612753,ORL,Orlando,1630532,Franz Wagner,Franz,G,,34:48,6.0,18.0,0.333,2.0,6.0,0.333,5.0,5.0,1.0,6.0,1.0,7.0,2.0,1.0,1.0,0.0,2.0,19.0,9.0
22200454,1610612753,ORL,Orlando,1628365,Markelle Fultz,Markelle,G,,33:02,11.0,19.0,0.579,2.0,3.0,0.667,0.0,0.0,0.0,1.0,5.0,6.0,9.0,1.0,0.0,2.0,1.0,24.0,5.0
22200454,1610612753,ORL,Orlando,203082,Terrence Ross,Terrence,,,25:17,5.0,11.0,0.455,2.0,7.0,0.286,2.0,2.0,1.0,0.0,0.0,0.0,3.0,0.0,0.0,0.0,1.0,14.0,-15.0
22200454,1610612753,ORL,Orlando,1630175,Cole Anthony,Cole,,,20:16,1.0,5.0,0.2,0.0,1.0,0.0,6.0,6.0,1.0,0.0,3.0,3.0,4.0,1.0,1.0,1.0,4.0,8.0,-9.0
22200454,1610612753,ORL,Orlando,1628964,Mo Bamba,Mo,,,18:30,4.0,6.0,0.667,2.0,4.0,0.5,1.0,2.0,0.5,1.0,3.0,4.0,2.0,1.0,0.0,1.0,2.0,11.0,1.0
22200454,1610612753,ORL,Orlando,1629678,Admiral Schofield,Admiral,,,13:07,3.0,5.0,0.6,2.0,4.0,0.5,1.0,1.0,1.0,1.0,6.0,7.0,0.0,0.0,1.0,0.0,1.0,9.0,0.0
22200454,1610612753,ORL,Orlando,1630284,Kevon Harris,Kevon,,,8:37,0.0,0.0,0.0,0.0,0.0,0.0,0.0,0.0,0.0,0.0,0.0,0.0,0.0,0.0,1.0,0.0,3.0,0.0,9.0
22200454,1610612753,ORL,Orlando,1630181,R.J. Hampton,R.J.,,DNP - Coach's Decision,,,,,,,,,,,,,,,,,,,,
22200454,1610612753,ORL,Orlando,1631216,Caleb Houstan,Caleb,,DNP - Coach's Decision,,,,,,,,,,,,,,,,,,,,
22200454,1610612737,ATL,Atlanta,203992,Bogdan Bogdanović,Bogdan,F,,34:32,4.0,12.0,0.333,2.0,8.0,0.25,0.0,0.0,0.0,1.0,3.0,4.0,2.0,1.0,0.0,0.0,0.0,10.0,-15.0
22200454,1610612737,ATL,Atlanta,1629631,De'Andre Hunter,De'Andre,F,,35:46,6.0,11.0,0.545,3.0,6.0,0.5,1.0,2.0,0.5,1.0,3.0,4.0,2.0,1.0,0.0,1.0,3.0,16.0,-2.0
22200454,1610612737,ATL,Atlanta,1628381,John Collins,John,C,,20:09,5.0,7.0,0.714,0.0,0.0,0.0,2.0,2.0,1.0,0.0,7.0,7.0,3.0,1.0,0.0,1.0,1.0,12.0,-3.0
22200454,1610612737,ATL,Atlanta,1627749,Dejounte Murray,Dejounte,G,,37:34,7.0,18.0,0.389,1.0,7.0,0.143,2.0,2.0,1.0,1.0,4.0,5.0,3.0,2.0,0.0,3.0,4.0,17.0,-2.0
22200454,1610612737,ATL,Atlanta,1629027,Trae Young,Trae,G,,36:17,11.0,22.0,0.5,3.0,7.0,0.429,12.0,12.0,1.0,1.0,2.0,3.0,13.0,0.0,0.0,4.0,1.0,37.0,4.0
22200454,1610612737,ATL,Atlanta,1631100,AJ Griffin,AJ,,,25:04,8.0,13.0,0.615,3.0,4.0,0.75,0.0,0.0,0.0,0.0,7.0,7.0,2.0,1.0,0.0,1.0,2.0,19.0,15.0
22200454,1610612737,ATL,Atlanta,1630168,Onyeka Okongwu,Onyeka,,,27:47,5.0,7.0,0.714,0.0,0.0,0.0,1.0,2.0,0.5,2.0,6.0,8.0,0.0,0.0,2.0,0.0,4.0,11.0,4.0
22200454,1610612737,ATL,Atlanta,1628988,Aaron Holiday,Aaron,,,10:26,2.0,2.0,1.0,0.0,0.0,0.0,0.0,0.0,0.0,0.0,0.0,0.0,2.0,1.0,0.0,0.0,1.0,4.0,3.0
22200454,1610612737,ATL,Atlanta,1630552,Jalen Johnson,Jalen,,,12:26,0.0,2.0,0.0,0.0,0.0,0.0,0.0,0.0,0.0,0.0,3.0,3.0,2.0,0.0,1.0,0.0,2.0,0.0,1.0
22200454,1610612737,ATL,Atlanta,1630235,Trent Forrest,Trent,,DNP - Coach's Decision,,,,,,,,,,,,,,,,,,,,
22200454,1610612737,ATL,Atlanta,203200,Justin Holiday,Justin,,DNP - Coach's Decision,,,,,,,,,,,,,,,,,,,,
22200454,1610612737,ATL,Atlanta,1626163,Frank Kaminsky,Frank,,DNP - Coach's Decision,,,,,,,,,,,,,,,,,,,,
22200454,1610612737,ATL,Atlanta,1630249,Vít Krejčí,Vít,,DNP - Coach's Decision,,,,,,,,,,,,,,,,,,,,
22200454,1610612737,ATL,Atlanta,1631213,Tyrese Martin,Tyrese,,DNP - Coach's Decision,,,,,,,,,,,,,,,,,,,,
22200453,1610612761,TOR,Toronto,1628384,OG Anunoby,OG,F,,40:27,4.0,10.0,0.4,3.0,7.0,0.429,2.0,4.0,0.5,0.0,4.0,4.0,3.0,2.0,1.0,2.0,2.0,13.0,-25.0
22200453,1610612761,TOR,Toronto,1627783,Pascal Siakam,Pascal,F,,47:42,13.0,27.0,0.481,3.0,8.0,0.375,9.0,11.0,0.818,0.0,15.0,15.0,6.0,1.0,0.0,5.0,2.0,38.0,3.0
22200453,1610612761,TOR,Toronto,1627823,Juancho Hernangomez,Juancho,C,,14:19,3.0,4.0,0.75,1.0,2.0,0.5,0.0,0.0,0.0,0.0,1.0,1.0,0.0,1.0,0.0,1.0,1.0,7.0,-3.0
22200453,1610612761,TOR,Toronto,1630567,Scottie Barnes,Scottie,G,,29:46,3.0,9.0,0.333,0.0,3.0,0.0,0.0,0.0,0.0,1.0,2.0,3.0,3.0,0.0,0.0,2.0,3.0,6.0,-2.0
22200453,1610612761,TOR,Toronto,1627832,Fred VanVleet,Fred,G,,41:03,3.0,15.0,0.2,2.0,11.0,0.182,1.0,1.0,1.0,1.0,5.0,6.0,3.0,0.0,1.0,2.0,2.0,9.0,6.0
22200453,1610612761,TOR,Toronto,1630201,Malachi Flynn,Malachi,,,18:55,2.0,7.0,0.286,1.0,4.0,0.25,0.0,0.0,0.0,1.0,0.0,1.0,3.0,0.0,0.0,0.0,3.0,5.0,-6.0
22200453,1610612761,TOR,Toronto,203920,Khem Birch,Khem,,,23:02,1.0,3.0,0.333,0.0,0.0,0.0,0.0,0.0,0.0,0.0,5.0,5.0,2.0,0.0,1.0,1.0,1.0,2.0,6.0
22200453,1610612761,TOR,Toronto,1628449,Chris Boucher,Chris,,,30:22,4.0,6.0,0.667,1.0,3.0,0.333,4.0,4.0,1.0,3.0,7.0,10.0,2.0,2.0,0.0,1.0,2.0,13.0,3.0
22200453,1610612761,TOR,Toronto,201152,Thaddeus Young,Thaddeus,,,19:23,4.0,7.0,0.571,0.0,2.0,0.0,0.0,0.0,0.0,3.0,2.0,5.0,2.0,0.0,0.0,1.0,4.0,8.0,3.0
22200453,1610612761,TOR,Toronto,1630625,Dalano Banton,Dalano,,DNP - Coach's Decision,,,,,,,,,,,,,,,,,,,,
22200453,1610612761,TOR,Toronto,1631132,Christian Koloko,Christian,,DNP - Coach's Decision,,,,,,,,,,,,,,,,,,,,
22200453,1610612761,TOR,Toronto,1629018,Gary Trent Jr.,Gary,,DND - Injury/Illness,,,,,,,,,,,,,,,,,,,,
22200453,1610612755,PHI,Philadelphia,202699,Tobias Harris,Tobias,F,,42:13,7.0,9.0,0.778,5.0,7.0,0.714,2.0,2.0,1.0,0.0,4.0,4.0,1.0,1.0,0.0,2.0,2.0,21.0,7.0
22200453,1610612755,PHI,Philadelphia,200782,P.J. Tucker,P.J.,F,,39:24,1.0,6.0,0.167,1.0,5.0,0.2,2.0,2.0,1.0,2.0,4.0,6.0,2.0,1.0,1.0,3.0,5.0,5.0,7.0
22200453,1610612755,PHI,Philadelphia,203954,Joel Embiid,Joel,C,,42:07,6.0,16.0,0.375,2.0,3.0,0.667,14.0,15.0,0.933,0.0,11.0,11.0,4.0,2.0,0.0,3.0,4.0,28.0,5.0
22200453,1610612755,PHI,Philadelphia,1629001,De'Anthony Melton,De'Anthony,G,,41:03,3.0,14.0,0.214,2.0,11.0,0.182,0.0,0.0,0.0,2.0,5.0,7.0,1.0,1.0,0.0,3.0,1.0,8.0,8.0
22200453,1610612755,PHI,Philadelphia,201935,James Harden,James,G,,41:56,5.0,14.0,0.357,1.0,6.0,0.167,3.0,3.0,1.0,0.0,7.0,7.0,8.0,1.0,0.0,5.0,2.0,14.0,14.0
22200453,1610612755,PHI,Philadelphia,1629003,Shake Milton,Shake,,,18:35,2.0,7.0,0.286,0.0,2.0,0.0,0.0,0.0,0.0,0.0,1.0,1.0,3.0,0.0,0.0,0.0,1.0,4.0,-16.0
22200453,1610612755,PHI,Philadelphia,1627777,Georges Niang,Georges,,,11:28,1.0,3.0,0.333,1.0,2.0,0.5,2.0,2.0,1.0,0.0,1.0,1.0,0.0,0.0,0.0,0.0,1.0,5.0,-6.0
22200453,1610612755,PHI,Philadelphia,1629680,Matisse Thybulle,Matisse,,,6:48,1.0,3.0,0.333,1.0,3.0,0.333,0.0,0.0,0.0,0.0,1.0,1.0,1.0,0.0,0.0,0.0,0.0,3.0,-4.0
22200453,1610612755,PHI,Philadelphia,1627863,Danuel House Jr.,Danuel,,,10:34,3.0,4.0,0.75,2.0,3.0,0.667,1.0,1.0,1.0,0.0,2.0,2.0,1.0,0.0,0.0,0.0,3.0,9.0,2.0
22200453,1610612755,PHI,Philadelphia,1626149,Montrezl Harrell,Montrezl,,,10:53,3.0,4.0,0.75,0.0,0.0,0.0,1.0,2.0,0.5,0.0,1.0,1.0,1.0,2.0,0.0,0.0,2.0,7.0,-2.0
22200453,1610612755,PHI,Philadelphia,1630194,Paul Reed,Paul,,DNP - Coach's Decision,,,,,,,,,,,,,,,,,,,,
22200453,1610612755,PHI,Philadelphia,1630531,Jaden Springer,Jaden,,DNP - Coach's Decision,,,,,,,,,,,,,,,,,,,,
22200448,1610612744,GSW,Golden State,1628978,Donte DiVincenzo,Donte,F,,32:34,2.0,5.0,0.4,1.0,3.0,0.333,0.0,0.0,0.0,0.0,1.0,1.0,6.0,2.0,0.0,3.0,4.0,5.0,12.0
22200448,1610612744,GSW,Golden State,203110,Draymond Green,Draymond,F,,36:34,7.0,15.0,0.467,3.0,6.0,0.5,0.0,0.0,0.0,3.0,6.0,9.0,5.0,0.0,0.0,2.0,3.0,17.0,8.0
22200448,1610612744,GSW,Golden State,1626172,Kevon Looney,Kevon,C,,28:10,4.0,7.0,0.571,0.0,0.0,0.0,3.0,3.0,1.0,6.0,5.0,11.0,2.0,0.0,1.0,0.0,3.0,11.0,12.0
22200448,1610612744,GSW,Golden State,202691,Klay Thompson,Klay,G,,34:32,6.0,14.0,0.429,3.0,9.0,0.333,2.0,2.0,1.0,0.0,7.0,7.0,4.0,1.0,0.0,1.0,2.0,17.0,14.0
22200448,1610612744,GSW,Golden State,1629673,Jordan Poole,Jordan,G,,34:35,14.0,23.0,0.609,5.0,11.0,0.455,10.0,11.0,0.909,0.0,1.0,1.0,6.0,1.0,0.0,4.0,4.0,43.0,11.0
22200448,1610612744,GSW,Golden State,203210,JaMychal Green,JaMychal,,,17:22,5.0,7.0,0.714,2.0,3.0,0.667,3.0,4.0,0.75,2.0,5.0,7.0,1.0,0.0,1.0,2.0,1.0,15.0,4.0
22200448,1610612744,GSW,Golden State,1629660,Ty Jerome,Ty,,,17:57,2.0,3.0,0.667,2.0,3.0,0.667,3.0,4.0,0.75,0.0,3.0,3.0,4.0,0.0,0.0,2.0,1.0,9.0,6.0
22200448,1610612744,GSW,Golden State,1630228,Jonathan Kuminga,Jonathan,,,5:24,1.0,4.0,0.25,0.0,1.0,0.0,0.0,0.0,0.0,0.0,0.0,0.0,1.0,1.0,0.0,0.0,1.0,2.0,6.0
22200448,1610612744,GSW,Golden State,1630541,Moses Moody,Moses,,,10:51,0.0,0.0,0.0,0.0,0.0,0.0,0.0,0.0,0.0,0.0,0.0,0.0,0.0,1.0,0.0,1.0,2.0,0.0,6.0
22200448,1610612744,GSW,Golden State,1630237,Anthony Lamb,Anthony,,,14:58,2.0,2.0,1.0,2.0,2.0,1.0,0.0,0.0,0.0,0.0,0.0,0.0,1.0,0.0,0.0,1.0,0.0,6.0,4.0
22200448,1610612744,GSW,Golden State,1631157,Ryan Rollins,Ryan,,,2:21,0.0,0.0,0.0,0.0,0.0,0.0,0.0,0.0,0.0,0.0,0.0,0.0,0.0,0.0,0.0,0.0,0.0,0.0,-1.0
22200448,1610612744,GSW,Golden State,1630164,James Wiseman,James,,,2:21,0.0,0.0,0.0,0.0,0.0,0.0,0.0,0.0,0.0,1.0,0.0,1.0,0.0,0.0,0.0,0.0,0.0,0.0,-1.0
22200448,1610612744,GSW,Golden State,1631116,Patrick Baldwin Jr.,Patrick,,,2:21,0.0,1.0,0.0,0.0,1.0,0.0,1.0,2.0,0.5,0.0,1.0,1.0,1.0,0.0,0.0,1.0,0.0,1.0,-1.0
22200448,1610612761,TOR,Toronto,1627823,Juancho Hernangomez,Juancho,F,,23:13,1.0,4.0,0.25,1.0,3.0,0.333,0.0,0.0,0.0,2.0,2.0,4.0,0.0,0.0,1.0,1.0,3.0,3.0,-14.0
22200448,1610612761,TOR,Toronto,1627783,Pascal Siakam,Pascal,F,,36:58,9.0,20.0,0.45,3.0,5.0,0.6,6.0,7.0,0.857,2.0,3.0,5.0,5.0,0.0,0.0,1.0,2.0,27.0,-17.0
22200448,1610612761,TOR,Toronto,1631132,Christian Koloko,Christian,C,,20:05,1.0,1.0,1.0,0.0,0.0,0.0,1.0,2.0,0.5,1.0,2.0,3.0,0.0,0.0,1.0,2.0,4.0,3.0,-2.0
22200448,1610612761,TOR,Toronto,1630567,Scottie Barnes,Scottie,G,,31:35,7.0,16.0,0.438,1.0,3.0,0.333,2.0,2.0,1.0,2.0,3.0,5.0,4.0,1.0,0.0,3.0,1.0,17.0,-12.0
22200448,1610612761,TOR,Toronto,1627832,Fred VanVleet,Fred,G,,34:40,7.0,18.0,0.389,4.0,10.0,0.4,4.0,4.0,1.0,0.0,4.0,4.0,8.0,1.0,0.0,2.0,4.0,22.0,-27.0
22200448,1610612761,TOR,Toronto,201152,Thaddeus Young,Thaddeus,,,17:20,3.0,4.0,0.75,0.0,1.0,0.0,1.0,2.0,0.5,0.0,2.0,2.0,0.0,3.0,0.0,2.0,2.0,7.0,5.0
22200448,1610612761,TOR,Toronto,1630201,Malachi Flynn,Malachi,,,37:10,6.0,16.0,0.375,4.0,8.0,0.5,0.0,0.0,0.0,4.0,2.0,6.0,2.0,1.0,0.0,0.0,1.0,16.0,-9.0
22200448,1610612761,TOR,Toronto,1628449,Chris Boucher,Chris,,,24:43,4.0,10.0,0.4,0.0,2.0,0.0,3.0,4.0,0.75,7.0,7.0,14.0,0.0,0.0,0.0,1.0,4.0,11.0,-5.0
22200448,1610612761,TOR,Toronto,203920,Khem Birch,Khem,,,1:29,0.0,0.0,0.0,0.0,0.0,0.0,0.0,0.0,0.0,0.0,0.0,0.0,0.0,0.0,0.0,0.0,0.0,0.0,-1.0
22200448,1610612761,TOR,Toronto,1630625,Dalano Banton,Dalano,,,12:47,2.0,6.0,0.333,0.0,1.0,0.0,0.0,1.0,0.0,0.0,0.0,0.0,2.0,0.0,0.0,0.0,1.0,4.0,2.0
22200448,1610612761,TOR,Toronto,1630173,Precious Achiuwa,Precious,,DND - Injury/Illness,,,,,,,,,,,,,,,,,,,,
22200448,1610612761,TOR,Toronto,1629018,Gary Trent Jr.,Gary,,DND - Injury/Illness,,,,,,,,,,,,,,,,,,,,
22200446,1610612752,NYK,New York,1629628,RJ Barrett,RJ,F,,42:11,10.0,19.0,0.526,0.0,5.0,0.0,4.0,5.0,0.8,2.0,2.0,4.0,0.0,0.0,1.0,5.0,2.0,24.0,11.0
22200446,1610612752,NYK,New York,203944,Julius Randle,Julius,F,,38:43,7.0,17.0,0.412,2.0,8.0,0.25,9.0,12.0,0.75,3.0,11.0,14.0,3.0,0.0,0.0,3.0,4.0,25.0,5.0
22200446,1610612752,NYK,New York,1629011,Mitchell Robinson,Mitchell,C,,31:50,4.0,5.0,0.8,0.0,0.0,0.0,2.0,4.0,0.5,5.0,8.0,13.0,1.0,1.0,4.0,1.0,3.0,10.0,5.0
22200446,1610612752,NYK,New York,1628973,Jalen Brunson,Jalen,G,,34:52,11.0,22.0,0.5,3.0,3.0,1.0,5.0,5.0,1.0,0.0,2.0,2.0,3.0,2.0,0.0,4.0,5.0,30.0,3.0
22200446,1610612752,NYK,New York,1629656,Quentin Grimes,Quentin,G,,31:33,1.0,3.0,0.333,1.0,3.0,0.333,3.0,4.0,0.75,0.0,6.0,6.0,2.0,2.0,2.0,2.0,2.0,6.0,0.0
22200446,1610612752,NYK,New York,1630193,Immanuel Quickley,Immanuel,,,22:24,2.0,8.0,0.25,1.0,2.0,0.5,0.0,0.0,0.0,0.0,1.0,1.0,2.0,1.0,0.0,0.0,1.0,5.0,-5.0
22200446,1610612752,NYK,New York,1628392,Isaiah Hartenstein,Isaiah,,,16:02,1.0,2.0,0.5,0.0,1.0,0.0,0.0,0.0,0.0,2.0,4.0,6.0,2.0,0.0,2.0,0.0,3.0,2.0,-2.0
22200446,1610612752,NYK,New York,1630540,Miles McBride,Miles,,,13:08,1.0,4.0,0.25,1.0,4.0,0.25,0.0,0.0,0.0,1.0,0.0,1.0,0.0,1.0,0.0,0.0,0.0,3.0,0.0
22200446,1610612752,NYK,New York,1630579,Jericho Sims,Jericho,,,9:17,2.0,3.0,0.667,0.0,0.0,0.0,0.0,0.0,0.0,1.0,1.0,2.0,0.0,0.0,0.0,1.0,1.0,4.0,-2.0
22200446,1610612752,NYK,New York,1627853,Ryan Arcidiacono,Ryan,,DNP - Coach's Decision,,,,,,,,,,,,,,,,,,,,
22200446,1610612752,NYK,New York,203095,Evan Fournier,Evan,,DNP - Coach's Decision,,,,,,,,,,,,,,,,,,,,
22200446,1610612752,NYK,New York,1629004,Svi Mykhailiuk,Svi,,DNP - Coach's Decision,,,,,,,,,,,,,,,,,,,,
22200446,1610612752,NYK,New York,1629629,Cam Reddish,Cam,,DNP - Coach's Decision,,,,,,,,,,,,,,,,,,,,
22200446,1610612752,NYK,New York,201565,Derrick Rose,Derrick,,DNP - Coach's Decision,,,,,,,,,,,,,,,,,,,,
22200446,1610612754,IND,Indiana,1627741,Buddy Hield,Buddy,F,,27:30,9.0,16.0,0.563,5.0,10.0,0.5,0.0,0.0,0.0,0.0,3.0,3.0,3.0,1.0,0.0,3.0,6.0,23.0,4.0
22200446,1610612754,IND,Indiana,1630174,Aaron Nesmith,Aaron,F,,31:08,9.0,12.0,0.75,4.0,6.0,0.667,1.0,1.0,1.0,3.0,7.0,10.0,0.0,1.0,0.0,1.0,4.0,23.0,-1.0
22200446,1610612754,IND,Indiana,1626167,Myles Turner,Myles,C,,32:43,2.0,10.0,0.2,2.0,8.0,0.25,0.0,4.0,0.0,3.0,5.0,8.0,1.0,1.0,1.0,0.0,3.0,6.0,-8.0
22200446,1610612754,IND,Indiana,1629614,Andrew Nembhard,Andrew,G,,27:23,2.0,5.0,0.4,0.0,3.0,0.0,0.0,0.0,0.0,0.0,2.0,2.0,1.0,1.0,0.0,1.0,5.0,4.0,-7.0
22200446,1610612754,IND,Indiana,1630169,Tyrese Haliburton,Tyrese,G,,31:47,5.0,16.0,0.313,2.0,6.0,0.333,3.0,3.0,1.0,0.0,1.0,1.0,10.0,0.0,0.0,2.0,3.0,15.0,2.0
22200446,1610612754,IND,Indiana,1631097,Bennedict Mathurin,Bennedict,,,29:16,4.0,16.0,0.25,0.0,2.0,0.0,7.0,7.0,1.0,1.0,5.0,6.0,0.0,0.0,1.0,2.0,1.0,15.0,6.0
22200446,1610612754,IND,Indiana,1630543,Isaiah Jackson,Isaiah,,,15:17,1.0,1.0,1.0,0.0,0.0,0.0,0.0,0.0,0.0,3.0,5.0,8.0,0.0,0.0,0.0,2.0,1.0,2.0,5.0
22200446,1610612754,IND,Indiana,1629052,Oshae Brissett,Oshae,,,3:16,0.0,0.0,0.0,0.0,0.0,0.0,1.0,2.0,0.5,0.0,0.0,0.0,0.0,0.0,0.0,0.0,1.0,1.0,-10.0
22200446,1610612754,IND,Indiana,1630537,Chris Duarte,Chris,,,14:32,2.0,5.0,0.4,0.0,2.0,0.0,2.0,5.0,0.4,0.0,2.0,2.0,0.0,0.0,0.0,1.0,2.0,6.0,-8.0
22200446,1610612754,IND,Indiana,204456,T.J. McConnell,T.J.,,,16:13,1.0,4.0,0.25,0.0,0.0,0.0,0.0,0.0,0.0,1.0,1.0,2.0,5.0,0.0,0.0,1.0,0.0,2.0,-5.0
22200446,1610612754,IND,Indiana,1630188,Jalen Smith,Jalen,,,10:55,4.0,5.0,0.8,0.0,1.0,0.0,1.0,1.0,1.0,1.0,1.0,2.0,0.0,1.0,1.0,1.0,2.0,9.0,7.0
22200446,1610612754,IND,Indiana,1629048,Goga Bitadze,Goga,,DNP - Coach's Decision,,,,,,,,,,,,,,,,,,,,
22200446,1610612754,IND,Indiana,201949,James Johnson,James,,DNP - Coach's Decision,,,,,,,,,,,,,,,,,,,,
22200446,1610612754,IND,Indiana,1630678,Terry Taylor,Terry,,DNP - Coach's Decision,,,,,,,,,,,,,,,,,,,,
22200447,1610612751,BKN,Brooklyn,201142,Kevin Durant,Kevin,F,,36:23,14.0,22.0,0.636,3.0,5.0,0.6,12.0,13.0,0.923,1.0,5.0,6.0,2.0,1.0,2.0,6.0,3.0,43.0,-3.0
22200447,1610612751,BKN,Brooklyn,1626220,Royce O'Neale,Royce,F,,31:37,4.0,6.0,0.667,3.0,4.0,0.75,0.0,0.0,0.0,0.0,2.0,2.0,2.0,0.0,0.0,1.0,3.0,11.0,-2.0
22200447,1610612751,BKN,Brooklyn,1629651,Nic Claxton,Nic,C,,26:13,3.0,4.0,0.75,0.0,0.0,0.0,0.0,0.0,0.0,2.0,5.0,7.0,2.0,0.0,3.0,1.0,2.0,6.0,2.0
22200447,1610612751,BKN,Brooklyn,202681,Kyrie Irving,Kyrie,G,,34:23,13.0,23.0,0.565,5.0,10.0,0.5,7.0,8.0,0.875,1.0,5.0,6.0,3.0,1.0,0.0,4.0,4.0,38.0,-3.0
22200447,1610612751,BKN,Brooklyn,1627732,Ben Simmons,Ben,G,,25:24,2.0,5.0,0.4,0.0,0.0,0.0,0.0,0.0,0.0,0.0,8.0,8.0,8.0,1.0,0.0,0.0,3.0,4.0,7.0
22200447,1610612751,BKN,Brooklyn,1629139,Yuta Watanabe,Yuta,,,25:39,1.0,4.0,0.25,1.0,3.0,0.333,0.0,0.0,0.0,0.0,3.0,3.0,3.0,1.0,2.0,1.0,3.0,3.0,2.0
22200447,1610612751,BKN,Brooklyn,202693,Markieff Morris,Markieff,,,6:25,1.0,1.0,1.0,0.0,0.0,0.0,0.0,0.0,0.0,0.0,0.0,0.0,0.0,0.0,0.0,0.0,0.0,2.0,-6.0
22200447,1610612751,BKN,Brooklyn,203933,T.J. Warren,T.J.,,,9:25,3.0,4.0,0.75,0.0,1.0,0.0,0.0,0.0,0.0,0.0,1.0,1.0,0.0,0.0,0.0,0.0,1.0,6.0,-5.0
22200447,1610612751,BKN,Brooklyn,1628410,Edmond Sumner,Edmond,,,16:35,1.0,4.0,0.25,1.0,1.0,1.0,2.0,2.0,1.0,0.0,2.0,2.0,5.0,1.0,0.0,0.0,1.0,5.0,16.0
22200447,1610612751,BKN,Brooklyn,203552,Seth Curry,Seth,,,9:27,1.0,3.0,0.333,1.0,2.0,0.5,0.0,0.0,0.0,0.0,0.0,0.0,1.0,0.0,0.0,0.0,1.0,3.0,-1.0
22200447,1610612751,BKN,Brooklyn,203925,Joe Harris,Joe,,,18:29,1.0,4.0,0.25,1.0,3.0,0.333,0.0,0.0,0.0,0.0,0.0,0.0,0.0,0.0,1.0,0.0,3.0,3.0,8.0
22200447,1610612751,BKN,Brooklyn,1630560,Cam Thomas,Cam,,DNP - Coach's Decision,,,,,,,,,,,,,,,,,,,,
22200447,1610612765,DET,Detroit,202711,Bojan Bogdanović,Bojan,F,,30:46,7.0,16.0,0.438,3.0,8.0,0.375,9.0,9.0,1.0,0.0,1.0,1.0,4.0,0.0,0.0,2.0,1.0,26.0,9.0
22200447,1610612765,DET,Detroit,1630191,Isaiah Stewart,Isaiah,F,,28:46,2.0,7.0,0.286,1.0,3.0,0.333,4.0,4.0,1.0,1.0,6.0,7.0,0.0,1.0,1.0,0.0,1.0,9.0,13.0
22200447,1610612765,DET,Detroit,1631105,Jalen Duren,Jalen,C,,28:46,4.0,5.0,0.8,0.0,0.0,0.0,0.0,0.0,0.0,3.0,8.0,11.0,2.0,3.0,0.0,2.0,3.0,8.0,13.0
22200447,1610612765,DET,Detroit,1631093,Jaden Ivey,Jaden,G,,27:33,7.0,11.0,0.636,1.0,3.0,0.333,4.0,6.0,0.667,1.0,3.0,4.0,1.0,1.0,0.0,1.0,2.0,19.0,7.0
22200447,1610612765,DET,Detroit,1630165,Killian Hayes,Killian,G,,30:37,4.0,13.0,0.308,0.0,5.0,0.0,2.0,2.0,1.0,2.0,3.0,5.0,8.0,2.0,0.0,0.0,5.0,10.0,13.0
22200447,1610612765,DET,Detroit,1630180,Saddiq Bey,Saddiq,,,19:14,4.0,7.0,0.571,0.0,2.0,0.0,2.0,3.0,0.667,0.0,1.0,1.0,0.0,0.0,0.0,0.0,1.0,10.0,-16.0
22200447,1610612765,DET,Detroit,1628963,Marvin Bagley III,Marvin,,,19:14,5.0,8.0,0.625,0.0,0.0,0.0,2.0,2.0,1.0,2.0,2.0,4.0,0.0,0.0,1.0,0.0,0.0,12.0,-16.0
22200447,1610612765,DET,Detroit,202692,Alec Burks,Alec,,,21:58,4.0,10.0,0.4,2.0,5.0,0.4,2.0,3.0,0.667,1.0,4.0,5.0,1.0,1.0,0.0,2.0,2.0,12.0,-13.0
22200447,1610612765,DET,Detroit,1628995,Kevin Knox II,Kevin,,,17:14,3.0,6.0,0.5,1.0,3.0,0.333,2.0,3.0,0.667,1.0,2.0,3.0,0.0,1.0,0.0,1.0,2.0,9.0,-12.0
22200447,1610612765,DET,Detroit,202709,Cory Joseph,Cory,,,15:52,2.0,5.0,0.4,0.0,1.0,0.0,2.0,2.0,1.0,0.0,0.0,0.0,4.0,0.0,0.0,0.0,2.0,6.0,-13.0
22200447,1610612765,DET,Detroit,1628977,Hamidou Diallo,Hamidou,,DNP - Coach's Decision,,,,,,,,,,,,,,,,,,,,
22200447,1610612765,DET,Detroit,203585,Rodney McGruder,Rodney,,DNP - Coach's Decision,,,,,,,,,,,,,,,,,,,,
22200447,1610612765,DET,Detroit,203457,Nerlens Noel,Nerlens,,DNP - Coach's Decision,,,,,,,,,,,,,,,,,,,,
22200450,1610612766,CHA,Charlotte,202330,Gordon Hayward,Gordon,F,,34:46,5.0,11.0,0.455,2.0,4.0,0.5,3.0,4.0,0.75,2.0,8.0,10.0,4.0,0.0,0.0,2.0,2.0,15.0,7.0
22200450,1610612766,CHA,Charlotte,1629023,P.J. Washington,P.J.,F,,31:16,4.0,12.0,0.333,2.0,6.0,0.333,0.0,0.0,0.0,0.0,6.0,6.0,1.0,1.0,1.0,1.0,2.0,10.0,-13.0
22200450,1610612766,CHA,Charlotte,203486,Mason Plumlee,Mason,C,,19:03,3.0,7.0,0.429,0.0,0.0,0.0,5.0,6.0,0.833,5.0,4.0,9.0,4.0,0.0,2.0,2.0,5.0,11.0,-4.0
22200450,1610612766,CHA,Charlotte,1626179,Terry Rozier,Terry,G,,14:14,1.0,5.0,0.2,0.0,2.0,0.0,0.0,0.0,0.0,0.0,2.0,2.0,2.0,0.0,0.0,0.0,0.0,2.0,-5.0
22200450,1610612766,CHA,Charlotte,1630163,LaMelo Ball,LaMelo,G,,35:59,10.0,21.0,0.476,4.0,9.0,0.444,7.0,7.0,1.0,1.0,4.0,5.0,5.0,1.0,0.0,2.0,2.0,31.0,-14.0
22200450,1610612766,CHA,Charlotte,1630208,Nick Richards,Nick,,,23:59,5.0,8.0,0.625,0.0,0.0,0.0,1.0,1.0,1.0,2.0,4.0,6.0,1.0,0.0,3.0,0.0,4.0,11.0,5.0
22200450,1610612766,CHA,Charlotte,1626162,Kelly Oubre Jr.,Kelly,,,34:54,7.0,18.0,0.389,2.0,8.0,0.25,0.0,0.0,0.0,0.0,1.0,1.0,2.0,2.0,0.0,0.0,2.0,16.0,-16.0
22200450,1610612766,CHA,Charlotte,1629667,Jalen McDaniels,Jalen,,,19:50,5.0,8.0,0.625,2.0,4.0,0.5,2.0,2.0,1.0,1.0,4.0,5.0,2.0,1.0,1.0,1.0,4.0,14.0,12.0
22200450,1610612766,CHA,Charlotte,1630177,Theo Maledon,Theo,,,12:01,0.0,3.0,0.0,0.0,3.0,0.0,2.0,2.0,1.0,1.0,2.0,3.0,4.0,0.0,0.0,1.0,1.0,2.0,10.0
22200450,1610612766,CHA,Charlotte,1630539,Kai Jones,Kai,,,3:23,1.0,1.0,1.0,0.0,0.0,0.0,1.0,1.0,1.0,0.0,0.0,0.0,0.0,1.0,0.0,1.0,3.0,3.0,-2.0
22200450,1610612766,CHA,Charlotte,1630550,JT Thor,JT,,,10:35,0.0,2.0,0.0,0.0,2.0,0.0,0.0,0.0,0.0,0.0,1.0,1.0,1.0,1.0,0.0,1.0,1.0,0.0,0.0
22200450,1610612766,CHA,Charlotte,1630547,James Bouknight,James,,DNP - Coach's Decision,,,,,,,,,,,,,,,,,,,,
22200450,1610612766,CHA,Charlotte,1631121,Bryce McGowens,Bryce,,DNP - Coach's Decision,,,,,,,,,,,,,,,,,,,,
22200450,1610612743,DEN,Denver,1628971,Bruce Brown,Bruce,F,,36:35,7.0,11.0,0.636,2.0,4.0,0.5,0.0,1.0,0.0,0.0,1.0,1.0,4.0,0.0,2.0,3.0,4.0,16.0,18.0
22200450,1610612743,DEN,Denver,203932,Aaron Gordon,Aaron,F,,28:25,6.0,9.0,0.667,2.0,2.0,1.0,5.0,7.0,0.714,3.0,7.0,10.0,1.0,3.0,1.0,2.0,3.0,19.0,15.0
22200450,1610612743,DEN,Denver,203999,Nikola Jokić,Nikola,C,,39:41,13.0,26.0,0.5,2.0,4.0,0.5,12.0,17.0,0.706,7.0,20.0,27.0,10.0,2.0,0.0,5.0,4.0,40.0,20.0
22200450,1610612743,DEN,Denver,203484,Kentavious Caldwell-Pope,Kentavious,G,,32:20,8.0,15.0,0.533,4.0,9.0,0.444,0.0,0.0,0.0,1.0,3.0,4.0,5.0,0.0,0.0,0.0,3.0,20.0,12.0
22200450,1610612743,DEN,Denver,1627750,Jamal Murray,Jamal,G,,34:49,2.0,11.0,0.182,0.0,6.0,0.0,2.0,4.0,0.5,0.0,1.0,1.0,11.0,0.0,0.0,3.0,0.0,6.0,12.0
22200450,1610612743,DEN,Denver,1631128,Christian Braun,Christian,,,20:40,1.0,3.0,0.333,0.0,2.0,0.0,0.0,0.0,0.0,1.0,4.0,5.0,0.0,0.0,0.0,0.0,0.0,2.0,-11.0
22200450,1610612743,DEN,Denver,201145,Jeff Green,Jeff,,,19:35,3.0,8.0,0.375,0.0,0.0,0.0,2.0,3.0,0.667,2.0,1.0,3.0,0.0,0.0,0.0,0.0,0.0,8.0,-11.0
22200450,1610612743,DEN,Denver,1630538,Bones Hyland,Bones,,,16:52,3.0,11.0,0.273,1.0,6.0,0.167,0.0,0.0,0.0,0.0,1.0,1.0,1.0,1.0,0.0,0.0,1.0,7.0,-15.0
22200450,1610612743,DEN,Denver,1628427,Vlatko Čančar,Vlatko,,,2:44,0.0,0.0,0.0,0.0,0.0,0.0,0.0,0.0,0.0,0.0,0.0,0.0,0.0,0.0,0.0,1.0,0.0,0.0,-4.0
22200450,1610612743,DEN,Denver,201599,DeAndre Jordan,DeAndre,,,8:19,0.0,0.0,0.0,0.0,0.0,0.0,1.0,2.0,0.5,1.0,2.0,3.0,1.0,0.0,0.0,0.0,2.0,1.0,-16.0
22200450,1610612743,DEN,Denver,1630192,Zeke Nnaji,Zeke,,DNP - Coach's Decision,,,,,,,,,,,,,,,,,,,,
22200450,1610612743,DEN,Denver,1628432,Davon Reed,Davon,,DNP - Coach's Decision,,,,,,,,,,,,,,,,,,,,
22200450,1610612743,DEN,Denver,202397,Ish Smith,Ish,,DNP - Coach's Decision,,,,,,,,,,,,,,,,,,,,
22200445,1610612753,ORL,Orlando,1631094,Paolo Banchero,Paolo,F,,33:55,9.0,21.0,0.429,6.0,7.0,0.857,7.0,9.0,0.778,0.0,6.0,6.0,3.0,2.0,0.0,4.0,2.0,31.0,4.0
22200445,1610612753,ORL,Orlando,1629626,Bol Bol,Bol,F,,20:08,5.0,9.0,0.556,0.0,1.0,0.0,1.0,1.0,1.0,3.0,5.0,8.0,0.0,0.0,0.0,1.0,2.0,11.0,-2.0
22200445,1610612753,ORL,Orlando,1629021,Moritz Wagner,Moritz,C,,29:20,2.0,8.0,0.25,1.0,4.0,0.25,6.0,6.0,1.0,0.0,6.0,6.0,3.0,2.0,0.0,0.0,1.0,11.0,3.0
22200445,1610612753,ORL,Orlando,1630532,Franz Wagner,Franz,G,,31:36,5.0,15.0,0.333,1.0,5.0,0.2,1.0,1.0,1.0,0.0,5.0,5.0,3.0,0.0,0.0,1.0,3.0,12.0,-7.0
22200445,1610612753,ORL,Orlando,1628365,Markelle Fultz,Markelle,G,,30:18,3.0,10.0,0.3,0.0,0.0,0.0,2.0,2.0,1.0,2.0,3.0,5.0,5.0,3.0,0.0,2.0,0.0,8.0,7.0
22200445,1610612753,ORL,Orlando,203082,Terrence Ross,Terrence,,,18:57,1.0,6.0,0.167,0.0,3.0,0.0,0.0,0.0,0.0,0.0,1.0,1.0,2.0,0.0,0.0,1.0,1.0,2.0,0.0
22200445,1610612753,ORL,Orlando,1630175,Cole Anthony,Cole,,,21:44,3.0,7.0,0.429,1.0,1.0,1.0,0.0,0.0,0.0,0.0,3.0,3.0,3.0,0.0,0.0,4.0,3.0,7.0,0.0
22200445,1610612753,ORL,Orlando,1629678,Admiral Schofield,Admiral,,,16:49,5.0,7.0,0.714,3.0,5.0,0.6,0.0,0.0,0.0,0.0,4.0,4.0,0.0,1.0,0.0,0.0,2.0,13.0,-2.0
22200445,1610612753,ORL,Orlando,1628964,Mo Bamba,Mo,,,18:40,0.0,2.0,0.0,0.0,2.0,0.0,0.0,0.0,0.0,0.0,6.0,6.0,1.0,1.0,3.0,0.0,1.0,0.0,0.0
22200445,1610612753,ORL,Orlando,1630284,Kevon Harris,Kevon,,,18:33,0.0,1.0,0.0,0.0,1.0,0.0,0.0,0.0,0.0,1.0,1.0,2.0,0.0,0.0,0.0,0.0,3.0,0.0,12.0
22200445,1610612753,ORL,Orlando,1630181,R.J. Hampton,R.J.,,DNP - Coach's Decision,,,,,,,,,,,,,,,,,,,,
22200445,1610612753,ORL,Orlando,1631216,Caleb Houstan,Caleb,,DNP - Coach's Decision,,,,,,,,,,,,,,,,,,,,
22200445,1610612738,BOS,Boston,1627759,Jaylen Brown,Jaylen,F,,38:52,10.0,25.0,0.4,2.0,10.0,0.2,2.0,2.0,1.0,3.0,11.0,14.0,2.0,3.0,2.0,5.0,3.0,24.0,2.0
22200445,1610612738,BOS,Boston,1629684,Grant Williams,Grant,F,,31:03,4.0,11.0,0.364,1.0,6.0,0.167,5.0,7.0,0.714,1.0,5.0,6.0,3.0,1.0,0.0,4.0,4.0,14.0,5.0
22200445,1610612738,BOS,Boston,201143,Al Horford,Al,C,,33:09,3.0,11.0,0.273,2.0,9.0,0.222,0.0,0.0,0.0,0.0,6.0,6.0,2.0,0.0,1.0,0.0,1.0,8.0,-3.0
22200445,1610612738,BOS,Boston,1628401,Derrick White,Derrick,G,,30:08,1.0,7.0,0.143,0.0,3.0,0.0,6.0,6.0,1.0,1.0,4.0,5.0,4.0,1.0,0.0,2.0,1.0,8.0,-4.0
22200445,1610612738,BOS,Boston,203935,Marcus Smart,Marcus,G,,30:40,5.0,13.0,0.385,3.0,7.0,0.429,2.0,2.0,1.0,3.0,4.0,7.0,7.0,1.0,0.0,4.0,4.0,15.0,0.0
22200445,1610612738,BOS,Boston,1629057,Robert Williams III,Robert,,,17:31,3.0,5.0,0.6,0.0,0.0,0.0,0.0,0.0,0.0,1.0,4.0,5.0,1.0,0.0,2.0,0.0,1.0,6.0,-4.0
22200445,1610612738,BOS,Boston,1627763,Malcolm Brogdon,Malcolm,,,31:03,3.0,10.0,0.3,3.0,6.0,0.5,3.0,4.0,0.75,0.0,6.0,6.0,1.0,1.0,1.0,1.0,3.0,12.0,-10.0
22200445,1610612738,BOS,Boston,1630573,Sam Hauser,Sam,,,16:04,2.0,5.0,0.4,1.0,4.0,0.25,0.0,0.0,0.0,1.0,2.0,3.0,2.0,0.0,0.0,0.0,0.0,5.0,-2.0
22200445,1610612738,BOS,Boston,1628436,Luke Kornet,Luke,,,7:44,0.0,0.0,0.0,0.0,0.0,0.0,0.0,0.0,0.0,1.0,0.0,1.0,0.0,0.0,1.0,0.0,0.0,0.0,2.0
22200445,1610612738,BOS,Boston,1630202,Payton Pritchard,Payton,,,3:46,0.0,2.0,0.0,0.0,2.0,0.0,0.0,0.0,0.0,0.0,1.0,1.0,0.0,0.0,0.0,0.0,0.0,0.0,-1.0
22200445,1610612738,BOS,Boston,201933,Blake Griffin,Blake,,DNP - Coach's Decision,,,,,,,,,,,,,,,,,,,,
22200445,1610612738,BOS,Boston,1628382,Justin Jackson,Justin,,DNP - Coach's Decision,,,,,,,,,,,,,,,,,,,,
22200445,1610612738,BOS,Boston,203943,Noah Vonleh,Noah,,DNP - Coach's Decision,,,,,,,,,,,,,,,,,,,,
22200449,1610612741,CHI,Chicago,201942,DeMar DeRozan,DeMar,F,,38:52,10.0,19.0,0.526,2.0,4.0,0.5,7.0,9.0,0.778,1.0,3.0,4.0,6.0,2.0,0.0,1.0,2.0,29.0,-5.0
22200449,1610612741,CHI,Chicago,1630172,Patrick Williams,Patrick,F,,32:15,4.0,9.0,0.444,2.0,5.0,0.4,3.0,3.0,1.0,0.0,2.0,2.0,4.0,0.0,0.0,0.0,3.0,13.0,-19.0
22200449,1610612741,CHI,Chicago,202696,Nikola Vučević,Nikola,C,,32:14,10.0,15.0,0.667,3.0,6.0,0.5,0.0,0.0,0.0,1.0,8.0,9.0,5.0,2.0,1.0,4.0,3.0,23.0,-18.0
22200449,1610612741,CHI,Chicago,203897,Zach LaVine,Zach,G,,30:36,8.0,16.0,0.5,3.0,6.0,0.5,3.0,4.0,0.75,0.0,1.0,1.0,6.0,0.0,0.0,2.0,2.0,22.0,-21.0
22200449,1610612741,CHI,Chicago,1627936,Alex Caruso,Alex,G,,25:56,2.0,5.0,0.4,1.0,3.0,0.333,0.0,0.0,0.0,2.0,1.0,3.0,2.0,1.0,0.0,2.0,1.0,5.0,-13.0
22200449,1610612741,CHI,Chicago,201609,Goran Dragic,Goran,,,19:27,2.0,4.0,0.5,1.0,3.0,0.333,1.0,2.0,0.5,0.0,3.0,3.0,5.0,0.0,0.0,1.0,0.0,6.0,-4.0
22200449,1610612741,CHI,Chicago,1629632,Coby White,Coby,,,19:08,3.0,5.0,0.6,2.0,4.0,0.5,2.0,3.0,0.667,0.0,2.0,2.0,0.0,1.0,0.0,0.0,2.0,10.0,-4.0
22200449,1610612741,CHI,Chicago,1627884,Derrick Jones Jr.,Derrick,,,19:59,5.0,7.0,0.714,2.0,3.0,0.667,1.0,1.0,1.0,1.0,2.0,3.0,1.0,0.0,0.0,0.0,2.0,13.0,-9.0
22200449,1610612741,CHI,Chicago,1630245,Ayo Dosunmu,Ayo,,,19:20,2.0,7.0,0.286,0.0,3.0,0.0,1.0,2.0,0.5,1.0,2.0,3.0,2.0,0.0,0.0,1.0,1.0,5.0,-21.0
22200449,1610612741,CHI,Chicago,1628396,Tony Bradley,Tony,,,2:13,0.0,1.0,0.0,0.0,1.0,0.0,0.0,0.0,0.0,0.0,0.0,0.0,0.0,0.0,0.0,0.0,0.0,0.0,-6.0
22200449,1610612741,CHI,Chicago,203083,Andre Drummond,Andre,,DNP - Coach's Decision,,,,,,,,,,,,,,,,,,,,
22200449,1610612750,MIN,Minnesota,1630183,Jaden McDaniels,Jaden,F,,33:59,6.0,8.0,0.75,2.0,3.0,0.667,1.0,1.0,1.0,0.0,8.0,8.0,5.0,0.0,3.0,3.0,2.0,15.0,31.0
22200449,1610612750,MIN,Minnesota,203937,Kyle Anderson,Kyle,F,,21:05,1.0,6.0,0.167,0.0,4.0,0.0,0.0,0.0,0.0,0.0,2.0,2.0,3.0,1.0,1.0,0.0,5.0,2.0,-17.0
22200449,1610612750,MIN,Minnesota,1629675,Naz Reid,Naz,C,,11:52,4.0,4.0,1.0,2.0,2.0,1.0,0.0,2.0,0.0,0.0,3.0,3.0,0.0,1.0,0.0,0.0,0.0,10.0,14.0
22200449,1610612750,MIN,Minnesota,1630162,Anthony Edwards,Anthony,G,,37:52,13.0,24.0,0.542,4.0,10.0,0.4,7.0,7.0,1.0,1.0,6.0,7.0,11.0,2.0,0.0,4.0,2.0,37.0,15.0
22200449,1610612750,MIN,Minnesota,1626156,D'Angelo Russell,D'Angelo,G,,36:59,10.0,14.0,0.714,7.0,10.0,0.7,1.0,1.0,1.0,0.0,2.0,2.0,8.0,0.0,0.0,3.0,3.0,28.0,33.0
22200449,1610612750,MIN,Minnesota,1629669,Jaylen Nowell,Jaylen,,,21:55,4.0,6.0,0.667,1.0,3.0,0.333,0.0,0.0,0.0,1.0,3.0,4.0,3.0,1.0,0.0,0.0,2.0,9.0,11.0
22200449,1610612750,MIN,Minnesota,1630568,Luka Garza,Luka,,,9:58,3.0,3.0,1.0,0.0,0.0,0.0,1.0,2.0,0.5,1.0,3.0,4.0,3.0,0.0,0.0,1.0,2.0,7.0,2.0
22200449,1610612750,MIN,Minnesota,203085,Austin Rivers,Austin,,,25:49,5.0,7.0,0.714,4.0,6.0,0.667,0.0,0.0,0.0,0.0,4.0,4.0,1.0,0.0,0.0,0.0,1.0,14.0,-1.0
22200449,1610612750,MIN,Minnesota,1630233,Nathan Knight,Nathan,,,26:10,6.0,8.0,0.75,1.0,2.0,0.5,3.0,3.0,1.0,1.0,1.0,2.0,3.0,0.0,0.0,1.0,3.0,16.0,8.0
22200449,1610612750,MIN,Minnesota,1627854,Bryn Forbes,Bryn,,,9:06,4.0,6.0,0.667,2.0,3.0,0.667,0.0,0.0,0.0,0.0,2.0,2.0,0.0,0.0,0.0,0.0,1.0,10.0,6.0
22200449,1610612750,MIN,Minnesota,1631111,Wendell Moore Jr.,Wendell,,,1:45,0.0,0.0,0.0,0.0,0.0,0.0,0.0,0.0,0.0,0.0,1.0,1.0,0.0,0.0,1.0,0.0,0.0,0.0,6.0
22200449,1610612750,MIN,Minnesota,1631169,Josh Minott,Josh,,,1:45,1.0,1.0,1.0,0.0,0.0,0.0,0.0,0.0,0.0,0.0,0.0,0.0,0.0,0.0,0.0,0.0,0.0,2.0,6.0
22200449,1610612750,MIN,Minnesota,1630346,Matt Ryan,Matt,,,1:45,0.0,0.0,0.0,0.0,0.0,0.0,0.0,0.0,0.0,0.0,0.0,0.0,1.0,0.0,0.0,0.0,0.0,0.0,6.0
22200451,1610612764,WAS,Washington,1630166,Deni Avdija,Deni,F,,21:26,3.0,7.0,0.429,2.0,4.0,0.5,0.0,0.0,0.0,0.0,3.0,3.0,1.0,0.0,1.0,1.0,1.0,8.0,2.0
22200451,1610612764,WAS,Washington,1628398,Kyle Kuzma,Kyle,F,,39:53,9.0,18.0,0.5,3.0,9.0,0.333,1.0,2.0,0.5,2.0,14.0,16.0,2.0,1.0,1.0,3.0,3.0,22.0,-4.0
22200451,1610612764,WAS,Washington,204001,Kristaps Porziņģis,Kristaps,C,,37:38,7.0,18.0,0.389,2.0,9.0,0.222,5.0,7.0,0.714,4.0,7.0,11.0,5.0,2.0,1.0,2.0,2.0,21.0,5.0
22200451,1610612764,WAS,Washington,203078,Bradley Beal,Bradley,G,,31:39,9.0,17.0,0.529,0.0,3.0,0.0,11.0,13.0,0.846,1.0,1.0,2.0,3.0,0.0,0.0,3.0,3.0,29.0,1.0
22200451,1610612764,WAS,Washington,1628420,Monté Morris,Monté,G,,28:56,3.0,10.0,0.3,1.0,5.0,0.2,0.0,0.0,0.0,0.0,2.0,2.0,4.0,1.0,0.0,0.0,3.0,7.0,-12.0
22200451,1610612764,WAS,Washington,1630692,Jordan Goodwin,Jordan,,,19:04,3.0,5.0,0.6,0.0,1.0,0.0,1.0,1.0,1.0,0.0,7.0,7.0,5.0,0.0,0.0,0.0,2.0,7.0,10.0
22200451,1610612764,WAS,Washington,1630557,Corey Kispert,Corey,,,16:41,2.0,5.0,0.4,1.0,4.0,0.25,1.0,1.0,1.0,0.0,1.0,1.0,1.0,0.0,0.0,0.0,1.0,6.0,-14.0
22200451,1610612764,WAS,Washington,203115,Will Barton,Will,,,19:59,2.0,8.0,0.25,1.0,4.0,0.25,0.0,0.0,0.0,0.0,1.0,1.0,2.0,0.0,1.0,1.0,1.0,5.0,-2.0
22200451,1610612764,WAS,Washington,1629655,Daniel Gafford,Daniel,,,20:58,6.0,6.0,1.0,0.0,0.0,0.0,0.0,0.0,0.0,3.0,2.0,5.0,0.0,1.0,2.0,0.0,4.0,12.0,11.0
22200451,1610612764,WAS,Washington,201959,Taj Gibson,Taj,,,3:46,0.0,1.0,0.0,0.0,0.0,0.0,0.0,0.0,0.0,0.0,0.0,0.0,1.0,0.0,0.0,0.0,0.0,0.0,-7.0
22200451,1610612764,WAS,Washington,1630176,Vernon Carey Jr.,Vernon,,DNP - Coach's Decision,,,,,,,,,,,,,,,,,,,,
22200451,1610612764,WAS,Washington,1631098,Johnny Davis,Johnny,,DNP - Coach's Decision,,,,,,,,,,,,,,,,,,,,
22200451,1610612764,WAS,Washington,1629653,Devon Dotson,Devon,,DNP - Coach's Decision,,,,,,,,,,,,,,,,,,,,
22200451,1610612764,WAS,Washington,1630264,Anthony Gill,Anthony,,DNP - Coach's Decision,,,,,,,,,,,,,,,,,,,,
22200451,1610612747,LAL,Los Angeles,1629022,Lonnie Walker IV,Lonnie,F,,34:26,7.0,12.0,0.583,2.0,4.0,0.5,5.0,5.0,1.0,0.0,3.0,3.0,1.0,1.0,0.0,0.0,3.0,21.0,-6.0
22200451,1610612747,LAL,Los Angeles,2544,LeBron James,LeBron,F,,36:33,13.0,24.0,0.542,1.0,4.0,0.25,6.0,8.0,0.75,1.0,6.0,7.0,9.0,0.0,1.0,0.0,0.0,33.0,10.0
22200451,1610612747,LAL,Los Angeles,1628418,Thomas Bryant,Thomas,C,,32:49,7.0,13.0,0.538,2.0,2.0,1.0,0.0,1.0,0.0,2.0,8.0,10.0,2.0,0.0,0.0,2.0,3.0,16.0,0.0
22200451,1610612747,LAL,Los Angeles,1630559,Austin Reaves,Austin,G,,33:31,4.0,5.0,0.8,2.0,2.0,1.0,2.0,2.0,1.0,0.0,4.0,4.0,2.0,1.0,1.0,1.0,2.0,12.0,15.0
22200451,1610612747,LAL,Los Angeles,203471,Dennis Schröder,Dennis,G,,29:33,4.0,12.0,0.333,2.0,6.0,0.333,2.0,2.0,1.0,0.0,2.0,2.0,7.0,0.0,0.0,1.0,6.0,12.0,7.0
22200451,1610612747,LAL,Los Angeles,201566,Russell Westbrook,Russell,,,22:51,4.0,12.0,0.333,0.0,2.0,0.0,1.0,4.0,0.25,2.0,7.0,9.0,8.0,1.0,1.0,3.0,0.0,9.0,-5.0
22200451,1610612747,LAL,Los Angeles,1631108,Max Christie,Max,,,23:40,3.0,6.0,0.5,2.0,5.0,0.4,0.0,0.0,0.0,0.0,4.0,4.0,0.0,0.0,1.0,0.0,0.0,8.0,-2.0
22200451,1610612747,LAL,Los Angeles,1628972,Troy Brown Jr.,Troy,,,9:57,0.0,2.0,0.0,0.0,1.0,0.0,0.0,0.0,0.0,1.0,1.0,2.0,0.0,0.0,0.0,1.0,1.0,0.0,-12.0
22200451,1610612747,LAL,Los Angeles,1627745,Damian Jones,Damian,,,16:40,4.0,6.0,0.667,0.0,1.0,0.0,0.0,0.0,0.0,0.0,2.0,2.0,0.0,1.0,1.0,1.0,3.0,8.0,3.0
22200451,1610612747,LAL,Los Angeles,201976,Patrick Beverley,Patrick,,DND - Injury/Illness,,,,,,,,,,,,,,,,,,,,
22200451,1610612747,LAL,Los Angeles,1629134,Kendrick Nunn,Kendrick,,DNP - Coach's Decision,,,,,,,,,,,,,,,,,,,,
22200451,1610612747,LAL,Los Angeles,1630590,Scotty Pippen Jr.,Scotty,,DNP - Coach's Decision,,,,,,,,,,,,,,,,,,,,
22200442,1610612762,UTA,Utah,1628374,Lauri Markkanen,Lauri,F,,28:14,7.0,13.0,0.538,3.0,6.0,0.5,1.0,1.0,1.0,1.0,3.0,4.0,2.0,0.0,0.0,0.0,2.0,18.0,-14.0
22200442,1610612762,UTA,Utah,203482,Kelly Olynyk,Kelly,F,,27:04,4.0,11.0,0.364,2.0,7.0,0.286,2.0,2.0,1.0,0.0,1.0,1.0,2.0,2.0,0.0,4.0,3.0,12.0,-10.0
22200442,1610612762,UTA,Utah,1629020,Jarred Vanderbilt,Jarred,C,,20:30,0.0,4.0,0.0,0.0,1.0,0.0,0.0,0.0,0.0,1.0,5.0,6.0,3.0,1.0,1.0,1.0,2.0,0.0,-5.0
22200442,1610612762,UTA,Utah,203903,Jordan Clarkson,Jordan,G,,25:41,5.0,10.0,0.5,3.0,7.0,0.429,0.0,0.0,0.0,0.0,1.0,1.0,3.0,1.0,0.0,3.0,0.0,13.0,-13.0
22200442,1610612762,UTA,Utah,201144,Mike Conley,Mike,G,,25:22,2.0,6.0,0.333,0.0,3.0,0.0,0.0,0.0,0.0,0.0,1.0,1.0,4.0,1.0,0.0,0.0,2.0,4.0,-9.0
22200442,1610612762,UTA,Utah,1627736,Malik Beasley,Malik,,,28:00,6.0,13.0,0.462,6.0,10.0,0.6,0.0,0.0,0.0,0.0,3.0,3.0,0.0,0.0,0.0,1.0,1.0,18.0,-16.0
22200442,1610612762,UTA,Utah,1631117,Walker Kessler,Walker,,,14:24,2.0,2.0,1.0,0.0,0.0,0.0,0.0,0.0,0.0,1.0,2.0,3.0,1.0,0.0,1.0,0.0,0.0,4.0,-9.0
22200442,1610612762,UTA,Utah,1629638,Nickeil Alexander-Walker,Nickeil,,,18:40,6.0,8.0,0.75,2.0,4.0,0.5,0.0,1.0,0.0,0.0,1.0,1.0,5.0,0.0,0.0,3.0,1.0,14.0,-14.0
22200442,1610612762,UTA,Utah,200752,Rudy Gay,Rudy,,,13:10,2.0,4.0,0.5,0.0,2.0,0.0,0.0,0.0,0.0,0.0,0.0,0.0,0.0,0.0,0.0,1.0,2.0,4.0,-7.0
22200442,1610612762,UTA,Utah,1631323,Simone Fontecchio,Simone,,,14:52,1.0,4.0,0.25,0.0,3.0,0.0,0.0,0.0,0.0,1.0,2.0,3.0,1.0,0.0,0.0,1.0,0.0,2.0,-16.0
22200442,1610612762,UTA,Utah,1629659,Talen Horton-Tucker,Talen,,,7:21,2.0,5.0,0.4,0.0,1.0,0.0,0.0,0.0,0.0,2.0,1.0,3.0,2.0,0.0,0.0,0.0,0.0,4.0,-4.0
22200442,1610612762,UTA,Utah,1630534,Ochai Agbaji,Ochai,,,7:21,2.0,5.0,0.4,0.0,3.0,0.0,0.0,2.0,0.0,0.0,1.0,1.0,1.0,0.0,0.0,0.0,0.0,4.0,-4.0
22200442,1610612762,UTA,Utah,1628962,Udoka Azubuike,Udoka,,,5:23,0.0,0.0,0.0,0.0,0.0,0.0,0.0,0.0,0.0,0.0,1.0,1.0,0.0,0.0,0.0,0.0,0.0,0.0,-6.0
22200442,1610612762,UTA,Utah,1630195,Leandro Bolmaro,Leandro,,,3:58,0.0,1.0,0.0,0.0,0.0,0.0,0.0,0.0,0.0,1.0,0.0,1.0,0.0,0.0,0.0,0.0,0.0,0.0,-3.0
22200442,1610612762,UTA,Utah,1630695,Micah Potter,Micah,,DNP - Coach's Decision,,,,,,,,,,,,,,,,,,,,
22200442,1610612749,MIL,Milwaukee,1628960,Grayson Allen,Grayson,F,,27:46,6.0,9.0,0.667,1.0,2.0,0.5,0.0,0.0,0.0,0.0,4.0,4.0,4.0,1.0,0.0,1.0,1.0,13.0,18.0
22200442,1610612749,MIL,Milwaukee,1626171,Bobby Portis,Bobby,F,,30:09,9.0,16.0,0.563,2.0,5.0,0.4,2.0,2.0,1.0,1.0,13.0,14.0,1.0,0.0,0.0,3.0,2.0,22.0,15.0
22200442,1610612749,MIL,Milwaukee,201572,Brook Lopez,Brook,C,,25:52,8.0,15.0,0.533,1.0,3.0,0.333,1.0,3.0,0.333,3.0,5.0,8.0,1.0,0.0,3.0,1.0,0.0,18.0,11.0
22200442,1610612749,MIL,Milwaukee,1628975,Jevon Carter,Jevon,G,,17:24,0.0,4.0,0.0,0.0,2.0,0.0,0.0,0.0,0.0,1.0,3.0,4.0,2.0,0.0,0.0,0.0,0.0,0.0,7.0
22200442,1610612749,MIL,Milwaukee,201950,Jrue Holiday,Jrue,G,,27:23,9.0,16.0,0.563,3.0,6.0,0.5,0.0,0.0,0.0,2.0,2.0,4.0,8.0,1.0,0.0,4.0,0.0,21.0,11.0
22200442,1610612749,MIL,Milwaukee,202083,Wesley Matthews,Wesley,,,13:31,2.0,4.0,0.5,2.0,4.0,0.5,0.0,0.0,0.0,1.0,0.0,1.0,0.0,1.0,0.0,0.0,1.0,6.0,1.0
22200442,1610612749,MIL,Milwaukee,201588,George Hill,George,,,16:39,3.0,4.0,0.75,1.0,2.0,0.5,2.0,2.0,1.0,2.0,3.0,5.0,3.0,1.0,0.0,3.0,1.0,9.0,12.0
22200442,1610612749,MIL,Milwaukee,1630572,Sandro Mamukelashvili,Sandro,,,23:28,1.0,2.0,0.5,1.0,1.0,1.0,0.0,0.0,0.0,4.0,4.0,8.0,6.0,0.0,0.0,0.0,2.0,3.0,26.0
22200442,1610612749,MIL,Milwaukee,1626192,Pat Connaughton,Pat,,,16:03,3.0,6.0,0.5,2.0,3.0,0.667,0.0,0.0,0.0,0.0,0.0,0.0,1.0,0.0,0.0,0.0,0.0,8.0,1.0
22200442,1610612749,MIL,Milwaukee,201586,Serge Ibaka,Serge,,,11:08,1.0,3.0,0.333,0.0,1.0,0.0,0.0,0.0,0.0,1.0,1.0,2.0,0.0,0.0,0.0,0.0,0.0,2.0,7.0
22200442,1610612749,MIL,Milwaukee,1630699,MarJon Beauchamp,MarJon,,,19:23,5.0,9.0,0.556,4.0,7.0,0.571,4.0,4.0,1.0,0.0,3.0,3.0,2.0,1.0,0.0,1.0,3.0,18.0,17.0
22200442,1610612749,MIL,Milwaukee,1631260,AJ Green,AJ,,,3:58,1.0,2.0,0.5,1.0,2.0,0.5,0.0,0.0,0.0,0.0,0.0,0.0,1.0,0.0,0.0,0.0,2.0,3.0,3.0
22200442,1610612749,MIL,Milwaukee,1629670,Jordan Nwora,Jordan,,,3:58,0.0,0.0,0.0,0.0,0.0,0.0,0.0,0.0,0.0,0.0,1.0,1.0,1.0,0.0,0.0,1.0,1.0,0.0,3.0
22200442,1610612749,MIL,Milwaukee,203648,Thanasis Antetokounmpo,Thanasis,,,3:18,0.0,0.0,0.0,0.0,0.0,0.0,0.0,0.0,0.0,0.0,0.0,0.0,0.0,0.0,0.0,0.0,0.0,0.0,-2.0
22200441,1610612757,POR,Portland,1628404,Josh Hart,Josh,F,,30:39,5.0,6.0,0.833,1.0,1.0,1.0,1.0,1.0,1.0,6.0,7.0,13.0,1.0,0.0,0.0,1.0,0.0,12.0,25.0
22200441,1610612757,POR,Portland,1626159,Justise Winslow,Justise,F,,27:37,1.0,4.0,0.25,0.0,0.0,0.0,0.0,0.0,0.0,1.0,2.0,3.0,2.0,4.0,0.0,1.0,2.0,2.0,14.0
22200441,1610612757,POR,Portland,203994,Jusuf Nurkić,Jusuf,C,,26:54,6.0,11.0,0.545,1.0,1.0,1.0,1.0,2.0,0.5,1.0,4.0,5.0,2.0,0.0,1.0,2.0,5.0,14.0,21.0
22200441,1610612757,POR,Portland,1629014,Anfernee Simons,Anfernee,G,,33:02,11.0,21.0,0.524,5.0,14.0,0.357,5.0,5.0,1.0,0.0,1.0,1.0,2.0,1.0,0.0,0.0,2.0,32.0,12.0
22200441,1610612757,POR,Portland,203081,Damian Lillard,Damian,G,,32:37,7.0,20.0,0.35,5.0,13.0,0.385,6.0,8.0,0.75,0.0,3.0,3.0,10.0,2.0,0.0,1.0,2.0,25.0,29.0
22200441,1610612757,POR,Portland,1631101,Shaedon Sharpe,Shaedon,,,20:31,2.0,7.0,0.286,0.0,2.0,0.0,0.0,0.0,0.0,2.0,1.0,3.0,1.0,1.0,1.0,1.0,1.0,4.0,-12.0
22200441,1610612757,POR,Portland,1630570,Trendon Watford,Trendon,,,26:19,2.0,5.0,0.4,1.0,3.0,0.333,1.0,3.0,0.333,0.0,2.0,2.0,1.0,0.0,0.0,0.0,3.0,6.0,-7.0
22200441,1610612757,POR,Portland,1629234,Drew Eubanks,Drew,,,17:04,3.0,4.0,0.75,0.0,0.0,0.0,0.0,0.0,0.0,0.0,3.0,3.0,0.0,0.0,1.0,3.0,2.0,6.0,1.0
22200441,1610612757,POR,Portland,1630553,Keon Johnson,Keon,,,17:13,3.0,6.0,0.5,0.0,2.0,0.0,0.0,0.0,0.0,0.0,3.0,3.0,1.0,0.0,0.0,2.0,1.0,6.0,-3.0
22200441,1610612757,POR,Portland,1630535,Greg Brown III,Greg,,,4:02,0.0,0.0,0.0,0.0,0.0,0.0,0.0,0.0,0.0,0.0,0.0,0.0,0.0,0.0,0.0,0.0,1.0,0.0,-10.0
22200441,1610612757,POR,Portland,1631133,Jabari Walker,Jabari,,,4:02,0.0,1.0,0.0,0.0,0.0,0.0,0.0,0.0,0.0,0.0,0.0,0.0,0.0,0.0,1.0,1.0,1.0,0.0,-10.0
22200441,1610612757,POR,Portland,1627780,Gary Payton II,Gary,,DND-Return to Competition Reconditioning,,,,,,,,,,,,,,,,,,,,
22200441,1610612745,HOU,Houston,201569,Eric Gordon,Eric,F,,20:28,2.0,6.0,0.333,1.0,3.0,0.333,0.0,0.0,0.0,0.0,1.0,1.0,0.0,0.0,0.0,1.0,0.0,5.0,-14.0
22200441,1610612745,HOU,Houston,1631095,Jabari Smith Jr.,Jabari,F,,24:49,3.0,11.0,0.273,0.0,4.0,0.0,0.0,0.0,0.0,1.0,3.0,4.0,0.0,0.0,1.0,2.0,0.0,6.0,-16.0
22200441,1610612745,HOU,Houston,1630578,Alperen Sengun,Alperen,C,,21:14,4.0,11.0,0.364,0.0,1.0,0.0,2.0,2.0,1.0,4.0,4.0,8.0,0.0,0.0,3.0,1.0,1.0,10.0,-12.0
22200441,1610612745,HOU,Houston,1630224,Jalen Green,Jalen,G,,31:21,5.0,16.0,0.313,0.0,6.0,0.0,5.0,9.0,0.556,0.0,5.0,5.0,4.0,0.0,1.0,2.0,2.0,15.0,-22.0
22200441,1610612745,HOU,Houston,1629645,Kevin Porter Jr.,Kevin,G,,29:17,3.0,10.0,0.3,0.0,6.0,0.0,7.0,9.0,0.778,1.0,6.0,7.0,4.0,2.0,0.0,6.0,3.0,13.0,-21.0
22200441,1610612745,HOU,Houston,1630231,KJ Martin,KJ,,,31:00,6.0,9.0,0.667,0.0,2.0,0.0,1.0,1.0,1.0,1.0,4.0,5.0,2.0,1.0,0.0,0.0,2.0,13.0,6.0
22200441,1610612745,HOU,Houston,1630586,Usman Garuba,Usman,,,11:28,1.0,2.0,0.5,0.0,0.0,0.0,1.0,2.0,0.5,4.0,1.0,5.0,2.0,1.0,0.0,0.0,2.0,3.0,-8.0
22200441,1610612745,HOU,Houston,1631102,TyTy Washington Jr.,TyTy,,,15:26,3.0,6.0,0.5,0.0,2.0,0.0,0.0,0.0,0.0,1.0,2.0,3.0,2.0,1.0,0.0,0.0,2.0,6.0,6.0
22200441,1610612745,HOU,Houston,1631106,Tari Eason,Tari,,,23:11,6.0,14.0,0.429,1.0,3.0,0.333,0.0,0.0,0.0,3.0,3.0,6.0,1.0,0.0,0.0,1.0,3.0,13.0,4.0
22200441,1610612745,HOU,Houston,1628981,Bruno Fernando,Bruno,,,10:54,1.0,2.0,0.5,0.0,0.0,0.0,2.0,4.0,0.5,3.0,1.0,4.0,2.0,0.0,1.0,1.0,2.0,4.0,2.0
22200441,1610612745,HOU,Houston,1630227,Daishen Nix,Daishen,,,16:28,2.0,3.0,0.667,1.0,2.0,0.5,0.0,0.0,0.0,0.0,1.0,1.0,2.0,2.0,0.0,1.0,1.0,5.0,9.0
22200441,1610612745,HOU,Houston,1626246,Boban Marjanović,Boban,,,4:24,0.0,0.0,0.0,0.0,0.0,0.0,2.0,2.0,1.0,0.0,2.0,2.0,0.0,0.0,0.0,0.0,0.0,2.0,6.0
22200443,1610612763,MEM,Memphis,1628415,Dillon Brooks,Dillon,F,,37:04,10.0,24.0,0.417,6.0,15.0,0.4,6.0,7.0,0.857,2.0,2.0,4.0,1.0,0.0,1.0,1.0,4.0,32.0,-4.0
22200443,1610612763,MEM,Memphis,1628991,Jaren Jackson Jr.,Jaren,F,,28:24,3.0,8.0,0.375,2.0,6.0,0.333,8.0,10.0,0.8,3.0,5.0,8.0,1.0,0.0,0.0,1.0,1.0,16.0,-3.0
22200443,1610612763,MEM,Memphis,203500,Steven Adams,Steven,C,,28:38,3.0,5.0,0.6,0.0,0.0,0.0,3.0,5.0,0.6,2.0,5.0,7.0,2.0,2.0,2.0,2.0,6.0,9.0,7.0
22200443,1610612763,MEM,Memphis,1629723,John Konchar,John,G,,23:19,1.0,4.0,0.25,1.0,3.0,0.333,0.0,0.0,0.0,0.0,4.0,4.0,3.0,0.0,0.0,0.0,1.0,3.0,9.0
22200443,1610612763,MEM,Memphis,1629630,Ja Morant,Ja,G,,16:01,3.0,10.0,0.3,0.0,3.0,0.0,0.0,1.0,0.0,0.0,5.0,5.0,2.0,0.0,0.0,2.0,1.0,6.0,-10.0
22200443,1610612763,MEM,Memphis,1630583,Santi Aldama,Santi,,,16:41,1.0,5.0,0.2,0.0,2.0,0.0,5.0,5.0,1.0,1.0,4.0,5.0,1.0,0.0,1.0,0.0,1.0,7.0,0.0
22200443,1610612763,MEM,Memphis,1626145,Tyus Jones,Tyus,,,33:33,5.0,14.0,0.357,2.0,9.0,0.222,3.0,4.0,0.75,0.0,1.0,1.0,2.0,2.0,0.0,1.0,1.0,15.0,-2.0
22200443,1610612763,MEM,Memphis,1631223,David Roddy,David,,,19:15,3.0,11.0,0.273,1.0,6.0,0.167,0.0,1.0,0.0,1.0,6.0,7.0,1.0,1.0,0.0,1.0,1.0,7.0,-8.0
22200443,1610612763,MEM,Memphis,1629634,Brandon Clarke,Brandon,,,19:22,3.0,4.0,0.75,0.0,0.0,0.0,4.0,4.0,1.0,0.0,8.0,8.0,1.0,0.0,1.0,1.0,2.0,10.0,-13.0
22200443,1610612763,MEM,Memphis,1630533,Ziaire Williams,Ziaire,,,13:09,1.0,3.0,0.333,0.0,1.0,0.0,0.0,0.0,0.0,0.0,3.0,3.0,1.0,0.0,0.0,0.0,2.0,2.0,-8.0
22200443,1610612763,MEM,Memphis,1631113,Kennedy Chandler,Kennedy,,,4:34,1.0,2.0,0.5,0.0,0.0,0.0,0.0,0.0,0.0,1.0,0.0,1.0,0.0,0.0,0.0,0.0,0.0,2.0,2.0
22200443,1610612763,MEM,Memphis,1630214,Xavier Tillman,Xavier,,DNP - Coach's Decision,,,,,,,,,,,,,,,,,,,,
22200443,1610612760,OKC,Oklahoma City,1631114,Jalen Williams,Jalen,F,,29:36,0.0,8.0,0.0,0.0,2.0,0.0,1.0,2.0,0.5,0.0,2.0,2.0,6.0,1.0,0.0,2.0,1.0,1.0,-7.0
22200443,1610612760,OKC,Oklahoma City,1630647,Eugene Omoruyi,Eugene,F,,16:04,2.0,9.0,0.222,0.0,3.0,0.0,3.0,4.0,0.75,3.0,3.0,6.0,2.0,1.0,0.0,0.0,3.0,7.0,2.0
22200443,1610612760,OKC,Oklahoma City,1630197,Aleksej Pokusevski,Aleksej,C,,22:08,3.0,10.0,0.3,2.0,5.0,0.4,1.0,2.0,0.5,1.0,5.0,6.0,4.0,0.0,0.0,0.0,4.0,9.0,3.0
22200443,1610612760,OKC,Oklahoma City,1629652,Luguentz Dort,Luguentz,G,,30:49,8.0,14.0,0.571,3.0,4.0,0.75,5.0,8.0,0.625,1.0,6.0,7.0,4.0,1.0,0.0,1.0,3.0,24.0,-5.0
22200443,1610612760,OKC,Oklahoma City,1630198,Isaiah Joe,Isaiah,G,,26:24,7.0,12.0,0.583,5.0,8.0,0.625,4.0,5.0,0.8,0.0,3.0,3.0,0.0,1.0,0.0,2.0,4.0,23.0,-3.0
22200443,1610612760,OKC,Oklahoma City,1629026,Kenrich Williams,Kenrich,,,31:56,4.0,11.0,0.364,2.0,6.0,0.333,1.0,3.0,0.333,2.0,6.0,8.0,5.0,1.0,0.0,0.0,3.0,11.0,4.0
22200443,1610612760,OKC,Oklahoma City,1630322,Lindy Waters III,Lindy,,,17:34,2.0,3.0,0.667,2.0,2.0,1.0,0.0,0.0,0.0,0.0,2.0,2.0,0.0,0.0,0.0,2.0,2.0,6.0,9.0
22200443,1610612760,OKC,Oklahoma City,1630598,Aaron Wiggins,Aaron,,,21:13,4.0,8.0,0.5,2.0,5.0,0.4,4.0,6.0,0.667,1.0,6.0,7.0,4.0,0.0,0.0,1.0,1.0,14.0,11.0
22200443,1610612760,OKC,Oklahoma City,203488,Mike Muscala,Mike,,,10:51,1.0,3.0,0.333,0.0,2.0,0.0,0.0,0.0,0.0,0.0,2.0,2.0,1.0,0.0,0.0,0.0,1.0,2.0,-3.0
22200443,1610612760,OKC,Oklahoma City,1630544,Tre Mann,Tre,,,18:24,4.0,10.0,0.4,2.0,6.0,0.333,1.0,1.0,1.0,1.0,5.0,6.0,1.0,1.0,0.0,1.0,0.0,11.0,13.0
22200443,1610612760,OKC,Oklahoma City,1631119,Jaylin Williams,Jaylin,,,15:01,3.0,4.0,0.75,1.0,2.0,0.5,0.0,0.0,0.0,0.0,4.0,4.0,2.0,1.0,0.0,0.0,3.0,7.0,6.0
22200444,1610612740,NOP,New Orleans,1630530,Trey Murphy III,Trey,F,,22:25,3.0,8.0,0.375,2.0,4.0,0.5,0.0,0.0,0.0,1.0,3.0,4.0,2.0,0.0,2.0,1.0,2.0,8.0,9.0
22200444,1610612740,NOP,New Orleans,1629627,Zion Williamson,Zion,F,,39:03,12.0,15.0,0.8,0.0,1.0,0.0,6.0,7.0,0.857,0.0,3.0,3.0,9.0,0.0,1.0,6.0,4.0,30.0,2.0
22200444,1610612740,NOP,New Orleans,202685,Jonas Valančiūnas,Jonas,C,,26:01,6.0,9.0,0.667,0.0,1.0,0.0,0.0,0.0,0.0,0.0,8.0,8.0,0.0,0.0,1.0,2.0,5.0,12.0,-1.0
22200444,1610612740,NOP,New Orleans,1630529,Herbert Jones,Herbert,G,,31:20,3.0,4.0,0.75,2.0,3.0,0.667,0.0,0.0,0.0,0.0,3.0,3.0,4.0,0.0,0.0,0.0,3.0,8.0,-13.0
22200444,1610612740,NOP,New Orleans,203468,CJ McCollum,CJ,G,,36:07,11.0,19.0,0.579,4.0,7.0,0.571,1.0,1.0,1.0,0.0,2.0,2.0,8.0,0.0,1.0,3.0,2.0,27.0,1.0
22200444,1610612740,NOP,New Orleans,1630700,Dyson Daniels,Dyson,,,22:50,2.0,3.0,0.667,1.0,2.0,0.5,0.0,0.0,0.0,0.0,2.0,2.0,1.0,1.0,0.0,1.0,2.0,5.0,-5.0
22200444,1610612740,NOP,New Orleans,1630230,Naji Marshall,Naji,,,17:38,3.0,8.0,0.375,3.0,6.0,0.5,2.0,2.0,1.0,2.0,2.0,4.0,2.0,0.0,0.0,0.0,1.0,11.0,-5.0
22200444,1610612740,NOP,New Orleans,1626204,Larry Nance Jr.,Larry,,,21:49,0.0,0.0,0.0,0.0,0.0,0.0,0.0,2.0,0.0,1.0,5.0,6.0,0.0,0.0,0.0,1.0,4.0,0.0,-6.0
22200444,1610612740,NOP,New Orleans,1630631,Jose Alvarado,Jose,,,14:45,4.0,8.0,0.5,2.0,4.0,0.5,0.0,0.0,0.0,0.0,1.0,1.0,0.0,1.0,0.0,2.0,2.0,10.0,-5.0
22200444,1610612740,NOP,New Orleans,1628984,Devonte' Graham,Devonte',,,8:01,1.0,3.0,0.333,0.0,2.0,0.0,1.0,1.0,1.0,0.0,3.0,3.0,1.0,0.0,0.0,0.0,2.0,3.0,3.0
22200444,1610612740,NOP,New Orleans,1629637,Jaxson Hayes,Jaxson,,DNP - Coach's Decision,,,,,,,,,,,,,,,,,,,,
22200444,1610612740,NOP,New Orleans,1626195,Willy Hernangomez,Willy,,DNP - Coach's Decision,,,,,,,,,,,,,,,,,,,,
22200444,1610612740,NOP,New Orleans,1630184,Kira Lewis Jr.,Kira,,DNP - Coach's Decision,,,,,,,,,,,,,,,,,,,,
22200444,1610612740,NOP,New Orleans,202066,Garrett Temple,Garrett,,DNP - Coach's Decision,,,,,,,,,,,,,,,,,,,,
22200444,1610612756,PHX,Phoenix,1628969,Mikal Bridges,Mikal,F,,37:14,5.0,13.0,0.385,3.0,9.0,0.333,2.0,2.0,1.0,0.0,3.0,3.0,2.0,3.0,0.0,0.0,0.0,15.0,11.0
22200444,1610612756,PHX,Phoenix,1628470,Torrey Craig,Torrey,F,,19:43,0.0,3.0,0.0,0.0,3.0,0.0,0.0,0.0,0.0,0.0,2.0,2.0,4.0,1.0,0.0,1.0,2.0,0.0,-10.0
22200444,1610612756,PHX,Phoenix,202687,Bismack Biyombo,Bismack,C,,31:11,5.0,6.0,0.833,0.0,0.0,0.0,1.0,4.0,0.25,2.0,4.0,6.0,0.0,0.0,1.0,1.0,0.0,11.0,6.0
22200444,1610612756,PHX,Phoenix,1626164,Devin Booker,Devin,G,,42:27,21.0,35.0,0.6,6.0,12.0,0.5,10.0,15.0,0.667,1.0,5.0,6.0,5.0,0.0,0.0,2.0,3.0,58.0,11.0
22200444,1610612756,PHX,Phoenix,101108,Chris Paul,Chris,G,,35:22,6.0,11.0,0.545,5.0,7.0,0.714,1.0,2.0,0.5,0.0,5.0,5.0,8.0,1.0,0.0,2.0,2.0,18.0,6.0
22200444,1610612756,PHX,Phoenix,1629006,Josh Okogie,Josh,,,23:19,0.0,3.0,0.0,0.0,2.0,0.0,7.0,8.0,0.875,4.0,2.0,6.0,1.0,0.0,1.0,0.0,4.0,7.0,-3.0
22200444,1610612756,PHX,Phoenix,1629013,Landry Shamet,Landry,,,14:41,1.0,6.0,0.167,0.0,2.0,0.0,2.0,2.0,1.0,1.0,0.0,1.0,3.0,1.0,0.0,0.0,1.0,4.0,-5.0
22200444,1610612756,PHX,Phoenix,1629111,Jock Landale,Jock,,,16:29,0.0,1.0,0.0,0.0,1.0,0.0,2.0,2.0,1.0,2.0,2.0,4.0,0.0,0.0,0.0,1.0,0.0,2.0,1.0
22200444,1610612756,PHX,Phoenix,1630688,Ish Wainright,Ish,,,5:58,0.0,3.0,0.0,0.0,3.0,0.0,0.0,0.0,0.0,0.0,1.0,1.0,0.0,0.0,1.0,0.0,1.0,0.0,-10.0
22200444,1610612756,PHX,Phoenix,1627814,Damion Lee,Damion,,,13:36,1.0,2.0,0.5,1.0,2.0,0.5,0.0,0.0,0.0,0.0,1.0,1.0,0.0,0.0,0.0,1.0,0.0,3.0,13.0
22200444,1610612756,PHX,Phoenix,203967,Dario Šarić,Dario,,DNP - Coach's Decision,,,,,,,,,,,,,,,,,,,,
22200429,1610612758,SAC,Sacramento,203084,Harrison Barnes,Harrison,F,,36:35,5.0,9.0,0.556,3.0,4.0,0.75,6.0,6.0,1.0,1.0,6.0,7.0,2.0,3.0,0.0,3.0,3.0,19.0,16.0
22200429,1610612758,SAC,Sacramento,1631099,Keegan Murray,Keegan,F,,35:01,7.0,13.0,0.538,4.0,6.0,0.667,2.0,2.0,1.0,0.0,2.0,2.0,0.0,0.0,0.0,1.0,2.0,20.0,15.0
22200429,1610612758,SAC,Sacramento,1627734,Domantas Sabonis,Domantas,C,,40:52,9.0,11.0,0.818,0.0,1.0,0.0,5.0,7.0,0.714,2.0,11.0,13.0,7.0,2.0,1.0,3.0,2.0,23.0,11.0
22200429,1610612758,SAC,Sacramento,1628989,Kevin Huerter,Kevin,G,,28:42,5.0,9.0,0.556,3.0,6.0,0.5,0.0,0.0,0.0,1.0,1.0,2.0,4.0,1.0,0.0,0.0,5.0,13.0,21.0
22200429,1610612758,SAC,Sacramento,1628368,De'Aaron Fox,De'Aaron,G,,39:21,9.0,19.0,0.474,0.0,5.0,0.0,6.0,9.0,0.667,0.0,5.0,5.0,9.0,1.0,0.0,3.0,4.0,24.0,19.0
22200429,1610612758,SAC,Sacramento,203521,Matthew Dellavedova,Matthew,,,8:39,0.0,2.0,0.0,0.0,2.0,0.0,0.0,0.0,0.0,0.0,0.0,0.0,1.0,0.0,0.0,0.0,2.0,0.0,-10.0
22200429,1610612758,SAC,Sacramento,1629056,Terence Davis,Terence,,,17:24,4.0,7.0,0.571,2.0,5.0,0.4,0.0,0.0,0.0,0.0,0.0,0.0,0.0,0.0,0.0,0.0,3.0,10.0,-13.0
22200429,1610612758,SAC,Sacramento,1628370,Malik Monk,Malik,,,26:18,3.0,8.0,0.375,0.0,2.0,0.0,5.0,5.0,1.0,0.0,2.0,2.0,6.0,0.0,0.0,2.0,3.0,11.0,-12.0
22200429,1610612758,SAC,Sacramento,1629002,Chimezie Metu,Chimezie,,,4:02,0.0,3.0,0.0,0.0,0.0,0.0,0.0,0.0,0.0,0.0,1.0,1.0,0.0,1.0,0.0,1.0,1.0,0.0,0.0
22200429,1610612758,SAC,Sacramento,1626158,Richaun Holmes,Richaun,,,3:06,1.0,1.0,1.0,0.0,0.0,0.0,0.0,0.0,0.0,0.0,1.0,1.0,1.0,0.0,0.0,0.0,0.0,2.0,-2.0
22200429,1610612758,SAC,Sacramento,1631165,Keon Ellis,Keon,,DNP - Coach's Decision,,,,,,,,,,,,,,,,,,,,
22200429,1610612758,SAC,Sacramento,1626168,Trey Lyles,Trey,,DNP - Coach's Decision,,,,,,,,,,,,,,,,,,,,
22200429,1610612758,SAC,Sacramento,1630558,Davion Mitchell,Davion,,DNP - Injury/Illness,,,,,,,,,,,,,,,,,,,,
22200429,1610612758,SAC,Sacramento,1629644,KZ Okpala,KZ,,DNP - Coach's Decision,,,,,,,,,,,,,,,,,,,,
22200429,1610612758,SAC,Sacramento,1629674,Neemias Queta,Neemias,,DNP - Coach's Decision,,,,,,,,,,,,,,,,,,,,
22200429,1610612765,DET,Detroit,202711,Bojan Bogdanović,Bojan,F,,30:17,6.0,16.0,0.375,1.0,5.0,0.2,9.0,9.0,1.0,0.0,2.0,2.0,2.0,1.0,0.0,3.0,1.0,22.0,-17.0
22200429,1610612765,DET,Detroit,1630191,Isaiah Stewart,Isaiah,F,,25:56,4.0,7.0,0.571,3.0,5.0,0.6,2.0,2.0,1.0,0.0,7.0,7.0,1.0,0.0,0.0,4.0,2.0,13.0,-6.0
22200429,1610612765,DET,Detroit,1631105,Jalen Duren,Jalen,C,,30:28,5.0,7.0,0.714,0.0,0.0,0.0,5.0,6.0,0.833,6.0,8.0,14.0,1.0,0.0,1.0,0.0,4.0,15.0,-13.0
22200429,1610612765,DET,Detroit,1631093,Jaden Ivey,Jaden,G,,20:14,2.0,9.0,0.222,1.0,4.0,0.25,0.0,0.0,0.0,1.0,2.0,3.0,5.0,1.0,0.0,1.0,6.0,5.0,-16.0
22200429,1610612765,DET,Detroit,1630165,Killian Hayes,Killian,G,,28:34,4.0,10.0,0.4,1.0,5.0,0.2,2.0,2.0,1.0,0.0,1.0,1.0,4.0,0.0,0.0,2.0,5.0,11.0,-23.0
22200429,1610612765,DET,Detroit,202692,Alec Burks,Alec,,,24:04,2.0,4.0,0.5,0.0,0.0,0.0,3.0,5.0,0.6,0.0,3.0,3.0,0.0,0.0,0.0,4.0,3.0,7.0,7.0
22200429,1610612765,DET,Detroit,1630180,Saddiq Bey,Saddiq,,,27:13,5.0,11.0,0.455,2.0,5.0,0.4,2.0,4.0,0.5,1.0,1.0,2.0,0.0,1.0,0.0,0.0,0.0,14.0,-1.0
22200429,1610612765,DET,Detroit,1628963,Marvin Bagley III,Marvin,,,17:32,6.0,9.0,0.667,0.0,1.0,0.0,1.0,2.0,0.5,3.0,3.0,6.0,1.0,1.0,0.0,1.0,1.0,13.0,4.0
22200429,1610612765,DET,Detroit,202709,Cory Joseph,Cory,,,19:18,2.0,7.0,0.286,1.0,3.0,0.333,1.0,1.0,1.0,1.0,2.0,3.0,5.0,1.0,0.0,1.0,1.0,6.0,17.0
22200429,1610612765,DET,Detroit,1628995,Kevin Knox II,Kevin,,,16:24,3.0,5.0,0.6,1.0,1.0,1.0,0.0,0.0,0.0,2.0,3.0,5.0,3.0,2.0,0.0,0.0,3.0,7.0,3.0
22200429,1610612765,DET,Detroit,1628977,Hamidou Diallo,Hamidou,,DNP - Coach's Decision,,,,,,,,,,,,,,,,,,,,
22200429,1610612765,DET,Detroit,203585,Rodney McGruder,Rodney,,DNP - Coach's Decision,,,,,,,,,,,,,,,,,,,,
22200429,1610612765,DET,Detroit,203457,Nerlens Noel,Nerlens,,DNP - Coach's Decision,,,,,,,,,,,,,,,,,,,,
22200431,1610612754,IND,Indiana,1627741,Buddy Hield,Buddy,F,,27:31,5.0,9.0,0.556,4.0,6.0,0.667,0.0,0.0,0.0,0.0,1.0,1.0,5.0,0.0,0.0,2.0,1.0,14.0,-8.0
22200431,1610612754,IND,Indiana,1630188,Jalen Smith,Jalen,F,,13:43,4.0,6.0,0.667,0.0,2.0,0.0,1.0,1.0,1.0,0.0,4.0,4.0,1.0,0.0,0.0,1.0,1.0,9.0,3.0
22200431,1610612754,IND,Indiana,1626167,Myles Turner,Myles,C,,30:04,5.0,9.0,0.556,2.0,5.0,0.4,0.0,0.0,0.0,0.0,11.0,11.0,0.0,0.0,0.0,0.0,4.0,12.0,1.0
22200431,1610612754,IND,Indiana,1629614,Andrew Nembhard,Andrew,G,,28:55,2.0,5.0,0.4,0.0,1.0,0.0,1.0,1.0,1.0,0.0,1.0,1.0,2.0,0.0,1.0,2.0,4.0,5.0,5.0
22200431,1610612754,IND,Indiana,1630169,Tyrese Haliburton,Tyrese,G,,34:33,5.0,13.0,0.385,0.0,8.0,0.0,7.0,7.0,1.0,0.0,0.0,0.0,14.0,3.0,1.0,2.0,0.0,17.0,2.0
22200431,1610612754,IND,Indiana,1630174,Aaron Nesmith,Aaron,,,29:22,6.0,8.0,0.75,2.0,4.0,0.5,0.0,0.0,0.0,1.0,3.0,4.0,1.0,0.0,0.0,0.0,4.0,14.0,-12.0
22200431,1610612754,IND,Indiana,1631097,Bennedict Mathurin,Bennedict,,,29:15,7.0,16.0,0.438,2.0,6.0,0.333,6.0,8.0,0.75,2.0,1.0,3.0,2.0,1.0,0.0,0.0,3.0,22.0,-8.0
22200431,1610612754,IND,Indiana,1630543,Isaiah Jackson,Isaiah,,,17:56,5.0,8.0,0.625,0.0,1.0,0.0,0.0,0.0,0.0,2.0,4.0,6.0,3.0,2.0,2.0,0.0,2.0,10.0,-7.0
22200431,1610612754,IND,Indiana,204456,T.J. McConnell,T.J.,,,14:52,2.0,4.0,0.5,0.0,1.0,0.0,0.0,0.0,0.0,0.0,2.0,2.0,6.0,0.0,0.0,2.0,3.0,4.0,-7.0
22200431,1610612754,IND,Indiana,1629052,Oshae Brissett,Oshae,,,13:49,1.0,2.0,0.5,1.0,2.0,0.5,2.0,2.0,1.0,0.0,1.0,1.0,0.0,0.0,0.0,1.0,0.0,5.0,1.0
22200431,1610612754,IND,Indiana,1629048,Goga Bitadze,Goga,,DNP - Coach's Decision,,,,,,,,,,,,,,,,,,,,
22200431,1610612754,IND,Indiana,201949,James Johnson,James,,DNP - Coach's Decision,,,,,,,,,,,,,,,,,,,,
22200431,1610612754,IND,Indiana,1630678,Terry Taylor,Terry,,DNP - Coach's Decision,,,,,,,,,,,,,,,,,,,,
22200431,1610612739,CLE,Cleveland,1630205,Lamar Stevens,Lamar,F,,21:54,0.0,4.0,0.0,0.0,1.0,0.0,0.0,0.0,0.0,0.0,3.0,3.0,1.0,0.0,0.0,1.0,2.0,0.0,-11.0
22200431,1610612739,CLE,Cleveland,1630596,Evan Mobley,Evan,F,,31:06,6.0,10.0,0.6,1.0,2.0,0.5,3.0,4.0,0.75,0.0,9.0,9.0,2.0,0.0,2.0,1.0,2.0,16.0,10.0
22200431,1610612739,CLE,Cleveland,1628386,Jarrett Allen,Jarrett,C,,38:48,2.0,3.0,0.667,0.0,0.0,0.0,3.0,4.0,0.75,2.0,3.0,5.0,2.0,0.0,0.0,0.0,2.0,7.0,6.0
22200431,1610612739,CLE,Cleveland,1628378,Donovan Mitchell,Donovan,G,,37:23,14.0,24.0,0.583,8.0,15.0,0.533,5.0,5.0,1.0,0.0,1.0,1.0,3.0,1.0,0.0,2.0,2.0,41.0,7.0
22200431,1610612739,CLE,Cleveland,1629636,Darius Garland,Darius,G,,35:30,5.0,11.0,0.455,2.0,4.0,0.5,8.0,8.0,1.0,2.0,4.0,6.0,10.0,2.0,0.0,3.0,2.0,20.0,11.0
22200431,1610612739,CLE,Cleveland,201567,Kevin Love,Kevin,,,19:12,2.0,4.0,0.5,0.0,1.0,0.0,2.0,2.0,1.0,1.0,2.0,3.0,1.0,0.0,0.0,1.0,0.0,6.0,-5.0
22200431,1610612739,CLE,Cleveland,1627747,Caris LeVert,Caris,,,26:06,4.0,11.0,0.364,2.0,4.0,0.5,2.0,4.0,0.5,1.0,5.0,6.0,2.0,0.0,0.0,0.0,3.0,12.0,17.0
22200431,1610612739,CLE,Cleveland,1630171,Isaac Okoro,Isaac,,,9:31,1.0,2.0,0.5,0.0,1.0,0.0,0.0,0.0,0.0,0.0,0.0,0.0,0.0,2.0,0.0,0.0,0.0,2.0,-5.0
22200431,1610612739,CLE,Cleveland,1626224,Cedi Osman,Cedi,,,20:30,4.0,7.0,0.571,1.0,3.0,0.333,5.0,5.0,1.0,0.0,1.0,1.0,2.0,1.0,0.0,0.0,2.0,14.0,0.0
22200431,1610612739,CLE,Cleveland,201577,Robin Lopez,Robin,,DNP - Coach's Decision,,,,,,,,,,,,,,,,,,,,
22200431,1610612739,CLE,Cleveland,203526,Raul Neto,Raul,,DNP - Coach's Decision,,,,,,,,,,,,,,,,,,,,
22200434,1610612752,NYK,New York,1629628,RJ Barrett,RJ,F,,37:53,9.0,20.0,0.45,3.0,5.0,0.6,6.0,11.0,0.545,0.0,4.0,4.0,2.0,0.0,0.0,2.0,1.0,27.0,28.0
22200434,1610612752,NYK,New York,203944,Julius Randle,Julius,F,,36:01,6.0,16.0,0.375,2.0,8.0,0.25,5.0,7.0,0.714,2.0,10.0,12.0,4.0,3.0,1.0,2.0,1.0,19.0,21.0
22200434,1610612752,NYK,New York,1629011,Mitchell Robinson,Mitchell,C,,27:49,2.0,3.0,0.667,0.0,0.0,0.0,2.0,2.0,1.0,4.0,5.0,9.0,2.0,2.0,1.0,1.0,2.0,6.0,25.0
22200434,1610612752,NYK,New York,1628973,Jalen Brunson,Jalen,G,,31:24,7.0,14.0,0.5,6.0,9.0,0.667,2.0,2.0,1.0,0.0,2.0,2.0,6.0,3.0,0.0,3.0,1.0,22.0,16.0
22200434,1610612752,NYK,New York,1629656,Quentin Grimes,Quentin,G,,28:53,6.0,10.0,0.6,5.0,9.0,0.556,5.0,6.0,0.833,0.0,2.0,2.0,2.0,1.0,0.0,0.0,2.0,22.0,21.0
22200434,1610612752,NYK,New York,1630193,Immanuel Quickley,Immanuel,,,26:12,1.0,12.0,0.083,0.0,7.0,0.0,1.0,1.0,1.0,0.0,1.0,1.0,2.0,1.0,0.0,0.0,2.0,3.0,6.0
22200434,1610612752,NYK,New York,1628392,Isaiah Hartenstein,Isaiah,,,13:39,1.0,7.0,0.143,0.0,1.0,0.0,1.0,2.0,0.5,6.0,4.0,10.0,0.0,0.0,0.0,1.0,2.0,3.0,7.0
22200434,1610612752,NYK,New York,1630540,Miles McBride,Miles,,,13:38,2.0,3.0,0.667,0.0,1.0,0.0,1.0,1.0,1.0,1.0,3.0,4.0,1.0,2.0,0.0,0.0,0.0,5.0,11.0
22200434,1610612752,NYK,New York,1630579,Jericho Sims,Jericho,,,15:33,2.0,2.0,1.0,0.0,0.0,0.0,0.0,0.0,0.0,2.0,1.0,3.0,0.0,0.0,0.0,0.0,1.0,4.0,-3.0
22200434,1610612752,NYK,New York,201565,Derrick Rose,Derrick,,,3:31,1.0,3.0,0.333,1.0,3.0,0.333,0.0,0.0,0.0,0.0,0.0,0.0,0.0,0.0,0.0,1.0,1.0,3.0,-6.0
22200434,1610612752,NYK,New York,1629004,Svi Mykhailiuk,Svi,,,2:58,0.0,1.0,0.0,0.0,1.0,0.0,0.0,0.0,0.0,0.0,1.0,1.0,0.0,1.0,0.0,0.0,0.0,0.0,-4.0
22200434,1610612752,NYK,New York,1627853,Ryan Arcidiacono,Ryan,,,2:29,0.0,1.0,0.0,0.0,0.0,0.0,0.0,0.0,0.0,0.0,2.0,2.0,0.0,0.0,0.0,0.0,0.0,0.0,-7.0
22200434,1610612752,NYK,New York,203095,Evan Fournier,Evan,,DNP - Coach's Decision,,,,,,,,,,,,,,,,,,,,
22200434,1610612752,NYK,New York,1629629,Cam Reddish,Cam,,DNP - Coach's Decision,,,,,,,,,,,,,,,,,,,,
22200434,1610612741,CHI,Chicago,201942,DeMar DeRozan,DeMar,F,,30:46,6.0,14.0,0.429,0.0,1.0,0.0,2.0,2.0,1.0,0.0,4.0,4.0,4.0,1.0,0.0,4.0,3.0,14.0,-23.0
22200434,1610612741,CHI,Chicago,1630172,Patrick Williams,Patrick,F,,29:45,4.0,9.0,0.444,2.0,4.0,0.5,0.0,0.0,0.0,0.0,1.0,1.0,3.0,0.0,0.0,1.0,1.0,10.0,-30.0
22200434,1610612741,CHI,Chicago,202696,Nikola Vučević,Nikola,C,,29:19,4.0,8.0,0.5,1.0,3.0,0.333,0.0,0.0,0.0,1.0,7.0,8.0,4.0,0.0,0.0,2.0,2.0,9.0,-23.0
22200434,1610612741,CHI,Chicago,203897,Zach LaVine,Zach,G,,30:26,7.0,12.0,0.583,3.0,5.0,0.6,0.0,0.0,0.0,0.0,3.0,3.0,3.0,0.0,0.0,5.0,4.0,17.0,-31.0
22200434,1610612741,CHI,Chicago,1627936,Alex Caruso,Alex,G,,25:08,3.0,7.0,0.429,2.0,5.0,0.4,1.0,2.0,0.5,0.0,3.0,3.0,4.0,1.0,1.0,2.0,3.0,9.0,-23.0
22200434,1610612741,CHI,Chicago,201609,Goran Dragic,Goran,,,16:19,3.0,6.0,0.5,1.0,3.0,0.333,2.0,2.0,1.0,0.0,2.0,2.0,2.0,0.0,0.0,1.0,2.0,9.0,-10.0
22200434,1610612741,CHI,Chicago,1629632,Coby White,Coby,,,22:12,3.0,7.0,0.429,1.0,4.0,0.25,0.0,0.0,0.0,0.0,5.0,5.0,1.0,0.0,0.0,2.0,3.0,7.0,0.0
22200434,1610612741,CHI,Chicago,203083,Andre Drummond,Andre,,,9:38,0.0,0.0,0.0,0.0,0.0,0.0,0.0,0.0,0.0,0.0,5.0,5.0,1.0,0.0,0.0,1.0,4.0,0.0,-6.0
22200434,1610612741,CHI,Chicago,1629750,Javonte Green,Javonte,,,18:15,2.0,4.0,0.5,1.0,1.0,1.0,2.0,2.0,1.0,1.0,2.0,3.0,1.0,0.0,0.0,0.0,1.0,7.0,7.0
22200434,1610612741,CHI,Chicago,1627884,Derrick Jones Jr.,Derrick,,,9:03,1.0,3.0,0.333,0.0,1.0,0.0,0.0,0.0,0.0,0.0,2.0,2.0,0.0,1.0,1.0,1.0,1.0,2.0,6.0
22200434,1610612741,CHI,Chicago,1630245,Ayo Dosunmu,Ayo,,,14:41,2.0,6.0,0.333,1.0,3.0,0.333,0.0,0.0,0.0,0.0,0.0,0.0,3.0,0.0,0.0,1.0,1.0,5.0,11.0
22200434,1610612741,CHI,Chicago,1628396,Tony Bradley,Tony,,,4:28,1.0,1.0,1.0,0.0,0.0,0.0,0.0,0.0,0.0,0.0,3.0,3.0,0.0,0.0,0.0,0.0,0.0,2.0,7.0
22200434,1610612741,CHI,Chicago,1631207,Dalen Terry,Dalen,,DNP - Coach's Decision,,,,,,,,,,,,,,,,,,,,
22200424,1610612748,MIA,Miami,202710,Jimmy Butler III,Jimmy,F,,35:36,7.0,13.0,0.538,0.0,1.0,0.0,6.0,10.0,0.6,6.0,4.0,10.0,7.0,4.0,3.0,4.0,3.0,20.0,-7.0
22200424,1610612748,MIA,Miami,1628997,Caleb Martin,Caleb,F,,30:48,5.0,9.0,0.556,0.0,3.0,0.0,3.0,3.0,1.0,1.0,1.0,2.0,0.0,0.0,0.0,2.0,2.0,13.0,11.0
22200424,1610612748,MIA,Miami,2617,Udonis Haslem,Udonis,C,,12:29,0.0,4.0,0.0,0.0,0.0,0.0,0.0,0.0,0.0,1.0,1.0,2.0,0.0,0.0,0.0,0.0,3.0,0.0,-8.0
22200424,1610612748,MIA,Miami,1629622,Max Strus,Max,G,,33:29,5.0,14.0,0.357,2.0,11.0,0.182,0.0,1.0,0.0,1.0,3.0,4.0,5.0,0.0,0.0,0.0,2.0,12.0,-6.0
22200424,1610612748,MIA,Miami,1629639,Tyler Herro,Tyler,G,,38:28,13.0,20.0,0.65,10.0,15.0,0.667,5.0,5.0,1.0,1.0,5.0,6.0,2.0,1.0,1.0,4.0,0.0,41.0,7.0
22200424,1610612748,MIA,Miami,1629312,Haywood Highsmith,Haywood,,,30:02,3.0,9.0,0.333,2.0,4.0,0.5,0.0,0.0,0.0,3.0,4.0,7.0,3.0,2.0,0.0,0.0,3.0,8.0,2.0
22200424,1610612748,MIA,Miami,1629130,Duncan Robinson,Duncan,,,23:37,3.0,12.0,0.25,2.0,11.0,0.182,0.0,0.0,0.0,0.0,3.0,3.0,1.0,0.0,0.0,2.0,2.0,8.0,5.0
22200424,1610612748,MIA,Miami,1631115,Orlando Robinson,Orlando,,,35:31,3.0,7.0,0.429,0.0,2.0,0.0,3.0,4.0,0.75,1.0,5.0,6.0,3.0,3.0,2.0,2.0,4.0,9.0,11.0
22200424,1610612748,MIA,Miami,1628389,Bam Adebayo,Bam,,DND - Injury/Illness,,,,,,,,,,,,,,,,,,,,
22200424,1610612748,MIA,Miami,1631288,Jamal Cain,Jamal,,DNP - Coach's Decision,,,,,,,,,,,,,,,,,,,,
22200424,1610612748,MIA,Miami,1631107,Nikola Jović,Nikola,,DNP - Coach's Decision,,,,,,,,,,,,,,,,,,,,
22200424,1610612745,HOU,Houston,201569,Eric Gordon,Eric,F,,32:11,4.0,11.0,0.364,4.0,9.0,0.444,0.0,1.0,0.0,0.0,1.0,1.0,3.0,1.0,0.0,2.0,0.0,12.0,-5.0
22200424,1610612745,HOU,Houston,1631095,Jabari Smith Jr.,Jabari,F,,32:18,6.0,14.0,0.429,1.0,7.0,0.143,2.0,3.0,0.667,2.0,9.0,11.0,1.0,1.0,0.0,1.0,2.0,15.0,-7.0
22200424,1610612745,HOU,Houston,1630578,Alperen Sengun,Alperen,C,,23:34,6.0,10.0,0.6,0.0,0.0,0.0,0.0,0.0,0.0,3.0,2.0,5.0,2.0,0.0,1.0,1.0,5.0,12.0,-4.0
22200424,1610612745,HOU,Houston,1630224,Jalen Green,Jalen,G,,35:36,8.0,21.0,0.381,1.0,6.0,0.167,5.0,6.0,0.833,1.0,4.0,5.0,1.0,3.0,1.0,3.0,2.0,22.0,7.0
22200424,1610612745,HOU,Houston,1629645,Kevin Porter Jr.,Kevin,G,,35:49,10.0,17.0,0.588,0.0,2.0,0.0,1.0,1.0,1.0,5.0,2.0,7.0,5.0,4.0,1.0,6.0,2.0,21.0,4.0
22200424,1610612745,HOU,Houston,1630231,KJ Martin,KJ,,,20:45,4.0,8.0,0.5,1.0,4.0,0.25,1.0,2.0,0.5,0.0,3.0,3.0,1.0,0.0,0.0,0.0,1.0,10.0,2.0
22200424,1610612745,HOU,Houston,1630586,Usman Garuba,Usman,,,20:00,1.0,1.0,1.0,0.0,0.0,0.0,0.0,2.0,0.0,5.0,4.0,9.0,3.0,0.0,0.0,0.0,1.0,2.0,12.0
22200424,1610612745,HOU,Houston,1631106,Tari Eason,Tari,,,15:42,2.0,7.0,0.286,1.0,2.0,0.5,0.0,0.0,0.0,1.0,4.0,5.0,1.0,0.0,1.0,1.0,3.0,5.0,4.0
22200424,1610612745,HOU,Houston,1631102,TyTy Washington Jr.,TyTy,,,12:11,1.0,2.0,0.5,0.0,1.0,0.0,0.0,0.0,0.0,0.0,3.0,3.0,5.0,0.0,0.0,0.0,1.0,2.0,-7.0
22200424,1610612745,HOU,Houston,1629726,Garrison Mathews,Garrison,,,7:28,1.0,2.0,0.5,1.0,2.0,0.5,2.0,2.0,1.0,0.0,0.0,0.0,0.0,1.0,0.0,0.0,0.0,5.0,-10.0
22200424,1610612745,HOU,Houston,1628981,Bruno Fernando,Bruno,,,4:26,1.0,1.0,1.0,0.0,0.0,0.0,0.0,0.0,0.0,1.0,1.0,2.0,0.0,0.0,0.0,0.0,2.0,2.0,-11.0
22200424,1610612745,HOU,Houston,1630528,Josh Christopher,Josh,,DNP - Coach's Decision,,,,,,,,,,,,,,,,,,,,
22200424,1610612745,HOU,Houston,1631309,Trevor Hudgins,Trevor,,DNP - Coach's Decision,,,,,,,,,,,,,,,,,,,,
22200424,1610612745,HOU,Houston,1626246,Boban Marjanović,Boban,,DNP - Coach's Decision,,,,,,,,,,,,,,,,,,,,
22200424,1610612745,HOU,Houston,1630227,Daishen Nix,Daishen,,DNP - Coach's Decision,,,,,,,,,,,,,,,,,,,,
22200425,1610612749,MIL,Milwaukee,203114,Khris Middleton,Khris,F,,22:24,1.0,12.0,0.083,1.0,8.0,0.125,0.0,0.0,0.0,0.0,2.0,2.0,5.0,1.0,0.0,4.0,5.0,3.0,-28.0
22200425,1610612749,MIL,Milwaukee,203507,Giannis Antetokounmpo,Giannis,F,,25:36,5.0,13.0,0.385,1.0,3.0,0.333,8.0,13.0,0.615,1.0,5.0,6.0,5.0,1.0,0.0,1.0,2.0,19.0,-29.0
22200425,1610612749,MIL,Milwaukee,201572,Brook Lopez,Brook,C,,18:06,1.0,6.0,0.167,0.0,4.0,0.0,2.0,2.0,1.0,2.0,1.0,3.0,1.0,0.0,0.0,0.0,2.0,4.0,-23.0
22200425,1610612749,MIL,Milwaukee,1628960,Grayson Allen,Grayson,G,,22:19,2.0,7.0,0.286,0.0,2.0,0.0,0.0,0.0,0.0,0.0,2.0,2.0,1.0,0.0,0.0,0.0,0.0,4.0,-17.0
22200425,1610612749,MIL,Milwaukee,1628975,Jevon Carter,Jevon,G,,22:07,3.0,6.0,0.5,3.0,4.0,0.75,0.0,0.0,0.0,0.0,2.0,2.0,2.0,0.0,0.0,0.0,1.0,9.0,-28.0
22200425,1610612749,MIL,Milwaukee,1626192,Pat Connaughton,Pat,,,14:49,1.0,5.0,0.2,1.0,5.0,0.2,0.0,0.0,0.0,0.0,4.0,4.0,0.0,0.0,0.0,1.0,0.0,3.0,-13.0
22200425,1610612749,MIL,Milwaukee,1626171,Bobby Portis,Bobby,,,22:18,8.0,14.0,0.571,2.0,4.0,0.5,1.0,2.0,0.5,3.0,4.0,7.0,0.0,0.0,0.0,1.0,4.0,19.0,-30.0
22200425,1610612749,MIL,Milwaukee,201588,George Hill,George,,,20:02,2.0,7.0,0.286,1.0,6.0,0.167,0.0,0.0,0.0,0.0,3.0,3.0,5.0,0.0,0.0,0.0,1.0,5.0,-20.0
22200425,1610612749,MIL,Milwaukee,202083,Wesley Matthews,Wesley,,,5:11,0.0,0.0,0.0,0.0,0.0,0.0,0.0,0.0,0.0,0.0,0.0,0.0,0.0,0.0,0.0,0.0,0.0,0.0,-5.0
22200425,1610612749,MIL,Milwaukee,1630699,MarJon Beauchamp,MarJon,,,21:52,4.0,9.0,0.444,1.0,6.0,0.167,3.0,5.0,0.6,2.0,1.0,3.0,2.0,2.0,0.0,0.0,1.0,12.0,-8.0
22200425,1610612749,MIL,Milwaukee,203648,Thanasis Antetokounmpo,Thanasis,,,15:36,1.0,1.0,1.0,0.0,0.0,0.0,1.0,2.0,0.5,2.0,1.0,3.0,0.0,0.0,1.0,0.0,1.0,3.0,-5.0
22200425,1610612749,MIL,Milwaukee,1629670,Jordan Nwora,Jordan,,,15:34,3.0,8.0,0.375,1.0,4.0,0.25,3.0,3.0,1.0,0.0,3.0,3.0,1.0,1.0,0.0,1.0,0.0,10.0,-2.0
22200425,1610612749,MIL,Milwaukee,1631260,AJ Green,AJ,,,14:06,4.0,6.0,0.667,2.0,4.0,0.5,0.0,0.0,0.0,1.0,0.0,1.0,0.0,0.0,0.0,1.0,1.0,10.0,3.0
22200425,1610612763,MEM,Memphis,1628415,Dillon Brooks,Dillon,F,,21:21,7.0,14.0,0.5,1.0,4.0,0.25,3.0,3.0,1.0,1.0,2.0,3.0,4.0,0.0,0.0,0.0,2.0,18.0,25.0
22200425,1610612763,MEM,Memphis,1628991,Jaren Jackson Jr.,Jaren,F,,12:53,1.0,2.0,0.5,1.0,1.0,1.0,1.0,2.0,0.5,1.0,5.0,6.0,2.0,0.0,0.0,0.0,4.0,4.0,16.0
22200425,1610612763,MEM,Memphis,203500,Steven Adams,Steven,C,,20:38,4.0,8.0,0.5,0.0,0.0,0.0,2.0,2.0,1.0,5.0,1.0,6.0,1.0,1.0,5.0,1.0,2.0,10.0,21.0
22200425,1610612763,MEM,Memphis,1629723,John Konchar,John,G,,16:33,2.0,4.0,0.5,1.0,1.0,1.0,0.0,0.0,0.0,0.0,3.0,3.0,0.0,0.0,0.0,0.0,0.0,5.0,16.0
22200425,1610612763,MEM,Memphis,1629630,Ja Morant,Ja,G,,25:38,9.0,21.0,0.429,2.0,8.0,0.25,5.0,8.0,0.625,2.0,8.0,10.0,10.0,1.0,0.0,1.0,1.0,25.0,30.0
22200425,1610612763,MEM,Memphis,1630583,Santi Aldama,Santi,,,26:55,4.0,6.0,0.667,2.0,3.0,0.667,4.0,5.0,0.8,0.0,3.0,3.0,1.0,1.0,0.0,1.0,2.0,14.0,28.0
22200425,1610612763,MEM,Memphis,1631223,David Roddy,David,,,23:31,7.0,13.0,0.538,1.0,6.0,0.167,0.0,0.0,0.0,1.0,6.0,7.0,2.0,0.0,0.0,2.0,1.0,15.0,18.0
22200425,1610612763,MEM,Memphis,1626145,Tyus Jones,Tyus,,,19:03,6.0,9.0,0.667,3.0,3.0,1.0,1.0,1.0,1.0,0.0,3.0,3.0,2.0,0.0,0.0,0.0,0.0,16.0,32.0
22200425,1610612763,MEM,Memphis,1629634,Brandon Clarke,Brandon,,,15:22,6.0,6.0,1.0,0.0,0.0,0.0,0.0,0.0,0.0,1.0,5.0,6.0,0.0,0.0,0.0,0.0,2.0,12.0,25.0
22200425,1610612763,MEM,Memphis,1630533,Ziaire Williams,Ziaire,,,22:06,5.0,11.0,0.455,1.0,5.0,0.2,0.0,0.0,0.0,1.0,4.0,5.0,2.0,0.0,1.0,1.0,0.0,11.0,9.0
22200425,1610612763,MEM,Memphis,1631113,Kennedy Chandler,Kennedy,,,12:00,1.0,3.0,0.333,0.0,0.0,0.0,0.0,0.0,0.0,0.0,1.0,1.0,5.0,1.0,0.0,1.0,2.0,2.0,-5.0
22200425,1610612763,MEM,Memphis,1631222,Jake LaRavia,Jake,,,12:00,1.0,2.0,0.5,0.0,1.0,0.0,0.0,0.0,0.0,2.0,0.0,2.0,1.0,1.0,0.0,0.0,2.0,2.0,-5.0
22200425,1610612763,MEM,Memphis,1630214,Xavier Tillman,Xavier,,,12:00,3.0,3.0,1.0,0.0,0.0,0.0,2.0,2.0,1.0,0.0,1.0,1.0,0.0,0.0,1.0,0.0,1.0,8.0,-5.0
22200426,1610612740,NOP,New Orleans,1630530,Trey Murphy III,Trey,F,,32:43,4.0,8.0,0.5,3.0,7.0,0.429,1.0,1.0,1.0,1.0,4.0,5.0,0.0,1.0,0.0,1.0,6.0,12.0,1.0
22200426,1610612740,NOP,New Orleans,1629627,Zion Williamson,Zion,F,,41:33,12.0,24.0,0.5,1.0,1.0,1.0,6.0,8.0,0.75,5.0,3.0,8.0,8.0,0.0,2.0,3.0,2.0,31.0,2.0
22200426,1610612740,NOP,New Orleans,202685,Jonas Valančiūnas,Jonas,C,,26:09,3.0,6.0,0.5,0.0,0.0,0.0,0.0,0.0,0.0,3.0,6.0,9.0,1.0,0.0,1.0,1.0,3.0,6.0,-6.0
22200426,1610612740,NOP,New Orleans,1630529,Herbert Jones,Herbert,G,,21:11,3.0,6.0,0.5,1.0,1.0,1.0,5.0,6.0,0.833,3.0,1.0,4.0,4.0,1.0,0.0,0.0,6.0,12.0,17.0
22200426,1610612740,NOP,New Orleans,203468,CJ McCollum,CJ,G,,41:33,11.0,25.0,0.44,3.0,8.0,0.375,3.0,3.0,1.0,0.0,6.0,6.0,4.0,0.0,2.0,4.0,5.0,28.0,-3.0
22200426,1610612740,NOP,New Orleans,1630700,Dyson Daniels,Dyson,,,19:13,2.0,5.0,0.4,2.0,4.0,0.5,0.0,0.0,0.0,2.0,1.0,3.0,1.0,1.0,0.0,3.0,2.0,6.0,-10.0
22200426,1610612740,NOP,New Orleans,1626204,Larry Nance Jr.,Larry,,,29:29,6.0,9.0,0.667,1.0,2.0,0.5,0.0,0.0,0.0,3.0,6.0,9.0,1.0,1.0,1.0,1.0,3.0,13.0,-7.0
22200426,1610612740,NOP,New Orleans,1628984,Devonte' Graham,Devonte',,,20:02,2.0,5.0,0.4,1.0,3.0,0.333,3.0,4.0,0.75,1.0,2.0,3.0,3.0,0.0,0.0,2.0,1.0,8.0,4.0
22200426,1610612740,NOP,New Orleans,1630230,Naji Marshall,Naji,,,33:08,4.0,11.0,0.364,0.0,4.0,0.0,5.0,6.0,0.833,1.0,1.0,2.0,2.0,4.0,0.0,1.0,2.0,13.0,-13.0
22200426,1610612740,NOP,New Orleans,1629637,Jaxson Hayes,Jaxson,,DNP - Coach's Decision,,,,,,,,,,,,,,,,,,,,
22200426,1610612740,NOP,New Orleans,1626195,Willy Hernangomez,Willy,,DNP - Coach's Decision,,,,,,,,,,,,,,,,,,,,
22200426,1610612740,NOP,New Orleans,1630184,Kira Lewis Jr.,Kira,,DNP - Coach's Decision,,,,,,,,,,,,,,,,,,,,
22200426,1610612740,NOP,New Orleans,202066,Garrett Temple,Garrett,,DNP - Coach's Decision,,,,,,,,,,,,,,,,,,,,
22200426,1610612762,UTA,Utah,1628374,Lauri Markkanen,Lauri,F,,42:09,8.0,15.0,0.533,5.0,9.0,0.556,10.0,10.0,1.0,0.0,5.0,5.0,3.0,0.0,0.0,2.0,5.0,31.0,-3.0
22200426,1610612762,UTA,Utah,203482,Kelly Olynyk,Kelly,F,,35:17,3.0,11.0,0.273,1.0,4.0,0.25,7.0,7.0,1.0,2.0,5.0,7.0,3.0,0.0,0.0,3.0,3.0,14.0,4.0
22200426,1610612762,UTA,Utah,1629020,Jarred Vanderbilt,Jarred,C,,21:25,0.0,4.0,0.0,0.0,1.0,0.0,3.0,4.0,0.75,2.0,4.0,6.0,3.0,2.0,0.0,0.0,1.0,3.0,-4.0
22200426,1610612762,UTA,Utah,203903,Jordan Clarkson,Jordan,G,,38:33,15.0,26.0,0.577,7.0,14.0,0.5,2.0,3.0,0.667,3.0,5.0,8.0,2.0,2.0,0.0,4.0,1.0,39.0,2.0
22200426,1610612762,UTA,Utah,201144,Mike Conley,Mike,G,,32:15,1.0,8.0,0.125,0.0,4.0,0.0,2.0,6.0,0.333,0.0,2.0,2.0,6.0,0.0,0.0,2.0,3.0,4.0,5.0
22200426,1610612762,UTA,Utah,1627736,Malik Beasley,Malik,,,25:33,6.0,15.0,0.4,4.0,11.0,0.364,1.0,1.0,1.0,0.0,3.0,3.0,1.0,0.0,1.0,1.0,1.0,17.0,7.0
22200426,1610612762,UTA,Utah,1631117,Walker Kessler,Walker,,,28:18,4.0,4.0,1.0,0.0,0.0,0.0,3.0,4.0,0.75,2.0,6.0,8.0,1.0,1.0,3.0,2.0,5.0,11.0,12.0
22200426,1610612762,UTA,Utah,1629638,Nickeil Alexander-Walker,Nickeil,,,20:56,2.0,4.0,0.5,1.0,3.0,0.333,2.0,2.0,1.0,0.0,1.0,1.0,3.0,1.0,1.0,1.0,3.0,7.0,-5.0
22200426,1610612762,UTA,Utah,200752,Rudy Gay,Rudy,,,17:32,1.0,3.0,0.333,0.0,1.0,0.0,0.0,0.0,0.0,1.0,2.0,3.0,2.0,2.0,1.0,0.0,3.0,2.0,-1.0
22200426,1610612762,UTA,Utah,1628962,Udoka Azubuike,Udoka,,,3:03,2.0,2.0,1.0,0.0,0.0,0.0,0.0,0.0,0.0,1.0,0.0,1.0,0.0,0.0,0.0,1.0,0.0,4.0,-2.0
22200426,1610612762,UTA,Utah,1630534,Ochai Agbaji,Ochai,,DNP - Coach's Decision,,,,,,,,,,,,,,,,,,,,
22200426,1610612762,UTA,Utah,1630195,Leandro Bolmaro,Leandro,,DNP - Coach's Decision,,,,,,,,,,,,,,,,,,,,
22200426,1610612762,UTA,Utah,1629659,Talen Horton-Tucker,Talen,,DNP - Coach's Decision,,,,,,,,,,,,,,,,,,,,
22200427,1610612756,PHX,Phoenix,1628969,Mikal Bridges,Mikal,F,,39:07,11.0,18.0,0.611,2.0,5.0,0.4,3.0,4.0,0.75,1.0,5.0,6.0,0.0,1.0,2.0,1.0,1.0,27.0,8.0
22200427,1610612756,PHX,Phoenix,1628470,Torrey Craig,Torrey,F,,17:48,4.0,8.0,0.5,1.0,2.0,0.5,0.0,0.0,0.0,1.0,4.0,5.0,0.0,1.0,1.0,0.0,5.0,9.0,8.0
22200427,1610612756,PHX,Phoenix,202687,Bismack Biyombo,Bismack,C,,18:09,2.0,3.0,0.667,0.0,0.0,0.0,1.0,2.0,0.5,2.0,3.0,5.0,2.0,0.0,1.0,0.0,5.0,5.0,6.0
22200427,1610612756,PHX,Phoenix,1626164,Devin Booker,Devin,G,,34:53,6.0,22.0,0.273,1.0,9.0,0.111,1.0,1.0,1.0,1.0,3.0,4.0,4.0,1.0,0.0,2.0,1.0,14.0,4.0
22200427,1610612756,PHX,Phoenix,101108,Chris Paul,Chris,G,,36:03,6.0,13.0,0.462,2.0,6.0,0.333,1.0,2.0,0.5,1.0,6.0,7.0,13.0,2.0,1.0,1.0,0.0,15.0,7.0
22200427,1610612756,PHX,Phoenix,1629111,Jock Landale,Jock,,,26:46,5.0,10.0,0.5,1.0,3.0,0.333,4.0,5.0,0.8,2.0,8.0,10.0,2.0,0.0,2.0,2.0,3.0,15.0,8.0
22200427,1610612756,PHX,Phoenix,1629013,Landry Shamet,Landry,,,19:43,1.0,7.0,0.143,0.0,3.0,0.0,4.0,4.0,1.0,0.0,1.0,1.0,4.0,0.0,0.0,0.0,2.0,6.0,12.0
22200427,1610612756,PHX,Phoenix,1629006,Josh Okogie,Josh,,,25:20,5.0,9.0,0.556,1.0,3.0,0.333,0.0,0.0,0.0,5.0,6.0,11.0,2.0,2.0,1.0,1.0,1.0,11.0,5.0
22200427,1610612756,PHX,Phoenix,1630688,Ish Wainright,Ish,,,6:45,1.0,1.0,1.0,0.0,0.0,0.0,0.0,0.0,0.0,1.0,1.0,2.0,0.0,0.0,0.0,0.0,0.0,2.0,8.0
22200427,1610612756,PHX,Phoenix,1627814,Damion Lee,Damion,,,15:27,3.0,4.0,0.75,1.0,1.0,1.0,0.0,0.0,0.0,1.0,1.0,2.0,0.0,1.0,0.0,1.0,0.0,7.0,14.0
22200427,1610612756,PHX,Phoenix,203967,Dario Šarić,Dario,,DNP - Coach's Decision,,,,,,,,,,,,,,,,,,,,
22200427,1610612746,LAC,LA,1629599,Amir Coffey,Amir,F,,38:01,4.0,9.0,0.444,3.0,4.0,0.75,0.0,0.0,0.0,0.0,1.0,1.0,1.0,0.0,0.0,1.0,3.0,11.0,-11.0
22200427,1610612746,LAC,LA,202694,Marcus Morris Sr.,Marcus,F,,29:38,4.0,10.0,0.4,2.0,7.0,0.286,4.0,5.0,0.8,1.0,6.0,7.0,2.0,1.0,0.0,4.0,2.0,14.0,-10.0
22200427,1610612746,LAC,LA,1629650,Moses Brown,Moses,C,,23:14,2.0,6.0,0.333,0.0,0.0,0.0,1.0,3.0,0.333,6.0,6.0,12.0,0.0,0.0,1.0,2.0,2.0,5.0,-2.0
22200427,1610612746,LAC,LA,1629611,Terance Mann,Terance,G,,33:42,8.0,14.0,0.571,4.0,7.0,0.571,2.0,2.0,1.0,2.0,9.0,11.0,4.0,0.0,1.0,1.0,1.0,22.0,-6.0
22200427,1610612746,LAC,LA,202322,John Wall,John,G,,26:05,5.0,15.0,0.333,2.0,6.0,0.333,0.0,0.0,0.0,3.0,1.0,4.0,5.0,0.0,1.0,2.0,1.0,12.0,-5.0
22200427,1610612746,LAC,LA,1630554,Jason Preston,Jason,,,16:26,0.0,3.0,0.0,0.0,1.0,0.0,0.0,0.0,0.0,0.0,2.0,2.0,3.0,0.0,0.0,2.0,2.0,0.0,-7.0
22200427,1610612746,LAC,LA,1631217,Moussa Diabaté,Moussa,,,15:51,4.0,9.0,0.444,0.0,0.0,0.0,0.0,1.0,0.0,6.0,2.0,8.0,1.0,1.0,0.0,2.0,4.0,8.0,-6.0
22200427,1610612746,LAC,LA,201587,Nicolas Batum,Nicolas,,,10:08,1.0,2.0,0.5,1.0,2.0,0.5,0.0,0.0,0.0,0.0,1.0,1.0,1.0,0.0,0.0,1.0,0.0,3.0,-11.0
22200427,1610612746,LAC,LA,1630527,Brandon Boston,Brandon,,,23:51,4.0,13.0,0.308,0.0,3.0,0.0,8.0,9.0,0.889,0.0,1.0,1.0,3.0,0.0,0.0,1.0,2.0,16.0,-10.0
22200427,1610612746,LAC,LA,203496,Robert Covington,Robert,,,23:04,2.0,9.0,0.222,0.0,3.0,0.0,0.0,1.0,0.0,3.0,2.0,5.0,1.0,2.0,0.0,0.0,1.0,4.0,-12.0
22200427,1610612746,LAC,LA,1628379,Luke Kennard,Luke,,DNP - Injury/Illness,,,,,,,,,,,,,,,,,,,,
22200422,1610612764,WAS,Washington,1630166,Deni Avdija,Deni,F,,28:44,4.0,7.0,0.571,1.0,2.0,0.5,0.0,0.0,0.0,0.0,6.0,6.0,5.0,3.0,0.0,2.0,5.0,9.0,-17.0
22200422,1610612764,WAS,Washington,1628398,Kyle Kuzma,Kyle,F,,35:47,9.0,16.0,0.563,4.0,8.0,0.5,2.0,6.0,0.333,0.0,2.0,2.0,4.0,0.0,0.0,3.0,4.0,24.0,-24.0
22200422,1610612764,WAS,Washington,201959,Taj Gibson,Taj,C,,17:56,2.0,5.0,0.4,1.0,3.0,0.333,3.0,4.0,0.75,1.0,1.0,2.0,2.0,2.0,1.0,0.0,6.0,8.0,-11.0
22200422,1610612764,WAS,Washington,1630557,Corey Kispert,Corey,G,,34:38,6.0,10.0,0.6,4.0,6.0,0.667,0.0,0.0,0.0,0.0,1.0,1.0,2.0,0.0,1.0,0.0,3.0,16.0,-1.0
22200422,1610612764,WAS,Washington,1628420,Monté Morris,Monté,G,,27:30,7.0,11.0,0.636,4.0,7.0,0.571,2.0,3.0,0.667,0.0,0.0,0.0,7.0,1.0,0.0,0.0,3.0,20.0,-1.0
22200422,1610612764,WAS,Washington,1630692,Jordan Goodwin,Jordan,,,20:30,5.0,12.0,0.417,1.0,4.0,0.25,1.0,2.0,0.5,1.0,0.0,1.0,6.0,0.0,1.0,2.0,1.0,12.0,-12.0
22200422,1610612764,WAS,Washington,203115,Will Barton,Will,,,35:43,7.0,15.0,0.467,4.0,8.0,0.5,4.0,7.0,0.571,1.0,2.0,3.0,9.0,1.0,0.0,5.0,3.0,22.0,-14.0
22200422,1610612764,WAS,Washington,1629655,Daniel Gafford,Daniel,,,25:41,5.0,10.0,0.5,0.0,0.0,0.0,1.0,1.0,1.0,0.0,7.0,7.0,3.0,1.0,2.0,1.0,2.0,11.0,-1.0
22200422,1610612764,WAS,Washington,1630264,Anthony Gill,Anthony,,,11:47,3.0,4.0,0.75,0.0,1.0,0.0,0.0,0.0,0.0,1.0,1.0,2.0,1.0,1.0,0.0,0.0,1.0,6.0,13.0
22200422,1610612764,WAS,Washington,1629653,Devon Dotson,Devon,,,1:44,0.0,1.0,0.0,0.0,0.0,0.0,0.0,0.0,0.0,0.0,0.0,0.0,1.0,1.0,0.0,0.0,0.0,0.0,3.0
22200422,1610612764,WAS,Washington,204001,Kristaps Porziņģis,Kristaps,,DNP - Injury/Illness,,,,,,,,,,,,,,,,,,,,
22200422,1610612743,DEN,Denver,1628971,Bruce Brown,Bruce,F,,27:53,5.0,6.0,0.833,1.0,2.0,0.5,2.0,2.0,1.0,1.0,2.0,3.0,4.0,0.0,1.0,1.0,2.0,13.0,13.0
22200422,1610612743,DEN,Denver,203932,Aaron Gordon,Aaron,F,,31:04,8.0,14.0,0.571,0.0,1.0,0.0,6.0,7.0,0.857,1.0,6.0,7.0,3.0,1.0,1.0,2.0,0.0,22.0,21.0
22200422,1610612743,DEN,Denver,203999,Nikola Jokić,Nikola,C,,33:03,17.0,20.0,0.85,0.0,2.0,0.0,9.0,10.0,0.9,2.0,12.0,14.0,8.0,5.0,1.0,8.0,2.0,43.0,28.0
22200422,1610612743,DEN,Denver,203484,Kentavious Caldwell-Pope,Kentavious,G,,30:39,4.0,11.0,0.364,0.0,2.0,0.0,3.0,4.0,0.75,1.0,4.0,5.0,3.0,2.0,1.0,0.0,1.0,11.0,23.0
22200422,1610612743,DEN,Denver,1627750,Jamal Murray,Jamal,G,,30:15,2.0,6.0,0.333,1.0,3.0,0.333,0.0,0.0,0.0,0.0,4.0,4.0,6.0,0.0,0.0,0.0,2.0,5.0,19.0
22200422,1610612743,DEN,Denver,1631128,Christian Braun,Christian,,,23:33,3.0,6.0,0.5,0.0,1.0,0.0,2.0,4.0,0.5,0.0,1.0,1.0,0.0,0.0,0.0,0.0,1.0,8.0,-10.0
22200422,1610612743,DEN,Denver,1630538,Bones Hyland,Bones,,,28:14,8.0,11.0,0.727,2.0,5.0,0.4,5.0,6.0,0.833,0.0,2.0,2.0,6.0,0.0,1.0,3.0,4.0,23.0,-1.0
22200422,1610612743,DEN,Denver,201145,Jeff Green,Jeff,,,15:12,5.0,6.0,0.833,0.0,0.0,0.0,0.0,0.0,0.0,1.0,4.0,5.0,1.0,0.0,1.0,1.0,1.0,10.0,-5.0
22200422,1610612743,DEN,Denver,201599,DeAndre Jordan,DeAndre,,,13:13,2.0,3.0,0.667,0.0,0.0,0.0,0.0,0.0,0.0,0.0,2.0,2.0,0.0,0.0,1.0,1.0,3.0,4.0,-12.0
22200422,1610612743,DEN,Denver,1630192,Zeke Nnaji,Zeke,,,1:44,0.0,0.0,0.0,0.0,0.0,0.0,2.0,2.0,1.0,1.0,1.0,2.0,0.0,0.0,0.0,0.0,0.0,2.0,-3.0
22200422,1610612743,DEN,Denver,1628432,Davon Reed,Davon,,,1:44,0.0,0.0,0.0,0.0,0.0,0.0,0.0,0.0,0.0,0.0,0.0,0.0,0.0,0.0,0.0,0.0,0.0,0.0,-3.0
22200422,1610612743,DEN,Denver,1628427,Vlatko Čančar,Vlatko,,,1:44,0.0,0.0,0.0,0.0,0.0,0.0,0.0,0.0,0.0,0.0,0.0,0.0,0.0,0.0,0.0,1.0,1.0,0.0,-3.0
22200422,1610612743,DEN,Denver,202397,Ish Smith,Ish,,,1:42,0.0,0.0,0.0,0.0,0.0,0.0,0.0,0.0,0.0,0.0,0.0,0.0,0.0,0.0,0.0,1.0,0.0,0.0,-2.0
22200417,1610612758,SAC,Sacramento,203084,Harrison Barnes,Harrison,F,,36:21,4.0,8.0,0.5,0.0,4.0,0.0,4.0,4.0,1.0,2.0,6.0,8.0,3.0,0.0,0.0,0.0,1.0,12.0,8.0
22200417,1610612758,SAC,Sacramento,1631099,Keegan Murray,Keegan,F,,32:23,4.0,12.0,0.333,2.0,8.0,0.25,0.0,0.0,0.0,1.0,3.0,4.0,0.0,1.0,1.0,0.0,1.0,10.0,1.0
22200417,1610612758,SAC,Sacramento,1627734,Domantas Sabonis,Domantas,C,,40:15,10.0,13.0,0.769,0.0,0.0,0.0,1.0,1.0,1.0,5.0,15.0,20.0,7.0,1.0,1.0,5.0,3.0,21.0,13.0
22200417,1610612758,SAC,Sacramento,1629056,Terence Davis,Terence,G,,24:51,7.0,14.0,0.5,5.0,12.0,0.417,0.0,0.0,0.0,1.0,2.0,3.0,2.0,0.0,1.0,4.0,3.0,19.0,1.0
22200417,1610612758,SAC,Sacramento,1628368,De'Aaron Fox,De'Aaron,G,,41:26,9.0,23.0,0.391,4.0,8.0,0.5,5.0,7.0,0.714,0.0,6.0,6.0,10.0,1.0,0.0,3.0,4.0,27.0,6.0
22200417,1610612758,SAC,Sacramento,1630558,Davion Mitchell,Davion,,,12:17,1.0,3.0,0.333,0.0,2.0,0.0,0.0,0.0,0.0,2.0,1.0,3.0,2.0,0.0,0.0,1.0,0.0,2.0,-13.0
22200417,1610612758,SAC,Sacramento,1628370,Malik Monk,Malik,,,32:33,6.0,13.0,0.462,5.0,10.0,0.5,7.0,8.0,0.875,2.0,1.0,3.0,3.0,0.0,0.0,1.0,1.0,24.0,10.0
22200417,1610612758,SAC,Sacramento,1629002,Chimezie Metu,Chimezie,,,4:37,1.0,1.0,1.0,0.0,0.0,0.0,0.0,0.0,0.0,0.0,0.0,0.0,0.0,0.0,0.0,1.0,1.0,2.0,-13.0
22200417,1610612758,SAC,Sacramento,1626168,Trey Lyles,Trey,,,12:10,2.0,4.0,0.5,1.0,2.0,0.5,0.0,0.0,0.0,0.0,3.0,3.0,2.0,0.0,0.0,0.0,0.0,5.0,-9.0
22200417,1610612758,SAC,Sacramento,1626158,Richaun Holmes,Richaun,,,3:08,1.0,2.0,0.5,0.0,0.0,0.0,0.0,0.0,0.0,0.0,0.0,0.0,0.0,0.0,0.0,0.0,2.0,2.0,1.0
22200417,1610612758,SAC,Sacramento,203521,Matthew Dellavedova,Matthew,,DNP - Coach's Decision,,,,,,,,,,,,,,,,,,,,
22200417,1610612758,SAC,Sacramento,1631165,Keon Ellis,Keon,,DNP - Coach's Decision,,,,,,,,,,,,,,,,,,,,
22200417,1610612758,SAC,Sacramento,1628989,Kevin Huerter,Kevin,,DND - Injury/Illness,,,,,,,,,,,,,,,,,,,,
22200417,1610612758,SAC,Sacramento,1629644,KZ Okpala,KZ,,DNP - Coach's Decision,,,,,,,,,,,,,,,,,,,,
22200417,1610612758,SAC,Sacramento,1629674,Neemias Queta,Neemias,,DNP - Coach's Decision,,,,,,,,,,,,,,,,,,,,
22200417,1610612761,TOR,Toronto,1630567,Scottie Barnes,Scottie,F,,39:58,10.0,16.0,0.625,2.0,3.0,0.667,5.0,6.0,0.833,2.0,5.0,7.0,10.0,0.0,1.0,3.0,0.0,27.0,-2.0
22200417,1610612761,TOR,Toronto,1627783,Pascal Siakam,Pascal,F,,42:31,7.0,19.0,0.368,1.0,1.0,1.0,4.0,6.0,0.667,1.0,3.0,4.0,6.0,0.0,0.0,1.0,4.0,19.0,-5.0
22200417,1610612761,TOR,Toronto,201152,Thaddeus Young,Thaddeus,C,,27:37,3.0,5.0,0.6,0.0,0.0,0.0,0.0,0.0,0.0,2.0,1.0,3.0,1.0,1.0,0.0,1.0,2.0,6.0,-2.0
22200417,1610612761,TOR,Toronto,1629018,Gary Trent Jr.,Gary,G,,24:54,5.0,9.0,0.556,1.0,3.0,0.333,0.0,0.0,0.0,0.0,1.0,1.0,1.0,0.0,0.0,0.0,3.0,11.0,-4.0
22200417,1610612761,TOR,Toronto,1627832,Fred VanVleet,Fred,G,,38:10,13.0,25.0,0.52,2.0,8.0,0.25,11.0,11.0,1.0,0.0,8.0,8.0,5.0,4.0,1.0,2.0,4.0,39.0,8.0
22200417,1610612761,TOR,Toronto,1627823,Juancho Hernangomez,Juancho,,,24:10,2.0,5.0,0.4,0.0,3.0,0.0,1.0,2.0,0.5,2.0,3.0,5.0,1.0,0.0,0.0,0.0,2.0,5.0,-4.0
22200417,1610612761,TOR,Toronto,1628449,Chris Boucher,Chris,,,17:26,2.0,5.0,0.4,0.0,2.0,0.0,2.0,2.0,1.0,0.0,4.0,4.0,0.0,1.0,1.0,0.0,1.0,6.0,7.0
22200417,1610612761,TOR,Toronto,1631132,Christian Koloko,Christian,,,13:01,2.0,4.0,0.5,0.0,0.0,0.0,0.0,0.0,0.0,3.0,1.0,4.0,1.0,1.0,1.0,0.0,0.0,4.0,9.0
22200417,1610612761,TOR,Toronto,1630625,Dalano Banton,Dalano,,,4:51,2.0,3.0,0.667,0.0,1.0,0.0,0.0,0.0,0.0,0.0,1.0,1.0,0.0,0.0,2.0,0.0,2.0,4.0,-4.0
22200417,1610612761,TOR,Toronto,203920,Khem Birch,Khem,,,7:22,1.0,3.0,0.333,0.0,0.0,0.0,0.0,0.0,0.0,1.0,1.0,2.0,0.0,1.0,1.0,0.0,0.0,2.0,-8.0
22200417,1610612761,TOR,Toronto,1630173,Precious Achiuwa,Precious,,DND - Injury/Illness,,,,,,,,,,,,,,,,,,,,
22200417,1610612761,TOR,Toronto,1630201,Malachi Flynn,Malachi,,DNP - Coach's Decision,,,,,,,,,,,,,,,,,,,,
22200423,1610612750,MIN,Minnesota,1630183,Jaden McDaniels,Jaden,F,,35:46,3.0,11.0,0.273,0.0,3.0,0.0,0.0,0.0,0.0,0.0,4.0,4.0,2.0,3.0,0.0,0.0,4.0,6.0,-11.0
22200423,1610612750,MIN,Minnesota,203937,Kyle Anderson,Kyle,F,,32:06,5.0,10.0,0.5,0.0,2.0,0.0,3.0,6.0,0.5,0.0,6.0,6.0,5.0,1.0,0.0,3.0,5.0,13.0,-12.0
22200423,1610612750,MIN,Minnesota,203497,Rudy Gobert,Rudy,C,,31:42,3.0,5.0,0.6,0.0,0.0,0.0,5.0,7.0,0.714,4.0,9.0,13.0,0.0,0.0,2.0,3.0,3.0,11.0,-9.0
22200423,1610612750,MIN,Minnesota,1630162,Anthony Edwards,Anthony,G,,36:54,6.0,14.0,0.429,2.0,7.0,0.286,5.0,7.0,0.714,0.0,7.0,7.0,3.0,2.0,1.0,5.0,5.0,19.0,-11.0
22200423,1610612750,MIN,Minnesota,203085,Austin Rivers,Austin,G,,28:55,1.0,7.0,0.143,1.0,4.0,0.25,2.0,2.0,1.0,0.0,0.0,0.0,2.0,0.0,0.0,0.0,1.0,5.0,-8.0
22200423,1610612750,MIN,Minnesota,1629675,Naz Reid,Naz,,,20:05,3.0,5.0,0.6,0.0,0.0,0.0,3.0,4.0,0.75,1.0,6.0,7.0,1.0,0.0,0.0,1.0,1.0,9.0,-15.0
22200423,1610612750,MIN,Minnesota,1629669,Jaylen Nowell,Jaylen,,,25:11,6.0,16.0,0.375,1.0,4.0,0.25,0.0,0.0,0.0,2.0,1.0,3.0,0.0,1.0,0.0,4.0,0.0,13.0,-12.0
22200423,1610612750,MIN,Minnesota,1631111,Wendell Moore Jr.,Wendell,,,15:05,1.0,1.0,1.0,0.0,0.0,0.0,2.0,2.0,1.0,0.0,2.0,2.0,1.0,2.0,1.0,1.0,0.0,4.0,1.0
22200423,1610612750,MIN,Minnesota,1627854,Bryn Forbes,Bryn,,,3:52,0.0,1.0,0.0,0.0,1.0,0.0,0.0,0.0,0.0,0.0,0.0,0.0,0.0,0.0,0.0,0.0,1.0,0.0,2.0
22200423,1610612750,MIN,Minnesota,1630233,Nathan Knight,Nathan,,,2:36,2.0,2.0,1.0,0.0,0.0,0.0,0.0,0.0,0.0,0.0,1.0,1.0,0.0,0.0,0.0,0.0,0.0,4.0,5.0
22200423,1610612750,MIN,Minnesota,1631169,Josh Minott,Josh,,,2:36,1.0,1.0,1.0,0.0,0.0,0.0,2.0,2.0,1.0,0.0,0.0,0.0,1.0,0.0,0.0,0.0,0.0,4.0,5.0
22200423,1610612750,MIN,Minnesota,1630568,Luka Garza,Luka,,,2:36,0.0,1.0,0.0,0.0,1.0,0.0,0.0,0.0,0.0,0.0,0.0,0.0,0.0,0.0,0.0,0.0,0.0,0.0,5.0
22200423,1610612750,MIN,Minnesota,1630346,Matt Ryan,Matt,,,2:36,0.0,0.0,0.0,0.0,0.0,0.0,0.0,0.0,0.0,0.0,0.0,0.0,0.0,0.0,0.0,0.0,0.0,0.0,5.0
22200423,1610612746,LAC,LA,202695,Kawhi Leonard,Kawhi,F,,30:37,7.0,18.0,0.389,1.0,6.0,0.167,4.0,6.0,0.667,3.0,5.0,8.0,1.0,2.0,1.0,1.0,3.0,19.0,11.0
22200423,1610612746,LAC,LA,202694,Marcus Morris Sr.,Marcus,F,,28:45,4.0,13.0,0.308,2.0,8.0,0.25,2.0,2.0,1.0,2.0,5.0,7.0,1.0,1.0,0.0,1.0,1.0,12.0,8.0
22200423,1610612746,LAC,LA,1627826,Ivica Zubac,Ivica,C,,17:15,1.0,5.0,0.2,0.0,0.0,0.0,0.0,0.0,0.0,5.0,3.0,8.0,0.0,0.0,0.0,2.0,2.0,2.0,-10.0
22200423,1610612746,LAC,LA,202331,Paul George,Paul,G,,33:23,4.0,13.0,0.308,2.0,7.0,0.286,7.0,8.0,0.875,3.0,8.0,11.0,11.0,0.0,0.0,4.0,2.0,17.0,9.0
22200423,1610612746,LAC,LA,202704,Reggie Jackson,Reggie,G,,25:39,4.0,9.0,0.444,1.0,2.0,0.5,1.0,1.0,1.0,0.0,3.0,3.0,1.0,2.0,0.0,1.0,4.0,10.0,0.0
22200423,1610612746,LAC,LA,201587,Nicolas Batum,Nicolas,,,30:44,5.0,9.0,0.556,3.0,7.0,0.429,0.0,0.0,0.0,1.0,6.0,7.0,2.0,2.0,0.0,1.0,1.0,13.0,30.0
22200423,1610612746,LAC,LA,1628379,Luke Kennard,Luke,,,22:35,5.0,8.0,0.625,4.0,7.0,0.571,2.0,2.0,1.0,0.0,0.0,0.0,0.0,0.0,1.0,0.0,2.0,16.0,16.0
22200423,1610612746,LAC,LA,1629611,Terance Mann,Terance,,,23:47,2.0,6.0,0.333,0.0,2.0,0.0,1.0,2.0,0.5,0.0,5.0,5.0,2.0,0.0,0.0,1.0,1.0,5.0,3.0
22200423,1610612746,LAC,LA,203496,Robert Covington,Robert,,,19:15,2.0,7.0,0.286,1.0,6.0,0.167,0.0,0.0,0.0,0.0,3.0,3.0,2.0,1.0,0.0,2.0,4.0,5.0,3.0
22200423,1610612746,LAC,LA,1629599,Amir Coffey,Amir,,,2:48,0.0,0.0,0.0,0.0,0.0,0.0,0.0,0.0,0.0,0.0,0.0,0.0,0.0,0.0,0.0,1.0,0.0,0.0,-5.0
22200423,1610612746,LAC,LA,1630527,Brandon Boston,Brandon,,,2:36,0.0,1.0,0.0,0.0,1.0,0.0,0.0,0.0,0.0,0.0,0.0,0.0,0.0,0.0,0.0,0.0,0.0,0.0,-5.0
22200423,1610612746,LAC,LA,1629650,Moses Brown,Moses,,,2:36,0.0,0.0,0.0,0.0,0.0,0.0,0.0,0.0,0.0,0.0,0.0,0.0,1.0,0.0,0.0,0.0,1.0,0.0,-5.0
22200414,1610612765,DET,Detroit,202711,Bojan Bogdanović,Bojan,F,,37:01,8.0,19.0,0.421,3.0,9.0,0.333,5.0,6.0,0.833,0.0,4.0,4.0,4.0,0.0,0.0,1.0,3.0,24.0,8.0
22200414,1610612765,DET,Detroit,1630191,Isaiah Stewart,Isaiah,F,,41:20,8.0,10.0,0.8,2.0,3.0,0.667,1.0,2.0,0.5,3.0,8.0,11.0,1.0,0.0,2.0,2.0,4.0,19.0,12.0
22200414,1610612765,DET,Detroit,1631105,Jalen Duren,Jalen,C,,36:23,2.0,8.0,0.25,0.0,0.0,0.0,3.0,4.0,0.75,6.0,13.0,19.0,2.0,0.0,3.0,3.0,4.0,7.0,12.0
22200414,1610612765,DET,Detroit,1630165,Killian Hayes,Killian,G,,34:02,9.0,19.0,0.474,5.0,11.0,0.455,2.0,5.0,0.4,1.0,6.0,7.0,8.0,0.0,0.0,2.0,4.0,25.0,10.0
22200414,1610612765,DET,Detroit,1631093,Jaden Ivey,Jaden,G,,28:58,5.0,9.0,0.556,0.0,1.0,0.0,3.0,4.0,0.75,1.0,2.0,3.0,4.0,0.0,0.0,2.0,3.0,13.0,3.0
22200414,1610612765,DET,Detroit,202692,Alec Burks,Alec,,,26:12,8.0,12.0,0.667,4.0,6.0,0.667,7.0,8.0,0.875,0.0,3.0,3.0,3.0,0.0,1.0,1.0,3.0,27.0,13.0
22200414,1610612765,DET,Detroit,1628963,Marvin Bagley III,Marvin,,,10:09,2.0,3.0,0.667,0.0,0.0,0.0,0.0,0.0,0.0,1.0,2.0,3.0,0.0,0.0,0.0,0.0,1.0,4.0,0.0
22200414,1610612765,DET,Detroit,1630180,Saddiq Bey,Saddiq,,,17:48,2.0,6.0,0.333,1.0,4.0,0.25,0.0,1.0,0.0,0.0,0.0,0.0,0.0,0.0,0.0,0.0,1.0,5.0,1.0
22200414,1610612765,DET,Detroit,1628995,Kevin Knox II,Kevin,,,19:27,4.0,6.0,0.667,3.0,5.0,0.6,6.0,6.0,1.0,0.0,1.0,1.0,1.0,0.0,2.0,0.0,3.0,17.0,-10.0
22200414,1610612765,DET,Detroit,202709,Cory Joseph,Cory,,,13:40,0.0,1.0,0.0,0.0,1.0,0.0,0.0,0.0,0.0,0.0,1.0,1.0,2.0,0.0,0.0,4.0,3.0,0.0,-14.0
22200414,1610612765,DET,Detroit,1628977,Hamidou Diallo,Hamidou,,DNP - Coach's Decision,,,,,,,,,,,,,,,,,,,,
22200414,1610612765,DET,Detroit,203585,Rodney McGruder,Rodney,,DNP - Coach's Decision,,,,,,,,,,,,,,,,,,,,
22200414,1610612765,DET,Detroit,203457,Nerlens Noel,Nerlens,,DNP - Coach's Decision,,,,,,,,,,,,,,,,,,,,
22200414,1610612766,CHA,Charlotte,1626162,Kelly Oubre Jr.,Kelly,F,,39:57,10.0,27.0,0.37,5.0,13.0,0.385,3.0,5.0,0.6,1.0,7.0,8.0,1.0,3.0,1.0,1.0,5.0,28.0,-4.0
22200414,1610612766,CHA,Charlotte,1629023,P.J. Washington,P.J.,F,,30:54,5.0,17.0,0.294,1.0,7.0,0.143,2.0,2.0,1.0,2.0,3.0,5.0,1.0,2.0,2.0,0.0,3.0,13.0,-12.0
22200414,1610612766,CHA,Charlotte,203486,Mason Plumlee,Mason,C,,34:16,5.0,8.0,0.625,0.0,0.0,0.0,2.0,4.0,0.5,11.0,7.0,18.0,3.0,0.0,0.0,1.0,3.0,12.0,-10.0
22200414,1610612766,CHA,Charlotte,1626179,Terry Rozier,Terry,G,,41:56,8.0,28.0,0.286,2.0,13.0,0.154,7.0,8.0,0.875,0.0,5.0,5.0,2.0,1.0,1.0,0.0,4.0,25.0,-15.0
22200414,1610612766,CHA,Charlotte,1630163,LaMelo Ball,LaMelo,G,,34:05,9.0,18.0,0.5,5.0,13.0,0.385,0.0,0.0,0.0,0.0,1.0,1.0,11.0,0.0,0.0,1.0,6.0,23.0,16.0
22200414,1610612766,CHA,Charlotte,1629667,Jalen McDaniels,Jalen,,,35:08,7.0,9.0,0.778,3.0,3.0,1.0,4.0,4.0,1.0,1.0,5.0,6.0,1.0,1.0,1.0,0.0,0.0,21.0,-9.0
22200414,1610612766,CHA,Charlotte,1630539,Kai Jones,Kai,,,13:34,0.0,0.0,0.0,0.0,0.0,0.0,0.0,0.0,0.0,0.0,0.0,0.0,1.0,0.0,0.0,0.0,3.0,0.0,6.0
22200414,1610612766,CHA,Charlotte,1630177,Theo Maledon,Theo,,,16:26,3.0,7.0,0.429,1.0,2.0,0.5,2.0,2.0,1.0,1.0,5.0,6.0,0.0,0.0,0.0,1.0,1.0,9.0,-10.0
22200414,1610612766,CHA,Charlotte,1630208,Nick Richards,Nick,,,18:44,0.0,0.0,0.0,0.0,0.0,0.0,3.0,4.0,0.75,1.0,2.0,3.0,1.0,0.0,1.0,1.0,4.0,3.0,3.0
22200414,1610612766,CHA,Charlotte,1630547,James Bouknight,James,,DNP - Coach's Decision,,,,,,,,,,,,,,,,,,,,
22200414,1610612766,CHA,Charlotte,1631121,Bryce McGowens,Bryce,,DNP - Coach's Decision,,,,,,,,,,,,,,,,,,,,
22200414,1610612766,CHA,Charlotte,1630550,JT Thor,JT,,DNP - Coach's Decision,,,,,,,,,,,,,,,,,,,,
22200419,1610612748,MIA,Miami,1629622,Max Strus,Max,F,,17:30,4.0,11.0,0.364,2.0,7.0,0.286,0.0,0.0,0.0,0.0,2.0,2.0,0.0,1.0,0.0,0.0,0.0,10.0,-14.0
22200419,1610612748,MIA,Miami,1628997,Caleb Martin,Caleb,F,,33:31,1.0,6.0,0.167,1.0,5.0,0.2,0.0,0.0,0.0,2.0,2.0,4.0,5.0,1.0,0.0,3.0,1.0,3.0,-12.0
22200419,1610612748,MIA,Miami,1628389,Bam Adebayo,Bam,C,,33:05,5.0,13.0,0.385,0.0,0.0,0.0,5.0,6.0,0.833,2.0,11.0,13.0,3.0,2.0,0.0,5.0,6.0,15.0,-14.0
22200419,1610612748,MIA,Miami,1629639,Tyler Herro,Tyler,G,,39:58,12.0,23.0,0.522,9.0,17.0,0.529,2.0,2.0,1.0,1.0,2.0,3.0,2.0,0.0,0.0,1.0,1.0,35.0,0.0
22200419,1610612748,MIA,Miami,200768,Kyle Lowry,Kyle,G,,29:14,5.0,10.0,0.5,4.0,9.0,0.444,0.0,0.0,0.0,0.0,3.0,3.0,6.0,0.0,0.0,1.0,3.0,14.0,-10.0
22200419,1610612748,MIA,Miami,203506,Victor Oladipo,Victor,,,31:08,4.0,8.0,0.5,2.0,5.0,0.4,2.0,3.0,0.667,0.0,4.0,4.0,3.0,3.0,0.0,2.0,4.0,12.0,18.0
22200419,1610612748,MIA,Miami,1629312,Haywood Highsmith,Haywood,,,18:12,0.0,2.0,0.0,0.0,1.0,0.0,0.0,0.0,0.0,1.0,2.0,3.0,3.0,2.0,0.0,1.0,2.0,0.0,14.0
22200419,1610612748,MIA,Miami,203473,Dewayne Dedmon,Dewayne,,,14:33,2.0,5.0,0.4,2.0,4.0,0.5,1.0,2.0,0.5,0.0,6.0,6.0,0.0,0.0,1.0,0.0,2.0,7.0,14.0
22200419,1610612748,MIA,Miami,1629130,Duncan Robinson,Duncan,,,22:49,4.0,8.0,0.5,4.0,8.0,0.5,2.0,2.0,1.0,1.0,0.0,1.0,3.0,0.0,0.0,1.0,2.0,14.0,14.0
22200419,1610612748,MIA,Miami,2617,Udonis Haslem,Udonis,,DNP - Coach's Decision,,,,,,,,,,,,,,,,,,,,
22200419,1610612748,MIA,Miami,1631115,Orlando Robinson,Orlando,,DNP - Coach's Decision,,,,,,,,,,,,,,,,,,,,
22200419,1610612760,OKC,Oklahoma City,1629652,Luguentz Dort,Luguentz,F,,33:34,6.0,12.0,0.5,4.0,7.0,0.571,2.0,4.0,0.5,1.0,2.0,3.0,4.0,1.0,0.0,1.0,2.0,18.0,11.0
22200419,1610612760,OKC,Oklahoma City,1631114,Jalen Williams,Jalen,F,,30:43,6.0,10.0,0.6,2.0,4.0,0.5,0.0,0.0,0.0,0.0,5.0,5.0,2.0,0.0,2.0,1.0,2.0,14.0,-1.0
22200419,1610612760,OKC,Oklahoma City,1629647,Darius Bazley,Darius,C,,30:34,4.0,7.0,0.571,0.0,0.0,0.0,4.0,7.0,0.571,1.0,4.0,5.0,2.0,1.0,1.0,0.0,2.0,12.0,13.0
22200419,1610612760,OKC,Oklahoma City,1630581,Josh Giddey,Josh,G,,36:26,9.0,15.0,0.6,1.0,3.0,0.333,0.0,0.0,0.0,2.0,9.0,11.0,7.0,0.0,0.0,3.0,0.0,19.0,15.0
22200419,1610612760,OKC,Oklahoma City,1628983,Shai Gilgeous-Alexander,Shai,G,,36:22,10.0,20.0,0.5,1.0,3.0,0.333,6.0,6.0,1.0,0.0,8.0,8.0,7.0,1.0,0.0,5.0,1.0,27.0,10.0
22200419,1610612760,OKC,Oklahoma City,1630197,Aleksej Pokusevski,Aleksej,,,8:03,0.0,3.0,0.0,0.0,0.0,0.0,0.0,0.0,0.0,1.0,1.0,2.0,1.0,0.0,1.0,1.0,0.0,0.0,-13.0
22200419,1610612760,OKC,Oklahoma City,1630198,Isaiah Joe,Isaiah,,,17:01,0.0,5.0,0.0,0.0,4.0,0.0,3.0,3.0,1.0,0.0,2.0,2.0,2.0,0.0,0.0,0.0,2.0,3.0,5.0
22200419,1610612760,OKC,Oklahoma City,203488,Mike Muscala,Mike,,,9:52,2.0,3.0,0.667,1.0,2.0,0.5,0.0,0.0,0.0,0.0,3.0,3.0,0.0,0.0,0.0,0.0,2.0,5.0,-1.0
22200419,1610612760,OKC,Oklahoma City,1630598,Aaron Wiggins,Aaron,,,24:37,3.0,3.0,1.0,0.0,0.0,0.0,2.0,3.0,0.667,2.0,2.0,4.0,1.0,3.0,0.0,1.0,3.0,8.0,-17.0
22200419,1610612760,OKC,Oklahoma City,1630544,Tre Mann,Tre,,,5:14,1.0,2.0,0.5,0.0,1.0,0.0,0.0,0.0,0.0,0.0,0.0,0.0,0.0,0.0,0.0,0.0,0.0,2.0,-18.0
22200419,1610612760,OKC,Oklahoma City,1630647,Eugene Omoruyi,Eugene,,,7:34,0.0,2.0,0.0,0.0,0.0,0.0,0.0,0.0,0.0,0.0,1.0,1.0,0.0,1.0,0.0,2.0,2.0,0.0,-14.0
22200420,1610612757,POR,Portland,1628404,Josh Hart,Josh,F,,32:31,2.0,7.0,0.286,0.0,3.0,0.0,1.0,2.0,0.5,3.0,7.0,10.0,3.0,0.0,0.0,0.0,1.0,5.0,8.0
22200420,1610612757,POR,Portland,203924,Jerami Grant,Jerami,F,,34:49,7.0,13.0,0.538,2.0,6.0,0.333,2.0,3.0,0.667,0.0,4.0,4.0,2.0,1.0,1.0,3.0,2.0,18.0,13.0
22200420,1610612757,POR,Portland,203994,Jusuf Nurkić,Jusuf,C,,30:29,5.0,8.0,0.625,0.0,1.0,0.0,5.0,7.0,0.714,2.0,5.0,7.0,6.0,0.0,1.0,2.0,4.0,15.0,3.0
22200420,1610612757,POR,Portland,1629014,Anfernee Simons,Anfernee,G,,33:00,9.0,15.0,0.6,5.0,9.0,0.556,0.0,0.0,0.0,0.0,3.0,3.0,4.0,0.0,0.0,4.0,3.0,23.0,17.0
22200420,1610612757,POR,Portland,203081,Damian Lillard,Damian,G,,36:21,14.0,23.0,0.609,7.0,14.0,0.5,2.0,2.0,1.0,0.0,5.0,5.0,8.0,2.0,0.0,5.0,1.0,37.0,7.0
22200420,1610612757,POR,Portland,1631101,Shaedon Sharpe,Shaedon,,,23:25,5.0,7.0,0.714,2.0,4.0,0.5,0.0,0.0,0.0,0.0,1.0,1.0,0.0,1.0,0.0,1.0,3.0,12.0,8.0
22200420,1610612757,POR,Portland,1630570,Trendon Watford,Trendon,,,13:11,1.0,1.0,1.0,0.0,0.0,0.0,1.0,2.0,0.5,0.0,2.0,2.0,2.0,1.0,0.0,0.0,1.0,3.0,3.0
22200420,1610612757,POR,Portland,1629234,Drew Eubanks,Drew,,,14:17,3.0,3.0,1.0,0.0,0.0,0.0,1.0,1.0,1.0,0.0,5.0,5.0,1.0,0.0,1.0,0.0,0.0,7.0,13.0
22200420,1610612757,POR,Portland,1626159,Justise Winslow,Justise,,,15:29,1.0,1.0,1.0,0.0,0.0,0.0,0.0,0.0,0.0,0.0,3.0,3.0,0.0,0.0,0.0,1.0,4.0,2.0,8.0
22200420,1610612757,POR,Portland,1631133,Jabari Walker,Jabari,,,3:14,1.0,1.0,1.0,1.0,1.0,1.0,0.0,0.0,0.0,0.0,0.0,0.0,0.0,0.0,0.0,0.0,1.0,3.0,0.0
22200420,1610612757,POR,Portland,1630553,Keon Johnson,Keon,,,3:14,1.0,2.0,0.5,1.0,2.0,0.5,0.0,0.0,0.0,0.0,0.0,0.0,0.0,0.0,0.0,1.0,0.0,3.0,0.0
22200420,1610612759,SAS,San Antonio,1629640,Keldon Johnson,Keldon,F,,32:42,10.0,16.0,0.625,1.0,3.0,0.333,4.0,8.0,0.5,1.0,6.0,7.0,2.0,0.0,0.0,1.0,1.0,25.0,-5.0
22200420,1610612759,SAS,San Antonio,1628966,Keita Bates-Diop,Keita,F,,23:47,5.0,6.0,0.833,1.0,2.0,0.5,2.0,4.0,0.5,2.0,2.0,4.0,0.0,2.0,0.0,1.0,2.0,13.0,-15.0
22200420,1610612759,SAS,San Antonio,1629646,Charles Bassey,Charles,C,,19:51,3.0,6.0,0.5,0.0,0.0,0.0,0.0,0.0,0.0,3.0,2.0,5.0,2.0,0.0,2.0,2.0,4.0,6.0,-9.0
22200420,1610612759,SAS,San Antonio,1626196,Josh Richardson,Josh,G,,23:29,5.0,11.0,0.455,1.0,5.0,0.2,0.0,0.0,0.0,1.0,1.0,2.0,0.0,4.0,0.0,2.0,1.0,11.0,4.0
22200420,1610612759,SAS,San Antonio,1630200,Tre Jones,Tre,G,,25:11,5.0,11.0,0.455,0.0,0.0,0.0,0.0,0.0,0.0,2.0,2.0,4.0,6.0,0.0,0.0,0.0,1.0,10.0,-14.0
22200420,1610612759,SAS,San Antonio,203476,Gorgui Dieng,Gorgui,,,24:14,2.0,7.0,0.286,1.0,4.0,0.25,0.0,0.0,0.0,3.0,5.0,8.0,3.0,0.0,0.0,1.0,3.0,5.0,4.0
22200420,1610612759,SAS,San Antonio,1631110,Jeremy Sochan,Jeremy,,,21:29,2.0,6.0,0.333,0.0,0.0,0.0,0.0,0.0,0.0,1.0,4.0,5.0,3.0,0.0,0.0,1.0,0.0,4.0,-2.0
22200420,1610612759,SAS,San Antonio,203926,Doug McDermott,Doug,,,21:02,5.0,9.0,0.556,3.0,5.0,0.6,1.0,2.0,0.5,0.0,1.0,1.0,0.0,0.0,0.0,1.0,4.0,14.0,-20.0
22200420,1610612759,SAS,San Antonio,1630170,Devin Vassell,Devin,,,25:34,4.0,16.0,0.25,2.0,4.0,0.5,3.0,3.0,1.0,1.0,1.0,2.0,4.0,3.0,1.0,1.0,0.0,13.0,-10.0
22200420,1610612759,SAS,San Antonio,1631103,Malaki Branham,Malaki,,,7:35,1.0,4.0,0.25,1.0,4.0,0.25,0.0,0.0,0.0,0.0,0.0,0.0,1.0,0.0,0.0,0.0,0.0,3.0,-4.0
22200420,1610612759,SAS,San Antonio,1629676,Isaiah Roby,Isaiah,,,7:51,1.0,2.0,0.5,1.0,1.0,1.0,1.0,2.0,0.5,0.0,1.0,1.0,0.0,0.0,0.0,1.0,0.0,4.0,-10.0
22200420,1610612759,SAS,San Antonio,1626169,Stanley Johnson,Stanley,,,4:02,1.0,2.0,0.5,0.0,1.0,0.0,0.0,0.0,0.0,0.0,1.0,1.0,2.0,0.0,0.0,0.0,0.0,2.0,1.0
22200420,1610612759,SAS,San Antonio,1631230,Dominick Barlow,Dominick,,,3:14,1.0,1.0,1.0,0.0,0.0,0.0,0.0,0.0,0.0,0.0,0.0,0.0,0.0,0.0,0.0,0.0,0.0,2.0,0.0
22200421,1610612739,CLE,Cleveland,1630205,Lamar Stevens,Lamar,F,,38:25,8.0,15.0,0.533,1.0,6.0,0.167,1.0,2.0,0.5,0.0,11.0,11.0,2.0,0.0,0.0,1.0,2.0,18.0,21.0
22200421,1610612739,CLE,Cleveland,1630596,Evan Mobley,Evan,F,,35:00,5.0,9.0,0.556,0.0,1.0,0.0,4.0,4.0,1.0,2.0,5.0,7.0,6.0,0.0,1.0,1.0,5.0,14.0,11.0
22200421,1610612739,CLE,Cleveland,1628386,Jarrett Allen,Jarrett,C,,35:53,6.0,7.0,0.857,0.0,0.0,0.0,2.0,2.0,1.0,0.0,6.0,6.0,3.0,2.0,0.0,0.0,3.0,14.0,20.0
22200421,1610612739,CLE,Cleveland,1628378,Donovan Mitchell,Donovan,G,,37:38,13.0,20.0,0.65,6.0,9.0,0.667,2.0,2.0,1.0,1.0,2.0,3.0,4.0,1.0,0.0,3.0,5.0,34.0,21.0
22200421,1610612739,CLE,Cleveland,1629636,Darius Garland,Darius,G,,34:22,4.0,11.0,0.364,1.0,3.0,0.333,3.0,3.0,1.0,0.0,2.0,2.0,6.0,2.0,0.0,0.0,2.0,12.0,5.0
22200421,1610612739,CLE,Cleveland,1627747,Caris LeVert,Caris,,,28:41,4.0,10.0,0.4,0.0,3.0,0.0,3.0,6.0,0.5,0.0,3.0,3.0,3.0,0.0,0.0,1.0,1.0,11.0,4.0
22200421,1610612739,CLE,Cleveland,201567,Kevin Love,Kevin,,,16:02,0.0,4.0,0.0,0.0,2.0,0.0,0.0,0.0,0.0,1.0,8.0,9.0,2.0,0.0,0.0,0.0,2.0,0.0,-1.0
22200421,1610612739,CLE,Cleveland,1630171,Isaac Okoro,Isaac,,,10:12,1.0,2.0,0.5,0.0,0.0,0.0,0.0,0.0,0.0,1.0,1.0,2.0,0.0,0.0,0.0,0.0,0.0,2.0,-6.0
22200421,1610612739,CLE,Cleveland,1630600,Isaiah Mobley,Isaiah,,,1:16,0.0,0.0,0.0,0.0,0.0,0.0,0.0,0.0,0.0,0.0,0.0,0.0,0.0,0.0,0.0,0.0,0.0,0.0,0.0
22200421,1610612739,CLE,Cleveland,203526,Raul Neto,Raul,,,1:16,0.0,0.0,0.0,0.0,0.0,0.0,0.0,0.0,0.0,0.0,0.0,0.0,0.0,0.0,0.0,0.0,0.0,0.0,0.0
22200421,1610612739,CLE,Cleveland,201577,Robin Lopez,Robin,,,1:16,0.0,0.0,0.0,0.0,0.0,0.0,0.0,0.0,0.0,0.0,0.0,0.0,0.0,0.0,1.0,0.0,0.0,0.0,0.0
22200421,1610612739,CLE,Cleveland,1626224,Cedi Osman,Cedi,,DNP - Coach's Decision,,,,,,,,,,,,,,,,,,,,
22200421,1610612742,DAL,Dallas,203501,Tim Hardaway Jr.,Tim,F,,31:03,1.0,5.0,0.2,1.0,4.0,0.25,0.0,0.0,0.0,0.0,1.0,1.0,1.0,1.0,0.0,2.0,3.0,3.0,-17.0
22200421,1610612742,DAL,Dallas,1627827,Dorian Finney-Smith,Dorian,F,,25:03,2.0,8.0,0.25,2.0,7.0,0.286,1.0,2.0,0.5,1.0,3.0,4.0,0.0,0.0,1.0,0.0,1.0,7.0,-17.0
22200421,1610612742,DAL,Dallas,203939,Dwight Powell,Dwight,C,,11:50,1.0,2.0,0.5,0.0,0.0,0.0,2.0,3.0,0.667,1.0,1.0,2.0,1.0,0.0,0.0,0.0,0.0,4.0,-14.0
22200421,1610612742,DAL,Dallas,203915,Spencer Dinwiddie,Spencer,G,,32:00,4.0,8.0,0.5,1.0,4.0,0.25,1.0,3.0,0.333,0.0,6.0,6.0,7.0,0.0,1.0,3.0,1.0,10.0,-29.0
22200421,1610612742,DAL,Dallas,1629029,Luka Dončić,Luka,G,,39:19,9.0,23.0,0.391,2.0,8.0,0.25,10.0,11.0,0.909,2.0,3.0,5.0,6.0,1.0,1.0,5.0,4.0,30.0,-21.0
22200421,1610612742,DAL,Dallas,1626174,Christian Wood,Christian,,,35:05,7.0,14.0,0.5,4.0,7.0,0.571,2.0,4.0,0.5,1.0,6.0,7.0,1.0,0.0,0.0,2.0,3.0,20.0,8.0
22200421,1610612742,DAL,Dallas,203493,Reggie Bullock Jr.,Reggie,,,35:56,4.0,6.0,0.667,3.0,5.0,0.6,1.0,1.0,1.0,0.0,2.0,2.0,0.0,0.0,0.0,0.0,0.0,12.0,-4.0
22200421,1610612742,DAL,Dallas,1628373,Frank Ntilikina,Frank,,,12:24,0.0,2.0,0.0,0.0,0.0,0.0,0.0,0.0,0.0,0.0,3.0,3.0,0.0,0.0,0.0,0.0,3.0,0.0,11.0
22200421,1610612742,DAL,Dallas,202722,Dāvis Bertāns,Dāvis,,,7:04,1.0,3.0,0.333,0.0,2.0,0.0,0.0,0.0,0.0,0.0,0.0,0.0,0.0,0.0,0.0,0.0,0.0,2.0,-8.0
22200421,1610612742,DAL,Dallas,1630702,Jaden Hardy,Jaden,,,2:34,0.0,2.0,0.0,0.0,0.0,0.0,0.0,0.0,0.0,0.0,1.0,1.0,0.0,0.0,0.0,0.0,0.0,0.0,4.0
22200421,1610612742,DAL,Dallas,1628416,Tyler Dorsey,Tyler,,,2:34,0.0,1.0,0.0,0.0,1.0,0.0,0.0,0.0,0.0,0.0,0.0,0.0,0.0,0.0,0.0,0.0,0.0,0.0,4.0
22200421,1610612742,DAL,Dallas,1629033,Theo Pinson,Theo,,,2:34,0.0,0.0,0.0,0.0,0.0,0.0,2.0,2.0,1.0,0.0,1.0,1.0,0.0,0.0,0.0,0.0,0.0,2.0,4.0
22200421,1610612742,DAL,Dallas,1630593,McKinley Wright IV,McKinley,,,2:34,0.0,0.0,0.0,0.0,0.0,0.0,0.0,0.0,0.0,1.0,0.0,1.0,1.0,0.0,0.0,0.0,0.0,0.0,4.0
22200421,1610612742,DAL,Dallas,201580,JaVale McGee,JaVale,,DNP - Coach's Decision,,,,,,,,,,,,,,,,,,,,
22200421,1610612742,DAL,Dallas,202689,Kemba Walker,Kemba,,DNP - Coach's Decision,,,,,,,,,,,,,,,,,,,,
22200416,1610612737,ATL,Atlanta,1629631,De'Andre Hunter,De'Andre,F,,37:47,6.0,14.0,0.429,4.0,9.0,0.444,9.0,10.0,0.9,0.0,6.0,6.0,3.0,0.0,0.0,2.0,3.0,25.0,5.0
22200416,1610612737,ATL,Atlanta,1630552,Jalen Johnson,Jalen,F,,18:47,4.0,9.0,0.444,1.0,5.0,0.2,0.0,0.0,0.0,0.0,0.0,0.0,1.0,0.0,4.0,1.0,2.0,9.0,-3.0
22200416,1610612737,ATL,Atlanta,203991,Clint Capela,Clint,C,,22:03,8.0,10.0,0.8,0.0,0.0,0.0,0.0,0.0,0.0,2.0,4.0,6.0,2.0,0.0,0.0,0.0,2.0,16.0,-5.0
22200416,1610612737,ATL,Atlanta,1631100,AJ Griffin,AJ,G,,27:23,6.0,9.0,0.667,3.0,4.0,0.75,0.0,0.0,0.0,1.0,1.0,2.0,0.0,0.0,1.0,0.0,2.0,15.0,-6.0
22200416,1610612737,ATL,Atlanta,1629027,Trae Young,Trae,G,,38:43,6.0,15.0,0.4,1.0,5.0,0.2,6.0,7.0,0.857,1.0,2.0,3.0,16.0,0.0,0.0,5.0,3.0,19.0,-17.0
22200416,1610612737,ATL,Atlanta,203992,Bogdan Bogdanović,Bogdan,,,31:05,6.0,14.0,0.429,3.0,9.0,0.333,2.0,2.0,1.0,1.0,4.0,5.0,3.0,0.0,0.0,2.0,3.0,17.0,-9.0
22200416,1610612737,ATL,Atlanta,1629633,Jarrett Culver,Jarrett,,,4:00,1.0,2.0,0.5,0.0,1.0,0.0,0.0,0.0,0.0,1.0,1.0,2.0,0.0,1.0,0.0,2.0,1.0,2.0,-6.0
22200416,1610612737,ATL,Atlanta,1630168,Onyeka Okongwu,Onyeka,,,25:57,4.0,8.0,0.5,0.0,0.0,0.0,7.0,8.0,0.875,5.0,6.0,11.0,0.0,1.0,0.0,1.0,3.0,15.0,-6.0
22200416,1610612737,ATL,Atlanta,1630235,Trent Forrest,Trent,,,13:46,2.0,6.0,0.333,0.0,2.0,0.0,0.0,0.0,0.0,0.0,4.0,4.0,3.0,0.0,0.0,0.0,0.0,4.0,-11.0
22200416,1610612737,ATL,Atlanta,203200,Justin Holiday,Justin,,,20:29,1.0,1.0,1.0,0.0,0.0,0.0,0.0,0.0,0.0,0.0,0.0,0.0,2.0,0.0,1.0,0.0,2.0,2.0,3.0
22200416,1610612737,ATL,Atlanta,1628988,Aaron Holiday,Aaron,,DNP - Coach's Decision,,,,,,,,,,,,,,,,,,,,
22200416,1610612737,ATL,Atlanta,1626163,Frank Kaminsky,Frank,,DNP - Coach's Decision,,,,,,,,,,,,,,,,,,,,
22200416,1610612737,ATL,Atlanta,1630249,Vít Krejčí,Vít,,DNP - Coach's Decision,,,,,,,,,,,,,,,,,,,,
22200416,1610612737,ATL,Atlanta,1631213,Tyrese Martin,Tyrese,,DNP - Coach's Decision,,,,,,,,,,,,,,,,,,,,
22200416,1610612753,ORL,Orlando,1629626,Bol Bol,Bol,F,,27:28,7.0,13.0,0.538,3.0,4.0,0.75,4.0,5.0,0.8,4.0,3.0,7.0,2.0,1.0,1.0,0.0,0.0,21.0,10.0
22200416,1610612753,ORL,Orlando,1631094,Paolo Banchero,Paolo,F,,33:35,6.0,16.0,0.375,2.0,7.0,0.286,6.0,7.0,0.857,2.0,4.0,6.0,6.0,2.0,1.0,2.0,4.0,20.0,15.0
22200416,1610612753,ORL,Orlando,1629021,Moritz Wagner,Moritz,C,,30:26,7.0,9.0,0.778,3.0,4.0,0.75,0.0,0.0,0.0,2.0,3.0,5.0,0.0,1.0,0.0,2.0,2.0,17.0,5.0
22200416,1610612753,ORL,Orlando,1630532,Franz Wagner,Franz,G,,36:24,7.0,17.0,0.412,3.0,6.0,0.5,7.0,8.0,0.875,1.0,2.0,3.0,4.0,0.0,1.0,1.0,3.0,24.0,9.0
22200416,1610612753,ORL,Orlando,1628365,Markelle Fultz,Markelle,G,,31:37,8.0,14.0,0.571,0.0,0.0,0.0,0.0,0.0,0.0,3.0,4.0,7.0,9.0,4.0,1.0,1.0,3.0,16.0,0.0
22200416,1610612753,ORL,Orlando,203082,Terrence Ross,Terrence,,,24:19,4.0,9.0,0.444,3.0,7.0,0.429,0.0,0.0,0.0,1.0,3.0,4.0,1.0,1.0,0.0,2.0,1.0,11.0,9.0
22200416,1610612753,ORL,Orlando,1630175,Cole Anthony,Cole,,,20:20,3.0,7.0,0.429,0.0,3.0,0.0,7.0,7.0,1.0,0.0,5.0,5.0,6.0,0.0,0.0,3.0,4.0,13.0,1.0
22200416,1610612753,ORL,Orlando,1628964,Mo Bamba,Mo,,,17:34,4.0,6.0,0.667,2.0,4.0,0.5,1.0,3.0,0.333,0.0,7.0,7.0,0.0,0.0,2.0,0.0,3.0,11.0,6.0
22200416,1610612753,ORL,Orlando,1629678,Admiral Schofield,Admiral,,,14:25,1.0,2.0,0.5,0.0,1.0,0.0,0.0,0.0,0.0,1.0,1.0,2.0,0.0,1.0,0.0,0.0,1.0,2.0,-4.0
22200416,1610612753,ORL,Orlando,1630284,Kevon Harris,Kevon,,,3:52,0.0,0.0,0.0,0.0,0.0,0.0,0.0,0.0,0.0,0.0,0.0,0.0,0.0,0.0,0.0,0.0,1.0,0.0,4.0
22200416,1610612753,ORL,Orlando,1631216,Caleb Houstan,Caleb,,DNP - Coach's Decision,,,,,,,,,,,,,,,,,,,,
22200418,1610612752,NYK,New York,1629628,RJ Barrett,RJ,F,,33:58,8.0,17.0,0.471,4.0,7.0,0.571,2.0,2.0,1.0,2.0,4.0,6.0,2.0,0.0,1.0,3.0,6.0,22.0,-4.0
22200418,1610612752,NYK,New York,203944,Julius Randle,Julius,F,,46:22,8.0,19.0,0.421,3.0,7.0,0.429,12.0,15.0,0.8,1.0,12.0,13.0,7.0,0.0,0.0,6.0,2.0,31.0,1.0
22200418,1610612752,NYK,New York,1629011,Mitchell Robinson,Mitchell,C,,35:40,4.0,8.0,0.5,0.0,0.0,0.0,0.0,0.0,0.0,6.0,4.0,10.0,1.0,0.0,2.0,0.0,2.0,8.0,7.0
22200418,1610612752,NYK,New York,1628973,Jalen Brunson,Jalen,G,,39:23,11.0,21.0,0.524,3.0,6.0,0.5,5.0,5.0,1.0,0.0,2.0,2.0,7.0,1.0,0.0,2.0,2.0,30.0,1.0
22200418,1610612752,NYK,New York,1629656,Quentin Grimes,Quentin,G,,36:59,5.0,8.0,0.625,4.0,7.0,0.571,0.0,1.0,0.0,1.0,4.0,5.0,2.0,1.0,1.0,2.0,4.0,14.0,14.0
22200418,1610612752,NYK,New York,1630193,Immanuel Quickley,Immanuel,,,34:42,4.0,10.0,0.4,1.0,4.0,0.25,0.0,0.0,0.0,0.0,3.0,3.0,4.0,4.0,0.0,1.0,3.0,9.0,6.0
22200418,1610612752,NYK,New York,1628392,Isaiah Hartenstein,Isaiah,,,15:47,2.0,5.0,0.4,1.0,1.0,1.0,1.0,2.0,0.5,5.0,3.0,8.0,1.0,0.0,0.0,0.0,3.0,6.0,1.0
22200418,1610612752,NYK,New York,1630540,Miles McBride,Miles,,,13:58,2.0,2.0,1.0,2.0,2.0,1.0,0.0,0.0,0.0,0.0,1.0,1.0,1.0,1.0,0.0,1.0,2.0,6.0,7.0
22200418,1610612752,NYK,New York,1630579,Jericho Sims,Jericho,,,8:12,1.0,1.0,1.0,0.0,0.0,0.0,0.0,0.0,0.0,0.0,0.0,0.0,0.0,0.0,1.0,0.0,1.0,2.0,7.0
22200418,1610612752,NYK,New York,203095,Evan Fournier,Evan,,DNP - Coach's Decision,,,,,,,,,,,,,,,,,,,,
22200418,1610612752,NYK,New York,1629004,Svi Mykhailiuk,Svi,,DNP - Coach's Decision,,,,,,,,,,,,,,,,,,,,
22200418,1610612752,NYK,New York,1629629,Cam Reddish,Cam,,DNP - Coach's Decision,,,,,,,,,,,,,,,,,,,,
22200418,1610612752,NYK,New York,201565,Derrick Rose,Derrick,,DNP - Coach's Decision,,,,,,,,,,,,,,,,,,,,
22200418,1610612741,CHI,Chicago,201942,DeMar DeRozan,DeMar,F,,39:48,8.0,18.0,0.444,0.0,2.0,0.0,16.0,17.0,0.941,0.0,5.0,5.0,2.0,0.0,2.0,2.0,3.0,32.0,-9.0
22200418,1610612741,CHI,Chicago,1630172,Patrick Williams,Patrick,F,,40:12,4.0,6.0,0.667,2.0,3.0,0.667,1.0,1.0,1.0,1.0,1.0,2.0,5.0,1.0,1.0,1.0,2.0,11.0,-1.0
22200418,1610612741,CHI,Chicago,202696,Nikola Vučević,Nikola,C,,41:07,9.0,16.0,0.563,1.0,5.0,0.2,0.0,0.0,0.0,0.0,7.0,7.0,5.0,0.0,2.0,1.0,1.0,19.0,-3.0
22200418,1610612741,CHI,Chicago,203897,Zach LaVine,Zach,G,,41:07,11.0,23.0,0.478,2.0,8.0,0.25,1.0,1.0,1.0,0.0,5.0,5.0,3.0,1.0,0.0,2.0,3.0,25.0,-3.0
22200418,1610612741,CHI,Chicago,1627936,Alex Caruso,Alex,G,,32:24,2.0,2.0,1.0,0.0,0.0,0.0,0.0,0.0,0.0,0.0,2.0,2.0,5.0,3.0,0.0,2.0,5.0,4.0,-15.0
22200418,1610612741,CHI,Chicago,1629632,Coby White,Coby,,,27:33,5.0,8.0,0.625,2.0,4.0,0.5,0.0,0.0,0.0,0.0,4.0,4.0,2.0,0.0,0.0,1.0,0.0,12.0,3.0
22200418,1610612741,CHI,Chicago,1629750,Javonte Green,Javonte,,,9:60,2.0,3.0,0.667,1.0,2.0,0.5,1.0,2.0,0.5,1.0,2.0,3.0,0.0,0.0,1.0,1.0,2.0,6.0,5.0
22200418,1610612741,CHI,Chicago,203083,Andre Drummond,Andre,,,11:53,1.0,1.0,1.0,0.0,0.0,0.0,0.0,0.0,0.0,0.0,2.0,2.0,2.0,0.0,0.0,2.0,2.0,2.0,-5.0
22200418,1610612741,CHI,Chicago,201609,Goran Dragic,Goran,,,10:03,3.0,5.0,0.6,1.0,3.0,0.333,0.0,1.0,0.0,0.0,0.0,0.0,1.0,0.0,0.0,0.0,0.0,7.0,-5.0
22200418,1610612741,CHI,Chicago,1627884,Derrick Jones Jr.,Derrick,,,10:53,1.0,2.0,0.5,0.0,1.0,0.0,0.0,0.0,0.0,1.0,0.0,1.0,0.0,1.0,1.0,0.0,0.0,2.0,-7.0
22200418,1610612741,CHI,Chicago,1628396,Tony Bradley,Tony,,DNP - Coach's Decision,,,,,,,,,,,,,,,,,,,,
22200418,1610612741,CHI,Chicago,1631207,Dalen Terry,Dalen,,DNP - Coach's Decision,,,,,,,,,,,,,,,,,,,,
22200415,1610612744,GSW,Golden State,1628978,Donte DiVincenzo,Donte,F,,37:49,4.0,10.0,0.4,3.0,6.0,0.5,4.0,4.0,1.0,0.0,8.0,8.0,3.0,1.0,0.0,2.0,1.0,15.0,19.0
22200415,1610612744,GSW,Golden State,203110,Draymond Green,Draymond,F,,27:03,0.0,3.0,0.0,0.0,1.0,0.0,1.0,2.0,0.5,1.0,1.0,2.0,3.0,0.0,0.0,6.0,1.0,1.0,5.0
22200415,1610612744,GSW,Golden State,1626172,Kevon Looney,Kevon,C,,21:23,2.0,5.0,0.4,0.0,0.0,0.0,0.0,0.0,0.0,1.0,5.0,6.0,3.0,0.0,0.0,0.0,3.0,4.0,-10.0
22200415,1610612744,GSW,Golden State,1629673,Jordan Poole,Jordan,G,,33:15,8.0,22.0,0.364,1.0,7.0,0.143,3.0,3.0,1.0,2.0,3.0,5.0,5.0,1.0,0.0,4.0,5.0,20.0,5.0
22200415,1610612744,GSW,Golden State,201939,Stephen Curry,Stephen,G,,29:33,11.0,19.0,0.579,5.0,10.0,0.5,11.0,11.0,1.0,1.0,6.0,7.0,7.0,2.0,1.0,3.0,2.0,38.0,-6.0
22200415,1610612744,GSW,Golden State,1629660,Ty Jerome,Ty,,,12:53,1.0,2.0,0.5,0.0,1.0,0.0,0.0,0.0,0.0,0.0,2.0,2.0,1.0,0.0,0.0,1.0,1.0,2.0,-20.0
22200415,1610612744,GSW,Golden State,1630237,Anthony Lamb,Anthony,,,11:38,1.0,2.0,0.5,0.0,1.0,0.0,0.0,0.0,0.0,0.0,2.0,2.0,0.0,0.0,0.0,1.0,1.0,2.0,-18.0
22200415,1610612744,GSW,Golden State,1630228,Jonathan Kuminga,Jonathan,,,24:22,4.0,13.0,0.308,0.0,1.0,0.0,1.0,2.0,0.5,5.0,3.0,8.0,1.0,1.0,2.0,3.0,3.0,9.0,2.0
22200415,1610612744,GSW,Golden State,203210,JaMychal Green,JaMychal,,,19:07,4.0,4.0,1.0,3.0,3.0,1.0,4.0,6.0,0.667,2.0,3.0,5.0,1.0,0.0,1.0,2.0,1.0,15.0,-5.0
22200415,1610612744,GSW,Golden State,1630541,Moses Moody,Moses,,,22:57,5.0,6.0,0.833,2.0,3.0,0.667,1.0,1.0,1.0,0.0,1.0,1.0,3.0,0.0,0.0,1.0,2.0,13.0,-2.0
22200415,1610612744,GSW,Golden State,1631116,Patrick Baldwin Jr.,Patrick,,DNP - Coach's Decision,,,,,,,,,,,,,,,,,,,,
22200415,1610612754,IND,Indiana,1627741,Buddy Hield,Buddy,F,,34:34,6.0,12.0,0.5,3.0,8.0,0.375,2.0,2.0,1.0,1.0,4.0,5.0,1.0,1.0,0.0,2.0,2.0,17.0,-21.0
22200415,1610612754,IND,Indiana,1630174,Aaron Nesmith,Aaron,F,,19:31,2.0,7.0,0.286,2.0,5.0,0.4,0.0,0.0,0.0,1.0,2.0,3.0,1.0,0.0,1.0,0.0,1.0,6.0,-10.0
22200415,1610612754,IND,Indiana,1626167,Myles Turner,Myles,C,,31:23,8.0,11.0,0.727,2.0,3.0,0.667,3.0,5.0,0.6,0.0,2.0,2.0,3.0,2.0,1.0,2.0,5.0,21.0,3.0
22200415,1610612754,IND,Indiana,1629614,Andrew Nembhard,Andrew,G,,30:53,4.0,6.0,0.667,0.0,1.0,0.0,0.0,0.0,0.0,0.0,3.0,3.0,3.0,1.0,0.0,1.0,3.0,8.0,-7.0
22200415,1610612754,IND,Indiana,1630169,Tyrese Haliburton,Tyrese,G,,34:21,9.0,17.0,0.529,5.0,10.0,0.5,6.0,7.0,0.857,2.0,2.0,4.0,6.0,1.0,2.0,6.0,3.0,29.0,-2.0
22200415,1610612754,IND,Indiana,1631097,Bennedict Mathurin,Bennedict,,,36:21,8.0,14.0,0.571,4.0,7.0,0.571,4.0,4.0,1.0,0.0,6.0,6.0,3.0,1.0,0.0,1.0,5.0,24.0,34.0
22200415,1610612754,IND,Indiana,1629052,Oshae Brissett,Oshae,,,20:16,4.0,8.0,0.5,0.0,2.0,0.0,3.0,4.0,0.75,0.0,2.0,2.0,0.0,3.0,1.0,1.0,2.0,11.0,15.0
22200415,1610612754,IND,Indiana,204456,T.J. McConnell,T.J.,,,16:04,1.0,4.0,0.25,0.0,0.0,0.0,3.0,3.0,1.0,0.0,3.0,3.0,9.0,1.0,0.0,2.0,0.0,5.0,15.0
22200415,1610612754,IND,Indiana,1630188,Jalen Smith,Jalen,,,16:37,2.0,8.0,0.25,0.0,3.0,0.0,0.0,0.0,0.0,1.0,5.0,6.0,4.0,0.0,3.0,2.0,4.0,4.0,3.0
22200415,1610612754,IND,Indiana,1629048,Goga Bitadze,Goga,,DNP - Coach's Decision,,,,,,,,,,,,,,,,,,,,
22200415,1610612754,IND,Indiana,1630543,Isaiah Jackson,Isaiah,,DNP - Coach's Decision,,,,,,,,,,,,,,,,,,,,
22200415,1610612754,IND,Indiana,201949,James Johnson,James,,DNP - Coach's Decision,,,,,,,,,,,,,,,,,,,,
22200415,1610612754,IND,Indiana,1630678,Terry Taylor,Terry,,DNP - Coach's Decision,,,,,,,,,,,,,,,,,,,,
22200409,1610612758,SAC,Sacramento,203084,Harrison Barnes,Harrison,F,,30:35,4.0,12.0,0.333,1.0,6.0,0.167,2.0,2.0,1.0,1.0,7.0,8.0,2.0,1.0,0.0,1.0,1.0,11.0,-20.0
22200409,1610612758,SAC,Sacramento,1631099,Keegan Murray,Keegan,F,,20:44,1.0,5.0,0.2,1.0,4.0,0.25,0.0,0.0,0.0,0.0,2.0,2.0,1.0,1.0,1.0,1.0,3.0,3.0,-13.0
22200409,1610612758,SAC,Sacramento,1627734,Domantas Sabonis,Domantas,C,,29:43,8.0,10.0,0.8,0.0,0.0,0.0,6.0,7.0,0.857,4.0,6.0,10.0,5.0,0.0,0.0,1.0,4.0,22.0,-13.0
22200409,1610612758,SAC,Sacramento,1628989,Kevin Huerter,Kevin,G,,23:48,3.0,8.0,0.375,1.0,5.0,0.2,0.0,0.0,0.0,0.0,0.0,0.0,1.0,1.0,0.0,4.0,1.0,7.0,-20.0
22200409,1610612758,SAC,Sacramento,1628368,De'Aaron Fox,De'Aaron,G,,29:23,5.0,15.0,0.333,1.0,7.0,0.143,2.0,4.0,0.5,0.0,4.0,4.0,1.0,1.0,0.0,3.0,2.0,13.0,-14.0
22200409,1610612758,SAC,Sacramento,1629674,Neemias Queta,Neemias,,,2:22,0.0,0.0,0.0,0.0,0.0,0.0,0.0,0.0,0.0,1.0,0.0,1.0,1.0,0.0,0.0,0.0,3.0,0.0,-6.0
22200409,1610612758,SAC,Sacramento,1630558,Davion Mitchell,Davion,,,18:37,1.0,8.0,0.125,0.0,2.0,0.0,0.0,0.0,0.0,1.0,2.0,3.0,4.0,0.0,2.0,2.0,1.0,2.0,-6.0
22200409,1610612758,SAC,Sacramento,1628370,Malik Monk,Malik,,,23:34,4.0,10.0,0.4,1.0,5.0,0.2,7.0,7.0,1.0,0.0,3.0,3.0,4.0,1.0,0.0,2.0,0.0,16.0,-8.0
22200409,1610612758,SAC,Sacramento,1629002,Chimezie Metu,Chimezie,,,9:44,2.0,6.0,0.333,1.0,3.0,0.333,0.0,0.0,0.0,2.0,2.0,4.0,0.0,0.0,0.0,0.0,0.0,5.0,-7.0
22200409,1610612758,SAC,Sacramento,1626168,Trey Lyles,Trey,,,17:25,1.0,4.0,0.25,0.0,2.0,0.0,0.0,0.0,0.0,1.0,5.0,6.0,0.0,0.0,0.0,0.0,1.0,2.0,0.0
22200409,1610612758,SAC,Sacramento,1629056,Terence Davis,Terence,,,13:45,5.0,8.0,0.625,2.0,5.0,0.4,0.0,0.0,0.0,2.0,0.0,2.0,1.0,0.0,1.0,3.0,2.0,12.0,-6.0
22200409,1610612758,SAC,Sacramento,1629644,KZ Okpala,KZ,,,7:58,1.0,1.0,1.0,1.0,1.0,1.0,0.0,0.0,0.0,0.0,1.0,1.0,0.0,0.0,0.0,0.0,3.0,3.0,1.0
22200409,1610612758,SAC,Sacramento,1631165,Keon Ellis,Keon,,,6:11,0.0,1.0,0.0,0.0,1.0,0.0,0.0,0.0,0.0,0.0,1.0,1.0,1.0,0.0,0.0,0.0,1.0,0.0,6.0
22200409,1610612758,SAC,Sacramento,1626158,Richaun Holmes,Richaun,,,6:11,3.0,4.0,0.75,1.0,1.0,1.0,0.0,0.0,0.0,1.0,2.0,3.0,0.0,0.0,0.0,0.0,0.0,7.0,6.0
22200409,1610612758,SAC,Sacramento,203521,Matthew Dellavedova,Matthew,,DNP - Coach's Decision,,,,,,,,,,,,,,,,,,,,
22200409,1610612755,PHI,Philadelphia,202699,Tobias Harris,Tobias,F,,33:54,9.0,17.0,0.529,2.0,7.0,0.286,1.0,1.0,1.0,2.0,5.0,7.0,9.0,1.0,1.0,0.0,1.0,21.0,21.0
22200409,1610612755,PHI,Philadelphia,200782,P.J. Tucker,P.J.,F,,23:53,2.0,3.0,0.667,2.0,3.0,0.667,0.0,0.0,0.0,0.0,4.0,4.0,0.0,0.0,0.0,0.0,3.0,6.0,10.0
22200409,1610612755,PHI,Philadelphia,203954,Joel Embiid,Joel,C,,30:19,10.0,16.0,0.625,0.0,1.0,0.0,11.0,13.0,0.846,1.0,6.0,7.0,2.0,1.0,1.0,3.0,3.0,31.0,12.0
22200409,1610612755,PHI,Philadelphia,1629680,Matisse Thybulle,Matisse,G,,22:24,5.0,7.0,0.714,3.0,4.0,0.75,2.0,3.0,0.667,0.0,2.0,2.0,0.0,0.0,0.0,0.0,4.0,15.0,11.0
22200409,1610612755,PHI,Philadelphia,201935,James Harden,James,G,,35:55,7.0,13.0,0.538,4.0,7.0,0.571,3.0,6.0,0.5,0.0,7.0,7.0,15.0,5.0,0.0,6.0,2.0,21.0,24.0
22200409,1610612755,PHI,Philadelphia,1629003,Shake Milton,Shake,,,32:35,5.0,10.0,0.5,1.0,3.0,0.333,3.0,3.0,1.0,0.0,0.0,0.0,3.0,1.0,0.0,1.0,4.0,14.0,3.0
22200409,1610612755,PHI,Philadelphia,1627777,Georges Niang,Georges,,,25:32,4.0,8.0,0.5,4.0,8.0,0.5,0.0,0.0,0.0,0.0,6.0,6.0,3.0,1.0,0.0,0.0,2.0,12.0,25.0
22200409,1610612755,PHI,Philadelphia,1627788,Furkan Korkmaz,Furkan,,,12:14,1.0,3.0,0.333,0.0,2.0,0.0,1.0,1.0,1.0,0.0,3.0,3.0,1.0,0.0,0.0,1.0,1.0,3.0,-8.0
22200409,1610612755,PHI,Philadelphia,1626149,Montrezl Harrell,Montrezl,,,12:08,0.0,2.0,0.0,0.0,0.0,0.0,0.0,0.0,0.0,0.0,3.0,3.0,1.0,1.0,1.0,0.0,1.0,0.0,14.0
22200409,1610612755,PHI,Philadelphia,1630194,Paul Reed,Paul,,,5:33,0.0,3.0,0.0,0.0,0.0,0.0,0.0,0.0,0.0,1.0,1.0,2.0,0.0,0.0,0.0,0.0,0.0,0.0,-6.0
22200409,1610612755,PHI,Philadelphia,1630531,Jaden Springer,Jaden,,,5:33,0.0,2.0,0.0,0.0,0.0,0.0,0.0,0.0,0.0,0.0,1.0,1.0,0.0,0.0,1.0,0.0,0.0,0.0,-6.0
22200409,1610612755,PHI,Philadelphia,1627863,Danuel House Jr.,Danuel,,DNP - Injury/Illness,,,,,,,,,,,,,,,,,,,,
22200411,1610612756,PHX,Phoenix,1628969,Mikal Bridges,Mikal,F,,38:04,4.0,24.0,0.167,2.0,10.0,0.2,8.0,8.0,1.0,1.0,2.0,3.0,3.0,2.0,0.0,1.0,3.0,18.0,-14.0
22200411,1610612756,PHX,Phoenix,1628470,Torrey Craig,Torrey,F,,29:28,2.0,9.0,0.222,1.0,5.0,0.2,2.0,2.0,1.0,5.0,7.0,12.0,2.0,3.0,0.0,0.0,2.0,7.0,-11.0
22200411,1610612756,PHX,Phoenix,1629028,Deandre Ayton,Deandre,C,,14:30,2.0,10.0,0.2,0.0,1.0,0.0,1.0,1.0,1.0,3.0,0.0,3.0,0.0,0.0,0.0,1.0,2.0,5.0,-17.0
22200411,1610612756,PHX,Phoenix,1629013,Landry Shamet,Landry,G,,31:52,5.0,13.0,0.385,3.0,11.0,0.273,0.0,0.0,0.0,2.0,2.0,4.0,3.0,2.0,0.0,0.0,3.0,13.0,-7.0
22200411,1610612756,PHX,Phoenix,101108,Chris Paul,Chris,G,,37:38,5.0,17.0,0.294,2.0,10.0,0.2,4.0,4.0,1.0,1.0,5.0,6.0,7.0,2.0,1.0,4.0,2.0,16.0,-10.0
22200411,1610612756,PHX,Phoenix,1629006,Josh Okogie,Josh,,,20:02,4.0,8.0,0.5,1.0,3.0,0.333,1.0,1.0,1.0,2.0,4.0,6.0,3.0,1.0,2.0,1.0,5.0,10.0,0.0
22200411,1610612756,PHX,Phoenix,1626166,Cameron Payne,Cameron,,,8:23,3.0,4.0,0.75,3.0,4.0,0.75,0.0,0.0,0.0,0.0,0.0,0.0,1.0,1.0,0.0,1.0,1.0,9.0,-2.0
22200411,1610612756,PHX,Phoenix,202687,Bismack Biyombo,Bismack,,,21:58,3.0,3.0,1.0,0.0,0.0,0.0,1.0,2.0,0.5,3.0,3.0,6.0,2.0,0.0,3.0,1.0,3.0,7.0,-4.0
22200411,1610612756,PHX,Phoenix,1627814,Damion Lee,Damion,,,22:16,2.0,9.0,0.222,1.0,5.0,0.2,0.0,0.0,0.0,0.0,2.0,2.0,1.0,2.0,0.0,0.0,2.0,5.0,-7.0
22200411,1610612756,PHX,Phoenix,1630688,Ish Wainright,Ish,,,4:17,0.0,1.0,0.0,0.0,1.0,0.0,0.0,0.0,0.0,0.0,1.0,1.0,0.0,0.0,0.0,0.0,0.0,0.0,-5.0
22200411,1610612756,PHX,Phoenix,1629111,Jock Landale,Jock,,,11:32,3.0,5.0,0.6,0.0,1.0,0.0,1.0,1.0,1.0,1.0,0.0,1.0,0.0,0.0,1.0,0.0,1.0,7.0,7.0
22200411,1610612756,PHX,Phoenix,203967,Dario Šarić,Dario,,DNP - Coach's Decision,,,,,,,,,,,,,,,,,,,,
22200411,1610612745,HOU,Houston,201569,Eric Gordon,Eric,F,,22:37,3.0,10.0,0.3,2.0,6.0,0.333,2.0,2.0,1.0,0.0,3.0,3.0,1.0,0.0,2.0,3.0,3.0,10.0,6.0
22200411,1610612745,HOU,Houston,1631095,Jabari Smith Jr.,Jabari,F,,29:15,4.0,5.0,0.8,3.0,3.0,1.0,3.0,4.0,0.75,0.0,8.0,8.0,0.0,0.0,1.0,2.0,5.0,14.0,13.0
22200411,1610612745,HOU,Houston,1630578,Alperen Sengun,Alperen,C,,28:46,4.0,10.0,0.4,0.0,0.0,0.0,2.0,2.0,1.0,6.0,10.0,16.0,2.0,0.0,1.0,3.0,1.0,10.0,-3.0
22200411,1610612745,HOU,Houston,1630224,Jalen Green,Jalen,G,,37:08,7.0,17.0,0.412,1.0,7.0,0.143,11.0,12.0,0.917,1.0,6.0,7.0,4.0,0.0,0.0,2.0,0.0,26.0,18.0
22200411,1610612745,HOU,Houston,1629645,Kevin Porter Jr.,Kevin,G,,33:15,6.0,16.0,0.375,2.0,8.0,0.25,4.0,5.0,0.8,0.0,5.0,5.0,4.0,2.0,0.0,4.0,4.0,18.0,22.0
22200411,1610612745,HOU,Houston,1630586,Usman Garuba,Usman,,,10:09,0.0,0.0,0.0,0.0,0.0,0.0,0.0,0.0,0.0,2.0,3.0,5.0,1.0,2.0,1.0,0.0,1.0,0.0,0.0
22200411,1610612745,HOU,Houston,1630231,KJ Martin,KJ,,,19:31,3.0,5.0,0.6,1.0,1.0,1.0,0.0,0.0,0.0,1.0,3.0,4.0,0.0,0.0,0.0,1.0,2.0,7.0,-1.0
22200411,1610612745,HOU,Houston,1631106,Tari Eason,Tari,,,18:45,3.0,8.0,0.375,0.0,3.0,0.0,4.0,4.0,1.0,3.0,4.0,7.0,0.0,1.0,2.0,3.0,2.0,10.0,1.0
22200411,1610612745,HOU,Houston,1630227,Daishen Nix,Daishen,,,14:45,2.0,3.0,0.667,2.0,3.0,0.667,2.0,2.0,1.0,0.0,4.0,4.0,1.0,1.0,0.0,4.0,0.0,8.0,-8.0
22200411,1610612745,HOU,Houston,1629726,Garrison Mathews,Garrison,,,16:44,2.0,5.0,0.4,1.0,4.0,0.25,3.0,3.0,1.0,2.0,2.0,4.0,1.0,0.0,0.0,0.0,1.0,8.0,5.0
22200411,1610612745,HOU,Houston,1628981,Bruno Fernando,Bruno,,,9:05,0.0,2.0,0.0,0.0,0.0,0.0,0.0,0.0,0.0,2.0,2.0,4.0,2.0,0.0,2.0,0.0,2.0,0.0,17.0
22200411,1610612745,HOU,Houston,1630528,Josh Christopher,Josh,,DNP - Coach's Decision,,,,,,,,,,,,,,,,,,,,
22200411,1610612745,HOU,Houston,1631309,Trevor Hudgins,Trevor,,DNP - Coach's Decision,,,,,,,,,,,,,,,,,,,,
22200411,1610612745,HOU,Houston,1626246,Boban Marjanović,Boban,,DNP - Coach's Decision,,,,,,,,,,,,,,,,,,,,
22200411,1610612745,HOU,Houston,1631102,TyTy Washington Jr.,TyTy,,DNP - Coach's Decision,,,,,,,,,,,,,,,,,,,,
22200413,1610612738,BOS,Boston,1627759,Jaylen Brown,Jaylen,F,,42:44,10.0,21.0,0.476,3.0,7.0,0.429,2.0,4.0,0.5,2.0,13.0,15.0,5.0,3.0,0.0,4.0,4.0,25.0,10.0
22200413,1610612738,BOS,Boston,1628369,Jayson Tatum,Jayson,F,,43:55,15.0,29.0,0.517,5.0,10.0,0.5,9.0,10.0,0.9,1.0,8.0,9.0,6.0,0.0,1.0,4.0,1.0,44.0,12.0
22200413,1610612738,BOS,Boston,201933,Blake Griffin,Blake,C,,23:15,3.0,11.0,0.273,0.0,5.0,0.0,0.0,0.0,0.0,1.0,4.0,5.0,3.0,0.0,0.0,0.0,3.0,6.0,4.0
22200413,1610612738,BOS,Boston,1628401,Derrick White,Derrick,G,,26:18,4.0,7.0,0.571,2.0,4.0,0.5,0.0,0.0,0.0,0.0,1.0,1.0,0.0,0.0,0.0,0.0,1.0,10.0,2.0
22200413,1610612738,BOS,Boston,203935,Marcus Smart,Marcus,G,,42:18,7.0,17.0,0.412,4.0,11.0,0.364,0.0,0.0,0.0,1.0,4.0,5.0,6.0,2.0,0.0,3.0,4.0,18.0,3.0
22200413,1610612738,BOS,Boston,1627763,Malcolm Brogdon,Malcolm,,,21:07,2.0,6.0,0.333,1.0,2.0,0.5,0.0,0.0,0.0,0.0,2.0,2.0,6.0,0.0,0.0,2.0,2.0,5.0,-12.0
22200413,1610612738,BOS,Boston,1628436,Luke Kornet,Luke,,,24:03,1.0,3.0,0.333,0.0,0.0,0.0,0.0,2.0,0.0,6.0,1.0,7.0,1.0,0.0,1.0,0.0,2.0,2.0,7.0
22200413,1610612738,BOS,Boston,1629684,Grant Williams,Grant,,,30:39,3.0,6.0,0.5,3.0,5.0,0.6,0.0,0.0,0.0,2.0,3.0,5.0,0.0,1.0,0.0,0.0,4.0,9.0,-7.0
22200413,1610612738,BOS,Boston,1630573,Sam Hauser,Sam,,,10:41,1.0,4.0,0.25,1.0,4.0,0.25,0.0,0.0,0.0,0.0,2.0,2.0,0.0,0.0,0.0,1.0,1.0,3.0,1.0
22200413,1610612738,BOS,Boston,1628382,Justin Jackson,Justin,,DNP - Coach's Decision,,,,,,,,,,,,,,,,,,,,
22200413,1610612738,BOS,Boston,1629662,Mfiondu Kabengele,Mfiondu,,DNP - Coach's Decision,,,,,,,,,,,,,,,,,,,,
22200413,1610612738,BOS,Boston,1630202,Payton Pritchard,Payton,,DNP - Coach's Decision,,,,,,,,,,,,,,,,,,,,
22200413,1610612738,BOS,Boston,203943,Noah Vonleh,Noah,,DNP - Coach's Decision,,,,,,,,,,,,,,,,,,,,
22200413,1610612747,LAL,Los Angeles,1629022,Lonnie Walker IV,Lonnie,F,,23:28,3.0,6.0,0.5,1.0,1.0,1.0,0.0,1.0,0.0,1.0,2.0,3.0,0.0,0.0,0.0,1.0,0.0,7.0,-18.0
22200413,1610612747,LAL,Los Angeles,2544,LeBron James,LeBron,F,,42:47,14.0,25.0,0.56,3.0,11.0,0.273,2.0,4.0,0.5,0.0,9.0,9.0,9.0,2.0,1.0,4.0,4.0,33.0,10.0
22200413,1610612747,LAL,Los Angeles,203076,Anthony Davis,Anthony,C,,46:01,13.0,24.0,0.542,0.0,2.0,0.0,11.0,15.0,0.733,4.0,8.0,12.0,3.0,1.0,1.0,1.0,1.0,37.0,-8.0
22200413,1610612747,LAL,Los Angeles,201976,Patrick Beverley,Patrick,G,,18:45,2.0,5.0,0.4,2.0,3.0,0.667,0.0,0.0,0.0,0.0,2.0,2.0,0.0,0.0,1.0,2.0,1.0,6.0,-10.0
22200413,1610612747,LAL,Los Angeles,203471,Dennis Schröder,Dennis,G,,19:21,0.0,2.0,0.0,0.0,1.0,0.0,2.0,2.0,1.0,0.0,1.0,1.0,1.0,0.0,0.0,0.0,2.0,2.0,-15.0
22200413,1610612747,LAL,Los Angeles,201566,Russell Westbrook,Russell,,,34:51,7.0,19.0,0.368,1.0,6.0,0.167,5.0,6.0,0.833,1.0,13.0,14.0,5.0,1.0,4.0,2.0,4.0,20.0,-1.0
22200413,1610612747,LAL,Los Angeles,1630559,Austin Reaves,Austin,,,35:35,2.0,6.0,0.333,0.0,2.0,0.0,0.0,0.0,0.0,1.0,3.0,4.0,5.0,2.0,2.0,0.0,3.0,4.0,8.0
22200413,1610612747,LAL,Los Angeles,1628972,Troy Brown Jr.,Troy,,,30:48,1.0,3.0,0.333,0.0,2.0,0.0,0.0,0.0,0.0,0.0,3.0,3.0,0.0,1.0,0.0,1.0,2.0,2.0,12.0
22200413,1610612747,LAL,Los Angeles,1629134,Kendrick Nunn,Kendrick,,,6:25,1.0,2.0,0.5,1.0,1.0,1.0,0.0,0.0,0.0,0.0,0.0,0.0,0.0,0.0,0.0,0.0,0.0,3.0,-2.0
22200413,1610612747,LAL,Los Angeles,1628418,Thomas Bryant,Thomas,,,6:59,1.0,1.0,1.0,0.0,0.0,0.0,2.0,2.0,1.0,0.0,1.0,1.0,0.0,0.0,0.0,0.0,0.0,4.0,4.0
22200413,1610612747,LAL,Los Angeles,1631108,Max Christie,Max,,DNP - Coach's Decision,,,,,,,,,,,,,,,,,,,,
22200413,1610612747,LAL,Los Angeles,1627745,Damian Jones,Damian,,DNP - Coach's Decision,,,,,,,,,,,,,,,,,,,,
22200410,1610612744,GSW,Golden State,202691,Klay Thompson,Klay,F,,27:08,6.0,16.0,0.375,2.0,7.0,0.286,0.0,0.0,0.0,1.0,0.0,1.0,2.0,0.0,0.0,1.0,1.0,14.0,-21.0
22200410,1610612744,GSW,Golden State,203110,Draymond Green,Draymond,F,,23:06,1.0,3.0,0.333,0.0,0.0,0.0,0.0,0.0,0.0,0.0,6.0,6.0,7.0,0.0,0.0,3.0,2.0,2.0,-9.0
22200410,1610612744,GSW,Golden State,1626172,Kevon Looney,Kevon,C,,18:45,2.0,4.0,0.5,0.0,0.0,0.0,1.0,2.0,0.5,4.0,4.0,8.0,1.0,1.0,0.0,0.0,3.0,5.0,-15.0
22200410,1610612744,GSW,Golden State,1629673,Jordan Poole,Jordan,G,,31:53,6.0,17.0,0.353,3.0,7.0,0.429,3.0,3.0,1.0,0.0,2.0,2.0,3.0,0.0,0.0,4.0,2.0,18.0,-13.0
22200410,1610612744,GSW,Golden State,201939,Stephen Curry,Stephen,G,,27:19,6.0,17.0,0.353,3.0,10.0,0.3,5.0,5.0,1.0,2.0,4.0,6.0,1.0,1.0,1.0,2.0,0.0,20.0,-20.0
22200410,1610612744,GSW,Golden State,1630228,Jonathan Kuminga,Jonathan,,,27:24,6.0,10.0,0.6,3.0,5.0,0.6,4.0,6.0,0.667,1.0,0.0,1.0,3.0,1.0,0.0,1.0,5.0,19.0,-3.0
22200410,1610612744,GSW,Golden State,203210,JaMychal Green,JaMychal,,,13:02,1.0,4.0,0.25,1.0,4.0,0.25,0.0,0.0,0.0,0.0,2.0,2.0,0.0,0.0,0.0,3.0,6.0,3.0,-9.0
22200410,1610612744,GSW,Golden State,1628978,Donte DiVincenzo,Donte,,,26:58,5.0,15.0,0.333,4.0,10.0,0.4,2.0,3.0,0.667,2.0,5.0,7.0,2.0,2.0,0.0,3.0,0.0,16.0,-4.0
22200410,1610612744,GSW,Golden State,1630541,Moses Moody,Moses,,,10:24,0.0,1.0,0.0,0.0,0.0,0.0,0.0,0.0,0.0,1.0,0.0,1.0,3.0,0.0,0.0,0.0,2.0,0.0,2.0
22200410,1610612744,GSW,Golden State,1630237,Anthony Lamb,Anthony,,,25:47,3.0,5.0,0.6,2.0,4.0,0.5,0.0,0.0,0.0,1.0,2.0,3.0,3.0,2.0,1.0,1.0,1.0,8.0,3.0
22200410,1610612744,GSW,Golden State,1631116,Patrick Baldwin Jr.,Patrick,,,8:14,2.0,3.0,0.667,2.0,3.0,0.667,0.0,0.0,0.0,0.0,0.0,0.0,0.0,0.0,0.0,0.0,0.0,6.0,4.0
22200410,1610612749,MIL,Milwaukee,203114,Khris Middleton,Khris,F,,28:51,6.0,13.0,0.462,3.0,7.0,0.429,5.0,5.0,1.0,0.0,4.0,4.0,3.0,0.0,0.0,3.0,2.0,20.0,14.0
22200410,1610612749,MIL,Milwaukee,203507,Giannis Antetokounmpo,Giannis,F,,29:52,9.0,26.0,0.346,1.0,6.0,0.167,11.0,17.0,0.647,3.0,9.0,12.0,5.0,1.0,1.0,4.0,4.0,30.0,17.0
22200410,1610612749,MIL,Milwaukee,201572,Brook Lopez,Brook,C,,28:20,3.0,5.0,0.6,1.0,2.0,0.5,0.0,0.0,0.0,0.0,7.0,7.0,2.0,0.0,2.0,1.0,4.0,7.0,19.0
22200410,1610612749,MIL,Milwaukee,1628960,Grayson Allen,Grayson,G,,27:00,6.0,6.0,1.0,2.0,2.0,1.0,2.0,2.0,1.0,1.0,3.0,4.0,2.0,0.0,0.0,1.0,1.0,16.0,16.0
22200410,1610612749,MIL,Milwaukee,1628975,Jevon Carter,Jevon,G,,28:15,2.0,3.0,0.667,0.0,1.0,0.0,0.0,0.0,0.0,1.0,3.0,4.0,3.0,3.0,0.0,1.0,1.0,4.0,16.0
22200410,1610612749,MIL,Milwaukee,1626171,Bobby Portis,Bobby,,,32:02,11.0,15.0,0.733,1.0,4.0,0.25,2.0,2.0,1.0,4.0,7.0,11.0,0.0,0.0,1.0,1.0,1.0,25.0,2.0
22200410,1610612749,MIL,Milwaukee,1626192,Pat Connaughton,Pat,,,19:14,2.0,4.0,0.5,1.0,3.0,0.333,4.0,4.0,1.0,0.0,3.0,3.0,1.0,2.0,1.0,4.0,2.0,9.0,5.0
22200410,1610612749,MIL,Milwaukee,201588,George Hill,George,,,19:02,1.0,1.0,1.0,1.0,1.0,1.0,2.0,2.0,1.0,1.0,4.0,5.0,3.0,1.0,0.0,3.0,1.0,5.0,3.0
22200410,1610612749,MIL,Milwaukee,202083,Wesley Matthews,Wesley,,,13:47,2.0,2.0,1.0,1.0,1.0,1.0,0.0,0.0,0.0,0.0,1.0,1.0,1.0,1.0,0.0,1.0,0.0,5.0,3.0
22200410,1610612749,MIL,Milwaukee,1630699,MarJon Beauchamp,MarJon,,,4:58,1.0,4.0,0.25,1.0,1.0,1.0,0.0,0.0,0.0,2.0,1.0,3.0,0.0,0.0,0.0,1.0,1.0,3.0,-4.0
22200410,1610612749,MIL,Milwaukee,1629670,Jordan Nwora,Jordan,,,2:53,0.0,0.0,0.0,0.0,0.0,0.0,0.0,0.0,0.0,0.0,1.0,1.0,0.0,0.0,0.0,0.0,0.0,0.0,-2.0
22200410,1610612749,MIL,Milwaukee,203648,Thanasis Antetokounmpo,Thanasis,,,2:53,1.0,1.0,1.0,0.0,0.0,0.0,0.0,0.0,0.0,0.0,0.0,0.0,1.0,0.0,0.0,1.0,0.0,2.0,-2.0
22200410,1610612749,MIL,Milwaukee,1631260,AJ Green,AJ,,,2:53,1.0,2.0,0.5,0.0,1.0,0.0,0.0,0.0,0.0,0.0,0.0,0.0,1.0,0.0,0.0,0.0,1.0,2.0,-2.0
22200410,1610612749,MIL,Milwaukee,201586,Serge Ibaka,Serge,,DNP - Coach's Decision,,,,,,,,,,,,,,,,,,,,
22200412,1610612740,NOP,New Orleans,1630530,Trey Murphy III,Trey,F,,24:51,0.0,7.0,0.0,0.0,4.0,0.0,0.0,1.0,0.0,0.0,0.0,0.0,2.0,1.0,1.0,1.0,1.0,0.0,-14.0
22200412,1610612740,NOP,New Orleans,1629627,Zion Williamson,Zion,F,,25:41,10.0,16.0,0.625,0.0,2.0,0.0,6.0,10.0,0.6,3.0,6.0,9.0,5.0,2.0,0.0,4.0,3.0,26.0,-15.0
22200412,1610612740,NOP,New Orleans,202685,Jonas Valančiūnas,Jonas,C,,19:15,6.0,13.0,0.462,0.0,2.0,0.0,3.0,4.0,0.75,5.0,1.0,6.0,1.0,2.0,0.0,3.0,5.0,15.0,5.0
22200412,1610612740,NOP,New Orleans,1630529,Herbert Jones,Herbert,G,,20:28,2.0,5.0,0.4,0.0,2.0,0.0,2.0,2.0,1.0,0.0,0.0,0.0,2.0,0.0,0.0,0.0,1.0,6.0,-12.0
22200412,1610612740,NOP,New Orleans,203468,CJ McCollum,CJ,G,,30:17,6.0,17.0,0.353,1.0,2.0,0.5,1.0,3.0,0.333,2.0,4.0,6.0,0.0,2.0,0.0,3.0,1.0,14.0,-22.0
22200412,1610612740,NOP,New Orleans,1630700,Dyson Daniels,Dyson,,,26:09,2.0,4.0,0.5,1.0,2.0,0.5,2.0,2.0,1.0,1.0,4.0,5.0,3.0,0.0,0.0,0.0,2.0,7.0,-11.0
22200412,1610612740,NOP,New Orleans,1630230,Naji Marshall,Naji,,,22:31,2.0,5.0,0.4,0.0,1.0,0.0,2.0,2.0,1.0,0.0,3.0,3.0,2.0,0.0,1.0,0.0,0.0,6.0,-14.0
22200412,1610612740,NOP,New Orleans,1626204,Larry Nance Jr.,Larry,,,23:17,2.0,7.0,0.286,0.0,3.0,0.0,0.0,0.0,0.0,3.0,4.0,7.0,3.0,0.0,1.0,1.0,2.0,4.0,-21.0
22200412,1610612740,NOP,New Orleans,1628984,Devonte' Graham,Devonte',,,5:48,1.0,2.0,0.5,0.0,1.0,0.0,0.0,0.0,0.0,0.0,0.0,0.0,1.0,1.0,0.0,0.0,0.0,2.0,-1.0
22200412,1610612740,NOP,New Orleans,1630631,Jose Alvarado,Jose,,,17:11,1.0,6.0,0.167,0.0,3.0,0.0,2.0,5.0,0.4,0.0,2.0,2.0,3.0,3.0,0.0,3.0,1.0,4.0,-8.0
22200412,1610612740,NOP,New Orleans,1626195,Willy Hernangomez,Willy,,,6:08,3.0,5.0,0.6,1.0,2.0,0.5,2.0,2.0,1.0,0.0,1.0,1.0,2.0,1.0,0.0,1.0,0.0,9.0,2.0
22200412,1610612740,NOP,New Orleans,1629637,Jaxson Hayes,Jaxson,,,6:08,0.0,1.0,0.0,0.0,1.0,0.0,0.0,0.0,0.0,0.0,1.0,1.0,0.0,0.0,0.0,1.0,0.0,0.0,2.0
22200412,1610612740,NOP,New Orleans,202066,Garrett Temple,Garrett,,,6:08,1.0,1.0,1.0,1.0,1.0,1.0,0.0,0.0,0.0,1.0,1.0,2.0,1.0,0.0,0.0,0.0,0.0,3.0,2.0
22200412,1610612740,NOP,New Orleans,1630184,Kira Lewis Jr.,Kira,,,6:08,1.0,4.0,0.25,0.0,1.0,0.0,2.0,2.0,1.0,0.0,1.0,1.0,0.0,0.0,0.0,0.0,1.0,4.0,2.0
22200412,1610612762,UTA,Utah,1628374,Lauri Markkanen,Lauri,F,,30:52,8.0,16.0,0.5,2.0,7.0,0.286,1.0,2.0,0.5,2.0,9.0,11.0,1.0,1.0,1.0,2.0,3.0,19.0,23.0
22200412,1610612762,UTA,Utah,203482,Kelly Olynyk,Kelly,F,,16:06,3.0,5.0,0.6,0.0,2.0,0.0,0.0,0.0,0.0,1.0,4.0,5.0,3.0,0.0,0.0,3.0,4.0,6.0,3.0
22200412,1610612762,UTA,Utah,1629020,Jarred Vanderbilt,Jarred,C,,22:38,8.0,9.0,0.889,0.0,0.0,0.0,2.0,3.0,0.667,8.0,6.0,14.0,6.0,1.0,1.0,1.0,5.0,18.0,12.0
22200412,1610612762,UTA,Utah,203903,Jordan Clarkson,Jordan,G,,28:30,4.0,13.0,0.308,1.0,7.0,0.143,2.0,2.0,1.0,0.0,1.0,1.0,3.0,0.0,1.0,4.0,2.0,11.0,14.0
22200412,1610612762,UTA,Utah,201144,Mike Conley,Mike,G,,28:52,2.0,8.0,0.25,2.0,7.0,0.286,1.0,1.0,1.0,0.0,0.0,0.0,6.0,1.0,0.0,3.0,3.0,7.0,12.0
22200412,1610612762,UTA,Utah,1627736,Malik Beasley,Malik,,,30:53,8.0,19.0,0.421,5.0,12.0,0.417,0.0,0.0,0.0,0.0,2.0,2.0,4.0,0.0,0.0,0.0,1.0,21.0,15.0
22200412,1610612762,UTA,Utah,1631117,Walker Kessler,Walker,,,23:18,5.0,10.0,0.5,0.0,0.0,0.0,1.0,2.0,0.5,6.0,10.0,16.0,0.0,0.0,3.0,0.0,2.0,11.0,9.0
22200412,1610612762,UTA,Utah,200752,Rudy Gay,Rudy,,,19:05,2.0,6.0,0.333,0.0,2.0,0.0,0.0,0.0,0.0,1.0,4.0,5.0,1.0,0.0,1.0,1.0,0.0,4.0,15.0
22200412,1610612762,UTA,Utah,1629638,Nickeil Alexander-Walker,Nickeil,,,25:00,7.0,10.0,0.7,4.0,6.0,0.667,1.0,2.0,0.5,0.0,3.0,3.0,6.0,0.0,2.0,4.0,0.0,19.0,12.0
22200412,1610612762,UTA,Utah,1629659,Talen Horton-Tucker,Talen,,,5:02,2.0,5.0,0.4,1.0,3.0,0.333,0.0,0.0,0.0,0.0,1.0,1.0,1.0,1.0,0.0,1.0,1.0,5.0,-2.0
22200412,1610612762,UTA,Utah,1630534,Ochai Agbaji,Ochai,,,3:50,0.0,1.0,0.0,0.0,1.0,0.0,0.0,0.0,0.0,0.0,0.0,0.0,0.0,0.0,0.0,0.0,1.0,0.0,-4.0
22200412,1610612762,UTA,Utah,1628962,Udoka Azubuike,Udoka,,,3:50,0.0,0.0,0.0,0.0,0.0,0.0,0.0,0.0,0.0,1.0,0.0,1.0,0.0,0.0,1.0,0.0,1.0,0.0,-4.0
22200412,1610612762,UTA,Utah,1630195,Leandro Bolmaro,Leandro,,,2:04,0.0,1.0,0.0,0.0,0.0,0.0,0.0,0.0,0.0,0.0,0.0,0.0,0.0,0.0,0.0,0.0,0.0,0.0,0.0
22200404,1610612737,ATL,Atlanta,1629631,De'Andre Hunter,De'Andre,F,,20:30,7.0,16.0,0.438,2.0,5.0,0.4,3.0,3.0,1.0,1.0,0.0,1.0,0.0,1.0,0.0,3.0,0.0,19.0,-20.0
22200404,1610612737,ATL,Atlanta,1630552,Jalen Johnson,Jalen,F,,28:48,4.0,9.0,0.444,2.0,5.0,0.4,4.0,5.0,0.8,3.0,6.0,9.0,3.0,1.0,0.0,4.0,1.0,14.0,-24.0
22200404,1610612737,ATL,Atlanta,1630168,Onyeka Okongwu,Onyeka,C,,28:28,2.0,8.0,0.25,0.0,0.0,0.0,2.0,4.0,0.5,7.0,3.0,10.0,1.0,2.0,1.0,2.0,4.0,6.0,-19.0
22200404,1610612737,ATL,Atlanta,1631100,AJ Griffin,AJ,G,,24:40,5.0,12.0,0.417,2.0,5.0,0.4,1.0,2.0,0.5,2.0,1.0,3.0,1.0,1.0,0.0,2.0,1.0,13.0,-19.0
22200404,1610612737,ATL,Atlanta,1630235,Trent Forrest,Trent,G,,29:26,2.0,9.0,0.222,0.0,0.0,0.0,0.0,0.0,0.0,1.0,2.0,3.0,4.0,2.0,0.0,3.0,2.0,4.0,-27.0
22200404,1610612737,ATL,Atlanta,1628988,Aaron Holiday,Aaron,,,29:09,5.0,13.0,0.385,1.0,4.0,0.25,4.0,4.0,1.0,2.0,1.0,3.0,6.0,4.0,0.0,0.0,4.0,15.0,0.0
22200404,1610612737,ATL,Atlanta,1626163,Frank Kaminsky,Frank,,,19:32,4.0,9.0,0.444,3.0,7.0,0.429,2.0,2.0,1.0,1.0,2.0,3.0,2.0,1.0,0.0,1.0,1.0,13.0,-6.0
22200404,1610612737,ATL,Atlanta,203200,Justin Holiday,Justin,,,18:55,2.0,7.0,0.286,2.0,6.0,0.333,0.0,0.0,0.0,0.0,0.0,0.0,1.0,0.0,0.0,0.0,1.0,6.0,2.0
22200404,1610612737,ATL,Atlanta,1629633,Jarrett Culver,Jarrett,,,12:37,3.0,9.0,0.333,0.0,2.0,0.0,1.0,2.0,0.5,2.0,2.0,4.0,1.0,0.0,0.0,0.0,1.0,7.0,-13.0
22200404,1610612737,ATL,Atlanta,1630249,Vít Krejčí,Vít,,,15:55,2.0,5.0,0.4,0.0,1.0,0.0,0.0,0.0,0.0,1.0,2.0,3.0,1.0,1.0,0.0,0.0,2.0,4.0,0.0
22200404,1610612737,ATL,Atlanta,1631213,Tyrese Martin,Tyrese,,,12:00,1.0,7.0,0.143,0.0,2.0,0.0,0.0,0.0,0.0,0.0,0.0,0.0,0.0,0.0,0.0,0.0,0.0,2.0,1.0
22200404,1610612737,ATL,Atlanta,203991,Clint Capela,Clint,,DND - Injury/Illness,,,,,,,,,,,,,,,,,,,,
22200404,1610612763,MEM,Memphis,1628415,Dillon Brooks,Dillon,F,,29:24,6.0,11.0,0.545,5.0,7.0,0.714,1.0,1.0,1.0,0.0,5.0,5.0,4.0,0.0,0.0,6.0,3.0,18.0,35.0
22200404,1610612763,MEM,Memphis,1628991,Jaren Jackson Jr.,Jaren,F,,23:36,6.0,11.0,0.545,1.0,4.0,0.25,2.0,2.0,1.0,0.0,7.0,7.0,2.0,0.0,8.0,2.0,2.0,15.0,25.0
22200404,1610612763,MEM,Memphis,1629634,Brandon Clarke,Brandon,C,,23:16,5.0,5.0,1.0,0.0,0.0,0.0,1.0,2.0,0.5,1.0,5.0,6.0,2.0,1.0,1.0,2.0,4.0,11.0,25.0
22200404,1610612763,MEM,Memphis,1629723,John Konchar,John,G,,23:53,4.0,5.0,0.8,1.0,1.0,1.0,0.0,0.0,0.0,1.0,6.0,7.0,5.0,1.0,0.0,0.0,2.0,9.0,22.0
22200404,1610612763,MEM,Memphis,1626145,Tyus Jones,Tyus,G,,25:10,8.0,14.0,0.571,4.0,7.0,0.571,2.0,3.0,0.667,0.0,1.0,1.0,11.0,3.0,0.0,3.0,0.0,22.0,21.0
22200404,1610612763,MEM,Memphis,1630583,Santi Aldama,Santi,,,20:37,4.0,8.0,0.5,2.0,5.0,0.4,6.0,7.0,0.857,0.0,5.0,5.0,2.0,0.0,0.0,1.0,1.0,16.0,5.0
22200404,1610612763,MEM,Memphis,1630214,Xavier Tillman,Xavier,,,20:17,5.0,6.0,0.833,0.0,0.0,0.0,0.0,0.0,0.0,2.0,2.0,4.0,0.0,1.0,1.0,0.0,2.0,10.0,5.0
22200404,1610612763,MEM,Memphis,1631223,David Roddy,David,,,21:48,5.0,9.0,0.556,0.0,3.0,0.0,1.0,1.0,1.0,0.0,3.0,3.0,0.0,0.0,0.0,1.0,2.0,11.0,-4.0
22200404,1610612763,MEM,Memphis,1631113,Kennedy Chandler,Kennedy,,,22:50,4.0,5.0,0.8,0.0,1.0,0.0,0.0,0.0,0.0,0.0,6.0,6.0,7.0,1.0,1.0,4.0,0.0,8.0,4.0
22200404,1610612763,MEM,Memphis,1630533,Ziaire Williams,Ziaire,,,20:55,1.0,7.0,0.143,0.0,4.0,0.0,2.0,2.0,1.0,0.0,3.0,3.0,2.0,1.0,1.0,3.0,1.0,4.0,-3.0
22200404,1610612763,MEM,Memphis,1631222,Jake LaRavia,Jake,,,4:07,0.0,0.0,0.0,0.0,0.0,0.0,0.0,0.0,0.0,1.0,0.0,1.0,0.0,0.0,0.0,0.0,0.0,0.0,-5.0
22200404,1610612763,MEM,Memphis,1631254,Kenneth Lofton Jr.,Kenneth,,,4:07,2.0,2.0,1.0,0.0,0.0,0.0,0.0,0.0,0.0,0.0,1.0,1.0,1.0,0.0,0.0,0.0,0.0,4.0,-5.0
22200402,1610612748,MIA,Miami,1628997,Caleb Martin,Caleb,F,,39:44,3.0,8.0,0.375,1.0,3.0,0.333,2.0,2.0,1.0,2.0,4.0,6.0,1.0,1.0,0.0,1.0,2.0,9.0,-5.0
22200402,1610612748,MIA,Miami,202710,Jimmy Butler III,Jimmy,F,,33:44,8.0,16.0,0.5,0.0,1.0,0.0,4.0,7.0,0.571,0.0,7.0,7.0,5.0,2.0,0.0,1.0,3.0,20.0,-1.0
22200402,1610612748,MIA,Miami,1628389,Bam Adebayo,Bam,C,,35:18,8.0,18.0,0.444,0.0,0.0,0.0,6.0,7.0,0.857,2.0,15.0,17.0,3.0,2.0,1.0,4.0,2.0,22.0,1.0
22200402,1610612748,MIA,Miami,1629639,Tyler Herro,Tyler,G,,34:11,3.0,11.0,0.273,2.0,7.0,0.286,0.0,0.0,0.0,0.0,3.0,3.0,6.0,1.0,1.0,2.0,4.0,8.0,16.0
22200402,1610612748,MIA,Miami,200768,Kyle Lowry,Kyle,G,,34:01,3.0,10.0,0.3,2.0,8.0,0.25,0.0,0.0,0.0,1.0,1.0,2.0,2.0,0.0,0.0,2.0,1.0,8.0,2.0
22200402,1610612748,MIA,Miami,1629622,Max Strus,Max,,,31:30,3.0,12.0,0.25,3.0,12.0,0.25,0.0,0.0,0.0,0.0,3.0,3.0,1.0,0.0,0.0,1.0,2.0,9.0,-1.0
22200402,1610612748,MIA,Miami,203506,Victor Oladipo,Victor,,,18:50,2.0,5.0,0.4,1.0,3.0,0.333,0.0,0.0,0.0,1.0,3.0,4.0,4.0,1.0,0.0,2.0,0.0,5.0,9.0
22200402,1610612748,MIA,Miami,203473,Dewayne Dedmon,Dewayne,,,12:42,2.0,3.0,0.667,0.0,0.0,0.0,2.0,2.0,1.0,3.0,3.0,6.0,1.0,0.0,0.0,0.0,3.0,6.0,4.0
22200402,1610612748,MIA,Miami,2617,Udonis Haslem,Udonis,,DNP - Coach's Decision,,,,,,,,,,,,,,,,,,,,
22200402,1610612748,MIA,Miami,1629312,Haywood Highsmith,Haywood,,DNP - Coach's Decision,,,,,,,,,,,,,,,,,,,,
22200402,1610612748,MIA,Miami,1629130,Duncan Robinson,Duncan,,DNP - Coach's Decision,,,,,,,,,,,,,,,,,,,,
22200402,1610612748,MIA,Miami,1631115,Orlando Robinson,Orlando,,DNP - Coach's Decision,,,,,,,,,,,,,,,,,,,,
22200402,1610612754,IND,Indiana,1627741,Buddy Hield,Buddy,F,,35:38,8.0,16.0,0.5,3.0,7.0,0.429,0.0,0.0,0.0,1.0,8.0,9.0,2.0,0.0,0.0,4.0,1.0,19.0,1.0
22200402,1610612754,IND,Indiana,1630174,Aaron Nesmith,Aaron,F,,29:38,5.0,12.0,0.417,2.0,5.0,0.4,0.0,0.0,0.0,2.0,4.0,6.0,0.0,2.0,3.0,2.0,4.0,12.0,-8.0
22200402,1610612754,IND,Indiana,1626167,Myles Turner,Myles,C,,34:35,4.0,9.0,0.444,2.0,3.0,0.667,5.0,6.0,0.833,2.0,11.0,13.0,2.0,1.0,4.0,1.0,5.0,15.0,1.0
22200402,1610612754,IND,Indiana,1629614,Andrew Nembhard,Andrew,G,,34:04,6.0,12.0,0.5,3.0,7.0,0.429,3.0,4.0,0.75,0.0,5.0,5.0,2.0,1.0,1.0,3.0,3.0,18.0,1.0
22200402,1610612754,IND,Indiana,1630169,Tyrese Haliburton,Tyrese,G,,32:31,0.0,9.0,0.0,0.0,6.0,0.0,1.0,1.0,1.0,0.0,3.0,3.0,6.0,0.0,2.0,2.0,1.0,1.0,7.0
22200402,1610612754,IND,Indiana,1631097,Bennedict Mathurin,Bennedict,,,28:02,2.0,7.0,0.286,1.0,6.0,0.167,4.0,4.0,1.0,0.0,1.0,1.0,0.0,0.0,0.0,1.0,1.0,9.0,3.0
22200402,1610612754,IND,Indiana,1630188,Jalen Smith,Jalen,,,13:25,0.0,4.0,0.0,0.0,2.0,0.0,2.0,4.0,0.5,1.0,1.0,2.0,1.0,3.0,1.0,1.0,0.0,2.0,-6.0
22200402,1610612754,IND,Indiana,204456,T.J. McConnell,T.J.,,,17:05,3.0,5.0,0.6,0.0,1.0,0.0,0.0,1.0,0.0,1.0,2.0,3.0,3.0,0.0,0.0,0.0,1.0,6.0,-14.0
22200402,1610612754,IND,Indiana,1629052,Oshae Brissett,Oshae,,,15:03,0.0,5.0,0.0,0.0,2.0,0.0,0.0,0.0,0.0,1.0,2.0,3.0,0.0,0.0,0.0,1.0,2.0,0.0,-10.0
22200402,1610612754,IND,Indiana,1629048,Goga Bitadze,Goga,,DNP - Coach's Decision,,,,,,,,,,,,,,,,,,,,
22200402,1610612754,IND,Indiana,1630543,Isaiah Jackson,Isaiah,,DNP - Coach's Decision,,,,,,,,,,,,,,,,,,,,
22200402,1610612754,IND,Indiana,201949,James Johnson,James,,DNP - Coach's Decision,,,,,,,,,,,,,,,,,,,,
22200402,1610612754,IND,Indiana,1630678,Terry Taylor,Terry,,DNP - Coach's Decision,,,,,,,,,,,,,,,,,,,,
22200408,1610612738,BOS,Boston,1627759,Jaylen Brown,Jaylen,F,,29:41,9.0,15.0,0.6,1.0,6.0,0.167,2.0,6.0,0.333,0.0,4.0,4.0,2.0,2.0,0.0,2.0,4.0,21.0,-26.0
22200408,1610612738,BOS,Boston,1628369,Jayson Tatum,Jayson,F,,36:34,7.0,20.0,0.35,2.0,8.0,0.25,4.0,4.0,1.0,2.0,9.0,11.0,4.0,1.0,0.0,3.0,3.0,20.0,-18.0
22200408,1610612738,BOS,Boston,201933,Blake Griffin,Blake,C,,20:41,1.0,3.0,0.333,0.0,2.0,0.0,3.0,5.0,0.6,1.0,5.0,6.0,5.0,0.0,0.0,0.0,1.0,5.0,-20.0
22200408,1610612738,BOS,Boston,1628401,Derrick White,Derrick,G,,15:24,1.0,3.0,0.333,1.0,3.0,0.333,0.0,0.0,0.0,0.0,0.0,0.0,1.0,0.0,0.0,0.0,0.0,3.0,-16.0
22200408,1610612738,BOS,Boston,203935,Marcus Smart,Marcus,G,,31:39,1.0,6.0,0.167,1.0,4.0,0.25,0.0,0.0,0.0,0.0,1.0,1.0,3.0,0.0,1.0,3.0,5.0,3.0,-25.0
22200408,1610612738,BOS,Boston,1627763,Malcolm Brogdon,Malcolm,,,31:28,6.0,12.0,0.5,2.0,6.0,0.333,4.0,4.0,1.0,1.0,3.0,4.0,6.0,0.0,1.0,4.0,1.0,18.0,-3.0
22200408,1610612738,BOS,Boston,1628436,Luke Kornet,Luke,,,14:58,2.0,2.0,1.0,0.0,0.0,0.0,0.0,0.0,0.0,0.0,2.0,2.0,1.0,0.0,2.0,0.0,1.0,4.0,7.0
22200408,1610612738,BOS,Boston,1630573,Sam Hauser,Sam,,,13:10,2.0,7.0,0.286,1.0,6.0,0.167,0.0,0.0,0.0,0.0,1.0,1.0,1.0,0.0,0.0,0.0,0.0,5.0,3.0
22200408,1610612738,BOS,Boston,1629684,Grant Williams,Grant,,,29:28,4.0,7.0,0.571,1.0,3.0,0.333,5.0,7.0,0.714,1.0,3.0,4.0,2.0,2.0,0.0,1.0,1.0,14.0,-4.0
22200408,1610612738,BOS,Boston,1630202,Payton Pritchard,Payton,,,7:14,0.0,1.0,0.0,0.0,1.0,0.0,0.0,0.0,0.0,0.0,0.0,0.0,2.0,0.0,0.0,1.0,0.0,0.0,-2.0
22200408,1610612738,BOS,Boston,203943,Noah Vonleh,Noah,,,6:27,0.0,0.0,0.0,0.0,0.0,0.0,0.0,0.0,0.0,0.0,2.0,2.0,0.0,0.0,1.0,0.0,1.0,0.0,3.0
22200408,1610612738,BOS,Boston,1628382,Justin Jackson,Justin,,,3:16,0.0,0.0,0.0,0.0,0.0,0.0,0.0,0.0,0.0,0.0,1.0,1.0,0.0,0.0,1.0,1.0,0.0,0.0,1.0
22200408,1610612738,BOS,Boston,1629662,Mfiondu Kabengele,Mfiondu,,DNP - Coach's Decision,,,,,,,,,,,,,,,,,,,,
22200408,1610612746,LAC,LA,202695,Kawhi Leonard,Kawhi,F,,29:12,10.0,12.0,0.833,2.0,3.0,0.667,3.0,6.0,0.5,0.0,9.0,9.0,6.0,1.0,0.0,2.0,2.0,25.0,23.0
22200408,1610612746,LAC,LA,202694,Marcus Morris Sr.,Marcus,F,,26:32,6.0,8.0,0.75,1.0,2.0,0.5,0.0,0.0,0.0,0.0,2.0,2.0,0.0,0.0,0.0,0.0,1.0,13.0,18.0
22200408,1610612746,LAC,LA,1627826,Ivica Zubac,Ivica,C,,17:06,1.0,1.0,1.0,0.0,0.0,0.0,2.0,4.0,0.5,1.0,2.0,3.0,1.0,0.0,1.0,1.0,5.0,4.0,14.0
22200408,1610612746,LAC,LA,202331,Paul George,Paul,G,,35:27,8.0,22.0,0.364,2.0,5.0,0.4,8.0,9.0,0.889,0.0,6.0,6.0,3.0,1.0,0.0,2.0,4.0,26.0,18.0
22200408,1610612746,LAC,LA,202704,Reggie Jackson,Reggie,G,,26:47,3.0,8.0,0.375,1.0,4.0,0.25,0.0,0.0,0.0,0.0,2.0,2.0,2.0,2.0,0.0,2.0,2.0,7.0,24.0
22200408,1610612746,LAC,LA,1628379,Luke Kennard,Luke,,,25:44,5.0,9.0,0.556,2.0,5.0,0.4,0.0,0.0,0.0,0.0,0.0,0.0,1.0,2.0,0.0,1.0,4.0,12.0,2.0
22200408,1610612746,LAC,LA,202322,John Wall,John,,,18:33,3.0,10.0,0.3,0.0,2.0,0.0,0.0,0.0,0.0,0.0,4.0,4.0,4.0,1.0,0.0,0.0,1.0,6.0,-1.0
22200408,1610612746,LAC,LA,201587,Nicolas Batum,Nicolas,,,26:47,2.0,2.0,1.0,1.0,1.0,1.0,2.0,2.0,1.0,2.0,5.0,7.0,0.0,2.0,0.0,1.0,5.0,7.0,3.0
22200408,1610612746,LAC,LA,1629611,Terance Mann,Terance,,,20:06,4.0,9.0,0.444,1.0,2.0,0.5,0.0,0.0,0.0,5.0,2.0,7.0,0.0,0.0,1.0,0.0,2.0,9.0,3.0
22200408,1610612746,LAC,LA,1629599,Amir Coffey,Amir,,,3:37,0.0,2.0,0.0,0.0,1.0,0.0,0.0,0.0,0.0,0.0,0.0,0.0,0.0,1.0,0.0,0.0,0.0,0.0,-1.0
22200408,1610612746,LAC,LA,1629650,Moses Brown,Moses,,,3:37,1.0,2.0,0.5,0.0,0.0,0.0,0.0,0.0,0.0,1.0,2.0,3.0,0.0,0.0,0.0,0.0,0.0,2.0,-1.0
22200408,1610612746,LAC,LA,1630527,Brandon Boston,Brandon,,,3:16,0.0,3.0,0.0,0.0,0.0,0.0,0.0,0.0,0.0,0.0,0.0,0.0,1.0,0.0,0.0,0.0,0.0,0.0,-1.0
22200408,1610612746,LAC,LA,1631217,Moussa Diabaté,Moussa,,,3:16,1.0,2.0,0.5,0.0,0.0,0.0,0.0,0.0,0.0,2.0,1.0,3.0,0.0,0.0,0.0,0.0,0.0,2.0,-1.0
22200408,1610612746,LAC,LA,203496,Robert Covington,Robert,,DNP - Coach's Decision,,,,,,,,,,,,,,,,,,,,
22200407,1610612750,MIN,Minnesota,1630183,Jaden McDaniels,Jaden,F,,28:21,1.0,4.0,0.25,0.0,2.0,0.0,0.0,0.0,0.0,1.0,0.0,1.0,1.0,1.0,1.0,0.0,1.0,2.0,-16.0
22200407,1610612750,MIN,Minnesota,203937,Kyle Anderson,Kyle,F,,27:39,3.0,8.0,0.375,1.0,1.0,1.0,2.0,2.0,1.0,0.0,1.0,1.0,5.0,2.0,0.0,1.0,3.0,9.0,-8.0
22200407,1610612750,MIN,Minnesota,203497,Rudy Gobert,Rudy,C,,31:30,8.0,13.0,0.615,0.0,0.0,0.0,0.0,1.0,0.0,5.0,15.0,20.0,2.0,1.0,0.0,1.0,4.0,16.0,-9.0
22200407,1610612750,MIN,Minnesota,1630162,Anthony Edwards,Anthony,G,,33:23,6.0,16.0,0.375,3.0,3.0,1.0,2.0,6.0,0.333,1.0,1.0,2.0,3.0,2.0,0.0,2.0,4.0,17.0,-25.0
22200407,1610612750,MIN,Minnesota,1626156,D'Angelo Russell,D'Angelo,G,,29:33,9.0,19.0,0.474,3.0,10.0,0.3,2.0,3.0,0.667,0.0,3.0,3.0,8.0,1.0,1.0,2.0,1.0,23.0,-13.0
22200407,1610612750,MIN,Minnesota,203085,Austin Rivers,Austin,,,13:30,1.0,4.0,0.25,1.0,3.0,0.333,0.0,0.0,0.0,0.0,0.0,0.0,1.0,1.0,0.0,0.0,3.0,3.0,-13.0
22200407,1610612750,MIN,Minnesota,1629675,Naz Reid,Naz,,,18:16,4.0,4.0,1.0,1.0,1.0,1.0,1.0,2.0,0.5,0.0,4.0,4.0,1.0,0.0,0.0,1.0,2.0,10.0,-12.0
22200407,1610612750,MIN,Minnesota,1629669,Jaylen Nowell,Jaylen,,,22:34,7.0,12.0,0.583,0.0,2.0,0.0,3.0,5.0,0.6,0.0,3.0,3.0,2.0,1.0,0.0,2.0,1.0,17.0,-19.0
22200407,1610612750,MIN,Minnesota,1627854,Bryn Forbes,Bryn,,,14:59,1.0,4.0,0.25,0.0,2.0,0.0,0.0,0.0,0.0,0.0,0.0,0.0,1.0,0.0,0.0,0.0,0.0,2.0,-5.0
22200407,1610612750,MIN,Minnesota,1631111,Wendell Moore Jr.,Wendell,,,4:03,2.0,3.0,0.667,0.0,1.0,0.0,0.0,0.0,0.0,0.0,1.0,1.0,1.0,1.0,0.0,0.0,0.0,4.0,3.0
22200407,1610612750,MIN,Minnesota,1630233,Nathan Knight,Nathan,,,4:03,2.0,2.0,1.0,0.0,0.0,0.0,0.0,0.0,0.0,0.0,0.0,0.0,0.0,0.0,0.0,1.0,0.0,4.0,3.0
22200407,1610612750,MIN,Minnesota,1630568,Luka Garza,Luka,,,4:03,1.0,1.0,1.0,0.0,0.0,0.0,0.0,0.0,0.0,0.0,2.0,2.0,0.0,0.0,0.0,0.0,0.0,2.0,3.0
22200407,1610612750,MIN,Minnesota,1630346,Matt Ryan,Matt,,,4:03,1.0,2.0,0.5,1.0,2.0,0.5,0.0,0.0,0.0,0.0,0.0,0.0,0.0,1.0,0.0,0.0,0.0,3.0,3.0
22200407,1610612750,MIN,Minnesota,1631169,Josh Minott,Josh,,,4:03,0.0,1.0,0.0,0.0,0.0,0.0,0.0,0.0,0.0,0.0,0.0,0.0,0.0,1.0,0.0,0.0,0.0,0.0,3.0
22200407,1610612757,POR,Portland,1628404,Josh Hart,Josh,F,,27:58,3.0,7.0,0.429,2.0,3.0,0.667,0.0,0.0,0.0,1.0,6.0,7.0,2.0,1.0,0.0,1.0,2.0,8.0,19.0
22200407,1610612757,POR,Portland,203924,Jerami Grant,Jerami,F,,31:50,7.0,12.0,0.583,3.0,6.0,0.5,7.0,7.0,1.0,2.0,1.0,3.0,2.0,0.0,1.0,2.0,4.0,24.0,22.0
22200407,1610612757,POR,Portland,203994,Jusuf Nurkić,Jusuf,C,,25:10,4.0,8.0,0.5,0.0,2.0,0.0,6.0,9.0,0.667,2.0,14.0,16.0,4.0,1.0,0.0,2.0,4.0,14.0,11.0
22200407,1610612757,POR,Portland,1629014,Anfernee Simons,Anfernee,G,,33:15,5.0,13.0,0.385,2.0,8.0,0.25,0.0,0.0,0.0,0.0,4.0,4.0,6.0,0.0,0.0,2.0,3.0,12.0,8.0
22200407,1610612757,POR,Portland,203081,Damian Lillard,Damian,G,,29:22,13.0,21.0,0.619,11.0,17.0,0.647,1.0,1.0,1.0,0.0,2.0,2.0,3.0,0.0,0.0,4.0,1.0,38.0,24.0
22200407,1610612757,POR,Portland,1626159,Justise Winslow,Justise,,,30:14,4.0,8.0,0.5,1.0,3.0,0.333,0.0,0.0,0.0,2.0,4.0,6.0,10.0,1.0,0.0,2.0,3.0,9.0,17.0
22200407,1610612757,POR,Portland,1629234,Drew Eubanks,Drew,,,16:47,3.0,3.0,1.0,0.0,0.0,0.0,0.0,0.0,0.0,1.0,3.0,4.0,1.0,0.0,2.0,2.0,2.0,6.0,15.0
22200407,1610612757,POR,Portland,1631101,Shaedon Sharpe,Shaedon,,,20:02,7.0,12.0,0.583,0.0,4.0,0.0,0.0,0.0,0.0,2.0,5.0,7.0,1.0,1.0,0.0,0.0,0.0,14.0,2.0
22200407,1610612757,POR,Portland,1630570,Trendon Watford,Trendon,,,13:16,1.0,2.0,0.5,1.0,1.0,1.0,2.0,4.0,0.5,1.0,3.0,4.0,2.0,0.0,1.0,1.0,1.0,5.0,-3.0
22200407,1610612757,POR,Portland,1631133,Jabari Walker,Jabari,,,6:03,1.0,1.0,1.0,1.0,1.0,1.0,0.0,0.0,0.0,0.0,0.0,0.0,0.0,0.0,0.0,0.0,1.0,3.0,-5.0
22200407,1610612757,POR,Portland,1630553,Keon Johnson,Keon,,,6:03,0.0,2.0,0.0,0.0,1.0,0.0,0.0,0.0,0.0,0.0,1.0,1.0,1.0,0.0,0.0,2.0,0.0,0.0,-5.0
22200407,1610612757,POR,Portland,1627780,Gary Payton II,Gary,,DND-Return to Competition Reconditioning,,,,,,,,,,,,,,,,,,,,
22200405,1610612760,OKC,Oklahoma City,1631114,Jalen Williams,Jalen,F,,38:11,8.0,13.0,0.615,1.0,4.0,0.25,0.0,0.0,0.0,0.0,2.0,2.0,4.0,0.0,1.0,2.0,2.0,17.0,-21.0
22200405,1610612760,OKC,Oklahoma City,1629652,Luguentz Dort,Luguentz,F,,34:14,3.0,11.0,0.273,1.0,6.0,0.167,5.0,6.0,0.833,4.0,3.0,7.0,3.0,0.0,0.0,4.0,5.0,12.0,6.0
22200405,1610612760,OKC,Oklahoma City,1630197,Aleksej Pokusevski,Aleksej,C,,21:43,0.0,3.0,0.0,0.0,2.0,0.0,0.0,0.0,0.0,0.0,9.0,9.0,2.0,0.0,0.0,1.0,2.0,0.0,-9.0
22200405,1610612760,OKC,Oklahoma City,1630581,Josh Giddey,Josh,G,,30:58,6.0,13.0,0.462,2.0,2.0,1.0,0.0,0.0,0.0,2.0,3.0,5.0,4.0,1.0,0.0,4.0,1.0,14.0,-18.0
22200405,1610612760,OKC,Oklahoma City,1628983,Shai Gilgeous-Alexander,Shai,G,,37:33,14.0,23.0,0.609,1.0,2.0,0.5,13.0,13.0,1.0,0.0,2.0,2.0,3.0,3.0,0.0,2.0,5.0,42.0,6.0
22200405,1610612760,OKC,Oklahoma City,1629647,Darius Bazley,Darius,,,18:58,2.0,7.0,0.286,0.0,3.0,0.0,0.0,0.0,0.0,0.0,4.0,4.0,2.0,0.0,0.0,0.0,0.0,4.0,8.0
22200405,1610612760,OKC,Oklahoma City,1630198,Isaiah Joe,Isaiah,,,20:54,4.0,7.0,0.571,4.0,7.0,0.571,0.0,0.0,0.0,0.0,7.0,7.0,1.0,0.0,0.0,0.0,1.0,12.0,11.0
22200405,1610612760,OKC,Oklahoma City,1630526,Jeremiah Robinson-Earl,Jeremiah,,,14:17,2.0,3.0,0.667,0.0,1.0,0.0,2.0,2.0,1.0,2.0,0.0,2.0,1.0,0.0,0.0,0.0,2.0,6.0,-8.0
22200405,1610612760,OKC,Oklahoma City,1630544,Tre Mann,Tre,,,10:27,2.0,5.0,0.4,1.0,2.0,0.5,0.0,0.0,0.0,1.0,1.0,2.0,0.0,0.0,0.0,0.0,1.0,5.0,-13.0
22200405,1610612760,OKC,Oklahoma City,1630647,Eugene Omoruyi,Eugene,,,12:46,1.0,3.0,0.333,0.0,2.0,0.0,0.0,0.0,0.0,1.0,1.0,2.0,1.0,0.0,0.0,0.0,3.0,2.0,3.0
22200405,1610612760,OKC,Oklahoma City,203488,Mike Muscala,Mike,,DNP - Coach's Decision,,,,,,,,,,,,,,,,,,,,
22200405,1610612760,OKC,Oklahoma City,1630598,Aaron Wiggins,Aaron,,DNP - Coach's Decision,,,,,,,,,,,,,,,,,,,,
22200405,1610612742,DAL,Dallas,203501,Tim Hardaway Jr.,Tim,F,,29:15,6.0,16.0,0.375,6.0,14.0,0.429,2.0,2.0,1.0,1.0,5.0,6.0,0.0,2.0,0.0,2.0,2.0,20.0,15.0
22200405,1610612742,DAL,Dallas,1627827,Dorian Finney-Smith,Dorian,F,,23:01,3.0,9.0,0.333,3.0,8.0,0.375,0.0,0.0,0.0,5.0,0.0,5.0,3.0,1.0,0.0,0.0,0.0,9.0,10.0
22200405,1610612742,DAL,Dallas,203939,Dwight Powell,Dwight,C,,14:55,0.0,2.0,0.0,0.0,0.0,0.0,0.0,0.0,0.0,3.0,0.0,3.0,0.0,0.0,0.0,0.0,2.0,0.0,14.0
22200405,1610612742,DAL,Dallas,203915,Spencer Dinwiddie,Spencer,G,,34:44,7.0,16.0,0.438,4.0,8.0,0.5,2.0,2.0,1.0,2.0,5.0,7.0,10.0,0.0,0.0,4.0,2.0,20.0,13.0
22200405,1610612742,DAL,Dallas,1629029,Luka Dončić,Luka,G,,36:59,13.0,27.0,0.481,3.0,10.0,0.3,9.0,10.0,0.9,0.0,11.0,11.0,8.0,0.0,0.0,4.0,3.0,38.0,1.0
22200405,1610612742,DAL,Dallas,1626174,Christian Wood,Christian,,,20:28,3.0,9.0,0.333,0.0,2.0,0.0,2.0,3.0,0.667,2.0,3.0,5.0,1.0,0.0,0.0,1.0,3.0,8.0,-11.0
22200405,1610612742,DAL,Dallas,1628467,Maxi Kleber,Maxi,,,31:22,3.0,6.0,0.5,2.0,4.0,0.5,0.0,0.0,0.0,2.0,5.0,7.0,0.0,1.0,2.0,0.0,1.0,8.0,-4.0
22200405,1610612742,DAL,Dallas,203493,Reggie Bullock Jr.,Reggie,,,31:45,3.0,4.0,0.75,3.0,4.0,0.75,3.0,4.0,0.75,0.0,5.0,5.0,0.0,0.0,0.0,2.0,2.0,12.0,5.0
22200405,1610612742,DAL,Dallas,1628373,Frank Ntilikina,Frank,,,17:31,1.0,4.0,0.25,1.0,4.0,0.25,3.0,4.0,0.75,1.0,0.0,1.0,2.0,0.0,1.0,1.0,4.0,6.0,-8.0
22200405,1610612742,DAL,Dallas,1628416,Tyler Dorsey,Tyler,,DNP - Coach's Decision,,,,,,,,,,,,,,,,,,,,
22200405,1610612742,DAL,Dallas,1630702,Jaden Hardy,Jaden,,DNP - Coach's Decision,,,,,,,,,,,,,,,,,,,,
22200405,1610612742,DAL,Dallas,201580,JaVale McGee,JaVale,,DNP - Coach's Decision,,,,,,,,,,,,,,,,,,,,
22200405,1610612742,DAL,Dallas,1629033,Theo Pinson,Theo,,DNP - Coach's Decision,,,,,,,,,,,,,,,,,,,,
22200405,1610612742,DAL,Dallas,202689,Kemba Walker,Kemba,,DNP - Coach's Decision,,,,,,,,,,,,,,,,,,,,
22200396,1610612747,LAL,Los Angeles,1629022,Lonnie Walker IV,Lonnie,F,,29:50,7.0,10.0,0.7,4.0,6.0,0.667,0.0,0.0,0.0,0.0,2.0,2.0,0.0,1.0,0.0,0.0,3.0,18.0,2.0
22200396,1610612747,LAL,Los Angeles,2544,LeBron James,LeBron,F,,36:52,14.0,24.0,0.583,2.0,6.0,0.333,5.0,5.0,1.0,1.0,4.0,5.0,5.0,1.0,0.0,1.0,1.0,35.0,18.0
22200396,1610612747,LAL,Los Angeles,203076,Anthony Davis,Anthony,C,,35:44,12.0,18.0,0.667,0.0,1.0,0.0,10.0,12.0,0.833,3.0,12.0,15.0,7.0,2.0,1.0,1.0,3.0,34.0,7.0
22200396,1610612747,LAL,Los Angeles,201976,Patrick Beverley,Patrick,G,,24:27,1.0,5.0,0.2,1.0,4.0,0.25,2.0,4.0,0.5,0.0,5.0,5.0,3.0,2.0,0.0,0.0,4.0,5.0,5.0
22200396,1610612747,LAL,Los Angeles,203471,Dennis Schröder,Dennis,G,,32:47,2.0,6.0,0.333,1.0,2.0,0.5,0.0,0.0,0.0,0.0,2.0,2.0,5.0,0.0,0.0,2.0,2.0,5.0,15.0
22200396,1610612747,LAL,Los Angeles,201566,Russell Westbrook,Russell,,,21:23,5.0,9.0,0.556,0.0,1.0,0.0,1.0,2.0,0.5,0.0,4.0,4.0,9.0,1.0,0.0,4.0,1.0,11.0,-12.0
22200396,1610612747,LAL,Los Angeles,1630559,Austin Reaves,Austin,,,28:35,3.0,6.0,0.5,3.0,5.0,0.6,0.0,0.0,0.0,0.0,3.0,3.0,2.0,0.0,1.0,3.0,0.0,9.0,3.0
22200396,1610612747,LAL,Los Angeles,1628972,Troy Brown Jr.,Troy,,,14:59,0.0,2.0,0.0,0.0,1.0,0.0,2.0,2.0,1.0,2.0,2.0,4.0,0.0,1.0,0.0,0.0,0.0,2.0,-2.0
22200396,1610612747,LAL,Los Angeles,1628418,Thomas Bryant,Thomas,,,12:16,2.0,4.0,0.5,0.0,0.0,0.0,1.0,2.0,0.5,0.0,2.0,2.0,0.0,0.0,2.0,0.0,0.0,5.0,0.0
22200396,1610612747,LAL,Los Angeles,1629134,Kendrick Nunn,Kendrick,,,3:07,0.0,0.0,0.0,0.0,0.0,0.0,0.0,0.0,0.0,0.0,0.0,0.0,0.0,0.0,0.0,0.0,0.0,0.0,-1.0
22200396,1610612747,LAL,Los Angeles,1631108,Max Christie,Max,,DNP - Coach's Decision,,,,,,,,,,,,,,,,,,,,
22200396,1610612747,LAL,Los Angeles,1627745,Damian Jones,Damian,,DNP - Coach's Decision,,,,,,,,,,,,,,,,,,,,
22200396,1610612765,DET,Detroit,202711,Bojan Bogdanović,Bojan,F,,34:46,12.0,22.0,0.545,6.0,12.0,0.5,8.0,8.0,1.0,1.0,3.0,4.0,2.0,1.0,1.0,4.0,3.0,38.0,8.0
22200396,1610612765,DET,Detroit,1630191,Isaiah Stewart,Isaiah,F,,24:15,2.0,8.0,0.25,2.0,7.0,0.286,2.0,2.0,1.0,1.0,4.0,5.0,0.0,0.0,0.0,1.0,0.0,8.0,-4.0
22200396,1610612765,DET,Detroit,1631105,Jalen Duren,Jalen,C,,23:42,1.0,1.0,1.0,0.0,0.0,0.0,1.0,2.0,0.5,4.0,9.0,13.0,2.0,1.0,0.0,1.0,4.0,3.0,-5.0
22200396,1610612765,DET,Detroit,1630165,Killian Hayes,Killian,G,,25:00,2.0,6.0,0.333,1.0,2.0,0.5,0.0,0.0,0.0,0.0,3.0,3.0,9.0,1.0,0.0,2.0,2.0,5.0,-10.0
22200396,1610612765,DET,Detroit,1631093,Jaden Ivey,Jaden,G,,25:10,6.0,16.0,0.375,1.0,6.0,0.167,3.0,4.0,0.75,1.0,0.0,1.0,2.0,1.0,1.0,2.0,2.0,16.0,-8.0
22200396,1610612765,DET,Detroit,1628963,Marvin Bagley III,Marvin,,,24:18,5.0,7.0,0.714,0.0,1.0,0.0,0.0,0.0,0.0,1.0,3.0,4.0,1.0,0.0,1.0,0.0,2.0,10.0,-2.0
22200396,1610612765,DET,Detroit,202692,Alec Burks,Alec,,,23:51,5.0,10.0,0.5,1.0,4.0,0.25,0.0,0.0,0.0,0.0,4.0,4.0,3.0,1.0,0.0,0.0,3.0,11.0,2.0
22200396,1610612765,DET,Detroit,202709,Cory Joseph,Cory,,,20:25,3.0,5.0,0.6,1.0,2.0,0.5,0.0,0.0,0.0,0.0,2.0,2.0,7.0,2.0,0.0,1.0,0.0,7.0,3.0
22200396,1610612765,DET,Detroit,1630180,Saddiq Bey,Saddiq,,,25:49,5.0,14.0,0.357,4.0,8.0,0.5,0.0,1.0,0.0,1.0,2.0,3.0,1.0,2.0,0.0,0.0,1.0,14.0,-7.0
22200396,1610612765,DET,Detroit,1628995,Kevin Knox II,Kevin,,,12:44,2.0,4.0,0.5,1.0,3.0,0.333,0.0,0.0,0.0,1.0,0.0,1.0,1.0,0.0,0.0,1.0,2.0,5.0,-12.0
22200396,1610612765,DET,Detroit,1628977,Hamidou Diallo,Hamidou,,DNP - Coach's Decision,,,,,,,,,,,,,,,,,,,,
22200396,1610612765,DET,Detroit,203585,Rodney McGruder,Rodney,,DNP - Coach's Decision,,,,,,,,,,,,,,,,,,,,
22200396,1610612765,DET,Detroit,203457,Nerlens Noel,Nerlens,,DNP - Coach's Decision,,,,,,,,,,,,,,,,,,,,
22200395,1610612756,PHX,Phoenix,1628470,Torrey Craig,Torrey,F,,36:08,5.0,10.0,0.5,2.0,4.0,0.5,2.0,2.0,1.0,4.0,3.0,7.0,1.0,0.0,1.0,0.0,2.0,14.0,-12.0
22200395,1610612756,PHX,Phoenix,203967,Dario Šarić,Dario,F,,21:23,2.0,8.0,0.25,1.0,4.0,0.25,0.0,0.0,0.0,1.0,2.0,3.0,3.0,0.0,0.0,2.0,2.0,5.0,-7.0
22200395,1610612756,PHX,Phoenix,1629028,Deandre Ayton,Deandre,C,,32:50,13.0,18.0,0.722,0.0,0.0,0.0,2.0,3.0,0.667,6.0,6.0,12.0,5.0,0.0,1.0,1.0,6.0,28.0,-17.0
22200395,1610612756,PHX,Phoenix,1628969,Mikal Bridges,Mikal,G,,44:34,10.0,23.0,0.435,5.0,13.0,0.385,2.0,2.0,1.0,3.0,2.0,5.0,3.0,2.0,0.0,1.0,1.0,27.0,-9.0
22200395,1610612756,PHX,Phoenix,101108,Chris Paul,Chris,G,,33:53,3.0,10.0,0.3,0.0,3.0,0.0,0.0,1.0,0.0,1.0,2.0,3.0,11.0,1.0,0.0,3.0,6.0,6.0,-5.0
22200395,1610612756,PHX,Phoenix,1629111,Jock Landale,Jock,,,20:10,4.0,7.0,0.571,0.0,0.0,0.0,0.0,1.0,0.0,3.0,4.0,7.0,2.0,0.0,1.0,3.0,1.0,8.0,12.0
22200395,1610612756,PHX,Phoenix,1627814,Damion Lee,Damion,,,33:48,4.0,11.0,0.364,2.0,6.0,0.333,2.0,2.0,1.0,0.0,3.0,3.0,2.0,0.0,1.0,1.0,2.0,12.0,5.0
22200395,1610612756,PHX,Phoenix,1626166,Cameron Payne,Cameron,,,23:45,6.0,14.0,0.429,2.0,5.0,0.4,3.0,3.0,1.0,0.0,0.0,0.0,3.0,0.0,0.0,3.0,1.0,17.0,-11.0
22200395,1610612756,PHX,Phoenix,1629013,Landry Shamet,Landry,,,12:43,2.0,3.0,0.667,1.0,2.0,0.5,0.0,1.0,0.0,0.0,0.0,0.0,3.0,3.0,1.0,0.0,1.0,5.0,13.0
22200395,1610612756,PHX,Phoenix,1629006,Josh Okogie,Josh,,,5:46,0.0,1.0,0.0,0.0,1.0,0.0,2.0,2.0,1.0,1.0,1.0,2.0,1.0,1.0,0.0,0.0,2.0,2.0,6.0
22200395,1610612756,PHX,Phoenix,202687,Bismack Biyombo,Bismack,,DNP - Coach's Decision,,,,,,,,,,,,,,,,,,,,
22200395,1610612756,PHX,Phoenix,1630688,Ish Wainright,Ish,,DNP - Coach's Decision,,,,,,,,,,,,,,,,,,,,
22200395,1610612740,NOP,New Orleans,1630530,Trey Murphy III,Trey,F,,33:53,3.0,8.0,0.375,1.0,4.0,0.25,2.0,3.0,0.667,0.0,7.0,7.0,2.0,2.0,1.0,1.0,3.0,9.0,-2.0
22200395,1610612740,NOP,New Orleans,1629627,Zion Williamson,Zion,F,,42:11,14.0,21.0,0.667,2.0,3.0,0.667,5.0,7.0,0.714,1.0,7.0,8.0,3.0,1.0,0.0,5.0,3.0,35.0,16.0
22200395,1610612740,NOP,New Orleans,202685,Jonas Valančiūnas,Jonas,C,,17:41,2.0,4.0,0.5,0.0,0.0,0.0,4.0,6.0,0.667,2.0,8.0,10.0,0.0,0.0,0.0,3.0,5.0,8.0,-3.0
22200395,1610612740,NOP,New Orleans,203468,CJ McCollum,CJ,G,,44:42,13.0,24.0,0.542,3.0,10.0,0.3,0.0,0.0,0.0,2.0,2.0,4.0,7.0,2.0,0.0,2.0,1.0,29.0,4.0
22200395,1610612740,NOP,New Orleans,1630700,Dyson Daniels,Dyson,G,,35:45,4.0,7.0,0.571,1.0,2.0,0.5,2.0,3.0,0.667,0.0,1.0,1.0,8.0,1.0,0.0,0.0,4.0,11.0,10.0
22200395,1610612740,NOP,New Orleans,1630230,Naji Marshall,Naji,,,36:20,6.0,8.0,0.75,0.0,0.0,0.0,4.0,5.0,0.8,1.0,4.0,5.0,5.0,0.0,0.0,1.0,2.0,16.0,-4.0
22200395,1610612740,NOP,New Orleans,1626204,Larry Nance Jr.,Larry,,,33:45,6.0,7.0,0.857,1.0,1.0,1.0,2.0,2.0,1.0,1.0,6.0,7.0,4.0,4.0,2.0,0.0,4.0,15.0,11.0
22200395,1610612740,NOP,New Orleans,1630631,Jose Alvarado,Jose,,,10:25,0.0,3.0,0.0,0.0,3.0,0.0,2.0,2.0,1.0,0.0,1.0,1.0,2.0,0.0,0.0,2.0,3.0,2.0,0.0
22200395,1610612740,NOP,New Orleans,1628984,Devonte' Graham,Devonte',,,9:08,2.0,4.0,0.5,0.0,2.0,0.0,0.0,0.0,0.0,0.0,0.0,0.0,0.0,0.0,0.0,1.0,1.0,4.0,-4.0
22200395,1610612740,NOP,New Orleans,1626195,Willy Hernangomez,Willy,,,1:11,0.0,0.0,0.0,0.0,0.0,0.0,0.0,0.0,0.0,0.0,0.0,0.0,0.0,0.0,0.0,0.0,0.0,0.0,-3.0
22200395,1610612740,NOP,New Orleans,1629637,Jaxson Hayes,Jaxson,,DNP - Coach's Decision,,,,,,,,,,,,,,,,,,,,
22200395,1610612740,NOP,New Orleans,1630184,Kira Lewis Jr.,Kira,,DNP - Coach's Decision,,,,,,,,,,,,,,,,,,,,
22200395,1610612740,NOP,New Orleans,202066,Garrett Temple,Garrett,,DNP - Coach's Decision,,,,,,,,,,,,,,,,,,,,
22200401,1610612749,MIL,Milwaukee,203114,Khris Middleton,Khris,F,,6:29,0.0,2.0,0.0,0.0,2.0,0.0,0.0,0.0,0.0,0.0,0.0,0.0,0.0,0.0,0.0,0.0,0.0,0.0,3.0
22200401,1610612749,MIL,Milwaukee,203507,Giannis Antetokounmpo,Giannis,F,,36:46,7.0,17.0,0.412,0.0,2.0,0.0,2.0,6.0,0.333,1.0,17.0,18.0,4.0,1.0,2.0,3.0,5.0,16.0,-11.0
22200401,1610612749,MIL,Milwaukee,201572,Brook Lopez,Brook,C,,32:41,2.0,8.0,0.25,1.0,4.0,0.25,2.0,2.0,1.0,2.0,1.0,3.0,0.0,0.0,3.0,1.0,2.0,7.0,5.0
22200401,1610612749,MIL,Milwaukee,1628960,Grayson Allen,Grayson,G,,28:48,2.0,12.0,0.167,2.0,9.0,0.222,5.0,5.0,1.0,1.0,1.0,2.0,1.0,0.0,0.0,3.0,1.0,11.0,-13.0
22200401,1610612749,MIL,Milwaukee,201950,Jrue Holiday,Jrue,G,,35:13,9.0,20.0,0.45,4.0,9.0,0.444,3.0,3.0,1.0,0.0,6.0,6.0,8.0,3.0,0.0,5.0,1.0,25.0,6.0
22200401,1610612749,MIL,Milwaukee,1626171,Bobby Portis,Bobby,,,28:20,7.0,15.0,0.467,1.0,5.0,0.2,2.0,2.0,1.0,6.0,9.0,15.0,2.0,0.0,0.0,0.0,1.0,17.0,-5.0
22200401,1610612749,MIL,Milwaukee,1628975,Jevon Carter,Jevon,,,27:59,3.0,5.0,0.6,3.0,5.0,0.6,0.0,0.0,0.0,1.0,1.0,2.0,1.0,0.0,1.0,0.0,2.0,9.0,2.0
22200401,1610612749,MIL,Milwaukee,1626192,Pat Connaughton,Pat,,,24:43,3.0,10.0,0.3,1.0,6.0,0.167,0.0,0.0,0.0,1.0,2.0,3.0,1.0,1.0,0.0,1.0,0.0,7.0,4.0
22200401,1610612749,MIL,Milwaukee,201588,George Hill,George,,,13:47,0.0,0.0,0.0,0.0,0.0,0.0,0.0,0.0,0.0,0.0,2.0,2.0,1.0,0.0,0.0,1.0,0.0,0.0,-11.0
22200401,1610612749,MIL,Milwaukee,1629670,Jordan Nwora,Jordan,,,5:14,0.0,1.0,0.0,0.0,1.0,0.0,0.0,0.0,0.0,1.0,0.0,1.0,0.0,0.0,0.0,1.0,0.0,0.0,-5.0
22200401,1610612749,MIL,Milwaukee,203648,Thanasis Antetokounmpo,Thanasis,,DNP - Coach's Decision,,,,,,,,,,,,,,,,,,,,
22200401,1610612749,MIL,Milwaukee,1630699,MarJon Beauchamp,MarJon,,DNP - Coach's Decision,,,,,,,,,,,,,,,,,,,,
22200401,1610612749,MIL,Milwaukee,201586,Serge Ibaka,Serge,,DNP - Coach's Decision,,,,,,,,,,,,,,,,,,,,
22200401,1610612745,HOU,Houston,201569,Eric Gordon,Eric,F,,30:28,4.0,10.0,0.4,1.0,5.0,0.2,0.0,0.0,0.0,0.0,3.0,3.0,1.0,1.0,0.0,1.0,0.0,9.0,11.0
22200401,1610612745,HOU,Houston,1631095,Jabari Smith Jr.,Jabari,F,,34:54,1.0,9.0,0.111,0.0,4.0,0.0,4.0,4.0,1.0,2.0,8.0,10.0,2.0,3.0,1.0,2.0,4.0,6.0,13.0
22200401,1610612745,HOU,Houston,1630578,Alperen Sengun,Alperen,C,,27:11,4.0,10.0,0.4,0.0,0.0,0.0,0.0,0.0,0.0,2.0,6.0,8.0,3.0,1.0,1.0,1.0,2.0,8.0,2.0
22200401,1610612745,HOU,Houston,1630224,Jalen Green,Jalen,G,,33:36,12.0,21.0,0.571,3.0,6.0,0.5,3.0,4.0,0.75,0.0,7.0,7.0,3.0,0.0,0.0,2.0,0.0,30.0,-3.0
22200401,1610612745,HOU,Houston,1629645,Kevin Porter Jr.,Kevin,G,,35:44,8.0,16.0,0.5,0.0,3.0,0.0,2.0,2.0,1.0,1.0,2.0,3.0,7.0,2.0,1.0,4.0,2.0,18.0,3.0
22200401,1610612745,HOU,Houston,1630586,Usman Garuba,Usman,,,10:32,1.0,3.0,0.333,0.0,2.0,0.0,0.0,0.0,0.0,0.0,2.0,2.0,0.0,0.0,1.0,0.0,0.0,2.0,-4.0
22200401,1610612745,HOU,Houston,1630231,KJ Martin,KJ,,,21:52,5.0,9.0,0.556,0.0,1.0,0.0,0.0,0.0,0.0,3.0,4.0,7.0,2.0,1.0,1.0,1.0,1.0,10.0,-8.0
22200401,1610612745,HOU,Houston,1630227,Daishen Nix,Daishen,,,12:16,2.0,4.0,0.5,1.0,3.0,0.333,0.0,0.0,0.0,0.0,1.0,1.0,4.0,1.0,0.0,0.0,0.0,5.0,2.0
22200401,1610612745,HOU,Houston,1631106,Tari Eason,Tari,,,13:06,0.0,2.0,0.0,0.0,0.0,0.0,0.0,0.0,0.0,0.0,1.0,1.0,0.0,2.0,0.0,0.0,3.0,0.0,-8.0
22200401,1610612745,HOU,Houston,1629726,Garrison Mathews,Garrison,,,10:23,2.0,4.0,0.5,1.0,3.0,0.333,0.0,0.0,0.0,0.0,1.0,1.0,0.0,0.0,2.0,0.0,0.0,5.0,10.0
22200401,1610612745,HOU,Houston,1628981,Bruno Fernando,Bruno,,,9:58,1.0,3.0,0.333,0.0,0.0,0.0,2.0,2.0,1.0,2.0,4.0,6.0,1.0,0.0,1.0,1.0,5.0,4.0,7.0
22200401,1610612745,HOU,Houston,1630528,Josh Christopher,Josh,,DNP - Coach's Decision,,,,,,,,,,,,,,,,,,,,
22200401,1610612745,HOU,Houston,1631309,Trevor Hudgins,Trevor,,DNP - Coach's Decision,,,,,,,,,,,,,,,,,,,,
22200401,1610612745,HOU,Houston,1626246,Boban Marjanović,Boban,,DNP - Coach's Decision,,,,,,,,,,,,,,,,,,,,
22200401,1610612745,HOU,Houston,1631102,TyTy Washington Jr.,TyTy,,DNP - Coach's Decision,,,,,,,,,,,,,,,,,,,,
22200387,1610612759,SAS,San Antonio,1629640,Keldon Johnson,Keldon,F,,35:37,7.0,15.0,0.467,0.0,2.0,0.0,7.0,7.0,1.0,1.0,5.0,6.0,2.0,0.0,0.0,5.0,1.0,21.0,-7.0
22200387,1610612759,SAS,San Antonio,1629641,Romeo Langford,Romeo,F,,28:39,7.0,10.0,0.7,1.0,2.0,0.5,4.0,4.0,1.0,1.0,5.0,6.0,0.0,1.0,1.0,2.0,3.0,19.0,-3.0
22200387,1610612759,SAS,San Antonio,1628380,Zach Collins,Zach,C,,30:21,6.0,7.0,0.857,1.0,1.0,1.0,3.0,5.0,0.6,0.0,8.0,8.0,2.0,0.0,1.0,4.0,6.0,16.0,2.0
22200387,1610612759,SAS,San Antonio,1631103,Malaki Branham,Malaki,G,,14:28,1.0,3.0,0.333,0.0,1.0,0.0,0.0,0.0,0.0,0.0,1.0,1.0,1.0,0.0,0.0,0.0,2.0,2.0,-14.0
22200387,1610612759,SAS,San Antonio,1630200,Tre Jones,Tre,G,,35:46,2.0,8.0,0.25,0.0,1.0,0.0,6.0,8.0,0.75,0.0,4.0,4.0,4.0,2.0,1.0,1.0,2.0,10.0,6.0
22200387,1610612759,SAS,San Antonio,1626196,Josh Richardson,Josh,,,22:57,1.0,7.0,0.143,1.0,5.0,0.2,0.0,0.0,0.0,2.0,5.0,7.0,6.0,0.0,0.0,2.0,1.0,3.0,4.0
22200387,1610612759,SAS,San Antonio,1630170,Devin Vassell,Devin,,,26:27,7.0,13.0,0.538,1.0,4.0,0.25,3.0,4.0,0.75,0.0,4.0,4.0,2.0,3.0,0.0,1.0,1.0,18.0,5.0
22200387,1610612759,SAS,San Antonio,1629646,Charles Bassey,Charles,,,17:39,4.0,5.0,0.8,0.0,0.0,0.0,0.0,0.0,0.0,2.0,2.0,4.0,2.0,0.0,1.0,1.0,3.0,8.0,2.0
22200387,1610612759,SAS,San Antonio,203926,Doug McDermott,Doug,,,24:47,5.0,8.0,0.625,3.0,5.0,0.6,0.0,0.0,0.0,1.0,1.0,2.0,5.0,0.0,0.0,1.0,1.0,13.0,22.0
22200387,1610612759,SAS,San Antonio,1629676,Isaiah Roby,Isaiah,,,3:19,2.0,2.0,1.0,0.0,0.0,0.0,1.0,3.0,0.333,2.0,2.0,4.0,0.0,2.0,0.0,1.0,1.0,5.0,3.0
22200387,1610612759,SAS,San Antonio,203476,Gorgui Dieng,Gorgui,,DNP - Coach's Decision,,,,,,,,,,,,,,,,,,,,
22200387,1610612759,SAS,San Antonio,1628993,Alize Johnson,Alize,,DNP - Coach's Decision,,,,,,,,,,,,,,,,,,,,
22200387,1610612748,MIA,Miami,202710,Jimmy Butler III,Jimmy,F,,32:20,11.0,16.0,0.688,0.0,1.0,0.0,8.0,10.0,0.8,1.0,1.0,2.0,4.0,0.0,0.0,2.0,0.0,30.0,8.0
22200387,1610612748,MIA,Miami,1628997,Caleb Martin,Caleb,F,,36:26,4.0,9.0,0.444,3.0,6.0,0.5,3.0,3.0,1.0,0.0,3.0,3.0,1.0,1.0,1.0,0.0,4.0,14.0,-3.0
22200387,1610612748,MIA,Miami,1628389,Bam Adebayo,Bam,C,,32:20,5.0,11.0,0.455,0.0,1.0,0.0,2.0,5.0,0.4,2.0,7.0,9.0,4.0,0.0,0.0,0.0,3.0,12.0,4.0
22200387,1610612748,MIA,Miami,1629639,Tyler Herro,Tyler,G,,36:28,8.0,16.0,0.5,5.0,8.0,0.625,2.0,4.0,0.5,0.0,5.0,5.0,5.0,1.0,1.0,4.0,1.0,23.0,-3.0
22200387,1610612748,MIA,Miami,200768,Kyle Lowry,Kyle,G,,39:01,4.0,7.0,0.571,3.0,6.0,0.5,1.0,1.0,1.0,0.0,3.0,3.0,7.0,2.0,0.0,2.0,4.0,12.0,7.0
22200387,1610612748,MIA,Miami,1629622,Max Strus,Max,,,15:57,2.0,5.0,0.4,0.0,2.0,0.0,0.0,0.0,0.0,0.0,1.0,1.0,1.0,1.0,0.0,0.0,0.0,4.0,-7.0
22200387,1610612748,MIA,Miami,203506,Victor Oladipo,Victor,,,23:22,4.0,7.0,0.571,2.0,5.0,0.4,1.0,2.0,0.5,0.0,3.0,3.0,3.0,0.0,0.0,1.0,6.0,11.0,-12.0
22200387,1610612748,MIA,Miami,203473,Dewayne Dedmon,Dewayne,,,15:39,1.0,8.0,0.125,0.0,3.0,0.0,0.0,0.0,0.0,2.0,3.0,5.0,1.0,0.0,1.0,1.0,3.0,2.0,-8.0
22200387,1610612748,MIA,Miami,1629130,Duncan Robinson,Duncan,,,8:27,0.0,2.0,0.0,0.0,2.0,0.0,3.0,3.0,1.0,0.0,1.0,1.0,0.0,0.0,0.0,0.0,1.0,3.0,-6.0
22200387,1610612748,MIA,Miami,2617,Udonis Haslem,Udonis,,DNP - Coach's Decision,,,,,,,,,,,,,,,,,,,,
22200387,1610612748,MIA,Miami,1629312,Haywood Highsmith,Haywood,,DNP - Coach's Decision,,,,,,,,,,,,,,,,,,,,
22200387,1610612748,MIA,Miami,1630696,Dru Smith,Dru,,DNP - Coach's Decision,,,,,,,,,,,,,,,,,,,,
22200393,1610612762,UTA,Utah,1627736,Malik Beasley,Malik,F,,33:21,7.0,13.0,0.538,4.0,10.0,0.4,1.0,2.0,0.5,0.0,5.0,5.0,3.0,2.0,0.0,4.0,1.0,19.0,-8.0
22200393,1610612762,UTA,Utah,203482,Kelly Olynyk,Kelly,F,,32:56,5.0,9.0,0.556,2.0,4.0,0.5,6.0,6.0,1.0,1.0,8.0,9.0,3.0,0.0,0.0,0.0,5.0,18.0,-7.0
22200393,1610612762,UTA,Utah,1629020,Jarred Vanderbilt,Jarred,C,,25:56,2.0,7.0,0.286,0.0,1.0,0.0,2.0,2.0,1.0,2.0,3.0,5.0,4.0,3.0,0.0,2.0,4.0,6.0,-9.0
22200393,1610612762,UTA,Utah,1629659,Talen Horton-Tucker,Talen,G,,33:59,8.0,18.0,0.444,1.0,7.0,0.143,2.0,3.0,0.667,2.0,5.0,7.0,4.0,0.0,2.0,1.0,2.0,19.0,-6.0
22200393,1610612762,UTA,Utah,1629638,Nickeil Alexander-Walker,Nickeil,G,,39:50,9.0,16.0,0.563,5.0,10.0,0.5,4.0,5.0,0.8,1.0,2.0,3.0,2.0,0.0,1.0,6.0,4.0,27.0,-6.0
22200393,1610612762,UTA,Utah,1630534,Ochai Agbaji,Ochai,,,19:36,2.0,8.0,0.25,2.0,5.0,0.4,0.0,0.0,0.0,1.0,1.0,2.0,0.0,0.0,0.0,0.0,2.0,6.0,2.0
22200393,1610612762,UTA,Utah,1631117,Walker Kessler,Walker,,,22:04,4.0,6.0,0.667,0.0,0.0,0.0,2.0,3.0,0.667,2.0,6.0,8.0,0.0,0.0,3.0,0.0,2.0,10.0,4.0
22200393,1610612762,UTA,Utah,1630195,Leandro Bolmaro,Leandro,,,17:14,0.0,1.0,0.0,0.0,0.0,0.0,0.0,0.0,0.0,0.0,1.0,1.0,3.0,0.0,0.0,0.0,0.0,0.0,3.0
22200393,1610612762,UTA,Utah,200752,Rudy Gay,Rudy,,,15:04,2.0,7.0,0.286,1.0,4.0,0.25,0.0,0.0,0.0,1.0,1.0,2.0,1.0,0.0,0.0,0.0,0.0,5.0,2.0
22200393,1610612762,UTA,Utah,1628962,Udoka Azubuike,Udoka,,DNP - Coach's Decision,,,,,,,,,,,,,,,,,,,,
22200393,1610612762,UTA,Utah,1630695,Micah Potter,Micah,,DNP - Coach's Decision,,,,,,,,,,,,,,,,,,,,
22200393,1610612743,DEN,Denver,1628971,Bruce Brown,Bruce,F,,27:32,2.0,5.0,0.4,0.0,1.0,0.0,0.0,0.0,0.0,0.0,4.0,4.0,2.0,0.0,1.0,1.0,3.0,4.0,12.0
22200393,1610612743,DEN,Denver,203932,Aaron Gordon,Aaron,F,,30:12,7.0,13.0,0.538,0.0,4.0,0.0,1.0,2.0,0.5,0.0,1.0,1.0,1.0,2.0,0.0,0.0,3.0,15.0,6.0
22200393,1610612743,DEN,Denver,203999,Nikola Jokić,Nikola,C,,35:22,11.0,20.0,0.55,1.0,4.0,0.25,8.0,10.0,0.8,3.0,9.0,12.0,14.0,1.0,4.0,3.0,3.0,31.0,10.0
22200393,1610612743,DEN,Denver,203484,Kentavious Caldwell-Pope,Kentavious,G,,34:04,6.0,9.0,0.667,3.0,6.0,0.5,0.0,0.0,0.0,0.0,6.0,6.0,3.0,1.0,0.0,0.0,3.0,15.0,9.0
22200393,1610612743,DEN,Denver,1627750,Jamal Murray,Jamal,G,,36:19,13.0,19.0,0.684,1.0,3.0,0.333,3.0,3.0,1.0,1.0,3.0,4.0,5.0,0.0,0.0,1.0,2.0,30.0,11.0
22200393,1610612743,DEN,Denver,1631128,Christian Braun,Christian,,,24:56,2.0,3.0,0.667,0.0,0.0,0.0,1.0,1.0,1.0,0.0,2.0,2.0,0.0,0.0,0.0,1.0,0.0,5.0,-12.0
22200393,1610612743,DEN,Denver,1630538,Bones Hyland,Bones,,,21:09,4.0,14.0,0.286,3.0,7.0,0.429,0.0,0.0,0.0,1.0,1.0,2.0,1.0,1.0,2.0,1.0,1.0,11.0,-5.0
22200393,1610612743,DEN,Denver,201145,Jeff Green,Jeff,,,17:48,1.0,2.0,0.5,0.0,1.0,0.0,0.0,0.0,0.0,0.0,3.0,3.0,1.0,0.0,1.0,0.0,0.0,2.0,-1.0
22200393,1610612743,DEN,Denver,201599,DeAndre Jordan,DeAndre,,,12:38,1.0,1.0,1.0,0.0,0.0,0.0,0.0,0.0,0.0,1.0,4.0,5.0,1.0,0.0,0.0,1.0,2.0,2.0,-5.0
22200393,1610612743,DEN,Denver,1628427,Vlatko Čančar,Vlatko,,DNP - Coach's Decision,,,,,,,,,,,,,,,,,,,,
22200393,1610612743,DEN,Denver,1630192,Zeke Nnaji,Zeke,,DNP - Coach's Decision,,,,,,,,,,,,,,,,,,,,
22200393,1610612743,DEN,Denver,1628432,Davon Reed,Davon,,DNP - Coach's Decision,,,,,,,,,,,,,,,,,,,,
22200393,1610612743,DEN,Denver,202397,Ish Smith,Ish,,DNP - Coach's Decision,,,,,,,,,,,,,,,,,,,,
22200393,1610612743,DEN,Denver,1631212,Peyton Watson,Peyton,,DNP - Coach's Decision,,,,,,,,,,,,,,,,,,,,
22200394,1610612750,MIN,Minnesota,1630183,Jaden McDaniels,Jaden,F,,29:08,3.0,6.0,0.5,2.0,4.0,0.5,1.0,1.0,1.0,0.0,0.0,0.0,2.0,0.0,1.0,0.0,3.0,9.0,12.0
22200394,1610612750,MIN,Minnesota,203937,Kyle Anderson,Kyle,F,,39:29,5.0,9.0,0.556,0.0,0.0,0.0,4.0,4.0,1.0,0.0,7.0,7.0,6.0,1.0,0.0,2.0,3.0,14.0,-12.0
22200394,1610612750,MIN,Minnesota,203497,Rudy Gobert,Rudy,C,,36:07,9.0,11.0,0.818,0.0,0.0,0.0,6.0,9.0,0.667,1.0,8.0,9.0,2.0,4.0,1.0,1.0,4.0,24.0,7.0
22200394,1610612750,MIN,Minnesota,1630162,Anthony Edwards,Anthony,G,,40:30,10.0,20.0,0.5,4.0,8.0,0.5,2.0,4.0,0.5,1.0,5.0,6.0,7.0,2.0,0.0,3.0,3.0,26.0,0.0
22200394,1610612750,MIN,Minnesota,1626156,D'Angelo Russell,D'Angelo,G,,39:11,9.0,16.0,0.563,4.0,6.0,0.667,2.0,3.0,0.667,0.0,1.0,1.0,3.0,3.0,0.0,5.0,2.0,24.0,6.0
22200394,1610612750,MIN,Minnesota,1629675,Naz Reid,Naz,,,14:27,6.0,12.0,0.5,0.0,2.0,0.0,3.0,3.0,1.0,2.0,1.0,3.0,0.0,1.0,2.0,0.0,1.0,15.0,-17.0
22200394,1610612750,MIN,Minnesota,203085,Austin Rivers,Austin,,,21:26,0.0,1.0,0.0,0.0,0.0,0.0,0.0,0.0,0.0,0.0,1.0,1.0,0.0,0.0,0.0,1.0,2.0,0.0,-13.0
22200394,1610612750,MIN,Minnesota,1629669,Jaylen Nowell,Jaylen,,,16:01,3.0,8.0,0.375,0.0,3.0,0.0,0.0,0.0,0.0,0.0,0.0,0.0,2.0,0.0,0.0,0.0,1.0,6.0,-10.0
22200394,1610612750,MIN,Minnesota,1631111,Wendell Moore Jr.,Wendell,,,3:42,0.0,0.0,0.0,0.0,0.0,0.0,0.0,0.0,0.0,0.0,1.0,1.0,0.0,0.0,0.0,1.0,2.0,0.0,-3.0
22200394,1610612750,MIN,Minnesota,1627854,Bryn Forbes,Bryn,,DNP - Coach's Decision,,,,,,,,,,,,,,,,,,,,
22200394,1610612750,MIN,Minnesota,1630568,Luka Garza,Luka,,DNP - Coach's Decision,,,,,,,,,,,,,,,,,,,,
22200394,1610612750,MIN,Minnesota,1630233,Nathan Knight,Nathan,,DNP - Coach's Decision,,,,,,,,,,,,,,,,,,,,
22200394,1610612750,MIN,Minnesota,1630346,Matt Ryan,Matt,,DNP - Coach's Decision,,,,,,,,,,,,,,,,,,,,
22200394,1610612757,POR,Portland,1628404,Josh Hart,Josh,F,,32:37,4.0,8.0,0.5,3.0,3.0,1.0,0.0,0.0,0.0,2.0,6.0,8.0,4.0,2.0,0.0,2.0,5.0,11.0,8.0
22200394,1610612757,POR,Portland,203924,Jerami Grant,Jerami,F,,39:07,6.0,13.0,0.462,2.0,5.0,0.4,3.0,3.0,1.0,2.0,5.0,7.0,2.0,0.0,0.0,2.0,3.0,17.0,-2.0
22200394,1610612757,POR,Portland,203994,Jusuf Nurkić,Jusuf,C,,26:15,3.0,6.0,0.5,0.0,2.0,0.0,2.0,4.0,0.5,3.0,12.0,15.0,2.0,0.0,2.0,2.0,4.0,8.0,-8.0
22200394,1610612757,POR,Portland,1629014,Anfernee Simons,Anfernee,G,,34:48,13.0,22.0,0.591,5.0,10.0,0.5,0.0,0.0,0.0,1.0,2.0,3.0,1.0,0.0,0.0,2.0,3.0,31.0,-10.0
22200394,1610612757,POR,Portland,203081,Damian Lillard,Damian,G,,41:01,9.0,22.0,0.409,3.0,11.0,0.273,15.0,15.0,1.0,0.0,3.0,3.0,8.0,2.0,0.0,5.0,1.0,36.0,4.0
22200394,1610612757,POR,Portland,1629234,Drew Eubanks,Drew,,,20:02,5.0,5.0,1.0,0.0,0.0,0.0,0.0,0.0,0.0,0.0,0.0,0.0,1.0,0.0,1.0,0.0,2.0,10.0,16.0
22200394,1610612757,POR,Portland,1631101,Shaedon Sharpe,Shaedon,,,20:11,2.0,6.0,0.333,0.0,3.0,0.0,1.0,2.0,0.5,2.0,2.0,4.0,1.0,0.0,0.0,1.0,0.0,5.0,18.0
22200394,1610612757,POR,Portland,1626159,Justise Winslow,Justise,,,13:41,0.0,0.0,0.0,0.0,0.0,0.0,2.0,2.0,1.0,1.0,1.0,2.0,0.0,0.0,0.0,1.0,5.0,2.0,-7.0
22200394,1610612757,POR,Portland,1630570,Trendon Watford,Trendon,,,12:18,1.0,1.0,1.0,0.0,0.0,0.0,2.0,2.0,1.0,0.0,3.0,3.0,1.0,1.0,1.0,1.0,1.0,4.0,11.0
22200394,1610612757,POR,Portland,1630535,Greg Brown III,Greg,,DNP - Coach's Decision,,,,,,,,,,,,,,,,,,,,
22200394,1610612757,POR,Portland,1630553,Keon Johnson,Keon,,DNP - Coach's Decision,,,,,,,,,,,,,,,,,,,,
22200394,1610612757,POR,Portland,1631133,Jabari Walker,Jabari,,DNP - Coach's Decision,,,,,,,,,,,,,,,,,,,,
22200391,1610612742,DAL,Dallas,1627827,Dorian Finney-Smith,Dorian,F,,20:21,0.0,2.0,0.0,0.0,2.0,0.0,0.0,0.0,0.0,0.0,0.0,0.0,1.0,0.0,0.0,2.0,0.0,0.0,-13.0
22200391,1610612742,DAL,Dallas,1626174,Christian Wood,Christian,F,,27:50,8.0,15.0,0.533,3.0,7.0,0.429,2.0,3.0,0.667,1.0,8.0,9.0,2.0,0.0,1.0,2.0,0.0,21.0,-23.0
22200391,1610612742,DAL,Dallas,203939,Dwight Powell,Dwight,C,,17:59,3.0,4.0,0.75,0.0,0.0,0.0,0.0,0.0,0.0,2.0,4.0,6.0,0.0,0.0,0.0,0.0,2.0,6.0,-10.0
22200391,1610612742,DAL,Dallas,203501,Tim Hardaway Jr.,Tim,G,,21:35,4.0,13.0,0.308,2.0,10.0,0.2,2.0,2.0,1.0,0.0,1.0,1.0,0.0,0.0,0.0,1.0,1.0,12.0,-21.0
22200391,1610612742,DAL,Dallas,203915,Spencer Dinwiddie,Spencer,G,,29:10,9.0,15.0,0.6,3.0,6.0,0.5,6.0,7.0,0.857,1.0,3.0,4.0,8.0,1.0,0.0,1.0,2.0,27.0,-15.0
22200391,1610612742,DAL,Dallas,203493,Reggie Bullock Jr.,Reggie,,,23:21,1.0,1.0,1.0,1.0,1.0,1.0,0.0,0.0,0.0,0.0,2.0,2.0,1.0,2.0,0.0,0.0,2.0,3.0,3.0
22200391,1610612742,DAL,Dallas,202689,Kemba Walker,Kemba,,,19:30,2.0,5.0,0.4,0.0,2.0,0.0,4.0,5.0,0.8,1.0,1.0,2.0,5.0,0.0,1.0,0.0,3.0,8.0,2.0
22200391,1610612742,DAL,Dallas,1628373,Frank Ntilikina,Frank,,,25:22,0.0,7.0,0.0,0.0,4.0,0.0,0.0,0.0,0.0,1.0,4.0,5.0,6.0,0.0,1.0,0.0,1.0,0.0,-11.0
22200391,1610612742,DAL,Dallas,201580,JaVale McGee,JaVale,,,17:01,8.0,10.0,0.8,1.0,3.0,0.333,1.0,2.0,0.5,1.0,3.0,4.0,0.0,0.0,0.0,0.0,4.0,18.0,-16.0
22200391,1610612742,DAL,Dallas,1630702,Jaden Hardy,Jaden,,,22:55,5.0,13.0,0.385,0.0,4.0,0.0,5.0,5.0,1.0,0.0,1.0,1.0,1.0,1.0,1.0,1.0,2.0,15.0,-19.0
22200391,1610612742,DAL,Dallas,202722,Dāvis Bertāns,Dāvis,,,11:25,1.0,4.0,0.25,1.0,4.0,0.25,2.0,2.0,1.0,1.0,2.0,3.0,0.0,1.0,0.0,1.0,0.0,5.0,-15.0
22200391,1610612742,DAL,Dallas,1629033,Theo Pinson,Theo,,,3:31,0.0,1.0,0.0,0.0,1.0,0.0,0.0,0.0,0.0,0.0,0.0,0.0,0.0,0.0,0.0,0.0,0.0,0.0,-7.0
22200391,1610612741,CHI,Chicago,201942,DeMar DeRozan,DeMar,F,,31:34,9.0,13.0,0.692,1.0,2.0,0.5,9.0,9.0,1.0,0.0,9.0,9.0,5.0,0.0,0.0,2.0,1.0,28.0,38.0
22200391,1610612741,CHI,Chicago,1630172,Patrick Williams,Patrick,F,,30:30,6.0,10.0,0.6,4.0,5.0,0.8,0.0,0.0,0.0,0.0,3.0,3.0,3.0,0.0,2.0,0.0,0.0,16.0,16.0
22200391,1610612741,CHI,Chicago,202696,Nikola Vučević,Nikola,C,,26:06,8.0,11.0,0.727,2.0,3.0,0.667,2.0,2.0,1.0,2.0,6.0,8.0,4.0,1.0,1.0,0.0,3.0,20.0,10.0
22200391,1610612741,CHI,Chicago,203897,Zach LaVine,Zach,G,,26:32,7.0,11.0,0.636,2.0,5.0,0.4,0.0,0.0,0.0,0.0,3.0,3.0,3.0,2.0,0.0,2.0,0.0,16.0,8.0
22200391,1610612741,CHI,Chicago,1627936,Alex Caruso,Alex,G,,6:13,0.0,0.0,0.0,0.0,0.0,0.0,1.0,2.0,0.5,0.0,1.0,1.0,1.0,1.0,0.0,0.0,0.0,1.0,16.0
22200391,1610612741,CHI,Chicago,1629632,Coby White,Coby,,,26:22,1.0,7.0,0.143,0.0,5.0,0.0,0.0,0.0,0.0,0.0,4.0,4.0,7.0,1.0,2.0,1.0,4.0,2.0,-4.0
22200391,1610612741,CHI,Chicago,1630245,Ayo Dosunmu,Ayo,,,31:25,6.0,9.0,0.667,3.0,5.0,0.6,2.0,3.0,0.667,0.0,4.0,4.0,2.0,1.0,0.0,1.0,2.0,17.0,10.0
22200391,1610612741,CHI,Chicago,1627884,Derrick Jones Jr.,Derrick,,,20:01,6.0,10.0,0.6,4.0,5.0,0.8,0.0,0.0,0.0,1.0,4.0,5.0,1.0,1.0,0.0,0.0,3.0,16.0,7.0
22200391,1610612741,CHI,Chicago,201609,Goran Dragic,Goran,,,15:52,5.0,7.0,0.714,2.0,3.0,0.667,2.0,3.0,0.667,0.0,0.0,0.0,3.0,1.0,0.0,0.0,2.0,14.0,18.0
22200391,1610612741,CHI,Chicago,203083,Andre Drummond,Andre,,,18:23,4.0,5.0,0.8,0.0,0.0,0.0,1.0,5.0,0.2,1.0,6.0,7.0,1.0,0.0,0.0,1.0,0.0,9.0,12.0
22200391,1610612741,CHI,Chicago,1631207,Dalen Terry,Dalen,,,3:31,1.0,1.0,1.0,0.0,0.0,0.0,0.0,0.0,0.0,0.0,0.0,0.0,2.0,0.0,0.0,0.0,1.0,2.0,7.0
22200391,1610612741,CHI,Chicago,1628396,Tony Bradley,Tony,,,3:31,1.0,1.0,1.0,1.0,1.0,1.0,0.0,0.0,0.0,0.0,0.0,0.0,1.0,0.0,0.0,1.0,1.0,3.0,7.0
22200392,1610612738,BOS,Boston,1628369,Jayson Tatum,Jayson,F,,39:45,6.0,21.0,0.286,2.0,9.0,0.222,4.0,7.0,0.571,1.0,6.0,7.0,2.0,3.0,1.0,2.0,2.0,18.0,-13.0
22200392,1610612738,BOS,Boston,1629684,Grant Williams,Grant,F,,31:26,2.0,3.0,0.667,0.0,1.0,0.0,0.0,0.0,0.0,0.0,2.0,2.0,0.0,1.0,0.0,2.0,1.0,4.0,-6.0
22200392,1610612738,BOS,Boston,201933,Blake Griffin,Blake,C,,20:09,4.0,5.0,0.8,1.0,1.0,1.0,4.0,5.0,0.8,1.0,6.0,7.0,1.0,0.0,0.0,0.0,1.0,13.0,-3.0
22200392,1610612738,BOS,Boston,1627759,Jaylen Brown,Jaylen,G,,37:13,13.0,23.0,0.565,3.0,9.0,0.333,2.0,2.0,1.0,1.0,8.0,9.0,3.0,1.0,0.0,2.0,3.0,31.0,-9.0
22200392,1610612738,BOS,Boston,203935,Marcus Smart,Marcus,G,,34:47,4.0,12.0,0.333,2.0,6.0,0.333,3.0,4.0,0.75,1.0,3.0,4.0,5.0,3.0,2.0,2.0,1.0,13.0,-6.0
22200392,1610612738,BOS,Boston,1628436,Luke Kornet,Luke,,,9:52,0.0,0.0,0.0,0.0,0.0,0.0,0.0,0.0,0.0,0.0,1.0,1.0,0.0,0.0,0.0,0.0,2.0,0.0,-9.0
22200392,1610612738,BOS,Boston,1627763,Malcolm Brogdon,Malcolm,,,22:48,6.0,10.0,0.6,2.0,4.0,0.5,2.0,2.0,1.0,0.0,5.0,5.0,4.0,0.0,0.0,1.0,1.0,16.0,-13.0
22200392,1610612738,BOS,Boston,1630573,Sam Hauser,Sam,,,10:47,1.0,3.0,0.333,1.0,3.0,0.333,0.0,0.0,0.0,1.0,0.0,1.0,0.0,0.0,0.0,0.0,0.0,3.0,-7.0
22200392,1610612738,BOS,Boston,1628401,Derrick White,Derrick,,,22:14,1.0,7.0,0.143,0.0,4.0,0.0,4.0,6.0,0.667,0.0,2.0,2.0,0.0,0.0,3.0,1.0,3.0,6.0,-14.0
22200392,1610612738,BOS,Boston,1630202,Payton Pritchard,Payton,,,7:15,1.0,3.0,0.333,1.0,3.0,0.333,0.0,0.0,0.0,1.0,0.0,1.0,1.0,0.0,0.0,0.0,0.0,3.0,-4.0
22200392,1610612738,BOS,Boston,203943,Noah Vonleh,Noah,,,1:52,0.0,0.0,0.0,0.0,0.0,0.0,0.0,0.0,0.0,0.0,0.0,0.0,1.0,0.0,0.0,0.0,0.0,0.0,2.0
22200392,1610612738,BOS,Boston,1628382,Justin Jackson,Justin,,,1:52,0.0,0.0,0.0,0.0,0.0,0.0,0.0,0.0,0.0,0.0,0.0,0.0,0.0,0.0,0.0,0.0,0.0,0.0,2.0
22200392,1610612744,GSW,Golden State,1629673,Jordan Poole,Jordan,F,,32:35,5.0,16.0,0.313,1.0,9.0,0.111,9.0,10.0,0.9,0.0,3.0,3.0,4.0,0.0,1.0,2.0,1.0,20.0,-1.0
22200392,1610612744,GSW,Golden State,203110,Draymond Green,Draymond,F,,35:55,5.0,10.0,0.5,0.0,2.0,0.0,1.0,2.0,0.5,0.0,4.0,4.0,2.0,0.0,1.0,3.0,0.0,11.0,9.0
22200392,1610612744,GSW,Golden State,1626172,Kevon Looney,Kevon,C,,26:30,3.0,4.0,0.75,0.0,0.0,0.0,1.0,2.0,0.5,3.0,12.0,15.0,3.0,0.0,2.0,0.0,1.0,7.0,19.0
22200392,1610612744,GSW,Golden State,202691,Klay Thompson,Klay,G,,35:46,14.0,26.0,0.538,4.0,11.0,0.364,2.0,2.0,1.0,2.0,3.0,5.0,2.0,2.0,1.0,1.0,5.0,34.0,9.0
22200392,1610612744,GSW,Golden State,201939,Stephen Curry,Stephen,G,,37:26,12.0,21.0,0.571,6.0,11.0,0.545,2.0,2.0,1.0,1.0,5.0,6.0,7.0,0.0,1.0,4.0,3.0,32.0,20.0
22200392,1610612744,GSW,Golden State,1630541,Moses Moody,Moses,,,11:56,1.0,2.0,0.5,0.0,1.0,0.0,0.0,0.0,0.0,2.0,3.0,5.0,0.0,0.0,0.0,1.0,2.0,2.0,2.0
22200392,1610612744,GSW,Golden State,1628978,Donte DiVincenzo,Donte,,,17:30,1.0,3.0,0.333,1.0,2.0,0.5,0.0,0.0,0.0,1.0,7.0,8.0,3.0,1.0,0.0,0.0,3.0,3.0,20.0
22200392,1610612744,GSW,Golden State,1630228,Jonathan Kuminga,Jonathan,,,21:23,6.0,9.0,0.667,1.0,2.0,0.5,1.0,2.0,0.5,1.0,4.0,5.0,3.0,0.0,0.0,2.0,3.0,14.0,-3.0
22200392,1610612744,GSW,Golden State,203210,JaMychal Green,JaMychal,,,8:48,0.0,0.0,0.0,0.0,0.0,0.0,0.0,0.0,0.0,0.0,1.0,1.0,1.0,0.0,0.0,0.0,1.0,0.0,9.0
22200392,1610612744,GSW,Golden State,1630237,Anthony Lamb,Anthony,,,10:19,0.0,1.0,0.0,0.0,1.0,0.0,0.0,0.0,0.0,1.0,0.0,1.0,1.0,0.0,0.0,0.0,1.0,0.0,-2.0
22200392,1610612744,GSW,Golden State,1629660,Ty Jerome,Ty,,,1:52,0.0,0.0,0.0,0.0,0.0,0.0,0.0,0.0,0.0,0.0,0.0,0.0,0.0,0.0,0.0,0.0,0.0,0.0,-2.0
22200390,1610612760,OKC,Oklahoma City,1629652,Luguentz Dort,Luguentz,F,,21:35,3.0,10.0,0.3,1.0,6.0,0.167,0.0,0.0,0.0,1.0,0.0,1.0,1.0,0.0,0.0,1.0,3.0,7.0,-10.0
22200390,1610612760,OKC,Oklahoma City,1630197,Aleksej Pokusevski,Aleksej,F,,34:29,6.0,14.0,0.429,3.0,3.0,1.0,1.0,2.0,0.5,2.0,12.0,14.0,5.0,0.0,3.0,2.0,2.0,16.0,5.0
22200390,1610612760,OKC,Oklahoma City,1630526,Jeremiah Robinson-Earl,Jeremiah,C,,16:34,2.0,5.0,0.4,0.0,1.0,0.0,0.0,0.0,0.0,1.0,2.0,3.0,2.0,0.0,1.0,1.0,2.0,4.0,-13.0
22200390,1610612760,OKC,Oklahoma City,1630581,Josh Giddey,Josh,G,,38:21,7.0,16.0,0.438,1.0,4.0,0.25,2.0,2.0,1.0,1.0,12.0,13.0,6.0,1.0,1.0,2.0,2.0,17.0,-6.0
22200390,1610612760,OKC,Oklahoma City,1628983,Shai Gilgeous-Alexander,Shai,G,,31:24,7.0,13.0,0.538,0.0,2.0,0.0,9.0,9.0,1.0,1.0,1.0,2.0,3.0,2.0,0.0,2.0,6.0,23.0,-17.0
22200390,1610612760,OKC,Oklahoma City,1631114,Jalen Williams,Jalen,,,29:15,4.0,6.0,0.667,0.0,2.0,0.0,3.0,6.0,0.5,0.0,0.0,0.0,3.0,2.0,0.0,1.0,3.0,11.0,4.0
22200390,1610612760,OKC,Oklahoma City,203488,Mike Muscala,Mike,,,7:45,0.0,0.0,0.0,0.0,0.0,0.0,0.0,0.0,0.0,0.0,1.0,1.0,1.0,0.0,0.0,0.0,1.0,0.0,-9.0
22200390,1610612760,OKC,Oklahoma City,1630198,Isaiah Joe,Isaiah,,,19:25,4.0,7.0,0.571,3.0,6.0,0.5,1.0,1.0,1.0,1.0,2.0,3.0,1.0,2.0,0.0,1.0,2.0,12.0,8.0
22200390,1610612760,OKC,Oklahoma City,1629647,Darius Bazley,Darius,,,25:35,3.0,7.0,0.429,2.0,3.0,0.667,0.0,0.0,0.0,0.0,3.0,3.0,0.0,1.0,1.0,0.0,5.0,8.0,1.0
22200390,1610612760,OKC,Oklahoma City,1630544,Tre Mann,Tre,,,8:19,1.0,3.0,0.333,0.0,2.0,0.0,0.0,0.0,0.0,0.0,0.0,0.0,2.0,0.0,0.0,0.0,0.0,2.0,-1.0
22200390,1610612760,OKC,Oklahoma City,1630598,Aaron Wiggins,Aaron,,,7:18,1.0,2.0,0.5,0.0,0.0,0.0,0.0,0.0,0.0,0.0,0.0,0.0,1.0,0.0,0.0,0.0,0.0,2.0,-2.0
22200390,1610612760,OKC,Oklahoma City,1630647,Eugene Omoruyi,Eugene,,DNP - Coach's Decision,,,,,,,,,,,,,,,,,,,,
22200390,1610612760,OKC,Oklahoma City,1631119,Jaylin Williams,Jaylin,,DNP - Coach's Decision,,,,,,,,,,,,,,,,,,,,
22200390,1610612739,CLE,Cleveland,1630205,Lamar Stevens,Lamar,F,,31:04,4.0,9.0,0.444,2.0,5.0,0.4,0.0,0.0,0.0,1.0,6.0,7.0,1.0,3.0,1.0,0.0,1.0,10.0,15.0
22200390,1610612739,CLE,Cleveland,1630596,Evan Mobley,Evan,F,,36:50,8.0,14.0,0.571,2.0,3.0,0.667,3.0,5.0,0.6,3.0,9.0,12.0,3.0,0.0,0.0,2.0,4.0,21.0,9.0
22200390,1610612739,CLE,Cleveland,1628386,Jarrett Allen,Jarrett,C,,36:44,7.0,9.0,0.778,0.0,0.0,0.0,7.0,13.0,0.538,6.0,5.0,11.0,1.0,1.0,1.0,1.0,4.0,21.0,6.0
22200390,1610612739,CLE,Cleveland,1627747,Caris LeVert,Caris,G,,38:00,9.0,22.0,0.409,4.0,9.0,0.444,0.0,0.0,0.0,1.0,3.0,4.0,4.0,0.0,0.0,0.0,1.0,22.0,6.0
22200390,1610612739,CLE,Cleveland,1629636,Darius Garland,Darius,G,,33:59,3.0,9.0,0.333,1.0,4.0,0.25,6.0,6.0,1.0,0.0,3.0,3.0,8.0,2.0,0.0,6.0,1.0,13.0,9.0
22200390,1610612739,CLE,Cleveland,1626224,Cedi Osman,Cedi,,,25:33,3.0,10.0,0.3,0.0,4.0,0.0,2.0,2.0,1.0,1.0,4.0,5.0,1.0,0.0,0.0,1.0,1.0,8.0,-4.0
22200390,1610612739,CLE,Cleveland,1630171,Isaac Okoro,Isaac,,,18:57,3.0,7.0,0.429,2.0,4.0,0.5,0.0,0.0,0.0,0.0,3.0,3.0,2.0,0.0,2.0,0.0,2.0,8.0,-3.0
22200390,1610612739,CLE,Cleveland,203526,Raul Neto,Raul,,,13:42,2.0,4.0,0.5,1.0,3.0,0.333,0.0,0.0,0.0,0.0,1.0,1.0,4.0,0.0,0.0,0.0,0.0,5.0,-1.0
22200390,1610612739,CLE,Cleveland,201577,Robin Lopez,Robin,,,5:11,1.0,1.0,1.0,0.0,0.0,0.0,0.0,0.0,0.0,0.0,2.0,2.0,1.0,0.0,0.0,1.0,0.0,2.0,3.0
22200390,1610612739,CLE,Cleveland,1629603,Mamadi Diakite,Mamadi,,DNP - Coach's Decision,,,,,,,,,,,,,,,,,,,,
22200390,1610612739,CLE,Cleveland,1630600,Isaiah Mobley,Isaiah,,DNP - Coach's Decision,,,,,,,,,,,,,,,,,,,,
22200388,1610612751,BKN,Brooklyn,1630556,Kessler Edwards,Kessler,F,,34:37,3.0,9.0,0.333,0.0,4.0,0.0,0.0,0.0,0.0,4.0,5.0,9.0,0.0,1.0,0.0,3.0,2.0,6.0,4.0
22200388,1610612751,BKN,Brooklyn,202693,Markieff Morris,Markieff,F,,31:42,4.0,7.0,0.571,1.0,3.0,0.333,6.0,6.0,1.0,3.0,8.0,11.0,2.0,1.0,1.0,1.0,1.0,15.0,10.0
22200388,1610612751,BKN,Brooklyn,1630549,Day'Ron Sharpe,Day'Ron,C,,32:21,8.0,13.0,0.615,0.0,0.0,0.0,4.0,5.0,0.8,9.0,3.0,12.0,1.0,0.0,2.0,3.0,5.0,20.0,4.0
22200388,1610612751,BKN,Brooklyn,201988,Patty Mills,Patty,G,,33:56,10.0,20.0,0.5,3.0,8.0,0.375,1.0,2.0,0.5,0.0,6.0,6.0,6.0,1.0,0.0,2.0,0.0,24.0,8.0
22200388,1610612751,BKN,Brooklyn,1628410,Edmond Sumner,Edmond,G,,26:36,7.0,13.0,0.538,1.0,3.0,0.333,6.0,7.0,0.857,4.0,3.0,7.0,5.0,2.0,0.0,0.0,5.0,21.0,-4.0
22200388,1610612751,BKN,Brooklyn,1629139,Yuta Watanabe,Yuta,,,21:08,4.0,10.0,0.4,1.0,5.0,0.2,1.0,2.0,0.5,5.0,2.0,7.0,2.0,1.0,0.0,1.0,3.0,10.0,4.0
22200388,1610612751,BKN,Brooklyn,1630560,Cam Thomas,Cam,,,29:09,13.0,20.0,0.65,3.0,3.0,1.0,4.0,6.0,0.667,2.0,1.0,3.0,0.0,0.0,0.0,2.0,3.0,33.0,-8.0
22200388,1610612751,BKN,Brooklyn,1630561,David Duke Jr.,David,,,25:15,3.0,8.0,0.375,0.0,2.0,0.0,1.0,4.0,0.25,2.0,1.0,3.0,3.0,1.0,0.0,4.0,4.0,7.0,2.0
22200388,1610612751,BKN,Brooklyn,1631214,Alondes Williams,Alondes,,,5:16,0.0,0.0,0.0,0.0,0.0,0.0,0.0,0.0,0.0,0.0,1.0,1.0,0.0,0.0,0.0,2.0,1.0,0.0,-5.0
22200388,1610612751,BKN,Brooklyn,203552,Seth Curry,Seth,,DND - Injury/Illness,,,,,,,,,,,,,,,,,,,,
22200388,1610612751,BKN,Brooklyn,203925,Joe Harris,Joe,,DND - Injury/Illness,,,,,,,,,,,,,,,,,,,,
22200388,1610612754,IND,Indiana,1627741,Buddy Hield,Buddy,F,,33:25,6.0,11.0,0.545,4.0,8.0,0.5,1.0,1.0,1.0,3.0,1.0,4.0,2.0,0.0,0.0,3.0,2.0,17.0,-13.0
22200388,1610612754,IND,Indiana,1630188,Jalen Smith,Jalen,F,,13:14,5.0,10.0,0.5,3.0,8.0,0.375,0.0,0.0,0.0,0.0,3.0,3.0,1.0,0.0,0.0,2.0,2.0,13.0,-8.0
22200388,1610612754,IND,Indiana,1626167,Myles Turner,Myles,C,,29:31,6.0,11.0,0.545,1.0,3.0,0.333,3.0,5.0,0.6,1.0,2.0,3.0,2.0,0.0,1.0,1.0,5.0,16.0,-7.0
22200388,1610612754,IND,Indiana,1629614,Andrew Nembhard,Andrew,G,,31:43,2.0,6.0,0.333,1.0,4.0,0.25,0.0,0.0,0.0,0.0,2.0,2.0,7.0,2.0,0.0,2.0,2.0,5.0,-5.0
22200388,1610612754,IND,Indiana,1630169,Tyrese Haliburton,Tyrese,G,,36:51,12.0,15.0,0.8,7.0,8.0,0.875,4.0,4.0,1.0,0.0,1.0,1.0,9.0,3.0,1.0,5.0,1.0,35.0,-3.0
22200388,1610612754,IND,Indiana,1631097,Bennedict Mathurin,Bennedict,,,26:22,4.0,9.0,0.444,0.0,3.0,0.0,5.0,5.0,1.0,1.0,6.0,7.0,3.0,0.0,0.0,2.0,2.0,13.0,12.0
22200388,1610612754,IND,Indiana,204456,T.J. McConnell,T.J.,,,22:46,3.0,8.0,0.375,0.0,2.0,0.0,0.0,0.0,0.0,0.0,2.0,2.0,4.0,4.0,0.0,0.0,2.0,6.0,6.0
22200388,1610612754,IND,Indiana,1630543,Isaiah Jackson,Isaiah,,,12:03,1.0,4.0,0.25,0.0,1.0,0.0,0.0,2.0,0.0,1.0,1.0,2.0,1.0,1.0,1.0,1.0,3.0,2.0,-1.0
22200388,1610612754,IND,Indiana,1630174,Aaron Nesmith,Aaron,,,14:53,4.0,4.0,1.0,2.0,2.0,1.0,2.0,2.0,1.0,1.0,2.0,3.0,1.0,0.0,0.0,1.0,2.0,12.0,5.0
22200388,1610612754,IND,Indiana,1629052,Oshae Brissett,Oshae,,,19:12,4.0,7.0,0.571,3.0,5.0,0.6,3.0,5.0,0.6,0.0,3.0,3.0,0.0,0.0,0.0,1.0,6.0,14.0,-1.0
22200388,1610612754,IND,Indiana,1629048,Goga Bitadze,Goga,,DNP - Coach's Decision,,,,,,,,,,,,,,,,,,,,
22200388,1610612754,IND,Indiana,201949,James Johnson,James,,DNP - Coach's Decision,,,,,,,,,,,,,,,,,,,,
22200388,1610612754,IND,Indiana,1630678,Terry Taylor,Terry,,DNP - Coach's Decision,,,,,,,,,,,,,,,,,,,,
22200389,1610612746,LAC,LA,202331,Paul George,Paul,F,,40:53,13.0,27.0,0.481,5.0,12.0,0.417,5.0,5.0,1.0,2.0,5.0,7.0,6.0,3.0,2.0,2.0,4.0,36.0,8.0
22200389,1610612746,LAC,LA,202694,Marcus Morris Sr.,Marcus,F,,29:59,5.0,10.0,0.5,5.0,8.0,0.625,4.0,4.0,1.0,0.0,6.0,6.0,0.0,1.0,1.0,0.0,3.0,19.0,5.0
22200389,1610612746,LAC,LA,1627826,Ivica Zubac,Ivica,C,,19:57,2.0,5.0,0.4,0.0,0.0,0.0,0.0,0.0,0.0,2.0,3.0,5.0,0.0,0.0,0.0,2.0,2.0,4.0,-8.0
22200389,1610612746,LAC,LA,202695,Kawhi Leonard,Kawhi,G,,30:25,5.0,13.0,0.385,1.0,5.0,0.2,2.0,2.0,1.0,0.0,8.0,8.0,6.0,1.0,0.0,0.0,0.0,13.0,0.0
22200389,1610612746,LAC,LA,202322,John Wall,John,G,,29:01,5.0,13.0,0.385,0.0,4.0,0.0,3.0,4.0,0.75,0.0,1.0,1.0,3.0,2.0,1.0,2.0,1.0,13.0,-9.0
22200389,1610612746,LAC,LA,201587,Nicolas Batum,Nicolas,,,32:31,4.0,12.0,0.333,4.0,10.0,0.4,0.0,0.0,0.0,3.0,3.0,6.0,1.0,0.0,2.0,0.0,2.0,12.0,19.0
22200389,1610612746,LAC,LA,1628379,Luke Kennard,Luke,,,24:18,3.0,7.0,0.429,3.0,6.0,0.5,1.0,1.0,1.0,0.0,3.0,3.0,5.0,1.0,1.0,2.0,1.0,10.0,18.0
22200389,1610612746,LAC,LA,1629611,Terance Mann,Terance,,,11:34,0.0,2.0,0.0,0.0,1.0,0.0,0.0,0.0,0.0,1.0,3.0,4.0,0.0,1.0,0.0,1.0,3.0,0.0,7.0
22200389,1610612746,LAC,LA,1629650,Moses Brown,Moses,,,6:44,2.0,2.0,1.0,0.0,0.0,0.0,0.0,0.0,0.0,1.0,0.0,1.0,0.0,0.0,0.0,0.0,0.0,4.0,-4.0
22200389,1610612746,LAC,LA,1630527,Brandon Boston,Brandon,,,14:38,1.0,3.0,0.333,1.0,2.0,0.5,0.0,0.0,0.0,0.0,1.0,1.0,1.0,0.0,0.0,1.0,0.0,3.0,-1.0
22200389,1610612746,LAC,LA,1629599,Amir Coffey,Amir,,DNP - Coach's Decision,,,,,,,,,,,,,,,,,,,,
22200389,1610612746,LAC,LA,203496,Robert Covington,Robert,,DNP - Coach's Decision,,,,,,,,,,,,,,,,,,,,
22200389,1610612746,LAC,LA,1630554,Jason Preston,Jason,,DNP - Coach's Decision,,,,,,,,,,,,,,,,,,,,
22200389,1610612764,WAS,Washington,1630166,Deni Avdija,Deni,F,,38:38,4.0,10.0,0.4,3.0,7.0,0.429,0.0,0.0,0.0,0.0,6.0,6.0,6.0,0.0,1.0,1.0,1.0,11.0,4.0
22200389,1610612764,WAS,Washington,1628398,Kyle Kuzma,Kyle,F,,38:13,14.0,27.0,0.519,7.0,11.0,0.636,0.0,0.0,0.0,2.0,10.0,12.0,3.0,1.0,0.0,6.0,2.0,35.0,-5.0
22200389,1610612764,WAS,Washington,204001,Kristaps Porziņģis,Kristaps,C,,37:21,8.0,20.0,0.4,2.0,4.0,0.5,12.0,13.0,0.923,0.0,15.0,15.0,5.0,0.0,2.0,3.0,3.0,30.0,6.0
22200389,1610612764,WAS,Washington,1630557,Corey Kispert,Corey,G,,42:51,3.0,11.0,0.273,1.0,5.0,0.2,0.0,0.0,0.0,2.0,3.0,5.0,1.0,0.0,0.0,0.0,0.0,7.0,-9.0
22200389,1610612764,WAS,Washington,1630692,Jordan Goodwin,Jordan,G,,38:02,6.0,13.0,0.462,2.0,5.0,0.4,3.0,4.0,0.75,2.0,2.0,4.0,6.0,6.0,0.0,1.0,3.0,17.0,5.0
22200389,1610612764,WAS,Washington,1629653,Devon Dotson,Devon,,,15:07,1.0,3.0,0.333,1.0,2.0,0.5,0.0,0.0,0.0,2.0,2.0,4.0,3.0,1.0,0.0,2.0,4.0,3.0,-10.0
22200389,1610612764,WAS,Washington,1630264,Anthony Gill,Anthony,,,16:25,1.0,1.0,1.0,0.0,0.0,0.0,2.0,2.0,1.0,0.0,3.0,3.0,0.0,0.0,0.0,0.0,2.0,4.0,-8.0
22200389,1610612764,WAS,Washington,1629655,Daniel Gafford,Daniel,,,10:39,0.0,0.0,0.0,0.0,0.0,0.0,0.0,0.0,0.0,0.0,1.0,1.0,0.0,0.0,0.0,0.0,0.0,0.0,-13.0
22200389,1610612764,WAS,Washington,201959,Taj Gibson,Taj,,,2:44,0.0,0.0,0.0,0.0,0.0,0.0,0.0,0.0,0.0,0.0,0.0,0.0,0.0,0.0,0.0,1.0,0.0,0.0,-5.0
22200389,1610612764,WAS,Washington,1630176,Vernon Carey Jr.,Vernon,,DNP - Coach's Decision,,,,,,,,,,,,,,,,,,,,
22200389,1610612764,WAS,Washington,1630225,Isaiah Todd,Isaiah,,DNP - Coach's Decision,,,,,,,,,,,,,,,,,,,,
22200382,1610612747,LAL,Los Angeles,1629022,Lonnie Walker IV,Lonnie,F,,32:54,6.0,11.0,0.545,3.0,5.0,0.6,0.0,0.0,0.0,0.0,3.0,3.0,0.0,0.0,1.0,3.0,0.0,15.0,-6.0
22200382,1610612747,LAL,Los Angeles,2544,LeBron James,LeBron,F,,43:50,9.0,22.0,0.409,1.0,8.0,0.125,4.0,8.0,0.5,1.0,3.0,4.0,6.0,2.0,0.0,3.0,3.0,23.0,-10.0
22200382,1610612747,LAL,Los Angeles,203076,Anthony Davis,Anthony,C,,36:10,9.0,13.0,0.692,0.0,1.0,0.0,13.0,14.0,0.929,2.0,10.0,12.0,0.0,2.0,2.0,3.0,5.0,31.0,16.0
22200382,1610612747,LAL,Los Angeles,201976,Patrick Beverley,Patrick,G,,38:17,4.0,4.0,1.0,1.0,1.0,1.0,0.0,0.0,0.0,0.0,3.0,3.0,3.0,2.0,1.0,2.0,4.0,9.0,5.0
22200382,1610612747,LAL,Los Angeles,203471,Dennis Schröder,Dennis,G,,21:22,2.0,5.0,0.4,0.0,2.0,0.0,0.0,0.0,0.0,0.0,1.0,1.0,4.0,0.0,0.0,1.0,1.0,4.0,-17.0
22200382,1610612747,LAL,Los Angeles,201566,Russell Westbrook,Russell,,,36:15,4.0,14.0,0.286,1.0,5.0,0.2,3.0,4.0,0.75,2.0,9.0,11.0,11.0,4.0,0.0,4.0,4.0,12.0,-7.0
22200382,1610612747,LAL,Los Angeles,1630559,Austin Reaves,Austin,,,40:50,9.0,15.0,0.6,4.0,6.0,0.667,3.0,4.0,0.75,1.0,1.0,2.0,5.0,2.0,0.0,3.0,5.0,25.0,-4.0
22200382,1610612747,LAL,Los Angeles,1628972,Troy Brown Jr.,Troy,,,9:22,0.0,3.0,0.0,0.0,2.0,0.0,0.0,0.0,0.0,0.0,0.0,0.0,0.0,0.0,0.0,0.0,0.0,0.0,-19.0
22200382,1610612747,LAL,Los Angeles,1628418,Thomas Bryant,Thomas,,,6:01,1.0,1.0,1.0,1.0,1.0,1.0,0.0,0.0,0.0,1.0,0.0,1.0,0.0,0.0,0.0,0.0,1.0,3.0,-13.0
22200382,1610612747,LAL,Los Angeles,1631108,Max Christie,Max,,DNP - Coach's Decision,,,,,,,,,,,,,,,,,,,,
22200382,1610612747,LAL,Los Angeles,1627745,Damian Jones,Damian,,DNP - Coach's Decision,,,,,,,,,,,,,,,,,,,,
22200382,1610612747,LAL,Los Angeles,1629134,Kendrick Nunn,Kendrick,,DNP - Coach's Decision,,,,,,,,,,,,,,,,,,,,
22200382,1610612755,PHI,Philadelphia,202699,Tobias Harris,Tobias,F,,41:28,5.0,11.0,0.455,2.0,6.0,0.333,2.0,2.0,1.0,1.0,8.0,9.0,4.0,0.0,1.0,3.0,5.0,14.0,15.0
22200382,1610612755,PHI,Philadelphia,200782,P.J. Tucker,P.J.,F,,33:13,1.0,4.0,0.25,1.0,3.0,0.333,0.0,0.0,0.0,2.0,3.0,5.0,2.0,1.0,0.0,1.0,4.0,3.0,-5.0
22200382,1610612755,PHI,Philadelphia,203954,Joel Embiid,Joel,C,,46:03,14.0,19.0,0.737,3.0,4.0,0.75,7.0,8.0,0.875,3.0,9.0,12.0,5.0,1.0,0.0,7.0,4.0,38.0,20.0
22200382,1610612755,PHI,Philadelphia,1629001,De'Anthony Melton,De'Anthony,G,,43:04,11.0,16.0,0.688,8.0,12.0,0.667,3.0,4.0,0.75,0.0,4.0,4.0,2.0,7.0,0.0,2.0,1.0,33.0,3.0
22200382,1610612755,PHI,Philadelphia,201935,James Harden,James,G,,47:21,9.0,19.0,0.474,3.0,8.0,0.375,7.0,8.0,0.875,1.0,3.0,4.0,12.0,2.0,1.0,5.0,2.0,28.0,10.0
22200382,1610612755,PHI,Philadelphia,1629003,Shake Milton,Shake,,,24:12,3.0,8.0,0.375,0.0,3.0,0.0,0.0,0.0,0.0,0.0,4.0,4.0,3.0,0.0,0.0,2.0,6.0,6.0,10.0
22200382,1610612755,PHI,Philadelphia,1627788,Furkan Korkmaz,Furkan,,,9:17,1.0,5.0,0.2,0.0,1.0,0.0,0.0,0.0,0.0,0.0,3.0,3.0,1.0,0.0,0.0,0.0,0.0,2.0,0.0
22200382,1610612755,PHI,Philadelphia,1630194,Paul Reed,Paul,,,3:37,0.0,1.0,0.0,0.0,0.0,0.0,0.0,0.0,0.0,0.0,0.0,0.0,0.0,0.0,0.0,0.0,3.0,0.0,-12.0
22200382,1610612755,PHI,Philadelphia,1629680,Matisse Thybulle,Matisse,,,13:25,4.0,7.0,0.571,1.0,3.0,0.333,0.0,0.0,0.0,0.0,0.0,0.0,1.0,3.0,0.0,1.0,3.0,9.0,11.0
22200382,1610612755,PHI,Philadelphia,1626149,Montrezl Harrell,Montrezl,,,3:20,0.0,0.0,0.0,0.0,0.0,0.0,0.0,0.0,0.0,0.0,1.0,1.0,0.0,0.0,0.0,0.0,2.0,0.0,3.0
22200382,1610612755,PHI,Philadelphia,1630531,Jaden Springer,Jaden,,DNP - Coach's Decision,,,,,,,,,,,,,,,,,,,,
22200386,1610612749,MIL,Milwaukee,203114,Khris Middleton,Khris,F,,31:13,6.0,17.0,0.353,2.0,8.0,0.25,5.0,6.0,0.833,0.0,3.0,3.0,5.0,1.0,1.0,1.0,2.0,19.0,6.0
22200386,1610612749,MIL,Milwaukee,203507,Giannis Antetokounmpo,Giannis,F,,35:08,10.0,20.0,0.5,1.0,1.0,1.0,7.0,10.0,0.7,4.0,6.0,10.0,3.0,1.0,0.0,7.0,6.0,28.0,-2.0
22200386,1610612749,MIL,Milwaukee,201572,Brook Lopez,Brook,C,,29:04,1.0,4.0,0.25,0.0,1.0,0.0,2.0,2.0,1.0,0.0,6.0,6.0,0.0,0.0,3.0,1.0,2.0,4.0,-6.0
22200386,1610612749,MIL,Milwaukee,1628960,Grayson Allen,Grayson,G,,33:29,4.0,8.0,0.5,1.0,5.0,0.2,3.0,3.0,1.0,1.0,4.0,5.0,5.0,2.0,0.0,0.0,1.0,12.0,-3.0
22200386,1610612749,MIL,Milwaukee,201950,Jrue Holiday,Jrue,G,,36:50,6.0,13.0,0.462,3.0,5.0,0.6,2.0,2.0,1.0,3.0,4.0,7.0,6.0,0.0,0.0,2.0,3.0,17.0,-5.0
22200386,1610612749,MIL,Milwaukee,1626171,Bobby Portis,Bobby,,,16:28,5.0,11.0,0.455,0.0,2.0,0.0,0.0,0.0,0.0,2.0,6.0,8.0,0.0,0.0,0.0,1.0,3.0,10.0,1.0
22200386,1610612749,MIL,Milwaukee,1628975,Jevon Carter,Jevon,,,11:55,1.0,2.0,0.5,0.0,0.0,0.0,0.0,0.0,0.0,0.0,2.0,2.0,2.0,1.0,0.0,2.0,0.0,2.0,-4.0
22200386,1610612749,MIL,Milwaukee,1626192,Pat Connaughton,Pat,,,24:53,3.0,9.0,0.333,2.0,7.0,0.286,0.0,0.0,0.0,3.0,4.0,7.0,2.0,0.0,0.0,0.0,4.0,8.0,9.0
22200386,1610612749,MIL,Milwaukee,201588,George Hill,George,,,21:01,2.0,3.0,0.667,2.0,3.0,0.667,0.0,0.0,0.0,0.0,3.0,3.0,4.0,0.0,0.0,1.0,0.0,6.0,9.0
22200386,1610612749,MIL,Milwaukee,203648,Thanasis Antetokounmpo,Thanasis,,DNP - Coach's Decision,,,,,,,,,,,,,,,,,,,,
22200386,1610612749,MIL,Milwaukee,1630699,MarJon Beauchamp,MarJon,,DNP - Coach's Decision,,,,,,,,,,,,,,,,,,,,
22200386,1610612749,MIL,Milwaukee,1631260,AJ Green,AJ,,DNP - Coach's Decision,,,,,,,,,,,,,,,,,,,,
22200386,1610612749,MIL,Milwaukee,201586,Serge Ibaka,Serge,,DNP - Coach's Decision,,,,,,,,,,,,,,,,,,,,
22200386,1610612749,MIL,Milwaukee,1629670,Jordan Nwora,Jordan,,DNP - Coach's Decision,,,,,,,,,,,,,,,,,,,,
22200386,1610612742,DAL,Dallas,203501,Tim Hardaway Jr.,Tim,F,,28:00,3.0,9.0,0.333,2.0,7.0,0.286,0.0,3.0,0.0,0.0,4.0,4.0,0.0,1.0,0.0,1.0,0.0,8.0,2.0
22200386,1610612742,DAL,Dallas,1627827,Dorian Finney-Smith,Dorian,F,,28:27,2.0,6.0,0.333,1.0,5.0,0.2,0.0,2.0,0.0,4.0,4.0,8.0,1.0,3.0,2.0,0.0,1.0,5.0,0.0
22200386,1610612742,DAL,Dallas,203939,Dwight Powell,Dwight,C,,18:59,4.0,5.0,0.8,0.0,0.0,0.0,1.0,3.0,0.333,3.0,0.0,3.0,0.0,1.0,1.0,1.0,4.0,9.0,-2.0
22200386,1610612742,DAL,Dallas,203915,Spencer Dinwiddie,Spencer,G,,31:54,5.0,13.0,0.385,2.0,6.0,0.333,3.0,4.0,0.75,2.0,2.0,4.0,4.0,1.0,1.0,3.0,4.0,15.0,1.0
22200386,1610612742,DAL,Dallas,1629029,Luka Dončić,Luka,G,,36:33,13.0,28.0,0.464,3.0,11.0,0.273,4.0,10.0,0.4,1.0,5.0,6.0,11.0,2.0,0.0,1.0,2.0,33.0,6.0
22200386,1610612742,DAL,Dallas,1626174,Christian Wood,Christian,,,23:10,6.0,14.0,0.429,2.0,5.0,0.4,0.0,0.0,0.0,0.0,9.0,9.0,2.0,0.0,0.0,2.0,4.0,14.0,2.0
22200386,1610612742,DAL,Dallas,1630182,Josh Green,Josh,,,25:51,3.0,5.0,0.6,0.0,0.0,0.0,2.0,2.0,1.0,1.0,1.0,2.0,1.0,0.0,0.0,1.0,2.0,8.0,-12.0
22200386,1610612742,DAL,Dallas,203493,Reggie Bullock Jr.,Reggie,,,18:56,2.0,3.0,0.667,1.0,2.0,0.5,0.0,0.0,0.0,0.0,5.0,5.0,1.0,0.0,0.0,0.0,1.0,5.0,-3.0
22200386,1610612742,DAL,Dallas,1628467,Maxi Kleber,Maxi,,,28:10,3.0,5.0,0.6,2.0,4.0,0.5,0.0,0.0,0.0,1.0,1.0,2.0,1.0,0.0,2.0,1.0,3.0,8.0,1.0
22200386,1610612742,DAL,Dallas,202722,Dāvis Bertāns,Dāvis,,DNP - Coach's Decision,,,,,,,,,,,,,,,,,,,,
22200386,1610612742,DAL,Dallas,201580,JaVale McGee,JaVale,,DNP - Coach's Decision,,,,,,,,,,,,,,,,,,,,
22200386,1610612742,DAL,Dallas,1628373,Frank Ntilikina,Frank,,DNP - Coach's Decision,,,,,,,,,,,,,,,,,,,,
22200386,1610612742,DAL,Dallas,1629033,Theo Pinson,Theo,,DNP - Coach's Decision,,,,,,,,,,,,,,,,,,,,
22200386,1610612742,DAL,Dallas,202689,Kemba Walker,Kemba,,DNP - Coach's Decision,,,,,,,,,,,,,,,,,,,,
22200383,1610612765,DET,Detroit,202711,Bojan Bogdanović,Bojan,F,,22:12,6.0,15.0,0.4,2.0,6.0,0.333,5.0,5.0,1.0,3.0,1.0,4.0,0.0,0.0,0.0,2.0,1.0,19.0,-19.0
22200383,1610612765,DET,Detroit,1630191,Isaiah Stewart,Isaiah,F,,28:23,5.0,9.0,0.556,3.0,6.0,0.5,0.0,0.0,0.0,2.0,5.0,7.0,0.0,0.0,2.0,3.0,4.0,13.0,-12.0
22200383,1610612765,DET,Detroit,1631105,Jalen Duren,Jalen,C,,27:31,5.0,7.0,0.714,0.0,0.0,0.0,0.0,0.0,0.0,2.0,10.0,12.0,0.0,0.0,0.0,1.0,3.0,10.0,-12.0
22200383,1610612765,DET,Detroit,1631093,Jaden Ivey,Jaden,G,,27:26,4.0,14.0,0.286,1.0,5.0,0.2,1.0,2.0,0.5,0.0,4.0,4.0,5.0,1.0,0.0,5.0,3.0,10.0,-9.0
22200383,1610612765,DET,Detroit,1630165,Killian Hayes,Killian,G,,18:34,2.0,8.0,0.25,0.0,3.0,0.0,1.0,1.0,1.0,1.0,0.0,1.0,5.0,2.0,0.0,3.0,5.0,5.0,-14.0
22200383,1610612765,DET,Detroit,203585,Rodney McGruder,Rodney,,,15:20,0.0,3.0,0.0,0.0,2.0,0.0,2.0,2.0,1.0,0.0,2.0,2.0,0.0,0.0,0.0,0.0,1.0,2.0,2.0
22200383,1610612765,DET,Detroit,1630180,Saddiq Bey,Saddiq,,,28:47,2.0,10.0,0.2,1.0,4.0,0.25,5.0,6.0,0.833,0.0,2.0,2.0,3.0,1.0,0.0,1.0,3.0,10.0,11.0
22200383,1610612765,DET,Detroit,1628963,Marvin Bagley III,Marvin,,,20:29,6.0,12.0,0.5,0.0,2.0,0.0,2.0,5.0,0.4,4.0,5.0,9.0,1.0,0.0,4.0,3.0,3.0,14.0,1.0
22200383,1610612765,DET,Detroit,202709,Cory Joseph,Cory,,,17:27,0.0,2.0,0.0,0.0,2.0,0.0,1.0,2.0,0.5,0.0,2.0,2.0,5.0,0.0,1.0,1.0,0.0,1.0,-1.0
22200383,1610612765,DET,Detroit,1628995,Kevin Knox II,Kevin,,,16:38,4.0,5.0,0.8,3.0,3.0,1.0,2.0,2.0,1.0,1.0,3.0,4.0,0.0,0.0,0.0,0.0,4.0,13.0,-2.0
22200383,1610612765,DET,Detroit,202692,Alec Burks,Alec,,,17:13,2.0,5.0,0.4,1.0,2.0,0.5,1.0,2.0,0.5,0.0,0.0,0.0,4.0,2.0,0.0,0.0,2.0,6.0,0.0
22200383,1610612765,DET,Detroit,1628977,Hamidou Diallo,Hamidou,,DNP - Coach's Decision,,,,,,,,,,,,,,,,,,,,
22200383,1610612765,DET,Detroit,203457,Nerlens Noel,Nerlens,,DNP - Coach's Decision,,,,,,,,,,,,,,,,,,,,
22200383,1610612763,MEM,Memphis,1628415,Dillon Brooks,Dillon,F,,31:33,6.0,14.0,0.429,1.0,5.0,0.2,3.0,4.0,0.75,1.0,0.0,1.0,4.0,0.0,0.0,1.0,3.0,16.0,9.0
22200383,1610612763,MEM,Memphis,1628991,Jaren Jackson Jr.,Jaren,F,,29:38,8.0,12.0,0.667,3.0,5.0,0.6,1.0,4.0,0.25,1.0,4.0,5.0,0.0,2.0,4.0,2.0,3.0,20.0,7.0
22200383,1610612763,MEM,Memphis,203500,Steven Adams,Steven,C,,23:00,5.0,8.0,0.625,0.0,0.0,0.0,0.0,2.0,0.0,3.0,5.0,8.0,4.0,1.0,1.0,2.0,1.0,10.0,17.0
22200383,1610612763,MEM,Memphis,1629723,John Konchar,John,G,,24:53,4.0,8.0,0.5,0.0,2.0,0.0,0.0,0.0,0.0,0.0,4.0,4.0,1.0,1.0,0.0,0.0,2.0,8.0,19.0
22200383,1610612763,MEM,Memphis,1629630,Ja Morant,Ja,G,,32:32,6.0,20.0,0.3,0.0,7.0,0.0,3.0,5.0,0.6,1.0,5.0,6.0,12.0,3.0,1.0,4.0,3.0,15.0,22.0
22200383,1610612763,MEM,Memphis,1630583,Santi Aldama,Santi,,,18:22,2.0,4.0,0.5,2.0,3.0,0.667,3.0,4.0,0.75,2.0,3.0,5.0,0.0,2.0,0.0,0.0,1.0,9.0,4.0
22200383,1610612763,MEM,Memphis,1631223,David Roddy,David,,,15:09,1.0,3.0,0.333,1.0,2.0,0.5,4.0,6.0,0.667,1.0,0.0,1.0,0.0,0.0,2.0,1.0,2.0,7.0,4.0
22200383,1610612763,MEM,Memphis,1626145,Tyus Jones,Tyus,,,22:20,4.0,11.0,0.364,2.0,6.0,0.333,0.0,0.0,0.0,1.0,5.0,6.0,7.0,1.0,0.0,1.0,0.0,10.0,-7.0
22200383,1610612763,MEM,Memphis,1629634,Brandon Clarke,Brandon,,,23:57,7.0,8.0,0.875,0.0,0.0,0.0,3.0,7.0,0.429,2.0,5.0,7.0,2.0,1.0,0.0,1.0,4.0,17.0,-4.0
22200383,1610612763,MEM,Memphis,1630533,Ziaire Williams,Ziaire,,,16:30,1.0,3.0,0.333,0.0,2.0,0.0,0.0,0.0,0.0,0.0,4.0,4.0,0.0,0.0,0.0,2.0,0.0,2.0,-12.0
22200383,1610612763,MEM,Memphis,1631113,Kennedy Chandler,Kennedy,,,1:03,0.0,0.0,0.0,0.0,0.0,0.0,0.0,0.0,0.0,0.0,1.0,1.0,0.0,0.0,0.0,0.0,0.0,0.0,-2.0
22200383,1610612763,MEM,Memphis,1630214,Xavier Tillman,Xavier,,,1:03,0.0,0.0,0.0,0.0,0.0,0.0,0.0,0.0,0.0,0.0,0.0,0.0,0.0,0.0,0.0,0.0,0.0,0.0,-2.0
22200384,1610612756,PHX,Phoenix,1628969,Mikal Bridges,Mikal,F,,35:16,4.0,12.0,0.333,3.0,5.0,0.6,0.0,0.0,0.0,2.0,3.0,5.0,3.0,2.0,0.0,1.0,5.0,11.0,-7.0
22200384,1610612756,PHX,Phoenix,1628470,Torrey Craig,Torrey,F,,30:12,5.0,9.0,0.556,4.0,7.0,0.571,0.0,0.0,0.0,1.0,4.0,5.0,3.0,0.0,0.0,3.0,0.0,14.0,-13.0
22200384,1610612756,PHX,Phoenix,1629028,Deandre Ayton,Deandre,C,,39:39,11.0,15.0,0.733,0.0,0.0,0.0,3.0,5.0,0.6,4.0,10.0,14.0,2.0,1.0,1.0,3.0,3.0,25.0,-11.0
22200384,1610612756,PHX,Phoenix,1626164,Devin Booker,Devin,G,,36:00,5.0,17.0,0.294,2.0,8.0,0.25,2.0,4.0,0.5,0.0,2.0,2.0,7.0,1.0,0.0,3.0,4.0,14.0,-18.0
22200384,1610612756,PHX,Phoenix,101108,Chris Paul,Chris,G,,34:05,7.0,14.0,0.5,6.0,9.0,0.667,4.0,4.0,1.0,0.0,8.0,8.0,7.0,0.0,0.0,3.0,3.0,24.0,3.0
22200384,1610612756,PHX,Phoenix,1626166,Cameron Payne,Cameron,,,16:08,2.0,6.0,0.333,1.0,5.0,0.2,0.0,0.0,0.0,0.0,1.0,1.0,5.0,1.0,0.0,0.0,1.0,5.0,-17.0
22200384,1610612756,PHX,Phoenix,1627814,Damion Lee,Damion,,,18:39,4.0,6.0,0.667,4.0,6.0,0.667,0.0,0.0,0.0,0.0,0.0,0.0,0.0,0.0,1.0,0.0,2.0,12.0,3.0
22200384,1610612756,PHX,Phoenix,1629006,Josh Okogie,Josh,,,12:44,1.0,2.0,0.5,1.0,2.0,0.5,0.0,0.0,0.0,1.0,1.0,2.0,1.0,0.0,0.0,1.0,4.0,3.0,5.0
22200384,1610612756,PHX,Phoenix,1629111,Jock Landale,Jock,,,11:54,4.0,5.0,0.8,1.0,2.0,0.5,0.0,0.0,0.0,0.0,0.0,0.0,0.0,0.0,1.0,1.0,3.0,9.0,-2.0
22200384,1610612756,PHX,Phoenix,1629013,Landry Shamet,Landry,,,4:37,0.0,0.0,0.0,0.0,0.0,0.0,0.0,0.0,0.0,0.0,0.0,0.0,2.0,1.0,0.0,1.0,0.0,0.0,0.0
22200384,1610612756,PHX,Phoenix,203967,Dario Šarić,Dario,,,0:46,0.0,0.0,0.0,0.0,0.0,0.0,0.0,0.0,0.0,0.0,0.0,0.0,0.0,0.0,0.0,0.0,0.0,0.0,2.0
22200384,1610612756,PHX,Phoenix,202687,Bismack Biyombo,Bismack,,DNP - Coach's Decision,,,,,,,,,,,,,,,,,,,,
22200384,1610612756,PHX,Phoenix,1630688,Ish Wainright,Ish,,DNP - Coach's Decision,,,,,,,,,,,,,,,,,,,,
22200384,1610612740,NOP,New Orleans,1630530,Trey Murphy III,Trey,F,,27:18,1.0,5.0,0.2,1.0,5.0,0.2,0.0,0.0,0.0,0.0,3.0,3.0,1.0,0.0,0.0,2.0,2.0,3.0,-3.0
22200384,1610612740,NOP,New Orleans,1629627,Zion Williamson,Zion,F,,36:44,13.0,17.0,0.765,0.0,0.0,0.0,9.0,12.0,0.75,1.0,6.0,7.0,4.0,1.0,0.0,2.0,0.0,35.0,30.0
22200384,1610612740,NOP,New Orleans,202685,Jonas Valančiūnas,Jonas,C,,28:09,4.0,16.0,0.25,0.0,3.0,0.0,4.0,4.0,1.0,2.0,8.0,10.0,0.0,0.0,0.0,2.0,1.0,12.0,-4.0
22200384,1610612740,NOP,New Orleans,203468,CJ McCollum,CJ,G,,33:05,7.0,16.0,0.438,1.0,6.0,0.167,3.0,3.0,1.0,1.0,6.0,7.0,5.0,1.0,0.0,1.0,1.0,18.0,8.0
22200384,1610612740,NOP,New Orleans,1630700,Dyson Daniels,Dyson,G,,19:22,2.0,3.0,0.667,0.0,0.0,0.0,0.0,0.0,0.0,2.0,2.0,4.0,2.0,0.0,0.0,1.0,2.0,4.0,-2.0
22200384,1610612740,NOP,New Orleans,1630230,Naji Marshall,Naji,,,31:16,5.0,11.0,0.455,2.0,6.0,0.333,2.0,3.0,0.667,1.0,1.0,2.0,4.0,1.0,0.0,0.0,2.0,14.0,-1.0
22200384,1610612740,NOP,New Orleans,1626204,Larry Nance Jr.,Larry,,,24:06,7.0,10.0,0.7,0.0,0.0,0.0,3.0,4.0,0.75,6.0,3.0,9.0,5.0,4.0,1.0,1.0,3.0,17.0,11.0
22200384,1610612740,NOP,New Orleans,1628984,Devonte' Graham,Devonte',,,14:55,1.0,2.0,0.5,1.0,2.0,0.5,2.0,2.0,1.0,0.0,1.0,1.0,4.0,0.0,0.0,1.0,0.0,5.0,3.0
22200384,1610612740,NOP,New Orleans,1630631,Jose Alvarado,Jose,,,25:05,6.0,10.0,0.6,3.0,5.0,0.6,5.0,7.0,0.714,0.0,1.0,1.0,2.0,3.0,0.0,1.0,4.0,20.0,13.0
22200384,1610612740,NOP,New Orleans,1629637,Jaxson Hayes,Jaxson,,DNP - Coach's Decision,,,,,,,,,,,,,,,,,,,,
22200384,1610612740,NOP,New Orleans,1626195,Willy Hernangomez,Willy,,DNP - Coach's Decision,,,,,,,,,,,,,,,,,,,,
22200384,1610612740,NOP,New Orleans,1630184,Kira Lewis Jr.,Kira,,DNP - Coach's Decision,,,,,,,,,,,,,,,,,,,,
22200384,1610612740,NOP,New Orleans,202066,Garrett Temple,Garrett,,DNP - Coach's Decision,,,,,,,,,,,,,,,,,,,,
22200379,1610612761,TOR,Toronto,1628384,OG Anunoby,OG,F,,43:46,2.0,7.0,0.286,0.0,2.0,0.0,8.0,9.0,0.889,0.0,8.0,8.0,2.0,5.0,0.0,1.0,4.0,12.0,5.0
22200379,1610612761,TOR,Toronto,1627783,Pascal Siakam,Pascal,F,,38:25,13.0,27.0,0.481,2.0,9.0,0.222,8.0,9.0,0.889,3.0,6.0,9.0,7.0,1.0,1.0,1.0,2.0,36.0,12.0
22200379,1610612761,TOR,Toronto,1631132,Christian Koloko,Christian,C,,12:34,0.0,1.0,0.0,0.0,0.0,0.0,0.0,0.0,0.0,0.0,0.0,0.0,1.0,0.0,1.0,0.0,1.0,0.0,-13.0
22200379,1610612761,TOR,Toronto,1630567,Scottie Barnes,Scottie,G,,32:09,3.0,7.0,0.429,0.0,1.0,0.0,0.0,0.0,0.0,2.0,4.0,6.0,2.0,0.0,0.0,1.0,3.0,6.0,-24.0
22200379,1610612761,TOR,Toronto,1627832,Fred VanVleet,Fred,G,,37:16,5.0,14.0,0.357,2.0,9.0,0.222,7.0,9.0,0.778,0.0,2.0,2.0,6.0,1.0,1.0,2.0,0.0,19.0,-15.0
22200379,1610612761,TOR,Toronto,201152,Thaddeus Young,Thaddeus,,,11:43,2.0,3.0,0.667,1.0,1.0,1.0,0.0,0.0,0.0,0.0,2.0,2.0,2.0,1.0,0.0,0.0,1.0,5.0,-7.0
22200379,1610612761,TOR,Toronto,1628449,Chris Boucher,Chris,,,22:10,3.0,10.0,0.3,1.0,3.0,0.333,3.0,4.0,0.75,1.0,2.0,3.0,0.0,0.0,2.0,0.0,3.0,10.0,9.0
22200379,1610612761,TOR,Toronto,1629018,Gary Trent Jr.,Gary,,,35:26,8.0,16.0,0.5,4.0,10.0,0.4,0.0,0.0,0.0,0.0,2.0,2.0,2.0,2.0,0.0,2.0,2.0,20.0,9.0
22200379,1610612761,TOR,Toronto,203920,Khem Birch,Khem,,,6:31,0.0,0.0,0.0,0.0,0.0,0.0,1.0,2.0,0.5,1.0,0.0,1.0,1.0,0.0,0.0,0.0,1.0,1.0,4.0
22200379,1610612761,TOR,Toronto,1630173,Precious Achiuwa,Precious,,DND - Injury/Illness,,,,,,,,,,,,,,,,,,,,
22200379,1610612761,TOR,Toronto,1630625,Dalano Banton,Dalano,,DNP - Coach's Decision,,,,,,,,,,,,,,,,,,,,
22200379,1610612761,TOR,Toronto,1630201,Malachi Flynn,Malachi,,DNP - Coach's Decision,,,,,,,,,,,,,,,,,,,,
22200379,1610612753,ORL,Orlando,1629626,Bol Bol,Bol,F,,29:51,4.0,6.0,0.667,0.0,1.0,0.0,2.0,2.0,1.0,0.0,6.0,6.0,2.0,0.0,0.0,3.0,1.0,10.0,5.0
22200379,1610612753,ORL,Orlando,1631094,Paolo Banchero,Paolo,F,,38:10,8.0,11.0,0.727,1.0,3.0,0.333,6.0,7.0,0.857,0.0,6.0,6.0,4.0,0.0,1.0,3.0,3.0,23.0,18.0
22200379,1610612753,ORL,Orlando,1629021,Moritz Wagner,Moritz,C,,30:41,4.0,11.0,0.364,1.0,4.0,0.25,2.0,2.0,1.0,0.0,4.0,4.0,2.0,0.0,1.0,2.0,5.0,11.0,6.0
22200379,1610612753,ORL,Orlando,1630532,Franz Wagner,Franz,G,,32:30,12.0,15.0,0.8,2.0,4.0,0.5,8.0,8.0,1.0,1.0,4.0,5.0,2.0,2.0,0.0,1.0,2.0,34.0,6.0
22200379,1610612753,ORL,Orlando,1628365,Markelle Fultz,Markelle,G,,25:18,6.0,9.0,0.667,3.0,3.0,1.0,0.0,0.0,0.0,0.0,3.0,3.0,5.0,0.0,0.0,3.0,3.0,15.0,12.0
22200379,1610612753,ORL,Orlando,1630175,Cole Anthony,Cole,,,23:29,7.0,10.0,0.7,3.0,5.0,0.6,1.0,2.0,0.5,0.0,3.0,3.0,5.0,1.0,0.0,4.0,4.0,18.0,-15.0
22200379,1610612753,ORL,Orlando,203082,Terrence Ross,Terrence,,,20:10,0.0,2.0,0.0,0.0,2.0,0.0,0.0,0.0,0.0,0.0,0.0,0.0,2.0,0.0,1.0,2.0,4.0,0.0,-14.0
22200379,1610612753,ORL,Orlando,1628964,Mo Bamba,Mo,,,17:19,1.0,4.0,0.25,0.0,2.0,0.0,0.0,0.0,0.0,1.0,12.0,13.0,1.0,0.0,1.0,0.0,3.0,2.0,-2.0
22200379,1610612753,ORL,Orlando,1629678,Admiral Schofield,Admiral,,,15:08,0.0,2.0,0.0,0.0,1.0,0.0,0.0,0.0,0.0,1.0,0.0,1.0,1.0,0.0,0.0,0.0,2.0,0.0,-4.0
22200379,1610612753,ORL,Orlando,1630284,Kevon Harris,Kevon,,,7:25,0.0,1.0,0.0,0.0,1.0,0.0,0.0,0.0,0.0,0.0,2.0,2.0,0.0,0.0,0.0,0.0,0.0,0.0,8.0
22200379,1610612753,ORL,Orlando,1630181,R.J. Hampton,R.J.,,DNP - Coach's Decision,,,,,,,,,,,,,,,,,,,,
22200379,1610612753,ORL,Orlando,1631216,Caleb Houstan,Caleb,,DNP - Coach's Decision,,,,,,,,,,,,,,,,,,,,
22200385,1610612750,MIN,Minnesota,1630183,Jaden McDaniels,Jaden,F,,32:04,5.0,7.0,0.714,1.0,3.0,0.333,0.0,0.0,0.0,0.0,3.0,3.0,2.0,1.0,0.0,2.0,3.0,11.0,0.0
22200385,1610612750,MIN,Minnesota,203937,Kyle Anderson,Kyle,F,,35:02,4.0,5.0,0.8,0.0,1.0,0.0,7.0,9.0,0.778,0.0,7.0,7.0,12.0,2.0,1.0,4.0,3.0,15.0,12.0
22200385,1610612750,MIN,Minnesota,203497,Rudy Gobert,Rudy,C,,36:36,8.0,11.0,0.727,0.0,1.0,0.0,6.0,10.0,0.6,3.0,10.0,13.0,1.0,0.0,0.0,3.0,4.0,22.0,15.0
22200385,1610612750,MIN,Minnesota,1630162,Anthony Edwards,Anthony,G,,34:22,3.0,14.0,0.214,2.0,6.0,0.333,6.0,6.0,1.0,2.0,4.0,6.0,2.0,3.0,0.0,1.0,4.0,14.0,11.0
22200385,1610612750,MIN,Minnesota,1626156,D'Angelo Russell,D'Angelo,G,,36:21,12.0,16.0,0.75,6.0,9.0,0.667,0.0,0.0,0.0,0.0,3.0,3.0,2.0,0.0,1.0,3.0,2.0,30.0,4.0
22200385,1610612750,MIN,Minnesota,1629675,Naz Reid,Naz,,,17:09,4.0,10.0,0.4,3.0,6.0,0.5,1.0,1.0,1.0,1.0,3.0,4.0,1.0,0.0,1.0,4.0,2.0,12.0,-5.0
22200385,1610612750,MIN,Minnesota,1629669,Jaylen Nowell,Jaylen,,,20:50,4.0,8.0,0.5,1.0,4.0,0.25,0.0,0.0,0.0,0.0,5.0,5.0,4.0,1.0,0.0,0.0,1.0,9.0,9.0
22200385,1610612750,MIN,Minnesota,1629162,Jordan McLaughlin,Jordan,,,4:17,0.0,1.0,0.0,0.0,1.0,0.0,0.0,0.0,0.0,0.0,0.0,0.0,1.0,0.0,0.0,0.0,0.0,0.0,1.0
22200385,1610612750,MIN,Minnesota,203085,Austin Rivers,Austin,,,19:35,2.0,6.0,0.333,1.0,3.0,0.333,0.0,0.0,0.0,0.0,3.0,3.0,5.0,0.0,0.0,0.0,2.0,5.0,6.0
22200385,1610612750,MIN,Minnesota,1631111,Wendell Moore Jr.,Wendell,,,3:44,0.0,1.0,0.0,0.0,1.0,0.0,0.0,0.0,0.0,0.0,0.0,0.0,0.0,0.0,0.0,0.0,0.0,0.0,-3.0
22200385,1610612750,MIN,Minnesota,1627854,Bryn Forbes,Bryn,,DNP - Coach's Decision,,,,,,,,,,,,,,,,,,,,
22200385,1610612750,MIN,Minnesota,1630568,Luka Garza,Luka,,DNP - Coach's Decision,,,,,,,,,,,,,,,,,,,,
22200385,1610612750,MIN,Minnesota,1630233,Nathan Knight,Nathan,,DNP - Coach's Decision,,,,,,,,,,,,,,,,,,,,
22200385,1610612750,MIN,Minnesota,1630346,Matt Ryan,Matt,,DNP - Coach's Decision,,,,,,,,,,,,,,,,,,,,
22200385,1610612762,UTA,Utah,1627736,Malik Beasley,Malik,F,,36:01,9.0,18.0,0.5,5.0,12.0,0.417,0.0,1.0,0.0,0.0,4.0,4.0,1.0,2.0,0.0,1.0,1.0,23.0,-6.0
22200385,1610612762,UTA,Utah,203482,Kelly Olynyk,Kelly,F,,32:04,2.0,8.0,0.25,2.0,5.0,0.4,4.0,4.0,1.0,1.0,3.0,4.0,4.0,0.0,0.0,1.0,3.0,10.0,0.0
22200385,1610612762,UTA,Utah,1631117,Walker Kessler,Walker,C,,21:24,3.0,4.0,0.75,0.0,0.0,0.0,0.0,0.0,0.0,3.0,4.0,7.0,0.0,1.0,0.0,1.0,3.0,6.0,0.0
22200385,1610612762,UTA,Utah,203903,Jordan Clarkson,Jordan,G,,35:57,8.0,20.0,0.4,0.0,7.0,0.0,5.0,7.0,0.714,0.0,2.0,2.0,3.0,1.0,0.0,5.0,2.0,21.0,-13.0
22200385,1610612762,UTA,Utah,1629638,Nickeil Alexander-Walker,Nickeil,G,,25:08,4.0,8.0,0.5,2.0,4.0,0.5,1.0,3.0,0.333,1.0,3.0,4.0,4.0,1.0,0.0,1.0,3.0,11.0,4.0
22200385,1610612762,UTA,Utah,1629020,Jarred Vanderbilt,Jarred,,,26:36,4.0,8.0,0.5,0.0,2.0,0.0,4.0,5.0,0.8,5.0,5.0,10.0,2.0,2.0,0.0,0.0,2.0,12.0,-10.0
22200385,1610612762,UTA,Utah,201144,Mike Conley,Mike,,,24:32,6.0,11.0,0.545,3.0,7.0,0.429,2.0,2.0,1.0,0.0,1.0,1.0,6.0,0.0,0.0,2.0,2.0,17.0,-12.0
22200385,1610612762,UTA,Utah,1630534,Ochai Agbaji,Ochai,,,11:59,2.0,2.0,1.0,1.0,1.0,1.0,0.0,0.0,0.0,1.0,2.0,3.0,0.0,0.0,0.0,0.0,1.0,5.0,-4.0
22200385,1610612762,UTA,Utah,1629659,Talen Horton-Tucker,Talen,,,10:23,0.0,4.0,0.0,0.0,2.0,0.0,0.0,0.0,0.0,0.0,1.0,1.0,2.0,1.0,0.0,0.0,1.0,0.0,1.0
22200385,1610612762,UTA,Utah,200752,Rudy Gay,Rudy,,,15:56,1.0,7.0,0.143,0.0,4.0,0.0,1.0,2.0,0.5,1.0,3.0,4.0,0.0,1.0,0.0,0.0,2.0,3.0,-10.0
22200385,1610612762,UTA,Utah,1628962,Udoka Azubuike,Udoka,,DNP - Coach's Decision,,,,,,,,,,,,,,,,,,,,
22200385,1610612762,UTA,Utah,1630195,Leandro Bolmaro,Leandro,,DNP - Coach's Decision,,,,,,,,,,,,,,,,,,,,
22200385,1610612762,UTA,Utah,1630695,Micah Potter,Micah,,DNP - Coach's Decision,,,,,,,,,,,,,,,,,,,,
22200381,1610612758,SAC,Sacramento,203084,Harrison Barnes,Harrison,F,,36:26,5.0,9.0,0.556,3.0,6.0,0.5,7.0,10.0,0.7,0.0,3.0,3.0,1.0,0.0,1.0,4.0,2.0,20.0,9.0
22200381,1610612758,SAC,Sacramento,1631099,Keegan Murray,Keegan,F,,30:29,6.0,8.0,0.75,6.0,8.0,0.75,0.0,0.0,0.0,0.0,2.0,2.0,0.0,1.0,1.0,0.0,4.0,18.0,26.0
22200381,1610612758,SAC,Sacramento,1627734,Domantas Sabonis,Domantas,C,,37:29,5.0,12.0,0.417,0.0,1.0,0.0,8.0,14.0,0.571,5.0,13.0,18.0,6.0,3.0,2.0,2.0,4.0,18.0,11.0
22200381,1610612758,SAC,Sacramento,1628989,Kevin Huerter,Kevin,G,,33:49,7.0,15.0,0.467,3.0,7.0,0.429,2.0,2.0,1.0,0.0,5.0,5.0,2.0,3.0,0.0,1.0,2.0,19.0,14.0
22200381,1610612758,SAC,Sacramento,1630558,Davion Mitchell,Davion,G,,32:37,3.0,5.0,0.6,1.0,2.0,0.5,1.0,2.0,0.5,0.0,4.0,4.0,6.0,0.0,0.0,2.0,2.0,8.0,15.0
22200381,1610612758,SAC,Sacramento,1628370,Malik Monk,Malik,,,21:48,4.0,8.0,0.5,1.0,5.0,0.2,0.0,0.0,0.0,0.0,1.0,1.0,0.0,0.0,0.0,5.0,1.0,9.0,-7.0
22200381,1610612758,SAC,Sacramento,1629002,Chimezie Metu,Chimezie,,,10:31,2.0,3.0,0.667,0.0,0.0,0.0,2.0,4.0,0.5,0.0,2.0,2.0,1.0,1.0,0.0,1.0,1.0,6.0,0.0
22200381,1610612758,SAC,Sacramento,203521,Matthew Dellavedova,Matthew,,,15:50,1.0,1.0,1.0,1.0,1.0,1.0,0.0,0.0,0.0,0.0,1.0,1.0,4.0,3.0,0.0,1.0,3.0,3.0,-6.0
22200381,1610612758,SAC,Sacramento,1626168,Trey Lyles,Trey,,,17:05,2.0,5.0,0.4,1.0,3.0,0.333,0.0,0.0,0.0,0.0,2.0,2.0,1.0,0.0,0.0,1.0,2.0,5.0,-3.0
22200381,1610612758,SAC,Sacramento,1629644,KZ Okpala,KZ,,,3:56,0.0,0.0,0.0,0.0,0.0,0.0,0.0,0.0,0.0,0.0,0.0,0.0,0.0,0.0,1.0,0.0,1.0,0.0,-4.0
22200381,1610612758,SAC,Sacramento,1631165,Keon Ellis,Keon,,DNP - Coach's Decision,,,,,,,,,,,,,,,,,,,,
22200381,1610612758,SAC,Sacramento,1626158,Richaun Holmes,Richaun,,DNP - Coach's Decision,,,,,,,,,,,,,,,,,,,,
22200381,1610612758,SAC,Sacramento,203458,Alex Len,Alex,,DNP - Coach's Decision,,,,,,,,,,,,,,,,,,,,
22200381,1610612739,CLE,Cleveland,1630205,Lamar Stevens,Lamar,F,,25:40,3.0,6.0,0.5,1.0,1.0,1.0,0.0,0.0,0.0,2.0,6.0,8.0,0.0,0.0,0.0,0.0,2.0,7.0,1.0
22200381,1610612739,CLE,Cleveland,1630596,Evan Mobley,Evan,F,,40:37,5.0,13.0,0.385,0.0,3.0,0.0,7.0,9.0,0.778,2.0,5.0,7.0,4.0,1.0,0.0,4.0,3.0,17.0,-4.0
22200381,1610612739,CLE,Cleveland,1628386,Jarrett Allen,Jarrett,C,,32:03,2.0,5.0,0.4,0.0,1.0,0.0,5.0,6.0,0.833,4.0,4.0,8.0,1.0,0.0,2.0,5.0,5.0,9.0,-10.0
22200381,1610612739,CLE,Cleveland,1627747,Caris LeVert,Caris,G,,36:37,9.0,21.0,0.429,2.0,7.0,0.286,2.0,2.0,1.0,0.0,6.0,6.0,6.0,0.0,0.0,2.0,3.0,22.0,-21.0
22200381,1610612739,CLE,Cleveland,1629636,Darius Garland,Darius,G,,34:60,7.0,17.0,0.412,3.0,7.0,0.429,1.0,1.0,1.0,0.0,2.0,2.0,6.0,2.0,0.0,6.0,2.0,18.0,-13.0
22200381,1610612739,CLE,Cleveland,1626224,Cedi Osman,Cedi,,,35:02,7.0,14.0,0.5,3.0,8.0,0.375,0.0,2.0,0.0,0.0,4.0,4.0,1.0,3.0,1.0,1.0,4.0,17.0,-4.0
22200381,1610612739,CLE,Cleveland,1630171,Isaac Okoro,Isaac,,,17:32,1.0,2.0,0.5,1.0,2.0,0.5,0.0,0.0,0.0,0.0,1.0,1.0,1.0,0.0,1.0,1.0,1.0,3.0,-8.0
22200381,1610612739,CLE,Cleveland,203526,Raul Neto,Raul,,,17:29,0.0,1.0,0.0,0.0,1.0,0.0,2.0,2.0,1.0,0.0,0.0,0.0,1.0,1.0,0.0,0.0,3.0,2.0,4.0
22200381,1610612739,CLE,Cleveland,1629603,Mamadi Diakite,Mamadi,,DNP - Coach's Decision,,,,,,,,,,,,,,,,,,,,
22200381,1610612739,CLE,Cleveland,201577,Robin Lopez,Robin,,DNP - Coach's Decision,,,,,,,,,,,,,,,,,,,,
22200381,1610612739,CLE,Cleveland,1628378,Donovan Mitchell,Donovan,,DND - Injury/Illness,,,,,,,,,,,,,,,,,,,,
22200378,1610612764,WAS,Washington,1630166,Deni Avdija,Deni,F,,39:53,6.0,11.0,0.545,1.0,5.0,0.2,1.0,2.0,0.5,2.0,7.0,9.0,4.0,1.0,0.0,3.0,4.0,14.0,-5.0
22200378,1610612764,WAS,Washington,1628398,Kyle Kuzma,Kyle,F,,35:37,9.0,20.0,0.45,4.0,9.0,0.444,5.0,6.0,0.833,2.0,5.0,7.0,7.0,0.0,0.0,3.0,2.0,27.0,-13.0
22200378,1610612764,WAS,Washington,204001,Kristaps Porziņģis,Kristaps,C,,34:39,11.0,13.0,0.846,1.0,2.0,0.5,6.0,8.0,0.75,2.0,7.0,9.0,2.0,0.0,2.0,4.0,1.0,29.0,-7.0
22200378,1610612764,WAS,Washington,1630557,Corey Kispert,Corey,G,,32:01,3.0,7.0,0.429,0.0,4.0,0.0,2.0,3.0,0.667,1.0,3.0,4.0,2.0,0.0,0.0,1.0,4.0,8.0,1.0
22200378,1610612764,WAS,Washington,1628420,Monté Morris,Monté,G,,34:30,3.0,9.0,0.333,1.0,4.0,0.25,0.0,0.0,0.0,0.0,2.0,2.0,5.0,0.0,0.0,1.0,3.0,7.0,-13.0
22200378,1610612764,WAS,Washington,1630692,Jordan Goodwin,Jordan,,,33:49,6.0,10.0,0.6,3.0,5.0,0.6,4.0,4.0,1.0,2.0,2.0,4.0,3.0,5.0,0.0,2.0,2.0,19.0,-9.0
22200378,1610612764,WAS,Washington,1629655,Daniel Gafford,Daniel,,,18:32,3.0,4.0,0.75,0.0,0.0,0.0,1.0,2.0,0.5,3.0,0.0,3.0,1.0,0.0,1.0,0.0,1.0,7.0,-2.0
22200378,1610612764,WAS,Washington,201959,Taj Gibson,Taj,,,8:59,0.0,3.0,0.0,0.0,0.0,0.0,0.0,0.0,0.0,0.0,0.0,0.0,0.0,0.0,0.0,0.0,2.0,0.0,-3.0
22200378,1610612764,WAS,Washington,1630264,Anthony Gill,Anthony,,,2:01,0.0,0.0,0.0,0.0,0.0,0.0,0.0,0.0,0.0,0.0,0.0,0.0,1.0,0.0,0.0,0.0,0.0,0.0,1.0
22200378,1610612764,WAS,Washington,203115,Will Barton,Will,,DND - Injury/Illness,,,,,,,,,,,,,,,,,,,,
22200378,1610612764,WAS,Washington,203078,Bradley Beal,Bradley,,DNP - Injury/Illness,,,,,,,,,,,,,,,,,,,,
22200378,1610612754,IND,Indiana,1627741,Buddy Hield,Buddy,F,,34:41,12.0,19.0,0.632,4.0,10.0,0.4,0.0,0.0,0.0,0.0,2.0,2.0,4.0,3.0,1.0,1.0,1.0,28.0,2.0
22200378,1610612754,IND,Indiana,1630188,Jalen Smith,Jalen,F,,11:52,0.0,7.0,0.0,0.0,3.0,0.0,3.0,4.0,0.75,2.0,4.0,6.0,0.0,1.0,0.0,1.0,2.0,3.0,-2.0
22200378,1610612754,IND,Indiana,1626167,Myles Turner,Myles,C,,30:08,4.0,8.0,0.5,1.0,2.0,0.5,5.0,6.0,0.833,3.0,3.0,6.0,0.0,1.0,0.0,2.0,3.0,14.0,7.0
22200378,1610612754,IND,Indiana,1629614,Andrew Nembhard,Andrew,G,,29:22,1.0,3.0,0.333,1.0,3.0,0.333,0.0,0.0,0.0,0.0,3.0,3.0,2.0,1.0,0.0,0.0,6.0,3.0,10.0
22200378,1610612754,IND,Indiana,1630169,Tyrese Haliburton,Tyrese,G,,32:10,9.0,14.0,0.643,3.0,4.0,0.75,2.0,2.0,1.0,1.0,1.0,2.0,11.0,0.0,0.0,1.0,1.0,23.0,9.0
22200378,1610612754,IND,Indiana,1630174,Aaron Nesmith,Aaron,,,13:05,3.0,6.0,0.5,3.0,4.0,0.75,0.0,0.0,0.0,1.0,1.0,2.0,0.0,0.0,0.0,2.0,2.0,9.0,-8.0
22200378,1610612754,IND,Indiana,1631097,Bennedict Mathurin,Bennedict,,,32:19,8.0,15.0,0.533,2.0,7.0,0.286,0.0,0.0,0.0,3.0,5.0,8.0,1.0,1.0,0.0,4.0,1.0,18.0,18.0
22200378,1610612754,IND,Indiana,1629048,Goga Bitadze,Goga,,,13:57,2.0,3.0,0.667,1.0,2.0,0.5,0.0,0.0,0.0,0.0,3.0,3.0,1.0,0.0,1.0,0.0,1.0,5.0,-2.0
22200378,1610612754,IND,Indiana,204456,T.J. McConnell,T.J.,,,15:44,1.0,3.0,0.333,0.0,0.0,0.0,0.0,0.0,0.0,0.0,0.0,0.0,4.0,0.0,0.0,0.0,2.0,2.0,3.0
22200378,1610612754,IND,Indiana,1629052,Oshae Brissett,Oshae,,,25:48,3.0,7.0,0.429,3.0,6.0,0.5,7.0,8.0,0.875,3.0,5.0,8.0,0.0,0.0,0.0,0.0,2.0,16.0,13.0
22200378,1610612754,IND,Indiana,1630678,Terry Taylor,Terry,,,0:53,0.0,0.0,0.0,0.0,0.0,0.0,0.0,0.0,0.0,0.0,0.0,0.0,0.0,0.0,0.0,0.0,0.0,0.0,0.0
22200378,1610612754,IND,Indiana,1630543,Isaiah Jackson,Isaiah,,DND - Injury/Illness,,,,,,,,,,,,,,,,,,,,
22200378,1610612754,IND,Indiana,201949,James Johnson,James,,DNP - Injury/Illness,,,,,,,,,,,,,,,,,,,,
22200380,1610612737,ATL,Atlanta,1631100,AJ Griffin,AJ,F,,20:02,4.0,11.0,0.364,1.0,5.0,0.2,1.0,2.0,0.5,1.0,1.0,2.0,2.0,1.0,0.0,3.0,0.0,10.0,-13.0
22200380,1610612737,ATL,Atlanta,1630552,Jalen Johnson,Jalen,F,,32:45,1.0,8.0,0.125,0.0,5.0,0.0,0.0,0.0,0.0,1.0,6.0,7.0,2.0,0.0,1.0,1.0,4.0,2.0,-8.0
22200380,1610612737,ATL,Atlanta,203991,Clint Capela,Clint,C,,28:52,6.0,11.0,0.545,0.0,0.0,0.0,3.0,4.0,0.75,4.0,7.0,11.0,1.0,1.0,1.0,1.0,2.0,15.0,-7.0
22200380,1610612737,ATL,Atlanta,1628988,Aaron Holiday,Aaron,G,,19:21,2.0,6.0,0.333,0.0,2.0,0.0,0.0,0.0,0.0,2.0,0.0,2.0,1.0,3.0,0.0,0.0,1.0,4.0,-1.0
22200380,1610612737,ATL,Atlanta,1629027,Trae Young,Trae,G,,37:21,12.0,25.0,0.48,2.0,7.0,0.286,7.0,7.0,1.0,0.0,0.0,0.0,9.0,3.0,1.0,8.0,2.0,33.0,-6.0
22200380,1610612737,ATL,Atlanta,1630235,Trent Forrest,Trent,,,28:29,5.0,7.0,0.714,0.0,0.0,0.0,1.0,1.0,1.0,0.0,2.0,2.0,3.0,2.0,0.0,1.0,3.0,11.0,-6.0
22200380,1610612737,ATL,Atlanta,203992,Bogdan Bogdanović,Bogdan,,,33:32,12.0,18.0,0.667,7.0,9.0,0.778,0.0,0.0,0.0,0.0,2.0,2.0,3.0,1.0,0.0,2.0,1.0,31.0,8.0
22200380,1610612737,ATL,Atlanta,1630168,Onyeka Okongwu,Onyeka,,,19:08,3.0,4.0,0.75,0.0,0.0,0.0,0.0,0.0,0.0,3.0,4.0,7.0,0.0,1.0,0.0,1.0,3.0,6.0,3.0
22200380,1610612737,ATL,Atlanta,1629633,Jarrett Culver,Jarrett,,,9:51,1.0,2.0,0.5,0.0,0.0,0.0,2.0,2.0,1.0,1.0,3.0,4.0,0.0,0.0,0.0,0.0,1.0,4.0,6.0
22200380,1610612737,ATL,Atlanta,203200,Justin Holiday,Justin,,,10:39,0.0,1.0,0.0,0.0,1.0,0.0,0.0,0.0,0.0,0.0,1.0,1.0,0.0,0.0,1.0,1.0,1.0,0.0,4.0
22200380,1610612737,ATL,Atlanta,1626163,Frank Kaminsky,Frank,,DNP - Coach's Decision,,,,,,,,,,,,,,,,,,,,
22200380,1610612737,ATL,Atlanta,1630249,Vít Krejčí,Vít,,DNP - Coach's Decision,,,,,,,,,,,,,,,,,,,,
22200380,1610612737,ATL,Atlanta,1631213,Tyrese Martin,Tyrese,,DNP - Coach's Decision,,,,,,,,,,,,,,,,,,,,
22200380,1610612751,BKN,Brooklyn,201142,Kevin Durant,Kevin,F,,36:12,14.0,25.0,0.56,2.0,7.0,0.286,4.0,4.0,1.0,0.0,4.0,4.0,4.0,1.0,2.0,4.0,0.0,34.0,8.0
22200380,1610612751,BKN,Brooklyn,1626220,Royce O'Neale,Royce,F,,37:19,2.0,5.0,0.4,2.0,4.0,0.5,0.0,2.0,0.0,3.0,6.0,9.0,5.0,0.0,1.0,3.0,1.0,6.0,7.0
22200380,1610612751,BKN,Brooklyn,1627732,Ben Simmons,Ben,C,,20:49,3.0,4.0,0.75,0.0,0.0,0.0,0.0,0.0,0.0,1.0,5.0,6.0,7.0,4.0,0.0,4.0,3.0,6.0,-3.0
22200380,1610612751,BKN,Brooklyn,203925,Joe Harris,Joe,G,,30:28,4.0,7.0,0.571,1.0,2.0,0.5,1.0,2.0,0.5,0.0,2.0,2.0,3.0,2.0,1.0,0.0,4.0,10.0,-3.0
22200380,1610612751,BKN,Brooklyn,202681,Kyrie Irving,Kyrie,G,,39:21,11.0,21.0,0.524,5.0,9.0,0.556,6.0,6.0,1.0,5.0,6.0,11.0,3.0,0.0,0.0,6.0,2.0,33.0,13.0
22200380,1610612751,BKN,Brooklyn,1628410,Edmond Sumner,Edmond,,,15:17,2.0,4.0,0.5,0.0,1.0,0.0,2.0,2.0,1.0,0.0,1.0,1.0,3.0,0.0,0.0,2.0,4.0,6.0,-2.0
22200380,1610612751,BKN,Brooklyn,203552,Seth Curry,Seth,,,32:43,3.0,8.0,0.375,2.0,5.0,0.4,3.0,3.0,1.0,0.0,1.0,1.0,2.0,1.0,0.0,1.0,2.0,11.0,-4.0
22200380,1610612751,BKN,Brooklyn,203933,T.J. Warren,T.J.,,,21:28,6.0,8.0,0.75,1.0,2.0,0.5,1.0,2.0,0.5,0.0,2.0,2.0,3.0,2.0,0.0,0.0,1.0,14.0,6.0
22200380,1610612751,BKN,Brooklyn,1630549,Day'Ron Sharpe,Day'Ron,,,6:23,0.0,1.0,0.0,0.0,0.0,0.0,0.0,0.0,0.0,0.0,2.0,2.0,0.0,0.0,1.0,1.0,1.0,0.0,-2.0
22200380,1610612751,BKN,Brooklyn,1630556,Kessler Edwards,Kessler,,DNP - Coach's Decision,,,,,,,,,,,,,,,,,,,,
22200380,1610612751,BKN,Brooklyn,201988,Patty Mills,Patty,,DNP - Coach's Decision,,,,,,,,,,,,,,,,,,,,
22200380,1610612751,BKN,Brooklyn,202693,Markieff Morris,Markieff,,DNP - Coach's Decision,,,,,,,,,,,,,,,,,,,,
22200380,1610612751,BKN,Brooklyn,1630560,Cam Thomas,Cam,,DNP - Coach's Decision,,,,,,,,,,,,,,,,,,,,
22200376,1610612743,DEN,Denver,1628971,Bruce Brown,Bruce,F,,27:53,5.0,8.0,0.625,0.0,2.0,0.0,0.0,2.0,0.0,2.0,2.0,4.0,0.0,2.0,0.0,1.0,3.0,10.0,-17.0
22200376,1610612743,DEN,Denver,203932,Aaron Gordon,Aaron,F,,30:50,8.0,12.0,0.667,2.0,3.0,0.667,2.0,2.0,1.0,3.0,2.0,5.0,0.0,1.0,0.0,3.0,4.0,20.0,-13.0
22200376,1610612743,DEN,Denver,203999,Nikola Jokić,Nikola,C,,34:21,14.0,25.0,0.56,1.0,3.0,0.333,4.0,6.0,0.667,3.0,7.0,10.0,9.0,0.0,1.0,6.0,1.0,33.0,-8.0
22200376,1610612743,DEN,Denver,203484,Kentavious Caldwell-Pope,Kentavious,G,,28:22,2.0,6.0,0.333,2.0,4.0,0.5,1.0,1.0,1.0,0.0,3.0,3.0,2.0,0.0,0.0,0.0,1.0,7.0,-20.0
22200376,1610612743,DEN,Denver,1627750,Jamal Murray,Jamal,G,,35:15,8.0,21.0,0.381,3.0,10.0,0.3,2.0,3.0,0.667,2.0,3.0,5.0,8.0,1.0,0.0,2.0,0.0,21.0,16.0
22200376,1610612743,DEN,Denver,1628427,Vlatko Čančar,Vlatko,,,6:34,0.0,0.0,0.0,0.0,0.0,0.0,0.0,0.0,0.0,0.0,1.0,1.0,2.0,0.0,0.0,0.0,0.0,0.0,-5.0
22200376,1610612743,DEN,Denver,1630538,Bones Hyland,Bones,,,25:32,4.0,9.0,0.444,3.0,6.0,0.5,2.0,2.0,1.0,0.0,5.0,5.0,4.0,1.0,0.0,1.0,1.0,13.0,19.0
22200376,1610612743,DEN,Denver,201145,Jeff Green,Jeff,,,17:10,1.0,4.0,0.25,1.0,2.0,0.5,3.0,4.0,0.75,2.0,2.0,4.0,3.0,1.0,0.0,2.0,3.0,6.0,14.0
22200376,1610612743,DEN,Denver,201599,DeAndre Jordan,DeAndre,,,13:39,2.0,2.0,1.0,0.0,0.0,0.0,1.0,2.0,0.5,1.0,5.0,6.0,0.0,0.0,3.0,0.0,1.0,5.0,9.0
22200376,1610612743,DEN,Denver,1631128,Christian Braun,Christian,,,20:24,3.0,4.0,0.75,0.0,0.0,0.0,0.0,0.0,0.0,3.0,2.0,5.0,0.0,0.0,1.0,1.0,2.0,6.0,10.0
22200376,1610612743,DEN,Denver,1630192,Zeke Nnaji,Zeke,,DNP - Coach's Decision,,,,,,,,,,,,,,,,,,,,
22200376,1610612743,DEN,Denver,1628432,Davon Reed,Davon,,DNP - Coach's Decision,,,,,,,,,,,,,,,,,,,,
22200376,1610612743,DEN,Denver,202397,Ish Smith,Ish,,DNP - Coach's Decision,,,,,,,,,,,,,,,,,,,,
22200376,1610612743,DEN,Denver,1631212,Peyton Watson,Peyton,,DNP - Coach's Decision,,,,,,,,,,,,,,,,,,,,
22200376,1610612757,POR,Portland,1628404,Josh Hart,Josh,F,,37:04,5.0,10.0,0.5,0.0,1.0,0.0,2.0,2.0,1.0,3.0,3.0,6.0,3.0,3.0,0.0,2.0,2.0,12.0,10.0
22200376,1610612757,POR,Portland,203924,Jerami Grant,Jerami,F,,38:29,6.0,15.0,0.4,2.0,7.0,0.286,4.0,4.0,1.0,0.0,3.0,3.0,3.0,1.0,1.0,1.0,3.0,18.0,5.0
22200376,1610612757,POR,Portland,203994,Jusuf Nurkić,Jusuf,C,,31:14,9.0,10.0,0.9,2.0,3.0,0.667,1.0,1.0,1.0,1.0,8.0,9.0,2.0,2.0,2.0,3.0,5.0,21.0,10.0
22200376,1610612757,POR,Portland,1629014,Anfernee Simons,Anfernee,G,,34:03,3.0,12.0,0.25,0.0,6.0,0.0,0.0,0.0,0.0,0.0,3.0,3.0,5.0,0.0,0.0,4.0,4.0,6.0,-1.0
22200376,1610612757,POR,Portland,203081,Damian Lillard,Damian,G,,37:34,12.0,22.0,0.545,9.0,17.0,0.529,7.0,7.0,1.0,1.0,3.0,4.0,12.0,2.0,0.0,1.0,2.0,40.0,11.0
22200376,1610612757,POR,Portland,1626159,Justise Winslow,Justise,,,22:25,2.0,6.0,0.333,0.0,0.0,0.0,0.0,0.0,0.0,4.0,1.0,5.0,4.0,0.0,0.0,0.0,2.0,4.0,-10.0
22200376,1610612757,POR,Portland,1629234,Drew Eubanks,Drew,,,16:46,3.0,5.0,0.6,1.0,1.0,1.0,0.0,0.0,0.0,1.0,1.0,2.0,0.0,1.0,0.0,0.0,2.0,7.0,-11.0
22200376,1610612757,POR,Portland,1631101,Shaedon Sharpe,Shaedon,,,14:13,3.0,8.0,0.375,1.0,4.0,0.25,0.0,0.0,0.0,1.0,2.0,3.0,0.0,1.0,0.0,0.0,0.0,7.0,-16.0
22200376,1610612757,POR,Portland,1630570,Trendon Watford,Trendon,,,7:43,0.0,2.0,0.0,0.0,0.0,0.0,2.0,2.0,1.0,2.0,1.0,3.0,1.0,0.0,0.0,1.0,0.0,2.0,-4.0
22200376,1610612757,POR,Portland,1630553,Keon Johnson,Keon,,,0:29,1.0,1.0,1.0,1.0,1.0,1.0,0.0,0.0,0.0,0.0,0.0,0.0,0.0,0.0,0.0,0.0,0.0,3.0,1.0
22200376,1610612757,POR,Portland,1630535,Greg Brown III,Greg,,DNP - Coach's Decision,,,,,,,,,,,,,,,,,,,,
22200376,1610612757,POR,Portland,1631133,Jabari Walker,Jabari,,DNP - Coach's Decision,,,,,,,,,,,,,,,,,,,,
22200375,1610612745,HOU,Houston,201569,Eric Gordon,Eric,F,,31:41,6.0,11.0,0.545,2.0,5.0,0.4,0.0,0.0,0.0,1.0,1.0,2.0,4.0,0.0,1.0,2.0,1.0,14.0,-14.0
22200375,1610612745,HOU,Houston,1631095,Jabari Smith Jr.,Jabari,F,,34:10,9.0,13.0,0.692,4.0,7.0,0.571,1.0,2.0,0.5,0.0,4.0,4.0,0.0,0.0,1.0,2.0,3.0,23.0,-20.0
22200375,1610612745,HOU,Houston,1630578,Alperen Sengun,Alperen,C,,28:30,8.0,17.0,0.471,0.0,0.0,0.0,0.0,0.0,0.0,7.0,4.0,11.0,2.0,0.0,0.0,3.0,3.0,16.0,-12.0
22200375,1610612745,HOU,Houston,1630224,Jalen Green,Jalen,G,,29:41,5.0,17.0,0.294,2.0,3.0,0.667,2.0,2.0,1.0,1.0,2.0,3.0,2.0,0.0,1.0,0.0,1.0,14.0,-11.0
22200375,1610612745,HOU,Houston,1629645,Kevin Porter Jr.,Kevin,G,,30:31,5.0,16.0,0.313,0.0,4.0,0.0,2.0,2.0,1.0,0.0,3.0,3.0,4.0,1.0,0.0,3.0,3.0,12.0,-14.0
22200375,1610612745,HOU,Houston,1630231,KJ Martin,KJ,,,20:51,1.0,3.0,0.333,0.0,2.0,0.0,1.0,4.0,0.25,2.0,2.0,4.0,3.0,0.0,0.0,2.0,0.0,3.0,-12.0
22200375,1610612745,HOU,Houston,1630586,Usman Garuba,Usman,,,9:50,0.0,2.0,0.0,0.0,0.0,0.0,0.0,0.0,0.0,0.0,4.0,4.0,0.0,1.0,0.0,0.0,1.0,0.0,-4.0
22200375,1610612745,HOU,Houston,1631106,Tari Eason,Tari,,,22:57,3.0,4.0,0.75,2.0,3.0,0.667,0.0,0.0,0.0,3.0,3.0,6.0,2.0,0.0,1.0,1.0,2.0,8.0,7.0
22200375,1610612745,HOU,Houston,1630227,Daishen Nix,Daishen,,,18:19,2.0,8.0,0.25,0.0,4.0,0.0,4.0,4.0,1.0,2.0,2.0,4.0,5.0,1.0,0.0,1.0,3.0,8.0,2.0
22200375,1610612745,HOU,Houston,1631102,TyTy Washington Jr.,TyTy,,,4:30,1.0,2.0,0.5,0.0,1.0,0.0,0.0,0.0,0.0,0.0,0.0,0.0,0.0,0.0,0.0,0.0,1.0,2.0,11.0
22200375,1610612745,HOU,Houston,1626246,Boban Marjanović,Boban,,,4:30,3.0,3.0,1.0,0.0,0.0,0.0,1.0,1.0,1.0,0.0,0.0,0.0,0.0,0.0,0.0,0.0,0.0,7.0,11.0
22200375,1610612745,HOU,Houston,1630528,Josh Christopher,Josh,,,4:30,1.0,2.0,0.5,0.0,0.0,0.0,0.0,0.0,0.0,0.0,1.0,1.0,1.0,0.0,0.0,0.0,1.0,2.0,11.0
22200375,1610612745,HOU,Houston,1629726,Garrison Mathews,Garrison,,DNP - Coach's Decision,,,,,,,,,,,,,,,,,,,,
22200375,1610612759,SAS,San Antonio,1629640,Keldon Johnson,Keldon,F,,34:49,14.0,21.0,0.667,3.0,6.0,0.5,1.0,3.0,0.333,1.0,6.0,7.0,1.0,0.0,0.0,3.0,1.0,32.0,5.0
22200375,1610612759,SAS,San Antonio,1629641,Romeo Langford,Romeo,F,,28:07,5.0,8.0,0.625,1.0,3.0,0.333,0.0,0.0,0.0,1.0,3.0,4.0,5.0,2.0,1.0,1.0,1.0,11.0,15.0
22200375,1610612759,SAS,San Antonio,1628380,Zach Collins,Zach,C,,27:21,5.0,6.0,0.833,0.0,1.0,0.0,0.0,0.0,0.0,1.0,4.0,5.0,3.0,1.0,1.0,5.0,5.0,10.0,-1.0
22200375,1610612759,SAS,San Antonio,1631103,Malaki Branham,Malaki,G,,24:37,2.0,7.0,0.286,1.0,4.0,0.25,0.0,0.0,0.0,1.0,2.0,3.0,1.0,0.0,0.0,0.0,0.0,5.0,10.0
22200375,1610612759,SAS,San Antonio,1630200,Tre Jones,Tre,G,,34:47,10.0,16.0,0.625,2.0,6.0,0.333,4.0,4.0,1.0,1.0,2.0,3.0,5.0,0.0,0.0,0.0,1.0,26.0,0.0
22200375,1610612759,SAS,San Antonio,1626196,Josh Richardson,Josh,,,27:02,4.0,12.0,0.333,3.0,9.0,0.333,1.0,1.0,1.0,0.0,2.0,2.0,2.0,0.0,0.0,2.0,0.0,12.0,-2.0
22200375,1610612759,SAS,San Antonio,1629646,Charles Bassey,Charles,,,20:39,3.0,3.0,1.0,0.0,0.0,0.0,4.0,4.0,1.0,1.0,4.0,5.0,3.0,1.0,4.0,0.0,4.0,10.0,10.0
22200375,1610612759,SAS,San Antonio,203926,Doug McDermott,Doug,,,23:18,3.0,7.0,0.429,3.0,5.0,0.6,3.0,3.0,1.0,1.0,2.0,3.0,2.0,0.0,1.0,1.0,2.0,12.0,-3.0
22200375,1610612759,SAS,San Antonio,1629676,Isaiah Roby,Isaiah,,,13:41,0.0,3.0,0.0,0.0,2.0,0.0,0.0,0.0,0.0,0.0,5.0,5.0,2.0,1.0,0.0,3.0,3.0,0.0,9.0
22200375,1610612759,SAS,San Antonio,1628993,Alize Johnson,Alize,,,5:40,0.0,0.0,0.0,0.0,0.0,0.0,0.0,0.0,0.0,0.0,1.0,1.0,1.0,0.0,0.0,1.0,2.0,0.0,2.0
22200375,1610612759,SAS,San Antonio,203476,Gorgui Dieng,Gorgui,,DNP - Coach's Decision,,,,,,,,,,,,,,,,,,,,
22200374,1610612746,LAC,LA,202694,Marcus Morris Sr.,Marcus,F,,36:56,4.0,10.0,0.4,1.0,2.0,0.5,2.0,2.0,1.0,0.0,4.0,4.0,1.0,0.0,0.0,0.0,1.0,11.0,0.0
22200374,1610612746,LAC,LA,201587,Nicolas Batum,Nicolas,F,,31:51,4.0,8.0,0.5,3.0,7.0,0.429,0.0,1.0,0.0,3.0,2.0,5.0,2.0,1.0,1.0,1.0,2.0,11.0,-10.0
22200374,1610612746,LAC,LA,1627826,Ivica Zubac,Ivica,C,,33:44,3.0,4.0,0.75,0.0,0.0,0.0,3.0,3.0,1.0,0.0,8.0,8.0,0.0,1.0,1.0,2.0,3.0,9.0,10.0
22200374,1610612746,LAC,LA,202331,Paul George,Paul,G,,32:14,10.0,20.0,0.5,5.0,11.0,0.455,4.0,4.0,1.0,1.0,7.0,8.0,7.0,1.0,0.0,4.0,2.0,29.0,8.0
22200374,1610612746,LAC,LA,202704,Reggie Jackson,Reggie,G,,33:60,6.0,15.0,0.4,4.0,6.0,0.667,4.0,4.0,1.0,2.0,3.0,5.0,3.0,0.0,0.0,4.0,4.0,20.0,-7.0
22200374,1610612746,LAC,LA,202322,John Wall,John,,,20:29,2.0,8.0,0.25,2.0,3.0,0.667,3.0,4.0,0.75,1.0,2.0,3.0,8.0,0.0,0.0,4.0,0.0,9.0,-4.0
22200374,1610612746,LAC,LA,1628379,Luke Kennard,Luke,,,24:19,3.0,7.0,0.429,1.0,5.0,0.2,0.0,0.0,0.0,0.0,3.0,3.0,2.0,0.0,0.0,1.0,0.0,7.0,-5.0
22200374,1610612746,LAC,LA,203496,Robert Covington,Robert,,,7:11,2.0,2.0,1.0,1.0,1.0,1.0,0.0,0.0,0.0,0.0,1.0,1.0,0.0,0.0,1.0,0.0,1.0,5.0,-8.0
22200374,1610612746,LAC,LA,1630527,Brandon Boston,Brandon,,,13:51,2.0,5.0,0.4,0.0,1.0,0.0,3.0,3.0,1.0,0.0,3.0,3.0,1.0,0.0,0.0,0.0,2.0,7.0,-6.0
22200374,1610612746,LAC,LA,1629650,Moses Brown,Moses,,,5:26,1.0,1.0,1.0,0.0,0.0,0.0,0.0,0.0,0.0,0.0,3.0,3.0,0.0,0.0,0.0,0.0,1.0,2.0,-3.0
22200374,1610612746,LAC,LA,1629599,Amir Coffey,Amir,,DNP - Coach's Decision,,,,,,,,,,,,,,,,,,,,
22200374,1610612748,MIA,Miami,202710,Jimmy Butler III,Jimmy,F,,33:59,10.0,12.0,0.833,2.0,2.0,1.0,4.0,5.0,0.8,1.0,4.0,5.0,8.0,4.0,0.0,1.0,0.0,26.0,-7.0
22200374,1610612748,MIA,Miami,1628997,Caleb Martin,Caleb,F,,40:24,6.0,13.0,0.462,4.0,8.0,0.5,1.0,2.0,0.5,1.0,7.0,8.0,2.0,2.0,0.0,1.0,4.0,17.0,18.0
22200374,1610612748,MIA,Miami,1628389,Bam Adebayo,Bam,C,,36:25,14.0,21.0,0.667,0.0,0.0,0.0,3.0,3.0,1.0,4.0,6.0,10.0,4.0,1.0,0.0,2.0,0.0,31.0,13.0
22200374,1610612748,MIA,Miami,1629639,Tyler Herro,Tyler,G,,39:25,6.0,17.0,0.353,4.0,8.0,0.5,3.0,3.0,1.0,0.0,9.0,9.0,3.0,2.0,0.0,3.0,2.0,19.0,16.0
22200374,1610612748,MIA,Miami,1630696,Dru Smith,Dru,G,,22:07,1.0,5.0,0.2,0.0,3.0,0.0,0.0,0.0,0.0,0.0,1.0,1.0,3.0,1.0,0.0,0.0,4.0,2.0,-7.0
22200374,1610612748,MIA,Miami,1629622,Max Strus,Max,,,31:32,3.0,9.0,0.333,2.0,7.0,0.286,0.0,0.0,0.0,1.0,3.0,4.0,2.0,0.0,0.0,0.0,4.0,8.0,2.0
22200374,1610612748,MIA,Miami,203506,Victor Oladipo,Victor,,,20:50,3.0,8.0,0.375,0.0,3.0,0.0,0.0,0.0,0.0,0.0,2.0,2.0,2.0,0.0,0.0,0.0,0.0,6.0,3.0
22200374,1610612748,MIA,Miami,203473,Dewayne Dedmon,Dewayne,,,11:35,3.0,5.0,0.6,0.0,1.0,0.0,0.0,1.0,0.0,0.0,3.0,3.0,0.0,1.0,1.0,1.0,3.0,6.0,-8.0
22200374,1610612748,MIA,Miami,1629312,Haywood Highsmith,Haywood,,,3:43,0.0,0.0,0.0,0.0,0.0,0.0,0.0,0.0,0.0,0.0,1.0,1.0,0.0,0.0,0.0,0.0,3.0,0.0,-5.0
22200374,1610612748,MIA,Miami,2617,Udonis Haslem,Udonis,,DNP - Coach's Decision,,,,,,,,,,,,,,,,,,,,
22200374,1610612748,MIA,Miami,1631107,Nikola Jović,Nikola,,DNP - Coach's Decision,,,,,,,,,,,,,,,,,,,,
22200374,1610612748,MIA,Miami,1629130,Duncan Robinson,Duncan,,DNP - Coach's Decision,,,,,,,,,,,,,,,,,,,,
22200371,1610612765,DET,Detroit,202711,Bojan Bogdanović,Bojan,F,,20:10,1.0,8.0,0.125,1.0,4.0,0.25,2.0,2.0,1.0,1.0,2.0,3.0,0.0,0.0,0.0,2.0,0.0,5.0,-13.0
22200371,1610612765,DET,Detroit,1630191,Isaiah Stewart,Isaiah,F,,29:35,3.0,8.0,0.375,2.0,5.0,0.4,2.0,2.0,1.0,1.0,3.0,4.0,1.0,0.0,0.0,1.0,4.0,10.0,0.0
22200371,1610612765,DET,Detroit,1628963,Marvin Bagley III,Marvin,C,,19:41,0.0,4.0,0.0,0.0,0.0,0.0,0.0,0.0,0.0,0.0,2.0,2.0,0.0,0.0,0.0,0.0,2.0,0.0,-15.0
22200371,1610612765,DET,Detroit,1631093,Jaden Ivey,Jaden,G,,21:49,4.0,10.0,0.4,2.0,5.0,0.4,2.0,4.0,0.5,1.0,1.0,2.0,0.0,0.0,1.0,3.0,2.0,12.0,-3.0
22200371,1610612765,DET,Detroit,1630165,Killian Hayes,Killian,G,,31:38,8.0,17.0,0.471,1.0,5.0,0.2,0.0,0.0,0.0,0.0,6.0,6.0,12.0,2.0,0.0,2.0,3.0,17.0,-1.0
22200371,1610612765,DET,Detroit,202692,Alec Burks,Alec,,,21:44,4.0,10.0,0.4,3.0,6.0,0.5,3.0,4.0,0.75,0.0,2.0,2.0,1.0,0.0,0.0,0.0,2.0,14.0,-3.0
22200371,1610612765,DET,Detroit,1631105,Jalen Duren,Jalen,,,26:34,5.0,5.0,1.0,0.0,0.0,0.0,2.0,2.0,1.0,5.0,8.0,13.0,0.0,1.0,0.0,3.0,0.0,12.0,11.0
22200371,1610612765,DET,Detroit,1630180,Saddiq Bey,Saddiq,,,24:16,9.0,17.0,0.529,5.0,10.0,0.5,2.0,2.0,1.0,0.0,4.0,4.0,0.0,1.0,0.0,0.0,2.0,25.0,6.0
22200371,1610612765,DET,Detroit,202709,Cory Joseph,Cory,,,20:48,0.0,4.0,0.0,0.0,2.0,0.0,0.0,0.0,0.0,0.0,1.0,1.0,3.0,0.0,0.0,0.0,2.0,0.0,-3.0
22200371,1610612765,DET,Detroit,1628995,Kevin Knox II,Kevin,,,15:01,1.0,6.0,0.167,1.0,5.0,0.2,0.0,0.0,0.0,0.0,3.0,3.0,0.0,1.0,0.0,1.0,4.0,3.0,-8.0
22200371,1610612765,DET,Detroit,1628977,Hamidou Diallo,Hamidou,,,8:44,0.0,1.0,0.0,0.0,0.0,0.0,0.0,0.0,0.0,0.0,2.0,2.0,0.0,0.0,0.0,0.0,2.0,0.0,-1.0
22200371,1610612765,DET,Detroit,203585,Rodney McGruder,Rodney,,DNP - Coach's Decision,,,,,,,,,,,,,,,,,,,,
22200371,1610612765,DET,Detroit,203457,Nerlens Noel,Nerlens,,DNP - Coach's Decision,,,,,,,,,,,,,,,,,,,,
22200371,1610612740,NOP,New Orleans,1630530,Trey Murphy III,Trey,F,,35:06,6.0,13.0,0.462,4.0,9.0,0.444,4.0,4.0,1.0,2.0,3.0,5.0,5.0,1.0,1.0,1.0,3.0,20.0,-7.0
22200371,1610612740,NOP,New Orleans,1629627,Zion Williamson,Zion,F,,32:58,11.0,16.0,0.688,0.0,0.0,0.0,7.0,11.0,0.636,2.0,8.0,10.0,5.0,1.0,1.0,4.0,1.0,29.0,1.0
22200371,1610612740,NOP,New Orleans,202685,Jonas Valančiūnas,Jonas,C,,28:21,7.0,16.0,0.438,0.0,2.0,0.0,0.0,0.0,0.0,3.0,9.0,12.0,2.0,0.0,0.0,2.0,3.0,14.0,11.0
22200371,1610612740,NOP,New Orleans,203468,CJ McCollum,CJ,G,,26:57,3.0,11.0,0.273,0.0,1.0,0.0,2.0,2.0,1.0,0.0,3.0,3.0,4.0,0.0,2.0,4.0,4.0,8.0,-3.0
22200371,1610612740,NOP,New Orleans,1630700,Dyson Daniels,Dyson,G,,25:04,2.0,5.0,0.4,0.0,2.0,0.0,2.0,3.0,0.667,0.0,3.0,3.0,1.0,2.0,0.0,2.0,5.0,6.0,-1.0
22200371,1610612740,NOP,New Orleans,1630230,Naji Marshall,Naji,,,29:59,6.0,7.0,0.857,3.0,4.0,0.75,2.0,2.0,1.0,1.0,4.0,5.0,1.0,1.0,2.0,3.0,2.0,17.0,2.0
22200371,1610612740,NOP,New Orleans,1626204,Larry Nance Jr.,Larry,,,28:43,2.0,5.0,0.4,1.0,2.0,0.5,0.0,0.0,0.0,1.0,8.0,9.0,1.0,0.0,2.0,1.0,1.0,5.0,4.0
22200371,1610612740,NOP,New Orleans,1630631,Jose Alvarado,Jose,,,20:37,1.0,6.0,0.167,0.0,3.0,0.0,0.0,0.0,0.0,0.0,0.0,0.0,2.0,2.0,0.0,1.0,1.0,2.0,11.0
22200371,1610612740,NOP,New Orleans,1628984,Devonte' Graham,Devonte',,,12:15,1.0,6.0,0.167,0.0,4.0,0.0,1.0,1.0,1.0,1.0,2.0,3.0,0.0,1.0,1.0,0.0,1.0,3.0,12.0
22200371,1610612740,NOP,New Orleans,1629637,Jaxson Hayes,Jaxson,,DNP - Coach's Decision,,,,,,,,,,,,,,,,,,,,
22200371,1610612740,NOP,New Orleans,1626195,Willy Hernangomez,Willy,,DNP - Coach's Decision,,,,,,,,,,,,,,,,,,,,
22200371,1610612740,NOP,New Orleans,202066,Garrett Temple,Garrett,,DNP - Coach's Decision,,,,,,,,,,,,,,,,,,,,
22200366,1610612747,LAL,Los Angeles,1630559,Austin Reaves,Austin,F,,28:26,4.0,12.0,0.333,1.0,6.0,0.167,1.0,1.0,1.0,1.0,1.0,2.0,3.0,0.0,0.0,0.0,3.0,10.0,-11.0
22200366,1610612747,LAL,Los Angeles,1629308,Juan Toscano-Anderson,Juan,F,,15:39,1.0,2.0,0.5,0.0,0.0,0.0,1.0,2.0,0.5,0.0,3.0,3.0,2.0,0.0,0.0,1.0,1.0,3.0,5.0
22200366,1610612747,LAL,Los Angeles,1628418,Thomas Bryant,Thomas,C,,31:43,3.0,5.0,0.6,0.0,1.0,0.0,10.0,10.0,1.0,1.0,4.0,5.0,2.0,2.0,2.0,1.0,2.0,16.0,-2.0
22200366,1610612747,LAL,Los Angeles,1629022,Lonnie Walker IV,Lonnie,G,,25:32,5.0,16.0,0.313,2.0,7.0,0.286,0.0,0.0,0.0,0.0,3.0,3.0,0.0,0.0,0.0,1.0,2.0,12.0,-37.0
22200366,1610612747,LAL,Los Angeles,203471,Dennis Schröder,Dennis,G,,27:41,5.0,10.0,0.5,1.0,4.0,0.25,7.0,7.0,1.0,0.0,5.0,5.0,3.0,0.0,0.0,2.0,1.0,18.0,-8.0
22200366,1610612747,LAL,Los Angeles,201566,Russell Westbrook,Russell,,,28:06,5.0,13.0,0.385,1.0,4.0,0.25,5.0,7.0,0.714,4.0,5.0,9.0,4.0,1.0,0.0,5.0,3.0,16.0,-18.0
22200366,1610612747,LAL,Los Angeles,1628972,Troy Brown Jr.,Troy,,,23:16,2.0,6.0,0.333,0.0,3.0,0.0,4.0,4.0,1.0,0.0,4.0,4.0,0.0,0.0,0.0,2.0,1.0,8.0,3.0
22200366,1610612747,LAL,Los Angeles,1629134,Kendrick Nunn,Kendrick,,,21:00,6.0,13.0,0.462,1.0,5.0,0.2,2.0,2.0,1.0,0.0,2.0,2.0,1.0,3.0,0.0,1.0,3.0,15.0,-1.0
22200366,1610612747,LAL,Los Angeles,1627745,Damian Jones,Damian,,,25:16,4.0,5.0,0.8,0.0,0.0,0.0,2.0,2.0,1.0,4.0,6.0,10.0,1.0,0.0,1.0,1.0,0.0,10.0,0.0
22200366,1610612747,LAL,Los Angeles,1631108,Max Christie,Max,,,13:21,2.0,5.0,0.4,1.0,3.0,0.333,0.0,0.0,0.0,0.0,3.0,3.0,0.0,0.0,0.0,1.0,1.0,5.0,4.0
22200366,1610612747,LAL,Los Angeles,201976,Patrick Beverley,Patrick,,DND - Injury/Illness,,,,,,,,,,,,,,,,,,,,
22200366,1610612747,LAL,Los Angeles,1629117,Wenyen Gabriel,Wenyen,,DND - Injury/Illness,,,,,,,,,,,,,,,,,,,,
22200366,1610612761,TOR,Toronto,1628384,OG Anunoby,OG,F,,34:06,8.0,19.0,0.421,2.0,8.0,0.25,5.0,6.0,0.833,1.0,5.0,6.0,1.0,1.0,1.0,1.0,1.0,23.0,12.0
22200366,1610612761,TOR,Toronto,1627783,Pascal Siakam,Pascal,F,,32:26,10.0,20.0,0.5,1.0,4.0,0.25,4.0,5.0,0.8,2.0,8.0,10.0,7.0,2.0,0.0,2.0,4.0,25.0,22.0
22200366,1610612761,TOR,Toronto,1631132,Christian Koloko,Christian,C,,21:38,0.0,3.0,0.0,0.0,1.0,0.0,1.0,2.0,0.5,2.0,2.0,4.0,0.0,1.0,4.0,0.0,6.0,1.0,9.0
22200366,1610612761,TOR,Toronto,1630567,Scottie Barnes,Scottie,G,,31:19,6.0,12.0,0.5,1.0,2.0,0.5,0.0,0.0,0.0,5.0,12.0,17.0,4.0,0.0,0.0,3.0,0.0,13.0,-13.0
22200366,1610612761,TOR,Toronto,1627832,Fred VanVleet,Fred,G,,29:53,8.0,20.0,0.4,3.0,12.0,0.25,6.0,6.0,1.0,1.0,3.0,4.0,7.0,0.0,0.0,3.0,1.0,25.0,19.0
22200366,1610612761,TOR,Toronto,201152,Thaddeus Young,Thaddeus,,,18:55,0.0,1.0,0.0,0.0,1.0,0.0,0.0,0.0,0.0,2.0,0.0,2.0,4.0,3.0,0.0,0.0,4.0,0.0,8.0
22200366,1610612761,TOR,Toronto,1628449,Chris Boucher,Chris,,,24:49,7.0,11.0,0.636,2.0,5.0,0.4,0.0,0.0,0.0,3.0,4.0,7.0,0.0,0.0,0.0,0.0,2.0,16.0,5.0
22200366,1610612761,TOR,Toronto,1629018,Gary Trent Jr.,Gary,,,33:26,6.0,15.0,0.4,2.0,9.0,0.222,4.0,5.0,0.8,0.0,2.0,2.0,0.0,2.0,0.0,2.0,3.0,18.0,16.0
22200366,1610612761,TOR,Toronto,1630201,Malachi Flynn,Malachi,,,4:51,2.0,4.0,0.5,1.0,1.0,1.0,0.0,0.0,0.0,1.0,0.0,1.0,0.0,0.0,0.0,0.0,1.0,5.0,-7.0
22200366,1610612761,TOR,Toronto,1630625,Dalano Banton,Dalano,,,3:59,0.0,0.0,0.0,0.0,0.0,0.0,0.0,0.0,0.0,0.0,0.0,0.0,1.0,1.0,0.0,0.0,0.0,0.0,-2.0
22200366,1610612761,TOR,Toronto,1630288,Jeff Dowtin Jr.,Jeff,,,2:19,0.0,1.0,0.0,0.0,0.0,0.0,0.0,0.0,0.0,0.0,0.0,0.0,0.0,0.0,0.0,0.0,0.0,0.0,-2.0
22200366,1610612761,TOR,Toronto,1630551,Justin Champagnie,Justin,,,2:19,0.0,0.0,0.0,0.0,0.0,0.0,0.0,0.0,0.0,0.0,1.0,1.0,1.0,0.0,0.0,0.0,0.0,0.0,-2.0
22200366,1610612761,TOR,Toronto,203920,Khem Birch,Khem,,DNP - Coach's Decision,,,,,,,,,,,,,,,,,,,,
22200366,1610612761,TOR,Toronto,1631199,Ron Harper Jr.,Ron,,DNP - Coach's Decision,,,,,,,,,,,,,,,,,,,,
22200373,1610612738,BOS,Boston,1628369,Jayson Tatum,Jayson,F,,29:06,9.0,19.0,0.474,3.0,8.0,0.375,4.0,6.0,0.667,0.0,5.0,5.0,2.0,2.0,0.0,3.0,2.0,25.0,26.0
22200373,1610612738,BOS,Boston,1629684,Grant Williams,Grant,F,,22:13,6.0,6.0,1.0,2.0,2.0,1.0,0.0,0.0,0.0,2.0,4.0,6.0,0.0,0.0,0.0,0.0,1.0,14.0,31.0
22200373,1610612738,BOS,Boston,201933,Blake Griffin,Blake,C,,21:30,3.0,6.0,0.5,3.0,4.0,0.75,0.0,0.0,0.0,1.0,8.0,9.0,1.0,0.0,1.0,0.0,3.0,9.0,32.0
22200373,1610612738,BOS,Boston,1627759,Jaylen Brown,Jaylen,G,,28:06,9.0,24.0,0.375,2.0,8.0,0.25,5.0,5.0,1.0,3.0,4.0,7.0,3.0,2.0,0.0,1.0,0.0,25.0,27.0
22200373,1610612738,BOS,Boston,203935,Marcus Smart,Marcus,G,,25:41,2.0,5.0,0.4,0.0,3.0,0.0,0.0,0.0,0.0,1.0,3.0,4.0,6.0,3.0,0.0,5.0,3.0,4.0,23.0
22200373,1610612738,BOS,Boston,1627763,Malcolm Brogdon,Malcolm,,,19:13,7.0,9.0,0.778,2.0,4.0,0.5,0.0,0.0,0.0,0.0,3.0,3.0,5.0,0.0,0.0,1.0,2.0,16.0,9.0
22200373,1610612738,BOS,Boston,1628436,Luke Kornet,Luke,,,26:05,6.0,6.0,1.0,0.0,0.0,0.0,0.0,0.0,0.0,1.0,3.0,4.0,3.0,2.0,1.0,0.0,0.0,12.0,-3.0
22200373,1610612738,BOS,Boston,1628401,Derrick White,Derrick,,,18:13,3.0,9.0,0.333,1.0,4.0,0.25,0.0,0.0,0.0,1.0,1.0,2.0,6.0,3.0,0.0,0.0,2.0,7.0,23.0
22200373,1610612738,BOS,Boston,1630573,Sam Hauser,Sam,,,21:23,2.0,7.0,0.286,2.0,6.0,0.333,0.0,0.0,0.0,1.0,5.0,6.0,0.0,1.0,0.0,0.0,2.0,6.0,0.0
22200373,1610612738,BOS,Boston,1628382,Justin Jackson,Justin,,,10:06,0.0,3.0,0.0,0.0,2.0,0.0,0.0,0.0,0.0,0.0,1.0,1.0,2.0,0.0,0.0,0.0,0.0,0.0,-10.0
22200373,1610612738,BOS,Boston,1630202,Payton Pritchard,Payton,,,10:06,2.0,5.0,0.4,1.0,3.0,0.333,2.0,2.0,1.0,1.0,1.0,2.0,1.0,1.0,0.0,1.0,1.0,7.0,-10.0
22200373,1610612738,BOS,Boston,203943,Noah Vonleh,Noah,,,8:18,0.0,2.0,0.0,0.0,1.0,0.0,0.0,0.0,0.0,0.0,4.0,4.0,0.0,0.0,1.0,1.0,4.0,0.0,-13.0
22200373,1610612756,PHX,Phoenix,1628969,Mikal Bridges,Mikal,F,,27:41,2.0,12.0,0.167,0.0,5.0,0.0,0.0,0.0,0.0,1.0,2.0,3.0,0.0,1.0,0.0,1.0,1.0,4.0,-33.0
22200373,1610612756,PHX,Phoenix,1628470,Torrey Craig,Torrey,F,,23:42,5.0,9.0,0.556,1.0,5.0,0.2,0.0,0.0,0.0,1.0,2.0,3.0,1.0,0.0,1.0,1.0,3.0,11.0,-36.0
22200373,1610612756,PHX,Phoenix,1629028,Deandre Ayton,Deandre,C,,24:28,4.0,7.0,0.571,0.0,0.0,0.0,0.0,0.0,0.0,2.0,5.0,7.0,2.0,1.0,0.0,4.0,1.0,8.0,-28.0
22200373,1610612756,PHX,Phoenix,1626164,Devin Booker,Devin,G,,24:37,6.0,17.0,0.353,1.0,6.0,0.167,4.0,4.0,1.0,1.0,4.0,5.0,3.0,0.0,1.0,2.0,5.0,17.0,-40.0
22200373,1610612756,PHX,Phoenix,101108,Chris Paul,Chris,G,,24:03,2.0,6.0,0.333,0.0,2.0,0.0,0.0,0.0,0.0,0.0,4.0,4.0,4.0,1.0,0.0,4.0,3.0,4.0,-28.0
22200373,1610612756,PHX,Phoenix,1626166,Cameron Payne,Cameron,,,16:18,5.0,13.0,0.385,0.0,2.0,0.0,2.0,3.0,0.667,1.0,2.0,3.0,3.0,1.0,0.0,0.0,2.0,12.0,-14.0
22200373,1610612756,PHX,Phoenix,1627814,Damion Lee,Damion,,,13:51,1.0,1.0,1.0,0.0,0.0,0.0,0.0,0.0,0.0,0.0,4.0,4.0,0.0,0.0,0.0,1.0,0.0,2.0,-9.0
22200373,1610612756,PHX,Phoenix,1629111,Jock Landale,Jock,,,14:14,1.0,4.0,0.25,0.0,1.0,0.0,0.0,0.0,0.0,1.0,2.0,3.0,2.0,0.0,0.0,1.0,1.0,2.0,-1.0
22200373,1610612756,PHX,Phoenix,1629006,Josh Okogie,Josh,,,23:23,8.0,14.0,0.571,4.0,6.0,0.667,8.0,10.0,0.8,5.0,2.0,7.0,2.0,0.0,1.0,2.0,0.0,28.0,13.0
22200373,1610612756,PHX,Phoenix,1629013,Landry Shamet,Landry,,,20:40,2.0,5.0,0.4,2.0,4.0,0.5,0.0,0.0,0.0,0.0,1.0,1.0,1.0,0.0,0.0,0.0,0.0,6.0,14.0
22200373,1610612756,PHX,Phoenix,202687,Bismack Biyombo,Bismack,,,4:57,0.0,2.0,0.0,0.0,0.0,0.0,0.0,0.0,0.0,1.0,1.0,2.0,0.0,0.0,1.0,1.0,1.0,0.0,5.0
22200373,1610612756,PHX,Phoenix,203967,Dario Šarić,Dario,,,12:00,1.0,3.0,0.333,0.0,1.0,0.0,2.0,2.0,1.0,0.0,6.0,6.0,0.0,0.0,0.0,1.0,0.0,4.0,12.0
22200373,1610612756,PHX,Phoenix,1630688,Ish Wainright,Ish,,,10:06,0.0,0.0,0.0,0.0,0.0,0.0,0.0,0.0,0.0,0.0,1.0,1.0,1.0,1.0,0.0,0.0,0.0,0.0,10.0
22200368,1610612760,OKC,Oklahoma City,1631114,Jalen Williams,Jalen,F,,25:35,3.0,11.0,0.273,1.0,4.0,0.25,0.0,0.0,0.0,1.0,2.0,3.0,3.0,1.0,0.0,1.0,4.0,7.0,-16.0
22200368,1610612760,OKC,Oklahoma City,1630197,Aleksej Pokusevski,Aleksej,F,,21:20,4.0,7.0,0.571,2.0,4.0,0.5,0.0,0.0,0.0,0.0,2.0,2.0,4.0,0.0,1.0,2.0,2.0,10.0,-12.0
22200368,1610612760,OKC,Oklahoma City,1630526,Jeremiah Robinson-Earl,Jeremiah,C,,26:50,4.0,11.0,0.364,1.0,4.0,0.25,0.0,0.0,0.0,5.0,4.0,9.0,0.0,0.0,0.0,1.0,1.0,9.0,-11.0
22200368,1610612760,OKC,Oklahoma City,1630581,Josh Giddey,Josh,G,,26:50,4.0,13.0,0.308,2.0,3.0,0.667,0.0,0.0,0.0,3.0,7.0,10.0,4.0,1.0,0.0,3.0,0.0,10.0,-23.0
22200368,1610612760,OKC,Oklahoma City,1628983,Shai Gilgeous-Alexander,Shai,G,,33:47,4.0,14.0,0.286,1.0,4.0,0.25,17.0,19.0,0.895,0.0,3.0,3.0,7.0,0.0,1.0,5.0,0.0,26.0,-12.0
22200368,1610612760,OKC,Oklahoma City,1630647,Eugene Omoruyi,Eugene,,,23:50,5.0,11.0,0.455,1.0,5.0,0.2,0.0,0.0,0.0,2.0,3.0,5.0,2.0,4.0,0.0,0.0,2.0,11.0,-15.0
22200368,1610612760,OKC,Oklahoma City,1630598,Aaron Wiggins,Aaron,,,16:23,3.0,5.0,0.6,0.0,0.0,0.0,0.0,0.0,0.0,0.0,4.0,4.0,1.0,0.0,0.0,2.0,3.0,6.0,4.0
22200368,1610612760,OKC,Oklahoma City,203488,Mike Muscala,Mike,,,11:58,1.0,2.0,0.5,1.0,2.0,0.5,0.0,0.0,0.0,1.0,2.0,3.0,0.0,0.0,0.0,0.0,1.0,3.0,3.0
22200368,1610612760,OKC,Oklahoma City,1630198,Isaiah Joe,Isaiah,,,18:59,2.0,6.0,0.333,2.0,5.0,0.4,2.0,2.0,1.0,0.0,5.0,5.0,2.0,1.0,1.0,3.0,1.0,8.0,1.0
22200368,1610612760,OKC,Oklahoma City,1630544,Tre Mann,Tre,,,23:44,4.0,9.0,0.444,3.0,6.0,0.5,1.0,2.0,0.5,1.0,1.0,2.0,0.0,1.0,0.0,1.0,1.0,12.0,-22.0
22200368,1610612760,OKC,Oklahoma City,1631119,Jaylin Williams,Jaylin,,,10:45,0.0,3.0,0.0,0.0,1.0,0.0,0.0,0.0,0.0,1.0,1.0,2.0,2.0,1.0,0.0,0.0,1.0,0.0,-2.0
22200368,1610612760,OKC,Oklahoma City,1629647,Darius Bazley,Darius,,DNP - Coach's Decision,,,,,,,,,,,,,,,,,,,,
22200368,1610612763,MEM,Memphis,1628415,Dillon Brooks,Dillon,F,,30:13,9.0,19.0,0.474,5.0,12.0,0.417,1.0,1.0,1.0,0.0,3.0,3.0,2.0,1.0,1.0,2.0,3.0,24.0,9.0
22200368,1610612763,MEM,Memphis,1628991,Jaren Jackson Jr.,Jaren,F,,25:45,5.0,9.0,0.556,2.0,4.0,0.5,0.0,0.0,0.0,0.0,3.0,3.0,1.0,2.0,5.0,1.0,2.0,12.0,12.0
22200368,1610612763,MEM,Memphis,203500,Steven Adams,Steven,C,,20:51,4.0,4.0,1.0,0.0,0.0,0.0,0.0,1.0,0.0,2.0,3.0,5.0,2.0,0.0,2.0,1.0,0.0,8.0,10.0
22200368,1610612763,MEM,Memphis,1629723,John Konchar,John,G,,27:46,3.0,9.0,0.333,0.0,4.0,0.0,1.0,1.0,1.0,1.0,3.0,4.0,1.0,2.0,0.0,1.0,2.0,7.0,11.0
22200368,1610612763,MEM,Memphis,1629630,Ja Morant,Ja,G,,30:09,8.0,16.0,0.5,2.0,3.0,0.667,8.0,10.0,0.8,3.0,10.0,13.0,11.0,2.0,0.0,3.0,2.0,26.0,11.0
22200368,1610612763,MEM,Memphis,1630583,Santi Aldama,Santi,,,22:15,5.0,8.0,0.625,2.0,4.0,0.5,2.0,2.0,1.0,1.0,4.0,5.0,3.0,1.0,0.0,1.0,3.0,14.0,9.0
22200368,1610612763,MEM,Memphis,1631223,David Roddy,David,,,15:12,3.0,5.0,0.6,2.0,4.0,0.5,0.0,0.0,0.0,0.0,1.0,1.0,3.0,0.0,0.0,2.0,1.0,8.0,6.0
22200368,1610612763,MEM,Memphis,1629634,Brandon Clarke,Brandon,,,24:49,8.0,10.0,0.8,0.0,0.0,0.0,1.0,1.0,1.0,0.0,8.0,8.0,1.0,0.0,1.0,1.0,3.0,17.0,11.0
22200368,1610612763,MEM,Memphis,1626145,Tyus Jones,Tyus,,,21:56,1.0,5.0,0.2,1.0,3.0,0.333,0.0,0.0,0.0,2.0,0.0,2.0,5.0,2.0,0.0,2.0,0.0,3.0,11.0
22200368,1610612763,MEM,Memphis,1630533,Ziaire Williams,Ziaire,,,18:44,2.0,9.0,0.222,0.0,4.0,0.0,0.0,0.0,0.0,1.0,5.0,6.0,3.0,2.0,0.0,0.0,3.0,4.0,15.0
22200368,1610612763,MEM,Memphis,1630214,Xavier Tillman,Xavier,,,2:20,0.0,0.0,0.0,0.0,0.0,0.0,0.0,0.0,0.0,0.0,0.0,0.0,0.0,1.0,0.0,0.0,0.0,0.0,0.0
22200364,1610612766,CHA,Charlotte,1629667,Jalen McDaniels,Jalen,F,,35:43,8.0,14.0,0.571,1.0,4.0,0.25,2.0,2.0,1.0,0.0,7.0,7.0,3.0,1.0,1.0,1.0,5.0,19.0,4.0
22200364,1610612766,CHA,Charlotte,1629023,P.J. Washington,P.J.,F,,30:19,5.0,13.0,0.385,1.0,4.0,0.25,1.0,4.0,0.25,0.0,5.0,5.0,7.0,0.0,1.0,1.0,1.0,12.0,2.0
22200364,1610612766,CHA,Charlotte,203486,Mason Plumlee,Mason,C,,33:57,5.0,8.0,0.625,0.0,0.0,0.0,3.0,8.0,0.375,4.0,7.0,11.0,5.0,0.0,0.0,2.0,1.0,13.0,5.0
22200364,1610612766,CHA,Charlotte,1626162,Kelly Oubre Jr.,Kelly,G,,40:51,11.0,20.0,0.55,3.0,7.0,0.429,3.0,5.0,0.6,2.0,6.0,8.0,1.0,2.0,1.0,2.0,1.0,28.0,-14.0
22200364,1610612766,CHA,Charlotte,1626179,Terry Rozier,Terry,G,,40:03,13.0,24.0,0.542,3.0,6.0,0.5,0.0,1.0,0.0,1.0,1.0,2.0,5.0,1.0,0.0,1.0,2.0,29.0,-6.0
22200364,1610612766,CHA,Charlotte,1631121,Bryce McGowens,Bryce,,,19:59,1.0,3.0,0.333,1.0,2.0,0.5,0.0,0.0,0.0,0.0,0.0,0.0,2.0,0.0,0.0,0.0,1.0,3.0,-6.0
22200364,1610612766,CHA,Charlotte,1630177,Theo Maledon,Theo,,,11:10,1.0,1.0,1.0,0.0,0.0,0.0,3.0,3.0,1.0,0.0,2.0,2.0,2.0,0.0,0.0,0.0,0.0,5.0,2.0
22200364,1610612766,CHA,Charlotte,1630208,Nick Richards,Nick,,,9:30,1.0,1.0,1.0,0.0,0.0,0.0,0.0,0.0,0.0,0.0,0.0,0.0,0.0,0.0,0.0,0.0,2.0,2.0,-19.0
22200364,1610612766,CHA,Charlotte,1630539,Kai Jones,Kai,,,10:24,2.0,4.0,0.5,1.0,1.0,1.0,0.0,0.0,0.0,2.0,1.0,3.0,0.0,0.0,0.0,3.0,3.0,5.0,-3.0
22200364,1610612766,CHA,Charlotte,1630550,JT Thor,JT,,,8:04,0.0,0.0,0.0,0.0,0.0,0.0,0.0,0.0,0.0,1.0,1.0,2.0,0.0,0.0,0.0,1.0,2.0,0.0,5.0
22200364,1610612766,CHA,Charlotte,1630547,James Bouknight,James,,DNP - Coach's Decision,,,,,,,,,,,,,,,,,,,,
22200364,1610612751,BKN,Brooklyn,201142,Kevin Durant,Kevin,F,,36:28,12.0,19.0,0.632,2.0,5.0,0.4,3.0,3.0,1.0,0.0,9.0,9.0,8.0,0.0,0.0,3.0,2.0,29.0,4.0
22200364,1610612751,BKN,Brooklyn,1626220,Royce O'Neale,Royce,F,,37:22,1.0,6.0,0.167,1.0,4.0,0.25,0.0,0.0,0.0,2.0,2.0,4.0,4.0,1.0,0.0,1.0,4.0,3.0,3.0
22200364,1610612751,BKN,Brooklyn,1629651,Nic Claxton,Nic,C,,28:53,6.0,9.0,0.667,0.0,0.0,0.0,2.0,6.0,0.333,1.0,6.0,7.0,1.0,1.0,3.0,2.0,4.0,14.0,-4.0
22200364,1610612751,BKN,Brooklyn,203925,Joe Harris,Joe,G,,31:00,3.0,6.0,0.5,2.0,4.0,0.5,0.0,0.0,0.0,1.0,1.0,2.0,1.0,1.0,0.0,1.0,3.0,8.0,-4.0
22200364,1610612751,BKN,Brooklyn,202681,Kyrie Irving,Kyrie,G,,34:20,14.0,24.0,0.583,1.0,7.0,0.143,4.0,4.0,1.0,0.0,5.0,5.0,9.0,0.0,4.0,1.0,0.0,33.0,3.0
22200364,1610612751,BKN,Brooklyn,202693,Markieff Morris,Markieff,,,15:00,2.0,5.0,0.4,2.0,4.0,0.5,0.0,0.0,0.0,0.0,3.0,3.0,1.0,0.0,1.0,0.0,2.0,6.0,10.0
22200364,1610612751,BKN,Brooklyn,203552,Seth Curry,Seth,,,28:18,8.0,11.0,0.727,3.0,6.0,0.5,1.0,1.0,1.0,0.0,5.0,5.0,6.0,0.0,0.0,0.0,2.0,20.0,5.0
22200364,1610612751,BKN,Brooklyn,1628410,Edmond Sumner,Edmond,,,13:13,3.0,3.0,1.0,1.0,1.0,1.0,2.0,2.0,1.0,1.0,2.0,3.0,0.0,0.0,0.0,1.0,1.0,9.0,10.0
22200364,1610612751,BKN,Brooklyn,203933,T.J. Warren,T.J.,,,10:38,0.0,1.0,0.0,0.0,0.0,0.0,0.0,0.0,0.0,0.0,0.0,0.0,2.0,0.0,0.0,1.0,2.0,0.0,3.0
22200364,1610612751,BKN,Brooklyn,1630560,Cam Thomas,Cam,,,4:49,0.0,2.0,0.0,0.0,0.0,0.0,0.0,0.0,0.0,0.0,1.0,1.0,1.0,0.0,0.0,0.0,0.0,0.0,0.0
22200364,1610612751,BKN,Brooklyn,201988,Patty Mills,Patty,,DNP - Coach's Decision,,,,,,,,,,,,,,,,,,,,
22200363,1610612746,LAC,LA,202695,Kawhi Leonard,Kawhi,F,,30:12,4.0,15.0,0.267,2.0,6.0,0.333,4.0,4.0,1.0,1.0,6.0,7.0,3.0,0.0,0.0,4.0,1.0,14.0,4.0
22200363,1610612746,LAC,LA,201587,Nicolas Batum,Nicolas,F,,37:55,6.0,11.0,0.545,4.0,9.0,0.444,0.0,0.0,0.0,2.0,2.0,4.0,5.0,0.0,0.0,0.0,2.0,16.0,13.0
22200363,1610612746,LAC,LA,1627826,Ivica Zubac,Ivica,C,,37:08,6.0,9.0,0.667,0.0,0.0,0.0,4.0,8.0,0.5,3.0,10.0,13.0,1.0,0.0,2.0,2.0,6.0,16.0,2.0
22200363,1610612746,LAC,LA,202331,Paul George,Paul,G,,32:32,3.0,12.0,0.25,2.0,6.0,0.333,3.0,3.0,1.0,1.0,6.0,7.0,5.0,1.0,1.0,4.0,2.0,11.0,21.0
22200363,1610612746,LAC,LA,202704,Reggie Jackson,Reggie,G,,31:14,5.0,20.0,0.25,2.0,8.0,0.25,3.0,3.0,1.0,1.0,0.0,1.0,3.0,0.0,0.0,2.0,1.0,15.0,-13.0
22200363,1610612746,LAC,LA,1629650,Moses Brown,Moses,,,15:11,3.0,6.0,0.5,0.0,0.0,0.0,1.0,4.0,0.25,5.0,3.0,8.0,0.0,0.0,3.0,0.0,1.0,7.0,-3.0
22200363,1610612746,LAC,LA,1629611,Terance Mann,Terance,,,36:51,7.0,10.0,0.7,3.0,5.0,0.6,2.0,2.0,1.0,4.0,5.0,9.0,4.0,1.0,1.0,2.0,0.0,19.0,-10.0
22200363,1610612746,LAC,LA,1629599,Amir Coffey,Amir,,,19:13,1.0,3.0,0.333,0.0,1.0,0.0,1.0,2.0,0.5,0.0,2.0,2.0,3.0,0.0,0.0,0.0,2.0,3.0,-25.0
22200363,1610612746,LAC,LA,203496,Robert Covington,Robert,,,24:44,4.0,9.0,0.444,2.0,6.0,0.333,0.0,0.0,0.0,0.0,2.0,2.0,2.0,1.0,2.0,1.0,4.0,10.0,-14.0
22200363,1610612746,LAC,LA,1630527,Brandon Boston,Brandon,,DNP - Coach's Decision,,,,,,,,,,,,,,,,,,,,
22200363,1610612746,LAC,LA,1628379,Luke Kennard,Luke,,DND - Injury/Illness,,,,,,,,,,,,,,,,,,,,
22200363,1610612753,ORL,Orlando,1629626,Bol Bol,Bol,F,,34:09,9.0,14.0,0.643,1.0,2.0,0.5,1.0,1.0,1.0,3.0,6.0,9.0,3.0,2.0,2.0,3.0,1.0,20.0,-2.0
22200363,1610612753,ORL,Orlando,1631094,Paolo Banchero,Paolo,F,,38:19,5.0,13.0,0.385,0.0,2.0,0.0,13.0,14.0,0.929,1.0,4.0,5.0,2.0,2.0,0.0,2.0,3.0,23.0,-9.0
22200363,1610612753,ORL,Orlando,1629021,Moritz Wagner,Moritz,C,,35:51,7.0,13.0,0.538,1.0,4.0,0.25,5.0,5.0,1.0,4.0,9.0,13.0,3.0,2.0,1.0,2.0,4.0,20.0,-12.0
22200363,1610612753,ORL,Orlando,1630532,Franz Wagner,Franz,G,,37:13,6.0,19.0,0.316,1.0,6.0,0.167,2.0,3.0,0.667,1.0,5.0,6.0,1.0,1.0,0.0,0.0,0.0,15.0,2.0
22200363,1610612753,ORL,Orlando,1628365,Markelle Fultz,Markelle,G,,27:47,0.0,4.0,0.0,0.0,0.0,0.0,1.0,2.0,0.5,0.0,2.0,2.0,4.0,0.0,0.0,3.0,4.0,1.0,-17.0
22200363,1610612753,ORL,Orlando,203082,Terrence Ross,Terrence,,,11:04,0.0,3.0,0.0,0.0,2.0,0.0,0.0,0.0,0.0,0.0,2.0,2.0,0.0,0.0,1.0,0.0,1.0,0.0,2.0
22200363,1610612753,ORL,Orlando,1628964,Mo Bamba,Mo,,,17:09,3.0,6.0,0.5,2.0,3.0,0.667,0.0,0.0,0.0,1.0,3.0,4.0,1.0,0.0,1.0,1.0,4.0,8.0,17.0
22200363,1610612753,ORL,Orlando,1630175,Cole Anthony,Cole,,,27:00,5.0,13.0,0.385,2.0,5.0,0.4,1.0,1.0,1.0,1.0,3.0,4.0,4.0,0.0,0.0,0.0,2.0,13.0,21.0
22200363,1610612753,ORL,Orlando,1629678,Admiral Schofield,Admiral,,,14:41,4.0,7.0,0.571,1.0,3.0,0.333,0.0,0.0,0.0,3.0,2.0,5.0,1.0,0.0,0.0,0.0,0.0,9.0,14.0
22200363,1610612753,ORL,Orlando,1630284,Kevon Harris,Kevon,,,9:38,0.0,1.0,0.0,0.0,0.0,0.0,2.0,2.0,1.0,1.0,0.0,1.0,1.0,1.0,0.0,0.0,1.0,2.0,1.0
22200363,1610612753,ORL,Orlando,1631216,Caleb Houstan,Caleb,,,12:09,1.0,2.0,0.5,0.0,1.0,0.0,3.0,3.0,1.0,1.0,1.0,2.0,0.0,0.0,0.0,1.0,1.0,5.0,8.0
22200363,1610612753,ORL,Orlando,1630181,R.J. Hampton,R.J.,,DNP - Coach's Decision,,,,,,,,,,,,,,,,,,,,
22200367,1610612764,WAS,Washington,1630166,Deni Avdija,Deni,F,,38:52,4.0,8.0,0.5,0.0,1.0,0.0,2.0,3.0,0.667,1.0,4.0,5.0,6.0,4.0,0.0,0.0,2.0,10.0,-9.0
22200367,1610612764,WAS,Washington,1628398,Kyle Kuzma,Kyle,F,,37:55,8.0,18.0,0.444,2.0,5.0,0.4,3.0,4.0,0.75,0.0,5.0,5.0,1.0,2.0,0.0,3.0,1.0,21.0,-12.0
22200367,1610612764,WAS,Washington,204001,Kristaps Porziņģis,Kristaps,C,,34:36,8.0,17.0,0.471,0.0,6.0,0.0,12.0,16.0,0.75,1.0,8.0,9.0,4.0,2.0,2.0,5.0,4.0,28.0,-14.0
22200367,1610612764,WAS,Washington,1630557,Corey Kispert,Corey,G,,30:04,4.0,8.0,0.5,2.0,5.0,0.4,0.0,0.0,0.0,1.0,2.0,3.0,1.0,2.0,0.0,2.0,2.0,10.0,-13.0
22200367,1610612764,WAS,Washington,1628420,Monté Morris,Monté,G,,37:15,7.0,13.0,0.538,2.0,6.0,0.333,1.0,1.0,1.0,0.0,2.0,2.0,8.0,0.0,1.0,3.0,3.0,17.0,-7.0
22200367,1610612764,WAS,Washington,1630692,Jordan Goodwin,Jordan,,,12:36,2.0,6.0,0.333,0.0,1.0,0.0,0.0,0.0,0.0,1.0,3.0,4.0,1.0,1.0,0.0,1.0,0.0,4.0,2.0
22200367,1610612764,WAS,Washington,1629655,Daniel Gafford,Daniel,,,17:31,4.0,4.0,1.0,0.0,0.0,0.0,2.0,3.0,0.667,1.0,2.0,3.0,0.0,1.0,2.0,2.0,3.0,10.0,12.0
22200367,1610612764,WAS,Washington,203115,Will Barton,Will,,,18:09,2.0,7.0,0.286,2.0,5.0,0.4,0.0,0.0,0.0,0.0,3.0,3.0,1.0,0.0,1.0,1.0,0.0,6.0,10.0
22200367,1610612764,WAS,Washington,201959,Taj Gibson,Taj,,,10:09,2.0,3.0,0.667,1.0,2.0,0.5,0.0,2.0,0.0,1.0,2.0,3.0,0.0,0.0,0.0,1.0,1.0,5.0,8.0
22200367,1610612764,WAS,Washington,1630264,Anthony Gill,Anthony,,,2:54,0.0,0.0,0.0,0.0,0.0,0.0,0.0,0.0,0.0,0.0,1.0,1.0,0.0,0.0,0.0,0.0,0.0,0.0,3.0
22200367,1610612764,WAS,Washington,203078,Bradley Beal,Bradley,,DND - Injury/Illness,,,,,,,,,,,,,,,,,,,,
22200367,1610612741,CHI,Chicago,201942,DeMar DeRozan,DeMar,F,,37:15,11.0,21.0,0.524,0.0,1.0,0.0,5.0,6.0,0.833,0.0,7.0,7.0,4.0,0.0,1.0,5.0,3.0,27.0,5.0
22200367,1610612741,CHI,Chicago,1630172,Patrick Williams,Patrick,F,,29:59,5.0,8.0,0.625,1.0,1.0,1.0,0.0,0.0,0.0,1.0,2.0,3.0,1.0,0.0,0.0,1.0,4.0,11.0,5.0
22200367,1610612741,CHI,Chicago,202696,Nikola Vučević,Nikola,C,,35:34,10.0,16.0,0.625,3.0,5.0,0.6,2.0,3.0,0.667,2.0,9.0,11.0,3.0,2.0,2.0,1.0,1.0,25.0,13.0
22200367,1610612741,CHI,Chicago,203897,Zach LaVine,Zach,G,,34:16,8.0,19.0,0.421,5.0,9.0,0.556,4.0,4.0,1.0,0.0,7.0,7.0,5.0,2.0,0.0,6.0,1.0,25.0,14.0
22200367,1610612741,CHI,Chicago,1627936,Alex Caruso,Alex,G,,32:09,2.0,4.0,0.5,0.0,1.0,0.0,1.0,1.0,1.0,0.0,4.0,4.0,9.0,4.0,0.0,1.0,3.0,5.0,17.0
22200367,1610612741,CHI,Chicago,1630245,Ayo Dosunmu,Ayo,,,19:53,3.0,5.0,0.6,0.0,1.0,0.0,2.0,2.0,1.0,0.0,2.0,2.0,2.0,1.0,0.0,1.0,3.0,8.0,-14.0
22200367,1610612741,CHI,Chicago,1629632,Coby White,Coby,,,17:09,2.0,4.0,0.5,1.0,3.0,0.333,1.0,1.0,1.0,0.0,1.0,1.0,0.0,1.0,0.0,1.0,0.0,6.0,4.0
22200367,1610612741,CHI,Chicago,1627884,Derrick Jones Jr.,Derrick,,,14:15,1.0,4.0,0.25,0.0,1.0,0.0,0.0,0.0,0.0,1.0,1.0,2.0,1.0,1.0,0.0,0.0,0.0,2.0,-8.0
22200367,1610612741,CHI,Chicago,203083,Andre Drummond,Andre,,,8:28,2.0,5.0,0.4,0.0,0.0,0.0,0.0,0.0,0.0,1.0,2.0,3.0,1.0,0.0,1.0,1.0,5.0,4.0,-7.0
22200367,1610612741,CHI,Chicago,201609,Goran Dragic,Goran,,,11:03,1.0,4.0,0.25,0.0,1.0,0.0,0.0,0.0,0.0,1.0,0.0,1.0,3.0,0.0,0.0,2.0,0.0,2.0,-9.0
22200367,1610612741,CHI,Chicago,1628396,Tony Bradley,Tony,,DNP - Coach's Decision,,,,,,,,,,,,,,,,,,,,
22200367,1610612741,CHI,Chicago,1630792,Malcolm Hill,Malcolm,,DNP - Coach's Decision,,,,,,,,,,,,,,,,,,,,
22200367,1610612741,CHI,Chicago,1631207,Dalen Terry,Dalen,,DNP - Coach's Decision,,,,,,,,,,,,,,,,,,,,
22200361,1610612765,DET,Detroit,202711,Bojan Bogdanović,Bojan,F,,30:21,12.0,16.0,0.75,7.0,9.0,0.778,0.0,0.0,0.0,0.0,3.0,3.0,5.0,3.0,0.0,3.0,1.0,31.0,13.0
22200361,1610612765,DET,Detroit,1630191,Isaiah Stewart,Isaiah,F,,28:19,5.0,9.0,0.556,1.0,3.0,0.333,0.0,2.0,0.0,2.0,9.0,11.0,2.0,0.0,0.0,1.0,2.0,11.0,9.0
22200361,1610612765,DET,Detroit,1628963,Marvin Bagley III,Marvin,C,,19:14,2.0,6.0,0.333,0.0,0.0,0.0,0.0,0.0,0.0,3.0,1.0,4.0,0.0,2.0,0.0,0.0,1.0,4.0,-9.0
22200361,1610612765,DET,Detroit,1631093,Jaden Ivey,Jaden,G,,26:23,3.0,9.0,0.333,1.0,4.0,0.25,3.0,4.0,0.75,1.0,1.0,2.0,3.0,0.0,0.0,2.0,3.0,10.0,6.0
22200361,1610612765,DET,Detroit,1630165,Killian Hayes,Killian,G,,23:02,2.0,8.0,0.25,2.0,4.0,0.5,0.0,0.0,0.0,0.0,1.0,1.0,6.0,0.0,1.0,0.0,2.0,6.0,-3.0
22200361,1610612765,DET,Detroit,202692,Alec Burks,Alec,,,21:37,6.0,13.0,0.462,4.0,10.0,0.4,2.0,3.0,0.667,0.0,9.0,9.0,2.0,0.0,0.0,1.0,2.0,18.0,14.0
22200361,1610612765,DET,Detroit,1630180,Saddiq Bey,Saddiq,,,30:42,4.0,10.0,0.4,1.0,3.0,0.333,5.0,5.0,1.0,0.0,3.0,3.0,4.0,3.0,0.0,1.0,3.0,14.0,30.0
22200361,1610612765,DET,Detroit,1631105,Jalen Duren,Jalen,,,17:45,2.0,3.0,0.667,0.0,0.0,0.0,0.0,0.0,0.0,2.0,2.0,4.0,0.0,0.0,0.0,2.0,2.0,4.0,10.0
22200361,1610612765,DET,Detroit,202709,Cory Joseph,Cory,,,24:58,4.0,8.0,0.5,2.0,5.0,0.4,1.0,1.0,1.0,1.0,1.0,2.0,5.0,0.0,0.0,0.0,0.0,11.0,23.0
22200361,1610612765,DET,Detroit,1628995,Kevin Knox II,Kevin,,,17:39,3.0,5.0,0.6,1.0,3.0,0.333,0.0,0.0,0.0,0.0,1.0,1.0,0.0,0.0,0.0,2.0,3.0,7.0,7.0
22200361,1610612765,DET,Detroit,1628977,Hamidou Diallo,Hamidou,,DNP - Coach's Decision,,,,,,,,,,,,,,,,,,,,
22200361,1610612765,DET,Detroit,203585,Rodney McGruder,Rodney,,DNP - Coach's Decision,,,,,,,,,,,,,,,,,,,,
22200361,1610612765,DET,Detroit,203457,Nerlens Noel,Nerlens,,DNP - Coach's Decision,,,,,,,,,,,,,,,,,,,,
22200361,1610612748,MIA,Miami,1629622,Max Strus,Max,F,,29:37,4.0,11.0,0.364,3.0,8.0,0.375,0.0,0.0,0.0,1.0,3.0,4.0,2.0,0.0,1.0,2.0,4.0,11.0,-10.0
22200361,1610612748,MIA,Miami,1628997,Caleb Martin,Caleb,F,,32:21,1.0,7.0,0.143,1.0,4.0,0.25,0.0,0.0,0.0,1.0,2.0,3.0,1.0,1.0,0.0,3.0,3.0,3.0,-9.0
22200361,1610612748,MIA,Miami,1628389,Bam Adebayo,Bam,C,,34:13,9.0,16.0,0.563,0.0,0.0,0.0,3.0,6.0,0.5,1.0,14.0,15.0,2.0,0.0,1.0,5.0,3.0,21.0,-12.0
22200361,1610612748,MIA,Miami,1629639,Tyler Herro,Tyler,G,,37:15,12.0,17.0,0.706,2.0,4.0,0.5,8.0,8.0,1.0,0.0,3.0,3.0,6.0,1.0,0.0,1.0,1.0,34.0,-6.0
22200361,1610612748,MIA,Miami,200768,Kyle Lowry,Kyle,G,,33:41,1.0,6.0,0.167,1.0,5.0,0.2,5.0,6.0,0.833,0.0,6.0,6.0,6.0,5.0,0.0,1.0,2.0,8.0,-16.0
22200361,1610612748,MIA,Miami,1631107,Nikola Jović,Nikola,,,9:00,2.0,4.0,0.5,1.0,3.0,0.333,0.0,0.0,0.0,1.0,0.0,1.0,0.0,0.0,0.0,1.0,1.0,5.0,-9.0
22200361,1610612748,MIA,Miami,1629312,Haywood Highsmith,Haywood,,,27:44,0.0,3.0,0.0,0.0,1.0,0.0,0.0,0.0,0.0,1.0,2.0,3.0,1.0,0.0,0.0,1.0,3.0,0.0,-24.0
22200361,1610612748,MIA,Miami,203506,Victor Oladipo,Victor,,,18:32,3.0,9.0,0.333,1.0,4.0,0.25,2.0,4.0,0.5,0.0,2.0,2.0,2.0,0.0,0.0,0.0,1.0,9.0,-12.0
22200361,1610612748,MIA,Miami,1629130,Duncan Robinson,Duncan,,,15:02,1.0,4.0,0.25,1.0,3.0,0.333,2.0,2.0,1.0,1.0,1.0,2.0,1.0,0.0,0.0,1.0,2.0,5.0,-1.0
22200361,1610612748,MIA,Miami,1630696,Dru Smith,Dru,,,2:35,0.0,0.0,0.0,0.0,0.0,0.0,0.0,0.0,0.0,1.0,0.0,1.0,0.0,0.0,0.0,0.0,0.0,0.0,-1.0
22200361,1610612748,MIA,Miami,2617,Udonis Haslem,Udonis,,DNP - Coach's Decision,,,,,,,,,,,,,,,,,,,,
22200360,1610612747,LAL,Los Angeles,1629022,Lonnie Walker IV,Lonnie,F,,24:35,3.0,10.0,0.3,0.0,5.0,0.0,1.0,1.0,1.0,0.0,1.0,1.0,3.0,0.0,0.0,0.0,1.0,7.0,-15.0
22200360,1610612747,LAL,Los Angeles,2544,LeBron James,LeBron,F,,35:37,8.0,17.0,0.471,2.0,6.0,0.333,3.0,4.0,0.75,4.0,13.0,17.0,4.0,1.0,1.0,3.0,0.0,21.0,-14.0
22200360,1610612747,LAL,Los Angeles,203076,Anthony Davis,Anthony,C,,8:07,0.0,0.0,0.0,0.0,0.0,0.0,1.0,3.0,0.333,1.0,2.0,3.0,2.0,0.0,0.0,0.0,0.0,1.0,-6.0
22200360,1610612747,LAL,Los Angeles,201976,Patrick Beverley,Patrick,G,,21:28,1.0,5.0,0.2,1.0,5.0,0.2,2.0,2.0,1.0,0.0,1.0,1.0,2.0,1.0,1.0,0.0,1.0,5.0,-5.0
22200360,1610612747,LAL,Los Angeles,203471,Dennis Schröder,Dennis,G,,26:47,6.0,13.0,0.462,1.0,6.0,0.167,3.0,3.0,1.0,0.0,1.0,1.0,0.0,0.0,0.0,3.0,0.0,16.0,-13.0
22200360,1610612747,LAL,Los Angeles,201566,Russell Westbrook,Russell,,,26:03,6.0,13.0,0.462,0.0,1.0,0.0,4.0,5.0,0.8,1.0,2.0,3.0,3.0,0.0,2.0,4.0,2.0,16.0,-13.0
22200360,1610612747,LAL,Los Angeles,1628972,Troy Brown Jr.,Troy,,,21:21,2.0,5.0,0.4,1.0,3.0,0.333,0.0,0.0,0.0,1.0,3.0,4.0,1.0,1.0,1.0,1.0,1.0,5.0,6.0
22200360,1610612747,LAL,Los Angeles,1630559,Austin Reaves,Austin,,,25:58,3.0,9.0,0.333,0.0,4.0,0.0,2.0,2.0,1.0,0.0,0.0,0.0,0.0,1.0,0.0,2.0,2.0,8.0,-20.0
22200360,1610612747,LAL,Los Angeles,1628418,Thomas Bryant,Thomas,,,28:10,8.0,12.0,0.667,1.0,4.0,0.25,2.0,2.0,1.0,5.0,4.0,9.0,1.0,0.0,0.0,2.0,3.0,19.0,6.0
22200360,1610612747,LAL,Los Angeles,1627745,Damian Jones,Damian,,,11:52,0.0,0.0,0.0,0.0,0.0,0.0,2.0,2.0,1.0,2.0,2.0,4.0,0.0,0.0,1.0,1.0,1.0,2.0,2.0
22200360,1610612747,LAL,Los Angeles,1629134,Kendrick Nunn,Kendrick,,,6:41,0.0,4.0,0.0,0.0,2.0,0.0,0.0,0.0,0.0,0.0,0.0,0.0,0.0,0.0,0.0,0.0,1.0,0.0,1.0
22200360,1610612747,LAL,Los Angeles,1629308,Juan Toscano-Anderson,Juan,,,3:21,1.0,1.0,1.0,0.0,0.0,0.0,0.0,0.0,0.0,0.0,0.0,0.0,0.0,0.0,0.0,0.0,1.0,2.0,1.0
22200360,1610612739,CLE,Cleveland,1630205,Lamar Stevens,Lamar,F,,26:23,1.0,5.0,0.2,0.0,3.0,0.0,0.0,0.0,0.0,0.0,7.0,7.0,1.0,1.0,0.0,0.0,2.0,2.0,17.0
22200360,1610612739,CLE,Cleveland,1630596,Evan Mobley,Evan,F,,29:46,3.0,6.0,0.5,0.0,1.0,0.0,1.0,2.0,0.5,3.0,9.0,12.0,2.0,1.0,1.0,0.0,5.0,7.0,14.0
22200360,1610612739,CLE,Cleveland,1628386,Jarrett Allen,Jarrett,C,,38:25,11.0,14.0,0.786,0.0,0.0,0.0,2.0,4.0,0.5,3.0,8.0,11.0,1.0,3.0,1.0,2.0,2.0,24.0,21.0
22200360,1610612739,CLE,Cleveland,1628378,Donovan Mitchell,Donovan,G,,39:32,17.0,27.0,0.63,4.0,8.0,0.5,5.0,5.0,1.0,2.0,4.0,6.0,5.0,4.0,0.0,2.0,1.0,43.0,21.0
22200360,1610612739,CLE,Cleveland,1629636,Darius Garland,Darius,G,,37:52,8.0,18.0,0.444,1.0,6.0,0.167,4.0,4.0,1.0,1.0,2.0,3.0,11.0,1.0,0.0,1.0,2.0,21.0,22.0
22200360,1610612739,CLE,Cleveland,201567,Kevin Love,Kevin,,,8:47,1.0,3.0,0.333,0.0,2.0,0.0,0.0,0.0,0.0,0.0,2.0,2.0,0.0,0.0,0.0,0.0,4.0,2.0,-14.0
22200360,1610612739,CLE,Cleveland,1627747,Caris LeVert,Caris,,,23:11,3.0,8.0,0.375,1.0,3.0,0.333,0.0,0.0,0.0,0.0,2.0,2.0,4.0,1.0,0.0,2.0,4.0,7.0,-4.0
22200360,1610612739,CLE,Cleveland,1626224,Cedi Osman,Cedi,,,22:51,3.0,10.0,0.3,0.0,3.0,0.0,0.0,0.0,0.0,0.0,0.0,0.0,1.0,0.0,0.0,0.0,0.0,6.0,-1.0
22200360,1610612739,CLE,Cleveland,1630171,Isaac Okoro,Isaac,,,9:47,1.0,2.0,0.5,1.0,1.0,1.0,0.0,0.0,0.0,0.0,0.0,0.0,0.0,0.0,0.0,0.0,0.0,3.0,-4.0
22200360,1610612739,CLE,Cleveland,203526,Raul Neto,Raul,,,1:43,0.0,0.0,0.0,0.0,0.0,0.0,1.0,2.0,0.5,0.0,1.0,1.0,0.0,0.0,0.0,0.0,0.0,1.0,-1.0
22200360,1610612739,CLE,Cleveland,1629603,Mamadi Diakite,Mamadi,,,1:43,0.0,0.0,0.0,0.0,0.0,0.0,0.0,0.0,0.0,0.0,0.0,0.0,0.0,0.0,1.0,0.0,0.0,0.0,-1.0
22200360,1610612739,CLE,Cleveland,201577,Robin Lopez,Robin,,DNP - Coach's Decision,,,,,,,,,,,,,,,,,,,,
22200355,1610612738,BOS,Boston,1628369,Jayson Tatum,Jayson,F,,38:44,11.0,24.0,0.458,5.0,10.0,0.5,4.0,5.0,0.8,3.0,9.0,12.0,3.0,1.0,1.0,4.0,2.0,31.0,9.0
22200355,1610612738,BOS,Boston,1627759,Jaylen Brown,Jaylen,F,,39:01,9.0,22.0,0.409,1.0,6.0,0.167,3.0,4.0,0.75,0.0,8.0,8.0,8.0,0.0,0.0,0.0,1.0,22.0,6.0
22200355,1610612738,BOS,Boston,201933,Blake Griffin,Blake,C,,32:18,5.0,6.0,0.833,0.0,1.0,0.0,3.0,5.0,0.6,3.0,5.0,8.0,2.0,1.0,0.0,1.0,5.0,13.0,3.0
22200355,1610612738,BOS,Boston,1628401,Derrick White,Derrick,G,,27:09,2.0,6.0,0.333,1.0,3.0,0.333,4.0,4.0,1.0,2.0,2.0,4.0,5.0,1.0,1.0,0.0,3.0,9.0,9.0
22200355,1610612738,BOS,Boston,203935,Marcus Smart,Marcus,G,,38:58,7.0,14.0,0.5,4.0,8.0,0.5,0.0,2.0,0.0,0.0,3.0,3.0,7.0,2.0,0.0,2.0,2.0,18.0,9.0
22200355,1610612738,BOS,Boston,1629684,Grant Williams,Grant,,,32:26,3.0,6.0,0.5,1.0,3.0,0.333,0.0,0.0,0.0,1.0,3.0,4.0,1.0,1.0,0.0,1.0,4.0,7.0,-7.0
22200355,1610612738,BOS,Boston,1630573,Sam Hauser,Sam,,,15:51,2.0,5.0,0.4,1.0,4.0,0.25,0.0,0.0,0.0,1.0,2.0,3.0,1.0,0.0,0.0,0.0,3.0,5.0,-2.0
22200355,1610612738,BOS,Boston,1628436,Luke Kornet,Luke,,,15:33,5.0,7.0,0.714,0.0,1.0,0.0,1.0,1.0,1.0,3.0,4.0,7.0,0.0,0.0,1.0,3.0,2.0,11.0,3.0
22200355,1610612738,BOS,Boston,1628382,Justin Jackson,Justin,,DNP - Coach's Decision,,,,,,,,,,,,,,,,,,,,
22200355,1610612738,BOS,Boston,1630202,Payton Pritchard,Payton,,DNP - Coach's Decision,,,,,,,,,,,,,,,,,,,,
22200355,1610612738,BOS,Boston,203943,Noah Vonleh,Noah,,DNP - Coach's Decision,,,,,,,,,,,,,,,,,,,,
22200355,1610612761,TOR,Toronto,1628384,OG Anunoby,OG,F,,41:38,6.0,14.0,0.429,1.0,5.0,0.2,0.0,0.0,0.0,1.0,4.0,5.0,0.0,3.0,1.0,5.0,3.0,13.0,-3.0
22200355,1610612761,TOR,Toronto,1627783,Pascal Siakam,Pascal,F,,38:41,9.0,20.0,0.45,2.0,4.0,0.5,9.0,13.0,0.692,2.0,6.0,8.0,7.0,0.0,0.0,2.0,4.0,29.0,-9.0
22200355,1610612761,TOR,Toronto,1631132,Christian Koloko,Christian,C,,22:06,1.0,1.0,1.0,0.0,0.0,0.0,3.0,4.0,0.75,1.0,2.0,3.0,2.0,0.0,1.0,1.0,3.0,5.0,-7.0
22200355,1610612761,TOR,Toronto,1630567,Scottie Barnes,Scottie,G,,41:07,8.0,14.0,0.571,1.0,6.0,0.167,4.0,6.0,0.667,0.0,7.0,7.0,4.0,1.0,1.0,3.0,3.0,21.0,-1.0
22200355,1610612761,TOR,Toronto,1627832,Fred VanVleet,Fred,G,,38:09,3.0,14.0,0.214,1.0,6.0,0.167,1.0,1.0,1.0,1.0,6.0,7.0,3.0,0.0,2.0,1.0,3.0,8.0,-11.0
22200355,1610612761,TOR,Toronto,1628449,Chris Boucher,Chris,,,16:12,3.0,6.0,0.5,0.0,2.0,0.0,2.0,2.0,1.0,3.0,6.0,9.0,0.0,0.0,0.0,0.0,2.0,8.0,-2.0
22200355,1610612761,TOR,Toronto,1629018,Gary Trent Jr.,Gary,,,26:26,7.0,10.0,0.7,3.0,3.0,1.0,3.0,4.0,0.75,0.0,1.0,1.0,1.0,2.0,0.0,0.0,1.0,20.0,3.0
22200355,1610612761,TOR,Toronto,201152,Thaddeus Young,Thaddeus,,,15:41,2.0,6.0,0.333,2.0,2.0,1.0,0.0,0.0,0.0,4.0,2.0,6.0,2.0,0.0,0.0,1.0,1.0,6.0,0.0
22200355,1610612761,TOR,Toronto,1630625,Dalano Banton,Dalano,,DNP - Coach's Decision,,,,,,,,,,,,,,,,,,,,
22200355,1610612761,TOR,Toronto,203920,Khem Birch,Khem,,DNP - Coach's Decision,,,,,,,,,,,,,,,,,,,,
22200355,1610612761,TOR,Toronto,1630551,Justin Champagnie,Justin,,DNP - Coach's Decision,,,,,,,,,,,,,,,,,,,,
22200355,1610612761,TOR,Toronto,1630288,Jeff Dowtin Jr.,Jeff,,DNP - Coach's Decision,,,,,,,,,,,,,,,,,,,,
22200355,1610612761,TOR,Toronto,1630201,Malachi Flynn,Malachi,,DNP - Coach's Decision,,,,,,,,,,,,,,,,,,,,
22200355,1610612761,TOR,Toronto,1631199,Ron Harper Jr.,Ron,,DNP - Coach's Decision,,,,,,,,,,,,,,,,,,,,
22200354,1610612760,OKC,Oklahoma City,1629652,Luguentz Dort,Luguentz,F,,31:48,4.0,16.0,0.25,1.0,6.0,0.167,2.0,2.0,1.0,2.0,8.0,10.0,2.0,0.0,1.0,3.0,3.0,11.0,-2.0
22200354,1610612760,OKC,Oklahoma City,1631114,Jalen Williams,Jalen,F,,31:18,6.0,10.0,0.6,0.0,1.0,0.0,0.0,0.0,0.0,1.0,6.0,7.0,1.0,0.0,1.0,0.0,2.0,12.0,-7.0
22200354,1610612760,OKC,Oklahoma City,1630526,Jeremiah Robinson-Earl,Jeremiah,C,,28:39,4.0,6.0,0.667,2.0,2.0,1.0,0.0,0.0,0.0,4.0,2.0,6.0,0.0,0.0,0.0,2.0,2.0,10.0,6.0
22200354,1610612760,OKC,Oklahoma City,1630581,Josh Giddey,Josh,G,,27:55,5.0,12.0,0.417,2.0,4.0,0.5,5.0,5.0,1.0,0.0,5.0,5.0,4.0,1.0,1.0,1.0,1.0,17.0,6.0
22200354,1610612760,OKC,Oklahoma City,1628983,Shai Gilgeous-Alexander,Shai,G,,34:47,10.0,22.0,0.455,0.0,3.0,0.0,15.0,15.0,1.0,0.0,6.0,6.0,5.0,2.0,0.0,6.0,4.0,35.0,12.0
22200354,1610612760,OKC,Oklahoma City,203488,Mike Muscala,Mike,,,14:01,2.0,3.0,0.667,1.0,2.0,0.5,0.0,0.0,0.0,0.0,2.0,2.0,3.0,1.0,0.0,0.0,0.0,5.0,15.0
22200354,1610612760,OKC,Oklahoma City,1630544,Tre Mann,Tre,,,16:01,2.0,6.0,0.333,0.0,3.0,0.0,0.0,0.0,0.0,0.0,1.0,1.0,1.0,1.0,1.0,0.0,1.0,4.0,6.0
22200354,1610612760,OKC,Oklahoma City,1631172,Ousmane Dieng,Ousmane,,,18:35,6.0,8.0,0.75,3.0,4.0,0.75,0.0,0.0,0.0,2.0,3.0,5.0,1.0,1.0,0.0,2.0,3.0,15.0,-1.0
22200354,1610612760,OKC,Oklahoma City,1630197,Aleksej Pokusevski,Aleksej,,,13:04,1.0,6.0,0.167,0.0,4.0,0.0,0.0,0.0,0.0,1.0,1.0,2.0,3.0,0.0,0.0,1.0,2.0,2.0,-10.0
22200354,1610612760,OKC,Oklahoma City,1630598,Aaron Wiggins,Aaron,,,13:23,0.0,2.0,0.0,0.0,1.0,0.0,1.0,2.0,0.5,4.0,0.0,4.0,3.0,0.0,0.0,0.0,0.0,1.0,3.0
22200354,1610612760,OKC,Oklahoma City,1630198,Isaiah Joe,Isaiah,,,10:29,3.0,4.0,0.75,3.0,4.0,0.75,0.0,0.0,0.0,0.0,1.0,1.0,2.0,2.0,0.0,1.0,1.0,9.0,7.0
22200354,1610612760,OKC,Oklahoma City,1629647,Darius Bazley,Darius,,DNP - Coach's Decision,,,,,,,,,,,,,,,,,,,,
22200354,1610612760,OKC,Oklahoma City,1630647,Eugene Omoruyi,Eugene,,DNP - Coach's Decision,,,,,,,,,,,,,,,,,,,,
22200354,1610612760,OKC,Oklahoma City,1631119,Jaylin Williams,Jaylin,,DNP - Coach's Decision,,,,,,,,,,,,,,,,,,,,
22200354,1610612737,ATL,Atlanta,1631100,AJ Griffin,AJ,F,,30:20,4.0,15.0,0.267,3.0,9.0,0.333,0.0,0.0,0.0,1.0,3.0,4.0,2.0,3.0,0.0,1.0,2.0,11.0,12.0
22200354,1610612737,ATL,Atlanta,1630552,Jalen Johnson,Jalen,F,,29:30,3.0,8.0,0.375,1.0,3.0,0.333,0.0,0.0,0.0,3.0,6.0,9.0,3.0,0.0,0.0,1.0,4.0,7.0,2.0
22200354,1610612737,ATL,Atlanta,203991,Clint Capela,Clint,C,,30:24,7.0,10.0,0.7,0.0,0.0,0.0,0.0,0.0,0.0,7.0,9.0,16.0,0.0,0.0,2.0,4.0,4.0,14.0,-2.0
22200354,1610612737,ATL,Atlanta,1627749,Dejounte Murray,Dejounte,G,,38:25,10.0,21.0,0.476,3.0,5.0,0.6,1.0,3.0,0.333,3.0,3.0,6.0,3.0,2.0,2.0,3.0,4.0,24.0,-2.0
22200354,1610612737,ATL,Atlanta,1629027,Trae Young,Trae,G,,36:40,6.0,19.0,0.316,1.0,7.0,0.143,10.0,11.0,0.909,0.0,3.0,3.0,10.0,0.0,0.0,4.0,1.0,23.0,-11.0
22200354,1610612737,ATL,Atlanta,203992,Bogdan Bogdanović,Bogdan,,,22:27,6.0,13.0,0.462,5.0,10.0,0.5,0.0,0.0,0.0,0.0,3.0,3.0,1.0,1.0,0.0,1.0,0.0,17.0,-13.0
22200354,1610612737,ATL,Atlanta,1630168,Onyeka Okongwu,Onyeka,,,17:36,4.0,6.0,0.667,0.0,0.0,0.0,1.0,2.0,0.5,3.0,5.0,8.0,1.0,0.0,0.0,3.0,3.0,9.0,-5.0
22200354,1610612737,ATL,Atlanta,1629633,Jarrett Culver,Jarrett,,,23:39,4.0,6.0,0.667,0.0,1.0,0.0,1.0,1.0,1.0,0.0,5.0,5.0,1.0,1.0,0.0,1.0,6.0,9.0,-15.0
22200354,1610612737,ATL,Atlanta,1630249,Vít Krejčí,Vít,,,10:59,0.0,4.0,0.0,0.0,3.0,0.0,0.0,0.0,0.0,0.0,0.0,0.0,3.0,0.0,0.0,0.0,0.0,0.0,-1.0
22200354,1610612737,ATL,Atlanta,1628988,Aaron Holiday,Aaron,,DNP - Coach's Decision,,,,,,,,,,,,,,,,,,,,
22200354,1610612737,ATL,Atlanta,203200,Justin Holiday,Justin,,DNP - Coach's Decision,,,,,,,,,,,,,,,,,,,,
22200354,1610612737,ATL,Atlanta,1626163,Frank Kaminsky,Frank,,DNP - Coach's Decision,,,,,,,,,,,,,,,,,,,,
22200354,1610612737,ATL,Atlanta,1631213,Tyrese Martin,Tyrese,,DNP - Coach's Decision,,,,,,,,,,,,,,,,,,,,
22200359,1610612754,IND,Indiana,1627741,Buddy Hield,Buddy,F,,40:06,6.0,19.0,0.316,4.0,13.0,0.308,1.0,2.0,0.5,0.0,9.0,9.0,5.0,1.0,0.0,1.0,0.0,17.0,3.0
22200359,1610612754,IND,Indiana,1631097,Bennedict Mathurin,Bennedict,F,,39:56,4.0,16.0,0.25,0.0,6.0,0.0,6.0,8.0,0.75,0.0,2.0,2.0,1.0,0.0,0.0,0.0,1.0,14.0,9.0
22200359,1610612754,IND,Indiana,1630188,Jalen Smith,Jalen,C,,28:02,6.0,8.0,0.75,2.0,3.0,0.667,1.0,2.0,0.5,3.0,6.0,9.0,2.0,0.0,3.0,1.0,3.0,15.0,-4.0
22200359,1610612754,IND,Indiana,1629614,Andrew Nembhard,Andrew,G,,41:18,13.0,21.0,0.619,5.0,7.0,0.714,0.0,1.0,0.0,0.0,8.0,8.0,13.0,1.0,0.0,4.0,3.0,31.0,16.0
22200359,1610612754,IND,Indiana,1630174,Aaron Nesmith,Aaron,G,,15:08,2.0,3.0,0.667,1.0,2.0,0.5,0.0,0.0,0.0,0.0,3.0,3.0,0.0,0.0,0.0,0.0,4.0,5.0,-4.0
22200359,1610612754,IND,Indiana,1631112,Kendall Brown,Kendall,,,17:59,1.0,3.0,0.333,0.0,1.0,0.0,1.0,2.0,0.5,2.0,3.0,5.0,2.0,0.0,0.0,1.0,3.0,3.0,7.0
22200359,1610612754,IND,Indiana,1629052,Oshae Brissett,Oshae,,,31:31,5.0,9.0,0.556,3.0,6.0,0.5,1.0,2.0,0.5,2.0,6.0,8.0,2.0,1.0,1.0,1.0,2.0,14.0,7.0
22200359,1610612754,IND,Indiana,1630543,Isaiah Jackson,Isaiah,,,19:18,6.0,10.0,0.6,0.0,0.0,0.0,1.0,1.0,1.0,0.0,1.0,1.0,0.0,0.0,3.0,2.0,1.0,13.0,14.0
22200359,1610612754,IND,Indiana,1630243,Trevelin Queen,Trevelin,,,6:42,0.0,1.0,0.0,0.0,1.0,0.0,0.0,0.0,0.0,0.0,2.0,2.0,1.0,0.0,1.0,1.0,1.0,0.0,-8.0
22200359,1610612754,IND,Indiana,1629048,Goga Bitadze,Goga,,DNP - Coach's Decision,,,,,,,,,,,,,,,,,,,,
22200359,1610612754,IND,Indiana,1630678,Terry Taylor,Terry,,DNP - Coach's Decision,,,,,,,,,,,,,,,,,,,,
22200359,1610612744,GSW,Golden State,1629673,Jordan Poole,Jordan,F,,31:45,10.0,21.0,0.476,2.0,8.0,0.25,1.0,1.0,1.0,1.0,4.0,5.0,4.0,0.0,1.0,3.0,1.0,23.0,-6.0
22200359,1610612744,GSW,Golden State,203110,Draymond Green,Draymond,F,,33:59,1.0,8.0,0.125,0.0,2.0,0.0,0.0,0.0,0.0,2.0,7.0,9.0,5.0,1.0,2.0,1.0,1.0,2.0,6.0
22200359,1610612744,GSW,Golden State,1626172,Kevon Looney,Kevon,C,,13:41,2.0,2.0,1.0,0.0,0.0,0.0,2.0,2.0,1.0,1.0,6.0,7.0,0.0,0.0,0.0,0.0,1.0,6.0,-21.0
22200359,1610612744,GSW,Golden State,202691,Klay Thompson,Klay,G,,36:34,9.0,23.0,0.391,8.0,16.0,0.5,2.0,2.0,1.0,2.0,0.0,2.0,4.0,0.0,1.0,0.0,1.0,28.0,1.0
22200359,1610612744,GSW,Golden State,201939,Stephen Curry,Stephen,G,,37:42,3.0,17.0,0.176,2.0,10.0,0.2,4.0,4.0,1.0,0.0,4.0,4.0,6.0,1.0,0.0,3.0,2.0,12.0,-17.0
22200359,1610612744,GSW,Golden State,1628978,Donte DiVincenzo,Donte,,,21:51,4.0,7.0,0.571,1.0,3.0,0.333,1.0,2.0,0.5,3.0,4.0,7.0,0.0,3.0,0.0,1.0,4.0,10.0,-2.0
22200359,1610612744,GSW,Golden State,1630541,Moses Moody,Moses,,,8:10,0.0,1.0,0.0,0.0,1.0,0.0,0.0,0.0,0.0,0.0,2.0,2.0,1.0,0.0,0.0,1.0,1.0,0.0,-8.0
22200359,1610612744,GSW,Golden State,203210,JaMychal Green,JaMychal,,,8:26,2.0,2.0,1.0,0.0,0.0,0.0,3.0,5.0,0.6,0.0,2.0,2.0,1.0,0.0,0.0,1.0,0.0,7.0,-7.0
22200359,1610612744,GSW,Golden State,1630237,Anthony Lamb,Anthony,,,24:26,3.0,9.0,0.333,0.0,4.0,0.0,0.0,1.0,0.0,1.0,4.0,5.0,3.0,0.0,2.0,1.0,2.0,6.0,14.0
22200359,1610612744,GSW,Golden State,1630228,Jonathan Kuminga,Jonathan,,,23:27,4.0,4.0,1.0,0.0,0.0,0.0,2.0,2.0,1.0,2.0,2.0,4.0,2.0,1.0,0.0,1.0,6.0,10.0,0.0
22200359,1610612744,GSW,Golden State,1631116,Patrick Baldwin Jr.,Patrick,,DNP - Coach's Decision,,,,,,,,,,,,,,,,,,,,
22200359,1610612744,GSW,Golden State,1631157,Ryan Rollins,Ryan,,DNP - Coach's Decision,,,,,,,,,,,,,,,,,,,,
22200356,1610612755,PHI,Philadelphia,202699,Tobias Harris,Tobias,F,,46:05,9.0,15.0,0.6,7.0,8.0,0.875,2.0,2.0,1.0,0.0,4.0,4.0,1.0,3.0,1.0,2.0,3.0,27.0,-7.0
22200356,1610612755,PHI,Philadelphia,200782,P.J. Tucker,P.J.,F,,42:06,1.0,2.0,0.5,0.0,1.0,0.0,1.0,2.0,0.5,2.0,4.0,6.0,1.0,0.0,0.0,0.0,5.0,3.0,-1.0
22200356,1610612755,PHI,Philadelphia,203954,Joel Embiid,Joel,C,,35:22,12.0,21.0,0.571,1.0,2.0,0.5,14.0,17.0,0.824,3.0,4.0,7.0,3.0,2.0,2.0,5.0,6.0,39.0,8.0
22200356,1610612755,PHI,Philadelphia,1629001,De'Anthony Melton,De'Anthony,G,,39:60,3.0,8.0,0.375,3.0,8.0,0.375,0.0,0.0,0.0,2.0,6.0,8.0,6.0,2.0,0.0,2.0,5.0,9.0,-3.0
22200356,1610612755,PHI,Philadelphia,201935,James Harden,James,G,,38:25,4.0,19.0,0.211,4.0,11.0,0.364,9.0,10.0,0.9,1.0,3.0,4.0,7.0,2.0,0.0,7.0,2.0,21.0,4.0
22200356,1610612755,PHI,Philadelphia,1627863,Danuel House Jr.,Danuel,,,20:14,2.0,3.0,0.667,0.0,1.0,0.0,0.0,0.0,0.0,0.0,2.0,2.0,1.0,0.0,0.0,0.0,4.0,4.0,-10.0
22200356,1610612755,PHI,Philadelphia,1629680,Matisse Thybulle,Matisse,,,7:10,0.0,0.0,0.0,0.0,0.0,0.0,0.0,0.0,0.0,1.0,0.0,1.0,0.0,0.0,0.0,0.0,0.0,0.0,-2.0
22200356,1610612755,PHI,Philadelphia,1629003,Shake Milton,Shake,,,26:29,5.0,10.0,0.5,1.0,2.0,0.5,0.0,0.0,0.0,0.0,3.0,3.0,4.0,1.0,0.0,2.0,4.0,11.0,-13.0
22200356,1610612755,PHI,Philadelphia,1627788,Furkan Korkmaz,Furkan,,,12:46,1.0,4.0,0.25,1.0,3.0,0.333,0.0,1.0,0.0,0.0,0.0,0.0,0.0,0.0,0.0,1.0,0.0,3.0,-7.0
22200356,1610612755,PHI,Philadelphia,1630194,Paul Reed,Paul,,,16:12,2.0,4.0,0.5,0.0,0.0,0.0,2.0,4.0,0.5,2.0,1.0,3.0,0.0,0.0,3.0,0.0,5.0,6.0,-8.0
22200356,1610612755,PHI,Philadelphia,1626149,Montrezl Harrell,Montrezl,,,5:12,0.0,1.0,0.0,0.0,0.0,0.0,0.0,0.0,0.0,0.0,1.0,1.0,0.0,0.0,0.0,0.0,0.0,0.0,-6.0
22200356,1610612755,PHI,Philadelphia,1630240,Saben Lee,Saben,,DNP - Coach's Decision,,,,,,,,,,,,,,,,,,,,
22200356,1610612755,PHI,Philadelphia,1630531,Jaden Springer,Jaden,,DNP - Coach's Decision,,,,,,,,,,,,,,,,,,,,
22200356,1610612745,HOU,Houston,201569,Eric Gordon,Eric,F,,40:25,4.0,10.0,0.4,3.0,8.0,0.375,3.0,4.0,0.75,0.0,3.0,3.0,4.0,1.0,0.0,2.0,1.0,14.0,2.0
22200356,1610612745,HOU,Houston,1631095,Jabari Smith Jr.,Jabari,F,,39:09,3.0,8.0,0.375,3.0,6.0,0.5,7.0,9.0,0.778,0.0,11.0,11.0,0.0,0.0,1.0,1.0,5.0,16.0,8.0
22200356,1610612745,HOU,Houston,1630578,Alperen Sengun,Alperen,C,,34:26,4.0,9.0,0.444,0.0,0.0,0.0,0.0,0.0,0.0,5.0,3.0,8.0,1.0,1.0,0.0,4.0,6.0,8.0,8.0
22200356,1610612745,HOU,Houston,1630224,Jalen Green,Jalen,G,,44:14,9.0,20.0,0.45,0.0,7.0,0.0,9.0,10.0,0.9,2.0,2.0,4.0,7.0,1.0,0.0,7.0,2.0,27.0,12.0
22200356,1610612745,HOU,Houston,1629645,Kevin Porter Jr.,Kevin,G,,43:57,7.0,17.0,0.412,4.0,8.0,0.5,6.0,8.0,0.75,1.0,5.0,6.0,3.0,1.0,1.0,4.0,5.0,24.0,13.0
22200356,1610612745,HOU,Houston,1628981,Bruno Fernando,Bruno,,,16:05,2.0,5.0,0.4,0.0,1.0,0.0,2.0,4.0,0.5,3.0,5.0,8.0,0.0,0.0,0.0,0.0,3.0,6.0,2.0
22200356,1610612745,HOU,Houston,1630231,KJ Martin,KJ,,,19:51,5.0,7.0,0.714,1.0,1.0,1.0,3.0,4.0,0.75,1.0,2.0,3.0,1.0,0.0,0.0,0.0,2.0,14.0,15.0
22200356,1610612745,HOU,Houston,1631106,Tari Eason,Tari,,,20:47,7.0,11.0,0.636,2.0,3.0,0.667,2.0,2.0,1.0,3.0,3.0,6.0,0.0,3.0,1.0,0.0,1.0,18.0,0.0
22200356,1610612745,HOU,Houston,1630227,Daishen Nix,Daishen,,,14:03,0.0,1.0,0.0,0.0,0.0,0.0,0.0,0.0,0.0,0.0,0.0,0.0,3.0,0.0,0.0,1.0,1.0,0.0,-4.0
22200356,1610612745,HOU,Houston,1630586,Usman Garuba,Usman,,,6:15,0.0,1.0,0.0,0.0,0.0,0.0,0.0,0.0,0.0,0.0,1.0,1.0,0.0,0.0,0.0,0.0,0.0,0.0,-4.0
22200356,1610612745,HOU,Houston,1629726,Garrison Mathews,Garrison,,,10:48,1.0,5.0,0.2,1.0,5.0,0.2,2.0,3.0,0.667,1.0,0.0,1.0,0.0,2.0,0.0,0.0,1.0,5.0,-7.0
22200356,1610612745,HOU,Houston,1630528,Josh Christopher,Josh,,DNP - Coach's Decision,,,,,,,,,,,,,,,,,,,,
22200356,1610612745,HOU,Houston,1626246,Boban Marjanović,Boban,,DNP - Coach's Decision,,,,,,,,,,,,,,,,,,,,
22200356,1610612745,HOU,Houston,1631102,TyTy Washington Jr.,TyTy,,DNP - Coach's Decision,,,,,,,,,,,,,,,,,,,,
22200358,1610612756,PHX,Phoenix,1628969,Mikal Bridges,Mikal,F,,29:35,4.0,11.0,0.364,2.0,6.0,0.333,3.0,3.0,1.0,0.0,2.0,2.0,2.0,0.0,0.0,1.0,1.0,13.0,-14.0
22200358,1610612756,PHX,Phoenix,1630688,Ish Wainright,Ish,F,,13:30,2.0,5.0,0.4,2.0,5.0,0.4,0.0,0.0,0.0,1.0,2.0,3.0,1.0,1.0,0.0,1.0,1.0,6.0,-9.0
22200358,1610612756,PHX,Phoenix,1629028,Deandre Ayton,Deandre,C,,26:48,9.0,11.0,0.818,0.0,0.0,0.0,2.0,4.0,0.5,1.0,7.0,8.0,1.0,0.0,3.0,1.0,2.0,20.0,-15.0
22200358,1610612756,PHX,Phoenix,1626164,Devin Booker,Devin,G,,30:20,4.0,13.0,0.308,1.0,2.0,0.5,2.0,2.0,1.0,0.0,2.0,2.0,5.0,0.0,0.0,1.0,4.0,11.0,-18.0
22200358,1610612756,PHX,Phoenix,1626166,Cameron Payne,Cameron,G,,33:36,4.0,16.0,0.25,2.0,9.0,0.222,4.0,4.0,1.0,1.0,5.0,6.0,10.0,0.0,0.0,1.0,1.0,14.0,-7.0
22200358,1610612756,PHX,Phoenix,1627814,Damion Lee,Damion,,,22:55,5.0,9.0,0.556,1.0,3.0,0.333,2.0,2.0,1.0,4.0,1.0,5.0,3.0,2.0,0.0,4.0,2.0,13.0,-12.0
22200358,1610612756,PHX,Phoenix,1629013,Landry Shamet,Landry,,,18:54,4.0,9.0,0.444,3.0,6.0,0.5,2.0,2.0,1.0,0.0,1.0,1.0,2.0,0.0,0.0,2.0,0.0,13.0,-12.0
22200358,1610612756,PHX,Phoenix,1629111,Jock Landale,Jock,,,6:12,0.0,1.0,0.0,0.0,0.0,0.0,0.0,0.0,0.0,3.0,1.0,4.0,0.0,0.0,0.0,0.0,0.0,0.0,-4.0
22200358,1610612756,PHX,Phoenix,203967,Dario Šarić,Dario,,,15:40,1.0,5.0,0.2,0.0,1.0,0.0,1.0,2.0,0.5,2.0,4.0,6.0,1.0,0.0,0.0,0.0,3.0,3.0,-4.0
22200358,1610612756,PHX,Phoenix,1629006,Josh Okogie,Josh,,,27:30,4.0,8.0,0.5,2.0,5.0,0.4,2.0,4.0,0.5,0.0,2.0,2.0,3.0,2.0,1.0,0.0,1.0,12.0,0.0
22200358,1610612756,PHX,Phoenix,202687,Bismack Biyombo,Bismack,,,15:00,3.0,3.0,1.0,0.0,0.0,0.0,0.0,3.0,0.0,1.0,1.0,2.0,0.0,0.0,1.0,0.0,1.0,6.0,0.0
22200358,1610612742,DAL,Dallas,203501,Tim Hardaway Jr.,Tim,F,,22:31,6.0,12.0,0.5,5.0,9.0,0.556,0.0,0.0,0.0,0.0,3.0,3.0,2.0,1.0,0.0,1.0,1.0,17.0,9.0
22200358,1610612742,DAL,Dallas,1627827,Dorian Finney-Smith,Dorian,F,,23:26,1.0,3.0,0.333,1.0,3.0,0.333,0.0,0.0,0.0,0.0,2.0,2.0,0.0,0.0,0.0,0.0,1.0,3.0,7.0
22200358,1610612742,DAL,Dallas,203939,Dwight Powell,Dwight,C,,16:50,0.0,1.0,0.0,0.0,0.0,0.0,2.0,2.0,1.0,3.0,3.0,6.0,0.0,0.0,0.0,0.0,4.0,2.0,6.0
22200358,1610612742,DAL,Dallas,203915,Spencer Dinwiddie,Spencer,G,,28:05,5.0,15.0,0.333,5.0,8.0,0.625,6.0,6.0,1.0,1.0,3.0,4.0,2.0,1.0,1.0,1.0,3.0,21.0,-3.0
22200358,1610612742,DAL,Dallas,1629029,Luka Dončić,Luka,G,,29:25,12.0,20.0,0.6,4.0,9.0,0.444,5.0,7.0,0.714,1.0,5.0,6.0,8.0,1.0,2.0,3.0,3.0,33.0,20.0
22200358,1610612742,DAL,Dallas,1630182,Josh Green,Josh,,,31:08,6.0,7.0,0.857,1.0,2.0,0.5,3.0,3.0,1.0,1.0,3.0,4.0,5.0,2.0,0.0,0.0,0.0,16.0,26.0
22200358,1610612742,DAL,Dallas,1626174,Christian Wood,Christian,,,27:01,6.0,12.0,0.5,2.0,4.0,0.5,4.0,5.0,0.8,3.0,6.0,9.0,5.0,0.0,1.0,6.0,4.0,18.0,13.0
22200358,1610612742,DAL,Dallas,203493,Reggie Bullock Jr.,Reggie,,,24:41,0.0,2.0,0.0,0.0,2.0,0.0,0.0,1.0,0.0,0.0,4.0,4.0,0.0,1.0,0.0,0.0,2.0,0.0,13.0
22200358,1610612742,DAL,Dallas,1628467,Maxi Kleber,Maxi,,,24:51,3.0,6.0,0.5,2.0,4.0,0.5,0.0,0.0,0.0,1.0,2.0,3.0,0.0,0.0,2.0,1.0,3.0,8.0,10.0
22200358,1610612742,DAL,Dallas,1628373,Frank Ntilikina,Frank,,,4:47,1.0,1.0,1.0,0.0,0.0,0.0,0.0,0.0,0.0,0.0,0.0,0.0,1.0,1.0,0.0,0.0,0.0,2.0,0.0
22200358,1610612742,DAL,Dallas,1629033,Theo Pinson,Theo,,,2:25,0.0,0.0,0.0,0.0,0.0,0.0,0.0,0.0,0.0,0.0,0.0,0.0,0.0,0.0,0.0,0.0,0.0,0.0,-2.0
22200358,1610612742,DAL,Dallas,202722,Dāvis Bertāns,Dāvis,,,2:25,0.0,0.0,0.0,0.0,0.0,0.0,0.0,0.0,0.0,0.0,0.0,0.0,0.0,0.0,0.0,0.0,0.0,0.0,-2.0
22200358,1610612742,DAL,Dallas,1630702,Jaden Hardy,Jaden,,,2:25,4.0,5.0,0.8,0.0,0.0,0.0,2.0,2.0,1.0,0.0,0.0,0.0,0.0,0.0,0.0,0.0,2.0,10.0,-2.0
22200358,1610612742,DAL,Dallas,201580,JaVale McGee,JaVale,,DNP - Coach's Decision,,,,,,,,,,,,,,,,,,,,
22200358,1610612742,DAL,Dallas,202689,Kemba Walker,Kemba,,DNP - Coach's Decision,,,,,,,,,,,,,,,,,,,,
22200352,1610612746,LAC,LA,202695,Kawhi Leonard,Kawhi,F,,27:58,7.0,15.0,0.467,0.0,3.0,0.0,2.0,2.0,1.0,1.0,5.0,6.0,2.0,0.0,0.0,1.0,3.0,16.0,-8.0
22200352,1610612746,LAC,LA,202694,Marcus Morris Sr.,Marcus,F,,30:20,5.0,12.0,0.417,2.0,8.0,0.25,0.0,0.0,0.0,1.0,4.0,5.0,3.0,1.0,0.0,0.0,4.0,12.0,-15.0
22200352,1610612746,LAC,LA,1627826,Ivica Zubac,Ivica,C,,29:13,3.0,4.0,0.75,0.0,0.0,0.0,3.0,5.0,0.6,4.0,4.0,8.0,0.0,0.0,2.0,2.0,2.0,9.0,-19.0
22200352,1610612746,LAC,LA,202331,Paul George,Paul,G,,27:58,8.0,15.0,0.533,2.0,4.0,0.5,1.0,1.0,1.0,1.0,2.0,3.0,7.0,0.0,0.0,2.0,1.0,19.0,-8.0
22200352,1610612746,LAC,LA,202704,Reggie Jackson,Reggie,G,,31:56,5.0,13.0,0.385,3.0,7.0,0.429,0.0,0.0,0.0,1.0,1.0,2.0,2.0,0.0,0.0,2.0,2.0,13.0,-10.0
22200352,1610612746,LAC,LA,202322,John Wall,John,,,26:47,4.0,13.0,0.308,1.0,3.0,0.333,3.0,6.0,0.5,0.0,5.0,5.0,12.0,1.0,1.0,3.0,1.0,12.0,14.0
22200352,1610612746,LAC,LA,1628379,Luke Kennard,Luke,,,20:02,3.0,5.0,0.6,2.0,3.0,0.667,1.0,1.0,1.0,0.0,2.0,2.0,2.0,0.0,0.0,0.0,0.0,9.0,10.0
22200352,1610612746,LAC,LA,1629650,Moses Brown,Moses,,,10:00,4.0,5.0,0.8,0.0,0.0,0.0,0.0,0.0,0.0,2.0,5.0,7.0,0.0,0.0,1.0,1.0,1.0,8.0,8.0
22200352,1610612746,LAC,LA,201587,Nicolas Batum,Nicolas,,,20:25,4.0,6.0,0.667,4.0,6.0,0.667,1.0,3.0,0.333,0.0,5.0,5.0,1.0,2.0,0.0,0.0,0.0,13.0,23.0
22200352,1610612746,LAC,LA,1629611,Terance Mann,Terance,,,15:22,2.0,5.0,0.4,1.0,2.0,0.5,3.0,3.0,1.0,3.0,1.0,4.0,1.0,0.0,1.0,1.0,3.0,8.0,15.0
22200352,1610612746,LAC,LA,1630527,Brandon Boston,Brandon,,DNP - Coach's Decision,,,,,,,,,,,,,,,,,,,,
22200352,1610612746,LAC,LA,1629599,Amir Coffey,Amir,,DNP - Coach's Decision,,,,,,,,,,,,,,,,,,,,
22200352,1610612746,LAC,LA,203496,Robert Covington,Robert,,DNP - Coach's Decision,,,,,,,,,,,,,,,,,,,,
22200352,1610612766,CHA,Charlotte,1629667,Jalen McDaniels,Jalen,F,,34:15,3.0,8.0,0.375,0.0,4.0,0.0,3.0,3.0,1.0,0.0,4.0,4.0,6.0,3.0,0.0,0.0,2.0,9.0,12.0
22200352,1610612766,CHA,Charlotte,1629023,P.J. Washington,P.J.,F,,34:15,11.0,21.0,0.524,4.0,10.0,0.4,0.0,0.0,0.0,0.0,4.0,4.0,4.0,1.0,1.0,2.0,0.0,26.0,12.0
22200352,1610612766,CHA,Charlotte,203486,Mason Plumlee,Mason,C,,27:52,4.0,4.0,1.0,0.0,0.0,0.0,0.0,2.0,0.0,2.0,10.0,12.0,4.0,0.0,0.0,1.0,3.0,8.0,14.0
22200352,1610612766,CHA,Charlotte,1626162,Kelly Oubre Jr.,Kelly,G,,40:00,10.0,23.0,0.435,4.0,10.0,0.4,4.0,6.0,0.667,4.0,3.0,7.0,2.0,0.0,0.0,1.0,0.0,28.0,-2.0
22200352,1610612766,CHA,Charlotte,1626179,Terry Rozier,Terry,G,,37:30,8.0,22.0,0.364,3.0,8.0,0.375,3.0,4.0,0.75,1.0,4.0,5.0,8.0,2.0,0.0,2.0,1.0,22.0,7.0
22200352,1610612766,CHA,Charlotte,1630177,Theo Maledon,Theo,,,15:27,2.0,7.0,0.286,1.0,2.0,0.5,0.0,0.0,0.0,0.0,1.0,1.0,2.0,1.0,1.0,2.0,2.0,5.0,-4.0
22200352,1610612766,CHA,Charlotte,1631121,Bryce McGowens,Bryce,,,16:48,3.0,5.0,0.6,0.0,0.0,0.0,0.0,0.0,0.0,0.0,1.0,1.0,0.0,1.0,1.0,0.0,2.0,6.0,-19.0
22200352,1610612766,CHA,Charlotte,1630208,Nick Richards,Nick,,,20:08,5.0,6.0,0.833,0.0,0.0,0.0,1.0,2.0,0.5,4.0,6.0,10.0,2.0,0.0,0.0,0.0,4.0,11.0,-16.0
22200352,1610612766,CHA,Charlotte,1630539,Kai Jones,Kai,,,13:45,1.0,2.0,0.5,0.0,0.0,0.0,0.0,0.0,0.0,3.0,2.0,5.0,1.0,0.0,1.0,2.0,2.0,2.0,-14.0
22200352,1610612766,CHA,Charlotte,1630547,James Bouknight,James,,DNP - Coach's Decision,,,,,,,,,,,,,,,,,,,,
22200352,1610612766,CHA,Charlotte,1628372,Dennis Smith Jr.,Dennis,,DND - Injury/Illness,,,,,,,,,,,,,,,,,,,,
22200357,1610612748,MIA,Miami,202710,Jimmy Butler III,Jimmy,F,,33:17,6.0,11.0,0.545,1.0,2.0,0.5,5.0,8.0,0.625,1.0,5.0,6.0,8.0,1.0,0.0,5.0,1.0,18.0,3.0
22200357,1610612748,MIA,Miami,1628997,Caleb Martin,Caleb,F,,33:56,6.0,10.0,0.6,4.0,8.0,0.5,0.0,0.0,0.0,0.0,0.0,0.0,0.0,0.0,0.0,1.0,0.0,16.0,-4.0
22200357,1610612748,MIA,Miami,1628389,Bam Adebayo,Bam,C,,38:44,5.0,13.0,0.385,0.0,0.0,0.0,5.0,5.0,1.0,1.0,4.0,5.0,4.0,0.0,0.0,1.0,0.0,15.0,9.0
22200357,1610612748,MIA,Miami,1629639,Tyler Herro,Tyler,G,,39:44,8.0,20.0,0.4,3.0,11.0,0.273,4.0,4.0,1.0,2.0,11.0,13.0,5.0,1.0,0.0,2.0,0.0,23.0,1.0
22200357,1610612748,MIA,Miami,200768,Kyle Lowry,Kyle,G,,33:48,3.0,8.0,0.375,3.0,8.0,0.375,1.0,2.0,0.5,1.0,6.0,7.0,6.0,1.0,1.0,2.0,3.0,10.0,2.0
22200357,1610612748,MIA,Miami,203473,Dewayne Dedmon,Dewayne,,,9:16,0.0,5.0,0.0,0.0,1.0,0.0,0.0,0.0,0.0,2.0,4.0,6.0,0.0,0.0,0.0,1.0,4.0,0.0,-17.0
22200357,1610612748,MIA,Miami,1629622,Max Strus,Max,,,22:59,1.0,5.0,0.2,1.0,4.0,0.25,2.0,3.0,0.667,0.0,1.0,1.0,0.0,1.0,1.0,1.0,1.0,5.0,-20.0
22200357,1610612748,MIA,Miami,1629216,Gabe Vincent,Gabe,,,14:12,0.0,2.0,0.0,0.0,2.0,0.0,0.0,0.0,0.0,0.0,1.0,1.0,0.0,0.0,0.0,2.0,2.0,0.0,-10.0
22200357,1610612748,MIA,Miami,1629312,Haywood Highsmith,Haywood,,,14:04,2.0,5.0,0.4,2.0,4.0,0.5,0.0,0.0,0.0,2.0,4.0,6.0,0.0,3.0,1.0,1.0,0.0,6.0,-4.0
22200357,1610612748,MIA,Miami,2617,Udonis Haslem,Udonis,,DNP - Coach's Decision,,,,,,,,,,,,,,,,,,,,
22200357,1610612748,MIA,Miami,1631107,Nikola Jović,Nikola,,DNP - Coach's Decision,,,,,,,,,,,,,,,,,,,,
22200357,1610612748,MIA,Miami,1629130,Duncan Robinson,Duncan,,DNP - Coach's Decision,,,,,,,,,,,,,,,,,,,,
22200357,1610612763,MEM,Memphis,1628415,Dillon Brooks,Dillon,F,,34:29,7.0,22.0,0.318,2.0,11.0,0.182,1.0,1.0,1.0,0.0,4.0,4.0,2.0,1.0,0.0,5.0,4.0,17.0,-10.0
22200357,1610612763,MEM,Memphis,1630583,Santi Aldama,Santi,F,,33:37,8.0,12.0,0.667,2.0,5.0,0.4,0.0,0.0,0.0,0.0,10.0,10.0,2.0,1.0,1.0,0.0,3.0,18.0,6.0
22200357,1610612763,MEM,Memphis,203500,Steven Adams,Steven,C,,27:51,4.0,6.0,0.667,0.0,0.0,0.0,0.0,0.0,0.0,1.0,3.0,4.0,1.0,0.0,0.0,1.0,2.0,8.0,-2.0
22200357,1610612763,MEM,Memphis,1631223,David Roddy,David,G,,33:37,2.0,8.0,0.25,0.0,3.0,0.0,2.0,2.0,1.0,1.0,4.0,5.0,2.0,0.0,2.0,0.0,1.0,6.0,6.0
22200357,1610612763,MEM,Memphis,1626145,Tyus Jones,Tyus,G,,36:15,10.0,16.0,0.625,3.0,6.0,0.5,5.0,5.0,1.0,0.0,5.0,5.0,10.0,2.0,0.0,1.0,0.0,28.0,8.0
22200357,1610612763,MEM,Memphis,1631113,Kennedy Chandler,Kennedy,,,25:44,4.0,11.0,0.364,1.0,4.0,0.25,0.0,0.0,0.0,0.0,3.0,3.0,5.0,2.0,1.0,1.0,0.0,9.0,18.0
22200357,1610612763,MEM,Memphis,1629634,Brandon Clarke,Brandon,,,20:09,5.0,7.0,0.714,0.0,0.0,0.0,1.0,1.0,1.0,0.0,4.0,4.0,0.0,1.0,0.0,3.0,2.0,11.0,10.0
22200357,1610612763,MEM,Memphis,1630214,Xavier Tillman,Xavier,,,14:23,2.0,5.0,0.4,0.0,1.0,0.0,0.0,0.0,0.0,2.0,2.0,4.0,1.0,1.0,1.0,0.0,1.0,4.0,2.0
22200357,1610612763,MEM,Memphis,1631246,Vince Williams Jr.,Vince,,,13:55,0.0,3.0,0.0,0.0,2.0,0.0,0.0,0.0,0.0,0.0,2.0,2.0,0.0,2.0,0.0,0.0,1.0,0.0,2.0
22200357,1610612763,MEM,Memphis,1629723,John Konchar,John,,DND - Injury/Illness,,,,,,,,,,,,,,,,,,,,
22200357,1610612763,MEM,Memphis,1631254,Kenneth Lofton Jr.,Kenneth,,DNP - Coach's Decision,,,,,,,,,,,,,,,,,,,,
22200353,1610612749,MIL,Milwaukee,203114,Khris Middleton,Khris,F,,25:52,1.0,11.0,0.091,0.0,7.0,0.0,3.0,4.0,0.75,0.0,1.0,1.0,5.0,1.0,0.0,2.0,3.0,5.0,-14.0
22200353,1610612749,MIL,Milwaukee,203507,Giannis Antetokounmpo,Giannis,F,,33:13,12.0,21.0,0.571,2.0,4.0,0.5,8.0,11.0,0.727,1.0,12.0,13.0,5.0,1.0,2.0,4.0,4.0,34.0,-4.0
22200353,1610612749,MIL,Milwaukee,1626171,Bobby Portis,Bobby,C,,27:22,8.0,12.0,0.667,1.0,2.0,0.5,1.0,2.0,0.5,2.0,8.0,10.0,1.0,0.0,1.0,2.0,4.0,18.0,5.0
22200353,1610612749,MIL,Milwaukee,201950,Jrue Holiday,Jrue,G,,35:06,5.0,12.0,0.417,1.0,6.0,0.167,6.0,6.0,1.0,1.0,7.0,8.0,10.0,2.0,0.0,6.0,3.0,17.0,19.0
22200353,1610612749,MIL,Milwaukee,1629670,Jordan Nwora,Jordan,G,,19:18,2.0,3.0,0.667,2.0,2.0,1.0,0.0,0.0,0.0,1.0,0.0,1.0,0.0,1.0,0.0,1.0,0.0,6.0,-12.0
22200353,1610612749,MIL,Milwaukee,1626192,Pat Connaughton,Pat,,,21:59,2.0,9.0,0.222,2.0,8.0,0.25,1.0,2.0,0.5,0.0,4.0,4.0,0.0,1.0,0.0,0.0,0.0,7.0,11.0
22200353,1610612749,MIL,Milwaukee,1628975,Jevon Carter,Jevon,,,25:06,1.0,5.0,0.2,0.0,2.0,0.0,0.0,0.0,0.0,0.0,1.0,1.0,6.0,1.0,0.0,0.0,1.0,2.0,12.0
22200353,1610612749,MIL,Milwaukee,1630572,Sandro Mamukelashvili,Sandro,,,23:02,3.0,5.0,0.6,2.0,3.0,0.667,0.0,0.0,0.0,2.0,4.0,6.0,2.0,1.0,1.0,2.0,3.0,8.0,17.0
22200353,1610612749,MIL,Milwaukee,201588,George Hill,George,,,18:52,0.0,1.0,0.0,0.0,1.0,0.0,0.0,0.0,0.0,0.0,1.0,1.0,2.0,1.0,0.0,0.0,0.0,0.0,2.0
22200353,1610612749,MIL,Milwaukee,1631260,AJ Green,AJ,,,10:10,4.0,6.0,0.667,3.0,5.0,0.6,1.0,1.0,1.0,0.0,0.0,0.0,0.0,0.0,0.0,0.0,2.0,12.0,-1.0
22200353,1610612749,MIL,Milwaukee,203648,Thanasis Antetokounmpo,Thanasis,,DNP - Coach's Decision,,,,,,,,,,,,,,,,,,,,
22200353,1610612749,MIL,Milwaukee,202083,Wesley Matthews,Wesley,,DNP - Coach's Decision,,,,,,,,,,,,,,,,,,,,
22200353,1610612753,ORL,Orlando,1629626,Bol Bol,Bol,F,,18:48,1.0,4.0,0.25,0.0,0.0,0.0,0.0,0.0,0.0,0.0,2.0,2.0,2.0,1.0,0.0,1.0,1.0,2.0,3.0
22200353,1610612753,ORL,Orlando,1631094,Paolo Banchero,Paolo,F,,32:33,4.0,16.0,0.25,0.0,3.0,0.0,12.0,15.0,0.8,5.0,7.0,12.0,7.0,1.0,1.0,4.0,2.0,20.0,1.0
22200353,1610612753,ORL,Orlando,1629021,Moritz Wagner,Moritz,C,,31:43,7.0,10.0,0.7,0.0,2.0,0.0,5.0,5.0,1.0,3.0,9.0,12.0,4.0,1.0,0.0,2.0,6.0,19.0,8.0
22200353,1610612753,ORL,Orlando,1630532,Franz Wagner,Franz,G,,36:04,8.0,13.0,0.615,2.0,6.0,0.333,7.0,7.0,1.0,0.0,6.0,6.0,2.0,0.0,0.0,3.0,2.0,25.0,-10.0
22200353,1610612753,ORL,Orlando,1628365,Markelle Fultz,Markelle,G,,32:09,8.0,18.0,0.444,2.0,4.0,0.5,2.0,2.0,1.0,1.0,4.0,5.0,2.0,2.0,0.0,2.0,2.0,20.0,8.0
22200353,1610612753,ORL,Orlando,1630175,Cole Anthony,Cole,,,21:21,0.0,9.0,0.0,0.0,4.0,0.0,0.0,0.0,0.0,1.0,3.0,4.0,1.0,2.0,0.0,0.0,1.0,0.0,-15.0
22200353,1610612753,ORL,Orlando,1631216,Caleb Houstan,Caleb,,,23:40,1.0,6.0,0.167,1.0,4.0,0.25,0.0,0.0,0.0,3.0,2.0,5.0,0.0,0.0,0.0,0.0,3.0,3.0,-15.0
22200353,1610612753,ORL,Orlando,1629678,Admiral Schofield,Admiral,,,14:17,3.0,6.0,0.5,2.0,4.0,0.5,0.0,0.0,0.0,0.0,0.0,0.0,1.0,1.0,1.0,0.0,2.0,8.0,-13.0
22200353,1610612753,ORL,Orlando,203082,Terrence Ross,Terrence,,,22:59,2.0,10.0,0.2,1.0,4.0,0.25,0.0,0.0,0.0,1.0,3.0,4.0,2.0,0.0,0.0,1.0,0.0,5.0,-5.0
22200353,1610612753,ORL,Orlando,1630181,R.J. Hampton,R.J.,,,6:26,0.0,1.0,0.0,0.0,1.0,0.0,0.0,0.0,0.0,1.0,1.0,2.0,0.0,0.0,0.0,0.0,0.0,0.0,3.0
22200353,1610612753,ORL,Orlando,1630284,Kevon Harris,Kevon,,DNP - Coach's Decision,,,,,,,,,,,,,,,,,,,,
22200347,1610612763,MEM,Memphis,1628415,Dillon Brooks,Dillon,F,,32:51,7.0,20.0,0.35,5.0,10.0,0.5,3.0,3.0,1.0,1.0,4.0,5.0,5.0,2.0,0.0,0.0,4.0,22.0,1.0
22200347,1610612763,MEM,Memphis,1628991,Jaren Jackson Jr.,Jaren,F,,29:49,7.0,13.0,0.538,2.0,4.0,0.5,6.0,7.0,0.857,3.0,0.0,3.0,0.0,0.0,1.0,2.0,2.0,22.0,5.0
22200347,1610612763,MEM,Memphis,1629634,Brandon Clarke,Brandon,C,,29:49,6.0,9.0,0.667,0.0,0.0,0.0,2.0,4.0,0.5,4.0,10.0,14.0,2.0,0.0,0.0,2.0,3.0,14.0,5.0
22200347,1610612763,MEM,Memphis,1629723,John Konchar,John,G,,31:39,4.0,6.0,0.667,1.0,3.0,0.333,2.0,3.0,0.667,0.0,5.0,5.0,0.0,4.0,0.0,1.0,2.0,11.0,15.0
22200347,1610612763,MEM,Memphis,1629630,Ja Morant,Ja,G,,34:59,12.0,23.0,0.522,3.0,7.0,0.429,6.0,8.0,0.75,1.0,4.0,5.0,10.0,1.0,0.0,4.0,2.0,33.0,21.0
22200347,1610612763,MEM,Memphis,1630214,Xavier Tillman,Xavier,,,18:11,2.0,4.0,0.5,1.0,1.0,1.0,1.0,2.0,0.5,2.0,2.0,4.0,1.0,2.0,2.0,0.0,4.0,6.0,5.0
22200347,1610612763,MEM,Memphis,1630583,Santi Aldama,Santi,,,18:11,2.0,5.0,0.4,1.0,3.0,0.333,0.0,0.0,0.0,1.0,6.0,7.0,5.0,0.0,2.0,1.0,3.0,5.0,5.0
22200347,1610612763,MEM,Memphis,1626145,Tyus Jones,Tyus,,,20:29,2.0,7.0,0.286,1.0,4.0,0.25,0.0,0.0,0.0,0.0,2.0,2.0,4.0,0.0,0.0,2.0,0.0,5.0,4.0
22200347,1610612763,MEM,Memphis,1631223,David Roddy,David,,,24:02,1.0,5.0,0.2,1.0,3.0,0.333,1.0,2.0,0.5,0.0,1.0,1.0,1.0,0.0,0.0,1.0,1.0,4.0,-11.0
22200347,1610612763,MEM,Memphis,1631113,Kennedy Chandler,Kennedy,,DNP - Coach's Decision,,,,,,,,,,,,,,,,,,,,
22200347,1610612763,MEM,Memphis,1631254,Kenneth Lofton Jr.,Kenneth,,DNP - Coach's Decision,,,,,,,,,,,,,,,,,,,,
22200347,1610612763,MEM,Memphis,1631246,Vince Williams Jr.,Vince,,DNP - Coach's Decision,,,,,,,,,,,,,,,,,,,,
22200347,1610612765,DET,Detroit,202711,Bojan Bogdanović,Bojan,F,,24:02,4.0,8.0,0.5,2.0,4.0,0.5,8.0,8.0,1.0,0.0,1.0,1.0,1.0,1.0,0.0,3.0,0.0,18.0,-29.0
22200347,1610612765,DET,Detroit,1630191,Isaiah Stewart,Isaiah,F,,27:00,3.0,7.0,0.429,2.0,5.0,0.4,0.0,0.0,0.0,0.0,4.0,4.0,1.0,0.0,2.0,0.0,4.0,8.0,-14.0
22200347,1610612765,DET,Detroit,1628963,Marvin Bagley III,Marvin,C,,20:59,4.0,9.0,0.444,0.0,1.0,0.0,0.0,0.0,0.0,1.0,4.0,5.0,0.0,0.0,1.0,0.0,2.0,8.0,-12.0
22200347,1610612765,DET,Detroit,1631093,Jaden Ivey,Jaden,G,,27:57,2.0,9.0,0.222,1.0,5.0,0.2,5.0,6.0,0.833,0.0,6.0,6.0,3.0,3.0,0.0,4.0,2.0,10.0,-23.0
22200347,1610612765,DET,Detroit,1630165,Killian Hayes,Killian,G,,29:21,5.0,13.0,0.385,3.0,5.0,0.6,0.0,0.0,0.0,0.0,2.0,2.0,6.0,1.0,2.0,3.0,5.0,13.0,-6.0
22200347,1610612765,DET,Detroit,1631105,Jalen Duren,Jalen,,,15:01,0.0,0.0,0.0,0.0,0.0,0.0,0.0,0.0,0.0,2.0,1.0,3.0,3.0,1.0,2.0,1.0,3.0,0.0,-6.0
22200347,1610612765,DET,Detroit,202692,Alec Burks,Alec,,,18:39,3.0,8.0,0.375,1.0,4.0,0.25,0.0,0.0,0.0,1.0,3.0,4.0,1.0,1.0,0.0,1.0,2.0,7.0,-4.0
22200347,1610612765,DET,Detroit,1630180,Saddiq Bey,Saddiq,,,33:00,7.0,16.0,0.438,1.0,6.0,0.167,9.0,12.0,0.75,2.0,4.0,6.0,7.0,0.0,0.0,1.0,3.0,24.0,12.0
22200347,1610612765,DET,Detroit,202709,Cory Joseph,Cory,,,20:03,3.0,4.0,0.75,2.0,3.0,0.667,0.0,0.0,0.0,0.0,2.0,2.0,3.0,0.0,0.0,1.0,1.0,8.0,13.0
22200347,1610612765,DET,Detroit,1628995,Kevin Knox II,Kevin,,,11:58,2.0,4.0,0.5,1.0,2.0,0.5,1.0,2.0,0.5,1.0,4.0,5.0,0.0,0.0,0.0,0.0,1.0,6.0,11.0
22200347,1610612765,DET,Detroit,1628977,Hamidou Diallo,Hamidou,,,12:00,4.0,6.0,0.667,0.0,0.0,0.0,2.0,2.0,1.0,1.0,0.0,1.0,1.0,0.0,0.0,0.0,1.0,10.0,8.0
22200347,1610612765,DET,Detroit,203585,Rodney McGruder,Rodney,,DNP - Coach's Decision,,,,,,,,,,,,,,,,,,,,
22200347,1610612765,DET,Detroit,203457,Nerlens Noel,Nerlens,,DNP - Coach's Decision,,,,,,,,,,,,,,,,,,,,
22200351,1610612754,IND,Indiana,1627741,Buddy Hield,Buddy,F,,37:45,8.0,17.0,0.471,4.0,9.0,0.444,2.0,3.0,0.667,3.0,8.0,11.0,3.0,1.0,1.0,2.0,2.0,22.0,-4.0
22200351,1610612754,IND,Indiana,1630188,Jalen Smith,Jalen,F,,16:36,3.0,8.0,0.375,0.0,3.0,0.0,0.0,0.0,0.0,2.0,1.0,3.0,3.0,0.0,2.0,0.0,0.0,6.0,-15.0
22200351,1610612754,IND,Indiana,1626167,Myles Turner,Myles,C,,28:04,10.0,17.0,0.588,3.0,6.0,0.5,1.0,1.0,1.0,3.0,6.0,9.0,2.0,0.0,0.0,4.0,5.0,24.0,2.0
22200351,1610612754,IND,Indiana,1629614,Andrew Nembhard,Andrew,G,,37:20,7.0,12.0,0.583,2.0,6.0,0.333,0.0,0.0,0.0,1.0,5.0,6.0,8.0,1.0,0.0,3.0,2.0,16.0,-15.0
22200351,1610612754,IND,Indiana,1630174,Aaron Nesmith,Aaron,G,,24:09,3.0,8.0,0.375,0.0,3.0,0.0,4.0,4.0,1.0,0.0,3.0,3.0,1.0,3.0,0.0,1.0,4.0,10.0,-20.0
22200351,1610612754,IND,Indiana,1631097,Bennedict Mathurin,Bennedict,,,32:11,5.0,15.0,0.333,0.0,2.0,0.0,0.0,0.0,0.0,0.0,3.0,3.0,1.0,2.0,0.0,1.0,2.0,10.0,-10.0
22200351,1610612754,IND,Indiana,1630543,Isaiah Jackson,Isaiah,,,16:01,2.0,7.0,0.286,0.0,0.0,0.0,3.0,4.0,0.75,2.0,1.0,3.0,1.0,0.0,2.0,0.0,3.0,7.0,-9.0
22200351,1610612754,IND,Indiana,201949,James Johnson,James,,,3:57,0.0,1.0,0.0,0.0,0.0,0.0,0.0,0.0,0.0,0.0,0.0,0.0,0.0,0.0,0.0,1.0,2.0,0.0,-12.0
22200351,1610612754,IND,Indiana,1629052,Oshae Brissett,Oshae,,,26:52,2.0,3.0,0.667,1.0,2.0,0.5,0.0,0.0,0.0,0.0,5.0,5.0,2.0,2.0,0.0,1.0,2.0,5.0,-4.0
22200351,1610612754,IND,Indiana,1630243,Trevelin Queen,Trevelin,,,12:59,0.0,2.0,0.0,0.0,2.0,0.0,0.0,0.0,0.0,1.0,0.0,1.0,1.0,1.0,0.0,2.0,0.0,0.0,6.0
22200351,1610612754,IND,Indiana,1631112,Kendall Brown,Kendall,,,2:09,0.0,1.0,0.0,0.0,0.0,0.0,0.0,0.0,0.0,0.0,0.0,0.0,0.0,0.0,0.0,0.0,0.0,0.0,1.0
22200351,1610612754,IND,Indiana,1630678,Terry Taylor,Terry,,,1:57,0.0,0.0,0.0,0.0,0.0,0.0,0.0,0.0,0.0,0.0,0.0,0.0,0.0,0.0,0.0,0.0,0.0,0.0,-1.0
22200351,1610612754,IND,Indiana,1629048,Goga Bitadze,Goga,,DNP - Coach's Decision,,,,,,,,,,,,,,,,,,,,
22200351,1610612757,POR,Portland,1628404,Josh Hart,Josh,F,,32:40,5.0,8.0,0.625,1.0,3.0,0.333,0.0,0.0,0.0,4.0,6.0,10.0,3.0,3.0,0.0,2.0,1.0,11.0,27.0
22200351,1610612757,POR,Portland,203924,Jerami Grant,Jerami,F,,32:57,9.0,21.0,0.429,3.0,10.0,0.3,7.0,7.0,1.0,3.0,2.0,5.0,3.0,0.0,0.0,2.0,2.0,28.0,28.0
22200351,1610612757,POR,Portland,203994,Jusuf Nurkić,Jusuf,C,,27:46,7.0,12.0,0.583,2.0,3.0,0.667,3.0,7.0,0.429,1.0,5.0,6.0,4.0,1.0,1.0,1.0,2.0,19.0,2.0
22200351,1610612757,POR,Portland,1629014,Anfernee Simons,Anfernee,G,,35:43,8.0,14.0,0.571,5.0,9.0,0.556,1.0,1.0,1.0,0.0,3.0,3.0,6.0,1.0,0.0,1.0,2.0,22.0,-8.0
22200351,1610612757,POR,Portland,203081,Damian Lillard,Damian,G,,32:02,7.0,16.0,0.438,5.0,10.0,0.5,2.0,2.0,1.0,0.0,4.0,4.0,6.0,1.0,1.0,4.0,4.0,21.0,30.0
22200351,1610612757,POR,Portland,1626159,Justise Winslow,Justise,,,23:30,2.0,6.0,0.333,0.0,1.0,0.0,0.0,0.0,0.0,3.0,3.0,6.0,3.0,2.0,0.0,3.0,2.0,4.0,13.0
22200351,1610612757,POR,Portland,1629234,Drew Eubanks,Drew,,,15:53,1.0,3.0,0.333,0.0,1.0,0.0,0.0,0.0,0.0,0.0,5.0,5.0,2.0,1.0,1.0,0.0,0.0,2.0,13.0
22200351,1610612757,POR,Portland,1631101,Shaedon Sharpe,Shaedon,,,17:44,2.0,4.0,0.5,1.0,3.0,0.333,1.0,3.0,0.333,0.0,3.0,3.0,1.0,1.0,0.0,1.0,2.0,6.0,-11.0
22200351,1610612757,POR,Portland,1630570,Trendon Watford,Trendon,,,17:27,1.0,2.0,0.5,0.0,0.0,0.0,0.0,0.0,0.0,0.0,2.0,2.0,4.0,0.0,0.0,1.0,1.0,2.0,-12.0
22200351,1610612757,POR,Portland,1631133,Jabari Walker,Jabari,,,2:09,0.0,0.0,0.0,0.0,0.0,0.0,0.0,0.0,0.0,0.0,0.0,0.0,0.0,0.0,0.0,0.0,0.0,0.0,-1.0
22200351,1610612757,POR,Portland,1630535,Greg Brown III,Greg,,,2:09,0.0,0.0,0.0,0.0,0.0,0.0,1.0,2.0,0.5,0.0,1.0,1.0,0.0,0.0,0.0,0.0,1.0,1.0,-1.0
22200351,1610612757,POR,Portland,1630553,Keon Johnson,Keon,,DND - Injury/Illness,,,,,,,,,,,,,,,,,,,,
22200542,1610612742,DAL,Dallas,203493,Reggie Bullock Jr.,Reggie,F,,32:36,3.0,6.0,0.5,1.0,4.0,0.25,0.0,0.0,0.0,0.0,1.0,1.0,2.0,0.0,0.0,0.0,1.0,7.0,2.0
22200542,1610612742,DAL,Dallas,203501,Tim Hardaway Jr.,Tim,F,,37:14,6.0,11.0,0.545,2.0,5.0,0.4,0.0,0.0,0.0,0.0,3.0,3.0,1.0,0.0,0.0,1.0,1.0,14.0,7.0
22200542,1610612742,DAL,Dallas,1626174,Christian Wood,Christian,C,,28:33,10.0,15.0,0.667,4.0,7.0,0.571,1.0,2.0,0.5,2.0,5.0,7.0,2.0,0.0,1.0,1.0,3.0,25.0,-6.0
22200542,1610612742,DAL,Dallas,203915,Spencer Dinwiddie,Spencer,G,,35:53,5.0,12.0,0.417,0.0,3.0,0.0,1.0,2.0,0.5,0.0,2.0,2.0,3.0,0.0,0.0,1.0,5.0,11.0,-6.0
22200542,1610612742,DAL,Dallas,1629029,Luka Dončić,Luka,G,,37:14,18.0,29.0,0.621,6.0,10.0,0.6,9.0,15.0,0.6,1.0,5.0,6.0,9.0,4.0,1.0,0.0,3.0,51.0,7.0
22200542,1610612742,DAL,Dallas,1630593,McKinley Wright IV,McKinley,,,20:42,2.0,4.0,0.5,0.0,1.0,0.0,0.0,0.0,0.0,0.0,0.0,0.0,1.0,1.0,0.0,0.0,1.0,4.0,-5.0
22200542,1610612742,DAL,Dallas,203939,Dwight Powell,Dwight,,,19:26,2.0,2.0,1.0,0.0,0.0,0.0,1.0,2.0,0.5,3.0,1.0,4.0,3.0,0.0,1.0,1.0,6.0,5.0,8.0
22200542,1610612742,DAL,Dallas,202722,Dāvis Bertāns,Dāvis,,,10:15,0.0,1.0,0.0,0.0,1.0,0.0,0.0,0.0,0.0,0.0,0.0,0.0,0.0,0.0,0.0,1.0,2.0,0.0,-2.0
22200542,1610612742,DAL,Dallas,1628373,Frank Ntilikina,Frank,,,18:06,4.0,6.0,0.667,1.0,3.0,0.333,0.0,0.0,0.0,0.0,3.0,3.0,0.0,0.0,0.0,0.0,2.0,9.0,1.0
22200542,1610612742,DAL,Dallas,1629033,Theo Pinson,Theo,,,0:01,0.0,0.0,0.0,0.0,0.0,0.0,0.0,0.0,0.0,0.0,0.0,0.0,0.0,0.0,0.0,0.0,0.0,0.0,-1.0
22200542,1610612742,DAL,Dallas,1630702,Jaden Hardy,Jaden,,DNP - Coach's Decision,,,,,,,,,,,,,,,,,,,,
22200542,1610612742,DAL,Dallas,1630639,A.J. Lawson,A.J.,,DNP - Coach's Decision,,,,,,,,,,,,,,,,,,,,
22200542,1610612742,DAL,Dallas,201580,JaVale McGee,JaVale,,DNP - Injury/Illness,,,,,,,,,,,,,,,,,,,,
22200542,1610612742,DAL,Dallas,202689,Kemba Walker,Kemba,,DNP - Coach's Decision,,,,,,,,,,,,,,,,,,,,
22200542,1610612759,SAS,San Antonio,1629640,Keldon Johnson,Keldon,F,,35:32,10.0,19.0,0.526,4.0,5.0,0.8,6.0,7.0,0.857,2.0,2.0,4.0,0.0,0.0,0.0,0.0,4.0,30.0,-2.0
22200542,1610612759,SAS,San Antonio,1631110,Jeremy Sochan,Jeremy,F,,33:10,7.0,12.0,0.583,2.0,3.0,0.667,4.0,6.0,0.667,1.0,5.0,6.0,2.0,1.0,0.0,1.0,3.0,20.0,-2.0
22200542,1610612759,SAS,San Antonio,1627751,Jakob Poeltl,Jakob,C,,29:50,7.0,10.0,0.7,0.0,0.0,0.0,5.0,7.0,0.714,7.0,8.0,15.0,6.0,0.0,0.0,2.0,3.0,19.0,0.0
22200542,1610612759,SAS,San Antonio,1629641,Romeo Langford,Romeo,G,,16:34,0.0,6.0,0.0,0.0,1.0,0.0,0.0,0.0,0.0,0.0,0.0,0.0,2.0,0.0,0.0,0.0,1.0,0.0,-16.0
22200542,1610612759,SAS,San Antonio,1630200,Tre Jones,Tre,G,,32:16,7.0,11.0,0.636,0.0,2.0,0.0,4.0,6.0,0.667,0.0,5.0,5.0,6.0,0.0,0.0,2.0,1.0,18.0,-3.0
22200542,1610612759,SAS,San Antonio,1631103,Malaki Branham,Malaki,,,21:13,3.0,6.0,0.5,0.0,2.0,0.0,0.0,0.0,0.0,1.0,0.0,1.0,1.0,0.0,0.0,1.0,0.0,6.0,-2.0
22200542,1610612759,SAS,San Antonio,1626196,Josh Richardson,Josh,,,16:47,2.0,4.0,0.5,0.0,1.0,0.0,0.0,0.0,0.0,1.0,3.0,4.0,5.0,0.0,0.0,2.0,0.0,4.0,5.0
22200542,1610612759,SAS,San Antonio,1628380,Zach Collins,Zach,,,17:55,5.0,6.0,0.833,1.0,1.0,1.0,2.0,2.0,1.0,2.0,3.0,5.0,2.0,0.0,0.0,2.0,5.0,13.0,2.0
22200542,1610612759,SAS,San Antonio,203926,Doug McDermott,Doug,,,19:37,4.0,7.0,0.571,1.0,2.0,0.5,0.0,0.0,0.0,1.0,4.0,5.0,2.0,0.0,0.0,1.0,3.0,9.0,18.0
22200542,1610612759,SAS,San Antonio,1626169,Stanley Johnson,Stanley,,,17:07,2.0,4.0,0.5,0.0,2.0,0.0,2.0,4.0,0.5,0.0,3.0,3.0,2.0,0.0,0.0,2.0,1.0,6.0,-5.0
22200542,1610612759,SAS,San Antonio,203476,Gorgui Dieng,Gorgui,,DNP - Coach's Decision,,,,,,,,,,,,,,,,,,,,
22200542,1610612759,SAS,San Antonio,1629676,Isaiah Roby,Isaiah,,DNP - Coach's Decision,,,,,,,,,,,,,,,,,,,,
22200539,1610612751,BKN,Brooklyn,201142,Kevin Durant,Kevin,F,,29:48,9.0,15.0,0.6,1.0,6.0,0.167,4.0,4.0,1.0,0.0,5.0,5.0,4.0,0.0,0.0,3.0,3.0,23.0,21.0
22200539,1610612751,BKN,Brooklyn,1626220,Royce O'Neale,Royce,F,,32:07,5.0,7.0,0.714,4.0,6.0,0.667,0.0,0.0,0.0,0.0,3.0,3.0,6.0,0.0,0.0,0.0,1.0,14.0,20.0
22200539,1610612751,BKN,Brooklyn,1629651,Nic Claxton,Nic,C,,33:07,6.0,7.0,0.857,0.0,0.0,0.0,2.0,4.0,0.5,1.0,5.0,6.0,3.0,1.0,6.0,0.0,3.0,14.0,8.0
22200539,1610612751,BKN,Brooklyn,1627732,Ben Simmons,Ben,G,,19:14,1.0,2.0,0.5,0.0,0.0,0.0,0.0,1.0,0.0,1.0,2.0,3.0,2.0,0.0,0.0,2.0,2.0,2.0,1.0
22200539,1610612751,BKN,Brooklyn,202681,Kyrie Irving,Kyrie,G,,33:14,11.0,19.0,0.579,4.0,9.0,0.444,2.0,2.0,1.0,0.0,6.0,6.0,4.0,1.0,0.0,2.0,2.0,28.0,11.0
22200539,1610612751,BKN,Brooklyn,203933,T.J. Warren,T.J.,,,31:28,3.0,7.0,0.429,0.0,3.0,0.0,4.0,5.0,0.8,0.0,7.0,7.0,1.0,0.0,0.0,2.0,1.0,10.0,9.0
22200539,1610612751,BKN,Brooklyn,1629139,Yuta Watanabe,Yuta,,,18:58,4.0,7.0,0.571,2.0,5.0,0.4,1.0,2.0,0.5,0.0,5.0,5.0,1.0,5.0,0.0,1.0,0.0,11.0,11.0
22200539,1610612751,BKN,Brooklyn,203552,Seth Curry,Seth,,,20:10,3.0,8.0,0.375,1.0,3.0,0.333,1.0,1.0,1.0,0.0,4.0,4.0,3.0,0.0,0.0,2.0,2.0,8.0,9.0
22200539,1610612751,BKN,Brooklyn,1628410,Edmond Sumner,Edmond,,,15:04,4.0,5.0,0.8,0.0,1.0,0.0,0.0,0.0,0.0,0.0,1.0,1.0,1.0,0.0,0.0,1.0,2.0,8.0,1.0
22200539,1610612751,BKN,Brooklyn,1630549,Day'Ron Sharpe,Day'Ron,,,3:25,2.0,2.0,1.0,1.0,1.0,1.0,0.0,0.0,0.0,0.0,1.0,1.0,0.0,0.0,0.0,0.0,0.0,5.0,-3.0
22200539,1610612751,BKN,Brooklyn,1630560,Cam Thomas,Cam,,,3:25,0.0,1.0,0.0,0.0,0.0,0.0,0.0,0.0,0.0,0.0,1.0,1.0,1.0,0.0,0.0,1.0,0.0,0.0,-3.0
22200539,1610612751,BKN,Brooklyn,201988,Patty Mills,Patty,,DNP - Coach's Decision,,,,,,,,,,,,,,,,,,,,
22200539,1610612751,BKN,Brooklyn,202693,Markieff Morris,Markieff,,DNP - Coach's Decision,,,,,,,,,,,,,,,,,,,,
22200539,1610612766,CHA,Charlotte,202330,Gordon Hayward,Gordon,F,,29:23,1.0,7.0,0.143,0.0,4.0,0.0,0.0,0.0,0.0,0.0,3.0,3.0,3.0,0.0,0.0,3.0,3.0,2.0,-14.0
22200539,1610612766,CHA,Charlotte,1629023,P.J. Washington,P.J.,F,,32:45,5.0,13.0,0.385,1.0,4.0,0.25,1.0,1.0,1.0,1.0,2.0,3.0,2.0,1.0,1.0,1.0,1.0,12.0,-3.0
22200539,1610612766,CHA,Charlotte,203486,Mason Plumlee,Mason,C,,29:32,9.0,14.0,0.643,0.0,0.0,0.0,4.0,4.0,1.0,5.0,5.0,10.0,3.0,1.0,0.0,0.0,3.0,22.0,-10.0
22200539,1610612766,CHA,Charlotte,1626179,Terry Rozier,Terry,G,,31:44,5.0,14.0,0.357,1.0,4.0,0.25,5.0,5.0,1.0,2.0,3.0,5.0,2.0,0.0,0.0,0.0,0.0,16.0,-14.0
22200539,1610612766,CHA,Charlotte,1630163,LaMelo Ball,LaMelo,G,,36:17,7.0,19.0,0.368,5.0,14.0,0.357,4.0,5.0,0.8,0.0,7.0,7.0,11.0,2.0,0.0,4.0,4.0,23.0,-8.0
22200539,1610612766,CHA,Charlotte,1629667,Jalen McDaniels,Jalen,,,28:03,4.0,8.0,0.5,1.0,5.0,0.2,1.0,1.0,1.0,2.0,4.0,6.0,3.0,0.0,0.0,0.0,3.0,10.0,-12.0
22200539,1610612766,CHA,Charlotte,1630177,Theo Maledon,Theo,,,11:43,2.0,8.0,0.25,2.0,5.0,0.4,2.0,2.0,1.0,0.0,1.0,1.0,3.0,2.0,1.0,0.0,2.0,8.0,-9.0
22200539,1610612766,CHA,Charlotte,1630550,JT Thor,JT,,,15:41,1.0,4.0,0.25,1.0,4.0,0.25,0.0,0.0,0.0,0.0,1.0,1.0,0.0,0.0,0.0,0.0,0.0,3.0,-16.0
22200539,1610612766,CHA,Charlotte,1631109,Mark Williams,Mark,,,14:37,3.0,7.0,0.429,0.0,0.0,0.0,2.0,2.0,1.0,3.0,4.0,7.0,0.0,0.0,0.0,4.0,1.0,8.0,-8.0
22200539,1610612766,CHA,Charlotte,1630208,Nick Richards,Nick,,,3:25,1.0,1.0,1.0,0.0,0.0,0.0,0.0,1.0,0.0,1.0,0.0,1.0,0.0,1.0,0.0,0.0,0.0,2.0,3.0
22200539,1610612766,CHA,Charlotte,1630539,Kai Jones,Kai,,,3:25,0.0,0.0,0.0,0.0,0.0,0.0,0.0,0.0,0.0,0.0,0.0,0.0,0.0,0.0,0.0,0.0,0.0,0.0,3.0
22200539,1610612766,CHA,Charlotte,1630547,James Bouknight,James,,,3:25,0.0,1.0,0.0,0.0,1.0,0.0,0.0,0.0,0.0,0.0,1.0,1.0,1.0,0.0,0.0,0.0,0.0,0.0,3.0
22200541,1610612752,NYK,New York,1629656,Quentin Grimes,Quentin,F,,36:12,8.0,15.0,0.533,3.0,8.0,0.375,0.0,0.0,0.0,0.0,2.0,2.0,2.0,2.0,1.0,2.0,3.0,19.0,10.0
22200541,1610612752,NYK,New York,203944,Julius Randle,Julius,F,,38:35,9.0,20.0,0.45,5.0,13.0,0.385,12.0,16.0,0.75,4.0,8.0,12.0,6.0,0.0,1.0,1.0,3.0,35.0,25.0
22200541,1610612752,NYK,New York,1629011,Mitchell Robinson,Mitchell,C,,33:10,2.0,4.0,0.5,0.0,0.0,0.0,2.0,4.0,0.5,6.0,6.0,12.0,1.0,3.0,3.0,0.0,5.0,6.0,24.0
22200541,1610612752,NYK,New York,1630540,Miles McBride,Miles,G,,34:41,1.0,10.0,0.1,1.0,8.0,0.125,2.0,2.0,1.0,1.0,1.0,2.0,1.0,1.0,0.0,3.0,2.0,5.0,17.0
22200541,1610612752,NYK,New York,1630193,Immanuel Quickley,Immanuel,G,,40:28,9.0,25.0,0.36,4.0,13.0,0.308,5.0,6.0,0.833,2.0,3.0,5.0,7.0,3.0,0.0,2.0,4.0,27.0,25.0
22200541,1610612752,NYK,New York,1628392,Isaiah Hartenstein,Isaiah,,,14:50,0.0,1.0,0.0,0.0,0.0,0.0,0.0,2.0,0.0,1.0,3.0,4.0,1.0,1.0,0.0,1.0,3.0,0.0,-4.0
22200541,1610612752,NYK,New York,201565,Derrick Rose,Derrick,,,10:54,2.0,5.0,0.4,0.0,3.0,0.0,0.0,0.0,0.0,0.0,1.0,1.0,1.0,0.0,0.0,0.0,0.0,4.0,-4.0
22200541,1610612752,NYK,New York,203095,Evan Fournier,Evan,,,19:42,2.0,8.0,0.25,2.0,6.0,0.333,2.0,2.0,1.0,0.0,1.0,1.0,1.0,0.0,0.0,1.0,0.0,8.0,12.0
22200541,1610612752,NYK,New York,1630579,Jericho Sims,Jericho,,,9:25,2.0,2.0,1.0,0.0,0.0,0.0,0.0,0.0,0.0,2.0,5.0,7.0,0.0,0.0,0.0,0.0,0.0,4.0,-5.0
22200541,1610612752,NYK,New York,1627853,Ryan Arcidiacono,Ryan,,,2:03,0.0,0.0,0.0,0.0,0.0,0.0,0.0,0.0,0.0,0.0,0.0,0.0,0.0,0.0,0.0,0.0,0.0,0.0,0.0
22200541,1610612752,NYK,New York,1629004,Svi Mykhailiuk,Svi,,DNP - Coach's Decision,,,,,,,,,,,,,,,,,,,,
22200541,1610612752,NYK,New York,1629629,Cam Reddish,Cam,,DNP - Coach's Decision,,,,,,,,,,,,,,,,,,,,
22200541,1610612745,HOU,Houston,201569,Eric Gordon,Eric,F,,27:10,5.0,10.0,0.5,2.0,4.0,0.5,0.0,1.0,0.0,0.0,0.0,0.0,3.0,0.0,1.0,4.0,1.0,12.0,-13.0
22200541,1610612745,HOU,Houston,1631095,Jabari Smith Jr.,Jabari,F,,19:33,3.0,8.0,0.375,3.0,6.0,0.5,1.0,2.0,0.5,0.0,2.0,2.0,1.0,0.0,0.0,1.0,4.0,10.0,-12.0
22200541,1610612745,HOU,Houston,1628981,Bruno Fernando,Bruno,C,,21:26,0.0,2.0,0.0,0.0,0.0,0.0,1.0,2.0,0.5,2.0,3.0,5.0,0.0,0.0,2.0,1.0,4.0,1.0,-16.0
22200541,1610612745,HOU,Houston,1630224,Jalen Green,Jalen,G,,34:55,4.0,12.0,0.333,3.0,8.0,0.375,5.0,6.0,0.833,1.0,2.0,3.0,3.0,0.0,0.0,5.0,3.0,16.0,-16.0
22200541,1610612745,HOU,Houston,1629645,Kevin Porter Jr.,Kevin,G,,35:08,7.0,12.0,0.583,4.0,8.0,0.5,5.0,5.0,1.0,0.0,10.0,10.0,8.0,0.0,0.0,5.0,2.0,23.0,-16.0
22200541,1610612745,HOU,Houston,1631106,Tari Eason,Tari,,,23:34,4.0,11.0,0.364,1.0,5.0,0.2,0.0,1.0,0.0,5.0,8.0,13.0,1.0,3.0,1.0,3.0,0.0,9.0,0.0
22200541,1610612745,HOU,Houston,1630586,Usman Garuba,Usman,,,19:31,2.0,5.0,0.4,0.0,3.0,0.0,1.0,2.0,0.5,1.0,7.0,8.0,0.0,0.0,2.0,1.0,2.0,5.0,1.0
22200541,1610612745,HOU,Houston,1630231,KJ Martin,KJ,,,19:35,2.0,5.0,0.4,1.0,3.0,0.333,0.0,0.0,0.0,0.0,3.0,3.0,2.0,1.0,0.0,2.0,2.0,5.0,-1.0
22200541,1610612745,HOU,Houston,1631102,TyTy Washington Jr.,TyTy,,,12:35,0.0,3.0,0.0,0.0,2.0,0.0,1.0,2.0,0.5,0.0,2.0,2.0,0.0,0.0,0.0,0.0,3.0,1.0,-3.0
22200541,1610612745,HOU,Houston,1629726,Garrison Mathews,Garrison,,,12:25,0.0,5.0,0.0,0.0,5.0,0.0,0.0,0.0,0.0,0.0,2.0,2.0,0.0,0.0,0.0,0.0,2.0,0.0,-11.0
22200541,1610612745,HOU,Houston,1626246,Boban Marjanović,Boban,,,8:06,2.0,2.0,1.0,0.0,0.0,0.0,2.0,2.0,1.0,2.0,1.0,3.0,0.0,0.0,0.0,1.0,1.0,6.0,-7.0
22200541,1610612745,HOU,Houston,1630528,Josh Christopher,Josh,,,3:01,0.0,1.0,0.0,0.0,1.0,0.0,0.0,0.0,0.0,0.0,0.0,0.0,1.0,0.0,0.0,0.0,0.0,0.0,-3.0
22200541,1610612745,HOU,Houston,1630227,Daishen Nix,Daishen,,,3:01,0.0,1.0,0.0,0.0,1.0,0.0,0.0,0.0,0.0,1.0,0.0,1.0,1.0,0.0,0.0,1.0,0.0,0.0,-3.0
22200527,1610612752,NYK,New York,1629656,Quentin Grimes,Quentin,F,,36:36,1.0,10.0,0.1,1.0,6.0,0.167,6.0,6.0,1.0,0.0,4.0,4.0,0.0,2.0,0.0,2.0,4.0,9.0,8.0
22200527,1610612752,NYK,New York,203944,Julius Randle,Julius,F,,42:50,14.0,27.0,0.519,6.0,13.0,0.462,7.0,11.0,0.636,3.0,8.0,11.0,7.0,1.0,0.0,4.0,3.0,41.0,-2.0
22200527,1610612752,NYK,New York,1629011,Mitchell Robinson,Mitchell,C,,27:53,0.0,2.0,0.0,0.0,0.0,0.0,0.0,0.0,0.0,3.0,3.0,6.0,2.0,0.0,1.0,0.0,3.0,0.0,9.0
22200527,1610612752,NYK,New York,1630540,Miles McBride,Miles,G,,31:02,3.0,8.0,0.375,2.0,4.0,0.5,1.0,2.0,0.5,0.0,1.0,1.0,2.0,0.0,0.0,2.0,4.0,9.0,2.0
22200527,1610612752,NYK,New York,1630193,Immanuel Quickley,Immanuel,G,,43:15,12.0,27.0,0.444,5.0,12.0,0.417,7.0,8.0,0.875,3.0,4.0,7.0,7.0,1.0,0.0,1.0,3.0,36.0,-12.0
22200527,1610612752,NYK,New York,201565,Derrick Rose,Derrick,,,16:09,1.0,5.0,0.2,0.0,2.0,0.0,1.0,2.0,0.5,0.0,0.0,0.0,1.0,0.0,0.0,1.0,2.0,3.0,-10.0
22200527,1610612752,NYK,New York,1628392,Isaiah Hartenstein,Isaiah,,,14:45,2.0,4.0,0.5,0.0,1.0,0.0,0.0,0.0,0.0,3.0,2.0,5.0,0.0,1.0,0.0,1.0,2.0,4.0,-17.0
22200527,1610612752,NYK,New York,203095,Evan Fournier,Evan,,,16:58,4.0,6.0,0.667,1.0,3.0,0.333,2.0,2.0,1.0,0.0,2.0,2.0,0.0,2.0,0.0,1.0,0.0,11.0,-9.0
22200527,1610612752,NYK,New York,1630579,Jericho Sims,Jericho,,,10:32,1.0,1.0,1.0,0.0,0.0,0.0,0.0,0.0,0.0,1.0,1.0,2.0,1.0,0.0,1.0,0.0,0.0,2.0,-4.0
22200527,1610612752,NYK,New York,1627853,Ryan Arcidiacono,Ryan,,DNP - Coach's Decision,,,,,,,,,,,,,,,,,,,,
22200527,1610612752,NYK,New York,1629004,Svi Mykhailiuk,Svi,,DNP - Coach's Decision,,,,,,,,,,,,,,,,,,,,
22200527,1610612752,NYK,New York,1629629,Cam Reddish,Cam,,DNP - Coach's Decision,,,,,,,,,,,,,,,,,,,,
22200527,1610612759,SAS,San Antonio,1629640,Keldon Johnson,Keldon,F,,31:46,11.0,21.0,0.524,3.0,8.0,0.375,5.0,5.0,1.0,1.0,2.0,3.0,1.0,0.0,2.0,2.0,3.0,30.0,-5.0
22200527,1610612759,SAS,San Antonio,1631110,Jeremy Sochan,Jeremy,F,,27:12,4.0,7.0,0.571,0.0,1.0,0.0,4.0,4.0,1.0,2.0,3.0,5.0,1.0,0.0,1.0,2.0,6.0,12.0,-9.0
22200527,1610612759,SAS,San Antonio,1627751,Jakob Poeltl,Jakob,C,,28:33,3.0,6.0,0.5,0.0,0.0,0.0,3.0,4.0,0.75,4.0,8.0,12.0,2.0,0.0,2.0,0.0,4.0,9.0,-1.0
22200527,1610612759,SAS,San Antonio,1629641,Romeo Langford,Romeo,G,,28:13,11.0,16.0,0.688,1.0,1.0,1.0,0.0,0.0,0.0,3.0,0.0,3.0,2.0,2.0,0.0,1.0,1.0,23.0,-4.0
22200527,1610612759,SAS,San Antonio,1630200,Tre Jones,Tre,G,,33:21,5.0,13.0,0.385,1.0,4.0,0.25,2.0,4.0,0.5,2.0,6.0,8.0,6.0,0.0,1.0,2.0,1.0,13.0,-3.0
22200527,1610612759,SAS,San Antonio,1626169,Stanley Johnson,Stanley,,,16:36,3.0,5.0,0.6,2.0,3.0,0.667,1.0,2.0,0.5,1.0,5.0,6.0,2.0,0.0,0.0,0.0,5.0,9.0,10.0
22200527,1610612759,SAS,San Antonio,1631103,Malaki Branham,Malaki,,,19:12,1.0,7.0,0.143,1.0,4.0,0.25,1.0,2.0,0.5,0.0,1.0,1.0,1.0,1.0,0.0,0.0,0.0,4.0,12.0
22200527,1610612759,SAS,San Antonio,1628380,Zach Collins,Zach,,,17:52,1.0,1.0,1.0,0.0,0.0,0.0,3.0,6.0,0.5,0.0,6.0,6.0,2.0,0.0,1.0,2.0,1.0,5.0,14.0
22200527,1610612759,SAS,San Antonio,203926,Doug McDermott,Doug,,,16:18,3.0,6.0,0.5,2.0,4.0,0.5,0.0,0.0,0.0,0.0,1.0,1.0,4.0,0.0,0.0,1.0,1.0,8.0,18.0
22200527,1610612759,SAS,San Antonio,1626196,Josh Richardson,Josh,,,19:13,3.0,6.0,0.5,1.0,3.0,0.333,2.0,2.0,1.0,1.0,2.0,3.0,4.0,2.0,0.0,0.0,1.0,9.0,8.0
22200527,1610612759,SAS,San Antonio,1628966,Keita Bates-Diop,Keita,,,1:44,0.0,0.0,0.0,0.0,0.0,0.0,0.0,0.0,0.0,0.0,0.0,0.0,0.0,0.0,0.0,1.0,0.0,0.0,-5.0
22200527,1610612759,SAS,San Antonio,203476,Gorgui Dieng,Gorgui,,DNP - Coach's Decision,,,,,,,,,,,,,,,,,,,,
22200527,1610612759,SAS,San Antonio,1629676,Isaiah Roby,Isaiah,,DNP - Coach's Decision,,,,,,,,,,,,,,,,,,,,
22200523,1610612760,OKC,Oklahoma City,1629652,Luguentz Dort,Luguentz,F,,27:36,7.0,13.0,0.538,5.0,7.0,0.714,3.0,3.0,1.0,0.0,1.0,1.0,2.0,2.0,0.0,2.0,5.0,22.0,-7.0
22200523,1610612760,OKC,Oklahoma City,1631114,Jalen Williams,Jalen,F,,27:01,5.0,9.0,0.556,2.0,4.0,0.5,3.0,4.0,0.75,2.0,3.0,5.0,1.0,1.0,0.0,0.0,2.0,15.0,-4.0
22200523,1610612760,OKC,Oklahoma City,1631119,Jaylin Williams,Jaylin,C,,24:19,0.0,5.0,0.0,0.0,1.0,0.0,0.0,0.0,0.0,2.0,8.0,10.0,1.0,0.0,1.0,2.0,5.0,0.0,-10.0
22200523,1610612760,OKC,Oklahoma City,1630581,Josh Giddey,Josh,G,,33:28,7.0,15.0,0.467,0.0,3.0,0.0,7.0,7.0,1.0,3.0,7.0,10.0,3.0,1.0,0.0,3.0,2.0,21.0,-5.0
22200523,1610612760,OKC,Oklahoma City,1628983,Shai Gilgeous-Alexander,Shai,G,,35:59,11.0,23.0,0.478,1.0,3.0,0.333,5.0,7.0,0.714,2.0,1.0,3.0,5.0,2.0,0.0,2.0,4.0,28.0,-9.0
22200523,1610612760,OKC,Oklahoma City,203488,Mike Muscala,Mike,,,19:14,1.0,5.0,0.2,1.0,4.0,0.25,0.0,0.0,0.0,0.0,2.0,2.0,0.0,2.0,0.0,0.0,2.0,3.0,2.0
22200523,1610612760,OKC,Oklahoma City,1630544,Tre Mann,Tre,,,22:53,8.0,19.0,0.421,1.0,9.0,0.111,0.0,0.0,0.0,0.0,3.0,3.0,2.0,0.0,0.0,0.0,0.0,17.0,4.0
22200523,1610612760,OKC,Oklahoma City,1630198,Isaiah Joe,Isaiah,,,12:49,1.0,4.0,0.25,1.0,4.0,0.25,0.0,0.0,0.0,0.0,0.0,0.0,1.0,1.0,0.0,0.0,1.0,3.0,-5.0
22200523,1610612760,OKC,Oklahoma City,1630598,Aaron Wiggins,Aaron,,,17:06,0.0,1.0,0.0,0.0,0.0,0.0,0.0,0.0,0.0,0.0,2.0,2.0,0.0,0.0,0.0,1.0,2.0,0.0,-6.0
22200523,1610612760,OKC,Oklahoma City,1630647,Eugene Omoruyi,Eugene,,,4:27,0.0,1.0,0.0,0.0,0.0,0.0,0.0,0.0,0.0,0.0,0.0,0.0,0.0,0.0,0.0,1.0,2.0,0.0,0.0
22200523,1610612760,OKC,Oklahoma City,1629026,Kenrich Williams,Kenrich,,,15:08,2.0,4.0,0.5,0.0,1.0,0.0,0.0,0.0,0.0,2.0,3.0,5.0,0.0,0.0,0.0,1.0,2.0,4.0,0.0
22200523,1610612760,OKC,Oklahoma City,1629647,Darius Bazley,Darius,,DNP - Coach's Decision,,,,,,,,,,,,,,,,,,,,
22200523,1610612766,CHA,Charlotte,202330,Gordon Hayward,Gordon,F,,36:05,4.0,10.0,0.4,0.0,3.0,0.0,2.0,3.0,0.667,0.0,6.0,6.0,6.0,3.0,0.0,2.0,1.0,10.0,15.0
22200523,1610612766,CHA,Charlotte,1629023,P.J. Washington,P.J.,F,,31:29,10.0,13.0,0.769,3.0,6.0,0.5,2.0,3.0,0.667,0.0,5.0,5.0,3.0,1.0,2.0,3.0,3.0,25.0,12.0
22200523,1610612766,CHA,Charlotte,203486,Mason Plumlee,Mason,C,,26:12,6.0,7.0,0.857,0.0,0.0,0.0,2.0,5.0,0.4,4.0,5.0,9.0,2.0,1.0,1.0,2.0,3.0,14.0,9.0
22200523,1610612766,CHA,Charlotte,1626179,Terry Rozier,Terry,G,,33:42,3.0,11.0,0.273,0.0,5.0,0.0,4.0,6.0,0.667,2.0,2.0,4.0,7.0,0.0,0.0,3.0,1.0,10.0,2.0
22200523,1610612766,CHA,Charlotte,1630163,LaMelo Ball,LaMelo,G,,36:13,9.0,15.0,0.6,5.0,10.0,0.5,4.0,4.0,1.0,2.0,8.0,10.0,9.0,1.0,2.0,3.0,3.0,27.0,14.0
22200523,1610612766,CHA,Charlotte,1626162,Kelly Oubre Jr.,Kelly,,,13:54,2.0,9.0,0.222,0.0,3.0,0.0,2.0,2.0,1.0,0.0,1.0,1.0,0.0,0.0,1.0,1.0,1.0,6.0,-1.0
22200523,1610612766,CHA,Charlotte,1630177,Theo Maledon,Theo,,,11:47,0.0,2.0,0.0,0.0,1.0,0.0,0.0,0.0,0.0,0.0,1.0,1.0,4.0,0.0,0.0,1.0,0.0,0.0,-6.0
22200523,1610612766,CHA,Charlotte,1629667,Jalen McDaniels,Jalen,,,22:02,5.0,7.0,0.714,2.0,3.0,0.667,0.0,1.0,0.0,0.0,3.0,3.0,0.0,0.0,1.0,0.0,2.0,12.0,0.0
22200523,1610612766,CHA,Charlotte,1631109,Mark Williams,Mark,,,21:17,7.0,7.0,1.0,0.0,0.0,0.0,3.0,5.0,0.6,4.0,9.0,13.0,2.0,2.0,2.0,1.0,2.0,17.0,-1.0
22200523,1610612766,CHA,Charlotte,1630550,JT Thor,JT,,,7:20,0.0,3.0,0.0,0.0,1.0,0.0,0.0,0.0,0.0,0.0,0.0,0.0,0.0,0.0,2.0,1.0,1.0,0.0,-4.0
22200523,1610612766,CHA,Charlotte,1630547,James Bouknight,James,,DNP - Coach's Decision,,,,,,,,,,,,,,,,,,,,
22200523,1610612766,CHA,Charlotte,1630539,Kai Jones,Kai,,DNP - Coach's Decision,,,,,,,,,,,,,,,,,,,,
22200523,1610612766,CHA,Charlotte,1630208,Nick Richards,Nick,,DNP - Coach's Decision,,,,,,,,,,,,,,,,,,,,
22200526,1610612763,MEM,Memphis,1628415,Dillon Brooks,Dillon,F,,34:08,7.0,14.0,0.5,4.0,7.0,0.571,7.0,8.0,0.875,1.0,2.0,3.0,6.0,0.0,0.0,0.0,3.0,25.0,20.0
22200526,1610612763,MEM,Memphis,1628991,Jaren Jackson Jr.,Jaren,F,,29:05,7.0,15.0,0.467,1.0,3.0,0.333,0.0,0.0,0.0,3.0,2.0,5.0,3.0,0.0,2.0,2.0,1.0,15.0,6.0
22200526,1610612763,MEM,Memphis,203500,Steven Adams,Steven,C,,32:17,7.0,11.0,0.636,0.0,0.0,0.0,0.0,2.0,0.0,8.0,9.0,17.0,3.0,1.0,0.0,2.0,1.0,14.0,17.0
22200526,1610612763,MEM,Memphis,1630217,Desmond Bane,Desmond,G,,28:31,6.0,13.0,0.462,3.0,7.0,0.429,1.0,1.0,1.0,1.0,4.0,5.0,4.0,2.0,0.0,1.0,6.0,16.0,5.0
22200526,1610612763,MEM,Memphis,1629630,Ja Morant,Ja,G,,35:35,9.0,19.0,0.474,1.0,4.0,0.25,0.0,0.0,0.0,0.0,4.0,4.0,17.0,0.0,1.0,3.0,1.0,19.0,21.0
22200526,1610612763,MEM,Memphis,1630583,Santi Aldama,Santi,,,13:38,2.0,6.0,0.333,1.0,3.0,0.333,1.0,2.0,0.5,1.0,4.0,5.0,1.0,0.0,0.0,1.0,1.0,6.0,3.0
22200526,1610612763,MEM,Memphis,1630533,Ziaire Williams,Ziaire,,,7:30,2.0,2.0,1.0,1.0,1.0,1.0,0.0,0.0,0.0,0.0,0.0,0.0,0.0,0.0,0.0,2.0,2.0,5.0,-3.0
22200526,1610612763,MEM,Memphis,1629634,Brandon Clarke,Brandon,,,15:44,2.0,2.0,1.0,0.0,0.0,0.0,0.0,0.0,0.0,1.0,5.0,6.0,0.0,0.0,0.0,2.0,2.0,4.0,-4.0
22200526,1610612763,MEM,Memphis,1626145,Tyus Jones,Tyus,,,19:46,2.0,6.0,0.333,0.0,1.0,0.0,0.0,0.0,0.0,0.0,1.0,1.0,2.0,1.0,0.0,1.0,1.0,4.0,-5.0
22200526,1610612763,MEM,Memphis,1629723,John Konchar,John,,,23:46,4.0,7.0,0.571,2.0,3.0,0.667,1.0,1.0,1.0,2.0,5.0,7.0,1.0,0.0,1.0,1.0,2.0,11.0,5.0
22200526,1610612763,MEM,Memphis,1631113,Kennedy Chandler,Kennedy,,DNP - Coach's Decision,,,,,,,,,,,,,,,,,,,,
22200526,1610612763,MEM,Memphis,1630214,Xavier Tillman,Xavier,,DNP - Coach's Decision,,,,,,,,,,,,,,,,,,,,
22200526,1610612761,TOR,Toronto,1628384,OG Anunoby,OG,F,,34:34,5.0,17.0,0.294,3.0,8.0,0.375,3.0,3.0,1.0,2.0,1.0,3.0,3.0,2.0,1.0,1.0,4.0,16.0,-29.0
22200526,1610612761,TOR,Toronto,1627783,Pascal Siakam,Pascal,F,,38:11,8.0,19.0,0.421,0.0,1.0,0.0,9.0,11.0,0.818,2.0,8.0,10.0,4.0,2.0,1.0,1.0,6.0,25.0,-24.0
22200526,1610612761,TOR,Toronto,1631132,Christian Koloko,Christian,C,,12:36,2.0,3.0,0.667,0.0,0.0,0.0,0.0,0.0,0.0,1.0,1.0,2.0,1.0,0.0,2.0,1.0,1.0,4.0,-7.0
22200526,1610612761,TOR,Toronto,1627823,Juancho Hernangomez,Juancho,G,,10:59,0.0,2.0,0.0,0.0,2.0,0.0,0.0,0.0,0.0,0.0,2.0,2.0,0.0,1.0,1.0,0.0,0.0,0.0,-11.0
22200526,1610612761,TOR,Toronto,1630567,Scottie Barnes,Scottie,G,,34:59,7.0,18.0,0.389,0.0,1.0,0.0,0.0,1.0,0.0,7.0,3.0,10.0,4.0,3.0,1.0,2.0,3.0,14.0,-6.0
22200526,1610612761,TOR,Toronto,1629018,Gary Trent Jr.,Gary,,,31:46,7.0,13.0,0.538,5.0,7.0,0.714,1.0,2.0,0.5,0.0,2.0,2.0,2.0,2.0,0.0,0.0,1.0,20.0,-9.0
22200526,1610612761,TOR,Toronto,1630201,Malachi Flynn,Malachi,,,30:13,2.0,12.0,0.167,1.0,7.0,0.143,1.0,2.0,0.5,2.0,6.0,8.0,5.0,0.0,0.0,0.0,2.0,6.0,5.0
22200526,1610612761,TOR,Toronto,203920,Khem Birch,Khem,,,11:28,1.0,1.0,1.0,0.0,0.0,0.0,0.0,0.0,0.0,0.0,1.0,1.0,0.0,0.0,0.0,2.0,3.0,2.0,-2.0
22200526,1610612761,TOR,Toronto,1628449,Chris Boucher,Chris,,,22:05,5.0,7.0,0.714,1.0,2.0,0.5,2.0,3.0,0.667,3.0,4.0,7.0,0.0,0.0,1.0,0.0,0.0,13.0,10.0
22200526,1610612761,TOR,Toronto,1630288,Jeff Dowtin Jr.,Jeff,,,13:09,2.0,4.0,0.5,0.0,0.0,0.0,2.0,2.0,1.0,0.0,2.0,2.0,2.0,1.0,0.0,1.0,0.0,6.0,8.0
22200526,1610612761,TOR,Toronto,1630551,Justin Champagnie,Justin,,DNP - Coach's Decision,,,,,,,,,,,,,,,,,,,,
22200526,1610612761,TOR,Toronto,201152,Thaddeus Young,Thaddeus,,DNP - Coach's Decision,,,,,,,,,,,,,,,,,,,,
22200528,1610612745,HOU,Houston,201569,Eric Gordon,Eric,F,,26:47,0.0,7.0,0.0,0.0,3.0,0.0,4.0,6.0,0.667,0.0,3.0,3.0,1.0,0.0,0.0,0.0,1.0,4.0,-13.0
22200528,1610612745,HOU,Houston,1631095,Jabari Smith Jr.,Jabari,F,,27:26,7.0,13.0,0.538,0.0,4.0,0.0,2.0,2.0,1.0,2.0,2.0,4.0,1.0,1.0,0.0,1.0,2.0,16.0,-13.0
22200528,1610612745,HOU,Houston,1630578,Alperen Sengun,Alperen,C,,16:50,3.0,7.0,0.429,0.0,1.0,0.0,5.0,6.0,0.833,3.0,3.0,6.0,1.0,0.0,0.0,1.0,5.0,11.0,-14.0
22200528,1610612745,HOU,Houston,1629645,Kevin Porter Jr.,Kevin,G,,34:08,4.0,12.0,0.333,4.0,7.0,0.571,5.0,6.0,0.833,0.0,4.0,4.0,7.0,1.0,0.0,4.0,2.0,17.0,-21.0
22200528,1610612745,HOU,Houston,1630224,Jalen Green,Jalen,G,,31:58,7.0,15.0,0.467,4.0,7.0,0.571,5.0,8.0,0.625,0.0,4.0,4.0,4.0,0.0,0.0,3.0,1.0,23.0,-16.0
22200528,1610612745,HOU,Houston,1630231,KJ Martin,KJ,,,17:12,2.0,3.0,0.667,0.0,1.0,0.0,0.0,0.0,0.0,0.0,4.0,4.0,0.0,0.0,0.0,2.0,3.0,4.0,-4.0
22200528,1610612745,HOU,Houston,1630586,Usman Garuba,Usman,,,19:46,4.0,5.0,0.8,1.0,2.0,0.5,0.0,1.0,0.0,4.0,5.0,9.0,1.0,2.0,0.0,0.0,2.0,9.0,7.0
22200528,1610612745,HOU,Houston,1631102,TyTy Washington Jr.,TyTy,,,13:52,1.0,6.0,0.167,0.0,3.0,0.0,1.0,2.0,0.5,0.0,0.0,0.0,1.0,0.0,0.0,0.0,1.0,3.0,6.0
22200528,1610612745,HOU,Houston,1631106,Tari Eason,Tari,,,18:17,3.0,7.0,0.429,0.0,1.0,0.0,0.0,0.0,0.0,1.0,7.0,8.0,1.0,0.0,0.0,1.0,3.0,6.0,-8.0
22200528,1610612745,HOU,Houston,1629726,Garrison Mathews,Garrison,,,15:53,1.0,3.0,0.333,1.0,3.0,0.333,2.0,2.0,1.0,0.0,3.0,3.0,1.0,1.0,0.0,0.0,2.0,5.0,-5.0
22200528,1610612745,HOU,Houston,1628981,Bruno Fernando,Bruno,,,9:31,1.0,2.0,0.5,0.0,0.0,0.0,1.0,2.0,0.5,0.0,0.0,0.0,0.0,0.0,0.0,0.0,1.0,3.0,-10.0
22200528,1610612745,HOU,Houston,1630227,Daishen Nix,Daishen,,,4:10,2.0,2.0,1.0,2.0,2.0,1.0,1.0,2.0,0.5,0.0,0.0,0.0,2.0,0.0,0.0,0.0,0.0,7.0,8.0
22200528,1610612745,HOU,Houston,1626246,Boban Marjanović,Boban,,,4:10,3.0,4.0,0.75,0.0,0.0,0.0,0.0,0.0,0.0,2.0,1.0,3.0,1.0,0.0,0.0,0.0,0.0,6.0,8.0
22200528,1610612745,HOU,Houston,1630528,Josh Christopher,Josh,,DNP - Coach's Decision,,,,,,,,,,,,,,,,,,,,
22200528,1610612742,DAL,Dallas,1628373,Frank Ntilikina,Frank,F,,18:48,1.0,4.0,0.25,0.0,3.0,0.0,0.0,0.0,0.0,0.0,3.0,3.0,2.0,0.0,0.0,1.0,2.0,2.0,14.0
22200528,1610612742,DAL,Dallas,203501,Tim Hardaway Jr.,Tim,F,,32:52,5.0,14.0,0.357,3.0,8.0,0.375,5.0,6.0,0.833,1.0,3.0,4.0,1.0,3.0,0.0,0.0,4.0,18.0,23.0
22200528,1610612742,DAL,Dallas,1626174,Christian Wood,Christian,C,,21:03,8.0,15.0,0.533,5.0,8.0,0.625,0.0,1.0,0.0,1.0,5.0,6.0,1.0,0.0,4.0,1.0,5.0,21.0,10.0
22200528,1610612742,DAL,Dallas,203915,Spencer Dinwiddie,Spencer,G,,34:53,6.0,8.0,0.75,3.0,5.0,0.6,0.0,0.0,0.0,0.0,4.0,4.0,6.0,1.0,0.0,1.0,2.0,15.0,19.0
22200528,1610612742,DAL,Dallas,1629029,Luka Dončić,Luka,G,,34:17,11.0,21.0,0.524,4.0,9.0,0.444,9.0,12.0,0.75,1.0,11.0,12.0,13.0,1.0,2.0,2.0,1.0,35.0,19.0
22200528,1610612742,DAL,Dallas,202689,Kemba Walker,Kemba,,,12:57,1.0,3.0,0.333,1.0,2.0,0.5,0.0,0.0,0.0,0.0,0.0,0.0,2.0,0.0,0.0,0.0,0.0,3.0,-7.0
22200528,1610612742,DAL,Dallas,203939,Dwight Powell,Dwight,,,21:19,8.0,8.0,1.0,0.0,0.0,0.0,3.0,5.0,0.6,3.0,3.0,6.0,1.0,1.0,2.0,1.0,4.0,19.0,13.0
22200528,1610612742,DAL,Dallas,202722,Dāvis Bertāns,Dāvis,,,16:19,2.0,6.0,0.333,0.0,4.0,0.0,0.0,0.0,0.0,0.0,2.0,2.0,0.0,0.0,0.0,0.0,1.0,4.0,2.0
22200528,1610612742,DAL,Dallas,1630702,Jaden Hardy,Jaden,,,12:06,1.0,3.0,0.333,1.0,3.0,0.333,0.0,0.0,0.0,0.0,3.0,3.0,0.0,0.0,0.0,1.0,3.0,3.0,-7.0
22200528,1610612742,DAL,Dallas,1630593,McKinley Wright IV,McKinley,,,23:13,1.0,1.0,1.0,0.0,0.0,0.0,0.0,1.0,0.0,0.0,2.0,2.0,3.0,1.0,0.0,1.0,2.0,2.0,9.0
22200528,1610612742,DAL,Dallas,201580,JaVale McGee,JaVale,,,5:38,2.0,5.0,0.4,0.0,0.0,0.0,0.0,0.0,0.0,0.0,1.0,1.0,1.0,0.0,0.0,0.0,1.0,4.0,-8.0
22200528,1610612742,DAL,Dallas,1629033,Theo Pinson,Theo,,,5:38,1.0,2.0,0.5,1.0,2.0,0.5,0.0,0.0,0.0,0.0,1.0,1.0,0.0,0.0,0.0,0.0,1.0,3.0,-8.0
22200528,1610612742,DAL,Dallas,1630639,A.J. Lawson,A.J.,,,0:57,0.0,1.0,0.0,0.0,1.0,0.0,0.0,0.0,0.0,0.0,0.0,0.0,0.0,0.0,0.0,0.0,0.0,0.0,-4.0
22200521,1610612762,UTA,Utah,1628374,Lauri Markkanen,Lauri,F,,35:48,10.0,22.0,0.455,7.0,13.0,0.538,2.0,3.0,0.667,2.0,14.0,16.0,1.0,1.0,0.0,2.0,1.0,29.0,2.0
22200521,1610612762,UTA,Utah,203482,Kelly Olynyk,Kelly,F,,25:33,2.0,7.0,0.286,1.0,2.0,0.5,4.0,6.0,0.667,1.0,5.0,6.0,2.0,0.0,2.0,2.0,1.0,9.0,3.0
22200521,1610612762,UTA,Utah,1629020,Jarred Vanderbilt,Jarred,C,,27:32,4.0,8.0,0.5,0.0,1.0,0.0,2.0,2.0,1.0,2.0,7.0,9.0,2.0,1.0,1.0,0.0,1.0,10.0,0.0
22200521,1610612762,UTA,Utah,203903,Jordan Clarkson,Jordan,G,,34:18,8.0,14.0,0.571,3.0,8.0,0.375,3.0,5.0,0.6,0.0,3.0,3.0,2.0,0.0,0.0,3.0,2.0,22.0,-5.0
22200521,1610612762,UTA,Utah,201144,Mike Conley,Mike,G,,32:19,2.0,11.0,0.182,1.0,8.0,0.125,0.0,0.0,0.0,0.0,2.0,2.0,10.0,1.0,0.0,3.0,5.0,5.0,0.0
22200521,1610612762,UTA,Utah,1631117,Walker Kessler,Walker,,,20:09,2.0,4.0,0.5,0.0,0.0,0.0,2.0,4.0,0.5,3.0,3.0,6.0,1.0,0.0,3.0,0.0,1.0,6.0,-4.0
22200521,1610612762,UTA,Utah,1629012,Collin Sexton,Collin,,,16:15,3.0,7.0,0.429,1.0,2.0,0.5,4.0,4.0,1.0,2.0,0.0,2.0,4.0,0.0,0.0,1.0,4.0,11.0,-1.0
22200521,1610612762,UTA,Utah,1627736,Malik Beasley,Malik,,,22:46,3.0,12.0,0.25,1.0,8.0,0.125,0.0,0.0,0.0,0.0,3.0,3.0,1.0,0.0,0.0,0.0,3.0,7.0,-9.0
22200521,1610612762,UTA,Utah,200752,Rudy Gay,Rudy,,,15:12,1.0,2.0,0.5,0.0,1.0,0.0,0.0,0.0,0.0,0.0,1.0,1.0,0.0,0.0,0.0,0.0,1.0,2.0,-2.0
22200521,1610612762,UTA,Utah,1629638,Nickeil Alexander-Walker,Nickeil,,,10:08,2.0,4.0,0.5,1.0,3.0,0.333,1.0,2.0,0.5,0.0,2.0,2.0,3.0,0.0,0.0,1.0,3.0,6.0,-9.0
22200521,1610612762,UTA,Utah,1630534,Ochai Agbaji,Ochai,,DNP - Coach's Decision,,,,,,,,,,,,,,,,,,,,
22200521,1610612762,UTA,Utah,1628962,Udoka Azubuike,Udoka,,DNP - Coach's Decision,,,,,,,,,,,,,,,,,,,,
22200521,1610612762,UTA,Utah,1630195,Leandro Bolmaro,Leandro,,DNP - Coach's Decision,,,,,,,,,,,,,,,,,,,,
22200521,1610612762,UTA,Utah,1631323,Simone Fontecchio,Simone,,DNP - Coach's Decision,,,,,,,,,,,,,,,,,,,,
22200521,1610612762,UTA,Utah,1629659,Talen Horton-Tucker,Talen,,DNP - Coach's Decision,,,,,,,,,,,,,,,,,,,,
22200521,1610612744,GSW,Golden State,1630237,Anthony Lamb,Anthony,F,,25:33,3.0,8.0,0.375,1.0,5.0,0.2,3.0,3.0,1.0,0.0,4.0,4.0,3.0,0.0,0.0,0.0,0.0,10.0,-1.0
22200521,1610612744,GSW,Golden State,203110,Draymond Green,Draymond,F,,29:51,2.0,7.0,0.286,2.0,6.0,0.333,0.0,0.0,0.0,2.0,7.0,9.0,5.0,0.0,3.0,1.0,2.0,6.0,6.0
22200521,1610612744,GSW,Golden State,1626172,Kevon Looney,Kevon,C,,26:04,3.0,3.0,1.0,0.0,0.0,0.0,0.0,0.0,0.0,2.0,10.0,12.0,5.0,0.0,0.0,1.0,2.0,6.0,0.0
22200521,1610612744,GSW,Golden State,1628978,Donte DiVincenzo,Donte,G,,38:60,5.0,11.0,0.455,5.0,9.0,0.556,4.0,4.0,1.0,1.0,3.0,4.0,2.0,2.0,0.0,1.0,3.0,19.0,5.0
22200521,1610612744,GSW,Golden State,1629673,Jordan Poole,Jordan,G,,35:49,7.0,22.0,0.318,2.0,10.0,0.2,10.0,12.0,0.833,0.0,3.0,3.0,1.0,0.0,0.0,6.0,4.0,26.0,-1.0
22200521,1610612744,GSW,Golden State,1630541,Moses Moody,Moses,,,12:56,1.0,2.0,0.5,1.0,2.0,0.5,1.0,2.0,0.5,0.0,0.0,0.0,1.0,1.0,0.0,0.0,2.0,4.0,-3.0
22200521,1610612744,GSW,Golden State,1630228,Jonathan Kuminga,Jonathan,,,21:08,3.0,9.0,0.333,0.0,1.0,0.0,3.0,5.0,0.6,3.0,2.0,5.0,3.0,1.0,0.0,2.0,6.0,9.0,1.0
22200521,1610612744,GSW,Golden State,1629660,Ty Jerome,Ty,,,29:41,7.0,14.0,0.5,2.0,7.0,0.286,1.0,1.0,1.0,0.0,7.0,7.0,2.0,1.0,0.0,0.0,5.0,17.0,7.0
22200521,1610612744,GSW,Golden State,1630164,James Wiseman,James,,,7:20,2.0,4.0,0.5,0.0,0.0,0.0,0.0,0.0,0.0,2.0,2.0,4.0,0.0,0.0,0.0,0.0,1.0,4.0,-2.0
22200521,1610612744,GSW,Golden State,1631116,Patrick Baldwin Jr.,Patrick,,,12:38,4.0,7.0,0.571,3.0,5.0,0.6,0.0,0.0,0.0,0.0,3.0,3.0,0.0,1.0,0.0,1.0,1.0,11.0,13.0
22200521,1610612744,GSW,Golden State,1631157,Ryan Rollins,Ryan,,DNP - Coach's Decision,,,,,,,,,,,,,,,,,,,,
22200511,1610612759,SAS,San Antonio,1629640,Keldon Johnson,Keldon,F,,30:44,7.0,18.0,0.389,2.0,6.0,0.333,3.0,4.0,0.75,0.0,3.0,3.0,2.0,0.0,0.0,2.0,1.0,19.0,-4.0
22200511,1610612759,SAS,San Antonio,1631110,Jeremy Sochan,Jeremy,F,,30:02,7.0,16.0,0.438,0.0,2.0,0.0,2.0,2.0,1.0,5.0,4.0,9.0,4.0,1.0,2.0,2.0,2.0,16.0,-2.0
22200511,1610612759,SAS,San Antonio,1627751,Jakob Poeltl,Jakob,C,,26:02,4.0,4.0,1.0,0.0,0.0,0.0,2.0,3.0,0.667,1.0,5.0,6.0,2.0,0.0,1.0,3.0,4.0,10.0,-3.0
22200511,1610612759,SAS,San Antonio,1630170,Devin Vassell,Devin,G,,29:44,8.0,15.0,0.533,4.0,6.0,0.667,0.0,0.0,0.0,0.0,3.0,3.0,2.0,1.0,0.0,2.0,2.0,20.0,-16.0
22200511,1610612759,SAS,San Antonio,1630200,Tre Jones,Tre,G,,28:43,6.0,13.0,0.462,1.0,6.0,0.167,1.0,1.0,1.0,2.0,2.0,4.0,5.0,4.0,0.0,3.0,3.0,14.0,-14.0
22200511,1610612759,SAS,San Antonio,1631103,Malaki Branham,Malaki,,,22:31,2.0,5.0,0.4,1.0,2.0,0.5,0.0,0.0,0.0,0.0,2.0,2.0,1.0,1.0,0.0,1.0,2.0,5.0,-3.0
22200511,1610612759,SAS,San Antonio,1626196,Josh Richardson,Josh,,,25:51,3.0,10.0,0.3,1.0,4.0,0.25,2.0,2.0,1.0,1.0,1.0,2.0,1.0,1.0,0.0,1.0,1.0,9.0,-18.0
22200511,1610612759,SAS,San Antonio,1628380,Zach Collins,Zach,,,19:25,4.0,7.0,0.571,1.0,1.0,1.0,2.0,2.0,1.0,5.0,3.0,8.0,0.0,0.0,1.0,0.0,2.0,11.0,-17.0
22200511,1610612759,SAS,San Antonio,1626169,Stanley Johnson,Stanley,,,13:47,3.0,6.0,0.5,0.0,0.0,0.0,0.0,0.0,0.0,0.0,1.0,1.0,2.0,1.0,0.0,0.0,3.0,6.0,-12.0
22200511,1610612759,SAS,San Antonio,1629641,Romeo Langford,Romeo,,,8:05,0.0,3.0,0.0,0.0,2.0,0.0,0.0,0.0,0.0,0.0,0.0,0.0,1.0,0.0,0.0,0.0,0.0,0.0,1.0
22200511,1610612759,SAS,San Antonio,1629676,Isaiah Roby,Isaiah,,,2:33,1.0,1.0,1.0,0.0,0.0,0.0,0.0,0.0,0.0,1.0,0.0,1.0,0.0,0.0,0.0,0.0,0.0,2.0,4.0
22200511,1610612759,SAS,San Antonio,1629646,Charles Bassey,Charles,,,2:33,1.0,1.0,1.0,0.0,0.0,0.0,0.0,0.0,0.0,1.0,1.0,2.0,0.0,0.0,0.0,0.0,1.0,2.0,4.0
22200511,1610612759,SAS,San Antonio,1628966,Keita Bates-Diop,Keita,,DNP - Coach's Decision,,,,,,,,,,,,,,,,,,,,
22200511,1610612759,SAS,San Antonio,203476,Gorgui Dieng,Gorgui,,DNP - Coach's Decision,,,,,,,,,,,,,,,,,,,,
22200511,1610612760,OKC,Oklahoma City,1629652,Luguentz Dort,Luguentz,F,,22:12,4.0,9.0,0.444,1.0,4.0,0.25,0.0,0.0,0.0,0.0,1.0,1.0,1.0,1.0,0.0,0.0,3.0,9.0,-2.0
22200511,1610612760,OKC,Oklahoma City,1631114,Jalen Williams,Jalen,F,,30:54,7.0,12.0,0.583,0.0,1.0,0.0,1.0,1.0,1.0,2.0,7.0,9.0,3.0,1.0,2.0,0.0,2.0,15.0,14.0
22200511,1610612760,OKC,Oklahoma City,1630197,Aleksej Pokusevski,Aleksej,C,,1:56,1.0,1.0,1.0,1.0,1.0,1.0,0.0,0.0,0.0,0.0,1.0,1.0,0.0,0.0,1.0,0.0,0.0,3.0,2.0
22200511,1610612760,OKC,Oklahoma City,1630581,Josh Giddey,Josh,G,,23:03,3.0,11.0,0.273,1.0,1.0,1.0,0.0,0.0,0.0,2.0,5.0,7.0,8.0,1.0,1.0,2.0,0.0,7.0,8.0
22200511,1610612760,OKC,Oklahoma City,1628983,Shai Gilgeous-Alexander,Shai,G,,33:24,9.0,14.0,0.643,0.0,0.0,0.0,10.0,11.0,0.909,1.0,5.0,6.0,8.0,2.0,4.0,4.0,2.0,28.0,11.0
22200511,1610612760,OKC,Oklahoma City,1629647,Darius Bazley,Darius,,,21:45,2.0,4.0,0.5,1.0,2.0,0.5,2.0,6.0,0.333,1.0,1.0,2.0,0.0,0.0,1.0,2.0,1.0,7.0,-8.0
22200511,1610612760,OKC,Oklahoma City,1630544,Tre Mann,Tre,,,28:11,5.0,11.0,0.455,3.0,6.0,0.5,4.0,4.0,1.0,0.0,1.0,1.0,3.0,1.0,0.0,1.0,2.0,17.0,13.0
22200511,1610612760,OKC,Oklahoma City,203488,Mike Muscala,Mike,,,21:22,5.0,8.0,0.625,3.0,5.0,0.6,6.0,6.0,1.0,2.0,4.0,6.0,2.0,1.0,1.0,0.0,1.0,19.0,16.0
22200511,1610612760,OKC,Oklahoma City,1630198,Isaiah Joe,Isaiah,,,15:16,2.0,3.0,0.667,1.0,2.0,0.5,1.0,2.0,0.5,0.0,1.0,1.0,0.0,2.0,0.0,0.0,1.0,6.0,5.0
22200511,1610612760,OKC,Oklahoma City,1630598,Aaron Wiggins,Aaron,,,24:07,5.0,9.0,0.556,1.0,1.0,1.0,1.0,1.0,1.0,4.0,2.0,6.0,0.0,1.0,0.0,3.0,2.0,12.0,13.0
22200511,1610612760,OKC,Oklahoma City,1629026,Kenrich Williams,Kenrich,,,17:50,3.0,4.0,0.75,1.0,1.0,1.0,0.0,0.0,0.0,1.0,4.0,5.0,0.0,0.0,0.0,0.0,4.0,7.0,8.0
22200508,1610612737,ATL,Atlanta,203992,Bogdan Bogdanović,Bogdan,F,,32:25,7.0,12.0,0.583,3.0,5.0,0.6,1.0,2.0,0.5,1.0,3.0,4.0,3.0,1.0,1.0,1.0,2.0,18.0,-19.0
22200508,1610612737,ATL,Atlanta,1628381,John Collins,John,F,,29:40,11.0,17.0,0.647,3.0,6.0,0.5,1.0,3.0,0.333,2.0,8.0,10.0,0.0,0.0,1.0,1.0,6.0,26.0,-15.0
22200508,1610612737,ATL,Atlanta,1630168,Onyeka Okongwu,Onyeka,C,,20:42,3.0,5.0,0.6,0.0,0.0,0.0,0.0,0.0,0.0,3.0,5.0,8.0,0.0,1.0,0.0,1.0,5.0,6.0,-9.0
22200508,1610612737,ATL,Atlanta,1627749,Dejounte Murray,Dejounte,G,,34:44,4.0,12.0,0.333,1.0,3.0,0.333,5.0,6.0,0.833,0.0,2.0,2.0,3.0,1.0,0.0,1.0,1.0,14.0,-20.0
22200508,1610612737,ATL,Atlanta,1629027,Trae Young,Trae,G,,34:06,5.0,15.0,0.333,3.0,6.0,0.5,9.0,10.0,0.9,0.0,3.0,3.0,10.0,0.0,1.0,4.0,1.0,22.0,-15.0
22200508,1610612737,ATL,Atlanta,203200,Justin Holiday,Justin,,,6:51,1.0,5.0,0.2,1.0,3.0,0.333,0.0,0.0,0.0,1.0,1.0,2.0,1.0,0.0,0.0,0.0,0.0,3.0,-8.0
22200508,1610612737,ATL,Atlanta,1626163,Frank Kaminsky,Frank,,,8:25,2.0,3.0,0.667,0.0,1.0,0.0,0.0,0.0,0.0,0.0,1.0,1.0,1.0,0.0,0.0,0.0,0.0,4.0,1.0
22200508,1610612737,ATL,Atlanta,1628988,Aaron Holiday,Aaron,,,11:18,0.0,2.0,0.0,0.0,0.0,0.0,0.0,0.0,0.0,1.0,0.0,1.0,2.0,0.0,0.0,0.0,1.0,0.0,-1.0
22200508,1610612737,ATL,Atlanta,1631100,AJ Griffin,AJ,,,27:20,4.0,10.0,0.4,1.0,4.0,0.25,0.0,0.0,0.0,0.0,1.0,1.0,1.0,0.0,0.0,1.0,0.0,9.0,-6.0
22200508,1610612737,ATL,Atlanta,1630552,Jalen Johnson,Jalen,,,21:28,1.0,3.0,0.333,0.0,1.0,0.0,6.0,8.0,0.75,1.0,7.0,8.0,5.0,1.0,0.0,0.0,3.0,8.0,2.0
22200508,1610612737,ATL,Atlanta,1630235,Trent Forrest,Trent,,,4:31,1.0,2.0,0.5,0.0,0.0,0.0,0.0,0.0,0.0,0.0,0.0,0.0,0.0,0.0,0.0,0.0,0.0,2.0,5.0
22200508,1610612737,ATL,Atlanta,1630249,Vít Krejčí,Vít,,,4:15,1.0,2.0,0.5,0.0,1.0,0.0,0.0,0.0,0.0,0.0,1.0,1.0,0.0,0.0,0.0,0.0,0.0,2.0,5.0
22200508,1610612737,ATL,Atlanta,1631213,Tyrese Martin,Tyrese,,,4:15,0.0,1.0,0.0,0.0,0.0,0.0,0.0,0.0,0.0,0.0,1.0,1.0,0.0,0.0,0.0,0.0,0.0,0.0,5.0
22200508,1610612754,IND,Indiana,1627741,Buddy Hield,Buddy,F,,29:45,11.0,16.0,0.688,6.0,7.0,0.857,0.0,0.0,0.0,1.0,8.0,9.0,2.0,0.0,0.0,0.0,0.0,28.0,11.0
22200508,1610612754,IND,Indiana,1630174,Aaron Nesmith,Aaron,F,,19:23,0.0,6.0,0.0,0.0,4.0,0.0,3.0,3.0,1.0,1.0,5.0,6.0,2.0,0.0,1.0,0.0,6.0,3.0,4.0
22200508,1610612754,IND,Indiana,1626167,Myles Turner,Myles,C,,24:54,6.0,11.0,0.545,0.0,2.0,0.0,6.0,8.0,0.75,2.0,4.0,6.0,1.0,0.0,1.0,1.0,2.0,18.0,10.0
22200508,1610612754,IND,Indiana,1629614,Andrew Nembhard,Andrew,G,,26:57,2.0,6.0,0.333,1.0,2.0,0.5,0.0,0.0,0.0,0.0,3.0,3.0,5.0,2.0,0.0,1.0,1.0,5.0,-5.0
22200508,1610612754,IND,Indiana,1630169,Tyrese Haliburton,Tyrese,G,,30:15,9.0,16.0,0.563,3.0,8.0,0.375,2.0,3.0,0.667,1.0,2.0,3.0,7.0,1.0,0.0,1.0,0.0,23.0,10.0
22200508,1610612754,IND,Indiana,1631097,Bennedict Mathurin,Bennedict,,,25:33,6.0,10.0,0.6,0.0,4.0,0.0,6.0,6.0,1.0,0.0,2.0,2.0,3.0,0.0,0.0,2.0,2.0,18.0,11.0
22200508,1610612754,IND,Indiana,204456,T.J. McConnell,T.J.,,,20:40,3.0,7.0,0.429,0.0,0.0,0.0,0.0,0.0,0.0,1.0,4.0,5.0,6.0,0.0,0.0,2.0,0.0,6.0,5.0
22200508,1610612754,IND,Indiana,1630188,Jalen Smith,Jalen,,,20:28,4.0,6.0,0.667,0.0,1.0,0.0,1.0,1.0,1.0,1.0,6.0,7.0,0.0,0.0,0.0,1.0,2.0,9.0,9.0
22200508,1610612754,IND,Indiana,1630537,Chris Duarte,Chris,,,14:42,1.0,6.0,0.167,1.0,4.0,0.25,0.0,0.0,0.0,0.0,2.0,2.0,1.0,0.0,0.0,0.0,2.0,3.0,4.0
22200508,1610612754,IND,Indiana,1629052,Oshae Brissett,Oshae,,,19:30,5.0,6.0,0.833,2.0,3.0,0.667,4.0,6.0,0.667,0.0,5.0,5.0,1.0,0.0,0.0,2.0,1.0,16.0,28.0
22200508,1610612754,IND,Indiana,201949,James Johnson,James,,,2:38,0.0,0.0,0.0,0.0,0.0,0.0,0.0,0.0,0.0,0.0,0.0,0.0,0.0,0.0,0.0,0.0,0.0,0.0,-4.0
22200508,1610612754,IND,Indiana,1630543,Isaiah Jackson,Isaiah,,,2:38,0.0,1.0,0.0,0.0,0.0,0.0,0.0,0.0,0.0,0.0,1.0,1.0,0.0,0.0,0.0,0.0,0.0,0.0,-4.0
22200508,1610612754,IND,Indiana,1630678,Terry Taylor,Terry,,,2:38,0.0,1.0,0.0,0.0,0.0,0.0,0.0,0.0,0.0,0.0,0.0,0.0,0.0,0.0,0.0,0.0,0.0,0.0,-4.0
22200508,1610612754,IND,Indiana,1629048,Goga Bitadze,Goga,,DNP - Coach's Decision,,,,,,,,,,,,,,,,,,,,
22200489,1610612757,POR,Portland,1628404,Josh Hart,Josh,F,,37:05,6.0,8.0,0.75,0.0,2.0,0.0,2.0,2.0,1.0,2.0,9.0,11.0,6.0,1.0,0.0,3.0,2.0,14.0,-3.0
22200489,1610612757,POR,Portland,203924,Jerami Grant,Jerami,F,,37:20,7.0,13.0,0.538,3.0,6.0,0.5,3.0,5.0,0.6,2.0,5.0,7.0,2.0,1.0,0.0,2.0,3.0,20.0,-10.0
22200489,1610612757,POR,Portland,203994,Jusuf Nurkić,Jusuf,C,,21:27,4.0,10.0,0.4,1.0,2.0,0.5,2.0,4.0,0.5,2.0,5.0,7.0,3.0,1.0,2.0,4.0,6.0,11.0,-4.0
22200489,1610612757,POR,Portland,1629014,Anfernee Simons,Anfernee,G,,38:52,6.0,22.0,0.273,1.0,10.0,0.1,1.0,2.0,0.5,1.0,0.0,1.0,3.0,0.0,0.0,2.0,4.0,14.0,-11.0
22200489,1610612757,POR,Portland,203081,Damian Lillard,Damian,G,,38:36,10.0,22.0,0.455,4.0,11.0,0.364,10.0,10.0,1.0,2.0,5.0,7.0,8.0,0.0,0.0,0.0,2.0,34.0,-3.0
22200489,1610612757,POR,Portland,1629234,Drew Eubanks,Drew,,,26:33,1.0,2.0,0.5,0.0,0.0,0.0,0.0,0.0,0.0,2.0,3.0,5.0,0.0,0.0,1.0,1.0,2.0,2.0,-9.0
22200489,1610612757,POR,Portland,1631101,Shaedon Sharpe,Shaedon,,,13:39,1.0,3.0,0.333,0.0,1.0,0.0,0.0,0.0,0.0,1.0,0.0,1.0,0.0,0.0,0.0,0.0,2.0,2.0,-14.0
22200489,1610612757,POR,Portland,1630570,Trendon Watford,Trendon,,,10:40,2.0,3.0,0.667,0.0,1.0,0.0,0.0,0.0,0.0,1.0,2.0,3.0,0.0,0.0,0.0,0.0,0.0,4.0,-3.0
22200489,1610612757,POR,Portland,1630553,Keon Johnson,Keon,,,15:49,2.0,4.0,0.5,0.0,2.0,0.0,2.0,3.0,0.667,0.0,1.0,1.0,2.0,2.0,0.0,1.0,0.0,6.0,-8.0
22200489,1610612757,POR,Portland,1630535,Greg Brown III,Greg,,DNP - Coach's Decision,,,,,,,,,,,,,,,,,,,,
22200489,1610612757,POR,Portland,1627780,Gary Payton II,Gary,,DND-Return to Competition Reconditioning,,,,,,,,,,,,,,,,,,,,
22200489,1610612757,POR,Portland,1631133,Jabari Walker,Jabari,,DNP - Coach's Decision,,,,,,,,,,,,,,,,,,,,
22200489,1610612743,DEN,Denver,1629008,Michael Porter Jr.,Michael,F,,26:59,7.0,13.0,0.538,2.0,6.0,0.333,2.0,3.0,0.667,1.0,4.0,5.0,2.0,1.0,0.0,1.0,2.0,18.0,1.0
22200489,1610612743,DEN,Denver,203932,Aaron Gordon,Aaron,F,,31:58,6.0,9.0,0.667,0.0,1.0,0.0,1.0,3.0,0.333,0.0,6.0,6.0,1.0,0.0,1.0,1.0,0.0,13.0,10.0
22200489,1610612743,DEN,Denver,203999,Nikola Jokić,Nikola,C,,35:43,12.0,21.0,0.571,0.0,0.0,0.0,5.0,8.0,0.625,2.0,6.0,8.0,11.0,2.0,0.0,2.0,4.0,29.0,9.0
22200489,1610612743,DEN,Denver,203484,Kentavious Caldwell-Pope,Kentavious,G,,34:11,5.0,8.0,0.625,3.0,5.0,0.6,1.0,2.0,0.5,0.0,2.0,2.0,0.0,2.0,0.0,0.0,2.0,14.0,6.0
22200489,1610612743,DEN,Denver,1627750,Jamal Murray,Jamal,G,,39:19,9.0,17.0,0.529,3.0,5.0,0.6,4.0,6.0,0.667,0.0,8.0,8.0,12.0,2.0,0.0,3.0,2.0,25.0,19.0
22200489,1610612743,DEN,Denver,1628971,Bruce Brown,Bruce,,,27:16,4.0,6.0,0.667,1.0,2.0,0.5,0.0,0.0,0.0,0.0,3.0,3.0,4.0,1.0,1.0,0.0,4.0,9.0,8.0
22200489,1610612743,DEN,Denver,1630538,Bones Hyland,Bones,,,16:15,2.0,5.0,0.4,1.0,2.0,0.5,2.0,2.0,1.0,1.0,2.0,3.0,1.0,1.0,0.0,2.0,2.0,7.0,5.0
22200489,1610612743,DEN,Denver,201145,Jeff Green,Jeff,,,16:02,1.0,1.0,1.0,0.0,0.0,0.0,0.0,0.0,0.0,0.0,2.0,2.0,0.0,0.0,0.0,0.0,1.0,2.0,3.0
22200489,1610612743,DEN,Denver,1630192,Zeke Nnaji,Zeke,,,12:17,1.0,1.0,1.0,0.0,0.0,0.0,1.0,2.0,0.5,0.0,1.0,1.0,0.0,0.0,0.0,1.0,2.0,3.0,4.0
22200489,1610612743,DEN,Denver,1631128,Christian Braun,Christian,,DNP - Coach's Decision,,,,,,,,,,,,,,,,,,,,
22200489,1610612743,DEN,Denver,1628427,Vlatko Čančar,Vlatko,,DNP - Coach's Decision,,,,,,,,,,,,,,,,,,,,
22200489,1610612743,DEN,Denver,201599,DeAndre Jordan,DeAndre,,DNP - Coach's Decision,,,,,,,,,,,,,,,,,,,,
22200489,1610612743,DEN,Denver,1628432,Davon Reed,Davon,,DNP - Coach's Decision,,,,,,,,,,,,,,,,,,,,
22200489,1610612743,DEN,Denver,202397,Ish Smith,Ish,,DNP - Coach's Decision,,,,,,,,,,,,,,,,,,,,
22200489,1610612743,DEN,Denver,1631212,Peyton Watson,Peyton,,DNP - Coach's Decision,,,,,,,,,,,,,,,,,,,,
22200474,1610612757,POR,Portland,1628404,Josh Hart,Josh,F,,34:58,5.0,7.0,0.714,1.0,3.0,0.333,2.0,2.0,1.0,1.0,4.0,5.0,2.0,1.0,0.0,5.0,5.0,13.0,-3.0
22200474,1610612757,POR,Portland,203924,Jerami Grant,Jerami,F,,35:29,7.0,14.0,0.5,2.0,4.0,0.5,1.0,3.0,0.333,0.0,5.0,5.0,4.0,0.0,1.0,2.0,2.0,17.0,-1.0
22200474,1610612757,POR,Portland,203994,Jusuf Nurkić,Jusuf,C,,22:38,5.0,7.0,0.714,1.0,2.0,0.5,1.0,2.0,0.5,1.0,5.0,6.0,4.0,1.0,0.0,1.0,1.0,12.0,5.0
22200474,1610612757,POR,Portland,1629014,Anfernee Simons,Anfernee,G,,29:35,4.0,11.0,0.364,4.0,9.0,0.444,0.0,0.0,0.0,0.0,1.0,1.0,4.0,1.0,1.0,3.0,5.0,12.0,2.0
22200474,1610612757,POR,Portland,203081,Damian Lillard,Damian,G,,36:26,6.0,19.0,0.316,2.0,11.0,0.182,2.0,2.0,1.0,0.0,2.0,2.0,8.0,2.0,0.0,4.0,2.0,16.0,-2.0
22200474,1610612757,POR,Portland,1629234,Drew Eubanks,Drew,,,19:53,3.0,5.0,0.6,0.0,0.0,0.0,0.0,0.0,0.0,4.0,3.0,7.0,3.0,3.0,1.0,1.0,2.0,6.0,-4.0
22200474,1610612757,POR,Portland,1626159,Justise Winslow,Justise,,,15:45,1.0,5.0,0.2,1.0,3.0,0.333,0.0,0.0,0.0,1.0,1.0,2.0,2.0,0.0,1.0,0.0,0.0,3.0,-6.0
22200474,1610612757,POR,Portland,1631101,Shaedon Sharpe,Shaedon,,,19:20,3.0,5.0,0.6,2.0,3.0,0.667,0.0,0.0,0.0,0.0,1.0,1.0,0.0,0.0,0.0,0.0,0.0,8.0,1.0
22200474,1610612757,POR,Portland,1630570,Trendon Watford,Trendon,,,18:04,4.0,5.0,0.8,0.0,0.0,0.0,0.0,0.0,0.0,2.0,5.0,7.0,1.0,1.0,0.0,1.0,3.0,8.0,-5.0
22200474,1610612757,POR,Portland,1630553,Keon Johnson,Keon,,,7:52,1.0,1.0,1.0,1.0,1.0,1.0,0.0,0.0,0.0,0.0,0.0,0.0,1.0,0.0,1.0,1.0,2.0,3.0,-2.0
22200474,1610612757,POR,Portland,1630535,Greg Brown III,Greg,,DNP - Coach's Decision,,,,,,,,,,,,,,,,,,,,
22200474,1610612757,POR,Portland,1631133,Jabari Walker,Jabari,,DNP - Coach's Decision,,,,,,,,,,,,,,,,,,,,
22200474,1610612760,OKC,Oklahoma City,1629652,Luguentz Dort,Luguentz,F,,38:28,5.0,11.0,0.455,2.0,6.0,0.333,2.0,2.0,1.0,0.0,3.0,3.0,3.0,1.0,1.0,3.0,2.0,14.0,5.0
22200474,1610612760,OKC,Oklahoma City,1631114,Jalen Williams,Jalen,F,,30:25,5.0,8.0,0.625,1.0,3.0,0.333,4.0,4.0,1.0,0.0,4.0,4.0,1.0,0.0,0.0,3.0,2.0,15.0,4.0
22200474,1610612760,OKC,Oklahoma City,1630197,Aleksej Pokusevski,Aleksej,C,,20:05,2.0,7.0,0.286,0.0,2.0,0.0,2.0,2.0,1.0,1.0,2.0,3.0,2.0,2.0,0.0,1.0,1.0,6.0,-4.0
22200474,1610612760,OKC,Oklahoma City,1630581,Josh Giddey,Josh,G,,30:55,6.0,8.0,0.75,0.0,0.0,0.0,1.0,2.0,0.5,2.0,4.0,6.0,6.0,1.0,0.0,3.0,0.0,13.0,4.0
22200474,1610612760,OKC,Oklahoma City,1628983,Shai Gilgeous-Alexander,Shai,G,,35:28,8.0,19.0,0.421,0.0,3.0,0.0,11.0,13.0,0.846,0.0,6.0,6.0,3.0,2.0,1.0,5.0,3.0,27.0,-1.0
22200474,1610612760,OKC,Oklahoma City,1630198,Isaiah Joe,Isaiah,,,17:35,2.0,5.0,0.4,2.0,4.0,0.5,0.0,0.0,0.0,0.0,2.0,2.0,1.0,1.0,0.0,0.0,2.0,6.0,-1.0
22200474,1610612760,OKC,Oklahoma City,203488,Mike Muscala,Mike,,,20:28,2.0,5.0,0.4,2.0,3.0,0.667,0.0,0.0,0.0,0.0,1.0,1.0,0.0,0.0,1.0,0.0,5.0,6.0,3.0
22200474,1610612760,OKC,Oklahoma City,1630322,Lindy Waters III,Lindy,,,6:46,1.0,1.0,1.0,1.0,1.0,1.0,0.0,0.0,0.0,1.0,0.0,1.0,1.0,0.0,0.0,0.0,0.0,3.0,4.0
22200474,1610612760,OKC,Oklahoma City,1629026,Kenrich Williams,Kenrich,,,26:47,4.0,7.0,0.571,0.0,1.0,0.0,1.0,2.0,0.5,4.0,3.0,7.0,2.0,2.0,0.0,1.0,0.0,9.0,3.0
22200474,1610612760,OKC,Oklahoma City,1630598,Aaron Wiggins,Aaron,,,9:33,0.0,4.0,0.0,0.0,0.0,0.0,0.0,0.0,0.0,1.0,2.0,3.0,0.0,0.0,0.0,1.0,1.0,0.0,-2.0
22200474,1610612760,OKC,Oklahoma City,1630647,Eugene Omoruyi,Eugene,,,3:31,1.0,2.0,0.5,0.0,1.0,0.0,0.0,0.0,0.0,0.0,1.0,1.0,0.0,0.0,0.0,1.0,0.0,2.0,0.0
22200474,1610612760,OKC,Oklahoma City,1629647,Darius Bazley,Darius,,DNP - Coach's Decision,,,,,,,,,,,,,,,,,,,,
22200468,1610612741,CHI,Chicago,201942,DeMar DeRozan,DeMar,F,,37:50,12.0,23.0,0.522,0.0,1.0,0.0,4.0,6.0,0.667,2.0,4.0,6.0,5.0,1.0,0.0,1.0,5.0,28.0,5.0
22200468,1610612741,CHI,Chicago,1630172,Patrick Williams,Patrick,F,,37:00,5.0,11.0,0.455,1.0,5.0,0.2,0.0,0.0,0.0,1.0,7.0,8.0,1.0,0.0,2.0,2.0,1.0,11.0,-3.0
22200468,1610612741,CHI,Chicago,202696,Nikola Vučević,Nikola,C,,33:08,8.0,17.0,0.471,2.0,7.0,0.286,2.0,2.0,1.0,2.0,5.0,7.0,2.0,1.0,1.0,0.0,1.0,20.0,-13.0
22200468,1610612741,CHI,Chicago,203897,Zach LaVine,Zach,G,,36:55,8.0,16.0,0.5,1.0,2.0,0.5,5.0,6.0,0.833,0.0,5.0,5.0,5.0,1.0,0.0,2.0,1.0,22.0,-12.0
22200468,1610612741,CHI,Chicago,1627936,Alex Caruso,Alex,G,,10:54,2.0,2.0,1.0,1.0,1.0,1.0,0.0,0.0,0.0,0.0,2.0,2.0,0.0,2.0,1.0,0.0,1.0,5.0,19.0
22200468,1610612741,CHI,Chicago,1629632,Coby White,Coby,,,29:44,2.0,8.0,0.25,1.0,5.0,0.2,5.0,6.0,0.833,0.0,4.0,4.0,5.0,2.0,0.0,3.0,2.0,10.0,-9.0
22200468,1610612741,CHI,Chicago,1630245,Ayo Dosunmu,Ayo,,,34:26,4.0,6.0,0.667,1.0,3.0,0.333,0.0,0.0,0.0,2.0,1.0,3.0,2.0,2.0,0.0,1.0,3.0,9.0,13.0
22200468,1610612741,CHI,Chicago,203083,Andre Drummond,Andre,,,14:52,2.0,3.0,0.667,0.0,0.0,0.0,1.0,2.0,0.5,1.0,10.0,11.0,0.0,0.0,0.0,2.0,0.0,5.0,15.0
22200468,1610612741,CHI,Chicago,1631207,Dalen Terry,Dalen,,,5:11,0.0,0.0,0.0,0.0,0.0,0.0,0.0,0.0,0.0,0.0,1.0,1.0,0.0,0.0,0.0,0.0,1.0,0.0,-5.0
22200468,1610612741,CHI,Chicago,1628396,Tony Bradley,Tony,,DNP - Coach's Decision,,,,,,,,,,,,,,,,,,,,
22200468,1610612741,CHI,Chicago,1630792,Malcolm Hill,Malcolm,,DNP - Coach's Decision,,,,,,,,,,,,,,,,,,,,
22200468,1610612737,ATL,Atlanta,1629631,De'Andre Hunter,De'Andre,F,,37:46,4.0,10.0,0.4,0.0,4.0,0.0,2.0,2.0,1.0,2.0,7.0,9.0,2.0,0.0,2.0,0.0,3.0,10.0,10.0
22200468,1610612737,ATL,Atlanta,1628381,John Collins,John,F,,21:14,2.0,5.0,0.4,0.0,2.0,0.0,0.0,0.0,0.0,0.0,7.0,7.0,0.0,1.0,0.0,1.0,4.0,4.0,-8.0
22200468,1610612737,ATL,Atlanta,1630168,Onyeka Okongwu,Onyeka,C,,40:10,8.0,14.0,0.571,0.0,0.0,0.0,2.0,2.0,1.0,5.0,6.0,11.0,1.0,0.0,5.0,1.0,3.0,18.0,11.0
22200468,1610612737,ATL,Atlanta,1627749,Dejounte Murray,Dejounte,G,,39:59,7.0,17.0,0.412,0.0,3.0,0.0,1.0,1.0,1.0,0.0,5.0,5.0,10.0,0.0,0.0,5.0,2.0,15.0,-2.0
22200468,1610612737,ATL,Atlanta,1629027,Trae Young,Trae,G,,38:06,9.0,24.0,0.375,7.0,14.0,0.5,9.0,9.0,1.0,2.0,4.0,6.0,6.0,1.0,0.0,5.0,1.0,34.0,2.0
22200468,1610612737,ATL,Atlanta,203992,Bogdan Bogdanović,Bogdan,,,29:56,4.0,12.0,0.333,3.0,6.0,0.5,2.0,2.0,1.0,0.0,4.0,4.0,3.0,1.0,0.0,2.0,1.0,13.0,1.0
22200468,1610612737,ATL,Atlanta,1631100,AJ Griffin,AJ,,,21:23,5.0,7.0,0.714,4.0,6.0,0.667,0.0,0.0,0.0,0.0,3.0,3.0,0.0,3.0,0.0,0.0,1.0,14.0,-1.0
22200468,1610612737,ATL,Atlanta,1628988,Aaron Holiday,Aaron,,,2:39,0.0,0.0,0.0,0.0,0.0,0.0,0.0,0.0,0.0,0.0,0.0,0.0,0.0,0.0,0.0,0.0,0.0,0.0,-4.0
22200468,1610612737,ATL,Atlanta,1626163,Frank Kaminsky,Frank,,,4:44,0.0,1.0,0.0,0.0,1.0,0.0,0.0,0.0,0.0,0.0,1.0,1.0,0.0,0.0,0.0,0.0,0.0,0.0,-10.0
22200468,1610612737,ATL,Atlanta,1630552,Jalen Johnson,Jalen,,,4:03,0.0,1.0,0.0,0.0,1.0,0.0,0.0,0.0,0.0,0.0,1.0,1.0,0.0,0.0,0.0,1.0,0.0,0.0,-9.0
22200468,1610612737,ATL,Atlanta,1630235,Trent Forrest,Trent,,DNP - Coach's Decision,,,,,,,,,,,,,,,,,,,,
22200468,1610612737,ATL,Atlanta,203200,Justin Holiday,Justin,,DNP - Coach's Decision,,,,,,,,,,,,,,,,,,,,
22200468,1610612737,ATL,Atlanta,1630249,Vít Krejčí,Vít,,DNP - Coach's Decision,,,,,,,,,,,,,,,,,,,,
22200468,1610612737,ATL,Atlanta,1631213,Tyrese Martin,Tyrese,,DNP - Coach's Decision,,,,,,,,,,,,,,,,,,,,
22200475,1610612747,LAL,Los Angeles,1629022,Lonnie Walker IV,Lonnie,F,,36:25,6.0,13.0,0.462,3.0,6.0,0.5,4.0,4.0,1.0,0.0,5.0,5.0,1.0,2.0,1.0,2.0,3.0,19.0,-15.0
22200475,1610612747,LAL,Los Angeles,2544,LeBron James,LeBron,F,,34:00,11.0,21.0,0.524,0.0,4.0,0.0,9.0,10.0,0.9,0.0,6.0,6.0,11.0,0.0,2.0,2.0,0.0,31.0,-4.0
22200475,1610612747,LAL,Los Angeles,1628418,Thomas Bryant,Thomas,C,,31:10,6.0,9.0,0.667,2.0,2.0,1.0,3.0,4.0,0.75,2.0,8.0,10.0,4.0,1.0,0.0,2.0,5.0,17.0,-12.0
22200475,1610612747,LAL,Los Angeles,201976,Patrick Beverley,Patrick,G,,37:15,5.0,7.0,0.714,1.0,2.0,0.5,2.0,2.0,1.0,0.0,2.0,2.0,3.0,3.0,1.0,3.0,3.0,13.0,-15.0
22200475,1610612747,LAL,Los Angeles,203471,Dennis Schröder,Dennis,G,,29:54,6.0,13.0,0.462,2.0,4.0,0.5,4.0,6.0,0.667,0.0,1.0,1.0,3.0,0.0,0.0,2.0,4.0,18.0,-8.0
22200475,1610612747,LAL,Los Angeles,1631108,Max Christie,Max,,,26:23,2.0,3.0,0.667,2.0,2.0,1.0,0.0,0.0,0.0,0.0,4.0,4.0,3.0,0.0,0.0,0.0,2.0,6.0,-16.0
22200475,1610612747,LAL,Los Angeles,1628972,Troy Brown Jr.,Troy,,,14:50,2.0,7.0,0.286,1.0,3.0,0.333,2.0,2.0,1.0,1.0,4.0,5.0,0.0,0.0,0.0,1.0,2.0,7.0,-9.0
22200475,1610612747,LAL,Los Angeles,1629117,Wenyen Gabriel,Wenyen,,,12:51,3.0,4.0,0.75,0.0,0.0,0.0,1.0,2.0,0.5,1.0,2.0,3.0,0.0,0.0,1.0,2.0,5.0,7.0,-1.0
22200475,1610612747,LAL,Los Angeles,1627745,Damian Jones,Damian,,,6:11,1.0,1.0,1.0,0.0,0.0,0.0,0.0,0.0,0.0,1.0,2.0,3.0,0.0,0.0,0.0,0.0,0.0,2.0,4.0
22200475,1610612747,LAL,Los Angeles,1629134,Kendrick Nunn,Kendrick,,,11:01,0.0,6.0,0.0,0.0,1.0,0.0,0.0,0.0,0.0,0.0,0.0,0.0,0.0,0.0,0.0,1.0,0.0,0.0,6.0
22200475,1610612747,LAL,Los Angeles,1630559,Austin Reaves,Austin,,DND - Injury/Illness,,,,,,,,,,,,,,,,,,,,
22200475,1610612747,LAL,Los Angeles,1629308,Juan Toscano-Anderson,Juan,,DNP - Injury/Illness,,,,,,,,,,,,,,,,,,,,
22200475,1610612758,SAC,Sacramento,203084,Harrison Barnes,Harrison,F,,33:56,8.0,15.0,0.533,3.0,7.0,0.429,1.0,3.0,0.333,1.0,7.0,8.0,1.0,0.0,0.0,0.0,0.0,20.0,8.0
22200475,1610612758,SAC,Sacramento,1631099,Keegan Murray,Keegan,F,,34:45,7.0,17.0,0.412,6.0,12.0,0.5,3.0,4.0,0.75,0.0,3.0,3.0,1.0,1.0,0.0,1.0,2.0,23.0,24.0
22200475,1610612758,SAC,Sacramento,1627734,Domantas Sabonis,Domantas,C,,37:21,4.0,8.0,0.5,1.0,2.0,0.5,4.0,4.0,1.0,7.0,14.0,21.0,12.0,1.0,0.0,4.0,4.0,13.0,20.0
22200475,1610612758,SAC,Sacramento,1628989,Kevin Huerter,Kevin,G,,32:03,9.0,14.0,0.643,3.0,7.0,0.429,5.0,5.0,1.0,1.0,4.0,5.0,1.0,3.0,0.0,2.0,2.0,26.0,23.0
22200475,1610612758,SAC,Sacramento,1628368,De'Aaron Fox,De'Aaron,G,,30:20,7.0,13.0,0.538,0.0,3.0,0.0,8.0,9.0,0.889,0.0,4.0,4.0,6.0,0.0,0.0,2.0,4.0,22.0,-3.0
22200475,1610612758,SAC,Sacramento,1630558,Davion Mitchell,Davion,,,16:01,3.0,6.0,0.5,2.0,5.0,0.4,0.0,0.0,0.0,0.0,0.0,0.0,1.0,1.0,0.0,0.0,2.0,8.0,22.0
22200475,1610612758,SAC,Sacramento,1628370,Malik Monk,Malik,,,18:14,1.0,3.0,0.333,0.0,1.0,0.0,0.0,0.0,0.0,0.0,1.0,1.0,6.0,0.0,0.0,1.0,2.0,2.0,6.0
22200475,1610612758,SAC,Sacramento,1629056,Terence Davis,Terence,,,15:17,1.0,6.0,0.167,1.0,5.0,0.2,0.0,0.0,0.0,0.0,1.0,1.0,1.0,0.0,2.0,2.0,4.0,3.0,-6.0
22200475,1610612758,SAC,Sacramento,1626168,Trey Lyles,Trey,,,8:01,3.0,8.0,0.375,1.0,5.0,0.2,0.0,1.0,0.0,0.0,0.0,0.0,0.0,0.0,0.0,0.0,0.0,7.0,-4.0
22200475,1610612758,SAC,Sacramento,1629674,Neemias Queta,Neemias,,,10:39,5.0,5.0,1.0,0.0,0.0,0.0,0.0,2.0,0.0,1.0,2.0,3.0,0.0,0.0,0.0,0.0,3.0,10.0,-6.0
22200475,1610612758,SAC,Sacramento,203521,Matthew Dellavedova,Matthew,,,1:42,0.0,0.0,0.0,0.0,0.0,0.0,0.0,0.0,0.0,0.0,0.0,0.0,0.0,0.0,0.0,0.0,0.0,0.0,-7.0
22200475,1610612758,SAC,Sacramento,1629644,KZ Okpala,KZ,,,1:42,0.0,0.0,0.0,0.0,0.0,0.0,0.0,0.0,0.0,0.0,0.0,0.0,0.0,0.0,0.0,0.0,0.0,0.0,-7.0
22200475,1610612758,SAC,Sacramento,1626158,Richaun Holmes,Richaun,,DNP - Coach's Decision,,,,,,,,,,,,,,,,,,,,
22200475,1610612758,SAC,Sacramento,203458,Alex Len,Alex,,DNP - Coach's Decision,,,,,,,,,,,,,,,,,,,,
22200475,1610612758,SAC,Sacramento,1629002,Chimezie Metu,Chimezie,,DNP - Coach's Decision,,,,,,,,,,,,,,,,,,,,
22200467,1610612765,DET,Detroit,202711,Bojan Bogdanović,Bojan,F,,23:31,1.0,3.0,0.333,0.0,0.0,0.0,8.0,9.0,0.889,1.0,7.0,8.0,0.0,0.0,0.0,2.0,1.0,10.0,-2.0
22200467,1610612765,DET,Detroit,1630191,Isaiah Stewart,Isaiah,F,,21:53,3.0,7.0,0.429,0.0,1.0,0.0,0.0,0.0,0.0,2.0,3.0,5.0,1.0,0.0,0.0,5.0,5.0,6.0,-11.0
22200467,1610612765,DET,Detroit,1631105,Jalen Duren,Jalen,C,,28:10,3.0,4.0,0.75,0.0,0.0,0.0,1.0,2.0,0.5,2.0,6.0,8.0,4.0,0.0,0.0,2.0,2.0,7.0,-2.0
22200467,1610612765,DET,Detroit,1631093,Jaden Ivey,Jaden,G,,33:56,7.0,18.0,0.389,1.0,3.0,0.333,3.0,6.0,0.5,2.0,1.0,3.0,1.0,2.0,0.0,3.0,1.0,18.0,-5.0
22200467,1610612765,DET,Detroit,1630165,Killian Hayes,Killian,G,,33:48,6.0,15.0,0.4,0.0,2.0,0.0,0.0,0.0,0.0,0.0,2.0,2.0,4.0,1.0,1.0,2.0,1.0,12.0,-18.0
22200467,1610612765,DET,Detroit,1628963,Marvin Bagley III,Marvin,,,19:50,1.0,5.0,0.2,1.0,3.0,0.333,7.0,8.0,0.875,2.0,8.0,10.0,2.0,0.0,0.0,1.0,2.0,10.0,-18.0
22200467,1610612765,DET,Detroit,202692,Alec Burks,Alec,,,11:57,2.0,5.0,0.4,1.0,3.0,0.333,2.0,2.0,1.0,0.0,0.0,0.0,1.0,1.0,0.0,0.0,2.0,7.0,-6.0
22200467,1610612765,DET,Detroit,1630180,Saddiq Bey,Saddiq,,,27:05,4.0,10.0,0.4,2.0,5.0,0.4,1.0,3.0,0.333,2.0,1.0,3.0,1.0,1.0,0.0,2.0,0.0,11.0,-6.0
22200467,1610612765,DET,Detroit,1628995,Kevin Knox II,Kevin,,,17:46,1.0,5.0,0.2,0.0,4.0,0.0,0.0,0.0,0.0,0.0,1.0,1.0,0.0,1.0,0.0,4.0,1.0,2.0,-19.0
22200467,1610612765,DET,Detroit,1628977,Hamidou Diallo,Hamidou,,,12:04,2.0,4.0,0.5,0.0,0.0,0.0,3.0,4.0,0.75,0.0,4.0,4.0,0.0,0.0,0.0,1.0,0.0,7.0,-14.0
22200467,1610612765,DET,Detroit,203585,Rodney McGruder,Rodney,,,6:27,0.0,2.0,0.0,0.0,1.0,0.0,0.0,0.0,0.0,0.0,1.0,1.0,0.0,0.0,0.0,0.0,0.0,0.0,1.0
22200467,1610612765,DET,Detroit,202709,Cory Joseph,Cory,,,3:33,1.0,1.0,1.0,1.0,1.0,1.0,0.0,0.0,0.0,0.0,1.0,1.0,1.0,0.0,0.0,0.0,0.0,3.0,0.0
22200467,1610612765,DET,Detroit,203457,Nerlens Noel,Nerlens,,DNP - Coach's Decision,,,,,,,,,,,,,,,,,,,,
22200467,1610612755,PHI,Philadelphia,202699,Tobias Harris,Tobias,F,,21:08,6.0,9.0,0.667,2.0,4.0,0.5,3.0,3.0,1.0,2.0,2.0,4.0,1.0,1.0,0.0,1.0,3.0,17.0,0.0
22200467,1610612755,PHI,Philadelphia,200782,P.J. Tucker,P.J.,F,,21:07,0.0,3.0,0.0,0.0,1.0,0.0,0.0,0.0,0.0,5.0,5.0,10.0,0.0,1.0,0.0,0.0,3.0,0.0,-3.0
22200467,1610612755,PHI,Philadelphia,203954,Joel Embiid,Joel,C,,34:11,6.0,16.0,0.375,0.0,1.0,0.0,10.0,11.0,0.909,0.0,10.0,10.0,6.0,0.0,4.0,1.0,3.0,22.0,17.0
22200467,1610612755,PHI,Philadelphia,1629001,De'Anthony Melton,De'Anthony,G,,23:59,4.0,11.0,0.364,2.0,6.0,0.333,2.0,2.0,1.0,2.0,7.0,9.0,3.0,1.0,0.0,0.0,4.0,12.0,14.0
22200467,1610612755,PHI,Philadelphia,201935,James Harden,James,G,,32:34,6.0,14.0,0.429,2.0,7.0,0.286,1.0,2.0,0.5,0.0,2.0,2.0,8.0,1.0,1.0,4.0,2.0,15.0,8.0
22200467,1610612755,PHI,Philadelphia,1627777,Georges Niang,Georges,,,26:33,3.0,12.0,0.25,3.0,11.0,0.273,2.0,2.0,1.0,0.0,3.0,3.0,0.0,2.0,0.0,2.0,3.0,11.0,19.0
22200467,1610612755,PHI,Philadelphia,1626149,Montrezl Harrell,Montrezl,,,9:30,5.0,7.0,0.714,0.0,0.0,0.0,0.0,0.0,0.0,1.0,0.0,1.0,0.0,0.0,1.0,2.0,0.0,10.0,1.0
22200467,1610612755,PHI,Philadelphia,1629680,Matisse Thybulle,Matisse,,,13:02,3.0,5.0,0.6,0.0,0.0,0.0,0.0,0.0,0.0,0.0,0.0,0.0,1.0,2.0,0.0,0.0,0.0,6.0,14.0
22200467,1610612755,PHI,Philadelphia,1629003,Shake Milton,Shake,,,32:12,3.0,8.0,0.375,1.0,3.0,0.333,2.0,2.0,1.0,0.0,5.0,5.0,5.0,0.0,0.0,1.0,1.0,9.0,14.0
22200467,1610612755,PHI,Philadelphia,1627863,Danuel House Jr.,Danuel,,,17:52,4.0,7.0,0.571,1.0,4.0,0.25,0.0,0.0,0.0,2.0,1.0,3.0,1.0,0.0,1.0,0.0,2.0,9.0,14.0
22200467,1610612755,PHI,Philadelphia,1630194,Paul Reed,Paul,,,4:19,1.0,1.0,1.0,0.0,0.0,0.0,0.0,0.0,0.0,1.0,1.0,2.0,0.0,0.0,0.0,1.0,2.0,2.0,2.0
22200467,1610612755,PHI,Philadelphia,1627788,Furkan Korkmaz,Furkan,,,3:33,0.0,0.0,0.0,0.0,0.0,0.0,0.0,0.0,0.0,0.0,0.0,0.0,2.0,0.0,0.0,0.0,0.0,0.0,0.0
22200439,1610612748,MIA,Miami,202710,Jimmy Butler III,Jimmy,F,,34:26,9.0,15.0,0.6,1.0,2.0,0.5,7.0,10.0,0.7,1.0,4.0,5.0,4.0,2.0,1.0,0.0,2.0,26.0,12.0
22200439,1610612748,MIA,Miami,1628389,Bam Adebayo,Bam,F,,35:51,11.0,18.0,0.611,0.0,0.0,0.0,0.0,0.0,0.0,4.0,9.0,13.0,3.0,1.0,0.0,4.0,4.0,22.0,29.0
22200439,1610612748,MIA,Miami,1631107,Nikola Jović,Nikola,C,,14:47,1.0,3.0,0.333,1.0,2.0,0.5,0.0,0.0,0.0,0.0,1.0,1.0,0.0,1.0,0.0,1.0,2.0,3.0,10.0
22200439,1610612748,MIA,Miami,1629639,Tyler Herro,Tyler,G,,38:07,6.0,16.0,0.375,3.0,9.0,0.333,6.0,6.0,1.0,0.0,6.0,6.0,7.0,2.0,0.0,4.0,4.0,21.0,11.0
22200439,1610612748,MIA,Miami,1629622,Max Strus,Max,G,,27:12,5.0,10.0,0.5,2.0,6.0,0.333,0.0,0.0,0.0,1.0,3.0,4.0,3.0,1.0,0.0,0.0,2.0,12.0,7.0
22200439,1610612748,MIA,Miami,203506,Victor Oladipo,Victor,,,33:44,3.0,7.0,0.429,1.0,4.0,0.25,0.0,0.0,0.0,0.0,2.0,2.0,3.0,5.0,0.0,2.0,4.0,7.0,-2.0
22200439,1610612748,MIA,Miami,1629130,Duncan Robinson,Duncan,,,25:34,4.0,8.0,0.5,3.0,6.0,0.5,1.0,1.0,1.0,0.0,2.0,2.0,3.0,2.0,0.0,0.0,5.0,12.0,3.0
22200439,1610612748,MIA,Miami,203473,Dewayne Dedmon,Dewayne,,,7:42,1.0,3.0,0.333,0.0,1.0,0.0,1.0,2.0,0.5,1.0,0.0,1.0,1.0,0.0,1.0,1.0,1.0,3.0,-19.0
22200439,1610612748,MIA,Miami,1629312,Haywood Highsmith,Haywood,,,18:10,1.0,1.0,1.0,0.0,0.0,0.0,1.0,4.0,0.25,1.0,4.0,5.0,0.0,0.0,1.0,0.0,3.0,3.0,-1.0
22200439,1610612748,MIA,Miami,1631115,Orlando Robinson,Orlando,,,4:27,1.0,1.0,1.0,0.0,0.0,0.0,0.0,0.0,0.0,0.0,1.0,1.0,1.0,0.0,0.0,0.0,0.0,2.0,0.0
22200439,1610612748,MIA,Miami,2617,Udonis Haslem,Udonis,,DNP - Injury/Illness,,,,,,,,,,,,,,,,,,,,
22200439,1610612759,SAS,San Antonio,1629640,Keldon Johnson,Keldon,F,,33:25,6.0,14.0,0.429,3.0,5.0,0.6,7.0,7.0,1.0,0.0,2.0,2.0,3.0,1.0,0.0,2.0,3.0,22.0,1.0
22200439,1610612759,SAS,San Antonio,1631110,Jeremy Sochan,Jeremy,F,,16:27,1.0,5.0,0.2,0.0,0.0,0.0,0.0,2.0,0.0,0.0,4.0,4.0,4.0,0.0,0.0,0.0,4.0,2.0,-17.0
22200439,1610612759,SAS,San Antonio,1627751,Jakob Poeltl,Jakob,C,,20:50,3.0,6.0,0.5,0.0,0.0,0.0,1.0,4.0,0.25,2.0,5.0,7.0,0.0,2.0,0.0,1.0,1.0,7.0,-16.0
22200439,1610612759,SAS,San Antonio,1630170,Devin Vassell,Devin,G,,31:46,5.0,14.0,0.357,1.0,7.0,0.143,7.0,9.0,0.778,1.0,2.0,3.0,2.0,1.0,0.0,2.0,3.0,18.0,-28.0
22200439,1610612759,SAS,San Antonio,1630200,Tre Jones,Tre,G,,31:51,2.0,10.0,0.2,0.0,2.0,0.0,5.0,6.0,0.833,0.0,3.0,3.0,9.0,1.0,0.0,4.0,1.0,9.0,-18.0
22200439,1610612759,SAS,San Antonio,1628380,Zach Collins,Zach,,,24:17,4.0,5.0,0.8,1.0,1.0,1.0,4.0,4.0,1.0,2.0,4.0,6.0,5.0,0.0,2.0,5.0,3.0,13.0,4.0
22200439,1610612759,SAS,San Antonio,1628966,Keita Bates-Diop,Keita,,,32:01,5.0,9.0,0.556,0.0,2.0,0.0,0.0,0.0,0.0,2.0,2.0,4.0,4.0,1.0,0.0,1.0,2.0,10.0,-4.0
22200439,1610612759,SAS,San Antonio,203926,Doug McDermott,Doug,,,21:00,3.0,8.0,0.375,2.0,6.0,0.333,0.0,0.0,0.0,0.0,5.0,5.0,1.0,0.0,1.0,1.0,2.0,8.0,9.0
22200439,1610612759,SAS,San Antonio,1631103,Malaki Branham,Malaki,,,19:59,4.0,5.0,0.8,3.0,4.0,0.75,1.0,1.0,1.0,0.0,0.0,0.0,0.0,2.0,0.0,0.0,0.0,12.0,13.0
22200439,1610612759,SAS,San Antonio,1626169,Stanley Johnson,Stanley,,,2:48,0.0,1.0,0.0,0.0,0.0,0.0,0.0,0.0,0.0,0.0,0.0,0.0,0.0,0.0,0.0,1.0,0.0,0.0,2.0
22200439,1610612759,SAS,San Antonio,1629646,Charles Bassey,Charles,,,2:48,0.0,0.0,0.0,0.0,0.0,0.0,0.0,0.0,0.0,0.0,3.0,3.0,0.0,0.0,0.0,0.0,0.0,0.0,2.0
22200439,1610612759,SAS,San Antonio,1629676,Isaiah Roby,Isaiah,,,2:48,0.0,0.0,0.0,0.0,0.0,0.0,0.0,0.0,0.0,0.0,1.0,1.0,1.0,0.0,0.0,0.0,0.0,0.0,2.0
22200439,1610612759,SAS,San Antonio,203476,Gorgui Dieng,Gorgui,,DNP - Coach's Decision,,,,,,,,,,,,,,,,,,,,
22200440,1610612742,DAL,Dallas,203493,Reggie Bullock Jr.,Reggie,F,,45:42,3.0,6.0,0.5,2.0,4.0,0.5,0.0,0.0,0.0,0.0,8.0,8.0,1.0,0.0,1.0,1.0,4.0,8.0,5.0
22200440,1610612742,DAL,Dallas,1627827,Dorian Finney-Smith,Dorian,F,,39:59,4.0,8.0,0.5,3.0,5.0,0.6,0.0,0.0,0.0,1.0,3.0,4.0,2.0,0.0,1.0,1.0,6.0,11.0,0.0
22200440,1610612742,DAL,Dallas,1626174,Christian Wood,Christian,C,,43:29,9.0,18.0,0.5,5.0,13.0,0.385,3.0,4.0,0.75,2.0,12.0,14.0,2.0,2.0,2.0,1.0,1.0,26.0,11.0
22200440,1610612742,DAL,Dallas,203501,Tim Hardaway Jr.,Tim,G,,43:59,5.0,14.0,0.357,1.0,8.0,0.125,2.0,4.0,0.5,0.0,6.0,6.0,1.0,3.0,0.0,1.0,1.0,13.0,8.0
22200440,1610612742,DAL,Dallas,202689,Kemba Walker,Kemba,G,,41:58,12.0,25.0,0.48,4.0,13.0,0.308,4.0,6.0,0.667,0.0,5.0,5.0,7.0,0.0,1.0,2.0,2.0,32.0,7.0
22200440,1610612742,DAL,Dallas,1628373,Frank Ntilikina,Frank,,,21:41,1.0,6.0,0.167,0.0,4.0,0.0,1.0,3.0,0.333,0.0,0.0,0.0,5.0,0.0,0.0,1.0,4.0,3.0,-9.0
22200440,1610612742,DAL,Dallas,1629033,Theo Pinson,Theo,,,8:49,0.0,4.0,0.0,0.0,1.0,0.0,0.0,0.0,0.0,0.0,3.0,3.0,0.0,0.0,0.0,2.0,0.0,0.0,-7.0
22200440,1610612742,DAL,Dallas,1630702,Jaden Hardy,Jaden,,,12:45,0.0,5.0,0.0,0.0,1.0,0.0,2.0,2.0,1.0,0.0,2.0,2.0,1.0,0.0,1.0,0.0,1.0,2.0,-11.0
22200440,1610612742,DAL,Dallas,201580,JaVale McGee,JaVale,,,6:38,2.0,2.0,1.0,0.0,0.0,0.0,0.0,0.0,0.0,2.0,1.0,3.0,0.0,0.0,0.0,2.0,1.0,4.0,-9.0
22200440,1610612742,DAL,Dallas,202722,Dāvis Bertāns,Dāvis,,DNP - Coach's Decision,,,,,,,,,,,,,,,,,,,,
22200440,1610612742,DAL,Dallas,203939,Dwight Powell,Dwight,,DNP - Injury/Illness,,,,,,,,,,,,,,,,,,,,
22200440,1610612739,CLE,Cleveland,1630171,Isaac Okoro,Isaac,F,,26:20,5.0,11.0,0.455,0.0,4.0,0.0,0.0,0.0,0.0,0.0,6.0,6.0,0.0,1.0,2.0,1.0,1.0,10.0,-8.0
22200440,1610612739,CLE,Cleveland,1630596,Evan Mobley,Evan,F,,36:22,6.0,10.0,0.6,1.0,1.0,1.0,4.0,5.0,0.8,3.0,5.0,8.0,4.0,0.0,0.0,0.0,3.0,17.0,3.0
22200440,1610612739,CLE,Cleveland,1628386,Jarrett Allen,Jarrett,C,,39:31,3.0,7.0,0.429,0.0,0.0,0.0,2.0,6.0,0.333,4.0,11.0,15.0,1.0,0.0,2.0,0.0,1.0,8.0,-9.0
22200440,1610612739,CLE,Cleveland,1628378,Donovan Mitchell,Donovan,G,,42:14,9.0,21.0,0.429,1.0,9.0,0.111,6.0,8.0,0.75,0.0,4.0,4.0,3.0,1.0,0.0,4.0,4.0,25.0,-4.0
22200440,1610612739,CLE,Cleveland,1629636,Darius Garland,Darius,G,,43:50,8.0,18.0,0.444,1.0,6.0,0.167,1.0,2.0,0.5,0.0,7.0,7.0,12.0,4.0,1.0,0.0,3.0,18.0,14.0
22200440,1610612739,CLE,Cleveland,201567,Kevin Love,Kevin,,,15:14,3.0,10.0,0.3,3.0,9.0,0.333,0.0,0.0,0.0,1.0,4.0,5.0,2.0,0.0,0.0,2.0,3.0,9.0,3.0
22200440,1610612739,CLE,Cleveland,1627747,Caris LeVert,Caris,,,37:59,2.0,8.0,0.25,0.0,4.0,0.0,0.0,1.0,0.0,0.0,4.0,4.0,1.0,0.0,0.0,3.0,5.0,4.0,9.0
22200440,1610612739,CLE,Cleveland,1626224,Cedi Osman,Cedi,,,16:55,3.0,8.0,0.375,1.0,3.0,0.333,0.0,0.0,0.0,1.0,1.0,2.0,0.0,0.0,0.0,0.0,2.0,7.0,1.0
22200440,1610612739,CLE,Cleveland,203526,Raul Neto,Raul,,,6:35,1.0,1.0,1.0,0.0,0.0,0.0,0.0,0.0,0.0,0.0,0.0,0.0,0.0,0.0,0.0,0.0,2.0,2.0,-4.0
22200440,1610612739,CLE,Cleveland,201577,Robin Lopez,Robin,,DNP - Coach's Decision,,,,,,,,,,,,,,,,,,,,
22200440,1610612739,CLE,Cleveland,1630205,Lamar Stevens,Lamar,,DND - Injury/Illness,,,,,,,,,,,,,,,,,,,,
22200438,1610612764,WAS,Washington,1628398,Kyle Kuzma,Kyle,F,,39:00,8.0,18.0,0.444,1.0,6.0,0.167,0.0,0.0,0.0,0.0,6.0,6.0,2.0,1.0,1.0,3.0,4.0,17.0,-9.0
22200438,1610612764,WAS,Washington,1630166,Deni Avdija,Deni,F,,37:21,3.0,8.0,0.375,1.0,3.0,0.333,4.0,4.0,1.0,1.0,9.0,10.0,5.0,1.0,1.0,3.0,5.0,11.0,-17.0
22200438,1610612764,WAS,Washington,204001,Kristaps Porziņģis,Kristaps,C,,35:21,8.0,19.0,0.421,0.0,3.0,0.0,3.0,4.0,0.75,1.0,6.0,7.0,2.0,4.0,0.0,2.0,2.0,19.0,-9.0
22200438,1610612764,WAS,Washington,1630557,Corey Kispert,Corey,G,,32:52,3.0,8.0,0.375,1.0,4.0,0.25,0.0,0.0,0.0,1.0,1.0,2.0,1.0,0.0,0.0,1.0,3.0,7.0,-10.0
22200438,1610612764,WAS,Washington,1628420,Monté Morris,Monté,G,,32:05,5.0,9.0,0.556,2.0,2.0,1.0,0.0,0.0,0.0,0.0,3.0,3.0,5.0,1.0,0.0,1.0,2.0,12.0,-7.0
22200438,1610612764,WAS,Washington,1630264,Anthony Gill,Anthony,,,8:31,0.0,0.0,0.0,0.0,0.0,0.0,0.0,0.0,0.0,0.0,0.0,0.0,0.0,0.0,0.0,0.0,1.0,0.0,-1.0
22200438,1610612764,WAS,Washington,1630692,Jordan Goodwin,Jordan,,,21:22,2.0,7.0,0.286,0.0,2.0,0.0,3.0,3.0,1.0,3.0,5.0,8.0,3.0,3.0,0.0,1.0,3.0,7.0,2.0
22200438,1610612764,WAS,Washington,203115,Will Barton,Will,,,23:09,5.0,12.0,0.417,4.0,5.0,0.8,0.0,0.0,0.0,0.0,3.0,3.0,2.0,0.0,0.0,2.0,0.0,14.0,0.0
22200438,1610612764,WAS,Washington,1629655,Daniel Gafford,Daniel,,,10:20,2.0,3.0,0.667,0.0,0.0,0.0,2.0,2.0,1.0,1.0,2.0,3.0,0.0,0.0,0.0,1.0,1.0,6.0,6.0
22200438,1610612764,WAS,Washington,1630176,Vernon Carey Jr.,Vernon,,DNP - Coach's Decision,,,,,,,,,,,,,,,,,,,,
22200438,1610612764,WAS,Washington,1631098,Johnny Davis,Johnny,,DNP - Coach's Decision,,,,,,,,,,,,,,,,,,,,
22200438,1610612764,WAS,Washington,1629653,Devon Dotson,Devon,,DNP - Coach's Decision,,,,,,,,,,,,,,,,,,,,
22200438,1610612764,WAS,Washington,201959,Taj Gibson,Taj,,DNP - Coach's Decision,,,,,,,,,,,,,,,,,,,,
22200438,1610612746,LAC,LA,201587,Nicolas Batum,Nicolas,F,,33:18,3.0,7.0,0.429,2.0,4.0,0.5,0.0,0.0,0.0,2.0,5.0,7.0,0.0,0.0,1.0,0.0,3.0,8.0,7.0
22200438,1610612746,LAC,LA,202694,Marcus Morris Sr.,Marcus,F,,33:18,4.0,10.0,0.4,1.0,4.0,0.25,1.0,2.0,0.5,0.0,12.0,12.0,2.0,0.0,0.0,1.0,5.0,10.0,7.0
22200438,1610612746,LAC,LA,1631217,Moussa Diabaté,Moussa,C,,17:48,1.0,2.0,0.5,0.0,0.0,0.0,0.0,0.0,0.0,2.0,0.0,2.0,0.0,0.0,0.0,0.0,1.0,2.0,-3.0
22200438,1610612746,LAC,LA,202695,Kawhi Leonard,Kawhi,G,,31:52,12.0,26.0,0.462,2.0,5.0,0.4,5.0,8.0,0.625,3.0,6.0,9.0,1.0,3.0,1.0,3.0,1.0,31.0,9.0
22200438,1610612746,LAC,LA,202322,John Wall,John,G,,27:36,2.0,10.0,0.2,1.0,4.0,0.25,4.0,6.0,0.667,0.0,3.0,3.0,6.0,0.0,1.0,3.0,0.0,9.0,1.0
22200438,1610612746,LAC,LA,1628379,Luke Kennard,Luke,,,29:22,7.0,12.0,0.583,4.0,6.0,0.667,2.0,3.0,0.667,0.0,4.0,4.0,2.0,0.0,0.0,2.0,0.0,20.0,7.0
22200438,1610612746,LAC,LA,1629611,Terance Mann,Terance,,,34:59,4.0,12.0,0.333,0.0,4.0,0.0,2.0,4.0,0.5,2.0,3.0,5.0,6.0,2.0,2.0,3.0,3.0,10.0,15.0
22200438,1610612746,LAC,LA,1629599,Amir Coffey,Amir,,,20:18,3.0,6.0,0.5,2.0,2.0,1.0,2.0,2.0,1.0,2.0,3.0,5.0,1.0,0.0,0.0,1.0,1.0,10.0,3.0
22200438,1610612746,LAC,LA,1629650,Moses Brown,Moses,,,4:18,0.0,0.0,0.0,0.0,0.0,0.0,0.0,0.0,0.0,1.0,0.0,1.0,1.0,0.0,0.0,1.0,0.0,0.0,-7.0
22200438,1610612746,LAC,LA,1630527,Brandon Boston,Brandon,,,7:11,1.0,1.0,1.0,0.0,0.0,0.0,0.0,1.0,0.0,0.0,1.0,1.0,0.0,1.0,0.0,0.0,2.0,2.0,6.0
22200438,1610612746,LAC,LA,203496,Robert Covington,Robert,,DNP - Coach's Decision,,,,,,,,,,,,,,,,,,,,
22200438,1610612746,LAC,LA,1630554,Jason Preston,Jason,,DNP - Coach's Decision,,,,,,,,,,,,,,,,,,,,
22200432,1610612744,GSW,Golden State,1628978,Donte DiVincenzo,Donte,F,,34:37,6.0,13.0,0.462,5.0,8.0,0.625,0.0,0.0,0.0,3.0,7.0,10.0,6.0,1.0,0.0,1.0,3.0,17.0,-4.0
22200432,1610612744,GSW,Golden State,1630228,Jonathan Kuminga,Jonathan,F,,28:43,3.0,8.0,0.375,1.0,4.0,0.25,0.0,0.0,0.0,0.0,0.0,0.0,3.0,0.0,0.0,1.0,2.0,7.0,-8.0
22200432,1610612744,GSW,Golden State,1626172,Kevon Looney,Kevon,C,,26:14,6.0,8.0,0.75,0.0,0.0,0.0,2.0,2.0,1.0,3.0,8.0,11.0,9.0,2.0,2.0,0.0,3.0,14.0,-4.0
22200432,1610612744,GSW,Golden State,202691,Klay Thompson,Klay,G,,35:00,4.0,17.0,0.235,3.0,8.0,0.375,1.0,1.0,1.0,0.0,3.0,3.0,0.0,3.0,1.0,4.0,3.0,12.0,-9.0
22200432,1610612744,GSW,Golden State,1629673,Jordan Poole,Jordan,G,,36:51,10.0,20.0,0.5,4.0,9.0,0.444,5.0,6.0,0.833,0.0,1.0,1.0,4.0,1.0,0.0,4.0,2.0,29.0,-9.0
22200432,1610612744,GSW,Golden State,1629660,Ty Jerome,Ty,,,18:38,4.0,10.0,0.4,1.0,2.0,0.5,0.0,0.0,0.0,0.0,4.0,4.0,4.0,1.0,0.0,0.0,1.0,9.0,-6.0
22200432,1610612744,GSW,Golden State,1630237,Anthony Lamb,Anthony,,,19:44,2.0,6.0,0.333,2.0,6.0,0.333,0.0,0.0,0.0,1.0,2.0,3.0,1.0,0.0,2.0,1.0,3.0,6.0,-6.0
22200432,1610612744,GSW,Golden State,203210,JaMychal Green,JaMychal,,,10:33,0.0,2.0,0.0,0.0,2.0,0.0,1.0,2.0,0.5,3.0,5.0,8.0,2.0,0.0,0.0,3.0,1.0,1.0,-1.0
22200432,1610612744,GSW,Golden State,1630541,Moses Moody,Moses,,,15:47,1.0,4.0,0.25,1.0,4.0,0.25,0.0,0.0,0.0,1.0,1.0,2.0,2.0,0.0,0.0,0.0,0.0,3.0,-6.0
22200432,1610612744,GSW,Golden State,1630164,James Wiseman,James,,,11:13,3.0,5.0,0.6,0.0,0.0,0.0,0.0,0.0,0.0,1.0,3.0,4.0,0.0,0.0,0.0,2.0,3.0,6.0,-7.0
22200432,1610612744,GSW,Golden State,1631116,Patrick Baldwin Jr.,Patrick,,,1:20,0.0,0.0,0.0,0.0,0.0,0.0,0.0,0.0,0.0,0.0,0.0,0.0,0.0,0.0,0.0,0.0,0.0,0.0,0.0
22200432,1610612744,GSW,Golden State,1631157,Ryan Rollins,Ryan,,,1:20,0.0,1.0,0.0,0.0,0.0,0.0,2.0,2.0,1.0,1.0,1.0,2.0,0.0,0.0,1.0,1.0,0.0,2.0,0.0
22200432,1610612755,PHI,Philadelphia,1629680,Matisse Thybulle,Matisse,F,,21:11,1.0,3.0,0.333,1.0,3.0,0.333,0.0,0.0,0.0,1.0,1.0,2.0,0.0,1.0,1.0,0.0,1.0,3.0,5.0
22200432,1610612755,PHI,Philadelphia,200782,P.J. Tucker,P.J.,F,,26:34,3.0,5.0,0.6,1.0,3.0,0.333,0.0,0.0,0.0,2.0,4.0,6.0,0.0,0.0,0.0,1.0,2.0,7.0,4.0
22200432,1610612755,PHI,Philadelphia,203954,Joel Embiid,Joel,C,,35:56,11.0,23.0,0.478,2.0,3.0,0.667,10.0,12.0,0.833,3.0,10.0,13.0,4.0,4.0,2.0,6.0,0.0,34.0,7.0
22200432,1610612755,PHI,Philadelphia,1629001,De'Anthony Melton,De'Anthony,G,,38:11,7.0,14.0,0.5,3.0,8.0,0.375,0.0,0.0,0.0,2.0,7.0,9.0,7.0,2.0,0.0,1.0,2.0,17.0,9.0
22200432,1610612755,PHI,Philadelphia,201935,James Harden,James,G,,36:29,8.0,15.0,0.533,4.0,8.0,0.5,7.0,9.0,0.778,1.0,4.0,5.0,9.0,0.0,0.0,4.0,4.0,27.0,8.0
22200432,1610612755,PHI,Philadelphia,1627863,Danuel House Jr.,Danuel,,,15:36,2.0,4.0,0.5,1.0,3.0,0.333,1.0,1.0,1.0,0.0,2.0,2.0,0.0,0.0,0.0,0.0,1.0,6.0,1.0
22200432,1610612755,PHI,Philadelphia,1627777,Georges Niang,Georges,,,23:02,3.0,12.0,0.25,2.0,8.0,0.25,3.0,3.0,1.0,0.0,2.0,2.0,0.0,2.0,0.0,2.0,0.0,11.0,10.0
22200432,1610612755,PHI,Philadelphia,1629003,Shake Milton,Shake,,,30:57,3.0,6.0,0.5,1.0,2.0,0.5,4.0,6.0,0.667,0.0,6.0,6.0,3.0,2.0,1.0,1.0,2.0,11.0,11.0
22200432,1610612755,PHI,Philadelphia,1626149,Montrezl Harrell,Montrezl,,,11:04,0.0,1.0,0.0,0.0,0.0,0.0,0.0,0.0,0.0,1.0,1.0,2.0,0.0,0.0,1.0,0.0,0.0,0.0,5.0
22200432,1610612755,PHI,Philadelphia,1630194,Paul Reed,Paul,,,0:60,1.0,2.0,0.5,0.0,0.0,0.0,0.0,0.0,0.0,1.0,1.0,2.0,0.0,0.0,0.0,0.0,1.0,2.0,0.0
22200432,1610612755,PHI,Philadelphia,202699,Tobias Harris,Tobias,,DNP - Injury/Illness,,,,,,,,,,,,,,,,,,,,
22200433,1610612751,BKN,Brooklyn,201142,Kevin Durant,Kevin,F,,37:07,10.0,15.0,0.667,2.0,3.0,0.667,6.0,6.0,1.0,0.0,4.0,4.0,3.0,1.0,0.0,5.0,3.0,28.0,9.0
22200433,1610612751,BKN,Brooklyn,1626220,Royce O'Neale,Royce,F,,32:29,0.0,4.0,0.0,0.0,4.0,0.0,0.0,0.0,0.0,0.0,7.0,7.0,3.0,0.0,0.0,3.0,5.0,0.0,-4.0
22200433,1610612751,BKN,Brooklyn,1629651,Nic Claxton,Nic,C,,25:53,5.0,5.0,1.0,0.0,0.0,0.0,5.0,8.0,0.625,3.0,7.0,10.0,0.0,1.0,6.0,1.0,1.0,15.0,-2.0
22200433,1610612751,BKN,Brooklyn,202681,Kyrie Irving,Kyrie,G,,35:12,13.0,22.0,0.591,3.0,9.0,0.333,3.0,3.0,1.0,0.0,3.0,3.0,5.0,0.0,0.0,1.0,3.0,32.0,2.0
22200433,1610612751,BKN,Brooklyn,1627732,Ben Simmons,Ben,G,,32:23,5.0,7.0,0.714,0.0,0.0,0.0,0.0,2.0,0.0,1.0,4.0,5.0,5.0,1.0,0.0,3.0,4.0,10.0,7.0
22200433,1610612751,BKN,Brooklyn,203933,T.J. Warren,T.J.,,,17:03,4.0,6.0,0.667,0.0,1.0,0.0,2.0,2.0,1.0,0.0,2.0,2.0,0.0,0.0,0.0,0.0,3.0,10.0,3.0
22200433,1610612751,BKN,Brooklyn,203925,Joe Harris,Joe,,,23:06,3.0,5.0,0.6,1.0,3.0,0.333,0.0,0.0,0.0,0.0,2.0,2.0,3.0,0.0,0.0,1.0,1.0,7.0,-4.0
22200433,1610612751,BKN,Brooklyn,1628410,Edmond Sumner,Edmond,,,4:23,0.0,1.0,0.0,0.0,1.0,0.0,0.0,0.0,0.0,0.0,0.0,0.0,0.0,1.0,0.0,0.0,1.0,0.0,-6.0
22200433,1610612751,BKN,Brooklyn,1629139,Yuta Watanabe,Yuta,,,20:52,6.0,7.0,0.857,3.0,4.0,0.75,2.0,2.0,1.0,0.0,3.0,3.0,1.0,1.0,0.0,0.0,3.0,17.0,12.0
22200433,1610612751,BKN,Brooklyn,203552,Seth Curry,Seth,,,6:36,0.0,2.0,0.0,0.0,0.0,0.0,0.0,0.0,0.0,0.0,0.0,0.0,1.0,0.0,0.0,0.0,1.0,0.0,-6.0
22200433,1610612751,BKN,Brooklyn,1630560,Cam Thomas,Cam,,,4:55,0.0,2.0,0.0,0.0,1.0,0.0,0.0,0.0,0.0,0.0,1.0,1.0,1.0,0.0,0.0,0.0,0.0,0.0,4.0
22200433,1610612751,BKN,Brooklyn,202693,Markieff Morris,Markieff,,DNP - Coach's Decision,,,,,,,,,,,,,,,,,,,,
22200433,1610612761,TOR,Toronto,1627823,Juancho Hernangomez,Juancho,F,,40:49,3.0,5.0,0.6,1.0,3.0,0.333,1.0,2.0,0.5,0.0,6.0,6.0,1.0,0.0,0.0,0.0,1.0,8.0,-1.0
22200433,1610612761,TOR,Toronto,1627783,Pascal Siakam,Pascal,F,,37:13,7.0,15.0,0.467,1.0,2.0,0.5,2.0,2.0,1.0,3.0,4.0,7.0,5.0,1.0,0.0,3.0,4.0,17.0,-9.0
22200433,1610612761,TOR,Toronto,1631132,Christian Koloko,Christian,C,,20:42,1.0,4.0,0.25,0.0,0.0,0.0,2.0,2.0,1.0,2.0,1.0,3.0,2.0,0.0,0.0,0.0,2.0,4.0,6.0
22200433,1610612761,TOR,Toronto,1630567,Scottie Barnes,Scottie,G,,40:08,8.0,18.0,0.444,0.0,2.0,0.0,10.0,11.0,0.909,0.0,3.0,3.0,3.0,1.0,0.0,1.0,4.0,26.0,-7.0
22200433,1610612761,TOR,Toronto,1627832,Fred VanVleet,Fred,G,,43:10,14.0,24.0,0.583,4.0,9.0,0.444,7.0,8.0,0.875,0.0,5.0,5.0,4.0,1.0,1.0,2.0,4.0,39.0,-1.0
22200433,1610612761,TOR,Toronto,1628449,Chris Boucher,Chris,,,16:04,1.0,3.0,0.333,1.0,3.0,0.333,2.0,2.0,1.0,0.0,3.0,3.0,0.0,1.0,0.0,0.0,3.0,5.0,-5.0
22200433,1610612761,TOR,Toronto,1630201,Malachi Flynn,Malachi,,,28:17,5.0,11.0,0.455,2.0,5.0,0.4,1.0,2.0,0.5,0.0,1.0,1.0,1.0,1.0,0.0,2.0,1.0,13.0,3.0
22200433,1610612761,TOR,Toronto,201152,Thaddeus Young,Thaddeus,,,13:37,2.0,4.0,0.5,0.0,0.0,0.0,0.0,0.0,0.0,2.0,2.0,4.0,1.0,0.0,0.0,0.0,0.0,4.0,-1.0
22200433,1610612761,TOR,Toronto,1630173,Precious Achiuwa,Precious,,DND - Injury/Illness,,,,,,,,,,,,,,,,,,,,
22200433,1610612761,TOR,Toronto,1630625,Dalano Banton,Dalano,,DNP - Coach's Decision,,,,,,,,,,,,,,,,,,,,
22200433,1610612761,TOR,Toronto,203920,Khem Birch,Khem,,DNP - Coach's Decision,,,,,,,,,,,,,,,,,,,,
22200433,1610612761,TOR,Toronto,1630288,Jeff Dowtin Jr.,Jeff,,DNP - Coach's Decision,,,,,,,,,,,,,,,,,,,,
22200430,1610612753,ORL,Orlando,1631094,Paolo Banchero,Paolo,F,,37:00,5.0,13.0,0.385,3.0,6.0,0.5,7.0,8.0,0.875,1.0,4.0,5.0,5.0,1.0,0.0,3.0,5.0,20.0,-1.0
22200430,1610612753,ORL,Orlando,1629626,Bol Bol,Bol,F,,19:06,1.0,5.0,0.2,0.0,2.0,0.0,2.0,4.0,0.5,1.0,7.0,8.0,0.0,0.0,0.0,2.0,0.0,4.0,-1.0
22200430,1610612753,ORL,Orlando,1629021,Moritz Wagner,Moritz,C,,23:17,9.0,12.0,0.75,1.0,2.0,0.5,6.0,6.0,1.0,4.0,4.0,8.0,1.0,1.0,0.0,2.0,2.0,25.0,-7.0
22200430,1610612753,ORL,Orlando,1630532,Franz Wagner,Franz,G,,34:14,6.0,19.0,0.316,1.0,7.0,0.143,6.0,6.0,1.0,1.0,3.0,4.0,2.0,0.0,0.0,2.0,3.0,19.0,4.0
22200430,1610612753,ORL,Orlando,1628365,Markelle Fultz,Markelle,G,,28:10,5.0,10.0,0.5,0.0,1.0,0.0,2.0,2.0,1.0,3.0,1.0,4.0,4.0,2.0,1.0,5.0,6.0,12.0,2.0
22200430,1610612753,ORL,Orlando,203082,Terrence Ross,Terrence,,,27:42,3.0,8.0,0.375,1.0,5.0,0.2,0.0,0.0,0.0,0.0,5.0,5.0,2.0,1.0,0.0,1.0,0.0,7.0,13.0
22200430,1610612753,ORL,Orlando,1630175,Cole Anthony,Cole,,,29:29,7.0,13.0,0.538,0.0,5.0,0.0,0.0,0.0,0.0,0.0,5.0,5.0,3.0,0.0,0.0,2.0,2.0,14.0,7.0
22200430,1610612753,ORL,Orlando,1628964,Mo Bamba,Mo,,,24:43,3.0,7.0,0.429,1.0,2.0,0.5,1.0,2.0,0.5,5.0,7.0,12.0,1.0,1.0,0.0,0.0,3.0,8.0,15.0
22200430,1610612753,ORL,Orlando,1629678,Admiral Schofield,Admiral,,,11:00,1.0,2.0,0.5,1.0,2.0,0.5,0.0,0.0,0.0,0.0,1.0,1.0,1.0,0.0,0.0,0.0,4.0,3.0,9.0
22200430,1610612753,ORL,Orlando,1630284,Kevon Harris,Kevon,,,5:19,2.0,2.0,1.0,1.0,1.0,1.0,0.0,0.0,0.0,0.0,1.0,1.0,0.0,1.0,0.0,0.0,1.0,5.0,-1.0
22200430,1610612753,ORL,Orlando,1631216,Caleb Houstan,Caleb,,DNP - Coach's Decision,,,,,,,,,,,,,,,,,,,,
22200430,1610612738,BOS,Boston,1627759,Jaylen Brown,Jaylen,F,,36:38,7.0,17.0,0.412,4.0,10.0,0.4,8.0,10.0,0.8,0.0,4.0,4.0,3.0,1.0,2.0,7.0,3.0,26.0,0.0
22200430,1610612738,BOS,Boston,1628369,Jayson Tatum,Jayson,F,,38:03,9.0,20.0,0.45,2.0,8.0,0.25,11.0,12.0,0.917,3.0,4.0,7.0,3.0,2.0,0.0,2.0,1.0,31.0,-10.0
22200430,1610612738,BOS,Boston,201143,Al Horford,Al,C,,15:53,2.0,4.0,0.5,2.0,4.0,0.5,0.0,0.0,0.0,0.0,6.0,6.0,1.0,0.0,3.0,1.0,2.0,6.0,5.0
22200430,1610612738,BOS,Boston,1628401,Derrick White,Derrick,G,,25:36,1.0,5.0,0.2,0.0,3.0,0.0,1.0,2.0,0.5,1.0,2.0,3.0,1.0,1.0,3.0,1.0,2.0,3.0,-1.0
22200430,1610612738,BOS,Boston,203935,Marcus Smart,Marcus,G,,34:26,3.0,9.0,0.333,1.0,7.0,0.143,3.0,4.0,0.75,1.0,0.0,1.0,8.0,1.0,1.0,1.0,3.0,10.0,-1.0
22200430,1610612738,BOS,Boston,1629057,Robert Williams III,Robert,,,17:34,4.0,4.0,1.0,0.0,0.0,0.0,1.0,2.0,0.5,2.0,3.0,5.0,1.0,1.0,1.0,1.0,3.0,9.0,-6.0
22200430,1610612738,BOS,Boston,1627763,Malcolm Brogdon,Malcolm,,,29:45,6.0,15.0,0.4,1.0,7.0,0.143,2.0,2.0,1.0,0.0,3.0,3.0,0.0,2.0,2.0,1.0,2.0,15.0,-3.0
22200430,1610612738,BOS,Boston,1629684,Grant Williams,Grant,,,19:09,2.0,7.0,0.286,1.0,5.0,0.2,2.0,2.0,1.0,2.0,3.0,5.0,0.0,1.0,0.0,0.0,0.0,7.0,-7.0
22200430,1610612738,BOS,Boston,1630573,Sam Hauser,Sam,,,10:15,0.0,2.0,0.0,0.0,2.0,0.0,0.0,0.0,0.0,0.0,2.0,2.0,0.0,0.0,0.0,0.0,1.0,0.0,-4.0
22200430,1610612738,BOS,Boston,1628436,Luke Kornet,Luke,,,7:20,1.0,1.0,1.0,0.0,0.0,0.0,0.0,0.0,0.0,1.0,1.0,2.0,0.0,0.0,0.0,0.0,2.0,2.0,-10.0
22200430,1610612738,BOS,Boston,201933,Blake Griffin,Blake,,,5:21,0.0,0.0,0.0,0.0,0.0,0.0,0.0,0.0,0.0,0.0,0.0,0.0,0.0,0.0,0.0,0.0,2.0,0.0,-3.0
22200430,1610612738,BOS,Boston,1631120,JD Davison,JD,,DNP - Coach's Decision,,,,,,,,,,,,,,,,,,,,
22200430,1610612738,BOS,Boston,1628382,Justin Jackson,Justin,,DNP - Coach's Decision,,,,,,,,,,,,,,,,,,,,
22200430,1610612738,BOS,Boston,1630202,Payton Pritchard,Payton,,DNP - Coach's Decision,,,,,,,,,,,,,,,,,,,,
22200430,1610612738,BOS,Boston,203943,Noah Vonleh,Noah,,DNP - Coach's Decision,,,,,,,,,,,,,,,,,,,,
22200435,1610612750,MIN,Minnesota,203937,Kyle Anderson,Kyle,F,,32:11,3.0,9.0,0.333,0.0,0.0,0.0,0.0,0.0,0.0,0.0,6.0,6.0,2.0,3.0,1.0,0.0,3.0,6.0,-5.0
22200435,1610612750,MIN,Minnesota,1630183,Jaden McDaniels,Jaden,F,,29:55,5.0,11.0,0.455,2.0,6.0,0.333,2.0,4.0,0.5,2.0,3.0,5.0,1.0,2.0,1.0,3.0,5.0,14.0,9.0
22200435,1610612750,MIN,Minnesota,1629675,Naz Reid,Naz,C,,36:39,11.0,18.0,0.611,3.0,5.0,0.6,3.0,7.0,0.429,3.0,6.0,9.0,3.0,3.0,1.0,3.0,3.0,28.0,21.0
22200435,1610612750,MIN,Minnesota,1630162,Anthony Edwards,Anthony,G,,35:17,8.0,16.0,0.5,2.0,3.0,0.667,1.0,5.0,0.2,2.0,9.0,11.0,7.0,1.0,1.0,2.0,0.0,19.0,12.0
22200435,1610612750,MIN,Minnesota,203085,Austin Rivers,Austin,G,,31:22,6.0,7.0,0.857,4.0,5.0,0.8,4.0,4.0,1.0,0.0,3.0,3.0,1.0,5.0,0.0,3.0,3.0,20.0,6.0
22200435,1610612750,MIN,Minnesota,1629669,Jaylen Nowell,Jaylen,,,33:46,6.0,14.0,0.429,1.0,2.0,0.5,0.0,0.0,0.0,1.0,3.0,4.0,4.0,1.0,1.0,1.0,3.0,13.0,2.0
22200435,1610612750,MIN,Minnesota,1627854,Bryn Forbes,Bryn,,,15:57,1.0,4.0,0.25,0.0,1.0,0.0,0.0,0.0,0.0,0.0,0.0,0.0,1.0,0.0,0.0,1.0,0.0,2.0,-15.0
22200435,1610612750,MIN,Minnesota,1631111,Wendell Moore Jr.,Wendell,,,6:37,0.0,3.0,0.0,0.0,1.0,0.0,0.0,0.0,0.0,0.0,0.0,0.0,3.0,1.0,0.0,0.0,0.0,0.0,-5.0
22200435,1610612750,MIN,Minnesota,1630233,Nathan Knight,Nathan,,,11:21,3.0,3.0,1.0,0.0,0.0,0.0,4.0,5.0,0.8,3.0,2.0,5.0,0.0,0.0,1.0,3.0,1.0,10.0,-19.0
22200435,1610612750,MIN,Minnesota,1630346,Matt Ryan,Matt,,,6:56,0.0,2.0,0.0,0.0,2.0,0.0,0.0,0.0,0.0,0.0,0.0,0.0,1.0,0.0,0.0,0.0,0.0,0.0,4.0
22200435,1610612750,MIN,Minnesota,1630568,Luka Garza,Luka,,DNP - Coach's Decision,,,,,,,,,,,,,,,,,,,,
22200435,1610612750,MIN,Minnesota,1631169,Josh Minott,Josh,,DNP - Coach's Decision,,,,,,,,,,,,,,,,,,,,
22200435,1610612760,OKC,Oklahoma City,1629652,Luguentz Dort,Luguentz,F,,23:29,1.0,7.0,0.143,1.0,5.0,0.2,0.0,0.0,0.0,1.0,0.0,1.0,4.0,0.0,1.0,2.0,2.0,3.0,-15.0
22200435,1610612760,OKC,Oklahoma City,1631114,Jalen Williams,Jalen,F,,32:44,5.0,8.0,0.625,0.0,3.0,0.0,3.0,5.0,0.6,1.0,3.0,4.0,3.0,0.0,0.0,4.0,2.0,13.0,-7.0
22200435,1610612760,OKC,Oklahoma City,1630197,Aleksej Pokusevski,Aleksej,C,,24:04,3.0,8.0,0.375,1.0,5.0,0.2,2.0,2.0,1.0,1.0,3.0,4.0,3.0,1.0,2.0,2.0,1.0,9.0,-15.0
22200435,1610612760,OKC,Oklahoma City,1630581,Josh Giddey,Josh,G,,29:42,5.0,10.0,0.5,1.0,4.0,0.25,0.0,0.0,0.0,1.0,12.0,13.0,6.0,0.0,0.0,4.0,1.0,11.0,-4.0
22200435,1610612760,OKC,Oklahoma City,1628983,Shai Gilgeous-Alexander,Shai,G,,37:49,11.0,23.0,0.478,3.0,5.0,0.6,10.0,12.0,0.833,1.0,6.0,7.0,5.0,1.0,0.0,5.0,4.0,35.0,5.0
22200435,1610612760,OKC,Oklahoma City,1630198,Isaiah Joe,Isaiah,,,13:17,2.0,5.0,0.4,1.0,3.0,0.333,1.0,1.0,1.0,0.0,0.0,0.0,1.0,0.0,0.0,1.0,2.0,6.0,4.0
22200435,1610612760,OKC,Oklahoma City,1630647,Eugene Omoruyi,Eugene,,,21:06,6.0,8.0,0.75,1.0,2.0,0.5,1.0,1.0,1.0,2.0,3.0,5.0,1.0,3.0,0.0,1.0,2.0,14.0,-2.0
22200435,1610612760,OKC,Oklahoma City,1630598,Aaron Wiggins,Aaron,,,27:47,6.0,11.0,0.545,2.0,5.0,0.4,0.0,0.0,0.0,1.0,5.0,6.0,1.0,0.0,0.0,3.0,4.0,14.0,7.0
22200435,1610612760,OKC,Oklahoma City,203488,Mike Muscala,Mike,,,10:59,1.0,4.0,0.25,0.0,2.0,0.0,0.0,0.0,0.0,0.0,3.0,3.0,1.0,1.0,1.0,0.0,0.0,2.0,11.0
22200435,1610612760,OKC,Oklahoma City,1630544,Tre Mann,Tre,,,7:45,0.0,2.0,0.0,0.0,1.0,0.0,0.0,0.0,0.0,1.0,1.0,2.0,2.0,0.0,0.0,0.0,1.0,0.0,0.0
22200435,1610612760,OKC,Oklahoma City,1630322,Lindy Waters III,Lindy,,,11:19,1.0,2.0,0.5,1.0,2.0,0.5,0.0,0.0,0.0,0.0,0.0,0.0,2.0,1.0,0.0,0.0,2.0,3.0,6.0
22200435,1610612760,OKC,Oklahoma City,1631119,Jaylin Williams,Jaylin,,DNP - Coach's Decision,,,,,,,,,,,,,,,,,,,,
22200403,1610612751,BKN,Brooklyn,201142,Kevin Durant,Kevin,F,,33:26,11.0,17.0,0.647,3.0,6.0,0.5,5.0,5.0,1.0,0.0,9.0,9.0,6.0,1.0,1.0,3.0,1.0,30.0,11.0
22200403,1610612751,BKN,Brooklyn,203925,Joe Harris,Joe,F,,22:35,5.0,9.0,0.556,1.0,3.0,0.333,0.0,0.0,0.0,0.0,0.0,0.0,0.0,1.0,1.0,0.0,2.0,11.0,-2.0
22200403,1610612751,BKN,Brooklyn,1629651,Nic Claxton,Nic,C,,25:38,4.0,4.0,1.0,0.0,0.0,0.0,1.0,2.0,0.5,2.0,5.0,7.0,1.0,1.0,2.0,0.0,3.0,9.0,22.0
22200403,1610612751,BKN,Brooklyn,202681,Kyrie Irving,Kyrie,G,,36:12,7.0,17.0,0.412,3.0,10.0,0.3,7.0,7.0,1.0,1.0,5.0,6.0,5.0,1.0,2.0,1.0,1.0,24.0,9.0
22200403,1610612751,BKN,Brooklyn,1627732,Ben Simmons,Ben,G,,22:50,5.0,9.0,0.556,0.0,0.0,0.0,0.0,0.0,0.0,0.0,8.0,8.0,5.0,0.0,0.0,2.0,2.0,10.0,7.0
22200403,1610612751,BKN,Brooklyn,202693,Markieff Morris,Markieff,,,6:12,1.0,2.0,0.5,0.0,0.0,0.0,0.0,0.0,0.0,1.0,1.0,2.0,0.0,0.0,0.0,2.0,1.0,2.0,4.0
22200403,1610612751,BKN,Brooklyn,203552,Seth Curry,Seth,,,21:52,1.0,7.0,0.143,1.0,6.0,0.167,0.0,0.0,0.0,0.0,2.0,2.0,0.0,1.0,0.0,0.0,3.0,3.0,-6.0
22200403,1610612751,BKN,Brooklyn,1629139,Yuta Watanabe,Yuta,,,21:22,1.0,6.0,0.167,0.0,1.0,0.0,0.0,0.0,0.0,0.0,2.0,2.0,1.0,1.0,1.0,1.0,3.0,2.0,13.0
22200403,1610612751,BKN,Brooklyn,1628410,Edmond Sumner,Edmond,,,12:17,2.0,4.0,0.5,0.0,0.0,0.0,0.0,0.0,0.0,0.0,1.0,1.0,2.0,1.0,0.0,2.0,1.0,4.0,8.0
22200403,1610612751,BKN,Brooklyn,1630560,Cam Thomas,Cam,,,19:01,1.0,4.0,0.25,0.0,0.0,0.0,3.0,4.0,0.75,0.0,0.0,0.0,2.0,0.0,0.0,0.0,0.0,5.0,-5.0
22200403,1610612751,BKN,Brooklyn,203933,T.J. Warren,T.J.,,,18:36,6.0,10.0,0.6,0.0,1.0,0.0,0.0,0.0,0.0,3.0,1.0,4.0,3.0,1.0,0.0,0.0,3.0,12.0,-1.0
22200403,1610612751,BKN,Brooklyn,201988,Patty Mills,Patty,,DNP - Coach's Decision,,,,,,,,,,,,,,,,,,,,
22200403,1610612751,BKN,Brooklyn,1630549,Day'Ron Sharpe,Day'Ron,,DNP - Coach's Decision,,,,,,,,,,,,,,,,,,,,
22200403,1610612764,WAS,Washington,1630166,Deni Avdija,Deni,F,,26:37,2.0,4.0,0.5,1.0,3.0,0.333,3.0,3.0,1.0,0.0,7.0,7.0,1.0,0.0,0.0,1.0,4.0,8.0,-3.0
22200403,1610612764,WAS,Washington,1628398,Kyle Kuzma,Kyle,F,,39:01,8.0,21.0,0.381,4.0,10.0,0.4,0.0,4.0,0.0,2.0,5.0,7.0,3.0,0.0,1.0,4.0,2.0,20.0,-3.0
22200403,1610612764,WAS,Washington,204001,Kristaps Porziņģis,Kristaps,C,,24:05,7.0,11.0,0.636,0.0,1.0,0.0,6.0,6.0,1.0,0.0,3.0,3.0,1.0,2.0,1.0,5.0,2.0,20.0,-22.0
22200403,1610612764,WAS,Washington,1630557,Corey Kispert,Corey,G,,35:34,3.0,11.0,0.273,2.0,6.0,0.333,1.0,1.0,1.0,2.0,2.0,4.0,1.0,1.0,0.0,1.0,1.0,9.0,-26.0
22200403,1610612764,WAS,Washington,1630692,Jordan Goodwin,Jordan,G,,35:55,5.0,9.0,0.556,0.0,2.0,0.0,1.0,2.0,0.5,0.0,4.0,4.0,7.0,2.0,0.0,3.0,1.0,11.0,-6.0
22200403,1610612764,WAS,Washington,203115,Will Barton,Will,,,33:06,8.0,15.0,0.533,4.0,8.0,0.5,2.0,2.0,1.0,0.0,7.0,7.0,7.0,0.0,0.0,1.0,3.0,22.0,4.0
22200403,1610612764,WAS,Washington,1629653,Devon Dotson,Devon,,,12:05,0.0,3.0,0.0,0.0,1.0,0.0,0.0,0.0,0.0,1.0,1.0,2.0,1.0,1.0,0.0,1.0,2.0,0.0,-6.0
22200403,1610612764,WAS,Washington,1630264,Anthony Gill,Anthony,,,8:21,0.0,0.0,0.0,0.0,0.0,0.0,0.0,0.0,0.0,0.0,0.0,0.0,0.0,0.0,0.0,1.0,1.0,0.0,-6.0
22200403,1610612764,WAS,Washington,1629655,Daniel Gafford,Daniel,,,20:21,4.0,4.0,1.0,0.0,0.0,0.0,2.0,4.0,0.5,1.0,9.0,10.0,0.0,0.0,0.0,1.0,0.0,10.0,9.0
22200403,1610612764,WAS,Washington,201959,Taj Gibson,Taj,,,4:55,0.0,1.0,0.0,0.0,0.0,0.0,0.0,0.0,0.0,0.0,0.0,0.0,0.0,0.0,0.0,1.0,0.0,0.0,-1.0
22200403,1610612764,WAS,Washington,1628420,Monté Morris,Monté,,DNP - Injury/Illness,,,,,,,,,,,,,,,,,,,,
22200406,1610612739,CLE,Cleveland,1630205,Lamar Stevens,Lamar,F,,24:32,0.0,0.0,0.0,0.0,0.0,0.0,0.0,0.0,0.0,0.0,3.0,3.0,0.0,0.0,0.0,1.0,0.0,0.0,-9.0
22200406,1610612739,CLE,Cleveland,1630596,Evan Mobley,Evan,F,,37:47,7.0,12.0,0.583,0.0,0.0,0.0,3.0,4.0,0.75,4.0,9.0,13.0,4.0,0.0,1.0,3.0,2.0,17.0,2.0
22200406,1610612739,CLE,Cleveland,1628386,Jarrett Allen,Jarrett,C,,36:08,7.0,11.0,0.636,0.0,0.0,0.0,2.0,2.0,1.0,3.0,4.0,7.0,3.0,1.0,3.0,0.0,2.0,16.0,1.0
22200406,1610612739,CLE,Cleveland,1628378,Donovan Mitchell,Donovan,G,,36:34,12.0,24.0,0.5,2.0,7.0,0.286,2.0,2.0,1.0,4.0,1.0,5.0,1.0,0.0,0.0,3.0,3.0,28.0,-9.0
22200406,1610612739,CLE,Cleveland,1629636,Darius Garland,Darius,G,,39:12,7.0,22.0,0.318,1.0,6.0,0.167,3.0,3.0,1.0,2.0,5.0,7.0,9.0,1.0,0.0,4.0,2.0,18.0,10.0
22200406,1610612739,CLE,Cleveland,1627747,Caris LeVert,Caris,,,29:15,9.0,13.0,0.692,1.0,4.0,0.25,4.0,4.0,1.0,1.0,1.0,2.0,3.0,2.0,0.0,2.0,1.0,23.0,14.0
22200406,1610612739,CLE,Cleveland,201567,Kevin Love,Kevin,,,13:41,2.0,6.0,0.333,1.0,3.0,0.333,2.0,2.0,1.0,1.0,2.0,3.0,0.0,1.0,0.0,1.0,2.0,7.0,-8.0
22200406,1610612739,CLE,Cleveland,1626224,Cedi Osman,Cedi,,,7:07,1.0,2.0,0.5,0.0,1.0,0.0,0.0,0.0,0.0,0.0,1.0,1.0,1.0,0.0,0.0,0.0,1.0,2.0,-2.0
22200406,1610612739,CLE,Cleveland,1630171,Isaac Okoro,Isaac,,,15:44,0.0,2.0,0.0,0.0,2.0,0.0,0.0,0.0,0.0,0.0,3.0,3.0,0.0,2.0,3.0,1.0,0.0,0.0,-4.0
22200406,1610612739,CLE,Cleveland,201577,Robin Lopez,Robin,,DNP - Coach's Decision,,,,,,,,,,,,,,,,,,,,
22200406,1610612739,CLE,Cleveland,1630600,Isaiah Mobley,Isaiah,,DNP - Coach's Decision,,,,,,,,,,,,,,,,,,,,
22200406,1610612739,CLE,Cleveland,203526,Raul Neto,Raul,,DNP - Coach's Decision,,,,,,,,,,,,,,,,,,,,
22200406,1610612759,SAS,San Antonio,1629640,Keldon Johnson,Keldon,F,,33:35,8.0,25.0,0.32,1.0,6.0,0.167,4.0,5.0,0.8,2.0,4.0,6.0,2.0,0.0,1.0,2.0,1.0,21.0,3.0
22200406,1610612759,SAS,San Antonio,1629676,Isaiah Roby,Isaiah,F,,14:30,4.0,7.0,0.571,1.0,2.0,0.5,0.0,0.0,0.0,1.0,2.0,3.0,2.0,0.0,0.0,1.0,1.0,9.0,11.0
22200406,1610612759,SAS,San Antonio,1628380,Zach Collins,Zach,C,,27:48,4.0,7.0,0.571,0.0,0.0,0.0,1.0,2.0,0.5,6.0,4.0,10.0,5.0,0.0,0.0,2.0,6.0,9.0,-9.0
22200406,1610612759,SAS,San Antonio,1629641,Romeo Langford,Romeo,G,,24:51,1.0,5.0,0.2,0.0,2.0,0.0,1.0,2.0,0.5,2.0,1.0,3.0,1.0,1.0,1.0,0.0,1.0,3.0,-12.0
22200406,1610612759,SAS,San Antonio,1630200,Tre Jones,Tre,G,,28:37,6.0,11.0,0.545,0.0,0.0,0.0,3.0,3.0,1.0,1.0,3.0,4.0,5.0,2.0,0.0,3.0,2.0,15.0,-16.0
22200406,1610612759,SAS,San Antonio,1631110,Jeremy Sochan,Jeremy,,,18:17,1.0,4.0,0.25,0.0,2.0,0.0,0.0,2.0,0.0,0.0,3.0,3.0,3.0,0.0,0.0,1.0,2.0,2.0,14.0
22200406,1610612759,SAS,San Antonio,1626196,Josh Richardson,Josh,,,27:00,9.0,13.0,0.692,5.0,7.0,0.714,1.0,1.0,1.0,0.0,1.0,1.0,2.0,0.0,0.0,2.0,3.0,24.0,6.0
22200406,1610612759,SAS,San Antonio,1630170,Devin Vassell,Devin,,,27:34,7.0,14.0,0.5,2.0,6.0,0.333,0.0,0.0,0.0,0.0,2.0,2.0,3.0,3.0,0.0,0.0,2.0,16.0,0.0
22200406,1610612759,SAS,San Antonio,1629646,Charles Bassey,Charles,,,20:12,3.0,5.0,0.6,0.0,0.0,0.0,0.0,0.0,0.0,6.0,5.0,11.0,1.0,0.0,0.0,1.0,1.0,6.0,10.0
22200406,1610612759,SAS,San Antonio,203926,Doug McDermott,Doug,,,17:36,3.0,6.0,0.5,0.0,2.0,0.0,1.0,1.0,1.0,1.0,2.0,3.0,1.0,0.0,0.0,0.0,0.0,7.0,-2.0
22200406,1610612759,SAS,San Antonio,1631230,Dominick Barlow,Dominick,,DNP - Coach's Decision,,,,,,,,,,,,,,,,,,,,
22200406,1610612759,SAS,San Antonio,1631103,Malaki Branham,Malaki,,DNP - Coach's Decision,,,,,,,,,,,,,,,,,,,,
22200406,1610612759,SAS,San Antonio,203476,Gorgui Dieng,Gorgui,,DNP - Coach's Decision,,,,,,,,,,,,,,,,,,,,
22200406,1610612759,SAS,San Antonio,1628993,Alize Johnson,Alize,,DNP - Coach's Decision,,,,,,,,,,,,,,,,,,,,
22200398,1610612761,TOR,Toronto,1630567,Scottie Barnes,Scottie,F,,41:04,3.0,13.0,0.231,1.0,3.0,0.333,4.0,4.0,1.0,0.0,2.0,2.0,0.0,1.0,0.0,1.0,5.0,11.0,-16.0
22200398,1610612761,TOR,Toronto,1627783,Pascal Siakam,Pascal,F,,37:40,6.0,16.0,0.375,0.0,4.0,0.0,7.0,9.0,0.778,1.0,5.0,6.0,7.0,1.0,1.0,4.0,4.0,19.0,-4.0
22200398,1610612761,TOR,Toronto,1631132,Christian Koloko,Christian,C,,6:35,1.0,1.0,1.0,0.0,0.0,0.0,0.0,0.0,0.0,0.0,1.0,1.0,0.0,1.0,2.0,0.0,3.0,2.0,-3.0
22200398,1610612761,TOR,Toronto,1629018,Gary Trent Jr.,Gary,G,,43:31,8.0,18.0,0.444,3.0,8.0,0.375,5.0,6.0,0.833,0.0,3.0,3.0,1.0,1.0,0.0,1.0,1.0,24.0,-5.0
22200398,1610612761,TOR,Toronto,1627832,Fred VanVleet,Fred,G,,42:17,4.0,11.0,0.364,2.0,7.0,0.286,10.0,12.0,0.833,1.0,3.0,4.0,7.0,4.0,0.0,1.0,4.0,20.0,-5.0
22200398,1610612761,TOR,Toronto,203920,Khem Birch,Khem,,,18:14,4.0,5.0,0.8,0.0,1.0,0.0,1.0,1.0,1.0,0.0,1.0,1.0,0.0,0.0,1.0,1.0,2.0,9.0,-6.0
22200398,1610612761,TOR,Toronto,1630625,Dalano Banton,Dalano,,,6:42,0.0,1.0,0.0,0.0,0.0,0.0,0.0,0.0,0.0,1.0,2.0,3.0,1.0,0.0,0.0,1.0,0.0,0.0,-5.0
22200398,1610612761,TOR,Toronto,1628449,Chris Boucher,Chris,,,27:44,3.0,8.0,0.375,0.0,1.0,0.0,6.0,6.0,1.0,3.0,2.0,5.0,0.0,1.0,2.0,0.0,3.0,12.0,-8.0
22200398,1610612761,TOR,Toronto,201152,Thaddeus Young,Thaddeus,,,16:13,1.0,2.0,0.5,0.0,1.0,0.0,0.0,0.0,0.0,1.0,2.0,3.0,2.0,0.0,1.0,0.0,3.0,2.0,-8.0
22200398,1610612761,TOR,Toronto,1630173,Precious Achiuwa,Precious,,DND - Injury/Illness,,,,,,,,,,,,,,,,,,,,
22200398,1610612761,TOR,Toronto,1628384,OG Anunoby,OG,,DND - Injury/Illness,,,,,,,,,,,,,,,,,,,,
22200398,1610612761,TOR,Toronto,1630201,Malachi Flynn,Malachi,,DNP - Coach's Decision,,,,,,,,,,,,,,,,,,,,
22200398,1610612753,ORL,Orlando,1629626,Bol Bol,Bol,F,,22:04,3.0,4.0,0.75,0.0,1.0,0.0,0.0,0.0,0.0,1.0,4.0,5.0,2.0,0.0,3.0,1.0,0.0,6.0,-6.0
22200398,1610612753,ORL,Orlando,1631094,Paolo Banchero,Paolo,F,,36:35,6.0,14.0,0.429,2.0,5.0,0.4,6.0,8.0,0.75,4.0,8.0,12.0,5.0,1.0,1.0,4.0,1.0,20.0,5.0
22200398,1610612753,ORL,Orlando,1629021,Moritz Wagner,Moritz,C,,20:49,2.0,8.0,0.25,2.0,4.0,0.5,0.0,0.0,0.0,2.0,1.0,3.0,1.0,0.0,0.0,1.0,5.0,6.0,-2.0
22200398,1610612753,ORL,Orlando,1630532,Franz Wagner,Franz,G,,36:24,6.0,14.0,0.429,3.0,5.0,0.6,8.0,10.0,0.8,1.0,2.0,3.0,4.0,0.0,1.0,1.0,3.0,23.0,13.0
22200398,1610612753,ORL,Orlando,1628365,Markelle Fultz,Markelle,G,,23:19,2.0,5.0,0.4,0.0,2.0,0.0,3.0,4.0,0.75,0.0,1.0,1.0,4.0,0.0,0.0,5.0,5.0,7.0,1.0
22200398,1610612753,ORL,Orlando,203082,Terrence Ross,Terrence,,,23:07,3.0,6.0,0.5,2.0,3.0,0.667,0.0,0.0,0.0,0.0,1.0,1.0,0.0,1.0,0.0,0.0,1.0,8.0,16.0
22200398,1610612753,ORL,Orlando,1630175,Cole Anthony,Cole,,,29:22,5.0,9.0,0.556,1.0,3.0,0.333,3.0,3.0,1.0,1.0,5.0,6.0,6.0,1.0,0.0,1.0,4.0,14.0,11.0
22200398,1610612753,ORL,Orlando,1628964,Mo Bamba,Mo,,,23:27,6.0,6.0,1.0,2.0,2.0,1.0,4.0,5.0,0.8,1.0,8.0,9.0,1.0,0.0,2.0,0.0,4.0,18.0,11.0
22200398,1610612753,ORL,Orlando,1629678,Admiral Schofield,Admiral,,,8:53,1.0,4.0,0.25,0.0,2.0,0.0,1.0,1.0,1.0,0.0,1.0,1.0,2.0,0.0,0.0,0.0,4.0,3.0,4.0
22200398,1610612753,ORL,Orlando,1630284,Kevon Harris,Kevon,,,16:00,2.0,7.0,0.286,2.0,4.0,0.5,0.0,0.0,0.0,1.0,0.0,1.0,0.0,0.0,0.0,1.0,1.0,6.0,7.0
22200398,1610612753,ORL,Orlando,1630181,R.J. Hampton,R.J.,,DNP - Coach's Decision,,,,,,,,,,,,,,,,,,,,
22200398,1610612753,ORL,Orlando,1631216,Caleb Houstan,Caleb,,DNP - Coach's Decision,,,,,,,,,,,,,,,,,,,,
22200399,1610612766,CHA,Charlotte,1629023,P.J. Washington,P.J.,F,,35:08,2.0,12.0,0.167,0.0,4.0,0.0,0.0,0.0,0.0,1.0,3.0,4.0,3.0,2.0,0.0,0.0,3.0,4.0,-12.0
22200399,1610612766,CHA,Charlotte,1629667,Jalen McDaniels,Jalen,F,,30:31,6.0,13.0,0.462,1.0,4.0,0.25,2.0,2.0,1.0,1.0,4.0,5.0,3.0,3.0,0.0,3.0,5.0,15.0,-22.0
22200399,1610612766,CHA,Charlotte,203486,Mason Plumlee,Mason,C,,25:34,2.0,5.0,0.4,0.0,0.0,0.0,3.0,3.0,1.0,5.0,7.0,12.0,5.0,1.0,1.0,2.0,3.0,7.0,-11.0
22200399,1610612766,CHA,Charlotte,1626162,Kelly Oubre Jr.,Kelly,G,,36:54,11.0,23.0,0.478,3.0,8.0,0.375,4.0,7.0,0.571,1.0,2.0,3.0,1.0,2.0,1.0,2.0,5.0,29.0,-6.0
22200399,1610612766,CHA,Charlotte,1626179,Terry Rozier,Terry,G,,34:17,10.0,20.0,0.5,5.0,8.0,0.625,4.0,4.0,1.0,2.0,6.0,8.0,6.0,0.0,0.0,5.0,5.0,29.0,-9.0
22200399,1610612766,CHA,Charlotte,1631121,Bryce McGowens,Bryce,,,23:21,1.0,3.0,0.333,0.0,2.0,0.0,0.0,0.0,0.0,0.0,1.0,1.0,2.0,1.0,0.0,2.0,0.0,2.0,-6.0
22200399,1610612766,CHA,Charlotte,1630208,Nick Richards,Nick,,,20:45,2.0,5.0,0.4,0.0,0.0,0.0,5.0,6.0,0.833,4.0,4.0,8.0,0.0,1.0,1.0,0.0,0.0,9.0,-6.0
22200399,1610612766,CHA,Charlotte,1630177,Theo Maledon,Theo,,,16:17,1.0,5.0,0.2,1.0,2.0,0.5,6.0,6.0,1.0,0.0,0.0,0.0,1.0,1.0,0.0,1.0,0.0,9.0,-13.0
22200399,1610612766,CHA,Charlotte,1630539,Kai Jones,Kai,,,12:52,2.0,4.0,0.5,0.0,0.0,0.0,2.0,2.0,1.0,1.0,2.0,3.0,0.0,0.0,0.0,0.0,2.0,6.0,-6.0
22200399,1610612766,CHA,Charlotte,1630547,James Bouknight,James,,,2:40,1.0,2.0,0.5,1.0,1.0,1.0,0.0,0.0,0.0,0.0,1.0,1.0,0.0,1.0,0.0,0.0,1.0,3.0,2.0
22200399,1610612766,CHA,Charlotte,1630550,JT Thor,JT,,,1:41,0.0,1.0,0.0,0.0,1.0,0.0,0.0,0.0,0.0,0.0,0.0,0.0,0.0,0.0,0.0,0.0,0.0,0.0,-1.0
22200399,1610612755,PHI,Philadelphia,202699,Tobias Harris,Tobias,F,,33:11,7.0,12.0,0.583,2.0,5.0,0.4,1.0,1.0,1.0,1.0,3.0,4.0,2.0,3.0,1.0,3.0,3.0,17.0,17.0
22200399,1610612755,PHI,Philadelphia,200782,P.J. Tucker,P.J.,F,,32:08,0.0,3.0,0.0,0.0,1.0,0.0,3.0,3.0,1.0,1.0,1.0,2.0,0.0,1.0,1.0,0.0,2.0,3.0,17.0
22200399,1610612755,PHI,Philadelphia,203954,Joel Embiid,Joel,C,,34:19,20.0,32.0,0.625,2.0,3.0,0.667,11.0,11.0,1.0,3.0,9.0,12.0,3.0,0.0,1.0,2.0,2.0,53.0,11.0
22200399,1610612755,PHI,Philadelphia,1629001,De'Anthony Melton,De'Anthony,G,,28:25,4.0,8.0,0.5,4.0,7.0,0.571,0.0,0.0,0.0,0.0,4.0,4.0,2.0,1.0,1.0,1.0,2.0,12.0,15.0
22200399,1610612755,PHI,Philadelphia,201935,James Harden,James,G,,38:14,6.0,12.0,0.5,3.0,8.0,0.375,4.0,5.0,0.8,1.0,8.0,9.0,16.0,0.0,1.0,4.0,3.0,19.0,18.0
22200399,1610612755,PHI,Philadelphia,1629003,Shake Milton,Shake,,,20:38,4.0,7.0,0.571,1.0,1.0,1.0,2.0,3.0,0.667,0.0,2.0,2.0,3.0,0.0,0.0,0.0,2.0,11.0,2.0
22200399,1610612755,PHI,Philadelphia,1627777,Georges Niang,Georges,,,13:25,1.0,2.0,0.5,1.0,2.0,0.5,0.0,0.0,0.0,0.0,2.0,2.0,1.0,0.0,0.0,2.0,5.0,3.0,0.0
22200399,1610612755,PHI,Philadelphia,1629680,Matisse Thybulle,Matisse,,,12:46,0.0,0.0,0.0,0.0,0.0,0.0,0.0,0.0,0.0,1.0,1.0,2.0,0.0,0.0,0.0,1.0,2.0,0.0,1.0
22200399,1610612755,PHI,Philadelphia,1627788,Furkan Korkmaz,Furkan,,,10:34,0.0,2.0,0.0,0.0,0.0,0.0,4.0,6.0,0.667,0.0,1.0,1.0,0.0,1.0,0.0,1.0,0.0,4.0,1.0
22200399,1610612755,PHI,Philadelphia,1626149,Montrezl Harrell,Montrezl,,,12:58,4.0,5.0,0.8,0.0,0.0,0.0,1.0,3.0,0.333,2.0,1.0,3.0,4.0,0.0,1.0,0.0,2.0,9.0,6.0
22200399,1610612755,PHI,Philadelphia,1630194,Paul Reed,Paul,,,1:41,0.0,0.0,0.0,0.0,0.0,0.0,0.0,0.0,0.0,0.0,0.0,0.0,0.0,0.0,0.0,0.0,0.0,0.0,1.0
22200399,1610612755,PHI,Philadelphia,1630531,Jaden Springer,Jaden,,,1:41,0.0,0.0,0.0,0.0,0.0,0.0,0.0,0.0,0.0,0.0,0.0,0.0,0.0,0.0,0.0,1.0,1.0,0.0,1.0
22200399,1610612755,PHI,Philadelphia,1627863,Danuel House Jr.,Danuel,,DND - Injury/Illness,,,,,,,,,,,,,,,,,,,,
22200400,1610612741,CHI,Chicago,201942,DeMar DeRozan,DeMar,F,,45:19,10.0,21.0,0.476,0.0,0.0,0.0,14.0,15.0,0.933,1.0,12.0,13.0,8.0,0.0,0.0,1.0,2.0,34.0,3.0
22200400,1610612741,CHI,Chicago,1630172,Patrick Williams,Patrick,F,,25:04,4.0,10.0,0.4,0.0,3.0,0.0,0.0,0.0,0.0,2.0,5.0,7.0,1.0,0.0,2.0,2.0,1.0,8.0,-5.0
22200400,1610612741,CHI,Chicago,202696,Nikola Vučević,Nikola,C,,36:50,6.0,11.0,0.545,1.0,2.0,0.5,0.0,0.0,0.0,2.0,6.0,8.0,1.0,2.0,0.0,0.0,0.0,13.0,-5.0
22200400,1610612741,CHI,Chicago,203897,Zach LaVine,Zach,G,,39:15,9.0,16.0,0.563,1.0,5.0,0.2,2.0,3.0,0.667,0.0,3.0,3.0,3.0,0.0,0.0,7.0,4.0,21.0,-8.0
22200400,1610612741,CHI,Chicago,1630245,Ayo Dosunmu,Ayo,G,,13:48,1.0,5.0,0.2,0.0,1.0,0.0,0.0,0.0,0.0,2.0,0.0,2.0,3.0,1.0,0.0,1.0,1.0,2.0,-5.0
22200400,1610612741,CHI,Chicago,1627884,Derrick Jones Jr.,Derrick,,,25:33,6.0,7.0,0.857,1.0,2.0,0.5,1.0,2.0,0.5,2.0,0.0,2.0,2.0,2.0,3.0,0.0,3.0,14.0,2.0
22200400,1610612741,CHI,Chicago,1629632,Coby White,Coby,,,31:28,4.0,12.0,0.333,4.0,9.0,0.444,0.0,0.0,0.0,1.0,5.0,6.0,4.0,1.0,0.0,0.0,3.0,12.0,8.0
22200400,1610612741,CHI,Chicago,201609,Goran Dragic,Goran,,,17:16,1.0,7.0,0.143,0.0,4.0,0.0,0.0,0.0,0.0,0.0,0.0,0.0,6.0,0.0,0.0,2.0,3.0,2.0,4.0
22200400,1610612741,CHI,Chicago,203083,Andre Drummond,Andre,,,16:09,6.0,9.0,0.667,0.0,0.0,0.0,2.0,3.0,0.667,3.0,6.0,9.0,0.0,5.0,0.0,1.0,2.0,14.0,4.0
22200400,1610612741,CHI,Chicago,1629750,Javonte Green,Javonte,,,14:20,1.0,2.0,0.5,0.0,1.0,0.0,0.0,0.0,0.0,0.0,3.0,3.0,0.0,0.0,1.0,4.0,2.0,2.0,-3.0
22200400,1610612741,CHI,Chicago,1628396,Tony Bradley,Tony,,DNP - Coach's Decision,,,,,,,,,,,,,,,,,,,,
22200400,1610612741,CHI,Chicago,1630792,Malcolm Hill,Malcolm,,DNP - Coach's Decision,,,,,,,,,,,,,,,,,,,,
22200400,1610612741,CHI,Chicago,1631207,Dalen Terry,Dalen,,DNP - Coach's Decision,,,,,,,,,,,,,,,,,,,,
22200400,1610612737,ATL,Atlanta,1631100,AJ Griffin,AJ,F,,40:12,7.0,17.0,0.412,2.0,11.0,0.182,1.0,1.0,1.0,0.0,2.0,2.0,2.0,0.0,1.0,1.0,2.0,17.0,6.0
22200400,1610612737,ATL,Atlanta,1629631,De'Andre Hunter,De'Andre,F,,26:02,7.0,13.0,0.538,2.0,4.0,0.5,0.0,0.0,0.0,0.0,3.0,3.0,2.0,0.0,0.0,1.0,3.0,16.0,9.0
22200400,1610612737,ATL,Atlanta,203991,Clint Capela,Clint,C,,31:02,7.0,9.0,0.778,0.0,0.0,0.0,1.0,1.0,1.0,3.0,11.0,14.0,1.0,1.0,1.0,0.0,1.0,15.0,-2.0
22200400,1610612737,ATL,Atlanta,1630235,Trent Forrest,Trent,G,,33:45,3.0,6.0,0.5,0.0,0.0,0.0,1.0,2.0,0.5,2.0,1.0,3.0,2.0,0.0,2.0,0.0,2.0,7.0,0.0
22200400,1610612737,ATL,Atlanta,1629027,Trae Young,Trae,G,,42:27,5.0,18.0,0.278,2.0,8.0,0.25,7.0,9.0,0.778,0.0,2.0,2.0,14.0,0.0,0.0,6.0,4.0,19.0,7.0
22200400,1610612737,ATL,Atlanta,203992,Bogdan Bogdanović,Bogdan,,,35:43,10.0,22.0,0.455,6.0,14.0,0.429,2.0,2.0,1.0,0.0,7.0,7.0,5.0,0.0,1.0,3.0,3.0,28.0,-1.0
22200400,1610612737,ATL,Atlanta,1630552,Jalen Johnson,Jalen,,,15:27,0.0,2.0,0.0,0.0,0.0,0.0,1.0,2.0,0.5,0.0,4.0,4.0,1.0,0.0,0.0,0.0,3.0,1.0,-8.0
22200400,1610612737,ATL,Atlanta,1630168,Onyeka Okongwu,Onyeka,,,21:56,6.0,8.0,0.75,0.0,0.0,0.0,2.0,3.0,0.667,3.0,6.0,9.0,1.0,1.0,0.0,1.0,3.0,14.0,1.0
22200400,1610612737,ATL,Atlanta,1628988,Aaron Holiday,Aaron,,,13:49,2.0,2.0,1.0,1.0,1.0,1.0,1.0,1.0,1.0,0.0,1.0,1.0,0.0,1.0,0.0,2.0,1.0,6.0,-5.0
22200400,1610612737,ATL,Atlanta,203200,Justin Holiday,Justin,,,4:37,0.0,1.0,0.0,0.0,1.0,0.0,0.0,0.0,0.0,0.0,0.0,0.0,0.0,0.0,1.0,0.0,0.0,0.0,-2.0
22200400,1610612737,ATL,Atlanta,1629633,Jarrett Culver,Jarrett,,DNP - Coach's Decision,,,,,,,,,,,,,,,,,,,,
22200400,1610612737,ATL,Atlanta,1626163,Frank Kaminsky,Frank,,DNP - Coach's Decision,,,,,,,,,,,,,,,,,,,,
22200400,1610612737,ATL,Atlanta,1630249,Vít Krejčí,Vít,,DNP - Coach's Decision,,,,,,,,,,,,,,,,,,,,
22200400,1610612737,ATL,Atlanta,1631213,Tyrese Martin,Tyrese,,DNP - Coach's Decision,,,,,,,,,,,,,,,,,,,,
22200397,1610612758,SAC,Sacramento,203084,Harrison Barnes,Harrison,F,,34:53,4.0,10.0,0.4,1.0,5.0,0.2,6.0,9.0,0.667,0.0,2.0,2.0,2.0,0.0,0.0,3.0,2.0,15.0,-12.0
22200397,1610612758,SAC,Sacramento,1631099,Keegan Murray,Keegan,F,,34:54,6.0,15.0,0.4,3.0,8.0,0.375,3.0,4.0,0.75,2.0,5.0,7.0,0.0,0.0,0.0,1.0,3.0,18.0,0.0
22200397,1610612758,SAC,Sacramento,1627734,Domantas Sabonis,Domantas,C,,39:01,7.0,10.0,0.7,0.0,0.0,0.0,6.0,11.0,0.545,3.0,9.0,12.0,4.0,0.0,0.0,2.0,2.0,20.0,-6.0
22200397,1610612758,SAC,Sacramento,1628989,Kevin Huerter,Kevin,G,,39:22,6.0,16.0,0.375,2.0,9.0,0.222,3.0,6.0,0.5,2.0,3.0,5.0,6.0,2.0,0.0,2.0,3.0,17.0,4.0
22200397,1610612758,SAC,Sacramento,1630558,Davion Mitchell,Davion,G,,24:33,3.0,5.0,0.6,1.0,2.0,0.5,0.0,0.0,0.0,0.0,3.0,3.0,2.0,1.0,0.0,2.0,3.0,7.0,1.0
22200397,1610612758,SAC,Sacramento,203521,Matthew Dellavedova,Matthew,,,13:23,1.0,3.0,0.333,0.0,2.0,0.0,0.0,0.0,0.0,0.0,0.0,0.0,4.0,1.0,0.0,1.0,2.0,2.0,-19.0
22200397,1610612758,SAC,Sacramento,1628370,Malik Monk,Malik,,,22:47,3.0,15.0,0.2,2.0,8.0,0.25,4.0,4.0,1.0,2.0,2.0,4.0,1.0,1.0,0.0,3.0,0.0,12.0,-8.0
22200397,1610612758,SAC,Sacramento,1629056,Terence Davis,Terence,,,9:22,0.0,3.0,0.0,0.0,3.0,0.0,0.0,0.0,0.0,0.0,3.0,3.0,0.0,1.0,0.0,0.0,4.0,0.0,-11.0
22200397,1610612758,SAC,Sacramento,1629002,Chimezie Metu,Chimezie,,,8:59,0.0,0.0,0.0,0.0,0.0,0.0,0.0,0.0,0.0,0.0,2.0,2.0,0.0,1.0,0.0,1.0,1.0,0.0,-7.0
22200397,1610612758,SAC,Sacramento,1626168,Trey Lyles,Trey,,,8:43,3.0,6.0,0.5,1.0,2.0,0.5,1.0,1.0,1.0,2.0,1.0,3.0,0.0,0.0,0.0,1.0,1.0,8.0,-5.0
22200397,1610612758,SAC,Sacramento,1629644,KZ Okpala,KZ,,,4:04,0.0,0.0,0.0,0.0,0.0,0.0,0.0,0.0,0.0,0.0,0.0,0.0,1.0,0.0,0.0,0.0,0.0,0.0,-2.0
22200397,1610612758,SAC,Sacramento,1631165,Keon Ellis,Keon,,DNP - Coach's Decision,,,,,,,,,,,,,,,,,,,,
22200397,1610612758,SAC,Sacramento,1626158,Richaun Holmes,Richaun,,DNP - Coach's Decision,,,,,,,,,,,,,,,,,,,,
22200397,1610612752,NYK,New York,1629628,RJ Barrett,RJ,F,,44:05,9.0,21.0,0.429,2.0,6.0,0.333,7.0,9.0,0.778,0.0,9.0,9.0,6.0,3.0,2.0,3.0,3.0,27.0,8.0
22200397,1610612752,NYK,New York,203944,Julius Randle,Julius,F,,27:09,9.0,20.0,0.45,3.0,11.0,0.273,6.0,6.0,1.0,1.0,7.0,8.0,3.0,0.0,0.0,2.0,3.0,27.0,12.0
22200397,1610612752,NYK,New York,1629011,Mitchell Robinson,Mitchell,C,,19:24,5.0,5.0,1.0,0.0,0.0,0.0,2.0,2.0,1.0,4.0,5.0,9.0,0.0,0.0,2.0,2.0,6.0,12.0,-3.0
22200397,1610612752,NYK,New York,1628973,Jalen Brunson,Jalen,G,,27:03,7.0,14.0,0.5,0.0,2.0,0.0,4.0,4.0,1.0,1.0,2.0,3.0,3.0,2.0,0.0,5.0,1.0,18.0,17.0
22200397,1610612752,NYK,New York,1629656,Quentin Grimes,Quentin,G,,42:24,2.0,8.0,0.25,1.0,4.0,0.25,2.0,2.0,1.0,3.0,3.0,6.0,3.0,1.0,0.0,0.0,2.0,7.0,9.0
22200397,1610612752,NYK,New York,1628392,Isaiah Hartenstein,Isaiah,,,25:42,2.0,4.0,0.5,0.0,2.0,0.0,0.0,0.0,0.0,3.0,6.0,9.0,0.0,1.0,0.0,1.0,3.0,4.0,18.0
22200397,1610612752,NYK,New York,1630193,Immanuel Quickley,Immanuel,,,25:06,4.0,11.0,0.364,1.0,5.0,0.2,3.0,4.0,0.75,0.0,4.0,4.0,2.0,1.0,0.0,0.0,2.0,12.0,9.0
22200397,1610612752,NYK,New York,1630540,Miles McBride,Miles,,,20:57,2.0,6.0,0.333,1.0,5.0,0.2,0.0,0.0,0.0,2.0,1.0,3.0,2.0,0.0,0.0,1.0,1.0,5.0,-4.0
22200397,1610612752,NYK,New York,1630579,Jericho Sims,Jericho,,,8:10,0.0,0.0,0.0,0.0,0.0,0.0,0.0,0.0,0.0,1.0,3.0,4.0,0.0,0.0,0.0,0.0,1.0,0.0,-1.0
22200397,1610612752,NYK,New York,203095,Evan Fournier,Evan,,DNP - Coach's Decision,,,,,,,,,,,,,,,,,,,,
22200397,1610612752,NYK,New York,1629004,Svi Mykhailiuk,Svi,,DNP - Coach's Decision,,,,,,,,,,,,,,,,,,,,
22200397,1610612752,NYK,New York,1629629,Cam Reddish,Cam,,DNP - Coach's Decision,,,,,,,,,,,,,,,,,,,,
22200397,1610612752,NYK,New York,201565,Derrick Rose,Derrick,,DNP - Coach's Decision,,,,,,,,,,,,,,,,,,,,
22200377,1610612752,NYK,New York,1629628,RJ Barrett,RJ,F,,34:55,9.0,18.0,0.5,1.0,3.0,0.333,7.0,8.0,0.875,1.0,6.0,7.0,4.0,1.0,0.0,2.0,2.0,26.0,17.0
22200377,1610612752,NYK,New York,203944,Julius Randle,Julius,F,,35:33,9.0,21.0,0.429,4.0,10.0,0.4,11.0,14.0,0.786,1.0,6.0,7.0,2.0,1.0,1.0,2.0,3.0,33.0,17.0
22200377,1610612752,NYK,New York,1629011,Mitchell Robinson,Mitchell,C,,29:57,3.0,7.0,0.429,0.0,0.0,0.0,0.0,0.0,0.0,7.0,6.0,13.0,0.0,1.0,3.0,0.0,2.0,6.0,6.0
22200377,1610612752,NYK,New York,1629656,Quentin Grimes,Quentin,G,,28:10,4.0,8.0,0.5,1.0,4.0,0.25,2.0,2.0,1.0,1.0,5.0,6.0,0.0,0.0,1.0,0.0,3.0,11.0,12.0
22200377,1610612752,NYK,New York,1628973,Jalen Brunson,Jalen,G,,27:28,3.0,13.0,0.231,1.0,4.0,0.25,4.0,4.0,1.0,0.0,1.0,1.0,11.0,1.0,0.0,2.0,3.0,11.0,13.0
22200377,1610612752,NYK,New York,1630540,Miles McBride,Miles,,,23:31,3.0,7.0,0.429,2.0,4.0,0.5,2.0,2.0,1.0,0.0,1.0,1.0,1.0,2.0,0.0,1.0,3.0,10.0,3.0
22200377,1610612752,NYK,New York,1630193,Immanuel Quickley,Immanuel,,,27:39,4.0,11.0,0.364,3.0,7.0,0.429,0.0,0.0,0.0,1.0,1.0,2.0,4.0,0.0,0.0,2.0,2.0,11.0,11.0
22200377,1610612752,NYK,New York,1628392,Isaiah Hartenstein,Isaiah,,,18:03,5.0,5.0,1.0,1.0,1.0,1.0,0.0,0.0,0.0,4.0,4.0,8.0,2.0,0.0,2.0,1.0,1.0,11.0,13.0
22200377,1610612752,NYK,New York,1630579,Jericho Sims,Jericho,,,12:27,1.0,2.0,0.5,0.0,0.0,0.0,0.0,0.0,0.0,1.0,1.0,2.0,1.0,0.0,0.0,0.0,1.0,2.0,2.0
22200377,1610612752,NYK,New York,1629004,Svi Mykhailiuk,Svi,,,2:17,0.0,1.0,0.0,0.0,1.0,0.0,0.0,0.0,0.0,0.0,1.0,1.0,0.0,0.0,0.0,1.0,1.0,0.0,1.0
22200377,1610612752,NYK,New York,203095,Evan Fournier,Evan,,DNP - Coach's Decision,,,,,,,,,,,,,,,,,,,,
22200377,1610612752,NYK,New York,1629629,Cam Reddish,Cam,,DNP - Coach's Decision,,,,,,,,,,,,,,,,,,,,
22200377,1610612752,NYK,New York,201565,Derrick Rose,Derrick,,DNP - Coach's Decision,,,,,,,,,,,,,,,,,,,,
22200377,1610612766,CHA,Charlotte,1629667,Jalen McDaniels,Jalen,F,,21:26,1.0,5.0,0.2,0.0,2.0,0.0,2.0,2.0,1.0,0.0,4.0,4.0,3.0,0.0,0.0,1.0,4.0,4.0,-13.0
22200377,1610612766,CHA,Charlotte,1629023,P.J. Washington,P.J.,F,,22:03,5.0,12.0,0.417,0.0,3.0,0.0,0.0,0.0,0.0,1.0,4.0,5.0,1.0,0.0,1.0,0.0,4.0,10.0,-15.0
22200377,1610612766,CHA,Charlotte,203486,Mason Plumlee,Mason,C,,29:41,5.0,7.0,0.714,0.0,0.0,0.0,3.0,6.0,0.5,3.0,6.0,9.0,3.0,2.0,1.0,2.0,4.0,13.0,-7.0
22200377,1610612766,CHA,Charlotte,1626162,Kelly Oubre Jr.,Kelly,G,,37:08,8.0,20.0,0.4,2.0,8.0,0.25,4.0,5.0,0.8,2.0,2.0,4.0,1.0,2.0,1.0,1.0,0.0,22.0,-11.0
22200377,1610612766,CHA,Charlotte,1626179,Terry Rozier,Terry,G,,32:18,10.0,19.0,0.526,3.0,7.0,0.429,1.0,2.0,0.5,1.0,5.0,6.0,4.0,0.0,0.0,4.0,3.0,24.0,-9.0
22200377,1610612766,CHA,Charlotte,1630177,Theo Maledon,Theo,,,26:01,3.0,6.0,0.5,0.0,2.0,0.0,2.0,2.0,1.0,1.0,5.0,6.0,3.0,0.0,0.0,1.0,2.0,8.0,-7.0
22200377,1610612766,CHA,Charlotte,1631121,Bryce McGowens,Bryce,,,30:03,3.0,9.0,0.333,1.0,3.0,0.333,3.0,3.0,1.0,1.0,4.0,5.0,1.0,0.0,0.0,1.0,2.0,10.0,-21.0
22200377,1610612766,CHA,Charlotte,1630208,Nick Richards,Nick,,,15:17,0.0,2.0,0.0,0.0,0.0,0.0,2.0,2.0,1.0,1.0,1.0,2.0,0.0,1.0,1.0,2.0,4.0,2.0,-13.0
22200377,1610612766,CHA,Charlotte,1630539,Kai Jones,Kai,,,19:59,2.0,4.0,0.5,0.0,1.0,0.0,0.0,0.0,0.0,2.0,2.0,4.0,0.0,1.0,2.0,0.0,3.0,4.0,-1.0
22200377,1610612766,CHA,Charlotte,1630550,JT Thor,JT,,,3:02,0.0,0.0,0.0,0.0,0.0,0.0,0.0,0.0,0.0,0.0,0.0,0.0,0.0,1.0,0.0,0.0,0.0,0.0,1.0
22200377,1610612766,CHA,Charlotte,1630547,James Bouknight,James,,,3:02,0.0,0.0,0.0,0.0,0.0,0.0,5.0,6.0,0.833,0.0,0.0,0.0,0.0,1.0,0.0,0.0,0.0,5.0,1.0
22200369,1610612758,SAC,Sacramento,203084,Harrison Barnes,Harrison,F,,32:49,6.0,11.0,0.545,2.0,6.0,0.333,6.0,7.0,0.857,0.0,3.0,3.0,2.0,0.0,0.0,0.0,1.0,20.0,-13.0
22200369,1610612758,SAC,Sacramento,1631099,Keegan Murray,Keegan,F,,27:07,6.0,10.0,0.6,3.0,6.0,0.5,0.0,0.0,0.0,1.0,3.0,4.0,1.0,1.0,2.0,0.0,2.0,15.0,-16.0
22200369,1610612758,SAC,Sacramento,1627734,Domantas Sabonis,Domantas,C,,36:16,9.0,11.0,0.818,1.0,1.0,1.0,4.0,4.0,1.0,4.0,8.0,12.0,7.0,1.0,0.0,2.0,3.0,23.0,-16.0
22200369,1610612758,SAC,Sacramento,1628989,Kevin Huerter,Kevin,G,,32:41,5.0,9.0,0.556,3.0,6.0,0.5,0.0,0.0,0.0,1.0,2.0,3.0,3.0,0.0,0.0,2.0,3.0,13.0,-19.0
22200369,1610612758,SAC,Sacramento,1628368,De'Aaron Fox,De'Aaron,G,,32:11,5.0,16.0,0.313,1.0,6.0,0.167,4.0,4.0,1.0,0.0,2.0,2.0,2.0,0.0,1.0,1.0,3.0,15.0,-1.0
22200369,1610612758,SAC,Sacramento,1630558,Davion Mitchell,Davion,,,20:15,2.0,5.0,0.4,0.0,2.0,0.0,0.0,0.0,0.0,0.0,2.0,2.0,1.0,0.0,1.0,1.0,1.0,4.0,-10.0
22200369,1610612758,SAC,Sacramento,1628370,Malik Monk,Malik,,,28:32,7.0,19.0,0.368,1.0,7.0,0.143,1.0,1.0,1.0,0.0,6.0,6.0,1.0,0.0,0.0,1.0,0.0,16.0,-1.0
22200369,1610612758,SAC,Sacramento,1629644,KZ Okpala,KZ,,,8:10,0.0,1.0,0.0,0.0,1.0,0.0,0.0,0.0,0.0,1.0,1.0,2.0,0.0,0.0,0.0,0.0,2.0,0.0,4.0
22200369,1610612758,SAC,Sacramento,1626168,Trey Lyles,Trey,,,6:35,0.0,3.0,0.0,0.0,1.0,0.0,0.0,0.0,0.0,1.0,0.0,1.0,0.0,0.0,0.0,0.0,0.0,0.0,0.0
22200369,1610612758,SAC,Sacramento,1629002,Chimezie Metu,Chimezie,,,10:13,2.0,4.0,0.5,1.0,2.0,0.5,0.0,0.0,0.0,0.0,3.0,3.0,1.0,0.0,0.0,1.0,2.0,5.0,-1.0
22200369,1610612758,SAC,Sacramento,203521,Matthew Dellavedova,Matthew,,,1:18,0.0,0.0,0.0,0.0,0.0,0.0,0.0,0.0,0.0,0.0,0.0,0.0,0.0,0.0,0.0,0.0,0.0,0.0,2.0
22200369,1610612758,SAC,Sacramento,1626158,Richaun Holmes,Richaun,,,1:18,1.0,1.0,1.0,0.0,0.0,0.0,0.0,0.0,0.0,0.0,0.0,0.0,0.0,0.0,0.0,0.0,0.0,2.0,2.0
22200369,1610612758,SAC,Sacramento,203458,Alex Len,Alex,,,1:18,0.0,1.0,0.0,0.0,0.0,0.0,0.0,0.0,0.0,0.0,1.0,1.0,1.0,0.0,0.0,0.0,0.0,0.0,2.0
22200369,1610612758,SAC,Sacramento,1631165,Keon Ellis,Keon,,,1:18,0.0,0.0,0.0,0.0,0.0,0.0,0.0,0.0,0.0,0.0,1.0,1.0,0.0,0.0,0.0,0.0,0.0,0.0,2.0
22200369,1610612749,MIL,Milwaukee,203114,Khris Middleton,Khris,F,,29:12,5.0,11.0,0.455,2.0,5.0,0.4,2.0,2.0,1.0,1.0,5.0,6.0,6.0,1.0,0.0,1.0,3.0,14.0,4.0
22200369,1610612749,MIL,Milwaukee,203507,Giannis Antetokounmpo,Giannis,F,,32:44,12.0,19.0,0.632,2.0,2.0,1.0,9.0,10.0,0.9,1.0,5.0,6.0,7.0,1.0,0.0,3.0,4.0,35.0,11.0
22200369,1610612749,MIL,Milwaukee,201572,Brook Lopez,Brook,C,,34:02,6.0,15.0,0.4,2.0,7.0,0.286,3.0,3.0,1.0,6.0,3.0,9.0,3.0,0.0,1.0,0.0,3.0,17.0,16.0
22200369,1610612749,MIL,Milwaukee,1628960,Grayson Allen,Grayson,G,,28:50,4.0,7.0,0.571,2.0,4.0,0.5,0.0,0.0,0.0,2.0,4.0,6.0,4.0,0.0,0.0,0.0,2.0,10.0,20.0
22200369,1610612749,MIL,Milwaukee,201950,Jrue Holiday,Jrue,G,,34:34,12.0,23.0,0.522,2.0,4.0,0.5,5.0,6.0,0.833,1.0,4.0,5.0,6.0,0.0,0.0,1.0,0.0,31.0,18.0
22200369,1610612749,MIL,Milwaukee,1626171,Bobby Portis,Bobby,,,19:57,3.0,5.0,0.6,0.0,0.0,0.0,1.0,2.0,0.5,0.0,5.0,5.0,1.0,0.0,0.0,2.0,0.0,7.0,-2.0
22200369,1610612749,MIL,Milwaukee,1626192,Pat Connaughton,Pat,,,24:15,2.0,7.0,0.286,2.0,6.0,0.333,0.0,1.0,0.0,2.0,4.0,6.0,0.0,0.0,1.0,0.0,2.0,6.0,9.0
22200369,1610612749,MIL,Milwaukee,1628975,Jevon Carter,Jevon,,,18:36,1.0,4.0,0.25,1.0,2.0,0.5,0.0,0.0,0.0,3.0,2.0,5.0,4.0,1.0,0.0,0.0,0.0,3.0,-5.0
22200369,1610612749,MIL,Milwaukee,201588,George Hill,George,,,13:56,1.0,4.0,0.25,1.0,3.0,0.333,0.0,0.0,0.0,1.0,1.0,2.0,3.0,0.0,0.0,0.0,1.0,3.0,0.0
22200369,1610612749,MIL,Milwaukee,1631260,AJ Green,AJ,,,1:18,0.0,0.0,0.0,0.0,0.0,0.0,0.0,0.0,0.0,0.0,0.0,0.0,0.0,0.0,0.0,0.0,0.0,0.0,-2.0
22200369,1610612749,MIL,Milwaukee,203648,Thanasis Antetokounmpo,Thanasis,,,1:18,0.0,0.0,0.0,0.0,0.0,0.0,0.0,0.0,0.0,0.0,0.0,0.0,0.0,0.0,0.0,0.0,0.0,0.0,-2.0
22200369,1610612749,MIL,Milwaukee,1630572,Sandro Mamukelashvili,Sandro,,,1:18,0.0,1.0,0.0,0.0,0.0,0.0,0.0,0.0,0.0,0.0,0.0,0.0,0.0,0.0,0.0,0.0,0.0,0.0,-2.0
22200369,1610612749,MIL,Milwaukee,1630699,MarJon Beauchamp,MarJon,,DNP - Coach's Decision,,,,,,,,,,,,,,,,,,,,
22200369,1610612749,MIL,Milwaukee,201586,Serge Ibaka,Serge,,DNP - Coach's Decision,,,,,,,,,,,,,,,,,,,,
22200369,1610612749,MIL,Milwaukee,1629670,Jordan Nwora,Jordan,,DNP - Coach's Decision,,,,,,,,,,,,,,,,,,,,
22200372,1610612744,GSW,Golden State,202691,Klay Thompson,Klay,F,,35:42,8.0,25.0,0.32,4.0,11.0,0.364,2.0,2.0,1.0,0.0,2.0,2.0,3.0,1.0,3.0,2.0,2.0,22.0,-7.0
22200372,1610612744,GSW,Golden State,203210,JaMychal Green,JaMychal,F,,17:01,3.0,7.0,0.429,1.0,3.0,0.333,0.0,0.0,0.0,2.0,2.0,4.0,1.0,0.0,0.0,0.0,2.0,7.0,-4.0
22200372,1610612744,GSW,Golden State,1626172,Kevon Looney,Kevon,C,,29:12,3.0,5.0,0.6,0.0,0.0,0.0,1.0,1.0,1.0,5.0,4.0,9.0,1.0,0.0,1.0,1.0,4.0,7.0,10.0
22200372,1610612744,GSW,Golden State,1629660,Ty Jerome,Ty,G,,23:37,2.0,6.0,0.333,0.0,2.0,0.0,0.0,0.0,0.0,0.0,3.0,3.0,2.0,0.0,0.0,0.0,2.0,4.0,-8.0
22200372,1610612744,GSW,Golden State,1629673,Jordan Poole,Jordan,G,,36:50,10.0,23.0,0.435,4.0,13.0,0.308,12.0,13.0,0.923,1.0,3.0,4.0,8.0,0.0,0.0,6.0,1.0,36.0,4.0
22200372,1610612744,GSW,Golden State,1630228,Jonathan Kuminga,Jonathan,,,29:35,10.0,13.0,0.769,1.0,3.0,0.333,3.0,5.0,0.6,1.0,4.0,5.0,4.0,1.0,1.0,1.0,2.0,24.0,8.0
22200372,1610612744,GSW,Golden State,1628978,Donte DiVincenzo,Donte,,,28:12,3.0,6.0,0.5,1.0,3.0,0.333,0.0,0.0,0.0,3.0,6.0,9.0,7.0,3.0,0.0,2.0,2.0,7.0,-7.0
22200372,1610612744,GSW,Golden State,1630237,Anthony Lamb,Anthony,,,16:11,3.0,7.0,0.429,1.0,4.0,0.25,0.0,2.0,0.0,1.0,3.0,4.0,0.0,2.0,0.0,2.0,1.0,7.0,-9.0
22200372,1610612744,GSW,Golden State,1630541,Moses Moody,Moses,,,18:40,2.0,4.0,0.5,2.0,3.0,0.667,0.0,0.0,0.0,0.0,0.0,0.0,0.0,1.0,0.0,0.0,2.0,6.0,11.0
22200372,1610612744,GSW,Golden State,1630164,James Wiseman,James,,,5:02,1.0,2.0,0.5,0.0,0.0,0.0,1.0,2.0,0.5,1.0,1.0,2.0,0.0,0.0,0.0,0.0,0.0,3.0,-3.0
22200372,1610612744,GSW,Golden State,1631116,Patrick Baldwin Jr.,Patrick,,DNP - Coach's Decision,,,,,,,,,,,,,,,,,,,,
22200372,1610612744,GSW,Golden State,1631157,Ryan Rollins,Ryan,,DNP - Coach's Decision,,,,,,,,,,,,,,,,,,,,
22200372,1610612762,UTA,Utah,1627736,Malik Beasley,Malik,F,,34:29,7.0,14.0,0.5,4.0,9.0,0.444,0.0,0.0,0.0,0.0,3.0,3.0,1.0,0.0,0.0,2.0,2.0,18.0,6.0
22200372,1610612762,UTA,Utah,203482,Kelly Olynyk,Kelly,F,,30:20,5.0,11.0,0.455,1.0,4.0,0.25,4.0,4.0,1.0,1.0,2.0,3.0,5.0,2.0,0.0,4.0,3.0,15.0,-1.0
22200372,1610612762,UTA,Utah,1631117,Walker Kessler,Walker,C,,23:58,5.0,6.0,0.833,0.0,0.0,0.0,0.0,0.0,0.0,4.0,8.0,12.0,1.0,0.0,5.0,1.0,4.0,10.0,0.0
22200372,1610612762,UTA,Utah,203903,Jordan Clarkson,Jordan,G,,37:23,9.0,20.0,0.45,2.0,6.0,0.333,2.0,2.0,1.0,0.0,4.0,4.0,9.0,0.0,0.0,4.0,1.0,22.0,2.0
22200372,1610612762,UTA,Utah,1629012,Collin Sexton,Collin,G,,26:34,4.0,9.0,0.444,1.0,3.0,0.333,8.0,10.0,0.8,0.0,0.0,0.0,3.0,0.0,0.0,2.0,2.0,17.0,6.0
22200372,1610612762,UTA,Utah,1631323,Simone Fontecchio,Simone,,,19:34,6.0,10.0,0.6,3.0,6.0,0.5,3.0,5.0,0.6,2.0,1.0,3.0,1.0,0.0,1.0,1.0,1.0,18.0,4.0
22200372,1610612762,UTA,Utah,1629638,Nickeil Alexander-Walker,Nickeil,,,28:53,4.0,5.0,0.8,3.0,4.0,0.75,0.0,0.0,0.0,0.0,7.0,7.0,4.0,3.0,0.0,3.0,2.0,11.0,-11.0
22200372,1610612762,UTA,Utah,1629020,Jarred Vanderbilt,Jarred,,,23:37,2.0,3.0,0.667,0.0,0.0,0.0,0.0,0.0,0.0,1.0,3.0,4.0,1.0,0.0,0.0,0.0,1.0,4.0,-3.0
22200372,1610612762,UTA,Utah,200752,Rudy Gay,Rudy,,,14:47,4.0,8.0,0.5,1.0,3.0,0.333,0.0,0.0,0.0,1.0,3.0,4.0,1.0,1.0,1.0,0.0,1.0,9.0,-2.0
22200372,1610612762,UTA,Utah,1630534,Ochai Agbaji,Ochai,,,0:25,0.0,0.0,0.0,0.0,0.0,0.0,0.0,0.0,0.0,0.0,0.0,0.0,0.0,0.0,0.0,0.0,0.0,0.0,4.0
22200372,1610612762,UTA,Utah,1628962,Udoka Azubuike,Udoka,,DNP - Coach's Decision,,,,,,,,,,,,,,,,,,,,
22200372,1610612762,UTA,Utah,1630195,Leandro Bolmaro,Leandro,,DNP - Coach's Decision,,,,,,,,,,,,,,,,,,,,
22200372,1610612762,UTA,Utah,1629659,Talen Horton-Tucker,Talen,,DNP - Coach's Decision,,,,,,,,,,,,,,,,,,,,
22200365,1610612737,ATL,Atlanta,1631100,AJ Griffin,AJ,F,,28:59,3.0,13.0,0.231,1.0,8.0,0.125,2.0,2.0,1.0,0.0,1.0,1.0,2.0,1.0,0.0,1.0,2.0,9.0,-10.0
22200365,1610612737,ATL,Atlanta,1630552,Jalen Johnson,Jalen,F,,13:41,2.0,2.0,1.0,1.0,1.0,1.0,1.0,1.0,1.0,0.0,3.0,3.0,1.0,0.0,0.0,0.0,6.0,6.0,-12.0
22200365,1610612737,ATL,Atlanta,203991,Clint Capela,Clint,C,,21:51,6.0,7.0,0.857,0.0,0.0,0.0,1.0,2.0,0.5,7.0,5.0,12.0,0.0,0.0,1.0,0.0,3.0,13.0,-25.0
22200365,1610612737,ATL,Atlanta,1627749,Dejounte Murray,Dejounte,G,,3:34,0.0,0.0,0.0,0.0,0.0,0.0,2.0,2.0,1.0,0.0,0.0,0.0,0.0,0.0,0.0,0.0,0.0,2.0,-4.0
22200365,1610612737,ATL,Atlanta,1629027,Trae Young,Trae,G,,30:03,9.0,20.0,0.45,0.0,4.0,0.0,1.0,2.0,0.5,1.0,3.0,4.0,6.0,0.0,0.0,4.0,0.0,19.0,-26.0
22200365,1610612737,ATL,Atlanta,1628988,Aaron Holiday,Aaron,,,29:54,2.0,7.0,0.286,1.0,5.0,0.2,2.0,2.0,1.0,1.0,3.0,4.0,4.0,0.0,2.0,2.0,1.0,7.0,-9.0
22200365,1610612737,ATL,Atlanta,1629633,Jarrett Culver,Jarrett,,,17:48,1.0,5.0,0.2,0.0,2.0,0.0,0.0,0.0,0.0,1.0,2.0,3.0,0.0,0.0,1.0,0.0,1.0,2.0,-10.0
22200365,1610612737,ATL,Atlanta,203992,Bogdan Bogdanović,Bogdan,,,24:59,3.0,16.0,0.188,0.0,10.0,0.0,3.0,3.0,1.0,0.0,2.0,2.0,1.0,1.0,0.0,0.0,0.0,9.0,-3.0
22200365,1610612737,ATL,Atlanta,1630168,Onyeka Okongwu,Onyeka,,,24:21,2.0,5.0,0.4,0.0,1.0,0.0,6.0,8.0,0.75,1.0,5.0,6.0,0.0,0.0,1.0,1.0,1.0,10.0,-7.0
22200365,1610612737,ATL,Atlanta,203200,Justin Holiday,Justin,,,23:55,2.0,7.0,0.286,1.0,3.0,0.333,0.0,0.0,0.0,0.0,1.0,1.0,0.0,1.0,1.0,1.0,1.0,5.0,-17.0
22200365,1610612737,ATL,Atlanta,1630249,Vít Krejčí,Vít,,,14:22,2.0,3.0,0.667,2.0,2.0,1.0,1.0,2.0,0.5,0.0,2.0,2.0,1.0,1.0,0.0,2.0,2.0,7.0,2.0
22200365,1610612737,ATL,Atlanta,1626163,Frank Kaminsky,Frank,,,6:34,0.0,0.0,0.0,0.0,0.0,0.0,0.0,0.0,0.0,0.0,1.0,1.0,1.0,0.0,0.0,0.0,0.0,0.0,1.0
22200365,1610612752,NYK,New York,1629628,RJ Barrett,RJ,F,,36:11,4.0,13.0,0.308,2.0,6.0,0.333,5.0,7.0,0.714,0.0,7.0,7.0,0.0,1.0,0.0,3.0,2.0,15.0,18.0
22200365,1610612752,NYK,New York,203944,Julius Randle,Julius,F,,33:14,10.0,19.0,0.526,6.0,12.0,0.5,8.0,8.0,1.0,1.0,16.0,17.0,5.0,1.0,0.0,0.0,3.0,34.0,29.0
22200365,1610612752,NYK,New York,1629011,Mitchell Robinson,Mitchell,C,,25:54,4.0,4.0,1.0,0.0,0.0,0.0,0.0,0.0,0.0,9.0,1.0,10.0,2.0,0.0,0.0,0.0,0.0,8.0,17.0
22200365,1610612752,NYK,New York,1628973,Jalen Brunson,Jalen,G,,25:59,2.0,14.0,0.143,0.0,2.0,0.0,4.0,4.0,1.0,1.0,3.0,4.0,6.0,2.0,0.0,4.0,3.0,8.0,9.0
22200365,1610612752,NYK,New York,1629656,Quentin Grimes,Quentin,G,,31:10,8.0,11.0,0.727,5.0,7.0,0.714,2.0,2.0,1.0,0.0,4.0,4.0,2.0,0.0,2.0,3.0,5.0,23.0,21.0
22200365,1610612752,NYK,New York,1630540,Miles McBride,Miles,,,27:03,1.0,4.0,0.25,1.0,2.0,0.5,0.0,0.0,0.0,1.0,1.0,2.0,6.0,1.0,0.0,1.0,1.0,3.0,19.0
22200365,1610612752,NYK,New York,1630193,Immanuel Quickley,Immanuel,,,25:21,2.0,8.0,0.25,1.0,2.0,0.5,3.0,3.0,1.0,0.0,3.0,3.0,3.0,0.0,0.0,1.0,4.0,8.0,7.0
22200365,1610612752,NYK,New York,1628392,Isaiah Hartenstein,Isaiah,,,19:00,2.0,4.0,0.5,0.0,1.0,0.0,0.0,0.0,0.0,1.0,4.0,5.0,2.0,1.0,0.0,1.0,4.0,4.0,5.0
22200365,1610612752,NYK,New York,1630167,Obi Toppin,Obi,,,7:32,1.0,3.0,0.333,1.0,3.0,0.333,0.0,0.0,0.0,0.0,1.0,1.0,0.0,0.0,0.0,0.0,0.0,3.0,-5.0
22200365,1610612752,NYK,New York,1630579,Jericho Sims,Jericho,,,5:00,2.0,2.0,1.0,0.0,0.0,0.0,0.0,0.0,0.0,0.0,2.0,2.0,0.0,0.0,0.0,1.0,1.0,4.0,1.0
22200365,1610612752,NYK,New York,1629004,Svi Mykhailiuk,Svi,,,3:36,1.0,1.0,1.0,1.0,1.0,1.0,0.0,0.0,0.0,0.0,0.0,0.0,0.0,0.0,0.0,0.0,0.0,3.0,-1.0
22200365,1610612752,NYK,New York,203095,Evan Fournier,Evan,,DNP - Coach's Decision,,,,,,,,,,,,,,,,,,,,
22200365,1610612752,NYK,New York,1629629,Cam Reddish,Cam,,DNP - Coach's Decision,,,,,,,,,,,,,,,,,,,,
22200365,1610612752,NYK,New York,201565,Derrick Rose,Derrick,,DNP - Coach's Decision,,,,,,,,,,,,,,,,,,,,
22200370,1610612754,IND,Indiana,1630174,Aaron Nesmith,Aaron,F,,32:57,3.0,8.0,0.375,1.0,6.0,0.167,2.0,2.0,1.0,1.0,2.0,3.0,0.0,1.0,0.0,2.0,5.0,9.0,14.0
22200370,1610612754,IND,Indiana,1627741,Buddy Hield,Buddy,F,,36:45,9.0,15.0,0.6,7.0,11.0,0.636,1.0,1.0,1.0,0.0,3.0,3.0,1.0,1.0,0.0,3.0,1.0,26.0,8.0
22200370,1610612754,IND,Indiana,1626167,Myles Turner,Myles,C,,33:32,8.0,11.0,0.727,4.0,6.0,0.667,3.0,4.0,0.75,1.0,6.0,7.0,0.0,0.0,4.0,2.0,2.0,23.0,13.0
22200370,1610612754,IND,Indiana,1629614,Andrew Nembhard,Andrew,G,,31:45,3.0,10.0,0.3,1.0,4.0,0.25,0.0,0.0,0.0,1.0,5.0,6.0,3.0,2.0,0.0,3.0,3.0,7.0,-19.0
22200370,1610612754,IND,Indiana,1630169,Tyrese Haliburton,Tyrese,G,,36:24,9.0,14.0,0.643,5.0,9.0,0.556,3.0,3.0,1.0,0.0,2.0,2.0,15.0,3.0,0.0,3.0,1.0,26.0,12.0
22200370,1610612754,IND,Indiana,1631097,Bennedict Mathurin,Bennedict,,,31:55,5.0,16.0,0.313,1.0,5.0,0.2,3.0,6.0,0.5,1.0,4.0,5.0,1.0,1.0,0.0,2.0,0.0,14.0,-7.0
22200370,1610612754,IND,Indiana,204456,T.J. McConnell,T.J.,,,10:20,1.0,4.0,0.25,0.0,0.0,0.0,2.0,2.0,1.0,0.0,1.0,1.0,1.0,0.0,0.0,3.0,0.0,4.0,-17.0
22200370,1610612754,IND,Indiana,1630543,Isaiah Jackson,Isaiah,,,12:15,1.0,2.0,0.5,0.0,0.0,0.0,2.0,2.0,1.0,0.0,0.0,0.0,0.0,0.0,0.0,0.0,2.0,4.0,-15.0
22200370,1610612754,IND,Indiana,1629052,Oshae Brissett,Oshae,,,6:56,0.0,1.0,0.0,0.0,1.0,0.0,2.0,4.0,0.5,0.0,4.0,4.0,0.0,1.0,0.0,0.0,0.0,2.0,-6.0
22200370,1610612754,IND,Indiana,1631112,Kendall Brown,Kendall,,,4:58,0.0,0.0,0.0,0.0,0.0,0.0,0.0,0.0,0.0,0.0,0.0,0.0,0.0,1.0,0.0,1.0,3.0,0.0,-9.0
22200370,1610612754,IND,Indiana,1629048,Goga Bitadze,Goga,,,2:13,0.0,0.0,0.0,0.0,0.0,0.0,0.0,0.0,0.0,0.0,0.0,0.0,1.0,0.0,0.0,0.0,0.0,0.0,-4.0
22200370,1610612754,IND,Indiana,201949,James Johnson,James,,DNP - Coach's Decision,,,,,,,,,,,,,,,,,,,,
22200370,1610612754,IND,Indiana,1630243,Trevelin Queen,Trevelin,,DNP - Coach's Decision,,,,,,,,,,,,,,,,,,,,
22200370,1610612754,IND,Indiana,1630188,Jalen Smith,Jalen,,DNP - Injury/Illness,,,,,,,,,,,,,,,,,,,,
22200370,1610612754,IND,Indiana,1630678,Terry Taylor,Terry,,DNP - Coach's Decision,,,,,,,,,,,,,,,,,,,,
22200370,1610612750,MIN,Minnesota,1630183,Jaden McDaniels,Jaden,F,,36:46,5.0,10.0,0.5,2.0,4.0,0.5,0.0,0.0,0.0,1.0,2.0,3.0,1.0,2.0,0.0,3.0,2.0,12.0,-5.0
22200370,1610612750,MIN,Minnesota,203937,Kyle Anderson,Kyle,F,,22:06,3.0,6.0,0.5,0.0,0.0,0.0,1.0,1.0,1.0,0.0,4.0,4.0,0.0,0.0,0.0,1.0,1.0,7.0,10.0
22200370,1610612750,MIN,Minnesota,203497,Rudy Gobert,Rudy,C,,31:27,6.0,12.0,0.5,0.0,0.0,0.0,4.0,5.0,0.8,5.0,16.0,21.0,1.0,3.0,2.0,2.0,3.0,16.0,15.0
22200370,1610612750,MIN,Minnesota,1630162,Anthony Edwards,Anthony,G,,35:01,8.0,18.0,0.444,1.0,3.0,0.333,9.0,10.0,0.9,1.0,7.0,8.0,8.0,6.0,0.0,6.0,3.0,26.0,-4.0
22200370,1610612750,MIN,Minnesota,1626156,D'Angelo Russell,D'Angelo,G,,27:48,9.0,18.0,0.5,4.0,9.0,0.444,6.0,6.0,1.0,0.0,0.0,0.0,4.0,1.0,0.0,3.0,4.0,28.0,-7.0
22200370,1610612750,MIN,Minnesota,1629669,Jaylen Nowell,Jaylen,,,26:16,5.0,13.0,0.385,1.0,3.0,0.333,3.0,3.0,1.0,3.0,1.0,4.0,4.0,0.0,0.0,0.0,0.0,14.0,21.0
22200370,1610612750,MIN,Minnesota,1629162,Jordan McLaughlin,Jordan,,,21:40,3.0,5.0,0.6,0.0,1.0,0.0,0.0,0.0,0.0,1.0,0.0,1.0,4.0,1.0,0.0,3.0,1.0,6.0,9.0
22200370,1610612750,MIN,Minnesota,1629675,Naz Reid,Naz,,,11:35,3.0,5.0,0.6,0.0,1.0,0.0,0.0,0.0,0.0,4.0,3.0,7.0,0.0,1.0,0.0,3.0,3.0,6.0,4.0
22200370,1610612750,MIN,Minnesota,203085,Austin Rivers,Austin,,,19:37,1.0,3.0,0.333,0.0,1.0,0.0,0.0,0.0,0.0,0.0,2.0,2.0,3.0,1.0,0.0,0.0,3.0,2.0,11.0
22200370,1610612750,MIN,Minnesota,1630568,Luka Garza,Luka,,,4:22,1.0,3.0,0.333,0.0,1.0,0.0,2.0,2.0,1.0,1.0,0.0,1.0,0.0,0.0,0.0,0.0,1.0,4.0,-11.0
22200370,1610612750,MIN,Minnesota,1631111,Wendell Moore Jr.,Wendell,,,3:22,0.0,0.0,0.0,0.0,0.0,0.0,0.0,0.0,0.0,0.0,0.0,0.0,0.0,0.0,0.0,0.0,0.0,0.0,-13.0
22200370,1610612750,MIN,Minnesota,1627854,Bryn Forbes,Bryn,,DNP - Coach's Decision,,,,,,,,,,,,,,,,,,,,
22200370,1610612750,MIN,Minnesota,1630233,Nathan Knight,Nathan,,DNP - Coach's Decision,,,,,,,,,,,,,,,,,,,,
22200370,1610612750,MIN,Minnesota,1631169,Josh Minott,Josh,,DNP - Coach's Decision,,,,,,,,,,,,,,,,,,,,
22200345,1610612756,PHX,Phoenix,1628969,Mikal Bridges,Mikal,F,,25:32,7.0,11.0,0.636,6.0,7.0,0.857,0.0,0.0,0.0,1.0,3.0,4.0,3.0,0.0,0.0,0.0,2.0,20.0,30.0
22200345,1610612756,PHX,Phoenix,203967,Dario Šarić,Dario,F,,21:28,6.0,8.0,0.75,4.0,5.0,0.8,1.0,1.0,1.0,2.0,1.0,3.0,2.0,0.0,0.0,1.0,4.0,17.0,16.0
22200345,1610612756,PHX,Phoenix,1629028,Deandre Ayton,Deandre,C,,25:17,10.0,14.0,0.714,1.0,1.0,1.0,4.0,5.0,0.8,2.0,8.0,10.0,3.0,0.0,0.0,2.0,1.0,25.0,30.0
22200345,1610612756,PHX,Phoenix,1626164,Devin Booker,Devin,G,,27:48,7.0,16.0,0.438,1.0,3.0,0.333,5.0,5.0,1.0,0.0,0.0,0.0,8.0,0.0,0.0,2.0,2.0,20.0,26.0
22200345,1610612756,PHX,Phoenix,1626166,Cameron Payne,Cameron,G,,24:53,2.0,8.0,0.25,1.0,4.0,0.25,0.0,0.0,0.0,0.0,2.0,2.0,6.0,0.0,0.0,1.0,2.0,5.0,21.0
22200345,1610612756,PHX,Phoenix,1630688,Ish Wainright,Ish,,,27:46,3.0,3.0,1.0,2.0,2.0,1.0,0.0,1.0,0.0,0.0,1.0,1.0,4.0,1.0,0.0,0.0,2.0,8.0,11.0
22200345,1610612756,PHX,Phoenix,1629013,Landry Shamet,Landry,,,13:41,3.0,8.0,0.375,2.0,7.0,0.286,2.0,2.0,1.0,0.0,1.0,1.0,3.0,0.0,0.0,2.0,1.0,10.0,9.0
22200345,1610612756,PHX,Phoenix,1629111,Jock Landale,Jock,,,14:09,4.0,6.0,0.667,1.0,1.0,1.0,3.0,4.0,0.75,2.0,2.0,4.0,0.0,1.0,0.0,0.0,0.0,12.0,0.0
22200345,1610612756,PHX,Phoenix,1627814,Damion Lee,Damion,,,23:47,2.0,5.0,0.4,1.0,2.0,0.5,0.0,0.0,0.0,1.0,4.0,5.0,2.0,0.0,0.0,0.0,2.0,5.0,8.0
22200345,1610612756,PHX,Phoenix,1629006,Josh Okogie,Josh,,,26:13,4.0,12.0,0.333,0.0,4.0,0.0,1.0,2.0,0.5,5.0,6.0,11.0,6.0,3.0,0.0,1.0,1.0,9.0,31.0
22200345,1610612756,PHX,Phoenix,1630613,Duane Washington Jr.,Duane,,,3:10,0.0,1.0,0.0,0.0,1.0,0.0,0.0,0.0,0.0,0.0,2.0,2.0,1.0,0.0,0.0,0.0,0.0,0.0,2.0
22200345,1610612756,PHX,Phoenix,202687,Bismack Biyombo,Bismack,,,6:16,1.0,2.0,0.5,0.0,0.0,0.0,0.0,0.0,0.0,1.0,1.0,2.0,0.0,0.0,0.0,2.0,1.0,2.0,6.0
22200345,1610612759,SAS,San Antonio,1629640,Keldon Johnson,Keldon,F,,32:53,11.0,23.0,0.478,1.0,5.0,0.2,4.0,6.0,0.667,1.0,4.0,5.0,2.0,1.0,0.0,1.0,5.0,27.0,-24.0
22200345,1610612759,SAS,San Antonio,1628966,Keita Bates-Diop,Keita,F,,30:42,5.0,6.0,0.833,2.0,2.0,1.0,0.0,0.0,0.0,1.0,2.0,3.0,0.0,0.0,0.0,0.0,0.0,12.0,-25.0
22200345,1610612759,SAS,San Antonio,1628380,Zach Collins,Zach,C,,17:23,1.0,7.0,0.143,0.0,3.0,0.0,2.0,2.0,1.0,3.0,3.0,6.0,5.0,0.0,0.0,3.0,5.0,4.0,-6.0
22200345,1610612759,SAS,San Antonio,1630170,Devin Vassell,Devin,G,,30:53,5.0,12.0,0.417,2.0,6.0,0.333,2.0,2.0,1.0,0.0,5.0,5.0,4.0,0.0,0.0,3.0,1.0,14.0,-33.0
22200345,1610612759,SAS,San Antonio,1630200,Tre Jones,Tre,G,,29:10,5.0,11.0,0.455,0.0,3.0,0.0,0.0,0.0,0.0,1.0,1.0,2.0,3.0,2.0,1.0,3.0,0.0,10.0,-22.0
22200345,1610612759,SAS,San Antonio,1629646,Charles Bassey,Charles,,,19:55,2.0,2.0,1.0,0.0,0.0,0.0,1.0,2.0,0.5,4.0,3.0,7.0,1.0,0.0,1.0,1.0,3.0,5.0,-11.0
22200345,1610612759,SAS,San Antonio,1631103,Malaki Branham,Malaki,,,24:52,3.0,9.0,0.333,0.0,3.0,0.0,2.0,2.0,1.0,0.0,1.0,1.0,2.0,0.0,1.0,1.0,3.0,8.0,-20.0
22200345,1610612759,SAS,San Antonio,1629641,Romeo Langford,Romeo,,,7:43,1.0,1.0,1.0,0.0,0.0,0.0,1.0,2.0,0.5,0.0,0.0,0.0,0.0,0.0,0.0,0.0,2.0,3.0,-12.0
22200345,1610612759,SAS,San Antonio,1629676,Isaiah Roby,Isaiah,,,18:15,1.0,6.0,0.167,0.0,3.0,0.0,0.0,0.0,0.0,1.0,2.0,3.0,1.0,1.0,0.0,1.0,2.0,2.0,-12.0
22200345,1610612759,SAS,San Antonio,1628993,Alize Johnson,Alize,,,14:48,2.0,5.0,0.4,0.0,2.0,0.0,1.0,2.0,0.5,1.0,3.0,4.0,0.0,1.0,0.0,3.0,1.0,5.0,0.0
22200345,1610612759,SAS,San Antonio,203476,Gorgui Dieng,Gorgui,,,13:26,2.0,5.0,0.4,1.0,4.0,0.25,0.0,0.0,0.0,0.0,4.0,4.0,1.0,0.0,0.0,3.0,2.0,5.0,-25.0
22200344,1610612743,DEN,Denver,1628971,Bruce Brown,Bruce,F,,37:39,6.0,9.0,0.667,1.0,3.0,0.333,0.0,0.0,0.0,0.0,6.0,6.0,3.0,1.0,0.0,4.0,4.0,13.0,-11.0
22200344,1610612743,DEN,Denver,203932,Aaron Gordon,Aaron,F,,37:02,7.0,10.0,0.7,1.0,3.0,0.333,4.0,4.0,1.0,1.0,7.0,8.0,0.0,0.0,0.0,1.0,3.0,19.0,-8.0
22200344,1610612743,DEN,Denver,203999,Nikola Jokić,Nikola,C,,37:17,13.0,19.0,0.684,1.0,4.0,0.25,5.0,9.0,0.556,4.0,12.0,16.0,9.0,2.0,1.0,4.0,4.0,32.0,1.0
22200344,1610612743,DEN,Denver,203484,Kentavious Caldwell-Pope,Kentavious,G,,30:31,2.0,8.0,0.25,0.0,4.0,0.0,2.0,2.0,1.0,1.0,0.0,1.0,1.0,1.0,0.0,2.0,1.0,6.0,1.0
22200344,1610612743,DEN,Denver,1627750,Jamal Murray,Jamal,G,,32:38,6.0,17.0,0.353,3.0,8.0,0.375,3.0,4.0,0.75,0.0,4.0,4.0,5.0,0.0,2.0,3.0,2.0,18.0,-8.0
22200344,1610612743,DEN,Denver,1628427,Vlatko Čančar,Vlatko,,,14:53,0.0,4.0,0.0,0.0,3.0,0.0,0.0,0.0,0.0,1.0,1.0,2.0,1.0,1.0,0.0,0.0,3.0,0.0,-9.0
22200344,1610612743,DEN,Denver,1630538,Bones Hyland,Bones,,,5:00,0.0,2.0,0.0,0.0,2.0,0.0,0.0,1.0,0.0,0.0,0.0,0.0,1.0,0.0,0.0,0.0,0.0,0.0,-14.0
22200344,1610612743,DEN,Denver,1628432,Davon Reed,Davon,,,12:48,1.0,2.0,0.5,1.0,1.0,1.0,0.0,0.0,0.0,1.0,0.0,1.0,0.0,0.0,0.0,0.0,1.0,3.0,-17.0
22200344,1610612743,DEN,Denver,201599,DeAndre Jordan,DeAndre,,,8:40,2.0,2.0,1.0,0.0,0.0,0.0,1.0,2.0,0.5,1.0,1.0,2.0,0.0,0.0,0.0,1.0,1.0,5.0,-19.0
22200344,1610612743,DEN,Denver,202397,Ish Smith,Ish,,,17:23,3.0,6.0,0.5,1.0,2.0,0.5,1.0,2.0,0.5,0.0,1.0,1.0,3.0,0.0,1.0,4.0,3.0,8.0,0.0
22200344,1610612743,DEN,Denver,1631128,Christian Braun,Christian,,,2:03,0.0,0.0,0.0,0.0,0.0,0.0,0.0,0.0,0.0,0.0,0.0,0.0,0.0,0.0,0.0,0.0,0.0,0.0,3.0
22200344,1610612743,DEN,Denver,1631298,Jack White,Jack,,,2:03,1.0,1.0,1.0,0.0,0.0,0.0,0.0,0.0,0.0,0.0,1.0,1.0,0.0,0.0,0.0,0.0,0.0,2.0,3.0
22200344,1610612743,DEN,Denver,1630192,Zeke Nnaji,Zeke,,,2:03,0.0,1.0,0.0,0.0,1.0,0.0,0.0,0.0,0.0,0.0,1.0,1.0,1.0,0.0,1.0,0.0,0.0,0.0,3.0
22200344,1610612740,NOP,New Orleans,1630530,Trey Murphy III,Trey,F,,29:20,4.0,8.0,0.5,1.0,3.0,0.333,3.0,3.0,1.0,0.0,3.0,3.0,2.0,3.0,0.0,0.0,4.0,12.0,-4.0
22200344,1610612740,NOP,New Orleans,1629627,Zion Williamson,Zion,F,,35:55,9.0,17.0,0.529,0.0,0.0,0.0,7.0,11.0,0.636,1.0,5.0,6.0,4.0,1.0,1.0,4.0,0.0,25.0,11.0
22200344,1610612740,NOP,New Orleans,202685,Jonas Valančiūnas,Jonas,C,,13:45,6.0,9.0,0.667,0.0,2.0,0.0,1.0,1.0,1.0,0.0,2.0,2.0,1.0,0.0,1.0,1.0,5.0,13.0,-21.0
22200344,1610612740,NOP,New Orleans,203468,CJ McCollum,CJ,G,,33:49,3.0,11.0,0.273,0.0,2.0,0.0,1.0,1.0,1.0,0.0,3.0,3.0,6.0,0.0,0.0,1.0,1.0,7.0,0.0
22200344,1610612740,NOP,New Orleans,1630700,Dyson Daniels,Dyson,G,,21:21,1.0,3.0,0.333,0.0,0.0,0.0,0.0,0.0,0.0,0.0,2.0,2.0,0.0,1.0,0.0,0.0,0.0,2.0,-5.0
22200344,1610612740,NOP,New Orleans,1628984,Devonte' Graham,Devonte',,,13:45,1.0,4.0,0.25,1.0,4.0,0.25,2.0,2.0,1.0,2.0,1.0,3.0,5.0,0.0,0.0,1.0,1.0,5.0,14.0
22200344,1610612740,NOP,New Orleans,1626204,Larry Nance Jr.,Larry,,,20:28,2.0,3.0,0.667,0.0,1.0,0.0,0.0,1.0,0.0,0.0,3.0,3.0,0.0,1.0,1.0,1.0,4.0,4.0,17.0
22200344,1610612740,NOP,New Orleans,1630230,Naji Marshall,Naji,,,23:57,1.0,4.0,0.25,1.0,3.0,0.333,0.0,0.0,0.0,0.0,3.0,3.0,6.0,2.0,1.0,0.0,1.0,3.0,23.0
22200344,1610612740,NOP,New Orleans,1630631,Jose Alvarado,Jose,,,26:53,12.0,19.0,0.632,8.0,11.0,0.727,6.0,7.0,0.857,0.0,3.0,3.0,2.0,1.0,0.0,0.0,3.0,38.0,21.0
22200344,1610612740,NOP,New Orleans,1626195,Willy Hernangomez,Willy,,,19:48,2.0,3.0,0.667,0.0,0.0,0.0,8.0,10.0,0.8,3.0,5.0,8.0,3.0,1.0,1.0,2.0,3.0,12.0,20.0
22200344,1610612740,NOP,New Orleans,202066,Garrett Temple,Garrett,,,0:59,0.0,0.0,0.0,0.0,0.0,0.0,0.0,0.0,0.0,0.0,0.0,0.0,0.0,0.0,0.0,0.0,0.0,0.0,-1.0
22200344,1610612740,NOP,New Orleans,1629637,Jaxson Hayes,Jaxson,,DNP - Coach's Decision,,,,,,,,,,,,,,,,,,,,
22200350,1610612741,CHI,Chicago,201942,DeMar DeRozan,DeMar,F,,35:24,6.0,18.0,0.333,0.0,0.0,0.0,6.0,6.0,1.0,1.0,4.0,5.0,4.0,0.0,0.0,2.0,3.0,18.0,-8.0
22200350,1610612741,CHI,Chicago,1630172,Patrick Williams,Patrick,F,,32:44,4.0,8.0,0.5,1.0,3.0,0.333,1.0,1.0,1.0,2.0,4.0,6.0,0.0,1.0,2.0,2.0,4.0,10.0,5.0
22200350,1610612741,CHI,Chicago,202696,Nikola Vučević,Nikola,C,,37:04,4.0,10.0,0.4,2.0,4.0,0.5,2.0,2.0,1.0,0.0,6.0,6.0,1.0,0.0,1.0,2.0,0.0,12.0,-5.0
22200350,1610612741,CHI,Chicago,203897,Zach LaVine,Zach,G,,35:52,16.0,28.0,0.571,3.0,9.0,0.333,6.0,7.0,0.857,2.0,6.0,8.0,2.0,4.0,0.0,2.0,1.0,41.0,1.0
22200350,1610612741,CHI,Chicago,1627936,Alex Caruso,Alex,G,,29:42,0.0,4.0,0.0,0.0,1.0,0.0,0.0,0.0,0.0,0.0,3.0,3.0,4.0,3.0,2.0,1.0,1.0,0.0,-4.0
22200350,1610612741,CHI,Chicago,1629632,Coby White,Coby,,,15:43,3.0,6.0,0.5,1.0,3.0,0.333,0.0,0.0,0.0,0.0,4.0,4.0,1.0,0.0,0.0,2.0,1.0,7.0,1.0
22200350,1610612741,CHI,Chicago,1630245,Ayo Dosunmu,Ayo,,,23:19,2.0,7.0,0.286,1.0,3.0,0.333,1.0,2.0,0.5,1.0,1.0,2.0,3.0,0.0,0.0,0.0,2.0,6.0,-5.0
22200350,1610612741,CHI,Chicago,1627884,Derrick Jones Jr.,Derrick,,,16:55,1.0,1.0,1.0,1.0,1.0,1.0,0.0,0.0,0.0,1.0,2.0,3.0,0.0,1.0,0.0,3.0,3.0,3.0,-6.0
22200350,1610612741,CHI,Chicago,203083,Andre Drummond,Andre,,,5:32,1.0,2.0,0.5,0.0,0.0,0.0,0.0,1.0,0.0,0.0,1.0,1.0,0.0,0.0,0.0,0.0,0.0,2.0,-12.0
22200350,1610612741,CHI,Chicago,201609,Goran Dragic,Goran,,,7:45,1.0,2.0,0.5,0.0,1.0,0.0,0.0,0.0,0.0,0.0,1.0,1.0,2.0,0.0,0.0,2.0,1.0,2.0,-12.0
22200350,1610612741,CHI,Chicago,1628396,Tony Bradley,Tony,,DNP - Coach's Decision,,,,,,,,,,,,,,,,,,,,
22200350,1610612741,CHI,Chicago,1631207,Dalen Terry,Dalen,,DNP - Coach's Decision,,,,,,,,,,,,,,,,,,,,
22200350,1610612758,SAC,Sacramento,203084,Harrison Barnes,Harrison,F,,37:43,6.0,10.0,0.6,3.0,6.0,0.5,2.0,2.0,1.0,1.0,5.0,6.0,0.0,1.0,0.0,3.0,1.0,17.0,1.0
22200350,1610612758,SAC,Sacramento,1631099,Keegan Murray,Keegan,F,,23:52,4.0,7.0,0.571,3.0,5.0,0.6,0.0,0.0,0.0,1.0,3.0,4.0,0.0,0.0,1.0,0.0,1.0,11.0,0.0
22200350,1610612758,SAC,Sacramento,1627734,Domantas Sabonis,Domantas,C,,36:03,2.0,4.0,0.5,1.0,1.0,1.0,6.0,6.0,1.0,3.0,14.0,17.0,10.0,0.0,0.0,2.0,3.0,11.0,6.0
22200350,1610612758,SAC,Sacramento,1628989,Kevin Huerter,Kevin,G,,31:37,5.0,18.0,0.278,1.0,11.0,0.091,1.0,2.0,0.5,0.0,0.0,0.0,3.0,1.0,0.0,2.0,3.0,12.0,7.0
22200350,1610612758,SAC,Sacramento,1628368,De'Aaron Fox,De'Aaron,G,,32:17,5.0,14.0,0.357,2.0,7.0,0.286,4.0,4.0,1.0,0.0,7.0,7.0,4.0,2.0,0.0,4.0,0.0,16.0,8.0
22200350,1610612758,SAC,Sacramento,1630558,Davion Mitchell,Davion,,,24:16,3.0,9.0,0.333,0.0,3.0,0.0,3.0,4.0,0.75,0.0,3.0,3.0,5.0,3.0,1.0,2.0,4.0,9.0,8.0
22200350,1610612758,SAC,Sacramento,1629644,KZ Okpala,KZ,,,18:04,2.0,3.0,0.667,0.0,1.0,0.0,0.0,0.0,0.0,0.0,4.0,4.0,2.0,0.0,0.0,1.0,2.0,4.0,2.0
22200350,1610612758,SAC,Sacramento,1628370,Malik Monk,Malik,,,24:11,8.0,16.0,0.5,3.0,9.0,0.333,1.0,1.0,1.0,0.0,2.0,2.0,5.0,2.0,0.0,3.0,2.0,20.0,10.0
22200350,1610612758,SAC,Sacramento,1629002,Chimezie Metu,Chimezie,,,11:57,5.0,5.0,1.0,0.0,0.0,0.0,0.0,0.0,0.0,0.0,3.0,3.0,1.0,1.0,0.0,1.0,1.0,10.0,3.0
22200350,1610612758,SAC,Sacramento,1629056,Terence Davis,Terence,,DND - Injury/Illness,,,,,,,,,,,,,,,,,,,,
22200350,1610612758,SAC,Sacramento,203521,Matthew Dellavedova,Matthew,,DNP - Coach's Decision,,,,,,,,,,,,,,,,,,,,
22200350,1610612758,SAC,Sacramento,1631165,Keon Ellis,Keon,,DNP - Coach's Decision,,,,,,,,,,,,,,,,,,,,
22200350,1610612758,SAC,Sacramento,1626158,Richaun Holmes,Richaun,,DNP - Coach's Decision,,,,,,,,,,,,,,,,,,,,
22200350,1610612758,SAC,Sacramento,203458,Alex Len,Alex,,DNP - Coach's Decision,,,,,,,,,,,,,,,,,,,,
22200350,1610612758,SAC,Sacramento,1626168,Trey Lyles,Trey,,DNP - Coach's Decision,,,,,,,,,,,,,,,,,,,,
22200346,1610612738,BOS,Boston,1628369,Jayson Tatum,Jayson,F,,36:38,10.0,19.0,0.526,3.0,6.0,0.5,6.0,6.0,1.0,2.0,9.0,11.0,1.0,4.0,0.0,9.0,3.0,29.0,12.0
22200346,1610612738,BOS,Boston,1629684,Grant Williams,Grant,F,,35:50,4.0,7.0,0.571,2.0,4.0,0.5,0.0,0.0,0.0,1.0,4.0,5.0,1.0,3.0,0.0,1.0,3.0,10.0,15.0
22200346,1610612738,BOS,Boston,201143,Al Horford,Al,C,,33:19,1.0,5.0,0.2,1.0,4.0,0.25,0.0,0.0,0.0,0.0,6.0,6.0,2.0,1.0,3.0,0.0,3.0,3.0,14.0
22200346,1610612738,BOS,Boston,1627759,Jaylen Brown,Jaylen,G,,40:14,10.0,20.0,0.5,5.0,9.0,0.556,9.0,11.0,0.818,2.0,8.0,10.0,2.0,2.0,4.0,0.0,2.0,34.0,16.0
22200346,1610612738,BOS,Boston,1628401,Derrick White,Derrick,G,,21:58,1.0,7.0,0.143,1.0,5.0,0.2,0.0,0.0,0.0,0.0,2.0,2.0,2.0,0.0,1.0,3.0,2.0,3.0,2.0
22200346,1610612738,BOS,Boston,1627763,Malcolm Brogdon,Malcolm,,,32:09,4.0,10.0,0.4,2.0,4.0,0.5,3.0,3.0,1.0,2.0,6.0,8.0,8.0,1.0,0.0,1.0,4.0,13.0,16.0
22200346,1610612738,BOS,Boston,1630573,Sam Hauser,Sam,,,17:38,1.0,3.0,0.333,1.0,3.0,0.333,0.0,0.0,0.0,1.0,2.0,3.0,1.0,0.0,1.0,0.0,0.0,3.0,0.0
22200346,1610612738,BOS,Boston,1630202,Payton Pritchard,Payton,,,16:16,3.0,8.0,0.375,0.0,3.0,0.0,0.0,0.0,0.0,0.0,2.0,2.0,1.0,0.0,0.0,1.0,1.0,6.0,-5.0
22200346,1610612738,BOS,Boston,1628436,Luke Kornet,Luke,,,2:32,1.0,2.0,0.5,0.0,0.0,0.0,0.0,0.0,0.0,0.0,0.0,0.0,0.0,0.0,0.0,0.0,0.0,2.0,-5.0
22200346,1610612738,BOS,Boston,1628382,Justin Jackson,Justin,,,1:43,0.0,0.0,0.0,0.0,0.0,0.0,0.0,0.0,0.0,0.0,0.0,0.0,0.0,0.0,0.0,0.0,1.0,0.0,-5.0
22200346,1610612738,BOS,Boston,203943,Noah Vonleh,Noah,,,1:43,0.0,0.0,0.0,0.0,0.0,0.0,0.0,0.0,0.0,0.0,1.0,1.0,0.0,0.0,0.0,0.0,0.0,0.0,-5.0
22200346,1610612738,BOS,Boston,201933,Blake Griffin,Blake,,DNP - Coach's Decision,,,,,,,,,,,,,,,,,,,,
22200346,1610612751,BKN,Brooklyn,201142,Kevin Durant,Kevin,F,,39:45,13.0,24.0,0.542,1.0,5.0,0.2,4.0,5.0,0.8,0.0,7.0,7.0,5.0,2.0,2.0,8.0,0.0,31.0,-19.0
22200346,1610612751,BKN,Brooklyn,1626220,Royce O'Neale,Royce,F,,41:23,2.0,12.0,0.167,2.0,8.0,0.25,0.0,0.0,0.0,0.0,4.0,4.0,4.0,1.0,1.0,2.0,5.0,6.0,-11.0
22200346,1610612751,BKN,Brooklyn,1629651,Nic Claxton,Nic,C,,37:58,4.0,5.0,0.8,0.0,0.0,0.0,1.0,6.0,0.167,5.0,9.0,14.0,1.0,1.0,2.0,1.0,2.0,9.0,-12.0
22200346,1610612751,BKN,Brooklyn,203925,Joe Harris,Joe,G,,36:21,5.0,10.0,0.5,3.0,5.0,0.6,0.0,0.0,0.0,1.0,5.0,6.0,0.0,2.0,0.0,1.0,5.0,13.0,-7.0
22200346,1610612751,BKN,Brooklyn,202681,Kyrie Irving,Kyrie,G,,40:01,7.0,21.0,0.333,1.0,5.0,0.2,3.0,3.0,1.0,3.0,5.0,8.0,5.0,0.0,1.0,2.0,2.0,18.0,-16.0
22200346,1610612751,BKN,Brooklyn,203552,Seth Curry,Seth,,,14:21,0.0,1.0,0.0,0.0,0.0,0.0,0.0,0.0,0.0,0.0,1.0,1.0,0.0,0.0,0.0,0.0,4.0,0.0,2.0
22200346,1610612751,BKN,Brooklyn,1630560,Cam Thomas,Cam,,,8:54,1.0,5.0,0.2,1.0,2.0,0.5,5.0,6.0,0.833,0.0,0.0,0.0,1.0,0.0,0.0,0.0,0.0,8.0,-5.0
22200346,1610612751,BKN,Brooklyn,203933,T.J. Warren,T.J.,,,17:53,1.0,4.0,0.25,0.0,0.0,0.0,2.0,2.0,1.0,1.0,1.0,2.0,1.0,0.0,1.0,0.0,0.0,4.0,3.0
22200346,1610612751,BKN,Brooklyn,1630549,Day'Ron Sharpe,Day'Ron,,,1:43,1.0,1.0,1.0,1.0,1.0,1.0,0.0,0.0,0.0,1.0,2.0,3.0,0.0,0.0,0.0,0.0,0.0,3.0,5.0
22200346,1610612751,BKN,Brooklyn,1630556,Kessler Edwards,Kessler,,,1:43,0.0,1.0,0.0,0.0,0.0,0.0,0.0,0.0,0.0,0.0,0.0,0.0,0.0,0.0,0.0,0.0,0.0,0.0,5.0
22200346,1610612751,BKN,Brooklyn,201988,Patty Mills,Patty,,DNP - Coach's Decision,,,,,,,,,,,,,,,,,,,,
22200346,1610612751,BKN,Brooklyn,202693,Markieff Morris,Markieff,,DNP - Coach's Decision,,,,,,,,,,,,,,,,,,,,
22200349,1610612747,LAL,Los Angeles,1629022,Lonnie Walker IV,Lonnie,F,,24:50,7.0,10.0,0.7,4.0,4.0,1.0,2.0,2.0,1.0,0.0,2.0,2.0,1.0,1.0,0.0,0.0,1.0,20.0,10.0
22200349,1610612747,LAL,Los Angeles,2544,LeBron James,LeBron,F,,34:27,12.0,26.0,0.462,2.0,7.0,0.286,3.0,4.0,0.75,1.0,7.0,8.0,6.0,1.0,0.0,5.0,3.0,29.0,13.0
22200349,1610612747,LAL,Los Angeles,203076,Anthony Davis,Anthony,C,,37:33,22.0,30.0,0.733,2.0,3.0,0.667,9.0,9.0,1.0,3.0,14.0,17.0,1.0,0.0,3.0,2.0,1.0,55.0,17.0
22200349,1610612747,LAL,Los Angeles,203471,Dennis Schröder,Dennis,G,,30:11,2.0,5.0,0.4,0.0,1.0,0.0,0.0,0.0,0.0,0.0,2.0,2.0,8.0,2.0,0.0,2.0,0.0,4.0,14.0
22200349,1610612747,LAL,Los Angeles,201976,Patrick Beverley,Patrick,G,,24:05,0.0,4.0,0.0,0.0,4.0,0.0,1.0,2.0,0.5,2.0,2.0,4.0,1.0,1.0,1.0,0.0,2.0,1.0,5.0
22200349,1610612747,LAL,Los Angeles,201566,Russell Westbrook,Russell,,,28:38,3.0,8.0,0.375,0.0,1.0,0.0,0.0,0.0,0.0,0.0,7.0,7.0,15.0,0.0,0.0,6.0,2.0,6.0,0.0
22200349,1610612747,LAL,Los Angeles,1630559,Austin Reaves,Austin,,,24:35,2.0,4.0,0.5,0.0,2.0,0.0,1.0,1.0,1.0,0.0,3.0,3.0,0.0,0.0,0.0,0.0,1.0,5.0,-4.0
22200349,1610612747,LAL,Los Angeles,1628972,Troy Brown Jr.,Troy,,,16:42,2.0,4.0,0.5,2.0,3.0,0.667,0.0,0.0,0.0,0.0,1.0,1.0,2.0,0.0,0.0,0.0,1.0,6.0,9.0
22200349,1610612747,LAL,Los Angeles,1629117,Wenyen Gabriel,Wenyen,,,8:36,0.0,1.0,0.0,0.0,1.0,0.0,0.0,0.0,0.0,2.0,0.0,2.0,0.0,0.0,1.0,0.0,2.0,0.0,-14.0
22200349,1610612747,LAL,Los Angeles,1628418,Thomas Bryant,Thomas,,,10:23,2.0,4.0,0.5,0.0,0.0,0.0,0.0,4.0,0.0,1.0,4.0,5.0,0.0,0.0,0.0,0.0,1.0,4.0,5.0
22200349,1610612747,LAL,Los Angeles,1631108,Max Christie,Max,,DNP - Coach's Decision,,,,,,,,,,,,,,,,,,,,
22200349,1610612747,LAL,Los Angeles,1627745,Damian Jones,Damian,,DNP - Coach's Decision,,,,,,,,,,,,,,,,,,,,
22200349,1610612747,LAL,Los Angeles,1629134,Kendrick Nunn,Kendrick,,DNP - Coach's Decision,,,,,,,,,,,,,,,,,,,,
22200349,1610612747,LAL,Los Angeles,1629308,Juan Toscano-Anderson,Juan,,DNP - Coach's Decision,,,,,,,,,,,,,,,,,,,,
22200349,1610612764,WAS,Washington,1630166,Deni Avdija,Deni,F,,25:10,3.0,11.0,0.273,1.0,8.0,0.125,0.0,0.0,0.0,1.0,7.0,8.0,1.0,2.0,1.0,1.0,3.0,7.0,-14.0
22200349,1610612764,WAS,Washington,1628398,Kyle Kuzma,Kyle,F,,32:14,10.0,21.0,0.476,1.0,7.0,0.143,5.0,6.0,0.833,3.0,4.0,7.0,4.0,2.0,1.0,6.0,6.0,26.0,-10.0
22200349,1610612764,WAS,Washington,204001,Kristaps Porziņģis,Kristaps,C,,33:35,11.0,25.0,0.44,1.0,6.0,0.167,4.0,6.0,0.667,1.0,8.0,9.0,3.0,2.0,1.0,0.0,2.0,27.0,-7.0
22200349,1610612764,WAS,Washington,203078,Bradley Beal,Bradley,G,,3:29,1.0,1.0,1.0,0.0,0.0,0.0,0.0,0.0,0.0,0.0,1.0,1.0,0.0,0.0,0.0,0.0,0.0,2.0,-1.0
22200349,1610612764,WAS,Washington,1628420,Monté Morris,Monté,G,,30:59,6.0,14.0,0.429,2.0,6.0,0.333,0.0,0.0,0.0,0.0,1.0,1.0,4.0,1.0,0.0,2.0,1.0,14.0,-15.0
22200349,1610612764,WAS,Washington,1630557,Corey Kispert,Corey,,,29:36,6.0,8.0,0.75,4.0,6.0,0.667,0.0,0.0,0.0,0.0,1.0,1.0,2.0,0.0,0.0,0.0,2.0,16.0,-11.0
22200349,1610612764,WAS,Washington,1630692,Jordan Goodwin,Jordan,,,25:35,3.0,9.0,0.333,1.0,2.0,0.5,1.0,1.0,1.0,2.0,5.0,7.0,3.0,2.0,1.0,1.0,3.0,8.0,1.0
22200349,1610612764,WAS,Washington,1630264,Anthony Gill,Anthony,,,8:06,0.0,1.0,0.0,0.0,1.0,0.0,0.0,0.0,0.0,0.0,0.0,0.0,1.0,0.0,1.0,0.0,1.0,0.0,-3.0
22200349,1610612764,WAS,Washington,203115,Will Barton,Will,,,22:11,0.0,5.0,0.0,0.0,3.0,0.0,0.0,0.0,0.0,0.0,1.0,1.0,5.0,0.0,1.0,0.0,0.0,0.0,-2.0
22200349,1610612764,WAS,Washington,1629655,Daniel Gafford,Daniel,,,20:36,9.0,10.0,0.9,0.0,0.0,0.0,1.0,2.0,0.5,4.0,3.0,7.0,1.0,0.0,2.0,0.0,4.0,19.0,1.0
22200349,1610612764,WAS,Washington,201959,Taj Gibson,Taj,,,8:29,0.0,0.0,0.0,0.0,0.0,0.0,0.0,0.0,0.0,0.0,2.0,2.0,0.0,1.0,0.0,0.0,1.0,0.0,6.0
22200342,1610612745,HOU,Houston,1630231,KJ Martin,KJ,F,,27:36,5.0,11.0,0.455,0.0,3.0,0.0,3.0,3.0,1.0,4.0,3.0,7.0,1.0,0.0,0.0,0.0,1.0,13.0,-27.0
22200342,1610612745,HOU,Houston,1631095,Jabari Smith Jr.,Jabari,F,,22:53,3.0,7.0,0.429,0.0,2.0,0.0,0.0,0.0,0.0,2.0,3.0,5.0,0.0,0.0,0.0,3.0,3.0,6.0,-32.0
22200342,1610612745,HOU,Houston,1630578,Alperen Sengun,Alperen,C,,20:07,6.0,9.0,0.667,0.0,0.0,0.0,0.0,0.0,0.0,1.0,3.0,4.0,1.0,0.0,1.0,1.0,2.0,12.0,-24.0
22200342,1610612745,HOU,Houston,1630224,Jalen Green,Jalen,G,,30:46,6.0,19.0,0.316,0.0,5.0,0.0,1.0,1.0,1.0,0.0,1.0,1.0,3.0,1.0,0.0,2.0,0.0,13.0,-18.0
22200342,1610612745,HOU,Houston,1629645,Kevin Porter Jr.,Kevin,G,,32:24,6.0,16.0,0.375,1.0,9.0,0.111,7.0,7.0,1.0,0.0,3.0,3.0,4.0,2.0,0.0,4.0,3.0,20.0,-17.0
22200342,1610612745,HOU,Houston,1631106,Tari Eason,Tari,,,29:08,6.0,10.0,0.6,0.0,0.0,0.0,1.0,2.0,0.5,3.0,7.0,10.0,1.0,0.0,0.0,0.0,1.0,13.0,10.0
22200342,1610612745,HOU,Houston,1630227,Daishen Nix,Daishen,,,19:32,2.0,8.0,0.25,1.0,6.0,0.167,1.0,2.0,0.5,2.0,2.0,4.0,4.0,0.0,0.0,3.0,1.0,6.0,-5.0
22200342,1610612745,HOU,Houston,1629726,Garrison Mathews,Garrison,,,18:31,1.0,3.0,0.333,1.0,3.0,0.333,3.0,3.0,1.0,0.0,1.0,1.0,2.0,1.0,0.0,1.0,0.0,6.0,9.0
22200342,1610612745,HOU,Houston,1630586,Usman Garuba,Usman,,,17:06,2.0,3.0,0.667,0.0,0.0,0.0,0.0,0.0,0.0,2.0,8.0,10.0,0.0,0.0,1.0,0.0,2.0,4.0,-1.0
22200342,1610612745,HOU,Houston,1628981,Bruno Fernando,Bruno,,,10:47,1.0,1.0,1.0,0.0,0.0,0.0,0.0,0.0,0.0,0.0,0.0,0.0,0.0,1.0,1.0,1.0,1.0,2.0,6.0
22200342,1610612745,HOU,Houston,1630528,Josh Christopher,Josh,,,11:10,2.0,4.0,0.5,0.0,0.0,0.0,2.0,2.0,1.0,0.0,0.0,0.0,1.0,1.0,1.0,0.0,0.0,6.0,4.0
22200342,1610612745,HOU,Houston,1626246,Boban Marjanović,Boban,,DNP - Coach's Decision,,,,,,,,,,,,,,,,,,,,
22200342,1610612744,GSW,Golden State,203952,Andrew Wiggins,Andrew,F,,33:46,14.0,19.0,0.737,8.0,10.0,0.8,0.0,2.0,0.0,2.0,3.0,5.0,2.0,2.0,1.0,1.0,1.0,36.0,34.0
22200342,1610612744,GSW,Golden State,203110,Draymond Green,Draymond,F,,31:45,1.0,6.0,0.167,1.0,5.0,0.2,0.0,0.0,0.0,2.0,4.0,6.0,6.0,1.0,1.0,2.0,3.0,3.0,22.0
22200342,1610612744,GSW,Golden State,1626172,Kevon Looney,Kevon,C,,27:13,3.0,4.0,0.75,0.0,0.0,0.0,3.0,5.0,0.6,0.0,12.0,12.0,2.0,0.0,1.0,0.0,2.0,9.0,19.0
22200342,1610612744,GSW,Golden State,1629673,Jordan Poole,Jordan,G,,27:42,8.0,14.0,0.571,5.0,8.0,0.625,0.0,0.0,0.0,0.0,2.0,2.0,5.0,1.0,0.0,2.0,4.0,21.0,25.0
22200342,1610612744,GSW,Golden State,201939,Stephen Curry,Stephen,G,,34:32,10.0,21.0,0.476,8.0,17.0,0.471,2.0,3.0,0.667,0.0,3.0,3.0,10.0,1.0,1.0,4.0,0.0,30.0,19.0
22200342,1610612744,GSW,Golden State,1628978,Donte DiVincenzo,Donte,,,20:27,0.0,5.0,0.0,0.0,5.0,0.0,0.0,0.0,0.0,1.0,1.0,2.0,5.0,2.0,0.0,2.0,4.0,0.0,2.0
22200342,1610612744,GSW,Golden State,203210,JaMychal Green,JaMychal,,,10:27,2.0,4.0,0.5,0.0,1.0,0.0,0.0,0.0,0.0,1.0,2.0,3.0,0.0,1.0,0.0,0.0,2.0,4.0,-2.0
22200342,1610612744,GSW,Golden State,1630228,Jonathan Kuminga,Jonathan,,,17:35,1.0,3.0,0.333,0.0,1.0,0.0,0.0,0.0,0.0,0.0,1.0,1.0,1.0,0.0,0.0,1.0,3.0,2.0,-8.0
22200342,1610612744,GSW,Golden State,1630541,Moses Moody,Moses,,,17:00,4.0,5.0,0.8,3.0,3.0,1.0,0.0,0.0,0.0,0.0,1.0,1.0,1.0,0.0,0.0,0.0,0.0,11.0,-16.0
22200342,1610612744,GSW,Golden State,1630237,Anthony Lamb,Anthony,,,17:26,1.0,3.0,0.333,0.0,2.0,0.0,0.0,0.0,0.0,0.0,0.0,0.0,1.0,0.0,1.0,1.0,5.0,2.0,-3.0
22200342,1610612744,GSW,Golden State,1629660,Ty Jerome,Ty,,,2:07,1.0,1.0,1.0,0.0,0.0,0.0,0.0,0.0,0.0,0.0,0.0,0.0,1.0,0.0,0.0,0.0,0.0,2.0,3.0
22200339,1610612749,MIL,Milwaukee,1629670,Jordan Nwora,Jordan,F,,31:55,7.0,11.0,0.636,2.0,4.0,0.5,1.0,3.0,0.333,3.0,1.0,4.0,1.0,1.0,0.0,2.0,1.0,17.0,-3.0
22200339,1610612749,MIL,Milwaukee,1626171,Bobby Portis,Bobby,F,,30:59,9.0,18.0,0.5,1.0,5.0,0.2,1.0,1.0,1.0,0.0,8.0,8.0,7.0,0.0,0.0,3.0,3.0,20.0,6.0
22200339,1610612749,MIL,Milwaukee,201572,Brook Lopez,Brook,C,,32:09,4.0,11.0,0.364,3.0,5.0,0.6,3.0,3.0,1.0,1.0,5.0,6.0,3.0,0.0,6.0,3.0,4.0,14.0,6.0
22200339,1610612749,MIL,Milwaukee,1628960,Grayson Allen,Grayson,G,,25:05,3.0,7.0,0.429,1.0,4.0,0.25,0.0,0.0,0.0,1.0,4.0,5.0,1.0,0.0,0.0,1.0,1.0,7.0,-4.0
22200339,1610612749,MIL,Milwaukee,1628975,Jevon Carter,Jevon,G,,27:43,4.0,10.0,0.4,1.0,3.0,0.333,5.0,6.0,0.833,1.0,4.0,5.0,6.0,2.0,0.0,4.0,1.0,14.0,2.0
22200339,1610612749,MIL,Milwaukee,203648,Thanasis Antetokounmpo,Thanasis,,,17:53,1.0,3.0,0.333,0.0,1.0,0.0,0.0,0.0,0.0,0.0,3.0,3.0,0.0,0.0,1.0,2.0,1.0,2.0,7.0
22200339,1610612749,MIL,Milwaukee,1631260,AJ Green,AJ,,,13:44,2.0,3.0,0.667,2.0,2.0,1.0,2.0,2.0,1.0,0.0,3.0,3.0,1.0,0.0,0.0,1.0,1.0,8.0,14.0
22200339,1610612749,MIL,Milwaukee,201588,George Hill,George,,,25:59,4.0,7.0,0.571,0.0,0.0,0.0,0.0,0.0,0.0,1.0,1.0,2.0,5.0,1.0,0.0,4.0,2.0,8.0,8.0
22200339,1610612749,MIL,Milwaukee,1626192,Pat Connaughton,Pat,,,19:34,3.0,7.0,0.429,1.0,4.0,0.25,2.0,2.0,1.0,1.0,4.0,5.0,0.0,1.0,0.0,1.0,2.0,9.0,10.0
22200339,1610612749,MIL,Milwaukee,1630572,Sandro Mamukelashvili,Sandro,,,14:58,2.0,6.0,0.333,1.0,4.0,0.25,1.0,2.0,0.5,0.0,6.0,6.0,0.0,0.0,1.0,0.0,1.0,6.0,-1.0
22200339,1610612749,MIL,Milwaukee,202083,Wesley Matthews,Wesley,,DNP - Coach's Decision,,,,,,,,,,,,,,,,,,,,
22200339,1610612766,CHA,Charlotte,1629667,Jalen McDaniels,Jalen,F,,33:01,8.0,15.0,0.533,2.0,5.0,0.4,3.0,4.0,0.75,0.0,5.0,5.0,2.0,1.0,1.0,2.0,4.0,21.0,-5.0
22200339,1610612766,CHA,Charlotte,1629023,P.J. Washington,P.J.,F,,33:01,0.0,13.0,0.0,0.0,3.0,0.0,0.0,0.0,0.0,1.0,7.0,8.0,5.0,3.0,3.0,3.0,1.0,0.0,-5.0
22200339,1610612766,CHA,Charlotte,203486,Mason Plumlee,Mason,C,,30:17,6.0,9.0,0.667,0.0,0.0,0.0,1.0,1.0,1.0,4.0,7.0,11.0,3.0,2.0,0.0,1.0,5.0,13.0,2.0
22200339,1610612766,CHA,Charlotte,1626162,Kelly Oubre Jr.,Kelly,G,,39:20,4.0,14.0,0.286,1.0,5.0,0.2,11.0,12.0,0.917,0.0,2.0,2.0,0.0,2.0,0.0,1.0,4.0,20.0,3.0
22200339,1610612766,CHA,Charlotte,1626179,Terry Rozier,Terry,G,,35:31,10.0,21.0,0.476,1.0,7.0,0.143,5.0,5.0,1.0,0.0,5.0,5.0,4.0,0.0,0.0,4.0,4.0,26.0,-2.0
22200339,1610612766,CHA,Charlotte,1630177,Theo Maledon,Theo,,,18:36,2.0,4.0,0.5,1.0,2.0,0.5,0.0,0.0,0.0,0.0,1.0,1.0,0.0,0.0,0.0,0.0,0.0,5.0,-14.0
22200339,1610612766,CHA,Charlotte,1630208,Nick Richards,Nick,,,17:43,3.0,7.0,0.429,0.0,0.0,0.0,3.0,4.0,0.75,2.0,3.0,5.0,0.0,0.0,0.0,2.0,0.0,9.0,-11.0
22200339,1610612766,CHA,Charlotte,1631121,Bryce McGowens,Bryce,,,17:32,1.0,3.0,0.333,0.0,1.0,0.0,0.0,0.0,0.0,1.0,3.0,4.0,0.0,0.0,0.0,0.0,0.0,2.0,-9.0
22200339,1610612766,CHA,Charlotte,1630539,Kai Jones,Kai,,,14:59,0.0,1.0,0.0,0.0,1.0,0.0,0.0,0.0,0.0,1.0,2.0,3.0,1.0,1.0,0.0,1.0,1.0,0.0,-4.0
22200339,1610612766,CHA,Charlotte,1630547,James Bouknight,James,,DNP - Coach's Decision,,,,,,,,,,,,,,,,,,,,
22200339,1610612766,CHA,Charlotte,1630550,JT Thor,JT,,DNP - Coach's Decision,,,,,,,,,,,,,,,,,,,,
22200341,1610612760,OKC,Oklahoma City,1629652,Luguentz Dort,Luguentz,F,,31:39,6.0,12.0,0.5,3.0,4.0,0.75,3.0,5.0,0.6,2.0,2.0,4.0,3.0,1.0,0.0,6.0,3.0,18.0,-7.0
22200341,1610612760,OKC,Oklahoma City,1630197,Aleksej Pokusevski,Aleksej,F,,20:16,5.0,10.0,0.5,0.0,3.0,0.0,2.0,2.0,1.0,3.0,5.0,8.0,1.0,0.0,0.0,2.0,2.0,12.0,-4.0
22200341,1610612760,OKC,Oklahoma City,1630526,Jeremiah Robinson-Earl,Jeremiah,C,,28:51,5.0,11.0,0.455,0.0,3.0,0.0,4.0,4.0,1.0,5.0,2.0,7.0,2.0,2.0,0.0,1.0,3.0,14.0,13.0
22200341,1610612760,OKC,Oklahoma City,1630581,Josh Giddey,Josh,G,,33:03,8.0,16.0,0.5,3.0,7.0,0.429,2.0,3.0,0.667,1.0,11.0,12.0,7.0,2.0,2.0,4.0,4.0,21.0,8.0
22200341,1610612760,OKC,Oklahoma City,1628983,Shai Gilgeous-Alexander,Shai,G,,34:37,10.0,17.0,0.588,1.0,2.0,0.5,12.0,12.0,1.0,0.0,1.0,1.0,6.0,3.0,1.0,4.0,0.0,33.0,-6.0
22200341,1610612760,OKC,Oklahoma City,1631114,Jalen Williams,Jalen,,,27:10,4.0,6.0,0.667,1.0,1.0,1.0,2.0,4.0,0.5,0.0,1.0,1.0,3.0,0.0,0.0,2.0,3.0,11.0,18.0
22200341,1610612760,OKC,Oklahoma City,1630544,Tre Mann,Tre,,,17:18,2.0,9.0,0.222,1.0,3.0,0.333,1.0,1.0,1.0,0.0,1.0,1.0,1.0,0.0,1.0,1.0,2.0,6.0,8.0
22200341,1610612760,OKC,Oklahoma City,1629647,Darius Bazley,Darius,,,14:46,2.0,4.0,0.5,0.0,0.0,0.0,1.0,2.0,0.5,0.0,3.0,3.0,0.0,1.0,1.0,1.0,0.0,5.0,-9.0
22200341,1610612760,OKC,Oklahoma City,1631172,Ousmane Dieng,Ousmane,,,11:04,0.0,1.0,0.0,0.0,0.0,0.0,0.0,0.0,0.0,0.0,2.0,2.0,1.0,2.0,0.0,0.0,0.0,0.0,2.0
22200341,1610612760,OKC,Oklahoma City,1629026,Kenrich Williams,Kenrich,,,21:17,6.0,7.0,0.857,2.0,3.0,0.667,1.0,2.0,0.5,2.0,1.0,3.0,2.0,0.0,0.0,0.0,1.0,15.0,12.0
22200341,1610612760,OKC,Oklahoma City,1630198,Isaiah Joe,Isaiah,,DNP - Coach's Decision,,,,,,,,,,,,,,,,,,,,
22200341,1610612760,OKC,Oklahoma City,203488,Mike Muscala,Mike,,DNP - Coach's Decision,,,,,,,,,,,,,,,,,,,,
22200341,1610612760,OKC,Oklahoma City,1630598,Aaron Wiggins,Aaron,,DNP - Coach's Decision,,,,,,,,,,,,,,,,,,,,
22200341,1610612760,OKC,Oklahoma City,1631119,Jaylin Williams,Jaylin,,DNP - Coach's Decision,,,,,,,,,,,,,,,,,,,,
22200341,1610612750,MIN,Minnesota,1630162,Anthony Edwards,Anthony,F,,37:26,10.0,22.0,0.455,2.0,6.0,0.333,4.0,6.0,0.667,0.0,3.0,3.0,4.0,6.0,0.0,5.0,2.0,26.0,5.0
22200341,1610612750,MIN,Minnesota,1630183,Jaden McDaniels,Jaden,F,,18:13,3.0,4.0,0.75,2.0,3.0,0.667,0.0,0.0,0.0,1.0,0.0,1.0,0.0,1.0,1.0,2.0,5.0,8.0,-22.0
22200341,1610612750,MIN,Minnesota,203497,Rudy Gobert,Rudy,C,,9:13,3.0,3.0,1.0,0.0,0.0,0.0,0.0,2.0,0.0,2.0,2.0,4.0,0.0,0.0,0.0,0.0,2.0,6.0,-11.0
22200341,1610612750,MIN,Minnesota,1631111,Wendell Moore Jr.,Wendell,G,,16:02,4.0,6.0,0.667,1.0,3.0,0.333,0.0,0.0,0.0,0.0,0.0,0.0,1.0,0.0,0.0,2.0,1.0,9.0,-2.0
22200341,1610612750,MIN,Minnesota,1626156,D'Angelo Russell,D'Angelo,G,,36:25,10.0,16.0,0.625,2.0,6.0,0.333,5.0,5.0,1.0,1.0,2.0,3.0,6.0,1.0,0.0,4.0,2.0,27.0,-16.0
22200341,1610612750,MIN,Minnesota,203937,Kyle Anderson,Kyle,,,30:31,2.0,3.0,0.667,0.0,0.0,0.0,2.0,2.0,1.0,1.0,5.0,6.0,5.0,2.0,4.0,4.0,1.0,6.0,13.0
22200341,1610612750,MIN,Minnesota,1629669,Jaylen Nowell,Jaylen,,,23:02,6.0,13.0,0.462,2.0,5.0,0.4,7.0,8.0,0.875,2.0,1.0,3.0,2.0,0.0,0.0,1.0,4.0,21.0,2.0
22200341,1610612750,MIN,Minnesota,1629675,Naz Reid,Naz,,,29:47,6.0,12.0,0.5,0.0,2.0,0.0,1.0,2.0,0.5,3.0,15.0,18.0,3.0,0.0,4.0,1.0,4.0,13.0,0.0
22200341,1610612750,MIN,Minnesota,1629162,Jordan McLaughlin,Jordan,,,24:20,2.0,7.0,0.286,1.0,3.0,0.333,3.0,3.0,1.0,2.0,3.0,5.0,4.0,2.0,1.0,2.0,0.0,8.0,6.0
22200341,1610612750,MIN,Minnesota,203085,Austin Rivers,Austin,,,15:02,1.0,3.0,0.333,0.0,2.0,0.0,2.0,2.0,1.0,0.0,1.0,1.0,0.0,1.0,0.0,2.0,2.0,4.0,-10.0
22200341,1610612750,MIN,Minnesota,1627854,Bryn Forbes,Bryn,,DNP - Injury/Illness,,,,,,,,,,,,,,,,,,,,
22200341,1610612750,MIN,Minnesota,1630568,Luka Garza,Luka,,DNP - Coach's Decision,,,,,,,,,,,,,,,,,,,,
22200341,1610612750,MIN,Minnesota,1630233,Nathan Knight,Nathan,,DNP - Coach's Decision,,,,,,,,,,,,,,,,,,,,
22200341,1610612750,MIN,Minnesota,1630639,A.J. Lawson,A.J.,,DNP - Coach's Decision,,,,,,,,,,,,,,,,,,,,
22200341,1610612750,MIN,Minnesota,1631169,Josh Minott,Josh,,DNP - Coach's Decision,,,,,,,,,,,,,,,,,,,,
22200338,1610612758,SAC,Sacramento,203084,Harrison Barnes,Harrison,F,,25:54,4.0,6.0,0.667,1.0,3.0,0.333,1.0,5.0,0.2,0.0,5.0,5.0,2.0,1.0,0.0,1.0,1.0,10.0,26.0
22200338,1610612758,SAC,Sacramento,1631099,Keegan Murray,Keegan,F,,28:02,8.0,15.0,0.533,3.0,8.0,0.375,4.0,5.0,0.8,1.0,6.0,7.0,1.0,2.0,0.0,1.0,2.0,23.0,25.0
22200338,1610612758,SAC,Sacramento,1627734,Domantas Sabonis,Domantas,C,,26:11,10.0,11.0,0.909,2.0,2.0,1.0,2.0,3.0,0.667,2.0,3.0,5.0,6.0,0.0,2.0,2.0,5.0,24.0,32.0
22200338,1610612758,SAC,Sacramento,1628989,Kevin Huerter,Kevin,G,,30:04,4.0,8.0,0.5,1.0,3.0,0.333,3.0,3.0,1.0,1.0,1.0,2.0,4.0,1.0,0.0,0.0,2.0,12.0,22.0
22200338,1610612758,SAC,Sacramento,1628368,De'Aaron Fox,De'Aaron,G,,27:50,5.0,12.0,0.417,1.0,4.0,0.25,3.0,5.0,0.6,0.0,6.0,6.0,4.0,0.0,1.0,2.0,0.0,14.0,17.0
22200338,1610612758,SAC,Sacramento,1630558,Davion Mitchell,Davion,,,16:32,2.0,6.0,0.333,0.0,3.0,0.0,0.0,0.0,0.0,0.0,3.0,3.0,4.0,0.0,0.0,0.0,3.0,4.0,8.0
22200338,1610612758,SAC,Sacramento,1629644,KZ Okpala,KZ,,,18:14,2.0,6.0,0.333,0.0,1.0,0.0,2.0,2.0,1.0,1.0,2.0,3.0,1.0,1.0,1.0,1.0,1.0,6.0,10.0
22200338,1610612758,SAC,Sacramento,1628370,Malik Monk,Malik,,,16:14,5.0,11.0,0.455,3.0,5.0,0.6,0.0,0.0,0.0,0.0,0.0,0.0,2.0,0.0,0.0,0.0,2.0,13.0,-2.0
22200338,1610612758,SAC,Sacramento,1629056,Terence Davis,Terence,,,11:04,1.0,5.0,0.2,0.0,2.0,0.0,0.0,0.0,0.0,1.0,2.0,3.0,3.0,2.0,0.0,1.0,0.0,2.0,7.0
22200338,1610612758,SAC,Sacramento,1629002,Chimezie Metu,Chimezie,,,15:16,3.0,3.0,1.0,0.0,0.0,0.0,4.0,5.0,0.8,2.0,6.0,8.0,2.0,0.0,2.0,1.0,3.0,10.0,-3.0
22200338,1610612758,SAC,Sacramento,1626168,Trey Lyles,Trey,,,7:39,0.0,1.0,0.0,0.0,1.0,0.0,0.0,0.0,0.0,0.0,3.0,3.0,1.0,0.0,0.0,0.0,2.0,0.0,-2.0
22200338,1610612758,SAC,Sacramento,203521,Matthew Dellavedova,Matthew,,,6:56,1.0,3.0,0.333,0.0,0.0,0.0,1.0,2.0,0.5,0.0,1.0,1.0,1.0,0.0,0.0,0.0,0.0,3.0,-2.0
22200338,1610612758,SAC,Sacramento,1626158,Richaun Holmes,Richaun,,,6:33,0.0,0.0,0.0,0.0,0.0,0.0,0.0,0.0,0.0,0.0,0.0,0.0,0.0,0.0,0.0,0.0,1.0,0.0,-2.0
22200338,1610612758,SAC,Sacramento,203458,Alex Len,Alex,,,3:31,1.0,2.0,0.5,0.0,0.0,0.0,0.0,0.0,0.0,0.0,0.0,0.0,0.0,0.0,0.0,0.0,0.0,2.0,-1.0
22200338,1610612746,LAC,LA,1629599,Amir Coffey,Amir,F,,33:07,1.0,5.0,0.2,0.0,1.0,0.0,1.0,1.0,1.0,0.0,2.0,2.0,1.0,0.0,0.0,0.0,4.0,3.0,-20.0
22200338,1610612746,LAC,LA,202694,Marcus Morris Sr.,Marcus,F,,24:14,2.0,11.0,0.182,2.0,6.0,0.333,0.0,0.0,0.0,1.0,2.0,3.0,0.0,0.0,0.0,1.0,3.0,6.0,-18.0
22200338,1610612746,LAC,LA,1627826,Ivica Zubac,Ivica,C,,27:05,5.0,6.0,0.833,0.0,0.0,0.0,3.0,4.0,0.75,5.0,10.0,15.0,1.0,1.0,0.0,1.0,4.0,13.0,-11.0
22200338,1610612746,LAC,LA,1629611,Terance Mann,Terance,G,,26:44,6.0,13.0,0.462,0.0,2.0,0.0,1.0,2.0,0.5,3.0,3.0,6.0,3.0,1.0,0.0,0.0,2.0,13.0,-17.0
22200338,1610612746,LAC,LA,202704,Reggie Jackson,Reggie,G,,23:11,1.0,12.0,0.083,1.0,4.0,0.25,3.0,5.0,0.6,1.0,0.0,1.0,0.0,0.0,0.0,5.0,1.0,6.0,-13.0
22200338,1610612746,LAC,LA,202322,John Wall,John,,,12:13,3.0,6.0,0.5,1.0,1.0,1.0,5.0,5.0,1.0,0.0,0.0,0.0,1.0,0.0,0.0,2.0,3.0,12.0,-10.0
22200338,1610612746,LAC,LA,201587,Nicolas Batum,Nicolas,,,11:18,0.0,3.0,0.0,0.0,2.0,0.0,0.0,0.0,0.0,1.0,2.0,3.0,0.0,0.0,0.0,0.0,1.0,0.0,-8.0
22200338,1610612746,LAC,LA,203496,Robert Covington,Robert,,,20:45,3.0,11.0,0.273,0.0,6.0,0.0,1.0,1.0,1.0,0.0,4.0,4.0,4.0,1.0,2.0,1.0,2.0,7.0,-13.0
22200338,1610612746,LAC,LA,1630527,Brandon Boston,Brandon,,,20:21,6.0,13.0,0.462,4.0,6.0,0.667,2.0,2.0,1.0,1.0,2.0,3.0,2.0,1.0,0.0,2.0,1.0,18.0,-10.0
22200338,1610612746,LAC,LA,1631217,Moussa Diabaté,Moussa,,,18:43,1.0,1.0,1.0,0.0,0.0,0.0,2.0,2.0,1.0,2.0,3.0,5.0,0.0,0.0,0.0,3.0,1.0,4.0,-15.0
22200338,1610612746,LAC,LA,1630554,Jason Preston,Jason,,,14:40,4.0,9.0,0.444,1.0,5.0,0.2,0.0,0.0,0.0,0.0,2.0,2.0,3.0,0.0,0.0,2.0,1.0,9.0,-2.0
22200338,1610612746,LAC,LA,1629650,Moses Brown,Moses,,,7:39,1.0,3.0,0.333,0.0,0.0,0.0,3.0,4.0,0.75,3.0,3.0,6.0,0.0,0.0,1.0,0.0,0.0,5.0,2.0
22200340,1610612753,ORL,Orlando,1631094,Paolo Banchero,Paolo,F,,26:53,2.0,8.0,0.25,1.0,5.0,0.2,4.0,6.0,0.667,2.0,1.0,3.0,3.0,1.0,0.0,2.0,2.0,9.0,-28.0
22200340,1610612753,ORL,Orlando,1629626,Bol Bol,Bol,F,,27:41,7.0,8.0,0.875,0.0,1.0,0.0,4.0,5.0,0.8,1.0,6.0,7.0,1.0,1.0,1.0,5.0,1.0,18.0,-17.0
22200340,1610612753,ORL,Orlando,1629021,Moritz Wagner,Moritz,C,,21:56,2.0,7.0,0.286,0.0,1.0,0.0,1.0,2.0,0.5,0.0,4.0,4.0,0.0,1.0,1.0,3.0,3.0,5.0,-28.0
22200340,1610612753,ORL,Orlando,1630532,Franz Wagner,Franz,G,,22:29,4.0,8.0,0.5,1.0,3.0,0.333,0.0,0.0,0.0,0.0,1.0,1.0,1.0,2.0,0.0,3.0,1.0,9.0,-31.0
22200340,1610612753,ORL,Orlando,1628365,Markelle Fultz,Markelle,G,,18:45,3.0,8.0,0.375,0.0,0.0,0.0,1.0,2.0,0.5,0.0,1.0,1.0,4.0,1.0,0.0,1.0,2.0,7.0,-21.0
22200340,1610612753,ORL,Orlando,1631216,Caleb Houstan,Caleb,,,24:40,3.0,9.0,0.333,2.0,5.0,0.4,0.0,0.0,0.0,1.0,3.0,4.0,2.0,0.0,0.0,0.0,4.0,8.0,11.0
22200340,1610612753,ORL,Orlando,203082,Terrence Ross,Terrence,,,24:52,7.0,7.0,1.0,4.0,4.0,1.0,0.0,0.0,0.0,0.0,1.0,1.0,0.0,2.0,0.0,0.0,1.0,18.0,17.0
22200340,1610612753,ORL,Orlando,1630175,Cole Anthony,Cole,,,23:44,4.0,10.0,0.4,1.0,3.0,0.333,3.0,3.0,1.0,0.0,3.0,3.0,5.0,1.0,0.0,0.0,2.0,12.0,5.0
22200340,1610612753,ORL,Orlando,1630284,Kevon Harris,Kevon,,,20:58,2.0,4.0,0.5,1.0,1.0,1.0,0.0,0.0,0.0,1.0,2.0,3.0,2.0,0.0,0.0,0.0,1.0,5.0,5.0
22200340,1610612753,ORL,Orlando,1629678,Admiral Schofield,Admiral,,,19:47,3.0,7.0,0.429,1.0,4.0,0.25,6.0,6.0,1.0,0.0,0.0,0.0,3.0,0.0,0.0,1.0,3.0,13.0,13.0
22200340,1610612753,ORL,Orlando,1630181,R.J. Hampton,R.J.,,,8:15,1.0,2.0,0.5,0.0,1.0,0.0,2.0,2.0,1.0,0.0,2.0,2.0,2.0,0.0,0.0,0.0,0.0,4.0,9.0
22200340,1610612761,TOR,Toronto,1628384,OG Anunoby,OG,F,,33:08,12.0,17.0,0.706,2.0,4.0,0.5,6.0,8.0,0.75,2.0,0.0,2.0,4.0,3.0,0.0,1.0,2.0,32.0,21.0
22200340,1610612761,TOR,Toronto,1627783,Pascal Siakam,Pascal,F,,30:37,9.0,15.0,0.6,1.0,4.0,0.25,7.0,7.0,1.0,2.0,6.0,8.0,10.0,3.0,0.0,1.0,1.0,26.0,25.0
22200340,1610612761,TOR,Toronto,1631132,Christian Koloko,Christian,C,,18:03,3.0,5.0,0.6,0.0,0.0,0.0,0.0,0.0,0.0,2.0,3.0,5.0,0.0,0.0,1.0,0.0,3.0,6.0,28.0
22200340,1610612761,TOR,Toronto,1630567,Scottie Barnes,Scottie,G,,32:48,8.0,10.0,0.8,0.0,2.0,0.0,1.0,3.0,0.333,3.0,11.0,14.0,4.0,2.0,1.0,2.0,2.0,17.0,34.0
22200340,1610612761,TOR,Toronto,1627832,Fred VanVleet,Fred,G,,37:06,4.0,11.0,0.364,3.0,8.0,0.375,2.0,3.0,0.667,0.0,2.0,2.0,7.0,3.0,0.0,4.0,4.0,13.0,20.0
22200340,1610612761,TOR,Toronto,1628449,Chris Boucher,Chris,,,17:50,2.0,5.0,0.4,1.0,3.0,0.333,1.0,2.0,0.5,1.0,3.0,4.0,2.0,1.0,1.0,1.0,1.0,6.0,-13.0
22200340,1610612761,TOR,Toronto,1629018,Gary Trent Jr.,Gary,,,28:16,2.0,10.0,0.2,1.0,7.0,0.143,0.0,0.0,0.0,0.0,1.0,1.0,3.0,0.0,0.0,1.0,2.0,5.0,-12.0
22200340,1610612761,TOR,Toronto,1627823,Juancho Hernangomez,Juancho,,,4:39,0.0,0.0,0.0,0.0,0.0,0.0,1.0,2.0,0.5,0.0,0.0,0.0,0.0,0.0,0.0,0.0,0.0,1.0,6.0
22200340,1610612761,TOR,Toronto,1630625,Dalano Banton,Dalano,,,11:16,1.0,2.0,0.5,0.0,0.0,0.0,0.0,0.0,0.0,0.0,3.0,3.0,0.0,0.0,0.0,2.0,3.0,2.0,-17.0
22200340,1610612761,TOR,Toronto,201152,Thaddeus Young,Thaddeus,,,14:25,3.0,5.0,0.6,0.0,0.0,0.0,0.0,0.0,0.0,1.0,1.0,2.0,1.0,0.0,0.0,2.0,3.0,6.0,-16.0
22200340,1610612761,TOR,Toronto,203920,Khem Birch,Khem,,,5:37,1.0,2.0,0.5,0.0,0.0,0.0,0.0,0.0,0.0,1.0,1.0,2.0,0.0,0.0,1.0,1.0,1.0,2.0,2.0
22200340,1610612761,TOR,Toronto,1630201,Malachi Flynn,Malachi,,,6:15,2.0,2.0,1.0,1.0,1.0,1.0,0.0,0.0,0.0,0.0,0.0,0.0,0.0,0.0,0.0,1.0,2.0,5.0,-13.0
22200343,1610612757,POR,Portland,1630570,Trendon Watford,Trendon,F,,35:23,4.0,8.0,0.5,0.0,1.0,0.0,1.0,2.0,0.5,3.0,11.0,14.0,1.0,0.0,1.0,1.0,2.0,9.0,0.0
22200343,1610612757,POR,Portland,203924,Jerami Grant,Jerami,F,,37:12,10.0,18.0,0.556,2.0,5.0,0.4,11.0,14.0,0.786,0.0,0.0,0.0,5.0,0.0,0.0,1.0,2.0,33.0,-2.0
22200343,1610612757,POR,Portland,203994,Jusuf Nurkić,Jusuf,C,,38:53,6.0,12.0,0.5,0.0,1.0,0.0,3.0,6.0,0.5,5.0,9.0,14.0,4.0,0.0,1.0,1.0,4.0,15.0,-1.0
22200343,1610612757,POR,Portland,1626159,Justise Winslow,Justise,G,,39:21,1.0,3.0,0.333,0.0,0.0,0.0,0.0,0.0,0.0,2.0,5.0,7.0,5.0,3.0,1.0,2.0,2.0,2.0,0.0
22200343,1610612757,POR,Portland,1629014,Anfernee Simons,Anfernee,G,,41:07,15.0,25.0,0.6,7.0,12.0,0.583,8.0,8.0,1.0,0.0,2.0,2.0,4.0,1.0,2.0,7.0,3.0,45.0,5.0
22200343,1610612757,POR,Portland,1631133,Jabari Walker,Jabari,,,12:50,0.0,4.0,0.0,0.0,2.0,0.0,0.0,0.0,0.0,1.0,3.0,4.0,0.0,0.0,1.0,1.0,1.0,0.0,12.0
22200343,1610612757,POR,Portland,1631101,Shaedon Sharpe,Shaedon,,,17:23,3.0,11.0,0.273,0.0,1.0,0.0,0.0,0.0,0.0,1.0,3.0,4.0,0.0,1.0,0.0,0.0,3.0,6.0,9.0
22200343,1610612757,POR,Portland,1630535,Greg Brown III,Greg,,,17:51,2.0,4.0,0.5,1.0,3.0,0.333,1.0,1.0,1.0,0.0,4.0,4.0,0.0,0.0,0.0,0.0,3.0,6.0,2.0
22200343,1610612757,POR,Portland,1630641,Ibou Badji,Ibou,,DNP - Coach's Decision,,,,,,,,,,,,,,,,,,,,
22200343,1610612757,POR,Portland,1629234,Drew Eubanks,Drew,,DND - Injury/Illness,,,,,,,,,,,,,,,,,,,,
22200343,1610612757,POR,Portland,1630553,Keon Johnson,Keon,,DND - Injury/Illness,,,,,,,,,,,,,,,,,,,,
22200343,1610612757,POR,Portland,203081,Damian Lillard,Damian,,DND - Injury/Illness,,,,,,,,,,,,,,,,,,,,
22200343,1610612762,UTA,Utah,1628374,Lauri Markkanen,Lauri,F,,35:29,4.0,10.0,0.4,4.0,6.0,0.667,9.0,9.0,1.0,1.0,5.0,6.0,2.0,3.0,1.0,5.0,2.0,21.0,6.0
22200343,1610612762,UTA,Utah,203482,Kelly Olynyk,Kelly,F,,35:06,5.0,8.0,0.625,1.0,3.0,0.333,4.0,6.0,0.667,0.0,9.0,9.0,6.0,1.0,0.0,2.0,4.0,15.0,1.0
22200343,1610612762,UTA,Utah,1629020,Jarred Vanderbilt,Jarred,C,,31:38,6.0,8.0,0.75,4.0,4.0,1.0,0.0,0.0,0.0,0.0,7.0,7.0,4.0,2.0,0.0,1.0,0.0,16.0,5.0
22200343,1610612762,UTA,Utah,203903,Jordan Clarkson,Jordan,G,,35:34,10.0,26.0,0.385,1.0,9.0,0.111,3.0,3.0,1.0,4.0,1.0,5.0,3.0,0.0,0.0,2.0,6.0,24.0,-4.0
22200343,1610612762,UTA,Utah,1629012,Collin Sexton,Collin,G,,31:25,6.0,11.0,0.545,2.0,4.0,0.5,5.0,6.0,0.833,1.0,2.0,3.0,0.0,1.0,0.0,1.0,2.0,19.0,8.0
22200343,1610612762,UTA,Utah,1629659,Talen Horton-Tucker,Talen,,,16:35,1.0,4.0,0.25,0.0,2.0,0.0,0.0,2.0,0.0,0.0,3.0,3.0,3.0,1.0,0.0,1.0,0.0,2.0,-13.0
22200343,1610612762,UTA,Utah,1627736,Malik Beasley,Malik,,,25:37,1.0,9.0,0.111,1.0,6.0,0.167,0.0,0.0,0.0,0.0,1.0,1.0,1.0,0.0,0.0,0.0,3.0,3.0,-18.0
22200343,1610612762,UTA,Utah,1631117,Walker Kessler,Walker,,,16:31,4.0,4.0,1.0,0.0,0.0,0.0,0.0,0.0,0.0,2.0,6.0,8.0,0.0,0.0,3.0,0.0,3.0,8.0,-10.0
22200343,1610612762,UTA,Utah,1631323,Simone Fontecchio,Simone,,,12:05,1.0,4.0,0.25,0.0,2.0,0.0,1.0,2.0,0.5,2.0,0.0,2.0,1.0,0.0,0.0,1.0,2.0,3.0,0.0
22200343,1610612762,UTA,Utah,1630534,Ochai Agbaji,Ochai,,DNP - Coach's Decision,,,,,,,,,,,,,,,,,,,,
22200343,1610612762,UTA,Utah,1629638,Nickeil Alexander-Walker,Nickeil,,DNP - Coach's Decision,,,,,,,,,,,,,,,,,,,,
22200343,1610612762,UTA,Utah,1628962,Udoka Azubuike,Udoka,,DNP - Coach's Decision,,,,,,,,,,,,,,,,,,,,
22200343,1610612762,UTA,Utah,1630195,Leandro Bolmaro,Leandro,,DNP - Coach's Decision,,,,,,,,,,,,,,,,,,,,
22200337,1610612742,DAL,Dallas,1627827,Dorian Finney-Smith,Dorian,F,,30:47,1.0,8.0,0.125,1.0,7.0,0.143,0.0,0.0,0.0,2.0,3.0,5.0,1.0,0.0,0.0,1.0,1.0,3.0,31.0
22200337,1610612742,DAL,Dallas,203501,Tim Hardaway Jr.,Tim,F,,27:41,10.0,17.0,0.588,8.0,13.0,0.615,0.0,1.0,0.0,1.0,6.0,7.0,1.0,1.0,0.0,1.0,0.0,28.0,23.0
22200337,1610612742,DAL,Dallas,203939,Dwight Powell,Dwight,C,,17:34,2.0,3.0,0.667,0.0,0.0,0.0,2.0,2.0,1.0,5.0,2.0,7.0,1.0,1.0,0.0,1.0,2.0,6.0,16.0
22200337,1610612742,DAL,Dallas,203915,Spencer Dinwiddie,Spencer,G,,30:05,6.0,16.0,0.375,3.0,8.0,0.375,2.0,3.0,0.667,2.0,7.0,9.0,9.0,0.0,1.0,0.0,3.0,17.0,35.0
22200337,1610612742,DAL,Dallas,1629029,Luka Dončić,Luka,G,,29:28,11.0,21.0,0.524,4.0,9.0,0.444,4.0,4.0,1.0,0.0,8.0,8.0,7.0,1.0,3.0,5.0,2.0,30.0,13.0
22200337,1610612742,DAL,Dallas,1630182,Josh Green,Josh,,,27:20,2.0,6.0,0.333,1.0,4.0,0.25,2.0,3.0,0.667,1.0,2.0,3.0,5.0,2.0,0.0,1.0,3.0,7.0,6.0
22200337,1610612742,DAL,Dallas,1628467,Maxi Kleber,Maxi,,,22:39,5.0,8.0,0.625,3.0,5.0,0.6,0.0,0.0,0.0,2.0,1.0,3.0,1.0,0.0,0.0,0.0,2.0,13.0,16.0
22200337,1610612742,DAL,Dallas,203493,Reggie Bullock Jr.,Reggie,,,24:58,3.0,8.0,0.375,3.0,7.0,0.429,1.0,1.0,1.0,1.0,3.0,4.0,1.0,1.0,0.0,0.0,2.0,10.0,15.0
22200337,1610612742,DAL,Dallas,201580,JaVale McGee,JaVale,,,4:42,1.0,1.0,1.0,0.0,0.0,0.0,0.0,0.0,0.0,0.0,1.0,1.0,0.0,0.0,1.0,1.0,0.0,2.0,-10.0
22200337,1610612742,DAL,Dallas,202722,Dāvis Bertāns,Dāvis,,,7:47,0.0,3.0,0.0,0.0,3.0,0.0,0.0,0.0,0.0,0.0,0.0,0.0,0.0,0.0,0.0,0.0,2.0,0.0,-11.0
22200337,1610612742,DAL,Dallas,1630702,Jaden Hardy,Jaden,,,6:34,2.0,5.0,0.4,1.0,3.0,0.333,0.0,0.0,0.0,0.0,1.0,1.0,0.0,0.0,0.0,0.0,1.0,5.0,-8.0
22200337,1610612742,DAL,Dallas,1628373,Frank Ntilikina,Frank,,,5:35,0.0,2.0,0.0,0.0,0.0,0.0,0.0,0.0,0.0,0.0,1.0,1.0,0.0,0.0,0.0,1.0,2.0,0.0,-11.0
22200337,1610612742,DAL,Dallas,1629033,Theo Pinson,Theo,,,4:49,0.0,2.0,0.0,0.0,2.0,0.0,0.0,0.0,0.0,0.0,1.0,1.0,1.0,1.0,0.0,0.0,0.0,0.0,-10.0
22200337,1610612752,NYK,New York,1629628,RJ Barrett,RJ,F,,20:18,4.0,9.0,0.444,1.0,3.0,0.333,4.0,5.0,0.8,1.0,5.0,6.0,3.0,1.0,0.0,0.0,2.0,13.0,-9.0
22200337,1610612752,NYK,New York,203944,Julius Randle,Julius,F,,30:17,8.0,15.0,0.533,3.0,8.0,0.375,5.0,5.0,1.0,1.0,4.0,5.0,3.0,0.0,0.0,3.0,2.0,24.0,-11.0
22200337,1610612752,NYK,New York,1629011,Mitchell Robinson,Mitchell,C,,22:37,1.0,2.0,0.5,0.0,0.0,0.0,0.0,2.0,0.0,2.0,4.0,6.0,0.0,0.0,1.0,1.0,2.0,2.0,-15.0
22200337,1610612752,NYK,New York,1628973,Jalen Brunson,Jalen,G,,27:27,5.0,11.0,0.455,2.0,3.0,0.667,1.0,2.0,0.5,0.0,2.0,2.0,3.0,0.0,0.0,3.0,2.0,13.0,-26.0
22200337,1610612752,NYK,New York,1629656,Quentin Grimes,Quentin,G,,29:28,4.0,7.0,0.571,1.0,3.0,0.333,0.0,0.0,0.0,0.0,2.0,2.0,1.0,2.0,0.0,2.0,2.0,9.0,-13.0
22200337,1610612752,NYK,New York,201565,Derrick Rose,Derrick,,,13:18,2.0,6.0,0.333,0.0,2.0,0.0,0.0,0.0,0.0,0.0,2.0,2.0,3.0,0.0,0.0,0.0,1.0,4.0,-4.0
22200337,1610612752,NYK,New York,1630193,Immanuel Quickley,Immanuel,,,29:46,7.0,11.0,0.636,2.0,5.0,0.4,7.0,10.0,0.7,2.0,4.0,6.0,0.0,0.0,0.0,4.0,1.0,23.0,-13.0
22200337,1610612752,NYK,New York,1628392,Isaiah Hartenstein,Isaiah,,,12:42,1.0,2.0,0.5,0.0,0.0,0.0,0.0,0.0,0.0,1.0,3.0,4.0,0.0,2.0,0.0,1.0,2.0,2.0,-5.0
22200337,1610612752,NYK,New York,1629629,Cam Reddish,Cam,,,9:13,0.0,4.0,0.0,0.0,2.0,0.0,0.0,0.0,0.0,0.0,0.0,0.0,1.0,0.0,0.0,3.0,1.0,0.0,-16.0
22200337,1610612752,NYK,New York,1630167,Obi Toppin,Obi,,,21:57,1.0,5.0,0.2,0.0,2.0,0.0,2.0,2.0,1.0,0.0,7.0,7.0,1.0,1.0,0.0,1.0,1.0,4.0,-14.0
22200337,1610612752,NYK,New York,1630579,Jericho Sims,Jericho,,,8:27,1.0,1.0,1.0,0.0,0.0,0.0,0.0,0.0,0.0,0.0,3.0,3.0,0.0,0.0,0.0,0.0,1.0,2.0,3.0
22200337,1610612752,NYK,New York,1629004,Svi Mykhailiuk,Svi,,,7:15,1.0,2.0,0.5,1.0,2.0,0.5,0.0,0.0,0.0,0.0,1.0,1.0,0.0,0.0,0.0,0.0,0.0,3.0,9.0
22200337,1610612752,NYK,New York,1630540,Miles McBride,Miles,,,7:15,0.0,2.0,0.0,0.0,1.0,0.0,1.0,2.0,0.5,0.0,1.0,1.0,3.0,1.0,0.0,1.0,0.0,1.0,9.0
22200337,1610612752,NYK,New York,203095,Evan Fournier,Evan,,DNP - Coach's Decision,,,,,,,,,,,,,,,,,,,,
22200330,1610612753,ORL,Orlando,1631094,Paolo Banchero,Paolo,F,,37:28,10.0,17.0,0.588,0.0,2.0,0.0,2.0,4.0,0.5,3.0,2.0,5.0,4.0,1.0,0.0,2.0,0.0,22.0,-16.0
22200330,1610612753,ORL,Orlando,1629626,Bol Bol,Bol,F,,23:13,1.0,3.0,0.333,1.0,1.0,1.0,0.0,0.0,0.0,0.0,7.0,7.0,1.0,2.0,3.0,4.0,1.0,3.0,-13.0
22200330,1610612753,ORL,Orlando,1629021,Moritz Wagner,Moritz,C,,35:36,7.0,12.0,0.583,1.0,4.0,0.25,1.0,2.0,0.5,5.0,4.0,9.0,1.0,0.0,0.0,3.0,5.0,16.0,-4.0
22200330,1610612753,ORL,Orlando,1630532,Franz Wagner,Franz,G,,38:19,6.0,17.0,0.353,2.0,4.0,0.5,2.0,3.0,0.667,0.0,2.0,2.0,3.0,0.0,0.0,2.0,2.0,16.0,4.0
22200330,1610612753,ORL,Orlando,1628365,Markelle Fultz,Markelle,G,,29:36,5.0,9.0,0.556,0.0,1.0,0.0,0.0,0.0,0.0,3.0,3.0,6.0,6.0,0.0,0.0,4.0,0.0,10.0,-6.0
22200330,1610612753,ORL,Orlando,203082,Terrence Ross,Terrence,,,21:15,2.0,7.0,0.286,0.0,3.0,0.0,0.0,0.0,0.0,0.0,2.0,2.0,1.0,0.0,0.0,1.0,0.0,4.0,-4.0
22200330,1610612753,ORL,Orlando,1630175,Cole Anthony,Cole,,,28:44,7.0,11.0,0.636,3.0,4.0,0.75,2.0,2.0,1.0,0.0,6.0,6.0,3.0,3.0,1.0,1.0,4.0,19.0,-5.0
22200330,1610612753,ORL,Orlando,1631216,Caleb Houstan,Caleb,,,19:08,1.0,3.0,0.333,1.0,3.0,0.333,0.0,0.0,0.0,0.0,2.0,2.0,0.0,0.0,0.0,0.0,1.0,3.0,-5.0
22200330,1610612753,ORL,Orlando,1630284,Kevon Harris,Kevon,,,6:41,1.0,2.0,0.5,0.0,1.0,0.0,1.0,1.0,1.0,0.0,1.0,1.0,0.0,0.0,0.0,0.0,0.0,3.0,-6.0
22200330,1610612753,ORL,Orlando,1630181,R.J. Hampton,R.J.,,DNP - Coach's Decision,,,,,,,,,,,,,,,,,,,,
22200330,1610612753,ORL,Orlando,1629678,Admiral Schofield,Admiral,,DNP - Coach's Decision,,,,,,,,,,,,,,,,,,,,
22200330,1610612739,CLE,Cleveland,1630205,Lamar Stevens,Lamar,F,,15:07,3.0,10.0,0.3,2.0,4.0,0.5,0.0,0.0,0.0,0.0,2.0,2.0,1.0,0.0,0.0,1.0,0.0,8.0,4.0
22200330,1610612739,CLE,Cleveland,1629731,Dean Wade,Dean,F,,10:21,0.0,1.0,0.0,0.0,1.0,0.0,0.0,0.0,0.0,0.0,0.0,0.0,0.0,1.0,0.0,0.0,1.0,0.0,-4.0
22200330,1610612739,CLE,Cleveland,1630596,Evan Mobley,Evan,C,,38:22,9.0,10.0,0.9,1.0,1.0,1.0,0.0,0.0,0.0,4.0,9.0,13.0,4.0,1.0,2.0,2.0,3.0,19.0,15.0
22200330,1610612739,CLE,Cleveland,1628378,Donovan Mitchell,Donovan,G,,36:52,12.0,21.0,0.571,7.0,11.0,0.636,3.0,3.0,1.0,1.0,1.0,2.0,1.0,1.0,1.0,5.0,4.0,34.0,7.0
22200330,1610612739,CLE,Cleveland,1629636,Darius Garland,Darius,G,,36:44,6.0,15.0,0.4,2.0,6.0,0.333,4.0,4.0,1.0,0.0,1.0,1.0,6.0,1.0,0.0,1.0,0.0,18.0,-5.0
22200330,1610612739,CLE,Cleveland,201567,Kevin Love,Kevin,,,22:34,4.0,7.0,0.571,1.0,3.0,0.333,2.0,2.0,1.0,0.0,11.0,11.0,3.0,1.0,0.0,2.0,1.0,11.0,16.0
22200330,1610612739,CLE,Cleveland,1627747,Caris LeVert,Caris,,,24:06,2.0,7.0,0.286,1.0,6.0,0.167,0.0,0.0,0.0,0.0,1.0,1.0,4.0,2.0,0.0,1.0,2.0,5.0,17.0
22200330,1610612739,CLE,Cleveland,1629603,Mamadi Diakite,Mamadi,,,11:49,0.0,2.0,0.0,0.0,2.0,0.0,0.0,0.0,0.0,0.0,0.0,0.0,0.0,0.0,1.0,0.0,1.0,0.0,8.0
22200330,1610612739,CLE,Cleveland,1626224,Cedi Osman,Cedi,,,20:25,2.0,5.0,0.4,1.0,4.0,0.25,0.0,0.0,0.0,0.0,2.0,2.0,2.0,0.0,0.0,0.0,1.0,5.0,12.0
22200330,1610612739,CLE,Cleveland,1630171,Isaac Okoro,Isaac,,,20:34,3.0,6.0,0.5,1.0,4.0,0.25,0.0,0.0,0.0,0.0,1.0,1.0,1.0,0.0,1.0,0.0,1.0,7.0,-7.0
22200330,1610612739,CLE,Cleveland,201577,Robin Lopez,Robin,,,3:06,0.0,0.0,0.0,0.0,0.0,0.0,0.0,0.0,0.0,0.0,0.0,0.0,0.0,0.0,0.0,0.0,0.0,0.0,-8.0
22200330,1610612739,CLE,Cleveland,203526,Raul Neto,Raul,,DNP - Coach's Decision,,,,,,,,,,,,,,,,,,,,
22200334,1610612745,HOU,Houston,201569,Eric Gordon,Eric,F,,27:52,2.0,7.0,0.286,1.0,6.0,0.167,5.0,6.0,0.833,0.0,0.0,0.0,1.0,1.0,0.0,1.0,1.0,10.0,-8.0
22200334,1610612745,HOU,Houston,1631095,Jabari Smith Jr.,Jabari,F,,30:27,7.0,12.0,0.583,3.0,5.0,0.6,0.0,0.0,0.0,0.0,6.0,6.0,0.0,1.0,1.0,0.0,0.0,17.0,-5.0
22200334,1610612745,HOU,Houston,1630578,Alperen Sengun,Alperen,C,,23:53,5.0,7.0,0.714,0.0,0.0,0.0,3.0,5.0,0.6,3.0,1.0,4.0,2.0,2.0,1.0,2.0,2.0,13.0,-19.0
22200334,1610612745,HOU,Houston,1630224,Jalen Green,Jalen,G,,37:21,8.0,24.0,0.333,2.0,7.0,0.286,12.0,16.0,0.75,1.0,2.0,3.0,2.0,3.0,0.0,5.0,2.0,30.0,-8.0
22200334,1610612745,HOU,Houston,1629645,Kevin Porter Jr.,Kevin,G,,33:20,3.0,8.0,0.375,1.0,4.0,0.25,8.0,9.0,0.889,1.0,5.0,6.0,7.0,0.0,0.0,6.0,3.0,15.0,-2.0
22200334,1610612745,HOU,Houston,1630231,KJ Martin,KJ,,,18:18,2.0,4.0,0.5,0.0,1.0,0.0,3.0,3.0,1.0,1.0,1.0,2.0,0.0,0.0,0.0,1.0,2.0,7.0,3.0
22200334,1610612745,HOU,Houston,1630586,Usman Garuba,Usman,,,10:35,0.0,0.0,0.0,0.0,0.0,0.0,1.0,2.0,0.5,0.0,1.0,1.0,1.0,2.0,0.0,0.0,1.0,1.0,5.0
22200334,1610612745,HOU,Houston,1631106,Tari Eason,Tari,,,17:33,4.0,8.0,0.5,0.0,0.0,0.0,1.0,1.0,1.0,3.0,2.0,5.0,0.0,0.0,0.0,1.0,4.0,9.0,6.0
22200334,1610612745,HOU,Houston,1630227,Daishen Nix,Daishen,,,15:38,1.0,2.0,0.5,0.0,0.0,0.0,1.0,1.0,1.0,2.0,3.0,5.0,5.0,1.0,0.0,0.0,1.0,3.0,4.0
22200334,1610612745,HOU,Houston,1628981,Bruno Fernando,Bruno,,,13:32,7.0,8.0,0.875,0.0,0.0,0.0,0.0,0.0,0.0,2.0,5.0,7.0,1.0,1.0,0.0,0.0,3.0,14.0,15.0
22200334,1610612745,HOU,Houston,1629726,Garrison Mathews,Garrison,,,11:31,1.0,1.0,1.0,1.0,1.0,1.0,0.0,0.0,0.0,0.0,2.0,2.0,0.0,1.0,0.0,0.0,3.0,3.0,14.0
22200334,1610612745,HOU,Houston,1630528,Josh Christopher,Josh,,DNP - Coach's Decision,,,,,,,,,,,,,,,,,,,,
22200334,1610612745,HOU,Houston,1626246,Boban Marjanović,Boban,,DNP - Coach's Decision,,,,,,,,,,,,,,,,,,,,
22200334,1610612756,PHX,Phoenix,1628969,Mikal Bridges,Mikal,F,,36:31,8.0,16.0,0.5,3.0,7.0,0.429,3.0,3.0,1.0,2.0,6.0,8.0,2.0,1.0,0.0,3.0,5.0,22.0,4.0
22200334,1610612756,PHX,Phoenix,203967,Dario Šarić,Dario,F,,21:28,1.0,5.0,0.2,1.0,4.0,0.25,0.0,0.0,0.0,0.0,4.0,4.0,2.0,0.0,2.0,1.0,3.0,3.0,10.0
22200334,1610612756,PHX,Phoenix,1629028,Deandre Ayton,Deandre,C,,29:52,4.0,7.0,0.571,0.0,0.0,0.0,0.0,0.0,0.0,2.0,4.0,6.0,2.0,1.0,1.0,5.0,3.0,8.0,3.0
22200334,1610612756,PHX,Phoenix,1626164,Devin Booker,Devin,G,,33:52,15.0,25.0,0.6,4.0,6.0,0.667,7.0,10.0,0.7,0.0,4.0,4.0,8.0,0.0,0.0,3.0,3.0,41.0,8.0
22200334,1610612756,PHX,Phoenix,1626166,Cameron Payne,Cameron,G,,36:56,8.0,12.0,0.667,4.0,7.0,0.571,0.0,2.0,0.0,0.0,1.0,1.0,12.0,4.0,0.0,4.0,1.0,20.0,6.0
22200334,1610612756,PHX,Phoenix,1630688,Ish Wainright,Ish,,,19:23,2.0,4.0,0.5,2.0,4.0,0.5,2.0,2.0,1.0,0.0,1.0,1.0,1.0,0.0,0.0,0.0,4.0,8.0,-8.0
22200334,1610612756,PHX,Phoenix,1629013,Landry Shamet,Landry,,,18:35,1.0,5.0,0.2,1.0,4.0,0.25,2.0,2.0,1.0,1.0,0.0,1.0,1.0,1.0,0.0,1.0,4.0,5.0,-7.0
22200334,1610612756,PHX,Phoenix,1627814,Damion Lee,Damion,,,25:15,4.0,9.0,0.444,2.0,5.0,0.4,0.0,0.0,0.0,1.0,4.0,5.0,1.0,1.0,0.0,0.0,0.0,10.0,-17.0
22200334,1610612756,PHX,Phoenix,202687,Bismack Biyombo,Bismack,,,11:17,2.0,2.0,1.0,0.0,0.0,0.0,0.0,0.0,0.0,1.0,3.0,4.0,1.0,1.0,1.0,0.0,3.0,4.0,0.0
22200334,1610612756,PHX,Phoenix,1629111,Jock Landale,Jock,,,6:51,0.0,0.0,0.0,0.0,0.0,0.0,0.0,0.0,0.0,2.0,1.0,3.0,0.0,0.0,1.0,0.0,2.0,0.0,-4.0
22200334,1610612756,PHX,Phoenix,1629006,Josh Okogie,Josh,,DNP - Coach's Decision,,,,,,,,,,,,,,,,,,,,
22200334,1610612756,PHX,Phoenix,1630613,Duane Washington Jr.,Duane,,DNP - Coach's Decision,,,,,,,,,,,,,,,,,,,,
22200336,1610612741,CHI,Chicago,201942,DeMar DeRozan,DeMar,F,,35:45,4.0,15.0,0.267,0.0,0.0,0.0,8.0,9.0,0.889,1.0,5.0,6.0,7.0,0.0,0.0,1.0,4.0,16.0,-12.0
22200336,1610612741,CHI,Chicago,1629750,Javonte Green,Javonte,F,,22:44,5.0,7.0,0.714,0.0,1.0,0.0,3.0,6.0,0.5,0.0,4.0,4.0,1.0,1.0,1.0,1.0,2.0,13.0,11.0
22200336,1610612741,CHI,Chicago,202696,Nikola Vučević,Nikola,C,,32:11,9.0,17.0,0.529,2.0,7.0,0.286,3.0,4.0,0.75,0.0,11.0,11.0,1.0,3.0,0.0,1.0,1.0,23.0,-8.0
22200336,1610612741,CHI,Chicago,203897,Zach LaVine,Zach,G,,35:50,8.0,18.0,0.444,3.0,7.0,0.429,2.0,3.0,0.667,1.0,6.0,7.0,3.0,2.0,0.0,3.0,5.0,21.0,-5.0
22200336,1610612741,CHI,Chicago,1627936,Alex Caruso,Alex,G,,27:51,1.0,4.0,0.25,0.0,3.0,0.0,0.0,0.0,0.0,0.0,0.0,0.0,6.0,1.0,0.0,1.0,3.0,2.0,-17.0
22200336,1610612741,CHI,Chicago,1630245,Ayo Dosunmu,Ayo,,,20:55,4.0,4.0,1.0,1.0,1.0,1.0,0.0,0.0,0.0,0.0,5.0,5.0,3.0,0.0,0.0,1.0,2.0,9.0,-1.0
22200336,1610612741,CHI,Chicago,1630172,Patrick Williams,Patrick,,,18:54,3.0,9.0,0.333,1.0,4.0,0.25,0.0,0.0,0.0,1.0,1.0,2.0,0.0,0.0,0.0,2.0,4.0,7.0,-10.0
22200336,1610612741,CHI,Chicago,1629632,Coby White,Coby,,,6:43,0.0,1.0,0.0,0.0,1.0,0.0,0.0,0.0,0.0,0.0,2.0,2.0,1.0,0.0,0.0,0.0,2.0,0.0,-3.0
22200336,1610612741,CHI,Chicago,201609,Goran Dragic,Goran,,,23:18,6.0,11.0,0.545,2.0,2.0,1.0,0.0,0.0,0.0,1.0,3.0,4.0,5.0,0.0,0.0,0.0,4.0,14.0,5.0
22200336,1610612741,CHI,Chicago,203083,Andre Drummond,Andre,,,5:28,0.0,2.0,0.0,0.0,0.0,0.0,0.0,2.0,0.0,1.0,1.0,2.0,1.0,0.0,0.0,0.0,0.0,0.0,-4.0
22200336,1610612741,CHI,Chicago,1627884,Derrick Jones Jr.,Derrick,,,10:21,3.0,5.0,0.6,0.0,1.0,0.0,0.0,0.0,0.0,1.0,0.0,1.0,0.0,0.0,0.0,2.0,1.0,6.0,4.0
22200336,1610612741,CHI,Chicago,1628396,Tony Bradley,Tony,,DNP - Coach's Decision,,,,,,,,,,,,,,,,,,,,
22200336,1610612741,CHI,Chicago,1631207,Dalen Terry,Dalen,,DNP - Coach's Decision,,,,,,,,,,,,,,,,,,,,
22200336,1610612744,GSW,Golden State,203952,Andrew Wiggins,Andrew,F,,30:03,5.0,10.0,0.5,2.0,6.0,0.333,0.0,2.0,0.0,1.0,1.0,2.0,1.0,0.0,1.0,2.0,2.0,12.0,11.0
22200336,1610612744,GSW,Golden State,203110,Draymond Green,Draymond,F,,35:53,4.0,6.0,0.667,2.0,3.0,0.667,3.0,3.0,1.0,0.0,9.0,9.0,10.0,0.0,2.0,4.0,2.0,13.0,20.0
22200336,1610612744,GSW,Golden State,1626172,Kevon Looney,Kevon,C,,27:17,3.0,5.0,0.6,0.0,0.0,0.0,1.0,4.0,0.25,4.0,8.0,12.0,3.0,1.0,1.0,0.0,1.0,7.0,11.0
22200336,1610612744,GSW,Golden State,202691,Klay Thompson,Klay,G,,36:50,9.0,21.0,0.429,3.0,13.0,0.231,5.0,5.0,1.0,1.0,4.0,5.0,6.0,0.0,0.0,1.0,2.0,26.0,11.0
22200336,1610612744,GSW,Golden State,201939,Stephen Curry,Stephen,G,,33:22,6.0,16.0,0.375,4.0,8.0,0.5,3.0,3.0,1.0,0.0,11.0,11.0,6.0,0.0,1.0,6.0,5.0,19.0,-1.0
22200336,1610612744,GSW,Golden State,1629673,Jordan Poole,Jordan,,,23:24,11.0,18.0,0.611,7.0,13.0,0.538,1.0,2.0,0.5,0.0,1.0,1.0,1.0,1.0,0.0,3.0,1.0,30.0,-6.0
22200336,1610612744,GSW,Golden State,1628978,Donte DiVincenzo,Donte,,,16:33,2.0,4.0,0.5,1.0,3.0,0.333,0.0,0.0,0.0,0.0,2.0,2.0,2.0,0.0,0.0,2.0,3.0,5.0,-4.0
22200336,1610612744,GSW,Golden State,203210,JaMychal Green,JaMychal,,,10:25,1.0,3.0,0.333,0.0,2.0,0.0,0.0,0.0,0.0,1.0,0.0,1.0,0.0,0.0,0.0,0.0,2.0,2.0,-5.0
22200336,1610612744,GSW,Golden State,1630228,Jonathan Kuminga,Jonathan,,,10:42,0.0,2.0,0.0,0.0,1.0,0.0,1.0,2.0,0.5,0.0,3.0,3.0,1.0,0.0,0.0,1.0,0.0,1.0,-1.0
22200336,1610612744,GSW,Golden State,1630237,Anthony Lamb,Anthony,,,15:31,1.0,2.0,0.5,1.0,1.0,1.0,1.0,2.0,0.5,0.0,4.0,4.0,2.0,0.0,0.0,0.0,1.0,4.0,4.0
22200336,1610612744,GSW,Golden State,1630541,Moses Moody,Moses,,DNP - Coach's Decision,,,,,,,,,,,,,,,,,,,,
22200332,1610612755,PHI,Philadelphia,202699,Tobias Harris,Tobias,F,,38:06,7.0,14.0,0.5,5.0,6.0,0.833,2.0,2.0,1.0,1.0,10.0,11.0,1.0,1.0,0.0,1.0,2.0,21.0,1.0
22200332,1610612755,PHI,Philadelphia,200782,P.J. Tucker,P.J.,F,,21:22,1.0,3.0,0.333,1.0,2.0,0.5,0.0,0.0,0.0,2.0,3.0,5.0,2.0,1.0,0.0,0.0,5.0,3.0,-4.0
22200332,1610612755,PHI,Philadelphia,203954,Joel Embiid,Joel,C,,40:30,13.0,26.0,0.5,1.0,3.0,0.333,8.0,9.0,0.889,1.0,10.0,11.0,8.0,1.0,3.0,3.0,4.0,35.0,9.0
22200332,1610612755,PHI,Philadelphia,1629001,De'Anthony Melton,De'Anthony,G,,34:04,5.0,13.0,0.385,3.0,8.0,0.375,0.0,0.0,0.0,2.0,4.0,6.0,4.0,0.0,1.0,3.0,3.0,13.0,11.0
22200332,1610612755,PHI,Philadelphia,1629003,Shake Milton,Shake,G,,39:30,6.0,14.0,0.429,1.0,4.0,0.25,4.0,4.0,1.0,0.0,1.0,1.0,5.0,1.0,1.0,2.0,2.0,17.0,-15.0
22200332,1610612755,PHI,Philadelphia,1627777,Georges Niang,Georges,,,15:53,3.0,9.0,0.333,1.0,5.0,0.2,0.0,0.0,0.0,1.0,0.0,1.0,1.0,1.0,0.0,2.0,1.0,7.0,-13.0
22200332,1610612755,PHI,Philadelphia,1627863,Danuel House Jr.,Danuel,,,18:27,2.0,4.0,0.5,1.0,3.0,0.333,0.0,0.0,0.0,0.0,3.0,3.0,0.0,0.0,0.0,1.0,1.0,5.0,-2.0
22200332,1610612755,PHI,Philadelphia,1627788,Furkan Korkmaz,Furkan,,,12:52,2.0,3.0,0.667,1.0,1.0,1.0,1.0,2.0,0.5,0.0,1.0,1.0,2.0,0.0,0.0,1.0,0.0,6.0,-11.0
22200332,1610612755,PHI,Philadelphia,1630194,Paul Reed,Paul,,,6:15,1.0,3.0,0.333,0.0,0.0,0.0,0.0,0.0,0.0,2.0,0.0,2.0,0.0,1.0,0.0,0.0,2.0,2.0,-16.0
22200332,1610612755,PHI,Philadelphia,1629680,Matisse Thybulle,Matisse,,,13:01,0.0,2.0,0.0,0.0,1.0,0.0,0.0,0.0,0.0,1.0,0.0,1.0,0.0,1.0,0.0,0.0,1.0,0.0,0.0
22200332,1610612755,PHI,Philadelphia,1626149,Montrezl Harrell,Montrezl,,DNP - Coach's Decision,,,,,,,,,,,,,,,,,,,,
22200332,1610612755,PHI,Philadelphia,1630240,Saben Lee,Saben,,DNP - Coach's Decision,,,,,,,,,,,,,,,,,,,,
22200332,1610612763,MEM,Memphis,1628415,Dillon Brooks,Dillon,F,,35:32,7.0,16.0,0.438,1.0,3.0,0.333,2.0,2.0,1.0,0.0,4.0,4.0,4.0,1.0,0.0,2.0,1.0,17.0,8.0
22200332,1610612763,MEM,Memphis,1628991,Jaren Jackson Jr.,Jaren,F,,26:12,7.0,12.0,0.583,2.0,5.0,0.4,6.0,7.0,0.857,3.0,6.0,9.0,0.0,1.0,4.0,3.0,5.0,22.0,-2.0
22200332,1610612763,MEM,Memphis,203500,Steven Adams,Steven,C,,33:31,4.0,11.0,0.364,0.0,0.0,0.0,1.0,2.0,0.5,10.0,6.0,16.0,6.0,3.0,3.0,3.0,4.0,9.0,-1.0
22200332,1610612763,MEM,Memphis,1629723,John Konchar,John,G,,32:05,2.0,8.0,0.25,2.0,4.0,0.5,2.0,2.0,1.0,1.0,5.0,6.0,0.0,1.0,0.0,1.0,1.0,8.0,-4.0
22200332,1610612763,MEM,Memphis,1629630,Ja Morant,Ja,G,,35:30,10.0,28.0,0.357,2.0,8.0,0.25,6.0,8.0,0.75,1.0,7.0,8.0,3.0,0.0,0.0,1.0,3.0,28.0,-8.0
22200332,1610612763,MEM,Memphis,1630583,Santi Aldama,Santi,,,21:48,3.0,6.0,0.5,2.0,5.0,0.4,5.0,6.0,0.833,1.0,4.0,5.0,3.0,0.0,3.0,1.0,1.0,13.0,10.0
22200332,1610612763,MEM,Memphis,1631223,David Roddy,David,,,24:58,3.0,5.0,0.6,1.0,3.0,0.333,0.0,1.0,0.0,0.0,3.0,3.0,1.0,0.0,0.0,1.0,1.0,7.0,16.0
22200332,1610612763,MEM,Memphis,1626145,Tyus Jones,Tyus,,,15:55,1.0,3.0,0.333,1.0,2.0,0.5,0.0,0.0,0.0,1.0,1.0,2.0,5.0,1.0,0.0,0.0,1.0,3.0,12.0
22200332,1610612763,MEM,Memphis,1629634,Brandon Clarke,Brandon,,,14:29,5.0,8.0,0.625,0.0,0.0,0.0,0.0,0.0,0.0,2.0,2.0,4.0,0.0,1.0,1.0,0.0,1.0,10.0,9.0
22200332,1610612763,MEM,Memphis,1631113,Kennedy Chandler,Kennedy,,DNP - Coach's Decision,,,,,,,,,,,,,,,,,,,,
22200332,1610612763,MEM,Memphis,1631254,Kenneth Lofton Jr.,Kenneth,,DNP - Coach's Decision,,,,,,,,,,,,,,,,,,,,
22200332,1610612763,MEM,Memphis,1630214,Xavier Tillman,Xavier,,DNP - Coach's Decision,,,,,,,,,,,,,,,,,,,,
22200333,1610612740,NOP,New Orleans,1630530,Trey Murphy III,Trey,F,,33:00,6.0,15.0,0.4,5.0,12.0,0.417,0.0,0.0,0.0,0.0,3.0,3.0,2.0,2.0,1.0,2.0,2.0,17.0,8.0
22200333,1610612740,NOP,New Orleans,1629627,Zion Williamson,Zion,F,,33:33,9.0,14.0,0.643,0.0,2.0,0.0,12.0,13.0,0.923,4.0,11.0,15.0,8.0,2.0,1.0,3.0,1.0,30.0,28.0
22200333,1610612740,NOP,New Orleans,202685,Jonas Valančiūnas,Jonas,C,,25:39,8.0,11.0,0.727,1.0,2.0,0.5,4.0,4.0,1.0,2.0,9.0,11.0,2.0,0.0,1.0,0.0,1.0,21.0,14.0
22200333,1610612740,NOP,New Orleans,203468,CJ McCollum,CJ,G,,31:57,2.0,11.0,0.182,1.0,5.0,0.2,0.0,0.0,0.0,0.0,4.0,4.0,4.0,0.0,0.0,1.0,1.0,5.0,14.0
22200333,1610612740,NOP,New Orleans,1630700,Dyson Daniels,Dyson,G,,31:58,2.0,7.0,0.286,0.0,3.0,0.0,0.0,0.0,0.0,1.0,4.0,5.0,3.0,0.0,0.0,1.0,3.0,4.0,-10.0
22200333,1610612740,NOP,New Orleans,1628984,Devonte' Graham,Devonte',,,15:53,1.0,5.0,0.2,1.0,4.0,0.25,0.0,0.0,0.0,0.0,1.0,1.0,0.0,1.0,1.0,1.0,3.0,3.0,4.0
22200333,1610612740,NOP,New Orleans,1630230,Naji Marshall,Naji,,,20:01,5.0,11.0,0.455,1.0,5.0,0.2,4.0,4.0,1.0,1.0,4.0,5.0,1.0,2.0,0.0,0.0,2.0,15.0,5.0
22200333,1610612740,NOP,New Orleans,1626204,Larry Nance Jr.,Larry,,,22:21,2.0,4.0,0.5,0.0,1.0,0.0,3.0,3.0,1.0,1.0,6.0,7.0,0.0,0.0,1.0,1.0,2.0,7.0,4.0
22200333,1610612740,NOP,New Orleans,1630631,Jose Alvarado,Jose,,,23:31,5.0,12.0,0.417,3.0,7.0,0.429,2.0,2.0,1.0,1.0,1.0,2.0,5.0,2.0,0.0,0.0,3.0,15.0,27.0
22200333,1610612740,NOP,New Orleans,202066,Garrett Temple,Garrett,,,2:07,0.0,2.0,0.0,0.0,1.0,0.0,0.0,0.0,0.0,0.0,0.0,0.0,0.0,0.0,0.0,0.0,0.0,0.0,-4.0
22200333,1610612740,NOP,New Orleans,1629637,Jaxson Hayes,Jaxson,,DNP - Coach's Decision,,,,,,,,,,,,,,,,,,,,
22200333,1610612740,NOP,New Orleans,1626195,Willy Hernangomez,Willy,,DNP - Coach's Decision,,,,,,,,,,,,,,,,,,,,
22200333,1610612759,SAS,San Antonio,1629640,Keldon Johnson,Keldon,F,,35:36,7.0,23.0,0.304,1.0,8.0,0.125,0.0,1.0,0.0,1.0,5.0,6.0,3.0,0.0,0.0,2.0,3.0,15.0,-19.0
22200333,1610612759,SAS,San Antonio,1628966,Keita Bates-Diop,Keita,F,,33:49,3.0,7.0,0.429,2.0,3.0,0.667,2.0,2.0,1.0,0.0,4.0,4.0,2.0,0.0,0.0,2.0,3.0,10.0,-7.0
22200333,1610612759,SAS,San Antonio,1628380,Zach Collins,Zach,C,,21:51,3.0,11.0,0.273,0.0,5.0,0.0,1.0,2.0,0.5,1.0,5.0,6.0,3.0,0.0,0.0,2.0,6.0,7.0,-28.0
22200333,1610612759,SAS,San Antonio,1630170,Devin Vassell,Devin,G,,35:18,9.0,23.0,0.391,5.0,12.0,0.417,2.0,2.0,1.0,1.0,3.0,4.0,3.0,0.0,1.0,1.0,1.0,25.0,-20.0
22200333,1610612759,SAS,San Antonio,1630200,Tre Jones,Tre,G,,33:35,3.0,9.0,0.333,1.0,3.0,0.333,2.0,2.0,1.0,1.0,4.0,5.0,9.0,2.0,0.0,0.0,1.0,9.0,-5.0
22200333,1610612759,SAS,San Antonio,1629676,Isaiah Roby,Isaiah,,,15:06,3.0,5.0,0.6,1.0,3.0,0.333,0.0,0.0,0.0,1.0,4.0,5.0,3.0,1.0,0.0,2.0,0.0,7.0,-1.0
22200333,1610612759,SAS,San Antonio,1631103,Malaki Branham,Malaki,,,19:57,2.0,8.0,0.25,1.0,4.0,0.25,0.0,0.0,0.0,0.0,4.0,4.0,3.0,0.0,1.0,3.0,2.0,5.0,-12.0
22200333,1610612759,SAS,San Antonio,1629641,Romeo Langford,Romeo,,,22:09,3.0,7.0,0.429,0.0,1.0,0.0,4.0,5.0,0.8,2.0,2.0,4.0,0.0,0.0,0.0,0.0,3.0,10.0,-14.0
22200333,1610612759,SAS,San Antonio,1629646,Charles Bassey,Charles,,,20:32,5.0,5.0,1.0,0.0,0.0,0.0,1.0,2.0,0.5,3.0,6.0,9.0,0.0,1.0,2.0,0.0,4.0,11.0,12.0
22200333,1610612759,SAS,San Antonio,1628993,Alize Johnson,Alize,,,2:07,0.0,0.0,0.0,0.0,0.0,0.0,0.0,0.0,0.0,0.0,2.0,2.0,0.0,0.0,0.0,0.0,0.0,0.0,4.0
22200333,1610612759,SAS,San Antonio,203476,Gorgui Dieng,Gorgui,,DNP - Coach's Decision,,,,,,,,,,,,,,,,,,,,
22200326,1610612764,WAS,Washington,1630166,Deni Avdija,Deni,F,,8:59,0.0,2.0,0.0,0.0,0.0,0.0,0.0,0.0,0.0,1.0,0.0,1.0,0.0,0.0,0.0,2.0,2.0,0.0,-17.0
22200326,1610612764,WAS,Washington,1628398,Kyle Kuzma,Kyle,F,,32:54,6.0,14.0,0.429,2.0,5.0,0.4,0.0,0.0,0.0,0.0,4.0,4.0,3.0,0.0,1.0,1.0,2.0,14.0,-5.0
22200326,1610612764,WAS,Washington,204001,Kristaps Porziņģis,Kristaps,C,,36:22,5.0,14.0,0.357,0.0,6.0,0.0,11.0,13.0,0.846,4.0,7.0,11.0,3.0,1.0,1.0,4.0,3.0,21.0,0.0
22200326,1610612764,WAS,Washington,203078,Bradley Beal,Bradley,G,,39:46,12.0,24.0,0.5,2.0,8.0,0.25,7.0,8.0,0.875,1.0,5.0,6.0,7.0,1.0,0.0,3.0,2.0,33.0,-10.0
22200326,1610612764,WAS,Washington,1628420,Monté Morris,Monté,G,,25:32,4.0,6.0,0.667,2.0,3.0,0.667,2.0,2.0,1.0,1.0,5.0,6.0,6.0,0.0,0.0,1.0,1.0,12.0,1.0
22200326,1610612764,WAS,Washington,1630557,Corey Kispert,Corey,,,31:21,5.0,8.0,0.625,4.0,7.0,0.571,0.0,0.0,0.0,1.0,4.0,5.0,1.0,1.0,1.0,0.0,4.0,14.0,17.0
22200326,1610612764,WAS,Washington,203115,Will Barton,Will,,,20:39,3.0,5.0,0.6,1.0,3.0,0.333,0.0,0.0,0.0,0.0,4.0,4.0,1.0,0.0,0.0,1.0,2.0,7.0,8.0
22200326,1610612764,WAS,Washington,1630692,Jordan Goodwin,Jordan,,,14:07,1.0,5.0,0.2,1.0,1.0,1.0,0.0,0.0,0.0,3.0,3.0,6.0,1.0,0.0,0.0,1.0,2.0,3.0,-11.0
22200326,1610612764,WAS,Washington,1629655,Daniel Gafford,Daniel,,,23:38,3.0,8.0,0.375,0.0,0.0,0.0,4.0,10.0,0.4,6.0,6.0,12.0,1.0,0.0,6.0,0.0,1.0,10.0,17.0
22200326,1610612764,WAS,Washington,1630264,Anthony Gill,Anthony,,,4:42,0.0,0.0,0.0,0.0,0.0,0.0,2.0,2.0,1.0,1.0,0.0,1.0,0.0,0.0,0.0,0.0,2.0,2.0,-4.0
22200326,1610612764,WAS,Washington,201959,Taj Gibson,Taj,,,2:00,0.0,0.0,0.0,0.0,0.0,0.0,0.0,0.0,0.0,0.0,0.0,0.0,0.0,0.0,0.0,1.0,2.0,0.0,-1.0
22200326,1610612766,CHA,Charlotte,1629667,Jalen McDaniels,Jalen,F,,25:18,3.0,9.0,0.333,1.0,4.0,0.25,2.0,2.0,1.0,2.0,3.0,5.0,1.0,0.0,0.0,1.0,5.0,9.0,0.0
22200326,1610612766,CHA,Charlotte,1629023,P.J. Washington,P.J.,F,,37:43,6.0,15.0,0.4,5.0,11.0,0.455,4.0,4.0,1.0,1.0,2.0,3.0,5.0,1.0,1.0,1.0,3.0,21.0,2.0
22200326,1610612766,CHA,Charlotte,203486,Mason Plumlee,Mason,C,,35:28,5.0,10.0,0.5,0.0,0.0,0.0,7.0,9.0,0.778,5.0,5.0,10.0,3.0,0.0,1.0,1.0,5.0,17.0,0.0
22200326,1610612766,CHA,Charlotte,1626162,Kelly Oubre Jr.,Kelly,G,,37:54,9.0,21.0,0.429,2.0,5.0,0.4,2.0,4.0,0.5,3.0,4.0,7.0,2.0,2.0,0.0,0.0,3.0,22.0,-11.0
22200326,1610612766,CHA,Charlotte,1626179,Terry Rozier,Terry,G,,40:51,8.0,21.0,0.381,2.0,5.0,0.4,7.0,7.0,1.0,1.0,4.0,5.0,8.0,2.0,0.0,0.0,1.0,25.0,-9.0
22200326,1610612766,CHA,Charlotte,1630177,Theo Maledon,Theo,,,19:38,3.0,6.0,0.5,1.0,2.0,0.5,0.0,0.0,0.0,2.0,2.0,4.0,5.0,1.0,0.0,0.0,0.0,7.0,17.0
22200326,1610612766,CHA,Charlotte,1631121,Bryce McGowens,Bryce,,,20:19,1.0,4.0,0.25,1.0,1.0,1.0,1.0,2.0,0.5,1.0,1.0,2.0,1.0,0.0,1.0,1.0,0.0,4.0,6.0
22200326,1610612766,CHA,Charlotte,1630208,Nick Richards,Nick,,,12:32,5.0,6.0,0.833,0.0,0.0,0.0,2.0,3.0,0.667,4.0,5.0,9.0,0.0,0.0,0.0,0.0,3.0,12.0,1.0
22200326,1610612766,CHA,Charlotte,1630539,Kai Jones,Kai,,,10:17,0.0,3.0,0.0,0.0,1.0,0.0,0.0,0.0,0.0,0.0,0.0,0.0,0.0,0.0,0.0,0.0,4.0,0.0,-1.0
22200326,1610612766,CHA,Charlotte,1630547,James Bouknight,James,,DNP - Coach's Decision,,,,,,,,,,,,,,,,,,,,
22200326,1610612766,CHA,Charlotte,1628372,Dennis Smith Jr.,Dennis,,DND - Injury/Illness,,,,,,,,,,,,,,,,,,,,
22200327,1610612743,DEN,Denver,1628971,Bruce Brown,Bruce,F,,34:17,3.0,8.0,0.375,1.0,3.0,0.333,0.0,0.0,0.0,2.0,1.0,3.0,3.0,1.0,0.0,2.0,4.0,7.0,-14.0
22200327,1610612743,DEN,Denver,203932,Aaron Gordon,Aaron,F,,30:50,7.0,12.0,0.583,0.0,2.0,0.0,0.0,0.0,0.0,1.0,4.0,5.0,3.0,2.0,0.0,3.0,0.0,14.0,-1.0
22200327,1610612743,DEN,Denver,203999,Nikola Jokić,Nikola,C,,35:04,10.0,15.0,0.667,3.0,6.0,0.5,1.0,4.0,0.25,1.0,9.0,10.0,8.0,1.0,0.0,2.0,2.0,24.0,-8.0
22200327,1610612743,DEN,Denver,203484,Kentavious Caldwell-Pope,Kentavious,G,,30:21,4.0,9.0,0.444,1.0,5.0,0.2,0.0,0.0,0.0,1.0,0.0,1.0,0.0,1.0,0.0,1.0,1.0,9.0,-1.0
22200327,1610612743,DEN,Denver,1627750,Jamal Murray,Jamal,G,,33:17,7.0,14.0,0.5,2.0,5.0,0.4,4.0,5.0,0.8,0.0,3.0,3.0,7.0,1.0,0.0,2.0,2.0,20.0,-1.0
22200327,1610612743,DEN,Denver,1628427,Vlatko Čančar,Vlatko,,,17:10,5.0,8.0,0.625,2.0,4.0,0.5,0.0,0.0,0.0,1.0,2.0,3.0,1.0,0.0,0.0,0.0,1.0,12.0,-7.0
22200327,1610612743,DEN,Denver,1630538,Bones Hyland,Bones,,,22:01,6.0,11.0,0.545,3.0,6.0,0.5,1.0,2.0,0.5,1.0,1.0,2.0,2.0,1.0,0.0,4.0,0.0,16.0,-1.0
22200327,1610612743,DEN,Denver,202397,Ish Smith,Ish,,,17:39,2.0,5.0,0.4,0.0,0.0,0.0,0.0,0.0,0.0,0.0,2.0,2.0,3.0,1.0,0.0,1.0,1.0,4.0,-7.0
22200327,1610612743,DEN,Denver,1628432,Davon Reed,Davon,,,6:25,1.0,2.0,0.5,0.0,1.0,0.0,0.0,0.0,0.0,0.0,0.0,0.0,2.0,0.0,0.0,0.0,1.0,2.0,0.0
22200327,1610612743,DEN,Denver,201599,DeAndre Jordan,DeAndre,,,12:56,0.0,1.0,0.0,0.0,0.0,0.0,1.0,2.0,0.5,2.0,2.0,4.0,2.0,0.0,0.0,0.0,0.0,1.0,0.0
22200327,1610612743,DEN,Denver,1631128,Christian Braun,Christian,,DNP - Coach's Decision,,,,,,,,,,,,,,,,,,,,
22200327,1610612743,DEN,Denver,1630192,Zeke Nnaji,Zeke,,DNP - Coach's Decision,,,,,,,,,,,,,,,,,,,,
22200327,1610612743,DEN,Denver,1631298,Jack White,Jack,,DNP - Coach's Decision,,,,,,,,,,,,,,,,,,,,
22200327,1610612737,ATL,Atlanta,1629633,Jarrett Culver,Jarrett,F,,32:53,4.0,9.0,0.444,1.0,4.0,0.25,1.0,2.0,0.5,1.0,6.0,7.0,4.0,2.0,0.0,2.0,3.0,10.0,15.0
22200327,1610612737,ATL,Atlanta,1630552,Jalen Johnson,Jalen,F,,32:40,5.0,9.0,0.556,0.0,1.0,0.0,0.0,0.0,0.0,1.0,9.0,10.0,4.0,0.0,1.0,0.0,1.0,10.0,0.0
22200327,1610612737,ATL,Atlanta,203991,Clint Capela,Clint,C,,30:32,5.0,10.0,0.5,0.0,0.0,0.0,2.0,4.0,0.5,6.0,5.0,11.0,0.0,1.0,0.0,0.0,4.0,12.0,-2.0
22200327,1610612737,ATL,Atlanta,1631100,AJ Griffin,AJ,G,,34:41,11.0,16.0,0.688,2.0,5.0,0.4,0.0,0.0,0.0,1.0,2.0,3.0,1.0,3.0,0.0,2.0,0.0,24.0,-5.0
22200327,1610612737,ATL,Atlanta,1627749,Dejounte Murray,Dejounte,G,,35:29,13.0,22.0,0.591,4.0,7.0,0.571,4.0,6.0,0.667,1.0,2.0,3.0,8.0,0.0,1.0,1.0,1.0,34.0,3.0
22200327,1610612737,ATL,Atlanta,203992,Bogdan Bogdanović,Bogdan,,,22:19,2.0,9.0,0.222,1.0,6.0,0.167,0.0,0.0,0.0,0.0,2.0,2.0,1.0,0.0,0.0,4.0,1.0,5.0,-2.0
22200327,1610612737,ATL,Atlanta,1630168,Onyeka Okongwu,Onyeka,,,17:28,5.0,6.0,0.833,0.0,0.0,0.0,0.0,0.0,0.0,0.0,3.0,3.0,2.0,1.0,0.0,0.0,3.0,10.0,10.0
22200327,1610612737,ATL,Atlanta,1630249,Vít Krejčí,Vít,,,15:20,1.0,2.0,0.5,0.0,1.0,0.0,0.0,0.0,0.0,1.0,1.0,2.0,3.0,0.0,1.0,1.0,0.0,2.0,8.0
22200327,1610612737,ATL,Atlanta,1628988,Aaron Holiday,Aaron,,,18:39,3.0,5.0,0.6,2.0,4.0,0.5,2.0,2.0,1.0,1.0,1.0,2.0,1.0,0.0,0.0,2.0,1.0,10.0,13.0
22200327,1610612737,ATL,Atlanta,1626163,Frank Kaminsky,Frank,,DNP - Coach's Decision,,,,,,,,,,,,,,,,,,,,
22200327,1610612737,ATL,Atlanta,1631213,Tyrese Martin,Tyrese,,DNP - Coach's Decision,,,,,,,,,,,,,,,,,,,,
22200327,1610612737,ATL,Atlanta,1629027,Trae Young,Trae,,DND - Injury/Illness,,,,,,,,,,,,,,,,,,,,
22200328,1610612748,MIA,Miami,202710,Jimmy Butler III,Jimmy,F,,35:29,12.0,21.0,0.571,0.0,1.0,0.0,1.0,3.0,0.333,6.0,9.0,15.0,3.0,1.0,1.0,3.0,2.0,25.0,-10.0
22200328,1610612748,MIA,Miami,1628997,Caleb Martin,Caleb,F,,26:02,4.0,9.0,0.444,1.0,3.0,0.333,1.0,2.0,0.5,0.0,1.0,1.0,0.0,0.0,0.0,0.0,1.0,10.0,-13.0
22200328,1610612748,MIA,Miami,1628389,Bam Adebayo,Bam,C,,38:27,10.0,18.0,0.556,0.0,0.0,0.0,8.0,9.0,0.889,1.0,6.0,7.0,3.0,1.0,1.0,2.0,3.0,28.0,7.0
22200328,1610612748,MIA,Miami,1629639,Tyler Herro,Tyler,G,,38:56,10.0,19.0,0.526,6.0,10.0,0.6,0.0,0.0,0.0,0.0,5.0,5.0,3.0,3.0,0.0,5.0,2.0,26.0,9.0
22200328,1610612748,MIA,Miami,200768,Kyle Lowry,Kyle,G,,38:39,8.0,13.0,0.615,2.0,6.0,0.333,2.0,2.0,1.0,2.0,3.0,5.0,4.0,0.0,0.0,4.0,6.0,20.0,11.0
22200328,1610612748,MIA,Miami,1629622,Max Strus,Max,,,20:55,1.0,6.0,0.167,1.0,6.0,0.167,1.0,2.0,0.5,1.0,3.0,4.0,1.0,3.0,0.0,0.0,3.0,4.0,0.0
22200328,1610612748,MIA,Miami,203473,Dewayne Dedmon,Dewayne,,,8:41,1.0,3.0,0.333,0.0,2.0,0.0,0.0,0.0,0.0,0.0,4.0,4.0,0.0,0.0,0.0,1.0,3.0,2.0,-2.0
22200328,1610612748,MIA,Miami,1629216,Gabe Vincent,Gabe,,,25:26,1.0,6.0,0.167,1.0,5.0,0.2,0.0,0.0,0.0,1.0,2.0,3.0,4.0,2.0,0.0,1.0,1.0,3.0,5.0
22200328,1610612748,MIA,Miami,1629312,Haywood Highsmith,Haywood,,,27:57,1.0,5.0,0.2,0.0,2.0,0.0,0.0,0.0,0.0,0.0,5.0,5.0,1.0,1.0,1.0,0.0,0.0,2.0,12.0
22200328,1610612748,MIA,Miami,2617,Udonis Haslem,Udonis,,,4:28,0.0,1.0,0.0,0.0,0.0,0.0,0.0,0.0,0.0,1.0,0.0,1.0,0.0,0.0,0.0,0.0,3.0,0.0,1.0
22200328,1610612748,MIA,Miami,1631107,Nikola Jović,Nikola,,DNP - Coach's Decision,,,,,,,,,,,,,,,,,,,,
22200328,1610612748,MIA,Miami,1629130,Duncan Robinson,Duncan,,DNP - Coach's Decision,,,,,,,,,,,,,,,,,,,,
22200328,1610612748,MIA,Miami,1630696,Dru Smith,Dru,,DNP - Coach's Decision,,,,,,,,,,,,,,,,,,,,
22200328,1610612738,BOS,Boston,1627759,Jaylen Brown,Jaylen,F,,45:37,12.0,23.0,0.522,5.0,11.0,0.455,8.0,9.0,0.889,0.0,14.0,14.0,5.0,0.0,0.0,5.0,2.0,37.0,7.0
22200328,1610612738,BOS,Boston,1628369,Jayson Tatum,Jayson,F,,41:02,5.0,18.0,0.278,0.0,7.0,0.0,4.0,6.0,0.667,3.0,9.0,12.0,3.0,0.0,0.0,5.0,4.0,14.0,0.0
22200328,1610612738,BOS,Boston,201143,Al Horford,Al,C,,34:23,2.0,5.0,0.4,1.0,4.0,0.25,0.0,0.0,0.0,0.0,6.0,6.0,3.0,0.0,0.0,2.0,3.0,5.0,5.0
22200328,1610612738,BOS,Boston,1628401,Derrick White,Derrick,G,,27:43,3.0,8.0,0.375,2.0,5.0,0.4,5.0,5.0,1.0,1.0,3.0,4.0,3.0,1.0,0.0,2.0,4.0,13.0,7.0
22200328,1610612738,BOS,Boston,203935,Marcus Smart,Marcus,G,,42:04,8.0,14.0,0.571,1.0,7.0,0.143,1.0,4.0,0.25,2.0,1.0,3.0,9.0,2.0,1.0,4.0,2.0,18.0,10.0
22200328,1610612738,BOS,Boston,1627763,Malcolm Brogdon,Malcolm,,,21:12,2.0,7.0,0.286,1.0,2.0,0.5,1.0,2.0,0.5,0.0,2.0,2.0,0.0,1.0,0.0,1.0,0.0,6.0,-20.0
22200328,1610612738,BOS,Boston,1629684,Grant Williams,Grant,,,33:00,6.0,8.0,0.75,4.0,6.0,0.667,2.0,2.0,1.0,1.0,3.0,4.0,2.0,1.0,1.0,1.0,2.0,18.0,-7.0
22200328,1610612738,BOS,Boston,1628436,Luke Kornet,Luke,,,10:27,0.0,0.0,0.0,0.0,0.0,0.0,0.0,0.0,0.0,0.0,1.0,1.0,0.0,1.0,0.0,0.0,1.0,0.0,-9.0
22200328,1610612738,BOS,Boston,1630573,Sam Hauser,Sam,,,9:33,2.0,4.0,0.5,1.0,3.0,0.333,0.0,0.0,0.0,0.0,2.0,2.0,1.0,0.0,0.0,0.0,0.0,5.0,-13.0
22200328,1610612738,BOS,Boston,201933,Blake Griffin,Blake,,DNP - Coach's Decision,,,,,,,,,,,,,,,,,,,,
22200328,1610612738,BOS,Boston,1628382,Justin Jackson,Justin,,DNP - Coach's Decision,,,,,,,,,,,,,,,,,,,,
22200328,1610612738,BOS,Boston,1629662,Mfiondu Kabengele,Mfiondu,,DNP - Coach's Decision,,,,,,,,,,,,,,,,,,,,
22200328,1610612738,BOS,Boston,1630202,Payton Pritchard,Payton,,DNP - Coach's Decision,,,,,,,,,,,,,,,,,,,,
22200328,1610612738,BOS,Boston,203943,Noah Vonleh,Noah,,DNP - Coach's Decision,,,,,,,,,,,,,,,,,,,,
22200329,1610612761,TOR,Toronto,1628384,OG Anunoby,OG,F,,38:08,8.0,16.0,0.5,0.0,2.0,0.0,5.0,7.0,0.714,3.0,3.0,6.0,1.0,2.0,0.0,0.0,2.0,21.0,-17.0
22200329,1610612761,TOR,Toronto,1627783,Pascal Siakam,Pascal,F,,32:11,7.0,15.0,0.467,1.0,2.0,0.5,9.0,11.0,0.818,1.0,6.0,7.0,4.0,1.0,0.0,0.0,5.0,24.0,-5.0
22200329,1610612761,TOR,Toronto,1631132,Christian Koloko,Christian,C,,22:25,2.0,8.0,0.25,0.0,2.0,0.0,1.0,1.0,1.0,4.0,5.0,9.0,0.0,1.0,1.0,1.0,0.0,5.0,-8.0
22200329,1610612761,TOR,Toronto,1630567,Scottie Barnes,Scottie,G,,37:12,6.0,12.0,0.5,1.0,2.0,0.5,4.0,7.0,0.571,2.0,7.0,9.0,3.0,0.0,0.0,7.0,3.0,17.0,-11.0
22200329,1610612761,TOR,Toronto,1627832,Fred VanVleet,Fred,G,,41:14,4.0,14.0,0.286,1.0,7.0,0.143,1.0,2.0,0.5,0.0,1.0,1.0,6.0,1.0,0.0,2.0,5.0,10.0,-6.0
22200329,1610612761,TOR,Toronto,1629018,Gary Trent Jr.,Gary,,,25:35,6.0,11.0,0.545,2.0,6.0,0.333,2.0,2.0,1.0,0.0,0.0,0.0,0.0,2.0,0.0,0.0,1.0,16.0,-1.0
22200329,1610612761,TOR,Toronto,1628449,Chris Boucher,Chris,,,19:22,2.0,7.0,0.286,1.0,2.0,0.5,0.0,0.0,0.0,1.0,3.0,4.0,2.0,0.0,1.0,0.0,1.0,5.0,12.0
22200329,1610612761,TOR,Toronto,201152,Thaddeus Young,Thaddeus,,,4:03,1.0,1.0,1.0,0.0,0.0,0.0,0.0,0.0,0.0,0.0,1.0,1.0,0.0,0.0,0.0,1.0,1.0,2.0,-4.0
22200329,1610612761,TOR,Toronto,1627823,Juancho Hernangomez,Juancho,,,15:49,1.0,2.0,0.5,1.0,1.0,1.0,0.0,0.0,0.0,0.0,6.0,6.0,0.0,0.0,0.0,2.0,1.0,3.0,-4.0
22200329,1610612761,TOR,Toronto,203920,Khem Birch,Khem,,,4:02,1.0,1.0,1.0,0.0,0.0,0.0,0.0,0.0,0.0,0.0,0.0,0.0,0.0,0.0,0.0,0.0,0.0,2.0,-1.0
22200329,1610612761,TOR,Toronto,1630625,Dalano Banton,Dalano,,DNP - Coach's Decision,,,,,,,,,,,,,,,,,,,,
22200329,1610612761,TOR,Toronto,1630201,Malachi Flynn,Malachi,,DNP - Coach's Decision,,,,,,,,,,,,,,,,,,,,
22200329,1610612751,BKN,Brooklyn,201142,Kevin Durant,Kevin,F,,37:40,6.0,10.0,0.6,0.0,3.0,0.0,5.0,6.0,0.833,0.0,9.0,9.0,7.0,0.0,2.0,2.0,0.0,17.0,1.0
22200329,1610612751,BKN,Brooklyn,1626220,Royce O'Neale,Royce,F,,32:18,4.0,9.0,0.444,3.0,6.0,0.5,0.0,2.0,0.0,0.0,8.0,8.0,4.0,1.0,0.0,3.0,5.0,11.0,9.0
22200329,1610612751,BKN,Brooklyn,1629651,Nic Claxton,Nic,C,,31:16,7.0,9.0,0.778,0.0,0.0,0.0,1.0,2.0,0.5,3.0,6.0,9.0,1.0,0.0,3.0,0.0,5.0,15.0,15.0
22200329,1610612751,BKN,Brooklyn,203925,Joe Harris,Joe,G,,25:24,6.0,8.0,0.75,5.0,7.0,0.714,0.0,0.0,0.0,0.0,5.0,5.0,4.0,0.0,0.0,1.0,6.0,17.0,17.0
22200329,1610612751,BKN,Brooklyn,202681,Kyrie Irving,Kyrie,G,,39:14,10.0,17.0,0.588,2.0,5.0,0.4,5.0,7.0,0.714,1.0,4.0,5.0,5.0,2.0,0.0,4.0,3.0,27.0,7.0
22200329,1610612751,BKN,Brooklyn,203552,Seth Curry,Seth,,,20:28,1.0,5.0,0.2,0.0,2.0,0.0,2.0,2.0,1.0,0.0,1.0,1.0,5.0,0.0,0.0,4.0,1.0,4.0,15.0
22200329,1610612751,BKN,Brooklyn,1628410,Edmond Sumner,Edmond,,,13:50,3.0,7.0,0.429,0.0,3.0,0.0,2.0,3.0,0.667,0.0,0.0,0.0,0.0,3.0,0.0,1.0,2.0,8.0,-1.0
22200329,1610612751,BKN,Brooklyn,202693,Markieff Morris,Markieff,,,11:52,1.0,3.0,0.333,1.0,2.0,0.5,0.0,0.0,0.0,0.0,0.0,0.0,1.0,0.0,0.0,0.0,1.0,3.0,-8.0
22200329,1610612751,BKN,Brooklyn,203933,T.J. Warren,T.J.,,,16:38,5.0,11.0,0.455,0.0,2.0,0.0,0.0,0.0,0.0,3.0,1.0,4.0,0.0,1.0,0.0,1.0,2.0,10.0,8.0
22200329,1610612751,BKN,Brooklyn,1630560,Cam Thomas,Cam,,,11:20,1.0,3.0,0.333,0.0,2.0,0.0,0.0,0.0,0.0,0.0,0.0,0.0,0.0,0.0,0.0,2.0,2.0,2.0,-18.0
22200329,1610612751,BKN,Brooklyn,1630556,Kessler Edwards,Kessler,,DNP - Coach's Decision,,,,,,,,,,,,,,,,,,,,
22200329,1610612751,BKN,Brooklyn,201988,Patty Mills,Patty,,DNP - Coach's Decision,,,,,,,,,,,,,,,,,,,,
22200329,1610612751,BKN,Brooklyn,1630549,Day'Ron Sharpe,Day'Ron,,DNP - Coach's Decision,,,,,,,,,,,,,,,,,,,,
22200325,1610612742,DAL,Dallas,203501,Tim Hardaway Jr.,Tim,F,,40:14,9.0,20.0,0.45,6.0,14.0,0.429,2.0,4.0,0.5,2.0,3.0,5.0,2.0,2.0,1.0,0.0,4.0,26.0,0.0
22200325,1610612742,DAL,Dallas,1627827,Dorian Finney-Smith,Dorian,F,,31:46,2.0,5.0,0.4,2.0,4.0,0.5,0.0,0.0,0.0,0.0,2.0,2.0,2.0,1.0,0.0,1.0,2.0,6.0,-10.0
22200325,1610612742,DAL,Dallas,203939,Dwight Powell,Dwight,C,,17:32,3.0,3.0,1.0,0.0,0.0,0.0,1.0,4.0,0.25,0.0,1.0,1.0,0.0,0.0,1.0,4.0,4.0,7.0,-2.0
22200325,1610612742,DAL,Dallas,1629029,Luka Dončić,Luka,G,,41:02,13.0,25.0,0.52,7.0,14.0,0.5,2.0,6.0,0.333,0.0,5.0,5.0,10.0,3.0,0.0,3.0,3.0,35.0,-13.0
22200325,1610612742,DAL,Dallas,203915,Spencer Dinwiddie,Spencer,G,,27:50,0.0,2.0,0.0,0.0,1.0,0.0,2.0,4.0,0.5,0.0,0.0,0.0,6.0,0.0,1.0,1.0,0.0,2.0,6.0
22200325,1610612742,DAL,Dallas,1628467,Maxi Kleber,Maxi,,,32:09,4.0,8.0,0.5,2.0,5.0,0.4,0.0,0.0,0.0,0.0,3.0,3.0,1.0,0.0,4.0,1.0,3.0,10.0,-4.0
22200325,1610612742,DAL,Dallas,1626174,Christian Wood,Christian,,,34:35,10.0,13.0,0.769,1.0,2.0,0.5,4.0,6.0,0.667,1.0,7.0,8.0,3.0,0.0,0.0,2.0,3.0,25.0,-9.0
22200325,1610612742,DAL,Dallas,1630182,Josh Green,Josh,,,15:08,3.0,5.0,0.6,0.0,2.0,0.0,0.0,0.0,0.0,1.0,1.0,2.0,1.0,1.0,0.0,1.0,4.0,6.0,-4.0
22200325,1610612742,DAL,Dallas,203493,Reggie Bullock Jr.,Reggie,,,22:14,2.0,4.0,0.5,1.0,3.0,0.333,1.0,2.0,0.5,0.0,4.0,4.0,0.0,1.0,0.0,0.0,1.0,6.0,9.0
22200325,1610612742,DAL,Dallas,202722,Dāvis Bertāns,Dāvis,,,2:30,0.0,1.0,0.0,0.0,1.0,0.0,2.0,3.0,0.667,0.0,0.0,0.0,0.0,0.0,0.0,0.0,0.0,2.0,-3.0
22200325,1610612742,DAL,Dallas,1630702,Jaden Hardy,Jaden,,DNP - Coach's Decision,,,,,,,,,,,,,,,,,,,,
22200325,1610612742,DAL,Dallas,201580,JaVale McGee,JaVale,,DNP - Coach's Decision,,,,,,,,,,,,,,,,,,,,
22200325,1610612742,DAL,Dallas,1628373,Frank Ntilikina,Frank,,DNP - Coach's Decision,,,,,,,,,,,,,,,,,,,,
22200325,1610612742,DAL,Dallas,1629033,Theo Pinson,Theo,,DNP - Coach's Decision,,,,,,,,,,,,,,,,,,,,
22200325,1610612765,DET,Detroit,202711,Bojan Bogdanović,Bojan,F,,41:11,10.0,14.0,0.714,5.0,6.0,0.833,5.0,6.0,0.833,0.0,4.0,4.0,4.0,2.0,0.0,2.0,3.0,30.0,14.0
22200325,1610612765,DET,Detroit,1630191,Isaiah Stewart,Isaiah,F,,36:34,4.0,12.0,0.333,1.0,4.0,0.25,0.0,0.0,0.0,3.0,9.0,12.0,3.0,0.0,0.0,1.0,2.0,9.0,8.0
22200325,1610612765,DET,Detroit,1628963,Marvin Bagley III,Marvin,C,,34:13,7.0,10.0,0.7,1.0,2.0,0.5,4.0,6.0,0.667,4.0,9.0,13.0,2.0,1.0,0.0,1.0,3.0,19.0,10.0
22200325,1610612765,DET,Detroit,1630587,Isaiah Livers,Isaiah,G,,6:52,2.0,2.0,1.0,2.0,2.0,1.0,0.0,0.0,0.0,0.0,0.0,0.0,0.0,0.0,0.0,1.0,1.0,6.0,-3.0
22200325,1610612765,DET,Detroit,1630165,Killian Hayes,Killian,G,,32:59,10.0,13.0,0.769,2.0,4.0,0.5,0.0,0.0,0.0,0.0,4.0,4.0,8.0,0.0,0.0,2.0,5.0,22.0,9.0
22200325,1610612765,DET,Detroit,1630180,Saddiq Bey,Saddiq,,,18:34,2.0,7.0,0.286,1.0,3.0,0.333,1.0,2.0,0.5,2.0,3.0,5.0,1.0,0.0,0.0,0.0,2.0,6.0,2.0
22200325,1610612765,DET,Detroit,202692,Alec Burks,Alec,,,19:48,4.0,11.0,0.364,1.0,6.0,0.167,1.0,2.0,0.5,0.0,6.0,6.0,1.0,2.0,0.0,0.0,2.0,10.0,0.0
22200325,1610612765,DET,Detroit,1631093,Jaden Ivey,Jaden,,,35:06,6.0,15.0,0.4,2.0,7.0,0.286,2.0,4.0,0.5,1.0,2.0,3.0,6.0,1.0,0.0,4.0,2.0,16.0,3.0
22200325,1610612765,DET,Detroit,1631105,Jalen Duren,Jalen,,,18:24,5.0,7.0,0.714,0.0,0.0,0.0,1.0,4.0,0.25,1.0,1.0,2.0,0.0,2.0,0.0,1.0,2.0,11.0,-4.0
22200325,1610612765,DET,Detroit,1628995,Kevin Knox II,Kevin,,,11:49,1.0,1.0,1.0,0.0,0.0,0.0,0.0,0.0,0.0,1.0,1.0,2.0,1.0,1.0,0.0,0.0,3.0,2.0,-8.0
22200325,1610612765,DET,Detroit,202709,Cory Joseph,Cory,,,9:30,0.0,2.0,0.0,0.0,1.0,0.0,0.0,0.0,0.0,1.0,0.0,1.0,3.0,0.0,0.0,1.0,1.0,0.0,-1.0
22200325,1610612765,DET,Detroit,1628977,Hamidou Diallo,Hamidou,,DNP - Coach's Decision,,,,,,,,,,,,,,,,,,,,
22200325,1610612765,DET,Detroit,203585,Rodney McGruder,Rodney,,DNP - Coach's Decision,,,,,,,,,,,,,,,,,,,,
22200325,1610612765,DET,Detroit,203457,Nerlens Noel,Nerlens,,DNP - Coach's Decision,,,,,,,,,,,,,,,,,,,,
22200546,1610612748,MIA,Miami,1629622,Max Strus,Max,F,,31:25,5.0,9.0,0.556,3.0,5.0,0.6,0.0,0.0,0.0,0.0,2.0,2.0,6.0,2.0,0.0,1.0,4.0,13.0,8.0
22200546,1610612748,MIA,Miami,1629312,Haywood Highsmith,Haywood,F,,17:06,3.0,4.0,0.75,0.0,1.0,0.0,0.0,0.0,0.0,1.0,0.0,1.0,0.0,0.0,0.0,0.0,4.0,6.0,-9.0
22200546,1610612748,MIA,Miami,1628389,Bam Adebayo,Bam,C,,36:05,11.0,17.0,0.647,0.0,0.0,0.0,10.0,13.0,0.769,5.0,3.0,8.0,5.0,1.0,0.0,2.0,5.0,32.0,6.0
22200546,1610612748,MIA,Miami,1629639,Tyler Herro,Tyler,G,,34:01,10.0,20.0,0.5,3.0,11.0,0.273,6.0,7.0,0.857,0.0,9.0,9.0,6.0,2.0,0.0,5.0,4.0,29.0,-2.0
22200546,1610612748,MIA,Miami,200768,Kyle Lowry,Kyle,G,,25:56,2.0,6.0,0.333,1.0,4.0,0.25,0.0,0.0,0.0,0.0,3.0,3.0,4.0,2.0,0.0,1.0,3.0,5.0,-4.0
22200546,1610612748,MIA,Miami,1631115,Orlando Robinson,Orlando,,,11:55,1.0,3.0,0.333,0.0,0.0,0.0,0.0,0.0,0.0,1.0,2.0,3.0,1.0,0.0,0.0,1.0,2.0,2.0,-3.0
22200546,1610612748,MIA,Miami,203506,Victor Oladipo,Victor,,,34:33,7.0,15.0,0.467,4.0,9.0,0.444,5.0,7.0,0.714,0.0,5.0,5.0,5.0,3.0,1.0,2.0,4.0,23.0,4.0
22200546,1610612748,MIA,Miami,1631288,Jamal Cain,Jamal,,,4:08,1.0,1.0,1.0,0.0,0.0,0.0,0.0,1.0,0.0,1.0,0.0,1.0,0.0,0.0,0.0,0.0,0.0,2.0,-5.0
22200546,1610612748,MIA,Miami,1629216,Gabe Vincent,Gabe,,,23:43,2.0,6.0,0.333,1.0,4.0,0.25,0.0,0.0,0.0,1.0,2.0,3.0,4.0,0.0,0.0,0.0,4.0,5.0,8.0
22200546,1610612748,MIA,Miami,1629130,Duncan Robinson,Duncan,,,21:08,3.0,8.0,0.375,1.0,5.0,0.2,2.0,2.0,1.0,1.0,1.0,2.0,1.0,0.0,0.0,0.0,2.0,9.0,12.0
22200546,1610612748,MIA,Miami,2617,Udonis Haslem,Udonis,,DNP - Injury/Illness,,,,,,,,,,,,,,,,,,,,
22200546,1610612762,UTA,Utah,1628374,Lauri Markkanen,Lauri,F,,36:02,7.0,15.0,0.467,3.0,7.0,0.429,12.0,12.0,1.0,5.0,9.0,14.0,0.0,1.0,0.0,1.0,2.0,29.0,-1.0
22200546,1610612762,UTA,Utah,203482,Kelly Olynyk,Kelly,F,,33:28,3.0,10.0,0.3,1.0,4.0,0.25,7.0,9.0,0.778,0.0,4.0,4.0,6.0,3.0,0.0,5.0,4.0,14.0,-2.0
22200546,1610612762,UTA,Utah,1629020,Jarred Vanderbilt,Jarred,C,,17:18,1.0,3.0,0.333,0.0,1.0,0.0,2.0,2.0,1.0,3.0,2.0,5.0,1.0,0.0,0.0,0.0,3.0,4.0,-12.0
22200546,1610612762,UTA,Utah,203903,Jordan Clarkson,Jordan,G,,34:42,7.0,14.0,0.5,3.0,9.0,0.333,5.0,10.0,0.5,1.0,4.0,5.0,3.0,0.0,0.0,4.0,2.0,22.0,8.0
22200546,1610612762,UTA,Utah,201144,Mike Conley,Mike,G,,30:57,2.0,7.0,0.286,1.0,4.0,0.25,4.0,4.0,1.0,0.0,4.0,4.0,8.0,0.0,0.0,4.0,3.0,9.0,-7.0
22200546,1610612762,UTA,Utah,1629012,Collin Sexton,Collin,,,24:21,4.0,11.0,0.364,3.0,5.0,0.6,3.0,3.0,1.0,1.0,1.0,2.0,3.0,1.0,0.0,1.0,4.0,14.0,-1.0
22200546,1610612762,UTA,Utah,1631117,Walker Kessler,Walker,,,30:21,2.0,6.0,0.333,0.0,0.0,0.0,1.0,2.0,0.5,6.0,6.0,12.0,0.0,1.0,3.0,1.0,2.0,5.0,8.0
22200546,1610612762,UTA,Utah,200752,Rudy Gay,Rudy,,,14:32,3.0,4.0,0.75,1.0,2.0,0.5,2.0,2.0,1.0,0.0,0.0,0.0,0.0,0.0,0.0,0.0,2.0,9.0,-1.0
22200546,1610612762,UTA,Utah,1627736,Malik Beasley,Malik,,,18:19,6.0,11.0,0.545,5.0,8.0,0.625,0.0,0.0,0.0,0.0,3.0,3.0,2.0,0.0,0.0,0.0,1.0,17.0,-7.0
22200546,1610612762,UTA,Utah,1630534,Ochai Agbaji,Ochai,,DNP - Coach's Decision,,,,,,,,,,,,,,,,,,,,
22200546,1610612762,UTA,Utah,1629638,Nickeil Alexander-Walker,Nickeil,,DNP - Coach's Decision,,,,,,,,,,,,,,,,,,,,
22200546,1610612762,UTA,Utah,1628962,Udoka Azubuike,Udoka,,DNP - Coach's Decision,,,,,,,,,,,,,,,,,,,,
22200546,1610612762,UTA,Utah,1630195,Leandro Bolmaro,Leandro,,DNP - Coach's Decision,,,,,,,,,,,,,,,,,,,,
22200546,1610612762,UTA,Utah,1631323,Simone Fontecchio,Simone,,DNP - Coach's Decision,,,,,,,,,,,,,,,,,,,,
22200546,1610612762,UTA,Utah,1629659,Talen Horton-Tucker,Talen,,DNP - Coach's Decision,,,,,,,,,,,,,,,,,,,,
22200525,1610612746,LAC,LA,202695,Kawhi Leonard,Kawhi,F,,36:53,11.0,16.0,0.688,3.0,6.0,0.5,1.0,1.0,1.0,0.0,8.0,8.0,3.0,0.0,1.0,3.0,4.0,26.0,0.0
22200525,1610612746,LAC,LA,202694,Marcus Morris Sr.,Marcus,F,,32:05,5.0,13.0,0.385,2.0,7.0,0.286,0.0,0.0,0.0,1.0,5.0,6.0,4.0,1.0,1.0,1.0,1.0,12.0,-4.0
22200525,1610612746,LAC,LA,1627826,Ivica Zubac,Ivica,C,,29:57,6.0,9.0,0.667,0.0,0.0,0.0,1.0,4.0,0.25,4.0,7.0,11.0,0.0,1.0,1.0,1.0,3.0,13.0,10.0
22200525,1610612746,LAC,LA,202331,Paul George,Paul,G,,40:18,10.0,22.0,0.455,3.0,9.0,0.333,1.0,1.0,1.0,0.0,4.0,4.0,6.0,2.0,0.0,4.0,4.0,24.0,-9.0
22200525,1610612746,LAC,LA,202704,Reggie Jackson,Reggie,G,,24:08,3.0,9.0,0.333,2.0,6.0,0.333,0.0,0.0,0.0,1.0,3.0,4.0,3.0,0.0,0.0,1.0,2.0,8.0,-3.0
22200525,1610612746,LAC,LA,202322,John Wall,John,,,15:39,3.0,6.0,0.5,2.0,3.0,0.667,0.0,0.0,0.0,1.0,0.0,1.0,4.0,0.0,0.0,0.0,1.0,8.0,-4.0
22200525,1610612746,LAC,LA,201587,Nicolas Batum,Nicolas,,,8:02,0.0,2.0,0.0,0.0,2.0,0.0,0.0,0.0,0.0,0.0,2.0,2.0,2.0,0.0,0.0,1.0,2.0,0.0,-7.0
22200525,1610612746,LAC,LA,1626181,Norman Powell,Norman,,,30:51,5.0,12.0,0.417,3.0,6.0,0.5,6.0,8.0,0.75,1.0,3.0,4.0,2.0,0.0,1.0,1.0,2.0,19.0,-12.0
22200525,1610612746,LAC,LA,1628379,Luke Kennard,Luke,,,17:23,0.0,0.0,0.0,0.0,0.0,0.0,0.0,0.0,0.0,0.0,1.0,1.0,1.0,0.0,0.0,0.0,1.0,0.0,2.0
22200525,1610612746,LAC,LA,1629611,Terance Mann,Terance,,,4:44,0.0,0.0,0.0,0.0,0.0,0.0,0.0,0.0,0.0,0.0,0.0,0.0,1.0,0.0,0.0,0.0,0.0,0.0,-3.0
22200525,1610612746,LAC,LA,1629650,Moses Brown,Moses,,DNP - Coach's Decision,,,,,,,,,,,,,,,,,,,,
22200525,1610612746,LAC,LA,1629599,Amir Coffey,Amir,,DNP - Coach's Decision,,,,,,,,,,,,,,,,,,,,
22200525,1610612746,LAC,LA,203496,Robert Covington,Robert,,DNP - Coach's Decision,,,,,,,,,,,,,,,,,,,,
22200525,1610612738,BOS,Boston,1627759,Jaylen Brown,Jaylen,F,,32:39,12.0,25.0,0.48,0.0,8.0,0.0,5.0,5.0,1.0,2.0,5.0,7.0,2.0,0.0,0.0,3.0,5.0,29.0,5.0
22200525,1610612738,BOS,Boston,1628369,Jayson Tatum,Jayson,F,,35:45,10.0,26.0,0.385,3.0,11.0,0.273,6.0,10.0,0.6,1.0,10.0,11.0,1.0,0.0,1.0,2.0,2.0,29.0,-5.0
22200525,1610612738,BOS,Boston,201143,Al Horford,Al,C,,31:41,3.0,6.0,0.5,2.0,3.0,0.667,0.0,0.0,0.0,2.0,5.0,7.0,2.0,0.0,2.0,0.0,0.0,8.0,5.0
22200525,1610612738,BOS,Boston,1628401,Derrick White,Derrick,G,,37:17,6.0,8.0,0.75,2.0,4.0,0.5,1.0,1.0,1.0,0.0,2.0,2.0,4.0,0.0,2.0,1.0,3.0,15.0,4.0
22200525,1610612738,BOS,Boston,203935,Marcus Smart,Marcus,G,,37:10,7.0,15.0,0.467,2.0,7.0,0.286,1.0,2.0,0.5,0.0,3.0,3.0,9.0,2.0,1.0,3.0,2.0,17.0,10.0
22200525,1610612738,BOS,Boston,1629684,Grant Williams,Grant,,,22:53,1.0,1.0,1.0,1.0,1.0,1.0,0.0,0.0,0.0,2.0,8.0,10.0,2.0,0.0,0.0,0.0,2.0,3.0,9.0
22200525,1610612738,BOS,Boston,1630573,Sam Hauser,Sam,,,15:24,1.0,5.0,0.2,1.0,4.0,0.25,0.0,0.0,0.0,0.0,3.0,3.0,1.0,0.0,0.0,0.0,1.0,3.0,1.0
22200525,1610612738,BOS,Boston,1630202,Payton Pritchard,Payton,,,5:46,0.0,1.0,0.0,0.0,1.0,0.0,0.0,0.0,0.0,0.0,0.0,0.0,0.0,0.0,0.0,0.0,0.0,0.0,-7.0
22200525,1610612738,BOS,Boston,1629057,Robert Williams III,Robert,,,21:25,4.0,4.0,1.0,0.0,0.0,0.0,4.0,4.0,1.0,4.0,2.0,6.0,1.0,1.0,1.0,2.0,2.0,12.0,8.0
22200525,1610612738,BOS,Boston,1628382,Justin Jackson,Justin,,DNP - Coach's Decision,,,,,,,,,,,,,,,,,,,,
22200525,1610612738,BOS,Boston,1628436,Luke Kornet,Luke,,DNP - Coach's Decision,,,,,,,,,,,,,,,,,,,,
22200525,1610612738,BOS,Boston,203943,Noah Vonleh,Noah,,DNP - Coach's Decision,,,,,,,,,,,,,,,,,,,,
22200437,1610612743,DEN,Denver,1628971,Bruce Brown,Bruce,F,,34:42,4.0,7.0,0.571,2.0,2.0,1.0,1.0,2.0,0.5,1.0,4.0,5.0,5.0,0.0,2.0,0.0,1.0,11.0,-19.0
22200437,1610612743,DEN,Denver,203932,Aaron Gordon,Aaron,F,,32:27,7.0,13.0,0.538,1.0,4.0,0.25,2.0,4.0,0.5,0.0,3.0,3.0,1.0,2.0,1.0,4.0,3.0,17.0,-10.0
22200437,1610612743,DEN,Denver,203999,Nikola Jokić,Nikola,C,,35:17,8.0,15.0,0.533,1.0,3.0,0.333,8.0,9.0,0.889,2.0,9.0,11.0,8.0,4.0,0.0,5.0,3.0,25.0,-14.0
22200437,1610612743,DEN,Denver,203484,Kentavious Caldwell-Pope,Kentavious,G,,30:00,3.0,5.0,0.6,1.0,1.0,1.0,2.0,2.0,1.0,0.0,1.0,1.0,0.0,0.0,0.0,2.0,3.0,9.0,0.0
22200437,1610612743,DEN,Denver,1627750,Jamal Murray,Jamal,G,,35:44,8.0,16.0,0.5,2.0,6.0,0.333,5.0,7.0,0.714,1.0,4.0,5.0,6.0,1.0,0.0,5.0,0.0,23.0,-18.0
22200437,1610612743,DEN,Denver,1631128,Christian Braun,Christian,,,9:04,0.0,2.0,0.0,0.0,2.0,0.0,0.0,0.0,0.0,0.0,1.0,1.0,0.0,0.0,0.0,1.0,2.0,0.0,4.0
22200437,1610612743,DEN,Denver,201145,Jeff Green,Jeff,,,17:04,3.0,8.0,0.375,1.0,2.0,0.5,1.0,1.0,1.0,4.0,2.0,6.0,1.0,0.0,1.0,1.0,0.0,8.0,-15.0
22200437,1610612743,DEN,Denver,1630538,Bones Hyland,Bones,,,14:42,2.0,9.0,0.222,0.0,5.0,0.0,1.0,1.0,1.0,0.0,2.0,2.0,2.0,0.0,0.0,1.0,0.0,5.0,-24.0
22200437,1610612743,DEN,Denver,201599,DeAndre Jordan,DeAndre,,,7:04,2.0,2.0,1.0,0.0,0.0,0.0,0.0,0.0,0.0,0.0,2.0,2.0,0.0,0.0,0.0,0.0,1.0,4.0,0.0
22200437,1610612743,DEN,Denver,1628432,Davon Reed,Davon,,,16:38,0.0,1.0,0.0,0.0,1.0,0.0,1.0,2.0,0.5,1.0,1.0,2.0,2.0,0.0,0.0,0.0,3.0,1.0,0.0
22200437,1610612743,DEN,Denver,202397,Ish Smith,Ish,,,2:26,1.0,1.0,1.0,0.0,0.0,0.0,0.0,0.0,0.0,0.0,1.0,1.0,0.0,0.0,0.0,0.0,0.0,2.0,2.0
22200437,1610612743,DEN,Denver,1630192,Zeke Nnaji,Zeke,,,2:26,0.0,1.0,0.0,0.0,0.0,0.0,0.0,0.0,0.0,0.0,0.0,0.0,0.0,0.0,0.0,0.0,1.0,0.0,2.0
22200437,1610612743,DEN,Denver,1628427,Vlatko Čančar,Vlatko,,,2:26,1.0,1.0,1.0,1.0,1.0,1.0,0.0,0.0,0.0,0.0,0.0,0.0,0.0,0.0,0.0,0.0,0.0,3.0,2.0
22200437,1610612747,LAL,Los Angeles,1629022,Lonnie Walker IV,Lonnie,F,,19:48,1.0,7.0,0.143,1.0,6.0,0.167,0.0,0.0,0.0,0.0,1.0,1.0,1.0,0.0,0.0,1.0,2.0,3.0,-15.0
22200437,1610612747,LAL,Los Angeles,2544,LeBron James,LeBron,F,,35:56,13.0,21.0,0.619,1.0,4.0,0.25,3.0,4.0,0.75,1.0,8.0,9.0,4.0,2.0,0.0,2.0,2.0,30.0,26.0
22200437,1610612747,LAL,Los Angeles,203076,Anthony Davis,Anthony,C,,17:27,4.0,6.0,0.667,0.0,0.0,0.0,2.0,2.0,1.0,0.0,4.0,4.0,2.0,1.0,1.0,2.0,2.0,10.0,-4.0
22200437,1610612747,LAL,Los Angeles,201976,Patrick Beverley,Patrick,G,,20:40,4.0,6.0,0.667,2.0,3.0,0.667,0.0,0.0,0.0,0.0,4.0,4.0,5.0,0.0,0.0,0.0,1.0,10.0,-11.0
22200437,1610612747,LAL,Los Angeles,203471,Dennis Schröder,Dennis,G,,30:38,5.0,12.0,0.417,3.0,6.0,0.5,2.0,2.0,1.0,1.0,0.0,1.0,3.0,2.0,0.0,2.0,4.0,15.0,15.0
22200437,1610612747,LAL,Los Angeles,201566,Russell Westbrook,Russell,,,29:45,5.0,13.0,0.385,0.0,3.0,0.0,5.0,8.0,0.625,2.0,9.0,11.0,12.0,2.0,0.0,4.0,2.0,15.0,25.0
22200437,1610612747,LAL,Los Angeles,1630559,Austin Reaves,Austin,,,29:56,5.0,9.0,0.556,2.0,5.0,0.4,4.0,4.0,1.0,1.0,3.0,4.0,0.0,1.0,1.0,2.0,3.0,16.0,26.0
22200437,1610612747,LAL,Los Angeles,1628972,Troy Brown Jr.,Troy,,,13:49,0.0,0.0,0.0,0.0,0.0,0.0,0.0,0.0,0.0,0.0,2.0,2.0,1.0,1.0,1.0,0.0,0.0,0.0,12.0
22200437,1610612747,LAL,Los Angeles,1631108,Max Christie,Max,,,15:56,2.0,5.0,0.4,2.0,3.0,0.667,0.0,0.0,0.0,2.0,1.0,3.0,0.0,0.0,1.0,0.0,1.0,6.0,14.0
22200437,1610612747,LAL,Los Angeles,1628418,Thomas Bryant,Thomas,,,23:39,9.0,11.0,0.818,1.0,2.0,0.5,2.0,4.0,0.5,4.0,2.0,6.0,1.0,2.0,0.0,1.0,4.0,21.0,10.0
22200437,1610612747,LAL,Los Angeles,1629134,Kendrick Nunn,Kendrick,,,1:13,0.0,1.0,0.0,0.0,1.0,0.0,0.0,0.0,0.0,0.0,0.0,0.0,0.0,0.0,0.0,0.0,0.0,0.0,-4.0
22200437,1610612747,LAL,Los Angeles,1627745,Damian Jones,Damian,,,1:13,0.0,0.0,0.0,0.0,0.0,0.0,0.0,0.0,0.0,0.0,0.0,0.0,0.0,0.0,0.0,0.0,0.0,0.0,-4.0
22200428,1610612737,ATL,Atlanta,203992,Bogdan Bogdanović,Bogdan,F,,29:21,9.0,14.0,0.643,7.0,10.0,0.7,3.0,5.0,0.6,0.0,9.0,9.0,0.0,1.0,0.0,4.0,0.0,28.0,22.0
22200428,1610612737,ATL,Atlanta,1629631,De'Andre Hunter,De'Andre,F,,27:20,3.0,8.0,0.375,0.0,3.0,0.0,5.0,6.0,0.833,0.0,2.0,2.0,1.0,0.0,1.0,1.0,2.0,11.0,10.0
22200428,1610612737,ATL,Atlanta,1630168,Onyeka Okongwu,Onyeka,C,,22:40,2.0,2.0,1.0,0.0,0.0,0.0,3.0,4.0,0.75,2.0,5.0,7.0,0.0,0.0,2.0,1.0,3.0,7.0,4.0
22200428,1610612737,ATL,Atlanta,1630235,Trent Forrest,Trent,G,,28:21,3.0,4.0,0.75,0.0,0.0,0.0,0.0,0.0,0.0,0.0,5.0,5.0,5.0,0.0,0.0,1.0,3.0,6.0,4.0
22200428,1610612737,ATL,Atlanta,1629027,Trae Young,Trae,G,,33:39,8.0,18.0,0.444,2.0,5.0,0.4,13.0,14.0,0.929,0.0,1.0,1.0,9.0,1.0,0.0,4.0,1.0,31.0,3.0
22200428,1610612737,ATL,Atlanta,1631100,AJ Griffin,AJ,,,27:52,5.0,8.0,0.625,3.0,6.0,0.5,0.0,0.0,0.0,0.0,2.0,2.0,2.0,0.0,0.0,0.0,3.0,13.0,17.0
22200428,1610612737,ATL,Atlanta,1626163,Frank Kaminsky,Frank,,,22:13,4.0,5.0,0.8,2.0,3.0,0.667,2.0,2.0,1.0,0.0,7.0,7.0,5.0,1.0,0.0,1.0,4.0,12.0,17.0
22200428,1610612737,ATL,Atlanta,1630552,Jalen Johnson,Jalen,,,21:05,2.0,5.0,0.4,0.0,0.0,0.0,0.0,0.0,0.0,2.0,3.0,5.0,0.0,0.0,2.0,0.0,1.0,4.0,9.0
22200428,1610612737,ATL,Atlanta,1628988,Aaron Holiday,Aaron,,,19:23,4.0,7.0,0.571,1.0,1.0,1.0,2.0,3.0,0.667,0.0,2.0,2.0,3.0,0.0,0.0,0.0,5.0,11.0,15.0
22200428,1610612737,ATL,Atlanta,1630249,Vít Krejčí,Vít,,,2:42,0.0,1.0,0.0,0.0,1.0,0.0,0.0,0.0,0.0,0.0,0.0,0.0,0.0,0.0,0.0,0.0,0.0,0.0,-2.0
22200428,1610612737,ATL,Atlanta,1629633,Jarrett Culver,Jarrett,,,2:42,0.0,2.0,0.0,0.0,0.0,0.0,0.0,0.0,0.0,0.0,0.0,0.0,0.0,0.0,0.0,0.0,0.0,0.0,-2.0
22200428,1610612737,ATL,Atlanta,1631213,Tyrese Martin,Tyrese,,,2:42,1.0,1.0,1.0,0.0,0.0,0.0,0.0,0.0,0.0,0.0,1.0,1.0,0.0,0.0,0.0,0.0,0.0,2.0,-2.0
22200428,1610612737,ATL,Atlanta,203200,Justin Holiday,Justin,,DNP - Coach's Decision,,,,,,,,,,,,,,,,,,,,
22200428,1610612766,CHA,Charlotte,202330,Gordon Hayward,Gordon,F,,28:33,3.0,9.0,0.333,1.0,4.0,0.25,2.0,4.0,0.5,1.0,2.0,3.0,5.0,2.0,1.0,2.0,3.0,9.0,-9.0
22200428,1610612766,CHA,Charlotte,1629667,Jalen McDaniels,Jalen,F,,16:44,3.0,8.0,0.375,0.0,2.0,0.0,1.0,1.0,1.0,0.0,1.0,1.0,2.0,1.0,0.0,2.0,5.0,7.0,-7.0
22200428,1610612766,CHA,Charlotte,203486,Mason Plumlee,Mason,C,,21:23,4.0,4.0,1.0,0.0,0.0,0.0,0.0,0.0,0.0,3.0,4.0,7.0,2.0,2.0,0.0,0.0,4.0,8.0,-15.0
22200428,1610612766,CHA,Charlotte,1626179,Terry Rozier,Terry,G,,32:02,4.0,11.0,0.364,2.0,6.0,0.333,0.0,0.0,0.0,0.0,0.0,0.0,9.0,1.0,0.0,3.0,1.0,10.0,-13.0
22200428,1610612766,CHA,Charlotte,1630163,LaMelo Ball,LaMelo,G,,32:40,9.0,18.0,0.5,7.0,13.0,0.538,2.0,3.0,0.667,0.0,2.0,2.0,3.0,1.0,1.0,2.0,2.0,27.0,-21.0
22200428,1610612766,CHA,Charlotte,1626162,Kelly Oubre Jr.,Kelly,,,30:08,5.0,19.0,0.263,3.0,10.0,0.3,3.0,4.0,0.75,2.0,5.0,7.0,1.0,0.0,1.0,1.0,3.0,16.0,-27.0
22200428,1610612766,CHA,Charlotte,1630177,Theo Maledon,Theo,,,15:20,1.0,5.0,0.2,1.0,3.0,0.333,0.0,0.0,0.0,0.0,2.0,2.0,1.0,0.0,0.0,0.0,2.0,3.0,2.0
22200428,1610612766,CHA,Charlotte,1630539,Kai Jones,Kai,,,13:33,2.0,3.0,0.667,0.0,0.0,0.0,0.0,0.0,0.0,1.0,6.0,7.0,0.0,0.0,0.0,0.0,1.0,4.0,-2.0
22200428,1610612766,CHA,Charlotte,1630208,Nick Richards,Nick,,,22:34,5.0,9.0,0.556,0.0,0.0,0.0,3.0,5.0,0.6,8.0,3.0,11.0,1.0,0.0,2.0,1.0,3.0,13.0,-8.0
22200428,1610612766,CHA,Charlotte,1630550,JT Thor,JT,,,19:29,3.0,8.0,0.375,1.0,4.0,0.25,2.0,2.0,1.0,0.0,1.0,1.0,1.0,1.0,0.0,1.0,1.0,9.0,-3.0
22200428,1610612766,CHA,Charlotte,1630547,James Bouknight,James,,,3:47,0.0,2.0,0.0,0.0,1.0,0.0,0.0,0.0,0.0,0.0,1.0,1.0,1.0,0.0,0.0,0.0,0.0,0.0,4.0
22200428,1610612766,CHA,Charlotte,1631121,Bryce McGowens,Bryce,,,3:47,0.0,2.0,0.0,0.0,0.0,0.0,0.0,0.0,0.0,0.0,1.0,1.0,0.0,0.0,0.0,0.0,0.0,0.0,4.0
22200436,1610612757,POR,Portland,1628404,Josh Hart,Josh,F,,21:54,3.0,3.0,1.0,0.0,0.0,0.0,0.0,1.0,0.0,2.0,2.0,4.0,1.0,0.0,0.0,1.0,3.0,6.0,-9.0
22200436,1610612757,POR,Portland,203924,Jerami Grant,Jerami,F,,20:53,2.0,9.0,0.222,1.0,3.0,0.333,2.0,2.0,1.0,0.0,0.0,0.0,1.0,0.0,0.0,0.0,0.0,7.0,-29.0
22200436,1610612757,POR,Portland,203994,Jusuf Nurkić,Jusuf,C,,21:53,6.0,8.0,0.75,1.0,1.0,1.0,3.0,5.0,0.6,2.0,4.0,6.0,1.0,1.0,0.0,2.0,4.0,16.0,-3.0
22200436,1610612757,POR,Portland,1629014,Anfernee Simons,Anfernee,G,,23:37,3.0,10.0,0.3,1.0,6.0,0.167,0.0,0.0,0.0,0.0,2.0,2.0,3.0,0.0,0.0,2.0,2.0,7.0,-21.0
22200436,1610612757,POR,Portland,203081,Damian Lillard,Damian,G,,24:21,6.0,14.0,0.429,3.0,8.0,0.375,9.0,10.0,0.9,0.0,1.0,1.0,3.0,0.0,0.0,2.0,2.0,24.0,-14.0
22200436,1610612757,POR,Portland,1626159,Justise Winslow,Justise,,,17:54,2.0,5.0,0.4,1.0,3.0,0.333,0.0,0.0,0.0,1.0,2.0,3.0,0.0,0.0,1.0,2.0,3.0,5.0,-17.0
22200436,1610612757,POR,Portland,1631101,Shaedon Sharpe,Shaedon,,,29:21,4.0,12.0,0.333,2.0,5.0,0.4,0.0,0.0,0.0,1.0,0.0,1.0,1.0,0.0,0.0,0.0,2.0,10.0,-10.0
22200436,1610612757,POR,Portland,1629234,Drew Eubanks,Drew,,,12:59,2.0,2.0,1.0,0.0,0.0,0.0,0.0,0.0,0.0,1.0,3.0,4.0,1.0,0.0,0.0,0.0,2.0,4.0,-18.0
22200436,1610612757,POR,Portland,1630570,Trendon Watford,Trendon,,,24:27,5.0,8.0,0.625,2.0,3.0,0.667,4.0,5.0,0.8,0.0,11.0,11.0,6.0,2.0,0.0,0.0,1.0,16.0,6.0
22200436,1610612757,POR,Portland,1630553,Keon Johnson,Keon,,,18:41,5.0,11.0,0.455,2.0,7.0,0.286,1.0,2.0,0.5,0.0,3.0,3.0,3.0,0.0,0.0,1.0,2.0,13.0,5.0
22200436,1610612757,POR,Portland,1630535,Greg Brown III,Greg,,,12:00,1.0,4.0,0.25,0.0,0.0,0.0,0.0,0.0,0.0,1.0,3.0,4.0,0.0,1.0,1.0,2.0,0.0,2.0,5.0
22200436,1610612757,POR,Portland,1631133,Jabari Walker,Jabari,,,12:00,0.0,3.0,0.0,0.0,1.0,0.0,0.0,0.0,0.0,2.0,1.0,3.0,1.0,0.0,0.0,0.0,1.0,0.0,5.0
22200436,1610612742,DAL,Dallas,203501,Tim Hardaway Jr.,Tim,F,,26:25,7.0,10.0,0.7,2.0,3.0,0.667,1.0,1.0,1.0,0.0,2.0,2.0,2.0,1.0,0.0,0.0,1.0,17.0,18.0
22200436,1610612742,DAL,Dallas,1627827,Dorian Finney-Smith,Dorian,F,,28:23,2.0,6.0,0.333,2.0,6.0,0.333,0.0,0.0,0.0,0.0,3.0,3.0,2.0,0.0,1.0,2.0,2.0,6.0,15.0
22200436,1610612742,DAL,Dallas,203939,Dwight Powell,Dwight,C,,11:37,1.0,1.0,1.0,0.0,0.0,0.0,3.0,4.0,0.75,1.0,1.0,2.0,1.0,1.0,0.0,0.0,3.0,5.0,6.0
22200436,1610612742,DAL,Dallas,203915,Spencer Dinwiddie,Spencer,G,,25:22,4.0,7.0,0.571,3.0,6.0,0.5,2.0,2.0,1.0,0.0,1.0,1.0,4.0,2.0,0.0,1.0,2.0,13.0,15.0
22200436,1610612742,DAL,Dallas,1629029,Luka Dončić,Luka,G,,28:50,11.0,18.0,0.611,5.0,9.0,0.556,6.0,7.0,0.857,0.0,6.0,6.0,9.0,0.0,0.0,4.0,3.0,33.0,16.0
22200436,1610612742,DAL,Dallas,1626174,Christian Wood,Christian,,,29:43,11.0,17.0,0.647,2.0,7.0,0.286,8.0,10.0,0.8,0.0,12.0,12.0,0.0,0.0,2.0,2.0,2.0,32.0,19.0
22200436,1610612742,DAL,Dallas,203493,Reggie Bullock Jr.,Reggie,,,29:04,1.0,4.0,0.25,1.0,3.0,0.333,1.0,1.0,1.0,1.0,2.0,3.0,3.0,0.0,0.0,0.0,1.0,4.0,16.0
22200436,1610612742,DAL,Dallas,1628373,Frank Ntilikina,Frank,,,27:33,3.0,4.0,0.75,2.0,3.0,0.667,0.0,0.0,0.0,0.0,3.0,3.0,1.0,0.0,0.0,1.0,2.0,8.0,11.0
22200436,1610612742,DAL,Dallas,202689,Kemba Walker,Kemba,,,13:03,2.0,5.0,0.4,1.0,2.0,0.5,1.0,1.0,1.0,1.0,2.0,3.0,2.0,0.0,0.0,1.0,1.0,6.0,-1.0
22200436,1610612742,DAL,Dallas,1629033,Theo Pinson,Theo,,,6:40,0.0,1.0,0.0,0.0,1.0,0.0,0.0,0.0,0.0,0.0,2.0,2.0,1.0,0.0,0.0,0.0,0.0,0.0,-5.0
22200436,1610612742,DAL,Dallas,201580,JaVale McGee,JaVale,,,6:40,0.0,3.0,0.0,0.0,1.0,0.0,0.0,0.0,0.0,0.0,2.0,2.0,0.0,0.0,2.0,1.0,1.0,0.0,-5.0
22200436,1610612742,DAL,Dallas,1630702,Jaden Hardy,Jaden,,,6:40,3.0,5.0,0.6,0.0,2.0,0.0,0.0,0.0,0.0,0.0,1.0,1.0,0.0,0.0,0.0,0.0,1.0,6.0,-5.0
22200362,1610612742,DAL,Dallas,203501,Tim Hardaway Jr.,Tim,F,,31:14,7.0,12.0,0.583,6.0,8.0,0.75,9.0,12.0,0.75,1.0,2.0,3.0,2.0,3.0,0.0,2.0,4.0,29.0,4.0
22200362,1610612742,DAL,Dallas,1627827,Dorian Finney-Smith,Dorian,F,,35:14,7.0,13.0,0.538,5.0,10.0,0.5,0.0,0.0,0.0,0.0,1.0,1.0,3.0,3.0,0.0,2.0,6.0,19.0,-3.0
22200362,1610612742,DAL,Dallas,203939,Dwight Powell,Dwight,C,,20:32,3.0,3.0,1.0,0.0,0.0,0.0,2.0,2.0,1.0,2.0,5.0,7.0,1.0,1.0,1.0,2.0,4.0,8.0,0.0
22200362,1610612742,DAL,Dallas,203915,Spencer Dinwiddie,Spencer,G,,30:50,3.0,8.0,0.375,1.0,2.0,0.5,6.0,6.0,1.0,0.0,2.0,2.0,7.0,1.0,0.0,1.0,2.0,13.0,-3.0
22200362,1610612742,DAL,Dallas,1629029,Luka Dončić,Luka,G,,37:20,5.0,17.0,0.294,4.0,9.0,0.444,8.0,9.0,0.889,0.0,10.0,10.0,12.0,0.0,1.0,5.0,2.0,22.0,7.0
22200362,1610612742,DAL,Dallas,1630182,Josh Green,Josh,,,17:12,1.0,5.0,0.2,0.0,2.0,0.0,0.0,0.0,0.0,1.0,1.0,2.0,0.0,0.0,0.0,1.0,4.0,2.0,0.0
22200362,1610612742,DAL,Dallas,1626174,Christian Wood,Christian,,,26:41,6.0,7.0,0.857,0.0,1.0,0.0,2.0,2.0,1.0,0.0,6.0,6.0,2.0,2.0,1.0,1.0,3.0,14.0,9.0
22200362,1610612742,DAL,Dallas,1628467,Maxi Kleber,Maxi,,,26:29,4.0,6.0,0.667,1.0,3.0,0.333,0.0,0.0,0.0,0.0,3.0,3.0,0.0,0.0,1.0,0.0,4.0,9.0,-6.0
22200362,1610612742,DAL,Dallas,203493,Reggie Bullock Jr.,Reggie,,,14:28,0.0,1.0,0.0,0.0,1.0,0.0,0.0,0.0,0.0,0.0,1.0,1.0,0.0,0.0,0.0,1.0,3.0,0.0,-3.0
22200362,1610612742,DAL,Dallas,202722,Dāvis Bertāns,Dāvis,,DNP - Coach's Decision,,,,,,,,,,,,,,,,,,,,
22200362,1610612742,DAL,Dallas,1630702,Jaden Hardy,Jaden,,DNP - Coach's Decision,,,,,,,,,,,,,,,,,,,,
22200362,1610612742,DAL,Dallas,201580,JaVale McGee,JaVale,,DNP - Coach's Decision,,,,,,,,,,,,,,,,,,,,
22200362,1610612742,DAL,Dallas,1628373,Frank Ntilikina,Frank,,DNP - Coach's Decision,,,,,,,,,,,,,,,,,,,,
22200362,1610612742,DAL,Dallas,1629033,Theo Pinson,Theo,,DNP - Coach's Decision,,,,,,,,,,,,,,,,,,,,
22200362,1610612742,DAL,Dallas,202689,Kemba Walker,Kemba,,DNP - Coach's Decision,,,,,,,,,,,,,,,,,,,,
22200362,1610612743,DEN,Denver,1628971,Bruce Brown,Bruce,F,,29:59,3.0,7.0,0.429,2.0,3.0,0.667,4.0,4.0,1.0,1.0,5.0,6.0,5.0,1.0,1.0,1.0,4.0,12.0,-7.0
22200362,1610612743,DEN,Denver,203932,Aaron Gordon,Aaron,F,,31:30,10.0,13.0,0.769,2.0,2.0,1.0,5.0,7.0,0.714,4.0,4.0,8.0,2.0,1.0,0.0,2.0,2.0,27.0,-6.0
22200362,1610612743,DEN,Denver,203999,Nikola Jokić,Nikola,C,,34:03,7.0,13.0,0.538,0.0,3.0,0.0,5.0,6.0,0.833,0.0,8.0,8.0,8.0,1.0,0.0,3.0,1.0,19.0,2.0
22200362,1610612743,DEN,Denver,203484,Kentavious Caldwell-Pope,Kentavious,G,,29:54,5.0,9.0,0.556,2.0,5.0,0.4,0.0,0.0,0.0,0.0,2.0,2.0,2.0,2.0,1.0,2.0,4.0,12.0,1.0
22200362,1610612743,DEN,Denver,1627750,Jamal Murray,Jamal,G,,30:19,2.0,11.0,0.182,0.0,5.0,0.0,7.0,9.0,0.778,0.0,2.0,2.0,5.0,1.0,0.0,2.0,5.0,11.0,15.0
22200362,1610612743,DEN,Denver,1628427,Vlatko Čančar,Vlatko,,,6:38,0.0,1.0,0.0,0.0,0.0,0.0,0.0,0.0,0.0,1.0,2.0,3.0,1.0,0.0,0.0,2.0,1.0,0.0,-8.0
22200362,1610612743,DEN,Denver,201145,Jeff Green,Jeff,,,17:52,3.0,4.0,0.75,1.0,2.0,0.5,0.0,1.0,0.0,0.0,1.0,1.0,1.0,0.0,0.0,1.0,2.0,7.0,0.0
22200362,1610612743,DEN,Denver,1630538,Bones Hyland,Bones,,,30:00,7.0,15.0,0.467,5.0,10.0,0.5,1.0,1.0,1.0,1.0,3.0,4.0,5.0,2.0,1.0,3.0,3.0,20.0,-4.0
22200362,1610612743,DEN,Denver,1630192,Zeke Nnaji,Zeke,,,13:55,1.0,1.0,1.0,0.0,0.0,0.0,0.0,0.0,0.0,1.0,0.0,1.0,1.0,0.0,1.0,1.0,1.0,2.0,-3.0
22200362,1610612743,DEN,Denver,1631128,Christian Braun,Christian,,,15:50,2.0,4.0,0.5,1.0,2.0,0.5,0.0,0.0,0.0,0.0,1.0,1.0,0.0,0.0,0.0,0.0,5.0,5.0,5.0
22200362,1610612743,DEN,Denver,201599,DeAndre Jordan,DeAndre,,DNP - Coach's Decision,,,,,,,,,,,,,,,,,,,,
22200362,1610612743,DEN,Denver,1628432,Davon Reed,Davon,,DNP - Coach's Decision,,,,,,,,,,,,,,,,,,,,
22200362,1610612743,DEN,Denver,202397,Ish Smith,Ish,,DNP - Coach's Decision,,,,,,,,,,,,,,,,,,,,
22200362,1610612743,DEN,Denver,1631212,Peyton Watson,Peyton,,DNP - Coach's Decision,,,,,,,,,,,,,,,,,,,,
22200348,1610612739,CLE,Cleveland,1629603,Mamadi Diakite,Mamadi,F,,11:26,0.0,2.0,0.0,0.0,1.0,0.0,0.0,0.0,0.0,2.0,0.0,2.0,0.0,0.0,1.0,0.0,2.0,0.0,-10.0
22200348,1610612739,CLE,Cleveland,1630205,Lamar Stevens,Lamar,F,,26:59,4.0,7.0,0.571,0.0,1.0,0.0,0.0,0.0,0.0,0.0,6.0,6.0,0.0,2.0,0.0,0.0,0.0,8.0,0.0
22200348,1610612739,CLE,Cleveland,1630596,Evan Mobley,Evan,C,,39:00,4.0,9.0,0.444,0.0,1.0,0.0,3.0,5.0,0.6,5.0,5.0,10.0,3.0,0.0,4.0,1.0,1.0,11.0,1.0
22200348,1610612739,CLE,Cleveland,1629636,Darius Garland,Darius,G,,38:54,5.0,19.0,0.263,3.0,9.0,0.333,4.0,5.0,0.8,0.0,2.0,2.0,3.0,1.0,0.0,4.0,0.0,17.0,-17.0
22200348,1610612739,CLE,Cleveland,1628378,Donovan Mitchell,Donovan,G,,39:41,8.0,22.0,0.364,2.0,11.0,0.182,5.0,6.0,0.833,1.0,3.0,4.0,5.0,0.0,1.0,3.0,3.0,23.0,2.0
22200348,1610612739,CLE,Cleveland,1627747,Caris LeVert,Caris,,,16:14,1.0,4.0,0.25,0.0,1.0,0.0,2.0,2.0,1.0,0.0,4.0,4.0,1.0,1.0,0.0,3.0,2.0,4.0,-13.0
22200348,1610612739,CLE,Cleveland,201567,Kevin Love,Kevin,,,22:25,3.0,9.0,0.333,2.0,7.0,0.286,0.0,0.0,0.0,0.0,7.0,7.0,0.0,0.0,0.0,4.0,2.0,8.0,-6.0
22200348,1610612739,CLE,Cleveland,1626224,Cedi Osman,Cedi,,,29:36,4.0,8.0,0.5,1.0,3.0,0.333,1.0,2.0,0.5,0.0,4.0,4.0,4.0,3.0,0.0,1.0,0.0,10.0,5.0
22200348,1610612739,CLE,Cleveland,1630171,Isaac Okoro,Isaac,,,13:07,0.0,3.0,0.0,0.0,1.0,0.0,0.0,0.0,0.0,0.0,0.0,0.0,1.0,0.0,0.0,0.0,4.0,0.0,-10.0
22200348,1610612739,CLE,Cleveland,201577,Robin Lopez,Robin,,,2:38,0.0,0.0,0.0,0.0,0.0,0.0,0.0,0.0,0.0,0.0,0.0,0.0,0.0,0.0,0.0,1.0,1.0,0.0,-7.0
22200348,1610612739,CLE,Cleveland,203526,Raul Neto,Raul,,DNP - Coach's Decision,,,,,,,,,,,,,,,,,,,,
22200348,1610612752,NYK,New York,1629628,RJ Barrett,RJ,F,,31:21,5.0,13.0,0.385,2.0,7.0,0.286,3.0,4.0,0.75,0.0,8.0,8.0,1.0,1.0,0.0,6.0,2.0,15.0,7.0
22200348,1610612752,NYK,New York,203944,Julius Randle,Julius,F,,35:08,7.0,19.0,0.368,1.0,7.0,0.143,3.0,3.0,1.0,1.0,8.0,9.0,4.0,0.0,0.0,1.0,0.0,18.0,0.0
22200348,1610612752,NYK,New York,1629011,Mitchell Robinson,Mitchell,C,,33:34,2.0,2.0,1.0,0.0,0.0,0.0,1.0,2.0,0.5,3.0,8.0,11.0,0.0,3.0,1.0,1.0,3.0,5.0,-7.0
22200348,1610612752,NYK,New York,1628973,Jalen Brunson,Jalen,G,,32:16,7.0,16.0,0.438,2.0,4.0,0.5,7.0,8.0,0.875,0.0,2.0,2.0,4.0,0.0,1.0,3.0,1.0,23.0,3.0
22200348,1610612752,NYK,New York,1629656,Quentin Grimes,Quentin,G,,40:28,2.0,8.0,0.25,0.0,4.0,0.0,0.0,0.0,0.0,3.0,3.0,6.0,1.0,2.0,1.0,4.0,3.0,4.0,2.0
22200348,1610612752,NYK,New York,1630540,Miles McBride,Miles,,,15:44,0.0,4.0,0.0,0.0,4.0,0.0,0.0,0.0,0.0,0.0,0.0,0.0,2.0,0.0,0.0,1.0,2.0,0.0,8.0
22200348,1610612752,NYK,New York,1630193,Immanuel Quickley,Immanuel,,,24:11,6.0,8.0,0.75,0.0,0.0,0.0,0.0,0.0,0.0,1.0,4.0,5.0,2.0,0.0,0.0,3.0,2.0,12.0,13.0
22200348,1610612752,NYK,New York,1628392,Isaiah Hartenstein,Isaiah,,,14:20,4.0,9.0,0.444,0.0,0.0,0.0,2.0,2.0,1.0,6.0,3.0,9.0,1.0,0.0,0.0,1.0,2.0,10.0,16.0
22200348,1610612752,NYK,New York,1630167,Obi Toppin,Obi,,,12:58,2.0,7.0,0.286,0.0,3.0,0.0,1.0,2.0,0.5,0.0,4.0,4.0,2.0,0.0,0.0,0.0,1.0,5.0,13.0
22200348,1610612752,NYK,New York,203095,Evan Fournier,Evan,,DNP - Coach's Decision,,,,,,,,,,,,,,,,,,,,
22200348,1610612752,NYK,New York,1629004,Svi Mykhailiuk,Svi,,DNP - Coach's Decision,,,,,,,,,,,,,,,,,,,,
22200348,1610612752,NYK,New York,1629629,Cam Reddish,Cam,,DNP - Coach's Decision,,,,,,,,,,,,,,,,,,,,
22200348,1610612752,NYK,New York,201565,Derrick Rose,Derrick,,DNP - Coach's Decision,,,,,,,,,,,,,,,,,,,,
22200348,1610612752,NYK,New York,1630579,Jericho Sims,Jericho,,DNP - Coach's Decision,,,,,,,,,,,,,,,,,,,,
22200335,1610612754,IND,Indiana,1627741,Buddy Hield,Buddy,F,,25:22,2.0,8.0,0.25,1.0,4.0,0.25,1.0,1.0,1.0,0.0,0.0,0.0,1.0,1.0,0.0,4.0,2.0,6.0,-18.0
22200335,1610612754,IND,Indiana,1630188,Jalen Smith,Jalen,F,,19:49,4.0,11.0,0.364,1.0,5.0,0.2,5.0,5.0,1.0,2.0,1.0,3.0,0.0,0.0,2.0,2.0,4.0,14.0,-18.0
22200335,1610612754,IND,Indiana,1626167,Myles Turner,Myles,C,,26:04,7.0,9.0,0.778,2.0,4.0,0.5,2.0,2.0,1.0,0.0,4.0,4.0,1.0,1.0,1.0,3.0,3.0,18.0,-12.0
22200335,1610612754,IND,Indiana,1629614,Andrew Nembhard,Andrew,G,,35:27,4.0,10.0,0.4,2.0,5.0,0.4,3.0,3.0,1.0,2.0,2.0,4.0,10.0,2.0,0.0,2.0,5.0,13.0,-11.0
22200335,1610612754,IND,Indiana,1630169,Tyrese Haliburton,Tyrese,G,,30:31,5.0,16.0,0.313,3.0,9.0,0.333,1.0,2.0,0.5,0.0,6.0,6.0,4.0,2.0,0.0,3.0,1.0,14.0,-12.0
22200335,1610612754,IND,Indiana,1630543,Isaiah Jackson,Isaiah,,,12:31,3.0,5.0,0.6,1.0,1.0,1.0,1.0,2.0,0.5,1.0,3.0,4.0,2.0,0.0,1.0,2.0,4.0,8.0,-1.0
22200335,1610612754,IND,Indiana,1631097,Bennedict Mathurin,Bennedict,,,25:09,3.0,10.0,0.3,0.0,1.0,0.0,6.0,9.0,0.667,1.0,3.0,4.0,3.0,0.0,0.0,0.0,4.0,12.0,-23.0
22200335,1610612754,IND,Indiana,204456,T.J. McConnell,T.J.,,,21:21,5.0,7.0,0.714,0.0,0.0,0.0,1.0,1.0,1.0,1.0,2.0,3.0,1.0,0.0,0.0,1.0,3.0,11.0,-15.0
22200335,1610612754,IND,Indiana,1630174,Aaron Nesmith,Aaron,,,17:31,3.0,8.0,0.375,2.0,4.0,0.5,0.0,0.0,0.0,1.0,2.0,3.0,2.0,4.0,0.0,0.0,6.0,8.0,4.0
22200335,1610612754,IND,Indiana,1629052,Oshae Brissett,Oshae,,,14:46,2.0,4.0,0.5,0.0,0.0,0.0,7.0,8.0,0.875,1.0,1.0,2.0,1.0,1.0,1.0,1.0,2.0,11.0,5.0
22200335,1610612754,IND,Indiana,1631112,Kendall Brown,Kendall,,,7:18,2.0,2.0,1.0,0.0,0.0,0.0,0.0,0.0,0.0,0.0,1.0,1.0,0.0,1.0,0.0,0.0,1.0,4.0,1.0
22200335,1610612754,IND,Indiana,1630678,Terry Taylor,Terry,,,4:11,0.0,2.0,0.0,0.0,1.0,0.0,0.0,0.0,0.0,0.0,1.0,1.0,0.0,0.0,0.0,0.0,0.0,0.0,0.0
22200335,1610612754,IND,Indiana,1629048,Goga Bitadze,Goga,,DNP - Coach's Decision,,,,,,,,,,,,,,,,,,,,
22200335,1610612754,IND,Indiana,201949,James Johnson,James,,DNP - Coach's Decision,,,,,,,,,,,,,,,,,,,,
22200335,1610612762,UTA,Utah,1628374,Lauri Markkanen,Lauri,F,,33:13,8.0,15.0,0.533,5.0,9.0,0.556,3.0,4.0,0.75,2.0,11.0,13.0,3.0,1.0,0.0,1.0,1.0,24.0,19.0
22200335,1610612762,UTA,Utah,203482,Kelly Olynyk,Kelly,F,,21:41,2.0,4.0,0.5,1.0,3.0,0.333,5.0,5.0,1.0,1.0,3.0,4.0,1.0,2.0,0.0,4.0,6.0,10.0,-5.0
22200335,1610612762,UTA,Utah,1629020,Jarred Vanderbilt,Jarred,C,,20:20,4.0,5.0,0.8,0.0,0.0,0.0,0.0,0.0,0.0,0.0,6.0,6.0,2.0,1.0,0.0,3.0,2.0,8.0,11.0
22200335,1610612762,UTA,Utah,203903,Jordan Clarkson,Jordan,G,,28:57,6.0,12.0,0.5,1.0,3.0,0.333,6.0,8.0,0.75,0.0,1.0,1.0,3.0,1.0,0.0,5.0,3.0,19.0,22.0
22200335,1610612762,UTA,Utah,1629012,Collin Sexton,Collin,G,,27:43,5.0,10.0,0.5,0.0,0.0,0.0,8.0,8.0,1.0,0.0,0.0,0.0,5.0,0.0,0.0,3.0,3.0,18.0,-3.0
22200335,1610612762,UTA,Utah,1627736,Malik Beasley,Malik,,,30:21,6.0,15.0,0.4,4.0,11.0,0.364,0.0,0.0,0.0,1.0,4.0,5.0,1.0,0.0,0.0,2.0,1.0,16.0,23.0
22200335,1610612762,UTA,Utah,1629659,Talen Horton-Tucker,Talen,,,21:48,2.0,6.0,0.333,0.0,2.0,0.0,2.0,2.0,1.0,0.0,5.0,5.0,9.0,1.0,0.0,3.0,4.0,6.0,26.0
22200335,1610612762,UTA,Utah,1631117,Walker Kessler,Walker,,,24:56,7.0,7.0,1.0,0.0,0.0,0.0,6.0,8.0,0.75,4.0,7.0,11.0,1.0,0.0,2.0,1.0,4.0,20.0,4.0
22200335,1610612762,UTA,Utah,1631323,Simone Fontecchio,Simone,,,21:19,3.0,5.0,0.6,3.0,4.0,0.75,0.0,0.0,0.0,0.0,1.0,1.0,1.0,0.0,0.0,2.0,3.0,9.0,-2.0
22200335,1610612762,UTA,Utah,1630534,Ochai Agbaji,Ochai,,,3:29,2.0,2.0,1.0,1.0,1.0,1.0,0.0,0.0,0.0,0.0,0.0,0.0,0.0,1.0,0.0,0.0,1.0,5.0,0.0
22200335,1610612762,UTA,Utah,1629638,Nickeil Alexander-Walker,Nickeil,,,3:29,0.0,1.0,0.0,0.0,1.0,0.0,0.0,0.0,0.0,0.0,0.0,0.0,2.0,0.0,0.0,0.0,0.0,0.0,0.0
22200335,1610612762,UTA,Utah,1628962,Udoka Azubuike,Udoka,,,2:44,1.0,1.0,1.0,0.0,0.0,0.0,2.0,2.0,1.0,0.0,1.0,1.0,1.0,0.0,0.0,0.0,0.0,4.0,5.0
22200335,1610612762,UTA,Utah,1630195,Leandro Bolmaro,Leandro,,DNP - Coach's Decision,,,,,,,,,,,,,,,,,,,,
22200331,1610612747,LAL,Los Angeles,1629022,Lonnie Walker IV,Lonnie,F,,33:34,4.0,10.0,0.4,2.0,5.0,0.4,4.0,4.0,1.0,0.0,2.0,2.0,0.0,0.0,1.0,0.0,1.0,14.0,-3.0
22200331,1610612747,LAL,Los Angeles,2544,LeBron James,LeBron,F,,37:13,12.0,27.0,0.444,3.0,6.0,0.5,1.0,2.0,0.5,1.0,7.0,8.0,11.0,2.0,0.0,0.0,2.0,28.0,6.0
22200331,1610612747,LAL,Los Angeles,203076,Anthony Davis,Anthony,C,,39:38,18.0,27.0,0.667,2.0,3.0,0.667,6.0,7.0,0.857,2.0,8.0,10.0,4.0,0.0,3.0,0.0,2.0,44.0,5.0
22200331,1610612747,LAL,Los Angeles,1628972,Troy Brown Jr.,Troy,G,,24:18,4.0,5.0,0.8,1.0,2.0,0.5,0.0,0.0,0.0,1.0,3.0,4.0,0.0,3.0,0.0,1.0,1.0,9.0,-10.0
22200331,1610612747,LAL,Los Angeles,201976,Patrick Beverley,Patrick,G,,23:22,3.0,5.0,0.6,1.0,3.0,0.333,0.0,0.0,0.0,1.0,3.0,4.0,2.0,0.0,0.0,1.0,3.0,7.0,-7.0
22200331,1610612747,LAL,Los Angeles,201566,Russell Westbrook,Russell,,,28:34,6.0,11.0,0.545,0.0,2.0,0.0,3.0,7.0,0.429,2.0,5.0,7.0,11.0,0.0,0.0,0.0,4.0,15.0,4.0
22200331,1610612747,LAL,Los Angeles,1629117,Wenyen Gabriel,Wenyen,,,14:22,2.0,4.0,0.5,1.0,1.0,1.0,0.0,0.0,0.0,4.0,2.0,6.0,1.0,1.0,0.0,1.0,1.0,5.0,14.0
22200331,1610612747,LAL,Los Angeles,1630559,Austin Reaves,Austin,,,32:18,2.0,4.0,0.5,1.0,2.0,0.5,2.0,2.0,1.0,1.0,1.0,2.0,2.0,0.0,0.0,1.0,0.0,7.0,17.0
22200331,1610612747,LAL,Los Angeles,1629134,Kendrick Nunn,Kendrick,,,2:24,0.0,2.0,0.0,0.0,2.0,0.0,0.0,0.0,0.0,0.0,1.0,1.0,1.0,0.0,0.0,0.0,1.0,0.0,-1.0
22200331,1610612747,LAL,Los Angeles,1628418,Thomas Bryant,Thomas,,,4:17,1.0,1.0,1.0,0.0,0.0,0.0,2.0,2.0,1.0,0.0,0.0,0.0,0.0,0.0,0.0,0.0,1.0,4.0,-5.0
22200331,1610612747,LAL,Los Angeles,1631108,Max Christie,Max,,DNP - Coach's Decision,,,,,,,,,,,,,,,,,,,,
22200331,1610612747,LAL,Los Angeles,1627745,Damian Jones,Damian,,DNP - Coach's Decision,,,,,,,,,,,,,,,,,,,,
22200331,1610612747,LAL,Los Angeles,1629308,Juan Toscano-Anderson,Juan,,DNP - Coach's Decision,,,,,,,,,,,,,,,,,,,,
22200331,1610612749,MIL,Milwaukee,203114,Khris Middleton,Khris,F,,26:34,6.0,11.0,0.545,3.0,4.0,0.75,2.0,2.0,1.0,0.0,2.0,2.0,7.0,0.0,0.0,0.0,3.0,17.0,3.0
22200331,1610612749,MIL,Milwaukee,203507,Giannis Antetokounmpo,Giannis,F,,35:05,16.0,23.0,0.696,0.0,3.0,0.0,8.0,11.0,0.727,3.0,4.0,7.0,5.0,0.0,1.0,3.0,2.0,40.0,2.0
22200331,1610612749,MIL,Milwaukee,201572,Brook Lopez,Brook,C,,31:42,4.0,7.0,0.571,3.0,5.0,0.6,2.0,2.0,1.0,2.0,5.0,7.0,1.0,0.0,3.0,1.0,1.0,13.0,-6.0
22200331,1610612749,MIL,Milwaukee,1628960,Grayson Allen,Grayson,G,,28:05,3.0,6.0,0.5,2.0,4.0,0.5,0.0,0.0,0.0,0.0,5.0,5.0,1.0,0.0,0.0,1.0,2.0,8.0,1.0
22200331,1610612749,MIL,Milwaukee,201950,Jrue Holiday,Jrue,G,,39:20,11.0,20.0,0.55,6.0,12.0,0.5,0.0,0.0,0.0,0.0,6.0,6.0,9.0,1.0,0.0,2.0,2.0,28.0,-3.0
22200331,1610612749,MIL,Milwaukee,1626171,Bobby Portis,Bobby,,,21:30,7.0,13.0,0.538,1.0,4.0,0.25,0.0,0.0,0.0,4.0,6.0,10.0,2.0,0.0,0.0,0.0,2.0,15.0,-1.0
22200331,1610612749,MIL,Milwaukee,1628975,Jevon Carter,Jevon,,,20:18,0.0,2.0,0.0,0.0,2.0,0.0,0.0,0.0,0.0,0.0,1.0,1.0,0.0,1.0,1.0,2.0,2.0,0.0,-3.0
22200331,1610612749,MIL,Milwaukee,1626192,Pat Connaughton,Pat,,,18:34,3.0,10.0,0.3,2.0,7.0,0.286,0.0,0.0,0.0,1.0,1.0,2.0,2.0,0.0,0.0,0.0,1.0,8.0,-13.0
22200331,1610612749,MIL,Milwaukee,201588,George Hill,George,,,8:40,0.0,0.0,0.0,0.0,0.0,0.0,0.0,0.0,0.0,0.0,1.0,1.0,1.0,0.0,0.0,0.0,1.0,0.0,-1.0
22200331,1610612749,MIL,Milwaukee,202083,Wesley Matthews,Wesley,,,10:12,0.0,2.0,0.0,0.0,2.0,0.0,0.0,0.0,0.0,0.0,1.0,1.0,1.0,0.0,0.0,0.0,2.0,0.0,1.0
22200331,1610612749,MIL,Milwaukee,203648,Thanasis Antetokounmpo,Thanasis,,DNP - Coach's Decision,,,,,,,,,,,,,,,,,,,,
22200331,1610612749,MIL,Milwaukee,1631260,AJ Green,AJ,,DNP - Coach's Decision,,,,,,,,,,,,,,,,,,,,
22200331,1610612749,MIL,Milwaukee,1629670,Jordan Nwora,Jordan,,DNP - Coach's Decision,,,,,,,,,,,,,,,,,,,,
