GAME_ID,TEAM_ID,TEAM_ABBREVIATION,TEAM_CITY,PLAYER_ID,PLAYER_NAME,NICKNAME,START_POSITION,COMMENT,MIN,FGM,FGA,FG_PCT,FG3M,FG3A,FG3_PCT,FTM,FTA,FT_PCT,OREB,DREB,REB,AST,STL,BLK,TO,PF,PTS,PLUS_MINUS
22200767,1610612766,CHA,Charlotte,202330,Gordon Hayward,Gordon,F,,27:19,6.0,12.0,0.5,1.0,4.0,0.25,3.0,3.0,1.0,2.0,5.0,7.0,3.0,0.0,0.0,0.0,0.0,16.0,3.0
22200767,1610612766,CHA,Charlotte,1629023,P.J. Washington,P.J.,F,,37:32,5.0,13.0,0.385,2.0,7.0,0.286,2.0,2.0,1.0,1.0,6.0,7.0,3.0,1.0,1.0,1.0,5.0,14.0,3.0
22200767,1610612766,CHA,Charlotte,203486,Mason Plumlee,Mason,C,,31:25,7.0,12.0,0.583,0.0,0.0,0.0,0.0,2.0,0.0,5.0,9.0,14.0,5.0,0.0,1.0,2.0,3.0,14.0,2.0
22200767,1610612766,CHA,Charlotte,1626179,Terry Rozier,Terry,G,,35:24,6.0,20.0,0.3,2.0,9.0,0.222,6.0,6.0,1.0,0.0,7.0,7.0,3.0,1.0,0.0,2.0,2.0,20.0,-11.0
22200767,1610612766,CHA,Charlotte,1630163,LaMelo Ball,LaMelo,G,,39:55,10.0,26.0,0.385,3.0,9.0,0.333,4.0,6.0,0.667,5.0,5.0,10.0,11.0,3.0,3.0,4.0,5.0,27.0,-5.0
22200767,1610612766,CHA,Charlotte,1629667,Jalen McDaniels,Jalen,,,24:36,5.0,13.0,0.385,3.0,7.0,0.429,2.0,3.0,0.667,1.0,5.0,6.0,1.0,1.0,0.0,2.0,3.0,15.0,-10.0
22200767,1610612766,CHA,Charlotte,1631109,Mark Williams,Mark,,,16:35,1.0,5.0,0.2,0.0,0.0,0.0,3.0,4.0,0.75,4.0,3.0,7.0,0.0,0.0,1.0,0.0,4.0,5.0,-11.0
22200767,1610612766,CHA,Charlotte,1628372,Dennis Smith Jr.,Dennis,,,17:29,1.0,8.0,0.125,0.0,2.0,0.0,0.0,0.0,0.0,0.0,3.0,3.0,1.0,0.0,0.0,0.0,2.0,2.0,-6.0
22200767,1610612766,CHA,Charlotte,1630550,JT Thor,JT,,,9:45,1.0,2.0,0.5,0.0,1.0,0.0,0.0,0.0,0.0,0.0,1.0,1.0,0.0,0.0,0.0,0.0,0.0,2.0,-10.0
22200767,1610612766,CHA,Charlotte,1631121,Bryce McGowens,Bryce,,DNP - Coach's Decision,,,,,,,,,,,,,,,,,,,,
22200767,1610612766,CHA,Charlotte,1626162,Kelly Oubre Jr.,Kelly,,DNP - Injury/Illness,,,,,,,,,,,,,,,,,,,,
22200767,1610612766,CHA,Charlotte,1630208,Nick Richards,Nick,,DNP - Coach's Decision,,,,,,,,,,,,,,,,,,,,
22200767,1610612749,MIL,Milwaukee,1626192,Pat Connaughton,Pat,F,,29:06,3.0,12.0,0.25,1.0,8.0,0.125,1.0,2.0,0.5,2.0,5.0,7.0,3.0,1.0,1.0,0.0,0.0,8.0,-9.0
22200767,1610612749,MIL,Milwaukee,203507,Giannis Antetokounmpo,Giannis,F,,35:35,14.0,24.0,0.583,1.0,3.0,0.333,5.0,6.0,0.833,3.0,15.0,18.0,4.0,0.0,0.0,4.0,3.0,34.0,-7.0
22200767,1610612749,MIL,Milwaukee,201572,Brook Lopez,Brook,C,,27:30,3.0,10.0,0.3,0.0,3.0,0.0,2.0,2.0,1.0,0.0,11.0,11.0,2.0,0.0,5.0,2.0,6.0,8.0,7.0
22200767,1610612749,MIL,Milwaukee,1628960,Grayson Allen,Grayson,G,,30:38,4.0,9.0,0.444,4.0,9.0,0.444,0.0,0.0,0.0,2.0,1.0,3.0,0.0,2.0,0.0,2.0,2.0,12.0,-3.0
22200767,1610612749,MIL,Milwaukee,201950,Jrue Holiday,Jrue,G,,36:12,6.0,20.0,0.3,1.0,4.0,0.25,2.0,3.0,0.667,6.0,7.0,13.0,3.0,2.0,0.0,0.0,1.0,15.0,-1.0
22200767,1610612749,MIL,Milwaukee,204060,Joe Ingles,Joe,,,21:49,2.0,5.0,0.4,1.0,2.0,0.5,3.0,4.0,0.75,0.0,3.0,3.0,1.0,1.0,0.0,1.0,2.0,8.0,9.0
22200767,1610612749,MIL,Milwaukee,202083,Wesley Matthews,Wesley,,,16:27,3.0,6.0,0.5,3.0,5.0,0.6,2.0,2.0,1.0,3.0,3.0,6.0,1.0,0.0,1.0,0.0,2.0,11.0,28.0
22200767,1610612749,MIL,Milwaukee,203114,Khris Middleton,Khris,,,19:53,4.0,10.0,0.4,2.0,4.0,0.5,8.0,8.0,1.0,0.0,3.0,3.0,3.0,1.0,0.0,3.0,2.0,18.0,13.0
22200767,1610612749,MIL,Milwaukee,1628975,Jevon Carter,Jevon,,,17:13,3.0,5.0,0.6,2.0,4.0,0.5,0.0,0.0,0.0,0.0,2.0,2.0,1.0,0.0,1.0,0.0,3.0,8.0,14.0
22200767,1610612749,MIL,Milwaukee,1629670,Jordan Nwora,Jordan,,,5:38,1.0,4.0,0.25,0.0,2.0,0.0,0.0,0.0,0.0,0.0,0.0,0.0,0.0,0.0,0.0,0.0,0.0,2.0,-6.0
22200767,1610612749,MIL,Milwaukee,203648,Thanasis Antetokounmpo,Thanasis,,DNP - Coach's Decision,,,,,,,,,,,,,,,,,,,,
22200767,1610612749,MIL,Milwaukee,1630699,MarJon Beauchamp,MarJon,,DNP - Coach's Decision,,,,,,,,,,,,,,,,,,,,
22200767,1610612749,MIL,Milwaukee,201588,George Hill,George,,DNP - Coach's Decision,,,,,,,,,,,,,,,,,,,,
22200767,1610612749,MIL,Milwaukee,1630572,Sandro Mamukelashvili,Sandro,,DNP - Coach's Decision,,,,,,,,,,,,,,,,,,,,
22200765,1610612747,LAL,Los Angeles,1629060,Rui Hachimura,Rui,F,,40:26,8.0,12.0,0.667,2.0,4.0,0.5,1.0,2.0,0.5,3.0,6.0,9.0,0.0,0.0,1.0,0.0,4.0,19.0,4.0
22200765,1610612747,LAL,Los Angeles,2544,LeBron James,LeBron,F,,42:56,11.0,25.0,0.44,2.0,8.0,0.25,4.0,7.0,0.571,1.0,9.0,10.0,11.0,1.0,0.0,5.0,2.0,28.0,22.0
22200765,1610612747,LAL,Los Angeles,203076,Anthony Davis,Anthony,C,,36:53,9.0,16.0,0.563,0.0,1.0,0.0,9.0,11.0,0.818,2.0,7.0,9.0,1.0,2.0,0.0,5.0,3.0,27.0,16.0
22200765,1610612747,LAL,Los Angeles,1628972,Troy Brown Jr.,Troy,G,,34:10,3.0,8.0,0.375,2.0,6.0,0.333,1.0,1.0,1.0,2.0,3.0,5.0,3.0,0.0,0.0,1.0,2.0,9.0,-9.0
22200765,1610612747,LAL,Los Angeles,203471,Dennis Schröder,Dennis,G,,32:19,4.0,7.0,0.571,2.0,3.0,0.667,2.0,2.0,1.0,0.0,1.0,1.0,6.0,0.0,0.0,1.0,3.0,12.0,20.0
22200765,1610612747,LAL,Los Angeles,1628418,Thomas Bryant,Thomas,,,16:03,3.0,3.0,1.0,0.0,0.0,0.0,3.0,3.0,1.0,0.0,1.0,1.0,0.0,0.0,0.0,0.0,0.0,9.0,-10.0
22200765,1610612747,LAL,Los Angeles,201566,Russell Westbrook,Russell,,,36:13,7.0,13.0,0.538,1.0,4.0,0.25,2.0,5.0,0.4,3.0,3.0,6.0,8.0,3.0,0.0,1.0,4.0,17.0,-5.0
22200765,1610612747,LAL,Los Angeles,1629022,Lonnie Walker IV,Lonnie,,,13:22,1.0,6.0,0.167,0.0,4.0,0.0,0.0,0.0,0.0,0.0,1.0,1.0,0.0,0.0,0.0,1.0,0.0,2.0,-10.0
22200765,1610612747,LAL,Los Angeles,1631108,Max Christie,Max,,,12:38,2.0,3.0,0.667,2.0,3.0,0.667,0.0,0.0,0.0,0.0,2.0,2.0,0.0,0.0,0.0,0.0,5.0,6.0,2.0
22200765,1610612747,LAL,Los Angeles,1629117,Wenyen Gabriel,Wenyen,,DNP - Coach's Decision,,,,,,,,,,,,,,,,,,,,
22200765,1610612747,LAL,Los Angeles,1627745,Damian Jones,Damian,,DNP - Coach's Decision,,,,,,,,,,,,,,,,,,,,
22200765,1610612747,LAL,Los Angeles,1629308,Juan Toscano-Anderson,Juan,,DNP - Coach's Decision,,,,,,,,,,,,,,,,,,,,
22200765,1610612752,NYK,New York,1629628,RJ Barrett,RJ,F,,27:14,5.0,13.0,0.385,0.0,3.0,0.0,3.0,4.0,0.75,0.0,3.0,3.0,2.0,0.0,0.0,1.0,3.0,13.0,-6.0
22200765,1610612752,NYK,New York,203944,Julius Randle,Julius,F,,43:02,6.0,19.0,0.316,2.0,9.0,0.222,9.0,11.0,0.818,2.0,10.0,12.0,5.0,0.0,0.0,4.0,4.0,23.0,-9.0
22200765,1610612752,NYK,New York,1630579,Jericho Sims,Jericho,C,,13:03,0.0,0.0,0.0,0.0,0.0,0.0,0.0,0.0,0.0,1.0,2.0,3.0,1.0,1.0,1.0,0.0,4.0,0.0,-16.0
22200765,1610612752,NYK,New York,1628973,Jalen Brunson,Jalen,G,,43:47,13.0,29.0,0.448,2.0,7.0,0.286,9.0,9.0,1.0,1.0,1.0,2.0,6.0,1.0,1.0,2.0,2.0,37.0,-7.0
22200765,1610612752,NYK,New York,1629656,Quentin Grimes,Quentin,G,,40:15,6.0,12.0,0.5,0.0,5.0,0.0,0.0,0.0,0.0,1.0,3.0,4.0,3.0,2.0,0.0,0.0,2.0,12.0,-9.0
22200765,1610612752,NYK,New York,1630193,Immanuel Quickley,Immanuel,,,38:31,6.0,12.0,0.5,2.0,6.0,0.333,5.0,6.0,0.833,1.0,2.0,3.0,8.0,1.0,0.0,1.0,2.0,19.0,3.0
22200765,1610612752,NYK,New York,1628392,Isaiah Hartenstein,Isaiah,,,39:57,7.0,10.0,0.7,0.0,1.0,0.0,2.0,2.0,1.0,7.0,6.0,13.0,1.0,0.0,0.0,0.0,5.0,16.0,10.0
22200765,1610612752,NYK,New York,1630167,Obi Toppin,Obi,,,9:59,1.0,2.0,0.5,1.0,2.0,0.5,0.0,0.0,0.0,0.0,5.0,5.0,0.0,0.0,0.0,1.0,2.0,3.0,3.0
22200765,1610612752,NYK,New York,1630540,Miles McBride,Miles,,,9:13,0.0,1.0,0.0,0.0,1.0,0.0,0.0,0.0,0.0,0.0,0.0,0.0,1.0,1.0,1.0,0.0,0.0,0.0,1.0
22200765,1610612752,NYK,New York,1627853,Ryan Arcidiacono,Ryan,,DNP - Coach's Decision,,,,,,,,,,,,,,,,,,,,
22200765,1610612752,NYK,New York,203095,Evan Fournier,Evan,,DNP - Coach's Decision,,,,,,,,,,,,,,,,,,,,
22200765,1610612752,NYK,New York,1629004,Svi Mykhailiuk,Svi,,DNP - Coach's Decision,,,,,,,,,,,,,,,,,,,,
22200765,1610612752,NYK,New York,1629629,Cam Reddish,Cam,,DNP - Coach's Decision,,,,,,,,,,,,,,,,,,,,
22200765,1610612752,NYK,New York,201565,Derrick Rose,Derrick,,DNP - Coach's Decision,,,,,,,,,,,,,,,,,,,,
22200768,1610612740,NOP,New Orleans,1630530,Trey Murphy III,Trey,F,,31:43,6.0,11.0,0.545,1.0,5.0,0.2,1.0,1.0,1.0,0.0,3.0,3.0,1.0,2.0,0.0,0.0,2.0,14.0,-11.0
22200768,1610612740,NOP,New Orleans,1627742,Brandon Ingram,Brandon,F,,32:56,5.0,17.0,0.294,1.0,4.0,0.25,5.0,6.0,0.833,0.0,4.0,4.0,9.0,1.0,1.0,4.0,3.0,16.0,-21.0
22200768,1610612740,NOP,New Orleans,202685,Jonas Valančiūnas,Jonas,C,,18:59,5.0,9.0,0.556,0.0,0.0,0.0,0.0,1.0,0.0,2.0,4.0,6.0,2.0,0.0,0.0,1.0,2.0,10.0,-15.0
22200768,1610612740,NOP,New Orleans,1630529,Herbert Jones,Herbert,G,,36:40,6.0,8.0,0.75,2.0,4.0,0.5,7.0,8.0,0.875,2.0,2.0,4.0,4.0,5.0,0.0,2.0,4.0,21.0,-25.0
22200768,1610612740,NOP,New Orleans,203468,CJ McCollum,CJ,G,,38:46,7.0,19.0,0.368,2.0,6.0,0.333,5.0,5.0,1.0,0.0,2.0,2.0,7.0,1.0,0.0,3.0,2.0,21.0,-5.0
22200768,1610612740,NOP,New Orleans,1628984,Devonte' Graham,Devonte',,,12:42,2.0,5.0,0.4,1.0,4.0,0.25,0.0,0.0,0.0,0.0,0.0,0.0,0.0,1.0,1.0,0.0,1.0,5.0,0.0
22200768,1610612740,NOP,New Orleans,1626195,Willy Hernangomez,Willy,,,9:18,3.0,3.0,1.0,0.0,0.0,0.0,0.0,0.0,0.0,0.0,2.0,2.0,0.0,0.0,0.0,0.0,1.0,6.0,1.0
22200768,1610612740,NOP,New Orleans,1630230,Naji Marshall,Naji,,,24:05,1.0,3.0,0.333,0.0,1.0,0.0,2.0,2.0,1.0,1.0,2.0,3.0,2.0,0.0,0.0,2.0,1.0,4.0,14.0
22200768,1610612740,NOP,New Orleans,1626204,Larry Nance Jr.,Larry,,,21:16,6.0,7.0,0.857,0.0,0.0,0.0,1.0,2.0,0.5,3.0,8.0,11.0,1.0,2.0,0.0,1.0,5.0,13.0,7.0
22200768,1610612740,NOP,New Orleans,1630631,Jose Alvarado,Jose,,,13:36,1.0,3.0,0.333,1.0,3.0,0.333,0.0,0.0,0.0,0.0,1.0,1.0,2.0,1.0,0.0,2.0,3.0,3.0,10.0
22200768,1610612740,NOP,New Orleans,1629637,Jaxson Hayes,Jaxson,,DNP - Coach's Decision,,,,,,,,,,,,,,,,,,,,
22200768,1610612740,NOP,New Orleans,1630184,Kira Lewis Jr.,Kira,,DNP - Coach's Decision,,,,,,,,,,,,,,,,,,,,
22200768,1610612740,NOP,New Orleans,202066,Garrett Temple,Garrett,,DNP - Coach's Decision,,,,,,,,,,,,,,,,,,,,
22200768,1610612743,DEN,Denver,1629008,Michael Porter Jr.,Michael,F,,30:18,5.0,12.0,0.417,3.0,6.0,0.5,0.0,0.0,0.0,3.0,2.0,5.0,1.0,1.0,0.0,2.0,4.0,13.0,18.0
22200768,1610612743,DEN,Denver,203932,Aaron Gordon,Aaron,F,,35:57,6.0,12.0,0.5,1.0,3.0,0.333,2.0,5.0,0.4,2.0,4.0,6.0,6.0,0.0,0.0,0.0,3.0,15.0,22.0
22200768,1610612743,DEN,Denver,203999,Nikola Jokić,Nikola,C,,37:59,10.0,14.0,0.714,1.0,3.0,0.333,5.0,5.0,1.0,1.0,17.0,18.0,15.0,1.0,1.0,5.0,2.0,26.0,20.0
22200768,1610612743,DEN,Denver,203484,Kentavious Caldwell-Pope,Kentavious,G,,38:24,5.0,11.0,0.455,3.0,7.0,0.429,2.0,2.0,1.0,2.0,3.0,5.0,1.0,4.0,2.0,0.0,1.0,15.0,16.0
22200768,1610612743,DEN,Denver,1627750,Jamal Murray,Jamal,G,,35:44,10.0,21.0,0.476,7.0,12.0,0.583,5.0,5.0,1.0,1.0,4.0,5.0,6.0,0.0,0.0,5.0,1.0,32.0,18.0
22200768,1610612743,DEN,Denver,1628971,Bruce Brown,Bruce,,,20:37,2.0,6.0,0.333,1.0,4.0,0.25,2.0,2.0,1.0,0.0,0.0,0.0,2.0,1.0,0.0,4.0,3.0,7.0,-12.0
22200768,1610612743,DEN,Denver,201145,Jeff Green,Jeff,,,18:35,3.0,5.0,0.6,0.0,0.0,0.0,2.0,3.0,0.667,0.0,0.0,0.0,1.0,0.0,0.0,0.0,2.0,8.0,-15.0
22200768,1610612743,DEN,Denver,1630538,Bones Hyland,Bones,,,4:43,0.0,2.0,0.0,0.0,1.0,0.0,2.0,2.0,1.0,0.0,0.0,0.0,1.0,0.0,0.0,1.0,1.0,2.0,-8.0
22200768,1610612743,DEN,Denver,1630192,Zeke Nnaji,Zeke,,,3:29,0.0,1.0,0.0,0.0,0.0,0.0,0.0,0.0,0.0,0.0,0.0,0.0,0.0,0.0,0.0,0.0,1.0,0.0,-9.0
22200768,1610612743,DEN,Denver,1631128,Christian Braun,Christian,,,14:14,2.0,3.0,0.667,0.0,0.0,0.0,0.0,0.0,0.0,1.0,4.0,5.0,0.0,0.0,0.0,1.0,3.0,4.0,-5.0
22200768,1610612743,DEN,Denver,1628427,Vlatko Čančar,Vlatko,,DNP - Coach's Decision,,,,,,,,,,,,,,,,,,,,
22200768,1610612743,DEN,Denver,201599,DeAndre Jordan,DeAndre,,DNP - Coach's Decision,,,,,,,,,,,,,,,,,,,,
22200768,1610612743,DEN,Denver,1628432,Davon Reed,Davon,,DNP - Coach's Decision,,,,,,,,,,,,,,,,,,,,
22200768,1610612743,DEN,Denver,202397,Ish Smith,Ish,,DNP - Coach's Decision,,,,,,,,,,,,,,,,,,,,
22200768,1610612743,DEN,Denver,1631212,Peyton Watson,Peyton,,DNP - Coach's Decision,,,,,,,,,,,,,,,,,,,,
22200764,1610612748,MIA,Miami,202710,Jimmy Butler III,Jimmy,F,,34:18,6.0,16.0,0.375,1.0,4.0,0.25,10.0,15.0,0.667,0.0,1.0,1.0,5.0,3.0,1.0,2.0,0.0,23.0,0.0
22200764,1610612748,MIA,Miami,1628997,Caleb Martin,Caleb,F,,34:21,7.0,8.0,0.875,4.0,5.0,0.8,0.0,0.0,0.0,1.0,9.0,10.0,1.0,0.0,0.0,1.0,3.0,18.0,-7.0
22200764,1610612748,MIA,Miami,1628389,Bam Adebayo,Bam,C,,37:13,7.0,13.0,0.538,0.0,0.0,0.0,4.0,6.0,0.667,4.0,7.0,11.0,1.0,0.0,0.0,0.0,3.0,18.0,-6.0
22200764,1610612748,MIA,Miami,1629639,Tyler Herro,Tyler,G,,37:33,6.0,15.0,0.4,3.0,6.0,0.5,3.0,3.0,1.0,0.0,5.0,5.0,3.0,0.0,0.0,3.0,0.0,18.0,6.0
22200764,1610612748,MIA,Miami,200768,Kyle Lowry,Kyle,G,,23:57,2.0,5.0,0.4,2.0,5.0,0.4,0.0,0.0,0.0,2.0,1.0,3.0,2.0,1.0,0.0,3.0,3.0,6.0,-5.0
22200764,1610612748,MIA,Miami,1631115,Orlando Robinson,Orlando,,,10:41,1.0,4.0,0.25,0.0,0.0,0.0,1.0,1.0,1.0,2.0,1.0,3.0,1.0,0.0,2.0,0.0,1.0,3.0,9.0
22200764,1610612748,MIA,Miami,203506,Victor Oladipo,Victor,,,27:24,2.0,8.0,0.25,1.0,4.0,0.25,0.0,0.0,0.0,0.0,7.0,7.0,6.0,3.0,0.0,3.0,1.0,5.0,4.0
22200764,1610612748,MIA,Miami,1629216,Gabe Vincent,Gabe,,,20:53,3.0,8.0,0.375,3.0,6.0,0.5,0.0,0.0,0.0,0.0,2.0,2.0,1.0,0.0,0.0,0.0,5.0,9.0,11.0
22200764,1610612748,MIA,Miami,1629622,Max Strus,Max,,,13:41,0.0,1.0,0.0,0.0,1.0,0.0,0.0,0.0,0.0,0.0,3.0,3.0,1.0,0.0,0.0,1.0,1.0,0.0,3.0
22200764,1610612748,MIA,Miami,203473,Dewayne Dedmon,Dewayne,,DNP - Coach's Decision,,,,,,,,,,,,,,,,,,,,
22200764,1610612748,MIA,Miami,2617,Udonis Haslem,Udonis,,DNP - Coach's Decision,,,,,,,,,,,,,,,,,,,,
22200764,1610612748,MIA,Miami,1629312,Haywood Highsmith,Haywood,,DNP - Coach's Decision,,,,,,,,,,,,,,,,,,,,
22200764,1610612739,CLE,Cleveland,1630171,Isaac Okoro,Isaac,F,,25:01,2.0,4.0,0.5,1.0,2.0,0.5,0.0,0.0,0.0,1.0,3.0,4.0,4.0,0.0,1.0,3.0,3.0,5.0,-4.0
22200764,1610612739,CLE,Cleveland,1630596,Evan Mobley,Evan,F,,38:21,9.0,15.0,0.6,0.0,2.0,0.0,1.0,2.0,0.5,1.0,6.0,7.0,4.0,0.0,2.0,0.0,3.0,19.0,16.0
22200764,1610612739,CLE,Cleveland,1628386,Jarrett Allen,Jarrett,C,,34:04,6.0,8.0,0.75,0.0,0.0,0.0,2.0,3.0,0.667,1.0,10.0,11.0,0.0,2.0,1.0,2.0,2.0,14.0,-17.0
22200764,1610612739,CLE,Cleveland,1628378,Donovan Mitchell,Donovan,G,,37:10,6.0,17.0,0.353,3.0,13.0,0.231,1.0,2.0,0.5,1.0,2.0,3.0,9.0,4.0,0.0,2.0,3.0,16.0,2.0
22200764,1610612739,CLE,Cleveland,1629636,Darius Garland,Darius,G,,30:49,7.0,13.0,0.538,2.0,7.0,0.286,0.0,0.0,0.0,0.0,1.0,1.0,5.0,1.0,0.0,3.0,5.0,16.0,6.0
22200764,1610612739,CLE,Cleveland,1629731,Dean Wade,Dean,,,21:21,2.0,6.0,0.333,1.0,4.0,0.25,0.0,0.0,0.0,0.0,3.0,3.0,2.0,1.0,0.0,1.0,1.0,5.0,0.0
22200764,1610612739,CLE,Cleveland,1627747,Caris LeVert,Caris,,,28:56,5.0,12.0,0.417,2.0,6.0,0.333,2.0,3.0,0.667,1.0,4.0,5.0,3.0,0.0,2.0,1.0,2.0,14.0,-19.0
22200764,1610612739,CLE,Cleveland,201937,Ricky Rubio,Ricky,,,17:16,3.0,6.0,0.5,2.0,4.0,0.5,0.0,2.0,0.0,0.0,5.0,5.0,5.0,1.0,0.0,1.0,1.0,8.0,6.0
22200764,1610612739,CLE,Cleveland,1626224,Cedi Osman,Cedi,,,7:02,0.0,2.0,0.0,0.0,2.0,0.0,0.0,0.0,0.0,0.0,0.0,0.0,0.0,0.0,0.0,0.0,0.0,0.0,-5.0
22200764,1610612739,CLE,Cleveland,201577,Robin Lopez,Robin,,DNP - Coach's Decision,,,,,,,,,,,,,,,,,,,,
22200764,1610612739,CLE,Cleveland,201567,Kevin Love,Kevin,,DNP - Coach's Decision,,,,,,,,,,,,,,,,,,,,
22200764,1610612739,CLE,Cleveland,203526,Raul Neto,Raul,,DNP - Coach's Decision,,,,,,,,,,,,,,,,,,,,
22200764,1610612739,CLE,Cleveland,1630205,Lamar Stevens,Lamar,,DNP - Coach's Decision,,,,,,,,,,,,,,,,,,,,
22200766,1610612746,LAC,LA,202331,Paul George,Paul,F,,39:40,7.0,16.0,0.438,2.0,8.0,0.25,0.0,0.0,0.0,3.0,7.0,10.0,7.0,2.0,0.0,5.0,4.0,16.0,4.0
22200766,1610612746,LAC,LA,202695,Kawhi Leonard,Kawhi,F,,39:51,11.0,24.0,0.458,3.0,6.0,0.5,8.0,9.0,0.889,2.0,2.0,4.0,5.0,5.0,2.0,1.0,0.0,33.0,10.0
22200766,1610612746,LAC,LA,1627826,Ivica Zubac,Ivica,C,,28:00,6.0,7.0,0.857,0.0,0.0,0.0,2.0,5.0,0.4,3.0,9.0,12.0,1.0,0.0,3.0,0.0,2.0,14.0,15.0
22200766,1610612746,LAC,LA,1628379,Luke Kennard,Luke,G,,17:06,0.0,6.0,0.0,0.0,5.0,0.0,0.0,0.0,0.0,0.0,4.0,4.0,1.0,0.0,0.0,0.0,2.0,0.0,-11.0
22200766,1610612746,LAC,LA,1629611,Terance Mann,Terance,G,,20:33,1.0,6.0,0.167,1.0,3.0,0.333,2.0,2.0,1.0,0.0,0.0,0.0,1.0,2.0,0.0,1.0,3.0,5.0,-8.0
22200766,1610612746,LAC,LA,201587,Nicolas Batum,Nicolas,,,26:56,2.0,10.0,0.2,2.0,9.0,0.222,0.0,0.0,0.0,2.0,3.0,5.0,1.0,2.0,0.0,0.0,2.0,6.0,-1.0
22200766,1610612746,LAC,LA,1626181,Norman Powell,Norman,,,32:59,7.0,11.0,0.636,3.0,7.0,0.429,10.0,10.0,1.0,0.0,4.0,4.0,4.0,2.0,0.0,0.0,3.0,27.0,10.0
22200766,1610612746,LAC,LA,202704,Reggie Jackson,Reggie,,,27:21,1.0,9.0,0.111,0.0,3.0,0.0,0.0,0.0,0.0,1.0,3.0,4.0,4.0,1.0,0.0,0.0,0.0,2.0,13.0
22200766,1610612746,LAC,LA,203496,Robert Covington,Robert,,,7:34,2.0,4.0,0.5,1.0,3.0,0.333,0.0,0.0,0.0,0.0,1.0,1.0,0.0,1.0,1.0,1.0,0.0,5.0,-7.0
22200766,1610612746,LAC,LA,1630527,Brandon Boston,Brandon,,DNP - Coach's Decision,,,,,,,,,,,,,,,,,,,,
22200766,1610612746,LAC,LA,1629599,Amir Coffey,Amir,,DNP - Coach's Decision,,,,,,,,,,,,,,,,,,,,
22200766,1610612746,LAC,LA,1631217,Moussa Diabaté,Moussa,,DNP - Coach's Decision,,,,,,,,,,,,,,,,,,,,
22200766,1610612746,LAC,LA,1630554,Jason Preston,Jason,,DNP - Coach's Decision,,,,,,,,,,,,,,,,,,,,
22200766,1610612741,CHI,Chicago,201942,DeMar DeRozan,DeMar,F,,35:51,8.0,19.0,0.421,0.0,2.0,0.0,4.0,6.0,0.667,0.0,2.0,2.0,5.0,1.0,1.0,8.0,3.0,20.0,2.0
22200766,1610612741,CHI,Chicago,1630172,Patrick Williams,Patrick,F,,32:45,4.0,8.0,0.5,1.0,3.0,0.333,2.0,2.0,1.0,0.0,6.0,6.0,1.0,0.0,1.0,1.0,2.0,11.0,-7.0
22200766,1610612741,CHI,Chicago,202696,Nikola Vučević,Nikola,C,,38:40,10.0,15.0,0.667,3.0,6.0,0.5,0.0,0.0,0.0,0.0,14.0,14.0,4.0,2.0,0.0,0.0,3.0,23.0,10.0
22200766,1610612741,CHI,Chicago,203897,Zach LaVine,Zach,G,,38:56,6.0,14.0,0.429,3.0,5.0,0.6,3.0,5.0,0.6,0.0,14.0,14.0,8.0,1.0,1.0,6.0,3.0,18.0,-7.0
22200766,1610612741,CHI,Chicago,1630245,Ayo Dosunmu,Ayo,G,,26:54,4.0,7.0,0.571,1.0,1.0,1.0,2.0,2.0,1.0,2.0,1.0,3.0,4.0,0.0,0.0,2.0,1.0,11.0,4.0
22200766,1610612741,CHI,Chicago,1629632,Coby White,Coby,,,18:02,3.0,8.0,0.375,2.0,4.0,0.5,0.0,0.0,0.0,1.0,3.0,4.0,0.0,0.0,0.0,1.0,2.0,8.0,-2.0
22200766,1610612741,CHI,Chicago,1627884,Derrick Jones Jr.,Derrick,,,16:15,0.0,2.0,0.0,0.0,1.0,0.0,0.0,0.0,0.0,1.0,0.0,1.0,0.0,0.0,1.0,1.0,1.0,0.0,-16.0
22200766,1610612741,CHI,Chicago,1627936,Alex Caruso,Alex,,,22:45,3.0,3.0,1.0,2.0,2.0,1.0,2.0,2.0,1.0,0.0,2.0,2.0,3.0,2.0,2.0,1.0,2.0,10.0,5.0
22200766,1610612741,CHI,Chicago,201609,Goran Dragic,Goran,,,6:21,0.0,1.0,0.0,0.0,0.0,0.0,0.0,0.0,0.0,0.0,0.0,0.0,1.0,0.0,0.0,0.0,1.0,0.0,-12.0
22200766,1610612741,CHI,Chicago,203083,Andre Drummond,Andre,,,3:31,0.0,0.0,0.0,0.0,0.0,0.0,2.0,4.0,0.5,2.0,3.0,5.0,0.0,0.0,0.0,0.0,1.0,2.0,-2.0
22200766,1610612741,CHI,Chicago,1628396,Tony Bradley,Tony,,DNP - Coach's Decision,,,,,,,,,,,,,,,,,,,,
22200766,1610612741,CHI,Chicago,1630792,Malcolm Hill,Malcolm,,DNP - Coach's Decision,,,,,,,,,,,,,,,,,,,,
22200766,1610612741,CHI,Chicago,1630637,Carlik Jones,Carlik,,DNP - Coach's Decision,,,,,,,,,,,,,,,,,,,,
22200766,1610612741,CHI,Chicago,1630250,Marko Simonovic,Marko,,DNP - Coach's Decision,,,,,,,,,,,,,,,,,,,,
22200766,1610612741,CHI,Chicago,1631207,Dalen Terry,Dalen,,DNP - Coach's Decision,,,,,,,,,,,,,,,,,,,,
22200759,1610612744,GSW,Golden State,202691,Klay Thompson,Klay,F,,36:50,10.0,21.0,0.476,6.0,14.0,0.429,2.0,2.0,1.0,0.0,7.0,7.0,3.0,1.0,0.0,2.0,2.0,28.0,4.0
22200759,1610612744,GSW,Golden State,203952,Andrew Wiggins,Andrew,F,,32:15,7.0,13.0,0.538,1.0,4.0,0.25,0.0,0.0,0.0,0.0,4.0,4.0,1.0,1.0,2.0,1.0,4.0,15.0,10.0
22200759,1610612744,GSW,Golden State,203110,Draymond Green,Draymond,C,,31:23,3.0,4.0,0.75,0.0,1.0,0.0,1.0,2.0,0.5,1.0,8.0,9.0,12.0,2.0,0.0,3.0,3.0,7.0,2.0
22200759,1610612744,GSW,Golden State,1629673,Jordan Poole,Jordan,G,,30:55,4.0,12.0,0.333,2.0,6.0,0.333,5.0,8.0,0.625,0.0,0.0,0.0,4.0,2.0,0.0,2.0,1.0,15.0,10.0
22200759,1610612744,GSW,Golden State,201939,Stephen Curry,Stephen,G,,36:37,12.0,20.0,0.6,8.0,14.0,0.571,6.0,6.0,1.0,1.0,7.0,8.0,12.0,0.0,1.0,4.0,0.0,38.0,17.0
22200759,1610612744,GSW,Golden State,1626172,Kevon Looney,Kevon,,,22:32,3.0,5.0,0.6,0.0,0.0,0.0,2.0,2.0,1.0,4.0,2.0,6.0,0.0,0.0,1.0,0.0,1.0,8.0,-1.0
22200759,1610612744,GSW,Golden State,1628978,Donte DiVincenzo,Donte,,,26:10,3.0,8.0,0.375,2.0,5.0,0.4,0.0,0.0,0.0,0.0,4.0,4.0,3.0,3.0,0.0,2.0,2.0,8.0,-10.0
22200759,1610612744,GSW,Golden State,1630228,Jonathan Kuminga,Jonathan,,,12:07,2.0,5.0,0.4,0.0,2.0,0.0,0.0,0.0,0.0,0.0,3.0,3.0,1.0,0.0,0.0,0.0,3.0,4.0,2.0
22200759,1610612744,GSW,Golden State,1630237,Anthony Lamb,Anthony,,,11:13,2.0,2.0,1.0,1.0,1.0,1.0,0.0,0.0,0.0,0.0,3.0,3.0,1.0,0.0,0.0,1.0,2.0,5.0,6.0
22200759,1610612744,GSW,Golden State,1631116,Patrick Baldwin Jr.,Patrick,,DNP - Coach's Decision,,,,,,,,,,,,,,,,,,,,
22200759,1610612744,GSW,Golden State,203210,JaMychal Green,JaMychal,,DNP - Coach's Decision,,,,,,,,,,,,,,,,,,,,
22200759,1610612744,GSW,Golden State,1630541,Moses Moody,Moses,,DNP - Coach's Decision,,,,,,,,,,,,,,,,,,,,
22200759,1610612744,GSW,Golden State,1630164,James Wiseman,James,,DNP - Coach's Decision,,,,,,,,,,,,,,,,,,,,
22200759,1610612760,OKC,Oklahoma City,1630598,Aaron Wiggins,Aaron,F,,22:48,1.0,2.0,0.5,1.0,1.0,1.0,0.0,0.0,0.0,1.0,1.0,2.0,0.0,0.0,0.0,0.0,1.0,3.0,-8.0
22200759,1610612760,OKC,Oklahoma City,1631114,Jalen Williams,Jalen,F,,30:58,8.0,14.0,0.571,1.0,3.0,0.333,2.0,2.0,1.0,1.0,3.0,4.0,2.0,1.0,1.0,1.0,1.0,19.0,-5.0
22200759,1610612760,OKC,Oklahoma City,1629026,Kenrich Williams,Kenrich,C,,33:10,3.0,9.0,0.333,0.0,2.0,0.0,1.0,2.0,0.5,2.0,6.0,8.0,2.0,3.0,0.0,2.0,1.0,7.0,-1.0
22200759,1610612760,OKC,Oklahoma City,1630581,Josh Giddey,Josh,G,,29:23,9.0,18.0,0.5,1.0,3.0,0.333,2.0,4.0,0.5,2.0,6.0,8.0,6.0,3.0,0.0,5.0,2.0,21.0,-7.0
22200759,1610612760,OKC,Oklahoma City,1628983,Shai Gilgeous-Alexander,Shai,G,,36:31,10.0,24.0,0.417,1.0,2.0,0.5,10.0,10.0,1.0,0.0,4.0,4.0,7.0,0.0,3.0,5.0,3.0,31.0,-15.0
22200759,1610612760,OKC,Oklahoma City,203488,Mike Muscala,Mike,,,14:05,2.0,3.0,0.667,2.0,2.0,1.0,2.0,2.0,1.0,0.0,2.0,2.0,1.0,1.0,0.0,0.0,2.0,8.0,-11.0
22200759,1610612760,OKC,Oklahoma City,1630544,Tre Mann,Tre,,,12:57,2.0,4.0,0.5,1.0,2.0,0.5,0.0,0.0,0.0,0.0,1.0,1.0,0.0,1.0,0.0,2.0,2.0,5.0,-3.0
22200759,1610612760,OKC,Oklahoma City,1630198,Isaiah Joe,Isaiah,,,25:26,4.0,7.0,0.571,2.0,5.0,0.4,0.0,0.0,0.0,0.0,3.0,3.0,0.0,0.0,0.0,0.0,3.0,10.0,7.0
22200759,1610612760,OKC,Oklahoma City,1629647,Darius Bazley,Darius,,,9:57,1.0,1.0,1.0,0.0,0.0,0.0,0.0,0.0,0.0,0.0,2.0,2.0,2.0,0.0,0.0,1.0,1.0,2.0,0.0
22200759,1610612760,OKC,Oklahoma City,1631172,Ousmane Dieng,Ousmane,,,6:58,1.0,2.0,0.5,0.0,1.0,0.0,0.0,0.0,0.0,0.0,1.0,1.0,0.0,0.0,0.0,0.0,1.0,2.0,2.0
22200759,1610612760,OKC,Oklahoma City,1631119,Jaylin Williams,Jaylin,,,17:48,5.0,9.0,0.556,2.0,3.0,0.667,0.0,0.0,0.0,2.0,6.0,8.0,3.0,1.0,0.0,0.0,1.0,12.0,1.0
22200756,1610612753,ORL,Orlando,1630532,Franz Wagner,Franz,F,,38:29,7.0,16.0,0.438,2.0,4.0,0.5,3.0,6.0,0.5,5.0,1.0,6.0,3.0,2.0,0.0,1.0,4.0,19.0,7.0
22200756,1610612753,ORL,Orlando,1631094,Paolo Banchero,Paolo,F,,36:36,11.0,22.0,0.5,3.0,5.0,0.6,4.0,5.0,0.8,0.0,9.0,9.0,3.0,1.0,1.0,2.0,0.0,29.0,15.0
22200756,1610612753,ORL,Orlando,1628976,Wendell Carter Jr.,Wendell,C,,20:37,5.0,11.0,0.455,1.0,4.0,0.25,1.0,2.0,0.5,4.0,5.0,9.0,2.0,0.0,0.0,0.0,3.0,12.0,-2.0
22200756,1610612753,ORL,Orlando,203914,Gary Harris,Gary,G,,29:03,3.0,7.0,0.429,3.0,7.0,0.429,0.0,0.0,0.0,1.0,1.0,2.0,2.0,1.0,1.0,2.0,2.0,9.0,5.0
22200756,1610612753,ORL,Orlando,1628365,Markelle Fultz,Markelle,G,,32:09,4.0,14.0,0.286,0.0,0.0,0.0,4.0,5.0,0.8,1.0,1.0,2.0,10.0,4.0,0.0,0.0,1.0,12.0,12.0
22200756,1610612753,ORL,Orlando,1628371,Jonathan Isaac,Jonathan,,,9:47,1.0,2.0,0.5,0.0,0.0,0.0,0.0,0.0,0.0,1.0,2.0,3.0,0.0,1.0,0.0,0.0,0.0,2.0,1.0
22200756,1610612753,ORL,Orlando,1629021,Moritz Wagner,Moritz,,,21:47,6.0,11.0,0.545,0.0,4.0,0.0,10.0,10.0,1.0,2.0,4.0,6.0,0.0,0.0,1.0,0.0,1.0,22.0,1.0
22200756,1610612753,ORL,Orlando,1630591,Jalen Suggs,Jalen,,,20:25,1.0,5.0,0.2,0.0,1.0,0.0,2.0,2.0,1.0,1.0,3.0,4.0,1.0,0.0,1.0,0.0,3.0,4.0,4.0
22200756,1610612753,ORL,Orlando,1630175,Cole Anthony,Cole,,,15:51,2.0,7.0,0.286,1.0,3.0,0.333,0.0,0.0,0.0,0.0,5.0,5.0,2.0,0.0,1.0,2.0,1.0,5.0,-2.0
22200756,1610612753,ORL,Orlando,1629626,Bol Bol,Bol,,,9:40,0.0,2.0,0.0,0.0,0.0,0.0,0.0,0.0,0.0,0.0,3.0,3.0,0.0,1.0,1.0,3.0,0.0,0.0,-2.0
22200756,1610612753,ORL,Orlando,1628964,Mo Bamba,Mo,,,5:37,2.0,2.0,1.0,1.0,1.0,1.0,0.0,0.0,0.0,0.0,1.0,1.0,0.0,1.0,0.0,0.0,1.0,5.0,11.0
22200756,1610612753,ORL,Orlando,1630181,R.J. Hampton,R.J.,,DNP - Coach's Decision,,,,,,,,,,,,,,,,,,,,
22200756,1610612753,ORL,Orlando,1631216,Caleb Houstan,Caleb,,DNP - Coach's Decision,,,,,,,,,,,,,,,,,,,,
22200756,1610612753,ORL,Orlando,203082,Terrence Ross,Terrence,,DNP - Coach's Decision,,,,,,,,,,,,,,,,,,,,
22200756,1610612755,PHI,Philadelphia,202699,Tobias Harris,Tobias,F,,32:57,7.0,15.0,0.467,1.0,2.0,0.5,2.0,2.0,1.0,2.0,4.0,6.0,1.0,0.0,0.0,2.0,2.0,17.0,-11.0
22200756,1610612755,PHI,Philadelphia,200782,P.J. Tucker,P.J.,F,,27:56,0.0,1.0,0.0,0.0,0.0,0.0,0.0,0.0,0.0,2.0,2.0,4.0,2.0,0.0,1.0,0.0,3.0,0.0,2.0
22200756,1610612755,PHI,Philadelphia,203954,Joel Embiid,Joel,C,,33:08,11.0,20.0,0.55,1.0,3.0,0.333,7.0,11.0,0.636,1.0,10.0,11.0,5.0,2.0,2.0,6.0,5.0,30.0,-11.0
22200756,1610612755,PHI,Philadelphia,1629001,De'Anthony Melton,De'Anthony,G,,20:36,2.0,6.0,0.333,1.0,3.0,0.333,3.0,4.0,0.75,1.0,6.0,7.0,2.0,2.0,0.0,3.0,2.0,8.0,10.0
22200756,1610612755,PHI,Philadelphia,201935,James Harden,James,G,,34:58,5.0,14.0,0.357,3.0,9.0,0.333,4.0,4.0,1.0,0.0,8.0,8.0,6.0,0.0,0.0,2.0,2.0,17.0,-19.0
22200756,1610612755,PHI,Philadelphia,1630178,Tyrese Maxey,Tyrese,,,27:44,4.0,9.0,0.444,0.0,4.0,0.0,0.0,0.0,0.0,0.0,1.0,1.0,2.0,0.0,0.0,1.0,4.0,8.0,-17.0
22200756,1610612755,PHI,Philadelphia,1629003,Shake Milton,Shake,,,16:48,2.0,5.0,0.4,1.0,2.0,0.5,0.0,0.0,0.0,1.0,1.0,2.0,3.0,0.0,0.0,3.0,2.0,5.0,3.0
22200756,1610612755,PHI,Philadelphia,1627777,Georges Niang,Georges,,,19:42,2.0,4.0,0.5,2.0,4.0,0.5,0.0,0.0,0.0,0.0,4.0,4.0,4.0,1.0,0.0,1.0,3.0,6.0,-14.0
22200756,1610612755,PHI,Philadelphia,1626149,Montrezl Harrell,Montrezl,,,13:57,4.0,6.0,0.667,0.0,0.0,0.0,0.0,0.0,0.0,1.0,0.0,1.0,1.0,1.0,0.0,1.0,2.0,8.0,2.0
22200756,1610612755,PHI,Philadelphia,1629680,Matisse Thybulle,Matisse,,,11:20,3.0,5.0,0.6,2.0,3.0,0.667,2.0,2.0,1.0,0.0,1.0,1.0,2.0,2.0,0.0,0.0,0.0,10.0,6.0
22200756,1610612755,PHI,Philadelphia,1630194,Paul Reed,Paul,,,0:55,0.0,0.0,0.0,0.0,0.0,0.0,0.0,0.0,0.0,0.0,0.0,0.0,0.0,0.0,0.0,0.0,0.0,0.0,-1.0
22200756,1610612755,PHI,Philadelphia,1627863,Danuel House Jr.,Danuel,,DNP - Coach's Decision,,,,,,,,,,,,,,,,,,,,
22200756,1610612755,PHI,Philadelphia,1627788,Furkan Korkmaz,Furkan,,DNP - Coach's Decision,,,,,,,,,,,,,,,,,,,,
22200756,1610612755,PHI,Philadelphia,1630531,Jaden Springer,Jaden,,DNP - Coach's Decision,,,,,,,,,,,,,,,,,,,,
22200758,1610612758,SAC,Sacramento,203084,Harrison Barnes,Harrison,F,,40:34,3.0,11.0,0.273,1.0,4.0,0.25,1.0,3.0,0.333,1.0,1.0,2.0,1.0,4.0,0.0,1.0,2.0,8.0,1.0
22200758,1610612758,SAC,Sacramento,1631099,Keegan Murray,Keegan,F,,38:33,5.0,12.0,0.417,3.0,8.0,0.375,0.0,0.0,0.0,6.0,7.0,13.0,1.0,1.0,0.0,0.0,1.0,13.0,1.0
22200758,1610612758,SAC,Sacramento,1627734,Domantas Sabonis,Domantas,C,,36:03,7.0,10.0,0.7,0.0,0.0,0.0,3.0,4.0,0.75,2.0,11.0,13.0,1.0,1.0,2.0,3.0,6.0,17.0,3.0
22200758,1610612758,SAC,Sacramento,1628989,Kevin Huerter,Kevin,G,,21:37,1.0,7.0,0.143,0.0,5.0,0.0,1.0,2.0,0.5,0.0,5.0,5.0,4.0,1.0,0.0,0.0,2.0,3.0,-7.0
22200758,1610612758,SAC,Sacramento,1628368,De'Aaron Fox,De'Aaron,G,,41:01,13.0,27.0,0.481,2.0,4.0,0.5,4.0,5.0,0.8,0.0,5.0,5.0,4.0,2.0,1.0,2.0,2.0,32.0,2.0
22200758,1610612758,SAC,Sacramento,1630558,Davion Mitchell,Davion,,,11:59,1.0,3.0,0.333,0.0,0.0,0.0,0.0,0.0,0.0,0.0,2.0,2.0,0.0,0.0,0.0,1.0,2.0,2.0,5.0
22200758,1610612758,SAC,Sacramento,1629056,Terence Davis,Terence,,,16:10,2.0,6.0,0.333,2.0,4.0,0.5,2.0,2.0,1.0,0.0,2.0,2.0,1.0,1.0,0.0,0.0,1.0,8.0,16.0
22200758,1610612758,SAC,Sacramento,1628370,Malik Monk,Malik,,,31:35,9.0,14.0,0.643,0.0,2.0,0.0,1.0,1.0,1.0,1.0,1.0,2.0,5.0,3.0,0.0,5.0,2.0,19.0,3.0
22200758,1610612758,SAC,Sacramento,1626168,Trey Lyles,Trey,,,16:23,4.0,6.0,0.667,1.0,2.0,0.5,2.0,3.0,0.667,0.0,3.0,3.0,1.0,1.0,0.0,0.0,0.0,11.0,11.0
22200758,1610612758,SAC,Sacramento,1629002,Chimezie Metu,Chimezie,,,11:06,2.0,3.0,0.667,0.0,1.0,0.0,1.0,2.0,0.5,0.0,3.0,3.0,2.0,1.0,0.0,0.0,3.0,5.0,0.0
22200758,1610612758,SAC,Sacramento,1629126,Deonte Burton,Deonte,,DNP - Coach's Decision,,,,,,,,,,,,,,,,,,,,
22200758,1610612758,SAC,Sacramento,203521,Matthew Dellavedova,Matthew,,DNP - Coach's Decision,,,,,,,,,,,,,,,,,,,,
22200758,1610612758,SAC,Sacramento,1626158,Richaun Holmes,Richaun,,DNP - Coach's Decision,,,,,,,,,,,,,,,,,,,,
22200758,1610612758,SAC,Sacramento,203458,Alex Len,Alex,,DNP - Coach's Decision,,,,,,,,,,,,,,,,,,,,
22200758,1610612758,SAC,Sacramento,1629644,KZ Okpala,KZ,,DNP - Coach's Decision,,,,,,,,,,,,,,,,,,,,
22200758,1610612750,MIN,Minnesota,1630183,Jaden McDaniels,Jaden,F,,33:21,4.0,8.0,0.5,1.0,4.0,0.25,2.0,3.0,0.667,1.0,2.0,3.0,4.0,0.0,0.0,0.0,3.0,11.0,-1.0
22200758,1610612750,MIN,Minnesota,203937,Kyle Anderson,Kyle,F,,36:15,3.0,8.0,0.375,1.0,3.0,0.333,2.0,2.0,1.0,2.0,6.0,8.0,6.0,0.0,1.0,3.0,3.0,9.0,-4.0
22200758,1610612750,MIN,Minnesota,203497,Rudy Gobert,Rudy,C,,40:11,7.0,9.0,0.778,0.0,0.0,0.0,5.0,10.0,0.5,1.0,13.0,14.0,1.0,1.0,0.0,3.0,3.0,19.0,5.0
22200758,1610612750,MIN,Minnesota,1630162,Anthony Edwards,Anthony,G,,40:46,14.0,27.0,0.519,4.0,11.0,0.364,1.0,4.0,0.25,2.0,6.0,8.0,5.0,2.0,2.0,6.0,2.0,33.0,-11.0
22200758,1610612750,MIN,Minnesota,1626156,D'Angelo Russell,D'Angelo,G,,40:09,4.0,16.0,0.25,2.0,10.0,0.2,0.0,3.0,0.0,0.0,4.0,4.0,7.0,0.0,0.0,2.0,1.0,10.0,-11.0
22200758,1610612750,MIN,Minnesota,203085,Austin Rivers,Austin,,,20:25,2.0,3.0,0.667,2.0,2.0,1.0,0.0,0.0,0.0,0.0,3.0,3.0,2.0,1.0,0.0,1.0,0.0,6.0,-10.0
22200758,1610612750,MIN,Minnesota,1629675,Naz Reid,Naz,,,15:38,3.0,9.0,0.333,0.0,4.0,0.0,0.0,0.0,0.0,2.0,1.0,3.0,1.0,1.0,0.0,1.0,2.0,6.0,-8.0
22200758,1610612750,MIN,Minnesota,1627752,Taurean Prince,Taurean,,,13:24,1.0,2.0,0.5,1.0,2.0,0.5,0.0,0.0,0.0,0.0,4.0,4.0,0.0,1.0,0.0,1.0,1.0,3.0,-9.0
22200758,1610612750,MIN,Minnesota,1629669,Jaylen Nowell,Jaylen,,,21:31,5.0,10.0,0.5,1.0,3.0,0.333,3.0,3.0,1.0,0.0,2.0,2.0,0.0,1.0,0.0,1.0,1.0,14.0,8.0
22200758,1610612750,MIN,Minnesota,1630346,Matt Ryan,Matt,,,3:21,0.0,0.0,0.0,0.0,0.0,0.0,0.0,0.0,0.0,0.0,0.0,0.0,0.0,0.0,0.0,0.0,0.0,0.0,6.0
22200758,1610612750,MIN,Minnesota,1627854,Bryn Forbes,Bryn,,DNP - Coach's Decision,,,,,,,,,,,,,,,,,,,,
22200758,1610612750,MIN,Minnesota,1630568,Luka Garza,Luka,,DNP - Coach's Decision,,,,,,,,,,,,,,,,,,,,
22200758,1610612750,MIN,Minnesota,1630233,Nathan Knight,Nathan,,DNP - Coach's Decision,,,,,,,,,,,,,,,,,,,,
22200758,1610612750,MIN,Minnesota,1631169,Josh Minott,Josh,,DNP - Coach's Decision,,,,,,,,,,,,,,,,,,,,
22200758,1610612750,MIN,Minnesota,1631111,Wendell Moore Jr.,Wendell,,DNP - Coach's Decision,,,,,,,,,,,,,,,,,,,,
22200763,1610612737,ATL,Atlanta,1629631,De'Andre Hunter,De'Andre,F,,37:39,3.0,14.0,0.214,0.0,4.0,0.0,4.0,4.0,1.0,0.0,2.0,2.0,1.0,1.0,0.0,2.0,4.0,10.0,-4.0
22200763,1610612737,ATL,Atlanta,1628381,John Collins,John,F,,37:49,7.0,12.0,0.583,0.0,2.0,0.0,2.0,6.0,0.333,2.0,4.0,6.0,3.0,0.0,0.0,0.0,5.0,16.0,-1.0
22200763,1610612737,ATL,Atlanta,203991,Clint Capela,Clint,C,,28:32,4.0,11.0,0.364,0.0,0.0,0.0,2.0,2.0,1.0,10.0,5.0,15.0,3.0,0.0,0.0,0.0,1.0,10.0,-2.0
22200763,1610612737,ATL,Atlanta,1628988,Aaron Holiday,Aaron,G,,15:22,1.0,2.0,0.5,1.0,2.0,0.5,0.0,0.0,0.0,0.0,0.0,0.0,1.0,0.0,0.0,1.0,1.0,3.0,-2.0
22200763,1610612737,ATL,Atlanta,1627749,Dejounte Murray,Dejounte,G,,38:12,13.0,25.0,0.52,5.0,8.0,0.625,9.0,9.0,1.0,3.0,5.0,8.0,7.0,2.0,0.0,0.0,1.0,40.0,-4.0
22200763,1610612737,ATL,Atlanta,203992,Bogdan Bogdanović,Bogdan,,,32:08,7.0,16.0,0.438,4.0,10.0,0.4,5.0,7.0,0.714,0.0,4.0,4.0,7.0,1.0,0.0,1.0,2.0,23.0,-2.0
22200763,1610612737,ATL,Atlanta,1630168,Onyeka Okongwu,Onyeka,,,19:17,4.0,4.0,1.0,0.0,0.0,0.0,0.0,0.0,0.0,2.0,5.0,7.0,1.0,1.0,0.0,0.0,3.0,8.0,-3.0
22200763,1610612737,ATL,Atlanta,1631100,AJ Griffin,AJ,,,21:13,4.0,9.0,0.444,3.0,4.0,0.75,2.0,2.0,1.0,0.0,1.0,1.0,0.0,0.0,0.0,0.0,2.0,13.0,-2.0
22200763,1610612737,ATL,Atlanta,1630235,Trent Forrest,Trent,,,9:48,1.0,1.0,1.0,0.0,0.0,0.0,0.0,0.0,0.0,0.0,2.0,2.0,3.0,0.0,0.0,2.0,2.0,2.0,0.0
22200763,1610612737,ATL,Atlanta,203200,Justin Holiday,Justin,,DNP - Coach's Decision,,,,,,,,,,,,,,,,,,,,
22200763,1610612737,ATL,Atlanta,1630552,Jalen Johnson,Jalen,,DNP - Coach's Decision,,,,,,,,,,,,,,,,,,,,
22200763,1610612737,ATL,Atlanta,1626163,Frank Kaminsky,Frank,,DNP - Coach's Decision,,,,,,,,,,,,,,,,,,,,
22200763,1610612737,ATL,Atlanta,1630249,Vít Krejčí,Vít,,DNP - Coach's Decision,,,,,,,,,,,,,,,,,,,,
22200763,1610612757,POR,Portland,1628404,Josh Hart,Josh,F,,34:50,4.0,6.0,0.667,0.0,2.0,0.0,1.0,2.0,0.5,2.0,10.0,12.0,5.0,0.0,1.0,0.0,4.0,9.0,-5.0
22200763,1610612757,POR,Portland,203924,Jerami Grant,Jerami,F,,34:55,8.0,17.0,0.471,4.0,9.0,0.444,2.0,2.0,1.0,0.0,2.0,2.0,1.0,0.0,2.0,2.0,3.0,22.0,-3.0
22200763,1610612757,POR,Portland,203994,Jusuf Nurkić,Jusuf,C,,26:04,5.0,7.0,0.714,2.0,3.0,0.667,0.0,1.0,0.0,0.0,5.0,5.0,1.0,1.0,1.0,2.0,2.0,12.0,5.0
22200763,1610612757,POR,Portland,1629014,Anfernee Simons,Anfernee,G,,32:57,8.0,12.0,0.667,5.0,8.0,0.625,0.0,0.0,0.0,0.0,1.0,1.0,7.0,0.0,1.0,1.0,1.0,21.0,-2.0
22200763,1610612757,POR,Portland,203081,Damian Lillard,Damian,G,,38:07,10.0,21.0,0.476,5.0,12.0,0.417,17.0,17.0,1.0,1.0,1.0,2.0,6.0,0.0,0.0,0.0,3.0,42.0,6.0
22200763,1610612757,POR,Portland,1631101,Shaedon Sharpe,Shaedon,,,24:27,4.0,9.0,0.444,1.0,4.0,0.25,1.0,2.0,0.5,0.0,4.0,4.0,1.0,0.0,1.0,2.0,4.0,10.0,5.0
22200763,1610612757,POR,Portland,1627780,Gary Payton II,Gary,,,13:35,2.0,3.0,0.667,0.0,0.0,0.0,0.0,0.0,0.0,0.0,3.0,3.0,1.0,1.0,0.0,1.0,2.0,4.0,6.0
22200763,1610612757,POR,Portland,1629642,Nassir Little,Nassir,,,13:14,2.0,3.0,0.667,2.0,2.0,1.0,0.0,0.0,0.0,0.0,0.0,0.0,0.0,0.0,0.0,0.0,2.0,6.0,4.0
22200763,1610612757,POR,Portland,1629234,Drew Eubanks,Drew,,,21:51,0.0,1.0,0.0,0.0,0.0,0.0,3.0,3.0,1.0,0.0,3.0,3.0,2.0,0.0,1.0,0.0,0.0,3.0,4.0
22200763,1610612757,POR,Portland,1631219,John Butler Jr.,John,,DNP - Coach's Decision,,,,,,,,,,,,,,,,,,,,
22200763,1610612757,POR,Portland,1630553,Keon Johnson,Keon,,DNP - Coach's Decision,,,,,,,,,,,,,,,,,,,,
22200763,1610612757,POR,Portland,1631133,Jabari Walker,Jabari,,DNP - Coach's Decision,,,,,,,,,,,,,,,,,,,,
22200763,1610612757,POR,Portland,1630570,Trendon Watford,Trendon,,DNP - Coach's Decision,,,,,,,,,,,,,,,,,,,,
22200761,1610612765,DET,Detroit,1630180,Saddiq Bey,Saddiq,F,,32:05,5.0,15.0,0.333,5.0,11.0,0.455,3.0,4.0,0.75,0.0,5.0,5.0,2.0,3.0,0.0,1.0,3.0,18.0,-3.0
22200761,1610612765,DET,Detroit,202711,Bojan Bogdanović,Bojan,F,,36:23,10.0,15.0,0.667,4.0,7.0,0.571,5.0,5.0,1.0,1.0,4.0,5.0,2.0,0.0,0.0,4.0,3.0,29.0,-1.0
22200761,1610612765,DET,Detroit,1631105,Jalen Duren,Jalen,C,,27:31,4.0,4.0,1.0,0.0,0.0,0.0,1.0,2.0,0.5,3.0,1.0,4.0,1.0,1.0,3.0,1.0,2.0,9.0,3.0
22200761,1610612765,DET,Detroit,202692,Alec Burks,Alec,G,,29:37,3.0,8.0,0.375,1.0,4.0,0.25,0.0,0.0,0.0,1.0,8.0,9.0,3.0,1.0,0.0,1.0,1.0,7.0,0.0
22200761,1610612765,DET,Detroit,1631093,Jaden Ivey,Jaden,G,,21:07,5.0,8.0,0.625,0.0,2.0,0.0,4.0,7.0,0.571,0.0,2.0,2.0,3.0,0.0,0.0,2.0,6.0,14.0,4.0
22200761,1610612765,DET,Detroit,1630587,Isaiah Livers,Isaiah,,,28:41,2.0,5.0,0.4,2.0,4.0,0.5,3.0,4.0,0.75,0.0,1.0,1.0,0.0,1.0,1.0,0.0,4.0,9.0,-7.0
22200761,1610612765,DET,Detroit,1630165,Killian Hayes,Killian,,,29:06,3.0,16.0,0.188,2.0,10.0,0.2,0.0,0.0,0.0,0.0,3.0,3.0,7.0,2.0,0.0,1.0,6.0,8.0,-5.0
22200761,1610612765,DET,Detroit,1630191,Isaiah Stewart,Isaiah,,,20:29,2.0,5.0,0.4,0.0,0.0,0.0,3.0,5.0,0.6,2.0,3.0,5.0,0.0,1.0,1.0,1.0,3.0,7.0,-9.0
22200761,1610612765,DET,Detroit,1628995,Kevin Knox II,Kevin,,,15:01,2.0,3.0,0.667,0.0,1.0,0.0,0.0,0.0,0.0,2.0,4.0,6.0,0.0,0.0,1.0,3.0,3.0,4.0,-12.0
22200761,1610612765,DET,Detroit,1628977,Hamidou Diallo,Hamidou,,DNP - Injury/Illness,,,,,,,,,,,,,,,,,,,,
22200761,1610612765,DET,Detroit,203585,Rodney McGruder,Rodney,,DNP - Coach's Decision,,,,,,,,,,,,,,,,,,,,
22200761,1610612765,DET,Detroit,203457,Nerlens Noel,Nerlens,,DNP - Coach's Decision,,,,,,,,,,,,,,,,,,,,
22200761,1610612742,DAL,Dallas,203501,Tim Hardaway Jr.,Tim,F,,29:06,3.0,10.0,0.3,1.0,6.0,0.167,1.0,3.0,0.333,0.0,4.0,4.0,1.0,1.0,0.0,1.0,4.0,8.0,-9.0
22200761,1610612742,DAL,Dallas,1627827,Dorian Finney-Smith,Dorian,F,,34:47,2.0,5.0,0.4,0.0,1.0,0.0,2.0,2.0,1.0,2.0,5.0,7.0,2.0,0.0,0.0,0.0,2.0,6.0,7.0
22200761,1610612742,DAL,Dallas,203939,Dwight Powell,Dwight,C,,26:40,1.0,4.0,0.25,0.0,0.0,0.0,2.0,2.0,1.0,6.0,2.0,8.0,1.0,1.0,0.0,1.0,4.0,4.0,8.0
22200761,1610612742,DAL,Dallas,203915,Spencer Dinwiddie,Spencer,G,,31:46,5.0,16.0,0.313,0.0,6.0,0.0,2.0,4.0,0.5,0.0,3.0,3.0,2.0,0.0,0.0,0.0,2.0,12.0,-4.0
22200761,1610612742,DAL,Dallas,1629029,Luka Dončić,Luka,G,,36:09,17.0,24.0,0.708,5.0,11.0,0.455,14.0,18.0,0.778,0.0,8.0,8.0,5.0,2.0,0.0,4.0,2.0,53.0,8.0
22200761,1610612742,DAL,Dallas,1630182,Josh Green,Josh,,,29:24,3.0,4.0,0.75,1.0,2.0,0.5,1.0,2.0,0.5,0.0,2.0,2.0,3.0,1.0,1.0,1.0,2.0,8.0,17.0
22200761,1610612742,DAL,Dallas,203493,Reggie Bullock Jr.,Reggie,,,28:36,3.0,5.0,0.6,3.0,5.0,0.6,0.0,0.0,0.0,0.0,3.0,3.0,3.0,0.0,0.0,0.0,0.0,9.0,15.0
22200761,1610612742,DAL,Dallas,202722,Dāvis Bertāns,Dāvis,,,7:41,0.0,3.0,0.0,0.0,3.0,0.0,0.0,0.0,0.0,0.0,0.0,0.0,0.0,0.0,0.0,0.0,1.0,0.0,5.0
22200761,1610612742,DAL,Dallas,1630702,Jaden Hardy,Jaden,,,5:41,1.0,3.0,0.333,0.0,0.0,0.0,1.0,1.0,1.0,0.0,2.0,2.0,0.0,1.0,0.0,1.0,0.0,3.0,-6.0
22200761,1610612742,DAL,Dallas,201580,JaVale McGee,JaVale,,,10:10,4.0,5.0,0.8,0.0,0.0,0.0,0.0,1.0,0.0,1.0,2.0,3.0,0.0,0.0,0.0,2.0,1.0,8.0,-11.0
22200761,1610612742,DAL,Dallas,1628373,Frank Ntilikina,Frank,,DNP - Coach's Decision,,,,,,,,,,,,,,,,,,,,
22200761,1610612742,DAL,Dallas,1629033,Theo Pinson,Theo,,DNP - Coach's Decision,,,,,,,,,,,,,,,,,,,,
22200761,1610612742,DAL,Dallas,1630593,McKinley Wright IV,McKinley,,DNP - Coach's Decision,,,,,,,,,,,,,,,,,,,,
22200762,1610612761,TOR,Toronto,1630567,Scottie Barnes,Scottie,F,,35:43,6.0,14.0,0.429,0.0,4.0,0.0,4.0,4.0,1.0,4.0,3.0,7.0,5.0,2.0,1.0,4.0,2.0,16.0,-8.0
22200762,1610612761,TOR,Toronto,1627783,Pascal Siakam,Pascal,F,,38:21,7.0,17.0,0.412,1.0,4.0,0.25,4.0,4.0,1.0,1.0,2.0,3.0,1.0,0.0,0.0,3.0,4.0,19.0,1.0
22200762,1610612761,TOR,Toronto,1630173,Precious Achiuwa,Precious,C,,34:03,5.0,9.0,0.556,0.0,1.0,0.0,1.0,2.0,0.5,5.0,7.0,12.0,1.0,1.0,1.0,1.0,3.0,11.0,-6.0
22200762,1610612761,TOR,Toronto,1629018,Gary Trent Jr.,Gary,G,,37:11,8.0,19.0,0.421,3.0,10.0,0.3,2.0,2.0,1.0,0.0,3.0,3.0,1.0,1.0,0.0,0.0,0.0,21.0,-4.0
22200762,1610612761,TOR,Toronto,1627832,Fred VanVleet,Fred,G,,39:02,9.0,19.0,0.474,2.0,8.0,0.25,4.0,5.0,0.8,0.0,4.0,4.0,9.0,1.0,1.0,3.0,6.0,24.0,0.0
22200762,1610612761,TOR,Toronto,1628449,Chris Boucher,Chris,,,24:28,1.0,3.0,0.333,1.0,1.0,1.0,2.0,2.0,1.0,3.0,8.0,11.0,1.0,0.0,1.0,0.0,2.0,5.0,-7.0
22200762,1610612761,TOR,Toronto,201152,Thaddeus Young,Thaddeus,,,14:13,2.0,3.0,0.667,0.0,0.0,0.0,0.0,0.0,0.0,1.0,1.0,2.0,0.0,3.0,0.0,2.0,1.0,4.0,0.0
22200762,1610612761,TOR,Toronto,1627823,Juancho Hernangomez,Juancho,,,7:25,0.0,0.0,0.0,0.0,0.0,0.0,0.0,0.0,0.0,0.0,0.0,0.0,0.0,1.0,0.0,0.0,1.0,0.0,-8.0
22200762,1610612761,TOR,Toronto,1631132,Christian Koloko,Christian,,,2:25,0.0,0.0,0.0,0.0,0.0,0.0,0.0,0.0,0.0,0.0,0.0,0.0,0.0,0.0,0.0,0.0,0.0,0.0,-3.0
22200762,1610612761,TOR,Toronto,1630201,Malachi Flynn,Malachi,,,7:09,2.0,5.0,0.4,2.0,5.0,0.4,0.0,0.0,0.0,2.0,0.0,2.0,1.0,0.0,0.0,0.0,0.0,6.0,-5.0
22200762,1610612761,TOR,Toronto,1630625,Dalano Banton,Dalano,,DNP - Coach's Decision,,,,,,,,,,,,,,,,,,,,
22200762,1610612761,TOR,Toronto,203920,Khem Birch,Khem,,DNP - Coach's Decision,,,,,,,,,,,,,,,,,,,,
22200762,1610612761,TOR,Toronto,1630288,Jeff Dowtin Jr.,Jeff,,DNP - Coach's Decision,,,,,,,,,,,,,,,,,,,,
22200762,1610612761,TOR,Toronto,1631199,Ron Harper Jr.,Ron,,DNP - Coach's Decision,,,,,,,,,,,,,,,,,,,,
22200762,1610612756,PHX,Phoenix,1629661,Cameron Johnson,Cameron,F,,25:45,1.0,9.0,0.111,1.0,6.0,0.167,1.0,2.0,0.5,0.0,3.0,3.0,0.0,2.0,0.0,0.0,1.0,4.0,6.0
22200762,1610612756,PHX,Phoenix,1628470,Torrey Craig,Torrey,F,,26:09,1.0,5.0,0.2,0.0,1.0,0.0,0.0,0.0,0.0,3.0,5.0,8.0,4.0,0.0,0.0,2.0,3.0,2.0,4.0
22200762,1610612756,PHX,Phoenix,1629028,Deandre Ayton,Deandre,C,,31:07,9.0,17.0,0.529,0.0,0.0,0.0,4.0,4.0,1.0,5.0,8.0,13.0,2.0,0.0,0.0,1.0,2.0,22.0,1.0
22200762,1610612756,PHX,Phoenix,1628969,Mikal Bridges,Mikal,G,,38:56,12.0,19.0,0.632,3.0,4.0,0.75,2.0,2.0,1.0,0.0,3.0,3.0,6.0,3.0,1.0,2.0,1.0,29.0,4.0
22200762,1610612756,PHX,Phoenix,101108,Chris Paul,Chris,G,,34:40,5.0,11.0,0.455,4.0,7.0,0.571,5.0,5.0,1.0,0.0,4.0,4.0,9.0,0.0,2.0,3.0,3.0,19.0,3.0
22200762,1610612756,PHX,Phoenix,1630688,Ish Wainright,Ish,,,19:59,3.0,4.0,0.75,1.0,2.0,0.5,0.0,0.0,0.0,0.0,3.0,3.0,3.0,3.0,0.0,0.0,1.0,7.0,3.0
22200762,1610612756,PHX,Phoenix,203967,Dario Šarić,Dario,,,14:27,4.0,6.0,0.667,0.0,1.0,0.0,3.0,4.0,0.75,1.0,2.0,3.0,0.0,0.0,0.0,0.0,2.0,11.0,0.0
22200762,1610612756,PHX,Phoenix,202687,Bismack Biyombo,Bismack,,,7:23,0.0,1.0,0.0,0.0,0.0,0.0,0.0,0.0,0.0,1.0,0.0,1.0,0.0,0.0,0.0,1.0,0.0,0.0,1.0
22200762,1610612756,PHX,Phoenix,1630240,Saben Lee,Saben,,,8:12,1.0,1.0,1.0,0.0,0.0,0.0,0.0,0.0,0.0,1.0,0.0,1.0,2.0,0.0,0.0,1.0,0.0,2.0,2.0
22200762,1610612756,PHX,Phoenix,1627814,Damion Lee,Damion,,,18:37,4.0,9.0,0.444,2.0,6.0,0.333,1.0,2.0,0.5,1.0,1.0,2.0,1.0,1.0,1.0,0.0,1.0,11.0,10.0
22200762,1610612756,PHX,Phoenix,1629006,Josh Okogie,Josh,,,5:50,1.0,2.0,0.5,0.0,0.0,0.0,1.0,2.0,0.5,1.0,0.0,1.0,1.0,0.0,0.0,1.0,2.0,3.0,2.0
22200762,1610612756,PHX,Phoenix,1629111,Jock Landale,Jock,,,8:55,2.0,3.0,0.667,0.0,1.0,0.0,0.0,0.0,0.0,0.0,0.0,0.0,0.0,1.0,0.0,1.0,0.0,4.0,4.0
22200762,1610612756,PHX,Phoenix,1630613,Duane Washington Jr.,Duane,,DNP - Coach's Decision,,,,,,,,,,,,,,,,,,,,
22200760,1610612764,WAS,Washington,1630557,Corey Kispert,Corey,F,,27:05,5.0,11.0,0.455,4.0,7.0,0.571,0.0,0.0,0.0,0.0,2.0,2.0,2.0,2.0,0.0,1.0,1.0,14.0,7.0
22200760,1610612764,WAS,Washington,1628398,Kyle Kuzma,Kyle,F,,31:43,5.0,11.0,0.455,1.0,3.0,0.333,5.0,6.0,0.833,0.0,6.0,6.0,3.0,0.0,0.0,5.0,2.0,16.0,5.0
22200760,1610612764,WAS,Washington,204001,Kristaps Porziņģis,Kristaps,C,,30:01,7.0,13.0,0.538,1.0,3.0,0.333,2.0,2.0,1.0,1.0,8.0,9.0,7.0,3.0,5.0,2.0,5.0,17.0,9.0
22200760,1610612764,WAS,Washington,203078,Bradley Beal,Bradley,G,,29:50,8.0,14.0,0.571,3.0,6.0,0.5,2.0,2.0,1.0,0.0,7.0,7.0,7.0,0.0,2.0,2.0,1.0,21.0,13.0
22200760,1610612764,WAS,Washington,1628420,Monté Morris,Monté,G,,24:20,4.0,6.0,0.667,3.0,4.0,0.75,0.0,0.0,0.0,1.0,1.0,2.0,4.0,0.0,0.0,1.0,1.0,11.0,11.0
22200760,1610612764,WAS,Washington,1630166,Deni Avdija,Deni,,,33:18,10.0,12.0,0.833,2.0,2.0,1.0,3.0,4.0,0.75,1.0,8.0,9.0,1.0,1.0,1.0,2.0,4.0,25.0,25.0
22200760,1610612764,WAS,Washington,1626153,Delon Wright,Delon,,,23:25,2.0,4.0,0.5,1.0,2.0,0.5,0.0,0.0,0.0,1.0,5.0,6.0,2.0,0.0,0.0,0.0,1.0,5.0,10.0
22200760,1610612764,WAS,Washington,1629134,Kendrick Nunn,Kendrick,,,20:11,5.0,11.0,0.455,1.0,3.0,0.333,1.0,1.0,1.0,1.0,2.0,3.0,2.0,1.0,0.0,0.0,1.0,12.0,11.0
22200760,1610612764,WAS,Washington,201959,Taj Gibson,Taj,,,17:57,2.0,4.0,0.5,0.0,0.0,0.0,0.0,0.0,0.0,0.0,1.0,1.0,4.0,0.0,0.0,0.0,3.0,4.0,12.0
22200760,1610612764,WAS,Washington,1630176,Vernon Carey Jr.,Vernon,,,2:11,0.0,0.0,0.0,0.0,0.0,0.0,2.0,2.0,1.0,0.0,0.0,0.0,0.0,0.0,0.0,0.0,0.0,2.0,2.0
22200760,1610612764,WAS,Washington,203115,Will Barton,Will,,DNP - Coach's Decision,,,,,,,,,,,,,,,,,,,,
22200760,1610612759,SAS,San Antonio,1629640,Keldon Johnson,Keldon,F,,33:49,12.0,21.0,0.571,2.0,7.0,0.286,0.0,2.0,0.0,2.0,2.0,4.0,4.0,2.0,0.0,1.0,1.0,26.0,-10.0
22200760,1610612759,SAS,San Antonio,1631110,Jeremy Sochan,Jeremy,F,,27:10,7.0,13.0,0.538,1.0,3.0,0.333,2.0,3.0,0.667,0.0,2.0,2.0,5.0,0.0,0.0,1.0,4.0,17.0,-9.0
22200760,1610612759,SAS,San Antonio,1627751,Jakob Poeltl,Jakob,C,,21:39,2.0,5.0,0.4,0.0,0.0,0.0,3.0,4.0,0.75,2.0,3.0,5.0,2.0,0.0,1.0,2.0,2.0,7.0,-14.0
22200760,1610612759,SAS,San Antonio,1628966,Keita Bates-Diop,Keita,G,,33:45,3.0,14.0,0.214,1.0,5.0,0.2,2.0,4.0,0.5,3.0,5.0,8.0,2.0,2.0,2.0,1.0,0.0,9.0,-7.0
22200760,1610612759,SAS,San Antonio,1630200,Tre Jones,Tre,G,,30:36,4.0,9.0,0.444,0.0,2.0,0.0,1.0,1.0,1.0,1.0,3.0,4.0,9.0,0.0,0.0,1.0,1.0,9.0,-4.0
22200760,1610612759,SAS,San Antonio,1628380,Zach Collins,Zach,,,21:46,6.0,10.0,0.6,1.0,2.0,0.5,3.0,4.0,0.75,4.0,7.0,11.0,0.0,0.0,2.0,1.0,2.0,16.0,-1.0
22200760,1610612759,SAS,San Antonio,1631103,Malaki Branham,Malaki,,,17:50,2.0,6.0,0.333,0.0,3.0,0.0,2.0,2.0,1.0,0.0,5.0,5.0,2.0,1.0,0.0,1.0,4.0,6.0,-12.0
22200760,1610612759,SAS,San Antonio,203926,Doug McDermott,Doug,,,21:38,2.0,9.0,0.222,2.0,5.0,0.4,0.0,1.0,0.0,0.0,1.0,1.0,0.0,0.0,0.0,0.0,1.0,6.0,-16.0
22200760,1610612759,SAS,San Antonio,1626169,Stanley Johnson,Stanley,,,22:28,4.0,6.0,0.667,0.0,1.0,0.0,2.0,2.0,1.0,1.0,1.0,2.0,2.0,1.0,0.0,1.0,4.0,10.0,-21.0
22200760,1610612759,SAS,San Antonio,1631104,Blake Wesley,Blake,,,7:08,0.0,2.0,0.0,0.0,1.0,0.0,0.0,0.0,0.0,0.0,0.0,0.0,0.0,0.0,1.0,1.0,1.0,0.0,-9.0
22200760,1610612759,SAS,San Antonio,1629676,Isaiah Roby,Isaiah,,,2:11,0.0,2.0,0.0,0.0,0.0,0.0,0.0,0.0,0.0,1.0,0.0,1.0,0.0,0.0,0.0,0.0,0.0,0.0,-2.0
22200753,1610612754,IND,Indiana,1630537,Chris Duarte,Chris,F,,25:48,4.0,7.0,0.571,1.0,4.0,0.25,0.0,0.0,0.0,1.0,2.0,3.0,2.0,0.0,2.0,1.0,2.0,9.0,-5.0
22200753,1610612754,IND,Indiana,1630174,Aaron Nesmith,Aaron,F,,32:20,4.0,8.0,0.5,1.0,5.0,0.2,7.0,7.0,1.0,0.0,5.0,5.0,0.0,1.0,0.0,0.0,4.0,16.0,-12.0
22200753,1610612754,IND,Indiana,1626167,Myles Turner,Myles,C,,26:34,5.0,9.0,0.556,2.0,4.0,0.5,3.0,4.0,0.75,0.0,4.0,4.0,1.0,0.0,1.0,2.0,5.0,15.0,-18.0
22200753,1610612754,IND,Indiana,1627741,Buddy Hield,Buddy,G,,34:07,1.0,4.0,0.25,1.0,4.0,0.25,0.0,0.0,0.0,0.0,4.0,4.0,4.0,1.0,0.0,4.0,3.0,3.0,-10.0
22200753,1610612754,IND,Indiana,204456,T.J. McConnell,T.J.,G,,22:30,0.0,5.0,0.0,0.0,0.0,0.0,0.0,0.0,0.0,1.0,2.0,3.0,7.0,0.0,0.0,5.0,1.0,0.0,-13.0
22200753,1610612754,IND,Indiana,1629614,Andrew Nembhard,Andrew,,,28:04,5.0,13.0,0.385,1.0,7.0,0.143,1.0,1.0,1.0,2.0,1.0,3.0,3.0,0.0,0.0,3.0,1.0,12.0,-5.0
22200753,1610612754,IND,Indiana,1630543,Isaiah Jackson,Isaiah,,,21:26,6.0,10.0,0.6,0.0,0.0,0.0,1.0,1.0,1.0,1.0,3.0,4.0,1.0,0.0,3.0,0.0,4.0,13.0,6.0
22200753,1610612754,IND,Indiana,1631097,Bennedict Mathurin,Bennedict,,,31:12,9.0,20.0,0.45,2.0,6.0,0.333,7.0,8.0,0.875,4.0,4.0,8.0,3.0,1.0,0.0,2.0,0.0,27.0,-5.0
22200753,1610612754,IND,Indiana,1629052,Oshae Brissett,Oshae,,,17:59,2.0,3.0,0.667,1.0,2.0,0.5,0.0,0.0,0.0,2.0,2.0,4.0,0.0,1.0,0.0,0.0,2.0,5.0,2.0
22200753,1610612754,IND,Indiana,1629048,Goga Bitadze,Goga,,DNP - Coach's Decision,,,,,,,,,,,,,,,,,,,,
22200753,1610612754,IND,Indiana,201949,James Johnson,James,,DNP - Coach's Decision,,,,,,,,,,,,,,,,,,,,
22200753,1610612754,IND,Indiana,1630243,Trevelin Queen,Trevelin,,DNP - Coach's Decision,,,,,,,,,,,,,,,,,,,,
22200753,1610612754,IND,Indiana,1630188,Jalen Smith,Jalen,,DNP - Coach's Decision,,,,,,,,,,,,,,,,,,,,
22200753,1610612754,IND,Indiana,1630678,Terry Taylor,Terry,,DNP - Coach's Decision,,,,,,,,,,,,,,,,,,,,
22200753,1610612763,MEM,Memphis,1628415,Dillon Brooks,Dillon,F,,30:49,2.0,11.0,0.182,1.0,7.0,0.143,0.0,0.0,0.0,0.0,1.0,1.0,3.0,1.0,0.0,3.0,4.0,5.0,1.0
22200753,1610612763,MEM,Memphis,1628991,Jaren Jackson Jr.,Jaren,F,,38:07,12.0,19.0,0.632,3.0,8.0,0.375,1.0,2.0,0.5,2.0,6.0,8.0,1.0,1.0,5.0,1.0,4.0,28.0,19.0
22200753,1610612763,MEM,Memphis,1629634,Brandon Clarke,Brandon,C,,17:30,5.0,5.0,1.0,0.0,0.0,0.0,3.0,5.0,0.6,0.0,2.0,2.0,2.0,1.0,2.0,1.0,5.0,13.0,2.0
22200753,1610612763,MEM,Memphis,1630533,Ziaire Williams,Ziaire,G,,20:20,3.0,6.0,0.5,1.0,3.0,0.333,0.0,0.0,0.0,0.0,2.0,2.0,0.0,0.0,0.0,0.0,1.0,7.0,9.0
22200753,1610612763,MEM,Memphis,1629630,Ja Morant,Ja,G,,41:31,9.0,21.0,0.429,1.0,6.0,0.167,8.0,9.0,0.889,2.0,8.0,10.0,15.0,2.0,1.0,2.0,3.0,27.0,20.0
22200753,1610612763,MEM,Memphis,1626145,Tyus Jones,Tyus,,,29:46,4.0,10.0,0.4,2.0,7.0,0.286,0.0,0.0,0.0,0.0,1.0,1.0,4.0,4.0,0.0,0.0,0.0,10.0,-3.0
22200753,1610612763,MEM,Memphis,1630583,Santi Aldama,Santi,,,15:12,0.0,1.0,0.0,0.0,1.0,0.0,2.0,2.0,1.0,1.0,2.0,3.0,2.0,1.0,0.0,0.0,1.0,2.0,4.0
22200753,1610612763,MEM,Memphis,1630214,Xavier Tillman,Xavier,,,25:11,4.0,7.0,0.571,0.0,0.0,0.0,1.0,2.0,0.5,8.0,3.0,11.0,2.0,0.0,0.0,0.0,1.0,9.0,-1.0
22200753,1610612763,MEM,Memphis,1631223,David Roddy,David,,,16:09,4.0,7.0,0.571,1.0,3.0,0.333,2.0,2.0,1.0,2.0,1.0,3.0,0.0,0.0,0.0,0.0,1.0,11.0,11.0
22200753,1610612763,MEM,Memphis,1631222,Jake LaRavia,Jake,,,5:25,0.0,2.0,0.0,0.0,2.0,0.0,0.0,0.0,0.0,0.0,0.0,0.0,0.0,0.0,0.0,0.0,1.0,0.0,-2.0
22200753,1610612763,MEM,Memphis,1631113,Kennedy Chandler,Kennedy,,DNP - Coach's Decision,,,,,,,,,,,,,,,,,,,,
22200753,1610612763,MEM,Memphis,1631254,Kenneth Lofton Jr.,Kenneth,,DNP - Coach's Decision,,,,,,,,,,,,,,,,,,,,
22200753,1610612763,MEM,Memphis,1631246,Vince Williams Jr.,Vince,,DNP - Coach's Decision,,,,,,,,,,,,,,,,,,,,
22200754,1610612746,LAC,LA,1629599,Amir Coffey,Amir,F,,37:52,5.0,13.0,0.385,0.0,2.0,0.0,8.0,9.0,0.889,0.0,4.0,4.0,2.0,1.0,0.0,0.0,6.0,18.0,-21.0
22200754,1610612746,LAC,LA,201587,Nicolas Batum,Nicolas,F,,6:53,0.0,3.0,0.0,0.0,3.0,0.0,0.0,0.0,0.0,1.0,2.0,3.0,0.0,0.0,0.0,0.0,0.0,0.0,-16.0
22200754,1610612746,LAC,LA,1627826,Ivica Zubac,Ivica,C,,21:50,0.0,5.0,0.0,0.0,0.0,0.0,2.0,2.0,1.0,2.0,5.0,7.0,0.0,0.0,0.0,1.0,1.0,2.0,-29.0
22200754,1610612746,LAC,LA,1629611,Terance Mann,Terance,G,,20:12,2.0,8.0,0.25,0.0,2.0,0.0,0.0,0.0,0.0,1.0,1.0,2.0,2.0,0.0,0.0,1.0,1.0,4.0,-17.0
22200754,1610612746,LAC,LA,1626181,Norman Powell,Norman,G,,16:19,4.0,10.0,0.4,0.0,2.0,0.0,3.0,4.0,0.75,1.0,1.0,2.0,0.0,1.0,0.0,1.0,3.0,11.0,-16.0
22200754,1610612746,LAC,LA,1628379,Luke Kennard,Luke,,,9:54,1.0,4.0,0.25,0.0,2.0,0.0,0.0,0.0,0.0,0.0,2.0,2.0,1.0,1.0,0.0,1.0,0.0,2.0,3.0
22200754,1610612746,LAC,LA,1630527,Brandon Boston,Brandon,,,34:27,9.0,19.0,0.474,1.0,3.0,0.333,5.0,6.0,0.833,0.0,1.0,1.0,3.0,1.0,0.0,3.0,5.0,24.0,-10.0
22200754,1610612746,LAC,LA,1629650,Moses Brown,Moses,,,26:06,5.0,7.0,0.714,0.0,0.0,0.0,3.0,3.0,1.0,5.0,11.0,16.0,0.0,0.0,0.0,1.0,1.0,13.0,-2.0
22200754,1610612746,LAC,LA,1631217,Moussa Diabaté,Moussa,,,29:51,5.0,8.0,0.625,1.0,2.0,0.5,2.0,3.0,0.667,4.0,1.0,5.0,1.0,1.0,0.0,1.0,0.0,13.0,3.0
22200754,1610612746,LAC,LA,1630554,Jason Preston,Jason,,,36:36,6.0,12.0,0.5,0.0,3.0,0.0,0.0,0.0,0.0,1.0,2.0,3.0,8.0,1.0,0.0,4.0,2.0,12.0,-10.0
22200754,1610612746,LAC,LA,202704,Reggie Jackson,Reggie,,DNP - Injury/Illness,,,,,,,,,,,,,,,,,,,,
22200754,1610612739,CLE,Cleveland,1630171,Isaac Okoro,Isaac,F,,18:06,2.0,5.0,0.4,1.0,4.0,0.25,3.0,3.0,1.0,1.0,1.0,2.0,0.0,0.0,1.0,0.0,3.0,8.0,14.0
22200754,1610612739,CLE,Cleveland,1630596,Evan Mobley,Evan,F,,26:47,4.0,9.0,0.444,1.0,1.0,1.0,0.0,0.0,0.0,0.0,9.0,9.0,3.0,1.0,3.0,0.0,4.0,9.0,36.0
22200754,1610612739,CLE,Cleveland,1628386,Jarrett Allen,Jarrett,C,,25:47,6.0,10.0,0.6,1.0,1.0,1.0,2.0,3.0,0.667,2.0,6.0,8.0,3.0,2.0,0.0,5.0,2.0,15.0,27.0
22200754,1610612739,CLE,Cleveland,1628378,Donovan Mitchell,Donovan,G,,20:26,5.0,9.0,0.556,1.0,3.0,0.333,0.0,0.0,0.0,0.0,0.0,0.0,3.0,1.0,0.0,0.0,2.0,11.0,36.0
22200754,1610612739,CLE,Cleveland,1629636,Darius Garland,Darius,G,,22:37,5.0,7.0,0.714,2.0,3.0,0.667,4.0,4.0,1.0,0.0,2.0,2.0,10.0,0.0,0.0,1.0,0.0,16.0,27.0
22200754,1610612739,CLE,Cleveland,1629731,Dean Wade,Dean,,,27:00,2.0,5.0,0.4,1.0,4.0,0.25,3.0,5.0,0.6,0.0,4.0,4.0,1.0,1.0,1.0,1.0,1.0,8.0,14.0
22200754,1610612739,CLE,Cleveland,1627747,Caris LeVert,Caris,,,27:54,4.0,10.0,0.4,4.0,6.0,0.667,0.0,2.0,0.0,1.0,1.0,2.0,3.0,1.0,0.0,1.0,3.0,12.0,-4.0
22200754,1610612739,CLE,Cleveland,201937,Ricky Rubio,Ricky,,,19:07,1.0,5.0,0.2,1.0,3.0,0.333,0.0,0.0,0.0,0.0,3.0,3.0,4.0,1.0,0.0,0.0,1.0,3.0,-10.0
22200754,1610612739,CLE,Cleveland,1626224,Cedi Osman,Cedi,,,21:58,11.0,13.0,0.846,7.0,7.0,1.0,0.0,0.0,0.0,0.0,2.0,2.0,2.0,2.0,1.0,0.0,0.0,29.0,-8.0
22200754,1610612739,CLE,Cleveland,201577,Robin Lopez,Robin,,,10:11,1.0,1.0,1.0,0.0,0.0,0.0,0.0,0.0,0.0,0.0,2.0,2.0,2.0,0.0,1.0,2.0,5.0,2.0,-8.0
22200754,1610612739,CLE,Cleveland,1630205,Lamar Stevens,Lamar,,,12:00,2.0,3.0,0.667,1.0,1.0,1.0,0.0,0.0,0.0,0.0,0.0,0.0,1.0,0.0,0.0,0.0,2.0,5.0,-9.0
22200754,1610612739,CLE,Cleveland,203526,Raul Neto,Raul,,,8:07,1.0,1.0,1.0,0.0,0.0,0.0,2.0,2.0,1.0,0.0,1.0,1.0,3.0,0.0,0.0,0.0,0.0,4.0,0.0
22200755,1610612740,NOP,New Orleans,1630230,Naji Marshall,Naji,F,,34:13,4.0,15.0,0.267,0.0,5.0,0.0,0.0,1.0,0.0,2.0,2.0,4.0,6.0,0.0,0.0,2.0,2.0,8.0,-16.0
22200755,1610612740,NOP,New Orleans,1630530,Trey Murphy III,Trey,F,,36:06,6.0,11.0,0.545,4.0,6.0,0.667,0.0,1.0,0.0,1.0,1.0,2.0,2.0,1.0,0.0,2.0,0.0,16.0,-29.0
22200755,1610612740,NOP,New Orleans,202685,Jonas Valančiūnas,Jonas,C,,22:18,7.0,16.0,0.438,0.0,2.0,0.0,2.0,2.0,1.0,0.0,3.0,3.0,1.0,1.0,0.0,2.0,3.0,16.0,-17.0
22200755,1610612740,NOP,New Orleans,1630529,Herbert Jones,Herbert,G,,27:11,4.0,11.0,0.364,2.0,3.0,0.667,1.0,2.0,0.5,2.0,3.0,5.0,2.0,1.0,1.0,1.0,3.0,11.0,-23.0
22200755,1610612740,NOP,New Orleans,1630631,Jose Alvarado,Jose,G,,28:55,4.0,12.0,0.333,3.0,7.0,0.429,7.0,8.0,0.875,1.0,2.0,3.0,6.0,2.0,0.0,2.0,2.0,18.0,-33.0
22200755,1610612740,NOP,New Orleans,1629637,Jaxson Hayes,Jaxson,,,21:35,2.0,2.0,1.0,0.0,0.0,0.0,2.0,3.0,0.667,0.0,3.0,3.0,1.0,0.0,1.0,0.0,3.0,6.0,-3.0
22200755,1610612740,NOP,New Orleans,1628984,Devonte' Graham,Devonte',,,17:45,3.0,5.0,0.6,2.0,4.0,0.5,2.0,2.0,1.0,0.0,0.0,0.0,3.0,1.0,0.0,1.0,2.0,10.0,6.0
22200755,1610612740,NOP,New Orleans,1630184,Kira Lewis Jr.,Kira,,,27:29,7.0,11.0,0.636,1.0,3.0,0.333,0.0,0.0,0.0,0.0,6.0,6.0,3.0,0.0,1.0,0.0,2.0,15.0,0.0
22200755,1610612740,NOP,New Orleans,1626204,Larry Nance Jr.,Larry,,,24:28,4.0,10.0,0.4,1.0,4.0,0.25,1.0,2.0,0.5,2.0,10.0,12.0,1.0,1.0,0.0,2.0,3.0,10.0,-10.0
22200755,1610612740,NOP,New Orleans,1626195,Willy Hernangomez,Willy,,DNP - Coach's Decision,,,,,,,,,,,,,,,,,,,,
22200755,1610612740,NOP,New Orleans,1631220,Dereon Seabron,Dereon,,DNP - Coach's Decision,,,,,,,,,,,,,,,,,,,,
22200755,1610612740,NOP,New Orleans,202066,Garrett Temple,Garrett,,DNP - Coach's Decision,,,,,,,,,,,,,,,,,,,,
22200755,1610612749,MIL,Milwaukee,1626192,Pat Connaughton,Pat,F,,26:14,2.0,6.0,0.333,2.0,5.0,0.4,0.0,0.0,0.0,1.0,5.0,6.0,1.0,1.0,0.0,0.0,2.0,6.0,5.0
22200755,1610612749,MIL,Milwaukee,203507,Giannis Antetokounmpo,Giannis,F,,30:21,20.0,26.0,0.769,3.0,4.0,0.75,7.0,12.0,0.583,3.0,10.0,13.0,4.0,0.0,0.0,3.0,5.0,50.0,16.0
22200755,1610612749,MIL,Milwaukee,201572,Brook Lopez,Brook,C,,31:57,6.0,12.0,0.5,0.0,4.0,0.0,3.0,4.0,0.75,2.0,6.0,8.0,3.0,1.0,2.0,1.0,2.0,15.0,26.0
22200755,1610612749,MIL,Milwaukee,1628960,Grayson Allen,Grayson,G,,25:35,3.0,8.0,0.375,2.0,6.0,0.333,0.0,0.0,0.0,0.0,1.0,1.0,4.0,2.0,0.0,2.0,1.0,8.0,0.0
22200755,1610612749,MIL,Milwaukee,201950,Jrue Holiday,Jrue,G,,30:18,7.0,15.0,0.467,1.0,7.0,0.143,2.0,4.0,0.5,2.0,5.0,7.0,6.0,0.0,0.0,3.0,3.0,17.0,37.0
22200755,1610612749,MIL,Milwaukee,204060,Joe Ingles,Joe,,,25:42,3.0,5.0,0.6,3.0,5.0,0.6,0.0,0.0,0.0,0.0,2.0,2.0,3.0,1.0,0.0,0.0,2.0,9.0,21.0
22200755,1610612749,MIL,Milwaukee,202083,Wesley Matthews,Wesley,,,19:43,3.0,6.0,0.5,2.0,4.0,0.5,0.0,0.0,0.0,1.0,8.0,9.0,0.0,0.0,0.0,0.0,0.0,8.0,31.0
22200755,1610612749,MIL,Milwaukee,203114,Khris Middleton,Khris,,,17:32,4.0,9.0,0.444,1.0,3.0,0.333,0.0,0.0,0.0,0.0,3.0,3.0,4.0,1.0,1.0,2.0,1.0,9.0,2.0
22200755,1610612749,MIL,Milwaukee,1629670,Jordan Nwora,Jordan,,,14:14,2.0,3.0,0.667,1.0,1.0,1.0,0.0,0.0,0.0,3.0,3.0,6.0,1.0,0.0,1.0,0.0,1.0,5.0,2.0
22200755,1610612749,MIL,Milwaukee,1628975,Jevon Carter,Jevon,,,13:16,2.0,4.0,0.5,2.0,4.0,0.5,0.0,0.0,0.0,0.0,1.0,1.0,1.0,1.0,0.0,0.0,1.0,6.0,-15.0
22200755,1610612749,MIL,Milwaukee,1630572,Sandro Mamukelashvili,Sandro,,,2:40,1.0,1.0,1.0,0.0,0.0,0.0,0.0,0.0,0.0,0.0,0.0,0.0,0.0,0.0,0.0,0.0,0.0,2.0,4.0
22200755,1610612749,MIL,Milwaukee,1630699,MarJon Beauchamp,MarJon,,,1:14,0.0,0.0,0.0,0.0,0.0,0.0,0.0,0.0,0.0,0.0,0.0,0.0,0.0,0.0,0.0,0.0,0.0,0.0,-2.0
22200755,1610612749,MIL,Milwaukee,203648,Thanasis Antetokounmpo,Thanasis,,,1:14,0.0,1.0,0.0,0.0,0.0,0.0,0.0,0.0,0.0,0.0,1.0,1.0,0.0,0.0,0.0,0.0,0.0,0.0,-2.0
22200755,1610612749,MIL,Milwaukee,201588,George Hill,George,,DNP - Coach's Decision,,,,,,,,,,,,,,,,,,,,
22200749,1610612747,LAL,Los Angeles,1628972,Troy Brown Jr.,Troy,F,,26:51,1.0,7.0,0.143,0.0,5.0,0.0,0.0,0.0,0.0,1.0,3.0,4.0,1.0,0.0,0.0,0.0,2.0,2.0,-13.0
22200749,1610612747,LAL,Los Angeles,2544,LeBron James,LeBron,F,,44:12,15.0,30.0,0.5,6.0,12.0,0.5,5.0,6.0,0.833,1.0,8.0,9.0,8.0,0.0,0.0,2.0,2.0,41.0,2.0
22200749,1610612747,LAL,Los Angeles,1628418,Thomas Bryant,Thomas,C,,19:07,1.0,1.0,1.0,0.0,0.0,0.0,1.0,2.0,0.5,1.0,5.0,6.0,0.0,0.0,0.0,0.0,0.0,3.0,12.0
22200749,1610612747,LAL,Los Angeles,201976,Patrick Beverley,Patrick,G,,36:27,5.0,10.0,0.5,4.0,7.0,0.571,1.0,2.0,0.5,1.0,4.0,5.0,5.0,2.0,0.0,0.0,4.0,15.0,1.0
22200749,1610612747,LAL,Los Angeles,203471,Dennis Schröder,Dennis,G,,37:34,6.0,12.0,0.5,0.0,5.0,0.0,1.0,1.0,1.0,0.0,2.0,2.0,3.0,0.0,0.0,2.0,5.0,13.0,2.0
22200749,1610612747,LAL,Los Angeles,201566,Russell Westbrook,Russell,,,25:19,4.0,14.0,0.286,0.0,3.0,0.0,4.0,5.0,0.8,2.0,2.0,4.0,7.0,1.0,0.0,5.0,4.0,12.0,-10.0
22200749,1610612747,LAL,Los Angeles,203076,Anthony Davis,Anthony,,,33:53,6.0,15.0,0.4,1.0,3.0,0.333,3.0,4.0,0.75,5.0,5.0,10.0,4.0,0.0,0.0,2.0,4.0,16.0,-15.0
22200749,1610612747,LAL,Los Angeles,1629022,Lonnie Walker IV,Lonnie,,,17:57,6.0,8.0,0.75,1.0,3.0,0.333,0.0,0.0,0.0,0.0,3.0,3.0,1.0,1.0,0.0,1.0,1.0,13.0,0.0
22200749,1610612747,LAL,Los Angeles,1629060,Rui Hachimura,Rui,,,23:39,3.0,8.0,0.375,0.0,4.0,0.0,0.0,0.0,0.0,0.0,4.0,4.0,1.0,0.0,0.0,0.0,1.0,6.0,6.0
22200749,1610612747,LAL,Los Angeles,1631108,Max Christie,Max,,DNP - Coach's Decision,,,,,,,,,,,,,,,,,,,,
22200749,1610612747,LAL,Los Angeles,1629117,Wenyen Gabriel,Wenyen,,DNP - Coach's Decision,,,,,,,,,,,,,,,,,,,,
22200749,1610612747,LAL,Los Angeles,1627745,Damian Jones,Damian,,DNP - Coach's Decision,,,,,,,,,,,,,,,,,,,,
22200749,1610612747,LAL,Los Angeles,1629308,Juan Toscano-Anderson,Juan,,DNP - Coach's Decision,,,,,,,,,,,,,,,,,,,,
22200749,1610612738,BOS,Boston,1628369,Jayson Tatum,Jayson,F,,47:20,8.0,25.0,0.32,3.0,10.0,0.3,11.0,12.0,0.917,2.0,9.0,11.0,4.0,2.0,1.0,6.0,3.0,30.0,2.0
22200749,1610612738,BOS,Boston,1629684,Grant Williams,Grant,F,,38:47,3.0,6.0,0.5,2.0,3.0,0.667,1.0,2.0,0.5,0.0,9.0,9.0,0.0,1.0,0.0,1.0,6.0,9.0,3.0
22200749,1610612738,BOS,Boston,201143,Al Horford,Al,C,,37:58,2.0,6.0,0.333,1.0,5.0,0.2,2.0,2.0,1.0,1.0,1.0,2.0,3.0,1.0,3.0,0.0,1.0,7.0,-6.0
22200749,1610612738,BOS,Boston,1627759,Jaylen Brown,Jaylen,G,,38:37,13.0,23.0,0.565,2.0,9.0,0.222,9.0,11.0,0.818,1.0,8.0,9.0,3.0,1.0,1.0,3.0,5.0,37.0,1.0
22200749,1610612738,BOS,Boston,1628401,Derrick White,Derrick,G,,35:55,5.0,8.0,0.625,2.0,5.0,0.4,2.0,2.0,1.0,1.0,4.0,5.0,2.0,0.0,1.0,0.0,0.0,14.0,-7.0
22200749,1610612738,BOS,Boston,1627763,Malcolm Brogdon,Malcolm,,,39:19,8.0,15.0,0.533,3.0,7.0,0.429,7.0,8.0,0.875,1.0,5.0,6.0,4.0,2.0,1.0,2.0,4.0,26.0,10.0
22200749,1610612738,BOS,Boston,1628436,Luke Kornet,Luke,,,16:21,0.0,0.0,0.0,0.0,0.0,0.0,2.0,2.0,1.0,1.0,1.0,2.0,2.0,1.0,2.0,0.0,2.0,2.0,8.0
22200749,1610612738,BOS,Boston,1630573,Sam Hauser,Sam,,,5:14,0.0,0.0,0.0,0.0,0.0,0.0,0.0,0.0,0.0,0.0,2.0,2.0,0.0,0.0,0.0,0.0,0.0,0.0,0.0
22200749,1610612738,BOS,Boston,1630202,Payton Pritchard,Payton,,,5:30,0.0,1.0,0.0,0.0,1.0,0.0,0.0,0.0,0.0,0.0,0.0,0.0,0.0,0.0,0.0,0.0,1.0,0.0,4.0
22200749,1610612738,BOS,Boston,201933,Blake Griffin,Blake,,DNP - Coach's Decision,,,,,,,,,,,,,,,,,,,,
22200749,1610612738,BOS,Boston,1628382,Justin Jackson,Justin,,DNP - Coach's Decision,,,,,,,,,,,,,,,,,,,,
22200746,1610612758,SAC,Sacramento,203084,Harrison Barnes,Harrison,F,,36:48,1.0,7.0,0.143,1.0,4.0,0.25,10.0,11.0,0.909,1.0,2.0,3.0,1.0,1.0,0.0,2.0,1.0,13.0,-3.0
22200746,1610612758,SAC,Sacramento,1631099,Keegan Murray,Keegan,F,,32:17,3.0,8.0,0.375,2.0,6.0,0.333,0.0,0.0,0.0,2.0,2.0,4.0,0.0,0.0,0.0,0.0,4.0,8.0,-2.0
22200746,1610612758,SAC,Sacramento,1627734,Domantas Sabonis,Domantas,C,,39:24,9.0,13.0,0.692,0.0,1.0,0.0,5.0,8.0,0.625,4.0,6.0,10.0,5.0,0.0,0.0,3.0,4.0,23.0,-5.0
22200746,1610612758,SAC,Sacramento,1628989,Kevin Huerter,Kevin,G,,35:39,4.0,12.0,0.333,2.0,7.0,0.286,1.0,2.0,0.5,3.0,4.0,7.0,3.0,0.0,0.0,2.0,3.0,11.0,-9.0
22200746,1610612758,SAC,Sacramento,1628368,De'Aaron Fox,De'Aaron,G,,34:45,10.0,24.0,0.417,1.0,7.0,0.143,8.0,10.0,0.8,0.0,3.0,3.0,6.0,2.0,0.0,0.0,5.0,29.0,-7.0
22200746,1610612758,SAC,Sacramento,1630558,Davion Mitchell,Davion,,,17:41,2.0,3.0,0.667,0.0,0.0,0.0,0.0,0.0,0.0,0.0,3.0,3.0,5.0,1.0,0.0,0.0,0.0,4.0,0.0
22200746,1610612758,SAC,Sacramento,1629644,KZ Okpala,KZ,,,3:52,0.0,2.0,0.0,0.0,1.0,0.0,0.0,0.0,0.0,0.0,0.0,0.0,0.0,0.0,0.0,0.0,0.0,0.0,-4.0
22200746,1610612758,SAC,Sacramento,1626168,Trey Lyles,Trey,,,12:07,0.0,2.0,0.0,0.0,2.0,0.0,2.0,2.0,1.0,0.0,2.0,2.0,0.0,1.0,0.0,0.0,1.0,2.0,-5.0
22200746,1610612758,SAC,Sacramento,1628370,Malik Monk,Malik,,,18:53,5.0,6.0,0.833,3.0,4.0,0.75,0.0,1.0,0.0,0.0,3.0,3.0,3.0,0.0,0.0,2.0,3.0,13.0,4.0
22200746,1610612758,SAC,Sacramento,1629002,Chimezie Metu,Chimezie,,,8:31,3.0,5.0,0.6,0.0,1.0,0.0,1.0,2.0,0.5,0.0,1.0,1.0,0.0,0.0,0.0,0.0,0.0,7.0,-4.0
22200746,1610612758,SAC,Sacramento,1626158,Richaun Holmes,Richaun,,,0:03,0.0,0.0,0.0,0.0,0.0,0.0,0.0,0.0,0.0,0.0,0.0,0.0,0.0,0.0,0.0,0.0,0.0,0.0,0.0
22200746,1610612758,SAC,Sacramento,1629056,Terence Davis,Terence,,DNP - Coach's Decision,,,,,,,,,,,,,,,,,,,,
22200746,1610612758,SAC,Sacramento,203521,Matthew Dellavedova,Matthew,,DNP - Coach's Decision,,,,,,,,,,,,,,,,,,,,
22200746,1610612758,SAC,Sacramento,1628408,PJ Dozier,PJ,,DNP - Coach's Decision,,,,,,,,,,,,,,,,,,,,
22200746,1610612758,SAC,Sacramento,203458,Alex Len,Alex,,DNP - Coach's Decision,,,,,,,,,,,,,,,,,,,,
22200746,1610612750,MIN,Minnesota,1630183,Jaden McDaniels,Jaden,F,,35:19,6.0,12.0,0.5,3.0,7.0,0.429,0.0,0.0,0.0,2.0,6.0,8.0,2.0,0.0,0.0,4.0,5.0,15.0,14.0
22200746,1610612750,MIN,Minnesota,203937,Kyle Anderson,Kyle,F,,26:57,2.0,4.0,0.5,1.0,1.0,1.0,4.0,5.0,0.8,1.0,3.0,4.0,5.0,0.0,0.0,0.0,4.0,9.0,13.0
22200746,1610612750,MIN,Minnesota,203497,Rudy Gobert,Rudy,C,,35:51,3.0,5.0,0.6,0.0,0.0,0.0,7.0,9.0,0.778,2.0,12.0,14.0,1.0,1.0,1.0,2.0,2.0,13.0,6.0
22200746,1610612750,MIN,Minnesota,1630162,Anthony Edwards,Anthony,G,,37:36,14.0,21.0,0.667,5.0,7.0,0.714,1.0,2.0,0.5,2.0,8.0,10.0,6.0,2.0,1.0,6.0,2.0,34.0,16.0
22200746,1610612750,MIN,Minnesota,1626156,D'Angelo Russell,D'Angelo,G,,37:15,8.0,14.0,0.571,7.0,9.0,0.778,2.0,2.0,1.0,1.0,1.0,2.0,6.0,1.0,0.0,3.0,4.0,25.0,6.0
22200746,1610612750,MIN,Minnesota,1629675,Naz Reid,Naz,,,13:19,6.0,9.0,0.667,1.0,4.0,0.25,1.0,1.0,1.0,0.0,2.0,2.0,0.0,0.0,0.0,1.0,4.0,14.0,-8.0
22200746,1610612750,MIN,Minnesota,203085,Austin Rivers,Austin,,,23:11,1.0,3.0,0.333,0.0,2.0,0.0,0.0,0.0,0.0,0.0,0.0,0.0,1.0,1.0,0.0,1.0,2.0,2.0,-11.0
22200746,1610612750,MIN,Minnesota,1630568,Luka Garza,Luka,,,4:15,0.0,3.0,0.0,0.0,2.0,0.0,0.0,0.0,0.0,0.0,0.0,0.0,0.0,0.0,0.0,1.0,1.0,0.0,6.0
22200746,1610612750,MIN,Minnesota,1629669,Jaylen Nowell,Jaylen,,,17:60,2.0,8.0,0.25,0.0,4.0,0.0,0.0,0.0,0.0,1.0,3.0,4.0,4.0,0.0,0.0,0.0,2.0,4.0,1.0
22200746,1610612750,MIN,Minnesota,1630233,Nathan Knight,Nathan,,,7:43,0.0,1.0,0.0,0.0,1.0,0.0,1.0,2.0,0.5,0.0,0.0,0.0,0.0,0.0,0.0,1.0,0.0,1.0,-6.0
22200746,1610612750,MIN,Minnesota,1631111,Wendell Moore Jr.,Wendell,,,0:34,0.0,0.0,0.0,0.0,0.0,0.0,0.0,0.0,0.0,0.0,0.0,0.0,0.0,0.0,0.0,0.0,0.0,0.0,-2.0
22200746,1610612750,MIN,Minnesota,1627854,Bryn Forbes,Bryn,,DNP - Coach's Decision,,,,,,,,,,,,,,,,,,,,
22200746,1610612750,MIN,Minnesota,1631169,Josh Minott,Josh,,DNP - Coach's Decision,,,,,,,,,,,,,,,,,,,,
22200751,1610612761,TOR,Toronto,1630567,Scottie Barnes,Scottie,F,,37:44,7.0,12.0,0.583,0.0,1.0,0.0,4.0,4.0,1.0,4.0,6.0,10.0,7.0,0.0,0.0,0.0,1.0,18.0,26.0
22200751,1610612761,TOR,Toronto,1627783,Pascal Siakam,Pascal,F,,39:08,9.0,17.0,0.529,1.0,2.0,0.5,5.0,5.0,1.0,0.0,3.0,3.0,4.0,0.0,0.0,1.0,4.0,24.0,17.0
22200751,1610612761,TOR,Toronto,1630173,Precious Achiuwa,Precious,C,,33:25,11.0,16.0,0.688,1.0,2.0,0.5,4.0,4.0,1.0,3.0,10.0,13.0,0.0,2.0,1.0,2.0,3.0,27.0,27.0
22200751,1610612761,TOR,Toronto,1629018,Gary Trent Jr.,Gary,G,,35:39,7.0,16.0,0.438,4.0,10.0,0.4,1.0,1.0,1.0,0.0,1.0,1.0,1.0,0.0,0.0,0.0,1.0,19.0,18.0
22200751,1610612761,TOR,Toronto,1627832,Fred VanVleet,Fred,G,,41:07,4.0,13.0,0.308,2.0,8.0,0.25,1.0,1.0,1.0,3.0,3.0,6.0,9.0,4.0,1.0,2.0,4.0,11.0,19.0
22200751,1610612761,TOR,Toronto,1628449,Chris Boucher,Chris,,,17:11,4.0,7.0,0.571,1.0,3.0,0.333,1.0,2.0,0.5,2.0,3.0,5.0,1.0,0.0,0.0,0.0,1.0,10.0,-6.0
22200751,1610612761,TOR,Toronto,201152,Thaddeus Young,Thaddeus,,,9:09,3.0,4.0,0.75,0.0,0.0,0.0,1.0,1.0,1.0,1.0,0.0,1.0,1.0,0.0,1.0,0.0,2.0,7.0,-1.0
22200751,1610612761,TOR,Toronto,1630201,Malachi Flynn,Malachi,,,10:23,0.0,3.0,0.0,0.0,2.0,0.0,0.0,0.0,0.0,1.0,1.0,2.0,0.0,0.0,0.0,0.0,1.0,0.0,1.0
22200751,1610612761,TOR,Toronto,1627823,Juancho Hernangomez,Juancho,,,11:38,1.0,2.0,0.5,1.0,2.0,0.5,0.0,0.0,0.0,0.0,2.0,2.0,0.0,0.0,0.0,1.0,1.0,3.0,-14.0
22200751,1610612761,TOR,Toronto,1630288,Jeff Dowtin Jr.,Jeff,,,1:32,0.0,0.0,0.0,0.0,0.0,0.0,0.0,0.0,0.0,0.0,0.0,0.0,1.0,0.0,0.0,0.0,0.0,0.0,1.0
22200751,1610612761,TOR,Toronto,1631199,Ron Harper Jr.,Ron,,,1:32,1.0,1.0,1.0,0.0,0.0,0.0,0.0,0.0,0.0,1.0,0.0,1.0,0.0,0.0,0.0,0.0,0.0,2.0,1.0
22200751,1610612761,TOR,Toronto,1631132,Christian Koloko,Christian,,,1:32,1.0,1.0,1.0,0.0,0.0,0.0,0.0,0.0,0.0,0.0,1.0,1.0,0.0,0.0,0.0,0.0,0.0,2.0,1.0
22200751,1610612761,TOR,Toronto,203920,Khem Birch,Khem,,DNP - Coach's Decision,,,,,,,,,,,,,,,,,,,,
22200751,1610612757,POR,Portland,1629642,Nassir Little,Nassir,F,,29:31,3.0,6.0,0.5,2.0,4.0,0.5,0.0,0.0,0.0,0.0,3.0,3.0,2.0,0.0,1.0,1.0,0.0,8.0,-25.0
22200751,1610612757,POR,Portland,203924,Jerami Grant,Jerami,F,,40:46,9.0,19.0,0.474,1.0,4.0,0.25,7.0,9.0,0.778,0.0,8.0,8.0,3.0,1.0,2.0,1.0,2.0,26.0,-22.0
22200751,1610612757,POR,Portland,1629234,Drew Eubanks,Drew,C,,22:07,3.0,6.0,0.5,0.0,0.0,0.0,1.0,2.0,0.5,1.0,2.0,3.0,1.0,1.0,2.0,2.0,3.0,7.0,-14.0
22200751,1610612757,POR,Portland,1629014,Anfernee Simons,Anfernee,G,,40:28,7.0,12.0,0.583,0.0,2.0,0.0,0.0,0.0,0.0,1.0,4.0,5.0,4.0,0.0,0.0,3.0,4.0,14.0,-15.0
22200751,1610612757,POR,Portland,203081,Damian Lillard,Damian,G,,36:56,10.0,20.0,0.5,2.0,9.0,0.222,8.0,9.0,0.889,1.0,3.0,4.0,3.0,0.0,0.0,4.0,4.0,30.0,-24.0
22200751,1610612757,POR,Portland,1630570,Trendon Watford,Trendon,,,25:53,3.0,4.0,0.75,0.0,0.0,0.0,0.0,0.0,0.0,0.0,3.0,3.0,2.0,0.0,0.0,0.0,2.0,6.0,-4.0
22200751,1610612757,POR,Portland,1631101,Shaedon Sharpe,Shaedon,,,19:02,2.0,4.0,0.5,0.0,2.0,0.0,2.0,3.0,0.667,0.0,1.0,1.0,0.0,1.0,1.0,0.0,0.0,6.0,5.0
22200751,1610612757,POR,Portland,1627780,Gary Payton II,Gary,,,16:57,1.0,1.0,1.0,1.0,1.0,1.0,0.0,0.0,0.0,0.0,0.0,0.0,3.0,0.0,0.0,0.0,1.0,3.0,8.0
22200751,1610612757,POR,Portland,1631133,Jabari Walker,Jabari,,,5:16,1.0,2.0,0.5,0.0,0.0,0.0,0.0,0.0,0.0,0.0,0.0,0.0,0.0,0.0,0.0,0.0,0.0,2.0,3.0
22200751,1610612757,POR,Portland,1631219,John Butler Jr.,John,,,1:32,0.0,1.0,0.0,0.0,1.0,0.0,0.0,0.0,0.0,0.0,0.0,0.0,0.0,0.0,0.0,0.0,0.0,0.0,-1.0
22200751,1610612757,POR,Portland,1630553,Keon Johnson,Keon,,,1:32,1.0,1.0,1.0,1.0,1.0,1.0,0.0,0.0,0.0,0.0,0.0,0.0,0.0,0.0,0.0,0.0,0.0,3.0,-1.0
22200751,1610612757,POR,Portland,1628404,Josh Hart,Josh,,DNP - Injury/Illness,,,,,,,,,,,,,,,,,,,,
22200743,1610612745,HOU,Houston,1630231,KJ Martin,KJ,F,,26:42,7.0,11.0,0.636,0.0,1.0,0.0,1.0,2.0,0.5,3.0,10.0,13.0,1.0,0.0,1.0,1.0,3.0,15.0,0.0
22200743,1610612745,HOU,Houston,1631106,Tari Eason,Tari,F,,31:04,7.0,15.0,0.467,1.0,3.0,0.333,1.0,1.0,1.0,4.0,6.0,10.0,1.0,2.0,0.0,2.0,1.0,16.0,11.0
22200743,1610612745,HOU,Houston,1631095,Jabari Smith Jr.,Jabari,C,,33:34,2.0,12.0,0.167,0.0,3.0,0.0,3.0,4.0,0.75,2.0,10.0,12.0,2.0,2.0,3.0,0.0,2.0,7.0,9.0
22200743,1610612745,HOU,Houston,1630227,Daishen Nix,Daishen,G,,26:48,2.0,6.0,0.333,2.0,4.0,0.5,3.0,4.0,0.75,0.0,0.0,0.0,4.0,1.0,0.0,3.0,3.0,9.0,2.0
22200743,1610612745,HOU,Houston,201569,Eric Gordon,Eric,G,,33:33,8.0,17.0,0.471,1.0,8.0,0.125,7.0,7.0,1.0,0.0,0.0,0.0,7.0,2.0,0.0,4.0,0.0,24.0,0.0
22200743,1610612745,HOU,Houston,1628981,Bruno Fernando,Bruno,,,16:26,3.0,6.0,0.5,0.0,0.0,0.0,1.0,1.0,1.0,2.0,1.0,3.0,1.0,0.0,0.0,1.0,5.0,7.0,-8.0
22200743,1610612745,HOU,Houston,1630528,Josh Christopher,Josh,,,16:07,4.0,8.0,0.5,1.0,3.0,0.333,2.0,4.0,0.5,1.0,0.0,1.0,1.0,0.0,0.0,2.0,0.0,11.0,-2.0
22200743,1610612745,HOU,Houston,1631102,TyTy Washington Jr.,TyTy,,,3:45,1.0,2.0,0.5,0.0,1.0,0.0,0.0,0.0,0.0,0.0,0.0,0.0,0.0,0.0,0.0,1.0,1.0,2.0,-3.0
22200743,1610612745,HOU,Houston,1630256,Jae'Sean Tate,Jae'Sean,,,20:04,6.0,10.0,0.6,0.0,0.0,0.0,1.0,1.0,1.0,3.0,0.0,3.0,2.0,0.0,0.0,3.0,4.0,13.0,6.0
22200743,1610612745,HOU,Houston,1629726,Garrison Mathews,Garrison,,,12:31,1.0,2.0,0.5,1.0,2.0,0.5,2.0,3.0,0.667,0.0,0.0,0.0,0.0,1.0,0.0,0.0,0.0,5.0,-9.0
22200743,1610612745,HOU,Houston,1630586,Usman Garuba,Usman,,,19:26,3.0,3.0,1.0,2.0,2.0,1.0,0.0,0.0,0.0,1.0,5.0,6.0,1.0,0.0,0.0,0.0,1.0,8.0,9.0
22200743,1610612745,HOU,Houston,1626246,Boban Marjanović,Boban,,DNP - Coach's Decision,,,,,,,,,,,,,,,,,,,,
22200743,1610612745,HOU,Houston,1630578,Alperen Sengun,Alperen,,DNP - Injury/Illness,,,,,,,,,,,,,,,,,,,,
22200743,1610612765,DET,Detroit,1630180,Saddiq Bey,Saddiq,F,,27:15,4.0,11.0,0.364,1.0,7.0,0.143,1.0,1.0,1.0,0.0,6.0,6.0,2.0,0.0,0.0,1.0,2.0,10.0,-10.0
22200743,1610612765,DET,Detroit,202711,Bojan Bogdanović,Bojan,F,,37:07,6.0,17.0,0.353,1.0,6.0,0.167,5.0,6.0,0.833,1.0,1.0,2.0,3.0,1.0,0.0,1.0,2.0,18.0,-5.0
22200743,1610612765,DET,Detroit,1631105,Jalen Duren,Jalen,C,,24:06,3.0,4.0,0.75,0.0,0.0,0.0,3.0,4.0,0.75,2.0,3.0,5.0,0.0,2.0,1.0,0.0,5.0,9.0,-3.0
22200743,1610612765,DET,Detroit,202692,Alec Burks,Alec,G,,27:22,6.0,12.0,0.5,6.0,11.0,0.545,3.0,4.0,0.75,0.0,2.0,2.0,2.0,0.0,0.0,1.0,2.0,21.0,-5.0
22200743,1610612765,DET,Detroit,1631093,Jaden Ivey,Jaden,G,,27:43,4.0,9.0,0.444,2.0,4.0,0.5,6.0,8.0,0.75,2.0,5.0,7.0,5.0,1.0,1.0,6.0,3.0,16.0,-7.0
22200743,1610612765,DET,Detroit,1630587,Isaiah Livers,Isaiah,,,25:25,2.0,5.0,0.4,1.0,4.0,0.25,0.0,0.0,0.0,0.0,1.0,1.0,0.0,0.0,1.0,0.0,2.0,5.0,-5.0
22200743,1610612765,DET,Detroit,1628977,Hamidou Diallo,Hamidou,,,19:33,5.0,9.0,0.556,0.0,0.0,0.0,5.0,6.0,0.833,0.0,2.0,2.0,1.0,5.0,1.0,2.0,3.0,15.0,16.0
22200743,1610612765,DET,Detroit,1630191,Isaiah Stewart,Isaiah,,,23:55,3.0,6.0,0.5,0.0,1.0,0.0,0.0,0.0,0.0,3.0,3.0,6.0,3.0,0.0,1.0,1.0,2.0,6.0,0.0
22200743,1610612765,DET,Detroit,1630165,Killian Hayes,Killian,,,20:39,3.0,8.0,0.375,1.0,3.0,0.333,1.0,2.0,0.5,0.0,0.0,0.0,7.0,1.0,0.0,3.0,4.0,8.0,9.0
22200743,1610612765,DET,Detroit,1628995,Kevin Knox II,Kevin,,,6:56,2.0,2.0,1.0,2.0,2.0,1.0,0.0,0.0,0.0,0.0,4.0,4.0,0.0,0.0,0.0,1.0,0.0,6.0,-5.0
22200743,1610612765,DET,Detroit,203585,Rodney McGruder,Rodney,,DNP - Coach's Decision,,,,,,,,,,,,,,,,,,,,
22200743,1610612765,DET,Detroit,203457,Nerlens Noel,Nerlens,,DNP - Coach's Decision,,,,,,,,,,,,,,,,,,,,
22200742,1610612752,NYK,New York,1629628,RJ Barrett,RJ,F,,31:05,9.0,16.0,0.563,3.0,5.0,0.6,3.0,4.0,0.75,1.0,5.0,6.0,2.0,0.0,1.0,1.0,1.0,24.0,-19.0
22200742,1610612752,NYK,New York,203944,Julius Randle,Julius,F,,38:14,7.0,16.0,0.438,1.0,6.0,0.167,4.0,6.0,0.667,2.0,8.0,10.0,8.0,1.0,0.0,3.0,2.0,19.0,6.0
22200742,1610612752,NYK,New York,1630579,Jericho Sims,Jericho,C,,27:10,3.0,3.0,1.0,0.0,0.0,0.0,0.0,0.0,0.0,5.0,5.0,10.0,0.0,1.0,1.0,1.0,1.0,6.0,-3.0
22200742,1610612752,NYK,New York,1629656,Quentin Grimes,Quentin,G,,37:50,4.0,11.0,0.364,2.0,7.0,0.286,0.0,0.0,0.0,2.0,2.0,4.0,0.0,0.0,0.0,1.0,1.0,10.0,4.0
22200742,1610612752,NYK,New York,1628973,Jalen Brunson,Jalen,G,,37:13,10.0,19.0,0.526,0.0,2.0,0.0,6.0,6.0,1.0,2.0,1.0,3.0,4.0,1.0,0.0,1.0,2.0,26.0,8.0
22200742,1610612752,NYK,New York,1628392,Isaiah Hartenstein,Isaiah,,,20:22,4.0,5.0,0.8,0.0,0.0,0.0,0.0,0.0,0.0,1.0,4.0,5.0,2.0,0.0,2.0,1.0,3.0,8.0,-5.0
22200742,1610612752,NYK,New York,1630193,Immanuel Quickley,Immanuel,,,27:34,6.0,11.0,0.545,4.0,7.0,0.571,0.0,1.0,0.0,1.0,5.0,6.0,3.0,1.0,0.0,2.0,2.0,16.0,2.0
22200742,1610612752,NYK,New York,1630540,Miles McBride,Miles,,,10:47,1.0,5.0,0.2,0.0,1.0,0.0,0.0,0.0,0.0,0.0,1.0,1.0,0.0,0.0,0.0,0.0,1.0,2.0,-15.0
22200742,1610612752,NYK,New York,1630167,Obi Toppin,Obi,,,9:46,1.0,2.0,0.5,0.0,0.0,0.0,2.0,2.0,1.0,0.0,0.0,0.0,0.0,0.0,0.0,0.0,1.0,4.0,-13.0
22200742,1610612752,NYK,New York,1627853,Ryan Arcidiacono,Ryan,,DNP - Coach's Decision,,,,,,,,,,,,,,,,,,,,
22200742,1610612752,NYK,New York,203095,Evan Fournier,Evan,,DNP - Coach's Decision,,,,,,,,,,,,,,,,,,,,
22200742,1610612752,NYK,New York,1629004,Svi Mykhailiuk,Svi,,DNP - Coach's Decision,,,,,,,,,,,,,,,,,,,,
22200742,1610612752,NYK,New York,1629629,Cam Reddish,Cam,,DNP - Coach's Decision,,,,,,,,,,,,,,,,,,,,
22200742,1610612752,NYK,New York,201565,Derrick Rose,Derrick,,DNP - Coach's Decision,,,,,,,,,,,,,,,,,,,,
22200742,1610612751,BKN,Brooklyn,203925,Joe Harris,Joe,F,,31:25,6.0,9.0,0.667,4.0,7.0,0.571,0.0,0.0,0.0,0.0,2.0,2.0,2.0,0.0,0.0,0.0,3.0,16.0,18.0
22200742,1610612751,BKN,Brooklyn,1626220,Royce O'Neale,Royce,F,,36:00,4.0,10.0,0.4,4.0,7.0,0.571,2.0,2.0,1.0,1.0,4.0,5.0,3.0,1.0,0.0,1.0,2.0,14.0,-10.0
22200742,1610612751,BKN,Brooklyn,1629651,Nic Claxton,Nic,C,,34:38,6.0,6.0,1.0,0.0,0.0,0.0,1.0,4.0,0.25,2.0,10.0,12.0,6.0,0.0,3.0,0.0,2.0,13.0,7.0
22200742,1610612751,BKN,Brooklyn,203552,Seth Curry,Seth,G,,32:55,5.0,9.0,0.556,2.0,3.0,0.667,2.0,2.0,1.0,1.0,0.0,1.0,3.0,0.0,0.0,0.0,2.0,14.0,-6.0
22200742,1610612751,BKN,Brooklyn,202681,Kyrie Irving,Kyrie,G,,41:21,12.0,27.0,0.444,5.0,12.0,0.417,3.0,6.0,0.5,2.0,4.0,6.0,9.0,2.0,0.0,3.0,4.0,32.0,17.0
22200742,1610612751,BKN,Brooklyn,1630560,Cam Thomas,Cam,,,12:36,2.0,5.0,0.4,1.0,1.0,1.0,0.0,0.0,0.0,0.0,1.0,1.0,1.0,2.0,0.0,1.0,0.0,5.0,7.0
22200742,1610612751,BKN,Brooklyn,1630549,Day'Ron Sharpe,Day'Ron,,,13:46,3.0,6.0,0.5,0.0,0.0,0.0,0.0,0.0,0.0,3.0,0.0,3.0,1.0,0.0,0.0,1.0,1.0,6.0,-2.0
22200742,1610612751,BKN,Brooklyn,1628410,Edmond Sumner,Edmond,,,9:31,2.0,4.0,0.5,2.0,2.0,1.0,0.0,0.0,0.0,0.0,2.0,2.0,2.0,0.0,0.0,2.0,3.0,6.0,-6.0
22200742,1610612751,BKN,Brooklyn,201988,Patty Mills,Patty,,,10:42,3.0,7.0,0.429,1.0,5.0,0.2,0.0,0.0,0.0,0.0,1.0,1.0,2.0,0.0,0.0,0.0,0.0,7.0,7.0
22200742,1610612751,BKN,Brooklyn,1629139,Yuta Watanabe,Yuta,,,17:06,3.0,4.0,0.75,3.0,3.0,1.0,0.0,0.0,0.0,0.0,2.0,2.0,2.0,0.0,0.0,0.0,0.0,9.0,3.0
22200742,1610612751,BKN,Brooklyn,1630561,David Duke Jr.,David,,DNP - Coach's Decision,,,,,,,,,,,,,,,,,,,,
22200742,1610612751,BKN,Brooklyn,1630556,Kessler Edwards,Kessler,,DNP - Coach's Decision,,,,,,,,,,,,,,,,,,,,
22200742,1610612751,BKN,Brooklyn,202693,Markieff Morris,Markieff,,DNP - Coach's Decision,,,,,,,,,,,,,,,,,,,,
22200750,1610612742,DAL,Dallas,203501,Tim Hardaway Jr.,Tim,F,,30:39,4.0,12.0,0.333,1.0,7.0,0.143,1.0,2.0,0.5,1.0,3.0,4.0,2.0,2.0,0.0,0.0,1.0,10.0,-3.0
22200750,1610612742,DAL,Dallas,1627827,Dorian Finney-Smith,Dorian,F,,41:16,4.0,9.0,0.444,3.0,7.0,0.429,0.0,0.0,0.0,3.0,6.0,9.0,4.0,2.0,1.0,2.0,1.0,11.0,1.0
22200750,1610612742,DAL,Dallas,203939,Dwight Powell,Dwight,C,,22:32,1.0,3.0,0.333,0.0,0.0,0.0,0.0,0.0,0.0,2.0,1.0,3.0,3.0,2.0,1.0,2.0,2.0,2.0,-12.0
22200750,1610612742,DAL,Dallas,1630182,Josh Green,Josh,G,,37:52,4.0,12.0,0.333,1.0,6.0,0.167,2.0,2.0,1.0,1.0,2.0,3.0,5.0,0.0,0.0,3.0,4.0,11.0,-7.0
22200750,1610612742,DAL,Dallas,203915,Spencer Dinwiddie,Spencer,G,,41:31,11.0,23.0,0.478,6.0,11.0,0.545,7.0,10.0,0.7,0.0,4.0,4.0,8.0,1.0,1.0,3.0,1.0,35.0,-7.0
22200750,1610612742,DAL,Dallas,203493,Reggie Bullock Jr.,Reggie,,,33:27,7.0,10.0,0.7,5.0,8.0,0.625,0.0,0.0,0.0,0.0,5.0,5.0,2.0,0.0,0.0,0.0,5.0,19.0,-3.0
22200750,1610612742,DAL,Dallas,202722,Dāvis Bertāns,Dāvis,,,13:48,1.0,5.0,0.2,1.0,5.0,0.2,0.0,0.0,0.0,0.0,1.0,1.0,1.0,0.0,0.0,1.0,1.0,3.0,-3.0
22200750,1610612742,DAL,Dallas,1628373,Frank Ntilikina,Frank,,,12:22,2.0,5.0,0.4,0.0,1.0,0.0,2.0,3.0,0.667,0.0,2.0,2.0,1.0,0.0,0.0,2.0,1.0,6.0,-7.0
22200750,1610612742,DAL,Dallas,1630702,Jaden Hardy,Jaden,,,5:03,1.0,1.0,1.0,1.0,1.0,1.0,0.0,0.0,0.0,0.0,0.0,0.0,0.0,0.0,0.0,1.0,2.0,3.0,1.0
22200750,1610612742,DAL,Dallas,1629033,Theo Pinson,Theo,,,0:30,0.0,0.0,0.0,0.0,0.0,0.0,0.0,0.0,0.0,0.0,0.0,0.0,0.0,0.0,0.0,0.0,0.0,0.0,0.0
22200750,1610612742,DAL,Dallas,1630639,A.J. Lawson,A.J.,,,0:30,0.0,0.0,0.0,0.0,0.0,0.0,0.0,0.0,0.0,0.0,0.0,0.0,0.0,0.0,0.0,0.0,0.0,0.0,0.0
22200750,1610612742,DAL,Dallas,1630593,McKinley Wright IV,McKinley,,,0:30,0.0,0.0,0.0,0.0,0.0,0.0,0.0,0.0,0.0,0.0,0.0,0.0,0.0,0.0,0.0,0.0,0.0,0.0,0.0
22200750,1610612742,DAL,Dallas,201580,JaVale McGee,JaVale,,DNP - Coach's Decision,,,,,,,,,,,,,,,,,,,,
22200750,1610612762,UTA,Utah,1628374,Lauri Markkanen,Lauri,F,,36:00,11.0,20.0,0.55,4.0,8.0,0.5,3.0,4.0,0.75,0.0,5.0,5.0,0.0,1.0,1.0,1.0,2.0,29.0,7.0
22200750,1610612762,UTA,Utah,203482,Kelly Olynyk,Kelly,F,,15:01,1.0,4.0,0.25,1.0,2.0,0.5,0.0,0.0,0.0,0.0,1.0,1.0,2.0,0.0,0.0,2.0,2.0,3.0,4.0
22200750,1610612762,UTA,Utah,1631117,Walker Kessler,Walker,C,,25:03,6.0,7.0,0.857,0.0,0.0,0.0,2.0,4.0,0.5,2.0,9.0,11.0,2.0,0.0,5.0,0.0,1.0,14.0,9.0
22200750,1610612762,UTA,Utah,203903,Jordan Clarkson,Jordan,G,,30:58,4.0,13.0,0.308,1.0,4.0,0.25,5.0,6.0,0.833,3.0,4.0,7.0,3.0,3.0,0.0,5.0,1.0,14.0,11.0
22200750,1610612762,UTA,Utah,201144,Mike Conley,Mike,G,,33:43,2.0,8.0,0.25,0.0,4.0,0.0,0.0,0.0,0.0,2.0,3.0,5.0,11.0,4.0,0.0,3.0,3.0,4.0,16.0
22200750,1610612762,UTA,Utah,1627736,Malik Beasley,Malik,,,29:47,7.0,13.0,0.538,5.0,11.0,0.455,0.0,0.0,0.0,1.0,3.0,4.0,2.0,0.0,0.0,1.0,4.0,19.0,5.0
22200750,1610612762,UTA,Utah,1629012,Collin Sexton,Collin,,,19:06,3.0,7.0,0.429,2.0,4.0,0.5,4.0,4.0,1.0,1.0,1.0,2.0,1.0,1.0,0.0,1.0,2.0,12.0,-10.0
22200750,1610612762,UTA,Utah,1629020,Jarred Vanderbilt,Jarred,,,22:27,3.0,3.0,1.0,0.0,0.0,0.0,1.0,4.0,0.25,1.0,5.0,6.0,3.0,0.0,0.0,0.0,2.0,7.0,-1.0
22200750,1610612762,UTA,Utah,200752,Rudy Gay,Rudy,,,10:17,1.0,4.0,0.25,0.0,1.0,0.0,0.0,0.0,0.0,1.0,4.0,5.0,2.0,0.0,0.0,0.0,2.0,2.0,-3.0
22200750,1610612762,UTA,Utah,1630534,Ochai Agbaji,Ochai,,,17:38,1.0,3.0,0.333,0.0,2.0,0.0,2.0,2.0,1.0,2.0,1.0,3.0,0.0,0.0,0.0,3.0,4.0,4.0,2.0
22200750,1610612762,UTA,Utah,1629638,Nickeil Alexander-Walker,Nickeil,,DNP - Coach's Decision,,,,,,,,,,,,,,,,,,,,
22200750,1610612762,UTA,Utah,1628962,Udoka Azubuike,Udoka,,DNP - Coach's Decision,,,,,,,,,,,,,,,,,,,,
22200750,1610612762,UTA,Utah,1630195,Leandro Bolmaro,Leandro,,DNP - Coach's Decision,,,,,,,,,,,,,,,,,,,,
22200750,1610612762,UTA,Utah,1631323,Simone Fontecchio,Simone,,DNP - Coach's Decision,,,,,,,,,,,,,,,,,,,,
22200750,1610612762,UTA,Utah,1629659,Talen Horton-Tucker,Talen,,DNP - Coach's Decision,,,,,,,,,,,,,,,,,,,,
22200741,1610612743,DEN,Denver,1629008,Michael Porter Jr.,Michael,F,,28:31,7.0,11.0,0.636,5.0,9.0,0.556,1.0,1.0,1.0,0.0,6.0,6.0,0.0,0.0,0.0,0.0,2.0,20.0,8.0
22200741,1610612743,DEN,Denver,203932,Aaron Gordon,Aaron,F,,29:23,8.0,10.0,0.8,0.0,1.0,0.0,2.0,4.0,0.5,1.0,4.0,5.0,3.0,0.0,0.0,0.0,1.0,18.0,5.0
22200741,1610612743,DEN,Denver,203999,Nikola Jokić,Nikola,C,,38:19,8.0,12.0,0.667,2.0,2.0,1.0,6.0,6.0,1.0,1.0,7.0,8.0,9.0,0.0,2.0,7.0,2.0,24.0,-1.0
22200741,1610612743,DEN,Denver,203484,Kentavious Caldwell-Pope,Kentavious,G,,33:40,3.0,8.0,0.375,2.0,4.0,0.5,0.0,0.0,0.0,1.0,4.0,5.0,4.0,3.0,0.0,0.0,2.0,8.0,5.0
22200741,1610612743,DEN,Denver,1627750,Jamal Murray,Jamal,G,,38:48,7.0,16.0,0.438,2.0,7.0,0.286,6.0,7.0,0.857,1.0,3.0,4.0,6.0,1.0,0.0,4.0,3.0,22.0,-14.0
22200741,1610612743,DEN,Denver,1628971,Bruce Brown,Bruce,,,21:53,3.0,8.0,0.375,1.0,3.0,0.333,0.0,0.0,0.0,1.0,3.0,4.0,3.0,0.0,1.0,2.0,2.0,7.0,-9.0
22200741,1610612743,DEN,Denver,1630538,Bones Hyland,Bones,,,21:08,4.0,10.0,0.4,1.0,6.0,0.167,2.0,2.0,1.0,0.0,1.0,1.0,2.0,1.0,2.0,0.0,1.0,11.0,-11.0
22200741,1610612743,DEN,Denver,201145,Jeff Green,Jeff,,,18:37,2.0,3.0,0.667,0.0,1.0,0.0,0.0,0.0,0.0,0.0,1.0,1.0,1.0,0.0,0.0,1.0,1.0,4.0,-12.0
22200741,1610612743,DEN,Denver,1630192,Zeke Nnaji,Zeke,,,9:41,2.0,3.0,0.667,1.0,1.0,1.0,0.0,0.0,0.0,1.0,1.0,2.0,0.0,1.0,1.0,0.0,0.0,5.0,-6.0
22200741,1610612743,DEN,Denver,1631128,Christian Braun,Christian,,DNP - Coach's Decision,,,,,,,,,,,,,,,,,,,,
22200741,1610612743,DEN,Denver,1628427,Vlatko Čančar,Vlatko,,DNP - Coach's Decision,,,,,,,,,,,,,,,,,,,,
22200741,1610612743,DEN,Denver,201599,DeAndre Jordan,DeAndre,,DNP - Coach's Decision,,,,,,,,,,,,,,,,,,,,
22200741,1610612743,DEN,Denver,1628432,Davon Reed,Davon,,DNP - Coach's Decision,,,,,,,,,,,,,,,,,,,,
22200741,1610612743,DEN,Denver,202397,Ish Smith,Ish,,DNP - Coach's Decision,,,,,,,,,,,,,,,,,,,,
22200741,1610612755,PHI,Philadelphia,202699,Tobias Harris,Tobias,F,,32:13,6.0,10.0,0.6,2.0,4.0,0.5,0.0,0.0,0.0,0.0,6.0,6.0,2.0,1.0,0.0,1.0,2.0,14.0,3.0
22200741,1610612755,PHI,Philadelphia,200782,P.J. Tucker,P.J.,F,,24:28,1.0,4.0,0.25,0.0,1.0,0.0,0.0,0.0,0.0,1.0,0.0,1.0,1.0,1.0,0.0,0.0,4.0,2.0,-1.0
22200741,1610612755,PHI,Philadelphia,203954,Joel Embiid,Joel,C,,37:53,18.0,31.0,0.581,4.0,7.0,0.571,7.0,10.0,0.7,6.0,12.0,18.0,5.0,3.0,2.0,6.0,2.0,47.0,14.0
22200741,1610612755,PHI,Philadelphia,1629001,De'Anthony Melton,De'Anthony,G,,22:45,4.0,8.0,0.5,3.0,5.0,0.6,2.0,2.0,1.0,1.0,1.0,2.0,2.0,2.0,0.0,1.0,3.0,13.0,-12.0
22200741,1610612755,PHI,Philadelphia,201935,James Harden,James,G,,35:47,5.0,10.0,0.5,3.0,6.0,0.5,4.0,6.0,0.667,1.0,3.0,4.0,13.0,0.0,0.0,0.0,1.0,17.0,-3.0
22200741,1610612755,PHI,Philadelphia,1626149,Montrezl Harrell,Montrezl,,,10:07,1.0,1.0,1.0,0.0,0.0,0.0,0.0,0.0,0.0,0.0,0.0,0.0,0.0,0.0,0.0,0.0,2.0,2.0,-7.0
22200741,1610612755,PHI,Philadelphia,1630178,Tyrese Maxey,Tyrese,,,30:31,4.0,11.0,0.364,2.0,5.0,0.4,3.0,6.0,0.5,0.0,3.0,3.0,6.0,0.0,0.0,2.0,1.0,13.0,14.0
22200741,1610612755,PHI,Philadelphia,1629003,Shake Milton,Shake,,,15:26,1.0,3.0,0.333,0.0,0.0,0.0,0.0,0.0,0.0,1.0,1.0,2.0,2.0,0.0,0.0,0.0,0.0,2.0,5.0
22200741,1610612755,PHI,Philadelphia,1627777,Georges Niang,Georges,,,18:37,5.0,9.0,0.556,4.0,7.0,0.571,0.0,0.0,0.0,0.0,1.0,1.0,0.0,0.0,0.0,1.0,0.0,14.0,12.0
22200741,1610612755,PHI,Philadelphia,1629680,Matisse Thybulle,Matisse,,,12:13,1.0,2.0,0.5,0.0,0.0,0.0,0.0,0.0,0.0,2.0,0.0,2.0,0.0,3.0,0.0,0.0,0.0,2.0,10.0
22200741,1610612755,PHI,Philadelphia,1627863,Danuel House Jr.,Danuel,,DNP - Coach's Decision,,,,,,,,,,,,,,,,,,,,
22200741,1610612755,PHI,Philadelphia,1627788,Furkan Korkmaz,Furkan,,DNP - Coach's Decision,,,,,,,,,,,,,,,,,,,,
22200741,1610612755,PHI,Philadelphia,1630194,Paul Reed,Paul,,DNP - Coach's Decision,,,,,,,,,,,,,,,,,,,,
22200741,1610612755,PHI,Philadelphia,1630531,Jaden Springer,Jaden,,DNP - Coach's Decision,,,,,,,,,,,,,,,,,,,,
22200748,1610612756,PHX,Phoenix,1629661,Cameron Johnson,Cameron,F,,32:18,5.0,12.0,0.417,3.0,7.0,0.429,2.0,2.0,1.0,1.0,3.0,4.0,2.0,0.0,0.0,1.0,3.0,15.0,5.0
22200748,1610612756,PHX,Phoenix,1628470,Torrey Craig,Torrey,F,,30:44,3.0,7.0,0.429,2.0,3.0,0.667,0.0,0.0,0.0,2.0,4.0,6.0,1.0,1.0,1.0,0.0,1.0,8.0,4.0
22200748,1610612756,PHX,Phoenix,1629028,Deandre Ayton,Deandre,C,,36:33,11.0,20.0,0.55,0.0,0.0,0.0,1.0,2.0,0.5,1.0,7.0,8.0,3.0,1.0,0.0,2.0,3.0,23.0,2.0
22200748,1610612756,PHX,Phoenix,1628969,Mikal Bridges,Mikal,G,,40:55,10.0,18.0,0.556,1.0,4.0,0.25,4.0,5.0,0.8,1.0,0.0,1.0,4.0,1.0,1.0,0.0,3.0,25.0,6.0
22200748,1610612756,PHX,Phoenix,101108,Chris Paul,Chris,G,,39:14,12.0,20.0,0.6,1.0,4.0,0.25,6.0,6.0,1.0,0.0,7.0,7.0,11.0,1.0,2.0,1.0,1.0,31.0,14.0
22200748,1610612756,PHX,Phoenix,1627814,Damion Lee,Damion,,,20:41,3.0,8.0,0.375,0.0,3.0,0.0,1.0,2.0,0.5,1.0,3.0,4.0,1.0,1.0,0.0,3.0,0.0,7.0,7.0
22200748,1610612756,PHX,Phoenix,203967,Dario Šarić,Dario,,,23:03,1.0,8.0,0.125,0.0,0.0,0.0,0.0,0.0,0.0,6.0,7.0,13.0,1.0,0.0,1.0,1.0,4.0,2.0,2.0
22200748,1610612756,PHX,Phoenix,202687,Bismack Biyombo,Bismack,,,16:01,3.0,4.0,0.75,0.0,0.0,0.0,2.0,2.0,1.0,3.0,3.0,6.0,3.0,2.0,1.0,0.0,2.0,8.0,8.0
22200748,1610612756,PHX,Phoenix,1630240,Saben Lee,Saben,,,13:46,2.0,3.0,0.667,1.0,1.0,1.0,2.0,3.0,0.667,2.0,1.0,3.0,3.0,0.0,0.0,0.0,0.0,7.0,-4.0
22200748,1610612756,PHX,Phoenix,1629006,Josh Okogie,Josh,,,11:45,0.0,3.0,0.0,0.0,2.0,0.0,2.0,4.0,0.5,0.0,0.0,0.0,2.0,0.0,0.0,1.0,2.0,2.0,6.0
22200748,1610612756,PHX,Phoenix,1629111,Jock Landale,Jock,,DNP - Coach's Decision,,,,,,,,,,,,,,,,,,,,
22200748,1610612756,PHX,Phoenix,1630688,Ish Wainright,Ish,,DNP - Coach's Decision,,,,,,,,,,,,,,,,,,,,
22200748,1610612756,PHX,Phoenix,1630613,Duane Washington Jr.,Duane,,DNP - Coach's Decision,,,,,,,,,,,,,,,,,,,,
22200748,1610612759,SAS,San Antonio,1629640,Keldon Johnson,Keldon,F,,40:56,15.0,26.0,0.577,3.0,9.0,0.333,1.0,2.0,0.5,1.0,2.0,3.0,5.0,0.0,0.0,0.0,1.0,34.0,-3.0
22200748,1610612759,SAS,San Antonio,1631110,Jeremy Sochan,Jeremy,F,,39:33,11.0,25.0,0.44,3.0,6.0,0.5,5.0,5.0,1.0,3.0,5.0,8.0,5.0,0.0,0.0,3.0,4.0,30.0,-3.0
22200748,1610612759,SAS,San Antonio,1627751,Jakob Poeltl,Jakob,C,,33:26,4.0,8.0,0.5,0.0,0.0,0.0,0.0,0.0,0.0,4.0,9.0,13.0,6.0,0.0,3.0,4.0,3.0,8.0,-3.0
22200748,1610612759,SAS,San Antonio,1628966,Keita Bates-Diop,Keita,G,,32:14,5.0,8.0,0.625,1.0,2.0,0.5,3.0,3.0,1.0,1.0,3.0,4.0,4.0,0.0,0.0,1.0,0.0,14.0,3.0
22200748,1610612759,SAS,San Antonio,1630200,Tre Jones,Tre,G,,27:59,3.0,10.0,0.3,0.0,0.0,0.0,1.0,2.0,0.5,0.0,3.0,3.0,4.0,3.0,0.0,0.0,2.0,7.0,-12.0
22200748,1610612759,SAS,San Antonio,1631103,Malaki Branham,Malaki,,,20:59,2.0,8.0,0.25,0.0,3.0,0.0,1.0,1.0,1.0,1.0,0.0,1.0,1.0,2.0,0.0,1.0,2.0,5.0,-5.0
22200748,1610612759,SAS,San Antonio,203926,Doug McDermott,Doug,,,20:16,4.0,10.0,0.4,2.0,6.0,0.333,0.0,0.0,0.0,0.0,1.0,1.0,1.0,1.0,0.0,3.0,4.0,10.0,-9.0
22200748,1610612759,SAS,San Antonio,1628380,Zach Collins,Zach,,,19:34,1.0,4.0,0.25,0.0,0.0,0.0,1.0,2.0,0.5,2.0,4.0,6.0,4.0,0.0,1.0,0.0,2.0,3.0,-7.0
22200748,1610612759,SAS,San Antonio,1626169,Stanley Johnson,Stanley,,,25:57,3.0,8.0,0.375,1.0,3.0,0.333,0.0,2.0,0.0,4.0,8.0,12.0,2.0,0.0,0.0,0.0,1.0,7.0,-6.0
22200748,1610612759,SAS,San Antonio,1631104,Blake Wesley,Blake,,,4:06,0.0,2.0,0.0,0.0,0.0,0.0,0.0,0.0,0.0,1.0,1.0,2.0,0.0,0.0,0.0,1.0,1.0,0.0,-5.0
22200748,1610612759,SAS,San Antonio,203476,Gorgui Dieng,Gorgui,,DNP - Coach's Decision,,,,,,,,,,,,,,,,,,,,
22200748,1610612759,SAS,San Antonio,1629676,Isaiah Roby,Isaiah,,DNP - Coach's Decision,,,,,,,,,,,,,,,,,,,,
22200747,1610612764,WAS,Washington,1630557,Corey Kispert,Corey,F,,25:48,4.0,6.0,0.667,4.0,6.0,0.667,0.0,0.0,0.0,0.0,0.0,0.0,2.0,0.0,0.0,1.0,2.0,12.0,2.0
22200747,1610612764,WAS,Washington,1628398,Kyle Kuzma,Kyle,F,,37:38,4.0,13.0,0.308,2.0,9.0,0.222,0.0,0.0,0.0,0.0,9.0,9.0,5.0,1.0,1.0,2.0,2.0,10.0,4.0
22200747,1610612764,WAS,Washington,1629655,Daniel Gafford,Daniel,C,,29:21,8.0,11.0,0.727,0.0,0.0,0.0,5.0,8.0,0.625,5.0,7.0,12.0,2.0,1.0,5.0,2.0,2.0,21.0,6.0
22200747,1610612764,WAS,Washington,203078,Bradley Beal,Bradley,G,,32:31,5.0,17.0,0.294,2.0,6.0,0.333,4.0,5.0,0.8,1.0,3.0,4.0,5.0,0.0,1.0,5.0,1.0,16.0,14.0
22200747,1610612764,WAS,Washington,1628420,Monté Morris,Monté,G,,27:45,2.0,7.0,0.286,0.0,3.0,0.0,6.0,6.0,1.0,0.0,3.0,3.0,0.0,1.0,0.0,0.0,1.0,10.0,6.0
22200747,1610612764,WAS,Washington,1630166,Deni Avdija,Deni,,,27:21,5.0,8.0,0.625,1.0,3.0,0.333,4.0,6.0,0.667,0.0,9.0,9.0,1.0,2.0,0.0,1.0,2.0,15.0,14.0
22200747,1610612764,WAS,Washington,1626153,Delon Wright,Delon,,,24:28,3.0,7.0,0.429,0.0,1.0,0.0,2.0,2.0,1.0,2.0,2.0,4.0,0.0,0.0,0.0,2.0,1.0,8.0,1.0
22200747,1610612764,WAS,Washington,201959,Taj Gibson,Taj,,,17:20,4.0,6.0,0.667,0.0,1.0,0.0,1.0,2.0,0.5,5.0,5.0,10.0,3.0,0.0,1.0,2.0,4.0,9.0,3.0
22200747,1610612764,WAS,Washington,1629134,Kendrick Nunn,Kendrick,,,17:48,5.0,13.0,0.385,2.0,7.0,0.286,0.0,0.0,0.0,0.0,2.0,2.0,0.0,0.0,0.0,1.0,2.0,12.0,0.0
22200747,1610612764,WAS,Washington,203115,Will Barton,Will,,DNP - Coach's Decision,,,,,,,,,,,,,,,,,,,,
22200747,1610612764,WAS,Washington,1630176,Vernon Carey Jr.,Vernon,,DNP - Coach's Decision,,,,,,,,,,,,,,,,,,,,
22200747,1610612740,NOP,New Orleans,1630530,Trey Murphy III,Trey,F,,26:39,4.0,11.0,0.364,1.0,5.0,0.2,1.0,1.0,1.0,0.0,2.0,2.0,0.0,1.0,2.0,0.0,0.0,10.0,-5.0
22200747,1610612740,NOP,New Orleans,1627742,Brandon Ingram,Brandon,F,,28:52,8.0,22.0,0.364,1.0,5.0,0.2,5.0,5.0,1.0,0.0,6.0,6.0,4.0,1.0,0.0,6.0,3.0,22.0,0.0
22200747,1610612740,NOP,New Orleans,202685,Jonas Valančiūnas,Jonas,C,,8:46,0.0,3.0,0.0,0.0,2.0,0.0,0.0,0.0,0.0,0.0,3.0,3.0,0.0,0.0,0.0,2.0,3.0,0.0,1.0
22200747,1610612740,NOP,New Orleans,1630529,Herbert Jones,Herbert,G,,31:21,3.0,5.0,0.6,0.0,1.0,0.0,2.0,2.0,1.0,0.0,4.0,4.0,1.0,0.0,1.0,0.0,3.0,8.0,-6.0
22200747,1610612740,NOP,New Orleans,203468,CJ McCollum,CJ,G,,35:53,9.0,19.0,0.474,2.0,6.0,0.333,4.0,5.0,0.8,1.0,4.0,5.0,5.0,1.0,1.0,0.0,2.0,24.0,-7.0
22200747,1610612740,NOP,New Orleans,1630230,Naji Marshall,Naji,,,17:53,4.0,8.0,0.5,0.0,1.0,0.0,0.0,0.0,0.0,1.0,4.0,5.0,3.0,2.0,0.0,1.0,2.0,8.0,-7.0
22200747,1610612740,NOP,New Orleans,1626195,Willy Hernangomez,Willy,,,20:03,2.0,6.0,0.333,0.0,0.0,0.0,1.0,2.0,0.5,1.0,6.0,7.0,0.0,1.0,3.0,0.0,2.0,5.0,-11.0
22200747,1610612740,NOP,New Orleans,1626204,Larry Nance Jr.,Larry,,,28:02,4.0,6.0,0.667,0.0,1.0,0.0,0.0,0.0,0.0,5.0,3.0,8.0,3.0,0.0,1.0,0.0,4.0,8.0,0.0
22200747,1610612740,NOP,New Orleans,1628984,Devonte' Graham,Devonte',,,17:03,3.0,6.0,0.5,3.0,6.0,0.5,0.0,0.0,0.0,0.0,0.0,0.0,1.0,1.0,0.0,1.0,2.0,9.0,-7.0
22200747,1610612740,NOP,New Orleans,1630631,Jose Alvarado,Jose,,,25:28,2.0,6.0,0.333,1.0,2.0,0.5,4.0,4.0,1.0,0.0,2.0,2.0,4.0,2.0,0.0,0.0,5.0,9.0,-8.0
22200747,1610612740,NOP,New Orleans,1629637,Jaxson Hayes,Jaxson,,DNP - Coach's Decision,,,,,,,,,,,,,,,,,,,,
22200747,1610612740,NOP,New Orleans,1630184,Kira Lewis Jr.,Kira,,DNP - Coach's Decision,,,,,,,,,,,,,,,,,,,,
22200747,1610612740,NOP,New Orleans,202066,Garrett Temple,Garrett,,DNP - Coach's Decision,,,,,,,,,,,,,,,,,,,,
22200744,1610612741,CHI,Chicago,201942,DeMar DeRozan,DeMar,F,,38:18,11.0,14.0,0.786,5.0,5.0,1.0,5.0,6.0,0.833,0.0,2.0,2.0,8.0,0.0,1.0,3.0,4.0,32.0,17.0
22200744,1610612741,CHI,Chicago,1630172,Patrick Williams,Patrick,F,,36:32,7.0,11.0,0.636,2.0,4.0,0.5,0.0,0.0,0.0,0.0,6.0,6.0,2.0,1.0,1.0,1.0,2.0,16.0,14.0
22200744,1610612741,CHI,Chicago,202696,Nikola Vučević,Nikola,C,,39:11,11.0,18.0,0.611,2.0,5.0,0.4,2.0,2.0,1.0,4.0,9.0,13.0,5.0,0.0,2.0,3.0,4.0,26.0,23.0
22200744,1610612741,CHI,Chicago,203897,Zach LaVine,Zach,G,,36:45,11.0,18.0,0.611,3.0,7.0,0.429,7.0,7.0,1.0,0.0,3.0,3.0,2.0,0.0,0.0,1.0,1.0,32.0,24.0
22200744,1610612741,CHI,Chicago,1630245,Ayo Dosunmu,Ayo,G,,21:57,1.0,4.0,0.25,1.0,4.0,0.25,0.0,0.0,0.0,0.0,4.0,4.0,1.0,0.0,2.0,0.0,3.0,3.0,7.0
22200744,1610612741,CHI,Chicago,1627936,Alex Caruso,Alex,,,20:48,3.0,3.0,1.0,0.0,0.0,0.0,1.0,2.0,0.5,0.0,2.0,2.0,3.0,2.0,0.0,1.0,4.0,7.0,17.0
22200744,1610612741,CHI,Chicago,1629632,Coby White,Coby,,,19:14,0.0,5.0,0.0,0.0,3.0,0.0,0.0,0.0,0.0,0.0,3.0,3.0,3.0,1.0,0.0,2.0,0.0,0.0,-4.0
22200744,1610612741,CHI,Chicago,1627884,Derrick Jones Jr.,Derrick,,,14:37,2.0,3.0,0.667,1.0,2.0,0.5,0.0,0.0,0.0,0.0,1.0,1.0,1.0,1.0,0.0,0.0,2.0,5.0,3.0
22200744,1610612741,CHI,Chicago,201609,Goran Dragic,Goran,,,12:38,2.0,5.0,0.4,2.0,5.0,0.4,1.0,2.0,0.5,0.0,4.0,4.0,5.0,0.0,0.0,1.0,2.0,7.0,-6.0
22200744,1610612741,CHI,Chicago,1628396,Tony Bradley,Tony,,DNP - Coach's Decision,,,,,,,,,,,,,,,,,,,,
22200744,1610612741,CHI,Chicago,203083,Andre Drummond,Andre,,DNP - Coach's Decision,,,,,,,,,,,,,,,,,,,,
22200744,1610612741,CHI,Chicago,1630637,Carlik Jones,Carlik,,DNP - Coach's Decision,,,,,,,,,,,,,,,,,,,,
22200744,1610612741,CHI,Chicago,1631207,Dalen Terry,Dalen,,DNP - Coach's Decision,,,,,,,,,,,,,,,,,,,,
22200744,1610612753,ORL,Orlando,1630532,Franz Wagner,Franz,F,,22:30,3.0,8.0,0.375,0.0,2.0,0.0,1.0,1.0,1.0,0.0,2.0,2.0,4.0,0.0,0.0,1.0,0.0,7.0,-14.0
22200744,1610612753,ORL,Orlando,1631094,Paolo Banchero,Paolo,F,,24:45,3.0,14.0,0.214,0.0,4.0,0.0,3.0,4.0,0.75,2.0,5.0,7.0,3.0,1.0,0.0,1.0,2.0,9.0,-19.0
22200744,1610612753,ORL,Orlando,1628976,Wendell Carter Jr.,Wendell,C,,24:53,4.0,8.0,0.5,0.0,2.0,0.0,3.0,5.0,0.6,1.0,4.0,5.0,2.0,0.0,0.0,2.0,2.0,11.0,-21.0
22200744,1610612753,ORL,Orlando,203914,Gary Harris,Gary,G,,19:30,3.0,4.0,0.75,1.0,2.0,0.5,0.0,0.0,0.0,0.0,0.0,0.0,0.0,1.0,0.0,0.0,0.0,7.0,-17.0
22200744,1610612753,ORL,Orlando,1628365,Markelle Fultz,Markelle,G,,21:32,3.0,7.0,0.429,0.0,0.0,0.0,1.0,2.0,0.5,0.0,1.0,1.0,3.0,0.0,0.0,2.0,3.0,7.0,-18.0
22200744,1610612753,ORL,Orlando,1628371,Jonathan Isaac,Jonathan,,,8:43,2.0,7.0,0.286,1.0,4.0,0.25,0.0,0.0,0.0,1.0,3.0,4.0,0.0,1.0,0.0,0.0,1.0,5.0,-1.0
22200744,1610612753,ORL,Orlando,1630175,Cole Anthony,Cole,,,30:28,9.0,15.0,0.6,3.0,5.0,0.6,0.0,0.0,0.0,0.0,6.0,6.0,6.0,0.0,0.0,1.0,1.0,21.0,-6.0
22200744,1610612753,ORL,Orlando,1629626,Bol Bol,Bol,,,23:15,2.0,3.0,0.667,0.0,1.0,0.0,0.0,0.0,0.0,0.0,5.0,5.0,2.0,0.0,0.0,2.0,0.0,4.0,0.0
22200744,1610612753,ORL,Orlando,1630591,Jalen Suggs,Jalen,,,26:28,4.0,6.0,0.667,2.0,4.0,0.5,1.0,3.0,0.333,2.0,2.0,4.0,5.0,1.0,0.0,2.0,5.0,11.0,-1.0
22200744,1610612753,ORL,Orlando,1629021,Moritz Wagner,Moritz,,,23:07,8.0,11.0,0.727,3.0,4.0,0.75,8.0,9.0,0.889,0.0,2.0,2.0,3.0,1.0,0.0,0.0,2.0,27.0,2.0
22200744,1610612753,ORL,Orlando,1629678,Admiral Schofield,Admiral,,,14:49,0.0,0.0,0.0,0.0,0.0,0.0,0.0,0.0,0.0,0.0,0.0,0.0,1.0,0.0,0.0,1.0,2.0,0.0,0.0
22200744,1610612753,ORL,Orlando,1628964,Mo Bamba,Mo,,DNP - Coach's Decision,,,,,,,,,,,,,,,,,,,,
22200744,1610612753,ORL,Orlando,203082,Terrence Ross,Terrence,,DNP - Coach's Decision,,,,,,,,,,,,,,,,,,,,
22200745,1610612746,LAC,LA,202331,Paul George,Paul,F,,36:53,7.0,18.0,0.389,3.0,9.0,0.333,6.0,7.0,0.857,1.0,6.0,7.0,6.0,1.0,0.0,2.0,3.0,23.0,13.0
22200745,1610612746,LAC,LA,202695,Kawhi Leonard,Kawhi,F,,38:43,12.0,20.0,0.6,5.0,10.0,0.5,3.0,3.0,1.0,1.0,7.0,8.0,4.0,1.0,1.0,2.0,1.0,32.0,3.0
22200745,1610612746,LAC,LA,1627826,Ivica Zubac,Ivica,C,,36:35,6.0,9.0,0.667,0.0,0.0,0.0,6.0,6.0,1.0,2.0,4.0,6.0,3.0,1.0,2.0,0.0,4.0,18.0,10.0
22200745,1610612746,LAC,LA,1628379,Luke Kennard,Luke,G,,20:47,4.0,7.0,0.571,3.0,3.0,1.0,0.0,0.0,0.0,0.0,3.0,3.0,0.0,1.0,0.0,2.0,2.0,11.0,5.0
22200745,1610612746,LAC,LA,1629611,Terance Mann,Terance,G,,35:11,1.0,3.0,0.333,0.0,1.0,0.0,0.0,0.0,0.0,1.0,6.0,7.0,6.0,0.0,2.0,1.0,2.0,2.0,6.0
22200745,1610612746,LAC,LA,1626181,Norman Powell,Norman,,,24:26,4.0,11.0,0.364,2.0,6.0,0.333,0.0,1.0,0.0,1.0,3.0,4.0,2.0,0.0,0.0,4.0,1.0,10.0,-8.0
22200745,1610612746,LAC,LA,201587,Nicolas Batum,Nicolas,,,20:48,2.0,3.0,0.667,2.0,3.0,0.667,2.0,2.0,1.0,0.0,2.0,2.0,1.0,0.0,0.0,2.0,1.0,8.0,3.0
22200745,1610612746,LAC,LA,202704,Reggie Jackson,Reggie,,,21:38,6.0,9.0,0.667,4.0,7.0,0.571,0.0,0.0,0.0,0.0,0.0,0.0,3.0,1.0,0.0,1.0,1.0,16.0,7.0
22200745,1610612746,LAC,LA,1631217,Moussa Diabaté,Moussa,,,4:59,0.0,0.0,0.0,0.0,0.0,0.0,0.0,0.0,0.0,0.0,0.0,0.0,0.0,0.0,0.0,0.0,0.0,0.0,-4.0
22200745,1610612746,LAC,LA,1630527,Brandon Boston,Brandon,,DNP - Coach's Decision,,,,,,,,,,,,,,,,,,,,
22200745,1610612746,LAC,LA,1629599,Amir Coffey,Amir,,DNP - Coach's Decision,,,,,,,,,,,,,,,,,,,,
22200745,1610612746,LAC,LA,1630554,Jason Preston,Jason,,DNP - Coach's Decision,,,,,,,,,,,,,,,,,,,,
22200745,1610612737,ATL,Atlanta,1629631,De'Andre Hunter,De'Andre,F,,36:44,4.0,13.0,0.308,2.0,8.0,0.25,4.0,4.0,1.0,0.0,7.0,7.0,1.0,2.0,0.0,0.0,2.0,14.0,-4.0
22200745,1610612737,ATL,Atlanta,1628381,John Collins,John,F,,33:47,7.0,13.0,0.538,1.0,3.0,0.333,1.0,2.0,0.5,1.0,4.0,5.0,0.0,1.0,0.0,0.0,3.0,16.0,-9.0
22200745,1610612737,ATL,Atlanta,203991,Clint Capela,Clint,C,,27:57,6.0,10.0,0.6,0.0,0.0,0.0,0.0,0.0,0.0,7.0,6.0,13.0,2.0,2.0,1.0,0.0,2.0,12.0,0.0
22200745,1610612737,ATL,Atlanta,1627749,Dejounte Murray,Dejounte,G,,38:45,7.0,17.0,0.412,1.0,5.0,0.2,0.0,0.0,0.0,1.0,5.0,6.0,8.0,2.0,1.0,1.0,1.0,15.0,-11.0
22200745,1610612737,ATL,Atlanta,1629027,Trae Young,Trae,G,,36:02,10.0,21.0,0.476,0.0,2.0,0.0,11.0,14.0,0.786,2.0,3.0,5.0,10.0,1.0,0.0,5.0,2.0,31.0,0.0
22200745,1610612737,ATL,Atlanta,203992,Bogdan Bogdanović,Bogdan,,,24:01,4.0,8.0,0.5,1.0,4.0,0.25,0.0,0.0,0.0,0.0,0.0,0.0,3.0,1.0,0.0,1.0,1.0,9.0,-1.0
22200745,1610612737,ATL,Atlanta,1630168,Onyeka Okongwu,Onyeka,,,20:03,3.0,5.0,0.6,0.0,0.0,0.0,0.0,0.0,0.0,4.0,5.0,9.0,0.0,1.0,0.0,0.0,4.0,6.0,-7.0
22200745,1610612737,ATL,Atlanta,1628988,Aaron Holiday,Aaron,,,3:21,2.0,3.0,0.667,1.0,2.0,0.5,0.0,0.0,0.0,0.0,1.0,1.0,0.0,1.0,0.0,0.0,1.0,5.0,4.0
22200745,1610612737,ATL,Atlanta,1630552,Jalen Johnson,Jalen,,,7:27,1.0,2.0,0.5,0.0,1.0,0.0,0.0,0.0,0.0,0.0,1.0,1.0,0.0,0.0,0.0,1.0,0.0,2.0,1.0
22200745,1610612737,ATL,Atlanta,1631100,AJ Griffin,AJ,,,11:53,1.0,3.0,0.333,1.0,2.0,0.5,0.0,0.0,0.0,0.0,0.0,0.0,0.0,1.0,0.0,0.0,2.0,3.0,-8.0
22200745,1610612737,ATL,Atlanta,203200,Justin Holiday,Justin,,DNP - Coach's Decision,,,,,,,,,,,,,,,,,,,,
22200745,1610612737,ATL,Atlanta,1626163,Frank Kaminsky,Frank,,DNP - Coach's Decision,,,,,,,,,,,,,,,,,,,,
22200745,1610612737,ATL,Atlanta,1630249,Vít Krejčí,Vít,,DNP - Coach's Decision,,,,,,,,,,,,,,,,,,,,
22200745,1610612737,ATL,Atlanta,1631495,Donovan Williams,Donovan,,DNP - Coach's Decision,,,,,,,,,,,,,,,,,,,,
22200740,1610612761,TOR,Toronto,1630567,Scottie Barnes,Scottie,F,,36:33,9.0,15.0,0.6,2.0,3.0,0.667,4.0,5.0,0.8,0.0,6.0,6.0,5.0,0.0,2.0,2.0,4.0,24.0,-2.0
22200740,1610612761,TOR,Toronto,1628384,OG Anunoby,OG,F,,10:00,0.0,2.0,0.0,0.0,1.0,0.0,1.0,2.0,0.5,0.0,0.0,0.0,1.0,1.0,0.0,0.0,0.0,1.0,7.0
22200740,1610612761,TOR,Toronto,1627783,Pascal Siakam,Pascal,C,,39:49,8.0,26.0,0.308,1.0,6.0,0.167,4.0,5.0,0.8,2.0,5.0,7.0,3.0,0.0,0.0,0.0,4.0,21.0,-7.0
22200740,1610612761,TOR,Toronto,1629018,Gary Trent Jr.,Gary,G,,36:43,7.0,14.0,0.5,3.0,7.0,0.429,0.0,0.0,0.0,1.0,3.0,4.0,2.0,0.0,0.0,0.0,0.0,17.0,-14.0
22200740,1610612761,TOR,Toronto,1627832,Fred VanVleet,Fred,G,,40:18,11.0,20.0,0.55,5.0,10.0,0.5,1.0,1.0,1.0,0.0,4.0,4.0,10.0,1.0,1.0,5.0,4.0,28.0,-10.0
22200740,1610612761,TOR,Toronto,1628449,Chris Boucher,Chris,,,19:22,2.0,9.0,0.222,1.0,3.0,0.333,2.0,5.0,0.4,5.0,4.0,9.0,0.0,1.0,1.0,1.0,0.0,7.0,-16.0
22200740,1610612761,TOR,Toronto,1630173,Precious Achiuwa,Precious,,,36:27,8.0,12.0,0.667,0.0,2.0,0.0,1.0,3.0,0.333,5.0,6.0,11.0,2.0,1.0,0.0,2.0,2.0,17.0,-8.0
22200740,1610612761,TOR,Toronto,1627823,Juancho Hernangomez,Juancho,,,11:17,0.0,1.0,0.0,0.0,0.0,0.0,0.0,0.0,0.0,0.0,3.0,3.0,0.0,0.0,0.0,0.0,2.0,0.0,2.0
22200740,1610612761,TOR,Toronto,201152,Thaddeus Young,Thaddeus,,,9:31,1.0,2.0,0.5,0.0,1.0,0.0,0.0,0.0,0.0,1.0,1.0,2.0,1.0,1.0,0.0,0.0,1.0,2.0,-12.0
22200740,1610612761,TOR,Toronto,203920,Khem Birch,Khem,,DNP - Coach's Decision,,,,,,,,,,,,,,,,,,,,
22200740,1610612761,TOR,Toronto,1630288,Jeff Dowtin Jr.,Jeff,,DNP - Coach's Decision,,,,,,,,,,,,,,,,,,,,
22200740,1610612761,TOR,Toronto,1630201,Malachi Flynn,Malachi,,DNP - Coach's Decision,,,,,,,,,,,,,,,,,,,,
22200740,1610612761,TOR,Toronto,1631199,Ron Harper Jr.,Ron,,DNP - Coach's Decision,,,,,,,,,,,,,,,,,,,,
22200740,1610612761,TOR,Toronto,1631132,Christian Koloko,Christian,,DNP - Coach's Decision,,,,,,,,,,,,,,,,,,,,
22200740,1610612744,GSW,Golden State,202691,Klay Thompson,Klay,F,,37:52,11.0,24.0,0.458,6.0,14.0,0.429,1.0,1.0,1.0,1.0,7.0,8.0,1.0,1.0,0.0,1.0,1.0,29.0,6.0
22200740,1610612744,GSW,Golden State,203110,Draymond Green,Draymond,F,,32:44,2.0,4.0,0.5,0.0,1.0,0.0,1.0,2.0,0.5,0.0,7.0,7.0,7.0,0.0,0.0,2.0,1.0,5.0,4.0
22200740,1610612744,GSW,Golden State,1626172,Kevon Looney,Kevon,C,,23:45,6.0,7.0,0.857,0.0,0.0,0.0,0.0,2.0,0.0,1.0,7.0,8.0,3.0,0.0,0.0,0.0,6.0,12.0,12.0
22200740,1610612744,GSW,Golden State,1629673,Jordan Poole,Jordan,G,,24:24,4.0,8.0,0.5,1.0,3.0,0.333,0.0,0.0,0.0,0.0,2.0,2.0,2.0,0.0,0.0,3.0,4.0,9.0,-13.0
22200740,1610612744,GSW,Golden State,201939,Stephen Curry,Stephen,G,,38:47,13.0,21.0,0.619,4.0,8.0,0.5,5.0,5.0,1.0,0.0,7.0,7.0,11.0,2.0,0.0,3.0,1.0,35.0,13.0
22200740,1610612744,GSW,Golden State,1628978,Donte DiVincenzo,Donte,,,33:10,5.0,10.0,0.5,2.0,5.0,0.4,0.0,0.0,0.0,1.0,2.0,3.0,11.0,2.0,0.0,1.0,1.0,12.0,24.0
22200740,1610612744,GSW,Golden State,203210,JaMychal Green,JaMychal,,,15:32,3.0,5.0,0.6,1.0,3.0,0.333,3.0,3.0,1.0,2.0,4.0,6.0,0.0,0.0,0.0,0.0,1.0,10.0,-1.0
22200740,1610612744,GSW,Golden State,1630228,Jonathan Kuminga,Jonathan,,,23:15,5.0,7.0,0.714,4.0,6.0,0.667,1.0,2.0,0.5,0.0,0.0,0.0,2.0,0.0,1.0,2.0,3.0,15.0,9.0
22200740,1610612744,GSW,Golden State,1630237,Anthony Lamb,Anthony,,,10:31,1.0,4.0,0.25,0.0,3.0,0.0,0.0,0.0,0.0,0.0,2.0,2.0,3.0,0.0,0.0,0.0,0.0,2.0,6.0
22200740,1610612744,GSW,Golden State,203952,Andrew Wiggins,Andrew,,DNP - Injury/Illness,,,,,,,,,,,,,,,,,,,,
22200740,1610612744,GSW,Golden State,1630164,James Wiseman,James,,DNP - Coach's Decision,,,,,,,,,,,,,,,,,,,,
22200730,1610612752,NYK,New York,1629628,RJ Barrett,RJ,F,,39:58,6.0,18.0,0.333,2.0,5.0,0.4,5.0,6.0,0.833,0.0,4.0,4.0,1.0,1.0,0.0,1.0,1.0,19.0,14.0
22200730,1610612752,NYK,New York,203944,Julius Randle,Julius,F,,36:54,13.0,25.0,0.52,5.0,13.0,0.385,6.0,7.0,0.857,1.0,8.0,9.0,2.0,0.0,0.0,2.0,5.0,37.0,-16.0
22200730,1610612752,NYK,New York,1630579,Jericho Sims,Jericho,C,,35:50,1.0,1.0,1.0,0.0,0.0,0.0,0.0,0.0,0.0,4.0,10.0,14.0,0.0,0.0,1.0,1.0,3.0,2.0,-8.0
22200730,1610612752,NYK,New York,1629656,Quentin Grimes,Quentin,G,,38:03,2.0,7.0,0.286,1.0,6.0,0.167,0.0,0.0,0.0,0.0,4.0,4.0,1.0,0.0,1.0,0.0,2.0,5.0,-7.0
22200730,1610612752,NYK,New York,1628973,Jalen Brunson,Jalen,G,,40:21,12.0,25.0,0.48,2.0,6.0,0.333,3.0,4.0,0.75,1.0,3.0,4.0,7.0,0.0,2.0,1.0,3.0,29.0,-8.0
22200730,1610612752,NYK,New York,1628392,Isaiah Hartenstein,Isaiah,,,17:01,1.0,1.0,1.0,0.0,0.0,0.0,2.0,2.0,1.0,1.0,5.0,6.0,3.0,0.0,1.0,1.0,3.0,4.0,9.0
22200730,1610612752,NYK,New York,1630193,Immanuel Quickley,Immanuel,,,28:08,7.0,12.0,0.583,2.0,3.0,0.667,1.0,2.0,0.5,3.0,2.0,5.0,1.0,1.0,0.0,0.0,2.0,17.0,1.0
22200730,1610612752,NYK,New York,1630540,Miles McBride,Miles,,,12:39,0.0,3.0,0.0,0.0,3.0,0.0,2.0,2.0,1.0,0.0,2.0,2.0,2.0,3.0,0.0,2.0,1.0,2.0,11.0
22200730,1610612752,NYK,New York,1630167,Obi Toppin,Obi,,,16:06,2.0,4.0,0.5,1.0,2.0,0.5,0.0,0.0,0.0,0.0,2.0,2.0,0.0,0.0,0.0,0.0,0.0,5.0,19.0
22200730,1610612752,NYK,New York,1627853,Ryan Arcidiacono,Ryan,,DNP - Coach's Decision,,,,,,,,,,,,,,,,,,,,
22200730,1610612752,NYK,New York,1629004,Svi Mykhailiuk,Svi,,DNP - Coach's Decision,,,,,,,,,,,,,,,,,,,,
22200730,1610612752,NYK,New York,1629629,Cam Reddish,Cam,,DNP - Coach's Decision,,,,,,,,,,,,,,,,,,,,
22200730,1610612752,NYK,New York,201565,Derrick Rose,Derrick,,DNP - Coach's Decision,,,,,,,,,,,,,,,,,,,,
22200730,1610612738,BOS,Boston,1628369,Jayson Tatum,Jayson,F,,43:07,12.0,26.0,0.462,2.0,7.0,0.286,9.0,9.0,1.0,2.0,12.0,14.0,4.0,1.0,1.0,3.0,3.0,35.0,6.0
22200730,1610612738,BOS,Boston,201143,Al Horford,Al,F,,35:02,2.0,5.0,0.4,2.0,4.0,0.5,0.0,0.0,0.0,3.0,1.0,4.0,4.0,0.0,0.0,2.0,4.0,6.0,2.0
22200730,1610612738,BOS,Boston,1629057,Robert Williams III,Robert,C,,35:59,4.0,5.0,0.8,0.0,0.0,0.0,0.0,1.0,0.0,5.0,7.0,12.0,2.0,1.0,1.0,0.0,1.0,8.0,21.0
22200730,1610612738,BOS,Boston,1627759,Jaylen Brown,Jaylen,G,,41:32,8.0,22.0,0.364,1.0,8.0,0.125,5.0,7.0,0.714,2.0,7.0,9.0,2.0,1.0,0.0,3.0,2.0,22.0,3.0
22200730,1610612738,BOS,Boston,1628401,Derrick White,Derrick,G,,27:44,4.0,10.0,0.4,4.0,7.0,0.571,3.0,4.0,0.75,0.0,3.0,3.0,4.0,0.0,2.0,1.0,1.0,15.0,-10.0
22200730,1610612738,BOS,Boston,1627763,Malcolm Brogdon,Malcolm,,,34:30,4.0,14.0,0.286,2.0,7.0,0.286,0.0,0.0,0.0,1.0,4.0,5.0,6.0,0.0,0.0,1.0,1.0,10.0,-5.0
22200730,1610612738,BOS,Boston,1629684,Grant Williams,Grant,,,21:41,2.0,8.0,0.25,2.0,6.0,0.333,0.0,0.0,0.0,1.0,1.0,2.0,0.0,0.0,0.0,2.0,4.0,6.0,-18.0
22200730,1610612738,BOS,Boston,1630202,Payton Pritchard,Payton,,,12:51,3.0,6.0,0.5,1.0,3.0,0.333,0.0,0.0,0.0,1.0,2.0,3.0,0.0,0.0,0.0,1.0,1.0,7.0,-6.0
22200730,1610612738,BOS,Boston,1628436,Luke Kornet,Luke,,,4:10,0.0,0.0,0.0,0.0,0.0,0.0,0.0,0.0,0.0,0.0,0.0,0.0,0.0,0.0,0.0,0.0,1.0,0.0,-4.0
22200730,1610612738,BOS,Boston,1630573,Sam Hauser,Sam,,,8:24,2.0,4.0,0.5,2.0,4.0,0.5,2.0,2.0,1.0,0.0,2.0,2.0,0.0,1.0,0.0,0.0,1.0,8.0,-4.0
22200730,1610612738,BOS,Boston,201933,Blake Griffin,Blake,,DNP - Coach's Decision,,,,,,,,,,,,,,,,,,,,
22200730,1610612738,BOS,Boston,1628382,Justin Jackson,Justin,,DNP - Coach's Decision,,,,,,,,,,,,,,,,,,,,
22200731,1610612765,DET,Detroit,202711,Bojan Bogdanović,Bojan,F,,31:42,4.0,15.0,0.267,0.0,4.0,0.0,3.0,4.0,0.75,0.0,6.0,6.0,1.0,1.0,1.0,2.0,2.0,11.0,11.0
22200731,1610612765,DET,Detroit,1630180,Saddiq Bey,Saddiq,F,,31:50,10.0,19.0,0.526,5.0,8.0,0.625,0.0,0.0,0.0,6.0,3.0,9.0,3.0,0.0,0.0,0.0,0.0,25.0,7.0
22200731,1610612765,DET,Detroit,1631105,Jalen Duren,Jalen,C,,27:14,7.0,8.0,0.875,0.0,0.0,0.0,3.0,3.0,1.0,2.0,5.0,7.0,2.0,1.0,1.0,0.0,3.0,17.0,2.0
22200731,1610612765,DET,Detroit,202692,Alec Burks,Alec,G,,30:21,6.0,9.0,0.667,3.0,4.0,0.75,5.0,6.0,0.833,1.0,4.0,5.0,4.0,1.0,0.0,0.0,1.0,20.0,0.0
22200731,1610612765,DET,Detroit,1631093,Jaden Ivey,Jaden,G,,31:46,5.0,12.0,0.417,1.0,4.0,0.25,5.0,5.0,1.0,0.0,3.0,3.0,8.0,2.0,1.0,3.0,2.0,16.0,4.0
22200731,1610612765,DET,Detroit,1628977,Hamidou Diallo,Hamidou,,,19:05,6.0,9.0,0.667,0.0,0.0,0.0,0.0,0.0,0.0,0.0,5.0,5.0,5.0,4.0,1.0,2.0,4.0,12.0,8.0
22200731,1610612765,DET,Detroit,1630191,Isaiah Stewart,Isaiah,,,20:46,3.0,6.0,0.5,0.0,0.0,0.0,5.0,5.0,1.0,4.0,1.0,5.0,0.0,0.0,0.0,1.0,5.0,11.0,6.0
22200731,1610612765,DET,Detroit,1630587,Isaiah Livers,Isaiah,,,22:40,1.0,5.0,0.2,0.0,2.0,0.0,0.0,0.0,0.0,1.0,2.0,3.0,1.0,0.0,1.0,0.0,2.0,2.0,6.0
22200731,1610612765,DET,Detroit,1630165,Killian Hayes,Killian,,,24:36,6.0,12.0,0.5,2.0,5.0,0.4,2.0,3.0,0.667,1.0,4.0,5.0,3.0,3.0,0.0,3.0,3.0,16.0,-4.0
22200731,1610612765,DET,Detroit,1628995,Kevin Knox II,Kevin,,DNP - Coach's Decision,,,,,,,,,,,,,,,,,,,,
22200731,1610612765,DET,Detroit,203585,Rodney McGruder,Rodney,,DNP - Coach's Decision,,,,,,,,,,,,,,,,,,,,
22200731,1610612765,DET,Detroit,203457,Nerlens Noel,Nerlens,,DNP - Coach's Decision,,,,,,,,,,,,,,,,,,,,
22200731,1610612751,BKN,Brooklyn,203925,Joe Harris,Joe,F,,22:03,3.0,9.0,0.333,1.0,4.0,0.25,0.0,0.0,0.0,1.0,1.0,2.0,1.0,0.0,1.0,1.0,2.0,7.0,-7.0
22200731,1610612751,BKN,Brooklyn,1626220,Royce O'Neale,Royce,F,,28:42,1.0,7.0,0.143,1.0,5.0,0.2,0.0,0.0,0.0,2.0,1.0,3.0,1.0,1.0,0.0,1.0,6.0,3.0,-5.0
22200731,1610612751,BKN,Brooklyn,1629651,Nic Claxton,Nic,C,,33:14,11.0,13.0,0.846,0.0,0.0,0.0,5.0,7.0,0.714,5.0,8.0,13.0,1.0,0.0,2.0,0.0,1.0,27.0,4.0
22200731,1610612751,BKN,Brooklyn,202681,Kyrie Irving,Kyrie,G,,38:05,14.0,27.0,0.519,6.0,12.0,0.5,6.0,7.0,0.857,0.0,5.0,5.0,6.0,2.0,2.0,4.0,2.0,40.0,-4.0
22200731,1610612751,BKN,Brooklyn,1627732,Ben Simmons,Ben,G,,19:47,0.0,3.0,0.0,0.0,0.0,0.0,0.0,0.0,0.0,1.0,0.0,1.0,7.0,1.0,0.0,3.0,0.0,0.0,-12.0
22200731,1610612751,BKN,Brooklyn,203933,T.J. Warren,T.J.,,,18:00,1.0,5.0,0.2,0.0,2.0,0.0,0.0,0.0,0.0,0.0,2.0,2.0,1.0,0.0,0.0,1.0,1.0,2.0,-8.0
22200731,1610612751,BKN,Brooklyn,202693,Markieff Morris,Markieff,,,15:44,2.0,9.0,0.222,1.0,6.0,0.167,0.0,0.0,0.0,2.0,1.0,3.0,1.0,0.0,0.0,0.0,1.0,5.0,-8.0
22200731,1610612751,BKN,Brooklyn,1630560,Cam Thomas,Cam,,,2:28,0.0,1.0,0.0,0.0,0.0,0.0,0.0,0.0,0.0,0.0,0.0,0.0,0.0,0.0,0.0,1.0,0.0,0.0,-2.0
22200731,1610612751,BKN,Brooklyn,1628410,Edmond Sumner,Edmond,,,19:12,7.0,10.0,0.7,2.0,2.0,1.0,8.0,8.0,1.0,0.0,5.0,5.0,3.0,0.0,0.0,2.0,5.0,24.0,-7.0
22200731,1610612751,BKN,Brooklyn,201988,Patty Mills,Patty,,,19:15,2.0,5.0,0.4,1.0,4.0,0.25,1.0,2.0,0.5,1.0,0.0,1.0,3.0,1.0,0.0,2.0,3.0,6.0,1.0
22200731,1610612751,BKN,Brooklyn,1629139,Yuta Watanabe,Yuta,,,23:30,2.0,5.0,0.4,1.0,3.0,0.333,3.0,3.0,1.0,3.0,2.0,5.0,0.0,0.0,1.0,1.0,2.0,8.0,8.0
22200731,1610612751,BKN,Brooklyn,1630561,David Duke Jr.,David,,DNP - Coach's Decision,,,,,,,,,,,,,,,,,,,,
22200731,1610612751,BKN,Brooklyn,1630556,Kessler Edwards,Kessler,,DNP - Coach's Decision,,,,,,,,,,,,,,,,,,,,
22200734,1610612742,DAL,Dallas,203501,Tim Hardaway Jr.,Tim,F,,39:40,4.0,11.0,0.364,2.0,6.0,0.333,1.0,2.0,0.5,1.0,8.0,9.0,3.0,0.0,0.0,1.0,0.0,11.0,-1.0
22200734,1610612742,DAL,Dallas,1627827,Dorian Finney-Smith,Dorian,F,,34:38,7.0,16.0,0.438,3.0,10.0,0.3,1.0,1.0,1.0,3.0,9.0,12.0,3.0,1.0,0.0,1.0,2.0,18.0,16.0
22200734,1610612742,DAL,Dallas,203939,Dwight Powell,Dwight,C,,36:25,6.0,9.0,0.667,0.0,0.0,0.0,3.0,6.0,0.5,1.0,3.0,4.0,1.0,0.0,3.0,0.0,1.0,15.0,-4.0
22200734,1610612742,DAL,Dallas,203915,Spencer Dinwiddie,Spencer,G,,39:42,10.0,18.0,0.556,5.0,6.0,0.833,11.0,14.0,0.786,0.0,6.0,6.0,9.0,0.0,0.0,1.0,0.0,36.0,9.0
22200734,1610612742,DAL,Dallas,1629029,Luka Dončić,Luka,G,,3:21,0.0,2.0,0.0,0.0,1.0,0.0,0.0,0.0,0.0,0.0,1.0,1.0,0.0,0.0,0.0,0.0,0.0,0.0,-4.0
22200734,1610612742,DAL,Dallas,1630182,Josh Green,Josh,,,32:00,3.0,8.0,0.375,1.0,2.0,0.5,2.0,2.0,1.0,0.0,4.0,4.0,3.0,2.0,0.0,2.0,2.0,9.0,7.0
22200734,1610612742,DAL,Dallas,203493,Reggie Bullock Jr.,Reggie,,,30:49,3.0,9.0,0.333,2.0,8.0,0.25,2.0,3.0,0.667,2.0,3.0,5.0,0.0,0.0,0.0,0.0,2.0,10.0,-5.0
22200734,1610612742,DAL,Dallas,202722,Dāvis Bertāns,Dāvis,,,10:09,0.0,1.0,0.0,0.0,1.0,0.0,0.0,0.0,0.0,0.0,0.0,0.0,0.0,0.0,0.0,0.0,0.0,0.0,5.0
22200734,1610612742,DAL,Dallas,1628373,Frank Ntilikina,Frank,,,8:03,0.0,1.0,0.0,0.0,0.0,0.0,0.0,0.0,0.0,0.0,0.0,0.0,1.0,0.0,0.0,2.0,3.0,0.0,-4.0
22200734,1610612742,DAL,Dallas,1630702,Jaden Hardy,Jaden,,,5:13,0.0,2.0,0.0,0.0,0.0,0.0,0.0,0.0,0.0,0.0,2.0,2.0,0.0,0.0,0.0,0.0,0.0,0.0,1.0
22200734,1610612742,DAL,Dallas,201580,JaVale McGee,JaVale,,DNP - Coach's Decision,,,,,,,,,,,,,,,,,,,,
22200734,1610612742,DAL,Dallas,1629033,Theo Pinson,Theo,,DNP - Coach's Decision,,,,,,,,,,,,,,,,,,,,
22200734,1610612742,DAL,Dallas,1630593,McKinley Wright IV,McKinley,,DNP - Coach's Decision,,,,,,,,,,,,,,,,,,,,
22200734,1610612756,PHX,Phoenix,1629661,Cameron Johnson,Cameron,F,,32:52,8.0,12.0,0.667,5.0,7.0,0.714,1.0,2.0,0.5,3.0,5.0,8.0,0.0,0.0,1.0,0.0,2.0,22.0,6.0
22200734,1610612756,PHX,Phoenix,1628470,Torrey Craig,Torrey,F,,28:21,2.0,6.0,0.333,1.0,3.0,0.333,0.0,0.0,0.0,1.0,3.0,4.0,4.0,0.0,1.0,1.0,3.0,5.0,7.0
22200734,1610612756,PHX,Phoenix,1629028,Deandre Ayton,Deandre,C,,31:04,6.0,20.0,0.3,0.0,1.0,0.0,7.0,10.0,0.7,7.0,13.0,20.0,2.0,0.0,2.0,2.0,3.0,19.0,-1.0
22200734,1610612756,PHX,Phoenix,1628969,Mikal Bridges,Mikal,G,,42:20,5.0,12.0,0.417,2.0,5.0,0.4,4.0,4.0,1.0,1.0,3.0,4.0,4.0,0.0,0.0,0.0,0.0,16.0,6.0
22200734,1610612756,PHX,Phoenix,101108,Chris Paul,Chris,G,,38:22,9.0,16.0,0.563,4.0,7.0,0.571,0.0,0.0,0.0,0.0,6.0,6.0,10.0,1.0,0.0,2.0,4.0,22.0,7.0
22200734,1610612756,PHX,Phoenix,1627814,Damion Lee,Damion,,,18:02,0.0,0.0,0.0,0.0,0.0,0.0,0.0,0.0,0.0,0.0,2.0,2.0,2.0,2.0,0.0,2.0,4.0,0.0,-6.0
22200734,1610612756,PHX,Phoenix,202687,Bismack Biyombo,Bismack,,,9:32,2.0,3.0,0.667,0.0,0.0,0.0,0.0,0.0,0.0,0.0,3.0,3.0,1.0,0.0,1.0,0.0,0.0,4.0,1.0
22200734,1610612756,PHX,Phoenix,1629006,Josh Okogie,Josh,,,9:10,0.0,6.0,0.0,0.0,4.0,0.0,0.0,0.0,0.0,1.0,0.0,1.0,0.0,1.0,0.0,0.0,1.0,0.0,-11.0
22200734,1610612756,PHX,Phoenix,1630240,Saben Lee,Saben,,,4:24,0.0,0.0,0.0,0.0,0.0,0.0,0.0,0.0,0.0,0.0,0.0,0.0,0.0,0.0,0.0,0.0,0.0,0.0,-11.0
22200734,1610612756,PHX,Phoenix,1630688,Ish Wainright,Ish,,,13:23,1.0,6.0,0.167,1.0,5.0,0.2,0.0,0.0,0.0,0.0,2.0,2.0,1.0,0.0,1.0,0.0,2.0,3.0,-15.0
22200734,1610612756,PHX,Phoenix,203967,Dario Šarić,Dario,,,2:46,0.0,1.0,0.0,0.0,0.0,0.0,0.0,0.0,0.0,0.0,0.0,0.0,0.0,0.0,0.0,0.0,2.0,0.0,-5.0
22200734,1610612756,PHX,Phoenix,1630613,Duane Washington Jr.,Duane,,,5:14,1.0,3.0,0.333,0.0,0.0,0.0,0.0,0.0,0.0,0.0,0.0,0.0,0.0,0.0,0.0,0.0,0.0,2.0,0.0
22200734,1610612756,PHX,Phoenix,1629111,Jock Landale,Jock,,,4:30,1.0,1.0,1.0,0.0,0.0,0.0,0.0,0.0,0.0,0.0,0.0,0.0,0.0,0.0,0.0,0.0,0.0,2.0,2.0
22200735,1610612759,SAS,San Antonio,1629640,Keldon Johnson,Keldon,F,,31:19,7.0,13.0,0.538,0.0,2.0,0.0,5.0,6.0,0.833,2.0,1.0,3.0,3.0,0.0,0.0,0.0,1.0,19.0,-26.0
22200735,1610612759,SAS,San Antonio,1628966,Keita Bates-Diop,Keita,F,,27:26,4.0,8.0,0.5,2.0,5.0,0.4,3.0,6.0,0.5,1.0,5.0,6.0,1.0,0.0,0.0,0.0,4.0,13.0,-25.0
22200735,1610612759,SAS,San Antonio,1627751,Jakob Poeltl,Jakob,C,,22:10,5.0,9.0,0.556,0.0,0.0,0.0,0.0,2.0,0.0,0.0,2.0,2.0,3.0,0.0,0.0,1.0,2.0,10.0,-23.0
22200735,1610612759,SAS,San Antonio,1631103,Malaki Branham,Malaki,G,,26:00,2.0,6.0,0.333,1.0,2.0,0.5,0.0,0.0,0.0,1.0,1.0,2.0,3.0,1.0,0.0,0.0,1.0,5.0,-23.0
22200735,1610612759,SAS,San Antonio,1630200,Tre Jones,Tre,G,,26:46,4.0,10.0,0.4,0.0,1.0,0.0,0.0,0.0,0.0,0.0,2.0,2.0,4.0,0.0,0.0,2.0,3.0,8.0,-18.0
22200735,1610612759,SAS,San Antonio,1626169,Stanley Johnson,Stanley,,,16:32,1.0,2.0,0.5,0.0,0.0,0.0,3.0,4.0,0.75,1.0,2.0,3.0,1.0,0.0,0.0,5.0,1.0,5.0,-18.0
22200735,1610612759,SAS,San Antonio,203926,Doug McDermott,Doug,,,22:00,3.0,8.0,0.375,3.0,7.0,0.429,2.0,2.0,1.0,1.0,2.0,3.0,2.0,0.0,0.0,1.0,0.0,11.0,-15.0
22200735,1610612759,SAS,San Antonio,1628380,Zach Collins,Zach,,,18:43,3.0,8.0,0.375,0.0,1.0,0.0,1.0,1.0,1.0,2.0,8.0,10.0,2.0,0.0,1.0,2.0,0.0,7.0,-9.0
22200735,1610612759,SAS,San Antonio,1629676,Isaiah Roby,Isaiah,,,20:43,5.0,9.0,0.556,2.0,2.0,1.0,2.0,3.0,0.667,3.0,4.0,7.0,2.0,0.0,0.0,0.0,2.0,14.0,-7.0
22200735,1610612759,SAS,San Antonio,1631104,Blake Wesley,Blake,,,21:14,2.0,5.0,0.4,0.0,2.0,0.0,2.0,4.0,0.5,0.0,2.0,2.0,2.0,1.0,0.0,1.0,3.0,6.0,-20.0
22200735,1610612759,SAS,San Antonio,203476,Gorgui Dieng,Gorgui,,,7:07,1.0,4.0,0.25,0.0,2.0,0.0,0.0,0.0,0.0,0.0,2.0,2.0,1.0,0.0,0.0,0.0,1.0,2.0,-6.0
22200735,1610612746,LAC,LA,202695,Kawhi Leonard,Kawhi,F,,31:21,10.0,16.0,0.625,2.0,6.0,0.333,5.0,6.0,0.833,1.0,2.0,3.0,7.0,1.0,0.0,0.0,2.0,27.0,24.0
22200735,1610612746,LAC,LA,202331,Paul George,Paul,F,,35:21,14.0,19.0,0.737,5.0,8.0,0.625,2.0,3.0,0.667,1.0,3.0,4.0,7.0,3.0,1.0,0.0,1.0,35.0,26.0
22200735,1610612746,LAC,LA,1627826,Ivica Zubac,Ivica,C,,20:55,4.0,5.0,0.8,0.0,0.0,0.0,3.0,6.0,0.5,1.0,4.0,5.0,0.0,0.0,2.0,1.0,5.0,11.0,16.0
22200735,1610612746,LAC,LA,1628379,Luke Kennard,Luke,G,,16:57,2.0,3.0,0.667,1.0,1.0,1.0,0.0,0.0,0.0,0.0,1.0,1.0,0.0,0.0,0.0,0.0,1.0,5.0,16.0
22200735,1610612746,LAC,LA,1629611,Terance Mann,Terance,G,,23:37,1.0,3.0,0.333,0.0,1.0,0.0,0.0,0.0,0.0,0.0,4.0,4.0,2.0,0.0,1.0,1.0,1.0,2.0,16.0
22200735,1610612746,LAC,LA,1626181,Norman Powell,Norman,,,21:14,4.0,11.0,0.364,3.0,7.0,0.429,4.0,4.0,1.0,0.0,2.0,2.0,0.0,0.0,0.0,1.0,1.0,15.0,17.0
22200735,1610612746,LAC,LA,201587,Nicolas Batum,Nicolas,,,25:57,3.0,5.0,0.6,3.0,5.0,0.6,0.0,0.0,0.0,1.0,3.0,4.0,2.0,0.0,0.0,0.0,2.0,9.0,18.0
22200735,1610612746,LAC,LA,202704,Reggie Jackson,Reggie,,,15:56,5.0,10.0,0.5,0.0,3.0,0.0,2.0,2.0,1.0,0.0,0.0,0.0,3.0,2.0,0.0,0.0,2.0,12.0,16.0
22200735,1610612746,LAC,LA,203496,Robert Covington,Robert,,,21:06,5.0,7.0,0.714,3.0,5.0,0.6,0.0,0.0,0.0,1.0,6.0,7.0,1.0,2.0,3.0,1.0,3.0,13.0,19.0
22200735,1610612746,LAC,LA,1631217,Moussa Diabaté,Moussa,,,7:07,1.0,3.0,0.333,0.0,0.0,0.0,0.0,0.0,0.0,1.0,0.0,1.0,0.0,0.0,1.0,0.0,0.0,2.0,6.0
22200735,1610612746,LAC,LA,1629599,Amir Coffey,Amir,,,7:07,0.0,1.0,0.0,0.0,0.0,0.0,0.0,0.0,0.0,0.0,1.0,1.0,1.0,0.0,1.0,1.0,2.0,0.0,6.0
22200735,1610612746,LAC,LA,1630527,Brandon Boston,Brandon,,,7:07,2.0,4.0,0.5,0.0,0.0,0.0,0.0,0.0,0.0,0.0,1.0,1.0,0.0,1.0,0.0,0.0,1.0,4.0,6.0
22200735,1610612746,LAC,LA,1630554,Jason Preston,Jason,,,6:15,1.0,2.0,0.5,1.0,2.0,0.5,0.0,0.0,0.0,0.0,4.0,4.0,3.0,0.0,0.0,0.0,0.0,3.0,4.0
22200732,1610612741,CHI,Chicago,201942,DeMar DeRozan,DeMar,F,,35:16,9.0,21.0,0.429,0.0,1.0,0.0,10.0,11.0,0.909,1.0,2.0,3.0,5.0,1.0,0.0,2.0,4.0,28.0,-5.0
22200732,1610612741,CHI,Chicago,1630172,Patrick Williams,Patrick,F,,31:53,6.0,15.0,0.4,1.0,7.0,0.143,2.0,2.0,1.0,1.0,4.0,5.0,1.0,1.0,1.0,2.0,2.0,15.0,-5.0
22200732,1610612741,CHI,Chicago,202696,Nikola Vučević,Nikola,C,,35:24,5.0,16.0,0.313,0.0,6.0,0.0,2.0,2.0,1.0,0.0,9.0,9.0,1.0,1.0,0.0,2.0,4.0,12.0,-23.0
22200732,1610612741,CHI,Chicago,203897,Zach LaVine,Zach,G,,35:33,8.0,19.0,0.421,1.0,4.0,0.25,1.0,1.0,1.0,0.0,9.0,9.0,2.0,2.0,0.0,2.0,1.0,18.0,-25.0
22200732,1610612741,CHI,Chicago,1630245,Ayo Dosunmu,Ayo,G,,27:53,5.0,7.0,0.714,0.0,1.0,0.0,2.0,4.0,0.5,1.0,3.0,4.0,2.0,0.0,1.0,2.0,3.0,12.0,-24.0
22200732,1610612741,CHI,Chicago,1627936,Alex Caruso,Alex,,,24:06,1.0,2.0,0.5,0.0,1.0,0.0,0.0,0.0,0.0,2.0,1.0,3.0,0.0,3.0,0.0,2.0,3.0,2.0,9.0
22200732,1610612741,CHI,Chicago,1629632,Coby White,Coby,,,25:56,2.0,9.0,0.222,2.0,5.0,0.4,0.0,0.0,0.0,0.0,3.0,3.0,2.0,0.0,0.0,1.0,2.0,6.0,7.0
22200732,1610612741,CHI,Chicago,1627884,Derrick Jones Jr.,Derrick,,,23:02,1.0,1.0,1.0,0.0,0.0,0.0,1.0,2.0,0.5,2.0,5.0,7.0,3.0,0.0,0.0,0.0,1.0,3.0,-9.0
22200732,1610612741,CHI,Chicago,1631207,Dalen Terry,Dalen,,,0:57,0.0,1.0,0.0,0.0,0.0,0.0,0.0,0.0,0.0,0.0,0.0,0.0,0.0,0.0,0.0,0.0,0.0,0.0,0.0
22200732,1610612741,CHI,Chicago,1628396,Tony Bradley,Tony,,DNP - Coach's Decision,,,,,,,,,,,,,,,,,,,,
22200732,1610612741,CHI,Chicago,203083,Andre Drummond,Andre,,DNP - Coach's Decision,,,,,,,,,,,,,,,,,,,,
22200732,1610612741,CHI,Chicago,1630637,Carlik Jones,Carlik,,DNP - Coach's Decision,,,,,,,,,,,,,,,,,,,,
22200732,1610612766,CHA,Charlotte,202330,Gordon Hayward,Gordon,F,,24:34,6.0,10.0,0.6,0.0,3.0,0.0,5.0,5.0,1.0,0.0,1.0,1.0,3.0,2.0,1.0,2.0,2.0,17.0,7.0
22200732,1610612766,CHA,Charlotte,1629023,P.J. Washington,P.J.,F,,30:23,3.0,9.0,0.333,1.0,6.0,0.167,2.0,2.0,1.0,0.0,2.0,2.0,4.0,1.0,1.0,1.0,4.0,9.0,26.0
22200732,1610612766,CHA,Charlotte,203486,Mason Plumlee,Mason,C,,30:04,9.0,9.0,1.0,0.0,0.0,0.0,3.0,4.0,0.75,1.0,11.0,12.0,4.0,0.0,0.0,2.0,1.0,21.0,19.0
22200732,1610612766,CHA,Charlotte,1626179,Terry Rozier,Terry,G,,35:18,9.0,19.0,0.474,4.0,8.0,0.5,6.0,8.0,0.75,0.0,5.0,5.0,2.0,4.0,1.0,1.0,3.0,28.0,21.0
22200732,1610612766,CHA,Charlotte,1630163,LaMelo Ball,LaMelo,G,,37:09,2.0,15.0,0.133,2.0,11.0,0.182,9.0,10.0,0.9,0.0,11.0,11.0,8.0,0.0,0.0,6.0,3.0,15.0,15.0
22200732,1610612766,CHA,Charlotte,1630550,JT Thor,JT,,,17:37,1.0,5.0,0.2,0.0,2.0,0.0,0.0,0.0,0.0,0.0,3.0,3.0,0.0,0.0,1.0,1.0,2.0,2.0,-11.0
22200732,1610612766,CHA,Charlotte,1628372,Dennis Smith Jr.,Dennis,,,20:44,2.0,5.0,0.4,0.0,1.0,0.0,0.0,0.0,0.0,1.0,5.0,6.0,1.0,0.0,0.0,1.0,2.0,4.0,-6.0
22200732,1610612766,CHA,Charlotte,1629667,Jalen McDaniels,Jalen,,,26:15,2.0,7.0,0.286,0.0,1.0,0.0,1.0,2.0,0.5,1.0,5.0,6.0,2.0,0.0,1.0,0.0,1.0,5.0,8.0
22200732,1610612766,CHA,Charlotte,1631109,Mark Williams,Mark,,,17:56,5.0,5.0,1.0,0.0,0.0,0.0,0.0,0.0,0.0,3.0,3.0,6.0,0.0,1.0,0.0,0.0,1.0,10.0,-4.0
22200732,1610612766,CHA,Charlotte,1630547,James Bouknight,James,,DNP - Coach's Decision,,,,,,,,,,,,,,,,,,,,
22200732,1610612766,CHA,Charlotte,1631121,Bryce McGowens,Bryce,,DNP - Coach's Decision,,,,,,,,,,,,,,,,,,,,
22200732,1610612766,CHA,Charlotte,1630208,Nick Richards,Nick,,DNP - Coach's Decision,,,,,,,,,,,,,,,,,,,,
22200733,1610612739,CLE,Cleveland,1630596,Evan Mobley,Evan,F,,33:19,6.0,16.0,0.375,0.0,3.0,0.0,9.0,10.0,0.9,5.0,5.0,10.0,3.0,1.0,2.0,3.0,3.0,21.0,17.0
22200733,1610612739,CLE,Cleveland,1630171,Isaac Okoro,Isaac,F,,25:33,2.0,5.0,0.4,1.0,2.0,0.5,0.0,1.0,0.0,1.0,0.0,1.0,2.0,0.0,0.0,0.0,1.0,5.0,3.0
22200733,1610612739,CLE,Cleveland,1628386,Jarrett Allen,Jarrett,C,,34:36,6.0,10.0,0.6,0.0,0.0,0.0,2.0,2.0,1.0,1.0,9.0,10.0,1.0,3.0,0.0,1.0,2.0,14.0,23.0
22200733,1610612739,CLE,Cleveland,1627747,Caris LeVert,Caris,G,,31:49,4.0,10.0,0.4,2.0,6.0,0.333,2.0,2.0,1.0,0.0,1.0,1.0,5.0,2.0,0.0,1.0,2.0,12.0,20.0
22200733,1610612739,CLE,Cleveland,1629636,Darius Garland,Darius,G,,32:53,9.0,16.0,0.563,5.0,8.0,0.625,3.0,3.0,1.0,2.0,2.0,4.0,9.0,3.0,0.0,1.0,1.0,26.0,17.0
22200733,1610612739,CLE,Cleveland,1629731,Dean Wade,Dean,,,22:53,5.0,8.0,0.625,4.0,7.0,0.571,1.0,3.0,0.333,1.0,2.0,3.0,1.0,1.0,2.0,1.0,2.0,15.0,10.0
22200733,1610612739,CLE,Cleveland,201937,Ricky Rubio,Ricky,,,17:21,2.0,7.0,0.286,1.0,2.0,0.5,0.0,0.0,0.0,1.0,2.0,3.0,7.0,1.0,0.0,1.0,2.0,5.0,12.0
22200733,1610612739,CLE,Cleveland,1626224,Cedi Osman,Cedi,,,23:56,4.0,10.0,0.4,1.0,6.0,0.167,1.0,1.0,1.0,0.0,2.0,2.0,1.0,1.0,0.0,1.0,3.0,10.0,-1.0
22200733,1610612739,CLE,Cleveland,1630205,Lamar Stevens,Lamar,,,10:42,2.0,3.0,0.667,1.0,1.0,1.0,0.0,0.0,0.0,0.0,2.0,2.0,0.0,0.0,0.0,0.0,0.0,5.0,-3.0
22200733,1610612739,CLE,Cleveland,1629603,Mamadi Diakite,Mamadi,,,3:29,0.0,2.0,0.0,0.0,1.0,0.0,0.0,0.0,0.0,0.0,0.0,0.0,0.0,0.0,0.0,0.0,0.0,0.0,-4.0
22200733,1610612739,CLE,Cleveland,203526,Raul Neto,Raul,,,3:29,0.0,0.0,0.0,0.0,0.0,0.0,0.0,0.0,0.0,0.0,0.0,0.0,0.0,0.0,0.0,0.0,0.0,0.0,-4.0
22200733,1610612739,CLE,Cleveland,201577,Robin Lopez,Robin,,DNP - Coach's Decision,,,,,,,,,,,,,,,,,,,,
22200733,1610612745,HOU,Houston,1630231,KJ Martin,KJ,F,,26:51,6.0,7.0,0.857,1.0,2.0,0.5,1.0,3.0,0.333,1.0,5.0,6.0,2.0,1.0,0.0,1.0,2.0,14.0,-9.0
22200733,1610612745,HOU,Houston,1631095,Jabari Smith Jr.,Jabari,F,,19:05,6.0,9.0,0.667,0.0,1.0,0.0,2.0,5.0,0.4,0.0,5.0,5.0,1.0,0.0,2.0,4.0,4.0,14.0,-11.0
22200733,1610612745,HOU,Houston,1630578,Alperen Sengun,Alperen,C,,30:20,6.0,10.0,0.6,0.0,0.0,0.0,2.0,3.0,0.667,1.0,6.0,7.0,7.0,2.0,2.0,4.0,4.0,14.0,-11.0
22200733,1610612745,HOU,Houston,1630224,Jalen Green,Jalen,G,,27:59,2.0,9.0,0.222,2.0,6.0,0.333,0.0,0.0,0.0,0.0,0.0,0.0,3.0,1.0,0.0,3.0,2.0,6.0,-23.0
22200733,1610612745,HOU,Houston,1630528,Josh Christopher,Josh,G,,19:14,2.0,5.0,0.4,0.0,0.0,0.0,3.0,3.0,1.0,1.0,0.0,1.0,0.0,0.0,0.0,2.0,1.0,7.0,-21.0
22200733,1610612745,HOU,Houston,1631102,TyTy Washington Jr.,TyTy,,,28:46,4.0,10.0,0.4,1.0,5.0,0.2,1.0,2.0,0.5,0.0,3.0,3.0,3.0,1.0,0.0,3.0,1.0,10.0,3.0
22200733,1610612745,HOU,Houston,1628981,Bruno Fernando,Bruno,,,15:00,2.0,4.0,0.5,0.0,0.0,0.0,0.0,0.0,0.0,1.0,5.0,6.0,1.0,0.0,1.0,0.0,2.0,4.0,-11.0
22200733,1610612745,HOU,Houston,1631106,Tari Eason,Tari,,,25:15,8.0,13.0,0.615,0.0,3.0,0.0,2.0,3.0,0.667,5.0,6.0,11.0,3.0,0.0,1.0,3.0,3.0,18.0,-5.0
22200733,1610612745,HOU,Houston,1629726,Garrison Mathews,Garrison,,,20:06,0.0,2.0,0.0,0.0,2.0,0.0,1.0,1.0,1.0,0.0,2.0,2.0,0.0,0.0,0.0,0.0,1.0,1.0,-4.0
22200733,1610612745,HOU,Houston,1630227,Daishen Nix,Daishen,,,21:04,1.0,4.0,0.25,1.0,2.0,0.5,0.0,0.0,0.0,0.0,2.0,2.0,3.0,0.0,0.0,2.0,0.0,3.0,0.0
22200733,1610612745,HOU,Houston,1626246,Boban Marjanović,Boban,,,6:20,2.0,3.0,0.667,0.0,0.0,0.0,0.0,0.0,0.0,1.0,2.0,3.0,1.0,0.0,0.0,0.0,0.0,4.0,2.0
22200733,1610612745,HOU,Houston,1630586,Usman Garuba,Usman,,DNP - Coach's Decision,,,,,,,,,,,,,,,,,,,,
22200724,1610612750,MIN,Minnesota,1630183,Jaden McDaniels,Jaden,F,,34:01,4.0,7.0,0.571,2.0,4.0,0.5,0.0,0.0,0.0,0.0,0.0,0.0,2.0,1.0,0.0,0.0,6.0,10.0,4.0
22200724,1610612750,MIN,Minnesota,203937,Kyle Anderson,Kyle,F,,33:27,3.0,6.0,0.5,0.0,0.0,0.0,4.0,4.0,1.0,1.0,2.0,3.0,7.0,2.0,2.0,4.0,2.0,10.0,16.0
22200724,1610612750,MIN,Minnesota,203497,Rudy Gobert,Rudy,C,,34:30,7.0,12.0,0.583,0.0,0.0,0.0,3.0,5.0,0.6,2.0,10.0,12.0,3.0,1.0,1.0,0.0,2.0,17.0,13.0
22200724,1610612750,MIN,Minnesota,1630162,Anthony Edwards,Anthony,G,,37:18,12.0,25.0,0.48,4.0,10.0,0.4,9.0,10.0,0.9,0.0,6.0,6.0,5.0,0.0,0.0,4.0,1.0,37.0,13.0
22200724,1610612750,MIN,Minnesota,1626156,D'Angelo Russell,D'Angelo,G,,38:50,8.0,17.0,0.471,3.0,8.0,0.375,0.0,1.0,0.0,0.0,3.0,3.0,5.0,2.0,0.0,0.0,2.0,19.0,12.0
22200724,1610612750,MIN,Minnesota,203085,Austin Rivers,Austin,,,23:54,1.0,6.0,0.167,0.0,4.0,0.0,0.0,0.0,0.0,0.0,3.0,3.0,0.0,0.0,0.0,0.0,0.0,2.0,-2.0
22200724,1610612750,MIN,Minnesota,1629675,Naz Reid,Naz,,,13:30,1.0,1.0,1.0,1.0,1.0,1.0,3.0,4.0,0.75,1.0,6.0,7.0,0.0,2.0,2.0,1.0,2.0,6.0,-4.0
22200724,1610612750,MIN,Minnesota,1629669,Jaylen Nowell,Jaylen,,,12:57,2.0,5.0,0.4,0.0,0.0,0.0,1.0,4.0,0.25,0.0,2.0,2.0,0.0,0.0,0.0,0.0,0.0,5.0,-7.0
22200724,1610612750,MIN,Minnesota,1630233,Nathan Knight,Nathan,,,2:33,1.0,1.0,1.0,0.0,0.0,0.0,0.0,0.0,0.0,0.0,0.0,0.0,1.0,0.0,0.0,0.0,2.0,2.0,-4.0
22200724,1610612750,MIN,Minnesota,1630346,Matt Ryan,Matt,,,9:00,1.0,2.0,0.5,1.0,2.0,0.5,0.0,0.0,0.0,0.0,0.0,0.0,0.0,0.0,0.0,0.0,1.0,3.0,4.0
22200724,1610612750,MIN,Minnesota,1627854,Bryn Forbes,Bryn,,DNP - Coach's Decision,,,,,,,,,,,,,,,,,,,,
22200724,1610612750,MIN,Minnesota,1630568,Luka Garza,Luka,,DNP - Coach's Decision,,,,,,,,,,,,,,,,,,,,
22200724,1610612750,MIN,Minnesota,1631111,Wendell Moore Jr.,Wendell,,DNP - Coach's Decision,,,,,,,,,,,,,,,,,,,,
22200724,1610612740,NOP,New Orleans,1630530,Trey Murphy III,Trey,F,,20:30,2.0,5.0,0.4,0.0,3.0,0.0,2.0,2.0,1.0,0.0,0.0,0.0,1.0,0.0,2.0,0.0,1.0,6.0,-9.0
22200724,1610612740,NOP,New Orleans,1627742,Brandon Ingram,Brandon,F,,25:39,4.0,18.0,0.222,0.0,6.0,0.0,5.0,5.0,1.0,1.0,4.0,5.0,5.0,1.0,0.0,4.0,2.0,13.0,-19.0
22200724,1610612740,NOP,New Orleans,202685,Jonas Valančiūnas,Jonas,C,,28:41,7.0,9.0,0.778,1.0,2.0,0.5,0.0,0.0,0.0,2.0,10.0,12.0,0.0,0.0,1.0,2.0,4.0,15.0,-13.0
22200724,1610612740,NOP,New Orleans,1630529,Herbert Jones,Herbert,G,,26:05,2.0,9.0,0.222,0.0,5.0,0.0,0.0,0.0,0.0,4.0,1.0,5.0,1.0,0.0,0.0,1.0,3.0,4.0,-19.0
22200724,1610612740,NOP,New Orleans,203468,CJ McCollum,CJ,G,,34:22,9.0,17.0,0.529,5.0,9.0,0.556,2.0,4.0,0.5,1.0,4.0,5.0,8.0,1.0,2.0,0.0,1.0,25.0,-16.0
22200724,1610612740,NOP,New Orleans,1630230,Naji Marshall,Naji,,,26:47,1.0,6.0,0.167,0.0,2.0,0.0,3.0,4.0,0.75,0.0,4.0,4.0,4.0,1.0,1.0,3.0,0.0,5.0,-3.0
22200724,1610612740,NOP,New Orleans,1628984,Devonte' Graham,Devonte',,,16:01,4.0,4.0,1.0,4.0,4.0,1.0,0.0,0.0,0.0,0.0,1.0,1.0,2.0,1.0,0.0,0.0,1.0,12.0,9.0
22200724,1610612740,NOP,New Orleans,1626204,Larry Nance Jr.,Larry,,,22:06,2.0,3.0,0.667,1.0,2.0,0.5,2.0,2.0,1.0,0.0,3.0,3.0,0.0,0.0,0.0,0.0,1.0,7.0,6.0
22200724,1610612740,NOP,New Orleans,1626195,Willy Hernangomez,Willy,,,15:26,3.0,5.0,0.6,0.0,1.0,0.0,2.0,4.0,0.5,0.0,3.0,3.0,1.0,0.0,1.0,2.0,4.0,8.0,7.0
22200724,1610612740,NOP,New Orleans,1630631,Jose Alvarado,Jose,,,24:23,3.0,9.0,0.333,1.0,4.0,0.25,0.0,0.0,0.0,0.0,4.0,4.0,3.0,0.0,0.0,2.0,4.0,7.0,12.0
22200724,1610612740,NOP,New Orleans,1629637,Jaxson Hayes,Jaxson,,DNP - Coach's Decision,,,,,,,,,,,,,,,,,,,,
22200724,1610612740,NOP,New Orleans,202066,Garrett Temple,Garrett,,DNP - Coach's Decision,,,,,,,,,,,,,,,,,,,,
22200720,1610612754,IND,Indiana,1627741,Buddy Hield,Buddy,F,,38:43,7.0,13.0,0.538,6.0,10.0,0.6,1.0,2.0,0.5,2.0,2.0,4.0,5.0,4.0,0.0,4.0,2.0,21.0,-2.0
22200720,1610612754,IND,Indiana,1630174,Aaron Nesmith,Aaron,F,,13:23,0.0,5.0,0.0,0.0,3.0,0.0,0.0,0.0,0.0,0.0,0.0,0.0,0.0,1.0,0.0,2.0,3.0,0.0,-14.0
22200720,1610612754,IND,Indiana,1626167,Myles Turner,Myles,C,,33:28,7.0,16.0,0.438,3.0,6.0,0.5,5.0,6.0,0.833,5.0,8.0,13.0,1.0,1.0,1.0,1.0,1.0,22.0,0.0
22200720,1610612754,IND,Indiana,1630537,Chris Duarte,Chris,G,,38:46,4.0,9.0,0.444,2.0,5.0,0.4,6.0,8.0,0.75,0.0,2.0,2.0,5.0,6.0,0.0,2.0,3.0,16.0,3.0
22200720,1610612754,IND,Indiana,204456,T.J. McConnell,T.J.,G,,33:14,8.0,8.0,1.0,0.0,0.0,0.0,1.0,1.0,1.0,0.0,3.0,3.0,8.0,0.0,0.0,4.0,1.0,17.0,-15.0
22200720,1610612754,IND,Indiana,1631097,Bennedict Mathurin,Bennedict,,,32:34,7.0,18.0,0.389,2.0,6.0,0.333,10.0,12.0,0.833,0.0,3.0,3.0,4.0,1.0,1.0,0.0,4.0,26.0,4.0
22200720,1610612754,IND,Indiana,1630678,Terry Taylor,Terry,,,14:31,3.0,7.0,0.429,1.0,3.0,0.333,0.0,0.0,0.0,2.0,0.0,2.0,1.0,0.0,0.0,0.0,2.0,7.0,-6.0
22200720,1610612754,IND,Indiana,1630243,Trevelin Queen,Trevelin,,,4:14,0.0,1.0,0.0,0.0,1.0,0.0,0.0,0.0,0.0,1.0,0.0,1.0,0.0,0.0,0.0,1.0,0.0,0.0,-4.0
22200720,1610612754,IND,Indiana,1630543,Isaiah Jackson,Isaiah,,,12:32,3.0,4.0,0.75,0.0,0.0,0.0,0.0,0.0,0.0,0.0,1.0,1.0,0.0,1.0,3.0,0.0,1.0,6.0,-8.0
22200720,1610612754,IND,Indiana,1629052,Oshae Brissett,Oshae,,,18:35,2.0,4.0,0.5,1.0,1.0,1.0,0.0,0.0,0.0,0.0,3.0,3.0,1.0,0.0,0.0,0.0,3.0,5.0,12.0
22200720,1610612754,IND,Indiana,1629048,Goga Bitadze,Goga,,DNP - Coach's Decision,,,,,,,,,,,,,,,,,,,,
22200720,1610612754,IND,Indiana,201949,James Johnson,James,,DNP - Coach's Decision,,,,,,,,,,,,,,,,,,,,
22200720,1610612754,IND,Indiana,1630188,Jalen Smith,Jalen,,DNP - Coach's Decision,,,,,,,,,,,,,,,,,,,,
22200720,1610612753,ORL,Orlando,1630532,Franz Wagner,Franz,F,,34:16,5.0,11.0,0.455,1.0,3.0,0.333,2.0,4.0,0.5,0.0,3.0,3.0,7.0,2.0,0.0,2.0,1.0,13.0,12.0
22200720,1610612753,ORL,Orlando,1631094,Paolo Banchero,Paolo,F,,35:39,6.0,14.0,0.429,2.0,6.0,0.333,9.0,10.0,0.9,1.0,2.0,3.0,4.0,2.0,1.0,4.0,4.0,23.0,9.0
22200720,1610612753,ORL,Orlando,1628976,Wendell Carter Jr.,Wendell,C,,27:59,7.0,10.0,0.7,1.0,3.0,0.333,3.0,3.0,1.0,2.0,8.0,10.0,2.0,0.0,2.0,5.0,5.0,18.0,1.0
22200720,1610612753,ORL,Orlando,203914,Gary Harris,Gary,G,,26:11,8.0,9.0,0.889,6.0,6.0,1.0,0.0,0.0,0.0,0.0,1.0,1.0,0.0,1.0,0.0,0.0,2.0,22.0,6.0
22200720,1610612753,ORL,Orlando,1628365,Markelle Fultz,Markelle,G,,31:25,5.0,8.0,0.625,0.0,1.0,0.0,3.0,4.0,0.75,0.0,1.0,1.0,8.0,1.0,1.0,3.0,3.0,13.0,5.0
22200720,1610612753,ORL,Orlando,1628371,Jonathan Isaac,Jonathan,,,8:23,2.0,4.0,0.5,1.0,2.0,0.5,0.0,0.0,0.0,0.0,1.0,1.0,2.0,2.0,0.0,0.0,1.0,5.0,2.0
22200720,1610612753,ORL,Orlando,1630175,Cole Anthony,Cole,,,24:39,4.0,9.0,0.444,0.0,2.0,0.0,0.0,0.0,0.0,1.0,1.0,2.0,5.0,0.0,1.0,0.0,1.0,8.0,-6.0
22200720,1610612753,ORL,Orlando,1629021,Moritz Wagner,Moritz,,,7:48,1.0,2.0,0.5,1.0,1.0,1.0,0.0,0.0,0.0,0.0,1.0,1.0,1.0,0.0,0.0,1.0,2.0,3.0,-3.0
22200720,1610612753,ORL,Orlando,1630591,Jalen Suggs,Jalen,,,16:35,3.0,6.0,0.5,2.0,3.0,0.667,0.0,0.0,0.0,1.0,0.0,1.0,2.0,0.0,0.0,0.0,1.0,8.0,1.0
22200720,1610612753,ORL,Orlando,1629626,Bol Bol,Bol,,,14:52,4.0,6.0,0.667,0.0,0.0,0.0,1.0,2.0,0.5,2.0,6.0,8.0,1.0,0.0,1.0,2.0,1.0,9.0,-5.0
22200720,1610612753,ORL,Orlando,1628964,Mo Bamba,Mo,,,12:13,1.0,3.0,0.333,1.0,1.0,1.0,1.0,2.0,0.5,2.0,1.0,3.0,2.0,0.0,1.0,0.0,1.0,4.0,8.0
22200720,1610612753,ORL,Orlando,1630181,R.J. Hampton,R.J.,,DNP - Coach's Decision,,,,,,,,,,,,,,,,,,,,
22200720,1610612753,ORL,Orlando,1631216,Caleb Houstan,Caleb,,DNP - Coach's Decision,,,,,,,,,,,,,,,,,,,,
22200720,1610612753,ORL,Orlando,203082,Terrence Ross,Terrence,,DNP - Coach's Decision,,,,,,,,,,,,,,,,,,,,
22200721,1610612751,BKN,Brooklyn,203925,Joe Harris,Joe,F,,20:22,3.0,4.0,0.75,2.0,3.0,0.667,0.0,0.0,0.0,0.0,2.0,2.0,0.0,0.0,0.0,1.0,6.0,8.0,-7.0
22200721,1610612751,BKN,Brooklyn,1626220,Royce O'Neale,Royce,F,,34:44,3.0,7.0,0.429,1.0,4.0,0.25,1.0,2.0,0.5,0.0,4.0,4.0,5.0,0.0,0.0,5.0,2.0,8.0,2.0
22200721,1610612751,BKN,Brooklyn,1629651,Nic Claxton,Nic,C,,38:03,11.0,12.0,0.917,0.0,0.0,0.0,3.0,6.0,0.5,4.0,7.0,11.0,2.0,0.0,2.0,0.0,5.0,25.0,-2.0
22200721,1610612751,BKN,Brooklyn,202681,Kyrie Irving,Kyrie,G,,38:02,9.0,15.0,0.6,2.0,5.0,0.4,10.0,11.0,0.909,0.0,2.0,2.0,10.0,2.0,0.0,4.0,2.0,30.0,-6.0
22200721,1610612751,BKN,Brooklyn,1627732,Ben Simmons,Ben,G,,28:42,5.0,7.0,0.714,0.0,0.0,0.0,2.0,3.0,0.667,0.0,5.0,5.0,5.0,0.0,1.0,2.0,4.0,12.0,-16.0
22200721,1610612751,BKN,Brooklyn,203552,Seth Curry,Seth,,,34:40,11.0,20.0,0.55,7.0,10.0,0.7,3.0,3.0,1.0,0.0,0.0,0.0,4.0,1.0,0.0,2.0,2.0,32.0,5.0
22200721,1610612751,BKN,Brooklyn,1629139,Yuta Watanabe,Yuta,,,25:12,4.0,7.0,0.571,1.0,3.0,0.333,2.0,2.0,1.0,1.0,3.0,4.0,2.0,0.0,1.0,1.0,2.0,11.0,16.0
22200721,1610612751,BKN,Brooklyn,1628410,Edmond Sumner,Edmond,,,4:03,1.0,1.0,1.0,1.0,1.0,1.0,0.0,0.0,0.0,0.0,0.0,0.0,0.0,0.0,0.0,1.0,0.0,3.0,-2.0
22200721,1610612751,BKN,Brooklyn,203933,T.J. Warren,T.J.,,,9:23,1.0,2.0,0.5,0.0,0.0,0.0,0.0,0.0,0.0,0.0,1.0,1.0,1.0,0.0,0.0,0.0,1.0,2.0,-9.0
22200721,1610612751,BKN,Brooklyn,202693,Markieff Morris,Markieff,,,6:49,1.0,1.0,1.0,0.0,0.0,0.0,0.0,0.0,0.0,1.0,1.0,2.0,0.0,0.0,0.0,0.0,2.0,2.0,-1.0
22200721,1610612751,BKN,Brooklyn,1630561,David Duke Jr.,David,,DNP - Coach's Decision,,,,,,,,,,,,,,,,,,,,
22200721,1610612751,BKN,Brooklyn,1630556,Kessler Edwards,Kessler,,DNP - Coach's Decision,,,,,,,,,,,,,,,,,,,,
22200721,1610612751,BKN,Brooklyn,201988,Patty Mills,Patty,,DNP - Coach's Decision,,,,,,,,,,,,,,,,,,,,
22200721,1610612751,BKN,Brooklyn,1630560,Cam Thomas,Cam,,DNP - Coach's Decision,,,,,,,,,,,,,,,,,,,,
22200721,1610612755,PHI,Philadelphia,202699,Tobias Harris,Tobias,F,,32:59,7.0,11.0,0.636,1.0,2.0,0.5,3.0,3.0,1.0,1.0,3.0,4.0,2.0,0.0,0.0,0.0,0.0,18.0,8.0
22200721,1610612755,PHI,Philadelphia,200782,P.J. Tucker,P.J.,F,,17:36,1.0,3.0,0.333,0.0,0.0,0.0,4.0,4.0,1.0,3.0,0.0,3.0,2.0,0.0,0.0,0.0,1.0,6.0,12.0
22200721,1610612755,PHI,Philadelphia,203954,Joel Embiid,Joel,C,,34:39,6.0,18.0,0.333,1.0,5.0,0.2,13.0,13.0,1.0,2.0,8.0,10.0,3.0,2.0,0.0,2.0,4.0,26.0,-1.0
22200721,1610612755,PHI,Philadelphia,1629001,De'Anthony Melton,De'Anthony,G,,33:48,7.0,10.0,0.7,3.0,6.0,0.5,2.0,2.0,1.0,2.0,2.0,4.0,2.0,1.0,3.0,0.0,3.0,19.0,-4.0
22200721,1610612755,PHI,Philadelphia,201935,James Harden,James,G,,35:08,6.0,12.0,0.5,5.0,10.0,0.5,6.0,7.0,0.857,0.0,3.0,3.0,7.0,2.0,1.0,6.0,4.0,23.0,4.0
22200721,1610612755,PHI,Philadelphia,1630178,Tyrese Maxey,Tyrese,,,30:10,8.0,14.0,0.571,6.0,9.0,0.667,5.0,5.0,1.0,0.0,3.0,3.0,5.0,2.0,0.0,0.0,1.0,27.0,-6.0
22200721,1610612755,PHI,Philadelphia,1627777,Georges Niang,Georges,,,16:37,0.0,2.0,0.0,0.0,1.0,0.0,0.0,0.0,0.0,0.0,3.0,3.0,1.0,0.0,0.0,1.0,1.0,0.0,0.0
22200721,1610612755,PHI,Philadelphia,1629680,Matisse Thybulle,Matisse,,,12:12,3.0,5.0,0.6,2.0,4.0,0.5,2.0,2.0,1.0,2.0,0.0,2.0,1.0,3.0,0.0,0.0,2.0,10.0,-2.0
22200721,1610612755,PHI,Philadelphia,1629003,Shake Milton,Shake,,,15:06,2.0,4.0,0.5,0.0,1.0,0.0,0.0,0.0,0.0,1.0,2.0,3.0,3.0,0.0,0.0,0.0,1.0,4.0,8.0
22200721,1610612755,PHI,Philadelphia,1626149,Montrezl Harrell,Montrezl,,,11:45,2.0,3.0,0.667,0.0,0.0,0.0,0.0,0.0,0.0,0.0,1.0,1.0,0.0,0.0,0.0,0.0,2.0,4.0,1.0
22200721,1610612755,PHI,Philadelphia,1627863,Danuel House Jr.,Danuel,,DNP - Coach's Decision,,,,,,,,,,,,,,,,,,,,
22200721,1610612755,PHI,Philadelphia,1630194,Paul Reed,Paul,,DNP - Coach's Decision,,,,,,,,,,,,,,,,,,,,
22200721,1610612755,PHI,Philadelphia,1630531,Jaden Springer,Jaden,,DND - Injury/Illness,,,,,,,,,,,,,,,,,,,,
22200728,1610612761,TOR,Toronto,1630567,Scottie Barnes,Scottie,F,,38:11,3.0,8.0,0.375,0.0,2.0,0.0,1.0,2.0,0.5,2.0,4.0,6.0,10.0,2.0,0.0,1.0,4.0,7.0,22.0
22200728,1610612761,TOR,Toronto,1628384,OG Anunoby,OG,F,,31:16,4.0,9.0,0.444,3.0,6.0,0.5,0.0,0.0,0.0,0.0,3.0,3.0,2.0,2.0,1.0,1.0,1.0,11.0,24.0
22200728,1610612761,TOR,Toronto,1627783,Pascal Siakam,Pascal,C,,34:52,11.0,24.0,0.458,2.0,8.0,0.25,2.0,2.0,1.0,4.0,7.0,11.0,7.0,2.0,2.0,1.0,1.0,26.0,15.0
22200728,1610612761,TOR,Toronto,1629018,Gary Trent Jr.,Gary,G,,36:10,7.0,15.0,0.467,2.0,6.0,0.333,0.0,0.0,0.0,1.0,4.0,5.0,3.0,1.0,0.0,1.0,3.0,16.0,13.0
22200728,1610612761,TOR,Toronto,1627832,Fred VanVleet,Fred,G,,37:38,7.0,16.0,0.438,2.0,9.0,0.222,1.0,1.0,1.0,0.0,4.0,4.0,5.0,4.0,2.0,2.0,2.0,17.0,20.0
22200728,1610612761,TOR,Toronto,1630173,Precious Achiuwa,Precious,,,28:13,9.0,12.0,0.75,1.0,3.0,0.333,0.0,0.0,0.0,1.0,4.0,5.0,0.0,0.0,0.0,3.0,3.0,19.0,3.0
22200728,1610612761,TOR,Toronto,1628449,Chris Boucher,Chris,,,22:05,7.0,11.0,0.636,2.0,4.0,0.5,0.0,0.0,0.0,2.0,4.0,6.0,0.0,1.0,3.0,0.0,2.0,16.0,-3.0
22200728,1610612761,TOR,Toronto,1627823,Juancho Hernangomez,Juancho,,,11:35,0.0,2.0,0.0,0.0,2.0,0.0,1.0,2.0,0.5,1.0,0.0,1.0,1.0,0.0,0.0,0.0,1.0,1.0,-4.0
22200728,1610612761,TOR,Toronto,203920,Khem Birch,Khem,,DNP - Coach's Decision,,,,,,,,,,,,,,,,,,,,
22200728,1610612761,TOR,Toronto,1630201,Malachi Flynn,Malachi,,DNP - Coach's Decision,,,,,,,,,,,,,,,,,,,,
22200728,1610612761,TOR,Toronto,1630580,Joe Wieskamp,Joe,,DNP - Coach's Decision,,,,,,,,,,,,,,,,,,,,
22200728,1610612761,TOR,Toronto,201152,Thaddeus Young,Thaddeus,,DNP - Coach's Decision,,,,,,,,,,,,,,,,,,,,
22200728,1610612758,SAC,Sacramento,203084,Harrison Barnes,Harrison,F,,30:09,3.0,7.0,0.429,1.0,4.0,0.25,3.0,4.0,0.75,0.0,3.0,3.0,0.0,0.0,0.0,1.0,0.0,10.0,-23.0
22200728,1610612758,SAC,Sacramento,1631099,Keegan Murray,Keegan,F,,33:16,6.0,10.0,0.6,4.0,7.0,0.571,0.0,0.0,0.0,0.0,3.0,3.0,4.0,0.0,0.0,0.0,2.0,16.0,-11.0
22200728,1610612758,SAC,Sacramento,1627734,Domantas Sabonis,Domantas,C,,34:39,4.0,9.0,0.444,1.0,1.0,1.0,0.0,0.0,0.0,2.0,6.0,8.0,4.0,3.0,0.0,9.0,3.0,9.0,-11.0
22200728,1610612758,SAC,Sacramento,1628989,Kevin Huerter,Kevin,G,,32:14,8.0,12.0,0.667,5.0,9.0,0.556,0.0,0.0,0.0,0.0,4.0,4.0,4.0,1.0,1.0,2.0,1.0,21.0,-10.0
22200728,1610612758,SAC,Sacramento,1628368,De'Aaron Fox,De'Aaron,G,,30:15,7.0,12.0,0.583,1.0,2.0,0.5,1.0,1.0,1.0,1.0,3.0,4.0,8.0,0.0,0.0,4.0,4.0,16.0,-30.0
22200728,1610612758,SAC,Sacramento,1630558,Davion Mitchell,Davion,,,17:45,2.0,5.0,0.4,0.0,2.0,0.0,0.0,0.0,0.0,0.0,1.0,1.0,1.0,0.0,0.0,2.0,0.0,4.0,12.0
22200728,1610612758,SAC,Sacramento,1629002,Chimezie Metu,Chimezie,,,15:58,1.0,5.0,0.2,0.0,1.0,0.0,0.0,0.0,0.0,1.0,4.0,5.0,1.0,1.0,0.0,0.0,1.0,2.0,8.0
22200728,1610612758,SAC,Sacramento,1628370,Malik Monk,Malik,,,19:50,2.0,7.0,0.286,1.0,3.0,0.333,2.0,2.0,1.0,0.0,1.0,1.0,2.0,0.0,0.0,1.0,0.0,7.0,-6.0
22200728,1610612758,SAC,Sacramento,1626168,Trey Lyles,Trey,,,22:41,1.0,5.0,0.2,0.0,3.0,0.0,4.0,4.0,1.0,0.0,5.0,5.0,5.0,1.0,1.0,0.0,1.0,6.0,-14.0
22200728,1610612758,SAC,Sacramento,1626158,Richaun Holmes,Richaun,,,3:13,1.0,1.0,1.0,0.0,0.0,0.0,2.0,2.0,1.0,0.0,0.0,0.0,0.0,0.0,0.0,0.0,0.0,4.0,-5.0
22200728,1610612758,SAC,Sacramento,1629056,Terence Davis,Terence,,DNP - Coach's Decision,,,,,,,,,,,,,,,,,,,,
22200728,1610612758,SAC,Sacramento,203521,Matthew Dellavedova,Matthew,,DNP - Coach's Decision,,,,,,,,,,,,,,,,,,,,
22200728,1610612758,SAC,Sacramento,1628408,PJ Dozier,PJ,,DNP - Coach's Decision,,,,,,,,,,,,,,,,,,,,
22200728,1610612758,SAC,Sacramento,203458,Alex Len,Alex,,DNP - Coach's Decision,,,,,,,,,,,,,,,,,,,,
22200728,1610612758,SAC,Sacramento,1629644,KZ Okpala,KZ,,DNP - Coach's Decision,,,,,,,,,,,,,,,,,,,,
22200726,1610612763,MEM,Memphis,1628415,Dillon Brooks,Dillon,F,,30:49,3.0,9.0,0.333,2.0,5.0,0.4,2.0,2.0,1.0,1.0,3.0,4.0,3.0,1.0,0.0,0.0,4.0,10.0,2.0
22200726,1610612763,MEM,Memphis,1628991,Jaren Jackson Jr.,Jaren,F,,27:52,4.0,11.0,0.364,2.0,3.0,0.667,7.0,8.0,0.875,3.0,3.0,6.0,0.0,0.0,0.0,1.0,6.0,17.0,7.0
22200726,1610612763,MEM,Memphis,1629634,Brandon Clarke,Brandon,C,,32:01,8.0,10.0,0.8,0.0,0.0,0.0,3.0,4.0,0.75,1.0,7.0,8.0,2.0,1.0,0.0,1.0,4.0,19.0,-5.0
22200726,1610612763,MEM,Memphis,1630217,Desmond Bane,Desmond,G,,34:07,7.0,17.0,0.412,2.0,7.0,0.286,4.0,6.0,0.667,0.0,3.0,3.0,4.0,1.0,1.0,3.0,3.0,20.0,9.0
22200726,1610612763,MEM,Memphis,1629630,Ja Morant,Ja,G,,35:26,10.0,20.0,0.5,2.0,7.0,0.286,7.0,12.0,0.583,1.0,3.0,4.0,12.0,2.0,1.0,5.0,3.0,29.0,1.0
22200726,1610612763,MEM,Memphis,1630533,Ziaire Williams,Ziaire,,,23:39,1.0,7.0,0.143,0.0,6.0,0.0,0.0,0.0,0.0,0.0,2.0,2.0,0.0,1.0,1.0,1.0,3.0,2.0,-19.0
22200726,1610612763,MEM,Memphis,1630583,Santi Aldama,Santi,,,20:33,5.0,5.0,1.0,2.0,2.0,1.0,1.0,2.0,0.5,1.0,2.0,3.0,0.0,0.0,0.0,0.0,2.0,13.0,2.0
22200726,1610612763,MEM,Memphis,1630214,Xavier Tillman,Xavier,,,13:28,1.0,3.0,0.333,0.0,0.0,0.0,1.0,2.0,0.5,3.0,2.0,5.0,0.0,3.0,0.0,1.0,1.0,3.0,-5.0
22200726,1610612763,MEM,Memphis,1626145,Tyus Jones,Tyus,,,18:59,3.0,6.0,0.5,0.0,1.0,0.0,1.0,1.0,1.0,1.0,0.0,1.0,5.0,1.0,0.0,0.0,0.0,7.0,-2.0
22200726,1610612763,MEM,Memphis,1631223,David Roddy,David,,,3:05,0.0,0.0,0.0,0.0,0.0,0.0,0.0,0.0,0.0,0.0,0.0,0.0,0.0,0.0,0.0,1.0,0.0,0.0,0.0
22200726,1610612763,MEM,Memphis,1631113,Kennedy Chandler,Kennedy,,DNP - Coach's Decision,,,,,,,,,,,,,,,,,,,,
22200726,1610612763,MEM,Memphis,1631222,Jake LaRavia,Jake,,DNP - Coach's Decision,,,,,,,,,,,,,,,,,,,,
22200726,1610612763,MEM,Memphis,1631254,Kenneth Lofton Jr.,Kenneth,,DNP - Coach's Decision,,,,,,,,,,,,,,,,,,,,
22200726,1610612763,MEM,Memphis,1631246,Vince Williams Jr.,Vince,,DNP - Coach's Decision,,,,,,,,,,,,,,,,,,,,
22200726,1610612744,GSW,Golden State,202691,Klay Thompson,Klay,F,,34:07,9.0,23.0,0.391,5.0,10.0,0.5,1.0,2.0,0.5,2.0,1.0,3.0,3.0,1.0,0.0,2.0,3.0,24.0,6.0
22200726,1610612744,GSW,Golden State,1630228,Jonathan Kuminga,Jonathan,F,,23:44,5.0,6.0,0.833,1.0,1.0,1.0,2.0,2.0,1.0,2.0,0.0,2.0,4.0,0.0,1.0,4.0,4.0,13.0,-16.0
22200726,1610612744,GSW,Golden State,203110,Draymond Green,Draymond,C,,32:08,3.0,3.0,1.0,0.0,0.0,0.0,2.0,4.0,0.5,0.0,13.0,13.0,7.0,1.0,3.0,5.0,5.0,8.0,2.0
22200726,1610612744,GSW,Golden State,1629673,Jordan Poole,Jordan,G,,30:37,8.0,14.0,0.571,2.0,6.0,0.333,3.0,4.0,0.75,1.0,4.0,5.0,7.0,1.0,0.0,3.0,5.0,21.0,15.0
22200726,1610612744,GSW,Golden State,201939,Stephen Curry,Stephen,G,,34:47,10.0,19.0,0.526,4.0,8.0,0.5,10.0,11.0,0.909,0.0,2.0,2.0,3.0,2.0,0.0,3.0,3.0,34.0,-3.0
22200726,1610612744,GSW,Golden State,1628978,Donte DiVincenzo,Donte,,,34:20,3.0,7.0,0.429,2.0,4.0,0.5,0.0,0.0,0.0,2.0,2.0,4.0,2.0,0.0,1.0,3.0,2.0,8.0,7.0
22200726,1610612744,GSW,Golden State,1626172,Kevon Looney,Kevon,,,20:25,2.0,4.0,0.5,0.0,0.0,0.0,0.0,0.0,0.0,4.0,4.0,8.0,3.0,1.0,0.0,0.0,1.0,4.0,-6.0
22200726,1610612744,GSW,Golden State,203210,JaMychal Green,JaMychal,,,10:27,1.0,3.0,0.333,0.0,0.0,0.0,3.0,3.0,1.0,1.0,1.0,2.0,1.0,1.0,0.0,1.0,1.0,5.0,-2.0
22200726,1610612744,GSW,Golden State,1630237,Anthony Lamb,Anthony,,,19:25,2.0,6.0,0.333,0.0,3.0,0.0,1.0,2.0,0.5,2.0,3.0,5.0,3.0,0.0,0.0,0.0,3.0,5.0,7.0
22200726,1610612744,GSW,Golden State,1631116,Patrick Baldwin Jr.,Patrick,,DNP - Coach's Decision,,,,,,,,,,,,,,,,,,,,
22200726,1610612744,GSW,Golden State,1630541,Moses Moody,Moses,,DNP - Coach's Decision,,,,,,,,,,,,,,,,,,,,
22200726,1610612744,GSW,Golden State,1631157,Ryan Rollins,Ryan,,DNP - Coach's Decision,,,,,,,,,,,,,,,,,,,,
22200726,1610612744,GSW,Golden State,1630164,James Wiseman,James,,DNP - Coach's Decision,,,,,,,,,,,,,,,,,,,,
22200725,1610612737,ATL,Atlanta,203992,Bogdan Bogdanović,Bogdan,F,,34:22,7.0,11.0,0.636,4.0,7.0,0.571,2.0,4.0,0.5,1.0,3.0,4.0,4.0,1.0,1.0,1.0,2.0,20.0,0.0
22200725,1610612737,ATL,Atlanta,1628381,John Collins,John,F,,30:11,7.0,12.0,0.583,1.0,3.0,0.333,4.0,4.0,1.0,4.0,6.0,10.0,2.0,0.0,0.0,1.0,4.0,19.0,-7.0
22200725,1610612737,ATL,Atlanta,203991,Clint Capela,Clint,C,,27:35,8.0,8.0,1.0,0.0,0.0,0.0,2.0,6.0,0.333,5.0,5.0,10.0,0.0,1.0,1.0,0.0,2.0,18.0,-18.0
22200725,1610612737,ATL,Atlanta,1627749,Dejounte Murray,Dejounte,G,,38:26,9.0,19.0,0.474,1.0,8.0,0.125,2.0,2.0,1.0,0.0,2.0,2.0,3.0,0.0,1.0,4.0,3.0,21.0,-2.0
22200725,1610612737,ATL,Atlanta,1629027,Trae Young,Trae,G,,34:41,10.0,20.0,0.5,3.0,6.0,0.5,10.0,11.0,0.909,0.0,3.0,3.0,11.0,0.0,0.0,5.0,0.0,33.0,-11.0
22200725,1610612737,ATL,Atlanta,1628988,Aaron Holiday,Aaron,,,13:57,1.0,2.0,0.5,1.0,2.0,0.5,0.0,0.0,0.0,0.0,0.0,0.0,1.0,0.0,0.0,1.0,0.0,3.0,6.0
22200725,1610612737,ATL,Atlanta,1631100,AJ Griffin,AJ,,,23:12,2.0,4.0,0.5,1.0,3.0,0.333,4.0,4.0,1.0,0.0,4.0,4.0,3.0,2.0,0.0,1.0,0.0,9.0,22.0
22200725,1610612737,ATL,Atlanta,1630168,Onyeka Okongwu,Onyeka,,,20:24,4.0,5.0,0.8,0.0,0.0,0.0,0.0,0.0,0.0,1.0,4.0,5.0,2.0,1.0,2.0,3.0,4.0,8.0,21.0
22200725,1610612737,ATL,Atlanta,1630552,Jalen Johnson,Jalen,,,17:12,2.0,3.0,0.667,0.0,0.0,0.0,2.0,2.0,1.0,0.0,8.0,8.0,0.0,0.0,1.0,0.0,1.0,6.0,14.0
22200725,1610612737,ATL,Atlanta,1630235,Trent Forrest,Trent,,DNP - Coach's Decision,,,,,,,,,,,,,,,,,,,,
22200725,1610612737,ATL,Atlanta,203200,Justin Holiday,Justin,,DNP - Coach's Decision,,,,,,,,,,,,,,,,,,,,
22200725,1610612737,ATL,Atlanta,1629631,De'Andre Hunter,De'Andre,,DND - Injury/Illness,,,,,,,,,,,,,,,,,,,,
22200725,1610612737,ATL,Atlanta,1626163,Frank Kaminsky,Frank,,DNP - Coach's Decision,,,,,,,,,,,,,,,,,,,,
22200725,1610612737,ATL,Atlanta,1630249,Vít Krejčí,Vít,,DNP - Coach's Decision,,,,,,,,,,,,,,,,,,,,
22200725,1610612737,ATL,Atlanta,1631213,Tyrese Martin,Tyrese,,DNP - Coach's Decision,,,,,,,,,,,,,,,,,,,,
22200725,1610612760,OKC,Oklahoma City,1629652,Luguentz Dort,Luguentz,F,,27:40,4.0,10.0,0.4,3.0,6.0,0.5,1.0,2.0,0.5,3.0,0.0,3.0,4.0,2.0,0.0,2.0,3.0,12.0,-4.0
22200725,1610612760,OKC,Oklahoma City,1631114,Jalen Williams,Jalen,F,,37:32,11.0,16.0,0.688,1.0,1.0,1.0,1.0,2.0,0.5,1.0,4.0,5.0,2.0,4.0,0.0,1.0,5.0,24.0,4.0
22200725,1610612760,OKC,Oklahoma City,1629026,Kenrich Williams,Kenrich,C,,30:12,4.0,10.0,0.4,1.0,6.0,0.167,0.0,0.0,0.0,2.0,5.0,7.0,7.0,0.0,0.0,1.0,3.0,9.0,19.0
22200725,1610612760,OKC,Oklahoma City,1630581,Josh Giddey,Josh,G,,29:54,8.0,19.0,0.421,0.0,1.0,0.0,0.0,1.0,0.0,2.0,6.0,8.0,6.0,2.0,0.0,2.0,2.0,16.0,-1.0
22200725,1610612760,OKC,Oklahoma City,1628983,Shai Gilgeous-Alexander,Shai,G,,36:29,13.0,22.0,0.591,1.0,1.0,1.0,9.0,10.0,0.9,2.0,3.0,5.0,7.0,2.0,2.0,4.0,3.0,36.0,9.0
22200725,1610612760,OKC,Oklahoma City,1630198,Isaiah Joe,Isaiah,,,14:22,3.0,7.0,0.429,3.0,7.0,0.429,0.0,0.0,0.0,0.0,2.0,2.0,0.0,0.0,0.0,0.0,2.0,9.0,-1.0
22200725,1610612760,OKC,Oklahoma City,1630544,Tre Mann,Tre,,,12:15,1.0,4.0,0.25,0.0,2.0,0.0,0.0,0.0,0.0,0.0,1.0,1.0,2.0,1.0,0.0,0.0,2.0,2.0,-14.0
22200725,1610612760,OKC,Oklahoma City,203488,Mike Muscala,Mike,,,10:47,2.0,4.0,0.5,2.0,4.0,0.5,0.0,0.0,0.0,0.0,0.0,0.0,0.0,0.0,0.0,0.0,0.0,6.0,-18.0
22200725,1610612760,OKC,Oklahoma City,1631172,Ousmane Dieng,Ousmane,,,10:39,2.0,3.0,0.667,1.0,2.0,0.5,0.0,0.0,0.0,1.0,1.0,2.0,1.0,0.0,0.0,0.0,1.0,5.0,-23.0
22200725,1610612760,OKC,Oklahoma City,1629647,Darius Bazley,Darius,,,15:58,2.0,3.0,0.667,0.0,0.0,0.0,0.0,1.0,0.0,0.0,0.0,0.0,0.0,0.0,0.0,0.0,1.0,4.0,-2.0
22200725,1610612760,OKC,Oklahoma City,1630598,Aaron Wiggins,Aaron,,,14:12,3.0,4.0,0.75,3.0,4.0,0.75,0.0,0.0,0.0,1.0,3.0,4.0,2.0,1.0,0.0,1.0,1.0,9.0,6.0
22200725,1610612760,OKC,Oklahoma City,1631119,Jaylin Williams,Jaylin,,DNP - Coach's Decision,,,,,,,,,,,,,,,,,,,,
22200723,1610612743,DEN,Denver,1628427,Vlatko Čančar,Vlatko,F,,19:58,3.0,5.0,0.6,1.0,2.0,0.5,2.0,2.0,1.0,1.0,3.0,4.0,3.0,0.0,1.0,3.0,1.0,9.0,-8.0
22200723,1610612743,DEN,Denver,203932,Aaron Gordon,Aaron,F,,37:11,10.0,24.0,0.417,3.0,5.0,0.6,3.0,4.0,0.75,7.0,7.0,14.0,4.0,0.0,2.0,1.0,3.0,26.0,5.0
22200723,1610612743,DEN,Denver,1630192,Zeke Nnaji,Zeke,C,,22:14,2.0,7.0,0.286,1.0,5.0,0.2,1.0,2.0,0.5,1.0,4.0,5.0,1.0,2.0,1.0,1.0,0.0,6.0,-2.0
22200723,1610612743,DEN,Denver,1631128,Christian Braun,Christian,G,,25:47,3.0,6.0,0.5,2.0,2.0,1.0,0.0,0.0,0.0,1.0,1.0,2.0,1.0,1.0,0.0,1.0,3.0,8.0,-3.0
22200723,1610612743,DEN,Denver,1628971,Bruce Brown,Bruce,G,,36:02,5.0,14.0,0.357,1.0,4.0,0.25,1.0,2.0,0.5,2.0,6.0,8.0,4.0,3.0,1.0,6.0,3.0,12.0,1.0
22200723,1610612743,DEN,Denver,201145,Jeff Green,Jeff,,,28:02,4.0,14.0,0.286,2.0,9.0,0.222,1.0,2.0,0.5,1.0,4.0,5.0,2.0,1.0,0.0,0.0,2.0,11.0,0.0
22200723,1610612743,DEN,Denver,202397,Ish Smith,Ish,,,19:13,5.0,7.0,0.714,0.0,0.0,0.0,0.0,0.0,0.0,0.0,1.0,1.0,3.0,0.0,0.0,3.0,1.0,10.0,-6.0
22200723,1610612743,DEN,Denver,1628432,Davon Reed,Davon,,,16:01,0.0,5.0,0.0,0.0,2.0,0.0,0.0,0.0,0.0,1.0,6.0,7.0,0.0,0.0,0.0,1.0,2.0,0.0,-10.0
22200723,1610612743,DEN,Denver,201599,DeAndre Jordan,DeAndre,,,10:49,1.0,1.0,1.0,0.0,0.0,0.0,0.0,0.0,0.0,1.0,2.0,3.0,2.0,1.0,0.0,1.0,6.0,2.0,-13.0
22200723,1610612743,DEN,Denver,1630538,Bones Hyland,Bones,,,24:43,5.0,14.0,0.357,1.0,5.0,0.2,4.0,4.0,1.0,0.0,2.0,2.0,1.0,1.0,0.0,2.0,0.0,15.0,-4.0
22200723,1610612743,DEN,Denver,1631212,Peyton Watson,Peyton,,DNP - Coach's Decision,,,,,,,,,,,,,,,,,,,,
22200723,1610612749,MIL,Milwaukee,1626192,Pat Connaughton,Pat,F,,38:05,7.0,8.0,0.875,5.0,6.0,0.833,0.0,0.0,0.0,1.0,11.0,12.0,2.0,2.0,0.0,1.0,2.0,19.0,5.0
22200723,1610612749,MIL,Milwaukee,203507,Giannis Antetokounmpo,Giannis,F,,30:48,9.0,15.0,0.6,0.0,0.0,0.0,15.0,22.0,0.682,3.0,11.0,14.0,4.0,3.0,0.0,9.0,4.0,33.0,10.0
22200723,1610612749,MIL,Milwaukee,201572,Brook Lopez,Brook,C,,31:60,2.0,11.0,0.182,0.0,3.0,0.0,1.0,1.0,1.0,1.0,3.0,4.0,2.0,0.0,4.0,1.0,3.0,5.0,14.0
22200723,1610612749,MIL,Milwaukee,1628960,Grayson Allen,Grayson,G,,28:02,2.0,6.0,0.333,2.0,6.0,0.333,1.0,2.0,0.5,0.0,5.0,5.0,1.0,3.0,0.0,0.0,1.0,7.0,-5.0
22200723,1610612749,MIL,Milwaukee,201950,Jrue Holiday,Jrue,G,,35:34,9.0,20.0,0.45,2.0,4.0,0.5,0.0,0.0,0.0,2.0,3.0,5.0,3.0,0.0,2.0,5.0,1.0,20.0,-3.0
22200723,1610612749,MIL,Milwaukee,204060,Joe Ingles,Joe,,,27:10,2.0,4.0,0.5,1.0,3.0,0.333,0.0,0.0,0.0,0.0,2.0,2.0,1.0,2.0,0.0,3.0,1.0,5.0,6.0
22200723,1610612749,MIL,Milwaukee,203114,Khris Middleton,Khris,,,14:55,3.0,8.0,0.375,2.0,4.0,0.5,2.0,2.0,1.0,0.0,2.0,2.0,3.0,1.0,0.0,1.0,2.0,10.0,8.0
22200723,1610612749,MIL,Milwaukee,1628975,Jevon Carter,Jevon,,,11:07,0.0,1.0,0.0,0.0,1.0,0.0,0.0,0.0,0.0,0.0,1.0,1.0,0.0,0.0,0.0,2.0,0.0,0.0,3.0
22200723,1610612749,MIL,Milwaukee,202083,Wesley Matthews,Wesley,,,15:22,1.0,3.0,0.333,1.0,3.0,0.333,0.0,0.0,0.0,0.0,3.0,3.0,0.0,0.0,1.0,0.0,1.0,3.0,6.0
22200723,1610612749,MIL,Milwaukee,1629670,Jordan Nwora,Jordan,,,6:57,2.0,2.0,1.0,0.0,0.0,0.0,1.0,1.0,1.0,0.0,1.0,1.0,0.0,0.0,0.0,0.0,0.0,5.0,-4.0
22200723,1610612749,MIL,Milwaukee,203648,Thanasis Antetokounmpo,Thanasis,,DNP - Coach's Decision,,,,,,,,,,,,,,,,,,,,
22200723,1610612749,MIL,Milwaukee,201588,George Hill,George,,DNP - Coach's Decision,,,,,,,,,,,,,,,,,,,,
22200723,1610612749,MIL,Milwaukee,1630572,Sandro Mamukelashvili,Sandro,,DNP - Coach's Decision,,,,,,,,,,,,,,,,,,,,
22200729,1610612759,SAS,San Antonio,1629640,Keldon Johnson,Keldon,F,,33:00,9.0,20.0,0.45,3.0,6.0,0.5,4.0,4.0,1.0,1.0,4.0,5.0,0.0,0.0,0.0,1.0,3.0,25.0,-10.0
22200729,1610612759,SAS,San Antonio,1631110,Jeremy Sochan,Jeremy,F,,26:37,6.0,14.0,0.429,1.0,4.0,0.25,1.0,1.0,1.0,3.0,4.0,7.0,3.0,1.0,0.0,3.0,2.0,14.0,-3.0
22200729,1610612759,SAS,San Antonio,1627751,Jakob Poeltl,Jakob,C,,22:53,1.0,4.0,0.25,0.0,0.0,0.0,3.0,4.0,0.75,3.0,5.0,8.0,4.0,1.0,0.0,1.0,2.0,5.0,-6.0
22200729,1610612759,SAS,San Antonio,1628966,Keita Bates-Diop,Keita,G,,25:10,5.0,10.0,0.5,1.0,2.0,0.5,0.0,0.0,0.0,2.0,5.0,7.0,2.0,2.0,1.0,0.0,3.0,11.0,3.0
22200729,1610612759,SAS,San Antonio,1630200,Tre Jones,Tre,G,,26:23,3.0,15.0,0.2,0.0,5.0,0.0,0.0,0.0,0.0,1.0,2.0,3.0,6.0,4.0,0.0,1.0,0.0,6.0,-13.0
22200729,1610612759,SAS,San Antonio,1626196,Josh Richardson,Josh,,,24:41,3.0,12.0,0.25,1.0,6.0,0.167,0.0,0.0,0.0,1.0,6.0,7.0,3.0,0.0,0.0,2.0,1.0,7.0,8.0
22200729,1610612759,SAS,San Antonio,1631103,Malaki Branham,Malaki,,,19:03,4.0,9.0,0.444,1.0,4.0,0.25,2.0,3.0,0.667,0.0,0.0,0.0,0.0,0.0,0.0,0.0,2.0,11.0,2.0
22200729,1610612759,SAS,San Antonio,1628380,Zach Collins,Zach,,,24:21,6.0,10.0,0.6,0.0,2.0,0.0,4.0,4.0,1.0,5.0,2.0,7.0,2.0,2.0,0.0,2.0,2.0,16.0,-3.0
22200729,1610612759,SAS,San Antonio,1626169,Stanley Johnson,Stanley,,,13:52,0.0,2.0,0.0,0.0,1.0,0.0,0.0,0.0,0.0,1.0,2.0,3.0,2.0,0.0,1.0,3.0,1.0,0.0,-12.0
22200729,1610612759,SAS,San Antonio,203926,Doug McDermott,Doug,,,23:14,3.0,10.0,0.3,1.0,4.0,0.25,2.0,2.0,1.0,0.0,1.0,1.0,0.0,1.0,0.0,1.0,3.0,9.0,-11.0
22200729,1610612759,SAS,San Antonio,203476,Gorgui Dieng,Gorgui,,,0:46,0.0,0.0,0.0,0.0,0.0,0.0,0.0,0.0,0.0,0.0,0.0,0.0,0.0,0.0,0.0,0.0,0.0,0.0,0.0
22200729,1610612759,SAS,San Antonio,1629676,Isaiah Roby,Isaiah,,DNP - Coach's Decision,,,,,,,,,,,,,,,,,,,,
22200729,1610612747,LAL,Los Angeles,1628972,Troy Brown Jr.,Troy,F,,20:34,2.0,4.0,0.5,2.0,3.0,0.667,0.0,0.0,0.0,1.0,6.0,7.0,1.0,1.0,0.0,0.0,1.0,6.0,3.0
22200729,1610612747,LAL,Los Angeles,2544,LeBron James,LeBron,F,,35:19,8.0,20.0,0.4,1.0,6.0,0.167,3.0,4.0,0.75,1.0,8.0,9.0,11.0,0.0,0.0,6.0,0.0,20.0,2.0
22200729,1610612747,LAL,Los Angeles,1628418,Thomas Bryant,Thomas,C,,21:03,2.0,3.0,0.667,0.0,0.0,0.0,4.0,4.0,1.0,0.0,5.0,5.0,0.0,1.0,1.0,0.0,3.0,8.0,1.0
22200729,1610612747,LAL,Los Angeles,201976,Patrick Beverley,Patrick,G,,23:36,6.0,12.0,0.5,3.0,7.0,0.429,3.0,4.0,0.75,0.0,2.0,2.0,1.0,2.0,1.0,2.0,0.0,18.0,-4.0
22200729,1610612747,LAL,Los Angeles,203471,Dennis Schröder,Dennis,G,,37:32,3.0,12.0,0.25,1.0,6.0,0.167,2.0,3.0,0.667,3.0,5.0,8.0,5.0,4.0,2.0,3.0,3.0,9.0,15.0
22200729,1610612747,LAL,Los Angeles,201566,Russell Westbrook,Russell,,,27:52,7.0,15.0,0.467,0.0,3.0,0.0,0.0,0.0,0.0,0.0,2.0,2.0,4.0,1.0,0.0,3.0,4.0,14.0,-10.0
22200729,1610612747,LAL,Los Angeles,1631108,Max Christie,Max,,,24:24,1.0,2.0,0.5,1.0,2.0,0.5,2.0,2.0,1.0,0.0,4.0,4.0,1.0,1.0,1.0,1.0,0.0,5.0,13.0
22200729,1610612747,LAL,Los Angeles,203076,Anthony Davis,Anthony,,,26:11,7.0,15.0,0.467,1.0,3.0,0.333,6.0,7.0,0.857,5.0,7.0,12.0,1.0,1.0,4.0,3.0,2.0,21.0,8.0
22200729,1610612747,LAL,Los Angeles,1629060,Rui Hachimura,Rui,,,21:31,4.0,7.0,0.571,1.0,3.0,0.333,3.0,6.0,0.5,1.0,5.0,6.0,1.0,1.0,0.0,0.0,0.0,12.0,17.0
22200729,1610612747,LAL,Los Angeles,1629117,Wenyen Gabriel,Wenyen,,,0:46,0.0,0.0,0.0,0.0,0.0,0.0,0.0,0.0,0.0,0.0,1.0,1.0,0.0,0.0,0.0,0.0,0.0,0.0,0.0
22200729,1610612747,LAL,Los Angeles,1629308,Juan Toscano-Anderson,Juan,,,0:46,0.0,0.0,0.0,0.0,0.0,0.0,0.0,0.0,0.0,0.0,0.0,0.0,0.0,0.0,0.0,1.0,0.0,0.0,0.0
22200729,1610612747,LAL,Los Angeles,1627745,Damian Jones,Damian,,,0:27,0.0,0.0,0.0,0.0,0.0,0.0,0.0,0.0,0.0,0.0,0.0,0.0,0.0,0.0,0.0,0.0,0.0,0.0,0.0
22200722,1610612764,WAS,Washington,1630557,Corey Kispert,Corey,F,,20:11,2.0,8.0,0.25,1.0,6.0,0.167,2.0,2.0,1.0,1.0,3.0,4.0,2.0,2.0,0.0,0.0,2.0,7.0,0.0
22200722,1610612764,WAS,Washington,1628398,Kyle Kuzma,Kyle,F,,41:15,12.0,25.0,0.48,5.0,13.0,0.385,4.0,5.0,0.8,1.0,8.0,9.0,2.0,1.0,1.0,2.0,1.0,33.0,6.0
22200722,1610612764,WAS,Washington,1629655,Daniel Gafford,Daniel,C,,32:50,3.0,6.0,0.5,0.0,0.0,0.0,3.0,5.0,0.6,3.0,5.0,8.0,2.0,0.0,4.0,1.0,2.0,9.0,17.0
22200722,1610612764,WAS,Washington,203078,Bradley Beal,Bradley,G,,29:39,7.0,17.0,0.412,0.0,3.0,0.0,3.0,4.0,0.75,0.0,3.0,3.0,4.0,0.0,0.0,2.0,0.0,17.0,-5.0
22200722,1610612764,WAS,Washington,1626153,Delon Wright,Delon,G,,25:42,2.0,6.0,0.333,1.0,4.0,0.25,0.0,0.0,0.0,2.0,1.0,3.0,4.0,3.0,0.0,1.0,2.0,5.0,-4.0
22200722,1610612764,WAS,Washington,1630166,Deni Avdija,Deni,,,29:58,4.0,13.0,0.308,1.0,4.0,0.25,1.0,2.0,0.5,2.0,8.0,10.0,3.0,1.0,1.0,0.0,3.0,10.0,7.0
22200722,1610612764,WAS,Washington,1630692,Jordan Goodwin,Jordan,,,14:34,1.0,4.0,0.25,1.0,1.0,1.0,2.0,2.0,1.0,0.0,1.0,1.0,2.0,2.0,0.0,0.0,0.0,5.0,16.0
22200722,1610612764,WAS,Washington,203115,Will Barton,Will,,,8:58,2.0,5.0,0.4,1.0,2.0,0.5,3.0,3.0,1.0,1.0,1.0,2.0,2.0,0.0,1.0,1.0,0.0,8.0,-8.0
22200722,1610612764,WAS,Washington,1630176,Vernon Carey Jr.,Vernon,,,6:23,0.0,3.0,0.0,0.0,0.0,0.0,0.0,0.0,0.0,2.0,1.0,3.0,1.0,1.0,0.0,0.0,2.0,0.0,-8.0
22200722,1610612764,WAS,Washington,1629134,Kendrick Nunn,Kendrick,,,22:03,5.0,9.0,0.556,2.0,5.0,0.4,0.0,0.0,0.0,2.0,2.0,4.0,4.0,2.0,0.0,0.0,1.0,12.0,7.0
22200722,1610612764,WAS,Washington,201959,Taj Gibson,Taj,,,8:27,1.0,2.0,0.5,0.0,0.0,0.0,0.0,0.0,0.0,1.0,0.0,1.0,1.0,1.0,0.0,0.0,3.0,2.0,-3.0
22200722,1610612764,WAS,Washington,1630264,Anthony Gill,Anthony,,DNP - Coach's Decision,,,,,,,,,,,,,,,,,,,,
22200722,1610612745,HOU,Houston,1630231,KJ Martin,KJ,F,,33:46,8.0,13.0,0.615,0.0,0.0,0.0,0.0,2.0,0.0,4.0,9.0,13.0,1.0,0.0,1.0,1.0,1.0,16.0,12.0
22200722,1610612745,HOU,Houston,1631095,Jabari Smith Jr.,Jabari,F,,29:26,2.0,10.0,0.2,0.0,5.0,0.0,2.0,3.0,0.667,1.0,6.0,7.0,2.0,0.0,1.0,2.0,3.0,6.0,1.0
22200722,1610612745,HOU,Houston,1630578,Alperen Sengun,Alperen,C,,36:43,10.0,16.0,0.625,0.0,0.0,0.0,1.0,1.0,1.0,6.0,5.0,11.0,10.0,3.0,2.0,3.0,1.0,21.0,3.0
22200722,1610612745,HOU,Houston,201569,Eric Gordon,Eric,G,,31:12,4.0,14.0,0.286,1.0,6.0,0.167,0.0,0.0,0.0,1.0,5.0,6.0,1.0,1.0,0.0,3.0,1.0,9.0,-21.0
22200722,1610612745,HOU,Houston,1630224,Jalen Green,Jalen,G,,38:05,6.0,19.0,0.316,2.0,8.0,0.25,5.0,6.0,0.833,0.0,4.0,4.0,7.0,0.0,0.0,3.0,3.0,19.0,-1.0
22200722,1610612745,HOU,Houston,1630256,Jae'Sean Tate,Jae'Sean,,,20:59,5.0,9.0,0.556,0.0,1.0,0.0,0.0,0.0,0.0,2.0,6.0,8.0,4.0,0.0,0.0,0.0,2.0,10.0,16.0
22200722,1610612745,HOU,Houston,1631106,Tari Eason,Tari,,,18:34,2.0,4.0,0.5,0.0,1.0,0.0,1.0,2.0,0.5,2.0,1.0,3.0,1.0,0.0,2.0,2.0,1.0,5.0,-6.0
22200722,1610612745,HOU,Houston,1628981,Bruno Fernando,Bruno,,,11:16,1.0,3.0,0.333,0.0,0.0,0.0,3.0,4.0,0.75,1.0,2.0,3.0,0.0,0.0,4.0,0.0,1.0,5.0,-7.0
22200722,1610612745,HOU,Houston,1629726,Garrison Mathews,Garrison,,,11:09,2.0,7.0,0.286,2.0,7.0,0.286,0.0,0.0,0.0,0.0,1.0,1.0,1.0,1.0,0.0,0.0,2.0,6.0,-6.0
22200722,1610612745,HOU,Houston,1630528,Josh Christopher,Josh,,,8:50,2.0,2.0,1.0,0.0,0.0,0.0,2.0,2.0,1.0,0.0,1.0,1.0,2.0,0.0,0.0,0.0,0.0,6.0,-16.0
22200722,1610612745,HOU,Houston,1630586,Usman Garuba,Usman,,DNP - Coach's Decision,,,,,,,,,,,,,,,,,,,,
22200722,1610612745,HOU,Houston,1626246,Boban Marjanović,Boban,,DNP - Coach's Decision,,,,,,,,,,,,,,,,,,,,
22200722,1610612745,HOU,Houston,1630227,Daishen Nix,Daishen,,DNP - Coach's Decision,,,,,,,,,,,,,,,,,,,,
22200722,1610612745,HOU,Houston,1631102,TyTy Washington Jr.,TyTy,,DNP - Coach's Decision,,,,,,,,,,,,,,,,,,,,
22200708,1610612737,ATL,Atlanta,203992,Bogdan Bogdanović,Bogdan,F,,32:43,4.0,12.0,0.333,3.0,8.0,0.375,0.0,0.0,0.0,1.0,0.0,1.0,4.0,1.0,0.0,2.0,3.0,11.0,-20.0
22200708,1610612737,ATL,Atlanta,1628381,John Collins,John,F,,35:44,5.0,11.0,0.455,1.0,4.0,0.25,0.0,0.0,0.0,3.0,6.0,9.0,0.0,2.0,1.0,5.0,3.0,11.0,2.0
22200708,1610612737,ATL,Atlanta,203991,Clint Capela,Clint,C,,36:00,7.0,12.0,0.583,0.0,1.0,0.0,2.0,3.0,0.667,3.0,9.0,12.0,1.0,2.0,2.0,2.0,2.0,16.0,-9.0
22200708,1610612737,ATL,Atlanta,1627749,Dejounte Murray,Dejounte,G,,36:29,9.0,19.0,0.474,2.0,7.0,0.286,0.0,0.0,0.0,0.0,7.0,7.0,4.0,0.0,0.0,2.0,1.0,20.0,-21.0
22200708,1610612737,ATL,Atlanta,1629027,Trae Young,Trae,G,,37:35,7.0,16.0,0.438,0.0,5.0,0.0,7.0,10.0,0.7,1.0,2.0,3.0,13.0,0.0,0.0,6.0,1.0,21.0,6.0
22200708,1610612737,ATL,Atlanta,1628988,Aaron Holiday,Aaron,,,11:14,1.0,2.0,0.5,1.0,1.0,1.0,2.0,2.0,1.0,0.0,1.0,1.0,0.0,0.0,0.0,0.0,1.0,5.0,9.0
22200708,1610612737,ATL,Atlanta,1631100,AJ Griffin,AJ,,,30:42,4.0,7.0,0.571,3.0,5.0,0.6,0.0,0.0,0.0,0.0,3.0,3.0,2.0,0.0,0.0,0.0,0.0,11.0,-8.0
22200708,1610612737,ATL,Atlanta,1630552,Jalen Johnson,Jalen,,,15:03,1.0,4.0,0.25,0.0,1.0,0.0,1.0,4.0,0.25,1.0,5.0,6.0,0.0,0.0,0.0,0.0,3.0,3.0,-13.0
22200708,1610612737,ATL,Atlanta,1626163,Frank Kaminsky,Frank,,,4:30,1.0,2.0,0.5,0.0,1.0,0.0,0.0,0.0,0.0,0.0,1.0,1.0,0.0,1.0,1.0,1.0,0.0,2.0,-1.0
22200708,1610612737,ATL,Atlanta,203200,Justin Holiday,Justin,,DNP - Coach's Decision,,,,,,,,,,,,,,,,,,,,
22200708,1610612737,ATL,Atlanta,1629631,De'Andre Hunter,De'Andre,,DND - Injury/Illness,,,,,,,,,,,,,,,,,,,,
22200708,1610612737,ATL,Atlanta,1630249,Vít Krejčí,Vít,,DNP - Coach's Decision,,,,,,,,,,,,,,,,,,,,
22200708,1610612737,ATL,Atlanta,1631213,Tyrese Martin,Tyrese,,DNP - Coach's Decision,,,,,,,,,,,,,,,,,,,,
22200708,1610612741,CHI,Chicago,201942,DeMar DeRozan,DeMar,F,,37:19,11.0,21.0,0.524,1.0,2.0,0.5,3.0,4.0,0.75,0.0,1.0,1.0,6.0,3.0,0.0,1.0,2.0,26.0,20.0
22200708,1610612741,CHI,Chicago,1630172,Patrick Williams,Patrick,F,,30:43,6.0,11.0,0.545,2.0,4.0,0.5,4.0,5.0,0.8,3.0,7.0,10.0,2.0,1.0,0.0,2.0,2.0,18.0,4.0
22200708,1610612741,CHI,Chicago,202696,Nikola Vučević,Nikola,C,,38:47,6.0,14.0,0.429,1.0,5.0,0.2,1.0,2.0,0.5,6.0,11.0,17.0,7.0,1.0,0.0,1.0,1.0,14.0,19.0
22200708,1610612741,CHI,Chicago,203897,Zach LaVine,Zach,G,,34:47,7.0,17.0,0.412,2.0,7.0,0.286,4.0,7.0,0.571,0.0,6.0,6.0,2.0,2.0,0.0,1.0,3.0,20.0,1.0
22200708,1610612741,CHI,Chicago,1630245,Ayo Dosunmu,Ayo,G,,28:49,1.0,4.0,0.25,0.0,1.0,0.0,0.0,0.0,0.0,0.0,1.0,1.0,5.0,1.0,1.0,1.0,5.0,2.0,7.0
22200708,1610612741,CHI,Chicago,1629632,Coby White,Coby,,,21:39,4.0,12.0,0.333,2.0,9.0,0.222,0.0,0.0,0.0,0.0,3.0,3.0,3.0,2.0,0.0,2.0,3.0,10.0,-1.0
22200708,1610612741,CHI,Chicago,1627936,Alex Caruso,Alex,,,28:01,5.0,9.0,0.556,2.0,4.0,0.5,0.0,0.0,0.0,2.0,2.0,4.0,2.0,3.0,1.0,0.0,1.0,12.0,10.0
22200708,1610612741,CHI,Chicago,1627884,Derrick Jones Jr.,Derrick,,,16:28,2.0,5.0,0.4,1.0,2.0,0.5,0.0,0.0,0.0,3.0,1.0,4.0,1.0,0.0,1.0,1.0,3.0,5.0,-7.0
22200708,1610612741,CHI,Chicago,203083,Andre Drummond,Andre,,,3:27,2.0,2.0,1.0,0.0,0.0,0.0,0.0,0.0,0.0,1.0,0.0,1.0,0.0,0.0,0.0,0.0,0.0,4.0,2.0
22200708,1610612741,CHI,Chicago,1628396,Tony Bradley,Tony,,DNP - Coach's Decision,,,,,,,,,,,,,,,,,,,,
22200708,1610612741,CHI,Chicago,1630792,Malcolm Hill,Malcolm,,DNP - Coach's Decision,,,,,,,,,,,,,,,,,,,,
22200708,1610612741,CHI,Chicago,1630637,Carlik Jones,Carlik,,DNP - Coach's Decision,,,,,,,,,,,,,,,,,,,,
22200708,1610612741,CHI,Chicago,1630250,Marko Simonovic,Marko,,DNP - Coach's Decision,,,,,,,,,,,,,,,,,,,,
22200708,1610612741,CHI,Chicago,1631207,Dalen Terry,Dalen,,DNP - Coach's Decision,,,,,,,,,,,,,,,,,,,,
22200705,1610612747,LAL,Los Angeles,1628972,Troy Brown Jr.,Troy,F,,31:35,4.0,9.0,0.444,2.0,5.0,0.4,0.0,0.0,0.0,0.0,2.0,2.0,2.0,2.0,0.0,1.0,3.0,10.0,11.0
22200705,1610612747,LAL,Los Angeles,2544,LeBron James,LeBron,F,,35:57,14.0,24.0,0.583,2.0,7.0,0.286,7.0,10.0,0.7,0.0,11.0,11.0,4.0,0.0,2.0,4.0,2.0,37.0,17.0
22200705,1610612747,LAL,Los Angeles,1628418,Thomas Bryant,Thomas,C,,33:20,12.0,15.0,0.8,4.0,5.0,0.8,3.0,3.0,1.0,5.0,9.0,14.0,1.0,0.0,1.0,0.0,4.0,31.0,22.0
22200705,1610612747,LAL,Los Angeles,201976,Patrick Beverley,Patrick,G,,28:45,2.0,3.0,0.667,0.0,1.0,0.0,0.0,0.0,0.0,1.0,1.0,2.0,2.0,2.0,1.0,0.0,3.0,4.0,27.0
22200705,1610612747,LAL,Los Angeles,203471,Dennis Schröder,Dennis,G,,36:09,6.0,13.0,0.462,2.0,5.0,0.4,10.0,10.0,1.0,2.0,4.0,6.0,8.0,1.0,0.0,1.0,1.0,24.0,6.0
22200705,1610612747,LAL,Los Angeles,201566,Russell Westbrook,Russell,,,25:52,3.0,13.0,0.231,0.0,4.0,0.0,0.0,0.0,0.0,1.0,7.0,8.0,5.0,0.0,0.0,3.0,2.0,6.0,-13.0
22200705,1610612747,LAL,Los Angeles,1629117,Wenyen Gabriel,Wenyen,,,12:00,2.0,2.0,1.0,0.0,0.0,0.0,0.0,2.0,0.0,0.0,0.0,0.0,0.0,0.0,0.0,3.0,3.0,4.0,-2.0
22200705,1610612747,LAL,Los Angeles,1629134,Kendrick Nunn,Kendrick,,,15:54,2.0,5.0,0.4,0.0,2.0,0.0,1.0,2.0,0.5,1.0,5.0,6.0,1.0,0.0,0.0,0.0,0.0,5.0,-11.0
22200705,1610612747,LAL,Los Angeles,1629308,Juan Toscano-Anderson,Juan,,,4:17,0.0,1.0,0.0,0.0,0.0,0.0,0.0,0.0,0.0,0.0,0.0,0.0,0.0,0.0,0.0,0.0,0.0,0.0,-3.0
22200705,1610612747,LAL,Los Angeles,1631108,Max Christie,Max,,,16:11,0.0,1.0,0.0,0.0,1.0,0.0,0.0,0.0,0.0,0.0,2.0,2.0,0.0,0.0,1.0,0.0,1.0,0.0,-9.0
22200705,1610612747,LAL,Los Angeles,1627745,Damian Jones,Damian,,DNP - Coach's Decision,,,,,,,,,,,,,,,,,,,,
22200705,1610612747,LAL,Los Angeles,1629022,Lonnie Walker IV,Lonnie,,DNP - Injury/Illness,,,,,,,,,,,,,,,,,,,,
22200705,1610612757,POR,Portland,1628404,Josh Hart,Josh,F,,32:55,4.0,8.0,0.5,2.0,5.0,0.4,3.0,4.0,0.75,3.0,7.0,10.0,7.0,2.0,0.0,2.0,3.0,13.0,-4.0
22200705,1610612757,POR,Portland,203924,Jerami Grant,Jerami,F,,34:39,6.0,16.0,0.375,2.0,4.0,0.5,5.0,6.0,0.833,1.0,3.0,4.0,1.0,1.0,0.0,2.0,4.0,19.0,3.0
22200705,1610612757,POR,Portland,203994,Jusuf Nurkić,Jusuf,C,,15:48,1.0,3.0,0.333,0.0,0.0,0.0,0.0,0.0,0.0,0.0,3.0,3.0,2.0,1.0,0.0,2.0,4.0,2.0,-9.0
22200705,1610612757,POR,Portland,1629014,Anfernee Simons,Anfernee,G,,38:36,12.0,20.0,0.6,7.0,13.0,0.538,0.0,0.0,0.0,0.0,0.0,0.0,2.0,0.0,0.0,3.0,4.0,31.0,-1.0
22200705,1610612757,POR,Portland,203081,Damian Lillard,Damian,G,,39:59,5.0,17.0,0.294,3.0,13.0,0.231,11.0,13.0,0.846,1.0,5.0,6.0,10.0,0.0,0.0,1.0,2.0,24.0,-13.0
22200705,1610612757,POR,Portland,1629234,Drew Eubanks,Drew,,,30:32,3.0,4.0,0.75,0.0,0.0,0.0,0.0,0.0,0.0,4.0,7.0,11.0,1.0,0.0,6.0,1.0,3.0,6.0,1.0
22200705,1610612757,POR,Portland,1631101,Shaedon Sharpe,Shaedon,,,17:25,1.0,6.0,0.167,0.0,4.0,0.0,2.0,2.0,1.0,1.0,1.0,2.0,0.0,0.0,0.0,0.0,1.0,4.0,-4.0
22200705,1610612757,POR,Portland,1627780,Gary Payton II,Gary,,,16:45,1.0,5.0,0.2,0.0,2.0,0.0,0.0,0.0,0.0,1.0,1.0,2.0,1.0,1.0,0.0,0.0,0.0,2.0,-6.0
22200705,1610612757,POR,Portland,1629642,Nassir Little,Nassir,,,13:21,4.0,7.0,0.571,3.0,5.0,0.6,0.0,0.0,0.0,0.0,0.0,0.0,0.0,0.0,1.0,0.0,3.0,11.0,-12.0
22200705,1610612757,POR,Portland,1630535,Greg Brown III,Greg,,DNP - Coach's Decision,,,,,,,,,,,,,,,,,,,,
22200705,1610612757,POR,Portland,1630553,Keon Johnson,Keon,,DNP - Coach's Decision,,,,,,,,,,,,,,,,,,,,
22200705,1610612757,POR,Portland,1631133,Jabari Walker,Jabari,,DNP - Coach's Decision,,,,,,,,,,,,,,,,,,,,
22200705,1610612757,POR,Portland,1630570,Trendon Watford,Trendon,,DNP - Coach's Decision,,,,,,,,,,,,,,,,,,,,
22200701,1610612746,LAC,LA,202695,Kawhi Leonard,Kawhi,F,,38:43,10.0,18.0,0.556,3.0,4.0,0.75,7.0,7.0,1.0,2.0,7.0,9.0,3.0,1.0,0.0,0.0,1.0,30.0,7.0
22200701,1610612746,LAC,LA,202694,Marcus Morris Sr.,Marcus,F,,31:36,2.0,7.0,0.286,0.0,2.0,0.0,4.0,5.0,0.8,1.0,3.0,4.0,3.0,0.0,0.0,0.0,2.0,8.0,20.0
22200701,1610612746,LAC,LA,1627826,Ivica Zubac,Ivica,C,,22:54,2.0,6.0,0.333,0.0,0.0,0.0,2.0,2.0,1.0,4.0,5.0,9.0,1.0,0.0,0.0,2.0,4.0,6.0,0.0
22200701,1610612746,LAC,LA,202331,Paul George,Paul,G,,34:12,6.0,11.0,0.545,1.0,3.0,0.333,8.0,8.0,1.0,1.0,5.0,6.0,4.0,1.0,0.0,5.0,3.0,21.0,2.0
22200701,1610612746,LAC,LA,1629611,Terance Mann,Terance,G,,17:43,2.0,7.0,0.286,1.0,3.0,0.333,2.0,2.0,1.0,0.0,3.0,3.0,1.0,0.0,0.0,0.0,2.0,7.0,-6.0
22200701,1610612746,LAC,LA,201587,Nicolas Batum,Nicolas,,,28:26,2.0,5.0,0.4,2.0,5.0,0.4,2.0,2.0,1.0,0.0,6.0,6.0,0.0,0.0,2.0,0.0,4.0,8.0,23.0
22200701,1610612746,LAC,LA,1626181,Norman Powell,Norman,,,30:17,6.0,12.0,0.5,2.0,5.0,0.4,5.0,5.0,1.0,0.0,4.0,4.0,1.0,0.0,0.0,1.0,1.0,19.0,20.0
22200701,1610612746,LAC,LA,203496,Robert Covington,Robert,,,20:58,1.0,4.0,0.25,1.0,3.0,0.333,0.0,0.0,0.0,1.0,4.0,5.0,6.0,2.0,1.0,0.0,3.0,3.0,2.0
22200701,1610612746,LAC,LA,202704,Reggie Jackson,Reggie,,,15:11,4.0,7.0,0.571,2.0,3.0,0.667,0.0,0.0,0.0,0.0,0.0,0.0,1.0,2.0,0.0,2.0,3.0,10.0,2.0
22200701,1610612746,LAC,LA,1629599,Amir Coffey,Amir,,DNP - Coach's Decision,,,,,,,,,,,,,,,,,,,,
22200701,1610612746,LAC,LA,1631217,Moussa Diabaté,Moussa,,DNP - Coach's Decision,,,,,,,,,,,,,,,,,,,,
22200701,1610612742,DAL,Dallas,203501,Tim Hardaway Jr.,Tim,F,,38:06,8.0,17.0,0.471,5.0,10.0,0.5,1.0,4.0,0.25,4.0,4.0,8.0,1.0,0.0,2.0,0.0,3.0,22.0,-19.0
22200701,1610612742,DAL,Dallas,1627827,Dorian Finney-Smith,Dorian,F,,38:00,3.0,8.0,0.375,2.0,6.0,0.333,0.0,0.0,0.0,1.0,3.0,4.0,0.0,1.0,1.0,1.0,1.0,8.0,-21.0
22200701,1610612742,DAL,Dallas,203939,Dwight Powell,Dwight,C,,21:19,4.0,4.0,1.0,0.0,0.0,0.0,1.0,2.0,0.5,2.0,2.0,4.0,2.0,0.0,0.0,1.0,3.0,9.0,6.0
22200701,1610612742,DAL,Dallas,203915,Spencer Dinwiddie,Spencer,G,,35:39,8.0,18.0,0.444,1.0,5.0,0.2,4.0,5.0,0.8,1.0,3.0,4.0,5.0,0.0,0.0,2.0,4.0,21.0,-8.0
22200701,1610612742,DAL,Dallas,1629029,Luka Dončić,Luka,G,,38:49,9.0,21.0,0.429,3.0,7.0,0.429,8.0,13.0,0.615,3.0,7.0,10.0,4.0,1.0,0.0,4.0,3.0,29.0,-23.0
22200701,1610612742,DAL,Dallas,203493,Reggie Bullock Jr.,Reggie,,,32:07,0.0,4.0,0.0,0.0,3.0,0.0,0.0,0.0,0.0,0.0,4.0,4.0,1.0,1.0,0.0,0.0,3.0,0.0,-2.0
22200701,1610612742,DAL,Dallas,1630182,Josh Green,Josh,,,29:06,2.0,7.0,0.286,1.0,3.0,0.333,1.0,2.0,0.5,1.0,1.0,2.0,0.0,0.0,0.0,2.0,3.0,6.0,-13.0
22200701,1610612742,DAL,Dallas,1628373,Frank Ntilikina,Frank,,,0:13,0.0,0.0,0.0,0.0,0.0,0.0,0.0,0.0,0.0,0.0,0.0,0.0,0.0,0.0,0.0,0.0,0.0,0.0,0.0
22200701,1610612742,DAL,Dallas,202722,Dāvis Bertāns,Dāvis,,,6:41,1.0,1.0,1.0,1.0,1.0,1.0,0.0,0.0,0.0,0.0,2.0,2.0,2.0,0.0,0.0,0.0,1.0,3.0,10.0
22200701,1610612742,DAL,Dallas,1630702,Jaden Hardy,Jaden,,DNP - Coach's Decision,,,,,,,,,,,,,,,,,,,,
22200701,1610612742,DAL,Dallas,1630639,A.J. Lawson,A.J.,,DNP - Coach's Decision,,,,,,,,,,,,,,,,,,,,
22200701,1610612742,DAL,Dallas,201580,JaVale McGee,JaVale,,DNP - Coach's Decision,,,,,,,,,,,,,,,,,,,,
22200701,1610612742,DAL,Dallas,1629033,Theo Pinson,Theo,,DNP - Coach's Decision,,,,,,,,,,,,,,,,,,,,
22200701,1610612742,DAL,Dallas,1630593,McKinley Wright IV,McKinley,,DNP - Coach's Decision,,,,,,,,,,,,,,,,,,,,
22200700,1610612752,NYK,New York,1629628,RJ Barrett,RJ,F,,41:22,10.0,18.0,0.556,4.0,8.0,0.5,6.0,9.0,0.667,1.0,6.0,7.0,5.0,0.0,0.0,3.0,4.0,30.0,-12.0
22200700,1610612752,NYK,New York,203944,Julius Randle,Julius,F,,37:29,8.0,14.0,0.571,2.0,6.0,0.333,5.0,8.0,0.625,5.0,14.0,19.0,8.0,0.0,0.0,4.0,5.0,23.0,-4.0
22200700,1610612752,NYK,New York,1630579,Jericho Sims,Jericho,C,,33:15,5.0,5.0,1.0,0.0,0.0,0.0,0.0,0.0,0.0,2.0,5.0,7.0,3.0,0.0,1.0,1.0,2.0,10.0,-6.0
22200700,1610612752,NYK,New York,1629656,Quentin Grimes,Quentin,G,,33:24,2.0,8.0,0.25,2.0,6.0,0.333,2.0,2.0,1.0,1.0,4.0,5.0,4.0,0.0,0.0,1.0,4.0,8.0,1.0
22200700,1610612752,NYK,New York,1628973,Jalen Brunson,Jalen,G,,37:41,6.0,15.0,0.4,4.0,7.0,0.571,5.0,7.0,0.714,0.0,1.0,1.0,5.0,1.0,0.0,3.0,4.0,21.0,-6.0
22200700,1610612752,NYK,New York,1628392,Isaiah Hartenstein,Isaiah,,,14:45,1.0,3.0,0.333,0.0,0.0,0.0,0.0,0.0,0.0,2.0,0.0,2.0,0.0,2.0,3.0,0.0,2.0,2.0,-3.0
22200700,1610612752,NYK,New York,203095,Evan Fournier,Evan,,,21:14,3.0,9.0,0.333,2.0,7.0,0.286,0.0,0.0,0.0,2.0,1.0,3.0,2.0,0.0,0.0,2.0,0.0,8.0,-7.0
22200700,1610612752,NYK,New York,1630540,Miles McBride,Miles,,,10:19,0.0,3.0,0.0,0.0,2.0,0.0,0.0,0.0,0.0,1.0,1.0,2.0,2.0,0.0,0.0,2.0,1.0,0.0,-3.0
22200700,1610612752,NYK,New York,1630167,Obi Toppin,Obi,,,10:31,5.0,7.0,0.714,4.0,5.0,0.8,0.0,0.0,0.0,0.0,1.0,1.0,1.0,1.0,0.0,0.0,2.0,14.0,-5.0
22200700,1610612752,NYK,New York,1627853,Ryan Arcidiacono,Ryan,,DNP - Coach's Decision,,,,,,,,,,,,,,,,,,,,
22200700,1610612752,NYK,New York,1629004,Svi Mykhailiuk,Svi,,DNP - Coach's Decision,,,,,,,,,,,,,,,,,,,,
22200700,1610612752,NYK,New York,1630193,Immanuel Quickley,Immanuel,,DND - Injury/Illness,,,,,,,,,,,,,,,,,,,,
22200700,1610612752,NYK,New York,1629629,Cam Reddish,Cam,,DNP - Coach's Decision,,,,,,,,,,,,,,,,,,,,
22200700,1610612752,NYK,New York,201565,Derrick Rose,Derrick,,DNP - Coach's Decision,,,,,,,,,,,,,,,,,,,,
22200700,1610612761,TOR,Toronto,1630567,Scottie Barnes,Scottie,F,,36:41,7.0,15.0,0.467,1.0,4.0,0.25,4.0,5.0,0.8,3.0,4.0,7.0,6.0,1.0,2.0,0.0,2.0,19.0,11.0
22200700,1610612761,TOR,Toronto,1627783,Pascal Siakam,Pascal,F,,33:57,9.0,21.0,0.429,3.0,6.0,0.5,3.0,6.0,0.5,3.0,4.0,7.0,6.0,1.0,1.0,1.0,4.0,24.0,-8.0
22200700,1610612761,TOR,Toronto,1630173,Precious Achiuwa,Precious,C,,35:30,2.0,4.0,0.5,0.0,0.0,0.0,8.0,10.0,0.8,4.0,7.0,11.0,1.0,2.0,0.0,2.0,5.0,12.0,3.0
22200700,1610612761,TOR,Toronto,1629018,Gary Trent Jr.,Gary,G,,35:29,9.0,17.0,0.529,6.0,10.0,0.6,0.0,0.0,0.0,0.0,3.0,3.0,2.0,2.0,1.0,1.0,6.0,24.0,12.0
22200700,1610612761,TOR,Toronto,1627832,Fred VanVleet,Fred,G,,33:37,8.0,19.0,0.421,4.0,8.0,0.5,8.0,8.0,1.0,0.0,2.0,2.0,3.0,2.0,0.0,1.0,1.0,28.0,6.0
22200700,1610612761,TOR,Toronto,201152,Thaddeus Young,Thaddeus,,,14:35,2.0,3.0,0.667,0.0,1.0,0.0,0.0,0.0,0.0,0.0,3.0,3.0,1.0,1.0,0.0,2.0,1.0,4.0,7.0
22200700,1610612761,TOR,Toronto,1628449,Chris Boucher,Chris,,,23:17,4.0,6.0,0.667,1.0,2.0,0.5,5.0,6.0,0.833,5.0,2.0,7.0,0.0,3.0,0.0,0.0,0.0,14.0,14.0
22200700,1610612761,TOR,Toronto,1627823,Juancho Hernangomez,Juancho,,,15:54,0.0,2.0,0.0,0.0,2.0,0.0,0.0,0.0,0.0,2.0,3.0,5.0,2.0,0.0,0.0,0.0,1.0,0.0,14.0
22200700,1610612761,TOR,Toronto,1630288,Jeff Dowtin Jr.,Jeff,,,5:30,0.0,2.0,0.0,0.0,0.0,0.0,0.0,0.0,0.0,0.0,0.0,0.0,0.0,0.0,0.0,0.0,0.0,0.0,-7.0
22200700,1610612761,TOR,Toronto,1630580,Joe Wieskamp,Joe,,,5:30,0.0,1.0,0.0,0.0,1.0,0.0,0.0,0.0,0.0,0.0,0.0,0.0,0.0,0.0,0.0,0.0,0.0,0.0,-7.0
22200700,1610612761,TOR,Toronto,203920,Khem Birch,Khem,,DNP - Coach's Decision,,,,,,,,,,,,,,,,,,,,
22200700,1610612761,TOR,Toronto,1630201,Malachi Flynn,Malachi,,DNP - Coach's Decision,,,,,,,,,,,,,,,,,,,,
22200700,1610612761,TOR,Toronto,1631199,Ron Harper Jr.,Ron,,DNP - Coach's Decision,,,,,,,,,,,,,,,,,,,,
22200700,1610612761,TOR,Toronto,1631132,Christian Koloko,Christian,,DNP - Coach's Decision,,,,,,,,,,,,,,,,,,,,
22200699,1610612740,NOP,New Orleans,1630529,Herbert Jones,Herbert,F,,30:21,4.0,5.0,0.8,0.0,1.0,0.0,3.0,4.0,0.75,0.0,4.0,4.0,4.0,2.0,1.0,3.0,1.0,11.0,-6.0
22200699,1610612740,NOP,New Orleans,1630530,Trey Murphy III,Trey,F,,34:27,6.0,11.0,0.545,2.0,6.0,0.333,3.0,3.0,1.0,1.0,0.0,1.0,0.0,3.0,0.0,1.0,5.0,17.0,-11.0
22200699,1610612740,NOP,New Orleans,202685,Jonas Valančiūnas,Jonas,C,,24:53,7.0,14.0,0.5,0.0,2.0,0.0,0.0,0.0,0.0,3.0,13.0,16.0,1.0,0.0,1.0,2.0,3.0,14.0,4.0
22200699,1610612740,NOP,New Orleans,203468,CJ McCollum,CJ,G,,37:07,5.0,16.0,0.313,2.0,8.0,0.25,1.0,2.0,0.5,0.0,1.0,1.0,5.0,0.0,0.0,7.0,2.0,13.0,-16.0
22200699,1610612740,NOP,New Orleans,1630700,Dyson Daniels,Dyson,G,,30:07,4.0,7.0,0.571,1.0,4.0,0.25,2.0,2.0,1.0,2.0,5.0,7.0,6.0,2.0,1.0,4.0,2.0,11.0,9.0
22200699,1610612740,NOP,New Orleans,1626204,Larry Nance Jr.,Larry,,,26:19,5.0,7.0,0.714,0.0,0.0,0.0,2.0,2.0,1.0,1.0,6.0,7.0,4.0,4.0,1.0,1.0,4.0,12.0,-3.0
22200699,1610612740,NOP,New Orleans,1629637,Jaxson Hayes,Jaxson,,,17:29,3.0,4.0,0.75,0.0,0.0,0.0,2.0,3.0,0.667,1.0,2.0,3.0,0.0,1.0,0.0,3.0,1.0,8.0,-5.0
22200699,1610612740,NOP,New Orleans,1628984,Devonte' Graham,Devonte',,,16:47,2.0,6.0,0.333,2.0,6.0,0.333,1.0,2.0,0.5,0.0,2.0,2.0,3.0,5.0,0.0,1.0,0.0,7.0,8.0
22200699,1610612740,NOP,New Orleans,1630631,Jose Alvarado,Jose,,,22:30,1.0,8.0,0.125,1.0,3.0,0.333,0.0,0.0,0.0,0.0,0.0,0.0,1.0,0.0,0.0,2.0,4.0,3.0,0.0
22200699,1610612740,NOP,New Orleans,1626195,Willy Hernangomez,Willy,,DNP - Coach's Decision,,,,,,,,,,,,,,,,,,,,
22200699,1610612740,NOP,New Orleans,1630184,Kira Lewis Jr.,Kira,,DNP - Coach's Decision,,,,,,,,,,,,,,,,,,,,
22200699,1610612740,NOP,New Orleans,1630604,E.J. Liddell,E.J.,,DNP - Injury/Illness,,,,,,,,,,,,,,,,,,,,
22200699,1610612740,NOP,New Orleans,202066,Garrett Temple,Garrett,,DNP - Coach's Decision,,,,,,,,,,,,,,,,,,,,
22200699,1610612748,MIA,Miami,202710,Jimmy Butler III,Jimmy,F,,33:57,5.0,7.0,0.714,0.0,1.0,0.0,8.0,10.0,0.8,0.0,4.0,4.0,2.0,5.0,0.0,1.0,2.0,18.0,7.0
22200699,1610612748,MIA,Miami,1628997,Caleb Martin,Caleb,F,,26:43,1.0,9.0,0.111,0.0,6.0,0.0,2.0,2.0,1.0,1.0,4.0,5.0,0.0,1.0,0.0,1.0,1.0,4.0,-5.0
22200699,1610612748,MIA,Miami,1628389,Bam Adebayo,Bam,C,,34:35,7.0,12.0,0.583,0.0,0.0,0.0,4.0,4.0,1.0,3.0,6.0,9.0,2.0,2.0,0.0,2.0,1.0,18.0,-2.0
22200699,1610612748,MIA,Miami,1629639,Tyler Herro,Tyler,G,,35:34,10.0,22.0,0.455,4.0,10.0,0.4,2.0,2.0,1.0,2.0,6.0,8.0,4.0,0.0,0.0,5.0,1.0,26.0,8.0
22200699,1610612748,MIA,Miami,200768,Kyle Lowry,Kyle,G,,29:55,6.0,9.0,0.667,3.0,6.0,0.5,2.0,2.0,1.0,0.0,1.0,1.0,2.0,4.0,0.0,4.0,2.0,17.0,10.0
22200699,1610612748,MIA,Miami,203506,Victor Oladipo,Victor,,,33:07,4.0,9.0,0.444,0.0,3.0,0.0,3.0,5.0,0.6,0.0,3.0,3.0,5.0,3.0,1.0,4.0,2.0,11.0,10.0
22200699,1610612748,MIA,Miami,1631115,Orlando Robinson,Orlando,,,13:25,0.0,1.0,0.0,0.0,0.0,0.0,1.0,2.0,0.5,1.0,2.0,3.0,1.0,0.0,0.0,0.0,1.0,1.0,6.0
22200699,1610612748,MIA,Miami,1629216,Gabe Vincent,Gabe,,,18:05,2.0,6.0,0.333,1.0,4.0,0.25,0.0,0.0,0.0,1.0,2.0,3.0,0.0,1.0,0.0,3.0,2.0,5.0,-6.0
22200699,1610612748,MIA,Miami,1629622,Max Strus,Max,,,14:39,0.0,5.0,0.0,0.0,4.0,0.0,0.0,0.0,0.0,4.0,2.0,6.0,1.0,0.0,0.0,1.0,2.0,0.0,-8.0
22200699,1610612748,MIA,Miami,203473,Dewayne Dedmon,Dewayne,,DNP - Coach's Decision,,,,,,,,,,,,,,,,,,,,
22200699,1610612748,MIA,Miami,2617,Udonis Haslem,Udonis,,DNP - Coach's Decision,,,,,,,,,,,,,,,,,,,,
22200699,1610612748,MIA,Miami,1629312,Haywood Highsmith,Haywood,,DNP - Coach's Decision,,,,,,,,,,,,,,,,,,,,
22200704,1610612751,BKN,Brooklyn,203925,Joe Harris,Joe,F,,31:13,5.0,8.0,0.625,4.0,7.0,0.571,0.0,0.0,0.0,0.0,4.0,4.0,3.0,1.0,0.0,0.0,1.0,14.0,9.0
22200704,1610612751,BKN,Brooklyn,1626220,Royce O'Neale,Royce,F,,39:11,6.0,10.0,0.6,4.0,7.0,0.571,0.0,0.0,0.0,2.0,4.0,6.0,1.0,0.0,2.0,3.0,3.0,16.0,9.0
22200704,1610612751,BKN,Brooklyn,1629651,Nic Claxton,Nic,C,,36:13,9.0,13.0,0.692,0.0,0.0,0.0,6.0,15.0,0.4,3.0,12.0,15.0,0.0,1.0,3.0,3.0,2.0,24.0,23.0
22200704,1610612751,BKN,Brooklyn,202681,Kyrie Irving,Kyrie,G,,40:46,12.0,22.0,0.545,5.0,7.0,0.714,9.0,9.0,1.0,2.0,5.0,7.0,9.0,0.0,0.0,1.0,4.0,38.0,22.0
22200704,1610612751,BKN,Brooklyn,1627732,Ben Simmons,Ben,G,,29:21,3.0,6.0,0.5,0.0,0.0,0.0,1.0,2.0,0.5,0.0,3.0,3.0,11.0,1.0,1.0,2.0,3.0,7.0,-2.0
22200704,1610612751,BKN,Brooklyn,203552,Seth Curry,Seth,,,31:07,5.0,7.0,0.714,1.0,3.0,0.333,1.0,1.0,1.0,0.0,1.0,1.0,4.0,1.0,1.0,5.0,4.0,12.0,-6.0
22200704,1610612751,BKN,Brooklyn,1629139,Yuta Watanabe,Yuta,,,10:19,1.0,4.0,0.25,0.0,2.0,0.0,0.0,0.0,0.0,1.0,2.0,3.0,1.0,0.0,0.0,0.0,2.0,2.0,-12.0
22200704,1610612751,BKN,Brooklyn,1628410,Edmond Sumner,Edmond,,,10:46,0.0,1.0,0.0,0.0,0.0,0.0,3.0,4.0,0.75,0.0,1.0,1.0,0.0,0.0,0.0,1.0,0.0,3.0,-11.0
22200704,1610612751,BKN,Brooklyn,203933,T.J. Warren,T.J.,,,11:05,2.0,8.0,0.25,0.0,1.0,0.0,0.0,0.0,0.0,1.0,1.0,2.0,1.0,0.0,0.0,0.0,3.0,4.0,-12.0
22200704,1610612751,BKN,Brooklyn,1630561,David Duke Jr.,David,,DNP - Coach's Decision,,,,,,,,,,,,,,,,,,,,
22200704,1610612751,BKN,Brooklyn,1630556,Kessler Edwards,Kessler,,DNP - Coach's Decision,,,,,,,,,,,,,,,,,,,,
22200704,1610612751,BKN,Brooklyn,201988,Patty Mills,Patty,,DNP - Coach's Decision,,,,,,,,,,,,,,,,,,,,
22200704,1610612751,BKN,Brooklyn,202693,Markieff Morris,Markieff,,DNP - Coach's Decision,,,,,,,,,,,,,,,,,,,,
22200704,1610612751,BKN,Brooklyn,1630549,Day'Ron Sharpe,Day'Ron,,DNP - Coach's Decision,,,,,,,,,,,,,,,,,,,,
22200704,1610612751,BKN,Brooklyn,1630560,Cam Thomas,Cam,,DNP - Coach's Decision,,,,,,,,,,,,,,,,,,,,
22200704,1610612744,GSW,Golden State,202691,Klay Thompson,Klay,F,,33:46,4.0,17.0,0.235,0.0,7.0,0.0,2.0,2.0,1.0,0.0,2.0,2.0,1.0,0.0,0.0,0.0,4.0,10.0,-21.0
22200704,1610612744,GSW,Golden State,203952,Andrew Wiggins,Andrew,F,,26:48,2.0,9.0,0.222,0.0,3.0,0.0,0.0,0.0,0.0,1.0,1.0,2.0,1.0,1.0,0.0,0.0,1.0,4.0,-4.0
22200704,1610612744,GSW,Golden State,203110,Draymond Green,Draymond,C,,32:47,4.0,7.0,0.571,1.0,2.0,0.5,0.0,0.0,0.0,1.0,10.0,11.0,7.0,1.0,0.0,1.0,4.0,9.0,-18.0
22200704,1610612744,GSW,Golden State,1629673,Jordan Poole,Jordan,G,,29:29,5.0,11.0,0.455,3.0,6.0,0.5,4.0,4.0,1.0,2.0,2.0,4.0,3.0,4.0,1.0,2.0,4.0,17.0,-13.0
22200704,1610612744,GSW,Golden State,201939,Stephen Curry,Stephen,G,,37:35,7.0,16.0,0.438,4.0,8.0,0.5,8.0,8.0,1.0,1.0,5.0,6.0,7.0,1.0,0.0,5.0,2.0,26.0,-8.0
22200704,1610612744,GSW,Golden State,1626172,Kevon Looney,Kevon,,,19:32,5.0,7.0,0.714,0.0,0.0,0.0,4.0,8.0,0.5,3.0,7.0,10.0,0.0,2.0,1.0,0.0,2.0,14.0,14.0
22200704,1610612744,GSW,Golden State,1630228,Jonathan Kuminga,Jonathan,,,24:36,9.0,15.0,0.6,0.0,1.0,0.0,2.0,3.0,0.667,2.0,1.0,3.0,0.0,0.0,0.0,1.0,2.0,20.0,13.0
22200704,1610612744,GSW,Golden State,1628978,Donte DiVincenzo,Donte,,,26:57,4.0,6.0,0.667,4.0,4.0,1.0,1.0,2.0,0.5,0.0,2.0,2.0,8.0,0.0,0.0,0.0,1.0,13.0,9.0
22200704,1610612744,GSW,Golden State,1629660,Ty Jerome,Ty,,,8:31,1.0,2.0,0.5,1.0,1.0,1.0,0.0,0.0,0.0,0.0,2.0,2.0,1.0,1.0,0.0,1.0,4.0,3.0,8.0
22200704,1610612744,GSW,Golden State,1631116,Patrick Baldwin Jr.,Patrick,,DNP - Coach's Decision,,,,,,,,,,,,,,,,,,,,
22200704,1610612744,GSW,Golden State,203210,JaMychal Green,JaMychal,,DNP - Coach's Decision,,,,,,,,,,,,,,,,,,,,
22200704,1610612744,GSW,Golden State,1630541,Moses Moody,Moses,,DNP - Coach's Decision,,,,,,,,,,,,,,,,,,,,
22200704,1610612744,GSW,Golden State,1631157,Ryan Rollins,Ryan,,DNP - Coach's Decision,,,,,,,,,,,,,,,,,,,,
22200703,1610612763,MEM,Memphis,1630217,Desmond Bane,Desmond,F,,34:17,9.0,19.0,0.474,0.0,6.0,0.0,6.0,6.0,1.0,1.0,7.0,8.0,6.0,1.0,0.0,2.0,4.0,24.0,11.0
22200703,1610612763,MEM,Memphis,1628991,Jaren Jackson Jr.,Jaren,F,,22:43,3.0,6.0,0.5,2.0,3.0,0.667,0.0,0.0,0.0,1.0,3.0,4.0,0.0,0.0,3.0,4.0,4.0,8.0,1.0
22200703,1610612763,MEM,Memphis,203500,Steven Adams,Steven,C,,32:33,3.0,9.0,0.333,0.0,0.0,0.0,4.0,7.0,0.571,8.0,8.0,16.0,2.0,3.0,0.0,3.0,2.0,10.0,1.0
22200703,1610612763,MEM,Memphis,1628415,Dillon Brooks,Dillon,G,,30:05,4.0,11.0,0.364,2.0,5.0,0.4,0.0,0.0,0.0,1.0,4.0,5.0,3.0,0.0,0.0,1.0,5.0,10.0,-6.0
22200703,1610612763,MEM,Memphis,1629630,Ja Morant,Ja,G,,36:33,9.0,17.0,0.529,1.0,2.0,0.5,8.0,10.0,0.8,0.0,5.0,5.0,8.0,1.0,0.0,3.0,1.0,27.0,-1.0
22200703,1610612763,MEM,Memphis,1630583,Santi Aldama,Santi,,,11:51,0.0,3.0,0.0,0.0,3.0,0.0,0.0,0.0,0.0,0.0,1.0,1.0,2.0,1.0,0.0,2.0,2.0,0.0,-22.0
22200703,1610612763,MEM,Memphis,1630533,Ziaire Williams,Ziaire,,,25:58,6.0,11.0,0.545,3.0,6.0,0.5,1.0,2.0,0.5,1.0,4.0,5.0,0.0,0.0,0.0,3.0,2.0,16.0,5.0
22200703,1610612763,MEM,Memphis,1629634,Brandon Clarke,Brandon,,,15:27,2.0,4.0,0.5,0.0,0.0,0.0,0.0,2.0,0.0,2.0,4.0,6.0,2.0,0.0,1.0,1.0,0.0,4.0,-3.0
22200703,1610612763,MEM,Memphis,1626145,Tyus Jones,Tyus,,,24:34,4.0,10.0,0.4,3.0,6.0,0.5,0.0,0.0,0.0,0.0,1.0,1.0,4.0,1.0,0.0,1.0,1.0,11.0,10.0
22200703,1610612763,MEM,Memphis,1629723,John Konchar,John,,,5:59,0.0,2.0,0.0,0.0,1.0,0.0,0.0,0.0,0.0,1.0,0.0,1.0,1.0,1.0,0.0,0.0,1.0,0.0,-6.0
22200703,1610612763,MEM,Memphis,1631113,Kennedy Chandler,Kennedy,,DNP - Coach's Decision,,,,,,,,,,,,,,,,,,,,
22200703,1610612763,MEM,Memphis,1631222,Jake LaRavia,Jake,,DNP - Coach's Decision,,,,,,,,,,,,,,,,,,,,
22200703,1610612763,MEM,Memphis,1631223,David Roddy,David,,DNP - Coach's Decision,,,,,,,,,,,,,,,,,,,,
22200703,1610612763,MEM,Memphis,1630214,Xavier Tillman,Xavier,,DNP - Coach's Decision,,,,,,,,,,,,,,,,,,,,
22200703,1610612756,PHX,Phoenix,1629661,Cameron Johnson,Cameron,F,,29:28,3.0,9.0,0.333,0.0,4.0,0.0,2.0,3.0,0.667,1.0,5.0,6.0,1.0,0.0,0.0,1.0,3.0,8.0,-2.0
22200703,1610612756,PHX,Phoenix,1628470,Torrey Craig,Torrey,F,,32:17,7.0,9.0,0.778,4.0,6.0,0.667,2.0,2.0,1.0,0.0,4.0,4.0,0.0,2.0,2.0,1.0,3.0,20.0,0.0
22200703,1610612756,PHX,Phoenix,202687,Bismack Biyombo,Bismack,C,,15:49,2.0,5.0,0.4,0.0,0.0,0.0,0.0,0.0,0.0,1.0,2.0,3.0,0.0,0.0,1.0,1.0,6.0,4.0,13.0
22200703,1610612756,PHX,Phoenix,1628969,Mikal Bridges,Mikal,G,,40:46,8.0,21.0,0.381,4.0,10.0,0.4,4.0,4.0,1.0,0.0,5.0,5.0,4.0,1.0,1.0,0.0,2.0,24.0,-4.0
22200703,1610612756,PHX,Phoenix,101108,Chris Paul,Chris,G,,38:17,8.0,18.0,0.444,3.0,9.0,0.333,3.0,3.0,1.0,0.0,6.0,6.0,11.0,3.0,1.0,5.0,1.0,22.0,5.0
22200703,1610612756,PHX,Phoenix,203967,Dario Šarić,Dario,,,20:48,4.0,5.0,0.8,0.0,1.0,0.0,6.0,7.0,0.857,1.0,7.0,8.0,4.0,3.0,0.0,3.0,5.0,14.0,2.0
22200703,1610612756,PHX,Phoenix,1629006,Josh Okogie,Josh,,,13:22,1.0,6.0,0.167,1.0,1.0,1.0,1.0,2.0,0.5,2.0,1.0,3.0,0.0,0.0,0.0,3.0,0.0,4.0,-7.0
22200703,1610612756,PHX,Phoenix,1629111,Jock Landale,Jock,,,23:05,5.0,9.0,0.556,1.0,2.0,0.5,1.0,1.0,1.0,1.0,4.0,5.0,1.0,1.0,0.0,1.0,6.0,12.0,4.0
22200703,1610612756,PHX,Phoenix,1630240,Saben Lee,Saben,,,9:38,0.0,1.0,0.0,0.0,0.0,0.0,2.0,2.0,1.0,0.0,0.0,0.0,3.0,0.0,0.0,1.0,0.0,2.0,-1.0
22200703,1610612756,PHX,Phoenix,1627814,Damion Lee,Damion,,,13:35,1.0,5.0,0.2,0.0,2.0,0.0,0.0,1.0,0.0,0.0,0.0,0.0,1.0,0.0,0.0,0.0,0.0,2.0,-1.0
22200703,1610612756,PHX,Phoenix,1630688,Ish Wainright,Ish,,,2:55,0.0,0.0,0.0,0.0,0.0,0.0,0.0,0.0,0.0,0.0,0.0,0.0,0.0,0.0,0.0,0.0,0.0,0.0,1.0
22200703,1610612756,PHX,Phoenix,1629028,Deandre Ayton,Deandre,,DND - Injury/Illness,,,,,,,,,,,,,,,,,,,,
22200703,1610612756,PHX,Phoenix,1630613,Duane Washington Jr.,Duane,,DNP - Coach's Decision,,,,,,,,,,,,,,,,,,,,
22200702,1610612760,OKC,Oklahoma City,1629652,Luguentz Dort,Luguentz,F,,29:52,3.0,13.0,0.231,1.0,6.0,0.167,0.0,0.0,0.0,1.0,2.0,3.0,2.0,0.0,0.0,2.0,4.0,7.0,1.0
22200702,1610612760,OKC,Oklahoma City,1631114,Jalen Williams,Jalen,F,,28:52,1.0,6.0,0.167,0.0,2.0,0.0,2.0,2.0,1.0,1.0,5.0,6.0,2.0,1.0,1.0,0.0,3.0,4.0,3.0
22200702,1610612760,OKC,Oklahoma City,203488,Mike Muscala,Mike,C,,16:17,3.0,7.0,0.429,0.0,0.0,0.0,2.0,2.0,1.0,2.0,2.0,4.0,1.0,0.0,0.0,0.0,1.0,8.0,11.0
22200702,1610612760,OKC,Oklahoma City,1630581,Josh Giddey,Josh,G,,30:32,9.0,17.0,0.529,0.0,1.0,0.0,0.0,0.0,0.0,2.0,7.0,9.0,3.0,1.0,1.0,4.0,1.0,18.0,4.0
22200702,1610612760,OKC,Oklahoma City,1628983,Shai Gilgeous-Alexander,Shai,G,,37:22,13.0,21.0,0.619,1.0,2.0,0.5,7.0,8.0,0.875,0.0,5.0,5.0,5.0,0.0,2.0,1.0,2.0,34.0,5.0
22200702,1610612760,OKC,Oklahoma City,1630198,Isaiah Joe,Isaiah,,,20:34,3.0,9.0,0.333,2.0,7.0,0.286,0.0,0.0,0.0,2.0,0.0,2.0,2.0,1.0,0.0,0.0,2.0,8.0,-1.0
22200702,1610612760,OKC,Oklahoma City,1631119,Jaylin Williams,Jaylin,,,7:01,0.0,0.0,0.0,0.0,0.0,0.0,0.0,0.0,0.0,0.0,2.0,2.0,0.0,0.0,0.0,0.0,0.0,0.0,-2.0
22200702,1610612760,OKC,Oklahoma City,1630544,Tre Mann,Tre,,,12:43,3.0,6.0,0.5,0.0,2.0,0.0,1.0,2.0,0.5,0.0,4.0,4.0,0.0,0.0,0.0,1.0,3.0,7.0,0.0
22200702,1610612760,OKC,Oklahoma City,1629026,Kenrich Williams,Kenrich,,,25:22,4.0,7.0,0.571,3.0,5.0,0.6,0.0,0.0,0.0,2.0,4.0,6.0,4.0,1.0,0.0,0.0,4.0,11.0,-3.0
22200702,1610612760,OKC,Oklahoma City,1630598,Aaron Wiggins,Aaron,,,15:55,1.0,3.0,0.333,0.0,1.0,0.0,2.0,2.0,1.0,4.0,0.0,4.0,1.0,0.0,0.0,0.0,3.0,4.0,-3.0
22200702,1610612760,OKC,Oklahoma City,1629647,Darius Bazley,Darius,,,15:30,0.0,0.0,0.0,0.0,0.0,0.0,0.0,0.0,0.0,0.0,5.0,5.0,1.0,0.0,1.0,0.0,1.0,0.0,-5.0
22200702,1610612760,OKC,Oklahoma City,1631172,Ousmane Dieng,Ousmane,,DNP - Coach's Decision,,,,,,,,,,,,,,,,,,,,
22200702,1610612760,OKC,Oklahoma City,1630322,Lindy Waters III,Lindy,,DNP - Coach's Decision,,,,,,,,,,,,,,,,,,,,
22200702,1610612743,DEN,Denver,1628971,Bruce Brown,Bruce,F,,35:31,6.0,13.0,0.462,2.0,5.0,0.4,0.0,2.0,0.0,0.0,7.0,7.0,2.0,2.0,0.0,1.0,2.0,14.0,4.0
22200702,1610612743,DEN,Denver,203932,Aaron Gordon,Aaron,F,,38:05,4.0,15.0,0.267,1.0,3.0,0.333,6.0,13.0,0.462,4.0,6.0,10.0,1.0,2.0,1.0,2.0,1.0,15.0,-2.0
22200702,1610612743,DEN,Denver,1630192,Zeke Nnaji,Zeke,C,,27:51,3.0,5.0,0.6,2.0,3.0,0.667,4.0,8.0,0.5,3.0,7.0,10.0,1.0,0.0,2.0,0.0,4.0,12.0,2.0
22200702,1610612743,DEN,Denver,203484,Kentavious Caldwell-Pope,Kentavious,G,,36:54,3.0,8.0,0.375,2.0,6.0,0.333,2.0,3.0,0.667,1.0,3.0,4.0,1.0,2.0,0.0,2.0,2.0,10.0,-3.0
22200702,1610612743,DEN,Denver,1627750,Jamal Murray,Jamal,G,,38:17,11.0,23.0,0.478,1.0,6.0,0.167,3.0,4.0,0.75,0.0,5.0,5.0,9.0,0.0,0.0,1.0,1.0,26.0,-4.0
22200702,1610612743,DEN,Denver,1631128,Christian Braun,Christian,,,21:56,4.0,7.0,0.571,1.0,2.0,0.5,1.0,1.0,1.0,2.0,4.0,6.0,3.0,0.0,2.0,0.0,1.0,10.0,-2.0
22200702,1610612743,DEN,Denver,201145,Jeff Green,Jeff,,,20:09,5.0,7.0,0.714,1.0,1.0,1.0,1.0,2.0,0.5,0.0,0.0,0.0,2.0,0.0,0.0,2.0,4.0,12.0,-4.0
22200702,1610612743,DEN,Denver,1630538,Bones Hyland,Bones,,,11:22,0.0,4.0,0.0,0.0,2.0,0.0,0.0,0.0,0.0,0.0,0.0,0.0,3.0,1.0,0.0,1.0,1.0,0.0,-1.0
22200702,1610612743,DEN,Denver,1628427,Vlatko Čančar,Vlatko,,,9:55,0.0,0.0,0.0,0.0,0.0,0.0,0.0,0.0,0.0,0.0,0.0,0.0,0.0,0.0,0.0,0.0,0.0,0.0,0.0
22200702,1610612743,DEN,Denver,201599,DeAndre Jordan,DeAndre,,DNP - Coach's Decision,,,,,,,,,,,,,,,,,,,,
22200702,1610612743,DEN,Denver,1628432,Davon Reed,Davon,,DNP - Coach's Decision,,,,,,,,,,,,,,,,,,,,
22200702,1610612743,DEN,Denver,202397,Ish Smith,Ish,,DNP - Coach's Decision,,,,,,,,,,,,,,,,,,,,
22200695,1610612749,MIL,Milwaukee,1626192,Pat Connaughton,Pat,F,,35:30,5.0,11.0,0.455,3.0,8.0,0.375,2.0,3.0,0.667,2.0,5.0,7.0,4.0,0.0,0.0,1.0,0.0,15.0,1.0
22200695,1610612749,MIL,Milwaukee,1626171,Bobby Portis,Bobby,F,,30:57,9.0,16.0,0.563,5.0,8.0,0.625,0.0,0.0,0.0,2.0,9.0,11.0,1.0,0.0,0.0,1.0,2.0,23.0,-15.0
22200695,1610612749,MIL,Milwaukee,201572,Brook Lopez,Brook,C,,34:26,5.0,14.0,0.357,0.0,6.0,0.0,0.0,0.0,0.0,0.0,5.0,5.0,0.0,0.0,4.0,3.0,4.0,10.0,4.0
22200695,1610612749,MIL,Milwaukee,1628960,Grayson Allen,Grayson,G,,27:57,2.0,4.0,0.5,1.0,3.0,0.333,3.0,3.0,1.0,1.0,2.0,3.0,1.0,0.0,1.0,3.0,4.0,8.0,-13.0
22200695,1610612749,MIL,Milwaukee,201950,Jrue Holiday,Jrue,G,,37:03,12.0,27.0,0.444,1.0,5.0,0.2,3.0,3.0,1.0,1.0,3.0,4.0,10.0,1.0,1.0,6.0,1.0,28.0,-6.0
22200695,1610612749,MIL,Milwaukee,1628975,Jevon Carter,Jevon,,,12:09,1.0,3.0,0.333,0.0,1.0,0.0,0.0,0.0,0.0,0.0,0.0,0.0,3.0,0.0,0.0,0.0,1.0,2.0,6.0
22200695,1610612749,MIL,Milwaukee,204060,Joe Ingles,Joe,,,28:15,3.0,4.0,0.75,2.0,2.0,1.0,0.0,0.0,0.0,0.0,3.0,3.0,2.0,0.0,0.0,0.0,3.0,8.0,-8.0
22200695,1610612749,MIL,Milwaukee,1629670,Jordan Nwora,Jordan,,,11:51,1.0,2.0,0.5,1.0,2.0,0.5,0.0,0.0,0.0,0.0,2.0,2.0,1.0,1.0,0.0,0.0,1.0,3.0,-6.0
22200695,1610612749,MIL,Milwaukee,201588,George Hill,George,,,17:44,1.0,3.0,0.333,1.0,3.0,0.333,2.0,2.0,1.0,1.0,0.0,1.0,2.0,1.0,0.0,0.0,1.0,5.0,-14.0
22200695,1610612749,MIL,Milwaukee,1631260,AJ Green,AJ,,,4:09,0.0,2.0,0.0,0.0,1.0,0.0,0.0,0.0,0.0,0.0,0.0,0.0,0.0,0.0,0.0,0.0,0.0,0.0,-9.0
22200695,1610612749,MIL,Milwaukee,203648,Thanasis Antetokounmpo,Thanasis,,DNP - Coach's Decision,,,,,,,,,,,,,,,,,,,,
22200695,1610612749,MIL,Milwaukee,1630699,MarJon Beauchamp,MarJon,,DNP - Coach's Decision,,,,,,,,,,,,,,,,,,,,
22200695,1610612749,MIL,Milwaukee,1630572,Sandro Mamukelashvili,Sandro,,DNP - Coach's Decision,,,,,,,,,,,,,,,,,,,,
22200695,1610612749,MIL,Milwaukee,202083,Wesley Matthews,Wesley,,DNP - Coach's Decision,,,,,,,,,,,,,,,,,,,,
22200695,1610612739,CLE,Cleveland,1630171,Isaac Okoro,Isaac,F,,24:03,3.0,5.0,0.6,1.0,2.0,0.5,2.0,4.0,0.5,2.0,1.0,3.0,2.0,2.0,1.0,0.0,1.0,9.0,9.0
22200695,1610612739,CLE,Cleveland,1630596,Evan Mobley,Evan,F,,37:58,19.0,27.0,0.704,0.0,2.0,0.0,0.0,1.0,0.0,3.0,6.0,9.0,3.0,0.0,0.0,4.0,1.0,38.0,20.0
22200695,1610612739,CLE,Cleveland,1628386,Jarrett Allen,Jarrett,C,,27:20,6.0,10.0,0.6,0.0,0.0,0.0,0.0,0.0,0.0,1.0,5.0,6.0,2.0,2.0,1.0,2.0,3.0,12.0,-1.0
22200695,1610612739,CLE,Cleveland,1627747,Caris LeVert,Caris,G,,28:34,4.0,10.0,0.4,3.0,6.0,0.5,2.0,4.0,0.5,0.0,3.0,3.0,7.0,1.0,0.0,1.0,2.0,13.0,6.0
22200695,1610612739,CLE,Cleveland,1629636,Darius Garland,Darius,G,,35:32,9.0,16.0,0.563,1.0,3.0,0.333,2.0,2.0,1.0,1.0,2.0,3.0,10.0,2.0,0.0,1.0,2.0,21.0,19.0
22200695,1610612739,CLE,Cleveland,201937,Ricky Rubio,Ricky,,,18:46,1.0,6.0,0.167,0.0,2.0,0.0,1.0,2.0,0.5,0.0,3.0,3.0,5.0,2.0,0.0,1.0,2.0,3.0,-2.0
22200695,1610612739,CLE,Cleveland,1629731,Dean Wade,Dean,,,10:10,0.0,0.0,0.0,0.0,0.0,0.0,0.0,0.0,0.0,0.0,1.0,1.0,0.0,0.0,1.0,0.0,2.0,0.0,-6.0
22200695,1610612739,CLE,Cleveland,201567,Kevin Love,Kevin,,,18:27,2.0,3.0,0.667,1.0,2.0,0.5,0.0,0.0,0.0,1.0,6.0,7.0,0.0,0.0,0.0,0.0,0.0,5.0,2.0
22200695,1610612739,CLE,Cleveland,1626224,Cedi Osman,Cedi,,,22:19,4.0,7.0,0.571,1.0,3.0,0.333,4.0,4.0,1.0,1.0,2.0,3.0,3.0,0.0,0.0,0.0,0.0,13.0,5.0
22200695,1610612739,CLE,Cleveland,1630205,Lamar Stevens,Lamar,,,16:52,0.0,2.0,0.0,0.0,2.0,0.0,0.0,0.0,0.0,0.0,3.0,3.0,1.0,0.0,0.0,0.0,0.0,0.0,8.0
22200695,1610612739,CLE,Cleveland,201577,Robin Lopez,Robin,,DNP - Coach's Decision,,,,,,,,,,,,,,,,,,,,
22200695,1610612739,CLE,Cleveland,203526,Raul Neto,Raul,,DNP - Coach's Decision,,,,,,,,,,,,,,,,,,,,
22200697,1610612754,IND,Indiana,1627741,Buddy Hield,Buddy,F,,35:30,7.0,17.0,0.412,5.0,12.0,0.417,3.0,4.0,0.75,1.0,7.0,8.0,2.0,2.0,0.0,4.0,2.0,22.0,6.0
22200697,1610612754,IND,Indiana,1630174,Aaron Nesmith,Aaron,F,,29:22,2.0,10.0,0.2,2.0,4.0,0.5,0.0,0.0,0.0,0.0,2.0,2.0,0.0,2.0,0.0,0.0,6.0,6.0,10.0
22200697,1610612754,IND,Indiana,1626167,Myles Turner,Myles,C,,36:00,5.0,14.0,0.357,3.0,5.0,0.6,3.0,6.0,0.5,2.0,10.0,12.0,3.0,0.0,4.0,1.0,4.0,16.0,9.0
22200697,1610612754,IND,Indiana,1629614,Andrew Nembhard,Andrew,G,,21:10,2.0,9.0,0.222,0.0,5.0,0.0,0.0,0.0,0.0,1.0,0.0,1.0,4.0,1.0,0.0,1.0,5.0,4.0,2.0
22200697,1610612754,IND,Indiana,204456,T.J. McConnell,T.J.,G,,39:11,8.0,15.0,0.533,1.0,1.0,1.0,1.0,1.0,1.0,2.0,8.0,10.0,12.0,2.0,0.0,4.0,1.0,18.0,0.0
22200697,1610612754,IND,Indiana,1630188,Jalen Smith,Jalen,,,11:60,4.0,6.0,0.667,1.0,2.0,0.5,2.0,2.0,1.0,3.0,3.0,6.0,0.0,0.0,0.0,4.0,4.0,11.0,-14.0
22200697,1610612754,IND,Indiana,1631097,Bennedict Mathurin,Bennedict,,,37:36,6.0,17.0,0.353,0.0,3.0,0.0,11.0,11.0,1.0,1.0,4.0,5.0,0.0,1.0,0.0,0.0,5.0,23.0,-9.0
22200697,1610612754,IND,Indiana,1629052,Oshae Brissett,Oshae,,,11:58,1.0,4.0,0.25,1.0,3.0,0.333,2.0,2.0,1.0,1.0,1.0,2.0,1.0,1.0,0.0,0.0,1.0,5.0,-11.0
22200697,1610612754,IND,Indiana,1630537,Chris Duarte,Chris,,,17:13,1.0,4.0,0.25,0.0,2.0,0.0,0.0,0.0,0.0,0.0,2.0,2.0,0.0,1.0,0.0,0.0,1.0,2.0,-18.0
22200697,1610612754,IND,Indiana,1629048,Goga Bitadze,Goga,,DNP - Coach's Decision,,,,,,,,,,,,,,,,,,,,
22200697,1610612754,IND,Indiana,1630543,Isaiah Jackson,Isaiah,,DNP - Coach's Decision,,,,,,,,,,,,,,,,,,,,
22200697,1610612754,IND,Indiana,201949,James Johnson,James,,DNP - Coach's Decision,,,,,,,,,,,,,,,,,,,,
22200697,1610612754,IND,Indiana,1630243,Trevelin Queen,Trevelin,,DNP - Coach's Decision,,,,,,,,,,,,,,,,,,,,
22200697,1610612754,IND,Indiana,1630678,Terry Taylor,Terry,,DNP - Coach's Decision,,,,,,,,,,,,,,,,,,,,
22200697,1610612756,PHX,Phoenix,1628470,Torrey Craig,Torrey,F,,20:02,0.0,2.0,0.0,0.0,1.0,0.0,0.0,0.0,0.0,1.0,3.0,4.0,1.0,1.0,0.0,1.0,1.0,0.0,-2.0
22200697,1610612756,PHX,Phoenix,203967,Dario Šarić,Dario,F,,8:10,0.0,1.0,0.0,0.0,1.0,0.0,1.0,2.0,0.5,0.0,2.0,2.0,3.0,0.0,0.0,0.0,0.0,1.0,-7.0
22200697,1610612756,PHX,Phoenix,202687,Bismack Biyombo,Bismack,C,,30:36,6.0,12.0,0.5,0.0,0.0,0.0,0.0,3.0,0.0,2.0,14.0,16.0,2.0,0.0,3.0,1.0,3.0,12.0,-5.0
22200697,1610612756,PHX,Phoenix,1628969,Mikal Bridges,Mikal,G,,37:27,9.0,19.0,0.474,2.0,5.0,0.4,2.0,2.0,1.0,2.0,2.0,4.0,4.0,4.0,0.0,3.0,2.0,22.0,-2.0
22200697,1610612756,PHX,Phoenix,1627814,Damion Lee,Damion,G,,26:45,6.0,13.0,0.462,2.0,5.0,0.4,2.0,3.0,0.667,0.0,2.0,2.0,1.0,1.0,0.0,2.0,1.0,16.0,-5.0
22200697,1610612756,PHX,Phoenix,1629006,Josh Okogie,Josh,,,34:08,6.0,11.0,0.545,1.0,2.0,0.5,11.0,15.0,0.733,4.0,6.0,10.0,4.0,1.0,4.0,1.0,3.0,24.0,3.0
22200697,1610612756,PHX,Phoenix,1630240,Saben Lee,Saben,,,29:08,2.0,6.0,0.333,2.0,4.0,0.5,6.0,8.0,0.75,1.0,3.0,4.0,4.0,0.0,0.0,4.0,5.0,12.0,6.0
22200697,1610612756,PHX,Phoenix,1630688,Ish Wainright,Ish,,,19:28,2.0,7.0,0.286,2.0,7.0,0.286,0.0,0.0,0.0,0.0,2.0,2.0,3.0,2.0,0.0,0.0,3.0,6.0,14.0
22200697,1610612756,PHX,Phoenix,1629111,Jock Landale,Jock,,,17:07,4.0,7.0,0.571,0.0,0.0,0.0,2.0,2.0,1.0,4.0,6.0,10.0,1.0,0.0,1.0,2.0,0.0,10.0,8.0
22200697,1610612756,PHX,Phoenix,1630613,Duane Washington Jr.,Duane,,,17:10,3.0,13.0,0.231,3.0,6.0,0.5,0.0,0.0,0.0,0.0,1.0,1.0,4.0,0.0,0.0,1.0,2.0,9.0,15.0
22200697,1610612756,PHX,Phoenix,1629028,Deandre Ayton,Deandre,,DND - Injury/Illness,,,,,,,,,,,,,,,,,,,,
22200697,1610612756,PHX,Phoenix,1629661,Cameron Johnson,Cameron,,DND - Injury/Illness,,,,,,,,,,,,,,,,,,,,
22200693,1610612753,ORL,Orlando,1631094,Paolo Banchero,Paolo,F,,28:23,5.0,12.0,0.417,1.0,4.0,0.25,4.0,6.0,0.667,1.0,0.0,1.0,4.0,0.0,0.0,0.0,1.0,15.0,-6.0
22200693,1610612753,ORL,Orlando,1630532,Franz Wagner,Franz,F,,26:54,5.0,11.0,0.455,1.0,2.0,0.5,9.0,10.0,0.9,0.0,4.0,4.0,1.0,0.0,0.0,1.0,3.0,20.0,-17.0
22200693,1610612753,ORL,Orlando,1628976,Wendell Carter Jr.,Wendell,C,,31:06,5.0,9.0,0.556,1.0,2.0,0.5,0.0,0.0,0.0,1.0,8.0,9.0,2.0,0.0,2.0,2.0,0.0,11.0,-3.0
22200693,1610612753,ORL,Orlando,203914,Gary Harris,Gary,G,,19:53,3.0,4.0,0.75,3.0,4.0,0.75,0.0,0.0,0.0,0.0,1.0,1.0,2.0,0.0,1.0,1.0,3.0,9.0,-10.0
22200693,1610612753,ORL,Orlando,1628365,Markelle Fultz,Markelle,G,,29:18,8.0,14.0,0.571,3.0,4.0,0.75,4.0,4.0,1.0,1.0,4.0,5.0,8.0,1.0,0.0,1.0,3.0,23.0,-2.0
22200693,1610612753,ORL,Orlando,1630591,Jalen Suggs,Jalen,,,12:37,1.0,4.0,0.25,1.0,4.0,0.25,0.0,0.0,0.0,0.0,0.0,0.0,1.0,1.0,0.0,1.0,4.0,3.0,-4.0
22200693,1610612753,ORL,Orlando,203082,Terrence Ross,Terrence,,,23:59,3.0,9.0,0.333,2.0,5.0,0.4,0.0,0.0,0.0,0.0,1.0,1.0,2.0,0.0,0.0,0.0,0.0,8.0,-7.0
22200693,1610612753,ORL,Orlando,1629021,Moritz Wagner,Moritz,,,8:06,2.0,5.0,0.4,0.0,2.0,0.0,0.0,0.0,0.0,2.0,0.0,2.0,1.0,0.0,0.0,1.0,0.0,4.0,-11.0
22200693,1610612753,ORL,Orlando,1630175,Cole Anthony,Cole,,,21:48,3.0,7.0,0.429,0.0,1.0,0.0,0.0,0.0,0.0,0.0,6.0,6.0,1.0,1.0,3.0,2.0,1.0,6.0,-17.0
22200693,1610612753,ORL,Orlando,1628964,Mo Bamba,Mo,,,19:34,3.0,6.0,0.5,2.0,4.0,0.5,0.0,0.0,0.0,2.0,6.0,8.0,2.0,0.0,0.0,0.0,3.0,8.0,-11.0
22200693,1610612753,ORL,Orlando,1629626,Bol Bol,Bol,,,16:02,4.0,9.0,0.444,0.0,2.0,0.0,3.0,4.0,0.75,2.0,2.0,4.0,0.0,0.0,4.0,1.0,1.0,11.0,-11.0
22200693,1610612753,ORL,Orlando,1629678,Admiral Schofield,Admiral,,,2:20,0.0,0.0,0.0,0.0,0.0,0.0,0.0,0.0,0.0,0.0,0.0,0.0,0.0,0.0,0.0,0.0,0.0,0.0,-1.0
22200693,1610612764,WAS,Washington,1628398,Kyle Kuzma,Kyle,F,,31:42,9.0,20.0,0.45,5.0,11.0,0.455,2.0,6.0,0.333,1.0,9.0,10.0,6.0,0.0,1.0,1.0,0.0,25.0,19.0
22200693,1610612764,WAS,Washington,204001,Kristaps Porziņģis,Kristaps,F,,22:60,3.0,10.0,0.3,1.0,3.0,0.333,10.0,10.0,1.0,1.0,5.0,6.0,0.0,0.0,1.0,2.0,2.0,17.0,5.0
22200693,1610612764,WAS,Washington,1629655,Daniel Gafford,Daniel,C,,24:13,6.0,8.0,0.75,0.0,0.0,0.0,2.0,2.0,1.0,4.0,4.0,8.0,2.0,1.0,1.0,1.0,6.0,14.0,18.0
22200693,1610612764,WAS,Washington,203078,Bradley Beal,Bradley,G,,27:49,7.0,14.0,0.5,2.0,3.0,0.667,1.0,1.0,1.0,1.0,3.0,4.0,8.0,0.0,0.0,1.0,3.0,17.0,-1.0
22200693,1610612764,WAS,Washington,1628420,Monté Morris,Monté,G,,24:06,4.0,5.0,0.8,2.0,3.0,0.667,0.0,0.0,0.0,0.0,1.0,1.0,6.0,1.0,0.0,0.0,0.0,10.0,0.0
22200693,1610612764,WAS,Washington,1630557,Corey Kispert,Corey,,,15:44,3.0,4.0,0.75,2.0,3.0,0.667,0.0,0.0,0.0,0.0,1.0,1.0,1.0,0.0,0.0,0.0,0.0,8.0,9.0
22200693,1610612764,WAS,Washington,1629060,Rui Hachimura,Rui,,,29:59,13.0,22.0,0.591,3.0,5.0,0.6,1.0,2.0,0.5,0.0,5.0,5.0,0.0,0.0,2.0,0.0,1.0,30.0,20.0
22200693,1610612764,WAS,Washington,1630166,Deni Avdija,Deni,,,24:40,0.0,5.0,0.0,0.0,3.0,0.0,0.0,2.0,0.0,0.0,4.0,4.0,0.0,1.0,0.0,0.0,2.0,0.0,4.0
22200693,1610612764,WAS,Washington,1626153,Delon Wright,Delon,,,23:54,5.0,5.0,1.0,3.0,3.0,1.0,2.0,2.0,1.0,1.0,2.0,3.0,8.0,3.0,0.0,0.0,2.0,15.0,20.0
22200693,1610612764,WAS,Washington,201959,Taj Gibson,Taj,,,12:39,1.0,2.0,0.5,0.0,0.0,0.0,0.0,0.0,0.0,1.0,2.0,3.0,2.0,0.0,0.0,3.0,2.0,2.0,5.0
22200693,1610612764,WAS,Washington,1630264,Anthony Gill,Anthony,,,2:14,0.0,0.0,0.0,0.0,0.0,0.0,0.0,0.0,0.0,0.0,1.0,1.0,1.0,0.0,0.0,0.0,0.0,0.0,1.0
22200693,1610612764,WAS,Washington,203115,Will Barton,Will,,DNP - Coach's Decision,,,,,,,,,,,,,,,,,,,,
22200698,1610612755,PHI,Philadelphia,202699,Tobias Harris,Tobias,F,,25:10,7.0,13.0,0.538,2.0,6.0,0.333,1.0,1.0,1.0,0.0,5.0,5.0,6.0,0.0,0.0,5.0,6.0,17.0,-3.0
22200698,1610612755,PHI,Philadelphia,200782,P.J. Tucker,P.J.,F,,19:14,0.0,1.0,0.0,0.0,1.0,0.0,0.0,0.0,0.0,1.0,2.0,3.0,0.0,0.0,0.0,0.0,3.0,0.0,-14.0
22200698,1610612755,PHI,Philadelphia,1626149,Montrezl Harrell,Montrezl,C,,33:07,7.0,8.0,0.875,0.0,0.0,0.0,3.0,5.0,0.6,5.0,2.0,7.0,2.0,0.0,1.0,0.0,2.0,17.0,-1.0
22200698,1610612755,PHI,Philadelphia,1629001,De'Anthony Melton,De'Anthony,G,,31:18,4.0,8.0,0.5,2.0,4.0,0.5,4.0,4.0,1.0,2.0,5.0,7.0,5.0,3.0,1.0,4.0,3.0,14.0,-4.0
22200698,1610612755,PHI,Philadelphia,1630178,Tyrese Maxey,Tyrese,G,,41:18,12.0,29.0,0.414,2.0,8.0,0.25,6.0,6.0,1.0,0.0,3.0,3.0,6.0,0.0,0.0,2.0,2.0,32.0,-4.0
22200698,1610612755,PHI,Philadelphia,1629003,Shake Milton,Shake,,,29:33,5.0,12.0,0.417,1.0,2.0,0.5,4.0,5.0,0.8,2.0,4.0,6.0,7.0,1.0,0.0,1.0,2.0,15.0,0.0
22200698,1610612755,PHI,Philadelphia,1627777,Georges Niang,Georges,,,27:02,7.0,12.0,0.583,3.0,5.0,0.6,0.0,0.0,0.0,2.0,4.0,6.0,1.0,0.0,0.0,2.0,1.0,17.0,21.0
22200698,1610612755,PHI,Philadelphia,1630194,Paul Reed,Paul,,,14:48,4.0,6.0,0.667,0.0,0.0,0.0,1.0,2.0,0.5,4.0,3.0,7.0,0.0,0.0,1.0,1.0,4.0,9.0,2.0
22200698,1610612755,PHI,Philadelphia,1629680,Matisse Thybulle,Matisse,,,13:03,1.0,1.0,1.0,0.0,0.0,0.0,0.0,0.0,0.0,0.0,2.0,2.0,0.0,0.0,0.0,0.0,3.0,2.0,3.0
22200698,1610612755,PHI,Philadelphia,1627863,Danuel House Jr.,Danuel,,,5:28,2.0,3.0,0.667,2.0,2.0,1.0,0.0,0.0,0.0,0.0,0.0,0.0,0.0,0.0,0.0,0.0,0.0,6.0,10.0
22200698,1610612755,PHI,Philadelphia,203954,Joel Embiid,Joel,,DND - Injury/Illness,,,,,,,,,,,,,,,,,,,,
22200698,1610612755,PHI,Philadelphia,1627788,Furkan Korkmaz,Furkan,,DNP - Coach's Decision,,,,,,,,,,,,,,,,,,,,
22200698,1610612755,PHI,Philadelphia,1630531,Jaden Springer,Jaden,,DNP - Coach's Decision,,,,,,,,,,,,,,,,,,,,
22200698,1610612758,SAC,Sacramento,203084,Harrison Barnes,Harrison,F,,37:56,8.0,13.0,0.615,6.0,9.0,0.667,5.0,7.0,0.714,1.0,3.0,4.0,1.0,0.0,0.0,0.0,2.0,27.0,6.0
22200698,1610612758,SAC,Sacramento,1631099,Keegan Murray,Keegan,F,,41:25,4.0,9.0,0.444,3.0,8.0,0.375,2.0,2.0,1.0,1.0,3.0,4.0,1.0,0.0,1.0,0.0,2.0,13.0,-3.0
22200698,1610612758,SAC,Sacramento,1627734,Domantas Sabonis,Domantas,C,,37:41,7.0,10.0,0.7,0.0,1.0,0.0,2.0,4.0,0.5,1.0,8.0,9.0,10.0,0.0,0.0,4.0,3.0,16.0,-2.0
22200698,1610612758,SAC,Sacramento,1628989,Kevin Huerter,Kevin,G,,30:44,8.0,12.0,0.667,2.0,4.0,0.5,2.0,2.0,1.0,1.0,2.0,3.0,3.0,3.0,0.0,0.0,4.0,20.0,12.0
22200698,1610612758,SAC,Sacramento,1628368,De'Aaron Fox,De'Aaron,G,,38:13,11.0,19.0,0.579,0.0,2.0,0.0,9.0,10.0,0.9,0.0,4.0,4.0,9.0,2.0,0.0,1.0,2.0,31.0,3.0
22200698,1610612758,SAC,Sacramento,1628370,Malik Monk,Malik,,,20:15,3.0,10.0,0.3,1.0,5.0,0.2,2.0,2.0,1.0,0.0,2.0,2.0,3.0,1.0,2.0,0.0,3.0,9.0,-8.0
22200698,1610612758,SAC,Sacramento,1630558,Davion Mitchell,Davion,,,11:52,1.0,4.0,0.25,1.0,3.0,0.333,0.0,0.0,0.0,0.0,0.0,0.0,1.0,0.0,0.0,0.0,2.0,3.0,-7.0
22200698,1610612758,SAC,Sacramento,1626168,Trey Lyles,Trey,,,11:26,1.0,3.0,0.333,0.0,1.0,0.0,0.0,2.0,0.0,0.0,1.0,1.0,0.0,0.0,0.0,0.0,1.0,2.0,-10.0
22200698,1610612758,SAC,Sacramento,1629002,Chimezie Metu,Chimezie,,,4:41,1.0,2.0,0.5,0.0,0.0,0.0,0.0,0.0,0.0,0.0,0.0,0.0,0.0,0.0,0.0,2.0,1.0,2.0,4.0
22200698,1610612758,SAC,Sacramento,1629644,KZ Okpala,KZ,,,0:11,0.0,0.0,0.0,0.0,0.0,0.0,0.0,0.0,0.0,0.0,1.0,1.0,0.0,0.0,0.0,1.0,0.0,0.0,-3.0
22200698,1610612758,SAC,Sacramento,1626158,Richaun Holmes,Richaun,,,5:33,2.0,2.0,1.0,0.0,0.0,0.0,0.0,0.0,0.0,0.0,1.0,1.0,0.0,0.0,2.0,0.0,0.0,4.0,-2.0
22200698,1610612758,SAC,Sacramento,203458,Alex Len,Alex,,,0:03,0.0,0.0,0.0,0.0,0.0,0.0,0.0,0.0,0.0,0.0,0.0,0.0,0.0,0.0,0.0,0.0,0.0,0.0,0.0
22200698,1610612758,SAC,Sacramento,1629056,Terence Davis,Terence,,DNP - Coach's Decision,,,,,,,,,,,,,,,,,,,,
22200698,1610612758,SAC,Sacramento,203521,Matthew Dellavedova,Matthew,,DNP - Coach's Decision,,,,,,,,,,,,,,,,,,,,
22200698,1610612758,SAC,Sacramento,1628408,PJ Dozier,PJ,,DNP - Coach's Decision,,,,,,,,,,,,,,,,,,,,
22200694,1610612766,CHA,Charlotte,1629667,Jalen McDaniels,Jalen,F,,24:05,3.0,8.0,0.375,1.0,4.0,0.25,0.0,0.0,0.0,0.0,1.0,1.0,3.0,0.0,0.0,0.0,5.0,7.0,14.0
22200694,1610612766,CHA,Charlotte,1629023,P.J. Washington,P.J.,F,,37:25,8.0,14.0,0.571,4.0,7.0,0.571,3.0,3.0,1.0,0.0,6.0,6.0,5.0,1.0,0.0,0.0,1.0,23.0,11.0
22200694,1610612766,CHA,Charlotte,203486,Mason Plumlee,Mason,C,,29:27,11.0,14.0,0.786,0.0,0.0,0.0,3.0,4.0,0.75,5.0,6.0,11.0,2.0,1.0,0.0,0.0,0.0,25.0,10.0
22200694,1610612766,CHA,Charlotte,202330,Gordon Hayward,Gordon,G,,25:12,4.0,9.0,0.444,0.0,1.0,0.0,1.0,1.0,1.0,0.0,5.0,5.0,5.0,1.0,2.0,1.0,2.0,9.0,11.0
22200694,1610612766,CHA,Charlotte,1626179,Terry Rozier,Terry,G,,38:43,11.0,25.0,0.44,7.0,13.0,0.538,5.0,5.0,1.0,0.0,3.0,3.0,5.0,4.0,0.0,3.0,3.0,34.0,1.0
22200694,1610612766,CHA,Charlotte,1628372,Dennis Smith Jr.,Dennis,,,27:04,2.0,7.0,0.286,0.0,4.0,0.0,4.0,4.0,1.0,0.0,1.0,1.0,8.0,1.0,0.0,4.0,4.0,8.0,-2.0
22200694,1610612766,CHA,Charlotte,1631121,Bryce McGowens,Bryce,,,26:02,3.0,6.0,0.5,1.0,4.0,0.25,0.0,0.0,0.0,0.0,2.0,2.0,0.0,0.0,0.0,1.0,1.0,7.0,-10.0
22200694,1610612766,CHA,Charlotte,1631109,Mark Williams,Mark,,,18:33,3.0,5.0,0.6,0.0,0.0,0.0,2.0,3.0,0.667,0.0,5.0,5.0,0.0,3.0,0.0,0.0,1.0,8.0,-6.0
22200694,1610612766,CHA,Charlotte,1630550,JT Thor,JT,,,13:29,0.0,1.0,0.0,0.0,1.0,0.0,1.0,2.0,0.5,1.0,1.0,2.0,0.0,0.0,0.0,3.0,1.0,1.0,-9.0
22200694,1610612766,CHA,Charlotte,1630163,LaMelo Ball,LaMelo,,DND - Injury/Illness,,,,,,,,,,,,,,,,,,,,
22200694,1610612766,CHA,Charlotte,1628998,Cody Martin,Cody,,DND - Injury/Illness,,,,,,,,,,,,,,,,,,,,
22200694,1610612766,CHA,Charlotte,1630208,Nick Richards,Nick,,DNP - Coach's Decision,,,,,,,,,,,,,,,,,,,,
22200694,1610612737,ATL,Atlanta,1629631,De'Andre Hunter,De'Andre,F,,36:52,10.0,16.0,0.625,2.0,5.0,0.4,3.0,3.0,1.0,0.0,4.0,4.0,2.0,0.0,0.0,2.0,3.0,25.0,-7.0
22200694,1610612737,ATL,Atlanta,1628381,John Collins,John,F,,33:07,3.0,7.0,0.429,1.0,4.0,0.25,4.0,4.0,1.0,0.0,5.0,5.0,2.0,0.0,0.0,3.0,6.0,11.0,-9.0
22200694,1610612737,ATL,Atlanta,203991,Clint Capela,Clint,C,,23:36,5.0,5.0,1.0,0.0,0.0,0.0,2.0,2.0,1.0,3.0,6.0,9.0,0.0,2.0,1.0,1.0,2.0,12.0,8.0
22200694,1610612737,ATL,Atlanta,1627749,Dejounte Murray,Dejounte,G,,37:24,11.0,20.0,0.55,4.0,6.0,0.667,0.0,0.0,0.0,0.0,3.0,3.0,3.0,1.0,0.0,3.0,0.0,26.0,-10.0
22200694,1610612737,ATL,Atlanta,1629027,Trae Young,Trae,G,,37:37,9.0,22.0,0.409,0.0,4.0,0.0,7.0,9.0,0.778,0.0,5.0,5.0,12.0,0.0,0.0,6.0,2.0,25.0,8.0
22200694,1610612737,ATL,Atlanta,1630168,Onyeka Okongwu,Onyeka,,,24:24,1.0,1.0,1.0,0.0,0.0,0.0,1.0,2.0,0.5,1.0,6.0,7.0,0.0,0.0,2.0,1.0,2.0,3.0,-12.0
22200694,1610612737,ATL,Atlanta,1628988,Aaron Holiday,Aaron,,,15:00,1.0,2.0,0.5,1.0,2.0,0.5,0.0,0.0,0.0,0.0,0.0,0.0,1.0,1.0,1.0,0.0,2.0,3.0,-1.0
22200694,1610612737,ATL,Atlanta,1631100,AJ Griffin,AJ,,,23:27,5.0,7.0,0.714,3.0,3.0,1.0,0.0,0.0,0.0,0.0,2.0,2.0,3.0,1.0,0.0,0.0,2.0,13.0,0.0
22200694,1610612737,ATL,Atlanta,1630552,Jalen Johnson,Jalen,,,8:33,0.0,3.0,0.0,0.0,1.0,0.0,0.0,0.0,0.0,2.0,3.0,5.0,1.0,0.0,0.0,0.0,1.0,0.0,3.0
22200694,1610612737,ATL,Atlanta,1630235,Trent Forrest,Trent,,DNP - Coach's Decision,,,,,,,,,,,,,,,,,,,,
22200694,1610612737,ATL,Atlanta,203200,Justin Holiday,Justin,,DNP - Coach's Decision,,,,,,,,,,,,,,,,,,,,
22200694,1610612737,ATL,Atlanta,1626163,Frank Kaminsky,Frank,,DNP - Coach's Decision,,,,,,,,,,,,,,,,,,,,
22200694,1610612737,ATL,Atlanta,1630249,Vít Krejčí,Vít,,DNP - Coach's Decision,,,,,,,,,,,,,,,,,,,,
22200694,1610612737,ATL,Atlanta,1631213,Tyrese Martin,Tyrese,,DNP - Coach's Decision,,,,,,,,,,,,,,,,,,,,
22200696,1610612745,HOU,Houston,1630231,KJ Martin,KJ,F,,30:27,6.0,12.0,0.5,0.0,3.0,0.0,3.0,4.0,0.75,2.0,7.0,9.0,2.0,0.0,0.0,2.0,2.0,15.0,-12.0
22200696,1610612745,HOU,Houston,1631106,Tari Eason,Tari,F,,26:48,5.0,11.0,0.455,1.0,2.0,0.5,3.0,4.0,0.75,5.0,4.0,9.0,1.0,0.0,0.0,1.0,2.0,14.0,-2.0
22200696,1610612745,HOU,Houston,1630578,Alperen Sengun,Alperen,C,,37:06,7.0,9.0,0.778,1.0,1.0,1.0,4.0,10.0,0.4,2.0,14.0,16.0,7.0,1.0,3.0,4.0,2.0,19.0,-5.0
22200696,1610612745,HOU,Houston,201569,Eric Gordon,Eric,G,,33:31,7.0,13.0,0.538,2.0,6.0,0.333,0.0,0.0,0.0,0.0,4.0,4.0,3.0,1.0,0.0,0.0,2.0,16.0,-1.0
22200696,1610612745,HOU,Houston,1630224,Jalen Green,Jalen,G,,32:46,3.0,13.0,0.231,1.0,4.0,0.25,3.0,6.0,0.5,0.0,0.0,0.0,2.0,0.0,0.0,6.0,1.0,10.0,-11.0
22200696,1610612745,HOU,Houston,1629726,Garrison Mathews,Garrison,,,17:33,2.0,3.0,0.667,1.0,2.0,0.5,4.0,5.0,0.8,1.0,1.0,2.0,1.0,0.0,0.0,2.0,2.0,9.0,-2.0
22200696,1610612745,HOU,Houston,1630256,Jae'Sean Tate,Jae'Sean,,,21:12,2.0,4.0,0.5,2.0,2.0,1.0,2.0,4.0,0.5,2.0,1.0,3.0,4.0,0.0,0.0,4.0,3.0,8.0,-7.0
22200696,1610612745,HOU,Houston,1630586,Usman Garuba,Usman,,,10:54,0.0,2.0,0.0,0.0,0.0,0.0,0.0,0.0,0.0,2.0,5.0,7.0,2.0,0.0,1.0,0.0,1.0,0.0,-4.0
22200696,1610612745,HOU,Houston,1630528,Josh Christopher,Josh,,,14:54,5.0,9.0,0.556,0.0,1.0,0.0,0.0,0.0,0.0,1.0,3.0,4.0,1.0,1.0,2.0,2.0,1.0,10.0,2.0
22200696,1610612745,HOU,Houston,1631102,TyTy Washington Jr.,TyTy,,,14:49,1.0,3.0,0.333,1.0,3.0,0.333,0.0,0.0,0.0,0.0,2.0,2.0,1.0,1.0,0.0,0.0,3.0,3.0,-3.0
22200696,1610612745,HOU,Houston,1628981,Bruno Fernando,Bruno,,DNP - Coach's Decision,,,,,,,,,,,,,,,,,,,,
22200696,1610612745,HOU,Houston,1626246,Boban Marjanović,Boban,,DNP - Coach's Decision,,,,,,,,,,,,,,,,,,,,
22200696,1610612745,HOU,Houston,1630227,Daishen Nix,Daishen,,DNP - Coach's Decision,,,,,,,,,,,,,,,,,,,,
22200696,1610612750,MIN,Minnesota,1630183,Jaden McDaniels,Jaden,F,,31:22,2.0,5.0,0.4,0.0,2.0,0.0,1.0,3.0,0.333,0.0,2.0,2.0,0.0,1.0,2.0,1.0,2.0,5.0,0.0
22200696,1610612750,MIN,Minnesota,203937,Kyle Anderson,Kyle,F,,33:10,0.0,7.0,0.0,0.0,1.0,0.0,0.0,0.0,0.0,0.0,7.0,7.0,2.0,1.0,3.0,2.0,3.0,0.0,6.0
22200696,1610612750,MIN,Minnesota,1629675,Naz Reid,Naz,C,,15:09,2.0,7.0,0.286,0.0,4.0,0.0,1.0,1.0,1.0,1.0,2.0,3.0,1.0,0.0,1.0,1.0,3.0,5.0,-9.0
22200696,1610612750,MIN,Minnesota,1630162,Anthony Edwards,Anthony,G,,40:32,17.0,29.0,0.586,8.0,16.0,0.5,2.0,2.0,1.0,0.0,6.0,6.0,4.0,3.0,3.0,5.0,1.0,44.0,14.0
22200696,1610612750,MIN,Minnesota,1626156,D'Angelo Russell,D'Angelo,G,,31:15,6.0,11.0,0.545,4.0,6.0,0.667,7.0,7.0,1.0,0.0,1.0,1.0,8.0,1.0,0.0,2.0,2.0,23.0,2.0
22200696,1610612750,MIN,Minnesota,1630568,Luka Garza,Luka,,,4:40,0.0,1.0,0.0,0.0,1.0,0.0,0.0,0.0,0.0,0.0,1.0,1.0,0.0,0.0,0.0,0.0,3.0,0.0,0.0
22200696,1610612750,MIN,Minnesota,1627752,Taurean Prince,Taurean,,,21:30,2.0,4.0,0.5,2.0,3.0,0.667,1.0,1.0,1.0,0.0,2.0,2.0,4.0,2.0,0.0,0.0,2.0,7.0,3.0
22200696,1610612750,MIN,Minnesota,1629669,Jaylen Nowell,Jaylen,,,14:47,2.0,6.0,0.333,1.0,3.0,0.333,1.0,2.0,0.5,0.0,2.0,2.0,1.0,0.0,0.0,0.0,3.0,6.0,6.0
22200696,1610612750,MIN,Minnesota,1630233,Nathan Knight,Nathan,,,24:49,5.0,9.0,0.556,2.0,3.0,0.667,7.0,8.0,0.875,2.0,2.0,4.0,0.0,3.0,0.0,0.0,4.0,19.0,23.0
22200696,1610612750,MIN,Minnesota,203085,Austin Rivers,Austin,,,22:46,2.0,4.0,0.5,0.0,2.0,0.0,0.0,0.0,0.0,0.0,2.0,2.0,0.0,1.0,0.0,0.0,3.0,4.0,0.0
22200696,1610612750,MIN,Minnesota,203497,Rudy Gobert,Rudy,,DND - Injury/Illness,,,,,,,,,,,,,,,,,,,,
22200696,1610612750,MIN,Minnesota,1630346,Matt Ryan,Matt,,DNP - Coach's Decision,,,,,,,,,,,,,,,,,,,,
22200692,1610612738,BOS,Boston,1627759,Jaylen Brown,Jaylen,F,,41:50,10.0,23.0,0.435,4.0,8.0,0.5,3.0,3.0,1.0,2.0,6.0,8.0,6.0,3.0,0.0,5.0,0.0,27.0,-4.0
22200692,1610612738,BOS,Boston,201143,Al Horford,Al,F,,27:38,2.0,10.0,0.2,1.0,6.0,0.167,0.0,0.0,0.0,1.0,6.0,7.0,2.0,2.0,1.0,0.0,3.0,5.0,-14.0
22200692,1610612738,BOS,Boston,1629057,Robert Williams III,Robert,C,,15:24,1.0,2.0,0.5,0.0,0.0,0.0,0.0,0.0,0.0,1.0,3.0,4.0,4.0,1.0,1.0,0.0,1.0,2.0,7.0
22200692,1610612738,BOS,Boston,1628401,Derrick White,Derrick,G,,28:47,4.0,12.0,0.333,0.0,3.0,0.0,0.0,0.0,0.0,0.0,1.0,1.0,3.0,1.0,1.0,0.0,2.0,8.0,5.0
22200692,1610612738,BOS,Boston,203935,Marcus Smart,Marcus,G,,15:34,1.0,1.0,1.0,0.0,0.0,0.0,0.0,0.0,0.0,0.0,2.0,2.0,4.0,0.0,1.0,3.0,1.0,2.0,-17.0
22200692,1610612738,BOS,Boston,1627763,Malcolm Brogdon,Malcolm,,,34:40,8.0,16.0,0.5,3.0,5.0,0.6,4.0,4.0,1.0,1.0,6.0,7.0,2.0,1.0,1.0,2.0,2.0,23.0,1.0
22200692,1610612738,BOS,Boston,1629684,Grant Williams,Grant,,,34:06,7.0,13.0,0.538,4.0,6.0,0.667,7.0,8.0,0.875,3.0,2.0,5.0,1.0,0.0,1.0,4.0,3.0,25.0,0.0
22200692,1610612738,BOS,Boston,1630202,Payton Pritchard,Payton,,,25:53,4.0,7.0,0.571,4.0,7.0,0.571,0.0,0.0,0.0,1.0,1.0,2.0,2.0,1.0,0.0,1.0,2.0,12.0,19.0
22200692,1610612738,BOS,Boston,1628436,Luke Kornet,Luke,,,8:24,1.0,1.0,1.0,0.0,0.0,0.0,0.0,0.0,0.0,2.0,2.0,4.0,0.0,0.0,1.0,0.0,1.0,2.0,0.0
22200692,1610612738,BOS,Boston,201933,Blake Griffin,Blake,,,7:44,0.0,0.0,0.0,0.0,0.0,0.0,0.0,0.0,0.0,0.0,1.0,1.0,1.0,0.0,1.0,0.0,2.0,0.0,13.0
22200692,1610612738,BOS,Boston,1630573,Sam Hauser,Sam,,DNP - Coach's Decision,,,,,,,,,,,,,,,,,,,,
22200692,1610612738,BOS,Boston,1628382,Justin Jackson,Justin,,DNP - Coach's Decision,,,,,,,,,,,,,,,,,,,,
22200692,1610612761,TOR,Toronto,1628384,OG Anunoby,OG,F,,20:37,5.0,7.0,0.714,2.0,2.0,1.0,0.0,0.0,0.0,1.0,2.0,3.0,0.0,0.0,0.0,2.0,0.0,12.0,9.0
22200692,1610612761,TOR,Toronto,1627783,Pascal Siakam,Pascal,F,,43:08,14.0,23.0,0.609,0.0,4.0,0.0,1.0,2.0,0.5,1.0,8.0,9.0,10.0,0.0,1.0,6.0,4.0,29.0,10.0
22200692,1610612761,TOR,Toronto,1630173,Precious Achiuwa,Precious,C,,37:18,7.0,15.0,0.467,1.0,3.0,0.333,2.0,2.0,1.0,1.0,10.0,11.0,3.0,2.0,2.0,2.0,2.0,17.0,13.0
22200692,1610612761,TOR,Toronto,1629018,Gary Trent Jr.,Gary,G,,38:12,9.0,17.0,0.529,2.0,6.0,0.333,2.0,3.0,0.667,0.0,5.0,5.0,3.0,3.0,2.0,1.0,1.0,22.0,7.0
22200692,1610612761,TOR,Toronto,1630567,Scottie Barnes,Scottie,G,,42:17,4.0,9.0,0.444,2.0,2.0,1.0,0.0,0.0,0.0,0.0,3.0,3.0,5.0,0.0,3.0,2.0,1.0,10.0,1.0
22200692,1610612761,TOR,Toronto,201152,Thaddeus Young,Thaddeus,,,23:53,4.0,6.0,0.667,0.0,1.0,0.0,0.0,0.0,0.0,1.0,2.0,3.0,1.0,2.0,0.0,1.0,2.0,8.0,-12.0
22200692,1610612761,TOR,Toronto,1630201,Malachi Flynn,Malachi,,,5:26,0.0,2.0,0.0,0.0,0.0,0.0,0.0,0.0,0.0,0.0,1.0,1.0,0.0,0.0,0.0,0.0,1.0,0.0,-11.0
22200692,1610612761,TOR,Toronto,1628449,Chris Boucher,Chris,,,19:22,3.0,7.0,0.429,0.0,1.0,0.0,0.0,0.0,0.0,2.0,3.0,5.0,0.0,0.0,1.0,0.0,2.0,6.0,-18.0
22200692,1610612761,TOR,Toronto,1627823,Juancho Hernangomez,Juancho,,,9:48,0.0,0.0,0.0,0.0,0.0,0.0,0.0,0.0,0.0,0.0,1.0,1.0,2.0,0.0,0.0,0.0,0.0,0.0,-9.0
22200692,1610612761,TOR,Toronto,203920,Khem Birch,Khem,,DNP - Coach's Decision,,,,,,,,,,,,,,,,,,,,
22200692,1610612761,TOR,Toronto,1627832,Fred VanVleet,Fred,,DND - Injury/Illness,,,,,,,,,,,,,,,,,,,,
22200692,1610612761,TOR,Toronto,1630580,Joe Wieskamp,Joe,,DNP - Coach's Decision,,,,,,,,,,,,,,,,,,,,
22200686,1610612748,MIA,Miami,202710,Jimmy Butler III,Jimmy,F,,25:58,3.0,7.0,0.429,0.0,0.0,0.0,6.0,6.0,1.0,2.0,2.0,4.0,1.0,2.0,0.0,1.0,3.0,12.0,-21.0
22200686,1610612748,MIA,Miami,1628997,Caleb Martin,Caleb,F,,32:38,2.0,6.0,0.333,1.0,3.0,0.333,2.0,2.0,1.0,0.0,6.0,6.0,1.0,0.0,1.0,2.0,2.0,7.0,-22.0
22200686,1610612748,MIA,Miami,1628389,Bam Adebayo,Bam,C,,34:49,7.0,14.0,0.5,0.0,0.0,0.0,4.0,6.0,0.667,2.0,9.0,11.0,4.0,0.0,0.0,2.0,2.0,18.0,-18.0
22200686,1610612748,MIA,Miami,1629639,Tyler Herro,Tyler,G,,29:53,6.0,11.0,0.545,0.0,2.0,0.0,4.0,5.0,0.8,0.0,5.0,5.0,1.0,0.0,0.0,4.0,3.0,16.0,-9.0
22200686,1610612748,MIA,Miami,200768,Kyle Lowry,Kyle,G,,20:52,2.0,3.0,0.667,0.0,0.0,0.0,1.0,2.0,0.5,1.0,3.0,4.0,2.0,0.0,0.0,0.0,1.0,5.0,-12.0
22200686,1610612748,MIA,Miami,203506,Victor Oladipo,Victor,,,28:14,9.0,12.0,0.75,2.0,3.0,0.667,0.0,0.0,0.0,0.0,0.0,0.0,2.0,1.0,0.0,2.0,3.0,20.0,-14.0
22200686,1610612748,MIA,Miami,1631115,Orlando Robinson,Orlando,,,10:58,0.0,0.0,0.0,0.0,0.0,0.0,0.0,2.0,0.0,0.0,5.0,5.0,0.0,0.0,0.0,1.0,2.0,0.0,-2.0
22200686,1610612748,MIA,Miami,1629216,Gabe Vincent,Gabe,,,27:08,3.0,9.0,0.333,1.0,6.0,0.167,3.0,4.0,0.75,0.0,0.0,0.0,3.0,0.0,0.0,2.0,3.0,10.0,-13.0
22200686,1610612748,MIA,Miami,1629622,Max Strus,Max,,,23:40,0.0,5.0,0.0,0.0,5.0,0.0,0.0,0.0,0.0,0.0,3.0,3.0,1.0,0.0,0.0,1.0,2.0,0.0,-16.0
22200686,1610612748,MIA,Miami,1629312,Haywood Highsmith,Haywood,,,5:50,1.0,2.0,0.5,0.0,1.0,0.0,0.0,0.0,0.0,0.0,1.0,1.0,0.0,0.0,0.0,0.0,1.0,2.0,2.0
22200686,1610612748,MIA,Miami,203473,Dewayne Dedmon,Dewayne,,DNP - Coach's Decision,,,,,,,,,,,,,,,,,,,,
22200686,1610612748,MIA,Miami,2617,Udonis Haslem,Udonis,,DNP - Coach's Decision,,,,,,,,,,,,,,,,,,,,
22200686,1610612742,DAL,Dallas,203501,Tim Hardaway Jr.,Tim,F,,26:32,1.0,10.0,0.1,1.0,5.0,0.2,5.0,5.0,1.0,2.0,1.0,3.0,2.0,0.0,0.0,0.0,2.0,8.0,25.0
22200686,1610612742,DAL,Dallas,1627827,Dorian Finney-Smith,Dorian,F,,24:45,3.0,5.0,0.6,2.0,3.0,0.667,2.0,2.0,1.0,0.0,1.0,1.0,3.0,1.0,0.0,0.0,5.0,10.0,23.0
22200686,1610612742,DAL,Dallas,203939,Dwight Powell,Dwight,C,,33:06,3.0,5.0,0.6,0.0,1.0,0.0,0.0,0.0,0.0,3.0,3.0,6.0,1.0,2.0,0.0,2.0,2.0,6.0,11.0
22200686,1610612742,DAL,Dallas,203915,Spencer Dinwiddie,Spencer,G,,30:42,5.0,12.0,0.417,3.0,10.0,0.3,6.0,6.0,1.0,0.0,3.0,3.0,2.0,0.0,0.0,1.0,3.0,19.0,13.0
22200686,1610612742,DAL,Dallas,1629029,Luka Dončić,Luka,G,,37:50,12.0,24.0,0.5,5.0,8.0,0.625,5.0,8.0,0.625,1.0,11.0,12.0,7.0,1.0,0.0,3.0,0.0,34.0,29.0
22200686,1610612742,DAL,Dallas,203493,Reggie Bullock Jr.,Reggie,,,28:15,5.0,7.0,0.714,5.0,6.0,0.833,0.0,0.0,0.0,1.0,2.0,3.0,1.0,2.0,1.0,0.0,4.0,15.0,33.0
22200686,1610612742,DAL,Dallas,1630182,Josh Green,Josh,,,27:14,3.0,7.0,0.429,1.0,3.0,0.333,5.0,5.0,1.0,3.0,2.0,5.0,3.0,0.0,0.0,1.0,2.0,12.0,13.0
22200686,1610612742,DAL,Dallas,202722,Dāvis Bertāns,Dāvis,,,9:36,1.0,1.0,1.0,0.0,0.0,0.0,0.0,0.0,0.0,0.0,1.0,1.0,0.0,1.0,0.0,1.0,2.0,2.0,-5.0
22200686,1610612742,DAL,Dallas,1630702,Jaden Hardy,Jaden,,,8:17,1.0,5.0,0.2,0.0,1.0,0.0,0.0,0.0,0.0,0.0,2.0,2.0,1.0,0.0,0.0,2.0,1.0,2.0,-9.0
22200686,1610612742,DAL,Dallas,1628373,Frank Ntilikina,Frank,,,4:57,1.0,2.0,0.5,0.0,0.0,0.0,0.0,0.0,0.0,0.0,0.0,0.0,1.0,0.0,0.0,0.0,0.0,2.0,-2.0
22200686,1610612742,DAL,Dallas,1630639,A.J. Lawson,A.J.,,,4:23,2.0,2.0,1.0,1.0,1.0,1.0,0.0,2.0,0.0,0.0,0.0,0.0,0.0,0.0,0.0,0.0,1.0,5.0,-3.0
22200686,1610612742,DAL,Dallas,1629033,Theo Pinson,Theo,,,4:23,0.0,0.0,0.0,0.0,0.0,0.0,0.0,0.0,0.0,0.0,1.0,1.0,0.0,0.0,0.0,0.0,0.0,0.0,-3.0
22200686,1610612742,DAL,Dallas,201580,JaVale McGee,JaVale,,DNP - Coach's Decision,,,,,,,,,,,,,,,,,,,,
22200688,1610612754,IND,Indiana,1630174,Aaron Nesmith,Aaron,F,,23:39,4.0,9.0,0.444,3.0,5.0,0.6,2.0,2.0,1.0,2.0,1.0,3.0,1.0,0.0,0.0,2.0,2.0,13.0,-14.0
22200688,1610612754,IND,Indiana,1629052,Oshae Brissett,Oshae,F,,15:36,1.0,5.0,0.2,0.0,2.0,0.0,0.0,0.0,0.0,0.0,1.0,1.0,2.0,0.0,0.0,0.0,0.0,2.0,-2.0
22200688,1610612754,IND,Indiana,1626167,Myles Turner,Myles,C,,23:03,6.0,11.0,0.545,0.0,2.0,0.0,3.0,5.0,0.6,4.0,3.0,7.0,0.0,1.0,2.0,2.0,1.0,15.0,-3.0
22200688,1610612754,IND,Indiana,1627741,Buddy Hield,Buddy,G,,24:45,3.0,6.0,0.5,0.0,2.0,0.0,3.0,3.0,1.0,1.0,5.0,6.0,3.0,1.0,0.0,2.0,0.0,9.0,-12.0
22200688,1610612754,IND,Indiana,1629614,Andrew Nembhard,Andrew,G,,24:54,2.0,10.0,0.2,1.0,8.0,0.125,0.0,0.0,0.0,0.0,1.0,1.0,6.0,1.0,0.0,5.0,5.0,5.0,-13.0
22200688,1610612754,IND,Indiana,1631097,Bennedict Mathurin,Bennedict,,,31:32,5.0,10.0,0.5,0.0,2.0,0.0,9.0,11.0,0.818,1.0,1.0,2.0,1.0,0.0,0.0,1.0,1.0,19.0,-22.0
22200688,1610612754,IND,Indiana,204456,T.J. McConnell,T.J.,,,19:07,3.0,3.0,1.0,0.0,0.0,0.0,2.0,2.0,1.0,0.0,3.0,3.0,6.0,0.0,0.0,4.0,1.0,8.0,-16.0
22200688,1610612754,IND,Indiana,1630537,Chris Duarte,Chris,,,16:50,5.0,8.0,0.625,1.0,2.0,0.5,7.0,8.0,0.875,0.0,1.0,1.0,1.0,2.0,0.0,2.0,2.0,18.0,-7.0
22200688,1610612754,IND,Indiana,1630543,Isaiah Jackson,Isaiah,,,9:01,0.0,2.0,0.0,0.0,1.0,0.0,0.0,0.0,0.0,0.0,1.0,1.0,1.0,0.0,0.0,1.0,0.0,0.0,-5.0
22200688,1610612754,IND,Indiana,1630188,Jalen Smith,Jalen,,,15:56,4.0,10.0,0.4,1.0,4.0,0.25,0.0,0.0,0.0,1.0,3.0,4.0,1.0,1.0,0.0,0.0,4.0,9.0,-15.0
22200688,1610612754,IND,Indiana,1630678,Terry Taylor,Terry,,,16:17,2.0,2.0,1.0,0.0,0.0,0.0,0.0,0.0,0.0,3.0,0.0,3.0,0.0,0.0,0.0,1.0,0.0,4.0,-6.0
22200688,1610612754,IND,Indiana,1630243,Trevelin Queen,Trevelin,,,7:04,1.0,6.0,0.167,1.0,3.0,0.333,0.0,0.0,0.0,1.0,0.0,1.0,1.0,0.0,0.0,0.0,0.0,3.0,-1.0
22200688,1610612754,IND,Indiana,1629048,Goga Bitadze,Goga,,,6:55,0.0,0.0,0.0,0.0,0.0,0.0,0.0,2.0,0.0,2.0,1.0,3.0,0.0,0.0,0.0,1.0,0.0,0.0,0.0
22200688,1610612754,IND,Indiana,201949,James Johnson,James,,,5:21,1.0,2.0,0.5,1.0,1.0,1.0,3.0,4.0,0.75,1.0,2.0,3.0,0.0,1.0,0.0,0.0,2.0,6.0,1.0
22200688,1610612743,DEN,Denver,1629008,Michael Porter Jr.,Michael,F,,31:24,8.0,14.0,0.571,3.0,8.0,0.375,0.0,0.0,0.0,0.0,8.0,8.0,0.0,1.0,0.0,0.0,1.0,19.0,19.0
22200688,1610612743,DEN,Denver,203932,Aaron Gordon,Aaron,F,,30:24,11.0,15.0,0.733,1.0,2.0,0.5,5.0,9.0,0.556,2.0,3.0,5.0,6.0,0.0,0.0,3.0,4.0,28.0,26.0
22200688,1610612743,DEN,Denver,1630192,Zeke Nnaji,Zeke,C,,26:09,2.0,4.0,0.5,1.0,1.0,1.0,2.0,3.0,0.667,2.0,1.0,3.0,1.0,3.0,1.0,0.0,5.0,7.0,13.0
22200688,1610612743,DEN,Denver,203484,Kentavious Caldwell-Pope,Kentavious,G,,26:20,4.0,7.0,0.571,1.0,3.0,0.333,0.0,0.0,0.0,0.0,1.0,1.0,1.0,3.0,0.0,3.0,4.0,9.0,20.0
22200688,1610612743,DEN,Denver,1627750,Jamal Murray,Jamal,G,,29:28,4.0,8.0,0.5,2.0,2.0,1.0,7.0,7.0,1.0,5.0,5.0,10.0,14.0,2.0,0.0,3.0,1.0,17.0,15.0
22200688,1610612743,DEN,Denver,1628971,Bruce Brown,Bruce,,,26:48,7.0,11.0,0.636,2.0,4.0,0.5,1.0,1.0,1.0,0.0,4.0,4.0,5.0,2.0,1.0,2.0,4.0,17.0,16.0
22200688,1610612743,DEN,Denver,201145,Jeff Green,Jeff,,,18:27,2.0,3.0,0.667,0.0,1.0,0.0,2.0,4.0,0.5,1.0,1.0,2.0,3.0,2.0,0.0,0.0,5.0,6.0,-4.0
22200688,1610612743,DEN,Denver,201599,DeAndre Jordan,DeAndre,,,17:49,5.0,7.0,0.714,0.0,0.0,0.0,0.0,0.0,0.0,1.0,1.0,2.0,3.0,1.0,1.0,2.0,1.0,10.0,6.0
22200688,1610612743,DEN,Denver,1630538,Bones Hyland,Bones,,,8:45,2.0,5.0,0.4,1.0,4.0,0.25,0.0,0.0,0.0,0.0,0.0,0.0,2.0,1.0,0.0,2.0,1.0,5.0,-2.0
22200688,1610612743,DEN,Denver,1631128,Christian Braun,Christian,,,15:12,4.0,5.0,0.8,1.0,1.0,1.0,1.0,2.0,0.5,1.0,1.0,2.0,2.0,0.0,1.0,0.0,2.0,10.0,11.0
22200688,1610612743,DEN,Denver,1628432,Davon Reed,Davon,,,4:53,2.0,2.0,1.0,2.0,2.0,1.0,0.0,0.0,0.0,0.0,1.0,1.0,0.0,0.0,0.0,0.0,0.0,6.0,-1.0
22200688,1610612743,DEN,Denver,202397,Ish Smith,Ish,,,4:21,0.0,2.0,0.0,0.0,0.0,0.0,0.0,0.0,0.0,0.0,0.0,0.0,1.0,1.0,0.0,1.0,0.0,0.0,-4.0
22200685,1610612744,GSW,Golden State,1628978,Donte DiVincenzo,Donte,F,,35:24,5.0,13.0,0.385,3.0,7.0,0.429,4.0,6.0,0.667,2.0,4.0,6.0,4.0,4.0,0.0,4.0,3.0,17.0,13.0
22200685,1610612744,GSW,Golden State,1630228,Jonathan Kuminga,Jonathan,F,,26:39,4.0,9.0,0.444,2.0,2.0,1.0,0.0,2.0,0.0,0.0,3.0,3.0,5.0,1.0,0.0,0.0,2.0,10.0,9.0
22200685,1610612744,GSW,Golden State,1626172,Kevon Looney,Kevon,C,,31:45,2.0,4.0,0.5,0.0,0.0,0.0,0.0,0.0,0.0,6.0,11.0,17.0,4.0,2.0,2.0,0.0,1.0,4.0,9.0
22200685,1610612744,GSW,Golden State,1629660,Ty Jerome,Ty,G,,41:06,9.0,13.0,0.692,3.0,4.0,0.75,1.0,1.0,1.0,0.0,1.0,1.0,8.0,1.0,1.0,1.0,2.0,22.0,3.0
22200685,1610612744,GSW,Golden State,1629673,Jordan Poole,Jordan,G,,40:35,10.0,23.0,0.435,5.0,12.0,0.417,7.0,8.0,0.875,1.0,2.0,3.0,2.0,1.0,0.0,5.0,5.0,32.0,5.0
22200685,1610612744,GSW,Golden State,203210,JaMychal Green,JaMychal,,,16:15,5.0,10.0,0.5,3.0,5.0,0.6,0.0,0.0,0.0,4.0,4.0,8.0,0.0,0.0,0.0,3.0,3.0,13.0,-3.0
22200685,1610612744,GSW,Golden State,1630541,Moses Moody,Moses,,,14:15,1.0,2.0,0.5,1.0,2.0,0.5,0.0,0.0,0.0,1.0,4.0,5.0,2.0,0.0,0.0,1.0,0.0,3.0,1.0
22200685,1610612744,GSW,Golden State,1630237,Anthony Lamb,Anthony,,,24:34,4.0,8.0,0.5,4.0,8.0,0.5,0.0,0.0,0.0,0.0,2.0,2.0,0.0,0.0,1.0,2.0,3.0,12.0,0.0
22200685,1610612744,GSW,Golden State,1631116,Patrick Baldwin Jr.,Patrick,,,9:27,2.0,4.0,0.5,2.0,3.0,0.667,1.0,2.0,0.5,0.0,0.0,0.0,0.0,0.0,0.0,1.0,0.0,7.0,-7.0
22200685,1610612744,GSW,Golden State,1631157,Ryan Rollins,Ryan,,DNP - Coach's Decision,,,,,,,,,,,,,,,,,,,,
22200685,1610612744,GSW,Golden State,1630164,James Wiseman,James,,DNP - Injury/Illness,,,,,,,,,,,,,,,,,,,,
22200685,1610612739,CLE,Cleveland,1630171,Isaac Okoro,Isaac,F,,21:39,2.0,5.0,0.4,0.0,2.0,0.0,0.0,0.0,0.0,1.0,1.0,2.0,1.0,2.0,0.0,0.0,4.0,4.0,-18.0
22200685,1610612739,CLE,Cleveland,1630596,Evan Mobley,Evan,F,,36:49,7.0,12.0,0.583,0.0,2.0,0.0,3.0,4.0,0.75,2.0,5.0,7.0,2.0,0.0,1.0,0.0,1.0,17.0,0.0
22200685,1610612739,CLE,Cleveland,1628386,Jarrett Allen,Jarrett,C,,31:14,4.0,7.0,0.571,0.0,0.0,0.0,0.0,0.0,0.0,3.0,5.0,8.0,2.0,0.0,3.0,1.0,3.0,8.0,-13.0
22200685,1610612739,CLE,Cleveland,1627747,Caris LeVert,Caris,G,,31:08,7.0,16.0,0.438,5.0,8.0,0.625,3.0,4.0,0.75,2.0,3.0,5.0,2.0,1.0,2.0,4.0,2.0,22.0,-5.0
22200685,1610612739,CLE,Cleveland,1629636,Darius Garland,Darius,G,,40:06,10.0,25.0,0.4,3.0,11.0,0.273,8.0,8.0,1.0,0.0,2.0,2.0,9.0,2.0,0.0,4.0,0.0,31.0,-1.0
22200685,1610612739,CLE,Cleveland,1626224,Cedi Osman,Cedi,,,25:01,5.0,9.0,0.556,3.0,5.0,0.6,0.0,0.0,0.0,0.0,3.0,3.0,2.0,1.0,0.0,1.0,0.0,13.0,1.0
22200685,1610612739,CLE,Cleveland,201567,Kevin Love,Kevin,,,20:40,4.0,6.0,0.667,3.0,4.0,0.75,1.0,1.0,1.0,1.0,3.0,4.0,2.0,0.0,0.0,2.0,1.0,12.0,-1.0
22200685,1610612739,CLE,Cleveland,203526,Raul Neto,Raul,,,17:04,1.0,2.0,0.5,0.0,1.0,0.0,0.0,0.0,0.0,1.0,0.0,1.0,4.0,0.0,2.0,2.0,2.0,2.0,4.0
22200685,1610612739,CLE,Cleveland,1630205,Lamar Stevens,Lamar,,,16:19,2.0,2.0,1.0,0.0,0.0,0.0,1.0,2.0,0.5,0.0,3.0,3.0,0.0,1.0,0.0,1.0,2.0,5.0,3.0
22200685,1610612739,CLE,Cleveland,1629603,Mamadi Diakite,Mamadi,,DNP - Coach's Decision,,,,,,,,,,,,,,,,,,,,
22200685,1610612739,CLE,Cleveland,201577,Robin Lopez,Robin,,DNP - Coach's Decision,,,,,,,,,,,,,,,,,,,,
22200685,1610612739,CLE,Cleveland,1630600,Isaiah Mobley,Isaiah,,DNP - Coach's Decision,,,,,,,,,,,,,,,,,,,,
22200689,1610612751,BKN,Brooklyn,203925,Joe Harris,Joe,F,,21:28,3.0,6.0,0.5,3.0,6.0,0.5,0.0,0.0,0.0,0.0,2.0,2.0,3.0,0.0,0.0,0.0,2.0,9.0,19.0
22200689,1610612751,BKN,Brooklyn,1626220,Royce O'Neale,Royce,F,,34:19,4.0,9.0,0.444,3.0,8.0,0.375,2.0,2.0,1.0,0.0,5.0,5.0,6.0,0.0,1.0,2.0,4.0,13.0,10.0
22200689,1610612751,BKN,Brooklyn,1629651,Nic Claxton,Nic,C,,37:36,8.0,9.0,0.889,0.0,0.0,0.0,4.0,8.0,0.5,1.0,4.0,5.0,1.0,0.0,4.0,1.0,2.0,20.0,29.0
22200689,1610612751,BKN,Brooklyn,202681,Kyrie Irving,Kyrie,G,,39:01,18.0,29.0,0.621,8.0,15.0,0.533,4.0,6.0,0.667,3.0,8.0,11.0,6.0,4.0,0.0,1.0,3.0,48.0,23.0
22200689,1610612751,BKN,Brooklyn,1627732,Ben Simmons,Ben,G,,36:33,3.0,7.0,0.429,0.0,0.0,0.0,0.0,0.0,0.0,2.0,7.0,9.0,5.0,2.0,0.0,4.0,1.0,6.0,0.0
22200689,1610612751,BKN,Brooklyn,203552,Seth Curry,Seth,,,24:59,3.0,8.0,0.375,2.0,6.0,0.333,2.0,2.0,1.0,0.0,4.0,4.0,3.0,0.0,0.0,1.0,1.0,10.0,9.0
22200689,1610612751,BKN,Brooklyn,203933,T.J. Warren,T.J.,,,17:34,2.0,4.0,0.5,1.0,2.0,0.5,0.0,0.0,0.0,0.0,3.0,3.0,2.0,1.0,1.0,0.0,1.0,5.0,-10.0
22200689,1610612751,BKN,Brooklyn,1628410,Edmond Sumner,Edmond,,,8:59,0.0,2.0,0.0,0.0,1.0,0.0,1.0,2.0,0.5,0.0,1.0,1.0,0.0,0.0,0.0,0.0,2.0,1.0,-12.0
22200689,1610612751,BKN,Brooklyn,1630560,Cam Thomas,Cam,,,6:24,1.0,3.0,0.333,0.0,0.0,0.0,0.0,0.0,0.0,0.0,2.0,2.0,0.0,0.0,0.0,0.0,0.0,2.0,-3.0
22200689,1610612751,BKN,Brooklyn,1629139,Yuta Watanabe,Yuta,,,13:09,1.0,3.0,0.333,1.0,3.0,0.333,0.0,0.0,0.0,0.0,0.0,0.0,0.0,0.0,0.0,0.0,2.0,3.0,-10.0
22200689,1610612751,BKN,Brooklyn,1630561,David Duke Jr.,David,,DNP - Coach's Decision,,,,,,,,,,,,,,,,,,,,
22200689,1610612751,BKN,Brooklyn,1630556,Kessler Edwards,Kessler,,DNP - Coach's Decision,,,,,,,,,,,,,,,,,,,,
22200689,1610612751,BKN,Brooklyn,201988,Patty Mills,Patty,,DNP - Coach's Decision,,,,,,,,,,,,,,,,,,,,
22200689,1610612751,BKN,Brooklyn,202693,Markieff Morris,Markieff,,DNP - Coach's Decision,,,,,,,,,,,,,,,,,,,,
22200689,1610612751,BKN,Brooklyn,1630549,Day'Ron Sharpe,Day'Ron,,DNP - Coach's Decision,,,,,,,,,,,,,,,,,,,,
22200689,1610612762,UTA,Utah,1627736,Malik Beasley,Malik,F,,31:52,4.0,11.0,0.364,4.0,10.0,0.4,0.0,0.0,0.0,1.0,3.0,4.0,0.0,0.0,0.0,1.0,1.0,12.0,-14.0
22200689,1610612762,UTA,Utah,1628374,Lauri Markkanen,Lauri,F,,36:45,8.0,16.0,0.5,6.0,10.0,0.6,0.0,0.0,0.0,2.0,9.0,11.0,1.0,1.0,0.0,2.0,0.0,22.0,-21.0
22200689,1610612762,UTA,Utah,1631117,Walker Kessler,Walker,C,,24:36,1.0,4.0,0.25,0.0,0.0,0.0,0.0,2.0,0.0,3.0,3.0,6.0,0.0,1.0,1.0,0.0,2.0,2.0,-14.0
22200689,1610612762,UTA,Utah,203903,Jordan Clarkson,Jordan,G,,33:26,11.0,22.0,0.5,2.0,7.0,0.286,5.0,5.0,1.0,2.0,2.0,4.0,5.0,1.0,0.0,4.0,4.0,29.0,-20.0
22200689,1610612762,UTA,Utah,201144,Mike Conley,Mike,G,,32:10,2.0,8.0,0.25,1.0,4.0,0.25,4.0,4.0,1.0,0.0,5.0,5.0,9.0,1.0,0.0,1.0,3.0,9.0,-10.0
22200689,1610612762,UTA,Utah,1629012,Collin Sexton,Collin,,,29:06,7.0,12.0,0.583,2.0,3.0,0.667,1.0,4.0,0.25,0.0,0.0,0.0,1.0,1.0,0.0,0.0,3.0,17.0,2.0
22200689,1610612762,UTA,Utah,1629020,Jarred Vanderbilt,Jarred,,,17:47,3.0,9.0,0.333,1.0,2.0,0.5,2.0,4.0,0.5,4.0,5.0,9.0,2.0,1.0,0.0,1.0,2.0,9.0,5.0
22200689,1610612762,UTA,Utah,200752,Rudy Gay,Rudy,,,16:08,1.0,4.0,0.25,0.0,2.0,0.0,4.0,4.0,1.0,1.0,3.0,4.0,3.0,0.0,0.0,0.0,2.0,6.0,3.0
22200689,1610612762,UTA,Utah,1630534,Ochai Agbaji,Ochai,,,12:39,0.0,0.0,0.0,0.0,0.0,0.0,0.0,0.0,0.0,0.0,1.0,1.0,0.0,0.0,0.0,0.0,0.0,0.0,10.0
22200689,1610612762,UTA,Utah,1629659,Talen Horton-Tucker,Talen,,,5:31,0.0,2.0,0.0,0.0,1.0,0.0,0.0,0.0,0.0,0.0,2.0,2.0,3.0,0.0,0.0,1.0,1.0,0.0,4.0
22200689,1610612762,UTA,Utah,1629638,Nickeil Alexander-Walker,Nickeil,,DNP - Coach's Decision,,,,,,,,,,,,,,,,,,,,
22200689,1610612762,UTA,Utah,1628962,Udoka Azubuike,Udoka,,DNP - Coach's Decision,,,,,,,,,,,,,,,,,,,,
22200689,1610612762,UTA,Utah,1630195,Leandro Bolmaro,Leandro,,DNP - Coach's Decision,,,,,,,,,,,,,,,,,,,,
22200689,1610612762,UTA,Utah,1631323,Simone Fontecchio,Simone,,DNP - Coach's Decision,,,,,,,,,,,,,,,,,,,,
22200691,1610612760,OKC,Oklahoma City,1629652,Luguentz Dort,Luguentz,F,,35:20,5.0,13.0,0.385,3.0,5.0,0.6,2.0,2.0,1.0,0.0,3.0,3.0,2.0,1.0,0.0,0.0,6.0,15.0,-3.0
22200691,1610612760,OKC,Oklahoma City,1631114,Jalen Williams,Jalen,F,,31:31,5.0,9.0,0.556,1.0,3.0,0.333,2.0,2.0,1.0,0.0,1.0,1.0,2.0,1.0,0.0,3.0,5.0,13.0,-3.0
22200691,1610612760,OKC,Oklahoma City,1631119,Jaylin Williams,Jaylin,C,,24:49,2.0,6.0,0.333,0.0,1.0,0.0,0.0,1.0,0.0,0.0,6.0,6.0,2.0,0.0,0.0,1.0,1.0,4.0,-4.0
22200691,1610612760,OKC,Oklahoma City,1630581,Josh Giddey,Josh,G,,29:37,7.0,13.0,0.538,1.0,4.0,0.25,0.0,0.0,0.0,3.0,7.0,10.0,5.0,0.0,1.0,2.0,1.0,15.0,8.0
22200691,1610612760,OKC,Oklahoma City,1628983,Shai Gilgeous-Alexander,Shai,G,,37:30,16.0,23.0,0.696,2.0,3.0,0.667,3.0,4.0,0.75,1.0,0.0,1.0,7.0,2.0,0.0,0.0,0.0,37.0,-10.0
22200691,1610612760,OKC,Oklahoma City,1630198,Isaiah Joe,Isaiah,,,29:21,7.0,13.0,0.538,7.0,12.0,0.583,0.0,0.0,0.0,1.0,5.0,6.0,0.0,0.0,0.0,0.0,2.0,21.0,0.0
22200691,1610612760,OKC,Oklahoma City,1630322,Lindy Waters III,Lindy,,,7:22,0.0,1.0,0.0,0.0,1.0,0.0,0.0,0.0,0.0,0.0,0.0,0.0,0.0,0.0,0.0,0.0,2.0,0.0,-8.0
22200691,1610612760,OKC,Oklahoma City,203488,Mike Muscala,Mike,,,11:21,1.0,5.0,0.2,1.0,5.0,0.2,0.0,0.0,0.0,0.0,2.0,2.0,0.0,0.0,0.0,1.0,1.0,3.0,-8.0
22200691,1610612760,OKC,Oklahoma City,1630544,Tre Mann,Tre,,,7:13,1.0,2.0,0.5,0.0,0.0,0.0,0.0,0.0,0.0,0.0,1.0,1.0,0.0,0.0,0.0,1.0,1.0,2.0,1.0
22200691,1610612760,OKC,Oklahoma City,1629026,Kenrich Williams,Kenrich,,,25:56,1.0,8.0,0.125,1.0,6.0,0.167,0.0,2.0,0.0,3.0,3.0,6.0,3.0,0.0,0.0,1.0,1.0,3.0,2.0
22200691,1610612760,OKC,Oklahoma City,1629647,Darius Bazley,Darius,,DNP - Coach's Decision,,,,,,,,,,,,,,,,,,,,
22200691,1610612760,OKC,Oklahoma City,1630598,Aaron Wiggins,Aaron,,DNP - Coach's Decision,,,,,,,,,,,,,,,,,,,,
22200691,1610612758,SAC,Sacramento,203084,Harrison Barnes,Harrison,F,,39:08,3.0,7.0,0.429,1.0,4.0,0.25,4.0,4.0,1.0,1.0,1.0,2.0,2.0,0.0,0.0,2.0,1.0,11.0,-1.0
22200691,1610612758,SAC,Sacramento,1631099,Keegan Murray,Keegan,F,,37:20,10.0,12.0,0.833,5.0,7.0,0.714,4.0,4.0,1.0,3.0,11.0,14.0,1.0,0.0,0.0,2.0,1.0,29.0,10.0
22200691,1610612758,SAC,Sacramento,1627734,Domantas Sabonis,Domantas,C,,37:47,5.0,9.0,0.556,0.0,1.0,0.0,8.0,8.0,1.0,4.0,10.0,14.0,14.0,0.0,0.0,6.0,3.0,18.0,4.0
22200691,1610612758,SAC,Sacramento,1628989,Kevin Huerter,Kevin,G,,34:38,6.0,13.0,0.462,2.0,7.0,0.286,0.0,0.0,0.0,2.0,4.0,6.0,1.0,0.0,1.0,2.0,2.0,14.0,6.0
22200691,1610612758,SAC,Sacramento,1628368,De'Aaron Fox,De'Aaron,G,,38:18,10.0,23.0,0.435,2.0,6.0,0.333,3.0,7.0,0.429,0.0,4.0,4.0,2.0,0.0,0.0,1.0,3.0,25.0,3.0
22200691,1610612758,SAC,Sacramento,1630558,Davion Mitchell,Davion,,,11:25,2.0,4.0,0.5,1.0,2.0,0.5,0.0,0.0,0.0,0.0,2.0,2.0,0.0,1.0,0.0,0.0,2.0,5.0,6.0
22200691,1610612758,SAC,Sacramento,1629644,KZ Okpala,KZ,,,1:54,0.0,1.0,0.0,0.0,1.0,0.0,0.0,0.0,0.0,0.0,0.0,0.0,0.0,0.0,0.0,0.0,0.0,0.0,0.0
22200691,1610612758,SAC,Sacramento,1629002,Chimezie Metu,Chimezie,,,10:13,2.0,3.0,0.667,0.0,0.0,0.0,0.0,0.0,0.0,2.0,1.0,3.0,0.0,0.0,0.0,0.0,3.0,4.0,1.0
22200691,1610612758,SAC,Sacramento,1628370,Malik Monk,Malik,,,15:39,1.0,6.0,0.167,0.0,5.0,0.0,3.0,3.0,1.0,0.0,3.0,3.0,5.0,0.0,1.0,2.0,2.0,5.0,-2.0
22200691,1610612758,SAC,Sacramento,1626168,Trey Lyles,Trey,,,13:38,2.0,9.0,0.222,1.0,5.0,0.2,2.0,2.0,1.0,1.0,4.0,5.0,0.0,0.0,0.0,0.0,0.0,7.0,-2.0
22200691,1610612758,SAC,Sacramento,1629056,Terence Davis,Terence,,DNP - Coach's Decision,,,,,,,,,,,,,,,,,,,,
22200691,1610612758,SAC,Sacramento,203521,Matthew Dellavedova,Matthew,,DNP - Coach's Decision,,,,,,,,,,,,,,,,,,,,
22200691,1610612758,SAC,Sacramento,1628408,PJ Dozier,PJ,,DNP - Coach's Decision,,,,,,,,,,,,,,,,,,,,
22200691,1610612758,SAC,Sacramento,1626158,Richaun Holmes,Richaun,,DNP - Coach's Decision,,,,,,,,,,,,,,,,,,,,
22200691,1610612758,SAC,Sacramento,203458,Alex Len,Alex,,DNP - Coach's Decision,,,,,,,,,,,,,,,,,,,,
22200687,1610612746,LAC,LA,202695,Kawhi Leonard,Kawhi,F,,38:23,13.0,18.0,0.722,4.0,5.0,0.8,6.0,6.0,1.0,2.0,2.0,4.0,7.0,2.0,0.0,2.0,0.0,36.0,14.0
22200687,1610612746,LAC,LA,202694,Marcus Morris Sr.,Marcus,F,,28:45,6.0,9.0,0.667,3.0,6.0,0.5,0.0,2.0,0.0,0.0,0.0,0.0,4.0,0.0,0.0,0.0,2.0,15.0,13.0
22200687,1610612746,LAC,LA,1627826,Ivica Zubac,Ivica,C,,35:31,6.0,10.0,0.6,0.0,0.0,0.0,0.0,2.0,0.0,8.0,8.0,16.0,1.0,0.0,0.0,0.0,3.0,12.0,12.0
22200687,1610612746,LAC,LA,202331,Paul George,Paul,G,,31:39,7.0,13.0,0.538,2.0,3.0,0.667,0.0,0.0,0.0,0.0,3.0,3.0,12.0,1.0,0.0,0.0,3.0,16.0,17.0
22200687,1610612746,LAC,LA,1629611,Terance Mann,Terance,G,,21:19,5.0,6.0,0.833,0.0,1.0,0.0,0.0,2.0,0.0,0.0,1.0,1.0,2.0,0.0,0.0,1.0,1.0,10.0,-14.0
22200687,1610612746,LAC,LA,201587,Nicolas Batum,Nicolas,,,22:18,1.0,3.0,0.333,1.0,3.0,0.333,0.0,0.0,0.0,0.0,2.0,2.0,2.0,0.0,1.0,1.0,2.0,3.0,6.0
22200687,1610612746,LAC,LA,202704,Reggie Jackson,Reggie,,,22:46,4.0,11.0,0.364,1.0,5.0,0.2,4.0,4.0,1.0,0.0,1.0,1.0,2.0,0.0,0.0,3.0,0.0,13.0,-7.0
22200687,1610612746,LAC,LA,1626181,Norman Powell,Norman,,,26:43,9.0,11.0,0.818,4.0,5.0,0.8,4.0,4.0,1.0,1.0,2.0,3.0,1.0,1.0,1.0,2.0,2.0,26.0,-2.0
22200687,1610612746,LAC,LA,1631217,Moussa Diabaté,Moussa,,,5:43,0.0,0.0,0.0,0.0,0.0,0.0,0.0,0.0,0.0,0.0,0.0,0.0,0.0,0.0,0.0,0.0,0.0,0.0,-16.0
22200687,1610612746,LAC,LA,203496,Robert Covington,Robert,,,6:53,0.0,0.0,0.0,0.0,0.0,0.0,0.0,0.0,0.0,0.0,2.0,2.0,0.0,0.0,0.0,0.0,0.0,0.0,2.0
22200687,1610612746,LAC,LA,1629599,Amir Coffey,Amir,,DNP - Coach's Decision,,,,,,,,,,,,,,,,,,,,
22200687,1610612759,SAS,San Antonio,1629640,Keldon Johnson,Keldon,F,,35:29,9.0,16.0,0.563,3.0,7.0,0.429,2.0,3.0,0.667,0.0,3.0,3.0,2.0,0.0,0.0,1.0,4.0,23.0,-8.0
22200687,1610612759,SAS,San Antonio,1631110,Jeremy Sochan,Jeremy,F,,31:34,6.0,10.0,0.6,2.0,2.0,1.0,2.0,2.0,1.0,4.0,2.0,6.0,2.0,0.0,0.0,0.0,2.0,16.0,-13.0
22200687,1610612759,SAS,San Antonio,1627751,Jakob Poeltl,Jakob,C,,23:45,5.0,10.0,0.5,0.0,0.0,0.0,1.0,2.0,0.5,1.0,5.0,6.0,4.0,1.0,0.0,1.0,1.0,11.0,-4.0
22200687,1610612759,SAS,San Antonio,1629641,Romeo Langford,Romeo,G,,26:31,6.0,10.0,0.6,1.0,3.0,0.333,0.0,0.0,0.0,2.0,4.0,6.0,5.0,0.0,1.0,1.0,2.0,13.0,3.0
22200687,1610612759,SAS,San Antonio,1630200,Tre Jones,Tre,G,,29:33,3.0,6.0,0.5,1.0,1.0,1.0,1.0,2.0,0.5,1.0,0.0,1.0,8.0,1.0,0.0,0.0,1.0,8.0,-5.0
22200687,1610612759,SAS,San Antonio,1628380,Zach Collins,Zach,,,24:09,7.0,9.0,0.778,1.0,2.0,0.5,2.0,2.0,1.0,0.0,2.0,2.0,4.0,0.0,0.0,0.0,2.0,17.0,-1.0
22200687,1610612759,SAS,San Antonio,1631103,Malaki Branham,Malaki,,,17:49,4.0,6.0,0.667,1.0,1.0,1.0,0.0,0.0,0.0,2.0,1.0,3.0,3.0,0.0,0.0,1.0,1.0,9.0,-9.0
22200687,1610612759,SAS,San Antonio,1626196,Josh Richardson,Josh,,,22:14,6.0,10.0,0.6,3.0,5.0,0.6,2.0,3.0,0.667,2.0,2.0,4.0,3.0,1.0,0.0,1.0,0.0,17.0,1.0
22200687,1610612759,SAS,San Antonio,203926,Doug McDermott,Doug,,,14:06,1.0,5.0,0.2,0.0,2.0,0.0,0.0,0.0,0.0,0.0,0.0,0.0,0.0,0.0,0.0,1.0,1.0,2.0,7.0
22200687,1610612759,SAS,San Antonio,1626169,Stanley Johnson,Stanley,,,14:51,4.0,7.0,0.571,2.0,3.0,0.667,0.0,0.0,0.0,0.0,3.0,3.0,3.0,0.0,0.0,0.0,1.0,10.0,4.0
22200687,1610612759,SAS,San Antonio,1628966,Keita Bates-Diop,Keita,,DNP - Coach's Decision,,,,,,,,,,,,,,,,,,,,
22200687,1610612759,SAS,San Antonio,203476,Gorgui Dieng,Gorgui,,DNP - Coach's Decision,,,,,,,,,,,,,,,,,,,,
22200687,1610612759,SAS,San Antonio,1629676,Isaiah Roby,Isaiah,,DNP - Coach's Decision,,,,,,,,,,,,,,,,,,,,
22200684,1610612752,NYK,New York,1629628,RJ Barrett,RJ,F,,38:36,9.0,16.0,0.563,3.0,5.0,0.6,2.0,2.0,1.0,1.0,2.0,3.0,2.0,1.0,0.0,2.0,1.0,23.0,-20.0
22200684,1610612752,NYK,New York,203944,Julius Randle,Julius,F,,33:18,11.0,22.0,0.5,3.0,10.0,0.3,7.0,9.0,0.778,1.0,8.0,9.0,6.0,0.0,0.0,3.0,1.0,32.0,-12.0
22200684,1610612752,NYK,New York,1630579,Jericho Sims,Jericho,C,,28:19,6.0,6.0,1.0,0.0,0.0,0.0,0.0,0.0,0.0,3.0,5.0,8.0,0.0,2.0,0.0,1.0,0.0,12.0,-3.0
22200684,1610612752,NYK,New York,1629656,Quentin Grimes,Quentin,G,,16:06,4.0,7.0,0.571,2.0,5.0,0.4,0.0,0.0,0.0,1.0,1.0,2.0,2.0,0.0,0.0,1.0,4.0,10.0,-6.0
22200684,1610612752,NYK,New York,1628973,Jalen Brunson,Jalen,G,,36:23,7.0,14.0,0.5,1.0,2.0,0.5,4.0,6.0,0.667,0.0,0.0,0.0,9.0,2.0,3.0,3.0,3.0,19.0,-19.0
22200684,1610612752,NYK,New York,1630193,Immanuel Quickley,Immanuel,,,35:36,5.0,5.0,1.0,1.0,1.0,1.0,0.0,0.0,0.0,1.0,1.0,2.0,1.0,0.0,0.0,1.0,3.0,11.0,2.0
22200684,1610612752,NYK,New York,1628392,Isaiah Hartenstein,Isaiah,,,16:40,1.0,1.0,1.0,0.0,0.0,0.0,0.0,0.0,0.0,2.0,4.0,6.0,1.0,0.0,0.0,1.0,1.0,2.0,-4.0
22200684,1610612752,NYK,New York,1630540,Miles McBride,Miles,,,15:60,3.0,5.0,0.6,2.0,3.0,0.667,0.0,0.0,0.0,0.0,1.0,1.0,4.0,0.0,0.0,0.0,2.0,8.0,-1.0
22200684,1610612752,NYK,New York,1630167,Obi Toppin,Obi,,,16:24,3.0,7.0,0.429,1.0,4.0,0.25,0.0,0.0,0.0,0.0,3.0,3.0,2.0,0.0,0.0,0.0,0.0,7.0,-10.0
22200684,1610612752,NYK,New York,1629004,Svi Mykhailiuk,Svi,,,1:19,0.0,0.0,0.0,0.0,0.0,0.0,0.0,0.0,0.0,0.0,0.0,0.0,0.0,0.0,0.0,0.0,0.0,0.0,-1.0
22200684,1610612752,NYK,New York,1627853,Ryan Arcidiacono,Ryan,,,1:19,0.0,0.0,0.0,0.0,0.0,0.0,0.0,0.0,0.0,0.0,0.0,0.0,0.0,0.0,0.0,0.0,0.0,0.0,-1.0
22200684,1610612752,NYK,New York,203095,Evan Fournier,Evan,,DNP - Coach's Decision,,,,,,,,,,,,,,,,,,,,
22200684,1610612752,NYK,New York,1629629,Cam Reddish,Cam,,DNP - Coach's Decision,,,,,,,,,,,,,,,,,,,,
22200684,1610612752,NYK,New York,201565,Derrick Rose,Derrick,,DNP - Coach's Decision,,,,,,,,,,,,,,,,,,,,
22200684,1610612737,ATL,Atlanta,1629631,De'Andre Hunter,De'Andre,F,,30:52,7.0,11.0,0.636,3.0,7.0,0.429,3.0,4.0,0.75,0.0,3.0,3.0,2.0,1.0,0.0,0.0,3.0,20.0,5.0
22200684,1610612737,ATL,Atlanta,1628381,John Collins,John,F,,35:22,7.0,8.0,0.875,3.0,4.0,0.75,0.0,0.0,0.0,0.0,9.0,9.0,1.0,1.0,1.0,2.0,5.0,17.0,25.0
22200684,1610612737,ATL,Atlanta,203991,Clint Capela,Clint,C,,19:42,3.0,6.0,0.5,0.0,0.0,0.0,1.0,1.0,1.0,4.0,5.0,9.0,1.0,0.0,0.0,0.0,1.0,7.0,15.0
22200684,1610612737,ATL,Atlanta,1627749,Dejounte Murray,Dejounte,G,,36:28,14.0,25.0,0.56,1.0,4.0,0.25,0.0,0.0,0.0,2.0,4.0,6.0,12.0,3.0,0.0,1.0,1.0,29.0,9.0
22200684,1610612737,ATL,Atlanta,1629027,Trae Young,Trae,G,,32:32,9.0,21.0,0.429,1.0,7.0,0.143,8.0,8.0,1.0,1.0,0.0,1.0,6.0,1.0,0.0,4.0,1.0,27.0,11.0
22200684,1610612737,ATL,Atlanta,1628988,Aaron Holiday,Aaron,,,7:38,2.0,5.0,0.4,1.0,1.0,1.0,0.0,0.0,0.0,1.0,0.0,1.0,1.0,0.0,0.0,0.0,0.0,5.0,-4.0
22200684,1610612737,ATL,Atlanta,1630168,Onyeka Okongwu,Onyeka,,,26:59,6.0,7.0,0.857,0.0,0.0,0.0,2.0,3.0,0.667,4.0,3.0,7.0,1.0,0.0,3.0,0.0,3.0,14.0,-1.0
22200684,1610612737,ATL,Atlanta,203992,Bogdan Bogdanović,Bogdan,,,23:58,6.0,12.0,0.5,2.0,8.0,0.25,0.0,0.0,0.0,1.0,1.0,2.0,2.0,0.0,0.0,0.0,2.0,14.0,8.0
22200684,1610612737,ATL,Atlanta,1630552,Jalen Johnson,Jalen,,,5:24,1.0,1.0,1.0,1.0,1.0,1.0,0.0,0.0,0.0,1.0,0.0,1.0,0.0,0.0,0.0,0.0,0.0,3.0,-7.0
22200684,1610612737,ATL,Atlanta,1631100,AJ Griffin,AJ,,,17:09,1.0,4.0,0.25,1.0,2.0,0.5,0.0,0.0,0.0,0.0,0.0,0.0,0.0,0.0,0.0,0.0,0.0,3.0,11.0
22200684,1610612737,ATL,Atlanta,1630249,Vít Krejčí,Vít,,,1:19,0.0,0.0,0.0,0.0,0.0,0.0,0.0,0.0,0.0,0.0,0.0,0.0,0.0,0.0,0.0,0.0,0.0,0.0,1.0
22200684,1610612737,ATL,Atlanta,1626163,Frank Kaminsky,Frank,,,1:19,0.0,0.0,0.0,0.0,0.0,0.0,0.0,0.0,0.0,0.0,0.0,0.0,1.0,0.0,0.0,0.0,0.0,0.0,1.0
22200684,1610612737,ATL,Atlanta,1631213,Tyrese Martin,Tyrese,,,1:19,0.0,0.0,0.0,0.0,0.0,0.0,0.0,0.0,0.0,0.0,0.0,0.0,0.0,0.0,0.0,0.0,0.0,0.0,1.0
22200684,1610612737,ATL,Atlanta,202324,Derrick Favors,Derrick,,DNP - Coach's Decision,,,,,,,,,,,,,,,,,,,,
22200684,1610612737,ATL,Atlanta,203200,Justin Holiday,Justin,,DNP - Coach's Decision,,,,,,,,,,,,,,,,,,,,
22200683,1610612740,NOP,New Orleans,1630529,Herbert Jones,Herbert,F,,18:51,4.0,5.0,0.8,1.0,1.0,1.0,1.0,4.0,0.25,1.0,0.0,1.0,3.0,2.0,1.0,0.0,6.0,10.0,0.0
22200683,1610612740,NOP,New Orleans,1630530,Trey Murphy III,Trey,F,,39:33,7.0,9.0,0.778,2.0,4.0,0.5,2.0,2.0,1.0,0.0,6.0,6.0,2.0,0.0,1.0,2.0,1.0,18.0,-18.0
22200683,1610612740,NOP,New Orleans,202685,Jonas Valančiūnas,Jonas,C,,28:04,9.0,19.0,0.474,1.0,1.0,1.0,1.0,2.0,0.5,3.0,7.0,10.0,1.0,0.0,1.0,0.0,5.0,20.0,-6.0
22200683,1610612740,NOP,New Orleans,203468,CJ McCollum,CJ,G,,35:45,6.0,21.0,0.286,2.0,11.0,0.182,9.0,10.0,0.9,2.0,3.0,5.0,7.0,3.0,0.0,3.0,3.0,23.0,6.0
22200683,1610612740,NOP,New Orleans,1630700,Dyson Daniels,Dyson,G,,31:08,0.0,6.0,0.0,0.0,2.0,0.0,0.0,0.0,0.0,1.0,3.0,4.0,8.0,1.0,1.0,3.0,0.0,0.0,6.0
22200683,1610612740,NOP,New Orleans,1626204,Larry Nance Jr.,Larry,,,27:05,2.0,4.0,0.5,0.0,0.0,0.0,1.0,1.0,1.0,2.0,1.0,3.0,2.0,2.0,1.0,1.0,1.0,5.0,-6.0
22200683,1610612740,NOP,New Orleans,1630631,Jose Alvarado,Jose,,,29:30,6.0,15.0,0.4,3.0,11.0,0.273,2.0,2.0,1.0,0.0,4.0,4.0,4.0,1.0,0.0,1.0,2.0,17.0,-13.0
22200683,1610612740,NOP,New Orleans,1629637,Jaxson Hayes,Jaxson,,,17:28,6.0,8.0,0.75,0.0,2.0,0.0,2.0,3.0,0.667,2.0,4.0,6.0,1.0,0.0,0.0,0.0,3.0,14.0,-13.0
22200683,1610612740,NOP,New Orleans,1628984,Devonte' Graham,Devonte',,,12:36,1.0,4.0,0.25,1.0,3.0,0.333,0.0,0.0,0.0,0.0,0.0,0.0,1.0,0.0,0.0,0.0,0.0,3.0,-21.0
22200683,1610612740,NOP,New Orleans,1626195,Willy Hernangomez,Willy,,DNP - Coach's Decision,,,,,,,,,,,,,,,,,,,,
22200683,1610612740,NOP,New Orleans,1630184,Kira Lewis Jr.,Kira,,DNP - Coach's Decision,,,,,,,,,,,,,,,,,,,,
22200683,1610612740,NOP,New Orleans,202066,Garrett Temple,Garrett,,DNP - Coach's Decision,,,,,,,,,,,,,,,,,,,,
22200683,1610612753,ORL,Orlando,1630532,Franz Wagner,Franz,F,,32:22,10.0,16.0,0.625,5.0,7.0,0.714,5.0,5.0,1.0,1.0,5.0,6.0,9.0,0.0,0.0,2.0,2.0,30.0,21.0
22200683,1610612753,ORL,Orlando,1631094,Paolo Banchero,Paolo,F,,24:38,2.0,7.0,0.286,0.0,2.0,0.0,7.0,8.0,0.875,1.0,5.0,6.0,2.0,1.0,0.0,3.0,1.0,11.0,-15.0
22200683,1610612753,ORL,Orlando,1628976,Wendell Carter Jr.,Wendell,C,,24:21,1.0,8.0,0.125,0.0,2.0,0.0,0.0,0.0,0.0,1.0,8.0,9.0,2.0,0.0,0.0,1.0,3.0,2.0,-14.0
22200683,1610612753,ORL,Orlando,203914,Gary Harris,Gary,G,,26:58,5.0,8.0,0.625,4.0,6.0,0.667,1.0,2.0,0.5,0.0,2.0,2.0,1.0,0.0,0.0,1.0,2.0,15.0,-6.0
22200683,1610612753,ORL,Orlando,1628365,Markelle Fultz,Markelle,G,,23:43,3.0,8.0,0.375,0.0,0.0,0.0,3.0,4.0,0.75,0.0,2.0,2.0,3.0,0.0,1.0,2.0,0.0,9.0,-12.0
22200683,1610612753,ORL,Orlando,1630591,Jalen Suggs,Jalen,,,14:51,2.0,4.0,0.5,1.0,2.0,0.5,1.0,1.0,1.0,1.0,3.0,4.0,1.0,0.0,0.0,1.0,2.0,6.0,8.0
22200683,1610612753,ORL,Orlando,203082,Terrence Ross,Terrence,,,22:24,3.0,3.0,1.0,2.0,2.0,1.0,0.0,0.0,0.0,0.0,1.0,1.0,2.0,0.0,1.0,0.0,1.0,8.0,16.0
22200683,1610612753,ORL,Orlando,1630175,Cole Anthony,Cole,,,26:19,6.0,9.0,0.667,2.0,4.0,0.5,8.0,8.0,1.0,0.0,3.0,3.0,4.0,0.0,0.0,2.0,2.0,22.0,19.0
22200683,1610612753,ORL,Orlando,1629021,Moritz Wagner,Moritz,,,16:21,1.0,3.0,0.333,0.0,2.0,0.0,3.0,3.0,1.0,0.0,4.0,4.0,2.0,0.0,0.0,0.0,2.0,5.0,22.0
22200683,1610612753,ORL,Orlando,1629626,Bol Bol,Bol,,,20:07,5.0,7.0,0.714,0.0,1.0,0.0,2.0,3.0,0.667,1.0,4.0,5.0,1.0,1.0,2.0,2.0,1.0,12.0,21.0
22200683,1610612753,ORL,Orlando,1628964,Mo Bamba,Mo,,,7:01,1.0,2.0,0.5,1.0,2.0,0.5,0.0,0.0,0.0,0.0,0.0,0.0,1.0,0.0,1.0,0.0,2.0,3.0,6.0
22200683,1610612753,ORL,Orlando,1630181,R.J. Hampton,R.J.,,,0:55,0.0,0.0,0.0,0.0,0.0,0.0,0.0,0.0,0.0,0.0,0.0,0.0,0.0,0.0,0.0,0.0,0.0,0.0,-1.0
22200690,1610612763,MEM,Memphis,1628415,Dillon Brooks,Dillon,F,,30:37,4.0,17.0,0.235,1.0,4.0,0.25,0.0,0.0,0.0,2.0,4.0,6.0,3.0,1.0,0.0,1.0,6.0,9.0,-11.0
22200690,1610612763,MEM,Memphis,1628991,Jaren Jackson Jr.,Jaren,F,,33:01,3.0,8.0,0.375,1.0,4.0,0.25,5.0,6.0,0.833,1.0,5.0,6.0,0.0,1.0,4.0,3.0,5.0,12.0,-4.0
22200690,1610612763,MEM,Memphis,203500,Steven Adams,Steven,C,,25:48,6.0,7.0,0.857,0.0,0.0,0.0,4.0,9.0,0.444,8.0,9.0,17.0,2.0,0.0,1.0,1.0,2.0,16.0,-1.0
22200690,1610612763,MEM,Memphis,1630217,Desmond Bane,Desmond,G,,33:17,6.0,15.0,0.4,2.0,4.0,0.5,2.0,2.0,1.0,1.0,7.0,8.0,6.0,1.0,0.0,2.0,2.0,16.0,2.0
22200690,1610612763,MEM,Memphis,1629630,Ja Morant,Ja,G,,33:32,9.0,29.0,0.31,1.0,6.0,0.167,3.0,5.0,0.6,2.0,1.0,3.0,8.0,0.0,0.0,5.0,3.0,22.0,-6.0
22200690,1610612763,MEM,Memphis,1630583,Santi Aldama,Santi,,,14:59,1.0,4.0,0.25,0.0,2.0,0.0,2.0,4.0,0.5,2.0,3.0,5.0,0.0,1.0,0.0,1.0,1.0,4.0,3.0
22200690,1610612763,MEM,Memphis,1630533,Ziaire Williams,Ziaire,,,17:46,1.0,6.0,0.167,0.0,3.0,0.0,0.0,0.0,0.0,1.0,2.0,3.0,2.0,0.0,0.0,0.0,5.0,2.0,-2.0
22200690,1610612763,MEM,Memphis,1626145,Tyus Jones,Tyus,,,19:56,6.0,9.0,0.667,4.0,6.0,0.667,4.0,4.0,1.0,0.0,1.0,1.0,2.0,0.0,0.0,0.0,0.0,20.0,6.0
22200690,1610612763,MEM,Memphis,1629634,Brandon Clarke,Brandon,,,22:08,7.0,7.0,1.0,0.0,0.0,0.0,6.0,10.0,0.6,5.0,5.0,10.0,0.0,1.0,2.0,1.0,4.0,20.0,3.0
22200690,1610612763,MEM,Memphis,1629723,John Konchar,John,,,8:56,0.0,0.0,0.0,0.0,0.0,0.0,0.0,0.0,0.0,2.0,2.0,4.0,1.0,1.0,0.0,0.0,3.0,0.0,5.0
22200690,1610612763,MEM,Memphis,1631113,Kennedy Chandler,Kennedy,,DNP - Coach's Decision,,,,,,,,,,,,,,,,,,,,
22200690,1610612763,MEM,Memphis,1631222,Jake LaRavia,Jake,,DNP - Coach's Decision,,,,,,,,,,,,,,,,,,,,
22200690,1610612763,MEM,Memphis,1631223,David Roddy,David,,DNP - Coach's Decision,,,,,,,,,,,,,,,,,,,,
22200690,1610612763,MEM,Memphis,1630214,Xavier Tillman,Xavier,,DNP - Coach's Decision,,,,,,,,,,,,,,,,,,,,
22200690,1610612747,LAL,Los Angeles,1628972,Troy Brown Jr.,Troy,F,,28:02,3.0,12.0,0.25,3.0,10.0,0.3,2.0,2.0,1.0,0.0,5.0,5.0,1.0,0.0,1.0,0.0,1.0,11.0,2.0
22200690,1610612747,LAL,Los Angeles,2544,LeBron James,LeBron,F,,36:32,8.0,21.0,0.381,1.0,5.0,0.2,6.0,7.0,0.857,2.0,7.0,9.0,6.0,2.0,2.0,3.0,4.0,23.0,9.0
22200690,1610612747,LAL,Los Angeles,1628418,Thomas Bryant,Thomas,C,,21:46,3.0,8.0,0.375,0.0,3.0,0.0,2.0,2.0,1.0,3.0,4.0,7.0,1.0,1.0,1.0,0.0,5.0,8.0,7.0
22200690,1610612747,LAL,Los Angeles,201976,Patrick Beverley,Patrick,G,,22:32,3.0,6.0,0.5,2.0,5.0,0.4,2.0,2.0,1.0,0.0,1.0,1.0,0.0,1.0,0.0,0.0,2.0,10.0,-2.0
22200690,1610612747,LAL,Los Angeles,203471,Dennis Schröder,Dennis,G,,33:26,4.0,11.0,0.364,1.0,3.0,0.333,10.0,11.0,0.909,1.0,7.0,8.0,8.0,3.0,1.0,1.0,2.0,19.0,9.0
22200690,1610612747,LAL,Los Angeles,201566,Russell Westbrook,Russell,,,30:49,10.0,18.0,0.556,2.0,4.0,0.5,7.0,11.0,0.636,3.0,2.0,5.0,6.0,0.0,1.0,4.0,3.0,29.0,3.0
22200690,1610612747,LAL,Los Angeles,1629117,Wenyen Gabriel,Wenyen,,,21:52,2.0,5.0,0.4,0.0,1.0,0.0,1.0,2.0,0.5,1.0,4.0,5.0,0.0,0.0,0.0,0.0,4.0,5.0,-13.0
22200690,1610612747,LAL,Los Angeles,1629134,Kendrick Nunn,Kendrick,,,21:21,4.0,10.0,0.4,3.0,9.0,0.333,0.0,0.0,0.0,0.0,5.0,5.0,0.0,0.0,1.0,1.0,4.0,11.0,3.0
22200690,1610612747,LAL,Los Angeles,1629308,Juan Toscano-Anderson,Juan,,,9:37,0.0,1.0,0.0,0.0,0.0,0.0,3.0,4.0,0.75,0.0,1.0,1.0,1.0,0.0,0.0,0.0,1.0,3.0,0.0
22200690,1610612747,LAL,Los Angeles,1631108,Max Christie,Max,,,14:04,1.0,1.0,1.0,1.0,1.0,1.0,0.0,0.0,0.0,0.0,1.0,1.0,1.0,0.0,0.0,0.0,0.0,3.0,-13.0
22200690,1610612747,LAL,Los Angeles,1627745,Damian Jones,Damian,,DNP - Coach's Decision,,,,,,,,,,,,,,,,,,,,
22200690,1610612747,LAL,Los Angeles,1629022,Lonnie Walker IV,Lonnie,,DNP - Injury/Illness,,,,,,,,,,,,,,,,,,,,
22200682,1610612755,PHI,Philadelphia,202699,Tobias Harris,Tobias,F,,32:32,5.0,11.0,0.455,1.0,3.0,0.333,0.0,0.0,0.0,1.0,6.0,7.0,1.0,1.0,0.0,1.0,2.0,11.0,7.0
22200682,1610612755,PHI,Philadelphia,200782,P.J. Tucker,P.J.,F,,18:55,0.0,0.0,0.0,0.0,0.0,0.0,0.0,0.0,0.0,0.0,2.0,2.0,1.0,0.0,1.0,1.0,1.0,0.0,13.0
22200682,1610612755,PHI,Philadelphia,203954,Joel Embiid,Joel,C,,33:06,12.0,22.0,0.545,1.0,3.0,0.333,7.0,7.0,1.0,1.0,8.0,9.0,2.0,1.0,3.0,2.0,5.0,32.0,12.0
22200682,1610612755,PHI,Philadelphia,1629001,De'Anthony Melton,De'Anthony,G,,29:59,1.0,5.0,0.2,1.0,5.0,0.2,2.0,2.0,1.0,0.0,3.0,3.0,1.0,2.0,1.0,2.0,3.0,5.0,2.0
22200682,1610612755,PHI,Philadelphia,201935,James Harden,James,G,,33:49,6.0,11.0,0.545,1.0,4.0,0.25,3.0,4.0,0.75,0.0,10.0,10.0,14.0,0.0,0.0,5.0,3.0,16.0,3.0
22200682,1610612755,PHI,Philadelphia,1630178,Tyrese Maxey,Tyrese,,,28:34,7.0,12.0,0.583,1.0,4.0,0.25,0.0,0.0,0.0,0.0,2.0,2.0,2.0,1.0,0.0,0.0,0.0,15.0,-3.0
22200682,1610612755,PHI,Philadelphia,1627777,Georges Niang,Georges,,,17:13,3.0,6.0,0.5,3.0,6.0,0.5,0.0,0.0,0.0,0.0,2.0,2.0,1.0,0.0,0.0,0.0,1.0,9.0,8.0
22200682,1610612755,PHI,Philadelphia,1629680,Matisse Thybulle,Matisse,,,16:55,1.0,4.0,0.25,0.0,1.0,0.0,0.0,0.0,0.0,0.0,1.0,1.0,0.0,2.0,2.0,0.0,3.0,2.0,5.0
22200682,1610612755,PHI,Philadelphia,1629003,Shake Milton,Shake,,,14:11,4.0,7.0,0.571,0.0,0.0,0.0,2.0,2.0,1.0,0.0,1.0,1.0,2.0,0.0,0.0,0.0,0.0,10.0,7.0
22200682,1610612755,PHI,Philadelphia,1626149,Montrezl Harrell,Montrezl,,,14:45,2.0,3.0,0.667,0.0,0.0,0.0,1.0,4.0,0.25,3.0,3.0,6.0,0.0,1.0,1.0,1.0,5.0,5.0,-4.0
22200682,1610612755,PHI,Philadelphia,1627863,Danuel House Jr.,Danuel,,DNP - Coach's Decision,,,,,,,,,,,,,,,,,,,,
22200682,1610612755,PHI,Philadelphia,1627788,Furkan Korkmaz,Furkan,,DNP - Coach's Decision,,,,,,,,,,,,,,,,,,,,
22200682,1610612755,PHI,Philadelphia,1630194,Paul Reed,Paul,,DNP - Coach's Decision,,,,,,,,,,,,,,,,,,,,
22200682,1610612755,PHI,Philadelphia,1630531,Jaden Springer,Jaden,,DNP - Coach's Decision,,,,,,,,,,,,,,,,,,,,
22200682,1610612757,POR,Portland,1628404,Josh Hart,Josh,F,,34:45,2.0,6.0,0.333,1.0,2.0,0.5,3.0,6.0,0.5,3.0,4.0,7.0,2.0,0.0,0.0,1.0,4.0,8.0,-13.0
22200682,1610612757,POR,Portland,203924,Jerami Grant,Jerami,F,,39:19,8.0,14.0,0.571,2.0,6.0,0.333,6.0,6.0,1.0,0.0,5.0,5.0,0.0,0.0,0.0,2.0,2.0,24.0,-2.0
22200682,1610612757,POR,Portland,203994,Jusuf Nurkić,Jusuf,C,,23:51,2.0,10.0,0.2,0.0,3.0,0.0,0.0,0.0,0.0,5.0,6.0,11.0,0.0,1.0,0.0,1.0,5.0,4.0,-13.0
22200682,1610612757,POR,Portland,1629014,Anfernee Simons,Anfernee,G,,35:37,6.0,15.0,0.4,2.0,7.0,0.286,2.0,2.0,1.0,0.0,1.0,1.0,3.0,0.0,0.0,5.0,1.0,16.0,-11.0
22200682,1610612757,POR,Portland,203081,Damian Lillard,Damian,G,,39:53,6.0,21.0,0.286,3.0,13.0,0.231,10.0,10.0,1.0,1.0,5.0,6.0,11.0,2.0,2.0,6.0,1.0,25.0,-4.0
22200682,1610612757,POR,Portland,1629234,Drew Eubanks,Drew,,,24:09,3.0,5.0,0.6,0.0,1.0,0.0,0.0,2.0,0.0,1.0,5.0,6.0,2.0,1.0,1.0,0.0,2.0,6.0,3.0
22200682,1610612757,POR,Portland,1631101,Shaedon Sharpe,Shaedon,,,20:30,1.0,6.0,0.167,0.0,3.0,0.0,0.0,0.0,0.0,1.0,0.0,1.0,1.0,0.0,0.0,0.0,0.0,2.0,-5.0
22200682,1610612757,POR,Portland,1629642,Nassir Little,Nassir,,,17:01,4.0,7.0,0.571,1.0,2.0,0.5,1.0,3.0,0.333,1.0,5.0,6.0,0.0,0.0,0.0,0.0,0.0,10.0,2.0
22200682,1610612757,POR,Portland,1631133,Jabari Walker,Jabari,,,4:55,0.0,1.0,0.0,0.0,0.0,0.0,0.0,0.0,0.0,1.0,0.0,1.0,0.0,0.0,0.0,0.0,0.0,0.0,-7.0
22200682,1610612757,POR,Portland,1630535,Greg Brown III,Greg,,DNP - Coach's Decision,,,,,,,,,,,,,,,,,,,,
22200682,1610612757,POR,Portland,1630553,Keon Johnson,Keon,,DNP - Coach's Decision,,,,,,,,,,,,,,,,,,,,
22200682,1610612757,POR,Portland,1630570,Trendon Watford,Trendon,,DNP - Coach's Decision,,,,,,,,,,,,,,,,,,,,
22200678,1610612741,CHI,Chicago,201942,DeMar DeRozan,DeMar,F,,37:43,9.0,18.0,0.5,0.0,1.0,0.0,8.0,8.0,1.0,0.0,9.0,9.0,5.0,2.0,1.0,5.0,1.0,26.0,15.0
22200678,1610612741,CHI,Chicago,1630172,Patrick Williams,Patrick,F,,30:46,4.0,6.0,0.667,2.0,3.0,0.667,0.0,0.0,0.0,1.0,5.0,6.0,2.0,2.0,2.0,1.0,0.0,10.0,14.0
22200678,1610612741,CHI,Chicago,202696,Nikola Vučević,Nikola,C,,35:12,8.0,19.0,0.421,0.0,5.0,0.0,0.0,0.0,0.0,4.0,11.0,15.0,6.0,1.0,0.0,2.0,4.0,16.0,16.0
22200678,1610612741,CHI,Chicago,203897,Zach LaVine,Zach,G,,35:29,10.0,20.0,0.5,2.0,6.0,0.333,8.0,9.0,0.889,1.0,4.0,5.0,4.0,1.0,0.0,2.0,1.0,30.0,19.0
22200678,1610612741,CHI,Chicago,1630245,Ayo Dosunmu,Ayo,G,,25:15,6.0,8.0,0.75,1.0,3.0,0.333,0.0,0.0,0.0,1.0,2.0,3.0,1.0,0.0,0.0,3.0,3.0,13.0,17.0
22200678,1610612741,CHI,Chicago,1629632,Coby White,Coby,,,17:14,4.0,5.0,0.8,2.0,2.0,1.0,0.0,0.0,0.0,1.0,0.0,1.0,0.0,1.0,0.0,0.0,1.0,10.0,0.0
22200678,1610612741,CHI,Chicago,1627884,Derrick Jones Jr.,Derrick,,,16:32,5.0,6.0,0.833,0.0,1.0,0.0,2.0,3.0,0.667,1.0,1.0,2.0,0.0,0.0,2.0,1.0,4.0,12.0,3.0
22200678,1610612741,CHI,Chicago,1627936,Alex Caruso,Alex,,,22:25,1.0,4.0,0.25,0.0,1.0,0.0,0.0,0.0,0.0,1.0,2.0,3.0,3.0,4.0,3.0,0.0,2.0,2.0,9.0
22200678,1610612741,CHI,Chicago,201609,Goran Dragic,Goran,,,13:54,1.0,3.0,0.333,0.0,1.0,0.0,1.0,1.0,1.0,0.0,2.0,2.0,2.0,0.0,0.0,0.0,1.0,3.0,7.0
22200678,1610612741,CHI,Chicago,1630792,Malcolm Hill,Malcolm,,,1:06,0.0,0.0,0.0,0.0,0.0,0.0,0.0,0.0,0.0,0.0,0.0,0.0,0.0,0.0,0.0,0.0,0.0,0.0,-2.0
22200678,1610612741,CHI,Chicago,1631207,Dalen Terry,Dalen,,,1:06,1.0,1.0,1.0,0.0,0.0,0.0,0.0,0.0,0.0,1.0,1.0,2.0,0.0,0.0,0.0,0.0,0.0,2.0,-2.0
22200678,1610612741,CHI,Chicago,1630637,Carlik Jones,Carlik,,,1:06,1.0,1.0,1.0,0.0,0.0,0.0,0.0,0.0,0.0,0.0,0.0,0.0,0.0,0.0,0.0,0.0,0.0,2.0,-2.0
22200678,1610612741,CHI,Chicago,1630250,Marko Simonovic,Marko,,,1:06,0.0,0.0,0.0,0.0,0.0,0.0,0.0,0.0,0.0,0.0,0.0,0.0,0.0,0.0,0.0,0.0,0.0,0.0,-2.0
22200678,1610612741,CHI,Chicago,1628396,Tony Bradley,Tony,,,1:06,0.0,1.0,0.0,0.0,0.0,0.0,0.0,0.0,0.0,0.0,0.0,0.0,0.0,0.0,0.0,0.0,0.0,0.0,-2.0
22200678,1610612741,CHI,Chicago,203083,Andre Drummond,Andre,,DNP - Coach's Decision,,,,,,,,,,,,,,,,,,,,
22200678,1610612765,DET,Detroit,1630180,Saddiq Bey,Saddiq,F,,28:26,6.0,16.0,0.375,2.0,5.0,0.4,2.0,2.0,1.0,3.0,6.0,9.0,1.0,3.0,1.0,1.0,0.0,16.0,-13.0
22200678,1610612765,DET,Detroit,202711,Bojan Bogdanović,Bojan,F,,34:53,9.0,20.0,0.45,3.0,9.0,0.333,4.0,6.0,0.667,2.0,3.0,5.0,3.0,0.0,0.0,2.0,0.0,25.0,-13.0
22200678,1610612765,DET,Detroit,1630191,Isaiah Stewart,Isaiah,C,,29:47,1.0,10.0,0.1,0.0,4.0,0.0,5.0,6.0,0.833,6.0,5.0,11.0,2.0,0.0,0.0,0.0,2.0,7.0,-23.0
22200678,1610612765,DET,Detroit,1631093,Jaden Ivey,Jaden,G,,33:10,7.0,14.0,0.5,1.0,5.0,0.2,1.0,1.0,1.0,0.0,3.0,3.0,4.0,0.0,0.0,4.0,2.0,16.0,-13.0
22200678,1610612765,DET,Detroit,1630165,Killian Hayes,Killian,G,,31:18,2.0,13.0,0.154,0.0,6.0,0.0,0.0,0.0,0.0,0.0,1.0,1.0,8.0,2.0,0.0,4.0,4.0,4.0,-14.0
22200678,1610612765,DET,Detroit,202692,Alec Burks,Alec,,,20:42,1.0,8.0,0.125,0.0,3.0,0.0,4.0,4.0,1.0,2.0,1.0,3.0,3.0,0.0,0.0,0.0,0.0,6.0,-10.0
22200678,1610612765,DET,Detroit,1631105,Jalen Duren,Jalen,,,18:13,4.0,4.0,1.0,0.0,0.0,0.0,3.0,4.0,0.75,3.0,9.0,12.0,1.0,1.0,2.0,2.0,2.0,11.0,5.0
22200678,1610612765,DET,Detroit,1628977,Hamidou Diallo,Hamidou,,,21:23,7.0,8.0,0.875,0.0,0.0,0.0,3.0,4.0,0.75,0.0,3.0,3.0,1.0,1.0,0.0,2.0,1.0,17.0,1.0
22200678,1610612765,DET,Detroit,1630587,Isaiah Livers,Isaiah,,,22:08,2.0,4.0,0.5,2.0,2.0,1.0,0.0,0.0,0.0,1.0,1.0,2.0,2.0,0.0,0.0,0.0,4.0,6.0,-10.0
22200678,1610612765,DET,Detroit,1628995,Kevin Knox II,Kevin,,DNP - Coach's Decision,,,,,,,,,,,,,,,,,,,,
22200678,1610612765,DET,Detroit,203585,Rodney McGruder,Rodney,,DNP - Coach's Decision,,,,,,,,,,,,,,,,,,,,
22200678,1610612765,DET,Detroit,203457,Nerlens Noel,Nerlens,,DNP - Coach's Decision,,,,,,,,,,,,,,,,,,,,
22200680,1610612761,TOR,Toronto,1628384,OG Anunoby,OG,F,,35:36,5.0,11.0,0.455,3.0,7.0,0.429,2.0,2.0,1.0,1.0,7.0,8.0,0.0,1.0,1.0,3.0,3.0,15.0,0.0
22200680,1610612761,TOR,Toronto,1630567,Scottie Barnes,Scottie,F,,38:58,11.0,15.0,0.733,1.0,1.0,1.0,6.0,7.0,0.857,2.0,6.0,8.0,5.0,2.0,0.0,2.0,4.0,29.0,3.0
22200680,1610612761,TOR,Toronto,1627783,Pascal Siakam,Pascal,C,,40:35,6.0,16.0,0.375,0.0,0.0,0.0,1.0,2.0,0.5,1.0,6.0,7.0,9.0,0.0,1.0,4.0,2.0,13.0,0.0
22200680,1610612761,TOR,Toronto,1629018,Gary Trent Jr.,Gary,G,,36:26,6.0,15.0,0.4,2.0,8.0,0.25,4.0,5.0,0.8,0.0,2.0,2.0,0.0,2.0,1.0,2.0,2.0,18.0,-12.0
22200680,1610612761,TOR,Toronto,1627832,Fred VanVleet,Fred,G,,36:26,7.0,13.0,0.538,4.0,6.0,0.667,7.0,7.0,1.0,0.0,1.0,1.0,10.0,2.0,1.0,2.0,3.0,25.0,-12.0
22200680,1610612761,TOR,Toronto,1630173,Precious Achiuwa,Precious,,,20:48,5.0,8.0,0.625,1.0,1.0,1.0,0.0,4.0,0.0,3.0,1.0,4.0,1.0,0.0,2.0,0.0,2.0,11.0,2.0
22200680,1610612761,TOR,Toronto,1627823,Juancho Hernangomez,Juancho,,,12:29,1.0,3.0,0.333,0.0,2.0,0.0,0.0,0.0,0.0,0.0,4.0,4.0,0.0,1.0,0.0,1.0,1.0,2.0,-5.0
22200680,1610612761,TOR,Toronto,1630580,Joe Wieskamp,Joe,,,11:34,3.0,4.0,0.75,3.0,3.0,1.0,0.0,0.0,0.0,0.0,0.0,0.0,1.0,0.0,0.0,1.0,0.0,9.0,10.0
22200680,1610612761,TOR,Toronto,201152,Thaddeus Young,Thaddeus,,,7:08,2.0,2.0,1.0,0.0,0.0,0.0,0.0,0.0,0.0,1.0,3.0,4.0,0.0,0.0,0.0,1.0,2.0,4.0,4.0
22200680,1610612761,TOR,Toronto,203920,Khem Birch,Khem,,DNP - Coach's Decision,,,,,,,,,,,,,,,,,,,,
22200680,1610612761,TOR,Toronto,1628449,Chris Boucher,Chris,,DNP - Coach's Decision,,,,,,,,,,,,,,,,,,,,
22200680,1610612761,TOR,Toronto,1630288,Jeff Dowtin Jr.,Jeff,,DNP - Coach's Decision,,,,,,,,,,,,,,,,,,,,
22200680,1610612761,TOR,Toronto,1630201,Malachi Flynn,Malachi,,DNP - Coach's Decision,,,,,,,,,,,,,,,,,,,,
22200680,1610612761,TOR,Toronto,1631199,Ron Harper Jr.,Ron,,DNP - Coach's Decision,,,,,,,,,,,,,,,,,,,,
22200680,1610612761,TOR,Toronto,1631132,Christian Koloko,Christian,,DNP - Coach's Decision,,,,,,,,,,,,,,,,,,,,
22200680,1610612750,MIN,Minnesota,203937,Kyle Anderson,Kyle,F,,33:31,8.0,9.0,0.889,2.0,2.0,1.0,2.0,3.0,0.667,2.0,8.0,10.0,6.0,2.0,1.0,1.0,1.0,20.0,15.0
22200680,1610612750,MIN,Minnesota,1630183,Jaden McDaniels,Jaden,F,,37:17,7.0,14.0,0.5,4.0,7.0,0.571,0.0,0.0,0.0,3.0,4.0,7.0,1.0,1.0,1.0,0.0,4.0,18.0,5.0
22200680,1610612750,MIN,Minnesota,1629675,Naz Reid,Naz,C,,22:05,2.0,6.0,0.333,1.0,1.0,1.0,0.0,0.0,0.0,0.0,7.0,7.0,2.0,2.0,1.0,4.0,3.0,5.0,16.0
22200680,1610612750,MIN,Minnesota,1630162,Anthony Edwards,Anthony,G,,39:39,5.0,16.0,0.313,2.0,8.0,0.25,11.0,12.0,0.917,0.0,5.0,5.0,7.0,3.0,0.0,5.0,3.0,23.0,12.0
22200680,1610612750,MIN,Minnesota,1626156,D'Angelo Russell,D'Angelo,G,,33:48,8.0,15.0,0.533,5.0,10.0,0.5,4.0,4.0,1.0,1.0,0.0,1.0,6.0,2.0,1.0,4.0,2.0,25.0,2.0
22200680,1610612750,MIN,Minnesota,1630233,Nathan Knight,Nathan,,,8:37,3.0,5.0,0.6,0.0,0.0,0.0,2.0,2.0,1.0,2.0,2.0,4.0,0.0,0.0,0.0,0.0,1.0,8.0,-7.0
22200680,1610612750,MIN,Minnesota,1627752,Taurean Prince,Taurean,,,23:39,3.0,6.0,0.5,0.0,3.0,0.0,0.0,0.0,0.0,0.0,0.0,0.0,4.0,0.0,1.0,1.0,3.0,6.0,-23.0
22200680,1610612750,MIN,Minnesota,1629669,Jaylen Nowell,Jaylen,,,17:47,5.0,10.0,0.5,1.0,4.0,0.25,2.0,2.0,1.0,0.0,1.0,1.0,3.0,2.0,0.0,0.0,0.0,13.0,0.0
22200680,1610612750,MIN,Minnesota,1631111,Wendell Moore Jr.,Wendell,,,3:26,0.0,1.0,0.0,0.0,1.0,0.0,0.0,0.0,0.0,0.0,0.0,0.0,0.0,0.0,0.0,0.0,0.0,0.0,-6.0
22200680,1610612750,MIN,Minnesota,1630568,Luka Garza,Luka,,,14:23,3.0,5.0,0.6,1.0,2.0,0.5,0.0,0.0,0.0,0.0,1.0,1.0,0.0,0.0,0.0,0.0,3.0,7.0,-1.0
22200680,1610612750,MIN,Minnesota,1630346,Matt Ryan,Matt,,,5:49,1.0,2.0,0.5,1.0,2.0,0.5,0.0,0.0,0.0,0.0,1.0,1.0,2.0,0.0,0.0,0.0,0.0,3.0,-3.0
22200680,1610612750,MIN,Minnesota,1627854,Bryn Forbes,Bryn,,DNP - Coach's Decision,,,,,,,,,,,,,,,,,,,,
22200680,1610612750,MIN,Minnesota,1631169,Josh Minott,Josh,,DNP - Coach's Decision,,,,,,,,,,,,,,,,,,,,
22200681,1610612751,BKN,Brooklyn,203925,Joe Harris,Joe,F,,31:36,6.0,6.0,1.0,4.0,4.0,1.0,0.0,0.0,0.0,0.0,3.0,3.0,4.0,0.0,0.0,3.0,3.0,16.0,7.0
22200681,1610612751,BKN,Brooklyn,1626220,Royce O'Neale,Royce,F,,34:01,1.0,7.0,0.143,1.0,5.0,0.2,1.0,2.0,0.5,0.0,3.0,3.0,4.0,1.0,0.0,1.0,3.0,4.0,-2.0
22200681,1610612751,BKN,Brooklyn,1629651,Nic Claxton,Nic,C,,35:15,9.0,12.0,0.75,0.0,1.0,0.0,2.0,6.0,0.333,0.0,11.0,11.0,3.0,1.0,3.0,1.0,5.0,20.0,7.0
22200681,1610612751,BKN,Brooklyn,202681,Kyrie Irving,Kyrie,G,,38:31,11.0,27.0,0.407,2.0,8.0,0.25,6.0,6.0,1.0,0.0,7.0,7.0,7.0,4.0,2.0,1.0,4.0,30.0,-2.0
22200681,1610612751,BKN,Brooklyn,1627732,Ben Simmons,Ben,G,,18:06,3.0,4.0,0.75,0.0,0.0,0.0,1.0,3.0,0.333,1.0,3.0,4.0,6.0,0.0,0.0,4.0,5.0,7.0,-9.0
22200681,1610612751,BKN,Brooklyn,203933,T.J. Warren,T.J.,,,7:29,1.0,3.0,0.333,0.0,0.0,0.0,1.0,2.0,0.5,0.0,1.0,1.0,0.0,0.0,0.0,1.0,3.0,3.0,-5.0
22200681,1610612751,BKN,Brooklyn,203552,Seth Curry,Seth,,,36:20,6.0,10.0,0.6,4.0,5.0,0.8,0.0,0.0,0.0,0.0,2.0,2.0,2.0,1.0,0.0,1.0,4.0,16.0,1.0
22200681,1610612751,BKN,Brooklyn,1629139,Yuta Watanabe,Yuta,,,15:36,0.0,1.0,0.0,0.0,0.0,0.0,1.0,2.0,0.5,1.0,2.0,3.0,0.0,2.0,0.0,0.0,2.0,1.0,-9.0
22200681,1610612751,BKN,Brooklyn,1630560,Cam Thomas,Cam,,,13:10,6.0,11.0,0.545,0.0,2.0,0.0,3.0,4.0,0.75,0.0,0.0,0.0,0.0,0.0,0.0,0.0,2.0,15.0,-3.0
22200681,1610612751,BKN,Brooklyn,202693,Markieff Morris,Markieff,,,5:52,0.0,1.0,0.0,0.0,1.0,0.0,0.0,0.0,0.0,0.0,0.0,0.0,1.0,1.0,0.0,0.0,1.0,0.0,-4.0
22200681,1610612751,BKN,Brooklyn,1630549,Day'Ron Sharpe,Day'Ron,,,4:04,0.0,0.0,0.0,0.0,0.0,0.0,0.0,0.0,0.0,0.0,0.0,0.0,0.0,0.0,1.0,0.0,2.0,0.0,-6.0
22200681,1610612751,BKN,Brooklyn,201988,Patty Mills,Patty,,DNP - Coach's Decision,,,,,,,,,,,,,,,,,,,,
22200681,1610612751,BKN,Brooklyn,1628410,Edmond Sumner,Edmond,,DNP - Coach's Decision,,,,,,,,,,,,,,,,,,,,
22200681,1610612756,PHX,Phoenix,1628470,Torrey Craig,Torrey,F,,25:09,1.0,5.0,0.2,0.0,1.0,0.0,0.0,0.0,0.0,4.0,2.0,6.0,2.0,0.0,0.0,2.0,2.0,2.0,-1.0
22200681,1610612756,PHX,Phoenix,203967,Dario Šarić,Dario,F,,8:19,2.0,3.0,0.667,1.0,1.0,1.0,2.0,4.0,0.5,1.0,3.0,4.0,0.0,0.0,0.0,0.0,3.0,7.0,9.0
22200681,1610612756,PHX,Phoenix,1629028,Deandre Ayton,Deandre,C,,31:33,11.0,20.0,0.55,0.0,0.0,0.0,2.0,6.0,0.333,2.0,12.0,14.0,4.0,1.0,0.0,3.0,5.0,24.0,1.0
22200681,1610612756,PHX,Phoenix,1628969,Mikal Bridges,Mikal,G,,41:33,9.0,19.0,0.474,2.0,5.0,0.4,8.0,10.0,0.8,0.0,2.0,2.0,9.0,0.0,0.0,3.0,0.0,28.0,1.0
22200681,1610612756,PHX,Phoenix,1627814,Damion Lee,Damion,G,,37:36,4.0,7.0,0.571,3.0,5.0,0.6,5.0,6.0,0.833,0.0,3.0,3.0,2.0,0.0,0.0,4.0,3.0,16.0,3.0
22200681,1610612756,PHX,Phoenix,1630688,Ish Wainright,Ish,,,22:01,2.0,6.0,0.333,1.0,4.0,0.25,0.0,0.0,0.0,2.0,2.0,4.0,1.0,1.0,0.0,0.0,4.0,5.0,-2.0
22200681,1610612756,PHX,Phoenix,1630613,Duane Washington Jr.,Duane,,,6:22,0.0,4.0,0.0,0.0,2.0,0.0,0.0,0.0,0.0,0.0,1.0,1.0,3.0,0.0,0.0,1.0,1.0,0.0,7.0
22200681,1610612756,PHX,Phoenix,1629661,Cameron Johnson,Cameron,,,21:50,4.0,10.0,0.4,2.0,6.0,0.333,9.0,9.0,1.0,1.0,5.0,6.0,2.0,1.0,2.0,2.0,1.0,19.0,8.0
22200681,1610612756,PHX,Phoenix,202687,Bismack Biyombo,Bismack,,,16:10,0.0,0.0,0.0,0.0,0.0,0.0,1.0,4.0,0.25,1.0,5.0,6.0,1.0,0.0,1.0,0.0,2.0,1.0,5.0
22200681,1610612756,PHX,Phoenix,1630240,Saben Lee,Saben,,,29:27,6.0,11.0,0.545,2.0,4.0,0.5,1.0,2.0,0.5,1.0,2.0,3.0,6.0,1.0,0.0,1.0,2.0,15.0,-6.0
22200681,1610612756,PHX,Phoenix,1629111,Jock Landale,Jock,,DNP - Coach's Decision,,,,,,,,,,,,,,,,,,,,
22200672,1610612739,CLE,Cleveland,1630171,Isaac Okoro,Isaac,F,,33:31,6.0,6.0,1.0,4.0,4.0,1.0,1.0,2.0,0.5,0.0,3.0,3.0,1.0,0.0,2.0,1.0,2.0,17.0,5.0
22200672,1610612739,CLE,Cleveland,1630596,Evan Mobley,Evan,F,,38:52,9.0,15.0,0.6,0.0,1.0,0.0,0.0,2.0,0.0,4.0,11.0,15.0,3.0,1.0,2.0,6.0,2.0,18.0,2.0
22200672,1610612739,CLE,Cleveland,1628386,Jarrett Allen,Jarrett,C,,36:13,6.0,9.0,0.667,0.0,0.0,0.0,2.0,5.0,0.4,5.0,3.0,8.0,0.0,0.0,2.0,2.0,4.0,14.0,9.0
22200672,1610612739,CLE,Cleveland,1627747,Caris LeVert,Caris,G,,41:30,9.0,19.0,0.474,4.0,7.0,0.571,1.0,1.0,1.0,0.0,4.0,4.0,6.0,1.0,1.0,4.0,0.0,23.0,0.0
22200672,1610612739,CLE,Cleveland,1629636,Darius Garland,Darius,G,,38:43,7.0,17.0,0.412,5.0,11.0,0.455,5.0,6.0,0.833,0.0,5.0,5.0,14.0,2.0,0.0,2.0,3.0,24.0,10.0
22200672,1610612739,CLE,Cleveland,201567,Kevin Love,Kevin,,,9:09,1.0,6.0,0.167,1.0,5.0,0.2,3.0,3.0,1.0,0.0,1.0,1.0,0.0,0.0,0.0,0.0,0.0,6.0,-11.0
22200672,1610612739,CLE,Cleveland,201937,Ricky Rubio,Ricky,,,12:11,2.0,7.0,0.286,1.0,5.0,0.2,2.0,2.0,1.0,1.0,3.0,4.0,3.0,0.0,0.0,0.0,0.0,7.0,-4.0
22200672,1610612739,CLE,Cleveland,1630205,Lamar Stevens,Lamar,,,16:49,2.0,2.0,1.0,1.0,1.0,1.0,0.0,0.0,0.0,1.0,3.0,4.0,0.0,0.0,0.0,1.0,4.0,5.0,-3.0
22200672,1610612739,CLE,Cleveland,1626224,Cedi Osman,Cedi,,,6:11,0.0,1.0,0.0,0.0,1.0,0.0,0.0,0.0,0.0,0.0,1.0,1.0,1.0,0.0,0.0,0.0,1.0,0.0,-11.0
22200672,1610612739,CLE,Cleveland,203526,Raul Neto,Raul,,,6:51,0.0,0.0,0.0,0.0,0.0,0.0,0.0,0.0,0.0,0.0,2.0,2.0,1.0,0.0,0.0,0.0,1.0,0.0,-2.0
22200672,1610612739,CLE,Cleveland,1629603,Mamadi Diakite,Mamadi,,DNP - Coach's Decision,,,,,,,,,,,,,,,,,,,,
22200672,1610612739,CLE,Cleveland,201577,Robin Lopez,Robin,,DNP - Coach's Decision,,,,,,,,,,,,,,,,,,,,
22200672,1610612763,MEM,Memphis,1628415,Dillon Brooks,Dillon,F,,30:43,4.0,12.0,0.333,0.0,5.0,0.0,0.0,0.0,0.0,1.0,2.0,3.0,0.0,0.0,1.0,2.0,1.0,8.0,-4.0
22200672,1610612763,MEM,Memphis,1628991,Jaren Jackson Jr.,Jaren,F,,28:29,5.0,13.0,0.385,2.0,6.0,0.333,3.0,4.0,0.75,2.0,5.0,7.0,1.0,2.0,4.0,0.0,5.0,15.0,9.0
22200672,1610612763,MEM,Memphis,203500,Steven Adams,Steven,C,,28:27,6.0,8.0,0.75,0.0,0.0,0.0,1.0,2.0,0.5,5.0,5.0,10.0,4.0,1.0,0.0,1.0,3.0,13.0,-8.0
22200672,1610612763,MEM,Memphis,1630217,Desmond Bane,Desmond,G,,32:30,8.0,17.0,0.471,5.0,8.0,0.625,4.0,4.0,1.0,2.0,2.0,4.0,4.0,1.0,0.0,2.0,2.0,25.0,7.0
22200672,1610612763,MEM,Memphis,1629630,Ja Morant,Ja,G,,32:39,9.0,19.0,0.474,0.0,3.0,0.0,6.0,9.0,0.667,0.0,2.0,2.0,8.0,1.0,0.0,1.0,1.0,24.0,-13.0
22200672,1610612763,MEM,Memphis,1630533,Ziaire Williams,Ziaire,,,16:39,1.0,3.0,0.333,0.0,1.0,0.0,1.0,2.0,0.5,0.0,0.0,0.0,1.0,0.0,0.0,0.0,1.0,3.0,-8.0
22200672,1610612763,MEM,Memphis,1630583,Santi Aldama,Santi,,,19:31,6.0,8.0,0.75,4.0,6.0,0.667,0.0,0.0,0.0,0.0,2.0,2.0,0.0,1.0,1.0,1.0,1.0,16.0,-8.0
22200672,1610612763,MEM,Memphis,1626145,Tyus Jones,Tyus,,,18:07,1.0,6.0,0.167,0.0,3.0,0.0,0.0,0.0,0.0,1.0,2.0,3.0,2.0,1.0,0.0,0.0,1.0,2.0,8.0
22200672,1610612763,MEM,Memphis,1629634,Brandon Clarke,Brandon,,,19:33,3.0,7.0,0.429,0.0,0.0,0.0,1.0,1.0,1.0,4.0,3.0,7.0,1.0,3.0,1.0,0.0,3.0,7.0,9.0
22200672,1610612763,MEM,Memphis,1629723,John Konchar,John,,,13:22,1.0,4.0,0.25,0.0,2.0,0.0,0.0,0.0,0.0,0.0,4.0,4.0,1.0,0.0,0.0,1.0,1.0,2.0,13.0
22200672,1610612763,MEM,Memphis,1631113,Kennedy Chandler,Kennedy,,DNP - Coach's Decision,,,,,,,,,,,,,,,,,,,,
22200672,1610612763,MEM,Memphis,1630214,Xavier Tillman,Xavier,,DNP - Coach's Decision,,,,,,,,,,,,,,,,,,,,
22200672,1610612763,MEM,Memphis,1631246,Vince Williams Jr.,Vince,,DNP - Coach's Decision,,,,,,,,,,,,,,,,,,,,
22200670,1610612737,ATL,Atlanta,1629631,De'Andre Hunter,De'Andre,F,,25:12,4.0,9.0,0.444,1.0,3.0,0.333,2.0,2.0,1.0,0.0,2.0,2.0,2.0,0.0,0.0,2.0,5.0,11.0,7.0
22200670,1610612737,ATL,Atlanta,1628381,John Collins,John,F,,33:57,8.0,14.0,0.571,3.0,5.0,0.6,0.0,0.0,0.0,0.0,5.0,5.0,3.0,0.0,2.0,1.0,4.0,19.0,2.0
22200670,1610612737,ATL,Atlanta,1630168,Onyeka Okongwu,Onyeka,C,,24:54,4.0,6.0,0.667,0.0,0.0,0.0,3.0,4.0,0.75,2.0,3.0,5.0,1.0,0.0,1.0,3.0,4.0,11.0,-4.0
22200670,1610612737,ATL,Atlanta,1627749,Dejounte Murray,Dejounte,G,,37:37,12.0,18.0,0.667,4.0,6.0,0.667,2.0,2.0,1.0,1.0,6.0,7.0,4.0,1.0,0.0,1.0,4.0,30.0,7.0
22200670,1610612737,ATL,Atlanta,1629027,Trae Young,Trae,G,,34:52,5.0,11.0,0.455,0.0,1.0,0.0,8.0,8.0,1.0,0.0,4.0,4.0,12.0,3.0,0.0,4.0,0.0,18.0,0.0
22200670,1610612737,ATL,Atlanta,203992,Bogdan Bogdanović,Bogdan,,,32:36,5.0,13.0,0.385,2.0,8.0,0.25,0.0,0.0,0.0,1.0,2.0,3.0,5.0,1.0,0.0,1.0,3.0,12.0,6.0
22200670,1610612737,ATL,Atlanta,203991,Clint Capela,Clint,,,22:55,7.0,10.0,0.7,0.0,0.0,0.0,2.0,2.0,1.0,3.0,3.0,6.0,0.0,1.0,1.0,0.0,1.0,16.0,10.0
22200670,1610612737,ATL,Atlanta,1631100,AJ Griffin,AJ,,,22:25,3.0,4.0,0.75,2.0,2.0,1.0,2.0,2.0,1.0,0.0,2.0,2.0,0.0,0.0,0.0,0.0,2.0,10.0,10.0
22200670,1610612737,ATL,Atlanta,1630552,Jalen Johnson,Jalen,,,5:32,1.0,1.0,1.0,1.0,1.0,1.0,0.0,0.0,0.0,0.0,1.0,1.0,1.0,1.0,0.0,0.0,0.0,3.0,2.0
22200670,1610612737,ATL,Atlanta,202324,Derrick Favors,Derrick,,DNP - Coach's Decision,,,,,,,,,,,,,,,,,,,,
22200670,1610612737,ATL,Atlanta,1628988,Aaron Holiday,Aaron,,DNP - Coach's Decision,,,,,,,,,,,,,,,,,,,,
22200670,1610612737,ATL,Atlanta,203200,Justin Holiday,Justin,,DNP - Coach's Decision,,,,,,,,,,,,,,,,,,,,
22200670,1610612737,ATL,Atlanta,1626163,Frank Kaminsky,Frank,,DNP - Coach's Decision,,,,,,,,,,,,,,,,,,,,
22200670,1610612737,ATL,Atlanta,1630249,Vít Krejčí,Vít,,DNP - Coach's Decision,,,,,,,,,,,,,,,,,,,,
22200670,1610612737,ATL,Atlanta,1631213,Tyrese Martin,Tyrese,,DNP - Coach's Decision,,,,,,,,,,,,,,,,,,,,
22200670,1610612742,DAL,Dallas,1627827,Dorian Finney-Smith,Dorian,F,,34:44,3.0,9.0,0.333,1.0,6.0,0.167,2.0,2.0,1.0,6.0,3.0,9.0,3.0,0.0,0.0,1.0,1.0,9.0,-1.0
22200670,1610612742,DAL,Dallas,1626174,Christian Wood,Christian,F,,35:07,9.0,17.0,0.529,3.0,7.0,0.429,1.0,1.0,1.0,1.0,8.0,9.0,4.0,1.0,2.0,1.0,5.0,22.0,1.0
22200670,1610612742,DAL,Dallas,203939,Dwight Powell,Dwight,C,,21:49,2.0,2.0,1.0,0.0,0.0,0.0,2.0,2.0,1.0,1.0,1.0,2.0,1.0,0.0,0.0,0.0,2.0,6.0,-2.0
22200670,1610612742,DAL,Dallas,203915,Spencer Dinwiddie,Spencer,G,,39:25,8.0,18.0,0.444,4.0,10.0,0.4,0.0,2.0,0.0,1.0,3.0,4.0,7.0,2.0,0.0,3.0,1.0,20.0,-5.0
22200670,1610612742,DAL,Dallas,1629029,Luka Dončić,Luka,G,,39:28,9.0,19.0,0.474,2.0,8.0,0.25,10.0,12.0,0.833,0.0,4.0,4.0,8.0,0.0,0.0,7.0,3.0,30.0,-5.0
22200670,1610612742,DAL,Dallas,203493,Reggie Bullock Jr.,Reggie,,,35:37,7.0,11.0,0.636,4.0,7.0,0.571,0.0,0.0,0.0,0.0,2.0,2.0,2.0,1.0,0.0,1.0,5.0,18.0,-17.0
22200670,1610612742,DAL,Dallas,1630182,Josh Green,Josh,,,20:07,3.0,3.0,1.0,1.0,1.0,1.0,2.0,4.0,0.5,1.0,0.0,1.0,1.0,1.0,0.0,1.0,1.0,9.0,-11.0
22200670,1610612742,DAL,Dallas,202722,Dāvis Bertāns,Dāvis,,,6:14,1.0,2.0,0.5,1.0,2.0,0.5,0.0,0.0,0.0,0.0,0.0,0.0,0.0,0.0,0.0,0.0,0.0,3.0,-3.0
22200670,1610612742,DAL,Dallas,201580,JaVale McGee,JaVale,,,3:09,1.0,1.0,1.0,0.0,0.0,0.0,1.0,1.0,1.0,0.0,0.0,0.0,0.0,0.0,0.0,2.0,1.0,3.0,0.0
22200670,1610612742,DAL,Dallas,1630702,Jaden Hardy,Jaden,,,4:21,1.0,2.0,0.5,0.0,1.0,0.0,0.0,0.0,0.0,0.0,0.0,0.0,0.0,0.0,1.0,0.0,0.0,2.0,3.0
22200670,1610612742,DAL,Dallas,1630639,A.J. Lawson,A.J.,,DNP - Coach's Decision,,,,,,,,,,,,,,,,,,,,
22200670,1610612742,DAL,Dallas,1628373,Frank Ntilikina,Frank,,DNP - Coach's Decision,,,,,,,,,,,,,,,,,,,,
22200670,1610612742,DAL,Dallas,1629033,Theo Pinson,Theo,,DNP - Coach's Decision,,,,,,,,,,,,,,,,,,,,
22200676,1610612750,MIN,Minnesota,1630183,Jaden McDaniels,Jaden,F,,33:56,7.0,10.0,0.7,2.0,3.0,0.667,2.0,2.0,1.0,1.0,2.0,3.0,2.0,0.0,3.0,3.0,3.0,18.0,-1.0
22200676,1610612750,MIN,Minnesota,203937,Kyle Anderson,Kyle,F,,34:29,6.0,10.0,0.6,1.0,1.0,1.0,0.0,2.0,0.0,2.0,9.0,11.0,8.0,4.0,1.0,2.0,3.0,13.0,-12.0
22200676,1610612750,MIN,Minnesota,1629675,Naz Reid,Naz,C,,25:57,4.0,9.0,0.444,0.0,5.0,0.0,9.0,10.0,0.9,1.0,2.0,3.0,2.0,0.0,3.0,3.0,5.0,17.0,2.0
22200676,1610612750,MIN,Minnesota,1630162,Anthony Edwards,Anthony,G,,37:11,7.0,17.0,0.412,0.0,4.0,0.0,2.0,3.0,0.667,4.0,5.0,9.0,3.0,1.0,1.0,3.0,0.0,16.0,-12.0
22200676,1610612750,MIN,Minnesota,1626156,D'Angelo Russell,D'Angelo,G,,31:44,4.0,8.0,0.5,3.0,6.0,0.5,2.0,2.0,1.0,0.0,0.0,0.0,7.0,0.0,0.0,4.0,1.0,13.0,-4.0
22200676,1610612750,MIN,Minnesota,1627752,Taurean Prince,Taurean,,,31:36,5.0,9.0,0.556,2.0,4.0,0.5,2.0,2.0,1.0,1.0,3.0,4.0,1.0,1.0,1.0,1.0,2.0,14.0,5.0
22200676,1610612750,MIN,Minnesota,1631111,Wendell Moore Jr.,Wendell,,,9:11,0.0,1.0,0.0,0.0,0.0,0.0,0.0,0.0,0.0,0.0,1.0,1.0,1.0,0.0,1.0,0.0,1.0,0.0,-6.0
22200676,1610612750,MIN,Minnesota,1630568,Luka Garza,Luka,,,17:24,4.0,9.0,0.444,3.0,5.0,0.6,5.0,6.0,0.833,3.0,1.0,4.0,0.0,0.0,0.0,0.0,3.0,16.0,-3.0
22200676,1610612750,MIN,Minnesota,1629669,Jaylen Nowell,Jaylen,,,14:13,4.0,6.0,0.667,1.0,3.0,0.333,0.0,0.0,0.0,0.0,0.0,0.0,2.0,0.0,0.0,0.0,5.0,9.0,14.0
22200676,1610612750,MIN,Minnesota,1630233,Nathan Knight,Nathan,,,4:19,1.0,2.0,0.5,0.0,1.0,0.0,0.0,1.0,0.0,0.0,1.0,1.0,0.0,0.0,0.0,1.0,4.0,2.0,-3.0
22200676,1610612750,MIN,Minnesota,1627854,Bryn Forbes,Bryn,,DNP - Coach's Decision,,,,,,,,,,,,,,,,,,,,
22200676,1610612750,MIN,Minnesota,1631169,Josh Minott,Josh,,DNP - Coach's Decision,,,,,,,,,,,,,,,,,,,,
22200676,1610612750,MIN,Minnesota,1630346,Matt Ryan,Matt,,DNP - Coach's Decision,,,,,,,,,,,,,,,,,,,,
22200676,1610612743,DEN,Denver,1629008,Michael Porter Jr.,Michael,F,,22:13,1.0,6.0,0.167,0.0,3.0,0.0,2.0,2.0,1.0,0.0,6.0,6.0,0.0,1.0,1.0,2.0,1.0,4.0,-3.0
22200676,1610612743,DEN,Denver,203932,Aaron Gordon,Aaron,F,,29:04,5.0,9.0,0.556,1.0,4.0,0.25,1.0,2.0,0.5,2.0,1.0,3.0,1.0,0.0,1.0,2.0,4.0,12.0,10.0
22200676,1610612743,DEN,Denver,203999,Nikola Jokić,Nikola,C,,31:12,12.0,20.0,0.6,0.0,0.0,0.0,7.0,7.0,1.0,4.0,7.0,11.0,13.0,1.0,0.0,3.0,5.0,31.0,21.0
22200676,1610612743,DEN,Denver,203484,Kentavious Caldwell-Pope,Kentavious,G,,34:50,4.0,6.0,0.667,2.0,2.0,1.0,1.0,2.0,0.5,0.0,1.0,1.0,2.0,3.0,0.0,1.0,1.0,11.0,18.0
22200676,1610612743,DEN,Denver,1627750,Jamal Murray,Jamal,G,,33:18,10.0,18.0,0.556,2.0,5.0,0.4,6.0,6.0,1.0,0.0,2.0,2.0,4.0,2.0,0.0,1.0,0.0,28.0,-13.0
22200676,1610612743,DEN,Denver,1628971,Bruce Brown,Bruce,,,32:38,7.0,11.0,0.636,1.0,1.0,1.0,1.0,5.0,0.2,1.0,4.0,5.0,4.0,0.0,0.0,1.0,4.0,16.0,10.0
22200676,1610612743,DEN,Denver,1628427,Vlatko Čančar,Vlatko,,,15:59,1.0,4.0,0.25,0.0,1.0,0.0,2.0,2.0,1.0,0.0,2.0,2.0,1.0,1.0,0.0,1.0,2.0,4.0,-5.0
22200676,1610612743,DEN,Denver,1630538,Bones Hyland,Bones,,,18:31,2.0,5.0,0.4,1.0,3.0,0.333,4.0,4.0,1.0,0.0,1.0,1.0,2.0,0.0,0.0,1.0,0.0,9.0,-2.0
22200676,1610612743,DEN,Denver,1630192,Zeke Nnaji,Zeke,,,16:02,3.0,4.0,0.75,1.0,1.0,1.0,0.0,2.0,0.0,0.0,0.0,0.0,0.0,0.0,0.0,1.0,2.0,7.0,-13.0
22200676,1610612743,DEN,Denver,1631128,Christian Braun,Christian,,,6:13,0.0,2.0,0.0,0.0,1.0,0.0,0.0,0.0,0.0,1.0,2.0,3.0,0.0,2.0,0.0,1.0,0.0,0.0,-3.0
22200676,1610612743,DEN,Denver,201599,DeAndre Jordan,DeAndre,,DNP - Coach's Decision,,,,,,,,,,,,,,,,,,,,
22200676,1610612743,DEN,Denver,1628432,Davon Reed,Davon,,DNP - Coach's Decision,,,,,,,,,,,,,,,,,,,,
22200676,1610612743,DEN,Denver,202397,Ish Smith,Ish,,DNP - Coach's Decision,,,,,,,,,,,,,,,,,,,,
22200676,1610612743,DEN,Denver,1631298,Jack White,Jack,,DNP - Coach's Decision,,,,,,,,,,,,,,,,,,,,
22200673,1610612748,MIA,Miami,202710,Jimmy Butler III,Jimmy,F,,26:34,8.0,13.0,0.615,0.0,1.0,0.0,2.0,3.0,0.667,1.0,2.0,3.0,7.0,0.0,0.0,2.0,1.0,18.0,16.0
22200673,1610612748,MIA,Miami,1628997,Caleb Martin,Caleb,F,,35:08,3.0,7.0,0.429,2.0,4.0,0.5,2.0,2.0,1.0,0.0,3.0,3.0,0.0,3.0,0.0,2.0,1.0,10.0,23.0
22200673,1610612748,MIA,Miami,1628389,Bam Adebayo,Bam,C,,30:34,11.0,15.0,0.733,0.0,0.0,0.0,4.0,6.0,0.667,3.0,5.0,8.0,1.0,2.0,1.0,2.0,2.0,26.0,16.0
22200673,1610612748,MIA,Miami,1629639,Tyler Herro,Tyler,G,,24:20,6.0,13.0,0.462,0.0,7.0,0.0,2.0,2.0,1.0,0.0,4.0,4.0,7.0,2.0,0.0,1.0,0.0,14.0,17.0
22200673,1610612748,MIA,Miami,200768,Kyle Lowry,Kyle,G,,22:01,3.0,5.0,0.6,1.0,3.0,0.333,0.0,1.0,0.0,2.0,6.0,8.0,4.0,1.0,0.0,1.0,1.0,7.0,15.0
22200673,1610612748,MIA,Miami,203506,Victor Oladipo,Victor,,,25:25,3.0,6.0,0.5,1.0,2.0,0.5,0.0,0.0,0.0,0.0,5.0,5.0,4.0,0.0,1.0,0.0,3.0,7.0,13.0
22200673,1610612748,MIA,Miami,1631115,Orlando Robinson,Orlando,,,17:26,4.0,7.0,0.571,0.0,0.0,0.0,2.0,2.0,1.0,2.0,2.0,4.0,1.0,2.0,0.0,0.0,5.0,10.0,10.0
22200673,1610612748,MIA,Miami,1629216,Gabe Vincent,Gabe,,,25:59,6.0,14.0,0.429,4.0,8.0,0.5,0.0,0.0,0.0,0.0,5.0,5.0,3.0,0.0,0.0,0.0,2.0,16.0,11.0
22200673,1610612748,MIA,Miami,1629622,Max Strus,Max,,,26:53,6.0,13.0,0.462,4.0,10.0,0.4,0.0,0.0,0.0,1.0,1.0,2.0,10.0,0.0,0.0,1.0,2.0,16.0,11.0
22200673,1610612748,MIA,Miami,1629312,Haywood Highsmith,Haywood,,,5:40,0.0,1.0,0.0,0.0,0.0,0.0,0.0,0.0,0.0,1.0,0.0,1.0,0.0,1.0,0.0,0.0,0.0,0.0,-2.0
22200673,1610612748,MIA,Miami,203473,Dewayne Dedmon,Dewayne,,DNP - Coach's Decision,,,,,,,,,,,,,,,,,,,,
22200673,1610612748,MIA,Miami,2617,Udonis Haslem,Udonis,,DNP - Coach's Decision,,,,,,,,,,,,,,,,,,,,
22200673,1610612740,NOP,New Orleans,1630230,Naji Marshall,Naji,F,,31:53,4.0,13.0,0.308,1.0,5.0,0.2,3.0,3.0,1.0,0.0,5.0,5.0,4.0,0.0,0.0,1.0,1.0,12.0,-16.0
22200673,1610612740,NOP,New Orleans,1630530,Trey Murphy III,Trey,F,,28:45,2.0,9.0,0.222,1.0,6.0,0.167,0.0,0.0,0.0,0.0,3.0,3.0,3.0,2.0,0.0,1.0,0.0,5.0,-21.0
22200673,1610612740,NOP,New Orleans,202685,Jonas Valančiūnas,Jonas,C,,25:00,8.0,11.0,0.727,0.0,0.0,0.0,2.0,3.0,0.667,4.0,6.0,10.0,0.0,0.0,0.0,4.0,3.0,18.0,-21.0
22200673,1610612740,NOP,New Orleans,203468,CJ McCollum,CJ,G,,31:02,8.0,17.0,0.471,5.0,9.0,0.556,0.0,0.0,0.0,0.0,2.0,2.0,4.0,1.0,1.0,3.0,5.0,21.0,-18.0
22200673,1610612740,NOP,New Orleans,1630700,Dyson Daniels,Dyson,G,,33:24,4.0,8.0,0.5,0.0,1.0,0.0,1.0,1.0,1.0,1.0,5.0,6.0,3.0,1.0,0.0,5.0,2.0,9.0,-21.0
22200673,1610612740,NOP,New Orleans,1630631,Jose Alvarado,Jose,,,24:41,4.0,9.0,0.444,3.0,5.0,0.6,0.0,0.0,0.0,0.0,1.0,1.0,1.0,0.0,2.0,1.0,1.0,11.0,-17.0
22200673,1610612740,NOP,New Orleans,1626195,Willy Hernangomez,Willy,,,11:04,2.0,3.0,0.667,0.0,0.0,0.0,3.0,5.0,0.6,2.0,1.0,3.0,2.0,1.0,0.0,1.0,1.0,7.0,1.0
22200673,1610612740,NOP,New Orleans,1626204,Larry Nance Jr.,Larry,,,17:20,1.0,2.0,0.5,0.0,0.0,0.0,0.0,2.0,0.0,1.0,1.0,2.0,6.0,0.0,0.0,0.0,0.0,2.0,-7.0
22200673,1610612740,NOP,New Orleans,1628984,Devonte' Graham,Devonte',,,19:51,2.0,3.0,0.667,2.0,2.0,1.0,0.0,2.0,0.0,0.0,3.0,3.0,3.0,0.0,0.0,1.0,3.0,6.0,-16.0
22200673,1610612740,NOP,New Orleans,1629637,Jaxson Hayes,Jaxson,,,5:40,1.0,3.0,0.333,0.0,1.0,0.0,2.0,2.0,1.0,1.0,1.0,2.0,0.0,0.0,0.0,0.0,0.0,4.0,2.0
22200673,1610612740,NOP,New Orleans,202066,Garrett Temple,Garrett,,,5:40,0.0,1.0,0.0,0.0,0.0,0.0,0.0,0.0,0.0,0.0,1.0,1.0,0.0,0.0,0.0,0.0,1.0,0.0,2.0
22200673,1610612740,NOP,New Orleans,1630184,Kira Lewis Jr.,Kira,,,5:40,1.0,1.0,1.0,1.0,1.0,1.0,0.0,0.0,0.0,0.0,0.0,0.0,1.0,0.0,0.0,1.0,0.0,3.0,2.0
22200669,1610612764,WAS,Washington,1628398,Kyle Kuzma,Kyle,F,,36:22,11.0,24.0,0.458,4.0,12.0,0.333,1.0,3.0,0.333,3.0,10.0,13.0,7.0,1.0,1.0,4.0,3.0,27.0,20.0
22200669,1610612764,WAS,Washington,204001,Kristaps Porziņģis,Kristaps,F,,32:52,6.0,17.0,0.353,4.0,9.0,0.444,6.0,6.0,1.0,5.0,6.0,11.0,5.0,0.0,2.0,3.0,6.0,22.0,8.0
22200669,1610612764,WAS,Washington,1629655,Daniel Gafford,Daniel,C,,17:24,3.0,4.0,0.75,0.0,0.0,0.0,0.0,0.0,0.0,1.0,1.0,2.0,0.0,1.0,1.0,2.0,2.0,6.0,18.0
22200669,1610612764,WAS,Washington,203078,Bradley Beal,Bradley,G,,28:39,7.0,11.0,0.636,1.0,1.0,1.0,3.0,3.0,1.0,1.0,3.0,4.0,4.0,0.0,1.0,2.0,0.0,18.0,11.0
22200669,1610612764,WAS,Washington,1628420,Monté Morris,Monté,G,,30:46,5.0,10.0,0.5,3.0,6.0,0.5,0.0,0.0,0.0,2.0,5.0,7.0,5.0,0.0,1.0,0.0,3.0,13.0,17.0
22200669,1610612764,WAS,Washington,1630557,Corey Kispert,Corey,,,14:46,1.0,2.0,0.5,1.0,2.0,0.5,2.0,2.0,1.0,0.0,1.0,1.0,1.0,0.0,0.0,0.0,0.0,5.0,-4.0
22200669,1610612764,WAS,Washington,1629060,Rui Hachimura,Rui,,,19:43,0.0,7.0,0.0,0.0,6.0,0.0,0.0,0.0,0.0,0.0,1.0,1.0,1.0,0.0,0.0,1.0,3.0,0.0,-6.0
22200669,1610612764,WAS,Washington,1626153,Delon Wright,Delon,,,21:52,3.0,8.0,0.375,1.0,3.0,0.333,4.0,4.0,1.0,2.0,3.0,5.0,4.0,2.0,2.0,1.0,1.0,11.0,2.0
22200669,1610612764,WAS,Washington,1630166,Deni Avdija,Deni,,,29:05,6.0,11.0,0.545,2.0,3.0,0.667,0.0,1.0,0.0,3.0,4.0,7.0,1.0,1.0,1.0,0.0,3.0,14.0,-11.0
22200669,1610612764,WAS,Washington,201959,Taj Gibson,Taj,,,8:31,0.0,1.0,0.0,0.0,0.0,0.0,0.0,0.0,0.0,1.0,0.0,1.0,0.0,0.0,0.0,0.0,2.0,0.0,0.0
22200669,1610612764,WAS,Washington,203115,Will Barton,Will,,DNP - Coach's Decision,,,,,,,,,,,,,,,,,,,,
22200669,1610612764,WAS,Washington,1630264,Anthony Gill,Anthony,,DNP - Coach's Decision,,,,,,,,,,,,,,,,,,,,
22200669,1610612764,WAS,Washington,1630692,Jordan Goodwin,Jordan,,DNP - Coach's Decision,,,,,,,,,,,,,,,,,,,,
22200669,1610612752,NYK,New York,1629628,RJ Barrett,RJ,F,,37:43,9.0,21.0,0.429,0.0,4.0,0.0,3.0,4.0,0.75,1.0,6.0,7.0,2.0,1.0,0.0,4.0,3.0,21.0,-15.0
22200669,1610612752,NYK,New York,203944,Julius Randle,Julius,F,,34:04,6.0,17.0,0.353,0.0,5.0,0.0,2.0,5.0,0.4,7.0,8.0,15.0,4.0,1.0,0.0,2.0,5.0,14.0,-11.0
22200669,1610612752,NYK,New York,1629011,Mitchell Robinson,Mitchell,C,,9:04,0.0,0.0,0.0,0.0,0.0,0.0,0.0,4.0,0.0,2.0,0.0,2.0,0.0,2.0,2.0,0.0,0.0,0.0,-12.0
22200669,1610612752,NYK,New York,1628973,Jalen Brunson,Jalen,G,,37:54,11.0,24.0,0.458,2.0,3.0,0.667,8.0,8.0,1.0,1.0,2.0,3.0,4.0,2.0,0.0,1.0,1.0,32.0,-12.0
22200669,1610612752,NYK,New York,1629656,Quentin Grimes,Quentin,G,,31:17,5.0,10.0,0.5,3.0,7.0,0.429,1.0,2.0,0.5,1.0,1.0,2.0,1.0,1.0,0.0,1.0,0.0,14.0,-12.0
22200669,1610612752,NYK,New York,1630193,Immanuel Quickley,Immanuel,,,31:44,6.0,13.0,0.462,2.0,6.0,0.333,4.0,4.0,1.0,1.0,4.0,5.0,0.0,1.0,0.0,1.0,4.0,18.0,9.0
22200669,1610612752,NYK,New York,1628392,Isaiah Hartenstein,Isaiah,,,12:49,2.0,6.0,0.333,0.0,0.0,0.0,0.0,0.0,0.0,3.0,1.0,4.0,0.0,0.0,0.0,0.0,1.0,4.0,-7.0
22200669,1610612752,NYK,New York,1630167,Obi Toppin,Obi,,,13:56,0.0,1.0,0.0,0.0,0.0,0.0,0.0,0.0,0.0,1.0,4.0,5.0,0.0,0.0,0.0,0.0,0.0,0.0,0.0
22200669,1610612752,NYK,New York,1630540,Miles McBride,Miles,,,10:34,0.0,2.0,0.0,0.0,1.0,0.0,0.0,0.0,0.0,1.0,1.0,2.0,1.0,1.0,0.0,0.0,0.0,0.0,1.0
22200669,1610612752,NYK,New York,1630579,Jericho Sims,Jericho,,,20:55,1.0,2.0,0.5,0.0,0.0,0.0,0.0,0.0,0.0,2.0,2.0,4.0,2.0,0.0,2.0,0.0,6.0,2.0,4.0
22200669,1610612752,NYK,New York,1627853,Ryan Arcidiacono,Ryan,,DNP - Coach's Decision,,,,,,,,,,,,,,,,,,,,
22200669,1610612752,NYK,New York,203095,Evan Fournier,Evan,,DNP - Coach's Decision,,,,,,,,,,,,,,,,,,,,
22200669,1610612752,NYK,New York,1629004,Svi Mykhailiuk,Svi,,DNP - Coach's Decision,,,,,,,,,,,,,,,,,,,,
22200669,1610612752,NYK,New York,1629629,Cam Reddish,Cam,,DNP - Coach's Decision,,,,,,,,,,,,,,,,,,,,
22200669,1610612752,NYK,New York,201565,Derrick Rose,Derrick,,DNP - Coach's Decision,,,,,,,,,,,,,,,,,,,,
22200675,1610612746,LAC,LA,202694,Marcus Morris Sr.,Marcus,F,,23:07,3.0,14.0,0.214,1.0,4.0,0.25,3.0,3.0,1.0,0.0,2.0,2.0,3.0,0.0,0.0,1.0,1.0,10.0,-7.0
22200675,1610612746,LAC,LA,201587,Nicolas Batum,Nicolas,F,,23:18,4.0,5.0,0.8,3.0,4.0,0.75,0.0,0.0,0.0,2.0,3.0,5.0,1.0,0.0,0.0,0.0,2.0,11.0,-6.0
22200675,1610612746,LAC,LA,1627826,Ivica Zubac,Ivica,C,,25:60,7.0,13.0,0.538,0.0,0.0,0.0,1.0,1.0,1.0,7.0,5.0,12.0,1.0,0.0,2.0,2.0,2.0,15.0,-11.0
22200675,1610612746,LAC,LA,1626181,Norman Powell,Norman,G,,29:56,9.0,15.0,0.6,7.0,9.0,0.778,5.0,8.0,0.625,0.0,4.0,4.0,3.0,0.0,0.0,0.0,3.0,30.0,-3.0
22200675,1610612746,LAC,LA,1629611,Terance Mann,Terance,G,,25:42,1.0,5.0,0.2,0.0,1.0,0.0,0.0,0.0,0.0,0.0,3.0,3.0,5.0,0.0,0.0,3.0,2.0,2.0,-8.0
22200675,1610612746,LAC,LA,1631217,Moussa Diabaté,Moussa,,,21:32,1.0,4.0,0.25,0.0,0.0,0.0,1.0,4.0,0.25,3.0,3.0,6.0,0.0,1.0,3.0,2.0,3.0,3.0,-12.0
22200675,1610612746,LAC,LA,1629599,Amir Coffey,Amir,,,24:42,3.0,7.0,0.429,1.0,3.0,0.333,1.0,1.0,1.0,1.0,2.0,3.0,3.0,0.0,0.0,0.0,3.0,8.0,-17.0
22200675,1610612746,LAC,LA,1630527,Brandon Boston,Brandon,,,22:41,3.0,9.0,0.333,0.0,2.0,0.0,1.0,2.0,0.5,1.0,3.0,4.0,3.0,0.0,0.0,3.0,4.0,7.0,-15.0
22200675,1610612746,LAC,LA,202704,Reggie Jackson,Reggie,,,19:40,4.0,12.0,0.333,3.0,7.0,0.429,0.0,0.0,0.0,0.0,2.0,2.0,2.0,0.0,0.0,1.0,0.0,11.0,-10.0
22200675,1610612746,LAC,LA,203496,Robert Covington,Robert,,,18:44,1.0,5.0,0.2,0.0,3.0,0.0,2.0,2.0,1.0,2.0,3.0,5.0,2.0,0.0,1.0,0.0,0.0,4.0,-20.0
22200675,1610612746,LAC,LA,1630554,Jason Preston,Jason,,,4:39,1.0,3.0,0.333,0.0,1.0,0.0,0.0,0.0,0.0,0.0,4.0,4.0,0.0,0.0,0.0,1.0,0.0,2.0,-6.0
22200675,1610612762,UTA,Utah,1627736,Malik Beasley,Malik,F,,27:08,5.0,12.0,0.417,3.0,6.0,0.5,0.0,0.0,0.0,1.0,3.0,4.0,0.0,0.0,0.0,1.0,1.0,13.0,7.0
22200675,1610612762,UTA,Utah,1628374,Lauri Markkanen,Lauri,F,,33:18,11.0,20.0,0.55,6.0,8.0,0.75,6.0,6.0,1.0,2.0,10.0,12.0,1.0,1.0,2.0,0.0,3.0,34.0,26.0
22200675,1610612762,UTA,Utah,1631117,Walker Kessler,Walker,C,,28:25,6.0,9.0,0.667,0.0,0.0,0.0,1.0,2.0,0.5,4.0,7.0,11.0,3.0,1.0,2.0,1.0,1.0,13.0,15.0
22200675,1610612762,UTA,Utah,203903,Jordan Clarkson,Jordan,G,,31:03,5.0,11.0,0.455,2.0,5.0,0.4,4.0,5.0,0.8,0.0,2.0,2.0,4.0,0.0,0.0,1.0,1.0,16.0,13.0
22200675,1610612762,UTA,Utah,201144,Mike Conley,Mike,G,,28:43,6.0,8.0,0.75,5.0,6.0,0.833,0.0,0.0,0.0,0.0,4.0,4.0,9.0,0.0,1.0,0.0,2.0,17.0,12.0
22200675,1610612762,UTA,Utah,1629012,Collin Sexton,Collin,,,21:52,3.0,9.0,0.333,0.0,1.0,0.0,5.0,7.0,0.714,0.0,1.0,1.0,1.0,1.0,1.0,3.0,3.0,11.0,-2.0
22200675,1610612762,UTA,Utah,200752,Rudy Gay,Rudy,,,12:45,0.0,1.0,0.0,0.0,1.0,0.0,0.0,0.0,0.0,0.0,1.0,1.0,1.0,0.0,0.0,0.0,1.0,0.0,7.0
22200675,1610612762,UTA,Utah,1630534,Ochai Agbaji,Ochai,,,20:48,2.0,2.0,1.0,0.0,0.0,0.0,0.0,0.0,0.0,1.0,2.0,3.0,1.0,0.0,1.0,1.0,4.0,4.0,8.0
22200675,1610612762,UTA,Utah,1629020,Jarred Vanderbilt,Jarred,,,16:41,4.0,9.0,0.444,1.0,2.0,0.5,0.0,0.0,0.0,1.0,2.0,3.0,3.0,0.0,0.0,0.0,2.0,9.0,4.0
22200675,1610612762,UTA,Utah,1629638,Nickeil Alexander-Walker,Nickeil,,,7:41,1.0,1.0,1.0,1.0,1.0,1.0,1.0,2.0,0.5,0.0,1.0,1.0,2.0,1.0,0.0,1.0,0.0,4.0,9.0
22200675,1610612762,UTA,Utah,1631323,Simone Fontecchio,Simone,,,2:54,1.0,3.0,0.333,1.0,2.0,0.5,0.0,0.0,0.0,0.0,1.0,1.0,0.0,0.0,0.0,0.0,0.0,3.0,4.0
22200675,1610612762,UTA,Utah,1629659,Talen Horton-Tucker,Talen,,,2:54,1.0,1.0,1.0,0.0,0.0,0.0,0.0,0.0,0.0,0.0,0.0,0.0,0.0,0.0,0.0,0.0,0.0,2.0,4.0
22200675,1610612762,UTA,Utah,1628962,Udoka Azubuike,Udoka,,,2:54,0.0,0.0,0.0,0.0,0.0,0.0,0.0,0.0,0.0,0.0,0.0,0.0,0.0,0.0,0.0,0.0,0.0,0.0,4.0
22200675,1610612762,UTA,Utah,1630195,Leandro Bolmaro,Leandro,,,2:54,0.0,1.0,0.0,0.0,0.0,0.0,0.0,0.0,0.0,0.0,1.0,1.0,1.0,0.0,0.0,0.0,1.0,0.0,4.0
22200671,1610612766,CHA,Charlotte,1629667,Jalen McDaniels,Jalen,F,,34:55,6.0,11.0,0.545,0.0,5.0,0.0,0.0,0.0,0.0,0.0,4.0,4.0,3.0,5.0,1.0,2.0,1.0,12.0,13.0
22200671,1610612766,CHA,Charlotte,1629023,P.J. Washington,P.J.,F,,37:17,7.0,11.0,0.636,2.0,5.0,0.4,0.0,5.0,0.0,2.0,6.0,8.0,2.0,3.0,3.0,0.0,2.0,16.0,9.0
22200671,1610612766,CHA,Charlotte,203486,Mason Plumlee,Mason,C,,29:17,6.0,8.0,0.75,0.0,0.0,0.0,5.0,6.0,0.833,3.0,6.0,9.0,1.0,3.0,0.0,0.0,3.0,17.0,-6.0
22200671,1610612766,CHA,Charlotte,1626179,Terry Rozier,Terry,G,,38:12,11.0,24.0,0.458,3.0,12.0,0.25,1.0,1.0,1.0,0.0,2.0,2.0,6.0,2.0,1.0,2.0,3.0,26.0,0.0
22200671,1610612766,CHA,Charlotte,1630163,LaMelo Ball,LaMelo,G,,20:29,4.0,16.0,0.25,2.0,8.0,0.25,3.0,3.0,1.0,1.0,0.0,1.0,4.0,0.0,0.0,3.0,1.0,13.0,3.0
22200671,1610612766,CHA,Charlotte,1628372,Dennis Smith Jr.,Dennis,,,28:58,2.0,8.0,0.25,0.0,2.0,0.0,5.0,6.0,0.833,1.0,1.0,2.0,7.0,1.0,0.0,1.0,3.0,9.0,-14.0
22200671,1610612766,CHA,Charlotte,1630550,JT Thor,JT,,,10:43,1.0,4.0,0.25,0.0,1.0,0.0,0.0,0.0,0.0,1.0,0.0,1.0,1.0,0.0,0.0,0.0,1.0,2.0,-4.0
22200671,1610612766,CHA,Charlotte,1631121,Bryce McGowens,Bryce,,,21:26,3.0,4.0,0.75,2.0,3.0,0.667,2.0,3.0,0.667,2.0,2.0,4.0,3.0,0.0,0.0,1.0,3.0,10.0,13.0
22200671,1610612766,CHA,Charlotte,1631109,Mark Williams,Mark,,,18:43,8.0,10.0,0.8,0.0,0.0,0.0,1.0,1.0,1.0,1.0,5.0,6.0,0.0,0.0,5.0,0.0,3.0,17.0,11.0
22200671,1610612766,CHA,Charlotte,1628998,Cody Martin,Cody,,DND - Injury/Illness,,,,,,,,,,,,,,,,,,,,
22200671,1610612766,CHA,Charlotte,1630208,Nick Richards,Nick,,DNP - Coach's Decision,,,,,,,,,,,,,,,,,,,,
22200671,1610612745,HOU,Houston,1630231,KJ Martin,KJ,F,,32:18,4.0,8.0,0.5,3.0,4.0,0.75,0.0,1.0,0.0,2.0,5.0,7.0,3.0,0.0,0.0,0.0,4.0,11.0,-11.0
22200671,1610612745,HOU,Houston,1631095,Jabari Smith Jr.,Jabari,F,,22:42,3.0,7.0,0.429,0.0,3.0,0.0,2.0,2.0,1.0,0.0,5.0,5.0,1.0,0.0,1.0,2.0,0.0,8.0,1.0
22200671,1610612745,HOU,Houston,1630578,Alperen Sengun,Alperen,C,,39:12,10.0,16.0,0.625,0.0,1.0,0.0,4.0,4.0,1.0,5.0,7.0,12.0,6.0,2.0,1.0,3.0,4.0,24.0,2.0
22200671,1610612745,HOU,Houston,201569,Eric Gordon,Eric,G,,30:60,4.0,10.0,0.4,1.0,5.0,0.2,2.0,3.0,0.667,0.0,2.0,2.0,2.0,1.0,1.0,4.0,3.0,11.0,-21.0
22200671,1610612745,HOU,Houston,1630224,Jalen Green,Jalen,G,,39:38,16.0,24.0,0.667,4.0,10.0,0.4,5.0,6.0,0.833,0.0,5.0,5.0,7.0,0.0,0.0,4.0,2.0,41.0,4.0
22200671,1610612745,HOU,Houston,1630256,Jae'Sean Tate,Jae'Sean,,,23:33,1.0,4.0,0.25,0.0,1.0,0.0,2.0,2.0,1.0,0.0,4.0,4.0,1.0,0.0,1.0,1.0,5.0,4.0,14.0
22200671,1610612745,HOU,Houston,1630528,Josh Christopher,Josh,,,10:53,4.0,6.0,0.667,0.0,1.0,0.0,0.0,0.0,0.0,0.0,1.0,1.0,0.0,0.0,1.0,2.0,0.0,8.0,-7.0
22200671,1610612745,HOU,Houston,1631106,Tari Eason,Tari,,,18:47,3.0,11.0,0.273,1.0,3.0,0.333,0.0,0.0,0.0,3.0,2.0,5.0,1.0,0.0,0.0,2.0,1.0,7.0,-4.0
22200671,1610612745,HOU,Houston,1630586,Usman Garuba,Usman,,,8:48,0.0,1.0,0.0,0.0,0.0,0.0,0.0,2.0,0.0,2.0,3.0,5.0,0.0,1.0,0.0,1.0,2.0,0.0,-7.0
22200671,1610612745,HOU,Houston,1629726,Garrison Mathews,Garrison,,,13:09,1.0,4.0,0.25,1.0,4.0,0.25,0.0,0.0,0.0,0.0,1.0,1.0,0.0,0.0,0.0,0.0,1.0,3.0,4.0
22200671,1610612745,HOU,Houston,1628981,Bruno Fernando,Bruno,,DNP - Coach's Decision,,,,,,,,,,,,,,,,,,,,
22200671,1610612745,HOU,Houston,1626246,Boban Marjanović,Boban,,DNP - Coach's Decision,,,,,,,,,,,,,,,,,,,,
22200671,1610612745,HOU,Houston,1630227,Daishen Nix,Daishen,,DNP - Coach's Decision,,,,,,,,,,,,,,,,,,,,
22200671,1610612745,HOU,Houston,1631102,TyTy Washington Jr.,TyTy,,DNP - Coach's Decision,,,,,,,,,,,,,,,,,,,,
22200674,1610612754,IND,Indiana,1627741,Buddy Hield,Buddy,F,,19:00,1.0,4.0,0.25,1.0,4.0,0.25,0.0,0.0,0.0,0.0,2.0,2.0,3.0,0.0,0.0,3.0,1.0,3.0,-27.0
22200674,1610612754,IND,Indiana,1631097,Bennedict Mathurin,Bennedict,F,,22:28,4.0,10.0,0.4,3.0,6.0,0.5,2.0,2.0,1.0,0.0,5.0,5.0,0.0,0.0,0.0,2.0,2.0,13.0,-19.0
22200674,1610612754,IND,Indiana,1626167,Myles Turner,Myles,C,,19:59,3.0,4.0,0.75,1.0,1.0,1.0,0.0,0.0,0.0,1.0,2.0,3.0,0.0,1.0,6.0,4.0,2.0,7.0,-23.0
22200674,1610612754,IND,Indiana,1630174,Aaron Nesmith,Aaron,G,,18:20,3.0,8.0,0.375,1.0,3.0,0.333,2.0,4.0,0.5,1.0,1.0,2.0,0.0,0.0,0.0,2.0,2.0,9.0,-26.0
22200674,1610612754,IND,Indiana,1629614,Andrew Nembhard,Andrew,G,,27:26,7.0,16.0,0.438,2.0,4.0,0.5,2.0,2.0,1.0,2.0,3.0,5.0,7.0,2.0,0.0,1.0,4.0,18.0,-16.0
22200674,1610612754,IND,Indiana,1629052,Oshae Brissett,Oshae,,,22:13,1.0,11.0,0.091,1.0,6.0,0.167,2.0,2.0,1.0,4.0,2.0,6.0,3.0,1.0,1.0,1.0,0.0,5.0,-3.0
22200674,1610612754,IND,Indiana,1630537,Chris Duarte,Chris,,,22:11,4.0,11.0,0.364,2.0,5.0,0.4,1.0,2.0,0.5,1.0,4.0,5.0,3.0,0.0,0.0,2.0,2.0,11.0,-3.0
22200674,1610612754,IND,Indiana,204456,T.J. McConnell,T.J.,,,25:07,5.0,7.0,0.714,0.0,0.0,0.0,0.0,0.0,0.0,0.0,0.0,0.0,6.0,1.0,0.0,1.0,1.0,10.0,-5.0
22200674,1610612754,IND,Indiana,1630543,Isaiah Jackson,Isaiah,,,17:23,4.0,6.0,0.667,0.0,0.0,0.0,3.0,6.0,0.5,4.0,3.0,7.0,0.0,1.0,0.0,1.0,2.0,11.0,-5.0
22200674,1610612754,IND,Indiana,1630243,Trevelin Queen,Trevelin,,,23:15,5.0,11.0,0.455,1.0,3.0,0.333,2.0,2.0,1.0,4.0,5.0,9.0,1.0,1.0,3.0,3.0,1.0,13.0,12.0
22200674,1610612754,IND,Indiana,1630678,Terry Taylor,Terry,,,16:22,2.0,3.0,0.667,0.0,1.0,0.0,0.0,0.0,0.0,0.0,1.0,1.0,0.0,1.0,0.0,2.0,2.0,4.0,12.0
22200674,1610612754,IND,Indiana,1629048,Goga Bitadze,Goga,,,6:16,0.0,3.0,0.0,0.0,0.0,0.0,2.0,4.0,0.5,3.0,0.0,3.0,0.0,1.0,0.0,1.0,0.0,2.0,3.0
22200674,1610612754,IND,Indiana,201949,James Johnson,James,,DNP - Coach's Decision,,,,,,,,,,,,,,,,,,,,
22200674,1610612754,IND,Indiana,1630188,Jalen Smith,Jalen,,DNP - Coach's Decision,,,,,,,,,,,,,,,,,,,,
22200674,1610612760,OKC,Oklahoma City,1629652,Luguentz Dort,Luguentz,F,,28:07,8.0,14.0,0.571,3.0,5.0,0.6,3.0,4.0,0.75,2.0,9.0,11.0,1.0,1.0,1.0,0.0,3.0,22.0,32.0
22200674,1610612760,OKC,Oklahoma City,1631114,Jalen Williams,Jalen,F,,34:13,4.0,10.0,0.4,1.0,4.0,0.25,2.0,2.0,1.0,2.0,5.0,7.0,6.0,4.0,1.0,1.0,4.0,11.0,33.0
22200674,1610612760,OKC,Oklahoma City,1629026,Kenrich Williams,Kenrich,C,,22:04,5.0,8.0,0.625,2.0,4.0,0.5,0.0,0.0,0.0,3.0,2.0,5.0,10.0,1.0,2.0,1.0,2.0,12.0,24.0
22200674,1610612760,OKC,Oklahoma City,1630581,Josh Giddey,Josh,G,,29:32,8.0,12.0,0.667,0.0,2.0,0.0,0.0,0.0,0.0,3.0,3.0,6.0,11.0,1.0,1.0,5.0,6.0,16.0,5.0
22200674,1610612760,OKC,Oklahoma City,1628983,Shai Gilgeous-Alexander,Shai,G,,29:47,7.0,17.0,0.412,1.0,4.0,0.25,8.0,9.0,0.889,1.0,2.0,3.0,6.0,3.0,0.0,2.0,2.0,23.0,38.0
22200674,1610612760,OKC,Oklahoma City,1631119,Jaylin Williams,Jaylin,,,16:30,2.0,2.0,1.0,1.0,1.0,1.0,0.0,0.0,0.0,0.0,0.0,0.0,1.0,0.0,0.0,5.0,3.0,5.0,4.0
22200674,1610612760,OKC,Oklahoma City,1630198,Isaiah Joe,Isaiah,,,22:07,7.0,12.0,0.583,7.0,12.0,0.583,2.0,2.0,1.0,0.0,4.0,4.0,1.0,2.0,1.0,0.0,2.0,23.0,14.0
22200674,1610612760,OKC,Oklahoma City,1630598,Aaron Wiggins,Aaron,,,25:46,5.0,10.0,0.5,0.0,3.0,0.0,0.0,1.0,0.0,1.0,0.0,1.0,4.0,0.0,0.0,1.0,2.0,10.0,-11.0
22200674,1610612760,OKC,Oklahoma City,1630544,Tre Mann,Tre,,,16:41,1.0,4.0,0.25,1.0,1.0,1.0,0.0,0.0,0.0,1.0,2.0,3.0,1.0,0.0,1.0,1.0,1.0,3.0,-22.0
22200674,1610612760,OKC,Oklahoma City,203488,Mike Muscala,Mike,,,9:36,0.0,2.0,0.0,0.0,1.0,0.0,0.0,1.0,0.0,0.0,2.0,2.0,0.0,0.0,0.0,0.0,0.0,0.0,-7.0
22200674,1610612760,OKC,Oklahoma City,1629647,Darius Bazley,Darius,,,5:37,0.0,2.0,0.0,0.0,1.0,0.0,1.0,2.0,0.5,0.0,0.0,0.0,0.0,0.0,0.0,1.0,0.0,1.0,-10.0
22200677,1610612758,SAC,Sacramento,203084,Harrison Barnes,Harrison,F,,40:08,6.0,17.0,0.353,2.0,5.0,0.4,6.0,7.0,0.857,0.0,6.0,6.0,2.0,0.0,0.0,2.0,1.0,20.0,12.0
22200677,1610612758,SAC,Sacramento,1631099,Keegan Murray,Keegan,F,,36:49,3.0,6.0,0.5,2.0,4.0,0.5,2.0,2.0,1.0,3.0,7.0,10.0,0.0,0.0,0.0,0.0,3.0,10.0,-1.0
22200677,1610612758,SAC,Sacramento,1626158,Richaun Holmes,Richaun,C,,30:51,7.0,7.0,1.0,0.0,0.0,0.0,2.0,2.0,1.0,3.0,8.0,11.0,1.0,0.0,0.0,2.0,1.0,16.0,23.0
22200677,1610612758,SAC,Sacramento,1628989,Kevin Huerter,Kevin,G,,32:55,7.0,13.0,0.538,3.0,8.0,0.375,1.0,2.0,0.5,1.0,2.0,3.0,8.0,2.0,1.0,1.0,0.0,18.0,30.0
22200677,1610612758,SAC,Sacramento,1628368,De'Aaron Fox,De'Aaron,G,,39:07,13.0,23.0,0.565,2.0,7.0,0.286,3.0,7.0,0.429,0.0,3.0,3.0,6.0,1.0,0.0,2.0,0.0,31.0,19.0
22200677,1610612758,SAC,Sacramento,1628370,Malik Monk,Malik,,,10:38,1.0,9.0,0.111,0.0,3.0,0.0,0.0,0.0,0.0,1.0,2.0,3.0,2.0,0.0,1.0,2.0,2.0,2.0,-13.0
22200677,1610612758,SAC,Sacramento,1629002,Chimezie Metu,Chimezie,,,17:18,2.0,3.0,0.667,0.0,0.0,0.0,2.0,2.0,1.0,3.0,2.0,5.0,1.0,0.0,2.0,0.0,2.0,6.0,-20.0
22200677,1610612758,SAC,Sacramento,1630558,Davion Mitchell,Davion,,,10:19,1.0,3.0,0.333,0.0,1.0,0.0,1.0,1.0,1.0,0.0,0.0,0.0,3.0,0.0,1.0,1.0,2.0,3.0,-19.0
22200677,1610612758,SAC,Sacramento,1626168,Trey Lyles,Trey,,,20:36,3.0,5.0,0.6,0.0,1.0,0.0,4.0,4.0,1.0,3.0,3.0,6.0,0.0,0.0,0.0,1.0,3.0,10.0,-6.0
22200677,1610612758,SAC,Sacramento,1629644,KZ Okpala,KZ,,,1:19,0.0,1.0,0.0,0.0,1.0,0.0,0.0,0.0,0.0,0.0,0.0,0.0,0.0,0.0,0.0,0.0,0.0,0.0,0.0
22200677,1610612758,SAC,Sacramento,1629056,Terence Davis,Terence,,DNP - Coach's Decision,,,,,,,,,,,,,,,,,,,,
22200677,1610612758,SAC,Sacramento,1628408,PJ Dozier,PJ,,DNP - Coach's Decision,,,,,,,,,,,,,,,,,,,,
22200677,1610612747,LAL,Los Angeles,1628972,Troy Brown Jr.,Troy,F,,22:00,2.0,4.0,0.5,0.0,2.0,0.0,0.0,0.0,0.0,1.0,3.0,4.0,3.0,2.0,0.0,0.0,1.0,4.0,-4.0
22200677,1610612747,LAL,Los Angeles,2544,LeBron James,LeBron,F,,36:30,11.0,25.0,0.44,2.0,9.0,0.222,8.0,9.0,0.889,0.0,8.0,8.0,9.0,1.0,1.0,1.0,0.0,32.0,-16.0
22200677,1610612747,LAL,Los Angeles,1628418,Thomas Bryant,Thomas,C,,18:32,4.0,7.0,0.571,0.0,0.0,0.0,0.0,0.0,0.0,1.0,3.0,4.0,2.0,0.0,0.0,0.0,1.0,8.0,-7.0
22200677,1610612747,LAL,Los Angeles,201976,Patrick Beverley,Patrick,G,,26:33,1.0,4.0,0.25,1.0,4.0,0.25,0.0,0.0,0.0,0.0,1.0,1.0,2.0,1.0,0.0,0.0,1.0,3.0,-16.0
22200677,1610612747,LAL,Los Angeles,203471,Dennis Schröder,Dennis,G,,26:15,2.0,6.0,0.333,0.0,1.0,0.0,1.0,1.0,1.0,0.0,0.0,0.0,2.0,1.0,0.0,2.0,4.0,5.0,-5.0
22200677,1610612747,LAL,Los Angeles,201566,Russell Westbrook,Russell,,,31:53,8.0,17.0,0.471,2.0,5.0,0.4,1.0,4.0,0.25,0.0,7.0,7.0,5.0,1.0,0.0,2.0,1.0,19.0,1.0
22200677,1610612747,LAL,Los Angeles,1629134,Kendrick Nunn,Kendrick,,,16:29,5.0,8.0,0.625,4.0,6.0,0.667,0.0,0.0,0.0,0.0,1.0,1.0,0.0,0.0,1.0,0.0,4.0,14.0,18.0
22200677,1610612747,LAL,Los Angeles,1629117,Wenyen Gabriel,Wenyen,,,23:33,5.0,8.0,0.625,0.0,1.0,0.0,0.0,0.0,0.0,3.0,3.0,6.0,1.0,1.0,1.0,1.0,3.0,10.0,-3.0
22200677,1610612747,LAL,Los Angeles,1629308,Juan Toscano-Anderson,Juan,,,11:05,2.0,2.0,1.0,0.0,0.0,0.0,0.0,0.0,0.0,1.0,1.0,2.0,1.0,0.0,0.0,0.0,2.0,4.0,12.0
22200677,1610612747,LAL,Los Angeles,1631108,Max Christie,Max,,,27:10,3.0,8.0,0.375,2.0,6.0,0.333,4.0,4.0,1.0,0.0,3.0,3.0,1.0,2.0,0.0,0.0,3.0,12.0,-5.0
22200677,1610612747,LAL,Los Angeles,1627745,Damian Jones,Damian,,DNP - Coach's Decision,,,,,,,,,,,,,,,,,,,,
22200677,1610612747,LAL,Los Angeles,1631306,Cole Swider,Cole,,DNP - Coach's Decision,,,,,,,,,,,,,,,,,,,,
22200667,1610612757,POR,Portland,1628404,Josh Hart,Josh,F,,29:19,2.0,5.0,0.4,0.0,2.0,0.0,0.0,0.0,0.0,0.0,6.0,6.0,4.0,0.0,0.0,1.0,2.0,4.0,-22.0
22200667,1610612757,POR,Portland,203924,Jerami Grant,Jerami,F,,33:26,7.0,15.0,0.467,2.0,4.0,0.5,2.0,3.0,0.667,0.0,4.0,4.0,2.0,2.0,0.0,0.0,3.0,18.0,-15.0
22200667,1610612757,POR,Portland,203994,Jusuf Nurkić,Jusuf,C,,29:12,2.0,9.0,0.222,1.0,4.0,0.25,1.0,1.0,1.0,2.0,8.0,10.0,2.0,0.0,2.0,4.0,5.0,6.0,-21.0
22200667,1610612757,POR,Portland,1629014,Anfernee Simons,Anfernee,G,,36:53,5.0,15.0,0.333,2.0,10.0,0.2,2.0,2.0,1.0,0.0,2.0,2.0,2.0,0.0,0.0,4.0,3.0,14.0,-6.0
22200667,1610612757,POR,Portland,203081,Damian Lillard,Damian,G,,34:26,12.0,20.0,0.6,6.0,12.0,0.5,14.0,14.0,1.0,0.0,3.0,3.0,8.0,0.0,0.0,2.0,4.0,44.0,-20.0
22200667,1610612757,POR,Portland,1631101,Shaedon Sharpe,Shaedon,,,17:35,5.0,7.0,0.714,2.0,4.0,0.5,1.0,1.0,1.0,1.0,1.0,2.0,0.0,0.0,0.0,1.0,3.0,13.0,0.0
22200667,1610612757,POR,Portland,1631133,Jabari Walker,Jabari,,,5:44,0.0,0.0,0.0,0.0,0.0,0.0,0.0,0.0,0.0,0.0,0.0,0.0,0.0,0.0,0.0,0.0,0.0,0.0,11.0
22200667,1610612757,POR,Portland,1629234,Drew Eubanks,Drew,,,16:26,3.0,4.0,0.75,0.0,0.0,0.0,0.0,0.0,0.0,1.0,2.0,3.0,0.0,1.0,2.0,0.0,1.0,6.0,6.0
22200667,1610612757,POR,Portland,1627780,Gary Payton II,Gary,,,17:51,0.0,2.0,0.0,0.0,2.0,0.0,0.0,0.0,0.0,1.0,4.0,5.0,2.0,0.0,0.0,1.0,2.0,0.0,4.0
22200667,1610612757,POR,Portland,1629642,Nassir Little,Nassir,,,12:02,1.0,4.0,0.25,0.0,1.0,0.0,0.0,0.0,0.0,0.0,0.0,0.0,0.0,0.0,0.0,0.0,1.0,2.0,0.0
22200667,1610612757,POR,Portland,1630553,Keon Johnson,Keon,,,2:22,0.0,1.0,0.0,0.0,1.0,0.0,4.0,4.0,1.0,0.0,0.0,0.0,1.0,0.0,0.0,0.0,0.0,4.0,6.0
22200667,1610612757,POR,Portland,1630570,Trendon Watford,Trendon,,,2:22,1.0,1.0,1.0,0.0,0.0,0.0,0.0,0.0,0.0,0.0,0.0,0.0,0.0,0.0,0.0,0.0,0.0,2.0,6.0
22200667,1610612757,POR,Portland,1630535,Greg Brown III,Greg,,,2:22,0.0,0.0,0.0,0.0,0.0,0.0,0.0,0.0,0.0,0.0,0.0,0.0,0.0,0.0,0.0,0.0,0.0,0.0,6.0
22200667,1610612743,DEN,Denver,1629008,Michael Porter Jr.,Michael,F,,30:34,9.0,13.0,0.692,4.0,6.0,0.667,1.0,1.0,1.0,0.0,4.0,4.0,0.0,0.0,0.0,0.0,2.0,23.0,21.0
22200667,1610612743,DEN,Denver,203932,Aaron Gordon,Aaron,F,,31:33,3.0,8.0,0.375,0.0,1.0,0.0,5.0,5.0,1.0,2.0,5.0,7.0,8.0,1.0,1.0,2.0,0.0,11.0,20.0
22200667,1610612743,DEN,Denver,203999,Nikola Jokić,Nikola,C,,34:28,13.0,14.0,0.929,1.0,2.0,0.5,9.0,10.0,0.9,2.0,10.0,12.0,10.0,1.0,1.0,4.0,2.0,36.0,19.0
22200667,1610612743,DEN,Denver,203484,Kentavious Caldwell-Pope,Kentavious,G,,32:05,2.0,9.0,0.222,0.0,3.0,0.0,5.0,5.0,1.0,0.0,1.0,1.0,3.0,3.0,1.0,0.0,4.0,9.0,16.0
22200667,1610612743,DEN,Denver,1627750,Jamal Murray,Jamal,G,,30:16,6.0,15.0,0.4,3.0,7.0,0.429,2.0,2.0,1.0,0.0,5.0,5.0,7.0,2.0,1.0,0.0,1.0,17.0,13.0
22200667,1610612743,DEN,Denver,1628971,Bruce Brown,Bruce,,,29:19,5.0,9.0,0.556,1.0,2.0,0.5,1.0,3.0,0.333,1.0,3.0,4.0,1.0,1.0,1.0,2.0,2.0,12.0,5.0
22200667,1610612743,DEN,Denver,1630538,Bones Hyland,Bones,,,15:40,2.0,10.0,0.2,1.0,7.0,0.143,0.0,0.0,0.0,0.0,2.0,2.0,1.0,0.0,1.0,0.0,1.0,5.0,-7.0
22200667,1610612743,DEN,Denver,1628427,Vlatko Čančar,Vlatko,,,16:27,0.0,1.0,0.0,0.0,0.0,0.0,0.0,0.0,0.0,0.0,1.0,1.0,2.0,0.0,0.0,1.0,2.0,0.0,-11.0
22200667,1610612743,DEN,Denver,1630192,Zeke Nnaji,Zeke,,,13:32,3.0,8.0,0.375,1.0,4.0,0.25,0.0,2.0,0.0,6.0,0.0,6.0,0.0,0.0,0.0,0.0,1.0,7.0,-10.0
22200667,1610612743,DEN,Denver,1631128,Christian Braun,Christian,,,2:02,0.0,0.0,0.0,0.0,0.0,0.0,0.0,0.0,0.0,0.0,0.0,0.0,0.0,0.0,0.0,0.0,0.0,0.0,-7.0
22200667,1610612743,DEN,Denver,1628432,Davon Reed,Davon,,,2:02,1.0,1.0,1.0,0.0,0.0,0.0,0.0,0.0,0.0,0.0,0.0,0.0,0.0,0.0,0.0,1.0,0.0,2.0,-7.0
22200667,1610612743,DEN,Denver,1631298,Jack White,Jack,,,2:02,0.0,0.0,0.0,0.0,0.0,0.0,0.0,0.0,0.0,0.0,0.0,0.0,0.0,0.0,0.0,1.0,0.0,0.0,-7.0
22200667,1610612743,DEN,Denver,201599,DeAndre Jordan,DeAndre,,DNP - Coach's Decision,,,,,,,,,,,,,,,,,,,,
22200667,1610612743,DEN,Denver,202397,Ish Smith,Ish,,DNP - Coach's Decision,,,,,,,,,,,,,,,,,,,,
22200666,1610612751,BKN,Brooklyn,203925,Joe Harris,Joe,F,,17:28,0.0,3.0,0.0,0.0,3.0,0.0,0.0,0.0,0.0,0.0,0.0,0.0,0.0,2.0,0.0,1.0,1.0,0.0,-14.0
22200666,1610612751,BKN,Brooklyn,1626220,Royce O'Neale,Royce,F,,21:08,2.0,8.0,0.25,1.0,4.0,0.25,0.0,0.0,0.0,0.0,2.0,2.0,0.0,0.0,0.0,2.0,3.0,5.0,-18.0
22200666,1610612751,BKN,Brooklyn,1629651,Nic Claxton,Nic,C,,28:18,7.0,11.0,0.636,0.0,0.0,0.0,1.0,1.0,1.0,3.0,8.0,11.0,4.0,1.0,4.0,3.0,6.0,15.0,-19.0
22200666,1610612751,BKN,Brooklyn,203552,Seth Curry,Seth,G,,31:25,6.0,16.0,0.375,1.0,7.0,0.143,3.0,3.0,1.0,3.0,4.0,7.0,2.0,1.0,0.0,3.0,4.0,16.0,-14.0
22200666,1610612751,BKN,Brooklyn,1627732,Ben Simmons,Ben,G,,34:17,4.0,10.0,0.4,0.0,0.0,0.0,2.0,2.0,1.0,1.0,9.0,10.0,11.0,4.0,2.0,7.0,4.0,10.0,3.0
22200666,1610612751,BKN,Brooklyn,201988,Patty Mills,Patty,,,5:56,0.0,2.0,0.0,0.0,0.0,0.0,0.0,0.0,0.0,0.0,0.0,0.0,0.0,0.0,0.0,0.0,0.0,0.0,-3.0
22200666,1610612751,BKN,Brooklyn,1629139,Yuta Watanabe,Yuta,,,12:18,0.0,2.0,0.0,0.0,0.0,0.0,0.0,0.0,0.0,1.0,0.0,1.0,0.0,0.0,0.0,0.0,0.0,0.0,-5.0
22200666,1610612751,BKN,Brooklyn,1630549,Day'Ron Sharpe,Day'Ron,,,4:34,0.0,0.0,0.0,0.0,0.0,0.0,1.0,2.0,0.5,1.0,3.0,4.0,1.0,0.0,1.0,1.0,0.0,1.0,1.0
22200666,1610612751,BKN,Brooklyn,203933,T.J. Warren,T.J.,,,23:38,7.0,13.0,0.538,0.0,2.0,0.0,5.0,6.0,0.833,0.0,5.0,5.0,0.0,1.0,0.0,1.0,1.0,19.0,2.0
22200666,1610612751,BKN,Brooklyn,1628410,Edmond Sumner,Edmond,,,18:00,4.0,6.0,0.667,1.0,1.0,1.0,4.0,4.0,1.0,0.0,4.0,4.0,1.0,0.0,0.0,1.0,1.0,13.0,0.0
22200666,1610612751,BKN,Brooklyn,1630560,Cam Thomas,Cam,,,29:53,6.0,12.0,0.5,0.0,4.0,0.0,3.0,4.0,0.75,0.0,2.0,2.0,1.0,1.0,1.0,1.0,3.0,15.0,12.0
22200666,1610612751,BKN,Brooklyn,202693,Markieff Morris,Markieff,,,13:05,1.0,5.0,0.2,0.0,2.0,0.0,2.0,2.0,1.0,1.0,2.0,3.0,2.0,0.0,0.0,1.0,3.0,4.0,15.0
22200666,1610612759,SAS,San Antonio,1629640,Keldon Johnson,Keldon,F,,37:41,11.0,26.0,0.423,3.0,11.0,0.273,11.0,12.0,0.917,1.0,10.0,11.0,1.0,4.0,0.0,1.0,2.0,36.0,17.0
22200666,1610612759,SAS,San Antonio,1631110,Jeremy Sochan,Jeremy,F,,26:12,6.0,12.0,0.5,2.0,3.0,0.667,2.0,2.0,1.0,2.0,2.0,4.0,2.0,2.0,0.0,2.0,4.0,16.0,1.0
22200666,1610612759,SAS,San Antonio,1627751,Jakob Poeltl,Jakob,C,,21:44,5.0,7.0,0.714,0.0,0.0,0.0,2.0,4.0,0.5,2.0,5.0,7.0,3.0,1.0,2.0,2.0,4.0,12.0,6.0
22200666,1610612759,SAS,San Antonio,1629641,Romeo Langford,Romeo,G,,17:22,1.0,6.0,0.167,0.0,2.0,0.0,0.0,0.0,0.0,2.0,3.0,5.0,2.0,0.0,0.0,1.0,1.0,2.0,10.0
22200666,1610612759,SAS,San Antonio,1630200,Tre Jones,Tre,G,,33:10,4.0,14.0,0.286,1.0,6.0,0.167,4.0,4.0,1.0,1.0,3.0,4.0,5.0,0.0,0.0,2.0,1.0,13.0,15.0
22200666,1610612759,SAS,San Antonio,1626196,Josh Richardson,Josh,,,26:35,4.0,9.0,0.444,1.0,4.0,0.25,0.0,0.0,0.0,2.0,2.0,4.0,1.0,1.0,2.0,1.0,1.0,9.0,4.0
22200666,1610612759,SAS,San Antonio,1631103,Malaki Branham,Malaki,,,19:35,2.0,10.0,0.2,0.0,5.0,0.0,0.0,0.0,0.0,0.0,4.0,4.0,2.0,1.0,0.0,0.0,2.0,4.0,5.0
22200666,1610612759,SAS,San Antonio,1628380,Zach Collins,Zach,,,23:55,2.0,5.0,0.4,0.0,1.0,0.0,2.0,2.0,1.0,1.0,6.0,7.0,2.0,1.0,0.0,4.0,3.0,6.0,-7.0
22200666,1610612759,SAS,San Antonio,203926,Doug McDermott,Doug,,,21:19,2.0,7.0,0.286,0.0,2.0,0.0,0.0,0.0,0.0,1.0,3.0,4.0,3.0,1.0,0.0,1.0,2.0,4.0,-9.0
22200666,1610612759,SAS,San Antonio,1626169,Stanley Johnson,Stanley,,,5:42,0.0,1.0,0.0,0.0,0.0,0.0,2.0,2.0,1.0,1.0,1.0,2.0,2.0,1.0,0.0,1.0,1.0,2.0,-4.0
22200666,1610612759,SAS,San Antonio,1628966,Keita Bates-Diop,Keita,,,6:46,0.0,0.0,0.0,0.0,0.0,0.0,2.0,2.0,1.0,0.0,2.0,2.0,0.0,0.0,0.0,0.0,1.0,2.0,2.0
22200666,1610612759,SAS,San Antonio,203476,Gorgui Dieng,Gorgui,,DNP - Coach's Decision,,,,,,,,,,,,,,,,,,,,
22200666,1610612759,SAS,San Antonio,1629676,Isaiah Roby,Isaiah,,DNP - Coach's Decision,,,,,,,,,,,,,,,,,,,,
22200666,1610612759,SAS,San Antonio,1631104,Blake Wesley,Blake,,DNP - Coach's Decision,,,,,,,,,,,,,,,,,,,,
22200668,1610612755,PHI,Philadelphia,202699,Tobias Harris,Tobias,F,,35:17,8.0,12.0,0.667,2.0,4.0,0.5,2.0,4.0,0.5,1.0,5.0,6.0,6.0,5.0,0.0,1.0,4.0,20.0,10.0
22200668,1610612755,PHI,Philadelphia,200782,P.J. Tucker,P.J.,F,,27:11,2.0,3.0,0.667,2.0,3.0,0.667,0.0,0.0,0.0,2.0,2.0,4.0,0.0,1.0,0.0,0.0,3.0,6.0,-3.0
22200668,1610612755,PHI,Philadelphia,203954,Joel Embiid,Joel,C,,33:15,12.0,22.0,0.545,2.0,5.0,0.4,15.0,18.0,0.833,3.0,6.0,9.0,3.0,0.0,2.0,5.0,2.0,41.0,7.0
22200668,1610612755,PHI,Philadelphia,1629001,De'Anthony Melton,De'Anthony,G,,20:36,2.0,5.0,0.4,1.0,4.0,0.25,0.0,0.0,0.0,0.0,1.0,1.0,1.0,2.0,0.0,0.0,1.0,5.0,-2.0
22200668,1610612755,PHI,Philadelphia,201935,James Harden,James,G,,31:32,1.0,6.0,0.167,0.0,4.0,0.0,4.0,4.0,1.0,0.0,3.0,3.0,9.0,1.0,1.0,3.0,1.0,6.0,3.0
22200668,1610612755,PHI,Philadelphia,1630178,Tyrese Maxey,Tyrese,,,27:47,7.0,12.0,0.583,3.0,5.0,0.6,5.0,5.0,1.0,0.0,2.0,2.0,2.0,1.0,0.0,1.0,2.0,22.0,23.0
22200668,1610612755,PHI,Philadelphia,1627777,Georges Niang,Georges,,,18:32,3.0,4.0,0.75,3.0,4.0,0.75,0.0,0.0,0.0,0.0,4.0,4.0,1.0,0.0,0.0,0.0,0.0,9.0,18.0
22200668,1610612755,PHI,Philadelphia,1629003,Shake Milton,Shake,,,16:07,1.0,3.0,0.333,0.0,1.0,0.0,2.0,2.0,1.0,0.0,0.0,0.0,2.0,1.0,0.0,2.0,1.0,4.0,12.0
22200668,1610612755,PHI,Philadelphia,1626149,Montrezl Harrell,Montrezl,,,11:52,1.0,2.0,0.5,0.0,0.0,0.0,1.0,1.0,1.0,1.0,1.0,2.0,0.0,0.0,1.0,1.0,1.0,3.0,10.0
22200668,1610612755,PHI,Philadelphia,1629680,Matisse Thybulle,Matisse,,,8:03,0.0,0.0,0.0,0.0,0.0,0.0,0.0,0.0,0.0,0.0,0.0,0.0,1.0,0.0,0.0,1.0,1.0,0.0,0.0
22200668,1610612755,PHI,Philadelphia,1630194,Paul Reed,Paul,,,2:53,0.0,0.0,0.0,0.0,0.0,0.0,0.0,0.0,0.0,0.0,1.0,1.0,0.0,0.0,0.0,0.0,0.0,0.0,-7.0
22200668,1610612755,PHI,Philadelphia,1627788,Furkan Korkmaz,Furkan,,,2:53,2.0,2.0,1.0,0.0,0.0,0.0,0.0,0.0,0.0,1.0,0.0,1.0,0.0,0.0,0.0,0.0,0.0,4.0,-7.0
22200668,1610612755,PHI,Philadelphia,1630531,Jaden Springer,Jaden,,,2:05,0.0,1.0,0.0,0.0,0.0,0.0,0.0,0.0,0.0,0.0,0.0,0.0,0.0,1.0,0.0,0.0,1.0,0.0,-8.0
22200668,1610612755,PHI,Philadelphia,1627863,Danuel House Jr.,Danuel,,,1:57,0.0,1.0,0.0,0.0,1.0,0.0,0.0,0.0,0.0,0.0,0.0,0.0,0.0,0.0,0.0,0.0,0.0,0.0,-6.0
22200668,1610612746,LAC,LA,202695,Kawhi Leonard,Kawhi,F,,35:59,10.0,20.0,0.5,2.0,6.0,0.333,5.0,7.0,0.714,1.0,3.0,4.0,1.0,1.0,1.0,3.0,2.0,27.0,-12.0
22200668,1610612746,LAC,LA,202694,Marcus Morris Sr.,Marcus,F,,26:57,3.0,7.0,0.429,1.0,4.0,0.25,2.0,2.0,1.0,0.0,1.0,1.0,2.0,0.0,0.0,1.0,2.0,9.0,2.0
22200668,1610612746,LAC,LA,1627826,Ivica Zubac,Ivica,C,,35:02,5.0,7.0,0.714,0.0,0.0,0.0,2.0,2.0,1.0,2.0,7.0,9.0,1.0,0.0,2.0,0.0,3.0,12.0,-4.0
22200668,1610612746,LAC,LA,202331,Paul George,Paul,G,,28:58,5.0,11.0,0.455,1.0,4.0,0.25,2.0,3.0,0.667,1.0,7.0,8.0,4.0,1.0,0.0,5.0,4.0,13.0,-5.0
22200668,1610612746,LAC,LA,1629611,Terance Mann,Terance,G,,32:00,5.0,10.0,0.5,2.0,6.0,0.333,0.0,0.0,0.0,2.0,2.0,4.0,4.0,0.0,1.0,1.0,1.0,12.0,-3.0
22200668,1610612746,LAC,LA,1626181,Norman Powell,Norman,,,24:50,4.0,11.0,0.364,3.0,7.0,0.429,5.0,6.0,0.833,0.0,0.0,0.0,0.0,1.0,0.0,3.0,1.0,16.0,-15.0
22200668,1610612746,LAC,LA,201587,Nicolas Batum,Nicolas,,,19:53,3.0,5.0,0.6,2.0,4.0,0.5,0.0,0.0,0.0,0.0,0.0,0.0,1.0,0.0,1.0,1.0,4.0,8.0,-15.0
22200668,1610612746,LAC,LA,203496,Robert Covington,Robert,,,7:00,0.0,2.0,0.0,0.0,1.0,0.0,0.0,0.0,0.0,1.0,1.0,2.0,1.0,0.0,0.0,2.0,3.0,0.0,1.0
22200668,1610612746,LAC,LA,202704,Reggie Jackson,Reggie,,,13:51,3.0,5.0,0.6,1.0,1.0,1.0,0.0,0.0,0.0,0.0,1.0,1.0,4.0,1.0,0.0,0.0,1.0,7.0,-12.0
22200668,1610612746,LAC,LA,1629650,Moses Brown,Moses,,,8:59,2.0,2.0,1.0,0.0,0.0,0.0,0.0,0.0,0.0,1.0,2.0,3.0,0.0,0.0,0.0,2.0,2.0,4.0,-1.0
22200668,1610612746,LAC,LA,1630554,Jason Preston,Jason,,,3:16,1.0,2.0,0.5,0.0,1.0,0.0,0.0,0.0,0.0,0.0,1.0,1.0,2.0,0.0,0.0,0.0,0.0,2.0,7.0
22200668,1610612746,LAC,LA,1629599,Amir Coffey,Amir,,,3:16,0.0,0.0,0.0,0.0,0.0,0.0,0.0,0.0,0.0,0.0,0.0,0.0,0.0,0.0,0.0,0.0,0.0,0.0,7.0
22200665,1610612761,TOR,Toronto,1628384,OG Anunoby,OG,F,,34:59,2.0,13.0,0.154,0.0,4.0,0.0,1.0,2.0,0.5,2.0,1.0,3.0,2.0,0.0,1.0,0.0,1.0,5.0,2.0
22200665,1610612761,TOR,Toronto,1630567,Scottie Barnes,Scottie,F,,36:44,6.0,15.0,0.4,0.0,3.0,0.0,2.0,5.0,0.4,6.0,7.0,13.0,5.0,3.0,1.0,3.0,1.0,14.0,-7.0
22200665,1610612761,TOR,Toronto,1627783,Pascal Siakam,Pascal,C,,40:11,8.0,13.0,0.615,1.0,4.0,0.25,6.0,11.0,0.545,3.0,6.0,9.0,3.0,0.0,1.0,4.0,1.0,23.0,-17.0
22200665,1610612761,TOR,Toronto,1629018,Gary Trent Jr.,Gary,G,,43:05,10.0,19.0,0.526,4.0,9.0,0.444,4.0,4.0,1.0,0.0,3.0,3.0,2.0,4.0,0.0,0.0,2.0,28.0,-5.0
22200665,1610612761,TOR,Toronto,1627832,Fred VanVleet,Fred,G,,37:07,15.0,28.0,0.536,6.0,12.0,0.5,3.0,3.0,1.0,1.0,8.0,9.0,7.0,0.0,0.0,1.0,4.0,39.0,-23.0
22200665,1610612761,TOR,Toronto,1628449,Chris Boucher,Chris,,,14:14,0.0,2.0,0.0,0.0,0.0,0.0,0.0,0.0,0.0,3.0,2.0,5.0,1.0,0.0,1.0,0.0,3.0,0.0,4.0
22200665,1610612761,TOR,Toronto,1630173,Precious Achiuwa,Precious,,,26:02,4.0,10.0,0.4,2.0,3.0,0.667,1.0,2.0,0.5,5.0,2.0,7.0,0.0,0.0,1.0,1.0,2.0,11.0,4.0
22200665,1610612761,TOR,Toronto,1627823,Juancho Hernangomez,Juancho,,,7:38,1.0,1.0,1.0,0.0,0.0,0.0,0.0,0.0,0.0,0.0,1.0,1.0,0.0,0.0,0.0,0.0,0.0,2.0,2.0
22200665,1610612761,TOR,Toronto,203920,Khem Birch,Khem,,DNP - Coach's Decision,,,,,,,,,,,,,,,,,,,,
22200665,1610612761,TOR,Toronto,1630288,Jeff Dowtin Jr.,Jeff,,DNP - Coach's Decision,,,,,,,,,,,,,,,,,,,,
22200665,1610612761,TOR,Toronto,1630201,Malachi Flynn,Malachi,,DNP - Coach's Decision,,,,,,,,,,,,,,,,,,,,
22200665,1610612761,TOR,Toronto,1631199,Ron Harper Jr.,Ron,,DNP - Coach's Decision,,,,,,,,,,,,,,,,,,,,
22200665,1610612761,TOR,Toronto,1631132,Christian Koloko,Christian,,DNP - Coach's Decision,,,,,,,,,,,,,,,,,,,,
22200665,1610612761,TOR,Toronto,1630580,Joe Wieskamp,Joe,,DNP - Coach's Decision,,,,,,,,,,,,,,,,,,,,
22200665,1610612761,TOR,Toronto,201152,Thaddeus Young,Thaddeus,,DNP - Coach's Decision,,,,,,,,,,,,,,,,,,,,
22200665,1610612749,MIL,Milwaukee,1626192,Pat Connaughton,Pat,F,,30:25,3.0,9.0,0.333,3.0,6.0,0.5,1.0,2.0,0.5,3.0,5.0,8.0,3.0,1.0,0.0,1.0,0.0,10.0,10.0
22200665,1610612749,MIL,Milwaukee,1626171,Bobby Portis,Bobby,F,,34:36,5.0,12.0,0.417,0.0,4.0,0.0,2.0,2.0,1.0,2.0,10.0,12.0,1.0,0.0,0.0,3.0,2.0,12.0,11.0
22200665,1610612749,MIL,Milwaukee,201572,Brook Lopez,Brook,C,,29:22,7.0,12.0,0.583,3.0,5.0,0.6,2.0,2.0,1.0,0.0,1.0,1.0,1.0,0.0,2.0,1.0,3.0,19.0,9.0
22200665,1610612749,MIL,Milwaukee,1628960,Grayson Allen,Grayson,G,,32:56,8.0,13.0,0.615,4.0,5.0,0.8,5.0,5.0,1.0,0.0,5.0,5.0,1.0,1.0,0.0,1.0,2.0,25.0,9.0
22200665,1610612749,MIL,Milwaukee,201950,Jrue Holiday,Jrue,G,,35:20,16.0,26.0,0.615,5.0,10.0,0.5,0.0,0.0,0.0,1.0,5.0,6.0,7.0,2.0,1.0,2.0,4.0,37.0,22.0
22200665,1610612749,MIL,Milwaukee,204060,Joe Ingles,Joe,,,31:15,4.0,5.0,0.8,2.0,3.0,0.667,5.0,6.0,0.833,0.0,6.0,6.0,8.0,0.0,1.0,0.0,2.0,15.0,4.0
22200665,1610612749,MIL,Milwaukee,1628975,Jevon Carter,Jevon,,,7:05,0.0,0.0,0.0,0.0,0.0,0.0,0.0,0.0,0.0,0.0,0.0,0.0,0.0,0.0,0.0,1.0,1.0,0.0,-6.0
22200665,1610612749,MIL,Milwaukee,1629670,Jordan Nwora,Jordan,,,19:21,1.0,5.0,0.2,1.0,3.0,0.333,4.0,4.0,1.0,0.0,3.0,3.0,0.0,1.0,1.0,1.0,4.0,7.0,-5.0
22200665,1610612749,MIL,Milwaukee,1631260,AJ Green,AJ,,,6:02,0.0,0.0,0.0,0.0,0.0,0.0,0.0,0.0,0.0,0.0,1.0,1.0,2.0,0.0,0.0,1.0,0.0,0.0,-1.0
22200665,1610612749,MIL,Milwaukee,201588,George Hill,George,,,13:38,2.0,4.0,0.5,1.0,3.0,0.333,0.0,0.0,0.0,0.0,0.0,0.0,1.0,0.0,0.0,0.0,1.0,5.0,-13.0
22200665,1610612749,MIL,Milwaukee,203648,Thanasis Antetokounmpo,Thanasis,,DNP - Coach's Decision,,,,,,,,,,,,,,,,,,,,
22200665,1610612749,MIL,Milwaukee,1630699,MarJon Beauchamp,MarJon,,DNP - Coach's Decision,,,,,,,,,,,,,,,,,,,,
22200665,1610612749,MIL,Milwaukee,1630572,Sandro Mamukelashvili,Sandro,,DNP - Coach's Decision,,,,,,,,,,,,,,,,,,,,
22200665,1610612749,MIL,Milwaukee,202083,Wesley Matthews,Wesley,,DNP - Coach's Decision,,,,,,,,,,,,,,,,,,,,
22200660,1610612744,GSW,Golden State,203952,Andrew Wiggins,Andrew,F,,31:45,6.0,15.0,0.4,1.0,6.0,0.167,1.0,1.0,1.0,0.0,3.0,3.0,4.0,0.0,0.0,1.0,4.0,14.0,-12.0
22200660,1610612744,GSW,Golden State,203110,Draymond Green,Draymond,F,,35:12,5.0,7.0,0.714,2.0,3.0,0.667,5.0,6.0,0.833,2.0,4.0,6.0,10.0,3.0,0.0,2.0,3.0,17.0,-4.0
22200660,1610612744,GSW,Golden State,1626172,Kevon Looney,Kevon,C,,27:07,1.0,3.0,0.333,0.0,0.0,0.0,0.0,0.0,0.0,5.0,4.0,9.0,3.0,1.0,0.0,1.0,4.0,2.0,-2.0
22200660,1610612744,GSW,Golden State,1629673,Jordan Poole,Jordan,G,,36:41,12.0,20.0,0.6,7.0,13.0,0.538,1.0,1.0,1.0,0.0,7.0,7.0,3.0,2.0,1.0,4.0,3.0,32.0,-2.0
22200660,1610612744,GSW,Golden State,201939,Stephen Curry,Stephen,G,,37:50,12.0,28.0,0.429,6.0,15.0,0.4,11.0,12.0,0.917,1.0,6.0,7.0,2.0,0.0,0.0,4.0,1.0,41.0,14.0
22200660,1610612744,GSW,Golden State,1629660,Ty Jerome,Ty,,,14:15,0.0,3.0,0.0,0.0,0.0,0.0,0.0,0.0,0.0,0.0,1.0,1.0,2.0,2.0,0.0,0.0,2.0,0.0,2.0
22200660,1610612744,GSW,Golden State,1630237,Anthony Lamb,Anthony,,,24:48,4.0,5.0,0.8,2.0,2.0,1.0,0.0,0.0,0.0,1.0,4.0,5.0,1.0,0.0,0.0,0.0,2.0,10.0,36.0
22200660,1610612744,GSW,Golden State,1628978,Donte DiVincenzo,Donte,,,26:59,5.0,9.0,0.556,0.0,4.0,0.0,1.0,1.0,1.0,0.0,5.0,5.0,3.0,0.0,0.0,0.0,3.0,11.0,15.0
22200660,1610612744,GSW,Golden State,1630541,Moses Moody,Moses,,,5:23,0.0,1.0,0.0,0.0,1.0,0.0,0.0,0.0,0.0,0.0,0.0,0.0,0.0,0.0,0.0,0.0,1.0,0.0,-2.0
22200660,1610612744,GSW,Golden State,1631116,Patrick Baldwin Jr.,Patrick,,DNP - Coach's Decision,,,,,,,,,,,,,,,,,,,,
22200660,1610612744,GSW,Golden State,202691,Klay Thompson,Klay,,DND - Injury/Illness,,,,,,,,,,,,,,,,,,,,
22200660,1610612764,WAS,Washington,1628398,Kyle Kuzma,Kyle,F,,40:06,5.0,20.0,0.25,4.0,12.0,0.333,2.0,4.0,0.5,3.0,8.0,11.0,5.0,1.0,0.0,6.0,2.0,16.0,-15.0
22200660,1610612764,WAS,Washington,204001,Kristaps Porziņģis,Kristaps,F,,36:39,9.0,15.0,0.6,3.0,7.0,0.429,11.0,12.0,0.917,0.0,5.0,5.0,3.0,1.0,2.0,1.0,3.0,32.0,-17.0
22200660,1610612764,WAS,Washington,1629655,Daniel Gafford,Daniel,C,,22:01,6.0,8.0,0.75,0.0,0.0,0.0,2.0,2.0,1.0,1.0,4.0,5.0,0.0,0.0,0.0,1.0,3.0,14.0,17.0
22200660,1610612764,WAS,Washington,1630557,Corey Kispert,Corey,G,,27:39,2.0,5.0,0.4,1.0,4.0,0.25,0.0,0.0,0.0,0.0,2.0,2.0,1.0,0.0,0.0,1.0,1.0,5.0,11.0
22200660,1610612764,WAS,Washington,1628420,Monté Morris,Monté,G,,31:16,6.0,13.0,0.462,3.0,4.0,0.75,2.0,2.0,1.0,0.0,4.0,4.0,10.0,2.0,0.0,1.0,4.0,17.0,-3.0
22200660,1610612764,WAS,Washington,1629060,Rui Hachimura,Rui,,,26:15,7.0,9.0,0.778,2.0,3.0,0.667,0.0,0.0,0.0,0.0,1.0,1.0,2.0,0.0,0.0,1.0,1.0,16.0,-8.0
22200660,1610612764,WAS,Washington,1630166,Deni Avdija,Deni,,,13:57,3.0,9.0,0.333,0.0,2.0,0.0,0.0,0.0,0.0,2.0,3.0,5.0,2.0,0.0,0.0,2.0,4.0,6.0,-4.0
22200660,1610612764,WAS,Washington,1626153,Delon Wright,Delon,,,27:42,3.0,5.0,0.6,1.0,2.0,0.5,2.0,2.0,1.0,0.0,1.0,1.0,7.0,2.0,0.0,1.0,2.0,9.0,-19.0
22200660,1610612764,WAS,Washington,1630692,Jordan Goodwin,Jordan,,,14:25,1.0,2.0,0.5,0.0,1.0,0.0,1.0,1.0,1.0,0.0,2.0,2.0,1.0,1.0,0.0,0.0,1.0,3.0,-7.0
22200660,1610612764,WAS,Washington,203115,Will Barton,Will,,DNP - Coach's Decision,,,,,,,,,,,,,,,,,,,,
22200660,1610612764,WAS,Washington,1631098,Johnny Davis,Johnny,,DNP - Coach's Decision,,,,,,,,,,,,,,,,,,,,
22200660,1610612764,WAS,Washington,201959,Taj Gibson,Taj,,DNP - Coach's Decision,,,,,,,,,,,,,,,,,,,,
22200660,1610612764,WAS,Washington,1630264,Anthony Gill,Anthony,,DNP - Coach's Decision,,,,,,,,,,,,,,,,,,,,
22200657,1610612754,IND,Indiana,1631097,Bennedict Mathurin,Bennedict,F,,28:04,3.0,8.0,0.375,0.0,2.0,0.0,6.0,6.0,1.0,2.0,6.0,8.0,1.0,0.0,0.0,4.0,2.0,12.0,-8.0
22200657,1610612754,IND,Indiana,1630174,Aaron Nesmith,Aaron,F,,24:09,3.0,8.0,0.375,1.0,4.0,0.25,0.0,0.0,0.0,0.0,1.0,1.0,0.0,0.0,0.0,1.0,4.0,7.0,-17.0
22200657,1610612754,IND,Indiana,1626167,Myles Turner,Myles,C,,36:05,11.0,17.0,0.647,5.0,9.0,0.556,3.0,3.0,1.0,0.0,8.0,8.0,2.0,0.0,4.0,1.0,2.0,30.0,-11.0
22200657,1610612754,IND,Indiana,1627741,Buddy Hield,Buddy,G,,37:59,6.0,15.0,0.4,5.0,10.0,0.5,1.0,1.0,1.0,0.0,5.0,5.0,5.0,1.0,0.0,2.0,3.0,18.0,-19.0
22200657,1610612754,IND,Indiana,1629614,Andrew Nembhard,Andrew,G,,32:40,3.0,9.0,0.333,1.0,6.0,0.167,0.0,0.0,0.0,0.0,2.0,2.0,9.0,2.0,0.0,4.0,1.0,7.0,-11.0
22200657,1610612754,IND,Indiana,1630537,Chris Duarte,Chris,,,20:09,2.0,5.0,0.4,2.0,3.0,0.667,0.0,0.0,0.0,0.0,0.0,0.0,2.0,0.0,0.0,0.0,1.0,6.0,-4.0
22200657,1610612754,IND,Indiana,204456,T.J. McConnell,T.J.,,,31:39,11.0,16.0,0.688,4.0,4.0,1.0,3.0,3.0,1.0,1.0,4.0,5.0,9.0,3.0,0.0,1.0,0.0,29.0,0.0
22200657,1610612754,IND,Indiana,1630188,Jalen Smith,Jalen,,,10:31,1.0,3.0,0.333,0.0,1.0,0.0,0.0,0.0,0.0,0.0,1.0,1.0,0.0,0.0,0.0,1.0,2.0,2.0,-5.0
22200657,1610612754,IND,Indiana,1629052,Oshae Brissett,Oshae,,,17:20,2.0,2.0,1.0,1.0,1.0,1.0,0.0,0.0,0.0,1.0,6.0,7.0,1.0,0.0,1.0,0.0,1.0,5.0,7.0
22200657,1610612754,IND,Indiana,1630543,Isaiah Jackson,Isaiah,,,1:24,1.0,1.0,1.0,0.0,0.0,0.0,1.0,2.0,0.5,0.0,0.0,0.0,0.0,0.0,0.0,1.0,1.0,3.0,3.0
22200657,1610612754,IND,Indiana,1629048,Goga Bitadze,Goga,,DNP - Coach's Decision,,,,,,,,,,,,,,,,,,,,
22200657,1610612754,IND,Indiana,201949,James Johnson,James,,DNP - Coach's Decision,,,,,,,,,,,,,,,,,,,,
22200657,1610612754,IND,Indiana,1630243,Trevelin Queen,Trevelin,,DNP - Coach's Decision,,,,,,,,,,,,,,,,,,,,
22200657,1610612754,IND,Indiana,1630678,Terry Taylor,Terry,,DNP - Coach's Decision,,,,,,,,,,,,,,,,,,,,
22200657,1610612749,MIL,Milwaukee,1626192,Pat Connaughton,Pat,F,,28:28,3.0,7.0,0.429,2.0,5.0,0.4,0.0,0.0,0.0,1.0,7.0,8.0,1.0,1.0,0.0,1.0,1.0,8.0,6.0
22200657,1610612749,MIL,Milwaukee,1626171,Bobby Portis,Bobby,F,,33:49,7.0,16.0,0.438,3.0,6.0,0.5,4.0,4.0,1.0,2.0,9.0,11.0,4.0,0.0,0.0,3.0,2.0,21.0,16.0
22200657,1610612749,MIL,Milwaukee,201572,Brook Lopez,Brook,C,,33:37,8.0,11.0,0.727,3.0,5.0,0.6,0.0,0.0,0.0,2.0,4.0,6.0,1.0,0.0,1.0,2.0,1.0,19.0,12.0
22200657,1610612749,MIL,Milwaukee,1628960,Grayson Allen,Grayson,G,,31:50,6.0,13.0,0.462,3.0,7.0,0.429,2.0,2.0,1.0,1.0,4.0,5.0,4.0,2.0,0.0,2.0,1.0,17.0,17.0
22200657,1610612749,MIL,Milwaukee,201950,Jrue Holiday,Jrue,G,,37:14,13.0,19.0,0.684,5.0,8.0,0.625,4.0,4.0,1.0,1.0,3.0,4.0,11.0,2.0,0.0,2.0,3.0,35.0,18.0
22200657,1610612749,MIL,Milwaukee,1628975,Jevon Carter,Jevon,,,11:12,0.0,2.0,0.0,0.0,2.0,0.0,1.0,2.0,0.5,0.0,0.0,0.0,1.0,0.0,0.0,1.0,1.0,1.0,-7.0
22200657,1610612749,MIL,Milwaukee,1629670,Jordan Nwora,Jordan,,,23:15,4.0,9.0,0.444,4.0,4.0,1.0,2.0,3.0,0.667,2.0,4.0,6.0,2.0,0.0,0.0,2.0,1.0,14.0,5.0
22200657,1610612749,MIL,Milwaukee,1631260,AJ Green,AJ,,,11:54,2.0,7.0,0.286,2.0,6.0,0.333,0.0,0.0,0.0,0.0,0.0,0.0,1.0,1.0,0.0,0.0,2.0,6.0,-8.0
22200657,1610612749,MIL,Milwaukee,201588,George Hill,George,,,22:28,4.0,6.0,0.667,1.0,3.0,0.333,0.0,0.0,0.0,0.0,0.0,0.0,6.0,3.0,0.0,0.0,2.0,9.0,2.0
22200657,1610612749,MIL,Milwaukee,202083,Wesley Matthews,Wesley,,,6:13,1.0,1.0,1.0,0.0,0.0,0.0,0.0,0.0,0.0,0.0,1.0,1.0,1.0,0.0,0.0,0.0,0.0,2.0,4.0
22200657,1610612749,MIL,Milwaukee,203648,Thanasis Antetokounmpo,Thanasis,,DNP - Coach's Decision,,,,,,,,,,,,,,,,,,,,
22200657,1610612749,MIL,Milwaukee,1630699,MarJon Beauchamp,MarJon,,DNP - Coach's Decision,,,,,,,,,,,,,,,,,,,,
22200657,1610612749,MIL,Milwaukee,1630572,Sandro Mamukelashvili,Sandro,,DNP - Coach's Decision,,,,,,,,,,,,,,,,,,,,
22200662,1610612762,UTA,Utah,1627736,Malik Beasley,Malik,F,,33:13,4.0,10.0,0.4,1.0,6.0,0.167,1.0,2.0,0.5,1.0,3.0,4.0,2.0,0.0,0.0,3.0,2.0,10.0,4.0
22200662,1610612762,UTA,Utah,1629020,Jarred Vanderbilt,Jarred,F,,26:02,4.0,5.0,0.8,0.0,0.0,0.0,7.0,8.0,0.875,2.0,6.0,8.0,4.0,0.0,1.0,3.0,4.0,15.0,-2.0
22200662,1610612762,UTA,Utah,1631117,Walker Kessler,Walker,C,,31:03,9.0,13.0,0.692,0.0,0.0,0.0,2.0,4.0,0.5,9.0,12.0,21.0,4.0,0.0,2.0,1.0,1.0,20.0,0.0
22200662,1610612762,UTA,Utah,203903,Jordan Clarkson,Jordan,G,,33:19,6.0,16.0,0.375,4.0,10.0,0.4,5.0,6.0,0.833,0.0,1.0,1.0,1.0,0.0,1.0,3.0,0.0,21.0,3.0
22200662,1610612762,UTA,Utah,201144,Mike Conley,Mike,G,,30:18,5.0,8.0,0.625,3.0,6.0,0.5,1.0,1.0,1.0,1.0,7.0,8.0,6.0,0.0,0.0,0.0,0.0,14.0,9.0
22200662,1610612762,UTA,Utah,1630534,Ochai Agbaji,Ochai,,,31:16,6.0,8.0,0.75,3.0,4.0,0.75,2.0,2.0,1.0,1.0,1.0,2.0,0.0,0.0,1.0,1.0,1.0,17.0,3.0
22200662,1610612762,UTA,Utah,1629012,Collin Sexton,Collin,,,26:10,7.0,10.0,0.7,0.0,0.0,0.0,5.0,5.0,1.0,0.0,4.0,4.0,4.0,0.0,0.0,3.0,3.0,19.0,-1.0
22200662,1610612762,UTA,Utah,200752,Rudy Gay,Rudy,,,10:13,0.0,4.0,0.0,0.0,2.0,0.0,0.0,0.0,0.0,0.0,1.0,1.0,1.0,0.0,0.0,0.0,0.0,0.0,-9.0
22200662,1610612762,UTA,Utah,1629659,Talen Horton-Tucker,Talen,,,8:16,2.0,7.0,0.286,1.0,4.0,0.25,0.0,0.0,0.0,0.0,0.0,0.0,1.0,0.0,0.0,1.0,1.0,5.0,-5.0
22200662,1610612762,UTA,Utah,1629638,Nickeil Alexander-Walker,Nickeil,,,10:11,2.0,3.0,0.667,1.0,2.0,0.5,0.0,0.0,0.0,0.0,1.0,1.0,2.0,0.0,0.0,3.0,0.0,5.0,3.0
22200662,1610612762,UTA,Utah,1628962,Udoka Azubuike,Udoka,,DNP - Coach's Decision,,,,,,,,,,,,,,,,,,,,
22200662,1610612762,UTA,Utah,1630195,Leandro Bolmaro,Leandro,,DNP - Coach's Decision,,,,,,,,,,,,,,,,,,,,
22200662,1610612762,UTA,Utah,1631323,Simone Fontecchio,Simone,,DNP - Coach's Decision,,,,,,,,,,,,,,,,,,,,
22200662,1610612762,UTA,Utah,1630695,Micah Potter,Micah,,DNP - Coach's Decision,,,,,,,,,,,,,,,,,,,,
22200662,1610612750,MIN,Minnesota,1630183,Jaden McDaniels,Jaden,F,,20:41,2.0,8.0,0.25,1.0,3.0,0.333,0.0,0.0,0.0,3.0,2.0,5.0,2.0,2.0,0.0,1.0,5.0,5.0,10.0
22200662,1610612750,MIN,Minnesota,203937,Kyle Anderson,Kyle,F,,34:23,6.0,12.0,0.5,1.0,2.0,0.5,0.0,0.0,0.0,3.0,8.0,11.0,10.0,1.0,1.0,0.0,4.0,13.0,-7.0
22200662,1610612750,MIN,Minnesota,203497,Rudy Gobert,Rudy,C,,4:58,1.0,1.0,1.0,0.0,0.0,0.0,0.0,0.0,0.0,0.0,1.0,1.0,0.0,0.0,0.0,0.0,0.0,2.0,0.0
22200662,1610612750,MIN,Minnesota,1630162,Anthony Edwards,Anthony,G,,36:19,10.0,25.0,0.4,4.0,10.0,0.4,5.0,5.0,1.0,0.0,4.0,4.0,5.0,3.0,0.0,2.0,1.0,29.0,-2.0
22200662,1610612750,MIN,Minnesota,1626156,D'Angelo Russell,D'Angelo,G,,30:58,6.0,11.0,0.545,3.0,6.0,0.5,6.0,6.0,1.0,1.0,0.0,1.0,7.0,0.0,1.0,1.0,1.0,21.0,3.0
22200662,1610612750,MIN,Minnesota,1629675,Naz Reid,Naz,,,21:45,3.0,8.0,0.375,1.0,4.0,0.25,0.0,0.0,0.0,4.0,3.0,7.0,0.0,0.0,2.0,1.0,5.0,7.0,-6.0
22200662,1610612750,MIN,Minnesota,1627752,Taurean Prince,Taurean,,,22:12,4.0,7.0,0.571,2.0,3.0,0.667,2.0,2.0,1.0,0.0,2.0,2.0,0.0,1.0,2.0,0.0,0.0,12.0,-2.0
22200662,1610612750,MIN,Minnesota,203085,Austin Rivers,Austin,,,27:01,4.0,7.0,0.571,2.0,4.0,0.5,0.0,0.0,0.0,0.0,3.0,3.0,1.0,0.0,0.0,0.0,3.0,10.0,-4.0
22200662,1610612750,MIN,Minnesota,1629669,Jaylen Nowell,Jaylen,,,21:52,6.0,11.0,0.545,2.0,5.0,0.4,2.0,2.0,1.0,1.0,1.0,2.0,1.0,0.0,0.0,0.0,1.0,16.0,2.0
22200662,1610612750,MIN,Minnesota,1630568,Luka Garza,Luka,,,10:49,1.0,7.0,0.143,1.0,2.0,0.5,0.0,2.0,0.0,4.0,0.0,4.0,1.0,1.0,0.0,0.0,0.0,3.0,-3.0
22200662,1610612750,MIN,Minnesota,1630233,Nathan Knight,Nathan,,,9:02,3.0,4.0,0.75,1.0,2.0,0.5,0.0,1.0,0.0,0.0,1.0,1.0,1.0,1.0,0.0,0.0,0.0,7.0,4.0
22200662,1610612750,MIN,Minnesota,1627854,Bryn Forbes,Bryn,,DNP - Coach's Decision,,,,,,,,,,,,,,,,,,,,
22200662,1610612750,MIN,Minnesota,1631169,Josh Minott,Josh,,DNP - Coach's Decision,,,,,,,,,,,,,,,,,,,,
22200662,1610612750,MIN,Minnesota,1631111,Wendell Moore Jr.,Wendell,,DNP - Coach's Decision,,,,,,,,,,,,,,,,,,,,
22200662,1610612750,MIN,Minnesota,1630346,Matt Ryan,Matt,,DNP - Coach's Decision,,,,,,,,,,,,,,,,,,,,
22200658,1610612740,NOP,New Orleans,1630230,Naji Marshall,Naji,F,,35:49,7.0,12.0,0.583,0.0,1.0,0.0,0.0,0.0,0.0,0.0,3.0,3.0,3.0,0.0,0.0,2.0,2.0,14.0,-15.0
22200658,1610612740,NOP,New Orleans,1630530,Trey Murphy III,Trey,F,,33:27,7.0,14.0,0.5,3.0,6.0,0.5,0.0,0.0,0.0,1.0,1.0,2.0,2.0,1.0,0.0,2.0,1.0,17.0,-16.0
22200658,1610612740,NOP,New Orleans,202685,Jonas Valančiūnas,Jonas,C,,34:58,7.0,9.0,0.778,1.0,1.0,1.0,7.0,9.0,0.778,2.0,11.0,13.0,2.0,0.0,1.0,4.0,3.0,22.0,-7.0
22200658,1610612740,NOP,New Orleans,203468,CJ McCollum,CJ,G,,35:30,8.0,20.0,0.4,3.0,9.0,0.333,6.0,8.0,0.75,0.0,0.0,0.0,4.0,0.0,0.0,4.0,1.0,25.0,-8.0
22200658,1610612740,NOP,New Orleans,1630700,Dyson Daniels,Dyson,G,,28:35,2.0,4.0,0.5,0.0,2.0,0.0,0.0,0.0,0.0,0.0,3.0,3.0,4.0,4.0,0.0,3.0,3.0,4.0,8.0
22200658,1610612740,NOP,New Orleans,1630631,Jose Alvarado,Jose,,,33:37,4.0,8.0,0.5,2.0,4.0,0.5,0.0,0.0,0.0,0.0,3.0,3.0,5.0,3.0,0.0,1.0,3.0,10.0,-2.0
22200658,1610612740,NOP,New Orleans,1628984,Devonte' Graham,Devonte',,,14:03,1.0,4.0,0.25,1.0,4.0,0.25,3.0,3.0,1.0,0.0,1.0,1.0,3.0,0.0,0.0,0.0,3.0,6.0,0.0
22200658,1610612740,NOP,New Orleans,1629637,Jaxson Hayes,Jaxson,,,9:24,0.0,1.0,0.0,0.0,0.0,0.0,1.0,2.0,0.5,0.0,0.0,0.0,0.0,0.0,0.0,1.0,4.0,1.0,-3.0
22200658,1610612740,NOP,New Orleans,1626204,Larry Nance Jr.,Larry,,,14:37,2.0,3.0,0.667,0.0,0.0,0.0,0.0,0.0,0.0,0.0,3.0,3.0,3.0,1.0,0.0,0.0,3.0,4.0,-7.0
22200658,1610612740,NOP,New Orleans,1626195,Willy Hernangomez,Willy,,DNP - Coach's Decision,,,,,,,,,,,,,,,,,,,,
22200658,1610612740,NOP,New Orleans,1630184,Kira Lewis Jr.,Kira,,DNP - Coach's Decision,,,,,,,,,,,,,,,,,,,,
22200658,1610612740,NOP,New Orleans,202066,Garrett Temple,Garrett,,DNP - Coach's Decision,,,,,,,,,,,,,,,,,,,,
22200658,1610612739,CLE,Cleveland,1630171,Isaac Okoro,Isaac,F,,28:40,4.0,8.0,0.5,2.0,4.0,0.5,1.0,2.0,0.5,0.0,4.0,4.0,1.0,2.0,0.0,1.0,1.0,11.0,2.0
22200658,1610612739,CLE,Cleveland,1630596,Evan Mobley,Evan,F,,39:43,8.0,10.0,0.8,0.0,0.0,0.0,3.0,4.0,0.75,1.0,7.0,8.0,0.0,0.0,1.0,2.0,2.0,19.0,8.0
22200658,1610612739,CLE,Cleveland,1628386,Jarrett Allen,Jarrett,C,,37:04,9.0,12.0,0.75,0.0,0.0,0.0,6.0,6.0,1.0,7.0,4.0,11.0,5.0,2.0,1.0,1.0,2.0,24.0,14.0
22200658,1610612739,CLE,Cleveland,1628378,Donovan Mitchell,Donovan,G,,21:49,3.0,9.0,0.333,2.0,6.0,0.333,3.0,3.0,1.0,0.0,1.0,1.0,0.0,0.0,1.0,4.0,1.0,11.0,2.0
22200658,1610612739,CLE,Cleveland,1629636,Darius Garland,Darius,G,,40:26,9.0,22.0,0.409,5.0,10.0,0.5,7.0,7.0,1.0,2.0,4.0,6.0,11.0,1.0,0.0,2.0,2.0,30.0,16.0
22200658,1610612739,CLE,Cleveland,1627747,Caris LeVert,Caris,,,15:18,3.0,5.0,0.6,0.0,1.0,0.0,2.0,5.0,0.4,0.0,0.0,0.0,2.0,0.0,0.0,2.0,2.0,8.0,-14.0
22200658,1610612739,CLE,Cleveland,201567,Kevin Love,Kevin,,,15:35,1.0,7.0,0.143,0.0,4.0,0.0,2.0,2.0,1.0,2.0,6.0,8.0,3.0,0.0,0.0,2.0,2.0,4.0,-7.0
22200658,1610612739,CLE,Cleveland,201937,Ricky Rubio,Ricky,,,16:48,1.0,4.0,0.25,0.0,2.0,0.0,0.0,0.0,0.0,0.0,1.0,1.0,0.0,0.0,0.0,0.0,4.0,2.0,13.0
22200658,1610612739,CLE,Cleveland,1626224,Cedi Osman,Cedi,,,5:01,0.0,1.0,0.0,0.0,0.0,0.0,1.0,2.0,0.5,0.0,0.0,0.0,0.0,0.0,0.0,0.0,1.0,1.0,0.0
22200658,1610612739,CLE,Cleveland,1630205,Lamar Stevens,Lamar,,,19:37,1.0,2.0,0.5,0.0,1.0,0.0,1.0,2.0,0.5,1.0,3.0,4.0,0.0,0.0,1.0,1.0,2.0,3.0,16.0
22200658,1610612739,CLE,Cleveland,1629603,Mamadi Diakite,Mamadi,,DNP - Coach's Decision,,,,,,,,,,,,,,,,,,,,
22200658,1610612739,CLE,Cleveland,201577,Robin Lopez,Robin,,DNP - Coach's Decision,,,,,,,,,,,,,,,,,,,,
22200658,1610612739,CLE,Cleveland,203526,Raul Neto,Raul,,DNP - Coach's Decision,,,,,,,,,,,,,,,,,,,,
22200656,1610612738,BOS,Boston,1628369,Jayson Tatum,Jayson,F,,40:10,15.0,23.0,0.652,7.0,12.0,0.583,14.0,14.0,1.0,1.0,8.0,9.0,5.0,0.0,0.0,4.0,3.0,51.0,15.0
22200656,1610612738,BOS,Boston,201143,Al Horford,Al,F,,30:45,3.0,8.0,0.375,2.0,4.0,0.5,0.0,0.0,0.0,1.0,2.0,3.0,3.0,1.0,0.0,0.0,1.0,8.0,10.0
22200656,1610612738,BOS,Boston,1629057,Robert Williams III,Robert,C,,27:21,4.0,5.0,0.8,0.0,0.0,0.0,0.0,0.0,0.0,2.0,7.0,9.0,3.0,0.0,1.0,1.0,0.0,8.0,0.0
22200656,1610612738,BOS,Boston,1628401,Derrick White,Derrick,G,,30:18,5.0,11.0,0.455,3.0,7.0,0.429,6.0,6.0,1.0,1.0,2.0,3.0,8.0,0.0,0.0,1.0,2.0,19.0,9.0
22200656,1610612738,BOS,Boston,203935,Marcus Smart,Marcus,G,,30:52,4.0,8.0,0.5,1.0,4.0,0.25,1.0,2.0,0.5,1.0,3.0,4.0,6.0,0.0,1.0,3.0,4.0,10.0,14.0
22200656,1610612738,BOS,Boston,1629684,Grant Williams,Grant,,,21:19,3.0,12.0,0.25,2.0,4.0,0.5,1.0,1.0,1.0,5.0,4.0,9.0,6.0,0.0,1.0,2.0,3.0,9.0,5.0
22200656,1610612738,BOS,Boston,1627763,Malcolm Brogdon,Malcolm,,,27:28,6.0,13.0,0.462,4.0,8.0,0.5,0.0,0.0,0.0,0.0,4.0,4.0,2.0,0.0,0.0,0.0,3.0,16.0,7.0
22200656,1610612738,BOS,Boston,1630202,Payton Pritchard,Payton,,,12:44,1.0,4.0,0.25,1.0,3.0,0.333,0.0,0.0,0.0,0.0,0.0,0.0,0.0,0.0,0.0,0.0,2.0,3.0,-3.0
22200656,1610612738,BOS,Boston,1630573,Sam Hauser,Sam,,,7:50,0.0,1.0,0.0,0.0,1.0,0.0,0.0,0.0,0.0,1.0,2.0,3.0,1.0,0.0,0.0,0.0,1.0,0.0,-3.0
22200656,1610612738,BOS,Boston,1628436,Luke Kornet,Luke,,,11:13,2.0,2.0,1.0,0.0,0.0,0.0,2.0,2.0,1.0,2.0,1.0,3.0,0.0,0.0,1.0,0.0,2.0,6.0,6.0
22200656,1610612738,BOS,Boston,1631120,JD Davison,JD,,DNP - Coach's Decision,,,,,,,,,,,,,,,,,,,,
22200656,1610612738,BOS,Boston,201933,Blake Griffin,Blake,,DNP - Coach's Decision,,,,,,,,,,,,,,,,,,,,
22200656,1610612738,BOS,Boston,1628382,Justin Jackson,Justin,,DNP - Coach's Decision,,,,,,,,,,,,,,,,,,,,
22200656,1610612766,CHA,Charlotte,1629667,Jalen McDaniels,Jalen,F,,35:26,9.0,15.0,0.6,5.0,7.0,0.714,3.0,3.0,1.0,2.0,1.0,3.0,1.0,2.0,0.0,1.0,1.0,26.0,-4.0
22200656,1610612766,CHA,Charlotte,1629023,P.J. Washington,P.J.,F,,36:53,5.0,9.0,0.556,2.0,3.0,0.667,5.0,6.0,0.833,1.0,3.0,4.0,3.0,1.0,2.0,1.0,2.0,17.0,-3.0
22200656,1610612766,CHA,Charlotte,203486,Mason Plumlee,Mason,C,,31:05,7.0,9.0,0.778,0.0,0.0,0.0,5.0,9.0,0.556,6.0,6.0,12.0,7.0,0.0,0.0,1.0,3.0,19.0,-12.0
22200656,1610612766,CHA,Charlotte,1626179,Terry Rozier,Terry,G,,36:18,6.0,17.0,0.353,1.0,4.0,0.25,1.0,2.0,0.5,1.0,2.0,3.0,7.0,3.0,0.0,0.0,1.0,14.0,-8.0
22200656,1610612766,CHA,Charlotte,1630163,LaMelo Ball,LaMelo,G,,34:45,8.0,23.0,0.348,5.0,12.0,0.417,4.0,4.0,1.0,2.0,3.0,5.0,6.0,0.0,0.0,2.0,5.0,25.0,-18.0
22200656,1610612766,CHA,Charlotte,1628372,Dennis Smith Jr.,Dennis,,,24:56,3.0,10.0,0.3,0.0,4.0,0.0,2.0,2.0,1.0,0.0,1.0,1.0,1.0,1.0,0.0,0.0,4.0,8.0,-7.0
22200656,1610612766,CHA,Charlotte,1630550,JT Thor,JT,,,11:07,0.0,2.0,0.0,0.0,1.0,0.0,0.0,0.0,0.0,0.0,1.0,1.0,1.0,0.0,0.0,0.0,0.0,0.0,-9.0
22200656,1610612766,CHA,Charlotte,1631121,Bryce McGowens,Bryce,,,12:35,0.0,1.0,0.0,0.0,0.0,0.0,0.0,0.0,0.0,0.0,3.0,3.0,0.0,0.0,0.0,0.0,1.0,0.0,1.0
22200656,1610612766,CHA,Charlotte,1631109,Mark Williams,Mark,,,16:55,3.0,4.0,0.75,0.0,0.0,0.0,3.0,4.0,0.75,1.0,5.0,6.0,0.0,0.0,0.0,0.0,1.0,9.0,0.0
22200656,1610612766,CHA,Charlotte,1630547,James Bouknight,James,,DNP - Coach's Decision,,,,,,,,,,,,,,,,,,,,
22200656,1610612766,CHA,Charlotte,1630539,Kai Jones,Kai,,DNP - Coach's Decision,,,,,,,,,,,,,,,,,,,,
22200656,1610612766,CHA,Charlotte,1630208,Nick Richards,Nick,,DNP - Coach's Decision,,,,,,,,,,,,,,,,,,,,
22200664,1610612745,HOU,Houston,1630231,KJ Martin,KJ,F,,30:20,7.0,15.0,0.467,2.0,5.0,0.4,1.0,2.0,0.5,2.0,5.0,7.0,0.0,0.0,2.0,2.0,4.0,17.0,-13.0
22200664,1610612745,HOU,Houston,1631095,Jabari Smith Jr.,Jabari,F,,28:28,5.0,11.0,0.455,1.0,4.0,0.25,3.0,4.0,0.75,1.0,3.0,4.0,4.0,0.0,0.0,1.0,5.0,14.0,-15.0
22200664,1610612745,HOU,Houston,1630578,Alperen Sengun,Alperen,C,,37:20,14.0,17.0,0.824,2.0,2.0,1.0,3.0,5.0,0.6,4.0,11.0,15.0,6.0,0.0,4.0,2.0,5.0,33.0,-6.0
22200664,1610612745,HOU,Houston,201569,Eric Gordon,Eric,G,,31:58,5.0,11.0,0.455,0.0,2.0,0.0,9.0,11.0,0.818,0.0,2.0,2.0,8.0,0.0,0.0,0.0,1.0,19.0,-9.0
22200664,1610612745,HOU,Houston,1630224,Jalen Green,Jalen,G,,39:22,7.0,20.0,0.35,3.0,10.0,0.3,6.0,8.0,0.75,1.0,4.0,5.0,3.0,0.0,0.0,1.0,3.0,23.0,-16.0
22200664,1610612745,HOU,Houston,1630256,Jae'Sean Tate,Jae'Sean,,,17:40,3.0,8.0,0.375,0.0,1.0,0.0,1.0,1.0,1.0,1.0,0.0,1.0,4.0,0.0,0.0,0.0,3.0,7.0,5.0
22200664,1610612745,HOU,Houston,1630528,Josh Christopher,Josh,,,10:23,0.0,4.0,0.0,0.0,2.0,0.0,0.0,0.0,0.0,1.0,0.0,1.0,1.0,0.0,0.0,0.0,0.0,0.0,4.0
22200664,1610612745,HOU,Houston,1631106,Tari Eason,Tari,,,19:32,4.0,6.0,0.667,1.0,1.0,1.0,0.0,0.0,0.0,5.0,2.0,7.0,0.0,0.0,1.0,1.0,2.0,9.0,7.0
22200664,1610612745,HOU,Houston,1630586,Usman Garuba,Usman,,,10:40,2.0,3.0,0.667,0.0,0.0,0.0,0.0,0.0,0.0,1.0,1.0,2.0,1.0,0.0,0.0,0.0,1.0,4.0,-2.0
22200664,1610612745,HOU,Houston,1629726,Garrison Mathews,Garrison,,,14:17,2.0,5.0,0.4,2.0,3.0,0.667,0.0,0.0,0.0,1.0,3.0,4.0,1.0,0.0,0.0,1.0,1.0,6.0,5.0
22200664,1610612745,HOU,Houston,1628981,Bruno Fernando,Bruno,,DNP - Coach's Decision,,,,,,,,,,,,,,,,,,,,
22200664,1610612745,HOU,Houston,1626246,Boban Marjanović,Boban,,DNP - Coach's Decision,,,,,,,,,,,,,,,,,,,,
22200664,1610612745,HOU,Houston,1630227,Daishen Nix,Daishen,,DNP - Coach's Decision,,,,,,,,,,,,,,,,,,,,
22200664,1610612745,HOU,Houston,1631102,TyTy Washington Jr.,TyTy,,DNP - Coach's Decision,,,,,,,,,,,,,,,,,,,,
22200664,1610612747,LAL,Los Angeles,1628972,Troy Brown Jr.,Troy,F,,29:40,2.0,4.0,0.5,2.0,4.0,0.5,0.0,0.0,0.0,0.0,3.0,3.0,1.0,1.0,1.0,1.0,0.0,6.0,-3.0
22200664,1610612747,LAL,Los Angeles,2544,LeBron James,LeBron,F,,35:51,16.0,26.0,0.615,5.0,10.0,0.5,11.0,12.0,0.917,1.0,7.0,8.0,9.0,0.0,0.0,0.0,1.0,48.0,19.0
22200664,1610612747,LAL,Los Angeles,1628418,Thomas Bryant,Thomas,C,,17:41,1.0,6.0,0.167,0.0,1.0,0.0,4.0,4.0,1.0,0.0,6.0,6.0,0.0,0.0,2.0,0.0,3.0,6.0,-10.0
22200664,1610612747,LAL,Los Angeles,201976,Patrick Beverley,Patrick,G,,21:54,3.0,6.0,0.5,3.0,6.0,0.5,2.0,2.0,1.0,0.0,2.0,2.0,1.0,0.0,0.0,0.0,2.0,11.0,1.0
22200664,1610612747,LAL,Los Angeles,203471,Dennis Schröder,Dennis,G,,33:13,3.0,9.0,0.333,0.0,1.0,0.0,3.0,5.0,0.6,0.0,2.0,2.0,3.0,0.0,0.0,0.0,3.0,9.0,10.0
22200664,1610612747,LAL,Los Angeles,1629117,Wenyen Gabriel,Wenyen,,,24:07,5.0,8.0,0.625,0.0,1.0,0.0,4.0,4.0,1.0,5.0,4.0,9.0,1.0,1.0,2.0,0.0,6.0,14.0,15.0
22200664,1610612747,LAL,Los Angeles,201566,Russell Westbrook,Russell,,,32:11,9.0,16.0,0.563,0.0,3.0,0.0,6.0,8.0,0.75,2.0,3.0,5.0,4.0,1.0,0.0,0.0,2.0,24.0,17.0
22200664,1610612747,LAL,Los Angeles,1629134,Kendrick Nunn,Kendrick,,,23:58,7.0,12.0,0.583,1.0,5.0,0.2,0.0,0.0,0.0,0.0,2.0,2.0,1.0,0.0,0.0,0.0,0.0,15.0,-6.0
22200664,1610612747,LAL,Los Angeles,1629308,Juan Toscano-Anderson,Juan,,,16:14,3.0,4.0,0.75,1.0,2.0,0.5,0.0,0.0,0.0,1.0,1.0,2.0,3.0,1.0,0.0,1.0,2.0,7.0,-6.0
22200664,1610612747,LAL,Los Angeles,1631108,Max Christie,Max,,,5:11,0.0,0.0,0.0,0.0,0.0,0.0,0.0,0.0,0.0,0.0,0.0,0.0,0.0,0.0,0.0,0.0,0.0,0.0,3.0
22200664,1610612747,LAL,Los Angeles,1627745,Damian Jones,Damian,,DNP - Coach's Decision,,,,,,,,,,,,,,,,,,,,
22200664,1610612747,LAL,Los Angeles,1630590,Scotty Pippen Jr.,Scotty,,DNP - Coach's Decision,,,,,,,,,,,,,,,,,,,,
22200664,1610612747,LAL,Los Angeles,1631306,Cole Swider,Cole,,DNP - Coach's Decision,,,,,,,,,,,,,,,,,,,,
22200663,1610612756,PHX,Phoenix,1628470,Torrey Craig,Torrey,F,,25:16,2.0,7.0,0.286,0.0,4.0,0.0,0.0,0.0,0.0,0.0,1.0,1.0,1.0,0.0,0.0,0.0,3.0,4.0,-30.0
22200663,1610612756,PHX,Phoenix,203967,Dario Šarić,Dario,F,,23:24,4.0,9.0,0.444,2.0,5.0,0.4,2.0,2.0,1.0,2.0,5.0,7.0,5.0,0.0,0.0,3.0,3.0,12.0,-17.0
22200663,1610612756,PHX,Phoenix,1629028,Deandre Ayton,Deandre,C,,30:14,8.0,11.0,0.727,0.0,0.0,0.0,2.0,2.0,1.0,1.0,4.0,5.0,1.0,0.0,0.0,2.0,4.0,18.0,-14.0
22200663,1610612756,PHX,Phoenix,1628969,Mikal Bridges,Mikal,G,,29:57,8.0,16.0,0.5,1.0,3.0,0.333,4.0,4.0,1.0,0.0,4.0,4.0,7.0,2.0,1.0,3.0,1.0,21.0,-14.0
22200663,1610612756,PHX,Phoenix,1629013,Landry Shamet,Landry,G,,25:54,2.0,9.0,0.222,1.0,6.0,0.167,4.0,4.0,1.0,0.0,4.0,4.0,6.0,0.0,0.0,1.0,2.0,9.0,-28.0
22200663,1610612756,PHX,Phoenix,1630240,Saben Lee,Saben,,,28:27,3.0,9.0,0.333,1.0,2.0,0.5,3.0,4.0,0.75,1.0,1.0,2.0,3.0,1.0,0.0,1.0,3.0,10.0,-16.0
22200663,1610612756,PHX,Phoenix,1627814,Damion Lee,Damion,,,25:56,3.0,11.0,0.273,2.0,4.0,0.5,0.0,0.0,0.0,0.0,2.0,2.0,9.0,0.0,0.0,2.0,2.0,8.0,-2.0
22200663,1610612756,PHX,Phoenix,1629111,Jock Landale,Jock,,,13:40,1.0,2.0,0.5,0.0,1.0,0.0,3.0,3.0,1.0,2.0,1.0,3.0,0.0,0.0,0.0,0.0,2.0,5.0,0.0
22200663,1610612756,PHX,Phoenix,1630688,Ish Wainright,Ish,,,15:38,1.0,4.0,0.25,0.0,3.0,0.0,0.0,0.0,0.0,1.0,2.0,3.0,1.0,1.0,1.0,1.0,1.0,2.0,-8.0
22200663,1610612756,PHX,Phoenix,1629006,Josh Okogie,Josh,,,9:25,3.0,6.0,0.5,3.0,5.0,0.6,0.0,0.0,0.0,0.0,1.0,1.0,0.0,0.0,0.0,1.0,0.0,9.0,-10.0
22200663,1610612756,PHX,Phoenix,202687,Bismack Biyombo,Bismack,,,12:09,4.0,5.0,0.8,0.0,0.0,0.0,0.0,0.0,0.0,2.0,3.0,5.0,0.0,0.0,2.0,1.0,1.0,8.0,-11.0
22200663,1610612756,PHX,Phoenix,1630613,Duane Washington Jr.,Duane,,DNP - Coach's Decision,,,,,,,,,,,,,,,,,,,,
22200663,1610612763,MEM,Memphis,1628415,Dillon Brooks,Dillon,F,,23:54,4.0,8.0,0.5,0.0,0.0,0.0,1.0,2.0,0.5,0.0,2.0,2.0,1.0,1.0,0.0,1.0,3.0,9.0,20.0
22200663,1610612763,MEM,Memphis,1628991,Jaren Jackson Jr.,Jaren,F,,25:35,5.0,11.0,0.455,1.0,4.0,0.25,7.0,8.0,0.875,2.0,6.0,8.0,1.0,2.0,6.0,1.0,0.0,18.0,30.0
22200663,1610612763,MEM,Memphis,203500,Steven Adams,Steven,C,,24:07,4.0,5.0,0.8,0.0,0.0,0.0,0.0,0.0,0.0,5.0,4.0,9.0,2.0,0.0,0.0,1.0,3.0,8.0,17.0
22200663,1610612763,MEM,Memphis,1630217,Desmond Bane,Desmond,G,,26:58,10.0,12.0,0.833,3.0,4.0,0.75,5.0,5.0,1.0,0.0,3.0,3.0,6.0,2.0,0.0,2.0,2.0,28.0,25.0
22200663,1610612763,MEM,Memphis,1629630,Ja Morant,Ja,G,,27:14,11.0,20.0,0.55,5.0,8.0,0.625,2.0,2.0,1.0,0.0,2.0,2.0,7.0,1.0,0.0,1.0,1.0,29.0,14.0
22200663,1610612763,MEM,Memphis,1630583,Santi Aldama,Santi,,,22:25,2.0,6.0,0.333,2.0,5.0,0.4,0.0,0.0,0.0,1.0,4.0,5.0,1.0,0.0,0.0,2.0,2.0,6.0,0.0
22200663,1610612763,MEM,Memphis,1630533,Ziaire Williams,Ziaire,,,17:18,1.0,3.0,0.333,1.0,3.0,0.333,0.0,0.0,0.0,1.0,2.0,3.0,0.0,0.0,0.0,0.0,3.0,3.0,14.0
22200663,1610612763,MEM,Memphis,1626145,Tyus Jones,Tyus,,,21:51,4.0,12.0,0.333,2.0,8.0,0.25,0.0,0.0,0.0,0.0,4.0,4.0,8.0,0.0,0.0,1.0,1.0,10.0,9.0
22200663,1610612763,MEM,Memphis,1629634,Brandon Clarke,Brandon,,,17:51,6.0,8.0,0.75,0.0,0.0,0.0,1.0,3.0,0.333,2.0,4.0,6.0,1.0,0.0,0.0,0.0,2.0,13.0,14.0
22200663,1610612763,MEM,Memphis,1631223,David Roddy,David,,,18:14,4.0,8.0,0.5,2.0,3.0,0.667,0.0,0.0,0.0,1.0,7.0,8.0,0.0,1.0,0.0,1.0,2.0,10.0,14.0
22200663,1610612763,MEM,Memphis,1630214,Xavier Tillman,Xavier,,,5:53,0.0,1.0,0.0,0.0,0.0,0.0,0.0,0.0,0.0,0.0,0.0,0.0,1.0,0.0,0.0,0.0,0.0,0.0,-1.0
22200663,1610612763,MEM,Memphis,1631113,Kennedy Chandler,Kennedy,,,4:43,1.0,2.0,0.5,0.0,0.0,0.0,0.0,0.0,0.0,1.0,0.0,1.0,1.0,0.0,0.0,0.0,0.0,2.0,-2.0
22200663,1610612763,MEM,Memphis,1631222,Jake LaRavia,Jake,,,3:57,0.0,2.0,0.0,0.0,2.0,0.0,0.0,0.0,0.0,0.0,0.0,0.0,0.0,1.0,0.0,0.0,0.0,0.0,-4.0
22200661,1610612748,MIA,Miami,202710,Jimmy Butler III,Jimmy,F,,33:59,11.0,16.0,0.688,1.0,1.0,1.0,11.0,11.0,1.0,2.0,1.0,3.0,3.0,2.0,1.0,2.0,2.0,34.0,4.0
22200661,1610612748,MIA,Miami,1628997,Caleb Martin,Caleb,F,,25:37,3.0,5.0,0.6,1.0,1.0,1.0,0.0,0.0,0.0,2.0,4.0,6.0,1.0,2.0,0.0,2.0,5.0,7.0,3.0
22200661,1610612748,MIA,Miami,1628389,Bam Adebayo,Bam,C,,36:10,9.0,19.0,0.474,0.0,0.0,0.0,2.0,2.0,1.0,6.0,7.0,13.0,5.0,3.0,3.0,3.0,3.0,20.0,6.0
22200661,1610612748,MIA,Miami,1629639,Tyler Herro,Tyler,G,,31:20,7.0,16.0,0.438,1.0,8.0,0.125,0.0,0.0,0.0,0.0,5.0,5.0,4.0,0.0,0.0,1.0,1.0,15.0,5.0
22200661,1610612748,MIA,Miami,1629216,Gabe Vincent,Gabe,G,,26:12,4.0,10.0,0.4,2.0,7.0,0.286,0.0,0.0,0.0,1.0,2.0,3.0,3.0,2.0,0.0,2.0,2.0,10.0,-8.0
22200661,1610612748,MIA,Miami,203506,Victor Oladipo,Victor,,,34:21,3.0,8.0,0.375,0.0,4.0,0.0,1.0,2.0,0.5,1.0,5.0,6.0,10.0,1.0,0.0,0.0,3.0,7.0,-10.0
22200661,1610612748,MIA,Miami,1629622,Max Strus,Max,,,27:49,3.0,9.0,0.333,2.0,7.0,0.286,5.0,5.0,1.0,0.0,2.0,2.0,3.0,0.0,0.0,3.0,3.0,13.0,-18.0
22200661,1610612748,MIA,Miami,1631115,Orlando Robinson,Orlando,,,11:50,0.0,1.0,0.0,0.0,0.0,0.0,0.0,0.0,0.0,0.0,1.0,1.0,1.0,0.0,0.0,0.0,2.0,0.0,-14.0
22200661,1610612748,MIA,Miami,1629312,Haywood Highsmith,Haywood,,,12:42,3.0,5.0,0.6,1.0,3.0,0.333,0.0,0.0,0.0,0.0,2.0,2.0,0.0,0.0,0.0,1.0,1.0,7.0,-8.0
22200661,1610612748,MIA,Miami,203473,Dewayne Dedmon,Dewayne,,DNP - Coach's Decision,,,,,,,,,,,,,,,,,,,,
22200661,1610612748,MIA,Miami,2617,Udonis Haslem,Udonis,,DNP - Coach's Decision,,,,,,,,,,,,,,,,,,,,
22200661,1610612737,ATL,Atlanta,1629631,De'Andre Hunter,De'Andre,F,,33:24,6.0,10.0,0.6,1.0,4.0,0.25,2.0,2.0,1.0,0.0,4.0,4.0,4.0,0.0,0.0,1.0,3.0,15.0,0.0
22200661,1610612737,ATL,Atlanta,1628381,John Collins,John,F,,31:58,6.0,9.0,0.667,0.0,1.0,0.0,2.0,2.0,1.0,1.0,3.0,4.0,1.0,0.0,0.0,1.0,1.0,14.0,9.0
22200661,1610612737,ATL,Atlanta,1630168,Onyeka Okongwu,Onyeka,C,,27:18,3.0,3.0,1.0,0.0,0.0,0.0,2.0,2.0,1.0,1.0,2.0,3.0,0.0,1.0,1.0,2.0,5.0,8.0,7.0
22200661,1610612737,ATL,Atlanta,1627749,Dejounte Murray,Dejounte,G,,35:11,11.0,17.0,0.647,5.0,8.0,0.625,1.0,2.0,0.5,0.0,4.0,4.0,7.0,2.0,1.0,2.0,0.0,28.0,4.0
22200661,1610612737,ATL,Atlanta,1629027,Trae Young,Trae,G,,35:59,6.0,13.0,0.462,3.0,6.0,0.5,9.0,11.0,0.818,0.0,3.0,3.0,8.0,4.0,0.0,10.0,4.0,24.0,1.0
22200661,1610612737,ATL,Atlanta,203992,Bogdan Bogdanović,Bogdan,,,30:52,2.0,11.0,0.182,2.0,5.0,0.4,2.0,2.0,1.0,0.0,1.0,1.0,5.0,2.0,0.0,0.0,1.0,8.0,10.0
22200661,1610612737,ATL,Atlanta,203991,Clint Capela,Clint,,,20:32,6.0,7.0,0.857,0.0,0.0,0.0,0.0,1.0,0.0,0.0,6.0,6.0,0.0,0.0,3.0,0.0,1.0,12.0,-3.0
22200661,1610612737,ATL,Atlanta,1628988,Aaron Holiday,Aaron,,,4:30,0.0,0.0,0.0,0.0,0.0,0.0,0.0,0.0,0.0,0.0,0.0,0.0,0.0,0.0,0.0,0.0,1.0,0.0,3.0
22200661,1610612737,ATL,Atlanta,1631100,AJ Griffin,AJ,,,20:16,5.0,6.0,0.833,2.0,3.0,0.667,0.0,0.0,0.0,0.0,3.0,3.0,2.0,0.0,0.0,0.0,1.0,12.0,9.0
22200661,1610612737,ATL,Atlanta,202324,Derrick Favors,Derrick,,DNP - Coach's Decision,,,,,,,,,,,,,,,,,,,,
22200661,1610612737,ATL,Atlanta,203200,Justin Holiday,Justin,,DNP - Coach's Decision,,,,,,,,,,,,,,,,,,,,
22200661,1610612737,ATL,Atlanta,1630552,Jalen Johnson,Jalen,,DNP - Coach's Decision,,,,,,,,,,,,,,,,,,,,
22200661,1610612737,ATL,Atlanta,1626163,Frank Kaminsky,Frank,,DNP - Coach's Decision,,,,,,,,,,,,,,,,,,,,
22200661,1610612737,ATL,Atlanta,1630249,Vít Krejčí,Vít,,DNP - Coach's Decision,,,,,,,,,,,,,,,,,,,,
22200653,1610612753,ORL,Orlando,1630532,Franz Wagner,Franz,F,,31:47,7.0,16.0,0.438,2.0,7.0,0.286,3.0,4.0,0.75,0.0,5.0,5.0,2.0,1.0,0.0,2.0,1.0,19.0,21.0
22200653,1610612753,ORL,Orlando,1631094,Paolo Banchero,Paolo,F,,32:53,5.0,9.0,0.556,2.0,3.0,0.667,6.0,6.0,1.0,0.0,2.0,2.0,4.0,1.0,1.0,2.0,3.0,18.0,-16.0
22200653,1610612753,ORL,Orlando,1628976,Wendell Carter Jr.,Wendell,C,,32:03,3.0,10.0,0.3,0.0,3.0,0.0,2.0,2.0,1.0,2.0,4.0,6.0,2.0,0.0,0.0,1.0,2.0,8.0,-14.0
22200653,1610612753,ORL,Orlando,203914,Gary Harris,Gary,G,,21:28,2.0,4.0,0.5,1.0,3.0,0.333,0.0,0.0,0.0,2.0,0.0,2.0,1.0,0.0,0.0,0.0,2.0,5.0,-2.0
22200653,1610612753,ORL,Orlando,1628365,Markelle Fultz,Markelle,G,,27:25,8.0,10.0,0.8,1.0,1.0,1.0,3.0,6.0,0.5,1.0,6.0,7.0,6.0,2.0,0.0,5.0,2.0,20.0,-8.0
22200653,1610612753,ORL,Orlando,1630591,Jalen Suggs,Jalen,,,13:17,2.0,4.0,0.5,0.0,2.0,0.0,3.0,4.0,0.75,0.0,0.0,0.0,1.0,1.0,0.0,0.0,0.0,7.0,-10.0
22200653,1610612753,ORL,Orlando,203082,Terrence Ross,Terrence,,,23:14,3.0,6.0,0.5,1.0,4.0,0.25,0.0,0.0,0.0,0.0,1.0,1.0,0.0,1.0,0.0,1.0,0.0,7.0,1.0
22200653,1610612753,ORL,Orlando,1630175,Cole Anthony,Cole,,,23:53,1.0,7.0,0.143,0.0,1.0,0.0,5.0,6.0,0.833,1.0,4.0,5.0,6.0,0.0,1.0,0.0,4.0,7.0,3.0
22200653,1610612753,ORL,Orlando,1629021,Moritz Wagner,Moritz,,,15:07,2.0,6.0,0.333,0.0,4.0,0.0,4.0,5.0,0.8,2.0,3.0,5.0,1.0,0.0,0.0,1.0,2.0,8.0,13.0
22200653,1610612753,ORL,Orlando,1629626,Bol Bol,Bol,,,18:03,8.0,12.0,0.667,0.0,1.0,0.0,1.0,1.0,1.0,2.0,4.0,6.0,1.0,1.0,0.0,1.0,1.0,17.0,-1.0
22200653,1610612753,ORL,Orlando,1628964,Mo Bamba,Mo,,,0:50,0.0,0.0,0.0,0.0,0.0,0.0,0.0,0.0,0.0,0.0,0.0,0.0,0.0,0.0,0.0,0.0,0.0,0.0,-2.0
22200653,1610612753,ORL,Orlando,1631216,Caleb Houstan,Caleb,,DNP - Coach's Decision,,,,,,,,,,,,,,,,,,,,
22200653,1610612743,DEN,Denver,1629008,Michael Porter Jr.,Michael,F,,28:00,6.0,13.0,0.462,4.0,8.0,0.5,0.0,0.0,0.0,2.0,2.0,4.0,0.0,1.0,1.0,1.0,3.0,16.0,1.0
22200653,1610612743,DEN,Denver,203932,Aaron Gordon,Aaron,F,,32:24,9.0,13.0,0.692,2.0,3.0,0.667,5.0,11.0,0.455,3.0,5.0,8.0,5.0,0.0,0.0,1.0,2.0,25.0,11.0
22200653,1610612743,DEN,Denver,203999,Nikola Jokić,Nikola,C,,34:47,8.0,11.0,0.727,1.0,4.0,0.25,0.0,0.0,0.0,0.0,10.0,10.0,14.0,2.0,1.0,4.0,3.0,17.0,16.0
22200653,1610612743,DEN,Denver,203484,Kentavious Caldwell-Pope,Kentavious,G,,34:51,5.0,11.0,0.455,2.0,7.0,0.286,0.0,1.0,0.0,1.0,3.0,4.0,0.0,2.0,1.0,1.0,1.0,12.0,11.0
22200653,1610612743,DEN,Denver,1627750,Jamal Murray,Jamal,G,,38:23,6.0,17.0,0.353,3.0,10.0,0.3,3.0,3.0,1.0,2.0,2.0,4.0,7.0,0.0,0.0,4.0,4.0,18.0,-9.0
22200653,1610612743,DEN,Denver,1628971,Bruce Brown,Bruce,,,24:22,5.0,9.0,0.556,0.0,2.0,0.0,2.0,2.0,1.0,1.0,0.0,1.0,2.0,4.0,2.0,1.0,1.0,12.0,10.0
22200653,1610612743,DEN,Denver,1630538,Bones Hyland,Bones,,,8:41,2.0,5.0,0.4,0.0,3.0,0.0,0.0,0.0,0.0,0.0,2.0,2.0,3.0,1.0,0.0,1.0,2.0,4.0,2.0
22200653,1610612743,DEN,Denver,1630192,Zeke Nnaji,Zeke,,,15:36,4.0,4.0,1.0,1.0,1.0,1.0,0.0,0.0,0.0,0.0,1.0,1.0,1.0,0.0,0.0,0.0,2.0,9.0,-8.0
22200653,1610612743,DEN,Denver,201599,DeAndre Jordan,DeAndre,,,13:13,1.0,1.0,1.0,0.0,0.0,0.0,0.0,2.0,0.0,1.0,2.0,3.0,0.0,0.0,0.0,2.0,4.0,2.0,-13.0
22200653,1610612743,DEN,Denver,1631128,Christian Braun,Christian,,,9:43,2.0,5.0,0.4,0.0,1.0,0.0,0.0,0.0,0.0,2.0,2.0,4.0,0.0,0.0,0.0,0.0,0.0,4.0,-6.0
22200653,1610612743,DEN,Denver,1628432,Davon Reed,Davon,,DNP - Coach's Decision,,,,,,,,,,,,,,,,,,,,
22200653,1610612743,DEN,Denver,202397,Ish Smith,Ish,,DNP - Coach's Decision,,,,,,,,,,,,,,,,,,,,
22200653,1610612743,DEN,Denver,1631298,Jack White,Jack,,DNP - Coach's Decision,,,,,,,,,,,,,,,,,,,,
22200655,1610612755,PHI,Philadelphia,202699,Tobias Harris,Tobias,F,,31:04,7.0,13.0,0.538,0.0,4.0,0.0,1.0,1.0,1.0,0.0,5.0,5.0,3.0,0.0,3.0,3.0,3.0,15.0,11.0
22200655,1610612755,PHI,Philadelphia,200782,P.J. Tucker,P.J.,F,,24:05,1.0,2.0,0.5,1.0,2.0,0.5,0.0,0.0,0.0,0.0,0.0,0.0,0.0,0.0,0.0,1.0,1.0,3.0,-16.0
22200655,1610612755,PHI,Philadelphia,203954,Joel Embiid,Joel,C,,35:56,12.0,21.0,0.571,2.0,5.0,0.4,9.0,12.0,0.75,0.0,11.0,11.0,4.0,1.0,1.0,1.0,2.0,35.0,7.0
22200655,1610612755,PHI,Philadelphia,1629001,De'Anthony Melton,De'Anthony,G,,21:19,0.0,3.0,0.0,0.0,3.0,0.0,0.0,0.0,0.0,1.0,1.0,2.0,3.0,1.0,1.0,0.0,1.0,0.0,4.0
22200655,1610612755,PHI,Philadelphia,201935,James Harden,James,G,,36:29,9.0,15.0,0.6,4.0,7.0,0.571,2.0,2.0,1.0,0.0,7.0,7.0,13.0,1.0,1.0,2.0,3.0,24.0,1.0
22200655,1610612755,PHI,Philadelphia,1630178,Tyrese Maxey,Tyrese,,,32:38,6.0,13.0,0.462,1.0,5.0,0.2,3.0,4.0,0.75,1.0,4.0,5.0,1.0,0.0,0.0,1.0,1.0,16.0,2.0
22200655,1610612755,PHI,Philadelphia,1627777,Georges Niang,Georges,,,22:41,3.0,7.0,0.429,2.0,6.0,0.333,0.0,0.0,0.0,1.0,1.0,2.0,5.0,0.0,1.0,0.0,1.0,8.0,0.0
22200655,1610612755,PHI,Philadelphia,1629003,Shake Milton,Shake,,,13:52,3.0,8.0,0.375,2.0,2.0,1.0,0.0,0.0,0.0,2.0,2.0,4.0,0.0,0.0,0.0,0.0,2.0,8.0,0.0
22200655,1610612755,PHI,Philadelphia,1629680,Matisse Thybulle,Matisse,,,9:52,1.0,1.0,1.0,0.0,0.0,0.0,0.0,0.0,0.0,0.0,1.0,1.0,0.0,0.0,0.0,0.0,2.0,2.0,2.0
22200655,1610612755,PHI,Philadelphia,1626149,Montrezl Harrell,Montrezl,,,12:04,1.0,2.0,0.5,0.0,0.0,0.0,0.0,0.0,0.0,0.0,1.0,1.0,0.0,0.0,0.0,1.0,0.0,2.0,-6.0
22200655,1610612755,PHI,Philadelphia,1627863,Danuel House Jr.,Danuel,,DNP - Coach's Decision,,,,,,,,,,,,,,,,,,,,
22200655,1610612755,PHI,Philadelphia,1627788,Furkan Korkmaz,Furkan,,DNP - Coach's Decision,,,,,,,,,,,,,,,,,,,,
22200655,1610612755,PHI,Philadelphia,1630194,Paul Reed,Paul,,DNP - Coach's Decision,,,,,,,,,,,,,,,,,,,,
22200655,1610612755,PHI,Philadelphia,1630531,Jaden Springer,Jaden,,DNP - Coach's Decision,,,,,,,,,,,,,,,,,,,,
22200655,1610612747,LAL,Los Angeles,1629308,Juan Toscano-Anderson,Juan,F,,21:57,3.0,3.0,1.0,0.0,0.0,0.0,0.0,0.0,0.0,1.0,3.0,4.0,1.0,1.0,0.0,0.0,1.0,6.0,-12.0
22200655,1610612747,LAL,Los Angeles,2544,LeBron James,LeBron,F,,35:17,15.0,23.0,0.652,1.0,5.0,0.2,4.0,5.0,0.8,0.0,8.0,8.0,10.0,1.0,1.0,3.0,1.0,35.0,19.0
22200655,1610612747,LAL,Los Angeles,1628418,Thomas Bryant,Thomas,C,,20:30,5.0,9.0,0.556,0.0,0.0,0.0,0.0,0.0,0.0,1.0,2.0,3.0,0.0,0.0,1.0,0.0,2.0,10.0,-10.0
22200655,1610612747,LAL,Los Angeles,1628972,Troy Brown Jr.,Troy,G,,36:44,5.0,11.0,0.455,2.0,6.0,0.333,1.0,1.0,1.0,1.0,3.0,4.0,0.0,1.0,1.0,0.0,4.0,13.0,4.0
22200655,1610612747,LAL,Los Angeles,203471,Dennis Schröder,Dennis,G,,31:00,3.0,9.0,0.333,1.0,2.0,0.5,1.0,2.0,0.5,0.0,0.0,0.0,3.0,0.0,0.0,2.0,2.0,8.0,-5.0
22200655,1610612747,LAL,Los Angeles,201566,Russell Westbrook,Russell,,,33:59,7.0,14.0,0.5,2.0,5.0,0.4,4.0,5.0,0.8,0.0,14.0,14.0,11.0,1.0,1.0,4.0,2.0,20.0,3.0
22200655,1610612747,LAL,Los Angeles,1629117,Wenyen Gabriel,Wenyen,,,26:17,7.0,11.0,0.636,0.0,1.0,0.0,0.0,0.0,0.0,1.0,0.0,1.0,0.0,0.0,2.0,0.0,4.0,14.0,4.0
22200655,1610612747,LAL,Los Angeles,1629134,Kendrick Nunn,Kendrick,,,19:45,2.0,3.0,0.667,0.0,0.0,0.0,0.0,0.0,0.0,0.0,2.0,2.0,3.0,0.0,0.0,0.0,1.0,4.0,3.0
22200655,1610612747,LAL,Los Angeles,1631108,Max Christie,Max,,,14:31,1.0,4.0,0.25,0.0,1.0,0.0,0.0,0.0,0.0,0.0,2.0,2.0,0.0,0.0,0.0,0.0,2.0,2.0,-11.0
22200655,1610612747,LAL,Los Angeles,1628425,Sterling Brown,Sterling,,DNP - Coach's Decision,,,,,,,,,,,,,,,,,,,,
22200655,1610612747,LAL,Los Angeles,1627745,Damian Jones,Damian,,DNP - Coach's Decision,,,,,,,,,,,,,,,,,,,,
22200655,1610612747,LAL,Los Angeles,1630590,Scotty Pippen Jr.,Scotty,,DNP - Coach's Decision,,,,,,,,,,,,,,,,,,,,
22200655,1610612747,LAL,Los Angeles,1631306,Cole Swider,Cole,,DNP - Coach's Decision,,,,,,,,,,,,,,,,,,,,
22200649,1610612745,HOU,Houston,1630231,KJ Martin,KJ,F,,32:34,9.0,14.0,0.643,1.0,3.0,0.333,3.0,4.0,0.75,3.0,6.0,9.0,2.0,0.0,0.0,1.0,2.0,22.0,-8.0
22200649,1610612745,HOU,Houston,1631095,Jabari Smith Jr.,Jabari,F,,30:15,5.0,15.0,0.333,2.0,6.0,0.333,0.0,2.0,0.0,0.0,5.0,5.0,2.0,1.0,0.0,1.0,2.0,12.0,-11.0
22200649,1610612745,HOU,Houston,1630578,Alperen Sengun,Alperen,C,,29:36,7.0,12.0,0.583,1.0,1.0,1.0,0.0,0.0,0.0,4.0,4.0,8.0,6.0,1.0,1.0,6.0,2.0,15.0,-6.0
22200649,1610612745,HOU,Houston,201569,Eric Gordon,Eric,G,,29:34,8.0,16.0,0.5,1.0,5.0,0.2,7.0,8.0,0.875,1.0,2.0,3.0,2.0,0.0,1.0,1.0,1.0,24.0,-8.0
22200649,1610612745,HOU,Houston,1630227,Daishen Nix,Daishen,G,,35:36,0.0,2.0,0.0,0.0,2.0,0.0,1.0,2.0,0.5,0.0,1.0,1.0,2.0,1.0,0.0,4.0,3.0,1.0,-14.0
22200649,1610612745,HOU,Houston,1630528,Josh Christopher,Josh,,,18:26,2.0,9.0,0.222,0.0,6.0,0.0,3.0,4.0,0.75,0.0,2.0,2.0,2.0,1.0,2.0,2.0,0.0,7.0,-13.0
22200649,1610612745,HOU,Houston,1631102,TyTy Washington Jr.,TyTy,,,12:24,1.0,4.0,0.25,0.0,2.0,0.0,0.0,0.0,0.0,0.0,0.0,0.0,2.0,0.0,0.0,1.0,1.0,2.0,-7.0
22200649,1610612745,HOU,Houston,1631106,Tari Eason,Tari,,,19:34,5.0,6.0,0.833,1.0,1.0,1.0,0.0,0.0,0.0,2.0,2.0,4.0,2.0,3.0,1.0,0.0,2.0,11.0,-14.0
22200649,1610612745,HOU,Houston,1626246,Boban Marjanović,Boban,,,2:10,0.0,0.0,0.0,0.0,0.0,0.0,0.0,0.0,0.0,0.0,1.0,1.0,0.0,0.0,0.0,1.0,0.0,0.0,-3.0
22200649,1610612745,HOU,Houston,1629726,Garrison Mathews,Garrison,,,15:26,1.0,5.0,0.2,1.0,5.0,0.2,3.0,3.0,1.0,0.0,2.0,2.0,0.0,1.0,0.0,3.0,2.0,6.0,-13.0
22200649,1610612745,HOU,Houston,1630586,Usman Garuba,Usman,,,14:25,0.0,1.0,0.0,0.0,0.0,0.0,0.0,0.0,0.0,0.0,4.0,4.0,2.0,0.0,1.0,0.0,2.0,0.0,-8.0
22200649,1610612745,HOU,Houston,1628981,Bruno Fernando,Bruno,,DNP - Coach's Decision,,,,,,,,,,,,,,,,,,,,
22200649,1610612746,LAC,LA,202695,Kawhi Leonard,Kawhi,F,,32:04,12.0,24.0,0.5,3.0,5.0,0.6,3.0,3.0,1.0,1.0,5.0,6.0,4.0,2.0,1.0,4.0,2.0,30.0,9.0
22200649,1610612746,LAC,LA,201587,Nicolas Batum,Nicolas,F,,27:40,2.0,7.0,0.286,1.0,5.0,0.2,0.0,0.0,0.0,1.0,4.0,5.0,3.0,2.0,1.0,0.0,2.0,5.0,7.0
22200649,1610612746,LAC,LA,1627826,Ivica Zubac,Ivica,C,,29:45,4.0,5.0,0.8,0.0,0.0,0.0,2.0,2.0,1.0,0.0,5.0,5.0,0.0,2.0,2.0,2.0,3.0,10.0,3.0
22200649,1610612746,LAC,LA,1629599,Amir Coffey,Amir,G,,18:26,2.0,6.0,0.333,0.0,2.0,0.0,1.0,2.0,0.5,2.0,0.0,2.0,1.0,0.0,0.0,0.0,1.0,5.0,1.0
22200649,1610612746,LAC,LA,1629611,Terance Mann,Terance,G,,40:52,12.0,16.0,0.75,5.0,8.0,0.625,2.0,3.0,0.667,2.0,4.0,6.0,4.0,0.0,0.0,0.0,1.0,31.0,16.0
22200649,1610612746,LAC,LA,1626181,Norman Powell,Norman,,,27:26,5.0,11.0,0.455,2.0,5.0,0.4,6.0,7.0,0.857,0.0,4.0,4.0,3.0,1.0,0.0,2.0,2.0,18.0,27.0
22200649,1610612746,LAC,LA,202704,Reggie Jackson,Reggie,,,15:24,2.0,5.0,0.4,0.0,2.0,0.0,0.0,0.0,0.0,1.0,1.0,2.0,5.0,2.0,0.0,5.0,1.0,4.0,8.0
22200649,1610612746,LAC,LA,1629650,Moses Brown,Moses,,,13:30,2.0,3.0,0.667,0.0,0.0,0.0,1.0,4.0,0.25,2.0,4.0,6.0,0.0,0.0,2.0,1.0,2.0,5.0,8.0
22200649,1610612746,LAC,LA,203496,Robert Covington,Robert,,,23:27,3.0,6.0,0.5,2.0,3.0,0.667,0.0,0.0,0.0,1.0,4.0,5.0,1.0,3.0,0.0,1.0,2.0,8.0,20.0
22200649,1610612746,LAC,LA,1630527,Brandon Boston,Brandon,,,8:46,2.0,5.0,0.4,1.0,2.0,0.5,0.0,0.0,0.0,1.0,2.0,3.0,0.0,1.0,0.0,0.0,0.0,5.0,4.0
22200649,1610612746,LAC,LA,1630554,Jason Preston,Jason,,,2:40,0.0,0.0,0.0,0.0,0.0,0.0,0.0,0.0,0.0,0.0,0.0,0.0,0.0,0.0,0.0,0.0,0.0,0.0,2.0
22200652,1610612758,SAC,Sacramento,1631099,Keegan Murray,Keegan,F,,27:44,4.0,9.0,0.444,3.0,7.0,0.429,1.0,2.0,0.5,1.0,4.0,5.0,2.0,1.0,0.0,0.0,1.0,12.0,7.0
22200652,1610612758,SAC,Sacramento,203084,Harrison Barnes,Harrison,F,,38:40,8.0,11.0,0.727,4.0,6.0,0.667,9.0,11.0,0.818,0.0,2.0,2.0,2.0,0.0,1.0,1.0,3.0,29.0,22.0
22200652,1610612758,SAC,Sacramento,1627734,Domantas Sabonis,Domantas,C,,35:07,7.0,14.0,0.5,0.0,1.0,0.0,4.0,4.0,1.0,4.0,14.0,18.0,8.0,0.0,0.0,2.0,4.0,18.0,10.0
22200652,1610612758,SAC,Sacramento,1628989,Kevin Huerter,Kevin,G,,22:34,4.0,11.0,0.364,1.0,4.0,0.25,0.0,1.0,0.0,0.0,2.0,2.0,3.0,0.0,0.0,0.0,1.0,9.0,8.0
22200652,1610612758,SAC,Sacramento,1628368,De'Aaron Fox,De'Aaron,G,,36:34,11.0,21.0,0.524,1.0,4.0,0.25,0.0,0.0,0.0,0.0,1.0,1.0,3.0,0.0,0.0,1.0,3.0,23.0,4.0
22200652,1610612758,SAC,Sacramento,1630558,Davion Mitchell,Davion,,,19:53,7.0,8.0,0.875,4.0,5.0,0.8,1.0,1.0,1.0,0.0,1.0,1.0,0.0,1.0,0.0,0.0,1.0,19.0,20.0
22200652,1610612758,SAC,Sacramento,1628370,Malik Monk,Malik,,,14:41,1.0,4.0,0.25,0.0,1.0,0.0,0.0,1.0,0.0,0.0,2.0,2.0,5.0,2.0,0.0,1.0,2.0,2.0,-3.0
22200652,1610612758,SAC,Sacramento,1626168,Trey Lyles,Trey,,,22:28,4.0,4.0,1.0,1.0,1.0,1.0,3.0,3.0,1.0,0.0,2.0,2.0,0.0,0.0,1.0,0.0,2.0,12.0,-2.0
22200652,1610612758,SAC,Sacramento,1629002,Chimezie Metu,Chimezie,,,12:53,3.0,6.0,0.5,0.0,0.0,0.0,2.0,2.0,1.0,2.0,3.0,5.0,1.0,0.0,0.0,0.0,2.0,8.0,3.0
22200652,1610612758,SAC,Sacramento,1629644,KZ Okpala,KZ,,,4:04,0.0,0.0,0.0,0.0,0.0,0.0,0.0,0.0,0.0,0.0,0.0,0.0,0.0,0.0,0.0,0.0,0.0,0.0,-7.0
22200652,1610612758,SAC,Sacramento,1629056,Terence Davis,Terence,,,5:22,0.0,1.0,0.0,0.0,1.0,0.0,0.0,0.0,0.0,0.0,0.0,0.0,0.0,1.0,0.0,0.0,0.0,0.0,3.0
22200652,1610612758,SAC,Sacramento,203521,Matthew Dellavedova,Matthew,,DNP - Coach's Decision,,,,,,,,,,,,,,,,,,,,
22200652,1610612758,SAC,Sacramento,1628408,PJ Dozier,PJ,,DNP - Coach's Decision,,,,,,,,,,,,,,,,,,,,
22200652,1610612758,SAC,Sacramento,1626158,Richaun Holmes,Richaun,,DNP - Coach's Decision,,,,,,,,,,,,,,,,,,,,
22200652,1610612758,SAC,Sacramento,203458,Alex Len,Alex,,DNP - Coach's Decision,,,,,,,,,,,,,,,,,,,,
22200652,1610612759,SAS,San Antonio,1629640,Keldon Johnson,Keldon,F,,35:06,8.0,25.0,0.32,2.0,10.0,0.2,2.0,3.0,0.667,1.0,6.0,7.0,3.0,0.0,0.0,3.0,2.0,20.0,-18.0
22200652,1610612759,SAS,San Antonio,1631110,Jeremy Sochan,Jeremy,F,,32:30,6.0,8.0,0.75,0.0,1.0,0.0,3.0,4.0,0.75,2.0,6.0,8.0,2.0,0.0,0.0,2.0,2.0,15.0,-12.0
22200652,1610612759,SAS,San Antonio,1627751,Jakob Poeltl,Jakob,C,,31:13,10.0,12.0,0.833,0.0,0.0,0.0,3.0,6.0,0.5,3.0,4.0,7.0,2.0,0.0,2.0,1.0,5.0,23.0,1.0
22200652,1610612759,SAS,San Antonio,1629641,Romeo Langford,Romeo,G,,16:38,1.0,3.0,0.333,1.0,1.0,1.0,0.0,0.0,0.0,0.0,0.0,0.0,1.0,0.0,0.0,0.0,0.0,3.0,1.0
22200652,1610612759,SAS,San Antonio,1630200,Tre Jones,Tre,G,,34:54,7.0,13.0,0.538,0.0,1.0,0.0,2.0,2.0,1.0,3.0,4.0,7.0,8.0,0.0,0.0,1.0,1.0,16.0,-10.0
22200652,1610612759,SAS,San Antonio,1631103,Malaki Branham,Malaki,,,21:51,2.0,6.0,0.333,1.0,5.0,0.2,0.0,0.0,0.0,0.0,1.0,1.0,0.0,0.0,0.0,2.0,2.0,5.0,-9.0
22200652,1610612759,SAS,San Antonio,1628380,Zach Collins,Zach,,,15:33,2.0,5.0,0.4,1.0,1.0,1.0,2.0,4.0,0.5,0.0,3.0,3.0,0.0,0.0,0.0,0.0,3.0,7.0,-16.0
22200652,1610612759,SAS,San Antonio,1626169,Stanley Johnson,Stanley,,,12:00,2.0,5.0,0.4,0.0,0.0,0.0,0.0,0.0,0.0,2.0,3.0,5.0,6.0,0.0,0.0,1.0,2.0,4.0,-4.0
22200652,1610612759,SAS,San Antonio,1626196,Josh Richardson,Josh,,,30:02,8.0,13.0,0.615,4.0,6.0,0.667,1.0,1.0,1.0,0.0,1.0,1.0,4.0,1.0,0.0,0.0,1.0,21.0,1.0
22200652,1610612759,SAS,San Antonio,1631104,Blake Wesley,Blake,,,8:59,2.0,3.0,0.667,1.0,1.0,1.0,0.0,0.0,0.0,0.0,1.0,1.0,1.0,0.0,0.0,0.0,3.0,5.0,-1.0
22200652,1610612759,SAS,San Antonio,203476,Gorgui Dieng,Gorgui,,,1:14,0.0,0.0,0.0,0.0,0.0,0.0,0.0,0.0,0.0,0.0,0.0,0.0,0.0,0.0,1.0,0.0,0.0,0.0,2.0
22200652,1610612759,SAS,San Antonio,1628966,Keita Bates-Diop,Keita,,DNP - Coach's Decision,,,,,,,,,,,,,,,,,,,,
22200652,1610612759,SAS,San Antonio,1629676,Isaiah Roby,Isaiah,,DNP - Coach's Decision,,,,,,,,,,,,,,,,,,,,
22200654,1610612742,DAL,Dallas,203493,Reggie Bullock Jr.,Reggie,F,,34:53,4.0,9.0,0.444,2.0,6.0,0.333,0.0,0.0,0.0,3.0,1.0,4.0,2.0,0.0,0.0,0.0,3.0,10.0,-10.0
22200654,1610612742,DAL,Dallas,1626174,Christian Wood,Christian,F,,35:30,8.0,22.0,0.364,1.0,8.0,0.125,6.0,7.0,0.857,4.0,12.0,16.0,2.0,0.0,1.0,3.0,2.0,23.0,-24.0
22200654,1610612742,DAL,Dallas,203939,Dwight Powell,Dwight,C,,17:29,4.0,6.0,0.667,0.0,0.0,0.0,2.0,2.0,1.0,3.0,1.0,4.0,0.0,1.0,0.0,2.0,3.0,10.0,-5.0
22200654,1610612742,DAL,Dallas,203915,Spencer Dinwiddie,Spencer,G,,34:54,7.0,15.0,0.467,2.0,6.0,0.333,12.0,14.0,0.857,0.0,0.0,0.0,9.0,0.0,0.0,1.0,5.0,28.0,-18.0
22200654,1610612742,DAL,Dallas,1628373,Frank Ntilikina,Frank,G,,22:38,1.0,5.0,0.2,0.0,2.0,0.0,0.0,0.0,0.0,1.0,1.0,2.0,7.0,0.0,0.0,1.0,4.0,2.0,-7.0
22200654,1610612742,DAL,Dallas,202722,Dāvis Bertāns,Dāvis,,,28:08,4.0,7.0,0.571,3.0,6.0,0.5,0.0,0.0,0.0,0.0,4.0,4.0,0.0,1.0,0.0,0.0,4.0,11.0,-8.0
22200654,1610612742,DAL,Dallas,1629033,Theo Pinson,Theo,,,21:20,1.0,3.0,0.333,1.0,2.0,0.5,0.0,0.0,0.0,1.0,2.0,3.0,5.0,0.0,0.0,1.0,4.0,3.0,-6.0
22200654,1610612742,DAL,Dallas,1630593,McKinley Wright IV,McKinley,,,13:07,2.0,3.0,0.667,1.0,1.0,1.0,0.0,0.0,0.0,0.0,3.0,3.0,4.0,0.0,1.0,1.0,2.0,5.0,1.0
22200654,1610612742,DAL,Dallas,1630702,Jaden Hardy,Jaden,,,26:57,8.0,17.0,0.471,3.0,10.0,0.3,6.0,9.0,0.667,1.0,1.0,2.0,2.0,1.0,0.0,0.0,1.0,25.0,-11.0
22200654,1610612742,DAL,Dallas,1630639,A.J. Lawson,A.J.,,,5:05,2.0,2.0,1.0,1.0,1.0,1.0,1.0,1.0,1.0,0.0,1.0,1.0,0.0,0.0,0.0,0.0,1.0,6.0,3.0
22200654,1610612742,DAL,Dallas,201580,JaVale McGee,JaVale,,DNP - Coach's Decision,,,,,,,,,,,,,,,,,,,,
22200654,1610612757,POR,Portland,1628404,Josh Hart,Josh,F,,29:02,3.0,11.0,0.273,1.0,6.0,0.167,1.0,2.0,0.5,3.0,9.0,12.0,1.0,0.0,2.0,1.0,3.0,8.0,22.0
22200654,1610612757,POR,Portland,203924,Jerami Grant,Jerami,F,,24:48,7.0,10.0,0.7,4.0,5.0,0.8,2.0,2.0,1.0,1.0,3.0,4.0,1.0,1.0,0.0,1.0,5.0,20.0,19.0
22200654,1610612757,POR,Portland,203994,Jusuf Nurkić,Jusuf,C,,20:07,5.0,8.0,0.625,2.0,4.0,0.5,8.0,8.0,1.0,0.0,4.0,4.0,4.0,0.0,0.0,0.0,4.0,20.0,26.0
22200654,1610612757,POR,Portland,1629014,Anfernee Simons,Anfernee,G,,33:21,7.0,16.0,0.438,2.0,8.0,0.25,4.0,5.0,0.8,0.0,4.0,4.0,4.0,0.0,0.0,1.0,2.0,20.0,22.0
22200654,1610612757,POR,Portland,203081,Damian Lillard,Damian,G,,36:52,10.0,17.0,0.588,4.0,9.0,0.444,16.0,16.0,1.0,0.0,3.0,3.0,6.0,1.0,0.0,1.0,1.0,40.0,25.0
22200654,1610612757,POR,Portland,1629234,Drew Eubanks,Drew,,,18:08,1.0,2.0,0.5,0.0,0.0,0.0,2.0,2.0,1.0,2.0,2.0,4.0,3.0,0.0,1.0,0.0,2.0,4.0,-2.0
22200654,1610612757,POR,Portland,1631101,Shaedon Sharpe,Shaedon,,,20:16,2.0,4.0,0.5,0.0,2.0,0.0,0.0,0.0,0.0,1.0,3.0,4.0,3.0,0.0,1.0,1.0,2.0,4.0,-9.0
22200654,1610612757,POR,Portland,1627780,Gary Payton II,Gary,,,15:53,2.0,2.0,1.0,1.0,1.0,1.0,0.0,0.0,0.0,0.0,2.0,2.0,2.0,0.0,0.0,1.0,2.0,5.0,12.0
22200654,1610612757,POR,Portland,1631133,Jabari Walker,Jabari,,,13:15,2.0,6.0,0.333,0.0,3.0,0.0,3.0,5.0,0.6,0.0,0.0,0.0,1.0,0.0,0.0,0.0,4.0,7.0,-11.0
22200654,1610612757,POR,Portland,1629642,Nassir Little,Nassir,,,16:15,3.0,6.0,0.5,3.0,5.0,0.6,1.0,2.0,0.5,1.0,0.0,1.0,1.0,1.0,2.0,0.0,2.0,10.0,-1.0
22200654,1610612757,POR,Portland,1630553,Keon Johnson,Keon,,,4:01,0.0,1.0,0.0,0.0,0.0,0.0,0.0,0.0,0.0,0.0,0.0,0.0,1.0,0.0,0.0,1.0,0.0,0.0,-6.0
22200654,1610612757,POR,Portland,1630535,Greg Brown III,Greg,,,4:01,1.0,1.0,1.0,0.0,0.0,0.0,0.0,0.0,0.0,0.0,2.0,2.0,1.0,0.0,0.0,0.0,2.0,2.0,-6.0
22200654,1610612757,POR,Portland,1630570,Trendon Watford,Trendon,,,4:01,0.0,1.0,0.0,0.0,1.0,0.0,0.0,0.0,0.0,0.0,1.0,1.0,0.0,0.0,0.0,0.0,0.0,0.0,-6.0
22200650,1610612744,GSW,Golden State,203952,Andrew Wiggins,Andrew,F,,28:52,4.0,13.0,0.308,2.0,8.0,0.25,1.0,4.0,0.25,1.0,4.0,5.0,3.0,0.0,0.0,0.0,3.0,11.0,-4.0
22200650,1610612744,GSW,Golden State,203110,Draymond Green,Draymond,F,,30:12,2.0,6.0,0.333,0.0,1.0,0.0,4.0,5.0,0.8,1.0,3.0,4.0,7.0,2.0,1.0,6.0,4.0,8.0,-28.0
22200650,1610612744,GSW,Golden State,1626172,Kevon Looney,Kevon,C,,26:14,4.0,4.0,1.0,0.0,0.0,0.0,1.0,2.0,0.5,2.0,4.0,6.0,1.0,1.0,0.0,1.0,2.0,9.0,5.0
22200650,1610612744,GSW,Golden State,202691,Klay Thompson,Klay,G,,33:01,9.0,21.0,0.429,8.0,15.0,0.533,0.0,0.0,0.0,1.0,3.0,4.0,4.0,0.0,0.0,1.0,0.0,26.0,-16.0
22200650,1610612744,GSW,Golden State,201939,Stephen Curry,Stephen,G,,34:29,8.0,15.0,0.533,3.0,10.0,0.3,1.0,2.0,0.5,0.0,10.0,10.0,4.0,0.0,1.0,8.0,2.0,20.0,-9.0
22200650,1610612744,GSW,Golden State,1630541,Moses Moody,Moses,,,6:03,1.0,2.0,0.5,1.0,2.0,0.5,0.0,0.0,0.0,0.0,0.0,0.0,1.0,0.0,0.0,1.0,0.0,3.0,-8.0
22200650,1610612744,GSW,Golden State,1629673,Jordan Poole,Jordan,,,26:05,5.0,8.0,0.625,1.0,4.0,0.25,4.0,4.0,1.0,0.0,2.0,2.0,3.0,2.0,0.0,4.0,4.0,15.0,3.0
22200650,1610612744,GSW,Golden State,1628978,Donte DiVincenzo,Donte,,,25:52,3.0,7.0,0.429,3.0,6.0,0.5,0.0,0.0,0.0,1.0,3.0,4.0,5.0,1.0,1.0,1.0,0.0,9.0,-5.0
22200650,1610612744,GSW,Golden State,1630237,Anthony Lamb,Anthony,,,23:19,4.0,5.0,0.8,2.0,3.0,0.667,4.0,5.0,0.8,1.0,3.0,4.0,2.0,0.0,1.0,1.0,6.0,14.0,-7.0
22200650,1610612744,GSW,Golden State,1629660,Ty Jerome,Ty,,,3:56,0.0,0.0,0.0,0.0,0.0,0.0,0.0,0.0,0.0,0.0,1.0,1.0,5.0,0.0,0.0,0.0,1.0,0.0,-2.0
22200650,1610612744,GSW,Golden State,1631116,Patrick Baldwin Jr.,Patrick,,,1:57,1.0,2.0,0.5,1.0,2.0,0.5,0.0,0.0,0.0,0.0,0.0,0.0,0.0,0.0,0.0,0.0,0.0,3.0,1.0
22200650,1610612741,CHI,Chicago,1627936,Alex Caruso,Alex,F,,30:54,4.0,10.0,0.4,2.0,6.0,0.333,2.0,2.0,1.0,0.0,9.0,9.0,7.0,2.0,0.0,1.0,3.0,12.0,24.0
22200650,1610612741,CHI,Chicago,1630172,Patrick Williams,Patrick,F,,31:34,3.0,8.0,0.375,3.0,5.0,0.6,1.0,2.0,0.5,0.0,2.0,2.0,2.0,0.0,0.0,1.0,3.0,10.0,3.0
22200650,1610612741,CHI,Chicago,202696,Nikola Vučević,Nikola,C,,39:01,18.0,31.0,0.581,5.0,10.0,0.5,2.0,2.0,1.0,4.0,9.0,13.0,4.0,4.0,0.0,1.0,1.0,43.0,12.0
22200650,1610612741,CHI,Chicago,203897,Zach LaVine,Zach,G,,40:22,7.0,18.0,0.389,1.0,8.0,0.125,12.0,14.0,0.857,2.0,7.0,9.0,6.0,1.0,1.0,2.0,3.0,27.0,10.0
22200650,1610612741,CHI,Chicago,1630245,Ayo Dosunmu,Ayo,G,,40:22,5.0,9.0,0.556,2.0,5.0,0.4,0.0,0.0,0.0,0.0,1.0,1.0,6.0,2.0,0.0,0.0,2.0,12.0,11.0
22200650,1610612741,CHI,Chicago,1627884,Derrick Jones Jr.,Derrick,,,21:44,2.0,6.0,0.333,0.0,1.0,0.0,3.0,3.0,1.0,1.0,0.0,1.0,3.0,1.0,0.0,1.0,3.0,7.0,18.0
22200650,1610612741,CHI,Chicago,1629632,Coby White,Coby,,,25:58,6.0,7.0,0.857,2.0,2.0,1.0,1.0,1.0,1.0,0.0,3.0,3.0,1.0,2.0,0.0,2.0,2.0,15.0,-7.0
22200650,1610612741,CHI,Chicago,201609,Goran Dragic,Goran,,,9:26,2.0,5.0,0.4,0.0,2.0,0.0,0.0,0.0,0.0,0.0,0.0,0.0,0.0,0.0,0.0,2.0,1.0,4.0,0.0
22200650,1610612741,CHI,Chicago,1631207,Dalen Terry,Dalen,,,0:39,1.0,1.0,1.0,0.0,0.0,0.0,0.0,0.0,0.0,0.0,0.0,0.0,0.0,0.0,0.0,0.0,0.0,2.0,-1.0
22200650,1610612741,CHI,Chicago,1628396,Tony Bradley,Tony,,DNP - Coach's Decision,,,,,,,,,,,,,,,,,,,,
22200650,1610612741,CHI,Chicago,203083,Andre Drummond,Andre,,DNP - Coach's Decision,,,,,,,,,,,,,,,,,,,,
22200650,1610612741,CHI,Chicago,1630792,Malcolm Hill,Malcolm,,DNP - Coach's Decision,,,,,,,,,,,,,,,,,,,,
22200650,1610612741,CHI,Chicago,1630637,Carlik Jones,Carlik,,DNP - Coach's Decision,,,,,,,,,,,,,,,,,,,,
22200650,1610612741,CHI,Chicago,1630250,Marko Simonovic,Marko,,DNP - Coach's Decision,,,,,,,,,,,,,,,,,,,,
22200651,1610612760,OKC,Oklahoma City,1629652,Luguentz Dort,Luguentz,F,,35:35,6.0,10.0,0.6,5.0,7.0,0.714,5.0,6.0,0.833,1.0,4.0,5.0,2.0,0.0,0.0,2.0,3.0,22.0,4.0
22200651,1610612760,OKC,Oklahoma City,1631114,Jalen Williams,Jalen,F,,34:55,0.0,9.0,0.0,0.0,4.0,0.0,1.0,2.0,0.5,0.0,6.0,6.0,3.0,1.0,1.0,1.0,2.0,1.0,5.0
22200651,1610612760,OKC,Oklahoma City,1631119,Jaylin Williams,Jaylin,C,,11:31,3.0,7.0,0.429,0.0,1.0,0.0,0.0,0.0,0.0,2.0,5.0,7.0,1.0,0.0,0.0,1.0,2.0,6.0,-1.0
22200651,1610612760,OKC,Oklahoma City,1630581,Josh Giddey,Josh,G,,36:34,12.0,21.0,0.571,1.0,4.0,0.25,3.0,4.0,0.75,3.0,6.0,9.0,9.0,0.0,0.0,1.0,2.0,28.0,14.0
22200651,1610612760,OKC,Oklahoma City,1628983,Shai Gilgeous-Alexander,Shai,G,,35:52,8.0,17.0,0.471,1.0,4.0,0.25,11.0,14.0,0.786,1.0,6.0,7.0,1.0,1.0,1.0,1.0,0.0,28.0,0.0
22200651,1610612760,OKC,Oklahoma City,1629026,Kenrich Williams,Kenrich,,,22:39,1.0,3.0,0.333,0.0,1.0,0.0,0.0,0.0,0.0,0.0,4.0,4.0,1.0,1.0,0.0,0.0,2.0,2.0,9.0
22200651,1610612760,OKC,Oklahoma City,1630544,Tre Mann,Tre,,,7:26,0.0,3.0,0.0,0.0,0.0,0.0,0.0,0.0,0.0,0.0,2.0,2.0,0.0,0.0,1.0,0.0,1.0,0.0,2.0
22200651,1610612760,OKC,Oklahoma City,1630198,Isaiah Joe,Isaiah,,,18:58,3.0,5.0,0.6,3.0,4.0,0.75,0.0,0.0,0.0,2.0,1.0,3.0,0.0,1.0,1.0,0.0,0.0,9.0,12.0
22200651,1610612760,OKC,Oklahoma City,1630322,Lindy Waters III,Lindy,,,9:37,2.0,5.0,0.4,1.0,4.0,0.25,0.0,0.0,0.0,0.0,1.0,1.0,1.0,0.0,1.0,0.0,1.0,5.0,4.0
22200651,1610612760,OKC,Oklahoma City,1629647,Darius Bazley,Darius,,,17:42,3.0,6.0,0.5,0.0,1.0,0.0,0.0,0.0,0.0,2.0,4.0,6.0,3.0,0.0,1.0,1.0,0.0,6.0,13.0
22200651,1610612760,OKC,Oklahoma City,1630598,Aaron Wiggins,Aaron,,,9:11,2.0,4.0,0.5,1.0,1.0,1.0,0.0,0.0,0.0,0.0,0.0,0.0,0.0,1.0,1.0,1.0,1.0,5.0,-12.0
22200651,1610612760,OKC,Oklahoma City,203488,Mike Muscala,Mike,,DNP - Coach's Decision,,,,,,,,,,,,,,,,,,,,
22200651,1610612751,BKN,Brooklyn,203925,Joe Harris,Joe,F,,27:23,3.0,9.0,0.333,2.0,8.0,0.25,0.0,0.0,0.0,0.0,5.0,5.0,1.0,0.0,0.0,3.0,3.0,8.0,-22.0
22200651,1610612751,BKN,Brooklyn,1626220,Royce O'Neale,Royce,F,,33:26,4.0,10.0,0.4,2.0,6.0,0.333,1.0,2.0,0.5,2.0,8.0,10.0,8.0,1.0,0.0,3.0,2.0,11.0,-6.0
22200651,1610612751,BKN,Brooklyn,1629651,Nic Claxton,Nic,C,,33:11,7.0,10.0,0.7,0.0,0.0,0.0,3.0,6.0,0.5,5.0,8.0,13.0,0.0,0.0,4.0,3.0,3.0,17.0,-16.0
22200651,1610612751,BKN,Brooklyn,202681,Kyrie Irving,Kyrie,G,,38:08,7.0,20.0,0.35,1.0,7.0,0.143,0.0,0.0,0.0,3.0,3.0,6.0,6.0,1.0,1.0,3.0,2.0,15.0,4.0
22200651,1610612751,BKN,Brooklyn,1628410,Edmond Sumner,Edmond,G,,12:23,1.0,4.0,0.25,0.0,0.0,0.0,2.0,2.0,1.0,0.0,2.0,2.0,3.0,0.0,1.0,1.0,4.0,4.0,1.0
22200651,1610612751,BKN,Brooklyn,1629139,Yuta Watanabe,Yuta,,,21:23,2.0,6.0,0.333,0.0,2.0,0.0,1.0,2.0,0.5,2.0,3.0,5.0,2.0,0.0,0.0,0.0,1.0,5.0,10.0
22200651,1610612751,BKN,Brooklyn,202693,Markieff Morris,Markieff,,,6:14,1.0,2.0,0.5,0.0,0.0,0.0,2.0,2.0,1.0,0.0,2.0,2.0,1.0,0.0,0.0,0.0,0.0,4.0,-2.0
22200651,1610612751,BKN,Brooklyn,203933,T.J. Warren,T.J.,,,22:21,3.0,8.0,0.375,2.0,4.0,0.5,1.0,3.0,0.333,1.0,2.0,3.0,1.0,0.0,0.0,1.0,3.0,9.0,1.0
22200651,1610612751,BKN,Brooklyn,203552,Seth Curry,Seth,,,26:50,9.0,15.0,0.6,3.0,8.0,0.375,2.0,2.0,1.0,1.0,1.0,2.0,1.0,1.0,0.0,1.0,1.0,23.0,-11.0
22200651,1610612751,BKN,Brooklyn,201988,Patty Mills,Patty,,,12:26,2.0,7.0,0.286,2.0,6.0,0.333,0.0,0.0,0.0,0.0,1.0,1.0,0.0,1.0,0.0,0.0,1.0,6.0,-8.0
22200651,1610612751,BKN,Brooklyn,1630549,Day'Ron Sharpe,Day'Ron,,,6:15,0.0,0.0,0.0,0.0,0.0,0.0,0.0,0.0,0.0,0.0,2.0,2.0,1.0,0.0,1.0,0.0,1.0,0.0,-1.0
22200651,1610612751,BKN,Brooklyn,1630556,Kessler Edwards,Kessler,,DNP - Coach's Decision,,,,,,,,,,,,,,,,,,,,
22200651,1610612751,BKN,Brooklyn,1627732,Ben Simmons,Ben,,DND - Injury/Illness,,,,,,,,,,,,,,,,,,,,
22200651,1610612751,BKN,Brooklyn,1630560,Cam Thomas,Cam,,DNP - Coach's Decision,,,,,,,,,,,,,,,,,,,,
22200648,1610612752,NYK,New York,1629628,RJ Barrett,RJ,F,,26:32,4.0,10.0,0.4,1.0,4.0,0.25,4.0,8.0,0.5,0.0,2.0,2.0,2.0,0.0,0.0,1.0,0.0,13.0,4.0
22200648,1610612752,NYK,New York,203944,Julius Randle,Julius,F,,40:08,15.0,24.0,0.625,4.0,7.0,0.571,8.0,8.0,1.0,3.0,12.0,15.0,4.0,0.0,1.0,1.0,4.0,42.0,14.0
22200648,1610612752,NYK,New York,1629011,Mitchell Robinson,Mitchell,C,,34:07,2.0,6.0,0.333,0.0,0.0,0.0,0.0,0.0,0.0,6.0,6.0,12.0,0.0,2.0,3.0,0.0,1.0,4.0,14.0
22200648,1610612752,NYK,New York,1629656,Quentin Grimes,Quentin,G,,37:27,3.0,9.0,0.333,2.0,6.0,0.333,3.0,4.0,0.75,0.0,4.0,4.0,3.0,0.0,0.0,2.0,2.0,11.0,8.0
22200648,1610612752,NYK,New York,1628973,Jalen Brunson,Jalen,G,,42:12,9.0,17.0,0.529,2.0,4.0,0.5,7.0,8.0,0.875,3.0,2.0,5.0,4.0,1.0,1.0,1.0,2.0,27.0,20.0
22200648,1610612752,NYK,New York,1630193,Immanuel Quickley,Immanuel,,,34:06,6.0,13.0,0.462,3.0,6.0,0.5,2.0,2.0,1.0,1.0,2.0,3.0,3.0,0.0,0.0,1.0,1.0,17.0,6.0
22200648,1610612752,NYK,New York,1630167,Obi Toppin,Obi,,,9:24,0.0,5.0,0.0,0.0,2.0,0.0,0.0,0.0,0.0,3.0,3.0,6.0,1.0,0.0,0.0,0.0,0.0,0.0,5.0
22200648,1610612752,NYK,New York,1628392,Isaiah Hartenstein,Isaiah,,,11:31,1.0,2.0,0.5,0.0,0.0,0.0,1.0,1.0,1.0,2.0,3.0,5.0,0.0,0.0,1.0,0.0,1.0,3.0,-2.0
22200648,1610612752,NYK,New York,1630540,Miles McBride,Miles,,,4:33,0.0,2.0,0.0,0.0,1.0,0.0,0.0,0.0,0.0,0.0,0.0,0.0,0.0,0.0,0.0,0.0,1.0,0.0,-4.0
22200648,1610612752,NYK,New York,1627853,Ryan Arcidiacono,Ryan,,DNP - Coach's Decision,,,,,,,,,,,,,,,,,,,,
22200648,1610612752,NYK,New York,203095,Evan Fournier,Evan,,DNP - Coach's Decision,,,,,,,,,,,,,,,,,,,,
22200648,1610612752,NYK,New York,1629004,Svi Mykhailiuk,Svi,,DNP - Coach's Decision,,,,,,,,,,,,,,,,,,,,
22200648,1610612752,NYK,New York,1629629,Cam Reddish,Cam,,DNP - Coach's Decision,,,,,,,,,,,,,,,,,,,,
22200648,1610612752,NYK,New York,201565,Derrick Rose,Derrick,,DNP - Coach's Decision,,,,,,,,,,,,,,,,,,,,
22200648,1610612752,NYK,New York,1630579,Jericho Sims,Jericho,,DNP - Coach's Decision,,,,,,,,,,,,,,,,,,,,
22200648,1610612765,DET,Detroit,1630180,Saddiq Bey,Saddiq,F,,36:02,6.0,14.0,0.429,5.0,10.0,0.5,4.0,4.0,1.0,1.0,5.0,6.0,1.0,1.0,0.0,1.0,3.0,21.0,-20.0
22200648,1610612765,DET,Detroit,1630587,Isaiah Livers,Isaiah,F,,39:10,4.0,9.0,0.444,3.0,8.0,0.375,0.0,0.0,0.0,3.0,3.0,6.0,3.0,1.0,1.0,1.0,0.0,11.0,-3.0
22200648,1610612765,DET,Detroit,1630191,Isaiah Stewart,Isaiah,C,,29:15,3.0,6.0,0.5,0.0,3.0,0.0,0.0,1.0,0.0,3.0,6.0,9.0,1.0,0.0,2.0,2.0,5.0,6.0,2.0
22200648,1610612765,DET,Detroit,1631093,Jaden Ivey,Jaden,G,,37:17,7.0,19.0,0.368,2.0,8.0,0.25,5.0,6.0,0.833,1.0,5.0,6.0,6.0,0.0,1.0,3.0,5.0,21.0,-21.0
22200648,1610612765,DET,Detroit,1630165,Killian Hayes,Killian,G,,34:43,4.0,14.0,0.286,1.0,5.0,0.2,0.0,0.0,0.0,0.0,2.0,2.0,9.0,2.0,0.0,1.0,3.0,9.0,-8.0
22200648,1610612765,DET,Detroit,1628995,Kevin Knox II,Kevin,,,19:15,5.0,6.0,0.833,3.0,4.0,0.75,3.0,4.0,0.75,0.0,1.0,1.0,0.0,0.0,0.0,1.0,3.0,16.0,-11.0
22200648,1610612765,DET,Detroit,1628977,Hamidou Diallo,Hamidou,,,18:31,3.0,7.0,0.429,0.0,0.0,0.0,0.0,0.0,0.0,1.0,3.0,4.0,0.0,0.0,0.0,2.0,3.0,6.0,-5.0
22200648,1610612765,DET,Detroit,202692,Alec Burks,Alec,,,21:14,5.0,8.0,0.625,4.0,6.0,0.667,0.0,0.0,0.0,0.0,3.0,3.0,2.0,0.0,0.0,0.0,0.0,14.0,-7.0
22200648,1610612765,DET,Detroit,203585,Rodney McGruder,Rodney,,,4:33,0.0,0.0,0.0,0.0,0.0,0.0,0.0,0.0,0.0,0.0,1.0,1.0,1.0,0.0,0.0,0.0,0.0,0.0,8.0
22200648,1610612765,DET,Detroit,1631105,Jalen Duren,Jalen,,DNP - Injury/Illness,,,,,,,,,,,,,,,,,,,,
22200648,1610612765,DET,Detroit,202709,Cory Joseph,Cory,,DNP - Coach's Decision,,,,,,,,,,,,,,,,,,,,
22200648,1610612765,DET,Detroit,203457,Nerlens Noel,Nerlens,,DNP - Injury/Illness,,,,,,,,,,,,,,,,,,,,
22200643,1610612763,MEM,Memphis,1630533,Ziaire Williams,Ziaire,F,,27:45,6.0,9.0,0.667,1.0,3.0,0.333,0.0,0.0,0.0,0.0,2.0,2.0,2.0,1.0,1.0,1.0,2.0,13.0,14.0
22200643,1610612763,MEM,Memphis,1628991,Jaren Jackson Jr.,Jaren,F,,21:54,4.0,5.0,0.8,1.0,1.0,1.0,0.0,0.0,0.0,0.0,10.0,10.0,3.0,1.0,2.0,2.0,3.0,9.0,32.0
22200643,1610612763,MEM,Memphis,203500,Steven Adams,Steven,C,,22:09,4.0,4.0,1.0,0.0,0.0,0.0,2.0,2.0,1.0,3.0,6.0,9.0,2.0,0.0,1.0,3.0,3.0,10.0,16.0
22200643,1610612763,MEM,Memphis,1630217,Desmond Bane,Desmond,G,,29:04,10.0,19.0,0.526,5.0,11.0,0.455,0.0,0.0,0.0,0.0,8.0,8.0,3.0,1.0,1.0,1.0,2.0,25.0,24.0
22200643,1610612763,MEM,Memphis,1629630,Ja Morant,Ja,G,,25:15,7.0,17.0,0.412,0.0,3.0,0.0,9.0,12.0,0.75,1.0,2.0,3.0,10.0,0.0,1.0,2.0,1.0,23.0,17.0
22200643,1610612763,MEM,Memphis,1630583,Santi Aldama,Santi,,,26:06,6.0,9.0,0.667,1.0,4.0,0.25,4.0,6.0,0.667,1.0,3.0,4.0,1.0,2.0,0.0,0.0,1.0,17.0,-14.0
22200643,1610612763,MEM,Memphis,1626145,Tyus Jones,Tyus,,,23:36,2.0,8.0,0.25,2.0,5.0,0.4,2.0,2.0,1.0,0.0,2.0,2.0,5.0,2.0,0.0,0.0,0.0,8.0,16.0
22200643,1610612763,MEM,Memphis,1629634,Brandon Clarke,Brandon,,,19:29,4.0,4.0,1.0,0.0,0.0,0.0,3.0,4.0,0.75,0.0,2.0,2.0,2.0,3.0,0.0,1.0,2.0,11.0,18.0
22200643,1610612763,MEM,Memphis,1631223,David Roddy,David,,,17:32,3.0,6.0,0.5,1.0,2.0,0.5,0.0,0.0,0.0,1.0,2.0,3.0,1.0,1.0,1.0,2.0,2.0,7.0,-3.0
22200643,1610612763,MEM,Memphis,1631222,Jake LaRavia,Jake,,,14:26,2.0,4.0,0.5,1.0,3.0,0.333,0.0,0.0,0.0,0.0,1.0,1.0,3.0,0.0,1.0,2.0,4.0,5.0,2.0
22200643,1610612763,MEM,Memphis,1631113,Kennedy Chandler,Kennedy,,,6:22,0.0,1.0,0.0,0.0,0.0,0.0,0.0,0.0,0.0,0.0,0.0,0.0,0.0,0.0,0.0,0.0,0.0,0.0,-16.0
22200643,1610612763,MEM,Memphis,1630214,Xavier Tillman,Xavier,,,6:22,0.0,1.0,0.0,0.0,0.0,0.0,2.0,2.0,1.0,1.0,0.0,1.0,0.0,0.0,0.0,1.0,1.0,2.0,-16.0
22200643,1610612754,IND,Indiana,1627741,Buddy Hield,Buddy,F,,25:38,2.0,8.0,0.25,0.0,3.0,0.0,1.0,1.0,1.0,0.0,5.0,5.0,1.0,0.0,0.0,2.0,1.0,5.0,-29.0
22200643,1610612754,IND,Indiana,1630174,Aaron Nesmith,Aaron,F,,24:51,2.0,13.0,0.154,0.0,8.0,0.0,2.0,2.0,1.0,2.0,5.0,7.0,1.0,1.0,0.0,2.0,2.0,6.0,-15.0
22200643,1610612754,IND,Indiana,1630543,Isaiah Jackson,Isaiah,C,,25:48,5.0,9.0,0.556,0.0,1.0,0.0,2.0,2.0,1.0,4.0,3.0,7.0,1.0,1.0,4.0,1.0,4.0,12.0,-9.0
22200643,1610612754,IND,Indiana,1631097,Bennedict Mathurin,Bennedict,G,,23:45,5.0,13.0,0.385,2.0,4.0,0.5,4.0,4.0,1.0,0.0,3.0,3.0,0.0,0.0,0.0,2.0,1.0,16.0,-20.0
22200643,1610612754,IND,Indiana,1629614,Andrew Nembhard,Andrew,G,,23:38,2.0,9.0,0.222,2.0,6.0,0.333,1.0,1.0,1.0,0.0,1.0,1.0,7.0,0.0,0.0,2.0,1.0,7.0,-24.0
22200643,1610612754,IND,Indiana,1629052,Oshae Brissett,Oshae,,,18:41,0.0,6.0,0.0,0.0,5.0,0.0,3.0,4.0,0.75,0.0,1.0,1.0,0.0,0.0,0.0,0.0,1.0,3.0,-5.0
22200643,1610612754,IND,Indiana,1630188,Jalen Smith,Jalen,,,12:22,2.0,5.0,0.4,0.0,2.0,0.0,2.0,4.0,0.5,4.0,2.0,6.0,0.0,1.0,2.0,1.0,4.0,6.0,-16.0
22200643,1610612754,IND,Indiana,204456,T.J. McConnell,T.J.,,,24:22,6.0,10.0,0.6,1.0,2.0,0.5,0.0,0.0,0.0,2.0,6.0,8.0,11.0,2.0,0.0,5.0,1.0,13.0,6.0
22200643,1610612754,IND,Indiana,1630537,Chris Duarte,Chris,,,29:37,7.0,15.0,0.467,4.0,9.0,0.444,7.0,7.0,1.0,0.0,3.0,3.0,3.0,0.0,0.0,0.0,1.0,25.0,2.0
22200643,1610612754,IND,Indiana,1630678,Terry Taylor,Terry,,,13:24,4.0,5.0,0.8,1.0,2.0,0.5,0.0,0.0,0.0,2.0,2.0,4.0,1.0,0.0,0.0,2.0,1.0,9.0,0.0
22200643,1610612754,IND,Indiana,1630243,Trevelin Queen,Trevelin,,,9:48,1.0,5.0,0.2,0.0,3.0,0.0,3.0,3.0,1.0,1.0,1.0,2.0,1.0,0.0,1.0,0.0,0.0,5.0,9.0
22200643,1610612754,IND,Indiana,201949,James Johnson,James,,,8:06,2.0,5.0,0.4,1.0,2.0,0.5,0.0,0.0,0.0,1.0,1.0,2.0,0.0,0.0,1.0,2.0,3.0,5.0,11.0
22200643,1610612754,IND,Indiana,1629048,Goga Bitadze,Goga,,DNP - Injury/Illness,,,,,,,,,,,,,,,,,,,,
22200646,1610612755,PHI,Philadelphia,1629001,De'Anthony Melton,De'Anthony,F,,31:40,2.0,7.0,0.286,2.0,3.0,0.667,0.0,0.0,0.0,0.0,4.0,4.0,3.0,3.0,2.0,1.0,2.0,6.0,1.0
22200646,1610612755,PHI,Philadelphia,200782,P.J. Tucker,P.J.,F,,22:51,1.0,2.0,0.5,1.0,2.0,0.5,2.0,2.0,1.0,1.0,3.0,4.0,1.0,0.0,0.0,0.0,1.0,5.0,-6.0
22200646,1610612755,PHI,Philadelphia,203954,Joel Embiid,Joel,C,,35:36,9.0,18.0,0.5,2.0,3.0,0.667,10.0,13.0,0.769,1.0,6.0,7.0,2.0,0.0,2.0,2.0,2.0,30.0,2.0
22200646,1610612755,PHI,Philadelphia,1630178,Tyrese Maxey,Tyrese,G,,38:08,7.0,20.0,0.35,5.0,11.0,0.455,2.0,2.0,1.0,1.0,2.0,3.0,1.0,0.0,0.0,1.0,2.0,21.0,6.0
22200646,1610612755,PHI,Philadelphia,201935,James Harden,James,G,,37:40,11.0,19.0,0.579,4.0,10.0,0.4,5.0,5.0,1.0,1.0,5.0,6.0,11.0,0.0,0.0,2.0,4.0,31.0,-2.0
22200646,1610612755,PHI,Philadelphia,1629003,Shake Milton,Shake,,,28:49,7.0,12.0,0.583,3.0,5.0,0.6,0.0,0.0,0.0,0.0,4.0,4.0,2.0,0.0,0.0,1.0,3.0,17.0,3.0
22200646,1610612755,PHI,Philadelphia,1627777,Georges Niang,Georges,,,12:24,0.0,3.0,0.0,0.0,3.0,0.0,0.0,0.0,0.0,0.0,0.0,0.0,1.0,0.0,0.0,0.0,0.0,0.0,1.0
22200646,1610612755,PHI,Philadelphia,1629680,Matisse Thybulle,Matisse,,,20:28,1.0,3.0,0.333,0.0,2.0,0.0,0.0,0.0,0.0,1.0,3.0,4.0,1.0,1.0,0.0,1.0,3.0,2.0,1.0
22200646,1610612755,PHI,Philadelphia,1626149,Montrezl Harrell,Montrezl,,,12:24,2.0,5.0,0.4,0.0,0.0,0.0,2.0,4.0,0.5,4.0,1.0,5.0,1.0,1.0,1.0,0.0,0.0,6.0,-1.0
22200646,1610612755,PHI,Philadelphia,1627863,Danuel House Jr.,Danuel,,DNP - Coach's Decision,,,,,,,,,,,,,,,,,,,,
22200646,1610612755,PHI,Philadelphia,1627788,Furkan Korkmaz,Furkan,,DNP - Coach's Decision,,,,,,,,,,,,,,,,,,,,
22200646,1610612755,PHI,Philadelphia,1630194,Paul Reed,Paul,,DNP - Coach's Decision,,,,,,,,,,,,,,,,,,,,
22200646,1610612755,PHI,Philadelphia,1630531,Jaden Springer,Jaden,,DNP - Coach's Decision,,,,,,,,,,,,,,,,,,,,
22200646,1610612762,UTA,Utah,1627736,Malik Beasley,Malik,F,,32:08,3.0,14.0,0.214,3.0,9.0,0.333,0.0,0.0,0.0,1.0,2.0,3.0,1.0,0.0,0.0,2.0,3.0,9.0,-8.0
22200646,1610612762,UTA,Utah,1629020,Jarred Vanderbilt,Jarred,F,,24:55,4.0,9.0,0.444,0.0,1.0,0.0,0.0,0.0,0.0,3.0,6.0,9.0,1.0,0.0,1.0,0.0,4.0,8.0,-5.0
22200646,1610612762,UTA,Utah,1631117,Walker Kessler,Walker,C,,31:47,7.0,7.0,1.0,0.0,0.0,0.0,1.0,1.0,1.0,3.0,9.0,12.0,0.0,1.0,2.0,1.0,1.0,15.0,-5.0
22200646,1610612762,UTA,Utah,203903,Jordan Clarkson,Jordan,G,,36:13,16.0,29.0,0.552,3.0,12.0,0.25,3.0,3.0,1.0,2.0,7.0,9.0,5.0,0.0,0.0,1.0,4.0,38.0,-2.0
22200646,1610612762,UTA,Utah,201144,Mike Conley,Mike,G,,29:10,3.0,9.0,0.333,2.0,7.0,0.286,6.0,7.0,0.857,1.0,0.0,1.0,8.0,1.0,0.0,0.0,1.0,14.0,-1.0
22200646,1610612762,UTA,Utah,1630534,Ochai Agbaji,Ochai,,,20:41,1.0,3.0,0.333,0.0,0.0,0.0,1.0,2.0,0.5,0.0,1.0,1.0,1.0,1.0,0.0,1.0,3.0,3.0,-3.0
22200646,1610612762,UTA,Utah,1629659,Talen Horton-Tucker,Talen,,,28:21,5.0,10.0,0.5,2.0,4.0,0.5,8.0,10.0,0.8,0.0,6.0,6.0,2.0,0.0,2.0,3.0,2.0,20.0,11.0
22200646,1610612762,UTA,Utah,1631323,Simone Fontecchio,Simone,,,7:46,1.0,3.0,0.333,1.0,3.0,0.333,0.0,0.0,0.0,0.0,0.0,0.0,0.0,0.0,0.0,1.0,2.0,3.0,-6.0
22200646,1610612762,UTA,Utah,1629638,Nickeil Alexander-Walker,Nickeil,,,28:59,3.0,6.0,0.5,1.0,4.0,0.25,0.0,0.0,0.0,0.0,7.0,7.0,2.0,2.0,1.0,1.0,4.0,7.0,14.0
22200646,1610612762,UTA,Utah,1628962,Udoka Azubuike,Udoka,,DNP - Coach's Decision,,,,,,,,,,,,,,,,,,,,
22200646,1610612762,UTA,Utah,1630195,Leandro Bolmaro,Leandro,,DNP - Coach's Decision,,,,,,,,,,,,,,,,,,,,
22200646,1610612762,UTA,Utah,1630695,Micah Potter,Micah,,DNP - Coach's Decision,,,,,,,,,,,,,,,,,,,,
22200641,1610612749,MIL,Milwaukee,1626192,Pat Connaughton,Pat,F,,30:34,5.0,12.0,0.417,4.0,10.0,0.4,0.0,0.0,0.0,0.0,8.0,8.0,1.0,1.0,0.0,0.0,2.0,14.0,-10.0
22200641,1610612749,MIL,Milwaukee,1626171,Bobby Portis,Bobby,F,,27:24,4.0,10.0,0.4,1.0,2.0,0.5,6.0,6.0,1.0,2.0,5.0,7.0,2.0,3.0,0.0,2.0,0.0,15.0,-23.0
22200641,1610612749,MIL,Milwaukee,201572,Brook Lopez,Brook,C,,33:23,5.0,10.0,0.5,3.0,5.0,0.6,0.0,0.0,0.0,1.0,3.0,4.0,1.0,0.0,2.0,2.0,4.0,13.0,-13.0
22200641,1610612749,MIL,Milwaukee,1628960,Grayson Allen,Grayson,G,,26:55,4.0,9.0,0.444,3.0,6.0,0.5,1.0,2.0,0.5,1.0,2.0,3.0,5.0,0.0,0.0,0.0,3.0,12.0,-16.0
22200641,1610612749,MIL,Milwaukee,201950,Jrue Holiday,Jrue,G,,35:06,5.0,14.0,0.357,1.0,7.0,0.143,1.0,4.0,0.25,1.0,2.0,3.0,10.0,1.0,0.0,5.0,1.0,12.0,-9.0
22200641,1610612749,MIL,Milwaukee,1630699,MarJon Beauchamp,MarJon,,,10:23,0.0,4.0,0.0,0.0,3.0,0.0,0.0,0.0,0.0,1.0,0.0,1.0,0.0,0.0,0.0,0.0,0.0,0.0,4.0
22200641,1610612749,MIL,Milwaukee,204060,Joe Ingles,Joe,,,25:14,2.0,5.0,0.4,1.0,2.0,0.5,0.0,0.0,0.0,1.0,3.0,4.0,4.0,2.0,0.0,1.0,1.0,5.0,1.0
22200641,1610612749,MIL,Milwaukee,1628975,Jevon Carter,Jevon,,,24:15,4.0,9.0,0.444,2.0,4.0,0.5,0.0,0.0,0.0,0.0,0.0,0.0,3.0,0.0,0.0,0.0,0.0,10.0,-11.0
22200641,1610612749,MIL,Milwaukee,1631260,AJ Green,AJ,,,16:52,3.0,7.0,0.429,3.0,6.0,0.5,0.0,0.0,0.0,0.0,1.0,1.0,0.0,0.0,0.0,0.0,0.0,9.0,-5.0
22200641,1610612749,MIL,Milwaukee,1630572,Sandro Mamukelashvili,Sandro,,,7:11,2.0,4.0,0.5,1.0,3.0,0.333,0.0,0.0,0.0,0.0,0.0,0.0,0.0,0.0,0.0,0.0,2.0,5.0,-1.0
22200641,1610612749,MIL,Milwaukee,203648,Thanasis Antetokounmpo,Thanasis,,,2:44,0.0,0.0,0.0,0.0,0.0,0.0,0.0,0.0,0.0,0.0,1.0,1.0,0.0,0.0,0.0,0.0,0.0,0.0,3.0
22200641,1610612749,MIL,Milwaukee,201588,George Hill,George,,DNP - Coach's Decision,,,,,,,,,,,,,,,,,,,,
22200641,1610612749,MIL,Milwaukee,202083,Wesley Matthews,Wesley,,DNP - Coach's Decision,,,,,,,,,,,,,,,,,,,,
22200641,1610612749,MIL,Milwaukee,1629670,Jordan Nwora,Jordan,,DNP - Coach's Decision,,,,,,,,,,,,,,,,,,,,
22200641,1610612748,MIA,Miami,202710,Jimmy Butler III,Jimmy,F,,26:35,7.0,14.0,0.5,0.0,0.0,0.0,2.0,2.0,1.0,2.0,2.0,4.0,1.0,0.0,0.0,0.0,2.0,16.0,0.0
22200641,1610612748,MIA,Miami,1629312,Haywood Highsmith,Haywood,F,,25:36,3.0,4.0,0.75,2.0,2.0,1.0,0.0,0.0,0.0,2.0,5.0,7.0,2.0,0.0,0.0,1.0,2.0,8.0,1.0
22200641,1610612748,MIA,Miami,1628389,Bam Adebayo,Bam,C,,30:58,9.0,19.0,0.474,0.0,0.0,0.0,2.0,4.0,0.5,3.0,10.0,13.0,2.0,0.0,2.0,1.0,3.0,20.0,18.0
22200641,1610612748,MIA,Miami,1629622,Max Strus,Max,G,,41:58,3.0,11.0,0.273,2.0,7.0,0.286,2.0,2.0,1.0,0.0,7.0,7.0,4.0,0.0,0.0,2.0,1.0,10.0,14.0
22200641,1610612748,MIA,Miami,1629216,Gabe Vincent,Gabe,G,,39:59,11.0,14.0,0.786,5.0,8.0,0.625,0.0,0.0,0.0,0.0,3.0,3.0,2.0,5.0,0.0,2.0,2.0,27.0,16.0
22200641,1610612748,MIA,Miami,1631115,Orlando Robinson,Orlando,,,17:02,2.0,4.0,0.5,0.0,0.0,0.0,0.0,0.0,0.0,5.0,3.0,8.0,1.0,0.0,1.0,1.0,1.0,4.0,-2.0
22200641,1610612748,MIA,Miami,203506,Victor Oladipo,Victor,,,35:48,8.0,17.0,0.471,2.0,4.0,0.5,2.0,2.0,1.0,0.0,2.0,2.0,5.0,3.0,0.0,4.0,1.0,20.0,17.0
22200641,1610612748,MIA,Miami,1631288,Jamal Cain,Jamal,,,22:04,2.0,4.0,0.5,0.0,1.0,0.0,2.0,2.0,1.0,1.0,6.0,7.0,0.0,1.0,0.0,0.0,2.0,6.0,16.0
22200641,1610612748,MIA,Miami,203473,Dewayne Dedmon,Dewayne,,DNP - Coach's Decision,,,,,,,,,,,,,,,,,,,,
22200641,1610612748,MIA,Miami,2617,Udonis Haslem,Udonis,,DNP - Coach's Decision,,,,,,,,,,,,,,,,,,,,
22200641,1610612748,MIA,Miami,1628997,Caleb Martin,Caleb,,DND - Injury/Illness,,,,,,,,,,,,,,,,,,,,
22200644,1610612737,ATL,Atlanta,1629631,De'Andre Hunter,De'Andre,F,,36:33,4.0,10.0,0.4,3.0,5.0,0.6,0.0,0.0,0.0,0.0,5.0,5.0,0.0,0.0,0.0,1.0,4.0,11.0,16.0
22200644,1610612737,ATL,Atlanta,1628381,John Collins,John,F,,27:45,5.0,9.0,0.556,0.0,3.0,0.0,1.0,1.0,1.0,1.0,3.0,4.0,1.0,0.0,0.0,2.0,6.0,11.0,4.0
22200644,1610612737,ATL,Atlanta,1630168,Onyeka Okongwu,Onyeka,C,,36:36,5.0,10.0,0.5,0.0,0.0,0.0,0.0,0.0,0.0,2.0,11.0,13.0,0.0,1.0,2.0,0.0,3.0,10.0,14.0
22200644,1610612737,ATL,Atlanta,1627749,Dejounte Murray,Dejounte,G,,38:35,10.0,17.0,0.588,2.0,5.0,0.4,5.0,6.0,0.833,0.0,8.0,8.0,6.0,2.0,0.0,4.0,2.0,27.0,13.0
22200644,1610612737,ATL,Atlanta,1629027,Trae Young,Trae,G,,37:43,9.0,17.0,0.529,2.0,5.0,0.4,9.0,9.0,1.0,0.0,0.0,0.0,9.0,2.0,1.0,3.0,2.0,29.0,15.0
22200644,1610612737,ATL,Atlanta,1628988,Aaron Holiday,Aaron,,,18:32,2.0,7.0,0.286,0.0,2.0,0.0,0.0,0.0,0.0,2.0,1.0,3.0,1.0,1.0,0.0,1.0,0.0,4.0,-5.0
22200644,1610612737,ATL,Atlanta,1631100,AJ Griffin,AJ,,,22:39,5.0,7.0,0.714,3.0,5.0,0.6,0.0,0.0,0.0,0.0,4.0,4.0,0.0,0.0,0.0,0.0,3.0,13.0,1.0
22200644,1610612737,ATL,Atlanta,1626163,Frank Kaminsky,Frank,,,3:00,0.0,1.0,0.0,0.0,0.0,0.0,0.0,0.0,0.0,0.0,1.0,1.0,0.0,0.0,0.0,0.0,0.0,0.0,1.0
22200644,1610612737,ATL,Atlanta,1630552,Jalen Johnson,Jalen,,,18:37,3.0,6.0,0.5,1.0,2.0,0.5,2.0,2.0,1.0,0.0,2.0,2.0,2.0,0.0,1.0,0.0,2.0,9.0,-4.0
22200644,1610612737,ATL,Atlanta,203992,Bogdan Bogdanović,Bogdan,,DND - Injury/Illness,,,,,,,,,,,,,,,,,,,,
22200644,1610612737,ATL,Atlanta,202324,Derrick Favors,Derrick,,DNP - Coach's Decision,,,,,,,,,,,,,,,,,,,,
22200644,1610612737,ATL,Atlanta,1630235,Trent Forrest,Trent,,DNP - Coach's Decision,,,,,,,,,,,,,,,,,,,,
22200644,1610612737,ATL,Atlanta,203200,Justin Holiday,Justin,,DNP - Coach's Decision,,,,,,,,,,,,,,,,,,,,
22200644,1610612737,ATL,Atlanta,1630249,Vít Krejčí,Vít,,DNP - Coach's Decision,,,,,,,,,,,,,,,,,,,,
22200644,1610612761,TOR,Toronto,1628384,OG Anunoby,OG,F,,35:25,5.0,13.0,0.385,2.0,7.0,0.286,2.0,4.0,0.5,2.0,2.0,4.0,2.0,0.0,0.0,3.0,2.0,14.0,-8.0
22200644,1610612761,TOR,Toronto,1630567,Scottie Barnes,Scottie,F,,36:38,9.0,16.0,0.563,0.0,1.0,0.0,9.0,10.0,0.9,3.0,9.0,12.0,2.0,3.0,1.0,3.0,1.0,27.0,-10.0
22200644,1610612761,TOR,Toronto,1627783,Pascal Siakam,Pascal,C,,33:54,5.0,16.0,0.313,0.0,4.0,0.0,5.0,7.0,0.714,1.0,6.0,7.0,6.0,0.0,1.0,3.0,6.0,15.0,-13.0
22200644,1610612761,TOR,Toronto,1629018,Gary Trent Jr.,Gary,G,,20:17,2.0,7.0,0.286,0.0,2.0,0.0,3.0,3.0,1.0,0.0,1.0,1.0,1.0,3.0,1.0,0.0,1.0,7.0,-17.0
22200644,1610612761,TOR,Toronto,1627832,Fred VanVleet,Fred,G,,26:13,1.0,9.0,0.111,1.0,6.0,0.167,0.0,0.0,0.0,0.0,6.0,6.0,4.0,0.0,0.0,1.0,2.0,3.0,-16.0
22200644,1610612761,TOR,Toronto,1627823,Juancho Hernangomez,Juancho,,,15:33,1.0,3.0,0.333,1.0,2.0,0.5,0.0,0.0,0.0,0.0,0.0,0.0,0.0,0.0,0.0,0.0,2.0,3.0,5.0
22200644,1610612761,TOR,Toronto,1631132,Christian Koloko,Christian,,,7:09,0.0,1.0,0.0,0.0,1.0,0.0,0.0,0.0,0.0,0.0,2.0,2.0,0.0,0.0,0.0,0.0,0.0,0.0,1.0
22200644,1610612761,TOR,Toronto,1630201,Malachi Flynn,Malachi,,,19:17,3.0,5.0,0.6,1.0,2.0,0.5,0.0,0.0,0.0,0.0,2.0,2.0,3.0,0.0,0.0,0.0,1.0,7.0,2.0
22200644,1610612761,TOR,Toronto,1630173,Precious Achiuwa,Precious,,,27:34,5.0,9.0,0.556,0.0,1.0,0.0,4.0,5.0,0.8,3.0,1.0,4.0,1.0,1.0,0.0,2.0,4.0,14.0,-4.0
22200644,1610612761,TOR,Toronto,1628449,Chris Boucher,Chris,,,18:00,5.0,8.0,0.625,2.0,3.0,0.667,1.0,1.0,1.0,2.0,3.0,5.0,0.0,2.0,0.0,0.0,0.0,13.0,5.0
22200644,1610612761,TOR,Toronto,203920,Khem Birch,Khem,,DNP - Coach's Decision,,,,,,,,,,,,,,,,,,,,
22200644,1610612761,TOR,Toronto,1630580,Joe Wieskamp,Joe,,DNP - Coach's Decision,,,,,,,,,,,,,,,,,,,,
22200644,1610612761,TOR,Toronto,201152,Thaddeus Young,Thaddeus,,DNP - Coach's Decision,,,,,,,,,,,,,,,,,,,,
22200647,1610612742,DAL,Dallas,203501,Tim Hardaway Jr.,Tim,F,,32:27,4.0,10.0,0.4,2.0,7.0,0.286,0.0,0.0,0.0,0.0,2.0,2.0,0.0,0.0,0.0,1.0,1.0,10.0,-17.0
22200647,1610612742,DAL,Dallas,203493,Reggie Bullock Jr.,Reggie,F,,28:46,8.0,10.0,0.8,8.0,10.0,0.8,0.0,0.0,0.0,0.0,2.0,2.0,1.0,1.0,0.0,0.0,3.0,24.0,-8.0
22200647,1610612742,DAL,Dallas,203939,Dwight Powell,Dwight,C,,24:07,3.0,4.0,0.75,0.0,0.0,0.0,2.0,4.0,0.5,0.0,2.0,2.0,0.0,0.0,0.0,0.0,5.0,8.0,-3.0
22200647,1610612742,DAL,Dallas,203915,Spencer Dinwiddie,Spencer,G,,33:09,8.0,12.0,0.667,4.0,6.0,0.667,5.0,5.0,1.0,0.0,1.0,1.0,5.0,0.0,0.0,3.0,2.0,25.0,-14.0
22200647,1610612742,DAL,Dallas,1629029,Luka Dončić,Luka,G,,35:33,7.0,19.0,0.368,0.0,5.0,0.0,1.0,6.0,0.167,0.0,6.0,6.0,10.0,1.0,1.0,1.0,2.0,15.0,-17.0
22200647,1610612742,DAL,Dallas,201580,JaVale McGee,JaVale,,,8:13,1.0,2.0,0.5,0.0,0.0,0.0,0.0,0.0,0.0,2.0,3.0,5.0,1.0,1.0,1.0,2.0,2.0,2.0,-8.0
22200647,1610612742,DAL,Dallas,1628373,Frank Ntilikina,Frank,,,22:47,3.0,5.0,0.6,1.0,3.0,0.333,0.0,0.0,0.0,0.0,1.0,1.0,0.0,1.0,0.0,2.0,1.0,7.0,-12.0
22200647,1610612742,DAL,Dallas,1629033,Theo Pinson,Theo,,,12:52,4.0,7.0,0.571,3.0,6.0,0.5,0.0,0.0,0.0,0.0,1.0,1.0,3.0,0.0,0.0,0.0,0.0,11.0,-4.0
22200647,1610612742,DAL,Dallas,202722,Dāvis Bertāns,Dāvis,,,17:47,2.0,3.0,0.667,2.0,3.0,0.667,0.0,0.0,0.0,0.0,1.0,1.0,2.0,0.0,0.0,0.0,1.0,6.0,-14.0
22200647,1610612742,DAL,Dallas,1630702,Jaden Hardy,Jaden,,,10:19,2.0,5.0,0.4,1.0,3.0,0.333,2.0,2.0,1.0,0.0,2.0,2.0,1.0,0.0,0.0,1.0,1.0,7.0,4.0
22200647,1610612742,DAL,Dallas,1630639,A.J. Lawson,A.J.,,,7:00,1.0,4.0,0.25,1.0,2.0,0.5,0.0,0.0,0.0,0.0,1.0,1.0,1.0,0.0,0.0,0.0,0.0,3.0,4.0
22200647,1610612742,DAL,Dallas,1630593,McKinley Wright IV,McKinley,,,7:00,0.0,1.0,0.0,0.0,1.0,0.0,1.0,2.0,0.5,0.0,1.0,1.0,4.0,0.0,1.0,0.0,0.0,1.0,4.0
22200647,1610612757,POR,Portland,1628404,Josh Hart,Josh,F,,27:12,5.0,8.0,0.625,1.0,3.0,0.333,0.0,1.0,0.0,0.0,4.0,4.0,6.0,0.0,0.0,1.0,0.0,11.0,15.0
22200647,1610612757,POR,Portland,203924,Jerami Grant,Jerami,F,,34:26,6.0,9.0,0.667,2.0,4.0,0.5,2.0,2.0,1.0,1.0,4.0,5.0,4.0,2.0,1.0,2.0,2.0,16.0,15.0
22200647,1610612757,POR,Portland,203994,Jusuf Nurkić,Jusuf,C,,22:43,9.0,15.0,0.6,3.0,5.0,0.6,1.0,1.0,1.0,2.0,9.0,11.0,3.0,1.0,0.0,3.0,3.0,22.0,11.0
22200647,1610612757,POR,Portland,1629014,Anfernee Simons,Anfernee,G,,29:22,6.0,12.0,0.5,3.0,8.0,0.375,6.0,6.0,1.0,0.0,4.0,4.0,5.0,0.0,2.0,0.0,2.0,21.0,18.0
22200647,1610612757,POR,Portland,203081,Damian Lillard,Damian,G,,29:17,11.0,20.0,0.55,4.0,11.0,0.364,10.0,10.0,1.0,0.0,5.0,5.0,10.0,0.0,0.0,1.0,2.0,36.0,12.0
22200647,1610612757,POR,Portland,1631101,Shaedon Sharpe,Shaedon,,,31:25,5.0,12.0,0.417,2.0,8.0,0.25,0.0,0.0,0.0,2.0,2.0,4.0,1.0,0.0,0.0,0.0,2.0,12.0,11.0
22200647,1610612757,POR,Portland,1631133,Jabari Walker,Jabari,,,13:34,0.0,1.0,0.0,0.0,0.0,0.0,0.0,0.0,0.0,1.0,1.0,2.0,1.0,0.0,0.0,0.0,1.0,0.0,2.0
22200647,1610612757,POR,Portland,1629234,Drew Eubanks,Drew,,,19:52,1.0,1.0,1.0,0.0,0.0,0.0,0.0,0.0,0.0,2.0,2.0,4.0,2.0,0.0,1.0,0.0,3.0,2.0,13.0
22200647,1610612757,POR,Portland,1627780,Gary Payton II,Gary,,,15:23,4.0,5.0,0.8,2.0,2.0,1.0,0.0,0.0,0.0,0.0,2.0,2.0,2.0,4.0,0.0,0.0,5.0,10.0,9.0
22200647,1610612757,POR,Portland,1630553,Keon Johnson,Keon,,,5:56,0.0,1.0,0.0,0.0,0.0,0.0,0.0,0.0,0.0,0.0,0.0,0.0,0.0,0.0,0.0,0.0,0.0,0.0,-7.0
22200647,1610612757,POR,Portland,1630535,Greg Brown III,Greg,,,5:25,1.0,2.0,0.5,0.0,0.0,0.0,0.0,0.0,0.0,0.0,4.0,4.0,0.0,0.0,0.0,1.0,0.0,2.0,-7.0
22200647,1610612757,POR,Portland,1630570,Trendon Watford,Trendon,,,5:25,1.0,2.0,0.5,0.0,0.0,0.0,2.0,2.0,1.0,2.0,0.0,2.0,0.0,0.0,0.0,1.0,0.0,4.0,-7.0
22200642,1610612738,BOS,Boston,1628369,Jayson Tatum,Jayson,F,,36:54,12.0,27.0,0.444,4.0,14.0,0.286,5.0,5.0,1.0,3.0,6.0,9.0,6.0,0.0,1.0,1.0,0.0,33.0,26.0
22200642,1610612738,BOS,Boston,201143,Al Horford,Al,F,,32:48,6.0,10.0,0.6,4.0,7.0,0.571,0.0,0.0,0.0,1.0,6.0,7.0,6.0,2.0,0.0,0.0,4.0,16.0,11.0
22200642,1610612738,BOS,Boston,1629057,Robert Williams III,Robert,C,,27:31,3.0,6.0,0.5,0.0,0.0,0.0,0.0,1.0,0.0,6.0,6.0,12.0,3.0,2.0,1.0,0.0,1.0,6.0,18.0
22200642,1610612738,BOS,Boston,1628401,Derrick White,Derrick,G,,4:05,3.0,3.0,1.0,2.0,2.0,1.0,0.0,0.0,0.0,0.0,0.0,0.0,0.0,0.0,0.0,1.0,0.0,8.0,1.0
22200642,1610612738,BOS,Boston,203935,Marcus Smart,Marcus,G,,35:38,5.0,15.0,0.333,3.0,12.0,0.25,0.0,0.0,0.0,0.0,2.0,2.0,12.0,2.0,0.0,2.0,2.0,13.0,24.0
22200642,1610612738,BOS,Boston,1627763,Malcolm Brogdon,Malcolm,,,31:23,11.0,17.0,0.647,4.0,6.0,0.667,4.0,4.0,1.0,0.0,3.0,3.0,3.0,1.0,0.0,0.0,2.0,30.0,9.0
22200642,1610612738,BOS,Boston,1629684,Grant Williams,Grant,,,22:46,1.0,4.0,0.25,1.0,3.0,0.333,0.0,0.0,0.0,0.0,4.0,4.0,3.0,0.0,0.0,1.0,2.0,3.0,-1.0
22200642,1610612738,BOS,Boston,1630202,Payton Pritchard,Payton,,,26:45,4.0,11.0,0.364,1.0,6.0,0.167,0.0,0.0,0.0,2.0,1.0,3.0,2.0,1.0,0.0,1.0,1.0,9.0,4.0
22200642,1610612738,BOS,Boston,1630573,Sam Hauser,Sam,,,5:22,1.0,3.0,0.333,0.0,2.0,0.0,0.0,0.0,0.0,0.0,1.0,1.0,0.0,0.0,0.0,0.0,1.0,2.0,-14.0
22200642,1610612738,BOS,Boston,1628436,Luke Kornet,Luke,,,11:11,1.0,1.0,1.0,0.0,0.0,0.0,0.0,0.0,0.0,2.0,2.0,4.0,0.0,0.0,2.0,1.0,1.0,2.0,4.0
22200642,1610612738,BOS,Boston,1628382,Justin Jackson,Justin,,,3:53,0.0,1.0,0.0,0.0,1.0,0.0,0.0,0.0,0.0,0.0,0.0,0.0,0.0,0.0,0.0,0.0,1.0,0.0,-2.0
22200642,1610612738,BOS,Boston,1631120,JD Davison,JD,,,1:44,0.0,1.0,0.0,0.0,0.0,0.0,0.0,0.0,0.0,0.0,1.0,1.0,0.0,0.0,0.0,0.0,0.0,0.0,0.0
22200642,1610612738,BOS,Boston,201933,Blake Griffin,Blake,,DNP - Coach's Decision,,,,,,,,,,,,,,,,,,,,
22200642,1610612766,CHA,Charlotte,1629667,Jalen McDaniels,Jalen,F,,27:56,4.0,8.0,0.5,1.0,2.0,0.5,0.0,0.0,0.0,0.0,0.0,0.0,1.0,0.0,0.0,0.0,2.0,9.0,-12.0
22200642,1610612766,CHA,Charlotte,1629023,P.J. Washington,P.J.,F,,37:24,5.0,8.0,0.625,4.0,7.0,0.571,0.0,0.0,0.0,0.0,3.0,3.0,4.0,0.0,0.0,1.0,1.0,14.0,-8.0
22200642,1610612766,CHA,Charlotte,203486,Mason Plumlee,Mason,C,,32:54,4.0,10.0,0.4,0.0,0.0,0.0,1.0,2.0,0.5,3.0,13.0,16.0,1.0,0.0,0.0,1.0,0.0,9.0,-21.0
22200642,1610612766,CHA,Charlotte,1626179,Terry Rozier,Terry,G,,35:57,8.0,17.0,0.471,2.0,8.0,0.25,3.0,4.0,0.75,1.0,3.0,4.0,3.0,0.0,1.0,2.0,0.0,21.0,-21.0
22200642,1610612766,CHA,Charlotte,1630163,LaMelo Ball,LaMelo,G,,38:38,11.0,27.0,0.407,1.0,8.0,0.125,8.0,8.0,1.0,1.0,6.0,7.0,9.0,2.0,0.0,5.0,2.0,31.0,-7.0
22200642,1610612766,CHA,Charlotte,1628372,Dennis Smith Jr.,Dennis,,,17:03,1.0,4.0,0.25,0.0,0.0,0.0,0.0,0.0,0.0,0.0,1.0,1.0,3.0,1.0,0.0,2.0,1.0,2.0,-1.0
22200642,1610612766,CHA,Charlotte,1628998,Cody Martin,Cody,,,20:58,3.0,5.0,0.6,0.0,0.0,0.0,2.0,2.0,1.0,3.0,2.0,5.0,0.0,0.0,0.0,0.0,4.0,8.0,-7.0
22200642,1610612766,CHA,Charlotte,1630208,Nick Richards,Nick,,,13:22,4.0,5.0,0.8,0.0,0.0,0.0,0.0,0.0,0.0,1.0,5.0,6.0,0.0,0.0,1.0,0.0,1.0,8.0,5.0
22200642,1610612766,CHA,Charlotte,1630550,JT Thor,JT,,,10:36,0.0,2.0,0.0,0.0,2.0,0.0,2.0,3.0,0.667,0.0,1.0,1.0,0.0,0.0,0.0,0.0,0.0,2.0,-8.0
22200642,1610612766,CHA,Charlotte,1630539,Kai Jones,Kai,,,1:44,0.0,0.0,0.0,0.0,0.0,0.0,0.0,0.0,0.0,0.0,0.0,0.0,0.0,0.0,0.0,0.0,0.0,0.0,0.0
22200642,1610612766,CHA,Charlotte,1631109,Mark Williams,Mark,,,1:44,1.0,2.0,0.5,0.0,0.0,0.0,0.0,0.0,0.0,1.0,1.0,2.0,0.0,0.0,0.0,0.0,0.0,2.0,0.0
22200642,1610612766,CHA,Charlotte,1631121,Bryce McGowens,Bryce,,,1:44,0.0,0.0,0.0,0.0,0.0,0.0,0.0,0.0,0.0,0.0,1.0,1.0,0.0,0.0,0.0,0.0,0.0,0.0,0.0
22200633,1610612737,ATL,Atlanta,1629631,De'Andre Hunter,De'Andre,F,,34:23,8.0,16.0,0.5,6.0,9.0,0.667,3.0,3.0,1.0,1.0,2.0,3.0,1.0,0.0,0.0,2.0,4.0,25.0,8.0
22200633,1610612737,ATL,Atlanta,1628381,John Collins,John,F,,27:15,2.0,9.0,0.222,1.0,2.0,0.5,2.0,4.0,0.5,3.0,5.0,8.0,0.0,1.0,1.0,2.0,4.0,7.0,-2.0
22200633,1610612737,ATL,Atlanta,1630168,Onyeka Okongwu,Onyeka,C,,39:10,9.0,12.0,0.75,0.0,0.0,0.0,0.0,1.0,0.0,7.0,13.0,20.0,4.0,2.0,4.0,1.0,5.0,18.0,19.0
22200633,1610612737,ATL,Atlanta,1627749,Dejounte Murray,Dejounte,G,,36:02,7.0,18.0,0.389,2.0,4.0,0.5,2.0,2.0,1.0,1.0,7.0,8.0,6.0,1.0,0.0,1.0,1.0,18.0,7.0
22200633,1610612737,ATL,Atlanta,1629027,Trae Young,Trae,G,,36:54,6.0,16.0,0.375,6.0,10.0,0.6,8.0,9.0,0.889,0.0,2.0,2.0,11.0,0.0,0.0,2.0,0.0,26.0,20.0
22200633,1610612737,ATL,Atlanta,203992,Bogdan Bogdanović,Bogdan,,,26:44,2.0,9.0,0.222,0.0,4.0,0.0,0.0,0.0,0.0,0.0,3.0,3.0,2.0,0.0,0.0,1.0,2.0,4.0,-12.0
22200633,1610612737,ATL,Atlanta,1630552,Jalen Johnson,Jalen,,,14:12,3.0,3.0,1.0,1.0,1.0,1.0,0.0,2.0,0.0,1.0,4.0,5.0,1.0,1.0,1.0,2.0,2.0,7.0,-9.0
22200633,1610612737,ATL,Atlanta,1628988,Aaron Holiday,Aaron,,,11:08,0.0,3.0,0.0,0.0,1.0,0.0,0.0,0.0,0.0,0.0,0.0,0.0,0.0,1.0,2.0,0.0,4.0,0.0,-4.0
22200633,1610612737,ATL,Atlanta,1631100,AJ Griffin,AJ,,,14:12,4.0,8.0,0.5,0.0,2.0,0.0,0.0,0.0,0.0,1.0,0.0,1.0,1.0,0.0,1.0,2.0,0.0,8.0,-17.0
22200633,1610612737,ATL,Atlanta,202324,Derrick Favors,Derrick,,DNP - Coach's Decision,,,,,,,,,,,,,,,,,,,,
22200633,1610612737,ATL,Atlanta,1630235,Trent Forrest,Trent,,DNP - Coach's Decision,,,,,,,,,,,,,,,,,,,,
22200633,1610612737,ATL,Atlanta,203200,Justin Holiday,Justin,,DNP - Coach's Decision,,,,,,,,,,,,,,,,,,,,
22200633,1610612737,ATL,Atlanta,1626163,Frank Kaminsky,Frank,,DNP - Coach's Decision,,,,,,,,,,,,,,,,,,,,
22200633,1610612737,ATL,Atlanta,1630249,Vít Krejčí,Vít,,DNP - Coach's Decision,,,,,,,,,,,,,,,,,,,,
22200633,1610612754,IND,Indiana,1631097,Bennedict Mathurin,Bennedict,F,,39:14,9.0,18.0,0.5,0.0,1.0,0.0,8.0,11.0,0.727,2.0,3.0,5.0,3.0,1.0,0.0,3.0,3.0,26.0,13.0
22200633,1610612754,IND,Indiana,1627741,Buddy Hield,Buddy,F,,38:14,5.0,15.0,0.333,5.0,12.0,0.417,3.0,3.0,1.0,0.0,5.0,5.0,5.0,3.0,0.0,1.0,4.0,18.0,-7.0
22200633,1610612754,IND,Indiana,1630543,Isaiah Jackson,Isaiah,C,,27:48,5.0,13.0,0.385,0.0,0.0,0.0,0.0,0.0,0.0,5.0,5.0,10.0,1.0,0.0,7.0,4.0,4.0,10.0,-16.0
22200633,1610612754,IND,Indiana,1630537,Chris Duarte,Chris,G,,25:35,2.0,9.0,0.222,1.0,6.0,0.167,2.0,3.0,0.667,0.0,2.0,2.0,1.0,0.0,0.0,0.0,1.0,7.0,-24.0
22200633,1610612754,IND,Indiana,1629614,Andrew Nembhard,Andrew,G,,33:49,2.0,16.0,0.125,1.0,6.0,0.167,1.0,1.0,1.0,2.0,4.0,6.0,5.0,1.0,1.0,1.0,1.0,6.0,0.0
22200633,1610612754,IND,Indiana,204456,T.J. McConnell,T.J.,,,24:18,6.0,10.0,0.6,0.0,0.0,0.0,1.0,1.0,1.0,2.0,5.0,7.0,7.0,2.0,0.0,1.0,3.0,13.0,5.0
22200633,1610612754,IND,Indiana,1630188,Jalen Smith,Jalen,,,19:58,4.0,8.0,0.5,0.0,2.0,0.0,6.0,7.0,0.857,3.0,3.0,6.0,1.0,0.0,1.0,2.0,4.0,14.0,16.0
22200633,1610612754,IND,Indiana,1629052,Oshae Brissett,Oshae,,,31:06,7.0,12.0,0.583,0.0,3.0,0.0,3.0,3.0,1.0,5.0,5.0,10.0,1.0,1.0,0.0,0.0,2.0,17.0,3.0
22200633,1610612754,IND,Indiana,1629048,Goga Bitadze,Goga,,DNP - Coach's Decision,,,,,,,,,,,,,,,,,,,,
22200633,1610612754,IND,Indiana,201949,James Johnson,James,,DNP - Coach's Decision,,,,,,,,,,,,,,,,,,,,
22200633,1610612754,IND,Indiana,1630243,Trevelin Queen,Trevelin,,DNP - Coach's Decision,,,,,,,,,,,,,,,,,,,,
22200633,1610612754,IND,Indiana,1630678,Terry Taylor,Terry,,DNP - Coach's Decision,,,,,,,,,,,,,,,,,,,,
22200637,1610612756,PHX,Phoenix,1628470,Torrey Craig,Torrey,F,,31:51,3.0,6.0,0.5,1.0,2.0,0.5,2.0,3.0,0.667,2.0,6.0,8.0,3.0,3.0,0.0,3.0,3.0,9.0,-7.0
22200637,1610612756,PHX,Phoenix,203967,Dario Šarić,Dario,F,,18:04,2.0,4.0,0.5,0.0,0.0,0.0,1.0,1.0,1.0,0.0,3.0,3.0,1.0,1.0,0.0,1.0,0.0,5.0,-18.0
22200637,1610612756,PHX,Phoenix,1629028,Deandre Ayton,Deandre,C,,30:54,5.0,18.0,0.278,0.0,1.0,0.0,1.0,2.0,0.5,3.0,8.0,11.0,4.0,0.0,0.0,2.0,2.0,11.0,-11.0
22200637,1610612756,PHX,Phoenix,1628969,Mikal Bridges,Mikal,G,,40:15,9.0,14.0,0.643,3.0,5.0,0.6,3.0,3.0,1.0,0.0,4.0,4.0,6.0,3.0,0.0,4.0,3.0,24.0,0.0
22200637,1610612756,PHX,Phoenix,1630613,Duane Washington Jr.,Duane,G,,23:33,3.0,11.0,0.273,0.0,2.0,0.0,2.0,2.0,1.0,0.0,2.0,2.0,2.0,0.0,1.0,1.0,2.0,8.0,-3.0
22200637,1610612756,PHX,Phoenix,1627814,Damion Lee,Damion,,,31:05,10.0,17.0,0.588,6.0,7.0,0.857,5.0,5.0,1.0,0.0,6.0,6.0,2.0,0.0,0.0,3.0,3.0,31.0,12.0
22200637,1610612756,PHX,Phoenix,1629006,Josh Okogie,Josh,,,20:06,3.0,6.0,0.5,1.0,1.0,1.0,0.0,0.0,0.0,2.0,1.0,3.0,1.0,1.0,1.0,2.0,2.0,7.0,1.0
22200637,1610612756,PHX,Phoenix,1630688,Ish Wainright,Ish,,,13:51,2.0,3.0,0.667,2.0,3.0,0.667,0.0,0.0,0.0,0.0,0.0,0.0,3.0,1.0,0.0,0.0,2.0,6.0,-10.0
22200637,1610612756,PHX,Phoenix,1629111,Jock Landale,Jock,,,10:28,1.0,3.0,0.333,1.0,2.0,0.5,0.0,0.0,0.0,2.0,0.0,2.0,3.0,0.0,1.0,1.0,1.0,3.0,0.0
22200637,1610612756,PHX,Phoenix,1630240,Saben Lee,Saben,,,13:28,3.0,3.0,1.0,0.0,0.0,0.0,6.0,8.0,0.75,0.0,2.0,2.0,2.0,0.0,0.0,1.0,1.0,12.0,6.0
22200637,1610612756,PHX,Phoenix,202687,Bismack Biyombo,Bismack,,,6:25,0.0,1.0,0.0,0.0,0.0,0.0,0.0,0.0,0.0,0.0,2.0,2.0,1.0,1.0,0.0,1.0,1.0,0.0,5.0
22200637,1610612750,MIN,Minnesota,203937,Kyle Anderson,Kyle,F,,31:38,4.0,8.0,0.5,0.0,2.0,0.0,2.0,2.0,1.0,0.0,2.0,2.0,4.0,0.0,1.0,1.0,3.0,10.0,6.0
22200637,1610612750,MIN,Minnesota,1630183,Jaden McDaniels,Jaden,F,,36:06,5.0,10.0,0.5,2.0,2.0,1.0,2.0,2.0,1.0,0.0,5.0,5.0,6.0,1.0,1.0,0.0,2.0,14.0,13.0
22200637,1610612750,MIN,Minnesota,203497,Rudy Gobert,Rudy,C,,32:19,1.0,1.0,1.0,0.0,0.0,0.0,2.0,4.0,0.5,1.0,11.0,12.0,1.0,4.0,1.0,5.0,5.0,4.0,3.0
22200637,1610612750,MIN,Minnesota,1630162,Anthony Edwards,Anthony,G,,36:46,12.0,24.0,0.5,2.0,8.0,0.25,5.0,5.0,1.0,0.0,6.0,6.0,3.0,2.0,0.0,3.0,4.0,31.0,2.0
22200637,1610612750,MIN,Minnesota,1626156,D'Angelo Russell,D'Angelo,G,,34:19,6.0,14.0,0.429,2.0,5.0,0.4,3.0,4.0,0.75,1.0,1.0,2.0,4.0,2.0,0.0,2.0,3.0,17.0,9.0
22200637,1610612750,MIN,Minnesota,1629675,Naz Reid,Naz,,,15:29,5.0,8.0,0.625,1.0,3.0,0.333,2.0,2.0,1.0,2.0,4.0,6.0,3.0,2.0,0.0,2.0,1.0,13.0,5.0
22200637,1610612750,MIN,Minnesota,1627752,Taurean Prince,Taurean,,,19:22,7.0,12.0,0.583,2.0,4.0,0.5,0.0,0.0,0.0,0.0,1.0,1.0,0.0,2.0,0.0,0.0,0.0,16.0,-3.0
22200637,1610612750,MIN,Minnesota,203085,Austin Rivers,Austin,,,21:15,4.0,6.0,0.667,1.0,2.0,0.5,0.0,0.0,0.0,0.0,1.0,1.0,1.0,0.0,0.0,0.0,3.0,9.0,-13.0
22200637,1610612750,MIN,Minnesota,1629669,Jaylen Nowell,Jaylen,,,12:46,3.0,7.0,0.429,0.0,2.0,0.0,1.0,1.0,1.0,0.0,2.0,2.0,2.0,0.0,0.0,1.0,1.0,7.0,3.0
22200637,1610612750,MIN,Minnesota,1627854,Bryn Forbes,Bryn,,DNP - Coach's Decision,,,,,,,,,,,,,,,,,,,,
22200637,1610612750,MIN,Minnesota,1630568,Luka Garza,Luka,,DNP - Coach's Decision,,,,,,,,,,,,,,,,,,,,
22200637,1610612750,MIN,Minnesota,1630233,Nathan Knight,Nathan,,DNP - Coach's Decision,,,,,,,,,,,,,,,,,,,,
22200637,1610612750,MIN,Minnesota,1631111,Wendell Moore Jr.,Wendell,,DNP - Coach's Decision,,,,,,,,,,,,,,,,,,,,
22200637,1610612750,MIN,Minnesota,1630346,Matt Ryan,Matt,,DNP - Coach's Decision,,,,,,,,,,,,,,,,,,,,
22200634,1610612752,NYK,New York,1629628,RJ Barrett,RJ,F,,32:08,7.0,13.0,0.538,1.0,3.0,0.333,2.0,4.0,0.5,0.0,5.0,5.0,1.0,0.0,0.0,0.0,5.0,17.0,-8.0
22200634,1610612752,NYK,New York,203944,Julius Randle,Julius,F,,35:48,8.0,19.0,0.421,2.0,6.0,0.333,5.0,8.0,0.625,3.0,13.0,16.0,1.0,0.0,1.0,3.0,2.0,23.0,12.0
22200634,1610612752,NYK,New York,1629011,Mitchell Robinson,Mitchell,C,,28:25,2.0,4.0,0.5,0.0,0.0,0.0,0.0,2.0,0.0,5.0,5.0,10.0,0.0,0.0,3.0,0.0,6.0,4.0,-7.0
22200634,1610612752,NYK,New York,1629656,Quentin Grimes,Quentin,G,,32:37,2.0,10.0,0.2,1.0,7.0,0.143,3.0,3.0,1.0,2.0,2.0,4.0,2.0,1.0,0.0,1.0,2.0,8.0,12.0
22200634,1610612752,NYK,New York,1628973,Jalen Brunson,Jalen,G,,40:23,12.0,24.0,0.5,3.0,6.0,0.5,7.0,7.0,1.0,0.0,8.0,8.0,8.0,1.0,1.0,1.0,1.0,34.0,19.0
22200634,1610612752,NYK,New York,1628392,Isaiah Hartenstein,Isaiah,,,18:36,3.0,6.0,0.5,0.0,0.0,0.0,2.0,3.0,0.667,4.0,3.0,7.0,0.0,0.0,0.0,1.0,3.0,8.0,12.0
22200634,1610612752,NYK,New York,1630193,Immanuel Quickley,Immanuel,,,32:15,7.0,13.0,0.538,1.0,4.0,0.25,3.0,4.0,0.75,0.0,4.0,4.0,2.0,0.0,0.0,0.0,1.0,18.0,3.0
22200634,1610612752,NYK,New York,1630167,Obi Toppin,Obi,,,12:12,0.0,2.0,0.0,0.0,2.0,0.0,0.0,0.0,0.0,0.0,0.0,0.0,1.0,0.0,1.0,1.0,1.0,0.0,-8.0
22200634,1610612752,NYK,New York,1630540,Miles McBride,Miles,,,7:37,0.0,1.0,0.0,0.0,1.0,0.0,0.0,0.0,0.0,0.0,0.0,0.0,0.0,1.0,0.0,0.0,2.0,0.0,-15.0
22200634,1610612752,NYK,New York,1627853,Ryan Arcidiacono,Ryan,,DNP - Coach's Decision,,,,,,,,,,,,,,,,,,,,
22200634,1610612752,NYK,New York,203095,Evan Fournier,Evan,,DNP - Coach's Decision,,,,,,,,,,,,,,,,,,,,
22200634,1610612752,NYK,New York,1629004,Svi Mykhailiuk,Svi,,DNP - Coach's Decision,,,,,,,,,,,,,,,,,,,,
22200634,1610612752,NYK,New York,1629629,Cam Reddish,Cam,,DNP - Coach's Decision,,,,,,,,,,,,,,,,,,,,
22200634,1610612752,NYK,New York,201565,Derrick Rose,Derrick,,DNP - Coach's Decision,,,,,,,,,,,,,,,,,,,,
22200634,1610612752,NYK,New York,1630579,Jericho Sims,Jericho,,DNP - Coach's Decision,,,,,,,,,,,,,,,,,,,,
22200634,1610612764,WAS,Washington,1628398,Kyle Kuzma,Kyle,F,,40:05,14.0,27.0,0.519,4.0,10.0,0.4,8.0,9.0,0.889,1.0,6.0,7.0,7.0,0.0,1.0,3.0,2.0,40.0,-1.0
22200634,1610612764,WAS,Washington,204001,Kristaps Porziņģis,Kristaps,F,,34:32,6.0,19.0,0.316,4.0,8.0,0.5,5.0,6.0,0.833,1.0,3.0,4.0,1.0,0.0,0.0,2.0,4.0,21.0,-4.0
22200634,1610612764,WAS,Washington,1629655,Daniel Gafford,Daniel,C,,16:40,1.0,1.0,1.0,0.0,0.0,0.0,4.0,4.0,1.0,3.0,3.0,6.0,0.0,0.0,1.0,0.0,2.0,6.0,-4.0
22200634,1610612764,WAS,Washington,1630557,Corey Kispert,Corey,G,,36:11,4.0,6.0,0.667,2.0,4.0,0.5,3.0,3.0,1.0,0.0,5.0,5.0,2.0,1.0,1.0,0.0,3.0,13.0,-5.0
22200634,1610612764,WAS,Washington,1630692,Jordan Goodwin,Jordan,G,,25:50,2.0,12.0,0.167,1.0,5.0,0.2,0.0,0.0,0.0,1.0,4.0,5.0,3.0,1.0,1.0,0.0,3.0,5.0,-20.0
22200634,1610612764,WAS,Washington,1629060,Rui Hachimura,Rui,,,24:41,4.0,14.0,0.286,1.0,7.0,0.143,0.0,0.0,0.0,1.0,3.0,4.0,1.0,1.0,0.0,0.0,0.0,9.0,7.0
22200634,1610612764,WAS,Washington,1630166,Deni Avdija,Deni,,,25:59,1.0,5.0,0.2,0.0,4.0,0.0,1.0,1.0,1.0,2.0,7.0,9.0,2.0,0.0,0.0,0.0,4.0,3.0,-2.0
22200634,1610612764,WAS,Washington,1626153,Delon Wright,Delon,,,24:33,2.0,7.0,0.286,1.0,4.0,0.25,1.0,1.0,1.0,2.0,6.0,8.0,1.0,0.0,0.0,1.0,3.0,6.0,14.0
22200634,1610612764,WAS,Washington,201959,Taj Gibson,Taj,,,11:29,2.0,2.0,1.0,0.0,0.0,0.0,1.0,2.0,0.5,1.0,1.0,2.0,1.0,0.0,0.0,1.0,2.0,5.0,-5.0
22200634,1610612764,WAS,Washington,203115,Will Barton,Will,,DNP - Coach's Decision,,,,,,,,,,,,,,,,,,,,
22200634,1610612764,WAS,Washington,1629653,Devon Dotson,Devon,,DNP - Coach's Decision,,,,,,,,,,,,,,,,,,,,
22200634,1610612764,WAS,Washington,1630264,Anthony Gill,Anthony,,DNP - Coach's Decision,,,,,,,,,,,,,,,,,,,,
22200640,1610612745,HOU,Houston,1630231,KJ Martin,KJ,F,,34:04,1.0,6.0,0.167,1.0,4.0,0.25,3.0,6.0,0.5,0.0,4.0,4.0,0.0,0.0,0.0,0.0,3.0,6.0,-13.0
22200640,1610612745,HOU,Houston,1631095,Jabari Smith Jr.,Jabari,F,,34:18,11.0,20.0,0.55,2.0,7.0,0.286,3.0,3.0,1.0,3.0,5.0,8.0,1.0,0.0,3.0,0.0,2.0,27.0,-20.0
22200640,1610612745,HOU,Houston,1630578,Alperen Sengun,Alperen,C,,28:00,6.0,9.0,0.667,0.0,0.0,0.0,2.0,4.0,0.5,2.0,4.0,6.0,7.0,4.0,0.0,4.0,3.0,14.0,-2.0
22200640,1610612745,HOU,Houston,201569,Eric Gordon,Eric,G,,27:22,3.0,7.0,0.429,1.0,4.0,0.25,2.0,5.0,0.4,0.0,1.0,1.0,6.0,0.0,0.0,2.0,2.0,9.0,-3.0
22200640,1610612745,HOU,Houston,1630224,Jalen Green,Jalen,G,,33:06,10.0,21.0,0.476,5.0,9.0,0.556,2.0,2.0,1.0,2.0,0.0,2.0,2.0,2.0,0.0,4.0,2.0,27.0,-30.0
22200640,1610612745,HOU,Houston,1630256,Jae'Sean Tate,Jae'Sean,,,19:04,2.0,6.0,0.333,0.0,2.0,0.0,2.0,2.0,1.0,0.0,1.0,1.0,3.0,1.0,0.0,1.0,3.0,6.0,-23.0
22200640,1610612745,HOU,Houston,1630528,Josh Christopher,Josh,,,18:15,2.0,6.0,0.333,1.0,3.0,0.333,0.0,0.0,0.0,0.0,1.0,1.0,1.0,0.0,0.0,2.0,2.0,5.0,-8.0
22200640,1610612745,HOU,Houston,1631106,Tari Eason,Tari,,,13:27,3.0,5.0,0.6,0.0,2.0,0.0,1.0,1.0,1.0,1.0,2.0,3.0,1.0,1.0,1.0,0.0,3.0,7.0,-2.0
22200640,1610612745,HOU,Houston,1630586,Usman Garuba,Usman,,,16:04,1.0,1.0,1.0,0.0,0.0,0.0,0.0,0.0,0.0,2.0,1.0,3.0,1.0,0.0,0.0,2.0,1.0,2.0,-21.0
22200640,1610612745,HOU,Houston,1629726,Garrison Mathews,Garrison,,,8:42,3.0,7.0,0.429,2.0,6.0,0.333,0.0,0.0,0.0,1.0,0.0,1.0,0.0,2.0,0.0,0.0,3.0,8.0,1.0
22200640,1610612745,HOU,Houston,1626246,Boban Marjanović,Boban,,,3:49,1.0,3.0,0.333,0.0,0.0,0.0,1.0,2.0,0.5,1.0,3.0,4.0,1.0,0.0,0.0,0.0,0.0,3.0,-2.0
22200640,1610612745,HOU,Houston,1630227,Daishen Nix,Daishen,,,3:49,0.0,0.0,0.0,0.0,0.0,0.0,0.0,0.0,0.0,0.0,0.0,0.0,0.0,0.0,0.0,0.0,0.0,0.0,-2.0
22200640,1610612745,HOU,Houston,1628981,Bruno Fernando,Bruno,,DNP - Coach's Decision,,,,,,,,,,,,,,,,,,,,
22200640,1610612758,SAC,Sacramento,203084,Harrison Barnes,Harrison,F,,36:01,8.0,14.0,0.571,5.0,8.0,0.625,6.0,6.0,1.0,4.0,3.0,7.0,3.0,1.0,0.0,1.0,1.0,27.0,28.0
22200640,1610612758,SAC,Sacramento,1631099,Keegan Murray,Keegan,F,,20:01,3.0,8.0,0.375,1.0,5.0,0.2,1.0,1.0,1.0,1.0,2.0,3.0,1.0,1.0,1.0,2.0,5.0,8.0,-4.0
22200640,1610612758,SAC,Sacramento,1627734,Domantas Sabonis,Domantas,C,,37:27,6.0,14.0,0.429,0.0,3.0,0.0,7.0,10.0,0.7,5.0,10.0,15.0,16.0,2.0,2.0,2.0,3.0,19.0,26.0
22200640,1610612758,SAC,Sacramento,1629056,Terence Davis,Terence,G,,30:32,7.0,14.0,0.5,3.0,7.0,0.429,5.0,5.0,1.0,2.0,4.0,6.0,3.0,3.0,0.0,2.0,2.0,22.0,26.0
22200640,1610612758,SAC,Sacramento,1628368,De'Aaron Fox,De'Aaron,G,,33:25,9.0,14.0,0.643,3.0,5.0,0.6,3.0,3.0,1.0,2.0,3.0,5.0,5.0,1.0,0.0,5.0,1.0,24.0,19.0
22200640,1610612758,SAC,Sacramento,1630558,Davion Mitchell,Davion,,,10:53,1.0,3.0,0.333,1.0,2.0,0.5,0.0,0.0,0.0,0.0,0.0,0.0,0.0,0.0,2.0,0.0,0.0,3.0,4.0
22200640,1610612758,SAC,Sacramento,1628370,Malik Monk,Malik,,,15:01,4.0,7.0,0.571,4.0,5.0,0.8,3.0,4.0,0.75,0.0,1.0,1.0,1.0,0.0,1.0,1.0,1.0,15.0,4.0
22200640,1610612758,SAC,Sacramento,1626168,Trey Lyles,Trey,,,30:14,6.0,9.0,0.667,1.0,3.0,0.333,0.0,0.0,0.0,0.0,5.0,5.0,2.0,2.0,2.0,1.0,3.0,13.0,23.0
22200640,1610612758,SAC,Sacramento,1629002,Chimezie Metu,Chimezie,,,6:44,0.0,0.0,0.0,0.0,0.0,0.0,0.0,0.0,0.0,0.0,1.0,1.0,1.0,0.0,0.0,0.0,1.0,0.0,-3.0
22200640,1610612758,SAC,Sacramento,1629644,KZ Okpala,KZ,,,11:23,0.0,0.0,0.0,0.0,0.0,0.0,0.0,0.0,0.0,0.0,1.0,1.0,0.0,0.0,0.0,0.0,1.0,0.0,-2.0
22200640,1610612758,SAC,Sacramento,203521,Matthew Dellavedova,Matthew,,,3:49,1.0,1.0,1.0,1.0,1.0,1.0,0.0,0.0,0.0,0.0,1.0,1.0,2.0,0.0,0.0,0.0,0.0,3.0,2.0
22200640,1610612758,SAC,Sacramento,1626158,Richaun Holmes,Richaun,,,3:49,2.0,2.0,1.0,1.0,1.0,1.0,0.0,0.0,0.0,0.0,1.0,1.0,0.0,0.0,0.0,0.0,1.0,5.0,2.0
22200640,1610612758,SAC,Sacramento,1631165,Keon Ellis,Keon,,,0:21,0.0,0.0,0.0,0.0,0.0,0.0,0.0,0.0,0.0,0.0,0.0,0.0,0.0,0.0,0.0,0.0,0.0,0.0,0.0
22200640,1610612758,SAC,Sacramento,1628408,PJ Dozier,PJ,,,0:21,0.0,0.0,0.0,0.0,0.0,0.0,0.0,0.0,0.0,0.0,0.0,0.0,0.0,0.0,0.0,0.0,0.0,0.0,0.0
22200640,1610612758,SAC,Sacramento,203458,Alex Len,Alex,,DNP - Coach's Decision,,,,,,,,,,,,,,,,,,,,
22200632,1610612740,NOP,New Orleans,1630530,Trey Murphy III,Trey,F,,34:35,6.0,11.0,0.545,3.0,8.0,0.375,4.0,4.0,1.0,0.0,2.0,2.0,2.0,2.0,1.0,0.0,3.0,19.0,8.0
22200632,1610612740,NOP,New Orleans,1630230,Naji Marshall,Naji,F,,34:40,6.0,11.0,0.545,2.0,3.0,0.667,3.0,4.0,0.75,1.0,5.0,6.0,4.0,1.0,0.0,5.0,2.0,17.0,13.0
22200632,1610612740,NOP,New Orleans,202685,Jonas Valančiūnas,Jonas,C,,29:51,12.0,15.0,0.8,1.0,3.0,0.333,8.0,10.0,0.8,4.0,12.0,16.0,3.0,0.0,1.0,4.0,1.0,33.0,11.0
22200632,1610612740,NOP,New Orleans,1630700,Dyson Daniels,Dyson,G,,24:42,3.0,4.0,0.75,1.0,1.0,1.0,0.0,0.0,0.0,1.0,3.0,4.0,3.0,0.0,0.0,1.0,4.0,7.0,8.0
22200632,1610612740,NOP,New Orleans,203468,CJ McCollum,CJ,G,,37:25,8.0,19.0,0.421,2.0,7.0,0.286,1.0,2.0,0.5,0.0,4.0,4.0,9.0,1.0,0.0,2.0,0.0,19.0,11.0
22200632,1610612740,NOP,New Orleans,1630631,Jose Alvarado,Jose,,,29:45,3.0,14.0,0.214,1.0,4.0,0.25,0.0,0.0,0.0,0.0,4.0,4.0,4.0,2.0,1.0,2.0,4.0,7.0,-3.0
22200632,1610612740,NOP,New Orleans,1629637,Jaxson Hayes,Jaxson,,,16:59,2.0,5.0,0.4,0.0,0.0,0.0,2.0,4.0,0.5,0.0,2.0,2.0,0.0,0.0,0.0,0.0,3.0,6.0,-4.0
22200632,1610612740,NOP,New Orleans,1626204,Larry Nance Jr.,Larry,,,18:09,1.0,1.0,1.0,0.0,0.0,0.0,3.0,6.0,0.5,2.0,7.0,9.0,1.0,1.0,0.0,1.0,2.0,5.0,-5.0
22200632,1610612740,NOP,New Orleans,1628984,Devonte' Graham,Devonte',,,13:55,1.0,6.0,0.167,1.0,5.0,0.2,0.0,0.0,0.0,0.0,1.0,1.0,3.0,0.0,0.0,1.0,2.0,3.0,-9.0
22200632,1610612740,NOP,New Orleans,1626195,Willy Hernangomez,Willy,,DNP - Coach's Decision,,,,,,,,,,,,,,,,,,,,
22200632,1610612740,NOP,New Orleans,1630184,Kira Lewis Jr.,Kira,,DNP - Coach's Decision,,,,,,,,,,,,,,,,,,,,
22200632,1610612740,NOP,New Orleans,1631220,Dereon Seabron,Dereon,,DNP - Coach's Decision,,,,,,,,,,,,,,,,,,,,
22200632,1610612740,NOP,New Orleans,202066,Garrett Temple,Garrett,,DNP - Coach's Decision,,,,,,,,,,,,,,,,,,,,
22200632,1610612765,DET,Detroit,1630180,Saddiq Bey,Saddiq,F,,30:45,5.0,14.0,0.357,1.0,4.0,0.25,9.0,10.0,0.9,3.0,7.0,10.0,3.0,1.0,1.0,2.0,2.0,20.0,-14.0
22200632,1610612765,DET,Detroit,202711,Bojan Bogdanović,Bojan,F,,36:00,9.0,19.0,0.474,1.0,7.0,0.143,3.0,5.0,0.6,0.0,3.0,3.0,2.0,0.0,1.0,0.0,2.0,22.0,-10.0
22200632,1610612765,DET,Detroit,203457,Nerlens Noel,Nerlens,C,,19:00,2.0,3.0,0.667,0.0,0.0,0.0,0.0,0.0,0.0,1.0,0.0,1.0,1.0,1.0,0.0,0.0,4.0,4.0,-12.0
22200632,1610612765,DET,Detroit,1631093,Jaden Ivey,Jaden,G,,34:03,4.0,15.0,0.267,0.0,6.0,0.0,4.0,5.0,0.8,1.0,6.0,7.0,6.0,0.0,0.0,4.0,4.0,12.0,-3.0
22200632,1610612765,DET,Detroit,1630165,Killian Hayes,Killian,G,,30:14,7.0,10.0,0.7,3.0,3.0,1.0,0.0,0.0,0.0,0.0,2.0,2.0,6.0,2.0,0.0,4.0,0.0,17.0,-10.0
22200632,1610612765,DET,Detroit,1630587,Isaiah Livers,Isaiah,,,21:15,1.0,4.0,0.25,0.0,3.0,0.0,0.0,0.0,0.0,0.0,3.0,3.0,0.0,0.0,0.0,0.0,2.0,2.0,1.0
22200632,1610612765,DET,Detroit,202692,Alec Burks,Alec,,,19:21,3.0,8.0,0.375,1.0,4.0,0.25,0.0,0.0,0.0,1.0,3.0,4.0,1.0,1.0,0.0,1.0,1.0,7.0,8.0
22200632,1610612765,DET,Detroit,1628977,Hamidou Diallo,Hamidou,,,27:24,9.0,11.0,0.818,0.0,0.0,0.0,1.0,4.0,0.25,0.0,7.0,7.0,0.0,2.0,0.0,2.0,6.0,19.0,3.0
22200632,1610612765,DET,Detroit,1628995,Kevin Knox II,Kevin,,,16:35,3.0,4.0,0.75,1.0,2.0,0.5,0.0,0.0,0.0,1.0,4.0,5.0,1.0,0.0,1.0,0.0,2.0,7.0,10.0
22200632,1610612765,DET,Detroit,203585,Rodney McGruder,Rodney,,,5:24,0.0,2.0,0.0,0.0,1.0,0.0,0.0,0.0,0.0,0.0,0.0,0.0,0.0,0.0,0.0,0.0,0.0,0.0,-3.0
22200632,1610612765,DET,Detroit,1631105,Jalen Duren,Jalen,,DNP - Injury/Illness,,,,,,,,,,,,,,,,,,,,
22200632,1610612765,DET,Detroit,1630191,Isaiah Stewart,Isaiah,,DNP - Injury/Illness,,,,,,,,,,,,,,,,,,,,
22200635,1610612744,GSW,Golden State,203952,Andrew Wiggins,Andrew,F,,27:29,7.0,17.0,0.412,2.0,8.0,0.25,0.0,0.0,0.0,3.0,2.0,5.0,2.0,1.0,2.0,1.0,3.0,16.0,18.0
22200635,1610612744,GSW,Golden State,203110,Draymond Green,Draymond,F,,28:59,3.0,5.0,0.6,0.0,1.0,0.0,0.0,0.0,0.0,0.0,12.0,12.0,4.0,3.0,1.0,2.0,3.0,6.0,20.0
22200635,1610612744,GSW,Golden State,1626172,Kevon Looney,Kevon,C,,20:58,6.0,7.0,0.857,0.0,0.0,0.0,2.0,3.0,0.667,2.0,8.0,10.0,3.0,0.0,0.0,2.0,3.0,14.0,6.0
22200635,1610612744,GSW,Golden State,202691,Klay Thompson,Klay,G,,22:40,7.0,10.0,0.7,2.0,3.0,0.667,0.0,0.0,0.0,0.0,3.0,3.0,4.0,0.0,0.0,1.0,3.0,16.0,19.0
22200635,1610612744,GSW,Golden State,201939,Stephen Curry,Stephen,G,,23:07,6.0,12.0,0.5,2.0,7.0,0.286,1.0,1.0,1.0,0.0,4.0,4.0,3.0,0.0,1.0,0.0,3.0,15.0,12.0
22200635,1610612744,GSW,Golden State,2738,Andre Iguodala,Andre,,,17:56,2.0,3.0,0.667,1.0,2.0,0.5,0.0,0.0,0.0,0.0,4.0,4.0,1.0,1.0,1.0,2.0,1.0,5.0,16.0
22200635,1610612744,GSW,Golden State,1629673,Jordan Poole,Jordan,,,31:15,8.0,16.0,0.5,2.0,6.0,0.333,7.0,8.0,0.875,1.0,2.0,3.0,6.0,1.0,0.0,2.0,4.0,25.0,19.0
22200635,1610612744,GSW,Golden State,1630541,Moses Moody,Moses,,,18:03,4.0,7.0,0.571,2.0,5.0,0.4,2.0,4.0,0.5,1.0,1.0,2.0,3.0,1.0,0.0,0.0,0.0,12.0,7.0
22200635,1610612744,GSW,Golden State,1630237,Anthony Lamb,Anthony,,,24:16,5.0,7.0,0.714,3.0,4.0,0.75,0.0,0.0,0.0,2.0,3.0,5.0,2.0,0.0,1.0,1.0,4.0,13.0,18.0
22200635,1610612744,GSW,Golden State,1628978,Donte DiVincenzo,Donte,,,25:17,7.0,17.0,0.412,4.0,12.0,0.333,4.0,4.0,1.0,3.0,4.0,7.0,5.0,2.0,0.0,1.0,2.0,22.0,20.0
22200635,1610612744,GSW,Golden State,1630164,James Wiseman,James,,DNP - Coach's Decision,,,,,,,,,,,,,,,,,,,,
22200635,1610612759,SAS,San Antonio,1629640,Keldon Johnson,Keldon,F,,30:57,5.0,11.0,0.455,1.0,2.0,0.5,6.0,6.0,1.0,0.0,2.0,2.0,1.0,1.0,1.0,2.0,1.0,17.0,-40.0
22200635,1610612759,SAS,San Antonio,1631110,Jeremy Sochan,Jeremy,F,,24:01,2.0,9.0,0.222,0.0,1.0,0.0,0.0,2.0,0.0,3.0,5.0,8.0,0.0,0.0,0.0,2.0,0.0,4.0,-7.0
22200635,1610612759,SAS,San Antonio,1627751,Jakob Poeltl,Jakob,C,,26:06,2.0,9.0,0.222,0.0,0.0,0.0,4.0,4.0,1.0,3.0,7.0,10.0,5.0,0.0,1.0,3.0,2.0,8.0,-19.0
22200635,1610612759,SAS,San Antonio,1629641,Romeo Langford,Romeo,G,,18:05,4.0,7.0,0.571,0.0,1.0,0.0,3.0,8.0,0.375,0.0,1.0,1.0,2.0,0.0,0.0,0.0,1.0,11.0,-2.0
22200635,1610612759,SAS,San Antonio,1630200,Tre Jones,Tre,G,,30:12,7.0,11.0,0.636,2.0,2.0,1.0,5.0,5.0,1.0,0.0,1.0,1.0,5.0,0.0,0.0,2.0,2.0,21.0,-27.0
22200635,1610612759,SAS,San Antonio,1626196,Josh Richardson,Josh,,,21:01,4.0,9.0,0.444,1.0,5.0,0.2,0.0,0.0,0.0,1.0,2.0,3.0,5.0,1.0,1.0,0.0,3.0,9.0,-13.0
22200635,1610612759,SAS,San Antonio,203926,Doug McDermott,Doug,,,22:11,5.0,7.0,0.714,1.0,3.0,0.333,3.0,4.0,0.75,0.0,2.0,2.0,1.0,1.0,0.0,0.0,1.0,14.0,-24.0
22200635,1610612759,SAS,San Antonio,1628380,Zach Collins,Zach,,,12:07,1.0,7.0,0.143,0.0,0.0,0.0,0.0,0.0,0.0,0.0,4.0,4.0,2.0,0.0,0.0,2.0,4.0,2.0,-10.0
22200635,1610612759,SAS,San Antonio,1631103,Malaki Branham,Malaki,,,21:47,4.0,8.0,0.5,2.0,4.0,0.5,2.0,2.0,1.0,0.0,2.0,2.0,2.0,0.0,0.0,1.0,4.0,12.0,-21.0
22200635,1610612759,SAS,San Antonio,1626169,Stanley Johnson,Stanley,,,10:12,1.0,1.0,1.0,0.0,0.0,0.0,1.0,2.0,0.5,0.0,1.0,1.0,3.0,2.0,0.0,0.0,0.0,3.0,4.0
22200635,1610612759,SAS,San Antonio,1629676,Isaiah Roby,Isaiah,,,9:47,2.0,4.0,0.5,0.0,2.0,0.0,0.0,0.0,0.0,0.0,3.0,3.0,0.0,1.0,0.0,1.0,0.0,4.0,-2.0
22200635,1610612759,SAS,San Antonio,1631104,Blake Wesley,Blake,,,6:47,1.0,2.0,0.5,0.0,0.0,0.0,0.0,0.0,0.0,0.0,1.0,1.0,0.0,0.0,0.0,2.0,1.0,2.0,3.0
22200635,1610612759,SAS,San Antonio,1628966,Keita Bates-Diop,Keita,,,6:47,2.0,3.0,0.667,1.0,2.0,0.5,1.0,1.0,1.0,0.0,0.0,0.0,0.0,0.0,0.0,0.0,0.0,6.0,3.0
22200635,1610612759,SAS,San Antonio,203476,Gorgui Dieng,Gorgui,,DNP - Coach's Decision,,,,,,,,,,,,,,,,,,,,
22200638,1610612753,ORL,Orlando,1630532,Franz Wagner,Franz,F,,34:33,10.0,20.0,0.5,5.0,10.0,0.5,1.0,3.0,0.333,1.0,4.0,5.0,2.0,4.0,1.0,0.0,0.0,26.0,14.0
22200638,1610612753,ORL,Orlando,1631094,Paolo Banchero,Paolo,F,,31:10,8.0,16.0,0.5,1.0,5.0,0.2,2.0,4.0,0.5,1.0,3.0,4.0,3.0,2.0,0.0,4.0,6.0,19.0,-5.0
22200638,1610612753,ORL,Orlando,1628976,Wendell Carter Jr.,Wendell,C,,30:02,7.0,13.0,0.538,2.0,4.0,0.5,3.0,5.0,0.6,4.0,6.0,10.0,3.0,2.0,1.0,1.0,2.0,19.0,-7.0
22200638,1610612753,ORL,Orlando,203914,Gary Harris,Gary,G,,11:34,1.0,6.0,0.167,1.0,3.0,0.333,0.0,0.0,0.0,1.0,2.0,3.0,0.0,1.0,0.0,0.0,3.0,3.0,-7.0
22200638,1610612753,ORL,Orlando,1628365,Markelle Fultz,Markelle,G,,29:26,4.0,9.0,0.444,0.0,2.0,0.0,0.0,0.0,0.0,0.0,1.0,1.0,6.0,2.0,0.0,4.0,3.0,8.0,-4.0
22200638,1610612753,ORL,Orlando,1629626,Bol Bol,Bol,,,18:08,2.0,7.0,0.286,0.0,1.0,0.0,0.0,0.0,0.0,1.0,1.0,2.0,1.0,0.0,0.0,1.0,1.0,4.0,-19.0
22200638,1610612753,ORL,Orlando,203082,Terrence Ross,Terrence,,,22:45,3.0,9.0,0.333,2.0,5.0,0.4,0.0,0.0,0.0,0.0,2.0,2.0,1.0,0.0,0.0,0.0,2.0,8.0,-4.0
22200638,1610612753,ORL,Orlando,1630175,Cole Anthony,Cole,,,18:34,1.0,4.0,0.25,1.0,1.0,1.0,2.0,2.0,1.0,0.0,2.0,2.0,4.0,0.0,1.0,3.0,2.0,5.0,0.0
22200638,1610612753,ORL,Orlando,1629021,Moritz Wagner,Moritz,,,17:58,4.0,7.0,0.571,1.0,3.0,0.333,2.0,2.0,1.0,1.0,3.0,4.0,1.0,1.0,0.0,1.0,3.0,11.0,3.0
22200638,1610612753,ORL,Orlando,1630591,Jalen Suggs,Jalen,,,13:50,0.0,2.0,0.0,0.0,1.0,0.0,0.0,0.0,0.0,0.0,3.0,3.0,2.0,0.0,0.0,0.0,2.0,0.0,8.0
22200638,1610612753,ORL,Orlando,1628964,Mo Bamba,Mo,,,12:00,2.0,3.0,0.667,1.0,1.0,1.0,0.0,0.0,0.0,2.0,2.0,4.0,0.0,1.0,0.0,1.0,1.0,5.0,1.0
22200638,1610612753,ORL,Orlando,1631216,Caleb Houstan,Caleb,,DNP - Coach's Decision,,,,,,,,,,,,,,,,,,,,
22200638,1610612762,UTA,Utah,1627736,Malik Beasley,Malik,F,,27:46,3.0,11.0,0.273,3.0,11.0,0.273,0.0,0.0,0.0,0.0,2.0,2.0,2.0,2.0,1.0,2.0,1.0,9.0,-21.0
22200638,1610612762,UTA,Utah,1628374,Lauri Markkanen,Lauri,F,,36:10,4.0,13.0,0.308,3.0,6.0,0.5,17.0,21.0,0.81,1.0,11.0,12.0,2.0,1.0,1.0,5.0,2.0,28.0,8.0
22200638,1610612762,UTA,Utah,1631117,Walker Kessler,Walker,C,,26:51,5.0,6.0,0.833,0.0,0.0,0.0,3.0,6.0,0.5,7.0,2.0,9.0,0.0,2.0,7.0,2.0,3.0,13.0,-1.0
22200638,1610612762,UTA,Utah,203903,Jordan Clarkson,Jordan,G,,35:13,8.0,21.0,0.381,1.0,8.0,0.125,6.0,7.0,0.857,2.0,10.0,12.0,1.0,1.0,0.0,7.0,2.0,23.0,9.0
22200638,1610612762,UTA,Utah,1629638,Nickeil Alexander-Walker,Nickeil,G,,15:17,1.0,4.0,0.25,0.0,2.0,0.0,0.0,0.0,0.0,0.0,2.0,2.0,0.0,2.0,0.0,2.0,4.0,2.0,-13.0
22200638,1610612762,UTA,Utah,1629012,Collin Sexton,Collin,,,23:52,7.0,12.0,0.583,2.0,3.0,0.667,2.0,4.0,0.5,2.0,1.0,3.0,3.0,0.0,0.0,2.0,1.0,18.0,17.0
22200638,1610612762,UTA,Utah,1630534,Ochai Agbaji,Ochai,,,25:59,1.0,4.0,0.25,1.0,3.0,0.333,0.0,0.0,0.0,2.0,3.0,5.0,2.0,0.0,2.0,0.0,1.0,3.0,23.0
22200638,1610612762,UTA,Utah,1629020,Jarred Vanderbilt,Jarred,,,21:05,3.0,3.0,1.0,0.0,0.0,0.0,1.0,2.0,0.5,2.0,7.0,9.0,2.0,0.0,0.0,2.0,3.0,7.0,5.0
22200638,1610612762,UTA,Utah,1629659,Talen Horton-Tucker,Talen,,,15:57,3.0,6.0,0.5,1.0,2.0,0.5,0.0,0.0,0.0,0.0,2.0,2.0,2.0,0.0,0.0,1.0,0.0,7.0,-3.0
22200638,1610612762,UTA,Utah,200752,Rudy Gay,Rudy,,,11:50,1.0,3.0,0.333,0.0,0.0,0.0,0.0,0.0,0.0,1.0,2.0,3.0,1.0,1.0,0.0,1.0,1.0,2.0,-4.0
22200638,1610612762,UTA,Utah,1630195,Leandro Bolmaro,Leandro,,DNP - Coach's Decision,,,,,,,,,,,,,,,,,,,,
22200638,1610612762,UTA,Utah,1631323,Simone Fontecchio,Simone,,DNP - Coach's Decision,,,,,,,,,,,,,,,,,,,,
22200636,1610612760,OKC,Oklahoma City,1629652,Luguentz Dort,Luguentz,F,,24:57,4.0,10.0,0.4,1.0,5.0,0.2,2.0,2.0,1.0,1.0,0.0,1.0,2.0,1.0,0.0,0.0,2.0,11.0,12.0
22200636,1610612760,OKC,Oklahoma City,1631114,Jalen Williams,Jalen,F,,34:04,10.0,12.0,0.833,1.0,3.0,0.333,1.0,1.0,1.0,1.0,7.0,8.0,3.0,2.0,0.0,0.0,2.0,22.0,23.0
22200636,1610612760,OKC,Oklahoma City,203488,Mike Muscala,Mike,C,,23:30,3.0,10.0,0.3,2.0,9.0,0.222,0.0,0.0,0.0,3.0,1.0,4.0,0.0,0.0,0.0,2.0,2.0,8.0,3.0
22200636,1610612760,OKC,Oklahoma City,1630581,Josh Giddey,Josh,G,,32:10,11.0,18.0,0.611,1.0,3.0,0.333,2.0,2.0,1.0,2.0,8.0,10.0,6.0,0.0,2.0,3.0,2.0,25.0,18.0
22200636,1610612760,OKC,Oklahoma City,1628983,Shai Gilgeous-Alexander,Shai,G,,33:10,7.0,14.0,0.5,0.0,1.0,0.0,7.0,8.0,0.875,0.0,5.0,5.0,6.0,4.0,2.0,2.0,3.0,21.0,4.0
22200636,1610612760,OKC,Oklahoma City,1629026,Kenrich Williams,Kenrich,,,24:02,3.0,9.0,0.333,2.0,4.0,0.5,0.0,0.0,0.0,2.0,6.0,8.0,0.0,1.0,0.0,0.0,0.0,8.0,7.0
22200636,1610612760,OKC,Oklahoma City,1630322,Lindy Waters III,Lindy,,,14:47,2.0,4.0,0.5,2.0,4.0,0.5,0.0,0.0,0.0,1.0,1.0,2.0,3.0,1.0,0.0,1.0,3.0,6.0,-12.0
22200636,1610612760,OKC,Oklahoma City,1630544,Tre Mann,Tre,,,15:35,1.0,3.0,0.333,1.0,2.0,0.5,0.0,0.0,0.0,0.0,1.0,1.0,0.0,0.0,0.0,1.0,2.0,3.0,-7.0
22200636,1610612760,OKC,Oklahoma City,1629647,Darius Bazley,Darius,,,22:03,4.0,8.0,0.5,1.0,2.0,0.5,5.0,7.0,0.714,1.0,3.0,4.0,1.0,3.0,1.0,0.0,0.0,14.0,18.0
22200636,1610612760,OKC,Oklahoma City,1630598,Aaron Wiggins,Aaron,,,15:43,2.0,4.0,0.5,0.0,0.0,0.0,2.0,2.0,1.0,1.0,2.0,3.0,1.0,0.0,1.0,1.0,3.0,6.0,4.0
22200636,1610612760,OKC,Oklahoma City,1630198,Isaiah Joe,Isaiah,,DNP - Injury/Illness,,,,,,,,,,,,,,,,,,,,
22200636,1610612760,OKC,Oklahoma City,1631119,Jaylin Williams,Jaylin,,DNP - Coach's Decision,,,,,,,,,,,,,,,,,,,,
22200636,1610612741,CHI,Chicago,1627936,Alex Caruso,Alex,F,,32:51,4.0,6.0,0.667,2.0,4.0,0.5,1.0,2.0,0.5,2.0,2.0,4.0,5.0,5.0,1.0,2.0,3.0,11.0,-6.0
22200636,1610612741,CHI,Chicago,1630172,Patrick Williams,Patrick,F,,26:40,6.0,11.0,0.545,2.0,6.0,0.333,4.0,4.0,1.0,2.0,3.0,5.0,3.0,1.0,1.0,2.0,3.0,18.0,-13.0
22200636,1610612741,CHI,Chicago,202696,Nikola Vučević,Nikola,C,,39:01,9.0,14.0,0.643,1.0,4.0,0.25,0.0,0.0,0.0,3.0,8.0,11.0,4.0,1.0,0.0,4.0,2.0,19.0,-13.0
22200636,1610612741,CHI,Chicago,203897,Zach LaVine,Zach,G,,37:19,5.0,19.0,0.263,1.0,8.0,0.125,14.0,15.0,0.933,0.0,6.0,6.0,5.0,0.0,0.0,2.0,0.0,25.0,-18.0
22200636,1610612741,CHI,Chicago,1630245,Ayo Dosunmu,Ayo,G,,23:16,0.0,5.0,0.0,0.0,1.0,0.0,2.0,2.0,1.0,2.0,2.0,4.0,2.0,0.0,0.0,3.0,4.0,2.0,-18.0
22200636,1610612741,CHI,Chicago,1629632,Coby White,Coby,,,32:51,7.0,15.0,0.467,4.0,9.0,0.444,1.0,1.0,1.0,0.0,6.0,6.0,6.0,0.0,0.0,1.0,0.0,19.0,4.0
22200636,1610612741,CHI,Chicago,1627884,Derrick Jones Jr.,Derrick,,,30:19,3.0,7.0,0.429,1.0,2.0,0.5,0.0,0.0,0.0,1.0,3.0,4.0,1.0,0.0,3.0,0.0,2.0,7.0,-2.0
22200636,1610612741,CHI,Chicago,201609,Goran Dragic,Goran,,,16:46,4.0,8.0,0.5,1.0,4.0,0.25,0.0,0.0,0.0,0.0,2.0,2.0,4.0,0.0,0.0,2.0,3.0,9.0,-5.0
22200636,1610612741,CHI,Chicago,1631207,Dalen Terry,Dalen,,,0:57,0.0,0.0,0.0,0.0,0.0,0.0,0.0,0.0,0.0,0.0,0.0,0.0,0.0,0.0,0.0,0.0,0.0,0.0,1.0
22200636,1610612741,CHI,Chicago,203083,Andre Drummond,Andre,,DNP - Coach's Decision,,,,,,,,,,,,,,,,,,,,
22200636,1610612741,CHI,Chicago,1630792,Malcolm Hill,Malcolm,,DNP - Coach's Decision,,,,,,,,,,,,,,,,,,,,
22200639,1610612743,DEN,Denver,1629008,Michael Porter Jr.,Michael,F,,31:55,9.0,17.0,0.529,2.0,8.0,0.25,2.0,2.0,1.0,1.0,3.0,4.0,3.0,1.0,1.0,1.0,1.0,22.0,13.0
22200639,1610612743,DEN,Denver,203932,Aaron Gordon,Aaron,F,,31:44,6.0,8.0,0.75,2.0,3.0,0.667,3.0,5.0,0.6,0.0,5.0,5.0,5.0,0.0,0.0,3.0,2.0,17.0,16.0
22200639,1610612743,DEN,Denver,201599,DeAndre Jordan,DeAndre,C,,26:29,4.0,4.0,1.0,0.0,0.0,0.0,0.0,0.0,0.0,0.0,6.0,6.0,3.0,0.0,0.0,3.0,1.0,8.0,8.0
22200639,1610612743,DEN,Denver,203484,Kentavious Caldwell-Pope,Kentavious,G,,30:53,5.0,9.0,0.556,3.0,5.0,0.6,1.0,2.0,0.5,0.0,2.0,2.0,2.0,2.0,1.0,0.0,2.0,14.0,16.0
22200639,1610612743,DEN,Denver,1627750,Jamal Murray,Jamal,G,,39:06,8.0,17.0,0.471,4.0,7.0,0.571,4.0,4.0,1.0,3.0,5.0,8.0,4.0,0.0,0.0,3.0,0.0,24.0,3.0
22200639,1610612743,DEN,Denver,1628971,Bruce Brown,Bruce,,,24:31,2.0,7.0,0.286,1.0,3.0,0.333,4.0,5.0,0.8,0.0,3.0,3.0,4.0,1.0,1.0,0.0,1.0,9.0,7.0
22200639,1610612743,DEN,Denver,1630538,Bones Hyland,Bones,,,20:02,3.0,12.0,0.25,1.0,6.0,0.167,0.0,0.0,0.0,0.0,4.0,4.0,3.0,2.0,0.0,0.0,1.0,7.0,1.0
22200639,1610612743,DEN,Denver,1628427,Vlatko Čančar,Vlatko,,,16:16,1.0,3.0,0.333,1.0,1.0,1.0,2.0,2.0,1.0,0.0,4.0,4.0,0.0,1.0,0.0,0.0,2.0,5.0,-4.0
22200639,1610612743,DEN,Denver,1630192,Zeke Nnaji,Zeke,,,19:04,3.0,5.0,0.6,0.0,0.0,0.0,3.0,5.0,0.6,6.0,1.0,7.0,0.0,0.0,1.0,0.0,1.0,9.0,0.0
22200639,1610612743,DEN,Denver,1631128,Christian Braun,Christian,,DNP - Coach's Decision,,,,,,,,,,,,,,,,,,,,
22200639,1610612743,DEN,Denver,1628432,Davon Reed,Davon,,DNP - Coach's Decision,,,,,,,,,,,,,,,,,,,,
22200639,1610612743,DEN,Denver,202397,Ish Smith,Ish,,DNP - Coach's Decision,,,,,,,,,,,,,,,,,,,,
22200639,1610612743,DEN,Denver,1631298,Jack White,Jack,,DNP - Coach's Decision,,,,,,,,,,,,,,,,,,,,
22200639,1610612746,LAC,LA,202694,Marcus Morris Sr.,Marcus,F,,29:44,7.0,14.0,0.5,1.0,2.0,0.5,1.0,1.0,1.0,1.0,2.0,3.0,2.0,0.0,0.0,1.0,2.0,16.0,-14.0
22200639,1610612746,LAC,LA,201587,Nicolas Batum,Nicolas,F,,26:51,1.0,5.0,0.2,1.0,5.0,0.2,0.0,0.0,0.0,1.0,1.0,2.0,1.0,2.0,0.0,1.0,1.0,3.0,-14.0
22200639,1610612746,LAC,LA,1627826,Ivica Zubac,Ivica,C,,27:57,2.0,7.0,0.286,0.0,0.0,0.0,2.0,2.0,1.0,3.0,4.0,7.0,1.0,1.0,0.0,1.0,3.0,6.0,-16.0
22200639,1610612746,LAC,LA,202695,Kawhi Leonard,Kawhi,G,,38:00,10.0,20.0,0.5,0.0,3.0,0.0,4.0,4.0,1.0,3.0,5.0,8.0,4.0,1.0,0.0,3.0,1.0,24.0,-15.0
22200639,1610612746,LAC,LA,1629611,Terance Mann,Terance,G,,32:51,3.0,7.0,0.429,1.0,3.0,0.333,1.0,1.0,1.0,0.0,2.0,2.0,4.0,0.0,0.0,1.0,1.0,8.0,-4.0
22200639,1610612746,LAC,LA,1626181,Norman Powell,Norman,,,28:47,7.0,15.0,0.467,3.0,9.0,0.333,1.0,2.0,0.5,0.0,4.0,4.0,2.0,1.0,2.0,0.0,3.0,18.0,-5.0
22200639,1610612746,LAC,LA,202322,John Wall,John,,,29:22,6.0,12.0,0.5,2.0,4.0,0.5,2.0,2.0,1.0,0.0,7.0,7.0,4.0,1.0,0.0,4.0,4.0,16.0,-5.0
22200639,1610612746,LAC,LA,1629650,Moses Brown,Moses,,,10:35,2.0,2.0,1.0,0.0,0.0,0.0,0.0,0.0,0.0,1.0,4.0,5.0,1.0,0.0,0.0,0.0,0.0,4.0,7.0
22200639,1610612746,LAC,LA,203496,Robert Covington,Robert,,,15:53,3.0,5.0,0.6,2.0,3.0,0.667,0.0,2.0,0.0,2.0,3.0,5.0,1.0,0.0,1.0,1.0,3.0,8.0,6.0
22200639,1610612746,LAC,LA,1629599,Amir Coffey,Amir,,DNP - Coach's Decision,,,,,,,,,,,,,,,,,,,,
22200639,1610612746,LAC,LA,202704,Reggie Jackson,Reggie,,DNP - Coach's Decision,,,,,,,,,,,,,,,,,,,,
22200627,1610612738,BOS,Boston,1629684,Grant Williams,Grant,F,,42:51,4.0,8.0,0.5,0.0,3.0,0.0,4.0,4.0,1.0,0.0,5.0,5.0,1.0,0.0,3.0,1.0,3.0,12.0,10.0
22200627,1610612738,BOS,Boston,1628369,Jayson Tatum,Jayson,F,,38:22,7.0,22.0,0.318,2.0,10.0,0.2,4.0,4.0,1.0,0.0,11.0,11.0,5.0,0.0,1.0,3.0,3.0,20.0,2.0
22200627,1610612738,BOS,Boston,1629057,Robert Williams III,Robert,C,,29:27,4.0,7.0,0.571,0.0,0.0,0.0,0.0,0.0,0.0,0.0,5.0,5.0,1.0,0.0,1.0,1.0,2.0,8.0,9.0
22200627,1610612738,BOS,Boston,1628401,Derrick White,Derrick,G,,36:35,5.0,10.0,0.5,4.0,7.0,0.571,1.0,2.0,0.5,2.0,5.0,7.0,1.0,1.0,1.0,2.0,1.0,15.0,12.0
22200627,1610612738,BOS,Boston,203935,Marcus Smart,Marcus,G,,35:52,4.0,12.0,0.333,2.0,8.0,0.25,6.0,7.0,0.857,3.0,3.0,6.0,10.0,2.0,0.0,4.0,2.0,16.0,0.0
22200627,1610612738,BOS,Boston,1628436,Luke Kornet,Luke,,,16:42,5.0,5.0,1.0,1.0,1.0,1.0,0.0,0.0,0.0,3.0,2.0,5.0,1.0,0.0,0.0,1.0,1.0,11.0,0.0
22200627,1610612738,BOS,Boston,1627763,Malcolm Brogdon,Malcolm,,,20:25,7.0,13.0,0.538,2.0,3.0,0.667,0.0,0.0,0.0,0.0,5.0,5.0,2.0,0.0,0.0,1.0,0.0,16.0,8.0
22200627,1610612738,BOS,Boston,1630573,Sam Hauser,Sam,,,5:09,1.0,2.0,0.5,0.0,1.0,0.0,0.0,0.0,0.0,1.0,0.0,1.0,2.0,0.0,0.0,0.0,0.0,2.0,1.0
22200627,1610612738,BOS,Boston,1630202,Payton Pritchard,Payton,,,14:37,4.0,7.0,0.571,1.0,3.0,0.333,0.0,0.0,0.0,3.0,0.0,3.0,0.0,1.0,0.0,0.0,3.0,9.0,13.0
22200627,1610612738,BOS,Boston,201933,Blake Griffin,Blake,,DNP - Coach's Decision,,,,,,,,,,,,,,,,,,,,
22200627,1610612738,BOS,Boston,1628382,Justin Jackson,Justin,,DNP - Coach's Decision,,,,,,,,,,,,,,,,,,,,
22200627,1610612751,BKN,Brooklyn,203925,Joe Harris,Joe,F,,28:30,7.0,11.0,0.636,4.0,7.0,0.571,0.0,0.0,0.0,2.0,3.0,5.0,1.0,2.0,0.0,1.0,5.0,18.0,-7.0
22200627,1610612751,BKN,Brooklyn,1626220,Royce O'Neale,Royce,F,,38:11,3.0,7.0,0.429,2.0,5.0,0.4,3.0,3.0,1.0,1.0,4.0,5.0,2.0,2.0,2.0,0.0,2.0,11.0,-3.0
22200627,1610612751,BKN,Brooklyn,1629651,Nic Claxton,Nic,C,,32:25,4.0,7.0,0.571,0.0,0.0,0.0,1.0,2.0,0.5,1.0,8.0,9.0,1.0,1.0,4.0,3.0,0.0,9.0,-6.0
22200627,1610612751,BKN,Brooklyn,202681,Kyrie Irving,Kyrie,G,,38:01,9.0,24.0,0.375,3.0,11.0,0.273,3.0,4.0,0.75,0.0,2.0,2.0,6.0,1.0,1.0,2.0,4.0,24.0,-11.0
22200627,1610612751,BKN,Brooklyn,1627732,Ben Simmons,Ben,G,,26:25,0.0,3.0,0.0,0.0,0.0,0.0,0.0,0.0,0.0,0.0,9.0,9.0,13.0,2.0,1.0,2.0,5.0,0.0,10.0
22200627,1610612751,BKN,Brooklyn,203933,T.J. Warren,T.J.,,,28:07,9.0,18.0,0.5,2.0,5.0,0.4,0.0,0.0,0.0,0.0,1.0,1.0,1.0,0.0,1.0,1.0,1.0,20.0,-12.0
22200627,1610612751,BKN,Brooklyn,1629139,Yuta Watanabe,Yuta,,,21:08,2.0,5.0,0.4,1.0,3.0,0.333,0.0,0.0,0.0,0.0,0.0,0.0,1.0,0.0,0.0,1.0,1.0,5.0,-16.0
22200627,1610612751,BKN,Brooklyn,203552,Seth Curry,Seth,,,25:16,4.0,9.0,0.444,1.0,3.0,0.333,2.0,2.0,1.0,0.0,0.0,0.0,1.0,0.0,0.0,2.0,1.0,11.0,-6.0
22200627,1610612751,BKN,Brooklyn,1628410,Edmond Sumner,Edmond,,,1:57,0.0,0.0,0.0,0.0,0.0,0.0,0.0,0.0,0.0,0.0,0.0,0.0,0.0,0.0,0.0,0.0,0.0,0.0,-4.0
22200627,1610612751,BKN,Brooklyn,1630556,Kessler Edwards,Kessler,,DNP - Coach's Decision,,,,,,,,,,,,,,,,,,,,
22200627,1610612751,BKN,Brooklyn,201988,Patty Mills,Patty,,DNP - Coach's Decision,,,,,,,,,,,,,,,,,,,,
22200627,1610612751,BKN,Brooklyn,202693,Markieff Morris,Markieff,,DNP - Coach's Decision,,,,,,,,,,,,,,,,,,,,
22200627,1610612751,BKN,Brooklyn,1630549,Day'Ron Sharpe,Day'Ron,,DNP - Coach's Decision,,,,,,,,,,,,,,,,,,,,
22200627,1610612751,BKN,Brooklyn,1630560,Cam Thomas,Cam,,DNP - Coach's Decision,,,,,,,,,,,,,,,,,,,,
22200629,1610612766,CHA,Charlotte,1629023,P.J. Washington,P.J.,F,,35:01,4.0,12.0,0.333,3.0,7.0,0.429,0.0,0.0,0.0,2.0,4.0,6.0,1.0,0.0,1.0,2.0,5.0,11.0,-8.0
22200629,1610612766,CHA,Charlotte,1629667,Jalen McDaniels,Jalen,F,,27:51,4.0,11.0,0.364,1.0,5.0,0.2,1.0,2.0,0.5,0.0,5.0,5.0,0.0,1.0,0.0,5.0,4.0,10.0,-16.0
22200629,1610612766,CHA,Charlotte,203486,Mason Plumlee,Mason,C,,34:45,6.0,6.0,1.0,0.0,0.0,0.0,4.0,6.0,0.667,5.0,10.0,15.0,4.0,1.0,1.0,2.0,1.0,16.0,-10.0
22200629,1610612766,CHA,Charlotte,1626179,Terry Rozier,Terry,G,,37:37,8.0,16.0,0.5,3.0,7.0,0.429,2.0,2.0,1.0,0.0,3.0,3.0,5.0,1.0,0.0,3.0,1.0,21.0,-3.0
22200629,1610612766,CHA,Charlotte,1630163,LaMelo Ball,LaMelo,G,,40:17,11.0,19.0,0.579,4.0,10.0,0.4,6.0,9.0,0.667,1.0,3.0,4.0,7.0,2.0,0.0,5.0,6.0,32.0,-7.0
22200629,1610612766,CHA,Charlotte,1628372,Dennis Smith Jr.,Dennis,,,19:54,2.0,5.0,0.4,0.0,1.0,0.0,1.0,1.0,1.0,0.0,3.0,3.0,7.0,0.0,0.0,1.0,3.0,5.0,2.0
22200629,1610612766,CHA,Charlotte,1628998,Cody Martin,Cody,,,21:47,3.0,4.0,0.75,1.0,2.0,0.5,2.0,3.0,0.667,1.0,1.0,2.0,3.0,1.0,0.0,1.0,4.0,9.0,-12.0
22200629,1610612766,CHA,Charlotte,1630550,JT Thor,JT,,,9:26,1.0,1.0,1.0,1.0,1.0,1.0,0.0,0.0,0.0,0.0,3.0,3.0,0.0,0.0,1.0,1.0,1.0,3.0,4.0
22200629,1610612766,CHA,Charlotte,1630208,Nick Richards,Nick,,,13:15,2.0,3.0,0.667,0.0,0.0,0.0,3.0,4.0,0.75,0.0,1.0,1.0,0.0,0.0,2.0,2.0,5.0,7.0,0.0
22200629,1610612766,CHA,Charlotte,1631121,Bryce McGowens,Bryce,,,0:07,0.0,0.0,0.0,0.0,0.0,0.0,0.0,0.0,0.0,0.0,0.0,0.0,0.0,0.0,0.0,0.0,0.0,0.0,0.0
22200629,1610612766,CHA,Charlotte,1630539,Kai Jones,Kai,,DNP - Coach's Decision,,,,,,,,,,,,,,,,,,,,
22200629,1610612766,CHA,Charlotte,1631109,Mark Williams,Mark,,DNP - Coach's Decision,,,,,,,,,,,,,,,,,,,,
22200629,1610612761,TOR,Toronto,1628384,OG Anunoby,OG,F,,37:50,6.0,15.0,0.4,3.0,8.0,0.375,0.0,0.0,0.0,2.0,2.0,4.0,4.0,4.0,1.0,2.0,3.0,15.0,6.0
22200629,1610612761,TOR,Toronto,1630567,Scottie Barnes,Scottie,F,,34:17,8.0,14.0,0.571,0.0,0.0,0.0,5.0,6.0,0.833,2.0,5.0,7.0,9.0,0.0,2.0,0.0,4.0,21.0,15.0
22200629,1610612761,TOR,Toronto,1627783,Pascal Siakam,Pascal,C,,37:50,11.0,13.0,0.846,3.0,3.0,1.0,10.0,12.0,0.833,1.0,6.0,7.0,3.0,0.0,1.0,4.0,2.0,35.0,6.0
22200629,1610612761,TOR,Toronto,1629018,Gary Trent Jr.,Gary,G,,35:54,6.0,19.0,0.316,2.0,11.0,0.182,5.0,5.0,1.0,0.0,2.0,2.0,1.0,2.0,0.0,0.0,0.0,19.0,6.0
22200629,1610612761,TOR,Toronto,1627832,Fred VanVleet,Fred,G,,34:30,4.0,8.0,0.5,1.0,2.0,0.5,2.0,2.0,1.0,0.0,5.0,5.0,8.0,2.0,0.0,1.0,4.0,11.0,5.0
22200629,1610612761,TOR,Toronto,1630201,Malachi Flynn,Malachi,,,13:30,0.0,1.0,0.0,0.0,1.0,0.0,0.0,0.0,0.0,0.0,0.0,0.0,3.0,1.0,0.0,0.0,2.0,0.0,5.0
22200629,1610612761,TOR,Toronto,1631132,Christian Koloko,Christian,,,6:14,1.0,2.0,0.5,0.0,0.0,0.0,1.0,2.0,0.5,1.0,0.0,1.0,0.0,0.0,0.0,0.0,3.0,3.0,0.0
22200629,1610612761,TOR,Toronto,1627823,Juancho Hernangomez,Juancho,,,12:06,1.0,1.0,1.0,0.0,0.0,0.0,3.0,3.0,1.0,0.0,3.0,3.0,2.0,1.0,0.0,0.0,2.0,5.0,4.0
22200629,1610612761,TOR,Toronto,1630173,Precious Achiuwa,Precious,,,17:39,4.0,7.0,0.571,1.0,3.0,0.333,1.0,3.0,0.333,1.0,1.0,2.0,0.0,5.0,0.0,2.0,1.0,10.0,-1.0
22200629,1610612761,TOR,Toronto,1628449,Chris Boucher,Chris,,,10:10,2.0,3.0,0.667,0.0,0.0,0.0,1.0,3.0,0.333,1.0,0.0,1.0,0.0,0.0,0.0,0.0,2.0,5.0,4.0
22200629,1610612761,TOR,Toronto,203920,Khem Birch,Khem,,DNP - Coach's Decision,,,,,,,,,,,,,,,,,,,,
22200629,1610612761,TOR,Toronto,1630288,Jeff Dowtin Jr.,Jeff,,DNP - Coach's Decision,,,,,,,,,,,,,,,,,,,,
22200629,1610612761,TOR,Toronto,1630580,Joe Wieskamp,Joe,,DNP - Coach's Decision,,,,,,,,,,,,,,,,,,,,
22200629,1610612761,TOR,Toronto,201152,Thaddeus Young,Thaddeus,,DNP - Coach's Decision,,,,,,,,,,,,,,,,,,,,
22200630,1610612742,DAL,Dallas,203501,Tim Hardaway Jr.,Tim,F,,48:21,9.0,21.0,0.429,3.0,11.0,0.273,1.0,1.0,1.0,0.0,8.0,8.0,0.0,0.0,0.0,2.0,4.0,22.0,16.0
22200630,1610612742,DAL,Dallas,203493,Reggie Bullock Jr.,Reggie,F,,47:13,2.0,8.0,0.25,2.0,8.0,0.25,1.0,2.0,0.5,0.0,9.0,9.0,0.0,2.0,1.0,0.0,5.0,7.0,-2.0
22200630,1610612742,DAL,Dallas,1626174,Christian Wood,Christian,C,,47:21,10.0,17.0,0.588,2.0,6.0,0.333,2.0,4.0,0.5,1.0,13.0,14.0,6.0,1.0,5.0,1.0,3.0,24.0,16.0
22200630,1610612742,DAL,Dallas,203915,Spencer Dinwiddie,Spencer,G,,51:15,7.0,13.0,0.538,2.0,6.0,0.333,1.0,2.0,0.5,0.0,4.0,4.0,4.0,0.0,2.0,3.0,3.0,17.0,8.0
22200630,1610612742,DAL,Dallas,1629029,Luka Dončić,Luka,G,,52:44,14.0,28.0,0.5,4.0,9.0,0.444,3.0,7.0,0.429,2.0,12.0,14.0,13.0,1.0,1.0,5.0,5.0,35.0,10.0
22200630,1610612742,DAL,Dallas,203939,Dwight Powell,Dwight,,,18:24,3.0,4.0,0.75,0.0,0.0,0.0,0.0,0.0,0.0,0.0,4.0,4.0,1.0,0.0,0.0,2.0,3.0,6.0,-10.0
22200630,1610612742,DAL,Dallas,1630702,Jaden Hardy,Jaden,,,5:30,1.0,2.0,0.5,0.0,0.0,0.0,1.0,1.0,1.0,0.0,0.0,0.0,1.0,0.0,0.0,2.0,3.0,3.0,0.0
22200630,1610612742,DAL,Dallas,202722,Dāvis Bertāns,Dāvis,,,6:48,0.0,1.0,0.0,0.0,1.0,0.0,0.0,0.0,0.0,0.0,0.0,0.0,0.0,0.0,0.0,1.0,0.0,0.0,-8.0
22200630,1610612742,DAL,Dallas,1628373,Frank Ntilikina,Frank,,,12:25,2.0,2.0,1.0,1.0,1.0,1.0,0.0,0.0,0.0,0.0,1.0,1.0,0.0,0.0,0.0,0.0,0.0,5.0,-10.0
22200630,1610612742,DAL,Dallas,1630639,A.J. Lawson,A.J.,,DNP - Coach's Decision,,,,,,,,,,,,,,,,,,,,
22200630,1610612742,DAL,Dallas,201580,JaVale McGee,JaVale,,DNP - Coach's Decision,,,,,,,,,,,,,,,,,,,,
22200630,1610612742,DAL,Dallas,1629033,Theo Pinson,Theo,,DNP - Coach's Decision,,,,,,,,,,,,,,,,,,,,
22200630,1610612742,DAL,Dallas,1630593,McKinley Wright IV,McKinley,,DNP - Coach's Decision,,,,,,,,,,,,,,,,,,,,
22200630,1610612747,LAL,Los Angeles,1629308,Juan Toscano-Anderson,Juan,F,,17:48,1.0,5.0,0.2,0.0,1.0,0.0,2.0,2.0,1.0,0.0,3.0,3.0,2.0,0.0,1.0,0.0,2.0,4.0,-4.0
22200630,1610612747,LAL,Los Angeles,2544,LeBron James,LeBron,F,,46:45,9.0,28.0,0.321,0.0,7.0,0.0,6.0,10.0,0.6,6.0,10.0,16.0,9.0,2.0,0.0,3.0,0.0,24.0,-3.0
22200630,1610612747,LAL,Los Angeles,1628418,Thomas Bryant,Thomas,C,,23:34,5.0,10.0,0.5,0.0,2.0,0.0,1.0,2.0,0.5,3.0,6.0,9.0,0.0,0.0,0.0,1.0,2.0,11.0,-17.0
22200630,1610612747,LAL,Los Angeles,1631108,Max Christie,Max,G,,28:44,3.0,6.0,0.5,1.0,3.0,0.333,0.0,0.0,0.0,2.0,3.0,5.0,0.0,0.0,1.0,1.0,2.0,7.0,-9.0
22200630,1610612747,LAL,Los Angeles,203471,Dennis Schröder,Dennis,G,,38:17,3.0,13.0,0.231,0.0,6.0,0.0,1.0,1.0,1.0,0.0,4.0,4.0,6.0,0.0,0.0,0.0,1.0,7.0,-9.0
22200630,1610612747,LAL,Los Angeles,201566,Russell Westbrook,Russell,,,40:03,10.0,23.0,0.435,3.0,6.0,0.5,5.0,8.0,0.625,1.0,6.0,7.0,5.0,2.0,0.0,3.0,3.0,28.0,3.0
22200630,1610612747,LAL,Los Angeles,1628972,Troy Brown Jr.,Troy,,,37:49,3.0,8.0,0.375,2.0,6.0,0.333,0.0,0.0,0.0,0.0,4.0,4.0,1.0,1.0,0.0,1.0,3.0,8.0,2.0
22200630,1610612747,LAL,Los Angeles,1629134,Kendrick Nunn,Kendrick,,,19:12,4.0,11.0,0.364,3.0,8.0,0.375,1.0,2.0,0.5,0.0,1.0,1.0,1.0,0.0,0.0,0.0,0.0,12.0,11.0
22200630,1610612747,LAL,Los Angeles,1629117,Wenyen Gabriel,Wenyen,,,33:04,6.0,8.0,0.75,1.0,2.0,0.5,1.0,2.0,0.5,2.0,5.0,7.0,0.0,2.0,2.0,0.0,3.0,14.0,9.0
22200630,1610612747,LAL,Los Angeles,1631306,Cole Swider,Cole,,,3:08,0.0,0.0,0.0,0.0,0.0,0.0,0.0,0.0,0.0,0.0,0.0,0.0,0.0,0.0,0.0,0.0,1.0,0.0,-3.0
22200630,1610612747,LAL,Los Angeles,1628425,Sterling Brown,Sterling,,,1:36,0.0,0.0,0.0,0.0,0.0,0.0,0.0,0.0,0.0,0.0,0.0,0.0,0.0,0.0,0.0,0.0,1.0,0.0,0.0
22200630,1610612747,LAL,Los Angeles,1627745,Damian Jones,Damian,,DNP - Coach's Decision,,,,,,,,,,,,,,,,,,,,
22200630,1610612747,LAL,Los Angeles,1630590,Scotty Pippen Jr.,Scotty,,DNP - Coach's Decision,,,,,,,,,,,,,,,,,,,,
22200619,1610612741,CHI,Chicago,1627936,Alex Caruso,Alex,F,,27:42,3.0,11.0,0.273,0.0,2.0,0.0,0.0,0.0,0.0,2.0,2.0,4.0,2.0,1.0,1.0,1.0,3.0,6.0,-16.0
22200619,1610612741,CHI,Chicago,1630172,Patrick Williams,Patrick,F,,33:01,3.0,8.0,0.375,0.0,2.0,0.0,0.0,0.0,0.0,2.0,4.0,6.0,0.0,0.0,1.0,1.0,2.0,6.0,-9.0
22200619,1610612741,CHI,Chicago,202696,Nikola Vučević,Nikola,C,,38:46,7.0,14.0,0.5,1.0,4.0,0.25,0.0,0.0,0.0,3.0,7.0,10.0,5.0,0.0,2.0,2.0,2.0,15.0,-2.0
22200619,1610612741,CHI,Chicago,203897,Zach LaVine,Zach,G,,40:43,15.0,28.0,0.536,4.0,11.0,0.364,4.0,7.0,0.571,1.0,4.0,5.0,2.0,2.0,0.0,3.0,1.0,38.0,5.0
22200619,1610612741,CHI,Chicago,1630245,Ayo Dosunmu,Ayo,G,,29:23,4.0,6.0,0.667,0.0,1.0,0.0,0.0,0.0,0.0,0.0,4.0,4.0,3.0,0.0,0.0,2.0,1.0,8.0,-4.0
22200619,1610612741,CHI,Chicago,1629632,Coby White,Coby,,,29:05,5.0,11.0,0.455,3.0,5.0,0.6,0.0,0.0,0.0,0.0,4.0,4.0,1.0,2.0,0.0,1.0,2.0,13.0,6.0
22200619,1610612741,CHI,Chicago,1627884,Derrick Jones Jr.,Derrick,,,18:22,2.0,3.0,0.667,1.0,2.0,0.5,2.0,2.0,1.0,0.0,4.0,4.0,0.0,0.0,2.0,0.0,3.0,7.0,5.0
22200619,1610612741,CHI,Chicago,201609,Goran Dragic,Goran,,,14:46,2.0,7.0,0.286,0.0,2.0,0.0,0.0,0.0,0.0,0.0,0.0,0.0,2.0,2.0,0.0,1.0,0.0,4.0,-1.0
22200619,1610612741,CHI,Chicago,203083,Andre Drummond,Andre,,,8:12,0.0,0.0,0.0,0.0,0.0,0.0,0.0,0.0,0.0,0.0,2.0,2.0,1.0,0.0,0.0,1.0,5.0,0.0,1.0
22200619,1610612741,CHI,Chicago,1630792,Malcolm Hill,Malcolm,,DNP - Coach's Decision,,,,,,,,,,,,,,,,,,,,
22200619,1610612741,CHI,Chicago,1631207,Dalen Terry,Dalen,,DNP - Coach's Decision,,,,,,,,,,,,,,,,,,,,
22200619,1610612764,WAS,Washington,1630166,Deni Avdija,Deni,F,,34:48,3.0,6.0,0.5,1.0,2.0,0.5,2.0,2.0,1.0,3.0,17.0,20.0,3.0,0.0,0.0,4.0,3.0,9.0,1.0
22200619,1610612764,WAS,Washington,1628398,Kyle Kuzma,Kyle,F,,37:44,9.0,20.0,0.45,1.0,4.0,0.25,2.0,3.0,0.667,0.0,4.0,4.0,3.0,0.0,0.0,2.0,3.0,21.0,11.0
22200619,1610612764,WAS,Washington,201959,Taj Gibson,Taj,C,,24:35,3.0,7.0,0.429,0.0,1.0,0.0,3.0,5.0,0.6,3.0,5.0,8.0,3.0,1.0,1.0,0.0,2.0,9.0,6.0
22200619,1610612764,WAS,Washington,1630557,Corey Kispert,Corey,G,,24:57,2.0,5.0,0.4,2.0,5.0,0.4,0.0,0.0,0.0,0.0,3.0,3.0,2.0,0.0,0.0,4.0,2.0,6.0,9.0
22200619,1610612764,WAS,Washington,1628420,Monté Morris,Monté,G,,28:34,7.0,13.0,0.538,1.0,3.0,0.333,2.0,2.0,1.0,0.0,2.0,2.0,3.0,0.0,0.0,1.0,0.0,17.0,7.0
22200619,1610612764,WAS,Washington,1629060,Rui Hachimura,Rui,,,20:01,3.0,9.0,0.333,0.0,3.0,0.0,4.0,4.0,1.0,1.0,4.0,5.0,0.0,1.0,0.0,1.0,1.0,10.0,-12.0
22200619,1610612764,WAS,Washington,1630264,Anthony Gill,Anthony,,,22:37,7.0,11.0,0.636,0.0,2.0,0.0,4.0,5.0,0.8,3.0,1.0,4.0,1.0,0.0,0.0,0.0,3.0,18.0,-3.0
22200619,1610612764,WAS,Washington,203115,Will Barton,Will,,,8:14,0.0,1.0,0.0,0.0,0.0,0.0,0.0,0.0,0.0,1.0,1.0,2.0,1.0,0.0,0.0,2.0,0.0,0.0,-3.0
22200619,1610612764,WAS,Washington,1626153,Delon Wright,Delon,,,24:44,2.0,4.0,0.5,0.0,0.0,0.0,0.0,0.0,0.0,1.0,3.0,4.0,3.0,3.0,1.0,2.0,1.0,4.0,-4.0
22200619,1610612764,WAS,Washington,1630692,Jordan Goodwin,Jordan,,,13:46,2.0,6.0,0.333,2.0,3.0,0.667,0.0,0.0,0.0,0.0,0.0,0.0,2.0,0.0,1.0,1.0,3.0,6.0,3.0
22200619,1610612764,WAS,Washington,1629653,Devon Dotson,Devon,,DNP - Coach's Decision,,,,,,,,,,,,,,,,,,,,
22200619,1610612764,WAS,Washington,1630225,Isaiah Todd,Isaiah,,DNP - Coach's Decision,,,,,,,,,,,,,,,,,,,,
22200620,1610612749,MIL,Milwaukee,1626192,Pat Connaughton,Pat,F,,29:11,4.0,12.0,0.333,2.0,10.0,0.2,0.0,0.0,0.0,4.0,3.0,7.0,0.0,1.0,0.0,1.0,1.0,10.0,8.0
22200620,1610612749,MIL,Milwaukee,203507,Giannis Antetokounmpo,Giannis,F,,34:57,3.0,10.0,0.3,0.0,0.0,0.0,1.0,4.0,0.25,2.0,16.0,18.0,10.0,0.0,1.0,1.0,5.0,7.0,15.0
22200620,1610612749,MIL,Milwaukee,201572,Brook Lopez,Brook,C,,32:10,8.0,13.0,0.615,4.0,6.0,0.667,0.0,1.0,0.0,4.0,8.0,12.0,1.0,1.0,2.0,1.0,2.0,20.0,4.0
22200620,1610612749,MIL,Milwaukee,1628960,Grayson Allen,Grayson,G,,13:22,3.0,4.0,0.75,0.0,0.0,0.0,0.0,0.0,0.0,0.0,2.0,2.0,2.0,0.0,0.0,0.0,2.0,6.0,11.0
22200620,1610612749,MIL,Milwaukee,201950,Jrue Holiday,Jrue,G,,34:26,10.0,21.0,0.476,3.0,8.0,0.375,4.0,4.0,1.0,1.0,3.0,4.0,5.0,2.0,0.0,5.0,2.0,27.0,8.0
22200620,1610612749,MIL,Milwaukee,1626171,Bobby Portis,Bobby,,,24:47,6.0,11.0,0.545,1.0,2.0,0.5,0.0,0.0,0.0,2.0,8.0,10.0,1.0,0.0,0.0,1.0,0.0,13.0,-2.0
22200620,1610612749,MIL,Milwaukee,1630699,MarJon Beauchamp,MarJon,,,21:21,3.0,9.0,0.333,2.0,7.0,0.286,0.0,0.0,0.0,0.0,1.0,1.0,4.0,0.0,0.0,0.0,0.0,8.0,7.0
22200620,1610612749,MIL,Milwaukee,1628975,Jevon Carter,Jevon,,,22:20,4.0,7.0,0.571,4.0,7.0,0.571,1.0,2.0,0.5,1.0,1.0,2.0,0.0,2.0,1.0,0.0,0.0,13.0,6.0
22200620,1610612749,MIL,Milwaukee,204060,Joe Ingles,Joe,,,21:55,3.0,8.0,0.375,1.0,5.0,0.2,0.0,0.0,0.0,0.0,1.0,1.0,5.0,0.0,0.0,1.0,2.0,7.0,-3.0
22200620,1610612749,MIL,Milwaukee,1631260,AJ Green,AJ,,,5:32,1.0,3.0,0.333,1.0,3.0,0.333,0.0,0.0,0.0,0.0,0.0,0.0,0.0,0.0,0.0,0.0,1.0,3.0,-9.0
22200620,1610612749,MIL,Milwaukee,203648,Thanasis Antetokounmpo,Thanasis,,DNP - Coach's Decision,,,,,,,,,,,,,,,,,,,,
22200620,1610612749,MIL,Milwaukee,201588,George Hill,George,,DNP - Coach's Decision,,,,,,,,,,,,,,,,,,,,
22200620,1610612749,MIL,Milwaukee,202083,Wesley Matthews,Wesley,,DNP - Coach's Decision,,,,,,,,,,,,,,,,,,,,
22200620,1610612749,MIL,Milwaukee,1629670,Jordan Nwora,Jordan,,DNP - Coach's Decision,,,,,,,,,,,,,,,,,,,,
22200620,1610612737,ATL,Atlanta,1629631,De'Andre Hunter,De'Andre,F,,37:03,4.0,14.0,0.286,1.0,4.0,0.25,7.0,8.0,0.875,2.0,7.0,9.0,2.0,0.0,0.0,3.0,3.0,16.0,-17.0
22200620,1610612737,ATL,Atlanta,1628381,John Collins,John,F,,33:17,7.0,11.0,0.636,1.0,3.0,0.333,0.0,0.0,0.0,1.0,6.0,7.0,1.0,0.0,1.0,1.0,0.0,15.0,-12.0
22200620,1610612737,ATL,Atlanta,1630168,Onyeka Okongwu,Onyeka,C,,33:07,3.0,7.0,0.429,0.0,0.0,0.0,1.0,1.0,1.0,3.0,6.0,9.0,5.0,0.0,2.0,0.0,3.0,7.0,-22.0
22200620,1610612737,ATL,Atlanta,1628988,Aaron Holiday,Aaron,G,,13:31,1.0,3.0,0.333,0.0,1.0,0.0,2.0,2.0,1.0,0.0,2.0,2.0,3.0,0.0,0.0,1.0,0.0,4.0,-6.0
22200620,1610612737,ATL,Atlanta,1627749,Dejounte Murray,Dejounte,G,,37:53,4.0,16.0,0.25,1.0,5.0,0.2,0.0,0.0,0.0,0.0,4.0,4.0,5.0,2.0,0.0,3.0,0.0,9.0,-14.0
22200620,1610612737,ATL,Atlanta,203992,Bogdan Bogdanović,Bogdan,,,39:34,9.0,18.0,0.5,3.0,8.0,0.375,1.0,2.0,0.5,0.0,3.0,3.0,5.0,2.0,0.0,2.0,2.0,22.0,7.0
22200620,1610612737,ATL,Atlanta,1630552,Jalen Johnson,Jalen,,,14:43,3.0,5.0,0.6,1.0,2.0,0.5,5.0,5.0,1.0,0.0,3.0,3.0,1.0,0.0,0.0,0.0,1.0,12.0,3.0
22200620,1610612737,ATL,Atlanta,1631100,AJ Griffin,AJ,,,16:27,3.0,6.0,0.5,1.0,3.0,0.333,0.0,0.0,0.0,0.0,2.0,2.0,1.0,0.0,0.0,0.0,1.0,7.0,3.0
22200620,1610612737,ATL,Atlanta,1626163,Frank Kaminsky,Frank,,,14:25,5.0,7.0,0.714,3.0,4.0,0.75,0.0,0.0,0.0,0.0,2.0,2.0,2.0,1.0,0.0,1.0,2.0,13.0,13.0
22200620,1610612737,ATL,Atlanta,202324,Derrick Favors,Derrick,,DNP - Coach's Decision,,,,,,,,,,,,,,,,,,,,
22200620,1610612737,ATL,Atlanta,1630235,Trent Forrest,Trent,,DNP - Coach's Decision,,,,,,,,,,,,,,,,,,,,
22200620,1610612737,ATL,Atlanta,203200,Justin Holiday,Justin,,DNP - Coach's Decision,,,,,,,,,,,,,,,,,,,,
22200620,1610612737,ATL,Atlanta,1630249,Vít Krejčí,Vít,,DNP - Coach's Decision,,,,,,,,,,,,,,,,,,,,
22200622,1610612754,IND,Indiana,1627741,Buddy Hield,Buddy,F,,32:10,11.0,20.0,0.55,7.0,15.0,0.467,2.0,2.0,1.0,0.0,8.0,8.0,0.0,1.0,0.0,1.0,3.0,31.0,-3.0
22200622,1610612754,IND,Indiana,1630188,Jalen Smith,Jalen,F,,24:59,3.0,6.0,0.5,0.0,2.0,0.0,1.0,2.0,0.5,1.0,2.0,3.0,4.0,1.0,0.0,1.0,3.0,7.0,-13.0
22200622,1610612754,IND,Indiana,201949,James Johnson,James,C,,12:58,0.0,1.0,0.0,0.0,0.0,0.0,0.0,0.0,0.0,0.0,3.0,3.0,2.0,2.0,1.0,1.0,2.0,0.0,-13.0
22200622,1610612754,IND,Indiana,1630169,Tyrese Haliburton,Tyrese,G,,27:11,6.0,12.0,0.5,1.0,5.0,0.2,2.0,3.0,0.667,0.0,3.0,3.0,7.0,1.0,0.0,4.0,1.0,15.0,-15.0
22200622,1610612754,IND,Indiana,1629614,Andrew Nembhard,Andrew,G,,34:18,4.0,10.0,0.4,1.0,3.0,0.333,2.0,2.0,1.0,1.0,2.0,3.0,4.0,0.0,0.0,1.0,5.0,11.0,-1.0
22200622,1610612754,IND,Indiana,204456,T.J. McConnell,T.J.,,,26:02,6.0,11.0,0.545,0.0,1.0,0.0,2.0,2.0,1.0,3.0,5.0,8.0,7.0,2.0,0.0,1.0,1.0,14.0,1.0
22200622,1610612754,IND,Indiana,1630543,Isaiah Jackson,Isaiah,,,19:11,2.0,4.0,0.5,0.0,1.0,0.0,1.0,1.0,1.0,0.0,2.0,2.0,1.0,0.0,2.0,1.0,3.0,5.0,0.0
22200622,1610612754,IND,Indiana,1630678,Terry Taylor,Terry,,,3:33,0.0,2.0,0.0,0.0,1.0,0.0,0.0,0.0,0.0,0.0,0.0,0.0,0.0,0.0,0.0,0.0,2.0,0.0,-1.0
22200622,1610612754,IND,Indiana,1631097,Bennedict Mathurin,Bennedict,,,27:47,7.0,13.0,0.538,1.0,4.0,0.25,5.0,9.0,0.556,1.0,5.0,6.0,1.0,0.0,0.0,2.0,3.0,20.0,4.0
22200622,1610612754,IND,Indiana,1630537,Chris Duarte,Chris,,,16:51,2.0,8.0,0.25,1.0,5.0,0.2,0.0,0.0,0.0,0.0,2.0,2.0,0.0,0.0,1.0,1.0,0.0,5.0,1.0
22200622,1610612754,IND,Indiana,1629048,Goga Bitadze,Goga,,,15:01,2.0,3.0,0.667,1.0,2.0,0.5,0.0,0.0,0.0,2.0,1.0,3.0,1.0,1.0,1.0,0.0,2.0,5.0,10.0
22200622,1610612754,IND,Indiana,1629052,Oshae Brissett,Oshae,,DNP - Injury/Illness,,,,,,,,,,,,,,,,,,,,
22200622,1610612754,IND,Indiana,1626167,Myles Turner,Myles,,DND - Injury/Illness,,,,,,,,,,,,,,,,,,,,
22200622,1610612752,NYK,New York,1629628,RJ Barrett,RJ,F,,40:52,9.0,23.0,0.391,4.0,12.0,0.333,5.0,6.0,0.833,3.0,5.0,8.0,4.0,0.0,0.0,2.0,1.0,27.0,3.0
22200622,1610612752,NYK,New York,203944,Julius Randle,Julius,F,,38:32,5.0,12.0,0.417,2.0,7.0,0.286,2.0,4.0,0.5,3.0,13.0,16.0,4.0,0.0,1.0,6.0,2.0,14.0,9.0
22200622,1610612752,NYK,New York,1629011,Mitchell Robinson,Mitchell,C,,37:31,3.0,4.0,0.75,0.0,0.0,0.0,4.0,6.0,0.667,5.0,4.0,9.0,1.0,5.0,2.0,0.0,2.0,10.0,2.0
22200622,1610612752,NYK,New York,1628973,Jalen Brunson,Jalen,G,,41:37,11.0,20.0,0.55,3.0,4.0,0.75,9.0,9.0,1.0,0.0,3.0,3.0,4.0,0.0,0.0,1.0,3.0,34.0,7.0
22200622,1610612752,NYK,New York,1629656,Quentin Grimes,Quentin,G,,30:24,6.0,11.0,0.545,4.0,8.0,0.5,2.0,2.0,1.0,0.0,5.0,5.0,2.0,2.0,0.0,2.0,3.0,18.0,14.0
22200622,1610612752,NYK,New York,1630193,Immanuel Quickley,Immanuel,,,25:59,3.0,9.0,0.333,1.0,7.0,0.143,4.0,4.0,1.0,1.0,4.0,5.0,4.0,0.0,0.0,1.0,2.0,11.0,-2.0
22200622,1610612752,NYK,New York,1628392,Isaiah Hartenstein,Isaiah,,,9:14,0.0,0.0,0.0,0.0,0.0,0.0,0.0,0.0,0.0,0.0,2.0,2.0,0.0,0.0,1.0,0.0,1.0,0.0,1.0
22200622,1610612752,NYK,New York,1630167,Obi Toppin,Obi,,,9:28,1.0,3.0,0.333,1.0,3.0,0.333,2.0,2.0,1.0,0.0,2.0,2.0,2.0,1.0,0.0,0.0,1.0,5.0,-3.0
22200622,1610612752,NYK,New York,1630540,Miles McBride,Miles,,,6:23,0.0,2.0,0.0,0.0,1.0,0.0,0.0,0.0,0.0,0.0,0.0,0.0,0.0,1.0,0.0,0.0,1.0,0.0,-1.0
22200622,1610612752,NYK,New York,1627853,Ryan Arcidiacono,Ryan,,DNP - Coach's Decision,,,,,,,,,,,,,,,,,,,,
22200622,1610612752,NYK,New York,203095,Evan Fournier,Evan,,DNP - Coach's Decision,,,,,,,,,,,,,,,,,,,,
22200622,1610612752,NYK,New York,1629004,Svi Mykhailiuk,Svi,,DNP - Coach's Decision,,,,,,,,,,,,,,,,,,,,
22200622,1610612752,NYK,New York,1629629,Cam Reddish,Cam,,DNP - Coach's Decision,,,,,,,,,,,,,,,,,,,,
22200622,1610612752,NYK,New York,201565,Derrick Rose,Derrick,,DNP - Coach's Decision,,,,,,,,,,,,,,,,,,,,
22200622,1610612752,NYK,New York,1630579,Jericho Sims,Jericho,,DNP - Coach's Decision,,,,,,,,,,,,,,,,,,,,
22200621,1610612740,NOP,New Orleans,1630230,Naji Marshall,Naji,F,,37:02,6.0,15.0,0.4,2.0,5.0,0.4,4.0,4.0,1.0,0.0,7.0,7.0,3.0,0.0,1.0,0.0,2.0,18.0,-5.0
22200621,1610612740,NOP,New Orleans,1630530,Trey Murphy III,Trey,F,,33:54,7.0,11.0,0.636,1.0,4.0,0.25,0.0,0.0,0.0,2.0,4.0,6.0,1.0,3.0,1.0,1.0,2.0,15.0,-7.0
22200621,1610612740,NOP,New Orleans,202685,Jonas Valančiūnas,Jonas,C,,23:23,5.0,10.0,0.5,1.0,1.0,1.0,2.0,2.0,1.0,0.0,4.0,4.0,2.0,0.0,0.0,2.0,2.0,13.0,-2.0
22200621,1610612740,NOP,New Orleans,1630700,Dyson Daniels,Dyson,G,,25:24,3.0,6.0,0.5,1.0,2.0,0.5,0.0,1.0,0.0,1.0,4.0,5.0,3.0,0.0,0.0,1.0,4.0,7.0,-2.0
22200621,1610612740,NOP,New Orleans,203468,CJ McCollum,CJ,G,,33:57,15.0,24.0,0.625,6.0,12.0,0.5,2.0,5.0,0.4,0.0,4.0,4.0,4.0,1.0,1.0,1.0,2.0,38.0,-14.0
22200621,1610612740,NOP,New Orleans,1630631,Jose Alvarado,Jose,,,22:20,3.0,9.0,0.333,0.0,3.0,0.0,3.0,3.0,1.0,0.0,1.0,1.0,3.0,0.0,1.0,2.0,0.0,9.0,-6.0
22200621,1610612740,NOP,New Orleans,1626204,Larry Nance Jr.,Larry,,,19:36,0.0,2.0,0.0,0.0,0.0,0.0,0.0,0.0,0.0,0.0,1.0,1.0,2.0,0.0,0.0,0.0,2.0,0.0,-20.0
22200621,1610612740,NOP,New Orleans,1628984,Devonte' Graham,Devonte',,,20:45,1.0,3.0,0.333,0.0,2.0,0.0,0.0,0.0,0.0,0.0,2.0,2.0,3.0,1.0,0.0,0.0,0.0,2.0,-11.0
22200621,1610612740,NOP,New Orleans,1629637,Jaxson Hayes,Jaxson,,,18:13,4.0,6.0,0.667,0.0,1.0,0.0,0.0,0.0,0.0,1.0,2.0,3.0,1.0,0.0,0.0,2.0,3.0,8.0,-4.0
22200621,1610612740,NOP,New Orleans,1630184,Kira Lewis Jr.,Kira,,,2:43,0.0,0.0,0.0,0.0,0.0,0.0,2.0,2.0,1.0,0.0,0.0,0.0,0.0,0.0,0.0,0.0,0.0,2.0,8.0
22200621,1610612740,NOP,New Orleans,1631220,Dereon Seabron,Dereon,,,2:43,1.0,1.0,1.0,0.0,0.0,0.0,0.0,0.0,0.0,0.0,0.0,0.0,0.0,0.0,0.0,0.0,0.0,2.0,8.0
22200621,1610612740,NOP,New Orleans,1626195,Willy Hernangomez,Willy,,DNP - Coach's Decision,,,,,,,,,,,,,,,,,,,,
22200621,1610612740,NOP,New Orleans,202066,Garrett Temple,Garrett,,DNP - Coach's Decision,,,,,,,,,,,,,,,,,,,,
22200621,1610612738,BOS,Boston,1628369,Jayson Tatum,Jayson,F,,35:55,10.0,22.0,0.455,3.0,8.0,0.375,8.0,10.0,0.8,2.0,8.0,10.0,4.0,1.0,0.0,0.0,2.0,31.0,12.0
22200621,1610612738,BOS,Boston,1629684,Grant Williams,Grant,F,,37:37,3.0,9.0,0.333,1.0,6.0,0.167,2.0,2.0,1.0,0.0,3.0,3.0,4.0,0.0,0.0,0.0,2.0,9.0,13.0
22200621,1610612738,BOS,Boston,201143,Al Horford,Al,C,,31:29,5.0,8.0,0.625,4.0,6.0,0.667,0.0,0.0,0.0,1.0,2.0,3.0,4.0,1.0,1.0,1.0,0.0,14.0,15.0
22200621,1610612738,BOS,Boston,1627759,Jaylen Brown,Jaylen,G,,34:46,15.0,21.0,0.714,3.0,6.0,0.5,8.0,9.0,0.889,4.0,8.0,12.0,0.0,0.0,1.0,2.0,3.0,41.0,18.0
22200621,1610612738,BOS,Boston,1628401,Derrick White,Derrick,G,,29:56,2.0,6.0,0.333,1.0,4.0,0.25,0.0,0.0,0.0,0.0,4.0,4.0,6.0,2.0,1.0,2.0,3.0,5.0,2.0
22200621,1610612738,BOS,Boston,1630573,Sam Hauser,Sam,,,7:42,0.0,3.0,0.0,0.0,2.0,0.0,0.0,0.0,0.0,1.0,1.0,2.0,0.0,0.0,0.0,0.0,1.0,0.0,-3.0
22200621,1610612738,BOS,Boston,1628436,Luke Kornet,Luke,,,16:31,1.0,4.0,0.25,0.0,0.0,0.0,0.0,0.0,0.0,2.0,3.0,5.0,2.0,0.0,2.0,1.0,3.0,2.0,-4.0
22200621,1610612738,BOS,Boston,1627763,Malcolm Brogdon,Malcolm,,,25:32,7.0,11.0,0.636,2.0,5.0,0.4,4.0,4.0,1.0,0.0,4.0,4.0,4.0,2.0,0.0,1.0,0.0,20.0,17.0
22200621,1610612738,BOS,Boston,1630202,Payton Pritchard,Payton,,,17:49,1.0,6.0,0.167,1.0,6.0,0.167,0.0,0.0,0.0,0.0,6.0,6.0,0.0,1.0,0.0,2.0,2.0,3.0,-7.0
22200621,1610612738,BOS,Boston,1628382,Justin Jackson,Justin,,,2:43,0.0,1.0,0.0,0.0,1.0,0.0,0.0,0.0,0.0,1.0,0.0,1.0,0.0,0.0,0.0,0.0,0.0,0.0,-8.0
22200621,1610612738,BOS,Boston,201933,Blake Griffin,Blake,,DNP - Coach's Decision,,,,,,,,,,,,,,,,,,,,
22200623,1610612759,SAS,San Antonio,1629640,Keldon Johnson,Keldon,F,,35:23,6.0,17.0,0.353,1.0,7.0,0.143,11.0,12.0,0.917,1.0,3.0,4.0,3.0,0.0,1.0,2.0,2.0,24.0,-3.0
22200623,1610612759,SAS,San Antonio,1631110,Jeremy Sochan,Jeremy,F,,28:42,5.0,9.0,0.556,0.0,2.0,0.0,1.0,1.0,1.0,1.0,2.0,3.0,5.0,2.0,0.0,3.0,3.0,11.0,-5.0
22200623,1610612759,SAS,San Antonio,1627751,Jakob Poeltl,Jakob,C,,25:47,7.0,13.0,0.538,0.0,0.0,0.0,3.0,5.0,0.6,6.0,6.0,12.0,0.0,0.0,5.0,0.0,2.0,17.0,-10.0
22200623,1610612759,SAS,San Antonio,1629641,Romeo Langford,Romeo,G,,18:16,1.0,7.0,0.143,1.0,2.0,0.5,0.0,0.0,0.0,1.0,1.0,2.0,3.0,0.0,1.0,0.0,2.0,3.0,-6.0
22200623,1610612759,SAS,San Antonio,1630200,Tre Jones,Tre,G,,30:23,9.0,19.0,0.474,2.0,5.0,0.4,2.0,2.0,1.0,3.0,3.0,6.0,6.0,3.0,1.0,0.0,1.0,22.0,-3.0
22200623,1610612759,SAS,San Antonio,1628380,Zach Collins,Zach,,,22:13,6.0,12.0,0.5,1.0,3.0,0.333,1.0,1.0,1.0,4.0,8.0,12.0,4.0,0.0,1.0,1.0,3.0,14.0,4.0
22200623,1610612759,SAS,San Antonio,1631103,Malaki Branham,Malaki,,,18:21,2.0,5.0,0.4,0.0,2.0,0.0,0.0,0.0,0.0,0.0,1.0,1.0,2.0,0.0,1.0,2.0,1.0,4.0,1.0
22200623,1610612759,SAS,San Antonio,1626196,Josh Richardson,Josh,,,22:32,5.0,10.0,0.5,2.0,6.0,0.333,0.0,0.0,0.0,0.0,1.0,1.0,5.0,1.0,1.0,1.0,3.0,12.0,6.0
22200623,1610612759,SAS,San Antonio,203926,Doug McDermott,Doug,,,23:58,6.0,9.0,0.667,3.0,4.0,0.75,0.0,0.0,0.0,0.0,5.0,5.0,2.0,1.0,0.0,2.0,0.0,15.0,-5.0
22200623,1610612759,SAS,San Antonio,1626169,Stanley Johnson,Stanley,,,14:25,3.0,6.0,0.5,1.0,3.0,0.333,0.0,2.0,0.0,1.0,1.0,2.0,3.0,0.0,0.0,1.0,1.0,7.0,-9.0
22200623,1610612759,SAS,San Antonio,1628966,Keita Bates-Diop,Keita,,DNP - Coach's Decision,,,,,,,,,,,,,,,,,,,,
22200623,1610612759,SAS,San Antonio,203476,Gorgui Dieng,Gorgui,,DNP - Coach's Decision,,,,,,,,,,,,,,,,,,,,
22200623,1610612759,SAS,San Antonio,1629676,Isaiah Roby,Isaiah,,DNP - Coach's Decision,,,,,,,,,,,,,,,,,,,,
22200623,1610612759,SAS,San Antonio,1631104,Blake Wesley,Blake,,DNP - Coach's Decision,,,,,,,,,,,,,,,,,,,,
22200623,1610612763,MEM,Memphis,1628415,Dillon Brooks,Dillon,F,,26:17,3.0,12.0,0.25,1.0,3.0,0.333,0.0,0.0,0.0,0.0,5.0,5.0,1.0,1.0,0.0,1.0,4.0,7.0,-7.0
22200623,1610612763,MEM,Memphis,1628991,Jaren Jackson Jr.,Jaren,F,,26:60,6.0,10.0,0.6,1.0,2.0,0.5,8.0,9.0,0.889,2.0,10.0,12.0,1.0,0.0,2.0,0.0,5.0,21.0,-4.0
22200623,1610612763,MEM,Memphis,203500,Steven Adams,Steven,C,,32:31,5.0,7.0,0.714,0.0,0.0,0.0,1.0,2.0,0.5,7.0,11.0,18.0,5.0,1.0,3.0,1.0,2.0,11.0,14.0
22200623,1610612763,MEM,Memphis,1630217,Desmond Bane,Desmond,G,,29:34,7.0,14.0,0.5,4.0,5.0,0.8,0.0,0.0,0.0,3.0,3.0,6.0,3.0,1.0,0.0,3.0,1.0,18.0,10.0
22200623,1610612763,MEM,Memphis,1629630,Ja Morant,Ja,G,,32:14,14.0,25.0,0.56,3.0,5.0,0.6,7.0,9.0,0.778,3.0,2.0,5.0,4.0,0.0,1.0,5.0,0.0,38.0,-3.0
22200623,1610612763,MEM,Memphis,1630214,Xavier Tillman,Xavier,,,13:43,4.0,7.0,0.571,0.0,0.0,0.0,0.0,3.0,0.0,2.0,2.0,4.0,0.0,0.0,1.0,0.0,1.0,8.0,-9.0
22200623,1610612763,MEM,Memphis,1629723,John Konchar,John,,,12:20,0.0,2.0,0.0,0.0,0.0,0.0,0.0,0.0,0.0,0.0,2.0,2.0,1.0,0.0,0.0,0.0,1.0,0.0,-4.0
22200623,1610612763,MEM,Memphis,1630533,Ziaire Williams,Ziaire,,,25:56,4.0,8.0,0.5,1.0,3.0,0.333,0.0,0.0,0.0,0.0,0.0,0.0,1.0,1.0,0.0,1.0,3.0,9.0,7.0
22200623,1610612763,MEM,Memphis,1630583,Santi Aldama,Santi,,,22:46,2.0,4.0,0.5,2.0,2.0,1.0,1.0,2.0,0.5,0.0,5.0,5.0,0.0,0.0,1.0,1.0,0.0,7.0,11.0
22200623,1610612763,MEM,Memphis,1626145,Tyus Jones,Tyus,,,17:39,7.0,12.0,0.583,2.0,2.0,1.0,0.0,0.0,0.0,0.0,0.0,0.0,3.0,2.0,0.0,1.0,0.0,16.0,15.0
22200623,1610612763,MEM,Memphis,1631113,Kennedy Chandler,Kennedy,,DNP - Coach's Decision,,,,,,,,,,,,,,,,,,,,
22200623,1610612763,MEM,Memphis,1631223,David Roddy,David,,DNP - Coach's Decision,,,,,,,,,,,,,,,,,,,,
22200624,1610612756,PHX,Phoenix,1628470,Torrey Craig,Torrey,F,,23:02,6.0,6.0,1.0,3.0,3.0,1.0,1.0,2.0,0.5,1.0,4.0,5.0,0.0,0.0,0.0,0.0,1.0,16.0,-23.0
22200624,1610612756,PHX,Phoenix,203967,Dario Šarić,Dario,F,,25:45,5.0,10.0,0.5,1.0,4.0,0.25,0.0,0.0,0.0,1.0,2.0,3.0,2.0,2.0,0.0,0.0,2.0,11.0,-31.0
22200624,1610612756,PHX,Phoenix,202687,Bismack Biyombo,Bismack,C,,15:57,2.0,6.0,0.333,0.0,0.0,0.0,0.0,0.0,0.0,2.0,1.0,3.0,1.0,0.0,0.0,1.0,2.0,4.0,-31.0
22200624,1610612756,PHX,Phoenix,1628969,Mikal Bridges,Mikal,G,,30:01,3.0,10.0,0.3,1.0,3.0,0.333,0.0,0.0,0.0,3.0,2.0,5.0,4.0,0.0,0.0,1.0,1.0,7.0,-20.0
22200624,1610612756,PHX,Phoenix,1630613,Duane Washington Jr.,Duane,G,,24:14,3.0,14.0,0.214,1.0,6.0,0.167,1.0,3.0,0.333,0.0,1.0,1.0,5.0,0.0,2.0,4.0,2.0,8.0,-33.0
22200624,1610612756,PHX,Phoenix,1627814,Damion Lee,Damion,,,25:51,5.0,12.0,0.417,0.0,3.0,0.0,1.0,1.0,1.0,0.0,4.0,4.0,4.0,0.0,0.0,2.0,3.0,11.0,-2.0
22200624,1610612756,PHX,Phoenix,1630688,Ish Wainright,Ish,,,22:15,3.0,7.0,0.429,1.0,5.0,0.2,0.0,0.0,0.0,0.0,3.0,3.0,1.0,1.0,0.0,3.0,3.0,7.0,2.0
22200624,1610612756,PHX,Phoenix,1629111,Jock Landale,Jock,,,23:39,5.0,8.0,0.625,1.0,3.0,0.333,0.0,0.0,0.0,4.0,4.0,8.0,2.0,0.0,0.0,1.0,2.0,11.0,-3.0
22200624,1610612756,PHX,Phoenix,1629006,Josh Okogie,Josh,,,34:00,5.0,13.0,0.385,1.0,4.0,0.25,3.0,4.0,0.75,4.0,5.0,9.0,5.0,1.0,0.0,3.0,0.0,14.0,-3.0
22200624,1610612756,PHX,Phoenix,1630240,Saben Lee,Saben,,,15:16,2.0,4.0,0.5,0.0,1.0,0.0,4.0,4.0,1.0,0.0,3.0,3.0,4.0,0.0,0.0,1.0,1.0,8.0,-1.0
22200624,1610612756,PHX,Phoenix,1629028,Deandre Ayton,Deandre,,DND - Injury/Illness,,,,,,,,,,,,,,,,,,,,
22200624,1610612756,PHX,Phoenix,1629013,Landry Shamet,Landry,,DND - Injury/Illness,,,,,,,,,,,,,,,,,,,,
22200624,1610612743,DEN,Denver,1629008,Michael Porter Jr.,Michael,F,,22:43,4.0,9.0,0.444,2.0,7.0,0.286,1.0,2.0,0.5,0.0,3.0,3.0,1.0,0.0,0.0,0.0,4.0,11.0,20.0
22200624,1610612743,DEN,Denver,203932,Aaron Gordon,Aaron,F,,23:52,4.0,4.0,1.0,0.0,0.0,0.0,4.0,6.0,0.667,0.0,0.0,0.0,2.0,1.0,1.0,0.0,2.0,12.0,18.0
22200624,1610612743,DEN,Denver,203999,Nikola Jokić,Nikola,C,,28:18,10.0,15.0,0.667,0.0,0.0,0.0,1.0,3.0,0.333,4.0,14.0,18.0,9.0,1.0,0.0,3.0,3.0,21.0,17.0
22200624,1610612743,DEN,Denver,203484,Kentavious Caldwell-Pope,Kentavious,G,,26:47,5.0,7.0,0.714,4.0,5.0,0.8,1.0,1.0,1.0,0.0,3.0,3.0,2.0,2.0,0.0,0.0,1.0,15.0,26.0
22200624,1610612743,DEN,Denver,1627750,Jamal Murray,Jamal,G,,25:29,6.0,13.0,0.462,2.0,5.0,0.4,2.0,3.0,0.667,0.0,2.0,2.0,6.0,0.0,0.0,2.0,1.0,16.0,20.0
22200624,1610612743,DEN,Denver,1628971,Bruce Brown,Bruce,,,25:26,2.0,6.0,0.333,0.0,3.0,0.0,0.0,0.0,0.0,1.0,1.0,2.0,1.0,2.0,1.0,2.0,2.0,4.0,11.0
22200624,1610612743,DEN,Denver,1630538,Bones Hyland,Bones,,,23:47,7.0,12.0,0.583,5.0,7.0,0.714,2.0,2.0,1.0,0.0,1.0,1.0,4.0,1.0,0.0,1.0,4.0,21.0,7.0
22200624,1610612743,DEN,Denver,1628427,Vlatko Čančar,Vlatko,,,19:03,1.0,3.0,0.333,0.0,2.0,0.0,0.0,0.0,0.0,1.0,2.0,3.0,3.0,0.0,1.0,0.0,0.0,2.0,9.0
22200624,1610612743,DEN,Denver,1630192,Zeke Nnaji,Zeke,,,19:42,6.0,9.0,0.667,1.0,3.0,0.333,2.0,2.0,1.0,0.0,1.0,1.0,0.0,0.0,1.0,0.0,1.0,15.0,12.0
22200624,1610612743,DEN,Denver,1631128,Christian Braun,Christian,,,8:38,0.0,2.0,0.0,0.0,1.0,0.0,2.0,2.0,1.0,0.0,0.0,0.0,0.0,1.0,0.0,1.0,1.0,2.0,-1.0
22200624,1610612743,DEN,Denver,202397,Ish Smith,Ish,,,5:35,1.0,2.0,0.5,0.0,0.0,0.0,0.0,0.0,0.0,0.0,0.0,0.0,1.0,1.0,0.0,1.0,0.0,2.0,2.0
22200624,1610612743,DEN,Denver,1628432,Davon Reed,Davon,,,5:35,0.0,0.0,0.0,0.0,0.0,0.0,0.0,0.0,0.0,0.0,3.0,3.0,1.0,0.0,0.0,0.0,0.0,0.0,2.0
22200624,1610612743,DEN,Denver,1631298,Jack White,Jack,,,5:05,2.0,3.0,0.667,1.0,1.0,1.0,0.0,0.0,0.0,1.0,1.0,2.0,0.0,0.0,0.0,0.0,1.0,5.0,2.0
22200624,1610612743,DEN,Denver,201599,DeAndre Jordan,DeAndre,,DNP - Coach's Decision,,,,,,,,,,,,,,,,,,,,
22200618,1610612750,MIN,Minnesota,1630162,Anthony Edwards,Anthony,F,,24:01,8.0,18.0,0.444,2.0,7.0,0.286,2.0,2.0,1.0,0.0,1.0,1.0,6.0,0.0,0.0,2.0,2.0,20.0,-1.0
22200618,1610612750,MIN,Minnesota,1630183,Jaden McDaniels,Jaden,F,,29:29,4.0,7.0,0.571,1.0,2.0,0.5,2.0,2.0,1.0,2.0,1.0,3.0,4.0,0.0,0.0,3.0,2.0,11.0,-17.0
22200618,1610612750,MIN,Minnesota,203497,Rudy Gobert,Rudy,C,,32:28,6.0,8.0,0.75,0.0,0.0,0.0,4.0,6.0,0.667,4.0,10.0,14.0,0.0,2.0,0.0,2.0,2.0,16.0,0.0
22200618,1610612750,MIN,Minnesota,203085,Austin Rivers,Austin,G,,29:14,3.0,6.0,0.5,2.0,4.0,0.5,0.0,0.0,0.0,0.0,3.0,3.0,3.0,3.0,1.0,2.0,1.0,8.0,-4.0
22200618,1610612750,MIN,Minnesota,1626156,D'Angelo Russell,D'Angelo,G,,37:04,7.0,14.0,0.5,5.0,8.0,0.625,0.0,0.0,0.0,0.0,2.0,2.0,5.0,1.0,0.0,2.0,5.0,19.0,-3.0
22200618,1610612750,MIN,Minnesota,1627752,Taurean Prince,Taurean,,,27:08,3.0,9.0,0.333,3.0,4.0,0.75,0.0,0.0,0.0,0.0,2.0,2.0,2.0,0.0,1.0,1.0,3.0,9.0,-21.0
22200618,1610612750,MIN,Minnesota,1629669,Jaylen Nowell,Jaylen,,,16:57,3.0,8.0,0.375,0.0,3.0,0.0,2.0,4.0,0.5,0.0,1.0,1.0,1.0,1.0,0.0,2.0,0.0,8.0,-15.0
22200618,1610612750,MIN,Minnesota,1629675,Naz Reid,Naz,,,13:29,4.0,7.0,0.571,0.0,0.0,0.0,0.0,0.0,0.0,6.0,2.0,8.0,0.0,0.0,0.0,2.0,2.0,8.0,-16.0
22200618,1610612750,MIN,Minnesota,1627854,Bryn Forbes,Bryn,,,11:35,2.0,5.0,0.4,1.0,3.0,0.333,1.0,1.0,1.0,0.0,0.0,0.0,1.0,0.0,0.0,1.0,2.0,6.0,0.0
22200618,1610612750,MIN,Minnesota,1630233,Nathan Knight,Nathan,,,8:44,1.0,3.0,0.333,0.0,0.0,0.0,3.0,4.0,0.75,1.0,1.0,2.0,0.0,0.0,0.0,1.0,1.0,5.0,-7.0
22200618,1610612750,MIN,Minnesota,1630346,Matt Ryan,Matt,,,9:53,2.0,3.0,0.667,2.0,2.0,1.0,2.0,2.0,1.0,0.0,0.0,0.0,0.0,0.0,0.0,0.0,2.0,8.0,-1.0
22200618,1610612750,MIN,Minnesota,203937,Kyle Anderson,Kyle,,DNP - Injury/Illness,,,,,,,,,,,,,,,,,,,,
22200618,1610612750,MIN,Minnesota,1630568,Luka Garza,Luka,,DNP - Coach's Decision,,,,,,,,,,,,,,,,,,,,
22200618,1610612765,DET,Detroit,1630180,Saddiq Bey,Saddiq,F,,37:56,10.0,16.0,0.625,4.0,6.0,0.667,7.0,8.0,0.875,1.0,5.0,6.0,1.0,1.0,0.0,4.0,1.0,31.0,2.0
22200618,1610612765,DET,Detroit,202711,Bojan Bogdanović,Bojan,F,,32:03,9.0,15.0,0.6,5.0,8.0,0.625,4.0,5.0,0.8,1.0,5.0,6.0,4.0,1.0,1.0,2.0,3.0,27.0,11.0
22200618,1610612765,DET,Detroit,203457,Nerlens Noel,Nerlens,C,,21:19,1.0,2.0,0.5,0.0,0.0,0.0,0.0,0.0,0.0,1.0,4.0,5.0,2.0,3.0,4.0,1.0,2.0,2.0,0.0
22200618,1610612765,DET,Detroit,1631093,Jaden Ivey,Jaden,G,,40:18,7.0,11.0,0.636,2.0,3.0,0.667,2.0,4.0,0.5,0.0,4.0,4.0,8.0,3.0,0.0,2.0,4.0,18.0,8.0
22200618,1610612765,DET,Detroit,1630165,Killian Hayes,Killian,G,,34:08,7.0,14.0,0.5,1.0,6.0,0.167,3.0,3.0,1.0,1.0,2.0,3.0,9.0,1.0,1.0,3.0,1.0,18.0,13.0
22200618,1610612765,DET,Detroit,202692,Alec Burks,Alec,,,20:25,4.0,7.0,0.571,3.0,3.0,1.0,2.0,2.0,1.0,1.0,1.0,2.0,5.0,0.0,0.0,1.0,2.0,13.0,15.0
22200618,1610612765,DET,Detroit,1628977,Hamidou Diallo,Hamidou,,,25:59,7.0,8.0,0.875,0.0,0.0,0.0,4.0,6.0,0.667,1.0,4.0,5.0,1.0,1.0,0.0,3.0,6.0,18.0,9.0
22200618,1610612765,DET,Detroit,1630587,Isaiah Livers,Isaiah,,,18:18,1.0,2.0,0.5,1.0,2.0,0.5,0.0,0.0,0.0,1.0,3.0,4.0,0.0,0.0,1.0,0.0,1.0,3.0,7.0
22200618,1610612765,DET,Detroit,1628995,Kevin Knox II,Kevin,,,9:34,2.0,5.0,0.4,1.0,4.0,0.25,0.0,0.0,0.0,0.0,3.0,3.0,0.0,0.0,0.0,0.0,0.0,5.0,20.0
22200618,1610612765,DET,Detroit,1631105,Jalen Duren,Jalen,,DNP - Injury/Illness,,,,,,,,,,,,,,,,,,,,
22200618,1610612765,DET,Detroit,202709,Cory Joseph,Cory,,DNP - Coach's Decision,,,,,,,,,,,,,,,,,,,,
22200618,1610612765,DET,Detroit,203585,Rodney McGruder,Rodney,,DNP - Coach's Decision,,,,,,,,,,,,,,,,,,,,
22200625,1610612745,HOU,Houston,201569,Eric Gordon,Eric,F,,27:59,6.0,12.0,0.5,3.0,7.0,0.429,4.0,5.0,0.8,0.0,1.0,1.0,2.0,0.0,0.0,0.0,0.0,19.0,-12.0
22200625,1610612745,HOU,Houston,1631095,Jabari Smith Jr.,Jabari,F,,28:12,3.0,8.0,0.375,0.0,3.0,0.0,2.0,2.0,1.0,2.0,7.0,9.0,0.0,1.0,0.0,2.0,3.0,8.0,-7.0
22200625,1610612745,HOU,Houston,1630578,Alperen Sengun,Alperen,C,,28:23,5.0,9.0,0.556,0.0,0.0,0.0,0.0,1.0,0.0,2.0,8.0,10.0,10.0,1.0,0.0,2.0,4.0,10.0,-10.0
22200625,1610612745,HOU,Houston,1630224,Jalen Green,Jalen,G,,38:57,9.0,25.0,0.36,3.0,12.0,0.25,5.0,7.0,0.714,0.0,5.0,5.0,3.0,0.0,0.0,4.0,4.0,26.0,-14.0
22200625,1610612745,HOU,Houston,1629645,Kevin Porter Jr.,Kevin,G,,10:18,2.0,5.0,0.4,1.0,2.0,0.5,0.0,0.0,0.0,0.0,3.0,3.0,3.0,1.0,0.0,0.0,0.0,5.0,-2.0
22200625,1610612745,HOU,Houston,1628981,Bruno Fernando,Bruno,,,13:32,1.0,2.0,0.5,0.0,0.0,0.0,0.0,0.0,0.0,1.0,2.0,3.0,2.0,0.0,2.0,0.0,2.0,2.0,-4.0
22200625,1610612745,HOU,Houston,1630256,Jae'Sean Tate,Jae'Sean,,,18:45,1.0,5.0,0.2,0.0,0.0,0.0,0.0,0.0,0.0,1.0,4.0,5.0,5.0,2.0,0.0,1.0,2.0,2.0,-5.0
22200625,1610612745,HOU,Houston,1630231,KJ Martin,KJ,,,26:50,9.0,13.0,0.692,3.0,7.0,0.429,0.0,2.0,0.0,1.0,4.0,5.0,1.0,0.0,0.0,2.0,1.0,21.0,-21.0
22200625,1610612745,HOU,Houston,1631106,Tari Eason,Tari,,,18:46,3.0,6.0,0.5,1.0,2.0,0.5,0.0,0.0,0.0,1.0,2.0,3.0,0.0,0.0,0.0,2.0,2.0,7.0,-10.0
22200625,1610612745,HOU,Houston,1630586,Usman Garuba,Usman,,,6:05,0.0,1.0,0.0,0.0,1.0,0.0,0.0,0.0,0.0,0.0,2.0,2.0,0.0,1.0,0.0,0.0,3.0,0.0,-6.0
22200625,1610612745,HOU,Houston,1629726,Garrison Mathews,Garrison,,,18:11,4.0,8.0,0.5,4.0,6.0,0.667,0.0,0.0,0.0,0.0,2.0,2.0,3.0,1.0,1.0,0.0,2.0,12.0,-3.0
22200625,1610612745,HOU,Houston,1630227,Daishen Nix,Daishen,,,2:01,1.0,1.0,1.0,1.0,1.0,1.0,0.0,0.0,0.0,0.0,0.0,0.0,1.0,0.0,0.0,0.0,0.0,3.0,-3.0
22200625,1610612745,HOU,Houston,1630528,Josh Christopher,Josh,,,2:01,0.0,1.0,0.0,0.0,0.0,0.0,0.0,0.0,0.0,0.0,0.0,0.0,0.0,0.0,0.0,0.0,0.0,0.0,-3.0
22200625,1610612745,HOU,Houston,1626246,Boban Marjanović,Boban,,DNP - Coach's Decision,,,,,,,,,,,,,,,,,,,,
22200625,1610612758,SAC,Sacramento,203084,Harrison Barnes,Harrison,F,,32:46,5.0,10.0,0.5,3.0,7.0,0.429,3.0,3.0,1.0,0.0,2.0,2.0,0.0,1.0,0.0,0.0,1.0,16.0,17.0
22200625,1610612758,SAC,Sacramento,1631099,Keegan Murray,Keegan,F,,34:08,5.0,14.0,0.357,4.0,11.0,0.364,2.0,2.0,1.0,1.0,5.0,6.0,2.0,0.0,0.0,0.0,3.0,16.0,5.0
22200625,1610612758,SAC,Sacramento,1627734,Domantas Sabonis,Domantas,C,,37:57,9.0,12.0,0.75,0.0,0.0,0.0,7.0,9.0,0.778,2.0,12.0,14.0,9.0,0.0,0.0,4.0,3.0,25.0,13.0
22200625,1610612758,SAC,Sacramento,1629056,Terence Davis,Terence,G,,22:39,2.0,7.0,0.286,2.0,7.0,0.286,0.0,0.0,0.0,0.0,6.0,6.0,2.0,0.0,1.0,2.0,2.0,6.0,9.0
22200625,1610612758,SAC,Sacramento,1628368,De'Aaron Fox,De'Aaron,G,,32:02,9.0,18.0,0.5,2.0,4.0,0.5,4.0,6.0,0.667,1.0,1.0,2.0,9.0,1.0,0.0,1.0,0.0,24.0,10.0
22200625,1610612758,SAC,Sacramento,1630558,Davion Mitchell,Davion,,,13:57,0.0,4.0,0.0,0.0,3.0,0.0,0.0,0.0,0.0,1.0,0.0,1.0,2.0,1.0,0.0,0.0,1.0,0.0,7.0
22200625,1610612758,SAC,Sacramento,1628370,Malik Monk,Malik,,,20:40,3.0,13.0,0.231,2.0,7.0,0.286,3.0,3.0,1.0,2.0,1.0,3.0,3.0,0.0,0.0,1.0,2.0,11.0,1.0
22200625,1610612758,SAC,Sacramento,1629644,KZ Okpala,KZ,,,9:19,1.0,2.0,0.5,1.0,2.0,0.5,0.0,0.0,0.0,0.0,2.0,2.0,0.0,0.0,0.0,0.0,2.0,3.0,7.0
22200625,1610612758,SAC,Sacramento,1626168,Trey Lyles,Trey,,,20:54,6.0,8.0,0.75,3.0,5.0,0.6,5.0,6.0,0.833,1.0,6.0,7.0,0.0,0.0,2.0,0.0,1.0,20.0,15.0
22200625,1610612758,SAC,Sacramento,1629002,Chimezie Metu,Chimezie,,,8:02,2.0,3.0,0.667,0.0,0.0,0.0,2.0,2.0,1.0,1.0,1.0,2.0,0.0,0.0,0.0,1.0,4.0,6.0,4.0
22200625,1610612758,SAC,Sacramento,1626158,Richaun Holmes,Richaun,,,2:01,0.0,0.0,0.0,0.0,0.0,0.0,0.0,0.0,0.0,0.0,0.0,0.0,1.0,0.0,1.0,0.0,0.0,0.0,3.0
22200625,1610612758,SAC,Sacramento,203521,Matthew Dellavedova,Matthew,,,2:01,1.0,1.0,1.0,0.0,0.0,0.0,0.0,0.0,0.0,0.0,0.0,0.0,0.0,0.0,0.0,0.0,0.0,2.0,3.0
22200625,1610612758,SAC,Sacramento,1631165,Keon Ellis,Keon,,,1:47,1.0,1.0,1.0,1.0,1.0,1.0,0.0,0.0,0.0,0.0,0.0,0.0,0.0,0.0,0.0,0.0,0.0,3.0,3.0
22200625,1610612758,SAC,Sacramento,1628408,PJ Dozier,PJ,,,1:47,1.0,1.0,1.0,1.0,1.0,1.0,0.0,0.0,0.0,0.0,0.0,0.0,0.0,1.0,0.0,0.0,0.0,3.0,3.0
22200625,1610612758,SAC,Sacramento,203458,Alex Len,Alex,,DNP - Coach's Decision,,,,,,,,,,,,,,,,,,,,
22200617,1610612742,DAL,Dallas,203501,Tim Hardaway Jr.,Tim,F,,39:21,6.0,11.0,0.545,3.0,6.0,0.5,1.0,1.0,1.0,0.0,4.0,4.0,0.0,0.0,0.0,1.0,4.0,16.0,-18.0
22200617,1610612742,DAL,Dallas,1626174,Christian Wood,Christian,F,,34:47,2.0,7.0,0.286,0.0,1.0,0.0,8.0,8.0,1.0,1.0,2.0,3.0,0.0,0.0,2.0,3.0,3.0,12.0,-16.0
22200617,1610612742,DAL,Dallas,203939,Dwight Powell,Dwight,C,,8:00,1.0,1.0,1.0,0.0,0.0,0.0,2.0,2.0,1.0,1.0,1.0,2.0,0.0,1.0,0.0,0.0,0.0,4.0,0.0
22200617,1610612742,DAL,Dallas,203915,Spencer Dinwiddie,Spencer,G,,40:18,4.0,7.0,0.571,3.0,6.0,0.5,2.0,2.0,1.0,0.0,4.0,4.0,5.0,1.0,2.0,1.0,2.0,13.0,-17.0
22200617,1610612742,DAL,Dallas,1629029,Luka Dončić,Luka,G,,42:48,12.0,22.0,0.545,3.0,9.0,0.333,16.0,21.0,0.762,0.0,11.0,11.0,7.0,2.0,0.0,3.0,2.0,43.0,-9.0
22200617,1610612742,DAL,Dallas,203493,Reggie Bullock Jr.,Reggie,,,23:30,2.0,8.0,0.25,2.0,7.0,0.286,0.0,0.0,0.0,0.0,1.0,1.0,1.0,0.0,0.0,2.0,1.0,6.0,-16.0
22200617,1610612742,DAL,Dallas,1630702,Jaden Hardy,Jaden,,,16:32,1.0,6.0,0.167,0.0,3.0,0.0,0.0,0.0,0.0,0.0,2.0,2.0,0.0,0.0,0.0,1.0,0.0,2.0,15.0
22200617,1610612742,DAL,Dallas,202722,Dāvis Bertāns,Dāvis,,,17:17,0.0,5.0,0.0,0.0,5.0,0.0,0.0,0.0,0.0,0.0,0.0,0.0,1.0,1.0,1.0,0.0,2.0,0.0,-7.0
22200617,1610612742,DAL,Dallas,201580,JaVale McGee,JaVale,,,2:44,1.0,1.0,1.0,0.0,0.0,0.0,0.0,0.0,0.0,1.0,2.0,3.0,0.0,0.0,1.0,0.0,1.0,2.0,0.0
22200617,1610612742,DAL,Dallas,1628373,Frank Ntilikina,Frank,,,11:55,1.0,1.0,1.0,1.0,1.0,1.0,0.0,2.0,0.0,0.0,1.0,1.0,1.0,0.0,0.0,0.0,2.0,3.0,8.0
22200617,1610612742,DAL,Dallas,1630593,McKinley Wright IV,McKinley,,,0:56,0.0,0.0,0.0,0.0,0.0,0.0,0.0,0.0,0.0,0.0,0.0,0.0,0.0,0.0,0.0,0.0,0.0,0.0,0.0
22200617,1610612742,DAL,Dallas,1630639,A.J. Lawson,A.J.,,,0:56,0.0,0.0,0.0,0.0,0.0,0.0,0.0,0.0,0.0,0.0,1.0,1.0,0.0,0.0,0.0,0.0,0.0,0.0,0.0
22200617,1610612742,DAL,Dallas,1629033,Theo Pinson,Theo,,,0:56,0.0,0.0,0.0,0.0,0.0,0.0,0.0,0.0,0.0,0.0,0.0,0.0,0.0,0.0,0.0,0.0,0.0,0.0,0.0
22200617,1610612746,LAC,LA,201587,Nicolas Batum,Nicolas,F,,31:46,1.0,8.0,0.125,1.0,6.0,0.167,2.0,2.0,1.0,2.0,4.0,6.0,2.0,1.0,0.0,0.0,2.0,5.0,7.0
22200617,1610612746,LAC,LA,202694,Marcus Morris Sr.,Marcus,F,,32:44,5.0,12.0,0.417,2.0,6.0,0.333,0.0,0.0,0.0,0.0,1.0,1.0,3.0,0.0,1.0,1.0,4.0,12.0,3.0
22200617,1610612746,LAC,LA,1627826,Ivica Zubac,Ivica,C,,15:40,4.0,6.0,0.667,0.0,0.0,0.0,0.0,0.0,0.0,3.0,4.0,7.0,2.0,1.0,0.0,1.0,4.0,8.0,7.0
22200617,1610612746,LAC,LA,202695,Kawhi Leonard,Kawhi,G,,35:55,9.0,12.0,0.75,3.0,5.0,0.6,12.0,12.0,1.0,1.0,8.0,9.0,4.0,4.0,1.0,2.0,0.0,33.0,3.0
22200617,1610612746,LAC,LA,1629611,Terance Mann,Terance,G,,41:18,5.0,12.0,0.417,2.0,5.0,0.4,0.0,0.0,0.0,0.0,5.0,5.0,1.0,0.0,1.0,1.0,2.0,12.0,24.0
22200617,1610612746,LAC,LA,203496,Robert Covington,Robert,,,30:57,4.0,8.0,0.5,1.0,2.0,0.5,0.0,3.0,0.0,4.0,4.0,8.0,3.0,0.0,1.0,1.0,2.0,9.0,13.0
22200617,1610612746,LAC,LA,202322,John Wall,John,,,15:17,2.0,11.0,0.182,0.0,2.0,0.0,1.0,2.0,0.5,0.0,3.0,3.0,4.0,0.0,0.0,2.0,3.0,5.0,-4.0
22200617,1610612746,LAC,LA,1626181,Norman Powell,Norman,,,30:42,8.0,14.0,0.571,3.0,5.0,0.6,8.0,10.0,0.8,0.0,4.0,4.0,1.0,1.0,0.0,1.0,3.0,27.0,6.0
22200617,1610612746,LAC,LA,1629650,Moses Brown,Moses,,,4:45,1.0,3.0,0.333,0.0,0.0,0.0,0.0,1.0,0.0,2.0,1.0,3.0,0.0,0.0,0.0,0.0,3.0,2.0,1.0
22200617,1610612746,LAC,LA,1629599,Amir Coffey,Amir,,,0:56,0.0,0.0,0.0,0.0,0.0,0.0,0.0,0.0,0.0,0.0,0.0,0.0,0.0,0.0,0.0,0.0,0.0,0.0,0.0
22200617,1610612746,LAC,LA,1630527,Brandon Boston,Brandon,,DNP - Coach's Decision,,,,,,,,,,,,,,,,,,,,
22200617,1610612746,LAC,LA,202704,Reggie Jackson,Reggie,,DNP - Coach's Decision,,,,,,,,,,,,,,,,,,,,
22200617,1610612746,LAC,LA,1630554,Jason Preston,Jason,,DNP - Coach's Decision,,,,,,,,,,,,,,,,,,,,
22200614,1610612739,CLE,Cleveland,1630171,Isaac Okoro,Isaac,F,,17:37,1.0,3.0,0.333,0.0,2.0,0.0,2.0,2.0,1.0,0.0,2.0,2.0,0.0,0.0,0.0,0.0,3.0,4.0,-1.0
22200614,1610612739,CLE,Cleveland,1630596,Evan Mobley,Evan,F,,37:03,5.0,8.0,0.625,0.0,0.0,0.0,2.0,4.0,0.5,1.0,6.0,7.0,1.0,1.0,4.0,0.0,6.0,12.0,-8.0
22200614,1610612739,CLE,Cleveland,1628386,Jarrett Allen,Jarrett,C,,6:45,0.0,0.0,0.0,0.0,0.0,0.0,0.0,0.0,0.0,0.0,0.0,0.0,1.0,0.0,0.0,0.0,2.0,0.0,4.0
22200614,1610612739,CLE,Cleveland,1628378,Donovan Mitchell,Donovan,G,,36:12,14.0,27.0,0.519,7.0,18.0,0.389,11.0,11.0,1.0,1.0,4.0,5.0,6.0,3.0,0.0,0.0,0.0,46.0,-4.0
22200614,1610612739,CLE,Cleveland,1629636,Darius Garland,Darius,G,,38:23,8.0,18.0,0.444,1.0,4.0,0.25,4.0,4.0,1.0,0.0,5.0,5.0,6.0,0.0,0.0,4.0,3.0,21.0,5.0
22200614,1610612739,CLE,Cleveland,1627747,Caris LeVert,Caris,,,36:50,5.0,11.0,0.455,1.0,4.0,0.25,1.0,3.0,0.333,1.0,4.0,5.0,2.0,0.0,1.0,0.0,4.0,12.0,-2.0
22200614,1610612739,CLE,Cleveland,201567,Kevin Love,Kevin,,,18:21,3.0,12.0,0.25,0.0,4.0,0.0,0.0,0.0,0.0,3.0,6.0,9.0,1.0,0.0,0.0,0.0,1.0,6.0,4.0
22200614,1610612739,CLE,Cleveland,1630205,Lamar Stevens,Lamar,,,24:56,5.0,6.0,0.833,1.0,2.0,0.5,0.0,0.0,0.0,1.0,2.0,3.0,0.0,3.0,2.0,0.0,5.0,11.0,1.0
22200614,1610612739,CLE,Cleveland,1626224,Cedi Osman,Cedi,,,11:21,0.0,3.0,0.0,0.0,2.0,0.0,0.0,0.0,0.0,0.0,0.0,0.0,1.0,0.0,0.0,1.0,0.0,0.0,-11.0
22200614,1610612739,CLE,Cleveland,203526,Raul Neto,Raul,,,12:32,1.0,2.0,0.5,0.0,1.0,0.0,0.0,0.0,0.0,0.0,1.0,1.0,0.0,0.0,0.0,0.0,1.0,2.0,2.0
22200614,1610612739,CLE,Cleveland,1629603,Mamadi Diakite,Mamadi,,DNP - Coach's Decision,,,,,,,,,,,,,,,,,,,,
22200614,1610612739,CLE,Cleveland,201577,Robin Lopez,Robin,,DNP - Coach's Decision,,,,,,,,,,,,,,,,,,,,
22200614,1610612762,UTA,Utah,1627736,Malik Beasley,Malik,F,,33:37,4.0,12.0,0.333,1.0,8.0,0.125,4.0,4.0,1.0,0.0,5.0,5.0,4.0,1.0,0.0,3.0,0.0,13.0,3.0
22200614,1610612762,UTA,Utah,1628374,Lauri Markkanen,Lauri,F,,39:19,6.0,18.0,0.333,1.0,5.0,0.2,12.0,14.0,0.857,3.0,13.0,16.0,1.0,1.0,0.0,1.0,2.0,25.0,7.0
22200614,1610612762,UTA,Utah,1631117,Walker Kessler,Walker,C,,30:22,3.0,9.0,0.333,0.0,0.0,0.0,0.0,0.0,0.0,6.0,5.0,11.0,2.0,0.0,1.0,1.0,4.0,6.0,6.0
22200614,1610612762,UTA,Utah,203903,Jordan Clarkson,Jordan,G,,34:20,11.0,19.0,0.579,5.0,11.0,0.455,5.0,7.0,0.714,2.0,4.0,6.0,4.0,0.0,0.0,4.0,1.0,32.0,5.0
22200614,1610612762,UTA,Utah,201144,Mike Conley,Mike,G,,32:51,4.0,9.0,0.444,1.0,5.0,0.2,4.0,4.0,1.0,0.0,0.0,0.0,4.0,0.0,0.0,3.0,3.0,13.0,8.0
22200614,1610612762,UTA,Utah,1629638,Nickeil Alexander-Walker,Nickeil,,,22:29,5.0,10.0,0.5,1.0,4.0,0.25,2.0,4.0,0.5,0.0,4.0,4.0,3.0,0.0,1.0,1.0,1.0,13.0,-10.0
22200614,1610612762,UTA,Utah,1630534,Ochai Agbaji,Ochai,,,17:57,1.0,4.0,0.25,0.0,2.0,0.0,0.0,0.0,0.0,1.0,3.0,4.0,2.0,0.0,0.0,0.0,3.0,2.0,-2.0
22200614,1610612762,UTA,Utah,1629020,Jarred Vanderbilt,Jarred,,,17:06,2.0,3.0,0.667,0.0,0.0,0.0,1.0,2.0,0.5,3.0,2.0,5.0,1.0,0.0,0.0,0.0,1.0,5.0,-2.0
22200614,1610612762,UTA,Utah,200752,Rudy Gay,Rudy,,,6:51,2.0,3.0,0.667,1.0,1.0,1.0,2.0,2.0,1.0,0.0,2.0,2.0,0.0,1.0,1.0,1.0,1.0,7.0,0.0
22200614,1610612762,UTA,Utah,1631323,Simone Fontecchio,Simone,,,5:08,0.0,0.0,0.0,0.0,0.0,0.0,0.0,0.0,0.0,0.0,1.0,1.0,0.0,0.0,0.0,1.0,1.0,0.0,-5.0
22200614,1610612762,UTA,Utah,1630548,Johnny Juzang,Johnny,,DNP - Coach's Decision,,,,,,,,,,,,,,,,,,,,
22200614,1610612762,UTA,Utah,1630695,Micah Potter,Micah,,DNP - Coach's Decision,,,,,,,,,,,,,,,,,,,,
22200611,1610612760,OKC,Oklahoma City,1629652,Luguentz Dort,Luguentz,F,,32:29,4.0,13.0,0.308,1.0,6.0,0.167,2.0,4.0,0.5,4.0,4.0,8.0,2.0,0.0,0.0,2.0,6.0,11.0,-1.0
22200611,1610612760,OKC,Oklahoma City,1631114,Jalen Williams,Jalen,F,,32:13,5.0,9.0,0.556,1.0,2.0,0.5,1.0,2.0,0.5,0.0,0.0,0.0,5.0,2.0,1.0,1.0,4.0,12.0,-3.0
22200611,1610612760,OKC,Oklahoma City,1630647,Eugene Omoruyi,Eugene,C,,16:02,2.0,3.0,0.667,0.0,0.0,0.0,0.0,0.0,0.0,1.0,1.0,2.0,2.0,0.0,0.0,0.0,2.0,4.0,-7.0
22200611,1610612760,OKC,Oklahoma City,1630581,Josh Giddey,Josh,G,,32:16,8.0,18.0,0.444,0.0,4.0,0.0,2.0,2.0,1.0,7.0,8.0,15.0,10.0,0.0,1.0,6.0,4.0,18.0,-4.0
22200611,1610612760,OKC,Oklahoma City,1628983,Shai Gilgeous-Alexander,Shai,G,,38:39,9.0,18.0,0.5,2.0,4.0,0.5,6.0,7.0,0.857,0.0,4.0,4.0,4.0,3.0,0.0,6.0,2.0,26.0,2.0
22200611,1610612760,OKC,Oklahoma City,1629026,Kenrich Williams,Kenrich,,,23:32,6.0,8.0,0.75,1.0,3.0,0.333,0.0,2.0,0.0,1.0,3.0,4.0,1.0,1.0,0.0,0.0,0.0,13.0,6.0
22200611,1610612760,OKC,Oklahoma City,1630198,Isaiah Joe,Isaiah,,,15:30,2.0,7.0,0.286,2.0,7.0,0.286,0.0,0.0,0.0,0.0,3.0,3.0,2.0,0.0,0.0,0.0,2.0,6.0,4.0
22200611,1610612760,OKC,Oklahoma City,1630544,Tre Mann,Tre,,,7:50,2.0,3.0,0.667,0.0,1.0,0.0,0.0,0.0,0.0,0.0,0.0,0.0,0.0,1.0,0.0,1.0,2.0,4.0,-3.0
22200611,1610612760,OKC,Oklahoma City,203488,Mike Muscala,Mike,,,16:20,1.0,1.0,1.0,0.0,0.0,0.0,0.0,0.0,0.0,0.0,2.0,2.0,1.0,1.0,1.0,0.0,0.0,2.0,3.0
22200611,1610612760,OKC,Oklahoma City,1630322,Lindy Waters III,Lindy,,,12:35,2.0,6.0,0.333,2.0,6.0,0.333,3.0,4.0,0.75,0.0,5.0,5.0,0.0,0.0,0.0,1.0,2.0,9.0,-1.0
22200611,1610612760,OKC,Oklahoma City,1630598,Aaron Wiggins,Aaron,,,12:34,3.0,5.0,0.6,0.0,2.0,0.0,0.0,0.0,0.0,1.0,0.0,1.0,0.0,0.0,0.0,1.0,3.0,6.0,-1.0
22200611,1610612760,OKC,Oklahoma City,1629647,Darius Bazley,Darius,,DNP - Coach's Decision,,,,,,,,,,,,,,,,,,,,
22200611,1610612760,OKC,Oklahoma City,1631119,Jaylin Williams,Jaylin,,DNP - Coach's Decision,,,,,,,,,,,,,,,,,,,,
22200611,1610612748,MIA,Miami,202710,Jimmy Butler III,Jimmy,F,,37:57,6.0,17.0,0.353,0.0,1.0,0.0,23.0,23.0,1.0,2.0,5.0,7.0,4.0,4.0,3.0,2.0,1.0,35.0,5.0
22200611,1610612748,MIA,Miami,1629312,Haywood Highsmith,Haywood,F,,24:06,2.0,7.0,0.286,1.0,4.0,0.25,0.0,0.0,0.0,3.0,2.0,5.0,0.0,1.0,0.0,3.0,3.0,5.0,-1.0
22200611,1610612748,MIA,Miami,1631115,Orlando Robinson,Orlando,C,,24:26,2.0,2.0,1.0,0.0,0.0,0.0,0.0,0.0,0.0,1.0,5.0,6.0,0.0,1.0,1.0,1.0,5.0,4.0,1.0
22200611,1610612748,MIA,Miami,1629622,Max Strus,Max,G,,42:26,8.0,19.0,0.421,4.0,12.0,0.333,2.0,2.0,1.0,5.0,2.0,7.0,3.0,1.0,0.0,2.0,3.0,22.0,-1.0
22200611,1610612748,MIA,Miami,1629216,Gabe Vincent,Gabe,G,,39:26,3.0,12.0,0.25,1.0,6.0,0.167,6.0,6.0,1.0,0.0,4.0,4.0,4.0,1.0,0.0,7.0,2.0,13.0,2.0
22200611,1610612748,MIA,Miami,203506,Victor Oladipo,Victor,,,33:49,7.0,16.0,0.438,3.0,8.0,0.375,2.0,2.0,1.0,0.0,4.0,4.0,4.0,2.0,0.0,3.0,2.0,19.0,2.0
22200611,1610612748,MIA,Miami,1631288,Jamal Cain,Jamal,,,32:53,3.0,6.0,0.5,1.0,2.0,0.5,5.0,5.0,1.0,2.0,3.0,5.0,3.0,0.0,0.0,1.0,3.0,12.0,0.0
22200611,1610612748,MIA,Miami,203473,Dewayne Dedmon,Dewayne,,,4:57,0.0,0.0,0.0,0.0,0.0,0.0,2.0,2.0,1.0,0.0,3.0,3.0,0.0,0.0,0.0,0.0,0.0,2.0,-3.0
22200611,1610612748,MIA,Miami,1628389,Bam Adebayo,Bam,,DND - Injury/Illness,,,,,,,,,,,,,,,,,,,,
22200611,1610612748,MIA,Miami,2617,Udonis Haslem,Udonis,,DNP - Coach's Decision,,,,,,,,,,,,,,,,,,,,
22200611,1610612748,MIA,Miami,1629639,Tyler Herro,Tyler,,DND - Injury/Illness,,,,,,,,,,,,,,,,,,,,
22200616,1610612753,ORL,Orlando,1630532,Franz Wagner,Franz,F,,34:28,12.0,20.0,0.6,2.0,5.0,0.4,3.0,4.0,0.75,1.0,1.0,2.0,2.0,2.0,0.0,2.0,2.0,29.0,14.0
22200616,1610612753,ORL,Orlando,1631094,Paolo Banchero,Paolo,F,,37:36,5.0,16.0,0.313,1.0,5.0,0.2,8.0,10.0,0.8,0.0,10.0,10.0,2.0,3.0,1.0,5.0,2.0,19.0,7.0
22200616,1610612753,ORL,Orlando,1628976,Wendell Carter Jr.,Wendell,C,,30:31,7.0,11.0,0.636,3.0,4.0,0.75,3.0,4.0,0.75,1.0,9.0,10.0,3.0,0.0,1.0,3.0,3.0,20.0,12.0
22200616,1610612753,ORL,Orlando,203914,Gary Harris,Gary,G,,29:43,2.0,5.0,0.4,0.0,3.0,0.0,0.0,0.0,0.0,0.0,0.0,0.0,0.0,1.0,0.0,0.0,4.0,4.0,19.0
22200616,1610612753,ORL,Orlando,1628365,Markelle Fultz,Markelle,G,,36:37,7.0,8.0,0.875,0.0,0.0,0.0,4.0,4.0,1.0,1.0,2.0,3.0,7.0,1.0,0.0,3.0,1.0,18.0,7.0
22200616,1610612753,ORL,Orlando,1630175,Cole Anthony,Cole,,,24:38,2.0,6.0,0.333,0.0,0.0,0.0,2.0,3.0,0.667,1.0,2.0,3.0,2.0,0.0,0.0,0.0,1.0,6.0,-15.0
22200616,1610612753,ORL,Orlando,203082,Terrence Ross,Terrence,,,15:02,0.0,0.0,0.0,0.0,0.0,0.0,0.0,0.0,0.0,0.0,2.0,2.0,0.0,1.0,0.0,0.0,1.0,0.0,-16.0
22200616,1610612753,ORL,Orlando,1630591,Jalen Suggs,Jalen,,,11:23,1.0,4.0,0.25,0.0,2.0,0.0,0.0,0.0,0.0,1.0,2.0,3.0,2.0,2.0,0.0,1.0,1.0,2.0,-4.0
22200616,1610612753,ORL,Orlando,1629021,Moritz Wagner,Moritz,,,17:29,4.0,7.0,0.571,3.0,4.0,0.75,0.0,0.0,0.0,1.0,1.0,2.0,1.0,0.0,0.0,2.0,4.0,11.0,-9.0
22200616,1610612753,ORL,Orlando,1631216,Caleb Houstan,Caleb,,,2:33,0.0,1.0,0.0,0.0,1.0,0.0,0.0,0.0,0.0,0.0,0.0,0.0,0.0,0.0,0.0,0.0,1.0,0.0,0.0
22200616,1610612753,ORL,Orlando,1628964,Mo Bamba,Mo,,DNP - Coach's Decision,,,,,,,,,,,,,,,,,,,,
22200616,1610612753,ORL,Orlando,1629626,Bol Bol,Bol,,DNP - Coach's Decision,,,,,,,,,,,,,,,,,,,,
22200616,1610612753,ORL,Orlando,1629678,Admiral Schofield,Admiral,,DNP - Coach's Decision,,,,,,,,,,,,,,,,,,,,
22200616,1610612757,POR,Portland,1628404,Josh Hart,Josh,F,,32:38,3.0,5.0,0.6,0.0,2.0,0.0,1.0,1.0,1.0,6.0,7.0,13.0,5.0,2.0,0.0,1.0,5.0,7.0,-1.0
22200616,1610612757,POR,Portland,203924,Jerami Grant,Jerami,F,,40:33,8.0,19.0,0.421,0.0,6.0,0.0,0.0,0.0,0.0,2.0,4.0,6.0,1.0,1.0,3.0,2.0,5.0,16.0,-5.0
22200616,1610612757,POR,Portland,203994,Jusuf Nurkić,Jusuf,C,,34:05,7.0,14.0,0.5,1.0,4.0,0.25,7.0,9.0,0.778,4.0,6.0,10.0,1.0,4.0,2.0,5.0,5.0,22.0,-1.0
22200616,1610612757,POR,Portland,1629014,Anfernee Simons,Anfernee,G,,42:42,6.0,16.0,0.375,2.0,9.0,0.222,1.0,1.0,1.0,0.0,1.0,1.0,7.0,1.0,1.0,1.0,0.0,15.0,-1.0
22200616,1610612757,POR,Portland,203081,Damian Lillard,Damian,G,,38:37,12.0,25.0,0.48,2.0,12.0,0.167,4.0,4.0,1.0,1.0,3.0,4.0,5.0,1.0,0.0,3.0,0.0,30.0,-13.0
22200616,1610612757,POR,Portland,1631101,Shaedon Sharpe,Shaedon,,,14:44,3.0,5.0,0.6,1.0,2.0,0.5,1.0,2.0,0.5,0.0,1.0,1.0,0.0,0.0,0.0,0.0,0.0,8.0,8.0
22200616,1610612757,POR,Portland,1629234,Drew Eubanks,Drew,,,13:55,2.0,2.0,1.0,0.0,0.0,0.0,2.0,2.0,1.0,0.0,4.0,4.0,1.0,0.0,1.0,2.0,3.0,6.0,-2.0
22200616,1610612757,POR,Portland,1627780,Gary Payton II,Gary,,,15:19,1.0,1.0,1.0,0.0,0.0,0.0,0.0,0.0,0.0,0.0,2.0,2.0,1.0,1.0,0.0,2.0,2.0,2.0,-2.0
22200616,1610612757,POR,Portland,1631133,Jabari Walker,Jabari,,,7:25,0.0,0.0,0.0,0.0,0.0,0.0,0.0,0.0,0.0,0.0,2.0,2.0,1.0,0.0,0.0,0.0,1.0,0.0,4.0
22200616,1610612757,POR,Portland,1630553,Keon Johnson,Keon,,,0:02,0.0,0.0,0.0,0.0,0.0,0.0,0.0,0.0,0.0,0.0,0.0,0.0,0.0,0.0,0.0,0.0,1.0,0.0,-2.0
22200616,1610612757,POR,Portland,1630535,Greg Brown III,Greg,,DNP - Coach's Decision,,,,,,,,,,,,,,,,,,,,
22200616,1610612757,POR,Portland,1630570,Trendon Watford,Trendon,,DNP - Coach's Decision,,,,,,,,,,,,,,,,,,,,
22200613,1610612766,CHA,Charlotte,1629023,P.J. Washington,P.J.,F,,31:37,5.0,8.0,0.625,3.0,6.0,0.5,0.0,0.0,0.0,1.0,0.0,1.0,1.0,0.0,2.0,2.0,3.0,13.0,-17.0
22200613,1610612766,CHA,Charlotte,1629667,Jalen McDaniels,Jalen,F,,29:17,3.0,7.0,0.429,1.0,2.0,0.5,4.0,6.0,0.667,0.0,7.0,7.0,2.0,1.0,1.0,2.0,5.0,11.0,-9.0
22200613,1610612766,CHA,Charlotte,203486,Mason Plumlee,Mason,C,,33:29,9.0,10.0,0.9,0.0,0.0,0.0,3.0,5.0,0.6,2.0,5.0,7.0,3.0,0.0,0.0,0.0,2.0,21.0,0.0
22200613,1610612766,CHA,Charlotte,1626179,Terry Rozier,Terry,G,,35:19,14.0,19.0,0.737,5.0,9.0,0.556,0.0,0.0,0.0,1.0,4.0,5.0,5.0,1.0,0.0,1.0,2.0,33.0,-2.0
22200613,1610612766,CHA,Charlotte,1630163,LaMelo Ball,LaMelo,G,,38:27,9.0,22.0,0.409,4.0,9.0,0.444,2.0,2.0,1.0,1.0,3.0,4.0,14.0,0.0,0.0,2.0,2.0,24.0,-16.0
22200613,1610612766,CHA,Charlotte,1628372,Dennis Smith Jr.,Dennis,,,23:50,1.0,7.0,0.143,0.0,3.0,0.0,0.0,0.0,0.0,0.0,2.0,2.0,6.0,3.0,0.0,1.0,0.0,2.0,-9.0
22200613,1610612766,CHA,Charlotte,1628998,Cody Martin,Cody,,,21:39,3.0,7.0,0.429,1.0,4.0,0.25,0.0,0.0,0.0,0.0,3.0,3.0,2.0,1.0,0.0,0.0,4.0,7.0,-2.0
22200613,1610612766,CHA,Charlotte,1630550,JT Thor,JT,,,11:52,2.0,4.0,0.5,1.0,2.0,0.5,0.0,0.0,0.0,0.0,1.0,1.0,0.0,0.0,0.0,0.0,0.0,5.0,7.0
22200613,1610612766,CHA,Charlotte,1631109,Mark Williams,Mark,,,14:31,1.0,2.0,0.5,0.0,0.0,0.0,2.0,2.0,1.0,1.0,3.0,4.0,0.0,0.0,1.0,1.0,1.0,4.0,-12.0
22200613,1610612766,CHA,Charlotte,1630539,Kai Jones,Kai,,DNP - Coach's Decision,,,,,,,,,,,,,,,,,,,,
22200613,1610612766,CHA,Charlotte,1631121,Bryce McGowens,Bryce,,DNP - Coach's Decision,,,,,,,,,,,,,,,,,,,,
22200613,1610612766,CHA,Charlotte,1630208,Nick Richards,Nick,,DNP - Coach's Decision,,,,,,,,,,,,,,,,,,,,
22200613,1610612761,TOR,Toronto,1628384,OG Anunoby,OG,F,,30:34,8.0,12.0,0.667,6.0,7.0,0.857,0.0,0.0,0.0,2.0,1.0,3.0,2.0,0.0,0.0,2.0,5.0,22.0,2.0
22200613,1610612761,TOR,Toronto,1630567,Scottie Barnes,Scottie,F,,30:36,2.0,5.0,0.4,0.0,1.0,0.0,3.0,4.0,0.75,2.0,3.0,5.0,7.0,1.0,0.0,0.0,0.0,7.0,3.0
22200613,1610612761,TOR,Toronto,1627783,Pascal Siakam,Pascal,C,,35:50,10.0,16.0,0.625,2.0,6.0,0.333,6.0,9.0,0.667,3.0,5.0,8.0,7.0,0.0,0.0,3.0,1.0,28.0,3.0
22200613,1610612761,TOR,Toronto,1629018,Gary Trent Jr.,Gary,G,,31:09,6.0,14.0,0.429,4.0,10.0,0.4,8.0,8.0,1.0,1.0,1.0,2.0,1.0,2.0,1.0,1.0,3.0,24.0,12.0
22200613,1610612761,TOR,Toronto,1627832,Fred VanVleet,Fred,G,,32:43,3.0,10.0,0.3,2.0,7.0,0.286,3.0,3.0,1.0,1.0,6.0,7.0,8.0,0.0,0.0,3.0,2.0,11.0,6.0
22200613,1610612761,TOR,Toronto,1631132,Christian Koloko,Christian,,,21:05,3.0,7.0,0.429,0.0,0.0,0.0,0.0,0.0,0.0,6.0,2.0,8.0,2.0,0.0,1.0,1.0,2.0,6.0,11.0
22200613,1610612761,TOR,Toronto,1627823,Juancho Hernangomez,Juancho,,,11:25,2.0,5.0,0.4,1.0,2.0,0.5,0.0,0.0,0.0,1.0,4.0,5.0,0.0,0.0,1.0,0.0,0.0,5.0,-3.0
22200613,1610612761,TOR,Toronto,1630201,Malachi Flynn,Malachi,,,18:10,1.0,7.0,0.143,1.0,4.0,0.25,1.0,2.0,0.5,0.0,2.0,2.0,3.0,0.0,0.0,0.0,2.0,4.0,9.0
22200613,1610612761,TOR,Toronto,1630173,Precious Achiuwa,Precious,,,13:45,5.0,9.0,0.556,3.0,5.0,0.6,0.0,0.0,0.0,0.0,2.0,2.0,0.0,0.0,1.0,1.0,2.0,13.0,8.0
22200613,1610612761,TOR,Toronto,1628449,Chris Boucher,Chris,,,14:43,5.0,6.0,0.833,1.0,2.0,0.5,1.0,1.0,1.0,2.0,5.0,7.0,2.0,1.0,0.0,0.0,0.0,12.0,9.0
22200613,1610612761,TOR,Toronto,203920,Khem Birch,Khem,,DNP - Coach's Decision,,,,,,,,,,,,,,,,,,,,
22200613,1610612761,TOR,Toronto,1630288,Jeff Dowtin Jr.,Jeff,,DNP - Coach's Decision,,,,,,,,,,,,,,,,,,,,
22200613,1610612761,TOR,Toronto,1630580,Joe Wieskamp,Joe,,DNP - Coach's Decision,,,,,,,,,,,,,,,,,,,,
22200613,1610612761,TOR,Toronto,201152,Thaddeus Young,Thaddeus,,DNP - Coach's Decision,,,,,,,,,,,,,,,,,,,,
22200610,1610612753,ORL,Orlando,1630532,Franz Wagner,Franz,F,,29:07,7.0,12.0,0.583,2.0,5.0,0.4,0.0,0.0,0.0,0.0,2.0,2.0,1.0,0.0,0.0,1.0,3.0,16.0,-9.0
22200610,1610612753,ORL,Orlando,1631094,Paolo Banchero,Paolo,F,,32:15,5.0,11.0,0.455,2.0,7.0,0.286,5.0,8.0,0.625,0.0,8.0,8.0,4.0,3.0,0.0,1.0,0.0,17.0,-12.0
22200610,1610612753,ORL,Orlando,1628976,Wendell Carter Jr.,Wendell,C,,26:53,6.0,12.0,0.5,2.0,4.0,0.5,1.0,2.0,0.5,2.0,5.0,7.0,3.0,0.0,3.0,2.0,3.0,15.0,-7.0
22200610,1610612753,ORL,Orlando,203914,Gary Harris,Gary,G,,23:51,3.0,6.0,0.5,2.0,4.0,0.5,0.0,0.0,0.0,1.0,1.0,2.0,1.0,2.0,0.0,2.0,2.0,8.0,-14.0
22200610,1610612753,ORL,Orlando,1628365,Markelle Fultz,Markelle,G,,28:06,8.0,10.0,0.8,0.0,0.0,0.0,0.0,0.0,0.0,1.0,1.0,2.0,5.0,0.0,1.0,2.0,1.0,16.0,-16.0
22200610,1610612753,ORL,Orlando,1630175,Cole Anthony,Cole,,,28:37,3.0,13.0,0.231,0.0,5.0,0.0,2.0,2.0,1.0,1.0,6.0,7.0,3.0,1.0,1.0,1.0,3.0,8.0,-34.0
22200610,1610612753,ORL,Orlando,203082,Terrence Ross,Terrence,,,13:22,1.0,3.0,0.333,1.0,2.0,0.5,0.0,0.0,0.0,0.0,1.0,1.0,0.0,0.0,0.0,0.0,0.0,3.0,-13.0
22200610,1610612753,ORL,Orlando,1629021,Moritz Wagner,Moritz,,,17:36,4.0,7.0,0.571,3.0,6.0,0.5,1.0,2.0,0.5,1.0,5.0,6.0,2.0,1.0,0.0,2.0,5.0,12.0,-11.0
22200610,1610612753,ORL,Orlando,1630591,Jalen Suggs,Jalen,,,24:09,4.0,10.0,0.4,2.0,7.0,0.286,4.0,4.0,1.0,2.0,2.0,4.0,4.0,0.0,0.0,2.0,0.0,14.0,-11.0
22200610,1610612753,ORL,Orlando,1628964,Mo Bamba,Mo,,,9:32,0.0,4.0,0.0,0.0,3.0,0.0,2.0,2.0,1.0,0.0,0.0,0.0,0.0,0.0,2.0,0.0,1.0,2.0,-2.0
22200610,1610612753,ORL,Orlando,1631216,Caleb Houstan,Caleb,,,6:32,0.0,2.0,0.0,0.0,1.0,0.0,0.0,0.0,0.0,1.0,1.0,2.0,1.0,0.0,0.0,0.0,0.0,0.0,4.0
22200610,1610612758,SAC,Sacramento,203084,Harrison Barnes,Harrison,F,,30:28,11.0,13.0,0.846,6.0,7.0,0.857,2.0,3.0,0.667,0.0,1.0,1.0,1.0,0.0,0.0,1.0,1.0,30.0,17.0
22200610,1610612758,SAC,Sacramento,1631099,Keegan Murray,Keegan,F,,26:15,5.0,7.0,0.714,5.0,6.0,0.833,0.0,0.0,0.0,1.0,2.0,3.0,3.0,1.0,0.0,0.0,2.0,15.0,12.0
22200610,1610612758,SAC,Sacramento,1627734,Domantas Sabonis,Domantas,C,,31:47,5.0,12.0,0.417,1.0,1.0,1.0,1.0,2.0,0.5,2.0,8.0,10.0,8.0,0.0,0.0,3.0,0.0,12.0,14.0
22200610,1610612758,SAC,Sacramento,1628989,Kevin Huerter,Kevin,G,,21:50,5.0,12.0,0.417,4.0,8.0,0.5,0.0,0.0,0.0,0.0,3.0,3.0,4.0,1.0,0.0,2.0,4.0,14.0,17.0
22200610,1610612758,SAC,Sacramento,1628368,De'Aaron Fox,De'Aaron,G,,28:34,5.0,14.0,0.357,1.0,7.0,0.143,0.0,0.0,0.0,1.0,1.0,2.0,9.0,0.0,0.0,2.0,1.0,11.0,19.0
22200610,1610612758,SAC,Sacramento,1630558,Davion Mitchell,Davion,,,15:50,2.0,3.0,0.667,1.0,2.0,0.5,0.0,0.0,0.0,1.0,3.0,4.0,1.0,1.0,0.0,0.0,1.0,5.0,8.0
22200610,1610612758,SAC,Sacramento,1628370,Malik Monk,Malik,,,26:19,6.0,11.0,0.545,0.0,4.0,0.0,2.0,2.0,1.0,1.0,6.0,7.0,6.0,0.0,1.0,1.0,2.0,14.0,16.0
22200610,1610612758,SAC,Sacramento,1629644,KZ Okpala,KZ,,,10:42,2.0,4.0,0.5,1.0,3.0,0.333,0.0,0.0,0.0,1.0,0.0,1.0,1.0,0.0,0.0,0.0,1.0,5.0,15.0
22200610,1610612758,SAC,Sacramento,1626168,Trey Lyles,Trey,,,16:12,4.0,8.0,0.5,3.0,5.0,0.6,3.0,4.0,0.75,0.0,5.0,5.0,2.0,0.0,0.0,0.0,1.0,14.0,9.0
22200610,1610612758,SAC,Sacramento,1629002,Chimezie Metu,Chimezie,,,14:07,5.0,7.0,0.714,0.0,0.0,0.0,1.0,1.0,1.0,3.0,6.0,9.0,2.0,0.0,0.0,1.0,3.0,11.0,12.0
22200610,1610612758,SAC,Sacramento,203521,Matthew Dellavedova,Matthew,,,4:54,1.0,1.0,1.0,1.0,1.0,1.0,0.0,0.0,0.0,0.0,0.0,0.0,1.0,0.0,0.0,0.0,0.0,3.0,-4.0
22200610,1610612758,SAC,Sacramento,1629056,Terence Davis,Terence,,,6:10,1.0,4.0,0.25,0.0,1.0,0.0,0.0,0.0,0.0,1.0,1.0,2.0,1.0,1.0,0.0,1.0,0.0,2.0,-5.0
22200610,1610612758,SAC,Sacramento,1628408,PJ Dozier,PJ,,,4:46,0.0,1.0,0.0,0.0,1.0,0.0,0.0,0.0,0.0,0.0,1.0,1.0,0.0,0.0,0.0,0.0,0.0,0.0,-4.0
22200610,1610612758,SAC,Sacramento,1626158,Richaun Holmes,Richaun,,,2:06,0.0,0.0,0.0,0.0,0.0,0.0,0.0,0.0,0.0,0.0,0.0,0.0,0.0,0.0,0.0,0.0,0.0,0.0,-1.0
22200610,1610612758,SAC,Sacramento,203458,Alex Len,Alex,,DNP - Coach's Decision,,,,,,,,,,,,,,,,,,,,
22200608,1610612759,SAS,San Antonio,1628966,Keita Bates-Diop,Keita,F,,16:59,4.0,7.0,0.571,2.0,3.0,0.667,0.0,0.0,0.0,0.0,0.0,0.0,0.0,0.0,0.0,0.0,0.0,10.0,0.0
22200608,1610612759,SAS,San Antonio,1631110,Jeremy Sochan,Jeremy,F,,30:10,2.0,11.0,0.182,1.0,3.0,0.333,2.0,2.0,1.0,3.0,2.0,5.0,2.0,2.0,0.0,3.0,3.0,7.0,-1.0
22200608,1610612759,SAS,San Antonio,1627751,Jakob Poeltl,Jakob,C,,26:13,6.0,10.0,0.6,0.0,0.0,0.0,1.0,2.0,0.5,2.0,5.0,7.0,2.0,2.0,0.0,2.0,4.0,13.0,-12.0
22200608,1610612759,SAS,San Antonio,1629641,Romeo Langford,Romeo,G,,27:41,6.0,11.0,0.545,0.0,3.0,0.0,1.0,1.0,1.0,2.0,3.0,5.0,4.0,0.0,1.0,0.0,1.0,13.0,4.0
22200608,1610612759,SAS,San Antonio,1630200,Tre Jones,Tre,G,,30:09,6.0,16.0,0.375,1.0,4.0,0.25,5.0,5.0,1.0,0.0,4.0,4.0,7.0,0.0,0.0,2.0,1.0,18.0,-14.0
22200608,1610612759,SAS,San Antonio,1631103,Malaki Branham,Malaki,,,24:43,5.0,11.0,0.455,2.0,5.0,0.4,0.0,0.0,0.0,0.0,2.0,2.0,1.0,0.0,0.0,3.0,0.0,12.0,-14.0
22200608,1610612759,SAS,San Antonio,1626196,Josh Richardson,Josh,,,24:46,6.0,12.0,0.5,2.0,6.0,0.333,2.0,2.0,1.0,1.0,4.0,5.0,5.0,2.0,0.0,2.0,3.0,16.0,-5.0
22200608,1610612759,SAS,San Antonio,203926,Doug McDermott,Doug,,,24:14,3.0,6.0,0.5,1.0,3.0,0.333,2.0,2.0,1.0,0.0,5.0,5.0,1.0,0.0,0.0,0.0,4.0,9.0,3.0
22200608,1610612759,SAS,San Antonio,1628380,Zach Collins,Zach,,,15:41,4.0,9.0,0.444,1.0,3.0,0.333,0.0,0.0,0.0,4.0,2.0,6.0,2.0,2.0,0.0,2.0,4.0,9.0,-5.0
22200608,1610612759,SAS,San Antonio,1626169,Stanley Johnson,Stanley,,,19:24,2.0,4.0,0.5,1.0,2.0,0.5,1.0,2.0,0.5,0.0,3.0,3.0,4.0,0.0,0.0,0.0,4.0,6.0,4.0
22200608,1610612759,SAS,San Antonio,203476,Gorgui Dieng,Gorgui,,DNP - Coach's Decision,,,,,,,,,,,,,,,,,,,,
22200608,1610612759,SAS,San Antonio,1629676,Isaiah Roby,Isaiah,,DNP - Coach's Decision,,,,,,,,,,,,,,,,,,,,
22200608,1610612759,SAS,San Antonio,1631104,Blake Wesley,Blake,,DNP - Coach's Decision,,,,,,,,,,,,,,,,,,,,
22200608,1610612763,MEM,Memphis,1628415,Dillon Brooks,Dillon,F,,31:57,5.0,13.0,0.385,1.0,4.0,0.25,4.0,6.0,0.667,0.0,5.0,5.0,3.0,3.0,0.0,1.0,5.0,15.0,16.0
22200608,1610612763,MEM,Memphis,1628991,Jaren Jackson Jr.,Jaren,F,,30:13,5.0,10.0,0.5,2.0,4.0,0.5,4.0,6.0,0.667,2.0,4.0,6.0,2.0,0.0,5.0,2.0,2.0,16.0,-4.0
22200608,1610612763,MEM,Memphis,203500,Steven Adams,Steven,C,,28:19,5.0,7.0,0.714,0.0,0.0,0.0,3.0,11.0,0.273,4.0,11.0,15.0,4.0,1.0,0.0,2.0,0.0,13.0,11.0
22200608,1610612763,MEM,Memphis,1630217,Desmond Bane,Desmond,G,,29:04,6.0,16.0,0.375,3.0,5.0,0.6,0.0,1.0,0.0,0.0,2.0,2.0,4.0,0.0,0.0,4.0,2.0,15.0,-6.0
22200608,1610612763,MEM,Memphis,1626145,Tyus Jones,Tyus,G,,35:03,11.0,19.0,0.579,2.0,4.0,0.5,0.0,0.0,0.0,1.0,2.0,3.0,6.0,3.0,0.0,2.0,1.0,24.0,14.0
22200608,1610612763,MEM,Memphis,1629723,John Konchar,John,,,14:46,1.0,3.0,0.333,1.0,2.0,0.5,0.0,0.0,0.0,0.0,2.0,2.0,1.0,0.0,1.0,0.0,0.0,3.0,5.0
22200608,1610612763,MEM,Memphis,1630583,Santi Aldama,Santi,,,17:47,5.0,5.0,1.0,1.0,1.0,1.0,2.0,2.0,1.0,0.0,3.0,3.0,0.0,2.0,0.0,1.0,1.0,13.0,12.0
22200608,1610612763,MEM,Memphis,1630214,Xavier Tillman,Xavier,,,17:12,2.0,5.0,0.4,0.0,1.0,0.0,5.0,6.0,0.833,3.0,4.0,7.0,2.0,0.0,0.0,0.0,1.0,9.0,-6.0
22200608,1610612763,MEM,Memphis,1630533,Ziaire Williams,Ziaire,,,22:42,4.0,9.0,0.444,1.0,4.0,0.25,2.0,3.0,0.667,1.0,4.0,5.0,0.0,0.0,1.0,1.0,1.0,11.0,4.0
22200608,1610612763,MEM,Memphis,1631113,Kennedy Chandler,Kennedy,,,12:57,1.0,4.0,0.25,0.0,1.0,0.0,0.0,0.0,0.0,0.0,2.0,2.0,4.0,0.0,0.0,0.0,2.0,2.0,-6.0
22200608,1610612763,MEM,Memphis,1631222,Jake LaRavia,Jake,,DNP - Coach's Decision,,,,,,,,,,,,,,,,,,,,
22200608,1610612763,MEM,Memphis,1631223,David Roddy,David,,DNP - Coach's Decision,,,,,,,,,,,,,,,,,,,,
22200609,1610612747,LAL,Los Angeles,1631108,Max Christie,Max,F,,25:52,6.0,8.0,0.75,2.0,3.0,0.667,0.0,0.0,0.0,0.0,3.0,3.0,1.0,0.0,0.0,0.0,1.0,14.0,-10.0
22200609,1610612747,LAL,Los Angeles,1629308,Juan Toscano-Anderson,Juan,F,,18:06,2.0,4.0,0.5,0.0,0.0,0.0,1.0,2.0,0.5,1.0,0.0,1.0,3.0,0.0,0.0,0.0,0.0,5.0,0.0
22200609,1610612747,LAL,Los Angeles,1628418,Thomas Bryant,Thomas,C,,27:54,6.0,14.0,0.429,0.0,1.0,0.0,5.0,5.0,1.0,2.0,8.0,10.0,0.0,1.0,0.0,0.0,1.0,17.0,-15.0
22200609,1610612747,LAL,Los Angeles,201976,Patrick Beverley,Patrick,G,,12:01,0.0,1.0,0.0,0.0,1.0,0.0,0.0,0.0,0.0,1.0,0.0,1.0,0.0,1.0,0.0,2.0,0.0,0.0,-3.0
22200609,1610612747,LAL,Los Angeles,203471,Dennis Schröder,Dennis,G,,34:24,3.0,13.0,0.231,0.0,5.0,0.0,8.0,8.0,1.0,0.0,3.0,3.0,4.0,2.0,0.0,1.0,3.0,14.0,-16.0
22200609,1610612747,LAL,Los Angeles,201566,Russell Westbrook,Russell,,,30:51,10.0,21.0,0.476,1.0,4.0,0.25,4.0,7.0,0.571,1.0,6.0,7.0,7.0,1.0,0.0,7.0,2.0,25.0,-9.0
22200609,1610612747,LAL,Los Angeles,1629134,Kendrick Nunn,Kendrick,,,23:55,6.0,15.0,0.4,2.0,7.0,0.286,1.0,2.0,0.5,1.0,0.0,1.0,1.0,3.0,0.0,2.0,3.0,15.0,-4.0
22200609,1610612747,LAL,Los Angeles,1628425,Sterling Brown,Sterling,,,17:30,0.0,3.0,0.0,0.0,1.0,0.0,0.0,0.0,0.0,3.0,4.0,7.0,1.0,3.0,0.0,0.0,1.0,0.0,-2.0
22200609,1610612747,LAL,Los Angeles,1631306,Cole Swider,Cole,,,25:40,2.0,6.0,0.333,2.0,5.0,0.4,0.0,0.0,0.0,0.0,5.0,5.0,3.0,0.0,0.0,0.0,2.0,6.0,-2.0
22200609,1610612747,LAL,Los Angeles,1629117,Wenyen Gabriel,Wenyen,,,19:15,4.0,6.0,0.667,1.0,1.0,1.0,0.0,0.0,0.0,2.0,3.0,5.0,0.0,0.0,2.0,1.0,0.0,9.0,-8.0
22200609,1610612747,LAL,Los Angeles,1627745,Damian Jones,Damian,,,2:16,0.0,0.0,0.0,0.0,0.0,0.0,0.0,0.0,0.0,0.0,1.0,1.0,0.0,0.0,0.0,0.0,1.0,0.0,2.0
22200609,1610612747,LAL,Los Angeles,1630590,Scotty Pippen Jr.,Scotty,,,2:16,2.0,2.0,1.0,0.0,0.0,0.0,0.0,1.0,0.0,0.0,0.0,0.0,0.0,1.0,0.0,0.0,0.0,4.0,2.0
22200609,1610612743,DEN,Denver,1629008,Michael Porter Jr.,Michael,F,,25:53,5.0,13.0,0.385,2.0,6.0,0.333,0.0,0.0,0.0,2.0,5.0,7.0,0.0,1.0,1.0,0.0,2.0,12.0,13.0
22200609,1610612743,DEN,Denver,203932,Aaron Gordon,Aaron,F,,22:04,4.0,8.0,0.5,1.0,5.0,0.2,0.0,1.0,0.0,1.0,9.0,10.0,0.0,0.0,4.0,4.0,2.0,9.0,6.0
22200609,1610612743,DEN,Denver,203999,Nikola Jokić,Nikola,C,,35:08,5.0,5.0,1.0,1.0,1.0,1.0,3.0,3.0,1.0,2.0,9.0,11.0,16.0,1.0,1.0,4.0,2.0,14.0,10.0
22200609,1610612743,DEN,Denver,203484,Kentavious Caldwell-Pope,Kentavious,G,,30:39,6.0,14.0,0.429,1.0,5.0,0.2,3.0,3.0,1.0,1.0,2.0,3.0,3.0,1.0,0.0,1.0,1.0,16.0,18.0
22200609,1610612743,DEN,Denver,1627750,Jamal Murray,Jamal,G,,35:33,13.0,29.0,0.448,5.0,9.0,0.556,3.0,4.0,0.75,4.0,3.0,7.0,4.0,2.0,0.0,3.0,2.0,34.0,3.0
22200609,1610612743,DEN,Denver,1628971,Bruce Brown,Bruce,,,26:36,6.0,11.0,0.545,3.0,7.0,0.429,0.0,0.0,0.0,1.0,6.0,7.0,2.0,0.0,1.0,2.0,2.0,15.0,3.0
22200609,1610612743,DEN,Denver,1628427,Vlatko Čančar,Vlatko,,,25:56,1.0,4.0,0.25,0.0,1.0,0.0,0.0,0.0,0.0,1.0,3.0,4.0,2.0,1.0,0.0,1.0,2.0,2.0,7.0
22200609,1610612743,DEN,Denver,1630538,Bones Hyland,Bones,,,19:34,3.0,10.0,0.3,2.0,8.0,0.25,4.0,4.0,1.0,0.0,2.0,2.0,1.0,1.0,1.0,1.0,2.0,12.0,2.0
22200609,1610612743,DEN,Denver,1630192,Zeke Nnaji,Zeke,,,12:52,3.0,5.0,0.6,0.0,0.0,0.0,0.0,0.0,0.0,2.0,1.0,3.0,0.0,0.0,2.0,0.0,3.0,6.0,3.0
22200609,1610612743,DEN,Denver,202397,Ish Smith,Ish,,,1:55,0.0,0.0,0.0,0.0,0.0,0.0,0.0,0.0,0.0,0.0,0.0,0.0,0.0,0.0,0.0,0.0,1.0,0.0,0.0
22200609,1610612743,DEN,Denver,1631128,Christian Braun,Christian,,,1:55,0.0,0.0,0.0,0.0,0.0,0.0,0.0,0.0,0.0,0.0,0.0,0.0,1.0,0.0,0.0,1.0,0.0,0.0,0.0
22200609,1610612743,DEN,Denver,1628432,Davon Reed,Davon,,,1:55,0.0,0.0,0.0,0.0,0.0,0.0,2.0,2.0,1.0,0.0,1.0,1.0,0.0,0.0,1.0,0.0,0.0,2.0,0.0
22200609,1610612743,DEN,Denver,201599,DeAndre Jordan,DeAndre,,DNP - Coach's Decision,,,,,,,,,,,,,,,,,,,,
22200607,1610612749,MIL,Milwaukee,203507,Giannis Antetokounmpo,Giannis,F,,36:26,6.0,15.0,0.4,1.0,3.0,0.333,9.0,12.0,0.75,4.0,6.0,10.0,5.0,0.0,2.0,4.0,2.0,22.0,9.0
22200607,1610612749,MIL,Milwaukee,1626192,Pat Connaughton,Pat,F,,31:26,4.0,8.0,0.5,3.0,7.0,0.429,0.0,0.0,0.0,1.0,10.0,11.0,4.0,0.0,0.0,1.0,0.0,11.0,1.0
22200607,1610612749,MIL,Milwaukee,201572,Brook Lopez,Brook,C,,32:37,7.0,16.0,0.438,3.0,9.0,0.333,0.0,1.0,0.0,4.0,3.0,7.0,2.0,1.0,3.0,3.0,3.0,17.0,-3.0
22200607,1610612749,MIL,Milwaukee,1628960,Grayson Allen,Grayson,G,,28:34,3.0,6.0,0.5,2.0,3.0,0.667,3.0,3.0,1.0,0.0,3.0,3.0,0.0,2.0,0.0,2.0,2.0,11.0,-11.0
22200607,1610612749,MIL,Milwaukee,201950,Jrue Holiday,Jrue,G,,33:46,5.0,14.0,0.357,3.0,9.0,0.333,2.0,2.0,1.0,1.0,4.0,5.0,9.0,0.0,0.0,1.0,3.0,15.0,7.0
22200607,1610612749,MIL,Milwaukee,1626171,Bobby Portis,Bobby,,,19:17,5.0,6.0,0.833,0.0,0.0,0.0,0.0,0.0,0.0,0.0,3.0,3.0,0.0,0.0,0.0,2.0,1.0,10.0,-2.0
22200607,1610612749,MIL,Milwaukee,1628975,Jevon Carter,Jevon,,,18:31,0.0,4.0,0.0,0.0,3.0,0.0,0.0,0.0,0.0,0.0,1.0,1.0,1.0,0.0,0.0,0.0,3.0,0.0,0.0
22200607,1610612749,MIL,Milwaukee,204060,Joe Ingles,Joe,,,28:07,6.0,14.0,0.429,5.0,11.0,0.455,0.0,0.0,0.0,0.0,3.0,3.0,5.0,0.0,0.0,1.0,0.0,17.0,14.0
22200607,1610612749,MIL,Milwaukee,1630699,MarJon Beauchamp,MarJon,,,11:16,3.0,6.0,0.5,2.0,4.0,0.5,0.0,0.0,0.0,2.0,3.0,5.0,1.0,0.0,0.0,0.0,3.0,8.0,5.0
22200607,1610612749,MIL,Milwaukee,203648,Thanasis Antetokounmpo,Thanasis,,DNP - Coach's Decision,,,,,,,,,,,,,,,,,,,,
22200607,1610612749,MIL,Milwaukee,1631260,AJ Green,AJ,,DNP - Coach's Decision,,,,,,,,,,,,,,,,,,,,
22200607,1610612749,MIL,Milwaukee,201588,George Hill,George,,DNP - Coach's Decision,,,,,,,,,,,,,,,,,,,,
22200607,1610612749,MIL,Milwaukee,1630572,Sandro Mamukelashvili,Sandro,,DNP - Coach's Decision,,,,,,,,,,,,,,,,,,,,
22200607,1610612749,MIL,Milwaukee,202083,Wesley Matthews,Wesley,,DNP - Coach's Decision,,,,,,,,,,,,,,,,,,,,
22200607,1610612749,MIL,Milwaukee,1629670,Jordan Nwora,Jordan,,DNP - Coach's Decision,,,,,,,,,,,,,,,,,,,,
22200607,1610612752,NYK,New York,1629656,Quentin Grimes,Quentin,F,,33:31,1.0,7.0,0.143,0.0,3.0,0.0,2.0,2.0,1.0,2.0,6.0,8.0,1.0,2.0,0.0,0.0,0.0,4.0,-5.0
22200607,1610612752,NYK,New York,203944,Julius Randle,Julius,F,,39:47,9.0,29.0,0.31,1.0,12.0,0.083,6.0,7.0,0.857,7.0,9.0,16.0,5.0,2.0,0.0,3.0,3.0,25.0,2.0
22200607,1610612752,NYK,New York,1629011,Mitchell Robinson,Mitchell,C,,37:29,1.0,4.0,0.25,0.0,0.0,0.0,0.0,0.0,0.0,3.0,5.0,8.0,3.0,2.0,1.0,1.0,3.0,2.0,-1.0
22200607,1610612752,NYK,New York,1628973,Jalen Brunson,Jalen,G,,38:39,15.0,30.0,0.5,4.0,10.0,0.4,10.0,10.0,1.0,2.0,5.0,7.0,4.0,0.0,0.0,3.0,0.0,44.0,-2.0
22200607,1610612752,NYK,New York,1630193,Immanuel Quickley,Immanuel,G,,42:57,9.0,14.0,0.643,3.0,6.0,0.5,2.0,3.0,0.667,0.0,4.0,4.0,0.0,0.0,0.0,0.0,3.0,23.0,5.0
22200607,1610612752,NYK,New York,1628392,Isaiah Hartenstein,Isaiah,,,10:22,0.0,6.0,0.0,0.0,1.0,0.0,0.0,0.0,0.0,4.0,0.0,4.0,0.0,0.0,0.0,0.0,3.0,0.0,-3.0
22200607,1610612752,NYK,New York,1630167,Obi Toppin,Obi,,,8:13,1.0,3.0,0.333,1.0,2.0,0.5,0.0,0.0,0.0,0.0,0.0,0.0,0.0,1.0,0.0,0.0,0.0,3.0,-6.0
22200607,1610612752,NYK,New York,1630540,Miles McBride,Miles,,,14:24,1.0,3.0,0.333,1.0,3.0,0.333,0.0,0.0,0.0,0.0,0.0,0.0,1.0,1.0,0.0,0.0,0.0,3.0,-11.0
22200607,1610612752,NYK,New York,203095,Evan Fournier,Evan,,,14:38,1.0,4.0,0.25,1.0,4.0,0.25,0.0,0.0,0.0,0.0,1.0,1.0,2.0,0.0,0.0,0.0,2.0,3.0,1.0
22200607,1610612752,NYK,New York,1627853,Ryan Arcidiacono,Ryan,,DNP - Coach's Decision,,,,,,,,,,,,,,,,,,,,
22200607,1610612752,NYK,New York,1629004,Svi Mykhailiuk,Svi,,DNP - Coach's Decision,,,,,,,,,,,,,,,,,,,,
22200607,1610612752,NYK,New York,1629629,Cam Reddish,Cam,,DNP - Coach's Decision,,,,,,,,,,,,,,,,,,,,
22200607,1610612752,NYK,New York,201565,Derrick Rose,Derrick,,DNP - Coach's Decision,,,,,,,,,,,,,,,,,,,,
22200607,1610612752,NYK,New York,1630579,Jericho Sims,Jericho,,DNP - Coach's Decision,,,,,,,,,,,,,,,,,,,,
22200605,1610612740,NOP,New Orleans,1630230,Naji Marshall,Naji,F,,33:42,7.0,19.0,0.368,1.0,5.0,0.2,3.0,5.0,0.6,1.0,2.0,3.0,4.0,1.0,0.0,1.0,0.0,18.0,19.0
22200605,1610612740,NOP,New Orleans,1630530,Trey Murphy III,Trey,F,,22:40,3.0,9.0,0.333,0.0,5.0,0.0,0.0,0.0,0.0,0.0,1.0,1.0,2.0,1.0,1.0,1.0,1.0,6.0,0.0
22200605,1610612740,NOP,New Orleans,202685,Jonas Valančiūnas,Jonas,C,,28:15,10.0,15.0,0.667,0.0,0.0,0.0,7.0,8.0,0.875,4.0,8.0,12.0,1.0,0.0,0.0,3.0,5.0,27.0,0.0
22200605,1610612740,NOP,New Orleans,1630529,Herbert Jones,Herbert,G,,12:31,1.0,2.0,0.5,0.0,0.0,0.0,3.0,4.0,0.75,0.0,0.0,0.0,0.0,1.0,0.0,0.0,1.0,5.0,-6.0
22200605,1610612740,NOP,New Orleans,203468,CJ McCollum,CJ,G,,30:42,12.0,21.0,0.571,4.0,8.0,0.5,6.0,6.0,1.0,1.0,4.0,5.0,1.0,2.0,1.0,2.0,3.0,34.0,9.0
22200605,1610612740,NOP,New Orleans,1630631,Jose Alvarado,Jose,,,24:24,3.0,5.0,0.6,2.0,2.0,1.0,2.0,2.0,1.0,1.0,3.0,4.0,5.0,1.0,0.0,1.0,2.0,10.0,17.0
22200605,1610612740,NOP,New Orleans,1626204,Larry Nance Jr.,Larry,,,25:36,3.0,6.0,0.5,0.0,0.0,0.0,0.0,0.0,0.0,2.0,4.0,6.0,3.0,2.0,1.0,0.0,2.0,6.0,30.0
22200605,1610612740,NOP,New Orleans,1630700,Dyson Daniels,Dyson,,,19:28,2.0,3.0,0.667,0.0,1.0,0.0,0.0,0.0,0.0,1.0,5.0,6.0,2.0,0.0,1.0,0.0,3.0,4.0,5.0
22200605,1610612740,NOP,New Orleans,1628984,Devonte' Graham,Devonte',,,17:31,3.0,5.0,0.6,2.0,4.0,0.5,3.0,4.0,0.75,0.0,1.0,1.0,6.0,1.0,1.0,0.0,2.0,11.0,16.0
22200605,1610612740,NOP,New Orleans,1629637,Jaxson Hayes,Jaxson,,,17:35,3.0,4.0,0.75,0.0,0.0,0.0,0.0,2.0,0.0,1.0,3.0,4.0,0.0,0.0,0.0,0.0,1.0,6.0,7.0
22200605,1610612740,NOP,New Orleans,1630184,Kira Lewis Jr.,Kira,,,2:32,0.0,0.0,0.0,0.0,0.0,0.0,0.0,0.0,0.0,0.0,1.0,1.0,0.0,0.0,0.0,1.0,0.0,0.0,1.0
22200605,1610612740,NOP,New Orleans,1631220,Dereon Seabron,Dereon,,,2:32,1.0,3.0,0.333,0.0,0.0,0.0,0.0,0.0,0.0,1.0,0.0,1.0,0.0,0.0,0.0,0.0,1.0,2.0,1.0
22200605,1610612740,NOP,New Orleans,202066,Garrett Temple,Garrett,,,2:32,1.0,1.0,1.0,1.0,1.0,1.0,0.0,0.0,0.0,0.0,0.0,0.0,0.0,0.0,0.0,0.0,0.0,3.0,1.0
22200605,1610612740,NOP,New Orleans,1626195,Willy Hernangomez,Willy,,DNP - Coach's Decision,,,,,,,,,,,,,,,,,,,,
22200605,1610612764,WAS,Washington,1628398,Kyle Kuzma,Kyle,F,,23:06,6.0,13.0,0.462,3.0,8.0,0.375,4.0,4.0,1.0,2.0,6.0,8.0,2.0,0.0,0.0,5.0,6.0,19.0,-15.0
22200605,1610612764,WAS,Washington,204001,Kristaps Porziņģis,Kristaps,F,,33:58,8.0,16.0,0.5,3.0,5.0,0.6,4.0,4.0,1.0,3.0,7.0,10.0,1.0,0.0,0.0,1.0,0.0,23.0,-2.0
22200605,1610612764,WAS,Washington,1629655,Daniel Gafford,Daniel,C,,23:18,5.0,6.0,0.833,0.0,0.0,0.0,3.0,4.0,0.75,1.0,3.0,4.0,2.0,0.0,0.0,0.0,4.0,13.0,-5.0
22200605,1610612764,WAS,Washington,1630557,Corey Kispert,Corey,G,,33:53,5.0,12.0,0.417,5.0,10.0,0.5,2.0,2.0,1.0,0.0,5.0,5.0,1.0,1.0,0.0,3.0,2.0,17.0,-12.0
22200605,1610612764,WAS,Washington,1628420,Monté Morris,Monté,G,,26:31,6.0,8.0,0.75,1.0,2.0,0.5,0.0,0.0,0.0,0.0,1.0,1.0,9.0,0.0,0.0,3.0,0.0,13.0,-12.0
22200605,1610612764,WAS,Washington,201959,Taj Gibson,Taj,,,11:08,2.0,2.0,1.0,0.0,0.0,0.0,0.0,0.0,0.0,0.0,1.0,1.0,0.0,0.0,0.0,2.0,4.0,4.0,-6.0
22200605,1610612764,WAS,Washington,1630166,Deni Avdija,Deni,,,21:43,2.0,6.0,0.333,0.0,2.0,0.0,0.0,2.0,0.0,1.0,3.0,4.0,3.0,0.0,0.0,0.0,2.0,4.0,-9.0
22200605,1610612764,WAS,Washington,1629060,Rui Hachimura,Rui,,,27:29,4.0,12.0,0.333,1.0,3.0,0.333,0.0,0.0,0.0,0.0,3.0,3.0,1.0,0.0,1.0,1.0,2.0,9.0,-22.0
22200605,1610612764,WAS,Washington,1626153,Delon Wright,Delon,,,16:54,2.0,4.0,0.5,0.0,2.0,0.0,0.0,0.0,0.0,0.0,0.0,0.0,3.0,2.0,0.0,2.0,2.0,4.0,-8.0
22200605,1610612764,WAS,Washington,1630692,Jordan Goodwin,Jordan,,,17:25,1.0,1.0,1.0,1.0,1.0,1.0,1.0,2.0,0.5,0.0,1.0,1.0,4.0,2.0,0.0,3.0,3.0,4.0,-9.0
22200605,1610612764,WAS,Washington,1630264,Anthony Gill,Anthony,,,4:35,1.0,2.0,0.5,0.0,1.0,0.0,0.0,0.0,0.0,0.0,0.0,0.0,0.0,0.0,0.0,0.0,0.0,2.0,0.0
22200605,1610612764,WAS,Washington,203115,Will Barton,Will,,DNP - Coach's Decision,,,,,,,,,,,,,,,,,,,,
22200606,1610612741,CHI,Chicago,201942,DeMar DeRozan,DeMar,F,,23:06,6.0,9.0,0.667,0.0,0.0,0.0,1.0,1.0,1.0,0.0,3.0,3.0,3.0,1.0,0.0,2.0,1.0,13.0,-12.0
22200606,1610612741,CHI,Chicago,1630172,Patrick Williams,Patrick,F,,29:10,3.0,8.0,0.375,3.0,5.0,0.6,1.0,2.0,0.5,0.0,2.0,2.0,1.0,3.0,0.0,1.0,3.0,10.0,-12.0
22200606,1610612741,CHI,Chicago,202696,Nikola Vučević,Nikola,C,,33:38,9.0,15.0,0.6,3.0,6.0,0.5,0.0,2.0,0.0,1.0,12.0,13.0,1.0,0.0,0.0,0.0,1.0,21.0,-18.0
22200606,1610612741,CHI,Chicago,203897,Zach LaVine,Zach,G,,41:58,10.0,24.0,0.417,4.0,13.0,0.308,3.0,3.0,1.0,2.0,5.0,7.0,6.0,1.0,0.0,1.0,4.0,27.0,-12.0
22200606,1610612741,CHI,Chicago,1630245,Ayo Dosunmu,Ayo,G,,28:26,3.0,6.0,0.5,0.0,0.0,0.0,0.0,0.0,0.0,0.0,0.0,0.0,1.0,0.0,0.0,0.0,0.0,6.0,-6.0
22200606,1610612741,CHI,Chicago,1629632,Coby White,Coby,,,19:40,1.0,7.0,0.143,0.0,5.0,0.0,2.0,2.0,1.0,0.0,3.0,3.0,1.0,0.0,0.0,0.0,2.0,4.0,0.0
22200606,1610612741,CHI,Chicago,1627936,Alex Caruso,Alex,,,19:49,2.0,5.0,0.4,2.0,3.0,0.667,0.0,0.0,0.0,0.0,2.0,2.0,4.0,0.0,1.0,2.0,3.0,6.0,0.0
22200606,1610612741,CHI,Chicago,1627884,Derrick Jones Jr.,Derrick,,,14:10,2.0,4.0,0.5,0.0,1.0,0.0,0.0,0.0,0.0,0.0,1.0,1.0,1.0,0.0,0.0,0.0,0.0,4.0,10.0
22200606,1610612741,CHI,Chicago,203083,Andre Drummond,Andre,,,14:22,2.0,4.0,0.5,0.0,0.0,0.0,2.0,4.0,0.5,3.0,6.0,9.0,0.0,1.0,0.0,0.0,3.0,6.0,10.0
22200606,1610612741,CHI,Chicago,201609,Goran Dragic,Goran,,,15:41,1.0,4.0,0.25,0.0,2.0,0.0,0.0,0.0,0.0,0.0,2.0,2.0,1.0,0.0,0.0,1.0,1.0,2.0,0.0
22200606,1610612741,CHI,Chicago,1630792,Malcolm Hill,Malcolm,,DNP - Coach's Decision,,,,,,,,,,,,,,,,,,,,
22200606,1610612741,CHI,Chicago,1631207,Dalen Terry,Dalen,,DNP - Coach's Decision,,,,,,,,,,,,,,,,,,,,
22200606,1610612738,BOS,Boston,1628369,Jayson Tatum,Jayson,F,,37:49,10.0,21.0,0.476,4.0,11.0,0.364,8.0,8.0,1.0,0.0,8.0,8.0,7.0,1.0,0.0,1.0,2.0,32.0,14.0
22200606,1610612738,BOS,Boston,201143,Al Horford,Al,F,,33:12,3.0,6.0,0.5,2.0,5.0,0.4,0.0,0.0,0.0,1.0,6.0,7.0,5.0,1.0,1.0,0.0,1.0,8.0,17.0
22200606,1610612738,BOS,Boston,1629057,Robert Williams III,Robert,C,,22:56,3.0,4.0,0.75,0.0,0.0,0.0,0.0,0.0,0.0,2.0,5.0,7.0,2.0,0.0,2.0,1.0,2.0,6.0,-5.0
22200606,1610612738,BOS,Boston,1627759,Jaylen Brown,Jaylen,G,,38:35,7.0,21.0,0.333,0.0,8.0,0.0,5.0,5.0,1.0,1.0,4.0,5.0,3.0,0.0,1.0,4.0,0.0,19.0,20.0
22200606,1610612738,BOS,Boston,1628401,Derrick White,Derrick,G,,30:03,3.0,9.0,0.333,0.0,3.0,0.0,2.0,2.0,1.0,1.0,4.0,5.0,4.0,0.0,1.0,1.0,4.0,8.0,21.0
22200606,1610612738,BOS,Boston,1627763,Malcolm Brogdon,Malcolm,,,21:56,3.0,9.0,0.333,1.0,4.0,0.25,4.0,4.0,1.0,2.0,5.0,7.0,3.0,0.0,0.0,2.0,1.0,11.0,-17.0
22200606,1610612738,BOS,Boston,1630202,Payton Pritchard,Payton,,,3:38,0.0,0.0,0.0,0.0,0.0,0.0,0.0,0.0,0.0,0.0,1.0,1.0,0.0,0.0,0.0,0.0,0.0,0.0,-2.0
22200606,1610612738,BOS,Boston,1629684,Grant Williams,Grant,,,36:44,8.0,15.0,0.533,3.0,9.0,0.333,1.0,2.0,0.5,2.0,6.0,8.0,1.0,0.0,2.0,0.0,2.0,20.0,4.0
22200606,1610612738,BOS,Boston,1630573,Sam Hauser,Sam,,,11:59,1.0,2.0,0.5,1.0,1.0,1.0,0.0,0.0,0.0,0.0,1.0,1.0,0.0,0.0,0.0,0.0,0.0,3.0,-12.0
22200606,1610612738,BOS,Boston,1628436,Luke Kornet,Luke,,,3:08,0.0,0.0,0.0,0.0,0.0,0.0,0.0,0.0,0.0,0.0,1.0,1.0,0.0,0.0,0.0,0.0,0.0,0.0,0.0
22200606,1610612738,BOS,Boston,201933,Blake Griffin,Blake,,DNP - Coach's Decision,,,,,,,,,,,,,,,,,,,,
22200606,1610612738,BOS,Boston,1628382,Justin Jackson,Justin,,DNP - Coach's Decision,,,,,,,,,,,,,,,,,,,,
22200596,1610612755,PHI,Philadelphia,1629001,De'Anthony Melton,De'Anthony,F,,23:05,0.0,5.0,0.0,0.0,3.0,0.0,0.0,0.0,0.0,0.0,3.0,3.0,0.0,1.0,1.0,3.0,1.0,0.0,12.0
22200596,1610612755,PHI,Philadelphia,202699,Tobias Harris,Tobias,F,,27:18,5.0,11.0,0.455,0.0,2.0,0.0,2.0,2.0,1.0,1.0,3.0,4.0,0.0,2.0,2.0,1.0,2.0,12.0,16.0
22200596,1610612755,PHI,Philadelphia,1626149,Montrezl Harrell,Montrezl,C,,23:49,8.0,11.0,0.727,0.0,0.0,0.0,4.0,4.0,1.0,3.0,3.0,6.0,1.0,0.0,1.0,1.0,3.0,20.0,3.0
22200596,1610612755,PHI,Philadelphia,1630178,Tyrese Maxey,Tyrese,G,,33:09,8.0,18.0,0.444,2.0,9.0,0.222,5.0,6.0,0.833,0.0,0.0,0.0,2.0,1.0,0.0,1.0,1.0,23.0,19.0
22200596,1610612755,PHI,Philadelphia,201935,James Harden,James,G,,28:03,7.0,14.0,0.5,3.0,5.0,0.6,3.0,4.0,0.75,1.0,10.0,11.0,11.0,0.0,1.0,1.0,2.0,20.0,7.0
22200596,1610612755,PHI,Philadelphia,1627777,Georges Niang,Georges,,,19:45,5.0,10.0,0.5,3.0,8.0,0.375,1.0,1.0,1.0,0.0,1.0,1.0,0.0,0.0,0.0,0.0,3.0,14.0,15.0
22200596,1610612755,PHI,Philadelphia,1629003,Shake Milton,Shake,,,25:12,3.0,7.0,0.429,1.0,3.0,0.333,1.0,2.0,0.5,1.0,4.0,5.0,6.0,0.0,0.0,2.0,2.0,8.0,-1.0
22200596,1610612755,PHI,Philadelphia,1630194,Paul Reed,Paul,,,24:11,6.0,7.0,0.857,0.0,0.0,0.0,4.0,4.0,1.0,8.0,4.0,12.0,1.0,3.0,0.0,2.0,2.0,16.0,9.0
22200596,1610612755,PHI,Philadelphia,1629680,Matisse Thybulle,Matisse,,,22:56,2.0,6.0,0.333,1.0,4.0,0.25,0.0,0.0,0.0,0.0,1.0,1.0,2.0,5.0,0.0,0.0,1.0,5.0,2.0
22200596,1610612755,PHI,Philadelphia,1627788,Furkan Korkmaz,Furkan,,,6:34,1.0,1.0,1.0,0.0,0.0,0.0,0.0,0.0,0.0,0.0,0.0,0.0,0.0,0.0,0.0,1.0,0.0,2.0,-11.0
22200596,1610612755,PHI,Philadelphia,1627863,Danuel House Jr.,Danuel,,,5:58,1.0,4.0,0.25,1.0,3.0,0.333,0.0,0.0,0.0,0.0,1.0,1.0,1.0,0.0,0.0,1.0,0.0,3.0,-11.0
22200596,1610612765,DET,Detroit,1630180,Saddiq Bey,Saddiq,F,,28:42,1.0,4.0,0.25,0.0,2.0,0.0,0.0,0.0,0.0,0.0,1.0,1.0,1.0,1.0,1.0,0.0,3.0,2.0,-2.0
22200596,1610612765,DET,Detroit,202711,Bojan Bogdanović,Bojan,F,,35:49,7.0,17.0,0.412,1.0,4.0,0.25,5.0,5.0,1.0,0.0,2.0,2.0,5.0,1.0,0.0,2.0,2.0,20.0,-8.0
22200596,1610612765,DET,Detroit,1630191,Isaiah Stewart,Isaiah,C,,35:06,7.0,15.0,0.467,0.0,3.0,0.0,6.0,7.0,0.857,3.0,10.0,13.0,2.0,1.0,0.0,4.0,1.0,20.0,-1.0
22200596,1610612765,DET,Detroit,1631093,Jaden Ivey,Jaden,G,,27:59,4.0,13.0,0.308,1.0,2.0,0.5,1.0,2.0,0.5,2.0,4.0,6.0,6.0,0.0,0.0,4.0,2.0,10.0,-14.0
22200596,1610612765,DET,Detroit,1630165,Killian Hayes,Killian,G,,33:43,11.0,17.0,0.647,4.0,8.0,0.5,0.0,0.0,0.0,0.0,4.0,4.0,6.0,3.0,1.0,5.0,2.0,26.0,-3.0
22200596,1610612765,DET,Detroit,202692,Alec Burks,Alec,,,22:19,4.0,6.0,0.667,1.0,2.0,0.5,3.0,3.0,1.0,0.0,4.0,4.0,4.0,0.0,0.0,2.0,2.0,12.0,-14.0
22200596,1610612765,DET,Detroit,1628977,Hamidou Diallo,Hamidou,,,27:16,6.0,9.0,0.667,0.0,0.0,0.0,0.0,1.0,0.0,3.0,4.0,7.0,1.0,2.0,0.0,3.0,2.0,12.0,3.0
22200596,1610612765,DET,Detroit,203457,Nerlens Noel,Nerlens,,,12:54,3.0,3.0,1.0,0.0,0.0,0.0,0.0,0.0,0.0,2.0,2.0,4.0,0.0,1.0,0.0,0.0,3.0,6.0,-11.0
22200596,1610612765,DET,Detroit,1628995,Kevin Knox II,Kevin,,,16:12,1.0,3.0,0.333,1.0,2.0,0.5,0.0,0.0,0.0,0.0,2.0,2.0,0.0,0.0,0.0,3.0,3.0,3.0,-10.0
22200596,1610612765,DET,Detroit,1631105,Jalen Duren,Jalen,,DNP - Injury/Illness,,,,,,,,,,,,,,,,,,,,
22200596,1610612765,DET,Detroit,202709,Cory Joseph,Cory,,DNP - Coach's Decision,,,,,,,,,,,,,,,,,,,,
22200596,1610612765,DET,Detroit,203585,Rodney McGruder,Rodney,,DNP - Injury/Illness,,,,,,,,,,,,,,,,,,,,
22200599,1610612751,BKN,Brooklyn,201142,Kevin Durant,Kevin,F,,30:09,5.0,11.0,0.455,1.0,3.0,0.333,6.0,7.0,0.857,1.0,4.0,5.0,2.0,1.0,0.0,4.0,1.0,17.0,-2.0
22200599,1610612751,BKN,Brooklyn,1626220,Royce O'Neale,Royce,F,,34:54,3.0,11.0,0.273,1.0,7.0,0.143,1.0,1.0,1.0,1.0,5.0,6.0,6.0,1.0,2.0,2.0,3.0,8.0,5.0
22200599,1610612751,BKN,Brooklyn,1629651,Nic Claxton,Nic,C,,30:53,6.0,8.0,0.75,0.0,0.0,0.0,1.0,2.0,0.5,2.0,9.0,11.0,0.0,0.0,3.0,2.0,3.0,13.0,-3.0
22200599,1610612751,BKN,Brooklyn,202681,Kyrie Irving,Kyrie,G,,40:16,10.0,21.0,0.476,6.0,15.0,0.4,3.0,4.0,0.75,1.0,0.0,1.0,6.0,1.0,0.0,1.0,1.0,29.0,7.0
22200599,1610612751,BKN,Brooklyn,1627732,Ben Simmons,Ben,G,,29:30,2.0,4.0,0.5,0.0,0.0,0.0,0.0,0.0,0.0,1.0,6.0,7.0,7.0,0.0,2.0,2.0,5.0,4.0,8.0
22200599,1610612751,BKN,Brooklyn,203933,T.J. Warren,T.J.,,,17:58,4.0,9.0,0.444,2.0,4.0,0.5,0.0,0.0,0.0,0.0,3.0,3.0,1.0,2.0,0.0,2.0,1.0,10.0,-16.0
22200599,1610612751,BKN,Brooklyn,203552,Seth Curry,Seth,,,24:20,6.0,9.0,0.667,1.0,3.0,0.333,1.0,1.0,1.0,0.0,3.0,3.0,0.0,1.0,1.0,1.0,2.0,14.0,-4.0
22200599,1610612751,BKN,Brooklyn,1629139,Yuta Watanabe,Yuta,,,18:34,1.0,1.0,1.0,1.0,1.0,1.0,0.0,0.0,0.0,0.0,2.0,2.0,0.0,2.0,0.0,2.0,1.0,3.0,4.0
22200599,1610612751,BKN,Brooklyn,203925,Joe Harris,Joe,,,13:28,2.0,2.0,1.0,0.0,0.0,0.0,0.0,0.0,0.0,0.0,2.0,2.0,0.0,0.0,0.0,0.0,4.0,4.0,6.0
22200599,1610612751,BKN,Brooklyn,201988,Patty Mills,Patty,,DNP - Coach's Decision,,,,,,,,,,,,,,,,,,,,
22200599,1610612751,BKN,Brooklyn,202693,Markieff Morris,Markieff,,DNP - Coach's Decision,,,,,,,,,,,,,,,,,,,,
22200599,1610612751,BKN,Brooklyn,1628410,Edmond Sumner,Edmond,,DNP - Coach's Decision,,,,,,,,,,,,,,,,,,,,
22200599,1610612751,BKN,Brooklyn,1630560,Cam Thomas,Cam,,DNP - Coach's Decision,,,,,,,,,,,,,,,,,,,,
22200599,1610612748,MIA,Miami,202710,Jimmy Butler III,Jimmy,F,,34:07,9.0,21.0,0.429,1.0,4.0,0.25,7.0,9.0,0.778,6.0,2.0,8.0,1.0,2.0,0.0,2.0,1.0,26.0,-3.0
22200599,1610612748,MIA,Miami,1629312,Haywood Highsmith,Haywood,F,,17:49,4.0,4.0,1.0,2.0,2.0,1.0,0.0,0.0,0.0,2.0,1.0,3.0,0.0,0.0,1.0,1.0,4.0,10.0,-14.0
22200599,1610612748,MIA,Miami,1628389,Bam Adebayo,Bam,C,,28:15,5.0,15.0,0.333,0.0,0.0,0.0,0.0,3.0,0.0,4.0,4.0,8.0,2.0,0.0,1.0,0.0,1.0,10.0,-25.0
22200599,1610612748,MIA,Miami,1629639,Tyler Herro,Tyler,G,,37:40,8.0,21.0,0.381,5.0,13.0,0.385,3.0,3.0,1.0,0.0,4.0,4.0,2.0,0.0,0.0,1.0,1.0,24.0,-8.0
22200599,1610612748,MIA,Miami,200768,Kyle Lowry,Kyle,G,,31:09,2.0,10.0,0.2,0.0,5.0,0.0,0.0,0.0,0.0,1.0,4.0,5.0,4.0,2.0,0.0,2.0,4.0,4.0,4.0
22200599,1610612748,MIA,Miami,203506,Victor Oladipo,Victor,,,26:30,2.0,10.0,0.2,2.0,7.0,0.286,2.0,2.0,1.0,0.0,2.0,2.0,6.0,3.0,1.0,0.0,5.0,8.0,8.0
22200599,1610612748,MIA,Miami,1631115,Orlando Robinson,Orlando,,,19:42,3.0,4.0,0.75,0.0,0.0,0.0,0.0,0.0,0.0,2.0,7.0,9.0,2.0,0.0,0.0,1.0,0.0,6.0,24.0
22200599,1610612748,MIA,Miami,1629622,Max Strus,Max,,,26:32,4.0,6.0,0.667,2.0,3.0,0.667,0.0,0.0,0.0,0.0,1.0,1.0,3.0,1.0,0.0,0.0,0.0,10.0,11.0
22200599,1610612748,MIA,Miami,1629216,Gabe Vincent,Gabe,,,18:16,1.0,1.0,1.0,1.0,1.0,1.0,0.0,0.0,0.0,1.0,0.0,1.0,2.0,0.0,1.0,4.0,1.0,3.0,-2.0
22200599,1610612748,MIA,Miami,1631288,Jamal Cain,Jamal,,DNP - Coach's Decision,,,,,,,,,,,,,,,,,,,,
22200599,1610612748,MIA,Miami,203473,Dewayne Dedmon,Dewayne,,DNP - Coach's Decision,,,,,,,,,,,,,,,,,,,,
22200599,1610612748,MIA,Miami,2617,Udonis Haslem,Udonis,,DNP - Coach's Decision,,,,,,,,,,,,,,,,,,,,
22200598,1610612766,CHA,Charlotte,1629023,P.J. Washington,P.J.,F,,36:18,8.0,17.0,0.471,2.0,6.0,0.333,4.0,4.0,1.0,2.0,3.0,5.0,3.0,2.0,0.0,2.0,4.0,22.0,-21.0
22200598,1610612766,CHA,Charlotte,1629667,Jalen McDaniels,Jalen,F,,34:09,7.0,14.0,0.5,2.0,5.0,0.4,1.0,2.0,0.5,2.0,4.0,6.0,1.0,1.0,1.0,4.0,3.0,17.0,-6.0
22200598,1610612766,CHA,Charlotte,203486,Mason Plumlee,Mason,C,,31:37,6.0,10.0,0.6,0.0,0.0,0.0,6.0,6.0,1.0,4.0,9.0,13.0,2.0,0.0,0.0,2.0,4.0,18.0,-10.0
22200598,1610612766,CHA,Charlotte,1626179,Terry Rozier,Terry,G,,36:16,5.0,15.0,0.333,2.0,9.0,0.222,7.0,8.0,0.875,2.0,4.0,6.0,6.0,2.0,0.0,7.0,1.0,19.0,-12.0
22200598,1610612766,CHA,Charlotte,1630163,LaMelo Ball,LaMelo,G,,24:31,5.0,12.0,0.417,3.0,8.0,0.375,0.0,0.0,0.0,0.0,2.0,2.0,8.0,0.0,0.0,1.0,6.0,13.0,-8.0
22200598,1610612766,CHA,Charlotte,1628372,Dennis Smith Jr.,Dennis,,,23:24,2.0,5.0,0.4,0.0,1.0,0.0,3.0,3.0,1.0,0.0,1.0,1.0,4.0,1.0,1.0,2.0,5.0,7.0,9.0
22200598,1610612766,CHA,Charlotte,1630550,JT Thor,JT,,,11:42,2.0,3.0,0.667,1.0,2.0,0.5,0.0,0.0,0.0,0.0,2.0,2.0,0.0,0.0,0.0,0.0,1.0,5.0,16.0
22200598,1610612766,CHA,Charlotte,1628998,Cody Martin,Cody,,,25:40,1.0,6.0,0.167,1.0,2.0,0.5,0.0,0.0,0.0,1.0,5.0,6.0,1.0,1.0,1.0,0.0,0.0,3.0,2.0
22200598,1610612766,CHA,Charlotte,1631109,Mark Williams,Mark,,,16:23,2.0,6.0,0.333,0.0,0.0,0.0,3.0,4.0,0.75,2.0,6.0,8.0,0.0,1.0,1.0,0.0,2.0,7.0,5.0
22200598,1610612766,CHA,Charlotte,1631121,Bryce McGowens,Bryce,,DNP - Coach's Decision,,,,,,,,,,,,,,,,,,,,
22200598,1610612766,CHA,Charlotte,1630208,Nick Richards,Nick,,DNP - Coach's Decision,,,,,,,,,,,,,,,,,,,,
22200598,1610612754,IND,Indiana,1627741,Buddy Hield,Buddy,F,,31:23,7.0,21.0,0.333,4.0,12.0,0.333,3.0,4.0,0.75,0.0,1.0,1.0,2.0,0.0,1.0,2.0,0.0,21.0,13.0
22200598,1610612754,IND,Indiana,1630174,Aaron Nesmith,Aaron,F,,31:17,5.0,7.0,0.714,0.0,2.0,0.0,5.0,7.0,0.714,1.0,5.0,6.0,2.0,4.0,0.0,1.0,4.0,15.0,12.0
22200598,1610612754,IND,Indiana,1626167,Myles Turner,Myles,C,,34:20,10.0,16.0,0.625,1.0,3.0,0.333,8.0,10.0,0.8,2.0,7.0,9.0,0.0,1.0,4.0,2.0,3.0,29.0,20.0
22200598,1610612754,IND,Indiana,1629614,Andrew Nembhard,Andrew,G,,31:54,7.0,11.0,0.636,4.0,5.0,0.8,1.0,1.0,1.0,0.0,0.0,0.0,4.0,4.0,1.0,4.0,4.0,19.0,25.0
22200598,1610612754,IND,Indiana,1630169,Tyrese Haliburton,Tyrese,G,,35:18,4.0,10.0,0.4,2.0,6.0,0.333,6.0,6.0,1.0,0.0,5.0,5.0,13.0,3.0,0.0,1.0,3.0,16.0,3.0
22200598,1610612754,IND,Indiana,204456,T.J. McConnell,T.J.,,,9:07,0.0,2.0,0.0,0.0,0.0,0.0,0.0,0.0,0.0,0.0,1.0,1.0,0.0,1.0,0.0,1.0,0.0,0.0,-6.0
22200598,1610612754,IND,Indiana,1631097,Bennedict Mathurin,Bennedict,,,26:03,1.0,9.0,0.111,0.0,3.0,0.0,2.0,3.0,0.667,1.0,4.0,5.0,3.0,0.0,1.0,2.0,2.0,4.0,-11.0
22200598,1610612754,IND,Indiana,1629052,Oshae Brissett,Oshae,,,23:00,2.0,6.0,0.333,1.0,4.0,0.25,0.0,0.0,0.0,3.0,7.0,10.0,0.0,1.0,0.0,2.0,2.0,5.0,-10.0
22200598,1610612754,IND,Indiana,1630537,Chris Duarte,Chris,,,3:58,0.0,2.0,0.0,0.0,2.0,0.0,0.0,0.0,0.0,0.0,2.0,2.0,1.0,0.0,0.0,0.0,0.0,0.0,-6.0
22200598,1610612754,IND,Indiana,1630188,Jalen Smith,Jalen,,,13:40,2.0,3.0,0.667,1.0,1.0,1.0,2.0,2.0,1.0,1.0,1.0,2.0,2.0,0.0,0.0,1.0,4.0,7.0,-15.0
22200598,1610612754,IND,Indiana,1629048,Goga Bitadze,Goga,,DNP - Coach's Decision,,,,,,,,,,,,,,,,,,,,
22200598,1610612754,IND,Indiana,1630543,Isaiah Jackson,Isaiah,,DNP - Coach's Decision,,,,,,,,,,,,,,,,,,,,
22200598,1610612754,IND,Indiana,201949,James Johnson,James,,DNP - Coach's Decision,,,,,,,,,,,,,,,,,,,,
22200598,1610612754,IND,Indiana,1630678,Terry Taylor,Terry,,DNP - Coach's Decision,,,,,,,,,,,,,,,,,,,,
22200604,1610612737,ATL,Atlanta,1629631,De'Andre Hunter,De'Andre,F,,35:14,8.0,13.0,0.615,1.0,2.0,0.5,3.0,3.0,1.0,2.0,2.0,4.0,2.0,2.0,0.0,0.0,3.0,20.0,-2.0
22200604,1610612737,ATL,Atlanta,1628381,John Collins,John,F,,30:53,6.0,10.0,0.6,1.0,3.0,0.333,0.0,0.0,0.0,0.0,9.0,9.0,0.0,0.0,3.0,0.0,4.0,13.0,0.0
22200604,1610612737,ATL,Atlanta,1630168,Onyeka Okongwu,Onyeka,C,,34:35,2.0,6.0,0.333,0.0,0.0,0.0,1.0,2.0,0.5,2.0,7.0,9.0,2.0,0.0,3.0,1.0,4.0,5.0,-4.0
22200604,1610612737,ATL,Atlanta,1627749,Dejounte Murray,Dejounte,G,,37:23,8.0,18.0,0.444,0.0,3.0,0.0,0.0,0.0,0.0,1.0,4.0,5.0,4.0,1.0,0.0,2.0,0.0,16.0,0.0
22200604,1610612737,ATL,Atlanta,1629027,Trae Young,Trae,G,,34:30,9.0,17.0,0.529,3.0,6.0,0.5,9.0,9.0,1.0,0.0,2.0,2.0,8.0,1.0,0.0,4.0,3.0,30.0,11.0
22200604,1610612737,ATL,Atlanta,203992,Bogdan Bogdanović,Bogdan,,,25:57,2.0,13.0,0.154,0.0,7.0,0.0,0.0,0.0,0.0,0.0,4.0,4.0,5.0,1.0,0.0,1.0,1.0,4.0,5.0
22200604,1610612737,ATL,Atlanta,1628988,Aaron Holiday,Aaron,,,4:01,0.0,1.0,0.0,0.0,1.0,0.0,0.0,0.0,0.0,0.0,1.0,1.0,0.0,0.0,1.0,0.0,0.0,0.0,4.0
22200604,1610612737,ATL,Atlanta,1630552,Jalen Johnson,Jalen,,,15:20,5.0,6.0,0.833,2.0,3.0,0.667,1.0,2.0,0.5,0.0,4.0,4.0,0.0,2.0,1.0,1.0,1.0,13.0,-1.0
22200604,1610612737,ATL,Atlanta,1626163,Frank Kaminsky,Frank,,,11:14,1.0,2.0,0.5,0.0,0.0,0.0,2.0,4.0,0.5,2.0,3.0,5.0,1.0,0.0,0.0,0.0,2.0,4.0,4.0
22200604,1610612737,ATL,Atlanta,1631100,AJ Griffin,AJ,,,10:53,3.0,3.0,1.0,1.0,1.0,1.0,0.0,0.0,0.0,0.0,0.0,0.0,0.0,0.0,1.0,0.0,0.0,7.0,3.0
22200604,1610612737,ATL,Atlanta,203200,Justin Holiday,Justin,,DNP - Coach's Decision,,,,,,,,,,,,,,,,,,,,
22200604,1610612737,ATL,Atlanta,1630249,Vít Krejčí,Vít,,DNP - Coach's Decision,,,,,,,,,,,,,,,,,,,,
22200604,1610612746,LAC,LA,201587,Nicolas Batum,Nicolas,F,,28:47,2.0,6.0,0.333,1.0,5.0,0.2,1.0,2.0,0.5,1.0,4.0,5.0,3.0,0.0,1.0,2.0,5.0,6.0,9.0
22200604,1610612746,LAC,LA,202694,Marcus Morris Sr.,Marcus,F,,29:56,6.0,16.0,0.375,3.0,10.0,0.3,0.0,0.0,0.0,0.0,6.0,6.0,2.0,2.0,1.0,2.0,2.0,15.0,4.0
22200604,1610612746,LAC,LA,1627826,Ivica Zubac,Ivica,C,,37:39,6.0,9.0,0.667,0.0,0.0,0.0,5.0,6.0,0.833,8.0,10.0,18.0,3.0,0.0,1.0,2.0,4.0,17.0,6.0
22200604,1610612746,LAC,LA,202695,Kawhi Leonard,Kawhi,G,,38:26,9.0,23.0,0.391,2.0,4.0,0.5,9.0,10.0,0.9,2.0,5.0,7.0,4.0,2.0,0.0,0.0,2.0,29.0,4.0
22200604,1610612746,LAC,LA,1629611,Terance Mann,Terance,G,,34:45,5.0,11.0,0.455,1.0,2.0,0.5,3.0,3.0,1.0,7.0,1.0,8.0,4.0,2.0,0.0,1.0,1.0,14.0,-4.0
22200604,1610612746,LAC,LA,1626181,Norman Powell,Norman,,,31:13,3.0,13.0,0.231,2.0,5.0,0.4,6.0,8.0,0.75,1.0,2.0,3.0,4.0,0.0,0.0,1.0,2.0,14.0,-12.0
22200604,1610612746,LAC,LA,202322,John Wall,John,,,21:53,2.0,8.0,0.25,1.0,3.0,0.333,0.0,0.0,0.0,0.0,2.0,2.0,5.0,0.0,1.0,2.0,2.0,5.0,-6.0
22200604,1610612746,LAC,LA,202704,Reggie Jackson,Reggie,,,7:40,0.0,2.0,0.0,0.0,1.0,0.0,0.0,0.0,0.0,0.0,0.0,0.0,0.0,0.0,0.0,0.0,0.0,0.0,-13.0
22200604,1610612746,LAC,LA,1629650,Moses Brown,Moses,,,9:41,4.0,7.0,0.571,0.0,0.0,0.0,0.0,2.0,0.0,2.0,8.0,10.0,0.0,0.0,1.0,1.0,1.0,8.0,-8.0
22200604,1610612746,LAC,LA,1630527,Brandon Boston,Brandon,,DNP - Coach's Decision,,,,,,,,,,,,,,,,,,,,
22200604,1610612746,LAC,LA,1629599,Amir Coffey,Amir,,DNP - Coach's Decision,,,,,,,,,,,,,,,,,,,,
22200604,1610612746,LAC,LA,203496,Robert Covington,Robert,,DNP - Coach's Decision,,,,,,,,,,,,,,,,,,,,
22200604,1610612746,LAC,LA,1630554,Jason Preston,Jason,,DNP - Coach's Decision,,,,,,,,,,,,,,,,,,,,
22200602,1610612742,DAL,Dallas,203493,Reggie Bullock Jr.,Reggie,F,,32:58,3.0,7.0,0.429,3.0,6.0,0.5,0.0,0.0,0.0,1.0,1.0,2.0,3.0,0.0,0.0,0.0,0.0,9.0,-2.0
22200602,1610612742,DAL,Dallas,1626174,Christian Wood,Christian,F,,38:48,8.0,13.0,0.615,1.0,5.0,0.2,10.0,12.0,0.833,3.0,13.0,16.0,2.0,0.0,0.0,4.0,3.0,27.0,1.0
22200602,1610612742,DAL,Dallas,203939,Dwight Powell,Dwight,C,,25:27,0.0,0.0,0.0,0.0,0.0,0.0,6.0,8.0,0.75,2.0,5.0,7.0,2.0,0.0,0.0,0.0,1.0,6.0,-11.0
22200602,1610612742,DAL,Dallas,203501,Tim Hardaway Jr.,Tim,G,,33:40,6.0,18.0,0.333,4.0,10.0,0.4,3.0,4.0,0.75,0.0,5.0,5.0,2.0,0.0,0.0,0.0,3.0,19.0,-17.0
22200602,1610612742,DAL,Dallas,203915,Spencer Dinwiddie,Spencer,G,,35:47,6.0,16.0,0.375,1.0,5.0,0.2,8.0,10.0,0.8,1.0,2.0,3.0,8.0,1.0,0.0,4.0,2.0,21.0,-2.0
22200602,1610612742,DAL,Dallas,1630702,Jaden Hardy,Jaden,,,27:14,2.0,8.0,0.25,1.0,5.0,0.2,4.0,6.0,0.667,0.0,2.0,2.0,3.0,0.0,0.0,2.0,5.0,9.0,3.0
22200602,1610612742,DAL,Dallas,1628373,Frank Ntilikina,Frank,,,11:41,2.0,2.0,1.0,0.0,0.0,0.0,2.0,2.0,1.0,0.0,1.0,1.0,0.0,2.0,1.0,1.0,3.0,6.0,-2.0
22200602,1610612742,DAL,Dallas,1630593,McKinley Wright IV,McKinley,,,8:39,0.0,1.0,0.0,0.0,0.0,0.0,0.0,0.0,0.0,0.0,0.0,0.0,0.0,0.0,0.0,1.0,2.0,0.0,-15.0
22200602,1610612742,DAL,Dallas,202722,Dāvis Bertāns,Dāvis,,,11:53,3.0,5.0,0.6,3.0,5.0,0.6,0.0,0.0,0.0,1.0,1.0,2.0,0.0,0.0,0.0,0.0,0.0,9.0,-4.0
22200602,1610612742,DAL,Dallas,201580,JaVale McGee,JaVale,,,5:06,0.0,0.0,0.0,0.0,0.0,0.0,0.0,0.0,0.0,0.0,1.0,1.0,1.0,0.0,0.0,0.0,0.0,0.0,-2.0
22200602,1610612742,DAL,Dallas,1629033,Theo Pinson,Theo,,,6:52,1.0,2.0,0.5,1.0,2.0,0.5,0.0,0.0,0.0,0.0,0.0,0.0,0.0,0.0,0.0,0.0,0.0,3.0,-3.0
22200602,1610612742,DAL,Dallas,1630639,A.J. Lawson,A.J.,,,1:55,0.0,1.0,0.0,0.0,1.0,0.0,0.0,0.0,0.0,0.0,0.0,0.0,0.0,0.0,0.0,0.0,0.0,0.0,-1.0
22200602,1610612760,OKC,Oklahoma City,1629652,Luguentz Dort,Luguentz,F,,30:28,7.0,20.0,0.35,3.0,8.0,0.375,1.0,2.0,0.5,0.0,5.0,5.0,1.0,1.0,0.0,0.0,2.0,18.0,6.0
22200602,1610612760,OKC,Oklahoma City,1631114,Jalen Williams,Jalen,F,,24:55,5.0,11.0,0.455,0.0,2.0,0.0,0.0,0.0,0.0,2.0,2.0,4.0,2.0,0.0,3.0,1.0,1.0,10.0,-14.0
22200602,1610612760,OKC,Oklahoma City,1629026,Kenrich Williams,Kenrich,C,,24:48,6.0,9.0,0.667,2.0,3.0,0.667,0.0,0.0,0.0,5.0,5.0,10.0,2.0,1.0,0.0,0.0,2.0,14.0,-12.0
22200602,1610612760,OKC,Oklahoma City,1630581,Josh Giddey,Josh,G,,26:07,4.0,12.0,0.333,2.0,4.0,0.5,0.0,0.0,0.0,0.0,5.0,5.0,5.0,0.0,0.0,1.0,5.0,10.0,3.0
22200602,1610612760,OKC,Oklahoma City,1628983,Shai Gilgeous-Alexander,Shai,G,,36:15,11.0,17.0,0.647,0.0,1.0,0.0,11.0,13.0,0.846,0.0,5.0,5.0,5.0,1.0,2.0,3.0,5.0,33.0,7.0
22200602,1610612760,OKC,Oklahoma City,1630647,Eugene Omoruyi,Eugene,,,18:33,3.0,6.0,0.5,0.0,0.0,0.0,0.0,0.0,0.0,2.0,1.0,3.0,0.0,0.0,0.0,0.0,2.0,6.0,18.0
22200602,1610612760,OKC,Oklahoma City,1630198,Isaiah Joe,Isaiah,,,16:59,1.0,3.0,0.333,0.0,0.0,0.0,3.0,3.0,1.0,0.0,4.0,4.0,2.0,0.0,0.0,0.0,4.0,5.0,1.0
22200602,1610612760,OKC,Oklahoma City,1630322,Lindy Waters III,Lindy,,,20:59,3.0,6.0,0.5,2.0,4.0,0.5,0.0,0.0,0.0,1.0,3.0,4.0,1.0,1.0,2.0,0.0,0.0,8.0,15.0
22200602,1610612760,OKC,Oklahoma City,1630544,Tre Mann,Tre,,,14:14,3.0,4.0,0.75,0.0,1.0,0.0,0.0,0.0,0.0,0.0,2.0,2.0,3.0,1.0,0.0,2.0,1.0,6.0,15.0
22200602,1610612760,OKC,Oklahoma City,203488,Mike Muscala,Mike,,,10:49,1.0,2.0,0.5,1.0,2.0,0.5,1.0,2.0,0.5,1.0,2.0,3.0,1.0,0.0,1.0,1.0,2.0,4.0,10.0
22200602,1610612760,OKC,Oklahoma City,1630598,Aaron Wiggins,Aaron,,,15:55,2.0,5.0,0.4,2.0,3.0,0.667,0.0,0.0,0.0,2.0,1.0,3.0,5.0,0.0,0.0,0.0,2.0,6.0,6.0
22200602,1610612760,OKC,Oklahoma City,1629647,Darius Bazley,Darius,,DNP - Coach's Decision,,,,,,,,,,,,,,,,,,,,
22200602,1610612760,OKC,Oklahoma City,1631119,Jaylin Williams,Jaylin,,DNP - Coach's Decision,,,,,,,,,,,,,,,,,,,,
22200603,1610612739,CLE,Cleveland,1630171,Isaac Okoro,Isaac,F,,23:13,5.0,9.0,0.556,4.0,6.0,0.667,0.0,2.0,0.0,0.0,3.0,3.0,0.0,0.0,0.0,1.0,2.0,14.0,-11.0
22200603,1610612739,CLE,Cleveland,1630596,Evan Mobley,Evan,F,,34:26,7.0,10.0,0.7,0.0,0.0,0.0,0.0,0.0,0.0,0.0,8.0,8.0,6.0,0.0,1.0,3.0,0.0,14.0,13.0
22200603,1610612739,CLE,Cleveland,1628386,Jarrett Allen,Jarrett,C,,28:49,6.0,7.0,0.857,0.0,0.0,0.0,1.0,2.0,0.5,2.0,10.0,12.0,5.0,1.0,2.0,0.0,0.0,13.0,4.0
22200603,1610612739,CLE,Cleveland,1628378,Donovan Mitchell,Donovan,G,,29:46,7.0,12.0,0.583,2.0,7.0,0.286,6.0,6.0,1.0,0.0,2.0,2.0,2.0,1.0,1.0,4.0,4.0,22.0,3.0
22200603,1610612739,CLE,Cleveland,1629636,Darius Garland,Darius,G,,34:33,8.0,17.0,0.471,2.0,5.0,0.4,4.0,5.0,0.8,0.0,2.0,2.0,7.0,2.0,0.0,2.0,1.0,22.0,22.0
22200603,1610612739,CLE,Cleveland,201567,Kevin Love,Kevin,,,17:55,2.0,7.0,0.286,0.0,5.0,0.0,0.0,0.0,0.0,0.0,4.0,4.0,0.0,0.0,0.0,0.0,0.0,4.0,6.0
22200603,1610612739,CLE,Cleveland,1627747,Caris LeVert,Caris,,,28:22,6.0,10.0,0.6,1.0,3.0,0.333,0.0,0.0,0.0,0.0,1.0,1.0,7.0,3.0,0.0,1.0,1.0,13.0,28.0
22200603,1610612739,CLE,Cleveland,1626224,Cedi Osman,Cedi,,,13:44,1.0,2.0,0.5,1.0,2.0,0.5,0.0,2.0,0.0,0.0,0.0,0.0,0.0,0.0,0.0,1.0,4.0,3.0,-6.0
22200603,1610612739,CLE,Cleveland,1630205,Lamar Stevens,Lamar,,,15:26,1.0,2.0,0.5,0.0,0.0,0.0,0.0,0.0,0.0,0.0,6.0,6.0,0.0,0.0,1.0,1.0,0.0,2.0,10.0
22200603,1610612739,CLE,Cleveland,203526,Raul Neto,Raul,,,11:07,1.0,1.0,1.0,1.0,1.0,1.0,0.0,0.0,0.0,1.0,0.0,1.0,2.0,1.0,0.0,0.0,0.0,3.0,9.0
22200603,1610612739,CLE,Cleveland,1629603,Mamadi Diakite,Mamadi,,,2:39,1.0,1.0,1.0,0.0,0.0,0.0,0.0,0.0,0.0,0.0,0.0,0.0,0.0,0.0,0.0,1.0,0.0,2.0,-8.0
22200603,1610612739,CLE,Cleveland,201577,Robin Lopez,Robin,,DNP - Coach's Decision,,,,,,,,,,,,,,,,,,,,
22200603,1610612756,PHX,Phoenix,1628470,Torrey Craig,Torrey,F,,23:40,2.0,6.0,0.333,1.0,3.0,0.333,0.0,0.0,0.0,2.0,4.0,6.0,1.0,1.0,0.0,2.0,1.0,5.0,-3.0
22200603,1610612756,PHX,Phoenix,203967,Dario Šarić,Dario,F,,26:05,1.0,3.0,0.333,1.0,2.0,0.5,0.0,0.0,0.0,0.0,4.0,4.0,2.0,2.0,0.0,2.0,2.0,3.0,-5.0
22200603,1610612756,PHX,Phoenix,1629028,Deandre Ayton,Deandre,C,,29:52,6.0,16.0,0.375,0.0,0.0,0.0,2.0,2.0,1.0,3.0,8.0,11.0,6.0,0.0,1.0,0.0,2.0,14.0,-5.0
22200603,1610612756,PHX,Phoenix,1628969,Mikal Bridges,Mikal,G,,38:01,7.0,10.0,0.7,1.0,1.0,1.0,0.0,0.0,0.0,0.0,2.0,2.0,3.0,2.0,0.0,2.0,1.0,15.0,-10.0
22200603,1610612756,PHX,Phoenix,1629013,Landry Shamet,Landry,G,,33:07,4.0,14.0,0.286,3.0,7.0,0.429,0.0,0.0,0.0,0.0,2.0,2.0,3.0,1.0,0.0,0.0,2.0,11.0,-18.0
22200603,1610612756,PHX,Phoenix,1630613,Duane Washington Jr.,Duane,,,25:03,9.0,18.0,0.5,5.0,6.0,0.833,2.0,3.0,0.667,0.0,1.0,1.0,3.0,0.0,0.0,4.0,1.0,25.0,-4.0
22200603,1610612756,PHX,Phoenix,1627814,Damion Lee,Damion,,,25:45,1.0,4.0,0.25,1.0,2.0,0.5,4.0,4.0,1.0,0.0,3.0,3.0,0.0,0.0,0.0,1.0,1.0,7.0,-17.0
22200603,1610612756,PHX,Phoenix,1630688,Ish Wainright,Ish,,,11:00,0.0,1.0,0.0,0.0,1.0,0.0,0.0,0.0,0.0,0.0,1.0,1.0,1.0,0.0,0.0,3.0,3.0,0.0,-4.0
22200603,1610612756,PHX,Phoenix,1629006,Josh Okogie,Josh,,,9:20,1.0,2.0,0.5,0.0,1.0,0.0,2.0,2.0,1.0,0.0,1.0,1.0,1.0,0.0,0.0,0.0,0.0,4.0,5.0
22200603,1610612756,PHX,Phoenix,1629111,Jock Landale,Jock,,,18:08,6.0,10.0,0.6,2.0,3.0,0.667,0.0,0.0,0.0,1.0,4.0,5.0,2.0,1.0,1.0,2.0,1.0,14.0,-9.0
22200603,1610612756,PHX,Phoenix,202687,Bismack Biyombo,Bismack,,DNP - Coach's Decision,,,,,,,,,,,,,,,,,,,,
22200597,1610612757,POR,Portland,1628404,Josh Hart,Josh,F,,39:01,7.0,12.0,0.583,1.0,3.0,0.333,3.0,3.0,1.0,1.0,7.0,8.0,3.0,1.0,0.0,3.0,4.0,18.0,6.0
22200597,1610612757,POR,Portland,203924,Jerami Grant,Jerami,F,,39:36,4.0,11.0,0.364,1.0,6.0,0.167,5.0,6.0,0.833,2.0,3.0,5.0,0.0,1.0,1.0,0.0,2.0,14.0,-5.0
22200597,1610612757,POR,Portland,203994,Jusuf Nurkić,Jusuf,C,,37:53,5.0,9.0,0.556,0.0,2.0,0.0,4.0,6.0,0.667,4.0,14.0,18.0,4.0,1.0,1.0,4.0,4.0,14.0,-7.0
22200597,1610612757,POR,Portland,1629014,Anfernee Simons,Anfernee,G,,42:12,6.0,14.0,0.429,3.0,9.0,0.333,7.0,8.0,0.875,0.0,0.0,0.0,2.0,0.0,0.0,4.0,5.0,22.0,-13.0
22200597,1610612757,POR,Portland,203081,Damian Lillard,Damian,G,,40:42,11.0,23.0,0.478,3.0,7.0,0.429,9.0,12.0,0.75,1.0,3.0,4.0,8.0,2.0,1.0,7.0,2.0,34.0,4.0
22200597,1610612757,POR,Portland,1631101,Shaedon Sharpe,Shaedon,,,13:46,1.0,3.0,0.333,1.0,1.0,1.0,0.0,0.0,0.0,0.0,0.0,0.0,1.0,0.0,0.0,2.0,4.0,3.0,-17.0
22200597,1610612757,POR,Portland,1631133,Jabari Walker,Jabari,,,10:05,0.0,0.0,0.0,0.0,0.0,0.0,0.0,0.0,0.0,2.0,1.0,3.0,1.0,0.0,1.0,1.0,1.0,0.0,-9.0
22200597,1610612757,POR,Portland,1629234,Drew Eubanks,Drew,,,9:27,0.0,0.0,0.0,0.0,0.0,0.0,0.0,2.0,0.0,0.0,2.0,2.0,0.0,0.0,0.0,1.0,0.0,0.0,-3.0
22200597,1610612757,POR,Portland,1630553,Keon Johnson,Keon,,,4:26,0.0,2.0,0.0,0.0,1.0,0.0,0.0,0.0,0.0,0.0,1.0,1.0,0.0,0.0,0.0,0.0,1.0,0.0,-15.0
22200597,1610612757,POR,Portland,1630570,Trendon Watford,Trendon,,,2:52,0.0,2.0,0.0,0.0,1.0,0.0,0.0,0.0,0.0,0.0,1.0,1.0,0.0,0.0,0.0,0.0,1.0,0.0,-1.0
22200597,1610612757,POR,Portland,1630535,Greg Brown III,Greg,,DNP - Coach's Decision,,,,,,,,,,,,,,,,,,,,
22200597,1610612757,POR,Portland,1631219,John Butler Jr.,John,,DNP - Coach's Decision,,,,,,,,,,,,,,,,,,,,
22200597,1610612761,TOR,Toronto,1628384,OG Anunoby,OG,F,,33:49,4.0,11.0,0.364,2.0,4.0,0.5,4.0,4.0,1.0,3.0,2.0,5.0,2.0,4.0,1.0,2.0,6.0,14.0,1.0
22200597,1610612761,TOR,Toronto,1630567,Scottie Barnes,Scottie,F,,29:05,7.0,12.0,0.583,1.0,3.0,0.333,7.0,8.0,0.875,3.0,6.0,9.0,4.0,3.0,2.0,1.0,3.0,22.0,9.0
22200597,1610612761,TOR,Toronto,1627783,Pascal Siakam,Pascal,C,,38:05,8.0,19.0,0.421,2.0,4.0,0.5,9.0,11.0,0.818,2.0,2.0,4.0,6.0,2.0,1.0,4.0,3.0,27.0,11.0
22200597,1610612761,TOR,Toronto,1629018,Gary Trent Jr.,Gary,G,,36:19,6.0,16.0,0.375,2.0,4.0,0.5,5.0,6.0,0.833,1.0,3.0,4.0,1.0,2.0,1.0,2.0,2.0,19.0,3.0
22200597,1610612761,TOR,Toronto,1627832,Fred VanVleet,Fred,G,,34:54,5.0,12.0,0.417,4.0,9.0,0.444,0.0,0.0,0.0,0.0,6.0,6.0,7.0,0.0,0.0,0.0,4.0,14.0,12.0
22200597,1610612761,TOR,Toronto,1627823,Juancho Hernangomez,Juancho,,,11:41,0.0,1.0,0.0,0.0,1.0,0.0,0.0,0.0,0.0,0.0,0.0,0.0,0.0,1.0,0.0,0.0,1.0,0.0,9.0
22200597,1610612761,TOR,Toronto,1631132,Christian Koloko,Christian,,,13:18,4.0,5.0,0.8,0.0,0.0,0.0,0.0,0.0,0.0,2.0,2.0,4.0,2.0,0.0,0.0,0.0,5.0,8.0,20.0
22200597,1610612761,TOR,Toronto,1630173,Precious Achiuwa,Precious,,,10:41,2.0,6.0,0.333,0.0,2.0,0.0,0.0,0.0,0.0,0.0,2.0,2.0,0.0,0.0,1.0,0.0,0.0,4.0,-4.0
22200597,1610612761,TOR,Toronto,1628449,Chris Boucher,Chris,,,9:55,1.0,1.0,1.0,1.0,1.0,1.0,0.0,0.0,0.0,0.0,1.0,1.0,0.0,0.0,1.0,1.0,1.0,3.0,1.0
22200597,1610612761,TOR,Toronto,1630201,Malachi Flynn,Malachi,,,12:47,1.0,3.0,0.333,0.0,2.0,0.0,0.0,0.0,0.0,0.0,0.0,0.0,3.0,0.0,0.0,0.0,2.0,2.0,2.0
22200597,1610612761,TOR,Toronto,201152,Thaddeus Young,Thaddeus,,,9:26,2.0,5.0,0.4,0.0,1.0,0.0,0.0,0.0,0.0,2.0,4.0,6.0,1.0,0.0,1.0,0.0,1.0,4.0,-4.0
22200597,1610612761,TOR,Toronto,203920,Khem Birch,Khem,,DNP - Coach's Decision,,,,,,,,,,,,,,,,,,,,
22200597,1610612761,TOR,Toronto,1630288,Jeff Dowtin Jr.,Jeff,,DNP - Coach's Decision,,,,,,,,,,,,,,,,,,,,
22200597,1610612761,TOR,Toronto,1630580,Joe Wieskamp,Joe,,DNP - Coach's Decision,,,,,,,,,,,,,,,,,,,,
22200600,1610612762,UTA,Utah,1628374,Lauri Markkanen,Lauri,F,,29:18,8.0,18.0,0.444,1.0,4.0,0.25,4.0,4.0,1.0,1.0,7.0,8.0,1.0,0.0,2.0,1.0,1.0,21.0,0.0
22200600,1610612762,UTA,Utah,203482,Kelly Olynyk,Kelly,F,,29:24,7.0,9.0,0.778,4.0,6.0,0.667,1.0,1.0,1.0,0.0,8.0,8.0,5.0,0.0,0.0,5.0,4.0,19.0,-10.0
22200600,1610612762,UTA,Utah,1629020,Jarred Vanderbilt,Jarred,C,,24:26,3.0,6.0,0.5,0.0,1.0,0.0,6.0,10.0,0.6,1.0,7.0,8.0,4.0,0.0,0.0,3.0,4.0,12.0,1.0
22200600,1610612762,UTA,Utah,203903,Jordan Clarkson,Jordan,G,,27:39,6.0,12.0,0.5,2.0,5.0,0.4,3.0,3.0,1.0,0.0,2.0,2.0,3.0,2.0,0.0,3.0,2.0,17.0,-12.0
22200600,1610612762,UTA,Utah,201144,Mike Conley,Mike,G,,28:07,3.0,9.0,0.333,0.0,2.0,0.0,1.0,1.0,1.0,0.0,0.0,0.0,8.0,1.0,0.0,3.0,2.0,7.0,-4.0
22200600,1610612762,UTA,Utah,1631117,Walker Kessler,Walker,,,23:28,5.0,7.0,0.714,0.0,0.0,0.0,0.0,0.0,0.0,3.0,8.0,11.0,1.0,0.0,6.0,1.0,1.0,10.0,-6.0
22200600,1610612762,UTA,Utah,1629638,Nickeil Alexander-Walker,Nickeil,,,16:41,4.0,5.0,0.8,1.0,1.0,1.0,2.0,2.0,1.0,0.0,2.0,2.0,4.0,2.0,1.0,2.0,4.0,11.0,6.0
22200600,1610612762,UTA,Utah,200752,Rudy Gay,Rudy,,,13:01,3.0,5.0,0.6,0.0,2.0,0.0,0.0,0.0,0.0,2.0,0.0,2.0,0.0,0.0,0.0,0.0,0.0,6.0,5.0
22200600,1610612762,UTA,Utah,1627736,Malik Beasley,Malik,,,26:38,6.0,15.0,0.4,2.0,9.0,0.222,1.0,1.0,1.0,0.0,2.0,2.0,3.0,2.0,0.0,1.0,0.0,15.0,1.0
22200600,1610612762,UTA,Utah,1630534,Ochai Agbaji,Ochai,,,21:19,0.0,2.0,0.0,0.0,2.0,0.0,0.0,0.0,0.0,1.0,2.0,3.0,0.0,0.0,0.0,1.0,0.0,0.0,-6.0
22200600,1610612762,UTA,Utah,1628962,Udoka Azubuike,Udoka,,DNP - Coach's Decision,,,,,,,,,,,,,,,,,,,,
22200600,1610612762,UTA,Utah,1630195,Leandro Bolmaro,Leandro,,DNP - Coach's Decision,,,,,,,,,,,,,,,,,,,,
22200600,1610612762,UTA,Utah,1631323,Simone Fontecchio,Simone,,DND - Injury/Illness,,,,,,,,,,,,,,,,,,,,
22200600,1610612763,MEM,Memphis,1628415,Dillon Brooks,Dillon,F,,32:11,6.0,18.0,0.333,2.0,7.0,0.286,1.0,2.0,0.5,1.0,2.0,3.0,2.0,0.0,0.0,0.0,3.0,15.0,5.0
22200600,1610612763,MEM,Memphis,1628991,Jaren Jackson Jr.,Jaren,F,,28:32,8.0,17.0,0.471,2.0,5.0,0.4,1.0,2.0,0.5,3.0,5.0,8.0,0.0,3.0,5.0,2.0,6.0,19.0,-5.0
22200600,1610612763,MEM,Memphis,1630214,Xavier Tillman,Xavier,C,,32:33,4.0,8.0,0.5,0.0,1.0,0.0,1.0,3.0,0.333,3.0,6.0,9.0,3.0,3.0,0.0,1.0,4.0,9.0,-1.0
22200600,1610612763,MEM,Memphis,1630217,Desmond Bane,Desmond,G,,30:44,8.0,18.0,0.444,4.0,7.0,0.571,4.0,6.0,0.667,1.0,5.0,6.0,9.0,2.0,1.0,3.0,0.0,24.0,-3.0
22200600,1610612763,MEM,Memphis,1626145,Tyus Jones,Tyus,G,,33:59,7.0,15.0,0.467,2.0,6.0,0.333,5.0,5.0,1.0,0.0,2.0,2.0,6.0,4.0,0.0,1.0,1.0,21.0,5.0
22200600,1610612763,MEM,Memphis,1630583,Santi Aldama,Santi,,,17:18,5.0,10.0,0.5,2.0,4.0,0.5,0.0,0.0,0.0,4.0,1.0,5.0,2.0,0.0,1.0,0.0,1.0,12.0,10.0
22200600,1610612763,MEM,Memphis,1629723,John Konchar,John,,,15:36,1.0,3.0,0.333,1.0,2.0,0.5,2.0,2.0,1.0,0.0,0.0,0.0,1.0,1.0,0.0,1.0,1.0,5.0,12.0
22200600,1610612763,MEM,Memphis,1630533,Ziaire Williams,Ziaire,,,17:50,3.0,7.0,0.429,1.0,4.0,0.25,2.0,2.0,1.0,0.0,2.0,2.0,0.0,1.0,0.0,0.0,1.0,9.0,-5.0
22200600,1610612763,MEM,Memphis,1631223,David Roddy,David,,,17:16,3.0,4.0,0.75,1.0,2.0,0.5,0.0,0.0,0.0,0.0,3.0,3.0,1.0,1.0,0.0,1.0,0.0,7.0,7.0
22200600,1610612763,MEM,Memphis,1631113,Kennedy Chandler,Kennedy,,,14:01,1.0,2.0,0.5,0.0,0.0,0.0,0.0,0.0,0.0,1.0,0.0,1.0,4.0,1.0,0.0,1.0,2.0,2.0,0.0
22200600,1610612763,MEM,Memphis,1631246,Vince Williams Jr.,Vince,,DNP - Coach's Decision,,,,,,,,,,,,,,,,,,,,
22200594,1610612753,ORL,Orlando,1630532,Franz Wagner,Franz,F,,34:48,9.0,16.0,0.563,3.0,7.0,0.429,3.0,5.0,0.6,0.0,2.0,2.0,2.0,1.0,0.0,2.0,3.0,24.0,14.0
22200594,1610612753,ORL,Orlando,1631094,Paolo Banchero,Paolo,F,,31:18,9.0,20.0,0.45,4.0,9.0,0.444,3.0,4.0,0.75,1.0,4.0,5.0,3.0,1.0,0.0,2.0,1.0,25.0,7.0
22200594,1610612753,ORL,Orlando,1628976,Wendell Carter Jr.,Wendell,C,,30:43,6.0,9.0,0.667,1.0,2.0,0.5,0.0,0.0,0.0,1.0,9.0,10.0,3.0,0.0,0.0,2.0,2.0,13.0,12.0
22200594,1610612753,ORL,Orlando,203914,Gary Harris,Gary,G,,23:49,1.0,5.0,0.2,1.0,2.0,0.5,0.0,0.0,0.0,0.0,3.0,3.0,2.0,1.0,0.0,0.0,3.0,3.0,6.0
22200594,1610612753,ORL,Orlando,1628365,Markelle Fultz,Markelle,G,,30:56,8.0,16.0,0.5,0.0,2.0,0.0,0.0,1.0,0.0,1.0,4.0,5.0,7.0,6.0,0.0,2.0,0.0,16.0,7.0
22200594,1610612753,ORL,Orlando,1630175,Cole Anthony,Cole,,,30:07,6.0,9.0,0.667,2.0,4.0,0.5,2.0,3.0,0.667,1.0,6.0,7.0,5.0,1.0,0.0,1.0,1.0,16.0,7.0
22200594,1610612753,ORL,Orlando,1630591,Jalen Suggs,Jalen,,,15:47,2.0,4.0,0.5,0.0,2.0,0.0,5.0,7.0,0.714,1.0,2.0,3.0,0.0,0.0,2.0,0.0,2.0,9.0,5.0
22200594,1610612753,ORL,Orlando,1629021,Moritz Wagner,Moritz,,,17:17,1.0,4.0,0.25,1.0,2.0,0.5,1.0,4.0,0.25,2.0,3.0,5.0,1.0,1.0,0.0,1.0,2.0,4.0,2.0
22200594,1610612753,ORL,Orlando,203082,Terrence Ross,Terrence,,,23:04,2.0,3.0,0.667,1.0,1.0,1.0,0.0,0.0,0.0,0.0,4.0,4.0,3.0,1.0,0.0,0.0,0.0,5.0,12.0
22200594,1610612753,ORL,Orlando,1631216,Caleb Houstan,Caleb,,,2:11,0.0,1.0,0.0,0.0,1.0,0.0,0.0,0.0,0.0,0.0,0.0,0.0,0.0,0.0,0.0,0.0,0.0,0.0,-2.0
22200594,1610612753,ORL,Orlando,1628964,Mo Bamba,Mo,,DNP - Coach's Decision,,,,,,,,,,,,,,,,,,,,
22200594,1610612744,GSW,Golden State,203952,Andrew Wiggins,Andrew,F,,19:05,4.0,12.0,0.333,2.0,7.0,0.286,2.0,2.0,1.0,0.0,3.0,3.0,2.0,1.0,0.0,3.0,3.0,12.0,-22.0
22200594,1610612744,GSW,Golden State,203110,Draymond Green,Draymond,F,,32:30,2.0,6.0,0.333,1.0,5.0,0.2,0.0,2.0,0.0,0.0,5.0,5.0,6.0,0.0,0.0,3.0,4.0,5.0,-3.0
22200594,1610612744,GSW,Golden State,1626172,Kevon Looney,Kevon,C,,25:38,2.0,2.0,1.0,0.0,0.0,0.0,3.0,4.0,0.75,5.0,7.0,12.0,2.0,1.0,0.0,1.0,2.0,7.0,-18.0
22200594,1610612744,GSW,Golden State,1628978,Donte DiVincenzo,Donte,G,,35:22,5.0,12.0,0.417,5.0,11.0,0.455,0.0,0.0,0.0,1.0,7.0,8.0,3.0,2.0,0.0,1.0,0.0,15.0,-4.0
22200594,1610612744,GSW,Golden State,1629673,Jordan Poole,Jordan,G,,38:09,5.0,17.0,0.294,2.0,11.0,0.182,9.0,10.0,0.9,0.0,4.0,4.0,6.0,0.0,1.0,4.0,1.0,21.0,-3.0
22200594,1610612744,GSW,Golden State,1630237,Anthony Lamb,Anthony,,,33:01,9.0,20.0,0.45,5.0,14.0,0.357,3.0,3.0,1.0,3.0,5.0,8.0,4.0,2.0,0.0,0.0,2.0,26.0,-4.0
22200594,1610612744,GSW,Golden State,2738,Andre Iguodala,Andre,,,11:58,0.0,0.0,0.0,0.0,0.0,0.0,0.0,0.0,0.0,0.0,2.0,2.0,1.0,0.0,0.0,2.0,1.0,0.0,0.0
22200594,1610612744,GSW,Golden State,1629660,Ty Jerome,Ty,,,18:24,2.0,6.0,0.333,0.0,2.0,0.0,0.0,0.0,0.0,0.0,1.0,1.0,1.0,1.0,0.0,1.0,1.0,4.0,-4.0
22200594,1610612744,GSW,Golden State,1630541,Moses Moody,Moses,,,9:08,0.0,3.0,0.0,0.0,2.0,0.0,0.0,0.0,0.0,1.0,1.0,2.0,1.0,0.0,0.0,0.0,0.0,0.0,-5.0
22200594,1610612744,GSW,Golden State,1631116,Patrick Baldwin Jr.,Patrick,,,14:32,3.0,9.0,0.333,3.0,6.0,0.5,0.0,0.0,0.0,0.0,2.0,2.0,0.0,0.0,0.0,1.0,3.0,9.0,-9.0
22200594,1610612744,GSW,Golden State,1631157,Ryan Rollins,Ryan,,,2:11,1.0,1.0,1.0,0.0,0.0,0.0,0.0,0.0,0.0,1.0,1.0,2.0,0.0,0.0,0.0,0.0,0.0,2.0,2.0
22200594,1610612744,GSW,Golden State,202691,Klay Thompson,Klay,,DNP - Injury/Illness,,,,,,,,,,,,,,,,,,,,
22200592,1610612762,UTA,Utah,1628374,Lauri Markkanen,Lauri,F,,36:26,12.0,20.0,0.6,2.0,7.0,0.286,2.0,3.0,0.667,1.0,3.0,4.0,3.0,3.0,0.0,2.0,3.0,28.0,0.0
22200592,1610612762,UTA,Utah,203482,Kelly Olynyk,Kelly,F,,29:46,2.0,7.0,0.286,0.0,3.0,0.0,2.0,3.0,0.667,1.0,3.0,4.0,2.0,0.0,2.0,1.0,5.0,6.0,-1.0
22200592,1610612762,UTA,Utah,1629020,Jarred Vanderbilt,Jarred,C,,25:41,6.0,13.0,0.462,0.0,2.0,0.0,3.0,3.0,1.0,2.0,12.0,14.0,3.0,1.0,0.0,1.0,0.0,15.0,-2.0
22200592,1610612762,UTA,Utah,203903,Jordan Clarkson,Jordan,G,,31:22,7.0,14.0,0.5,1.0,7.0,0.143,3.0,3.0,1.0,0.0,2.0,2.0,8.0,1.0,0.0,2.0,2.0,18.0,-2.0
22200592,1610612762,UTA,Utah,201144,Mike Conley,Mike,G,,27:52,3.0,9.0,0.333,3.0,5.0,0.6,0.0,0.0,0.0,0.0,2.0,2.0,7.0,0.0,0.0,1.0,1.0,9.0,-26.0
22200592,1610612762,UTA,Utah,1629659,Talen Horton-Tucker,Talen,,,20:08,4.0,6.0,0.667,2.0,4.0,0.5,2.0,3.0,0.667,0.0,1.0,1.0,5.0,1.0,0.0,2.0,3.0,12.0,18.0
22200592,1610612762,UTA,Utah,1631117,Walker Kessler,Walker,,,13:16,2.0,3.0,0.667,0.0,0.0,0.0,0.0,0.0,0.0,2.0,5.0,7.0,1.0,0.0,0.0,1.0,5.0,4.0,-1.0
22200592,1610612762,UTA,Utah,200752,Rudy Gay,Rudy,,,18:14,2.0,5.0,0.4,0.0,2.0,0.0,1.0,2.0,0.5,0.0,4.0,4.0,1.0,0.0,0.0,0.0,3.0,5.0,-7.0
22200592,1610612762,UTA,Utah,1627736,Malik Beasley,Malik,,,16:06,1.0,9.0,0.111,0.0,7.0,0.0,0.0,0.0,0.0,0.0,0.0,0.0,5.0,0.0,0.0,0.0,0.0,2.0,-11.0
22200592,1610612762,UTA,Utah,1630534,Ochai Agbaji,Ochai,,,21:09,7.0,7.0,1.0,4.0,4.0,1.0,1.0,1.0,1.0,1.0,0.0,1.0,1.0,0.0,0.0,0.0,2.0,19.0,-8.0
22200592,1610612762,UTA,Utah,1629638,Nickeil Alexander-Walker,Nickeil,,DNP - Coach's Decision,,,,,,,,,,,,,,,,,,,,
22200592,1610612762,UTA,Utah,1628962,Udoka Azubuike,Udoka,,DNP - Coach's Decision,,,,,,,,,,,,,,,,,,,,
22200592,1610612762,UTA,Utah,1631323,Simone Fontecchio,Simone,,DNP - Coach's Decision,,,,,,,,,,,,,,,,,,,,
22200592,1610612741,CHI,Chicago,201942,DeMar DeRozan,DeMar,F,,39:38,13.0,22.0,0.591,0.0,0.0,0.0,9.0,10.0,0.9,0.0,2.0,2.0,7.0,0.0,0.0,2.0,2.0,35.0,16.0
22200592,1610612741,CHI,Chicago,1630172,Patrick Williams,Patrick,F,,34:03,2.0,10.0,0.2,2.0,4.0,0.5,1.0,2.0,0.5,1.0,2.0,3.0,0.0,1.0,1.0,0.0,2.0,7.0,9.0
22200592,1610612741,CHI,Chicago,202696,Nikola Vučević,Nikola,C,,33:30,5.0,8.0,0.625,2.0,3.0,0.667,3.0,4.0,0.75,2.0,14.0,16.0,4.0,0.0,2.0,1.0,4.0,15.0,1.0
22200592,1610612741,CHI,Chicago,203897,Zach LaVine,Zach,G,,34:36,12.0,21.0,0.571,6.0,12.0,0.5,6.0,7.0,0.857,1.0,6.0,7.0,2.0,0.0,1.0,5.0,3.0,36.0,-3.0
22200592,1610612741,CHI,Chicago,1630245,Ayo Dosunmu,Ayo,G,,27:25,2.0,4.0,0.5,1.0,2.0,0.5,2.0,2.0,1.0,0.0,2.0,2.0,2.0,1.0,0.0,1.0,4.0,7.0,-1.0
22200592,1610612741,CHI,Chicago,1629632,Coby White,Coby,,,29:08,2.0,6.0,0.333,1.0,4.0,0.25,0.0,0.0,0.0,1.0,5.0,6.0,3.0,1.0,0.0,0.0,3.0,5.0,3.0
22200592,1610612741,CHI,Chicago,1627884,Derrick Jones Jr.,Derrick,,,16:37,1.0,2.0,0.5,0.0,0.0,0.0,3.0,4.0,0.75,0.0,3.0,3.0,0.0,0.0,0.0,0.0,1.0,5.0,8.0
22200592,1610612741,CHI,Chicago,203083,Andre Drummond,Andre,,,11:50,5.0,5.0,1.0,0.0,0.0,0.0,1.0,3.0,0.333,2.0,2.0,4.0,0.0,1.0,0.0,1.0,2.0,11.0,-2.0
22200592,1610612741,CHI,Chicago,201609,Goran Dragic,Goran,,,13:13,2.0,5.0,0.4,1.0,3.0,0.333,0.0,0.0,0.0,0.0,1.0,1.0,4.0,0.0,0.0,0.0,1.0,5.0,9.0
22200592,1610612741,CHI,Chicago,1630792,Malcolm Hill,Malcolm,,DNP - Coach's Decision,,,,,,,,,,,,,,,,,,,,
22200592,1610612741,CHI,Chicago,1631207,Dalen Terry,Dalen,,DNP - Coach's Decision,,,,,,,,,,,,,,,,,,,,
22200595,1610612747,LAL,Los Angeles,1629308,Juan Toscano-Anderson,Juan,F,,18:18,2.0,2.0,1.0,0.0,0.0,0.0,0.0,0.0,0.0,1.0,0.0,1.0,0.0,1.0,1.0,1.0,4.0,4.0,-22.0
22200595,1610612747,LAL,Los Angeles,2544,LeBron James,LeBron,F,,37:44,14.0,28.0,0.5,1.0,6.0,0.167,8.0,9.0,0.889,1.0,7.0,8.0,7.0,1.0,0.0,4.0,2.0,37.0,15.0
22200595,1610612747,LAL,Los Angeles,1628418,Thomas Bryant,Thomas,C,,34:19,12.0,14.0,0.857,0.0,0.0,0.0,5.0,7.0,0.714,4.0,10.0,14.0,0.0,1.0,1.0,2.0,4.0,29.0,7.0
22200595,1610612747,LAL,Los Angeles,201976,Patrick Beverley,Patrick,G,,25:38,2.0,3.0,0.667,2.0,3.0,0.667,0.0,0.0,0.0,0.0,1.0,1.0,1.0,0.0,0.0,2.0,3.0,6.0,1.0
22200595,1610612747,LAL,Los Angeles,203471,Dennis Schröder,Dennis,G,,38:08,8.0,11.0,0.727,4.0,5.0,0.8,7.0,7.0,1.0,1.0,3.0,4.0,2.0,0.0,0.0,2.0,1.0,27.0,13.0
22200595,1610612747,LAL,Los Angeles,201566,Russell Westbrook,Russell,,,33:31,7.0,14.0,0.5,2.0,5.0,0.4,7.0,10.0,0.7,1.0,4.0,5.0,15.0,0.0,1.0,4.0,3.0,23.0,15.0
22200595,1610612747,LAL,Los Angeles,1629117,Wenyen Gabriel,Wenyen,,,13:10,3.0,5.0,0.6,0.0,1.0,0.0,0.0,0.0,0.0,2.0,1.0,3.0,1.0,0.0,0.0,1.0,6.0,6.0,-12.0
22200595,1610612747,LAL,Los Angeles,1629134,Kendrick Nunn,Kendrick,,,13:32,1.0,3.0,0.333,0.0,1.0,0.0,0.0,0.0,0.0,0.0,0.0,0.0,0.0,1.0,0.0,1.0,0.0,2.0,-5.0
22200595,1610612747,LAL,Los Angeles,1631108,Max Christie,Max,,,23:49,1.0,2.0,0.5,0.0,0.0,0.0,0.0,0.0,0.0,0.0,2.0,2.0,0.0,0.0,0.0,0.0,1.0,2.0,0.0
22200595,1610612747,LAL,Los Angeles,1628425,Sterling Brown,Sterling,,,1:52,0.0,0.0,0.0,0.0,0.0,0.0,0.0,0.0,0.0,0.0,0.0,0.0,0.0,0.0,0.0,0.0,1.0,0.0,-2.0
22200595,1610612747,LAL,Los Angeles,1627745,Damian Jones,Damian,,DNP - Coach's Decision,,,,,,,,,,,,,,,,,,,,
22200595,1610612747,LAL,Los Angeles,1630590,Scotty Pippen Jr.,Scotty,,DNP - Coach's Decision,,,,,,,,,,,,,,,,,,,,
22200595,1610612747,LAL,Los Angeles,1631306,Cole Swider,Cole,,DNP - Coach's Decision,,,,,,,,,,,,,,,,,,,,
22200595,1610612758,SAC,Sacramento,203084,Harrison Barnes,Harrison,F,,36:30,4.0,9.0,0.444,2.0,5.0,0.4,8.0,10.0,0.8,2.0,0.0,2.0,1.0,0.0,1.0,0.0,1.0,18.0,-6.0
22200595,1610612758,SAC,Sacramento,1631099,Keegan Murray,Keegan,F,,29:25,6.0,8.0,0.75,4.0,5.0,0.8,0.0,0.0,0.0,0.0,0.0,0.0,1.0,2.0,0.0,1.0,2.0,16.0,-5.0
22200595,1610612758,SAC,Sacramento,1627734,Domantas Sabonis,Domantas,C,,35:44,10.0,17.0,0.588,0.0,2.0,0.0,5.0,7.0,0.714,2.0,10.0,12.0,7.0,0.0,1.0,4.0,6.0,25.0,4.0
22200595,1610612758,SAC,Sacramento,1628989,Kevin Huerter,Kevin,G,,39:35,7.0,15.0,0.467,3.0,9.0,0.333,0.0,0.0,0.0,2.0,4.0,6.0,3.0,2.0,1.0,1.0,4.0,17.0,7.0
22200595,1610612758,SAC,Sacramento,1628368,De'Aaron Fox,De'Aaron,G,,37:53,11.0,21.0,0.524,0.0,2.0,0.0,12.0,14.0,0.857,0.0,2.0,2.0,9.0,0.0,0.0,3.0,4.0,34.0,-2.0
22200595,1610612758,SAC,Sacramento,1630558,Davion Mitchell,Davion,,,18:17,3.0,5.0,0.6,3.0,4.0,0.75,0.0,0.0,0.0,0.0,1.0,1.0,0.0,0.0,0.0,2.0,3.0,9.0,-4.0
22200595,1610612758,SAC,Sacramento,1629056,Terence Davis,Terence,,,9:46,0.0,4.0,0.0,0.0,3.0,0.0,0.0,0.0,0.0,0.0,1.0,1.0,2.0,1.0,0.0,1.0,1.0,0.0,1.0
22200595,1610612758,SAC,Sacramento,1626168,Trey Lyles,Trey,,,13:15,2.0,4.0,0.5,2.0,2.0,1.0,5.0,6.0,0.833,4.0,1.0,5.0,0.0,0.0,1.0,1.0,1.0,11.0,6.0
22200595,1610612758,SAC,Sacramento,1626158,Richaun Holmes,Richaun,,,11:13,2.0,3.0,0.667,0.0,0.0,0.0,0.0,0.0,0.0,3.0,2.0,5.0,0.0,0.0,0.0,1.0,3.0,4.0,-5.0
22200595,1610612758,SAC,Sacramento,1629644,KZ Okpala,KZ,,,8:13,0.0,0.0,0.0,0.0,0.0,0.0,0.0,0.0,0.0,0.0,0.0,0.0,2.0,0.0,0.0,0.0,1.0,0.0,-4.0
22200595,1610612758,SAC,Sacramento,203521,Matthew Dellavedova,Matthew,,,0:11,0.0,0.0,0.0,0.0,0.0,0.0,0.0,0.0,0.0,0.0,0.0,0.0,0.0,0.0,0.0,0.0,0.0,0.0,-2.0
22200595,1610612758,SAC,Sacramento,1631165,Keon Ellis,Keon,,DNP - Coach's Decision,,,,,,,,,,,,,,,,,,,,
22200595,1610612758,SAC,Sacramento,203458,Alex Len,Alex,,DNP - Coach's Decision,,,,,,,,,,,,,,,,,,,,
22200595,1610612758,SAC,Sacramento,1629002,Chimezie Metu,Chimezie,,DNP - Coach's Decision,,,,,,,,,,,,,,,,,,,,
22200595,1610612758,SAC,Sacramento,1629674,Neemias Queta,Neemias,,DNP - Coach's Decision,,,,,,,,,,,,,,,,,,,,
22200593,1610612740,NOP,New Orleans,1630230,Naji Marshall,Naji,F,,38:06,9.0,17.0,0.529,1.0,4.0,0.25,5.0,10.0,0.5,1.0,1.0,2.0,4.0,3.0,1.0,4.0,3.0,24.0,3.0
22200593,1610612740,NOP,New Orleans,1630530,Trey Murphy III,Trey,F,,24:34,3.0,7.0,0.429,1.0,4.0,0.25,0.0,0.0,0.0,1.0,1.0,2.0,1.0,0.0,1.0,1.0,5.0,7.0,-3.0
22200593,1610612740,NOP,New Orleans,202685,Jonas Valančiūnas,Jonas,C,,29:58,10.0,13.0,0.769,0.0,2.0,0.0,5.0,6.0,0.833,2.0,8.0,10.0,3.0,0.0,0.0,1.0,3.0,25.0,1.0
22200593,1610612740,NOP,New Orleans,1630529,Herbert Jones,Herbert,G,,33:55,6.0,13.0,0.462,1.0,3.0,0.333,3.0,4.0,0.75,1.0,5.0,6.0,1.0,5.0,1.0,1.0,4.0,16.0,-7.0
22200593,1610612740,NOP,New Orleans,1630631,Jose Alvarado,Jose,G,,27:10,5.0,12.0,0.417,1.0,4.0,0.25,3.0,3.0,1.0,1.0,4.0,5.0,7.0,1.0,0.0,1.0,2.0,14.0,4.0
22200593,1610612740,NOP,New Orleans,1628984,Devonte' Graham,Devonte',,,15:33,2.0,7.0,0.286,0.0,4.0,0.0,0.0,2.0,0.0,0.0,0.0,0.0,3.0,2.0,0.0,0.0,0.0,4.0,-13.0
22200593,1610612740,NOP,New Orleans,1630700,Dyson Daniels,Dyson,,,21:00,0.0,6.0,0.0,0.0,4.0,0.0,0.0,0.0,0.0,1.0,2.0,3.0,3.0,1.0,0.0,1.0,3.0,0.0,-10.0
22200593,1610612740,NOP,New Orleans,1629637,Jaxson Hayes,Jaxson,,,12:36,1.0,4.0,0.25,0.0,1.0,0.0,2.0,4.0,0.5,1.0,1.0,2.0,1.0,1.0,0.0,1.0,2.0,4.0,-13.0
22200593,1610612740,NOP,New Orleans,1626195,Willy Hernangomez,Willy,,,15:37,3.0,6.0,0.5,0.0,0.0,0.0,0.0,2.0,0.0,6.0,4.0,10.0,1.0,0.0,1.0,0.0,0.0,6.0,-4.0
22200593,1610612740,NOP,New Orleans,1630184,Kira Lewis Jr.,Kira,,,12:33,4.0,6.0,0.667,0.0,1.0,0.0,4.0,4.0,1.0,1.0,2.0,3.0,0.0,0.0,0.0,2.0,1.0,12.0,-7.0
22200593,1610612740,NOP,New Orleans,202066,Garrett Temple,Garrett,,,8:58,2.0,3.0,0.667,1.0,2.0,0.5,0.0,0.0,0.0,0.0,1.0,1.0,2.0,1.0,0.0,0.0,2.0,5.0,-1.0
22200593,1610612740,NOP,New Orleans,1631220,Dereon Seabron,Dereon,,DNP - Coach's Decision,,,,,,,,,,,,,,,,,,,,
22200593,1610612742,DAL,Dallas,203501,Tim Hardaway Jr.,Tim,F,,30:38,7.0,9.0,0.778,4.0,6.0,0.667,0.0,0.0,0.0,1.0,1.0,2.0,1.0,2.0,0.0,1.0,0.0,18.0,19.0
22200593,1610612742,DAL,Dallas,1626174,Christian Wood,Christian,F,,23:55,9.0,14.0,0.643,4.0,7.0,0.571,6.0,7.0,0.857,2.0,4.0,6.0,1.0,0.0,2.0,1.0,3.0,28.0,2.0
22200593,1610612742,DAL,Dallas,203939,Dwight Powell,Dwight,C,,15:15,1.0,1.0,1.0,0.0,0.0,0.0,0.0,0.0,0.0,0.0,4.0,4.0,0.0,1.0,1.0,2.0,5.0,2.0,13.0
22200593,1610612742,DAL,Dallas,203915,Spencer Dinwiddie,Spencer,G,,32:09,3.0,6.0,0.5,0.0,2.0,0.0,6.0,8.0,0.75,0.0,1.0,1.0,4.0,0.0,0.0,2.0,1.0,12.0,7.0
22200593,1610612742,DAL,Dallas,1629029,Luka Dončić,Luka,G,,39:26,10.0,23.0,0.435,3.0,6.0,0.5,11.0,15.0,0.733,0.0,10.0,10.0,10.0,0.0,1.0,7.0,4.0,34.0,7.0
22200593,1610612742,DAL,Dallas,203493,Reggie Bullock Jr.,Reggie,,,26:21,0.0,2.0,0.0,0.0,2.0,0.0,1.0,2.0,0.5,2.0,3.0,5.0,2.0,0.0,0.0,0.0,0.0,1.0,19.0
22200593,1610612742,DAL,Dallas,201580,JaVale McGee,JaVale,,,14:30,3.0,4.0,0.75,0.0,0.0,0.0,0.0,0.0,0.0,0.0,6.0,6.0,1.0,0.0,3.0,1.0,5.0,6.0,-2.0
22200593,1610612742,DAL,Dallas,1630593,McKinley Wright IV,McKinley,,,11:08,0.0,1.0,0.0,0.0,0.0,0.0,4.0,4.0,1.0,0.0,2.0,2.0,1.0,0.0,0.0,1.0,1.0,4.0,-5.0
22200593,1610612742,DAL,Dallas,202722,Dāvis Bertāns,Dāvis,,,12:50,2.0,2.0,1.0,1.0,1.0,1.0,0.0,0.0,0.0,0.0,0.0,0.0,2.0,0.0,0.0,1.0,1.0,5.0,0.0
22200593,1610612742,DAL,Dallas,1630702,Jaden Hardy,Jaden,,,20:51,7.0,9.0,0.778,1.0,2.0,0.5,0.0,0.0,0.0,0.0,1.0,1.0,0.0,2.0,0.0,0.0,3.0,15.0,-4.0
22200593,1610612742,DAL,Dallas,1628373,Frank Ntilikina,Frank,,,10:44,0.0,3.0,0.0,0.0,3.0,0.0,0.0,0.0,0.0,0.0,1.0,1.0,1.0,0.0,0.0,1.0,1.0,0.0,-8.0
22200593,1610612742,DAL,Dallas,1629033,Theo Pinson,Theo,,,1:42,0.0,0.0,0.0,0.0,0.0,0.0,2.0,2.0,1.0,0.0,1.0,1.0,0.0,0.0,0.0,0.0,0.0,2.0,0.0
22200593,1610612742,DAL,Dallas,1630639,A.J. Lawson,A.J.,,,0:31,0.0,0.0,0.0,0.0,0.0,0.0,0.0,0.0,0.0,0.0,0.0,0.0,0.0,0.0,0.0,0.0,0.0,0.0,2.0
22200590,1610612737,ATL,Atlanta,1629631,De'Andre Hunter,De'Andre,F,,37:19,5.0,13.0,0.385,2.0,5.0,0.4,4.0,6.0,0.667,1.0,7.0,8.0,0.0,0.0,0.0,1.0,4.0,16.0,-12.0
22200590,1610612737,ATL,Atlanta,1628381,John Collins,John,F,,37:24,7.0,18.0,0.389,0.0,5.0,0.0,2.0,3.0,0.667,1.0,7.0,8.0,2.0,0.0,3.0,0.0,3.0,16.0,-3.0
22200590,1610612737,ATL,Atlanta,1630168,Onyeka Okongwu,Onyeka,C,,28:20,5.0,6.0,0.833,0.0,0.0,0.0,0.0,0.0,0.0,3.0,4.0,7.0,1.0,3.0,1.0,1.0,0.0,10.0,-17.0
22200590,1610612737,ATL,Atlanta,1627749,Dejounte Murray,Dejounte,G,,35:02,7.0,18.0,0.389,2.0,4.0,0.5,0.0,1.0,0.0,1.0,0.0,1.0,6.0,1.0,0.0,1.0,0.0,16.0,-11.0
22200590,1610612737,ATL,Atlanta,1629027,Trae Young,Trae,G,,34:13,12.0,24.0,0.5,2.0,8.0,0.25,6.0,7.0,0.857,1.0,4.0,5.0,9.0,3.0,0.0,6.0,2.0,32.0,2.0
22200590,1610612737,ATL,Atlanta,203992,Bogdan Bogdanović,Bogdan,,,29:02,3.0,7.0,0.429,0.0,3.0,0.0,4.0,4.0,1.0,0.0,3.0,3.0,2.0,1.0,1.0,2.0,3.0,10.0,-24.0
22200590,1610612737,ATL,Atlanta,1631100,AJ Griffin,AJ,,,14:46,2.0,3.0,0.667,1.0,2.0,0.5,0.0,0.0,0.0,0.0,2.0,2.0,0.0,0.0,0.0,1.0,1.0,5.0,-15.0
22200590,1610612737,ATL,Atlanta,1630552,Jalen Johnson,Jalen,,,5:24,1.0,2.0,0.5,1.0,2.0,0.5,0.0,0.0,0.0,0.0,3.0,3.0,1.0,0.0,0.0,0.0,1.0,3.0,1.0
22200590,1610612737,ATL,Atlanta,1628988,Aaron Holiday,Aaron,,,14:12,2.0,5.0,0.4,1.0,2.0,0.5,1.0,1.0,1.0,0.0,1.0,1.0,3.0,0.0,0.0,0.0,1.0,6.0,-1.0
22200590,1610612737,ATL,Atlanta,1630249,Vít Krejčí,Vít,,,2:09,0.0,0.0,0.0,0.0,0.0,0.0,0.0,0.0,0.0,0.0,0.0,0.0,0.0,0.0,0.0,0.0,0.0,0.0,0.0
22200590,1610612737,ATL,Atlanta,1626163,Frank Kaminsky,Frank,,,2:09,0.0,0.0,0.0,0.0,0.0,0.0,0.0,0.0,0.0,0.0,1.0,1.0,0.0,0.0,0.0,0.0,0.0,0.0,0.0
22200590,1610612737,ATL,Atlanta,203200,Justin Holiday,Justin,,DNP - Coach's Decision,,,,,,,,,,,,,,,,,,,,
22200590,1610612747,LAL,Los Angeles,1629308,Juan Toscano-Anderson,Juan,F,,21:19,2.0,3.0,0.667,0.0,1.0,0.0,0.0,0.0,0.0,1.0,3.0,4.0,1.0,2.0,1.0,1.0,2.0,4.0,3.0
22200590,1610612747,LAL,Los Angeles,2544,LeBron James,LeBron,F,,32:47,10.0,19.0,0.526,1.0,5.0,0.2,4.0,6.0,0.667,0.0,7.0,7.0,10.0,0.0,0.0,5.0,0.0,25.0,12.0
22200590,1610612747,LAL,Los Angeles,1628418,Thomas Bryant,Thomas,C,,27:56,8.0,12.0,0.667,1.0,2.0,0.5,2.0,2.0,1.0,4.0,9.0,13.0,0.0,1.0,1.0,1.0,1.0,19.0,2.0
22200590,1610612747,LAL,Los Angeles,201976,Patrick Beverley,Patrick,G,,24:07,2.0,5.0,0.4,1.0,3.0,0.333,0.0,0.0,0.0,0.0,4.0,4.0,4.0,0.0,1.0,0.0,4.0,5.0,5.0
22200590,1610612747,LAL,Los Angeles,203471,Dennis Schröder,Dennis,G,,34:47,7.0,14.0,0.5,5.0,8.0,0.625,2.0,3.0,0.667,0.0,2.0,2.0,1.0,0.0,0.0,3.0,3.0,21.0,10.0
22200590,1610612747,LAL,Los Angeles,201566,Russell Westbrook,Russell,,,30:39,7.0,14.0,0.5,2.0,4.0,0.5,2.0,2.0,1.0,0.0,11.0,11.0,9.0,2.0,1.0,2.0,3.0,18.0,15.0
22200590,1610612747,LAL,Los Angeles,1629117,Wenyen Gabriel,Wenyen,,,19:29,2.0,2.0,1.0,0.0,0.0,0.0,0.0,1.0,0.0,2.0,3.0,5.0,2.0,0.0,0.0,2.0,1.0,4.0,16.0
22200590,1610612747,LAL,Los Angeles,1629134,Kendrick Nunn,Kendrick,,,26:53,9.0,16.0,0.563,3.0,7.0,0.429,2.0,2.0,1.0,0.0,3.0,3.0,2.0,1.0,0.0,0.0,1.0,23.0,9.0
22200590,1610612747,LAL,Los Angeles,1628425,Sterling Brown,Sterling,,,3:24,0.0,1.0,0.0,0.0,1.0,0.0,0.0,0.0,0.0,0.0,1.0,1.0,1.0,0.0,0.0,0.0,1.0,0.0,0.0
22200590,1610612747,LAL,Los Angeles,1631108,Max Christie,Max,,,16:05,3.0,5.0,0.6,2.0,2.0,1.0,0.0,0.0,0.0,0.0,1.0,1.0,3.0,0.0,1.0,2.0,2.0,8.0,6.0
22200590,1610612747,LAL,Los Angeles,1630590,Scotty Pippen Jr.,Scotty,,,1:17,0.0,1.0,0.0,0.0,1.0,0.0,0.0,0.0,0.0,0.0,0.0,0.0,0.0,0.0,0.0,0.0,0.0,0.0,1.0
22200590,1610612747,LAL,Los Angeles,1631306,Cole Swider,Cole,,,1:17,1.0,1.0,1.0,1.0,1.0,1.0,0.0,0.0,0.0,0.0,0.0,0.0,0.0,0.0,0.0,0.0,0.0,3.0,1.0
22200590,1610612747,LAL,Los Angeles,1627745,Damian Jones,Damian,,DND - Injury/Illness,,,,,,,,,,,,,,,,,,,,
22200584,1610612764,WAS,Washington,1628398,Kyle Kuzma,Kyle,F,,37:20,7.0,14.0,0.5,2.0,5.0,0.4,7.0,8.0,0.875,1.0,4.0,5.0,7.0,1.0,0.0,6.0,3.0,23.0,-15.0
22200584,1610612764,WAS,Washington,204001,Kristaps Porziņģis,Kristaps,F,,24:49,3.0,11.0,0.273,0.0,2.0,0.0,8.0,10.0,0.8,3.0,7.0,10.0,0.0,0.0,0.0,3.0,0.0,14.0,-17.0
22200584,1610612764,WAS,Washington,1629655,Daniel Gafford,Daniel,C,,25:26,7.0,8.0,0.875,0.0,0.0,0.0,1.0,5.0,0.2,4.0,5.0,9.0,2.0,0.0,1.0,1.0,4.0,15.0,-11.0
22200584,1610612764,WAS,Washington,1630557,Corey Kispert,Corey,G,,26:37,2.0,8.0,0.25,1.0,3.0,0.333,2.0,2.0,1.0,2.0,5.0,7.0,0.0,1.0,0.0,0.0,1.0,7.0,0.0
22200584,1610612764,WAS,Washington,1628420,Monté Morris,Monté,G,,25:56,4.0,8.0,0.5,1.0,3.0,0.333,1.0,2.0,0.5,0.0,2.0,2.0,3.0,0.0,0.0,2.0,1.0,10.0,-14.0
22200584,1610612764,WAS,Washington,1629060,Rui Hachimura,Rui,,,18:42,2.0,9.0,0.222,0.0,1.0,0.0,1.0,1.0,1.0,0.0,0.0,0.0,1.0,1.0,0.0,3.0,3.0,5.0,-15.0
22200584,1610612764,WAS,Washington,1630166,Deni Avdija,Deni,,,17:11,1.0,2.0,0.5,0.0,1.0,0.0,2.0,2.0,1.0,0.0,3.0,3.0,0.0,0.0,0.0,2.0,1.0,4.0,-11.0
22200584,1610612764,WAS,Washington,1626153,Delon Wright,Delon,,,19:20,3.0,5.0,0.6,0.0,2.0,0.0,3.0,3.0,1.0,0.0,2.0,2.0,4.0,2.0,0.0,1.0,1.0,9.0,-4.0
22200584,1610612764,WAS,Washington,1630692,Jordan Goodwin,Jordan,,,21:48,4.0,6.0,0.667,1.0,2.0,0.5,0.0,0.0,0.0,1.0,1.0,2.0,1.0,1.0,1.0,2.0,2.0,9.0,0.0
22200584,1610612764,WAS,Washington,203115,Will Barton,Will,,,17:23,5.0,8.0,0.625,2.0,5.0,0.4,2.0,3.0,0.667,0.0,4.0,4.0,3.0,0.0,0.0,0.0,2.0,14.0,0.0
22200584,1610612764,WAS,Washington,1630176,Vernon Carey Jr.,Vernon,,,2:44,0.0,0.0,0.0,0.0,0.0,0.0,0.0,0.0,0.0,0.0,1.0,1.0,0.0,0.0,0.0,0.0,0.0,0.0,1.0
22200584,1610612764,WAS,Washington,1630264,Anthony Gill,Anthony,,,2:44,0.0,0.0,0.0,0.0,0.0,0.0,0.0,0.0,0.0,0.0,1.0,1.0,0.0,0.0,0.0,0.0,0.0,0.0,1.0
22200584,1610612764,WAS,Washington,201959,Taj Gibson,Taj,,DNP - Coach's Decision,,,,,,,,,,,,,,,,,,,,
22200584,1610612760,OKC,Oklahoma City,1629652,Luguentz Dort,Luguentz,F,,22:32,6.0,8.0,0.75,3.0,4.0,0.75,3.0,4.0,0.75,2.0,4.0,6.0,4.0,1.0,0.0,0.0,5.0,18.0,16.0
22200584,1610612760,OKC,Oklahoma City,1631114,Jalen Williams,Jalen,F,,33:31,7.0,13.0,0.538,2.0,4.0,0.5,2.0,2.0,1.0,2.0,6.0,8.0,3.0,2.0,0.0,3.0,4.0,18.0,12.0
22200584,1610612760,OKC,Oklahoma City,203488,Mike Muscala,Mike,C,,24:19,4.0,10.0,0.4,2.0,5.0,0.4,0.0,0.0,0.0,1.0,4.0,5.0,3.0,1.0,2.0,0.0,2.0,10.0,11.0
22200584,1610612760,OKC,Oklahoma City,1630581,Josh Giddey,Josh,G,,37:06,9.0,16.0,0.563,2.0,2.0,1.0,0.0,0.0,0.0,2.0,4.0,6.0,9.0,1.0,0.0,2.0,2.0,20.0,12.0
22200584,1610612760,OKC,Oklahoma City,1628983,Shai Gilgeous-Alexander,Shai,G,,33:09,12.0,23.0,0.522,1.0,4.0,0.25,5.0,6.0,0.833,0.0,3.0,3.0,4.0,1.0,2.0,0.0,4.0,30.0,25.0
22200584,1610612760,OKC,Oklahoma City,1630647,Eugene Omoruyi,Eugene,,,14:34,2.0,3.0,0.667,0.0,1.0,0.0,0.0,2.0,0.0,1.0,0.0,1.0,0.0,1.0,0.0,2.0,0.0,4.0,9.0
22200584,1610612760,OKC,Oklahoma City,1630198,Isaiah Joe,Isaiah,,,24:14,3.0,9.0,0.333,2.0,6.0,0.333,0.0,0.0,0.0,2.0,1.0,3.0,2.0,2.0,0.0,0.0,6.0,8.0,8.0
22200584,1610612760,OKC,Oklahoma City,1629026,Kenrich Williams,Kenrich,,,24:17,3.0,4.0,0.75,2.0,2.0,1.0,0.0,0.0,0.0,0.0,4.0,4.0,1.0,0.0,1.0,0.0,3.0,8.0,-3.0
22200584,1610612760,OKC,Oklahoma City,1630544,Tre Mann,Tre,,,23:41,3.0,11.0,0.273,2.0,8.0,0.25,0.0,0.0,0.0,1.0,3.0,4.0,4.0,0.0,1.0,1.0,0.0,8.0,-6.0
22200584,1610612760,OKC,Oklahoma City,1630322,Lindy Waters III,Lindy,,,1:37,1.0,1.0,1.0,1.0,1.0,1.0,0.0,0.0,0.0,0.0,0.0,0.0,0.0,0.0,0.0,0.0,0.0,3.0,1.0
22200584,1610612760,OKC,Oklahoma City,1630598,Aaron Wiggins,Aaron,,,1:00,0.0,0.0,0.0,0.0,0.0,0.0,0.0,0.0,0.0,0.0,1.0,1.0,0.0,0.0,0.0,1.0,0.0,0.0,0.0
22200584,1610612760,OKC,Oklahoma City,1629647,Darius Bazley,Darius,,DNP - Coach's Decision,,,,,,,,,,,,,,,,,,,,
22200581,1610612741,CHI,Chicago,201942,DeMar DeRozan,DeMar,F,,37:09,4.0,13.0,0.308,0.0,2.0,0.0,4.0,5.0,0.8,0.0,5.0,5.0,6.0,1.0,1.0,2.0,0.0,12.0,9.0
22200581,1610612741,CHI,Chicago,1630172,Patrick Williams,Patrick,F,,35:04,7.0,11.0,0.636,2.0,5.0,0.4,2.0,2.0,1.0,2.0,4.0,6.0,2.0,0.0,0.0,1.0,2.0,18.0,20.0
22200581,1610612741,CHI,Chicago,202696,Nikola Vučević,Nikola,C,,36:29,8.0,14.0,0.571,2.0,3.0,0.667,1.0,1.0,1.0,2.0,16.0,18.0,10.0,0.0,2.0,1.0,1.0,19.0,16.0
22200581,1610612741,CHI,Chicago,203897,Zach LaVine,Zach,G,,38:21,14.0,19.0,0.737,11.0,13.0,0.846,2.0,2.0,1.0,1.0,1.0,2.0,6.0,2.0,1.0,3.0,1.0,41.0,17.0
22200581,1610612741,CHI,Chicago,1630245,Ayo Dosunmu,Ayo,G,,32:25,4.0,9.0,0.444,0.0,2.0,0.0,0.0,0.0,0.0,0.0,0.0,0.0,1.0,0.0,0.0,1.0,3.0,8.0,15.0
22200581,1610612741,CHI,Chicago,1629632,Coby White,Coby,,,24:30,3.0,7.0,0.429,3.0,7.0,0.429,0.0,2.0,0.0,0.0,4.0,4.0,3.0,0.0,0.0,1.0,3.0,9.0,6.0
22200581,1610612741,CHI,Chicago,1627884,Derrick Jones Jr.,Derrick,,,16:25,3.0,4.0,0.75,1.0,1.0,1.0,1.0,3.0,0.333,1.0,2.0,3.0,2.0,0.0,0.0,1.0,2.0,8.0,-8.0
22200581,1610612741,CHI,Chicago,203083,Andre Drummond,Andre,,,8:19,3.0,3.0,1.0,0.0,0.0,0.0,0.0,2.0,0.0,2.0,4.0,6.0,0.0,0.0,0.0,1.0,1.0,6.0,-3.0
22200581,1610612741,CHI,Chicago,201609,Goran Dragic,Goran,,,11:18,2.0,4.0,0.5,1.0,1.0,1.0,0.0,0.0,0.0,0.0,1.0,1.0,3.0,0.0,0.0,0.0,1.0,5.0,-2.0
22200581,1610612741,CHI,Chicago,1630792,Malcolm Hill,Malcolm,,DNP - Coach's Decision,,,,,,,,,,,,,,,,,,,,
22200581,1610612741,CHI,Chicago,1631207,Dalen Terry,Dalen,,DNP - Coach's Decision,,,,,,,,,,,,,,,,,,,,
22200581,1610612755,PHI,Philadelphia,1629001,De'Anthony Melton,De'Anthony,F,,26:27,3.0,8.0,0.375,3.0,6.0,0.5,0.0,0.0,0.0,0.0,3.0,3.0,3.0,1.0,1.0,2.0,5.0,9.0,-3.0
22200581,1610612755,PHI,Philadelphia,202699,Tobias Harris,Tobias,F,,37:52,9.0,20.0,0.45,2.0,7.0,0.286,2.0,2.0,1.0,2.0,9.0,11.0,1.0,1.0,1.0,0.0,2.0,22.0,-12.0
22200581,1610612755,PHI,Philadelphia,200782,P.J. Tucker,P.J.,C,,20:22,1.0,3.0,0.333,0.0,1.0,0.0,0.0,0.0,0.0,0.0,3.0,3.0,2.0,1.0,0.0,0.0,2.0,2.0,-6.0
22200581,1610612755,PHI,Philadelphia,1630178,Tyrese Maxey,Tyrese,G,,36:35,8.0,15.0,0.533,5.0,7.0,0.714,5.0,6.0,0.833,0.0,3.0,3.0,6.0,1.0,0.0,1.0,1.0,26.0,1.0
22200581,1610612755,PHI,Philadelphia,201935,James Harden,James,G,,33:43,4.0,17.0,0.235,3.0,9.0,0.333,6.0,8.0,0.75,5.0,2.0,7.0,11.0,1.0,0.0,1.0,0.0,17.0,-10.0
22200581,1610612755,PHI,Philadelphia,1627777,Georges Niang,Georges,,,20:07,4.0,7.0,0.571,4.0,6.0,0.667,0.0,0.0,0.0,1.0,2.0,3.0,1.0,0.0,0.0,0.0,1.0,12.0,0.0
22200581,1610612755,PHI,Philadelphia,1629003,Shake Milton,Shake,,,23:05,3.0,7.0,0.429,1.0,3.0,0.333,0.0,0.0,0.0,0.0,1.0,1.0,3.0,0.0,0.0,2.0,2.0,7.0,-14.0
22200581,1610612755,PHI,Philadelphia,1629680,Matisse Thybulle,Matisse,,,11:42,0.0,3.0,0.0,0.0,2.0,0.0,0.0,0.0,0.0,0.0,1.0,1.0,1.0,0.0,1.0,0.0,0.0,0.0,-13.0
22200581,1610612755,PHI,Philadelphia,1626149,Montrezl Harrell,Montrezl,,,22:43,8.0,12.0,0.667,0.0,0.0,0.0,1.0,2.0,0.5,3.0,1.0,4.0,0.0,1.0,0.0,1.0,2.0,17.0,-14.0
22200581,1610612755,PHI,Philadelphia,1630194,Paul Reed,Paul,,,7:25,0.0,0.0,0.0,0.0,0.0,0.0,0.0,0.0,0.0,1.0,1.0,2.0,0.0,0.0,0.0,0.0,0.0,0.0,1.0
22200581,1610612755,PHI,Philadelphia,1627863,Danuel House Jr.,Danuel,,DNP - Coach's Decision,,,,,,,,,,,,,,,,,,,,
22200581,1610612755,PHI,Philadelphia,1627788,Furkan Korkmaz,Furkan,,DNP - Coach's Decision,,,,,,,,,,,,,,,,,,,,
22200585,1610612765,DET,Detroit,202711,Bojan Bogdanović,Bojan,F,,31:30,9.0,20.0,0.45,2.0,7.0,0.286,1.0,2.0,0.5,1.0,2.0,3.0,3.0,0.0,0.0,4.0,1.0,21.0,-16.0
22200585,1610612765,DET,Detroit,1630191,Isaiah Stewart,Isaiah,F,,29:42,3.0,8.0,0.375,2.0,6.0,0.333,3.0,6.0,0.5,4.0,4.0,8.0,3.0,1.0,0.0,2.0,5.0,11.0,-1.0
22200585,1610612765,DET,Detroit,1631105,Jalen Duren,Jalen,C,,27:02,5.0,8.0,0.625,0.0,0.0,0.0,1.0,1.0,1.0,3.0,6.0,9.0,0.0,2.0,0.0,1.0,2.0,11.0,-12.0
22200585,1610612765,DET,Detroit,1631093,Jaden Ivey,Jaden,G,,33:28,8.0,14.0,0.571,2.0,2.0,1.0,2.0,2.0,1.0,2.0,1.0,3.0,5.0,0.0,0.0,2.0,4.0,20.0,-12.0
22200585,1610612765,DET,Detroit,1630165,Killian Hayes,Killian,G,,35:32,8.0,14.0,0.571,2.0,5.0,0.4,0.0,0.0,0.0,0.0,3.0,3.0,7.0,5.0,0.0,5.0,4.0,18.0,-3.0
22200585,1610612765,DET,Detroit,202709,Cory Joseph,Cory,,,12:28,1.0,3.0,0.333,0.0,2.0,0.0,0.0,0.0,0.0,1.0,0.0,1.0,1.0,1.0,0.0,0.0,2.0,2.0,-9.0
22200585,1610612765,DET,Detroit,1630180,Saddiq Bey,Saddiq,,,25:44,4.0,10.0,0.4,2.0,4.0,0.5,0.0,0.0,0.0,2.0,2.0,4.0,2.0,1.0,0.0,1.0,1.0,10.0,-9.0
22200585,1610612765,DET,Detroit,202692,Alec Burks,Alec,,,21:24,3.0,10.0,0.3,1.0,4.0,0.25,2.0,2.0,1.0,0.0,3.0,3.0,2.0,1.0,0.0,0.0,2.0,9.0,0.0
22200585,1610612765,DET,Detroit,1628977,Hamidou Diallo,Hamidou,,,16:30,3.0,5.0,0.6,0.0,0.0,0.0,1.0,4.0,0.25,2.0,1.0,3.0,0.0,0.0,0.0,0.0,0.0,7.0,4.0
22200585,1610612765,DET,Detroit,203585,Rodney McGruder,Rodney,,,6:40,0.0,1.0,0.0,0.0,1.0,0.0,0.0,0.0,0.0,0.0,0.0,0.0,0.0,0.0,0.0,0.0,1.0,0.0,-2.0
22200585,1610612765,DET,Detroit,1628995,Kevin Knox II,Kevin,,DNP - Coach's Decision,,,,,,,,,,,,,,,,,,,,
22200585,1610612765,DET,Detroit,203457,Nerlens Noel,Nerlens,,DNP - Coach's Decision,,,,,,,,,,,,,,,,,,,,
22200585,1610612759,SAS,San Antonio,1629640,Keldon Johnson,Keldon,F,,12:45,3.0,6.0,0.5,0.0,3.0,0.0,2.0,2.0,1.0,0.0,0.0,0.0,1.0,0.0,0.0,0.0,1.0,8.0,2.0
22200585,1610612759,SAS,San Antonio,1631110,Jeremy Sochan,Jeremy,F,,27:04,5.0,9.0,0.556,0.0,2.0,0.0,0.0,0.0,0.0,0.0,8.0,8.0,2.0,1.0,1.0,5.0,2.0,10.0,0.0
22200585,1610612759,SAS,San Antonio,1627751,Jakob Poeltl,Jakob,C,,32:21,4.0,5.0,0.8,0.0,0.0,0.0,3.0,4.0,0.75,4.0,12.0,16.0,7.0,2.0,3.0,3.0,2.0,11.0,15.0
22200585,1610612759,SAS,San Antonio,1629641,Romeo Langford,Romeo,G,,28:50,7.0,12.0,0.583,1.0,2.0,0.5,0.0,0.0,0.0,1.0,1.0,2.0,1.0,1.0,0.0,1.0,1.0,15.0,9.0
22200585,1610612759,SAS,San Antonio,1630200,Tre Jones,Tre,G,,32:11,11.0,18.0,0.611,1.0,3.0,0.333,2.0,2.0,1.0,0.0,3.0,3.0,3.0,2.0,0.0,4.0,1.0,25.0,11.0
22200585,1610612759,SAS,San Antonio,1628380,Zach Collins,Zach,,,15:39,2.0,5.0,0.4,0.0,0.0,0.0,5.0,5.0,1.0,1.0,3.0,4.0,2.0,0.0,0.0,1.0,3.0,9.0,-3.0
22200585,1610612759,SAS,San Antonio,1631103,Malaki Branham,Malaki,,,26:03,4.0,8.0,0.5,2.0,3.0,0.667,4.0,6.0,0.667,0.0,2.0,2.0,3.0,1.0,0.0,1.0,0.0,14.0,7.0
22200585,1610612759,SAS,San Antonio,1626196,Josh Richardson,Josh,,,19:40,3.0,6.0,0.5,1.0,4.0,0.25,2.0,2.0,1.0,0.0,2.0,2.0,5.0,1.0,0.0,1.0,2.0,9.0,2.0
22200585,1610612759,SAS,San Antonio,1629676,Isaiah Roby,Isaiah,,,7:17,0.0,2.0,0.0,0.0,1.0,0.0,2.0,2.0,1.0,0.0,0.0,0.0,0.0,0.0,0.0,0.0,0.0,2.0,-4.0
22200585,1610612759,SAS,San Antonio,203926,Doug McDermott,Doug,,,21:13,3.0,7.0,0.429,1.0,3.0,0.333,2.0,3.0,0.667,1.0,2.0,3.0,1.0,0.0,0.0,0.0,2.0,9.0,7.0
22200585,1610612759,SAS,San Antonio,1626169,Stanley Johnson,Stanley,,,16:57,3.0,3.0,1.0,3.0,3.0,1.0,0.0,0.0,0.0,0.0,4.0,4.0,2.0,0.0,0.0,1.0,2.0,9.0,14.0
22200585,1610612759,SAS,San Antonio,1628966,Keita Bates-Diop,Keita,,DNP - Coach's Decision,,,,,,,,,,,,,,,,,,,,
22200582,1610612752,NYK,New York,1629656,Quentin Grimes,Quentin,F,,35:54,6.0,13.0,0.462,4.0,10.0,0.4,0.0,0.0,0.0,0.0,0.0,0.0,2.0,0.0,0.0,2.0,3.0,16.0,-19.0
22200582,1610612752,NYK,New York,203944,Julius Randle,Julius,F,,39:44,10.0,22.0,0.455,6.0,11.0,0.545,6.0,9.0,0.667,1.0,10.0,11.0,3.0,0.0,0.0,3.0,3.0,32.0,2.0
22200582,1610612752,NYK,New York,1629011,Mitchell Robinson,Mitchell,C,,34:48,4.0,8.0,0.5,0.0,0.0,0.0,2.0,4.0,0.5,8.0,10.0,18.0,0.0,0.0,2.0,0.0,6.0,10.0,-1.0
22200582,1610612752,NYK,New York,1630193,Immanuel Quickley,Immanuel,G,,37:07,4.0,8.0,0.5,0.0,3.0,0.0,5.0,6.0,0.833,0.0,5.0,5.0,4.0,0.0,0.0,0.0,3.0,13.0,9.0
22200582,1610612752,NYK,New York,1628973,Jalen Brunson,Jalen,G,,38:28,9.0,19.0,0.474,3.0,6.0,0.5,5.0,7.0,0.714,1.0,4.0,5.0,8.0,1.0,0.0,5.0,2.0,26.0,-15.0
22200582,1610612752,NYK,New York,1630540,Miles McBride,Miles,,,21:15,3.0,6.0,0.5,3.0,5.0,0.6,0.0,0.0,0.0,0.0,1.0,1.0,0.0,0.0,1.0,0.0,1.0,9.0,14.0
22200582,1610612752,NYK,New York,1628392,Isaiah Hartenstein,Isaiah,,,16:28,1.0,3.0,0.333,0.0,0.0,0.0,0.0,0.0,0.0,3.0,4.0,7.0,0.0,1.0,1.0,1.0,2.0,2.0,5.0
22200582,1610612752,NYK,New York,203095,Evan Fournier,Evan,,,12:07,2.0,4.0,0.5,0.0,2.0,0.0,0.0,0.0,0.0,0.0,3.0,3.0,2.0,1.0,0.0,0.0,3.0,4.0,23.0
22200582,1610612752,NYK,New York,1630579,Jericho Sims,Jericho,,,4:11,0.0,0.0,0.0,0.0,0.0,0.0,0.0,0.0,0.0,0.0,1.0,1.0,0.0,0.0,0.0,0.0,0.0,0.0,2.0
22200582,1610612752,NYK,New York,1627853,Ryan Arcidiacono,Ryan,,DNP - Coach's Decision,,,,,,,,,,,,,,,,,,,,
22200582,1610612752,NYK,New York,1629004,Svi Mykhailiuk,Svi,,DNP - Coach's Decision,,,,,,,,,,,,,,,,,,,,
22200582,1610612752,NYK,New York,1629629,Cam Reddish,Cam,,DNP - Coach's Decision,,,,,,,,,,,,,,,,,,,,
22200582,1610612752,NYK,New York,201565,Derrick Rose,Derrick,,DNP - Coach's Decision,,,,,,,,,,,,,,,,,,,,
22200582,1610612752,NYK,New York,1630167,Obi Toppin,Obi,,DNP - Coach's Decision,,,,,,,,,,,,,,,,,,,,
22200582,1610612761,TOR,Toronto,1628384,OG Anunoby,OG,F,,40:07,6.0,12.0,0.5,1.0,4.0,0.25,0.0,1.0,0.0,3.0,6.0,9.0,2.0,3.0,0.0,0.0,5.0,13.0,5.0
22200582,1610612761,TOR,Toronto,1630567,Scottie Barnes,Scottie,F,,35:35,2.0,10.0,0.2,0.0,0.0,0.0,3.0,4.0,0.75,2.0,4.0,6.0,5.0,1.0,1.0,1.0,3.0,7.0,-8.0
22200582,1610612761,TOR,Toronto,1627783,Pascal Siakam,Pascal,C,,39:59,4.0,14.0,0.286,1.0,4.0,0.25,9.0,11.0,0.818,4.0,9.0,13.0,5.0,0.0,0.0,5.0,4.0,18.0,1.0
22200582,1610612761,TOR,Toronto,1629018,Gary Trent Jr.,Gary,G,,41:55,8.0,16.0,0.5,4.0,8.0,0.5,7.0,8.0,0.875,0.0,2.0,2.0,1.0,1.0,0.0,0.0,3.0,27.0,1.0
22200582,1610612761,TOR,Toronto,1627832,Fred VanVleet,Fred,G,,40:46,9.0,21.0,0.429,3.0,9.0,0.333,7.0,9.0,0.778,0.0,8.0,8.0,7.0,2.0,1.0,1.0,3.0,28.0,10.0
22200582,1610612761,TOR,Toronto,1631132,Christian Koloko,Christian,,,12:47,2.0,2.0,1.0,0.0,0.0,0.0,0.0,0.0,0.0,1.0,2.0,3.0,0.0,0.0,1.0,0.0,3.0,4.0,-8.0
22200582,1610612761,TOR,Toronto,1628449,Chris Boucher,Chris,,,15:30,3.0,5.0,0.6,1.0,3.0,0.333,2.0,2.0,1.0,1.0,2.0,3.0,0.0,0.0,0.0,0.0,0.0,9.0,-11.0
22200582,1610612761,TOR,Toronto,1630173,Precious Achiuwa,Precious,,,4:34,1.0,3.0,0.333,0.0,1.0,0.0,0.0,0.0,0.0,0.0,1.0,1.0,1.0,0.0,0.0,0.0,0.0,2.0,-7.0
22200582,1610612761,TOR,Toronto,1630201,Malachi Flynn,Malachi,,,3:03,0.0,0.0,0.0,0.0,0.0,0.0,0.0,0.0,0.0,0.0,0.0,0.0,1.0,0.0,0.0,0.0,0.0,0.0,-9.0
22200582,1610612761,TOR,Toronto,201152,Thaddeus Young,Thaddeus,,,4:15,0.0,0.0,0.0,0.0,0.0,0.0,0.0,0.0,0.0,0.0,0.0,0.0,0.0,0.0,0.0,0.0,1.0,0.0,4.0
22200582,1610612761,TOR,Toronto,1630288,Jeff Dowtin Jr.,Jeff,,,1:31,0.0,0.0,0.0,0.0,0.0,0.0,0.0,0.0,0.0,1.0,0.0,1.0,0.0,0.0,0.0,0.0,1.0,0.0,2.0
22200582,1610612761,TOR,Toronto,203920,Khem Birch,Khem,,DNP - Coach's Decision,,,,,,,,,,,,,,,,,,,,
22200582,1610612761,TOR,Toronto,1627823,Juancho Hernangomez,Juancho,,DNP - Coach's Decision,,,,,,,,,,,,,,,,,,,,
22200580,1610612757,POR,Portland,1628404,Josh Hart,Josh,F,,35:43,4.0,4.0,1.0,2.0,2.0,1.0,2.0,2.0,1.0,2.0,8.0,10.0,8.0,1.0,0.0,2.0,2.0,12.0,-3.0
22200580,1610612757,POR,Portland,203924,Jerami Grant,Jerami,F,,37:23,6.0,15.0,0.4,0.0,5.0,0.0,3.0,3.0,1.0,1.0,3.0,4.0,2.0,0.0,0.0,2.0,2.0,15.0,-10.0
22200580,1610612757,POR,Portland,203994,Jusuf Nurkić,Jusuf,C,,32:55,6.0,15.0,0.4,1.0,4.0,0.25,1.0,1.0,1.0,4.0,15.0,19.0,4.0,1.0,1.0,2.0,4.0,14.0,-14.0
22200580,1610612757,POR,Portland,1629014,Anfernee Simons,Anfernee,G,,40:59,7.0,20.0,0.35,4.0,11.0,0.364,2.0,2.0,1.0,1.0,2.0,3.0,4.0,1.0,0.0,4.0,0.0,20.0,-11.0
22200580,1610612757,POR,Portland,203081,Damian Lillard,Damian,G,,35:43,7.0,24.0,0.292,1.0,8.0,0.125,4.0,5.0,0.8,0.0,2.0,2.0,8.0,0.0,0.0,2.0,3.0,19.0,-3.0
22200580,1610612757,POR,Portland,1631101,Shaedon Sharpe,Shaedon,,,19:18,1.0,4.0,0.25,1.0,3.0,0.333,1.0,2.0,0.5,0.0,4.0,4.0,2.0,1.0,0.0,3.0,1.0,4.0,-4.0
22200580,1610612757,POR,Portland,1631133,Jabari Walker,Jabari,,,14:55,5.0,7.0,0.714,0.0,0.0,0.0,1.0,2.0,0.5,4.0,2.0,6.0,1.0,1.0,0.0,2.0,3.0,11.0,0.0
22200580,1610612757,POR,Portland,1630553,Keon Johnson,Keon,,,7:59,0.0,1.0,0.0,0.0,0.0,0.0,0.0,0.0,0.0,0.0,0.0,0.0,0.0,0.0,0.0,0.0,1.0,0.0,-5.0
22200580,1610612757,POR,Portland,1629234,Drew Eubanks,Drew,,,15:05,2.0,4.0,0.5,0.0,0.0,0.0,0.0,0.0,0.0,0.0,4.0,4.0,1.0,0.0,0.0,1.0,3.0,4.0,5.0
22200580,1610612757,POR,Portland,1630535,Greg Brown III,Greg,,DNP - Coach's Decision,,,,,,,,,,,,,,,,,,,,
22200580,1610612757,POR,Portland,1631219,John Butler Jr.,John,,DNP - Coach's Decision,,,,,,,,,,,,,,,,,,,,
22200580,1610612757,POR,Portland,1630570,Trendon Watford,Trendon,,DNP - Coach's Decision,,,,,,,,,,,,,,,,,,,,
22200580,1610612754,IND,Indiana,1627741,Buddy Hield,Buddy,F,,30:53,3.0,9.0,0.333,2.0,5.0,0.4,3.0,3.0,1.0,0.0,6.0,6.0,0.0,2.0,1.0,0.0,2.0,11.0,9.0
22200580,1610612754,IND,Indiana,1630174,Aaron Nesmith,Aaron,F,,25:31,3.0,5.0,0.6,0.0,0.0,0.0,4.0,4.0,1.0,2.0,5.0,7.0,0.0,2.0,0.0,0.0,3.0,10.0,14.0
22200580,1610612754,IND,Indiana,1626167,Myles Turner,Myles,C,,27:53,6.0,16.0,0.375,0.0,6.0,0.0,5.0,6.0,0.833,0.0,7.0,7.0,2.0,0.0,2.0,0.0,3.0,17.0,14.0
22200580,1610612754,IND,Indiana,1629614,Andrew Nembhard,Andrew,G,,35:43,4.0,7.0,0.571,1.0,1.0,1.0,0.0,0.0,0.0,0.0,4.0,4.0,1.0,2.0,0.0,1.0,0.0,9.0,3.0
22200580,1610612754,IND,Indiana,1630169,Tyrese Haliburton,Tyrese,G,,32:58,5.0,15.0,0.333,3.0,10.0,0.3,2.0,2.0,1.0,0.0,4.0,4.0,12.0,1.0,0.0,2.0,1.0,15.0,5.0
22200580,1610612754,IND,Indiana,1630543,Isaiah Jackson,Isaiah,,,14:15,5.0,6.0,0.833,0.0,0.0,0.0,2.0,4.0,0.5,0.0,1.0,1.0,0.0,0.0,2.0,0.0,2.0,12.0,-7.0
22200580,1610612754,IND,Indiana,1631097,Bennedict Mathurin,Bennedict,,,21:04,6.0,10.0,0.6,0.0,1.0,0.0,7.0,7.0,1.0,0.0,2.0,2.0,0.0,2.0,0.0,4.0,4.0,19.0,1.0
22200580,1610612754,IND,Indiana,1629052,Oshae Brissett,Oshae,,,20:13,2.0,4.0,0.5,1.0,1.0,1.0,0.0,0.0,0.0,1.0,3.0,4.0,0.0,0.0,0.0,0.0,2.0,5.0,0.0
22200580,1610612754,IND,Indiana,204456,T.J. McConnell,T.J.,,,16:35,2.0,5.0,0.4,0.0,0.0,0.0,0.0,0.0,0.0,0.0,2.0,2.0,6.0,1.0,0.0,1.0,1.0,4.0,3.0
22200580,1610612754,IND,Indiana,1630537,Chris Duarte,Chris,,,10:12,2.0,5.0,0.4,0.0,1.0,0.0,2.0,2.0,1.0,0.0,2.0,2.0,0.0,0.0,1.0,4.0,2.0,6.0,-3.0
22200580,1610612754,IND,Indiana,1629048,Goga Bitadze,Goga,,,4:43,0.0,2.0,0.0,0.0,0.0,0.0,0.0,0.0,0.0,1.0,1.0,2.0,1.0,1.0,0.0,0.0,2.0,0.0,6.0
22200580,1610612754,IND,Indiana,201949,James Johnson,James,,DNP - Coach's Decision,,,,,,,,,,,,,,,,,,,,
22200580,1610612754,IND,Indiana,1630678,Terry Taylor,Terry,,DNP - Coach's Decision,,,,,,,,,,,,,,,,,,,,
22200587,1610612746,LAC,LA,1629611,Terance Mann,Terance,F,,23:33,3.0,10.0,0.3,1.0,3.0,0.333,3.0,4.0,0.75,0.0,1.0,1.0,1.0,2.0,0.0,0.0,2.0,10.0,-24.0
22200587,1610612746,LAC,LA,202694,Marcus Morris Sr.,Marcus,F,,24:41,5.0,11.0,0.455,2.0,5.0,0.4,0.0,0.0,0.0,1.0,0.0,1.0,0.0,2.0,0.0,1.0,3.0,12.0,-22.0
22200587,1610612746,LAC,LA,1627826,Ivica Zubac,Ivica,C,,21:06,4.0,8.0,0.5,0.0,1.0,0.0,1.0,2.0,0.5,1.0,1.0,2.0,1.0,0.0,0.0,1.0,1.0,9.0,-26.0
22200587,1610612746,LAC,LA,1628379,Luke Kennard,Luke,G,,21:06,4.0,8.0,0.5,1.0,2.0,0.5,2.0,2.0,1.0,1.0,3.0,4.0,1.0,0.0,1.0,2.0,2.0,11.0,-26.0
22200587,1610612746,LAC,LA,202704,Reggie Jackson,Reggie,G,,17:57,1.0,9.0,0.111,0.0,2.0,0.0,0.0,0.0,0.0,1.0,0.0,1.0,3.0,1.0,0.0,0.0,1.0,2.0,-15.0
22200587,1610612746,LAC,LA,1626181,Norman Powell,Norman,,,24:41,9.0,14.0,0.643,3.0,5.0,0.6,0.0,1.0,0.0,0.0,6.0,6.0,0.0,2.0,0.0,1.0,2.0,21.0,5.0
22200587,1610612746,LAC,LA,1629599,Amir Coffey,Amir,,,19:10,1.0,5.0,0.2,0.0,0.0,0.0,0.0,0.0,0.0,1.0,2.0,3.0,4.0,0.0,0.0,1.0,2.0,2.0,15.0
22200587,1610612746,LAC,LA,1629650,Moses Brown,Moses,,,26:54,5.0,10.0,0.5,0.0,0.0,0.0,4.0,8.0,0.5,10.0,1.0,11.0,0.0,1.0,0.0,1.0,3.0,14.0,13.0
22200587,1610612746,LAC,LA,202322,John Wall,John,,,25:47,6.0,12.0,0.5,0.0,1.0,0.0,2.0,3.0,0.667,1.0,0.0,1.0,8.0,1.0,2.0,1.0,2.0,14.0,0.0
22200587,1610612746,LAC,LA,203496,Robert Covington,Robert,,,24:32,3.0,7.0,0.429,1.0,4.0,0.25,5.0,6.0,0.833,1.0,5.0,6.0,1.0,3.0,0.0,0.0,1.0,12.0,7.0
22200587,1610612746,LAC,LA,1630527,Brandon Boston,Brandon,,,5:19,3.0,5.0,0.6,1.0,1.0,1.0,1.0,1.0,1.0,1.0,2.0,3.0,0.0,1.0,0.0,0.0,0.0,8.0,4.0
22200587,1610612746,LAC,LA,1630554,Jason Preston,Jason,,,5:14,0.0,1.0,0.0,0.0,1.0,0.0,0.0,0.0,0.0,0.0,1.0,1.0,3.0,0.0,0.0,0.0,0.0,0.0,4.0
22200587,1610612750,MIN,Minnesota,1630183,Jaden McDaniels,Jaden,F,,33:15,6.0,10.0,0.6,3.0,6.0,0.5,3.0,4.0,0.75,1.0,3.0,4.0,3.0,0.0,1.0,1.0,1.0,18.0,18.0
22200587,1610612750,MIN,Minnesota,203937,Kyle Anderson,Kyle,F,,30:39,5.0,7.0,0.714,2.0,3.0,0.667,0.0,0.0,0.0,1.0,6.0,7.0,6.0,0.0,1.0,2.0,2.0,12.0,31.0
22200587,1610612750,MIN,Minnesota,203497,Rudy Gobert,Rudy,C,,36:15,11.0,15.0,0.733,0.0,0.0,0.0,3.0,5.0,0.6,7.0,14.0,21.0,0.0,0.0,2.0,5.0,2.0,25.0,31.0
22200587,1610612750,MIN,Minnesota,1630162,Anthony Edwards,Anthony,G,,22:38,2.0,7.0,0.286,0.0,3.0,0.0,1.0,2.0,0.5,0.0,3.0,3.0,5.0,0.0,1.0,2.0,1.0,5.0,18.0
22200587,1610612750,MIN,Minnesota,1626156,D'Angelo Russell,D'Angelo,G,,32:52,7.0,12.0,0.583,1.0,4.0,0.25,10.0,10.0,1.0,0.0,5.0,5.0,4.0,2.0,1.0,2.0,4.0,25.0,8.0
22200587,1610612750,MIN,Minnesota,1629675,Naz Reid,Naz,,,9:15,4.0,4.0,1.0,2.0,2.0,1.0,0.0,0.0,0.0,0.0,0.0,0.0,0.0,0.0,0.0,1.0,1.0,10.0,-14.0
22200587,1610612750,MIN,Minnesota,1627752,Taurean Prince,Taurean,,,26:08,3.0,9.0,0.333,3.0,9.0,0.333,1.0,3.0,0.333,1.0,2.0,3.0,1.0,0.0,0.0,3.0,4.0,10.0,-4.0
22200587,1610612750,MIN,Minnesota,1629669,Jaylen Nowell,Jaylen,,,17:57,5.0,8.0,0.625,1.0,3.0,0.333,3.0,3.0,1.0,0.0,0.0,0.0,6.0,1.0,0.0,2.0,2.0,14.0,-2.0
22200587,1610612750,MIN,Minnesota,203085,Austin Rivers,Austin,,,20:31,2.0,5.0,0.4,0.0,3.0,0.0,0.0,0.0,0.0,0.0,0.0,0.0,2.0,1.0,0.0,0.0,4.0,4.0,-5.0
22200587,1610612750,MIN,Minnesota,1630233,Nathan Knight,Nathan,,,2:30,0.0,0.0,0.0,0.0,0.0,0.0,0.0,0.0,0.0,0.0,0.0,0.0,0.0,0.0,0.0,1.0,0.0,0.0,-4.0
22200587,1610612750,MIN,Minnesota,1630346,Matt Ryan,Matt,,,2:30,1.0,1.0,1.0,1.0,1.0,1.0,0.0,0.0,0.0,0.0,0.0,0.0,0.0,0.0,0.0,0.0,0.0,3.0,-4.0
22200587,1610612750,MIN,Minnesota,1630568,Luka Garza,Luka,,,2:30,0.0,2.0,0.0,0.0,1.0,0.0,2.0,2.0,1.0,0.0,0.0,0.0,0.0,0.0,0.0,0.0,0.0,2.0,-4.0
22200587,1610612750,MIN,Minnesota,1631111,Wendell Moore Jr.,Wendell,,,1:37,0.0,1.0,0.0,0.0,0.0,0.0,0.0,0.0,0.0,0.0,0.0,0.0,1.0,0.0,0.0,0.0,0.0,0.0,-1.0
22200587,1610612750,MIN,Minnesota,1631169,Josh Minott,Josh,,,1:23,0.0,0.0,0.0,0.0,0.0,0.0,0.0,0.0,0.0,0.0,2.0,2.0,0.0,0.0,1.0,0.0,1.0,0.0,-3.0
22200587,1610612750,MIN,Minnesota,1627854,Bryn Forbes,Bryn,,DNP - Coach's Decision,,,,,,,,,,,,,,,,,,,,
22200588,1610612739,CLE,Cleveland,1630171,Isaac Okoro,Isaac,F,,17:25,1.0,5.0,0.2,0.0,0.0,0.0,1.0,2.0,0.5,3.0,2.0,5.0,2.0,2.0,0.0,1.0,1.0,3.0,-13.0
22200588,1610612739,CLE,Cleveland,1630596,Evan Mobley,Evan,F,,34:02,6.0,13.0,0.462,0.0,2.0,0.0,0.0,6.0,0.0,2.0,7.0,9.0,4.0,1.0,3.0,1.0,4.0,12.0,-3.0
22200588,1610612739,CLE,Cleveland,1628386,Jarrett Allen,Jarrett,C,,35:35,4.0,11.0,0.364,0.0,1.0,0.0,5.0,8.0,0.625,7.0,2.0,9.0,1.0,1.0,1.0,1.0,2.0,13.0,-18.0
22200588,1610612739,CLE,Cleveland,1627747,Caris LeVert,Caris,G,,32:55,8.0,13.0,0.615,3.0,4.0,0.75,3.0,5.0,0.6,1.0,3.0,4.0,3.0,0.0,0.0,1.0,3.0,22.0,-12.0
22200588,1610612739,CLE,Cleveland,1629636,Darius Garland,Darius,G,,33:03,8.0,20.0,0.4,1.0,6.0,0.167,4.0,6.0,0.667,1.0,3.0,4.0,8.0,0.0,0.0,1.0,3.0,21.0,-15.0
22200588,1610612739,CLE,Cleveland,1626224,Cedi Osman,Cedi,,,28:04,6.0,10.0,0.6,3.0,6.0,0.5,0.0,0.0,0.0,0.0,1.0,1.0,2.0,2.0,0.0,0.0,2.0,15.0,-7.0
22200588,1610612739,CLE,Cleveland,201567,Kevin Love,Kevin,,,23:47,3.0,6.0,0.5,1.0,2.0,0.5,3.0,3.0,1.0,3.0,3.0,6.0,4.0,1.0,0.0,1.0,2.0,10.0,-5.0
22200588,1610612739,CLE,Cleveland,203526,Raul Neto,Raul,,,20:20,2.0,4.0,0.5,2.0,4.0,0.5,0.0,0.0,0.0,0.0,1.0,1.0,5.0,0.0,0.0,0.0,1.0,6.0,2.0
22200588,1610612739,CLE,Cleveland,1630205,Lamar Stevens,Lamar,,,13:30,2.0,6.0,0.333,0.0,1.0,0.0,2.0,2.0,1.0,1.0,0.0,1.0,1.0,0.0,1.0,0.0,0.0,6.0,6.0
22200588,1610612739,CLE,Cleveland,201577,Robin Lopez,Robin,,,1:18,0.0,0.0,0.0,0.0,0.0,0.0,0.0,0.0,0.0,0.0,0.0,0.0,0.0,0.0,0.0,0.0,0.0,0.0,0.0
22200588,1610612739,CLE,Cleveland,1628378,Donovan Mitchell,Donovan,,DNP - Coach's Decision,,,,,,,,,,,,,,,,,,,,
22200588,1610612743,DEN,Denver,1629008,Michael Porter Jr.,Michael,F,,32:54,5.0,13.0,0.385,3.0,8.0,0.375,3.0,4.0,0.75,3.0,5.0,8.0,1.0,0.0,0.0,1.0,2.0,16.0,13.0
22200588,1610612743,DEN,Denver,203932,Aaron Gordon,Aaron,F,,29:57,4.0,8.0,0.5,1.0,2.0,0.5,3.0,6.0,0.5,2.0,8.0,10.0,1.0,0.0,0.0,0.0,2.0,12.0,16.0
22200588,1610612743,DEN,Denver,203999,Nikola Jokić,Nikola,C,,35:23,10.0,17.0,0.588,3.0,4.0,0.75,5.0,5.0,1.0,4.0,11.0,15.0,10.0,2.0,0.0,4.0,4.0,28.0,18.0
22200588,1610612743,DEN,Denver,203484,Kentavious Caldwell-Pope,Kentavious,G,,29:54,4.0,7.0,0.571,2.0,4.0,0.5,4.0,4.0,1.0,0.0,1.0,1.0,2.0,0.0,0.0,1.0,1.0,14.0,15.0
22200588,1610612743,DEN,Denver,1627750,Jamal Murray,Jamal,G,,32:23,7.0,13.0,0.538,2.0,5.0,0.4,2.0,2.0,1.0,2.0,2.0,4.0,2.0,1.0,2.0,1.0,3.0,18.0,7.0
22200588,1610612743,DEN,Denver,1628971,Bruce Brown,Bruce,,,28:00,5.0,10.0,0.5,3.0,5.0,0.6,0.0,0.0,0.0,1.0,4.0,5.0,6.0,1.0,0.0,1.0,2.0,13.0,10.0
22200588,1610612743,DEN,Denver,1630538,Bones Hyland,Bones,,,16:55,5.0,8.0,0.625,2.0,4.0,0.5,1.0,2.0,0.5,0.0,2.0,2.0,2.0,0.0,0.0,3.0,0.0,13.0,-6.0
22200588,1610612743,DEN,Denver,1628427,Vlatko Čančar,Vlatko,,,18:03,2.0,3.0,0.667,1.0,2.0,0.5,0.0,0.0,0.0,1.0,0.0,1.0,3.0,1.0,0.0,0.0,5.0,5.0,-3.0
22200588,1610612743,DEN,Denver,1630192,Zeke Nnaji,Zeke,,,6:41,0.0,1.0,0.0,0.0,1.0,0.0,0.0,0.0,0.0,0.0,0.0,0.0,0.0,0.0,0.0,1.0,1.0,0.0,-4.0
22200588,1610612743,DEN,Denver,201599,DeAndre Jordan,DeAndre,,,5:56,1.0,1.0,1.0,0.0,0.0,0.0,0.0,0.0,0.0,0.0,2.0,2.0,1.0,0.0,2.0,0.0,3.0,2.0,-1.0
22200588,1610612743,DEN,Denver,202397,Ish Smith,Ish,,,1:18,0.0,0.0,0.0,0.0,0.0,0.0,0.0,0.0,0.0,0.0,0.0,0.0,0.0,0.0,0.0,0.0,0.0,0.0,0.0
22200588,1610612743,DEN,Denver,1631128,Christian Braun,Christian,,,1:18,0.0,0.0,0.0,0.0,0.0,0.0,0.0,0.0,0.0,0.0,0.0,0.0,0.0,0.0,0.0,0.0,0.0,0.0,0.0
22200588,1610612743,DEN,Denver,1628432,Davon Reed,Davon,,,1:18,0.0,0.0,0.0,0.0,0.0,0.0,0.0,0.0,0.0,0.0,1.0,1.0,0.0,0.0,0.0,0.0,0.0,0.0,0.0
22200583,1610612766,CHA,Charlotte,1629667,Jalen McDaniels,Jalen,F,,32:24,3.0,8.0,0.375,0.0,3.0,0.0,5.0,5.0,1.0,0.0,9.0,9.0,2.0,2.0,1.0,0.0,2.0,11.0,20.0
22200583,1610612766,CHA,Charlotte,1629023,P.J. Washington,P.J.,F,,28:05,9.0,14.0,0.643,5.0,10.0,0.5,0.0,0.0,0.0,0.0,2.0,2.0,2.0,2.0,0.0,1.0,3.0,23.0,18.0
22200583,1610612766,CHA,Charlotte,203486,Mason Plumlee,Mason,C,,31:22,8.0,9.0,0.889,0.0,0.0,0.0,1.0,3.0,0.333,5.0,10.0,15.0,6.0,1.0,0.0,2.0,3.0,17.0,30.0
22200583,1610612766,CHA,Charlotte,1626179,Terry Rozier,Terry,G,,34:05,15.0,29.0,0.517,6.0,15.0,0.4,3.0,4.0,0.75,0.0,2.0,2.0,4.0,1.0,0.0,1.0,0.0,39.0,27.0
22200583,1610612766,CHA,Charlotte,1630163,LaMelo Ball,LaMelo,G,,35:47,8.0,21.0,0.381,7.0,13.0,0.538,1.0,1.0,1.0,1.0,2.0,3.0,12.0,2.0,1.0,0.0,1.0,24.0,20.0
22200583,1610612766,CHA,Charlotte,1628372,Dennis Smith Jr.,Dennis,,,20:19,2.0,3.0,0.667,0.0,0.0,0.0,2.0,2.0,1.0,0.0,2.0,2.0,1.0,1.0,1.0,1.0,2.0,6.0,19.0
22200583,1610612766,CHA,Charlotte,1628998,Cody Martin,Cody,,,21:42,2.0,7.0,0.286,0.0,4.0,0.0,0.0,2.0,0.0,1.0,3.0,4.0,3.0,0.0,0.0,0.0,0.0,4.0,10.0
22200583,1610612766,CHA,Charlotte,1630550,JT Thor,JT,,,17:10,4.0,6.0,0.667,2.0,3.0,0.667,0.0,0.0,0.0,4.0,2.0,6.0,1.0,0.0,0.0,0.0,3.0,10.0,-1.0
22200583,1610612766,CHA,Charlotte,1631109,Mark Williams,Mark,,,14:10,2.0,4.0,0.5,0.0,0.0,0.0,0.0,2.0,0.0,2.0,4.0,6.0,1.0,1.0,0.0,0.0,3.0,4.0,-4.0
22200583,1610612766,CHA,Charlotte,1630208,Nick Richards,Nick,,,2:28,0.0,0.0,0.0,0.0,0.0,0.0,0.0,0.0,0.0,0.0,0.0,0.0,0.0,1.0,0.0,0.0,0.0,0.0,3.0
22200583,1610612766,CHA,Charlotte,1631121,Bryce McGowens,Bryce,,,2:28,0.0,1.0,0.0,0.0,0.0,0.0,0.0,0.0,0.0,0.0,0.0,0.0,0.0,0.0,0.0,0.0,0.0,0.0,3.0
22200583,1610612749,MIL,Milwaukee,1626192,Pat Connaughton,Pat,F,,16:09,2.0,5.0,0.4,1.0,3.0,0.333,0.0,0.0,0.0,0.0,1.0,1.0,1.0,0.0,0.0,1.0,1.0,5.0,-21.0
22200583,1610612749,MIL,Milwaukee,203507,Giannis Antetokounmpo,Giannis,F,,21:58,2.0,7.0,0.286,0.0,2.0,0.0,5.0,11.0,0.455,2.0,2.0,4.0,0.0,0.0,0.0,3.0,2.0,9.0,-21.0
22200583,1610612749,MIL,Milwaukee,201572,Brook Lopez,Brook,C,,18:57,3.0,5.0,0.6,1.0,3.0,0.333,2.0,2.0,1.0,3.0,1.0,4.0,1.0,0.0,0.0,0.0,1.0,9.0,-11.0
22200583,1610612749,MIL,Milwaukee,1628960,Grayson Allen,Grayson,G,,21:29,4.0,7.0,0.571,3.0,4.0,0.75,1.0,1.0,1.0,0.0,2.0,2.0,2.0,0.0,1.0,1.0,2.0,12.0,-22.0
22200583,1610612749,MIL,Milwaukee,201950,Jrue Holiday,Jrue,G,,19:26,4.0,9.0,0.444,3.0,5.0,0.6,1.0,2.0,0.5,1.0,1.0,2.0,4.0,1.0,0.0,0.0,1.0,12.0,-18.0
22200583,1610612749,MIL,Milwaukee,1626171,Bobby Portis,Bobby,,,22:47,7.0,10.0,0.7,3.0,4.0,0.75,2.0,2.0,1.0,3.0,9.0,12.0,3.0,1.0,0.0,0.0,3.0,19.0,-16.0
22200583,1610612749,MIL,Milwaukee,204060,Joe Ingles,Joe,,,19:27,2.0,5.0,0.4,2.0,5.0,0.4,0.0,0.0,0.0,0.0,1.0,1.0,3.0,0.0,1.0,2.0,0.0,6.0,-11.0
22200583,1610612749,MIL,Milwaukee,1630699,MarJon Beauchamp,MarJon,,,23:19,2.0,6.0,0.333,0.0,3.0,0.0,2.0,2.0,1.0,0.0,2.0,2.0,2.0,0.0,0.0,1.0,2.0,6.0,-14.0
22200583,1610612749,MIL,Milwaukee,1628975,Jevon Carter,Jevon,,,16:06,3.0,10.0,0.3,2.0,7.0,0.286,0.0,0.0,0.0,0.0,2.0,2.0,0.0,1.0,1.0,2.0,1.0,8.0,-1.0
22200583,1610612749,MIL,Milwaukee,1631260,AJ Green,AJ,,,17:46,5.0,8.0,0.625,3.0,6.0,0.5,0.0,0.0,0.0,0.0,3.0,3.0,2.0,0.0,0.0,0.0,1.0,13.0,6.0
22200583,1610612749,MIL,Milwaukee,201588,George Hill,George,,,12:00,2.0,2.0,1.0,1.0,1.0,1.0,0.0,0.0,0.0,0.0,2.0,2.0,3.0,1.0,0.0,0.0,0.0,5.0,-4.0
22200583,1610612749,MIL,Milwaukee,1629670,Jordan Nwora,Jordan,,,12:00,1.0,2.0,0.5,1.0,1.0,1.0,0.0,0.0,0.0,1.0,5.0,6.0,1.0,0.0,1.0,4.0,0.0,3.0,-4.0
22200583,1610612749,MIL,Milwaukee,202083,Wesley Matthews,Wesley,,,9:18,0.0,2.0,0.0,0.0,2.0,0.0,0.0,0.0,0.0,0.0,0.0,0.0,0.0,1.0,0.0,1.0,0.0,0.0,-4.0
22200583,1610612749,MIL,Milwaukee,203648,Thanasis Antetokounmpo,Thanasis,,,9:18,0.0,6.0,0.0,0.0,2.0,0.0,2.0,4.0,0.5,2.0,2.0,4.0,0.0,0.0,0.0,1.0,4.0,2.0,-4.0
22200583,1610612749,MIL,Milwaukee,201586,Serge Ibaka,Serge,,DNP - Coach's Decision,,,,,,,,,,,,,,,,,,,,
22200586,1610612751,BKN,Brooklyn,201142,Kevin Durant,Kevin,F,,37:52,9.0,26.0,0.346,4.0,7.0,0.571,11.0,11.0,1.0,1.0,9.0,10.0,3.0,0.0,2.0,4.0,1.0,33.0,20.0
22200586,1610612751,BKN,Brooklyn,1626220,Royce O'Neale,Royce,F,,36:12,5.0,8.0,0.625,4.0,7.0,0.571,0.0,0.0,0.0,0.0,7.0,7.0,1.0,2.0,2.0,2.0,3.0,14.0,2.0
22200586,1610612751,BKN,Brooklyn,1629651,Nic Claxton,Nic,C,,31:23,4.0,4.0,1.0,0.0,0.0,0.0,1.0,1.0,1.0,5.0,4.0,9.0,4.0,1.0,5.0,1.0,3.0,9.0,15.0
22200586,1610612751,BKN,Brooklyn,202681,Kyrie Irving,Kyrie,G,,38:18,7.0,22.0,0.318,3.0,10.0,0.3,2.0,2.0,1.0,2.0,3.0,5.0,6.0,0.0,1.0,2.0,3.0,19.0,-9.0
22200586,1610612751,BKN,Brooklyn,1627732,Ben Simmons,Ben,G,,33:33,3.0,6.0,0.5,0.0,0.0,0.0,0.0,0.0,0.0,1.0,5.0,6.0,9.0,3.0,1.0,1.0,4.0,6.0,-6.0
22200586,1610612751,BKN,Brooklyn,203933,T.J. Warren,T.J.,,,23:38,5.0,8.0,0.625,1.0,2.0,0.5,4.0,4.0,1.0,0.0,1.0,1.0,0.0,1.0,0.0,0.0,3.0,15.0,15.0
22200586,1610612751,BKN,Brooklyn,203552,Seth Curry,Seth,,,15:58,3.0,9.0,0.333,2.0,5.0,0.4,0.0,0.0,0.0,0.0,1.0,1.0,2.0,1.0,0.0,1.0,2.0,8.0,-2.0
22200586,1610612751,BKN,Brooklyn,1629139,Yuta Watanabe,Yuta,,,8:50,1.0,1.0,1.0,1.0,1.0,1.0,0.0,0.0,0.0,0.0,0.0,0.0,0.0,0.0,0.0,0.0,1.0,3.0,5.0
22200586,1610612751,BKN,Brooklyn,203925,Joe Harris,Joe,,,14:15,0.0,1.0,0.0,0.0,1.0,0.0,1.0,2.0,0.5,1.0,3.0,4.0,1.0,0.0,1.0,1.0,3.0,1.0,-10.0
22200586,1610612751,BKN,Brooklyn,201988,Patty Mills,Patty,,DNP - Coach's Decision,,,,,,,,,,,,,,,,,,,,
22200586,1610612751,BKN,Brooklyn,202693,Markieff Morris,Markieff,,DNP - Coach's Decision,,,,,,,,,,,,,,,,,,,,
22200586,1610612751,BKN,Brooklyn,1628410,Edmond Sumner,Edmond,,DNP - Coach's Decision,,,,,,,,,,,,,,,,,,,,
22200586,1610612751,BKN,Brooklyn,1630560,Cam Thomas,Cam,,DNP - Coach's Decision,,,,,,,,,,,,,,,,,,,,
22200586,1610612740,NOP,New Orleans,1630230,Naji Marshall,Naji,F,,33:15,6.0,11.0,0.545,3.0,5.0,0.6,8.0,10.0,0.8,0.0,9.0,9.0,1.0,3.0,0.0,3.0,0.0,23.0,3.0
22200586,1610612740,NOP,New Orleans,1630530,Trey Murphy III,Trey,F,,30:37,3.0,5.0,0.6,1.0,2.0,0.5,4.0,4.0,1.0,1.0,0.0,1.0,0.0,0.0,0.0,1.0,2.0,11.0,-11.0
22200586,1610612740,NOP,New Orleans,202685,Jonas Valančiūnas,Jonas,C,,25:56,5.0,11.0,0.455,0.0,0.0,0.0,2.0,2.0,1.0,4.0,6.0,10.0,0.0,0.0,0.0,3.0,3.0,12.0,-7.0
22200586,1610612740,NOP,New Orleans,1630529,Herbert Jones,Herbert,G,,25:30,2.0,7.0,0.286,1.0,2.0,0.5,0.0,0.0,0.0,1.0,1.0,2.0,3.0,0.0,1.0,0.0,6.0,5.0,-16.0
22200586,1610612740,NOP,New Orleans,203468,CJ McCollum,CJ,G,,37:16,10.0,24.0,0.417,4.0,8.0,0.5,4.0,7.0,0.571,1.0,5.0,6.0,6.0,0.0,2.0,3.0,1.0,28.0,-16.0
22200586,1610612740,NOP,New Orleans,1630631,Jose Alvarado,Jose,,,32:09,6.0,16.0,0.375,3.0,10.0,0.3,2.0,2.0,1.0,0.0,5.0,5.0,2.0,0.0,0.0,3.0,2.0,17.0,8.0
22200586,1610612740,NOP,New Orleans,1626204,Larry Nance Jr.,Larry,,,20:35,0.0,4.0,0.0,0.0,1.0,0.0,0.0,0.0,0.0,2.0,6.0,8.0,0.0,0.0,1.0,1.0,2.0,0.0,4.0
22200586,1610612740,NOP,New Orleans,1630700,Dyson Daniels,Dyson,,,9:53,0.0,0.0,0.0,0.0,0.0,0.0,0.0,0.0,0.0,1.0,1.0,2.0,2.0,1.0,0.0,0.0,1.0,0.0,-3.0
22200586,1610612740,NOP,New Orleans,1629637,Jaxson Hayes,Jaxson,,,12:39,2.0,7.0,0.286,0.0,0.0,0.0,0.0,0.0,0.0,4.0,2.0,6.0,2.0,1.0,0.0,0.0,2.0,4.0,3.0
22200586,1610612740,NOP,New Orleans,1628984,Devonte' Graham,Devonte',,,12:10,1.0,3.0,0.333,0.0,1.0,0.0,0.0,0.0,0.0,0.0,2.0,2.0,0.0,2.0,0.0,1.0,1.0,2.0,5.0
22200586,1610612740,NOP,New Orleans,1626195,Willy Hernangomez,Willy,,DNP - Coach's Decision,,,,,,,,,,,,,,,,,,,,
22200586,1610612740,NOP,New Orleans,1630184,Kira Lewis Jr.,Kira,,DNP - Coach's Decision,,,,,,,,,,,,,,,,,,,,
22200586,1610612740,NOP,New Orleans,1631220,Dereon Seabron,Dereon,,DNP - Coach's Decision,,,,,,,,,,,,,,,,,,,,
22200586,1610612740,NOP,New Orleans,202066,Garrett Temple,Garrett,,DNP - Coach's Decision,,,,,,,,,,,,,,,,,,,,
22200589,1610612748,MIA,Miami,202710,Jimmy Butler III,Jimmy,F,,32:56,5.0,9.0,0.556,0.0,0.0,0.0,10.0,10.0,1.0,0.0,5.0,5.0,6.0,2.0,0.0,2.0,1.0,20.0,5.0
22200589,1610612748,MIA,Miami,1629312,Haywood Highsmith,Haywood,F,,27:07,0.0,6.0,0.0,0.0,4.0,0.0,0.0,0.0,0.0,1.0,6.0,7.0,0.0,2.0,0.0,2.0,0.0,0.0,9.0
22200589,1610612748,MIA,Miami,1628389,Bam Adebayo,Bam,C,,38:15,10.0,15.0,0.667,0.0,0.0,0.0,1.0,4.0,0.25,1.0,10.0,11.0,2.0,2.0,1.0,1.0,1.0,21.0,17.0
22200589,1610612748,MIA,Miami,1629622,Max Strus,Max,G,,38:15,5.0,15.0,0.333,5.0,12.0,0.417,4.0,4.0,1.0,0.0,2.0,2.0,3.0,1.0,1.0,1.0,2.0,19.0,17.0
22200589,1610612748,MIA,Miami,200768,Kyle Lowry,Kyle,G,,32:56,3.0,11.0,0.273,1.0,8.0,0.125,3.0,3.0,1.0,0.0,3.0,3.0,3.0,1.0,1.0,0.0,4.0,10.0,5.0
22200589,1610612748,MIA,Miami,203506,Victor Oladipo,Victor,,,34:04,7.0,10.0,0.7,4.0,6.0,0.667,8.0,10.0,0.8,1.0,0.0,1.0,2.0,2.0,0.0,5.0,3.0,26.0,2.0
22200589,1610612748,MIA,Miami,203473,Dewayne Dedmon,Dewayne,,,9:45,1.0,2.0,0.5,0.0,0.0,0.0,0.0,0.0,0.0,2.0,2.0,4.0,0.0,0.0,0.0,1.0,2.0,2.0,-9.0
22200589,1610612748,MIA,Miami,1629216,Gabe Vincent,Gabe,,,26:42,2.0,10.0,0.2,2.0,8.0,0.25,0.0,0.0,0.0,0.0,4.0,4.0,3.0,0.0,0.0,0.0,1.0,6.0,-6.0
22200589,1610612748,MIA,Miami,2617,Udonis Haslem,Udonis,,DNP - Coach's Decision,,,,,,,,,,,,,,,,,,,,
22200589,1610612748,MIA,Miami,1629639,Tyler Herro,Tyler,,DND - Injury/Illness,,,,,,,,,,,,,,,,,,,,
22200589,1610612748,MIA,Miami,1631115,Orlando Robinson,Orlando,,DNP - Coach's Decision,,,,,,,,,,,,,,,,,,,,
22200589,1610612756,PHX,Phoenix,1628969,Mikal Bridges,Mikal,F,,39:23,2.0,10.0,0.2,1.0,5.0,0.2,10.0,10.0,1.0,2.0,2.0,4.0,7.0,2.0,0.0,2.0,1.0,15.0,-2.0
22200589,1610612756,PHX,Phoenix,1628470,Torrey Craig,Torrey,F,,35:27,7.0,11.0,0.636,2.0,3.0,0.667,1.0,1.0,1.0,3.0,6.0,9.0,1.0,0.0,1.0,1.0,5.0,17.0,-2.0
22200589,1610612756,PHX,Phoenix,1629028,Deandre Ayton,Deandre,C,,35:44,10.0,20.0,0.5,0.0,1.0,0.0,3.0,4.0,0.75,2.0,12.0,14.0,2.0,0.0,0.0,3.0,2.0,23.0,-3.0
22200589,1610612756,PHX,Phoenix,1629013,Landry Shamet,Landry,G,,33:21,4.0,9.0,0.444,1.0,3.0,0.333,2.0,3.0,0.667,0.0,2.0,2.0,3.0,0.0,0.0,3.0,1.0,11.0,-14.0
22200589,1610612756,PHX,Phoenix,101108,Chris Paul,Chris,G,,12:01,2.0,3.0,0.667,1.0,1.0,1.0,0.0,0.0,0.0,0.0,0.0,0.0,1.0,1.0,0.0,1.0,2.0,5.0,-6.0
22200589,1610612756,PHX,Phoenix,1627814,Damion Lee,Damion,,,23:44,2.0,4.0,0.5,0.0,2.0,0.0,1.0,1.0,1.0,0.0,6.0,6.0,1.0,1.0,0.0,0.0,6.0,5.0,-9.0
22200589,1610612756,PHX,Phoenix,1630613,Duane Washington Jr.,Duane,,,24:32,5.0,18.0,0.278,1.0,6.0,0.167,2.0,2.0,1.0,0.0,2.0,2.0,7.0,1.0,0.0,3.0,0.0,13.0,0.0
22200589,1610612756,PHX,Phoenix,1629111,Jock Landale,Jock,,,12:16,1.0,3.0,0.333,0.0,0.0,0.0,2.0,2.0,1.0,0.0,4.0,4.0,0.0,0.0,0.0,0.0,1.0,4.0,-5.0
22200589,1610612756,PHX,Phoenix,1630688,Ish Wainright,Ish,,,17:52,1.0,4.0,0.25,0.0,2.0,0.0,0.0,0.0,0.0,1.0,1.0,2.0,0.0,0.0,1.0,1.0,2.0,2.0,-2.0
22200589,1610612756,PHX,Phoenix,1629006,Josh Okogie,Josh,,,5:41,0.0,0.0,0.0,0.0,0.0,0.0,1.0,2.0,0.5,0.0,1.0,1.0,0.0,0.0,0.0,0.0,0.0,1.0,3.0
22200589,1610612756,PHX,Phoenix,202687,Bismack Biyombo,Bismack,,DNP - Coach's Decision,,,,,,,,,,,,,,,,,,,,
22200589,1610612756,PHX,Phoenix,203967,Dario Šarić,Dario,,DNP - Coach's Decision,,,,,,,,,,,,,,,,,,,,
22200576,1610612763,MEM,Memphis,1628415,Dillon Brooks,Dillon,F,,32:01,5.0,18.0,0.278,1.0,8.0,0.125,0.0,0.0,0.0,0.0,6.0,6.0,6.0,0.0,0.0,1.0,4.0,11.0,6.0
22200576,1610612763,MEM,Memphis,1628991,Jaren Jackson Jr.,Jaren,F,,31:58,12.0,14.0,0.857,2.0,3.0,0.667,5.0,7.0,0.714,2.0,8.0,10.0,1.0,1.0,3.0,2.0,3.0,31.0,20.0
22200576,1610612763,MEM,Memphis,203500,Steven Adams,Steven,C,,30:10,2.0,5.0,0.4,0.0,0.0,0.0,0.0,1.0,0.0,1.0,5.0,6.0,0.0,1.0,0.0,2.0,5.0,4.0,-5.0
22200576,1610612763,MEM,Memphis,1629723,John Konchar,John,G,,23:41,1.0,4.0,0.25,1.0,2.0,0.5,0.0,0.0,0.0,0.0,7.0,7.0,1.0,0.0,0.0,1.0,1.0,3.0,-1.0
22200576,1610612763,MEM,Memphis,1629630,Ja Morant,Ja,G,,35:30,13.0,21.0,0.619,1.0,5.0,0.2,5.0,7.0,0.714,2.0,3.0,5.0,6.0,1.0,0.0,3.0,0.0,32.0,-8.0
22200576,1610612763,MEM,Memphis,1630583,Santi Aldama,Santi,,,12:60,0.0,4.0,0.0,0.0,4.0,0.0,0.0,0.0,0.0,0.0,2.0,2.0,1.0,0.0,0.0,2.0,3.0,0.0,-8.0
22200576,1610612763,MEM,Memphis,1626145,Tyus Jones,Tyus,,,24:42,4.0,10.0,0.4,2.0,7.0,0.286,2.0,3.0,0.667,0.0,3.0,3.0,8.0,2.0,0.0,0.0,0.0,12.0,10.0
22200576,1610612763,MEM,Memphis,1630214,Xavier Tillman,Xavier,,,17:50,2.0,3.0,0.667,0.0,0.0,0.0,2.0,2.0,1.0,4.0,4.0,8.0,1.0,0.0,0.0,0.0,0.0,6.0,13.0
22200576,1610612763,MEM,Memphis,1631223,David Roddy,David,,,17:00,3.0,6.0,0.5,2.0,3.0,0.667,0.0,2.0,0.0,0.0,1.0,1.0,0.0,0.0,0.0,0.0,4.0,8.0,0.0
22200576,1610612763,MEM,Memphis,1630533,Ziaire Williams,Ziaire,,,14:08,6.0,7.0,0.857,3.0,4.0,0.75,1.0,1.0,1.0,0.0,1.0,1.0,0.0,0.0,0.0,1.0,2.0,16.0,13.0
22200576,1610612763,MEM,Memphis,1631113,Kennedy Chandler,Kennedy,,DNP - Coach's Decision,,,,,,,,,,,,,,,,,,,,
22200576,1610612763,MEM,Memphis,1631246,Vince Williams Jr.,Vince,,DNP - Coach's Decision,,,,,,,,,,,,,,,,,,,,
22200576,1610612753,ORL,Orlando,1630532,Franz Wagner,Franz,F,,37:40,6.0,10.0,0.6,2.0,4.0,0.5,8.0,10.0,0.8,0.0,2.0,2.0,3.0,2.0,0.0,2.0,4.0,22.0,-12.0
22200576,1610612753,ORL,Orlando,1631094,Paolo Banchero,Paolo,F,,35:46,10.0,20.0,0.5,2.0,7.0,0.286,8.0,9.0,0.889,3.0,6.0,9.0,3.0,1.0,0.0,1.0,3.0,30.0,10.0
22200576,1610612753,ORL,Orlando,1628976,Wendell Carter Jr.,Wendell,C,,30:00,7.0,12.0,0.583,2.0,4.0,0.5,2.0,2.0,1.0,2.0,5.0,7.0,0.0,0.0,1.0,2.0,6.0,18.0,2.0
22200576,1610612753,ORL,Orlando,203914,Gary Harris,Gary,G,,21:57,2.0,6.0,0.333,0.0,4.0,0.0,2.0,3.0,0.667,0.0,2.0,2.0,2.0,1.0,1.0,2.0,3.0,6.0,-2.0
22200576,1610612753,ORL,Orlando,1628365,Markelle Fultz,Markelle,G,,31:01,4.0,10.0,0.4,0.0,1.0,0.0,0.0,0.0,0.0,0.0,5.0,5.0,9.0,2.0,0.0,1.0,1.0,8.0,4.0
22200576,1610612753,ORL,Orlando,1630591,Jalen Suggs,Jalen,,,5:24,1.0,4.0,0.25,0.0,2.0,0.0,0.0,0.0,0.0,0.0,0.0,0.0,0.0,0.0,0.0,0.0,0.0,2.0,-1.0
22200576,1610612753,ORL,Orlando,1630175,Cole Anthony,Cole,,,22:21,0.0,8.0,0.0,0.0,5.0,0.0,4.0,4.0,1.0,0.0,4.0,4.0,2.0,0.0,0.0,1.0,1.0,4.0,-16.0
22200576,1610612753,ORL,Orlando,1628964,Mo Bamba,Mo,,,7:43,0.0,2.0,0.0,0.0,1.0,0.0,0.0,0.0,0.0,1.0,1.0,2.0,1.0,0.0,1.0,0.0,2.0,0.0,-15.0
22200576,1610612753,ORL,Orlando,1629678,Admiral Schofield,Admiral,,,18:00,3.0,4.0,0.75,0.0,1.0,0.0,2.0,2.0,1.0,1.0,3.0,4.0,2.0,0.0,0.0,0.0,1.0,8.0,-10.0
22200576,1610612753,ORL,Orlando,203082,Terrence Ross,Terrence,,,18:08,5.0,7.0,0.714,4.0,6.0,0.667,0.0,0.0,0.0,0.0,2.0,2.0,1.0,0.0,0.0,1.0,1.0,14.0,-6.0
22200576,1610612753,ORL,Orlando,1631216,Caleb Houstan,Caleb,,,12:00,1.0,1.0,1.0,1.0,1.0,1.0,0.0,0.0,0.0,0.0,2.0,2.0,0.0,0.0,0.0,0.0,0.0,3.0,6.0
22200576,1610612753,ORL,Orlando,1629021,Moritz Wagner,Moritz,,DND_LEAGUE_SUSPENSION,,,,,,,,,,,,,,,,,,,,
22200577,1610612738,BOS,Boston,1627759,Jaylen Brown,Jaylen,F,,29:37,6.0,12.0,0.5,2.0,5.0,0.4,5.0,6.0,0.833,1.0,6.0,7.0,3.0,0.0,2.0,2.0,4.0,19.0,12.0
22200577,1610612738,BOS,Boston,1628369,Jayson Tatum,Jayson,F,,35:26,8.0,22.0,0.364,2.0,8.0,0.25,11.0,12.0,0.917,2.0,12.0,14.0,10.0,1.0,2.0,2.0,2.0,29.0,15.0
22200577,1610612738,BOS,Boston,201143,Al Horford,Al,C,,23:36,3.0,6.0,0.5,1.0,4.0,0.25,1.0,2.0,0.5,2.0,6.0,8.0,3.0,1.0,0.0,1.0,3.0,8.0,8.0
22200577,1610612738,BOS,Boston,1628401,Derrick White,Derrick,G,,20:52,4.0,7.0,0.571,2.0,5.0,0.4,0.0,0.0,0.0,0.0,0.0,0.0,1.0,0.0,2.0,2.0,4.0,10.0,14.0
22200577,1610612738,BOS,Boston,203935,Marcus Smart,Marcus,G,,33:53,4.0,10.0,0.4,4.0,9.0,0.444,3.0,3.0,1.0,2.0,3.0,5.0,3.0,1.0,0.0,2.0,1.0,15.0,25.0
22200577,1610612738,BOS,Boston,1627763,Malcolm Brogdon,Malcolm,,,24:45,4.0,8.0,0.5,3.0,5.0,0.6,4.0,5.0,0.8,0.0,3.0,3.0,4.0,0.0,0.0,1.0,2.0,15.0,22.0
22200577,1610612738,BOS,Boston,1629684,Grant Williams,Grant,,,27:53,5.0,9.0,0.556,1.0,4.0,0.25,1.0,1.0,1.0,1.0,3.0,4.0,3.0,1.0,0.0,0.0,3.0,12.0,25.0
22200577,1610612738,BOS,Boston,1629057,Robert Williams III,Robert,,,21:23,1.0,1.0,1.0,0.0,0.0,0.0,1.0,2.0,0.5,1.0,6.0,7.0,0.0,0.0,1.0,0.0,1.0,3.0,8.0
22200577,1610612738,BOS,Boston,1630573,Sam Hauser,Sam,,,10:42,2.0,4.0,0.5,1.0,3.0,0.333,0.0,0.0,0.0,1.0,1.0,2.0,1.0,0.0,0.0,0.0,1.0,5.0,7.0
22200577,1610612738,BOS,Boston,1628436,Luke Kornet,Luke,,,3:45,2.0,2.0,1.0,0.0,0.0,0.0,0.0,0.0,0.0,0.0,1.0,1.0,0.0,0.0,0.0,0.0,0.0,4.0,6.0
22200577,1610612738,BOS,Boston,201933,Blake Griffin,Blake,,,2:43,0.0,0.0,0.0,0.0,0.0,0.0,0.0,0.0,0.0,0.0,1.0,1.0,0.0,0.0,0.0,0.0,0.0,0.0,1.0
22200577,1610612738,BOS,Boston,1630202,Payton Pritchard,Payton,,,2:43,1.0,1.0,1.0,0.0,0.0,0.0,0.0,0.0,0.0,0.0,0.0,0.0,0.0,1.0,0.0,1.0,0.0,2.0,1.0
22200577,1610612738,BOS,Boston,1628382,Justin Jackson,Justin,,,2:43,1.0,2.0,0.5,0.0,0.0,0.0,0.0,0.0,0.0,0.0,0.0,0.0,1.0,1.0,1.0,0.0,1.0,2.0,1.0
22200577,1610612742,DAL,Dallas,203501,Tim Hardaway Jr.,Tim,F,,36:35,2.0,11.0,0.182,2.0,6.0,0.333,2.0,2.0,1.0,0.0,4.0,4.0,1.0,0.0,0.0,1.0,1.0,8.0,-17.0
22200577,1610612742,DAL,Dallas,203493,Reggie Bullock Jr.,Reggie,F,,36:36,0.0,1.0,0.0,0.0,1.0,0.0,0.0,1.0,0.0,1.0,2.0,3.0,2.0,2.0,2.0,1.0,4.0,0.0,-12.0
22200577,1610612742,DAL,Dallas,1626174,Christian Wood,Christian,C,,28:56,5.0,12.0,0.417,0.0,2.0,0.0,2.0,3.0,0.667,5.0,7.0,12.0,1.0,0.0,1.0,1.0,1.0,12.0,-18.0
22200577,1610612742,DAL,Dallas,203915,Spencer Dinwiddie,Spencer,G,,40:02,6.0,15.0,0.4,2.0,6.0,0.333,4.0,5.0,0.8,0.0,1.0,1.0,5.0,0.0,0.0,2.0,3.0,18.0,-23.0
22200577,1610612742,DAL,Dallas,1629029,Luka Dončić,Luka,G,,31:06,7.0,23.0,0.304,0.0,6.0,0.0,9.0,11.0,0.818,0.0,9.0,9.0,3.0,0.0,0.0,4.0,4.0,23.0,-20.0
22200577,1610612742,DAL,Dallas,203939,Dwight Powell,Dwight,,,16:51,5.0,6.0,0.833,0.0,0.0,0.0,0.0,0.0,0.0,5.0,3.0,8.0,0.0,1.0,0.0,0.0,1.0,10.0,-11.0
22200577,1610612742,DAL,Dallas,1628373,Frank Ntilikina,Frank,,,6:28,0.0,2.0,0.0,0.0,2.0,0.0,0.0,0.0,0.0,0.0,0.0,0.0,0.0,0.0,0.0,0.0,1.0,0.0,-7.0
22200577,1610612742,DAL,Dallas,202722,Dāvis Bertāns,Dāvis,,,7:51,0.0,3.0,0.0,0.0,3.0,0.0,0.0,0.0,0.0,0.0,1.0,1.0,0.0,0.0,0.0,0.0,1.0,0.0,-3.0
22200577,1610612742,DAL,Dallas,202689,Kemba Walker,Kemba,,,2:25,1.0,1.0,1.0,0.0,0.0,0.0,0.0,0.0,0.0,0.0,0.0,0.0,0.0,0.0,0.0,0.0,1.0,2.0,-1.0
22200577,1610612742,DAL,Dallas,1630702,Jaden Hardy,Jaden,,,15:05,5.0,8.0,0.625,3.0,3.0,1.0,2.0,2.0,1.0,0.0,2.0,2.0,2.0,0.0,0.0,0.0,1.0,15.0,-7.0
22200577,1610612742,DAL,Dallas,1630593,McKinley Wright IV,McKinley,,,6:50,1.0,3.0,0.333,0.0,1.0,0.0,0.0,0.0,0.0,0.0,1.0,1.0,1.0,1.0,0.0,1.0,1.0,2.0,-8.0
22200577,1610612742,DAL,Dallas,201580,JaVale McGee,JaVale,,,3:45,1.0,2.0,0.5,0.0,0.0,0.0,0.0,0.0,0.0,0.0,1.0,1.0,0.0,0.0,0.0,1.0,0.0,2.0,-6.0
22200577,1610612742,DAL,Dallas,1630639,A.J. Lawson,A.J.,,,3:45,0.0,1.0,0.0,0.0,1.0,0.0,0.0,0.0,0.0,0.0,0.0,0.0,0.0,0.0,0.0,0.0,0.0,0.0,-6.0
22200577,1610612742,DAL,Dallas,1629033,Theo Pinson,Theo,,,3:45,1.0,2.0,0.5,0.0,1.0,0.0,1.0,1.0,1.0,0.0,0.0,0.0,0.0,0.0,0.0,0.0,0.0,3.0,-6.0
22200579,1610612746,LAC,LA,202695,Kawhi Leonard,Kawhi,F,,18:16,2.0,7.0,0.286,0.0,2.0,0.0,2.0,2.0,1.0,0.0,3.0,3.0,2.0,1.0,0.0,1.0,0.0,6.0,-24.0
22200579,1610612746,LAC,LA,202694,Marcus Morris Sr.,Marcus,F,,14:53,3.0,7.0,0.429,1.0,4.0,0.25,0.0,0.0,0.0,0.0,1.0,1.0,1.0,0.0,0.0,0.0,1.0,7.0,-17.0
22200579,1610612746,LAC,LA,1627826,Ivica Zubac,Ivica,C,,15:33,2.0,2.0,1.0,0.0,0.0,0.0,4.0,4.0,1.0,0.0,5.0,5.0,0.0,0.0,1.0,1.0,0.0,8.0,-24.0
22200579,1610612746,LAC,LA,202331,Paul George,Paul,G,,13:43,1.0,9.0,0.111,1.0,5.0,0.2,0.0,0.0,0.0,0.0,3.0,3.0,1.0,0.0,0.0,0.0,0.0,3.0,-16.0
22200579,1610612746,LAC,LA,202704,Reggie Jackson,Reggie,G,,17:58,1.0,6.0,0.167,0.0,5.0,0.0,0.0,0.0,0.0,2.0,0.0,2.0,2.0,0.0,0.0,0.0,1.0,2.0,-25.0
22200579,1610612746,LAC,LA,1628379,Luke Kennard,Luke,,,23:44,2.0,9.0,0.222,0.0,5.0,0.0,0.0,0.0,0.0,0.0,1.0,1.0,2.0,1.0,0.0,2.0,1.0,4.0,-21.0
22200579,1610612746,LAC,LA,1629611,Terance Mann,Terance,,,23:59,5.0,9.0,0.556,0.0,2.0,0.0,2.0,2.0,1.0,0.0,2.0,2.0,2.0,0.0,0.0,0.0,2.0,12.0,-14.0
22200579,1610612746,LAC,LA,203496,Robert Covington,Robert,,,23:04,3.0,9.0,0.333,0.0,4.0,0.0,2.0,2.0,1.0,1.0,4.0,5.0,2.0,2.0,1.0,1.0,1.0,8.0,1.0
22200579,1610612746,LAC,LA,1626181,Norman Powell,Norman,,,19:34,6.0,11.0,0.545,1.0,4.0,0.25,0.0,0.0,0.0,0.0,1.0,1.0,2.0,1.0,0.0,1.0,4.0,13.0,-24.0
22200579,1610612746,LAC,LA,1629650,Moses Brown,Moses,,,18:58,5.0,6.0,0.833,0.0,0.0,0.0,2.0,7.0,0.286,3.0,7.0,10.0,0.0,0.0,1.0,1.0,2.0,12.0,5.0
22200579,1610612746,LAC,LA,1629599,Amir Coffey,Amir,,,19:36,2.0,7.0,0.286,0.0,2.0,0.0,2.0,2.0,1.0,1.0,1.0,2.0,3.0,0.0,0.0,0.0,1.0,6.0,-4.0
22200579,1610612746,LAC,LA,1630554,Jason Preston,Jason,,,15:21,2.0,4.0,0.5,2.0,2.0,1.0,0.0,0.0,0.0,0.0,4.0,4.0,3.0,1.0,0.0,0.0,1.0,6.0,4.0
22200579,1610612746,LAC,LA,1630527,Brandon Boston,Brandon,,,15:21,0.0,5.0,0.0,0.0,2.0,0.0,4.0,6.0,0.667,1.0,1.0,2.0,4.0,1.0,0.0,0.0,0.0,4.0,4.0
22200579,1610612743,DEN,Denver,1629008,Michael Porter Jr.,Michael,F,,22:11,4.0,10.0,0.4,1.0,5.0,0.2,1.0,2.0,0.5,0.0,5.0,5.0,0.0,0.0,0.0,1.0,1.0,10.0,15.0
22200579,1610612743,DEN,Denver,203932,Aaron Gordon,Aaron,F,,21:09,5.0,7.0,0.714,0.0,0.0,0.0,3.0,4.0,0.75,4.0,3.0,7.0,3.0,0.0,0.0,1.0,0.0,13.0,22.0
22200579,1610612743,DEN,Denver,203999,Nikola Jokić,Nikola,C,,24:11,4.0,8.0,0.5,0.0,1.0,0.0,4.0,5.0,0.8,0.0,6.0,6.0,9.0,1.0,0.0,2.0,0.0,12.0,18.0
22200579,1610612743,DEN,Denver,203484,Kentavious Caldwell-Pope,Kentavious,G,,28:58,3.0,8.0,0.375,3.0,5.0,0.6,0.0,0.0,0.0,0.0,4.0,4.0,5.0,1.0,0.0,1.0,1.0,9.0,31.0
22200579,1610612743,DEN,Denver,1627750,Jamal Murray,Jamal,G,,21:21,7.0,10.0,0.7,4.0,5.0,0.8,0.0,0.0,0.0,0.0,4.0,4.0,1.0,0.0,0.0,0.0,2.0,18.0,21.0
22200579,1610612743,DEN,Denver,1628971,Bruce Brown,Bruce,,,22:06,3.0,6.0,0.5,1.0,4.0,0.25,2.0,2.0,1.0,0.0,6.0,6.0,3.0,2.0,2.0,2.0,1.0,9.0,21.0
22200579,1610612743,DEN,Denver,1630538,Bones Hyland,Bones,,,19:30,5.0,11.0,0.455,3.0,7.0,0.429,3.0,3.0,1.0,0.0,3.0,3.0,1.0,0.0,0.0,0.0,0.0,16.0,27.0
22200579,1610612743,DEN,Denver,1628427,Vlatko Čančar,Vlatko,,,26:51,6.0,12.0,0.5,1.0,3.0,0.333,2.0,2.0,1.0,4.0,8.0,12.0,1.0,1.0,1.0,2.0,4.0,15.0,9.0
22200579,1610612743,DEN,Denver,1630192,Zeke Nnaji,Zeke,,,23:49,5.0,6.0,0.833,0.0,1.0,0.0,3.0,3.0,1.0,2.0,4.0,6.0,2.0,1.0,1.0,0.0,5.0,13.0,13.0
22200579,1610612743,DEN,Denver,1631128,Christian Braun,Christian,,,12:28,2.0,8.0,0.25,0.0,2.0,0.0,0.0,0.0,0.0,0.0,2.0,2.0,0.0,0.0,0.0,0.0,1.0,4.0,-12.0
22200579,1610612743,DEN,Denver,202397,Ish Smith,Ish,,,8:43,0.0,0.0,0.0,0.0,0.0,0.0,0.0,0.0,0.0,0.0,1.0,1.0,2.0,0.0,0.0,2.0,0.0,0.0,-5.0
22200579,1610612743,DEN,Denver,1628432,Davon Reed,Davon,,,8:43,1.0,3.0,0.333,1.0,3.0,0.333,0.0,0.0,0.0,0.0,1.0,1.0,1.0,0.0,1.0,0.0,1.0,3.0,-5.0
22200579,1610612743,DEN,Denver,201599,DeAndre Jordan,DeAndre,,DNP - Coach's Decision,,,,,,,,,,,,,,,,,,,,
22200573,1610612765,DET,Detroit,202711,Bojan Bogdanović,Bojan,F,,33:14,10.0,15.0,0.667,5.0,6.0,0.833,4.0,5.0,0.8,0.0,4.0,4.0,5.0,2.0,0.0,0.0,1.0,29.0,5.0
22200573,1610612765,DET,Detroit,1630191,Isaiah Stewart,Isaiah,F,,30:41,6.0,14.0,0.429,1.0,7.0,0.143,0.0,0.0,0.0,2.0,5.0,7.0,1.0,0.0,1.0,2.0,1.0,13.0,4.0
22200573,1610612765,DET,Detroit,1631105,Jalen Duren,Jalen,C,,31:48,8.0,8.0,1.0,0.0,0.0,0.0,2.0,3.0,0.667,5.0,6.0,11.0,0.0,0.0,0.0,3.0,2.0,18.0,5.0
22200573,1610612765,DET,Detroit,1630165,Killian Hayes,Killian,G,,35:09,3.0,12.0,0.25,1.0,4.0,0.25,2.0,2.0,1.0,0.0,2.0,2.0,13.0,1.0,0.0,0.0,2.0,9.0,12.0
22200573,1610612765,DET,Detroit,1631093,Jaden Ivey,Jaden,G,,27:20,5.0,14.0,0.357,1.0,4.0,0.25,1.0,4.0,0.25,2.0,4.0,6.0,5.0,1.0,0.0,0.0,2.0,12.0,-3.0
22200573,1610612765,DET,Detroit,202692,Alec Burks,Alec,,,30:37,4.0,8.0,0.5,2.0,3.0,0.667,5.0,6.0,0.833,1.0,3.0,4.0,4.0,2.0,0.0,0.0,1.0,15.0,0.0
22200573,1610612765,DET,Detroit,1630180,Saddiq Bey,Saddiq,,,28:46,6.0,17.0,0.353,4.0,10.0,0.4,1.0,1.0,1.0,0.0,3.0,3.0,1.0,2.0,0.0,0.0,0.0,17.0,-3.0
22200573,1610612765,DET,Detroit,1628977,Hamidou Diallo,Hamidou,,,17:40,2.0,3.0,0.667,1.0,1.0,1.0,1.0,2.0,0.5,1.0,3.0,4.0,0.0,1.0,0.0,3.0,2.0,6.0,-5.0
22200573,1610612765,DET,Detroit,203585,Rodney McGruder,Rodney,,,4:45,1.0,1.0,1.0,1.0,1.0,1.0,0.0,0.0,0.0,0.0,0.0,0.0,0.0,0.0,0.0,0.0,0.0,3.0,0.0
22200573,1610612765,DET,Detroit,202709,Cory Joseph,Cory,,DNP - Coach's Decision,,,,,,,,,,,,,,,,,,,,
22200573,1610612765,DET,Detroit,1628995,Kevin Knox II,Kevin,,DNP - Coach's Decision,,,,,,,,,,,,,,,,,,,,
22200573,1610612765,DET,Detroit,203457,Nerlens Noel,Nerlens,,DNP - Coach's Decision,,,,,,,,,,,,,,,,,,,,
22200573,1610612744,GSW,Golden State,1628978,Donte DiVincenzo,Donte,F,,33:60,2.0,4.0,0.5,1.0,3.0,0.333,0.0,0.0,0.0,0.0,3.0,3.0,3.0,0.0,0.0,3.0,2.0,5.0,-14.0
22200573,1610612744,GSW,Golden State,203110,Draymond Green,Draymond,F,,30:06,2.0,4.0,0.5,0.0,2.0,0.0,0.0,0.0,0.0,2.0,6.0,8.0,7.0,0.0,1.0,2.0,0.0,4.0,0.0
22200573,1610612744,GSW,Golden State,1626172,Kevon Looney,Kevon,C,,27:42,4.0,6.0,0.667,0.0,0.0,0.0,0.0,0.0,0.0,6.0,9.0,15.0,2.0,2.0,2.0,2.0,4.0,8.0,-5.0
22200573,1610612744,GSW,Golden State,202691,Klay Thompson,Klay,G,,34:04,11.0,23.0,0.478,3.0,10.0,0.3,5.0,5.0,1.0,0.0,2.0,2.0,3.0,0.0,1.0,0.0,3.0,30.0,0.0
22200573,1610612744,GSW,Golden State,1629673,Jordan Poole,Jordan,G,,33:58,9.0,22.0,0.409,3.0,10.0,0.3,3.0,3.0,1.0,1.0,4.0,5.0,6.0,0.0,0.0,3.0,2.0,24.0,4.0
22200573,1610612744,GSW,Golden State,1630237,Anthony Lamb,Anthony,,,27:57,6.0,9.0,0.667,3.0,5.0,0.6,2.0,2.0,1.0,0.0,2.0,2.0,2.0,0.0,0.0,1.0,4.0,17.0,2.0
22200573,1610612744,GSW,Golden State,1629660,Ty Jerome,Ty,,,26:37,7.0,11.0,0.636,3.0,4.0,0.75,1.0,1.0,1.0,0.0,0.0,0.0,3.0,0.0,0.0,1.0,2.0,18.0,-2.0
22200573,1610612744,GSW,Golden State,1630541,Moses Moody,Moses,,,15:06,3.0,5.0,0.6,1.0,3.0,0.333,1.0,2.0,0.5,0.0,2.0,2.0,4.0,0.0,0.0,1.0,2.0,8.0,3.0
22200573,1610612744,GSW,Golden State,1631116,Patrick Baldwin Jr.,Patrick,,,10:30,1.0,3.0,0.333,1.0,3.0,0.333,2.0,2.0,1.0,0.0,3.0,3.0,1.0,1.0,0.0,1.0,1.0,5.0,-3.0
22200573,1610612744,GSW,Golden State,1631157,Ryan Rollins,Ryan,,DNP - Coach's Decision,,,,,,,,,,,,,,,,,,,,
22200573,1610612744,GSW,Golden State,1630164,James Wiseman,James,,DND - Injury/Illness,,,,,,,,,,,,,,,,,,,,
22200571,1610612757,POR,Portland,1628404,Josh Hart,Josh,F,,33:04,0.0,4.0,0.0,0.0,2.0,0.0,1.0,2.0,0.5,0.0,2.0,2.0,4.0,1.0,2.0,2.0,0.0,1.0,-5.0
22200571,1610612757,POR,Portland,203924,Jerami Grant,Jerami,F,,31:38,8.0,14.0,0.571,4.0,6.0,0.667,6.0,6.0,1.0,1.0,4.0,5.0,1.0,3.0,0.0,0.0,2.0,26.0,3.0
22200571,1610612757,POR,Portland,203994,Jusuf Nurkić,Jusuf,C,,25:28,4.0,10.0,0.4,0.0,3.0,0.0,2.0,5.0,0.4,3.0,5.0,8.0,3.0,1.0,3.0,4.0,6.0,10.0,7.0
22200571,1610612757,POR,Portland,1629014,Anfernee Simons,Anfernee,G,,29:43,6.0,12.0,0.5,1.0,5.0,0.2,3.0,3.0,1.0,1.0,1.0,2.0,3.0,1.0,0.0,2.0,5.0,16.0,-15.0
22200571,1610612757,POR,Portland,203081,Damian Lillard,Damian,G,,40:40,7.0,18.0,0.389,2.0,9.0,0.222,11.0,15.0,0.733,0.0,4.0,4.0,6.0,0.0,0.0,2.0,2.0,27.0,0.0
22200571,1610612757,POR,Portland,1631101,Shaedon Sharpe,Shaedon,,,27:54,5.0,7.0,0.714,1.0,2.0,0.5,2.0,3.0,0.667,2.0,2.0,4.0,1.0,1.0,0.0,2.0,4.0,13.0,1.0
22200571,1610612757,POR,Portland,1631133,Jabari Walker,Jabari,,,16:22,1.0,3.0,0.333,0.0,0.0,0.0,4.0,6.0,0.667,3.0,3.0,6.0,0.0,0.0,0.0,1.0,3.0,6.0,-10.0
22200571,1610612757,POR,Portland,1629234,Drew Eubanks,Drew,,,20:00,1.0,1.0,1.0,0.0,0.0,0.0,2.0,2.0,1.0,1.0,4.0,5.0,0.0,1.0,2.0,3.0,6.0,4.0,-14.0
22200571,1610612757,POR,Portland,1630553,Keon Johnson,Keon,,,15:11,1.0,6.0,0.167,1.0,2.0,0.5,0.0,0.0,0.0,1.0,2.0,3.0,0.0,0.0,0.0,0.0,2.0,3.0,-2.0
22200571,1610612757,POR,Portland,1630641,Ibou Badji,Ibou,,DNP - Coach's Decision,,,,,,,,,,,,,,,,,,,,
22200571,1610612757,POR,Portland,1630535,Greg Brown III,Greg,,DNP - Coach's Decision,,,,,,,,,,,,,,,,,,,,
22200571,1610612757,POR,Portland,1630570,Trendon Watford,Trendon,,DNP - Coach's Decision,,,,,,,,,,,,,,,,,,,,
22200571,1610612750,MIN,Minnesota,1630183,Jaden McDaniels,Jaden,F,,27:37,2.0,7.0,0.286,0.0,1.0,0.0,4.0,5.0,0.8,2.0,0.0,2.0,1.0,0.0,2.0,2.0,5.0,8.0,-9.0
22200571,1610612750,MIN,Minnesota,203937,Kyle Anderson,Kyle,F,,29:41,3.0,6.0,0.5,0.0,1.0,0.0,0.0,0.0,0.0,0.0,2.0,2.0,5.0,1.0,1.0,0.0,3.0,6.0,2.0
22200571,1610612750,MIN,Minnesota,203497,Rudy Gobert,Rudy,C,,35:03,6.0,10.0,0.6,0.0,0.0,0.0,5.0,7.0,0.714,3.0,9.0,12.0,1.0,2.0,3.0,1.0,4.0,17.0,-8.0
22200571,1610612750,MIN,Minnesota,1630162,Anthony Edwards,Anthony,G,,35:43,11.0,26.0,0.423,3.0,9.0,0.333,7.0,9.0,0.778,0.0,7.0,7.0,3.0,0.0,0.0,3.0,4.0,32.0,8.0
22200571,1610612750,MIN,Minnesota,1626156,D'Angelo Russell,D'Angelo,G,,25:32,1.0,6.0,0.167,1.0,4.0,0.25,6.0,8.0,0.75,2.0,1.0,3.0,7.0,1.0,0.0,1.0,1.0,9.0,-3.0
22200571,1610612750,MIN,Minnesota,1630568,Luka Garza,Luka,,,12:57,5.0,5.0,1.0,1.0,1.0,1.0,3.0,4.0,0.75,1.0,1.0,2.0,0.0,1.0,0.0,1.0,4.0,14.0,15.0
22200571,1610612750,MIN,Minnesota,1629669,Jaylen Nowell,Jaylen,,,25:13,4.0,7.0,0.571,1.0,3.0,0.333,0.0,0.0,0.0,0.0,1.0,1.0,3.0,1.0,0.0,3.0,2.0,9.0,5.0
22200571,1610612750,MIN,Minnesota,1627752,Taurean Prince,Taurean,,,20:46,5.0,6.0,0.833,1.0,2.0,0.5,0.0,1.0,0.0,0.0,2.0,2.0,0.0,0.0,0.0,2.0,5.0,11.0,8.0
22200571,1610612750,MIN,Minnesota,203085,Austin Rivers,Austin,,,27:28,2.0,3.0,0.667,2.0,3.0,0.667,1.0,2.0,0.5,0.0,2.0,2.0,5.0,2.0,0.0,1.0,2.0,7.0,17.0
22200571,1610612750,MIN,Minnesota,1630233,Nathan Knight,Nathan,,DNP - Coach's Decision,,,,,,,,,,,,,,,,,,,,
22200571,1610612750,MIN,Minnesota,1631169,Josh Minott,Josh,,DNP - Coach's Decision,,,,,,,,,,,,,,,,,,,,
22200571,1610612750,MIN,Minnesota,1631111,Wendell Moore Jr.,Wendell,,DNP - Coach's Decision,,,,,,,,,,,,,,,,,,,,
22200571,1610612750,MIN,Minnesota,1629675,Naz Reid,Naz,,DND - Injury/Illness,,,,,,,,,,,,,,,,,,,,
22200571,1610612750,MIN,Minnesota,1630346,Matt Ryan,Matt,,DNP - Coach's Decision,,,,,,,,,,,,,,,,,,,,
22200575,1610612737,ATL,Atlanta,1629631,De'Andre Hunter,De'Andre,F,,35:44,9.0,17.0,0.529,2.0,7.0,0.286,2.0,3.0,0.667,1.0,7.0,8.0,1.0,2.0,0.0,2.0,4.0,22.0,2.0
22200575,1610612737,ATL,Atlanta,1628381,John Collins,John,F,,40:33,7.0,11.0,0.636,2.0,4.0,0.5,6.0,6.0,1.0,0.0,12.0,12.0,3.0,2.0,2.0,3.0,4.0,22.0,1.0
22200575,1610612737,ATL,Atlanta,1630168,Onyeka Okongwu,Onyeka,C,,32:09,3.0,5.0,0.6,0.0,0.0,0.0,2.0,2.0,1.0,2.0,5.0,7.0,1.0,0.0,1.0,3.0,5.0,8.0,3.0
22200575,1610612737,ATL,Atlanta,1627749,Dejounte Murray,Dejounte,G,,34:46,8.0,17.0,0.471,1.0,4.0,0.25,4.0,4.0,1.0,1.0,5.0,6.0,4.0,3.0,0.0,2.0,1.0,21.0,-1.0
22200575,1610612737,ATL,Atlanta,1629027,Trae Young,Trae,G,,31:49,7.0,12.0,0.583,1.0,2.0,0.5,6.0,7.0,0.857,0.0,0.0,0.0,6.0,1.0,0.0,5.0,2.0,21.0,6.0
22200575,1610612737,ATL,Atlanta,203992,Bogdan Bogdanović,Bogdan,,,32:05,7.0,13.0,0.538,3.0,7.0,0.429,0.0,0.0,0.0,2.0,6.0,8.0,3.0,1.0,0.0,0.0,2.0,17.0,0.0
22200575,1610612737,ATL,Atlanta,1628988,Aaron Holiday,Aaron,,,9:19,1.0,2.0,0.5,0.0,1.0,0.0,0.0,0.0,0.0,0.0,0.0,0.0,0.0,0.0,0.0,0.0,1.0,2.0,-5.0
22200575,1610612737,ATL,Atlanta,1626163,Frank Kaminsky,Frank,,,2:24,0.0,0.0,0.0,0.0,0.0,0.0,0.0,0.0,0.0,0.0,1.0,1.0,0.0,0.0,0.0,0.0,0.0,0.0,-2.0
22200575,1610612737,ATL,Atlanta,1630552,Jalen Johnson,Jalen,,,4:21,1.0,1.0,1.0,0.0,0.0,0.0,0.0,0.0,0.0,1.0,0.0,1.0,1.0,0.0,0.0,0.0,1.0,2.0,3.0
22200575,1610612737,ATL,Atlanta,1631100,AJ Griffin,AJ,,,16:50,2.0,6.0,0.333,1.0,5.0,0.2,0.0,0.0,0.0,0.0,1.0,1.0,2.0,0.0,1.0,0.0,1.0,5.0,8.0
22200575,1610612737,ATL,Atlanta,203200,Justin Holiday,Justin,,DNP - Coach's Decision,,,,,,,,,,,,,,,,,,,,
22200575,1610612737,ATL,Atlanta,1630249,Vít Krejčí,Vít,,DNP - Coach's Decision,,,,,,,,,,,,,,,,,,,,
22200575,1610612758,SAC,Sacramento,203084,Harrison Barnes,Harrison,F,,36:53,7.0,15.0,0.467,2.0,7.0,0.286,6.0,6.0,1.0,2.0,2.0,4.0,1.0,1.0,0.0,1.0,1.0,22.0,4.0
22200575,1610612758,SAC,Sacramento,1631099,Keegan Murray,Keegan,F,,26:25,3.0,7.0,0.429,2.0,3.0,0.667,0.0,0.0,0.0,3.0,4.0,7.0,1.0,1.0,2.0,0.0,3.0,8.0,2.0
22200575,1610612758,SAC,Sacramento,1627734,Domantas Sabonis,Domantas,C,,39:30,7.0,13.0,0.538,0.0,0.0,0.0,6.0,8.0,0.75,4.0,10.0,14.0,8.0,2.0,1.0,4.0,4.0,20.0,-5.0
22200575,1610612758,SAC,Sacramento,1628989,Kevin Huerter,Kevin,G,,34:00,8.0,15.0,0.533,4.0,9.0,0.444,4.0,4.0,1.0,0.0,3.0,3.0,5.0,1.0,0.0,3.0,4.0,24.0,0.0
22200575,1610612758,SAC,Sacramento,1628368,De'Aaron Fox,De'Aaron,G,,36:59,9.0,20.0,0.45,0.0,1.0,0.0,7.0,7.0,1.0,0.0,5.0,5.0,5.0,2.0,0.0,1.0,2.0,25.0,-7.0
22200575,1610612758,SAC,Sacramento,1630558,Davion Mitchell,Davion,,,24:04,2.0,4.0,0.5,1.0,1.0,1.0,0.0,0.0,0.0,0.0,0.0,0.0,0.0,0.0,0.0,1.0,1.0,5.0,-4.0
22200575,1610612758,SAC,Sacramento,1628370,Malik Monk,Malik,,,19:19,3.0,9.0,0.333,1.0,4.0,0.25,2.0,2.0,1.0,0.0,2.0,2.0,5.0,2.0,0.0,0.0,0.0,9.0,0.0
22200575,1610612758,SAC,Sacramento,1626168,Trey Lyles,Trey,,,13:55,1.0,1.0,1.0,0.0,0.0,0.0,0.0,0.0,0.0,1.0,4.0,5.0,1.0,0.0,0.0,0.0,2.0,2.0,-7.0
22200575,1610612758,SAC,Sacramento,1629056,Terence Davis,Terence,,,4:03,1.0,2.0,0.5,0.0,0.0,0.0,0.0,0.0,0.0,0.0,0.0,0.0,0.0,0.0,0.0,0.0,2.0,2.0,2.0
22200575,1610612758,SAC,Sacramento,1626158,Richaun Holmes,Richaun,,,4:52,0.0,2.0,0.0,0.0,0.0,0.0,0.0,0.0,0.0,0.0,2.0,2.0,0.0,0.0,0.0,0.0,0.0,0.0,0.0
22200575,1610612758,SAC,Sacramento,203521,Matthew Dellavedova,Matthew,,DNP - Coach's Decision,,,,,,,,,,,,,,,,,,,,
22200575,1610612758,SAC,Sacramento,203458,Alex Len,Alex,,DNP - Coach's Decision,,,,,,,,,,,,,,,,,,,,
22200575,1610612758,SAC,Sacramento,1629002,Chimezie Metu,Chimezie,,DNP - Coach's Decision,,,,,,,,,,,,,,,,,,,,
22200575,1610612758,SAC,Sacramento,1629644,KZ Okpala,KZ,,DNP - Coach's Decision,,,,,,,,,,,,,,,,,,,,
22200570,1610612751,BKN,Brooklyn,201142,Kevin Durant,Kevin,F,,38:29,15.0,22.0,0.682,5.0,10.0,0.5,9.0,9.0,1.0,0.0,4.0,4.0,5.0,1.0,2.0,3.0,2.0,44.0,-3.0
22200570,1610612751,BKN,Brooklyn,1626220,Royce O'Neale,Royce,F,,34:45,0.0,9.0,0.0,0.0,8.0,0.0,0.0,0.0,0.0,0.0,4.0,4.0,3.0,1.0,0.0,0.0,3.0,0.0,-5.0
22200570,1610612751,BKN,Brooklyn,1629651,Nic Claxton,Nic,C,,33:13,5.0,10.0,0.5,0.0,0.0,0.0,1.0,2.0,0.5,3.0,3.0,6.0,2.0,1.0,3.0,1.0,4.0,11.0,-11.0
22200570,1610612751,BKN,Brooklyn,202681,Kyrie Irving,Kyrie,G,,37:55,10.0,24.0,0.417,1.0,8.0,0.125,4.0,4.0,1.0,1.0,3.0,4.0,8.0,2.0,1.0,2.0,1.0,25.0,-14.0
22200570,1610612751,BKN,Brooklyn,1627732,Ben Simmons,Ben,G,,25:50,3.0,5.0,0.6,0.0,0.0,0.0,1.0,4.0,0.25,0.0,9.0,9.0,2.0,3.0,0.0,4.0,4.0,7.0,-5.0
22200570,1610612751,BKN,Brooklyn,203925,Joe Harris,Joe,,,18:35,1.0,5.0,0.2,0.0,2.0,0.0,0.0,0.0,0.0,0.0,2.0,2.0,0.0,0.0,0.0,0.0,2.0,2.0,-7.0
22200570,1610612751,BKN,Brooklyn,203933,T.J. Warren,T.J.,,,14:06,0.0,2.0,0.0,0.0,1.0,0.0,0.0,0.0,0.0,0.0,3.0,3.0,1.0,0.0,0.0,0.0,2.0,0.0,1.0
22200570,1610612751,BKN,Brooklyn,203552,Seth Curry,Seth,,,26:59,8.0,11.0,0.727,6.0,7.0,0.857,0.0,0.0,0.0,0.0,1.0,1.0,2.0,1.0,1.0,0.0,0.0,22.0,-2.0
22200570,1610612751,BKN,Brooklyn,1629139,Yuta Watanabe,Yuta,,,6:03,0.0,2.0,0.0,0.0,1.0,0.0,1.0,2.0,0.5,1.0,0.0,1.0,1.0,0.0,0.0,0.0,4.0,1.0,-1.0
22200570,1610612751,BKN,Brooklyn,1628410,Edmond Sumner,Edmond,,,4:05,0.0,1.0,0.0,0.0,0.0,0.0,0.0,0.0,0.0,0.0,0.0,0.0,0.0,0.0,0.0,0.0,0.0,0.0,2.0
22200570,1610612751,BKN,Brooklyn,201988,Patty Mills,Patty,,DNP - Coach's Decision,,,,,,,,,,,,,,,,,,,,
22200570,1610612751,BKN,Brooklyn,202693,Markieff Morris,Markieff,,DNP - Coach's Decision,,,,,,,,,,,,,,,,,,,,
22200570,1610612751,BKN,Brooklyn,1630560,Cam Thomas,Cam,,DNP - Coach's Decision,,,,,,,,,,,,,,,,,,,,
22200570,1610612741,CHI,Chicago,201942,DeMar DeRozan,DeMar,F,,35:22,8.0,20.0,0.4,0.0,1.0,0.0,6.0,6.0,1.0,0.0,7.0,7.0,3.0,1.0,1.0,1.0,1.0,22.0,13.0
22200570,1610612741,CHI,Chicago,1630172,Patrick Williams,Patrick,F,,37:44,6.0,8.0,0.75,3.0,4.0,0.75,7.0,7.0,1.0,0.0,7.0,7.0,2.0,2.0,0.0,2.0,4.0,22.0,4.0
22200570,1610612741,CHI,Chicago,202696,Nikola Vučević,Nikola,C,,35:52,8.0,12.0,0.667,1.0,3.0,0.333,4.0,4.0,1.0,2.0,11.0,13.0,3.0,0.0,2.0,3.0,2.0,21.0,6.0
22200570,1610612741,CHI,Chicago,203897,Zach LaVine,Zach,G,,35:50,4.0,11.0,0.364,1.0,4.0,0.25,4.0,5.0,0.8,1.0,4.0,5.0,4.0,0.0,2.0,2.0,0.0,13.0,5.0
22200570,1610612741,CHI,Chicago,1630245,Ayo Dosunmu,Ayo,G,,34:20,7.0,14.0,0.5,1.0,3.0,0.333,2.0,2.0,1.0,3.0,4.0,7.0,1.0,2.0,1.0,2.0,3.0,17.0,8.0
22200570,1610612741,CHI,Chicago,1629632,Coby White,Coby,,,28:12,3.0,6.0,0.5,2.0,4.0,0.5,2.0,2.0,1.0,0.0,2.0,2.0,1.0,1.0,0.0,0.0,2.0,10.0,-3.0
22200570,1610612741,CHI,Chicago,1627936,Alex Caruso,Alex,,,2:41,1.0,1.0,1.0,0.0,0.0,0.0,0.0,0.0,0.0,0.0,0.0,0.0,1.0,0.0,0.0,1.0,0.0,2.0,1.0
22200570,1610612741,CHI,Chicago,1627884,Derrick Jones Jr.,Derrick,,,12:53,3.0,3.0,1.0,0.0,0.0,0.0,2.0,3.0,0.667,0.0,2.0,2.0,0.0,1.0,1.0,2.0,4.0,8.0,2.0
22200570,1610612741,CHI,Chicago,201609,Goran Dragic,Goran,,,17:06,3.0,6.0,0.5,0.0,1.0,0.0,0.0,0.0,0.0,0.0,3.0,3.0,6.0,0.0,0.0,2.0,0.0,6.0,9.0
22200570,1610612741,CHI,Chicago,203083,Andre Drummond,Andre,,DNP - Coach's Decision,,,,,,,,,,,,,,,,,,,,
22200570,1610612741,CHI,Chicago,1630792,Malcolm Hill,Malcolm,,DNP - Coach's Decision,,,,,,,,,,,,,,,,,,,,
22200570,1610612741,CHI,Chicago,1631207,Dalen Terry,Dalen,,DNP - Coach's Decision,,,,,,,,,,,,,,,,,,,,
22200572,1610612745,HOU,Houston,201569,Eric Gordon,Eric,F,,28:55,5.0,12.0,0.417,2.0,6.0,0.333,1.0,1.0,1.0,0.0,0.0,0.0,0.0,0.0,0.0,0.0,1.0,13.0,-17.0
22200572,1610612745,HOU,Houston,1631095,Jabari Smith Jr.,Jabari,F,,30:59,3.0,10.0,0.3,2.0,8.0,0.25,6.0,8.0,0.75,1.0,12.0,13.0,1.0,2.0,1.0,1.0,3.0,14.0,-1.0
22200572,1610612745,HOU,Houston,1630578,Alperen Sengun,Alperen,C,,21:54,5.0,11.0,0.455,0.0,0.0,0.0,3.0,3.0,1.0,3.0,1.0,4.0,5.0,2.0,1.0,1.0,3.0,13.0,-3.0
22200572,1610612745,HOU,Houston,1630224,Jalen Green,Jalen,G,,32:15,5.0,15.0,0.333,2.0,8.0,0.25,4.0,4.0,1.0,1.0,3.0,4.0,4.0,0.0,1.0,1.0,0.0,16.0,-8.0
22200572,1610612745,HOU,Houston,1629645,Kevin Porter Jr.,Kevin,G,,30:39,4.0,11.0,0.364,2.0,7.0,0.286,1.0,2.0,0.5,3.0,0.0,3.0,5.0,1.0,0.0,2.0,2.0,11.0,-23.0
22200572,1610612745,HOU,Houston,1630586,Usman Garuba,Usman,,,10:25,1.0,2.0,0.5,0.0,0.0,0.0,0.0,0.0,0.0,1.0,4.0,5.0,2.0,1.0,0.0,4.0,4.0,2.0,-17.0
22200572,1610612745,HOU,Houston,1630231,KJ Martin,KJ,,,24:34,7.0,7.0,1.0,2.0,2.0,1.0,0.0,3.0,0.0,0.0,2.0,2.0,1.0,2.0,1.0,0.0,0.0,16.0,2.0
22200572,1610612745,HOU,Houston,1631102,TyTy Washington Jr.,TyTy,,,12:51,0.0,2.0,0.0,0.0,1.0,0.0,0.0,0.0,0.0,0.0,1.0,1.0,0.0,1.0,0.0,2.0,4.0,0.0,-1.0
22200572,1610612745,HOU,Houston,1631106,Tari Eason,Tari,,,15:17,2.0,5.0,0.4,0.0,0.0,0.0,0.0,2.0,0.0,0.0,4.0,4.0,3.0,1.0,0.0,0.0,2.0,4.0,-11.0
22200572,1610612745,HOU,Houston,1629726,Garrison Mathews,Garrison,,,10:24,2.0,5.0,0.4,2.0,4.0,0.5,0.0,0.0,0.0,1.0,1.0,2.0,1.0,0.0,0.0,1.0,1.0,6.0,0.0
22200572,1610612745,HOU,Houston,1628981,Bruno Fernando,Bruno,,,8:00,1.0,2.0,0.5,0.0,0.0,0.0,2.0,3.0,0.667,1.0,1.0,2.0,1.0,0.0,0.0,0.0,1.0,4.0,2.0
22200572,1610612745,HOU,Houston,1630528,Josh Christopher,Josh,,,5:08,2.0,4.0,0.5,0.0,2.0,0.0,0.0,0.0,0.0,0.0,1.0,1.0,1.0,0.0,0.0,0.0,1.0,4.0,9.0
22200572,1610612745,HOU,Houston,1630227,Daishen Nix,Daishen,,,4:59,0.0,0.0,0.0,0.0,0.0,0.0,0.0,0.0,0.0,0.0,1.0,1.0,1.0,0.0,0.0,1.0,0.0,0.0,9.0
22200572,1610612745,HOU,Houston,1626246,Boban Marjanović,Boban,,,3:40,2.0,2.0,1.0,0.0,0.0,0.0,1.0,1.0,1.0,1.0,0.0,1.0,0.0,0.0,0.0,0.0,0.0,5.0,4.0
22200572,1610612740,NOP,New Orleans,1630530,Trey Murphy III,Trey,F,,28:35,5.0,13.0,0.385,2.0,8.0,0.25,2.0,2.0,1.0,0.0,0.0,0.0,1.0,0.0,1.0,0.0,3.0,14.0,1.0
22200572,1610612740,NOP,New Orleans,1630230,Naji Marshall,Naji,F,,32:38,5.0,12.0,0.417,2.0,5.0,0.4,4.0,4.0,1.0,2.0,5.0,7.0,4.0,0.0,0.0,4.0,0.0,16.0,11.0
22200572,1610612740,NOP,New Orleans,202685,Jonas Valančiūnas,Jonas,C,,31:44,6.0,15.0,0.4,0.0,2.0,0.0,4.0,5.0,0.8,4.0,13.0,17.0,2.0,0.0,1.0,4.0,4.0,16.0,4.0
22200572,1610612740,NOP,New Orleans,1630529,Herbert Jones,Herbert,G,,30:34,1.0,1.0,1.0,1.0,1.0,1.0,6.0,6.0,1.0,1.0,4.0,5.0,0.0,2.0,1.0,1.0,3.0,9.0,5.0
22200572,1610612740,NOP,New Orleans,203468,CJ McCollum,CJ,G,,35:08,10.0,21.0,0.476,5.0,11.0,0.455,3.0,4.0,0.75,1.0,0.0,1.0,6.0,0.0,1.0,0.0,2.0,28.0,-3.0
22200572,1610612740,NOP,New Orleans,1630631,Jose Alvarado,Jose,,,21:13,5.0,9.0,0.556,3.0,6.0,0.5,0.0,0.0,0.0,0.0,2.0,2.0,5.0,0.0,0.0,0.0,2.0,13.0,14.0
22200572,1610612740,NOP,New Orleans,1630700,Dyson Daniels,Dyson,,,14:52,2.0,5.0,0.4,1.0,2.0,0.5,0.0,1.0,0.0,2.0,3.0,5.0,4.0,3.0,0.0,2.0,2.0,5.0,10.0
22200572,1610612740,NOP,New Orleans,1629637,Jaxson Hayes,Jaxson,,,16:17,2.0,3.0,0.667,0.0,0.0,0.0,0.0,0.0,0.0,3.0,4.0,7.0,1.0,0.0,2.0,2.0,2.0,4.0,7.0
22200572,1610612740,NOP,New Orleans,1626195,Willy Hernangomez,Willy,,,16:16,5.0,6.0,0.833,0.0,0.0,0.0,4.0,4.0,1.0,2.0,5.0,7.0,1.0,1.0,0.0,1.0,1.0,14.0,7.0
22200572,1610612740,NOP,New Orleans,1628984,Devonte' Graham,Devonte',,,12:43,0.0,4.0,0.0,0.0,3.0,0.0,0.0,0.0,0.0,0.0,0.0,0.0,1.0,0.0,0.0,0.0,0.0,0.0,-1.0
22200572,1610612740,NOP,New Orleans,1630184,Kira Lewis Jr.,Kira,,DNP - Coach's Decision,,,,,,,,,,,,,,,,,,,,
22200572,1610612740,NOP,New Orleans,1631220,Dereon Seabron,Dereon,,DNP - Coach's Decision,,,,,,,,,,,,,,,,,,,,
22200572,1610612740,NOP,New Orleans,202066,Garrett Temple,Garrett,,DNP - Coach's Decision,,,,,,,,,,,,,,,,,,,,
22200562,1610612738,BOS,Boston,1627759,Jaylen Brown,Jaylen,F,,25:18,11.0,18.0,0.611,2.0,7.0,0.286,5.0,9.0,0.556,0.0,1.0,1.0,2.0,0.0,0.0,1.0,3.0,29.0,-28.0
22200562,1610612738,BOS,Boston,1628369,Jayson Tatum,Jayson,F,,30:21,9.0,17.0,0.529,2.0,7.0,0.286,7.0,7.0,1.0,1.0,5.0,6.0,2.0,0.0,0.0,4.0,2.0,27.0,-25.0
22200562,1610612738,BOS,Boston,201143,Al Horford,Al,C,,22:07,1.0,3.0,0.333,0.0,1.0,0.0,0.0,0.0,0.0,0.0,2.0,2.0,1.0,0.0,0.0,0.0,0.0,2.0,-20.0
22200562,1610612738,BOS,Boston,203935,Marcus Smart,Marcus,G,,25:34,3.0,6.0,0.5,0.0,2.0,0.0,1.0,2.0,0.5,1.0,3.0,4.0,8.0,0.0,1.0,3.0,2.0,7.0,-26.0
22200562,1610612738,BOS,Boston,1628401,Derrick White,Derrick,G,,21:43,2.0,8.0,0.25,1.0,6.0,0.167,3.0,3.0,1.0,1.0,3.0,4.0,6.0,0.0,2.0,2.0,3.0,8.0,-3.0
22200562,1610612738,BOS,Boston,1629684,Grant Williams,Grant,,,16:13,0.0,1.0,0.0,0.0,1.0,0.0,0.0,0.0,0.0,2.0,2.0,4.0,2.0,0.0,0.0,3.0,1.0,0.0,-20.0
22200562,1610612738,BOS,Boston,1627763,Malcolm Brogdon,Malcolm,,,25:45,4.0,12.0,0.333,1.0,3.0,0.333,8.0,8.0,1.0,3.0,6.0,9.0,3.0,2.0,1.0,0.0,2.0,17.0,-21.0
22200562,1610612738,BOS,Boston,1630573,Sam Hauser,Sam,,,23:02,2.0,6.0,0.333,2.0,6.0,0.333,0.0,0.0,0.0,1.0,3.0,4.0,0.0,1.0,0.0,3.0,0.0,6.0,-5.0
22200562,1610612738,BOS,Boston,1628436,Luke Kornet,Luke,,,11:07,0.0,0.0,0.0,0.0,0.0,0.0,0.0,0.0,0.0,0.0,0.0,0.0,1.0,0.0,1.0,0.0,0.0,0.0,-8.0
22200562,1610612738,BOS,Boston,1630202,Payton Pritchard,Payton,,,14:46,7.0,13.0,0.538,3.0,4.0,0.75,0.0,0.0,0.0,0.0,0.0,0.0,0.0,0.0,0.0,1.0,0.0,17.0,-5.0
22200562,1610612738,BOS,Boston,201933,Blake Griffin,Blake,,,12:00,0.0,1.0,0.0,0.0,1.0,0.0,0.0,0.0,0.0,0.0,2.0,2.0,2.0,1.0,1.0,0.0,1.0,0.0,-2.0
22200562,1610612738,BOS,Boston,203943,Noah Vonleh,Noah,,,6:02,0.0,0.0,0.0,0.0,0.0,0.0,0.0,0.0,0.0,1.0,0.0,1.0,1.0,0.0,0.0,0.0,1.0,0.0,-1.0
22200562,1610612738,BOS,Boston,1628382,Justin Jackson,Justin,,,6:02,1.0,3.0,0.333,1.0,2.0,0.5,1.0,2.0,0.5,1.0,0.0,1.0,1.0,0.0,1.0,0.0,0.0,4.0,-1.0
22200562,1610612760,OKC,Oklahoma City,1630598,Aaron Wiggins,Aaron,F,,32:24,7.0,8.0,0.875,2.0,2.0,1.0,1.0,1.0,1.0,2.0,4.0,6.0,3.0,0.0,0.0,2.0,0.0,17.0,22.0
22200562,1610612760,OKC,Oklahoma City,1631114,Jalen Williams,Jalen,F,,33:13,10.0,18.0,0.556,0.0,4.0,0.0,1.0,3.0,0.333,0.0,3.0,3.0,6.0,4.0,0.0,0.0,3.0,21.0,22.0
22200562,1610612760,OKC,Oklahoma City,1629026,Kenrich Williams,Kenrich,C,,23:45,3.0,6.0,0.5,2.0,3.0,0.667,2.0,2.0,1.0,2.0,3.0,5.0,3.0,1.0,0.0,1.0,3.0,10.0,14.0
22200562,1610612760,OKC,Oklahoma City,1629652,Luguentz Dort,Luguentz,G,,28:21,8.0,15.0,0.533,3.0,6.0,0.5,4.0,5.0,0.8,3.0,2.0,5.0,3.0,2.0,0.0,3.0,1.0,23.0,31.0
22200562,1610612760,OKC,Oklahoma City,1630581,Josh Giddey,Josh,G,,24:24,10.0,15.0,0.667,3.0,5.0,0.6,2.0,2.0,1.0,0.0,5.0,5.0,5.0,2.0,0.0,0.0,2.0,25.0,19.0
22200562,1610612760,OKC,Oklahoma City,1630544,Tre Mann,Tre,,,32:16,8.0,11.0,0.727,5.0,8.0,0.625,0.0,1.0,0.0,0.0,6.0,6.0,3.0,3.0,2.0,3.0,2.0,21.0,31.0
22200562,1610612760,OKC,Oklahoma City,203488,Mike Muscala,Mike,,,13:02,0.0,3.0,0.0,0.0,2.0,0.0,0.0,0.0,0.0,0.0,2.0,2.0,0.0,0.0,1.0,1.0,5.0,0.0,3.0
22200562,1610612760,OKC,Oklahoma City,1629647,Darius Bazley,Darius,,,8:40,1.0,3.0,0.333,0.0,0.0,0.0,2.0,4.0,0.5,0.0,1.0,1.0,1.0,0.0,0.0,1.0,1.0,4.0,-7.0
22200562,1610612760,OKC,Oklahoma City,1630198,Isaiah Joe,Isaiah,,,27:49,8.0,13.0,0.615,3.0,7.0,0.429,2.0,4.0,0.5,1.0,3.0,4.0,4.0,0.0,0.0,1.0,2.0,21.0,18.0
22200562,1610612760,OKC,Oklahoma City,1631119,Jaylin Williams,Jaylin,,,16:06,3.0,6.0,0.5,2.0,3.0,0.667,0.0,0.0,0.0,1.0,6.0,7.0,3.0,2.0,0.0,1.0,4.0,8.0,12.0
22200562,1610612760,OKC,Oklahoma City,1628983,Shai Gilgeous-Alexander,Shai,,DND - Injury/Illness,,,,,,,,,,,,,,,,,,,,
22200563,1610612758,SAC,Sacramento,203084,Harrison Barnes,Harrison,F,,37:06,7.0,13.0,0.538,3.0,7.0,0.429,2.0,2.0,1.0,1.0,7.0,8.0,2.0,2.0,0.0,3.0,2.0,19.0,4.0
22200563,1610612758,SAC,Sacramento,1631099,Keegan Murray,Keegan,F,,37:21,6.0,12.0,0.5,3.0,7.0,0.429,1.0,1.0,1.0,2.0,3.0,5.0,1.0,0.0,1.0,1.0,3.0,16.0,19.0
22200563,1610612758,SAC,Sacramento,1627734,Domantas Sabonis,Domantas,C,,38:52,8.0,13.0,0.615,0.0,1.0,0.0,5.0,5.0,1.0,3.0,11.0,14.0,8.0,0.0,0.0,2.0,5.0,21.0,20.0
22200563,1610612758,SAC,Sacramento,1628989,Kevin Huerter,Kevin,G,,31:44,6.0,12.0,0.5,2.0,6.0,0.333,2.0,2.0,1.0,0.0,4.0,4.0,1.0,0.0,0.0,2.0,2.0,16.0,17.0
22200563,1610612758,SAC,Sacramento,1628368,De'Aaron Fox,De'Aaron,G,,37:51,15.0,22.0,0.682,1.0,5.0,0.2,6.0,8.0,0.75,0.0,3.0,3.0,6.0,1.0,2.0,4.0,2.0,37.0,-6.0
22200563,1610612758,SAC,Sacramento,1630558,Davion Mitchell,Davion,,,17:32,2.0,3.0,0.667,0.0,1.0,0.0,0.0,0.0,0.0,0.0,3.0,3.0,1.0,2.0,0.0,0.0,2.0,4.0,-13.0
22200563,1610612758,SAC,Sacramento,1628370,Malik Monk,Malik,,,15:10,1.0,7.0,0.143,0.0,3.0,0.0,0.0,0.0,0.0,1.0,0.0,1.0,4.0,0.0,0.0,2.0,3.0,2.0,-6.0
22200563,1610612758,SAC,Sacramento,1626158,Richaun Holmes,Richaun,,,8:48,0.0,1.0,0.0,0.0,0.0,0.0,0.0,0.0,0.0,0.0,0.0,0.0,0.0,0.0,0.0,1.0,2.0,0.0,-13.0
22200563,1610612758,SAC,Sacramento,1626168,Trey Lyles,Trey,,,8:35,1.0,3.0,0.333,0.0,2.0,0.0,0.0,0.0,0.0,0.0,2.0,2.0,0.0,0.0,1.0,2.0,1.0,2.0,-12.0
22200563,1610612758,SAC,Sacramento,1629644,KZ Okpala,KZ,,,7:02,0.0,0.0,0.0,0.0,0.0,0.0,0.0,0.0,0.0,0.0,0.0,0.0,0.0,2.0,0.0,0.0,4.0,0.0,0.0
22200563,1610612758,SAC,Sacramento,1629056,Terence Davis,Terence,,DNP - Coach's Decision,,,,,,,,,,,,,,,,,,,,
22200563,1610612758,SAC,Sacramento,203521,Matthew Dellavedova,Matthew,,DNP - Coach's Decision,,,,,,,,,,,,,,,,,,,,
22200563,1610612758,SAC,Sacramento,203458,Alex Len,Alex,,DNP - Coach's Decision,,,,,,,,,,,,,,,,,,,,
22200563,1610612758,SAC,Sacramento,1629002,Chimezie Metu,Chimezie,,DNP - Coach's Decision,,,,,,,,,,,,,,,,,,,,
22200563,1610612758,SAC,Sacramento,1629674,Neemias Queta,Neemias,,DNP - Coach's Decision,,,,,,,,,,,,,,,,,,,,
22200563,1610612762,UTA,Utah,1628374,Lauri Markkanen,Lauri,F,,36:02,6.0,15.0,0.4,1.0,7.0,0.143,15.0,15.0,1.0,0.0,8.0,8.0,1.0,0.0,0.0,2.0,2.0,28.0,-6.0
22200563,1610612762,UTA,Utah,203482,Kelly Olynyk,Kelly,F,,28:23,2.0,7.0,0.286,1.0,4.0,0.25,0.0,0.0,0.0,2.0,4.0,6.0,4.0,1.0,0.0,1.0,5.0,5.0,-5.0
22200563,1610612762,UTA,Utah,1629020,Jarred Vanderbilt,Jarred,C,,25:21,7.0,12.0,0.583,0.0,1.0,0.0,0.0,0.0,0.0,5.0,4.0,9.0,2.0,1.0,1.0,2.0,1.0,14.0,3.0
22200563,1610612762,UTA,Utah,203903,Jordan Clarkson,Jordan,G,,34:30,9.0,17.0,0.529,5.0,10.0,0.5,1.0,1.0,1.0,2.0,1.0,3.0,2.0,0.0,0.0,3.0,4.0,24.0,-15.0
22200563,1610612762,UTA,Utah,201144,Mike Conley,Mike,G,,33:19,6.0,10.0,0.6,2.0,4.0,0.5,4.0,5.0,0.8,0.0,1.0,1.0,7.0,3.0,0.0,1.0,2.0,18.0,11.0
22200563,1610612762,UTA,Utah,1629638,Nickeil Alexander-Walker,Nickeil,,,14:41,1.0,5.0,0.2,1.0,4.0,0.25,1.0,3.0,0.333,0.0,1.0,1.0,1.0,0.0,0.0,1.0,0.0,4.0,-13.0
22200563,1610612762,UTA,Utah,1631117,Walker Kessler,Walker,,,17:22,2.0,3.0,0.667,0.0,0.0,0.0,2.0,2.0,1.0,1.0,6.0,7.0,0.0,2.0,1.0,1.0,3.0,6.0,-5.0
22200563,1610612762,UTA,Utah,200752,Rudy Gay,Rudy,,,12:30,0.0,5.0,0.0,0.0,3.0,0.0,0.0,0.0,0.0,1.0,2.0,3.0,2.0,0.0,0.0,2.0,0.0,0.0,3.0
22200563,1610612762,UTA,Utah,1627736,Malik Beasley,Malik,,,30:47,5.0,12.0,0.417,3.0,9.0,0.333,3.0,3.0,1.0,1.0,5.0,6.0,2.0,2.0,1.0,2.0,2.0,16.0,11.0
22200563,1610612762,UTA,Utah,1630534,Ochai Agbaji,Ochai,,,7:05,0.0,2.0,0.0,0.0,2.0,0.0,0.0,0.0,0.0,0.0,0.0,0.0,0.0,0.0,0.0,1.0,0.0,0.0,6.0
22200563,1610612762,UTA,Utah,1628962,Udoka Azubuike,Udoka,,DNP - Coach's Decision,,,,,,,,,,,,,,,,,,,,
22200563,1610612762,UTA,Utah,1630195,Leandro Bolmaro,Leandro,,DNP - Coach's Decision,,,,,,,,,,,,,,,,,,,,
22200563,1610612762,UTA,Utah,1631323,Simone Fontecchio,Simone,,DNP - Coach's Decision,,,,,,,,,,,,,,,,,,,,
22200563,1610612762,UTA,Utah,1629659,Talen Horton-Tucker,Talen,,DNP - Coach's Decision,,,,,,,,,,,,,,,,,,,,
22200561,1610612764,WAS,Washington,1628398,Kyle Kuzma,Kyle,F,,34:18,10.0,28.0,0.357,0.0,6.0,0.0,0.0,0.0,0.0,1.0,3.0,4.0,2.0,0.0,2.0,2.0,1.0,20.0,-16.0
22200561,1610612764,WAS,Washington,204001,Kristaps Porziņģis,Kristaps,F,,34:59,7.0,13.0,0.538,2.0,5.0,0.4,6.0,6.0,1.0,1.0,8.0,9.0,4.0,1.0,1.0,3.0,5.0,22.0,-15.0
22200561,1610612764,WAS,Washington,1629655,Daniel Gafford,Daniel,C,,29:03,4.0,7.0,0.571,0.0,0.0,0.0,3.0,4.0,0.75,5.0,7.0,12.0,2.0,0.0,0.0,0.0,2.0,11.0,-4.0
22200561,1610612764,WAS,Washington,203078,Bradley Beal,Bradley,G,,13:18,3.0,7.0,0.429,0.0,1.0,0.0,2.0,2.0,1.0,1.0,0.0,1.0,4.0,2.0,0.0,2.0,0.0,8.0,4.0
22200561,1610612764,WAS,Washington,1628420,Monté Morris,Monté,G,,29:45,3.0,9.0,0.333,1.0,3.0,0.333,1.0,1.0,1.0,2.0,6.0,8.0,6.0,1.0,0.0,0.0,1.0,8.0,-9.0
22200561,1610612764,WAS,Washington,1629060,Rui Hachimura,Rui,,,24:54,4.0,10.0,0.4,3.0,3.0,1.0,1.0,2.0,0.5,1.0,2.0,3.0,2.0,1.0,0.0,1.0,2.0,12.0,-5.0
22200561,1610612764,WAS,Washington,1630166,Deni Avdija,Deni,,,28:02,4.0,7.0,0.571,0.0,3.0,0.0,4.0,4.0,1.0,2.0,2.0,4.0,3.0,1.0,0.0,2.0,3.0,12.0,-11.0
22200561,1610612764,WAS,Washington,1626153,Delon Wright,Delon,,,16:52,1.0,6.0,0.167,0.0,2.0,0.0,2.0,2.0,1.0,1.0,2.0,3.0,2.0,3.0,0.0,0.0,1.0,4.0,-5.0
22200561,1610612764,WAS,Washington,1630557,Corey Kispert,Corey,,,23:17,5.0,9.0,0.556,2.0,4.0,0.5,0.0,0.0,0.0,0.0,1.0,1.0,0.0,0.0,0.0,0.0,1.0,12.0,-5.0
22200561,1610612764,WAS,Washington,203115,Will Barton,Will,,,1:23,0.0,0.0,0.0,0.0,0.0,0.0,0.0,0.0,0.0,0.0,0.0,0.0,0.0,0.0,0.0,0.0,0.0,0.0,4.0
22200561,1610612764,WAS,Washington,1630692,Jordan Goodwin,Jordan,,,1:23,0.0,0.0,0.0,0.0,0.0,0.0,2.0,2.0,1.0,0.0,1.0,1.0,2.0,0.0,0.0,0.0,0.0,2.0,4.0
22200561,1610612764,WAS,Washington,1630176,Vernon Carey Jr.,Vernon,,,1:23,0.0,0.0,0.0,0.0,0.0,0.0,0.0,0.0,0.0,0.0,0.0,0.0,0.0,0.0,1.0,0.0,0.0,0.0,4.0
22200561,1610612764,WAS,Washington,1630264,Anthony Gill,Anthony,,,1:23,1.0,1.0,1.0,0.0,0.0,0.0,0.0,0.0,0.0,0.0,0.0,0.0,0.0,0.0,0.0,0.0,0.0,2.0,4.0
22200561,1610612749,MIL,Milwaukee,1626192,Pat Connaughton,Pat,F,,32:05,4.0,10.0,0.4,3.0,9.0,0.333,0.0,0.0,0.0,0.0,2.0,2.0,2.0,0.0,0.0,0.0,0.0,11.0,3.0
22200561,1610612749,MIL,Milwaukee,203507,Giannis Antetokounmpo,Giannis,F,,36:34,20.0,33.0,0.606,0.0,3.0,0.0,15.0,16.0,0.938,2.0,8.0,10.0,7.0,2.0,0.0,5.0,3.0,55.0,25.0
22200561,1610612749,MIL,Milwaukee,201572,Brook Lopez,Brook,C,,27:46,10.0,13.0,0.769,1.0,2.0,0.5,0.0,0.0,0.0,6.0,6.0,12.0,3.0,1.0,6.0,1.0,3.0,21.0,-7.0
22200561,1610612749,MIL,Milwaukee,1628960,Grayson Allen,Grayson,G,,29:23,1.0,9.0,0.111,1.0,7.0,0.143,0.0,0.0,0.0,2.0,1.0,3.0,2.0,1.0,0.0,0.0,1.0,3.0,18.0
22200561,1610612749,MIL,Milwaukee,1628975,Jevon Carter,Jevon,G,,23:22,0.0,2.0,0.0,0.0,1.0,0.0,0.0,0.0,0.0,0.0,2.0,2.0,3.0,0.0,0.0,1.0,4.0,0.0,-1.0
22200561,1610612749,MIL,Milwaukee,1626171,Bobby Portis,Bobby,,,28:22,7.0,13.0,0.538,2.0,6.0,0.333,1.0,1.0,1.0,3.0,10.0,13.0,4.0,2.0,0.0,0.0,1.0,17.0,9.0
22200561,1610612749,MIL,Milwaukee,1630699,MarJon Beauchamp,MarJon,,,15:45,2.0,4.0,0.5,0.0,0.0,0.0,0.0,0.0,0.0,2.0,0.0,2.0,1.0,1.0,0.0,0.0,1.0,4.0,8.0
22200561,1610612749,MIL,Milwaukee,204060,Joe Ingles,Joe,,,18:21,2.0,5.0,0.4,2.0,5.0,0.4,0.0,0.0,0.0,0.0,3.0,3.0,4.0,1.0,0.0,1.0,1.0,6.0,6.0
22200561,1610612749,MIL,Milwaukee,201950,Jrue Holiday,Jrue,,,18:59,2.0,8.0,0.25,2.0,4.0,0.5,0.0,0.0,0.0,0.0,1.0,1.0,0.0,0.0,0.0,3.0,0.0,6.0,-3.0
22200561,1610612749,MIL,Milwaukee,1631260,AJ Green,AJ,,,9:23,0.0,3.0,0.0,0.0,3.0,0.0,0.0,0.0,0.0,0.0,1.0,1.0,1.0,0.0,0.0,1.0,0.0,0.0,-8.0
22200561,1610612749,MIL,Milwaukee,203648,Thanasis Antetokounmpo,Thanasis,,DNP - Coach's Decision,,,,,,,,,,,,,,,,,,,,
22200561,1610612749,MIL,Milwaukee,201586,Serge Ibaka,Serge,,DNP - Coach's Decision,,,,,,,,,,,,,,,,,,,,
22200561,1610612749,MIL,Milwaukee,202083,Wesley Matthews,Wesley,,DNP - Coach's Decision,,,,,,,,,,,,,,,,,,,,
22200561,1610612749,MIL,Milwaukee,1629670,Jordan Nwora,Jordan,,DNP - Coach's Decision,,,,,,,,,,,,,,,,,,,,
22200552,1610612741,CHI,Chicago,201942,DeMar DeRozan,DeMar,F,,45:55,16.0,32.0,0.5,2.0,6.0,0.333,10.0,12.0,0.833,1.0,2.0,3.0,4.0,4.0,1.0,1.0,4.0,44.0,-9.0
22200552,1610612741,CHI,Chicago,1630172,Patrick Williams,Patrick,F,,30:08,4.0,10.0,0.4,2.0,7.0,0.286,0.0,0.0,0.0,0.0,5.0,5.0,2.0,1.0,0.0,0.0,3.0,10.0,-2.0
22200552,1610612741,CHI,Chicago,202696,Nikola Vučević,Nikola,C,,43:31,6.0,8.0,0.75,2.0,4.0,0.5,6.0,7.0,0.857,1.0,12.0,13.0,2.0,0.0,0.0,1.0,3.0,20.0,-19.0
22200552,1610612741,CHI,Chicago,203897,Zach LaVine,Zach,G,,40:22,7.0,18.0,0.389,3.0,9.0,0.333,9.0,9.0,1.0,0.0,6.0,6.0,6.0,0.0,1.0,3.0,5.0,26.0,-12.0
22200552,1610612741,CHI,Chicago,1630245,Ayo Dosunmu,Ayo,G,,32:46,4.0,8.0,0.5,0.0,3.0,0.0,3.0,4.0,0.75,0.0,3.0,3.0,5.0,0.0,0.0,1.0,5.0,11.0,-9.0
22200552,1610612741,CHI,Chicago,1627884,Derrick Jones Jr.,Derrick,,,21:53,3.0,4.0,0.75,0.0,1.0,0.0,0.0,0.0,0.0,2.0,4.0,6.0,0.0,0.0,0.0,1.0,4.0,6.0,-6.0
22200552,1610612741,CHI,Chicago,1627936,Alex Caruso,Alex,,,22:20,2.0,7.0,0.286,0.0,1.0,0.0,0.0,0.0,0.0,1.0,1.0,2.0,1.0,1.0,0.0,0.0,6.0,4.0,-1.0
22200552,1610612741,CHI,Chicago,1629632,Coby White,Coby,,,10:22,1.0,2.0,0.5,1.0,1.0,1.0,2.0,2.0,1.0,0.0,0.0,0.0,1.0,1.0,0.0,0.0,1.0,5.0,-4.0
22200552,1610612741,CHI,Chicago,203083,Andre Drummond,Andre,,,6:48,3.0,3.0,1.0,0.0,0.0,0.0,0.0,0.0,0.0,1.0,3.0,4.0,0.0,1.0,0.0,0.0,2.0,6.0,5.0
22200552,1610612741,CHI,Chicago,201609,Goran Dragic,Goran,,,10:56,1.0,3.0,0.333,0.0,1.0,0.0,0.0,0.0,0.0,0.0,0.0,0.0,1.0,0.0,0.0,0.0,0.0,2.0,2.0
22200552,1610612741,CHI,Chicago,1630792,Malcolm Hill,Malcolm,,DNP - Coach's Decision,,,,,,,,,,,,,,,,,,,,
22200552,1610612741,CHI,Chicago,1631207,Dalen Terry,Dalen,,DNP - Coach's Decision,,,,,,,,,,,,,,,,,,,,
22200552,1610612739,CLE,Cleveland,1630205,Lamar Stevens,Lamar,F,,19:09,2.0,5.0,0.4,0.0,2.0,0.0,0.0,0.0,0.0,0.0,1.0,1.0,2.0,0.0,0.0,0.0,0.0,4.0,-6.0
22200552,1610612739,CLE,Cleveland,201567,Kevin Love,Kevin,F,,37:48,4.0,10.0,0.4,3.0,9.0,0.333,1.0,2.0,0.5,1.0,16.0,17.0,2.0,0.0,0.0,1.0,6.0,12.0,6.0
22200552,1610612739,CLE,Cleveland,1628386,Jarrett Allen,Jarrett,C,,38:35,9.0,10.0,0.9,0.0,0.0,0.0,3.0,6.0,0.5,6.0,2.0,8.0,2.0,0.0,1.0,1.0,4.0,21.0,11.0
22200552,1610612739,CLE,Cleveland,1627747,Caris LeVert,Caris,G,,39:09,2.0,13.0,0.154,1.0,7.0,0.143,5.0,6.0,0.833,0.0,5.0,5.0,3.0,1.0,0.0,1.0,4.0,10.0,7.0
22200552,1610612739,CLE,Cleveland,1628378,Donovan Mitchell,Donovan,G,,49:48,22.0,34.0,0.647,7.0,15.0,0.467,20.0,25.0,0.8,3.0,5.0,8.0,11.0,0.0,1.0,4.0,3.0,71.0,19.0
22200552,1610612739,CLE,Cleveland,1626224,Cedi Osman,Cedi,,,36:15,6.0,13.0,0.462,4.0,11.0,0.364,3.0,4.0,0.75,0.0,3.0,3.0,4.0,0.0,0.0,1.0,3.0,19.0,15.0
22200552,1610612739,CLE,Cleveland,1630171,Isaac Okoro,Isaac,,,19:34,1.0,3.0,0.333,1.0,1.0,1.0,0.0,0.0,0.0,1.0,2.0,3.0,1.0,0.0,1.0,0.0,6.0,3.0,3.0
22200552,1610612739,CLE,Cleveland,203526,Raul Neto,Raul,,,17:27,2.0,3.0,0.667,0.0,1.0,0.0,0.0,0.0,0.0,1.0,0.0,1.0,2.0,0.0,0.0,1.0,0.0,4.0,3.0
22200552,1610612739,CLE,Cleveland,201577,Robin Lopez,Robin,,,7:15,0.0,1.0,0.0,0.0,0.0,0.0,1.0,2.0,0.5,1.0,0.0,1.0,0.0,0.0,0.0,1.0,1.0,1.0,-3.0
22200552,1610612739,CLE,Cleveland,1630596,Evan Mobley,Evan,,DNP - Injury/Illness,,,,,,,,,,,,,,,,,,,,
22200552,1610612739,CLE,Cleveland,1630600,Isaiah Mobley,Isaiah,,DNP - Coach's Decision,,,,,,,,,,,,,,,,,,,,
22200553,1610612761,TOR,Toronto,1630567,Scottie Barnes,Scottie,F,,39:41,8.0,14.0,0.571,1.0,2.0,0.5,6.0,8.0,0.75,2.0,6.0,8.0,8.0,0.0,2.0,3.0,4.0,23.0,16.0
22200553,1610612761,TOR,Toronto,1628384,OG Anunoby,OG,F,,39:32,7.0,20.0,0.35,3.0,11.0,0.273,0.0,0.0,0.0,4.0,4.0,8.0,2.0,1.0,2.0,2.0,3.0,17.0,0.0
22200553,1610612761,TOR,Toronto,1627783,Pascal Siakam,Pascal,C,,39:09,9.0,17.0,0.529,2.0,4.0,0.5,6.0,7.0,0.857,1.0,6.0,7.0,7.0,0.0,0.0,3.0,3.0,26.0,-6.0
22200553,1610612761,TOR,Toronto,1629018,Gary Trent Jr.,Gary,G,,40:25,11.0,18.0,0.611,5.0,10.0,0.5,5.0,6.0,0.833,1.0,4.0,5.0,3.0,2.0,0.0,1.0,5.0,32.0,1.0
22200553,1610612761,TOR,Toronto,1627832,Fred VanVleet,Fred,G,,36:27,3.0,15.0,0.2,3.0,12.0,0.25,0.0,0.0,0.0,0.0,2.0,2.0,3.0,0.0,2.0,1.0,4.0,9.0,1.0
22200553,1610612761,TOR,Toronto,1628449,Chris Boucher,Chris,,,4:20,0.0,1.0,0.0,0.0,1.0,0.0,0.0,0.0,0.0,1.0,0.0,1.0,0.0,0.0,0.0,0.0,0.0,0.0,-5.0
22200553,1610612761,TOR,Toronto,1630201,Malachi Flynn,Malachi,,,8:56,0.0,1.0,0.0,0.0,1.0,0.0,0.0,0.0,0.0,0.0,0.0,0.0,0.0,0.0,0.0,1.0,2.0,0.0,-18.0
22200553,1610612761,TOR,Toronto,201152,Thaddeus Young,Thaddeus,,,8:10,1.0,1.0,1.0,0.0,0.0,0.0,0.0,0.0,0.0,1.0,0.0,1.0,1.0,1.0,0.0,0.0,1.0,2.0,-14.0
22200553,1610612761,TOR,Toronto,1630173,Precious Achiuwa,Precious,,,12:26,1.0,3.0,0.333,0.0,1.0,0.0,1.0,2.0,0.5,0.0,0.0,0.0,2.0,1.0,3.0,0.0,2.0,3.0,-11.0
22200553,1610612761,TOR,Toronto,1631132,Christian Koloko,Christian,,,10:55,1.0,1.0,1.0,0.0,0.0,0.0,0.0,0.0,0.0,2.0,2.0,4.0,0.0,0.0,2.0,0.0,3.0,2.0,-4.0
22200553,1610612761,TOR,Toronto,203920,Khem Birch,Khem,,DNP - Coach's Decision,,,,,,,,,,,,,,,,,,,,
22200553,1610612761,TOR,Toronto,1630288,Jeff Dowtin Jr.,Jeff,,DNP - Coach's Decision,,,,,,,,,,,,,,,,,,,,
22200553,1610612761,TOR,Toronto,1627823,Juancho Hernangomez,Juancho,,DNP - Coach's Decision,,,,,,,,,,,,,,,,,,,,
22200553,1610612754,IND,Indiana,1627741,Buddy Hield,Buddy,F,,30:17,7.0,11.0,0.636,4.0,7.0,0.571,1.0,1.0,1.0,0.0,5.0,5.0,4.0,0.0,0.0,0.0,1.0,19.0,0.0
22200553,1610612754,IND,Indiana,1630174,Aaron Nesmith,Aaron,F,,30:18,3.0,12.0,0.25,0.0,4.0,0.0,4.0,4.0,1.0,2.0,3.0,5.0,1.0,0.0,0.0,1.0,4.0,10.0,-8.0
22200553,1610612754,IND,Indiana,1626167,Myles Turner,Myles,C,,31:23,9.0,14.0,0.643,0.0,2.0,0.0,0.0,0.0,0.0,2.0,8.0,10.0,1.0,0.0,2.0,0.0,3.0,18.0,-1.0
22200553,1610612754,IND,Indiana,1629614,Andrew Nembhard,Andrew,G,,19:39,2.0,4.0,0.5,1.0,2.0,0.5,0.0,0.0,0.0,2.0,0.0,2.0,3.0,0.0,0.0,1.0,3.0,5.0,-13.0
22200553,1610612754,IND,Indiana,1630169,Tyrese Haliburton,Tyrese,G,,31:39,7.0,15.0,0.467,2.0,4.0,0.5,0.0,0.0,0.0,0.0,6.0,6.0,8.0,2.0,0.0,7.0,1.0,16.0,-1.0
22200553,1610612754,IND,Indiana,204456,T.J. McConnell,T.J.,,,21:15,4.0,6.0,0.667,0.0,1.0,0.0,7.0,7.0,1.0,0.0,2.0,2.0,3.0,0.0,0.0,1.0,3.0,15.0,11.0
22200553,1610612754,IND,Indiana,1631097,Bennedict Mathurin,Bennedict,,,27:03,6.0,9.0,0.667,2.0,2.0,1.0,7.0,10.0,0.7,0.0,3.0,3.0,0.0,1.0,0.0,2.0,0.0,21.0,21.0
22200553,1610612754,IND,Indiana,1630537,Chris Duarte,Chris,,,15:31,0.0,4.0,0.0,0.0,2.0,0.0,2.0,2.0,1.0,0.0,4.0,4.0,2.0,0.0,0.0,0.0,1.0,2.0,13.0
22200553,1610612754,IND,Indiana,1630188,Jalen Smith,Jalen,,,16:37,5.0,10.0,0.5,0.0,1.0,0.0,1.0,2.0,0.5,7.0,4.0,11.0,2.0,0.0,0.0,0.0,1.0,11.0,9.0
22200553,1610612754,IND,Indiana,1629052,Oshae Brissett,Oshae,,,16:17,2.0,8.0,0.25,1.0,2.0,0.5,0.0,0.0,0.0,2.0,0.0,2.0,0.0,1.0,0.0,0.0,2.0,5.0,9.0
22200553,1610612754,IND,Indiana,1629048,Goga Bitadze,Goga,,DNP - Coach's Decision,,,,,,,,,,,,,,,,,,,,
22200553,1610612754,IND,Indiana,1630543,Isaiah Jackson,Isaiah,,DNP - Coach's Decision,,,,,,,,,,,,,,,,,,,,
22200553,1610612754,IND,Indiana,201949,James Johnson,James,,DNP - Coach's Decision,,,,,,,,,,,,,,,,,,,,
22200553,1610612754,IND,Indiana,1630678,Terry Taylor,Terry,,DNP - Coach's Decision,,,,,,,,,,,,,,,,,,,,
22200551,1610612747,LAL,Los Angeles,1628972,Troy Brown Jr.,Troy,F,,34:41,4.0,8.0,0.5,4.0,8.0,0.5,0.0,0.0,0.0,1.0,4.0,5.0,2.0,3.0,0.0,0.0,2.0,12.0,7.0
22200551,1610612747,LAL,Los Angeles,2544,LeBron James,LeBron,F,,39:34,16.0,26.0,0.615,0.0,5.0,0.0,11.0,15.0,0.733,0.0,11.0,11.0,6.0,1.0,0.0,3.0,1.0,43.0,9.0
22200551,1610612747,LAL,Los Angeles,1628418,Thomas Bryant,Thomas,C,,36:46,9.0,17.0,0.529,0.0,1.0,0.0,0.0,0.0,0.0,5.0,10.0,15.0,2.0,1.0,0.0,1.0,4.0,18.0,-7.0
22200551,1610612747,LAL,Los Angeles,201976,Patrick Beverley,Patrick,G,,32:23,2.0,7.0,0.286,2.0,4.0,0.5,0.0,0.0,0.0,2.0,5.0,7.0,2.0,0.0,3.0,3.0,3.0,6.0,0.0
22200551,1610612747,LAL,Los Angeles,203471,Dennis Schröder,Dennis,G,,37:04,4.0,11.0,0.364,1.0,3.0,0.333,6.0,7.0,0.857,0.0,1.0,1.0,5.0,0.0,1.0,1.0,3.0,15.0,6.0
22200551,1610612747,LAL,Los Angeles,201566,Russell Westbrook,Russell,,,11:22,1.0,8.0,0.125,0.0,3.0,0.0,0.0,0.0,0.0,0.0,4.0,4.0,2.0,0.0,0.0,3.0,1.0,2.0,8.0
22200551,1610612747,LAL,Los Angeles,1630559,Austin Reaves,Austin,,,22:09,5.0,7.0,0.714,2.0,2.0,1.0,3.0,5.0,0.6,0.0,6.0,6.0,7.0,1.0,0.0,1.0,0.0,15.0,6.0
22200551,1610612747,LAL,Los Angeles,1629308,Juan Toscano-Anderson,Juan,,,9:24,0.0,1.0,0.0,0.0,1.0,0.0,0.0,0.0,0.0,0.0,2.0,2.0,0.0,0.0,0.0,1.0,3.0,0.0,-10.0
22200551,1610612747,LAL,Los Angeles,1629117,Wenyen Gabriel,Wenyen,,,10:46,2.0,3.0,0.667,0.0,0.0,0.0,1.0,3.0,0.333,1.0,0.0,1.0,0.0,0.0,1.0,1.0,3.0,5.0,15.0
22200551,1610612747,LAL,Los Angeles,1629134,Kendrick Nunn,Kendrick,,,5:51,2.0,5.0,0.4,1.0,3.0,0.333,0.0,0.0,0.0,0.0,1.0,1.0,0.0,0.0,0.0,0.0,1.0,5.0,-4.0
22200551,1610612747,LAL,Los Angeles,1631108,Max Christie,Max,,DNP - Coach's Decision,,,,,,,,,,,,,,,,,,,,
22200551,1610612747,LAL,Los Angeles,1627745,Damian Jones,Damian,,DNP - Coach's Decision,,,,,,,,,,,,,,,,,,,,
22200551,1610612747,LAL,Los Angeles,1629022,Lonnie Walker IV,Lonnie,,DND - Injury/Illness,,,,,,,,,,,,,,,,,,,,
22200551,1610612766,CHA,Charlotte,202330,Gordon Hayward,Gordon,F,,25:54,2.0,9.0,0.222,1.0,2.0,0.5,3.0,4.0,0.75,0.0,0.0,0.0,3.0,0.0,0.0,0.0,0.0,8.0,-19.0
22200551,1610612766,CHA,Charlotte,1629023,P.J. Washington,P.J.,F,,35:25,5.0,10.0,0.5,2.0,5.0,0.4,0.0,0.0,0.0,3.0,2.0,5.0,4.0,1.0,1.0,2.0,6.0,12.0,-17.0
22200551,1610612766,CHA,Charlotte,203486,Mason Plumlee,Mason,C,,32:35,6.0,7.0,0.857,0.0,0.0,0.0,6.0,11.0,0.545,2.0,12.0,14.0,4.0,0.0,2.0,0.0,1.0,18.0,1.0
22200551,1610612766,CHA,Charlotte,1626179,Terry Rozier,Terry,G,,34:37,11.0,20.0,0.55,3.0,6.0,0.5,2.0,3.0,0.667,0.0,2.0,2.0,4.0,0.0,0.0,3.0,3.0,27.0,4.0
22200551,1610612766,CHA,Charlotte,1630163,LaMelo Ball,LaMelo,G,,37:35,9.0,22.0,0.409,3.0,10.0,0.3,3.0,3.0,1.0,1.0,6.0,7.0,6.0,3.0,2.0,5.0,5.0,24.0,-8.0
22200551,1610612766,CHA,Charlotte,1629667,Jalen McDaniels,Jalen,,,31:18,4.0,10.0,0.4,0.0,4.0,0.0,2.0,2.0,1.0,1.0,6.0,7.0,2.0,3.0,1.0,2.0,2.0,10.0,18.0
22200551,1610612766,CHA,Charlotte,1630550,JT Thor,JT,,,9:11,1.0,3.0,0.333,1.0,2.0,0.5,0.0,0.0,0.0,0.0,0.0,0.0,0.0,0.0,0.0,0.0,1.0,3.0,3.0
22200551,1610612766,CHA,Charlotte,1628372,Dennis Smith Jr.,Dennis,,,17:60,3.0,10.0,0.3,1.0,3.0,0.333,1.0,2.0,0.5,1.0,2.0,3.0,1.0,1.0,0.0,1.0,3.0,8.0,-5.0
22200551,1610612766,CHA,Charlotte,1631109,Mark Williams,Mark,,,15:25,1.0,2.0,0.5,0.0,0.0,0.0,3.0,4.0,0.75,0.0,9.0,9.0,0.0,0.0,1.0,1.0,1.0,5.0,-7.0
22200551,1610612766,CHA,Charlotte,1630547,James Bouknight,James,,DNP - Coach's Decision,,,,,,,,,,,,,,,,,,,,
22200551,1610612766,CHA,Charlotte,1630539,Kai Jones,Kai,,DNP - Coach's Decision,,,,,,,,,,,,,,,,,,,,
22200551,1610612766,CHA,Charlotte,1630208,Nick Richards,Nick,,DNP - Coach's Decision,,,,,,,,,,,,,,,,,,,,
22200558,1610612737,ATL,Atlanta,1629631,De'Andre Hunter,De'Andre,F,,38:05,6.0,13.0,0.462,2.0,6.0,0.333,3.0,4.0,0.75,0.0,4.0,4.0,2.0,2.0,2.0,0.0,3.0,17.0,-3.0
22200558,1610612737,ATL,Atlanta,1628381,John Collins,John,F,,39:38,9.0,17.0,0.529,1.0,5.0,0.2,6.0,8.0,0.75,2.0,11.0,13.0,1.0,1.0,2.0,2.0,4.0,25.0,-2.0
22200558,1610612737,ATL,Atlanta,1630168,Onyeka Okongwu,Onyeka,C,,38:27,8.0,14.0,0.571,0.0,0.0,0.0,0.0,0.0,0.0,6.0,6.0,12.0,1.0,2.0,3.0,3.0,4.0,16.0,3.0
22200558,1610612737,ATL,Atlanta,1627749,Dejounte Murray,Dejounte,G,,50:42,10.0,20.0,0.5,1.0,4.0,0.25,4.0,4.0,1.0,1.0,9.0,10.0,7.0,2.0,1.0,3.0,1.0,25.0,0.0
22200558,1610612737,ATL,Atlanta,1629027,Trae Young,Trae,G,,43:31,8.0,22.0,0.364,3.0,10.0,0.3,11.0,13.0,0.846,1.0,6.0,7.0,14.0,1.0,0.0,4.0,2.0,30.0,-8.0
22200558,1610612737,ATL,Atlanta,203992,Bogdan Bogdanović,Bogdan,,,43:17,9.0,16.0,0.563,3.0,6.0,0.5,0.0,0.0,0.0,0.0,3.0,3.0,3.0,1.0,1.0,1.0,2.0,21.0,6.0
22200558,1610612737,ATL,Atlanta,203200,Justin Holiday,Justin,,,4:51,0.0,1.0,0.0,0.0,1.0,0.0,0.0,0.0,0.0,0.0,1.0,1.0,1.0,0.0,0.0,0.0,1.0,0.0,-10.0
22200558,1610612737,ATL,Atlanta,1628988,Aaron Holiday,Aaron,,,15:36,2.0,4.0,0.5,1.0,2.0,0.5,0.0,0.0,0.0,0.0,2.0,2.0,1.0,0.0,1.0,0.0,0.0,5.0,6.0
22200558,1610612737,ATL,Atlanta,1631100,AJ Griffin,AJ,,,15:25,1.0,2.0,0.5,0.0,1.0,0.0,0.0,0.0,0.0,0.0,1.0,1.0,0.0,0.0,0.0,0.0,0.0,2.0,-2.0
22200558,1610612737,ATL,Atlanta,1630552,Jalen Johnson,Jalen,,,0:28,0.0,0.0,0.0,0.0,0.0,0.0,0.0,0.0,0.0,0.0,0.0,0.0,0.0,0.0,0.0,0.0,0.0,0.0,0.0
22200558,1610612737,ATL,Atlanta,1630235,Trent Forrest,Trent,,DNP - Coach's Decision,,,,,,,,,,,,,,,,,,,,
22200558,1610612737,ATL,Atlanta,1626163,Frank Kaminsky,Frank,,DNP - Coach's Decision,,,,,,,,,,,,,,,,,,,,
22200558,1610612737,ATL,Atlanta,1630249,Vít Krejčí,Vít,,DNP - Coach's Decision,,,,,,,,,,,,,,,,,,,,
22200558,1610612744,GSW,Golden State,1628978,Donte DiVincenzo,Donte,F,,44:22,3.0,9.0,0.333,2.0,8.0,0.25,0.0,0.0,0.0,4.0,5.0,9.0,5.0,2.0,0.0,2.0,1.0,8.0,7.0
22200558,1610612744,GSW,Golden State,203110,Draymond Green,Draymond,F,,44:35,2.0,5.0,0.4,1.0,1.0,1.0,0.0,0.0,0.0,1.0,12.0,13.0,11.0,2.0,3.0,2.0,4.0,5.0,9.0
22200558,1610612744,GSW,Golden State,1626172,Kevon Looney,Kevon,C,,32:27,4.0,8.0,0.5,0.0,0.0,0.0,6.0,8.0,0.75,10.0,10.0,20.0,4.0,0.0,1.0,0.0,4.0,14.0,-20.0
22200558,1610612744,GSW,Golden State,202691,Klay Thompson,Klay,G,,45:51,21.0,39.0,0.538,10.0,21.0,0.476,2.0,2.0,1.0,2.0,6.0,8.0,3.0,0.0,1.0,3.0,4.0,54.0,13.0
22200558,1610612744,GSW,Golden State,1629673,Jordan Poole,Jordan,G,,45:22,11.0,31.0,0.355,2.0,12.0,0.167,4.0,6.0,0.667,2.0,4.0,6.0,5.0,2.0,0.0,6.0,2.0,28.0,7.0
22200558,1610612744,GSW,Golden State,1630237,Anthony Lamb,Anthony,,,32:54,7.0,12.0,0.583,2.0,6.0,0.333,1.0,2.0,0.5,2.0,5.0,7.0,4.0,1.0,0.0,2.0,4.0,17.0,1.0
22200558,1610612744,GSW,Golden State,1629660,Ty Jerome,Ty,,,21:56,1.0,6.0,0.167,0.0,3.0,0.0,1.0,1.0,1.0,0.0,2.0,2.0,2.0,1.0,0.0,2.0,1.0,3.0,2.0
22200558,1610612744,GSW,Golden State,1630541,Moses Moody,Moses,,,11:42,2.0,4.0,0.5,0.0,2.0,0.0,2.0,5.0,0.4,2.0,0.0,2.0,0.0,0.0,0.0,1.0,1.0,6.0,-6.0
22200558,1610612744,GSW,Golden State,1631116,Patrick Baldwin Jr.,Patrick,,,10:51,3.0,7.0,0.429,2.0,6.0,0.333,0.0,0.0,0.0,0.0,2.0,2.0,0.0,1.0,1.0,1.0,2.0,8.0,-3.0
22200558,1610612744,GSW,Golden State,1631157,Ryan Rollins,Ryan,,DNP - Coach's Decision,,,,,,,,,,,,,,,,,,,,
22200558,1610612744,GSW,Golden State,1630164,James Wiseman,James,,DND - Injury/Illness,,,,,,,,,,,,,,,,,,,,
22200557,1610612743,DEN,Denver,1629008,Michael Porter Jr.,Michael,F,,27:26,6.0,9.0,0.667,4.0,6.0,0.667,2.0,2.0,1.0,0.0,2.0,2.0,0.0,0.0,1.0,2.0,2.0,18.0,-5.0
22200557,1610612743,DEN,Denver,203932,Aaron Gordon,Aaron,F,,33:25,4.0,18.0,0.222,0.0,3.0,0.0,4.0,6.0,0.667,12.0,4.0,16.0,6.0,1.0,0.0,1.0,3.0,12.0,-10.0
22200557,1610612743,DEN,Denver,203999,Nikola Jokić,Nikola,C,,33:17,10.0,20.0,0.5,1.0,3.0,0.333,3.0,4.0,0.75,1.0,6.0,7.0,9.0,2.0,0.0,5.0,4.0,24.0,-9.0
22200557,1610612743,DEN,Denver,1627750,Jamal Murray,Jamal,G,,35:53,6.0,12.0,0.5,1.0,3.0,0.333,1.0,1.0,1.0,1.0,2.0,3.0,4.0,1.0,0.0,2.0,0.0,14.0,-5.0
22200557,1610612743,DEN,Denver,203484,Kentavious Caldwell-Pope,Kentavious,G,,32:51,3.0,7.0,0.429,1.0,2.0,0.5,3.0,3.0,1.0,1.0,3.0,4.0,2.0,0.0,0.0,1.0,4.0,10.0,-11.0
22200557,1610612743,DEN,Denver,1628971,Bruce Brown,Bruce,,,22:28,3.0,6.0,0.5,0.0,2.0,0.0,2.0,2.0,1.0,0.0,4.0,4.0,3.0,1.0,0.0,0.0,1.0,8.0,-6.0
22200557,1610612743,DEN,Denver,1631128,Christian Braun,Christian,,,3:02,1.0,1.0,1.0,0.0,0.0,0.0,0.0,0.0,0.0,0.0,0.0,0.0,0.0,0.0,0.0,0.0,0.0,2.0,3.0
22200557,1610612743,DEN,Denver,1630538,Bones Hyland,Bones,,,22:20,7.0,12.0,0.583,4.0,7.0,0.571,0.0,0.0,0.0,1.0,5.0,6.0,2.0,2.0,0.0,1.0,2.0,18.0,-15.0
22200557,1610612743,DEN,Denver,1628427,Vlatko Čančar,Vlatko,,,16:54,1.0,3.0,0.333,0.0,2.0,0.0,0.0,0.0,0.0,0.0,1.0,1.0,1.0,0.0,0.0,0.0,3.0,2.0,-7.0
22200557,1610612743,DEN,Denver,1630192,Zeke Nnaji,Zeke,,,12:24,1.0,3.0,0.333,0.0,1.0,0.0,1.0,2.0,0.5,2.0,0.0,2.0,0.0,1.0,0.0,2.0,2.0,3.0,0.0
22200557,1610612743,DEN,Denver,201599,DeAndre Jordan,DeAndre,,DNP - Coach's Decision,,,,,,,,,,,,,,,,,,,,
22200557,1610612743,DEN,Denver,1628432,Davon Reed,Davon,,DNP - Coach's Decision,,,,,,,,,,,,,,,,,,,,
22200557,1610612743,DEN,Denver,202397,Ish Smith,Ish,,DNP - Coach's Decision,,,,,,,,,,,,,,,,,,,,
22200557,1610612743,DEN,Denver,1631298,Jack White,Jack,,DNP - Coach's Decision,,,,,,,,,,,,,,,,,,,,
22200557,1610612750,MIN,Minnesota,1630183,Jaden McDaniels,Jaden,F,,24:36,9.0,10.0,0.9,2.0,2.0,1.0,1.0,2.0,0.5,2.0,2.0,4.0,4.0,1.0,1.0,2.0,4.0,21.0,13.0
22200557,1610612750,MIN,Minnesota,203937,Kyle Anderson,Kyle,F,,31:17,6.0,12.0,0.5,3.0,4.0,0.75,4.0,4.0,1.0,1.0,3.0,4.0,8.0,3.0,0.0,1.0,2.0,19.0,6.0
22200557,1610612750,MIN,Minnesota,203497,Rudy Gobert,Rudy,C,,27:28,3.0,3.0,1.0,0.0,0.0,0.0,2.0,4.0,0.5,2.0,2.0,4.0,3.0,0.0,2.0,1.0,5.0,8.0,-4.0
22200557,1610612750,MIN,Minnesota,1629669,Jaylen Nowell,Jaylen,G,,31:23,8.0,16.0,0.5,1.0,7.0,0.143,0.0,0.0,0.0,0.0,4.0,4.0,2.0,1.0,0.0,2.0,3.0,17.0,3.0
22200557,1610612750,MIN,Minnesota,1630162,Anthony Edwards,Anthony,G,,36:17,10.0,24.0,0.417,3.0,11.0,0.273,6.0,6.0,1.0,1.0,9.0,10.0,5.0,1.0,0.0,3.0,5.0,29.0,13.0
22200557,1610612750,MIN,Minnesota,203085,Austin Rivers,Austin,,,31:47,2.0,5.0,0.4,2.0,5.0,0.4,2.0,2.0,1.0,0.0,1.0,1.0,5.0,1.0,0.0,0.0,1.0,8.0,6.0
22200557,1610612750,MIN,Minnesota,1630568,Luka Garza,Luka,,,14:22,3.0,8.0,0.375,0.0,2.0,0.0,3.0,3.0,1.0,1.0,5.0,6.0,0.0,0.0,1.0,1.0,1.0,9.0,11.0
22200557,1610612750,MIN,Minnesota,1630346,Matt Ryan,Matt,,,21:04,2.0,5.0,0.4,1.0,4.0,0.25,0.0,0.0,0.0,0.0,0.0,0.0,0.0,0.0,0.0,1.0,0.0,5.0,5.0
22200557,1610612750,MIN,Minnesota,1630233,Nathan Knight,Nathan,,,21:46,2.0,4.0,0.5,1.0,1.0,1.0,3.0,6.0,0.5,4.0,4.0,8.0,2.0,0.0,0.0,0.0,1.0,8.0,12.0
22200557,1610612750,MIN,Minnesota,1627854,Bryn Forbes,Bryn,,DNP - Coach's Decision,,,,,,,,,,,,,,,,,,,,
22200557,1610612750,MIN,Minnesota,1631169,Josh Minott,Josh,,DNP - Coach's Decision,,,,,,,,,,,,,,,,,,,,
22200557,1610612750,MIN,Minnesota,1631111,Wendell Moore Jr.,Wendell,,DNP - Coach's Decision,,,,,,,,,,,,,,,,,,,,
22200557,1610612750,MIN,Minnesota,1629675,Naz Reid,Naz,,DNP - Injury/Illness,,,,,,,,,,,,,,,,,,,,
22200550,1610612756,PHX,Phoenix,1628969,Mikal Bridges,Mikal,F,,34:50,4.0,11.0,0.364,2.0,5.0,0.4,0.0,0.0,0.0,0.0,4.0,4.0,4.0,0.0,0.0,0.0,3.0,10.0,-18.0
22200550,1610612756,PHX,Phoenix,1628470,Torrey Craig,Torrey,F,,22:50,2.0,7.0,0.286,0.0,4.0,0.0,0.0,0.0,0.0,1.0,6.0,7.0,0.0,0.0,0.0,0.0,3.0,4.0,-14.0
22200550,1610612756,PHX,Phoenix,1629028,Deandre Ayton,Deandre,C,,29:24,6.0,13.0,0.462,0.0,1.0,0.0,0.0,0.0,0.0,0.0,5.0,5.0,2.0,1.0,0.0,3.0,1.0,12.0,-24.0
22200550,1610612756,PHX,Phoenix,1629013,Landry Shamet,Landry,G,,25:27,2.0,9.0,0.222,2.0,6.0,0.333,0.0,0.0,0.0,0.0,6.0,6.0,2.0,0.0,0.0,3.0,0.0,6.0,-7.0
22200550,1610612756,PHX,Phoenix,101108,Chris Paul,Chris,G,,30:12,4.0,11.0,0.364,1.0,3.0,0.333,2.0,2.0,1.0,1.0,3.0,4.0,2.0,1.0,0.0,0.0,2.0,11.0,-38.0
22200550,1610612756,PHX,Phoenix,203967,Dario Šarić,Dario,,,8:46,0.0,2.0,0.0,0.0,2.0,0.0,0.0,0.0,0.0,0.0,0.0,0.0,1.0,0.0,0.0,0.0,1.0,0.0,-12.0
22200550,1610612756,PHX,Phoenix,1627814,Damion Lee,Damion,,,19:31,4.0,6.0,0.667,2.0,4.0,0.5,0.0,0.0,0.0,0.0,0.0,0.0,0.0,0.0,0.0,0.0,2.0,10.0,-8.0
22200550,1610612756,PHX,Phoenix,1626166,Cameron Payne,Cameron,,,17:48,3.0,7.0,0.429,0.0,1.0,0.0,2.0,2.0,1.0,0.0,1.0,1.0,7.0,0.0,0.0,1.0,1.0,8.0,19.0
22200550,1610612756,PHX,Phoenix,1629111,Jock Landale,Jock,,,18:36,1.0,3.0,0.333,0.0,2.0,0.0,0.0,0.0,0.0,0.0,3.0,3.0,1.0,0.0,0.0,1.0,1.0,2.0,5.0
22200550,1610612756,PHX,Phoenix,1629006,Josh Okogie,Josh,,,4:12,1.0,1.0,1.0,0.0,0.0,0.0,0.0,2.0,0.0,1.0,0.0,1.0,0.0,0.0,0.0,0.0,1.0,2.0,-7.0
22200550,1610612756,PHX,Phoenix,1630688,Ish Wainright,Ish,,,16:24,3.0,8.0,0.375,2.0,5.0,0.4,0.0,0.0,0.0,2.0,1.0,3.0,2.0,1.0,0.0,0.0,2.0,8.0,7.0
22200550,1610612756,PHX,Phoenix,1630613,Duane Washington Jr.,Duane,,,12:00,4.0,9.0,0.444,1.0,4.0,0.25,1.0,1.0,1.0,0.0,2.0,2.0,1.0,1.0,0.0,0.0,0.0,10.0,2.0
22200550,1610612756,PHX,Phoenix,202687,Bismack Biyombo,Bismack,,DNP - Coach's Decision,,,,,,,,,,,,,,,,,,,,
22200550,1610612752,NYK,New York,1629656,Quentin Grimes,Quentin,F,,35:53,5.0,9.0,0.556,2.0,6.0,0.333,0.0,0.0,0.0,0.0,3.0,3.0,5.0,0.0,1.0,1.0,0.0,12.0,10.0
22200550,1610612752,NYK,New York,203944,Julius Randle,Julius,F,,39:54,7.0,18.0,0.389,4.0,12.0,0.333,10.0,12.0,0.833,0.0,16.0,16.0,6.0,1.0,0.0,1.0,3.0,28.0,12.0
22200550,1610612752,NYK,New York,1629011,Mitchell Robinson,Mitchell,C,,34:49,5.0,7.0,0.714,0.0,0.0,0.0,0.0,0.0,0.0,4.0,6.0,10.0,2.0,0.0,1.0,0.0,1.0,10.0,27.0
22200550,1610612752,NYK,New York,1628973,Jalen Brunson,Jalen,G,,38:55,8.0,18.0,0.444,2.0,3.0,0.667,6.0,11.0,0.545,0.0,4.0,4.0,6.0,0.0,0.0,2.0,3.0,24.0,20.0
22200550,1610612752,NYK,New York,1630193,Immanuel Quickley,Immanuel,G,,35:47,6.0,12.0,0.5,3.0,6.0,0.5,0.0,0.0,0.0,1.0,4.0,5.0,3.0,0.0,0.0,1.0,3.0,15.0,12.0
22200550,1610612752,NYK,New York,1628392,Isaiah Hartenstein,Isaiah,,,12:08,1.0,1.0,1.0,0.0,0.0,0.0,1.0,2.0,0.5,0.0,1.0,1.0,2.0,0.0,0.0,0.0,1.0,3.0,-5.0
22200550,1610612752,NYK,New York,1630540,Miles McBride,Miles,,,17:55,1.0,2.0,0.5,1.0,2.0,0.5,0.0,0.0,0.0,0.0,0.0,0.0,0.0,0.0,0.0,1.0,0.0,3.0,7.0
22200550,1610612752,NYK,New York,203095,Evan Fournier,Evan,,,14:27,2.0,6.0,0.333,1.0,4.0,0.25,0.0,0.0,0.0,0.0,5.0,5.0,1.0,0.0,0.0,1.0,1.0,5.0,11.0
22200550,1610612752,NYK,New York,1630579,Jericho Sims,Jericho,,,8:40,1.0,1.0,1.0,0.0,0.0,0.0,0.0,0.0,0.0,0.0,1.0,1.0,1.0,0.0,0.0,0.0,0.0,2.0,4.0
22200550,1610612752,NYK,New York,1627853,Ryan Arcidiacono,Ryan,,,1:03,0.0,0.0,0.0,0.0,0.0,0.0,0.0,0.0,0.0,0.0,0.0,0.0,0.0,0.0,0.0,0.0,1.0,0.0,-3.0
22200550,1610612752,NYK,New York,1629004,Svi Mykhailiuk,Svi,,,0:29,0.0,0.0,0.0,0.0,0.0,0.0,0.0,0.0,0.0,0.0,0.0,0.0,0.0,0.0,0.0,0.0,0.0,0.0,0.0
22200550,1610612752,NYK,New York,1629629,Cam Reddish,Cam,,DNP - Coach's Decision,,,,,,,,,,,,,,,,,,,,
22200556,1610612742,DAL,Dallas,203501,Tim Hardaway Jr.,Tim,F,,37:02,7.0,13.0,0.538,5.0,11.0,0.455,2.0,2.0,1.0,0.0,3.0,3.0,1.0,1.0,0.0,1.0,2.0,21.0,11.0
22200556,1610612742,DAL,Dallas,203493,Reggie Bullock Jr.,Reggie,F,,41:40,3.0,8.0,0.375,2.0,6.0,0.333,0.0,0.0,0.0,0.0,8.0,8.0,1.0,2.0,1.0,0.0,2.0,8.0,8.0
22200556,1610612742,DAL,Dallas,1626174,Christian Wood,Christian,C,,29:03,8.0,14.0,0.571,3.0,7.0,0.429,2.0,2.0,1.0,3.0,4.0,7.0,4.0,1.0,5.0,1.0,4.0,21.0,5.0
22200556,1610612742,DAL,Dallas,203915,Spencer Dinwiddie,Spencer,G,,37:44,4.0,12.0,0.333,1.0,5.0,0.2,2.0,2.0,1.0,0.0,1.0,1.0,4.0,1.0,0.0,0.0,1.0,11.0,8.0
22200556,1610612742,DAL,Dallas,1629029,Luka Dončić,Luka,G,,41:14,10.0,26.0,0.385,1.0,9.0,0.111,18.0,22.0,0.818,2.0,10.0,12.0,8.0,1.0,0.0,4.0,2.0,39.0,9.0
22200556,1610612742,DAL,Dallas,1630593,McKinley Wright IV,McKinley,,,6:22,0.0,0.0,0.0,0.0,0.0,0.0,0.0,0.0,0.0,0.0,0.0,0.0,0.0,0.0,0.0,0.0,0.0,0.0,-14.0
22200556,1610612742,DAL,Dallas,203939,Dwight Powell,Dwight,,,15:01,0.0,0.0,0.0,0.0,0.0,0.0,6.0,6.0,1.0,2.0,3.0,5.0,0.0,0.0,0.0,1.0,5.0,6.0,-1.0
22200556,1610612742,DAL,Dallas,202722,Dāvis Bertāns,Dāvis,,,4:46,0.0,1.0,0.0,0.0,1.0,0.0,0.0,0.0,0.0,0.0,1.0,1.0,0.0,0.0,0.0,0.0,1.0,0.0,-11.0
22200556,1610612742,DAL,Dallas,1628373,Frank Ntilikina,Frank,,,17:30,0.0,2.0,0.0,0.0,2.0,0.0,0.0,0.0,0.0,1.0,2.0,3.0,1.0,0.0,0.0,1.0,1.0,0.0,9.0
22200556,1610612742,DAL,Dallas,202689,Kemba Walker,Kemba,,,4:59,1.0,2.0,0.5,0.0,1.0,0.0,0.0,0.0,0.0,0.0,0.0,0.0,0.0,2.0,0.0,0.0,0.0,2.0,0.0
22200556,1610612742,DAL,Dallas,1629033,Theo Pinson,Theo,,,4:39,1.0,3.0,0.333,1.0,1.0,1.0,0.0,0.0,0.0,0.0,1.0,1.0,0.0,0.0,0.0,0.0,1.0,3.0,1.0
22200556,1610612742,DAL,Dallas,1630702,Jaden Hardy,Jaden,,DNP - Coach's Decision,,,,,,,,,,,,,,,,,,,,
22200556,1610612742,DAL,Dallas,1630639,A.J. Lawson,A.J.,,DNP - Coach's Decision,,,,,,,,,,,,,,,,,,,,
22200556,1610612742,DAL,Dallas,201580,JaVale McGee,JaVale,,DND - Injury/Illness,,,,,,,,,,,,,,,,,,,,
22200556,1610612745,HOU,Houston,201569,Eric Gordon,Eric,F,,33:18,7.0,12.0,0.583,4.0,6.0,0.667,1.0,1.0,1.0,0.0,4.0,4.0,3.0,0.0,0.0,2.0,3.0,19.0,-6.0
22200556,1610612745,HOU,Houston,1631095,Jabari Smith Jr.,Jabari,F,,32:26,4.0,9.0,0.444,1.0,4.0,0.25,2.0,3.0,0.667,0.0,5.0,5.0,2.0,0.0,2.0,0.0,4.0,11.0,-6.0
22200556,1610612745,HOU,Houston,1630578,Alperen Sengun,Alperen,C,,25:34,5.0,7.0,0.714,0.0,0.0,0.0,6.0,8.0,0.75,1.0,5.0,6.0,5.0,0.0,1.0,2.0,5.0,16.0,4.0
22200556,1610612745,HOU,Houston,1630224,Jalen Green,Jalen,G,,32:19,5.0,17.0,0.294,2.0,5.0,0.4,8.0,12.0,0.667,1.0,4.0,5.0,4.0,1.0,0.0,0.0,4.0,20.0,-8.0
22200556,1610612745,HOU,Houston,1629645,Kevin Porter Jr.,Kevin,G,,41:33,11.0,20.0,0.55,2.0,9.0,0.222,1.0,2.0,0.5,0.0,6.0,6.0,6.0,3.0,1.0,3.0,1.0,25.0,-7.0
22200556,1610612745,HOU,Houston,1630231,KJ Martin,KJ,,,19:50,2.0,8.0,0.25,0.0,2.0,0.0,1.0,1.0,1.0,2.0,4.0,6.0,0.0,0.0,0.0,2.0,2.0,5.0,2.0
22200556,1610612745,HOU,Houston,1631102,TyTy Washington Jr.,TyTy,,,8:07,1.0,2.0,0.5,0.0,1.0,0.0,0.0,0.0,0.0,0.0,0.0,0.0,1.0,0.0,0.0,0.0,0.0,2.0,-2.0
22200556,1610612745,HOU,Houston,1631106,Tari Eason,Tari,,,15:34,1.0,3.0,0.333,0.0,0.0,0.0,0.0,0.0,0.0,2.0,5.0,7.0,0.0,0.0,0.0,1.0,3.0,2.0,1.0
22200556,1610612745,HOU,Houston,1630586,Usman Garuba,Usman,,,11:27,2.0,2.0,1.0,0.0,0.0,0.0,2.0,2.0,1.0,2.0,1.0,3.0,0.0,0.0,0.0,0.0,3.0,6.0,-2.0
22200556,1610612745,HOU,Houston,1629726,Garrison Mathews,Garrison,,,12:06,0.0,2.0,0.0,0.0,2.0,0.0,0.0,0.0,0.0,0.0,0.0,0.0,0.0,0.0,0.0,0.0,2.0,0.0,2.0
22200556,1610612745,HOU,Houston,1628981,Bruno Fernando,Bruno,,,7:46,0.0,0.0,0.0,0.0,0.0,0.0,0.0,0.0,0.0,0.0,4.0,4.0,0.0,0.0,0.0,0.0,1.0,0.0,-3.0
22200556,1610612745,HOU,Houston,1630528,Josh Christopher,Josh,,DNP - Coach's Decision,,,,,,,,,,,,,,,,,,,,
22200556,1610612745,HOU,Houston,1626246,Boban Marjanović,Boban,,DNP - Coach's Decision,,,,,,,,,,,,,,,,,,,,
22200556,1610612745,HOU,Houston,1630227,Daishen Nix,Daishen,,DNP - Coach's Decision,,,,,,,,,,,,,,,,,,,,
22200559,1610612765,DET,Detroit,202711,Bojan Bogdanović,Bojan,F,,25:24,8.0,15.0,0.533,2.0,3.0,0.667,3.0,3.0,1.0,0.0,2.0,2.0,3.0,0.0,0.0,1.0,1.0,21.0,-12.0
22200559,1610612765,DET,Detroit,1630191,Isaiah Stewart,Isaiah,F,,28:21,3.0,8.0,0.375,0.0,2.0,0.0,3.0,4.0,0.75,0.0,6.0,6.0,1.0,0.0,1.0,3.0,3.0,9.0,-25.0
22200559,1610612765,DET,Detroit,1631105,Jalen Duren,Jalen,C,,22:11,2.0,6.0,0.333,0.0,0.0,0.0,1.0,2.0,0.5,5.0,6.0,11.0,3.0,1.0,1.0,0.0,2.0,5.0,-14.0
22200559,1610612765,DET,Detroit,1630180,Saddiq Bey,Saddiq,G,,27:05,2.0,6.0,0.333,1.0,2.0,0.5,4.0,5.0,0.8,1.0,4.0,5.0,0.0,2.0,0.0,2.0,2.0,9.0,-26.0
22200559,1610612765,DET,Detroit,1631093,Jaden Ivey,Jaden,G,,26:43,3.0,11.0,0.273,1.0,3.0,0.333,6.0,9.0,0.667,0.0,3.0,3.0,2.0,0.0,0.0,5.0,5.0,13.0,-31.0
22200559,1610612765,DET,Detroit,202709,Cory Joseph,Cory,,,21:17,2.0,6.0,0.333,0.0,1.0,0.0,0.0,0.0,0.0,0.0,3.0,3.0,3.0,1.0,0.0,3.0,2.0,4.0,2.0
22200559,1610612765,DET,Detroit,202692,Alec Burks,Alec,,,24:15,5.0,11.0,0.455,1.0,3.0,0.333,8.0,9.0,0.889,0.0,3.0,3.0,3.0,0.0,0.0,1.0,0.0,19.0,-8.0
22200559,1610612765,DET,Detroit,1628977,Hamidou Diallo,Hamidou,,,20:45,7.0,9.0,0.778,1.0,1.0,1.0,1.0,3.0,0.333,1.0,3.0,4.0,1.0,2.0,2.0,2.0,4.0,16.0,-1.0
22200559,1610612765,DET,Detroit,1628963,Marvin Bagley III,Marvin,,,8:20,1.0,3.0,0.333,0.0,0.0,0.0,2.0,2.0,1.0,1.0,1.0,2.0,0.0,0.0,0.0,1.0,2.0,4.0,-2.0
22200559,1610612765,DET,Detroit,203585,Rodney McGruder,Rodney,,,17:57,0.0,3.0,0.0,0.0,2.0,0.0,2.0,2.0,1.0,1.0,2.0,3.0,0.0,1.0,0.0,1.0,4.0,2.0,-17.0
22200559,1610612765,DET,Detroit,1628995,Kevin Knox II,Kevin,,,12:00,1.0,3.0,0.333,0.0,1.0,0.0,2.0,2.0,1.0,0.0,3.0,3.0,0.0,0.0,0.0,1.0,1.0,4.0,-9.0
22200559,1610612765,DET,Detroit,203457,Nerlens Noel,Nerlens,,,5:42,0.0,1.0,0.0,0.0,0.0,0.0,0.0,0.0,0.0,0.0,0.0,0.0,0.0,1.0,0.0,1.0,1.0,0.0,-2.0
22200559,1610612765,DET,Detroit,1630165,Killian Hayes,Killian,,DNP - League Suspension,,,,,,,,,,,,,,,,,,,,
22200559,1610612757,POR,Portland,1628404,Josh Hart,Josh,F,,28:00,2.0,5.0,0.4,0.0,0.0,0.0,2.0,2.0,1.0,0.0,6.0,6.0,7.0,0.0,0.0,2.0,2.0,6.0,27.0
22200559,1610612757,POR,Portland,203924,Jerami Grant,Jerami,F,,27:54,12.0,17.0,0.706,5.0,8.0,0.625,7.0,9.0,0.778,1.0,1.0,2.0,0.0,1.0,0.0,2.0,1.0,36.0,27.0
22200559,1610612757,POR,Portland,203994,Jusuf Nurkić,Jusuf,C,,13:36,1.0,3.0,0.333,0.0,1.0,0.0,1.0,2.0,0.5,0.0,2.0,2.0,1.0,1.0,0.0,2.0,3.0,3.0,14.0
22200559,1610612757,POR,Portland,1629014,Anfernee Simons,Anfernee,G,,33:18,11.0,18.0,0.611,4.0,10.0,0.4,4.0,5.0,0.8,0.0,5.0,5.0,3.0,2.0,0.0,2.0,1.0,30.0,17.0
22200559,1610612757,POR,Portland,203081,Damian Lillard,Damian,G,,28:51,7.0,14.0,0.5,3.0,6.0,0.5,2.0,3.0,0.667,0.0,5.0,5.0,10.0,4.0,2.0,2.0,2.0,19.0,28.0
22200559,1610612757,POR,Portland,1629234,Drew Eubanks,Drew,,,29:20,3.0,5.0,0.6,0.0,0.0,0.0,4.0,5.0,0.8,3.0,7.0,10.0,2.0,3.0,3.0,0.0,0.0,10.0,20.0
22200559,1610612757,POR,Portland,1631101,Shaedon Sharpe,Shaedon,,,20:29,4.0,8.0,0.5,1.0,2.0,0.5,1.0,2.0,0.5,0.0,3.0,3.0,0.0,1.0,0.0,1.0,6.0,10.0,4.0
22200559,1610612757,POR,Portland,1631133,Jabari Walker,Jabari,,,20:06,2.0,3.0,0.667,0.0,1.0,0.0,0.0,0.0,0.0,2.0,4.0,6.0,1.0,0.0,1.0,0.0,2.0,4.0,2.0
22200559,1610612757,POR,Portland,1627780,Gary Payton II,Gary,,,13:27,3.0,4.0,0.75,1.0,1.0,1.0,0.0,0.0,0.0,0.0,2.0,2.0,4.0,2.0,0.0,2.0,2.0,7.0,-1.0
22200559,1610612757,POR,Portland,1630570,Trendon Watford,Trendon,,,10:46,0.0,1.0,0.0,0.0,1.0,0.0,1.0,1.0,1.0,0.0,0.0,0.0,0.0,0.0,0.0,3.0,4.0,1.0,-3.0
22200559,1610612757,POR,Portland,1630553,Keon Johnson,Keon,,,8:31,2.0,4.0,0.5,0.0,0.0,0.0,0.0,2.0,0.0,0.0,2.0,2.0,1.0,2.0,0.0,2.0,3.0,4.0,8.0
22200559,1610612757,POR,Portland,1630535,Greg Brown III,Greg,,,5:42,1.0,2.0,0.5,0.0,1.0,0.0,3.0,4.0,0.75,0.0,1.0,1.0,0.0,0.0,0.0,0.0,1.0,5.0,2.0
22200555,1610612759,SAS,San Antonio,1629640,Keldon Johnson,Keldon,F,,24:54,7.0,13.0,0.538,2.0,6.0,0.333,6.0,7.0,0.857,0.0,4.0,4.0,1.0,0.0,1.0,3.0,2.0,22.0,-21.0
22200555,1610612759,SAS,San Antonio,1631110,Jeremy Sochan,Jeremy,F,,21:39,2.0,4.0,0.5,0.0,1.0,0.0,1.0,1.0,1.0,1.0,2.0,3.0,1.0,1.0,0.0,3.0,3.0,5.0,-13.0
22200555,1610612759,SAS,San Antonio,1627751,Jakob Poeltl,Jakob,C,,19:42,3.0,8.0,0.375,0.0,0.0,0.0,0.0,1.0,0.0,6.0,5.0,11.0,2.0,1.0,1.0,2.0,0.0,6.0,-16.0
22200555,1610612759,SAS,San Antonio,1630170,Devin Vassell,Devin,G,,25:49,5.0,13.0,0.385,3.0,7.0,0.429,1.0,2.0,0.5,0.0,2.0,2.0,3.0,0.0,0.0,1.0,0.0,14.0,-28.0
22200555,1610612759,SAS,San Antonio,1630200,Tre Jones,Tre,G,,22:50,3.0,8.0,0.375,0.0,3.0,0.0,0.0,0.0,0.0,0.0,1.0,1.0,7.0,2.0,0.0,1.0,0.0,6.0,-20.0
22200555,1610612759,SAS,San Antonio,1631103,Malaki Branham,Malaki,,,25:39,4.0,10.0,0.4,1.0,4.0,0.25,0.0,0.0,0.0,0.0,2.0,2.0,3.0,0.0,0.0,3.0,1.0,9.0,-21.0
22200555,1610612759,SAS,San Antonio,1626196,Josh Richardson,Josh,,,21:37,5.0,9.0,0.556,1.0,2.0,0.5,0.0,0.0,0.0,2.0,2.0,4.0,3.0,0.0,0.0,0.0,2.0,11.0,-10.0
22200555,1610612759,SAS,San Antonio,1628380,Zach Collins,Zach,,,18:37,4.0,10.0,0.4,0.0,1.0,0.0,2.0,3.0,0.667,1.0,1.0,2.0,0.0,0.0,1.0,1.0,1.0,10.0,-13.0
22200555,1610612759,SAS,San Antonio,203926,Doug McDermott,Doug,,,9:25,0.0,4.0,0.0,0.0,3.0,0.0,0.0,0.0,0.0,0.0,4.0,4.0,1.0,0.0,0.0,1.0,1.0,0.0,-11.0
22200555,1610612759,SAS,San Antonio,1629641,Romeo Langford,Romeo,,,16:46,4.0,8.0,0.5,0.0,0.0,0.0,0.0,0.0,0.0,2.0,1.0,3.0,0.0,1.0,0.0,1.0,0.0,8.0,-7.0
22200555,1610612759,SAS,San Antonio,1629676,Isaiah Roby,Isaiah,,,14:45,2.0,5.0,0.4,0.0,2.0,0.0,1.0,4.0,0.25,1.0,3.0,4.0,0.0,0.0,0.0,1.0,2.0,5.0,-6.0
22200555,1610612759,SAS,San Antonio,203476,Gorgui Dieng,Gorgui,,,9:41,2.0,4.0,0.5,1.0,2.0,0.5,0.0,0.0,0.0,2.0,1.0,3.0,4.0,0.0,1.0,0.0,1.0,5.0,-7.0
22200555,1610612759,SAS,San Antonio,1626169,Stanley Johnson,Stanley,,,8:36,1.0,1.0,1.0,0.0,0.0,0.0,0.0,0.0,0.0,0.0,0.0,0.0,1.0,0.0,0.0,1.0,0.0,2.0,-7.0
22200555,1610612751,BKN,Brooklyn,201142,Kevin Durant,Kevin,F,,28:40,10.0,14.0,0.714,0.0,1.0,0.0,5.0,5.0,1.0,0.0,3.0,3.0,11.0,3.0,1.0,2.0,1.0,25.0,21.0
22200555,1610612751,BKN,Brooklyn,1627732,Ben Simmons,Ben,F,,23:54,2.0,5.0,0.4,0.0,0.0,0.0,0.0,0.0,0.0,0.0,6.0,6.0,9.0,3.0,0.0,0.0,3.0,4.0,22.0
22200555,1610612751,BKN,Brooklyn,1629651,Nic Claxton,Nic,C,,20:05,5.0,8.0,0.625,0.0,0.0,0.0,0.0,0.0,0.0,1.0,4.0,5.0,1.0,0.0,3.0,2.0,1.0,10.0,18.0
22200555,1610612751,BKN,Brooklyn,203552,Seth Curry,Seth,G,,22:02,6.0,12.0,0.5,4.0,7.0,0.571,0.0,0.0,0.0,0.0,4.0,4.0,1.0,1.0,0.0,0.0,0.0,16.0,24.0
22200555,1610612751,BKN,Brooklyn,202681,Kyrie Irving,Kyrie,G,,28:35,11.0,14.0,0.786,4.0,5.0,0.8,1.0,2.0,0.5,2.0,6.0,8.0,0.0,1.0,1.0,1.0,2.0,27.0,28.0
22200555,1610612751,BKN,Brooklyn,203933,T.J. Warren,T.J.,,,23:06,9.0,13.0,0.692,0.0,0.0,0.0,0.0,0.0,0.0,0.0,1.0,1.0,0.0,2.0,2.0,1.0,1.0,18.0,10.0
22200555,1610612751,BKN,Brooklyn,201988,Patty Mills,Patty,,,23:02,1.0,4.0,0.25,0.0,3.0,0.0,0.0,0.0,0.0,0.0,2.0,2.0,3.0,1.0,0.0,2.0,1.0,2.0,11.0
22200555,1610612751,BKN,Brooklyn,203925,Joe Harris,Joe,,,15:43,3.0,4.0,0.75,1.0,2.0,0.5,1.0,2.0,0.5,0.0,2.0,2.0,0.0,1.0,0.0,0.0,2.0,8.0,10.0
22200555,1610612751,BKN,Brooklyn,1630549,Day'Ron Sharpe,Day'Ron,,,20:35,4.0,9.0,0.444,0.0,0.0,0.0,1.0,2.0,0.5,3.0,2.0,5.0,3.0,0.0,0.0,3.0,3.0,9.0,10.0
22200555,1610612751,BKN,Brooklyn,1629139,Yuta Watanabe,Yuta,,,12:13,2.0,3.0,0.667,1.0,1.0,1.0,2.0,2.0,1.0,1.0,4.0,5.0,0.0,0.0,0.0,1.0,0.0,7.0,12.0
22200555,1610612751,BKN,Brooklyn,1630560,Cam Thomas,Cam,,,12:00,4.0,5.0,0.8,1.0,1.0,1.0,0.0,0.0,0.0,0.0,2.0,2.0,2.0,0.0,0.0,0.0,1.0,9.0,7.0
22200555,1610612751,BKN,Brooklyn,1628410,Edmond Sumner,Edmond,,,10:05,1.0,2.0,0.5,0.0,0.0,0.0,2.0,2.0,1.0,0.0,2.0,2.0,1.0,1.0,0.0,0.0,1.0,4.0,7.0
22200555,1610612751,BKN,Brooklyn,1626220,Royce O'Neale,Royce,,DND - Injury/Illness,,,,,,,,,,,,,,,,,,,,
22200554,1610612740,NOP,New Orleans,1630530,Trey Murphy III,Trey,F,,31:00,3.0,9.0,0.333,2.0,6.0,0.333,0.0,0.0,0.0,0.0,6.0,6.0,0.0,0.0,1.0,0.0,2.0,8.0,5.0
22200554,1610612740,NOP,New Orleans,1629627,Zion Williamson,Zion,F,,28:11,10.0,12.0,0.833,0.0,0.0,0.0,6.0,8.0,0.75,0.0,6.0,6.0,7.0,0.0,0.0,5.0,1.0,26.0,6.0
22200554,1610612740,NOP,New Orleans,202685,Jonas Valančiūnas,Jonas,C,,28:24,5.0,9.0,0.556,2.0,3.0,0.667,0.0,0.0,0.0,1.0,11.0,12.0,1.0,0.0,3.0,2.0,6.0,12.0,-5.0
22200554,1610612740,NOP,New Orleans,1630529,Herbert Jones,Herbert,G,,29:27,4.0,7.0,0.571,0.0,1.0,0.0,0.0,0.0,0.0,1.0,2.0,3.0,2.0,2.0,0.0,2.0,2.0,8.0,0.0
22200554,1610612740,NOP,New Orleans,203468,CJ McCollum,CJ,G,,39:04,9.0,16.0,0.563,5.0,8.0,0.625,3.0,4.0,0.75,0.0,2.0,2.0,6.0,1.0,0.0,5.0,0.0,26.0,-8.0
22200554,1610612740,NOP,New Orleans,1629637,Jaxson Hayes,Jaxson,,,19:28,3.0,6.0,0.5,1.0,1.0,1.0,3.0,4.0,0.75,0.0,2.0,2.0,1.0,0.0,2.0,0.0,3.0,10.0,-15.0
22200554,1610612740,NOP,New Orleans,1630230,Naji Marshall,Naji,,,15:24,4.0,11.0,0.364,1.0,5.0,0.2,1.0,1.0,1.0,2.0,3.0,5.0,0.0,0.0,0.0,2.0,2.0,10.0,-10.0
22200554,1610612740,NOP,New Orleans,1626195,Willy Hernangomez,Willy,,,17:19,4.0,7.0,0.571,0.0,0.0,0.0,1.0,1.0,1.0,4.0,4.0,8.0,1.0,0.0,0.0,0.0,4.0,9.0,-5.0
22200554,1610612740,NOP,New Orleans,1630700,Dyson Daniels,Dyson,,,6:44,0.0,0.0,0.0,0.0,0.0,0.0,0.0,0.0,0.0,0.0,0.0,0.0,0.0,0.0,0.0,0.0,0.0,0.0,-3.0
22200554,1610612740,NOP,New Orleans,1628984,Devonte' Graham,Devonte',,,12:32,0.0,3.0,0.0,0.0,3.0,0.0,2.0,2.0,1.0,1.0,2.0,3.0,5.0,0.0,0.0,0.0,2.0,2.0,-1.0
22200554,1610612740,NOP,New Orleans,1630631,Jose Alvarado,Jose,,,12:27,0.0,4.0,0.0,0.0,2.0,0.0,0.0,0.0,0.0,1.0,1.0,2.0,3.0,0.0,0.0,1.0,0.0,0.0,-9.0
22200554,1610612740,NOP,New Orleans,1630184,Kira Lewis Jr.,Kira,,DNP - Coach's Decision,,,,,,,,,,,,,,,,,,,,
22200554,1610612740,NOP,New Orleans,1626204,Larry Nance Jr.,Larry,,DND - Injury/Illness,,,,,,,,,,,,,,,,,,,,
22200554,1610612740,NOP,New Orleans,202066,Garrett Temple,Garrett,,DNP - Coach's Decision,,,,,,,,,,,,,,,,,,,,
22200554,1610612755,PHI,Philadelphia,202699,Tobias Harris,Tobias,F,,31:29,2.0,5.0,0.4,0.0,1.0,0.0,1.0,2.0,0.5,0.0,6.0,6.0,1.0,1.0,0.0,0.0,2.0,5.0,-1.0
22200554,1610612755,PHI,Philadelphia,200782,P.J. Tucker,P.J.,F,,18:06,1.0,1.0,1.0,1.0,1.0,1.0,0.0,0.0,0.0,0.0,3.0,3.0,0.0,0.0,0.0,0.0,4.0,3.0,2.0
22200554,1610612755,PHI,Philadelphia,203954,Joel Embiid,Joel,C,,35:56,15.0,24.0,0.625,2.0,3.0,0.667,10.0,10.0,1.0,2.0,9.0,11.0,5.0,1.0,1.0,4.0,5.0,42.0,10.0
22200554,1610612755,PHI,Philadelphia,1629001,De'Anthony Melton,De'Anthony,G,,30:36,3.0,6.0,0.5,3.0,5.0,0.6,2.0,2.0,1.0,2.0,2.0,4.0,2.0,1.0,1.0,0.0,1.0,11.0,0.0
22200554,1610612755,PHI,Philadelphia,201935,James Harden,James,G,,38:18,8.0,19.0,0.421,3.0,9.0,0.333,8.0,10.0,0.8,0.0,2.0,2.0,8.0,2.0,1.0,1.0,3.0,27.0,10.0
22200554,1610612755,PHI,Philadelphia,1630178,Tyrese Maxey,Tyrese,,,26:44,5.0,14.0,0.357,1.0,5.0,0.2,1.0,2.0,0.5,0.0,1.0,1.0,2.0,0.0,0.0,3.0,2.0,12.0,2.0
22200554,1610612755,PHI,Philadelphia,1627777,Georges Niang,Georges,,,26:34,5.0,9.0,0.556,5.0,9.0,0.556,0.0,0.0,0.0,2.0,3.0,5.0,4.0,1.0,1.0,0.0,3.0,15.0,7.0
22200554,1610612755,PHI,Philadelphia,1629680,Matisse Thybulle,Matisse,,,8:02,1.0,2.0,0.5,0.0,1.0,0.0,0.0,0.0,0.0,1.0,0.0,1.0,0.0,1.0,1.0,0.0,0.0,2.0,12.0
22200554,1610612755,PHI,Philadelphia,1629003,Shake Milton,Shake,,,12:11,0.0,2.0,0.0,0.0,1.0,0.0,0.0,0.0,0.0,0.0,1.0,1.0,2.0,0.0,0.0,0.0,0.0,0.0,4.0
22200554,1610612755,PHI,Philadelphia,1626149,Montrezl Harrell,Montrezl,,,12:04,1.0,4.0,0.25,0.0,0.0,0.0,1.0,2.0,0.5,0.0,1.0,1.0,2.0,2.0,1.0,1.0,2.0,3.0,-1.0
22200554,1610612755,PHI,Philadelphia,1627863,Danuel House Jr.,Danuel,,DNP - Coach's Decision,,,,,,,,,,,,,,,,,,,,
22200554,1610612755,PHI,Philadelphia,1627788,Furkan Korkmaz,Furkan,,DNP - Coach's Decision,,,,,,,,,,,,,,,,,,,,
22200554,1610612755,PHI,Philadelphia,1630194,Paul Reed,Paul,,DNP - Coach's Decision,,,,,,,,,,,,,,,,,,,,
22200554,1610612755,PHI,Philadelphia,1630531,Jaden Springer,Jaden,,DNP - Coach's Decision,,,,,,,,,,,,,,,,,,,,
22200560,1610612748,MIA,Miami,1628997,Caleb Martin,Caleb,F,,14:04,1.0,4.0,0.25,0.0,3.0,0.0,0.0,0.0,0.0,0.0,3.0,3.0,1.0,0.0,1.0,0.0,3.0,2.0,-15.0
22200560,1610612748,MIA,Miami,202710,Jimmy Butler III,Jimmy,F,,32:01,2.0,8.0,0.25,0.0,2.0,0.0,5.0,8.0,0.625,1.0,1.0,2.0,6.0,2.0,0.0,1.0,0.0,9.0,-2.0
22200560,1610612748,MIA,Miami,1628389,Bam Adebayo,Bam,C,,36:53,12.0,19.0,0.632,0.0,0.0,0.0,7.0,8.0,0.875,5.0,8.0,13.0,1.0,1.0,1.0,3.0,2.0,31.0,11.0
22200560,1610612748,MIA,Miami,1629639,Tyler Herro,Tyler,G,,39:13,7.0,15.0,0.467,5.0,9.0,0.556,4.0,4.0,1.0,0.0,7.0,7.0,3.0,1.0,0.0,1.0,2.0,23.0,23.0
22200560,1610612748,MIA,Miami,200768,Kyle Lowry,Kyle,G,,27:51,2.0,6.0,0.333,2.0,6.0,0.333,0.0,0.0,0.0,1.0,1.0,2.0,4.0,1.0,0.0,2.0,4.0,6.0,5.0
22200560,1610612748,MIA,Miami,1631115,Orlando Robinson,Orlando,,,11:07,3.0,5.0,0.6,0.0,0.0,0.0,0.0,0.0,0.0,3.0,3.0,6.0,0.0,0.0,0.0,0.0,1.0,6.0,-1.0
22200560,1610612748,MIA,Miami,203506,Victor Oladipo,Victor,,,29:54,6.0,11.0,0.545,1.0,3.0,0.333,2.0,2.0,1.0,0.0,5.0,5.0,4.0,1.0,0.0,2.0,5.0,15.0,7.0
22200560,1610612748,MIA,Miami,1629216,Gabe Vincent,Gabe,,,18:31,2.0,5.0,0.4,1.0,3.0,0.333,0.0,0.0,0.0,0.0,2.0,2.0,1.0,0.0,0.0,0.0,4.0,5.0,8.0
22200560,1610612748,MIA,Miami,1629622,Max Strus,Max,,,25:20,4.0,9.0,0.444,3.0,7.0,0.429,2.0,2.0,1.0,2.0,6.0,8.0,2.0,1.0,0.0,1.0,0.0,13.0,16.0
22200560,1610612748,MIA,Miami,1629130,Duncan Robinson,Duncan,,,5:06,0.0,3.0,0.0,0.0,3.0,0.0,0.0,0.0,0.0,0.0,0.0,0.0,0.0,0.0,0.0,1.0,2.0,0.0,-2.0
22200560,1610612748,MIA,Miami,2617,Udonis Haslem,Udonis,,DNP - Coach's Decision,,,,,,,,,,,,,,,,,,,,
22200560,1610612748,MIA,Miami,1629312,Haywood Highsmith,Haywood,,DNP - Coach's Decision,,,,,,,,,,,,,,,,,,,,
22200560,1610612746,LAC,LA,1629611,Terance Mann,Terance,F,,23:23,3.0,4.0,0.75,1.0,2.0,0.5,2.0,2.0,1.0,0.0,5.0,5.0,0.0,0.0,0.0,1.0,3.0,9.0,6.0
22200560,1610612746,LAC,LA,202694,Marcus Morris Sr.,Marcus,F,,30:05,3.0,8.0,0.375,3.0,5.0,0.6,5.0,7.0,0.714,0.0,7.0,7.0,1.0,0.0,0.0,2.0,2.0,14.0,1.0
22200560,1610612746,LAC,LA,1627826,Ivica Zubac,Ivica,C,,34:08,4.0,6.0,0.667,0.0,0.0,0.0,2.0,2.0,1.0,2.0,5.0,7.0,0.0,0.0,0.0,2.0,5.0,10.0,0.0
22200560,1610612746,LAC,LA,202331,Paul George,Paul,G,,34:05,7.0,16.0,0.438,4.0,10.0,0.4,7.0,8.0,0.875,0.0,3.0,3.0,7.0,3.0,0.0,5.0,2.0,25.0,-4.0
22200560,1610612746,LAC,LA,202704,Reggie Jackson,Reggie,G,,29:49,4.0,10.0,0.4,0.0,1.0,0.0,1.0,1.0,1.0,0.0,2.0,2.0,5.0,1.0,0.0,1.0,0.0,9.0,-2.0
22200560,1610612746,LAC,LA,1626181,Norman Powell,Norman,,,25:31,1.0,8.0,0.125,1.0,4.0,0.25,6.0,6.0,1.0,0.0,2.0,2.0,1.0,1.0,1.0,1.0,1.0,9.0,-16.0
22200560,1610612746,LAC,LA,201587,Nicolas Batum,Nicolas,,,23:28,3.0,7.0,0.429,1.0,4.0,0.25,0.0,0.0,0.0,1.0,4.0,5.0,1.0,1.0,0.0,1.0,3.0,7.0,-13.0
22200560,1610612746,LAC,LA,202322,John Wall,John,,,21:36,1.0,4.0,0.25,0.0,1.0,0.0,4.0,5.0,0.8,0.0,3.0,3.0,4.0,0.0,0.0,2.0,0.0,6.0,-11.0
22200560,1610612746,LAC,LA,1628379,Luke Kennard,Luke,,,17:55,3.0,4.0,0.75,2.0,2.0,1.0,3.0,3.0,1.0,0.0,0.0,0.0,0.0,1.0,0.0,0.0,2.0,11.0,-11.0
22200560,1610612746,LAC,LA,1629650,Moses Brown,Moses,,DNP - Coach's Decision,,,,,,,,,,,,,,,,,,,,
22200560,1610612746,LAC,LA,1629599,Amir Coffey,Amir,,DNP - Coach's Decision,,,,,,,,,,,,,,,,,,,,
22200560,1610612746,LAC,LA,203496,Robert Covington,Robert,,DNP - Coach's Decision,,,,,,,,,,,,,,,,,,,,
22200548,1610612764,WAS,Washington,1628398,Kyle Kuzma,Kyle,F,,33:23,5.0,16.0,0.313,0.0,2.0,0.0,0.0,1.0,0.0,1.0,12.0,13.0,11.0,0.0,0.0,5.0,3.0,10.0,17.0
22200548,1610612764,WAS,Washington,204001,Kristaps Porziņģis,Kristaps,F,,29:23,9.0,16.0,0.563,0.0,5.0,0.0,4.0,4.0,1.0,1.0,4.0,5.0,0.0,2.0,2.0,2.0,3.0,22.0,13.0
22200548,1610612764,WAS,Washington,1629655,Daniel Gafford,Daniel,C,,27:50,8.0,11.0,0.727,0.0,0.0,0.0,1.0,2.0,0.5,3.0,1.0,4.0,4.0,1.0,1.0,1.0,1.0,17.0,15.0
22200548,1610612764,WAS,Washington,1630557,Corey Kispert,Corey,G,,30:02,3.0,3.0,1.0,2.0,2.0,1.0,4.0,4.0,1.0,0.0,6.0,6.0,1.0,1.0,0.0,1.0,0.0,12.0,16.0
22200548,1610612764,WAS,Washington,1628420,Monté Morris,Monté,G,,25:18,3.0,7.0,0.429,1.0,5.0,0.2,0.0,0.0,0.0,0.0,3.0,3.0,4.0,0.0,1.0,2.0,0.0,7.0,7.0
22200548,1610612764,WAS,Washington,1629060,Rui Hachimura,Rui,,,31:53,11.0,18.0,0.611,3.0,5.0,0.6,1.0,3.0,0.333,0.0,4.0,4.0,3.0,1.0,0.0,1.0,1.0,26.0,18.0
22200548,1610612764,WAS,Washington,1630166,Deni Avdija,Deni,,,28:44,5.0,12.0,0.417,0.0,3.0,0.0,1.0,2.0,0.5,4.0,8.0,12.0,3.0,2.0,0.0,4.0,0.0,11.0,13.0
22200548,1610612764,WAS,Washington,1626153,Delon Wright,Delon,,,18:51,3.0,6.0,0.5,1.0,3.0,0.333,0.0,0.0,0.0,1.0,3.0,4.0,1.0,1.0,0.0,0.0,0.0,7.0,16.0
22200548,1610612764,WAS,Washington,1630176,Vernon Carey Jr.,Vernon,,,3:51,1.0,1.0,1.0,0.0,0.0,0.0,0.0,0.0,0.0,1.0,0.0,1.0,0.0,1.0,1.0,1.0,0.0,2.0,0.0
22200548,1610612764,WAS,Washington,1630692,Jordan Goodwin,Jordan,,,3:51,1.0,1.0,1.0,0.0,0.0,0.0,0.0,0.0,0.0,1.0,1.0,2.0,1.0,0.0,1.0,0.0,0.0,2.0,0.0
22200548,1610612764,WAS,Washington,203115,Will Barton,Will,,,3:51,0.0,2.0,0.0,0.0,2.0,0.0,0.0,0.0,0.0,0.0,0.0,0.0,1.0,0.0,0.0,0.0,0.0,0.0,0.0
22200548,1610612764,WAS,Washington,1630264,Anthony Gill,Anthony,,,3:03,1.0,1.0,1.0,0.0,0.0,0.0,0.0,0.0,0.0,0.0,0.0,0.0,0.0,0.0,0.0,0.0,2.0,2.0,0.0
22200548,1610612764,WAS,Washington,203078,Bradley Beal,Bradley,,DNP - Injury/Illness,,,,,,,,,,,,,,,,,,,,
22200548,1610612764,WAS,Washington,1631098,Johnny Davis,Johnny,,DNP - Coach's Decision,,,,,,,,,,,,,,,,,,,,
22200548,1610612749,MIL,Milwaukee,1626192,Pat Connaughton,Pat,F,,29:26,4.0,9.0,0.444,2.0,6.0,0.333,0.0,0.0,0.0,0.0,3.0,3.0,0.0,2.0,0.0,1.0,1.0,10.0,-6.0
22200548,1610612749,MIL,Milwaukee,1626171,Bobby Portis,Bobby,F,,30:06,6.0,16.0,0.375,1.0,2.0,0.5,6.0,6.0,1.0,5.0,5.0,10.0,2.0,1.0,0.0,1.0,1.0,19.0,-10.0
22200548,1610612749,MIL,Milwaukee,201572,Brook Lopez,Brook,C,,23:30,3.0,10.0,0.3,1.0,3.0,0.333,1.0,1.0,1.0,4.0,6.0,10.0,0.0,1.0,1.0,2.0,2.0,8.0,-21.0
22200548,1610612749,MIL,Milwaukee,1628960,Grayson Allen,Grayson,G,,26:12,4.0,11.0,0.364,3.0,9.0,0.333,2.0,2.0,1.0,0.0,5.0,5.0,8.0,1.0,0.0,2.0,1.0,13.0,-10.0
22200548,1610612749,MIL,Milwaukee,1628975,Jevon Carter,Jevon,G,,30:58,6.0,15.0,0.4,2.0,6.0,0.333,0.0,0.0,0.0,0.0,3.0,3.0,3.0,1.0,1.0,1.0,1.0,14.0,-17.0
22200548,1610612749,MIL,Milwaukee,201586,Serge Ibaka,Serge,,,15:37,2.0,7.0,0.286,0.0,3.0,0.0,0.0,0.0,0.0,2.0,0.0,2.0,0.0,2.0,1.0,3.0,3.0,4.0,-8.0
22200548,1610612749,MIL,Milwaukee,1630699,MarJon Beauchamp,MarJon,,,25:00,4.0,12.0,0.333,2.0,9.0,0.222,1.0,2.0,0.5,3.0,1.0,4.0,0.0,1.0,0.0,2.0,2.0,11.0,-14.0
22200548,1610612749,MIL,Milwaukee,204060,Joe Ingles,Joe,,,17:19,0.0,4.0,0.0,0.0,4.0,0.0,0.0,0.0,0.0,0.0,0.0,0.0,6.0,1.0,0.0,2.0,2.0,0.0,-5.0
22200548,1610612749,MIL,Milwaukee,1630572,Sandro Mamukelashvili,Sandro,,,13:04,0.0,3.0,0.0,0.0,2.0,0.0,2.0,2.0,1.0,0.0,4.0,4.0,3.0,0.0,0.0,0.0,1.0,2.0,-11.0
22200548,1610612749,MIL,Milwaukee,1631260,AJ Green,AJ,,,19:15,4.0,7.0,0.571,2.0,5.0,0.4,0.0,0.0,0.0,0.0,3.0,3.0,0.0,1.0,0.0,1.0,1.0,10.0,-9.0
22200548,1610612749,MIL,Milwaukee,1629670,Jordan Nwora,Jordan,,,5:28,1.0,1.0,1.0,0.0,0.0,0.0,2.0,2.0,1.0,0.0,0.0,0.0,0.0,0.0,0.0,0.0,0.0,4.0,-3.0
22200548,1610612749,MIL,Milwaukee,203648,Thanasis Antetokounmpo,Thanasis,,,4:05,0.0,1.0,0.0,0.0,0.0,0.0,0.0,0.0,0.0,0.0,0.0,0.0,0.0,0.0,0.0,1.0,0.0,0.0,-1.0
22200548,1610612749,MIL,Milwaukee,202083,Wesley Matthews,Wesley,,DNP - Coach's Decision,,,,,,,,,,,,,,,,,,,,
22200547,1610612758,SAC,Sacramento,203084,Harrison Barnes,Harrison,F,,28:32,4.0,12.0,0.333,4.0,9.0,0.444,4.0,4.0,1.0,0.0,5.0,5.0,1.0,1.0,0.0,2.0,0.0,16.0,-2.0
22200547,1610612758,SAC,Sacramento,1631099,Keegan Murray,Keegan,F,,27:44,4.0,12.0,0.333,2.0,6.0,0.333,0.0,0.0,0.0,3.0,0.0,3.0,1.0,2.0,0.0,0.0,2.0,10.0,-4.0
22200547,1610612758,SAC,Sacramento,1627734,Domantas Sabonis,Domantas,C,,32:57,8.0,14.0,0.571,0.0,2.0,0.0,2.0,2.0,1.0,6.0,8.0,14.0,4.0,1.0,0.0,0.0,4.0,18.0,-1.0
22200547,1610612758,SAC,Sacramento,1628989,Kevin Huerter,Kevin,G,,32:12,4.0,10.0,0.4,3.0,7.0,0.429,3.0,3.0,1.0,0.0,6.0,6.0,5.0,2.0,0.0,1.0,2.0,14.0,-7.0
22200547,1610612758,SAC,Sacramento,1628368,De'Aaron Fox,De'Aaron,G,,35:32,7.0,18.0,0.389,2.0,4.0,0.5,3.0,3.0,1.0,1.0,3.0,4.0,6.0,1.0,0.0,5.0,1.0,19.0,-2.0
22200547,1610612758,SAC,Sacramento,1626158,Richaun Holmes,Richaun,,,13:37,1.0,1.0,1.0,0.0,0.0,0.0,0.0,0.0,0.0,0.0,3.0,3.0,0.0,0.0,2.0,1.0,1.0,2.0,-11.0
22200547,1610612758,SAC,Sacramento,1628370,Malik Monk,Malik,,,26:19,7.0,17.0,0.412,3.0,8.0,0.375,1.0,1.0,1.0,2.0,3.0,5.0,3.0,0.0,0.0,4.0,2.0,18.0,-9.0
22200547,1610612758,SAC,Sacramento,1630558,Davion Mitchell,Davion,,,15:14,1.0,4.0,0.25,0.0,2.0,0.0,0.0,0.0,0.0,0.0,0.0,0.0,1.0,0.0,0.0,0.0,3.0,2.0,-13.0
22200547,1610612758,SAC,Sacramento,1626168,Trey Lyles,Trey,,,18:02,2.0,7.0,0.286,1.0,5.0,0.2,2.0,2.0,1.0,2.0,3.0,5.0,2.0,0.0,2.0,1.0,2.0,7.0,-10.0
22200547,1610612758,SAC,Sacramento,1629644,KZ Okpala,KZ,,,4:07,0.0,0.0,0.0,0.0,0.0,0.0,0.0,0.0,0.0,0.0,1.0,1.0,0.0,0.0,0.0,0.0,1.0,0.0,1.0
22200547,1610612758,SAC,Sacramento,1629056,Terence Davis,Terence,,,1:26,0.0,0.0,0.0,0.0,0.0,0.0,0.0,0.0,0.0,0.0,0.0,0.0,0.0,0.0,0.0,0.0,0.0,0.0,2.0
22200547,1610612758,SAC,Sacramento,1629002,Chimezie Metu,Chimezie,,,1:26,1.0,1.0,1.0,0.0,0.0,0.0,0.0,0.0,0.0,0.0,1.0,1.0,0.0,0.0,0.0,0.0,0.0,2.0,2.0
22200547,1610612758,SAC,Sacramento,203521,Matthew Dellavedova,Matthew,,,1:26,0.0,0.0,0.0,0.0,0.0,0.0,0.0,0.0,0.0,0.0,0.0,0.0,0.0,0.0,0.0,0.0,0.0,0.0,2.0
22200547,1610612758,SAC,Sacramento,203458,Alex Len,Alex,,,1:26,0.0,0.0,0.0,0.0,0.0,0.0,0.0,0.0,0.0,0.0,0.0,0.0,1.0,0.0,0.0,1.0,0.0,0.0,2.0
22200547,1610612758,SAC,Sacramento,1629674,Neemias Queta,Neemias,,DNP - Coach's Decision,,,,,,,,,,,,,,,,,,,,
22200547,1610612763,MEM,Memphis,1628415,Dillon Brooks,Dillon,F,,36:05,7.0,19.0,0.368,1.0,6.0,0.167,0.0,0.0,0.0,1.0,1.0,2.0,1.0,1.0,1.0,3.0,2.0,15.0,3.0
22200547,1610612763,MEM,Memphis,1628991,Jaren Jackson Jr.,Jaren,F,,28:57,5.0,11.0,0.455,2.0,4.0,0.5,2.0,3.0,0.667,2.0,5.0,7.0,2.0,0.0,3.0,0.0,3.0,14.0,7.0
22200547,1610612763,MEM,Memphis,203500,Steven Adams,Steven,C,,34:29,5.0,12.0,0.417,0.0,0.0,0.0,1.0,2.0,0.5,13.0,10.0,23.0,3.0,1.0,2.0,4.0,4.0,11.0,4.0
22200547,1610612763,MEM,Memphis,1629723,John Konchar,John,G,,27:38,5.0,11.0,0.455,1.0,6.0,0.167,1.0,1.0,1.0,2.0,4.0,6.0,2.0,4.0,0.0,1.0,0.0,12.0,0.0
22200547,1610612763,MEM,Memphis,1629630,Ja Morant,Ja,G,,32:47,13.0,23.0,0.565,1.0,5.0,0.2,8.0,10.0,0.8,0.0,7.0,7.0,5.0,1.0,1.0,3.0,4.0,35.0,8.0
22200547,1610612763,MEM,Memphis,1631223,David Roddy,David,,,15:06,2.0,6.0,0.333,0.0,3.0,0.0,1.0,4.0,0.25,2.0,2.0,4.0,2.0,0.0,0.0,0.0,1.0,5.0,10.0
22200547,1610612763,MEM,Memphis,1626145,Tyus Jones,Tyus,,,32:19,5.0,10.0,0.5,5.0,7.0,0.714,3.0,4.0,0.75,0.0,6.0,6.0,8.0,1.0,0.0,0.0,0.0,18.0,14.0
22200547,1610612763,MEM,Memphis,1630214,Xavier Tillman,Xavier,,,12:36,2.0,4.0,0.5,0.0,0.0,0.0,0.0,0.0,0.0,1.0,0.0,1.0,0.0,2.0,0.0,0.0,2.0,4.0,6.0
22200547,1610612763,MEM,Memphis,1631222,Jake LaRavia,Jake,,,4:02,0.0,0.0,0.0,0.0,0.0,0.0,0.0,0.0,0.0,0.0,0.0,0.0,0.0,0.0,0.0,0.0,0.0,0.0,-2.0
22200547,1610612763,MEM,Memphis,1631113,Kennedy Chandler,Kennedy,,,14:04,2.0,3.0,0.667,0.0,0.0,0.0,0.0,0.0,0.0,0.0,1.0,1.0,2.0,1.0,1.0,0.0,2.0,4.0,4.0
22200547,1610612763,MEM,Memphis,1631246,Vince Williams Jr.,Vince,,,0:59,0.0,0.0,0.0,0.0,0.0,0.0,0.0,0.0,0.0,0.0,0.0,0.0,0.0,0.0,0.0,0.0,0.0,0.0,-2.0
22200547,1610612763,MEM,Memphis,1631254,Kenneth Lofton Jr.,Kenneth,,,0:59,0.0,1.0,0.0,0.0,1.0,0.0,0.0,0.0,0.0,0.0,0.0,0.0,0.0,0.0,0.0,0.0,0.0,0.0,-2.0
22200757,1610612747,LAL,Los Angeles,1628972,Troy Brown Jr.,Troy,F,,31:01,4.0,8.0,0.5,2.0,3.0,0.667,1.0,2.0,0.5,7.0,10.0,17.0,4.0,0.0,0.0,2.0,0.0,11.0,3.0
22200757,1610612747,LAL,Los Angeles,1629060,Rui Hachimura,Rui,F,,27:48,6.0,13.0,0.462,1.0,2.0,0.5,3.0,6.0,0.5,2.0,2.0,4.0,1.0,0.0,0.0,1.0,0.0,16.0,-11.0
22200757,1610612747,LAL,Los Angeles,1628418,Thomas Bryant,Thomas,C,,26:45,7.0,8.0,0.875,1.0,2.0,0.5,3.0,7.0,0.429,2.0,7.0,9.0,0.0,0.0,1.0,1.0,1.0,18.0,1.0
22200757,1610612747,LAL,Los Angeles,201976,Patrick Beverley,Patrick,G,,34:46,1.0,8.0,0.125,1.0,5.0,0.2,2.0,2.0,1.0,0.0,1.0,1.0,3.0,0.0,0.0,0.0,4.0,5.0,1.0
22200757,1610612747,LAL,Los Angeles,203471,Dennis Schröder,Dennis,G,,33:59,2.0,15.0,0.133,1.0,4.0,0.25,5.0,6.0,0.833,0.0,6.0,6.0,5.0,0.0,0.0,0.0,3.0,10.0,4.0
22200757,1610612747,LAL,Los Angeles,201566,Russell Westbrook,Russell,,,29:40,5.0,15.0,0.333,3.0,6.0,0.5,4.0,7.0,0.571,2.0,6.0,8.0,10.0,1.0,1.0,6.0,2.0,17.0,-10.0
22200757,1610612747,LAL,Los Angeles,1629022,Lonnie Walker IV,Lonnie,,,22:27,4.0,9.0,0.444,2.0,4.0,0.5,3.0,3.0,1.0,0.0,1.0,1.0,0.0,0.0,1.0,1.0,3.0,13.0,-25.0
22200757,1610612747,LAL,Los Angeles,1629117,Wenyen Gabriel,Wenyen,,,15:58,5.0,10.0,0.5,0.0,2.0,0.0,1.0,2.0,0.5,1.0,3.0,4.0,0.0,0.0,0.0,0.0,0.0,11.0,-18.0
22200757,1610612747,LAL,Los Angeles,1629308,Juan Toscano-Anderson,Juan,,,7:50,0.0,1.0,0.0,0.0,0.0,0.0,0.0,0.0,0.0,2.0,0.0,2.0,1.0,0.0,0.0,1.0,1.0,0.0,-14.0
22200757,1610612747,LAL,Los Angeles,1631108,Max Christie,Max,,,7:46,1.0,2.0,0.5,0.0,1.0,0.0,1.0,2.0,0.5,0.0,1.0,1.0,0.0,0.0,0.0,1.0,2.0,3.0,-13.0
22200757,1610612747,LAL,Los Angeles,1627745,Damian Jones,Damian,,,2:00,0.0,0.0,0.0,0.0,0.0,0.0,0.0,0.0,0.0,0.0,0.0,0.0,0.0,0.0,0.0,1.0,0.0,0.0,-3.0
22200757,1610612751,BKN,Brooklyn,203925,Joe Harris,Joe,F,,17:45,1.0,5.0,0.2,1.0,5.0,0.2,0.0,0.0,0.0,0.0,2.0,2.0,3.0,0.0,1.0,0.0,3.0,3.0,-14.0
22200757,1610612751,BKN,Brooklyn,1626220,Royce O'Neale,Royce,F,,28:08,5.0,10.0,0.5,3.0,7.0,0.429,1.0,1.0,1.0,1.0,5.0,6.0,3.0,2.0,1.0,0.0,3.0,14.0,5.0
22200757,1610612751,BKN,Brooklyn,1629651,Nic Claxton,Nic,C,,26:59,3.0,7.0,0.429,0.0,0.0,0.0,0.0,0.0,0.0,2.0,10.0,12.0,3.0,1.0,1.0,2.0,3.0,6.0,9.0
22200757,1610612751,BKN,Brooklyn,203552,Seth Curry,Seth,G,,21:48,3.0,11.0,0.273,0.0,5.0,0.0,0.0,0.0,0.0,0.0,2.0,2.0,0.0,0.0,0.0,0.0,1.0,6.0,-9.0
22200757,1610612751,BKN,Brooklyn,202681,Kyrie Irving,Kyrie,G,,38:32,7.0,16.0,0.438,3.0,7.0,0.429,9.0,11.0,0.818,1.0,6.0,7.0,6.0,2.0,1.0,2.0,4.0,26.0,10.0
22200757,1610612751,BKN,Brooklyn,1630560,Cam Thomas,Cam,,,23:02,8.0,13.0,0.615,4.0,6.0,0.667,1.0,1.0,1.0,0.0,4.0,4.0,1.0,0.0,0.0,3.0,1.0,21.0,25.0
22200757,1610612751,BKN,Brooklyn,1630549,Day'Ron Sharpe,Day'Ron,,,20:36,4.0,8.0,0.5,0.0,0.0,0.0,0.0,0.0,0.0,8.0,6.0,14.0,3.0,1.0,2.0,1.0,5.0,8.0,9.0
22200757,1610612751,BKN,Brooklyn,201988,Patty Mills,Patty,,,26:12,7.0,12.0,0.583,4.0,7.0,0.571,3.0,3.0,1.0,0.0,0.0,0.0,3.0,2.0,0.0,0.0,2.0,21.0,26.0
22200757,1610612751,BKN,Brooklyn,1628410,Edmond Sumner,Edmond,,,8:24,1.0,5.0,0.2,0.0,1.0,0.0,0.0,0.0,0.0,0.0,1.0,1.0,2.0,0.0,0.0,0.0,0.0,2.0,7.0
22200757,1610612751,BKN,Brooklyn,1629139,Yuta Watanabe,Yuta,,,21:21,5.0,7.0,0.714,1.0,3.0,0.333,1.0,3.0,0.333,0.0,1.0,1.0,0.0,0.0,2.0,0.0,1.0,12.0,11.0
22200757,1610612751,BKN,Brooklyn,202693,Markieff Morris,Markieff,,,7:13,1.0,1.0,1.0,0.0,0.0,0.0,0.0,0.0,0.0,0.0,1.0,1.0,0.0,0.0,1.0,1.0,2.0,2.0,6.0
22200752,1610612748,MIA,Miami,202710,Jimmy Butler III,Jimmy,F,,33:18,11.0,14.0,0.786,0.0,0.0,0.0,6.0,7.0,0.857,2.0,5.0,7.0,2.0,3.0,0.0,2.0,3.0,28.0,5.0
22200752,1610612748,MIA,Miami,1628997,Caleb Martin,Caleb,F,,27:28,3.0,4.0,0.75,0.0,1.0,0.0,2.0,4.0,0.5,0.0,6.0,6.0,3.0,1.0,0.0,1.0,3.0,8.0,-7.0
22200752,1610612748,MIA,Miami,1628389,Bam Adebayo,Bam,C,,35:58,8.0,15.0,0.533,0.0,0.0,0.0,1.0,4.0,0.25,2.0,2.0,4.0,6.0,3.0,0.0,2.0,0.0,17.0,5.0
22200752,1610612748,MIA,Miami,1629639,Tyler Herro,Tyler,G,,34:34,9.0,21.0,0.429,5.0,9.0,0.556,1.0,1.0,1.0,0.0,5.0,5.0,3.0,0.0,0.0,0.0,1.0,24.0,5.0
22200752,1610612748,MIA,Miami,200768,Kyle Lowry,Kyle,G,,30:02,3.0,11.0,0.273,2.0,7.0,0.286,3.0,3.0,1.0,2.0,2.0,4.0,5.0,0.0,0.0,1.0,4.0,11.0,11.0
22200752,1610612748,MIA,Miami,1631115,Orlando Robinson,Orlando,,,12:02,0.0,1.0,0.0,0.0,0.0,0.0,2.0,2.0,1.0,2.0,1.0,3.0,0.0,1.0,0.0,1.0,1.0,2.0,-10.0
22200752,1610612748,MIA,Miami,203506,Victor Oladipo,Victor,,,32:10,4.0,12.0,0.333,1.0,5.0,0.2,0.0,0.0,0.0,1.0,2.0,3.0,5.0,2.0,0.0,1.0,1.0,9.0,-4.0
22200752,1610612748,MIA,Miami,1629216,Gabe Vincent,Gabe,,,17:58,3.0,7.0,0.429,1.0,4.0,0.25,1.0,1.0,1.0,0.0,2.0,2.0,1.0,1.0,0.0,1.0,2.0,8.0,-16.0
22200752,1610612748,MIA,Miami,1629622,Max Strus,Max,,,16:30,4.0,8.0,0.5,1.0,5.0,0.2,1.0,1.0,1.0,1.0,1.0,2.0,1.0,0.0,0.0,1.0,2.0,10.0,-14.0
22200752,1610612748,MIA,Miami,203473,Dewayne Dedmon,Dewayne,,DNP - Coach's Decision,,,,,,,,,,,,,,,,,,,,
22200752,1610612748,MIA,Miami,2617,Udonis Haslem,Udonis,,DNP - Coach's Decision,,,,,,,,,,,,,,,,,,,,
22200752,1610612748,MIA,Miami,1629312,Haywood Highsmith,Haywood,,DNP - Coach's Decision,,,,,,,,,,,,,,,,,,,,
22200752,1610612766,CHA,Charlotte,202330,Gordon Hayward,Gordon,F,,26:07,7.0,7.0,1.0,3.0,3.0,1.0,3.0,3.0,1.0,2.0,3.0,5.0,2.0,0.0,0.0,0.0,0.0,20.0,2.0
22200752,1610612766,CHA,Charlotte,1629023,P.J. Washington,P.J.,F,,35:32,11.0,19.0,0.579,3.0,7.0,0.429,2.0,2.0,1.0,3.0,3.0,6.0,5.0,1.0,0.0,1.0,3.0,27.0,4.0
22200752,1610612766,CHA,Charlotte,203486,Mason Plumlee,Mason,C,,28:08,4.0,6.0,0.667,0.0,0.0,0.0,2.0,6.0,0.333,2.0,6.0,8.0,1.0,0.0,0.0,3.0,3.0,10.0,-4.0
22200752,1610612766,CHA,Charlotte,1626179,Terry Rozier,Terry,G,,36:32,11.0,19.0,0.579,5.0,11.0,0.455,4.0,5.0,0.8,1.0,5.0,6.0,7.0,0.0,1.0,2.0,0.0,31.0,-1.0
22200752,1610612766,CHA,Charlotte,1630163,LaMelo Ball,LaMelo,G,,36:25,7.0,17.0,0.412,4.0,13.0,0.308,1.0,1.0,1.0,0.0,7.0,7.0,7.0,1.0,1.0,7.0,4.0,19.0,-8.0
22200752,1610612766,CHA,Charlotte,1629667,Jalen McDaniels,Jalen,,,25:07,1.0,6.0,0.167,0.0,5.0,0.0,0.0,0.0,0.0,0.0,7.0,7.0,1.0,0.0,0.0,3.0,3.0,2.0,3.0
22200752,1610612766,CHA,Charlotte,1628372,Dennis Smith Jr.,Dennis,,,19:49,1.0,5.0,0.2,0.0,1.0,0.0,2.0,2.0,1.0,2.0,1.0,3.0,1.0,1.0,0.0,2.0,1.0,4.0,19.0
22200752,1610612766,CHA,Charlotte,1631109,Mark Williams,Mark,,,19:52,2.0,2.0,1.0,0.0,0.0,0.0,3.0,3.0,1.0,0.0,3.0,3.0,1.0,2.0,1.0,1.0,2.0,7.0,9.0
22200752,1610612766,CHA,Charlotte,1630550,JT Thor,JT,,,12:28,1.0,2.0,0.5,0.0,0.0,0.0,0.0,0.0,0.0,1.0,1.0,2.0,0.0,1.0,0.0,0.0,2.0,2.0,1.0
22200752,1610612766,CHA,Charlotte,1630547,James Bouknight,James,,DNP - Coach's Decision,,,,,,,,,,,,,,,,,,,,
22200752,1610612766,CHA,Charlotte,1630539,Kai Jones,Kai,,DNP - Coach's Decision,,,,,,,,,,,,,,,,,,,,
22200752,1610612766,CHA,Charlotte,1631121,Bryce McGowens,Bryce,,DNP - Coach's Decision,,,,,,,,,,,,,,,,,,,,
22200752,1610612766,CHA,Charlotte,1630208,Nick Richards,Nick,,DNP - Coach's Decision,,,,,,,,,,,,,,,,,,,,
22200736,1610612749,MIL,Milwaukee,1626192,Pat Connaughton,Pat,F,,32:43,5.0,9.0,0.556,4.0,6.0,0.667,0.0,0.0,0.0,0.0,8.0,8.0,1.0,3.0,0.0,1.0,1.0,14.0,0.0
22200736,1610612749,MIL,Milwaukee,203507,Giannis Antetokounmpo,Giannis,F,,33:45,16.0,29.0,0.552,2.0,7.0,0.286,7.0,18.0,0.389,5.0,7.0,12.0,6.0,1.0,1.0,2.0,3.0,41.0,2.0
22200736,1610612749,MIL,Milwaukee,201572,Brook Lopez,Brook,C,,24:28,5.0,8.0,0.625,3.0,6.0,0.5,2.0,2.0,1.0,1.0,5.0,6.0,2.0,1.0,1.0,3.0,4.0,15.0,12.0
22200736,1610612749,MIL,Milwaukee,1628960,Grayson Allen,Grayson,G,,32:18,4.0,8.0,0.5,3.0,5.0,0.6,2.0,2.0,1.0,1.0,1.0,2.0,4.0,0.0,1.0,0.0,3.0,13.0,-2.0
22200736,1610612749,MIL,Milwaukee,201950,Jrue Holiday,Jrue,G,,35:26,7.0,16.0,0.438,1.0,5.0,0.2,5.0,6.0,0.833,3.0,6.0,9.0,9.0,1.0,0.0,6.0,0.0,20.0,-5.0
22200736,1610612749,MIL,Milwaukee,204060,Joe Ingles,Joe,,,22:47,2.0,4.0,0.5,2.0,4.0,0.5,0.0,0.0,0.0,0.0,1.0,1.0,3.0,0.0,0.0,0.0,2.0,6.0,-2.0
22200736,1610612749,MIL,Milwaukee,203114,Khris Middleton,Khris,,,14:41,7.0,13.0,0.538,0.0,4.0,0.0,3.0,3.0,1.0,0.0,4.0,4.0,4.0,2.0,0.0,2.0,0.0,17.0,21.0
22200736,1610612749,MIL,Milwaukee,202083,Wesley Matthews,Wesley,,,20:05,1.0,4.0,0.25,1.0,3.0,0.333,0.0,0.0,0.0,3.0,1.0,4.0,0.0,1.0,0.0,1.0,1.0,3.0,2.0
22200736,1610612749,MIL,Milwaukee,1629670,Jordan Nwora,Jordan,,,11:40,0.0,2.0,0.0,0.0,1.0,0.0,0.0,0.0,0.0,1.0,1.0,2.0,1.0,1.0,0.0,0.0,0.0,0.0,9.0
22200736,1610612749,MIL,Milwaukee,1628975,Jevon Carter,Jevon,,,12:09,5.0,5.0,1.0,2.0,2.0,1.0,0.0,0.0,0.0,0.0,2.0,2.0,2.0,1.0,0.0,1.0,6.0,12.0,13.0
22200736,1610612749,MIL,Milwaukee,203648,Thanasis Antetokounmpo,Thanasis,,DNP - Coach's Decision,,,,,,,,,,,,,,,,,,,,
22200736,1610612749,MIL,Milwaukee,1630699,MarJon Beauchamp,MarJon,,DNP - Coach's Decision,,,,,,,,,,,,,,,,,,,,
22200736,1610612749,MIL,Milwaukee,201588,George Hill,George,,DNP - Coach's Decision,,,,,,,,,,,,,,,,,,,,
22200736,1610612749,MIL,Milwaukee,1630572,Sandro Mamukelashvili,Sandro,,DNP - Coach's Decision,,,,,,,,,,,,,,,,,,,,
22200736,1610612754,IND,Indiana,1630537,Chris Duarte,Chris,F,,34:06,7.0,11.0,0.636,2.0,5.0,0.4,1.0,1.0,1.0,1.0,3.0,4.0,6.0,1.0,0.0,0.0,1.0,17.0,10.0
22200736,1610612754,IND,Indiana,1630174,Aaron Nesmith,Aaron,F,,26:39,3.0,6.0,0.5,2.0,4.0,0.5,2.0,2.0,1.0,0.0,3.0,3.0,0.0,1.0,0.0,1.0,5.0,10.0,-13.0
22200736,1610612754,IND,Indiana,1626167,Myles Turner,Myles,C,,36:29,10.0,20.0,0.5,2.0,7.0,0.286,2.0,4.0,0.5,1.0,4.0,5.0,0.0,0.0,4.0,0.0,4.0,24.0,0.0
22200736,1610612754,IND,Indiana,1627741,Buddy Hield,Buddy,G,,35:42,8.0,13.0,0.615,5.0,9.0,0.556,1.0,2.0,0.5,0.0,5.0,5.0,2.0,3.0,0.0,1.0,4.0,22.0,1.0
22200736,1610612754,IND,Indiana,204456,T.J. McConnell,T.J.,G,,32:20,8.0,11.0,0.727,0.0,1.0,0.0,3.0,4.0,0.75,0.0,6.0,6.0,9.0,3.0,0.0,2.0,2.0,19.0,9.0
22200736,1610612754,IND,Indiana,1631097,Bennedict Mathurin,Bennedict,,,31:13,6.0,12.0,0.5,1.0,4.0,0.25,8.0,9.0,0.889,3.0,5.0,8.0,0.0,1.0,0.0,5.0,3.0,21.0,-12.0
22200736,1610612754,IND,Indiana,1629614,Andrew Nembhard,Andrew,,,19:58,4.0,9.0,0.444,0.0,1.0,0.0,1.0,2.0,0.5,0.0,0.0,0.0,4.0,1.0,0.0,4.0,0.0,9.0,-24.0
22200736,1610612754,IND,Indiana,1630188,Jalen Smith,Jalen,,,10:31,3.0,5.0,0.6,1.0,1.0,1.0,2.0,4.0,0.5,0.0,5.0,5.0,1.0,0.0,0.0,0.0,1.0,9.0,-5.0
22200736,1610612754,IND,Indiana,1629052,Oshae Brissett,Oshae,,,12:02,0.0,2.0,0.0,0.0,1.0,0.0,0.0,0.0,0.0,0.0,2.0,2.0,0.0,0.0,0.0,0.0,4.0,0.0,-11.0
22200736,1610612754,IND,Indiana,1630678,Terry Taylor,Terry,,,0:60,0.0,0.0,0.0,0.0,0.0,0.0,0.0,0.0,0.0,0.0,0.0,0.0,0.0,0.0,0.0,0.0,0.0,0.0,-5.0
22200736,1610612754,IND,Indiana,1629048,Goga Bitadze,Goga,,DNP - Coach's Decision,,,,,,,,,,,,,,,,,,,,
22200736,1610612754,IND,Indiana,1630543,Isaiah Jackson,Isaiah,,DNP - Coach's Decision,,,,,,,,,,,,,,,,,,,,
22200736,1610612754,IND,Indiana,201949,James Johnson,James,,DNP - Coach's Decision,,,,,,,,,,,,,,,,,,,,
22200736,1610612754,IND,Indiana,1630243,Trevelin Queen,Trevelin,,DNP - Coach's Decision,,,,,,,,,,,,,,,,,,,,
22200737,1610612763,MEM,Memphis,1628415,Dillon Brooks,Dillon,F,,36:59,7.0,17.0,0.412,2.0,10.0,0.2,1.0,2.0,0.5,0.0,4.0,4.0,1.0,1.0,0.0,1.0,2.0,17.0,-8.0
22200737,1610612763,MEM,Memphis,1628991,Jaren Jackson Jr.,Jaren,F,,28:12,5.0,17.0,0.294,0.0,5.0,0.0,4.0,5.0,0.8,3.0,4.0,7.0,0.0,2.0,2.0,2.0,4.0,14.0,-3.0
22200737,1610612763,MEM,Memphis,1629634,Brandon Clarke,Brandon,C,,27:49,5.0,9.0,0.556,0.0,0.0,0.0,5.0,5.0,1.0,3.0,4.0,7.0,3.0,3.0,0.0,2.0,2.0,15.0,-3.0
22200737,1610612763,MEM,Memphis,1630533,Ziaire Williams,Ziaire,G,,26:20,3.0,5.0,0.6,1.0,2.0,0.5,0.0,0.0,0.0,0.0,2.0,2.0,0.0,2.0,0.0,3.0,0.0,7.0,-7.0
22200737,1610612763,MEM,Memphis,1629630,Ja Morant,Ja,G,,38:04,10.0,21.0,0.476,3.0,6.0,0.5,4.0,4.0,1.0,1.0,9.0,10.0,11.0,0.0,0.0,6.0,1.0,27.0,-2.0
22200737,1610612763,MEM,Memphis,1630583,Santi Aldama,Santi,,,18:34,2.0,9.0,0.222,1.0,6.0,0.167,0.0,0.0,0.0,0.0,4.0,4.0,1.0,0.0,0.0,1.0,0.0,5.0,-3.0
22200737,1610612763,MEM,Memphis,1626145,Tyus Jones,Tyus,,,19:46,0.0,4.0,0.0,0.0,1.0,0.0,0.0,0.0,0.0,1.0,1.0,2.0,3.0,2.0,0.0,1.0,0.0,0.0,-12.0
22200737,1610612763,MEM,Memphis,1630214,Xavier Tillman,Xavier,,,15:57,2.0,2.0,1.0,0.0,0.0,0.0,1.0,1.0,1.0,6.0,2.0,8.0,3.0,3.0,0.0,0.0,1.0,5.0,-6.0
22200737,1610612763,MEM,Memphis,1631222,Jake LaRavia,Jake,,,12:44,2.0,3.0,0.667,1.0,2.0,0.5,1.0,2.0,0.5,0.0,2.0,2.0,0.0,0.0,0.0,0.0,0.0,6.0,-9.0
22200737,1610612763,MEM,Memphis,1631223,David Roddy,David,,,15:35,2.0,6.0,0.333,0.0,1.0,0.0,0.0,0.0,0.0,1.0,0.0,1.0,0.0,1.0,0.0,4.0,2.0,4.0,-2.0
22200737,1610612763,MEM,Memphis,1631113,Kennedy Chandler,Kennedy,,DNP - Coach's Decision,,,,,,,,,,,,,,,,,,,,
22200737,1610612763,MEM,Memphis,1631246,Vince Williams Jr.,Vince,,DNP - Coach's Decision,,,,,,,,,,,,,,,,,,,,
22200737,1610612750,MIN,Minnesota,1630183,Jaden McDaniels,Jaden,F,,30:39,4.0,10.0,0.4,0.0,4.0,0.0,0.0,0.0,0.0,1.0,5.0,6.0,3.0,0.0,0.0,1.0,1.0,8.0,0.0
22200737,1610612750,MIN,Minnesota,203937,Kyle Anderson,Kyle,F,,27:01,9.0,16.0,0.563,4.0,7.0,0.571,1.0,1.0,1.0,1.0,2.0,3.0,6.0,2.0,1.0,1.0,5.0,23.0,4.0
22200737,1610612750,MIN,Minnesota,203497,Rudy Gobert,Rudy,C,,31:27,3.0,5.0,0.6,0.0,0.0,0.0,1.0,2.0,0.5,2.0,11.0,13.0,1.0,1.0,3.0,3.0,4.0,7.0,5.0
22200737,1610612750,MIN,Minnesota,1630162,Anthony Edwards,Anthony,G,,36:27,9.0,18.0,0.5,3.0,5.0,0.6,4.0,6.0,0.667,0.0,7.0,7.0,7.0,0.0,1.0,2.0,2.0,25.0,10.0
22200737,1610612750,MIN,Minnesota,1626156,D'Angelo Russell,D'Angelo,G,,37:15,7.0,17.0,0.412,3.0,10.0,0.3,2.0,2.0,1.0,1.0,7.0,8.0,7.0,3.0,0.0,6.0,1.0,19.0,12.0
22200737,1610612750,MIN,Minnesota,203085,Austin Rivers,Austin,,,20:47,1.0,2.0,0.5,0.0,1.0,0.0,0.0,0.0,0.0,0.0,1.0,1.0,3.0,2.0,0.0,0.0,1.0,2.0,9.0
22200737,1610612750,MIN,Minnesota,1629675,Naz Reid,Naz,,,16:33,4.0,6.0,0.667,1.0,3.0,0.333,0.0,2.0,0.0,2.0,1.0,3.0,1.0,2.0,1.0,0.0,1.0,9.0,6.0
22200737,1610612750,MIN,Minnesota,1630233,Nathan Knight,Nathan,,,19:35,4.0,6.0,0.667,2.0,3.0,0.667,0.0,0.0,0.0,2.0,0.0,2.0,0.0,0.0,0.0,1.0,4.0,10.0,5.0
22200737,1610612750,MIN,Minnesota,1629669,Jaylen Nowell,Jaylen,,,20:16,3.0,6.0,0.5,0.0,2.0,0.0,2.0,2.0,1.0,0.0,2.0,2.0,3.0,2.0,0.0,5.0,0.0,8.0,4.0
22200737,1610612750,MIN,Minnesota,1627854,Bryn Forbes,Bryn,,DNP - Coach's Decision,,,,,,,,,,,,,,,,,,,,
22200737,1610612750,MIN,Minnesota,1630568,Luka Garza,Luka,,DNP - Coach's Decision,,,,,,,,,,,,,,,,,,,,
22200737,1610612750,MIN,Minnesota,1631169,Josh Minott,Josh,,DNP - Coach's Decision,,,,,,,,,,,,,,,,,,,,
22200737,1610612750,MIN,Minnesota,1631111,Wendell Moore Jr.,Wendell,,DNP - Coach's Decision,,,,,,,,,,,,,,,,,,,,
22200739,1610612739,CLE,Cleveland,1630171,Isaac Okoro,Isaac,F,,26:18,3.0,7.0,0.429,0.0,3.0,0.0,0.0,0.0,0.0,2.0,2.0,4.0,2.0,2.0,2.0,1.0,3.0,6.0,-7.0
22200739,1610612739,CLE,Cleveland,1630596,Evan Mobley,Evan,F,,37:38,9.0,18.0,0.5,2.0,2.0,1.0,3.0,4.0,0.75,2.0,9.0,11.0,1.0,0.0,2.0,4.0,5.0,23.0,-3.0
22200739,1610612739,CLE,Cleveland,1628386,Jarrett Allen,Jarrett,C,,35:36,6.0,8.0,0.75,0.0,0.0,0.0,1.0,2.0,0.5,5.0,4.0,9.0,0.0,0.0,1.0,0.0,1.0,13.0,-10.0
22200739,1610612739,CLE,Cleveland,1627747,Caris LeVert,Caris,G,,37:46,1.0,12.0,0.083,0.0,6.0,0.0,0.0,0.0,0.0,1.0,2.0,3.0,9.0,0.0,0.0,1.0,3.0,2.0,-12.0
22200739,1610612739,CLE,Cleveland,1629636,Darius Garland,Darius,G,,37:17,10.0,23.0,0.435,3.0,8.0,0.375,8.0,10.0,0.8,0.0,2.0,2.0,13.0,4.0,0.0,2.0,2.0,31.0,-10.0
22200739,1610612739,CLE,Cleveland,1629731,Dean Wade,Dean,,,25:45,2.0,5.0,0.4,1.0,4.0,0.25,0.0,0.0,0.0,0.0,4.0,4.0,2.0,1.0,0.0,1.0,3.0,5.0,-12.0
22200739,1610612739,CLE,Cleveland,203526,Raul Neto,Raul,,,11:39,2.0,3.0,0.667,1.0,2.0,0.5,2.0,2.0,1.0,0.0,2.0,2.0,0.0,1.0,0.0,1.0,0.0,7.0,-6.0
22200739,1610612739,CLE,Cleveland,1626224,Cedi Osman,Cedi,,,13:03,2.0,5.0,0.4,1.0,3.0,0.333,0.0,0.0,0.0,1.0,0.0,1.0,0.0,0.0,0.0,0.0,1.0,5.0,0.0
22200739,1610612739,CLE,Cleveland,1630205,Lamar Stevens,Lamar,,,14:58,4.0,7.0,0.571,0.0,1.0,0.0,0.0,0.0,0.0,0.0,1.0,1.0,0.0,1.0,0.0,0.0,3.0,8.0,0.0
22200739,1610612739,CLE,Cleveland,1629603,Mamadi Diakite,Mamadi,,DNP - Coach's Decision,,,,,,,,,,,,,,,,,,,,
22200739,1610612739,CLE,Cleveland,201577,Robin Lopez,Robin,,DNP - Coach's Decision,,,,,,,,,,,,,,,,,,,,
22200739,1610612760,OKC,Oklahoma City,1630598,Aaron Wiggins,Aaron,F,,30:48,4.0,6.0,0.667,0.0,2.0,0.0,2.0,2.0,1.0,1.0,6.0,7.0,2.0,2.0,0.0,2.0,3.0,10.0,8.0
22200739,1610612760,OKC,Oklahoma City,1631114,Jalen Williams,Jalen,F,,32:42,7.0,12.0,0.583,3.0,3.0,1.0,0.0,1.0,0.0,1.0,2.0,3.0,0.0,0.0,0.0,3.0,1.0,17.0,3.0
22200739,1610612760,OKC,Oklahoma City,1631119,Jaylin Williams,Jaylin,C,,18:54,3.0,5.0,0.6,2.0,2.0,1.0,0.0,0.0,0.0,1.0,5.0,6.0,2.0,0.0,0.0,0.0,0.0,8.0,-1.0
22200739,1610612760,OKC,Oklahoma City,1630581,Josh Giddey,Josh,G,,27:53,6.0,12.0,0.5,0.0,0.0,0.0,3.0,4.0,0.75,0.0,6.0,6.0,3.0,0.0,0.0,4.0,1.0,15.0,8.0
22200739,1610612760,OKC,Oklahoma City,1628983,Shai Gilgeous-Alexander,Shai,G,,35:09,12.0,21.0,0.571,1.0,1.0,1.0,10.0,11.0,0.909,2.0,3.0,5.0,8.0,2.0,1.0,0.0,2.0,35.0,14.0
22200739,1610612760,OKC,Oklahoma City,1630198,Isaiah Joe,Isaiah,,,21:04,1.0,3.0,0.333,1.0,3.0,0.333,3.0,3.0,1.0,0.0,1.0,1.0,0.0,0.0,0.0,2.0,0.0,6.0,12.0
22200739,1610612760,OKC,Oklahoma City,203488,Mike Muscala,Mike,,,19:41,1.0,2.0,0.5,1.0,2.0,0.5,2.0,2.0,1.0,1.0,5.0,6.0,1.0,0.0,0.0,1.0,3.0,5.0,19.0
22200739,1610612760,OKC,Oklahoma City,1631172,Ousmane Dieng,Ousmane,,,10:05,0.0,0.0,0.0,0.0,0.0,0.0,0.0,0.0,0.0,1.0,0.0,1.0,1.0,0.0,0.0,2.0,3.0,0.0,-11.0
22200739,1610612760,OKC,Oklahoma City,1629026,Kenrich Williams,Kenrich,,,20:22,3.0,5.0,0.6,1.0,2.0,0.5,0.0,0.0,0.0,3.0,4.0,7.0,1.0,0.0,1.0,0.0,1.0,7.0,8.0
22200739,1610612760,OKC,Oklahoma City,1629647,Darius Bazley,Darius,,,14:24,3.0,7.0,0.429,1.0,1.0,1.0,2.0,2.0,1.0,0.0,2.0,2.0,0.0,1.0,0.0,0.0,0.0,9.0,4.0
22200739,1610612760,OKC,Oklahoma City,1630544,Tre Mann,Tre,,,8:58,0.0,3.0,0.0,0.0,2.0,0.0,0.0,0.0,0.0,0.0,2.0,2.0,1.0,0.0,0.0,0.0,3.0,0.0,-4.0
22200738,1610612753,ORL,Orlando,1630532,Franz Wagner,Franz,F,,32:58,6.0,10.0,0.6,3.0,4.0,0.75,4.0,4.0,1.0,1.0,5.0,6.0,2.0,0.0,0.0,1.0,2.0,19.0,0.0
22200738,1610612753,ORL,Orlando,1631094,Paolo Banchero,Paolo,F,,35:42,4.0,14.0,0.286,1.0,6.0,0.167,10.0,13.0,0.769,0.0,5.0,5.0,1.0,1.0,0.0,5.0,3.0,19.0,-18.0
22200738,1610612753,ORL,Orlando,1628976,Wendell Carter Jr.,Wendell,C,,31:29,7.0,11.0,0.636,2.0,5.0,0.4,0.0,0.0,0.0,1.0,7.0,8.0,3.0,0.0,1.0,3.0,6.0,16.0,-3.0
22200738,1610612753,ORL,Orlando,203914,Gary Harris,Gary,G,,28:12,3.0,6.0,0.5,2.0,5.0,0.4,0.0,0.0,0.0,0.0,2.0,2.0,1.0,1.0,0.0,0.0,2.0,8.0,-11.0
22200738,1610612753,ORL,Orlando,1628365,Markelle Fultz,Markelle,G,,30:49,5.0,9.0,0.556,0.0,2.0,0.0,0.0,0.0,0.0,0.0,3.0,3.0,6.0,0.0,2.0,4.0,2.0,10.0,-18.0
22200738,1610612753,ORL,Orlando,1630175,Cole Anthony,Cole,,,27:44,5.0,9.0,0.556,4.0,7.0,0.571,5.0,6.0,0.833,0.0,7.0,7.0,1.0,0.0,0.0,3.0,1.0,19.0,7.0
22200738,1610612753,ORL,Orlando,1629626,Bol Bol,Bol,,,19:48,0.0,1.0,0.0,0.0,1.0,0.0,2.0,2.0,1.0,0.0,5.0,5.0,1.0,0.0,0.0,1.0,2.0,2.0,6.0
22200738,1610612753,ORL,Orlando,1629021,Moritz Wagner,Moritz,,,16:07,3.0,6.0,0.5,0.0,2.0,0.0,3.0,3.0,1.0,0.0,2.0,2.0,1.0,1.0,0.0,2.0,5.0,9.0,-1.0
22200738,1610612753,ORL,Orlando,1630591,Jalen Suggs,Jalen,,,17:11,0.0,3.0,0.0,0.0,2.0,0.0,3.0,4.0,0.75,0.0,2.0,2.0,5.0,2.0,0.0,1.0,0.0,3.0,13.0
22200738,1610612753,ORL,Orlando,1628964,Mo Bamba,Mo,,DNP - Coach's Decision,,,,,,,,,,,,,,,,,,,,
22200738,1610612753,ORL,Orlando,203082,Terrence Ross,Terrence,,DNP - Coach's Decision,,,,,,,,,,,,,,,,,,,,
22200738,1610612748,MIA,Miami,202710,Jimmy Butler III,Jimmy,F,,32:42,10.0,17.0,0.588,0.0,2.0,0.0,9.0,12.0,0.75,1.0,5.0,6.0,6.0,2.0,0.0,0.0,1.0,29.0,9.0
22200738,1610612748,MIA,Miami,1628997,Caleb Martin,Caleb,F,,27:14,6.0,9.0,0.667,0.0,3.0,0.0,1.0,1.0,1.0,1.0,6.0,7.0,2.0,1.0,1.0,0.0,3.0,13.0,13.0
22200738,1610612748,MIA,Miami,1628389,Bam Adebayo,Bam,C,,36:32,7.0,14.0,0.5,0.0,0.0,0.0,6.0,7.0,0.857,0.0,6.0,6.0,7.0,1.0,1.0,2.0,5.0,20.0,4.0
22200738,1610612748,MIA,Miami,1629639,Tyler Herro,Tyler,G,,29:52,4.0,12.0,0.333,0.0,3.0,0.0,2.0,2.0,1.0,1.0,5.0,6.0,3.0,1.0,0.0,2.0,0.0,10.0,13.0
22200738,1610612748,MIA,Miami,200768,Kyle Lowry,Kyle,G,,25:08,2.0,6.0,0.333,2.0,5.0,0.4,0.0,0.0,0.0,1.0,3.0,4.0,5.0,2.0,0.0,1.0,1.0,6.0,5.0
22200738,1610612748,MIA,Miami,203506,Victor Oladipo,Victor,,,21:42,1.0,8.0,0.125,0.0,5.0,0.0,0.0,0.0,0.0,0.0,1.0,1.0,2.0,1.0,0.0,2.0,2.0,2.0,-5.0
22200738,1610612748,MIA,Miami,1631115,Orlando Robinson,Orlando,,,11:28,0.0,1.0,0.0,0.0,0.0,0.0,0.0,0.0,0.0,1.0,3.0,4.0,0.0,0.0,1.0,1.0,1.0,0.0,1.0
22200738,1610612748,MIA,Miami,1629216,Gabe Vincent,Gabe,,,18:57,3.0,8.0,0.375,3.0,7.0,0.429,2.0,2.0,1.0,0.0,1.0,1.0,1.0,0.0,0.0,1.0,2.0,11.0,-2.0
22200738,1610612748,MIA,Miami,1629312,Haywood Highsmith,Haywood,,,6:55,1.0,2.0,0.5,0.0,1.0,0.0,0.0,0.0,0.0,0.0,1.0,1.0,0.0,0.0,0.0,0.0,1.0,2.0,-8.0
22200738,1610612748,MIA,Miami,1629622,Max Strus,Max,,,29:30,5.0,8.0,0.625,5.0,7.0,0.714,2.0,2.0,1.0,0.0,1.0,1.0,2.0,1.0,0.0,2.0,3.0,17.0,-5.0
22200738,1610612748,MIA,Miami,203473,Dewayne Dedmon,Dewayne,,DNP - Coach's Decision,,,,,,,,,,,,,,,,,,,,
22200738,1610612748,MIA,Miami,2617,Udonis Haslem,Udonis,,DNP - Coach's Decision,,,,,,,,,,,,,,,,,,,,
22200727,1610612762,UTA,Utah,1627736,Malik Beasley,Malik,F,,29:08,3.0,10.0,0.3,3.0,9.0,0.333,1.0,1.0,1.0,0.0,6.0,6.0,5.0,0.0,0.0,0.0,2.0,10.0,-15.0
22200727,1610612762,UTA,Utah,1628374,Lauri Markkanen,Lauri,F,,34:09,7.0,16.0,0.438,3.0,6.0,0.5,7.0,8.0,0.875,1.0,3.0,4.0,1.0,0.0,0.0,0.0,0.0,24.0,2.0
22200727,1610612762,UTA,Utah,1631117,Walker Kessler,Walker,C,,18:22,3.0,4.0,0.75,0.0,0.0,0.0,0.0,2.0,0.0,2.0,3.0,5.0,2.0,0.0,1.0,2.0,3.0,6.0,-11.0
22200727,1610612762,UTA,Utah,203903,Jordan Clarkson,Jordan,G,,30:28,7.0,18.0,0.389,3.0,7.0,0.429,1.0,1.0,1.0,1.0,0.0,1.0,3.0,1.0,0.0,4.0,2.0,18.0,-19.0
22200727,1610612762,UTA,Utah,201144,Mike Conley,Mike,G,,31:50,3.0,6.0,0.5,2.0,5.0,0.4,0.0,0.0,0.0,1.0,4.0,5.0,10.0,2.0,0.0,3.0,2.0,8.0,-4.0
22200727,1610612762,UTA,Utah,1629012,Collin Sexton,Collin,,,21:46,8.0,11.0,0.727,3.0,3.0,1.0,0.0,0.0,0.0,0.0,4.0,4.0,2.0,0.0,1.0,3.0,3.0,19.0,-12.0
22200727,1610612762,UTA,Utah,1629020,Jarred Vanderbilt,Jarred,,,27:14,5.0,9.0,0.556,2.0,4.0,0.5,0.0,2.0,0.0,1.0,4.0,5.0,1.0,2.0,2.0,0.0,1.0,12.0,1.0
22200727,1610612762,UTA,Utah,200752,Rudy Gay,Rudy,,,17:58,4.0,4.0,1.0,3.0,3.0,1.0,0.0,0.0,0.0,0.0,2.0,2.0,2.0,0.0,1.0,0.0,0.0,11.0,3.0
22200727,1610612762,UTA,Utah,1630534,Ochai Agbaji,Ochai,,,11:35,0.0,1.0,0.0,0.0,1.0,0.0,0.0,0.0,0.0,2.0,0.0,2.0,2.0,0.0,0.0,0.0,0.0,0.0,0.0
22200727,1610612762,UTA,Utah,1629659,Talen Horton-Tucker,Talen,,,13:54,5.0,9.0,0.556,1.0,3.0,0.333,1.0,1.0,1.0,0.0,1.0,1.0,2.0,0.0,0.0,1.0,5.0,12.0,-3.0
22200727,1610612762,UTA,Utah,1630195,Leandro Bolmaro,Leandro,,,0:54,0.0,0.0,0.0,0.0,0.0,0.0,0.0,0.0,0.0,0.0,0.0,0.0,0.0,0.0,0.0,0.0,0.0,0.0,2.0
22200727,1610612762,UTA,Utah,1629638,Nickeil Alexander-Walker,Nickeil,,,0:54,0.0,0.0,0.0,0.0,0.0,0.0,0.0,0.0,0.0,0.0,0.0,0.0,2.0,0.0,0.0,0.0,0.0,0.0,2.0
22200727,1610612762,UTA,Utah,1631323,Simone Fontecchio,Simone,,,0:54,0.0,0.0,0.0,0.0,0.0,0.0,0.0,0.0,0.0,0.0,0.0,0.0,0.0,0.0,0.0,0.0,0.0,0.0,2.0
22200727,1610612762,UTA,Utah,1628962,Udoka Azubuike,Udoka,,,0:54,2.0,2.0,1.0,0.0,0.0,0.0,0.0,0.0,0.0,0.0,0.0,0.0,0.0,0.0,0.0,0.0,0.0,4.0,2.0
22200727,1610612757,POR,Portland,1628404,Josh Hart,Josh,F,,9:15,0.0,1.0,0.0,0.0,0.0,0.0,0.0,0.0,0.0,0.0,2.0,2.0,1.0,1.0,0.0,1.0,0.0,0.0,-6.0
22200727,1610612757,POR,Portland,203924,Jerami Grant,Jerami,F,,42:20,9.0,15.0,0.6,0.0,2.0,0.0,1.0,2.0,0.5,0.0,5.0,5.0,2.0,2.0,1.0,1.0,1.0,19.0,16.0
22200727,1610612757,POR,Portland,203994,Jusuf Nurkić,Jusuf,C,,18:11,4.0,10.0,0.4,1.0,3.0,0.333,1.0,1.0,1.0,1.0,3.0,4.0,4.0,0.0,0.0,0.0,2.0,10.0,7.0
22200727,1610612757,POR,Portland,1629014,Anfernee Simons,Anfernee,G,,38:53,5.0,15.0,0.333,2.0,8.0,0.25,4.0,5.0,0.8,0.0,4.0,4.0,9.0,1.0,0.0,3.0,3.0,16.0,8.0
22200727,1610612757,POR,Portland,203081,Damian Lillard,Damian,G,,39:33,21.0,29.0,0.724,9.0,15.0,0.6,9.0,10.0,0.9,0.0,7.0,7.0,8.0,3.0,0.0,4.0,1.0,60.0,11.0
22200727,1610612757,POR,Portland,1629234,Drew Eubanks,Drew,,,26:09,4.0,6.0,0.667,0.0,1.0,0.0,0.0,0.0,0.0,2.0,8.0,10.0,0.0,2.0,2.0,0.0,2.0,8.0,3.0
22200727,1610612757,POR,Portland,1631101,Shaedon Sharpe,Shaedon,,,17:34,2.0,3.0,0.667,1.0,1.0,1.0,0.0,0.0,0.0,0.0,2.0,2.0,0.0,0.0,1.0,0.0,3.0,5.0,1.0
22200727,1610612757,POR,Portland,1627780,Gary Payton II,Gary,,,12:24,2.0,3.0,0.667,2.0,2.0,1.0,0.0,0.0,0.0,2.0,2.0,4.0,1.0,0.0,0.0,1.0,1.0,6.0,-7.0
22200727,1610612757,POR,Portland,1629642,Nassir Little,Nassir,,,32:01,3.0,6.0,0.5,2.0,4.0,0.5,0.0,0.0,0.0,1.0,2.0,3.0,1.0,0.0,0.0,0.0,2.0,8.0,17.0
22200727,1610612757,POR,Portland,1630570,Trendon Watford,Trendon,,,3:40,1.0,1.0,1.0,0.0,0.0,0.0,0.0,0.0,0.0,0.0,0.0,0.0,0.0,0.0,0.0,0.0,0.0,2.0,0.0
22200727,1610612757,POR,Portland,1630535,Greg Brown III,Greg,,DNP - Coach's Decision,,,,,,,,,,,,,,,,,,,,
22200727,1610612757,POR,Portland,1631219,John Butler Jr.,John,,DNP - Coach's Decision,,,,,,,,,,,,,,,,,,,,
22200727,1610612757,POR,Portland,1630553,Keon Johnson,Keon,,DNP - Coach's Decision,,,,,,,,,,,,,,,,,,,,
22200727,1610612757,POR,Portland,1631133,Jabari Walker,Jabari,,DNP - Coach's Decision,,,,,,,,,,,,,,,,,,,,
22200713,1610612741,CHI,Chicago,201942,DeMar DeRozan,DeMar,F,,39:36,14.0,21.0,0.667,0.0,0.0,0.0,5.0,5.0,1.0,1.0,4.0,5.0,3.0,0.0,1.0,1.0,5.0,33.0,-9.0
22200713,1610612741,CHI,Chicago,1630172,Patrick Williams,Patrick,F,,27:42,2.0,5.0,0.4,1.0,3.0,0.333,2.0,2.0,1.0,0.0,5.0,5.0,0.0,1.0,1.0,1.0,2.0,7.0,2.0
22200713,1610612741,CHI,Chicago,202696,Nikola Vučević,Nikola,C,,32:43,9.0,14.0,0.643,2.0,2.0,1.0,0.0,0.0,0.0,0.0,8.0,8.0,5.0,0.0,2.0,3.0,2.0,20.0,2.0
22200713,1610612741,CHI,Chicago,203897,Zach LaVine,Zach,G,,38:21,4.0,14.0,0.286,0.0,7.0,0.0,6.0,7.0,0.857,1.0,2.0,3.0,4.0,0.0,0.0,6.0,2.0,14.0,-3.0
22200713,1610612741,CHI,Chicago,1630245,Ayo Dosunmu,Ayo,G,,24:37,3.0,7.0,0.429,0.0,3.0,0.0,1.0,2.0,0.5,1.0,3.0,4.0,3.0,1.0,0.0,2.0,1.0,7.0,4.0
22200713,1610612741,CHI,Chicago,1629632,Coby White,Coby,,,22:42,3.0,11.0,0.273,2.0,7.0,0.286,0.0,0.0,0.0,0.0,3.0,3.0,3.0,2.0,0.0,0.0,3.0,8.0,-8.0
22200713,1610612741,CHI,Chicago,1627936,Alex Caruso,Alex,,,28:24,0.0,3.0,0.0,0.0,1.0,0.0,4.0,4.0,1.0,2.0,5.0,7.0,1.0,1.0,0.0,2.0,5.0,4.0,-13.0
22200713,1610612741,CHI,Chicago,1627884,Derrick Jones Jr.,Derrick,,,20:13,5.0,9.0,0.556,0.0,1.0,0.0,0.0,0.0,0.0,3.0,2.0,5.0,0.0,0.0,1.0,0.0,2.0,10.0,2.0
22200713,1610612741,CHI,Chicago,203083,Andre Drummond,Andre,,,5:42,3.0,4.0,0.75,0.0,0.0,0.0,1.0,5.0,0.2,3.0,2.0,5.0,0.0,0.0,0.0,1.0,1.0,7.0,-7.0
22200713,1610612741,CHI,Chicago,1628396,Tony Bradley,Tony,,DNP - Coach's Decision,,,,,,,,,,,,,,,,,,,,
22200713,1610612741,CHI,Chicago,1630637,Carlik Jones,Carlik,,DNP - Coach's Decision,,,,,,,,,,,,,,,,,,,,
22200713,1610612741,CHI,Chicago,1631207,Dalen Terry,Dalen,,DNP - Coach's Decision,,,,,,,,,,,,,,,,,,,,
22200713,1610612754,IND,Indiana,1627741,Buddy Hield,Buddy,F,,38:33,5.0,14.0,0.357,4.0,11.0,0.364,5.0,5.0,1.0,1.0,4.0,5.0,4.0,4.0,3.0,1.0,1.0,19.0,5.0
22200713,1610612754,IND,Indiana,1630174,Aaron Nesmith,Aaron,F,,28:36,0.0,7.0,0.0,0.0,2.0,0.0,3.0,4.0,0.75,2.0,4.0,6.0,2.0,1.0,2.0,1.0,5.0,3.0,1.0
22200713,1610612754,IND,Indiana,1626167,Myles Turner,Myles,C,,32:12,11.0,21.0,0.524,2.0,7.0,0.286,2.0,4.0,0.5,2.0,5.0,7.0,0.0,0.0,1.0,0.0,3.0,26.0,5.0
22200713,1610612754,IND,Indiana,1630537,Chris Duarte,Chris,G,,26:17,2.0,11.0,0.182,2.0,8.0,0.25,5.0,5.0,1.0,2.0,7.0,9.0,3.0,1.0,0.0,2.0,2.0,11.0,-3.0
22200713,1610612754,IND,Indiana,204456,T.J. McConnell,T.J.,G,,40:32,9.0,14.0,0.643,1.0,1.0,1.0,1.0,1.0,1.0,1.0,2.0,3.0,10.0,3.0,0.0,2.0,0.0,20.0,9.0
22200713,1610612754,IND,Indiana,1631097,Bennedict Mathurin,Bennedict,,,34:12,10.0,17.0,0.588,1.0,5.0,0.2,5.0,7.0,0.714,1.0,6.0,7.0,2.0,0.0,0.0,0.0,2.0,26.0,9.0
22200713,1610612754,IND,Indiana,1630243,Trevelin Queen,Trevelin,,,5:58,0.0,3.0,0.0,0.0,2.0,0.0,0.0,0.0,0.0,0.0,1.0,1.0,1.0,0.0,0.0,0.0,2.0,0.0,0.0
22200713,1610612754,IND,Indiana,1630678,Terry Taylor,Terry,,,20:22,5.0,11.0,0.455,0.0,1.0,0.0,1.0,2.0,0.5,4.0,1.0,5.0,1.0,0.0,1.0,0.0,3.0,11.0,3.0
22200713,1610612754,IND,Indiana,1630188,Jalen Smith,Jalen,,,6:00,0.0,1.0,0.0,0.0,0.0,0.0,0.0,0.0,0.0,1.0,0.0,1.0,0.0,0.0,0.0,0.0,1.0,0.0,-1.0
22200713,1610612754,IND,Indiana,1630543,Isaiah Jackson,Isaiah,,,7:19,0.0,0.0,0.0,0.0,0.0,0.0,0.0,0.0,0.0,0.0,1.0,1.0,1.0,0.0,3.0,0.0,2.0,0.0,2.0
22200713,1610612754,IND,Indiana,1629048,Goga Bitadze,Goga,,DNP - Coach's Decision,,,,,,,,,,,,,,,,,,,,
22200713,1610612754,IND,Indiana,1629052,Oshae Brissett,Oshae,,DNP - Coach's Decision,,,,,,,,,,,,,,,,,,,,
22200713,1610612754,IND,Indiana,201949,James Johnson,James,,DNP - Coach's Decision,,,,,,,,,,,,,,,,,,,,
22200717,1610612764,WAS,Washington,1630557,Corey Kispert,Corey,F,,33:35,4.0,10.0,0.4,2.0,6.0,0.333,4.0,4.0,1.0,1.0,6.0,7.0,1.0,1.0,0.0,2.0,1.0,14.0,-8.0
22200717,1610612764,WAS,Washington,1628398,Kyle Kuzma,Kyle,F,,36:48,12.0,23.0,0.522,2.0,10.0,0.2,4.0,5.0,0.8,0.0,5.0,5.0,2.0,0.0,1.0,3.0,2.0,30.0,8.0
22200717,1610612764,WAS,Washington,1629655,Daniel Gafford,Daniel,C,,18:42,2.0,3.0,0.667,0.0,0.0,0.0,5.0,8.0,0.625,1.0,6.0,7.0,3.0,0.0,1.0,1.0,6.0,9.0,1.0
22200717,1610612764,WAS,Washington,203078,Bradley Beal,Bradley,G,,30:09,7.0,17.0,0.412,2.0,2.0,1.0,6.0,9.0,0.667,0.0,0.0,0.0,4.0,0.0,1.0,2.0,5.0,22.0,-2.0
22200717,1610612764,WAS,Washington,1628420,Monté Morris,Monté,G,,27:09,5.0,9.0,0.556,1.0,3.0,0.333,2.0,2.0,1.0,0.0,3.0,3.0,5.0,0.0,0.0,0.0,0.0,13.0,3.0
22200717,1610612764,WAS,Washington,1630264,Anthony Gill,Anthony,,,19:10,2.0,3.0,0.667,0.0,0.0,0.0,2.0,2.0,1.0,1.0,3.0,4.0,1.0,0.0,0.0,0.0,4.0,6.0,-1.0
22200717,1610612764,WAS,Washington,1630166,Deni Avdija,Deni,,,32:07,3.0,5.0,0.6,0.0,1.0,0.0,9.0,11.0,0.818,2.0,8.0,10.0,3.0,3.0,0.0,1.0,3.0,15.0,4.0
22200717,1610612764,WAS,Washington,1626153,Delon Wright,Delon,,,21:33,4.0,7.0,0.571,2.0,5.0,0.4,0.0,0.0,0.0,1.0,2.0,3.0,6.0,3.0,0.0,0.0,0.0,10.0,-3.0
22200717,1610612764,WAS,Washington,203115,Will Barton,Will,,,15:13,3.0,5.0,0.6,2.0,3.0,0.667,0.0,0.0,0.0,0.0,2.0,2.0,3.0,0.0,0.0,1.0,0.0,8.0,0.0
22200717,1610612764,WAS,Washington,201959,Taj Gibson,Taj,,,5:35,0.0,1.0,0.0,0.0,0.0,0.0,0.0,0.0,0.0,0.0,0.0,0.0,0.0,0.0,0.0,0.0,1.0,0.0,3.0
22200717,1610612764,WAS,Washington,1630176,Vernon Carey Jr.,Vernon,,DNP - Coach's Decision,,,,,,,,,,,,,,,,,,,,
22200717,1610612764,WAS,Washington,1629134,Kendrick Nunn,Kendrick,,DNP - Coach's Decision,,,,,,,,,,,,,,,,,,,,
22200717,1610612742,DAL,Dallas,203501,Tim Hardaway Jr.,Tim,F,,33:41,2.0,9.0,0.222,1.0,7.0,0.143,0.0,0.0,0.0,0.0,3.0,3.0,3.0,1.0,0.0,1.0,2.0,5.0,-6.0
22200717,1610612742,DAL,Dallas,1627827,Dorian Finney-Smith,Dorian,F,,30:59,4.0,7.0,0.571,2.0,4.0,0.5,2.0,2.0,1.0,1.0,4.0,5.0,2.0,1.0,0.0,0.0,4.0,12.0,-11.0
22200717,1610612742,DAL,Dallas,203939,Dwight Powell,Dwight,C,,33:47,8.0,12.0,0.667,0.0,0.0,0.0,6.0,7.0,0.857,4.0,5.0,9.0,1.0,1.0,1.0,2.0,4.0,22.0,0.0
22200717,1610612742,DAL,Dallas,203915,Spencer Dinwiddie,Spencer,G,,34:41,6.0,15.0,0.4,3.0,7.0,0.429,5.0,5.0,1.0,0.0,1.0,1.0,8.0,0.0,0.0,2.0,3.0,20.0,16.0
22200717,1610612742,DAL,Dallas,1629029,Luka Dončić,Luka,G,,37:46,16.0,29.0,0.552,0.0,4.0,0.0,9.0,12.0,0.75,0.0,15.0,15.0,6.0,1.0,0.0,3.0,3.0,41.0,-2.0
22200717,1610612742,DAL,Dallas,203493,Reggie Bullock Jr.,Reggie,,,24:20,1.0,5.0,0.2,1.0,4.0,0.25,0.0,0.0,0.0,1.0,0.0,1.0,3.0,0.0,1.0,0.0,2.0,3.0,-14.0
22200717,1610612742,DAL,Dallas,1630182,Josh Green,Josh,,,32:15,7.0,9.0,0.778,2.0,3.0,0.667,0.0,0.0,0.0,2.0,1.0,3.0,1.0,1.0,0.0,1.0,5.0,16.0,7.0
22200717,1610612742,DAL,Dallas,202722,Dāvis Bertāns,Dāvis,,,12:32,3.0,3.0,1.0,1.0,1.0,1.0,0.0,0.0,0.0,0.0,1.0,1.0,0.0,1.0,0.0,0.0,2.0,7.0,5.0
22200717,1610612742,DAL,Dallas,1630702,Jaden Hardy,Jaden,,DNP - Coach's Decision,,,,,,,,,,,,,,,,,,,,
22200717,1610612742,DAL,Dallas,1630639,A.J. Lawson,A.J.,,DNP - Coach's Decision,,,,,,,,,,,,,,,,,,,,
22200717,1610612742,DAL,Dallas,201580,JaVale McGee,JaVale,,DNP - Coach's Decision,,,,,,,,,,,,,,,,,,,,
22200717,1610612742,DAL,Dallas,1628373,Frank Ntilikina,Frank,,DNP - Coach's Decision,,,,,,,,,,,,,,,,,,,,
22200717,1610612742,DAL,Dallas,1629033,Theo Pinson,Theo,,DNP - Coach's Decision,,,,,,,,,,,,,,,,,,,,
22200717,1610612742,DAL,Dallas,1630593,McKinley Wright IV,McKinley,,DNP - Coach's Decision,,,,,,,,,,,,,,,,,,,,
22200718,1610612766,CHA,Charlotte,1629667,Jalen McDaniels,Jalen,F,,34:18,7.0,16.0,0.438,1.0,5.0,0.2,0.0,0.0,0.0,2.0,8.0,10.0,2.0,3.0,0.0,3.0,5.0,15.0,-20.0
22200718,1610612766,CHA,Charlotte,1629023,P.J. Washington,P.J.,F,,32:42,4.0,12.0,0.333,0.0,6.0,0.0,1.0,1.0,1.0,0.0,2.0,2.0,2.0,4.0,1.0,1.0,2.0,9.0,-26.0
22200718,1610612766,CHA,Charlotte,203486,Mason Plumlee,Mason,C,,25:08,6.0,10.0,0.6,0.0,0.0,0.0,5.0,6.0,0.833,2.0,4.0,6.0,4.0,0.0,0.0,2.0,2.0,17.0,-6.0
22200718,1610612766,CHA,Charlotte,1631121,Bryce McGowens,Bryce,G,,21:41,2.0,8.0,0.25,0.0,1.0,0.0,1.0,1.0,1.0,2.0,2.0,4.0,3.0,0.0,0.0,0.0,2.0,5.0,-6.0
22200718,1610612766,CHA,Charlotte,1626179,Terry Rozier,Terry,G,,36:20,7.0,21.0,0.333,4.0,9.0,0.444,1.0,2.0,0.5,0.0,4.0,4.0,5.0,1.0,1.0,0.0,0.0,19.0,-14.0
22200718,1610612766,CHA,Charlotte,1628372,Dennis Smith Jr.,Dennis,,,27:08,4.0,13.0,0.308,0.0,2.0,0.0,0.0,0.0,0.0,0.0,3.0,3.0,3.0,1.0,0.0,2.0,3.0,8.0,-26.0
22200718,1610612766,CHA,Charlotte,1630177,Theo Maledon,Theo,,,18:44,3.0,5.0,0.6,1.0,1.0,1.0,0.0,0.0,0.0,0.0,2.0,2.0,0.0,0.0,0.0,0.0,1.0,7.0,-20.0
22200718,1610612766,CHA,Charlotte,1630550,JT Thor,JT,,,9:29,2.0,2.0,1.0,0.0,0.0,0.0,1.0,1.0,1.0,0.0,1.0,1.0,0.0,1.0,0.0,0.0,2.0,5.0,2.0
22200718,1610612766,CHA,Charlotte,1630208,Nick Richards,Nick,,,17:03,1.0,2.0,0.5,0.0,0.0,0.0,2.0,4.0,0.5,2.0,1.0,3.0,0.0,0.0,3.0,3.0,2.0,4.0,-18.0
22200718,1610612766,CHA,Charlotte,1630547,James Bouknight,James,,,5:49,0.0,2.0,0.0,0.0,1.0,0.0,0.0,0.0,0.0,0.0,2.0,2.0,0.0,0.0,0.0,1.0,0.0,0.0,-7.0
22200718,1610612766,CHA,Charlotte,1631109,Mark Williams,Mark,,,5:49,2.0,4.0,0.5,0.0,0.0,0.0,2.0,2.0,1.0,1.0,1.0,2.0,0.0,0.0,0.0,1.0,2.0,6.0,-7.0
22200718,1610612766,CHA,Charlotte,1630539,Kai Jones,Kai,,,5:49,1.0,1.0,1.0,0.0,0.0,0.0,0.0,1.0,0.0,1.0,0.0,1.0,0.0,0.0,0.0,0.0,0.0,2.0,-7.0
22200718,1610612756,PHX,Phoenix,1629661,Cameron Johnson,Cameron,F,,17:42,9.0,11.0,0.818,6.0,7.0,0.857,0.0,0.0,0.0,1.0,2.0,3.0,3.0,0.0,0.0,0.0,2.0,24.0,2.0
22200718,1610612756,PHX,Phoenix,1628470,Torrey Craig,Torrey,F,,21:30,0.0,7.0,0.0,0.0,3.0,0.0,0.0,0.0,0.0,1.0,8.0,9.0,1.0,1.0,0.0,3.0,0.0,0.0,10.0
22200718,1610612756,PHX,Phoenix,202687,Bismack Biyombo,Bismack,C,,31:26,3.0,6.0,0.5,0.0,0.0,0.0,0.0,0.0,0.0,1.0,8.0,9.0,4.0,0.0,5.0,3.0,3.0,6.0,13.0
22200718,1610612756,PHX,Phoenix,1628969,Mikal Bridges,Mikal,G,,30:09,7.0,16.0,0.438,2.0,5.0,0.4,2.0,2.0,1.0,0.0,2.0,2.0,3.0,1.0,1.0,2.0,2.0,18.0,11.0
22200718,1610612756,PHX,Phoenix,101108,Chris Paul,Chris,G,,27:04,6.0,9.0,0.667,2.0,3.0,0.667,0.0,0.0,0.0,1.0,4.0,5.0,11.0,0.0,0.0,0.0,1.0,14.0,6.0
22200718,1610612756,PHX,Phoenix,1629006,Josh Okogie,Josh,,,24:10,2.0,6.0,0.333,2.0,4.0,0.5,3.0,4.0,0.75,2.0,5.0,7.0,2.0,0.0,2.0,1.0,1.0,9.0,25.0
22200718,1610612756,PHX,Phoenix,1629111,Jock Landale,Jock,,,14:32,6.0,13.0,0.462,3.0,7.0,0.429,0.0,0.0,0.0,3.0,0.0,3.0,3.0,0.0,0.0,4.0,5.0,15.0,15.0
22200718,1610612756,PHX,Phoenix,1630240,Saben Lee,Saben,,,20:56,1.0,6.0,0.167,0.0,0.0,0.0,0.0,0.0,0.0,1.0,3.0,4.0,6.0,0.0,1.0,1.0,0.0,2.0,25.0
22200718,1610612756,PHX,Phoenix,203967,Dario Šarić,Dario,,,24:25,6.0,9.0,0.667,3.0,4.0,0.75,4.0,4.0,1.0,4.0,4.0,8.0,3.0,0.0,1.0,3.0,4.0,19.0,20.0
22200718,1610612756,PHX,Phoenix,1627814,Damion Lee,Damion,,,16:28,3.0,6.0,0.5,2.0,3.0,0.667,3.0,3.0,1.0,0.0,2.0,2.0,0.0,0.0,0.0,0.0,0.0,11.0,14.0
22200718,1610612756,PHX,Phoenix,1630613,Duane Washington Jr.,Duane,,,5:49,3.0,4.0,0.75,2.0,3.0,0.667,0.0,0.0,0.0,1.0,2.0,3.0,2.0,0.0,0.0,0.0,1.0,8.0,7.0
22200718,1610612756,PHX,Phoenix,1630688,Ish Wainright,Ish,,,5:49,1.0,1.0,1.0,0.0,0.0,0.0,0.0,0.0,0.0,0.0,0.0,0.0,0.0,1.0,0.0,0.0,2.0,2.0,7.0
22200718,1610612756,PHX,Phoenix,1629028,Deandre Ayton,Deandre,,DND - Injury/Illness,,,,,,,,,,,,,,,,,,,,
22200719,1610612746,LAC,LA,202695,Kawhi Leonard,Kawhi,F,,35:19,11.0,16.0,0.688,0.0,4.0,0.0,3.0,4.0,0.75,2.0,7.0,9.0,3.0,2.0,2.0,1.0,3.0,25.0,16.0
22200719,1610612746,LAC,LA,202694,Marcus Morris Sr.,Marcus,F,,9:32,2.0,4.0,0.5,1.0,2.0,0.5,0.0,0.0,0.0,0.0,1.0,1.0,0.0,0.0,0.0,0.0,1.0,5.0,7.0
22200719,1610612746,LAC,LA,1627826,Ivica Zubac,Ivica,C,,34:27,3.0,4.0,0.75,0.0,0.0,0.0,0.0,0.0,0.0,2.0,6.0,8.0,0.0,0.0,1.0,1.0,3.0,6.0,7.0
22200719,1610612746,LAC,LA,202331,Paul George,Paul,G,,36:14,11.0,20.0,0.55,3.0,9.0,0.333,2.0,2.0,1.0,1.0,8.0,9.0,4.0,0.0,1.0,4.0,3.0,27.0,6.0
22200719,1610612746,LAC,LA,1629611,Terance Mann,Terance,G,,25:31,5.0,10.0,0.5,4.0,7.0,0.571,3.0,4.0,0.75,0.0,3.0,3.0,2.0,2.0,0.0,0.0,0.0,17.0,7.0
22200719,1610612746,LAC,LA,201587,Nicolas Batum,Nicolas,,,23:42,1.0,2.0,0.5,1.0,2.0,0.5,1.0,2.0,0.5,1.0,5.0,6.0,6.0,0.0,1.0,2.0,2.0,4.0,4.0
22200719,1610612746,LAC,LA,1626181,Norman Powell,Norman,,,25:23,8.0,12.0,0.667,4.0,5.0,0.8,2.0,2.0,1.0,1.0,3.0,4.0,4.0,0.0,0.0,2.0,3.0,22.0,13.0
22200719,1610612746,LAC,LA,203496,Robert Covington,Robert,,,19:08,3.0,3.0,1.0,2.0,2.0,1.0,0.0,0.0,0.0,0.0,4.0,4.0,1.0,0.0,4.0,0.0,3.0,8.0,14.0
22200719,1610612746,LAC,LA,202704,Reggie Jackson,Reggie,,,25:46,7.0,13.0,0.538,4.0,7.0,0.571,1.0,1.0,1.0,0.0,3.0,3.0,5.0,0.0,0.0,2.0,2.0,19.0,11.0
22200719,1610612746,LAC,LA,1629599,Amir Coffey,Amir,,,2:55,0.0,0.0,0.0,0.0,0.0,0.0,0.0,0.0,0.0,0.0,0.0,0.0,0.0,0.0,0.0,0.0,0.0,0.0,3.0
22200719,1610612746,LAC,LA,1631217,Moussa Diabaté,Moussa,,,2:03,0.0,0.0,0.0,0.0,0.0,0.0,0.0,0.0,0.0,0.0,0.0,0.0,0.0,0.0,0.0,0.0,0.0,0.0,2.0
22200719,1610612747,LAL,Los Angeles,1628972,Troy Brown Jr.,Troy,F,,27:53,3.0,7.0,0.429,1.0,5.0,0.2,0.0,0.0,0.0,0.0,1.0,1.0,3.0,0.0,1.0,0.0,2.0,7.0,-13.0
22200719,1610612747,LAL,Los Angeles,2544,LeBron James,LeBron,F,,32:36,16.0,29.0,0.552,9.0,14.0,0.643,5.0,5.0,1.0,1.0,7.0,8.0,7.0,2.0,1.0,0.0,0.0,46.0,-14.0
22200719,1610612747,LAL,Los Angeles,1628418,Thomas Bryant,Thomas,C,,28:47,6.0,11.0,0.545,2.0,3.0,0.667,1.0,1.0,1.0,0.0,7.0,7.0,0.0,0.0,0.0,2.0,1.0,15.0,-6.0
22200719,1610612747,LAL,Los Angeles,201976,Patrick Beverley,Patrick,G,,35:12,1.0,8.0,0.125,1.0,6.0,0.167,0.0,0.0,0.0,2.0,0.0,2.0,4.0,1.0,0.0,1.0,2.0,3.0,-15.0
22200719,1610612747,LAL,Los Angeles,203471,Dennis Schröder,Dennis,G,,32:15,3.0,9.0,0.333,1.0,3.0,0.333,0.0,0.0,0.0,0.0,2.0,2.0,0.0,2.0,1.0,1.0,2.0,7.0,-11.0
22200719,1610612747,LAL,Los Angeles,201566,Russell Westbrook,Russell,,,24:43,4.0,13.0,0.308,1.0,4.0,0.25,8.0,13.0,0.615,1.0,0.0,1.0,5.0,2.0,0.0,2.0,1.0,17.0,-11.0
22200719,1610612747,LAL,Los Angeles,1631108,Max Christie,Max,,,17:27,2.0,3.0,0.667,1.0,2.0,0.5,0.0,0.0,0.0,0.0,2.0,2.0,0.0,1.0,0.0,0.0,0.0,5.0,-4.0
22200719,1610612747,LAL,Los Angeles,1629117,Wenyen Gabriel,Wenyen,,,14:06,4.0,6.0,0.667,0.0,0.0,0.0,0.0,3.0,0.0,4.0,2.0,6.0,0.0,0.0,0.0,0.0,2.0,8.0,-12.0
22200719,1610612747,LAL,Los Angeles,1629308,Juan Toscano-Anderson,Juan,,,11:40,2.0,5.0,0.4,0.0,2.0,0.0,0.0,0.0,0.0,0.0,1.0,1.0,1.0,0.0,0.0,0.0,2.0,4.0,-4.0
22200719,1610612747,LAL,Los Angeles,1630590,Scotty Pippen Jr.,Scotty,,,5:07,1.0,2.0,0.5,0.0,0.0,0.0,1.0,2.0,0.5,0.0,0.0,0.0,1.0,0.0,0.0,0.0,0.0,3.0,0.0
22200719,1610612747,LAL,Los Angeles,1631306,Cole Swider,Cole,,,5:07,0.0,1.0,0.0,0.0,1.0,0.0,0.0,0.0,0.0,1.0,0.0,1.0,0.0,0.0,0.0,0.0,0.0,0.0,0.0
22200719,1610612747,LAL,Los Angeles,1627745,Damian Jones,Damian,,,5:07,0.0,1.0,0.0,0.0,0.0,0.0,0.0,0.0,0.0,0.0,1.0,1.0,0.0,0.0,1.0,0.0,1.0,0.0,0.0
22200714,1610612738,BOS,Boston,1628369,Jayson Tatum,Jayson,F,,39:40,9.0,18.0,0.5,2.0,5.0,0.4,11.0,14.0,0.786,0.0,14.0,14.0,7.0,0.0,0.0,7.0,4.0,31.0,-3.0
22200714,1610612738,BOS,Boston,1629684,Grant Williams,Grant,F,,36:10,3.0,6.0,0.5,3.0,3.0,1.0,1.0,2.0,0.5,1.0,3.0,4.0,1.0,0.0,0.0,4.0,3.0,10.0,3.0
22200714,1610612738,BOS,Boston,1629057,Robert Williams III,Robert,C,,31:25,5.0,6.0,0.833,0.0,0.0,0.0,1.0,1.0,1.0,2.0,6.0,8.0,0.0,0.0,2.0,3.0,3.0,11.0,1.0
22200714,1610612738,BOS,Boston,1630202,Payton Pritchard,Payton,G,,42:28,4.0,14.0,0.286,2.0,9.0,0.222,0.0,0.0,0.0,1.0,6.0,7.0,4.0,1.0,0.0,2.0,3.0,10.0,1.0
22200714,1610612738,BOS,Boston,1628401,Derrick White,Derrick,G,,33:44,7.0,17.0,0.412,2.0,7.0,0.286,7.0,8.0,0.875,1.0,2.0,3.0,6.0,2.0,1.0,1.0,4.0,23.0,-7.0
22200714,1610612738,BOS,Boston,201933,Blake Griffin,Blake,,,4:04,0.0,0.0,0.0,0.0,0.0,0.0,0.0,0.0,0.0,0.0,0.0,0.0,1.0,0.0,0.0,0.0,1.0,0.0,-3.0
22200714,1610612738,BOS,Boston,1630573,Sam Hauser,Sam,,,25:48,0.0,6.0,0.0,0.0,5.0,0.0,0.0,0.0,0.0,0.0,3.0,3.0,2.0,1.0,2.0,0.0,2.0,0.0,-1.0
22200714,1610612738,BOS,Boston,1628382,Justin Jackson,Justin,,,14:11,1.0,3.0,0.333,1.0,3.0,0.333,0.0,0.0,0.0,0.0,5.0,5.0,0.0,0.0,0.0,0.0,1.0,3.0,-5.0
22200714,1610612738,BOS,Boston,1628436,Luke Kornet,Luke,,,12:31,3.0,4.0,0.75,0.0,0.0,0.0,1.0,2.0,0.5,0.0,0.0,0.0,0.0,1.0,1.0,0.0,1.0,7.0,-1.0
22200714,1610612738,BOS,Boston,1631120,JD Davison,JD,,DNP - Coach's Decision,,,,,,,,,,,,,,,,,,,,
22200714,1610612738,BOS,Boston,1629662,Mfiondu Kabengele,Mfiondu,,DNP - Coach's Decision,,,,,,,,,,,,,,,,,,,,
22200714,1610612748,MIA,Miami,1629622,Max Strus,Max,F,,36:53,4.0,10.0,0.4,3.0,6.0,0.5,2.0,2.0,1.0,2.0,5.0,7.0,1.0,2.0,0.0,0.0,2.0,13.0,4.0
22200714,1610612748,MIA,Miami,1628997,Caleb Martin,Caleb,F,,11:05,1.0,5.0,0.2,1.0,2.0,0.5,2.0,2.0,1.0,0.0,0.0,0.0,0.0,0.0,0.0,1.0,5.0,5.0,-7.0
22200714,1610612748,MIA,Miami,1628389,Bam Adebayo,Bam,C,,37:20,12.0,22.0,0.545,0.0,0.0,0.0,6.0,8.0,0.75,4.0,11.0,15.0,1.0,2.0,1.0,3.0,2.0,30.0,3.0
22200714,1610612748,MIA,Miami,1629639,Tyler Herro,Tyler,G,,36:20,4.0,19.0,0.211,1.0,7.0,0.143,0.0,0.0,0.0,0.0,2.0,2.0,6.0,2.0,0.0,0.0,1.0,9.0,11.0
22200714,1610612748,MIA,Miami,200768,Kyle Lowry,Kyle,G,,29:22,1.0,7.0,0.143,0.0,4.0,0.0,0.0,0.0,0.0,2.0,3.0,5.0,8.0,0.0,0.0,2.0,2.0,2.0,-10.0
22200714,1610612748,MIA,Miami,203506,Victor Oladipo,Victor,,,22:47,5.0,16.0,0.313,2.0,8.0,0.25,0.0,1.0,0.0,2.0,4.0,6.0,1.0,0.0,0.0,1.0,2.0,12.0,-14.0
22200714,1610612748,MIA,Miami,1629216,Gabe Vincent,Gabe,,,25:05,1.0,7.0,0.143,1.0,2.0,0.5,4.0,4.0,1.0,0.0,1.0,1.0,3.0,0.0,0.0,0.0,0.0,7.0,16.0
22200714,1610612748,MIA,Miami,1631115,Orlando Robinson,Orlando,,,10:40,1.0,1.0,1.0,0.0,0.0,0.0,3.0,4.0,0.75,1.0,4.0,5.0,0.0,0.0,1.0,0.0,1.0,5.0,0.0
22200714,1610612748,MIA,Miami,1629312,Haywood Highsmith,Haywood,,,30:26,5.0,7.0,0.714,4.0,4.0,1.0,1.0,2.0,0.5,3.0,7.0,10.0,1.0,1.0,0.0,0.0,3.0,15.0,12.0
22200714,1610612748,MIA,Miami,1631288,Jamal Cain,Jamal,,DNP - Coach's Decision,,,,,,,,,,,,,,,,,,,,
22200714,1610612748,MIA,Miami,203473,Dewayne Dedmon,Dewayne,,DNP - Coach's Decision,,,,,,,,,,,,,,,,,,,,
22200714,1610612748,MIA,Miami,2617,Udonis Haslem,Udonis,,DNP - Coach's Decision,,,,,,,,,,,,,,,,,,,,
22200716,1610612743,DEN,Denver,1628971,Bruce Brown,Bruce,F,,33:53,4.0,10.0,0.4,3.0,7.0,0.429,0.0,0.0,0.0,0.0,2.0,2.0,0.0,1.0,2.0,0.0,2.0,11.0,-10.0
22200716,1610612743,DEN,Denver,203932,Aaron Gordon,Aaron,F,,23:39,4.0,7.0,0.571,1.0,1.0,1.0,2.0,4.0,0.5,0.0,4.0,4.0,3.0,0.0,1.0,3.0,4.0,11.0,0.0
22200716,1610612743,DEN,Denver,203999,Nikola Jokić,Nikola,C,,36:05,11.0,15.0,0.733,2.0,4.0,0.5,1.0,2.0,0.5,2.0,9.0,11.0,10.0,1.0,0.0,3.0,2.0,25.0,-6.0
22200716,1610612743,DEN,Denver,203484,Kentavious Caldwell-Pope,Kentavious,G,,30:38,3.0,9.0,0.333,1.0,4.0,0.25,0.0,0.0,0.0,1.0,1.0,2.0,4.0,2.0,1.0,2.0,4.0,7.0,-10.0
22200716,1610612743,DEN,Denver,1627750,Jamal Murray,Jamal,G,,40:13,11.0,21.0,0.524,3.0,8.0,0.375,0.0,0.0,0.0,0.0,1.0,1.0,7.0,3.0,0.0,2.0,0.0,25.0,6.0
22200716,1610612743,DEN,Denver,1630192,Zeke Nnaji,Zeke,,,24:13,1.0,5.0,0.2,0.0,3.0,0.0,2.0,2.0,1.0,3.0,4.0,7.0,0.0,0.0,1.0,0.0,2.0,4.0,3.0
22200716,1610612743,DEN,Denver,1631128,Christian Braun,Christian,,,20:06,3.0,5.0,0.6,0.0,2.0,0.0,1.0,1.0,1.0,1.0,1.0,2.0,1.0,0.0,0.0,0.0,1.0,7.0,4.0
22200716,1610612743,DEN,Denver,1628427,Vlatko Čančar,Vlatko,,,14:07,1.0,5.0,0.2,0.0,3.0,0.0,0.0,0.0,0.0,0.0,3.0,3.0,1.0,0.0,0.0,0.0,3.0,2.0,11.0
22200716,1610612743,DEN,Denver,201145,Jeff Green,Jeff,,,17:07,1.0,3.0,0.333,1.0,1.0,1.0,4.0,4.0,1.0,0.0,2.0,2.0,1.0,1.0,0.0,2.0,2.0,7.0,7.0
22200716,1610612743,DEN,Denver,201599,DeAndre Jordan,DeAndre,,DNP - Coach's Decision,,,,,,,,,,,,,,,,,,,,
22200716,1610612743,DEN,Denver,1628432,Davon Reed,Davon,,DNP - Coach's Decision,,,,,,,,,,,,,,,,,,,,
22200716,1610612743,DEN,Denver,202397,Ish Smith,Ish,,DNP - Coach's Decision,,,,,,,,,,,,,,,,,,,,
22200716,1610612743,DEN,Denver,1631212,Peyton Watson,Peyton,,DNP - Coach's Decision,,,,,,,,,,,,,,,,,,,,
22200716,1610612740,NOP,New Orleans,1630530,Trey Murphy III,Trey,F,,33:02,3.0,10.0,0.3,3.0,5.0,0.6,1.0,1.0,1.0,0.0,6.0,6.0,1.0,1.0,0.0,0.0,1.0,10.0,-4.0
22200716,1610612740,NOP,New Orleans,1629637,Jaxson Hayes,Jaxson,F,,23:29,0.0,3.0,0.0,0.0,2.0,0.0,4.0,4.0,1.0,3.0,1.0,4.0,3.0,0.0,0.0,0.0,0.0,4.0,-10.0
22200716,1610612740,NOP,New Orleans,202685,Jonas Valančiūnas,Jonas,C,,18:02,5.0,9.0,0.556,1.0,1.0,1.0,3.0,5.0,0.6,3.0,6.0,9.0,0.0,0.0,1.0,2.0,4.0,14.0,-2.0
22200716,1610612740,NOP,New Orleans,1630529,Herbert Jones,Herbert,G,,23:38,3.0,8.0,0.375,0.0,2.0,0.0,0.0,0.0,0.0,5.0,1.0,6.0,1.0,3.0,1.0,4.0,4.0,6.0,7.0
22200716,1610612740,NOP,New Orleans,203468,CJ McCollum,CJ,G,,35:58,9.0,22.0,0.409,0.0,8.0,0.0,2.0,2.0,1.0,0.0,4.0,4.0,4.0,0.0,0.0,6.0,0.0,20.0,6.0
22200716,1610612740,NOP,New Orleans,1626195,Willy Hernangomez,Willy,,,23:08,5.0,7.0,0.714,0.0,0.0,0.0,2.0,2.0,1.0,0.0,6.0,6.0,2.0,1.0,0.0,1.0,2.0,12.0,13.0
22200716,1610612740,NOP,New Orleans,1628984,Devonte' Graham,Devonte',,,18:49,0.0,3.0,0.0,0.0,3.0,0.0,1.0,2.0,0.5,0.0,0.0,0.0,2.0,0.0,0.0,1.0,0.0,1.0,4.0
22200716,1610612740,NOP,New Orleans,1630700,Dyson Daniels,Dyson,,,7:32,1.0,2.0,0.5,0.0,0.0,0.0,0.0,0.0,0.0,0.0,1.0,1.0,0.0,0.0,0.0,0.0,0.0,2.0,-14.0
22200716,1610612740,NOP,New Orleans,1630631,Jose Alvarado,Jose,,,27:13,8.0,12.0,0.667,1.0,4.0,0.25,0.0,0.0,0.0,1.0,0.0,1.0,3.0,0.0,0.0,0.0,0.0,17.0,-5.0
22200716,1610612740,NOP,New Orleans,1626204,Larry Nance Jr.,Larry,,,22:29,3.0,6.0,0.5,0.0,0.0,0.0,4.0,4.0,1.0,2.0,4.0,6.0,0.0,0.0,1.0,0.0,1.0,10.0,-6.0
22200716,1610612740,NOP,New Orleans,202066,Garrett Temple,Garrett,,,6:41,1.0,3.0,0.333,0.0,1.0,0.0,0.0,0.0,0.0,0.0,0.0,0.0,2.0,0.0,0.0,0.0,2.0,2.0,6.0
22200706,1610612749,MIL,Milwaukee,1626192,Pat Connaughton,Pat,F,,25:39,2.0,3.0,0.667,2.0,3.0,0.667,0.0,0.0,0.0,1.0,1.0,2.0,1.0,0.0,0.0,0.0,1.0,6.0,39.0
22200706,1610612749,MIL,Milwaukee,203507,Giannis Antetokounmpo,Giannis,F,,26:32,8.0,15.0,0.533,2.0,4.0,0.5,11.0,17.0,0.647,1.0,11.0,12.0,4.0,0.0,0.0,4.0,1.0,29.0,26.0
22200706,1610612749,MIL,Milwaukee,201572,Brook Lopez,Brook,C,,24:02,8.0,12.0,0.667,2.0,6.0,0.333,3.0,4.0,0.75,1.0,3.0,4.0,1.0,0.0,2.0,0.0,1.0,21.0,15.0
22200706,1610612749,MIL,Milwaukee,1628960,Grayson Allen,Grayson,G,,23:29,3.0,6.0,0.5,1.0,4.0,0.25,2.0,2.0,1.0,1.0,2.0,3.0,5.0,3.0,1.0,1.0,1.0,9.0,26.0
22200706,1610612749,MIL,Milwaukee,201950,Jrue Holiday,Jrue,G,,29:40,7.0,12.0,0.583,1.0,5.0,0.2,1.0,1.0,1.0,0.0,4.0,4.0,7.0,2.0,0.0,0.0,3.0,16.0,24.0
22200706,1610612749,MIL,Milwaukee,1626171,Bobby Portis,Bobby,,,23:05,8.0,12.0,0.667,2.0,3.0,0.667,0.0,0.0,0.0,3.0,7.0,10.0,3.0,1.0,0.0,0.0,2.0,18.0,16.0
22200706,1610612749,MIL,Milwaukee,204060,Joe Ingles,Joe,,,18:59,2.0,4.0,0.5,2.0,4.0,0.5,0.0,0.0,0.0,1.0,2.0,3.0,3.0,2.0,1.0,0.0,2.0,6.0,0.0
22200706,1610612749,MIL,Milwaukee,203114,Khris Middleton,Khris,,,15:18,3.0,7.0,0.429,2.0,4.0,0.5,0.0,0.0,0.0,2.0,0.0,2.0,4.0,0.0,0.0,6.0,3.0,8.0,-1.0
22200706,1610612749,MIL,Milwaukee,1629670,Jordan Nwora,Jordan,,,13:33,2.0,6.0,0.333,0.0,4.0,0.0,0.0,0.0,0.0,2.0,2.0,4.0,4.0,0.0,1.0,1.0,3.0,4.0,-3.0
22200706,1610612749,MIL,Milwaukee,1628975,Jevon Carter,Jevon,,,15:43,6.0,8.0,0.75,6.0,8.0,0.75,0.0,0.0,0.0,0.0,3.0,3.0,3.0,3.0,1.0,2.0,4.0,18.0,2.0
22200706,1610612749,MIL,Milwaukee,1630699,MarJon Beauchamp,MarJon,,,7:33,3.0,6.0,0.5,1.0,2.0,0.5,0.0,0.0,0.0,0.0,0.0,0.0,1.0,0.0,0.0,1.0,1.0,7.0,-11.0
22200706,1610612749,MIL,Milwaukee,202083,Wesley Matthews,Wesley,,,6:53,2.0,2.0,1.0,2.0,2.0,1.0,0.0,0.0,0.0,0.0,0.0,0.0,1.0,0.0,0.0,1.0,2.0,6.0,-9.0
22200706,1610612749,MIL,Milwaukee,1631260,AJ Green,AJ,,,5:02,0.0,3.0,0.0,0.0,3.0,0.0,0.0,0.0,0.0,0.0,1.0,1.0,0.0,0.0,0.0,2.0,1.0,0.0,-13.0
22200706,1610612749,MIL,Milwaukee,203648,Thanasis Antetokounmpo,Thanasis,,,4:32,1.0,2.0,0.5,0.0,0.0,0.0,0.0,0.0,0.0,1.0,1.0,2.0,1.0,0.0,0.0,0.0,2.0,2.0,-11.0
22200706,1610612749,MIL,Milwaukee,201588,George Hill,George,,DNP - Coach's Decision,,,,,,,,,,,,,,,,,,,,
22200706,1610612765,DET,Detroit,1630180,Saddiq Bey,Saddiq,F,,28:31,6.0,14.0,0.429,2.0,6.0,0.333,7.0,9.0,0.778,1.0,2.0,3.0,2.0,1.0,0.0,1.0,3.0,21.0,-11.0
22200706,1610612765,DET,Detroit,202711,Bojan Bogdanović,Bojan,F,,27:34,11.0,15.0,0.733,6.0,7.0,0.857,5.0,5.0,1.0,0.0,3.0,3.0,0.0,1.0,0.0,2.0,2.0,33.0,-23.0
22200706,1610612765,DET,Detroit,1631105,Jalen Duren,Jalen,C,,31:00,9.0,13.0,0.692,0.0,0.0,0.0,5.0,5.0,1.0,4.0,11.0,15.0,1.0,2.0,2.0,1.0,2.0,23.0,-16.0
22200706,1610612765,DET,Detroit,1630587,Isaiah Livers,Isaiah,G,,21:38,2.0,5.0,0.4,2.0,4.0,0.5,3.0,3.0,1.0,0.0,1.0,1.0,1.0,1.0,0.0,0.0,2.0,9.0,-4.0
22200706,1610612765,DET,Detroit,1631093,Jaden Ivey,Jaden,G,,29:33,4.0,10.0,0.4,1.0,4.0,0.25,3.0,6.0,0.5,2.0,2.0,4.0,11.0,2.0,0.0,4.0,3.0,12.0,-9.0
22200706,1610612765,DET,Detroit,1628977,Hamidou Diallo,Hamidou,,,20:40,4.0,7.0,0.571,0.0,0.0,0.0,3.0,5.0,0.6,1.0,2.0,3.0,1.0,1.0,0.0,3.0,1.0,11.0,-20.0
22200706,1610612765,DET,Detroit,202692,Alec Burks,Alec,,,18:30,1.0,7.0,0.143,0.0,3.0,0.0,2.0,3.0,0.667,0.0,1.0,1.0,1.0,1.0,0.0,3.0,3.0,4.0,-7.0
22200706,1610612765,DET,Detroit,202709,Cory Joseph,Cory,,,18:27,2.0,7.0,0.286,1.0,4.0,0.25,0.0,0.0,0.0,1.0,2.0,3.0,7.0,0.0,1.0,2.0,1.0,5.0,-11.0
22200706,1610612765,DET,Detroit,1628995,Kevin Knox II,Kevin,,,19:23,2.0,4.0,0.5,1.0,2.0,0.5,0.0,0.0,0.0,2.0,3.0,5.0,0.0,1.0,0.0,2.0,2.0,5.0,2.0
22200706,1610612765,DET,Detroit,203585,Rodney McGruder,Rodney,,,18:38,2.0,4.0,0.5,0.0,2.0,0.0,0.0,0.0,0.0,0.0,1.0,1.0,2.0,0.0,0.0,0.0,0.0,4.0,-2.0
22200706,1610612765,DET,Detroit,203457,Nerlens Noel,Nerlens,,,6:06,0.0,1.0,0.0,0.0,0.0,0.0,3.0,4.0,0.75,0.0,2.0,2.0,0.0,0.0,0.0,2.0,2.0,3.0,1.0
22200706,1610612765,DET,Detroit,1630165,Killian Hayes,Killian,,DNP - Injury/Illness,,,,,,,,,,,,,,,,,,,,
22200710,1610612766,CHA,Charlotte,1629667,Jalen McDaniels,Jalen,F,,28:06,4.0,9.0,0.444,0.0,2.0,0.0,1.0,2.0,0.5,1.0,8.0,9.0,3.0,1.0,1.0,3.0,4.0,9.0,-2.0
22200710,1610612766,CHA,Charlotte,1629023,P.J. Washington,P.J.,F,,26:52,1.0,7.0,0.143,0.0,2.0,0.0,1.0,2.0,0.5,0.0,3.0,3.0,1.0,1.0,0.0,3.0,5.0,3.0,-18.0
22200710,1610612766,CHA,Charlotte,203486,Mason Plumlee,Mason,C,,26:12,5.0,6.0,0.833,0.0,0.0,0.0,8.0,11.0,0.727,4.0,4.0,8.0,5.0,0.0,1.0,2.0,0.0,18.0,-6.0
22200710,1610612766,CHA,Charlotte,202330,Gordon Hayward,Gordon,G,,23:57,4.0,7.0,0.571,0.0,0.0,0.0,3.0,4.0,0.75,0.0,2.0,2.0,1.0,1.0,0.0,4.0,1.0,11.0,-22.0
22200710,1610612766,CHA,Charlotte,1626179,Terry Rozier,Terry,G,,35:13,9.0,23.0,0.391,2.0,8.0,0.25,3.0,5.0,0.6,1.0,4.0,5.0,2.0,1.0,0.0,1.0,3.0,23.0,-12.0
22200710,1610612766,CHA,Charlotte,1631121,Bryce McGowens,Bryce,,,27:33,0.0,7.0,0.0,0.0,2.0,0.0,2.0,2.0,1.0,1.0,3.0,4.0,1.0,0.0,0.0,0.0,3.0,2.0,-3.0
22200710,1610612766,CHA,Charlotte,1628372,Dennis Smith Jr.,Dennis,,,28:58,6.0,11.0,0.545,0.0,1.0,0.0,3.0,4.0,0.75,0.0,3.0,3.0,9.0,0.0,0.0,0.0,3.0,15.0,-15.0
22200710,1610612766,CHA,Charlotte,1630550,JT Thor,JT,,,17:04,0.0,3.0,0.0,0.0,1.0,0.0,2.0,2.0,1.0,1.0,3.0,4.0,0.0,1.0,0.0,0.0,1.0,2.0,-7.0
22200710,1610612766,CHA,Charlotte,1631109,Mark Williams,Mark,,,17:31,5.0,7.0,0.714,0.0,0.0,0.0,1.0,2.0,0.5,3.0,0.0,3.0,0.0,2.0,3.0,1.0,3.0,11.0,-19.0
22200710,1610612766,CHA,Charlotte,1630208,Nick Richards,Nick,,,4:17,2.0,3.0,0.667,0.0,0.0,0.0,0.0,0.0,0.0,0.0,0.0,0.0,0.0,1.0,2.0,0.0,0.0,4.0,7.0
22200710,1610612766,CHA,Charlotte,1630539,Kai Jones,Kai,,,4:17,2.0,2.0,1.0,0.0,0.0,0.0,0.0,0.0,0.0,0.0,1.0,1.0,0.0,0.0,0.0,0.0,0.0,4.0,7.0
22200710,1610612766,CHA,Charlotte,1630547,James Bouknight,James,,DNP - Coach's Decision,,,,,,,,,,,,,,,,,,,,
22200710,1610612762,UTA,Utah,1627736,Malik Beasley,Malik,F,,19:50,3.0,6.0,0.5,3.0,6.0,0.5,0.0,0.0,0.0,0.0,2.0,2.0,2.0,2.0,0.0,2.0,1.0,9.0,4.0
22200710,1610612762,UTA,Utah,1628374,Lauri Markkanen,Lauri,F,,32:23,8.0,14.0,0.571,4.0,8.0,0.5,5.0,6.0,0.833,0.0,11.0,11.0,2.0,1.0,1.0,2.0,3.0,25.0,23.0
22200710,1610612762,UTA,Utah,1631117,Walker Kessler,Walker,C,,22:28,5.0,6.0,0.833,0.0,0.0,0.0,3.0,4.0,0.75,4.0,5.0,9.0,0.0,0.0,0.0,2.0,5.0,13.0,15.0
22200710,1610612762,UTA,Utah,203903,Jordan Clarkson,Jordan,G,,28:52,8.0,16.0,0.5,2.0,7.0,0.286,0.0,0.0,0.0,0.0,0.0,0.0,2.0,0.0,0.0,3.0,2.0,18.0,4.0
22200710,1610612762,UTA,Utah,201144,Mike Conley,Mike,G,,27:17,5.0,12.0,0.417,4.0,8.0,0.5,0.0,0.0,0.0,0.0,3.0,3.0,3.0,1.0,1.0,0.0,2.0,14.0,19.0
22200710,1610612762,UTA,Utah,1629020,Jarred Vanderbilt,Jarred,,,21:15,0.0,3.0,0.0,0.0,1.0,0.0,4.0,4.0,1.0,1.0,5.0,6.0,4.0,2.0,0.0,0.0,2.0,4.0,10.0
22200710,1610612762,UTA,Utah,1629012,Collin Sexton,Collin,,,20:14,3.0,8.0,0.375,0.0,1.0,0.0,5.0,5.0,1.0,2.0,0.0,2.0,3.0,0.0,0.0,2.0,2.0,11.0,5.0
22200710,1610612762,UTA,Utah,200752,Rudy Gay,Rudy,,,9:36,1.0,3.0,0.333,0.0,1.0,0.0,2.0,2.0,1.0,1.0,4.0,5.0,0.0,0.0,0.0,1.0,2.0,4.0,1.0
22200710,1610612762,UTA,Utah,1630534,Ochai Agbaji,Ochai,,,20:10,3.0,7.0,0.429,2.0,5.0,0.4,0.0,0.0,0.0,0.0,4.0,4.0,2.0,1.0,0.0,1.0,3.0,8.0,18.0
22200710,1610612762,UTA,Utah,1629659,Talen Horton-Tucker,Talen,,,22:10,3.0,6.0,0.5,0.0,1.0,0.0,1.0,3.0,0.333,0.0,2.0,2.0,6.0,1.0,0.0,0.0,1.0,7.0,19.0
22200710,1610612762,UTA,Utah,1629638,Nickeil Alexander-Walker,Nickeil,,,4:17,1.0,1.0,1.0,0.0,0.0,0.0,2.0,2.0,1.0,0.0,0.0,0.0,1.0,0.0,1.0,0.0,0.0,4.0,-7.0
22200710,1610612762,UTA,Utah,1628962,Udoka Azubuike,Udoka,,,4:17,0.0,1.0,0.0,0.0,0.0,0.0,0.0,0.0,0.0,0.0,0.0,0.0,0.0,0.0,1.0,1.0,2.0,0.0,-7.0
22200710,1610612762,UTA,Utah,1631323,Simone Fontecchio,Simone,,,4:17,1.0,1.0,1.0,1.0,1.0,1.0,0.0,0.0,0.0,1.0,1.0,2.0,0.0,0.0,0.0,2.0,1.0,3.0,-7.0
22200710,1610612762,UTA,Utah,1630195,Leandro Bolmaro,Leandro,,,2:54,0.0,2.0,0.0,0.0,1.0,0.0,0.0,0.0,0.0,0.0,0.0,0.0,0.0,0.0,0.0,0.0,0.0,0.0,-7.0
22200707,1610612738,BOS,Boston,1628369,Jayson Tatum,Jayson,F,,37:38,9.0,19.0,0.474,4.0,10.0,0.4,4.0,6.0,0.667,0.0,6.0,6.0,7.0,1.0,0.0,3.0,2.0,26.0,6.0
22200707,1610612738,BOS,Boston,201143,Al Horford,Al,F,,30:08,2.0,8.0,0.25,2.0,7.0,0.286,0.0,0.0,0.0,1.0,3.0,4.0,3.0,1.0,0.0,1.0,4.0,6.0,-9.0
22200707,1610612738,BOS,Boston,201933,Blake Griffin,Blake,C,,11:30,1.0,2.0,0.5,1.0,2.0,0.5,0.0,0.0,0.0,1.0,2.0,3.0,0.0,1.0,0.0,0.0,0.0,3.0,-4.0
22200707,1610612738,BOS,Boston,1627759,Jaylen Brown,Jaylen,G,,36:57,10.0,22.0,0.455,5.0,11.0,0.455,1.0,2.0,0.5,2.0,3.0,5.0,3.0,1.0,0.0,5.0,1.0,26.0,-20.0
22200707,1610612738,BOS,Boston,1628401,Derrick White,Derrick,G,,26:32,4.0,8.0,0.5,2.0,4.0,0.5,1.0,1.0,1.0,0.0,4.0,4.0,4.0,1.0,2.0,3.0,2.0,11.0,-19.0
22200707,1610612738,BOS,Boston,1629684,Grant Williams,Grant,,,24:27,1.0,3.0,0.333,0.0,0.0,0.0,2.0,2.0,1.0,0.0,4.0,4.0,2.0,0.0,1.0,3.0,5.0,4.0,-2.0
22200707,1610612738,BOS,Boston,1628436,Luke Kornet,Luke,,,14:37,2.0,6.0,0.333,0.0,2.0,0.0,0.0,0.0,0.0,4.0,1.0,5.0,0.0,0.0,0.0,1.0,2.0,4.0,-13.0
22200707,1610612738,BOS,Boston,1630573,Sam Hauser,Sam,,,18:52,5.0,9.0,0.556,3.0,6.0,0.5,0.0,0.0,0.0,0.0,2.0,2.0,1.0,0.0,1.0,0.0,3.0,13.0,-8.0
22200707,1610612738,BOS,Boston,1630202,Payton Pritchard,Payton,,,30:47,2.0,6.0,0.333,1.0,4.0,0.25,0.0,0.0,0.0,0.0,3.0,3.0,4.0,0.0,0.0,1.0,2.0,5.0,0.0
22200707,1610612738,BOS,Boston,1629662,Mfiondu Kabengele,Mfiondu,,,5:42,0.0,0.0,0.0,0.0,0.0,0.0,0.0,0.0,0.0,0.0,1.0,1.0,0.0,0.0,0.0,1.0,2.0,0.0,0.0
22200707,1610612738,BOS,Boston,1631120,JD Davison,JD,,,1:25,0.0,0.0,0.0,0.0,0.0,0.0,0.0,0.0,0.0,0.0,0.0,0.0,0.0,0.0,0.0,0.0,0.0,0.0,-3.0
22200707,1610612738,BOS,Boston,1628382,Justin Jackson,Justin,,,1:25,0.0,0.0,0.0,0.0,0.0,0.0,0.0,0.0,0.0,0.0,0.0,0.0,0.0,0.0,0.0,0.0,0.0,0.0,-3.0
22200707,1610612753,ORL,Orlando,1630532,Franz Wagner,Franz,F,,33:17,7.0,13.0,0.538,1.0,5.0,0.2,0.0,0.0,0.0,2.0,5.0,7.0,6.0,1.0,0.0,1.0,1.0,15.0,17.0
22200707,1610612753,ORL,Orlando,1631094,Paolo Banchero,Paolo,F,,35:45,7.0,13.0,0.538,3.0,5.0,0.6,6.0,9.0,0.667,0.0,5.0,5.0,2.0,0.0,0.0,1.0,0.0,23.0,12.0
22200707,1610612753,ORL,Orlando,1628976,Wendell Carter Jr.,Wendell,C,,32:40,8.0,13.0,0.615,3.0,4.0,0.75,2.0,2.0,1.0,2.0,9.0,11.0,1.0,1.0,0.0,2.0,3.0,21.0,12.0
22200707,1610612753,ORL,Orlando,203914,Gary Harris,Gary,G,,24:43,2.0,5.0,0.4,1.0,4.0,0.25,0.0,0.0,0.0,1.0,0.0,1.0,1.0,2.0,0.0,0.0,0.0,5.0,15.0
22200707,1610612753,ORL,Orlando,1628365,Markelle Fultz,Markelle,G,,31:59,3.0,9.0,0.333,0.0,0.0,0.0,2.0,2.0,1.0,1.0,3.0,4.0,5.0,0.0,1.0,2.0,0.0,8.0,10.0
22200707,1610612753,ORL,Orlando,1628371,Jonathan Isaac,Jonathan,,,9:36,4.0,7.0,0.571,2.0,3.0,0.667,0.0,2.0,0.0,1.0,2.0,3.0,1.0,2.0,0.0,0.0,0.0,10.0,7.0
22200707,1610612753,ORL,Orlando,1630175,Cole Anthony,Cole,,,23:17,8.0,12.0,0.667,0.0,1.0,0.0,2.0,3.0,0.667,1.0,4.0,5.0,4.0,2.0,1.0,1.0,1.0,18.0,0.0
22200707,1610612753,ORL,Orlando,1629021,Moritz Wagner,Moritz,,,15:20,2.0,5.0,0.4,1.0,2.0,0.5,0.0,0.0,0.0,0.0,2.0,2.0,0.0,1.0,0.0,2.0,4.0,5.0,3.0
22200707,1610612753,ORL,Orlando,1630591,Jalen Suggs,Jalen,,,16:01,1.0,3.0,0.333,0.0,2.0,0.0,1.0,2.0,0.5,0.0,0.0,0.0,2.0,1.0,0.0,0.0,2.0,3.0,5.0
22200707,1610612753,ORL,Orlando,1629626,Bol Bol,Bol,,,17:23,1.0,4.0,0.25,0.0,1.0,0.0,3.0,4.0,0.75,0.0,2.0,2.0,0.0,0.0,1.0,1.0,1.0,5.0,-6.0
22200707,1610612753,ORL,Orlando,1628964,Mo Bamba,Mo,,DNP - Coach's Decision,,,,,,,,,,,,,,,,,,,,
22200707,1610612753,ORL,Orlando,1630181,R.J. Hampton,R.J.,,DNP - Coach's Decision,,,,,,,,,,,,,,,,,,,,
22200707,1610612753,ORL,Orlando,203082,Terrence Ross,Terrence,,DNP - Coach's Decision,,,,,,,,,,,,,,,,,,,,
22200711,1610612759,SAS,San Antonio,1629640,Keldon Johnson,Keldon,F,,30:14,8.0,15.0,0.533,3.0,7.0,0.429,1.0,2.0,0.5,1.0,3.0,4.0,1.0,1.0,1.0,2.0,1.0,20.0,-12.0
22200711,1610612759,SAS,San Antonio,1631110,Jeremy Sochan,Jeremy,F,,27:40,5.0,11.0,0.455,2.0,2.0,1.0,6.0,8.0,0.75,4.0,2.0,6.0,4.0,0.0,1.0,1.0,0.0,18.0,-11.0
22200711,1610612759,SAS,San Antonio,1627751,Jakob Poeltl,Jakob,C,,15:45,6.0,8.0,0.75,0.0,0.0,0.0,2.0,2.0,1.0,4.0,3.0,7.0,2.0,1.0,0.0,1.0,5.0,14.0,-7.0
22200711,1610612759,SAS,San Antonio,1629641,Romeo Langford,Romeo,G,,24:42,5.0,6.0,0.833,1.0,1.0,1.0,1.0,1.0,1.0,1.0,3.0,4.0,2.0,0.0,0.0,1.0,4.0,12.0,-6.0
22200711,1610612759,SAS,San Antonio,1630200,Tre Jones,Tre,G,,24:24,5.0,11.0,0.455,0.0,2.0,0.0,2.0,2.0,1.0,0.0,2.0,2.0,7.0,2.0,1.0,1.0,0.0,12.0,-9.0
22200711,1610612759,SAS,San Antonio,1631103,Malaki Branham,Malaki,,,22:51,4.0,9.0,0.444,1.0,4.0,0.25,0.0,0.0,0.0,0.0,0.0,0.0,4.0,1.0,0.0,0.0,1.0,9.0,-19.0
22200711,1610612759,SAS,San Antonio,1626196,Josh Richardson,Josh,,,19:01,3.0,7.0,0.429,2.0,4.0,0.5,3.0,3.0,1.0,1.0,2.0,3.0,2.0,0.0,0.0,0.0,1.0,11.0,-22.0
22200711,1610612759,SAS,San Antonio,1628380,Zach Collins,Zach,,,21:57,4.0,8.0,0.5,1.0,1.0,1.0,2.0,2.0,1.0,0.0,3.0,3.0,3.0,0.0,0.0,3.0,2.0,11.0,-5.0
22200711,1610612759,SAS,San Antonio,1626169,Stanley Johnson,Stanley,,,16:57,0.0,2.0,0.0,0.0,1.0,0.0,0.0,0.0,0.0,1.0,2.0,3.0,4.0,0.0,1.0,3.0,1.0,0.0,-11.0
22200711,1610612759,SAS,San Antonio,203926,Doug McDermott,Doug,,,16:37,5.0,7.0,0.714,3.0,3.0,1.0,0.0,0.0,0.0,0.0,1.0,1.0,0.0,1.0,0.0,1.0,1.0,13.0,-6.0
22200711,1610612759,SAS,San Antonio,1628966,Keita Bates-Diop,Keita,,,7:36,0.0,2.0,0.0,0.0,1.0,0.0,2.0,2.0,1.0,0.0,0.0,0.0,1.0,1.0,0.0,0.0,2.0,2.0,4.0
22200711,1610612759,SAS,San Antonio,1629676,Isaiah Roby,Isaiah,,,6:08,1.0,2.0,0.5,0.0,0.0,0.0,1.0,4.0,0.25,0.0,3.0,3.0,0.0,0.0,0.0,0.0,0.0,3.0,2.0
22200711,1610612759,SAS,San Antonio,203476,Gorgui Dieng,Gorgui,,,6:08,1.0,2.0,0.5,0.0,1.0,0.0,0.0,0.0,0.0,2.0,2.0,4.0,0.0,0.0,0.0,2.0,0.0,2.0,2.0
22200711,1610612757,POR,Portland,1628404,Josh Hart,Josh,F,,26:04,4.0,5.0,0.8,0.0,1.0,0.0,1.0,1.0,1.0,0.0,5.0,5.0,4.0,1.0,0.0,0.0,3.0,9.0,8.0
22200711,1610612757,POR,Portland,203924,Jerami Grant,Jerami,F,,27:39,1.0,9.0,0.111,1.0,3.0,0.333,0.0,0.0,0.0,1.0,1.0,2.0,2.0,0.0,1.0,1.0,0.0,3.0,9.0
22200711,1610612757,POR,Portland,203994,Jusuf Nurkić,Jusuf,C,,26:56,10.0,14.0,0.714,2.0,4.0,0.5,3.0,5.0,0.6,2.0,9.0,11.0,7.0,3.0,0.0,3.0,3.0,25.0,3.0
22200711,1610612757,POR,Portland,1629014,Anfernee Simons,Anfernee,G,,28:54,9.0,15.0,0.6,4.0,7.0,0.571,4.0,4.0,1.0,0.0,1.0,1.0,1.0,1.0,0.0,0.0,1.0,26.0,8.0
22200711,1610612757,POR,Portland,203081,Damian Lillard,Damian,G,,30:43,12.0,19.0,0.632,7.0,11.0,0.636,6.0,6.0,1.0,0.0,1.0,1.0,12.0,1.0,0.0,3.0,2.0,37.0,6.0
22200711,1610612757,POR,Portland,1629642,Nassir Little,Nassir,,,17:39,4.0,6.0,0.667,2.0,2.0,1.0,0.0,0.0,0.0,1.0,1.0,2.0,3.0,0.0,1.0,0.0,0.0,10.0,16.0
22200711,1610612757,POR,Portland,1631101,Shaedon Sharpe,Shaedon,,,27:04,8.0,12.0,0.667,3.0,4.0,0.75,0.0,0.0,0.0,0.0,3.0,3.0,0.0,1.0,0.0,1.0,2.0,19.0,26.0
22200711,1610612757,POR,Portland,1629234,Drew Eubanks,Drew,,,15:48,3.0,4.0,0.75,0.0,0.0,0.0,1.0,2.0,0.5,1.0,3.0,4.0,1.0,0.0,1.0,0.0,1.0,7.0,19.0
22200711,1610612757,POR,Portland,1627780,Gary Payton II,Gary,,,16:40,1.0,2.0,0.5,0.0,0.0,0.0,0.0,0.0,0.0,3.0,2.0,5.0,3.0,3.0,0.0,1.0,0.0,2.0,14.0
22200711,1610612757,POR,Portland,1630570,Trendon Watford,Trendon,,,5:16,2.0,2.0,1.0,0.0,0.0,0.0,2.0,4.0,0.5,0.0,1.0,1.0,0.0,0.0,1.0,0.0,0.0,6.0,-2.0
22200711,1610612757,POR,Portland,1630535,Greg Brown III,Greg,,,5:16,0.0,2.0,0.0,0.0,0.0,0.0,0.0,0.0,0.0,0.0,0.0,0.0,0.0,0.0,0.0,0.0,2.0,0.0,-2.0
22200711,1610612757,POR,Portland,1631133,Jabari Walker,Jabari,,,5:16,0.0,0.0,0.0,0.0,0.0,0.0,0.0,0.0,0.0,0.0,1.0,1.0,0.0,0.0,0.0,0.0,0.0,0.0,-2.0
22200711,1610612757,POR,Portland,1630553,Keon Johnson,Keon,,,5:16,1.0,2.0,0.5,1.0,1.0,1.0,0.0,0.0,0.0,0.0,0.0,0.0,1.0,1.0,0.0,0.0,1.0,3.0,-2.0
22200711,1610612757,POR,Portland,1631219,John Butler Jr.,John,,,1:29,0.0,0.0,0.0,0.0,0.0,0.0,0.0,0.0,0.0,0.0,0.0,0.0,0.0,0.0,0.0,0.0,1.0,0.0,-1.0
22200709,1610612750,MIN,Minnesota,1630183,Jaden McDaniels,Jaden,F,,34:37,4.0,11.0,0.364,1.0,6.0,0.167,1.0,2.0,0.5,1.0,3.0,4.0,1.0,0.0,0.0,2.0,6.0,10.0,-10.0
22200709,1610612750,MIN,Minnesota,203937,Kyle Anderson,Kyle,F,,12:24,1.0,3.0,0.333,0.0,1.0,0.0,0.0,0.0,0.0,0.0,0.0,0.0,1.0,0.0,0.0,1.0,5.0,2.0,-9.0
22200709,1610612750,MIN,Minnesota,203497,Rudy Gobert,Rudy,C,,35:35,5.0,8.0,0.625,0.0,0.0,0.0,5.0,7.0,0.714,6.0,10.0,16.0,1.0,0.0,4.0,2.0,3.0,15.0,-4.0
22200709,1610612750,MIN,Minnesota,1630162,Anthony Edwards,Anthony,G,,37:13,9.0,20.0,0.45,6.0,10.0,0.6,7.0,9.0,0.778,1.0,2.0,3.0,5.0,4.0,1.0,6.0,3.0,31.0,-15.0
22200709,1610612750,MIN,Minnesota,1626156,D'Angelo Russell,D'Angelo,G,,42:25,11.0,23.0,0.478,6.0,12.0,0.5,2.0,2.0,1.0,1.0,2.0,3.0,7.0,2.0,0.0,4.0,1.0,30.0,-3.0
22200709,1610612750,MIN,Minnesota,1629675,Naz Reid,Naz,,,9:08,1.0,2.0,0.5,0.0,1.0,0.0,0.0,0.0,0.0,1.0,0.0,1.0,0.0,1.0,1.0,1.0,0.0,2.0,-2.0
22200709,1610612750,MIN,Minnesota,203085,Austin Rivers,Austin,,,26:44,4.0,8.0,0.5,1.0,4.0,0.25,1.0,2.0,0.5,1.0,5.0,6.0,3.0,0.0,0.0,0.0,2.0,10.0,5.0
22200709,1610612750,MIN,Minnesota,1630233,Nathan Knight,Nathan,,,16:16,2.0,5.0,0.4,0.0,2.0,0.0,0.0,0.0,0.0,1.0,3.0,4.0,1.0,0.0,1.0,0.0,0.0,4.0,4.0
22200709,1610612750,MIN,Minnesota,1629669,Jaylen Nowell,Jaylen,,,18:56,3.0,8.0,0.375,1.0,3.0,0.333,0.0,0.0,0.0,0.0,3.0,3.0,0.0,1.0,0.0,3.0,1.0,7.0,7.0
22200709,1610612750,MIN,Minnesota,1630346,Matt Ryan,Matt,,,6:42,1.0,3.0,0.333,1.0,3.0,0.333,0.0,0.0,0.0,0.0,1.0,1.0,0.0,0.0,0.0,0.0,1.0,3.0,2.0
22200709,1610612750,MIN,Minnesota,1627854,Bryn Forbes,Bryn,,DNP - Coach's Decision,,,,,,,,,,,,,,,,,,,,
22200709,1610612750,MIN,Minnesota,1630568,Luka Garza,Luka,,DNP - Coach's Decision,,,,,,,,,,,,,,,,,,,,
22200709,1610612750,MIN,Minnesota,1631111,Wendell Moore Jr.,Wendell,,DNP - Coach's Decision,,,,,,,,,,,,,,,,,,,,
22200709,1610612745,HOU,Houston,1630231,KJ Martin,KJ,F,,32:56,2.0,5.0,0.4,0.0,1.0,0.0,2.0,2.0,1.0,0.0,7.0,7.0,2.0,3.0,0.0,1.0,2.0,6.0,22.0
22200709,1610612745,HOU,Houston,1631106,Tari Eason,Tari,F,,26:05,5.0,8.0,0.625,0.0,0.0,0.0,1.0,2.0,0.5,3.0,6.0,9.0,3.0,3.0,2.0,2.0,3.0,11.0,0.0
22200709,1610612745,HOU,Houston,1630578,Alperen Sengun,Alperen,C,,34:48,8.0,12.0,0.667,1.0,2.0,0.5,4.0,8.0,0.5,1.0,6.0,7.0,7.0,0.0,0.0,5.0,3.0,21.0,8.0
22200709,1610612745,HOU,Houston,201569,Eric Gordon,Eric,G,,30:27,5.0,13.0,0.385,2.0,5.0,0.4,2.0,2.0,1.0,1.0,3.0,4.0,4.0,1.0,1.0,2.0,1.0,14.0,-3.0
22200709,1610612745,HOU,Houston,1630224,Jalen Green,Jalen,G,,35:07,15.0,25.0,0.6,6.0,12.0,0.5,6.0,10.0,0.6,2.0,2.0,4.0,4.0,1.0,1.0,1.0,0.0,42.0,19.0
22200709,1610612745,HOU,Houston,1630256,Jae'Sean Tate,Jae'Sean,,,22:18,3.0,6.0,0.5,0.0,1.0,0.0,5.0,6.0,0.833,1.0,6.0,7.0,1.0,1.0,0.0,4.0,3.0,11.0,2.0
22200709,1610612745,HOU,Houston,1629726,Garrison Mathews,Garrison,,,28:27,4.0,10.0,0.4,2.0,8.0,0.25,0.0,0.0,0.0,1.0,2.0,3.0,0.0,0.0,0.0,1.0,1.0,10.0,-2.0
22200709,1610612745,HOU,Houston,1630586,Usman Garuba,Usman,,,2:01,0.0,0.0,0.0,0.0,0.0,0.0,0.0,0.0,0.0,0.0,0.0,0.0,0.0,0.0,0.0,0.0,1.0,0.0,-4.0
22200709,1610612745,HOU,Houston,1631102,TyTy Washington Jr.,TyTy,,,12:53,0.0,3.0,0.0,0.0,1.0,0.0,0.0,0.0,0.0,0.0,1.0,1.0,1.0,1.0,0.0,1.0,0.0,0.0,-14.0
22200709,1610612745,HOU,Houston,1628981,Bruno Fernando,Bruno,,,11:07,2.0,4.0,0.5,0.0,0.0,0.0,0.0,0.0,0.0,2.0,2.0,4.0,2.0,1.0,1.0,3.0,1.0,4.0,3.0
22200709,1610612745,HOU,Houston,1630528,Josh Christopher,Josh,,,3:51,0.0,2.0,0.0,0.0,0.0,0.0,0.0,0.0,0.0,1.0,0.0,1.0,0.0,0.0,0.0,0.0,0.0,0.0,-6.0
22200709,1610612745,HOU,Houston,1626246,Boban Marjanović,Boban,,DNP - Coach's Decision,,,,,,,,,,,,,,,,,,,,
22200709,1610612745,HOU,Houston,1630227,Daishen Nix,Daishen,,DNP - Coach's Decision,,,,,,,,,,,,,,,,,,,,
22200679,1610612744,GSW,Golden State,202691,Klay Thompson,Klay,F,,36:03,8.0,16.0,0.5,4.0,8.0,0.5,4.0,4.0,1.0,0.0,2.0,2.0,1.0,2.0,1.0,3.0,6.0,24.0,2.0
22200679,1610612744,GSW,Golden State,203952,Andrew Wiggins,Andrew,F,,39:46,6.0,18.0,0.333,3.0,8.0,0.375,5.0,8.0,0.625,2.0,2.0,4.0,3.0,1.0,4.0,2.0,3.0,20.0,-7.0
22200679,1610612744,GSW,Golden State,203110,Draymond Green,Draymond,C,,37:09,3.0,5.0,0.6,1.0,2.0,0.5,4.0,4.0,1.0,2.0,11.0,13.0,9.0,1.0,0.0,2.0,4.0,11.0,-4.0
22200679,1610612744,GSW,Golden State,1629673,Jordan Poole,Jordan,G,,43:20,10.0,25.0,0.4,2.0,10.0,0.2,2.0,2.0,1.0,0.0,6.0,6.0,4.0,3.0,0.0,2.0,4.0,24.0,-7.0
22200679,1610612744,GSW,Golden State,201939,Stephen Curry,Stephen,G,,43:05,9.0,25.0,0.36,6.0,18.0,0.333,5.0,5.0,1.0,0.0,4.0,4.0,7.0,3.0,2.0,3.0,1.0,29.0,9.0
22200679,1610612744,GSW,Golden State,1628978,Donte DiVincenzo,Donte,,,27:37,2.0,6.0,0.333,2.0,4.0,0.5,0.0,0.0,0.0,0.0,3.0,3.0,0.0,0.0,0.0,0.0,2.0,6.0,-4.0
22200679,1610612744,GSW,Golden State,1626172,Kevon Looney,Kevon,,,20:06,1.0,1.0,1.0,0.0,0.0,0.0,0.0,0.0,0.0,3.0,9.0,12.0,3.0,0.0,0.0,2.0,3.0,2.0,3.0
22200679,1610612744,GSW,Golden State,1630237,Anthony Lamb,Anthony,,,17:56,1.0,4.0,0.25,0.0,2.0,0.0,0.0,0.0,0.0,1.0,2.0,3.0,1.0,0.0,0.0,2.0,3.0,2.0,-7.0
22200679,1610612744,GSW,Golden State,1631116,Patrick Baldwin Jr.,Patrick,,DNP - Coach's Decision,,,,,,,,,,,,,,,,,,,,
22200679,1610612744,GSW,Golden State,1630541,Moses Moody,Moses,,DNP - Coach's Decision,,,,,,,,,,,,,,,,,,,,
22200679,1610612744,GSW,Golden State,1630164,James Wiseman,James,,DNP - Injury/Illness,,,,,,,,,,,,,,,,,,,,
22200679,1610612738,BOS,Boston,1628369,Jayson Tatum,Jayson,F,,48:07,9.0,27.0,0.333,4.0,13.0,0.308,12.0,12.0,1.0,2.0,17.0,19.0,6.0,3.0,0.0,7.0,2.0,34.0,7.0
22200679,1610612738,BOS,Boston,201143,Al Horford,Al,F,,37:15,8.0,13.0,0.615,2.0,5.0,0.4,2.0,2.0,1.0,3.0,7.0,10.0,0.0,0.0,3.0,0.0,3.0,20.0,-2.0
22200679,1610612738,BOS,Boston,1629057,Robert Williams III,Robert,C,,27:04,6.0,8.0,0.75,0.0,0.0,0.0,2.0,3.0,0.667,7.0,4.0,11.0,2.0,0.0,0.0,2.0,1.0,14.0,-7.0
22200679,1610612738,BOS,Boston,1627759,Jaylen Brown,Jaylen,G,,41:26,6.0,18.0,0.333,1.0,4.0,0.25,3.0,6.0,0.5,1.0,8.0,9.0,3.0,1.0,0.0,2.0,5.0,16.0,-6.0
22200679,1610612738,BOS,Boston,203935,Marcus Smart,Marcus,G,,37:35,7.0,16.0,0.438,3.0,6.0,0.5,1.0,2.0,0.5,1.0,4.0,5.0,4.0,3.0,1.0,4.0,3.0,18.0,-2.0
22200679,1610612738,BOS,Boston,1628401,Derrick White,Derrick,,,17:28,0.0,6.0,0.0,0.0,3.0,0.0,1.0,2.0,0.5,0.0,0.0,0.0,3.0,1.0,0.0,0.0,3.0,1.0,4.0
22200679,1610612738,BOS,Boston,1627763,Malcolm Brogdon,Malcolm,,,35:46,5.0,15.0,0.333,3.0,8.0,0.375,1.0,3.0,0.333,2.0,5.0,7.0,2.0,1.0,1.0,1.0,2.0,14.0,11.0
22200679,1610612738,BOS,Boston,1629684,Grant Williams,Grant,,,12:49,1.0,4.0,0.25,0.0,2.0,0.0,0.0,0.0,0.0,2.0,0.0,2.0,0.0,1.0,0.0,1.0,0.0,2.0,7.0
22200679,1610612738,BOS,Boston,1628436,Luke Kornet,Luke,,,7:30,1.0,1.0,1.0,0.0,0.0,0.0,0.0,0.0,0.0,0.0,0.0,0.0,1.0,0.0,0.0,0.0,0.0,2.0,3.0
22200679,1610612738,BOS,Boston,1631120,JD Davison,JD,,DNP - Coach's Decision,,,,,,,,,,,,,,,,,,,,
22200679,1610612738,BOS,Boston,201933,Blake Griffin,Blake,,DNP - Coach's Decision,,,,,,,,,,,,,,,,,,,,
22200679,1610612738,BOS,Boston,1630573,Sam Hauser,Sam,,DNP - Coach's Decision,,,,,,,,,,,,,,,,,,,,
22200679,1610612738,BOS,Boston,1628382,Justin Jackson,Justin,,DNP - Coach's Decision,,,,,,,,,,,,,,,,,,,,
22200679,1610612738,BOS,Boston,1629662,Mfiondu Kabengele,Mfiondu,,DNP - Coach's Decision,,,,,,,,,,,,,,,,,,,,
22200679,1610612738,BOS,Boston,1630202,Payton Pritchard,Payton,,DNP - Coach's Decision,,,,,,,,,,,,,,,,,,,,
22200659,1610612761,TOR,Toronto,1628384,OG Anunoby,OG,F,,39:45,3.0,10.0,0.3,2.0,7.0,0.286,2.0,2.0,1.0,2.0,3.0,5.0,3.0,3.0,2.0,1.0,5.0,10.0,-1.0
22200659,1610612761,TOR,Toronto,1630567,Scottie Barnes,Scottie,F,,44:49,8.0,16.0,0.5,1.0,2.0,0.5,9.0,13.0,0.692,6.0,1.0,7.0,4.0,1.0,2.0,3.0,3.0,26.0,8.0
22200659,1610612761,TOR,Toronto,1627783,Pascal Siakam,Pascal,C,,46:05,7.0,19.0,0.368,0.0,7.0,0.0,6.0,7.0,0.857,2.0,6.0,8.0,9.0,0.0,3.0,1.0,6.0,20.0,9.0
22200659,1610612761,TOR,Toronto,1629018,Gary Trent Jr.,Gary,G,,41:43,6.0,14.0,0.429,4.0,8.0,0.5,2.0,3.0,0.667,0.0,5.0,5.0,2.0,1.0,1.0,0.0,2.0,18.0,4.0
22200659,1610612761,TOR,Toronto,1627832,Fred VanVleet,Fred,G,,44:53,10.0,23.0,0.435,5.0,13.0,0.385,8.0,8.0,1.0,1.0,4.0,5.0,8.0,2.0,2.0,1.0,5.0,33.0,3.0
22200659,1610612761,TOR,Toronto,1630173,Precious Achiuwa,Precious,,,20:23,2.0,6.0,0.333,0.0,2.0,0.0,4.0,4.0,1.0,1.0,7.0,8.0,0.0,0.0,0.0,0.0,3.0,8.0,-8.0
22200659,1610612761,TOR,Toronto,1628449,Chris Boucher,Chris,,,17:39,2.0,5.0,0.4,1.0,3.0,0.333,3.0,4.0,0.75,2.0,1.0,3.0,1.0,1.0,2.0,0.0,0.0,8.0,-8.0
22200659,1610612761,TOR,Toronto,1627823,Juancho Hernangomez,Juancho,,,7:09,0.0,2.0,0.0,0.0,1.0,0.0,0.0,0.0,0.0,0.0,1.0,1.0,0.0,0.0,0.0,0.0,1.0,0.0,5.0
22200659,1610612761,TOR,Toronto,1630201,Malachi Flynn,Malachi,,,2:34,0.0,1.0,0.0,0.0,1.0,0.0,0.0,0.0,0.0,0.0,0.0,0.0,0.0,0.0,0.0,0.0,0.0,0.0,-2.0
22200659,1610612761,TOR,Toronto,203920,Khem Birch,Khem,,DNP - Coach's Decision,,,,,,,,,,,,,,,,,,,,
22200659,1610612761,TOR,Toronto,1630288,Jeff Dowtin Jr.,Jeff,,DNP - Coach's Decision,,,,,,,,,,,,,,,,,,,,
22200659,1610612761,TOR,Toronto,1631132,Christian Koloko,Christian,,DNP - Coach's Decision,,,,,,,,,,,,,,,,,,,,
22200659,1610612761,TOR,Toronto,1630580,Joe Wieskamp,Joe,,DNP - Coach's Decision,,,,,,,,,,,,,,,,,,,,
22200659,1610612761,TOR,Toronto,201152,Thaddeus Young,Thaddeus,,DNP - Coach's Decision,,,,,,,,,,,,,,,,,,,,
22200659,1610612752,NYK,New York,1629628,RJ Barrett,RJ,F,,49:09,10.0,23.0,0.435,2.0,9.0,0.222,10.0,11.0,0.909,1.0,6.0,7.0,2.0,0.0,0.0,3.0,4.0,32.0,-5.0
22200659,1610612752,NYK,New York,203944,Julius Randle,Julius,F,,42:00,7.0,20.0,0.35,1.0,6.0,0.167,6.0,9.0,0.667,3.0,12.0,15.0,8.0,1.0,0.0,3.0,3.0,21.0,1.0
22200659,1610612752,NYK,New York,1629011,Mitchell Robinson,Mitchell,C,,36:42,5.0,8.0,0.625,0.0,0.0,0.0,1.0,2.0,0.5,5.0,3.0,8.0,2.0,0.0,1.0,1.0,2.0,11.0,-7.0
22200659,1610612752,NYK,New York,1628973,Jalen Brunson,Jalen,G,,43:18,11.0,29.0,0.379,2.0,6.0,0.333,2.0,4.0,0.5,4.0,3.0,7.0,2.0,0.0,1.0,4.0,5.0,26.0,2.0
22200659,1610612752,NYK,New York,1629656,Quentin Grimes,Quentin,G,,39:36,3.0,5.0,0.6,2.0,4.0,0.5,2.0,2.0,1.0,3.0,4.0,7.0,2.0,1.0,1.0,0.0,3.0,10.0,3.0
22200659,1610612752,NYK,New York,1628392,Isaiah Hartenstein,Isaiah,,,15:55,1.0,1.0,1.0,0.0,0.0,0.0,0.0,0.0,0.0,2.0,3.0,5.0,1.0,0.0,1.0,0.0,2.0,2.0,2.0
22200659,1610612752,NYK,New York,1630193,Immanuel Quickley,Immanuel,,,21:14,3.0,7.0,0.429,1.0,4.0,0.25,7.0,7.0,1.0,0.0,1.0,1.0,0.0,0.0,1.0,0.0,5.0,14.0,5.0
22200659,1610612752,NYK,New York,1630540,Miles McBride,Miles,,,6:07,0.0,2.0,0.0,0.0,1.0,0.0,0.0,0.0,0.0,2.0,0.0,2.0,0.0,0.0,0.0,0.0,2.0,0.0,-8.0
22200659,1610612752,NYK,New York,1630167,Obi Toppin,Obi,,,11:00,2.0,4.0,0.5,1.0,1.0,1.0,0.0,0.0,0.0,0.0,2.0,2.0,0.0,1.0,0.0,0.0,2.0,5.0,-3.0
22200659,1610612752,NYK,New York,1627853,Ryan Arcidiacono,Ryan,,DNP - Coach's Decision,,,,,,,,,,,,,,,,,,,,
22200659,1610612752,NYK,New York,203095,Evan Fournier,Evan,,DNP - Coach's Decision,,,,,,,,,,,,,,,,,,,,
22200659,1610612752,NYK,New York,1629004,Svi Mykhailiuk,Svi,,DNP - Coach's Decision,,,,,,,,,,,,,,,,,,,,
22200659,1610612752,NYK,New York,1629629,Cam Reddish,Cam,,DNP - Coach's Decision,,,,,,,,,,,,,,,,,,,,
22200659,1610612752,NYK,New York,201565,Derrick Rose,Derrick,,DNP - Coach's Decision,,,,,,,,,,,,,,,,,,,,
22200659,1610612752,NYK,New York,1630579,Jericho Sims,Jericho,,DNP - Coach's Decision,,,,,,,,,,,,,,,,,,,,
22200645,1610612739,CLE,Cleveland,1630171,Isaac Okoro,Isaac,F,,15:25,3.0,4.0,0.75,2.0,3.0,0.667,0.0,0.0,0.0,0.0,3.0,3.0,1.0,3.0,0.0,1.0,0.0,8.0,-2.0
22200645,1610612739,CLE,Cleveland,1630596,Evan Mobley,Evan,F,,31:30,6.0,11.0,0.545,0.0,2.0,0.0,7.0,8.0,0.875,2.0,6.0,8.0,1.0,0.0,0.0,3.0,3.0,19.0,-24.0
22200645,1610612739,CLE,Cleveland,1628386,Jarrett Allen,Jarrett,C,,34:10,8.0,10.0,0.8,0.0,0.0,0.0,3.0,3.0,1.0,2.0,6.0,8.0,2.0,0.0,2.0,3.0,3.0,19.0,-4.0
22200645,1610612739,CLE,Cleveland,1628378,Donovan Mitchell,Donovan,G,,36:46,5.0,16.0,0.313,2.0,9.0,0.222,2.0,4.0,0.5,1.0,2.0,3.0,6.0,0.0,0.0,2.0,1.0,14.0,-5.0
22200645,1610612739,CLE,Cleveland,1629636,Darius Garland,Darius,G,,34:37,6.0,11.0,0.545,1.0,3.0,0.333,2.0,2.0,1.0,0.0,3.0,3.0,4.0,0.0,0.0,4.0,2.0,15.0,-4.0
22200645,1610612739,CLE,Cleveland,1627747,Caris LeVert,Caris,,,31:13,4.0,8.0,0.5,0.0,2.0,0.0,4.0,4.0,1.0,0.0,4.0,4.0,3.0,1.0,0.0,2.0,1.0,12.0,4.0
22200645,1610612739,CLE,Cleveland,201567,Kevin Love,Kevin,,,20:04,2.0,7.0,0.286,2.0,4.0,0.5,0.0,0.0,0.0,2.0,6.0,8.0,2.0,0.0,0.0,2.0,2.0,6.0,1.0
22200645,1610612739,CLE,Cleveland,201937,Ricky Rubio,Ricky,,,12:45,1.0,4.0,0.25,1.0,3.0,0.333,0.0,0.0,0.0,0.0,2.0,2.0,2.0,0.0,0.0,0.0,2.0,3.0,-6.0
22200645,1610612739,CLE,Cleveland,1630205,Lamar Stevens,Lamar,,,7:58,0.0,1.0,0.0,0.0,0.0,0.0,0.0,0.0,0.0,1.0,0.0,1.0,2.0,0.0,0.0,0.0,0.0,0.0,5.0
22200645,1610612739,CLE,Cleveland,1626224,Cedi Osman,Cedi,,,15:32,2.0,4.0,0.5,0.0,2.0,0.0,2.0,2.0,1.0,0.0,0.0,0.0,1.0,1.0,0.0,1.0,3.0,6.0,-5.0
22200645,1610612739,CLE,Cleveland,201577,Robin Lopez,Robin,,DNP - Coach's Decision,,,,,,,,,,,,,,,,,,,,
22200645,1610612739,CLE,Cleveland,203526,Raul Neto,Raul,,DNP - Coach's Decision,,,,,,,,,,,,,,,,,,,,
22200645,1610612750,MIN,Minnesota,1630183,Jaden McDaniels,Jaden,F,,27:31,4.0,7.0,0.571,1.0,3.0,0.333,0.0,0.0,0.0,0.0,0.0,0.0,2.0,4.0,1.0,2.0,5.0,9.0,5.0
22200645,1610612750,MIN,Minnesota,203937,Kyle Anderson,Kyle,F,,28:06,2.0,2.0,1.0,0.0,0.0,0.0,0.0,3.0,0.0,1.0,4.0,5.0,4.0,2.0,3.0,3.0,2.0,4.0,3.0
22200645,1610612750,MIN,Minnesota,203497,Rudy Gobert,Rudy,C,,13:25,2.0,3.0,0.667,0.0,0.0,0.0,2.0,2.0,1.0,0.0,4.0,4.0,0.0,1.0,0.0,0.0,1.0,6.0,-1.0
22200645,1610612750,MIN,Minnesota,1630162,Anthony Edwards,Anthony,G,,35:21,10.0,18.0,0.556,3.0,6.0,0.5,3.0,3.0,1.0,0.0,6.0,6.0,7.0,1.0,0.0,4.0,1.0,26.0,7.0
22200645,1610612750,MIN,Minnesota,1626156,D'Angelo Russell,D'Angelo,G,,20:33,4.0,8.0,0.5,1.0,3.0,0.333,0.0,0.0,0.0,0.0,0.0,0.0,1.0,0.0,0.0,1.0,2.0,9.0,-6.0
22200645,1610612750,MIN,Minnesota,1629675,Naz Reid,Naz,,,28:09,8.0,16.0,0.5,1.0,7.0,0.143,0.0,0.0,0.0,2.0,5.0,7.0,0.0,0.0,1.0,1.0,4.0,17.0,-5.0
22200645,1610612750,MIN,Minnesota,1627752,Taurean Prince,Taurean,,,25:43,2.0,6.0,0.333,1.0,3.0,0.333,2.0,2.0,1.0,0.0,3.0,3.0,2.0,0.0,0.0,1.0,4.0,7.0,12.0
22200645,1610612750,MIN,Minnesota,203085,Austin Rivers,Austin,,,25:03,3.0,6.0,0.5,1.0,3.0,0.333,0.0,0.0,0.0,0.0,0.0,0.0,3.0,0.0,0.0,0.0,0.0,7.0,3.0
22200645,1610612750,MIN,Minnesota,1629669,Jaylen Nowell,Jaylen,,,26:27,6.0,9.0,0.667,0.0,1.0,0.0,4.0,5.0,0.8,0.0,4.0,4.0,2.0,2.0,0.0,0.0,1.0,16.0,11.0
22200645,1610612750,MIN,Minnesota,1630568,Luka Garza,Luka,,,9:41,4.0,5.0,0.8,1.0,2.0,0.5,0.0,0.0,0.0,1.0,1.0,2.0,1.0,0.0,0.0,1.0,1.0,9.0,11.0
22200645,1610612750,MIN,Minnesota,1627854,Bryn Forbes,Bryn,,DNP - Coach's Decision,,,,,,,,,,,,,,,,,,,,
22200645,1610612750,MIN,Minnesota,1630233,Nathan Knight,Nathan,,DNP - Coach's Decision,,,,,,,,,,,,,,,,,,,,
22200645,1610612750,MIN,Minnesota,1631111,Wendell Moore Jr.,Wendell,,DNP - Coach's Decision,,,,,,,,,,,,,,,,,,,,
22200645,1610612750,MIN,Minnesota,1630346,Matt Ryan,Matt,,DNP - Coach's Decision,,,,,,,,,,,,,,,,,,,,
22200628,1610612749,MIL,Milwaukee,1626192,Pat Connaughton,Pat,F,,31:13,3.0,10.0,0.3,2.0,8.0,0.25,1.0,3.0,0.333,0.0,4.0,4.0,1.0,1.0,0.0,1.0,1.0,9.0,-14.0
22200628,1610612749,MIL,Milwaukee,1626171,Bobby Portis,Bobby,F,,31:42,5.0,12.0,0.417,0.0,3.0,0.0,2.0,4.0,0.5,2.0,5.0,7.0,1.0,3.0,1.0,2.0,5.0,12.0,3.0
22200628,1610612749,MIL,Milwaukee,201572,Brook Lopez,Brook,C,,31:32,2.0,12.0,0.167,2.0,7.0,0.286,0.0,0.0,0.0,1.0,2.0,3.0,2.0,1.0,0.0,0.0,1.0,6.0,-7.0
22200628,1610612749,MIL,Milwaukee,1630699,MarJon Beauchamp,MarJon,G,,18:01,0.0,3.0,0.0,0.0,2.0,0.0,0.0,0.0,0.0,1.0,1.0,2.0,0.0,1.0,0.0,2.0,1.0,0.0,-5.0
22200628,1610612749,MIL,Milwaukee,201950,Jrue Holiday,Jrue,G,,33:26,7.0,10.0,0.7,3.0,4.0,0.75,7.0,8.0,0.875,2.0,4.0,6.0,11.0,0.0,1.0,3.0,2.0,24.0,-9.0
22200628,1610612749,MIL,Milwaukee,1628975,Jevon Carter,Jevon,,,30:32,6.0,16.0,0.375,6.0,14.0,0.429,0.0,0.0,0.0,0.0,4.0,4.0,3.0,3.0,0.0,0.0,1.0,18.0,-7.0
22200628,1610612749,MIL,Milwaukee,1630572,Sandro Mamukelashvili,Sandro,,,16:35,1.0,2.0,0.5,0.0,1.0,0.0,0.0,0.0,0.0,1.0,4.0,5.0,1.0,1.0,0.0,1.0,0.0,2.0,8.0
22200628,1610612749,MIL,Milwaukee,1629670,Jordan Nwora,Jordan,,,27:46,6.0,12.0,0.5,4.0,8.0,0.5,0.0,0.0,0.0,0.0,5.0,5.0,1.0,0.0,0.0,1.0,0.0,16.0,2.0
22200628,1610612749,MIL,Milwaukee,1631260,AJ Green,AJ,,,19:14,5.0,10.0,0.5,5.0,10.0,0.5,0.0,0.0,0.0,1.0,2.0,3.0,0.0,0.0,0.0,0.0,1.0,15.0,-1.0
22200628,1610612749,MIL,Milwaukee,203648,Thanasis Antetokounmpo,Thanasis,,DNP - Coach's Decision,,,,,,,,,,,,,,,,,,,,
22200628,1610612749,MIL,Milwaukee,201588,George Hill,George,,DNP - Coach's Decision,,,,,,,,,,,,,,,,,,,,
22200628,1610612749,MIL,Milwaukee,202083,Wesley Matthews,Wesley,,DNP - Coach's Decision,,,,,,,,,,,,,,,,,,,,
22200628,1610612748,MIA,Miami,202710,Jimmy Butler III,Jimmy,F,,32:31,5.0,13.0,0.385,0.0,2.0,0.0,7.0,8.0,0.875,6.0,5.0,11.0,2.0,0.0,0.0,4.0,0.0,17.0,2.0
22200628,1610612748,MIA,Miami,1629312,Haywood Highsmith,Haywood,F,,23:19,1.0,7.0,0.143,1.0,5.0,0.2,0.0,0.0,0.0,3.0,5.0,8.0,1.0,0.0,0.0,1.0,2.0,3.0,6.0
22200628,1610612748,MIA,Miami,1628389,Bam Adebayo,Bam,C,,34:08,11.0,19.0,0.579,0.0,0.0,0.0,2.0,2.0,1.0,2.0,10.0,12.0,1.0,2.0,1.0,0.0,2.0,24.0,8.0
22200628,1610612748,MIA,Miami,1629622,Max Strus,Max,G,,40:47,5.0,13.0,0.385,1.0,7.0,0.143,1.0,1.0,1.0,1.0,9.0,10.0,4.0,0.0,0.0,2.0,1.0,12.0,4.0
22200628,1610612748,MIA,Miami,1629216,Gabe Vincent,Gabe,G,,41:02,10.0,17.0,0.588,5.0,11.0,0.455,3.0,3.0,1.0,2.0,1.0,3.0,6.0,2.0,0.0,1.0,2.0,28.0,11.0
22200628,1610612748,MIA,Miami,1631115,Orlando Robinson,Orlando,,,13:52,2.0,4.0,0.5,0.0,0.0,0.0,0.0,0.0,0.0,1.0,4.0,5.0,0.0,1.0,0.0,0.0,1.0,4.0,-2.0
22200628,1610612748,MIA,Miami,203506,Victor Oladipo,Victor,,,33:25,5.0,15.0,0.333,2.0,7.0,0.286,2.0,2.0,1.0,2.0,6.0,8.0,8.0,1.0,0.0,4.0,0.0,14.0,0.0
22200628,1610612748,MIA,Miami,1631288,Jamal Cain,Jamal,,,20:56,3.0,7.0,0.429,0.0,2.0,0.0,0.0,0.0,0.0,1.0,3.0,4.0,0.0,2.0,0.0,1.0,0.0,6.0,1.0
22200628,1610612748,MIA,Miami,203473,Dewayne Dedmon,Dewayne,,NWT_TEAM_SUSPENSION,,,,,,,,,,,,,,,,,,,,
22200628,1610612748,MIA,Miami,2617,Udonis Haslem,Udonis,,DNP - Coach's Decision,,,,,,,,,,,,,,,,,,,,
22200628,1610612748,MIA,Miami,1629639,Tyler Herro,Tyler,,DND - Injury/Illness,,,,,,,,,,,,,,,,,,,,
22200626,1610612760,OKC,Oklahoma City,1629652,Luguentz Dort,Luguentz,F,,38:08,1.0,7.0,0.143,1.0,4.0,0.25,1.0,2.0,0.5,1.0,1.0,2.0,3.0,1.0,0.0,1.0,2.0,4.0,5.0
22200626,1610612760,OKC,Oklahoma City,1631114,Jalen Williams,Jalen,F,,27:27,6.0,11.0,0.545,2.0,3.0,0.667,0.0,0.0,0.0,1.0,4.0,5.0,4.0,1.0,1.0,2.0,2.0,14.0,-1.0
22200626,1610612760,OKC,Oklahoma City,1631119,Jaylin Williams,Jaylin,C,,18:17,5.0,7.0,0.714,1.0,1.0,1.0,0.0,0.0,0.0,0.0,5.0,5.0,2.0,0.0,0.0,1.0,5.0,11.0,-8.0
22200626,1610612760,OKC,Oklahoma City,1630581,Josh Giddey,Josh,G,,35:36,7.0,14.0,0.5,1.0,3.0,0.333,5.0,5.0,1.0,1.0,3.0,4.0,8.0,1.0,0.0,3.0,2.0,20.0,21.0
22200626,1610612760,OKC,Oklahoma City,1628983,Shai Gilgeous-Alexander,Shai,G,,34:49,10.0,16.0,0.625,1.0,1.0,1.0,16.0,16.0,1.0,1.0,7.0,8.0,6.0,1.0,2.0,1.0,2.0,37.0,11.0
22200626,1610612760,OKC,Oklahoma City,1630198,Isaiah Joe,Isaiah,,,16:05,2.0,6.0,0.333,0.0,4.0,0.0,3.0,4.0,0.75,1.0,2.0,3.0,0.0,2.0,1.0,1.0,1.0,7.0,24.0
22200626,1610612760,OKC,Oklahoma City,1629026,Kenrich Williams,Kenrich,,,16:60,3.0,5.0,0.6,2.0,3.0,0.667,0.0,0.0,0.0,0.0,4.0,4.0,1.0,0.0,1.0,1.0,1.0,8.0,-2.0
22200626,1610612760,OKC,Oklahoma City,1630544,Tre Mann,Tre,,,18:13,5.0,9.0,0.556,2.0,5.0,0.4,2.0,2.0,1.0,0.0,0.0,0.0,2.0,0.0,0.0,0.0,2.0,14.0,19.0
22200626,1610612760,OKC,Oklahoma City,1629647,Darius Bazley,Darius,,,14:11,1.0,4.0,0.25,0.0,2.0,0.0,4.0,4.0,1.0,0.0,4.0,4.0,1.0,1.0,0.0,1.0,1.0,6.0,3.0
22200626,1610612760,OKC,Oklahoma City,1630322,Lindy Waters III,Lindy,,,4:44,1.0,2.0,0.5,1.0,2.0,0.5,0.0,0.0,0.0,0.0,0.0,0.0,0.0,0.0,1.0,0.0,0.0,3.0,-1.0
22200626,1610612760,OKC,Oklahoma City,203488,Mike Muscala,Mike,,,15:32,3.0,5.0,0.6,3.0,5.0,0.6,0.0,0.0,0.0,0.0,4.0,4.0,1.0,0.0,0.0,0.0,4.0,9.0,24.0
22200626,1610612760,OKC,Oklahoma City,1630647,Eugene Omoruyi,Eugene,,DNP - Coach's Decision,,,,,,,,,,,,,,,,,,,,
22200626,1610612760,OKC,Oklahoma City,1630598,Aaron Wiggins,Aaron,,DNP - Coach's Decision,,,,,,,,,,,,,,,,,,,,
22200626,1610612755,PHI,Philadelphia,202699,Tobias Harris,Tobias,F,,32:43,5.0,13.0,0.385,2.0,7.0,0.286,1.0,2.0,0.5,1.0,2.0,3.0,1.0,0.0,1.0,0.0,2.0,13.0,-9.0
22200626,1610612755,PHI,Philadelphia,200782,P.J. Tucker,P.J.,F,,21:03,0.0,1.0,0.0,0.0,1.0,0.0,0.0,0.0,0.0,0.0,2.0,2.0,0.0,0.0,0.0,0.0,0.0,0.0,-4.0
22200626,1610612755,PHI,Philadelphia,203954,Joel Embiid,Joel,C,,27:34,10.0,17.0,0.588,0.0,1.0,0.0,10.0,10.0,1.0,2.0,8.0,10.0,2.0,0.0,1.0,3.0,5.0,30.0,-12.0
22200626,1610612755,PHI,Philadelphia,1630178,Tyrese Maxey,Tyrese,G,,33:07,6.0,13.0,0.462,0.0,4.0,0.0,5.0,5.0,1.0,1.0,1.0,2.0,6.0,2.0,0.0,3.0,4.0,17.0,-4.0
22200626,1610612755,PHI,Philadelphia,201935,James Harden,James,G,,36:26,6.0,13.0,0.462,5.0,10.0,0.5,7.0,8.0,0.875,0.0,6.0,6.0,15.0,1.0,0.0,7.0,3.0,24.0,-4.0
22200626,1610612755,PHI,Philadelphia,1629001,De'Anthony Melton,De'Anthony,,,23:15,3.0,6.0,0.5,2.0,4.0,0.5,0.0,0.0,0.0,0.0,3.0,3.0,3.0,0.0,0.0,0.0,4.0,8.0,-15.0
22200626,1610612755,PHI,Philadelphia,1627777,Georges Niang,Georges,,,16:23,3.0,7.0,0.429,2.0,6.0,0.333,2.0,2.0,1.0,1.0,2.0,3.0,0.0,0.0,0.0,2.0,2.0,10.0,0.0
22200626,1610612755,PHI,Philadelphia,1629003,Shake Milton,Shake,,,15:06,2.0,7.0,0.286,0.0,1.0,0.0,0.0,0.0,0.0,0.0,3.0,3.0,3.0,0.0,0.0,1.0,2.0,4.0,-4.0
22200626,1610612755,PHI,Philadelphia,1626149,Montrezl Harrell,Montrezl,,,6:50,1.0,2.0,0.5,0.0,0.0,0.0,0.0,0.0,0.0,0.0,1.0,1.0,0.0,0.0,0.0,1.0,1.0,2.0,-2.0
22200626,1610612755,PHI,Philadelphia,1629680,Matisse Thybulle,Matisse,,,10:52,0.0,0.0,0.0,0.0,0.0,0.0,0.0,0.0,0.0,0.0,0.0,0.0,0.0,1.0,1.0,0.0,3.0,0.0,-27.0
22200626,1610612755,PHI,Philadelphia,1630194,Paul Reed,Paul,,,13:20,2.0,6.0,0.333,0.0,1.0,0.0,0.0,0.0,0.0,4.0,2.0,6.0,0.0,0.0,0.0,0.0,3.0,4.0,-8.0
22200626,1610612755,PHI,Philadelphia,1627788,Furkan Korkmaz,Furkan,,,1:41,1.0,2.0,0.5,0.0,0.0,0.0,0.0,0.0,0.0,0.0,0.0,0.0,0.0,0.0,0.0,0.0,0.0,2.0,-3.0
22200626,1610612755,PHI,Philadelphia,1627863,Danuel House Jr.,Danuel,,,1:41,0.0,1.0,0.0,0.0,1.0,0.0,0.0,0.0,0.0,0.0,0.0,0.0,0.0,0.0,0.0,0.0,0.0,0.0,-3.0
22200631,1610612739,CLE,Cleveland,1630171,Isaac Okoro,Isaac,F,,29:26,4.0,4.0,1.0,1.0,1.0,1.0,2.0,3.0,0.667,1.0,4.0,5.0,0.0,2.0,0.0,1.0,3.0,11.0,4.0
22200631,1610612739,CLE,Cleveland,1630596,Evan Mobley,Evan,F,,24:57,6.0,12.0,0.5,0.0,1.0,0.0,5.0,6.0,0.833,5.0,3.0,8.0,3.0,1.0,1.0,0.0,4.0,17.0,6.0
22200631,1610612739,CLE,Cleveland,1628386,Jarrett Allen,Jarrett,C,,38:45,11.0,17.0,0.647,0.0,1.0,0.0,2.0,2.0,1.0,2.0,8.0,10.0,6.0,1.0,0.0,0.0,3.0,24.0,7.0
22200631,1610612739,CLE,Cleveland,1628378,Donovan Mitchell,Donovan,G,,35:38,11.0,23.0,0.478,2.0,8.0,0.25,2.0,4.0,0.5,1.0,4.0,5.0,5.0,2.0,0.0,3.0,2.0,26.0,10.0
22200631,1610612739,CLE,Cleveland,1629636,Darius Garland,Darius,G,,33:11,5.0,12.0,0.417,2.0,3.0,0.667,8.0,10.0,0.8,0.0,2.0,2.0,10.0,0.0,0.0,4.0,4.0,20.0,7.0
22200631,1610612739,CLE,Cleveland,201567,Kevin Love,Kevin,,,15:02,0.0,4.0,0.0,0.0,2.0,0.0,0.0,0.0,0.0,1.0,5.0,6.0,0.0,0.0,0.0,0.0,0.0,0.0,-4.0
22200631,1610612739,CLE,Cleveland,1627747,Caris LeVert,Caris,,,30:32,2.0,7.0,0.286,0.0,2.0,0.0,0.0,0.0,0.0,2.0,2.0,4.0,3.0,0.0,0.0,2.0,1.0,4.0,0.0
22200631,1610612739,CLE,Cleveland,1630205,Lamar Stevens,Lamar,,,13:34,1.0,3.0,0.333,0.0,0.0,0.0,4.0,4.0,1.0,0.0,0.0,0.0,0.0,0.0,0.0,0.0,2.0,6.0,-9.0
22200631,1610612739,CLE,Cleveland,201937,Ricky Rubio,Ricky,,,10:27,3.0,5.0,0.6,2.0,4.0,0.5,1.0,2.0,0.5,0.0,3.0,3.0,1.0,0.0,0.0,0.0,0.0,9.0,6.0
22200631,1610612739,CLE,Cleveland,1626224,Cedi Osman,Cedi,,,8:28,1.0,2.0,0.5,0.0,0.0,0.0,0.0,0.0,0.0,0.0,1.0,1.0,0.0,0.0,0.0,1.0,0.0,2.0,3.0
22200631,1610612739,CLE,Cleveland,201577,Robin Lopez,Robin,,DNP - Coach's Decision,,,,,,,,,,,,,,,,,,,,
22200631,1610612739,CLE,Cleveland,203526,Raul Neto,Raul,,DNP - Coach's Decision,,,,,,,,,,,,,,,,,,,,
22200631,1610612757,POR,Portland,1628404,Josh Hart,Josh,F,,34:17,1.0,5.0,0.2,0.0,1.0,0.0,3.0,4.0,0.75,0.0,7.0,7.0,3.0,1.0,0.0,2.0,3.0,5.0,-11.0
22200631,1610612757,POR,Portland,203924,Jerami Grant,Jerami,F,,35:55,8.0,16.0,0.5,2.0,7.0,0.286,4.0,7.0,0.571,0.0,1.0,1.0,1.0,2.0,2.0,4.0,5.0,22.0,-3.0
22200631,1610612757,POR,Portland,203994,Jusuf Nurkić,Jusuf,C,,32:12,6.0,10.0,0.6,0.0,3.0,0.0,0.0,1.0,0.0,1.0,11.0,12.0,4.0,1.0,0.0,4.0,5.0,12.0,1.0
22200631,1610612757,POR,Portland,1629014,Anfernee Simons,Anfernee,G,,32:22,6.0,10.0,0.6,3.0,6.0,0.5,0.0,0.0,0.0,0.0,2.0,2.0,5.0,0.0,0.0,1.0,5.0,15.0,-10.0
22200631,1610612757,POR,Portland,203081,Damian Lillard,Damian,G,,40:12,16.0,28.0,0.571,5.0,13.0,0.385,13.0,15.0,0.867,0.0,2.0,2.0,3.0,1.0,0.0,1.0,1.0,50.0,-2.0
22200631,1610612757,POR,Portland,1629234,Drew Eubanks,Drew,,,15:48,1.0,2.0,0.5,1.0,1.0,1.0,0.0,0.0,0.0,2.0,3.0,5.0,0.0,0.0,2.0,1.0,2.0,3.0,-7.0
22200631,1610612757,POR,Portland,1631101,Shaedon Sharpe,Shaedon,,,20:50,1.0,4.0,0.25,0.0,1.0,0.0,0.0,0.0,0.0,0.0,1.0,1.0,0.0,1.0,0.0,2.0,2.0,2.0,6.0
22200631,1610612757,POR,Portland,1631133,Jabari Walker,Jabari,,,7:49,1.0,3.0,0.333,0.0,1.0,0.0,2.0,2.0,1.0,2.0,1.0,3.0,0.0,0.0,0.0,1.0,2.0,4.0,-1.0
22200631,1610612757,POR,Portland,1627780,Gary Payton II,Gary,,,20:35,0.0,0.0,0.0,0.0,0.0,0.0,0.0,0.0,0.0,0.0,3.0,3.0,1.0,0.0,0.0,0.0,2.0,0.0,-3.0
22200631,1610612757,POR,Portland,1630535,Greg Brown III,Greg,,DNP - Coach's Decision,,,,,,,,,,,,,,,,,,,,
22200631,1610612757,POR,Portland,1630553,Keon Johnson,Keon,,DNP - Coach's Decision,,,,,,,,,,,,,,,,,,,,
22200631,1610612757,POR,Portland,1630570,Trendon Watford,Trendon,,DNP - Coach's Decision,,,,,,,,,,,,,,,,,,,,
22200612,1610612765,DET,Detroit,1630180,Saddiq Bey,Saddiq,F,,34:03,4.0,14.0,0.286,0.0,6.0,0.0,9.0,9.0,1.0,0.0,4.0,4.0,2.0,0.0,1.0,0.0,3.0,17.0,-22.0
22200612,1610612765,DET,Detroit,1628995,Kevin Knox II,Kevin,F,,32:32,5.0,11.0,0.455,2.0,6.0,0.333,1.0,2.0,0.5,0.0,2.0,2.0,1.0,0.0,0.0,0.0,3.0,13.0,-35.0
22200612,1610612765,DET,Detroit,203457,Nerlens Noel,Nerlens,C,,20:39,2.0,5.0,0.4,1.0,2.0,0.5,0.0,0.0,0.0,0.0,5.0,5.0,1.0,1.0,3.0,1.0,3.0,5.0,-22.0
22200612,1610612765,DET,Detroit,1631093,Jaden Ivey,Jaden,G,,24:03,4.0,8.0,0.5,3.0,5.0,0.6,6.0,6.0,1.0,0.0,2.0,2.0,4.0,1.0,0.0,4.0,2.0,17.0,-32.0
22200612,1610612765,DET,Detroit,1630165,Killian Hayes,Killian,G,,25:10,2.0,11.0,0.182,1.0,3.0,0.333,0.0,1.0,0.0,0.0,1.0,1.0,6.0,2.0,0.0,1.0,2.0,5.0,-27.0
22200612,1610612765,DET,Detroit,1628977,Hamidou Diallo,Hamidou,,,25:26,6.0,9.0,0.667,0.0,0.0,0.0,2.0,4.0,0.5,3.0,5.0,8.0,1.0,2.0,0.0,1.0,0.0,14.0,-6.0
22200612,1610612765,DET,Detroit,202692,Alec Burks,Alec,,,20:31,5.0,13.0,0.385,1.0,5.0,0.2,5.0,5.0,1.0,0.0,2.0,2.0,0.0,1.0,1.0,3.0,1.0,16.0,-9.0
22200612,1610612765,DET,Detroit,203585,Rodney McGruder,Rodney,,,23:43,5.0,8.0,0.625,5.0,6.0,0.833,2.0,3.0,0.667,0.0,0.0,0.0,0.0,1.0,0.0,1.0,3.0,17.0,-2.0
22200612,1610612765,DET,Detroit,202709,Cory Joseph,Cory,,,21:53,2.0,7.0,0.286,1.0,5.0,0.2,5.0,6.0,0.833,0.0,1.0,1.0,8.0,1.0,0.0,0.0,2.0,10.0,-1.0
22200612,1610612765,DET,Detroit,1631197,Jared Rhoden,Jared,,,12:00,1.0,3.0,0.333,0.0,1.0,0.0,0.0,0.0,0.0,0.0,1.0,1.0,0.0,0.0,0.0,0.0,3.0,2.0,1.0
22200612,1610612765,DET,Detroit,1630587,Isaiah Livers,Isaiah,,DNP - Injury/Illness,,,,,,,,,,,,,,,,,,,,
22200612,1610612765,DET,Detroit,1630191,Isaiah Stewart,Isaiah,,DNP - Injury/Illness,,,,,,,,,,,,,,,,,,,,
22200612,1610612755,PHI,Philadelphia,202699,Tobias Harris,Tobias,F,,26:42,6.0,6.0,1.0,2.0,2.0,1.0,0.0,0.0,0.0,0.0,6.0,6.0,3.0,0.0,0.0,2.0,0.0,14.0,40.0
22200612,1610612755,PHI,Philadelphia,200782,P.J. Tucker,P.J.,F,,21:25,2.0,7.0,0.286,2.0,5.0,0.4,0.0,0.0,0.0,4.0,4.0,8.0,1.0,0.0,0.0,0.0,2.0,6.0,35.0
22200612,1610612755,PHI,Philadelphia,203954,Joel Embiid,Joel,C,,23:56,12.0,20.0,0.6,1.0,3.0,0.333,11.0,11.0,1.0,2.0,9.0,11.0,1.0,0.0,2.0,3.0,3.0,36.0,36.0
22200612,1610612755,PHI,Philadelphia,1630178,Tyrese Maxey,Tyrese,G,,23:15,6.0,11.0,0.545,1.0,4.0,0.25,3.0,3.0,1.0,0.0,1.0,1.0,2.0,1.0,0.0,1.0,3.0,16.0,31.0
22200612,1610612755,PHI,Philadelphia,201935,James Harden,James,G,,26:02,6.0,7.0,0.857,2.0,3.0,0.667,2.0,3.0,0.667,1.0,11.0,12.0,15.0,2.0,0.0,3.0,1.0,16.0,35.0
22200612,1610612755,PHI,Philadelphia,1629001,De'Anthony Melton,De'Anthony,,,17:55,4.0,10.0,0.4,1.0,7.0,0.143,0.0,0.0,0.0,0.0,5.0,5.0,2.0,2.0,0.0,2.0,4.0,9.0,4.0
22200612,1610612755,PHI,Philadelphia,1627777,Georges Niang,Georges,,,11:10,0.0,1.0,0.0,0.0,1.0,0.0,0.0,0.0,0.0,0.0,3.0,3.0,0.0,0.0,0.0,2.0,1.0,0.0,-10.0
22200612,1610612755,PHI,Philadelphia,1629680,Matisse Thybulle,Matisse,,,9:37,2.0,4.0,0.5,0.0,1.0,0.0,0.0,0.0,0.0,1.0,0.0,1.0,1.0,1.0,1.0,0.0,2.0,4.0,-16.0
22200612,1610612755,PHI,Philadelphia,1626149,Montrezl Harrell,Montrezl,,,13:39,3.0,3.0,1.0,0.0,0.0,0.0,2.0,2.0,1.0,0.0,0.0,0.0,2.0,0.0,0.0,3.0,3.0,8.0,-7.0
22200612,1610612755,PHI,Philadelphia,1629003,Shake Milton,Shake,,,23:48,4.0,6.0,0.667,0.0,1.0,0.0,3.0,3.0,1.0,0.0,1.0,1.0,7.0,0.0,2.0,1.0,4.0,11.0,1.0
22200612,1610612755,PHI,Philadelphia,1627788,Furkan Korkmaz,Furkan,,,12:00,1.0,4.0,0.25,1.0,1.0,1.0,1.0,2.0,0.5,0.0,0.0,0.0,0.0,0.0,0.0,0.0,1.0,4.0,-1.0
22200612,1610612755,PHI,Philadelphia,1627863,Danuel House Jr.,Danuel,,,11:23,2.0,4.0,0.5,1.0,3.0,0.333,2.0,2.0,1.0,0.0,2.0,2.0,0.0,0.0,0.0,0.0,1.0,7.0,-1.0
22200612,1610612755,PHI,Philadelphia,1630194,Paul Reed,Paul,,,10:25,2.0,2.0,1.0,0.0,0.0,0.0,2.0,2.0,1.0,0.0,3.0,3.0,1.0,0.0,3.0,1.0,2.0,6.0,2.0
22200612,1610612755,PHI,Philadelphia,1630531,Jaden Springer,Jaden,,,8:43,4.0,4.0,1.0,0.0,0.0,0.0,2.0,2.0,1.0,2.0,0.0,2.0,1.0,1.0,0.0,0.0,2.0,10.0,6.0
22200615,1610612756,PHX,Phoenix,1628470,Torrey Craig,Torrey,F,,33:00,5.0,16.0,0.313,2.0,5.0,0.4,0.0,0.0,0.0,6.0,8.0,14.0,1.0,0.0,2.0,2.0,3.0,12.0,9.0
22200615,1610612756,PHX,Phoenix,203967,Dario Šarić,Dario,F,,30:21,7.0,11.0,0.636,3.0,5.0,0.6,2.0,2.0,1.0,3.0,6.0,9.0,7.0,1.0,0.0,6.0,5.0,19.0,8.0
22200615,1610612756,PHX,Phoenix,202687,Bismack Biyombo,Bismack,C,,17:18,4.0,7.0,0.571,0.0,0.0,0.0,0.0,0.0,0.0,3.0,5.0,8.0,0.0,0.0,2.0,0.0,0.0,8.0,21.0
22200615,1610612756,PHX,Phoenix,1628969,Mikal Bridges,Mikal,G,,40:36,10.0,18.0,0.556,1.0,3.0,0.333,5.0,7.0,0.714,3.0,6.0,9.0,5.0,1.0,3.0,1.0,1.0,26.0,13.0
22200615,1610612756,PHX,Phoenix,1630613,Duane Washington Jr.,Duane,G,,26:58,6.0,17.0,0.353,5.0,9.0,0.556,4.0,4.0,1.0,0.0,1.0,1.0,5.0,1.0,0.0,4.0,2.0,21.0,10.0
22200615,1610612756,PHX,Phoenix,1629111,Jock Landale,Jock,,,22:40,3.0,6.0,0.5,0.0,1.0,0.0,0.0,0.0,0.0,2.0,2.0,4.0,1.0,1.0,0.0,3.0,5.0,6.0,-13.0
22200615,1610612756,PHX,Phoenix,1627814,Damion Lee,Damion,,,30:32,3.0,8.0,0.375,2.0,5.0,0.4,14.0,14.0,1.0,0.0,7.0,7.0,4.0,0.0,0.0,2.0,1.0,22.0,-3.0
22200615,1610612756,PHX,Phoenix,1630688,Ish Wainright,Ish,,,14:18,1.0,1.0,1.0,0.0,0.0,0.0,2.0,2.0,1.0,0.0,0.0,0.0,2.0,0.0,0.0,0.0,1.0,4.0,8.0
22200615,1610612756,PHX,Phoenix,1629006,Josh Okogie,Josh,,,24:17,2.0,6.0,0.333,1.0,3.0,0.333,2.0,2.0,1.0,2.0,3.0,5.0,1.0,1.0,0.0,3.0,4.0,7.0,7.0
22200615,1610612756,PHX,Phoenix,1629028,Deandre Ayton,Deandre,,DND - Injury/Illness,,,,,,,,,,,,,,,,,,,,
22200615,1610612756,PHX,Phoenix,1629013,Landry Shamet,Landry,,DND - Injury/Illness,,,,,,,,,,,,,,,,,,,,
22200615,1610612744,GSW,Golden State,203952,Andrew Wiggins,Andrew,F,,28:36,5.0,16.0,0.313,0.0,4.0,0.0,0.0,1.0,0.0,5.0,0.0,5.0,2.0,5.0,2.0,0.0,2.0,10.0,-15.0
22200615,1610612744,GSW,Golden State,203110,Draymond Green,Draymond,F,,34:21,1.0,5.0,0.2,1.0,3.0,0.333,2.0,2.0,1.0,1.0,11.0,12.0,6.0,3.0,0.0,3.0,4.0,5.0,-2.0
22200615,1610612744,GSW,Golden State,1626172,Kevon Looney,Kevon,C,,21:09,0.0,1.0,0.0,0.0,0.0,0.0,1.0,2.0,0.5,2.0,6.0,8.0,0.0,1.0,0.0,1.0,3.0,1.0,-13.0
22200615,1610612744,GSW,Golden State,202691,Klay Thompson,Klay,G,,34:46,10.0,24.0,0.417,6.0,14.0,0.429,3.0,4.0,0.75,4.0,1.0,5.0,0.0,1.0,0.0,3.0,3.0,29.0,-11.0
22200615,1610612744,GSW,Golden State,201939,Stephen Curry,Stephen,G,,31:16,8.0,22.0,0.364,5.0,15.0,0.333,3.0,4.0,0.75,1.0,0.0,1.0,3.0,1.0,0.0,1.0,4.0,24.0,-19.0
22200615,1610612744,GSW,Golden State,2738,Andre Iguodala,Andre,,,12:32,1.0,1.0,1.0,0.0,0.0,0.0,0.0,0.0,0.0,1.0,0.0,1.0,3.0,0.0,0.0,1.0,3.0,2.0,2.0
22200615,1610612744,GSW,Golden State,1629673,Jordan Poole,Jordan,,,33:30,8.0,15.0,0.533,4.0,7.0,0.571,7.0,8.0,0.875,1.0,4.0,5.0,6.0,1.0,0.0,2.0,4.0,27.0,2.0
22200615,1610612744,GSW,Golden State,1628978,Donte DiVincenzo,Donte,,,17:60,1.0,4.0,0.25,1.0,3.0,0.333,0.0,0.0,0.0,1.0,4.0,5.0,2.0,1.0,0.0,1.0,1.0,3.0,0.0
22200615,1610612744,GSW,Golden State,1630237,Anthony Lamb,Anthony,,,16:53,1.0,5.0,0.2,1.0,2.0,0.5,5.0,6.0,0.833,0.0,2.0,2.0,1.0,0.0,0.0,3.0,2.0,8.0,-7.0
22200615,1610612744,GSW,Golden State,1629660,Ty Jerome,Ty,,,8:60,2.0,3.0,0.667,0.0,0.0,0.0,0.0,0.0,0.0,0.0,1.0,1.0,1.0,0.0,0.0,0.0,0.0,4.0,3.0
22200615,1610612744,GSW,Golden State,1631116,Patrick Baldwin Jr.,Patrick,,DNP - Coach's Decision,,,,,,,,,,,,,,,,,,,,
22200615,1610612744,GSW,Golden State,1630541,Moses Moody,Moses,,DNP - Coach's Decision,,,,,,,,,,,,,,,,,,,,
22200601,1610612750,MIN,Minnesota,1630183,Jaden McDaniels,Jaden,F,,31:16,5.0,9.0,0.556,1.0,4.0,0.25,1.0,3.0,0.333,2.0,7.0,9.0,3.0,2.0,0.0,2.0,2.0,12.0,5.0
22200601,1610612750,MIN,Minnesota,203937,Kyle Anderson,Kyle,F,,34:13,2.0,4.0,0.5,0.0,1.0,0.0,2.0,2.0,1.0,1.0,5.0,6.0,6.0,4.0,1.0,3.0,2.0,6.0,15.0
22200601,1610612750,MIN,Minnesota,203497,Rudy Gobert,Rudy,C,,37:37,8.0,12.0,0.667,0.0,0.0,0.0,2.0,3.0,0.667,4.0,7.0,11.0,0.0,0.0,1.0,2.0,3.0,18.0,16.0
22200601,1610612750,MIN,Minnesota,1630162,Anthony Edwards,Anthony,G,,37:05,6.0,19.0,0.316,3.0,7.0,0.429,6.0,6.0,1.0,0.0,4.0,4.0,3.0,1.0,2.0,3.0,0.0,21.0,2.0
22200601,1610612750,MIN,Minnesota,1626156,D'Angelo Russell,D'Angelo,G,,32:46,6.0,13.0,0.462,4.0,7.0,0.571,6.0,6.0,1.0,0.0,3.0,3.0,6.0,0.0,0.0,4.0,2.0,22.0,-1.0
22200601,1610612750,MIN,Minnesota,1629669,Jaylen Nowell,Jaylen,,,11:06,1.0,6.0,0.167,0.0,3.0,0.0,1.0,2.0,0.5,0.0,3.0,3.0,1.0,0.0,0.0,1.0,3.0,3.0,-3.0
22200601,1610612750,MIN,Minnesota,1627752,Taurean Prince,Taurean,,,26:42,6.0,10.0,0.6,2.0,4.0,0.5,0.0,0.0,0.0,0.0,0.0,0.0,4.0,0.0,0.0,1.0,4.0,14.0,19.0
22200601,1610612750,MIN,Minnesota,1629675,Naz Reid,Naz,,,10:23,3.0,4.0,0.75,0.0,0.0,0.0,0.0,0.0,0.0,2.0,3.0,5.0,0.0,1.0,0.0,0.0,1.0,6.0,-8.0
22200601,1610612750,MIN,Minnesota,203085,Austin Rivers,Austin,,,18:52,1.0,3.0,0.333,0.0,2.0,0.0,0.0,0.0,0.0,0.0,3.0,3.0,0.0,0.0,0.0,1.0,1.0,2.0,-5.0
22200601,1610612750,MIN,Minnesota,1627854,Bryn Forbes,Bryn,,DNP - Coach's Decision,,,,,,,,,,,,,,,,,,,,
22200601,1610612750,MIN,Minnesota,1630568,Luka Garza,Luka,,DNP - Coach's Decision,,,,,,,,,,,,,,,,,,,,
22200601,1610612750,MIN,Minnesota,1630233,Nathan Knight,Nathan,,DNP - Coach's Decision,,,,,,,,,,,,,,,,,,,,
22200601,1610612750,MIN,Minnesota,1631169,Josh Minott,Josh,,DNP - Coach's Decision,,,,,,,,,,,,,,,,,,,,
22200601,1610612750,MIN,Minnesota,1631111,Wendell Moore Jr.,Wendell,,DNP - Coach's Decision,,,,,,,,,,,,,,,,,,,,
22200601,1610612750,MIN,Minnesota,1630346,Matt Ryan,Matt,,DNP - Coach's Decision,,,,,,,,,,,,,,,,,,,,
22200601,1610612745,HOU,Houston,201569,Eric Gordon,Eric,F,,29:08,4.0,7.0,0.571,1.0,3.0,0.333,2.0,2.0,1.0,1.0,0.0,1.0,4.0,0.0,1.0,0.0,0.0,11.0,1.0
22200601,1610612745,HOU,Houston,1631095,Jabari Smith Jr.,Jabari,F,,31:52,4.0,12.0,0.333,0.0,5.0,0.0,1.0,2.0,0.5,1.0,5.0,6.0,2.0,3.0,1.0,1.0,3.0,9.0,-8.0
22200601,1610612745,HOU,Houston,1630578,Alperen Sengun,Alperen,C,,35:17,8.0,15.0,0.533,0.0,0.0,0.0,2.0,4.0,0.5,3.0,5.0,8.0,2.0,0.0,1.0,5.0,5.0,18.0,-11.0
22200601,1610612745,HOU,Houston,1630224,Jalen Green,Jalen,G,,33:09,4.0,15.0,0.267,1.0,6.0,0.167,0.0,0.0,0.0,0.0,5.0,5.0,5.0,2.0,0.0,3.0,2.0,9.0,3.0
22200601,1610612745,HOU,Houston,1629645,Kevin Porter Jr.,Kevin,G,,37:41,9.0,15.0,0.6,5.0,9.0,0.556,2.0,4.0,0.5,2.0,4.0,6.0,5.0,1.0,1.0,5.0,2.0,25.0,-12.0
22200601,1610612745,HOU,Houston,1630256,Jae'Sean Tate,Jae'Sean,,,17:58,1.0,6.0,0.167,1.0,4.0,0.25,0.0,0.0,0.0,2.0,2.0,4.0,4.0,1.0,1.0,3.0,2.0,3.0,1.0
22200601,1610612745,HOU,Houston,1630586,Usman Garuba,Usman,,,9:14,1.0,1.0,1.0,0.0,0.0,0.0,1.0,1.0,1.0,1.0,0.0,1.0,0.0,0.0,1.0,0.0,1.0,3.0,5.0
22200601,1610612745,HOU,Houston,1631106,Tari Eason,Tari,,,16:08,1.0,5.0,0.2,1.0,2.0,0.5,0.0,0.0,0.0,0.0,4.0,4.0,2.0,1.0,1.0,0.0,2.0,3.0,0.0
22200601,1610612745,HOU,Houston,1630231,KJ Martin,KJ,,,21:36,5.0,8.0,0.625,1.0,3.0,0.333,1.0,2.0,0.5,2.0,3.0,5.0,2.0,0.0,0.0,1.0,2.0,12.0,-6.0
22200601,1610612745,HOU,Houston,1629726,Garrison Mathews,Garrison,,,7:57,1.0,5.0,0.2,1.0,4.0,0.25,0.0,0.0,0.0,0.0,1.0,1.0,0.0,0.0,0.0,0.0,0.0,3.0,-13.0
22200601,1610612745,HOU,Houston,1630528,Josh Christopher,Josh,,DNP - Coach's Decision,,,,,,,,,,,,,,,,,,,,
22200601,1610612745,HOU,Houston,1628981,Bruno Fernando,Bruno,,DNP - Coach's Decision,,,,,,,,,,,,,,,,,,,,
22200601,1610612745,HOU,Houston,1626246,Boban Marjanović,Boban,,DNP - Coach's Decision,,,,,,,,,,,,,,,,,,,,
22200601,1610612745,HOU,Houston,1630227,Daishen Nix,Daishen,,DNP - Coach's Decision,,,,,,,,,,,,,,,,,,,,
22200591,1610612738,BOS,Boston,1627759,Jaylen Brown,Jaylen,F,,38:46,12.0,26.0,0.462,2.0,7.0,0.286,3.0,6.0,0.5,1.0,3.0,4.0,2.0,2.0,2.0,6.0,4.0,29.0,3.0
22200591,1610612738,BOS,Boston,1628369,Jayson Tatum,Jayson,F,,36:02,13.0,26.0,0.5,5.0,10.0,0.5,3.0,5.0,0.6,0.0,4.0,4.0,2.0,0.0,0.0,2.0,3.0,34.0,2.0
22200591,1610612738,BOS,Boston,201143,Al Horford,Al,C,,31:29,2.0,7.0,0.286,0.0,3.0,0.0,0.0,0.0,0.0,3.0,8.0,11.0,1.0,0.0,0.0,1.0,3.0,4.0,2.0
22200591,1610612738,BOS,Boston,1628401,Derrick White,Derrick,G,,31:59,3.0,7.0,0.429,1.0,2.0,0.5,1.0,1.0,1.0,0.0,5.0,5.0,11.0,0.0,3.0,0.0,0.0,8.0,-2.0
22200591,1610612738,BOS,Boston,203935,Marcus Smart,Marcus,G,,21:33,2.0,4.0,0.5,1.0,3.0,0.333,0.0,0.0,0.0,0.0,2.0,2.0,4.0,0.0,1.0,3.0,2.0,5.0,0.0
22200591,1610612738,BOS,Boston,1629684,Grant Williams,Grant,,,17:37,0.0,3.0,0.0,0.0,1.0,0.0,2.0,2.0,1.0,0.0,3.0,3.0,0.0,1.0,0.0,1.0,0.0,2.0,3.0
22200591,1610612738,BOS,Boston,1629057,Robert Williams III,Robert,,,21:45,5.0,6.0,0.833,0.0,0.0,0.0,0.0,0.0,0.0,4.0,7.0,11.0,3.0,2.0,4.0,0.0,1.0,10.0,1.0
22200591,1610612738,BOS,Boston,1627763,Malcolm Brogdon,Malcolm,,,28:26,8.0,12.0,0.667,5.0,6.0,0.833,2.0,2.0,1.0,0.0,2.0,2.0,7.0,0.0,0.0,0.0,1.0,23.0,10.0
22200591,1610612738,BOS,Boston,1630573,Sam Hauser,Sam,,,12:23,2.0,4.0,0.5,1.0,2.0,0.5,1.0,2.0,0.5,0.0,1.0,1.0,0.0,1.0,0.0,1.0,1.0,6.0,6.0
22200591,1610612738,BOS,Boston,201933,Blake Griffin,Blake,,DNP - Coach's Decision,,,,,,,,,,,,,,,,,,,,
22200591,1610612738,BOS,Boston,1628382,Justin Jackson,Justin,,DNP - Coach's Decision,,,,,,,,,,,,,,,,,,,,
22200591,1610612738,BOS,Boston,1628436,Luke Kornet,Luke,,DNP - Coach's Decision,,,,,,,,,,,,,,,,,,,,
22200591,1610612738,BOS,Boston,1630202,Payton Pritchard,Payton,,DNP - Coach's Decision,,,,,,,,,,,,,,,,,,,,
22200591,1610612759,SAS,San Antonio,1628966,Keita Bates-Diop,Keita,F,,21:39,2.0,6.0,0.333,0.0,1.0,0.0,0.0,0.0,0.0,2.0,2.0,4.0,0.0,1.0,1.0,2.0,1.0,4.0,-8.0
22200591,1610612759,SAS,San Antonio,1631110,Jeremy Sochan,Jeremy,F,,27:17,4.0,10.0,0.4,1.0,4.0,0.25,2.0,2.0,1.0,1.0,4.0,5.0,3.0,1.0,0.0,2.0,3.0,11.0,0.0
22200591,1610612759,SAS,San Antonio,1628380,Zach Collins,Zach,C,,34:27,8.0,13.0,0.615,0.0,2.0,0.0,2.0,3.0,0.667,4.0,8.0,12.0,5.0,0.0,0.0,2.0,1.0,18.0,-4.0
22200591,1610612759,SAS,San Antonio,1629641,Romeo Langford,Romeo,G,,31:10,7.0,15.0,0.467,0.0,0.0,0.0,0.0,0.0,0.0,2.0,5.0,7.0,1.0,0.0,0.0,0.0,3.0,14.0,0.0
22200591,1610612759,SAS,San Antonio,1630200,Tre Jones,Tre,G,,30:09,8.0,18.0,0.444,0.0,1.0,0.0,2.0,2.0,1.0,1.0,4.0,5.0,5.0,1.0,0.0,1.0,2.0,18.0,-4.0
22200591,1610612759,SAS,San Antonio,1626196,Josh Richardson,Josh,,,28:52,7.0,14.0,0.5,4.0,9.0,0.444,0.0,0.0,0.0,0.0,3.0,3.0,4.0,1.0,2.0,3.0,0.0,18.0,6.0
22200591,1610612759,SAS,San Antonio,1629646,Charles Bassey,Charles,,,13:32,0.0,0.0,0.0,0.0,0.0,0.0,0.0,0.0,0.0,0.0,5.0,5.0,1.0,0.0,0.0,2.0,2.0,0.0,0.0
22200591,1610612759,SAS,San Antonio,1631103,Malaki Branham,Malaki,,,19:38,5.0,10.0,0.5,0.0,3.0,0.0,0.0,0.0,0.0,0.0,2.0,2.0,3.0,2.0,0.0,0.0,1.0,10.0,-7.0
22200591,1610612759,SAS,San Antonio,1626169,Stanley Johnson,Stanley,,,12:18,3.0,7.0,0.429,0.0,2.0,0.0,4.0,5.0,0.8,2.0,2.0,4.0,2.0,0.0,0.0,1.0,3.0,10.0,-5.0
22200591,1610612759,SAS,San Antonio,203926,Doug McDermott,Doug,,,20:21,5.0,7.0,0.714,2.0,3.0,0.667,1.0,2.0,0.5,0.0,3.0,3.0,1.0,0.0,0.0,0.0,3.0,13.0,-3.0
22200591,1610612759,SAS,San Antonio,1629676,Isaiah Roby,Isaiah,,,0:37,0.0,0.0,0.0,0.0,0.0,0.0,0.0,0.0,0.0,0.0,1.0,1.0,0.0,0.0,0.0,0.0,1.0,0.0,0.0
22200591,1610612759,SAS,San Antonio,1631104,Blake Wesley,Blake,,DNP - Coach's Decision,,,,,,,,,,,,,,,,,,,,
22200578,1610612762,UTA,Utah,1628374,Lauri Markkanen,Lauri,F,,36:08,15.0,27.0,0.556,6.0,15.0,0.4,13.0,13.0,1.0,1.0,7.0,8.0,1.0,0.0,1.0,0.0,0.0,49.0,16.0
22200578,1610612762,UTA,Utah,203482,Kelly Olynyk,Kelly,F,,21:12,1.0,6.0,0.167,0.0,3.0,0.0,0.0,0.0,0.0,0.0,4.0,4.0,4.0,2.0,1.0,1.0,5.0,2.0,-1.0
22200578,1610612762,UTA,Utah,1629020,Jarred Vanderbilt,Jarred,C,,30:44,1.0,1.0,1.0,0.0,0.0,0.0,3.0,4.0,0.75,1.0,8.0,9.0,5.0,2.0,0.0,3.0,3.0,5.0,11.0
22200578,1610612762,UTA,Utah,203903,Jordan Clarkson,Jordan,G,,32:09,7.0,16.0,0.438,3.0,7.0,0.429,2.0,2.0,1.0,2.0,2.0,4.0,5.0,2.0,0.0,2.0,2.0,19.0,22.0
22200578,1610612762,UTA,Utah,201144,Mike Conley,Mike,G,,31:50,3.0,10.0,0.3,1.0,5.0,0.2,2.0,2.0,1.0,1.0,3.0,4.0,11.0,0.0,0.0,0.0,1.0,9.0,18.0
22200578,1610612762,UTA,Utah,1629659,Talen Horton-Tucker,Talen,,,16:10,2.0,4.0,0.5,0.0,1.0,0.0,0.0,0.0,0.0,0.0,2.0,2.0,4.0,1.0,0.0,1.0,2.0,4.0,-1.0
22200578,1610612762,UTA,Utah,200752,Rudy Gay,Rudy,,,16:25,2.0,4.0,0.5,1.0,2.0,0.5,0.0,0.0,0.0,2.0,4.0,6.0,2.0,1.0,1.0,1.0,1.0,5.0,10.0
22200578,1610612762,UTA,Utah,1631117,Walker Kessler,Walker,,,17:16,4.0,6.0,0.667,0.0,0.0,0.0,0.0,0.0,0.0,2.0,2.0,4.0,1.0,1.0,2.0,0.0,1.0,8.0,6.0
22200578,1610612762,UTA,Utah,1627736,Malik Beasley,Malik,,,20:25,7.0,14.0,0.5,5.0,11.0,0.455,0.0,0.0,0.0,0.0,0.0,0.0,0.0,1.0,0.0,0.0,1.0,19.0,-4.0
22200578,1610612762,UTA,Utah,1630534,Ochai Agbaji,Ochai,,,17:41,4.0,5.0,0.8,3.0,4.0,0.75,0.0,0.0,0.0,0.0,1.0,1.0,0.0,0.0,0.0,0.0,4.0,11.0,8.0
22200578,1610612762,UTA,Utah,1629638,Nickeil Alexander-Walker,Nickeil,,DNP - Coach's Decision,,,,,,,,,,,,,,,,,,,,
22200578,1610612762,UTA,Utah,1628962,Udoka Azubuike,Udoka,,DNP - Coach's Decision,,,,,,,,,,,,,,,,,,,,
22200578,1610612762,UTA,Utah,1631323,Simone Fontecchio,Simone,,DNP - Coach's Decision,,,,,,,,,,,,,,,,,,,,
22200578,1610612745,HOU,Houston,201569,Eric Gordon,Eric,F,,30:46,3.0,6.0,0.5,3.0,6.0,0.5,3.0,3.0,1.0,0.0,3.0,3.0,2.0,0.0,0.0,0.0,0.0,12.0,-1.0
22200578,1610612745,HOU,Houston,1631095,Jabari Smith Jr.,Jabari,F,,20:04,1.0,5.0,0.2,1.0,4.0,0.25,0.0,0.0,0.0,0.0,5.0,5.0,1.0,0.0,0.0,3.0,4.0,3.0,-19.0
22200578,1610612745,HOU,Houston,1630578,Alperen Sengun,Alperen,C,,32:28,7.0,14.0,0.5,0.0,0.0,0.0,6.0,8.0,0.75,8.0,6.0,14.0,3.0,1.0,1.0,3.0,5.0,20.0,-2.0
22200578,1610612745,HOU,Houston,1630224,Jalen Green,Jalen,G,,37:36,8.0,24.0,0.333,4.0,12.0,0.333,10.0,11.0,0.909,0.0,4.0,4.0,4.0,0.0,0.0,3.0,1.0,30.0,-12.0
22200578,1610612745,HOU,Houston,1629645,Kevin Porter Jr.,Kevin,G,,37:15,8.0,22.0,0.364,5.0,13.0,0.385,2.0,2.0,1.0,1.0,5.0,6.0,2.0,0.0,0.0,2.0,5.0,23.0,-22.0
22200578,1610612745,HOU,Houston,1630256,Jae'Sean Tate,Jae'Sean,,,19:15,5.0,8.0,0.625,1.0,2.0,0.5,0.0,0.0,0.0,1.0,1.0,2.0,2.0,2.0,0.0,0.0,2.0,11.0,-18.0
22200578,1610612745,HOU,Houston,1630586,Usman Garuba,Usman,,,15:32,2.0,2.0,1.0,0.0,0.0,0.0,0.0,0.0,0.0,1.0,3.0,4.0,1.0,0.0,0.0,1.0,3.0,4.0,-15.0
22200578,1610612745,HOU,Houston,1630231,KJ Martin,KJ,,,22:43,2.0,6.0,0.333,1.0,3.0,0.333,2.0,2.0,1.0,1.0,4.0,5.0,2.0,0.0,0.0,1.0,0.0,7.0,0.0
22200578,1610612745,HOU,Houston,1631106,Tari Eason,Tari,,,20:26,2.0,5.0,0.4,0.0,2.0,0.0,0.0,0.0,0.0,2.0,4.0,6.0,2.0,1.0,2.0,1.0,1.0,4.0,10.0
22200578,1610612745,HOU,Houston,1629726,Garrison Mathews,Garrison,,,3:55,0.0,0.0,0.0,0.0,0.0,0.0,0.0,0.0,0.0,0.0,0.0,0.0,0.0,0.0,0.0,0.0,0.0,0.0,-6.0
22200578,1610612745,HOU,Houston,1630528,Josh Christopher,Josh,,DNP - Coach's Decision,,,,,,,,,,,,,,,,,,,,
22200578,1610612745,HOU,Houston,1628981,Bruno Fernando,Bruno,,DNP - Coach's Decision,,,,,,,,,,,,,,,,,,,,
22200578,1610612745,HOU,Houston,1626246,Boban Marjanović,Boban,,DNP - Coach's Decision,,,,,,,,,,,,,,,,,,,,
22200578,1610612745,HOU,Houston,1630227,Daishen Nix,Daishen,,DNP - Coach's Decision,,,,,,,,,,,,,,,,,,,,
22200578,1610612745,HOU,Houston,1631102,TyTy Washington Jr.,TyTy,,DNP - Coach's Decision,,,,,,,,,,,,,,,,,,,,
22200569,1610612749,MIL,Milwaukee,1626192,Pat Connaughton,Pat,F,,39:53,5.0,12.0,0.417,5.0,11.0,0.455,0.0,0.0,0.0,2.0,4.0,6.0,1.0,0.0,0.0,0.0,0.0,15.0,6.0
22200569,1610612749,MIL,Milwaukee,203507,Giannis Antetokounmpo,Giannis,F,,39:42,7.0,18.0,0.389,1.0,3.0,0.333,15.0,21.0,0.714,2.0,19.0,21.0,10.0,0.0,1.0,12.0,4.0,30.0,20.0
22200569,1610612749,MIL,Milwaukee,201572,Brook Lopez,Brook,C,,38:13,4.0,11.0,0.364,1.0,3.0,0.333,0.0,1.0,0.0,3.0,16.0,19.0,2.0,0.0,2.0,2.0,5.0,9.0,17.0
22200569,1610612749,MIL,Milwaukee,1628960,Grayson Allen,Grayson,G,,32:08,4.0,9.0,0.444,2.0,5.0,0.4,6.0,8.0,0.75,1.0,3.0,4.0,5.0,1.0,0.0,1.0,2.0,16.0,8.0
22200569,1610612749,MIL,Milwaukee,1628975,Jevon Carter,Jevon,G,,22:58,0.0,5.0,0.0,0.0,3.0,0.0,0.0,0.0,0.0,0.0,2.0,2.0,3.0,0.0,0.0,1.0,4.0,0.0,-10.0
22200569,1610612749,MIL,Milwaukee,1626171,Bobby Portis,Bobby,,,32:58,7.0,16.0,0.438,0.0,4.0,0.0,0.0,0.0,0.0,2.0,10.0,12.0,0.0,1.0,1.0,4.0,2.0,14.0,-15.0
22200569,1610612749,MIL,Milwaukee,1629670,Jordan Nwora,Jordan,,,13:58,2.0,5.0,0.4,1.0,2.0,0.5,0.0,0.0,0.0,0.0,1.0,1.0,2.0,1.0,0.0,2.0,2.0,5.0,-15.0
22200569,1610612749,MIL,Milwaukee,1630699,MarJon Beauchamp,MarJon,,,22:00,4.0,6.0,0.667,2.0,3.0,0.667,0.0,0.0,0.0,2.0,2.0,4.0,2.0,0.0,0.0,3.0,3.0,10.0,-7.0
22200569,1610612749,MIL,Milwaukee,1630572,Sandro Mamukelashvili,Sandro,,,9:58,0.0,1.0,0.0,0.0,1.0,0.0,0.0,0.0,0.0,1.0,1.0,2.0,1.0,0.0,0.0,0.0,1.0,0.0,-4.0
22200569,1610612749,MIL,Milwaukee,1631260,AJ Green,AJ,,,12:32,2.0,4.0,0.5,1.0,3.0,0.333,0.0,0.0,0.0,0.0,2.0,2.0,0.0,1.0,0.0,0.0,1.0,5.0,21.0
22200569,1610612749,MIL,Milwaukee,203648,Thanasis Antetokounmpo,Thanasis,,,0:39,0.0,1.0,0.0,0.0,1.0,0.0,0.0,0.0,0.0,0.0,0.0,0.0,0.0,0.0,0.0,0.0,0.0,0.0,-6.0
22200569,1610612749,MIL,Milwaukee,201586,Serge Ibaka,Serge,,DNP - Coach's Decision,,,,,,,,,,,,,,,,,,,,
22200569,1610612749,MIL,Milwaukee,202083,Wesley Matthews,Wesley,,DNP - Coach's Decision,,,,,,,,,,,,,,,,,,,,
22200569,1610612761,TOR,Toronto,1628384,OG Anunoby,OG,F,,46:26,6.0,18.0,0.333,2.0,8.0,0.25,0.0,0.0,0.0,2.0,7.0,9.0,0.0,4.0,0.0,1.0,2.0,14.0,-5.0
22200569,1610612761,TOR,Toronto,1630567,Scottie Barnes,Scottie,F,,34:57,9.0,19.0,0.474,0.0,4.0,0.0,1.0,3.0,0.333,1.0,3.0,4.0,3.0,0.0,1.0,1.0,5.0,19.0,-1.0
22200569,1610612761,TOR,Toronto,1627783,Pascal Siakam,Pascal,C,,40:19,4.0,18.0,0.222,0.0,2.0,0.0,3.0,4.0,0.75,4.0,4.0,8.0,4.0,0.0,1.0,3.0,5.0,11.0,1.0
22200569,1610612761,TOR,Toronto,1629018,Gary Trent Jr.,Gary,G,,45:23,8.0,23.0,0.348,3.0,12.0,0.25,3.0,3.0,1.0,1.0,4.0,5.0,3.0,2.0,0.0,0.0,2.0,22.0,1.0
22200569,1610612761,TOR,Toronto,1627832,Fred VanVleet,Fred,G,,46:50,8.0,23.0,0.348,4.0,14.0,0.286,8.0,8.0,1.0,2.0,6.0,8.0,12.0,3.0,0.0,1.0,4.0,28.0,6.0
22200569,1610612761,TOR,Toronto,1628449,Chris Boucher,Chris,,,22:10,2.0,8.0,0.25,0.0,3.0,0.0,1.0,2.0,0.5,3.0,3.0,6.0,0.0,1.0,2.0,0.0,3.0,5.0,-11.0
22200569,1610612761,TOR,Toronto,1630173,Precious Achiuwa,Precious,,,11:53,1.0,5.0,0.2,0.0,2.0,0.0,0.0,0.0,0.0,1.0,1.0,2.0,0.0,0.0,0.0,1.0,0.0,2.0,-5.0
22200569,1610612761,TOR,Toronto,1630201,Malachi Flynn,Malachi,,,11:35,0.0,2.0,0.0,0.0,1.0,0.0,0.0,0.0,0.0,0.0,4.0,4.0,0.0,0.0,0.0,1.0,2.0,0.0,-6.0
22200569,1610612761,TOR,Toronto,1627823,Juancho Hernangomez,Juancho,,,5:27,0.0,0.0,0.0,0.0,0.0,0.0,0.0,0.0,0.0,0.0,1.0,1.0,0.0,0.0,0.0,0.0,0.0,0.0,5.0
22200569,1610612761,TOR,Toronto,203920,Khem Birch,Khem,,DNP - Coach's Decision,,,,,,,,,,,,,,,,,,,,
22200569,1610612761,TOR,Toronto,1630288,Jeff Dowtin Jr.,Jeff,,DNP - Coach's Decision,,,,,,,,,,,,,,,,,,,,
22200569,1610612761,TOR,Toronto,1631132,Christian Koloko,Christian,,DNP - Coach's Decision,,,,,,,,,,,,,,,,,,,,
22200569,1610612761,TOR,Toronto,201152,Thaddeus Young,Thaddeus,,DNP - Coach's Decision,,,,,,,,,,,,,,,,,,,,
22200565,1610612756,PHX,Phoenix,1628969,Mikal Bridges,Mikal,F,,36:03,3.0,15.0,0.2,1.0,4.0,0.25,3.0,4.0,0.75,2.0,5.0,7.0,4.0,1.0,2.0,1.0,1.0,10.0,-12.0
22200565,1610612756,PHX,Phoenix,203967,Dario Šarić,Dario,F,,18:34,4.0,7.0,0.571,2.0,3.0,0.667,0.0,0.0,0.0,0.0,4.0,4.0,1.0,0.0,0.0,1.0,2.0,10.0,-2.0
22200565,1610612756,PHX,Phoenix,1629028,Deandre Ayton,Deandre,C,,36:40,7.0,12.0,0.583,0.0,1.0,0.0,1.0,2.0,0.5,2.0,16.0,18.0,1.0,1.0,0.0,3.0,2.0,15.0,-5.0
22200565,1610612756,PHX,Phoenix,1629013,Landry Shamet,Landry,G,,36:15,4.0,12.0,0.333,2.0,6.0,0.333,4.0,4.0,1.0,0.0,4.0,4.0,3.0,1.0,0.0,0.0,5.0,14.0,0.0
22200565,1610612756,PHX,Phoenix,101108,Chris Paul,Chris,G,,40:09,9.0,17.0,0.529,3.0,5.0,0.6,4.0,4.0,1.0,0.0,4.0,4.0,8.0,2.0,0.0,1.0,3.0,25.0,7.0
22200565,1610612756,PHX,Phoenix,1628470,Torrey Craig,Torrey,,,23:55,1.0,3.0,0.333,0.0,1.0,0.0,2.0,2.0,1.0,3.0,2.0,5.0,3.0,1.0,0.0,1.0,0.0,4.0,-5.0
22200565,1610612756,PHX,Phoenix,1626166,Cameron Payne,Cameron,,,8:35,1.0,5.0,0.2,0.0,2.0,0.0,0.0,0.0,0.0,0.0,1.0,1.0,2.0,0.0,0.0,3.0,1.0,2.0,-2.0
22200565,1610612756,PHX,Phoenix,1627814,Damion Lee,Damion,,,16:25,1.0,4.0,0.25,0.0,2.0,0.0,0.0,0.0,0.0,0.0,2.0,2.0,2.0,1.0,1.0,1.0,1.0,2.0,-2.0
22200565,1610612756,PHX,Phoenix,1630688,Ish Wainright,Ish,,,11:37,2.0,4.0,0.5,2.0,3.0,0.667,0.0,0.0,0.0,1.0,0.0,1.0,0.0,1.0,0.0,1.0,2.0,6.0,10.0
22200565,1610612756,PHX,Phoenix,202687,Bismack Biyombo,Bismack,,,9:28,0.0,0.0,0.0,0.0,0.0,0.0,0.0,2.0,0.0,0.0,3.0,3.0,0.0,0.0,0.0,1.0,1.0,0.0,5.0
22200565,1610612756,PHX,Phoenix,1630613,Duane Washington Jr.,Duane,,,2:18,0.0,2.0,0.0,0.0,1.0,0.0,0.0,0.0,0.0,0.0,0.0,0.0,0.0,0.0,0.0,0.0,1.0,0.0,-4.0
22200565,1610612756,PHX,Phoenix,1629111,Jock Landale,Jock,,DNP - Coach's Decision,,,,,,,,,,,,,,,,,,,,
22200565,1610612756,PHX,Phoenix,1629006,Josh Okogie,Josh,,DNP - Coach's Decision,,,,,,,,,,,,,,,,,,,,
22200565,1610612739,CLE,Cleveland,1630171,Isaac Okoro,Isaac,F,,19:16,3.0,7.0,0.429,1.0,3.0,0.333,0.0,1.0,0.0,0.0,4.0,4.0,1.0,0.0,0.0,0.0,2.0,7.0,5.0
22200565,1610612739,CLE,Cleveland,1630596,Evan Mobley,Evan,F,,31:46,2.0,9.0,0.222,0.0,0.0,0.0,2.0,2.0,1.0,1.0,7.0,8.0,1.0,2.0,0.0,4.0,1.0,6.0,-8.0
22200565,1610612739,CLE,Cleveland,1628386,Jarrett Allen,Jarrett,C,,32:38,1.0,3.0,0.333,0.0,1.0,0.0,0.0,0.0,0.0,0.0,8.0,8.0,0.0,1.0,1.0,1.0,1.0,2.0,5.0
22200565,1610612739,CLE,Cleveland,1627747,Caris LeVert,Caris,G,,37:51,7.0,11.0,0.636,5.0,7.0,0.714,2.0,3.0,0.667,1.0,5.0,6.0,2.0,2.0,1.0,2.0,1.0,21.0,-8.0
22200565,1610612739,CLE,Cleveland,1628378,Donovan Mitchell,Donovan,G,,36:15,6.0,20.0,0.3,3.0,12.0,0.25,5.0,5.0,1.0,1.0,5.0,6.0,9.0,2.0,0.0,4.0,4.0,20.0,9.0
22200565,1610612739,CLE,Cleveland,1626224,Cedi Osman,Cedi,,,33:14,4.0,12.0,0.333,2.0,6.0,0.333,2.0,4.0,0.5,1.0,2.0,3.0,1.0,1.0,0.0,1.0,0.0,12.0,11.0
22200565,1610612739,CLE,Cleveland,201567,Kevin Love,Kevin,,,22:09,1.0,7.0,0.143,0.0,6.0,0.0,4.0,4.0,1.0,2.0,6.0,8.0,1.0,0.0,1.0,2.0,4.0,6.0,-1.0
22200565,1610612739,CLE,Cleveland,203526,Raul Neto,Raul,,,21:03,5.0,7.0,0.714,0.0,1.0,0.0,4.0,4.0,1.0,0.0,2.0,2.0,0.0,1.0,1.0,0.0,2.0,14.0,4.0
22200565,1610612739,CLE,Cleveland,1630205,Lamar Stevens,Lamar,,,5:48,1.0,1.0,1.0,0.0,0.0,0.0,0.0,0.0,0.0,1.0,0.0,1.0,0.0,0.0,0.0,0.0,2.0,2.0,-7.0
22200565,1610612739,CLE,Cleveland,201577,Robin Lopez,Robin,,DNP - Coach's Decision,,,,,,,,,,,,,,,,,,,,
22200565,1610612739,CLE,Cleveland,1630600,Isaiah Mobley,Isaiah,,DNP - Coach's Decision,,,,,,,,,,,,,,,,,,,,
22200566,1610612760,OKC,Oklahoma City,1629652,Luguentz Dort,Luguentz,F,,30:09,3.0,11.0,0.273,3.0,6.0,0.5,4.0,4.0,1.0,0.0,2.0,2.0,1.0,1.0,0.0,1.0,3.0,13.0,-14.0
22200566,1610612760,OKC,Oklahoma City,1631114,Jalen Williams,Jalen,F,,27:59,2.0,8.0,0.25,0.0,2.0,0.0,0.0,0.0,0.0,0.0,3.0,3.0,4.0,5.0,1.0,1.0,2.0,4.0,-9.0
22200566,1610612760,OKC,Oklahoma City,1631119,Jaylin Williams,Jaylin,C,,11:35,1.0,4.0,0.25,0.0,1.0,0.0,1.0,2.0,0.5,0.0,2.0,2.0,0.0,0.0,0.0,0.0,1.0,3.0,-3.0
22200566,1610612760,OKC,Oklahoma City,1630581,Josh Giddey,Josh,G,,31:17,7.0,17.0,0.412,2.0,7.0,0.286,0.0,0.0,0.0,1.0,4.0,5.0,4.0,0.0,0.0,3.0,2.0,16.0,-18.0
22200566,1610612760,OKC,Oklahoma City,1628983,Shai Gilgeous-Alexander,Shai,G,,35:13,8.0,19.0,0.421,0.0,1.0,0.0,17.0,18.0,0.944,1.0,3.0,4.0,4.0,1.0,1.0,3.0,3.0,33.0,-3.0
22200566,1610612760,OKC,Oklahoma City,1630544,Tre Mann,Tre,,,20:46,1.0,5.0,0.2,0.0,2.0,0.0,0.0,0.0,0.0,0.0,2.0,2.0,4.0,0.0,0.0,0.0,2.0,2.0,0.0
22200566,1610612760,OKC,Oklahoma City,203488,Mike Muscala,Mike,,,19:55,3.0,4.0,0.75,3.0,4.0,0.75,2.0,2.0,1.0,0.0,2.0,2.0,0.0,1.0,0.0,0.0,2.0,11.0,1.0
22200566,1610612760,OKC,Oklahoma City,1630198,Isaiah Joe,Isaiah,,,19:34,3.0,6.0,0.5,3.0,6.0,0.5,4.0,5.0,0.8,0.0,1.0,1.0,1.0,0.0,0.0,0.0,1.0,13.0,4.0
22200566,1610612760,OKC,Oklahoma City,1629026,Kenrich Williams,Kenrich,,,20:20,5.0,7.0,0.714,2.0,2.0,1.0,0.0,0.0,0.0,5.0,4.0,9.0,1.0,1.0,0.0,1.0,5.0,12.0,-14.0
22200566,1610612760,OKC,Oklahoma City,1630598,Aaron Wiggins,Aaron,,,10:46,1.0,3.0,0.333,0.0,1.0,0.0,0.0,0.0,0.0,0.0,0.0,0.0,2.0,0.0,0.0,0.0,1.0,2.0,-9.0
22200566,1610612760,OKC,Oklahoma City,1630322,Lindy Waters III,Lindy,,,12:26,2.0,5.0,0.4,2.0,5.0,0.4,0.0,0.0,0.0,2.0,1.0,3.0,2.0,0.0,1.0,0.0,1.0,6.0,10.0
22200566,1610612760,OKC,Oklahoma City,1629647,Darius Bazley,Darius,,DNP - Coach's Decision,,,,,,,,,,,,,,,,,,,,
22200566,1610612753,ORL,Orlando,1631216,Caleb Houstan,Caleb,F,,28:21,4.0,9.0,0.444,3.0,7.0,0.429,0.0,0.0,0.0,3.0,2.0,5.0,1.0,1.0,0.0,1.0,2.0,11.0,2.0
22200566,1610612753,ORL,Orlando,1631094,Paolo Banchero,Paolo,F,,35:48,8.0,17.0,0.471,2.0,5.0,0.4,7.0,9.0,0.778,1.0,7.0,8.0,7.0,1.0,0.0,3.0,3.0,25.0,14.0
22200566,1610612753,ORL,Orlando,1628976,Wendell Carter Jr.,Wendell,C,,30:06,4.0,9.0,0.444,0.0,4.0,0.0,5.0,6.0,0.833,2.0,11.0,13.0,1.0,0.0,2.0,2.0,3.0,13.0,4.0
22200566,1610612753,ORL,Orlando,203914,Gary Harris,Gary,G,,27:00,5.0,10.0,0.5,3.0,5.0,0.6,5.0,6.0,0.833,0.0,3.0,3.0,1.0,1.0,0.0,1.0,3.0,18.0,2.0
22200566,1610612753,ORL,Orlando,1628365,Markelle Fultz,Markelle,G,,25:16,5.0,8.0,0.625,0.0,0.0,0.0,3.0,4.0,0.75,3.0,3.0,6.0,4.0,1.0,1.0,4.0,3.0,13.0,-3.0
22200566,1610612753,ORL,Orlando,1630175,Cole Anthony,Cole,,,30:18,2.0,6.0,0.333,0.0,3.0,0.0,2.0,2.0,1.0,2.0,1.0,3.0,6.0,0.0,1.0,2.0,2.0,6.0,8.0
22200566,1610612753,ORL,Orlando,203082,Terrence Ross,Terrence,,,22:12,6.0,9.0,0.667,3.0,4.0,0.75,3.0,3.0,1.0,1.0,4.0,5.0,3.0,1.0,1.0,1.0,2.0,18.0,8.0
22200566,1610612753,ORL,Orlando,1630181,R.J. Hampton,R.J.,,,23:05,4.0,7.0,0.571,1.0,4.0,0.25,3.0,4.0,0.75,0.0,4.0,4.0,1.0,0.0,0.0,2.0,2.0,12.0,13.0
22200566,1610612753,ORL,Orlando,1628964,Mo Bamba,Mo,,,17:54,4.0,6.0,0.667,1.0,1.0,1.0,1.0,2.0,0.5,1.0,1.0,2.0,2.0,1.0,0.0,0.0,2.0,10.0,7.0
22200566,1610612753,ORL,Orlando,1629678,Admiral Schofield,Admiral,,DND_LEAGUE_SUSPENSION,,,,,,,,,,,,,,,,,,,,
22200566,1610612753,ORL,Orlando,1630532,Franz Wagner,Franz,,DND_LEAGUE_SUSPENSION,,,,,,,,,,,,,,,,,,,,
22200566,1610612753,ORL,Orlando,1629021,Moritz Wagner,Moritz,,DND_LEAGUE_SUSPENSION,,,,,,,,,,,,,,,,,,,,
22200574,1610612748,MIA,Miami,1628997,Caleb Martin,Caleb,F,,21:13,3.0,8.0,0.375,1.0,2.0,0.5,1.0,2.0,0.5,1.0,4.0,5.0,1.0,0.0,0.0,0.0,3.0,8.0,4.0
22200574,1610612748,MIA,Miami,202710,Jimmy Butler III,Jimmy,F,,33:31,11.0,22.0,0.5,2.0,5.0,0.4,3.0,4.0,0.75,3.0,1.0,4.0,4.0,3.0,0.0,2.0,0.0,27.0,-1.0
22200574,1610612748,MIA,Miami,1628389,Bam Adebayo,Bam,C,,37:51,13.0,23.0,0.565,0.0,0.0,0.0,4.0,5.0,0.8,6.0,7.0,13.0,3.0,2.0,3.0,2.0,2.0,30.0,2.0
22200574,1610612748,MIA,Miami,1629639,Tyler Herro,Tyler,G,,34:58,4.0,14.0,0.286,1.0,5.0,0.2,0.0,0.0,0.0,0.0,4.0,4.0,3.0,0.0,0.0,4.0,3.0,9.0,-5.0
22200574,1610612748,MIA,Miami,200768,Kyle Lowry,Kyle,G,,31:07,4.0,7.0,0.571,1.0,4.0,0.25,2.0,2.0,1.0,1.0,1.0,2.0,4.0,0.0,0.0,0.0,3.0,11.0,-3.0
22200574,1610612748,MIA,Miami,203506,Victor Oladipo,Victor,,,31:33,4.0,10.0,0.4,2.0,6.0,0.333,2.0,4.0,0.5,2.0,5.0,7.0,5.0,0.0,0.0,3.0,3.0,12.0,-8.0
22200574,1610612748,MIA,Miami,1631115,Orlando Robinson,Orlando,,,3:33,0.0,0.0,0.0,0.0,0.0,0.0,0.0,0.0,0.0,0.0,0.0,0.0,0.0,1.0,0.0,1.0,1.0,0.0,-2.0
22200574,1610612748,MIA,Miami,1629622,Max Strus,Max,,,22:45,2.0,8.0,0.25,1.0,6.0,0.167,3.0,3.0,1.0,1.0,3.0,4.0,3.0,2.0,0.0,0.0,2.0,8.0,1.0
22200574,1610612748,MIA,Miami,1629216,Gabe Vincent,Gabe,,,16:53,1.0,2.0,0.5,0.0,1.0,0.0,0.0,1.0,0.0,0.0,1.0,1.0,1.0,1.0,0.0,0.0,0.0,2.0,0.0
22200574,1610612748,MIA,Miami,203473,Dewayne Dedmon,Dewayne,,,6:36,1.0,1.0,1.0,0.0,0.0,0.0,0.0,0.0,0.0,0.0,3.0,3.0,0.0,0.0,1.0,1.0,3.0,2.0,-3.0
22200574,1610612748,MIA,Miami,2617,Udonis Haslem,Udonis,,DNP - Coach's Decision,,,,,,,,,,,,,,,,,,,,
22200574,1610612748,MIA,Miami,1629312,Haywood Highsmith,Haywood,,DNP - Coach's Decision,,,,,,,,,,,,,,,,,,,,
22200574,1610612747,LAL,Los Angeles,1630559,Austin Reaves,Austin,F,,32:03,3.0,11.0,0.273,0.0,4.0,0.0,5.0,5.0,1.0,1.0,4.0,5.0,3.0,0.0,0.0,2.0,3.0,11.0,15.0
22200574,1610612747,LAL,Los Angeles,1629308,Juan Toscano-Anderson,Juan,F,,22:39,1.0,2.0,0.5,0.0,1.0,0.0,0.0,0.0,0.0,1.0,2.0,3.0,0.0,1.0,1.0,2.0,3.0,2.0,-16.0
22200574,1610612747,LAL,Los Angeles,1628418,Thomas Bryant,Thomas,C,,28:21,9.0,11.0,0.818,0.0,0.0,0.0,3.0,3.0,1.0,3.0,6.0,9.0,1.0,0.0,1.0,2.0,1.0,21.0,3.0
22200574,1610612747,LAL,Los Angeles,201976,Patrick Beverley,Patrick,G,,26:07,2.0,5.0,0.4,0.0,2.0,0.0,0.0,0.0,0.0,0.0,1.0,1.0,3.0,1.0,1.0,1.0,4.0,4.0,-7.0
22200574,1610612747,LAL,Los Angeles,203471,Dennis Schröder,Dennis,G,,40:24,8.0,15.0,0.533,4.0,7.0,0.571,12.0,14.0,0.857,0.0,4.0,4.0,2.0,4.0,0.0,1.0,0.0,32.0,6.0
22200574,1610612747,LAL,Los Angeles,201566,Russell Westbrook,Russell,,,35:55,8.0,18.0,0.444,2.0,6.0,0.333,3.0,6.0,0.5,1.0,7.0,8.0,9.0,3.0,0.0,7.0,3.0,21.0,12.0
22200574,1610612747,LAL,Los Angeles,1628972,Troy Brown Jr.,Troy,,,13:33,1.0,2.0,0.5,0.0,1.0,0.0,0.0,0.0,0.0,1.0,3.0,4.0,1.0,1.0,0.0,0.0,0.0,2.0,9.0
22200574,1610612747,LAL,Los Angeles,1629117,Wenyen Gabriel,Wenyen,,,19:39,4.0,6.0,0.667,1.0,1.0,1.0,1.0,2.0,0.5,0.0,4.0,4.0,0.0,0.0,1.0,1.0,3.0,10.0,0.0
22200574,1610612747,LAL,Los Angeles,1629134,Kendrick Nunn,Kendrick,,,14:34,4.0,9.0,0.444,1.0,3.0,0.333,0.0,0.0,0.0,2.0,1.0,3.0,0.0,0.0,0.0,0.0,0.0,9.0,-6.0
22200574,1610612747,LAL,Los Angeles,1631108,Max Christie,Max,,,6:45,0.0,2.0,0.0,0.0,2.0,0.0,0.0,0.0,0.0,0.0,1.0,1.0,1.0,0.0,0.0,1.0,1.0,0.0,-1.0
22200574,1610612747,LAL,Los Angeles,1627745,Damian Jones,Damian,,DNP - Coach's Decision,,,,,,,,,,,,,,,,,,,,
22200574,1610612747,LAL,Los Angeles,1629022,Lonnie Walker IV,Lonnie,,DND - Injury/Illness,,,,,,,,,,,,,,,,,,,,
22200568,1610612759,SAS,San Antonio,1629640,Keldon Johnson,Keldon,F,,35:00,7.0,16.0,0.438,2.0,6.0,0.333,10.0,12.0,0.833,0.0,7.0,7.0,2.0,0.0,0.0,3.0,3.0,26.0,-3.0
22200568,1610612759,SAS,San Antonio,1631110,Jeremy Sochan,Jeremy,F,,29:43,0.0,3.0,0.0,0.0,0.0,0.0,0.0,0.0,0.0,1.0,0.0,1.0,4.0,1.0,1.0,2.0,5.0,0.0,-5.0
22200568,1610612759,SAS,San Antonio,1627751,Jakob Poeltl,Jakob,C,,26:01,2.0,5.0,0.4,0.0,0.0,0.0,2.0,2.0,1.0,2.0,6.0,8.0,1.0,1.0,1.0,1.0,0.0,6.0,4.0
22200568,1610612759,SAS,San Antonio,1630200,Tre Jones,Tre,G,,26:22,6.0,15.0,0.4,0.0,4.0,0.0,2.0,2.0,1.0,1.0,3.0,4.0,6.0,1.0,0.0,2.0,0.0,14.0,2.0
22200568,1610612759,SAS,San Antonio,1629641,Romeo Langford,Romeo,G,,13:04,2.0,4.0,0.5,1.0,2.0,0.5,2.0,2.0,1.0,3.0,0.0,3.0,1.0,0.0,0.0,1.0,4.0,7.0,-5.0
22200568,1610612759,SAS,San Antonio,1631103,Malaki Branham,Malaki,,,22:51,1.0,7.0,0.143,0.0,3.0,0.0,0.0,0.0,0.0,0.0,5.0,5.0,1.0,0.0,0.0,1.0,2.0,2.0,-12.0
22200568,1610612759,SAS,San Antonio,1628380,Zach Collins,Zach,,,20:41,6.0,6.0,1.0,2.0,2.0,1.0,2.0,4.0,0.5,1.0,2.0,3.0,3.0,0.0,0.0,0.0,3.0,16.0,-3.0
22200568,1610612759,SAS,San Antonio,1626196,Josh Richardson,Josh,,,29:02,9.0,14.0,0.643,2.0,5.0,0.4,0.0,0.0,0.0,1.0,2.0,3.0,4.0,1.0,0.0,2.0,3.0,20.0,-5.0
22200568,1610612759,SAS,San Antonio,203926,Doug McDermott,Doug,,,23:28,5.0,7.0,0.714,2.0,3.0,0.667,3.0,4.0,0.75,0.0,2.0,2.0,0.0,1.0,1.0,2.0,1.0,15.0,15.0
22200568,1610612759,SAS,San Antonio,1626169,Stanley Johnson,Stanley,,,13:47,3.0,5.0,0.6,2.0,3.0,0.667,0.0,0.0,0.0,0.0,2.0,2.0,3.0,0.0,0.0,1.0,3.0,8.0,-3.0
22200568,1610612759,SAS,San Antonio,203476,Gorgui Dieng,Gorgui,,DNP - Coach's Decision,,,,,,,,,,,,,,,,,,,,
22200568,1610612759,SAS,San Antonio,1629676,Isaiah Roby,Isaiah,,DNP - Coach's Decision,,,,,,,,,,,,,,,,,,,,
22200568,1610612752,NYK,New York,1629656,Quentin Grimes,Quentin,F,,37:01,5.0,8.0,0.625,3.0,5.0,0.6,1.0,2.0,0.5,0.0,2.0,2.0,1.0,2.0,0.0,0.0,2.0,14.0,9.0
22200568,1610612752,NYK,New York,203944,Julius Randle,Julius,F,,41:03,9.0,26.0,0.346,1.0,8.0,0.125,6.0,11.0,0.545,2.0,11.0,13.0,3.0,3.0,4.0,5.0,4.0,25.0,9.0
22200568,1610612752,NYK,New York,1629011,Mitchell Robinson,Mitchell,C,,13:29,2.0,3.0,0.667,0.0,0.0,0.0,0.0,0.0,0.0,1.0,4.0,5.0,0.0,0.0,0.0,0.0,5.0,4.0,-1.0
22200568,1610612752,NYK,New York,1628973,Jalen Brunson,Jalen,G,,40:23,17.0,27.0,0.63,3.0,7.0,0.429,1.0,3.0,0.333,2.0,5.0,7.0,6.0,0.0,0.0,4.0,1.0,38.0,14.0
22200568,1610612752,NYK,New York,1630193,Immanuel Quickley,Immanuel,G,,45:32,6.0,13.0,0.462,1.0,5.0,0.2,2.0,2.0,1.0,2.0,6.0,8.0,5.0,1.0,0.0,1.0,1.0,15.0,2.0
22200568,1610612752,NYK,New York,1628392,Isaiah Hartenstein,Isaiah,,,19:24,2.0,6.0,0.333,0.0,1.0,0.0,4.0,4.0,1.0,4.0,1.0,5.0,0.0,1.0,0.0,1.0,3.0,8.0,1.0
22200568,1610612752,NYK,New York,1630540,Miles McBride,Miles,,,10:05,1.0,2.0,0.5,1.0,1.0,1.0,0.0,0.0,0.0,0.0,0.0,0.0,0.0,0.0,0.0,0.0,1.0,3.0,-10.0
22200568,1610612752,NYK,New York,203095,Evan Fournier,Evan,,,11:01,1.0,5.0,0.2,1.0,4.0,0.25,3.0,4.0,0.75,0.0,0.0,0.0,0.0,0.0,0.0,0.0,1.0,6.0,-5.0
22200568,1610612752,NYK,New York,1630579,Jericho Sims,Jericho,,,22:02,2.0,4.0,0.5,0.0,0.0,0.0,0.0,0.0,0.0,3.0,4.0,7.0,1.0,0.0,2.0,1.0,3.0,4.0,-4.0
22200568,1610612752,NYK,New York,1627853,Ryan Arcidiacono,Ryan,,DNP - Coach's Decision,,,,,,,,,,,,,,,,,,,,
22200568,1610612752,NYK,New York,1629004,Svi Mykhailiuk,Svi,,DNP - Coach's Decision,,,,,,,,,,,,,,,,,,,,
22200568,1610612752,NYK,New York,1629629,Cam Reddish,Cam,,DNP - Coach's Decision,,,,,,,,,,,,,,,,,,,,
22200568,1610612752,NYK,New York,201565,Derrick Rose,Derrick,,DNP - Coach's Decision,,,,,,,,,,,,,,,,,,,,
22200568,1610612752,NYK,New York,1630167,Obi Toppin,Obi,,DNP - Coach's Decision,,,,,,,,,,,,,,,,,,,,
22200567,1610612754,IND,Indiana,1627741,Buddy Hield,Buddy,F,,41:19,9.0,22.0,0.409,6.0,14.0,0.429,0.0,0.0,0.0,1.0,8.0,9.0,6.0,2.0,1.0,0.0,1.0,24.0,1.0
22200567,1610612754,IND,Indiana,1630174,Aaron Nesmith,Aaron,F,,22:08,3.0,8.0,0.375,3.0,5.0,0.6,2.0,2.0,1.0,0.0,5.0,5.0,4.0,0.0,0.0,0.0,3.0,11.0,4.0
22200567,1610612754,IND,Indiana,1626167,Myles Turner,Myles,C,,38:20,6.0,8.0,0.75,0.0,1.0,0.0,2.0,2.0,1.0,2.0,6.0,8.0,1.0,1.0,5.0,5.0,2.0,14.0,4.0
22200567,1610612754,IND,Indiana,1629614,Andrew Nembhard,Andrew,G,,41:09,5.0,11.0,0.455,1.0,4.0,0.25,1.0,1.0,1.0,1.0,3.0,4.0,2.0,0.0,0.0,3.0,3.0,12.0,2.0
22200567,1610612754,IND,Indiana,1630169,Tyrese Haliburton,Tyrese,G,,39:30,7.0,14.0,0.5,2.0,7.0,0.286,0.0,0.0,0.0,3.0,4.0,7.0,12.0,2.0,1.0,2.0,0.0,16.0,2.0
22200567,1610612754,IND,Indiana,1631097,Bennedict Mathurin,Bennedict,,,30:52,5.0,15.0,0.333,0.0,2.0,0.0,9.0,10.0,0.9,3.0,1.0,4.0,2.0,1.0,0.0,1.0,4.0,19.0,-7.0
22200567,1610612754,IND,Indiana,204456,T.J. McConnell,T.J.,,,13:13,3.0,3.0,1.0,0.0,0.0,0.0,0.0,0.0,0.0,0.0,1.0,1.0,3.0,0.0,0.0,2.0,3.0,6.0,-7.0
22200567,1610612754,IND,Indiana,1630188,Jalen Smith,Jalen,,,14:40,6.0,9.0,0.667,1.0,1.0,1.0,4.0,4.0,1.0,3.0,3.0,6.0,1.0,1.0,0.0,0.0,2.0,17.0,-7.0
22200567,1610612754,IND,Indiana,1630537,Chris Duarte,Chris,,,11:05,0.0,2.0,0.0,0.0,1.0,0.0,4.0,4.0,1.0,0.0,0.0,0.0,0.0,0.0,0.0,0.0,0.0,4.0,-4.0
22200567,1610612754,IND,Indiana,1629052,Oshae Brissett,Oshae,,,12:44,1.0,3.0,0.333,0.0,1.0,0.0,1.0,3.0,0.333,0.0,1.0,1.0,0.0,0.0,1.0,0.0,0.0,3.0,-3.0
22200567,1610612754,IND,Indiana,1629048,Goga Bitadze,Goga,,DNP - Coach's Decision,,,,,,,,,,,,,,,,,,,,
22200567,1610612754,IND,Indiana,201949,James Johnson,James,,DNP - Coach's Decision,,,,,,,,,,,,,,,,,,,,
22200567,1610612754,IND,Indiana,1630678,Terry Taylor,Terry,,DNP - Coach's Decision,,,,,,,,,,,,,,,,,,,,
22200567,1610612755,PHI,Philadelphia,1629001,De'Anthony Melton,De'Anthony,F,,37:18,7.0,15.0,0.467,5.0,8.0,0.625,0.0,0.0,0.0,2.0,5.0,7.0,0.0,0.0,0.0,1.0,3.0,19.0,-4.0
22200567,1610612755,PHI,Philadelphia,202699,Tobias Harris,Tobias,F,,38:40,8.0,18.0,0.444,1.0,5.0,0.2,2.0,2.0,1.0,4.0,6.0,10.0,3.0,0.0,1.0,1.0,0.0,19.0,-2.0
22200567,1610612755,PHI,Philadelphia,200782,P.J. Tucker,P.J.,C,,25:01,0.0,4.0,0.0,0.0,2.0,0.0,0.0,0.0,0.0,3.0,4.0,7.0,1.0,1.0,0.0,2.0,2.0,0.0,-6.0
22200567,1610612755,PHI,Philadelphia,1630178,Tyrese Maxey,Tyrese,G,,36:37,6.0,16.0,0.375,1.0,4.0,0.25,4.0,4.0,1.0,1.0,4.0,5.0,6.0,1.0,0.0,0.0,3.0,17.0,5.0
22200567,1610612755,PHI,Philadelphia,201935,James Harden,James,G,,42:40,8.0,20.0,0.4,2.0,8.0,0.25,8.0,10.0,0.8,0.0,6.0,6.0,8.0,1.0,2.0,4.0,3.0,26.0,-4.0
22200567,1610612755,PHI,Philadelphia,1629680,Matisse Thybulle,Matisse,,,21:27,2.0,5.0,0.4,1.0,3.0,0.333,0.0,0.0,0.0,1.0,1.0,2.0,1.0,0.0,0.0,0.0,0.0,5.0,14.0
22200567,1610612755,PHI,Philadelphia,1626149,Montrezl Harrell,Montrezl,,,27:59,8.0,9.0,0.889,0.0,0.0,0.0,3.0,4.0,0.75,3.0,2.0,5.0,1.0,1.0,4.0,1.0,5.0,19.0,9.0
22200567,1610612755,PHI,Philadelphia,1629003,Shake Milton,Shake,,,18:30,5.0,6.0,0.833,1.0,2.0,0.5,2.0,2.0,1.0,0.0,3.0,3.0,4.0,0.0,0.0,0.0,2.0,13.0,0.0
22200567,1610612755,PHI,Philadelphia,1627777,Georges Niang,Georges,,,16:49,4.0,5.0,0.8,3.0,4.0,0.75,0.0,0.0,0.0,0.0,1.0,1.0,0.0,0.0,0.0,0.0,1.0,11.0,3.0
22200567,1610612755,PHI,Philadelphia,1627863,Danuel House Jr.,Danuel,,DNP - Coach's Decision,,,,,,,,,,,,,,,,,,,,
22200567,1610612755,PHI,Philadelphia,1627788,Furkan Korkmaz,Furkan,,DNP - Coach's Decision,,,,,,,,,,,,,,,,,,,,
22200567,1610612755,PHI,Philadelphia,1630194,Paul Reed,Paul,,DNP - Coach's Decision,,,,,,,,,,,,,,,,,,,,
22200567,1610612755,PHI,Philadelphia,1630531,Jaden Springer,Jaden,,DNP - Coach's Decision,,,,,,,,,,,,,,,,,,,,
22200564,1610612763,MEM,Memphis,1628415,Dillon Brooks,Dillon,F,,25:22,6.0,10.0,0.6,1.0,4.0,0.25,5.0,5.0,1.0,0.0,2.0,2.0,0.0,1.0,1.0,2.0,2.0,18.0,17.0
22200564,1610612763,MEM,Memphis,1628991,Jaren Jackson Jr.,Jaren,F,,24:05,6.0,10.0,0.6,1.0,3.0,0.333,4.0,5.0,0.8,1.0,7.0,8.0,1.0,0.0,3.0,1.0,3.0,17.0,12.0
22200564,1610612763,MEM,Memphis,203500,Steven Adams,Steven,C,,27:12,3.0,7.0,0.429,0.0,0.0,0.0,3.0,7.0,0.429,4.0,11.0,15.0,2.0,1.0,2.0,2.0,1.0,9.0,24.0
22200564,1610612763,MEM,Memphis,1630217,Desmond Bane,Desmond,G,,26:07,8.0,16.0,0.5,2.0,6.0,0.333,1.0,2.0,0.5,0.0,11.0,11.0,4.0,1.0,0.0,2.0,3.0,19.0,24.0
22200564,1610612763,MEM,Memphis,1629630,Ja Morant,Ja,G,,26:40,8.0,17.0,0.471,2.0,5.0,0.4,5.0,6.0,0.833,0.0,1.0,1.0,8.0,2.0,0.0,1.0,1.0,23.0,16.0
22200564,1610612763,MEM,Memphis,1629723,John Konchar,John,,,18:49,1.0,1.0,1.0,0.0,0.0,0.0,0.0,0.0,0.0,0.0,2.0,2.0,2.0,2.0,0.0,1.0,1.0,2.0,10.0
22200564,1610612763,MEM,Memphis,1630583,Santi Aldama,Santi,,,20:11,3.0,6.0,0.5,0.0,3.0,0.0,2.0,2.0,1.0,0.0,3.0,3.0,2.0,0.0,1.0,0.0,1.0,8.0,17.0
22200564,1610612763,MEM,Memphis,1630214,Xavier Tillman,Xavier,,,20:48,5.0,9.0,0.556,0.0,1.0,0.0,0.0,0.0,0.0,2.0,4.0,6.0,2.0,2.0,1.0,0.0,1.0,10.0,0.0
22200564,1610612763,MEM,Memphis,1631223,David Roddy,David,,,19:08,3.0,4.0,0.75,0.0,1.0,0.0,3.0,4.0,0.75,0.0,3.0,3.0,1.0,0.0,0.0,0.0,0.0,9.0,7.0
22200564,1610612763,MEM,Memphis,1626145,Tyus Jones,Tyus,,,14:46,2.0,7.0,0.286,2.0,6.0,0.333,2.0,2.0,1.0,0.0,0.0,0.0,4.0,1.0,0.0,0.0,0.0,8.0,18.0
22200564,1610612763,MEM,Memphis,1631113,Kennedy Chandler,Kennedy,,,6:34,1.0,2.0,0.5,0.0,0.0,0.0,1.0,2.0,0.5,1.0,1.0,2.0,1.0,0.0,0.0,1.0,0.0,3.0,-10.0
22200564,1610612763,MEM,Memphis,1630533,Ziaire Williams,Ziaire,,,6:34,1.0,5.0,0.2,1.0,1.0,1.0,2.0,2.0,1.0,3.0,3.0,6.0,0.0,0.0,0.0,4.0,3.0,5.0,-10.0
22200564,1610612763,MEM,Memphis,1631246,Vince Williams Jr.,Vince,,,3:44,0.0,0.0,0.0,0.0,0.0,0.0,0.0,0.0,0.0,0.0,0.0,0.0,1.0,0.0,0.0,0.0,0.0,0.0,-5.0
22200564,1610612766,CHA,Charlotte,1629667,Jalen McDaniels,Jalen,F,,27:24,6.0,11.0,0.545,1.0,5.0,0.2,3.0,4.0,0.75,0.0,7.0,7.0,0.0,2.0,2.0,3.0,1.0,16.0,-27.0
22200564,1610612766,CHA,Charlotte,1629023,P.J. Washington,P.J.,F,,34:16,6.0,14.0,0.429,2.0,7.0,0.286,1.0,2.0,0.5,1.0,0.0,1.0,2.0,1.0,2.0,0.0,3.0,15.0,-10.0
22200564,1610612766,CHA,Charlotte,203486,Mason Plumlee,Mason,C,,23:06,2.0,2.0,1.0,0.0,0.0,0.0,3.0,3.0,1.0,2.0,8.0,10.0,1.0,0.0,2.0,1.0,3.0,7.0,-3.0
22200564,1610612766,CHA,Charlotte,1626179,Terry Rozier,Terry,G,,28:38,7.0,18.0,0.389,3.0,9.0,0.333,4.0,4.0,1.0,2.0,1.0,3.0,4.0,2.0,0.0,1.0,4.0,21.0,-8.0
22200564,1610612766,CHA,Charlotte,1630163,LaMelo Ball,LaMelo,G,,35:00,7.0,23.0,0.304,4.0,13.0,0.308,5.0,5.0,1.0,1.0,3.0,4.0,12.0,1.0,0.0,1.0,2.0,23.0,-15.0
22200564,1610612766,CHA,Charlotte,1630550,JT Thor,JT,,,9:03,1.0,1.0,1.0,1.0,1.0,1.0,0.0,0.0,0.0,0.0,2.0,2.0,0.0,0.0,0.0,0.0,1.0,3.0,-16.0
22200564,1610612766,CHA,Charlotte,1628372,Dennis Smith Jr.,Dennis,,,22:35,3.0,8.0,0.375,0.0,1.0,0.0,1.0,2.0,0.5,0.0,2.0,2.0,3.0,2.0,0.0,2.0,2.0,7.0,-15.0
22200564,1610612766,CHA,Charlotte,1628998,Cody Martin,Cody,,,21:01,2.0,7.0,0.286,0.0,2.0,0.0,0.0,0.0,0.0,2.0,2.0,4.0,2.0,1.0,0.0,1.0,1.0,4.0,-11.0
22200564,1610612766,CHA,Charlotte,1631109,Mark Williams,Mark,,,20:13,1.0,5.0,0.2,0.0,0.0,0.0,0.0,0.0,0.0,1.0,7.0,8.0,0.0,1.0,1.0,2.0,3.0,2.0,-23.0
22200564,1610612766,CHA,Charlotte,1630539,Kai Jones,Kai,,,4:41,1.0,2.0,0.5,0.0,0.0,0.0,0.0,0.0,0.0,0.0,1.0,1.0,0.0,0.0,1.0,0.0,0.0,2.0,2.0
22200564,1610612766,CHA,Charlotte,1630547,James Bouknight,James,,,4:41,0.0,0.0,0.0,0.0,0.0,0.0,0.0,0.0,0.0,0.0,0.0,0.0,0.0,1.0,0.0,0.0,0.0,0.0,2.0
22200564,1610612766,CHA,Charlotte,1631121,Bryce McGowens,Bryce,,,4:41,1.0,2.0,0.5,0.0,0.0,0.0,1.0,2.0,0.5,0.0,0.0,0.0,1.0,0.0,0.0,1.0,0.0,3.0,2.0
22200564,1610612766,CHA,Charlotte,1630208,Nick Richards,Nick,,,4:41,1.0,1.0,1.0,0.0,0.0,0.0,2.0,2.0,1.0,1.0,1.0,2.0,0.0,0.0,0.0,0.0,3.0,4.0,2.0
22200549,1610612738,BOS,Boston,1627759,Jaylen Brown,Jaylen,F,,34:13,12.0,20.0,0.6,4.0,8.0,0.5,2.0,2.0,1.0,2.0,6.0,8.0,3.0,1.0,0.0,0.0,3.0,30.0,-7.0
22200549,1610612738,BOS,Boston,1628369,Jayson Tatum,Jayson,F,,35:31,7.0,16.0,0.438,0.0,4.0,0.0,11.0,14.0,0.786,0.0,7.0,7.0,6.0,2.0,0.0,5.0,1.0,25.0,-15.0
22200549,1610612738,BOS,Boston,201143,Al Horford,Al,C,,30:06,3.0,10.0,0.3,2.0,6.0,0.333,0.0,0.0,0.0,2.0,4.0,6.0,3.0,0.0,1.0,0.0,0.0,8.0,-7.0
22200549,1610612738,BOS,Boston,1628401,Derrick White,Derrick,G,,23:13,5.0,9.0,0.556,2.0,5.0,0.4,1.0,2.0,0.5,0.0,1.0,1.0,3.0,1.0,1.0,1.0,1.0,13.0,-14.0
22200549,1610612738,BOS,Boston,203935,Marcus Smart,Marcus,G,,31:19,2.0,12.0,0.167,0.0,4.0,0.0,0.0,0.0,0.0,2.0,3.0,5.0,7.0,1.0,0.0,1.0,3.0,4.0,-3.0
22200549,1610612738,BOS,Boston,1627763,Malcolm Brogdon,Malcolm,,,19:35,1.0,6.0,0.167,0.0,3.0,0.0,2.0,2.0,1.0,0.0,2.0,2.0,4.0,1.0,0.0,1.0,1.0,4.0,-13.0
22200549,1610612738,BOS,Boston,1629057,Robert Williams III,Robert,,,18:46,4.0,4.0,1.0,0.0,0.0,0.0,0.0,0.0,0.0,2.0,4.0,6.0,1.0,0.0,0.0,2.0,2.0,8.0,-2.0
22200549,1610612738,BOS,Boston,1629684,Grant Williams,Grant,,,27:31,2.0,4.0,0.5,0.0,1.0,0.0,5.0,5.0,1.0,2.0,3.0,5.0,1.0,1.0,1.0,2.0,3.0,9.0,-12.0
22200549,1610612738,BOS,Boston,1630573,Sam Hauser,Sam,,,11:27,2.0,3.0,0.667,1.0,2.0,0.5,0.0,0.0,0.0,0.0,0.0,0.0,0.0,0.0,0.0,0.0,0.0,5.0,5.0
22200549,1610612738,BOS,Boston,203943,Noah Vonleh,Noah,,,2:05,0.0,0.0,0.0,0.0,0.0,0.0,0.0,0.0,0.0,0.0,1.0,1.0,0.0,0.0,0.0,0.0,0.0,0.0,2.0
22200549,1610612738,BOS,Boston,1628382,Justin Jackson,Justin,,,2:05,0.0,1.0,0.0,0.0,0.0,0.0,0.0,0.0,0.0,0.0,0.0,0.0,2.0,1.0,0.0,0.0,0.0,0.0,2.0
22200549,1610612738,BOS,Boston,1628436,Luke Kornet,Luke,,,2:05,2.0,2.0,1.0,0.0,0.0,0.0,0.0,0.0,0.0,0.0,0.0,0.0,0.0,0.0,0.0,0.0,1.0,4.0,2.0
22200549,1610612738,BOS,Boston,1630202,Payton Pritchard,Payton,,,2:05,0.0,0.0,0.0,0.0,0.0,0.0,1.0,2.0,0.5,0.0,0.0,0.0,0.0,0.0,0.0,1.0,0.0,1.0,2.0
22200549,1610612738,BOS,Boston,201933,Blake Griffin,Blake,,DNP - Coach's Decision,,,,,,,,,,,,,,,,,,,,
22200549,1610612743,DEN,Denver,1629008,Michael Porter Jr.,Michael,F,,32:36,7.0,13.0,0.538,3.0,7.0,0.429,2.0,2.0,1.0,0.0,4.0,4.0,2.0,0.0,1.0,3.0,1.0,19.0,11.0
22200549,1610612743,DEN,Denver,203932,Aaron Gordon,Aaron,F,,36:58,6.0,13.0,0.462,1.0,2.0,0.5,5.0,6.0,0.833,1.0,5.0,6.0,7.0,2.0,1.0,2.0,1.0,18.0,23.0
22200549,1610612743,DEN,Denver,203999,Nikola Jokić,Nikola,C,,32:02,10.0,13.0,0.769,2.0,2.0,1.0,8.0,8.0,1.0,0.0,12.0,12.0,12.0,1.0,0.0,0.0,1.0,30.0,14.0
22200549,1610612743,DEN,Denver,203484,Kentavious Caldwell-Pope,Kentavious,G,,29:45,2.0,7.0,0.286,2.0,3.0,0.667,0.0,0.0,0.0,0.0,3.0,3.0,4.0,1.0,0.0,1.0,4.0,6.0,6.0
22200549,1610612743,DEN,Denver,1628971,Bruce Brown,Bruce,G,,30:21,8.0,14.0,0.571,4.0,6.0,0.667,1.0,1.0,1.0,0.0,3.0,3.0,2.0,1.0,1.0,3.0,1.0,21.0,5.0
22200549,1610612743,DEN,Denver,1631128,Christian Braun,Christian,,,25:21,1.0,1.0,1.0,0.0,0.0,0.0,0.0,0.0,0.0,0.0,2.0,2.0,0.0,0.0,0.0,1.0,1.0,2.0,7.0
22200549,1610612743,DEN,Denver,1630538,Bones Hyland,Bones,,,19:09,7.0,12.0,0.583,3.0,7.0,0.429,0.0,1.0,0.0,0.0,2.0,2.0,4.0,0.0,0.0,4.0,3.0,17.0,5.0
22200549,1610612743,DEN,Denver,1628427,Vlatko Čančar,Vlatko,,,16:32,3.0,4.0,0.75,2.0,3.0,0.667,0.0,0.0,0.0,0.0,1.0,1.0,0.0,0.0,0.0,0.0,4.0,8.0,-4.0
22200549,1610612743,DEN,Denver,1630192,Zeke Nnaji,Zeke,,,12:22,1.0,1.0,1.0,0.0,0.0,0.0,0.0,0.0,0.0,0.0,1.0,1.0,0.0,0.0,1.0,0.0,1.0,2.0,5.0
22200549,1610612743,DEN,Denver,1631298,Jack White,Jack,,,1:38,0.0,0.0,0.0,0.0,0.0,0.0,0.0,0.0,0.0,0.0,0.0,0.0,0.0,0.0,0.0,0.0,0.0,0.0,-4.0
22200549,1610612743,DEN,Denver,202397,Ish Smith,Ish,,,1:38,0.0,1.0,0.0,0.0,0.0,0.0,0.0,0.0,0.0,0.0,0.0,0.0,0.0,0.0,0.0,0.0,0.0,0.0,-4.0
22200549,1610612743,DEN,Denver,1628432,Davon Reed,Davon,,,1:38,0.0,0.0,0.0,0.0,0.0,0.0,0.0,0.0,0.0,0.0,1.0,1.0,0.0,0.0,0.0,0.0,0.0,0.0,-4.0
22200549,1610612743,DEN,Denver,201599,DeAndre Jordan,DeAndre,,DNP - Coach's Decision,,,,,,,,,,,,,,,,,,,,
22200715,1610612739,CLE,Cleveland,1630596,Evan Mobley,Evan,F,,37:42,6.0,11.0,0.545,0.0,1.0,0.0,0.0,0.0,0.0,1.0,6.0,7.0,3.0,1.0,2.0,3.0,4.0,12.0,0.0
22200715,1610612739,CLE,Cleveland,1630171,Isaac Okoro,Isaac,F,,30:37,3.0,5.0,0.6,1.0,3.0,0.333,2.0,3.0,0.667,3.0,3.0,6.0,5.0,0.0,0.0,1.0,4.0,9.0,18.0
22200715,1610612739,CLE,Cleveland,1628386,Jarrett Allen,Jarrett,C,,38:47,12.0,17.0,0.706,0.0,0.0,0.0,0.0,0.0,0.0,1.0,11.0,12.0,1.0,0.0,1.0,2.0,1.0,24.0,15.0
22200715,1610612739,CLE,Cleveland,1629636,Darius Garland,Darius,G,,34:48,6.0,17.0,0.353,2.0,6.0,0.333,8.0,10.0,0.8,1.0,3.0,4.0,6.0,2.0,0.0,1.0,0.0,22.0,20.0
22200715,1610612739,CLE,Cleveland,1628378,Donovan Mitchell,Donovan,G,,38:17,9.0,24.0,0.375,6.0,14.0,0.429,0.0,0.0,0.0,2.0,6.0,8.0,8.0,4.0,1.0,0.0,4.0,24.0,12.0
22200715,1610612739,CLE,Cleveland,201567,Kevin Love,Kevin,,,12:05,0.0,1.0,0.0,0.0,1.0,0.0,0.0,0.0,0.0,0.0,0.0,0.0,1.0,0.0,0.0,0.0,0.0,0.0,-20.0
22200715,1610612739,CLE,Cleveland,1627747,Caris LeVert,Caris,,,20:49,3.0,6.0,0.5,2.0,4.0,0.5,1.0,3.0,0.333,1.0,1.0,2.0,3.0,0.0,0.0,1.0,1.0,9.0,-19.0
22200715,1610612739,CLE,Cleveland,201937,Ricky Rubio,Ricky,,,13:25,1.0,4.0,0.25,1.0,3.0,0.333,0.0,0.0,0.0,0.0,0.0,0.0,2.0,1.0,0.0,2.0,2.0,3.0,-26.0
22200715,1610612739,CLE,Cleveland,1630205,Lamar Stevens,Lamar,,,6:15,0.0,1.0,0.0,0.0,0.0,0.0,0.0,0.0,0.0,1.0,1.0,2.0,0.0,0.0,0.0,0.0,1.0,0.0,-6.0
22200715,1610612739,CLE,Cleveland,1626224,Cedi Osman,Cedi,,,2:49,0.0,1.0,0.0,0.0,1.0,0.0,0.0,0.0,0.0,0.0,0.0,0.0,0.0,0.0,0.0,0.0,0.0,0.0,-3.0
22200715,1610612739,CLE,Cleveland,1629731,Dean Wade,Dean,,,4:26,0.0,0.0,0.0,0.0,0.0,0.0,0.0,0.0,0.0,0.0,0.0,0.0,0.0,0.0,0.0,0.0,2.0,0.0,-1.0
22200715,1610612739,CLE,Cleveland,201577,Robin Lopez,Robin,,DNP - Coach's Decision,,,,,,,,,,,,,,,,,,,,
22200715,1610612739,CLE,Cleveland,203526,Raul Neto,Raul,,DNP - Coach's Decision,,,,,,,,,,,,,,,,,,,,
22200715,1610612752,NYK,New York,1629628,RJ Barrett,RJ,F,,32:35,5.0,12.0,0.417,3.0,5.0,0.6,3.0,4.0,0.75,1.0,3.0,4.0,1.0,1.0,1.0,1.0,4.0,16.0,0.0
22200715,1610612752,NYK,New York,203944,Julius Randle,Julius,F,,37:38,11.0,21.0,0.524,8.0,12.0,0.667,6.0,7.0,0.857,4.0,9.0,13.0,4.0,0.0,0.0,5.0,3.0,36.0,-10.0
22200715,1610612752,NYK,New York,1630579,Jericho Sims,Jericho,C,,25:12,1.0,1.0,1.0,0.0,0.0,0.0,0.0,0.0,0.0,1.0,3.0,4.0,0.0,0.0,0.0,2.0,1.0,2.0,-9.0
22200715,1610612752,NYK,New York,1628973,Jalen Brunson,Jalen,G,,35:38,5.0,13.0,0.385,1.0,3.0,0.333,3.0,4.0,0.75,0.0,2.0,2.0,4.0,1.0,0.0,1.0,3.0,14.0,-11.0
22200715,1610612752,NYK,New York,1629656,Quentin Grimes,Quentin,G,,36:23,4.0,9.0,0.444,2.0,7.0,0.286,0.0,0.0,0.0,0.0,1.0,1.0,3.0,0.0,1.0,2.0,1.0,10.0,-10.0
22200715,1610612752,NYK,New York,1630193,Immanuel Quickley,Immanuel,,,27:17,4.0,8.0,0.5,1.0,2.0,0.5,0.0,1.0,0.0,0.0,5.0,5.0,6.0,1.0,0.0,2.0,2.0,9.0,14.0
22200715,1610612752,NYK,New York,1630540,Miles McBride,Miles,,,12:07,1.0,2.0,0.5,0.0,1.0,0.0,1.0,3.0,0.333,0.0,1.0,1.0,3.0,0.0,0.0,0.0,3.0,3.0,13.0
22200715,1610612752,NYK,New York,1628392,Isaiah Hartenstein,Isaiah,,,22:48,2.0,3.0,0.667,0.0,0.0,0.0,0.0,0.0,0.0,3.0,6.0,9.0,4.0,1.0,1.0,2.0,1.0,4.0,11.0
22200715,1610612752,NYK,New York,1630167,Obi Toppin,Obi,,,10:22,4.0,6.0,0.667,2.0,3.0,0.667,1.0,2.0,0.5,0.0,3.0,3.0,0.0,0.0,0.0,0.0,0.0,11.0,12.0
22200715,1610612752,NYK,New York,1627853,Ryan Arcidiacono,Ryan,,DNP - Coach's Decision,,,,,,,,,,,,,,,,,,,,
22200715,1610612752,NYK,New York,1629004,Svi Mykhailiuk,Svi,,DNP - Coach's Decision,,,,,,,,,,,,,,,,,,,,
22200715,1610612752,NYK,New York,1629629,Cam Reddish,Cam,,DNP - Coach's Decision,,,,,,,,,,,,,,,,,,,,
22200715,1610612752,NYK,New York,201565,Derrick Rose,Derrick,,DNP - Coach's Decision,,,,,,,,,,,,,,,,,,,,
22200712,1610612763,MEM,Memphis,1628415,Dillon Brooks,Dillon,F,,30:10,6.0,15.0,0.4,1.0,5.0,0.2,0.0,0.0,0.0,0.0,1.0,1.0,6.0,1.0,1.0,0.0,1.0,13.0,-13.0
22200712,1610612763,MEM,Memphis,1628991,Jaren Jackson Jr.,Jaren,F,,28:15,7.0,18.0,0.389,3.0,6.0,0.5,2.0,2.0,1.0,2.0,3.0,5.0,2.0,1.0,1.0,1.0,4.0,19.0,-7.0
22200712,1610612763,MEM,Memphis,1630214,Xavier Tillman,Xavier,C,,29:54,5.0,6.0,0.833,0.0,0.0,0.0,0.0,0.0,0.0,1.0,5.0,6.0,2.0,2.0,1.0,2.0,2.0,10.0,-11.0
22200712,1610612763,MEM,Memphis,1630217,Desmond Bane,Desmond,G,,28:39,9.0,13.0,0.692,3.0,4.0,0.75,0.0,0.0,0.0,1.0,3.0,4.0,5.0,1.0,0.0,4.0,1.0,21.0,-14.0
22200712,1610612763,MEM,Memphis,1626145,Tyus Jones,Tyus,G,,31:05,5.0,13.0,0.385,2.0,5.0,0.4,0.0,0.0,0.0,2.0,4.0,6.0,8.0,2.0,0.0,1.0,0.0,12.0,-7.0
22200712,1610612763,MEM,Memphis,1630533,Ziaire Williams,Ziaire,,,16:55,3.0,10.0,0.3,1.0,6.0,0.167,2.0,3.0,0.667,1.0,1.0,2.0,2.0,1.0,0.0,0.0,2.0,9.0,-22.0
22200712,1610612763,MEM,Memphis,1630583,Santi Aldama,Santi,,,14:18,2.0,5.0,0.4,2.0,5.0,0.4,2.0,3.0,0.667,0.0,0.0,0.0,2.0,0.0,0.0,0.0,1.0,8.0,-14.0
22200712,1610612763,MEM,Memphis,1631223,David Roddy,David,,,17:36,0.0,4.0,0.0,0.0,2.0,0.0,0.0,0.0,0.0,0.0,1.0,1.0,1.0,2.0,0.0,1.0,3.0,0.0,-18.0
22200712,1610612763,MEM,Memphis,1629634,Brandon Clarke,Brandon,,,12:39,3.0,5.0,0.6,0.0,0.0,0.0,0.0,0.0,0.0,1.0,1.0,2.0,0.0,1.0,0.0,3.0,4.0,6.0,-10.0
22200712,1610612763,MEM,Memphis,1629723,John Konchar,John,,,9:53,0.0,4.0,0.0,0.0,0.0,0.0,0.0,0.0,0.0,1.0,0.0,1.0,0.0,2.0,0.0,0.0,1.0,0.0,-4.0
22200712,1610612763,MEM,Memphis,1631254,Kenneth Lofton Jr.,Kenneth,,,5:27,0.0,2.0,0.0,0.0,1.0,0.0,2.0,2.0,1.0,0.0,0.0,0.0,0.0,0.0,0.0,1.0,1.0,2.0,-12.0
22200712,1610612763,MEM,Memphis,1631222,Jake LaRavia,Jake,,,5:27,0.0,0.0,0.0,0.0,0.0,0.0,0.0,0.0,0.0,0.0,1.0,1.0,0.0,1.0,0.0,0.0,0.0,0.0,-12.0
22200712,1610612763,MEM,Memphis,1631113,Kennedy Chandler,Kennedy,,,5:27,0.0,1.0,0.0,0.0,1.0,0.0,0.0,0.0,0.0,0.0,0.0,0.0,0.0,0.0,0.0,1.0,0.0,0.0,-12.0
22200712,1610612763,MEM,Memphis,1631246,Vince Williams Jr.,Vince,,,4:15,0.0,2.0,0.0,0.0,1.0,0.0,0.0,0.0,0.0,1.0,1.0,2.0,0.0,0.0,0.0,1.0,1.0,0.0,-9.0
22200712,1610612758,SAC,Sacramento,203084,Harrison Barnes,Harrison,F,,30:00,6.0,10.0,0.6,6.0,9.0,0.667,2.0,2.0,1.0,0.0,2.0,2.0,2.0,1.0,0.0,2.0,1.0,20.0,10.0
22200712,1610612758,SAC,Sacramento,1631099,Keegan Murray,Keegan,F,,33:55,7.0,11.0,0.636,5.0,7.0,0.714,1.0,1.0,1.0,1.0,8.0,9.0,0.0,0.0,1.0,1.0,0.0,20.0,17.0
22200712,1610612758,SAC,Sacramento,1627734,Domantas Sabonis,Domantas,C,,30:20,7.0,13.0,0.538,0.0,1.0,0.0,0.0,0.0,0.0,2.0,8.0,10.0,11.0,0.0,0.0,8.0,3.0,14.0,20.0
22200712,1610612758,SAC,Sacramento,1628989,Kevin Huerter,Kevin,G,,20:45,2.0,7.0,0.286,1.0,3.0,0.333,0.0,0.0,0.0,0.0,2.0,2.0,2.0,0.0,0.0,0.0,0.0,5.0,2.0
22200712,1610612758,SAC,Sacramento,1628368,De'Aaron Fox,De'Aaron,G,,32:54,7.0,14.0,0.5,1.0,3.0,0.333,2.0,2.0,1.0,1.0,4.0,5.0,10.0,4.0,0.0,6.0,1.0,17.0,16.0
22200712,1610612758,SAC,Sacramento,1630558,Davion Mitchell,Davion,,,11:44,2.0,4.0,0.5,1.0,2.0,0.5,1.0,1.0,1.0,1.0,0.0,1.0,1.0,0.0,0.0,0.0,1.0,6.0,10.0
22200712,1610612758,SAC,Sacramento,1628370,Malik Monk,Malik,,,23:53,5.0,9.0,0.556,2.0,5.0,0.4,1.0,1.0,1.0,2.0,7.0,9.0,8.0,0.0,0.0,2.0,0.0,13.0,24.0
22200712,1610612758,SAC,Sacramento,1626168,Trey Lyles,Trey,,,25:21,8.0,11.0,0.727,6.0,8.0,0.75,2.0,2.0,1.0,0.0,7.0,7.0,0.0,2.0,3.0,2.0,1.0,24.0,25.0
22200712,1610612758,SAC,Sacramento,1626158,Richaun Holmes,Richaun,,,14:18,2.0,4.0,0.5,0.0,0.0,0.0,1.0,1.0,1.0,2.0,2.0,4.0,0.0,0.0,1.0,1.0,3.0,5.0,6.0
22200712,1610612758,SAC,Sacramento,1628408,PJ Dozier,PJ,,,3:22,1.0,1.0,1.0,0.0,0.0,0.0,0.0,0.0,0.0,0.0,1.0,1.0,0.0,2.0,0.0,0.0,0.0,2.0,7.0
22200712,1610612758,SAC,Sacramento,203521,Matthew Dellavedova,Matthew,,,3:22,0.0,0.0,0.0,0.0,0.0,0.0,0.0,0.0,0.0,0.0,1.0,1.0,1.0,0.0,0.0,0.0,0.0,0.0,7.0
22200712,1610612758,SAC,Sacramento,1629644,KZ Okpala,KZ,,,3:22,0.0,0.0,0.0,0.0,0.0,0.0,1.0,2.0,0.5,0.0,0.0,0.0,0.0,1.0,0.0,0.0,0.0,1.0,7.0
22200712,1610612758,SAC,Sacramento,203458,Alex Len,Alex,,,3:22,0.0,0.0,0.0,0.0,0.0,0.0,0.0,0.0,0.0,1.0,1.0,2.0,1.0,0.0,0.0,1.0,1.0,0.0,7.0
22200712,1610612758,SAC,Sacramento,1629056,Terence Davis,Terence,,,3:22,2.0,4.0,0.5,0.0,2.0,0.0,2.0,2.0,1.0,0.0,0.0,0.0,1.0,0.0,0.0,1.0,0.0,6.0,7.0
22200712,1610612758,SAC,Sacramento,1631165,Keon Ellis,Keon,,DNP - Coach's Decision,,,,,,,,,,,,,,,,,,,,
