GAME_ID,TEAM_ID,TEAM_NAME,TEAM_ABBREVIATION,TEAM_CITY,MIN,EFG_PCT,FTA_RATE,TM_TOV_PCT,OREB_PCT,OPP_EFG_PCT,OPP_FTA_RATE,OPP_TOV_PCT,OPP_OREB_PCT
0022201223,1610612765,Pistons,DET,Detroit,240.000000:00,0.418,0.153,0.248,0.273,0.453,0.232,0.041,0.211
0022201223,1610612741,Bulls,CHI,Chicago,240.000000:00,0.453,0.232,0.041,0.193,0.418,0.153,0.248,0.327
0022201229,1610612756,Suns,PHX,Phoenix,240.000000:00,0.495,0.222,0.068,0.203,0.515,0.24,0.094,0.321
0022201229,1610612746,Clippers,LAC,LA,240.000000:00,0.515,0.24,0.094,0.25,0.495,0.222,0.068,0.271
0022201225,1610612740,Pelicans,NOP,New Orleans,240.000000:00,0.461,0.322,0.141,0.212,0.555,0.378,0.162,0.224
0022201225,1610612750,Timberwolves,MIN,Minnesota,240.000000:00,0.555,0.378,0.162,0.163,0.461,0.322,0.141,0.308
0022201221,1610612761,Raptors,TOR,Toronto,240.000000:00,0.563,0.168,0.087,0.149,0.537,0.256,0.143,0.152
0022201221,1610612749,Bucks,MIL,Milwaukee,240.000000:00,0.537,0.256,0.143,0.152,0.563,0.168,0.087,0.234
0022201227,1610612758,Kings,SAC,Sacramento,240.000000:00,0.5,0.176,0.155,0.2,0.542,0.298,0.2,0.457
0022201227,1610612743,Nuggets,DEN,Denver,240.000000:00,0.542,0.298,0.2,0.326,0.5,0.176,0.155,0.24
0022201226,1610612760,Thunder,OKC,Oklahoma City,240.000000:00,0.567,0.178,0.152,0.17,0.473,0.196,0.119,0.218
0022201226,1610612763,Grizzlies,MEM,Memphis,240.000000:00,0.473,0.196,0.119,0.2,0.567,0.178,0.152,0.277
0022201218,1610612739,Cavaliers,CLE,Cleveland,240.000000:00,0.449,0.18,0.158,0.204,0.494,0.37,0.184,0.283
0022201218,1610612766,Hornets,CHA,Charlotte,240.000000:00,0.494,0.37,0.184,0.217,0.449,0.18,0.158,0.241
0022201219,1610612753,Magic,ORL,Orlando,240.000000:00,0.517,0.267,0.138,0.232,0.651,0.241,0.175,0.244
0022201219,1610612748,Heat,MIA,Miami,240.000000:00,0.651,0.241,0.175,0.171,0.517,0.267,0.138,0.268
0022201222,1610612764,Wizards,WAS,Washington,240.000000:00,0.495,0.216,0.124,0.241,0.522,0.311,0.144,0.25
0022201222,1610612745,Rockets,HOU,Houston,240.000000:00,0.522,0.311,0.144,0.25,0.495,0.216,0.124,0.276
0022201224,1610612759,Spurs,SAS,San Antonio,240.000000:00,0.563,0.288,0.103,0.228,0.505,0.148,0.036,0.138
0022201224,1610612742,Mavericks,DAL,Dallas,240.000000:00,0.505,0.148,0.036,0.123,0.563,0.288,0.103,0.281
0022201228,1610612762,Jazz,UTA,Utah,240.000000:00,0.554,0.059,0.102,0.137,0.577,0.216,0.103,0.25
0022201228,1610612747,Lakers,LAL,Los Angeles,240.000000:00,0.577,0.216,0.103,0.192,0.554,0.059,0.102,0.196
0022201217,1610612755,76ers,PHI,Philadelphia,240.000000:00,0.594,0.188,0.119,0.255,0.494,0.337,0.182,0.22
0022201217,1610612751,Nets,BKN,Brooklyn,240.000000:00,0.494,0.337,0.182,0.2,0.594,0.188,0.119,0.353
0022201220,1610612752,Knicks,NYK,New York,240.000000:00,0.551,0.204,0.132,0.317,0.624,0.427,0.133,0.196
0022201220,1610612754,Pacers,IND,Indiana,240.000000:00,0.624,0.427,0.133,0.174,0.551,0.204,0.132,0.367
0022201216,1610612738,Celtics,BOS,Boston,240.000000:00,0.612,0.157,0.153,0.25,0.51,0.196,0.092,0.315
0022201216,1610612737,Hawks,ATL,Atlanta,240.000000:00,0.51,0.196,0.092,0.296,0.612,0.157,0.153,0.292
0022201230,1610612757,Trail Blazers,POR,Portland,240.000000:00,0.447,0.253,0.123,0.098,0.745,0.167,0.145,0.237
0022201230,1610612744,Warriors,GSW,Golden State,240.000000:00,0.745,0.167,0.145,0.237,0.447,0.253,0.123,0.18
0022201214,1610612759,Spurs,SAS,San Antonio,240.000000:00,0.595,0.253,0.12,0.213,0.673,0.208,0.066,0.245
0022201214,1610612750,Timberwolves,MIN,Minnesota,240.000000:00,0.673,0.208,0.066,0.224,0.595,0.253,0.12,0.277
0022201213,1610612762,Jazz,UTA,Utah,240.000000:00,0.495,0.23,0.147,0.293,0.539,0.267,0.128,0.154
0022201213,1610612743,Nuggets,DEN,Denver,240.000000:00,0.539,0.267,0.128,0.096,0.495,0.23,0.147,0.345
0022201215,1610612757,Trail Blazers,POR,Portland,240.000000:00,0.607,0.258,0.098,0.152,0.591,0.323,0.114,0.37
0022201215,1610612746,Clippers,LAC,LA,240.000000:00,0.591,0.323,0.114,0.283,0.607,0.258,0.098,0.152
0022201211,1610612758,Kings,SAC,Sacramento,240.000000:00,0.444,0.184,0.12,0.29,0.628,0.308,0.234,0.385
0022201211,1610612744,Warriors,GSW,Golden State,240.000000:00,0.628,0.308,0.234,0.256,0.444,0.184,0.12,0.323
0022201210,1610612742,Mavericks,DAL,Dallas,240.000000:00,0.548,0.14,0.098,0.13,0.585,0.205,0.12,0.178
0022201210,1610612741,Bulls,CHI,Chicago,240.000000:00,0.585,0.205,0.12,0.178,0.548,0.14,0.098,0.185
0022201205,1610612755,76ers,PHI,Philadelphia,265.000000:00,0.554,0.284,0.164,0.241,0.609,0.304,0.173,0.128
0022201205,1610612737,Hawks,ATL,Atlanta,265.000000:00,0.609,0.304,0.173,0.085,0.554,0.284,0.164,0.315
0022201206,1610612761,Raptors,TOR,Toronto,240.000000:00,0.478,0.183,0.083,0.214,0.648,0.259,0.214,0.41
0022201206,1610612738,Celtics,BOS,Boston,240.000000:00,0.648,0.259,0.214,0.333,0.478,0.183,0.083,0.268
0022201208,1610612749,Bucks,MIL,Milwaukee,240.000000:00,0.571,0.12,0.181,0.216,0.677,0.161,0.119,0.286
0022201208,1610612763,Grizzlies,MEM,Memphis,240.000000:00,0.677,0.161,0.119,0.262,0.571,0.12,0.181,0.314
0022201212,1610612756,Suns,PHX,Phoenix,240.000000:00,0.457,0.135,0.085,0.206,0.587,0.185,0.152,0.271
0022201212,1610612747,Lakers,LAL,Los Angeles,240.000000:00,0.587,0.185,0.152,0.208,0.457,0.135,0.085,0.27
0022201202,1610612745,Rockets,HOU,Houston,240.000000:00,0.511,0.315,0.179,0.275,0.506,0.307,0.155,0.269
0022201202,1610612766,Hornets,CHA,Charlotte,240.000000:00,0.506,0.307,0.155,0.135,0.511,0.315,0.179,0.314
0022201209,1610612752,Knicks,NYK,New York,240.000000:00,0.511,0.227,0.1,0.13,0.595,0.253,0.125,0.158
0022201209,1610612740,Pelicans,NOP,New Orleans,240.000000:00,0.595,0.253,0.125,0.105,0.511,0.227,0.1,0.222
0022201207,1610612753,Magic,ORL,Orlando,240.000000:00,0.397,0.195,0.209,0.263,0.444,0.281,0.1,0.222
0022201207,1610612751,Nets,BKN,Brooklyn,240.000000:00,0.444,0.281,0.1,0.185,0.397,0.195,0.209,0.351
0022201203,1610612754,Pacers,IND,Indiana,240.000000:00,0.56,0.337,0.18,0.196,0.561,0.289,0.124,0.245
0022201203,1610612765,Pistons,DET,Detroit,240.000000:00,0.561,0.289,0.124,0.204,0.56,0.337,0.18,0.261
0022201204,1610612764,Wizards,WAS,Washington,240.000000:00,0.506,0.44,0.161,0.245,0.515,0.122,0.152,0.276
0022201204,1610612748,Heat,MIA,Miami,240.000000:00,0.515,0.122,0.152,0.241,0.506,0.44,0.161,0.286
0022201197,1610612753,Magic,ORL,Orlando,240.000000:00,0.476,0.229,0.211,0.18,0.625,0.102,0.17,0.238
0022201197,1610612739,Cavaliers,CLE,Cleveland,240.000000:00,0.625,0.102,0.17,0.214,0.476,0.229,0.211,0.3
0022201201,1610612756,Suns,PHX,Phoenix,240.000000:00,0.627,0.316,0.108,0.171,0.578,0.277,0.134,0.357
0022201201,1610612743,Nuggets,DEN,Denver,240.000000:00,0.578,0.277,0.134,0.214,0.627,0.316,0.108,0.244
0022201198,1610612755,76ers,PHI,Philadelphia,240.000000:00,0.579,0.197,0.176,0.079,0.659,0.17,0.115,0.275
0022201198,1610612748,Heat,MIA,Miami,240.000000:00,0.659,0.17,0.115,0.25,0.579,0.197,0.176,0.105
0022201199,1610612759,Spurs,SAS,San Antonio,240.000000:00,0.491,0.264,0.13,0.295,0.583,0.188,0.143,0.304
0022201199,1610612757,Trail Blazers,POR,Portland,240.000000:00,0.583,0.188,0.143,0.174,0.491,0.264,0.13,0.41
0022201200,1610612762,Jazz,UTA,Utah,240.000000:00,0.524,0.193,0.186,0.159,0.479,0.268,0.124,0.344
0022201200,1610612760,Thunder,OKC,Oklahoma City,240.000000:00,0.479,0.268,0.124,0.279,0.524,0.193,0.186,0.159
0022201192,1610612761,Raptors,TOR,Toronto,240.000000:00,0.444,0.189,0.124,0.236,0.489,0.202,0.149,0.327
0022201192,1610612738,Celtics,BOS,Boston,240.000000:00,0.489,0.202,0.149,0.2,0.444,0.189,0.124,0.273
0022201194,1610612740,Pelicans,NOP,New Orleans,265.000000:00,0.619,0.443,0.141,0.16,0.538,0.24,0.123,0.328
0022201194,1610612763,Grizzlies,MEM,Memphis,265.000000:00,0.538,0.24,0.123,0.259,0.619,0.443,0.141,0.26
0022201189,1610612765,Pistons,DET,Detroit,240.000000:00,0.565,0.167,0.147,0.209,0.622,0.267,0.132,0.364
0022201189,1610612751,Nets,BKN,Brooklyn,240.000000:00,0.622,0.267,0.132,0.25,0.565,0.167,0.147,0.302
0022201193,1610612749,Bucks,MIL,Milwaukee,240.000000:00,0.522,0.12,0.134,0.241,0.5,0.133,0.153,0.146
0022201193,1610612741,Bulls,CHI,Chicago,240.000000:00,0.5,0.133,0.153,0.104,0.522,0.12,0.134,0.296
0022201195,1610612758,Kings,SAC,Sacramento,240.000000:00,0.491,0.179,0.089,0.361,0.607,0.202,0.1,0.217
0022201195,1610612742,Mavericks,DAL,Dallas,240.000000:00,0.607,0.202,0.1,0.152,0.491,0.179,0.089,0.443
0022201196,1610612747,Lakers,LAL,Los Angeles,240.000000:00,0.573,0.27,0.135,0.217,0.622,0.329,0.128,0.122
0022201196,1610612746,Clippers,LAC,LA,240.000000:00,0.622,0.329,0.128,0.122,0.573,0.27,0.135,0.239
0022201190,1610612752,Knicks,NYK,New York,240.000000:00,0.61,0.25,0.165,0.377,0.603,0.345,0.159,0.289
0022201190,1610612754,Pacers,IND,Indiana,240.000000:00,0.603,0.345,0.159,0.222,0.61,0.25,0.165,0.472
0022201191,1610612764,Wizards,WAS,Washington,240.000000:00,0.511,0.277,0.13,0.226,0.589,0.476,0.159,0.333
0022201191,1610612737,Hawks,ATL,Atlanta,240.000000:00,0.589,0.476,0.159,0.286,0.511,0.277,0.13,0.283
0022201183,1610612745,Rockets,HOU,Houston,240.000000:00,0.52,0.235,0.123,0.333,0.534,0.207,0.196,0.275
0022201183,1610612743,Nuggets,DEN,Denver,240.000000:00,0.534,0.207,0.196,0.255,0.52,0.235,0.123,0.417
0022201179,1610612764,Wizards,WAS,Washington,240.000000:00,0.571,0.212,0.083,0.164,0.668,0.315,0.163,0.314
0022201179,1610612749,Bucks,MIL,Milwaukee,240.000000:00,0.668,0.315,0.163,0.235,0.571,0.212,0.083,0.182
0022201178,1610612753,Magic,ORL,Orlando,240.000000:00,0.562,0.191,0.135,0.295,0.589,0.238,0.093,0.205
0022201178,1610612739,Cavaliers,CLE,Cleveland,240.000000:00,0.589,0.238,0.093,0.114,0.562,0.191,0.135,0.341
0022201187,1610612760,Thunder,OKC,Oklahoma City,240.000000:00,0.532,0.376,0.095,0.236,0.6,0.316,0.136,0.442
0022201187,1610612744,Warriors,GSW,Golden State,240.000000:00,0.6,0.316,0.136,0.365,0.532,0.376,0.095,0.273
0022201182,1610612741,Bulls,CHI,Chicago,240.000000:00,0.5,0.225,0.08,0.125,0.616,0.221,0.163,0.282
0022201182,1610612737,Hawks,ATL,Atlanta,240.000000:00,0.616,0.221,0.163,0.179,0.5,0.225,0.08,0.125
0022201186,1610612762,Jazz,UTA,Utah,265.000000:00,0.606,0.344,0.125,0.13,0.563,0.365,0.107,0.288
0022201186,1610612747,Lakers,LAL,Los Angeles,265.000000:00,0.563,0.365,0.107,0.212,0.606,0.344,0.125,0.196
0022201176,1610612761,Raptors,TOR,Toronto,240.000000:00,0.563,0.318,0.072,0.204,0.545,0.247,0.185,0.22
0022201176,1610612766,Hornets,CHA,Charlotte,240.000000:00,0.545,0.247,0.185,0.146,0.563,0.318,0.072,0.245
0022201185,1610612758,Kings,SAC,Sacramento,240.000000:00,0.599,0.165,0.122,0.244,0.482,0.321,0.139,0.306
0022201185,1610612740,Pelicans,NOP,New Orleans,240.000000:00,0.482,0.321,0.139,0.184,0.599,0.165,0.122,0.289
0022201177,1610612748,Heat,MIA,Miami,240.000000:00,0.594,0.325,0.085,0.128,0.568,0.37,0.151,0.211
0022201177,1610612765,Pistons,DET,Detroit,240.000000:00,0.568,0.37,0.151,0.158,0.594,0.325,0.085,0.231
0022201181,1610612755,76ers,PHI,Philadelphia,240.000000:00,0.571,0.205,0.132,0.15,0.5,0.176,0.086,0.339
0022201181,1610612738,Celtics,BOS,Boston,240.000000:00,0.5,0.176,0.086,0.232,0.571,0.205,0.132,0.225
0022201184,1610612757,Trail Blazers,POR,Portland,240.000000:00,0.505,0.175,0.099,0.224,0.586,0.253,0.119,0.191
0022201184,1610612763,Grizzlies,MEM,Memphis,240.000000:00,0.586,0.253,0.119,0.17,0.505,0.175,0.099,0.259
0022201180,1610612750,Timberwolves,MIN,Minnesota,240.000000:00,0.529,0.259,0.12,0.149,0.506,0.156,0.101,0.264
0022201180,1610612751,Nets,BKN,Brooklyn,240.000000:00,0.506,0.156,0.101,0.132,0.529,0.259,0.12,0.277
0022201188,1610612759,Spurs,SAS,San Antonio,240.000000:00,0.461,0.156,0.121,0.158,0.539,0.292,0.141,0.408
0022201188,1610612756,Suns,PHX,Phoenix,240.000000:00,0.539,0.292,0.141,0.306,0.461,0.156,0.121,0.228
0022201171,1610612747,Lakers,LAL,Los Angeles,240.000000:00,0.608,0.301,0.06,0.25,0.495,0.098,0.1,0.3
0022201171,1610612745,Rockets,HOU,Houston,240.000000:00,0.495,0.098,0.1,0.267,0.608,0.301,0.06,0.273
0022201164,1610612762,Jazz,UTA,Utah,240.000000:00,0.484,0.33,0.106,0.204,0.494,0.395,0.087,0.176
0022201164,1610612751,Nets,BKN,Brooklyn,240.000000:00,0.494,0.395,0.087,0.137,0.484,0.33,0.106,0.296
0022201174,1610612755,76ers,PHI,Philadelphia,240.000000:00,0.529,0.149,0.119,0.229,0.638,0.263,0.127,0.297
0022201174,1610612749,Bucks,MIL,Milwaukee,240.000000:00,0.638,0.263,0.127,0.189,0.529,0.149,0.119,0.25
0022201175,1610612744,Warriors,GSW,Golden State,240.000000:00,0.443,0.162,0.142,0.349,0.485,0.18,0.125,0.375
0022201175,1610612743,Nuggets,DEN,Denver,240.000000:00,0.485,0.18,0.125,0.304,0.443,0.162,0.142,0.46
0022201165,1610612763,Grizzlies,MEM,Memphis,240.000000:00,0.577,0.143,0.181,0.174,0.58,0.234,0.029,0.128
0022201165,1610612741,Bulls,CHI,Chicago,240.000000:00,0.58,0.234,0.029,0.085,0.577,0.143,0.181,0.239
0022201168,1610612764,Wizards,WAS,Washington,240.000000:00,0.595,0.228,0.188,0.122,0.597,0.205,0.119,0.205
0022201168,1610612752,Knicks,NYK,New York,240.000000:00,0.597,0.205,0.119,0.159,0.595,0.228,0.188,0.195
0022201170,1610612759,Spurs,SAS,San Antonio,265.000000:00,0.597,0.296,0.157,0.292,0.529,0.311,0.126,0.328
0022201170,1610612758,Kings,SAC,Sacramento,265.000000:00,0.529,0.311,0.126,0.224,0.597,0.296,0.157,0.354
0022201169,1610612753,Magic,ORL,Orlando,240.000000:00,0.687,0.533,0.157,0.179,0.468,0.462,0.159,0.26
0022201169,1610612765,Pistons,DET,Detroit,240.000000:00,0.468,0.462,0.159,0.18,0.687,0.533,0.157,0.256
0022201172,1610612756,Suns,PHX,Phoenix,240.000000:00,0.648,0.346,0.128,0.135,0.472,0.466,0.079,0.357
0022201172,1610612760,Thunder,OKC,Oklahoma City,240.000000:00,0.472,0.466,0.079,0.232,0.648,0.346,0.128,0.189
0022201173,1610612754,Pacers,IND,Indiana,240.000000:00,0.488,0.349,0.167,0.224,0.539,0.289,0.128,0.292
0022201173,1610612739,Cavaliers,CLE,Cleveland,240.000000:00,0.539,0.289,0.128,0.271,0.488,0.349,0.167,0.306
0022201166,1610612757,Trail Blazers,POR,Portland,240.000000:00,0.511,0.215,0.099,0.193,0.551,0.291,0.18,0.209
0022201166,1610612750,Timberwolves,MIN,Minnesota,240.000000:00,0.551,0.291,0.18,0.163,0.511,0.215,0.099,0.246
0022201167,1610612742,Mavericks,DAL,Dallas,265.000000:00,0.568,0.337,0.124,0.192,0.528,0.204,0.098,0.317
0022201167,1610612737,Hawks,ATL,Atlanta,265.000000:00,0.528,0.204,0.098,0.267,0.568,0.337,0.124,0.25
0022201163,1610612761,Raptors,TOR,Toronto,240.000000:00,0.577,0.077,0.08,0.313,0.582,0.153,0.182,0.295
0022201163,1610612766,Hornets,CHA,Charlotte,240.000000:00,0.582,0.153,0.182,0.227,0.577,0.077,0.08,0.417
0022201161,1610612748,Heat,MIA,Miami,240.000000:00,0.599,0.337,0.11,0.233,0.701,0.208,0.144,0.033
0022201161,1610612742,Mavericks,DAL,Dallas,240.000000:00,0.701,0.208,0.144,0.033,0.599,0.337,0.11,0.302
0022201162,1610612740,Pelicans,NOP,New Orleans,240.000000:00,0.529,0.407,0.074,0.304,0.559,0.271,0.134,0.333
0022201162,1610612746,Clippers,LAC,LA,240.000000:00,0.559,0.271,0.134,0.244,0.529,0.407,0.074,0.348
0022201149,1610612760,Thunder,OKC,Oklahoma City,240.000000:00,0.5,0.386,0.107,0.224,0.52,0.286,0.15,0.414
0022201149,1610612754,Pacers,IND,Indiana,240.000000:00,0.52,0.286,0.15,0.345,0.5,0.386,0.107,0.265
0022201155,1610612745,Rockets,HOU,Houston,240.000000:00,0.524,0.542,0.119,0.286,0.545,0.303,0.12,0.314
0022201155,1610612765,Pistons,DET,Detroit,240.000000:00,0.545,0.303,0.12,0.255,0.524,0.542,0.119,0.388
0022201158,1610612759,Spurs,SAS,San Antonio,240.000000:00,0.544,0.253,0.147,0.264,0.618,0.226,0.145,0.333
0022201158,1610612744,Warriors,GSW,Golden State,240.000000:00,0.618,0.226,0.145,0.275,0.544,0.253,0.147,0.34
0022201150,1610612761,Raptors,TOR,Toronto,240.000000:00,0.548,0.274,0.14,0.304,0.644,0.342,0.194,0.394
0022201150,1610612755,76ers,PHI,Philadelphia,240.000000:00,0.644,0.342,0.194,0.273,0.548,0.274,0.14,0.391
0022201157,1610612750,Timberwolves,MIN,Minnesota,240.000000:00,0.5,0.2,0.149,0.218,0.55,0.333,0.154,0.383
0022201157,1610612747,Lakers,LAL,Los Angeles,240.000000:00,0.55,0.333,0.154,0.319,0.5,0.2,0.149,0.236
0022201152,1610612762,Jazz,UTA,Utah,240.000000:00,0.526,0.146,0.168,0.255,0.526,0.229,0.111,0.255
0022201152,1610612738,Celtics,BOS,Boston,240.000000:00,0.526,0.229,0.111,0.182,0.526,0.146,0.168,0.314
0022201156,1610612763,Grizzlies,MEM,Memphis,240.000000:00,0.495,0.177,0.141,0.214,0.439,0.2,0.173,0.228
0022201156,1610612746,Clippers,LAC,LA,240.000000:00,0.439,0.2,0.173,0.211,0.495,0.177,0.141,0.25
0022201151,1610612764,Wizards,WAS,Washington,240.000000:00,0.471,0.114,0.12,0.231,0.545,0.295,0.105,0.213
0022201151,1610612753,Magic,ORL,Orlando,240.000000:00,0.545,0.295,0.105,0.128,0.471,0.114,0.12,0.323
0022201154,1610612752,Knicks,NYK,New York,240.000000:00,0.618,0.258,0.103,0.32,0.61,0.151,0.101,0.186
0022201154,1610612739,Cavaliers,CLE,Cleveland,240.000000:00,0.61,0.151,0.101,0.07,0.618,0.258,0.103,0.38
0022201159,1610612758,Kings,SAC,Sacramento,240.000000:00,0.722,0.17,0.131,0.222,0.582,0.271,0.188,0.3
0022201159,1610612757,Trail Blazers,POR,Portland,240.000000:00,0.582,0.271,0.188,0.18,0.722,0.17,0.131,0.278
0022201153,1610612751,Nets,BKN,Brooklyn,240.000000:00,0.642,0.148,0.133,0.225,0.473,0.253,0.114,0.37
0022201153,1610612737,Hawks,ATL,Atlanta,240.000000:00,0.473,0.253,0.114,0.296,0.642,0.148,0.133,0.25
0022201160,1610612756,Suns,PHX,Phoenix,240.000000:00,0.477,0.239,0.16,0.241,0.432,0.211,0.11,0.3
0022201160,1610612743,Nuggets,DEN,Denver,240.000000:00,0.432,0.211,0.11,0.25,0.477,0.239,0.16,0.315
0022201148,1610612741,Bulls,CHI,Chicago,240.000000:00,0.585,0.25,0.073,0.2,0.545,0.13,0.221,0.205
0022201148,1610612766,Hornets,CHA,Charlotte,240.000000:00,0.545,0.13,0.221,0.091,0.585,0.25,0.073,0.222
0022201147,1610612740,Pelicans,NOP,New Orleans,240.000000:00,0.556,0.275,0.128,0.182,0.425,0.4,0.107,0.278
0022201147,1610612743,Nuggets,DEN,Denver,240.000000:00,0.425,0.4,0.107,0.204,0.556,0.275,0.128,0.25
0022201146,1610612749,Bucks,MIL,Milwaukee,240.000000:00,0.446,0.129,0.124,0.231,0.681,0.22,0.088,0.238
0022201146,1610612738,Celtics,BOS,Boston,240.000000:00,0.681,0.22,0.088,0.167,0.446,0.129,0.124,0.338
0022201144,1610612756,Suns,PHX,Phoenix,240.000000:00,0.448,0.281,0.079,0.254,0.511,0.133,0.209,0.358
0022201144,1610612750,Timberwolves,MIN,Minnesota,240.000000:00,0.511,0.133,0.209,0.302,0.448,0.281,0.079,0.305
0022201137,1610612745,Rockets,HOU,Houston,240.000000:00,0.515,0.214,0.103,0.357,0.64,0.329,0.123,0.209
0022201137,1610612751,Nets,BKN,Brooklyn,240.000000:00,0.64,0.329,0.123,0.186,0.515,0.214,0.103,0.393
0022201139,1610612755,76ers,PHI,Philadelphia,240.000000:00,0.569,0.375,0.118,0.239,0.566,0.217,0.144,0.261
0022201139,1610612742,Mavericks,DAL,Dallas,240.000000:00,0.566,0.217,0.144,0.174,0.569,0.375,0.118,0.304
0022201138,1610612752,Knicks,NYK,New York,240.000000:00,0.586,0.303,0.172,0.209,0.525,0.177,0.122,0.174
0022201138,1610612748,Heat,MIA,Miami,240.000000:00,0.525,0.177,0.122,0.13,0.586,0.303,0.172,0.256
0022201140,1610612747,Lakers,LAL,Los Angeles,240.000000:00,0.564,0.349,0.157,0.302,0.563,0.148,0.138,0.205
0022201140,1610612741,Bulls,CHI,Chicago,240.000000:00,0.563,0.148,0.138,0.136,0.564,0.349,0.157,0.395
0022201142,1610612760,Thunder,OKC,Oklahoma City,240.000000:00,0.506,0.287,0.102,0.204,0.6,0.175,0.191,0.286
0022201142,1610612765,Pistons,DET,Detroit,240.000000:00,0.6,0.175,0.191,0.238,0.506,0.287,0.102,0.286
0022201145,1610612758,Kings,SAC,Sacramento,240.000000:00,0.554,0.261,0.098,0.192,0.371,0.129,0.134,0.172
0022201145,1610612757,Trail Blazers,POR,Portland,240.000000:00,0.371,0.129,0.134,0.125,0.554,0.261,0.098,0.25
0022201136,1610612749,Bucks,MIL,Milwaukee,240.000000:00,0.677,0.323,0.171,0.368,0.594,0.218,0.074,0.196
0022201136,1610612754,Pacers,IND,Indiana,240.000000:00,0.594,0.218,0.074,0.196,0.677,0.323,0.171,0.421
0022201143,1610612762,Jazz,UTA,Utah,240.000000:00,0.611,0.222,0.15,0.19,0.526,0.221,0.136,0.269
0022201143,1610612759,Spurs,SAS,San Antonio,240.000000:00,0.526,0.221,0.136,0.173,0.611,0.222,0.15,0.214
0022201141,1610612763,Grizzlies,MEM,Memphis,240.000000:00,0.574,0.295,0.122,0.286,0.756,0.397,0.153,0.083
0022201141,1610612746,Clippers,LAC,LA,240.000000:00,0.756,0.397,0.153,0.083,0.574,0.295,0.122,0.347
0022201131,1610612739,Cavaliers,CLE,Cleveland,240.000000:00,0.554,0.237,0.079,0.2,0.528,0.371,0.144,0.373
0022201131,1610612737,Hawks,ATL,Atlanta,240.000000:00,0.528,0.371,0.144,0.275,0.554,0.237,0.079,0.26
0022201135,1610612740,Pelicans,NOP,New Orleans,240.000000:00,0.533,0.156,0.182,0.229,0.634,0.268,0.191,0.279
0022201135,1610612744,Warriors,GSW,Golden State,240.000000:00,0.634,0.268,0.191,0.256,0.533,0.156,0.182,0.313
0022201134,1610612760,Thunder,OKC,Oklahoma City,240.000000:00,0.578,0.302,0.098,0.143,0.628,0.319,0.163,0.313
0022201134,1610612766,Hornets,CHA,Charlotte,240.000000:00,0.628,0.319,0.163,0.313,0.578,0.302,0.098,0.224
0022201132,1610612761,Raptors,TOR,Toronto,240.000000:00,0.527,0.097,0.099,0.306,0.463,0.238,0.173,0.313
0022201132,1610612748,Heat,MIA,Miami,240.000000:00,0.463,0.238,0.173,0.25,0.527,0.097,0.099,0.327
0022201130,1610612764,Wizards,WAS,Washington,240.000000:00,0.611,0.131,0.1,0.128,0.543,0.118,0.117,0.229
0022201130,1610612738,Celtics,BOS,Boston,240.000000:00,0.543,0.118,0.117,0.146,0.611,0.131,0.1,0.319
0022201133,1610612753,Magic,ORL,Orlando,240.000000:00,0.48,0.15,0.14,0.133,0.545,0.261,0.157,0.235
0022201133,1610612763,Grizzlies,MEM,Memphis,240.000000:00,0.545,0.261,0.157,0.137,0.48,0.15,0.14,0.267
0022201124,1610612752,Knicks,NYK,New York,240.000000:00,0.68,0.326,0.108,0.175,0.523,0.333,0.139,0.286
0022201124,1610612745,Rockets,HOU,Houston,240.000000:00,0.523,0.333,0.139,0.265,0.68,0.326,0.108,0.2
0022201129,1610612746,Clippers,LAC,LA,240.000000:00,0.716,0.198,0.18,0.158,0.591,0.256,0.153,0.244
0022201129,1610612741,Bulls,CHI,Chicago,240.000000:00,0.591,0.256,0.153,0.195,0.716,0.198,0.18,0.263
0022201122,1610612749,Bucks,MIL,Milwaukee,240.000000:00,0.547,0.274,0.09,0.283,0.484,0.391,0.096,0.352
0022201122,1610612765,Pistons,DET,Detroit,240.000000:00,0.484,0.391,0.096,0.259,0.547,0.274,0.09,0.34
0022201128,1610612758,Kings,SAC,Sacramento,240.000000:00,0.494,0.476,0.1,0.25,0.564,0.395,0.063,0.333
0022201128,1610612750,Timberwolves,MIN,Minnesota,240.000000:00,0.564,0.395,0.063,0.244,0.494,0.476,0.1,0.354
0022201126,1610612755,76ers,PHI,Philadelphia,240.000000:00,0.528,0.247,0.111,0.229,0.571,0.259,0.124,0.286
0022201126,1610612743,Nuggets,DEN,Denver,240.000000:00,0.571,0.259,0.124,0.238,0.528,0.247,0.111,0.271
0022201123,1610612754,Pacers,IND,Indiana,240.000000:00,0.462,0.247,0.136,0.25,0.675,0.205,0.131,0.189
0022201123,1610612742,Mavericks,DAL,Dallas,240.000000:00,0.675,0.205,0.131,0.108,0.462,0.247,0.136,0.393
0022201125,1610612762,Jazz,UTA,Utah,240.000000:00,0.494,0.314,0.129,0.196,0.48,0.218,0.07,0.356
0022201125,1610612756,Suns,PHX,Phoenix,240.000000:00,0.48,0.218,0.07,0.305,0.494,0.314,0.129,0.333
0022201127,1610612757,Trail Blazers,POR,Portland,240.000000:00,0.428,0.167,0.117,0.107,0.64,0.198,0.166,0.324
0022201127,1610612740,Pelicans,NOP,New Orleans,240.000000:00,0.64,0.198,0.166,0.216,0.428,0.167,0.117,0.196
0022201115,1610612763,Grizzlies,MEM,Memphis,240.000000:00,0.612,0.213,0.107,0.136,0.495,0.265,0.095,0.352
0022201115,1610612737,Hawks,ATL,Atlanta,240.000000:00,0.495,0.265,0.095,0.259,0.612,0.213,0.107,0.182
0022201116,1610612759,Spurs,SAS,San Antonio,240.000000:00,0.412,0.186,0.089,0.046,0.67,0.231,0.141,0.2
0022201116,1610612738,Celtics,BOS,Boston,240.000000:00,0.67,0.231,0.141,0.2,0.412,0.186,0.089,0.108
0022201117,1610612745,Rockets,HOU,Houston,240.000000:00,0.475,0.225,0.2,0.261,0.524,0.289,0.12,0.356
0022201117,1610612739,Cavaliers,CLE,Cleveland,240.000000:00,0.524,0.289,0.12,0.289,0.475,0.225,0.2,0.348
0022201113,1610612742,Mavericks,DAL,Dallas,240.000000:00,0.494,0.262,0.081,0.058,0.511,0.273,0.142,0.3
0022201113,1610612766,Hornets,CHA,Charlotte,240.000000:00,0.511,0.273,0.142,0.28,0.494,0.262,0.081,0.135
0022201119,1610612764,Wizards,WAS,Washington,240.000000:00,0.535,0.233,0.179,0.231,0.515,0.163,0.13,0.37
0022201119,1610612761,Raptors,TOR,Toronto,240.000000:00,0.515,0.163,0.13,0.333,0.535,0.233,0.179,0.288
0022201120,1610612757,Trail Blazers,POR,Portland,240.000000:00,0.561,0.329,0.173,0.182,0.5,0.298,0.105,0.315
0022201120,1610612760,Thunder,OKC,Oklahoma City,240.000000:00,0.5,0.298,0.105,0.241,0.561,0.329,0.173,0.273
0022201114,1610612747,Lakers,LAL,Los Angeles,240.000000:00,0.593,0.373,0.185,0.186,0.621,0.149,0.096,0.262
0022201114,1610612741,Bulls,CHI,Chicago,240.000000:00,0.621,0.149,0.096,0.19,0.593,0.373,0.185,0.209
0022201121,1610612750,Timberwolves,MIN,Minnesota,240.000000:00,0.531,0.313,0.172,0.18,0.506,0.207,0.161,0.163
0022201121,1610612744,Warriors,GSW,Golden State,240.000000:00,0.506,0.207,0.161,0.122,0.531,0.313,0.172,0.26
0022201118,1610612753,Magic,ORL,Orlando,240.000000:00,0.571,0.329,0.111,0.214,0.451,0.308,0.145,0.333
0022201118,1610612751,Nets,BKN,Brooklyn,240.000000:00,0.451,0.308,0.145,0.263,0.571,0.329,0.111,0.262
0022201111,1610612762,Jazz,UTA,Utah,240.000000:00,0.566,0.176,0.163,0.234,0.547,0.221,0.091,0.308
0022201111,1610612758,Kings,SAC,Sacramento,240.000000:00,0.547,0.221,0.091,0.269,0.566,0.176,0.163,0.319
0022201112,1610612740,Pelicans,NOP,New Orleans,240.000000:00,0.641,0.094,0.154,0.267,0.62,0.28,0.196,0.103
0022201112,1610612746,Clippers,LAC,LA,240.000000:00,0.62,0.28,0.196,0.051,0.641,0.094,0.154,0.356
0022201108,1610612748,Heat,MIA,Miami,240.000000:00,0.55,0.175,0.152,0.186,0.596,0.281,0.088,0.435
0022201108,1610612751,Nets,BKN,Brooklyn,240.000000:00,0.596,0.281,0.088,0.37,0.55,0.175,0.152,0.326
0022201110,1610612756,Suns,PHX,Phoenix,240.000000:00,0.586,0.204,0.083,0.277,0.519,0.346,0.137,0.261
0022201110,1610612755,76ers,PHI,Philadelphia,240.000000:00,0.519,0.346,0.137,0.174,0.586,0.204,0.083,0.362
0022201107,1610612754,Pacers,IND,Indiana,240.000000:00,0.615,0.125,0.157,0.227,0.63,0.26,0.124,0.488
0022201107,1610612737,Hawks,ATL,Atlanta,240.000000:00,0.63,0.26,0.124,0.349,0.615,0.125,0.157,0.364
0022201109,1610612749,Bucks,MIL,Milwaukee,240.000000:00,0.494,0.239,0.097,0.08,0.612,0.315,0.113,0.196
0022201109,1610612743,Nuggets,DEN,Denver,240.000000:00,0.612,0.315,0.113,0.152,0.494,0.239,0.097,0.12
0022201106,1610612760,Thunder,OKC,Oklahoma City,240.000000:00,0.511,0.207,0.102,0.231,0.527,0.308,0.112,0.346
0022201106,1610612747,Lakers,LAL,Los Angeles,240.000000:00,0.527,0.308,0.112,0.308,0.511,0.207,0.102,0.269
0022201105,1610612758,Kings,SAC,Sacramento,240.000000:00,0.601,0.36,0.039,0.116,0.59,0.326,0.118,0.37
0022201105,1610612756,Suns,PHX,Phoenix,240.000000:00,0.59,0.326,0.118,0.261,0.601,0.36,0.039,0.233
0022201100,1610612763,Grizzlies,MEM,Memphis,240.000000:00,0.747,0.151,0.105,0.132,0.58,0.241,0.156,0.25
0022201100,1610612745,Rockets,HOU,Houston,240.000000:00,0.58,0.241,0.156,0.227,0.747,0.151,0.105,0.237
0022201098,1610612764,Wizards,WAS,Washington,240.000000:00,0.688,0.306,0.1,0.154,0.569,0.149,0.049,0.283
0022201098,1610612759,Spurs,SAS,San Antonio,240.000000:00,0.569,0.149,0.049,0.208,0.688,0.306,0.1,0.179
0022201102,1610612762,Jazz,UTA,Utah,240.000000:00,0.438,0.327,0.1,0.29,0.667,0.162,0.118,0.277
0022201102,1610612749,Bucks,MIL,Milwaukee,240.000000:00,0.667,0.162,0.118,0.191,0.438,0.327,0.1,0.333
0022201104,1610612757,Trail Blazers,POR,Portland,240.000000:00,0.465,0.209,0.14,0.16,0.673,0.167,0.177,0.324
0022201104,1610612741,Bulls,CHI,Chicago,240.000000:00,0.673,0.167,0.177,0.297,0.465,0.209,0.14,0.24
0022201097,1610612754,Pacers,IND,Indiana,240.000000:00,0.488,0.262,0.162,0.122,0.57,0.204,0.14,0.231
0022201097,1610612738,Celtics,BOS,Boston,240.000000:00,0.57,0.204,0.14,0.173,0.488,0.262,0.162,0.163
0022201099,1610612761,Raptors,TOR,Toronto,240.000000:00,0.516,0.315,0.109,0.283,0.507,0.411,0.22,0.262
0022201099,1610612765,Pistons,DET,Detroit,240.000000:00,0.507,0.411,0.22,0.19,0.516,0.315,0.109,0.415
0022201103,1610612755,76ers,PHI,Philadelphia,240.000000:00,0.538,0.436,0.101,0.093,0.58,0.273,0.11,0.224
0022201103,1610612744,Warriors,GSW,Golden State,240.000000:00,0.58,0.273,0.11,0.204,0.538,0.436,0.101,0.093
0022201101,1610612742,Mavericks,DAL,Dallas,240.000000:00,0.542,0.286,0.112,0.156,0.545,0.303,0.078,0.2
0022201101,1610612766,Hornets,CHA,Charlotte,240.000000:00,0.545,0.303,0.078,0.12,0.542,0.286,0.112,0.156
0022201094,1610612739,Cavaliers,CLE,Cleveland,240.000000:00,0.539,0.292,0.103,0.26,0.556,0.333,0.16,0.341
0022201094,1610612751,Nets,BKN,Brooklyn,240.000000:00,0.556,0.333,0.16,0.205,0.539,0.292,0.103,0.32
0022201095,1610612740,Pelicans,NOP,New Orleans,240.000000:00,0.515,0.153,0.105,0.208,0.512,0.193,0.165,0.106
0022201095,1610612766,Hornets,CHA,Charlotte,240.000000:00,0.512,0.193,0.165,0.085,0.515,0.153,0.105,0.283
0022201096,1610612760,Thunder,OKC,Oklahoma City,240.000000:00,0.511,0.118,0.142,0.245,0.667,0.238,0.15,0.308
0022201096,1610612746,Clippers,LAC,LA,240.000000:00,0.667,0.238,0.15,0.205,0.511,0.118,0.142,0.34
0022201093,1610612753,Magic,ORL,Orlando,240.000000:00,0.534,0.241,0.153,0.16,0.489,0.295,0.131,0.288
0022201093,1610612752,Knicks,NYK,New York,240.000000:00,0.489,0.295,0.131,0.25,0.534,0.241,0.153,0.26
0022201089,1610612759,Spurs,SAS,San Antonio,240.000000:00,0.435,0.215,0.168,0.129,0.597,0.245,0.132,0.259
0022201089,1610612749,Bucks,MIL,Milwaukee,240.000000:00,0.597,0.245,0.132,0.185,0.435,0.215,0.168,0.177
0022201085,1610612761,Raptors,TOR,Toronto,240.000000:00,0.478,0.438,0.097,0.241,0.63,0.325,0.184,0.27
0022201085,1610612754,Pacers,IND,Indiana,240.000000:00,0.63,0.325,0.184,0.216,0.478,0.438,0.097,0.333
0022201088,1610612763,Grizzlies,MEM,Memphis,240.000000:00,0.586,0.379,0.109,0.273,0.581,0.247,0.161,0.458
0022201088,1610612745,Rockets,HOU,Houston,240.000000:00,0.581,0.247,0.161,0.417,0.586,0.379,0.109,0.341
0022201090,1610612750,Timberwolves,MIN,Minnesota,240.000000:00,0.549,0.315,0.105,0.224,0.6,0.294,0.163,0.262
0022201090,1610612737,Hawks,ATL,Atlanta,240.000000:00,0.6,0.294,0.163,0.214,0.549,0.315,0.105,0.306
0022201083,1610612764,Wizards,WAS,Washington,240.000000:00,0.529,0.184,0.077,0.227,0.596,0.253,0.11,0.293
0022201083,1610612743,Nuggets,DEN,Denver,240.000000:00,0.596,0.253,0.11,0.268,0.529,0.184,0.077,0.295
0022201086,1610612744,Warriors,GSW,Golden State,240.000000:00,0.622,0.2,0.13,0.268,0.59,0.315,0.097,0.275
0022201086,1610612742,Mavericks,DAL,Dallas,240.000000:00,0.59,0.315,0.097,0.157,0.622,0.2,0.13,0.293
0022201084,1610612752,Knicks,NYK,New York,240.000000:00,0.61,0.305,0.168,0.214,0.671,0.329,0.102,0.083
0022201084,1610612748,Heat,MIA,Miami,240.000000:00,0.671,0.329,0.102,0.056,0.61,0.305,0.168,0.31
0022201092,1610612756,Suns,PHX,Phoenix,240.000000:00,0.533,0.222,0.164,0.24,0.614,0.657,0.15,0.2
0022201092,1610612747,Lakers,LAL,Los Angeles,240.000000:00,0.614,0.657,0.15,0.143,0.533,0.222,0.164,0.3
0022201087,1610612755,76ers,PHI,Philadelphia,240.000000:00,0.573,0.317,0.179,0.25,0.446,0.265,0.197,0.353
0022201087,1610612741,Bulls,CHI,Chicago,240.000000:00,0.446,0.265,0.197,0.294,0.573,0.317,0.179,0.364
0022201091,1610612762,Jazz,UTA,Utah,240.000000:00,0.543,0.439,0.158,0.146,0.554,0.323,0.083,0.18
0022201091,1610612757,Trail Blazers,POR,Portland,240.000000:00,0.554,0.323,0.083,0.14,0.543,0.439,0.158,0.167
0022201077,1610612764,Wizards,WAS,Washington,240.000000:00,0.566,0.277,0.136,0.089,0.613,0.313,0.16,0.216
0022201077,1610612753,Magic,ORL,Orlando,240.000000:00,0.613,0.313,0.16,0.189,0.566,0.277,0.136,0.178
0022201082,1610612760,Thunder,OKC,Oklahoma City,240.000000:00,0.473,0.151,0.121,0.222,0.512,0.244,0.144,0.308
0022201082,1610612746,Clippers,LAC,LA,240.000000:00,0.512,0.244,0.144,0.231,0.473,0.151,0.121,0.315
0022201079,1610612739,Cavaliers,CLE,Cleveland,240.000000:00,0.59,0.253,0.143,0.195,0.495,0.25,0.17,0.491
0022201079,1610612751,Nets,BKN,Brooklyn,240.000000:00,0.495,0.25,0.17,0.358,0.59,0.253,0.143,0.268
0022201080,1610612759,Spurs,SAS,San Antonio,240.000000:00,0.42,0.218,0.158,0.164,0.617,0.284,0.157,0.237
0022201080,1610612740,Pelicans,NOP,New Orleans,240.000000:00,0.617,0.284,0.157,0.132,0.42,0.218,0.158,0.213
0022201078,1610612765,Pistons,DET,Detroit,240.000000:00,0.478,0.264,0.098,0.161,0.537,0.379,0.109,0.464
0022201078,1610612737,Hawks,ATL,Atlanta,240.000000:00,0.537,0.379,0.109,0.375,0.478,0.264,0.098,0.214
0022201081,1610612758,Kings,SAC,Sacramento,240.000000:00,0.586,0.259,0.149,0.222,0.63,0.25,0.062,0.298
0022201081,1610612738,Celtics,BOS,Boston,240.000000:00,0.63,0.25,0.062,0.234,0.586,0.259,0.149,0.267
0022201072,1610612755,76ers,PHI,Philadelphia,290.000000:00,0.478,0.244,0.188,0.17,0.452,0.309,0.097,0.19
0022201072,1610612741,Bulls,CHI,Chicago,290.000000:00,0.452,0.309,0.097,0.069,0.478,0.244,0.188,0.245
0022201071,1610612754,Pacers,IND,Indiana,240.000000:00,0.506,0.415,0.208,0.271,0.511,0.356,0.105,0.283
0022201071,1610612766,Hornets,CHA,Charlotte,240.000000:00,0.511,0.356,0.105,0.189,0.506,0.415,0.208,0.396
0022201076,1610612762,Jazz,UTA,Utah,240.000000:00,0.614,0.261,0.115,0.136,0.521,0.258,0.057,0.23
0022201076,1610612758,Kings,SAC,Sacramento,240.000000:00,0.521,0.258,0.057,0.131,0.614,0.261,0.115,0.159
0022201075,1610612763,Grizzlies,MEM,Memphis,240.000000:00,0.517,0.292,0.116,0.321,0.53,0.238,0.124,0.267
0022201075,1610612742,Mavericks,DAL,Dallas,240.000000:00,0.53,0.238,0.124,0.178,0.517,0.292,0.116,0.358
0022201074,1610612745,Rockets,HOU,Houston,240.000000:00,0.473,0.258,0.166,0.236,0.597,0.216,0.199,0.362
0022201074,1610612744,Warriors,GSW,Golden State,240.000000:00,0.597,0.216,0.199,0.34,0.473,0.258,0.166,0.4
0022201073,1610612752,Knicks,NYK,New York,240.000000:00,0.647,0.329,0.158,0.179,0.699,0.386,0.143,0.25
0022201073,1610612750,Timberwolves,MIN,Minnesota,240.000000:00,0.699,0.386,0.143,0.194,0.647,0.329,0.158,0.282
0022201065,1610612759,Spurs,SAS,San Antonio,240.000000:00,0.617,0.17,0.116,0.217,0.5,0.198,0.118,0.389
0022201065,1610612737,Hawks,ATL,Atlanta,240.000000:00,0.5,0.198,0.118,0.37,0.617,0.17,0.116,0.326
0022201066,1610612748,Heat,MIA,Miami,240.000000:00,0.563,0.316,0.109,0.186,0.524,0.207,0.139,0.234
0022201066,1610612765,Pistons,DET,Detroit,240.000000:00,0.524,0.207,0.139,0.191,0.563,0.316,0.109,0.256
0022201063,1610612743,Nuggets,DEN,Denver,240.000000:00,0.6,0.163,0.176,0.154,0.537,0.195,0.13,0.222
0022201063,1610612751,Nets,BKN,Brooklyn,240.000000:00,0.537,0.195,0.13,0.2,0.6,0.163,0.176,0.333
0022201070,1610612753,Magic,ORL,Orlando,240.000000:00,0.451,0.167,0.077,0.206,0.545,0.41,0.153,0.222
0022201070,1610612747,Lakers,LAL,Los Angeles,240.000000:00,0.545,0.41,0.153,0.2,0.451,0.167,0.077,0.286
0022201064,1610612756,Suns,PHX,Phoenix,240.000000:00,0.56,0.261,0.13,0.18,0.565,0.429,0.146,0.261
0022201064,1610612760,Thunder,OKC,Oklahoma City,240.000000:00,0.565,0.429,0.146,0.13,0.56,0.261,0.13,0.2
0022201069,1610612757,Trail Blazers,POR,Portland,240.000000:00,0.488,0.293,0.155,0.239,0.521,0.245,0.104,0.396
0022201069,1610612746,Clippers,LAC,LA,240.000000:00,0.521,0.245,0.104,0.34,0.488,0.293,0.155,0.283
0022201068,1610612761,Raptors,TOR,Toronto,240.000000:00,0.515,0.121,0.068,0.161,0.622,0.256,0.125,0.2
0022201068,1610612749,Bucks,MIL,Milwaukee,240.000000:00,0.622,0.256,0.125,0.175,0.515,0.121,0.068,0.286
0022201067,1610612740,Pelicans,NOP,New Orleans,240.000000:00,0.571,0.282,0.105,0.233,0.467,0.5,0.133,0.348
0022201067,1610612745,Rockets,HOU,Houston,240.000000:00,0.467,0.5,0.133,0.174,0.571,0.282,0.105,0.326
0022201055,1610612752,Knicks,NYK,New York,240.000000:00,0.548,0.337,0.13,0.341,0.583,0.179,0.133,0.262
0022201055,1610612743,Nuggets,DEN,Denver,240.000000:00,0.583,0.179,0.133,0.143,0.548,0.337,0.13,0.341
0022201061,1610612763,Grizzlies,MEM,Memphis,240.000000:00,0.642,0.179,0.071,0.25,0.5,0.374,0.125,0.444
0022201061,1610612744,Warriors,GSW,Golden State,240.000000:00,0.5,0.374,0.125,0.278,0.642,0.179,0.071,0.341
0022201057,1610612755,76ers,PHI,Philadelphia,240.000000:00,0.699,0.25,0.08,0.162,0.586,0.23,0.169,0.372
0022201057,1610612754,Pacers,IND,Indiana,240.000000:00,0.586,0.23,0.169,0.279,0.699,0.25,0.08,0.189
0022201059,1610612764,Wizards,WAS,Washington,240.000000:00,0.522,0.297,0.099,0.226,0.686,0.267,0.082,0.167
0022201059,1610612758,Kings,SAC,Sacramento,240.000000:00,0.686,0.267,0.082,0.167,0.522,0.297,0.099,0.264
0022201058,1610612761,Raptors,TOR,Toronto,240.000000:00,0.583,0.233,0.143,0.2,0.488,0.329,0.145,0.229
0022201058,1610612750,Timberwolves,MIN,Minnesota,240.000000:00,0.488,0.329,0.145,0.188,0.583,0.233,0.143,0.222
0022201056,1610612753,Magic,ORL,Orlando,240.000000:00,0.56,0.298,0.173,0.2,0.5,0.267,0.146,0.294
0022201056,1610612746,Clippers,LAC,LA,240.000000:00,0.5,0.267,0.146,0.255,0.56,0.298,0.173,0.311
0022201060,1610612748,Heat,MIA,Miami,240.000000:00,0.488,0.293,0.151,0.286,0.669,0.075,0.153,0.229
0022201060,1610612741,Bulls,CHI,Chicago,240.000000:00,0.669,0.075,0.153,0.143,0.488,0.293,0.151,0.388
0022201062,1610612762,Jazz,UTA,Utah,240.000000:00,0.521,0.227,0.072,0.298,0.602,0.182,0.082,0.149
0022201062,1610612738,Celtics,BOS,Boston,240.000000:00,0.602,0.182,0.082,0.106,0.521,0.227,0.072,0.333
0022201048,1610612744,Warriors,GSW,Golden State,240.000000:00,0.536,0.204,0.158,0.296,0.55,0.25,0.101,0.298
0022201048,1610612737,Hawks,ATL,Atlanta,240.000000:00,0.55,0.25,0.101,0.228,0.536,0.204,0.158,0.352
0022201049,1610612764,Wizards,WAS,Washington,240.000000:00,0.513,0.263,0.177,0.14,0.575,0.253,0.111,0.233
0022201049,1610612739,Cavaliers,CLE,Cleveland,240.000000:00,0.575,0.253,0.111,0.209,0.513,0.263,0.177,0.209
0022201050,1610612750,Timberwolves,MIN,Minnesota,290.000000:00,0.55,0.31,0.138,0.23,0.601,0.319,0.106,0.178
0022201050,1610612741,Bulls,CHI,Chicago,290.000000:00,0.601,0.319,0.106,0.133,0.55,0.31,0.138,0.279
0022201052,1610612759,Spurs,SAS,San Antonio,265.000000:00,0.5,0.296,0.174,0.262,0.554,0.208,0.151,0.298
0022201052,1610612763,Grizzlies,MEM,Memphis,265.000000:00,0.554,0.208,0.151,0.263,0.5,0.296,0.174,0.361
0022201053,1610612757,Trail Blazers,POR,Portland,240.000000:00,0.57,0.392,0.183,0.178,0.557,0.402,0.176,0.408
0022201053,1610612738,Celtics,BOS,Boston,240.000000:00,0.557,0.402,0.176,0.367,0.57,0.392,0.183,0.222
0022201047,1610612755,76ers,PHI,Philadelphia,240.000000:00,0.554,0.272,0.144,0.292,0.366,0.302,0.134,0.21
0022201047,1610612766,Hornets,CHA,Charlotte,240.000000:00,0.366,0.302,0.134,0.113,0.554,0.272,0.144,0.354
0022201054,1610612747,Lakers,LAL,Los Angeles,240.000000:00,0.542,0.369,0.124,0.271,0.608,0.241,0.157,0.244
0022201054,1610612742,Mavericks,DAL,Dallas,240.000000:00,0.608,0.241,0.157,0.171,0.542,0.369,0.124,0.396
0022201051,1610612740,Pelicans,NOP,New Orleans,240.000000:00,0.549,0.305,0.096,0.174,0.551,0.273,0.135,0.375
0022201051,1610612745,Rockets,HOU,Houston,240.000000:00,0.551,0.273,0.135,0.313,0.549,0.305,0.096,0.196
0022201043,1610612758,Kings,SAC,Sacramento,240.000000:00,0.47,0.39,0.126,0.232,0.5,0.288,0.074,0.077
0022201043,1610612751,Nets,BKN,Brooklyn,240.000000:00,0.5,0.288,0.074,0.058,0.47,0.39,0.126,0.304
0022201045,1610612749,Bucks,MIL,Milwaukee,240.000000:00,0.59,0.292,0.116,0.196,0.67,0.155,0.095,0.217
0022201045,1610612754,Pacers,IND,Indiana,240.000000:00,0.67,0.155,0.095,0.174,0.59,0.292,0.116,0.239
0022201046,1610612756,Suns,PHX,Phoenix,240.000000:00,0.55,0.189,0.134,0.149,0.547,0.267,0.182,0.295
0022201046,1610612753,Magic,ORL,Orlando,240.000000:00,0.547,0.267,0.182,0.25,0.55,0.189,0.134,0.191
0022201042,1610612765,Pistons,DET,Detroit,240.000000:00,0.529,0.212,0.175,0.26,0.573,0.281,0.103,0.378
0022201042,1610612743,Nuggets,DEN,Denver,240.000000:00,0.573,0.281,0.103,0.289,0.529,0.212,0.175,0.32
0022201044,1610612761,Raptors,TOR,Toronto,240.000000:00,0.557,0.289,0.1,0.352,0.495,0.213,0.124,0.286
0022201044,1610612760,Thunder,OKC,Oklahoma City,240.000000:00,0.495,0.213,0.124,0.196,0.557,0.289,0.1,0.426
0022201037,1610612758,Kings,SAC,Sacramento,240.000000:00,0.603,0.372,0.189,0.109,0.474,0.258,0.136,0.323
0022201037,1610612741,Bulls,CHI,Chicago,240.000000:00,0.474,0.258,0.136,0.21,0.603,0.372,0.189,0.196
0022201038,1610612747,Lakers,LAL,Los Angeles,240.000000:00,0.439,0.411,0.095,0.196,0.573,0.213,0.181,0.378
0022201038,1610612745,Rockets,HOU,Houston,240.000000:00,0.573,0.213,0.181,0.356,0.439,0.411,0.095,0.286
0022201039,1610612750,Timberwolves,MIN,Minnesota,240.000000:00,0.512,0.262,0.132,0.157,0.476,0.357,0.11,0.231
0022201039,1610612738,Celtics,BOS,Boston,240.000000:00,0.476,0.357,0.11,0.154,0.512,0.262,0.132,0.255
0022201035,1610612755,76ers,PHI,Philadelphia,240.000000:00,0.633,0.36,0.213,0.351,0.553,0.259,0.127,0.306
0022201035,1610612739,Cavaliers,CLE,Cleveland,240.000000:00,0.553,0.259,0.127,0.245,0.633,0.36,0.213,0.432
0022201040,1610612759,Spurs,SAS,San Antonio,265.000000:00,0.528,0.243,0.089,0.254,0.61,0.43,0.171,0.289
0022201040,1610612742,Mavericks,DAL,Dallas,265.000000:00,0.61,0.43,0.171,0.222,0.528,0.243,0.089,0.317
0022201036,1610612748,Heat,MIA,Miami,240.000000:00,0.677,0.402,0.128,0.229,0.604,0.154,0.158,0.265
0022201036,1610612763,Grizzlies,MEM,Memphis,240.000000:00,0.604,0.154,0.158,0.245,0.677,0.402,0.128,0.229
0022201041,1610612746,Clippers,LAC,LA,240.000000:00,0.563,0.333,0.078,0.32,0.653,0.17,0.154,0.238
0022201041,1610612744,Warriors,GSW,Golden State,240.000000:00,0.653,0.17,0.154,0.167,0.563,0.333,0.078,0.38
0022201031,1610612760,Thunder,OKC,Oklahoma City,240.000000:00,0.51,0.232,0.104,0.25,0.5,0.415,0.165,0.26
0022201031,1610612751,Nets,BKN,Brooklyn,240.000000:00,0.5,0.415,0.165,0.22,0.51,0.232,0.104,0.321
0022201032,1610612759,Spurs,SAS,San Antonio,240.000000:00,0.694,0.212,0.149,0.179,0.505,0.216,0.088,0.281
0022201032,1610612753,Magic,ORL,Orlando,240.000000:00,0.505,0.216,0.088,0.228,0.694,0.212,0.149,0.231
0022201029,1610612761,Raptors,TOR,Toronto,240.000000:00,0.591,0.183,0.113,0.304,0.592,0.329,0.144,0.189
0022201029,1610612743,Nuggets,DEN,Denver,240.000000:00,0.592,0.329,0.144,0.108,0.591,0.183,0.113,0.37
0022201030,1610612740,Pelicans,NOP,New Orleans,240.000000:00,0.485,0.204,0.116,0.25,0.598,0.341,0.185,0.372
0022201030,1610612747,Lakers,LAL,Los Angeles,240.000000:00,0.598,0.341,0.185,0.349,0.485,0.204,0.116,0.35
0022201034,1610612757,Trail Blazers,POR,Portland,240.000000:00,0.47,0.182,0.111,0.172,0.611,0.42,0.13,0.262
0022201034,1610612752,Knicks,NYK,New York,240.000000:00,0.611,0.42,0.13,0.214,0.47,0.182,0.111,0.297
0022201027,1610612739,Cavaliers,CLE,Cleveland,240.000000:00,0.591,0.216,0.092,0.178,0.605,0.197,0.223,0.303
0022201027,1610612766,Hornets,CHA,Charlotte,240.000000:00,0.605,0.197,0.223,0.182,0.591,0.216,0.092,0.2
0022201028,1610612764,Wizards,WAS,Washington,240.000000:00,0.559,0.259,0.15,0.244,0.434,0.121,0.114,0.355
0022201028,1610612765,Pistons,DET,Detroit,240.000000:00,0.434,0.121,0.114,0.306,0.559,0.259,0.15,0.366
0022201033,1610612756,Suns,PHX,Phoenix,240.000000:00,0.474,0.168,0.105,0.145,0.541,0.435,0.128,0.28
0022201033,1610612749,Bucks,MIL,Milwaukee,240.000000:00,0.541,0.435,0.128,0.26,0.474,0.168,0.105,0.255
0022201020,1610612754,Pacers,IND,Indiana,240.000000:00,0.477,0.279,0.161,0.245,0.55,0.1,0.149,0.434
0022201020,1610612765,Pistons,DET,Detroit,240.000000:00,0.55,0.1,0.149,0.358,0.477,0.279,0.161,0.302
0022201023,1610612763,Grizzlies,MEM,Memphis,240.000000:00,0.53,0.229,0.159,0.152,0.456,0.089,0.132,0.196
0022201023,1610612742,Mavericks,DAL,Dallas,240.000000:00,0.456,0.089,0.132,0.143,0.53,0.229,0.159,0.239
0022201026,1610612758,Kings,SAC,Sacramento,240.000000:00,0.543,0.144,0.086,0.254,0.669,0.256,0.125,0.179
0022201026,1610612749,Bucks,MIL,Milwaukee,240.000000:00,0.669,0.256,0.125,0.128,0.543,0.144,0.086,0.322
0022201025,1610612756,Suns,PHX,Phoenix,240.000000:00,0.505,0.232,0.138,0.327,0.657,0.289,0.159,0.25
0022201025,1610612744,Warriors,GSW,Golden State,240.000000:00,0.657,0.289,0.159,0.205,0.505,0.232,0.138,0.385
0022201021,1610612750,Timberwolves,MIN,Minnesota,240.000000:00,0.652,0.25,0.118,0.122,0.474,0.289,0.149,0.37
0022201021,1610612737,Hawks,ATL,Atlanta,240.000000:00,0.474,0.289,0.149,0.333,0.652,0.25,0.118,0.171
0022201024,1610612745,Rockets,HOU,Houston,240.000000:00,0.506,0.3,0.112,0.283,0.517,0.241,0.14,0.286
0022201024,1610612738,Celtics,BOS,Boston,240.000000:00,0.517,0.241,0.14,0.204,0.506,0.3,0.112,0.34
0022201022,1610612762,Jazz,UTA,Utah,240.000000:00,0.567,0.2,0.18,0.327,0.557,0.456,0.132,0.227
0022201022,1610612748,Heat,MIA,Miami,240.000000:00,0.557,0.456,0.132,0.205,0.567,0.2,0.18,0.367
0022201018,1610612759,Spurs,SAS,San Antonio,240.000000:00,0.432,0.216,0.18,0.172,0.432,0.242,0.088,0.25
0022201018,1610612760,Thunder,OKC,Oklahoma City,240.000000:00,0.432,0.242,0.088,0.2,0.432,0.216,0.18,0.241
0022201016,1610612764,Wizards,WAS,Washington,240.000000:00,0.44,0.274,0.102,0.115,0.581,0.288,0.1,0.275
0022201016,1610612755,76ers,PHI,Philadelphia,240.000000:00,0.581,0.288,0.1,0.225,0.44,0.274,0.102,0.25
0022201014,1610612743,Nuggets,DEN,Denver,240.000000:00,0.567,0.267,0.149,0.313,0.601,0.286,0.099,0.186
0022201014,1610612751,Nets,BKN,Brooklyn,240.000000:00,0.601,0.286,0.099,0.093,0.567,0.267,0.149,0.479
0022201015,1610612739,Cavaliers,CLE,Cleveland,240.000000:00,0.511,0.391,0.099,0.224,0.575,0.275,0.187,0.262
0022201015,1610612766,Hornets,CHA,Charlotte,240.000000:00,0.575,0.275,0.187,0.167,0.511,0.391,0.099,0.265
0022201017,1610612757,Trail Blazers,POR,Portland,240.000000:00,0.545,0.227,0.18,0.204,0.61,0.337,0.142,0.213
0022201017,1610612740,Pelicans,NOP,New Orleans,240.000000:00,0.61,0.337,0.142,0.17,0.545,0.227,0.18,0.245
0022201019,1610612752,Knicks,NYK,New York,240.000000:00,0.54,0.239,0.114,0.255,0.551,0.191,0.113,0.286
0022201019,1610612747,Lakers,LAL,Los Angeles,240.000000:00,0.551,0.191,0.113,0.204,0.54,0.239,0.114,0.319
0022201005,1610612762,Jazz,UTA,Utah,240.000000:00,0.49,0.194,0.107,0.339,0.495,0.153,0.07,0.254
0022201005,1610612766,Hornets,CHA,Charlotte,240.000000:00,0.495,0.153,0.07,0.186,0.49,0.194,0.107,0.441
0022201009,1610612745,Rockets,HOU,Houston,240.000000:00,0.576,0.2,0.156,0.128,0.599,0.256,0.145,0.326
0022201009,1610612741,Bulls,CHI,Chicago,240.000000:00,0.599,0.256,0.145,0.302,0.576,0.2,0.156,0.255
0022201004,1610612752,Knicks,NYK,New York,240.000000:00,0.394,0.3,0.109,0.333,0.54,0.184,0.103,0.25
0022201004,1610612746,Clippers,LAC,LA,240.000000:00,0.54,0.184,0.103,0.146,0.394,0.3,0.109,0.367
0022201006,1610612754,Pacers,IND,Indiana,240.000000:00,0.511,0.366,0.135,0.333,0.516,0.287,0.113,0.268
0022201006,1610612765,Pistons,DET,Detroit,240.000000:00,0.516,0.287,0.113,0.214,0.511,0.366,0.135,0.352
0022201012,1610612749,Bucks,MIL,Milwaukee,265.000000:00,0.535,0.11,0.148,0.121,0.513,0.098,0.132,0.313
0022201012,1610612744,Warriors,GSW,Golden State,265.000000:00,0.513,0.098,0.132,0.269,0.535,0.11,0.148,0.155
0022201013,1610612758,Kings,SAC,Sacramento,240.000000:00,0.571,0.435,0.139,0.174,0.567,0.247,0.132,0.196
0022201013,1610612756,Suns,PHX,Phoenix,240.000000:00,0.567,0.247,0.132,0.152,0.571,0.435,0.139,0.283
0022201007,1610612753,Magic,ORL,Orlando,265.000000:00,0.551,0.202,0.17,0.283,0.505,0.213,0.148,0.245
0022201007,1610612748,Heat,MIA,Miami,265.000000:00,0.505,0.213,0.148,0.094,0.551,0.202,0.17,0.34
0022201011,1610612760,Thunder,OKC,Oklahoma City,240.000000:00,0.519,0.4,0.118,0.091,0.494,0.235,0.213,0.245
0022201011,1610612740,Pelicans,NOP,New Orleans,240.000000:00,0.494,0.235,0.213,0.163,0.519,0.4,0.118,0.205
0022201008,1610612738,Celtics,BOS,Boston,240.000000:00,0.653,0.126,0.086,0.114,0.55,0.16,0.096,0.275
0022201008,1610612737,Hawks,ATL,Atlanta,240.000000:00,0.55,0.16,0.096,0.255,0.653,0.126,0.086,0.205
0022201010,1610612763,Grizzlies,MEM,Memphis,240.000000:00,0.535,0.279,0.114,0.234,0.547,0.271,0.114,0.265
0022201010,1610612742,Mavericks,DAL,Dallas,240.000000:00,0.547,0.271,0.114,0.204,0.535,0.279,0.114,0.255
0022201001,1610612750,Timberwolves,MIN,Minnesota,265.000000:00,0.536,0.296,0.124,0.211,0.549,0.363,0.138,0.275
0022201001,1610612751,Nets,BKN,Brooklyn,265.000000:00,0.549,0.363,0.138,0.235,0.536,0.296,0.124,0.298
0022201002,1610612759,Spurs,SAS,San Antonio,240.000000:00,0.612,0.181,0.177,0.289,0.561,0.222,0.134,0.174
0022201002,1610612743,Nuggets,DEN,Denver,240.000000:00,0.561,0.222,0.134,0.174,0.612,0.181,0.177,0.333
0022200998,1610612757,Trail Blazers,POR,Portland,240.000000:00,0.619,0.375,0.093,0.122,0.584,0.349,0.107,0.279
0022200998,1610612755,76ers,PHI,Philadelphia,240.000000:00,0.584,0.349,0.107,0.279,0.619,0.375,0.093,0.22
0022201003,1610612761,Raptors,TOR,Toronto,240.000000:00,0.554,0.141,0.129,0.217,0.644,0.238,0.201,0.229
0022201003,1610612747,Lakers,LAL,Los Angeles,240.000000:00,0.644,0.238,0.201,0.143,0.554,0.141,0.129,0.261
0022201000,1610612748,Heat,MIA,Miami,240.000000:00,0.598,0.28,0.165,0.268,0.57,0.244,0.112,0.224
0022201000,1610612739,Cavaliers,CLE,Cleveland,240.000000:00,0.57,0.244,0.112,0.163,0.598,0.28,0.165,0.341
0022200999,1610612764,Wizards,WAS,Washington,240.000000:00,0.528,0.205,0.144,0.152,0.521,0.2,0.134,0.296
0022200999,1610612737,Hawks,ATL,Atlanta,240.000000:00,0.521,0.2,0.134,0.241,0.528,0.205,0.144,0.239
0022200996,1610612763,Grizzlies,MEM,Memphis,240.000000:00,0.634,0.194,0.132,0.205,0.53,0.293,0.167,0.234
0022200996,1610612744,Warriors,GSW,Golden State,240.000000:00,0.53,0.293,0.167,0.17,0.634,0.194,0.132,0.295
0022200994,1610612762,Jazz,UTA,Utah,240.000000:00,0.631,0.239,0.173,0.275,0.553,0.33,0.095,0.358
0022200994,1610612753,Magic,ORL,Orlando,240.000000:00,0.553,0.33,0.095,0.226,0.631,0.239,0.173,0.35
0022200995,1610612749,Bucks,MIL,Milwaukee,240.000000:00,0.514,0.135,0.151,0.333,0.462,0.163,0.127,0.333
0022200995,1610612751,Nets,BKN,Brooklyn,240.000000:00,0.462,0.163,0.127,0.238,0.514,0.135,0.151,0.383
0022200997,1610612758,Kings,SAC,Sacramento,240.000000:00,0.583,0.381,0.115,0.133,0.48,0.307,0.133,0.394
0022200997,1610612752,Knicks,NYK,New York,240.000000:00,0.48,0.307,0.133,0.348,0.583,0.381,0.115,0.156
0022200992,1610612765,Pistons,DET,Detroit,240.000000:00,0.489,0.225,0.19,0.333,0.547,0.372,0.13,0.306
0022200992,1610612766,Hornets,CHA,Charlotte,240.000000:00,0.547,0.372,0.13,0.265,0.489,0.225,0.19,0.353
0022200993,1610612754,Pacers,IND,Indiana,265.000000:00,0.57,0.21,0.106,0.151,0.486,0.271,0.146,0.438
0022200993,1610612745,Rockets,HOU,Houston,265.000000:00,0.486,0.271,0.146,0.313,0.57,0.21,0.106,0.208
0022200989,1610612743,Nuggets,DEN,Denver,240.000000:00,0.506,0.17,0.116,0.204,0.562,0.202,0.093,0.233
0022200989,1610612741,Bulls,CHI,Chicago,240.000000:00,0.562,0.202,0.093,0.209,0.506,0.17,0.116,0.222
0022200987,1610612748,Heat,MIA,Miami,240.000000:00,0.557,0.414,0.248,0.263,0.544,0.238,0.173,0.262
0022200987,1610612739,Cavaliers,CLE,Cleveland,240.000000:00,0.544,0.238,0.173,0.167,0.557,0.414,0.248,0.342
0022200985,1610612764,Wizards,WAS,Washington,240.000000:00,0.639,0.205,0.184,0.162,0.6,0.306,0.111,0.209
0022200985,1610612737,Hawks,ATL,Atlanta,240.000000:00,0.6,0.306,0.111,0.186,0.639,0.205,0.184,0.243
0022200988,1610612740,Pelicans,NOP,New Orleans,240.000000:00,0.584,0.217,0.155,0.214,0.523,0.216,0.09,0.17
0022200988,1610612742,Mavericks,DAL,Dallas,240.000000:00,0.523,0.216,0.09,0.094,0.584,0.217,0.155,0.238
0022200986,1610612757,Trail Blazers,POR,Portland,240.000000:00,0.433,0.329,0.154,0.111,0.58,0.227,0.107,0.122
0022200986,1610612738,Celtics,BOS,Boston,240.000000:00,0.58,0.227,0.107,0.102,0.433,0.329,0.154,0.167
0022200991,1610612761,Raptors,TOR,Toronto,240.000000:00,0.453,0.146,0.121,0.25,0.592,0.437,0.184,0.25
0022200991,1610612746,Clippers,LAC,LA,240.000000:00,0.592,0.437,0.184,0.25,0.453,0.146,0.121,0.333
0022200990,1610612756,Suns,PHX,Phoenix,240.000000:00,0.628,0.17,0.147,0.298,0.46,0.239,0.151,0.25
0022200990,1610612760,Thunder,OKC,Oklahoma City,240.000000:00,0.46,0.239,0.151,0.125,0.628,0.17,0.147,0.34
0022200982,1610612760,Thunder,OKC,Oklahoma City,240.000000:00,0.622,0.255,0.164,0.295,0.64,0.18,0.193,0.25
0022200982,1610612744,Warriors,GSW,Golden State,240.000000:00,0.64,0.18,0.193,0.182,0.622,0.255,0.164,0.386
0022200769,1610612764,Wizards,WAS,Washington,240.000000:00,0.654,0.21,0.159,0.257,0.589,0.262,0.125,0.341
0022200769,1610612765,Pistons,DET,Detroit,240.000000:00,0.589,0.262,0.125,0.227,0.654,0.21,0.159,0.371
0022200981,1610612745,Rockets,HOU,Houston,240.000000:00,0.476,0.289,0.195,0.306,0.586,0.358,0.119,0.163
0022200981,1610612751,Nets,BKN,Brooklyn,240.000000:00,0.586,0.358,0.119,0.116,0.476,0.289,0.195,0.327
0022200979,1610612752,Knicks,NYK,New York,240.000000:00,0.489,0.27,0.082,0.182,0.565,0.247,0.125,0.304
0022200979,1610612766,Hornets,CHA,Charlotte,240.000000:00,0.565,0.247,0.125,0.217,0.489,0.27,0.082,0.236
0022200983,1610612762,Jazz,UTA,Utah,240.000000:00,0.527,0.272,0.142,0.109,0.579,0.247,0.151,0.137
0022200983,1610612742,Mavericks,DAL,Dallas,240.000000:00,0.579,0.247,0.151,0.059,0.527,0.272,0.142,0.2
0022200984,1610612763,Grizzlies,MEM,Memphis,240.000000:00,0.435,0.312,0.066,0.1,0.494,0.322,0.135,0.245
0022200984,1610612747,Lakers,LAL,Los Angeles,240.000000:00,0.494,0.322,0.135,0.132,0.435,0.312,0.066,0.117
0022200980,1610612755,76ers,PHI,Philadelphia,240.000000:00,0.586,0.284,0.161,0.195,0.459,0.244,0.11,0.161
0022200980,1610612750,Timberwolves,MIN,Minnesota,240.000000:00,0.459,0.244,0.11,0.107,0.586,0.284,0.161,0.293
0022200978,1610612753,Magic,ORL,Orlando,240.000000:00,0.545,0.19,0.117,0.192,0.654,0.436,0.159,0.091
0022200978,1610612749,Bucks,MIL,Milwaukee,240.000000:00,0.654,0.436,0.159,0.091,0.545,0.19,0.117,0.308
0022200974,1610612748,Heat,MIA,Miami,240.000000:00,0.636,0.481,0.114,0.216,0.603,0.25,0.109,0.378
0022200974,1610612737,Hawks,ATL,Atlanta,240.000000:00,0.603,0.25,0.109,0.267,0.636,0.481,0.114,0.27
0022200976,1610612758,Kings,SAC,Sacramento,240.000000:00,0.663,0.241,0.114,0.154,0.606,0.175,0.168,0.184
0022200976,1610612740,Pelicans,NOP,New Orleans,240.000000:00,0.606,0.175,0.168,0.184,0.663,0.241,0.114,0.154
0022200977,1610612757,Trail Blazers,POR,Portland,240.000000:00,0.583,0.321,0.116,0.114,0.523,0.233,0.169,0.327
0022200977,1610612765,Pistons,DET,Detroit,240.000000:00,0.523,0.233,0.169,0.327,0.583,0.321,0.116,0.136
0022200975,1610612761,Raptors,TOR,Toronto,240.000000:00,0.558,0.233,0.152,0.244,0.576,0.267,0.143,0.318
0022200975,1610612743,Nuggets,DEN,Denver,240.000000:00,0.576,0.267,0.143,0.273,0.558,0.233,0.152,0.311
0022200971,1610612739,Cavaliers,CLE,Cleveland,265.000000:00,0.51,0.26,0.142,0.291,0.495,0.208,0.128,0.279
0022200971,1610612738,Celtics,BOS,Boston,265.000000:00,0.495,0.208,0.128,0.246,0.51,0.26,0.142,0.291
0022200972,1610612755,76ers,PHI,Philadelphia,240.000000:00,0.683,0.463,0.114,0.143,0.672,0.344,0.084,0.214
0022200972,1610612754,Pacers,IND,Indiana,240.000000:00,0.672,0.344,0.084,0.119,0.683,0.463,0.114,0.229
0022200966,1610612757,Trail Blazers,POR,Portland,240.000000:00,0.566,0.386,0.162,0.196,0.565,0.369,0.107,0.167
0022200966,1610612753,Magic,ORL,Orlando,240.000000:00,0.565,0.369,0.107,0.125,0.566,0.386,0.162,0.304
0022200965,1610612766,Hornets,CHA,Charlotte,240.000000:00,0.42,0.17,0.1,0.089,0.457,0.239,0.079,0.175
0022200965,1610612751,Nets,BKN,Brooklyn,240.000000:00,0.457,0.239,0.079,0.14,0.42,0.17,0.1,0.107
0022200970,1610612763,Grizzlies,MEM,Memphis,240.000000:00,0.641,0.163,0.076,0.044,0.6,0.412,0.163,0.429
0022200970,1610612746,Clippers,LAC,LA,240.000000:00,0.6,0.412,0.163,0.31,0.641,0.163,0.076,0.067
0022200973,1610612764,Wizards,WAS,Washington,240.000000:00,0.463,0.111,0.088,0.323,0.602,0.265,0.123,0.152
0022200973,1610612749,Bucks,MIL,Milwaukee,240.000000:00,0.602,0.265,0.123,0.152,0.463,0.111,0.088,0.339
0022200968,1610612762,Jazz,UTA,Utah,240.000000:00,0.551,0.307,0.154,0.261,0.586,0.379,0.117,0.326
0022200968,1610612760,Thunder,OKC,Oklahoma City,240.000000:00,0.586,0.379,0.117,0.256,0.551,0.307,0.154,0.326
0022200964,1610612747,Lakers,LAL,Los Angeles,240.000000:00,0.5,0.232,0.087,0.182,0.495,0.198,0.124,0.246
0022200964,1610612744,Warriors,GSW,Golden State,240.000000:00,0.495,0.198,0.124,0.123,0.5,0.232,0.087,0.309
0022200969,1610612752,Knicks,NYK,New York,290.000000:00,0.574,0.337,0.169,0.204,0.491,0.229,0.134,0.338
0022200969,1610612738,Celtics,BOS,Boston,290.000000:00,0.491,0.229,0.134,0.25,0.574,0.337,0.169,0.278
0022200967,1610612759,Spurs,SAS,San Antonio,240.000000:00,0.522,0.226,0.144,0.245,0.688,0.341,0.116,0.294
0022200967,1610612745,Rockets,HOU,Houston,240.000000:00,0.688,0.341,0.116,0.176,0.522,0.226,0.144,0.245
0022200962,1610612756,Suns,PHX,Phoenix,240.000000:00,0.618,0.281,0.09,0.22,0.591,0.494,0.101,0.171
0022200962,1610612742,Mavericks,DAL,Dallas,240.000000:00,0.591,0.494,0.101,0.122,0.618,0.281,0.09,0.317
0022200963,1610612754,Pacers,IND,Indiana,240.000000:00,0.596,0.17,0.093,0.277,0.676,0.338,0.156,0.258
0022200963,1610612741,Bulls,CHI,Chicago,240.000000:00,0.676,0.338,0.156,0.129,0.596,0.17,0.093,0.319
0022200958,1610612748,Heat,MIA,Miami,240.000000:00,0.584,0.277,0.198,0.279,0.525,0.38,0.163,0.25
0022200958,1610612737,Hawks,ATL,Atlanta,240.000000:00,0.525,0.38,0.163,0.227,0.584,0.277,0.198,0.326
0022200956,1610612764,Wizards,WAS,Washington,265.000000:00,0.6,0.293,0.241,0.231,0.589,0.156,0.14,0.239
0022200956,1610612761,Raptors,TOR,Toronto,265.000000:00,0.589,0.156,0.14,0.217,0.6,0.293,0.241,0.333
0022200961,1610612758,Kings,SAC,Sacramento,240.000000:00,0.629,0.337,0.062,0.244,0.725,0.388,0.12,0.263
0022200961,1610612750,Timberwolves,MIN,Minnesota,240.000000:00,0.725,0.388,0.12,0.158,0.629,0.337,0.062,0.244
0022200960,1610612755,76ers,PHI,Philadelphia,240.000000:00,0.607,0.44,0.062,0.205,0.633,0.337,0.134,0.317
0022200960,1610612749,Bucks,MIL,Milwaukee,240.000000:00,0.633,0.337,0.134,0.268,0.607,0.44,0.062,0.273
0022200959,1610612759,Spurs,SAS,San Antonio,240.000000:00,0.529,0.233,0.155,0.265,0.609,0.253,0.162,0.341
0022200959,1610612745,Rockets,HOU,Houston,240.000000:00,0.609,0.253,0.162,0.318,0.529,0.233,0.155,0.306
0022200957,1610612765,Pistons,DET,Detroit,240.000000:00,0.444,0.309,0.231,0.235,0.571,0.198,0.117,0.224
0022200957,1610612739,Cavaliers,CLE,Cleveland,240.000000:00,0.571,0.198,0.117,0.163,0.444,0.309,0.231,0.314
0022200950,1610612756,Suns,PHX,Phoenix,240.000000:00,0.619,0.298,0.118,0.295,0.512,0.301,0.096,0.289
0022200950,1610612741,Bulls,CHI,Chicago,240.000000:00,0.512,0.301,0.096,0.2,0.619,0.298,0.118,0.386
0022200949,1610612752,Knicks,NYK,New York,240.000000:00,0.685,0.21,0.127,0.162,0.556,0.395,0.125,0.349
0022200949,1610612748,Heat,MIA,Miami,240.000000:00,0.556,0.395,0.125,0.256,0.685,0.21,0.127,0.189
0022200952,1610612763,Grizzlies,MEM,Memphis,240.000000:00,0.435,0.369,0.112,0.175,0.506,0.356,0.102,0.32
0022200952,1610612743,Nuggets,DEN,Denver,240.000000:00,0.506,0.356,0.102,0.26,0.435,0.369,0.112,0.228
0022200954,1610612758,Kings,SAC,Sacramento,240.000000:00,0.586,0.299,0.11,0.22,0.621,0.31,0.07,0.2
0022200954,1610612746,Clippers,LAC,LA,240.000000:00,0.621,0.31,0.07,0.133,0.586,0.299,0.11,0.268
0022200953,1610612740,Pelicans,NOP,New Orleans,240.000000:00,0.506,0.351,0.137,0.156,0.577,0.256,0.188,0.316
0022200953,1610612744,Warriors,GSW,Golden State,240.000000:00,0.577,0.256,0.188,0.237,0.506,0.351,0.137,0.2
0022200951,1610612762,Jazz,UTA,Utah,240.000000:00,0.545,0.295,0.25,0.233,0.582,0.135,0.066,0.278
0022200951,1610612760,Thunder,OKC,Oklahoma City,240.000000:00,0.582,0.135,0.066,0.204,0.545,0.295,0.25,0.302
0022200948,1610612738,Celtics,BOS,Boston,240.000000:00,0.542,0.238,0.185,0.191,0.495,0.274,0.122,0.293
0022200948,1610612751,Nets,BKN,Brooklyn,240.000000:00,0.495,0.274,0.122,0.224,0.542,0.238,0.185,0.213
0022200946,1610612753,Magic,ORL,Orlando,240.000000:00,0.593,0.221,0.197,0.31,0.545,0.321,0.206,0.286
0022200946,1610612766,Hornets,CHA,Charlotte,240.000000:00,0.545,0.321,0.206,0.19,0.593,0.221,0.197,0.357
0022200955,1610612750,Timberwolves,MIN,Minnesota,240.000000:00,0.551,0.18,0.14,0.204,0.471,0.276,0.148,0.264
0022200955,1610612747,Lakers,LAL,Los Angeles,240.000000:00,0.471,0.276,0.148,0.208,0.551,0.18,0.14,0.286
0022200947,1610612757,Trail Blazers,POR,Portland,240.000000:00,0.546,0.23,0.172,0.191,0.637,0.176,0.162,0.366
0022200947,1610612737,Hawks,ATL,Atlanta,240.000000:00,0.637,0.176,0.162,0.244,0.546,0.23,0.172,0.277
0022200944,1610612759,Spurs,SAS,San Antonio,240.000000:00,0.51,0.133,0.158,0.241,0.5,0.122,0.136,0.18
0022200944,1610612754,Pacers,IND,Indiana,240.000000:00,0.5,0.122,0.136,0.12,0.51,0.133,0.158,0.352
0022200945,1610612746,Clippers,LAC,LA,240.000000:00,0.41,0.236,0.152,0.155,0.495,0.29,0.118,0.286
0022200945,1610612744,Warriors,GSW,Golden State,240.000000:00,0.495,0.29,0.118,0.268,0.41,0.236,0.152,0.207
0022200942,1610612764,Wizards,WAS,Washington,240.000000:00,0.595,0.286,0.149,0.2,0.495,0.185,0.139,0.294
0022200942,1610612761,Raptors,TOR,Toronto,240.000000:00,0.495,0.185,0.139,0.255,0.595,0.286,0.149,0.222
0022200943,1610612755,76ers,PHI,Philadelphia,240.000000:00,0.654,0.372,0.14,0.143,0.701,0.329,0.128,0.205
0022200943,1610612742,Mavericks,DAL,Dallas,240.000000:00,0.701,0.329,0.128,0.114,0.654,0.372,0.14,0.171
0022200941,1610612757,Trail Blazers,POR,Portland,240.000000:00,0.512,0.358,0.146,0.261,0.567,0.258,0.064,0.341
0022200941,1610612740,Pelicans,NOP,New Orleans,240.000000:00,0.567,0.258,0.064,0.25,0.512,0.358,0.146,0.304
0022200933,1610612756,Suns,PHX,Phoenix,240.000000:00,0.522,0.169,0.125,0.104,0.415,0.318,0.137,0.262
0022200933,1610612766,Hornets,CHA,Charlotte,240.000000:00,0.415,0.318,0.137,0.197,0.522,0.169,0.125,0.167
0022200937,1610612752,Knicks,NYK,New York,240.000000:00,0.719,0.236,0.149,0.184,0.55,0.222,0.13,0.167
0022200937,1610612751,Nets,BKN,Brooklyn,240.000000:00,0.55,0.222,0.13,0.104,0.719,0.236,0.149,0.289
0022200936,1610612755,76ers,PHI,Philadelphia,240.000000:00,0.584,0.265,0.097,0.214,0.481,0.295,0.135,0.222
0022200936,1610612748,Heat,MIA,Miami,240.000000:00,0.481,0.295,0.135,0.111,0.584,0.265,0.097,0.262
0022200938,1610612763,Grizzlies,MEM,Memphis,240.000000:00,0.584,0.229,0.088,0.186,0.461,0.278,0.134,0.39
0022200938,1610612745,Rockets,HOU,Houston,240.000000:00,0.461,0.278,0.134,0.288,0.584,0.229,0.088,0.186
0022200934,1610612765,Pistons,DET,Detroit,240.000000:00,0.59,0.359,0.169,0.175,0.553,0.365,0.145,0.292
0022200934,1610612741,Bulls,CHI,Chicago,240.000000:00,0.553,0.365,0.145,0.208,0.59,0.359,0.169,0.225
0022200940,1610612760,Thunder,OKC,Oklahoma City,240.000000:00,0.544,0.264,0.127,0.235,0.575,0.488,0.13,0.298
0022200940,1610612747,Lakers,LAL,Los Angeles,240.000000:00,0.575,0.488,0.13,0.213,0.544,0.264,0.127,0.333
0022200939,1610612753,Magic,ORL,Orlando,240.000000:00,0.505,0.309,0.121,0.222,0.66,0.202,0.078,0.17
0022200939,1610612749,Bucks,MIL,Milwaukee,240.000000:00,0.66,0.202,0.078,0.17,0.505,0.309,0.121,0.278
0022200935,1610612739,Cavaliers,CLE,Cleveland,240.000000:00,0.543,0.228,0.071,0.192,0.603,0.359,0.135,0.275
0022200935,1610612738,Celtics,BOS,Boston,240.000000:00,0.603,0.359,0.135,0.175,0.543,0.228,0.071,0.308
0022200930,1610612762,Jazz,UTA,Utah,240.000000:00,0.412,0.424,0.187,0.233,0.473,0.275,0.131,0.286
0022200930,1610612759,Spurs,SAS,San Antonio,240.000000:00,0.473,0.275,0.131,0.161,0.412,0.424,0.187,0.35
0022200925,1610612761,Raptors,TOR,Toronto,240.000000:00,0.484,0.202,0.126,0.322,0.592,0.239,0.216,0.194
0022200925,1610612741,Bulls,CHI,Chicago,240.000000:00,0.592,0.239,0.216,0.167,0.484,0.202,0.126,0.39
0022200928,1610612758,Kings,SAC,Sacramento,240.000000:00,0.616,0.366,0.187,0.182,0.495,0.245,0.094,0.241
0022200928,1610612760,Thunder,OKC,Oklahoma City,240.000000:00,0.495,0.245,0.094,0.207,0.616,0.366,0.187,0.295
0022200924,1610612749,Bucks,MIL,Milwaukee,240.000000:00,0.559,0.118,0.15,0.19,0.506,0.301,0.165,0.1
0022200924,1610612751,Nets,BKN,Brooklyn,240.000000:00,0.506,0.301,0.165,0.06,0.559,0.118,0.15,0.31
0022200931,1610612757,Trail Blazers,POR,Portland,240.000000:00,0.5,0.256,0.13,0.176,0.604,0.176,0.173,0.409
0022200931,1610612744,Warriors,GSW,Golden State,240.000000:00,0.604,0.176,0.173,0.273,0.5,0.256,0.13,0.255
0022200926,1610612745,Rockets,HOU,Houston,240.000000:00,0.541,0.103,0.125,0.196,0.663,0.174,0.111,0.262
0022200926,1610612743,Nuggets,DEN,Denver,240.000000:00,0.663,0.174,0.111,0.262,0.541,0.103,0.125,0.294
0022200932,1610612750,Timberwolves,MIN,Minnesota,240.000000:00,0.528,0.244,0.175,0.192,0.488,0.277,0.229,0.28
0022200932,1610612746,Clippers,LAC,LA,240.000000:00,0.488,0.277,0.229,0.18,0.528,0.244,0.175,0.288
0022200923,1610612764,Wizards,WAS,Washington,240.000000:00,0.526,0.206,0.091,0.32,0.532,0.204,0.092,0.333
0022200923,1610612737,Hawks,ATL,Atlanta,240.000000:00,0.532,0.204,0.092,0.255,0.526,0.206,0.091,0.4
0022200927,1610612763,Grizzlies,MEM,Memphis,240.000000:00,0.482,0.152,0.062,0.226,0.517,0.267,0.24,0.314
0022200927,1610612747,Lakers,LAL,Los Angeles,240.000000:00,0.517,0.267,0.24,0.275,0.482,0.152,0.062,0.306
0022200929,1610612754,Pacers,IND,Indiana,240.000000:00,0.596,0.513,0.09,0.125,0.571,0.308,0.069,0.275
0022200929,1610612742,Mavericks,DAL,Dallas,240.000000:00,0.571,0.308,0.069,0.176,0.596,0.513,0.09,0.15
0022200919,1610612765,Pistons,DET,Detroit,240.000000:00,0.473,0.293,0.087,0.185,0.596,0.265,0.166,0.279
0022200919,1610612766,Hornets,CHA,Charlotte,240.000000:00,0.596,0.265,0.166,0.163,0.473,0.293,0.087,0.278
0022200921,1610612752,Knicks,NYK,New York,240.000000:00,0.551,0.436,0.149,0.159,0.494,0.167,0.126,0.188
0022200921,1610612738,Celtics,BOS,Boston,240.000000:00,0.494,0.167,0.126,0.146,0.551,0.436,0.149,0.318
0022200922,1610612753,Magic,ORL,Orlando,240.000000:00,0.513,0.329,0.176,0.234,0.487,0.303,0.181,0.25
0022200922,1610612740,Pelicans,NOP,New Orleans,240.000000:00,0.487,0.303,0.181,0.205,0.513,0.329,0.176,0.319
0022200920,1610612755,76ers,PHI,Philadelphia,240.000000:00,0.507,0.384,0.208,0.205,0.525,0.272,0.142,0.313
0022200920,1610612748,Heat,MIA,Miami,240.000000:00,0.525,0.272,0.142,0.25,0.507,0.384,0.208,0.409
0022200915,1610612758,Kings,SAC,Sacramento,240.000000:00,0.635,0.282,0.195,0.295,0.57,0.267,0.138,0.25
0022200915,1610612760,Thunder,OKC,Oklahoma City,240.000000:00,0.57,0.267,0.138,0.188,0.635,0.282,0.195,0.341
0022200910,1610612756,Suns,PHX,Phoenix,240.000000:00,0.463,0.232,0.123,0.317,0.511,0.241,0.123,0.296
0022200910,1610612749,Bucks,MIL,Milwaukee,240.000000:00,0.511,0.241,0.123,0.204,0.463,0.232,0.123,0.383
0022200913,1610612747,Lakers,LAL,Los Angeles,240.000000:00,0.464,0.289,0.106,0.293,0.527,0.151,0.162,0.281
0022200913,1610612742,Mavericks,DAL,Dallas,240.000000:00,0.527,0.151,0.162,0.193,0.464,0.289,0.106,0.345
0022200911,1610612751,Nets,BKN,Brooklyn,240.000000:00,0.575,0.333,0.096,0.136,0.589,0.311,0.152,0.333
0022200911,1610612737,Hawks,ATL,Atlanta,240.000000:00,0.589,0.311,0.152,0.271,0.575,0.333,0.096,0.205
0022200917,1610612757,Trail Blazers,POR,Portland,240.000000:00,0.675,0.455,0.139,0.158,0.485,0.25,0.131,0.433
0022200917,1610612745,Rockets,HOU,Houston,240.000000:00,0.485,0.25,0.131,0.3,0.675,0.455,0.139,0.184
0022200912,1610612764,Wizards,WAS,Washington,240.000000:00,0.461,0.303,0.178,0.235,0.557,0.215,0.123,0.244
0022200912,1610612741,Bulls,CHI,Chicago,240.000000:00,0.557,0.215,0.123,0.195,0.461,0.303,0.178,0.333
0022200916,1610612750,Timberwolves,MIN,Minnesota,240.000000:00,0.517,0.233,0.152,0.175,0.511,0.242,0.175,0.345
0022200916,1610612744,Warriors,GSW,Golden State,240.000000:00,0.511,0.242,0.175,0.291,0.517,0.233,0.152,0.263
0022200914,1610612761,Raptors,TOR,Toronto,240.000000:00,0.435,0.161,0.139,0.22,0.631,0.167,0.146,0.195
0022200914,1610612739,Cavaliers,CLE,Cleveland,240.000000:00,0.631,0.167,0.146,0.195,0.435,0.161,0.139,0.271
0022200918,1610612746,Clippers,LAC,LA,265.000000:00,0.55,0.333,0.118,0.118,0.578,0.323,0.14,0.333
0022200918,1610612743,Nuggets,DEN,Denver,265.000000:00,0.578,0.323,0.14,0.216,0.55,0.333,0.118,0.137
0022200909,1610612762,Jazz,UTA,Utah,240.000000:00,0.522,0.304,0.152,0.288,0.438,0.216,0.093,0.267
0022200909,1610612759,Spurs,SAS,San Antonio,240.000000:00,0.438,0.216,0.093,0.15,0.522,0.304,0.152,0.327
0022200906,1610612752,Knicks,NYK,New York,240.000000:00,0.619,0.261,0.179,0.25,0.431,0.206,0.067,0.246
0022200906,1610612740,Pelicans,NOP,New Orleans,240.000000:00,0.431,0.206,0.067,0.2,0.619,0.261,0.179,0.318
0022200907,1610612763,Grizzlies,MEM,Memphis,240.000000:00,0.553,0.084,0.121,0.216,0.466,0.157,0.151,0.218
0022200907,1610612743,Nuggets,DEN,Denver,240.000000:00,0.466,0.157,0.151,0.2,0.553,0.084,0.121,0.275
0022200908,1610612755,76ers,PHI,Philadelphia,240.000000:00,0.506,0.449,0.105,0.17,0.593,0.14,0.136,0.222
0022200908,1610612738,Celtics,BOS,Boston,240.000000:00,0.593,0.14,0.136,0.2,0.506,0.449,0.105,0.234
0022200904,1610612748,Heat,MIA,Miami,240.000000:00,0.469,0.425,0.17,0.14,0.489,0.307,0.144,0.235
0022200904,1610612766,Hornets,CHA,Charlotte,240.000000:00,0.489,0.307,0.144,0.216,0.469,0.425,0.17,0.22
0022200903,1610612761,Raptors,TOR,Toronto,240.000000:00,0.415,0.386,0.079,0.159,0.436,0.149,0.161,0.339
0022200903,1610612765,Pistons,DET,Detroit,240.000000:00,0.436,0.149,0.161,0.288,0.415,0.386,0.079,0.238
0022200905,1610612753,Magic,ORL,Orlando,240.000000:00,0.422,0.422,0.132,0.263,0.561,0.141,0.095,0.255
0022200905,1610612754,Pacers,IND,Indiana,240.000000:00,0.561,0.141,0.095,0.182,0.422,0.422,0.132,0.368
0022200900,1610612741,Bulls,CHI,Chicago,240.000000:00,0.636,0.318,0.111,0.273,0.444,0.235,0.142,0.135
0022200900,1610612751,Nets,BKN,Brooklyn,240.000000:00,0.444,0.235,0.142,0.096,0.636,0.318,0.111,0.295
0022200899,1610612756,Suns,PHX,Phoenix,240.000000:00,0.544,0.356,0.11,0.294,0.511,0.253,0.089,0.298
0022200899,1610612760,Thunder,OKC,Oklahoma City,240.000000:00,0.511,0.253,0.089,0.246,0.544,0.356,0.11,0.294
0022200896,1610612739,Cavaliers,CLE,Cleveland,240.000000:00,0.528,0.33,0.108,0.208,0.676,0.271,0.134,0.222
0022200896,1610612737,Hawks,ATL,Atlanta,240.000000:00,0.676,0.271,0.134,0.139,0.528,0.33,0.108,0.208
0022200898,1610612750,Timberwolves,MIN,Minnesota,240.000000:00,0.554,0.172,0.147,0.135,0.522,0.304,0.105,0.235
0022200898,1610612766,Hornets,CHA,Charlotte,240.000000:00,0.522,0.304,0.105,0.216,0.554,0.172,0.147,0.192
0022200895,1610612764,Wizards,WAS,Washington,240.000000:00,0.614,0.152,0.189,0.075,0.554,0.174,0.121,0.327
0022200895,1610612752,Knicks,NYK,New York,240.000000:00,0.554,0.174,0.121,0.245,0.614,0.152,0.189,0.225
0022200902,1610612758,Kings,SAC,Sacramento,290.000000:00,0.667,0.315,0.116,0.24,0.735,0.367,0.19,0.238
0022200902,1610612746,Clippers,LAC,LA,290.000000:00,0.735,0.367,0.19,0.167,0.667,0.315,0.116,0.28
0022200897,1610612749,Bucks,MIL,Milwaukee,240.000000:00,0.577,0.194,0.111,0.192,0.44,0.272,0.096,0.172
0022200897,1610612748,Heat,MIA,Miami,240.000000:00,0.44,0.272,0.096,0.155,0.577,0.194,0.111,0.269
0022200901,1610612745,Rockets,HOU,Houston,240.000000:00,0.451,0.239,0.073,0.22,0.641,0.231,0.194,0.214
0022200901,1610612744,Warriors,GSW,Golden State,240.000000:00,0.641,0.231,0.194,0.167,0.451,0.239,0.073,0.254
0022200891,1610612759,Spurs,SAS,San Antonio,240.000000:00,0.581,0.267,0.165,0.213,0.695,0.439,0.069,0.122
0022200891,1610612742,Mavericks,DAL,Dallas,240.000000:00,0.695,0.439,0.069,0.073,0.581,0.267,0.165,0.255
0022200894,1610612758,Kings,SAC,Sacramento,240.000000:00,0.635,0.365,0.172,0.293,0.548,0.183,0.124,0.255
0022200894,1610612757,Trail Blazers,POR,Portland,240.000000:00,0.548,0.183,0.124,0.176,0.635,0.365,0.172,0.341
0022200893,1610612747,Lakers,LAL,Los Angeles,240.000000:00,0.581,0.395,0.15,0.204,0.448,0.2,0.093,0.294
0022200893,1610612744,Warriors,GSW,Golden State,240.000000:00,0.448,0.2,0.093,0.25,0.581,0.395,0.15,0.327
0022200887,1610612754,Pacers,IND,Indiana,265.000000:00,0.638,0.234,0.138,0.217,0.606,0.263,0.142,0.431
0022200887,1610612738,Celtics,BOS,Boston,265.000000:00,0.606,0.263,0.142,0.392,0.638,0.234,0.138,0.304
0022200888,1610612753,Magic,ORL,Orlando,240.000000:00,0.474,0.242,0.131,0.203,0.562,0.235,0.201,0.234
0022200888,1610612765,Pistons,DET,Detroit,240.000000:00,0.562,0.235,0.201,0.128,0.474,0.242,0.131,0.305
0022200890,1610612761,Raptors,TOR,Toronto,240.000000:00,0.516,0.272,0.115,0.216,0.542,0.298,0.127,0.188
0022200890,1610612740,Pelicans,NOP,New Orleans,240.000000:00,0.542,0.298,0.127,0.125,0.516,0.272,0.115,0.255
0022200892,1610612762,Jazz,UTA,Utah,265.000000:00,0.485,0.27,0.188,0.283,0.438,0.241,0.096,0.357
0022200892,1610612760,Thunder,OKC,Oklahoma City,265.000000:00,0.438,0.241,0.096,0.286,0.485,0.27,0.188,0.417
0022200889,1610612755,76ers,PHI,Philadelphia,240.000000:00,0.482,0.429,0.114,0.135,0.431,0.414,0.109,0.304
0022200889,1610612763,Grizzlies,MEM,Memphis,240.000000:00,0.431,0.414,0.109,0.232,0.482,0.429,0.114,0.269
0022200886,1610612743,Nuggets,DEN,Denver,240.000000:00,0.565,0.274,0.174,0.375,0.511,0.222,0.114,0.347
0022200886,1610612739,Cavaliers,CLE,Cleveland,240.000000:00,0.511,0.222,0.114,0.265,0.565,0.274,0.174,0.396
0022200883,1610612749,Bucks,MIL,Milwaukee,240.000000:00,0.557,0.205,0.094,0.184,0.433,0.216,0.062,0.306
0022200883,1610612741,Bulls,CHI,Chicago,240.000000:00,0.433,0.216,0.062,0.242,0.557,0.205,0.094,0.224
0022200884,1610612764,Wizards,WAS,Washington,240.000000:00,0.526,0.179,0.152,0.241,0.453,0.232,0.169,0.351
0022200884,1610612750,Timberwolves,MIN,Minnesota,240.000000:00,0.453,0.232,0.169,0.281,0.526,0.179,0.152,0.296
0022200885,1610612756,Suns,PHX,Phoenix,240.000000:00,0.534,0.18,0.136,0.143,0.555,0.329,0.14,0.256
0022200885,1610612746,Clippers,LAC,LA,240.000000:00,0.555,0.329,0.14,0.186,0.534,0.18,0.136,0.245
0022200880,1610612760,Thunder,OKC,Oklahoma City,240.000000:00,0.534,0.54,0.101,0.204,0.393,0.427,0.164,0.317
0022200880,1610612745,Rockets,HOU,Houston,240.000000:00,0.393,0.427,0.164,0.233,0.534,0.54,0.101,0.265
0022200873,1610612759,Spurs,SAS,San Antonio,240.000000:00,0.444,0.187,0.135,0.29,0.521,0.302,0.146,0.31
0022200873,1610612766,Hornets,CHA,Charlotte,240.000000:00,0.521,0.302,0.146,0.259,0.444,0.187,0.135,0.377
0022200875,1610612755,76ers,PHI,Philadelphia,240.000000:00,0.583,0.372,0.127,0.205,0.561,0.305,0.088,0.233
0022200875,1610612739,Cavaliers,CLE,Cleveland,240.000000:00,0.561,0.305,0.088,0.233,0.583,0.372,0.127,0.282
0022200881,1610612743,Nuggets,DEN,Denver,240.000000:00,0.637,0.179,0.133,0.162,0.548,0.238,0.121,0.152
0022200881,1610612742,Mavericks,DAL,Dallas,240.000000:00,0.548,0.238,0.121,0.13,0.637,0.179,0.133,0.189
0022200877,1610612765,Pistons,DET,Detroit,240.000000:00,0.577,0.19,0.141,0.136,0.647,0.109,0.111,0.273
0022200877,1610612738,Celtics,BOS,Boston,240.000000:00,0.647,0.109,0.111,0.182,0.577,0.19,0.141,0.182
0022200876,1610612752,Knicks,NYK,New York,240.000000:00,0.542,0.229,0.095,0.192,0.438,0.216,0.048,0.169
0022200876,1610612737,Hawks,ATL,Atlanta,240.000000:00,0.438,0.216,0.048,0.136,0.542,0.229,0.095,0.288
0022200882,1610612740,Pelicans,NOP,New Orleans,240.000000:00,0.478,0.27,0.148,0.236,0.59,0.434,0.106,0.17
0022200882,1610612747,Lakers,LAL,Los Angeles,240.000000:00,0.59,0.434,0.106,0.128,0.478,0.27,0.148,0.291
0022200878,1610612748,Heat,MIA,Miami,240.000000:00,0.506,0.349,0.087,0.245,0.643,0.26,0.12,0.189
0022200878,1610612751,Nets,BKN,Brooklyn,240.000000:00,0.643,0.26,0.12,0.135,0.506,0.349,0.087,0.327
0022200874,1610612754,Pacers,IND,Indiana,240.000000:00,0.585,0.268,0.182,0.14,0.577,0.25,0.138,0.178
0022200874,1610612741,Bulls,CHI,Chicago,240.000000:00,0.577,0.25,0.138,0.133,0.585,0.268,0.182,0.233
0022200879,1610612762,Jazz,UTA,Utah,240.000000:00,0.527,0.209,0.221,0.294,0.467,0.234,0.038,0.309
0022200879,1610612763,Grizzlies,MEM,Memphis,240.000000:00,0.467,0.234,0.038,0.25,0.527,0.209,0.221,0.412
0022200871,1610612746,Clippers,LAC,LA,240.000000:00,0.625,0.239,0.082,0.273,0.633,0.325,0.112,0.279
0022200871,1610612744,Warriors,GSW,Golden State,240.000000:00,0.633,0.325,0.112,0.186,0.625,0.239,0.082,0.364
0022200870,1610612758,Kings,SAC,Sacramento,240.000000:00,0.53,0.289,0.174,0.271,0.608,0.182,0.147,0.275
0022200870,1610612756,Suns,PHX,Phoenix,240.000000:00,0.608,0.182,0.147,0.2,0.53,0.289,0.174,0.313
0022200869,1610612749,Bucks,MIL,Milwaukee,265.000000:00,0.578,0.389,0.166,0.2,0.551,0.202,0.115,0.164
0022200869,1610612738,Celtics,BOS,Boston,265.000000:00,0.551,0.202,0.115,0.145,0.578,0.389,0.166,0.26
0022200868,1610612761,Raptors,TOR,Toronto,240.000000:00,0.651,0.241,0.202,0.361,0.589,0.214,0.186,0.326
0022200868,1610612753,Magic,ORL,Orlando,240.000000:00,0.589,0.214,0.186,0.209,0.651,0.241,0.202,0.389
0022200872,1610612764,Wizards,WAS,Washington,240.000000:00,0.677,0.278,0.161,0.147,0.488,0.279,0.124,0.236
0022200872,1610612757,Trail Blazers,POR,Portland,240.000000:00,0.488,0.279,0.124,0.218,0.677,0.278,0.161,0.235
0022200865,1610612750,Timberwolves,MIN,Minnesota,240.000000:00,0.633,0.313,0.124,0.256,0.589,0.345,0.111,0.304
0022200865,1610612742,Mavericks,DAL,Dallas,240.000000:00,0.589,0.345,0.111,0.196,0.633,0.313,0.124,0.308
0022200864,1610612760,Thunder,OKC,Oklahoma City,240.000000:00,0.472,0.2,0.168,0.269,0.588,0.243,0.196,0.194
0022200864,1610612740,Pelicans,NOP,New Orleans,240.000000:00,0.588,0.243,0.196,0.111,0.472,0.2,0.168,0.423
0022200866,1610612764,Wizards,WAS,Washington,240.000000:00,0.675,0.263,0.175,0.265,0.697,0.169,0.159,0.359
0022200866,1610612744,Warriors,GSW,Golden State,240.000000:00,0.697,0.169,0.159,0.282,0.675,0.263,0.175,0.294
0022200862,1610612752,Knicks,NYK,New York,240.000000:00,0.64,0.317,0.084,0.15,0.526,0.423,0.108,0.292
0022200862,1610612751,Nets,BKN,Brooklyn,240.000000:00,0.526,0.423,0.108,0.208,0.64,0.317,0.084,0.25
0022200867,1610612757,Trail Blazers,POR,Portland,240.000000:00,0.593,0.134,0.069,0.154,0.505,0.221,0.126,0.327
0022200867,1610612747,Lakers,LAL,Los Angeles,240.000000:00,0.505,0.221,0.126,0.255,0.593,0.134,0.069,0.173
0022200858,1610612759,Spurs,SAS,San Antonio,240.000000:00,0.553,0.235,0.179,0.256,0.622,0.321,0.152,0.306
0022200858,1610612739,Cavaliers,CLE,Cleveland,240.000000:00,0.622,0.321,0.152,0.306,0.553,0.235,0.179,0.419
0022200857,1610612766,Hornets,CHA,Charlotte,240.000000:00,0.75,0.274,0.157,0.091,0.542,0.194,0.106,0.364
0022200857,1610612737,Hawks,ATL,Atlanta,240.000000:00,0.542,0.194,0.106,0.291,0.75,0.274,0.157,0.182
0022200861,1610612748,Heat,MIA,Miami,240.000000:00,0.506,0.225,0.092,0.176,0.651,0.197,0.145,0.235
0022200861,1610612743,Nuggets,DEN,Denver,240.000000:00,0.651,0.197,0.145,0.176,0.506,0.225,0.092,0.353
0022200863,1610612753,Magic,ORL,Orlando,240.000000:00,0.519,0.235,0.179,0.156,0.424,0.221,0.159,0.255
0022200863,1610612741,Bulls,CHI,Chicago,240.000000:00,0.424,0.221,0.159,0.196,0.519,0.235,0.179,0.2
0022200859,1610612762,Jazz,UTA,Utah,240.000000:00,0.594,0.294,0.183,0.25,0.566,0.22,0.107,0.184
0022200859,1610612754,Pacers,IND,Indiana,240.000000:00,0.566,0.22,0.107,0.163,0.594,0.294,0.183,0.364
0022200860,1610612755,76ers,PHI,Philadelphia,240.000000:00,0.652,0.207,0.162,0.189,0.442,0.36,0.167,0.358
0022200860,1610612745,Rockets,HOU,Houston,240.000000:00,0.442,0.36,0.167,0.283,0.652,0.207,0.162,0.216
0022200856,1610612761,Raptors,TOR,Toronto,240.000000:00,0.546,0.414,0.082,0.283,0.589,0.405,0.171,0.333
0022200856,1610612765,Pistons,DET,Detroit,240.000000:00,0.589,0.405,0.171,0.143,0.546,0.414,0.082,0.37
0022200855,1610612763,Grizzlies,MEM,Memphis,240.000000:00,0.571,0.25,0.081,0.065,0.563,0.295,0.115,0.327
0022200855,1610612738,Celtics,BOS,Boston,240.000000:00,0.563,0.295,0.115,0.288,0.571,0.25,0.081,0.13
0022200846,1610612755,76ers,PHI,Philadelphia,240.000000:00,0.48,0.4,0.13,0.186,0.473,0.141,0.095,0.333
0022200846,1610612751,Nets,BKN,Brooklyn,240.000000:00,0.473,0.141,0.095,0.211,0.48,0.4,0.13,0.256
0022200848,1610612753,Magic,ORL,Orlando,265.000000:00,0.489,0.264,0.175,0.231,0.506,0.271,0.192,0.34
0022200848,1610612748,Heat,MIA,Miami,265.000000:00,0.506,0.271,0.192,0.22,0.489,0.264,0.175,0.288
0022200853,1610612747,Lakers,LAL,Los Angeles,240.000000:00,0.494,0.292,0.15,0.2,0.479,0.125,0.145,0.228
0022200853,1610612744,Warriors,GSW,Golden State,240.000000:00,0.479,0.125,0.145,0.123,0.494,0.292,0.15,0.24
0022200849,1610612764,Wizards,WAS,Washington,240.000000:00,0.72,0.293,0.19,0.286,0.526,0.179,0.086,0.4
0022200849,1610612754,Pacers,IND,Indiana,240.000000:00,0.526,0.179,0.086,0.309,0.72,0.293,0.19,0.393
0022200852,1610612739,Cavaliers,CLE,Cleveland,240.000000:00,0.471,0.221,0.134,0.192,0.52,0.203,0.236,0.25
0022200852,1610612741,Bulls,CHI,Chicago,240.000000:00,0.52,0.203,0.236,0.15,0.471,0.221,0.134,0.25
0022200854,1610612758,Kings,SAC,Sacramento,265.000000:00,0.55,0.25,0.065,0.22,0.626,0.209,0.148,0.167
0022200854,1610612742,Mavericks,DAL,Dallas,265.000000:00,0.626,0.209,0.148,0.146,0.55,0.25,0.065,0.24
0022200851,1610612762,Jazz,UTA,Utah,240.000000:00,0.563,0.318,0.118,0.234,0.516,0.4,0.061,0.411
0022200851,1610612752,Knicks,NYK,New York,240.000000:00,0.516,0.4,0.061,0.357,0.563,0.318,0.118,0.277
0022200847,1610612743,Nuggets,DEN,Denver,240.000000:00,0.53,0.172,0.131,0.275,0.518,0.341,0.131,0.18
0022200847,1610612766,Hornets,CHA,Charlotte,240.000000:00,0.518,0.341,0.131,0.1,0.53,0.172,0.131,0.333
0022200850,1610612759,Spurs,SAS,San Antonio,240.000000:00,0.484,0.181,0.186,0.255,0.534,0.184,0.093,0.321
0022200850,1610612737,Hawks,ATL,Atlanta,240.000000:00,0.534,0.184,0.093,0.25,0.484,0.181,0.186,0.327
0022200842,1610612740,Pelicans,NOP,New Orleans,240.000000:00,0.53,0.305,0.146,0.234,0.624,0.176,0.15,0.359
0022200842,1610612739,Cavaliers,CLE,Cleveland,240.000000:00,0.624,0.176,0.15,0.308,0.53,0.305,0.146,0.362
0022200840,1610612748,Heat,MIA,Miami,240.000000:00,0.494,0.286,0.174,0.133,0.458,0.286,0.176,0.321
0022200840,1610612745,Rockets,HOU,Houston,240.000000:00,0.458,0.286,0.176,0.189,0.494,0.286,0.174,0.178
0022200845,1610612749,Bucks,MIL,Milwaukee,240.000000:00,0.594,0.178,0.111,0.196,0.559,0.165,0.102,0.07
0022200845,1610612746,Clippers,LAC,LA,240.000000:00,0.559,0.165,0.102,0.07,0.594,0.178,0.111,0.261
0022200835,1610612759,Spurs,SAS,San Antonio,290.000000:00,0.486,0.318,0.148,0.2,0.463,0.458,0.129,0.403
0022200835,1610612765,Pistons,DET,Detroit,290.000000:00,0.463,0.458,0.129,0.313,0.486,0.318,0.148,0.323
0022200836,1610612756,Suns,PHX,Phoenix,240.000000:00,0.516,0.258,0.167,0.373,0.488,0.329,0.148,0.264
0022200836,1610612754,Pacers,IND,Indiana,240.000000:00,0.488,0.329,0.148,0.208,0.516,0.258,0.167,0.451
0022200841,1610612750,Timberwolves,MIN,Minnesota,240.000000:00,0.551,0.136,0.173,0.146,0.643,0.321,0.179,0.256
0022200841,1610612763,Grizzlies,MEM,Memphis,240.000000:00,0.643,0.321,0.179,0.231,0.551,0.136,0.173,0.208
0022200838,1610612766,Hornets,CHA,Charlotte,240.000000:00,0.527,0.28,0.122,0.212,0.635,0.191,0.141,0.149
0022200838,1610612738,Celtics,BOS,Boston,240.000000:00,0.635,0.191,0.141,0.106,0.527,0.28,0.122,0.25
0022200837,1610612755,76ers,PHI,Philadelphia,240.000000:00,0.607,0.262,0.084,0.143,0.599,0.198,0.125,0.146
0022200837,1610612752,Knicks,NYK,New York,240.000000:00,0.599,0.198,0.125,0.098,0.607,0.262,0.084,0.238
0022200843,1610612757,Trail Blazers,POR,Portland,240.000000:00,0.658,0.408,0.199,0.257,0.639,0.422,0.111,0.351
0022200843,1610612760,Thunder,OKC,Oklahoma City,240.000000:00,0.639,0.422,0.111,0.27,0.658,0.408,0.199,0.371
0022200839,1610612762,Jazz,UTA,Utah,240.000000:00,0.575,0.333,0.158,0.196,0.516,0.33,0.12,0.283
0022200839,1610612761,Raptors,TOR,Toronto,240.000000:00,0.516,0.33,0.12,0.17,0.575,0.333,0.158,0.304
0022200844,1610612758,Kings,SAC,Sacramento,240.000000:00,0.604,0.444,0.147,0.139,0.591,0.216,0.123,0.267
0022200844,1610612742,Mavericks,DAL,Dallas,240.000000:00,0.591,0.216,0.123,0.244,0.604,0.444,0.147,0.167
0022200832,1610612756,Suns,PHX,Phoenix,240.000000:00,0.494,0.337,0.109,0.18,0.505,0.284,0.179,0.473
0022200832,1610612737,Hawks,ATL,Atlanta,240.000000:00,0.505,0.284,0.179,0.364,0.494,0.337,0.109,0.2
0022200831,1610612753,Magic,ORL,Orlando,240.000000:00,0.531,0.196,0.1,0.283,0.524,0.286,0.154,0.271
0022200831,1610612743,Nuggets,DEN,Denver,240.000000:00,0.524,0.286,0.154,0.146,0.531,0.196,0.1,0.34
0022200834,1610612749,Bucks,MIL,Milwaukee,240.000000:00,0.515,0.182,0.108,0.286,0.511,0.236,0.121,0.24
0022200834,1610612747,Lakers,LAL,Los Angeles,240.000000:00,0.511,0.236,0.121,0.22,0.515,0.182,0.108,0.375
0022200833,1610612741,Bulls,CHI,Chicago,240.000000:00,0.489,0.231,0.115,0.154,0.522,0.275,0.108,0.241
0022200833,1610612751,Nets,BKN,Brooklyn,240.000000:00,0.522,0.275,0.108,0.204,0.489,0.231,0.115,0.231
0022200822,1610612765,Pistons,DET,Detroit,240.000000:00,0.42,0.222,0.149,0.173,0.529,0.287,0.133,0.447
0022200822,1610612739,Cavaliers,CLE,Cleveland,240.000000:00,0.529,0.287,0.133,0.277,0.42,0.222,0.149,0.25
0022200825,1610612748,Heat,MIA,Miami,240.000000:00,0.506,0.494,0.138,0.349,0.583,0.359,0.114,0.174
0022200825,1610612754,Pacers,IND,Indiana,240.000000:00,0.583,0.359,0.114,0.109,0.506,0.494,0.138,0.349
0022200828,1610612762,Jazz,UTA,Utah,240.000000:00,0.476,0.2,0.079,0.339,0.689,0.082,0.105,0.286
0022200828,1610612750,Timberwolves,MIN,Minnesota,240.000000:00,0.689,0.082,0.105,0.19,0.476,0.2,0.079,0.355
0022200823,1610612764,Wizards,WAS,Washington,240.000000:00,0.592,0.195,0.169,0.25,0.468,0.226,0.072,0.25
0022200823,1610612766,Hornets,CHA,Charlotte,240.000000:00,0.468,0.226,0.072,0.214,0.592,0.195,0.169,0.341
0022200824,1610612755,76ers,PHI,Philadelphia,240.000000:00,0.506,0.241,0.077,0.157,0.651,0.132,0.166,0.211
0022200824,1610612738,Celtics,BOS,Boston,240.000000:00,0.651,0.132,0.166,0.132,0.506,0.241,0.077,0.196
0022200830,1610612757,Trail Blazers,POR,Portland,240.000000:00,0.603,0.41,0.208,0.343,0.582,0.103,0.107,0.269
0022200830,1610612744,Warriors,GSW,Golden State,240.000000:00,0.582,0.103,0.107,0.192,0.603,0.41,0.208,0.371
0022200827,1610612758,Kings,SAC,Sacramento,240.000000:00,0.554,0.326,0.086,0.208,0.605,0.326,0.186,0.436
0022200827,1610612745,Rockets,HOU,Houston,240.000000:00,0.605,0.326,0.186,0.385,0.554,0.326,0.086,0.271
0022200826,1610612761,Raptors,TOR,Toronto,240.000000:00,0.545,0.239,0.162,0.191,0.454,0.31,0.148,0.218
0022200826,1610612759,Spurs,SAS,San Antonio,240.000000:00,0.454,0.31,0.148,0.127,0.545,0.239,0.162,0.255
0022200829,1610612746,Clippers,LAC,LA,240.000000:00,0.512,0.244,0.113,0.188,0.635,0.218,0.189,0.195
0022200829,1610612742,Mavericks,DAL,Dallas,240.000000:00,0.635,0.218,0.189,0.195,0.512,0.244,0.113,0.229
0022200816,1610612753,Magic,ORL,Orlando,240.000000:00,0.506,0.304,0.12,0.2,0.549,0.235,0.123,0.298
0022200816,1610612752,Knicks,NYK,New York,240.000000:00,0.549,0.235,0.123,0.234,0.506,0.304,0.12,0.244
0022200821,1610612760,Thunder,OKC,Oklahoma City,240.000000:00,0.612,0.213,0.119,0.152,0.659,0.306,0.188,0.22
0022200821,1610612747,Lakers,LAL,Los Angeles,240.000000:00,0.659,0.306,0.188,0.146,0.612,0.213,0.119,0.196
0022200817,1610612756,Suns,PHX,Phoenix,240.000000:00,0.516,0.304,0.145,0.314,0.538,0.392,0.162,0.209
0022200817,1610612751,Nets,BKN,Brooklyn,240.000000:00,0.538,0.392,0.162,0.116,0.516,0.304,0.145,0.353
0022200820,1610612750,Timberwolves,MIN,Minnesota,240.000000:00,0.529,0.306,0.161,0.17,0.694,0.237,0.102,0.237
0022200820,1610612743,Nuggets,DEN,Denver,240.000000:00,0.694,0.237,0.102,0.158,0.529,0.306,0.161,0.191
0022200818,1610612740,Pelicans,NOP,New Orleans,240.000000:00,0.56,0.231,0.103,0.271,0.518,0.294,0.122,0.3
0022200818,1610612737,Hawks,ATL,Atlanta,240.000000:00,0.518,0.294,0.122,0.2,0.56,0.231,0.103,0.333
0022200819,1610612763,Grizzlies,MEM,Memphis,240.000000:00,0.549,0.259,0.141,0.111,0.408,0.31,0.185,0.344
0022200819,1610612741,Bulls,CHI,Chicago,240.000000:00,0.408,0.31,0.185,0.18,0.549,0.259,0.141,0.111
0022200810,1610612746,Clippers,LAC,LA,240.000000:00,0.543,0.326,0.087,0.216,0.583,0.262,0.157,0.174
0022200810,1610612751,Nets,BKN,Brooklyn,240.000000:00,0.583,0.262,0.157,0.174,0.543,0.326,0.087,0.275
0022200811,1610612759,Spurs,SAS,San Antonio,240.000000:00,0.489,0.189,0.164,0.118,0.596,0.281,0.131,0.175
0022200811,1610612741,Bulls,CHI,Chicago,240.000000:00,0.596,0.281,0.131,0.175,0.489,0.189,0.164,0.176
0022200809,1610612764,Wizards,WAS,Washington,240.000000:00,0.463,0.232,0.144,0.143,0.641,0.256,0.176,0.211
0022200809,1610612739,Cavaliers,CLE,Cleveland,240.000000:00,0.641,0.256,0.176,0.184,0.463,0.232,0.144,0.184
0022200808,1610612765,Pistons,DET,Detroit,240.000000:00,0.477,0.241,0.094,0.17,0.566,0.253,0.127,0.234
0022200808,1610612738,Celtics,BOS,Boston,240.000000:00,0.566,0.253,0.127,0.213,0.477,0.241,0.094,0.189
0022200815,1610612757,Trail Blazers,POR,Portland,240.000000:00,0.456,0.319,0.081,0.018,0.632,0.241,0.152,0.233
0022200815,1610612749,Bucks,MIL,Milwaukee,240.000000:00,0.632,0.241,0.152,0.163,0.456,0.319,0.081,0.14
0022200814,1610612760,Thunder,OKC,Oklahoma City,240.000000:00,0.544,0.231,0.106,0.146,0.711,0.072,0.152,0.295
0022200814,1610612744,Warriors,GSW,Golden State,240.000000:00,0.711,0.072,0.152,0.25,0.544,0.231,0.106,0.208
0022200813,1610612762,Jazz,UTA,Utah,240.000000:00,0.506,0.299,0.128,0.213,0.551,0.352,0.142,0.408
0022200813,1610612742,Mavericks,DAL,Dallas,240.000000:00,0.551,0.352,0.142,0.347,0.506,0.299,0.128,0.298
0022200812,1610612758,Kings,SAC,Sacramento,240.000000:00,0.702,0.202,0.1,0.179,0.574,0.273,0.138,0.362
0022200812,1610612745,Rockets,HOU,Houston,240.000000:00,0.574,0.273,0.138,0.234,0.702,0.202,0.1,0.231
0022200806,1610612750,Timberwolves,MIN,Minnesota,240.000000:00,0.609,0.345,0.104,0.116,0.521,0.437,0.212,0.175
0022200806,1610612743,Nuggets,DEN,Denver,240.000000:00,0.521,0.437,0.212,0.075,0.609,0.345,0.104,0.186
0022200802,1610612753,Magic,ORL,Orlando,240.000000:00,0.505,0.33,0.122,0.353,0.614,0.277,0.15,0.209
0022200802,1610612766,Hornets,CHA,Charlotte,240.000000:00,0.614,0.277,0.15,0.186,0.505,0.33,0.122,0.392
0022200805,1610612761,Raptors,TOR,Toronto,240.000000:00,0.49,0.119,0.104,0.186,0.551,0.295,0.2,0.214
0022200805,1610612763,Grizzlies,MEM,Memphis,240.000000:00,0.551,0.295,0.2,0.19,0.49,0.119,0.104,0.356
0022200803,1610612754,Pacers,IND,Indiana,240.000000:00,0.478,0.239,0.127,0.214,0.608,0.182,0.13,0.279
0022200803,1610612739,Cavaliers,CLE,Cleveland,240.000000:00,0.608,0.182,0.13,0.186,0.478,0.239,0.127,0.286
0022200807,1610612758,Kings,SAC,Sacramento,240.000000:00,0.494,0.329,0.153,0.22,0.647,0.4,0.111,0.357
0022200807,1610612740,Pelicans,NOP,New Orleans,240.000000:00,0.647,0.4,0.111,0.286,0.494,0.329,0.153,0.26
0022200804,1610612755,76ers,PHI,Philadelphia,240.000000:00,0.453,0.486,0.128,0.167,0.506,0.494,0.127,0.288
0022200804,1610612752,Knicks,NYK,New York,240.000000:00,0.506,0.494,0.127,0.269,0.453,0.486,0.128,0.208
0022200797,1610612749,Bucks,MIL,Milwaukee,240.000000:00,0.602,0.318,0.117,0.217,0.485,0.208,0.067,0.281
0022200797,1610612748,Heat,MIA,Miami,240.000000:00,0.485,0.208,0.067,0.228,0.602,0.318,0.117,0.261
0022200801,1610612743,Nuggets,DEN,Denver,240.000000:00,0.584,0.211,0.124,0.245,0.516,0.187,0.153,0.245
0022200801,1610612737,Hawks,ATL,Atlanta,240.000000:00,0.516,0.187,0.153,0.204,0.584,0.211,0.124,0.306
0022200794,1610612756,Suns,PHX,Phoenix,240.000000:00,0.633,0.413,0.178,0.27,0.531,0.272,0.164,0.231
0022200794,1610612765,Pistons,DET,Detroit,240.000000:00,0.531,0.272,0.164,0.173,0.633,0.413,0.178,0.351
0022200795,1610612752,Knicks,NYK,New York,265.000000:00,0.574,0.277,0.095,0.2,0.565,0.38,0.117,0.269
0022200795,1610612746,Clippers,LAC,LA,265.000000:00,0.565,0.38,0.117,0.173,0.574,0.277,0.095,0.24
0022200793,1610612764,Wizards,WAS,Washington,240.000000:00,0.562,0.506,0.147,0.133,0.581,0.326,0.145,0.244
0022200793,1610612751,Nets,BKN,Brooklyn,240.000000:00,0.581,0.326,0.145,0.222,0.562,0.506,0.147,0.311
0022200800,1610612744,Warriors,GSW,Golden State,240.000000:00,0.634,0.232,0.141,0.125,0.541,0.318,0.139,0.265
0022200800,1610612742,Mavericks,DAL,Dallas,240.000000:00,0.541,0.318,0.139,0.204,0.634,0.232,0.141,0.15
0022200796,1610612757,Trail Blazers,POR,Portland,240.000000:00,0.586,0.241,0.092,0.159,0.675,0.313,0.124,0.206
0022200796,1610612741,Bulls,CHI,Chicago,240.000000:00,0.675,0.313,0.124,0.176,0.586,0.241,0.092,0.159
0022200799,1610612760,Thunder,OKC,Oklahoma City,240.000000:00,0.686,0.237,0.084,0.22,0.562,0.303,0.148,0.313
0022200799,1610612745,Rockets,HOU,Houston,240.000000:00,0.562,0.303,0.148,0.188,0.686,0.237,0.084,0.366
0022200798,1610612740,Pelicans,NOP,New Orleans,240.000000:00,0.565,0.2,0.104,0.292,0.537,0.351,0.086,0.314
0022200798,1610612747,Lakers,LAL,Los Angeles,240.000000:00,0.537,0.351,0.086,0.255,0.565,0.2,0.104,0.354
0022200786,1610612758,Kings,SAC,Sacramento,240.000000:00,0.506,0.233,0.193,0.212,0.545,0.157,0.173,0.24
0022200786,1610612754,Pacers,IND,Indiana,240.000000:00,0.545,0.157,0.173,0.18,0.506,0.233,0.193,0.231
0022200790,1610612753,Magic,ORL,Orlando,240.000000:00,0.6,0.447,0.161,0.277,0.552,0.322,0.186,0.327
0022200790,1610612750,Timberwolves,MIN,Minnesota,240.000000:00,0.552,0.322,0.186,0.245,0.6,0.447,0.161,0.319
0022200789,1610612761,Raptors,TOR,Toronto,240.000000:00,0.539,0.3,0.092,0.241,0.544,0.413,0.128,0.267
0022200789,1610612745,Rockets,HOU,Houston,240.000000:00,0.544,0.413,0.128,0.133,0.539,0.3,0.092,0.278
0022200792,1610612762,Jazz,UTA,Utah,240.000000:00,0.522,0.198,0.149,0.241,0.516,0.242,0.09,0.273
0022200792,1610612737,Hawks,ATL,Atlanta,240.000000:00,0.516,0.242,0.09,0.255,0.522,0.198,0.149,0.278
0022200788,1610612756,Suns,PHX,Phoenix,240.000000:00,0.495,0.147,0.09,0.182,0.453,0.413,0.149,0.12
0022200788,1610612738,Celtics,BOS,Boston,240.000000:00,0.453,0.413,0.149,0.06,0.495,0.147,0.09,0.236
0022200785,1610612765,Pistons,DET,Detroit,240.000000:00,0.593,0.267,0.215,0.261,0.494,0.333,0.128,0.222
0022200785,1610612766,Hornets,CHA,Charlotte,240.000000:00,0.494,0.333,0.128,0.148,0.593,0.267,0.215,0.326
0022200787,1610612764,Wizards,WAS,Washington,240.000000:00,0.571,0.262,0.115,0.209,0.585,0.261,0.074,0.283
0022200787,1610612757,Trail Blazers,POR,Portland,240.000000:00,0.585,0.261,0.074,0.239,0.571,0.262,0.115,0.279
0022200791,1610612759,Spurs,SAS,San Antonio,240.000000:00,0.624,0.169,0.172,0.237,0.603,0.471,0.108,0.378
0022200791,1610612755,76ers,PHI,Philadelphia,240.000000:00,0.603,0.471,0.108,0.311,0.624,0.169,0.172,0.289
0022200784,1610612749,Bucks,MIL,Milwaukee,240.000000:00,0.483,0.3,0.096,0.148,0.479,0.211,0.069,0.19
0022200784,1610612746,Clippers,LAC,LA,240.000000:00,0.479,0.211,0.069,0.155,0.483,0.3,0.096,0.222
0022200780,1610612752,Knicks,NYK,New York,240.000000:00,0.554,0.217,0.184,0.25,0.523,0.184,0.115,0.255
0022200780,1610612748,Heat,MIA,Miami,240.000000:00,0.523,0.184,0.115,0.176,0.554,0.217,0.184,0.364
0022200782,1610612740,Pelicans,NOP,New Orleans,240.000000:00,0.53,0.25,0.173,0.267,0.518,0.341,0.08,0.196
0022200782,1610612742,Mavericks,DAL,Dallas,240.000000:00,0.518,0.341,0.08,0.118,0.53,0.25,0.173,0.289
0022200778,1610612747,Lakers,LAL,Los Angeles,240.000000:00,0.489,0.337,0.123,0.232,0.57,0.065,0.151,0.167
0022200778,1610612754,Pacers,IND,Indiana,240.000000:00,0.57,0.065,0.151,0.125,0.489,0.337,0.123,0.286
0022200781,1610612741,Bulls,CHI,Chicago,240.000000:00,0.589,0.329,0.145,0.19,0.457,0.161,0.152,0.364
0022200781,1610612766,Hornets,CHA,Charlotte,240.000000:00,0.457,0.161,0.152,0.291,0.589,0.329,0.145,0.238
0022200783,1610612744,Warriors,GSW,Golden State,240.000000:00,0.618,0.224,0.169,0.217,0.656,0.233,0.124,0.256
0022200783,1610612743,Nuggets,DEN,Denver,240.000000:00,0.656,0.233,0.124,0.163,0.618,0.224,0.169,0.239
0022200779,1610612763,Grizzlies,MEM,Memphis,240.000000:00,0.529,0.253,0.174,0.234,0.615,0.242,0.149,0.283
0022200779,1610612739,Cavaliers,CLE,Cleveland,240.000000:00,0.615,0.242,0.149,0.196,0.529,0.253,0.174,0.298
0022200771,1610612757,Trail Blazers,POR,Portland,240.000000:00,0.552,0.31,0.126,0.196,0.523,0.322,0.13,0.28
0022200771,1610612763,Grizzlies,MEM,Memphis,240.000000:00,0.523,0.322,0.13,0.24,0.552,0.31,0.126,0.261
0022200772,1610612738,Celtics,BOS,Boston,240.000000:00,0.717,0.109,0.123,0.275,0.46,0.205,0.071,0.111
0022200772,1610612751,Nets,BKN,Brooklyn,240.000000:00,0.46,0.205,0.071,0.093,0.717,0.109,0.123,0.3
0022200776,1610612762,Jazz,UTA,Utah,240.000000:00,0.633,0.361,0.161,0.31,0.5,0.236,0.077,0.431
0022200776,1610612761,Raptors,TOR,Toronto,240.000000:00,0.5,0.236,0.077,0.385,0.633,0.361,0.161,0.333
0022200777,1610612756,Suns,PHX,Phoenix,240.000000:00,0.43,0.36,0.154,0.222,0.676,0.121,0.118,0.15
0022200777,1610612737,Hawks,ATL,Atlanta,240.000000:00,0.676,0.121,0.118,0.15,0.43,0.36,0.154,0.259
0022200770,1610612755,76ers,PHI,Philadelphia,240.000000:00,0.526,0.333,0.187,0.156,0.414,0.333,0.146,0.281
0022200770,1610612753,Magic,ORL,Orlando,240.000000:00,0.414,0.333,0.146,0.211,0.526,0.333,0.187,0.2
0022200775,1610612759,Spurs,SAS,San Antonio,240.000000:00,0.591,0.08,0.178,0.195,0.578,0.211,0.098,0.182
0022200775,1610612758,Kings,SAC,Sacramento,240.000000:00,0.578,0.211,0.098,0.136,0.591,0.08,0.178,0.22
0022200774,1610612750,Timberwolves,MIN,Minnesota,265.000000:00,0.5,0.226,0.094,0.154,0.478,0.374,0.149,0.196
0022200774,1610612744,Warriors,GSW,Golden State,265.000000:00,0.478,0.374,0.149,0.161,0.5,0.226,0.094,0.231
0022200773,1610612760,Thunder,OKC,Oklahoma City,240.000000:00,0.427,0.214,0.101,0.364,0.473,0.33,0.177,0.458
0022200773,1610612745,Rockets,HOU,Houston,240.000000:00,0.473,0.33,0.177,0.407,0.427,0.214,0.101,0.379
0022200766,1610612746,Clippers,LAC,LA,240.000000:00,0.462,0.28,0.079,0.183,0.571,0.273,0.2,0.171
0022200766,1610612741,Bulls,CHI,Chicago,240.000000:00,0.571,0.273,0.2,0.146,0.462,0.28,0.079,0.2
0022200768,1610612740,Pelicans,NOP,New Orleans,240.000000:00,0.541,0.294,0.146,0.178,0.586,0.276,0.171,0.333
0022200768,1610612743,Nuggets,DEN,Denver,240.000000:00,0.586,0.276,0.171,0.208,0.541,0.294,0.146,0.222
0022200764,1610612748,Heat,MIA,Miami,240.000000:00,0.526,0.321,0.158,0.196,0.548,0.145,0.135,0.196
0022200764,1610612739,Cavaliers,CLE,Cleveland,240.000000:00,0.548,0.145,0.135,0.109,0.526,0.321,0.158,0.261
0022200765,1610612752,Knicks,NYK,New York,265.000000:00,0.485,0.327,0.083,0.236,0.575,0.333,0.128,0.271
0022200765,1610612747,Lakers,LAL,Los Angeles,265.000000:00,0.575,0.333,0.128,0.229,0.485,0.327,0.083,0.273
0022200767,1610612749,Bucks,MIL,Milwaukee,240.000000:00,0.481,0.257,0.106,0.254,0.428,0.234,0.095,0.278
0022200767,1610612766,Hornets,CHA,Charlotte,240.000000:00,0.428,0.234,0.095,0.25,0.481,0.257,0.106,0.27
0022200761,1610612765,Pistons,DET,Detroit,240.000000:00,0.544,0.342,0.146,0.196,0.557,0.418,0.115,0.273
0022200761,1610612742,Mavericks,DAL,Dallas,240.000000:00,0.557,0.418,0.115,0.205,0.544,0.342,0.146,0.283
0022200758,1610612758,Kings,SAC,Sacramento,265.000000:00,0.52,0.222,0.108,0.179,0.533,0.272,0.159,0.204
0022200758,1610612750,Timberwolves,MIN,Minnesota,265.000000:00,0.533,0.272,0.159,0.148,0.52,0.222,0.108,0.232
0022200757,1610612747,Lakers,LAL,Los Angeles,240.000000:00,0.455,0.416,0.136,0.267,0.558,0.2,0.107,0.275
0022200757,1610612751,Nets,BKN,Brooklyn,240.000000:00,0.558,0.2,0.107,0.235,0.455,0.416,0.136,0.35
0022200759,1610612760,Thunder,OKC,Oklahoma City,240.000000:00,0.554,0.215,0.153,0.163,0.622,0.222,0.139,0.178
0022200759,1610612744,Warriors,GSW,Golden State,240.000000:00,0.622,0.222,0.139,0.133,0.554,0.215,0.153,0.204
0022200762,1610612761,Raptors,TOR,Toronto,240.000000:00,0.5,0.213,0.147,0.314,0.557,0.241,0.126,0.356
0022200762,1610612756,Suns,PHX,Phoenix,240.000000:00,0.557,0.241,0.126,0.289,0.5,0.213,0.147,0.373
0022200763,1610612757,Trail Blazers,POR,Portland,240.000000:00,0.665,0.342,0.083,0.079,0.537,0.319,0.072,0.434
0022200763,1610612737,Hawks,ATL,Atlanta,240.000000:00,0.537,0.319,0.072,0.321,0.665,0.342,0.083,0.184
0022200760,1610612764,Wizards,WAS,Washington,240.000000:00,0.651,0.198,0.137,0.125,0.469,0.237,0.097,0.3
0022200760,1610612759,Spurs,SAS,San Antonio,240.000000:00,0.469,0.237,0.097,0.233,0.651,0.198,0.137,0.2
0022200756,1610612755,76ers,PHI,Philadelphia,240.000000:00,0.535,0.271,0.179,0.174,0.48,0.303,0.093,0.305
0022200756,1610612753,Magic,ORL,Orlando,240.000000:00,0.48,0.303,0.093,0.254,0.535,0.271,0.179,0.217
0022200754,1610612746,Clippers,LAC,LA,240.000000:00,0.427,0.303,0.149,0.278,0.692,0.244,0.136,0.167
0022200754,1610612739,Cavaliers,CLE,Cleveland,240.000000:00,0.692,0.244,0.136,0.111,0.427,0.303,0.149,0.407
0022200753,1610612763,Grizzlies,MEM,Memphis,240.000000:00,0.534,0.247,0.097,0.319,0.513,0.266,0.189,0.364
0022200753,1610612754,Pacers,IND,Indiana,240.000000:00,0.513,0.266,0.189,0.25,0.534,0.247,0.097,0.404
0022200755,1610612740,Pelicans,NOP,New Orleans,240.000000:00,0.511,0.226,0.113,0.143,0.641,0.208,0.115,0.298
0022200755,1610612749,Bucks,MIL,Milwaukee,240.000000:00,0.641,0.208,0.115,0.255,0.511,0.226,0.113,0.196
0022200752,1610612748,Heat,MIA,Miami,240.000000:00,0.538,0.247,0.106,0.196,0.633,0.265,0.189,0.317
0022200752,1610612766,Hornets,CHA,Charlotte,240.000000:00,0.633,0.265,0.189,0.268,0.538,0.247,0.106,0.294
0022200748,1610612759,Spurs,SAS,San Antonio,265.000000:00,0.486,0.156,0.116,0.266,0.524,0.252,0.085,0.357
0022200748,1610612756,Suns,PHX,Phoenix,265.000000:00,0.524,0.252,0.085,0.304,0.486,0.156,0.116,0.391
0022200745,1610612746,Clippers,LAC,LA,240.000000:00,0.644,0.238,0.145,0.15,0.511,0.211,0.092,0.36
0022200745,1610612737,Hawks,ATL,Atlanta,240.000000:00,0.511,0.211,0.092,0.3,0.644,0.238,0.145,0.2
0022200751,1610612761,Raptors,TOR,Toronto,240.000000:00,0.576,0.196,0.086,0.341,0.572,0.303,0.126,0.184
0022200751,1610612757,Trail Blazers,POR,Portland,240.000000:00,0.572,0.303,0.126,0.079,0.576,0.196,0.086,0.364
0022200744,1610612753,Magic,ORL,Orlando,240.000000:00,0.554,0.289,0.129,0.13,0.691,0.235,0.123,0.139
0022200744,1610612741,Bulls,CHI,Chicago,240.000000:00,0.691,0.235,0.123,0.111,0.554,0.289,0.129,0.217
0022200746,1610612758,Kings,SAC,Sacramento,240.000000:00,0.506,0.439,0.093,0.204,0.631,0.263,0.2,0.333
0022200746,1610612750,Timberwolves,MIN,Minnesota,240.000000:00,0.631,0.263,0.2,0.231,0.506,0.439,0.093,0.245
0022200750,1610612762,Jazz,UTA,Utah,240.000000:00,0.555,0.293,0.176,0.295,0.55,0.213,0.148,0.229
0022200750,1610612742,Mavericks,DAL,Dallas,240.000000:00,0.55,0.213,0.148,0.146,0.555,0.293,0.176,0.409
0022200741,1610612755,76ers,PHI,Philadelphia,240.000000:00,0.618,0.27,0.112,0.261,0.63,0.247,0.143,0.243
0022200741,1610612743,Nuggets,DEN,Denver,240.000000:00,0.63,0.247,0.143,0.162,0.618,0.27,0.112,0.326
0022200743,1610612745,Rockets,HOU,Houston,240.000000:00,0.522,0.293,0.162,0.314,0.542,0.373,0.153,0.229
0022200743,1610612765,Pistons,DET,Detroit,240.000000:00,0.542,0.373,0.153,0.167,0.522,0.293,0.162,0.373
0022200742,1610612752,Knicks,NYK,New York,240.000000:00,0.568,0.216,0.118,0.311,0.655,0.161,0.097,0.256
0022200742,1610612751,Nets,BKN,Brooklyn,240.000000:00,0.655,0.161,0.097,0.209,0.568,0.216,0.118,0.356
0022200747,1610612764,Wizards,WAS,Washington,240.000000:00,0.517,0.33,0.17,0.245,0.467,0.207,0.098,0.236
0022200747,1610612740,Pelicans,NOP,New Orleans,240.000000:00,0.467,0.207,0.098,0.145,0.517,0.33,0.17,0.358
0022200749,1610612747,Lakers,LAL,Los Angeles,265.000000:00,0.505,0.19,0.105,0.186,0.542,0.464,0.113,0.156
0022200749,1610612738,Celtics,BOS,Boston,265.000000:00,0.542,0.464,0.113,0.156,0.505,0.19,0.105,0.305
0022200740,1610612761,Raptors,TOR,Toronto,240.000000:00,0.515,0.208,0.094,0.233,0.656,0.167,0.133,0.22
0022200740,1610612744,Warriors,GSW,Golden State,240.000000:00,0.656,0.167,0.133,0.122,0.515,0.208,0.094,0.3
0022200736,1610612749,Bucks,MIL,Milwaukee,240.000000:00,0.622,0.316,0.141,0.264,0.624,0.315,0.119,0.116
0022200736,1610612754,Pacers,IND,Indiana,240.000000:00,0.624,0.315,0.119,0.116,0.622,0.316,0.141,0.358
0022200737,1610612750,Timberwolves,MIN,Minnesota,240.000000:00,0.587,0.174,0.193,0.2,0.452,0.204,0.196,0.351
0022200737,1610612763,Grizzlies,MEM,Memphis,240.000000:00,0.452,0.204,0.196,0.263,0.587,0.174,0.193,0.244
0022200738,1610612753,Magic,ORL,Orlando,240.000000:00,0.565,0.464,0.198,0.051,0.518,0.306,0.107,0.184
0022200738,1610612748,Heat,MIA,Miami,240.000000:00,0.518,0.306,0.107,0.102,0.565,0.464,0.198,0.128
0022200739,1610612760,Thunder,OKC,Oklahoma City,240.000000:00,0.592,0.329,0.163,0.263,0.489,0.205,0.105,0.25
0022200739,1610612739,Cavaliers,CLE,Cleveland,240.000000:00,0.489,0.205,0.105,0.212,0.592,0.329,0.163,0.289
0022200735,1610612759,Spurs,SAS,San Antonio,240.000000:00,0.5,0.341,0.144,0.22,0.685,0.236,0.051,0.2
0022200735,1610612746,Clippers,LAC,LA,240.000000:00,0.685,0.236,0.051,0.15,0.5,0.341,0.144,0.32
0022200731,1610612765,Pistons,DET,Detroit,240.000000:00,0.563,0.274,0.107,0.313,0.527,0.287,0.15,0.346
0022200731,1610612751,Nets,BKN,Brooklyn,240.000000:00,0.527,0.287,0.15,0.288,0.563,0.274,0.107,0.354
0022200734,1610612756,Suns,PHX,Phoenix,240.000000:00,0.483,0.186,0.101,0.25,0.513,0.364,0.099,0.224
0022200734,1610612742,Mavericks,DAL,Dallas,240.000000:00,0.513,0.364,0.099,0.143,0.483,0.186,0.101,0.308
0022200730,1610612752,Knicks,NYK,New York,265.000000:00,0.526,0.24,0.094,0.185,0.49,0.23,0.12,0.328
0022200730,1610612738,Celtics,BOS,Boston,265.000000:00,0.49,0.23,0.12,0.246,0.526,0.24,0.094,0.222
0022200733,1610612745,Rockets,HOU,Houston,240.000000:00,0.546,0.263,0.227,0.25,0.546,0.253,0.105,0.28
0022200733,1610612739,Cavaliers,CLE,Cleveland,240.000000:00,0.546,0.253,0.105,0.22,0.546,0.263,0.227,0.325
0022200732,1610612741,Bulls,CHI,Chicago,240.000000:00,0.429,0.242,0.122,0.127,0.506,0.369,0.149,0.191
0022200732,1610612766,Hornets,CHA,Charlotte,240.000000:00,0.506,0.369,0.149,0.128,0.429,0.242,0.122,0.164
0022200723,1610612749,Bucks,MIL,Milwaukee,240.000000:00,0.558,0.359,0.216,0.152,0.448,0.165,0.176,0.311
0022200723,1610612743,Nuggets,DEN,Denver,240.000000:00,0.448,0.165,0.176,0.246,0.558,0.359,0.216,0.217
0022200720,1610612753,Magic,ORL,Orlando,240.000000:00,0.652,0.305,0.176,0.231,0.571,0.341,0.162,0.417
0022200720,1610612754,Pacers,IND,Indiana,240.000000:00,0.571,0.341,0.162,0.208,0.652,0.305,0.176,0.41
0022200726,1610612763,Grizzlies,MEM,Memphis,240.000000:00,0.534,0.42,0.13,0.216,0.588,0.329,0.209,0.4
0022200726,1610612744,Warriors,GSW,Golden State,240.000000:00,0.588,0.329,0.209,0.311,0.534,0.42,0.13,0.294
0022200722,1610612764,Wizards,WAS,Washington,240.000000:00,0.459,0.235,0.079,0.246,0.459,0.206,0.136,0.397
0022200722,1610612745,Rockets,HOU,Houston,240.000000:00,0.459,0.206,0.136,0.293,0.459,0.235,0.079,0.311
0022200721,1610612755,76ers,PHI,Philadelphia,240.000000:00,0.622,0.439,0.112,0.275,0.737,0.355,0.163,0.219
0022200721,1610612751,Nets,BKN,Brooklyn,240.000000:00,0.737,0.355,0.163,0.188,0.622,0.439,0.112,0.375
0022200725,1610612760,Thunder,OKC,Oklahoma City,240.000000:00,0.593,0.157,0.11,0.231,0.661,0.393,0.163,0.316
0022200725,1610612737,Hawks,ATL,Atlanta,240.000000:00,0.661,0.393,0.163,0.289,0.593,0.157,0.11,0.269
0022200728,1610612761,Raptors,TOR,Toronto,240.000000:00,0.557,0.072,0.101,0.22,0.568,0.178,0.203,0.154
0022200728,1610612758,Kings,SAC,Sacramento,240.000000:00,0.568,0.178,0.203,0.103,0.557,0.072,0.101,0.36
0022200724,1610612740,Pelicans,NOP,New Orleans,240.000000:00,0.506,0.247,0.148,0.163,0.555,0.341,0.091,0.156
0022200724,1610612750,Timberwolves,MIN,Minnesota,240.000000:00,0.555,0.341,0.091,0.089,0.506,0.247,0.148,0.306
0022200727,1610612762,Jazz,UTA,Utah,240.000000:00,0.633,0.167,0.128,0.178,0.669,0.202,0.099,0.237
0022200727,1610612757,Trail Blazers,POR,Portland,240.000000:00,0.669,0.202,0.099,0.158,0.633,0.167,0.128,0.222
0022200729,1610612759,Spurs,SAS,San Antonio,240.000000:00,0.415,0.17,0.126,0.25,0.5,0.333,0.178,0.346
0022200729,1610612747,Lakers,LAL,Los Angeles,240.000000:00,0.5,0.333,0.178,0.212,0.415,0.17,0.126,0.324
0022200719,1610612747,Lakers,LAL,Los Angeles,240.000000:00,0.526,0.253,0.068,0.155,0.72,0.179,0.152,0.286
0022200719,1610612746,Clippers,LAC,LA,240.000000:00,0.72,0.179,0.152,0.2,0.526,0.253,0.068,0.293
0022200716,1610612740,Pelicans,NOP,New Orleans,240.000000:00,0.476,0.235,0.167,0.292,0.556,0.163,0.132,0.19
0022200716,1610612743,Nuggets,DEN,Denver,240.000000:00,0.556,0.163,0.132,0.167,0.476,0.235,0.167,0.396
0022200718,1610612756,Suns,PHX,Phoenix,240.000000:00,0.617,0.138,0.175,0.319,0.438,0.188,0.13,0.25
0022200718,1610612766,Hornets,CHA,Charlotte,240.000000:00,0.438,0.188,0.13,0.167,0.617,0.138,0.175,0.362
0022200717,1610612764,Wizards,WAS,Washington,240.000000:00,0.572,0.494,0.104,0.136,0.584,0.292,0.089,0.2
0022200717,1610612742,Mavericks,DAL,Dallas,240.000000:00,0.584,0.292,0.089,0.178,0.572,0.494,0.104,0.273
0022200715,1610612752,Knicks,NYK,New York,240.000000:00,0.607,0.28,0.184,0.205,0.529,0.184,0.125,0.26
0022200715,1610612739,Cavaliers,CLE,Cleveland,240.000000:00,0.529,0.184,0.125,0.2,0.607,0.28,0.184,0.25
0022200714,1610612748,Heat,MIA,Miami,240.000000:00,0.426,0.245,0.082,0.226,0.5,0.365,0.174,0.178
0022200714,1610612738,Celtics,BOS,Boston,240.000000:00,0.5,0.365,0.174,0.111,0.426,0.245,0.082,0.339
0022200713,1610612754,Pacers,IND,Indiana,240.000000:00,0.475,0.283,0.076,0.237,0.517,0.284,0.154,0.327
0022200713,1610612741,Bulls,CHI,Chicago,240.000000:00,0.517,0.284,0.154,0.224,0.475,0.283,0.076,0.356
0022200712,1610612758,Kings,SAC,Sacramento,240.000000:00,0.682,0.159,0.229,0.25,0.469,0.102,0.14,0.237
0022200712,1610612763,Grizzlies,MEM,Memphis,240.000000:00,0.469,0.102,0.14,0.169,0.682,0.159,0.229,0.375
0022200708,1610612741,Bulls,CHI,Chicago,240.000000:00,0.521,0.189,0.111,0.283,0.518,0.224,0.184,0.306
0022200708,1610612737,Hawks,ATL,Atlanta,240.000000:00,0.518,0.224,0.184,0.184,0.521,0.189,0.111,0.34
0022200706,1610612749,Bucks,MIL,Milwaukee,240.000000:00,0.679,0.245,0.166,0.283,0.569,0.46,0.176,0.24
0022200706,1610612765,Pistons,DET,Detroit,240.000000:00,0.569,0.46,0.176,0.22,0.679,0.245,0.166,0.326
0022200709,1610612750,Timberwolves,MIN,Minnesota,240.000000:00,0.538,0.242,0.176,0.222,0.563,0.341,0.205,0.388
0022200709,1610612745,Rockets,HOU,Houston,240.000000:00,0.563,0.341,0.205,0.245,0.538,0.242,0.176,0.259
0022200707,1610612753,Magic,ORL,Orlando,240.000000:00,0.577,0.286,0.113,0.182,0.542,0.133,0.184,0.245
0022200707,1610612738,Celtics,BOS,Boston,240.000000:00,0.542,0.133,0.184,0.163,0.577,0.286,0.113,0.273
0022200710,1610612762,Jazz,UTA,Utah,240.000000:00,0.57,0.302,0.153,0.188,0.459,0.4,0.144,0.283
0022200710,1610612766,Hornets,CHA,Charlotte,240.000000:00,0.459,0.4,0.144,0.208,0.57,0.302,0.153,0.271
0022200711,1610612759,Spurs,SAS,San Antonio,240.000000:00,0.594,0.289,0.146,0.298,0.707,0.239,0.096,0.25
0022200711,1610612757,Trail Blazers,POR,Portland,240.000000:00,0.707,0.239,0.096,0.2,0.594,0.289,0.146,0.34
0022200703,1610612756,Suns,PHX,Phoenix,240.000000:00,0.517,0.284,0.155,0.118,0.495,0.293,0.184,0.375
0022200703,1610612763,Grizzlies,MEM,Memphis,240.000000:00,0.495,0.293,0.184,0.268,0.517,0.284,0.155,0.216
0022200704,1610612744,Warriors,GSW,Golden State,240.000000:00,0.528,0.3,0.116,0.196,0.633,0.392,0.161,0.233
0022200704,1610612751,Nets,BKN,Brooklyn,240.000000:00,0.633,0.392,0.161,0.209,0.528,0.3,0.116,0.275
0022200701,1610612746,Clippers,LAC,LA,240.000000:00,0.532,0.403,0.119,0.214,0.519,0.325,0.112,0.26
0022200701,1610612742,Mavericks,DAL,Dallas,240.000000:00,0.519,0.325,0.112,0.24,0.532,0.403,0.119,0.31
0022200702,1610612760,Thunder,OKC,Oklahoma City,240.000000:00,0.489,0.18,0.089,0.28,0.5,0.402,0.094,0.309
0022200702,1610612743,Nuggets,DEN,Denver,240.000000:00,0.5,0.402,0.094,0.182,0.489,0.18,0.089,0.32
0022200705,1610612757,Trail Blazers,POR,Portland,240.000000:00,0.529,0.291,0.122,0.208,0.581,0.314,0.129,0.333
0022200705,1610612747,Lakers,LAL,Los Angeles,240.000000:00,0.581,0.314,0.129,0.222,0.529,0.291,0.122,0.226
0022200699,1610612740,Pelicans,NOP,New Orleans,240.000000:00,0.526,0.231,0.243,0.19,0.488,0.338,0.216,0.306
0022200699,1610612748,Heat,MIA,Miami,240.000000:00,0.488,0.338,0.216,0.245,0.526,0.231,0.243,0.262
0022200700,1610612761,Raptors,TOR,Toronto,240.000000:00,0.539,0.389,0.083,0.321,0.598,0.317,0.176,0.364
0022200700,1610612752,Knicks,NYK,New York,240.000000:00,0.598,0.317,0.176,0.318,0.539,0.389,0.083,0.377
0022200694,1610612766,Hornets,CHA,Charlotte,240.000000:00,0.579,0.247,0.115,0.136,0.608,0.241,0.173,0.171
0022200694,1610612737,Hawks,ATL,Atlanta,240.000000:00,0.608,0.241,0.173,0.146,0.579,0.247,0.115,0.205
0022200696,1610612750,Timberwolves,MIN,Minnesota,240.000000:00,0.56,0.289,0.117,0.064,0.538,0.418,0.227,0.36
0022200696,1610612745,Rockets,HOU,Houston,240.000000:00,0.538,0.418,0.227,0.3,0.56,0.289,0.117,0.106
0022200698,1610612758,Kings,SAC,Sacramento,240.000000:00,0.625,0.345,0.088,0.098,0.591,0.247,0.147,0.422
0022200698,1610612755,76ers,PHI,Philadelphia,240.000000:00,0.591,0.247,0.147,0.356,0.625,0.345,0.088,0.195
0022200695,1610612749,Bucks,MIL,Milwaukee,240.000000:00,0.535,0.128,0.16,0.149,0.599,0.198,0.096,0.268
0022200695,1610612739,Cavaliers,CLE,Cleveland,240.000000:00,0.599,0.198,0.096,0.22,0.535,0.128,0.16,0.298
0022200697,1610612756,Suns,PHX,Phoenix,240.000000:00,0.484,0.385,0.14,0.237,0.443,0.271,0.135,0.306
0022200697,1610612754,Pacers,IND,Indiana,240.000000:00,0.443,0.271,0.135,0.177,0.484,0.385,0.14,0.322
0022200692,1610612761,Raptors,TOR,Toronto,240.000000:00,0.576,0.081,0.144,0.146,0.541,0.176,0.157,0.25
0022200692,1610612738,Celtics,BOS,Boston,240.000000:00,0.541,0.176,0.157,0.229,0.576,0.081,0.144,0.195
0022200693,1610612764,Wizards,WAS,Washington,240.000000:00,0.632,0.263,0.076,0.188,0.544,0.267,0.107,0.24
0022200693,1610612753,Magic,ORL,Orlando,240.000000:00,0.544,0.267,0.107,0.18,0.632,0.263,0.076,0.292
0022200686,1610612748,Heat,MIA,Miami,240.000000:00,0.507,0.391,0.174,0.128,0.575,0.35,0.108,0.244
0022200686,1610612742,Mavericks,DAL,Dallas,240.000000:00,0.575,0.35,0.108,0.222,0.507,0.391,0.174,0.231
0022200690,1610612763,Grizzlies,MEM,Memphis,240.000000:00,0.466,0.392,0.128,0.353,0.478,0.441,0.09,0.3
0022200690,1610612747,Lakers,LAL,Los Angeles,240.000000:00,0.478,0.441,0.09,0.167,0.466,0.392,0.128,0.441
0022200688,1610612754,Pacers,IND,Indiana,240.000000:00,0.488,0.44,0.199,0.314,0.699,0.313,0.179,0.324
0022200688,1610612743,Nuggets,DEN,Denver,240.000000:00,0.699,0.313,0.179,0.324,0.488,0.44,0.199,0.431
0022200691,1610612758,Kings,SAC,Sacramento,240.000000:00,0.54,0.322,0.148,0.271,0.57,0.118,0.091,0.176
0022200691,1610612760,Thunder,OKC,Oklahoma City,240.000000:00,0.57,0.118,0.091,0.157,0.54,0.322,0.148,0.375
0022200687,1610612759,Spurs,SAS,San Antonio,240.000000:00,0.652,0.157,0.078,0.308,0.722,0.247,0.103,0.333
0022200687,1610612746,Clippers,LAC,LA,240.000000:00,0.722,0.247,0.103,0.333,0.652,0.157,0.078,0.385
0022200689,1610612762,Jazz,UTA,Utah,240.000000:00,0.511,0.261,0.114,0.236,0.65,0.25,0.117,0.186
0022200689,1610612751,Nets,BKN,Brooklyn,240.000000:00,0.65,0.25,0.117,0.14,0.511,0.261,0.114,0.309
0022200685,1610612744,Warriors,GSW,Golden State,240.000000:00,0.622,0.221,0.183,0.311,0.583,0.226,0.154,0.256
0022200685,1610612739,Cavaliers,CLE,Cleveland,240.000000:00,0.583,0.226,0.154,0.233,0.622,0.221,0.183,0.378
0022200683,1610612753,Magic,ORL,Orlando,240.000000:00,0.62,0.453,0.15,0.128,0.505,0.264,0.108,0.278
0022200683,1610612740,Pelicans,NOP,New Orleans,240.000000:00,0.505,0.264,0.108,0.204,0.62,0.453,0.15,0.179
0022200684,1610612752,Knicks,NYK,New York,240.000000:00,0.669,0.205,0.128,0.243,0.625,0.16,0.07,0.422
0022200684,1610612737,Hawks,ATL,Atlanta,240.000000:00,0.625,0.16,0.07,0.311,0.669,0.205,0.128,0.27
0022200680,1610612761,Raptors,TOR,Toronto,240.000000:00,0.609,0.31,0.15,0.182,0.601,0.258,0.141,0.311
0022200680,1610612750,Timberwolves,MIN,Minnesota,240.000000:00,0.601,0.258,0.141,0.178,0.609,0.31,0.15,0.295
0022200678,1610612765,Pistons,DET,Detroit,240.000000:00,0.443,0.278,0.156,0.283,0.582,0.228,0.134,0.25
0022200678,1610612741,Bulls,CHI,Chicago,240.000000:00,0.582,0.228,0.134,0.25,0.443,0.278,0.156,0.383
0022200679,1610612744,Warriors,GSW,Golden State,265.000000:00,0.49,0.23,0.135,0.131,0.458,0.278,0.141,0.358
0022200679,1610612738,Celtics,BOS,Boston,265.000000:00,0.458,0.278,0.141,0.269,0.49,0.23,0.135,0.197
0022200682,1610612757,Trail Blazers,POR,Portland,240.000000:00,0.429,0.341,0.159,0.228,0.556,0.235,0.151,0.238
0022200682,1610612755,76ers,PHI,Philadelphia,240.000000:00,0.556,0.235,0.151,0.119,0.429,0.341,0.159,0.333
0022200681,1610612756,Suns,PHX,Phoenix,240.000000:00,0.524,0.482,0.149,0.235,0.591,0.305,0.125,0.114
0022200681,1610612751,Nets,BKN,Brooklyn,240.000000:00,0.591,0.305,0.125,0.045,0.524,0.482,0.149,0.333
0022200675,1610612762,Jazz,UTA,Utah,240.000000:00,0.626,0.253,0.084,0.196,0.484,0.228,0.132,0.368
0022200675,1610612746,Clippers,LAC,LA,240.000000:00,0.484,0.228,0.132,0.281,0.626,0.253,0.084,0.239
0022200677,1610612758,Kings,SAC,Sacramento,240.000000:00,0.546,0.31,0.115,0.298,0.545,0.202,0.071,0.245
0022200677,1610612747,Lakers,LAL,Los Angeles,240.000000:00,0.545,0.202,0.071,0.122,0.546,0.31,0.115,0.319
0022200672,1610612763,Grizzlies,MEM,Memphis,240.000000:00,0.51,0.227,0.08,0.263,0.61,0.256,0.191,0.333
0022200672,1610612739,Cavaliers,CLE,Cleveland,240.000000:00,0.61,0.256,0.191,0.244,0.51,0.227,0.08,0.368
0022200671,1610612745,Rockets,HOU,Houston,240.000000:00,0.56,0.22,0.186,0.261,0.547,0.26,0.094,0.25
0022200671,1610612766,Hornets,CHA,Charlotte,240.000000:00,0.547,0.26,0.094,0.212,0.56,0.22,0.186,0.348
0022200673,1610612740,Pelicans,NOP,New Orleans,240.000000:00,0.544,0.225,0.186,0.188,0.596,0.17,0.108,0.348
0022200673,1610612748,Heat,MIA,Miami,240.000000:00,0.596,0.17,0.108,0.217,0.544,0.225,0.186,0.25
0022200670,1610612742,Mavericks,DAL,Dallas,240.000000:00,0.619,0.286,0.159,0.233,0.645,0.233,0.12,0.324
0022200670,1610612737,Hawks,ATL,Atlanta,240.000000:00,0.645,0.233,0.12,0.189,0.619,0.286,0.159,0.326
0022200676,1610612750,Timberwolves,MIN,Minnesota,240.000000:00,0.593,0.346,0.189,0.279,0.576,0.376,0.149,0.386
0022200676,1610612743,Nuggets,DEN,Denver,240.000000:00,0.576,0.376,0.149,0.182,0.593,0.346,0.189,0.326
0022200669,1610612764,Wizards,WAS,Washington,240.000000:00,0.526,0.2,0.141,0.327,0.453,0.281,0.093,0.349
0022200669,1610612752,Knicks,NYK,New York,240.000000:00,0.453,0.281,0.093,0.317,0.526,0.2,0.141,0.455
0022200674,1610612760,Thunder,OKC,Oklahoma City,240.000000:00,0.591,0.226,0.176,0.265,0.479,0.255,0.221,0.466
0022200674,1610612754,Pacers,IND,Indiana,240.000000:00,0.479,0.255,0.221,0.345,0.591,0.226,0.176,0.327
0022200668,1610612755,76ers,PHI,Philadelphia,240.000000:00,0.623,0.466,0.158,0.222,0.573,0.244,0.187,0.372
0022200668,1610612746,Clippers,LAC,LA,240.000000:00,0.573,0.244,0.187,0.186,0.623,0.466,0.158,0.278
0022200666,1610612759,Spurs,SAS,San Antonio,240.000000:00,0.418,0.289,0.142,0.213,0.438,0.273,0.192,0.212
0022200666,1610612751,Nets,BKN,Brooklyn,240.000000:00,0.438,0.273,0.192,0.192,0.418,0.289,0.142,0.344
0022200665,1610612761,Raptors,TOR,Toronto,240.000000:00,0.52,0.267,0.088,0.333,0.645,0.244,0.119,0.244
0022200665,1610612749,Bucks,MIL,Milwaukee,240.000000:00,0.645,0.244,0.119,0.146,0.52,0.267,0.088,0.383
0022200667,1610612757,Trail Blazers,POR,Portland,240.000000:00,0.536,0.301,0.127,0.111,0.563,0.318,0.118,0.34
0022200667,1610612743,Nuggets,DEN,Denver,240.000000:00,0.563,0.318,0.118,0.234,0.536,0.301,0.127,0.222
0022200662,1610612762,Jazz,UTA,Utah,240.000000:00,0.613,0.333,0.179,0.333,0.545,0.178,0.061,0.351
0022200662,1610612750,Timberwolves,MIN,Minnesota,240.000000:00,0.545,0.178,0.061,0.281,0.613,0.333,0.179,0.405
0022200664,1610612747,Lakers,LAL,Los Angeles,240.000000:00,0.604,0.385,0.02,0.205,0.545,0.31,0.076,0.418
0022200664,1610612745,Rockets,HOU,Houston,240.000000:00,0.545,0.31,0.076,0.309,0.604,0.385,0.02,0.25
0022200661,1610612748,Heat,MIA,Miami,240.000000:00,0.528,0.225,0.157,0.261,0.678,0.289,0.161,0.114
0022200661,1610612737,Hawks,ATL,Atlanta,240.000000:00,0.678,0.289,0.161,0.057,0.528,0.225,0.157,0.348
0022200656,1610612766,Hornets,CHA,Charlotte,240.000000:00,0.528,0.333,0.053,0.255,0.609,0.287,0.125,0.386
0022200656,1610612738,Celtics,BOS,Boston,240.000000:00,0.609,0.287,0.125,0.318,0.528,0.333,0.053,0.294
0022200658,1610612740,Pelicans,NOP,New Orleans,240.000000:00,0.573,0.293,0.172,0.075,0.544,0.413,0.155,0.341
0022200658,1610612739,Cavaliers,CLE,Cleveland,240.000000:00,0.544,0.413,0.155,0.295,0.573,0.293,0.172,0.175
0022200657,1610612749,Bucks,MIL,Milwaukee,240.000000:00,0.654,0.165,0.136,0.2,0.625,0.179,0.156,0.119
0022200657,1610612754,Pacers,IND,Indiana,240.000000:00,0.625,0.179,0.156,0.095,0.654,0.165,0.136,0.267
0022200660,1610612764,Wizards,WAS,Washington,240.000000:00,0.57,0.267,0.134,0.136,0.593,0.231,0.116,0.217
0022200660,1610612744,Warriors,GSW,Golden State,240.000000:00,0.593,0.231,0.116,0.196,0.57,0.267,0.134,0.205
0022200659,1610612761,Raptors,TOR,Toronto,265.000000:00,0.464,0.427,0.057,0.226,0.47,0.354,0.113,0.443
0022200659,1610612752,Knicks,NYK,New York,265.000000:00,0.47,0.354,0.113,0.328,0.464,0.427,0.057,0.371
0022200663,1610612756,Suns,PHX,Phoenix,240.000000:00,0.494,0.213,0.145,0.176,0.612,0.204,0.105,0.327
0022200663,1610612763,Grizzlies,MEM,Memphis,240.000000:00,0.612,0.204,0.105,0.265,0.494,0.213,0.145,0.235
0022200649,1610612746,Clippers,LAC,LA,240.000000:00,0.602,0.239,0.165,0.244,0.494,0.274,0.192,0.26
0022200649,1610612745,Rockets,HOU,Houston,240.000000:00,0.494,0.274,0.192,0.2,0.602,0.239,0.165,0.289
0022200648,1610612752,Knicks,NYK,New York,240.000000:00,0.523,0.352,0.087,0.353,0.554,0.181,0.13,0.229
0022200648,1610612765,Pistons,DET,Detroit,240.000000:00,0.554,0.181,0.13,0.188,0.523,0.352,0.087,0.373
0022200653,1610612753,Magic,ORL,Orlando,240.000000:00,0.53,0.405,0.128,0.222,0.612,0.213,0.158,0.333
0022200653,1610612743,Nuggets,DEN,Denver,240.000000:00,0.612,0.213,0.158,0.267,0.53,0.405,0.128,0.311
0022200655,1610612755,76ers,PHI,Philadelphia,240.000000:00,0.576,0.224,0.102,0.114,0.586,0.149,0.11,0.146
0022200655,1610612747,Lakers,LAL,Los Angeles,240.000000:00,0.586,0.149,0.11,0.098,0.576,0.224,0.102,0.205
0022200652,1610612759,Spurs,SAS,San Antonio,240.000000:00,0.57,0.215,0.099,0.22,0.629,0.281,0.061,0.233
0022200652,1610612758,Kings,SAC,Sacramento,240.000000:00,0.629,0.281,0.061,0.163,0.57,0.215,0.099,0.32
0022200650,1610612744,Warriors,GSW,Golden State,240.000000:00,0.62,0.265,0.212,0.152,0.584,0.253,0.092,0.213
0022200650,1610612741,Bulls,CHI,Chicago,240.000000:00,0.584,0.253,0.092,0.149,0.62,0.265,0.212,0.217
0022200651,1610612760,Thunder,OKC,Oklahoma City,240.000000:00,0.511,0.289,0.091,0.212,0.495,0.209,0.158,0.298
0022200651,1610612751,Nets,BKN,Brooklyn,240.000000:00,0.495,0.209,0.158,0.246,0.511,0.289,0.091,0.269
0022200654,1610612757,Trail Blazers,POR,Portland,240.000000:00,0.606,0.494,0.077,0.186,0.539,0.371,0.09,0.3
0022200654,1610612742,Mavericks,DAL,Dallas,240.000000:00,0.539,0.371,0.09,0.26,0.606,0.494,0.077,0.302
0022200646,1610612762,Jazz,UTA,Utah,240.000000:00,0.544,0.256,0.118,0.208,0.545,0.292,0.08,0.216
0022200646,1610612755,76ers,PHI,Philadelphia,240.000000:00,0.545,0.292,0.08,0.176,0.544,0.256,0.118,0.333
0022200641,1610612749,Bucks,MIL,Milwaukee,240.000000:00,0.518,0.143,0.108,0.137,0.58,0.138,0.122,0.326
0022200641,1610612748,Heat,MIA,Miami,240.000000:00,0.58,0.138,0.122,0.302,0.518,0.143,0.108,0.216
0022200643,1610612763,Grizzlies,MEM,Memphis,240.000000:00,0.621,0.322,0.148,0.167,0.422,0.272,0.168,0.369
0022200643,1610612754,Pacers,IND,Indiana,240.000000:00,0.422,0.272,0.168,0.246,0.621,0.322,0.148,0.19
0022200642,1610612766,Hornets,CHA,Charlotte,240.000000:00,0.511,0.216,0.113,0.213,0.571,0.101,0.073,0.283
0022200642,1610612738,Celtics,BOS,Boston,240.000000:00,0.571,0.101,0.073,0.264,0.511,0.216,0.113,0.234
0022200647,1610612757,Trail Blazers,POR,Portland,240.000000:00,0.653,0.25,0.12,0.25,0.659,0.232,0.111,0.091
0022200647,1610612742,Mavericks,DAL,Dallas,240.000000:00,0.659,0.232,0.111,0.045,0.653,0.25,0.12,0.325
0022200644,1610612761,Raptors,TOR,Toronto,240.000000:00,0.454,0.345,0.136,0.208,0.577,0.214,0.121,0.167
0022200644,1610612737,Hawks,ATL,Atlanta,240.000000:00,0.577,0.214,0.121,0.119,0.454,0.345,0.136,0.34
0022200645,1610612750,Timberwolves,MIN,Minnesota,240.000000:00,0.619,0.188,0.154,0.105,0.539,0.303,0.187,0.225
0022200645,1610612739,Cavaliers,CLE,Cleveland,240.000000:00,0.539,0.303,0.187,0.2,0.619,0.188,0.154,0.158
0022200638,1610612762,Jazz,UTA,Utah,240.000000:00,0.5,0.482,0.223,0.34,0.51,0.167,0.14,0.237
0022200638,1610612753,Magic,ORL,Orlando,240.000000:00,0.51,0.167,0.14,0.186,0.5,0.482,0.223,0.38
0022200636,1610612760,Thunder,OKC,Oklahoma City,240.000000:00,0.571,0.239,0.109,0.255,0.518,0.282,0.158,0.271
0022200636,1610612741,Bulls,CHI,Chicago,240.000000:00,0.518,0.282,0.158,0.208,0.571,0.239,0.109,0.319
0022200640,1610612758,Kings,SAC,Sacramento,240.000000:00,0.663,0.337,0.142,0.35,0.538,0.275,0.143,0.345
0022200640,1610612745,Rockets,HOU,Houston,240.000000:00,0.538,0.275,0.143,0.218,0.663,0.337,0.142,0.4
0022200637,1610612756,Suns,PHX,Phoenix,240.000000:00,0.558,0.279,0.178,0.2,0.578,0.222,0.137,0.244
0022200637,1610612750,Timberwolves,MIN,Minnesota,240.000000:00,0.578,0.222,0.137,0.089,0.558,0.279,0.178,0.244
0022200639,1610612746,Clippers,LAC,LA,240.000000:00,0.529,0.161,0.127,0.234,0.585,0.305,0.117,0.244
0022200639,1610612743,Nuggets,DEN,Denver,240.000000:00,0.585,0.305,0.117,0.222,0.529,0.161,0.127,0.298
0022200634,1610612764,Wizards,WAS,Washington,240.000000:00,0.457,0.28,0.08,0.203,0.489,0.337,0.071,0.309
0022200634,1610612752,Knicks,NYK,New York,240.000000:00,0.489,0.337,0.071,0.255,0.457,0.28,0.08,0.288
0022200635,1610612759,Spurs,SAS,San Antonio,240.000000:00,0.5,0.386,0.135,0.132,0.634,0.198,0.117,0.277
0022200635,1610612744,Warriors,GSW,Golden State,240.000000:00,0.634,0.198,0.117,0.255,0.5,0.386,0.135,0.189
0022200633,1610612754,Pacers,IND,Indiana,240.000000:00,0.431,0.287,0.112,0.297,0.521,0.223,0.136,0.364
0022200633,1610612737,Hawks,ATL,Atlanta,240.000000:00,0.521,0.223,0.136,0.255,0.431,0.287,0.112,0.406
0022200632,1610612740,Pelicans,NOP,New Orleans,240.000000:00,0.552,0.349,0.157,0.167,0.517,0.267,0.122,0.157
0022200632,1610612765,Pistons,DET,Detroit,240.000000:00,0.517,0.267,0.122,0.137,0.552,0.349,0.157,0.25
0022200627,1610612738,Celtics,BOS,Boston,240.000000:00,0.547,0.198,0.147,0.261,0.53,0.131,0.124,0.17
0022200627,1610612751,Nets,BKN,Brooklyn,240.000000:00,0.53,0.131,0.124,0.085,0.547,0.198,0.147,0.326
0022200626,1610612755,76ers,PHI,Philadelphia,240.000000:00,0.506,0.307,0.158,0.18,0.593,0.384,0.103,0.233
0022200626,1610612760,Thunder,OKC,Oklahoma City,240.000000:00,0.593,0.384,0.103,0.116,0.506,0.307,0.158,0.26
0022200629,1610612761,Raptors,TOR,Toronto,240.000000:00,0.578,0.434,0.09,0.186,0.617,0.351,0.216,0.341
0022200629,1610612766,Hornets,CHA,Charlotte,240.000000:00,0.617,0.351,0.216,0.22,0.578,0.434,0.09,0.233
0022200631,1610612757,Trail Blazers,POR,Portland,240.000000:00,0.583,0.372,0.165,0.122,0.534,0.348,0.108,0.286
0022200631,1610612739,Cavaliers,CLE,Cleveland,240.000000:00,0.534,0.348,0.108,0.245,0.583,0.372,0.165,0.171
0022200628,1610612749,Bucks,MIL,Milwaukee,240.000000:00,0.529,0.172,0.114,0.145,0.489,0.168,0.134,0.377
0022200628,1610612748,Heat,MIA,Miami,240.000000:00,0.489,0.168,0.134,0.34,0.529,0.172,0.114,0.2
0022200630,1610612747,Lakers,LAL,Los Angeles,290.000000:00,0.438,0.241,0.083,0.192,0.573,0.177,0.159,0.1
0022200630,1610612742,Mavericks,DAL,Dallas,290.000000:00,0.573,0.177,0.159,0.06,0.438,0.241,0.083,0.233
0022200618,1610612750,Timberwolves,MIN,Minnesota,240.000000:00,0.58,0.239,0.184,0.265,0.706,0.35,0.166,0.265
0022200618,1610612765,Pistons,DET,Detroit,240.000000:00,0.706,0.35,0.166,0.206,0.58,0.239,0.184,0.347
0022200621,1610612740,Pelicans,NOP,New Orleans,240.000000:00,0.58,0.195,0.09,0.089,0.566,0.275,0.09,0.271
0022200621,1610612738,Celtics,BOS,Boston,240.000000:00,0.566,0.275,0.09,0.229,0.58,0.195,0.09,0.089
0022200624,1610612756,Suns,PHX,Phoenix,240.000000:00,0.483,0.156,0.198,0.288,0.653,0.247,0.112,0.286
0022200624,1610612743,Nuggets,DEN,Denver,240.000000:00,0.653,0.247,0.112,0.167,0.483,0.156,0.198,0.385
0022200623,1610612759,Spurs,SAS,San Antonio,240.000000:00,0.519,0.215,0.107,0.288,0.584,0.248,0.128,0.377
0022200623,1610612763,Grizzlies,MEM,Memphis,240.000000:00,0.584,0.248,0.128,0.321,0.519,0.215,0.107,0.322
0022200625,1610612758,Kings,SAC,Sacramento,240.000000:00,0.58,0.33,0.084,0.17,0.542,0.177,0.128,0.259
0022200625,1610612745,Rockets,HOU,Houston,240.000000:00,0.542,0.177,0.128,0.148,0.58,0.33,0.084,0.245
0022200622,1610612752,Knicks,NYK,New York,240.000000:00,0.542,0.393,0.148,0.25,0.544,0.233,0.125,0.18
0022200622,1610612754,Pacers,IND,Indiana,240.000000:00,0.544,0.233,0.125,0.16,0.542,0.393,0.148,0.292
0022200620,1610612749,Bucks,MIL,Milwaukee,240.000000:00,0.551,0.112,0.11,0.25,0.511,0.207,0.11,0.12
0022200620,1610612737,Hawks,ATL,Atlanta,240.000000:00,0.511,0.207,0.11,0.12,0.551,0.112,0.11,0.286
0022200619,1610612764,Wizards,WAS,Washington,240.000000:00,0.506,0.256,0.185,0.255,0.517,0.102,0.125,0.18
0022200619,1610612741,Bulls,CHI,Chicago,240.000000:00,0.517,0.102,0.125,0.16,0.506,0.256,0.185,0.277
0022200614,1610612762,Jazz,UTA,Utah,240.000000:00,0.494,0.425,0.153,0.288,0.522,0.267,0.051,0.18
0022200614,1610612739,Cavaliers,CLE,Cleveland,240.000000:00,0.522,0.267,0.051,0.14,0.494,0.425,0.153,0.385
0022200617,1610612746,Clippers,LAC,LA,240.000000:00,0.523,0.349,0.103,0.235,0.522,0.522,0.128,0.209
0022200617,1610612742,Mavericks,DAL,Dallas,240.000000:00,0.522,0.522,0.128,0.07,0.523,0.349,0.103,0.353
0022200612,1610612755,76ers,PHI,Philadelphia,240.000000:00,0.669,0.337,0.171,0.278,0.483,0.404,0.097,0.164
0022200612,1610612765,Pistons,DET,Detroit,240.000000:00,0.483,0.404,0.097,0.055,0.669,0.337,0.171,0.361
0022200611,1610612760,Thunder,OKC,Oklahoma City,240.000000:00,0.533,0.231,0.181,0.286,0.456,0.506,0.193,0.354
0022200611,1610612748,Heat,MIA,Miami,240.000000:00,0.456,0.506,0.193,0.271,0.533,0.231,0.181,0.408
0022200616,1610612757,Trail Blazers,POR,Portland,240.000000:00,0.517,0.218,0.171,0.289,0.571,0.321,0.162,0.25
0022200616,1610612753,Magic,ORL,Orlando,240.000000:00,0.571,0.321,0.162,0.15,0.517,0.218,0.171,0.356
0022200615,1610612756,Suns,PHX,Phoenix,240.000000:00,0.533,0.344,0.206,0.38,0.479,0.281,0.156,0.311
0022200615,1610612744,Warriors,GSW,Golden State,240.000000:00,0.479,0.281,0.156,0.262,0.533,0.344,0.206,0.4
0022200613,1610612761,Raptors,TOR,Toronto,240.000000:00,0.604,0.297,0.115,0.375,0.634,0.174,0.104,0.214
0022200613,1610612766,Hornets,CHA,Charlotte,240.000000:00,0.634,0.174,0.104,0.143,0.604,0.297,0.115,0.396
0022200605,1610612764,Wizards,WAS,Washington,240.000000:00,0.598,0.22,0.194,0.167,0.581,0.333,0.096,0.34
0022200605,1610612740,Pelicans,NOP,New Orleans,240.000000:00,0.581,0.333,0.096,0.255,0.598,0.22,0.194,0.214
0022200608,1610612759,Spurs,SAS,San Antonio,240.000000:00,0.51,0.165,0.132,0.218,0.555,0.385,0.128,0.327
0022200608,1610612763,Grizzlies,MEM,Memphis,240.000000:00,0.555,0.385,0.128,0.212,0.51,0.165,0.132,0.255
0022200610,1610612758,Kings,SAC,Sacramento,240.000000:00,0.655,0.124,0.108,0.239,0.533,0.222,0.126,0.235
0022200610,1610612753,Magic,ORL,Orlando,240.000000:00,0.533,0.222,0.126,0.176,0.655,0.124,0.108,0.261
0022200606,1610612741,Bulls,CHI,Chicago,240.000000:00,0.523,0.163,0.085,0.12,0.5,0.241,0.094,0.22
0022200606,1610612738,Celtics,BOS,Boston,240.000000:00,0.5,0.241,0.094,0.18,0.523,0.163,0.085,0.14
0022200607,1610612752,Knicks,NYK,New York,240.000000:00,0.435,0.22,0.071,0.286,0.545,0.202,0.142,0.327
0022200607,1610612749,Bucks,MIL,Milwaukee,240.000000:00,0.545,0.202,0.142,0.231,0.435,0.22,0.071,0.365
0022200609,1610612747,Lakers,LAL,Los Angeles,240.000000:00,0.484,0.269,0.131,0.2,0.54,0.172,0.155,0.315
0022200609,1610612743,Nuggets,DEN,Denver,240.000000:00,0.54,0.172,0.155,0.259,0.484,0.269,0.131,0.2
0022200603,1610612756,Suns,PHX,Phoenix,240.000000:00,0.524,0.131,0.162,0.125,0.647,0.218,0.145,0.162
0022200603,1610612739,Cavaliers,CLE,Cleveland,240.000000:00,0.647,0.218,0.145,0.081,0.524,0.131,0.162,0.208
0022200598,1610612754,Pacers,IND,Indiana,240.000000:00,0.511,0.379,0.146,0.151,0.494,0.307,0.172,0.321
0022200598,1610612766,Hornets,CHA,Charlotte,240.000000:00,0.494,0.307,0.172,0.245,0.511,0.379,0.146,0.264
0022200601,1610612750,Timberwolves,MIN,Minnesota,240.000000:00,0.538,0.275,0.191,0.205,0.489,0.169,0.193,0.316
0022200601,1610612745,Rockets,HOU,Houston,240.000000:00,0.489,0.169,0.193,0.211,0.538,0.275,0.191,0.273
0022200602,1610612760,Thunder,OKC,Oklahoma City,240.000000:00,0.547,0.211,0.081,0.255,0.521,0.575,0.135,0.234
0022200602,1610612742,Mavericks,DAL,Dallas,240.000000:00,0.521,0.575,0.135,0.17,0.547,0.211,0.081,0.314
0022200599,1610612748,Heat,MIA,Miami,240.000000:00,0.484,0.185,0.126,0.281,0.592,0.197,0.199,0.282
0022200599,1610612751,Nets,BKN,Brooklyn,240.000000:00,0.592,0.197,0.199,0.154,0.484,0.185,0.126,0.351
0022200596,1610612755,76ers,PHI,Philadelphia,240.000000:00,0.548,0.245,0.134,0.28,0.552,0.207,0.213,0.311
0022200596,1610612765,Pistons,DET,Detroit,240.000000:00,0.552,0.207,0.213,0.222,0.548,0.245,0.134,0.32
0022200604,1610612746,Clippers,LAC,LA,240.000000:00,0.442,0.326,0.112,0.35,0.539,0.225,0.09,0.167
0022200604,1610612737,Hawks,ATL,Atlanta,240.000000:00,0.539,0.225,0.09,0.146,0.442,0.326,0.112,0.367
0022200600,1610612762,Jazz,UTA,Utah,240.000000:00,0.568,0.25,0.19,0.178,0.525,0.216,0.092,0.305
0022200600,1610612763,Grizzlies,MEM,Memphis,240.000000:00,0.525,0.216,0.092,0.22,0.568,0.25,0.19,0.289
0022200597,1610612761,Raptors,TOR,Toronto,240.000000:00,0.505,0.319,0.099,0.245,0.507,0.487,0.226,0.318
0022200597,1610612757,Trail Blazers,POR,Portland,240.000000:00,0.507,0.487,0.226,0.227,0.505,0.319,0.099,0.302
0022200593,1610612740,Pelicans,NOP,New Orleans,240.000000:00,0.505,0.372,0.121,0.273,0.655,0.514,0.165,0.194
0022200593,1610612742,Mavericks,DAL,Dallas,240.000000:00,0.655,0.514,0.165,0.139,0.505,0.372,0.121,0.364
0022200594,1610612753,Magic,ORL,Orlando,240.000000:00,0.58,0.276,0.108,0.143,0.477,0.239,0.156,0.276
0022200594,1610612744,Warriors,GSW,Golden State,240.000000:00,0.477,0.239,0.156,0.19,0.58,0.276,0.108,0.184
0022200591,1610612759,Spurs,SAS,San Antonio,240.000000:00,0.525,0.14,0.121,0.226,0.574,0.189,0.129,0.231
0022200591,1610612738,Celtics,BOS,Boston,240.000000:00,0.574,0.189,0.129,0.154,0.525,0.14,0.121,0.302
0022200592,1610612762,Jazz,UTA,Utah,240.000000:00,0.559,0.194,0.096,0.143,0.608,0.386,0.1,0.182
0022200592,1610612741,Bulls,CHI,Chicago,240.000000:00,0.608,0.386,0.1,0.159,0.559,0.194,0.096,0.224
0022200595,1610612758,Kings,SAC,Sacramento,240.000000:00,0.605,0.43,0.136,0.283,0.665,0.402,0.164,0.333
0022200595,1610612747,Lakers,LAL,Los Angeles,240.000000:00,0.665,0.402,0.164,0.278,0.605,0.43,0.136,0.37
0022200589,1610612756,Suns,PHX,Phoenix,240.000000:00,0.451,0.305,0.141,0.167,0.5,0.397,0.13,0.174
0022200589,1610612748,Heat,MIA,Miami,240.000000:00,0.5,0.397,0.13,0.109,0.451,0.305,0.141,0.25
0022200582,1610612761,Raptors,TOR,Toronto,240.000000:00,0.482,0.422,0.075,0.226,0.566,0.313,0.138,0.32
0022200582,1610612752,Knicks,NYK,New York,240.000000:00,0.566,0.313,0.138,0.26,0.482,0.422,0.075,0.245
0022200584,1610612764,Wizards,WAS,Washington,240.000000:00,0.525,0.456,0.193,0.239,0.597,0.143,0.097,0.26
0022200584,1610612760,Thunder,OKC,Oklahoma City,240.000000:00,0.597,0.143,0.097,0.22,0.525,0.456,0.193,0.304
0022200580,1610612757,Trail Blazers,POR,Portland,240.000000:00,0.452,0.181,0.167,0.211,0.494,0.333,0.132,0.146
0022200580,1610612754,Pacers,IND,Indiana,240.000000:00,0.494,0.333,0.132,0.083,0.452,0.181,0.167,0.263
0022200583,1610612749,Bucks,MIL,Milwaukee,240.000000:00,0.56,0.286,0.171,0.231,0.618,0.186,0.049,0.308
0022200583,1610612766,Hornets,CHA,Charlotte,240.000000:00,0.618,0.186,0.049,0.25,0.56,0.286,0.171,0.269
0022200581,1610612755,76ers,PHI,Philadelphia,240.000000:00,0.533,0.196,0.074,0.226,0.69,0.202,0.126,0.231
0022200581,1610612741,Bulls,CHI,Chicago,240.000000:00,0.69,0.202,0.126,0.205,0.533,0.196,0.074,0.264
0022200585,1610612759,Spurs,SAS,San Antonio,240.000000:00,0.611,0.321,0.174,0.184,0.532,0.183,0.158,0.302
0022200585,1610612765,Pistons,DET,Detroit,240.000000:00,0.532,0.183,0.158,0.283,0.611,0.321,0.174,0.289
0022200586,1610612740,Pelicans,NOP,New Orleans,240.000000:00,0.466,0.284,0.158,0.255,0.524,0.235,0.134,0.245
0022200586,1610612751,Nets,BKN,Brooklyn,240.000000:00,0.524,0.235,0.134,0.204,0.466,0.284,0.158,0.364
0022200590,1610612747,Lakers,LAL,Los Angeles,240.000000:00,0.634,0.172,0.162,0.159,0.505,0.229,0.108,0.182
0022200590,1610612737,Hawks,ATL,Atlanta,240.000000:00,0.505,0.229,0.108,0.127,0.634,0.172,0.162,0.227
0022200588,1610612743,Nuggets,DEN,Denver,240.000000:00,0.636,0.284,0.152,0.317,0.511,0.364,0.077,0.357
0022200588,1610612739,Cavaliers,CLE,Cleveland,240.000000:00,0.511,0.364,0.077,0.321,0.636,0.284,0.152,0.415
0022200587,1610612750,Timberwolves,MIN,Minnesota,240.000000:00,0.648,0.358,0.193,0.263,0.485,0.27,0.096,0.361
0022200587,1610612746,Clippers,LAC,LA,240.000000:00,0.485,0.27,0.096,0.295,0.648,0.358,0.193,0.342
0022200579,1610612746,Clippers,LAC,LA,240.000000:00,0.401,0.275,0.078,0.131,0.584,0.236,0.12,0.277
0022200579,1610612743,Nuggets,DEN,Denver,240.000000:00,0.584,0.236,0.12,0.213,0.401,0.275,0.078,0.213
0022200576,1610612753,Magic,ORL,Orlando,240.000000:00,0.53,0.357,0.109,0.143,0.587,0.25,0.123,0.292
0022200576,1610612763,Grizzlies,MEM,Memphis,240.000000:00,0.587,0.25,0.123,0.188,0.53,0.357,0.109,0.184
0022200578,1610612762,Jazz,UTA,Utah,240.000000:00,0.597,0.226,0.079,0.191,0.495,0.283,0.144,0.327
0022200578,1610612745,Rockets,HOU,Houston,240.000000:00,0.495,0.283,0.144,0.255,0.597,0.226,0.079,0.213
0022200577,1610612742,Mavericks,DAL,Dallas,240.000000:00,0.417,0.278,0.109,0.19,0.583,0.369,0.112,0.244
0022200577,1610612738,Celtics,BOS,Boston,240.000000:00,0.583,0.369,0.112,0.222,0.417,0.278,0.109,0.241
0022200574,1610612748,Heat,MIA,Miami,240.000000:00,0.495,0.221,0.126,0.255,0.543,0.37,0.166,0.279
0022200574,1610612747,Lakers,LAL,Los Angeles,240.000000:00,0.543,0.37,0.166,0.209,0.495,0.221,0.126,0.345
0022200564,1610612763,Grizzlies,MEM,Memphis,240.000000:00,0.548,0.394,0.124,0.216,0.463,0.255,0.113,0.172
0022200564,1610612766,Hornets,CHA,Charlotte,240.000000:00,0.463,0.255,0.113,0.172,0.548,0.394,0.124,0.314
0022200567,1610612755,76ers,PHI,Philadelphia,265.000000:00,0.561,0.224,0.105,0.269,0.542,0.274,0.122,0.353
0022200567,1610612754,Pacers,IND,Indiana,265.000000:00,0.542,0.274,0.122,0.255,0.561,0.224,0.105,0.327
0022200569,1610612761,Raptors,TOR,Toronto,265.000000:00,0.366,0.172,0.075,0.173,0.472,0.341,0.241,0.316
0022200569,1610612749,Bucks,MIL,Milwaukee,265.000000:00,0.472,0.341,0.241,0.228,0.366,0.172,0.075,0.259
0022200573,1610612744,Warriors,GSW,Golden State,240.000000:00,0.603,0.172,0.142,0.214,0.576,0.25,0.099,0.286
0022200573,1610612765,Pistons,DET,Detroit,240.000000:00,0.576,0.25,0.099,0.224,0.603,0.172,0.142,0.238
0022200572,1610612740,Pelicans,NOP,New Orleans,240.000000:00,0.539,0.292,0.149,0.3,0.511,0.307,0.129,0.283
0022200572,1610612745,Rockets,HOU,Houston,240.000000:00,0.511,0.307,0.129,0.226,0.539,0.292,0.149,0.36
0022200575,1610612758,Kings,SAC,Sacramento,240.000000:00,0.523,0.307,0.109,0.208,0.595,0.262,0.156,0.22
0022200575,1610612737,Hawks,ATL,Atlanta,240.000000:00,0.595,0.262,0.156,0.171,0.523,0.307,0.109,0.229
0022200571,1610612757,Trail Blazers,POR,Portland,240.000000:00,0.5,0.56,0.181,0.255,0.572,0.474,0.152,0.333
0022200571,1610612750,Timberwolves,MIN,Minnesota,240.000000:00,0.572,0.474,0.152,0.19,0.5,0.56,0.181,0.362
0022200570,1610612741,Bulls,CHI,Chicago,240.000000:00,0.58,0.358,0.162,0.154,0.527,0.231,0.104,0.118
0022200570,1610612751,Nets,BKN,Brooklyn,240.000000:00,0.527,0.231,0.104,0.098,0.58,0.358,0.162,0.205
0022200566,1610612753,Magic,ORL,Orlando,240.000000:00,0.599,0.444,0.169,0.31,0.489,0.348,0.088,0.278
0022200566,1610612760,Thunder,OKC,Oklahoma City,240.000000:00,0.489,0.348,0.088,0.167,0.599,0.444,0.169,0.357
0022200565,1610612756,Suns,PHX,Phoenix,240.000000:00,0.457,0.222,0.156,0.154,0.461,0.299,0.158,0.196
0022200565,1610612739,Cavaliers,CLE,Cleveland,240.000000:00,0.461,0.299,0.158,0.137,0.457,0.222,0.156,0.212
0022200568,1610612759,Spurs,SAS,San Antonio,240.000000:00,0.567,0.317,0.168,0.2,0.532,0.277,0.133,0.415
0022200568,1610612752,Knicks,NYK,New York,240.000000:00,0.532,0.277,0.133,0.264,0.567,0.317,0.168,0.222
0022200561,1610612764,Wizards,WAS,Washington,240.000000:00,0.474,0.237,0.097,0.255,0.535,0.17,0.115,0.346
0022200561,1610612749,Bucks,MIL,Milwaukee,240.000000:00,0.535,0.17,0.115,0.288,0.474,0.237,0.097,0.309
0022200563,1610612762,Jazz,UTA,Utah,240.000000:00,0.506,0.33,0.153,0.235,0.587,0.209,0.172,0.238
0022200563,1610612758,Kings,SAC,Sacramento,240.000000:00,0.587,0.209,0.172,0.167,0.506,0.33,0.153,0.314
0022200562,1610612760,Thunder,OKC,Oklahoma City,240.000000:00,0.694,0.224,0.116,0.205,0.523,0.352,0.158,0.26
0022200562,1610612738,Celtics,BOS,Boston,240.000000:00,0.523,0.352,0.158,0.22,0.694,0.224,0.116,0.341
0022200552,1610612739,Cavaliers,CLE,Cleveland,265.000000:00,0.609,0.489,0.092,0.25,0.547,0.358,0.063,0.235
0022200552,1610612741,Bulls,CHI,Chicago,265.000000:00,0.547,0.358,0.063,0.118,0.609,0.489,0.092,0.269
0022200559,1610612757,Trail Blazers,POR,Portland,240.000000:00,0.655,0.417,0.162,0.133,0.451,0.5,0.187,0.235
0022200559,1610612765,Pistons,DET,Detroit,240.000000:00,0.451,0.5,0.187,0.176,0.655,0.417,0.162,0.156
0022200551,1610612747,Lakers,LAL,Los Angeles,240.000000:00,0.538,0.323,0.134,0.167,0.511,0.312,0.125,0.193
0022200551,1610612766,Hornets,CHA,Charlotte,240.000000:00,0.511,0.312,0.125,0.14,0.538,0.323,0.134,0.222
0022200558,1610612744,Warriors,GSW,Golden State,290.000000:00,0.525,0.198,0.149,0.324,0.537,0.266,0.104,0.207
0022200558,1610612737,Hawks,ATL,Atlanta,290.000000:00,0.537,0.266,0.104,0.172,0.525,0.198,0.149,0.366
0022200550,1610612756,Suns,PHX,Phoenix,240.000000:00,0.448,0.08,0.086,0.093,0.574,0.338,0.091,0.238
0022200550,1610612752,Knicks,NYK,New York,240.000000:00,0.574,0.338,0.091,0.119,0.448,0.08,0.086,0.222
0022200556,1610612745,Rockets,HOU,Houston,240.000000:00,0.518,0.354,0.103,0.167,0.5,0.42,0.083,0.2
0022200556,1610612742,Mavericks,DAL,Dallas,240.000000:00,0.5,0.42,0.083,0.16,0.518,0.354,0.103,0.208
0022200554,1610612755,76ers,PHI,Philadelphia,240.000000:00,0.564,0.326,0.099,0.146,0.565,0.238,0.17,0.333
0022200554,1610612740,Pelicans,NOP,New Orleans,240.000000:00,0.565,0.238,0.17,0.222,0.564,0.326,0.099,0.188
0022200560,1610612748,Heat,MIA,Miami,240.000000:00,0.529,0.282,0.116,0.25,0.522,0.507,0.16,0.098
0022200560,1610612746,Clippers,LAC,LA,240.000000:00,0.522,0.507,0.16,0.073,0.529,0.282,0.116,0.292
0022200555,1610612759,Spurs,SAS,San Antonio,240.000000:00,0.474,0.186,0.167,0.25,0.683,0.161,0.123,0.216
0022200555,1610612751,Nets,BKN,Brooklyn,240.000000:00,0.683,0.161,0.123,0.189,0.474,0.186,0.167,0.317
0022200557,1610612750,Timberwolves,MIN,Minnesota,240.000000:00,0.592,0.31,0.12,0.25,0.522,0.22,0.155,0.353
0022200557,1610612743,Nuggets,DEN,Denver,240.000000:00,0.522,0.22,0.155,0.353,0.592,0.31,0.12,0.341
0022200553,1610612761,Raptors,TOR,Toronto,240.000000:00,0.527,0.253,0.11,0.222,0.538,0.28,0.127,0.438
0022200553,1610612754,Pacers,IND,Indiana,240.000000:00,0.538,0.28,0.127,0.313,0.527,0.253,0.11,0.259
0022200549,1610612743,Nuggets,DEN,Denver,240.000000:00,0.677,0.228,0.165,0.029,0.511,0.31,0.128,0.25
0022200549,1610612738,Celtics,BOS,Boston,240.000000:00,0.511,0.31,0.128,0.208,0.677,0.228,0.165,0.114
0022200548,1610612764,Wizards,WAS,Washington,240.000000:00,0.569,0.17,0.168,0.25,0.422,0.156,0.153,0.286
0022200548,1610612749,Bucks,MIL,Milwaukee,240.000000:00,0.422,0.156,0.153,0.222,0.569,0.17,0.168,0.354
0022200547,1610612758,Kings,SAC,Sacramento,240.000000:00,0.484,0.156,0.153,0.246,0.51,0.24,0.118,0.414
0022200547,1610612763,Grizzlies,MEM,Memphis,240.000000:00,0.51,0.24,0.118,0.362,0.484,0.156,0.153,0.333
0022200545,1610612755,76ers,PHI,Philadelphia,240.000000:00,0.52,0.172,0.123,0.25,0.446,0.239,0.156,0.279
0022200545,1610612760,Thunder,OKC,Oklahoma City,240.000000:00,0.446,0.239,0.156,0.246,0.52,0.172,0.123,0.339
0022200539,1610612766,Hornets,CHA,Charlotte,240.000000:00,0.453,0.219,0.116,0.237,0.681,0.238,0.139,0.059
0022200539,1610612751,Nets,BKN,Brooklyn,240.000000:00,0.681,0.238,0.139,0.059,0.453,0.219,0.116,0.288
0022200546,1610612762,Jazz,UTA,Utah,240.000000:00,0.537,0.543,0.159,0.333,0.579,0.337,0.115,0.306
0022200546,1610612748,Heat,MIA,Miami,240.000000:00,0.579,0.337,0.115,0.204,0.537,0.543,0.159,0.417
0022200542,1610612759,Spurs,SAS,San Antonio,240.000000:00,0.6,0.376,0.134,0.341,0.663,0.244,0.053,0.195
0022200542,1610612742,Mavericks,DAL,Dallas,240.000000:00,0.663,0.244,0.053,0.146,0.6,0.376,0.134,0.432
0022200544,1610612750,Timberwolves,MIN,Minnesota,240.000000:00,0.494,0.313,0.149,0.188,0.539,0.315,0.14,0.333
0022200544,1610612765,Pistons,DET,Detroit,240.000000:00,0.539,0.315,0.14,0.294,0.494,0.313,0.149,0.208
0022200541,1610612752,Knicks,NYK,New York,240.000000:00,0.472,0.356,0.102,0.267,0.468,0.299,0.25,0.327
0022200541,1610612745,Rockets,HOU,Houston,240.000000:00,0.468,0.299,0.25,0.231,0.472,0.356,0.102,0.317
0022200540,1610612739,Cavaliers,CLE,Cleveland,240.000000:00,0.535,0.224,0.211,0.294,0.525,0.296,0.154,0.205
0022200540,1610612741,Bulls,CHI,Chicago,240.000000:00,0.525,0.296,0.154,0.205,0.535,0.224,0.211,0.333
0022200543,1610612740,Pelicans,NOP,New Orleans,240.000000:00,0.396,0.396,0.179,0.238,0.538,0.239,0.176,0.313
0022200543,1610612763,Grizzlies,MEM,Memphis,240.000000:00,0.538,0.239,0.176,0.271,0.396,0.396,0.179,0.365
0022200538,1610612746,Clippers,LAC,LA,240.000000:00,0.638,0.363,0.159,0.211,0.602,0.33,0.115,0.273
0022200538,1610612754,Pacers,IND,Indiana,240.000000:00,0.602,0.33,0.115,0.182,0.638,0.363,0.159,0.211
0022200533,1610612750,Timberwolves,MIN,Minnesota,240.000000:00,0.478,0.37,0.074,0.119,0.538,0.355,0.194,0.426
0022200533,1610612749,Bucks,MIL,Milwaukee,240.000000:00,0.538,0.355,0.194,0.37,0.478,0.37,0.074,0.153
0022200537,1610612762,Jazz,UTA,Utah,240.000000:00,0.595,0.357,0.126,0.179,0.622,0.211,0.145,0.318
0022200537,1610612758,Kings,SAC,Sacramento,240.000000:00,0.622,0.211,0.145,0.227,0.595,0.357,0.126,0.231
0022200534,1610612755,76ers,PHI,Philadelphia,240.000000:00,0.653,0.293,0.189,0.086,0.631,0.45,0.136,0.302
0022200534,1610612740,Pelicans,NOP,New Orleans,240.000000:00,0.631,0.45,0.136,0.163,0.653,0.293,0.189,0.171
0022200530,1610612747,Lakers,LAL,Los Angeles,240.000000:00,0.594,0.188,0.148,0.267,0.53,0.198,0.093,0.246
0022200530,1610612737,Hawks,ATL,Atlanta,240.000000:00,0.53,0.198,0.093,0.211,0.594,0.188,0.148,0.333
0022200536,1610612757,Trail Blazers,POR,Portland,240.000000:00,0.527,0.253,0.16,0.315,0.555,0.231,0.135,0.365
0022200536,1610612744,Warriors,GSW,Golden State,240.000000:00,0.555,0.231,0.135,0.327,0.527,0.253,0.16,0.389
0022200532,1610612765,Pistons,DET,Detroit,240.000000:00,0.576,0.279,0.161,0.271,0.641,0.163,0.139,0.385
0022200532,1610612741,Bulls,CHI,Chicago,240.000000:00,0.641,0.163,0.139,0.308,0.576,0.279,0.161,0.375
0022200535,1610612748,Heat,MIA,Miami,240.000000:00,0.529,0.345,0.144,0.229,0.704,0.289,0.199,0.212
0022200535,1610612743,Nuggets,DEN,Denver,240.000000:00,0.704,0.289,0.199,0.152,0.529,0.345,0.144,0.292
0022200531,1610612761,Raptors,TOR,Toronto,240.000000:00,0.562,0.321,0.124,0.186,0.592,0.324,0.272,0.351
0022200531,1610612756,Suns,PHX,Phoenix,240.000000:00,0.592,0.324,0.272,0.243,0.562,0.321,0.124,0.209
0022200529,1610612764,Wizards,WAS,Washington,240.000000:00,0.66,0.333,0.241,0.111,0.445,0.16,0.1,0.194
0022200529,1610612753,Magic,ORL,Orlando,240.000000:00,0.445,0.16,0.1,0.129,0.66,0.333,0.241,0.167
0022200526,1610612761,Raptors,TOR,Toronto,240.000000:00,0.458,0.25,0.082,0.279,0.574,0.147,0.16,0.4
0022200526,1610612763,Grizzlies,MEM,Memphis,240.000000:00,0.574,0.147,0.16,0.34,0.458,0.25,0.082,0.328
0022200525,1610612746,Clippers,LAC,LA,240.000000:00,0.567,0.157,0.13,0.16,0.544,0.242,0.118,0.28
0022200525,1610612738,Celtics,BOS,Boston,240.000000:00,0.544,0.242,0.118,0.22,0.567,0.157,0.13,0.2
0022200528,1610612745,Rockets,HOU,Houston,240.000000:00,0.512,0.43,0.126,0.211,0.615,0.275,0.086,0.204
0022200528,1610612742,Mavericks,DAL,Dallas,240.000000:00,0.615,0.275,0.086,0.122,0.512,0.43,0.126,0.281
0022200524,1610612754,Pacers,IND,Indiana,240.000000:00,0.676,0.247,0.091,0.108,0.583,0.208,0.111,0.375
0022200524,1610612739,Cavaliers,CLE,Cleveland,240.000000:00,0.583,0.208,0.111,0.354,0.676,0.247,0.091,0.162
0022200527,1610612759,Spurs,SAS,San Antonio,240.000000:00,0.574,0.33,0.13,0.311,0.506,0.344,0.125,0.345
0022200527,1610612752,Knicks,NYK,New York,240.000000:00,0.506,0.344,0.125,0.236,0.574,0.33,0.13,0.4
0022200523,1610612760,Thunder,OKC,Oklahoma City,240.000000:00,0.48,0.212,0.11,0.186,0.607,0.345,0.175,0.295
0022200523,1610612766,Hornets,CHA,Charlotte,240.000000:00,0.607,0.345,0.175,0.273,0.48,0.212,0.11,0.305
0022200516,1610612764,Wizards,WAS,Washington,240.000000:00,0.622,0.341,0.136,0.333,0.523,0.184,0.117,0.314
0022200516,1610612756,Suns,PHX,Phoenix,240.000000:00,0.523,0.184,0.117,0.216,0.622,0.341,0.136,0.444
0022200521,1610612762,Jazz,UTA,Utah,240.000000:00,0.489,0.286,0.115,0.172,0.517,0.31,0.128,0.208
0022200521,1610612744,Warriors,GSW,Golden State,240.000000:00,0.517,0.31,0.128,0.189,0.489,0.286,0.115,0.224
0022200519,1610612749,Bucks,MIL,Milwaukee,265.000000:00,0.414,0.291,0.121,0.289,0.505,0.326,0.125,0.226
0022200519,1610612741,Bulls,CHI,Chicago,265.000000:00,0.505,0.326,0.125,0.132,0.414,0.291,0.121,0.342
0022200520,1610612740,Pelicans,NOP,New Orleans,240.000000:00,0.549,0.531,0.142,0.191,0.566,0.386,0.107,0.178
0022200520,1610612750,Timberwolves,MIN,Minnesota,240.000000:00,0.566,0.386,0.107,0.111,0.549,0.531,0.142,0.277
0022200522,1610612758,Kings,SAC,Sacramento,240.000000:00,0.607,0.281,0.119,0.244,0.647,0.212,0.157,0.306
0022200522,1610612743,Nuggets,DEN,Denver,240.000000:00,0.647,0.212,0.157,0.194,0.607,0.281,0.119,0.333
0022200518,1610612748,Heat,MIA,Miami,240.000000:00,0.538,0.174,0.063,0.2,0.565,0.195,0.256,0.333
0022200518,1610612747,Lakers,LAL,Los Angeles,240.000000:00,0.565,0.195,0.256,0.19,0.538,0.174,0.063,0.28
0022200515,1610612753,Magic,ORL,Orlando,240.000000:00,0.441,0.4,0.133,0.278,0.563,0.5,0.131,0.292
0022200515,1610612765,Pistons,DET,Detroit,240.000000:00,0.563,0.5,0.131,0.229,0.441,0.4,0.133,0.296
0022200517,1610612751,Nets,BKN,Brooklyn,240.000000:00,0.566,0.205,0.123,0.116,0.474,0.227,0.04,0.271
0022200517,1610612737,Hawks,ATL,Atlanta,240.000000:00,0.474,0.227,0.04,0.186,0.566,0.205,0.123,0.14
0022200505,1610612753,Magic,ORL,Orlando,240.000000:00,0.56,0.298,0.112,0.178,0.639,0.189,0.137,0.302
0022200505,1610612747,Lakers,LAL,Los Angeles,240.000000:00,0.639,0.189,0.137,0.209,0.56,0.298,0.112,0.178
0022200506,1610612764,Wizards,WAS,Washington,240.000000:00,0.524,0.365,0.175,0.286,0.5,0.369,0.154,0.356
0022200506,1610612755,76ers,PHI,Philadelphia,240.000000:00,0.5,0.369,0.154,0.222,0.524,0.365,0.175,0.367
0022200510,1610612756,Suns,PHX,Phoenix,240.000000:00,0.592,0.287,0.21,0.319,0.44,0.374,0.142,0.333
0022200510,1610612763,Grizzlies,MEM,Memphis,240.000000:00,0.44,0.374,0.142,0.263,0.592,0.287,0.21,0.404
0022200514,1610612758,Kings,SAC,Sacramento,240.000000:00,0.549,0.232,0.163,0.186,0.552,0.244,0.132,0.261
0022200514,1610612743,Nuggets,DEN,Denver,240.000000:00,0.552,0.244,0.132,0.217,0.549,0.232,0.163,0.209
0022200507,1610612745,Rockets,HOU,Houston,240.000000:00,0.474,0.147,0.145,0.228,0.582,0.253,0.107,0.24
0022200507,1610612738,Celtics,BOS,Boston,240.000000:00,0.582,0.253,0.107,0.18,0.474,0.147,0.145,0.281
0022200508,1610612754,Pacers,IND,Indiana,240.000000:00,0.582,0.293,0.118,0.146,0.517,0.326,0.088,0.173
0022200508,1610612737,Hawks,ATL,Atlanta,240.000000:00,0.517,0.326,0.088,0.173,0.582,0.293,0.118,0.271
0022200511,1610612759,Spurs,SAS,San Antonio,240.000000:00,0.515,0.141,0.144,0.291,0.61,0.36,0.139,0.349
0022200511,1610612760,Thunder,OKC,Oklahoma City,240.000000:00,0.61,0.36,0.139,0.302,0.515,0.141,0.144,0.418
0022200509,1610612761,Raptors,TOR,Toronto,240.000000:00,0.548,0.31,0.123,0.222,0.565,0.247,0.111,0.38
0022200509,1610612746,Clippers,LAC,LA,240.000000:00,0.565,0.247,0.111,0.3,0.548,0.31,0.123,0.267
0022200512,1610612752,Knicks,NYK,New York,265.000000:00,0.515,0.233,0.094,0.27,0.561,0.367,0.084,0.2
0022200512,1610612742,Mavericks,DAL,Dallas,265.000000:00,0.561,0.367,0.084,0.14,0.515,0.233,0.094,0.333
0022200513,1610612744,Warriors,GSW,Golden State,240.000000:00,0.474,0.253,0.127,0.164,0.467,0.272,0.13,0.236
0022200513,1610612766,Hornets,CHA,Charlotte,240.000000:00,0.467,0.272,0.13,0.164,0.474,0.253,0.127,0.236
0022200503,1610612762,Jazz,UTA,Utah,240.000000:00,0.469,0.381,0.11,0.271,0.586,0.391,0.127,0.233
0022200503,1610612759,Spurs,SAS,San Antonio,240.000000:00,0.586,0.391,0.127,0.14,0.469,0.381,0.11,0.373
0022200501,1610612745,Rockets,HOU,Houston,240.000000:00,0.65,0.244,0.124,0.186,0.56,0.228,0.079,0.184
0022200501,1610612741,Bulls,CHI,Chicago,240.000000:00,0.56,0.228,0.079,0.163,0.65,0.244,0.124,0.302
0022200500,1610612750,Timberwolves,MIN,Minnesota,240.000000:00,0.639,0.177,0.222,0.2,0.525,0.078,0.098,0.304
0022200500,1610612748,Heat,MIA,Miami,240.000000:00,0.525,0.078,0.098,0.232,0.639,0.177,0.222,0.25
0022200498,1610612739,Cavaliers,CLE,Cleveland,240.000000:00,0.555,0.366,0.123,0.222,0.683,0.207,0.171,0.316
0022200498,1610612751,Nets,BKN,Brooklyn,240.000000:00,0.683,0.207,0.171,0.184,0.555,0.366,0.123,0.244
0022200502,1610612740,Pelicans,NOP,New Orleans,240.000000:00,0.522,0.267,0.159,0.308,0.476,0.241,0.132,0.157
0022200502,1610612754,Pacers,IND,Indiana,240.000000:00,0.476,0.241,0.132,0.118,0.522,0.267,0.159,0.404
0022200504,1610612757,Trail Blazers,POR,Portland,240.000000:00,0.581,0.326,0.145,0.227,0.456,0.243,0.119,0.382
0022200504,1610612766,Hornets,CHA,Charlotte,240.000000:00,0.456,0.243,0.119,0.265,0.581,0.326,0.145,0.295
0022200499,1610612746,Clippers,LAC,LA,265.000000:00,0.643,0.319,0.168,0.238,0.52,0.34,0.154,0.333
0022200499,1610612765,Pistons,DET,Detroit,265.000000:00,0.52,0.34,0.154,0.267,0.643,0.319,0.168,0.262
0022200496,1610612763,Grizzlies,MEM,Memphis,240.000000:00,0.463,0.319,0.117,0.155,0.571,0.286,0.114,0.25
0022200496,1610612744,Warriors,GSW,Golden State,240.000000:00,0.571,0.286,0.114,0.173,0.463,0.319,0.117,0.241
0022200497,1610612756,Suns,PHX,Phoenix,265.000000:00,0.569,0.277,0.13,0.222,0.548,0.362,0.118,0.327
0022200497,1610612743,Nuggets,DEN,Denver,265.000000:00,0.548,0.362,0.118,0.231,0.569,0.277,0.13,0.259
0022200495,1610612749,Bucks,MIL,Milwaukee,240.000000:00,0.577,0.321,0.146,0.178,0.7,0.294,0.117,0.135
0022200495,1610612738,Celtics,BOS,Boston,240.000000:00,0.7,0.294,0.117,0.135,0.577,0.321,0.146,0.267
0022200493,1610612755,76ers,PHI,Philadelphia,240.000000:00,0.623,0.377,0.086,0.119,0.544,0.189,0.086,0.367
0022200493,1610612752,Knicks,NYK,New York,240.000000:00,0.544,0.189,0.086,0.245,0.623,0.377,0.086,0.167
0022200494,1610612747,Lakers,LAL,Los Angeles,240.000000:00,0.544,0.4,0.102,0.14,0.631,0.298,0.116,0.289
0022200494,1610612742,Mavericks,DAL,Dallas,240.000000:00,0.631,0.298,0.116,0.244,0.544,0.4,0.102,0.256
0022200487,1610612745,Rockets,HOU,Houston,240.000000:00,0.506,0.346,0.156,0.267,0.55,0.338,0.142,0.234
0022200487,1610612742,Mavericks,DAL,Dallas,240.000000:00,0.55,0.338,0.142,0.149,0.506,0.346,0.156,0.289
0022200484,1610612761,Raptors,TOR,Toronto,240.000000:00,0.613,0.214,0.19,0.25,0.586,0.395,0.153,0.19
0022200484,1610612739,Cavaliers,CLE,Cleveland,240.000000:00,0.586,0.395,0.153,0.143,0.613,0.214,0.19,0.295
0022200485,1610612752,Knicks,NYK,New York,240.000000:00,0.593,0.302,0.105,0.24,0.559,0.194,0.043,0.255
0022200485,1610612741,Bulls,CHI,Chicago,240.000000:00,0.559,0.194,0.043,0.216,0.593,0.302,0.105,0.34
0022200482,1610612750,Timberwolves,MIN,Minnesota,240.000000:00,0.538,0.165,0.164,0.22,0.505,0.26,0.116,0.368
0022200482,1610612738,Celtics,BOS,Boston,240.000000:00,0.505,0.26,0.116,0.351,0.538,0.165,0.164,0.28
0022200491,1610612764,Wizards,WAS,Washington,240.000000:00,0.614,0.273,0.097,0.116,0.5,0.417,0.131,0.269
0022200491,1610612758,Kings,SAC,Sacramento,240.000000:00,0.5,0.417,0.131,0.25,0.614,0.273,0.097,0.186
0022200488,1610612760,Thunder,OKC,Oklahoma City,265.000000:00,0.525,0.245,0.149,0.172,0.505,0.426,0.176,0.309
0022200488,1610612740,Pelicans,NOP,New Orleans,265.000000:00,0.505,0.426,0.176,0.236,0.525,0.245,0.149,0.207
0022200492,1610612747,Lakers,LAL,Los Angeles,240.000000:00,0.625,0.239,0.159,0.261,0.638,0.191,0.15,0.295
0022200492,1610612766,Hornets,CHA,Charlotte,240.000000:00,0.638,0.191,0.15,0.25,0.625,0.239,0.159,0.304
0022200489,1610612757,Trail Blazers,POR,Portland,240.000000:00,0.5,0.299,0.141,0.245,0.642,0.321,0.111,0.205
0022200489,1610612743,Nuggets,DEN,Denver,240.000000:00,0.642,0.321,0.111,0.103,0.5,0.299,0.141,0.302
0022200481,1610612765,Pistons,DET,Detroit,240.000000:00,0.461,0.322,0.13,0.167,0.598,0.261,0.078,0.217
0022200481,1610612737,Hawks,ATL,Atlanta,240.000000:00,0.598,0.261,0.078,0.174,0.461,0.322,0.13,0.259
0022200479,1610612759,Spurs,SAS,San Antonio,240.000000:00,0.515,0.186,0.124,0.236,0.672,0.23,0.176,0.325
0022200479,1610612753,Magic,ORL,Orlando,240.000000:00,0.672,0.23,0.176,0.175,0.515,0.186,0.124,0.291
0022200483,1610612749,Bucks,MIL,Milwaukee,240.000000:00,0.494,0.262,0.182,0.255,0.57,0.14,0.122,0.333
0022200483,1610612751,Nets,BKN,Brooklyn,240.000000:00,0.57,0.14,0.122,0.25,0.494,0.262,0.182,0.314
0022200486,1610612748,Heat,MIA,Miami,240.000000:00,0.5,0.147,0.102,0.241,0.608,0.169,0.166,0.267
0022200486,1610612754,Pacers,IND,Indiana,240.000000:00,0.608,0.169,0.166,0.2,0.5,0.147,0.102,0.352
0022200480,1610612755,76ers,PHI,Philadelphia,240.000000:00,0.602,0.159,0.093,0.146,0.593,0.284,0.114,0.19
0022200480,1610612746,Clippers,LAC,LA,240.000000:00,0.593,0.284,0.114,0.143,0.602,0.159,0.093,0.244
0022200490,1610612756,Suns,PHX,Phoenix,240.000000:00,0.489,0.299,0.146,0.204,0.533,0.418,0.119,0.49
0022200490,1610612763,Grizzlies,MEM,Memphis,240.000000:00,0.533,0.418,0.119,0.388,0.489,0.299,0.146,0.333
0022200478,1610612764,Wizards,WAS,Washington,240.000000:00,0.604,0.207,0.113,0.079,0.581,0.244,0.112,0.2
0022200478,1610612762,Jazz,UTA,Utah,240.000000:00,0.581,0.244,0.112,0.178,0.604,0.207,0.113,0.079
0022200477,1610612759,Spurs,SAS,San Antonio,240.000000:00,0.528,0.3,0.162,0.286,0.555,0.297,0.164,0.375
0022200477,1610612740,Pelicans,NOP,New Orleans,240.000000:00,0.555,0.297,0.164,0.333,0.528,0.3,0.162,0.347
0022200469,1610612754,Pacers,IND,Indiana,240.000000:00,0.561,0.092,0.135,0.222,0.45,0.248,0.163,0.453
0022200469,1610612738,Celtics,BOS,Boston,240.000000:00,0.45,0.248,0.163,0.391,0.561,0.092,0.135,0.241
0022200474,1610612757,Trail Blazers,POR,Portland,240.000000:00,0.582,0.114,0.213,0.214,0.519,0.325,0.186,0.349
0022200474,1610612760,Thunder,OKC,Oklahoma City,240.000000:00,0.519,0.325,0.186,0.209,0.582,0.114,0.213,0.262
0022200476,1610612746,Clippers,LAC,LA,240.000000:00,0.648,0.284,0.239,0.125,0.451,0.315,0.138,0.196
0022200476,1610612766,Hornets,CHA,Charlotte,240.000000:00,0.451,0.315,0.138,0.196,0.648,0.284,0.239,0.25
0022200466,1610612749,Bucks,MIL,Milwaukee,240.000000:00,0.548,0.265,0.209,0.271,0.541,0.329,0.102,0.261
0022200466,1610612739,Cavaliers,CLE,Cleveland,240.000000:00,0.541,0.329,0.102,0.196,0.548,0.265,0.209,0.333
0022200471,1610612761,Raptors,TOR,Toronto,240.000000:00,0.495,0.234,0.054,0.302,0.625,0.237,0.185,0.333
0022200471,1610612752,Knicks,NYK,New York,240.000000:00,0.625,0.237,0.185,0.231,0.495,0.234,0.054,0.396
0022200470,1610612744,Warriors,GSW,Golden State,240.000000:00,0.566,0.301,0.198,0.2,0.768,0.19,0.146,0.129
0022200470,1610612751,Nets,BKN,Brooklyn,240.000000:00,0.768,0.19,0.146,0.097,0.566,0.301,0.198,0.267
0022200467,1610612755,76ers,PHI,Philadelphia,240.000000:00,0.5,0.237,0.118,0.25,0.43,0.43,0.21,0.302
0022200467,1610612765,Pistons,DET,Detroit,240.000000:00,0.43,0.43,0.21,0.208,0.5,0.237,0.118,0.269
0022200475,1610612758,Kings,SAC,Sacramento,240.000000:00,0.595,0.295,0.11,0.196,0.565,0.357,0.14,0.133
0022200475,1610612747,Lakers,LAL,Los Angeles,240.000000:00,0.565,0.357,0.14,0.111,0.595,0.295,0.11,0.294
0022200468,1610612741,Bulls,CHI,Chicago,240.000000:00,0.541,0.256,0.111,0.174,0.505,0.176,0.144,0.25
0022200468,1610612737,Hawks,ATL,Atlanta,240.000000:00,0.505,0.176,0.144,0.173,0.541,0.256,0.111,0.174
0022200472,1610612753,Magic,ORL,Orlando,240.000000:00,0.511,0.363,0.104,0.19,0.563,0.193,0.164,0.245
0022200472,1610612745,Rockets,HOU,Houston,240.000000:00,0.563,0.193,0.164,0.184,0.511,0.363,0.104,0.259
0022200473,1610612750,Timberwolves,MIN,Minnesota,240.000000:00,0.541,0.118,0.138,0.174,0.54,0.36,0.14,0.238
0022200473,1610612742,Mavericks,DAL,Dallas,240.000000:00,0.54,0.36,0.14,0.167,0.541,0.118,0.138,0.239
0022200461,1610612762,Jazz,UTA,Utah,240.000000:00,0.613,0.204,0.118,0.235,0.562,0.333,0.143,0.273
0022200461,1610612765,Pistons,DET,Detroit,240.000000:00,0.562,0.333,0.143,0.205,0.613,0.204,0.118,0.333
0022200462,1610612748,Heat,MIA,Miami,240.000000:00,0.562,0.21,0.141,0.2,0.637,0.329,0.178,0.235
0022200462,1610612741,Bulls,CHI,Chicago,240.000000:00,0.637,0.329,0.178,0.147,0.562,0.21,0.141,0.2
0022200463,1610612752,Knicks,NYK,New York,240.000000:00,0.615,0.368,0.121,0.318,0.554,0.176,0.209,0.128
0022200463,1610612744,Warriors,GSW,Golden State,240.000000:00,0.554,0.176,0.209,0.103,0.615,0.368,0.121,0.409
0022200465,1610612763,Grizzlies,MEM,Memphis,240.000000:00,0.475,0.259,0.161,0.146,0.506,0.281,0.163,0.333
0022200465,1610612743,Nuggets,DEN,Denver,240.000000:00,0.506,0.281,0.163,0.241,0.475,0.259,0.161,0.167
0022200464,1610612764,Wizards,WAS,Washington,240.000000:00,0.544,0.463,0.103,0.191,0.534,0.213,0.145,0.34
0022200464,1610612756,Suns,PHX,Phoenix,240.000000:00,0.534,0.213,0.145,0.3,0.544,0.463,0.103,0.277
0022200452,1610612762,Jazz,UTA,Utah,240.000000:00,0.441,0.247,0.137,0.246,0.721,0.371,0.229,0.214
0022200452,1610612739,Cavaliers,CLE,Cleveland,240.000000:00,0.721,0.371,0.229,0.143,0.441,0.247,0.137,0.311
0022200457,1610612740,Pelicans,NOP,New Orleans,240.000000:00,0.515,0.242,0.139,0.283,0.636,0.383,0.172,0.237
0022200457,1610612749,Bucks,MIL,Milwaukee,240.000000:00,0.636,0.383,0.172,0.211,0.515,0.242,0.139,0.35
0022200453,1610612761,Raptors,TOR,Toronto,265.000000:00,0.483,0.227,0.154,0.173,0.494,0.338,0.154,0.163
0022200453,1610612755,76ers,PHI,Philadelphia,265.000000:00,0.494,0.338,0.154,0.082,0.483,0.227,0.154,0.25
0022200459,1610612756,Suns,PHX,Phoenix,240.000000:00,0.602,0.258,0.092,0.306,0.517,0.195,0.151,0.28
0022200459,1610612747,Lakers,LAL,Los Angeles,240.000000:00,0.517,0.195,0.151,0.2,0.602,0.258,0.092,0.367
0022200454,1610612753,Magic,ORL,Orlando,240.000000:00,0.537,0.263,0.077,0.192,0.574,0.213,0.094,0.229
0022200454,1610612737,Hawks,ATL,Atlanta,240.000000:00,0.574,0.213,0.094,0.125,0.537,0.263,0.077,0.308
0022200458,1610612757,Trail Blazers,POR,Portland,240.000000:00,0.591,0.239,0.161,0.304,0.517,0.42,0.114,0.333
0022200458,1610612760,Thunder,OKC,Oklahoma City,240.000000:00,0.517,0.42,0.114,0.216,0.591,0.239,0.161,0.348
0022200460,1610612758,Kings,SAC,Sacramento,240.000000:00,0.537,0.326,0.075,0.172,0.568,0.242,0.129,0.306
0022200460,1610612766,Hornets,CHA,Charlotte,240.000000:00,0.568,0.242,0.129,0.224,0.537,0.326,0.075,0.207
0022200455,1610612759,Spurs,SAS,San Antonio,240.000000:00,0.657,0.229,0.187,0.237,0.452,0.33,0.107,0.344
0022200455,1610612745,Rockets,HOU,Houston,240.000000:00,0.452,0.33,0.107,0.262,0.657,0.229,0.187,0.316
0022200456,1610612750,Timberwolves,MIN,Minnesota,240.000000:00,0.539,0.27,0.108,0.18,0.533,0.408,0.164,0.234
0022200456,1610612742,Mavericks,DAL,Dallas,240.000000:00,0.533,0.408,0.164,0.17,0.539,0.27,0.108,0.24
0022200451,1610612764,Wizards,WAS,Washington,240.000000:00,0.516,0.253,0.095,0.185,0.56,0.239,0.086,0.184
0022200451,1610612747,Lakers,LAL,Los Angeles,240.000000:00,0.56,0.239,0.086,0.122,0.516,0.253,0.095,0.259
0022200447,1610612765,Pistons,DET,Detroit,240.000000:00,0.523,0.386,0.089,0.229,0.644,0.288,0.131,0.158
0022200447,1610612751,Nets,BKN,Brooklyn,240.000000:00,0.644,0.288,0.131,0.105,0.523,0.386,0.089,0.313
0022200445,1610612753,Magic,ORL,Orlando,240.000000:00,0.453,0.221,0.128,0.113,0.416,0.236,0.163,0.283
0022200445,1610612738,Celtics,BOS,Boston,240.000000:00,0.416,0.236,0.163,0.183,0.453,0.221,0.128,0.132
0022200446,1610612752,Knicks,NYK,New York,240.000000:00,0.518,0.361,0.163,0.298,0.506,0.256,0.145,0.309
0022200446,1610612754,Pacers,IND,Indiana,240.000000:00,0.506,0.256,0.145,0.218,0.518,0.361,0.163,0.319
0022200449,1610612750,Timberwolves,MIN,Minnesota,240.000000:00,0.787,0.184,0.126,0.125,0.614,0.273,0.106,0.205
0022200449,1610612741,Bulls,CHI,Chicago,240.000000:00,0.614,0.273,0.106,0.136,0.787,0.184,0.126,0.219
0022200448,1610612761,Raptors,TOR,Toronto,240.000000:00,0.489,0.232,0.139,0.31,0.642,0.321,0.174,0.375
0022200448,1610612744,Warriors,GSW,Golden State,240.000000:00,0.642,0.321,0.174,0.3,0.489,0.232,0.139,0.397
0022200450,1610612743,Nuggets,DEN,Denver,240.000000:00,0.516,0.362,0.13,0.268,0.49,0.24,0.105,0.218
0022200450,1610612766,Hornets,CHA,Charlotte,240.000000:00,0.49,0.24,0.105,0.218,0.516,0.362,0.13,0.339
0022200440,1610612742,Mavericks,DAL,Dallas,265.000000:00,0.494,0.216,0.116,0.091,0.463,0.234,0.121,0.288
0022200440,1610612739,Cavaliers,CLE,Cleveland,265.000000:00,0.463,0.234,0.121,0.153,0.494,0.216,0.116,0.2
0022200444,1610612756,Suns,PHX,Phoenix,240.000000:00,0.56,0.422,0.083,0.204,0.675,0.169,0.178,0.182
0022200444,1610612740,Pelicans,NOP,New Orleans,240.000000:00,0.675,0.169,0.178,0.121,0.56,0.422,0.083,0.286
0022200441,1610612757,Trail Blazers,POR,Portland,240.000000:00,0.547,0.224,0.144,0.217,0.417,0.322,0.167,0.509
0022200441,1610612745,Rockets,HOU,Houston,240.000000:00,0.417,0.322,0.167,0.327,0.547,0.224,0.144,0.239
0022200438,1610612764,Wizards,WAS,Washington,240.000000:00,0.482,0.155,0.162,0.146,0.5,0.302,0.141,0.278
0022200438,1610612746,Clippers,LAC,LA,240.000000:00,0.5,0.302,0.141,0.222,0.482,0.155,0.162,0.208
0022200443,1610612760,Thunder,OKC,Oklahoma City,240.000000:00,0.516,0.337,0.102,0.153,0.444,0.411,0.094,0.2
0022200443,1610612763,Grizzlies,MEM,Memphis,240.000000:00,0.444,0.411,0.094,0.167,0.516,0.337,0.102,0.22
0022200439,1610612759,Spurs,SAS,San Antonio,240.000000:00,0.494,0.429,0.167,0.146,0.579,0.28,0.143,0.227
0022200439,1610612748,Heat,MIA,Miami,240.000000:00,0.579,0.28,0.143,0.182,0.494,0.429,0.167,0.292
0022200442,1610612762,Jazz,UTA,Utah,240.000000:00,0.547,0.07,0.146,0.143,0.633,0.122,0.158,0.395
0022200442,1610612749,Bucks,MIL,Milwaukee,240.000000:00,0.633,0.122,0.158,0.349,0.547,0.07,0.146,0.163
0022200434,1610612752,Knicks,NYK,New York,240.000000:00,0.495,0.348,0.116,0.246,0.545,0.104,0.203,0.098
0022200434,1610612741,Bulls,CHI,Chicago,240.000000:00,0.545,0.104,0.203,0.049,0.495,0.348,0.116,0.344
0022200432,1610612755,76ers,PHI,Philadelphia,240.000000:00,0.547,0.365,0.146,0.224,0.505,0.138,0.164,0.268
0022200432,1610612744,Warriors,GSW,Golden State,240.000000:00,0.505,0.138,0.164,0.232,0.547,0.365,0.146,0.265
0022200431,1610612754,Pacers,IND,Indiana,240.000000:00,0.594,0.238,0.107,0.132,0.592,0.421,0.106,0.244
0022200431,1610612739,Cavaliers,CLE,Cleveland,240.000000:00,0.592,0.421,0.106,0.146,0.594,0.238,0.107,0.184
0022200433,1610612761,Raptors,TOR,Toronto,240.000000:00,0.542,0.345,0.091,0.152,0.664,0.303,0.154,0.188
0022200433,1610612751,Nets,BKN,Brooklyn,240.000000:00,0.664,0.303,0.154,0.125,0.542,0.345,0.091,0.239
0022200436,1610612757,Trail Blazers,POR,Portland,240.000000:00,0.511,0.281,0.118,0.185,0.667,0.321,0.127,0.154
0022200436,1610612742,Mavericks,DAL,Dallas,240.000000:00,0.667,0.321,0.127,0.077,0.511,0.281,0.118,0.259
0022200435,1610612760,Thunder,OKC,Oklahoma City,240.000000:00,0.528,0.239,0.2,0.184,0.563,0.287,0.155,0.26
0022200435,1610612750,Timberwolves,MIN,Minnesota,240.000000:00,0.563,0.287,0.155,0.22,0.528,0.239,0.2,0.327
0022200437,1610612747,Lakers,LAL,Los Angeles,240.000000:00,0.593,0.264,0.142,0.239,0.537,0.346,0.184,0.209
0022200437,1610612743,Nuggets,DEN,Denver,240.000000:00,0.537,0.346,0.184,0.209,0.593,0.264,0.142,0.326
0022200428,1610612766,Hornets,CHA,Charlotte,240.000000:00,0.474,0.194,0.125,0.242,0.647,0.453,0.14,0.135
0022200428,1610612737,Hawks,ATL,Atlanta,240.000000:00,0.647,0.453,0.14,0.108,0.474,0.194,0.125,0.371
0022200430,1610612753,Magic,ORL,Orlando,240.000000:00,0.511,0.308,0.169,0.288,0.482,0.405,0.136,0.231
0022200430,1610612738,Celtics,BOS,Boston,240.000000:00,0.482,0.405,0.136,0.192,0.511,0.308,0.169,0.385
0022200429,1610612758,Kings,SAC,Sacramento,240.000000:00,0.598,0.354,0.134,0.095,0.518,0.365,0.167,0.333
0022200429,1610612765,Pistons,DET,Detroit,240.000000:00,0.518,0.365,0.167,0.292,0.598,0.354,0.134,0.214
0022200424,1610612748,Heat,MIA,Miami,240.000000:00,0.534,0.261,0.143,0.269,0.516,0.181,0.152,0.412
0022200424,1610612745,Rockets,HOU,Houston,240.000000:00,0.516,0.181,0.152,0.353,0.534,0.261,0.143,0.327
0022200426,1610612762,Jazz,UTA,Utah,265.000000:00,0.554,0.402,0.141,0.208,0.535,0.283,0.163,0.375
0022200426,1610612740,Pelicans,NOP,New Orleans,265.000000:00,0.535,0.283,0.163,0.339,0.554,0.402,0.141,0.396
0022200425,1610612749,Bucks,MIL,Milwaukee,240.000000:00,0.441,0.287,0.087,0.18,0.608,0.225,0.075,0.34
0022200425,1610612763,Grizzlies,MEM,Memphis,240.000000:00,0.608,0.225,0.075,0.298,0.441,0.287,0.087,0.246
0022200427,1610612756,Suns,PHX,Phoenix,240.000000:00,0.511,0.189,0.093,0.283,0.444,0.233,0.187,0.387
0022200427,1610612746,Clippers,LAC,LA,240.000000:00,0.444,0.233,0.187,0.339,0.511,0.189,0.093,0.358
0022200418,1610612752,Knicks,NYK,New York,265.000000:00,0.593,0.275,0.171,0.3,0.601,0.262,0.117,0.1
0022200418,1610612741,Bulls,CHI,Chicago,265.000000:00,0.601,0.262,0.117,0.075,0.593,0.275,0.171,0.38
0022200422,1610612764,Wizards,WAS,Washington,240.000000:00,0.632,0.253,0.126,0.083,0.675,0.422,0.172,0.3
0022200422,1610612743,Nuggets,DEN,Denver,240.000000:00,0.675,0.422,0.172,0.233,0.632,0.253,0.126,0.167
0022200416,1610612753,Magic,ORL,Orlando,240.000000:00,0.591,0.323,0.132,0.286,0.568,0.307,0.128,0.261
0022200416,1610612737,Hawks,ATL,Atlanta,240.000000:00,0.568,0.307,0.128,0.239,0.591,0.323,0.132,0.367
0022200417,1610612761,Raptors,TOR,Toronto,240.000000:00,0.532,0.287,0.069,0.22,0.575,0.215,0.145,0.367
0022200417,1610612758,Kings,SAC,Sacramento,240.000000:00,0.575,0.215,0.145,0.265,0.532,0.287,0.069,0.24
0022200419,1610612760,Thunder,OKC,Oklahoma City,240.000000:00,0.555,0.28,0.141,0.159,0.57,0.174,0.141,0.216
0022200419,1610612748,Heat,MIA,Miami,240.000000:00,0.57,0.174,0.141,0.137,0.555,0.28,0.141,0.205
0022200414,1610612765,Pistons,DET,Detroit,265.000000:00,0.613,0.387,0.142,0.222,0.487,0.254,0.044,0.319
0022200414,1610612766,Hornets,CHA,Charlotte,265.000000:00,0.487,0.254,0.044,0.246,0.613,0.387,0.142,0.278
0022200423,1610612750,Timberwolves,MIN,Minnesota,240.000000:00,0.446,0.405,0.175,0.146,0.461,0.236,0.151,0.345
0022200423,1610612746,Clippers,LAC,LA,240.000000:00,0.461,0.236,0.151,0.255,0.446,0.405,0.175,0.188
0022200421,1610612742,Mavericks,DAL,Dallas,240.000000:00,0.48,0.351,0.141,0.12,0.577,0.244,0.1,0.263
0022200421,1610612739,Cavaliers,CLE,Cleveland,240.000000:00,0.577,0.244,0.1,0.132,0.48,0.351,0.141,0.22
0022200420,1610612759,Spurs,SAS,San Antonio,240.000000:00,0.521,0.196,0.107,0.25,0.716,0.21,0.169,0.257
0022200420,1610612757,Trail Blazers,POR,Portland,240.000000:00,0.716,0.21,0.169,0.143,0.521,0.196,0.107,0.357
0022200415,1610612754,Pacers,IND,Indiana,240.000000:00,0.598,0.287,0.162,0.111,0.547,0.337,0.217,0.326
0022200415,1610612744,Warriors,GSW,Golden State,240.000000:00,0.547,0.337,0.217,0.261,0.598,0.287,0.162,0.178
0022200410,1610612749,Bucks,MIL,Milwaukee,240.000000:00,0.622,0.39,0.215,0.308,0.505,0.2,0.165,0.233
0022200410,1610612744,Warriors,GSW,Golden State,240.000000:00,0.505,0.2,0.165,0.2,0.622,0.39,0.215,0.308
0022200409,1610612758,Kings,SAC,Sacramento,240.000000:00,0.467,0.217,0.162,0.236,0.607,0.321,0.116,0.093
0022200409,1610612755,76ers,PHI,Philadelphia,240.000000:00,0.607,0.321,0.116,0.093,0.467,0.217,0.162,0.291
0022200412,1610612762,Jazz,UTA,Utah,240.000000:00,0.549,0.117,0.198,0.333,0.419,0.355,0.155,0.328
0022200412,1610612740,Pelicans,NOP,New Orleans,240.000000:00,0.419,0.355,0.155,0.246,0.549,0.117,0.198,0.439
0022200411,1610612756,Suns,PHX,Phoenix,240.000000:00,0.383,0.184,0.097,0.254,0.494,0.42,0.226,0.408
0022200411,1610612745,Rockets,HOU,Houston,240.000000:00,0.494,0.42,0.226,0.347,0.383,0.184,0.097,0.296
0022200413,1610612747,Lakers,LAL,Los Angeles,265.000000:00,0.516,0.323,0.108,0.135,0.534,0.154,0.125,0.267
0022200413,1610612738,Celtics,BOS,Boston,265.000000:00,0.534,0.154,0.125,0.217,0.516,0.323,0.108,0.192
0022200403,1610612764,Wizards,WAS,Washington,240.000000:00,0.538,0.278,0.195,0.133,0.539,0.202,0.126,0.174
0022200403,1610612751,Nets,BKN,Brooklyn,240.000000:00,0.539,0.202,0.126,0.152,0.538,0.278,0.195,0.222
0022200402,1610612748,Heat,MIA,Miami,240.000000:00,0.44,0.217,0.146,0.17,0.424,0.253,0.184,0.273
0022200402,1610612754,Pacers,IND,Indiana,240.000000:00,0.424,0.253,0.184,0.145,0.44,0.217,0.146,0.245
0022200406,1610612759,Spurs,SAS,San Antonio,240.000000:00,0.521,0.165,0.133,0.358,0.516,0.185,0.151,0.404
0022200406,1610612739,Cavaliers,CLE,Cleveland,240.000000:00,0.516,0.185,0.151,0.319,0.521,0.165,0.133,0.377
0022200408,1610612746,Clippers,LAC,LA,240.000000:00,0.544,0.233,0.102,0.224,0.493,0.342,0.154,0.149
0022200408,1610612738,Celtics,BOS,Boston,240.000000:00,0.493,0.342,0.154,0.106,0.544,0.233,0.102,0.286
0022200405,1610612760,Thunder,OKC,Oklahoma City,240.000000:00,0.534,0.239,0.13,0.217,0.538,0.269,0.137,0.364
0022200405,1610612742,Mavericks,DAL,Dallas,240.000000:00,0.538,0.269,0.137,0.291,0.534,0.239,0.13,0.239
0022200407,1610612757,Trail Blazers,POR,Portland,240.000000:00,0.657,0.236,0.179,0.244,0.548,0.204,0.096,0.154
0022200407,1610612750,Timberwolves,MIN,Minnesota,240.000000:00,0.548,0.204,0.096,0.135,0.657,0.236,0.179,0.289
0022200404,1610612763,Grizzlies,MEM,Memphis,240.000000:00,0.681,0.217,0.211,0.143,0.413,0.212,0.146,0.375
0022200404,1610612737,Hawks,ATL,Atlanta,240.000000:00,0.413,0.212,0.146,0.278,0.681,0.217,0.211,0.4
0022200397,1610612758,Kings,SAC,Sacramento,240.000000:00,0.458,0.422,0.163,0.2,0.494,0.303,0.165,0.34
0022200397,1610612752,Knicks,NYK,New York,240.000000:00,0.494,0.303,0.165,0.3,0.458,0.422,0.163,0.236
0022200396,1610612747,Lakers,LAL,Los Angeles,240.000000:00,0.613,0.321,0.109,0.15,0.554,0.183,0.117,0.275
0022200396,1610612765,Pistons,DET,Detroit,240.000000:00,0.554,0.183,0.117,0.196,0.613,0.321,0.109,0.175
0022200398,1610612761,Raptors,TOR,Toronto,240.000000:00,0.44,0.507,0.096,0.146,0.558,0.403,0.184,0.409
0022200398,1610612753,Magic,ORL,Orlando,240.000000:00,0.558,0.403,0.184,0.25,0.44,0.507,0.096,0.229
0022200400,1610612741,Bulls,CHI,Chicago,265.000000:00,0.515,0.23,0.164,0.232,0.546,0.214,0.131,0.208
0022200400,1610612737,Hawks,ATL,Atlanta,265.000000:00,0.546,0.214,0.131,0.151,0.515,0.23,0.164,0.304
0022200395,1610612756,Suns,PHX,Phoenix,265.000000:00,0.529,0.162,0.138,0.322,0.628,0.326,0.157,0.275
0022200395,1610612740,Pelicans,NOP,New Orleans,265.000000:00,0.628,0.326,0.157,0.175,0.529,0.162,0.138,0.39
0022200401,1610612749,Bucks,MIL,Milwaukee,240.000000:00,0.433,0.2,0.159,0.217,0.473,0.132,0.122,0.25
0022200401,1610612745,Rockets,HOU,Houston,240.000000:00,0.473,0.132,0.122,0.192,0.433,0.2,0.159,0.283
0022200399,1610612755,76ers,PHI,Philadelphia,240.000000:00,0.633,0.386,0.154,0.22,0.468,0.323,0.149,0.386
0022200399,1610612766,Hornets,CHA,Charlotte,240.000000:00,0.468,0.323,0.149,0.263,0.633,0.386,0.154,0.268
0022200390,1610612760,Thunder,OKC,Oklahoma City,240.000000:00,0.518,0.241,0.115,0.149,0.541,0.306,0.133,0.3
0022200390,1610612739,Cavaliers,CLE,Cleveland,240.000000:00,0.541,0.306,0.133,0.24,0.518,0.241,0.115,0.213
0022200393,1610612762,Jazz,UTA,Utah,240.000000:00,0.547,0.247,0.143,0.204,0.593,0.186,0.094,0.171
0022200393,1610612743,Nuggets,DEN,Denver,240.000000:00,0.593,0.186,0.094,0.146,0.547,0.247,0.143,0.245
0022200389,1610612764,Wizards,WAS,Washington,240.000000:00,0.529,0.224,0.149,0.163,0.527,0.17,0.098,0.218
0022200389,1610612746,Clippers,LAC,LA,240.000000:00,0.527,0.17,0.098,0.164,0.529,0.224,0.149,0.224
0022200391,1610612742,Mavericks,DAL,Dallas,240.000000:00,0.517,0.289,0.079,0.16,0.747,0.282,0.098,0.143
0022200391,1610612741,Bulls,CHI,Chicago,240.000000:00,0.747,0.282,0.098,0.114,0.517,0.289,0.079,0.18
0022200388,1610612754,Pacers,IND,Indiana,240.000000:00,0.676,0.282,0.177,0.171,0.565,0.32,0.175,0.547
0022200388,1610612751,Nets,BKN,Brooklyn,240.000000:00,0.565,0.32,0.175,0.547,0.676,0.282,0.177,0.244
0022200387,1610612759,Spurs,SAS,San Antonio,240.000000:00,0.583,0.397,0.179,0.22,0.562,0.346,0.102,0.17
0022200387,1610612748,Heat,MIA,Miami,240.000000:00,0.562,0.346,0.102,0.106,0.583,0.397,0.179,0.341
0022200392,1610612744,Warriors,GSW,Golden State,240.000000:00,0.582,0.217,0.143,0.234,0.506,0.299,0.098,0.157
0022200392,1610612738,Celtics,BOS,Boston,240.000000:00,0.506,0.299,0.098,0.118,0.582,0.217,0.143,0.277
0022200394,1610612757,Trail Blazers,POR,Portland,240.000000:00,0.596,0.337,0.159,0.262,0.602,0.289,0.127,0.167
0022200394,1610612750,Timberwolves,MIN,Minnesota,240.000000:00,0.602,0.289,0.127,0.095,0.596,0.337,0.159,0.357
0022200378,1610612764,Wizards,WAS,Washington,240.000000:00,0.597,0.325,0.156,0.293,0.612,0.235,0.129,0.409
0022200378,1610612754,Pacers,IND,Indiana,240.000000:00,0.612,0.235,0.129,0.295,0.597,0.325,0.156,0.317
0022200386,1610612749,Bucks,MIL,Milwaukee,240.000000:00,0.5,0.264,0.168,0.255,0.54,0.273,0.113,0.263
0022200386,1610612742,Mavericks,DAL,Dallas,240.000000:00,0.54,0.273,0.113,0.211,0.5,0.264,0.168,0.333
0022200384,1610612756,Suns,PHX,Phoenix,240.000000:00,0.628,0.151,0.169,0.182,0.556,0.389,0.106,0.354
0022200384,1610612740,Pelicans,NOP,New Orleans,240.000000:00,0.556,0.389,0.106,0.271,0.628,0.151,0.169,0.273
0022200382,1610612755,76ers,PHI,Philadelphia,265.000000:00,0.633,0.244,0.199,0.163,0.563,0.341,0.182,0.229
0022200382,1610612747,Lakers,LAL,Los Angeles,265.000000:00,0.563,0.341,0.182,0.146,0.633,0.244,0.199,0.279
0022200377,1610612752,Knicks,NYK,New York,240.000000:00,0.511,0.323,0.134,0.286,0.476,0.333,0.134,0.28
0022200377,1610612766,Hornets,CHA,Charlotte,240.000000:00,0.476,0.333,0.134,0.24,0.511,0.323,0.134,0.411
0022200379,1610612761,Raptors,TOR,Toronto,240.000000:00,0.482,0.388,0.07,0.137,0.662,0.296,0.206,0.133
0022200379,1610612753,Magic,ORL,Orlando,240.000000:00,0.662,0.296,0.206,0.1,0.482,0.388,0.07,0.216
0022200385,1610612762,Jazz,UTA,Utah,240.000000:00,0.506,0.267,0.11,0.226,0.62,0.329,0.168,0.256
0022200385,1610612750,Timberwolves,MIN,Minnesota,240.000000:00,0.62,0.329,0.168,0.154,0.506,0.267,0.11,0.226
0022200380,1610612751,Nets,BKN,Brooklyn,240.000000:00,0.62,0.253,0.201,0.231,0.548,0.172,0.17,0.34
0022200380,1610612737,Hawks,ATL,Atlanta,240.000000:00,0.548,0.172,0.17,0.255,0.62,0.253,0.201,0.308
0022200381,1610612758,Kings,SAC,Sacramento,240.000000:00,0.652,0.485,0.202,0.139,0.494,0.278,0.199,0.298
0022200381,1610612739,Cavaliers,CLE,Cleveland,240.000000:00,0.494,0.278,0.199,0.17,0.652,0.485,0.202,0.139
0022200383,1610612763,Grizzlies,MEM,Memphis,240.000000:00,0.533,0.352,0.131,0.211,0.461,0.3,0.176,0.304
0022200383,1610612765,Pistons,DET,Detroit,240.000000:00,0.461,0.3,0.176,0.232,0.533,0.352,0.131,0.298
0022200374,1610612748,Heat,MIA,Miami,240.000000:00,0.578,0.156,0.082,0.156,0.569,0.263,0.163,0.2
0022200374,1610612746,Clippers,LAC,LA,240.000000:00,0.569,0.263,0.163,0.156,0.578,0.156,0.082,0.178
0022200376,1610612757,Trail Blazers,POR,Portland,240.000000:00,0.571,0.176,0.133,0.277,0.582,0.242,0.159,0.383
0022200376,1610612743,Nuggets,DEN,Denver,240.000000:00,0.582,0.242,0.159,0.34,0.571,0.176,0.133,0.319
0022200375,1610612759,Spurs,SAS,San Antonio,240.000000:00,0.633,0.181,0.171,0.184,0.5,0.153,0.136,0.368
0022200375,1610612745,Rockets,HOU,Houston,240.000000:00,0.5,0.153,0.136,0.281,0.633,0.181,0.171,0.237
0022200367,1610612764,Wizards,WAS,Washington,240.000000:00,0.542,0.345,0.166,0.13,0.556,0.189,0.172,0.239
0022200367,1610612741,Bulls,CHI,Chicago,240.000000:00,0.556,0.189,0.172,0.13,0.542,0.345,0.166,0.217
0022200370,1610612750,Timberwolves,MIN,Minnesota,240.000000:00,0.516,0.29,0.206,0.327,0.599,0.296,0.178,0.156
0022200370,1610612754,Pacers,IND,Indiana,240.000000:00,0.599,0.296,0.178,0.089,0.516,0.29,0.206,0.449
0022200369,1610612758,Kings,SAC,Sacramento,240.000000:00,0.538,0.176,0.082,0.163,0.552,0.25,0.072,0.377
0022200369,1610612749,Bucks,MIL,Milwaukee,240.000000:00,0.552,0.25,0.072,0.321,0.538,0.176,0.082,0.204
0022200363,1610612753,Magic,ORL,Orlando,265.000000:00,0.463,0.326,0.123,0.281,0.489,0.274,0.16,0.371
0022200363,1610612746,Clippers,LAC,LA,265.000000:00,0.489,0.274,0.16,0.274,0.463,0.326,0.123,0.333
0022200373,1610612756,Suns,PHX,Phoenix,240.000000:00,0.441,0.204,0.169,0.224,0.564,0.129,0.12,0.283
0022200373,1610612738,Celtics,BOS,Boston,240.000000:00,0.564,0.129,0.12,0.208,0.441,0.204,0.169,0.276
0022200372,1610612762,Jazz,UTA,Utah,240.000000:00,0.622,0.244,0.165,0.22,0.531,0.255,0.128,0.364
0022200372,1610612744,Warriors,GSW,Golden State,240.000000:00,0.531,0.255,0.128,0.255,0.622,0.244,0.165,0.268
0022200368,1610612760,Thunder,OKC,Oklahoma City,240.000000:00,0.446,0.25,0.177,0.23,0.585,0.17,0.157,0.271
0022200368,1610612763,Grizzlies,MEM,Memphis,240.000000:00,0.585,0.17,0.157,0.208,0.446,0.25,0.177,0.311
0022200366,1610612761,Raptors,TOR,Toronto,240.000000:00,0.5,0.226,0.099,0.274,0.466,0.402,0.14,0.235
0022200366,1610612747,Lakers,LAL,Los Angeles,240.000000:00,0.466,0.402,0.14,0.196,0.5,0.226,0.099,0.371
0022200371,1610612740,Pelicans,NOP,New Orleans,240.000000:00,0.506,0.271,0.182,0.204,0.472,0.178,0.127,0.228
0022200371,1610612765,Pistons,DET,Detroit,240.000000:00,0.472,0.178,0.127,0.14,0.506,0.271,0.182,0.286
0022200364,1610612766,Hornets,CHA,Charlotte,240.000000:00,0.591,0.261,0.111,0.217,0.64,0.186,0.111,0.205
0022200364,1610612751,Nets,BKN,Brooklyn,240.000000:00,0.64,0.186,0.111,0.128,0.591,0.261,0.111,0.261
0022200365,1610612752,Knicks,NYK,New York,240.000000:00,0.548,0.289,0.148,0.271,0.412,0.282,0.115,0.241
0022200365,1610612737,Hawks,ATL,Atlanta,240.000000:00,0.412,0.282,0.115,0.19,0.548,0.289,0.148,0.333
0022200362,1610612743,Nuggets,DEN,Denver,240.000000:00,0.596,0.359,0.171,0.19,0.618,0.431,0.172,0.184
0022200362,1610612742,Mavericks,DAL,Dallas,240.000000:00,0.618,0.431,0.172,0.105,0.596,0.359,0.171,0.238
0022200361,1610612748,Heat,MIA,Miami,240.000000:00,0.494,0.338,0.156,0.152,0.603,0.172,0.133,0.261
0022200361,1610612765,Pistons,DET,Detroit,240.000000:00,0.603,0.172,0.133,0.196,0.494,0.338,0.156,0.239
0022200360,1610612747,Lakers,LAL,Los Angeles,240.000000:00,0.461,0.27,0.158,0.259,0.554,0.183,0.08,0.267
0022200360,1610612739,Cavaliers,CLE,Cleveland,240.000000:00,0.554,0.183,0.08,0.2,0.461,0.27,0.158,0.315
0022200352,1610612746,Clippers,LAC,LA,240.000000:00,0.565,0.226,0.119,0.25,0.541,0.173,0.099,0.296
0022200352,1610612766,Hornets,CHA,Charlotte,240.000000:00,0.541,0.173,0.099,0.259,0.565,0.226,0.119,0.327
0022200356,1610612755,76ers,PHI,Philadelphia,290.000000:00,0.546,0.414,0.179,0.208,0.521,0.468,0.177,0.464
0022200356,1610612745,Rockets,HOU,Houston,290.000000:00,0.521,0.468,0.177,0.286,0.546,0.414,0.179,0.283
0022200359,1610612754,Pacers,IND,Indiana,240.000000:00,0.561,0.2,0.158,0.135,0.473,0.202,0.117,0.267
0022200359,1610612744,Warriors,GSW,Golden State,240.000000:00,0.473,0.202,0.117,0.2,0.561,0.2,0.158,0.308
0022200355,1610612761,Raptors,TOR,Toronto,240.000000:00,0.518,0.353,0.131,0.235,0.561,0.233,0.113,0.265
0022200355,1610612738,Celtics,BOS,Boston,240.000000:00,0.561,0.233,0.113,0.265,0.518,0.353,0.131,0.294
0022200358,1610612756,Suns,PHX,Phoenix,240.000000:00,0.511,0.286,0.127,0.241,0.643,0.31,0.132,0.275
0022200358,1610612742,Mavericks,DAL,Dallas,240.000000:00,0.643,0.31,0.132,0.25,0.511,0.286,0.127,0.389
0022200357,1610612748,Heat,MIA,Miami,240.000000:00,0.481,0.278,0.176,0.18,0.511,0.1,0.118,0.208
0022200357,1610612763,Grizzlies,MEM,Memphis,240.000000:00,0.511,0.1,0.118,0.083,0.481,0.278,0.176,0.24
0022200354,1610612760,Thunder,OKC,Oklahoma City,240.000000:00,0.516,0.253,0.149,0.269,0.495,0.167,0.163,0.356
0022200354,1610612737,Hawks,ATL,Atlanta,240.000000:00,0.495,0.167,0.163,0.288,0.516,0.253,0.149,0.288
0022200353,1610612753,Magic,ORL,Orlando,240.000000:00,0.409,0.312,0.134,0.25,0.524,0.306,0.16,0.208
0022200353,1610612749,Bucks,MIL,Milwaukee,240.000000:00,0.524,0.306,0.16,0.132,0.409,0.312,0.134,0.3
0022200348,1610612752,Knicks,NYK,New York,240.000000:00,0.436,0.244,0.205,0.264,0.398,0.241,0.185,0.25
0022200348,1610612739,Cavaliers,CLE,Cleveland,240.000000:00,0.398,0.241,0.185,0.143,0.436,0.244,0.205,0.358
0022200345,1610612759,Spurs,SAS,San Antonio,240.000000:00,0.471,0.207,0.186,0.24,0.622,0.213,0.11,0.354
0022200345,1610612756,Suns,PHX,Phoenix,240.000000:00,0.622,0.213,0.11,0.292,0.471,0.207,0.186,0.32
0022200344,1610612740,Pelicans,NOP,New Orleans,240.000000:00,0.574,0.444,0.108,0.13,0.556,0.296,0.187,0.279
0022200344,1610612743,Nuggets,DEN,Denver,240.000000:00,0.556,0.296,0.187,0.209,0.574,0.444,0.108,0.152
0022200351,1610612757,Trail Blazers,POR,Portland,240.000000:00,0.587,0.256,0.15,0.234,0.495,0.132,0.151,0.269
0022200351,1610612754,Pacers,IND,Indiana,240.000000:00,0.495,0.132,0.151,0.231,0.587,0.256,0.15,0.298
0022200347,1610612763,Grizzlies,MEM,Memphis,240.000000:00,0.549,0.315,0.131,0.235,0.518,0.357,0.144,0.26
0022200347,1610612765,Pistons,DET,Detroit,240.000000:00,0.518,0.357,0.144,0.16,0.549,0.315,0.131,0.314
0022200349,1610612764,Wizards,WAS,Washington,240.000000:00,0.514,0.143,0.09,0.19,0.594,0.229,0.134,0.25
0022200349,1610612747,Lakers,LAL,Los Angeles,240.000000:00,0.594,0.229,0.134,0.188,0.514,0.143,0.09,0.259
0022200350,1610612758,Kings,SAC,Sacramento,240.000000:00,0.541,0.221,0.175,0.106,0.494,0.221,0.155,0.16
0022200350,1610612741,Bulls,CHI,Chicago,240.000000:00,0.494,0.221,0.155,0.14,0.541,0.221,0.175,0.234
0022200346,1610612738,Celtics,BOS,Boston,240.000000:00,0.525,0.247,0.172,0.17,0.458,0.262,0.154,0.241
0022200346,1610612751,Nets,BKN,Brooklyn,240.000000:00,0.458,0.262,0.154,0.204,0.525,0.247,0.172,0.255
0022200343,1610612762,Jazz,UTA,Utah,240.000000:00,0.53,0.333,0.131,0.204,0.541,0.365,0.13,0.265
0022200343,1610612757,Trail Blazers,POR,Portland,240.000000:00,0.541,0.365,0.13,0.245,0.53,0.333,0.131,0.224
0022200338,1610612758,Kings,SAC,Sacramento,240.000000:00,0.579,0.337,0.087,0.163,0.403,0.28,0.171,0.371
0022200338,1610612746,Clippers,LAC,LA,240.000000:00,0.403,0.28,0.171,0.274,0.579,0.337,0.087,0.204
0022200342,1610612745,Rockets,HOU,Houston,240.000000:00,0.456,0.22,0.149,0.269,0.676,0.118,0.144,0.163
0022200342,1610612744,Warriors,GSW,Golden State,240.000000:00,0.676,0.118,0.144,0.14,0.456,0.22,0.149,0.346
0022200341,1610612760,Thunder,OKC,Oklahoma City,240.000000:00,0.575,0.376,0.18,0.265,0.584,0.337,0.203,0.356
0022200341,1610612750,Timberwolves,MIN,Minnesota,240.000000:00,0.584,0.337,0.203,0.267,0.575,0.376,0.18,0.327
0022200340,1610612761,Raptors,TOR,Toronto,240.000000:00,0.613,0.298,0.17,0.3,0.558,0.333,0.159,0.244
0022200340,1610612753,Magic,ORL,Orlando,240.000000:00,0.558,0.333,0.159,0.122,0.613,0.298,0.17,0.35
0022200339,1610612749,Bucks,MIL,Milwaukee,240.000000:00,0.542,0.229,0.209,0.174,0.42,0.299,0.135,0.204
0022200339,1610612766,Hornets,CHA,Charlotte,240.000000:00,0.42,0.299,0.135,0.167,0.542,0.229,0.209,0.217
0022200337,1610612752,Knicks,NYK,New York,240.000000:00,0.519,0.364,0.195,0.149,0.55,0.14,0.107,0.288
0022200337,1610612742,Mavericks,DAL,Dallas,240.000000:00,0.55,0.14,0.107,0.237,0.519,0.364,0.195,0.191
0022200329,1610612761,Raptors,TOR,Toronto,240.000000:00,0.477,0.345,0.136,0.208,0.604,0.268,0.175,0.238
0022200329,1610612751,Nets,BKN,Brooklyn,240.000000:00,0.604,0.268,0.175,0.167,0.477,0.345,0.136,0.264
0022200326,1610612764,Wizards,WAS,Washington,240.000000:00,0.523,0.407,0.144,0.36,0.484,0.326,0.043,0.356
0022200326,1610612766,Hornets,CHA,Charlotte,240.000000:00,0.484,0.326,0.043,0.322,0.523,0.407,0.144,0.46
0022200331,1610612749,Bucks,MIL,Milwaukee,240.000000:00,0.622,0.16,0.099,0.213,0.599,0.25,0.041,0.298
0022200331,1610612747,Lakers,LAL,Los Angeles,240.000000:00,0.599,0.25,0.041,0.255,0.622,0.16,0.099,0.255
0022200330,1610612753,Magic,ORL,Orlando,240.000000:00,0.543,0.148,0.193,0.256,0.583,0.107,0.135,0.233
0022200330,1610612739,Cavaliers,CLE,Cleveland,240.000000:00,0.583,0.107,0.135,0.116,0.543,0.148,0.193,0.302
0022200333,1610612759,Spurs,SAS,San Antonio,240.000000:00,0.444,0.163,0.112,0.161,0.5,0.283,0.088,0.189
0022200333,1610612740,Pelicans,NOP,New Orleans,240.000000:00,0.5,0.283,0.088,0.189,0.444,0.163,0.112,0.258
0022200328,1610612748,Heat,MIA,Miami,265.000000:00,0.53,0.178,0.149,0.211,0.546,0.322,0.178,0.196
0022200328,1610612738,Celtics,BOS,Boston,265.000000:00,0.546,0.322,0.178,0.137,0.53,0.178,0.149,0.263
0022200332,1610612755,76ers,PHI,Philadelphia,240.000000:00,0.516,0.187,0.128,0.192,0.49,0.289,0.117,0.379
0022200332,1610612763,Grizzlies,MEM,Memphis,240.000000:00,0.49,0.289,0.117,0.328,0.516,0.187,0.128,0.25
0022200327,1610612743,Nuggets,DEN,Denver,240.000000:00,0.6,0.153,0.164,0.2,0.614,0.159,0.127,0.325
0022200327,1610612737,Hawks,ATL,Atlanta,240.000000:00,0.614,0.159,0.127,0.3,0.6,0.153,0.164,0.267
0022200334,1610612756,Suns,PHX,Phoenix,240.000000:00,0.629,0.224,0.176,0.214,0.543,0.531,0.164,0.37
0022200334,1610612745,Rockets,HOU,Houston,240.000000:00,0.543,0.531,0.164,0.283,0.629,0.224,0.176,0.31
0022200336,1610612744,Warriors,GSW,Golden State,240.000000:00,0.598,0.264,0.182,0.14,0.511,0.258,0.11,0.145
0022200336,1610612741,Bulls,CHI,Chicago,240.000000:00,0.511,0.258,0.11,0.109,0.598,0.264,0.182,0.22
0022200335,1610612762,Jazz,UTA,Utah,240.000000:00,0.645,0.446,0.222,0.195,0.5,0.359,0.163,0.228
0022200335,1610612754,Pacers,IND,Indiana,240.000000:00,0.5,0.359,0.163,0.158,0.645,0.446,0.222,0.293
0022200325,1610612765,Pistons,DET,Detroit,265.000000:00,0.622,0.255,0.124,0.283,0.645,0.337,0.121,0.128
0022200325,1610612742,Mavericks,DAL,Dallas,265.000000:00,0.645,0.337,0.121,0.085,0.622,0.255,0.124,0.348
0022200312,1610612755,76ers,PHI,Philadelphia,240.000000:00,0.455,0.234,0.17,0.152,0.709,0.135,0.208,0.233
0022200312,1610612739,Cavaliers,CLE,Cleveland,240.000000:00,0.709,0.135,0.208,0.2,0.455,0.234,0.17,0.217
0022200317,1610612750,Timberwolves,MIN,Minnesota,240.000000:00,0.528,0.213,0.123,0.1,0.477,0.345,0.252,0.491
0022200317,1610612763,Grizzlies,MEM,Memphis,240.000000:00,0.477,0.345,0.252,0.364,0.528,0.213,0.123,0.2
0022200320,1610612745,Rockets,HOU,Houston,240.000000:00,0.489,0.205,0.14,0.189,0.633,0.241,0.125,0.275
0022200320,1610612743,Nuggets,DEN,Denver,240.000000:00,0.633,0.241,0.125,0.2,0.489,0.205,0.14,0.321
0022200322,1610612762,Jazz,UTA,Utah,240.000000:00,0.642,0.346,0.183,0.333,0.452,0.387,0.107,0.407
0022200322,1610612746,Clippers,LAC,LA,240.000000:00,0.452,0.387,0.107,0.288,0.642,0.346,0.183,0.41
0022200319,1610612759,Spurs,SAS,San Antonio,240.000000:00,0.5,0.272,0.109,0.232,0.559,0.223,0.12,0.327
0022200319,1610612760,Thunder,OKC,Oklahoma City,240.000000:00,0.559,0.223,0.12,0.306,0.5,0.272,0.109,0.286
0022200314,1610612748,Heat,MIA,Miami,240.000000:00,0.622,0.1,0.15,0.209,0.687,0.277,0.18,0.316
0022200314,1610612738,Celtics,BOS,Boston,240.000000:00,0.687,0.277,0.18,0.289,0.622,0.1,0.15,0.279
0022200315,1610612764,Wizards,WAS,Washington,240.000000:00,0.472,0.382,0.135,0.259,0.53,0.31,0.09,0.111
0022200315,1610612751,Nets,BKN,Brooklyn,240.000000:00,0.53,0.31,0.09,0.089,0.472,0.382,0.135,0.37
0022200323,1610612758,Kings,SAC,Sacramento,240.000000:00,0.589,0.305,0.157,0.229,0.46,0.3,0.129,0.231
0022200323,1610612754,Pacers,IND,Indiana,240.000000:00,0.46,0.3,0.129,0.185,0.589,0.305,0.157,0.271
0022200318,1610612761,Raptors,TOR,Toronto,240.000000:00,0.54,0.216,0.146,0.061,0.605,0.302,0.19,0.273
0022200318,1610612740,Pelicans,NOP,New Orleans,240.000000:00,0.605,0.302,0.19,0.273,0.54,0.216,0.146,0.184
0022200321,1610612756,Suns,PHX,Phoenix,240.000000:00,0.608,0.226,0.132,0.222,0.524,0.402,0.116,0.133
0022200321,1610612741,Bulls,CHI,Chicago,240.000000:00,0.524,0.402,0.116,0.111,0.608,0.226,0.132,0.267
0022200316,1610612752,Knicks,NYK,New York,240.000000:00,0.45,0.2,0.082,0.306,0.489,0.289,0.064,0.283
0022200316,1610612749,Bucks,MIL,Milwaukee,240.000000:00,0.489,0.289,0.064,0.264,0.45,0.2,0.082,0.371
0022200313,1610612753,Magic,ORL,Orlando,240.000000:00,0.544,0.316,0.176,0.14,0.585,0.202,0.12,0.333
0022200313,1610612737,Hawks,ATL,Atlanta,240.000000:00,0.585,0.202,0.12,0.311,0.544,0.316,0.176,0.163
0022200324,1610612757,Trail Blazers,POR,Portland,240.000000:00,0.511,0.233,0.121,0.235,0.567,0.268,0.077,0.308
0022200324,1610612747,Lakers,LAL,Los Angeles,240.000000:00,0.567,0.268,0.077,0.25,0.511,0.233,0.121,0.275
0022200310,1610612744,Warriors,GSW,Golden State,240.000000:00,0.54,0.261,0.17,0.213,0.544,0.297,0.129,0.246
0022200310,1610612742,Mavericks,DAL,Dallas,240.000000:00,0.544,0.297,0.129,0.14,0.54,0.261,0.17,0.234
0022200309,1610612752,Knicks,NYK,New York,240.000000:00,0.646,0.219,0.137,0.386,0.584,0.241,0.159,0.178
0022200309,1610612765,Pistons,DET,Detroit,240.000000:00,0.584,0.241,0.159,0.156,0.646,0.219,0.137,0.409
0022200311,1610612757,Trail Blazers,POR,Portland,240.000000:00,0.561,0.167,0.112,0.18,0.534,0.315,0.13,0.358
0022200311,1610612746,Clippers,LAC,LA,240.000000:00,0.534,0.315,0.13,0.264,0.561,0.167,0.112,0.28
0022200299,1610612755,76ers,PHI,Philadelphia,240.000000:00,0.512,0.209,0.125,0.213,0.581,0.297,0.209,0.282
0022200299,1610612737,Hawks,ATL,Atlanta,240.000000:00,0.581,0.297,0.209,0.205,0.512,0.209,0.125,0.234
0022200308,1610612747,Lakers,LAL,Los Angeles,240.000000:00,0.489,0.333,0.136,0.321,0.49,0.152,0.091,0.333
0022200308,1610612754,Pacers,IND,Indiana,240.000000:00,0.49,0.152,0.091,0.19,0.489,0.333,0.136,0.321
0022200302,1610612753,Magic,ORL,Orlando,240.000000:00,0.556,0.275,0.182,0.191,0.599,0.173,0.185,0.256
0022200302,1610612751,Nets,BKN,Brooklyn,240.000000:00,0.599,0.173,0.185,0.205,0.556,0.275,0.182,0.255
0022200306,1610612762,Jazz,UTA,Utah,240.000000:00,0.594,0.176,0.145,0.191,0.495,0.269,0.081,0.308
0022200306,1610612741,Bulls,CHI,Chicago,240.000000:00,0.495,0.269,0.081,0.25,0.594,0.176,0.145,0.213
0022200307,1610612758,Kings,SAC,Sacramento,240.000000:00,0.574,0.205,0.154,0.182,0.585,0.149,0.16,0.311
0022200307,1610612756,Suns,PHX,Phoenix,240.000000:00,0.585,0.149,0.16,0.244,0.574,0.205,0.154,0.205
0022200304,1610612760,Thunder,OKC,Oklahoma City,240.000000:00,0.435,0.25,0.184,0.31,0.5,0.23,0.212,0.347
0022200304,1610612740,Pelicans,NOP,New Orleans,240.000000:00,0.5,0.23,0.212,0.286,0.435,0.25,0.184,0.362
0022200301,1610612766,Hornets,CHA,Charlotte,240.000000:00,0.552,0.174,0.201,0.283,0.72,0.075,0.155,0.342
0022200301,1610612738,Celtics,BOS,Boston,240.000000:00,0.72,0.075,0.155,0.237,0.552,0.174,0.201,0.326
0022200300,1610612764,Wizards,WAS,Washington,240.000000:00,0.654,0.297,0.068,0.175,0.542,0.5,0.171,0.391
0022200300,1610612750,Timberwolves,MIN,Minnesota,240.000000:00,0.542,0.5,0.171,0.326,0.654,0.297,0.068,0.2
0022200303,1610612761,Raptors,TOR,Toronto,240.000000:00,0.512,0.202,0.124,0.149,0.417,0.178,0.106,0.276
0022200303,1610612739,Cavaliers,CLE,Cleveland,240.000000:00,0.417,0.178,0.106,0.224,0.512,0.202,0.124,0.255
0022200305,1610612745,Rockets,HOU,Houston,240.000000:00,0.553,0.294,0.168,0.24,0.636,0.227,0.143,0.341
0022200305,1610612743,Nuggets,DEN,Denver,240.000000:00,0.636,0.227,0.143,0.317,0.553,0.294,0.168,0.34
0022200291,1610612750,Timberwolves,MIN,Minnesota,240.000000:00,0.523,0.33,0.129,0.115,0.69,0.23,0.154,0.237
0022200291,1610612744,Warriors,GSW,Golden State,240.000000:00,0.69,0.23,0.154,0.211,0.523,0.33,0.129,0.192
0022200292,1610612746,Clippers,LAC,LA,240.000000:00,0.479,0.34,0.167,0.333,0.431,0.245,0.12,0.203
0022200292,1610612754,Pacers,IND,Indiana,240.000000:00,0.431,0.245,0.12,0.153,0.479,0.34,0.167,0.389
0022200298,1610612749,Bucks,MIL,Milwaukee,240.000000:00,0.657,0.174,0.142,0.2,0.619,0.313,0.133,0.209
0022200298,1610612742,Mavericks,DAL,Dallas,240.000000:00,0.619,0.313,0.133,0.14,0.657,0.174,0.142,0.275
0022200296,1610612752,Knicks,NYK,New York,240.000000:00,0.563,0.345,0.083,0.255,0.547,0.326,0.106,0.396
0022200296,1610612763,Grizzlies,MEM,Memphis,240.000000:00,0.547,0.326,0.106,0.302,0.563,0.345,0.083,0.255
0022200295,1610612765,Pistons,DET,Detroit,240.000000:00,0.506,0.329,0.161,0.143,0.481,0.429,0.147,0.319
0022200295,1610612739,Cavaliers,CLE,Cleveland,240.000000:00,0.481,0.429,0.147,0.213,0.506,0.329,0.161,0.306
0022200297,1610612755,76ers,PHI,Philadelphia,240.000000:00,0.721,0.351,0.162,0.207,0.532,0.316,0.162,0.191
0022200297,1610612753,Magic,ORL,Orlando,240.000000:00,0.532,0.316,0.162,0.149,0.721,0.351,0.162,0.241
0022200294,1610612764,Wizards,WAS,Washington,240.000000:00,0.579,0.402,0.042,0.146,0.65,0.325,0.147,0.361
0022200294,1610612738,Celtics,BOS,Boston,240.000000:00,0.65,0.325,0.147,0.278,0.579,0.402,0.042,0.22
0022200290,1610612757,Trail Blazers,POR,Portland,240.000000:00,0.519,0.278,0.143,0.229,0.622,0.231,0.089,0.132
0022200290,1610612751,Nets,BKN,Brooklyn,240.000000:00,0.622,0.231,0.089,0.105,0.519,0.278,0.143,0.292
0022200293,1610612748,Heat,MIA,Miami,240.000000:00,0.543,0.232,0.142,0.136,0.455,0.216,0.12,0.204
0022200293,1610612737,Hawks,ATL,Atlanta,240.000000:00,0.455,0.216,0.12,0.148,0.543,0.232,0.142,0.159
0022200287,1610612760,Thunder,OKC,Oklahoma City,240.000000:00,0.443,0.237,0.141,0.262,0.628,0.163,0.235,0.317
0022200287,1610612745,Rockets,HOU,Houston,240.000000:00,0.628,0.163,0.235,0.268,0.443,0.237,0.141,0.295
0022200286,1610612761,Raptors,TOR,Toronto,240.000000:00,0.477,0.295,0.136,0.321,0.555,0.329,0.167,0.175
0022200286,1610612742,Mavericks,DAL,Dallas,240.000000:00,0.555,0.329,0.167,0.1,0.477,0.295,0.136,0.377
0022200289,1610612762,Jazz,UTA,Utah,240.000000:00,0.589,0.316,0.128,0.186,0.489,0.326,0.064,0.352
0022200289,1610612756,Suns,PHX,Phoenix,240.000000:00,0.489,0.326,0.064,0.333,0.589,0.316,0.128,0.233
0022200288,1610612759,Spurs,SAS,San Antonio,240.000000:00,0.59,0.19,0.094,0.309,0.685,0.457,0.153,0.167
0022200288,1610612747,Lakers,LAL,Los Angeles,240.000000:00,0.685,0.457,0.153,0.083,0.59,0.19,0.094,0.327
0022200281,1610612760,Thunder,OKC,Oklahoma City,265.000000:00,0.5,0.337,0.116,0.192,0.495,0.228,0.134,0.276
0022200281,1610612741,Bulls,CHI,Chicago,265.000000:00,0.495,0.228,0.134,0.241,0.5,0.337,0.116,0.269
0022200275,1610612758,Kings,SAC,Sacramento,240.000000:00,0.466,0.299,0.171,0.208,0.59,0.325,0.099,0.14
0022200275,1610612738,Celtics,BOS,Boston,240.000000:00,0.59,0.325,0.099,0.093,0.466,0.299,0.171,0.321
0022200280,1610612749,Bucks,MIL,Milwaukee,240.000000:00,0.596,0.301,0.131,0.182,0.46,0.299,0.092,0.259
0022200280,1610612739,Cavaliers,CLE,Cleveland,240.000000:00,0.46,0.299,0.092,0.185,0.596,0.301,0.131,0.25
0022200276,1610612754,Pacers,IND,Indiana,240.000000:00,0.57,0.442,0.093,0.109,0.619,0.114,0.179,0.143
0022200276,1610612751,Nets,BKN,Brooklyn,240.000000:00,0.619,0.114,0.179,0.119,0.57,0.442,0.093,0.196
0022200273,1610612755,76ers,PHI,Philadelphia,240.000000:00,0.561,0.22,0.172,0.295,0.481,0.338,0.145,0.292
0022200273,1610612753,Magic,ORL,Orlando,240.000000:00,0.481,0.338,0.145,0.188,0.561,0.22,0.172,0.341
0022200283,1610612756,Suns,PHX,Phoenix,240.000000:00,0.523,0.299,0.129,0.229,0.473,0.174,0.192,0.389
0022200283,1610612765,Pistons,DET,Detroit,240.000000:00,0.473,0.174,0.192,0.352,0.523,0.299,0.129,0.313
0022200285,1610612746,Clippers,LAC,LA,240.000000:00,0.625,0.5,0.151,0.111,0.551,0.258,0.063,0.298
0022200285,1610612743,Nuggets,DEN,Denver,240.000000:00,0.551,0.258,0.063,0.213,0.625,0.5,0.151,0.194
0022200282,1610612759,Spurs,SAS,San Antonio,240.000000:00,0.41,0.16,0.155,0.313,0.53,0.241,0.212,0.304
0022200282,1610612747,Lakers,LAL,Los Angeles,240.000000:00,0.53,0.241,0.212,0.217,0.41,0.16,0.155,0.344
0022200284,1610612762,Jazz,UTA,Utah,240.000000:00,0.531,0.175,0.127,0.294,0.614,0.059,0.193,0.42
0022200284,1610612744,Warriors,GSW,Golden State,240.000000:00,0.614,0.059,0.193,0.32,0.531,0.175,0.127,0.314
0022200278,1610612745,Rockets,HOU,Houston,240.000000:00,0.54,0.471,0.209,0.449,0.567,0.439,0.132,0.188
0022200278,1610612737,Hawks,ATL,Atlanta,240.000000:00,0.567,0.439,0.132,0.125,0.54,0.471,0.209,0.51
0022200277,1610612764,Wizards,WAS,Washington,240.000000:00,0.489,0.215,0.119,0.232,0.511,0.258,0.127,0.292
0022200277,1610612748,Heat,MIA,Miami,240.000000:00,0.511,0.258,0.127,0.208,0.489,0.215,0.119,0.339
0022200279,1610612740,Pelicans,NOP,New Orleans,240.000000:00,0.488,0.36,0.128,0.22,0.615,0.297,0.135,0.327
0022200279,1610612763,Grizzlies,MEM,Memphis,240.000000:00,0.615,0.297,0.135,0.265,0.488,0.36,0.128,0.28
0022200272,1610612750,Timberwolves,MIN,Minnesota,240.000000:00,0.474,0.188,0.147,0.196,0.494,0.36,0.17,0.288
0022200272,1610612766,Hornets,CHA,Charlotte,240.000000:00,0.494,0.36,0.17,0.288,0.474,0.188,0.147,0.232
0022200274,1610612757,Trail Blazers,POR,Portland,265.000000:00,0.553,0.6,0.121,0.265,0.5,0.267,0.087,0.317
0022200274,1610612752,Knicks,NYK,New York,265.000000:00,0.5,0.267,0.087,0.2,0.553,0.6,0.121,0.327
0022200265,1610612764,Wizards,WAS,Washington,240.000000:00,0.528,0.213,0.134,0.132,0.505,0.237,0.128,0.321
0022200265,1610612748,Heat,MIA,Miami,240.000000:00,0.505,0.237,0.128,0.25,0.528,0.213,0.134,0.226
0022200262,1610612750,Timberwolves,MIN,Minnesota,240.000000:00,0.662,0.221,0.231,0.258,0.469,0.167,0.126,0.3
0022200262,1610612754,Pacers,IND,Indiana,240.000000:00,0.469,0.167,0.126,0.217,0.662,0.221,0.231,0.323
0022200271,1610612746,Clippers,LAC,LA,240.000000:00,0.511,0.31,0.161,0.196,0.593,0.134,0.125,0.3
0022200271,1610612744,Warriors,GSW,Golden State,240.000000:00,0.593,0.134,0.125,0.24,0.511,0.31,0.161,0.333
0022200260,1610612755,76ers,PHI,Philadelphia,240.000000:00,0.494,0.209,0.181,0.163,0.511,0.228,0.151,0.291
0022200260,1610612766,Hornets,CHA,Charlotte,240.000000:00,0.511,0.228,0.151,0.2,0.494,0.209,0.181,0.265
0022200269,1610612759,Spurs,SAS,San Antonio,240.000000:00,0.541,0.329,0.183,0.16,0.659,0.366,0.194,0.268
0022200269,1610612740,Pelicans,NOP,New Orleans,240.000000:00,0.659,0.366,0.194,0.195,0.541,0.329,0.183,0.26
0022200261,1610612757,Trail Blazers,POR,Portland,240.000000:00,0.532,0.167,0.189,0.256,0.635,0.311,0.189,0.343
0022200261,1610612739,Cavaliers,CLE,Cleveland,240.000000:00,0.635,0.311,0.189,0.314,0.532,0.167,0.189,0.279
0022200266,1610612761,Raptors,TOR,Toronto,240.000000:00,0.391,0.248,0.136,0.333,0.652,0.085,0.212,0.237
0022200266,1610612751,Nets,BKN,Brooklyn,240.000000:00,0.652,0.085,0.212,0.184,0.391,0.248,0.136,0.435
0022200264,1610612742,Mavericks,DAL,Dallas,240.000000:00,0.604,0.256,0.14,0.119,0.637,0.25,0.121,0.205
0022200264,1610612738,Celtics,BOS,Boston,240.000000:00,0.637,0.25,0.121,0.154,0.604,0.256,0.14,0.214
0022200263,1610612758,Kings,SAC,Sacramento,240.000000:00,0.511,0.236,0.177,0.185,0.505,0.25,0.124,0.25
0022200263,1610612737,Hawks,ATL,Atlanta,240.000000:00,0.505,0.25,0.124,0.192,0.511,0.236,0.177,0.278
0022200268,1610612760,Thunder,OKC,Oklahoma City,265.000000:00,0.526,0.289,0.093,0.214,0.557,0.466,0.176,0.4
0022200268,1610612743,Nuggets,DEN,Denver,265.000000:00,0.557,0.466,0.176,0.34,0.526,0.289,0.093,0.286
0022200267,1610612749,Bucks,MIL,Milwaukee,240.000000:00,0.522,0.278,0.182,0.204,0.598,0.207,0.126,0.152
0022200267,1610612741,Bulls,CHI,Chicago,240.000000:00,0.598,0.207,0.126,0.109,0.522,0.278,0.182,0.333
0022200270,1610612762,Jazz,UTA,Utah,240.000000:00,0.602,0.229,0.159,0.159,0.562,0.303,0.07,0.304
0022200270,1610612765,Pistons,DET,Detroit,240.000000:00,0.562,0.303,0.07,0.174,0.602,0.229,0.159,0.295
0022200258,1610612765,Pistons,DET,Detroit,240.000000:00,0.557,0.159,0.163,0.279,0.529,0.302,0.179,0.396
0022200258,1610612743,Nuggets,DEN,Denver,240.000000:00,0.529,0.302,0.179,0.313,0.557,0.159,0.163,0.349
0022200259,1610612756,Suns,PHX,Phoenix,240.000000:00,0.549,0.049,0.135,0.145,0.447,0.412,0.154,0.192
0022200259,1610612747,Lakers,LAL,Los Angeles,240.000000:00,0.447,0.412,0.154,0.135,0.549,0.049,0.135,0.218
0022200256,1610612755,76ers,PHI,Philadelphia,240.000000:00,0.515,0.162,0.104,0.351,0.606,0.163,0.155,0.211
0022200256,1610612751,Nets,BKN,Brooklyn,240.000000:00,0.606,0.163,0.155,0.105,0.515,0.162,0.104,0.421
0022200257,1610612758,Kings,SAC,Sacramento,240.000000:00,0.517,0.3,0.177,0.17,0.495,0.33,0.165,0.273
0022200257,1610612763,Grizzlies,MEM,Memphis,240.000000:00,0.495,0.33,0.165,0.236,0.517,0.3,0.177,0.283
0022200249,1610612753,Magic,ORL,Orlando,240.000000:00,0.488,0.294,0.168,0.235,0.576,0.314,0.196,0.333
0022200249,1610612754,Pacers,IND,Indiana,240.000000:00,0.576,0.314,0.196,0.267,0.488,0.294,0.168,0.275
0022200253,1610612740,Pelicans,NOP,New Orleans,240.000000:00,0.621,0.231,0.136,0.234,0.446,0.257,0.256,0.17
0022200253,1610612744,Warriors,GSW,Golden State,240.000000:00,0.446,0.257,0.256,0.085,0.621,0.231,0.136,0.298
0022200251,1610612757,Trail Blazers,POR,Portland,240.000000:00,0.516,0.204,0.152,0.235,0.599,0.291,0.139,0.262
0022200251,1610612749,Bucks,MIL,Milwaukee,240.000000:00,0.599,0.291,0.139,0.238,0.516,0.204,0.152,0.294
0022200254,1610612760,Thunder,OKC,Oklahoma City,240.000000:00,0.534,0.364,0.133,0.22,0.582,0.206,0.14,0.38
0022200254,1610612752,Knicks,NYK,New York,240.000000:00,0.582,0.206,0.14,0.28,0.534,0.364,0.133,0.28
0022200255,1610612762,Jazz,UTA,Utah,240.000000:00,0.517,0.27,0.169,0.32,0.566,0.209,0.155,0.356
0022200255,1610612746,Clippers,LAC,LA,240.000000:00,0.566,0.209,0.155,0.267,0.517,0.27,0.169,0.4
0022200250,1610612741,Bulls,CHI,Chicago,240.000000:00,0.596,0.225,0.143,0.17,0.546,0.195,0.144,0.135
0022200250,1610612738,Celtics,BOS,Boston,240.000000:00,0.546,0.195,0.144,0.096,0.596,0.225,0.143,0.277
0022200252,1610612750,Timberwolves,MIN,Minnesota,240.000000:00,0.518,0.235,0.17,0.125,0.45,0.333,0.141,0.298
0022200252,1610612748,Heat,MIA,Miami,240.000000:00,0.45,0.333,0.141,0.211,0.518,0.235,0.17,0.188
0022200248,1610612739,Cavaliers,CLE,Cleveland,240.000000:00,0.671,0.329,0.206,0.103,0.5,0.195,0.168,0.3
0022200248,1610612737,Hawks,ATL,Atlanta,240.000000:00,0.5,0.195,0.168,0.2,0.671,0.329,0.206,0.138
0022200240,1610612756,Suns,PHX,Phoenix,240.000000:00,0.51,0.178,0.13,0.367,0.441,0.294,0.113,0.264
0022200240,1610612752,Knicks,NYK,New York,240.000000:00,0.441,0.294,0.113,0.189,0.51,0.178,0.13,0.45
0022200246,1610612743,Nuggets,DEN,Denver,240.000000:00,0.532,0.244,0.163,0.093,0.545,0.269,0.138,0.167
0022200246,1610612742,Mavericks,DAL,Dallas,240.000000:00,0.545,0.269,0.138,0.125,0.532,0.244,0.163,0.233
0022200244,1610612748,Heat,MIA,Miami,240.000000:00,0.425,0.275,0.169,0.22,0.608,0.193,0.206,0.436
0022200244,1610612739,Cavaliers,CLE,Cleveland,240.000000:00,0.608,0.193,0.206,0.333,0.425,0.275,0.169,0.26
0022200241,1610612764,Wizards,WAS,Washington,240.000000:00,0.5,0.194,0.164,0.255,0.43,0.23,0.12,0.397
0022200241,1610612766,Hornets,CHA,Charlotte,240.000000:00,0.43,0.23,0.12,0.238,0.5,0.194,0.164,0.327
0022200243,1610612763,Grizzlies,MEM,Memphis,240.000000:00,0.495,0.313,0.091,0.203,0.699,0.181,0.183,0.139
0022200243,1610612751,Nets,BKN,Brooklyn,240.000000:00,0.699,0.181,0.183,0.139,0.495,0.313,0.091,0.281
0022200242,1610612758,Kings,SAC,Sacramento,240.000000:00,0.624,0.412,0.106,0.205,0.612,0.258,0.119,0.227
0022200242,1610612765,Pistons,DET,Detroit,240.000000:00,0.612,0.258,0.119,0.227,0.624,0.412,0.106,0.308
0022200247,1610612759,Spurs,SAS,San Antonio,240.000000:00,0.424,0.095,0.094,0.188,0.6,0.282,0.142,0.195
0022200247,1610612747,Lakers,LAL,Los Angeles,240.000000:00,0.6,0.282,0.142,0.122,0.424,0.095,0.094,0.232
0022200245,1610612745,Rockets,HOU,Houston,240.000000:00,0.539,0.3,0.135,0.235,0.674,0.174,0.167,0.209
0022200245,1610612744,Warriors,GSW,Golden State,240.000000:00,0.674,0.174,0.167,0.186,0.539,0.3,0.135,0.314
0022200236,1610612753,Magic,ORL,Orlando,240.000000:00,0.516,0.286,0.107,0.196,0.556,0.211,0.148,0.353
0022200236,1610612754,Pacers,IND,Indiana,240.000000:00,0.556,0.211,0.148,0.235,0.516,0.286,0.107,0.339
0022200238,1610612762,Jazz,UTA,Utah,240.000000:00,0.538,0.253,0.126,0.224,0.548,0.325,0.175,0.298
0022200238,1610612757,Trail Blazers,POR,Portland,240.000000:00,0.548,0.325,0.175,0.213,0.538,0.253,0.126,0.286
0022200237,1610612755,76ers,PHI,Philadelphia,240.000000:00,0.577,0.451,0.213,0.1,0.541,0.282,0.186,0.229
0022200237,1610612750,Timberwolves,MIN,Minnesota,240.000000:00,0.541,0.282,0.186,0.167,0.577,0.451,0.213,0.1
0022200239,1610612759,Spurs,SAS,San Antonio,240.000000:00,0.454,0.241,0.156,0.294,0.673,0.235,0.136,0.25
0022200239,1610612746,Clippers,LAC,LA,240.000000:00,0.673,0.235,0.136,0.175,0.454,0.241,0.156,0.333
0022200235,1610612761,Raptors,TOR,Toronto,265.000000:00,0.481,0.204,0.122,0.274,0.538,0.348,0.136,0.24
0022200235,1610612737,Hawks,ATL,Atlanta,265.000000:00,0.538,0.348,0.136,0.22,0.481,0.204,0.122,0.323
0022200233,1610612752,Knicks,NYK,New York,240.000000:00,0.397,0.391,0.152,0.224,0.549,0.22,0.17,0.315
0022200233,1610612744,Warriors,GSW,Golden State,240.000000:00,0.549,0.22,0.17,0.222,0.397,0.391,0.152,0.293
0022200229,1610612760,Thunder,OKC,Oklahoma City,240.000000:00,0.526,0.115,0.106,0.151,0.495,0.43,0.105,0.35
0022200229,1610612763,Grizzlies,MEM,Memphis,240.000000:00,0.495,0.43,0.105,0.283,0.526,0.115,0.106,0.208
0022200228,1610612754,Pacers,IND,Indiana,240.000000:00,0.476,0.329,0.155,0.231,0.372,0.372,0.165,0.362
0022200228,1610612745,Rockets,HOU,Houston,240.000000:00,0.372,0.372,0.165,0.241,0.476,0.329,0.155,0.269
0022200230,1610612743,Nuggets,DEN,Denver,240.000000:00,0.478,0.2,0.133,0.232,0.682,0.364,0.107,0.188
0022200230,1610612742,Mavericks,DAL,Dallas,240.000000:00,0.682,0.364,0.107,0.188,0.478,0.2,0.133,0.268
0022200224,1610612764,Wizards,WAS,Washington,265.000000:00,0.505,0.146,0.145,0.14,0.413,0.327,0.089,0.258
0022200224,1610612748,Heat,MIA,Miami,265.000000:00,0.413,0.327,0.089,0.152,0.505,0.146,0.145,0.193
0022200232,1610612762,Jazz,UTA,Utah,240.000000:00,0.648,0.264,0.158,0.239,0.569,0.298,0.129,0.391
0022200232,1610612756,Suns,PHX,Phoenix,240.000000:00,0.569,0.298,0.129,0.261,0.648,0.264,0.158,0.304
0022200225,1610612739,Cavaliers,CLE,Cleveland,290.000000:00,0.576,0.348,0.168,0.149,0.464,0.218,0.134,0.333
0022200225,1610612766,Hornets,CHA,Charlotte,290.000000:00,0.464,0.218,0.134,0.246,0.576,0.348,0.168,0.213
0022200231,1610612740,Pelicans,NOP,New Orleans,240.000000:00,0.569,0.149,0.132,0.156,0.6,0.2,0.173,0.289
0022200231,1610612738,Celtics,BOS,Boston,240.000000:00,0.6,0.2,0.173,0.244,0.569,0.149,0.132,0.178
0022200227,1610612753,Magic,ORL,Orlando,240.000000:00,0.571,0.286,0.165,0.15,0.489,0.281,0.112,0.3
0022200227,1610612741,Bulls,CHI,Chicago,240.000000:00,0.489,0.281,0.112,0.26,0.571,0.286,0.165,0.175
0022200226,1610612755,76ers,PHI,Philadelphia,240.000000:00,0.596,0.333,0.177,0.14,0.522,0.233,0.125,0.226
0022200226,1610612749,Bucks,MIL,Milwaukee,240.000000:00,0.522,0.233,0.125,0.151,0.596,0.333,0.177,0.163
0022200234,1610612747,Lakers,LAL,Los Angeles,240.000000:00,0.596,0.513,0.153,0.184,0.527,0.348,0.103,0.24
0022200234,1610612765,Pistons,DET,Detroit,240.000000:00,0.527,0.348,0.103,0.2,0.596,0.513,0.153,0.211
0022200223,1610612746,Clippers,LAC,LA,240.000000:00,0.475,0.296,0.181,0.2,0.409,0.273,0.128,0.254
0022200223,1610612765,Pistons,DET,Detroit,240.000000:00,0.409,0.273,0.128,0.169,0.475,0.296,0.181,0.3
0022200221,1610612757,Trail Blazers,POR,Portland,240.000000:00,0.457,0.29,0.094,0.131,0.576,0.291,0.168,0.205
0022200221,1610612751,Nets,BKN,Brooklyn,240.000000:00,0.576,0.291,0.168,0.128,0.457,0.29,0.094,0.279
0022200222,1610612759,Spurs,SAS,San Antonio,240.000000:00,0.613,0.143,0.188,0.175,0.651,0.289,0.121,0.229
0022200222,1610612758,Kings,SAC,Sacramento,240.000000:00,0.651,0.289,0.121,0.171,0.613,0.143,0.188,0.225
0022200220,1610612756,Suns,PHX,Phoenix,240.000000:00,0.634,0.291,0.152,0.186,0.554,0.185,0.154,0.18
0022200220,1610612744,Warriors,GSW,Golden State,240.000000:00,0.554,0.185,0.154,0.12,0.634,0.291,0.152,0.186
0022200216,1610612749,Bucks,MIL,Milwaukee,240.000000:00,0.57,0.314,0.142,0.255,0.5,0.202,0.086,0.163
0022200216,1610612739,Cavaliers,CLE,Cleveland,240.000000:00,0.5,0.202,0.086,0.122,0.57,0.314,0.142,0.392
0022200218,1610612745,Rockets,HOU,Houston,240.000000:00,0.533,0.32,0.231,0.22,0.363,0.186,0.058,0.268
0022200218,1610612742,Mavericks,DAL,Dallas,240.000000:00,0.363,0.186,0.058,0.183,0.533,0.32,0.231,0.293
0022200219,1610612752,Knicks,NYK,New York,240.000000:00,0.488,0.369,0.08,0.118,0.524,0.244,0.153,0.25
0022200219,1610612743,Nuggets,DEN,Denver,240.000000:00,0.524,0.244,0.153,0.167,0.488,0.369,0.08,0.235
0022200212,1610612753,Magic,ORL,Orlando,240.000000:00,0.5,0.183,0.153,0.235,0.591,0.318,0.106,0.222
0022200212,1610612750,Timberwolves,MIN,Minnesota,240.000000:00,0.591,0.318,0.106,0.178,0.5,0.183,0.153,0.314
0022200211,1610612754,Pacers,IND,Indiana,240.000000:00,0.604,0.378,0.136,0.179,0.521,0.191,0.17,0.373
0022200211,1610612766,Hornets,CHA,Charlotte,240.000000:00,0.521,0.191,0.17,0.275,0.604,0.378,0.136,0.205
0022200215,1610612761,Raptors,TOR,Toronto,240.000000:00,0.552,0.256,0.149,0.356,0.644,0.333,0.243,0.182
0022200215,1610612748,Heat,MIA,Miami,240.000000:00,0.644,0.333,0.243,0.121,0.552,0.256,0.149,0.422
0022200217,1610612740,Pelicans,NOP,New Orleans,240.000000:00,0.606,0.282,0.152,0.273,0.556,0.191,0.118,0.234
0022200217,1610612741,Bulls,CHI,Chicago,240.000000:00,0.556,0.191,0.118,0.149,0.606,0.282,0.152,0.318
0022200214,1610612738,Celtics,BOS,Boston,240.000000:00,0.665,0.114,0.148,0.15,0.45,0.129,0.088,0.262
0022200214,1610612737,Hawks,ATL,Atlanta,240.000000:00,0.45,0.129,0.088,0.23,0.665,0.114,0.148,0.175
0022200213,1610612764,Wizards,WAS,Washington,240.000000:00,0.61,0.198,0.187,0.262,0.642,0.321,0.152,0.225
0022200213,1610612760,Thunder,OKC,Oklahoma City,240.000000:00,0.642,0.321,0.152,0.225,0.61,0.198,0.187,0.31
0022200208,1610612762,Jazz,UTA,Utah,240.000000:00,0.518,0.361,0.205,0.306,0.532,0.269,0.133,0.321
0022200208,1610612752,Knicks,NYK,New York,240.000000:00,0.532,0.269,0.133,0.245,0.518,0.361,0.205,0.327
0022200209,1610612759,Spurs,SAS,San Antonio,240.000000:00,0.571,0.2,0.189,0.244,0.614,0.329,0.173,0.275
0022200209,1610612757,Trail Blazers,POR,Portland,240.000000:00,0.614,0.329,0.173,0.225,0.571,0.2,0.189,0.289
0022200206,1610612740,Pelicans,NOP,New Orleans,240.000000:00,0.571,0.132,0.101,0.14,0.462,0.272,0.11,0.298
0022200206,1610612763,Grizzlies,MEM,Memphis,240.000000:00,0.462,0.272,0.11,0.246,0.571,0.132,0.101,0.2
0022200210,1610612758,Kings,SAC,Sacramento,240.000000:00,0.702,0.266,0.15,0.22,0.562,0.407,0.155,0.122
0022200210,1610612751,Nets,BKN,Brooklyn,240.000000:00,0.562,0.407,0.155,0.073,0.702,0.266,0.15,0.341
0022200207,1610612746,Clippers,LAC,LA,240.000000:00,0.625,0.406,0.225,0.091,0.544,0.3,0.127,0.176
0022200207,1610612742,Mavericks,DAL,Dallas,240.000000:00,0.544,0.3,0.127,0.157,0.625,0.406,0.225,0.121
0022200200,1610612753,Magic,ORL,Orlando,240.000000:00,0.489,0.261,0.224,0.407,0.517,0.273,0.133,0.375
0022200200,1610612766,Hornets,CHA,Charlotte,240.000000:00,0.517,0.273,0.133,0.292,0.489,0.261,0.224,0.481
0022200204,1610612749,Bucks,MIL,Milwaukee,240.000000:00,0.451,0.5,0.16,0.212,0.516,0.326,0.089,0.28
0022200204,1610612737,Hawks,ATL,Atlanta,240.000000:00,0.516,0.326,0.089,0.26,0.451,0.5,0.16,0.327
0022200199,1610612761,Raptors,TOR,Toronto,240.000000:00,0.537,0.341,0.171,0.286,0.519,0.558,0.183,0.375
0022200199,1610612765,Pistons,DET,Detroit,240.000000:00,0.519,0.558,0.183,0.229,0.537,0.341,0.171,0.31
0022200201,1610612760,Thunder,OKC,Oklahoma City,240.000000:00,0.536,0.214,0.171,0.189,0.531,0.302,0.124,0.208
0022200201,1610612738,Celtics,BOS,Boston,240.000000:00,0.531,0.302,0.124,0.189,0.536,0.214,0.171,0.264
0022200205,1610612759,Spurs,SAS,San Antonio,240.000000:00,0.41,0.19,0.18,0.328,0.665,0.182,0.126,0.195
0022200205,1610612744,Warriors,GSW,Golden State,240.000000:00,0.665,0.182,0.126,0.122,0.41,0.19,0.18,0.418
0022200202,1610612756,Suns,PHX,Phoenix,240.000000:00,0.556,0.04,0.148,0.385,0.548,0.301,0.163,0.435
0022200202,1610612748,Heat,MIA,Miami,240.000000:00,0.548,0.301,0.163,0.37,0.556,0.04,0.148,0.481
0022200203,1610612746,Clippers,LAC,LA,240.000000:00,0.593,0.407,0.164,0.214,0.506,0.36,0.135,0.283
0022200203,1610612745,Rockets,HOU,Houston,240.000000:00,0.506,0.36,0.135,0.189,0.593,0.407,0.164,0.286
0022200198,1610612747,Lakers,LAL,Los Angeles,240.000000:00,0.544,0.22,0.093,0.25,0.494,0.388,0.132,0.25
0022200198,1610612751,Nets,BKN,Brooklyn,240.000000:00,0.494,0.388,0.132,0.167,0.544,0.22,0.093,0.313
0022200197,1610612758,Kings,SAC,Sacramento,240.000000:00,0.604,0.209,0.15,0.188,0.556,0.178,0.168,0.224
0022200197,1610612744,Warriors,GSW,Golden State,240.000000:00,0.556,0.178,0.168,0.163,0.604,0.209,0.15,0.271
0022200194,1610612764,Wizards,WAS,Washington,240.000000:00,0.529,0.244,0.148,0.167,0.443,0.104,0.164,0.333
0022200194,1610612763,Grizzlies,MEM,Memphis,240.000000:00,0.443,0.104,0.164,0.233,0.529,0.244,0.148,0.241
0022200196,1610612743,Nuggets,DEN,Denver,240.000000:00,0.681,0.263,0.16,0.143,0.531,0.259,0.188,0.238
0022200196,1610612741,Bulls,CHI,Chicago,240.000000:00,0.531,0.259,0.188,0.19,0.681,0.263,0.16,0.143
0022200195,1610612762,Jazz,UTA,Utah,240.000000:00,0.452,0.245,0.173,0.29,0.506,0.313,0.122,0.239
0022200195,1610612755,76ers,PHI,Philadelphia,240.000000:00,0.506,0.313,0.122,0.174,0.452,0.245,0.173,0.452
0022200193,1610612750,Timberwolves,MIN,Minnesota,240.000000:00,0.634,0.415,0.131,0.282,0.545,0.438,0.1,0.309
0022200193,1610612739,Cavaliers,CLE,Cleveland,240.000000:00,0.545,0.438,0.1,0.291,0.634,0.415,0.131,0.282
0022200192,1610612760,Thunder,OKC,Oklahoma City,240.000000:00,0.722,0.227,0.17,0.118,0.546,0.34,0.117,0.314
0022200192,1610612752,Knicks,NYK,New York,240.000000:00,0.546,0.34,0.117,0.255,0.722,0.227,0.17,0.265
0022200191,1610612740,Pelicans,NOP,New Orleans,240.000000:00,0.535,0.36,0.12,0.261,0.582,0.228,0.253,0.31
0022200191,1610612745,Rockets,HOU,Houston,240.000000:00,0.582,0.228,0.253,0.238,0.535,0.36,0.12,0.283
0022200188,1610612755,76ers,PHI,Philadelphia,240.000000:00,0.6,0.388,0.116,0.053,0.483,0.303,0.176,0.385
0022200188,1610612737,Hawks,ATL,Atlanta,240.000000:00,0.483,0.303,0.176,0.231,0.6,0.388,0.116,0.158
0022200187,1610612761,Raptors,TOR,Toronto,240.000000:00,0.431,0.309,0.117,0.267,0.616,0.28,0.206,0.349
0022200187,1610612754,Pacers,IND,Indiana,240.000000:00,0.616,0.28,0.206,0.256,0.431,0.309,0.117,0.3
0022200185,1610612764,Wizards,WAS,Washington,240.000000:00,0.591,0.227,0.09,0.133,0.543,0.117,0.116,0.216
0022200185,1610612762,Jazz,UTA,Utah,240.000000:00,0.543,0.117,0.116,0.137,0.591,0.227,0.09,0.156
0022200186,1610612765,Pistons,DET,Detroit,240.000000:00,0.506,0.236,0.138,0.212,0.527,0.264,0.07,0.222
0022200186,1610612738,Celtics,BOS,Boston,240.000000:00,0.527,0.264,0.07,0.167,0.506,0.236,0.138,0.288
0022200190,1610612757,Trail Blazers,POR,Portland,240.000000:00,0.531,0.438,0.126,0.25,0.593,0.321,0.114,0.227
0022200190,1610612742,Mavericks,DAL,Dallas,240.000000:00,0.593,0.321,0.114,0.159,0.531,0.438,0.126,0.292
0022200184,1610612746,Clippers,LAC,LA,240.000000:00,0.465,0.235,0.177,0.189,0.578,0.253,0.131,0.174
0022200184,1610612751,Nets,BKN,Brooklyn,240.000000:00,0.578,0.253,0.131,0.13,0.465,0.235,0.177,0.283
0022200189,1610612748,Heat,MIA,Miami,240.000000:00,0.613,0.226,0.114,0.196,0.561,0.178,0.114,0.152
0022200189,1610612766,Hornets,CHA,Charlotte,240.000000:00,0.561,0.178,0.114,0.087,0.613,0.226,0.114,0.261
0022200181,1610612750,Timberwolves,MIN,Minnesota,240.000000:00,0.532,0.278,0.155,0.159,0.54,0.307,0.142,0.408
0022200181,1610612763,Grizzlies,MEM,Memphis,240.000000:00,0.54,0.307,0.142,0.306,0.532,0.278,0.155,0.227
0022200183,1610612758,Kings,SAC,Sacramento,240.000000:00,0.586,0.241,0.148,0.238,0.534,0.295,0.141,0.354
0022200183,1610612747,Lakers,LAL,Los Angeles,240.000000:00,0.534,0.295,0.141,0.292,0.586,0.241,0.148,0.31
0022200179,1610612761,Raptors,TOR,Toronto,240.000000:00,0.494,0.409,0.151,0.269,0.64,0.183,0.182,0.409
0022200179,1610612760,Thunder,OKC,Oklahoma City,240.000000:00,0.64,0.183,0.182,0.341,0.494,0.409,0.151,0.346
0022200177,1610612756,Suns,PHX,Phoenix,240.000000:00,0.468,0.095,0.111,0.19,0.616,0.183,0.159,0.275
0022200177,1610612753,Magic,ORL,Orlando,240.000000:00,0.616,0.183,0.159,0.225,0.468,0.095,0.111,0.293
0022200178,1610612752,Knicks,NYK,New York,240.000000:00,0.5,0.309,0.108,0.296,0.506,0.513,0.148,0.319
0022200178,1610612765,Pistons,DET,Detroit,240.000000:00,0.506,0.513,0.148,0.255,0.5,0.309,0.108,0.37
0022200176,1610612743,Nuggets,DEN,Denver,240.000000:00,0.522,0.217,0.063,0.208,0.644,0.222,0.073,0.293
0022200176,1610612738,Celtics,BOS,Boston,240.000000:00,0.644,0.222,0.073,0.244,0.522,0.217,0.063,0.283
0022200180,1610612759,Spurs,SAS,San Antonio,240.000000:00,0.576,0.176,0.187,0.209,0.388,0.235,0.163,0.394
0022200180,1610612749,Bucks,MIL,Milwaukee,240.000000:00,0.388,0.235,0.163,0.296,0.576,0.176,0.187,0.326
0022200182,1610612744,Warriors,GSW,Golden State,240.000000:00,0.579,0.171,0.158,0.186,0.446,0.283,0.127,0.298
0022200182,1610612739,Cavaliers,CLE,Cleveland,240.000000:00,0.446,0.283,0.127,0.246,0.579,0.171,0.158,0.186
0022200172,1610612764,Wizards,WAS,Washington,240.000000:00,0.56,0.238,0.167,0.182,0.535,0.244,0.128,0.185
0022200172,1610612742,Mavericks,DAL,Dallas,240.000000:00,0.535,0.244,0.128,0.13,0.56,0.238,0.167,0.205
0022200173,1610612755,76ers,PHI,Philadelphia,240.000000:00,0.422,0.361,0.163,0.167,0.477,0.261,0.171,0.24
0022200173,1610612737,Hawks,ATL,Atlanta,240.000000:00,0.477,0.261,0.171,0.22,0.422,0.361,0.163,0.167
0022200175,1610612757,Trail Blazers,POR,Portland,240.000000:00,0.506,0.306,0.095,0.22,0.481,0.304,0.174,0.265
0022200175,1610612740,Pelicans,NOP,New Orleans,240.000000:00,0.481,0.304,0.174,0.184,0.506,0.306,0.095,0.26
0022200174,1610612748,Heat,MIA,Miami,265.000000:00,0.489,0.4,0.101,0.145,0.568,0.227,0.191,0.286
0022200174,1610612766,Hornets,CHA,Charlotte,265.000000:00,0.568,0.227,0.191,0.163,0.489,0.4,0.101,0.182
0022200159,1610612757,Trail Blazers,POR,Portland,240.000000:00,0.607,0.333,0.188,0.2,0.429,0.264,0.119,0.367
0022200159,1610612766,Hornets,CHA,Charlotte,240.000000:00,0.429,0.264,0.119,0.333,0.607,0.333,0.188,0.325
0022200168,1610612760,Thunder,OKC,Oklahoma City,290.000000:00,0.532,0.171,0.112,0.25,0.552,0.208,0.14,0.281
0022200168,1610612749,Bucks,MIL,Milwaukee,290.000000:00,0.552,0.208,0.14,0.193,0.532,0.171,0.112,0.297
0022200162,1610612762,Jazz,UTA,Utah,240.000000:00,0.559,0.255,0.124,0.241,0.505,0.101,0.102,0.356
0022200162,1610612737,Hawks,ATL,Atlanta,240.000000:00,0.505,0.101,0.102,0.288,0.559,0.255,0.124,0.296
0022200164,1610612752,Knicks,NYK,New York,240.000000:00,0.391,0.299,0.146,0.175,0.563,0.23,0.15,0.245
0022200164,1610612751,Nets,BKN,Brooklyn,240.000000:00,0.563,0.23,0.15,0.224,0.391,0.299,0.146,0.222
0022200161,1610612753,Magic,ORL,Orlando,240.000000:00,0.548,0.288,0.195,0.1,0.441,0.224,0.063,0.123
0022200161,1610612742,Mavericks,DAL,Dallas,240.000000:00,0.441,0.224,0.063,0.07,0.548,0.288,0.195,0.25
0022200169,1610612759,Spurs,SAS,San Antonio,265.000000:00,0.541,0.235,0.112,0.241,0.582,0.133,0.189,0.417
0022200169,1610612763,Grizzlies,MEM,Memphis,265.000000:00,0.582,0.133,0.189,0.375,0.541,0.235,0.112,0.333
0022200167,1610612756,Suns,PHX,Phoenix,240.000000:00,0.567,0.206,0.103,0.2,0.583,0.41,0.184,0.2
0022200167,1610612750,Timberwolves,MIN,Minnesota,240.000000:00,0.583,0.41,0.184,0.2,0.567,0.206,0.103,0.3
0022200160,1610612754,Pacers,IND,Indiana,240.000000:00,0.542,0.198,0.162,0.208,0.557,0.295,0.199,0.277
0022200160,1610612743,Nuggets,DEN,Denver,240.000000:00,0.557,0.295,0.199,0.234,0.542,0.198,0.162,0.264
0022200163,1610612765,Pistons,DET,Detroit,240.000000:00,0.455,0.449,0.098,0.273,0.636,0.239,0.127,0.209
0022200163,1610612738,Celtics,BOS,Boston,240.000000:00,0.636,0.239,0.127,0.186,0.455,0.449,0.098,0.327
0022200171,1610612758,Kings,SAC,Sacramento,240.000000:00,0.638,0.461,0.091,0.054,0.599,0.233,0.179,0.415
0022200171,1610612739,Cavaliers,CLE,Cleveland,240.000000:00,0.599,0.233,0.179,0.293,0.638,0.461,0.091,0.135
0022200166,1610612740,Pelicans,NOP,New Orleans,240.000000:00,0.518,0.429,0.156,0.283,0.546,0.207,0.144,0.159
0022200166,1610612741,Bulls,CHI,Chicago,240.000000:00,0.546,0.207,0.144,0.136,0.518,0.429,0.156,0.348
0022200170,1610612747,Lakers,LAL,Los Angeles,240.000000:00,0.511,0.193,0.155,0.16,0.58,0.321,0.148,0.186
0022200170,1610612746,Clippers,LAC,LA,240.000000:00,0.58,0.321,0.148,0.14,0.511,0.193,0.155,0.24
0022200165,1610612761,Raptors,TOR,Toronto,240.000000:00,0.485,0.196,0.128,0.349,0.494,0.369,0.164,0.367
0022200165,1610612745,Rockets,HOU,Houston,240.000000:00,0.494,0.369,0.164,0.327,0.485,0.196,0.128,0.46
0022200150,1610612757,Trail Blazers,POR,Portland,240.000000:00,0.639,0.292,0.197,0.114,0.56,0.179,0.123,0.196
0022200150,1610612748,Heat,MIA,Miami,240.000000:00,0.56,0.179,0.123,0.109,0.639,0.292,0.197,0.143
0022200144,1610612764,Wizards,WAS,Washington,240.000000:00,0.556,0.375,0.153,0.238,0.441,0.158,0.108,0.361
0022200144,1610612766,Hornets,CHA,Charlotte,240.000000:00,0.441,0.158,0.108,0.279,0.556,0.375,0.153,0.286
0022200151,1610612761,Raptors,TOR,Toronto,240.000000:00,0.476,0.259,0.143,0.098,0.581,0.275,0.214,0.263
0022200151,1610612741,Bulls,CHI,Chicago,240.000000:00,0.581,0.275,0.214,0.237,0.476,0.259,0.143,0.157
0022200149,1610612749,Bucks,MIL,Milwaukee,240.000000:00,0.489,0.184,0.178,0.118,0.52,0.172,0.113,0.321
0022200149,1610612737,Hawks,ATL,Atlanta,240.000000:00,0.52,0.172,0.113,0.214,0.489,0.184,0.178,0.235
0022200146,1610612760,Thunder,OKC,Oklahoma City,240.000000:00,0.451,0.167,0.097,0.25,0.468,0.355,0.149,0.414
0022200146,1610612765,Pistons,DET,Detroit,240.000000:00,0.468,0.355,0.149,0.276,0.451,0.167,0.097,0.297
0022200156,1610612758,Kings,SAC,Sacramento,240.000000:00,0.484,0.319,0.104,0.158,0.58,0.239,0.144,0.217
0022200156,1610612744,Warriors,GSW,Golden State,240.000000:00,0.58,0.239,0.144,0.174,0.484,0.319,0.104,0.228
0022200158,1610612746,Clippers,LAC,LA,240.000000:00,0.614,0.354,0.093,0.093,0.614,0.253,0.171,0.302
0022200158,1610612739,Cavaliers,CLE,Cleveland,240.000000:00,0.614,0.253,0.171,0.233,0.614,0.354,0.093,0.093
0022200147,1610612740,Pelicans,NOP,New Orleans,240.000000:00,0.567,0.175,0.099,0.26,0.628,0.267,0.165,0.289
0022200147,1610612754,Pacers,IND,Indiana,240.000000:00,0.628,0.267,0.165,0.222,0.567,0.175,0.099,0.28
0022200152,1610612763,Grizzlies,MEM,Memphis,240.000000:00,0.533,0.154,0.11,0.154,0.537,0.341,0.147,0.208
0022200152,1610612738,Celtics,BOS,Boston,240.000000:00,0.537,0.341,0.147,0.146,0.533,0.154,0.11,0.231
0022200157,1610612762,Jazz,UTA,Utah,240.000000:00,0.642,0.232,0.137,0.222,0.543,0.366,0.154,0.209
0022200157,1610612747,Lakers,LAL,Los Angeles,240.000000:00,0.543,0.366,0.154,0.163,0.642,0.232,0.137,0.356
0022200153,1610612752,Knicks,NYK,New York,240.000000:00,0.545,0.281,0.173,0.173,0.537,0.296,0.171,0.205
0022200153,1610612750,Timberwolves,MIN,Minnesota,240.000000:00,0.537,0.296,0.171,0.091,0.545,0.281,0.173,0.308
0022200155,1610612742,Mavericks,DAL,Dallas,240.000000:00,0.528,0.333,0.238,0.286,0.5,0.238,0.158,0.34
0022200155,1610612751,Nets,BKN,Brooklyn,240.000000:00,0.5,0.238,0.158,0.298,0.528,0.333,0.238,0.429
0022200148,1610612756,Suns,PHX,Phoenix,240.000000:00,0.479,0.301,0.164,0.14,0.463,0.388,0.169,0.373
0022200148,1610612755,76ers,PHI,Philadelphia,240.000000:00,0.463,0.388,0.169,0.294,0.479,0.301,0.164,0.186
0022200145,1610612753,Magic,ORL,Orlando,240.000000:00,0.622,0.378,0.191,0.268,0.667,0.287,0.208,0.391
0022200145,1610612745,Rockets,HOU,Houston,240.000000:00,0.667,0.287,0.208,0.304,0.622,0.378,0.191,0.366
0022200154,1610612759,Spurs,SAS,San Antonio,240.000000:00,0.598,0.22,0.231,0.233,0.58,0.227,0.199,0.356
0022200154,1610612743,Nuggets,DEN,Denver,240.000000:00,0.58,0.227,0.199,0.178,0.598,0.22,0.231,0.256
0022200140,1610612747,Lakers,LAL,Los Angeles,240.000000:00,0.506,0.241,0.165,0.189,0.488,0.429,0.134,0.286
0022200140,1610612739,Cavaliers,CLE,Cleveland,240.000000:00,0.488,0.429,0.134,0.184,0.506,0.241,0.165,0.226
0022200143,1610612762,Jazz,UTA,Utah,240.000000:00,0.567,0.347,0.209,0.171,0.54,0.149,0.136,0.213
0022200143,1610612746,Clippers,LAC,LA,240.000000:00,0.54,0.149,0.136,0.085,0.567,0.347,0.209,0.244
0022200142,1610612764,Wizards,WAS,Washington,240.000000:00,0.469,0.104,0.105,0.259,0.478,0.22,0.111,0.291
0022200142,1610612763,Grizzlies,MEM,Memphis,240.000000:00,0.478,0.22,0.111,0.218,0.469,0.104,0.105,0.276
0022200141,1610612761,Raptors,TOR,Toronto,240.000000:00,0.476,0.194,0.092,0.383,0.528,0.148,0.178,0.347
0022200141,1610612741,Bulls,CHI,Chicago,240.000000:00,0.528,0.148,0.178,0.306,0.476,0.194,0.092,0.433
0022200134,1610612740,Pelicans,NOP,New Orleans,265.000000:00,0.468,0.259,0.136,0.297,0.5,0.243,0.113,0.276
0022200134,1610612737,Hawks,ATL,Atlanta,265.000000:00,0.5,0.243,0.113,0.207,0.468,0.259,0.136,0.375
0022200135,1610612752,Knicks,NYK,New York,240.000000:00,0.572,0.178,0.141,0.267,0.688,0.136,0.132,0.22
0022200135,1610612738,Celtics,BOS,Boston,240.000000:00,0.688,0.136,0.132,0.195,0.572,0.178,0.141,0.311
0022200137,1610612750,Timberwolves,MIN,Minnesota,240.000000:00,0.706,0.25,0.231,0.273,0.571,0.369,0.212,0.375
0022200137,1610612745,Rockets,HOU,Houston,240.000000:00,0.571,0.369,0.212,0.25,0.706,0.25,0.231,0.273
0022200139,1610612757,Trail Blazers,POR,Portland,240.000000:00,0.424,0.304,0.181,0.154,0.494,0.341,0.144,0.313
0022200139,1610612756,Suns,PHX,Phoenix,240.000000:00,0.494,0.341,0.144,0.229,0.424,0.304,0.181,0.269
0022200136,1610612760,Thunder,OKC,Oklahoma City,240.000000:00,0.5,0.19,0.163,0.184,0.517,0.189,0.193,0.396
0022200136,1610612749,Bucks,MIL,Milwaukee,240.000000:00,0.517,0.189,0.193,0.34,0.5,0.19,0.163,0.204
0022200138,1610612759,Spurs,SAS,San Antonio,240.000000:00,0.563,0.238,0.154,0.13,0.695,0.115,0.181,0.351
0022200138,1610612743,Nuggets,DEN,Denver,240.000000:00,0.695,0.115,0.181,0.27,0.563,0.238,0.154,0.174
0022200132,1610612758,Kings,SAC,Sacramento,265.000000:00,0.586,0.28,0.125,0.118,0.565,0.217,0.161,0.214
0022200132,1610612753,Magic,ORL,Orlando,265.000000:00,0.565,0.217,0.161,0.167,0.586,0.28,0.125,0.157
0022200133,1610612766,Hornets,CHA,Charlotte,240.000000:00,0.453,0.267,0.153,0.236,0.464,0.262,0.115,0.255
0022200133,1610612751,Nets,BKN,Brooklyn,240.000000:00,0.464,0.262,0.115,0.176,0.453,0.267,0.153,0.345
0022200125,1610612763,Grizzlies,MEM,Memphis,240.000000:00,0.592,0.184,0.178,0.367,0.43,0.36,0.17,0.25
0022200125,1610612766,Hornets,CHA,Charlotte,240.000000:00,0.43,0.36,0.17,0.214,0.592,0.184,0.178,0.388
0022200129,1610612750,Timberwolves,MIN,Minnesota,240.000000:00,0.484,0.185,0.152,0.175,0.582,0.329,0.126,0.196
0022200129,1610612749,Bucks,MIL,Milwaukee,240.000000:00,0.582,0.329,0.126,0.137,0.484,0.185,0.152,0.193
0022200128,1610612740,Pelicans,NOP,New Orleans,240.000000:00,0.58,0.358,0.159,0.214,0.577,0.352,0.225,0.189
0022200128,1610612744,Warriors,GSW,Golden State,240.000000:00,0.577,0.352,0.225,0.081,0.58,0.358,0.159,0.333
0022200121,1610612748,Heat,MIA,Miami,240.000000:00,0.451,0.321,0.184,0.16,0.538,0.288,0.182,0.174
0022200121,1610612754,Pacers,IND,Indiana,240.000000:00,0.538,0.288,0.182,0.109,0.451,0.321,0.184,0.24
0022200126,1610612759,Spurs,SAS,San Antonio,240.000000:00,0.545,0.205,0.126,0.113,0.619,0.238,0.158,0.179
0022200126,1610612746,Clippers,LAC,LA,240.000000:00,0.619,0.238,0.158,0.077,0.545,0.205,0.126,0.17
0022200131,1610612762,Jazz,UTA,Utah,240.000000:00,0.587,0.097,0.08,0.288,0.548,0.337,0.113,0.267
0022200131,1610612747,Lakers,LAL,Los Angeles,240.000000:00,0.548,0.337,0.113,0.2,0.587,0.097,0.08,0.365
0022200124,1610612741,Bulls,CHI,Chicago,240.000000:00,0.584,0.301,0.159,0.095,0.548,0.47,0.131,0.25
0022200124,1610612738,Celtics,BOS,Boston,240.000000:00,0.548,0.47,0.131,0.159,0.584,0.301,0.159,0.214
0022200123,1610612764,Wizards,WAS,Washington,240.000000:00,0.41,0.265,0.132,0.127,0.633,0.156,0.092,0.2
0022200123,1610612751,Nets,BKN,Brooklyn,240.000000:00,0.633,0.156,0.092,0.175,0.41,0.265,0.132,0.218
0022200130,1610612757,Trail Blazers,POR,Portland,240.000000:00,0.565,0.176,0.183,0.256,0.518,0.253,0.177,0.298
0022200130,1610612756,Suns,PHX,Phoenix,240.000000:00,0.518,0.253,0.177,0.277,0.565,0.176,0.183,0.349
0022200122,1610612755,76ers,PHI,Philadelphia,240.000000:00,0.444,0.214,0.137,0.2,0.519,0.338,0.212,0.311
0022200122,1610612752,Knicks,NYK,New York,240.000000:00,0.519,0.338,0.212,0.222,0.444,0.214,0.137,0.308
0022200127,1610612761,Raptors,TOR,Toronto,240.000000:00,0.506,0.284,0.19,0.353,0.584,0.325,0.188,0.317
0022200127,1610612742,Mavericks,DAL,Dallas,240.000000:00,0.584,0.325,0.188,0.146,0.506,0.284,0.19,0.451
0022200120,1610612765,Pistons,DET,Detroit,240.000000:00,0.452,0.181,0.191,0.173,0.611,0.198,0.196,0.333
0022200120,1610612739,Cavaliers,CLE,Cleveland,240.000000:00,0.611,0.198,0.196,0.256,0.452,0.181,0.191,0.231
0022200118,1610612753,Magic,ORL,Orlando,240.000000:00,0.622,0.59,0.179,0.256,0.613,0.155,0.129,0.294
0022200118,1610612744,Warriors,GSW,Golden State,240.000000:00,0.613,0.155,0.129,0.176,0.622,0.59,0.179,0.349
0022200119,1610612760,Thunder,OKC,Oklahoma City,240.000000:00,0.516,0.204,0.099,0.2,0.643,0.19,0.194,0.225
0022200119,1610612743,Nuggets,DEN,Denver,240.000000:00,0.643,0.19,0.194,0.2,0.516,0.204,0.099,0.22
0022200113,1610612749,Bucks,MIL,Milwaukee,240.000000:00,0.522,0.261,0.154,0.288,0.487,0.19,0.201,0.13
0022200113,1610612765,Pistons,DET,Detroit,240.000000:00,0.487,0.19,0.201,0.043,0.522,0.261,0.154,0.308
0022200110,1610612752,Knicks,NYK,New York,240.000000:00,0.467,0.222,0.164,0.222,0.467,0.15,0.085,0.364
0022200110,1610612737,Hawks,ATL,Atlanta,240.000000:00,0.467,0.15,0.085,0.258,0.467,0.222,0.164,0.296
0022200111,1610612741,Bulls,CHI,Chicago,240.000000:00,0.511,0.205,0.191,0.216,0.429,0.174,0.165,0.267
0022200111,1610612766,Hornets,CHA,Charlotte,240.000000:00,0.429,0.174,0.165,0.217,0.511,0.205,0.191,0.294
0022200108,1610612764,Wizards,WAS,Washington,240.000000:00,0.609,0.41,0.086,0.2,0.577,0.238,0.084,0.188
0022200108,1610612755,76ers,PHI,Philadelphia,240.000000:00,0.577,0.238,0.084,0.125,0.609,0.41,0.086,0.2
0022200117,1610612740,Pelicans,NOP,New Orleans,265.000000:00,0.5,0.206,0.123,0.19,0.51,0.235,0.156,0.236
0022200117,1610612747,Lakers,LAL,Los Angeles,265.000000:00,0.51,0.235,0.156,0.2,0.5,0.206,0.123,0.207
0022200112,1610612746,Clippers,LAC,LA,240.000000:00,0.56,0.226,0.153,0.2,0.483,0.239,0.19,0.345
0022200112,1610612745,Rockets,HOU,Houston,240.000000:00,0.483,0.239,0.19,0.291,0.56,0.226,0.153,0.222
0022200115,1610612762,Jazz,UTA,Utah,240.000000:00,0.524,0.167,0.179,0.261,0.565,0.179,0.126,0.267
0022200115,1610612742,Mavericks,DAL,Dallas,240.000000:00,0.565,0.179,0.126,0.156,0.524,0.167,0.179,0.326
0022200114,1610612761,Raptors,TOR,Toronto,240.000000:00,0.604,0.151,0.096,0.184,0.468,0.149,0.209,0.263
0022200114,1610612759,Spurs,SAS,San Antonio,240.000000:00,0.468,0.149,0.209,0.228,0.604,0.151,0.096,0.306
0022200116,1610612757,Trail Blazers,POR,Portland,240.000000:00,0.478,0.292,0.191,0.286,0.536,0.325,0.15,0.255
0022200116,1610612763,Grizzlies,MEM,Memphis,240.000000:00,0.536,0.325,0.15,0.213,0.478,0.292,0.191,0.321
0022200109,1610612758,Kings,SAC,Sacramento,240.000000:00,0.552,0.163,0.12,0.085,0.556,0.146,0.114,0.217
0022200109,1610612748,Heat,MIA,Miami,240.000000:00,0.556,0.146,0.114,0.196,0.552,0.163,0.12,0.191
0022200107,1610612739,Cavaliers,CLE,Cleveland,265.000000:00,0.475,0.24,0.098,0.153,0.468,0.29,0.126,0.218
0022200107,1610612738,Celtics,BOS,Boston,265.000000:00,0.468,0.29,0.126,0.145,0.475,0.24,0.098,0.203
0022200105,1610612753,Magic,ORL,Orlando,240.000000:00,0.506,0.23,0.23,0.25,0.526,0.211,0.151,0.245
0022200105,1610612760,Thunder,OKC,Oklahoma City,240.000000:00,0.526,0.211,0.151,0.151,0.506,0.23,0.23,0.313
0022200106,1610612756,Suns,PHX,Phoenix,240.000000:00,0.556,0.247,0.107,0.143,0.5,0.276,0.171,0.365
0022200106,1610612750,Timberwolves,MIN,Minnesota,240.000000:00,0.5,0.276,0.171,0.192,0.556,0.247,0.107,0.265
0022200104,1610612748,Heat,MIA,Miami,240.000000:00,0.545,0.227,0.146,0.188,0.571,0.202,0.197,0.292
0022200104,1610612744,Warriors,GSW,Golden State,240.000000:00,0.571,0.202,0.197,0.208,0.545,0.227,0.146,0.292
0022200103,1610612741,Bulls,CHI,Chicago,240.000000:00,0.506,0.236,0.103,0.216,0.568,0.257,0.187,0.175
0022200103,1610612751,Nets,BKN,Brooklyn,240.000000:00,0.568,0.257,0.187,0.1,0.506,0.236,0.103,0.294
0022200102,1610612746,Clippers,LAC,LA,240.000000:00,0.477,0.195,0.139,0.154,0.432,0.261,0.141,0.281
0022200102,1610612745,Rockets,HOU,Houston,240.000000:00,0.432,0.261,0.141,0.123,0.477,0.195,0.139,0.231
0022200101,1610612762,Jazz,UTA,Utah,240.000000:00,0.579,0.247,0.154,0.22,0.446,0.457,0.147,0.359
0022200101,1610612763,Grizzlies,MEM,Memphis,240.000000:00,0.446,0.457,0.147,0.281,0.579,0.247,0.154,0.24
0022200098,1610612754,Pacers,IND,Indiana,240.000000:00,0.534,0.264,0.216,0.196,0.606,0.25,0.195,0.211
0022200098,1610612751,Nets,BKN,Brooklyn,240.000000:00,0.606,0.25,0.195,0.158,0.534,0.264,0.216,0.333
0022200099,1610612761,Raptors,TOR,Toronto,240.000000:00,0.576,0.435,0.067,0.245,0.53,0.298,0.17,0.255
0022200099,1610612737,Hawks,ATL,Atlanta,240.000000:00,0.53,0.298,0.17,0.149,0.576,0.435,0.067,0.327
0022200100,1610612749,Bucks,MIL,Milwaukee,240.000000:00,0.5,0.333,0.157,0.275,0.489,0.228,0.12,0.308
0022200100,1610612765,Pistons,DET,Detroit,240.000000:00,0.489,0.228,0.12,0.25,0.5,0.333,0.157,0.353
0022200097,1610612764,Wizards,WAS,Washington,240.000000:00,0.531,0.321,0.161,0.209,0.627,0.241,0.138,0.171
0022200097,1610612755,76ers,PHI,Philadelphia,240.000000:00,0.627,0.241,0.138,0.098,0.531,0.321,0.161,0.209
0022200096,1610612758,Kings,SAC,Sacramento,240.000000:00,0.535,0.329,0.179,0.208,0.595,0.167,0.2,0.244
0022200096,1610612766,Hornets,CHA,Charlotte,240.000000:00,0.595,0.167,0.2,0.133,0.535,0.329,0.179,0.333
0022200094,1610612756,Suns,PHX,Phoenix,240.000000:00,0.607,0.357,0.121,0.227,0.5,0.299,0.156,0.373
0022200094,1610612745,Rockets,HOU,Houston,240.000000:00,0.5,0.299,0.156,0.333,0.607,0.357,0.121,0.273
0022200092,1610612759,Spurs,SAS,San Antonio,240.000000:00,0.512,0.291,0.194,0.269,0.424,0.202,0.107,0.349
0022200092,1610612750,Timberwolves,MIN,Minnesota,240.000000:00,0.424,0.202,0.107,0.254,0.512,0.291,0.194,0.365
0022200088,1610612740,Pelicans,NOP,New Orleans,240.000000:00,0.575,0.086,0.133,0.25,0.483,0.151,0.152,0.259
0022200088,1610612746,Clippers,LAC,LA,240.000000:00,0.483,0.151,0.152,0.148,0.575,0.086,0.133,0.354
0022200093,1610612753,Magic,ORL,Orlando,240.000000:00,0.525,0.333,0.128,0.224,0.56,0.337,0.042,0.174
0022200093,1610612742,Mavericks,DAL,Dallas,240.000000:00,0.56,0.337,0.042,0.109,0.525,0.333,0.128,0.327
0022200091,1610612744,Warriors,GSW,Golden State,240.000000:00,0.489,0.272,0.143,0.241,0.566,0.458,0.154,0.326
0022200091,1610612765,Pistons,DET,Detroit,240.000000:00,0.566,0.458,0.154,0.261,0.489,0.272,0.143,0.296
0022200090,1610612752,Knicks,NYK,New York,240.000000:00,0.543,0.174,0.139,0.235,0.59,0.213,0.138,0.28
0022200090,1610612739,Cavaliers,CLE,Cleveland,240.000000:00,0.59,0.213,0.138,0.2,0.543,0.174,0.139,0.314
0022200089,1610612764,Wizards,WAS,Washington,240.000000:00,0.423,0.163,0.1,0.238,0.589,0.253,0.143,0.182
0022200089,1610612738,Celtics,BOS,Boston,240.000000:00,0.589,0.253,0.143,0.091,0.423,0.163,0.1,0.302
0022200095,1610612747,Lakers,LAL,Los Angeles,240.000000:00,0.547,0.208,0.089,0.25,0.505,0.188,0.09,0.281
0022200095,1610612743,Nuggets,DEN,Denver,240.000000:00,0.505,0.188,0.09,0.228,0.547,0.208,0.089,0.308
0022200087,1610612762,Jazz,UTA,Utah,240.000000:00,0.626,0.23,0.189,0.227,0.636,0.17,0.191,0.325
0022200087,1610612763,Grizzlies,MEM,Memphis,240.000000:00,0.636,0.17,0.191,0.25,0.626,0.23,0.189,0.295
0022200086,1610612760,Thunder,OKC,Oklahoma City,265.000000:00,0.522,0.348,0.138,0.184,0.442,0.358,0.14,0.288
0022200086,1610612742,Mavericks,DAL,Dallas,265.000000:00,0.442,0.358,0.14,0.203,0.522,0.348,0.138,0.245
0022200083,1610612754,Pacers,IND,Indiana,240.000000:00,0.548,0.277,0.119,0.304,0.585,0.317,0.093,0.163
0022200083,1610612751,Nets,BKN,Brooklyn,240.000000:00,0.585,0.317,0.093,0.14,0.548,0.277,0.119,0.446
0022200084,1610612755,76ers,PHI,Philadelphia,240.000000:00,0.582,0.342,0.186,0.182,0.519,0.363,0.177,0.222
0022200084,1610612741,Bulls,CHI,Chicago,240.000000:00,0.519,0.363,0.177,0.2,0.582,0.342,0.186,0.227
0022200082,1610612744,Warriors,GSW,Golden State,265.000000:00,0.505,0.16,0.093,0.172,0.471,0.304,0.09,0.323
0022200082,1610612766,Hornets,CHA,Charlotte,265.000000:00,0.471,0.304,0.09,0.242,0.505,0.16,0.093,0.224
0022200085,1610612749,Bucks,MIL,Milwaukee,240.000000:00,0.565,0.315,0.117,0.275,0.548,0.16,0.128,0.294
0022200085,1610612737,Hawks,ATL,Atlanta,240.000000:00,0.548,0.16,0.128,0.235,0.565,0.315,0.117,0.353
0022200081,1610612758,Kings,SAC,Sacramento,240.000000:00,0.645,0.382,0.202,0.154,0.489,0.348,0.088,0.264
0022200081,1610612748,Heat,MIA,Miami,240.000000:00,0.489,0.348,0.088,0.17,0.645,0.382,0.202,0.205
0022200080,1610612757,Trail Blazers,POR,Portland,240.000000:00,0.606,0.222,0.154,0.239,0.5,0.223,0.159,0.333
0022200080,1610612745,Rockets,HOU,Houston,240.000000:00,0.5,0.223,0.159,0.228,0.606,0.222,0.154,0.283
0022200072,1610612739,Cavaliers,CLE,Cleveland,265.000000:00,0.609,0.391,0.147,0.196,0.591,0.39,0.173,0.205
0022200072,1610612738,Celtics,BOS,Boston,265.000000:00,0.591,0.39,0.173,0.114,0.609,0.391,0.147,0.239
0022200070,1610612765,Pistons,DET,Detroit,240.000000:00,0.471,0.442,0.11,0.259,0.629,0.186,0.069,0.333
0022200070,1610612737,Hawks,ATL,Atlanta,240.000000:00,0.629,0.186,0.069,0.222,0.471,0.442,0.11,0.352
0022200079,1610612756,Suns,PHX,Phoenix,240.000000:00,0.576,0.217,0.121,0.318,0.529,0.256,0.139,0.271
0022200079,1610612740,Pelicans,NOP,New Orleans,240.000000:00,0.529,0.256,0.139,0.188,0.576,0.217,0.121,0.386
0022200074,1610612764,Wizards,WAS,Washington,240.000000:00,0.547,0.326,0.127,0.191,0.599,0.407,0.134,0.25
0022200074,1610612754,Pacers,IND,Indiana,240.000000:00,0.599,0.407,0.134,0.125,0.547,0.326,0.127,0.234
0022200071,1610612753,Magic,ORL,Orlando,240.000000:00,0.553,0.306,0.116,0.109,0.448,0.279,0.148,0.203
0022200071,1610612766,Hornets,CHA,Charlotte,240.000000:00,0.448,0.279,0.148,0.169,0.553,0.306,0.116,0.152
0022200078,1610612762,Jazz,UTA,Utah,240.000000:00,0.473,0.209,0.099,0.145,0.559,0.4,0.126,0.352
0022200078,1610612743,Nuggets,DEN,Denver,240.000000:00,0.559,0.4,0.126,0.315,0.473,0.209,0.099,0.236
0022200075,1610612752,Knicks,NYK,New York,240.000000:00,0.462,0.344,0.121,0.206,0.445,0.248,0.064,0.348
0022200075,1610612749,Bucks,MIL,Milwaukee,240.000000:00,0.445,0.248,0.064,0.275,0.462,0.344,0.121,0.302
0022200077,1610612759,Spurs,SAS,San Antonio,240.000000:00,0.628,0.302,0.19,0.19,0.52,0.263,0.12,0.37
0022200077,1610612741,Bulls,CHI,Chicago,240.000000:00,0.52,0.263,0.12,0.278,0.628,0.302,0.19,0.333
0022200076,1610612750,Timberwolves,MIN,Minnesota,240.000000:00,0.48,0.242,0.095,0.23,0.466,0.303,0.198,0.296
0022200076,1610612747,Lakers,LAL,Los Angeles,240.000000:00,0.466,0.303,0.198,0.222,0.48,0.242,0.095,0.246
0022200073,1610612761,Raptors,TOR,Toronto,240.000000:00,0.436,0.279,0.172,0.254,0.622,0.134,0.158,0.205
0022200073,1610612755,76ers,PHI,Philadelphia,240.000000:00,0.622,0.134,0.158,0.179,0.436,0.279,0.172,0.373
0022200069,1610612758,Kings,SAC,Sacramento,240.000000:00,0.554,0.265,0.134,0.205,0.609,0.196,0.136,0.304
0022200069,1610612763,Grizzlies,MEM,Memphis,240.000000:00,0.609,0.196,0.136,0.239,0.554,0.265,0.134,0.205
0022200066,1610612742,Mavericks,DAL,Dallas,265.000000:00,0.63,0.432,0.168,0.159,0.527,0.323,0.139,0.346
0022200066,1610612751,Nets,BKN,Brooklyn,265.000000:00,0.527,0.323,0.139,0.25,0.63,0.432,0.168,0.227
0022200068,1610612748,Heat,MIA,Miami,240.000000:00,0.523,0.25,0.118,0.157,0.598,0.163,0.203,0.447
0022200068,1610612744,Warriors,GSW,Golden State,240.000000:00,0.598,0.163,0.203,0.34,0.523,0.25,0.118,0.235
0022200067,1610612760,Thunder,OKC,Oklahoma City,240.000000:00,0.584,0.084,0.123,0.265,0.591,0.22,0.2,0.3
0022200067,1610612746,Clippers,LAC,LA,240.000000:00,0.591,0.22,0.2,0.25,0.584,0.084,0.123,0.286
0022200058,1610612752,Knicks,NYK,New York,265.000000:00,0.593,0.227,0.145,0.255,0.561,0.303,0.127,0.315
0022200058,1610612766,Hornets,CHA,Charlotte,265.000000:00,0.561,0.303,0.127,0.167,0.593,0.227,0.145,0.298
0022200056,1610612753,Magic,ORL,Orlando,240.000000:00,0.469,0.259,0.175,0.208,0.471,0.345,0.128,0.339
0022200056,1610612739,Cavaliers,CLE,Cleveland,240.000000:00,0.471,0.345,0.128,0.214,0.469,0.259,0.175,0.25
0022200062,1610612759,Spurs,SAS,San Antonio,240.000000:00,0.537,0.232,0.15,0.264,0.775,0.2,0.163,0.063
0022200062,1610612750,Timberwolves,MIN,Minnesota,240.000000:00,0.775,0.2,0.163,0.0,0.537,0.232,0.15,0.321
0022200064,1610612747,Lakers,LAL,Los Angeles,240.000000:00,0.489,0.178,0.135,0.13,0.505,0.228,0.107,0.192
0022200064,1610612743,Nuggets,DEN,Denver,240.000000:00,0.505,0.228,0.107,0.173,0.489,0.178,0.135,0.148
0022200061,1610612754,Pacers,IND,Indiana,240.000000:00,0.523,0.279,0.181,0.115,0.586,0.276,0.169,0.289
0022200061,1610612741,Bulls,CHI,Chicago,240.000000:00,0.586,0.276,0.169,0.2,0.523,0.279,0.181,0.327
0022200065,1610612757,Trail Blazers,POR,Portland,240.000000:00,0.513,0.333,0.195,0.229,0.592,0.218,0.183,0.4
0022200065,1610612748,Heat,MIA,Miami,240.000000:00,0.592,0.218,0.183,0.333,0.513,0.333,0.195,0.292
0022200057,1610612765,Pistons,DET,Detroit,240.000000:00,0.538,0.242,0.134,0.192,0.538,0.275,0.115,0.333
0022200057,1610612737,Hawks,ATL,Atlanta,240.000000:00,0.538,0.275,0.115,0.208,0.538,0.242,0.134,0.308
0022200060,1610612749,Bucks,MIL,Milwaukee,240.000000:00,0.5,0.33,0.18,0.275,0.436,0.349,0.132,0.218
0022200060,1610612751,Nets,BKN,Brooklyn,240.000000:00,0.436,0.349,0.132,0.127,0.5,0.33,0.18,0.314
0022200063,1610612762,Jazz,UTA,Utah,240.000000:00,0.494,0.333,0.148,0.196,0.441,0.255,0.173,0.295
0022200063,1610612745,Rockets,HOU,Houston,240.000000:00,0.441,0.255,0.173,0.23,0.494,0.333,0.148,0.286
0022200059,1610612761,Raptors,TOR,Toronto,240.000000:00,0.643,0.167,0.097,0.15,0.608,0.241,0.135,0.146
0022200059,1610612755,76ers,PHI,Philadelphia,240.000000:00,0.608,0.241,0.135,0.098,0.643,0.167,0.097,0.2
0022200054,1610612760,Thunder,OKC,Oklahoma City,240.000000:00,0.4,0.227,0.057,0.296,0.482,0.217,0.185,0.18
0022200054,1610612746,Clippers,LAC,LA,240.000000:00,0.482,0.217,0.185,0.14,0.4,0.227,0.057,0.366
0022200053,1610612740,Pelicans,NOP,New Orleans,240.000000:00,0.658,0.237,0.149,0.118,0.573,0.293,0.128,0.31
0022200053,1610612742,Mavericks,DAL,Dallas,240.000000:00,0.573,0.293,0.128,0.262,0.658,0.237,0.149,0.176
0022200055,1610612756,Suns,PHX,Phoenix,240.000000:00,0.576,0.37,0.131,0.28,0.505,0.187,0.153,0.25
0022200055,1610612744,Warriors,GSW,Golden State,240.000000:00,0.505,0.187,0.153,0.192,0.576,0.37,0.131,0.38
0022200052,1610612764,Wizards,WAS,Washington,240.000000:00,0.576,0.306,0.121,0.209,0.455,0.284,0.129,0.25
0022200052,1610612765,Pistons,DET,Detroit,240.000000:00,0.455,0.284,0.129,0.196,0.576,0.306,0.121,0.256
0022200049,1610612763,Grizzlies,MEM,Memphis,240.000000:00,0.585,0.33,0.086,0.235,0.592,0.299,0.11,0.31
0022200049,1610612751,Nets,BKN,Brooklyn,240.000000:00,0.592,0.299,0.11,0.214,0.585,0.33,0.086,0.431
0022200048,1610612762,Jazz,UTA,Utah,240.000000:00,0.532,0.172,0.196,0.333,0.483,0.356,0.155,0.418
0022200048,1610612745,Rockets,HOU,Houston,240.000000:00,0.483,0.356,0.155,0.309,0.532,0.172,0.196,0.407
0022200044,1610612755,76ers,PHI,Philadelphia,240.000000:00,0.594,0.35,0.086,0.159,0.489,0.256,0.131,0.382
0022200044,1610612754,Pacers,IND,Indiana,240.000000:00,0.489,0.256,0.131,0.255,0.594,0.35,0.086,0.205
0022200051,1610612757,Trail Blazers,POR,Portland,240.000000:00,0.675,0.373,0.102,0.225,0.56,0.154,0.084,0.245
0022200051,1610612743,Nuggets,DEN,Denver,240.000000:00,0.56,0.154,0.084,0.204,0.675,0.373,0.102,0.275
0022200047,1610612741,Bulls,CHI,Chicago,240.000000:00,0.54,0.333,0.14,0.304,0.46,0.12,0.108,0.25
0022200047,1610612738,Celtics,BOS,Boston,240.000000:00,0.46,0.12,0.108,0.219,0.54,0.333,0.14,0.304
0022200045,1610612761,Raptors,TOR,Toronto,240.000000:00,0.477,0.233,0.124,0.189,0.398,0.325,0.121,0.2
0022200045,1610612748,Heat,MIA,Miami,240.000000:00,0.398,0.325,0.121,0.145,0.477,0.233,0.124,0.226
0022200046,1610612753,Magic,ORL,Orlando,240.000000:00,0.459,0.314,0.133,0.255,0.522,0.269,0.14,0.426
0022200046,1610612752,Knicks,NYK,New York,240.000000:00,0.522,0.269,0.14,0.333,0.459,0.314,0.133,0.294
0022200050,1610612759,Spurs,SAS,San Antonio,240.000000:00,0.514,0.124,0.118,0.226,0.488,0.279,0.156,0.24
0022200050,1610612750,Timberwolves,MIN,Minnesota,240.000000:00,0.488,0.279,0.156,0.2,0.514,0.124,0.118,0.339
0022200040,1610612762,Jazz,UTA,Utah,265.000000:00,0.505,0.286,0.151,0.268,0.51,0.216,0.148,0.382
0022200040,1610612740,Pelicans,NOP,New Orleans,265.000000:00,0.51,0.216,0.148,0.255,0.505,0.286,0.151,0.339
0022200038,1610612766,Hornets,CHA,Charlotte,240.000000:00,0.583,0.333,0.136,0.298,0.453,0.295,0.116,0.333
0022200038,1610612737,Hawks,ATL,Atlanta,240.000000:00,0.453,0.295,0.116,0.267,0.583,0.333,0.136,0.362
0022200037,1610612757,Trail Blazers,POR,Portland,240.000000:00,0.5,0.321,0.186,0.265,0.478,0.217,0.125,0.226
0022200037,1610612747,Lakers,LAL,Los Angeles,240.000000:00,0.478,0.217,0.125,0.189,0.5,0.321,0.186,0.327
0022200042,1610612758,Kings,SAC,Sacramento,240.000000:00,0.525,0.25,0.14,0.245,0.598,0.414,0.118,0.191
0022200042,1610612744,Warriors,GSW,Golden State,240.000000:00,0.598,0.414,0.118,0.128,0.525,0.25,0.14,0.34
0022200041,1610612760,Thunder,OKC,Oklahoma City,240.000000:00,0.484,0.223,0.107,0.193,0.58,0.25,0.149,0.319
0022200041,1610612750,Timberwolves,MIN,Minnesota,240.000000:00,0.58,0.25,0.149,0.255,0.484,0.223,0.107,0.263
0022200039,1610612764,Wizards,WAS,Washington,265.000000:00,0.563,0.172,0.182,0.082,0.495,0.26,0.125,0.339
0022200039,1610612739,Cavaliers,CLE,Cleveland,265.000000:00,0.495,0.26,0.125,0.286,0.563,0.172,0.182,0.286
0022200043,1610612756,Suns,PHX,Phoenix,240.000000:00,0.543,0.129,0.132,0.255,0.494,0.244,0.155,0.204
0022200043,1610612746,Clippers,LAC,LA,240.000000:00,0.494,0.244,0.155,0.184,0.543,0.129,0.132,0.314
0022200036,1610612758,Kings,SAC,Sacramento,240.000000:00,0.553,0.306,0.121,0.188,0.562,0.272,0.132,0.19
0022200036,1610612746,Clippers,LAC,LA,240.000000:00,0.562,0.272,0.132,0.119,0.553,0.306,0.121,0.208
0022200029,1610612754,Pacers,IND,Indiana,240.000000:00,0.515,0.233,0.105,0.323,0.484,0.316,0.133,0.371
0022200029,1610612765,Pistons,DET,Detroit,240.000000:00,0.484,0.316,0.133,0.274,0.515,0.233,0.105,0.371
0022200031,1610612761,Raptors,TOR,Toronto,240.000000:00,0.506,0.322,0.062,0.151,0.572,0.355,0.163,0.275
0022200031,1610612748,Heat,MIA,Miami,240.000000:00,0.572,0.355,0.163,0.15,0.506,0.322,0.062,0.245
0022200035,1610612760,Thunder,OKC,Oklahoma City,240.000000:00,0.527,0.245,0.121,0.179,0.612,0.365,0.167,0.264
0022200035,1610612743,Nuggets,DEN,Denver,240.000000:00,0.612,0.365,0.167,0.17,0.527,0.245,0.121,0.268
0022200034,1610612763,Grizzlies,MEM,Memphis,240.000000:00,0.487,0.304,0.177,0.122,0.594,0.4,0.142,0.438
0022200034,1610612742,Mavericks,DAL,Dallas,240.000000:00,0.594,0.4,0.142,0.313,0.487,0.304,0.177,0.204
0022200028,1610612759,Spurs,SAS,San Antonio,240.000000:00,0.573,0.169,0.143,0.245,0.5,0.333,0.125,0.347
0022200028,1610612755,76ers,PHI,Philadelphia,240.000000:00,0.5,0.333,0.125,0.245,0.573,0.169,0.143,0.347
0022200032,1610612739,Cavaliers,CLE,Cleveland,240.000000:00,0.659,0.212,0.175,0.211,0.446,0.298,0.105,0.192
0022200032,1610612741,Bulls,CHI,Chicago,240.000000:00,0.446,0.298,0.105,0.192,0.659,0.212,0.175,0.342
0022200030,1610612753,Magic,ORL,Orlando,240.000000:00,0.553,0.242,0.088,0.226,0.592,0.322,0.08,0.191
0022200030,1610612738,Celtics,BOS,Boston,240.000000:00,0.592,0.322,0.08,0.149,0.553,0.242,0.088,0.321
0022200033,1610612749,Bucks,MIL,Milwaukee,240.000000:00,0.659,0.247,0.156,0.19,0.473,0.237,0.138,0.311
0022200033,1610612745,Rockets,HOU,Houston,240.000000:00,0.473,0.237,0.138,0.246,0.659,0.247,0.156,0.238
0022200018,1610612759,Spurs,SAS,San Antonio,240.000000:00,0.648,0.543,0.154,0.163,0.543,0.212,0.138,0.377
0022200018,1610612754,Pacers,IND,Indiana,240.000000:00,0.543,0.212,0.138,0.264,0.648,0.543,0.154,0.209
0022200020,1610612753,Magic,ORL,Orlando,240.000000:00,0.463,0.375,0.186,0.204,0.522,0.18,0.163,0.286
0022200020,1610612737,Hawks,ATL,Atlanta,240.000000:00,0.522,0.18,0.163,0.184,0.463,0.375,0.186,0.224
0022200017,1610612740,Pelicans,NOP,New Orleans,240.000000:00,0.517,0.416,0.151,0.313,0.521,0.144,0.132,0.264
0022200017,1610612766,Hornets,CHA,Charlotte,240.000000:00,0.521,0.144,0.132,0.208,0.517,0.416,0.151,0.417
0022200023,1610612752,Knicks,NYK,New York,240.000000:00,0.611,0.232,0.114,0.22,0.483,0.356,0.141,0.31
0022200023,1610612765,Pistons,DET,Detroit,240.000000:00,0.483,0.356,0.141,0.224,0.611,0.232,0.114,0.28
0022200024,1610612763,Grizzlies,MEM,Memphis,240.000000:00,0.556,0.296,0.113,0.298,0.559,0.323,0.131,0.357
0022200024,1610612745,Rockets,HOU,Houston,240.000000:00,0.559,0.323,0.131,0.232,0.556,0.296,0.113,0.386
0022200027,1610612757,Trail Blazers,POR,Portland,265.000000:00,0.5,0.439,0.198,0.265,0.511,0.223,0.153,0.283
0022200027,1610612756,Suns,PHX,Phoenix,265.000000:00,0.511,0.223,0.153,0.17,0.5,0.439,0.198,0.306
0022200022,1610612748,Heat,MIA,Miami,240.000000:00,0.5,0.163,0.102,0.216,0.608,0.19,0.214,0.342
0022200022,1610612738,Celtics,BOS,Boston,240.000000:00,0.608,0.19,0.214,0.316,0.5,0.163,0.102,0.314
0022200019,1610612764,Wizards,WAS,Washington,240.000000:00,0.575,0.138,0.176,0.128,0.462,0.418,0.135,0.229
0022200019,1610612741,Bulls,CHI,Chicago,240.000000:00,0.462,0.418,0.135,0.208,0.575,0.138,0.176,0.179
0022200021,1610612761,Raptors,TOR,Toronto,240.000000:00,0.554,0.214,0.152,0.167,0.556,0.363,0.14,0.277
0022200021,1610612751,Nets,BKN,Brooklyn,240.000000:00,0.556,0.363,0.14,0.277,0.554,0.214,0.152,0.292
0022200026,1610612744,Warriors,GSW,Golden State,240.000000:00,0.563,0.307,0.17,0.146,0.622,0.291,0.19,0.286
0022200026,1610612743,Nuggets,DEN,Denver,240.000000:00,0.622,0.291,0.19,0.286,0.563,0.307,0.17,0.292
0022200025,1610612762,Jazz,UTA,Utah,265.000000:00,0.532,0.189,0.114,0.284,0.509,0.215,0.172,0.41
0022200025,1610612750,Timberwolves,MIN,Minnesota,265.000000:00,0.509,0.215,0.172,0.344,0.532,0.189,0.114,0.358
0022200015,1610612755,76ers,PHI,Philadelphia,240.000000:00,0.464,0.157,0.108,0.125,0.482,0.167,0.144,0.212
0022200015,1610612749,Bucks,MIL,Milwaukee,240.000000:00,0.482,0.167,0.144,0.135,0.464,0.157,0.108,0.125
0022200016,1610612747,Lakers,LAL,Los Angeles,240.000000:00,0.399,0.277,0.093,0.123,0.519,0.388,0.216,0.283
0022200016,1610612746,Clippers,LAC,LA,240.000000:00,0.519,0.388,0.216,0.217,0.399,0.277,0.093,0.2
0022200004,1610612764,Wizards,WAS,Washington,240.000000:00,0.516,0.261,0.161,0.275,0.479,0.216,0.137,0.29
0022200004,1610612754,Pacers,IND,Indiana,240.000000:00,0.479,0.216,0.137,0.194,0.516,0.261,0.161,0.353
0022200010,1610612760,Thunder,OKC,Oklahoma City,240.000000:00,0.455,0.222,0.131,0.254,0.468,0.351,0.129,0.3
0022200010,1610612750,Timberwolves,MIN,Minnesota,240.000000:00,0.468,0.351,0.129,0.233,0.455,0.222,0.131,0.317
0022200011,1610612759,Spurs,SAS,San Antonio,240.000000:00,0.439,0.212,0.137,0.23,0.58,0.245,0.143,0.333
0022200011,1610612766,Hornets,CHA,Charlotte,240.000000:00,0.58,0.245,0.143,0.292,0.439,0.212,0.137,0.295
0022200006,1610612740,Pelicans,NOP,New Orleans,240.000000:00,0.549,0.245,0.124,0.375,0.506,0.27,0.15,0.226
0022200006,1610612751,Nets,BKN,Brooklyn,240.000000:00,0.506,0.27,0.15,0.17,0.549,0.245,0.124,0.429
0022200014,1610612758,Kings,SAC,Sacramento,240.000000:00,0.559,0.224,0.152,0.085,0.506,0.375,0.107,0.264
0022200014,1610612757,Trail Blazers,POR,Portland,240.000000:00,0.506,0.375,0.107,0.208,0.559,0.224,0.152,0.234
0022200008,1610612761,Raptors,TOR,Toronto,240.000000:00,0.494,0.372,0.129,0.226,0.558,0.299,0.173,0.195
0022200008,1610612739,Cavaliers,CLE,Cleveland,240.000000:00,0.558,0.299,0.173,0.146,0.494,0.372,0.129,0.321
0022200007,1610612748,Heat,MIA,Miami,240.000000:00,0.538,0.35,0.184,0.174,0.511,0.301,0.138,0.304
0022200007,1610612741,Bulls,CHI,Chicago,240.000000:00,0.511,0.301,0.138,0.214,0.538,0.35,0.184,0.196
0022200012,1610612762,Jazz,UTA,Utah,240.000000:00,0.602,0.373,0.189,0.25,0.512,0.217,0.206,0.25
0022200012,1610612743,Nuggets,DEN,Denver,240.000000:00,0.512,0.217,0.206,0.227,0.602,0.373,0.189,0.409
0022200005,1610612745,Rockets,HOU,Houston,240.000000:00,0.474,0.153,0.152,0.268,0.539,0.267,0.085,0.128
0022200005,1610612737,Hawks,ATL,Atlanta,240.000000:00,0.539,0.267,0.085,0.085,0.474,0.153,0.152,0.304
0022200013,1610612756,Suns,PHX,Phoenix,240.000000:00,0.518,0.259,0.122,0.17,0.56,0.453,0.124,0.217
0022200013,1610612742,Mavericks,DAL,Dallas,240.000000:00,0.56,0.453,0.124,0.109,0.518,0.259,0.122,0.255
0022200003,1610612753,Magic,ORL,Orlando,240.000000:00,0.552,0.221,0.176,0.213,0.5,0.255,0.123,0.293
0022200003,1610612765,Pistons,DET,Detroit,240.000000:00,0.5,0.255,0.123,0.207,0.552,0.221,0.176,0.277
0022200009,1610612752,Knicks,NYK,New York,265.000000:00,0.445,0.165,0.108,0.265,0.468,0.213,0.125,0.4
0022200009,1610612763,Grizzlies,MEM,Memphis,265.000000:00,0.468,0.213,0.125,0.286,0.445,0.165,0.108,0.324
0022200001,1610612755,76ers,PHI,Philadelphia,240.000000:00,0.581,0.35,0.137,0.095,0.634,0.341,0.111,0.256
0022200001,1610612738,Celtics,BOS,Boston,240.000000:00,0.634,0.341,0.111,0.154,0.581,0.35,0.137,0.19
0022200002,1610612747,Lakers,LAL,Los Angeles,240.000000:00,0.479,0.266,0.186,0.158,0.535,0.232,0.155,0.281
0022200002,1610612744,Warriors,GSW,Golden State,240.000000:00,0.535,0.232,0.155,0.193,0.479,0.266,0.186,0.246
